tick,episode,frame_sha16,turn,forward,attack,total_spikes,DNp20_R_10059,DNp20_L_10162,MN9_L_10331,DNa02_R_10360,DNpe017_L_10527,MDN_R_10763,DNp09_L_10783,DNp09_R_11177,MDN_L_11288,MDN_R_11332,MDN_L_12348,MN9_R_16949,DNa02_L_523769,DNpe017_R_555871
1,1,1fd48474a6be9a50,0.0,3.478845,1,13261,1,1,0,0,0,0,0,0,0,0,0,0,0,1
2,1,0b198662efcfc49a,1.044151,6.096642,1,15510,1,0,0,0,1,0,0,0,0,0,0,0,0,0
3,1,fcbdd03152747088,0.784431,15.016713,1,13660,1,1,0,0,1,0,0,0,0,0,0,0,0,2
4,1,c7b8a2a9fab59ea4,0.589314,14.76034,1,14292,1,1,0,0,1,0,0,0,0,0,0,0,0,0
5,1,241e6acbb414e8f5,1.486383,14.567736,1,14144,1,0,0,0,0,0,0,0,0,0,0,0,0,1
6,1,fc64a472a0076c97,1.117781,17.916148,1,14247,1,1,0,0,1,0,0,0,0,0,0,0,0,1
7,1,1e870741cfb1004d,1.8834,13.459733,0,14091,1,0,0,0,0,0,0,0,0,0,0,0,0,0
8,1,bf57db00a494f005,2.458582,17.069483,1,14398,2,1,0,0,1,0,0,0,0,0,0,0,0,1
9,1,b9cebc1ba6e23f90,1.848889,19.797498,1,13927,1,1,0,0,1,0,0,0,0,0,0,0,0,1
10,1,e665c14bbc29de1b,1.389001,20.0,1,14026,1,1,0,0,1,0,0,0,0,0,0,0,0,1
11,1,e769dc1986223560,2.087158,19.879515,1,14402,1,0,0,0,0,0,0,0,0,0,0,0,0,1
12,1,1dc6f86b0f28f527,1.568004,18.413581,1,14034,1,1,0,0,1,0,0,0,0,0,0,0,0,0
13,1,4ee3e088ad4a8ac0,1.179161,20.0,1,14107,1,1,0,0,1,0,0,0,0,0,0,0,0,1
14,1,455d9bfb5b7a8dc6,1.929513,19.111327,1,14047,1,0,0,0,0,0,0,0,0,0,0,0,0,1
15,1,4bbe4da8ebeb3fc6,2.493224,20.0,1,13927,2,1,0,0,1,0,0,0,0,0,0,0,0,1
16,1,e1c598fb2eccb0ab,1.87494,20.0,1,14017,1,1,0,0,1,0,0,0,0,0,0,0,0,1
17,1,1ea3379f3547fd92,1.408573,20.0,1,14089,1,1,0,0,1,0,0,0,0,0,0,0,0,0
18,1,f2433026cfae9a47,2.101861,19.068062,1,13963,1,0,0,0,0,0,0,0,0,0,0,0,0,1
19,1,d0cc26dd4ca1a8f2,1.57905,20.0,1,14159,1,1,0,0,1,0,0,0,0,0,0,0,0,1
20,1,38a3c7ee0e61cf29,1.187468,20.0,1,13971,1,1,0,0,1,0,0,0,0,0,0,0,0,1
21,1,e64373de38c1d3e1,0.8921,20.0,1,13822,1,1,0,0,1,0,0,0,0,0,0,0,0,0
22,1,7addd6445d78c1a4,2.757508,19.054267,1,13894,2,0,0,0,0,0,0,0,0,0,0,0,0,1
23,1,32a2c7ad3446fe7a,2.073686,17.809582,1,13876,1,1,0,0,1,0,0,0,0,0,0,0,0,0
24,1,c2ddba3954d1d184,1.557882,20.0,1,13898,1,1,0,0,1,0,0,0,0,0,0,0,0,1
25,1,6665faed5439f816,2.214032,18.757545,1,13854,1,0,0,0,0,0,0,0,0,0,0,0,0,1
26,1,e2ced52540714a46,1.66332,17.570687,1,13885,1,1,0,0,1,0,0,0,0,0,0,0,0,0
27,1,609fe1b042bd7177,2.294991,20.0,1,13825,2,1,0,0,1,0,0,0,0,0,0,0,0,1
28,1,a841332a0fc6c3b7,1.724141,18.635125,1,13881,1,1,0,0,0,0,0,0,0,0,0,0,0,1
29,1,55f4672a66ea5f47,2.338936,20.0,1,13897,1,0,0,0,1,0,0,0,0,0,0,0,0,1
30,1,c0bd9a34ec0d85ea,1.758913,20.0,1,13995,1,1,0,0,1,0,0,0,0,0,0,0,0,1
31,1,aabefe6d1a5d48da,1.321406,20.0,1,13730,1,1,0,0,1,0,0,0,0,0,0,0,0,0
32,1,1adb77769bb8b4f3,2.036376,18.91622,1,13907,1,0,0,0,0,0,0,0,0,0,0,0,0,1
33,1,a846133f73861c83,1.529853,17.689894,1,13786,1,1,0,0,1,0,0,0,0,0,0,0,0,0
34,1,cfa8b1cf2d33ed9a,2.194622,16.783554,1,13976,1,0,0,0,0,0,0,0,0,0,0,0,0,1
35,1,10999707da36a12f,2.692391,19.566546,1,13857,2,1,0,0,1,0,0,0,0,0,0,0,0,1
36,1,34b7a6e5fe8596ce,2.022693,20.0,1,14019,1,1,0,0,1,0,0,0,0,0,0,0,0,1
37,1,a2076ecd533fd97d,2.565244,16.286601,0,13851,1,0,0,0,0,0,0,0,0,0,0,0,0,0
38,1,7c306d0aa9eb8d48,1.927172,19.193203,1,13924,1,1,0,0,1,0,0,0,0,0,0,0,0,1
39,1,4299b7b28708007a,2.491466,14.419136,0,13874,1,0,0,0,0,0,0,0,0,0,0,0,0,0
40,1,e37137cca5879e3d,1.871745,17.790247,1,13904,1,1,0,0,1,0,0,0,0,0,0,0,0,1
41,1,83ac982daf0f5cdb,1.407579,16.859021,1,13866,1,1,0,0,1,0,0,0,0,0,0,0,0,0
42,1,6d3e74a1c3c2f618,1.057461,19.623241,1,13897,1,1,0,0,1,0,0,0,0,0,0,0,0,1
43,1,84bff23ce59350e2,1.838085,20.0,1,13989,2,1,0,0,1,0,0,0,0,0,0,0,0,1
44,1,2b6c921539b5768b,2.426416,19.799133,1,14108,1,0,0,0,0,0,0,0,0,0,0,0,0,1
45,1,0978b21bf001cc8f,1.822876,18.353193,1,13925,1,1,0,0,1,0,0,0,0,0,0,0,0,0
46,1,df76ccae0d57b265,1.369458,20.0,1,14062,1,1,0,0,1,0,0,0,0,0,0,0,0,1
47,1,5f0a318ba0eec9dd,1.028823,19.064356,1,13855,1,1,0,0,1,0,0,0,0,0,0,0,0,0
48,1,bbea280c4443ece7,1.81784,17.817169,1,14069,1,0,0,0,0,0,0,0,0,0,0,0,0,1
49,1,770cc58a6b328c75,2.409329,20.0,1,13936,2,1,0,0,1,0,0,0,0,0,0,0,0,1
50,1,9e4ceafbb666acca,1.810039,20.0,1,14051,1,1,0,0,1,0,0,0,0,0,0,0,0,1
51,1,b9acb191b89c8af8,1.361175,20.0,1,13818,1,1,0,0,1,0,0,0,0,0,0,0,0,0
52,1,b2a2c7e3fefe743e,1.0226,20.0,1,13987,1,1,0,0,1,0,0,0,0,0,0,0,0,1
53,1,ff4e2fdbd305bd8b,1.811894,16.631117,0,13929,1,0,0,0,0,0,0,0,0,0,0,0,0,0
54,1,9f64605041841356,1.361208,19.452025,1,13916,1,1,0,0,1,0,0,0,0,0,0,0,0,1
55,1,81ef705e79fae672,1.023648,18.108702,1,13971,1,1,0,0,1,0,0,0,0,0,0,0,0,0
56,1,0c2220d44e86f459,0.769029,20.0,1,13949,1,1,0,0,1,0,0,0,0,0,0,0,0,1
57,1,630400019cf8816c,0.577742,18.926366,1,13785,1,1,0,0,1,0,0,0,0,0,0,0,0,0
58,1,024e84ca1e780bb5,1.478621,17.713399,1,13780,1,0,0,0,0,0,0,0,0,0,0,0,0,1
59,1,c8319945852a59c1,1.110833,20.0,1,13960,1,1,0,0,1,0,0,0,0,0,0,0,0,1
60,1,6cf3b92a867c9565,0.834527,18.703259,1,14115,1,1,0,0,1,0,0,0,0,0,0,0,0,0
61,1,1fe7620f9d7eb6fc,1.670602,17.529904,1,14107,1,0,0,0,0,0,0,0,0,0,0,0,0,1
62,1,7513f4122d65f9bb,1.256317,20.0,1,13976,1,1,0,0,1,0,0,0,0,0,0,0,0,1
63,1,c0754b9c2548c57b,1.987477,15.13324,0,14359,1,0,0,0,0,0,0,0,0,0,0,0,0,0
64,1,a2213d5ed65bc168,1.493117,18.326726,1,14083,1,1,0,0,1,0,0,0,0,0,0,0,0,1
65,1,c26d37eb7a8e419e,2.166996,20.0,1,13920,2,1,0,0,1,0,0,0,0,0,0,0,0,1
66,1,f8e9b715c8973cc2,2.671636,19.062257,1,14083,1,0,0,0,0,0,0,0,0,0,0,0,0,1
67,1,a884fc7fc2a03f85,2.007101,17.799606,1,13840,1,1,0,0,1,0,0,0,0,0,0,0,0,0
68,1,30ec1cd6e72cbc8b,1.50786,20.0,1,14075,1,1,0,0,1,0,0,0,0,0,0,0,0,1
69,1,b6e187ba6f519007,1.133932,18.768852,1,13900,1,1,0,0,0,0,0,0,0,0,0,0,0,1
70,1,7a1292cf2961094e,1.895534,17.579181,1,13623,1,0,0,0,1,0,0,0,0,0,0,0,0,0
71,1,adf1db3a6bce99b8,1.424044,20.0,1,13727,1,1,0,0,1,0,0,0,0,0,0,0,0,1
72,1,6d8edc1a7364d164,1.070901,18.644321,1,13391,1,1,0,0,1,0,0,0,0,0,0,0,0,0
73,1,2b8afdee2b55513e,1.848181,17.485626,1,13628,1,0,0,0,0,0,0,0,0,0,0,0,0,1
74,1,da32206b88dfc5cf,1.38847,20.0,1,13459,1,1,0,0,1,0,0,0,0,0,0,0,0,1
75,1,d11c6c62ed41fff3,1.043105,18.574705,1,13187,1,1,0,0,1,0,0,0,0,0,0,0,0,0
76,1,b5db4434eac6d0a4,1.828581,17.448945,1,13241,2,1,0,0,0,0,0,0,0,0,0,0,0,1
77,1,aabd49d58ab82e62,2.417398,20.0,1,13140,1,0,0,0,1,0,0,0,0,0,0,0,0,1
78,1,2c53b87a7bb9458a,1.8161,20.0,1,12975,1,1,0,0,1,0,0,0,0,0,0,0,0,1
79,1,76ac7746daeba4bc,2.409884,20.0,1,12736,1,0,0,0,0,0,0,0,0,0,0,0,0,1
80,1,d21d64cdbb58141b,1.810456,18.541297,1,13132,1,1,0,0,1,0,0,0,0,0,0,0,0,0
81,1,7580139d77b60b24,1.360128,20.0,1,12810,1,1,0,0,1,0,0,0,0,0,0,0,0,1
82,1,30957bd3bd955631,1.021813,19.170521,1,13077,1,1,0,0,1,0,0,0,0,0,0,0,0,0
83,1,fc279a819a8c0e89,0.768418,17.897007,1,13249,1,1,0,0,0,0,0,0,0,0,0,0,0,1
84,1,5cdc229c80190563,1.620937,16.924197,1,12857,1,0,0,0,1,0,0,0,0,0,0,0,0,0
85,1,96eb54127b666ea3,1.217749,19.672205,1,13458,1,1,0,0,1,0,0,0,0,0,0,0,0,1
86,1,95a1ec1d83602244,0.915765,18.274281,1,13288,1,1,0,0,1,0,0,0,0,0,0,0,0,0
87,1,e6814e08e7875ea4,0.68798,20.0,1,13494,1,1,0,0,1,0,0,0,0,0,0,0,0,1
88,1,d45e9a765abc53cb,1.560507,15.540974,0,13378,1,0,0,0,0,0,0,0,0,0,0,0,0,0
89,1,d16d1150d4b3072d,1.172351,18.633042,1,13396,1,1,0,0,1,0,0,0,0,0,0,0,0,1
90,1,306eb54bba610845,0.881624,17.492815,1,13539,1,1,0,0,1,0,0,0,0,0,0,0,0,0
91,1,ea7c6cba51dd485d,1.705985,16.620542,1,13623,1,0,0,0,0,0,0,0,0,0,0,0,0,1
92,1,3793d752dcb3f2ee,1.281643,15.965237,1,13610,1,1,0,0,1,0,0,0,0,0,0,0,0,0
93,1,2292822d66f352fc,2.007964,15.486587,1,13649,1,0,0,0,0,0,0,0,0,0,0,0,0,1
94,1,2de8a70823c0d314,1.508508,18.592183,1,13614,1,1,0,0,1,0,0,0,0,0,0,0,0,1
95,1,57b4d799db03b261,2.176939,13.967612,0,13621,1,0,0,0,0,0,0,0,0,0,0,0,0,0
96,1,9986270bbd2fdf43,1.635453,17.451034,1,13723,1,1,0,0,1,0,0,0,0,0,0,0,0,1
97,1,401db9dbcacd875f,1.229884,16.603928,1,13607,1,1,0,0,1,0,0,0,0,0,0,0,0,0
98,1,9edb8edc4d9a28fc,1.967619,15.952755,1,13648,1,0,0,0,0,0,0,0,0,0,0,0,0,1
99,1,b4dd94a98ebf907a,1.478199,15.463553,1,13771,1,1,0,0,1,0,0,0,0,0,0,0,0,0
100,1,1c66d440bda6c2fb,2.155777,18.589816,1,13763,2,1,0,0,1,0,0,0,0,0,0,0,0,1
101,1,ec851fda738ab5d9,2.663208,17.444678,1,13903,1,0,0,0,0,0,0,0,0,0,0,0,0,1
102,1,279e191f347662bf,2.000769,20.0,1,13762,1,1,0,0,1,0,0,0,0,0,0,0,0,1
103,1,85d55b2bdeff38f9,1.503103,18.551594,1,13813,1,1,0,0,1,0,0,0,0,0,0,0,0,0
104,1,64676d8b74fa8145,1.130355,17.431565,1,13917,1,1,0,0,0,0,0,0,0,0,0,0,0,1
105,1,3a80efd52d37f810,1.892847,16.574528,1,13830,1,0,0,0,1,0,0,0,0,0,0,0,0,0
106,1,f1a0b9d818495ce2,1.422025,19.409512,1,13922,1,1,0,0,1,0,0,0,0,0,0,0,0,1
107,1,83dc95a6fb309c75,1.069383,20.0,1,13982,1,1,0,0,1,0,0,0,0,0,0,0,0,1
108,1,dc5c3e13943689d5,1.847041,20.0,1,13775,2,1,0,0,1,0,0,0,0,0,0,0,0,1
109,1,56e17900db738284,2.431266,17.393857,0,14000,1,0,0,0,0,0,0,0,0,0,0,0,0,0
110,1,63342441c2770468,1.826519,20.0,1,14069,1,1,0,0,1,0,0,0,0,0,0,0,0,1
111,1,ec81d4c937725b8a,1.373569,18.53962,1,13994,1,1,0,0,1,0,0,0,0,0,0,0,0,0
112,1,a6173ce84be2dacd,2.075564,17.406968,1,14202,1,0,0,0,0,0,0,0,0,0,0,0,0,1
113,1,6dba720394d4998a,1.559294,20.0,1,14145,1,1,0,0,1,0,0,0,0,0,0,0,0,1
114,1,6e3684564f0fb577,1.172611,18.547027,1,13967,1,1,0,0,1,0,0,0,0,0,0,0,0,0
115,1,8aa76e9cff07a692,1.924592,20.0,1,14043,2,1,0,0,1,0,0,0,0,0,0,0,0,1
116,1,c98921198b4c6df3,1.445874,19.173755,1,14174,1,1,0,0,0,0,0,0,0,0,0,0,0,1
117,1,3f0f7b2a24642672,2.129885,20.0,1,14039,1,0,0,0,1,0,0,0,0,0,0,0,0,1
118,1,1cf413fc9cbdce8b,1.601704,19.545192,1,14303,1,1,0,0,1,0,0,0,0,0,0,0,0,0
119,1,53d737bb83f84e4c,1.2033,20.0,1,14450,1,1,0,0,1,0,0,0,0,0,0,0,0,1
120,1,21c748855782819d,0.903994,19.737115,1,14632,1,1,0,0,1,0,0,0,0,0,0,0,0,0
121,1,727245de49a60daf,1.723967,18.323093,1,14695,1,0,0,0,0,0,0,0,0,0,0,0,0,1
122,1,b07fa2df169f847c,1.295152,17.2443,1,14627,1,1,0,0,1,0,0,0,0,0,0,0,0,0
123,1,caf6d9b7d153338d,0.972999,19.912687,1,14821,1,1,0,0,1,0,0,0,0,0,0,0,0,1
124,1,24564dfab467bda6,1.774631,18.438502,1,14435,1,0,0,0,0,0,0,0,0,0,0,0,0,1
125,1,341dedc3933eec07,1.334548,20.0,1,14572,1,1,0,0,1,0,0,0,0,0,0,0,0,1
126,1,2ffd3730867fce80,2.046249,19.125406,1,14438,2,1,0,0,1,0,0,0,0,0,0,0,0,0
127,1,b4524582e80355ad,2.580924,17.847047,1,14614,1,0,0,0,0,0,0,0,0,0,0,0,0,1
128,1,cdb6ca75ea5347ed,1.940892,20.0,1,14488,1,1,0,0,1,0,0,0,0,0,0,0,0,1
129,1,49919a08c9d83e31,1.458119,18.791257,1,14535,1,1,0,0,0,0,0,0,0,0,0,0,0,1
130,1,fc52517f8e2b9ae7,2.139084,17.596014,1,14554,1,0,0,0,1,0,0,0,0,0,0,0,0,0
131,1,cdf03e67a55b8575,1.607014,20.0,1,14403,1,1,0,0,1,0,0,0,0,0,0,0,0,1
132,1,711bce34521e46a3,1.208497,18.65383,1,14544,1,1,0,0,1,0,0,0,0,0,0,0,0,0
133,1,63696bb594cfaf30,2.995206,17.49277,1,14218,2,0,0,0,0,0,0,0,0,0,0,0,0,1
134,1,fc994a6578ecfda5,2.250186,20.0,1,14078,1,1,0,0,1,0,0,0,0,0,0,0,0,1
135,1,729d7525e1cc41d3,1.692172,20.0,1,14197,1,1,0,0,1,0,0,0,0,0,0,0,0,1
136,1,8cce2ee80d2c354a,1.271265,20.0,1,14275,1,1,0,0,1,0,0,0,0,0,0,0,0,0
137,1,10f234062986c7cd,0.955054,18.551968,1,14601,1,1,0,0,0,0,0,0,0,0,0,0,0,1
138,1,f367efb6b62f188e,1.76115,20.0,1,14444,1,0,0,0,1,0,0,0,0,0,0,0,0,1
139,1,a935e5c1ea274eb0,1.32441,19.193906,1,14394,1,1,0,0,1,0,0,0,0,0,0,0,0,0
140,1,04faf9668f87bb9a,0.99498,20.0,1,14662,1,1,0,0,1,0,0,0,0,0,0,0,0,1
141,1,d61a94d2e866c81e,1.791144,20.0,1,14346,2,1,0,0,1,0,0,0,0,0,0,0,0,1
142,1,07ce3c461eaa9c32,1.346966,20.0,1,14332,1,1,0,0,1,0,0,0,0,0,0,0,0,1
143,1,8fb83ac5244f69ef,2.055579,18.233623,0,14393,1,0,0,0,0,0,0,0,0,0,0,0,0,0
144,1,66ac373812df008e,1.544279,20.0,1,14440,1,1,0,0,1,0,0,0,0,0,0,0,0,1
145,1,fbb3080cc18f2b5c,1.160159,18.996872,1,14444,1,1,0,0,1,0,0,0,0,0,0,0,0,0
146,1,456039bdc66e6169,0.872456,20.0,1,14342,1,1,0,0,1,0,0,0,0,0,0,0,0,1
147,1,af1d07260b0d0da1,1.699097,20.0,1,14389,2,1,0,0,1,0,0,0,0,0,0,0,0,1
148,1,fa4536b3641411c9,1.276468,17.218719,0,14476,1,1,0,0,0,0,0,0,0,0,0,0,0,0
149,1,59803bfdcaa2484f,2.004073,19.909726,1,14486,1,0,0,0,1,0,0,0,0,0,0,0,0,1
150,1,654e85cb4485ce2f,1.505585,20.0,1,14653,1,1,0,0,1,0,0,0,0,0,0,0,0,1
151,1,ff8d4613c67c06d2,1.13109,19.942856,1,14816,1,1,0,0,1,0,0,0,0,0,0,0,0,0
152,1,86ccb6ec793c60a5,2.937052,18.461167,1,14519,2,0,0,0,0,0,0,0,0,0,0,0,0,1
153,1,728dec6fec44d93d,2.208705,20.0,1,14346,1,1,0,0,1,0,0,0,0,0,0,0,0,1
154,1,ec4b8bee4c6c42cc,1.659318,20.0,1,14793,1,1,0,0,1,0,0,0,0,0,0,0,0,1
155,1,72957c241762380b,2.290237,20.0,1,14745,1,0,0,0,0,0,0,0,0,0,0,0,0,1
156,1,c38ee68cfb6afbf0,1.722291,18.874378,1,14510,1,1,0,0,1,0,0,0,0,0,0,0,0,0
157,1,5285c46db9fcb5f8,2.337546,20.0,1,14460,2,1,0,0,1,0,0,0,0,0,0,0,0,1
158,1,f855aeea87c10eb6,2.799764,19.358511,1,14539,1,0,0,0,0,0,0,0,0,0,0,0,0,1
159,1,a95d192d09978be0,2.103358,20.0,1,14343,1,1,0,0,1,0,0,0,0,0,0,0,0,1
160,1,5f562309adadb08e,1.581755,19.649571,1,14275,1,1,0,0,1,0,0,0,0,0,0,0,0,0
161,1,dbf686bbcbf8fb76,1.188314,18.240833,1,14139,1,1,0,0,0,0,0,0,0,0,0,0,0,1
162,1,32e86dd52a839795,1.936389,17.1825,1,13984,1,0,0,0,1,0,0,0,0,0,0,0,0,0
163,1,9d9a02e7e2352ae6,1.456192,19.882488,1,14142,1,1,0,0,1,0,0,0,0,0,0,0,0,1
164,1,1ac729d7178a2b21,2.137636,18.415815,1,14432,1,0,0,0,0,0,0,0,0,0,0,0,0,1
165,1,a77d901e58bddbdd,2.649579,20.0,1,14185,2,1,0,0,1,0,0,0,0,0,0,0,0,1
166,1,3d16524dc95a1247,1.99053,20.0,1,14239,1,1,0,0,1,0,0,0,0,0,0,0,0,1
167,1,aaf7734d288999cc,2.541057,16.979387,0,14097,1,0,0,0,0,0,0,0,0,0,0,0,0,0
168,1,d5994e6b9d37b9a5,1.909001,19.713668,1,13997,1,1,0,0,1,0,0,0,0,0,0,0,0,1
169,1,99d5b04e9fbd7191,1.434161,20.0,1,13700,1,1,0,0,1,0,0,0,0,0,0,0,0,1
170,1,e7bac8b8e78f2ad0,2.12266,20.0,1,13852,2,1,0,0,1,0,0,0,0,0,0,0,0,1
171,1,e3b5a0ed3aebe11d,2.638329,20.0,1,13593,1,0,0,0,0,0,0,0,0,0,0,0,0,1
172,1,0e2246dfeb03d446,1.982078,19.260126,1,13627,1,1,0,0,1,0,0,0,0,0,0,0,0,0
173,1,824a37d4d5e55e2e,1.489061,20.0,1,13554,1,1,0,0,1,0,0,0,0,0,0,0,0,1
174,1,18d6af459693c1bc,2.163946,19.593987,1,13580,1,0,0,0,0,0,0,0,0,0,0,0,0,1
175,1,4e43cd83baad4988,1.625691,18.199075,1,13434,1,1,0,0,1,0,0,0,0,0,0,0,0,0
176,1,f32b75ad2c57b2d1,1.221321,20.0,1,13340,1,1,0,0,1,0,0,0,0,0,0,0,0,1
177,1,96c1073e35495119,1.962601,15.514034,0,13350,1,0,0,0,0,0,0,0,0,0,0,0,0,0
178,2,1fd48474a6be9a50,1.474429,18.612803,1,14058,1,1,0,0,1,0,0,0,0,0,0,0,0,1
179,2,0b198662efcfc49a,2.151337,13.983103,0,14119,1,0,0,0,0,0,0,0,0,0,0,0,0,0
180,2,fcbdd03152747088,1.616219,17.462672,1,14298,1,1,0,0,1,0,0,0,0,0,0,0,0,1
181,2,c7b8a2a9fab59ea4,2.25957,20.0,1,14193,2,1,0,0,1,0,0,0,0,0,0,0,0,1
182,2,241e6acbb414e8f5,2.741184,18.574101,1,14214,1,0,0,0,0,0,0,0,0,0,0,0,0,1
183,2,fc64a472a0076c97,2.059349,20.0,1,14143,1,1,0,0,1,0,0,0,0,0,0,0,0,1
184,2,1e870741cfb1004d,1.54866,19.206411,1,14072,1,1,0,0,1,0,0,0,0,0,0,0,0,0
185,2,bf57db00a494f005,3.250757,17.907903,1,14257,2,0,0,0,0,0,0,0,0,0,0,0,0,1
186,2,b9cebc1ba6e23f90,2.442172,20.0,1,14035,1,1,0,0,1,0,0,0,0,0,0,0,0,1
187,2,e665c14bbc29de1b,1.834713,20.0,1,14129,1,1,0,0,1,0,0,0,0,0,0,0,0,1
188,2,e769dc1986223560,2.423881,16.763812,0,14095,1,0,0,0,0,0,0,0,0,0,0,0,0,0
189,2,1dc6f86b0f28f527,1.820971,19.551714,1,14226,1,1,0,0,1,0,0,0,0,0,0,0,0,1
190,2,83171efae161e4f9,1.368027,18.167317,1,14048,1,1,0,0,1,0,0,0,0,0,0,0,0,0
191,2,d0f092e334d1b579,2.072927,17.142583,1,14169,1,0,0,0,0,0,0,0,0,0,0,0,0,1
192,2,3c72e9f66e532470,2.600966,19.836271,1,13891,2,1,0,0,1,0,0,0,0,0,0,0,0,1
193,2,1fdd04fc4bd3a35e,1.954008,20.0,1,14131,1,1,0,0,1,0,0,0,0,0,0,0,0,1
194,2,1ea3379f3547fd92,1.467973,19.901398,1,14068,1,1,0,0,1,0,0,0,0,0,0,0,0,0
195,2,f2433026cfae9a47,2.148087,18.446637,1,13946,1,0,0,0,0,0,0,0,0,0,0,0,0,1
196,2,d0cc26dd4ca1a8f2,1.613778,20.0,1,14007,1,1,0,0,1,0,0,0,0,0,0,0,0,1
197,2,38a3c7ee0e61cf29,1.212371,20.0,1,14124,1,1,0,0,1,0,0,0,0,0,0,0,0,1
198,2,e64373de38c1d3e1,3.000021,20.0,1,13858,2,0,0,0,0,0,0,0,0,0,0,0,0,1
199,2,7addd6445d78c1a4,2.253804,18.859422,1,13900,1,1,0,0,1,0,0,0,0,0,0,0,0,0
200,2,32a2c7ad3446fe7a,1.693199,20.0,1,13818,1,1,0,0,1,0,0,0,0,0,0,0,0,1
201,2,c2ddba3954d1d184,1.272037,19.350069,1,13775,1,1,0,0,1,0,0,0,0,0,0,0,0,0
202,2,6665faed5439f816,2.00074,18.03203,1,13895,1,0,0,0,0,0,0,0,0,0,0,0,0,1
203,2,e2ced52540714a46,1.503081,17.025634,1,13872,1,1,0,0,1,0,0,0,0,0,0,0,0,0
204,2,609fe1b042bd7177,1.129209,19.748412,1,13837,1,1,0,0,1,0,0,0,0,0,0,0,0,1
205,2,a841332a0fc6c3b7,0.849181,18.331589,1,13963,1,1,0,0,1,0,0,0,0,0,0,0,0,0
206,2,55f4672a66ea5f47,1.681611,17.250682,1,13810,1,0,0,0,0,0,0,0,0,0,0,0,0,1
207,2,c0bd9a34ec0d85ea,1.263332,19.917481,1,14029,1,1,0,0,1,0,0,0,0,0,0,0,0,1
208,2,aabefe6d1a5d48da,1.992747,18.442104,1,13714,2,1,0,0,0,0,0,0,0,0,0,0,0,1
209,2,3a430dc208632016,2.542725,17.349227,1,13919,1,0,0,0,1,0,0,0,0,0,0,0,0,0
210,2,80aa2168e796d8f4,1.910254,19.991514,1,13908,1,1,0,0,1,0,0,0,0,0,0,0,0,1
211,2,f7ccb287b0e2aba7,1.435103,18.497722,1,14005,1,1,0,0,1,0,0,0,0,0,0,0,0,0
212,2,2112fa62c82cb6c3,2.123368,17.391052,1,13806,1,0,0,0,0,0,0,0,0,0,0,0,0,1
213,2,3716027e174ef615,1.595207,20.0,1,13953,1,1,0,0,1,0,0,0,0,0,0,0,0,1
214,2,8fd2f788f2f79c9f,3.285726,18.521328,1,13746,2,0,0,0,0,0,0,0,0,0,0,0,0,1
215,2,f4366fc4497b611c,2.468443,17.393226,1,13994,1,1,0,0,1,0,0,0,0,0,0,0,0,0
216,2,6d7c972a0c1269ca,2.900455,16.560456,1,13827,1,0,0,0,0,0,0,0,0,0,0,0,0,1
217,2,b5042d9861b5d83b,2.179003,15.920096,1,13982,1,1,0,0,1,0,0,0,0,0,0,0,0,0
218,2,74137b3e5583e005,2.680657,18.917862,1,14017,2,1,0,0,1,0,0,0,0,0,0,0,0,1
219,2,ffefc33e1efd86a3,2.015892,17.707003,1,13855,1,1,0,0,0,0,0,0,0,0,0,0,0,1
220,2,1d5254eeafca635e,2.558118,20.0,1,14083,1,0,0,0,1,0,0,0,0,0,0,0,0,1
221,2,d0c5eddf2b2929a5,1.921818,20.0,1,14049,1,1,0,0,1,0,0,0,0,0,0,0,0,1
222,2,a5d738bf0be729ce,1.44379,20.0,1,13956,1,1,0,0,1,0,0,0,0,0,0,0,0,0
223,2,aead5b3ebfcb2168,1.085751,18.626609,1,13782,1,1,0,0,0,0,0,0,0,0,0,0,0,1
224,2,2b4f56faf5b2875f,1.859337,20.0,1,13940,1,0,0,0,1,0,0,0,0,0,0,0,0,1
225,2,a68ebde868101b3d,2.440504,20.0,1,13949,2,1,0,0,1,0,0,0,0,0,0,0,0,1
226,2,3757800f24515d24,1.835294,20.0,1,13976,1,1,0,0,1,0,0,0,0,0,0,0,0,0
227,2,e03a44c5911063b4,2.422441,18.916808,1,13993,1,0,0,0,0,0,0,0,0,0,0,0,0,1
228,2,efd7b834af05a37b,1.819889,20.0,1,14019,1,1,0,0,1,0,0,0,0,0,0,0,0,1
229,2,d88060fdb295cd09,2.410868,20.0,1,14070,2,1,0,0,1,0,0,0,0,0,0,0,0,1
230,2,3394d16c50c2cf94,1.813007,20.0,1,13931,1,1,0,0,1,0,0,0,0,0,0,0,0,1
231,2,68684de43052d6bd,2.405698,18.145268,0,13972,1,0,0,0,0,0,0,0,0,0,0,0,0,0
232,2,66f2a66706e76df3,1.807311,20.0,1,13848,1,1,0,0,1,0,0,0,0,0,0,0,0,1
233,2,6de2ee8a6ade73aa,1.359124,18.964137,1,13918,1,1,0,0,1,0,0,0,0,0,0,0,0,0
234,2,6888aa8dab84401a,1.021059,20.0,1,13796,1,1,0,0,1,0,0,0,0,0,0,0,0,1
235,2,c9dafece607e0f27,1.810737,15.930326,0,13794,1,0,0,0,0,0,0,0,0,0,0,0,0,0
236,2,12599f72770313a4,1.360339,18.925547,1,14208,1,1,0,0,1,0,0,0,0,0,0,0,0,1
237,2,b232d8ebfccda7c0,1.022994,17.712783,1,14153,1,1,0,0,1,0,0,0,0,0,0,0,0,0
238,2,a2c2dac898b48659,1.812191,16.785796,1,14061,1,0,0,0,0,0,0,0,0,0,0,0,0,1
239,2,6d92a34bf1b60cee,1.361431,16.089386,1,14089,1,1,0,0,1,0,0,0,0,0,0,0,0,0
240,2,09c118b98859660d,1.023816,19.060451,1,14095,1,1,0,0,1,0,0,0,0,0,0,0,0,1
241,2,ef26057f91ecd93e,1.812808,14.319404,0,14267,1,0,0,0,0,0,0,0,0,0,0,0,0,0
242,2,57e629ff12069dae,1.361895,17.715322,1,14226,1,1,0,0,1,0,0,0,0,0,0,0,0,1
243,2,8d6145b7f0e4706d,2.066794,20.0,1,14086,2,1,0,0,1,0,0,0,0,0,0,0,0,1
244,2,58fb9f751ef114ab,2.598409,18.721235,1,13976,1,0,0,0,0,0,0,0,0,0,0,0,0,1
245,2,d8dd82b802302061,1.952088,20.0,1,14184,1,1,0,0,1,0,0,0,0,0,0,0,0,1
246,2,c0b879075ea43025,2.510184,15.793233,0,14226,1,0,0,0,0,0,0,0,0,0,0,0,0,0
247,2,1c6333a5ebed9330,1.887694,18.83774,1,15401,1,1,0,0,1,0,0,0,0,0,0,0,0,1
248,2,f17663b562637f4e,2.461807,20.0,1,15020,2,1,0,0,1,0,0,0,0,0,0,0,0,1
249,2,76df3f449401c3fb,1.849464,20.0,1,14850,1,1,0,0,1,0,0,0,0,0,0,0,0,1
250,2,3d353dd712c9a20c,1.389433,20.0,1,14634,1,1,0,0,0,0,0,0,0,0,0,0,0,1
251,2,405594bb89eca942,2.089024,18.987156,1,14445,1,0,0,0,1,0,0,0,0,0,0,0,0,0
252,2,0a953ba8c56082c9,1.569406,20.0,1,15174,1,1,0,0,1,0,0,0,0,0,0,0,0,1
253,2,1b75f90db7f52d0c,2.222689,20.0,1,15015,2,1,0,0,1,0,0,0,0,0,0,0,0,1
254,2,3c69d2229c00c47b,1.671494,20.0,1,14757,1,1,0,0,1,0,0,0,0,0,0,0,0,1
255,2,8b57d807cc4db41f,2.299384,20.0,1,14744,1,0,0,0,0,0,0,0,0,0,0,0,0,1
256,2,30775d298a7a47a6,1.727441,20.0,1,14507,1,1,0,0,1,0,0,0,0,0,0,0,0,1
257,2,c1ef8b130843df43,2.341416,20.0,1,14309,2,1,0,0,1,0,0,0,0,0,0,0,0,0
258,2,30832cf7c727723a,1.760778,19.214977,1,14029,1,1,0,0,0,0,0,0,0,0,0,0,0,1
259,2,17232997fc16eb4e,2.36646,20.0,1,13908,1,0,0,0,1,0,0,0,0,0,0,0,0,1
260,2,bc46e7eb156321e7,1.777833,20.0,1,13798,1,1,0,0,1,0,0,0,0,0,0,0,0,1
261,2,ce4fa241d99b8f1c,2.381106,20.0,1,13598,2,1,0,0,1,0,0,0,0,0,0,0,0,1
262,2,8b58e71189d31dd0,1.788836,20.0,1,13764,1,1,0,0,1,0,0,0,0,0,0,0,0,1
263,2,f920d00c5eb6966c,2.387539,18.930339,0,13810,1,0,0,0,0,0,0,0,0,0,0,0,0,0
264,2,dbb04d0df2ab78b9,1.793669,20.0,1,13806,1,1,0,0,1,0,0,0,0,0,0,0,0,1
265,2,a2b9a2cd80be77dd,1.348865,20.0,1,13667,1,1,0,0,1,0,0,0,0,0,0,0,0,1
266,2,2099aeb0f27744dc,2.057005,17.195028,0,13775,1,0,0,0,0,0,0,0,0,0,0,0,0,0
267,2,669edd3433d854e6,1.545351,19.875671,1,13673,1,1,0,0,1,0,0,0,0,0,0,0,0,1
268,2,457ec6532769076f,1.162126,20.0,1,13498,1,1,0,0,1,0,0,0,0,0,0,0,0,1
269,2,3069c665e7c62547,1.916715,19.937349,1,13668,1,0,0,0,0,0,0,0,0,0,0,0,0,1
270,2,6d6ae8a6897be232,2.48361,18.45703,1,13876,2,1,0,0,1,0,0,0,0,0,0,0,0,0
271,2,40bde7773aae94ab,1.865843,17.344921,1,13946,1,1,0,0,0,0,0,0,0,0,0,0,0,1
272,2,430d28904ac16fa9,2.447291,16.524129,1,13757,1,0,0,0,1,0,0,0,0,0,0,0,0,0
273,2,cbc3295ade18388f,1.838558,19.37165,1,14025,1,1,0,0,1,0,0,0,0,0,0,0,0,1
274,2,b3e550fc71987578,3.468547,18.032041,1,13755,2,0,0,0,0,0,0,0,0,0,0,0,0,1
275,2,f85df4f3c68ee297,2.608397,20.0,1,13677,1,1,0,0,1,0,0,0,0,0,0,0,0,1
276,2,ba25c8a299f44c23,1.959591,15.416927,0,13744,1,1,0,0,0,0,0,0,0,0,0,0,0,0
277,2,db19cb571fd84590,2.515821,18.53985,1,13769,1,0,0,0,1,0,0,0,0,0,0,0,0,1
278,2,592925b1e9a819ea,1.890042,17.407141,1,13876,1,1,0,0,1,0,0,0,0,0,0,0,0,0
279,2,d4473a1e5e161db6,1.421339,20.0,1,13967,1,1,0,0,1,0,0,0,0,0,0,0,0,1
280,2,2bada3d9f516bb0a,2.111452,18.542728,1,14134,1,0,0,0,0,0,0,0,0,0,0,0,0,1
281,2,54a35e3821cd3247,2.629908,20.0,1,14215,2,1,0,0,1,0,0,0,0,0,0,0,0,1
282,2,ebc7f479b6e1bc6c,1.977728,19.188686,1,14098,1,1,0,0,1,0,0,0,0,0,0,0,0,0
283,2,97d02586c450085c,1.485793,20.0,1,14346,1,1,0,0,1,0,0,0,0,0,0,0,0,1
284,2,accf44fcb2d4e826,2.159874,16.05706,0,14151,1,0,0,0,0,0,0,0,0,0,0,0,0,0
285,2,6fa3901c8990f014,1.622633,19.020758,1,14408,1,1,0,0,1,0,0,0,0,0,0,0,0,1
286,2,ba03902ac16b2eb1,1.220243,20.0,1,14228,1,1,0,0,1,0,0,0,0,0,0,0,0,1
287,2,145078b29f29321e,0.916723,19.454357,1,14392,1,1,0,0,1,0,0,0,0,0,0,0,0,0
288,2,29810a19a590c049,2.776006,18.094176,1,14459,2,0,0,0,0,0,0,0,0,0,0,0,0,1
289,2,1d3778885edf0db9,2.087596,20.0,1,14274,1,1,0,0,1,0,0,0,0,0,0,0,0,1
290,2,0b53fa5c47bd00da,1.568333,18.930875,1,14532,1,1,0,0,1,0,0,0,0,0,0,0,0,0
291,2,a87ebeb75f2d9ad6,1.17823,20.0,1,14437,1,1,0,0,1,0,0,0,0,0,0,0,0,1
292,2,37d6e4658d05db6e,0.88516,19.390397,1,14593,1,1,0,0,1,0,0,0,0,0,0,0,0,0
293,2,15e29fd0daebcedb,0.665653,20.0,1,14500,1,1,0,0,1,0,0,0,0,0,0,0,0,1
294,2,6373faff69d97503,0.50008,19.663189,1,14415,1,1,0,0,1,0,0,0,0,0,0,0,0,0
295,2,3906d25446bd22a0,0.375692,18.251063,1,14868,1,1,0,0,0,0,0,0,0,0,0,0,0,1
296,2,1a752452acefb664,1.326676,17.205561,1,15025,1,0,0,0,1,0,0,0,0,0,0,0,0,0
297,2,93485c0aae1d24b2,2.040335,19.883584,1,15210,2,1,0,0,1,0,0,0,0,0,0,0,0,1
298,2,bb540d3b398aa3e2,1.532828,20.0,1,15224,1,1,0,0,1,0,0,0,0,0,0,0,0,1
299,2,89b4eb36b08464dd,2.19521,19.928102,1,15023,1,0,0,0,0,0,0,0,0,0,0,0,0,1
300,2,7d4877bb595891be,1.650829,20.0,1,15116,1,1,0,0,1,0,0,0,0,0,0,0,0,1
301,2,ec82bcc6cbd946ff,1.240206,19.966971,1,15010,1,1,0,0,1,0,0,0,0,0,0,0,0,0
302,2,5e2c6fac9a34b4a5,3.019027,18.479283,1,15001,2,0,0,0,0,0,0,0,0,0,0,0,0,1
303,2,3a26502348b767b8,2.270351,20.0,1,14945,1,1,0,0,1,0,0,0,0,0,0,0,0,1
304,2,9b5a41fbe30ecf8b,1.70563,19.148446,1,14991,1,1,0,0,1,0,0,0,0,0,0,0,0,0
305,2,daec175439ad4edc,2.32503,17.864356,1,14862,1,0,0,0,0,0,0,0,0,0,0,0,0,1
306,2,8603ff2c83fbffc5,1.746708,20.0,1,14822,1,1,0,0,1,0,0,0,0,0,0,0,0,1
307,2,bf31c200e5bdc578,3.40185,18.805433,1,14735,2,0,0,0,0,0,0,0,0,0,0,0,0,1
308,2,551af925d67552ad,2.555683,17.606663,1,14664,1,1,0,0,1,0,0,0,0,0,0,0,0,0
309,2,7f3b4615fc9588e8,1.919989,20.0,1,14503,1,1,0,0,1,0,0,0,0,0,0,0,0,1
310,2,640f8f6ba6fdcee3,1.443859,15.179345,0,14535,1,1,0,0,0,0,0,0,0,0,0,0,0,0
311,2,2675e5932d550a5f,2.128371,18.361364,1,14499,1,0,0,0,1,0,0,0,0,0,0,0,0,1
312,2,b4eb8cbd6757e599,2.642619,20.0,1,14578,2,1,0,0,1,0,0,0,0,0,0,0,0,1
313,2,5e026c4bc67dc1d8,1.985301,20.0,1,14300,1,1,0,0,1,0,0,0,0,0,0,0,0,1
314,2,dbb94eca4daa2265,1.492974,20.0,1,14468,1,1,0,0,1,0,0,0,0,0,0,0,0,1
315,2,10c97e2e3f517bf5,2.165269,17.968158,0,14386,1,0,0,0,0,0,0,0,0,0,0,0,0,0
316,2,f682f5413b96c21b,2.670339,20.0,1,14281,2,1,0,0,1,0,0,0,0,0,0,0,0,1
317,2,86ad14d29d593c49,2.008133,20.0,1,14335,1,1,0,0,1,0,0,0,0,0,0,0,0,1
318,2,3316b6cc90706316,2.552289,20.0,1,14199,1,0,0,0,0,0,0,0,0,0,0,0,0,1
319,2,6668ce7a306b88dc,1.917439,18.703551,1,14130,1,1,0,0,1,0,0,0,0,0,0,0,0,0
320,2,524b544f06bfa749,1.4405,20.0,1,14140,1,1,0,0,1,0,0,0,0,0,0,0,0,1
321,2,1c59144223bd1858,1.083277,19.279545,1,13967,1,1,0,0,1,0,0,0,0,0,0,0,0,0
322,2,7b200062ee4b7ab6,1.857479,17.962846,1,14042,1,0,0,0,0,0,0,0,0,0,0,0,0,1
323,2,c0c5d36b0def8381,2.439108,20.0,1,14004,2,1,0,0,1,0,0,0,0,0,0,0,0,1
324,2,aaddbfc70778ac4d,1.834244,18.861076,1,13746,1,1,0,0,1,0,0,0,0,0,0,0,0,0
325,2,9461ad372d8bddf3,2.421652,17.648466,1,13842,1,0,0,0,0,0,0,0,0,0,0,0,0,1
326,2,8de1ffe386d93d55,1.819297,16.737477,1,13722,1,1,0,0,1,0,0,0,0,0,0,0,0,0
327,3,1fd48474a6be9a50,2.410423,16.053085,1,14152,1,0,0,0,0,0,0,0,0,0,0,0,0,1
328,3,0b198662efcfc49a,1.812672,15.552651,1,14108,1,1,0,0,1,0,0,0,0,0,0,0,0,0
329,3,fcbdd03152747088,1.361793,18.641814,1,14291,1,1,0,0,1,0,0,0,0,0,0,0,0,1
330,3,c7b8a2a9fab59ea4,2.066718,14.004898,0,14231,1,0,0,0,0,0,0,0,0,0,0,0,0,0
331,3,241e6acbb414e8f5,1.554201,17.492886,1,14276,1,1,0,0,1,0,0,0,0,0,0,0,0,1
332,3,fc64a472a0076c97,3.25492,16.620596,1,14126,2,0,0,0,0,0,0,0,0,0,0,0,0,1
333,3,1e870741cfb1004d,2.4453,19.444122,1,14195,1,1,0,0,1,0,0,0,0,0,0,0,0,1
334,3,bf57db00a494f005,1.837062,18.086486,1,14137,1,1,0,0,1,0,0,0,0,0,0,0,0,0
335,3,b9cebc1ba6e23f90,2.425647,17.081797,1,13921,1,0,0,0,0,0,0,0,0,0,0,0,0,1
336,3,e665c14bbc29de1b,1.822298,16.31176,1,14168,1,1,0,0,1,0,0,0,0,0,0,0,0,0
337,3,e769dc1986223560,1.369025,19.212105,1,14326,1,1,0,0,1,0,0,0,0,0,0,0,0,1
338,3,1dc6f86b0f28f527,2.073676,17.928278,1,14056,1,0,0,0,0,0,0,0,0,0,0,0,0,1
339,3,83171efae161e4f9,2.601529,20.0,1,14183,2,1,0,0,1,0,0,0,0,0,0,0,0,1
340,3,d0f092e334d1b579,1.954431,20.0,1,14121,1,1,0,0,1,0,0,0,0,0,0,0,0,1
341,3,3c72e9f66e532470,1.468291,20.0,1,13988,1,1,0,0,1,0,0,0,0,0,0,0,0,0
342,3,1fdd04fc4bd3a35e,2.148326,18.697165,1,13931,1,0,0,0,0,0,0,0,0,0,0,0,0,1
343,3,1ea3379f3547fd92,1.613957,20.0,1,13846,1,1,0,0,1,0,0,0,0,0,0,0,0,1
344,3,f2433026cfae9a47,2.256159,20.0,1,14112,2,1,0,0,1,0,0,0,0,0,0,0,0,1
345,3,d0cc26dd4ca1a8f2,1.696664,20.0,1,14171,1,1,0,0,1,0,0,0,0,0,0,0,0,1
346,3,38a3c7ee0e61cf29,2.318294,18.075232,0,13821,1,0,0,0,0,0,0,0,0,0,0,0,0,0
347,3,e64373de38c1d3e1,1.741647,20.0,1,14005,1,1,0,0,1,0,0,0,0,0,0,0,0,1
348,3,7addd6445d78c1a4,1.308434,18.907476,1,13885,1,1,0,0,1,0,0,0,0,0,0,0,0,0
349,3,32a2c7ad3446fe7a,3.072262,17.699193,1,13802,2,0,0,0,0,0,0,0,0,0,0,0,0,1
350,3,c2ddba3954d1d184,2.308076,20.0,1,13846,1,1,0,0,1,0,0,0,0,0,0,0,0,1
351,3,6665faed5439f816,1.733971,18.695242,1,13939,1,1,0,0,1,0,0,0,0,0,0,0,0,0
352,3,e2ced52540714a46,1.303971,20.0,1,13786,1,1,0,0,1,0,0,0,0,0,0,0,0,1
353,3,609fe1b042bd7177,0.979625,20.0,1,13915,1,1,0,0,1,0,0,0,0,0,0,0,0,1
354,3,a841332a0fc6c3b7,1.779609,20.0,1,13803,1,0,0,0,0,0,0,0,0,0,0,0,0,1
355,3,55f4672a66ea5f47,1.336954,18.931972,1,13923,1,1,0,0,1,0,0,0,0,0,0,0,0,0
356,3,c0bd9a34ec0d85ea,1.005408,20.0,1,13937,1,1,0,0,1,0,0,0,0,0,0,0,0,1
357,3,aabefe6d1a5d48da,1.798979,15.925352,0,13736,1,0,0,0,0,0,0,0,0,0,0,0,0,0
358,3,3a430dc208632016,1.351506,18.921811,1,13899,1,1,0,0,1,0,0,0,0,0,0,0,0,1
359,3,80aa2168e796d8f4,2.060502,20.0,1,13871,2,1,0,0,1,0,0,0,0,0,0,0,0,1
360,3,f7ccb287b0e2aba7,2.591631,15.919612,0,13912,1,0,0,0,0,0,0,0,0,0,0,0,0,0
361,3,2112fa62c82cb6c3,1.946996,18.917498,1,13804,1,1,0,0,1,0,0,0,0,0,0,0,0,1
362,3,542d2ce96e80afc1,2.506359,14.212009,0,13997,1,0,0,0,0,0,0,0,0,0,0,0,0,0
363,3,6e60a9a40289d397,1.884817,17.648637,1,13805,1,1,0,0,1,0,0,0,0,0,0,0,0,1
364,3,0d28e31d51bf6ee7,2.459646,16.737606,1,14087,1,0,0,0,0,0,0,0,0,0,0,0,0,1
365,3,1cc2b0b192026c8b,1.84784,16.053182,1,13764,1,1,0,0,1,0,0,0,0,0,0,0,0,0
366,3,1248b02762c2799a,2.433753,19.033225,1,13982,2,1,0,0,1,0,0,0,0,0,0,0,0,1
367,3,3686db50da6353c5,2.872041,17.777795,1,13957,1,0,0,0,0,0,0,0,0,0,0,0,0,1
368,3,07a5e51a719ae67e,2.157657,20.0,1,13921,1,1,0,0,1,0,0,0,0,0,0,0,0,1
369,3,f655ac8ba190f916,1.620967,20.0,1,13921,1,1,0,0,1,0,0,0,0,0,0,0,0,1
370,3,297da01fe191c441,1.21899,20.0,1,13884,1,1,0,0,1,0,0,0,0,0,0,0,0,0
371,3,585bdb78ddfeaa09,1.959435,18.646154,1,13887,1,0,0,0,0,0,0,0,0,0,0,0,0,1
372,3,80b64b516670a126,1.47205,20.0,1,13956,1,1,0,0,1,0,0,0,0,0,0,0,0,1
373,3,c858402419443b5f,2.151153,20.0,1,13830,2,1,0,0,1,0,0,0,0,0,0,0,0,1
374,3,bbea280c4443ece7,1.616081,20.0,1,14087,1,1,0,0,1,0,0,0,0,0,0,0,0,0
375,3,770cc58a6b328c75,2.257755,18.919737,1,14014,1,0,0,0,0,0,0,0,0,0,0,0,0,1
376,3,9e4ceafbb666acca,1.696167,17.692536,1,13972,1,1,0,0,1,0,0,0,0,0,0,0,0,0
377,3,b9acb191b89c8af8,1.275542,20.0,1,13935,1,1,0,0,1,0,0,0,0,0,0,0,0,1
378,3,b2a2c7e3fefe743e,2.00192,20.0,1,13905,2,1,0,0,1,0,0,0,0,0,0,0,0,1
379,3,ff4e2fdbd305bd8b,1.503968,20.0,1,13939,1,1,0,0,1,0,0,0,0,0,0,0,0,1
380,3,9f64605041841356,2.175156,17.764686,0,14010,1,0,0,0,0,0,0,0,0,0,0,0,0,0
381,3,bcaa3c2bf92876e3,1.634113,20.0,1,13931,1,1,0,0,1,0,0,0,0,0,0,0,0,1
382,3,2031f2b8b0800d2c,1.227648,18.732205,1,13845,1,1,0,0,1,0,0,0,0,0,0,0,0,0
383,3,cf10b1d2edc2b902,1.965939,17.55165,1,13853,1,0,0,0,0,0,0,0,0,0,0,0,0,1
384,3,8ae74930b8057532,1.478415,20.0,1,13671,1,1,0,0,1,0,0,0,0,0,0,0,0,1
385,3,07e83e7935d19b8e,1.110678,18.62437,1,13907,1,1,0,0,1,0,0,0,0,0,0,0,0,0
386,3,c0c1e82848453003,1.878064,17.470637,1,14077,1,0,0,0,0,0,0,0,0,0,0,0,0,1
387,3,4d5b4d17fdba5bf2,1.412331,16.61867,1,14002,1,1,0,0,1,0,0,0,0,0,0,0,0,0
388,3,ba10b86611fb0bf8,1.061031,19.442675,1,14146,1,1,0,0,1,0,0,0,0,0,0,0,0,1
389,3,0d9bba1b70e206a8,1.840767,18.085399,1,14096,1,0,0,0,0,0,0,0,0,0,0,0,0,1
390,3,11453ded22d9d985,1.382899,17.065729,1,14150,1,1,0,0,1,0,0,0,0,0,0,0,0,0
391,3,bd4e088c22a00ba9,2.08411,16.314173,1,14076,2,1,0,0,0,0,0,0,0,0,0,0,0,1
392,3,2dca42dac1e569cb,2.609368,19.213917,1,14142,1,0,0,0,1,0,0,0,0,0,0,0,0,1
393,3,9c6f225955edb679,1.96032,20.0,1,14064,1,1,0,0,1,0,0,0,0,0,0,0,0,1
394,3,a8eb6927fa7fe589,2.518339,16.08738,0,13841,1,0,0,0,0,0,0,0,0,0,0,0,0,0
395,3,6dfa9ecd5160b903,1.891934,19.043536,1,13869,1,1,0,0,1,0,0,0,0,0,0,0,0,1
396,3,afb35ddbf0ba3818,1.421339,14.306697,0,14077,1,1,0,0,0,0,0,0,0,0,0,0,0,0
397,3,ea9b65880edd9caa,3.155106,17.705776,1,13939,2,0,0,0,1,0,0,0,0,0,0,0,0,1
398,3,680a22efaf209276,2.372685,20.0,1,13719,1,1,0,0,1,0,0,0,0,0,0,0,0,1
399,3,6aba3eb67e7da344,1.782509,18.711445,1,13618,1,1,0,0,1,0,0,0,0,0,0,0,0,0
400,3,2cd20e5993cf9367,1.339133,17.536053,1,13631,1,1,0,0,0,0,0,0,0,0,0,0,0,1
401,3,73297ee0617ebd26,2.051197,20.0,1,13304,1,0,0,0,1,0,0,0,0,0,0,0,0,1
402,3,74cc1898affeacde,1.540988,18.615558,1,13122,1,1,0,0,1,0,0,0,0,0,0,0,0,0
403,3,d0b8832b8c1d7953,1.157687,20.0,1,12988,1,1,0,0,1,0,0,0,0,0,0,0,0,1
404,3,749a474d66712e20,1.91338,19.212434,1,13514,1,0,0,0,0,0,0,0,0,0,0,0,0,1
405,3,77b3ac650e88e8b6,2.48304,20.0,1,13570,2,1,0,0,1,0,0,0,0,0,0,0,0,1
406,3,f2bff648809515db,1.865415,19.562647,1,13903,1,1,0,0,1,0,0,0,0,0,0,0,0,0
407,3,00219cb60768caee,1.401416,18.17553,1,13790,1,1,0,0,0,0,0,0,0,0,0,0,0,1
408,3,9b18b2b5e8df75b4,2.098036,17.148759,1,13823,1,0,0,0,1,0,0,0,0,0,0,0,0,0
409,3,0dd40fd463c8ea24,1.576176,19.840911,1,13809,1,1,0,0,1,0,0,0,0,0,0,0,0,1
410,3,df0abc0014c36ba9,1.184122,20.0,1,13797,1,1,0,0,1,0,0,0,0,0,0,0,0,1
411,3,50b1022d323ec347,0.889587,16.425173,0,13816,1,1,0,0,0,0,0,0,0,0,0,0,0,0
412,3,1938afe8d0545c2b,1.713132,19.312967,1,13663,1,0,0,0,1,0,0,0,0,0,0,0,0,1
413,3,c7b1686ae2a79bb8,1.287012,20.0,1,13671,1,1,0,0,1,0,0,0,0,0,0,0,0,1
414,3,f866e2313515a8c4,2.010538,20.0,1,13627,2,1,0,0,1,0,0,0,0,0,0,0,0,1
415,3,3cebf7acb0b3be21,1.511953,20.0,1,13822,1,1,0,0,1,0,0,0,0,0,0,0,0,0
416,3,4b9953b0827baf40,2.179527,19.135661,1,13702,1,0,0,0,0,0,0,0,0,0,0,0,0,1
417,3,21b143be33e2e677,0.593744,17.854751,1,13514,0,1,0,0,1,0,0,0,0,0,0,0,0,0
418,3,b356fa440e6060b6,0.446058,16.892452,1,13826,1,1,0,0,1,0,0,0,0,0,0,0,0,0
419,3,24fe6a565677a994,2.423743,16.183866,1,13723,2,0,0,0,0,0,0,0,0,0,0,0,0,1
420,3,273d7ae34851f5ed,1.820867,19.116023,1,13927,1,1,0,0,1,0,0,0,0,0,0,0,0,1
421,3,e589cf037ea2dbd3,1.367949,20.0,1,13872,1,1,0,0,1,0,0,0,0,0,0,0,0,1
422,3,bcabbc20023f3d97,2.072868,16.032073,0,13796,1,0,0,0,0,0,0,0,0,0,0,0,0,0
423,3,577dfed42acf93e4,1.557268,19.001986,1,18475,1,1,0,0,1,0,0,0,0,0,0,0,0,1
424,3,85939e941241ebcf,2.213571,20.0,1,17757,2,1,0,0,1,0,0,0,0,0,0,0,0,1
425,3,7380d8ab01655b72,1.662973,20.0,1,18431,1,1,0,0,1,0,0,0,0,0,0,0,0,1
426,3,75e29ef8079829c2,1.250579,20.0,1,17607,1,1,0,0,1,0,0,0,0,0,0,0,0,1
427,3,bb6ba131bab58f28,1.983167,20.0,1,17288,2,1,0,0,0,0,0,0,0,0,0,0,0,1
428,3,0ed1b48d5e96e048,3.577186,20.0,1,17105,2,0,0,0,1,0,0,0,0,0,0,0,0,1
429,3,89daadf60f623e0f,2.690095,20.0,1,17291,1,1,0,0,1,0,0,0,0,0,0,0,0,0
430,3,4e52e4105ed9930a,2.020968,20.0,1,16982,1,1,0,0,1,0,0,0,0,0,0,0,0,1
431,3,e7c510994ee8fafb,2.561931,20.0,1,17130,2,1,0,0,1,0,0,0,0,0,0,0,0,1
432,3,48a0279543ee6597,1.924683,20.0,1,15433,1,1,0,0,1,0,0,0,0,0,0,0,0,1
433,3,cad45d8723392b56,1.447389,20.0,1,13951,1,1,0,0,1,0,0,0,0,0,0,0,0,1
434,3,fa55ce72b516b77e,2.131023,20.0,1,14125,1,0,0,0,0,0,0,0,0,0,0,0,0,1
435,3,623f337dae765037,2.644611,20.0,1,14192,2,1,0,0,1,0,0,0,0,0,0,0,0,0
436,3,af720a876881958d,1.988785,20.0,1,14038,1,1,0,0,1,0,0,0,0,0,0,0,0,1
437,3,cdc30bc05059556e,2.537753,16.883973,0,14240,1,0,0,0,0,0,0,0,0,0,0,0,0,0
438,3,ac7626bea788da01,1.906519,19.641986,1,14186,1,1,0,0,1,0,0,0,0,0,0,0,0,1
439,3,19cfb4f58b4d67bc,1.432297,20.0,1,14075,1,1,0,0,1,0,0,0,0,0,0,0,0,1
440,3,4e81ffa5d757b297,1.077107,19.809724,1,13943,1,1,0,0,1,0,0,0,0,0,0,0,0,0
441,3,fdfb9b9975c26038,0.809191,18.361149,1,14315,1,1,0,0,0,0,0,0,0,0,0,0,0,1
442,3,0875c4c5e1dc884a,2.695221,20.0,1,14206,2,0,0,0,1,0,0,0,0,0,0,0,0,1
443,3,17dff9bf126dfdec,0.982694,19.086102,1,14353,0,1,0,0,1,0,0,0,0,0,0,0,0,0
444,3,df6746347fdc399b,1.781915,20.0,1,14344,2,1,0,0,1,0,0,0,0,0,0,0,0,1
445,3,25b9005d0a092e23,1.338686,20.0,1,14431,1,1,0,0,1,0,0,0,0,0,0,0,0,1
446,3,f4fc79171209bd96,1.005705,20.0,1,14500,1,1,0,0,1,0,0,0,0,0,0,0,0,1
447,3,36695e4793f56c98,1.800455,18.201988,0,14819,1,0,0,0,0,0,0,0,0,0,0,0,0,0
448,3,4073bbefb201fa97,1.352614,20.0,1,14966,1,1,0,0,1,0,0,0,0,0,0,0,0,1
449,3,af77b0402252a9fe,1.016169,20.0,1,14949,1,1,0,0,1,0,0,0,0,0,0,0,0,1
450,3,a53a9c531750d7e1,1.808324,16.888632,0,14868,1,0,0,0,0,0,0,0,0,0,0,0,0,0
451,3,923f2c91af2b8432,1.358526,19.645487,1,14822,1,1,0,0,1,0,0,0,0,0,0,0,0,1
452,3,62176c187096a589,1.02061,18.237764,1,14860,1,1,0,0,1,0,0,0,0,0,0,0,0,0
453,3,ad7e90eddcd27f54,0.766746,17.180195,1,14789,1,1,0,0,0,0,0,0,0,0,0,0,0,1
454,3,bf9779ab8cb9604d,1.620754,19.880755,1,14711,1,0,0,0,1,0,0,0,0,0,0,0,0,1
455,3,422f13f02be72c18,2.261266,20.0,1,14758,2,1,0,0,1,0,0,0,0,0,0,0,0,1
456,3,0dd76384b7ccba71,1.698804,19.926505,1,14539,1,1,0,0,1,0,0,0,0,0,0,0,0,0
457,3,22ad2d6daf279dcd,2.321676,18.465518,1,14417,1,0,0,0,0,0,0,0,0,0,0,0,0,1
458,3,1d121076290f8516,1.744188,17.351298,1,14599,1,1,0,0,1,0,0,0,0,0,0,0,0,0
459,3,a41bfb7afc7c8054,1.310343,19.99307,1,14537,1,1,0,0,1,0,0,0,0,0,0,0,0,1
460,3,f6b11225ce6ee0d8,3.071719,18.498891,1,14338,2,0,0,0,0,0,0,0,0,0,0,0,0,1
461,3,685f468967f841ab,2.309976,20.0,1,14351,1,1,0,0,1,0,0,0,0,0,0,0,0,1
462,3,c55638e82bc23425,1.735399,19.159523,1,14485,1,1,0,0,1,0,0,0,0,0,0,0,0,0
463,3,758201e2290c0585,1.30374,20.0,1,14585,1,1,0,0,1,0,0,0,0,0,0,0,0,1
464,3,73c3aa06b3180385,0.980431,19.537151,1,14323,1,1,0,0,1,0,0,0,0,0,0,0,0,0
465,3,b927b64c74ce8a06,1.780215,18.156376,1,14396,1,0,0,0,0,0,0,0,0,0,0,0,0,1
466,3,0919540dcac21110,2.381062,20.0,1,14228,2,1,0,0,1,0,0,0,0,0,0,0,0,1
467,3,ec10476de642f1b1,1.788803,20.0,1,14155,1,1,0,0,1,0,0,0,0,0,0,0,0,1
468,3,c5494e911a565f56,1.345205,20.0,1,14147,1,1,0,0,0,0,0,0,0,0,0,0,0,1
469,3,2e9fcf6cdd031093,2.054256,18.766869,1,14206,1,0,0,0,1,0,0,0,0,0,0,0,0,0
470,3,e1fbcaf1a7c2ff1c,1.543286,20.0,1,14280,1,1,0,0,1,0,0,0,0,0,0,0,0,1
471,3,8c241610698f4aef,1.160573,20.0,1,14185,1,1,0,0,1,0,0,0,0,0,0,0,0,1
472,3,826ec036e5188fd9,0.871895,20.0,1,14001,1,1,0,0,1,0,0,0,0,0,0,0,0,0
473,3,e07cf9fa0aee61fd,0.655022,18.958228,1,13884,1,1,0,0,0,0,0,0,0,0,0,0,0,1
474,3,40e378efd17e2ecd,2.5794,20.0,1,13872,2,0,0,0,1,0,0,0,0,0,0,0,0,1
475,3,4612e572021073d9,1.939746,19.423427,1,14049,1,1,0,0,1,0,0,0,0,0,0,0,0,0
476,3,85c391d496f23dde,1.457259,20.0,1,13964,1,1,0,0,1,0,0,0,0,0,0,0,0,1
477,3,37b3dfbae2f59c9f,2.138437,16.189547,0,13713,1,0,0,0,0,0,0,0,0,0,0,0,0,0
478,3,50ac3dc6dff28c25,1.608135,19.135774,1,13773,1,1,0,0,1,0,0,0,0,0,0,0,0,1
479,3,14926925cf214d67,2.251785,14.375991,0,13783,1,0,0,0,0,0,0,0,0,0,0,0,0,0
480,3,1a3db8b0fa3150f3,1.691682,17.757834,1,13734,1,1,0,0,1,0,0,0,0,0,0,0,0,1
481,3,2ce5c655984962f2,2.314551,20.0,1,13840,2,1,0,0,1,0,0,0,0,0,0,0,0,1
482,3,48cb18b742b9ea97,2.784726,18.745252,1,13747,1,0,0,0,0,0,0,0,0,0,0,0,0,1
483,3,d67ee3715ca29671,2.09206,17.561452,1,13562,1,1,0,0,1,0,0,0,0,0,0,0,0,0
484,3,36826fec5ee0b5e8,1.571687,20.0,1,13686,1,1,0,0,1,0,0,0,0,0,0,0,0,1
485,3,2965b7774a3d2da5,2.226081,15.153803,0,13388,1,0,0,0,0,0,0,0,0,0,0,0,0,0
486,3,f6d32e326e556133,1.672372,18.342174,1,13302,1,1,0,0,1,0,0,0,0,0,0,0,0,1
487,3,f36d4e7208198cab,3.343697,17.258635,1,13193,2,0,0,0,0,0,0,0,0,0,0,0,0,1
488,3,e7a9d29069eb53ac,2.511995,16.444611,1,13200,1,1,0,0,1,0,0,0,0,0,0,0,0,0
489,3,7715f627cd7a22f2,1.889056,19.327586,1,13090,1,1,0,0,1,0,0,0,0,0,0,0,0,1
490,3,acdeb7c8e7e6e56c,1.419177,20.0,1,13152,1,1,0,0,1,0,0,0,0,0,0,0,0,1
491,3,8106ca1bb07441f4,2.109828,16.135454,0,13266,1,0,0,0,0,0,0,0,0,0,0,0,0,0
492,3,95f2dbe653d7a466,1.586621,19.095095,1,13546,1,1,0,0,1,0,0,0,0,0,0,0,0,1
493,3,ca07192a23e569a5,2.235622,20.0,1,13455,2,1,0,0,1,0,0,0,0,0,0,0,0,1
494,3,3f71653002a938a6,2.723193,19.483082,1,13529,1,0,0,0,0,0,0,0,0,0,0,0,0,1
495,3,76b3f04293eb4893,2.045833,18.115756,1,13821,1,1,0,0,1,0,0,0,0,0,0,0,0,0
496,3,d8ce76bf5044f340,1.538495,20.0,1,13771,1,1,0,0,1,0,0,0,0,0,0,0,0,1
497,3,14b35c2bf607baa6,2.199468,18.943067,1,15141,2,1,0,0,0,0,0,0,0,0,0,0,0,1
498,3,61f154bd45a33854,2.696031,20.0,1,14929,1,0,0,0,1,0,0,0,0,0,0,0,0,1
499,3,f44f88e598b593cd,2.027454,19.414862,1,14426,1,1,0,0,1,0,0,0,0,0,0,0,0,0
500,3,83c54bb58ddaf29d,1.52315,20.0,1,14581,1,1,0,0,1,0,0,0,0,0,0,0,0,1
501,3,2dc4250909afbbea,3.231593,19.663557,1,14232,2,0,0,0,0,0,0,0,0,0,0,0,0,1
502,3,6e99bf0315552eb8,2.427775,20.0,1,14132,1,1,0,0,1,0,0,0,0,0,0,0,0,1
503,3,21105732cc21daa5,2.869872,16.341409,0,14170,1,0,0,0,0,0,0,0,0,0,0,0,0,0
504,3,841dfa76bb9235ba,2.156027,19.234378,1,14173,1,1,0,0,1,0,0,0,0,0,0,0,0,1
505,3,6b1b203c38c100cb,2.663396,17.928914,1,13877,1,0,0,0,0,0,0,0,0,0,0,0,0,1
506,3,ad9a3f9d9b0f1bf3,2.002912,20.0,1,13886,1,1,0,0,1,0,0,0,0,0,0,0,0,1
507,3,bb194a1c3fd36cc1,2.548366,15.358664,0,13577,1,0,0,0,0,0,0,0,0,0,0,0,0,0
508,3,e2936b463a24612a,2.958146,18.496079,1,13474,2,1,0,0,1,0,0,0,0,0,0,0,0,1
509,3,50a1ce011ed962ce,3.265998,17.374258,1,13464,1,0,0,0,0,0,0,0,0,0,0,0,0,1
510,3,d353d56e8eac2077,2.456077,20.0,1,13254,1,1,0,0,1,0,0,0,0,0,0,0,0,1
511,3,1359c08738738f6b,1.845159,18.52415,1,13362,1,1,0,0,1,0,0,0,0,0,0,0,0,0
512,3,c525bd6dd3753890,2.429852,17.395346,1,13559,1,0,0,0,0,0,0,0,0,0,0,0,0,1
513,3,4476e7b2d241d0e9,1.827283,16.56205,1,13643,1,1,0,0,1,0,0,0,0,0,0,0,0,0
514,4,1fd48474a6be9a50,1.37277,19.400138,1,13953,1,1,0,0,1,0,0,0,0,0,0,0,0,1
515,4,0b198662efcfc49a,2.074964,14.574598,0,14148,1,0,0,0,0,0,0,0,0,0,0,0,0,0
516,4,fcbdd03152747088,1.558843,17.90704,1,14205,1,1,0,0,1,0,0,0,0,0,0,0,0,1
517,4,c7b8a2a9fab59ea4,1.172272,16.946851,1,14305,1,1,0,0,0,0,0,0,0,0,0,0,0,1
518,4,241e6acbb414e8f5,2.967991,16.21038,1,14139,2,0,0,0,1,0,0,0,0,0,0,0,0,0
519,4,fc64a472a0076c97,2.229741,19.135942,1,14214,1,1,0,0,1,0,0,0,0,0,0,0,0,1
520,4,1e870741cfb1004d,2.720947,17.871003,1,14065,1,0,0,0,0,0,0,0,0,0,0,0,0,1
521,4,bf57db00a494f005,2.044146,20.0,1,14199,1,1,0,0,1,0,0,0,0,0,0,0,0,1
522,4,b9cebc1ba6e23f90,2.579344,20.0,1,13980,2,1,0,0,1,0,0,0,0,0,0,0,0,1
523,4,e665c14bbc29de1b,2.981418,16.731411,0,14243,1,0,0,0,0,0,0,0,0,0,0,0,0,0
524,4,e769dc1986223560,2.242069,19.543263,1,14010,1,1,0,0,1,0,0,0,0,0,0,0,0,1
525,4,1dc6f86b0f28f527,1.684382,20.0,1,14236,1,1,0,0,1,0,0,0,0,0,0,0,0,1
526,4,83171efae161e4f9,1.265414,20.0,1,14371,1,1,0,0,1,0,0,0,0,0,0,0,0,1
527,4,d0f092e334d1b579,3.03991,20.0,1,13904,2,0,0,0,0,0,0,0,0,0,0,0,0,1
528,4,3c72e9f66e532470,2.283771,19.209093,1,13983,1,1,0,0,1,0,0,0,0,0,0,0,0,0
529,4,1fdd04fc4bd3a35e,1.715712,20.0,1,13936,1,1,0,0,1,0,0,0,0,0,0,0,0,1
530,4,1ea3379f3547fd92,2.332603,19.547422,1,13976,1,0,0,0,0,0,0,0,0,0,0,0,0,1
531,4,f2433026cfae9a47,1.754151,20.0,1,14088,1,1,0,0,1,0,0,0,0,0,0,0,0,1
532,4,d0cc26dd4ca1a8f2,2.361481,20.0,1,14030,2,1,0,0,1,0,0,0,0,0,0,0,0,1
533,4,b6729060e15ef02e,1.774093,20.0,1,13887,1,1,0,0,1,0,0,0,0,0,0,0,0,0
534,4,a9cb16cc75c4b873,2.378294,19.221089,1,13895,1,0,0,0,0,0,0,0,0,0,0,0,0,1
535,4,4518898290c4a533,1.786723,17.91893,1,13890,1,1,0,0,1,0,0,0,0,0,0,0,0,0
536,4,80c0e74f4af0cefb,2.385952,20.0,1,13793,2,1,0,0,1,0,0,0,0,0,0,0,0,1
537,4,bd705a496fb2e0e1,2.83613,18.81926,1,13863,1,0,0,0,0,0,0,0,0,0,0,0,0,1
538,4,40fcbaec993d22c5,2.13281,20.0,1,13856,1,1,0,0,1,0,0,0,0,0,0,0,0,1
539,4,6cfaf62351220228,1.6023,19.340519,1,13883,1,1,0,0,1,0,0,0,0,0,0,0,0,0
540,4,6ffb601c36225917,1.203748,20.0,1,13818,1,1,0,0,1,0,0,0,0,0,0,0,0,1
541,4,21c423f5186ec4a6,1.949386,16.158905,0,13832,1,0,0,0,0,0,0,0,0,0,0,0,0,0
542,4,1e92837d9f9c6b35,1.464501,19.09727,1,13856,1,1,0,0,1,0,0,0,0,0,0,0,0,1
543,4,968a8f9c5003dbc1,1.100225,20.0,1,13976,1,1,0,0,1,0,0,0,0,0,0,0,0,1
544,4,3d81bda997433872,1.870211,16.005465,0,13714,1,0,0,0,0,0,0,0,0,0,0,0,0,0
545,4,4d57385882879efc,1.406426,18.997341,1,13720,1,1,0,0,1,0,0,0,0,0,0,0,0,1
546,4,fcb4df9efd747f55,1.056595,17.750837,1,13905,1,1,0,0,1,0,0,0,0,0,0,0,0,0
547,4,dd6db030444068ae,2.881087,16.814385,1,13998,2,0,0,0,0,0,0,0,0,0,0,0,0,1
548,4,7ae77073d86b6226,2.166618,19.60566,1,13877,1,1,0,0,1,0,0,0,0,0,0,0,0,1
549,4,356c8f195f9c1ba4,2.671353,14.729,0,13977,1,0,0,0,0,0,0,0,0,0,0,0,0,0
550,4,9f14df830234c9fe,2.006888,18.023036,1,13850,1,1,0,0,1,0,0,0,0,0,0,0,0,1
551,4,062043c8618db95b,2.551353,17.018878,1,13859,1,0,0,0,0,0,0,0,0,0,0,0,0,1
552,4,46fb9a9069532d44,1.918654,19.759442,1,13861,1,1,0,0,1,0,0,0,0,0,0,0,0,1
553,4,a08fcbdfa04b7054,1.441413,18.323375,1,14058,1,1,0,0,1,0,0,0,0,0,0,0,0,0
554,4,cad3b566561459bb,2.126533,20.0,1,13897,2,1,0,0,1,0,0,0,0,0,0,0,0,1
555,4,956fe504e19b254f,2.643334,19.06476,1,13904,1,0,0,0,0,0,0,0,0,0,0,0,0,1
556,4,8f104a90b7c27a4a,1.985838,17.801486,1,14051,1,1,0,0,1,0,0,0,0,0,0,0,0,0
557,4,8e9271036b027404,1.491886,20.0,1,13946,1,1,0,0,1,0,0,0,0,0,0,0,0,1
558,4,2d1febfc86418861,2.164451,18.752975,1,14066,1,0,0,0,0,0,0,0,0,0,0,0,0,1
559,4,74cc1f723dc8f362,2.671849,20.0,1,13958,2,1,0,0,1,0,0,0,0,0,0,0,0,1
560,4,0fc8b91ea2ec69c2,2.00726,19.303071,1,13958,1,1,0,0,1,0,0,0,0,0,0,0,0,0
561,4,bbea280c4443ece7,2.551633,17.98052,1,13999,1,0,0,0,0,0,0,0,0,0,0,0,0,1
562,4,683088388d3d837c,1.918864,17.002109,1,13910,1,1,0,0,1,0,0,0,0,0,0,0,0,0
563,4,5b40ca38b773abd1,1.441571,19.730738,1,14096,1,1,0,0,1,0,0,0,0,0,0,0,0,1
564,4,7fbe6c693bcd6878,1.082998,20.0,1,13906,1,1,0,0,1,0,0,0,0,0,0,0,0,1
565,4,bf9cc0756f479886,0.813616,19.841836,1,14000,1,1,0,0,1,0,0,0,0,0,0,0,0,0
566,4,7d438e77127332d1,1.656001,18.401845,1,13833,1,0,0,0,0,0,0,0,0,0,0,0,0,1
567,4,a84bbc05a4684da7,2.287745,20.0,1,14081,2,1,0,0,1,0,0,0,0,0,0,0,0,1
568,4,69667e1b1397453f,1.718698,19.091815,1,13913,1,1,0,0,1,0,0,0,0,0,0,0,0,0
569,4,31aafedf41363240,1.292485,20.0,1,13852,1,1,0,0,1,0,0,0,0,0,0,0,0,1
570,4,1248f4863631349e,2.014649,16.015657,0,13663,1,0,0,0,0,0,0,0,0,0,0,0,0,0
571,4,e66bfaff174baa05,1.513531,18.989654,1,13951,1,1,0,0,1,0,0,0,0,0,0,0,0,1
572,4,edfa4b8c5f997aa8,1.137059,17.745061,1,14162,1,1,0,0,1,0,0,0,0,0,0,0,0,0
573,4,183b23ba381cb410,0.855085,20.0,1,14062,1,1,0,0,1,0,0,0,0,0,0,0,0,1
574,4,a654a6f3e09d4224,1.686046,15.254795,0,14136,1,0,0,0,0,0,0,0,0,0,0,0,0,0
575,4,7bd1371ce49ed3b3,1.266664,18.418046,1,14041,1,1,0,0,1,0,0,0,0,0,0,0,0,1
576,4,1a9eac48b18ea6f2,0.952549,17.331135,1,14283,1,1,0,0,1,0,0,0,0,0,0,0,0,0
577,4,afbc118d2c387c1b,0.715615,16.499078,1,14017,1,1,0,0,0,0,0,0,0,0,0,0,0,1
578,4,517524cfd323ab0a,1.581268,19.35283,1,14194,1,0,0,0,1,0,0,0,0,0,0,0,0,1
579,4,b168a66aeb05a8c4,1.187947,18.017902,1,14145,1,1,0,0,1,0,0,0,0,0,0,0,0,0
580,4,19442847d8723f83,1.937504,17.030221,1,14182,1,0,0,0,0,0,0,0,0,0,0,0,0,1
581,4,dfeaf5dec4639bfe,1.455574,19.751857,1,14248,1,1,0,0,1,0,0,0,0,0,0,0,0,1
582,4,1be5edcc106663e2,2.137172,20.0,1,14142,2,1,0,0,1,0,0,0,0,0,0,0,0,1
583,4,44eed27f0e7412ed,2.651334,16.391295,0,14010,1,0,0,0,0,0,0,0,0,0,0,0,0,0
584,4,009ec6ba75219449,1.991848,19.271856,1,14114,1,1,0,0,1,0,0,0,0,0,0,0,0,1
585,4,14ad59d06d988e32,1.496401,17.957069,1,14160,1,1,0,0,1,0,0,0,0,0,0,0,0,0
586,4,c855a3c4686e2e93,3.211497,16.969319,1,14443,2,0,0,0,0,0,0,0,0,0,0,0,0,1
587,4,7112d9c908ce15cc,2.415091,19.722174,1,14512,1,1,0,0,1,0,0,0,0,0,0,0,0,1
588,4,f76c7cb22f0a6037,0.770715,18.295376,1,15196,0,1,0,0,1,0,0,0,0,0,0,0,0,0
589,4,ac742b16d2a9aeae,2.666316,20.0,1,15178,2,0,0,0,0,0,0,0,0,0,0,0,0,2
590,4,7a86842f47f133f8,2.005107,19.048942,1,15908,1,1,0,0,1,0,0,0,0,0,0,0,0,0
591,4,a6447c0919a4cc5d,1.506362,20.0,1,15891,1,1,0,0,1,0,0,0,0,0,0,0,0,1
592,4,1e6f56d56ab89b06,2.175327,20.0,1,15665,2,1,0,0,1,0,0,0,0,0,0,0,0,1
593,4,5d6676a1c77005c8,2.677895,20.0,1,15049,1,0,0,0,0,0,0,0,0,0,0,0,0,1
594,4,0e17445746c26cb8,2.013815,20.0,1,14835,1,1,0,0,1,0,0,0,0,0,0,0,0,1
595,4,5402d04b156d87ae,2.556558,20.0,1,14327,2,1,0,0,1,0,0,0,0,0,0,0,0,0
596,4,5207fbbd68206e9b,1.920646,20.0,1,14351,1,1,0,0,1,0,0,0,0,0,0,0,0,1
597,4,180e133c2094f5e1,1.444353,20.0,1,14235,1,1,0,0,1,0,0,0,0,0,0,0,0,1
598,4,c67996e8829176ef,2.128742,17.822431,0,14017,1,0,0,0,0,0,0,0,0,0,0,0,0,0
599,4,06d835ea94cf23d8,1.599244,20.0,1,13854,1,1,0,0,1,0,0,0,0,0,0,0,0,1
600,4,6f9cd722da694944,1.201452,20.0,1,13836,1,1,0,0,1,0,0,0,0,0,0,0,0,1
601,4,187d8a592e6d61af,0.903509,16.727535,0,13710,1,1,0,0,0,0,0,0,0,0,0,0,0,0
602,4,316c45fa0546c013,1.722426,19.524461,1,13910,1,0,0,0,1,0,0,0,0,0,0,0,0,1
603,4,30330b2b58e99852,1.293994,18.146842,1,14039,1,1,0,0,1,0,0,0,0,0,0,0,0,0
604,4,6089b7909a575483,0.973102,20.0,1,13637,1,1,0,0,1,0,0,0,0,0,0,0,0,1
605,4,7e4a538b1351cd5c,1.774709,15.481785,0,13943,1,0,0,0,0,0,0,0,0,0,0,0,0,0
606,4,b19fc9d87015fd9b,2.376926,18.588575,1,13835,2,1,0,0,1,0,0,0,0,0,0,0,0,1
607,4,02631a96a5f447dd,2.829349,17.443746,1,13848,1,0,0,0,0,0,0,0,0,0,0,0,0,1
608,4,2d621b38f1f1e628,2.127711,20.0,1,13968,1,1,0,0,1,0,0,0,0,0,0,0,0,1
609,4,1c0027cb45dd9a9f,2.642123,15.084564,0,13907,1,0,0,0,0,0,0,0,0,0,0,0,0,0
610,4,c1309d5b32e66550,1.984928,18.290158,1,14046,1,1,0,0,1,0,0,0,0,0,0,0,0,1
611,4,f70aa48624218431,1.492694,17.234961,1,13805,1,1,0,0,1,0,0,0,0,0,0,0,0,0
612,4,c6490505e1a00d57,1.121405,19.905671,1,14024,1,1,0,0,1,0,0,0,0,0,0,0,0,1
613,4,2ca9c0e5be517762,1.886123,14.954387,0,13825,1,0,0,0,0,0,0,0,0,0,0,0,0,0
614,4,9662583bc6f89587,2.460627,18.192361,1,13854,2,1,0,0,1,0,0,0,0,0,0,0,0,1
615,4,1de0ec9d6fc610a4,1.850427,20.0,1,13793,1,1,0,0,1,0,0,0,0,0,0,0,0,1
616,4,b80081af44ec3145,1.390156,18.986346,1,13960,1,1,0,0,1,0,0,0,0,0,0,0,0,0
617,4,e487943b493e1ef5,2.088026,17.742576,1,14194,1,0,0,0,0,0,0,0,0,0,0,0,0,1
618,4,1be5a1685acdfcb6,1.570225,16.823172,1,13802,1,1,0,0,1,0,0,0,0,0,0,0,0,0
619,4,3c4eef2739102861,1.179652,19.596309,1,14201,1,1,0,0,1,0,0,0,0,0,0,0,0,1
620,4,8ff42e3f85a1b2a7,1.929881,20.0,1,14159,2,1,0,0,1,0,0,0,0,0,0,0,0,1
621,4,7738f12598fe824a,1.449848,20.0,1,13926,1,1,0,0,1,0,0,0,0,0,0,0,0,1
622,4,25de77414fde59fb,2.134457,17.480428,0,13919,1,0,0,0,0,0,0,0,0,0,0,0,0,0
623,4,aefa51464fdcf2c2,1.603538,20.0,1,13983,1,1,0,0,1,0,0,0,0,0,0,0,0,1
624,4,10120f0c2b447fcc,1.204678,20.0,1,13909,1,1,0,0,1,0,0,0,0,0,0,0,0,1
625,4,83e6173eaf0850de,0.905935,20.0,1,13926,1,1,0,0,1,0,0,0,0,0,0,0,0,1
626,4,c6a1a2bf8bc1992e,1.724248,17.687262,0,14239,1,0,0,0,0,0,0,0,0,0,0,0,0,0
627,4,ef4f9ca5699847b3,1.295363,20.0,1,14127,1,1,0,0,1,0,0,0,0,0,0,0,0,1
628,4,488c4fa795940294,2.016811,20.0,1,14066,2,1,0,0,1,0,0,0,0,0,0,0,0,1
629,4,1d7c9f952cf8e7bc,1.516671,20.0,1,14024,1,1,0,0,1,0,0,0,0,0,0,0,0,1
630,4,ecaaa042547538e9,2.183072,17.753213,0,14147,1,0,0,0,0,0,0,0,0,0,0,0,0,0
631,4,438ec593daaf0a11,1.64006,20.0,1,14333,1,1,0,0,1,0,0,0,0,0,0,0,0,1
632,4,dd3812bd685e8ab1,1.233349,18.742642,1,14232,1,1,0,0,1,0,0,0,0,0,0,0,0,0
633,4,25eca3e95aeaafdd,0.926569,20.0,1,14537,1,1,0,0,1,0,0,0,0,0,0,0,0,1
634,4,c7629cf67a34644f,1.73975,15.805315,0,14708,1,0,0,0,0,0,0,0,0,0,0,0,0,0
635,4,44a3f08b542035fe,1.307009,18.831631,1,14581,1,1,0,0,1,0,0,0,0,0,0,0,0,1
636,4,35ea230359ce6e74,0.982889,20.0,1,14499,1,1,0,0,1,0,0,0,0,0,0,0,0,1
637,4,c03e991bc3014062,1.782061,15.868664,0,14572,1,0,0,0,0,0,0,0,0,0,0,0,0,0
638,4,4c224360d6b4fac7,1.338796,18.879223,1,14264,1,1,0,0,1,0,0,0,0,0,0,0,0,1
639,4,2a1300615500f8f0,1.006794,14.197445,0,14379,1,1,0,0,0,0,0,0,0,0,0,0,0,0
640,4,d778b3bf121f7f93,2.843673,17.623698,1,14259,2,0,0,0,1,0,0,0,0,0,0,0,0,1
641,4,d1d31cd560fb83ba,2.136345,20.0,1,14212,1,1,0,0,1,0,0,0,0,0,0,0,0,1
642,4,fe0a6a22cf922f62,2.64861,18.652633,1,14178,1,0,0,0,0,0,0,0,0,0,0,0,0,1
643,4,0743baf04dc1e84c,1.991792,17.507547,1,14307,1,1,0,0,1,0,0,0,0,0,0,0,0,0
644,4,a2b3841f317e0ed9,1.496359,20.0,1,14198,1,1,0,0,1,0,0,0,0,0,0,0,0,1
645,4,79d4b3a5f3fb13ad,2.167812,18.587077,1,14461,1,0,0,0,0,0,0,0,0,0,0,0,0,1
646,4,9e918b956af1d800,1.630226,17.458249,1,14135,1,1,0,0,1,0,0,0,0,0,0,0,0,0
647,4,c9aa0cddae32b60a,2.268381,20.0,1,14474,2,1,0,0,1,0,0,0,0,0,0,0,0,1
648,4,7e9217f38b61f9ab,2.747803,18.559254,1,14226,1,0,0,0,0,0,0,0,0,0,0,0,0,1
649,4,a2461f972d66e26c,2.064322,20.0,1,14409,1,1,0,0,1,0,0,0,0,0,0,0,0,1
650,4,55ae9a522f64ea09,1.552399,20.0,1,14203,1,1,0,0,1,0,0,0,0,0,0,0,0,1
651,4,0b12a9038c7148db,1.16626,17.037528,0,14306,1,1,0,0,0,0,0,0,0,0,0,0,0,0
652,4,0c2393146932da01,2.963474,19.757347,1,14178,2,0,0,0,1,0,0,0,0,0,0,0,0,1
653,4,c4654de6f03ad9b5,2.228575,20.0,1,14127,1,1,0,0,1,0,0,0,0,0,0,0,0,1
654,4,e1d0b48865509dbb,1.674245,20.0,1,14087,1,1,0,0,1,0,0,0,0,0,0,0,0,1
655,4,de2c6b09cdbe798d,1.257798,20.0,1,13991,1,1,0,0,1,0,0,0,0,0,0,0,0,1
656,4,e7d12afbe59da3b3,1.98859,18.405317,0,14136,1,0,0,0,0,0,0,0,0,0,0,0,0,0
657,4,142ffd0b06683100,1.495448,20.0,1,13973,1,1,0,0,1,0,0,0,0,0,0,0,0,1
658,4,a1ffb37832f91d93,2.167127,20.0,1,14047,2,1,0,0,1,0,0,0,0,0,0,0,0,1
659,4,fa4aea0bcc26395b,1.628082,20.0,1,13993,1,1,0,0,0,0,0,0,0,0,0,0,0,1
660,4,dd2ab908826c23c9,2.268491,18.856552,1,14115,1,0,0,0,1,0,0,0,0,0,0,0,0,0
661,4,c84e18bd26b42ca8,1.704233,20.0,1,13949,1,1,0,0,1,0,0,0,0,0,0,0,0,1
662,4,7ad930acffbf2a0b,1.280326,19.34845,1,14026,1,1,0,0,1,0,0,0,0,0,0,0,0,0
663,4,2b6190439d926504,2.005515,18.014612,1,14085,1,0,0,0,0,0,0,0,0,0,0,0,0,1
664,4,cb542e70e9c6ce3b,1.508176,17.027746,1,13878,1,1,0,0,1,0,0,0,0,0,0,0,0,0
665,4,10f1b8c6b981f5bb,1.133036,19.749998,1,13810,1,1,0,0,1,0,0,0,0,0,0,0,0,1
666,4,75317a2a18a41db6,2.938514,18.31628,1,14173,2,0,0,0,0,0,0,0,0,0,0,0,0,1
667,4,79f7ae9945d4bb6a,2.209805,20.0,1,13839,1,1,0,0,1,0,0,0,0,0,0,0,0,1
668,4,024d7b4874df5d11,2.703797,15.577511,0,13825,1,0,0,0,0,0,0,0,0,0,0,0,0,0
669,4,4e8dba163a883817,2.031262,18.660491,1,13886,1,1,0,0,1,0,0,0,0,0,0,0,0,1
670,4,52e5905d90cce011,2.569664,17.497773,1,13754,1,0,0,0,0,0,0,0,0,0,0,0,0,1
671,4,955d3de672293050,2.976575,20.0,1,13627,2,1,0,0,1,0,0,0,0,0,0,0,0,1
672,4,30056878f416e827,2.236189,18.593932,1,13631,1,1,0,0,1,0,0,0,0,0,0,0,0,0
673,4,23d3497c62cac1f8,2.723619,17.44777,1,13583,1,0,0,0,0,0,0,0,0,0,0,0,0,1
674,4,c49704343758a69e,2.0482,20.0,1,13441,1,1,0,0,1,0,0,0,0,0,0,0,0,1
675,4,639c48946ff4ad0a,1.538736,20.0,1,14027,1,1,0,0,1,0,0,0,0,0,0,0,0,1
676,4,fb4cf81785322ad1,2.199648,16.561229,0,13897,1,0,0,0,0,0,0,0,0,0,0,0,0,0
677,4,d07a2c88bca4605d,2.696167,19.399521,1,13812,2,1,0,0,1,0,0,0,0,0,0,0,0,1
678,4,30291ff98a96dd4b,2.027556,20.0,1,13876,1,1,0,0,1,0,0,0,0,0,0,0,0,1
679,4,2ffc9bcb7830f831,1.523227,19.668343,1,13877,1,1,0,0,1,0,0,0,0,0,0,0,0,0
680,4,8a5d3b57b6a7cb47,2.187997,18.254936,1,13594,1,0,0,0,0,0,0,0,0,0,0,0,0,1
681,4,cfba5e6e807cfdb6,1.645405,20.0,1,13574,1,1,0,0,1,0,0,0,0,0,0,0,0,1
682,4,674eb2e96822c1ba,1.236131,15.542854,0,13774,1,1,0,0,0,0,0,0,0,0,0,0,0,0
683,4,48924460a636a1e1,1.972312,18.634454,1,13545,1,0,0,0,1,0,0,0,0,0,0,0,0,1
684,4,0791be12e5377df7,1.481725,17.478213,1,13641,1,1,0,0,1,0,0,0,0,0,0,0,0,0
685,4,d4d36697ec2b20be,1.114278,20.0,1,14481,1,1,0,0,1,0,0,0,0,0,0,0,0,1
686,4,fa2abc17ecf473ac,1.880769,20.0,1,14612,2,1,0,0,1,0,0,0,0,0,0,0,0,1
687,4,9610159cb10a9d55,1.412951,16.57415,0,15890,0,0,0,0,0,0,0,0,0,0,0,0,0,0
688,4,a52f88e5a62fd65c,1.06256,15.944498,1,15839,1,1,0,0,1,0,0,0,0,0,0,0,0,0
689,4,c3751d5fe200ae11,0.798261,18.936195,1,15390,1,1,0,0,1,0,0,0,0,0,0,0,0,1
690,4,2286203a8f1b1045,0.599704,17.7049,1,15203,1,1,0,0,1,0,0,0,0,0,0,0,0,0
691,4,bf26609ef46a79c6,1.494188,16.779874,1,15421,1,0,0,0,0,0,0,0,0,0,0,0,0,1
692,4,9acc84888186159e,1.123651,19.579708,1,15544,1,1,0,0,1,0,0,0,0,0,0,0,0,1
693,4,77f01df309ab4aaa,0.844157,18.188347,1,16319,1,1,0,0,1,0,0,0,0,0,0,0,0,0
694,4,33cea68e76edcc1a,0.634184,20.0,1,16193,1,1,0,0,1,0,0,0,0,0,0,0,0,1
695,4,396a30289d2fe100,2.565216,18.988475,1,16185,2,0,0,0,0,0,0,0,0,0,0,0,0,1
696,4,dfd7957e55dddb79,1.927151,20.0,1,16374,1,1,0,0,1,0,0,0,0,0,0,0,0,1
697,4,95945afed2dc0c09,2.49145,19.422906,1,16276,1,0,0,0,0,0,0,0,0,0,0,0,0,1
698,4,c29704b5f2181dfd,2.915386,20.0,1,16384,2,1,0,0,1,0,0,0,0,0,0,0,0,1
699,4,e446f563ff2b8984,3.236563,19.685952,1,14865,1,0,0,0,0,0,0,0,0,0,0,0,0,1
700,4,750482a1d9b0eab7,3.475162,20.0,1,12823,2,1,0,0,1,0,0,0,0,0,0,0,0,1
701,4,16a3ce282859afd3,2.610759,20.0,1,12913,1,1,0,0,1,0,0,0,0,0,0,0,0,1
702,4,b63741b80fd0742f,3.007479,17.518476,0,12900,1,0,0,0,0,0,0,0,0,0,0,0,0,0
703,4,d739318a83d6ba93,2.259406,20.0,1,12937,1,1,0,0,1,0,0,0,0,0,0,0,0,1
704,4,0cb4de193661f096,1.697407,18.593245,1,12400,1,1,0,0,1,0,0,0,0,0,0,0,0,0
705,4,62358038adf3ed80,2.318852,17.447255,1,12837,1,0,0,0,0,0,0,0,0,0,0,0,0,1
706,4,13c48ca78da2b357,1.74381,16.601086,1,12423,1,1,0,0,1,0,0,0,0,0,0,0,0,0
707,4,631079a60bf523a6,1.310059,19.429464,1,12662,1,1,0,0,1,0,0,0,0,0,0,0,0,1
708,4,2050d881cfd9f6a8,0.984198,20.0,1,12412,1,1,0,0,1,0,0,0,0,0,0,0,0,1
709,4,4d67443b0a36e651,0.740131,19.689657,1,12713,1,1,0,0,1,0,0,0,0,0,0,0,0,0
710,4,ee678bc073b2b53d,0.556033,20.0,1,13055,1,1,0,0,1,0,0,0,0,0,0,0,0,1
711,4,4bb3764c3f56a0fc,1.46138,16.339806,0,13571,1,0,0,0,0,0,0,0,0,0,0,0,0,0
712,4,a175e05778fe7cac,1.09788,19.233174,1,13616,1,1,0,0,1,0,0,0,0,0,0,0,0,1
713,4,485d24eaaf8e2ba1,0.825622,17.944123,1,13433,1,1,0,0,1,0,0,0,0,0,0,0,0,0
714,4,9fa6fff6d89b8ed8,0.620259,20.0,1,13659,1,1,0,0,1,0,0,0,0,0,0,0,0,1
715,4,f1598bffbcdb8383,1.50963,18.833479,1,13580,1,0,0,0,0,0,0,0,0,0,0,0,0,1
716,4,2da62111065ffd6c,1.135264,17.643546,1,13710,1,1,0,0,1,0,0,0,0,0,0,0,0,0
717,4,4c1d6616e064cb10,0.852881,20.0,1,13780,1,1,0,0,1,0,0,0,0,0,0,0,0,1
718,4,8d2be6ec5c406c8a,1.684391,15.18499,0,13711,1,0,0,0,0,0,0,0,0,0,0,0,0,0
719,4,740d07da5c57ae9d,1.26542,18.365604,1,13733,1,1,0,0,1,0,0,0,0,0,0,0,0,1
720,4,625bd6d21d910020,0.951614,17.291698,1,13802,1,1,0,0,1,0,0,0,0,0,0,0,0,0
721,4,0e10053e94a199fd,0.714912,19.948295,1,13831,1,1,0,0,1,0,0,0,0,0,0,0,0,1
722,4,48f5c6e6cda26ef6,1.58074,18.465253,1,13888,1,0,0,0,0,0,0,0,0,0,0,0,0,1
723,4,8bc086cc5d8e273f,2.23289,17.366635,1,14131,2,1,0,0,1,0,0,0,0,0,0,0,0,0
724,4,9b0f9b904b38f365,2.72114,16.525748,1,13886,1,0,0,0,0,0,0,0,0,0,0,0,0,1
725,4,ad3c2a6a71b96fad,2.044291,19.372866,1,13871,1,1,0,0,1,0,0,0,0,0,0,0,0,1
726,4,cdf85bc725a80217,1.535799,18.032955,1,14142,1,1,0,0,1,0,0,0,0,0,0,0,0,0
727,4,999738b60f03f56d,2.199093,17.041541,1,14093,1,0,0,0,0,0,0,0,0,0,0,0,0,1
728,4,6ca3f61cae6c1fc3,1.652097,19.760361,1,14132,1,1,0,0,1,0,0,0,0,0,0,0,0,1
729,5,1fd48474a6be9a50,1.241158,18.324065,1,14089,1,1,0,0,1,0,0,0,0,0,0,0,0,0
730,5,0b198662efcfc49a,1.977519,17.26046,1,14095,1,0,0,0,0,0,0,0,0,0,0,0,0,1
731,5,fcbdd03152747088,1.485636,16.445983,1,14281,1,1,0,0,1,0,0,0,0,0,0,0,0,0
732,5,c7b8a2a9fab59ea4,1.116103,19.312941,1,14215,1,1,0,0,1,0,0,0,0,0,0,0,0,1
733,5,241e6acbb414e8f5,1.88214,14.509091,0,14220,1,0,0,0,0,0,0,0,0,0,0,0,0,0
734,5,fc64a472a0076c97,1.415396,17.872046,1,14032,1,1,0,0,1,0,0,0,0,0,0,0,0,1
735,5,1e870741cfb1004d,3.150641,16.905445,1,14251,2,0,0,0,0,0,0,0,0,0,0,0,0,1
736,5,bf57db00a494f005,2.366959,19.658118,1,14149,1,1,0,0,1,0,0,0,0,0,0,0,0,1
737,5,b9cebc1ba6e23f90,1.779987,18.263686,1,13989,1,1,0,0,1,0,0,0,0,0,0,0,0,0
738,5,e665c14bbc29de1b,1.337237,20.0,1,14215,1,1,0,0,1,0,0,0,0,0,0,0,0,1
739,5,e769dc1986223560,2.04827,15.534994,0,14140,1,0,0,0,0,0,0,0,0,0,0,0,0,0
740,5,1dc6f86b0f28f527,2.582442,18.62855,1,14110,2,1,0,0,1,0,0,0,0,0,0,0,0,1
741,5,83171efae161e4f9,1.942033,20.0,1,14061,1,1,0,0,1,0,0,0,0,0,0,0,0,1
742,5,d0f092e334d1b579,2.50263,15.753931,0,14128,1,0,0,0,0,0,0,0,0,0,0,0,0,0
743,5,3c72e9f66e532470,1.880133,18.793028,1,13975,1,1,0,0,1,0,0,0,0,0,0,0,0,1
744,5,1fdd04fc4bd3a35e,1.413886,20.0,1,14103,1,1,0,0,1,0,0,0,0,0,0,0,0,1
745,5,1ea3379f3547fd92,2.105853,20.0,1,13862,2,1,0,0,1,0,0,0,0,0,0,0,0,1
746,5,f2433026cfae9a47,1.582049,20.0,1,14191,1,1,0,0,1,0,0,0,0,0,0,0,0,1
747,5,d0cc26dd4ca1a8f2,2.232188,20.0,1,14046,1,0,0,0,0,0,0,0,0,0,0,0,0,1
748,5,38a3c7ee0e61cf29,1.678637,19.706471,1,13804,1,1,0,0,1,0,0,0,0,0,0,0,0,0
749,5,e64373de38c1d3e1,1.261097,20.0,1,13938,1,1,0,0,1,0,0,0,0,0,0,0,0,1
750,5,7addd6445d78c1a4,3.034722,19.82814,1,13837,2,0,0,0,0,0,0,0,0,0,0,0,0,1
751,5,32a2c7ad3446fe7a,2.282154,18.391546,1,13731,1,1,0,0,1,0,0,0,0,0,0,0,0,0
752,5,c2ddba3954d1d184,1.714497,20.0,1,13898,1,1,0,0,1,0,0,0,0,0,0,0,0,1
753,5,6665faed5439f816,2.331691,19.086002,1,14040,1,0,0,0,0,0,0,0,0,0,0,0,0,1
754,5,e2ced52540714a46,1.751712,17.817445,1,13806,1,1,0,0,1,0,0,0,0,0,0,0,0,0
755,5,609fe1b042bd7177,1.317313,20.0,1,13840,1,1,0,0,1,0,0,0,0,0,0,0,0,1
756,5,a841332a0fc6c3b7,0.989648,18.774533,1,13959,1,1,0,0,1,0,0,0,0,0,0,0,0,0
757,5,55f4672a66ea5f47,1.787139,17.583449,1,13884,1,0,0,0,0,0,0,0,0,0,0,0,0,1
758,5,c0bd9a34ec0d85ea,1.343954,16.703506,1,14021,1,1,0,0,1,0,0,0,0,0,0,0,0,0
759,5,aabefe6d1a5d48da,1.009662,19.506409,1,13603,1,1,0,0,1,0,0,0,0,0,0,0,0,1
760,5,3a430dc208632016,0.758521,14.654436,0,13964,1,1,0,0,0,0,0,0,0,0,0,0,0,0
761,5,80aa2168e796d8f4,1.613502,17.967019,1,13850,1,0,0,0,1,0,0,0,0,0,0,0,0,1
762,5,f7ccb287b0e2aba7,1.213377,20.0,1,13865,1,1,0,0,1,0,0,0,0,0,0,0,0,1
763,5,2112fa62c82cb6c3,1.955218,15.380192,0,13913,1,0,0,0,0,0,0,0,0,0,0,0,0,0
764,5,542d2ce96e80afc1,2.512535,18.512252,1,14009,2,1,0,0,1,0,0,0,0,0,0,0,0,1
765,5,6e60a9a40289d397,1.889462,13.921478,0,13931,1,1,0,0,0,0,0,0,0,0,0,0,0,0
766,5,0d28e31d51bf6ee7,2.463136,17.416375,1,13952,1,0,0,0,1,0,0,0,0,0,0,0,0,1
767,5,1cc2b0b192026c8b,1.850462,20.0,1,13792,1,1,0,0,1,0,0,0,0,0,0,0,0,1
768,5,1248b02762c2799a,2.433836,18.53562,1,13828,1,0,0,0,0,0,0,0,0,0,0,0,0,1
769,5,3686db50da6353c5,1.83028,20.0,1,14011,1,1,0,0,1,0,0,0,0,0,0,0,0,1
770,5,e035fc84ec3404e2,2.418674,19.180274,1,13783,2,1,0,0,1,0,0,0,0,0,0,0,0,0
771,5,157b0ea5e8fa7158,1.817059,20.0,1,14023,1,1,0,0,1,0,0,0,0,0,0,0,0,1
772,5,539ee40c6a436cb8,1.366455,19.548874,1,13948,1,1,0,0,0,0,0,0,0,0,0,0,0,1
773,5,f1431c1d3b5b4a13,3.113873,20.0,1,13925,2,0,0,0,1,0,0,0,0,0,0,0,0,1
774,5,529a476d56d02d3c,2.339336,20.0,1,14009,1,1,0,0,1,0,0,0,0,0,0,0,0,1
775,5,e44d53cd28369cf0,1.757456,20.0,1,13919,1,1,0,0,1,0,0,0,0,0,0,0,0,1
776,5,c0e9eb49c78dd6ab,1.321632,20.0,1,14053,1,1,0,0,1,0,0,0,0,0,0,0,0,0
777,5,160c1c2a0cb68eb9,0.992893,19.878945,1,13953,1,1,0,0,0,0,0,0,0,0,0,0,0,1
778,5,0775de16a4b087ae,2.83323,20.0,1,13973,2,0,0,0,1,0,0,0,0,0,0,0,0,1
779,5,eec2e7a672a21972,2.130629,20.0,1,14010,1,1,0,0,1,0,0,0,0,0,0,0,0,1
780,5,ae0f5ef2fc925281,1.600662,20.0,1,13998,1,1,0,0,1,0,0,0,0,0,0,0,0,1
781,5,d0b7f5f1d2560178,2.246171,18.447507,0,13799,1,0,0,0,0,0,0,0,0,0,0,0,0,0
782,5,c7e4bd455cd673fe,1.687464,20.0,1,14186,1,1,0,0,1,0,0,0,0,0,0,0,0,1
783,5,77169d77326655b9,1.268997,19.13489,1,14074,1,1,0,0,1,0,0,0,0,0,0,0,0,0
784,5,b9d20f291968a45d,0.95335,20.0,1,14082,1,1,0,0,1,0,0,0,0,0,0,0,0,1
785,5,adc90bd1255ad241,1.75987,16.026698,0,14865,1,0,0,0,0,0,0,0,0,0,0,0,0,0
786,5,576aae91b285657f,1.323447,19.013309,1,14412,1,1,0,0,1,0,0,0,0,0,0,0,0,1
787,5,dbadb92ac3e2cee5,0.994256,17.762833,1,14556,1,1,0,0,1,0,0,0,0,0,0,0,0,0
788,5,bb3d89efab255103,1.790601,16.823397,1,14753,1,0,0,0,0,0,0,0,0,0,0,0,0,1
789,5,9740d13f8731b6e1,1.345212,19.596478,1,14520,1,1,0,0,1,0,0,0,0,0,0,0,0,1
790,5,39692882905a05b1,2.055769,20.0,1,16544,2,1,0,0,1,0,0,0,0,0,0,0,0,1
791,5,3aaeb56a31202773,2.588076,19.779616,1,16777,1,0,0,0,0,0,0,0,0,0,0,0,0,1
792,5,e709e86288057055,1.944324,18.338531,1,16503,1,1,0,0,1,0,0,0,0,0,0,0,0,0
793,5,529f5479aae895ad,1.46216,20.0,1,16551,1,1,0,0,1,0,0,0,0,0,0,0,0,1
794,5,7ef4f9a3a1505ee0,1.098466,19.068926,1,16266,1,1,0,0,0,0,0,0,0,0,0,0,0,1
795,5,a382cf87bb47fdb6,1.86889,17.804616,1,16358,1,0,0,0,1,0,0,0,0,0,0,0,0,0
796,5,52668a86cc87f44e,2.44768,20.0,1,16833,2,1,0,0,1,0,0,0,0,0,0,0,0,1
797,5,ee5eef50fdf0286a,2.884841,18.771682,1,16659,1,0,0,0,0,0,0,0,0,0,0,0,0,1
798,5,7d58adde86797110,2.167273,20.0,1,16409,1,1,0,0,1,0,0,0,0,0,0,0,0,1
799,5,2011b61efc5a5757,2.671845,20.0,1,16137,2,1,0,0,1,0,0,0,0,0,0,0,0,1
800,5,c095cc0b0fa11b67,2.009265,20.0,1,15966,1,1,0,0,1,0,0,0,0,0,0,0,0,1
801,5,ce7490b9ec87b1a7,2.553139,20.0,1,16014,2,1,0,0,0,0,0,0,0,0,0,0,0,1
802,5,13613556daf4bfac,2.961731,20.0,1,14253,1,0,0,0,1,0,0,0,0,0,0,0,0,1
803,5,fcbad5985cd4064e,2.225038,20.0,1,13306,1,1,0,0,1,0,0,0,0,0,0,0,0,1
804,5,d508b511ee35bcb3,2.717411,20.0,1,13566,2,1,0,0,1,0,0,0,0,0,0,0,0,1
805,5,1c851220fa0ae426,2.041489,18.993766,0,13862,1,1,0,0,0,0,0,0,0,0,0,0,0,0
806,5,e1129f63346360b2,2.577348,20.0,1,13898,1,0,0,0,1,0,0,0,0,0,0,0,0,1
807,5,556ed9517859a9c2,1.938202,19.443505,1,13769,1,1,0,0,1,0,0,0,0,0,0,0,0,0
808,5,3f899ce4b1aad016,1.456099,20.0,1,13997,1,1,0,0,1,0,0,0,0,0,0,0,0,1
809,5,3b2851dcd8e63a60,2.137566,19.679723,1,13934,1,0,0,0,0,0,0,0,0,0,0,0,0,1
810,5,8d9fd0ebb40c57ea,1.605873,18.263485,1,13693,1,1,0,0,1,0,0,0,0,0,0,0,0,0
811,5,fa1a3c0cf96d736f,2.25179,20.0,1,13788,2,1,0,0,1,0,0,0,0,0,0,0,0,1
812,5,c448fc9ee5d2eac5,2.735339,19.026528,1,13976,1,0,0,0,0,0,0,0,0,0,0,0,0,1
813,5,8e3d8841c1a2f902,2.054958,20.0,1,13733,1,1,0,0,1,0,0,0,0,0,0,0,0,1
814,5,47c16d6ed2b178b1,1.545358,19.462014,1,13927,1,1,0,0,1,0,0,0,0,0,0,0,0,0
815,5,30be458cf4a7a2a3,1.16097,18.099928,1,13753,1,1,0,0,0,0,0,0,0,0,0,0,0,1
816,5,5fba09fbf0370b0c,1.915846,20.0,1,13764,1,0,0,0,1,0,0,0,0,0,0,0,0,1
817,5,38d3f08622b338ad,1.439304,18.921415,1,13904,1,1,0,0,1,0,0,0,0,0,0,0,0,0
818,5,38315c7e3d1e08e2,1.082377,20.0,1,13852,1,1,0,0,1,0,0,0,0,0,0,0,0,1
819,5,43d0deb568b37ea4,0.813149,19.398232,1,13714,1,1,0,0,1,0,0,0,0,0,0,0,0,0
820,5,aaea2b3e7166735b,2.698195,18.052011,1,13926,2,0,0,0,0,0,0,0,0,0,0,0,0,1
821,5,1c7c2966277b9a71,2.029081,20.0,1,13902,1,1,0,0,1,0,0,0,0,0,0,0,0,1
822,5,39353d3a0b03db8c,2.568026,15.428209,0,13871,1,0,0,0,0,0,0,0,0,0,0,0,0,0
823,5,fe568f1b22239526,1.929262,18.548326,1,13788,1,1,0,0,1,0,0,0,0,0,0,0,0,1
824,5,4c091a8c97ae94ac,1.449383,17.413508,1,13897,1,1,0,0,0,0,0,0,0,0,0,0,0,1
825,5,d1d307a710dd2d2d,2.134107,16.575708,1,13631,1,0,0,0,1,0,0,0,0,0,0,0,0,0
826,5,9ee64fd2edb01cac,1.603275,19.410399,1,13818,1,1,0,0,1,0,0,0,0,0,0,0,0,1
827,5,821dd8e31dbbcc9c,2.248134,14.582307,0,13929,1,0,0,0,0,0,0,0,0,0,0,0,0,0
828,5,d18aff46a2dc9d0f,1.690629,17.927106,1,13801,1,1,0,0,1,0,0,0,0,0,0,0,0,1
829,5,fb7d9507bfa3cddf,1.270106,20.0,1,13991,1,1,0,0,1,0,0,0,0,0,0,0,0,1
830,5,a3adb98114f057e8,3.04149,18.823875,1,13812,2,0,0,0,0,0,0,0,0,0,0,0,0,1
831,5,8df7fa189a1f4d10,2.284958,17.620518,1,13879,1,1,0,0,1,0,0,0,0,0,0,0,0,0
832,5,8e3d3d46f6519723,1.718321,20.0,1,13594,1,1,0,0,1,0,0,0,0,0,0,0,0,1
833,5,4d2da6423d28e929,1.29091,20.0,1,14002,1,1,0,0,1,0,0,0,0,0,0,0,0,1
834,5,dd4e5a728def20b6,2.013466,20.0,1,13893,1,0,0,0,0,0,0,0,0,0,0,0,0,1
835,5,cfbf5a97cda05271,1.514155,18.60606,1,13924,1,1,0,0,1,0,0,0,0,0,0,0,0,0
836,5,d0c052314d0ec9de,1.137528,20.0,1,14032,1,1,0,0,1,0,0,0,0,0,0,0,0,1
837,5,ab9da6374398e073,0.854582,15.728228,0,14060,1,1,0,0,0,0,0,0,0,0,0,0,0,0
838,5,8f092694f748b679,1.685669,18.773719,1,14016,1,0,0,0,1,0,0,0,0,0,0,0,0,1
839,5,efe945c6a817b984,2.311798,20.0,1,13988,2,1,0,0,1,0,0,0,0,0,0,0,0,1
840,5,aef5056432d9d676,1.736767,19.31479,1,13984,1,1,0,0,1,0,0,0,0,0,0,0,0,0
841,5,1c9dd1997d1fa2c3,2.348422,17.989324,1,13924,1,0,0,0,0,0,0,0,0,0,0,0,0,1
842,5,a20159f79dc9e8b7,1.766047,20.0,1,14695,1,1,0,0,1,0,0,0,0,0,0,0,0,1
843,5,681054551c56a853,1.326765,20.0,1,14781,1,1,0,0,1,0,0,0,0,0,0,0,0,1
844,5,17112fe2f8b229f5,0.996749,20.0,1,14659,1,1,0,0,1,0,0,0,0,0,0,0,0,0
845,5,f871ba40b736908a,1.792473,18.706883,1,16289,1,0,0,0,0,0,0,0,0,0,0,0,0,1
846,5,17281f542528a8a3,1.347966,20.0,1,16417,1,1,0,0,1,0,0,0,0,0,0,0,0,1
847,5,89c909b38887c578,1.012676,19.27703,1,15940,1,1,0,0,1,0,0,0,0,0,0,0,0,0
848,5,c5f97fc01069f3ab,1.804439,20.0,1,15906,2,1,0,0,1,0,0,0,0,0,0,0,0,1
849,5,9c251adff884edd2,2.401114,19.603538,1,15779,1,0,0,0,0,0,0,0,0,0,0,0,0,1
850,5,87b8dd1eba47bb88,1.803868,20.0,1,15315,1,1,0,0,1,0,0,0,0,0,0,0,0,1
851,5,fd70f0554857ceb6,1.355178,20.0,1,15363,1,1,0,0,1,0,0,0,0,0,0,0,0,1
852,5,005dd3476d8d74b8,3.105401,20.0,1,14687,2,0,0,0,0,0,0,0,0,0,0,0,0,1
853,5,fa00368aff2c95ce,2.335306,19.23134,1,14695,1,1,0,0,1,0,0,0,0,0,0,0,0,0
854,5,e281368f3c369606,1.754428,20.0,1,14521,1,1,0,0,1,0,0,0,0,0,0,0,0,1
855,5,cf038e2006198a24,2.36169,16.081134,0,14387,1,0,0,0,0,0,0,0,0,0,0,0,0,0
856,5,952b13578ad4d868,1.776024,19.054245,1,14462,1,1,0,0,1,0,0,0,0,0,0,0,0,1
857,5,62f7c14854c751ba,1.334261,20.0,1,14417,1,1,0,0,1,0,0,0,0,0,0,0,0,1
858,5,226bd5b42c6810d4,2.046034,20.0,1,14391,2,1,0,0,1,0,0,0,0,0,0,0,0,1
859,5,2433914ad82405fe,2.580762,17.233116,0,14568,1,0,0,0,0,0,0,0,0,0,0,0,0,0
860,5,c254497d8c9dba6d,1.94077,19.920553,1,14431,1,1,0,0,1,0,0,0,0,0,0,0,0,1
861,5,ffd607f16032a895,1.458028,18.444411,1,14301,1,1,0,0,1,0,0,0,0,0,0,0,0,0
862,5,2c64211037fd11a4,1.095362,20.0,1,13567,1,1,0,0,1,0,0,0,0,0,0,0,0,1
863,5,52ec200fb8453268,0.823728,19.133141,1,13626,1,1,0,0,1,0,0,0,0,0,0,0,0,0
864,5,448457fe685b1d4f,1.662489,17.852858,1,13744,1,0,0,0,0,0,0,0,0,0,0,0,0,1
865,5,aec0d8dfbf0e28ba,2.292619,20.0,1,13979,2,1,0,0,1,0,0,0,0,0,0,0,0,1
866,5,d1d3b36b98cbc429,1.722359,20.0,1,14395,1,1,0,0,1,0,0,0,0,0,0,0,0,1
867,5,97ae58fb6fe9d099,2.339389,16.740449,0,14242,1,0,0,0,0,0,0,0,0,0,0,0,0,0
868,5,e8f40331c695ba7d,1.757496,19.534163,1,14349,1,1,0,0,1,0,0,0,0,0,0,0,0,1
869,5,b820a28ebcafeb59,1.320341,18.154131,1,14339,1,1,0,0,1,0,0,0,0,0,0,0,0,0
870,5,67c07fd041199b59,2.037066,20.0,1,14174,2,1,0,0,1,0,0,0,0,0,0,0,0,1
871,5,a6e19c05f6927049,2.574025,18.964747,1,14061,1,0,0,0,0,0,0,0,0,0,0,0,0,1
872,5,167d587ae4a09862,1.933768,20.0,1,14087,1,1,0,0,1,0,0,0,0,0,0,0,0,1
873,5,539115cb6ce0de4e,1.452768,19.409515,1,13936,1,1,0,0,1,0,0,0,0,0,0,0,0,0
874,5,90952439d244bb1a,1.092502,20.0,1,13732,1,1,0,0,1,0,0,0,0,0,0,0,0,1
875,5,ed8ab64df4cd63e8,0.820756,19.673989,1,13769,1,1,0,0,1,0,0,0,0,0,0,0,0,0
876,5,2beb18861d72d531,1.660257,18.259177,1,13647,1,0,0,0,0,0,0,0,0,0,0,0,0,1
877,5,b9253f20d949330e,1.248537,17.211663,1,13733,1,1,0,0,1,0,0,0,0,0,0,0,0,0
878,5,e66ab2549a0950d1,0.937979,19.888168,1,13858,1,1,0,0,1,0,0,0,0,0,0,0,0,1
879,5,5326b46a8fcf7448,1.748322,14.941237,0,13805,1,0,0,0,0,0,0,0,0,0,0,0,0,0
880,5,c4c3505382bf4ebb,1.313449,18.182482,1,13837,1,1,0,0,1,0,0,0,0,0,0,0,0,1
881,5,e1cd06b42d05e4d3,0.987732,20.0,1,13849,1,1,0,0,1,0,0,0,0,0,0,0,0,1
882,5,ac95ce0cb5766676,1.7857,15.50192,0,14327,1,0,0,0,0,0,0,0,0,0,0,0,0,0
883,5,f383f52c618e0ef2,1.341529,18.603702,1,14011,1,1,0,0,1,0,0,0,0,0,0,0,0,1
884,5,9420b75afda676b8,2.053,17.470751,1,14190,2,1,0,0,0,0,0,0,0,0,0,0,0,1
885,5,d9996c31d7bd9885,2.585995,20.0,1,14190,1,0,0,0,1,0,0,0,0,0,0,0,0,1
886,5,367d9027521cbe7c,1.942762,18.56631,1,14005,1,1,0,0,1,0,0,0,0,0,0,0,0,0
887,5,33ecc670cbb1835f,2.503178,17.427019,1,14081,1,0,0,0,0,0,0,0,0,0,0,0,0,1
888,5,817c3a76bc5a2610,1.882425,16.585868,1,14114,1,1,0,0,1,0,0,0,0,0,0,0,0,0
889,5,b05f398ad9486700,1.414196,19.418032,1,14145,1,1,0,0,1,0,0,0,0,0,0,0,0,1
890,5,3b7bbac9b5f81bbb,3.149739,18.066886,1,14083,2,0,0,0,0,0,0,0,0,0,0,0,0,1
891,5,d94d98c7c8b6d608,2.368649,20.0,1,14219,1,1,0,0,1,0,0,0,0,0,0,0,0,1
892,5,3b0e0b34447249aa,1.779477,18.915458,1,14178,1,1,0,0,1,0,0,0,0,0,0,0,0,0
893,5,030e7866b74400fa,2.380508,17.689321,1,14381,1,0,0,0,0,0,0,0,0,0,0,0,0,1
894,5,b2c9af4c60e1400f,1.788387,16.76817,1,14160,1,1,0,0,1,0,0,0,0,0,0,0,0,0
895,5,c6154978333c5c4d,1.344892,19.570906,1,13997,1,1,0,0,1,0,0,0,0,0,0,0,0,1
896,5,f2dffef00a1b7c37,2.054021,20.0,1,13921,2,1,0,0,1,0,0,0,0,0,0,0,0,1
897,5,774b7eba7328f8d5,1.543109,19.751628,1,13825,1,1,0,0,1,0,0,0,0,0,0,0,0,0
898,5,c4385fc00cbfaa80,2.20459,18.334007,1,13711,1,0,0,0,0,0,0,0,0,0,0,0,0,1
899,5,9a345107b486dc02,1.656226,20.0,1,13805,1,1,0,0,1,0,0,0,0,0,0,0,0,1
900,5,c38b5d5f09794c6f,1.244261,19.053528,1,13833,1,1,0,0,1,0,0,0,0,0,0,0,0,0
901,5,c0e6a35c48a1269b,1.97842,20.0,1,13664,2,1,0,0,1,0,0,0,0,0,0,0,0,1
902,5,6b7b70f878704ad5,1.4878,19.477268,1,13525,1,1,0,0,0,0,0,0,0,0,0,0,0,1
903,5,5cf8cb4714d400ed,2.161382,18.111388,1,13550,1,0,0,0,1,0,0,0,0,0,0,0,0,0
904,6,1fd48474a6be9a50,1.623765,20.0,1,14109,1,1,0,0,1,0,0,0,0,0,0,0,0,1
905,6,0b198662efcfc49a,1.221095,18.944996,1,14086,1,1,0,0,1,0,0,0,0,0,0,0,0,0
906,6,fcbdd03152747088,3.00467,17.711512,1,14412,2,0,0,0,0,0,0,0,0,0,0,0,0,1
907,6,c7b8a2a9fab59ea4,2.257296,20.0,1,14169,1,1,0,0,1,0,0,0,0,0,0,0,0,1
908,6,241e6acbb414e8f5,2.739475,15.22335,0,14423,1,0,0,0,0,0,0,0,0,0,0,0,0,0
909,6,fc64a472a0076c97,2.060125,18.409179,1,14017,1,1,0,0,1,0,0,0,0,0,0,0,0,1
910,6,1e870741cfb1004d,1.547695,20.0,1,14119,1,1,0,0,1,0,0,0,0,0,0,0,0,1
911,6,bf57db00a494f005,3.250032,15.61711,0,14093,2,0,0,0,0,0,0,0,0,0,0,0,0,0
912,6,b9cebc1ba6e23f90,2.44407,18.705293,1,13996,1,1,0,0,1,0,0,0,0,0,0,0,0,1
913,6,e665c14bbc29de1b,1.836139,17.531432,1,14254,1,1,0,0,1,0,0,0,0,0,0,0,0,0
914,6,e769dc1986223560,1.379422,16.649554,1,14145,1,1,0,0,0,0,0,0,0,0,0,0,0,1
915,6,1dc6f86b0f28f527,3.123615,19.465876,1,14128,2,0,0,0,1,0,0,0,0,0,0,0,0,1
916,6,83171efae161e4f9,2.349003,20.0,1,14122,1,1,0,0,1,0,0,0,0,0,0,0,0,1
917,6,d0f092e334d1b579,1.764718,19.705831,1,14122,1,1,0,0,1,0,0,0,0,0,0,0,0,0
918,6,3c72e9f66e532470,1.325767,18.283099,1,14053,1,1,0,0,0,0,0,0,0,0,0,0,0,1
919,6,1fdd04fc4bd3a35e,2.041146,17.229653,1,13967,1,0,0,0,1,0,0,0,0,0,0,0,0,0
920,6,1ea3379f3547fd92,2.57709,19.901683,1,13984,2,1,0,0,1,0,0,0,0,0,0,0,0,1
921,6,f2433026cfae9a47,1.936071,20.0,1,13986,1,1,0,0,1,0,0,0,0,0,0,0,0,1
922,6,d0cc26dd4ca1a8f2,2.498151,19.938317,1,13993,1,0,0,0,0,0,0,0,0,0,0,0,0,1
923,6,38a3c7ee0e61cf29,1.878646,20.0,1,14019,1,1,0,0,1,0,0,0,0,0,0,0,0,1
924,6,e64373de38c1d3e1,1.411356,19.972742,1,14064,1,1,0,0,1,0,0,0,0,0,0,0,0,0
925,6,7addd6445d78c1a4,1.060299,18.483619,1,13859,1,1,0,0,0,0,0,0,0,0,0,0,0,1
926,6,32a2c7ad3446fe7a,1.841511,20.0,1,13840,1,0,0,0,1,0,0,0,0,0,0,0,0,1
927,6,c2ddba3954d1d184,2.427111,20.0,1,13792,2,1,0,0,1,0,0,0,0,0,0,0,0,1
928,6,6665faed5439f816,1.823398,20.0,1,13936,1,1,0,0,1,0,0,0,0,0,0,0,0,1
929,6,e2ced52540714a46,1.369851,17.999175,0,13771,1,1,0,0,0,0,0,0,0,0,0,0,0,0
930,6,609fe1b042bd7177,2.074298,20.0,1,13675,1,0,0,0,1,0,0,0,0,0,0,0,0,1
931,6,a841332a0fc6c3b7,1.558342,18.877204,1,14021,1,1,0,0,1,0,0,0,0,0,0,0,0,0
932,6,55f4672a66ea5f47,1.170724,20.0,1,13916,1,1,0,0,1,0,0,0,0,0,0,0,0,1
933,6,c0bd9a34ec0d85ea,1.924552,15.89715,0,13838,1,0,0,0,0,0,0,0,0,0,0,0,0,0
934,6,aabefe6d1a5d48da,1.445844,18.900624,1,13813,1,1,0,0,1,0,0,0,0,0,0,0,0,1
935,6,3a430dc208632016,2.129862,17.678176,1,13828,2,1,0,0,0,0,0,0,0,0,0,0,0,1
936,6,80aa2168e796d8f4,2.643739,16.759798,1,14050,1,0,0,0,1,0,0,0,0,0,0,0,0,0
937,6,f7ccb287b0e2aba7,1.988129,19.56461,1,13821,1,1,0,0,1,0,0,0,0,0,0,0,0,1
938,6,2112fa62c82cb6c3,2.537261,14.69816,0,13801,1,0,0,0,0,0,0,0,0,0,0,0,0,0
939,6,542d2ce96e80afc1,1.906149,17.999867,1,13924,1,1,0,0,1,0,0,0,0,0,0,0,0,1
940,6,6e60a9a40289d397,2.477602,17.016658,1,13895,1,0,0,0,0,0,0,0,0,0,0,0,0,1
941,6,0d28e31d51bf6ee7,1.86133,16.262824,1,13925,1,1,0,0,1,0,0,0,0,0,0,0,0,0
942,6,1cc2b0b192026c8b,2.442001,19.175341,1,13955,2,1,0,0,1,0,0,0,0,0,0,0,0,1
943,6,7d01ae1e8db8a382,2.878237,17.884561,1,13953,1,0,0,0,0,0,0,0,0,0,0,0,0,1
944,6,ae8f6f48ea3451f4,2.164475,20.0,1,13951,1,1,0,0,1,0,0,0,0,0,0,0,0,1
945,6,53b3d64cb235b86c,1.626089,20.0,1,13964,1,1,0,0,1,0,0,0,0,0,0,0,0,1
946,6,c72ded44d387faec,1.22162,20.0,1,13875,1,1,0,0,1,0,0,0,0,0,0,0,0,0
947,6,314386fd56cdb8d6,1.962826,20.0,1,14005,2,1,0,0,1,0,0,0,0,0,0,0,0,1
948,6,848e4d6b085595db,2.518251,20.0,1,13957,1,0,0,0,0,0,0,0,0,0,0,0,0,1
949,6,7336631dfe65793d,1.891868,20.0,1,13933,1,1,0,0,1,0,0,0,0,0,0,0,0,1
950,6,28c71bc3e3595ceb,2.464943,20.0,1,13888,2,1,0,0,1,0,0,0,0,0,0,0,0,1
951,6,e48ac18fac480313,1.853672,20.0,1,14156,1,1,0,0,1,0,0,0,0,0,0,0,0,1
952,6,95bfcf71fb711232,2.436248,20.0,1,13877,1,0,0,0,0,0,0,0,0,0,0,0,0,1
953,6,d9be07f72611f27f,1.830262,20.0,1,14153,1,1,0,0,1,0,0,0,0,0,0,0,0,0
954,6,98eac4e4f72a1ae5,1.376383,20.0,1,13838,1,1,0,0,1,0,0,0,0,0,0,0,0,1
955,6,5f29a6469624e092,2.077679,20.0,1,13859,2,1,0,0,1,0,0,0,0,0,0,0,0,1
956,6,d6b286e0ac97ca4b,1.560882,20.0,1,13987,1,1,0,0,1,0,0,0,0,0,0,0,0,1
957,6,aeca5150f7b90795,2.216286,20.0,1,13976,1,0,0,0,0,0,0,0,0,0,0,0,0,1
958,6,77fd74a3ae208e6f,1.666679,19.999735,1,13826,1,1,0,0,1,0,0,0,0,0,0,0,0,0
959,6,6cdfea1e2ddfa0c2,1.252113,20.0,1,13909,1,1,0,0,1,0,0,0,0,0,0,0,0,1
960,6,6e7aa67506972e41,0.940666,19.993657,1,13958,1,1,0,0,0,0,0,0,0,0,0,0,0,1
961,6,0a105eabde9e1819,1.751545,18.516017,1,13954,1,0,0,0,1,0,0,0,0,0,0,0,0,0
962,6,9bd51f231c8057ab,1.31587,20.0,1,13953,1,1,0,0,1,0,0,0,0,0,0,0,0,1
963,6,24e7ee1e0ed1b589,2.032217,20.0,1,14202,2,1,0,0,1,0,0,0,0,0,0,0,0,1
964,6,e3bcba96b2704a73,1.526729,20.0,1,14252,1,1,0,0,1,0,0,0,0,0,0,0,0,0
965,6,7a28a5b2c5d4d49b,2.192272,18.884572,1,13969,1,0,0,0,0,0,0,0,0,0,0,0,0,1
966,6,f4137df7c9bcc920,1.646972,17.666117,1,14353,1,1,0,0,1,0,0,0,0,0,0,0,0,0
967,6,12ac58e10371ea21,1.237309,20.0,1,14140,1,1,0,0,1,0,0,0,0,0,0,0,0,1
968,6,7ae448b10f005728,1.974624,18.693436,1,14074,1,0,0,0,0,0,0,0,0,0,0,0,0,1
969,6,ab4186ae57604a16,1.483461,17.522524,1,14264,1,1,0,0,1,0,0,0,0,0,0,0,0,0
970,6,9948e174bee1d3fb,2.158122,16.642862,1,14139,1,0,0,0,0,0,0,0,0,0,0,0,0,1
971,6,c9511ca968fa1dc0,1.621317,15.982005,1,14282,1,1,0,0,1,0,0,0,0,0,0,0,0,0
972,6,1a046e9171cadc4f,2.263404,15.499197,1,13918,1,0,0,0,0,0,0,0,0,0,0,0,0,1
973,6,ce398295e0ea5f10,1.700411,15.122812,1,14222,1,1,0,0,1,0,0,0,0,0,0,0,0,0
974,6,b453ac7653cef76b,1.277455,18.318892,1,14074,1,1,0,0,1,0,0,0,0,0,0,0,0,1
975,6,3adde719c4e9b62e,3.048965,17.25657,1,15445,2,0,0,0,0,0,0,0,0,0,0,0,0,1
976,6,ab28c0de21274cce,2.290574,19.921905,1,14822,1,1,0,0,1,0,0,0,0,0,0,0,0,1
977,6,759a7592f3590366,1.720822,20.0,1,14741,1,1,0,0,1,0,0,0,0,0,0,0,0,1
978,6,5e8de43287577ed6,1.29279,19.94973,1,14402,1,1,0,0,1,0,0,0,0,0,0,0,0,0
979,6,78f2658762cc92b6,2.016347,18.482983,1,14432,1,0,0,0,0,0,0,0,0,0,0,0,0,1
980,6,5e4d36431a30d6c4,2.558459,20.0,1,14753,2,1,0,0,1,0,0,0,0,0,0,0,0,1
981,6,e7a833da4ebfcfd5,1.922075,20.0,1,14475,1,1,0,0,1,0,0,0,0,0,0,0,0,1
982,6,16d399470e43f0b6,2.489578,20.0,1,14220,1,0,0,0,0,0,0,0,0,0,0,0,0,1
983,6,41698197fdc8a7f4,1.870327,18.871011,1,14058,1,1,0,0,1,0,0,0,0,0,0,0,0,0
984,6,d041f3a18a997445,1.405107,20.0,1,13891,1,1,0,0,1,0,0,0,0,0,0,0,0,1
985,6,efac602a4da61cee,2.099258,20.0,1,13951,2,1,0,0,1,0,0,0,0,0,0,0,0,1
986,6,489992a0e62aea99,2.622822,20.0,1,13559,1,0,0,0,0,0,0,0,0,0,0,0,0,1
987,6,d7eda5e436ddf2ec,1.970428,18.994738,1,13898,1,1,0,0,1,0,0,0,0,0,0,0,0,0
988,6,8b71cb51c8cd2971,1.480309,20.0,1,13831,1,1,0,0,1,0,0,0,0,0,0,0,0,1
989,6,2d385d806c49e1dc,1.113213,19.444054,1,13721,1,1,0,0,1,0,0,0,0,0,0,0,0,0
990,6,bc502b529072aab1,0.836316,20.0,1,13782,1,1,0,0,1,0,0,0,0,0,0,0,0,1
991,6,717362e739acdd52,0.628293,19.680033,1,13748,1,1,0,0,1,0,0,0,0,0,0,0,0,0
992,6,10cbe696d2d6023a,1.515666,18.263718,1,13823,1,0,0,0,0,0,0,0,0,0,0,0,0,1
993,6,ed34b10230dcf078,1.139803,20.0,1,13947,1,1,0,0,1,0,0,0,0,0,0,0,0,1
994,6,469191a9ea15312c,0.856291,19.02666,1,13773,1,1,0,0,1,0,0,0,0,0,0,0,0,0
995,6,0ab296d6537aaea4,1.686953,17.772863,1,13841,1,0,0,0,0,0,0,0,0,0,0,0,0,1
996,6,81880cee9848ba47,1.268613,16.845948,1,13886,1,1,0,0,1,0,0,0,0,0,0,0,0,0
997,6,498defed7b23c2d6,1.996715,19.61342,1,13999,2,1,0,0,1,0,0,0,0,0,0,0,0,1
998,6,fe57a7b5ac39480f,2.54371,18.213674,1,13979,1,0,0,0,0,0,0,0,0,0,0,0,0,1
999,6,632d513cf62e6ab0,1.910995,20.0,1,13930,1,1,0,0,1,0,0,0,0,0,0,0,0,1
1000,6,4134561bcdd876d2,1.437095,19.002784,1,13782,1,1,0,0,1,0,0,0,0,0,0,0,0,0
1001,6,ab5a7fc48bbd7080,3.166943,17.754926,1,13965,2,0,0,0,0,0,0,0,0,0,0,0,0,1
1002,6,e03cdf26609453fa,2.379206,20.0,1,13864,1,1,0,0,1,0,0,0,0,0,0,0,0,1
1003,6,54b705850ff1c05f,1.789196,20.0,1,13982,1,1,0,0,1,0,0,0,0,0,0,0,0,1
1004,6,b388e7426c373b00,2.38781,20.0,1,14049,1,0,0,0,0,0,0,0,0,0,0,0,0,1
1005,6,435698457a22ce72,1.793872,18.635559,1,14278,1,1,0,0,1,0,0,0,0,0,0,0,0,0
1006,6,65ea232791403e91,2.391323,20.0,1,14182,2,1,0,0,1,0,0,0,0,0,0,0,0,1
1007,6,77ca1a73ec58bff8,2.842459,19.241132,1,14250,1,0,0,0,0,0,0,0,0,0,0,0,0,1
1008,6,fe23905927db4886,2.135433,20.0,1,14149,1,1,0,0,1,0,0,0,0,0,0,0,0,1
1009,6,36b3ed426373b862,1.604271,19.565505,1,14305,1,1,0,0,1,0,0,0,0,0,0,0,0,0
1010,6,f420a447879ae669,1.206435,18.19404,1,14035,1,1,0,0,0,0,0,0,0,0,0,0,0,1
1011,6,95b6268c3b391263,1.950003,17.147347,1,14224,1,0,0,0,1,0,0,0,0,0,0,0,0,0
1012,6,eb04183cf5b60f05,1.464964,19.83985,1,14238,1,1,0,0,1,0,0,0,0,0,0,0,0,1
1013,6,b4f600bfd98f62f3,1.100573,18.383782,1,14386,1,1,0,0,1,0,0,0,0,0,0,0,0,0
1014,6,88486870d6dae306,1.871797,20.0,1,14174,2,1,0,0,1,0,0,0,0,0,0,0,0,1
1015,6,4d7ba58f76d4e7e3,2.449864,19.094491,1,14258,1,0,0,0,0,0,0,0,0,0,0,0,0,1
1016,6,4d9876c82b53fc2a,1.840492,20.0,1,14558,1,1,0,0,1,0,0,0,0,0,0,0,0,1
1017,6,628e45d760b67c19,1.384076,19.500411,1,14011,1,1,0,0,1,0,0,0,0,0,0,0,0,0
1018,6,10d127722b5069f9,1.039804,20.0,1,14226,1,1,0,0,1,0,0,0,0,0,0,0,0,1
1019,6,a3fa7e9ad0ecdac7,0.781166,19.711841,1,14335,1,1,0,0,1,0,0,0,0,0,0,0,0,0
1020,6,684ea2854200a9b1,1.630514,18.287613,1,14320,1,0,0,0,0,0,0,0,0,0,0,0,0,1
1021,6,165ef6d0f2b0838a,1.22617,17.233048,1,14389,1,1,0,0,1,0,0,0,0,0,0,0,0,0
1022,6,01f6831d982891e5,0.921176,19.904234,1,14844,1,1,0,0,1,0,0,0,0,0,0,0,0,1
1023,6,904619886503c8a6,0.692045,18.432151,1,14504,1,1,0,0,1,0,0,0,0,0,0,0,0,0
1024,6,1de725b48722bbe7,0.520428,17.341742,1,14965,1,1,0,0,0,0,0,0,0,0,0,0,0,1
1025,6,07b09f1458fd05f7,2.478285,19.985892,1,15106,2,0,0,0,1,0,0,0,0,0,0,0,0,1
1026,6,6ae6544ee3178d4e,1.861843,20.0,1,14756,1,1,0,0,1,0,0,0,0,0,0,0,0,1
1027,6,d49852a3b8b892fb,1.398733,16.506999,0,14848,1,1,0,0,0,0,0,0,0,0,0,0,0,0
1028,6,8cb090449796dc2d,3.140168,19.374502,1,14805,2,0,0,0,1,0,0,0,0,0,0,0,0,1
1029,6,153c5212a4f51d09,2.359091,20.0,1,14765,1,1,0,0,1,0,0,0,0,0,0,0,0,1
1030,6,3b510d75a37d6d57,2.81595,19.640778,1,14896,1,0,0,0,0,0,0,0,0,0,0,0,0,1
1031,6,8abec4d3e7e9fb4b,2.117635,18.250647,1,14843,1,1,0,0,1,0,0,0,0,0,0,0,0,0
1032,6,81ab11d3aa99392c,2.634553,17.189873,1,14682,1,0,0,0,0,0,0,0,0,0,0,0,0,1
1033,6,ecd41072f5f75377,1.979241,16.392954,1,14602,1,1,0,0,1,0,0,0,0,0,0,0,0,0
1034,6,4e0773d26b2952e7,2.530583,19.273102,1,15286,2,1,0,0,1,0,0,0,0,0,0,0,0,1
1035,6,418dc321e54f811a,2.947185,17.974149,1,14854,1,0,0,0,0,0,0,0,0,0,0,0,0,1
1036,6,a2323da86bcbacb0,2.21411,20.0,1,15786,1,1,0,0,1,0,0,0,0,0,0,0,0,1
1037,6,d557aa5259fdb63c,1.663378,18.850426,1,15698,1,1,0,0,1,0,0,0,0,0,0,0,0,0
1038,6,0adc1602ab135366,3.339185,17.65629,1,15325,2,0,0,0,0,0,0,0,0,0,0,0,0,1
1039,6,e46c8a285c41a2da,2.508605,20.0,1,14811,1,1,0,0,1,0,0,0,0,0,0,0,0,1
1040,6,99cd493a7ee1ecd5,1.884621,20.0,1,14902,1,1,0,0,1,0,0,0,0,0,0,0,0,1
1041,6,9d778dc315f750b3,2.459499,16.640371,0,14870,1,0,0,0,0,0,0,0,0,0,0,0,0,0
1042,6,76a817fdde988a85,2.893729,19.474799,1,15779,2,1,0,0,1,0,0,0,0,0,0,0,0,1
1043,6,80fc94bc907e871d,2.17395,20.0,1,15500,1,1,0,0,1,0,0,0,0,0,0,0,0,1
1044,6,e19531856987dd01,1.633207,19.697386,1,15610,1,1,0,0,1,0,0,0,0,0,0,0,0,0
1045,6,181cab5cc83a8b2c,1.228195,18.293217,1,15520,1,1,0,0,0,0,0,0,0,0,0,0,0,1
1046,6,d97a4ee7391ef37c,3.010004,20.0,1,15288,2,0,0,0,1,0,0,0,0,0,0,0,0,1
1047,6,d7d99f5269e17cf6,2.261303,20.0,1,15126,1,1,0,0,1,0,0,0,0,0,0,0,0,1
1048,6,d72d5e4b020d92b2,1.698833,20.0,1,14031,1,1,0,0,1,0,0,0,0,0,0,0,0,0
1049,6,7bc25a3d487c0bbc,2.321697,18.813529,1,13588,1,0,0,0,0,0,0,0,0,0,0,0,0,1
1050,6,d59ed9eead3a063b,1.744204,17.612746,1,13428,1,1,0,0,1,0,0,0,0,0,0,0,0,0
1051,6,d0a8169a4c497df3,1.310355,20.0,1,13405,1,1,0,0,1,0,0,0,0,0,0,0,0,1
1052,6,87c30e6f969a05f3,2.029556,18.663283,1,13264,2,1,0,0,0,0,0,0,0,0,0,0,0,1
1053,6,ba7d5922d13c356a,2.568383,20.0,1,13466,1,0,0,0,1,0,0,0,0,0,0,0,0,1
1054,6,d95e583cc0d26de3,1.92953,19.23937,1,13137,1,1,0,0,1,0,0,0,0,0,0,0,0,0
1055,6,2eb53b5679eebf3b,1.449584,20.0,1,13314,1,1,0,0,1,0,0,0,0,0,0,0,0,1
1056,6,5214b89750281ac5,2.134258,16.101759,0,13379,1,0,0,0,0,0,0,0,0,0,0,0,0,0
1057,6,9a14affb36428109,1.603388,19.054339,1,13263,1,1,0,0,1,0,0,0,0,0,0,0,0,1
1058,6,5b0546f5feef9577,1.204566,17.793657,1,13454,1,1,0,0,1,0,0,0,0,0,0,0,0,0
1059,6,2455f0f292ee03aa,1.950001,16.861585,1,13402,1,0,0,0,0,0,0,0,0,0,0,0,0,1
1060,7,1fd48474a6be9a50,1.464963,16.146323,1,14007,1,1,0,0,1,0,0,0,0,0,0,0,0,0
1061,7,0b198662efcfc49a,2.144225,15.608974,1,14197,1,0,0,0,0,0,0,0,0,0,0,0,0,1
1062,7,fcbdd03152747088,1.610876,15.205283,1,14137,1,1,0,0,1,0,0,0,0,0,0,0,0,0
1063,7,c7b8a2a9fab59ea4,2.255552,14.915091,1,14096,1,0,0,0,0,0,0,0,0,0,0,0,0,1
1064,7,241e6acbb414e8f5,2.738166,18.162839,1,14282,2,1,0,0,1,0,0,0,0,0,0,0,0,1
1065,7,fc64a472a0076c97,2.057081,20.0,1,14237,1,1,0,0,1,0,0,0,0,0,0,0,0,1
1066,7,1e870741cfb1004d,2.591105,15.493563,0,14227,1,0,0,0,0,0,0,0,0,0,0,0,0,0
1067,7,bf57db00a494f005,1.9466,18.597424,1,14176,1,1,0,0,1,0,0,0,0,0,0,0,0,1
1068,7,b9cebc1ba6e23f90,1.462408,20.0,1,14069,1,1,0,0,1,0,0,0,0,0,0,0,0,1
1069,7,e665c14bbc29de1b,2.142306,15.723354,0,14100,1,0,0,0,0,0,0,0,0,0,0,0,0,0
1070,7,e769dc1986223560,1.611045,18.78519,1,14133,1,1,0,0,1,0,0,0,0,0,0,0,0,1
1071,7,1dc6f86b0f28f527,1.210318,17.591455,1,14142,1,1,0,0,1,0,0,0,0,0,0,0,0,0
1072,7,83171efae161e4f9,0.909266,20.0,1,14209,1,1,0,0,1,0,0,0,0,0,0,0,0,1
1073,7,d0f092e334d1b579,1.727932,18.651255,1,13976,2,1,0,0,0,0,0,0,0,0,0,0,0,1
1074,7,3c72e9f66e532470,2.341784,20.0,1,14060,1,0,0,0,1,0,0,0,0,0,0,0,0,1
1075,7,1fdd04fc4bd3a35e,1.759295,19.232581,1,14048,1,1,0,0,1,0,0,0,0,0,0,0,0,0
1076,7,1ea3379f3547fd92,1.321692,20.0,1,14076,1,1,0,0,1,0,0,0,0,0,0,0,0,1
1077,7,f2433026cfae9a47,0.993931,16.097924,0,13976,1,1,0,0,0,0,0,0,0,0,0,0,0,0
1078,7,d0cc26dd4ca1a8f2,1.790357,19.051458,1,14036,1,0,0,0,1,0,0,0,0,0,0,0,0,1
1079,7,38a3c7ee0e61cf29,1.345028,17.791492,1,13911,1,1,0,0,1,0,0,0,0,0,0,0,0,0
1080,7,e64373de38c1d3e1,1.01148,20.0,1,13750,1,1,0,0,1,0,0,0,0,0,0,0,0,1
1081,7,7addd6445d78c1a4,1.803541,15.281027,0,13890,1,0,0,0,0,0,0,0,0,0,0,0,0,0
1082,7,32a2c7ad3446fe7a,2.398586,18.437753,1,13873,2,1,0,0,1,0,0,0,0,0,0,0,0,1
1083,7,c2ddba3954d1d184,1.801968,20.0,1,13926,1,1,0,0,1,0,0,0,0,0,0,0,0,1
1084,7,6665faed5439f816,1.355106,20.0,1,13826,1,1,0,0,1,0,0,0,0,0,0,0,0,1
1085,7,e2ced52540714a46,2.061694,16.985959,0,13905,1,0,0,0,0,0,0,0,0,0,0,0,0,0
1086,7,609fe1b042bd7177,1.548873,19.718605,1,13856,1,1,0,0,1,0,0,0,0,0,0,0,0,1
1087,7,a841332a0fc6c3b7,1.164775,18.309174,1,13833,1,1,0,0,1,0,0,0,0,0,0,0,0,0
1088,7,55f4672a66ea5f47,0.875052,20.0,1,13852,1,1,0,0,1,0,0,0,0,0,0,0,0,1
1089,7,c0bd9a34ec0d85ea,1.701047,19.039512,1,13983,1,0,0,0,0,0,0,0,0,0,0,0,0,1
1090,7,aabefe6d1a5d48da,1.277933,17.782518,1,13751,1,1,0,0,1,0,0,0,0,0,0,0,0,0
1091,7,3a430dc208632016,2.005174,16.853209,1,13812,1,0,0,0,0,0,0,0,0,0,0,0,0,1
1092,7,80aa2168e796d8f4,2.550066,19.618875,1,13932,2,1,0,0,1,0,0,0,0,0,0,0,0,1
1093,7,f7ccb287b0e2aba7,1.915769,20.0,1,14086,1,1,0,0,1,0,0,0,0,0,0,0,0,1
1094,7,2112fa62c82cb6c3,1.440686,19.796666,1,13825,1,1,0,0,0,0,0,0,0,0,0,0,0,1
1095,7,542d2ce96e80afc1,2.125987,18.35134,1,13970,1,0,0,0,1,0,0,0,0,0,0,0,0,0
1096,7,6e60a9a40289d397,1.597174,20.0,1,13824,1,1,0,0,1,0,0,0,0,0,0,0,0,1
1097,7,0d28e31d51bf6ee7,3.287204,19.06331,1,13948,2,0,0,0,0,0,0,0,0,0,0,0,0,1
1098,7,1cc2b0b192026c8b,2.472024,20.0,1,13751,1,1,0,0,1,0,0,0,0,0,0,0,0,1
1099,7,7d01ae1e8db8a382,1.857139,20.0,1,13888,1,1,0,0,1,0,0,0,0,0,0,0,0,1
1100,7,ae8f6f48ea3451f4,1.395199,17.246918,0,13917,1,1,0,0,0,0,0,0,0,0,0,0,0,0
1101,7,53b3d64cb235b86c,2.09336,19.930931,1,13969,1,0,0,0,1,0,0,0,0,0,0,0,0,1
1102,7,c72ded44d387faec,2.616317,20.0,1,14082,2,1,0,0,1,0,0,0,0,0,0,0,0,1
1103,7,98cc1398a152d783,1.965541,19.954825,1,13921,1,1,0,0,0,0,0,0,0,0,0,0,0,1
1104,7,4a2943a0ae4c6ac0,2.520291,18.470158,1,13936,1,0,0,0,1,0,0,0,0,0,0,0,0,0
1105,7,c82adc16b84e16a2,1.895295,20.0,1,14012,1,1,0,0,1,0,0,0,0,0,0,0,0,1
1106,7,e0ac56dff56b6402,1.423864,19.14329,1,13813,1,1,0,0,1,0,0,0,0,0,0,0,0,0
1107,7,b2139f9cf510519a,1.069696,20.0,1,14122,1,1,0,0,1,0,0,0,0,0,0,0,0,1
1108,7,bf1a2a3ccdb27158,2.892727,19.52798,1,13896,2,0,0,0,0,0,0,0,0,0,0,0,0,1
1109,7,2dd1d9c96f74ae52,2.173198,20.0,1,13965,1,1,0,0,1,0,0,0,0,0,0,0,0,1
1110,7,0ac520ffb4f146be,1.632642,20.0,1,13930,1,1,0,0,1,0,0,0,0,0,0,0,0,1
1111,7,c0b095746be74302,1.226543,20.0,1,14025,1,1,0,0,1,0,0,0,0,0,0,0,0,0
1112,7,2da63e87d70d53da,1.966528,19.207247,1,13734,1,0,0,0,0,0,0,0,0,0,0,0,0,1
1113,7,4f99a8692e1bd5b2,1.477379,17.908531,1,13975,1,1,0,0,1,0,0,0,0,0,0,0,0,0
1114,7,1c07a0f11e0f3a8d,1.1099,20.0,1,13875,1,1,0,0,1,0,0,0,0,0,0,0,0,1
1115,7,c7cfb72157296681,0.834661,18.83039,1,13986,1,1,0,0,1,0,0,0,0,0,0,0,0,0
1116,7,281adc5421962f0d,1.670703,20.0,1,13950,2,1,0,0,1,0,0,0,0,0,0,0,0,2
1117,7,3d601b16b603a464,2.29879,18.468365,0,14131,1,0,0,0,0,0,0,0,0,0,0,0,0,0
1118,7,3295545dc16972a5,1.726995,20.0,1,15493,1,1,0,0,1,0,0,0,0,0,0,0,0,1
1119,7,290cc796cb46c080,1.298725,20.0,1,15181,1,1,0,0,1,0,0,0,0,0,0,0,0,1
1120,7,c014ed9ee64376d8,0.975683,20.0,1,16764,1,1,0,0,1,0,0,0,0,0,0,0,0,0
1121,7,61b815bd9ec76c77,1.776648,18.863047,1,16529,1,0,0,0,0,0,0,0,0,0,0,0,0,1
1122,7,72235ae6b5802539,2.380215,20.0,1,16214,2,1,0,0,1,0,0,0,0,0,0,0,0,1
1123,7,3769605252740b8a,2.83182,19.365257,1,15824,1,0,0,0,0,0,0,0,0,0,0,0,0,1
1124,7,c3f8064e2033ce0f,3.171094,20.0,1,15645,2,1,0,0,1,0,0,0,0,0,0,0,0,1
1125,7,b8757efd0ddc0349,2.382324,19.63556,1,15466,1,1,0,0,0,0,0,0,0,0,0,0,0,1
1126,7,f0d7c984a6eb06bc,2.835692,20.0,1,15753,1,0,0,0,1,0,0,0,0,0,0,0,0,1
1127,7,babff00770d6bb75,2.13035,19.801696,1,15336,1,1,0,0,1,0,0,0,0,0,0,0,0,0
1128,7,75d27f9247a2a8a5,2.644105,20.0,1,15301,2,1,0,0,1,0,0,0,0,0,0,0,0,2
1129,7,ce41873d64cdc8c6,3.032555,19.035592,0,15130,1,0,0,0,0,0,0,0,0,0,0,0,0,0
1130,7,728e47d1c2322ad8,3.321899,20.0,1,14815,2,1,0,0,1,0,0,0,0,0,0,0,0,1
1131,7,0bac712e3418444c,2.495618,20.0,1,14513,1,1,0,0,1,0,0,0,0,0,0,0,0,1
1132,7,2359b9e5c5bce7d8,1.874865,20.0,1,14052,1,1,0,0,1,0,0,0,0,0,0,0,0,0
1133,7,056abf62a7707bca,2.454076,19.050244,1,13963,1,0,0,0,0,0,0,0,0,0,0,0,0,1
1134,7,4068be482e6eb03f,1.843655,20.0,1,14068,1,1,0,0,1,0,0,0,0,0,0,0,0,1
1135,7,d86cad86a7272fb3,2.428723,20.0,1,14176,2,1,0,0,1,0,0,0,0,0,0,0,0,1
1136,7,c232c3dde81d1331,1.826434,20.0,1,13927,1,1,0,0,1,0,0,0,0,0,0,0,0,1
1137,7,f7e61a3cf52dc82b,2.415785,18.187815,0,14055,1,0,0,0,0,0,0,0,0,0,0,0,0,0
1138,7,2230a208bdae369d,1.814889,20.0,1,14055,1,1,0,0,1,0,0,0,0,0,0,0,0,1
1139,7,74d7ad16b0adeed9,1.363458,18.971017,1,14043,1,1,0,0,1,0,0,0,0,0,0,0,0,0
1140,7,ec169ce7eb4b4f75,1.02534,20.0,1,13728,1,1,0,0,1,0,0,0,0,0,0,0,0,1
1141,7,0eda4bb82b76ae4b,0.7703,19.426256,1,14130,1,1,0,0,1,0,0,0,0,0,0,0,0,0
1142,7,5879cdb742cac931,1.622351,18.073064,1,14052,1,0,0,0,0,0,0,0,0,0,0,0,0,1
1143,7,316f83cb3b0dc36d,1.220031,20.0,1,13915,1,1,0,0,1,0,0,0,0,0,0,0,0,1
1144,7,3662ca01a29f6474,1.960217,20.0,1,14065,2,1,0,0,1,0,0,0,0,0,0,0,0,1
1145,7,773682b8a4ebd288,1.472638,20.0,1,14018,1,1,0,0,1,0,0,0,0,0,0,0,0,0
1146,7,ca090bade3533092,1.106338,18.733584,1,14097,1,1,0,0,0,0,0,0,0,0,0,0,0,1
1147,7,9d636c28385049bd,1.876132,20.0,1,14073,1,0,0,0,1,0,0,0,0,0,0,0,0,1
1148,7,340859fa6546d01d,1.409468,19.292116,1,14134,1,1,0,0,1,0,0,0,0,0,0,0,0,0
1149,7,969ebdf2c36a9433,1.058881,20.0,1,14089,1,1,0,0,1,0,0,0,0,0,0,0,0,1
1150,7,da4db521179b93e5,1.840444,16.131559,0,14225,1,0,0,0,0,0,0,0,0,0,0,0,0,0
1151,7,38109b24fbb0aae3,2.42631,19.076726,1,14257,2,1,0,0,1,0,0,0,0,0,0,0,0,1
1152,7,341389f39098dfff,1.822796,20.0,1,14270,1,1,0,0,1,0,0,0,0,0,0,0,0,1
1153,7,ad382d7acf9b358e,2.413052,19.472715,1,14233,1,0,0,0,0,0,0,0,0,0,0,0,0,1
1154,7,428fbb44d2dbea62,1.814649,18.124261,1,14129,1,1,0,0,1,0,0,0,0,0,0,0,0,0
1155,7,e6217e3f62010f74,1.363278,20.0,1,14157,1,1,0,0,1,0,0,0,0,0,0,0,0,1
1156,7,0fe2102d72c20f28,2.067833,15.456303,0,13974,1,0,0,0,0,0,0,0,0,0,0,0,0,0
1157,7,c8818ef24c5e36e9,1.55504,18.584364,1,14197,1,1,0,0,1,0,0,0,0,0,0,0,0,1
1158,7,3b1503de03edb860,2.211897,20.0,1,13912,2,1,0,0,1,0,0,0,0,0,0,0,0,1
1159,7,232bb5707391710c,1.661715,19.194828,1,14142,1,1,0,0,0,0,0,0,0,0,0,0,0,1
1160,7,435688a2644bf9fc,2.292038,20.0,1,13875,1,0,0,0,1,0,0,0,0,0,0,0,0,1
1161,7,8a2dad584ebeb700,1.723645,19.557097,1,14001,1,1,0,0,1,0,0,0,0,0,0,0,0,0
1162,7,4033cd00f431f0dc,1.29491,20.0,1,14155,1,1,0,0,1,0,0,0,0,0,0,0,0,1
1163,7,06d76f7290f2ef31,2.016471,19.743834,1,14055,1,0,0,0,0,0,0,0,0,0,0,0,0,1
1164,7,d21d9614f39d043c,1.516415,18.328146,1,14029,1,1,0,0,1,0,0,0,0,0,0,0,0,0
1165,7,3e0621c5610df2ad,2.182879,20.0,1,14207,2,1,0,0,1,0,0,0,0,0,0,0,0,1
1166,7,c324c8da83b0470c,1.639916,19.05022,1,14233,1,1,0,0,0,0,0,0,0,0,0,0,0,1
1167,7,b5ede1b7e3ab9d03,2.275661,17.790563,1,14164,1,0,0,0,1,0,0,0,0,0,0,0,0,0
1168,7,aec8c671ef26d457,1.711329,20.0,1,14033,1,1,0,0,1,0,0,0,0,0,0,0,0,1
1169,7,5a6b0c24f6ede349,1.285658,20.0,1,14171,1,1,0,0,1,0,0,0,0,0,0,0,0,1
1170,7,1ec0d35059c57b6e,3.053173,20.0,1,14067,2,0,0,0,0,0,0,0,0,0,0,0,0,1
1171,7,150745447bb64afe,2.29603,18.660335,1,14294,1,1,0,0,1,0,0,0,0,0,0,0,0,0
1172,7,612b9814bbc81355,1.724921,20.0,1,14182,1,1,0,0,1,0,0,0,0,0,0,0,0,1
1173,7,1a0a4e3dd97b1ee7,1.295869,19.237706,1,14194,1,1,0,0,1,0,0,0,0,0,0,0,0,0
1174,7,3a2c5ac90977e2c6,0.973538,17.931414,1,14172,1,1,0,0,0,0,0,0,0,0,0,0,0,1
1175,7,9fa4409a4b5d1962,1.776265,20.0,1,14193,1,0,0,0,1,0,0,0,0,0,0,0,0,1
1176,7,40511597314a9dc5,1.334441,18.838921,1,14348,1,1,0,0,1,0,0,0,0,0,0,0,0,0
1177,7,e4cb3540853653af,1.002516,20.0,1,14343,1,1,0,0,1,0,0,0,0,0,0,0,0,1
1178,7,8132100a7ce6f13d,0.753906,19.356024,1,14275,1,1,0,0,1,0,0,0,0,0,0,0,0,0
1179,7,cec48ce61c6991eb,1.610035,18.020301,1,15122,1,0,0,0,0,0,0,0,0,0,0,0,0,1
1180,7,cedcc0e06dbb53aa,1.209559,17.016823,1,15195,1,1,0,0,1,0,0,0,0,0,0,0,0,0
1181,7,f77e93370319caa9,1.95235,16.262948,1,14877,1,0,0,0,0,0,0,0,0,0,0,0,0,1
1182,7,02da5fb7c20d6fdb,2.512345,19.190972,1,14774,2,1,0,0,1,0,0,0,0,0,0,0,0,1
1183,7,849023220b37390e,1.887431,20.0,1,15737,1,1,0,0,1,0,0,0,0,0,0,0,0,1
1184,7,1a6c7283253ca4dd,2.46161,19.537195,1,15330,1,0,0,0,0,0,0,0,0,0,0,0,0,1
1185,7,3c393af2d6a74eea,1.851166,18.172751,1,15132,1,1,0,0,1,0,0,0,0,0,0,0,0,0
1186,7,efaa0217939ad4bd,1.390712,20.0,1,14990,1,1,0,0,1,0,0,0,0,0,0,0,0,1
1187,7,0eebc8fa290e730b,2.088443,15.483671,0,14950,1,0,0,0,0,0,0,0,0,0,0,0,0,0
1188,7,187f33b9f60f1aac,2.612623,18.589992,1,14732,2,1,0,0,1,0,0,0,0,0,0,0,0,1
1189,7,d5870a93f496b59f,1.964729,20.0,1,15189,1,1,0,0,1,0,0,0,0,0,0,0,0,1
1190,7,3bc96132f82a0e88,2.519681,19.210992,1,14989,1,0,0,0,0,0,0,0,0,0,0,0,0,1
1191,7,3b82261373718ed7,1.892942,20.0,1,14920,1,1,0,0,1,0,0,0,0,0,0,0,0,1
1192,7,3fbebc999004822c,2.46767,19.566229,1,14695,2,1,0,0,1,0,0,0,0,0,0,0,0,0
1193,7,ad83a807a41670ac,1.853868,18.178221,1,14584,1,1,0,0,0,0,0,0,0,0,0,0,0,1
1194,7,c5bb6fe5df656f4d,2.436395,17.135462,1,14346,1,0,0,0,1,0,0,0,0,0,0,0,0,0
1195,7,64a6642bb11b0e45,1.830373,19.830921,1,14089,1,1,0,0,1,0,0,0,0,0,0,0,0,1
1196,7,805ba73da86ab1ab,2.420617,20.0,1,13915,2,1,0,0,1,0,0,0,0,0,0,0,0,1
1197,7,ef334e62b3115a2e,1.818519,19.912067,1,14056,1,1,0,0,1,0,0,0,0,0,0,0,0,0
1198,7,262b00fda150e6b6,1.366185,18.438036,1,14024,1,1,0,0,0,0,0,0,0,0,0,0,0,1
1199,7,4b9f80a48a4ce902,2.071541,20.0,1,13949,1,0,0,0,1,0,0,0,0,0,0,0,0,1
1200,7,50d565a30df555ff,2.599925,20.0,1,13954,2,1,0,0,1,0,0,0,0,0,0,0,0,1
1201,7,0ec81751dd310528,1.953226,20.0,1,14081,1,1,0,0,1,0,0,0,0,0,0,0,0,0
1202,7,5ac5e384f80db140,1.467386,20.0,1,13888,1,1,0,0,1,0,0,0,0,0,0,0,0,1
1203,7,6832ab86074dfca2,1.103495,20.0,1,13940,1,1,0,0,1,0,0,0,0,0,0,0,0,0
1204,7,b667a0bdeba9761b,1.872668,18.708501,1,13968,1,0,0,0,0,0,0,0,0,0,0,0,0,1
1205,7,bcf6cc568f92d008,1.406865,17.533842,1,13949,1,1,0,0,1,0,0,0,0,0,0,0,0,0
1206,7,3097e5fed69125c1,1.057983,20.0,1,13868,1,1,0,0,1,0,0,0,0,0,0,0,0,1
1207,7,102dab9bc22e15ba,1.838476,15.135464,0,13669,1,0,0,0,0,0,0,0,0,0,0,0,0,0
1208,7,e09297334bd7058a,1.381179,18.328398,1,13800,1,1,0,0,1,0,0,0,0,0,0,0,0,1
1209,7,56de3015ced6e9e9,1.037628,17.248284,1,14062,1,1,0,0,1,0,0,0,0,0,0,0,0,0
1210,7,eff3ecd265ac823f,1.824461,16.451457,1,14177,1,0,0,0,0,0,0,0,0,0,0,0,0,1
1211,7,0e93d75929acd34e,1.37065,15.838209,1,14076,1,1,0,0,1,0,0,0,0,0,0,0,0,0
1212,7,9469a176a1706f5e,1.029718,18.856344,1,14157,1,1,0,0,1,0,0,0,0,0,0,0,0,1
1213,7,3eecedce33f9b1b0,0.774362,14.180239,0,14007,1,1,0,0,0,0,0,0,0,0,0,0,0,0
1214,7,94fa6cb3dcecd53d,2.669056,17.610773,1,13934,2,0,0,0,1,0,0,0,0,0,0,0,0,1
1215,7,16f162f89c474f87,2.005162,20.0,1,14092,1,1,0,0,1,0,0,0,0,0,0,0,0,1
1216,7,ee14123231ea5855,2.550057,15.166493,0,14052,1,0,0,0,0,0,0,0,0,0,0,0,0,0
1217,7,637db65af5afb980,1.917679,18.366422,1,14063,1,1,0,0,1,0,0,0,0,0,0,0,0,1
1218,7,63971b6e083b3b34,1.440681,20.0,1,14027,1,1,0,0,1,0,0,0,0,0,0,0,0,1
1219,7,c3b4a002067a2db0,3.169636,15.592978,0,14093,2,0,0,0,0,0,0,0,0,0,0,0,0,0
1220,8,1fd48474a6be9a50,2.383612,18.687145,1,13964,1,1,0,0,1,0,0,0,0,0,0,0,0,1
1221,8,0b198662efcfc49a,1.790718,20.0,1,14212,1,1,0,0,1,0,0,0,0,0,0,0,0,1
1222,8,fcbdd03152747088,2.388953,19.252837,1,14228,1,0,0,0,0,0,0,0,0,0,0,0,0,1
1223,8,c7b8a2a9fab59ea4,1.794731,17.942781,1,14261,1,1,0,0,1,0,0,0,0,0,0,0,0,0
1224,8,241e6acbb414e8f5,2.393814,20.0,1,14160,2,1,0,0,1,0,0,0,0,0,0,0,0,1
1225,8,fc64a472a0076c97,2.842036,18.845343,1,14167,1,0,0,0,0,0,0,0,0,0,0,0,0,1
1226,8,1e870741cfb1004d,2.135116,17.636647,1,14212,1,1,0,0,0,0,0,0,0,0,0,0,0,1
1227,8,bf57db00a494f005,2.649788,16.743511,1,14113,1,0,0,0,1,0,0,0,0,0,0,0,0,0
1228,8,b9cebc1ba6e23f90,3.03434,19.536463,1,14196,2,1,0,0,1,0,0,0,0,0,0,0,0,1
1229,8,e665c14bbc29de1b,3.32324,18.155859,1,13938,1,0,0,0,0,0,0,0,0,0,0,0,0,1
1230,8,e769dc1986223560,2.496626,20.0,1,14299,1,1,0,0,1,0,0,0,0,0,0,0,0,1
1231,8,1dc6f86b0f28f527,1.877498,18.970121,1,14041,1,1,0,0,1,0,0,0,0,0,0,0,0,0
1232,8,4ee3e088ad4a8ac0,1.410494,20.0,1,14097,1,1,0,0,1,0,0,0,0,0,0,0,0,1
1233,8,455d9bfb5b7a8dc6,3.146958,19.412547,1,13976,2,0,0,0,0,0,0,0,0,0,0,0,0,1
1234,8,4bbe4da8ebeb3fc6,2.366557,20.0,1,13978,1,1,0,0,1,0,0,0,0,0,0,0,0,1
1235,8,e1c598fb2eccb0ab,1.777906,19.675703,1,14075,1,1,0,0,1,0,0,0,0,0,0,0,0,0
1236,8,1ea3379f3547fd92,1.335674,20.0,1,13934,1,1,0,0,1,0,0,0,0,0,0,0,0,1
1237,8,f2433026cfae9a47,1.003442,16.33193,0,14104,1,1,0,0,0,0,0,0,0,0,0,0,0,0
1238,8,d0cc26dd4ca1a8f2,1.798753,19.242848,1,14104,1,0,0,0,1,0,0,0,0,0,0,0,0,1
1239,8,b6729060e15ef02e,1.351336,17.935277,1,13945,1,1,0,0,1,0,0,0,0,0,0,0,0,0
1240,8,a9cb16cc75c4b873,1.015208,20.0,1,13894,1,1,0,0,1,0,0,0,0,0,0,0,0,1
1241,8,4518898290c4a533,0.763451,18.8455,1,13852,1,1,0,0,1,0,0,0,0,0,0,0,0,0
1242,8,80c0e74f4af0cefb,1.617206,17.636764,1,13833,1,0,0,0,0,0,0,0,0,0,0,0,0,1
1243,8,bd705a496fb2e0e1,2.2586,20.0,1,13890,2,1,0,0,1,0,0,0,0,0,0,0,0,1
1244,8,40fcbaec993d22c5,1.696801,18.660007,1,13902,1,1,0,0,1,0,0,0,0,0,0,0,0,0
1245,8,6cfaf62351220228,1.276019,20.0,1,13870,1,1,0,0,1,0,0,0,0,0,0,0,0,1
1246,8,6ffb601c36225917,2.002279,15.771703,0,13910,1,0,0,0,0,0,0,0,0,0,0,0,0,0
1247,8,21c423f5186ec4a6,1.504237,18.80638,1,13896,1,1,0,0,1,0,0,0,0,0,0,0,0,1
1248,8,1e92837d9f9c6b35,1.131208,20.0,1,13785,1,1,0,0,1,0,0,0,0,0,0,0,0,1
1249,8,968a8f9c5003dbc1,0.849834,19.333242,1,13974,1,1,0,0,1,0,0,0,0,0,0,0,0,0
1250,8,3d81bda997433872,1.682102,18.003187,1,13616,1,0,0,0,0,0,0,0,0,0,0,0,0,1
1251,8,4d57385882879efc,1.2637,17.003966,1,13900,1,1,0,0,1,0,0,0,0,0,0,0,0,0
1252,8,fcb4df9efd747f55,0.950321,16.267726,1,14004,1,1,0,0,0,0,0,0,0,0,0,0,0,1
1253,8,dd6db030444068ae,1.757594,15.700179,1,13931,1,0,0,0,1,0,0,0,0,0,0,0,0,0
1254,8,7ae77073d86b6226,1.320414,18.752647,1,13885,1,1,0,0,1,0,0,0,0,0,0,0,0,1
1255,8,356c8f195f9c1ba4,2.037121,14.102258,0,13872,1,0,0,0,0,0,0,0,0,0,0,0,0,0
1256,8,9f14df830234c9fe,1.530413,17.552188,1,13893,1,1,0,0,1,0,0,0,0,0,0,0,0,1
1257,8,062043c8618db95b,2.193395,16.665147,1,13920,2,1,0,0,0,0,0,0,0,0,0,0,0,1
1258,8,46fb9a9069532d44,2.691469,19.477591,1,13836,1,0,0,0,1,0,0,0,0,0,0,0,0,1
1259,8,a08fcbdfa04b7054,2.024023,18.127928,1,13825,1,1,0,0,1,0,0,0,0,0,0,0,0,0
1260,8,cad3b566561459bb,1.520573,20.0,1,14014,1,1,0,0,1,0,0,0,0,0,0,0,0,1
1261,8,956fe504e19b254f,2.186003,20.0,1,13988,2,1,0,0,1,0,0,0,0,0,0,0,0,1
1262,8,8f104a90b7c27a4a,2.688056,20.0,1,13949,1,0,0,0,0,0,0,0,0,0,0,0,0,1
1263,8,aa9dabd7d25110a8,2.019436,18.757798,1,14086,1,1,0,0,1,0,0,0,0,0,0,0,0,0
1264,8,952efc18683314fc,2.56078,17.570877,1,13910,1,0,0,0,0,0,0,0,0,0,0,0,0,1
1265,8,766a5fa850696abf,1.923818,20.0,1,13989,1,1,0,0,1,0,0,0,0,0,0,0,0,1
1266,8,93a110a4a662fb6a,2.490889,18.639629,1,13855,2,1,0,0,1,0,0,0,0,0,0,0,0,0
1267,8,b2139f9cf510519a,1.871312,20.0,1,14087,1,1,0,0,1,0,0,0,0,0,0,0,0,1
1268,8,07b23dae0886b303,2.4495,19.226019,1,14024,1,0,0,0,0,0,0,0,0,0,0,0,0,1
1269,8,61581596129373ba,1.842059,17.938742,1,14070,1,1,0,0,1,0,0,0,0,0,0,0,0,0
1270,8,9b4dafa46793fdff,2.427523,20.0,1,13804,2,1,0,0,1,0,0,0,0,0,0,0,0,1
1271,8,620bd23daf4bf83f,1.823708,18.830442,1,13934,1,1,0,0,0,0,0,0,0,0,0,0,0,1
1272,8,91efb63a31f48e3d,2.413737,20.0,1,14025,1,0,0,0,1,0,0,0,0,0,0,0,0,1
1273,8,c619ad4b50ea6c62,1.815164,19.351233,1,14080,1,1,0,0,1,0,0,0,0,0,0,0,0,0
1274,8,e81d6c7c63fe7312,1.363665,20.0,1,14017,1,1,0,0,1,0,0,0,0,0,0,0,0,1
1275,8,991343d40aba475d,1.024471,19.627646,1,13995,1,1,0,0,1,0,0,0,0,0,0,0,0,0
1276,8,fa22d01f031baa44,1.814567,18.240771,1,13907,1,0,0,0,0,0,0,0,0,0,0,0,0,1
1277,8,ffd183983e6ffe07,1.363216,17.182454,1,14234,1,1,0,0,1,0,0,0,0,0,0,0,0,0
1278,8,5bcab0c91073c888,1.024134,19.866224,1,14968,1,1,0,0,1,0,0,0,0,0,0,0,0,1
1279,8,dda7200ba2964f56,0.769393,18.403596,1,15347,1,1,0,0,1,0,0,0,0,0,0,0,0,0
1280,8,d55943944d2e50e1,1.622745,17.320268,1,15541,1,0,0,0,0,0,0,0,0,0,0,0,0,1
1281,8,f73522c1ac4e89fb,1.219108,16.490915,1,15839,1,1,0,0,1,0,0,0,0,0,0,0,0,0
1282,8,d493c3b87d47a457,0.91587,19.346697,1,16175,1,1,0,0,1,0,0,0,0,0,0,0,0,1
1283,8,4cdf799a249d6bdd,1.732898,14.548992,0,17854,1,0,0,0,0,0,0,0,0,0,0,0,0,0
1284,8,b15e960b05f43ba3,2.345515,17.887803,1,18295,2,1,0,0,1,0,0,0,0,0,0,0,0,1
1285,8,a0a3d5fd3d885a5e,1.762098,20.0,1,18116,1,1,0,0,1,0,0,0,0,0,0,0,0,1
1286,8,2b9b172953e44fd6,1.323798,20.0,1,18020,1,1,0,0,1,0,0,0,0,0,0,0,0,1
1287,8,5218618526005bf6,2.039665,20.0,1,17889,2,1,0,0,1,0,0,0,0,0,0,0,0,1
1288,8,996c21d04baa2732,1.532324,20.0,1,18157,1,1,0,0,1,0,0,0,0,0,0,0,0,0
1289,8,7b331f74901a76df,2.194831,19.477735,1,17399,2,1,0,0,0,0,0,0,0,0,0,0,0,1
1290,8,c80f25c2e7b2c06a,2.694695,20.0,1,16156,1,0,0,0,1,0,0,0,0,0,0,0,0,1
1291,8,8185bfff9a83204e,2.024424,19.712531,1,16059,1,1,0,0,1,0,0,0,0,0,0,0,0,0
1292,8,a6b3cb6dadd2b0ac,1.520874,20.0,1,15733,1,1,0,0,1,0,0,0,0,0,0,0,0,1
1293,8,d0b9a46c6b1c245f,1.142576,19.83156,1,15834,1,1,0,0,1,0,0,0,0,0,0,0,0,0
1294,8,4f7cc06fd2f4fd06,1.903384,20.0,1,15845,2,1,0,0,1,0,0,0,0,0,0,0,0,1
1295,8,cdaf087fb3a6ade1,1.429941,20.0,1,14543,1,1,0,0,1,0,0,0,0,0,0,0,0,1
1296,8,283a0ec2de9aba28,1.074261,20.0,1,13804,1,1,0,0,1,0,0,0,0,0,0,0,0,1
1297,8,e50f32bbcafc1573,0.80786,20.0,1,13875,1,1,0,0,1,0,0,0,0,0,0,0,0,0
1298,8,19e768e3d37c944c,1.650568,19.952472,1,14054,1,0,0,0,0,0,0,0,0,0,0,0,0,1
1299,8,b686db47bb90b8f0,2.283664,20.0,1,14009,2,1,0,0,1,0,0,0,0,0,0,0,0,1
1300,8,e3d629f0ded3c37e,1.715631,19.966982,1,14019,1,1,0,0,1,0,0,0,0,0,0,0,0,0
1301,8,e13325f63f246fc7,1.290179,20.0,1,13809,1,1,0,0,1,0,0,0,0,0,0,0,0,1
1302,8,f5562e3a91a720d3,2.012917,16.510092,0,13851,1,0,0,0,0,0,0,0,0,0,0,0,0,0
1303,8,5c3d4516e69588da,1.512229,19.361104,1,13947,1,1,0,0,1,0,0,0,0,0,0,0,0,1
1304,8,67ff0c3810d4a34f,1.137218,18.040328,1,13827,1,1,0,0,1,0,0,0,0,0,0,0,0,0
1305,8,be53741d3f70683f,0.854349,20.0,1,13890,1,1,0,0,1,0,0,0,0,0,0,0,0,1
1306,8,479fc867060a96a3,0.641841,18.887776,1,13766,1,1,0,0,0,0,0,0,0,0,0,0,0,1
1307,8,e49c6c4efdd2977d,1.525844,17.668525,1,13839,1,0,0,0,1,0,0,0,0,0,0,0,0,0
1308,8,0feeae5317c9aa9f,1.147457,20.0,1,13828,1,1,0,0,1,0,0,0,0,0,0,0,0,1
1309,8,ef1d559706185ca8,0.862041,18.690399,1,14243,1,1,0,0,1,0,0,0,0,0,0,0,0,0
1310,8,93406e0f1614172e,1.691273,17.520243,1,13575,1,0,0,0,0,0,0,0,0,0,0,0,0,1
1311,8,fa47258285d05705,1.271861,16.655974,1,13787,1,1,0,0,1,0,0,0,0,0,0,0,0,0
1312,8,dfee99ea0a0f5bfb,0.955502,19.4707,1,13959,1,1,0,0,1,0,0,0,0,0,0,0,0,1
1313,8,faaebadb44ff545a,1.761486,18.106453,1,13930,1,0,0,0,0,0,0,0,0,0,0,0,0,1
1314,8,42ecc63fef97f4fe,1.323339,17.081546,1,14102,1,1,0,0,1,0,0,0,0,0,0,0,0,0
1315,8,2eb6112a6bdd6bfb,2.03932,16.326068,1,13935,2,1,0,0,0,0,0,0,0,0,0,0,0,1
1316,8,664d4cf40bbe3253,2.575718,19.222853,1,14106,1,0,0,0,1,0,0,0,0,0,0,0,0,1
1317,8,b6e6d909d15f2c53,1.935041,20.0,1,13828,1,1,0,0,1,0,0,0,0,0,0,0,0,1
1318,8,bed70b8d6c74965b,2.499329,19.57293,1,13941,1,0,0,0,0,0,0,0,0,0,0,0,0,1
1319,8,ce1b68d9951da5f7,1.877652,18.183255,1,14103,1,1,0,0,1,0,0,0,0,0,0,0,0,0
1320,8,5834f299def02e18,1.41061,17.139244,1,13871,1,1,0,0,0,0,0,0,0,0,0,0,0,1
1321,8,46b7696593c001d7,3.147045,19.833763,1,13793,2,0,0,0,1,0,0,0,0,0,0,0,0,1
1322,8,15281493244c4f00,2.366623,20.0,1,13877,1,1,0,0,1,0,0,0,0,0,0,0,0,1
1323,8,5d0991629dd5ebd0,1.777955,19.913673,1,13853,1,1,0,0,1,0,0,0,0,0,0,0,0,0
1324,8,5e7c762930ec4d4e,1.335711,18.439242,1,13954,1,1,0,0,0,0,0,0,0,0,0,0,0,1
1325,8,e18be0a7bc1b15b7,2.048624,20.0,1,13797,1,0,0,0,1,0,0,0,0,0,0,0,0,1
1326,8,9ac9173b38d9c39e,1.539055,20.0,1,13898,1,1,0,0,1,0,0,0,0,0,0,0,0,1
1327,8,24db9ba2f7db9da5,1.156234,20.0,1,13910,1,1,0,0,1,0,0,0,0,0,0,0,0,0
1328,8,83ddc4e09f77ff1a,1.912289,18.850344,1,13957,1,0,0,0,0,0,0,0,0,0,0,0,0,1
1329,8,beaae95830f3df60,2.482219,20.0,1,14010,2,1,0,0,1,0,0,0,0,0,0,0,0,1
1330,8,9ecf205fbe07adaa,1.864798,20.0,1,14025,1,1,0,0,1,0,0,0,0,0,0,0,0,1
1331,8,cf5198ea47e2fa49,1.400953,20.0,1,13914,1,1,0,0,1,0,0,0,0,0,0,0,0,1
1332,8,1220d569dcbfa98b,1.053537,18.134235,0,13906,1,1,0,0,0,0,0,0,0,0,0,0,0,0
1333,8,66ca69276e2c6fa7,1.835136,20.0,1,14059,1,0,0,0,1,0,0,0,0,0,0,0,0,1
1334,8,b238473ff83d585c,1.378669,18.940777,1,13919,1,1,0,0,1,0,0,0,0,0,0,0,0,0
1335,8,84b001f91a0837bb,1.035743,20.0,1,14114,1,1,0,0,1,0,0,0,0,0,0,0,0,1
1336,8,3f5f32efe19a0966,0.778893,19.413568,1,13983,1,1,0,0,1,0,0,0,0,0,0,0,0,0
1337,8,e06c0fb51383cd5d,0.585153,20.0,1,13924,1,1,0,0,1,0,0,0,0,0,0,0,0,1
1338,8,2ff856ab33134eb4,1.483257,16.183983,0,14034,1,0,0,0,0,0,0,0,0,0,0,0,0,0
1339,8,7b783a6e1dff6561,1.115431,19.131589,1,14217,1,1,0,0,1,0,0,0,0,0,0,0,0,1
1340,8,d1535a378f23e576,0.837981,17.851692,1,13961,1,1,0,0,1,0,0,0,0,0,0,0,0,0
1341,8,710fa14c4c2bac97,1.673197,16.890153,1,14031,1,0,0,0,0,0,0,0,0,0,0,0,0,1
1342,8,d28c6258f6f0f76b,1.257011,16.167785,1,14331,1,1,0,0,1,0,0,0,0,0,0,0,0,0
1343,8,c20096460c8e084d,0.94529,19.119408,1,14118,1,1,0,0,1,0,0,0,0,0,0,0,0,1
1344,8,56f058d4067555fb,1.753814,14.363697,0,14196,1,0,0,0,0,0,0,0,0,0,0,0,0,0
1345,8,da1cd8392f9c0372,1.317575,17.748598,1,14066,1,1,0,0,1,0,0,0,0,0,0,0,0,1
1346,8,de80ffca4e7c6cbf,2.034986,20.0,1,14117,2,1,0,0,1,0,0,0,0,0,0,0,0,1
1347,8,4fb8d92636e6a58f,2.572462,15.256793,0,14169,1,0,0,0,0,0,0,0,0,0,0,0,0,0
1348,8,6ef2abe937135837,1.932595,18.419547,1,13996,1,1,0,0,1,0,0,0,0,0,0,0,0,1
1349,8,659b52c86dd1ef9f,2.495539,20.0,1,14204,2,1,0,0,1,0,0,0,0,0,0,0,0,1
1350,8,966566a5fb39dccd,2.920832,19.119094,1,14120,1,0,0,0,0,0,0,0,0,0,0,0,0,1
1351,8,1b641b38959edb4a,2.194312,20.0,1,14073,1,1,0,0,1,0,0,0,0,0,0,0,0,1
1352,8,02f34f879c04953c,1.648504,19.496627,1,14244,1,1,0,0,1,0,0,0,0,0,0,0,0,0
1353,8,55549377b2a5640a,1.239699,20.0,1,13919,1,1,0,0,1,0,0,0,0,0,0,0,0,1
1354,8,8d08bb91940986bf,1.974993,16.24436,0,13851,1,0,0,0,0,0,0,0,0,0,0,0,0,0
1355,8,03e9a23f262fcb79,1.483738,19.161469,1,13975,1,1,0,0,1,0,0,0,0,0,0,0,0,1
1356,8,9b4f74d5e3444e59,2.15833,20.0,1,13977,2,1,0,0,1,0,0,0,0,0,0,0,0,1
1357,8,62a55d569f8aa6b2,1.623095,19.538251,1,13873,1,1,0,0,1,0,0,0,0,0,0,0,0,0
1358,8,f6cbb085cd1fcbcc,2.263024,18.157202,1,13941,1,0,0,0,0,0,0,0,0,0,0,0,0,1
1359,8,4c5030ddde00a0dd,1.700125,17.119671,1,14121,1,1,0,0,1,0,0,0,0,0,0,0,0,0
1360,8,65cb1d6be04b1b09,1.278519,19.83524,1,14042,1,1,0,0,1,0,0,0,0,0,0,0,0,1
1361,8,644558fdbd0dfa36,0.960503,20.0,1,14018,1,1,0,0,1,0,0,0,0,0,0,0,0,1
1362,8,47956bceebb5b9c6,1.765243,20.0,1,14742,2,1,0,0,1,0,0,0,0,0,0,0,0,1
1363,8,4090fa840e2e46c5,2.369815,17.564266,0,14327,1,0,0,0,0,0,0,0,0,0,0,0,0,0
1364,8,e21be45eafa1b69e,1.782135,20.0,1,14165,1,1,0,0,1,0,0,0,0,0,0,0,0,1
1365,8,90d6413fe6d8bddd,1.338851,18.631497,1,14586,1,1,0,0,1,0,0,0,0,0,0,0,0,0
1366,8,39ba5c9c9dd2d10b,2.049482,17.475992,1,14392,1,0,0,0,0,0,0,0,0,0,0,0,0,1
1367,8,b528996689b320b4,1.54124,20.0,1,13914,1,1,0,0,1,0,0,0,0,0,0,0,0,1
1368,8,17a49042c61c20e0,1.157876,18.581626,1,13831,1,1,0,0,1,0,0,0,0,0,0,0,0,0
1369,8,da470fee4dc2a54f,2.957176,17.438525,1,13586,2,0,0,0,0,0,0,0,0,0,0,0,0,1
1370,8,f81b290f58794ff6,2.221615,20.0,1,13545,1,1,0,0,1,0,0,0,0,0,0,0,0,1
1371,8,be7084befc86f445,1.670686,20.0,1,13783,1,1,0,0,1,0,0,0,0,0,0,0,0,1
1372,8,6b7ccad6b856608b,2.298778,20.0,1,13561,1,0,0,0,0,0,0,0,0,0,0,0,0,1
1373,8,9cf9fcbe978e6c0a,1.726986,18.534671,1,13705,1,1,0,0,1,0,0,0,0,0,0,0,0,0
1374,8,88ff40d60df99a4f,1.298718,17.418839,1,13822,1,1,0,0,0,0,0,0,0,0,0,0,0,1
1375,8,e7a9e5bf44b6fa7d,2.019332,20.0,1,13699,1,0,0,0,1,0,0,0,0,0,0,0,0,1
1376,8,5700fef821f6014c,1.517048,18.537011,1,13855,1,1,0,0,1,0,0,0,0,0,0,0,0,0
1377,8,544e5acdc7770aa7,1.139702,20.0,1,13687,1,1,0,0,1,0,0,0,0,0,0,0,0,1
1378,8,44cddd6572bca7bb,1.901222,15.704955,0,13651,1,0,0,0,0,0,0,0,0,0,0,0,0,0
1379,8,e281eeb2890bd23f,2.471971,18.756234,1,13922,2,1,0,0,1,0,0,0,0,0,0,0,0,1
1380,8,31aaa8a3af8754f3,1.857099,20.0,1,13875,1,1,0,0,1,0,0,0,0,0,0,0,0,1
1381,8,324f3bde78e4da26,1.396565,19.309309,1,13797,1,1,0,0,1,0,0,0,0,0,0,0,0,0
1382,8,e3e920265167a18f,1.049187,20.0,1,13754,1,1,0,0,1,0,0,0,0,0,0,0,0,1
1383,8,c27a0bf0cca56ac8,1.831868,16.125139,0,13855,1,0,0,0,0,0,0,0,0,0,0,0,0,0
1384,8,de18dc7708216a85,2.419868,19.071903,1,13580,2,1,0,0,1,0,0,0,0,0,0,0,0,1
1385,8,a22934955586c0cd,1.819775,20.0,1,13705,1,1,0,0,1,0,0,0,0,0,0,0,0,1
1386,8,3620be5a333fa45b,1.367129,19.483252,1,13791,1,1,0,0,0,0,0,0,0,0,0,0,0,1
1387,8,7b3008caf1cc1e56,2.070726,20.0,1,13690,1,0,0,0,1,0,0,0,0,0,0,0,0,1
1388,8,2a3d934c9ec3ebad,1.557216,19.720045,1,13695,1,1,0,0,1,0,0,0,0,0,0,0,0,0
1389,8,35d656464187d1a1,1.169878,20.0,1,13591,1,1,0,0,1,0,0,0,0,0,0,0,0,1
1390,8,bd5e5df31cf53578,0.878886,19.835801,1,13492,1,1,0,0,1,0,0,0,0,0,0,0,0,0
1391,8,e6d4e1829822e5c1,1.703927,18.38074,1,13490,1,0,0,0,0,0,0,0,0,0,0,0,0,1
1392,8,67fead67863de3c3,1.281378,17.303081,1,13495,1,1,0,0,1,0,0,0,0,0,0,0,0,0
1393,8,70077889cf5e58a6,0.962651,19.956847,1,13768,1,1,0,0,1,0,0,0,0,0,0,0,0,1
1394,8,776dfb72a61f4141,1.766857,14.992833,0,13556,1,0,0,0,0,0,0,0,0,0,0,0,0,0
1395,8,795814704b02cae2,1.328702,18.235827,1,13379,1,1,0,0,1,0,0,0,0,0,0,0,0,1
1396,8,bbf67f64c56fcf9e,0.998204,17.17874,1,13448,1,1,0,0,1,0,0,0,0,0,0,0,0,0
1397,8,7a7f34a33d874dc0,0.749913,19.863434,1,13114,1,1,0,0,1,0,0,0,0,0,0,0,0,1
1398,8,057231089415edf8,1.607035,14.922655,0,13254,1,0,0,0,0,0,0,0,0,0,0,0,0,0
1399,8,5e116fe259685edf,1.208513,18.183053,1,13006,1,1,0,0,1,0,0,0,0,0,0,0,0,1
1400,8,bafcf372a087916f,0.907911,17.139093,1,13494,1,1,0,0,1,0,0,0,0,0,0,0,0,0
1401,8,b0335b52c9814a5f,1.725733,16.354804,1,12981,1,0,0,0,0,0,0,0,0,0,0,0,0,1
1402,8,a06ed432cfa1c40b,2.341926,19.260049,1,13416,2,1,0,0,1,0,0,0,0,0,0,0,0,1
1403,8,4ca3d8a26ce587a1,1.759402,17.948199,1,13186,1,1,0,0,1,0,0,0,0,0,0,0,0,0
1404,8,d8255fd5c60e90dd,2.365426,16.962656,1,13698,1,0,0,0,0,0,0,0,0,0,0,0,0,1
1405,8,adb0a87f62c53a95,1.777056,16.222254,1,14259,1,1,0,0,1,0,0,0,0,0,0,0,0,0
1406,8,5a0414d07bdb6237,1.336372,19.160369,1,14359,1,1,0,0,1,0,0,0,0,0,0,0,0,1
1407,8,80f817d44da532dc,2.047619,17.873314,1,14367,1,0,0,0,0,0,0,0,0,0,0,0,0,1
1408,8,92661d5927f80d5f,1.5383,16.906397,1,14498,1,1,0,0,1,0,0,0,0,0,0,0,0,0
1409,8,4f3ab0c78e8a5b24,2.200974,19.674855,1,14359,2,1,0,0,1,0,0,0,0,0,0,0,0,1
1410,8,9f60613854f816a0,1.653509,20.0,1,14270,1,1,0,0,1,0,0,0,0,0,0,0,0,1
1411,8,1480e2a37e77d908,1.24222,20.0,1,14406,1,1,0,0,1,0,0,0,0,0,0,0,0,1
1412,8,43b35f1b69ff97a8,1.976887,20.0,1,14288,1,0,0,0,0,0,0,0,0,0,0,0,0,1
1413,8,4e8681a67e08c4a3,1.486647,19.25408,1,14296,1,1,0,0,1,0,0,0,0,0,0,0,0,0
1414,8,713edaebdc043a7f,1.116862,20.0,1,14289,1,1,0,0,1,0,0,0,0,0,0,0,0,1
1415,8,81387313bcedb4ac,0.839057,20.0,1,14255,1,1,0,0,1,0,0,0,0,0,0,0,0,1
1416,8,422e3f02e0249808,1.675133,20.0,1,14400,2,1,0,0,1,0,0,0,0,0,0,0,0,1
1417,8,a04bd087bbc74099,1.258465,20.0,1,14334,1,1,0,0,1,0,0,0,0,0,0,0,0,0
1418,8,365d595e88dc391c,1.989091,19.805024,1,14254,1,0,0,0,0,0,0,0,0,0,0,0,0,1
1419,8,caa6b77ad8c01b29,1.49433,18.357619,1,14337,1,1,0,0,1,0,0,0,0,0,0,0,0,0
1420,8,fcc10cfc4f95e987,2.167908,20.0,1,14401,2,1,0,0,1,0,0,0,0,0,0,0,0,1
1421,8,c895e82768f1bc5f,0.585015,20.0,1,14210,0,1,0,0,1,0,0,0,0,0,0,0,0,1
1422,8,90579b19093b0ccc,0.4395,20.0,1,14263,1,1,0,0,1,0,0,0,0,0,0,0,0,0
1423,8,44f9aabc67eb7008,1.374661,18.841328,1,14204,2,1,0,0,0,0,0,0,0,0,0,0,0,1
1424,8,a1ce1eaafebfd3ce,2.076384,20.0,1,14458,1,0,0,0,1,0,0,0,0,0,0,0,0,1
1425,8,916be778b1eec2f9,1.55991,20.0,1,14380,1,1,0,0,1,0,0,0,0,0,0,0,0,1
1426,8,f472c1bb3c747fcf,1.171902,20.0,1,14482,1,1,0,0,1,0,0,0,0,0,0,0,0,0
1427,8,7226066107016730,0.881287,20.0,1,14326,1,1,0,0,1,0,0,0,0,0,0,0,0,1
1428,8,2b45e9f3c500a37f,0.662078,20.0,1,14638,1,1,0,0,1,0,0,0,0,0,0,0,0,0
1429,9,1fd48474a6be9a50,0.497394,18.773662,1,13937,1,1,0,0,0,0,0,0,0,0,0,0,0,1
1430,9,0b198662efcfc49a,1.418198,17.598563,1,14082,1,0,0,0,1,0,0,0,0,0,0,0,0,0
1431,9,fcbdd03152747088,1.065439,20.0,1,14305,1,1,0,0,1,0,0,0,0,0,0,0,0,1
1432,9,c7b8a2a9fab59ea4,0.800425,20.0,1,14345,1,1,0,0,1,0,0,0,0,0,0,0,0,1
1433,9,241e6acbb414e8f5,2.688636,16.615894,0,14196,2,0,0,0,0,0,0,0,0,0,0,0,0,0
1434,9,fc64a472a0076c97,2.021893,19.456392,1,14021,1,1,0,0,1,0,0,0,0,0,0,0,0,1
1435,9,1e870741cfb1004d,1.518972,20.0,1,14176,1,1,0,0,1,0,0,0,0,0,0,0,0,1
1436,9,bf57db00a494f005,2.1848,19.686997,1,14178,1,0,0,0,0,0,0,0,0,0,0,0,0,1
1437,9,b9cebc1ba6e23f90,1.643001,18.285404,1,14026,1,1,0,0,1,0,0,0,0,0,0,0,0,0
1438,9,e665c14bbc29de1b,2.277979,20.0,1,14208,2,1,0,0,1,0,0,0,0,0,0,0,0,1
1439,9,e769dc1986223560,2.755014,19.026096,1,14264,1,0,0,0,0,0,0,0,0,0,0,0,0,1
1440,9,1dc6f86b0f28f527,2.069739,20.0,1,14114,1,1,0,0,1,0,0,0,0,0,0,0,0,1
1441,9,83171efae161e4f9,1.556473,20.0,1,14080,1,1,0,0,1,0,0,0,0,0,0,0,0,1
1442,9,d0f092e334d1b579,1.16932,20.0,1,14150,1,1,0,0,0,0,0,0,0,0,0,0,0,1
1443,9,3c72e9f66e532470,0.878466,19.040886,1,14107,1,1,0,0,1,0,0,0,0,0,0,0,0,0
1444,9,1fdd04fc4bd3a35e,2.74892,20.0,1,13962,2,0,0,0,1,0,0,0,0,0,0,0,0,1
1445,9,1ea3379f3547fd92,2.065161,19.465729,1,13972,1,1,0,0,1,0,0,0,0,0,0,0,0,0
1446,9,f2433026cfae9a47,1.551478,20.0,1,13948,1,1,0,0,1,0,0,0,0,0,0,0,0,1
1447,9,d0cc26dd4ca1a8f2,1.165568,20.0,1,14123,1,1,0,0,1,0,0,0,0,0,0,0,0,1
1448,9,38a3c7ee0e61cf29,2.964824,17.425006,0,13809,2,0,0,0,0,0,0,0,0,0,0,0,0,0
1449,9,e64373de38c1d3e1,2.227362,20.0,1,13929,1,1,0,0,1,0,0,0,0,0,0,0,0,1
1450,9,7addd6445d78c1a4,1.673334,18.540491,1,13886,1,1,0,0,1,0,0,0,0,0,0,0,0,0
1451,9,32a2c7ad3446fe7a,2.302521,17.423215,1,13967,1,0,0,0,0,0,0,0,0,0,0,0,0,1
1452,9,c2ddba3954d1d184,1.729798,20.0,1,13892,1,1,0,0,1,0,0,0,0,0,0,0,0,1
1453,9,6665faed5439f816,1.299533,18.539481,1,13890,1,1,0,0,1,0,0,0,0,0,0,0,0,0
1454,9,e2ced52540714a46,0.97629,20.0,1,13964,1,1,0,0,1,0,0,0,0,0,0,0,0,1
1455,9,609fe1b042bd7177,0.734184,19.186852,1,13675,1,1,0,0,1,0,0,0,0,0,0,0,0,0
1456,9,a841332a0fc6c3b7,1.595219,17.893209,1,14082,1,0,0,0,0,0,0,0,0,0,0,0,0,1
1457,9,55f4672a66ea5f47,1.198428,16.921344,1,13715,1,1,0,0,1,0,0,0,0,0,0,0,0,0
1458,9,c0bd9a34ec0d85ea,0.901235,19.686095,1,13855,1,1,0,0,1,0,0,0,0,0,0,0,0,1
1459,9,aabefe6d1a5d48da,1.720718,14.789427,0,13767,1,0,0,0,0,0,0,0,0,0,0,0,0,0
1460,9,3a430dc208632016,1.292711,18.068433,1,13920,1,1,0,0,1,0,0,0,0,0,0,0,0,1
1461,9,80aa2168e796d8f4,0.971165,17.052983,1,13991,1,1,0,0,1,0,0,0,0,0,0,0,0,0
1462,9,f7ccb287b0e2aba7,2.818631,16.304588,1,13995,2,0,0,0,0,0,0,0,0,0,0,0,0,1
1463,9,2112fa62c82cb6c3,2.117532,19.206716,1,13841,1,1,0,0,1,0,0,0,0,0,0,0,0,1
1464,9,542d2ce96e80afc1,1.590823,17.908132,1,13829,1,1,0,0,0,0,0,0,0,0,0,0,0,1
1465,9,6e60a9a40289d397,2.240472,16.947673,1,13779,1,0,0,0,1,0,0,0,0,0,0,0,0,0
1466,9,0d28e31d51bf6ee7,1.683183,19.689842,1,13922,1,1,0,0,1,0,0,0,0,0,0,0,0,1
1467,9,1cc2b0b192026c8b,3.351819,18.271087,1,13931,2,0,0,0,0,0,0,0,0,0,0,0,0,1
1468,9,1248b02762c2799a,2.518096,20.0,1,14076,1,1,0,0,1,0,0,0,0,0,0,0,0,1
1469,9,3686db50da6353c5,1.893644,19.03522,1,13825,1,1,0,0,1,0,0,0,0,0,0,0,0,0
1470,9,07a5e51a719ae67e,1.422624,20.0,1,14079,1,1,0,0,1,0,0,0,0,0,0,0,0,1
1471,9,f655ac8ba190f916,2.112418,19.449289,1,13811,1,0,0,0,0,0,0,0,0,0,0,0,0,1
1472,9,df4636fa5bc0dabb,2.632719,18.106644,1,13807,2,1,0,0,1,0,0,0,0,0,0,0,0,0
1473,9,1c757de92bdadf2e,1.977863,20.0,1,13945,1,1,0,0,1,0,0,0,0,0,0,0,0,1
1474,9,fadc674e98d26e7a,1.485895,20.0,1,13953,1,1,0,0,1,0,0,0,0,0,0,0,0,1
1475,9,b060c27d5d82a438,2.15995,16.831325,0,13985,1,0,0,0,0,0,0,0,0,0,0,0,0,0
1476,9,3e83494758863f57,1.624314,19.6184,1,13902,1,1,0,0,1,0,0,0,0,0,0,0,0,1
1477,9,47e28f4ad82b74ba,1.220286,18.217415,1,14095,1,1,0,0,1,0,0,0,0,0,0,0,0,0
1478,9,517cd9eef193deb6,0.916755,20.0,1,14113,1,1,0,0,1,0,0,0,0,0,0,0,0,1
1479,9,2cb5d07246dfbbe3,2.777714,19.004897,1,13928,2,0,0,0,0,0,0,0,0,0,0,0,0,1
1480,9,d9410da540952eba,2.086793,17.756513,1,13763,1,1,0,0,1,0,0,0,0,0,0,0,0,0
1481,9,871f8b3aad28f122,1.567729,20.0,1,13941,1,1,0,0,1,0,0,0,0,0,0,0,0,1
1482,9,7947c2ede8685cc5,1.177776,18.727593,1,14062,1,1,0,0,0,0,0,0,0,0,0,0,0,1
1483,9,a216920c73e91809,1.929855,17.563918,1,13868,1,0,0,0,1,0,0,0,0,0,0,0,0,0
1484,9,a21e49f92b139637,1.449828,20.0,1,14193,1,1,0,0,1,0,0,0,0,0,0,0,0,1
1485,9,4cda4847fad63b8e,1.089202,18.618893,1,13997,1,1,0,0,1,0,0,0,0,0,0,0,0,0
1486,9,9d585e5e02f0bf39,1.863246,17.482175,1,13944,1,0,0,0,0,0,0,0,0,0,0,0,0,1
1487,9,b3aaea1d98938d88,1.399787,16.612549,1,14086,1,1,0,0,1,0,0,0,0,0,0,0,0,0
1488,9,570104e6038a27ba,1.051607,19.438076,1,14296,1,1,0,0,1,0,0,0,0,0,0,0,0,1
1489,9,8f6131cee13c3be4,1.833687,18.081944,1,15170,1,0,0,0,0,0,0,0,0,0,0,0,0,1
1490,9,9852f06e0716f2e6,1.378959,17.078382,1,14807,1,1,0,0,1,0,0,0,0,0,0,0,0,0
1491,9,29c46747397b015a,1.03596,16.309194,1,14860,1,1,0,0,0,0,0,0,0,0,0,0,0,1
1492,9,e44f8b3f8355a971,1.821931,15.731332,1,14542,1,0,0,0,1,0,0,0,0,0,0,0,0,0
1493,9,c2065c3af30fc196,2.414269,18.79119,1,15337,2,1,0,0,1,0,0,0,0,0,0,0,0,1
1494,9,f1e2073d482810b1,1.81375,17.595963,1,15265,1,1,0,0,0,0,0,0,0,0,0,0,0,1
1495,9,2f0b75a626212b5f,2.406256,20.0,1,14986,1,0,0,0,1,0,0,0,0,0,0,0,0,1
1496,9,3bff09d1ec698d29,2.851383,20.0,1,14735,2,1,0,0,1,0,0,0,0,0,0,0,0,1
1497,9,dfa866499880a308,2.144281,20.0,1,14458,1,1,0,0,1,0,0,0,0,0,0,0,0,0
1498,9,30b0f77d6436cfd4,2.654572,18.588175,1,14145,1,0,0,0,0,0,0,0,0,0,0,0,0,1
1499,9,5d2157f2c1228560,1.99428,17.443446,1,14326,1,1,0,0,1,0,0,0,0,0,0,0,0,0
1500,9,9e16f70676223d23,2.543878,20.0,1,13954,2,1,0,0,1,0,0,0,0,0,0,0,0,1
1501,9,09ba666c221a0d8d,1.91112,20.0,1,14136,1,1,0,0,1,0,0,0,0,0,0,0,0,1
1502,9,352a7aa9c07d7f90,2.479407,20.0,1,14218,1,0,0,0,0,0,0,0,0,0,0,0,0,1
1503,9,c1104ca29a89112a,1.862685,20.0,1,14097,1,1,0,0,1,0,0,0,0,0,0,0,0,1
1504,9,4a4ea3d53e03ae23,1.400766,20.0,1,13895,1,1,0,0,1,0,0,0,0,0,0,0,0,0
1505,9,8a27f04150d4cfca,3.13965,18.529332,1,14189,2,0,0,0,0,0,0,0,0,0,0,0,0,1
1506,9,21662a3c0d0d716a,2.358702,20.0,1,14042,1,1,0,0,1,0,0,0,0,0,0,0,0,1
1507,9,39163f934dbfe4e0,1.773777,20.0,1,14077,1,1,0,0,1,0,0,0,0,0,0,0,0,1
1508,9,67c4c37b66ef7854,1.332573,20.0,1,14149,1,1,0,0,1,0,0,0,0,0,0,0,0,1
1509,9,6e81bb0111d2a03d,1.001112,18.017168,0,13956,1,1,0,0,0,0,0,0,0,0,0,0,0,0
1510,9,972d3ef0a3003152,1.795751,20.0,1,14038,1,0,0,0,1,0,0,0,0,0,0,0,0,1
1511,9,f760416388d53e30,1.350431,20.0,1,14036,1,1,0,0,1,0,0,0,0,0,0,0,0,1
1512,9,d463cc08d684ccea,2.058181,16.807448,0,14180,1,0,0,0,0,0,0,0,0,0,0,0,0,0
1513,9,ead2af1a5bf645e2,1.546235,19.584497,1,14103,1,1,0,0,1,0,0,0,0,0,0,0,0,1
1514,9,2ee46e07cbe3c94d,1.162791,18.208322,1,14046,1,1,0,0,1,0,0,0,0,0,0,0,0,0
1515,9,422d390b565800d1,0.873561,20.0,1,14205,1,1,0,0,1,0,0,0,0,0,0,0,0,1
1516,9,11f5f436ab250ad2,1.699927,15.503747,0,14097,1,0,0,0,0,0,0,0,0,0,0,0,0,0
1517,9,bf1527321ec0138c,2.320745,18.605075,1,14314,2,1,0,0,1,0,0,0,0,0,0,0,0,1
1518,9,55f1ed696d7d7cb1,1.745233,20.0,1,14251,1,1,0,0,1,0,0,0,0,0,0,0,0,1
1519,9,b1bed0b582f6bb65,1.311129,20.0,1,14391,1,1,0,0,1,0,0,0,0,0,0,0,0,1
1520,9,28c4a9d38f412e65,0.985002,20.0,1,14619,1,1,0,0,0,0,0,0,0,0,0,0,0,1
1521,9,066cff3d49b06c01,1.784886,18.920311,1,14459,1,0,0,0,1,0,0,0,0,0,0,0,0,0
1522,9,04f5035b71c6a47b,1.340918,20.0,1,14184,1,1,0,0,1,0,0,0,0,0,0,0,0,1
1523,9,197bb2bc20462dd8,2.051035,19.384435,1,14327,1,0,0,0,0,0,0,0,0,0,0,0,0,1
1524,9,ca4cac3c8e1a44fd,1.540866,18.041646,1,14466,1,1,0,0,1,0,0,0,0,0,0,0,0,0
1525,9,86add56d20b2a992,1.158753,20.0,1,14411,1,1,0,0,1,0,0,0,0,0,0,0,0,1
1526,9,4de60e169ec6fb28,1.914181,15.422353,0,14384,1,0,0,0,0,0,0,0,0,0,0,0,0,0
1527,9,115b2b434d05bb77,2.481706,18.543927,1,14259,2,1,0,0,1,0,0,0,0,0,0,0,0,1
1528,9,97be25da26d39cb4,1.866278,20.0,1,14298,1,1,0,0,1,0,0,0,0,0,0,0,0,1
1529,9,14fce6fee0f49fae,2.445719,19.184967,1,14478,1,0,0,0,0,0,0,0,0,0,0,0,0,1
1530,9,b8aab18061b7c012,1.837377,17.891793,1,14282,1,1,0,0,1,0,0,0,0,0,0,0,0,0
1531,9,2fda8ba76fe65e09,2.424006,16.92028,1,14184,2,1,0,0,0,0,0,0,0,0,0,0,0,1
1532,9,c63782ccdd654753,2.867038,19.685295,1,14393,1,0,0,0,1,0,0,0,0,0,0,0,0,1
1533,9,1c4781a720cee1c6,2.153898,20.0,1,14257,1,1,0,0,1,0,0,0,0,0,0,0,0,1
1534,9,ad60108f20a3df23,1.618143,20.0,1,14401,1,1,0,0,1,0,0,0,0,0,0,0,0,1
1535,9,dbbea8ffef5e5189,1.216867,20.0,1,14256,1,1,0,0,1,0,0,0,0,0,0,0,0,0
1536,9,cb570c39fb87b48b,1.95784,19.254382,1,14324,1,0,0,0,0,0,0,0,0,0,0,0,0,1
1537,9,241518b3b5c9d246,1.470852,17.943942,1,14287,1,1,0,0,1,0,0,0,0,0,0,0,0,0
1538,9,047b75ca149d71f7,1.104996,20.0,1,14085,1,1,0,0,1,0,0,0,0,0,0,0,0,1
1539,9,088ac63bd0407a63,1.875123,20.0,1,14190,2,1,0,0,1,0,0,0,0,0,0,0,0,1
1540,9,2e874b25835fa3a5,1.40871,20.0,1,14301,1,1,0,0,1,0,0,0,0,0,0,0,0,0
1541,9,65ef939757159892,2.101965,18.695829,1,14370,1,0,0,0,0,0,0,0,0,0,0,0,0,1
1542,9,02900eea0c571c2b,1.580707,17.540031,1,14130,1,1,0,0,1,0,0,0,0,0,0,0,0,0
1543,9,23d8d185709c88c3,1.187526,20.0,1,14327,1,1,0,0,1,0,0,0,0,0,0,0,0,1
1544,9,c1c3ec91446b7b1a,0.892144,18.605411,1,14126,1,1,0,0,1,0,0,0,0,0,0,0,0,0
1545,9,baecd2fb841d84d4,0.670235,20.0,1,14432,1,1,0,0,1,0,0,0,0,0,0,0,0,1
1546,9,a2fdc5147b7a6ce6,0.504026,15.743598,0,14180,1,1,0,0,0,0,0,0,0,0,0,0,0,0
1547,9,6824350144f7aecb,2.465963,18.785266,1,14291,2,0,0,0,1,0,0,0,0,0,0,0,0,1
1548,9,bfb66f23b8ea9a14,1.852585,20.0,1,14611,1,1,0,0,1,0,0,0,0,0,0,0,0,1
1549,9,6268fd1dde37f439,1.393171,20.0,1,14600,1,1,0,0,1,0,0,0,0,0,0,0,0,1
1550,9,c0f555025b5c633a,1.046637,17.133455,0,14696,1,1,0,0,0,0,0,0,0,0,0,0,0,0
1551,9,12067355e4cba5fd,1.829953,19.829413,1,14595,1,0,0,0,1,0,0,0,0,0,0,0,0,1
1552,9,114b09c49af7a784,1.374775,18.375941,1,14709,1,1,0,0,1,0,0,0,0,0,0,0,0,0
1553,9,48e2dd29a6a989be,2.078001,17.299471,1,14463,1,0,0,0,0,0,0,0,0,0,0,0,0,1
1554,9,ea6c01ce073ebc18,2.604778,19.954135,1,14587,2,1,0,0,1,0,0,0,0,0,0,0,0,1
1555,9,c24700f1e7000a8f,1.956872,20.0,1,14525,1,1,0,0,1,0,0,0,0,0,0,0,0,1
1556,9,75bd1ff590af47d8,2.515746,19.986075,1,14417,1,0,0,0,0,0,0,0,0,0,0,0,0,1
1557,9,327116c271dc2a0b,1.889986,18.493636,1,14244,1,1,0,0,1,0,0,0,0,0,0,0,0,0
1558,9,abc15d70e610f623,1.419876,20.0,1,14507,1,1,0,0,1,0,0,0,0,0,0,0,0,1
1559,9,42cce85afd41fae2,3.154006,19.143621,1,14330,2,0,0,0,0,0,0,0,0,0,0,0,0,1
1560,9,09bfd6ce1c4f3d8e,2.371858,20.0,1,14140,1,1,0,0,1,0,0,0,0,0,0,0,0,1
1561,9,b55e8ffacfd016a4,1.781888,20.0,1,14247,1,1,0,0,1,0,0,0,0,0,0,0,0,1
1562,9,48e9762a55f72439,1.338666,20.0,1,14160,1,1,0,0,1,0,0,0,0,0,0,0,0,0
1563,9,fab076c713c0dd8f,1.006696,19.092204,1,13920,1,1,0,0,0,0,0,0,0,0,0,0,0,1
1564,9,1fc57e52f65441f3,1.799946,17.822104,1,14135,1,0,0,0,1,0,0,0,0,0,0,0,0,0
1565,9,41c8502a4b5096ae,1.352232,20.0,1,14006,1,1,0,0,1,0,0,0,0,0,0,0,0,1
1566,9,04264219273f00f7,2.059535,20.0,1,13967,2,1,0,0,1,0,0,0,0,0,0,0,0,1
1567,9,2c15fad0aef85f01,2.59295,20.0,1,14074,1,0,0,0,0,0,0,0,0,0,0,0,0,1
1568,9,50b824ca23ecb851,1.947987,18.660283,1,14062,1,1,0,0,1,0,0,0,0,0,0,0,0,0
1569,9,84dfdb857c090291,1.463449,20.0,1,13990,1,1,0,0,1,0,0,0,0,0,0,0,0,1
1570,9,66c4a9b17df16ab8,1.100535,19.2551,1,13882,1,1,0,0,0,0,0,0,0,0,0,0,0,1
1571,9,f952ebb3f11308bd,1.870444,17.944481,1,13954,1,0,0,0,1,0,0,0,0,0,0,0,0,0
1572,9,cedd0714675add9b,2.448848,20.0,1,13892,2,1,0,0,1,0,0,0,0,0,0,0,0,1
1573,9,6a4e3b30f8b59277,1.839728,20.0,1,14168,1,1,0,0,1,0,0,0,0,0,0,0,0,1
1574,9,14f3dc75608f6f8d,1.383502,20.0,1,13790,1,1,0,0,1,0,0,0,0,0,0,0,0,1
1575,9,3588ef7901bb3bff,2.083026,20.0,1,13915,1,0,0,0,0,0,0,0,0,0,0,0,0,1
1576,9,88a2878a09da1f90,1.5649,19.491312,1,13831,1,1,0,0,1,0,0,0,0,0,0,0,0,0
1577,9,1945941c6de8068f,1.176827,20.0,1,14078,1,1,0,0,1,0,0,0,0,0,0,0,0,1
1578,9,9fc8cc2481b73611,0.884106,20.0,1,14055,1,1,0,0,1,0,0,0,0,0,0,0,0,1
1579,9,f470d6c2825ed526,1.707849,17.428576,0,13849,1,0,0,0,0,0,0,0,0,0,0,0,0,0
1580,9,cc3e15345951037e,1.283043,20.0,1,14014,1,1,0,0,1,0,0,0,0,0,0,0,0,1
1581,9,4360d39b7aed7373,2.009017,18.559235,1,13977,1,0,0,0,0,0,0,0,0,0,0,0,0,1
1582,9,7dd518ebbd6cbb5e,1.5093,17.421704,1,13830,1,1,0,0,1,0,0,0,0,0,0,0,0,0
1583,9,02353af1934faa42,2.177534,16.567119,1,13884,1,0,0,0,0,0,0,0,0,0,0,0,0,1
1584,9,d89a2f9d73a8588e,1.637536,15.939212,1,14043,1,1,0,0,1,0,0,0,0,0,0,0,0,0
1585,9,5f1413fa08fe8e25,2.273873,18.932223,1,13925,2,1,0,0,1,0,0,0,0,0,0,0,0,1
1586,9,5bb95371b6cb3085,1.708276,17.701916,1,13959,1,1,0,0,0,0,0,0,0,0,0,0,0,1
1587,9,9a886e70cce6f48d,2.327017,20.0,1,13990,1,0,0,0,1,0,0,0,0,0,0,0,0,1
1588,9,953c8a8c1bfb44d1,1.74995,18.713661,1,14070,1,1,0,0,1,0,0,0,0,0,0,0,0,0
1589,9,c60ab5d371cb6dbd,1.314672,20.0,1,13962,1,1,0,0,1,0,0,0,0,0,0,0,0,1
1590,9,a3ce878980947308,2.031317,15.788958,0,13969,1,0,0,0,0,0,0,0,0,0,0,0,0,0
1591,9,e1622140268502ff,1.52758,18.834525,1,14109,1,1,0,0,1,0,0,0,0,0,0,0,0,1
1592,9,80c420fcde5b2376,2.191267,20.0,1,14009,2,1,0,0,1,0,0,0,0,0,0,0,0,1
1593,9,71666303004c43d6,2.68987,19.336018,1,14024,1,0,0,0,0,0,0,0,0,0,0,0,0,1
1594,9,71cd9d98a16f4232,2.020799,18.005272,1,14276,1,1,0,0,1,0,0,0,0,0,0,0,0,0
1595,9,0a411613968edfc2,1.51967,20.0,1,13950,1,1,0,0,1,0,0,0,0,0,0,0,0,1
1596,9,3d878998b250a99f,1.141671,15.401803,0,14176,1,1,0,0,0,0,0,0,0,0,0,0,0,0
1597,9,a297601d68ae7731,2.945001,18.528488,1,13941,2,0,0,0,1,0,0,0,0,0,0,0,0,1
1598,9,200367be5d31b3a9,2.214683,20.0,1,14001,1,1,0,0,1,0,0,0,0,0,0,0,0,1
1599,9,5134399e720ec30e,1.663809,20.0,1,13985,1,1,0,0,1,0,0,0,0,0,0,0,0,1
1600,9,b13e65edd381f746,1.249957,17.019921,0,14095,1,1,0,0,0,0,0,0,0,0,0,0,0,0
1601,9,ecde7c48f15d0c4a,1.982699,19.74412,1,13899,1,0,0,0,1,0,0,0,0,0,0,0,0,1
1602,9,8b218320bbe3e233,1.491018,18.328361,1,14096,1,1,0,0,1,0,0,0,0,0,0,0,0,0
1603,9,67efd45e1964b3e9,2.1638,17.248257,1,14088,1,0,0,0,0,0,0,0,0,0,0,0,0,1
1604,9,be274e3d9683d89e,1.625582,16.436815,1,14097,1,1,0,0,1,0,0,0,0,0,0,0,0,0
1605,9,ba06c34cd3abee9a,1.222461,19.321723,1,14090,1,1,0,0,1,0,0,0,0,0,0,0,0,1
1606,9,158c804fffb5c6a2,1.962042,17.994533,1,14343,1,0,0,0,0,0,0,0,0,0,0,0,0,1
1607,9,486666c5aa33e017,1.474009,16.997464,1,14136,1,1,0,0,1,0,0,0,0,0,0,0,0,0
1608,9,d8ce3545f373b48d,1.107368,19.727248,1,14344,1,1,0,0,1,0,0,0,0,0,0,0,0,1
1609,9,891d6b4bbbb121c2,0.832756,14.835172,0,14198,1,1,0,0,0,0,0,0,0,0,0,0,0,0
1610,9,e6a34de6c5392f9a,1.669272,18.102799,1,14294,1,0,0,0,1,0,0,0,0,0,0,0,0,1
1611,9,c2fdd79eec4f4d6c,2.297715,20.0,1,14257,2,1,0,0,1,0,0,0,0,0,0,0,0,1
1612,9,73628d2e67deec69,2.772065,15.459642,0,14342,1,0,0,0,0,0,0,0,0,0,0,0,0,0
1613,9,434cf2db20dff390,2.082549,18.57194,1,14175,1,1,0,0,1,0,0,0,0,0,0,0,0,1
1614,9,565272c569edfdfc,1.564541,20.0,1,14231,1,1,0,0,1,0,0,0,0,0,0,0,0,1
1615,9,23f0ed23a042569d,2.219035,19.187816,1,14180,1,0,0,0,0,0,0,0,0,0,0,0,0,1
1616,9,abe3b2e1e9ac8ca3,2.712896,20.0,1,14205,2,1,0,0,1,0,0,0,0,0,0,0,0,1
1617,9,30c1ef412897e86b,3.081751,19.548739,1,14296,1,0,0,0,0,0,0,0,0,0,0,0,0,1
1618,9,9ca2cd94d1cfdea1,2.315204,18.165081,1,14105,1,1,0,0,1,0,0,0,0,0,0,0,0,0
1619,9,57b8b45fd0743a61,1.741067,20.0,1,14103,1,1,0,0,1,0,0,0,0,0,0,0,0,1
1620,9,220d666e80a7c2eb,2.351652,20.0,1,14053,2,1,0,0,1,0,0,0,0,0,0,0,0,1
1621,9,ce507ed442b9258d,2.810361,20.0,1,14185,1,0,0,0,0,0,0,0,0,0,0,0,0,1
1622,9,60a9ad034a1d4d4a,2.111319,18.762925,1,14136,1,1,0,0,1,0,0,0,0,0,0,0,0,0
1623,9,0905c21317e13c85,1.587742,20.0,1,14166,1,1,0,0,1,0,0,0,0,0,0,0,0,1
1624,9,3f473092fc5b3f0b,3.280118,19.308692,1,13925,2,0,0,0,0,0,0,0,0,0,0,0,0,1
1625,9,23416ebf4bb44171,2.46423,20.0,1,13982,1,1,0,0,1,0,0,0,0,0,0,0,0,1
1626,9,0f77c03fc23dd845,1.853136,19.621425,1,13952,1,1,0,0,1,0,0,0,0,0,0,0,0,0
1627,9,6b2161a24845743c,1.392192,20.0,1,13804,1,1,0,0,1,0,0,0,0,0,0,0,0,1
1628,9,accdb09621daaa9f,3.133208,19.780141,1,13930,2,0,0,0,0,0,0,0,0,0,0,0,0,1
1629,9,e7aa271b96000509,2.353862,20.0,1,13883,1,1,0,0,1,0,0,0,0,0,0,0,0,1
1630,9,8bba42b7ee927c4f,1.770138,20.0,1,13830,1,1,0,0,1,0,0,0,0,0,0,0,0,1
1631,9,1850b86762b6a0ff,1.329839,20.0,1,13824,1,1,0,0,1,0,0,0,0,0,0,0,0,0
1632,9,cb43c894ea4526e1,0.999058,19.281321,1,13984,1,1,0,0,0,0,0,0,0,0,0,0,0,1
1633,9,39a3c51e2f6cef41,1.795456,17.98033,1,13874,1,0,0,0,1,0,0,0,0,0,0,0,0,0
1634,9,c743c8d8d244668b,1.348859,20.0,1,13680,1,1,0,0,1,0,0,0,0,0,0,0,0,1
1635,9,b474a5519ba55f5f,2.057001,15.375069,0,13751,1,0,0,0,0,0,0,0,0,0,0,0,0,0
1636,9,7a69a469a3f03974,1.545348,18.508404,1,13570,1,1,0,0,1,0,0,0,0,0,0,0,0,1
1637,9,b455d8ac6339acbb,1.162124,17.399085,1,13665,1,1,0,0,1,0,0,0,0,0,0,0,0,0
1638,9,bfac3001535073c2,0.87306,16.550127,1,13357,1,1,0,0,0,0,0,0,0,0,0,0,0,1
1639,9,372a236e3f210436,1.699551,15.912336,1,13515,1,0,0,0,1,0,0,0,0,0,0,0,0,0
1640,9,5a2ba229e4abf30d,1.278086,18.927307,1,13537,1,1,0,0,1,0,0,0,0,0,0,0,0,1
1641,9,7d9db3ba19d3a9ca,2.003832,14.219378,0,13904,1,0,0,0,0,0,0,0,0,0,0,0,0,0
1642,9,5419133db127a5ae,1.505404,17.640176,1,13587,1,1,0,0,1,0,0,0,0,0,0,0,0,1
1643,9,5308a59c9c1154f9,2.174607,20.0,1,13699,2,1,0,0,1,0,0,0,0,0,0,0,0,1
1644,9,f97c10f85e32ca3c,2.679486,18.67878,1,13784,1,0,0,0,0,0,0,0,0,0,0,0,0,1
1645,9,fe7cf20a1aab92a3,2.012998,20.0,1,13520,1,1,0,0,1,0,0,0,0,0,0,0,0,1
1646,9,f56ecff165f4a3a0,1.51229,19.248116,1,13633,1,1,0,0,1,0,0,0,0,0,0,0,0,0
1647,9,67edb6e9b90c57e4,2.181414,17.955359,1,13781,1,0,0,0,0,0,0,0,0,0,0,0,0,1
1648,9,b3086e60312efc7b,1.638815,16.968035,1,13688,1,1,0,0,1,0,0,0,0,0,0,0,0,0
1649,9,efd9a0b38ba88754,1.23118,19.705139,1,13928,1,1,0,0,1,0,0,0,0,0,0,0,0,1
1650,9,591d783c02279664,0.92494,18.282579,1,13632,1,1,0,0,1,0,0,0,0,0,0,0,0,0
1651,9,702d91c3b178db02,1.739718,17.229262,1,13743,1,0,0,0,0,0,0,0,0,0,0,0,0,1
1652,9,18c1ceb7856f85a2,2.350639,19.901389,1,13799,2,1,0,0,1,0,0,0,0,0,0,0,0,1
1653,9,5de8e949a997e10b,1.765947,20.0,1,13622,1,1,0,0,1,0,0,0,0,0,0,0,0,1
1654,9,7ff11cfcdb98bdec,2.372168,19.956276,1,13409,1,0,0,0,0,0,0,0,0,0,0,0,0,1
1655,9,2a2505017a3e4859,1.782121,18.471249,1,13564,1,1,0,0,1,0,0,0,0,0,0,0,0,0
1656,9,2f678564651ad8e5,1.338841,20.0,1,13441,1,1,0,0,1,0,0,0,0,0,0,0,0,1
1657,9,518ce9c7bc95b243,2.049474,20.0,1,13636,2,1,0,0,1,0,0,0,0,0,0,0,0,1
1658,9,5ecf73857acdef32,1.541234,20.0,1,13568,1,1,0,0,1,0,0,0,0,0,0,0,0,0
1659,9,382797dcfc3f8362,2.201525,18.86727,1,13681,1,0,0,0,0,0,0,0,0,0,0,0,0,1
1660,9,a2aa6c388333c5c9,1.653923,17.653119,1,13721,1,1,0,0,1,0,0,0,0,0,0,0,0,0
1661,9,894188e79a20d12e,2.287924,16.755899,1,13722,1,0,0,0,0,0,0,0,0,0,0,0,0,1
1662,9,9ca1749fc258c8b4,1.718832,16.066925,1,13721,1,1,0,0,1,0,0,0,0,0,0,0,0,0
1663,9,5e6abc860afe3d6e,1.291294,19.028169,1,13891,1,1,0,0,1,0,0,0,0,0,0,0,0,1
1664,9,9a09569344677402,0.970101,20.0,1,13799,1,1,0,0,1,0,0,0,0,0,0,0,0,1
1665,9,d1ac6510874f55c1,2.817831,19.462941,1,13857,2,0,0,0,0,0,0,0,0,0,0,0,0,1
1666,9,87d75a49d8cfce37,1.073278,18.100625,1,13857,0,1,0,0,1,0,0,0,0,0,0,0,0,0
1667,9,62eb00765e520f5d,0.806313,13.598323,0,13900,1,1,0,0,0,0,0,0,0,0,0,0,0,0
1668,9,5a0801925fcbcd4c,1.65051,17.187136,1,13917,1,0,0,0,1,0,0,0,0,0,0,0,0,1
1669,9,795e91631de268c1,1.239966,16.390897,1,14713,1,1,0,0,1,0,0,0,0,0,0,0,0,0
1670,9,f7dd41abad7fdbb2,1.975194,15.792713,1,14674,1,0,0,0,0,0,0,0,0,0,0,0,0,1
1671,9,753daa817853868e,2.527542,18.822164,1,14622,2,1,0,0,1,0,0,0,0,0,0,0,0,1
1672,9,0040e2f2dbf5e163,2.944898,14.154535,0,14563,1,0,0,0,0,0,0,0,0,0,0,0,0,0
1673,9,d64b5198b9030890,2.212392,17.591462,1,16457,1,1,0,0,1,0,0,0,0,0,0,0,0,1
1674,9,3feeaaae0adf8045,2.705741,16.694653,1,16255,1,0,0,0,0,0,0,0,0,0,0,0,0,1
1675,9,fc6dd07ef2e80954,2.034756,16.035118,1,16068,1,1,0,0,1,0,0,0,0,0,0,0,0,0
1676,9,8e5134323c5f8f55,2.572289,15.52543,1,16271,1,0,0,0,0,0,0,0,0,0,0,0,0,1
1677,9,591ec058f1454556,2.976118,18.621364,1,16367,2,1,0,0,1,0,0,0,0,0,0,0,0,1
1678,9,b636069ed547efbb,2.235846,20.0,1,15837,1,1,0,0,1,0,0,0,0,0,0,0,0,1
1679,9,b561e764048ce259,2.725539,19.233112,1,16109,1,0,0,0,0,0,0,0,0,0,0,0,0,1
1680,9,783f63c72d001dae,3.091249,20.0,1,15476,2,1,0,0,1,0,0,0,0,0,0,0,0,1
1681,9,a81a763d41ccba09,2.32234,20.0,1,15019,1,1,0,0,1,0,0,0,0,0,0,0,0,1
1682,9,75c33276f23044a2,1.746433,20.0,1,14978,1,1,0,0,1,0,0,0,0,0,0,0,0,0
1683,9,c73b42b788f0507e,2.355683,19.110198,1,15052,2,1,0,0,0,0,0,0,0,0,0,0,0,1
1684,9,7ede5cbc8ef2f556,2.81339,20.0,1,14716,1,0,0,0,1,0,0,0,0,0,0,0,0,1
1685,9,ae2309a4dfca7522,2.113595,20.0,1,13512,1,1,0,0,1,0,0,0,0,0,0,0,0,1
1686,9,0c31ac22aff5aa8d,2.633604,20.0,1,13030,1,0,0,0,0,0,0,0,0,0,0,0,0,1
1687,9,e4ba280806f74950,1.978528,19.071006,1,13527,1,1,0,0,1,0,0,0,0,0,0,0,0,0
1688,9,0b38e2b604a57a3c,1.486394,20.0,1,13631,1,1,0,0,1,0,0,0,0,0,0,0,0,1
1689,9,97be64f2cdc4ed58,1.11779,20.0,1,13655,1,1,0,0,1,0,0,0,0,0,0,0,0,1
1690,9,089ac3e4d51ebfad,2.92706,20.0,1,13401,2,0,0,0,0,0,0,0,0,0,0,0,0,1
1691,9,f400d6025306dcb3,2.198991,19.055206,1,13514,1,1,0,0,1,0,0,0,0,0,0,0,0,0
1692,9,29d70e78c7e96d29,1.65202,20.0,1,13442,1,1,0,0,1,0,0,0,0,0,0,0,0,1
1693,9,cf88db0fd90c8aae,1.242342,15.997714,0,13189,1,1,0,0,0,0,0,0,0,0,0,0,0,0
1694,9,1ad6ba1fc858da4a,1.976979,18.976174,1,13468,1,0,0,0,1,0,0,0,0,0,0,0,0,1
1695,9,8893e3fd88e39e6b,1.48523,20.0,1,13263,1,1,0,0,1,0,0,0,0,0,0,0,0,1
1696,9,c993e82b7de19abe,1.116914,19.433566,1,13019,1,1,0,0,1,0,0,0,0,0,0,0,0,0
1697,9,a1637c574c5d3a95,0.839096,20.0,1,13117,1,1,0,0,1,0,0,0,0,0,0,0,0,1
1698,9,d80867aa55287000,1.674035,16.195269,0,13606,1,0,0,0,0,0,0,0,0,0,0,0,0,0
1699,9,b71356d5285aa930,1.25764,19.124589,1,13882,1,1,0,0,1,0,0,0,0,0,0,0,0,1
1700,10,1fd48474a6be9a50,0.945763,17.862465,1,13740,1,1,0,0,1,0,0,0,0,0,0,0,0,0
1701,10,0b198662efcfc49a,1.75417,16.898247,1,14215,1,0,0,0,0,0,0,0,0,0,0,0,0,1
1702,10,fcbdd03152747088,1.317842,16.173866,1,14302,1,1,0,0,1,0,0,0,0,0,0,0,0,0
1703,10,c7b8a2a9fab59ea4,0.991036,19.123981,1,14097,1,1,0,0,1,0,0,0,0,0,0,0,0,1
1704,10,241e6acbb414e8f5,2.831835,17.845977,1,14375,2,0,0,0,0,0,0,0,0,0,0,0,0,1
1705,10,fc64a472a0076c97,2.127452,16.88586,1,14211,1,1,0,0,1,0,0,0,0,0,0,0,0,0
1706,10,1e870741cfb1004d,1.598275,19.643404,1,14130,1,1,0,0,1,0,0,0,0,0,0,0,0,1
1707,10,bf57db00a494f005,2.246076,18.252622,1,14110,1,0,0,0,0,0,0,0,0,0,0,0,0,1
1708,10,b9cebc1ba6e23f90,1.687393,17.191357,1,13973,1,1,0,0,1,0,0,0,0,0,0,0,0,0
1709,10,e665c14bbc29de1b,2.311329,16.394068,1,14168,1,0,0,0,0,0,0,0,0,0,0,0,0,1
1710,10,e769dc1986223560,2.782303,19.289576,1,14320,2,1,0,0,1,0,0,0,0,0,0,0,0,1
1711,10,1dc6f86b0f28f527,2.09024,20.0,1,14008,1,1,0,0,1,0,0,0,0,0,0,0,0,1
1712,10,83171efae161e4f9,2.613972,19.592847,1,14290,1,0,0,0,0,0,0,0,0,0,0,0,0,1
1713,10,d0f092e334d1b579,1.96378,18.198218,1,14029,1,1,0,0,1,0,0,0,0,0,0,0,0,0
1714,10,3c72e9f66e532470,1.47679,20.0,1,13930,1,1,0,0,1,0,0,0,0,0,0,0,0,1
1715,10,1fdd04fc4bd3a35e,1.109457,18.989655,1,14163,1,1,0,0,1,0,0,0,0,0,0,0,0,0
1716,10,1ea3379f3547fd92,0.833494,17.745062,1,13955,1,1,0,0,0,0,0,0,0,0,0,0,0,1
1717,10,f2433026cfae9a47,1.67095,16.825041,1,13907,1,0,0,0,1,0,0,0,0,0,0,0,0,0
1718,10,d0cc26dd4ca1a8f2,2.298975,19.597714,1,14013,2,1,0,0,1,0,0,0,0,0,0,0,0,1
1719,10,38a3c7ee0e61cf29,1.727134,20.0,1,14046,1,1,0,0,1,0,0,0,0,0,0,0,0,1
1720,10,e64373de38c1d3e1,2.341185,19.766758,1,13869,1,0,0,0,0,0,0,0,0,0,0,0,0,1
1721,10,7addd6445d78c1a4,1.760604,20.0,1,14017,1,1,0,0,1,0,0,0,0,0,0,0,0,1
1722,10,32a2c7ad3446fe7a,1.322676,19.875818,1,13789,1,1,0,0,1,0,0,0,0,0,0,0,0,0
1723,10,c2ddba3954d1d184,0.993677,20.0,1,13866,1,1,0,0,1,0,0,0,0,0,0,0,0,1
1724,10,6665faed5439f816,2.83556,19.941829,1,14006,2,0,0,0,0,0,0,0,0,0,0,0,0,1
1725,10,e2ced52540714a46,2.130251,20.0,1,13689,1,1,0,0,1,0,0,0,0,0,0,0,0,1
1726,10,609fe1b042bd7177,1.600378,19.960975,1,13873,1,1,0,0,1,0,0,0,0,0,0,0,0,0
1727,10,a841332a0fc6c3b7,2.245957,18.474779,1,13878,1,0,0,0,0,0,0,0,0,0,0,0,0,1
1728,10,55f4672a66ea5f47,1.688992,17.373799,1,13812,1,1,0,0,1,0,0,0,0,0,0,0,0,0
1729,10,c0bd9a34ec0d85ea,1.268876,20.0,1,13956,1,1,0,0,1,0,0,0,0,0,0,0,0,1
1730,10,aabefe6d1a5d48da,1.996913,18.51159,1,13859,1,0,0,0,0,0,0,0,0,0,0,0,0,1
1731,10,1adb77769bb8b4f3,1.501707,17.401482,1,13748,1,1,0,0,1,0,0,0,0,0,0,0,0,0
1732,10,a846133f73861c83,1.128176,16.551927,1,13936,1,1,0,0,0,0,0,0,0,0,0,0,0,1
1733,10,cfa8b1cf2d33ed9a,1.89121,15.913689,1,13989,1,0,0,0,1,0,0,0,0,0,0,0,0,0
1734,10,10999707da36a12f,2.464449,18.913048,1,13842,2,1,0,0,1,0,0,0,0,0,0,0,0,1
1735,10,34b7a6e5fe8596ce,2.897451,17.703384,1,13926,1,0,0,0,0,0,0,0,0,0,0,0,0,1
1736,10,a2076ecd533fd97d,2.176747,20.0,1,13841,1,1,0,0,1,0,0,0,0,0,0,0,0,1
1737,10,7c306d0aa9eb8d48,1.635308,15.218762,0,13909,1,1,0,0,0,0,0,0,0,0,0,0,0,0
1738,10,4299b7b28708007a,2.273926,18.405729,1,13857,1,0,0,0,1,0,0,0,0,0,0,0,0,1
1739,10,e37137cca5879e3d,2.751969,20.0,1,13996,2,1,0,0,1,0,0,0,0,0,0,0,0,1
1740,10,83ac982daf0f5cdb,3.111105,15.615163,0,13927,1,0,0,0,0,0,0,0,0,0,0,0,0,0
1741,10,078a94e79d1b5acb,2.337257,18.688777,1,14116,1,1,0,0,1,0,0,0,0,0,0,0,0,1
1742,10,64cf20e70299fe05,1.75765,20.0,1,14058,1,1,0,0,1,0,0,0,0,0,0,0,0,1
1743,10,cf7af629955fdca6,3.407764,19.266801,1,14137,2,0,0,0,0,0,0,0,0,0,0,0,0,1
1744,10,94513cbd51c5aac7,2.560125,20.0,1,14082,1,1,0,0,1,0,0,0,0,0,0,0,0,1
1745,10,e1c21b640cfa9d76,1.925251,19.597759,1,13830,1,1,0,0,1,0,0,0,0,0,0,0,0,0
1746,10,7fb56707d7dafef1,1.446369,20.0,1,13754,1,1,0,0,1,0,0,0,0,0,0,0,0,1
1747,10,758c41e03502f72e,2.130256,16.287939,0,13954,1,0,0,0,0,0,0,0,0,0,0,0,0,0
1748,10,94794f18cf6f41ad,1.600382,19.194209,1,13738,1,1,0,0,1,0,0,0,0,0,0,0,0,1
1749,10,fed011cd7c4ce32d,1.20351,17.91482,1,14679,1,1,0,0,1,0,0,0,0,0,0,0,0,0
1750,10,0e89dd78ccfac659,0.904152,20.0,1,14510,1,1,0,0,1,0,0,0,0,0,0,0,0,1
1751,10,6e9429ffc329606a,1.722909,15.338096,0,14368,1,0,0,0,0,0,0,0,0,0,0,0,0,0
1752,10,c5cf9a4e7a3cc245,1.295652,18.49547,1,16006,1,1,0,0,1,0,0,0,0,0,0,0,0,1
1753,10,213935fdea8b3cba,2.017028,20.0,1,16385,2,1,0,0,1,0,0,0,0,0,0,0,0,1
1754,10,e037c64cb0d7fe62,2.558971,15.665812,0,16095,1,0,0,0,0,0,0,0,0,0,0,0,0,0
1755,10,5731f9aeaa97bfbe,1.92246,18.726828,1,16071,1,1,0,0,1,0,0,0,0,0,0,0,0,1
1756,10,05c3d47bc771235c,1.445717,20.0,1,15987,1,1,0,0,1,0,0,0,0,0,0,0,0,1
1757,10,2a6bf98f588dd988,1.086113,20.0,1,16054,1,1,0,0,1,0,0,0,0,0,0,0,0,1
1758,10,a68be7a09985c81a,1.85961,20.0,1,16833,2,1,0,0,0,0,0,0,0,0,0,0,0,1
1759,10,6b59fcc9314e8be9,2.442603,20.0,1,16359,1,0,0,0,1,0,0,0,0,0,0,0,0,1
1760,10,f269f7f4237f3d8d,1.835037,20.0,1,16318,1,1,0,0,1,0,0,0,0,0,0,0,0,0
1761,10,17853b8063b9e47c,1.378594,18.757222,1,16066,1,1,0,0,0,0,0,0,0,0,0,0,0,1
1762,10,4624351d6d799259,3.122993,20.0,1,15884,2,0,0,0,1,0,0,0,0,0,0,0,0,1
1763,10,f09aa613e18035d0,2.348535,20.0,1,15638,1,1,0,0,1,0,0,0,0,0,0,0,0,1
1764,10,39ea29ff5752df15,2.80802,20.0,1,14448,1,0,0,0,0,0,0,0,0,0,0,0,0,1
1765,10,c41185ca4e7f7f5b,2.109561,18.955152,1,14211,1,1,0,0,1,0,0,0,0,0,0,0,0,0
1766,10,457757936aedbf8a,2.63057,17.735046,1,14121,1,0,0,0,0,0,0,0,0,0,0,0,0,1
1767,10,f3b7ad594bc9f1d2,3.019902,20.0,1,14084,2,1,0,0,1,0,0,0,0,0,0,0,0,1
1768,10,95934350cee878a7,2.26874,18.715477,1,14034,1,1,0,0,1,0,0,0,0,0,0,0,0,0
1769,10,3783f71add43bcb7,2.748073,17.539083,1,14191,1,0,0,0,0,0,0,0,0,0,0,0,0,1
1770,10,1b85a37360f8db36,2.06659,16.670142,1,13919,1,1,0,0,1,0,0,0,0,0,0,0,0,0
1771,10,3dc0c5a26545ec1a,1.552552,19.481343,1,14322,1,1,0,0,1,0,0,0,0,0,0,0,0,1
1772,10,c80f41ce87b876a4,1.166374,20.0,1,13858,1,1,0,0,1,0,0,0,0,0,0,0,0,1
1773,10,2c33459aaf1203a1,2.965431,16.238465,0,14133,2,0,0,0,0,0,0,0,0,0,0,0,0,0
1774,10,a7caf8887c48c362,2.227817,19.157041,1,13970,1,1,0,0,1,0,0,0,0,0,0,0,0,1
1775,10,24f334600743af95,1.673676,20.0,1,14098,1,1,0,0,1,0,0,0,0,0,0,0,0,1
1776,10,cc1a2f05d8d07727,2.301024,16.0392,0,14107,1,0,0,0,0,0,0,0,0,0,0,0,0,0
1777,10,dfdcb8572dc348da,1.730402,19.02271,1,14123,1,1,0,0,1,0,0,0,0,0,0,0,0,1
1778,10,9db7c132b953ee07,1.299987,20.0,1,14042,1,1,0,0,1,0,0,0,0,0,0,0,0,1
1779,10,874914835e711dab,2.020285,15.963384,0,14249,2,1,0,0,0,0,0,0,0,0,0,0,0,0
1780,10,7f185b858826102e,2.563433,18.965696,1,13978,1,0,0,0,1,0,0,0,0,0,0,0,0,1
1781,10,3432f854c711ea61,1.925812,17.727063,1,14296,1,1,0,0,1,0,0,0,0,0,0,0,0,0
1782,10,96badce978518174,1.44679,20.0,1,14082,1,1,0,0,1,0,0,0,0,0,0,0,0,1
1783,10,9aba958aa33eb027,1.08692,18.710971,1,13960,1,1,0,0,0,0,0,0,0,0,0,0,0,1
1784,10,83779a00c0027d99,1.861529,17.551419,1,14002,1,0,0,0,1,0,0,0,0,0,0,0,0,0
1785,10,9a870d9b22633645,1.398497,20.0,1,14184,1,1,0,0,1,0,0,0,0,0,0,0,0,1
1786,10,cb86103c00570f1c,1.050639,20.0,1,14126,1,1,0,0,1,0,0,0,0,0,0,0,0,1
1787,10,3b5cc2f9f543af99,0.790095,20.0,1,14279,1,1,0,0,1,0,0,0,0,0,0,0,0,0
1788,10,0997062226689594,0.593569,20.0,1,14193,1,1,0,0,1,0,0,0,0,0,0,0,0,1
1789,10,16fc3a3aa6f51aeb,1.48958,20.0,1,14337,1,0,0,0,0,0,0,0,0,0,0,0,0,1
1790,10,81ba81442d0f3149,2.162719,20.0,1,14381,2,1,0,0,1,0,0,0,0,0,0,0,0,1
1791,10,e65d641f98f5db24,1.626395,20.0,1,14582,1,1,0,0,1,0,0,0,0,0,0,0,0,0
1792,10,169ac956800743df,2.265503,18.532754,1,14374,1,0,0,0,0,0,0,0,0,0,0,0,0,1
1793,10,59e16cb3ba838d35,1.701988,17.40181,1,14330,1,1,0,0,1,0,0,0,0,0,0,0,0,0
1794,10,5dde327b7e17ca99,1.279919,20.0,1,14273,1,1,0,0,1,0,0,0,0,0,0,0,0,1
1795,10,7cad57134a2acd55,2.005209,15.060871,0,14414,1,0,0,0,0,0,0,0,0,0,0,0,0,0
1796,10,afddd7192c5fe749,1.506438,18.272359,1,14220,1,1,0,0,1,0,0,0,0,0,0,0,0,1
1797,10,113f3a50c5da3338,1.131731,17.206185,1,14247,1,1,0,0,1,0,0,0,0,0,0,0,0,0
1798,10,a0627997200a2396,1.895228,16.419798,1,14056,1,0,0,0,0,0,0,0,0,0,0,0,0,1
1799,10,c06dce910cbc6106,2.467468,19.293269,1,14248,2,1,0,0,1,0,0,0,0,0,0,0,0,1
1800,10,834c67810c98a585,0.810063,17.973156,1,14306,0,1,0,0,1,0,0,0,0,0,0,0,0,0
1801,10,5d873dcf21e7f242,1.653329,20.0,1,14347,2,1,0,0,1,0,0,0,0,0,0,0,0,1
1802,10,33573879ec73e768,2.285738,18.862504,1,14391,1,0,0,0,0,0,0,0,0,0,0,0,0,1
1803,10,ca675269d6672ad7,1.717189,20.0,1,14722,1,1,0,0,1,0,0,0,0,0,0,0,0,1
1804,10,298acc0549c669f8,1.29006,19.351809,1,14609,1,1,0,0,1,0,0,0,0,0,0,0,0,0
1805,10,45b3fd4e323fcee8,0.970144,20.0,1,14341,1,1,0,0,1,0,0,0,0,0,0,0,0,1
1806,10,84983437cac8f46f,2.816139,19.641388,1,14426,2,0,0,0,0,0,0,0,0,0,0,0,0,1
1807,10,e582c9347a763768,2.11566,18.234685,1,14400,1,1,0,0,1,0,0,0,0,0,0,0,0,0
1808,10,1f348880cbbd1e5c,1.591007,20.0,1,14126,1,1,0,0,1,0,0,0,0,0,0,0,0,1
1809,10,7d9a79f1bcf0d2cf,1.195264,20.0,1,14296,1,1,0,0,1,0,0,0,0,0,0,0,0,1
1810,10,3337bf77592cbc14,1.94161,16.895222,0,14262,2,1,0,0,0,0,0,0,0,0,0,0,0,0
1811,10,7bb8849557bf5606,2.502313,19.650437,1,14370,1,0,0,0,1,0,0,0,0,0,0,0,0,1
1812,10,1989952132ab353a,1.881775,20.0,1,14314,1,1,0,0,1,0,0,0,0,0,0,0,0,1
1813,10,51a5ffaeb5642bc1,1.413707,19.810101,1,14541,1,1,0,0,1,0,0,0,0,0,0,0,0,0
1814,10,b3052518c4bc2733,1.062065,20.0,1,14407,1,1,0,0,1,0,0,0,0,0,0,0,0,1
1815,10,ac908483a28a77a2,0.798688,19.904702,1,14393,1,1,0,0,1,0,0,0,0,0,0,0,0,0
1816,10,44d690e2dea590c0,0.600025,20.0,1,14149,1,1,0,0,1,0,0,0,0,0,0,0,0,1
1817,10,66896c11a10426a6,1.494429,19.940021,1,14095,1,0,0,0,0,0,0,0,0,0,0,0,0,1
1818,10,9e08c0ed7ae89e0f,1.122709,18.459037,1,14075,1,1,0,0,1,0,0,0,0,0,0,0,0,0
1819,10,bd7e83f6e0d905f5,0.844293,20.0,1,14278,1,1,0,0,1,0,0,0,0,0,0,0,0,1
1820,10,dc8dea2a5a4b865c,2.721593,19.137007,1,14112,2,0,0,0,0,0,0,0,0,0,0,0,0,1
1821,10,4ea99539fe380f0d,2.044631,20.0,1,14184,1,1,0,0,1,0,0,0,0,0,0,0,0,1
1822,10,5f75cfd324ad356c,1.537591,19.52443,1,14220,1,1,0,0,1,0,0,0,0,0,0,0,0,0
1823,10,e9795b1fb191a517,2.198788,18.146819,1,14117,1,0,0,0,0,0,0,0,0,0,0,0,0,1
1824,10,c9c42b7a140601a7,1.651867,17.111871,1,14045,1,1,0,0,1,0,0,0,0,0,0,0,0,0
1825,10,95e7540656dc8afd,2.28464,16.334354,1,14213,1,0,0,0,0,0,0,0,0,0,0,0,0,1
1826,10,846610198e2dc92c,1.718082,19.24467,1,13815,1,1,0,0,1,0,0,0,0,0,0,0,0,1
1827,10,1507076aa95cfb99,1.29073,17.936646,1,14124,1,1,0,0,0,0,0,0,0,0,0,0,0,1
1828,10,93435852991fd36a,3.056984,16.953976,1,14222,2,0,0,0,1,0,0,0,0,0,0,0,0,0
1829,10,e5edb7fc840d908b,2.298896,19.710635,1,13947,1,1,0,0,1,0,0,0,0,0,0,0,0,1
1830,10,fe4ec05f3de5e38f,1.727074,20.0,1,14003,1,1,0,0,1,0,0,0,0,0,0,0,0,1
1831,10,c839a77d5bb9fba5,2.34114,19.83049,1,14027,1,0,0,0,0,0,0,0,0,0,0,0,0,1
1832,10,fc155ad11f536503,1.758811,18.376751,1,13825,1,1,0,0,1,0,0,0,0,0,0,0,0,0
1833,10,4c77c192622afbbe,2.366801,20.0,1,13690,2,1,0,0,1,0,0,0,0,0,0,0,0,1
1834,10,d2b37a8f8f95ada7,2.821743,19.090519,1,13686,1,0,0,0,0,0,0,0,0,0,0,0,0,1
1835,10,22a3240aa03530de,2.11987,20.0,1,13908,1,1,0,0,1,0,0,0,0,0,0,0,0,1
1836,10,6404c7a46ac02c6b,1.594172,20.0,1,13715,1,1,0,0,1,0,0,0,0,0,0,0,0,1
1837,10,ba8950c21f36930b,1.197642,20.0,1,13795,1,1,0,0,1,0,0,0,0,0,0,0,0,0
1838,10,0e77ebfdc3e18759,1.943397,19.061428,1,13768,1,0,0,0,0,0,0,0,0,0,0,0,0,1
1839,10,b9d404a74ae6e9b8,1.460002,17.798982,1,13692,1,1,0,0,1,0,0,0,0,0,0,0,0,0
1840,10,4d5b25f7fb130f5e,1.097942,20.0,1,13711,1,1,0,0,1,0,0,0,0,0,0,0,0,1
1841,10,8650acf6e2ecff3a,1.868496,15.285258,0,13592,1,0,0,0,0,0,0,0,0,0,0,0,0,0
1842,10,f501c670116fc236,2.447385,18.440932,1,13315,2,1,0,0,1,0,0,0,0,0,0,0,0,1
1843,10,011068450420f7ec,1.840468,20.0,1,13604,1,1,0,0,1,0,0,0,0,0,0,0,0,1
1844,10,e108d72b203a5a35,1.382675,20.0,1,13453,1,1,0,0,1,0,0,0,0,0,0,0,0,1
1845,10,4825cb2f0ec52c05,2.082405,16.98276,0,13372,1,0,0,0,0,0,0,0,0,0,0,0,0,0
1846,10,38b003831919d0a4,1.564433,19.716202,1,13315,1,1,0,0,1,0,0,0,0,0,0,0,0,1
1847,10,81f8430143261eaf,1.176476,20.0,1,13302,1,1,0,0,1,0,0,0,0,0,0,0,0,1
1848,10,9ec4e5e289f5ea45,1.927496,19.847255,1,13169,2,1,0,0,1,0,0,0,0,0,0,0,0,0
1849,10,989c0985a7bcb346,2.491709,18.389345,1,13297,1,0,0,0,0,0,0,0,0,0,0,0,0,1
1850,10,750097f235349932,2.917951,17.309552,1,13075,1,0,0,0,0,0,0,0,0,0,0,0,0,1
1851,10,88175ce24bf031e6,2.192148,19.961708,1,13029,1,1,0,0,1,0,0,0,0,0,0,0,0,1
1852,10,d008511e92dd60a6,1.646879,18.47533,1,13227,1,1,0,0,1,0,0,0,0,0,0,0,0,0
1853,10,b34c88b216f9ad0c,2.280892,17.358669,1,13500,1,0,0,0,0,0,0,0,0,0,0,0,0,1
1854,10,a2fea45374fecf98,1.715263,16.534468,1,13227,1,1,0,0,1,0,0,0,0,0,0,0,0,0
1855,10,18f1a67222675725,2.332266,15.900572,1,13499,1,0,0,0,0,0,0,0,0,0,0,0,0,1
1856,10,6449e3ad3d4a1534,1.752145,18.903195,1,13385,1,1,0,0,1,0,0,0,0,0,0,0,0,1
1857,10,06191dedff3b9db4,2.361788,17.695974,1,13514,2,1,0,0,1,0,0,0,0,0,0,0,0,0
1858,10,9712e1c4cf1fc629,2.817977,16.773168,1,13560,1,0,0,0,0,0,0,0,0,0,0,0,0,1
1859,10,b2196f728bf86da5,2.11704,16.079899,1,13674,1,1,0,0,1,0,0,0,0,0,0,0,0,0
1860,10,5703573484decf11,1.590453,19.037916,1,13409,1,1,0,0,1,0,0,0,0,0,0,0,0,1
1861,10,a21f6e0da236f739,2.240194,20.0,1,13598,2,1,0,0,1,0,0,0,0,0,0,0,0,1
1862,10,7a2f82583a1a1ffa,1.682974,20.0,1,13667,1,1,0,0,1,0,0,0,0,0,0,0,0,1
1863,10,9196d7861c570b7f,2.308009,17.23614,0,13636,1,0,0,0,0,0,0,0,0,0,0,0,0,0
1864,10,e9feee64f39c8427,1.735656,19.922826,1,13658,1,1,0,0,1,0,0,0,0,0,0,0,0,1
1865,10,31fbb480722731f0,1.303933,18.446119,1,13585,1,1,0,0,1,0,0,0,0,0,0,0,0,0
1866,10,fb8487513219d3e0,0.979596,20.0,1,13640,1,1,0,0,1,0,0,0,0,0,0,0,0,1
1867,10,bd8479c04771e82b,2.823241,19.116803,1,13575,2,0,0,0,0,0,0,0,0,0,0,0,0,1
1868,10,4109c2ed336d905d,2.123117,20.0,1,13585,1,1,0,0,1,0,0,0,0,0,0,0,0,1
1869,10,cc4952c73708d4c1,1.595019,19.508619,1,13777,1,1,0,0,1,0,0,0,0,0,0,0,0,0
1870,10,a10e86c9e75c5267,1.198278,20.0,1,13676,1,1,0,0,1,0,0,0,0,0,0,0,0,1
1871,10,7d5fcba42b487ed5,0.901122,16.253875,0,13441,1,1,0,0,0,0,0,0,0,0,0,0,0,0
1872,10,5e19a89713ef1ef7,1.720633,19.168617,1,13610,1,0,0,0,1,0,0,0,0,0,0,0,0,1
1873,10,0911a4ed7b80af51,1.292647,17.87951,1,13534,1,1,0,0,1,0,0,0,0,0,0,0,0,0
1874,10,6af982e7ed61bc65,0.971117,20.0,1,13249,1,1,0,0,1,0,0,0,0,0,0,0,0,1
1875,10,ca9cdc92e3014bfd,0.730294,18.813995,1,12999,1,1,0,0,1,0,0,0,0,0,0,0,0,0
1876,10,985a317932473dd4,1.592296,17.613095,1,13329,1,0,0,0,0,0,0,0,0,0,0,0,0,1
1877,10,959943ffeeb88c61,1.196232,16.710905,1,13277,1,1,0,0,1,0,0,0,0,0,0,0,0,0
1878,10,515db73baa94e77b,0.899584,19.527842,1,13629,1,1,0,0,1,0,0,0,0,0,0,0,0,1
1879,10,a5be3b057c68c54c,1.719477,14.670538,0,13900,1,0,0,0,0,0,0,0,0,0,0,0,0,0
1880,10,ba443ab14874bdef,1.291779,17.979115,1,13833,1,1,0,0,1,0,0,0,0,0,0,0,0,1
1881,10,018919710431c976,0.970465,16.985882,1,14262,1,1,0,0,1,0,0,0,0,0,0,0,0,0
1882,10,cc1d63561c50a1b5,2.818105,16.254127,1,13908,2,0,0,0,0,0,0,0,0,0,0,0,0,1
1883,11,1fd48474a6be9a50,2.117137,19.168807,1,14098,1,1,0,0,1,0,0,0,0,0,0,0,0,1
1884,11,0b198662efcfc49a,2.634179,17.879653,1,14183,1,0,0,0,0,0,0,0,0,0,0,0,0,1
1885,11,fcbdd03152747088,1.98094,20.0,1,14184,1,1,0,0,1,0,0,0,0,0,0,0,0,1
1886,11,c7b8a2a9fab59ea4,1.488206,18.809678,1,14274,1,1,0,0,1,0,0,0,0,0,0,0,0,0
1887,11,241e6acbb414e8f5,2.161687,17.609853,1,14197,1,0,0,0,0,0,0,0,0,0,0,0,0,1
1888,11,fc64a472a0076c97,1.623995,16.708468,1,14048,1,1,0,0,1,0,0,0,0,0,0,0,0,0
1889,11,1e870741cfb1004d,2.265418,16.045508,1,14265,1,0,0,0,0,0,0,0,0,0,0,0,0,1
1890,11,bf57db00a494f005,1.701924,15.533235,1,14196,1,1,0,0,1,0,0,0,0,0,0,0,0,0
1891,11,b9cebc1ba6e23f90,1.278592,18.627228,1,14030,1,1,0,0,1,0,0,0,0,0,0,0,0,1
1892,11,e665c14bbc29de1b,3.04982,17.488443,1,14166,2,0,0,0,0,0,0,0,0,0,0,0,0,1
1893,11,e769dc1986223560,2.291216,20.0,1,14177,1,1,0,0,1,0,0,0,0,0,0,0,0,1
1894,11,1dc6f86b0f28f527,1.721305,20.0,1,14067,1,1,0,0,1,0,0,0,0,0,0,0,0,1
1895,11,83171efae161e4f9,2.336805,20.0,1,14141,2,1,0,0,0,0,0,0,0,0,0,0,0,1
1896,11,d0f092e334d1b579,2.801461,18.556918,1,14062,1,0,0,0,1,0,0,0,0,0,0,0,0,0
1897,11,3c72e9f66e532470,2.104633,20.0,1,13877,1,1,0,0,1,0,0,0,0,0,0,0,0,1
1898,11,1fdd04fc4bd3a35e,1.581132,20.0,1,14136,1,1,0,0,1,0,0,0,0,0,0,0,0,1
1899,11,1ea3379f3547fd92,1.189034,20.0,1,13938,1,1,0,0,1,0,0,0,0,0,0,0,0,1
1900,11,f2433026cfae9a47,2.980584,20.0,1,14100,2,0,0,0,0,0,0,0,0,0,0,0,0,1
1901,11,d0cc26dd4ca1a8f2,2.239201,19.63802,1,14115,1,1,0,0,1,0,0,0,0,0,0,0,0,0
1902,11,38a3c7ee0e61cf29,1.682228,20.0,1,13866,1,1,0,0,1,0,0,0,0,0,0,0,0,1
1903,11,e64373de38c1d3e1,1.265059,16.326981,0,13907,1,1,0,0,0,0,0,0,0,0,0,0,0,0
1904,11,7addd6445d78c1a4,1.994045,19.22354,1,13873,1,0,0,0,1,0,0,0,0,0,0,0,0,1
1905,11,32a2c7ad3446fe7a,1.498052,20.0,1,13744,1,1,0,0,1,0,0,0,0,0,0,0,0,1
1906,11,c2ddba3954d1d184,1.126556,19.573318,1,13893,1,1,0,0,1,0,0,0,0,0,0,0,0,0
1907,11,6665faed5439f816,1.889993,18.183546,1,13891,1,0,0,0,0,0,0,0,0,0,0,0,0,1
1908,11,e2ced52540714a46,1.419881,17.139463,1,13913,1,1,0,0,1,0,0,0,0,0,0,0,0,0
1909,11,609fe1b042bd7177,2.110357,19.833927,1,13803,2,1,0,0,1,0,0,0,0,0,0,0,0,1
1910,11,a841332a0fc6c3b7,1.587018,20.0,1,13929,1,1,0,0,1,0,0,0,0,0,0,0,0,1
1911,11,55f4672a66ea5f47,1.192268,19.913765,1,13875,1,1,0,0,0,0,0,0,0,0,0,0,0,1
1912,11,c0bd9a34ec0d85ea,1.939359,18.439312,1,13990,1,0,0,0,1,0,0,0,0,0,0,0,0,0
1913,11,aabefe6d1a5d48da,1.458426,20.0,1,13638,1,1,0,0,1,0,0,0,0,0,0,0,0,1
1914,11,1adb77769bb8b4f3,1.095661,19.125864,1,13884,1,1,0,0,1,0,0,0,0,0,0,0,0,0
1915,11,a846133f73861c83,1.866782,17.847391,1,13921,1,0,0,0,0,0,0,0,0,0,0,0,0,1
1916,11,cfa8b1cf2d33ed9a,1.402444,16.886922,1,14006,1,1,0,0,1,0,0,0,0,0,0,0,0,0
1917,11,b2dca2c5d32e3a62,3.142959,16.179708,1,13868,2,0,0,0,0,0,0,0,0,0,0,0,0,1
1918,11,03fd4711f4ba9bb5,2.361187,19.112899,1,13958,1,1,0,0,1,0,0,0,0,0,0,0,0,1
1919,11,4c388266f054ecb1,2.817525,17.837651,1,13918,1,0,0,0,0,0,0,0,0,0,0,0,0,1
1920,11,a7d93beeb9f4e9ec,2.118819,20.0,1,13831,1,1,0,0,1,0,0,0,0,0,0,0,0,1
1921,11,d52e6b4d1baecc93,1.59179,18.785949,1,13814,1,1,0,0,1,0,0,0,0,0,0,0,0,0
1922,11,dce3728459a0b8fa,2.239505,17.592026,1,13897,1,0,0,0,0,0,0,0,0,0,0,0,0,1
1923,11,65bced74ebceae67,1.682457,16.695076,1,13965,1,1,0,0,1,0,0,0,0,0,0,0,0,0
1924,11,e63b92df0f408dfd,1.265231,19.515938,1,13902,1,1,0,0,1,0,0,0,0,0,0,0,0,1
1925,11,77f485b752b4bc3d,3.037828,18.140439,1,14047,2,0,0,0,0,0,0,0,0,0,0,0,0,1
1926,11,7ec8c608ff89a34a,2.282206,17.107078,1,14075,1,1,0,0,1,0,0,0,0,0,0,0,0,0
1927,11,5b281d5f5aa7b14d,1.716252,19.82577,1,14195,1,1,0,0,1,0,0,0,0,0,0,0,0,1
1928,11,48a1868406f86cda,2.333009,14.89436,0,13980,1,0,0,0,0,0,0,0,0,0,0,0,0,0
1929,11,9d89e61243a38c4c,1.752703,18.147265,1,13998,1,1,0,0,1,0,0,0,0,0,0,0,0,1
1930,11,b969d411bde32456,1.31674,20.0,1,13989,1,1,0,0,1,0,0,0,0,0,0,0,0,1
1931,11,d7a99efd613e9ec9,0.990207,18.965265,1,13860,1,1,0,0,1,0,0,0,0,0,0,0,0,0
1932,11,2c730984b0ed215c,2.831212,17.726739,1,14036,2,0,0,0,0,0,0,0,0,0,0,0,0,1
1933,11,7ca3d4b3160f26ca,2.126984,20.0,1,13940,1,1,0,0,1,0,0,0,0,0,0,0,0,1
1934,11,5237bce55259fa6a,1.599522,20.0,1,13995,1,1,0,0,1,0,0,0,0,0,0,0,0,1
1935,11,d403a9f251f2d4df,1.201661,20.0,1,14074,1,1,0,0,1,0,0,0,0,0,0,0,0,1
1936,11,61c9b18854207352,0.902763,17.761253,0,14011,1,1,0,0,0,0,0,0,0,0,0,0,0,0
1937,11,a16a0201ed7547d7,2.765519,20.0,1,14037,2,0,0,0,1,0,0,0,0,0,0,0,0,1
1938,11,84023e018a1e6fa8,2.07971,20.0,1,13916,1,1,0,0,1,0,0,0,0,0,0,0,0,1
1939,11,d44c1f5720fc9085,1.562408,20.0,1,14078,1,1,0,0,1,0,0,0,0,0,0,0,0,1
1940,11,b4e08f64ab926aca,1.173779,17.772258,0,13950,0,0,0,0,0,0,0,0,0,0,0,0,0,0
1941,11,fd9e7155b8d6207a,0.882698,16.845493,1,14142,1,1,0,0,1,0,0,0,0,0,0,0,0,0
1942,11,298a07960c081fa8,0.663138,19.613078,1,14142,1,1,0,0,1,0,0,0,0,0,0,0,0,1
1943,11,223e5d2cc0b3f04b,1.541844,14.734572,0,14720,1,0,0,0,0,0,0,0,0,0,0,0,0,0
1944,11,083bd4d825fcdc1f,1.15833,18.027222,1,14672,1,1,0,0,1,0,0,0,0,0,0,0,0,1
1945,11,735debb237ad6cfa,1.915231,17.03723,1,14734,2,1,0,0,0,0,0,0,0,0,0,0,0,1
1946,11,8907d5804ddb9925,2.482495,16.278278,1,14725,1,0,0,0,1,0,0,0,0,0,0,0,0,0
1947,11,fc5fbc245fd80515,1.865006,19.186951,1,14835,1,1,0,0,1,0,0,0,0,0,0,0,0,1
1948,11,a6b37287ea4e3d83,2.446661,14.428861,0,16352,1,0,0,0,0,0,0,0,0,0,0,0,0,0
1949,11,402a2a9f6dd99539,1.838085,17.797553,1,16595,1,1,0,0,1,0,0,0,0,0,0,0,0,1
1950,11,54292b0e5638fb05,2.424538,20.0,1,16745,2,1,0,0,1,0,0,0,0,0,0,0,0,1
1951,11,703785379118bd7d,2.865118,18.750755,1,16551,1,0,0,0,0,0,0,0,0,0,0,0,0,1
1952,11,339eef901b642b65,2.15461,17.581337,1,16470,1,1,0,0,1,0,0,0,0,0,0,0,0,0
1953,11,88a7bdf23609a8f0,3.705984,16.687046,1,16226,2,0,0,0,0,0,0,0,0,0,0,0,0,1
1954,11,f11ab02a98ce03b1,2.784168,19.494043,1,16320,1,1,0,0,1,0,0,0,0,0,0,0,0,1
1955,11,8709db9460a2f2b4,2.093734,20.0,1,15829,1,1,0,0,1,0,0,0,0,0,0,0,0,1
1956,11,be0b3a4d0c17143f,2.616597,19.721744,1,15819,2,1,0,0,1,0,0,0,0,0,0,0,0,0
1957,11,e68a76d71a59b3f0,1.965752,20.0,1,15340,1,1,0,0,1,0,0,0,0,0,0,0,0,1
1958,11,2028409528a34bcb,3.564102,19.83676,1,15724,2,0,0,0,0,0,0,0,0,0,0,0,0,1
1959,11,bc5f07bea0150746,2.680256,20.0,1,15644,1,1,0,0,1,0,0,0,0,0,0,0,0,1
1960,11,75d08defed7d435f,3.057229,16.436522,0,14586,1,0,0,0,0,0,0,0,0,0,0,0,0,0
1961,11,209d4321c434d7b6,2.296782,19.305833,1,13912,1,1,0,0,1,0,0,0,0,0,0,0,0,1
1962,11,2191745767ceb065,1.727213,17.998764,1,13907,1,1,0,0,1,0,0,0,0,0,0,0,0,0
1963,11,c8465d06f41ae9a9,3.384897,17.000643,1,14008,2,0,0,0,0,0,0,0,0,0,0,0,0,1
1964,11,9646076e010de1b2,2.542947,19.729636,1,13740,1,1,0,0,1,0,0,0,0,0,0,0,0,1
1965,11,feccb512e0fb5dfc,1.910421,18.300983,1,13963,1,1,0,0,1,0,0,0,0,0,0,0,0,0
1966,11,6afc64ec7ffd29d3,1.436664,17.243102,1,13695,1,1,0,0,0,0,0,0,0,0,0,0,0,1
1967,11,e683b368aa04ef3f,2.122965,16.432942,1,13771,1,0,0,0,1,0,0,0,0,0,0,0,0,0
1968,11,5702038c7648a8d8,1.594904,19.303144,1,13798,1,1,0,0,1,0,0,0,0,0,0,0,0,1
1969,11,bee7ae708da96810,1.199391,20.0,1,13654,1,1,0,0,1,0,0,0,0,0,0,0,0,1
1970,11,332b929f3e002e7b,1.944711,16.13505,0,13744,1,0,0,0,0,0,0,0,0,0,0,0,0,0
1971,11,70f809795d615fbe,1.460989,19.079349,1,14006,1,1,0,0,1,0,0,0,0,0,0,0,0,1
1972,11,46cd24f7dc589560,1.097586,17.812446,1,13791,1,1,0,0,1,0,0,0,0,0,0,0,0,0
1973,11,28c35f6a25c8cabf,1.869551,16.875715,1,13410,1,0,0,0,0,0,0,0,0,0,0,0,0,1
1974,11,cc0423fa1a2e65aa,1.404524,16.156938,1,13788,1,1,0,0,1,0,0,0,0,0,0,0,0,0
1975,11,6c11b0764386c768,1.055166,19.095793,1,13950,1,1,0,0,1,0,0,0,0,0,0,0,0,1
1976,11,feb4b3aa622cb76a,2.881801,17.84081,1,13755,2,0,0,0,0,0,0,0,0,0,0,0,0,1
1977,11,ba97df7152a4b402,1.121336,16.881978,1,13975,0,1,0,0,1,0,0,0,0,0,0,0,0,0
1978,11,2a6745a3a85ee091,2.929725,19.640488,1,13799,2,0,0,0,0,0,0,0,0,0,0,0,0,2
1979,11,e1110d31056bdcf6,2.200993,18.234009,1,13932,1,1,0,0,1,0,0,0,0,0,0,0,0,0
1980,11,14bd3d2a5c67b275,2.699328,17.192736,1,13779,1,0,0,0,0,0,0,0,0,0,0,0,0,1
1981,11,7d57e05d9e003f7c,2.027904,16.395105,1,13945,1,1,0,0,1,0,0,0,0,0,0,0,0,0
1982,11,9b27979a1d460f3e,1.523489,19.274718,1,13754,1,1,0,0,1,0,0,0,0,0,0,0,0,1
1983,11,4243c98274373205,1.145685,14.494863,0,13948,1,1,0,0,0,0,0,0,0,0,0,0,0,0
1984,11,c54244da37b7faf4,1.904364,17.847138,1,13956,1,0,0,0,1,0,0,0,0,0,0,0,0,1
1985,11,b24a763d00427046,2.474331,20.0,1,13817,2,1,0,0,1,0,0,0,0,0,0,0,0,1
1986,11,9c7bdec7d383f8d8,1.858872,15.299896,0,13756,1,1,0,0,0,0,0,0,0,0,0,0,0,0
1987,11,b3df465a7f513574,2.442049,18.466743,1,13882,1,0,0,0,1,0,0,0,0,0,0,0,0,1
1988,11,0f93ee74b4608ef1,1.83462,17.352219,1,13872,1,1,0,0,1,0,0,0,0,0,0,0,0,0
1989,11,4d734dd195082686,1.378281,19.993762,1,14047,1,1,0,0,1,0,0,0,0,0,0,0,0,1
1990,11,e0b7bc0d30f461bc,1.036487,15.035594,0,13781,1,1,0,0,0,0,0,0,0,0,0,0,0,0
1991,11,5d1e59d74e1fda97,1.822328,18.253369,1,14145,1,0,0,0,1,0,0,0,0,0,0,0,0,1
1992,11,112effe334cc33d5,1.369047,20.0,1,14000,1,1,0,0,1,0,0,0,0,0,0,0,0,1
1993,11,05f8741e7f83f930,1.028513,19.008016,1,14090,1,1,0,0,1,0,0,0,0,0,0,0,0,0
1994,11,e9dcf0b16d26f928,1.817607,17.774801,1,13895,1,0,0,0,0,0,0,0,0,0,0,0,0,1
1995,11,413fff221350979f,2.409154,20.0,1,13985,2,1,0,0,1,0,0,0,0,0,0,0,0,1
1996,11,bbb0fb5d26b3db79,1.809907,20.0,1,14027,1,1,0,0,1,0,0,0,0,0,0,0,0,1
1997,11,d826944c033505f6,1.361076,20.0,1,14083,1,1,0,0,1,0,0,0,0,0,0,0,0,1
1998,11,974ca5a7976f7eaf,1.022526,17.781126,0,13960,1,1,0,0,0,0,0,0,0,0,0,0,0,0
1999,11,f57de28e0e7858a8,1.811839,20.0,1,14188,1,0,0,0,1,0,0,0,0,0,0,0,0,1
2000,11,cfa8edf6a9ced7ac,1.361167,18.741484,1,14205,1,1,0,0,1,0,0,0,0,0,0,0,0,0
2001,11,51e2ca21375e0abf,1.023617,17.574365,1,14243,1,1,0,0,0,0,0,0,0,0,0,0,0,1
2002,11,8f6bb70545e727bb,1.812658,16.681808,1,14283,1,0,0,0,1,0,0,0,0,0,0,0,0,0
2003,11,be305bd2ff51706b,1.361782,19.490108,1,14494,1,1,0,0,1,0,0,0,0,0,0,0,0,1
2004,11,844e263d6f318b7b,1.02408,18.13734,1,14149,1,1,0,0,1,0,0,0,0,0,0,0,0,0
2005,11,bb9c804a0f3611ef,2.85666,17.10475,1,14430,2,0,0,0,0,0,0,0,0,0,0,0,0,1
2006,11,e2614cc369679c50,2.146102,19.807849,1,14275,1,1,0,0,1,0,0,0,0,0,0,0,0,1
2007,11,a89f562d5191ea3d,1.612286,18.359741,1,14280,1,1,0,0,0,0,0,0,0,0,0,0,0,1
2008,11,ff3055450359cb61,2.256612,17.287288,1,14311,1,0,0,0,1,0,0,0,0,0,0,0,0,0
2009,11,082a9c667611ed3c,1.695309,19.944983,1,14193,1,1,0,0,1,0,0,0,0,0,0,0,0,1
2010,11,7e0bac64ca38eb69,2.317275,20.0,1,14192,2,1,0,0,1,0,0,0,0,0,0,0,0,1
2011,11,3f254bf4465e7809,2.786775,19.980904,1,14044,1,0,0,0,0,0,0,0,0,0,0,0,0,1
2012,11,6f4f78528ae01e89,2.0936,18.489751,1,13933,1,1,0,0,1,0,0,0,0,0,0,0,0,0
2013,11,dbb3a36dc2c7cfce,1.572843,20.0,1,14159,1,1,0,0,1,0,0,0,0,0,0,0,0,1
2014,11,b4a94c65776af734,2.225272,15.662584,0,14077,1,0,0,0,0,0,0,0,0,0,0,0,0,0
2015,11,bf3170dd0ca42a94,1.673436,18.73949,1,13948,1,1,0,0,1,0,0,0,0,0,0,0,0,1
2016,11,82646d077f585570,2.300843,17.557123,1,13940,2,1,0,0,0,0,0,0,0,0,0,0,0,1
2017,11,2e0a1e2983d75dcc,2.772191,20.0,1,13832,1,0,0,0,1,0,0,0,0,0,0,0,0,1
2018,11,ebd4bcda2b10878c,2.084727,20.0,1,14097,1,1,0,0,1,0,0,0,0,0,0,0,0,1
2019,11,cae36ae67c840c56,1.566177,20.0,1,13890,1,1,0,0,1,0,0,0,0,0,0,0,0,0
2020,11,3b9caba7aed0f03d,2.220264,18.572487,1,13927,1,0,0,0,0,0,0,0,0,0,0,0,0,1
2021,11,a45af3669a3d3b8b,1.668001,17.43166,1,13882,1,1,0,0,1,0,0,0,0,0,0,0,0,0
2022,11,f97a4d808744f591,2.298511,20.0,1,13880,2,1,0,0,1,0,0,0,0,0,0,0,0,1
2023,11,84a99915e91ee4eb,2.770439,18.55658,1,13876,1,0,0,0,0,0,0,0,0,0,0,0,0,1
2024,11,e3b6f0764f89e8ea,2.081327,20.0,1,13801,1,1,0,0,1,0,0,0,0,0,0,0,0,1
2025,11,a26c83c6079a522d,2.609338,20.0,1,13802,2,1,0,0,1,0,0,0,0,0,0,0,0,1
2026,11,4202463b61596537,1.960298,20.0,1,13737,1,1,0,0,1,0,0,0,0,0,0,0,0,0
2027,11,89c2910ae0d2b365,1.472699,20.0,1,13615,1,1,0,0,1,0,0,0,0,0,0,0,0,1
2028,11,23dc2ccba03cf827,2.150037,20.0,1,13793,1,0,0,0,0,0,0,0,0,0,0,0,0,1
2029,11,4461a2d7bbe24f4f,1.616858,18.734813,1,13732,1,1,0,0,1,0,0,0,0,0,0,0,0,0
2030,11,5d1b7875bb9afa46,1.214685,20.0,1,13671,1,1,0,0,1,0,0,0,0,0,0,0,0,1
2031,11,d74fbded9d32789f,1.956201,15.800896,0,13439,1,0,0,0,0,0,0,0,0,0,0,0,0,0
2032,11,b71029fbd7b8bc0c,1.471091,18.843503,1,13408,1,1,0,0,1,0,0,0,0,0,0,0,0,1
2033,11,f57d3dae4cf41682,1.105176,17.635264,1,13667,1,1,0,0,1,0,0,0,0,0,0,0,0,0
2034,11,3e62da2337a66ab7,1.873931,16.727559,1,13580,1,0,0,0,0,0,0,0,0,0,0,0,0,1
2035,11,aecf6f4d90e291e1,1.407814,16.045634,1,13787,1,1,0,0,1,0,0,0,0,0,0,0,0,0
2036,11,d2daf114aab34930,1.058696,19.027549,1,13602,1,1,0,0,1,0,0,0,0,0,0,0,0,1
2037,11,01cdae404e961ae3,1.839012,17.773531,1,13863,1,0,0,0,0,0,0,0,0,0,0,0,0,1
2038,11,b1a4c0b6c277eedf,1.381581,16.831434,1,13708,1,1,0,0,1,0,0,0,0,0,0,0,0,0
2039,11,eb1323dd9728e9f7,2.083119,16.13798,1,13716,1,0,0,0,0,0,0,0,0,0,0,0,0,1
2040,11,a710cb0e8bd26fab,2.608623,19.08155,1,13600,2,1,0,0,1,0,0,0,0,0,0,0,0,1
2041,11,9017ff15c7bfc18d,1.959761,20.0,1,13650,1,1,0,0,1,0,0,0,0,0,0,0,0,1
2042,11,0241defc97375166,2.515948,15.996593,0,13670,1,0,0,0,0,0,0,0,0,0,0,0,0,0
2043,11,0eb22e159c78a340,1.892029,18.990669,1,13493,1,1,0,0,1,0,0,0,0,0,0,0,0,1
2044,11,e84a860825c76165,1.421411,17.745824,1,13651,1,1,0,0,1,0,0,0,0,0,0,0,0,0
2045,11,c2b7a545573df2ad,1.067853,20.0,1,13534,1,1,0,0,1,0,0,0,0,0,0,0,0,1
2046,11,45c612dd3ab88bc4,2.891342,18.738468,1,13538,2,0,0,0,0,0,0,0,0,0,0,0,0,1
2047,11,c9d987aaf2cce1ea,2.172157,17.556355,1,13416,1,1,0,0,1,0,0,0,0,0,0,0,0,0
2048,11,e01948da72b94154,1.63186,20.0,1,13390,1,1,0,0,1,0,0,0,0,0,0,0,0,1
2049,11,c44b9152cd3360bd,1.225956,18.614624,1,13456,1,1,0,0,1,0,0,0,0,0,0,0,0,0
2050,11,806d42e9f0fd8bc4,1.966087,17.478964,1,13251,1,0,0,0,0,0,0,0,0,0,0,0,0,1
2051,11,a68eed843eec0f84,1.477047,16.610137,1,13376,1,1,0,0,1,0,0,0,0,0,0,0,0,0
2052,11,33ef4bdaa0d9f674,2.153304,19.436264,1,13253,2,1,0,0,1,0,0,0,0,0,0,0,0,1
2053,11,ee75e627d44cc9a2,1.619315,20.0,1,13218,1,1,0,0,1,0,0,0,0,0,0,0,0,1
2054,11,2d84163a194eacfb,2.260184,19.689102,1,13571,1,0,0,0,0,0,0,0,0,0,0,0,0,1
2055,11,e817ae03627052b6,1.697992,18.270531,1,13242,1,1,0,0,1,0,0,0,0,0,0,0,0,0
2056,11,af2dd6f48d50cb30,1.275638,20.0,1,13196,1,1,0,0,1,0,0,0,0,0,0,0,0,1
2057,11,a574de88b602c063,0.959298,19.034906,1,13423,1,1,0,0,1,0,0,0,0,0,0,0,0,0
2058,11,b8738e86cead13b2,1.764338,17.779057,1,13212,1,0,0,0,0,0,0,0,0,0,0,0,0,1
2059,11,e40a95262cac9764,1.325481,20.0,1,13282,1,1,0,0,1,0,0,0,0,0,0,0,0,1
2060,11,fd08f1fabf13d706,0.996781,18.757243,1,13089,1,1,0,0,1,0,0,0,0,0,0,0,0,0
2061,11,c87beef13adf1817,1.792497,17.57046,1,13280,1,0,0,0,0,0,0,0,0,0,0,0,0,1
2062,11,81ee81d39228f121,1.346636,16.678874,1,13191,1,1,0,0,1,0,0,0,0,0,0,0,0,0
2063,11,697e263bbc169e54,1.011678,19.487904,1,13227,1,1,0,0,1,0,0,0,0,0,0,0,0,1
2064,11,c09f465e699b7ca3,1.804946,14.655181,0,13347,1,0,0,0,0,0,0,0,0,0,0,0,0,0
2065,11,e61ca5d35ad81022,1.355989,17.967579,1,13354,1,1,0,0,1,0,0,0,0,0,0,0,0,1
2066,11,80ffd42006db5106,2.062357,20.0,1,13408,2,1,0,0,1,0,0,0,0,0,0,0,0,1
2067,11,c914fc958a753991,2.595072,18.86375,1,13093,1,0,0,0,0,0,0,0,0,0,0,0,0,1
2068,11,a9e25b45f7cbb6af,1.949581,17.650475,1,13294,1,1,0,0,1,0,0,0,0,0,0,0,0,0
2069,11,2f6ea44444c7d2aa,1.464647,16.738986,1,13151,1,1,0,0,0,0,0,0,0,0,0,0,0,1
2070,11,3ddaf6c03fddc296,2.143988,16.054219,1,13351,1,0,0,0,1,0,0,0,0,0,0,0,0,0
2071,11,0e0e55ce901d170d,1.61231,19.034005,1,13127,1,1,0,0,1,0,0,0,0,0,0,0,0,1
2072,11,463b4e418aa4c8ba,2.254921,17.778381,1,13046,1,0,0,0,0,0,0,0,0,0,0,0,0,1
2073,11,71a72436f8e81bad,2.737691,16.835078,1,12795,2,1,0,0,1,0,0,0,0,0,0,0,0,0
2074,11,59439860d818926d,2.058783,19.621222,1,12500,1,1,0,0,1,0,0,0,0,0,0,0,0,1
2075,11,291617708fa4ba6d,1.546687,18.219535,1,12680,1,1,0,0,1,0,0,0,0,0,0,0,0,0
2076,11,0657c32fb2e77e1b,2.205621,17.1665,1,12876,1,0,0,0,0,0,0,0,0,0,0,0,0,1
2077,11,49dfb8631dbefb2e,1.657001,16.375394,1,12883,1,1,0,0,1,0,0,0,0,0,0,0,0,0
2078,11,adc4a34f6324b48d,1.246088,19.275533,1,12936,1,1,0,0,1,0,0,0,0,0,0,0,0,1
2079,11,2c8dda3ba4bfceec,0.936139,14.480988,0,13376,1,1,0,0,0,0,0,0,0,0,0,0,0,0
2080,11,cc96ee70245ff55d,1.74694,17.836714,1,13707,1,0,0,0,1,0,0,0,0,0,0,0,0,1
2081,11,6714e9d139b32a76,1.313724,16.893965,1,13758,1,1,0,0,1,0,0,0,0,0,0,0,0,0
2082,11,bc6f1c001ffd4c55,0.986952,19.649493,1,13698,1,1,0,0,1,0,0,0,0,0,0,0,0,1
2083,11,ac4c2baddd2ef736,0.74146,18.240774,1,13683,1,1,0,0,1,0,0,0,0,0,0,0,0,0
2084,11,97f48def675fc689,1.600684,17.182456,1,13634,1,0,0,0,0,0,0,0,0,0,0,0,0,1
2085,11,aa36ff7531806219,1.203737,16.401954,1,13433,1,1,0,0,1,0,0,0,0,0,0,0,0,0
2086,11,1cf8977263bbeb4b,0.904323,19.279864,1,13810,1,1,0,0,1,0,0,0,0,0,0,0,0,1
2087,11,85b1fff7e7be7361,1.723037,20.0,1,13733,2,1,0,0,1,0,0,0,0,0,0,0,0,1
2088,11,1451e57a0236e7de,2.339899,16.124637,0,13632,1,0,0,0,0,0,0,0,0,0,0,0,0,0
2089,11,49ca57d1da037088,1.757879,19.071526,1,13686,1,1,0,0,1,0,0,0,0,0,0,0,0,1
2090,11,d791df00269d6d9e,1.320629,17.806569,1,13833,1,1,0,0,1,0,0,0,0,0,0,0,0,0
2091,11,a94e764223343195,2.035792,16.856254,1,13947,1,0,0,0,0,0,0,0,0,0,0,0,0,1
2092,11,12dc294f2f9e12e8,1.530945,19.637147,1,13546,1,1,0,0,1,0,0,0,0,0,0,0,0,1
2093,11,a79c003fa8be9edb,1.150142,18.231499,1,13674,1,1,0,0,1,0,0,0,0,0,0,0,0,0
2094,11,c8ce46c7af597e86,1.907712,17.175488,1,13874,1,0,0,0,0,0,0,0,0,0,0,0,0,1
2095,11,7a14841597efabe4,1.434626,16.396714,1,13614,1,1,0,0,1,0,0,0,0,0,0,0,0,0
2096,11,a7942aeff568c884,1.077781,19.275927,1,13769,1,1,0,0,1,0,0,0,0,0,0,0,0,1
2097,11,78a3cef3a369d1e7,1.85335,14.481283,0,13929,1,0,0,0,0,0,0,0,0,0,0,0,0,0
2098,11,1167826503ec5e88,1.392353,17.836936,1,13835,1,1,0,0,1,0,0,0,0,0,0,0,0,1
2099,11,e1753e9bf77eded1,2.09122,13.41363,0,13833,1,0,0,0,0,0,0,0,0,0,0,0,0,0
2100,11,8dbce196d71180b7,2.614708,17.034848,1,13783,2,1,0,0,1,0,0,0,0,0,0,0,0,1
2101,11,f1227b15626129e9,1.964333,19.755333,1,13754,1,1,0,0,1,0,0,0,0,0,0,0,0,1
2102,11,3757e315ce37d561,1.477206,18.336794,1,13801,1,1,0,0,1,0,0,0,0,0,0,0,0,0
2103,11,e01449e06ec7ffc5,2.153423,17.254592,1,14023,1,0,0,0,0,0,0,0,0,0,0,0,0,1
2104,11,581c1cbc0dcdc05a,1.617786,16.441575,1,15021,1,1,0,0,1,0,0,0,0,0,0,0,0,0
2105,11,03a072e49febfc4a,1.215382,19.30963,1,15222,1,1,0,0,1,0,0,0,0,0,0,0,0,1
2106,11,f67873dd562b3c87,0.913985,20.0,1,15117,1,1,0,0,1,0,0,0,0,0,0,0,0,1
2107,11,de54682992890e10,0.686643,19.617558,1,15406,1,1,0,0,1,0,0,0,0,0,0,0,0,0
2108,11,a945cd09c3a66d2a,0.515849,20.0,1,15605,1,1,0,0,1,0,0,0,0,0,0,0,0,1
2109,11,455fc9bab53ab042,1.432076,20.0,1,15543,2,1,0,0,1,0,0,0,0,0,0,0,0,1
2110,11,b08fd2657d66a9b1,1.075865,20.0,1,15555,1,1,0,0,1,0,0,0,0,0,0,0,0,1
2111,11,b6cfd8b9714460bf,1.851911,20.0,1,15875,1,0,0,0,0,0,0,0,0,0,0,0,0,1
2112,11,860040450dde7370,1.391271,19.888678,1,15631,1,1,0,0,1,0,0,0,0,0,0,0,0,0
2113,11,0f3d7340a66fd205,1.046256,20.0,1,15355,1,1,0,0,1,0,0,0,0,0,0,0,0,1
2114,11,47e39d62e1395275,0.786013,20.0,1,15711,1,1,0,0,1,0,0,0,0,0,0,0,0,1
2115,11,d54c9e71cb284999,1.634155,20.0,1,15662,2,1,0,0,1,0,0,0,0,0,0,0,0,1
2116,11,5d9fe4dff6a5bd26,1.228908,20.0,1,14514,1,1,0,0,1,0,0,0,0,0,0,0,0,1
2117,11,233f7592a6fc7c7f,0.923233,20.0,1,14205,1,1,0,0,1,0,0,0,0,0,0,0,0,0
2118,11,0e277c7c91f30342,1.737244,20.0,1,14210,1,0,0,0,0,0,0,0,0,0,0,0,0,1
2119,11,0bfba820c20069f1,1.305126,18.836951,1,14225,1,1,0,0,1,0,0,0,0,0,0,0,0,0
2120,11,286dc2fa59c02689,0.981474,20.0,1,14374,1,1,0,0,1,0,0,0,0,0,0,0,0,1
2121,11,db5977adb6aef680,0.737344,19.350514,1,14591,1,1,0,0,1,0,0,0,0,0,0,0,0,0
2122,11,e93657267053a7ad,0.553939,18.016162,1,14764,1,1,0,0,0,0,0,0,0,0,0,0,0,1
2123,11,33da8596e69960d8,2.504871,20.0,1,14795,2,0,0,0,1,0,0,0,0,0,0,0,0,1
2124,11,545d198a1a6f952c,1.881816,20.0,1,14600,1,1,0,0,1,0,0,0,0,0,0,0,0,1
2125,11,6a9c914f595879b3,1.413738,20.0,1,14595,1,1,0,0,1,0,0,0,0,0,0,0,0,1
2126,11,4a0df1dc818a3640,1.062089,17.850122,0,14571,1,1,0,0,0,0,0,0,0,0,0,0,0,0
2127,11,f0eaecbf21ef54b2,1.842856,20.0,1,14592,1,0,0,0,1,0,0,0,0,0,0,0,0,1
2128,11,d5ecebf5a1082bc5,2.428122,20.0,1,14816,2,1,0,0,1,0,0,0,0,0,0,0,0,1
2129,11,972384edefa29634,1.824158,20.0,1,15872,1,1,0,0,1,0,0,0,0,0,0,0,0,1
2130,11,6ef5a42559639b02,2.415943,20.0,1,15594,1,0,0,0,0,0,0,0,0,0,0,0,0,1
2131,11,2336cba57609ef94,1.815008,20.0,1,16552,1,1,0,0,1,0,0,0,0,0,0,0,0,1
2132,11,39e5bc0f418f701d,2.407201,20.0,1,16277,2,1,0,0,1,0,0,0,0,0,0,0,0,0
2133,11,1619eae50bfceca5,2.852093,19.048742,1,15958,1,0,0,0,0,0,0,0,0,0,0,0,0,1
2134,11,cc0b496fe4686005,2.144815,20.0,1,15676,1,1,0,0,1,0,0,0,0,0,0,0,0,1
2135,11,2f6358748a3b72aa,2.654973,20.0,1,15549,2,1,0,0,1,0,0,0,0,0,0,0,0,1
2136,11,de2fa260c713d193,1.994582,20.0,1,15933,1,1,0,0,1,0,0,0,0,0,0,0,0,1
2137,11,100bd4b971fd0660,2.544104,20.0,1,15664,1,0,0,0,0,0,0,0,0,0,0,0,0,1
2138,11,480178aefda98a85,1.91129,19.764761,1,15536,1,1,0,0,1,0,0,0,0,0,0,0,0,0
2139,11,f7d74096be5c0869,2.479534,20.0,1,16079,2,1,0,0,1,0,0,0,0,0,0,0,0,1
2140,11,9e4e7c3c3aa85734,1.862782,20.0,1,15866,1,1,0,0,1,0,0,0,0,0,0,0,0,1
2141,11,f21c5022981823ec,2.444989,20.0,1,15760,1,0,0,0,0,0,0,0,0,0,0,0,0,1
2142,11,58526daeb2494a2c,2.880482,20.0,1,15638,2,1,0,0,1,0,0,0,0,0,0,0,0,1
2143,11,b58f64d7bb031e74,3.207652,20.0,1,14385,2,1,0,0,1,0,0,0,0,0,0,0,0,1
2144,11,a9e908a68193ae0b,3.45635,20.0,1,13907,1,0,0,0,0,0,0,0,0,0,0,0,0,1
2145,11,93a6300c78d778dd,2.596627,20.0,1,13931,1,1,0,0,1,0,0,0,0,0,0,0,0,1
2146,11,12a15c2f01984836,1.950749,20.0,1,13988,1,1,0,0,1,0,0,0,0,0,0,0,0,1
2147,11,2d0de17bfbfffaf8,1.465525,20.0,1,14067,1,1,0,0,1,0,0,0,0,0,0,0,0,0
2148,11,cd1644180e1ae801,1.102095,19.858516,1,13922,1,1,0,0,0,0,0,0,0,0,0,0,0,1
2149,11,c23c7eaadfbbfc95,1.871616,18.397806,1,13939,1,0,0,0,1,0,0,0,0,0,0,0,0,0
2150,11,c0d5d2446f2812f9,1.406075,20.0,1,13919,1,1,0,0,1,0,0,0,0,0,0,0,0,1
2151,12,1fd48474a6be9a50,1.057389,19.106811,1,13940,1,1,0,0,1,0,0,0,0,0,0,0,0,0
2152,12,0b198662efcfc49a,1.83803,17.833077,1,14219,1,0,0,0,0,0,0,0,0,0,0,0,0,1
2153,12,fcbdd03152747088,1.380843,16.876169,1,14167,1,1,0,0,1,0,0,0,0,0,0,0,0,0
2154,12,c7b8a2a9fab59ea4,1.037376,19.636124,1,14400,1,1,0,0,1,0,0,0,0,0,0,0,0,1
2155,12,241e6acbb414e8f5,1.824272,18.247147,1,14101,1,0,0,0,0,0,0,0,0,0,0,0,0,1
2156,12,fc64a472a0076c97,2.414161,20.0,1,14130,2,1,0,0,1,0,0,0,0,0,0,0,0,1
2157,12,1e870741cfb1004d,1.813669,19.004504,1,14262,1,1,0,0,1,0,0,0,0,0,0,0,0,0
2158,12,bf57db00a494f005,1.363905,20.0,1,14045,1,1,0,0,1,0,0,0,0,0,0,0,0,1
2159,12,b9cebc1ba6e23f90,2.068304,15.96633,0,14072,1,0,0,0,0,0,0,0,0,0,0,0,0,0
2160,12,e665c14bbc29de1b,1.553839,18.952596,1,14166,1,1,0,0,1,0,0,0,0,0,0,0,0,1
2161,12,e769dc1986223560,2.210995,20.0,1,14221,2,1,0,0,1,0,0,0,0,0,0,0,0,1
2162,12,1dc6f86b0f28f527,1.6627,20.0,1,14002,1,1,0,0,1,0,0,0,0,0,0,0,0,1
2163,12,83171efae161e4f9,1.249124,17.204475,0,14211,1,1,0,0,0,0,0,0,0,0,0,0,0,0
2164,12,d0f092e334d1b579,1.982074,19.882768,1,14126,1,0,0,0,1,0,0,0,0,0,0,0,0,1
2165,12,3c72e9f66e532470,1.490548,18.432627,1,13935,1,1,0,0,1,0,0,0,0,0,0,0,0,0
2166,12,94c45a28bf1facb4,3.207099,17.326588,1,14018,2,0,0,0,0,0,0,0,0,0,0,0,0,1
2167,12,1ea3379f3547fd92,2.409374,19.974507,1,13957,1,1,0,0,1,0,0,0,0,0,0,0,0,1
2168,12,f2433026cfae9a47,1.810073,20.0,1,14033,1,1,0,0,1,0,0,0,0,0,0,0,0,1
2169,12,d0cc26dd4ca1a8f2,1.3612,19.997584,1,13854,1,1,0,0,1,0,0,0,0,0,0,0,0,0
2170,12,38a3c7ee0e61cf29,2.066272,18.502282,1,14153,2,1,0,0,0,0,0,0,0,0,0,0,0,1
2171,12,e64373de38c1d3e1,2.595966,20.0,1,13893,1,0,0,0,1,0,0,0,0,0,0,0,0,1
2172,12,7addd6445d78c1a4,1.952204,20.0,1,13839,1,1,0,0,1,0,0,0,0,0,0,0,0,1
2173,12,32a2c7ad3446fe7a,1.466618,20.0,1,13806,1,1,0,0,1,0,0,0,0,0,0,0,0,0
2174,12,c2ddba3954d1d184,1.101815,20.0,1,14007,1,1,0,0,1,0,0,0,0,0,0,0,0,1
2175,12,6665faed5439f816,0.827752,20.0,1,13774,1,1,0,0,1,0,0,0,0,0,0,0,0,1
2176,12,e2ced52540714a46,1.666632,17.860671,0,13744,1,0,0,0,0,0,0,0,0,0,0,0,0,0
2177,12,609fe1b042bd7177,1.252078,20.0,1,13881,1,1,0,0,1,0,0,0,0,0,0,0,0,1
2178,12,a841332a0fc6c3b7,0.94064,18.786379,1,13901,1,1,0,0,1,0,0,0,0,0,0,0,0,0
2179,12,55f4672a66ea5f47,0.707374,20.0,1,13928,1,1,0,0,1,0,0,0,0,0,0,0,0,1
2180,12,c0bd9a34ec0d85ea,1.575077,20.0,1,13891,2,1,0,0,1,0,0,0,0,0,0,0,0,1
2181,12,aabefe6d1a5d48da,2.22695,17.129379,0,13830,1,0,0,0,0,0,0,0,0,0,0,0,0,0
2182,12,3a430dc208632016,1.673024,19.826351,1,13915,1,1,0,0,1,0,0,0,0,0,0,0,0,1
2183,12,80aa2168e796d8f4,2.302289,14.909699,0,13777,1,0,0,0,0,0,0,0,0,0,0,0,0,0
2184,12,962a960fb5d98b64,1.729623,18.158788,1,13948,1,1,0,0,1,0,0,0,0,0,0,0,0,1
2185,12,45945e108c89014a,2.343055,20.0,1,14051,2,1,0,0,1,0,0,0,0,0,0,0,0,1
2186,12,7d09ed8fe498443a,2.806161,18.971776,1,13852,1,0,0,0,0,0,0,0,0,0,0,0,0,1
2187,12,3afc66ac3f4f5b76,2.108164,20.0,1,13867,1,1,0,0,1,0,0,0,0,0,0,0,0,1
2188,12,d43984f261b74dc3,1.583785,19.413481,1,13955,1,1,0,0,1,0,0,0,0,0,0,0,0,0
2189,12,c873eac609f90289,1.189838,20.0,1,13903,1,1,0,0,1,0,0,0,0,0,0,0,0,1
2190,12,7091a32442c14d6a,2.983076,19.680627,1,13982,2,0,0,0,0,0,0,0,0,0,0,0,0,1
2191,12,2307c10d64c63b7c,2.241074,20.0,1,13816,1,1,0,0,1,0,0,0,0,0,0,0,0,1
2192,12,8b0b0a97806a7403,1.683635,20.0,1,13839,1,1,0,0,1,0,0,0,0,0,0,0,0,1
2193,12,99f831b9a521fa56,1.266117,17.516216,0,13916,1,1,0,0,0,0,0,0,0,0,0,0,0,0
2194,12,67c338be39fa1750,1.99484,20.0,1,14021,1,0,0,0,1,0,0,0,0,0,0,0,0,1
2195,12,3480561eb3823f9e,1.498649,20.0,1,13889,1,1,0,0,1,0,0,0,0,0,0,0,0,1
2196,12,7f07c0273483f8b0,1.125879,20.0,1,13931,1,1,0,0,1,0,0,0,0,0,0,0,0,0
2197,12,3a2ae35984b13365,1.890827,18.565774,1,13981,1,0,0,0,0,0,0,0,0,0,0,0,0,1
2198,12,37497df471636a00,1.420508,17.426616,1,14037,1,1,0,0,1,0,0,0,0,0,0,0,0,0
2199,12,a3d08d88f646c570,2.110828,20.0,1,13925,2,1,0,0,1,0,0,0,0,0,0,0,0,1
2200,12,072bbcd0c037855a,1.587373,20.0,1,13984,1,1,0,0,1,0,0,0,0,0,0,0,0,1
2201,12,f59340e46b02c2f2,2.236187,20.0,1,14036,1,0,0,0,0,0,0,0,0,0,0,0,0,1
2202,12,4605d90764b940fa,1.679964,18.530874,1,13774,1,1,0,0,1,0,0,0,0,0,0,0,0,0
2203,12,9552be10a6413dfc,1.262094,20.0,1,14002,1,1,0,0,1,0,0,0,0,0,0,0,0,1
2204,12,e815e7f51ce5d921,0.949113,19.181989,1,13877,1,1,0,0,1,0,0,0,0,0,0,0,0,0
2205,12,37530b5efd0ceb4c,1.756686,17.889556,1,14010,1,0,0,0,0,0,0,0,0,0,0,0,0,1
2206,12,74ab08ab2aa96740,1.319733,16.918599,1,13926,1,1,0,0,1,0,0,0,0,0,0,0,0,0
2207,12,3cb4f0f3ee625c0f,2.036608,19.684031,1,13833,2,1,0,0,1,0,0,0,0,0,0,0,0,1
2208,12,cef7c08325a7fb76,1.530028,20.0,1,13904,1,1,0,0,1,0,0,0,0,0,0,0,0,1
2209,12,547b435069d7a267,2.193106,19.815475,1,14172,1,0,0,0,0,0,0,0,0,0,0,0,0,1
2210,12,f2ef229d04bfefd5,1.647599,20.0,1,14164,1,1,0,0,1,0,0,0,0,0,0,0,0,1
2211,12,0b1e11e6c420b079,1.239018,19.907738,1,14003,1,1,0,0,1,0,0,0,0,0,0,0,0,0
2212,12,7c9a86a2de040dc0,0.930828,20.0,1,14043,1,1,0,0,1,0,0,0,0,0,0,0,0,1
2213,12,dae37cb02d0e18eb,1.742949,16.46289,0,14317,1,0,0,0,0,0,0,0,0,0,0,0,0,0
2214,12,745ec8f435101432,1.310723,19.341331,1,14158,1,1,0,0,1,0,0,0,0,0,0,0,0,1
2215,12,eb93ad62c34ed6ce,0.984697,18.009264,1,14196,1,1,0,0,1,0,0,0,0,0,0,0,0,0
2216,12,5991c4604a7bc2f8,1.783419,17.008531,1,14258,1,0,0,0,0,0,0,0,0,0,0,0,0,1
2217,12,98b52b9260d0432d,1.339816,16.256718,1,14118,1,1,0,0,1,0,0,0,0,0,0,0,0,0
2218,12,1b5817eff6d68c7a,2.051711,15.705785,1,14118,1,0,0,0,0,0,0,0,0,0,0,0,0,1
2219,12,1096e15db653a60d,2.585027,18.756858,1,14125,2,1,0,0,1,0,0,0,0,0,0,0,0,1
2220,12,aef3a7106393b37f,1.942035,17.570171,1,14120,1,1,0,0,1,0,0,0,0,0,0,0,0,0
2221,12,249f8fa6ff845679,2.504588,16.693521,1,14016,1,0,0,0,0,0,0,0,0,0,0,0,0,1
2222,12,4278acc1f88e3ead,1.881603,19.498907,1,14067,1,1,0,0,1,0,0,0,0,0,0,0,0,1
2223,12,cefbcd7907df4bd6,1.413578,20.0,1,14368,1,1,0,0,1,0,0,0,0,0,0,0,0,1
2224,12,c2407a82afe7403e,1.061969,19.710992,1,14167,1,1,0,0,1,0,0,0,0,0,0,0,0,0
2225,12,1a56c983d63530ab,0.798615,18.303449,1,14145,1,1,0,0,0,0,0,0,0,0,0,0,0,1
2226,12,bb0ba312801d48be,1.643623,20.0,1,15028,1,0,0,0,1,0,0,0,0,0,0,0,0,1
2227,12,462d07872d11f725,1.234793,19.036281,1,14886,1,1,0,0,1,0,0,0,0,0,0,0,0,0
2228,12,aa2cc0c025381d94,1.972732,20.0,1,14671,2,1,0,0,1,0,0,0,0,0,0,0,0,1
2229,12,2b72db7c6dbc9eae,1.48204,20.0,1,14868,1,1,0,0,1,0,0,0,0,0,0,0,0,1
2230,12,f18e7063148d3f6b,2.157055,20.0,1,14639,1,0,0,0,0,0,0,0,0,0,0,0,0,1
2231,12,a31ac8bc120823f1,1.620514,19.040716,1,14254,1,1,0,0,1,0,0,0,0,0,0,0,0,0
2232,12,c97d85037dbd0ee6,1.21865,20.0,1,14206,1,1,0,0,1,0,0,0,0,0,0,0,0,1
2233,12,27dc7be297fcac78,0.915526,19.465633,1,13920,1,1,0,0,1,0,0,0,0,0,0,0,0,0
2234,12,66cc93167d2395a8,0.687801,20.0,1,14054,1,1,0,0,1,0,0,0,0,0,0,0,0,1
2235,12,1da9cdd039605343,1.561386,16.229589,0,14052,1,0,0,0,0,0,0,0,0,0,0,0,0,0
2236,12,fd2bfcc4db1f3b82,1.173011,19.150373,1,13794,1,1,0,0,1,0,0,0,0,0,0,0,0,1
2237,12,89db392cc13da3b6,0.881239,17.865804,1,14011,1,1,0,0,1,0,0,0,0,0,0,0,0,0
2238,12,2864f4880fd99ea4,1.705696,16.900755,1,14192,2,1,0,0,0,0,0,0,0,0,0,0,0,1
2239,12,90e6dd9b143cbb1a,2.326858,19.670612,1,13866,1,0,0,0,1,0,0,0,0,0,0,0,0,1
2240,12,885963fda12672ea,1.748081,20.0,1,14144,1,1,0,0,1,0,0,0,0,0,0,0,0,1
2241,12,306041ce9e61d6fb,1.313268,20.0,1,14443,1,1,0,0,1,0,0,0,0,0,0,0,0,1
2242,12,dc9e8f8bd4714c41,2.031747,17.511965,0,13963,1,0,0,0,0,0,0,0,0,0,0,0,0,0
2243,12,4ed9c6560d83c924,1.526375,20.0,1,14143,1,1,0,0,1,0,0,0,0,0,0,0,0,1
2244,12,3f90cf76e1fd44fd,1.146709,18.589571,1,13952,1,1,0,0,1,0,0,0,0,0,0,0,0,0
2245,12,6b89f9590be09b0d,1.905133,17.444494,1,14118,1,0,0,0,0,0,0,0,0,0,0,0,0,1
2246,12,730514a167f6da40,1.432687,16.59901,1,13944,1,1,0,0,1,0,0,0,0,0,0,0,0,0
2247,12,04a955afb28e8596,2.119978,15.94906,1,14083,1,0,0,0,0,0,0,0,0,0,0,0,0,1
2248,12,e52a3f34029ba84c,1.59266,18.939622,1,13977,1,1,0,0,1,0,0,0,0,0,0,0,0,1
2249,12,f16259483084472a,3.286004,17.723367,1,13965,2,0,0,0,0,0,0,0,0,0,0,0,0,1
2250,12,21230a931b449641,2.468652,20.0,1,14180,1,1,0,0,1,0,0,0,0,0,0,0,0,1
2251,12,b67f4e5d8fba13f6,1.854606,18.708885,1,14065,1,1,0,0,1,0,0,0,0,0,0,0,0,0
2252,12,279cecc00ad2cc38,1.393296,20.0,1,14184,1,1,0,0,1,0,0,0,0,0,0,0,0,1
2253,12,730c354ed742fe4c,2.091929,20.0,1,13933,2,1,0,0,1,0,0,0,0,0,0,0,0,1
2254,12,97dfb15eb92ba380,1.571588,20.0,1,13850,1,1,0,0,0,0,0,0,0,0,0,0,0,1
2255,12,99b18cdfb79157cb,2.224329,18.93974,1,14155,1,0,0,0,1,0,0,0,0,0,0,0,0,0
2256,12,f09941376c2f17d6,1.672727,20.0,1,13886,1,1,0,0,1,0,0,0,0,0,0,0,0,1
2257,12,fd453ef9954fa377,1.256657,19.408585,1,14099,1,1,0,0,1,0,0,0,0,0,0,0,0,0
2258,12,5a7c08aeaeb3f131,1.987733,20.0,1,14105,2,1,0,0,1,0,0,0,0,0,0,0,0,1
2259,12,fee836e53632bf4f,2.536963,19.660015,1,14066,1,0,0,0,0,0,0,0,0,0,0,0,0,1
2260,12,837a6106fa494ed2,1.907832,20.0,1,14090,1,1,0,0,1,0,0,0,0,0,0,0,0,1
2261,12,5fd3f8d4b3f38408,1.433283,19.815512,1,14145,1,1,0,0,1,0,0,0,0,0,0,0,0,0
2262,12,c52f5373967028f2,2.120425,20.0,1,14070,2,1,0,0,1,0,0,0,0,0,0,0,0,1
2263,12,683783d3def562c9,1.59459,20.0,1,14118,1,1,0,0,1,0,0,0,0,0,0,0,0,1
2264,12,c1be9b22db843f4c,2.241609,20.0,1,14169,1,0,0,0,0,0,0,0,0,0,0,0,0,1
2265,12,205557d4472e0c8a,1.684037,19.2926,1,14216,1,1,0,0,1,0,0,0,0,0,0,0,0,0
2266,12,54d126c1c579bf35,1.265154,20.0,1,14200,1,1,0,0,1,0,0,0,0,0,0,0,0,1
2267,12,fc4428b3608f930f,1.995565,20.0,1,14358,2,1,0,0,1,0,0,0,0,0,0,0,0,1
2268,12,aaa1426ebb9c67f5,1.499193,17.348784,0,14263,0,0,0,0,0,0,0,0,0,0,0,0,0,0
2269,12,6a1c37125f283f26,2.169941,20.0,1,14248,2,1,0,0,1,0,0,0,0,0,0,0,0,2
2270,12,7f4725d12e6c652c,1.631827,20.0,1,14681,1,1,0,0,1,0,0,0,0,0,0,0,0,0
2271,12,96caef56ba793d1c,1.22593,19.353246,1,14449,1,1,0,0,0,0,0,0,0,0,0,0,0,1
2272,12,68682e4117060b90,1.964649,18.018215,1,14624,1,0,0,0,1,0,0,0,0,0,0,0,0,0
2273,12,5c70d989b9949b83,1.475967,20.0,1,14561,1,1,0,0,1,0,0,0,0,0,0,0,0,1
2274,12,0d2e84d16bc881ec,1.109948,18.892357,1,14621,1,1,0,0,1,0,0,0,0,0,0,0,0,0
2275,12,9e6156b0bf9911e5,1.877516,17.671966,1,14518,1,0,0,0,0,0,0,0,0,0,0,0,0,1
2276,12,d60e4083ba2b1045,2.454161,20.0,1,14372,2,1,0,0,1,0,0,0,0,0,0,0,0,1
2277,12,866fea0252443ac8,2.889715,18.696741,1,14311,1,0,0,0,0,0,0,0,0,0,0,0,0,1
2278,12,83b6613b1b24c1ea,2.170935,17.525007,1,14238,1,1,0,0,1,0,0,0,0,0,0,0,0,0
2279,12,2e16e67fda205951,1.630942,20.0,1,14264,1,1,0,0,1,0,0,0,0,0,0,0,0,1
2280,12,8691d1d2dc8b0c46,2.268919,15.118087,0,14373,1,0,0,0,0,0,0,0,0,0,0,0,0,0
2281,12,767c14be8555fe24,1.706259,18.33002,1,14298,1,1,0,0,1,0,0,0,0,0,0,0,0,1
2282,12,6731ad8dbff47d93,3.369156,17.249504,1,14263,2,0,0,0,0,0,0,0,0,0,0,0,0,1
2283,12,e627b60ab0c92c4c,2.531121,19.916596,1,14387,1,1,0,0,1,0,0,0,0,0,0,0,0,1
2284,12,ac30f187b82a55ae,2.947589,14.977564,0,14024,1,0,0,0,0,0,0,0,0,0,0,0,0,0
2285,12,f60c52c3d3c4c37e,2.214414,18.209773,1,14080,1,1,0,0,1,0,0,0,0,0,0,0,0,1
2286,12,fbd72c372485589b,1.663606,17.159166,1,13889,1,1,0,0,1,0,0,0,0,0,0,0,0,0
2287,12,f00399062eef696d,1.249805,19.848729,1,13820,1,1,0,0,1,0,0,0,0,0,0,0,0,1
2288,12,85c65dc94872c6ab,0.939871,18.407029,1,13824,1,1,0,0,1,0,0,0,0,0,0,0,0,0
2289,12,662ff7e7306c3508,2.793397,17.307357,1,13756,2,0,0,0,0,0,0,0,0,0,0,0,0,1
2290,12,c3fcbc84d2bd2b4b,2.098575,19.96006,1,13674,1,1,0,0,1,0,0,0,0,0,0,0,0,1
2291,12,c1687e832e4cf35c,2.622309,18.490751,1,13744,1,0,0,0,0,0,0,0,0,0,0,0,0,1
2292,12,1548ba99abb5de08,1.970042,20.0,1,13785,1,1,0,0,1,0,0,0,0,0,0,0,0,1
2293,12,52cff11b0a729b2f,2.523673,19.141993,1,13683,2,1,0,0,1,0,0,0,0,0,0,0,0,0
2294,12,aede138e15ed7d96,1.895941,20.0,1,13707,1,1,0,0,1,0,0,0,0,0,0,0,0,1
2295,12,2d9d0819d21b0d1f,2.469925,16.046746,0,13261,1,0,0,0,0,0,0,0,0,0,0,0,0,0
2296,12,57b29ac1bd37d207,1.855562,19.013009,1,13563,1,1,0,0,1,0,0,0,0,0,0,0,0,1
2297,12,0a17a01a95b80772,1.394015,17.762608,1,13399,1,1,0,0,1,0,0,0,0,0,0,0,0,0
2298,12,e82d8fa391739fa0,2.092469,16.838236,1,13259,1,0,0,0,0,0,0,0,0,0,0,0,0,1
2299,12,fc9d155becd460b4,1.571994,16.128782,1,13372,1,1,0,0,1,0,0,0,0,0,0,0,0,0
2300,12,56f6d0ec1ffe6996,1.18098,19.07464,1,13446,1,1,0,0,1,0,0,0,0,0,0,0,0,1
2301,12,5e07c9917e6e487e,1.93088,14.330064,0,13145,1,0,0,0,0,0,0,0,0,0,0,0,0,0
2302,12,795b2d9396fe7778,1.452049,17.737416,1,13193,1,1,0,0,1,0,0,0,0,0,0,0,0,1
2303,12,bbc950a1486ff38b,3.178177,16.804302,1,13307,2,0,0,0,0,0,0,0,0,0,0,0,0,1
2304,12,010479df931c6618,3.431299,12.624444,0,13306,1,0,0,0,0,0,0,0,0,0,0,0,0,0
2305,12,cb25a4de4bfcff8a,2.580386,16.454765,1,13201,1,1,0,0,1,0,0,0,0,0,0,0,0,1
2306,12,247f1a569fb39a88,2.982201,15.840694,1,13362,1,0,0,0,0,0,0,0,0,0,0,0,0,1
2307,12,226dd36713e32478,2.240416,15.379366,1,13401,1,1,0,0,1,0,0,0,0,0,0,0,0,0
2308,12,5cbd1f2802872c68,1.683141,18.511632,1,13367,1,1,0,0,1,0,0,0,0,0,0,0,0,1
2309,12,3f4a3e7f22b4c3d3,2.309896,13.921011,0,13493,1,0,0,0,0,0,0,0,0,0,0,0,0,0
2310,12,7fa75709603a60f9,2.778992,17.416024,1,13603,2,1,0,0,1,0,0,0,0,0,0,0,0,1
2311,12,add7073af6c038b7,2.087753,20.0,1,13796,1,1,0,0,1,0,0,0,0,0,0,0,0,1
2312,12,c68ebfa70dd181e1,2.61417,18.552143,1,13862,1,0,0,0,0,0,0,0,0,0,0,0,0,1
2313,12,977209954bc8ff01,1.963929,20.0,1,13642,1,1,0,0,1,0,0,0,0,0,0,0,0,1
2314,12,f88c01afe456447e,2.519079,20.0,1,13401,2,1,0,0,1,0,0,0,0,0,0,0,0,1
2315,12,c75733457445e820,2.936144,20.0,1,13508,1,0,0,0,0,0,0,0,0,0,0,0,0,1
2316,12,ae1ada5f852d0fbe,2.208022,18.896091,1,13330,1,1,0,0,1,0,0,0,0,0,0,0,0,0
2317,12,53614c753700bbc8,1.658804,20.0,1,13422,1,1,0,0,1,0,0,0,0,0,0,0,0,1
2318,12,f688ad252e84b3df,1.246198,20.0,1,13139,1,1,0,0,1,0,0,0,0,0,0,0,0,1
2319,12,b9d556858d42fd70,1.981309,17.183232,0,13268,1,0,0,0,0,0,0,0,0,0,0,0,0,0
2320,12,745d779ae634965c,1.488483,19.866809,1,13554,1,1,0,0,1,0,0,0,0,0,0,0,0,1
2321,12,37a8fc8aa34291bc,1.118242,18.404036,1,13281,1,1,0,0,1,0,0,0,0,0,0,0,0,0
2322,12,f76f19a05c7ba921,0.840093,20.0,1,13213,1,1,0,0,1,0,0,0,0,0,0,0,0,1
2323,12,87ab574b7276cfc1,1.675913,20.0,1,13142,2,1,0,0,1,0,0,0,0,0,0,0,0,1
2324,12,485c66754133f4d4,2.302704,16.971648,0,13105,1,0,0,0,0,0,0,0,0,0,0,0,0,0
2325,12,b9d1b46009832bdd,1.729935,19.707854,1,13109,1,1,0,0,1,0,0,0,0,0,0,0,0,1
2326,13,1fd48474a6be9a50,1.300936,18.301088,1,13805,1,1,0,0,1,0,0,0,0,0,0,0,0,0
2327,13,0b198662efcfc49a,2.020998,17.227768,1,14136,1,0,0,0,0,0,0,0,0,0,0,0,0,1
2328,13,fcbdd03152747088,1.5183,16.421423,1,14268,1,1,0,0,1,0,0,0,0,0,0,0,0,0
2329,13,c7b8a2a9fab59ea4,2.184296,15.815645,1,14435,1,0,0,0,0,0,0,0,0,0,0,0,0,1
2330,13,241e6acbb414e8f5,2.686772,18.854594,1,14085,2,1,0,0,1,0,0,0,0,0,0,0,0,1
2331,13,fc64a472a0076c97,3.062125,17.643596,1,14013,1,0,0,0,0,0,0,0,0,0,0,0,0,1
2332,13,1e870741cfb1004d,2.30046,16.733819,1,14345,1,1,0,0,1,0,0,0,0,0,0,0,0,0
2333,13,bf57db00a494f005,1.729979,19.545074,1,13983,1,1,0,0,1,0,0,0,0,0,0,0,0,1
2334,13,b9cebc1ba6e23f90,1.299668,14.683483,0,14198,1,1,0,0,0,0,0,0,0,0,0,0,0,0
2335,13,e665c14bbc29de1b,3.063699,17.988841,1,14065,2,0,0,0,1,0,0,0,0,0,0,0,0,1
2336,13,e769dc1986223560,2.301642,20.0,1,14190,1,1,0,0,1,0,0,0,0,0,0,0,0,1
2337,13,1dc6f86b0f28f527,1.730868,15.395261,0,14095,1,1,0,0,0,0,0,0,0,0,0,0,0,0
2338,13,83171efae161e4f9,2.34399,18.523573,1,14110,1,0,0,0,1,0,0,0,0,0,0,0,0,1
2339,13,d0f092e334d1b579,1.760952,17.394912,1,14103,1,1,0,0,1,0,0,0,0,0,0,0,0,0
2340,13,3c72e9f66e532470,1.324261,20.0,1,14037,1,1,0,0,1,0,0,0,0,0,0,0,0,1
2341,13,1fdd04fc4bd3a35e,0.994868,18.535819,1,14121,1,1,0,0,0,0,0,0,0,0,0,0,0,1
2342,13,1ea3379f3547fd92,2.834714,20.0,1,14027,2,0,0,0,1,0,0,0,0,0,0,0,0,1
2343,13,f2433026cfae9a47,2.129614,20.0,1,13899,1,1,0,0,1,0,0,0,0,0,0,0,0,1
2344,13,d0cc26dd4ca1a8f2,1.6015,20.0,1,13911,1,1,0,0,1,0,0,0,0,0,0,0,0,0
2345,13,38a3c7ee0e61cf29,1.203147,20.0,1,14026,1,1,0,0,1,0,0,0,0,0,0,0,0,1
2346,13,e64373de38c1d3e1,1.947533,20.0,1,13905,1,0,0,0,0,0,0,0,0,0,0,0,0,1
2347,13,7addd6445d78c1a4,1.464573,18.732939,1,13767,1,1,0,0,1,0,0,0,0,0,0,0,0,0
2348,13,32a2c7ad3446fe7a,2.143932,20.0,1,13886,2,1,0,0,1,0,0,0,0,0,0,0,0,1
2349,13,c2ddba3954d1d184,1.610656,19.278683,1,13955,1,1,0,0,0,0,0,0,0,0,0,0,0,1
2350,13,6665faed5439f816,2.253679,20.0,1,13995,1,0,0,0,1,0,0,0,0,0,0,0,0,1
2351,13,e2ced52540714a46,1.694799,19.604472,1,13646,1,1,0,0,1,0,0,0,0,0,0,0,0,0
2352,13,609fe1b042bd7177,1.273239,20.0,1,13861,1,1,0,0,1,0,0,0,0,0,0,0,0,1
2353,13,a841332a0fc6c3b7,3.043844,19.770572,1,13940,2,0,0,0,0,0,0,0,0,0,0,0,0,1
2354,13,55f4672a66ea5f47,2.289014,20.0,1,13835,1,1,0,0,1,0,0,0,0,0,0,0,0,1
2355,13,c0bd9a34ec0d85ea,1.71965,19.877972,1,14019,1,1,0,0,1,0,0,0,0,0,0,0,0,0
2356,13,aabefe6d1a5d48da,2.335562,18.412422,1,13719,1,0,0,0,0,0,0,0,0,0,0,0,0,1
2357,13,3a430dc208632016,1.754621,17.311409,1,13960,1,1,0,0,1,0,0,0,0,0,0,0,0,0
2358,13,80aa2168e796d8f4,2.36365,16.498928,1,13959,1,0,0,0,0,0,0,0,0,0,0,0,0,1
2359,13,f7ccb287b0e2aba7,1.775722,15.873872,1,13977,1,1,0,0,1,0,0,0,0,0,0,0,0,0
2360,13,2112fa62c82cb6c3,1.334034,15.404291,1,13725,1,1,0,0,0,0,0,0,0,0,0,0,0,1
2361,13,542d2ce96e80afc1,2.047363,15.064748,1,13701,1,0,0,0,1,0,0,0,0,0,0,0,0,0
2362,13,6e60a9a40289d397,1.538107,18.275271,1,13919,1,1,0,0,1,0,0,0,0,0,0,0,0,1
2363,13,0d28e31d51bf6ee7,3.242829,17.208373,1,13930,2,0,0,0,0,0,0,0,0,0,0,0,0,1
2364,13,1cc2b0b192026c8b,2.436216,19.885696,1,13814,1,1,0,0,1,0,0,0,0,0,0,0,0,1
2365,13,1248b02762c2799a,2.87622,14.954327,0,13938,1,0,0,0,0,0,0,0,0,0,0,0,0,0
2366,13,3686db50da6353c5,2.160796,18.192316,1,14077,1,1,0,0,1,0,0,0,0,0,0,0,0,1
2367,13,07a5e51a719ae67e,1.623326,20.0,1,13941,1,1,0,0,1,0,0,0,0,0,0,0,0,1
2368,13,f655ac8ba190f916,1.220764,18.990717,1,13960,1,1,0,0,1,0,0,0,0,0,0,0,0,0
2369,13,acf062be464e6a16,0.917114,17.745861,1,13774,1,1,0,0,0,0,0,0,0,0,0,0,0,1
2370,13,de13e887285fb9b5,1.732647,16.810646,1,13963,1,0,0,0,1,0,0,0,0,0,0,0,0,0
2371,13,b881e3f0277e0f1e,2.345326,19.586899,1,13947,2,1,0,0,1,0,0,0,0,0,0,0,0,1
2372,13,3113f88925ef22eb,1.763719,20.0,1,13949,1,1,0,0,1,0,0,0,0,0,0,0,0,1
2373,13,8f5d1507a606f6db,1.325016,20.0,1,13972,1,1,0,0,1,0,0,0,0,0,0,0,0,1
2374,13,4c671eda2cb97842,2.039088,17.469146,0,13953,1,0,0,0,0,0,0,0,0,0,0,0,0,0
2375,13,a70975e0d75fcfa2,1.533424,20.0,1,13992,1,1,0,0,1,0,0,0,0,0,0,0,0,1
2376,13,e32a82da60bb8735,2.195657,20.0,1,14009,2,1,0,0,1,0,0,0,0,0,0,0,0,1
2377,13,0ceb51fa72226318,1.649515,20.0,1,13840,1,1,0,0,1,0,0,0,0,0,0,0,0,1
2378,13,2380749c713565a3,2.282872,20.0,1,13945,1,0,0,0,0,0,0,0,0,0,0,0,0,1
2379,13,6712e77d60dcbb1b,1.716753,19.38902,1,13880,1,1,0,0,1,0,0,0,0,0,0,0,0,0
2380,13,26000cfb780e6842,1.289732,20.0,1,13931,1,1,0,0,1,0,0,0,0,0,0,0,0,1
2381,13,4d9f805f0bb0418f,0.968927,20.0,1,13860,1,1,0,0,1,0,0,0,0,0,0,0,0,1
2382,13,33455cd54b443737,1.772798,17.392448,0,13878,1,0,0,0,0,0,0,0,0,0,0,0,0,0
2383,13,b8ece21f24cf9aed,1.331837,20.0,1,14132,1,1,0,0,1,0,0,0,0,0,0,0,0,1
2384,13,438d9b97668d3919,1.000559,18.522116,1,14045,1,1,0,0,1,0,0,0,0,0,0,0,0,0
2385,13,6c5ca6adeb383ed3,0.751683,20.0,1,14284,1,1,0,0,1,0,0,0,0,0,0,0,0,1
2386,13,6fb7f140d1b80dad,1.609427,15.69654,0,14004,1,0,0,0,0,0,0,0,0,0,0,0,0,0
2387,13,4812b980a4836118,1.209102,18.749912,1,14181,1,1,0,0,1,0,0,0,0,0,0,0,0,1
2388,13,7580f222342b86e3,0.908353,20.0,1,14192,1,1,0,0,1,0,0,0,0,0,0,0,0,1
2389,13,d4d46829618cb27a,2.771396,19.305737,1,14181,2,0,0,0,0,0,0,0,0,0,0,0,0,1
2390,13,e6d9159f25d02b70,2.082046,17.982523,1,14275,1,1,0,0,1,0,0,0,0,0,0,0,0,0
2391,13,39f4850a8583fbcf,2.607817,16.988442,1,14221,1,0,0,0,0,0,0,0,0,0,0,0,0,1
2392,13,85d5ca1060e16177,1.959155,16.241626,1,14565,1,1,0,0,1,0,0,0,0,0,0,0,0,0
2393,13,83703bee72dfc819,1.473313,19.174938,1,15127,1,1,0,0,1,0,0,0,0,0,0,0,0,1
2394,13,8dbb0fb9ab9f07ef,2.150498,20.0,1,15184,2,1,0,0,1,0,0,0,0,0,0,0,0,1
2395,13,6f0d1c31a9ffc0e1,1.615589,19.528145,1,15184,1,1,0,0,0,0,0,0,0,0,0,0,0,1
2396,13,5109bef17223c688,2.259096,18.165945,1,16104,1,0,0,0,1,0,0,0,0,0,0,0,0,0
2397,13,5d3ce57aa41c34f4,1.697175,20.0,1,16048,1,1,0,0,1,0,0,0,0,0,0,0,0,1
2398,13,f0acb349efcc2348,2.318677,20.0,1,15849,2,1,0,0,1,0,0,0,0,0,0,0,0,1
2399,13,33542b47ee22c0e5,1.741935,20.0,1,15667,1,1,0,0,1,0,0,0,0,0,0,0,0,0
2400,13,819fe22d79de0de5,2.354111,18.772947,1,15257,1,0,0,0,0,0,0,0,0,0,0,0,0,1
2401,13,50694e058b554346,2.812209,20.0,1,15288,2,1,0,0,1,0,0,0,0,0,0,0,0,1
2402,13,369693e2bd6a1051,2.112707,19.301264,1,15520,1,1,0,0,1,0,0,0,0,0,0,0,0,0
2403,13,5867a45e9bea42d3,2.632937,17.995327,1,15176,2,1,0,0,0,0,0,0,0,0,0,0,0,1
2404,13,1a476712fba7fd1e,3.02168,20.0,1,14742,1,0,0,0,1,0,0,0,0,0,0,0,0,1
2405,13,06e0351a32412628,2.270075,20.0,1,14457,1,1,0,0,1,0,0,0,0,0,0,0,0,1
2406,13,8e6d391efc4138e0,1.705423,20.0,1,14404,1,1,0,0,1,0,0,0,0,0,0,0,0,0
2407,13,6d80f7ae2748d69a,2.326653,18.718544,1,14187,2,1,0,0,0,0,0,0,0,0,0,0,0,1
2408,13,91815096a7eaca62,2.791581,20.0,1,14011,1,0,0,0,1,0,0,0,0,0,0,0,0,1
2409,13,d68b7066aa351681,2.09721,20.0,1,14118,1,1,0,0,1,0,0,0,0,0,0,0,0,1
2410,13,0189b413427b5b5c,1.577132,20.0,1,13851,1,1,0,0,1,0,0,0,0,0,0,0,0,1
2411,13,53740cd3371492f9,1.18484,20.0,1,13779,1,1,0,0,1,0,0,0,0,0,0,0,0,0
2412,13,f3bf455a7d27c010,1.93378,19.676738,1,13937,1,0,0,0,0,0,0,0,0,0,0,0,0,1
2413,13,5f004e1acd00de88,1.452776,18.261242,1,14026,1,1,0,0,1,0,0,0,0,0,0,0,0,0
2414,13,a2f67ad695a98274,1.092508,20.0,1,13947,1,1,0,0,1,0,0,0,0,0,0,0,0,1
2415,13,c7ec5a90dc25b8fe,1.864414,15.546416,0,14113,1,0,0,0,0,0,0,0,0,0,0,0,0,0
2416,13,7914ec27c6727d52,1.400665,18.637131,1,14346,1,1,0,0,1,0,0,0,0,0,0,0,0,1
2417,13,346d6badeca36e32,1.05332,17.49589,1,14052,1,1,0,0,1,0,0,0,0,0,0,0,0,0
2418,13,b40eda2144bdaf1d,2.878626,16.622852,1,13998,2,0,0,0,0,0,0,0,0,0,0,0,0,1
2419,13,29fd4eb0baf3a85e,2.162604,19.445817,1,14013,1,1,0,0,1,0,0,0,0,0,0,0,0,1
2420,13,0fd943d8e96cd848,1.624684,20.0,1,14096,1,1,0,0,1,0,0,0,0,0,0,0,0,1
2421,13,efc244d250bf18df,3.310086,19.698895,1,14040,2,0,0,0,0,0,0,0,0,0,0,0,0,1
2422,13,c55148a03a8565c3,2.486744,18.277888,1,13982,1,1,0,0,1,0,0,0,0,0,0,0,0,0
2423,13,653920a01568dfc9,2.911851,17.210339,1,14050,1,0,0,0,0,0,0,0,0,0,0,0,0,1
2424,13,d4e7310c641161ab,2.189754,16.422922,1,13918,1,1,0,0,1,0,0,0,0,0,0,0,0,0
2425,13,8ee5340cdea50732,1.64508,19.295616,1,14131,1,1,0,0,1,0,0,0,0,0,0,0,0,1
2426,13,ccb475af5dbb3f58,1.235887,17.97492,1,14112,1,1,0,0,0,0,0,0,0,0,0,0,0,1
2427,13,1915e0f873809add,1.972129,16.98273,1,14163,1,0,0,0,1,0,0,0,0,0,0,0,0,0
2428,13,d49d5f2f4a313147,2.52722,19.732258,1,13969,2,1,0,0,1,0,0,0,0,0,0,0,0,1
2429,13,50d5af7922df4a86,1.898606,20.0,1,14030,1,1,0,0,1,0,0,0,0,0,0,0,0,1
2430,13,d51074b0a33a081a,1.426352,19.842694,1,14041,1,1,0,0,0,0,0,0,0,0,0,0,0,1
2431,13,6d5f536d2bd997de,2.116787,18.402491,1,13961,1,0,0,0,1,0,0,0,0,0,0,0,0,0
2432,13,3c3825c10bb3a1c8,1.590263,20.0,1,14172,1,1,0,0,1,0,0,0,0,0,0,0,0,1
2433,13,a183c2ab7b2d17ab,2.238359,15.613335,0,14177,1,0,0,0,0,0,0,0,0,0,0,0,0,0
2434,13,15cfa1aca114516f,2.725248,18.687404,1,13986,2,1,0,0,1,0,0,0,0,0,0,0,0,1
2435,13,99abd38cd3377be0,2.049426,20.0,1,14105,1,1,0,0,1,0,0,0,0,0,0,0,0,1
2436,13,a014f1da44a08b76,1.539657,20.0,1,14097,1,1,0,0,1,0,0,0,0,0,0,0,0,1
2437,13,e3eb400c3dd02428,1.156687,20.0,1,14027,1,1,0,0,1,0,0,0,0,0,0,0,0,1
2438,13,5830dfcaf47fe679,1.913995,18.082228,0,13963,1,0,0,0,0,0,0,0,0,0,0,0,0,0
2439,13,7c7d0134d3c70811,1.437913,20.0,1,14075,1,1,0,0,1,0,0,0,0,0,0,0,0,1
2440,13,c3dd6d44d302e876,2.123904,20.0,1,14077,2,1,0,0,1,0,0,0,0,0,0,0,0,1
2441,13,58ed992ff51b231a,2.639263,16.820972,0,14214,1,0,0,0,0,0,0,0,0,0,0,0,0,0
2442,13,4fcea2a972302b1a,1.984763,19.610614,1,14110,1,1,0,0,1,0,0,0,0,0,0,0,0,1
2443,13,075f3573029e3a7f,1.491078,18.211566,1,14067,1,1,0,0,1,0,0,0,0,0,0,0,0,0
2444,13,ed02d74add0252cd,0.076538,17.160513,1,14268,0,1,0,0,1,0,0,0,0,0,0,0,0,0
2445,13,9256c685abe14e9c,2.145859,16.385452,1,14295,2,0,0,0,0,0,0,0,0,0,0,0,0,1
2446,13,568c678c505ea544,1.612103,19.267467,1,14451,1,1,0,0,1,0,0,0,0,0,0,0,0,1
2447,13,731a8fcdeb2fddbf,1.211113,20.0,1,14370,1,1,0,0,1,0,0,0,0,0,0,0,0,1
2448,13,f07d3ced300bf98b,0.909864,19.580368,1,14289,1,1,0,0,1,0,0,0,0,0,0,0,0,0
2449,13,afe8cdb9a53f3cb4,1.728381,18.205218,1,14410,1,0,0,0,0,0,0,0,0,0,0,0,0,1
2450,13,ff14387b7c00fae9,1.298468,20.0,1,14066,1,1,0,0,1,0,0,0,0,0,0,0,0,1
2451,13,9c341fc8bf8651cc,0.975491,18.980839,1,14405,1,1,0,0,1,0,0,0,0,0,0,0,0,0
2452,13,baffd70fe6ac73cd,2.821884,17.754364,1,13994,2,0,0,0,0,0,0,0,0,0,0,0,0,1
2453,13,4073e9bd48774725,2.119976,20.0,1,14209,1,1,0,0,1,0,0,0,0,0,0,0,0,1
2454,13,f4d4c3251550d6e2,1.592659,20.0,1,14193,1,1,0,0,1,0,0,0,0,0,0,0,0,1
2455,13,02715b7eb489ecd5,2.240158,20.0,1,14183,1,0,0,0,0,0,0,0,0,0,0,0,0,1
2456,13,0493fe2e61046abd,1.684631,18.64171,1,14100,1,1,0,0,1,0,0,0,0,0,0,0,0,0
2457,13,9a4ee334c720c293,1.2656,20.0,1,14211,1,1,0,0,1,0,0,0,0,0,0,0,0,1
2458,13,e37190ff17fd7ef4,0.950798,19.227194,1,14218,1,1,0,0,1,0,0,0,0,0,0,0,0,0
2459,13,874a7160006bccf6,2.803315,17.939626,1,14166,2,0,0,0,0,0,0,0,0,0,0,0,0,1
2460,13,eb66a2db31f08615,2.106026,20.0,1,14155,1,1,0,0,1,0,0,0,0,0,0,0,0,1
2461,13,03ea8e47a06f59db,1.582178,20.0,1,14124,1,1,0,0,1,0,0,0,0,0,0,0,0,1
2462,13,c3dda8525bd9754b,2.232285,16.760507,0,13860,1,0,0,0,0,0,0,0,0,0,0,0,0,0
2463,13,f0969e93839d6b45,1.67871,19.565144,1,13975,1,1,0,0,1,0,0,0,0,0,0,0,0,1
2464,13,1c38405cb2a0e825,2.304805,20.0,1,14107,2,1,0,0,1,0,0,0,0,0,0,0,0,1
2465,13,787b4cce7a7b54de,1.731514,19.748376,1,13943,1,1,0,0,1,0,0,0,0,0,0,0,0,0
2466,13,a47791cb9de3b2ae,1.302123,18.331562,1,13942,1,1,0,0,0,0,0,0,0,0,0,0,0,1
2467,13,e9469ef132647d5c,2.02189,17.250662,1,13846,1,0,0,0,1,0,0,0,0,0,0,0,0,0
2468,13,e6b28f5c34be270d,1.51897,19.917466,1,13862,1,1,0,0,1,0,0,0,0,0,0,0,0,1
2469,13,28b11503da67e96a,2.184799,20.0,1,13820,2,1,0,0,1,0,0,0,0,0,0,0,0,1
2470,13,e480487cdfc00501,2.68715,19.965359,1,13721,1,0,0,0,0,0,0,0,0,0,0,0,0,1
2471,13,3dfd87712e2f318c,2.018756,18.478072,1,13911,1,1,0,0,1,0,0,0,0,0,0,0,0,0
2472,13,9510dfc9ff30410a,1.516616,20.0,1,13735,1,1,0,0,1,0,0,0,0,0,0,0,0,1
2473,13,dbded56bcb2e691c,1.140517,20.0,1,13711,1,1,0,0,1,0,0,0,0,0,0,0,0,1
2474,13,8e731615f560629e,1.900481,17.003071,0,13749,1,0,0,0,0,0,0,0,0,0,0,0,0,0
2475,13,839ff61af700c5e4,1.42776,19.731461,1,13358,1,1,0,0,1,0,0,0,0,0,0,0,0,1
2476,13,2d2b3fa31b9ca5c5,2.116276,14.823509,0,13541,1,0,0,0,0,0,0,0,0,0,0,0,0,0
2477,13,5d8e341ee49ea579,1.59147,18.108493,1,13854,1,1,0,0,1,0,0,0,0,0,0,0,0,1
2478,13,797244cbcef9b3da,1.195612,17.083079,1,13693,1,1,0,0,1,0,0,0,0,0,0,0,0,0
2479,13,01f05b4dd31fa2d9,0.898218,19.791567,1,13822,1,1,0,0,1,0,0,0,0,0,0,0,0,1
2480,13,905aefc35256bef9,1.719624,14.883541,0,13643,1,0,0,0,0,0,0,0,0,0,0,0,0,0
2481,13,799df9e7e35c75ee,1.291889,18.139137,1,13742,1,1,0,0,1,0,0,0,0,0,0,0,0,1
2482,13,52e47a13cce6639c,3.057855,17.1061,1,13871,2,0,0,0,0,0,0,0,0,0,0,0,0,1
2483,13,fbca79e64326d595,2.297252,16.330018,1,13649,1,1,0,0,1,0,0,0,0,0,0,0,0,0
2484,13,9d659a179ba1acfc,1.727566,19.24141,1,13554,1,1,0,0,1,0,0,0,0,0,0,0,0,1
2485,13,4994af3dc6c084b0,2.341509,14.455352,0,13676,1,0,0,0,0,0,0,0,0,0,0,0,0,0
2486,13,02b50c27f11df0b7,1.759088,17.817454,1,13524,1,1,0,0,1,0,0,0,0,0,0,0,0,1
2487,13,7f56a3b266a73426,1.322859,20.0,1,13598,1,1,0,0,1,0,0,0,0,0,0,0,0,1
2488,13,0c21f359318f1fc4,0.993815,18.774539,1,13608,1,1,0,0,1,0,0,0,0,0,0,0,0,0
2489,13,9f31352324b788aa,2.833923,17.583454,1,13425,2,0,0,0,0,0,0,0,0,0,0,0,0,1
2490,13,0be456b5729bc29c,2.12902,20.0,1,13534,1,1,0,0,1,0,0,0,0,0,0,0,0,1
2491,13,40947114f1eb2166,1.601054,18.646734,1,13534,1,1,0,0,1,0,0,0,0,0,0,0,0,0
2492,13,93677b4166870f79,1.202812,20.0,1,14049,1,1,0,0,1,0,0,0,0,0,0,0,0,1
2493,13,e4f448e5e3f6f3c7,1.947281,19.23003,1,13318,1,0,0,0,0,0,0,0,0,0,0,0,0,1
2494,13,4a5a0521c0481ec3,1.464383,17.941758,1,13393,1,1,0,0,1,0,0,0,0,0,0,0,0,0
2495,13,e97e427104caaa76,1.100136,20.0,1,13633,1,1,0,0,1,0,0,0,0,0,0,0,0,1
2496,13,5c745fe6338ffdd3,0.826491,18.832144,1,13605,1,1,0,0,1,0,0,0,0,0,0,0,0,0
2497,13,b893a90e77849ab4,0.620912,17.62673,1,13326,1,1,0,0,0,0,0,0,0,0,0,0,0,1
2498,13,991255c49e19377f,1.511085,16.736054,1,13493,1,0,0,0,1,0,0,0,0,0,0,0,0,0
2499,13,6c73f43114024555,1.135222,19.530861,1,13523,1,1,0,0,1,0,0,0,0,0,0,0,0,1
2500,13,9cb742e7419e34bd,1.896503,18.15165,1,13855,1,0,0,0,0,0,0,0,0,0,0,0,0,1
2501,13,fbfc9d8e7e6e2c7a,1.426197,17.130801,1,13291,1,1,0,0,1,0,0,0,0,0,0,0,0,0
2502,13,460348ee072ecfec,1.071449,19.82742,1,13572,1,1,0,0,1,0,0,0,0,0,0,0,0,1
2503,13,1b7d2b4583760a61,1.848593,14.895599,0,13522,1,0,0,0,0,0,0,0,0,0,0,0,0,0
2504,13,9287aa4ccba22a63,1.388779,18.148196,1,13451,1,1,0,0,1,0,0,0,0,0,0,0,0,1
2505,13,d5246115898a3313,1.044381,13.647702,0,13220,1,1,0,0,0,0,0,0,0,0,0,0,0,0
2506,13,d91c726b124ca83c,1.828258,17.210697,1,13267,1,0,0,0,1,0,0,0,0,0,0,0,0,1
2507,13,7d346f2d7ee5f44a,1.373502,16.408598,1,13228,1,1,0,0,1,0,0,0,0,0,0,0,0,0
2508,13,d1f0d0c4cd0ad23b,1.032893,15.820001,1,13452,1,1,0,0,0,0,0,0,0,0,0,0,0,1
2509,13,f6e3cbb2a8c9f957,1.819627,15.36382,1,13430,1,0,0,0,1,0,0,0,0,0,0,0,0,0
2510,13,234973687cb49c15,1.367018,18.499953,1,13680,1,1,0,0,1,0,0,0,0,0,0,0,0,1
2511,13,94f4a7df106c5555,2.070643,13.898323,0,13611,1,0,0,0,0,0,0,0,0,0,0,0,0,0
2512,13,0643386301f89e53,1.557153,17.41274,1,13431,1,1,0,0,1,0,0,0,0,0,0,0,0,1
2513,13,2c4434d9bd6012cf,1.169831,16.560385,1,13692,1,1,0,0,1,0,0,0,0,0,0,0,0,0
2514,13,f5a0b828112320c4,2.966157,15.920043,1,13474,2,0,0,0,0,0,0,0,0,0,0,0,0,1
2515,13,3068ea6d890aa6a2,2.230592,18.933103,1,13628,1,1,0,0,1,0,0,0,0,0,0,0,0,1
2516,13,d3aa5fd984dd1945,1.675761,20.0,1,13652,1,1,0,0,1,0,0,0,0,0,0,0,0,1
2517,13,9954770db448d4d8,1.258936,19.391654,1,13833,1,1,0,0,1,0,0,0,0,0,0,0,0,0
2518,13,1097ce52adebb40f,1.989445,18.04707,1,13589,1,0,0,0,0,0,0,0,0,0,0,0,0,1
2519,13,b29b7edb6bb2d3d9,2.540242,20.0,1,13667,2,1,0,0,1,0,0,0,0,0,0,0,0,1
2520,13,fc39910cf2b86367,1.908389,18.904262,1,13755,1,1,0,0,1,0,0,0,0,0,0,0,0,0
2521,13,4f6df76a1b6b5b30,1.433701,20.0,1,13642,1,1,0,0,1,0,0,0,0,0,0,0,0,1
2522,13,8ee2d55faaa47ff6,1.078164,19.392939,1,13420,1,1,0,0,0,0,0,0,0,0,0,0,0,1
2523,13,06c0a6a736e29e28,1.853637,20.0,1,13689,1,0,0,0,1,0,0,0,0,0,0,0,0,1
2524,13,12d181d44a0fe13c,1.392568,19.651184,1,13316,1,1,0,0,1,0,0,0,0,0,0,0,0,0
2525,13,dc6693c0cd382f05,1.046185,20.0,1,13261,1,1,0,0,1,0,0,0,0,0,0,0,0,1
2526,14,1fd48474a6be9a50,0.786746,19.81492,1,13952,1,1,0,0,1,0,0,0,0,0,0,0,0,0
2527,14,0b198662efcfc49a,1.634706,18.365053,1,14253,1,0,0,0,0,0,0,0,0,0,0,0,0,1
2528,14,fcbdd03152747088,1.228094,17.275822,1,14156,1,1,0,0,1,0,0,0,0,0,0,0,0,0
2529,14,c7b8a2a9fab59ea4,1.967694,16.472166,1,14121,2,1,0,0,0,0,0,0,0,0,0,0,0,1
2530,14,241e6acbb414e8f5,2.521909,19.332612,1,14339,1,0,0,0,1,0,0,0,0,0,0,0,0,1
2531,14,fc64a472a0076c97,2.938269,18.002713,1,13999,1,0,0,0,0,0,0,0,0,0,0,0,0,1
2532,14,1e870741cfb1004d,2.207412,17.00361,1,14290,1,1,0,0,1,0,0,0,0,0,0,0,0,0
2533,14,bf57db00a494f005,2.704156,16.267459,1,14054,1,0,0,0,0,0,0,0,0,0,0,0,0,1
2534,14,b9cebc1ba6e23f90,2.031531,15.699978,1,14126,1,1,0,0,1,0,0,0,0,0,0,0,0,0
2535,14,e665c14bbc29de1b,2.569867,18.752496,1,14241,2,1,0,0,1,0,0,0,0,0,0,0,0,1
2536,14,e769dc1986223560,1.932576,20.0,1,14256,1,1,0,0,1,0,0,0,0,0,0,0,0,1
2537,14,1dc6f86b0f28f527,2.495526,19.3028,1,14067,1,0,0,0,0,0,0,0,0,0,0,0,0,1
2538,14,83171efae161e4f9,1.874795,17.980316,1,14239,1,1,0,0,1,0,0,0,0,0,0,0,0,0
2539,14,d0f092e334d1b579,2.452117,20.0,1,14014,2,1,0,0,1,0,0,0,0,0,0,0,0,1
2540,14,3c72e9f66e532470,1.844027,18.870946,1,13869,1,1,0,0,0,0,0,0,0,0,0,0,0,1
2541,14,1fdd04fc4bd3a35e,2.429002,17.655881,1,14047,1,0,0,0,1,0,0,0,0,0,0,0,0,0
2542,14,1ea3379f3547fd92,1.824818,20.0,1,14001,1,1,0,0,1,0,0,0,0,0,0,0,0,1
2543,14,f2433026cfae9a47,1.372289,20.0,1,13961,1,1,0,0,1,0,0,0,0,0,0,0,0,1
2544,14,d0cc26dd4ca1a8f2,2.074603,20.0,1,14099,2,1,0,0,0,0,0,0,0,0,0,0,0,1
2545,14,38a3c7ee0e61cf29,2.602225,18.603978,1,14060,1,0,0,0,1,0,0,0,0,0,0,0,0,0
2546,14,e64373de38c1d3e1,1.954954,20.0,1,13942,1,1,0,0,1,0,0,0,0,0,0,0,0,1
2547,14,7addd6445d78c1a4,1.470154,19.22329,1,13815,1,1,0,0,1,0,0,0,0,0,0,0,0,0
2548,14,32a2c7ad3446fe7a,2.148125,17.920584,1,13722,1,0,0,0,0,0,0,0,0,0,0,0,0,1
2549,14,c2ddba3954d1d184,1.613806,16.941909,1,13916,1,1,0,0,1,0,0,0,0,0,0,0,0,0
2550,14,6665faed5439f816,2.257756,19.70156,1,13827,2,1,0,0,1,0,0,0,0,0,0,0,0,1
2551,14,e2ced52540714a46,1.696167,20.0,1,13856,1,1,0,0,1,0,0,0,0,0,0,0,0,1
2552,14,609fe1b042bd7177,2.31792,16.346524,0,13807,1,0,0,0,0,0,0,0,0,0,0,0,0,0
2553,14,a841332a0fc6c3b7,1.741367,19.238222,1,13990,1,1,0,0,1,0,0,0,0,0,0,0,0,1
2554,14,55f4672a66ea5f47,1.309533,17.947919,1,13813,1,1,0,0,1,0,0,0,0,0,0,0,0,0
2555,14,c0bd9a34ec0d85ea,0.983803,20.0,1,13912,1,1,0,0,1,0,0,0,0,0,0,0,0,1
2556,14,aabefe6d1a5d48da,1.782748,15.356776,0,13774,1,0,0,0,0,0,0,0,0,0,0,0,0,0
2557,14,3a430dc208632016,1.340652,18.509518,1,13882,1,1,0,0,1,0,0,0,0,0,0,0,0,1
2558,14,80aa2168e796d8f4,2.050835,13.905509,0,13874,1,0,0,0,0,0,0,0,0,0,0,0,0,0
2559,14,f7ccb287b0e2aba7,1.540716,17.404378,1,13968,1,1,0,0,1,0,0,0,0,0,0,0,0,1
2560,14,2112fa62c82cb6c3,1.157482,20.0,1,13820,1,1,0,0,1,0,0,0,0,0,0,0,0,1
2561,14,542d2ce96e80afc1,2.958744,18.545564,1,13977,2,0,0,0,0,0,0,0,0,0,0,0,0,1
2562,14,6e60a9a40289d397,2.222794,17.411433,1,13947,1,1,0,0,1,0,0,0,0,0,0,0,0,0
2563,14,0d28e31d51bf6ee7,1.669902,20.0,1,13905,1,1,0,0,1,0,0,0,0,0,0,0,0,1
2564,14,1cc2b0b192026c8b,2.299941,15.069048,0,13844,1,0,0,0,0,0,0,0,0,0,0,0,0,0
2565,14,1248b02762c2799a,1.727859,18.278502,1,13895,1,1,0,0,1,0,0,0,0,0,0,0,0,1
2566,14,3686db50da6353c5,1.298076,20.0,1,13905,1,1,0,0,1,0,0,0,0,0,0,0,0,1
2567,14,07a5e51a719ae67e,2.018849,20.0,1,13930,2,1,0,0,1,0,0,0,0,0,0,0,0,1
2568,14,f655ac8ba190f916,2.562354,16.921107,0,13918,1,0,0,0,0,0,0,0,0,0,0,0,0,0
2569,14,93dd37e4a4a5e13f,1.925001,19.669884,1,13735,1,1,0,0,1,0,0,0,0,0,0,0,0,1
2570,14,d4203af627c29010,1.446181,18.256093,1,13969,1,1,0,0,1,0,0,0,0,0,0,0,0,0
2571,14,74146cff38aecdbf,2.131699,17.209344,1,14074,1,0,0,0,0,0,0,0,0,0,0,0,0,1
2572,14,77829f037993a9b4,2.645119,19.886426,1,13986,2,1,0,0,1,0,0,0,0,0,0,0,0,1
2573,14,bbea280c4443ece7,1.987179,20.0,1,14079,1,1,0,0,1,0,0,0,0,0,0,0,0,1
2574,14,770cc58a6b328c75,2.536547,19.929706,1,13916,1,0,0,0,0,0,0,0,0,0,0,0,0,1
2575,14,9e4ceafbb666acca,2.95167,20.0,1,13890,2,1,0,0,1,0,0,0,0,0,0,0,0,1
2576,14,b9acb191b89c8af8,2.217479,19.967877,1,14034,1,1,0,0,1,0,0,0,0,0,0,0,0,0
2577,14,4605d90764b940fa,1.665909,20.0,1,13752,1,1,0,0,1,0,0,0,0,0,0,0,0,1
2578,14,9552be10a6413dfc,1.252788,19.993839,1,14097,1,1,0,0,1,0,0,0,0,0,0,0,0,0
2579,14,e815e7f51ce5d921,1.984826,18.499468,1,13946,1,0,0,0,0,0,0,0,0,0,0,0,0,1
2580,14,6dd4d4bcd6c22256,1.491125,17.376803,1,13891,1,1,0,0,1,0,0,0,0,0,0,0,0,0
2581,14,956b498c4394edbc,1.120227,20.0,1,14105,1,1,0,0,1,0,0,0,0,0,0,0,0,1
2582,14,e01aec88cd520e1c,1.886577,15.049484,0,13755,1,0,0,0,0,0,0,0,0,0,0,0,0,0
2583,14,846a361bffe60c5b,1.417315,18.263803,1,13859,1,1,0,0,1,0,0,0,0,0,0,0,0,1
2584,14,079b126d9d88a9e5,1.064776,17.199757,1,13859,1,1,0,0,1,0,0,0,0,0,0,0,0,0
2585,14,8a837fcf3dd83700,0.800726,19.895466,1,14009,1,1,0,0,1,0,0,0,0,0,0,0,0,1
2586,14,cd8d4e4f71688b00,0.601556,20.0,1,14129,1,1,0,0,1,0,0,0,0,0,0,0,0,1
2587,14,42e7ce2a0bc1a658,1.49558,16.455964,0,13941,1,0,0,0,0,0,0,0,0,0,0,0,0,0
2588,14,e33f146ca9fa1013,1.123573,19.320439,1,14400,1,1,0,0,1,0,0,0,0,0,0,0,0,1
2589,14,046cbefc317a0a5c,0.844943,18.009747,1,14126,1,1,0,0,1,0,0,0,0,0,0,0,0,0
2590,14,c5a357cd9a77de88,2.722081,17.008895,1,14110,2,0,0,0,0,0,0,0,0,0,0,0,0,1
2591,14,c80b773d37634399,2.044998,19.735836,1,14167,1,1,0,0,1,0,0,0,0,0,0,0,0,1
2592,14,d60b55e036d0fd87,2.582018,18.322131,1,13859,1,0,0,0,0,0,0,0,0,0,0,0,0,1
2593,14,ef1e8fc9ad209b04,1.939773,17.243577,1,14069,1,1,0,0,1,0,0,0,0,0,0,0,0,0
2594,14,097a8e71a32501c6,1.457279,19.912144,1,14165,1,1,0,0,1,0,0,0,0,0,0,0,0,1
2595,14,2df28b786b1328bf,3.182106,18.438094,1,13963,2,0,0,0,0,0,0,0,0,0,0,0,0,1
2596,14,eea515c9f8c8d8e3,2.392989,20.0,1,14184,1,1,0,0,1,0,0,0,0,0,0,0,0,1
2597,14,30f1a7b403784980,1.797763,20.0,1,14045,1,1,0,0,1,0,0,0,0,0,0,0,0,1
2598,14,5f6a6cbe706c4321,2.394246,16.981555,0,14142,1,0,0,0,0,0,0,0,0,0,0,0,0,0
2599,14,e0cd9eeee1ee5db4,1.800507,19.731375,1,13729,1,1,0,0,1,0,0,0,0,0,0,0,0,1
2600,14,74daf33c46eeb66a,2.396307,20.0,1,13883,2,1,0,0,1,0,0,0,0,0,0,0,0,1
2601,14,09fb7e63832a67a1,1.800256,19.842196,1,14110,1,1,0,0,0,0,0,0,0,0,0,0,0,1
2602,14,9d99ce6db212408a,2.396118,20.0,1,14889,1,0,0,0,1,0,0,0,0,0,0,0,0,1
2603,14,d6f013a6eb6700bf,2.846066,20.0,1,14596,2,1,0,0,1,0,0,0,0,0,0,0,0,1
2604,14,5b687f719b82d044,2.138143,20.0,1,14461,1,1,0,0,1,0,0,0,0,0,0,0,0,1
2605,14,cd39aad271d4f2fe,1.606307,20.0,1,15191,1,1,0,0,1,0,0,0,0,0,0,0,0,0
2606,14,1c50e3d9950b69ad,2.252116,19.960619,1,15085,1,0,0,0,0,0,0,0,0,0,0,0,0,1
2607,14,72ec040a43d387b0,1.691931,20.0,1,14765,1,1,0,0,1,0,0,0,0,0,0,0,0,1
2608,14,cea2202c2abece66,2.314738,20.0,1,14485,2,1,0,0,1,0,0,0,0,0,0,0,0,1
2609,14,0c71b4086d19c78e,1.738976,20.0,1,14140,1,1,0,0,1,0,0,0,0,0,0,0,0,1
2610,14,6a8757fa93ce737d,2.351885,18.480838,0,13920,1,0,0,0,0,0,0,0,0,0,0,0,0,0
2611,14,17a4f375bbc75347,1.766883,20.0,1,13677,1,1,0,0,1,0,0,0,0,0,0,0,0,1
2612,14,365ba6ea8e2f37d5,1.327393,19.136398,1,13575,1,1,0,0,1,0,0,0,0,0,0,0,0,0
2613,14,8db3ab75271daad3,2.042369,17.871346,1,13397,1,0,0,0,0,0,0,0,0,0,0,0,0,1
2614,14,a79a7d4cfa26f6da,1.534356,16.904919,1,13345,1,1,0,0,1,0,0,0,0,0,0,0,0,0
2615,14,342e72f2fb578b11,1.152704,19.657722,1,13425,1,1,0,0,1,0,0,0,0,0,0,0,0,1
2616,14,6b7a99eb4a1cbe60,1.909637,14.768112,0,13680,1,0,0,0,0,0,0,0,0,0,0,0,0,0
2617,14,3e824f9fddc25209,1.436074,18.066834,1,13450,1,1,0,0,1,0,0,0,0,0,0,0,0,1
2618,14,d2c25324f753cc1a,2.122522,13.572937,0,13447,1,0,0,0,0,0,0,0,0,0,0,0,0,0
2619,14,dc17206c9177f13f,1.594572,17.154529,1,13587,1,1,0,0,1,0,0,0,0,0,0,0,0,1
2620,14,04dc8bade6e20e33,1.199141,16.380952,1,13560,1,1,0,0,1,0,0,0,0,0,0,0,0,0
2621,14,8e2f9c4fb2cf5b37,1.944523,15.785242,1,13638,1,0,0,0,0,0,0,0,0,0,0,0,0,1
2622,14,889d89e91fa5ca2b,2.504501,18.816551,1,13753,2,1,0,0,1,0,0,0,0,0,0,0,0,1
2623,14,6871f759684371f3,1.881538,20.0,1,13743,1,1,0,0,1,0,0,0,0,0,0,0,0,1
2624,14,2da98fa67254a89a,2.459094,15.862884,0,13629,1,0,0,0,0,0,0,0,0,0,0,0,0,0
2625,14,34f80e4898b0c694,1.847425,18.874881,1,13705,1,1,0,0,1,0,0,0,0,0,0,0,0,1
2626,14,6c4ff75098129788,1.387901,17.658837,1,13728,1,1,0,0,1,0,0,0,0,0,0,0,0,0
2627,14,047ea3e0db4f34d8,2.087872,16.760199,1,13773,1,0,0,0,0,0,0,0,0,0,0,0,0,1
2628,14,22470cb9d7e95bc5,1.56854,19.549,1,13863,1,1,0,0,1,0,0,0,0,0,0,0,0,1
2629,14,816e47012cf073aa,2.222039,20.0,1,13956,2,1,0,0,1,0,0,0,0,0,0,0,0,1
2630,14,3bca487608343837,1.669335,20.0,1,13995,1,1,0,0,1,0,0,0,0,0,0,0,0,1
2631,14,ee0205001d03c2a4,1.255364,20.0,1,13892,1,1,0,0,1,0,0,0,0,0,0,0,0,0
2632,14,b42c86a9f70bec47,1.986761,19.210923,1,13978,1,0,0,0,0,0,0,0,0,0,0,0,0,1
2633,14,24f7b3b80ead2199,1.492579,17.911292,1,14142,1,1,0,0,1,0,0,0,0,0,0,0,0,0
2634,14,cd906b373acc0976,1.122441,20.0,1,14004,1,1,0,0,1,0,0,0,0,0,0,0,0,1
2635,14,45d09c4637fd0fbf,0.843248,15.348709,0,14048,1,1,0,0,0,0,0,0,0,0,0,0,0,0
2636,14,42a04f2b08e710d2,1.677154,18.4886,1,14236,1,0,0,0,1,0,0,0,0,0,0,0,0,1
2637,14,b5e54e533c1d371d,1.259983,20.0,1,14244,1,1,0,0,1,0,0,0,0,0,0,0,0,1
2638,14,85fac441e034abff,0.947525,19.158106,1,14022,1,1,0,0,1,0,0,0,0,0,0,0,0,0
2639,14,957063554f46667b,1.755494,20.0,1,13825,2,1,0,0,1,0,0,0,0,0,0,0,0,1
2640,14,1e2f7c8cd910a207,2.36249,19.518646,1,14215,1,0,0,0,0,0,0,0,0,0,0,0,0,1
2641,14,9215a5d903bea1ef,1.776626,20.0,1,14167,1,1,0,0,1,0,0,0,0,0,0,0,0,1
2642,14,fbdb8177f34107da,1.334713,19.735644,1,14335,1,1,0,0,1,0,0,0,0,0,0,0,0,0
2643,14,723d7b3dfc68a1af,1.00272,20.0,1,14352,1,1,0,0,1,0,0,0,0,0,0,0,0,1
2644,14,d6c454cb52cae66b,0.753306,16.365761,0,14716,1,1,0,0,0,0,0,0,0,0,0,0,0,0
2645,14,bdacbf200cd9f6b0,1.610647,19.268289,1,14702,1,0,0,0,1,0,0,0,0,0,0,0,0,1
2646,14,ebfb9659c54c8cec,1.210019,17.95439,1,14752,1,1,0,0,1,0,0,0,0,0,0,0,0,0
2647,14,ab651117a772d4b9,0.909042,20.0,1,15035,1,1,0,0,1,0,0,0,0,0,0,0,0,1
2648,14,7f862508cbd0c08e,1.727763,20.0,1,14801,2,1,0,0,1,0,0,0,0,0,0,0,0,1
2649,14,8de5a9da5781318b,2.341657,20.0,1,14678,1,0,0,0,0,0,0,0,0,0,0,0,0,1
2650,14,41a665aef79673fe,1.7592,18.69916,1,14848,1,1,0,0,1,0,0,0,0,0,0,0,0,0
2651,14,276f7e164de8eb55,1.321621,20.0,1,14744,1,1,0,0,1,0,0,0,0,0,0,0,0,1
2652,14,6a0135f428290007,2.038028,15.796563,0,14658,1,0,0,0,0,0,0,0,0,0,0,0,0,0
2653,14,8d2903226f36ac4a,1.531094,18.825056,1,14824,1,1,0,0,1,0,0,0,0,0,0,0,0,1
2654,14,fa94ee6ef28153c0,2.193907,20.0,1,14768,2,1,0,0,1,0,0,0,0,0,0,0,0,1
2655,14,c98a162a54e40262,1.64985,19.34819,1,14703,1,1,0,0,0,0,0,0,0,0,0,0,0,1
2656,14,a586b83616324bbe,2.283124,20.0,1,14531,1,0,0,0,1,0,0,0,0,0,0,0,0,1
2657,14,9301e186da98cc28,1.715225,19.625928,1,14366,1,1,0,0,1,0,0,0,0,0,0,0,0,0
2658,14,5bc058443d0ab406,1.288585,20.0,1,14251,1,1,0,0,1,0,0,0,0,0,0,0,0,1
2659,14,06e4c6227855eb8a,2.013185,19.800651,1,14425,2,1,0,0,0,0,0,0,0,0,0,0,0,1
2660,14,69c99f9d2cba1235,2.556084,18.354334,1,14352,1,0,0,0,1,0,0,0,0,0,0,0,0,0
2661,14,4743b337d3f6daf7,1.92029,20.0,1,14606,1,1,0,0,1,0,0,0,0,0,0,0,0,1
2662,14,e05a0e2a0167dc9a,1.444086,19.082251,1,14553,1,1,0,0,1,0,0,0,0,0,0,0,0,0
2663,14,cbf2fdfb5bc59152,1.084887,20.0,1,14472,1,1,0,0,1,0,0,0,0,0,0,0,0,1
2664,14,6b912c91c8e941c2,0.815035,15.996989,0,14424,1,1,0,0,0,0,0,0,0,0,0,0,0,0
2665,14,afba9b2a55cd6d81,1.655959,18.975629,1,14421,1,0,0,0,1,0,0,0,0,0,0,0,0,1
2666,14,c3210a0ced7044aa,2.289455,20.0,1,14217,2,1,0,0,1,0,0,0,0,0,0,0,0,1
2667,14,ef7b0ee9fe943bb3,1.719982,20.0,1,14507,1,1,0,0,1,0,0,0,0,0,0,0,0,1
2668,14,fccec014bb513a56,2.335812,20.0,1,14354,1,0,0,0,0,0,0,0,0,0,0,0,0,1
2669,14,b01c0cf4c7e4536c,1.756564,19.038584,1,14125,1,1,0,0,1,0,0,0,0,0,0,0,0,0
2670,14,6515788c75ceff4b,1.319641,20.0,1,14504,1,1,0,0,1,0,0,0,0,0,0,0,0,1
2671,14,145d65ee29e80c50,0.991397,19.451188,1,14195,1,1,0,0,1,0,0,0,0,0,0,0,0,0
2672,14,d31a6248014433df,1.788453,20.0,1,14266,2,1,0,0,1,0,0,0,0,0,0,0,0,1
2673,14,18850c6350615fa2,1.344942,19.70193,1,14188,1,1,0,0,0,0,0,0,0,0,0,0,0,1
2674,14,11cd7b2c58a31c0e,2.054058,18.280168,1,14373,1,0,0,0,1,0,0,0,0,0,0,0,0,0
2675,14,ce69c89521f4b62d,1.543137,20.0,1,14198,1,1,0,0,1,0,0,0,0,0,0,0,0,1
2676,14,8ee1af4fc29b1aa0,1.160461,19.04035,1,14312,1,1,0,0,1,0,0,0,0,0,0,0,0,0
2677,14,881eb5aef995adf0,1.915464,17.783148,1,14657,1,0,0,0,0,0,0,0,0,0,0,0,0,1
2678,14,37f586f253721bd7,1.439017,16.838659,1,14355,1,1,0,0,1,0,0,0,0,0,0,0,0,0
2679,14,43720b8a4e6e4d4a,1.081079,19.607944,1,14300,1,1,0,0,1,0,0,0,0,0,0,0,0,1
2680,14,171f6341c8b3b5b5,1.857138,18.225955,1,13992,2,1,0,0,0,0,0,0,0,0,0,0,0,1
2681,14,d1f5ba727a3a514a,2.438851,17.171323,1,13728,1,0,0,0,1,0,0,0,0,0,0,0,0,0
2682,14,27890ad839b81491,1.832218,19.857862,1,13680,1,1,0,0,1,0,0,0,0,0,0,0,0,1
2683,14,266b85b43eaaa6a3,2.422005,18.413897,1,13918,1,0,0,0,0,0,0,0,0,0,0,0,0,1
2684,14,ba91835669af6d15,1.819561,20.0,1,13977,1,1,0,0,1,0,0,0,0,0,0,0,0,1
2685,14,14b1480253db0c02,2.410622,15.619773,0,14156,1,0,0,0,0,0,0,0,0,0,0,0,0,0
2686,14,c9faecd72537c09d,1.81101,18.69224,1,14175,1,1,0,0,1,0,0,0,0,0,0,0,0,1
2687,14,ee5eb07ca74a61d4,1.361905,17.537333,1,14141,1,1,0,0,0,0,0,0,0,0,0,0,0,1
2688,14,e910d6864cc415e2,3.110455,20.0,1,14359,2,0,0,0,1,0,0,0,0,0,0,0,0,1
2689,14,08d602bbad91ce21,2.336769,20.0,1,14088,1,1,0,0,1,0,0,0,0,0,0,0,0,1
2690,14,6519c07cd97106f4,1.757283,20.0,1,14153,1,1,0,0,1,0,0,0,0,0,0,0,0,0
2691,14,3707f9ad3b739323,1.320181,20.0,1,13987,1,1,0,0,1,0,0,0,0,0,0,0,0,1
2692,14,8659bfe2e4d7c145,2.035456,16.564082,0,14117,1,0,0,0,0,0,0,0,0,0,0,0,0,0
2693,14,347922401c45a5b5,1.529162,19.401665,1,13861,1,1,0,0,1,0,0,0,0,0,0,0,0,1
2694,14,2002bbee37340771,2.194102,20.0,1,14009,2,1,0,0,1,0,0,0,0,0,0,0,0,1
2695,14,a85ebc722f147712,1.648347,19.669555,1,14059,1,1,0,0,0,0,0,0,0,0,0,0,0,1
2696,14,4eaa455b019af920,2.281995,18.255846,1,14105,1,0,0,0,1,0,0,0,0,0,0,0,0,0
2697,14,1e511879af68c55f,1.716093,20.0,1,13975,1,1,0,0,1,0,0,0,0,0,0,0,0,1
2698,14,455cf77846044ac4,1.289236,19.022212,1,13942,1,1,0,0,1,0,0,0,0,0,0,0,0,0
2699,14,3ae7f7e061a16780,2.012208,20.0,1,13911,2,1,0,0,1,0,0,0,0,0,0,0,0,1
2700,14,dbe8ecaa43d68fe9,2.55535,19.441948,1,14034,1,0,0,0,0,0,0,0,0,0,0,0,0,1
2701,14,786e6ec978974739,1.92166,20.0,1,13858,1,1,0,0,1,0,0,0,0,0,0,0,0,1
2702,14,f84af5113617fcc9,1.443671,19.692313,1,13933,1,1,0,0,1,0,0,0,0,0,0,0,0,0
2703,14,a0248f8f7b3140d2,2.12823,18.272943,1,13851,1,0,0,0,0,0,0,0,0,0,0,0,0,1
2704,14,098d64029fb886c4,1.600459,17.222015,1,13977,1,1,0,0,1,0,0,0,0,0,0,0,0,0
2705,14,b68bc44091fc992a,1.202365,19.895945,1,13734,1,1,0,0,1,0,0,0,0,0,0,0,0,1
2706,14,8ec0b4c7d7ceed19,1.946945,14.94708,0,13857,1,0,0,0,0,0,0,0,0,0,0,0,0,0
2707,14,fbbb19f1e2f8f18e,1.462667,18.186871,1,14156,1,1,0,0,1,0,0,0,0,0,0,0,0,1
2708,14,084cf22c8294557b,1.099947,13.676787,0,13885,1,1,0,0,0,0,0,0,0,0,0,0,0,0
2709,14,b19cf65f52962569,1.870002,17.232547,1,13916,1,0,0,0,1,0,0,0,0,0,0,0,0,1
2710,14,b6afb0799cef34b3,1.404863,19.903858,1,14072,1,1,0,0,1,0,0,0,0,0,0,0,0,1
2711,14,73d7481337ffb3b6,2.100627,14.967985,0,13929,1,0,0,0,0,0,0,0,0,0,0,0,0,0
2712,14,d709324b6b9d7844,1.578123,18.202576,1,14015,1,1,0,0,1,0,0,0,0,0,0,0,0,1
2713,14,d02f372ae8edfebb,2.229238,20.0,1,13942,2,1,0,0,1,0,0,0,0,0,0,0,0,1
2714,14,3274cc0bb2c8f88f,2.718397,18.979349,1,14118,1,0,0,0,0,0,0,0,0,0,0,0,0,1
2715,14,39d54a6a99984873,2.044273,20.0,1,13746,1,1,0,0,1,0,0,0,0,0,0,0,0,1
2716,14,89ef61a24484b576,1.535786,19.430963,1,13794,1,1,0,0,1,0,0,0,0,0,0,0,0,0
2717,14,b72b66a3d1d39c9c,3.241085,18.0766,1,13885,2,0,0,0,0,0,0,0,0,0,0,0,0,1
2718,14,4d1a9d805f5c1805,2.437342,20.0,1,13725,1,1,0,0,1,0,0,0,0,0,0,0,0,1
2719,14,9968ea7059de1b43,1.831084,20.0,1,13956,1,1,0,0,1,0,0,0,0,0,0,0,0,1
2720,14,71e07b0b6a3b1b37,2.419278,16.828125,0,14048,1,0,0,0,0,0,0,0,0,0,0,0,0,0
2721,14,b77f72f8be72291b,1.817513,19.60003,1,13917,1,1,0,0,1,0,0,0,0,0,0,0,0,1
2722,14,e226cc795c145fb6,1.366796,18.220004,1,13915,1,1,0,0,1,0,0,0,0,0,0,0,0,0
2723,14,5e1aea033e76be98,2.070476,20.0,1,13733,2,1,0,0,1,0,0,0,0,0,0,0,0,1
2724,14,f679b537ffc71471,2.599125,18.989185,1,13575,1,0,0,0,0,0,0,0,0,0,0,0,0,1
2725,15,1fd48474a6be9a50,1.954579,20.0,1,14071,1,1,0,0,1,0,0,0,0,0,0,0,0,1
2726,15,0b198662efcfc49a,1.468402,19.43652,1,14057,1,1,0,0,1,0,0,0,0,0,0,0,0,0
2727,15,fcbdd03152747088,2.146809,18.080775,1,14152,1,0,0,0,0,0,0,0,0,0,0,0,0,1
2728,15,c7b8a2a9fab59ea4,1.612817,17.062255,1,14324,1,1,0,0,1,0,0,0,0,0,0,0,0,0
2729,15,241e6acbb414e8f5,1.212862,19.792062,1,14088,1,1,0,0,1,0,0,0,0,0,0,0,0,1
2730,15,fc64a472a0076c97,1.954831,18.347881,1,14084,1,0,0,0,0,0,0,0,0,0,0,0,0,1
2731,15,1e870741cfb1004d,1.468591,17.262922,1,14226,1,1,0,0,1,0,0,0,0,0,0,0,0,0
2732,15,bf57db00a494f005,1.104402,16.462465,1,14171,1,1,0,0,0,0,0,0,0,0,0,0,0,1
2733,15,b9cebc1ba6e23f90,1.873349,19.325323,1,14067,1,0,0,0,1,0,0,0,0,0,0,0,0,1
2734,15,e665c14bbc29de1b,2.45103,20.0,1,14167,2,1,0,0,1,0,0,0,0,0,0,0,0,1
2735,15,e769dc1986223560,2.885021,19.613022,1,14216,1,0,0,0,0,0,0,0,0,0,0,0,0,1
2736,15,1dc6f86b0f28f527,2.169577,18.229774,1,13904,1,1,0,0,1,0,0,0,0,0,0,0,0,0
2737,15,83171efae161e4f9,1.629922,20.0,1,14375,1,1,0,0,1,0,0,0,0,0,0,0,0,1
2738,15,d0f092e334d1b579,3.311806,18.994699,1,13944,2,0,0,0,0,0,0,0,0,0,0,0,0,1
2739,15,3c72e9f66e532470,2.490525,20.0,1,13924,1,1,0,0,1,0,0,0,0,0,0,0,0,1
2740,15,1fdd04fc4bd3a35e,1.871039,19.439635,1,14088,1,1,0,0,1,0,0,0,0,0,0,0,0,0
2741,15,1ea3379f3547fd92,1.405641,18.083116,1,14004,1,1,0,0,0,0,0,0,0,0,0,0,0,1
2742,15,f2433026cfae9a47,2.099659,17.064013,1,14046,1,0,0,0,1,0,0,0,0,0,0,0,0,0
2743,15,d0cc26dd4ca1a8f2,1.578974,19.793385,1,14033,1,1,0,0,1,0,0,0,0,0,0,0,0,1
2744,15,38a3c7ee0e61cf29,1.186224,20.0,1,13911,1,1,0,0,1,0,0,0,0,0,0,0,0,1
2745,15,e64373de38c1d3e1,1.934819,20.0,1,13839,2,1,0,0,1,0,0,0,0,0,0,0,0,1
2746,15,7addd6445d78c1a4,1.455011,20.0,1,13859,1,1,0,0,0,0,0,0,0,0,0,0,0,1
2747,15,32a2c7ad3446fe7a,2.136749,19.288847,1,13833,1,0,0,0,1,0,0,0,0,0,0,0,0,0
2748,15,c2ddba3954d1d184,1.60526,20.0,1,13893,1,1,0,0,1,0,0,0,0,0,0,0,0,1
2749,15,6665faed5439f816,2.249625,20.0,1,13894,2,1,0,0,1,0,0,0,0,0,0,0,0,1
2750,15,e2ced52540714a46,2.735901,17.349931,0,13914,1,0,0,0,0,0,0,0,0,0,0,0,0,0
2751,15,609fe1b042bd7177,2.05538,19.992044,1,13861,1,1,0,0,1,0,0,0,0,0,0,0,0,1
2752,15,a841332a0fc6c3b7,1.54413,20.0,1,13892,1,1,0,0,1,0,0,0,0,0,0,0,0,1
2753,15,55f4672a66ea5f47,2.205358,16.52699,0,13773,1,0,0,0,0,0,0,0,0,0,0,0,0,0
2754,15,c0bd9a34ec0d85ea,1.656803,19.373799,1,13958,1,1,0,0,1,0,0,0,0,0,0,0,0,1
2755,15,aabefe6d1a5d48da,1.244694,20.0,1,13831,1,1,0,0,1,0,0,0,0,0,0,0,0,1
2756,15,1adb77769bb8b4f3,1.978746,16.161537,0,13820,1,0,0,0,0,0,0,0,0,0,0,0,0,0
2757,15,a846133f73861c83,1.488045,19.11471,1,13893,1,1,0,0,1,0,0,0,0,0,0,0,0,1
2758,15,cfa8b1cf2d33ed9a,2.161566,17.839011,1,14023,2,1,0,0,0,0,0,0,0,0,0,0,0,1
2759,15,10999707da36a12f,2.667557,20.0,1,13959,1,0,0,0,1,0,0,0,0,0,0,0,0,1
2760,15,34b7a6e5fe8596ce,2.006041,15.310613,0,13871,1,1,0,0,0,0,0,0,0,0,0,0,0,0
2761,15,a2076ecd533fd97d,2.550717,18.45998,1,13938,1,0,0,0,1,0,0,0,0,0,0,0,0,1
2762,15,7c306d0aa9eb8d48,1.916258,17.347137,1,13891,1,1,0,0,1,0,0,0,0,0,0,0,0,0
2763,15,4299b7b28708007a,2.483267,16.5111,1,13853,1,0,0,0,0,0,0,0,0,0,0,0,0,1
2764,15,e37137cca5879e3d,2.911602,19.377586,1,13934,2,1,0,0,1,0,0,0,0,0,0,0,0,1
2765,15,83ac982daf0f5cdb,2.187378,20.0,1,14057,1,1,0,0,1,0,0,0,0,0,0,0,0,1
2766,15,6d3e74a1c3c2f618,1.643295,20.0,1,13911,1,1,0,0,1,0,0,0,0,0,0,0,0,1
2767,15,84bff23ce59350e2,1.235782,20.0,1,13980,1,1,0,0,1,0,0,0,0,0,0,0,0,0
2768,15,2b6c921539b5768b,1.97205,19.156265,1,14127,1,0,0,0,0,0,0,0,0,0,0,0,0,1
2769,15,0978b21bf001cc8f,1.481527,17.870231,1,13961,1,1,0,0,1,0,0,0,0,0,0,0,0,0
2770,15,df76ccae0d57b265,2.156669,20.0,1,13887,2,1,0,0,1,0,0,0,0,0,0,0,0,1
2771,15,5f0a318ba0eec9dd,1.621846,20.0,1,13937,1,1,0,0,1,0,0,0,0,0,0,0,0,1
2772,15,bbea280c4443ece7,1.218432,20.0,1,14053,1,1,0,0,1,0,0,0,0,0,0,0,0,1
2773,15,770cc58a6b328c75,0.915363,20.0,1,13927,1,1,0,0,1,0,0,0,0,0,0,0,0,0
2774,15,9e4ceafbb666acca,1.732516,19.487765,1,14036,1,0,0,0,0,0,0,0,0,0,0,0,0,1
2775,15,b9acb191b89c8af8,2.345228,20.0,1,14009,2,1,0,0,1,0,0,0,0,0,0,0,0,1
2776,15,b2a2c7e3fefe743e,1.761882,20.0,1,13972,1,1,0,0,1,0,0,0,0,0,0,0,0,1
2777,15,ff4e2fdbd305bd8b,1.323636,20.0,1,13856,1,1,0,0,1,0,0,0,0,0,0,0,0,0
2778,15,9f64605041841356,2.039544,19.194424,1,13935,1,0,0,0,0,0,0,0,0,0,0,0,0,1
2779,15,dfb6d3b7e5a7252d,1.532233,17.898898,1,14001,1,1,0,0,1,0,0,0,0,0,0,0,0,0
2780,15,bd6e554d5171a756,1.151109,20.0,1,13809,1,1,0,0,1,0,0,0,0,0,0,0,0,1
2781,15,2c36f37971b14bd3,0.865651,20.0,1,13697,1,1,0,0,1,0,0,0,0,0,0,0,0,1
2782,15,12327b1819ed0502,1.693984,16.75725,0,13788,1,0,0,0,0,0,0,0,0,0,0,0,0,0
2783,15,1dbaef631fdf700e,1.272627,19.546785,1,14154,1,1,0,0,1,0,0,0,0,0,0,0,0,1
2784,15,516941809dd809cc,1.999731,20.0,1,14155,2,1,0,0,1,0,0,0,0,0,0,0,0,1
2785,15,42c582a921cfac9a,1.503826,20.0,1,14090,1,1,0,0,1,0,0,0,0,0,0,0,0,1
2786,15,ff07097874dec532,2.173422,17.456669,0,13958,1,0,0,0,0,0,0,0,0,0,0,0,0,0
2787,15,8e306b1a2494d9bc,1.63281,20.0,1,14406,1,1,0,0,1,0,0,0,0,0,0,0,0,1
2788,15,1d7f53df4aa1d2d5,2.272047,15.094604,0,13919,1,0,0,0,0,0,0,0,0,0,0,0,0,0
2789,15,73e0f20c3d7b0bd0,1.706904,18.297701,1,14056,1,1,0,0,1,0,0,0,0,0,0,0,0,1
2790,15,034f380fd1c38633,1.282333,17.225223,1,13889,1,1,0,0,0,0,0,0,0,0,0,0,0,1
2791,15,be587cd7dc4a62a5,2.007022,16.419511,1,13784,1,0,0,0,1,0,0,0,0,0,0,0,0,0
2792,15,563df49b890f95f5,1.509309,15.828208,1,13811,1,1,0,0,0,0,0,0,0,0,0,0,0,1
2793,15,caddc0af17d940a7,3.221194,18.84883,1,13574,2,0,0,0,1,0,0,0,0,0,0,0,0,1
2794,15,4713e3de224b56ba,2.419963,20.0,1,13780,1,1,0,0,1,0,0,0,0,0,0,0,0,1
2795,15,adf62f6958ee03c5,2.863997,19.361622,1,13605,1,0,0,0,0,0,0,0,0,0,0,0,0,1
2796,15,bdfda64e32e0e240,2.151614,18.024507,1,13317,1,1,0,0,1,0,0,0,0,0,0,0,0,0
2797,15,7315a3e1240f3310,1.616427,20.0,1,13302,1,1,0,0,1,0,0,0,0,0,0,0,0,1
2798,15,0b87e5f5f9d1ebe3,2.258015,20.0,1,13317,2,1,0,0,1,0,0,0,0,0,0,0,0,1
2799,15,be91d7d4b721c936,2.74221,20.0,1,13272,1,0,0,0,0,0,0,0,0,0,0,0,0,1
2800,15,a92b4ca2e916b54b,2.06012,20.0,1,13345,1,1,0,0,1,0,0,0,0,0,0,0,0,1
2801,15,21948ef47fc793f0,1.547691,20.0,1,13482,1,1,0,0,1,0,0,0,0,0,0,0,0,0
2802,15,d608a057f02028e4,1.163886,18.64083,1,13847,1,1,0,0,0,0,0,0,0,0,0,0,0,1
2803,15,56d80673d00dd944,1.918037,20.0,1,13959,1,0,0,0,1,0,0,0,0,0,0,0,0,1
2804,15,a333470a99f6951c,1.44095,19.226697,1,13995,1,1,0,0,1,0,0,0,0,0,0,0,0,0
2805,15,6937688fd6cdc9c7,1.082532,20.0,1,13765,1,1,0,0,1,0,0,0,0,0,0,0,0,1
2806,15,e13bfad6af9271f4,0.814079,19.575102,1,13632,1,1,0,0,0,0,0,0,0,0,0,0,0,1
2807,15,7687c08e93ea2a5d,1.655241,20.0,1,13825,1,0,0,0,1,0,0,0,0,0,0,0,0,1
2808,15,761c1d6139c1fa46,2.287174,19.753996,1,13902,2,1,0,0,1,0,0,0,0,0,0,0,0,0
2809,15,c2fd809331703093,1.719987,20.0,1,13723,1,1,0,0,1,0,0,0,0,0,0,0,0,1
2810,15,0719008a79734aac,2.335815,16.389763,0,13919,1,0,0,0,0,0,0,0,0,0,0,0,0,0
2811,15,7f54c666d7f8d34e,1.754811,19.270705,1,13846,1,1,0,0,1,0,0,0,0,0,0,0,0,1
2812,15,2c3a61f667452eba,1.318324,20.0,1,13859,1,1,0,0,1,0,0,0,0,0,0,0,0,1
2813,15,b5f3d6339235af5c,2.035549,16.119463,0,13758,1,0,0,0,0,0,0,0,0,0,0,0,0,0
2814,15,e8744556e236f6ca,1.529232,19.067639,1,13700,1,1,0,0,1,0,0,0,0,0,0,0,0,1
2815,15,fb36d16345522650,1.148855,17.803649,1,13563,1,1,0,0,1,0,0,0,0,0,0,0,0,0
2816,15,9eb02082b3aae721,0.863955,20.0,1,13846,1,1,0,0,1,0,0,0,0,0,0,0,0,1
2817,15,b191fa366a2fdec1,1.69271,15.287895,0,13926,1,0,0,0,0,0,0,0,0,0,0,0,0,0
2818,15,0182228d35a14b6a,1.27167,18.442913,1,13789,1,1,0,0,1,0,0,0,0,0,0,0,0,1
2819,15,7f7fa682230b58a0,1.999012,17.334315,1,14032,2,1,0,0,0,0,0,0,0,0,0,0,0,1
2820,15,ffd4dbfc224c2997,2.547436,19.996656,1,13825,1,0,0,0,1,0,0,0,0,0,0,0,0,1
2821,15,79721978477bb939,1.913793,18.501584,1,13813,1,1,0,0,1,0,0,0,0,0,0,0,0,0
2822,15,a9b6f60cc6482e44,2.481415,17.378393,1,13915,1,0,0,0,0,0,0,0,0,0,0,0,0,1
2823,15,6fe83f8f3a8d5a54,1.866059,16.549301,1,13946,1,1,0,0,1,0,0,0,0,0,0,0,0,0
2824,15,1c3f59a8f4f79281,1.401901,19.39056,1,13865,1,1,0,0,1,0,0,0,0,0,0,0,0,1
2825,15,eab64eeb5c021107,2.096849,18.046248,1,13975,2,1,0,0,0,0,0,0,0,0,0,0,0,1
2826,15,1b036c7311f7099e,2.618937,20.0,1,13939,1,0,0,0,1,0,0,0,0,0,0,0,0,1
2827,15,c5b82d6c9c87475d,1.969478,20.0,1,14025,1,1,0,0,1,0,0,0,0,0,0,0,0,1
2828,15,5777a30f7178e86a,1.479595,16.819791,0,14167,1,1,0,0,0,0,0,0,0,0,0,0,0,0
2829,15,31114bee99964071,3.198871,19.593769,1,14265,2,0,0,0,1,0,0,0,0,0,0,0,0,1
2830,15,872dbe1e96843970,2.405597,20.0,1,14089,1,1,0,0,1,0,0,0,0,0,0,0,0,1
2831,15,9f34acc304206cb4,1.807235,20.0,1,14055,1,1,0,0,1,0,0,0,0,0,0,0,0,1
2832,15,3813015593e965db,1.357708,20.0,1,14266,1,1,0,0,1,0,0,0,0,0,0,0,0,0
2833,15,8dfe1a7b17062740,1.019995,19.218478,1,14126,1,1,0,0,0,0,0,0,0,0,0,0,0,1
2834,15,54358a32c50d3ec1,1.811202,20.0,1,14198,1,0,0,0,1,0,0,0,0,0,0,0,0,1
2835,15,c23cccccd1deb5b4,2.404341,19.566061,1,14377,2,1,0,0,1,0,0,0,0,0,0,0,0,0
2836,15,2bed7cf3277566ed,1.806292,20.0,1,14294,1,1,0,0,1,0,0,0,0,0,0,0,0,1
2837,15,059b42bea3147b23,1.358357,20.0,1,14794,1,1,0,0,1,0,0,0,0,0,0,0,0,1
2838,15,556fd76af5978caf,1.020483,20.0,1,14786,1,1,0,0,1,0,0,0,0,0,0,0,0,0
2839,15,88f4753035dda7e5,1.810304,19.213059,1,16187,1,0,0,0,0,0,0,0,0,0,0,0,0,1
2840,15,3987cb70046adff4,1.360014,17.912898,1,16273,1,1,0,0,1,0,0,0,0,0,0,0,0,0
2841,15,3f64cf5d52566cab,1.02275,20.0,1,15891,1,1,0,0,1,0,0,0,0,0,0,0,0,1
2842,15,7f74da6ae9af5128,0.768354,20.0,1,16155,1,1,0,0,1,0,0,0,0,0,0,0,0,1
2843,15,495cd69a807d1092,0.577235,20.0,1,16020,1,1,0,0,1,0,0,0,0,0,0,0,0,0
2844,15,805576b214ae2134,0.434089,18.699382,1,16072,1,1,0,0,0,0,0,0,0,0,0,0,0,1
2845,15,e2b85ad2689e47c4,1.369768,17.526991,1,16974,1,0,0,0,1,0,0,0,0,0,0,0,0,0
2846,15,2117352d9a8eef8f,2.072709,20.0,1,16862,2,1,0,0,1,0,0,0,0,0,0,0,0,1
2847,15,74ca8c9b3f99348a,1.557149,20.0,1,17034,1,1,0,0,1,0,0,0,0,0,0,0,0,1
2848,15,8141d85b3bcdd61f,1.170998,20.0,1,16857,1,1,0,0,1,0,0,0,0,0,0,0,0,1
2849,15,61e1571ee8cb58ba,2.967034,20.0,1,17115,2,0,0,0,0,0,0,0,0,0,0,0,0,1
2850,15,007c123608a64ecd,2.229022,20.0,1,17160,1,1,0,0,1,0,0,0,0,0,0,0,0,1
2851,15,1887b0740a5b5f73,2.720407,20.0,1,15510,2,1,0,0,1,0,0,0,0,0,0,0,0,1
2852,15,b806fd6e9b2e765d,2.04374,20.0,1,14344,1,1,0,0,1,0,0,0,0,0,0,0,0,1
2853,15,863aa534da9c1a5f,2.579039,18.862667,0,14393,1,0,0,0,0,0,0,0,0,0,0,0,0,0
2854,15,422fca558fc05a65,1.937535,20.0,1,14339,1,1,0,0,1,0,0,0,0,0,0,0,0,1
2855,15,e528d20605a69de0,2.501205,20.0,1,14290,2,1,0,0,1,0,0,0,0,0,0,0,0,1
2856,15,34220bcb3b1104d3,1.879062,17.166306,0,14051,1,1,0,0,0,0,0,0,0,0,0,0,0,0
2857,15,b63f8d9c857061b3,2.455322,19.854093,1,13845,1,0,0,0,1,0,0,0,0,0,0,0,0,1
2858,15,f94cfb3a937c7bd2,1.846437,20.0,1,13866,1,1,0,0,1,0,0,0,0,0,0,0,0,1
2859,15,a7969c595af7879d,1.387159,19.925159,1,13841,1,1,0,0,1,0,0,0,0,0,0,0,0,0
2860,15,5747d35dfa587121,2.085774,18.447871,1,13857,2,1,0,0,0,0,0,0,0,0,0,0,0,1
2861,15,9a04f90149ee262b,2.610618,20.0,1,14021,1,0,0,0,1,0,0,0,0,0,0,0,0,1
2862,15,09c3d7a43771eef2,1.963222,19.135096,1,14134,1,1,0,0,1,0,0,0,0,0,0,0,0,0
2863,15,e71325edcc20ec68,1.474895,20.0,1,14214,1,1,0,0,1,0,0,0,0,0,0,0,0,1
2864,15,eef3ca5f10c9fd39,2.151687,16.026814,0,14214,1,0,0,0,0,0,0,0,0,0,0,0,0,0
2865,15,4015ad723d6fbfde,1.618099,19.013396,1,14156,1,1,0,0,1,0,0,0,0,0,0,0,0,1
2866,15,07bcc630da0c16c1,1.215617,17.762898,1,14219,1,1,0,0,1,0,0,0,0,0,0,0,0,0
2867,15,a11f07d67d4b641c,0.913248,20.0,1,14168,1,1,0,0,1,0,0,0,0,0,0,0,0,1
2868,15,ef9a1b66888baa03,1.729742,18.731196,1,14068,2,1,0,0,0,0,0,0,0,0,0,0,0,1
2869,15,f439905ed1675236,2.344941,20.0,1,14103,1,0,0,0,1,0,0,0,0,0,0,0,0,1
2870,15,48a5e3dc3df4b3d0,1.761667,19.290767,1,14003,1,1,0,0,1,0,0,0,0,0,0,0,0,0
2871,15,d56866aaae13f240,1.323474,20.0,1,13997,1,1,0,0,1,0,0,0,0,0,0,0,0,1
2872,15,38ff08a66ef9282d,0.995272,19.611298,1,14061,1,1,0,0,1,0,0,0,0,0,0,0,0,0
2873,15,fb79b81cd6f54309,1.791364,18.21208,1,14092,1,0,0,0,0,0,0,0,0,0,0,0,0,1
2874,15,92ee1b1b348c4cdf,1.345785,20.0,1,14158,1,1,0,0,1,0,0,0,0,0,0,0,0,1
2875,15,47bf34aa2009c6f3,1.011038,18.984712,1,13931,1,1,0,0,1,0,0,0,0,0,0,0,0,0
2876,15,f73f00d7268edd80,1.804465,17.757276,1,13922,1,0,0,0,0,0,0,0,0,0,0,0,0,1
2877,15,6d88746b46ab0d3c,1.355627,16.819222,1,13943,1,1,0,0,1,0,0,0,0,0,0,0,0,0
2878,15,5150bbe219a0e519,2.062085,16.114497,1,14199,1,0,0,0,0,0,0,0,0,0,0,0,0,1
2879,15,c3db9dace854d5e8,2.594868,19.079335,1,14051,2,1,0,0,1,0,0,0,0,0,0,0,0,1
2880,15,b14d9b78c4c67e7a,2.993081,14.333591,0,13974,1,0,0,0,0,0,0,0,0,0,0,0,0,0
2881,15,ffbdabfc5b678651,2.24859,17.72598,1,13780,1,1,0,0,1,0,0,0,0,0,0,0,0,1
2882,15,7de271ca15f3f479,1.689281,20.0,1,13901,1,1,0,0,1,0,0,0,0,0,0,0,0,1
2883,15,ef70056afc229974,2.314514,15.246755,0,13796,1,0,0,0,0,0,0,0,0,0,0,0,0,0
2884,15,76de97c30bf076fd,1.738808,18.412006,1,14042,1,1,0,0,1,0,0,0,0,0,0,0,0,1
2885,15,e6ad52bb655a7dba,2.349955,13.832252,0,13756,1,0,0,0,0,0,0,0,0,0,0,0,0,0
2886,15,5887cc54c5a90925,2.81135,17.363054,1,14017,2,1,0,0,1,0,0,0,0,0,0,0,0,1
2887,15,948e30f4685c48c5,2.112062,20.0,1,13847,1,1,0,0,1,0,0,0,0,0,0,0,0,1
2888,15,279d3e0e9bc5a539,2.630367,18.505526,1,13954,1,0,0,0,0,0,0,0,0,0,0,0,0,1
2889,15,a6570a4f0ef89d87,1.976096,17.381354,1,13884,1,1,0,0,1,0,0,0,0,0,0,0,0,0
2890,15,276915a90c795d7f,1.486052,20.0,1,14306,1,1,0,0,1,0,0,0,0,0,0,0,0,1
2891,15,eab48747f0e98c70,2.160069,20.0,1,14156,2,1,0,0,1,0,0,0,0,0,0,0,0,1
2892,15,eae4c589394521eb,1.622779,20.0,1,13710,1,1,0,0,1,0,0,0,0,0,0,0,0,1
2893,15,8bd985e2b235a60c,2.264504,17.665363,0,13531,1,0,0,0,0,0,0,0,0,0,0,0,0,0
2894,15,602f8dff78f09de5,1.701237,20.0,1,13599,1,1,0,0,1,0,0,0,0,0,0,0,0,1
2895,15,c1250d7b51bac735,2.321729,15.197303,0,13393,1,0,0,0,0,0,0,0,0,0,0,0,0,0
2896,15,1fe1f715c5f3290a,1.744228,18.374855,1,13432,1,1,0,0,1,0,0,0,0,0,0,0,0,1
2897,15,b50153af2b1ec38f,2.355835,20.0,1,13381,2,1,0,0,1,0,0,0,0,0,0,0,0,1
2898,15,9672867c07a54353,0.726197,15.610603,0,13269,0,1,0,0,0,0,0,0,0,0,0,0,0,0
2899,15,d301903830fbd7fa,1.589218,15.206507,1,13145,1,0,0,0,1,0,0,0,0,0,0,0,0,0
2900,15,af61712d77f34e4f,1.195115,18.396514,1,13306,1,1,0,0,1,0,0,0,0,0,0,0,0,1
2901,15,ab208279d6ccdde6,0.897845,17.299457,1,13144,1,1,0,0,1,0,0,0,0,0,0,0,0,0
2902,15,eab9d73601db5b33,0.674517,16.47528,1,13063,1,1,0,0,0,0,0,0,0,0,0,0,0,1
2903,16,1fd48474a6be9a50,1.550393,15.856107,1,13995,1,0,0,0,1,0,0,0,0,0,0,0,0,0
2904,16,0b198662efcfc49a,1.165918,18.885022,1,14045,1,1,0,0,1,0,0,0,0,0,0,0,0,1
2905,16,fcbdd03152747088,0.87591,14.187611,0,14161,1,1,0,0,0,0,0,0,0,0,0,0,0,0
2906,16,c7b8a2a9fab59ea4,2.745345,17.616311,1,14381,2,0,0,0,1,0,0,0,0,0,0,0,0,1
2907,16,241e6acbb414e8f5,2.064539,20.0,1,14173,1,1,0,0,1,0,0,0,0,0,0,0,0,1
2908,16,fc64a472a0076c97,2.594664,15.182056,0,14232,1,0,0,0,0,0,0,0,0,0,0,0,0,0
2909,16,1e870741cfb1004d,1.949274,18.3634,1,14190,1,1,0,0,1,0,0,0,0,0,0,0,0,1
2910,16,bf57db00a494f005,1.464417,13.795736,0,14140,1,1,0,0,0,0,0,0,0,0,0,0,0,0
2911,16,b9cebc1ba6e23f90,2.145413,17.335594,1,14025,1,0,0,0,1,0,0,0,0,0,0,0,0,1
2912,16,e665c14bbc29de1b,1.611768,19.981272,1,14170,1,1,0,0,1,0,0,0,0,0,0,0,0,1
2913,16,e769dc1986223560,2.254515,15.011183,0,14169,2,1,0,0,0,0,0,0,0,0,0,0,0,0
2914,16,1dc6f86b0f28f527,2.739578,18.249627,1,13950,1,0,0,0,1,0,0,0,0,0,0,0,0,1
2915,16,83171efae161e4f9,2.058142,20.0,1,14223,1,1,0,0,1,0,0,0,0,0,0,0,0,1
2916,16,d0f092e334d1b579,1.546205,19.005904,1,14127,1,1,0,0,0,0,0,0,0,0,0,0,0,1
2917,16,3c72e9f66e532470,3.248913,20.0,1,14170,2,0,0,0,1,0,0,0,0,0,0,0,0,1
2918,16,1fdd04fc4bd3a35e,2.443229,20.0,1,13999,1,1,0,0,1,0,0,0,0,0,0,0,0,1
2919,16,1ea3379f3547fd92,1.835507,20.0,1,13902,1,1,0,0,1,0,0,0,0,0,0,0,0,0
2920,16,f2433026cfae9a47,1.378947,20.0,1,14202,1,1,0,0,1,0,0,0,0,0,0,0,0,1
2921,16,d0cc26dd4ca1a8f2,2.081139,20.0,1,13942,1,0,0,0,0,0,0,0,0,0,0,0,0,1
2922,16,38a3c7ee0e61cf29,1.563482,18.812729,1,13927,1,1,0,0,1,0,0,0,0,0,0,0,0,0
2923,16,e64373de38c1d3e1,1.174585,20.0,1,13901,1,1,0,0,1,0,0,0,0,0,0,0,0,1
2924,16,7addd6445d78c1a4,1.926075,20.0,1,13799,2,1,0,0,1,0,0,0,0,0,0,0,0,1
2925,16,32a2c7ad3446fe7a,2.492587,20.0,1,13878,1,0,0,0,0,0,0,0,0,0,0,0,0,1
2926,16,c2ddba3954d1d184,1.872587,18.976155,1,14116,1,1,0,0,1,0,0,0,0,0,0,0,0,0
2927,16,6665faed5439f816,1.406805,20.0,1,13817,1,1,0,0,1,0,0,0,0,0,0,0,0,1
2928,16,e2ced52540714a46,1.057937,19.433555,1,13864,1,1,0,0,1,0,0,0,0,0,0,0,0,0
2929,16,609fe1b042bd7177,1.838442,18.078548,1,13875,1,0,0,0,0,0,0,0,0,0,0,0,0,1
2930,16,a841332a0fc6c3b7,1.381153,17.060582,1,13822,1,1,0,0,1,0,0,0,0,0,0,0,0,0
2931,16,55f4672a66ea5f47,1.037608,19.774666,1,13922,1,1,0,0,1,0,0,0,0,0,0,0,0,1
2932,16,c0bd9a34ec0d85ea,1.824447,14.870831,0,13791,1,0,0,0,0,0,0,0,0,0,0,0,0,0
2933,16,aabefe6d1a5d48da,1.370639,18.129588,1,13799,1,1,0,0,1,0,0,0,0,0,0,0,0,1
2934,16,3a430dc208632016,1.02971,20.0,1,13824,1,1,0,0,1,0,0,0,0,0,0,0,0,1
2935,16,80aa2168e796d8f4,1.818507,18.955279,1,13955,1,0,0,0,0,0,0,0,0,0,0,0,0,1
2936,16,f7ccb287b0e2aba7,1.366176,17.719237,1,13934,1,1,0,0,1,0,0,0,0,0,0,0,0,0
2937,16,2112fa62c82cb6c3,2.07001,16.790645,1,13828,1,0,0,0,0,0,0,0,0,0,0,0,0,1
2938,16,3716027e174ef615,1.555121,16.093028,1,14068,1,1,0,0,1,0,0,0,0,0,0,0,0,0
2939,16,8fd2f788f2f79c9f,2.213624,15.582688,1,13918,1,0,0,0,0,0,0,0,0,0,0,0,0,1
2940,16,f4366fc4497b611c,2.706666,18.66438,1,13663,2,1,0,0,1,0,0,0,0,0,0,0,0,1
2941,16,6d7c972a0c1269ca,2.033417,14.021851,0,13905,1,1,0,0,0,0,0,0,0,0,0,0,0,0
2942,16,b5042d9861b5d83b,2.573309,17.505635,1,13892,1,0,0,0,1,0,0,0,0,0,0,0,0,1
2943,16,74137b3e5583e005,1.933231,16.630174,1,13932,1,1,0,0,1,0,0,0,0,0,0,0,0,0
2944,16,ffefc33e1efd86a3,1.452364,19.451317,1,14017,1,1,0,0,1,0,0,0,0,0,0,0,0,1
2945,16,92028f149756700b,2.13476,20.0,1,14031,2,1,0,0,1,0,0,0,0,0,0,0,0,1
2946,16,5eb8cd907f9f8d28,2.649521,19.702003,1,14000,1,0,0,0,0,0,0,0,0,0,0,0,0,1
2947,16,9b7806b606ca2194,1.990486,20.0,1,14053,1,1,0,0,1,0,0,0,0,0,0,0,0,1
2948,16,c937167456be7e85,1.495378,19.825618,1,13978,1,1,0,0,1,0,0,0,0,0,0,0,0,0
2949,16,fd6f192d5b7972aa,1.124545,20.0,1,13776,1,1,0,0,1,0,0,0,0,0,0,0,0,1
2950,16,c0910b9c865a2e78,1.888482,19.909071,1,14146,2,1,0,0,0,0,0,0,0,0,0,0,0,1
2951,16,1df7e600613b28da,2.462399,20.0,1,13869,1,0,0,0,1,0,0,0,0,0,0,0,0,1
2952,16,a342725086240e92,1.849909,20.0,1,14049,1,1,0,0,1,0,0,0,0,0,0,0,0,1
2953,16,5c9bc9b88218910e,1.391158,20.0,1,13915,1,1,0,0,1,0,0,0,0,0,0,0,0,0
2954,16,db6c91d20719b813,1.045125,20.0,1,14084,1,1,0,0,1,0,0,0,0,0,0,0,0,1
2955,16,63aec0b2be2687ee,2.87247,20.0,1,13896,2,0,0,0,0,0,0,0,0,0,0,0,0,1
2956,16,40ffc0da7fe0a3f3,2.160138,20.0,1,13865,1,1,0,0,1,0,0,0,0,0,0,0,0,1
2957,16,63e8a29cf02887d3,1.622831,20.0,1,14012,1,1,0,0,1,0,0,0,0,0,0,0,0,1
2958,16,907438e3b0c202d2,1.219172,17.90384,0,13968,1,1,0,0,0,0,0,0,0,0,0,0,0,0
2959,16,63ee67d2f8b464de,1.959572,20.0,1,13626,1,0,0,0,1,0,0,0,0,0,0,0,0,1
2960,16,c06de84f91eb8c3b,1.473626,18.82774,1,13983,1,1,0,0,1,0,0,0,0,0,0,0,0,0
2961,16,415e901b205e1552,1.10708,20.0,1,13900,1,1,0,0,1,0,0,0,0,0,0,0,0,1
2962,16,84025acf41ca2916,0.831708,19.332188,1,14277,1,1,0,0,1,0,0,0,0,0,0,0,0,0
2963,16,8bd68bae152e9897,1.669607,18.018583,1,14153,1,0,0,0,0,0,0,0,0,0,0,0,0,1
2964,16,8bef0a0b90df594c,1.254313,17.015532,1,14103,1,1,0,0,1,0,0,0,0,0,0,0,0,0
2965,16,a5271e2020affc6d,0.942319,19.740822,1,14276,1,1,0,0,1,0,0,0,0,0,0,0,0,1
2966,16,c00eb59857649839,1.751582,14.830542,0,14119,1,0,0,0,0,0,0,0,0,0,0,0,0,0
2967,16,e40c5ad933a6f45b,1.317215,18.113782,1,14121,1,1,0,0,1,0,0,0,0,0,0,0,0,1
2968,16,126061fc5eff4001,0.989574,17.087052,1,14129,1,1,0,0,1,0,0,0,0,0,0,0,0,0
2969,16,0b7dd6a37a1ec3a9,1.787083,16.315708,1,14048,1,0,0,0,0,0,0,0,0,0,0,0,0,1
2970,16,20b2a2bdcf044fcf,1.343912,15.750147,1,14198,1,1,0,0,1,0,0,0,0,0,0,0,0,0
2971,16,9f6233479ae77a58,3.096938,18.790185,1,14131,2,0,0,0,0,0,0,0,0,0,0,0,0,2
2972,16,5825c1a0e74c1947,2.326614,17.595208,1,14140,1,1,0,0,1,0,0,0,0,0,0,0,0,0
2973,16,2ffaf93b2bb76fe0,1.747898,20.0,1,14167,1,1,0,0,1,0,0,0,0,0,0,0,0,1
2974,16,2f1d1120465202ce,1.314444,20.0,1,14070,1,1,0,0,1,0,0,0,0,0,0,0,0,1
2975,16,2aec960cb50aff8e,2.031146,16.628354,0,14368,1,0,0,0,0,0,0,0,0,0,0,0,0,0
2976,16,faec6cc491720471,2.569577,19.44995,1,14330,2,1,0,0,1,0,0,0,0,0,0,0,0,1
2977,16,ae6cff63b49fbe03,1.932359,20.0,1,15242,1,1,0,0,1,0,0,0,0,0,0,0,0,1
2978,16,ee428ec799bbaae2,2.495362,19.696834,1,14940,1,0,0,0,0,0,0,0,0,0,0,0,0,1
2979,16,0aae16c919502360,1.874672,20.0,1,14670,1,1,0,0,1,0,0,0,0,0,0,0,0,1
2980,16,182f97bfc198d644,1.408371,20.0,1,15525,1,1,0,0,1,0,0,0,0,0,0,0,0,1
2981,16,82d9c68a398d482c,2.103266,20.0,1,15134,2,1,0,0,1,0,0,0,0,0,0,0,0,0
2982,16,0d3af6a4c5a8bdb0,2.623758,19.258061,1,14638,1,0,0,0,0,0,0,0,0,0,0,0,0,1
2983,16,7d31e2a6829c6a55,1.971132,20.0,1,14292,1,1,0,0,1,0,0,0,0,0,0,0,0,1
2984,16,28205aedf0cac1cf,2.52647,20.0,1,13945,2,1,0,0,1,0,0,0,0,0,0,0,0,1
2985,16,efa0ed04ea81a26b,1.898042,20.0,1,14005,1,1,0,0,1,0,0,0,0,0,0,0,0,1
2986,16,94efa745f2f7d680,2.469581,18.249532,0,13883,1,0,0,0,0,0,0,0,0,0,0,0,0,0
2987,16,78ca2a9ac388a79c,1.855304,20.0,1,13637,1,1,0,0,1,0,0,0,0,0,0,0,0,1
2988,16,1ba0bc89dd708639,1.395215,19.023042,1,14017,1,1,0,0,1,0,0,0,0,0,0,0,0,0
2989,16,2d3c985f201e86be,1.048173,20.0,1,13784,1,1,0,0,1,0,0,0,0,0,0,0,0,1
2990,16,724aa86e4a976453,1.831107,19.442416,1,13845,1,0,0,0,0,0,0,0,0,0,0,0,0,1
2991,16,532a2ddc5d41bf88,1.377018,18.101476,1,13942,1,1,0,0,1,0,0,0,0,0,0,0,0,0
2992,16,ede66f479361b4e9,1.034502,17.077806,1,13910,1,1,0,0,1,0,0,0,0,0,0,0,0,0
2993,16,a93a9a7081703c69,0.777183,19.787607,1,13582,1,1,0,0,1,0,0,0,0,0,0,0,0,1
2994,16,db272c6cbd9f82ee,1.627522,14.865689,0,13992,1,0,0,0,0,0,0,0,0,0,0,0,0,0
2995,16,9bd22a097276f28c,1.22392,18.140213,1,14392,1,1,0,0,1,0,0,0,0,0,0,0,0,1
2996,16,1fa6c937c83d6687,0.919485,17.106909,1,14836,1,1,0,0,1,0,0,0,0,0,0,0,0,0
2997,16,7ec7ed1cccd93d5c,0.690775,19.80947,1,14865,1,1,0,0,1,0,0,0,0,0,0,0,0,1
2998,16,37dc4616a68faf78,1.563623,20.0,1,15407,2,1,0,0,1,0,0,0,0,0,0,0,0,1
2999,16,544d61320b732b38,2.218345,19.899948,1,15367,1,0,0,0,0,0,0,0,0,0,0,0,0,1
3000,16,12aa04963711e090,1.66656,20.0,1,15120,1,1,0,0,1,0,0,0,0,0,0,0,0,1
3001,16,52e242f6a15d0ca1,1.252024,19.937338,1,14960,1,1,0,0,1,0,0,0,0,0,0,0,0,0
3002,16,690c42115340482b,0.94154,20.0,1,15245,1,1,0,0,1,0,0,0,0,0,0,0,0,1
3003,16,1703b83a5eeeb1cd,1.750997,20.0,1,15012,2,1,0,0,1,0,0,0,0,0,0,0,0,1
3004,16,e0c747e23b9eab21,1.315459,20.0,1,14235,1,1,0,0,0,0,0,0,0,0,0,0,0,1
3005,16,280580e463ab6f39,2.033394,19.345543,1,13905,1,0,0,0,1,0,0,0,0,0,0,0,0,0
3006,16,998234151fac093a,1.527613,20.0,1,14025,1,1,0,0,1,0,0,0,0,0,0,0,0,1
3007,16,1ac453a9ba6df406,1.147639,20.0,1,14100,1,1,0,0,1,0,0,0,0,0,0,0,0,1
3008,16,9013080b7ce22d14,0.862178,20.0,1,14032,1,1,0,0,1,0,0,0,0,0,0,0,0,0
3009,16,23d2fc1c601ceca4,1.692521,19.149075,1,14036,1,0,0,0,0,0,0,0,0,0,0,0,0,1
3010,16,56596c1a7fd0b3b5,1.271527,20.0,1,14162,1,1,0,0,1,0,0,0,0,0,0,0,0,1
3011,16,7a2ffd70a254f4ee,1.998904,19.513548,1,13973,2,1,0,0,1,0,0,0,0,0,0,0,0,0
3012,16,90a71c017e0083aa,1.503205,20.0,1,14084,1,1,0,0,1,0,0,0,0,0,0,0,0,1
3013,16,b2f8a70b31ddd910,1.129301,19.732764,1,14175,1,1,0,0,0,0,0,0,0,0,0,0,0,1
3014,16,ff3917a3ba7ec077,1.892055,20.0,1,14179,1,0,0,0,1,0,0,0,0,0,0,0,0,1
3015,16,5cbe2bfcf5facb95,1.42143,19.84298,1,14300,1,1,0,0,1,0,0,0,0,0,0,0,0,0
3016,16,0b67e6871aa5eb43,1.068936,20.0,1,14112,1,1,0,0,1,0,0,0,0,0,0,0,0,1
3017,16,7edcb4e226c4d14b,0.803052,20.0,1,14152,1,1,0,0,1,0,0,0,0,0,0,0,0,1
3018,16,3e3cc8e538183daf,0.603303,17.577836,0,14128,1,1,0,0,0,0,0,0,0,0,0,0,0,0
3019,16,92fee5406ed98022,1.497843,20.0,1,14068,1,0,0,0,1,0,0,0,0,0,0,0,0,1
3020,16,78a97246f1e3022e,1.125273,18.639164,1,14186,1,1,0,0,1,0,0,0,0,0,0,0,0,0
3021,16,fc9d47339d4b06ce,0.845376,20.0,1,14431,1,1,0,0,1,0,0,0,0,0,0,0,0,1
3022,16,aa3c9d3f75826874,0.635099,19.225757,1,14509,1,1,0,0,1,0,0,0,0,0,0,0,0,0
3023,16,6949ff8da4d7b689,1.521754,17.938545,1,14697,1,0,0,0,0,0,0,0,0,0,0,0,0,1
3024,16,c1bb0b0ef9d0036e,1.143237,20.0,1,14620,1,1,0,0,1,0,0,0,0,0,0,0,0,1
3025,16,c2ae655bd70ae525,2.946178,18.83033,1,14673,2,0,0,0,0,0,0,0,0,0,0,0,0,1
3026,16,1cf619c5e26e8f04,2.215568,17.641179,1,14464,1,1,0,0,1,0,0,0,0,0,0,0,0,0
3027,16,ad3aac8a3e954a8d,2.708127,16.732003,1,14405,1,0,0,0,0,0,0,0,0,0,0,0,0,1
3028,16,c54ad434f0c949a2,2.034514,16.048973,1,14342,1,1,0,0,1,0,0,0,0,0,0,0,0,0
3029,16,8433c6ab916731b4,1.528455,19.014682,1,14466,1,1,0,0,1,0,0,0,0,0,0,0,0,1
3030,16,36311ff5a9f85e8c,1.14942,20.0,1,14479,1,1,0,0,1,0,0,0,0,0,0,0,0,1
3031,16,9b1db145f652d56d,1.907169,15.97208,0,14449,1,0,0,0,0,0,0,0,0,0,0,0,0,0
3032,16,d03833d0a67b51d4,2.476438,18.956916,1,14400,2,1,0,0,1,0,0,0,0,0,0,0,0,1
3033,16,941309516f80a03e,2.906467,17.736373,1,14209,1,0,0,0,0,0,0,0,0,0,0,0,0,1
3034,16,4618c014da25faa3,2.18352,20.0,1,14271,1,1,0,0,1,0,0,0,0,0,0,0,0,1
3035,16,d271d34332377863,1.640397,20.0,1,14047,1,1,0,0,1,0,0,0,0,0,0,0,0,1
3036,16,1c5af0adc81f4528,2.276022,20.0,1,14072,2,1,0,0,1,0,0,0,0,0,0,0,0,1
3037,16,2f2bf60b5980481c,2.755752,17.771612,0,13859,1,0,0,0,0,0,0,0,0,0,0,0,0,0
3038,16,f348d889a7825586,2.070293,20.0,1,13918,1,1,0,0,1,0,0,0,0,0,0,0,0,1
3039,16,5f2dde48accdb625,1.555334,18.736115,1,13857,1,1,0,0,1,0,0,0,0,0,0,0,0,0
3040,16,eb0d88a9fbd770d2,1.169633,20.0,1,14052,1,1,0,0,1,0,0,0,0,0,0,0,0,1
3041,16,0cfc4cee1759fd29,0.878702,20.0,1,14090,1,1,0,0,1,0,0,0,0,0,0,0,0,1
3042,16,223a1ff0a956c31a,2.747443,20.0,1,14107,2,0,0,0,0,0,0,0,0,0,0,0,0,1
3043,16,69ed7f90c2a0b180,2.064051,20.0,1,14009,1,1,0,0,1,0,0,0,0,0,0,0,0,1
3044,16,3fc22e4fb85ce861,1.552196,20.0,1,13971,1,1,0,0,1,0,0,0,0,0,0,0,0,0
3045,16,0a03ca5ec9267814,2.20976,18.762198,1,13768,1,0,0,0,0,0,0,0,0,0,0,0,0,1
3046,16,aa48ba7046884661,1.66011,17.574182,1,13747,1,1,0,0,1,0,0,0,0,0,0,0,0,0
3047,16,8630daaa101c7d07,1.248426,20.0,1,13770,1,1,0,0,1,0,0,0,0,0,0,0,0,1
3048,16,4b14480f5b61a3b1,1.981549,15.158255,0,13687,1,0,0,0,0,0,0,0,0,0,0,0,0,0
3049,16,90a31301621a7701,1.488664,18.345519,1,13735,1,1,0,0,1,0,0,0,0,0,0,0,0,1
3050,16,47fbf0228b5012b6,2.162031,20.0,1,13549,2,1,0,0,1,0,0,0,0,0,0,0,0,1
3051,16,a70442ba800df2be,1.625878,19.077271,1,13574,1,1,0,0,1,0,0,0,0,0,0,0,0,0
3052,16,89e325673d170954,2.265115,17.810885,1,13566,1,0,0,0,0,0,0,0,0,0,0,0,0,1
3053,16,5a23115101b80ed5,1.701696,20.0,1,13746,1,1,0,0,1,0,0,0,0,0,0,0,0,1
3054,16,ae45996c717ebb59,1.2797,20.0,1,13591,1,1,0,0,1,0,0,0,0,0,0,0,0,1
3055,16,abb00df7b6a70ff3,2.005044,16.719895,0,13634,1,0,0,0,0,0,0,0,0,0,0,0,0,0
3056,16,0c035432f6e315d0,1.506315,19.518721,1,13577,1,1,0,0,1,0,0,0,0,0,0,0,0,1
3057,16,911572ad00eaa7c5,1.131638,18.14253,1,13937,1,1,0,0,1,0,0,0,0,0,0,0,0,0
3058,16,4443d6a4f8459ded,1.895158,17.123943,1,14056,1,0,0,0,0,0,0,0,0,0,0,0,0,1
3059,16,a40fb141437d535a,1.423762,16.343423,1,13965,1,1,0,0,1,0,0,0,0,0,0,0,0,0
3060,16,ede27c1e9264fe65,2.113272,19.235892,1,14123,2,1,0,0,1,0,0,0,0,0,0,0,0,1
3061,16,6779098a4a920734,1.589211,20.0,1,14323,1,1,0,0,1,0,0,0,0,0,0,0,0,1
3062,16,13b989fd816b5b9e,1.193915,19.575899,1,14391,1,1,0,0,1,0,0,0,0,0,0,0,0,0
3063,16,305938140e9d1b3e,0.896943,18.185486,1,14524,1,1,0,0,0,0,0,0,0,0,0,0,0,1
3064,16,29aed48f4d4e633e,1.717493,17.14092,1,14527,1,0,0,0,1,0,0,0,0,0,0,0,0,0
3065,16,8dd9fcee9bbe35c7,1.29158,19.85122,1,14596,1,1,0,0,1,0,0,0,0,0,0,0,0,1
3066,16,9d19d700c80d1cdd,0.970315,18.392324,1,14923,1,1,0,0,1,0,0,0,0,0,0,0,0,0
3067,16,92a57566811eec42,1.772615,20.0,1,13879,2,1,0,0,1,0,0,0,0,0,0,0,0,1
3068,16,2b55eba26b5b49b8,2.377182,19.103714,1,13306,1,0,0,0,0,0,0,0,0,0,0,0,0,1
3069,16,f6a6ac5a0dc399f6,1.785888,20.0,1,13456,1,1,0,0,1,0,0,0,0,0,0,0,0,1
3070,16,7304ea3db5ff18b4,1.341671,19.487947,1,13283,1,1,0,0,1,0,0,0,0,0,0,0,0,0
3071,16,8b7e501c5e6aea8a,1.007947,18.11941,1,13404,1,1,0,0,0,0,0,0,0,0,0,0,0,1
3072,16,6ecb3601a57eafb7,2.846292,20.0,1,13206,2,0,0,0,1,0,0,0,0,0,0,0,0,1
3073,16,1bf173bbb7df6cfb,2.138313,18.945132,1,13164,1,1,0,0,1,0,0,0,0,0,0,0,0,0
3074,16,65653c2155ed713e,1.606434,20.0,1,12943,1,1,0,0,1,0,0,0,0,0,0,0,0,1
3075,16,80e8279e75880fe1,1.208061,20.0,1,13088,1,1,0,0,1,0,0,0,0,0,0,0,0,1
3076,16,139b5b9a8722f683,0.907571,20.0,1,13199,1,1,0,0,0,0,0,0,0,0,0,0,0,1
3077,16,a48c3c7d1995e35a,1.725478,19.015069,1,14273,1,0,0,0,1,0,0,0,0,0,0,0,0,0
3078,16,63feb05af7e9fba7,1.296287,20.0,1,14359,1,1,0,0,1,0,0,0,0,0,0,0,0,1
3079,16,14cbdfb02dfee787,2.018977,15.975039,0,13859,1,0,0,0,0,0,0,0,0,0,0,0,0,0
3080,16,7a047c2059072180,1.516782,18.959138,1,13962,1,1,0,0,1,0,0,0,0,0,0,0,0,1
3081,16,215421a9b3c09bfa,1.139501,17.722136,1,13796,1,1,0,0,1,0,0,0,0,0,0,0,0,0
3082,16,6920f842b941893c,1.901072,20.0,1,15413,2,1,0,0,1,0,0,0,0,0,0,0,0,1
3083,16,83d8010aed77c31b,2.471858,18.720688,1,15664,1,0,0,0,0,0,0,0,0,0,0,0,0,1
3084,16,1db2052ebf3d1314,1.857014,20.0,1,15148,1,1,0,0,1,0,0,0,0,0,0,0,0,1
3085,16,73d216d41ddd1fa6,2.438759,15.792924,0,15283,1,0,0,0,0,0,0,0,0,0,0,0,0,0
3086,16,504c0629b367be1c,1.833981,18.837507,1,15076,1,1,0,0,1,0,0,0,0,0,0,0,0,1
3087,16,b8cd9c550e15bbe3,2.421455,17.63076,1,15085,1,0,0,0,0,0,0,0,0,0,0,0,0,1
3088,16,8601c98a8e238013,2.862802,16.724175,1,15591,2,1,0,0,1,0,0,0,0,0,0,0,0,0
3089,16,3aecea5051aac9f9,3.197018,16.05732,1,15047,1,0,0,0,0,0,0,0,0,0,0,0,0,1
3090,16,1af31334947da248,3.445454,19.020953,1,14925,2,1,0,0,1,0,0,0,0,0,0,0,0,1
3091,17,1fd48474a6be9a50,2.588441,20.0,1,14580,1,1,0,0,1,0,0,0,0,0,0,0,0,1
3092,17,0b198662efcfc49a,1.944599,19.441237,1,14040,1,1,0,0,0,0,0,0,0,0,0,0,0,1
3093,17,fcbdd03152747088,2.506516,18.100589,1,14172,1,0,0,0,1,0,0,0,0,0,0,0,0,0
3094,17,c7b8a2a9fab59ea4,1.883052,20.0,1,14242,1,1,0,0,1,0,0,0,0,0,0,0,0,1
3095,17,241e6acbb414e8f5,2.45832,15.442943,0,14251,1,0,0,0,0,0,0,0,0,0,0,0,0,0
3096,17,fc64a472a0076c97,2.892842,18.574317,1,14120,2,1,0,0,1,0,0,0,0,0,0,0,0,1
3097,17,1e870741cfb1004d,3.216938,17.433034,1,14353,1,0,0,0,0,0,0,0,0,0,0,0,0,1
3098,17,bf57db00a494f005,2.416765,20.0,1,14076,1,1,0,0,1,0,0,0,0,0,0,0,0,1
3099,17,b9cebc1ba6e23f90,1.815625,20.0,1,14154,1,1,0,0,1,0,0,0,0,0,0,0,0,1
3100,17,e665c14bbc29de1b,1.365376,16.562262,0,14031,1,1,0,0,0,0,0,0,0,0,0,0,0,0
3101,17,e769dc1986223560,3.113063,19.400297,1,14067,2,0,0,0,1,0,0,0,0,0,0,0,0,1
3102,17,1dc6f86b0f28f527,2.338728,20.0,1,14117,1,1,0,0,1,0,0,0,0,0,0,0,0,1
3103,17,83171efae161e4f9,1.758756,16.192677,0,14043,1,1,0,0,0,0,0,0,0,0,0,0,0,0
3104,17,d0f092e334d1b579,2.364941,19.122642,1,14120,1,0,0,0,1,0,0,0,0,0,0,0,0,1
3105,17,3c72e9f66e532470,1.776692,20.0,1,14086,1,1,0,0,1,0,0,0,0,0,0,0,0,1
3106,17,1fdd04fc4bd3a35e,1.334762,19.49863,1,13904,1,1,0,0,1,0,0,0,0,0,0,0,0,0
3107,17,1ea3379f3547fd92,2.047911,20.0,1,14032,2,1,0,0,1,0,0,0,0,0,0,0,0,1
3108,17,f2433026cfae9a47,2.582172,19.724336,1,13944,1,0,0,0,0,0,0,0,0,0,0,0,0,1
3109,17,d0cc26dd4ca1a8f2,1.939889,20.0,1,13989,1,1,0,0,1,0,0,0,0,0,0,0,0,1
3110,17,38a3c7ee0e61cf29,1.458824,20.0,1,13868,1,1,0,0,1,0,0,0,0,0,0,0,0,1
3111,17,e64373de38c1d3e1,2.139614,20.0,1,14026,2,1,0,0,1,0,0,0,0,0,0,0,0,1
3112,17,7addd6445d78c1a4,2.651065,18.398208,0,13851,1,0,0,0,0,0,0,0,0,0,0,0,0,0
3113,17,32a2c7ad3446fe7a,1.991646,20.0,1,13863,1,1,0,0,1,0,0,0,0,0,0,0,0,1
3114,17,c2ddba3954d1d184,1.497746,20.0,1,13956,1,1,0,0,1,0,0,0,0,0,0,0,0,1
3115,17,6665faed5439f816,1.125201,20.0,1,13843,1,1,0,0,1,0,0,0,0,0,0,0,0,0
3116,17,e2ced52540714a46,0.845321,20.0,1,13937,1,1,0,0,1,0,0,0,0,0,0,0,0,1
3117,17,609fe1b042bd7177,1.679844,16.784598,0,13815,1,0,0,0,0,0,0,0,0,0,0,0,0,0
3118,17,a841332a0fc6c3b7,1.262004,19.56733,1,13787,1,1,0,0,1,0,0,0,0,0,0,0,0,1
3119,17,55f4672a66ea5f47,1.99175,20.0,1,13973,2,1,0,0,1,0,0,0,0,0,0,0,0,1
3120,17,c0bd9a34ec0d85ea,2.539981,19.74961,1,13865,1,0,0,0,0,0,0,0,0,0,0,0,0,1
3121,17,aabefe6d1a5d48da,1.910102,18.33249,1,13769,1,1,0,0,1,0,0,0,0,0,0,0,0,0
3122,17,3a430dc208632016,1.434988,20.0,1,13873,1,1,0,0,1,0,0,0,0,0,0,0,0,1
3123,17,80aa2168e796d8f4,2.121706,15.573827,0,13946,1,0,0,0,0,0,0,0,0,0,0,0,0,0
3124,17,f7ccb287b0e2aba7,1.595553,18.672743,1,13954,1,1,0,0,1,0,0,0,0,0,0,0,0,1
3125,17,2112fa62c82cb6c3,2.242333,17.506978,1,13828,1,0,0,0,0,0,0,0,0,0,0,0,0,1
3126,17,542d2ce96e80afc1,1.684581,16.631183,1,13890,1,1,0,0,1,0,0,0,0,0,0,0,0,0
3127,17,6e60a9a40289d397,1.265563,15.97323,1,13790,1,1,0,0,0,0,0,0,0,0,0,0,0,1
3128,17,0d28e31d51bf6ee7,3.040022,18.9731,1,13880,2,0,0,0,1,0,0,0,0,0,0,0,0,1
3129,17,1cc2b0b192026c8b,2.283855,20.0,1,13906,1,1,0,0,1,0,0,0,0,0,0,0,0,1
3130,17,1248b02762c2799a,1.715775,19.414229,1,13973,1,1,0,0,1,0,0,0,0,0,0,0,0,0
3131,17,3686db50da6353c5,1.290287,20.0,1,13880,1,1,0,0,1,0,0,0,0,0,0,0,0,1
3132,17,07a5e51a719ae67e,2.012998,16.197808,0,14000,1,0,0,0,0,0,0,0,0,0,0,0,0,0
3133,17,f655ac8ba190f916,1.51229,19.126497,1,13910,1,1,0,0,1,0,0,0,0,0,0,0,0,1
3134,17,297da01fe191c441,2.17978,17.847867,1,14037,1,0,0,0,0,0,0,0,0,0,0,0,0,1
3135,17,585bdb78ddfeaa09,1.639226,16.902352,1,13903,1,1,0,0,1,0,0,0,0,0,0,0,0,0
3136,17,5ab397f8ffde44e7,2.275142,19.655794,1,13875,2,1,0,0,1,0,0,0,0,0,0,0,0,1
3137,17,b8df2703faf481a5,1.709229,20.0,1,13875,1,1,0,0,1,0,0,0,0,0,0,0,0,1
3138,17,e48ac18fac480313,2.329515,19.817524,1,14076,1,0,0,0,0,0,0,0,0,0,0,0,0,1
3139,17,95bfcf71fb711232,1.750078,18.36701,1,13886,1,1,0,0,1,0,0,0,0,0,0,0,0,0
3140,17,aada16a844269d93,1.314768,20.0,1,14164,1,1,0,0,1,0,0,0,0,0,0,0,0,1
3141,17,205ceea12fe5bd27,0.987736,19.072154,1,13874,1,1,0,0,1,0,0,0,0,0,0,0,0,0
3142,17,cad45a3e844d1c72,1.786942,17.823033,1,13863,1,0,0,0,0,0,0,0,0,0,0,0,0,1
3143,17,e98fce72cc35d144,2.386116,20.0,1,13935,2,1,0,0,1,0,0,0,0,0,0,0,0,1
3144,17,3895935e61f66222,1.7926,18.765136,1,13989,1,1,0,0,1,0,0,0,0,0,0,0,0,0
3145,17,77fd74a3ae208e6f,1.348061,20.0,1,13837,1,1,0,0,1,0,0,0,0,0,0,0,0,1
3146,17,6cdfea1e2ddfa0c2,2.056401,19.309941,1,13878,1,0,0,0,0,0,0,0,0,0,0,0,0,1
3147,17,6e7aa67506972e41,1.544897,17.985682,1,13826,1,1,0,0,1,0,0,0,0,0,0,0,0,0
3148,17,0a105eabde9e1819,1.160623,20.0,1,14031,1,1,0,0,1,0,0,0,0,0,0,0,0,1
3149,17,9bd51f231c8057ab,0.872805,20.0,1,14081,1,1,0,0,1,0,0,0,0,0,0,0,0,1
3150,17,24e7ee1e0ed1b589,1.699359,16.794084,0,14174,1,0,0,0,0,0,0,0,0,0,0,0,0,0
3151,17,e3bcba96b2704a73,1.276665,19.574457,1,14158,1,1,0,0,1,0,0,0,0,0,0,0,0,1
3152,17,7a28a5b2c5d4d49b,0.96007,18.200772,1,14030,1,1,0,0,1,0,0,0,0,0,0,0,0,0
3153,17,0a1d6cb2f9daf0ca,1.764918,17.152404,1,14189,1,0,0,0,0,0,0,0,0,0,0,0,0,1
3154,17,9d4888d5dc31e62f,1.325917,16.364805,1,14211,1,1,0,0,1,0,0,0,0,0,0,0,0,0
3155,17,a60747c2bcfda612,3.083419,15.77311,1,14216,2,0,0,0,0,0,0,0,0,0,0,0,0,1
3156,17,b7612aa3acd2475b,2.318775,18.822607,1,14094,1,1,0,0,1,0,0,0,0,0,0,0,0,1
3157,17,2bfc4dda769ef4f8,2.785662,17.619566,1,14150,1,0,0,0,0,0,0,0,0,0,0,0,0,1
3158,17,9ff51816d5813420,2.092764,20.0,1,14166,1,1,0,0,1,0,0,0,0,0,0,0,0,1
3159,17,439beeb2a87802f5,1.573788,20.0,1,13878,1,1,0,0,1,0,0,0,0,0,0,0,0,1
3160,17,a4523b0e54fd5f23,3.269635,16.638692,0,14057,2,0,0,0,0,0,0,0,0,0,0,0,0,0
3161,17,8ce13783fa8a925a,2.456355,19.457717,1,13994,1,1,0,0,1,0,0,0,0,0,0,0,0,1
3162,17,0a7999a116a66859,1.845367,18.0967,1,15069,1,1,0,0,1,0,0,0,0,0,0,0,0,0
3163,17,91c799577d096f27,2.431893,17.089478,1,14944,1,0,0,0,0,0,0,0,0,0,0,0,0,1
3164,17,084df7b921d51f63,1.82699,19.796375,1,15074,1,1,0,0,1,0,0,0,0,0,0,0,0,1
3165,17,43b5f03a3456c8ac,2.416203,20.0,1,14741,2,1,0,0,1,0,0,0,0,0,0,0,0,1
3166,17,14998c164bfe4b82,2.86117,16.416445,0,14805,1,0,0,0,0,0,0,0,0,0,0,0,0,0
3167,17,9228f087f8fce97a,2.14949,19.290751,1,16522,1,1,0,0,1,0,0,0,0,0,0,0,0,1
3168,17,7474b983f679cf76,2.658485,20.0,1,16643,2,1,0,0,1,0,0,0,0,0,0,0,0,1
3169,17,1b23db65ad96ace6,3.040873,19.593509,1,16266,1,0,0,0,0,0,0,0,0,0,0,0,0,1
3170,17,8b47046bbd5a3c9a,2.28678,20.0,1,16352,1,1,0,0,1,0,0,0,0,0,0,0,0,1
3171,17,b92dac494278bb0d,2.761626,20.0,1,16530,2,1,0,0,1,0,0,0,0,0,0,0,0,1
3172,17,5bff3c3a17459e96,3.11836,20.0,1,16728,1,0,0,0,0,0,0,0,0,0,0,0,0,1
3173,17,650e8f6bef0ed971,3.389201,20.0,1,16684,2,1,0,0,1,0,0,0,0,0,0,0,0,1
3174,17,f5cbbfe1d55292fa,2.54618,20.0,1,16625,1,1,0,0,1,0,0,0,0,0,0,0,0,0
3175,17,793d2e85e94f30d2,1.91285,20.0,1,16625,1,1,0,0,1,0,0,0,0,0,0,0,0,1
3176,17,336afd1b1c2abe83,2.480706,20.0,1,16503,2,1,0,0,0,0,0,0,0,0,0,0,0,1
3177,17,adc31761d2c9d32e,3.953827,20.0,1,16120,2,0,0,0,1,0,0,0,0,0,0,0,0,1
3178,17,ef9cdc315ff37959,2.970363,20.0,1,16362,1,1,0,0,1,0,0,0,0,0,0,0,0,1
3179,17,80750c8efbe4033e,2.231522,20.0,1,14523,1,1,0,0,1,0,0,0,0,0,0,0,0,0
3180,17,b20307a45fb11fbc,2.722287,19.4617,1,13251,1,0,0,0,0,0,0,0,0,0,0,0,0,1
3181,17,4033555753fa1808,2.045153,20.0,1,13911,1,1,0,0,1,0,0,0,0,0,0,0,0,1
3182,17,3fd0989eef3933fc,2.5801,20.0,1,13991,2,1,0,0,1,0,0,0,0,0,0,0,0,1
3183,17,4e8b127465108971,1.938333,20.0,1,13927,1,1,0,0,1,0,0,0,0,0,0,0,0,0
3184,17,f78e0ce8622d8878,2.501804,19.186113,1,13919,1,0,0,0,0,0,0,0,0,0,0,0,0,1
3185,17,0c5dea0f82104dc4,1.879512,17.892654,1,13620,1,1,0,0,1,0,0,0,0,0,0,0,0,0
3186,17,4aa57a21ac39aad0,1.412007,20.0,1,13659,1,1,0,0,1,0,0,0,0,0,0,0,0,1
3187,17,e196584dca7b7689,2.106,18.82142,1,13622,1,0,0,0,0,0,0,0,0,0,0,0,0,1
3188,17,378400287f78f066,1.582159,17.618674,1,13745,1,1,0,0,1,0,0,0,0,0,0,0,0,0
3189,17,b7d30829de73dda1,1.188617,20.0,1,13513,1,1,0,0,1,0,0,0,0,0,0,0,0,1
3190,17,db9bfbbfc7460179,0.892963,15.170952,0,13578,1,1,0,0,0,0,0,0,0,0,0,0,0,0
3191,17,5cdcbca155f43249,2.759822,18.369776,1,13353,2,0,0,0,1,0,0,0,0,0,0,0,0,1
3192,17,e5d536c7be384877,2.073351,20.0,1,13493,1,1,0,0,1,0,0,0,0,0,0,0,0,1
3193,17,75757aba3bf969e7,1.557631,19.073715,1,13770,1,1,0,0,1,0,0,0,0,0,0,0,0,0
3194,17,1031bed7b5d94655,1.171361,17.824208,1,13597,1,1,0,0,0,0,0,0,0,0,0,0,0,1
3195,17,b0de361fff316f25,1.923653,16.869505,1,13746,1,0,0,0,1,0,0,0,0,0,0,0,0,0
3196,17,d2034ba510a882ea,1.445169,19.631118,1,13670,1,1,0,0,1,0,0,0,0,0,0,0,0,1
3197,17,5d36aca0e9254700,1.085701,20.0,1,13722,1,1,0,0,1,0,0,0,0,0,0,0,0,1
3198,17,951497b674ddb51f,0.816463,16.323081,0,13575,1,1,0,0,0,0,0,0,0,0,0,0,0,0
3199,17,830fe72a9f923a43,1.657031,19.22061,1,13728,1,0,0,0,1,0,0,0,0,0,0,0,0,1
3200,17,2c37196ec5778c6e,1.244866,20.0,1,13692,1,1,0,0,1,0,0,0,0,0,0,0,0,1
3201,17,9b50df548f649b4a,1.980307,20.0,1,13783,2,1,0,0,1,0,0,0,0,0,0,0,0,1
3202,17,debfe492bb4d653d,2.531384,17.318229,0,13632,1,0,0,0,0,0,0,0,0,0,0,0,0,0
3203,17,f8d8c06679228cff,1.901734,19.968227,1,13723,1,1,0,0,1,0,0,0,0,0,0,0,0,1
3204,17,4979f36b3c66f02c,1.428702,20.0,1,13819,1,1,0,0,1,0,0,0,0,0,0,0,0,1
3205,17,a240569aca56ef8b,1.074404,19.994037,1,13671,1,1,0,0,1,0,0,0,0,0,0,0,0,0
3206,17,0a0c7cc3a5991e7e,1.850813,18.499617,1,13767,1,0,0,0,0,0,0,0,0,0,0,0,0,1
3207,17,9bf9f563d632c577,1.390447,17.376915,1,13722,1,1,0,0,1,0,0,0,0,0,0,0,0,0
3208,17,fea0bc268ed0255f,1.045636,20.0,1,14061,1,1,0,0,1,0,0,0,0,0,0,0,0,1
3209,17,72bd3c2b301de096,0.785547,18.525651,1,14079,1,1,0,0,1,0,0,0,0,0,0,0,0,0
3210,17,3cac7247db217175,0.590152,20.0,1,14128,1,1,0,0,1,0,0,0,0,0,0,0,0,1
3211,17,0f1d286b3b5ece1b,1.487013,15.682846,0,14066,1,0,0,0,0,0,0,0,0,0,0,0,0,0
3212,17,3e32acd988ebfa08,1.118255,18.754727,1,14131,1,1,0,0,1,0,0,0,0,0,0,0,0,1
3213,17,43fb73f24732b4bd,1.883756,14.089726,0,14240,1,0,0,0,0,0,0,0,0,0,0,0,0,0
3214,17,d010b51427c82e90,1.415196,17.542773,1,14300,1,1,0,0,1,0,0,0,0,0,0,0,0,1
3215,17,7e752745277087dd,2.108398,20.0,1,14420,2,1,0,0,1,0,0,0,0,0,0,0,0,1
3216,17,642340e19a0ebd67,2.627614,18.619355,1,14249,1,0,0,0,0,0,0,0,0,0,0,0,0,1
3217,17,155c8a6d6b1601ea,1.974028,17.46687,1,14266,1,1,0,0,1,0,0,0,0,0,0,0,0,0
3218,17,ef081928b6c4f2b8,1.483013,20.0,1,14265,1,1,0,0,1,0,0,0,0,0,0,0,0,1
3219,17,f21d9ef755074f4d,1.115247,18.580869,1,14317,1,1,0,0,1,0,0,0,0,0,0,0,0,0
3220,17,0b27b754d8f568c4,1.881497,17.437957,1,14374,1,0,0,0,0,0,0,0,0,0,0,0,0,1
3221,17,3bbea1ce493b3fea,2.457152,20.0,1,14249,2,1,0,0,1,0,0,0,0,0,0,0,0,1
3222,17,a2348b0614b5c18f,1.847813,20.0,1,14229,1,1,0,0,1,0,0,0,0,0,0,0,0,1
3223,17,8354d8646525cafa,1.388193,20.0,1,14302,1,1,0,0,1,0,0,0,0,0,0,0,0,0
3224,17,1b4be9c69dd2a4db,1.042897,20.0,1,14239,1,1,0,0,1,0,0,0,0,0,0,0,0,1
3225,17,5fb023822ecbd974,1.827143,20.0,1,14351,2,1,0,0,0,0,0,0,0,0,0,0,0,1
3226,17,68608b1fd70b1f81,2.418188,20.0,1,14411,1,0,0,0,1,0,0,0,0,0,0,0,0,1
3227,17,17c4abe3ce348545,1.816694,20.0,1,14266,1,1,0,0,1,0,0,0,0,0,0,0,0,0
3228,17,1f108672868fed1d,1.364815,20.0,1,14378,1,1,0,0,1,0,0,0,0,0,0,0,0,1
3229,17,829eae59fdf9e946,1.02636,20.0,1,14298,1,1,0,0,1,0,0,0,0,0,0,0,0,0
3230,17,08dc5be0abdd533b,0.771066,20.0,1,14396,1,1,0,0,1,0,0,0,0,0,0,0,0,1
3231,17,e96543699ff2f724,0.579273,16.527145,0,14302,1,1,0,0,0,0,0,0,0,0,0,0,0,0
3232,17,7314e5f727f948f3,2.522493,19.373915,1,14405,2,0,0,0,1,0,0,0,0,0,0,0,0,1
3233,17,04383200d700406e,1.896951,20.0,1,14346,1,1,0,0,1,0,0,0,0,0,0,0,0,1
3234,17,0225ccb73e29e2f2,1.425108,20.0,1,14163,1,1,0,0,1,0,0,0,0,0,0,0,0,1
3235,17,d0837dfb7641bc89,1.07063,20.0,1,14281,1,1,0,0,1,0,0,0,0,0,0,0,0,0
3236,17,259911b751e954d0,0.805129,19.165709,1,14166,1,1,0,0,0,0,0,0,0,0,0,0,0,1
3237,17,49f31aa710f7afc5,1.648517,17.877325,1,14223,1,0,0,0,1,0,0,0,0,0,0,0,0,0
3238,17,11c2882fd2da0fbb,1.238469,20.0,1,14491,1,1,0,0,1,0,0,0,0,0,0,0,0,1
3239,17,b847ecd581178df7,0.930416,18.795779,1,14574,1,1,0,0,1,0,0,0,0,0,0,0,0,0
3240,17,e227b500e856e19f,1.743836,20.0,1,14555,2,1,0,0,1,0,0,0,0,0,0,0,0,1
3241,17,2e8dac26ade6ab66,1.310079,20.0,1,14348,1,1,0,0,1,0,0,0,0,0,0,0,0,1
3242,17,1f0ec4098197f015,2.027867,17.133368,0,14536,1,0,0,0,0,0,0,0,0,0,0,0,0,0
3243,17,9430825878ad39f5,1.524985,19.845541,1,14382,1,1,0,0,1,0,0,0,0,0,0,0,0,1
3244,17,074fd8963fa1acac,1.145664,20.0,1,14419,1,1,0,0,1,0,0,0,0,0,0,0,0,1
3245,17,da8f6432f8ac3210,1.904348,19.90663,1,14687,1,0,0,0,0,0,0,0,0,0,0,0,0,1
3246,17,6227fe5b1a63c281,2.474319,20.0,1,14243,2,1,0,0,1,0,0,0,0,0,0,0,0,1
3247,17,e3ec91e4216aa7b8,1.860723,19.959237,1,14161,1,1,0,0,0,0,0,0,0,0,0,0,0,1
3248,17,905790dcb3df5bc2,2.441545,18.473473,1,13989,1,0,0,0,1,0,0,0,0,0,0,0,0,0
3249,17,f7e259dfe045cd24,1.834241,20.0,1,13970,1,1,0,0,1,0,0,0,0,0,0,0,0,1
3250,17,18240e2f6b4e4302,2.423526,19.14956,1,14241,1,0,0,0,0,0,0,0,0,0,0,0,0,1
3251,17,a559ddf7aa9dca3c,1.820705,17.865193,1,13979,1,1,0,0,1,0,0,0,0,0,0,0,0,0
3252,17,41cf2d93f0a34fd0,2.411481,20.0,1,13952,2,1,0,0,1,0,0,0,0,0,0,0,0,1
3253,17,4cc6c2a07278c87d,1.811655,18.788931,1,13680,1,1,0,0,0,0,0,0,0,0,0,0,0,1
3254,17,42126f9c881e2e32,2.406541,20.0,1,13651,1,0,0,0,1,0,0,0,0,0,0,0,0,1
3255,17,6430c02fd685185e,2.851598,20.0,1,13693,2,1,0,0,1,0,0,0,0,0,0,0,0,1
3256,18,1fd48474a6be9a50,2.142299,20.0,1,13907,1,1,0,0,1,0,0,0,0,0,0,0,0,0
3257,18,0b198662efcfc49a,2.65519,18.978994,1,14289,1,0,0,0,0,0,0,0,0,0,0,0,0,1
3258,18,fcbdd03152747088,1.994745,20.0,1,14296,1,1,0,0,1,0,0,0,0,0,0,0,0,1
3259,18,c7b8a2a9fab59ea4,2.542231,15.938711,0,14064,1,0,0,0,0,0,0,0,0,0,0,0,0,0
3260,18,241e6acbb414e8f5,1.909883,18.931847,1,14314,1,1,0,0,1,0,0,0,0,0,0,0,0,1
3261,18,fc64a472a0076c97,1.436259,17.71752,1,14017,1,1,0,0,1,0,0,0,0,0,0,0,0,0
3262,18,1e870741cfb1004d,2.122661,16.789355,1,14244,1,0,0,0,0,0,0,0,0,0,0,0,0,1
3263,18,bf57db00a494f005,1.594676,16.092059,1,14140,1,1,0,0,1,0,0,0,0,0,0,0,0,0
3264,18,b9cebc1ba6e23f90,2.24337,19.062461,1,14036,2,1,0,0,1,0,0,0,0,0,0,0,0,1
3265,18,e665c14bbc29de1b,2.729013,17.799759,1,14105,1,0,0,0,0,0,0,0,0,0,0,0,0,1
3266,18,e769dc1986223560,2.050205,20.0,1,14181,1,1,0,0,1,0,0,0,0,0,0,0,0,1
3267,18,1dc6f86b0f28f527,1.540243,20.0,1,14304,1,1,0,0,1,0,0,0,0,0,0,0,0,1
3268,18,83171efae161e4f9,1.158284,16.717912,0,13915,1,1,0,0,0,0,0,0,0,0,0,0,0,0
3269,18,d0f092e334d1b579,2.957483,20.0,1,14156,2,0,0,0,1,0,0,0,0,0,0,0,0,2
3270,18,3c72e9f66e532470,2.221846,20.0,1,14074,1,1,0,0,1,0,0,0,0,0,0,0,0,0
3271,18,1fdd04fc4bd3a35e,2.71501,19.08851,1,13891,1,0,0,0,0,0,0,0,0,0,0,0,0,1
3272,18,1ea3379f3547fd92,2.039686,17.819329,1,13848,1,1,0,0,1,0,0,0,0,0,0,0,0,0
3273,18,f2433026cfae9a47,2.575993,20.0,1,14106,2,1,0,0,1,0,0,0,0,0,0,0,0,1
3274,18,d0cc26dd4ca1a8f2,1.935247,20.0,1,14090,1,1,0,0,1,0,0,0,0,0,0,0,0,1
3275,18,38a3c7ee0e61cf29,2.499484,16.726218,0,13849,1,0,0,0,0,0,0,0,0,0,0,0,0,0
3276,18,e64373de38c1d3e1,1.877769,19.523472,1,14005,1,1,0,0,1,0,0,0,0,0,0,0,0,1
3277,18,7addd6445d78c1a4,1.410698,18.146099,1,13736,1,1,0,0,1,0,0,0,0,0,0,0,0,0
3278,18,32a2c7ad3446fe7a,2.105015,17.126627,1,13921,1,0,0,0,0,0,0,0,0,0,0,0,0,1
3279,18,c2ddba3954d1d184,1.581419,16.345439,1,13861,1,1,0,0,1,0,0,0,0,0,0,0,0,0
3280,18,6665faed5439f816,1.188061,19.237406,1,13880,1,1,0,0,1,0,0,0,0,0,0,0,0,1
3281,18,e2ced52540714a46,0.892546,17.931189,1,14033,1,1,0,0,1,0,0,0,0,0,0,0,0,0
3282,18,609fe1b042bd7177,1.715358,16.965011,1,13830,1,0,0,0,0,0,0,0,0,0,0,0,0,1
3283,18,a841332a0fc6c3b7,1.288684,16.224023,1,13972,1,1,0,0,1,0,0,0,0,0,0,0,0,0
3284,18,55f4672a66ea5f47,0.96814,19.146191,1,13900,1,1,0,0,1,0,0,0,0,0,0,0,0,1
3285,18,c0bd9a34ec0d85ea,0.728055,17.87871,1,13843,1,1,0,0,1,0,0,0,0,0,0,0,0,0
3286,18,aabefe6d1a5d48da,1.590614,16.910451,1,13867,1,0,0,0,0,0,0,0,0,0,0,0,0,1
3287,18,1adb77769bb8b4f3,1.194969,16.183034,1,13653,1,1,0,0,1,0,0,0,0,0,0,0,0,0
3288,18,a846133f73861c83,0.897735,15.636553,1,13985,1,1,0,0,0,0,0,0,0,0,0,0,0,1
3289,18,cfa8b1cf2d33ed9a,1.71926,18.719914,1,13848,1,0,0,0,1,0,0,0,0,0,0,0,0,1
3290,18,10999707da36a12f,2.335269,17.542416,1,13882,2,1,0,0,1,0,0,0,0,0,0,0,0,0
3291,18,34b7a6e5fe8596ce,2.798054,16.657806,1,13875,1,0,0,0,0,0,0,0,0,0,0,0,0,1
3292,18,a2076ecd533fd97d,2.104176,19.487911,1,13940,1,1,0,0,1,0,0,0,0,0,0,0,0,1
3293,18,7c306d0aa9eb8d48,1.580789,18.119384,1,13938,1,1,0,0,1,0,0,0,0,0,0,0,0,0
3294,18,4299b7b28708007a,3.274894,17.09126,1,13900,2,0,0,0,0,0,0,0,0,0,0,0,0,1
3295,18,e37137cca5879e3d,2.460306,19.797714,1,13864,1,1,0,0,1,0,0,0,0,0,0,0,0,1
3296,18,83ac982daf0f5cdb,1.850185,18.368665,1,13986,1,1,0,0,1,0,0,0,0,0,0,0,0,0
3297,18,6d3e74a1c3c2f618,2.433628,17.278536,1,13788,1,0,0,0,0,0,0,0,0,0,0,0,0,1
3298,18,84bff23ce59350e2,1.828294,19.938407,1,14074,1,1,0,0,1,0,0,0,0,0,0,0,0,1
3299,18,762e3d035ed0e9cd,1.374903,18.474468,1,14063,1,1,0,0,1,0,0,0,0,0,0,0,0,0
3300,18,ee0cd179ff584f38,2.076567,20.0,1,13977,2,1,0,0,1,0,0,0,0,0,0,0,0,2
3301,18,ab1ad33213fe9948,1.560047,20.0,1,14097,1,1,0,0,1,0,0,0,0,0,0,0,0,0
3302,18,175115f4797cb03a,2.215658,19.816049,1,13919,1,0,0,0,0,0,0,0,0,0,0,0,0,1
3303,18,8fe73e7ed2aace7c,1.666207,18.382453,1,13982,1,1,0,0,1,0,0,0,0,0,0,0,0,0
3304,18,accdf8a33a9f2855,1.251759,20.0,1,14072,1,1,0,0,1,0,0,0,0,0,0,0,0,1
3305,18,c0fae9eea9eecd79,1.984053,20.0,1,13911,2,1,0,0,1,0,0,0,0,0,0,0,0,1
3306,18,e4f1f4a9fdd9d6f8,1.492036,20.0,1,14023,1,1,0,0,1,0,0,0,0,0,0,0,0,1
3307,18,62faf9712b02b23d,1.120911,20.0,1,13896,1,1,0,0,1,0,0,0,0,0,0,0,0,0
3308,18,bc10f9d172a4d697,1.885752,19.596228,1,13986,1,0,0,0,0,0,0,0,0,0,0,0,0,1
3309,18,7f79a87e79778f63,2.460348,20.0,1,14148,2,1,0,0,1,0,0,0,0,0,0,0,0,1
3310,18,9c639f1c57ce509f,1.850217,20.0,1,14556,1,1,0,0,1,0,0,0,0,0,0,0,0,1
3311,18,e366521f3047e854,1.389999,20.0,1,14578,1,1,0,0,1,0,0,0,0,0,0,0,0,0
3312,18,a45b1dd8e6fa9578,1.044254,20.0,1,14633,1,1,0,0,1,0,0,0,0,0,0,0,0,1
3313,18,a0544f9855dbc069,1.829445,17.071869,0,16159,1,0,0,0,0,0,0,0,0,0,0,0,0,0
3314,18,b63e1660b3964245,1.374393,19.783146,1,16722,1,1,0,0,1,0,0,0,0,0,0,0,0,1
3315,18,eadd6139263eadeb,1.03253,20.0,1,16702,1,1,0,0,1,0,0,0,0,0,0,0,0,1
3316,18,424fde131ddc040f,1.819355,20.0,1,16743,2,1,0,0,1,0,0,0,0,0,0,0,0,1
3317,18,0e89c5488b0a6f12,1.368181,20.0,1,16722,1,1,0,0,1,0,0,0,0,0,0,0,0,0
3318,18,d438f6e65e23bf04,2.071516,19.285583,1,16558,1,0,0,0,0,0,0,0,0,0,0,0,0,1
3319,18,0ee10cda082f069a,1.556253,17.967382,1,17030,1,1,0,0,1,0,0,0,0,0,0,0,0,0
3320,18,3e19a6f097870fa3,2.214475,20.0,1,16832,2,1,0,0,1,0,0,0,0,0,0,0,0,1
3321,18,014280249d2b6749,2.707305,18.859242,1,16936,1,0,0,0,0,0,0,0,0,0,0,0,0,1
3322,18,e4872694ac24955f,2.033897,20.0,1,16882,1,1,0,0,1,0,0,0,0,0,0,0,0,1
3323,18,4229e7e62e985c03,1.527991,20.0,1,17061,1,1,0,0,1,0,0,0,0,0,0,0,0,1
3324,18,6ea8fb75507c9eee,1.149071,20.0,1,16861,1,1,0,0,1,0,0,0,0,0,0,0,0,0
3325,18,4d06a2c65c38855d,2.950561,18.990986,1,15176,2,0,0,0,0,0,0,0,0,0,0,0,0,1
3326,18,7d2e4c1423ac29bd,2.216646,20.0,1,13969,1,1,0,0,1,0,0,0,0,0,0,0,0,1
3327,18,1c65a969025449d2,1.666949,20.0,1,13991,1,1,0,0,1,0,0,0,0,0,0,0,0,1
3328,18,e2c3791861665b41,2.29597,20.0,1,13934,2,1,0,0,1,0,0,0,0,0,0,0,0,1
3329,18,594fe348d8603763,2.76853,20.0,1,14006,1,0,0,0,0,0,0,0,0,0,0,0,0,1
3330,18,a1c7f6ed9ff30da3,2.079893,20.0,1,13746,1,1,0,0,1,0,0,0,0,0,0,0,0,1
3331,18,248f5af6bcbe6d0c,1.564109,20.0,1,13904,1,1,0,0,1,0,0,0,0,0,0,0,0,0
3332,18,44de5f74b914d1ae,2.21871,19.210538,1,14043,2,1,0,0,0,0,0,0,0,0,0,0,0,1
3333,18,0c9018b52661ce85,2.710487,20.0,1,14196,1,0,0,0,1,0,0,0,0,0,0,0,0,1
3334,18,e98a0f28a1409919,2.038325,20.0,1,14903,1,1,0,0,1,0,0,0,0,0,0,0,0,1
3335,18,235f8a15f8f28053,1.531317,20.0,1,14471,1,1,0,0,1,0,0,0,0,0,0,0,0,1
3336,18,356ba6077859f917,2.194075,18.234378,0,14480,1,0,0,0,0,0,0,0,0,0,0,0,0,0
3337,18,97d5e81287beb017,1.648326,20.0,1,14139,1,1,0,0,1,0,0,0,0,0,0,0,0,1
3338,18,498d0d9f96f4b755,1.239565,19.014481,1,15034,1,1,0,0,1,0,0,0,0,0,0,0,0,0
3339,18,3aae7414b18a2261,1.974892,20.0,1,14663,2,1,0,0,1,0,0,0,0,0,0,0,0,1
3340,18,67a6f27b0246d060,2.527316,19.437584,1,14355,1,0,0,0,0,0,0,0,0,0,0,0,0,1
3341,18,7a9632bf195d8e23,1.900578,18.097842,1,14184,1,1,0,0,1,0,0,0,0,0,0,0,0,0
3342,18,4526509aac975c7c,1.427833,20.0,1,13825,1,1,0,0,1,0,0,0,0,0,0,0,0,1
3343,18,80c3f99d7bfc63b1,2.116331,15.441393,0,13503,1,0,0,0,0,0,0,0,0,0,0,0,0,0
3344,18,af3b298692afbe6d,2.633574,18.55823,1,13713,2,1,0,0,1,0,0,0,0,0,0,0,0,1
3345,18,cc40c1c2378634f1,1.980485,17.436555,1,13630,1,1,0,0,0,0,0,0,0,0,0,0,0,1
3346,18,2b227f5a7a6cc5f6,1.487864,20.0,1,13708,1,1,0,0,1,0,0,0,0,0,0,0,0,1
3347,18,78c8e473accc892c,2.16143,18.54701,1,13753,1,0,0,0,1,0,0,0,0,0,0,0,0,0
3348,18,4133714dd3b1e3ba,1.625426,20.0,1,13394,1,1,0,0,1,0,0,0,0,0,0,0,0,1
3349,18,3acdac5e184c71ed,2.264775,15.707864,0,13647,1,0,0,0,0,0,0,0,0,0,0,0,0,0
3350,18,52205b489db58d29,1.701441,18.75842,1,13737,1,1,0,0,1,0,0,0,0,0,0,0,0,1
3351,18,cda26b70f6bc2c3d,1.278229,20.0,1,13691,1,1,0,0,1,0,0,0,0,0,0,0,0,1
3352,18,839f0725d09c6cb0,2.005397,15.830042,0,13796,1,0,0,0,0,0,0,0,0,0,0,0,0,0
3353,18,c8228b2aac6e0f7c,2.550233,18.850208,1,13657,2,1,0,0,1,0,0,0,0,0,0,0,0,1
3354,18,863ffc540b537861,1.915895,20.0,1,13694,1,1,0,0,1,0,0,0,0,0,0,0,0,1
3355,18,1ccc5350da011771,1.44078,19.3624,1,13694,1,1,0,0,1,0,0,0,0,0,0,0,0,0
3356,18,c95e891212e847da,2.126058,18.025092,1,13924,1,0,0,0,0,0,0,0,0,0,0,0,0,1
3357,18,07bdaf2019a5509e,1.597228,20.0,1,13818,1,1,0,0,1,0,0,0,0,0,0,0,0,1
3358,18,4e7ee729511576f4,2.243591,20.0,1,14083,2,1,0,0,1,0,0,0,0,0,0,0,0,1
3359,18,18db832c6210602e,1.687212,20.0,1,13863,1,1,0,0,1,0,0,0,0,0,0,0,0,0
3360,18,50f285f4c4ef6e94,1.267539,18.725008,1,14190,1,1,0,0,0,0,0,0,0,0,0,0,0,1
3361,18,be61e5a9010c19a9,1.995908,17.546243,1,13933,1,0,0,0,1,0,0,0,0,0,0,0,0,0
3362,18,924db56271c310bb,1.500952,20.0,1,14069,1,1,0,0,1,0,0,0,0,0,0,0,0,1
3363,18,c16b632d675480c3,1.127609,20.0,1,14129,1,1,0,0,1,0,0,0,0,0,0,0,0,1
3364,18,134ec82c23dbca54,0.84713,16.603024,0,14155,1,1,0,0,0,0,0,0,0,0,0,0,0,0
3365,18,8dc4e053ecc43ced,1.680071,19.43092,1,14048,1,0,0,0,1,0,0,0,0,0,0,0,0,1
3366,18,ac8bbfdb2d63ef47,2.307588,20.0,1,14121,2,1,0,0,1,0,0,0,0,0,0,0,0,1
3367,18,fd71e90a04fbf640,1.733604,20.0,1,14186,1,1,0,0,1,0,0,0,0,0,0,0,0,1
3368,18,f7160376161a8acb,1.302392,20.0,1,14297,1,1,0,0,1,0,0,0,0,0,0,0,0,0
3369,18,a384b780af80a74d,0.979417,19.183904,1,14109,1,1,0,0,0,0,0,0,0,0,0,0,0,1
3370,18,0f15cedcbb59b4a0,1.779453,17.890995,1,14301,1,0,0,0,1,0,0,0,0,0,0,0,0,0
3371,18,3b01f40134698d40,1.336837,20.0,1,14230,1,1,0,0,1,0,0,0,0,0,0,0,0,1
3372,18,1dfec478cb690cc9,1.004315,18.803493,1,14307,1,1,0,0,1,0,0,0,0,0,0,0,0,0
3373,18,b064ebcdcc0fa36b,0.755259,20.0,1,14369,1,1,0,0,1,0,0,0,0,0,0,0,0,1
3374,18,f5db3aa7c00ee013,0.567398,15.852767,0,14444,1,1,0,0,0,0,0,0,0,0,0,0,0,0
3375,18,9a9b89ce55ff109a,1.469918,18.86728,1,14618,1,0,0,0,1,0,0,0,0,0,0,0,0,1
3376,18,345e9bb8f19d90ec,1.1054,20.0,1,14612,1,1,0,0,1,0,0,0,0,0,0,0,0,1
3377,18,53c6636f6958b352,0.830445,19.367648,1,14891,1,1,0,0,1,0,0,0,0,0,0,0,0,0
3378,18,b18adc38a5942f01,2.711189,18.029035,1,14930,2,0,0,0,0,0,0,0,0,0,0,0,0,1
3379,18,2b2d67bafe5d0e5e,2.036815,20.0,1,14621,1,1,0,0,1,0,0,0,0,0,0,0,0,1
3380,18,e31e66626d6a1e71,1.531714,20.0,1,14631,1,1,0,0,1,0,0,0,0,0,0,0,0,1
3381,18,63a445a1309d1ea0,2.194373,20.0,1,14847,1,0,0,0,0,0,0,0,0,0,0,0,0,1
3382,18,10a168db4843fe8a,2.692204,20.0,1,14670,2,1,0,0,1,0,0,0,0,0,0,0,0,1
3383,18,3dd681e8be2ba0c0,2.024576,20.0,1,14867,1,1,0,0,1,0,0,0,0,0,0,0,0,0
3384,18,ef1a073ed1dc8b95,2.564641,18.636752,1,14607,1,0,0,0,0,0,0,0,0,0,0,0,0,1
3385,18,384231bfe3d46e46,1.926719,17.47994,1,14795,1,1,0,0,1,0,0,0,0,0,0,0,0,0
3386,18,9f3ec2ed06c4ce11,1.447472,20.0,1,14564,1,1,0,0,1,0,0,0,0,0,0,0,0,1
3387,18,ce57c56caf776fed,2.13267,20.0,1,14598,2,1,0,0,1,0,0,0,0,0,0,0,0,1
3388,18,f7d25771aa5f7e2b,1.602195,20.0,1,14566,1,1,0,0,1,0,0,0,0,0,0,0,0,1
3389,18,b54ccc94f439062f,2.247323,20.0,1,14511,1,0,0,0,0,0,0,0,0,0,0,0,0,1
3390,18,7e3ebdea1022153e,1.690019,19.394178,1,14423,1,1,0,0,1,0,0,0,0,0,0,0,0,0
3391,18,27f26a8859999c8f,1.269648,20.0,1,14611,1,1,0,0,1,0,0,0,0,0,0,0,0,1
3392,18,7e08f816bbad1340,1.997492,20.0,1,14307,2,1,0,0,1,0,0,0,0,0,0,0,0,1
3393,18,47091e290a05321e,2.544295,20.0,1,14342,1,0,0,0,0,0,0,0,0,0,0,0,0,1
3394,18,e51d578327ab6b43,1.913346,19.164583,1,14317,1,1,0,0,1,0,0,0,0,0,0,0,0,0
3395,18,0a42b42d3e3a5e94,1.437425,20.0,1,14234,1,1,0,0,1,0,0,0,0,0,0,0,0,1
3396,18,2dbf56e2851f9017,2.123537,20.0,1,14211,2,1,0,0,1,0,0,0,0,0,0,0,0,1
3397,18,4ae1bc5d050eff50,2.641081,17.297189,0,14213,1,0,0,0,0,0,0,0,0,0,0,0,0,0
3398,18,1ed50433cf1d4dd9,1.984145,19.952421,1,14330,1,1,0,0,1,0,0,0,0,0,0,0,0,1
3399,18,bdbf83bbc58d2d96,1.490614,18.468352,1,14223,1,1,0,0,1,0,0,0,0,0,0,0,0,0
3400,18,3ec142812ec9e985,1.119843,20.0,1,14333,1,1,0,0,1,0,0,0,0,0,0,0,0,1
3401,18,83462be5b05166ef,1.886288,20.0,1,14199,2,1,0,0,1,0,0,0,0,0,0,0,0,1
3402,18,c36133805a6aa46c,1.417098,20.0,1,14365,1,1,0,0,1,0,0,0,0,0,0,0,0,1
3403,18,2f4c09485f987199,2.108266,17.997724,0,14334,1,0,0,0,0,0,0,0,0,0,0,0,0,0
3404,18,486aeb4b292abd47,1.585446,20.0,1,14370,1,1,0,0,1,0,0,0,0,0,0,0,0,1
3405,18,785101e17d9a15f6,1.191086,18.876384,1,14215,1,1,0,0,1,0,0,0,0,0,0,0,0,0
3406,18,84b111ff7e792f70,0.894819,17.659966,1,14357,1,1,0,0,0,0,0,0,0,0,0,0,0,1
3407,18,10440db69953333a,1.715897,20.0,1,14836,1,0,0,0,1,0,0,0,0,0,0,0,0,1
3408,18,12717b1780b75e0d,1.290379,18.689961,1,14262,1,1,0,0,1,0,0,0,0,0,0,0,0,0
3409,18,4dea4c8f02d25455,0.969414,20.0,1,14468,1,1,0,0,1,0,0,0,0,0,0,0,0,1
3410,18,b9b6fe8fc3dbbee8,2.815591,19.254426,1,13844,2,0,0,0,0,0,0,0,0,0,0,0,0,1
3411,18,4abae27ca3b76145,2.117364,20.0,1,14036,1,1,0,0,1,0,0,0,0,0,0,0,0,1
3412,18,2865a98a17b8e432,2.63435,16.107526,0,14171,1,0,0,0,0,0,0,0,0,0,0,0,0,0
3413,18,e44b14011e839582,1.979089,19.058671,1,13999,1,1,0,0,1,0,0,0,0,0,0,0,0,1
3414,18,1a7c0c0732bf4501,1.486815,20.0,1,14031,1,1,0,0,1,0,0,0,0,0,0,0,0,1
3415,18,3425e7935f7659b3,2.162257,15.999672,0,13528,1,0,0,0,0,0,0,0,0,0,0,0,0,0
3416,18,f0a249b00088405c,1.624423,18.977645,1,13579,1,1,0,0,1,0,0,0,0,0,0,0,0,1
3417,18,bb48805ed1ce5d8e,1.220368,14.257195,0,13692,1,1,0,0,0,0,0,0,0,0,0,0,0,0
3418,18,8d2c38189040046f,1.961885,17.682617,1,13652,1,0,0,0,1,0,0,0,0,0,0,0,0,1
3419,18,36a70b6bdc3a5098,1.473891,16.763134,1,13653,1,1,0,0,1,0,0,0,0,0,0,0,0,0
3420,18,1427bbcaa20a8fea,2.150932,16.07236,1,13712,1,0,0,0,0,0,0,0,0,0,0,0,0,1
3421,18,a611fa12807c1873,1.615915,15.553408,1,13929,1,1,0,0,1,0,0,0,0,0,0,0,0,0
3422,18,bc6646b29227116f,1.215191,18.657388,1,13728,1,1,0,0,1,0,0,0,0,0,0,0,0,1
3423,18,fab1a27a0c16ce4c,0.912928,20.0,1,13911,1,1,0,0,1,0,0,0,0,0,0,0,0,1
3424,18,33202d8213aacec0,1.729502,15.757198,0,13779,1,0,0,0,0,0,0,0,0,0,0,0,0,0
3425,18,172a5745c2ebe0a9,2.344761,18.810641,1,13701,2,1,0,0,1,0,0,0,0,0,0,0,0,1
3426,18,bbb5a708ae49b288,1.761531,20.0,1,13691,1,1,0,0,1,0,0,0,0,0,0,0,0,1
3427,18,cefaeb9bbdee5c38,2.367026,19.322538,1,13760,1,0,0,0,0,0,0,0,0,0,0,0,0,1
3428,18,e6a90d13fff364fb,1.778258,17.995145,1,13460,1,1,0,0,1,0,0,0,0,0,0,0,0,0
3429,18,87c49f19aa85023b,2.381426,20.0,1,13641,2,1,0,0,1,0,0,0,0,0,0,0,0,1
3430,18,f1fc6875acc1ba07,1.789076,20.0,1,14736,1,1,0,0,1,0,0,0,0,0,0,0,0,1
3431,18,f67349ff7bfe5706,1.344066,20.0,1,14411,1,1,0,0,1,0,0,0,0,0,0,0,0,1
3432,18,56d568802f0324a0,2.054907,17.861272,0,16239,1,0,0,0,0,0,0,0,0,0,0,0,0,0
3433,18,5e04e51f4306ac44,1.543775,20.0,1,15855,1,1,0,0,1,0,0,0,0,0,0,0,0,1
3434,18,8dad7c52e2221e22,1.15978,20.0,1,15477,1,1,0,0,1,0,0,0,0,0,0,0,0,1
3435,18,3a3f7708be727232,1.914953,16.727285,0,14942,1,0,0,0,0,0,0,0,0,0,0,0,0,0
3436,18,3d44a5f59ee3ff08,2.484223,19.54016,1,14711,2,1,0,0,1,0,0,0,0,0,0,0,0,1
3437,18,0b09bbad67813809,2.909957,18.158636,1,14624,1,0,0,0,0,0,0,0,0,0,0,0,0,1
3438,18,df1669973eafe6e2,3.229795,17.120749,1,15552,1,0,0,0,0,0,0,0,0,0,0,0,0,1
3439,18,22f0c225189c0efc,2.428852,19.836051,1,15499,1,1,0,0,1,0,0,0,0,0,0,0,0,1
3440,18,33cd082e903a2ce1,1.824706,18.380928,1,15313,1,1,0,0,1,0,0,0,0,0,0,0,0,0
3441,18,2a501dd05b7b10bf,2.414487,17.287749,1,15530,1,0,0,0,0,0,0,0,0,0,0,0,0,1
3442,18,2351465ba230e116,2.857567,19.945328,1,15488,2,1,0,0,1,0,0,0,0,0,0,0,0,1
3443,18,239759ecf36e1df4,3.193082,18.479673,1,15262,1,0,0,0,0,0,0,0,0,0,0,0,0,1
3444,18,2f4f3eba1a83e072,2.398843,20.0,1,13763,1,1,0,0,1,0,0,0,0,0,0,0,0,1
3445,18,24239d676cfccf5f,2.845814,15.656896,0,12798,1,0,0,0,0,0,0,0,0,0,0,0,0,0
3446,18,bec625bd345b5d8c,3.184243,18.735213,1,12839,2,1,0,0,1,0,0,0,0,0,0,0,0,1
3447,18,f67375e889665f01,2.392203,20.0,1,13023,1,1,0,0,1,0,0,0,0,0,0,0,0,1
3448,18,7b2a85cc8fd87cf7,1.797173,20.0,1,13012,1,1,0,0,1,0,0,0,0,0,0,0,0,1
3449,18,c7ea44e1353c7a31,2.393802,17.097844,0,12973,1,0,0,0,0,0,0,0,0,0,0,0,0,0
3450,18,f30e61fd02f902e3,1.800173,19.818826,1,12722,1,1,0,0,1,0,0,0,0,0,0,0,0,1
3451,18,d118dfae1e2198fd,1.352403,18.367987,1,12610,1,1,0,0,1,0,0,0,0,0,0,0,0,0
3452,18,ec7620d2683cb868,2.059663,17.278027,1,12427,1,0,0,0,0,0,0,0,0,0,0,0,0,1
3453,18,c238fdcef30a9758,1.548896,19.954326,1,12589,1,1,0,0,1,0,0,0,0,0,0,0,0,1
3454,18,5d9d3d58312fbe66,1.163628,18.469783,1,12944,1,1,0,0,1,0,0,0,0,0,0,0,0,0
3455,18,cc1669837fa14dda,0.87419,20.0,1,12406,1,1,0,0,1,0,0,0,0,0,0,0,0,1
3456,18,32f8f95de4a69be6,0.656746,15.651315,0,12699,1,1,0,0,0,0,0,0,0,0,0,0,0,0
3457,18,5e02151d72514ddc,1.538033,18.731015,1,12831,1,0,0,0,1,0,0,0,0,0,0,0,0,1
3458,18,369e2c2043f5411e,1.155467,17.550756,1,12743,1,1,0,0,1,0,0,0,0,0,0,0,0,0
3459,18,2f38eb4d604f9f8c,0.868059,16.664071,1,12574,1,1,0,0,0,0,0,0,0,0,0,0,0,1
3460,18,7941671545e3095d,1.696943,16.012121,1,12780,1,0,0,0,1,0,0,0,0,0,0,0,0,0
3461,18,ce1c9fd4b2493f1d,1.27485,18.986997,1,13241,1,1,0,0,1,0,0,0,0,0,0,0,0,1
3462,18,c763803d56e72818,0.957747,20.0,1,13274,1,1,0,0,1,0,0,0,0,0,0,0,0,1
3463,18,53536e00fcb15c0d,1.763173,15.943228,0,13156,1,0,0,0,0,0,0,0,0,0,0,0,0,0
3464,18,ebc08dee8db455a7,1.325931,18.950538,1,13063,1,1,0,0,1,0,0,0,0,0,0,0,0,1
3465,18,e78427628e8e2898,0.996123,20.0,1,13092,1,1,0,0,1,0,0,0,0,0,0,0,0,1
3466,18,25197c7dd0d1addb,1.792003,15.92265,0,13520,1,0,0,0,0,0,0,0,0,0,0,0,0,0
3467,18,25679c0d5a0ee6b1,1.347612,18.935063,1,13158,1,1,0,0,1,0,0,0,0,0,0,0,0,1
3468,18,81d7b5e81986b425,1.01241,20.0,1,13399,1,1,0,0,1,0,0,0,0,0,0,0,0,1
3469,18,62fd90e1fa763a27,1.804239,15.913917,0,13332,1,0,0,0,0,0,0,0,0,0,0,0,0,0
3470,18,64e5744488193186,1.355458,18.91322,1,13315,1,1,0,0,1,0,0,0,0,0,0,0,0,1
3471,18,6daba0e78c4f2437,2.063474,20.0,1,13263,2,1,0,0,1,0,0,0,0,0,0,0,0,1
3472,18,8354f4bdb124c5c4,2.593864,15.914758,0,13280,1,0,0,0,0,0,0,0,0,0,0,0,0,0
3473,18,76bed95a285ab746,1.948673,18.913852,1,13432,1,1,0,0,1,0,0,0,0,0,0,0,0,1
3474,18,f2e18921b1c71328,1.46543,20.0,1,13601,1,1,0,0,1,0,0,0,0,0,0,0,0,1
3475,18,5c263a3349f2f088,1.100923,19.39396,1,13496,1,1,0,0,1,0,0,0,0,0,0,0,0,0
3476,18,55cee2112d893b97,0.827082,18.048801,1,13504,1,1,0,0,0,0,0,0,0,0,0,0,0,1
3477,18,e634bb1afc9f10eb,1.665009,20.0,1,13547,1,0,0,0,1,0,0,0,0,0,0,0,0,1
3478,18,6fb5ac536ace86b9,2.296261,20.0,1,13499,2,1,0,0,1,0,0,0,0,0,0,0,0,1
3479,18,afcf63df972cce92,1.725095,20.0,1,14149,1,1,0,0,1,0,0,0,0,0,0,0,0,0
3480,19,1fd48474a6be9a50,1.296,20.0,1,13868,1,1,0,0,1,0,0,0,0,0,0,0,0,1
3481,19,0b198662efcfc49a,2.018761,16.700815,0,14137,1,0,0,0,0,0,0,0,0,0,0,0,0,0
3482,19,fcbdd03152747088,1.516619,19.504387,1,14278,1,1,0,0,1,0,0,0,0,0,0,0,0,1
3483,19,c7b8a2a9fab59ea4,2.183033,20.0,1,14140,2,1,0,0,1,0,0,0,0,0,0,0,0,1
3484,19,241e6acbb414e8f5,2.683684,19.714085,1,14194,1,0,0,0,0,0,0,0,0,0,0,0,0,1
3485,19,fc64a472a0076c97,2.018169,20.0,1,14067,1,1,0,0,1,0,0,0,0,0,0,0,0,1
3486,19,1e870741cfb1004d,2.559828,16.367215,0,14331,1,0,0,0,0,0,0,0,0,0,0,0,0,0
3487,19,bf57db00a494f005,1.923103,19.253766,1,14122,1,1,0,0,1,0,0,0,0,0,0,0,0,1
3488,19,b9cebc1ba6e23f90,2.490352,17.959608,1,14006,1,0,0,0,0,0,0,0,0,0,0,0,0,1
3489,19,e665c14bbc29de1b,1.870908,20.0,1,14146,1,1,0,0,1,0,0,0,0,0,0,0,0,1
3490,19,e769dc1986223560,2.449197,18.842218,1,14122,2,1,0,0,1,0,0,0,0,0,0,0,0,0
3491,19,1dc6f86b0f28f527,1.83999,20.0,1,14091,1,1,0,0,1,0,0,0,0,0,0,0,0,1
3492,19,83171efae161e4f9,2.427849,19.357886,1,14113,1,0,0,0,0,0,0,0,0,0,0,0,0,1
3493,19,d0f092e334d1b579,1.823952,18.021701,1,14136,1,1,0,0,1,0,0,0,0,0,0,0,0,0
3494,19,3c72e9f66e532470,1.370267,20.0,1,14021,1,1,0,0,1,0,0,0,0,0,0,0,0,1
3495,19,1fdd04fc4bd3a35e,2.074611,20.0,1,14030,2,1,0,0,1,0,0,0,0,0,0,0,0,1
3496,19,1ea3379f3547fd92,2.602231,16.809372,0,14042,1,0,0,0,0,0,0,0,0,0,0,0,0,0
3497,19,f2433026cfae9a47,1.954959,19.585942,1,14070,1,1,0,0,1,0,0,0,0,0,0,0,0,1
3498,19,d0cc26dd4ca1a8f2,1.468688,18.193031,1,13955,1,1,0,0,1,0,0,0,0,0,0,0,0,0
3499,19,38a3c7ee0e61cf29,1.104474,20.0,1,13790,1,1,0,0,1,0,0,0,0,0,0,0,0,1
3500,19,e64373de38c1d3e1,2.917057,18.986724,1,14093,2,0,0,0,0,0,0,0,0,0,0,0,0,1
3501,19,7addd6445d78c1a4,2.191476,20.0,1,13810,1,1,0,0,1,0,0,0,0,0,0,0,0,1
3502,19,32a2c7ad3446fe7a,1.648021,20.0,1,13646,1,1,0,0,1,0,0,0,0,0,0,0,0,1
3503,19,c2ddba3954d1d184,2.28175,17.21896,0,13966,1,0,0,0,0,0,0,0,0,0,0,0,0,0
3504,19,6665faed5439f816,1.714193,19.89365,1,13962,1,1,0,0,1,0,0,0,0,0,0,0,0,1
3505,19,e2ced52540714a46,1.287809,18.4242,1,13828,1,1,0,0,1,0,0,0,0,0,0,0,0,0
3506,19,609fe1b042bd7177,0.968451,20.0,1,13835,1,1,0,0,1,0,0,0,0,0,0,0,0,1
3507,19,a841332a0fc6c3b7,0.727561,19.117326,1,13766,1,1,0,0,1,0,0,0,0,0,0,0,0,0
3508,19,55f4672a66ea5f47,0.546589,17.840977,1,13889,1,1,0,0,0,0,0,0,0,0,0,0,0,1
3509,19,c0bd9a34ec0d85ea,1.455194,16.897171,1,13955,1,0,0,0,1,0,0,0,0,0,0,0,0,0
3510,19,aabefe6d1a5d48da,1.093233,19.651902,1,13742,1,1,0,0,1,0,0,0,0,0,0,0,0,1
3511,19,1adb77769bb8b4f3,0.821305,18.242584,1,13873,1,1,0,0,1,0,0,0,0,0,0,0,0,0
3512,19,a846133f73861c83,1.660669,17.183816,1,14086,1,0,0,0,0,0,0,0,0,0,0,0,0,1
3513,19,cfa8b1cf2d33ed9a,1.248847,16.402976,1,13808,1,1,0,0,1,0,0,0,0,0,0,0,0,0
3514,19,b2dca2c5d32e3a62,1.981865,15.801787,1,13803,2,1,0,0,0,0,0,0,0,0,0,0,0,1
3515,19,03fd4711f4ba9bb5,2.532555,18.828981,1,13913,1,0,0,0,1,0,0,0,0,0,0,0,0,1
3516,19,4c388266f054ecb1,1.904517,20.0,1,13791,1,1,0,0,1,0,0,0,0,0,0,0,0,1
3517,19,a7d93beeb9f4e9ec,1.430793,19.346011,1,13918,1,1,0,0,1,0,0,0,0,0,0,0,0,0
3518,19,d52e6b4d1baecc93,2.118554,18.012779,1,13811,1,0,0,0,0,0,0,0,0,0,0,0,0,1
3519,19,dce3728459a0b8fa,1.591591,20.0,1,13908,1,1,0,0,1,0,0,0,0,0,0,0,0,1
3520,19,65bced74ebceae67,2.241049,15.408785,0,14098,1,0,0,0,0,0,0,0,0,0,0,0,0,0
3521,19,e63b92df0f408dfd,2.72727,18.533733,1,13949,2,1,0,0,1,0,0,0,0,0,0,0,0,1
3522,19,77f485b752b4bc3d,2.048896,20.0,1,14101,1,1,0,0,1,0,0,0,0,0,0,0,0,1
3523,19,7ec8c608ff89a34a,1.540799,19.183604,1,14017,1,1,0,0,0,0,0,0,0,0,0,0,0,1
3524,19,1cff1038343f42ec,2.201198,20.0,1,13957,1,0,0,0,1,0,0,0,0,0,0,0,0,1
3525,19,d2be0117755dd54f,1.653678,19.533037,1,13981,1,1,0,0,1,0,0,0,0,0,0,0,0,0
3526,19,02f4f30f4ab9c900,1.242346,20.0,1,14029,1,1,0,0,1,0,0,0,0,0,0,0,0,1
3527,19,a66f6bb6b5327ae3,0.934262,20.0,1,14180,1,1,0,0,1,0,0,0,0,0,0,0,0,1
3528,19,02d179e61f86987d,2.789183,17.450834,0,14011,2,0,0,0,0,0,0,0,0,0,0,0,0,0
3529,19,3d721be016dbb6be,2.095409,20.0,1,14750,1,1,0,0,1,0,0,0,0,0,0,0,0,1
3530,19,f80d4dfa7c86d3c1,1.575777,18.571809,1,14732,1,1,0,0,1,0,0,0,0,0,0,0,0,0
3531,19,50e503c211fe3b76,1.183823,20.0,1,15433,1,1,0,0,1,0,0,0,0,0,0,0,0,1
3532,19,f3d83b4a37821bcd,0.889362,19.187742,1,15385,1,1,0,0,1,0,0,0,0,0,0,0,0,0
3533,19,35c44b4bcfa6a813,0.668144,20.0,1,15403,1,1,0,0,1,0,0,0,0,0,0,0,0,1
3534,19,5f7b11efaef6fc3f,0.502454,20.0,1,15142,1,1,0,0,1,0,0,0,0,0,0,0,0,1
3535,19,5089569c83bd6940,0.377475,20.0,1,14906,1,1,0,0,1,0,0,0,0,0,0,0,0,0
3536,19,a2ca83c1476a0162,2.370889,19.092428,1,14902,2,0,0,0,0,0,0,0,0,0,0,0,0,1
3537,19,6d3572526952e8e7,1.782943,20.0,1,15419,1,1,0,0,1,0,0,0,0,0,0,0,0,1
3538,19,26fa26a6810b22e7,1.339458,20.0,1,15401,1,1,0,0,1,0,0,0,0,0,0,0,0,1
3539,19,b78ad25e16e690bc,-0.037369,20.0,1,15330,0,1,0,0,1,0,0,0,0,0,0,0,0,0
3540,19,72505ee0f1eb01d0,-0.028074,19.05862,1,15066,1,1,0,0,1,0,0,0,0,0,0,0,0,0
3541,19,60d5bcf49f10f3c4,-0.021112,20.0,1,15225,1,1,0,0,1,0,0,0,0,0,0,0,0,1
3542,19,1bb60df09a0fe513,2.071446,19.475748,1,15091,2,0,0,0,0,0,0,0,0,0,0,0,0,1
3543,19,cdc775044eb4f151,1.5562,18.110246,1,14052,1,1,0,0,1,0,0,0,0,0,0,0,0,0
3544,19,3d44d718d8cfd1f4,1.170285,20.0,1,13790,1,1,0,0,1,0,0,0,0,0,0,0,0,1
3545,19,b9ecafd8ba66e702,1.922845,18.939954,1,13937,1,0,0,0,0,0,0,0,0,0,0,0,0,1
3546,19,898644ba2c2518fa,1.444561,20.0,1,13932,1,1,0,0,1,0,0,0,0,0,0,0,0,1
3547,19,d7b21d72f896b522,1.085245,19.395521,1,13983,1,1,0,0,1,0,0,0,0,0,0,0,0,0
3548,19,08f0d157e1b9e38b,1.86027,18.06621,1,13833,1,0,0,0,0,0,0,0,0,0,0,0,0,1
3549,19,5c4af9d44dfc9637,2.441205,20.0,1,13856,2,1,0,0,1,0,0,0,0,0,0,0,0,1
3550,19,ae95b38647a9e27f,1.833986,18.902384,1,13928,1,1,0,0,1,0,0,0,0,0,0,0,0,0
3551,19,77887cc8b1938e95,2.423334,17.695364,1,13816,1,0,0,0,0,0,0,0,0,0,0,0,0,1
3552,19,7a25fa02fcee5e27,1.82056,20.0,1,13576,1,1,0,0,1,0,0,0,0,0,0,0,0,1
3553,19,3a7a4c16080c3acc,1.367719,18.69308,1,13433,1,1,0,0,1,0,0,0,0,0,0,0,0,0
3554,19,70c8086b6fcee6b0,2.071169,20.0,1,13305,2,1,0,0,1,0,0,0,0,0,0,0,0,1
3555,19,3f519e748ca0f8ba,2.601699,19.273629,1,13483,1,0,0,0,0,0,0,0,0,0,0,0,0,1
3556,19,2ee3b74f43dfb2fd,1.95456,17.958402,1,13485,1,1,0,0,1,0,0,0,0,0,0,0,0,0
3557,19,1487ca850be4a87f,1.468387,20.0,1,13849,1,1,0,0,1,0,0,0,0,0,0,0,0,1
3558,19,a80cd97cb9fde335,1.104248,18.858565,1,13865,1,1,0,0,1,0,0,0,0,0,0,0,0,0
3559,19,5615890e0cb6d16e,1.873234,17.64658,1,13747,1,0,0,0,0,0,0,0,0,0,0,0,0,1
3560,19,0d6efb71f8d6d8a4,1.407291,16.73606,1,13779,1,1,0,0,1,0,0,0,0,0,0,0,0,0
3561,19,abaf393e18749c49,1.057245,19.530865,1,13562,1,1,0,0,1,0,0,0,0,0,0,0,0,1
3562,19,dd565bc81776e2ec,0.795063,18.167991,1,13706,1,1,0,0,1,0,0,0,0,0,0,0,0,0
3563,19,7b53f589aa0dbcbc,2.684608,17.127777,1,13634,2,0,0,0,0,0,0,0,0,0,0,0,0,1
3564,19,9f79b60904c1b6f7,2.016846,19.825148,1,13807,1,1,0,0,1,0,0,0,0,0,0,0,0,1
3565,19,eb424c1d96fde631,1.516697,20.0,1,13566,1,1,0,0,1,0,0,0,0,0,0,0,0,1
3566,19,2d3fba791851fa5d,1.139437,19.908805,1,13817,1,1,0,0,1,0,0,0,0,0,0,0,0,0
3567,19,afe9acb89a73ce7c,0.856017,20.0,1,13708,1,1,0,0,1,0,0,0,0,0,0,0,0,1
3568,19,cc7293f29537518c,1.686747,16.463492,0,13811,1,0,0,0,0,0,0,0,0,0,0,0,0,0
3569,19,c7e284629153eff2,1.268458,19.341784,1,13545,1,1,0,0,1,0,0,0,0,0,0,0,0,1
3570,19,872156752ea3ebd6,0.952945,18.009604,1,13581,1,1,0,0,1,0,0,0,0,0,0,0,0,0
3571,19,99a40f4b4c26be5e,1.759565,17.008787,1,13832,1,0,0,0,0,0,0,0,0,0,0,0,0,1
3572,19,a32b84742bb80bdb,1.323218,19.751853,1,13764,1,1,0,0,1,0,0,0,0,0,0,0,0,1
3573,19,4e9c0727c7eac610,0.994084,18.317674,1,13804,1,1,0,0,1,0,0,0,0,0,0,0,0,0
3574,19,cc4e0e315cedc043,1.790472,17.240228,1,13842,1,0,0,0,0,0,0,0,0,0,0,0,0,1
3575,19,6372a7b85cb4e864,2.388768,19.909628,1,13877,2,1,0,0,1,0,0,0,0,0,0,0,0,1
3576,19,429f76eaea592bd8,2.840538,14.972324,0,13769,1,0,0,0,0,0,0,0,0,0,0,0,0,0
3577,19,e4211c2d935f12d2,2.13399,18.205836,1,13909,1,1,0,0,1,0,0,0,0,0,0,0,0,1
3578,19,90f8a7525f6df21a,1.603187,20.0,1,13981,1,1,0,0,1,0,0,0,0,0,0,0,0,1
3579,19,9c3b8cedf84d6b46,1.205619,18.998356,1,13839,1,1,0,0,1,0,0,0,0,0,0,0,0,0
3580,19,bf4548dd4274100f,2.993044,17.751599,1,13734,2,0,0,0,0,0,0,0,0,0,0,0,0,1
3581,19,585f837589749c42,2.248562,20.0,1,13912,1,1,0,0,1,0,0,0,0,0,0,0,0,1
3582,19,296353c26515acd0,1.68926,20.0,1,14040,1,1,0,0,1,0,0,0,0,0,0,0,0,1
3583,19,4b5d5ccd5763d172,2.314498,20.0,1,14141,1,0,0,0,0,0,0,0,0,0,0,0,0,1
3584,19,da660d0f35e48633,1.738796,18.637802,1,14254,1,1,0,0,1,0,0,0,0,0,0,0,0,0
3585,19,aeda045cdb1feaef,1.306293,20.0,1,14173,1,1,0,0,1,0,0,0,0,0,0,0,0,1
3586,19,c5419601fc710a7c,2.026501,20.0,1,14116,2,1,0,0,1,0,0,0,0,0,0,0,0,1
3587,19,570db80c53aed624,1.522435,20.0,1,14111,1,1,0,0,1,0,0,0,0,0,0,0,0,1
3588,19,f0791279097ae2f1,1.143748,20.0,1,14223,1,1,0,0,1,0,0,0,0,0,0,0,0,0
3589,19,462a40ab3499cd4f,1.902909,19.653979,1,14240,1,0,0,0,0,0,0,0,0,0,0,0,0,1
3590,19,011b6b44f013cf91,1.431014,18.260574,1,14236,1,1,0,0,1,0,0,0,0,0,0,0,0,0
3591,19,c744b563daadaab8,1.075068,20.0,1,14292,1,1,0,0,1,0,0,0,0,0,0,0,0,1
3592,19,670e7192e24f3e70,0.807658,20.0,1,14333,1,1,0,0,1,0,0,0,0,0,0,0,0,1
3593,19,890b97c68f4c48f8,0.60737,20.0,1,14466,1,1,0,0,1,0,0,0,0,0,0,0,0,0
3594,19,c38ea839c84d61a0,1.499948,18.800094,1,14389,1,0,0,0,0,0,0,0,0,0,0,0,0,1
3595,19,ab8844b15f7a5a57,1.126855,17.602652,1,14484,1,1,0,0,1,0,0,0,0,0,0,0,0,0
3596,19,480edc3b078aad00,1.890217,20.0,1,14441,2,1,0,0,1,0,0,0,0,0,0,0,0,1
3597,19,b025e2057777baf9,0.37732,18.657581,1,14674,0,1,0,0,1,0,0,0,0,0,0,0,0,0
3598,19,a34328f341a9f924,0.283466,20.0,1,14992,1,1,0,0,1,0,0,0,0,0,0,0,0,1
3599,19,f2128e4d53839433,1.256611,20.0,1,15082,2,1,0,0,1,0,0,0,0,0,0,0,0,1
3600,19,c4460067a462c5e1,1.98914,17.082001,0,15033,1,0,0,0,0,0,0,0,0,0,0,0,0,0
3601,19,69c27ed3aef6a6d7,1.494366,19.790758,1,15005,1,1,0,0,1,0,0,0,0,0,0,0,0,1
3602,19,001247b6f86a6f2f,1.122662,20.0,1,15051,1,1,0,0,1,0,0,0,0,0,0,0,0,1
3603,19,6c4c9d0ee648a2f0,0.843414,19.875711,1,15006,1,1,0,0,1,0,0,0,0,0,0,0,0,0
3604,19,319cc7c22c364c9e,1.67841,20.0,1,15026,2,1,0,0,1,0,0,0,0,0,0,0,0,1
3605,19,a53bba5bea3f35b1,2.30458,19.937372,1,14893,1,0,0,0,0,0,0,0,0,0,0,0,0,1
3606,19,29f3df08a6232b20,1.731345,20.0,1,14868,1,1,0,0,1,0,0,0,0,0,0,0,0,1
3607,19,bde2ffdb543c0ff1,1.301996,20.0,1,14983,1,1,0,0,1,0,0,0,0,0,0,0,0,1
3608,19,a2aa508cd48c82c0,2.021794,17.622447,0,14779,1,0,0,0,0,0,0,0,0,0,0,0,0,0
3609,19,3bd60a5b20fe261a,1.518898,20.0,1,14938,1,1,0,0,1,0,0,0,0,0,0,0,0,1
3610,19,d76c71164c540636,2.184745,20.0,1,14934,2,1,0,0,1,0,0,0,0,0,0,0,0,1
3611,19,dd7e330da7badc73,1.642959,20.0,1,14601,1,1,0,0,1,0,0,0,0,0,0,0,0,0
3612,19,9668c027bcbdb625,1.234294,20.0,1,14712,1,1,0,0,1,0,0,0,0,0,0,0,0,1
3613,19,bd519aff8139d57a,3.014586,20.0,1,14496,2,0,0,0,0,0,0,0,0,0,0,0,0,1
3614,19,54e3da760208f447,2.267011,20.0,1,14431,1,1,0,0,1,0,0,0,0,0,0,0,0,1
3615,19,fae2fc6923b57a08,1.703121,20.0,1,14474,1,1,0,0,1,0,0,0,0,0,0,0,0,0
3616,19,b76a0c121e4ae58a,1.279491,18.536672,1,14423,1,1,0,0,0,0,0,0,0,0,0,0,0,1
3617,19,fb6a415da99b2d91,2.004887,20.0,1,14460,1,0,0,0,1,0,0,0,0,0,0,0,0,1
3618,19,5eb49279df5d1935,2.551854,19.185265,1,14541,2,1,0,0,1,0,0,0,0,0,0,0,0,0
3619,19,28797217ef40326a,1.917113,20.0,1,14266,1,1,0,0,1,0,0,0,0,0,0,0,0,1
3620,19,18c5e6afe631c4eb,1.440255,20.0,1,14208,1,1,0,0,1,0,0,0,0,0,0,0,0,1
3621,19,156a463583b47b79,2.127243,17.305967,0,14227,1,0,0,0,0,0,0,0,0,0,0,0,0,0
3622,19,c335ef08cfbe05f1,2.641771,19.959015,1,14027,2,1,0,0,1,0,0,0,0,0,0,0,0,1
3623,19,0f1c3ef5931f80b2,1.984664,20.0,1,14272,1,1,0,0,1,0,0,0,0,0,0,0,0,1
3624,19,c4c689676d6dc6f4,1.491004,20.0,1,14092,1,1,0,0,1,0,0,0,0,0,0,0,0,1
3625,19,332e19cc94dee516,1.121256,20.0,1,14103,1,1,0,0,1,0,0,0,0,0,0,0,0,0
3626,19,5b9d348cf5511246,1.886011,19.341661,1,14259,1,0,0,0,0,0,0,0,0,0,0,0,0,1
3627,19,20a366aaa4dbebc3,1.41689,18.009511,1,14375,1,1,0,0,1,0,0,0,0,0,0,0,0,0
3628,19,9a8fef16e589a03c,1.065521,20.0,1,14132,1,1,0,0,1,0,0,0,0,0,0,0,0,1
3629,19,28745f2bf4d33fdf,2.887793,18.883043,1,14103,2,0,0,0,0,0,0,0,0,0,0,0,0,1
3630,19,ae3f96e37517ba81,2.169491,17.664969,1,13958,1,1,0,0,1,0,0,0,0,0,0,0,0,0
3631,19,d56ae6f0cd4e6d16,1.629857,16.749875,1,13797,1,1,0,0,0,0,0,0,0,0,0,0,0,1
3632,19,8bf3152732956f6d,2.269827,16.076647,1,13794,1,0,0,0,1,0,0,0,0,0,0,0,0,0
3633,19,a46e758ef3ad8a16,1.705236,19.035473,1,13794,1,1,0,0,1,0,0,0,0,0,0,0,0,1
3634,19,53520bac9be84ce5,2.324733,17.779484,1,13994,1,0,0,0,0,0,0,0,0,0,0,0,0,1
3635,19,7585dd79dc66eb1f,1.748233,16.850927,1,13696,1,1,0,0,1,0,0,0,0,0,0,0,0,0
3636,19,8842b9d100546933,2.357035,16.138316,1,13772,1,0,0,0,0,0,0,0,0,0,0,0,0,1
3637,19,0a9252de2fa32477,2.814406,19.081802,1,13804,2,1,0,0,1,0,0,0,0,0,0,0,0,1
3638,19,0fbc1ef5f31b140e,2.114358,17.814289,1,13657,1,1,0,0,1,0,0,0,0,0,0,0,0,0
3639,19,de5f561d55dc0caa,1.590027,16.877101,1,13660,1,1,0,0,0,0,0,0,0,0,0,0,0,1
3640,19,7a6f0e69c96231af,2.238181,19.636824,1,13640,1,0,0,0,1,0,0,0,0,0,0,0,0,1
3641,19,7cfb0f8dbb4e15bf,1.681462,18.231257,1,13681,1,1,0,0,1,0,0,0,0,0,0,0,0,0
3642,19,135bafb562374559,2.308634,17.190666,1,13459,1,0,0,0,0,0,0,0,0,0,0,0,0,1
3643,19,e4024dcae5ce739c,1.73439,16.39355,1,13321,1,1,0,0,1,0,0,0,0,0,0,0,0,0
3644,19,53a513b671f9d5ea,3.390289,15.794705,1,13479,2,0,0,0,0,0,0,0,0,0,0,0,0,1
3645,19,b38b06f9cfe18e72,2.546998,18.823661,1,13479,1,1,0,0,1,0,0,0,0,0,0,0,0,1
3646,19,7600f89de772ccd4,1.915379,20.0,1,13562,1,1,0,0,1,0,0,0,0,0,0,0,0,1
3647,19,e0dc3b47365ceeaa,1.438952,15.864161,0,13444,1,1,0,0,0,0,0,0,0,0,0,0,0,0
3648,19,2ba5efb1b9439e90,2.124684,18.87584,1,13451,1,0,0,0,1,0,0,0,0,0,0,0,0,1
3649,19,dda1713a01b75506,1.597793,20.0,1,13310,1,1,0,0,1,0,0,0,0,0,0,0,0,1
3650,19,bfa08543740e614d,2.244015,20.0,1,13435,2,1,0,0,1,0,0,0,0,0,0,0,0,1
3651,19,52e10fc0babb4eea,2.729498,17.167349,0,13378,1,0,0,0,0,0,0,0,0,0,0,0,0,0
3652,19,c8a21cbbe737395f,2.05057,19.854877,1,13272,1,1,0,0,1,0,0,0,0,0,0,0,0,1
3653,19,5ec401aac571529b,1.542058,20.0,1,13109,1,1,0,0,1,0,0,0,0,0,0,0,0,1
3654,19,4f6fd3509554f2bc,2.202144,16.446757,0,13189,1,0,0,0,0,0,0,0,0,0,0,0,0,0
3655,19,5bd33c278e4c71a8,1.654388,19.313522,1,13148,1,1,0,0,1,0,0,0,0,0,0,0,0,1
3656,19,0039f0d688fa3e57,1.244124,18.004546,1,13199,1,1,0,0,1,0,0,0,0,0,0,0,0,0
3657,19,c99e047e52c151a6,0.934664,20.0,1,13249,1,1,0,0,1,0,0,0,0,0,0,0,0,1
3658,19,50d33b6b683939c1,2.789485,18.867581,1,14119,2,0,0,0,0,0,0,0,0,0,0,0,0,1
3659,19,f4b78c421d167f51,1.051982,17.653353,1,14037,0,1,0,0,1,0,0,0,0,0,0,0,0,0
3660,19,1c32cf88e3870692,1.835256,16.756075,1,13930,1,0,0,0,0,0,0,0,0,0,0,0,0,1
3661,19,351ea773a2a8bb1c,1.378759,16.067057,1,13915,1,1,0,0,1,0,0,0,0,0,0,0,0,0
3662,19,9b90d7099bad3a77,3.123117,15.549424,1,16393,2,0,0,0,0,0,0,0,0,0,0,0,0,1
3663,19,1766bd1ed69774d8,2.348628,18.654392,1,16731,1,1,0,0,1,0,0,0,0,0,0,0,0,1
3664,19,f774c1fc0c589848,1.764437,20.0,1,16596,1,1,0,0,1,0,0,0,0,0,0,0,0,1
3665,19,b5d704f8e16c1be7,2.369209,15.755507,0,16534,1,0,0,0,0,0,0,0,0,0,0,0,0,0
3666,19,5aa7ade52df661d2,1.779898,15.315368,1,16503,1,1,0,0,0,0,0,0,0,0,0,0,0,1
3667,19,bf234fd6746762b8,3.42681,18.478378,1,16608,2,0,0,0,1,0,0,0,0,0,0,0,0,1
3668,19,a9c04bbcccd9ff60,2.574434,17.360959,1,16843,1,1,0,0,1,0,0,0,0,0,0,0,0,0
3669,19,a1498b09de3c8721,1.934076,20.0,1,16654,1,1,0,0,1,0,0,0,0,0,0,0,0,1
3670,19,a1eae7fe0a94329d,3.542754,18.521034,1,16417,2,0,0,0,0,0,0,0,0,0,0,0,0,1
3671,19,223b6d0c60e6dcf4,2.661538,20.0,1,16097,1,1,0,0,1,0,0,0,0,0,0,0,0,1
3672,19,ef6ed78008f0a3da,1.999514,20.0,1,15514,1,1,0,0,1,0,0,0,0,0,0,0,0,1
3673,19,7f1c742c4f58648f,3.589467,20.0,1,15096,2,0,0,0,0,0,0,0,0,0,0,0,0,1
3674,19,4df19c7e42379ffc,2.69933,18.886171,1,13787,1,1,0,0,1,0,0,0,0,0,0,0,0,0
3675,19,bf83086c8b2a376e,2.027906,20.0,1,12148,1,1,0,0,1,0,0,0,0,0,0,0,0,1
3676,19,d4e774755467217d,1.52349,19.365167,1,12546,1,1,0,0,1,0,0,0,0,0,0,0,0,0
3677,19,1b723bb2d256d78a,1.145686,20.0,1,12693,1,1,0,0,1,0,0,0,0,0,0,0,0,1
3678,19,4e20c0b1849bab64,1.904365,19.648935,1,12840,1,0,0,0,0,0,0,0,0,0,0,0,0,1
3679,19,7a969a7e57e8e7dd,1.430678,18.240354,1,12872,1,1,0,0,1,0,0,0,0,0,0,0,0,0
3680,20,1fd48474a6be9a50,1.074815,20.0,1,13919,1,1,0,0,1,0,0,0,0,0,0,0,0,1
3681,20,0b198662efcfc49a,0.808276,20.0,1,14147,1,1,0,0,1,0,0,0,0,0,0,0,0,1
3682,20,fcbdd03152747088,1.650881,16.902176,0,14330,1,0,0,0,0,0,0,0,0,0,0,0,0,0
3683,20,c7b8a2a9fab59ea4,2.283899,19.655662,1,14212,2,1,0,0,1,0,0,0,0,0,0,0,0,1
3684,20,241e6acbb414e8f5,2.761675,18.26184,1,14254,1,0,0,0,0,0,0,0,0,0,0,0,0,1
3685,20,fc64a472a0076c97,2.074743,17.198282,1,14037,1,1,0,0,1,0,0,0,0,0,0,0,0,0
3686,20,1e870741cfb1004d,1.558677,19.878115,1,14322,1,1,0,0,1,0,0,0,0,0,0,0,0,1
3687,20,bf57db00a494f005,2.214629,14.933685,0,14066,1,0,0,0,0,0,0,0,0,0,0,0,0,0
3688,20,b9cebc1ba6e23f90,1.665433,18.191347,1,14005,1,1,0,0,1,0,0,0,0,0,0,0,0,1
3689,20,e665c14bbc29de1b,2.294831,13.666479,0,14191,1,0,0,0,0,0,0,0,0,0,0,0,0,0
3690,20,e769dc1986223560,2.767674,17.224804,1,14279,2,1,0,0,1,0,0,0,0,0,0,0,0,1
3691,20,1dc6f86b0f28f527,2.08133,19.914302,1,14122,1,1,0,0,1,0,0,0,0,0,0,0,0,1
3692,20,83171efae161e4f9,2.607279,18.439715,1,14055,1,0,0,0,0,0,0,0,0,0,0,0,0,1
3693,20,d0f092e334d1b579,1.958751,20.0,1,14080,1,1,0,0,1,0,0,0,0,0,0,0,0,1
3694,20,3c72e9f66e532470,1.471537,19.113189,1,14005,1,1,0,0,1,0,0,0,0,0,0,0,0,0
3695,20,1fdd04fc4bd3a35e,1.106616,20.0,1,14022,1,1,0,0,1,0,0,0,0,0,0,0,0,1
3696,20,1ea3379f3547fd92,1.875013,16.027732,0,13919,1,0,0,0,0,0,0,0,0,0,0,0,0,0
3697,20,f2433026cfae9a47,1.408627,18.998725,1,14109,1,1,0,0,1,0,0,0,0,0,0,0,0,1
3698,20,d0cc26dd4ca1a8f2,1.059308,17.767814,1,14042,1,1,0,0,1,0,0,0,0,0,0,0,0,0
3699,20,38a3c7ee0e61cf29,0.795818,16.827139,1,13866,1,1,0,0,0,0,0,0,0,0,0,0,0,1
3700,20,e64373de38c1d3e1,2.685175,19.599289,1,13912,2,0,0,0,1,0,0,0,0,0,0,0,0,1
3701,20,7addd6445d78c1a4,2.017272,18.203058,1,13872,1,1,0,0,1,0,0,0,0,0,0,0,0,0
3702,20,32a2c7ad3446fe7a,1.517017,20.0,1,13832,1,1,0,0,1,0,0,0,0,0,0,0,0,1
3703,20,c2ddba3954d1d184,1.139678,20.0,1,13844,1,1,0,0,1,0,0,0,0,0,0,0,0,1
3704,20,6665faed5439f816,1.899851,20.0,1,13850,2,1,0,0,0,0,0,0,0,0,0,0,0,1
3705,20,e2ced52540714a46,2.472866,18.791995,1,13843,1,0,0,0,1,0,0,0,0,0,0,0,0,0
3706,20,609fe1b042bd7177,1.857771,20.0,1,13729,1,1,0,0,1,0,0,0,0,0,0,0,0,1
3707,20,a841332a0fc6c3b7,1.395674,20.0,1,13973,1,1,0,0,1,0,0,0,0,0,0,0,0,1
3708,20,55f4672a66ea5f47,2.092171,20.0,1,13971,1,0,0,0,0,0,0,0,0,0,0,0,0,1
3709,20,c0bd9a34ec0d85ea,1.573343,18.97257,1,13852,1,1,0,0,1,0,0,0,0,0,0,0,0,0
3710,20,aabefe6d1a5d48da,1.181993,20.0,1,13762,1,1,0,0,1,0,0,0,0,0,0,0,0,1
3711,20,3a430dc208632016,1.931641,15.935085,0,13819,1,0,0,0,0,0,0,0,0,0,0,0,0,0
3712,20,80aa2168e796d8f4,1.452621,18.944415,1,13853,1,1,0,0,1,0,0,0,0,0,0,0,0,1
3713,20,f7ccb287b0e2aba7,1.0913,17.711075,1,14053,1,1,0,0,1,0,0,0,0,0,0,0,0,0
3714,20,2112fa62c82cb6c3,1.863506,16.784513,1,13813,1,0,0,0,0,0,0,0,0,0,0,0,0,1
3715,20,542d2ce96e80afc1,2.443636,19.567266,1,13947,2,1,0,0,1,0,0,0,0,0,0,0,0,1
3716,20,6e60a9a40289d397,1.837649,18.195365,1,13840,1,1,0,0,1,0,0,0,0,0,0,0,0,0
3717,20,0d28e31d51bf6ee7,2.42421,17.148342,1,13964,1,0,0,0,0,0,0,0,0,0,0,0,0,1
3718,20,1cc2b0b192026c8b,1.821219,19.840597,1,13793,1,1,0,0,1,0,0,0,0,0,0,0,0,1
3719,20,1248b02762c2799a,2.413733,14.920412,0,13791,1,0,0,0,0,0,0,0,0,0,0,0,0,0
3720,20,3686db50da6353c5,2.857001,18.166837,1,13900,2,1,0,0,1,0,0,0,0,0,0,0,0,1
3721,20,07a5e51a719ae67e,2.146358,20.0,1,13960,1,1,0,0,1,0,0,0,0,0,0,0,0,1
3722,20,f655ac8ba190f916,2.656132,18.959177,1,13871,1,0,0,0,0,0,0,0,0,0,0,0,0,1
3723,20,325ebdd9684b3bb7,1.997449,17.738073,1,14033,1,1,0,0,1,0,0,0,0,0,0,0,0,0
3724,20,593a63171182bcc9,1.500609,20.0,1,13886,1,1,0,0,1,0,0,0,0,0,0,0,0,1
3725,20,fea3afae1d5e82a1,1.127351,20.0,1,13956,1,1,0,0,1,0,0,0,0,0,0,0,0,1
3726,20,75c8e4d4eb1f954a,1.891935,20.0,1,13909,1,0,0,0,0,0,0,0,0,0,0,0,0,1
3727,20,ed24118e49d88808,2.464993,18.633489,1,14037,2,1,0,0,1,0,0,0,0,0,0,0,0,0
3728,20,5f042e16c0d0227a,1.851857,20.0,1,13947,1,1,0,0,1,0,0,0,0,0,0,0,0,1
3729,20,9184a8af73eec352,1.391231,20.0,1,14149,1,1,0,0,1,0,0,0,0,0,0,0,0,1
3730,20,aa78ae7b2bfbcf56,2.090376,20.0,1,13917,1,0,0,0,0,0,0,0,0,0,0,0,0,1
3731,20,326f7b583d7cdea0,1.570421,18.919002,1,13855,1,1,0,0,1,0,0,0,0,0,0,0,0,0
3732,20,ae21bc53077fff73,1.179799,20.0,1,15116,1,1,0,0,1,0,0,0,0,0,0,0,0,1
3733,20,80d6d8d47dd11747,0.887226,20.0,1,14666,1,1,0,0,1,0,0,0,0,0,0,0,0,1
3734,20,46ce0e9108a1f8f0,0.666539,20.0,1,14267,1,1,0,0,1,0,0,0,0,0,0,0,0,0
3735,20,6b08240ca1e3cced,0.500746,19.006738,1,15414,1,1,0,0,0,0,0,0,0,0,0,0,0,1
3736,20,5919baaa355e80a1,1.419845,20.0,1,14965,1,0,0,0,1,0,0,0,0,0,0,0,0,1
3737,20,ba97b9556e50cbe2,1.067744,19.450833,1,14505,1,1,0,0,1,0,0,0,0,0,0,0,0,0
3738,20,0d797e10312d0a21,1.845809,20.0,1,14523,2,1,0,0,1,0,0,0,0,0,0,0,0,1
3739,20,35a728c22689f2d3,2.430341,19.683859,1,14256,1,0,0,0,0,0,0,0,0,0,0,0,0,1
3740,20,e257f06f391c1e1e,1.827651,20.0,1,14337,1,1,0,0,1,0,0,0,0,0,0,0,0,1
3741,20,d2dfa6aef87de053,1.373046,19.828983,1,14679,1,1,0,0,1,0,0,0,0,0,0,0,0,0
3742,20,12c41d3898fc38fe,2.075171,18.375618,1,14584,1,0,0,0,0,0,0,0,0,0,0,0,0,1
3743,20,03deb03d15b143d0,2.602652,20.0,1,14556,2,1,0,0,1,0,0,0,0,0,0,0,0,1
3744,20,739a2aa79eb72619,1.957231,19.094276,1,14387,1,1,0,0,1,0,0,0,0,0,0,0,0,0
3745,20,d588a1fd82aa935f,1.470395,14.344816,0,14504,0,0,0,0,0,0,0,0,0,0,0,0,0,0
3746,20,4eab43b5271ff955,2.148306,17.734413,1,14508,2,1,0,0,1,0,0,0,0,0,0,0,0,1
3747,20,ebd9701e9765a989,2.659707,16.817033,1,13960,1,0,0,0,0,0,0,0,0,0,0,0,0,1
3748,20,6cae7daf6552cf36,1.998139,19.591697,1,13730,1,1,0,0,1,0,0,0,0,0,0,0,0,1
3749,20,54a68e1f36c35796,1.501127,18.197354,1,14058,1,1,0,0,1,0,0,0,0,0,0,0,0,0
3750,20,74e310726eb81506,1.12774,20.0,1,13874,1,1,0,0,1,0,0,0,0,0,0,0,0,1
3751,20,54930fcf028bbf83,1.892227,18.993564,1,13781,1,0,0,0,0,0,0,0,0,0,0,0,0,1
3752,20,59e8597eb8510bc2,2.465213,20.0,1,13570,2,1,0,0,1,0,0,0,0,0,0,0,0,1
3753,20,1b5417e10524238f,1.852022,20.0,1,13545,1,1,0,0,1,0,0,0,0,0,0,0,0,1
3754,20,dcb79c4e02306239,1.392747,20.0,1,13526,1,1,0,0,1,0,0,0,0,0,0,0,0,0
3755,20,dae612cf29bf49bd,3.133626,19.033816,1,13716,2,0,0,0,0,0,0,0,0,0,0,0,0,1
3756,20,2546fedada8ef622,2.354176,20.0,1,13728,1,1,0,0,1,0,0,0,0,0,0,0,0,1
3757,20,d2a50df63c9b5616,1.768604,19.448496,1,13702,1,1,0,0,0,0,0,0,0,0,0,0,0,1
3758,20,83face6a670b2da4,2.374166,20.0,1,13741,1,0,0,0,1,0,0,0,0,0,0,0,0,1
3759,20,7e06b106a0b2d4f5,1.783622,19.696013,1,13931,1,1,0,0,1,0,0,0,0,0,0,0,0,0
3760,20,c2457231479bfd70,1.339969,20.0,1,13691,1,1,0,0,1,0,0,0,0,0,0,0,0,1
3761,20,1a6590a125520d25,1.007676,19.840246,1,13585,1,1,0,0,1,0,0,0,0,0,0,0,0,0
3762,20,362145e99fc73f9d,1.800682,20.0,1,13578,2,1,0,0,1,0,0,0,0,0,0,0,0,1
3763,20,0354fa75e9fe3156,1.352785,19.903642,1,13701,1,1,0,0,0,0,0,0,0,0,0,0,0,1
3764,20,895b5a48e1ff1826,2.05995,18.431707,1,13734,1,0,0,0,1,0,0,0,0,0,0,0,0,0
3765,20,408ede27127609df,1.549112,20.0,1,13523,1,1,0,0,1,0,0,0,0,0,0,0,0,1
3766,20,d7548dceee1758cd,1.16379,20.0,1,13585,1,1,0,0,1,0,0,0,0,0,0,0,0,1
3767,20,0913a9657e8b9035,0.874312,20.0,1,13623,1,1,0,0,1,0,0,0,0,0,0,0,0,0
3768,20,b7ae6319a246987c,1.701646,18.864975,1,13636,1,0,0,0,0,0,0,0,0,0,0,0,0,1
3769,20,a3df570f6defa90e,1.278383,17.651395,1,13584,1,1,0,0,1,0,0,0,0,0,0,0,0,0
3770,20,7d62a69f67668573,2.004054,16.739678,1,13500,1,0,0,0,0,0,0,0,0,0,0,0,0,1
3771,20,a6184ac53f5421ca,1.505571,16.054739,1,13908,1,1,0,0,1,0,0,0,0,0,0,0,0,0
3772,20,207c9d2f36caef47,1.132211,19.034396,1,13661,1,1,0,0,1,0,0,0,0,0,0,0,0,1
3773,20,97e45f13e38ba86e,0.850588,17.778674,1,13732,1,1,0,0,1,0,0,0,0,0,0,0,0,0
3774,20,81c0f8dea6ff765f,1.682668,16.835298,1,13831,1,0,0,0,0,0,0,0,0,0,0,0,0,1
3775,20,6cb4fbf1315fca23,1.26539,16.140886,1,13895,1,1,0,0,1,0,0,0,0,0,0,0,0,0
3776,20,0625da98fbaf99f3,0.950641,19.083733,1,13922,1,1,0,0,1,0,0,0,0,0,0,0,0,1
3777,20,bcfc3a26599ce631,1.757834,14.336895,0,13815,1,0,0,0,0,0,0,0,0,0,0,0,0,0
3778,20,7dd9042445e3fe32,1.320595,17.728463,1,13682,1,1,0,0,1,0,0,0,0,0,0,0,0,1
3779,20,f1bd783ed3a3753e,3.081407,16.812558,1,13790,2,0,0,0,0,0,0,0,0,0,0,0,0,1
3780,20,d023846184d77be4,2.314946,19.588336,1,13751,1,1,0,0,1,0,0,0,0,0,0,0,0,1
3781,20,e86440cb5d43de1a,1.739132,18.194829,1,13816,1,1,0,0,1,0,0,0,0,0,0,0,0,0
3782,20,7f3cea37fa417c3f,1.307852,17.163272,1,13690,1,1,0,0,0,0,0,0,0,0,0,0,0,1
3783,20,dfabbf592f77c42a,2.026194,16.372969,1,13809,1,0,0,0,1,0,0,0,0,0,0,0,0,0
3784,20,7d1b0d0b744cf683,1.522204,19.258089,1,13943,1,1,0,0,1,0,0,0,0,0,0,0,0,1
3785,20,f6162da659a9e045,1.143575,20.0,1,13734,1,1,0,0,1,0,0,0,0,0,0,0,0,1
3786,20,077d6b1964b1e91d,2.948286,19.592837,1,13970,2,0,0,0,0,0,0,0,0,0,0,0,0,1
3787,20,acea9cfb5184bec2,2.214937,20.0,1,14036,1,1,0,0,1,0,0,0,0,0,0,0,0,1
3788,20,3e0e85d85a91379e,1.663999,19.764005,1,14094,1,1,0,0,1,0,0,0,0,0,0,0,0,0
3789,20,b6a1a549d91013ab,1.251351,20.0,1,14258,1,1,0,0,1,0,0,0,0,0,0,0,0,1
3790,20,50679186badecdab,0.940093,19.874263,1,14073,1,1,0,0,0,0,0,0,0,0,0,0,0,1
3791,20,0db762e8e2c55ca8,2.793564,20.0,1,14170,2,0,0,0,1,0,0,0,0,0,0,0,0,1
3792,20,aed65695d4a0a50b,2.0987,19.922841,1,14108,1,1,0,0,1,0,0,0,0,0,0,0,0,0
3793,20,538a8f5c055f7e63,1.578252,20.0,1,14158,1,1,0,0,1,0,0,0,0,0,0,0,0,1
3794,20,bb9cfc40807705c8,1.185682,19.963998,1,14110,1,1,0,0,1,0,0,0,0,0,0,0,0,0
3795,20,7dbe7209e90c6256,1.934412,18.47705,1,14261,1,0,0,0,0,0,0,0,0,0,0,0,0,1
3796,20,131b1e355591d43a,1.454705,17.375507,1,14175,1,1,0,0,1,0,0,0,0,0,0,0,0,0
3797,20,22b2386469d76d70,1.092866,20.0,1,14263,1,1,0,0,1,0,0,0,0,0,0,0,0,1
3798,20,3e87af46d42e752d,0.821029,18.512554,1,14299,1,1,0,0,1,0,0,0,0,0,0,0,0,0
3799,20,1425408a3fd59623,1.660462,17.386635,1,14659,1,0,0,0,0,0,0,0,0,0,0,0,0,1
3800,20,b23eef505d75d4be,1.248691,16.555499,1,14665,1,1,0,0,1,0,0,0,0,0,0,0,0,0
3801,20,ed016399fe55aa5d,0.938095,19.395216,1,14899,1,1,0,0,1,0,0,0,0,0,0,0,0,1
3802,20,cca435cf02ba5de8,1.748409,14.570901,0,14926,1,0,0,0,0,0,0,0,0,0,0,0,0,0
3803,20,2d354fd8f6f51ed9,1.314828,17.918529,1,14678,1,1,0,0,1,0,0,0,0,0,0,0,0,1
3804,20,d8419ad3b643d81d,2.031435,20.0,1,14633,2,1,0,0,1,0,0,0,0,0,0,0,0,1
3805,20,f75c9557093c0148,1.526141,18.819033,1,14694,1,1,0,0,1,0,0,0,0,0,0,0,0,0
3806,20,dc3ebe85ede7a9e2,2.190186,17.616881,1,14627,1,0,0,0,0,0,0,0,0,0,0,0,0,1
3807,20,c89a61001410183a,1.647051,16.728647,1,14684,1,1,0,0,1,0,0,0,0,0,0,0,0,0
3808,20,6a6d312c77a9fe8e,3.324675,16.046452,1,14608,2,0,0,0,0,0,0,0,0,0,0,0,0,1
3809,20,c2fab97f40167c66,2.497704,19.012788,1,14838,1,1,0,0,1,0,0,0,0,0,0,0,0,1
3810,20,a6a3125414c42f3c,1.878309,20.0,1,14586,1,1,0,0,1,0,0,0,0,0,0,0,0,1
3811,20,aea3ce58d5078903,1.411103,20.0,1,14681,1,1,0,0,1,0,0,0,0,0,0,0,0,1
3812,20,9efeaae3c2c4d644,2.103762,20.0,1,14552,1,0,0,0,0,0,0,0,0,0,0,0,0,1
3813,20,2d6d8f0cf2cc2b6d,2.624131,19.033226,1,14457,2,1,0,0,1,0,0,0,0,0,0,0,0,0
3814,20,d3867643d57d8110,1.973384,20.0,1,14268,1,1,0,0,1,0,0,0,0,0,0,0,0,1
3815,20,749d1b8aabee65b9,1.48253,19.461401,1,14294,1,1,0,0,1,0,0,0,0,0,0,0,0,0
3816,20,52ce7b3c72646e88,2.157423,18.099468,1,14278,1,0,0,0,0,0,0,0,0,0,0,0,0,1
3817,20,9416c3e0bcaa5a89,2.666563,20.0,1,14142,2,1,0,0,1,0,0,0,0,0,0,0,0,1
3818,20,5fd7c08e3d608250,2.003289,20.0,1,14508,1,1,0,0,1,0,0,0,0,0,0,0,0,1
3819,20,ef119a8b81e9ece7,1.504996,20.0,1,14208,1,1,0,0,1,0,0,0,0,0,0,0,0,0
3820,20,f2b316b080950a72,1.130647,20.0,1,14260,1,1,0,0,1,0,0,0,0,0,0,0,0,1
3821,20,66cc977ce6542456,1.894413,16.710394,0,14095,1,0,0,0,0,0,0,0,0,0,0,0,0,0
3822,20,dbca66b99946930c,2.466855,19.511584,1,14174,2,1,0,0,1,0,0,0,0,0,0,0,0,1
3823,20,49a5876e1ccb7da8,1.853256,20.0,1,14095,1,1,0,0,1,0,0,0,0,0,0,0,0,1
3824,20,9ab0d2ad5060c560,1.393675,19.736051,1,14133,1,1,0,0,0,0,0,0,0,0,0,0,0,1
3825,20,db08f0a98d226fae,2.090669,20.0,1,14065,1,0,0,0,1,0,0,0,0,0,0,0,0,1
3826,20,00e7d1693420bc27,1.570642,19.844835,1,14133,1,1,0,0,1,0,0,0,0,0,0,0,0,0
3827,21,1fd48474a6be9a50,1.179964,18.387527,1,13912,1,1,0,0,0,0,0,0,0,0,0,0,0,1
3828,21,0b198662efcfc49a,1.931501,17.308184,1,14092,1,0,0,0,1,0,0,0,0,0,0,0,0,0
3829,21,fcbdd03152747088,2.494718,19.960681,1,14327,2,1,0,0,1,0,0,0,0,0,0,0,0,1
3830,21,c7b8a2a9fab59ea4,2.917841,18.474558,1,14181,1,0,0,0,0,0,0,0,0,0,0,0,0,1
3831,21,241e6acbb414e8f5,2.194258,17.373633,1,14328,1,1,0,0,1,0,0,0,0,0,0,0,0,0
3832,21,fc64a472a0076c97,1.648464,20.0,1,14069,1,1,0,0,1,0,0,0,0,0,0,0,0,1
3833,21,1e870741cfb1004d,2.282083,15.032652,0,14091,1,0,0,0,0,0,0,0,0,0,0,0,0,0
3834,21,bf57db00a494f005,1.714444,18.251159,1,14212,1,1,0,0,1,0,0,0,0,0,0,0,0,1
3835,21,b9cebc1ba6e23f90,1.289286,20.0,1,14003,1,1,0,0,1,0,0,0,0,0,0,0,0,1
3836,21,e665c14bbc29de1b,2.012246,19.019564,1,14183,2,1,0,0,0,0,0,0,0,0,0,0,0,1
3837,21,e769dc1986223560,2.555378,20.0,1,14193,1,0,0,0,1,0,0,0,0,0,0,0,0,1
3838,21,1dc6f86b0f28f527,1.921681,19.45808,1,14072,1,1,0,0,1,0,0,0,0,0,0,0,0,0
3839,21,83171efae161e4f9,1.443687,20.0,1,14255,1,1,0,0,1,0,0,0,0,0,0,0,0,1
3840,21,d0f092e334d1b579,2.128241,19.687949,1,14109,1,0,0,0,0,0,0,0,0,0,0,0,0,1
3841,21,3c72e9f66e532470,1.598868,18.269665,1,13903,1,1,0,0,1,0,0,0,0,0,0,0,0,0
3842,21,1fdd04fc4bd3a35e,2.246522,20.0,1,13963,2,1,0,0,1,0,0,0,0,0,0,0,0,1
3843,21,1ea3379f3547fd92,1.687728,20.0,1,13958,1,1,0,0,1,0,0,0,0,0,0,0,0,1
3844,21,f2433026cfae9a47,2.31158,16.910068,0,14115,1,0,0,0,0,0,0,0,0,0,0,0,0,0
3845,21,d0cc26dd4ca1a8f2,1.738341,19.677616,1,13963,1,1,0,0,1,0,0,0,0,0,0,0,0,1
3846,21,38a3c7ee0e61cf29,1.305951,20.0,1,14071,1,1,0,0,1,0,0,0,0,0,0,0,0,1
3847,21,e64373de38c1d3e1,0.981112,19.811854,1,13927,1,1,0,0,1,0,0,0,0,0,0,0,0,0
3848,21,7addd6445d78c1a4,1.780726,18.36275,1,13887,1,0,0,0,0,0,0,0,0,0,0,0,0,1
3849,21,32a2c7ad3446fe7a,1.339131,17.289551,1,13781,1,1,0,0,1,0,0,0,0,0,0,0,0,0
3850,21,c2ddba3954d1d184,1.006039,19.946683,1,13914,1,1,0,0,1,0,0,0,0,0,0,0,0,1
3851,21,6665faed5439f816,1.799453,14.985197,0,13961,1,0,0,0,0,0,0,0,0,0,0,0,0,0
3852,21,e2ced52540714a46,2.397365,18.230085,1,13833,2,1,0,0,1,0,0,0,0,0,0,0,0,1
3853,21,609fe1b042bd7177,1.801051,20.0,1,13812,1,1,0,0,1,0,0,0,0,0,0,0,0,1
3854,21,a841332a0fc6c3b7,1.353062,18.994875,1,13929,1,1,0,0,0,0,0,0,0,0,0,0,0,1
3855,21,55f4672a66ea5f47,2.060158,17.748984,1,13875,1,0,0,0,1,0,0,0,0,0,0,0,0,0
3856,21,c0bd9a34ec0d85ea,1.549268,20.0,1,13848,1,1,0,0,1,0,0,0,0,0,0,0,0,1
3857,21,aabefe6d1a5d48da,1.163907,15.257011,0,13793,1,1,0,0,0,0,0,0,0,0,0,0,0,0
3858,21,3a430dc208632016,1.918053,18.419711,1,13774,1,0,0,0,1,0,0,0,0,0,0,0,0,1
3859,21,80aa2168e796d8f4,1.442404,17.332387,1,13899,1,1,0,0,1,0,0,0,0,0,0,0,0,0
3860,21,f7ccb287b0e2aba7,2.127277,16.500019,1,14043,1,0,0,0,0,0,0,0,0,0,0,0,0,1
3861,21,2112fa62c82cb6c3,1.598144,15.874692,1,13867,1,1,0,0,1,0,0,0,0,0,0,0,0,0
3862,21,542d2ce96e80afc1,2.244279,15.404907,1,13957,2,1,0,0,0,0,0,0,0,0,0,0,0,1
3863,21,6e60a9a40289d397,2.73188,18.545713,1,13901,1,0,0,0,1,0,0,0,0,0,0,0,0,1
3864,21,0d28e31d51bf6ee7,2.05236,20.0,1,14023,1,1,0,0,1,0,0,0,0,0,0,0,0,1
3865,21,1cc2b0b192026c8b,2.585514,19.173014,1,13869,1,0,0,0,0,0,0,0,0,0,0,0,0,1
3866,21,7d01ae1e8db8a382,1.944344,17.898881,1,13892,1,1,0,0,1,0,0,0,0,0,0,0,0,0
3867,21,ae8f6f48ea3451f4,1.460713,20.0,1,13932,1,1,0,0,1,0,0,0,0,0,0,0,0,1
3868,21,53b3d64cb235b86c,1.097379,18.807945,1,13929,1,1,0,0,1,0,0,0,0,0,0,0,0,0
3869,21,c72ded44d387faec,1.868073,17.60855,1,13970,1,0,0,0,0,0,0,0,0,0,0,0,0,1
3870,21,98cc1398a152d783,1.404818,20.0,1,13859,1,1,0,0,1,0,0,0,0,0,0,0,0,1
3871,21,4a2943a0ae4c6ac0,2.09904,18.656516,1,13958,2,1,0,0,1,0,0,0,0,0,0,0,0,0
3872,21,e6cf52e807b341f2,1.57693,17.494788,1,13959,1,1,0,0,0,0,0,0,0,0,0,0,0,1
3873,21,e0ac56dff56b6402,2.230025,16.636831,1,13902,1,0,0,0,1,0,0,0,0,0,0,0,0,0
3874,21,b2139f9cf510519a,1.675334,19.456319,1,14126,1,1,0,0,1,0,0,0,0,0,0,0,0,1
3875,21,07b23dae0886b303,2.302269,20.0,1,13903,2,1,0,0,1,0,0,0,0,0,0,0,0,1
3876,21,495cbbb5cbb37cdd,2.773262,19.686955,1,14147,1,0,0,0,0,0,0,0,0,0,0,0,0,1
3877,21,9b4dafa46793fdff,2.085533,20.0,1,13867,1,1,0,0,1,0,0,0,0,0,0,0,0,1
3878,21,620bd23daf4bf83f,1.566783,19.830732,1,13927,1,1,0,0,1,0,0,0,0,0,0,0,0,0
3879,21,91efb63a31f48e3d,2.220719,18.376932,1,13948,2,1,0,0,0,0,0,0,0,0,0,0,0,1
3880,21,da56ec8f83f624b7,2.714163,20.0,1,13874,1,0,0,0,1,0,0,0,0,0,0,0,0,1
3881,21,e81d6c7c63fe7312,2.039049,20.0,1,14117,1,1,0,0,1,0,0,0,0,0,0,0,0,1
3882,21,991343d40aba475d,1.531861,20.0,1,14140,1,1,0,0,1,0,0,0,0,0,0,0,0,0
3883,21,fa22d01f031baa44,2.194483,18.830476,1,14050,1,0,0,0,0,0,0,0,0,0,0,0,0,1
3884,21,1aadfdf4740874b4,1.650283,17.641288,1,13946,1,1,0,0,1,0,0,0,0,0,0,0,0,0
3885,21,123eaaf2169f668d,1.239796,20.0,1,15112,1,1,0,0,1,0,0,0,0,0,0,0,0,1
3886,21,6117fd295799ba96,0.931412,18.66256,1,15426,1,1,0,0,1,0,0,0,0,0,0,0,0,0
3887,21,46ef0ecc32a249d7,1.744586,17.515013,1,14828,1,0,0,0,0,0,0,0,0,0,0,0,0,1
3888,21,356e5d139d72e1a1,1.310642,16.637219,1,15058,1,1,0,0,1,0,0,0,0,0,0,0,0,0
3889,21,20d5dec605056435,0.984636,19.45661,1,15152,1,1,0,0,1,0,0,0,0,0,0,0,0,1
3890,21,da85375312ee3030,0.739721,18.095868,1,17195,1,1,0,0,1,0,0,0,0,0,0,0,0,0
3891,21,4cf16eb81968a51a,2.644581,17.088852,1,17124,2,0,0,0,0,0,0,0,0,0,0,0,0,1
3892,21,5ebc7d620bd82bcc,1.986775,19.795905,1,17054,1,1,0,0,1,0,0,0,0,0,0,0,0,1
3893,21,d2fbf53c1c574ac9,1.49259,14.871923,0,17033,1,1,0,0,0,0,0,0,0,0,0,0,0,0
3894,21,f5bb0f581fd44584,3.21075,18.144902,1,17012,2,0,0,0,1,0,0,0,0,0,0,0,0,1
3895,21,c911a67ab2222316,2.412116,20.0,1,16672,1,1,0,0,1,0,0,0,0,0,0,0,0,1
3896,21,71bba3c21874ddd7,2.855786,18.946797,1,16733,1,0,0,0,0,0,0,0,0,0,0,0,0,1
3897,21,d36293c4e6fe2c5a,3.189099,20.0,1,16549,2,1,0,0,1,0,0,0,0,0,0,0,0,1
3898,21,ad07164deda2898a,2.398248,20.0,1,16126,1,1,0,0,1,0,0,0,0,0,0,0,0,1
3899,21,ba3f9ff887dcea54,2.845367,20.0,1,15943,2,1,0,0,1,0,0,0,0,0,0,0,0,1
3900,21,e60cbb3b9ddc6c0d,3.181271,18.150282,0,15872,1,0,0,0,0,0,0,0,0,0,0,0,0,0
3901,21,bbf2a9abe5e96fb0,2.392361,20.0,1,15807,1,1,0,0,1,0,0,0,0,0,0,0,0,1
3902,21,04ce30f7c5f62dd6,2.840945,20.0,1,14783,2,1,0,0,1,0,0,0,0,0,0,0,0,1
3903,21,ab27c423b1912c59,3.177949,20.0,1,13602,1,0,0,0,0,0,0,0,0,0,0,0,0,1
3904,21,86c5ef81418af334,2.387474,18.758206,1,14085,1,1,0,0,1,0,0,0,0,0,0,0,0,0
3905,21,3988ecbb5b8864fb,1.795415,20.0,1,13969,1,1,0,0,1,0,0,0,0,0,0,0,0,1
3906,21,deed21d630410e3d,2.392481,20.0,1,14058,2,1,0,0,1,0,0,0,0,0,0,0,0,1
3907,21,a1f5cb1235383d72,2.841035,20.0,1,13831,1,0,0,0,0,0,0,0,0,0,0,0,0,1
3908,21,2959b75edaba204a,2.136499,20.0,1,13810,1,1,0,0,1,0,0,0,0,0,0,0,0,1
3909,21,2991d35cd7607fb6,1.605072,20.0,1,13942,1,1,0,0,1,0,0,0,0,0,0,0,0,0
3910,21,ee5e61d844b8a5e7,2.249484,18.762874,1,14014,1,0,0,0,0,0,0,0,0,0,0,0,0,1
3911,21,8591d4e342e8ce8b,1.689953,17.57469,1,13842,1,1,0,0,1,0,0,0,0,0,0,0,0,0
3912,21,1fb1f319354acd1c,1.270869,20.0,1,13903,1,1,0,0,1,0,0,0,0,0,0,0,0,1
3913,21,86dc83bc1d05e38e,0.954756,18.637387,1,13811,1,1,0,0,1,0,0,0,0,0,0,0,0,0
3914,21,16a04af76f08a30a,0.717273,20.0,1,14019,1,1,0,0,1,0,0,0,0,0,0,0,0,1
3915,21,b27aede1e93acf19,1.58355,19.242165,1,13922,1,0,0,0,0,0,0,0,0,0,0,0,0,1
3916,21,df8a47ac17b895cd,1.189662,17.934764,1,14245,1,1,0,0,1,0,0,0,0,0,0,0,0,0
3917,21,b9d6cf45fd800f6f,0.893748,20.0,1,14508,1,1,0,0,1,0,0,0,0,0,0,0,0,1
3918,21,62199122c780c4ee,1.715093,18.828196,1,13973,1,0,0,0,0,0,0,0,0,0,0,0,0,1
3919,21,2aee4b476bbf7fff,1.289774,17.639574,1,14190,1,1,0,0,1,0,0,0,0,0,0,0,0,0
3920,21,5779dc931f7dd903,2.012613,16.730797,1,14151,1,0,0,0,0,0,0,0,0,0,0,0,0,1
3921,21,ed35bdc2708ca9d3,2.555654,19.526911,1,14033,2,1,0,0,1,0,0,0,0,0,0,0,0,1
3922,21,c1645d3fc9e09df2,1.921888,20.0,1,13886,1,1,0,0,1,0,0,0,0,0,0,0,0,1
3923,21,dd726a35e0339f24,2.487496,19.740314,1,14193,1,0,0,0,0,0,0,0,0,0,0,0,0,1
3924,21,44c0a2f07465e6cf,1.868763,18.309004,1,13930,1,1,0,0,1,0,0,0,0,0,0,0,0,0
3925,21,c35a70b87df4af64,3.491238,17.233715,1,14000,2,0,0,0,0,0,0,0,0,0,0,0,0,1
3926,21,59147bdc1e63f399,2.625461,19.921003,1,13963,1,1,0,0,1,0,0,0,0,0,0,0,0,1
3927,21,08e87b316d0cfad1,1.972411,18.444749,1,13898,1,1,0,0,1,0,0,0,0,0,0,0,0,0
3928,21,b327c2e66b8161f5,1.481798,20.0,1,14011,1,1,0,0,1,0,0,0,0,0,0,0,0,1
3929,21,38618be9121d096a,2.158484,19.133332,1,13817,1,0,0,0,0,0,0,0,0,0,0,0,0,1
3930,21,e6fae64d01226473,1.621588,17.853002,1,13893,1,1,0,0,1,0,0,0,0,0,0,0,0,0
3931,21,68c6a3aa9f8feb8e,1.218239,16.891137,1,13925,1,1,0,0,0,0,0,0,0,0,0,0,0,1
3932,21,7e7efed3c3ac81ed,3.002524,19.647369,1,14141,2,0,0,0,1,0,0,0,0,0,0,0,0,1
3933,21,986224f25541b263,2.257941,20.0,1,13986,1,1,0,0,1,0,0,0,0,0,0,0,0,1
3934,21,022b2005125db237,1.696307,19.808368,1,14154,1,1,0,0,1,0,0,0,0,0,0,0,0,0
3935,21,821a08893dea2f8f,1.274372,20.0,1,14168,1,1,0,0,1,0,0,0,0,0,0,0,0,1
3936,21,8ff00e64d17b544f,2.002496,16.423221,0,14147,1,0,0,0,0,0,0,0,0,0,0,0,0,0
3937,21,09643efa239b2845,1.504401,19.295841,1,13969,1,1,0,0,1,0,0,0,0,0,0,0,0,1
3938,21,170c58bc34cf0221,2.173853,20.0,1,14081,2,1,0,0,1,0,0,0,0,0,0,0,0,1
3939,21,fba90f0a5101d335,1.633135,20.0,1,14016,1,1,0,0,1,0,0,0,0,0,0,0,0,1
3940,21,1bcdd0e2d0def9e9,1.228141,20.0,1,14035,1,1,0,0,1,0,0,0,0,0,0,0,0,0
3941,21,545b127739e28ce4,1.966309,19.1302,1,14040,1,0,0,0,0,0,0,0,0,0,0,0,0,1
3942,21,ed1f0c789ad9009e,1.477215,17.850649,1,14153,1,1,0,0,1,0,0,0,0,0,0,0,0,0
3943,21,fc1575f88b86660f,1.110887,20.0,1,14056,1,1,0,0,1,0,0,0,0,0,0,0,0,1
3944,21,834d234a431d574f,1.878221,20.0,1,14382,2,1,0,0,1,0,0,0,0,0,0,0,0,1
3945,21,669e1c806ba86206,2.454691,20.0,1,14201,1,0,0,0,0,0,0,0,0,0,0,0,0,1
3946,21,8c90821dc7fe5a75,1.844117,18.662664,1,14575,1,1,0,0,1,0,0,0,0,0,0,0,0,0
3947,21,72add8a024647f18,1.386802,20.0,1,14480,1,1,0,0,1,0,0,0,0,0,0,0,0,1
3948,21,936c440833b029a0,2.085506,15.773204,0,14590,1,0,0,0,0,0,0,0,0,0,0,0,0,0
3949,21,2e0b339ee5e3a8d4,1.566763,18.807508,1,14427,1,1,0,0,1,0,0,0,0,0,0,0,0,1
3950,21,417c7fee035958f0,1.178228,20.0,1,14432,1,1,0,0,1,0,0,0,0,0,0,0,0,1
3951,21,01772bd72149e2cf,2.972465,15.855035,0,14449,2,0,0,0,0,0,0,0,0,0,0,0,0,0
3952,21,9539d49ded554990,2.233102,18.868984,1,14404,1,1,0,0,1,0,0,0,0,0,0,0,0,1
3953,21,8ef3a6706706211e,2.721299,17.654407,1,14369,1,0,0,0,0,0,0,0,0,0,0,0,0,1
3954,21,4b80f963f71508f3,3.090607,20.0,1,14303,2,1,0,0,1,0,0,0,0,0,0,0,0,1
3955,21,aec59ed4d31fee1b,2.321857,18.682423,1,15524,1,1,0,0,1,0,0,0,0,0,0,0,0,0
3956,21,a99bacab0767208c,2.787978,17.514251,1,15246,1,0,0,0,0,0,0,0,0,0,0,0,0,1
3957,21,b8ae364e0f1aed30,2.096599,20.0,1,15207,1,1,0,0,1,0,0,0,0,0,0,0,0,1
3958,21,36b8025f09d35b56,1.575096,18.603241,1,17041,1,1,0,0,1,0,0,0,0,0,0,0,0,0
3959,21,c8742fd9e03b2777,3.270618,17.454764,1,17302,2,0,0,0,0,0,0,0,0,0,0,0,0,1
3960,21,98ddab5817b1d713,2.457093,20.0,1,16992,1,1,0,0,1,0,0,0,0,0,0,0,0,1
3961,21,4c7b65d79e232edc,1.847769,20.0,1,16827,1,1,0,0,1,0,0,0,0,0,0,0,0,1
3962,21,908134ad044e5172,2.431813,20.0,1,16722,2,1,0,0,1,0,0,0,0,0,0,0,0,1
3963,21,967bcba4c6633c70,2.870584,20.0,1,16796,1,0,0,0,0,0,0,0,0,0,0,0,0,1
3964,21,dbf7714c5ee78473,3.20287,20.0,1,16628,2,1,0,0,1,0,0,0,0,0,0,0,0,1
3965,21,88a7493d512e0326,2.406197,20.0,1,16442,1,1,0,0,1,0,0,0,0,0,0,0,0,0
3966,21,17ceec02c53deede,2.851339,20.0,1,16511,2,1,0,0,1,0,0,0,0,0,0,0,0,1
3967,21,577ab13c609f5188,2.142104,20.0,1,16268,1,1,0,0,1,0,0,0,0,0,0,0,0,1
3968,21,1fbc5f33efdeb256,2.655044,20.0,1,16242,1,0,0,0,0,0,0,0,0,0,0,0,0,1
3969,21,e8237096bc5f4b0b,1.994635,19.564922,1,16331,1,1,0,0,1,0,0,0,0,0,0,0,0,0
3970,21,ff34691748c7729e,2.542148,20.0,1,14769,2,1,0,0,1,0,0,0,0,0,0,0,0,1
3971,21,d3e65748f2f88ce6,1.911732,20.0,1,13528,1,1,0,0,1,0,0,0,0,0,0,0,0,1
3972,21,a2a46d8193a81223,2.479866,20.0,1,13478,1,0,0,0,0,0,0,0,0,0,0,0,0,1
3973,21,0b28882ff89874c7,1.86303,19.212696,1,13692,1,1,0,0,1,0,0,0,0,0,0,0,0,0
3974,21,cbe08c477f1df244,1.399625,20.0,1,13648,1,1,0,0,1,0,0,0,0,0,0,0,0,1
3975,21,1b55439968875d27,2.096689,20.0,1,13213,2,1,0,0,1,0,0,0,0,0,0,0,0,1
3976,21,846fdcdfc927d857,2.618817,17.31487,0,13487,1,0,0,0,0,0,0,0,0,0,0,0,0,0
3977,21,014d6a361ac71f9c,1.967419,19.965704,1,13446,1,1,0,0,1,0,0,0,0,0,0,0,0,1
3978,21,980f0a9caf569835,1.479527,20.0,1,13377,1,1,0,0,1,0,0,0,0,0,0,0,0,1
3979,21,cafd9468e8ebb074,2.155167,16.50937,0,13330,1,0,0,0,0,0,0,0,0,0,0,0,0,0
3980,21,b7fe82076aa6e0c5,1.619096,19.360561,1,13440,1,1,0,0,1,0,0,0,0,0,0,0,0,1
3981,21,145c4f8ab4946f9a,2.26002,14.544866,0,13787,1,0,0,0,0,0,0,0,0,0,0,0,0,0
3982,21,06384c266334e050,1.699567,17.89895,1,13513,1,1,0,0,1,0,0,0,0,0,0,0,0,1
3983,21,2f898baa6f4e09c2,2.320475,13.446812,0,13339,1,0,0,0,0,0,0,0,0,0,0,0,0,0
3984,21,723390eb54274ca2,1.743286,17.059776,1,13560,1,1,0,0,1,0,0,0,0,0,0,0,0,1
3985,21,5fe2df66af016149,1.310976,16.309697,1,13185,1,1,0,0,1,0,0,0,0,0,0,0,0,0
3986,21,82231884aecd0e85,3.072194,15.73171,1,13277,2,0,0,0,0,0,0,0,0,0,0,0,0,1
3987,21,dc93d9702f0009f6,2.308024,18.776335,1,13571,1,1,0,0,1,0,0,0,0,0,0,0,0,1
3988,21,7395355d45a0bb0e,1.733932,20.0,1,13646,1,1,0,0,1,0,0,0,0,0,0,0,0,1
3989,21,9a7862ea03640c42,2.348092,15.840163,0,13532,1,0,0,0,0,0,0,0,0,0,0,0,0,0
3990,21,f37369e91464dd45,1.764034,18.857811,1,13899,1,1,0,0,1,0,0,0,0,0,0,0,0,1
3991,21,e57beee0ffe93c28,1.325253,17.646013,1,13872,1,1,0,0,1,0,0,0,0,0,0,0,0,0
3992,21,5bbdac573a3dc3af,0.996609,20.0,1,13600,1,1,0,0,1,0,0,0,0,0,0,0,0,1
3993,21,d54f8db4f77e5991,1.792368,18.677681,1,13738,1,0,0,0,0,0,0,0,0,0,0,0,0,1
3994,21,f2267f3cfa05aab7,2.390193,17.510688,1,13760,2,1,0,0,1,0,0,0,0,0,0,0,0,0
3995,21,09a5453af4ad8877,1.795662,20.0,1,13477,1,1,0,0,1,0,0,0,0,0,0,0,0,1
3996,21,d618ecdb677ae3fe,1.350364,18.605625,1,13560,1,1,0,0,0,0,0,0,0,0,0,0,0,1
3997,21,fb6317912c95b5f9,2.058131,17.456555,1,13529,1,0,0,0,1,0,0,0,0,0,0,0,0,0
3998,21,7445909611d7b953,1.546197,20.0,1,13350,1,1,0,0,1,0,0,0,0,0,0,0,0,1
3999,21,ab17cbd47b0dc36d,2.206913,20.0,1,13099,2,1,0,0,1,0,0,0,0,0,0,0,0,1
4000,21,778e344c572d7d76,1.657971,16.569505,0,13139,0,0,0,0,0,0,0,0,0,0,0,0,0,0
4001,21,20c6480230f00b69,2.289225,19.405739,1,13531,2,1,0,0,1,0,0,0,0,0,0,0,0,1
4002,21,543415627251d144,1.719809,20.0,1,13548,1,1,0,0,1,0,0,0,0,0,0,0,0,1
4003,21,5854b9c5d4f31752,1.293321,20.0,1,13569,1,1,0,0,1,0,0,0,0,0,0,0,0,1
4004,21,67e7d99c2526c539,0.971624,17.396804,0,13797,1,1,0,0,0,0,0,0,0,0,0,0,0,0
4005,21,5097185269927c26,1.773598,20.0,1,13690,1,0,0,0,1,0,0,0,0,0,0,0,0,1
4006,21,a81176b0af58d362,1.333771,18.541285,1,13904,1,1,0,0,1,0,0,0,0,0,0,0,0,0
4007,21,0029faf799ca861f,1.002012,20.0,1,13947,1,1,0,0,1,0,0,0,0,0,0,0,0,1
4008,21,209ba2d4972a4a5d,0.752774,19.170514,1,13991,1,1,0,0,1,0,0,0,0,0,0,0,0,0
4009,21,81e534814c0b938e,1.609185,17.880935,1,13947,1,0,0,0,0,0,0,0,0,0,0,0,0,1
4010,21,1dae63a97209d3f8,1.21013,16.92722,1,13693,1,1,0,0,1,0,0,0,0,0,0,0,0,0
4011,21,cc7c4014f200145b,1.952779,16.195632,1,14013,1,0,0,0,0,0,0,0,0,0,0,0,0,1
4012,21,d3b348a72dc19a60,1.46705,19.124862,1,14101,1,1,0,0,1,0,0,0,0,0,0,0,0,1
4013,21,902b970657db6f30,2.147393,17.862671,1,13902,1,0,0,0,0,0,0,0,0,0,0,0,0,1
4014,21,5daaacccef9eca3d,2.656909,16.898401,1,14005,2,1,0,0,1,0,0,0,0,0,0,0,0,0
4015,21,c3b84bd41471b15c,1.996037,19.652826,1,14164,1,1,0,0,1,0,0,0,0,0,0,0,0,1
4016,21,11af85d34c250bda,1.499548,20.0,1,14169,1,1,0,0,1,0,0,0,0,0,0,0,0,1
4017,21,3c1c512c64f923c1,1.127681,19.815848,1,13938,1,1,0,0,0,0,0,0,0,0,0,0,0,1
4018,21,1645d375d64967e3,1.890838,18.36575,1,14008,1,0,0,0,1,0,0,0,0,0,0,0,0,0
4019,21,442efd68f5e5bb27,1.420516,20.0,1,14071,1,1,0,0,1,0,0,0,0,0,0,0,0,1
4020,21,1b8110a34f8adeec,2.112399,20.0,1,14017,2,1,0,0,1,0,0,0,0,0,0,0,0,1
4021,21,d6e7110133403919,2.63062,20.0,1,13991,1,0,0,0,0,0,0,0,0,0,0,0,0,1
4022,21,ee2e2b7af6a45a11,1.976286,18.830327,1,14156,1,1,0,0,1,0,0,0,0,0,0,0,0,0
4023,21,aca5cd94eafffd42,1.48471,20.0,1,14063,1,1,0,0,1,0,0,0,0,0,0,0,0,1
4024,21,a93ae4d4e62c198f,1.116523,19.351168,1,13992,1,1,0,0,1,0,0,0,0,0,0,0,0,0
4025,21,bb33e62f47b5553f,2.926109,18.016654,1,14229,2,0,0,0,0,0,0,0,0,0,0,0,0,1
4026,21,f42c5b77c9b6970b,2.198276,20.0,1,14077,1,1,0,0,1,0,0,0,0,0,0,0,0,1
4027,21,e28352119122dc12,1.653135,20.0,1,13994,1,1,0,0,1,0,0,0,0,0,0,0,0,1
4028,21,3a52fe25fc5c9791,1.241938,20.0,1,14168,1,1,0,0,1,0,0,0,0,0,0,0,0,0
4029,21,6cc79514a31e093e,1.976675,18.719014,1,13828,1,0,0,0,0,0,0,0,0,0,0,0,0,1
4030,21,7ed678d7b96cd857,1.485002,17.54174,1,14053,1,1,0,0,1,0,0,0,0,0,0,0,0,0
4031,21,8dc8c4874c68e3de,1.116743,20.0,1,14152,1,1,0,0,1,0,0,0,0,0,0,0,0,1
4032,21,679e2bf0cfdace8c,0.838967,18.618771,1,13895,1,1,0,0,1,0,0,0,0,0,0,0,0,0
4033,21,76737812bf393967,0.630285,20.0,1,14318,1,1,0,0,1,0,0,0,0,0,0,0,0,1
4034,21,b5e8e27448d6c918,1.518134,15.751146,0,14099,1,0,0,0,0,0,0,0,0,0,0,0,0,0
4035,21,b6e89363cab473cf,2.18417,18.790936,1,14021,2,1,0,0,1,0,0,0,0,0,0,0,0,1
4036,21,ce134f89cf306e54,1.640886,20.0,1,14250,1,1,0,0,1,0,0,0,0,0,0,0,0,1
4037,21,b13d2e7f9aec1ecc,1.232736,20.0,1,14291,1,1,0,0,1,0,0,0,0,0,0,0,0,1
4038,21,33d3a8758625059f,1.971186,20.0,1,14416,1,0,0,0,0,0,0,0,0,0,0,0,0,1
4039,21,76e9cacc66d895a0,1.480878,18.969206,1,14377,1,1,0,0,1,0,0,0,0,0,0,0,0,0
4040,21,921c060639fd097b,1.112528,20.0,1,14186,1,1,0,0,1,0,0,0,0,0,0,0,0,1
4041,21,5e6c6481a8b14db7,1.880788,19.429629,1,14281,1,0,0,0,0,0,0,0,0,0,0,0,0,1
4042,21,76f84a3b8e74ded7,1.412965,18.075599,1,14113,1,1,0,0,1,0,0,0,0,0,0,0,0,0
4043,21,385b92ecf115aab8,3.148815,17.058366,1,14181,2,0,0,0,0,0,0,0,0,0,0,0,0,1
4044,21,1e5b5216938791b2,2.365587,19.773002,1,14321,1,1,0,0,1,0,0,0,0,0,0,0,0,1
4045,21,de00bcb0c196209d,1.778955,20.0,1,14179,1,1,0,0,1,0,0,0,0,0,0,0,0,1
4046,21,bf80ee51420ab5c2,1.336462,19.879345,1,14208,1,1,0,0,1,0,0,0,0,0,0,0,0,0
4047,21,84f0ea6d5482cdbe,2.047688,18.413453,1,14314,1,0,0,0,0,0,0,0,0,0,0,0,0,1
4048,21,fec50b5caa58a332,1.53989,17.327681,1,14137,1,1,0,0,1,0,0,0,0,0,0,0,0,0
4049,21,d98c5d5022b25c60,2.200515,19.975328,1,14405,2,1,0,0,1,0,0,0,0,0,0,0,0,1
4050,21,542248df3734ef61,1.653165,20.0,1,14294,1,1,0,0,1,0,0,0,0,0,0,0,0,1
4051,21,4704292c5fd6de25,2.285614,19.979882,1,14274,1,0,0,0,0,0,0,0,0,0,0,0,0,1
4052,21,169d27db67716fa7,1.718815,20.0,1,14211,1,1,0,0,1,0,0,0,0,0,0,0,0,1
4053,21,925fc02fc91d737c,1.291281,19.996224,1,14121,1,1,0,0,1,0,0,0,0,0,0,0,0,0
4054,21,afbc4f47a939d9d0,0.970091,20.0,1,14087,1,1,0,0,1,0,0,0,0,0,0,0,0,1
4055,21,c474966a42dbf624,2.817823,20.0,1,14025,2,0,0,0,0,0,0,0,0,0,0,0,0,1
4056,21,9d9ddd4fa791e5a9,2.116925,20.0,1,13938,1,1,0,0,1,0,0,0,0,0,0,0,0,1
4057,21,fc5cdca7f36dc678,1.590367,19.999368,1,14002,1,1,0,0,1,0,0,0,0,0,0,0,0,0
4058,21,9189cfb7226d1f72,1.194783,20.0,1,13942,1,1,0,0,1,0,0,0,0,0,0,0,0,1
4059,21,02a9183d24657790,0.898494,16.531128,0,13897,1,1,0,0,0,0,0,0,0,0,0,0,0,0
4060,21,f6218d48d432fc7d,1.718658,19.376908,1,13776,1,0,0,0,1,0,0,0,0,0,0,0,0,1
4061,21,2ece02aaf76c0f70,2.334817,20.0,1,13674,2,1,0,0,1,0,0,0,0,0,0,0,0,1
4062,21,89a07fbc252be14d,1.755816,19.659965,1,13605,1,1,0,0,1,0,0,0,0,0,0,0,0,0
4063,21,093995d15b570fee,2.362732,18.248641,1,13679,1,0,0,0,0,0,0,0,0,0,0,0,0,1
4064,21,3d7eae4ee0e3749a,1.775032,20.0,1,13539,1,1,0,0,1,0,0,0,0,0,0,0,0,1
4065,21,029134d3bad39476,1.333515,19.005347,1,13363,1,1,0,0,1,0,0,0,0,0,0,0,0,0
4066,21,29b448664a02fe6e,2.046973,17.772794,1,13376,1,0,0,0,0,0,0,0,0,0,0,0,0,1
4067,21,64dfbbc694f52c5d,1.537814,20.0,1,13659,1,1,0,0,1,0,0,0,0,0,0,0,0,1
4068,21,107e887906535e3a,1.155302,18.736781,1,13425,1,1,0,0,1,0,0,0,0,0,0,0,0,0
4069,21,5939498da83fa474,1.912954,17.570828,1,13484,1,0,0,0,0,0,0,0,0,0,0,0,0,1
4070,21,721f45d2a86a1471,1.437131,16.679151,1,13439,1,1,0,0,1,0,0,0,0,0,0,0,0,0
4071,21,846787180c793fa0,3.16697,16.009267,1,13430,2,0,0,0,0,0,0,0,0,0,0,0,0,1
4072,21,18b3a0d71ef50c52,2.379226,18.984853,1,13535,1,1,0,0,1,0,0,0,0,0,0,0,0,1
4073,21,1168e10cfeb8f64e,2.833362,17.757382,1,13679,1,0,0,0,0,0,0,0,0,0,0,0,0,1
4074,21,d30da8cd8474b775,2.128599,16.819302,1,13845,1,1,0,0,1,0,0,0,0,0,0,0,0,0
4075,21,35b0bfd67dd7d5f8,1.599137,19.593402,1,13873,1,1,0,0,1,0,0,0,0,0,0,0,0,1
4076,21,91151f461c4479a9,2.246724,18.215019,1,13936,1,0,0,0,0,0,0,0,0,0,0,0,0,1
4077,21,58466a9cf44e9b89,1.68788,17.163107,1,13753,1,1,0,0,1,0,0,0,0,0,0,0,0,0
4078,21,2b457b17d9993fdf,2.311694,19.85169,1,13526,2,1,0,0,1,0,0,0,0,0,0,0,0,1
4079,21,931d7ffba8401036,1.73669,20.0,1,13396,1,1,0,0,1,0,0,0,0,0,0,0,0,1
4080,21,6a3add2cdc159d57,1.306015,19.928198,1,13339,1,1,0,0,0,0,0,0,0,0,0,0,0,1
4081,21,b919959157b1ce9b,2.024814,18.450154,1,13240,1,0,0,0,1,0,0,0,0,0,0,0,0,0
4082,21,0098cddaa87d9d13,1.521167,20.0,1,12864,1,1,0,0,1,0,0,0,0,0,0,0,0,1
4083,21,bda9a968838cd003,3.23224,19.136386,1,13061,2,0,0,0,0,0,0,0,0,0,0,0,0,1
4084,21,79a21c8e974cea3f,2.428261,17.855296,1,12775,1,1,0,0,1,0,0,0,0,0,0,0,0,0
4085,21,32102d3a16132a4a,1.824262,20.0,1,12989,1,1,0,0,1,0,0,0,0,0,0,0,0,1
4086,21,7c37052ee8d55688,1.3705,20.0,1,12536,1,1,0,0,1,0,0,0,0,0,0,0,0,1
4087,21,aaa5fa82918b3a78,2.074786,16.741484,0,12788,1,0,0,0,0,0,0,0,0,0,0,0,0,0
4088,21,239bd6f1215a3eab,1.558709,19.53494,1,13019,1,1,0,0,1,0,0,0,0,0,0,0,0,1
4089,21,7167f29469ee8b05,1.171,18.154715,1,13052,1,1,0,0,1,0,0,0,0,0,0,0,0,0
4090,21,0fed0ffe7bc90c40,1.924759,17.133106,1,12833,1,0,0,0,0,0,0,0,0,0,0,0,0,1
4091,21,5a24fc10f2bb0831,1.446,19.829151,1,12993,1,1,0,0,1,0,0,0,0,0,0,0,0,1
4092,21,cbd8738516258554,1.086325,18.375744,1,12828,1,1,0,0,1,0,0,0,0,0,0,0,0,0
4093,21,988a1ac5440fa93c,2.903422,17.283854,1,12715,2,0,0,0,0,0,0,0,0,0,0,0,0,1
4094,21,c0ae3fb2e43c4b26,1.139265,16.478207,1,12715,0,1,0,0,1,0,0,0,0,0,0,0,0,0
4095,21,73709a91f4368256,1.89954,15.858305,1,12470,1,0,0,0,0,0,0,0,0,0,0,0,0,1
4096,21,3bc01ae018542e89,1.427054,15.392596,1,12691,1,1,0,0,1,0,0,0,0,0,0,0,0,0
4097,21,238c8ebca822bad8,2.117315,15.055954,1,12779,1,0,0,0,0,0,0,0,0,0,0,0,0,1
4098,22,1fd48474a6be9a50,1.59066,18.268664,1,14063,1,1,0,0,1,0,0,0,0,0,0,0,0,1
4099,22,0b198662efcfc49a,1.195003,17.203409,1,14093,1,1,0,0,1,0,0,0,0,0,0,0,0,0
4100,22,fcbdd03152747088,1.941415,16.403123,1,14044,1,0,0,0,0,0,0,0,0,0,0,0,0,1
4101,22,c7b8a2a9fab59ea4,2.504122,19.296385,1,14417,2,1,0,0,1,0,0,0,0,0,0,0,0,1
4102,22,241e6acbb414e8f5,2.924907,14.496653,0,14159,1,0,0,0,0,0,0,0,0,0,0,0,0,0
4103,22,fc64a472a0076c97,2.197373,17.848482,1,14182,1,1,0,0,1,0,0,0,0,0,0,0,0,1
4104,22,1e870741cfb1004d,2.696606,16.902815,1,14152,1,0,0,0,0,0,0,0,0,0,0,0,0,1
4105,22,bf57db00a494f005,2.025859,16.177297,1,14155,1,1,0,0,1,0,0,0,0,0,0,0,0,0
4106,22,b9cebc1ba6e23f90,1.521953,15.632243,1,14147,1,1,0,0,0,0,0,0,0,0,0,0,0,1
4107,22,e665c14bbc29de1b,2.187039,15.222765,1,13983,1,0,0,0,1,0,0,0,0,0,0,0,0,0
4108,22,e769dc1986223560,2.688835,18.408739,1,14157,2,1,0,0,1,0,0,0,0,0,0,0,0,1
4109,22,1dc6f86b0f28f527,3.063675,17.308642,1,14120,1,0,0,0,0,0,0,0,0,0,0,0,0,1
4110,22,83171efae161e4f9,2.301624,19.961025,1,14167,1,1,0,0,1,0,0,0,0,0,0,0,0,1
4111,22,d0f092e334d1b579,1.730854,18.491477,1,14085,1,1,0,0,1,0,0,0,0,0,0,0,0,0
4112,22,3c72e9f66e532470,1.300326,20.0,1,14093,1,1,0,0,1,0,0,0,0,0,0,0,0,1
4113,22,1fdd04fc4bd3a35e,2.02054,19.142403,1,14149,2,1,0,0,0,0,0,0,0,0,0,0,0,1
4114,22,1ea3379f3547fd92,2.561609,17.859816,1,13925,1,0,0,0,1,0,0,0,0,0,0,0,0,0
4115,22,f2433026cfae9a47,1.926367,20.0,1,13923,1,1,0,0,1,0,0,0,0,0,0,0,0,1
4116,22,d0cc26dd4ca1a8f2,1.447207,20.0,1,14071,1,1,0,0,1,0,0,0,0,0,0,0,0,1
4117,22,b6729060e15ef02e,2.130886,20.0,1,14181,1,0,0,0,0,0,0,0,0,0,0,0,0,1
4118,22,a9cb16cc75c4b873,2.646607,18.682439,1,13710,2,1,0,0,1,0,0,0,0,0,0,0,0,0
4119,22,4518898290c4a533,1.988297,20.0,1,13953,1,1,0,0,1,0,0,0,0,0,0,0,0,1
4120,22,80c0e74f4af0cefb,2.537387,15.771337,0,13708,1,0,0,0,0,0,0,0,0,0,0,0,0,0
4121,22,bd705a496fb2e0e1,1.906244,18.806105,1,13975,1,1,0,0,1,0,0,0,0,0,0,0,0,1
4122,22,40fcbaec993d22c5,1.433522,17.62296,1,13828,1,1,0,0,1,0,0,0,0,0,0,0,0,0
4123,22,6cfaf62351220228,2.120605,20.0,1,13912,2,1,0,0,1,0,0,0,0,0,0,0,0,1
4124,22,6ffb601c36225917,2.636785,18.652216,1,13871,1,0,0,0,0,0,0,0,0,0,0,0,0,1
4125,22,21c423f5186ec4a6,1.9829,17.507234,1,13899,1,1,0,0,1,0,0,0,0,0,0,0,0,0
4126,22,1e92837d9f9c6b35,1.489678,20.0,1,13860,1,1,0,0,1,0,0,0,0,0,0,0,0,1
4127,22,a484f7e3777f763e,1.11914,20.0,1,13815,1,1,0,0,1,0,0,0,0,0,0,0,0,1
4128,22,2b8db2e0a245ef65,1.884421,16.577169,0,13744,1,0,0,0,0,0,0,0,0,0,0,0,0,0
4129,22,eedd707a910b6c58,1.417112,19.427271,1,13697,1,1,0,0,1,0,0,0,0,0,0,0,0,1
4130,22,7855c4c878d03963,1.064623,18.073827,1,14066,1,1,0,0,1,0,0,0,0,0,0,0,0,0
4131,22,4ac3ac39a5bffaf2,1.843465,17.057035,1,13996,1,0,0,0,0,0,0,0,0,0,0,0,0,1
4132,22,3503e45cb719c524,1.386312,16.307635,1,13823,1,1,0,0,1,0,0,0,0,0,0,0,0,0
4133,22,19728635701bbdd1,2.085138,15.730161,1,13854,2,1,0,0,0,0,0,0,0,0,0,0,0,1
4134,22,08de696c5753574e,2.610139,18.775171,1,13830,1,0,0,0,1,0,0,0,0,0,0,0,0,1
4135,22,15ea42f44e72638e,1.9609,20.0,1,13989,1,1,0,0,1,0,0,0,0,0,0,0,0,1
4136,22,fb948654a4e052dc,2.518775,15.839506,0,13832,1,0,0,0,0,0,0,0,0,0,0,0,0,0
4137,22,5b6fa7151d644e9d,1.892262,18.857318,1,14138,1,1,0,0,1,0,0,0,0,0,0,0,0,1
4138,22,861722a9c717f578,1.421585,17.645642,1,14005,1,1,0,0,1,0,0,0,0,0,0,0,0,0
4139,22,fe7fd4fd4c1f0693,1.069053,16.750276,1,14093,1,1,0,0,0,0,0,0,0,0,0,0,0,1
4140,22,a6d38debfe395bc8,1.846793,16.062701,1,14085,1,0,0,0,1,0,0,0,0,0,0,0,0,0
4141,22,60bedc5f4028c2ba,1.387426,19.024996,1,13978,1,1,0,0,1,0,0,0,0,0,0,0,0,1
4142,22,c34a84ff17dee82a,1.042321,17.771613,1,14159,1,1,0,0,1,0,0,0,0,0,0,0,0,0
4143,22,b2f3511d7f67045a,1.827991,16.845008,1,13868,1,0,0,0,0,0,0,0,0,0,0,0,0,1
4144,22,2633c03039fe89e9,2.416955,19.612714,1,13981,2,1,0,0,1,0,0,0,0,0,0,0,0,1
4145,22,5356d310c52dac1d,1.815768,20.0,1,13812,1,1,0,0,1,0,0,0,0,0,0,0,0,1
4146,22,d37f389083f245d2,2.409634,16.312684,0,14119,1,0,0,0,0,0,0,0,0,0,0,0,0,0
4147,22,537d7b33f3b21bfc,1.810268,19.212799,1,14091,1,1,0,0,1,0,0,0,0,0,0,0,0,1
4148,22,2d38ba07a77452f0,2.40364,20.0,1,14114,2,1,0,0,1,0,0,0,0,0,0,0,0,1
4149,22,a4f4f63adf23d8a2,1.805765,20.0,1,13926,1,1,0,0,1,0,0,0,0,0,0,0,0,1
4150,22,b68274bb31aee2f4,1.357961,20.0,1,13805,1,1,0,0,1,0,0,0,0,0,0,0,0,1
4151,22,38913569dcc38fc9,1.020185,20.0,1,14067,1,1,0,0,1,0,0,0,0,0,0,0,0,0
4152,22,0473a6f2724059fc,0.766427,19.795136,1,14049,1,1,0,0,0,0,0,0,0,0,0,0,0,1
4153,22,1afb9d0906887b2d,1.620515,18.366726,1,13870,1,0,0,0,1,0,0,0,0,0,0,0,0,0
4154,22,fe8efc374a56e109,1.217432,20.0,1,13713,1,1,0,0,1,0,0,0,0,0,0,0,0,1
4155,22,2598d74523999559,0.914611,19.071994,1,13989,1,1,0,0,1,0,0,0,0,0,0,0,0,0
4156,22,3b5269f988d74dcc,1.730767,20.0,1,13877,2,1,0,0,1,0,0,0,0,0,0,0,0,1
4157,22,47ed80d18dbbfcfa,2.345712,19.4877,1,14044,1,0,0,0,0,0,0,0,0,0,0,0,0,1
4158,22,3df2d331084a679a,1.762245,18.119225,1,14029,1,1,0,0,1,0,0,0,0,0,0,0,0,0
4159,22,47aa4b37e76a877e,1.323909,20.0,1,14008,1,1,0,0,1,0,0,0,0,0,0,0,0,1
4160,22,7ca68f6ca6eda39f,2.039749,15.468922,0,14171,1,0,0,0,0,0,0,0,0,0,0,0,0,0
4161,22,7b6095533d006771,1.532387,18.578912,1,14099,1,1,0,0,1,0,0,0,0,0,0,0,0,1
4162,22,47bf3101f0064a09,1.151225,17.436487,1,14156,1,1,0,0,1,0,0,0,0,0,0,0,0,0
4163,22,6b50cca2e439b088,0.864872,20.0,1,13936,1,1,0,0,1,0,0,0,0,0,0,0,0,1
4164,22,cc1948d83cac9ff7,2.738697,18.563704,1,13911,2,0,0,0,0,0,0,0,0,0,0,0,0,1
4165,22,6a15208ff52c0d0a,2.057481,20.0,1,13820,1,1,0,0,1,0,0,0,0,0,0,0,0,1
4166,22,6ccb13b6bbd3c8ca,1.545709,19.183168,1,13700,1,1,0,0,1,0,0,0,0,0,0,0,0,0
4167,22,e37400449e9344aa,2.206545,17.906517,1,13426,1,0,0,0,0,0,0,0,0,0,0,0,0,1
4168,22,d8bee81611767e3a,1.657695,16.931341,1,13570,1,1,0,0,1,0,0,0,0,0,0,0,0,0
4169,22,bb9e0caafabc7e66,1.245364,19.677573,1,13497,1,1,0,0,1,0,0,0,0,0,0,0,0,1
4170,22,b4d395bbe4b9e1c4,0.935596,20.0,1,13177,1,1,0,0,1,0,0,0,0,0,0,0,0,1
4171,22,b18b4ffbe064ef5a,0.703581,16.349327,0,13311,1,1,0,0,0,0,0,0,0,0,0,0,0,0
4172,22,fe21c89631371c19,1.572228,19.240327,1,12873,1,0,0,0,1,0,0,0,0,0,0,0,0,1
4173,22,2251997791051f9e,2.224809,20.0,1,13251,2,1,0,0,1,0,0,0,0,0,0,0,0,1
4174,22,459cc0d6745e418f,1.673088,19.582802,1,13224,1,1,0,0,1,0,0,0,0,0,0,0,0,0
4175,22,1ee11bf4fe3d5aea,2.300582,18.190672,1,13367,1,0,0,0,0,0,0,0,0,0,0,0,0,1
4176,22,9ab8b009d9a719e5,1.728341,20.0,1,13438,1,1,0,0,1,0,0,0,0,0,0,0,0,1
4177,22,7650d1e881cbc1dd,1.298438,18.97263,1,13537,1,1,0,0,1,0,0,0,0,0,0,0,0,0
4178,22,e259aa49f17ed140,0.976444,20.0,1,13738,1,1,0,0,1,0,0,0,0,0,0,0,0,1
4179,22,3becb22d35753e16,1.777219,15.948322,0,13736,1,0,0,0,0,0,0,0,0,0,0,0,0,0
4180,22,f519cf54e17c92c7,1.335158,18.939067,1,13780,1,1,0,0,1,0,0,0,0,0,0,0,0,1
4181,22,3e8db2a8f341e824,1.004058,17.72295,1,13749,1,1,0,0,1,0,0,0,0,0,0,0,0,0
4182,22,31d0005ca33fdf8d,2.841618,16.793435,1,13904,2,0,0,0,0,0,0,0,0,0,0,0,0,1
4183,22,e5f396fd1c65da66,2.134801,19.573969,1,13745,1,1,0,0,1,0,0,0,0,0,0,0,0,1
4184,22,620e382a04dad8ed,1.603796,20.0,1,13704,1,1,0,0,1,0,0,0,0,0,0,0,0,1
4185,22,3479cf7e4b0476cf,2.250228,16.290795,0,13542,1,0,0,0,0,0,0,0,0,0,0,0,0,0
4186,22,f2dde3c873b5b057,1.690512,19.196354,1,13808,1,1,0,0,1,0,0,0,0,0,0,0,0,1
4187,22,bbc0cdc194e74b3e,1.270019,17.900348,1,13521,1,1,0,0,1,0,0,0,0,0,0,0,0,0
4188,22,faf95ba05149ed04,0.955072,20.0,1,13583,1,1,0,0,1,0,0,0,0,0,0,0,0,1
4189,22,9716ff5d8390ec30,2.804817,18.82137,1,13857,2,0,0,0,0,0,0,0,0,0,0,0,0,1
4190,22,e11b61b1485313b8,2.107154,20.0,1,13676,1,1,0,0,1,0,0,0,0,0,0,0,0,1
4191,22,8caf794f8499f837,1.583026,20.0,1,13824,1,1,0,0,1,0,0,0,0,0,0,0,0,1
4192,22,cd7e3550b4f1ce4d,2.234609,17.151518,0,13576,1,0,0,0,0,0,0,0,0,0,0,0,0,0
4193,22,a7d1d2fa4ee7dc63,1.678778,19.842984,1,13844,1,1,0,0,1,0,0,0,0,0,0,0,0,1
4194,22,ca69716715591064,3.34851,18.386136,1,13910,2,0,0,0,0,0,0,0,0,0,0,0,0,1
4195,22,15aefd569d67769e,2.518127,20.0,1,14006,1,1,0,0,1,0,0,0,0,0,0,0,0,1
4196,22,d01bed53166191ca,1.891775,19.095821,1,14206,1,1,0,0,1,0,0,0,0,0,0,0,0,0
4197,22,692b8ac49f4b2b15,1.42122,20.0,1,14336,1,1,0,0,1,0,0,0,0,0,0,0,0,1
4198,22,02e4b30eff9e859a,1.067709,19.483492,1,14429,1,1,0,0,1,0,0,0,0,0,0,0,0,0
4199,22,f5ce1e8561f5a41e,0.802933,20.0,1,14466,1,1,0,0,1,0,0,0,0,0,0,0,0,1
4200,22,defe0667627777b9,1.646867,19.715784,1,13773,1,0,0,0,0,0,0,0,0,0,0,0,0,1
