tick,episode,frame_sha16,turn,forward,attack,total_spikes,DNp20_R_10059,DNp20_L_10162,MN9_L_10331,DNa02_R_10360,DNpe017_L_10527,MDN_R_10763,DNp09_L_10783,DNp09_R_11177,MDN_L_11288,MDN_R_11332,MDN_L_12348,MN9_R_16949,DNa02_L_523769,DNpe017_R_555871
1,1,1fd48474a6be9a50,0.0,3.478845,1,13260,1,1,0,0,0,0,0,0,0,0,0,0,0,1
2,1,40ab05863d40ab6a,1.044151,6.096642,1,15461,1,0,0,0,1,0,0,0,0,0,0,0,0,0
3,1,9fa3e60e300cac94,0.784431,15.016713,1,13599,1,1,0,0,1,0,0,0,0,0,0,0,0,2
4,1,9522afc9eb92ebd2,0.589314,14.76034,1,14232,1,1,0,0,1,0,0,0,0,0,0,0,0,0
5,1,0fba0eaa5e567fe1,0.442729,18.04658,1,14041,1,1,0,0,1,0,0,0,0,0,0,0,0,1
6,1,8f9f8c22e25048df,1.377089,13.571286,0,14140,1,0,0,0,0,0,0,0,0,0,0,0,0,0
7,1,025aca0c2fc547cd,1.034556,17.153289,1,13790,1,1,0,0,1,0,0,0,0,0,0,0,0,1
8,1,ea7305c3d0c4eb0e,0.777223,16.365469,1,14249,1,1,0,0,1,0,0,0,0,0,0,0,0,0
9,1,b3bc2710b036c5b2,1.628633,15.787568,1,13987,1,0,0,0,0,0,0,0,0,0,0,0,0,1
10,1,3c254a4fca255c07,1.223531,15.339454,1,13827,1,1,0,0,1,0,0,0,0,0,0,0,0,0
11,1,7fb0256f65ce4ff6,0.919193,18.481647,1,14236,1,1,0,0,1,0,0,0,0,0,0,0,0,1
12,1,a69e89495c03d18a,1.734209,13.884571,0,13914,1,0,0,0,0,0,0,0,0,0,0,0,0,0
13,1,ba87dd4319678e85,1.30415,17.402399,1,13914,1,1,0,0,1,0,0,0,0,0,0,0,0,1
14,1,3e895dd2e76d3ae9,0.979759,16.552616,1,14032,1,1,0,0,1,0,0,0,0,0,0,0,0,0
15,1,5bfa9aaebee05047,0.736056,19.393051,1,13730,1,1,0,0,1,0,0,0,0,0,0,0,0,1
16,1,ca3938afd42b6b51,1.597675,18.064352,1,14085,1,0,0,0,0,0,0,0,0,0,0,0,0,1
17,1,3840b1179d01d5ca,1.200274,17.049917,1,14061,1,1,0,0,1,0,0,0,0,0,0,0,0,0
18,1,3ad00a257add4750,0.901721,19.766654,1,14017,1,1,0,0,1,0,0,0,0,0,0,0,0,1
19,1,715e21df0f1ac6b8,2.764736,18.328793,1,14034,2,0,0,0,0,0,0,0,0,0,0,0,0,1
20,1,ab882b57d80326bc,2.079121,17.264015,1,14020,1,1,0,0,1,0,0,0,0,0,0,0,0,0
21,1,de121b1615b372cf,1.561966,19.927498,1,13923,1,1,0,0,1,0,0,0,0,0,0,0,0,1
22,1,58b8431551715724,1.173446,20.0,1,13971,1,1,0,0,1,0,0,0,0,0,0,0,0,1
23,1,23e17bd6c1c20f85,0.882448,19.971026,1,13937,1,1,0,0,0,0,0,0,0,0,0,0,0,1
24,1,c8292701595322e6,2.750257,18.48233,1,14045,2,0,0,0,1,0,0,0,0,0,0,0,0,0
25,1,10c80b0b9d50bf2d,2.066165,20.0,1,13881,1,1,0,0,1,0,0,0,0,0,0,0,0,1
26,1,f6d7570dbe7171fa,1.552233,20.0,1,14026,1,1,0,0,1,0,0,0,0,0,0,0,0,1
27,1,50afc0b225fbdddd,1.167301,20.0,1,14019,1,1,0,0,1,0,0,0,0,0,0,0,0,0
28,1,77cb534e4dd68f47,0.87695,18.870803,1,13951,1,1,0,0,0,0,0,0,0,0,0,0,0,1
29,1,03a072c123c7f460,1.702473,17.655773,1,13986,1,0,0,0,1,0,0,0,0,0,0,0,0,0
30,1,6bd0da24a434c222,2.324434,20.0,1,13836,2,1,0,0,1,0,0,0,0,0,0,0,0,1
31,1,bf7b92ccf517e799,1.746261,20.0,1,14009,1,1,0,0,1,0,0,0,0,0,0,0,0,1
32,1,225eb469aa1369a9,2.355554,20.0,1,14022,1,0,0,0,0,0,0,0,0,0,0,0,0,1
33,1,b8c60121563a9c42,1.769639,18.600526,1,13902,1,1,0,0,1,0,0,0,0,0,0,0,0,0
34,1,31aaaeb37a782f1d,1.330794,20.0,1,13819,1,1,0,0,1,0,0,0,0,0,0,0,0,1
35,1,f0b797cd11a373e7,0.999776,19.216943,1,13861,1,1,0,0,1,0,0,0,0,0,0,0,0,0
36,1,60516700b7299e83,1.794748,17.915816,1,14034,1,0,0,0,0,0,0,0,0,0,0,0,0,1
37,1,1c33476371466532,1.349676,16.95345,1,13977,1,1,0,0,1,0,0,0,0,0,0,0,0,0
38,1,361947da6dbbefbb,1.013961,16.215338,1,13781,1,1,0,0,0,0,0,0,0,0,0,0,0,1
39,1,990f149db1c50dec,1.805404,15.660822,1,13931,1,0,0,0,1,0,0,0,0,0,0,0,0,0
40,1,9b192c2e98f609fc,2.399986,18.723079,1,13845,2,1,0,0,1,0,0,0,0,0,0,0,0,1
41,1,0d1fbe390c17fd67,2.848974,17.560524,1,13821,1,0,0,0,0,0,0,0,0,0,0,0,0,1
42,1,b1b4c2576a151a4f,2.140328,20.0,1,14040,1,1,0,0,1,0,0,0,0,0,0,0,0,1
43,1,106d83d369316aa0,2.651602,18.616977,1,13870,1,0,0,0,0,0,0,0,0,0,0,0,0,1
44,1,4898f70c9a98d612,1.994042,17.480734,1,13885,1,1,0,0,1,0,0,0,0,0,0,0,0,0
45,1,452f8e1e87f0875e,1.498049,20.0,1,13861,1,1,0,0,1,0,0,0,0,0,0,0,0,1
46,1,2277fbe5ae611aef,1.125429,20.0,1,13617,1,1,0,0,1,0,0,0,0,0,0,0,0,1
47,1,52125a7b9a3b7990,1.889146,16.565933,0,13737,1,0,0,0,0,0,0,0,0,0,0,0,0,0
48,1,e45468b66b74b11e,1.420665,19.418821,1,14037,1,1,0,0,1,0,0,0,0,0,0,0,0,1
49,1,f79c3d80fac8c9dd,1.067292,20.0,1,13832,1,1,0,0,1,0,0,0,0,0,0,0,0,1
50,1,bb7aaae7947f1061,1.84547,19.665792,1,13921,1,0,0,0,0,0,0,0,0,0,0,0,0,1
51,1,c559210bd8c97f4e,2.43197,20.0,1,13734,2,1,0,0,1,0,0,0,0,0,0,0,0,1
52,1,f46f96ec76fef93b,1.827048,19.818776,1,13835,1,1,0,0,1,0,0,0,0,0,0,0,0,0
53,1,0c6e1927f35030ce,1.372593,20.0,1,13935,1,1,0,0,1,0,0,0,0,0,0,0,0,1
54,1,f601939cce033512,2.074831,19.891524,1,13795,1,0,0,0,0,0,0,0,0,0,0,0,0,1
55,1,96d712509608c996,1.560303,18.439212,1,13937,1,1,0,0,1,0,0,0,0,0,0,0,0,0
56,1,e53c78c55c72c915,1.172197,20.0,1,13849,1,1,0,0,1,0,0,0,0,0,0,0,0,1
57,1,51f93875e82b053a,1.924281,15.63406,0,13965,1,0,0,0,0,0,0,0,0,0,0,0,0,0
58,1,36ffb497f9699e6b,1.447087,18.718039,1,13975,1,1,0,0,1,0,0,0,0,0,0,0,0,1
59,1,181d769a80427f4a,1.087142,20.0,1,13938,1,1,0,0,1,0,0,0,0,0,0,0,0,1
60,1,82fb85911a66d71c,0.816729,20.0,1,14278,1,1,0,0,1,0,0,0,0,0,0,0,0,1
61,1,32041dc431b3ca9f,0.613578,20.0,1,14520,1,1,0,0,1,0,0,0,0,0,0,0,0,0
62,1,f4fb88bd47b1b187,1.50557,18.948989,1,14641,1,0,0,0,0,0,0,0,0,0,0,0,0,1
63,1,ad3fa2ad8e22e331,1.131079,20.0,1,14860,1,1,0,0,1,0,0,0,0,0,0,0,0,1
64,1,d1ca3cd392f9e482,1.89339,20.0,1,14958,2,1,0,0,1,0,0,0,0,0,0,0,0,1
65,1,c31b7a4b424b0439,2.468007,17.205684,0,14810,1,0,0,0,0,0,0,0,0,0,0,0,0,0
66,1,a24d6ca3a4fd378f,1.854121,19.883676,1,14178,1,1,0,0,1,0,0,0,0,0,0,0,0,1
67,1,4b74f6af153300e9,1.392932,18.416707,1,13801,1,1,0,0,1,0,0,0,0,0,0,0,0,0
68,1,0ee09fc1b94ee351,1.046458,20.0,1,14053,1,1,0,0,1,0,0,0,0,0,0,0,0,1
69,1,dfcab755663c03e1,1.831102,15.636988,0,13773,1,0,0,0,0,0,0,0,0,0,0,0,0,0
70,1,c99a482f00b6d3de,2.419292,18.705173,1,14026,2,1,0,0,1,0,0,0,0,0,0,0,0,1
71,1,4344c9a0d0997c2f,1.817523,20.0,1,14090,1,1,0,0,1,0,0,0,0,0,0,0,0,1
72,1,5a9a7eaa13a38b38,1.366803,20.0,1,13786,1,1,0,0,1,0,0,0,0,0,0,0,0,1
73,1,7eaa1850f625a2e4,1.026828,20.0,1,14150,1,1,0,0,1,0,0,0,0,0,0,0,0,1
74,1,3322a72ff4df4e1e,2.858724,20.0,1,14152,2,0,0,0,0,0,0,0,0,0,0,0,0,1
75,1,fde01c7eb5638371,2.147653,19.670118,1,13943,1,1,0,0,1,0,0,0,0,0,0,0,0,0
76,1,ebef77076b91d5b1,1.615066,20.0,1,14995,1,1,0,0,1,0,0,0,0,0,0,0,0,1
77,1,9af1e48b7025ec6c,1.213338,19.82122,1,14935,1,1,0,0,1,0,0,0,0,0,0,0,0,0
78,1,f5cf98c4e29bd1e3,1.955189,18.369786,1,14992,1,0,0,0,0,0,0,0,0,0,0,0,0,1
79,1,e29f46dcf1d77066,2.514481,20.0,1,14635,2,1,0,0,1,0,0,0,0,0,0,0,0,1
80,1,fa97d79e8b91b987,1.889035,20.0,1,15991,1,1,0,0,1,0,0,0,0,0,0,0,0,1
81,1,d56a897d813c3e5e,2.462815,20.0,1,15794,1,0,0,0,0,0,0,0,0,0,0,0,0,1
82,1,5f4ed41484135956,2.893874,20.0,1,16000,2,1,0,0,1,0,0,0,0,0,0,0,0,1
83,1,03be8c32154a8e21,2.176235,20.0,1,15842,1,1,0,0,1,0,0,0,0,0,0,0,0,1
84,1,4e0e53389c88d797,2.678577,17.832132,0,16084,1,0,0,0,0,0,0,0,0,0,0,0,0,0
85,1,0fb88b37563528de,2.012315,20.0,1,16065,1,1,0,0,1,0,0,0,0,0,0,0,0,1
86,1,4bdc99ca1c9cb87d,1.513289,20.0,1,15943,1,1,0,0,1,0,0,0,0,0,0,0,0,1
87,1,32575b010e551c19,3.224184,20.0,1,16171,2,0,0,0,0,0,0,0,0,0,0,0,0,1
88,1,f54c8099f3a30eed,3.465863,20.0,1,16350,2,1,0,0,1,0,0,0,0,0,0,0,0,1
89,1,1c0f3806ba804627,2.603773,20.0,1,16380,1,1,0,0,1,0,0,0,0,0,0,0,0,0
90,1,8f4b64e84740d9fc,3.002225,18.604308,1,16808,1,0,0,0,0,0,0,0,0,0,0,0,0,1
91,1,65319b6a64bd34b5,2.255459,20.0,1,16933,1,1,0,0,1,0,0,0,0,0,0,0,0,1
92,1,c5cf5b264d00bea0,2.738096,15.72724,0,15066,1,0,0,0,0,0,0,0,0,0,0,0,0,0
93,1,94d0bd279089f216,3.103237,18.788112,1,13516,2,1,0,0,1,0,0,0,0,0,0,0,0,1
94,1,7908f233dc40486b,2.331346,20.0,1,13673,1,1,0,0,1,0,0,0,0,0,0,0,0,1
95,1,f8bd787221b54927,2.795107,19.309822,1,13564,1,0,0,0,0,0,0,0,0,0,0,0,0,1
96,1,e84b76f364cdac00,2.099859,17.985592,1,13602,1,1,0,0,1,0,0,0,0,0,0,0,0,0
97,1,7a856ae061aa2f80,1.579124,17.005923,1,13605,1,1,0,0,0,0,0,0,0,0,0,0,0,1
98,1,3909d9123f1bddb5,2.22999,16.254759,1,13603,1,0,0,0,1,0,0,0,0,0,0,0,0,0
99,1,3ff5ed14aa8bba08,1.675308,19.169282,1,13591,1,1,0,0,1,0,0,0,0,0,0,0,0,1
100,1,7508c7b48e4fea1c,2.304006,14.415573,0,13500,1,0,0,0,0,0,0,0,0,0,0,0,0,0
101,1,5023eab515b01e4d,1.730914,17.78757,1,13792,1,1,0,0,1,0,0,0,0,0,0,0,0,1
102,1,9ab548dcb5a79b50,1.300371,16.841981,1,13708,1,1,0,0,1,0,0,0,0,0,0,0,0,0
103,1,0ee9bcea5e9f134d,0.97692,19.61044,1,13807,1,1,0,0,1,0,0,0,0,0,0,0,0,1
104,1,521411bd8b7bfa25,0.734658,14.74733,0,13483,1,1,0,0,0,0,0,0,0,0,0,0,0,0
105,1,65d82614576038b5,1.595574,18.036807,1,13813,1,0,0,0,1,0,0,0,0,0,0,0,0,1
106,1,ccff489b4fdad662,1.198695,17.029223,1,13863,1,1,0,0,1,0,0,0,0,0,0,0,0,0
107,1,2b7b497de428475e,0.901436,19.767222,1,13683,1,1,0,0,1,0,0,0,0,0,0,0,0,1
108,1,9bbb392ef255cae8,0.677215,18.32922,1,13758,1,1,0,0,1,0,0,0,0,0,0,0,0,0
109,1,98ee857f2e8c6606,0.508766,20.0,1,13729,1,1,0,0,1,0,0,0,0,0,0,0,0,1
110,1,b89012b88de719f4,1.425871,19.050826,1,14835,1,0,0,0,0,0,0,0,0,0,0,0,0,1
111,1,5ceaaa34d29553dc,2.116425,20.0,1,14471,2,1,0,0,1,0,0,0,0,0,0,0,0,1
112,1,5e2ee89430a91842,1.589991,19.471344,1,14286,1,1,0,0,1,0,0,0,0,0,0,0,0,0
113,1,cd7b9c143d30c724,1.194501,20.0,1,14264,1,1,0,0,1,0,0,0,0,0,0,0,0,1
114,1,57a5ab57a89dd415,0.898282,20.0,1,14958,1,1,0,0,1,0,0,0,0,0,0,0,0,1
115,1,f1cfb9d30fb10986,1.718499,20.0,1,15025,1,0,0,0,0,0,0,0,0,0,0,0,0,1
116,1,dd65d5170653d39c,1.291044,19.182858,1,14575,1,1,0,0,1,0,0,0,0,0,0,0,0,0
117,1,0329d4b49f7914b6,0.969913,20.0,1,14503,1,1,0,0,1,0,0,0,0,0,0,0,0,1
118,1,d04225684c2aa6fe,1.773539,20.0,1,14206,2,1,0,0,1,0,0,0,0,0,0,0,0,1
119,1,0c536a0e60126b4a,1.332394,20.0,1,14040,1,1,0,0,1,0,0,0,0,0,0,0,0,0
120,1,dedb9731113d1381,2.044631,19.090871,1,14209,1,0,0,0,0,0,0,0,0,0,0,0,0,1
121,1,5aa052aa05f402aa,1.537592,20.0,1,13605,1,1,0,0,1,0,0,0,0,0,0,0,0,1
122,1,16f23dfb3d2d2d0d,1.155135,19.493968,1,13926,1,1,0,0,1,0,0,0,0,0,0,0,0,0
123,1,830d1a725ab1d35f,1.911463,20.0,1,13608,2,1,0,0,1,0,0,0,0,0,0,0,0,1
124,1,69e831f5a1535463,2.479664,19.708205,1,13603,1,0,0,0,0,0,0,0,0,0,0,0,0,1
125,1,12282d18c5fe9673,1.864743,20.0,1,13638,1,1,0,0,1,0,0,0,0,0,0,0,0,1
126,1,9e9efb31d29a2260,1.400912,19.842737,1,13618,1,1,0,0,1,0,0,0,0,0,0,0,0,0
127,1,271cefd08df5696e,2.096106,18.385951,1,13687,1,0,0,0,0,0,0,0,0,0,0,0,0,1
128,1,56bc30f0640886bf,1.576301,17.306999,1,13411,1,1,0,0,1,0,0,0,0,0,0,0,0,0
129,1,06e6e9c245464a29,2.22787,16.480946,1,13711,1,0,0,0,0,0,0,0,0,0,0,0,0,1
130,1,5fe1690b242fcc34,1.673715,15.860363,1,13807,1,1,0,0,1,0,0,0,0,0,0,0,0,0
131,1,033fa9ae5ead6635,2.301053,15.394142,1,13730,1,0,0,0,0,0,0,0,0,0,0,0,0,1
132,1,8ec59a9b2e7b8c82,1.730425,18.537618,1,13629,1,1,0,0,1,0,0,0,0,0,0,0,0,1
133,1,00a4fa45c97dfdbc,2.343657,13.926619,0,13651,2,1,0,0,0,0,0,0,0,0,0,0,0,0
134,1,a0fa188d3f8bd74b,2.804355,17.420238,1,13823,1,0,0,0,1,0,0,0,0,0,0,0,0,1
135,1,156d87e6950eabe6,2.108915,16.580769,1,13734,1,1,0,0,1,0,0,0,0,0,0,0,0,0
136,1,ced3437f0c05577a,2.628002,15.935356,1,13523,1,0,0,0,0,0,0,0,0,0,0,0,0,1
137,1,940529e694510042,1.97432,18.929326,1,13336,1,1,0,0,1,0,0,0,0,0,0,0,0,1
138,1,d45ff9fa2e2e6f26,1.483233,14.220895,0,13825,1,1,0,0,0,0,0,0,0,0,0,0,0,0
139,1,8aaaed740d6a833d,2.159563,17.655319,1,13657,1,0,0,0,1,0,0,0,0,0,0,0,0,1
140,1,f70be45230f16a2f,1.622399,20.0,1,13862,1,1,0,0,1,0,0,0,0,0,0,0,0,1
141,1,5392c98902cceb52,2.262501,15.191635,0,13736,1,0,0,0,0,0,0,0,0,0,0,0,0,0
142,1,60e7391ffdcff6d0,1.701433,18.385329,1,13805,1,1,0,0,1,0,0,0,0,0,0,0,0,1
143,1,9c84e6eb484c8051,2.321876,20.0,1,13897,2,1,0,0,1,0,0,0,0,0,0,0,0,1
144,1,603c73125bd2cdb4,2.787992,19.082494,1,14093,1,0,0,0,0,0,0,0,0,0,0,0,0,1
145,1,7f88302449b1d236,2.094514,17.814809,1,13848,1,1,0,0,1,0,0,0,0,0,0,0,0,0
146,1,067916e12c208227,1.575105,20.0,1,13930,1,1,0,0,1,0,0,0,0,0,0,0,0,1
147,1,ba599f87120be3d9,2.226971,15.294199,0,14003,1,0,0,0,0,0,0,0,0,0,0,0,0,0
148,1,53ae887cf4bb36b0,2.716693,18.447649,1,13817,2,1,0,0,1,0,0,0,0,0,0,0,0,1
149,1,4a0443d39415435f,2.042992,20.0,1,13994,1,1,0,0,1,0,0,0,0,0,0,0,0,1
150,1,47308944290999c4,2.578477,19.130574,1,14221,1,0,0,0,0,0,0,0,0,0,0,0,0,1
151,1,e10c3bf6fcd55eab,1.937113,17.850929,1,14290,1,1,0,0,1,0,0,0,0,0,0,0,0,0
152,1,6701d078e97e70c3,1.455281,20.0,1,14285,1,1,0,0,1,0,0,0,0,0,0,0,0,1
153,1,5140bb0287947c65,2.138542,15.317346,0,14024,1,0,0,0,0,0,0,0,0,0,0,0,0,0
154,1,f8010c030c5157c0,1.606607,18.465038,1,14227,1,1,0,0,1,0,0,0,0,0,0,0,0,1
155,1,6d19927de053fd6b,1.206984,17.350938,1,14130,1,1,0,0,1,0,0,0,0,0,0,0,0,0
156,1,96fa3cdc89db5775,0.907669,20.0,1,13878,1,1,0,0,1,0,0,0,0,0,0,0,0,1
157,1,e6e131b6f53bae8d,1.725551,15.032131,0,13953,1,0,0,0,0,0,0,0,0,0,0,0,0,0
158,1,07c20f11b8dd699b,1.296342,18.250767,1,13677,1,1,0,0,1,0,0,0,0,0,0,0,0,1
159,1,1c5a5de17eb67596,2.017547,20.0,1,13640,2,1,0,0,1,0,0,0,0,0,0,0,0,1
160,1,7fd07ae6903ee3df,1.517224,20.0,1,13755,1,1,0,0,1,0,0,0,0,0,0,0,0,1
161,1,f11a7f184d595493,2.183487,16.906595,0,13995,1,0,0,0,0,0,0,0,0,0,0,0,0,0
162,1,428e7d2ddee40360,1.640372,19.658982,1,14098,1,1,0,0,1,0,0,0,0,0,0,0,0,1
163,1,b5d351b374f0a5f6,1.233583,14.783835,0,14249,1,1,0,0,0,0,0,0,0,0,0,0,0,0
164,1,4075ae19fd7d3964,1.970398,18.064231,1,14530,1,0,0,0,1,0,0,0,0,0,0,0,0,1
165,1,f4fd4e3adc14fec0,2.52394,20.0,1,14467,2,1,0,0,1,0,0,0,0,0,0,0,0,1
166,1,819e2fdbd2b7e06e,1.896142,20.0,1,14365,1,1,0,0,1,0,0,0,0,0,0,0,0,1
167,1,e3d024bbbdf49fc9,2.470076,16.830163,0,14504,1,0,0,0,0,0,0,0,0,0,0,0,0,0
168,1,05ab97cf653734b6,1.855676,19.601562,1,14703,1,1,0,0,1,0,0,0,0,0,0,0,0,1
169,1,633bad686de7f5a9,2.437753,20.0,1,14776,2,1,0,0,1,0,0,0,0,0,0,0,0,1
170,1,b80fbd8688e06e3c,2.877376,16.306383,0,14681,1,0,0,0,0,0,0,0,0,0,0,0,0,0
171,1,0e44186b7ded2dea,2.161665,19.208065,1,14756,1,1,0,0,1,0,0,0,0,0,0,0,0,1
172,1,4cefd53803ee26e8,2.667631,14.430301,0,14902,1,0,0,0,0,0,0,0,0,0,0,0,0,0
173,1,8ff1816f8a92c8c2,2.004092,17.798635,1,14896,1,1,0,0,1,0,0,0,0,0,0,0,0,1
174,1,d9fe61bdc7705b9b,2.551256,20.0,1,15047,2,1,0,0,1,0,0,0,0,0,0,0,0,1
175,1,3ef69c0775c1ae02,2.960317,18.763906,1,15042,1,0,0,0,0,0,0,0,0,0,0,0,0,1
176,1,a28287924f073d4e,2.223975,17.575466,1,15136,1,1,0,0,1,0,0,0,0,0,0,0,0,0
177,1,ff7ebf2f26363417,2.716612,16.697503,1,15117,1,0,0,0,0,0,0,0,0,0,0,0,0,1
178,1,3a3c858dcbbd7015,2.040889,16.023054,1,15305,1,1,0,0,1,0,0,0,0,0,0,0,0,0
179,1,ae83eb6ee8206a41,2.576897,18.995211,1,15195,2,1,0,0,1,0,0,0,0,0,0,0,0,1
180,1,7612d66fbabbdbad,1.935926,20.0,1,15311,1,1,0,0,1,0,0,0,0,0,0,0,0,1
181,1,04ca27241a1674bd,1.455844,20.0,1,15275,1,1,0,0,1,0,0,0,0,0,0,0,0,1
182,1,2034293519ed251c,1.093721,20.0,1,15079,1,1,0,0,0,0,0,0,0,0,0,0,0,1
183,2,1fd48474a6be9a50,1.865325,19.031038,1,14063,1,0,0,0,1,0,0,0,0,0,0,0,0,0
184,2,40ab05863d40ab6a,1.402751,20.0,1,14052,1,1,0,0,1,0,0,0,0,0,0,0,0,1
185,2,9fa3e60e300cac94,1.053835,19.460165,1,14317,1,1,0,0,1,0,0,0,0,0,0,0,0,0
186,2,9522afc9eb92ebd2,1.83536,18.098539,1,14042,1,0,0,0,0,0,0,0,0,0,0,0,0,1
187,2,0fba0eaa5e567fe1,2.422491,20.0,1,14120,2,1,0,0,1,0,0,0,0,0,0,0,0,1
188,2,8f9f8c22e25048df,1.821747,15.457235,0,13955,1,1,0,0,0,0,0,0,0,0,0,0,0,0
189,2,025aca0c2fc547cd,1.368611,15.091288,1,13895,0,0,0,0,1,0,0,0,0,0,0,0,0,0
190,2,ea7305c3d0c4eb0e,2.071839,18.295209,1,14031,2,1,0,0,1,0,0,0,0,0,0,0,0,1
191,2,b3bc2710b036c5b2,1.558053,20.0,1,13974,1,1,0,0,1,0,0,0,0,0,0,0,0,1
192,2,3c254a4fca255c07,1.170507,19.044451,1,14036,1,1,0,0,0,0,0,0,0,0,0,0,0,1
193,2,7fb0256f65ce4ff6,1.923011,17.786229,1,13987,1,0,0,0,1,0,0,0,0,0,0,0,0,0
194,2,a69e89495c03d18a,1.444687,20.0,1,13990,1,1,0,0,1,0,0,0,0,0,0,0,0,1
195,2,ba87dd4319678e85,1.086425,20.0,1,14020,1,1,0,0,1,0,0,0,0,0,0,0,0,1
196,2,3e895dd2e76d3ae9,0.81619,20.0,1,13899,1,1,0,0,1,0,0,0,0,0,0,0,0,0
197,2,5bfa9aaebee05047,1.656827,18.64554,1,13984,1,0,0,0,0,0,0,0,0,0,0,0,0,1
198,2,ca3938afd42b6b51,1.245957,17.502214,1,13957,1,1,0,0,1,0,0,0,0,0,0,0,0,0
199,2,3840b1179d01d5ca,0.936041,20.0,1,14038,1,1,0,0,1,0,0,0,0,0,0,0,0,1
200,2,3ad00a257add4750,0.703213,18.584067,1,14070,1,1,0,0,1,0,0,0,0,0,0,0,0,0
201,2,715e21df0f1ac6b8,2.615604,17.44036,1,13951,2,0,0,0,0,0,0,0,0,0,0,0,0,1
202,2,ab882b57d80326bc,1.966972,20.0,1,14100,1,1,0,0,1,0,0,0,0,0,0,0,0,1
203,2,de121b1615b372cf,1.477712,20.0,1,13972,1,1,0,0,1,0,0,0,0,0,0,0,0,1
204,2,0469b68beb7ba893,1.11015,20.0,1,13907,1,1,0,0,1,0,0,0,0,0,0,0,0,0
205,2,77ed09b9b5fdd2d5,1.878999,18.548557,1,13939,1,0,0,0,0,0,0,0,0,0,0,0,0,1
206,2,f528f75252723e1c,2.455275,20.0,1,14004,2,1,0,0,1,0,0,0,0,0,0,0,0,1
207,2,c2f4dc060312be30,1.844556,20.0,1,13906,1,1,0,0,1,0,0,0,0,0,0,0,0,1
208,2,f6d7570dbe7171fa,2.4294,17.0187,0,14083,1,0,0,0,0,0,0,0,0,0,0,0,0,0
209,2,50afc0b225fbdddd,1.826943,19.759308,1,13907,1,1,0,0,1,0,0,0,0,0,0,0,0,1
210,2,77cb534e4dd68f47,1.372514,20.0,1,13931,1,1,0,0,1,0,0,0,0,0,0,0,0,1
211,2,03a072c123c7f460,2.074772,20.0,1,14102,2,1,0,0,1,0,0,0,0,0,0,0,0,1
212,2,40a0b4653c2b8b16,2.604409,17.549611,0,13819,1,0,0,0,0,0,0,0,0,0,0,0,0,0
213,2,8ced9c6091029967,1.956595,20.0,1,13968,1,1,0,0,1,0,0,0,0,0,0,0,0,1
214,2,f446b42f744adfb3,1.469917,20.0,1,13958,1,1,0,0,1,0,0,0,0,0,0,0,0,1
215,2,ffdd19bd8ebe00f5,2.147947,20.0,1,13902,2,1,0,0,1,0,0,0,0,0,0,0,0,1
216,2,b9666f9e7129180f,2.659437,20.0,1,13879,1,0,0,0,0,0,0,0,0,0,0,0,0,1
217,2,826bb28746b5aff3,1.997936,19.400025,1,13935,1,1,0,0,1,0,0,0,0,0,0,0,0,0
218,2,3c2e28f559cf9803,1.500974,20.0,1,13952,1,1,0,0,1,0,0,0,0,0,0,0,0,1
219,2,f896a9eeacd54b0b,1.128754,16.192523,0,13949,1,1,0,0,0,0,0,0,0,0,0,0,0,0
220,2,7e91fafbe2aeffcf,2.935297,19.122526,1,13779,2,0,0,0,1,0,0,0,0,0,0,0,0,1
221,2,23f5c9c20ef02c3c,2.205179,20.0,1,13929,1,1,0,0,1,0,0,0,0,0,0,0,0,1
222,2,9d0a03a46f7fd20e,2.700322,19.498564,1,13945,1,0,0,0,0,0,0,0,0,0,0,0,0,1
223,2,5056e413ae2ebdf0,2.030681,20.0,1,13830,1,1,0,0,1,0,0,0,0,0,0,0,0,1
224,2,b775466fa0289f2b,2.569228,16.245454,0,13793,1,0,0,0,0,0,0,0,0,0,0,0,0,0
225,2,6f4f567e5c6b8e3b,2.973818,19.162292,1,13990,2,1,0,0,1,0,0,0,0,0,0,0,0,1
226,2,16b00bbf7832de8e,2.236354,20.0,1,13881,1,1,0,0,1,0,0,0,0,0,0,0,0,1
227,2,eeaf163d875ae366,2.723742,19.534318,1,13943,1,0,0,0,0,0,0,0,0,0,0,0,0,1
228,2,5bfc1ccc40285748,2.046246,18.154248,1,13687,1,1,0,0,1,0,0,0,0,0,0,0,0,0
229,2,80df90f9e2b88b1a,1.537268,20.0,1,13656,1,1,0,0,1,0,0,0,0,0,0,0,0,1
230,2,0d5de1f2b9e4d1d0,2.200198,15.488709,0,13909,1,0,0,0,0,0,0,0,0,0,0,0,0,0
231,2,0e8463cb0cb91196,1.652926,18.593777,1,13896,1,1,0,0,1,0,0,0,0,0,0,0,0,1
232,2,175b64759bdce0b6,1.241782,20.0,1,13856,1,1,0,0,1,0,0,0,0,0,0,0,0,1
233,2,85a86af45c9b4375,1.977988,15.737025,0,13746,1,0,0,0,0,0,0,0,0,0,0,0,0,0
234,2,6a8f80fa2f22e0af,1.485989,18.780328,1,13966,1,1,0,0,1,0,0,0,0,0,0,0,0,1
235,2,2d0439d833f0e29e,1.116368,20.0,1,13727,1,1,0,0,1,0,0,0,0,0,0,0,0,1
236,2,0602be642191006c,1.882339,15.826584,0,13977,1,0,0,0,0,0,0,0,0,0,0,0,0,0
237,2,3f5bb5e574555075,2.459696,18.862821,1,13924,2,1,0,0,1,0,0,0,0,0,0,0,0,1
238,2,12459c354315abb2,1.847878,20.0,1,13915,1,1,0,0,1,0,0,0,0,0,0,0,0,1
239,2,de98a0ac159e8a74,1.388241,19.351988,1,13788,1,1,0,0,1,0,0,0,0,0,0,0,0,0
240,2,8c45f5968a923555,2.088128,18.033472,1,13935,1,0,0,0,0,0,0,0,0,0,0,0,0,1
241,2,483fa49b5415d5fa,1.568732,17.026718,1,13710,1,1,0,0,1,0,0,0,0,0,0,0,0,0
242,2,a55314afcfa1a8aa,1.17853,19.749226,1,14018,1,1,0,0,1,0,0,0,0,0,0,0,0,1
243,2,06590d45f29c9f76,1.929039,14.836855,0,14488,1,0,0,0,0,0,0,0,0,0,0,0,0,0
244,2,f0e5118acbeae710,1.450665,18.11853,1,14379,1,1,0,0,1,0,0,0,0,0,0,0,0,1
245,2,b6a9a1521ce3aa15,2.133484,20.0,1,14409,2,1,0,0,1,0,0,0,0,0,0,0,0,1
246,2,656339229a691793,2.64646,18.931913,1,14565,1,0,0,0,0,0,0,0,0,0,0,0,0,1
247,2,ce68d925c559c11d,1.990175,17.71757,1,14319,1,1,0,0,1,0,0,0,0,0,0,0,0,0
248,2,7ddca5230ee5956b,1.495144,20.0,1,15055,1,1,0,0,1,0,0,0,0,0,0,0,0,1
249,2,8efdc1bc94547e0b,1.123246,18.705614,1,15025,1,1,0,0,1,0,0,0,0,0,0,0,0,0
250,2,c329d1816147c96e,1.887506,20.0,1,14931,2,1,0,0,1,0,0,0,0,0,0,0,0,1
251,2,1bbe3370f9c10d36,2.463582,19.28071,1,14938,1,0,0,0,0,0,0,0,0,0,0,0,0,1
252,2,9d9f1106563abd3f,1.850797,20.0,1,14656,1,1,0,0,1,0,0,0,0,0,0,0,0,1
253,2,1ca3b469c31d03ec,1.390435,20.0,1,14826,1,1,0,0,1,0,0,0,0,0,0,0,0,1
254,2,e89886a38d2bdc91,1.045627,20.0,1,15238,1,1,0,0,1,0,0,0,0,0,0,0,0,0
255,2,c47e4e160cdbc4a3,1.829194,20.0,1,15372,2,1,0,0,0,0,0,0,0,0,0,0,0,2
256,2,9f8b0c4e2ca102a8,2.417858,20.0,1,15285,1,0,0,0,1,0,0,0,0,0,0,0,0,0
257,2,edc0c59c1aa2f9a3,1.816446,20.0,1,15390,1,1,0,0,1,0,0,0,0,0,0,0,0,1
258,2,6da6f27952009c0f,2.410144,20.0,1,15513,2,1,0,0,1,0,0,0,0,0,0,0,0,1
259,2,b6def8a1ec0d8d44,2.854305,20.0,1,15626,1,0,0,0,0,0,0,0,0,0,0,0,0,1
260,2,9c4e3e4a0f9d260e,3.187986,20.0,1,14349,2,1,0,0,1,0,0,0,0,0,0,0,0,1
261,2,b646abf131c248e9,2.397411,20.0,1,13834,1,1,0,0,1,0,0,0,0,0,0,0,0,1
262,2,edc2a94d01979baa,1.801085,20.0,1,13928,1,1,0,0,1,0,0,0,0,0,0,0,0,0
263,2,4fff0a35dac68ee5,2.396741,19.773389,1,14141,1,0,0,0,0,0,0,0,0,0,0,0,0,1
264,2,40c1de61cc6786fb,1.800582,18.333853,1,13908,1,1,0,0,1,0,0,0,0,0,0,0,0,0
265,2,8772482d47a629a7,2.398214,17.26782,1,13926,1,0,0,0,0,0,0,0,0,0,0,0,0,1
266,2,a891da78036d556b,1.801688,16.451512,1,13962,1,1,0,0,1,0,0,0,0,0,0,0,0,0
267,2,d7b9356769a8b469,2.397195,19.317095,1,13828,2,1,0,0,1,0,0,0,0,0,0,0,0,1
268,2,9a0c08d6e5882d69,2.846875,18.007233,1,13719,1,0,0,0,0,0,0,0,0,0,0,0,0,1
269,2,41f3f73ab369b438,2.138751,20.0,1,13869,1,1,0,0,1,0,0,0,0,0,0,0,0,1
270,2,b7d015f73489e61d,2.650417,15.390253,0,13919,1,0,0,0,0,0,0,0,0,0,0,0,0,0
271,2,e9bbb99903b90646,1.991159,18.519811,1,13991,1,1,0,0,1,0,0,0,0,0,0,0,0,1
272,2,8f87332b4944710c,2.541531,13.927162,0,13870,1,0,0,0,0,0,0,0,0,0,0,0,0,0
273,2,b80a8ec971c0423e,1.909357,17.420645,1,14043,1,1,0,0,1,0,0,0,0,0,0,0,0,1
274,2,07d54cc15efdf277,1.434428,16.566324,1,13734,1,1,0,0,1,0,0,0,0,0,0,0,0,0
275,2,3008573ea5c4b4b5,2.122861,15.938613,1,13483,1,0,0,0,0,0,0,0,0,0,0,0,0,1
276,2,0ae03c4a822fa1b3,1.594826,15.452929,1,13572,1,1,0,0,1,0,0,0,0,0,0,0,0,0
277,2,e660ac00dda02b93,1.198133,18.566897,1,13721,1,1,0,0,1,0,0,0,0,0,0,0,0,1
278,2,6043d44bd3dd9e58,0.900113,17.42746,1,13546,1,1,0,0,1,0,0,0,0,0,0,0,0,0
279,2,6b2926342cf6408a,1.721048,16.5862,1,13725,1,0,0,0,0,0,0,0,0,0,0,0,0,1
280,2,fc3c04df11702135,1.292959,15.939437,1,13683,1,1,0,0,1,0,0,0,0,0,0,0,0,0
281,2,401e98fe052b630f,2.015005,15.453547,1,13718,1,0,0,0,0,0,0,0,0,0,0,0,0,1
282,2,ef15e6a27c3f9a37,1.515313,18.582291,1,13626,1,1,0,0,1,0,0,0,0,0,0,0,0,1
283,2,fc4cffd6dfb24c5f,1.138398,17.439025,1,13752,1,1,0,0,1,0,0,0,0,0,0,0,0,0
284,2,ca484160f260b4a7,0.855236,20.0,1,13682,1,1,0,0,1,0,0,0,0,0,0,0,0,1
285,2,1c9f8b38ffd02d4a,0.642507,18.548404,1,14859,1,1,0,0,0,0,0,0,0,0,0,0,0,1
286,2,20d4f857d1f2b09e,1.527325,17.429166,1,14982,1,0,0,0,1,0,0,0,0,0,0,0,0,0
287,2,8e7c15a84f442943,1.147422,20.0,1,16073,1,1,0,0,1,0,0,0,0,0,0,0,0,1
288,2,d2b1813ff9c91abe,0.862015,20.0,1,16122,1,1,0,0,1,0,0,0,0,0,0,0,0,1
289,2,ba5def7eed82ee5a,1.692398,20.0,1,15909,2,1,0,0,1,0,0,0,0,0,0,0,0,0
290,2,d41739ea48b5ea24,0.227782,15.056146,0,15757,0,1,0,0,0,0,0,0,0,0,0,0,0,0
291,2,d2a71c2004289a8e,1.214778,18.268808,1,15821,1,0,0,0,1,0,0,0,0,0,0,0,0,1
292,2,3d5ffc186f89d680,1.95627,20.0,1,15418,2,1,0,0,1,0,0,0,0,0,0,0,0,1
293,2,4170db11f7170704,1.471143,19.033933,1,15689,1,1,0,0,1,0,0,0,0,0,0,0,0,0
294,2,f4a98408af53b143,1.105215,20.0,1,15590,1,1,0,0,1,0,0,0,0,0,0,0,0,1
295,2,4071a90274345d01,0.830307,20.0,1,15894,1,1,0,0,1,0,0,0,0,0,0,0,0,1
296,2,4d3754af43cfce27,0.624402,20.0,1,15572,1,1,0,0,1,0,0,0,0,0,0,0,0,0
297,2,0a24ab9bea2365b0,0.46909,20.0,1,15841,1,1,0,0,1,0,0,0,0,0,0,0,0,1
298,2,bc1ccfd4d429b06c,0.35241,20.0,1,15583,1,1,0,0,1,0,0,0,0,0,0,0,0,0
299,2,f3c2d6cfaa0d6262,1.308406,20.0,1,14389,2,1,0,0,1,0,0,0,0,0,0,0,0,1
300,2,36df5400b59fe3b3,2.02809,20.0,1,13886,1,0,0,0,0,0,0,0,0,0,0,0,0,1
301,2,fe72658b55635d9c,1.523628,20.0,1,13703,1,1,0,0,1,0,0,0,0,0,0,0,0,1
302,2,94513545bac0d0d2,1.144645,20.0,1,13849,1,1,0,0,1,0,0,0,0,0,0,0,0,0
303,2,85d890aab9bda93a,0.860789,20.0,1,13778,1,1,0,0,1,0,0,0,0,0,0,0,0,1
304,2,82ca03eaf7d44084,1.690332,16.601385,0,13815,1,0,0,0,0,0,0,0,0,0,0,0,0,0
305,2,1a70bc421f023326,2.313537,19.429689,1,13782,2,1,0,0,1,0,0,0,0,0,0,0,0,1
306,2,b5574f97ed3be0b2,0.69442,18.075643,1,13742,0,1,0,0,0,0,0,0,0,0,0,0,0,1
307,2,6f28916ad6a2e282,2.610515,20.0,1,13709,2,0,0,0,1,0,0,0,0,0,0,0,0,1
308,2,54611901b0dbd38e,1.961182,20.0,1,13656,1,1,0,0,1,0,0,0,0,0,0,0,0,1
309,2,0cdb30bfbf11d050,2.517016,16.827719,0,13659,1,0,0,0,0,0,0,0,0,0,0,0,0,0
310,2,f9282a8e617e358c,1.892832,19.615688,1,13666,1,1,0,0,1,0,0,0,0,0,0,0,0,1
311,2,24fc89d2017d0eeb,2.465667,20.0,1,13884,2,1,0,0,1,0,0,0,0,0,0,0,0,1
312,2,a435011ea47365e1,2.896017,16.298058,0,13696,1,0,0,0,0,0,0,0,0,0,0,0,0,0
313,2,fde083dfbb50b2c2,2.175669,19.201811,1,13894,1,1,0,0,1,0,0,0,0,0,0,0,0,1
314,2,9ef0a2e3e535f43a,2.680285,17.920537,1,13777,1,0,0,0,0,0,0,0,0,0,0,0,0,1
315,2,d75fd1daf7206da2,2.013598,16.941874,1,13650,1,1,0,0,1,0,0,0,0,0,0,0,0,0
316,2,1b6781d8d19afb8c,2.556394,16.206641,1,13987,1,0,0,0,0,0,0,0,0,0,0,0,0,1
317,2,03f23231bac2de2e,1.922445,15.668127,1,13737,1,1,0,0,1,0,0,0,0,0,0,0,0,0
318,2,a04a0096195e0ee6,2.487914,15.249723,1,13531,1,0,0,0,0,0,0,0,0,0,0,0,0,1
319,2,aa8f6f27aec9cb16,2.91273,18.414235,1,13515,2,1,0,0,1,0,0,0,0,0,0,0,0,1
320,2,32c35bc985f2e5f4,2.188225,17.312771,1,13610,1,1,0,0,1,0,0,0,0,0,0,0,0,0
321,2,d5af898d9753c7db,2.689727,16.499952,1,13750,1,0,0,0,0,0,0,0,0,0,0,0,0,1
322,2,a74c85732a790463,2.020692,15.874642,1,13750,1,1,0,0,1,0,0,0,0,0,0,0,0,0
323,2,2c70014d86ee6d24,1.51807,18.883714,1,14592,1,1,0,0,1,0,0,0,0,0,0,0,0,1
324,2,8825725618b76839,1.14161,17.681324,1,14485,1,1,0,0,0,0,0,0,0,0,0,0,0,1
325,2,b261566d9f67128a,1.901302,16.762162,1,14425,1,0,0,0,1,0,0,0,0,0,0,0,0,0
326,2,89676337f17bea91,1.428377,19.550475,1,14496,1,1,0,0,1,0,0,0,0,0,0,0,0,1
327,2,e72234664e17d016,2.11674,20.0,1,14481,2,1,0,0,1,0,0,0,0,0,0,0,0,1
328,2,b95c38ba3c2bc440,2.635969,19.758023,1,15930,1,0,0,0,0,0,0,0,0,0,0,0,0,1
329,2,7bba1d4ee3315212,1.980305,20.0,1,16133,1,1,0,0,1,0,0,0,0,0,0,0,0,1
330,2,9149565d7f2d168a,1.487729,19.857236,1,16199,1,1,0,0,1,0,0,0,0,0,0,0,0,0
331,2,50056d48f947193d,2.162944,20.0,1,16626,2,1,0,0,1,0,0,0,0,0,0,0,0,1
332,2,4e69ed73d0be235a,1.624939,20.0,1,16757,1,1,0,0,1,0,0,0,0,0,0,0,0,1
333,2,1b387e93a7c7282d,2.264409,17.583886,0,16840,1,0,0,0,0,0,0,0,0,0,0,0,0,0
334,2,4300e853b896942b,2.744819,20.0,1,17192,2,1,0,0,1,0,0,0,0,0,0,0,0,1
335,2,87a82776090d233c,2.064143,20.0,1,16979,1,1,0,0,1,0,0,0,0,0,0,0,0,1
336,2,3d4f805759aec2ca,3.63802,20.0,1,17136,2,0,0,0,0,0,0,0,0,0,0,0,0,1
337,2,0f1b847a92e8823f,2.733109,20.0,1,17210,1,1,0,0,1,0,0,0,0,0,0,0,0,1
338,2,b35db46b07ee62e6,2.055337,20.0,1,17186,1,1,0,0,1,0,0,0,0,0,0,0,0,1
339,2,c595529572b23034,2.587751,20.0,1,17421,2,1,0,0,1,0,0,0,0,0,0,0,0,1
340,2,35fb8bc755cd0fa8,1.944081,20.0,1,15182,1,1,0,0,1,0,0,0,0,0,0,0,0,1
341,2,cc5d6362170062f1,3.547822,20.0,1,13772,2,0,0,0,0,0,0,0,0,0,0,0,0,1
342,2,5e350b454696ff15,2.668013,20.0,1,14115,1,1,0,0,1,0,0,0,0,0,0,0,0,1
343,2,a22cf4d4744d8748,2.004378,20.0,1,14187,1,1,0,0,1,0,0,0,0,0,0,0,0,0
344,2,30fc5bbe907b8d79,1.505814,20.0,1,14198,1,1,0,0,1,0,0,0,0,0,0,0,0,1
345,2,507165c019b9ca87,1.132394,17.371497,0,14094,1,1,0,0,0,0,0,0,0,0,0,0,0,0
346,2,22e65ecac45634cb,1.894379,20.0,1,14181,1,0,0,0,1,0,0,0,0,0,0,0,0,1
347,2,2419c3c07410f41f,1.423176,20.0,1,14471,1,1,0,0,1,0,0,0,0,0,0,0,0,1
348,2,cb83a857132ab038,2.112832,20.0,1,14396,2,1,0,0,1,0,0,0,0,0,0,0,0,1
349,2,97985e8724102839,2.63303,20.0,1,14302,1,0,0,0,0,0,0,0,0,0,0,0,0,1
350,2,d5c90cf8455a31c8,1.978097,19.357358,1,14331,1,1,0,0,1,0,0,0,0,0,0,0,0,0
351,2,a47aa87cf7a518fb,2.529724,20.0,1,14169,2,1,0,0,1,0,0,0,0,0,0,0,0,1
352,2,621ec36a32338895,1.902388,20.0,1,14140,1,1,0,0,1,0,0,0,0,0,0,0,0,1
353,2,e1ba163ba7a355f3,1.429193,20.0,1,14079,1,1,0,0,1,0,0,0,0,0,0,0,0,1
354,2,803b086f7fd40966,2.117353,20.0,1,14121,1,0,0,0,0,0,0,0,0,0,0,0,0,1
355,2,bb646c2f0e298863,1.590688,19.826348,1,14193,1,1,0,0,1,0,0,0,0,0,0,0,0,0
356,2,33615f20ddee7c7b,2.240371,18.390198,1,13713,1,0,0,0,0,0,0,0,0,0,0,0,0,1
357,2,407b58c3a81b99a5,2.72676,20.0,1,13955,2,1,0,0,1,0,0,0,0,0,0,0,0,1
358,2,890c81f662145af8,2.048513,19.085241,1,13766,1,1,0,0,1,0,0,0,0,0,0,0,0,0
359,2,9e14fe56dc9aaa52,2.584661,17.832875,1,13857,1,0,0,0,0,0,0,0,0,0,0,0,0,1
360,2,dc910bb1ec37ca5f,1.941759,16.876017,1,14105,1,1,0,0,1,0,0,0,0,0,0,0,0,0
361,2,db8308261d847ed5,1.458771,19.63601,1,14195,1,1,0,0,1,0,0,0,0,0,0,0,0,1
362,2,14cd2b7bff159e5e,2.139574,14.7518,0,14488,1,0,0,0,0,0,0,0,0,0,0,0,0,0
363,2,8b387d36d6684ae5,1.60899,18.054567,1,14333,1,1,0,0,1,0,0,0,0,0,0,0,0,1
364,2,19ffb9198d15aa68,1.208774,17.042566,1,14295,1,1,0,0,1,0,0,0,0,0,0,0,0,0
365,2,e598a8368b8f111c,1.95176,16.282287,1,14254,1,0,0,0,0,0,0,0,0,0,0,0,0,1
366,2,e45fbe4404098a97,2.511902,19.205515,1,14149,2,1,0,0,1,0,0,0,0,0,0,0,0,1
367,2,40bf3525f7c906a6,1.887098,17.90723,1,14181,1,1,0,0,1,0,0,0,0,0,0,0,0,0
368,2,f3cc52c4f929159b,2.46136,16.931877,1,14175,1,0,0,0,0,0,0,0,0,0,0,0,0,1
369,2,a0d80bdaff86ebc7,1.849127,16.199131,1,13968,1,1,0,0,1,0,0,0,0,0,0,0,0,0
370,2,f668abc3a534b0e6,1.39057,19.142981,1,14011,1,1,0,0,1,0,0,0,0,0,0,0,0,1
371,2,ad01413182fe940f,1.044683,17.86025,1,13977,1,1,0,0,1,0,0,0,0,0,0,0,0,0
372,2,8a322d28e882ae10,1.828485,16.896583,1,13948,1,0,0,0,0,0,0,0,0,0,0,0,0,1
373,2,80c093347fcba21c,1.375047,16.186973,1,13802,1,1,0,0,1,0,0,0,0,0,0,0,0,0
374,2,4529ce22a03f38c9,1.033021,19.118357,1,14312,1,1,0,0,1,0,0,0,0,0,0,0,0,1
375,2,58ef23151b38a504,0.77607,17.841751,1,14117,1,1,0,0,1,0,0,0,0,0,0,0,0,0
376,2,5692f970c26209a9,1.626686,16.882685,1,14203,2,1,0,0,0,0,0,0,0,0,0,0,0,1
377,2,9976a33c06125158,1.223291,19.657023,1,14203,1,1,0,0,1,0,0,0,0,0,0,0,0,1
378,2,d7d8c163115b8bad,1.962666,20.0,1,14317,1,0,0,0,1,0,0,0,0,0,0,0,0,1
379,2,7b457a5066dcd536,1.474478,19.800232,1,14337,1,1,0,0,1,0,0,0,0,0,0,0,0,0
380,2,94b7a1c2a022d1ac,1.108828,20.0,1,14289,1,1,0,0,1,0,0,0,0,0,0,0,0,1
381,2,873fc64668178b14,1.876675,20.0,1,14215,2,1,0,0,1,0,0,0,0,0,0,0,0,1
382,2,28fa769eff48b138,1.409875,20.0,1,14304,1,1,0,0,1,0,0,0,0,0,0,0,0,1
383,2,00e7404aeba7178b,1.059187,18.418992,0,14214,1,1,0,0,0,0,0,0,0,0,0,0,0,0
384,2,c65b1889e128a689,1.840674,20.0,1,14307,1,0,0,0,1,0,0,0,0,0,0,0,0,1
385,2,08aad3efc4c403c6,1.38283,20.0,1,14322,1,1,0,0,1,0,0,0,0,0,0,0,0,1
386,2,23f17b0ca781ee36,2.082522,20.0,1,14265,2,1,0,0,1,0,0,0,0,0,0,0,0,1
387,2,56b5f87f68401028,1.566086,20.0,1,14317,1,1,0,0,1,0,0,0,0,0,0,0,0,0
388,2,3e516705455cddb9,1.176542,19.613755,1,14321,1,1,0,0,0,0,0,0,0,0,0,0,0,1
389,2,c3809fbebd13d377,1.927545,18.213925,1,14353,1,0,0,0,1,0,0,0,0,0,0,0,0,0
390,2,2b1ff2529d341295,1.448093,20.0,1,14358,1,1,0,0,1,0,0,0,0,0,0,0,0,1
391,2,b42ba38c3416580a,2.133137,20.0,1,14269,2,1,0,0,1,0,0,0,0,0,0,0,0,1
392,2,597ae9255e52d619,1.602546,20.0,1,14267,1,1,0,0,1,0,0,0,0,0,0,0,0,1
393,2,d83d2e2546357597,1.203933,20.0,1,14504,1,1,0,0,1,0,0,0,0,0,0,0,0,1
394,2,cd9440e3e6936070,1.949525,18.705818,0,14029,1,0,0,0,0,0,0,0,0,0,0,0,0,0
395,2,52c498284798b692,1.464605,20.0,1,14474,1,1,0,0,1,0,0,0,0,0,0,0,0,1
396,3,1fd48474a6be9a50,2.143957,20.0,1,13971,2,1,0,0,1,0,0,0,0,0,0,0,0,1
397,3,40ab05863d40ab6a,2.654328,20.0,1,14137,1,0,0,0,0,0,0,0,0,0,0,0,0,1
398,3,9fa3e60e300cac94,1.996092,18.945092,1,14177,1,1,0,0,1,0,0,0,0,0,0,0,0,0
399,3,9522afc9eb92ebd2,1.49959,20.0,1,14092,1,1,0,0,1,0,0,0,0,0,0,0,0,1
400,3,0fba0eaa5e567fe1,0.082932,15.919577,0,13970,0,1,0,0,0,0,0,0,0,0,0,0,0,0
401,3,8f9f8c22e25048df,1.106517,15.45225,1,13902,1,0,0,0,1,0,0,0,0,0,0,0,0,0
402,3,025aca0c2fc547cd,0.831285,18.566387,1,14079,1,1,0,0,1,0,0,0,0,0,0,0,0,1
403,3,ea7305c3d0c4eb0e,2.71182,17.427077,1,13962,2,0,0,0,0,0,0,0,0,0,0,0,0,1
404,3,b3bc2710b036c5b2,2.037289,16.571156,1,14155,1,1,0,0,1,0,0,0,0,0,0,0,0,0
405,3,3c254a4fca255c07,1.53207,19.422749,1,13828,1,1,0,0,1,0,0,0,0,0,0,0,0,1
406,3,7fb0256f65ce4ff6,1.150987,18.07043,1,13944,1,1,0,0,1,0,0,0,0,0,0,0,0,0
407,3,a69e89495c03d18a,1.908347,17.054483,1,13970,1,0,0,0,0,0,0,0,0,0,0,0,0,1
408,3,ba87dd4319678e85,1.435104,19.786218,1,13909,1,1,0,0,1,0,0,0,0,0,0,0,0,1
409,3,3e895dd2e76d3ae9,1.07814,18.34349,1,13921,1,1,0,0,1,0,0,0,0,0,0,0,0,0
410,3,5bfa9aaebee05047,1.85362,17.259623,1,13973,1,0,0,0,0,0,0,0,0,0,0,0,0,1
411,3,ca3938afd42b6b51,1.392555,19.924199,1,14056,1,1,0,0,1,0,0,0,0,0,0,0,0,1
412,3,3840b1179d01d5ca,1.047221,18.463783,1,14078,1,1,0,0,1,0,0,0,0,0,0,0,0,0
413,3,3ad00a257add4750,0.786738,20.0,1,13997,1,1,0,0,1,0,0,0,0,0,0,0,0,1
414,3,715e21df0f1ac6b8,1.6347,15.647928,0,14042,1,0,0,0,0,0,0,0,0,0,0,0,0,0
415,3,ab882b57d80326bc,2.273469,18.728468,1,13973,2,1,0,0,1,0,0,0,0,0,0,0,0,1
416,3,de121b1615b372cf,1.707972,20.0,1,14029,1,1,0,0,1,0,0,0,0,0,0,0,0,1
417,3,0469b68beb7ba893,1.283135,20.0,1,13927,1,1,0,0,1,0,0,0,0,0,0,0,0,1
418,3,77ed09b9b5fdd2d5,0.963972,20.0,1,13966,1,1,0,0,1,0,0,0,0,0,0,0,0,0
419,3,f528f75252723e1c,1.769071,18.952314,1,13980,1,0,0,0,0,0,0,0,0,0,0,0,0,1
420,3,c2f4dc060312be30,1.329037,20.0,1,14023,1,1,0,0,1,0,0,0,0,0,0,0,0,1
421,3,f6d7570dbe7171fa,2.042109,19.402497,1,14007,2,1,0,0,1,0,0,0,0,0,0,0,0,0
422,3,50afc0b225fbdddd,1.535695,20.0,1,13911,1,1,0,0,1,0,0,0,0,0,0,0,0,1
423,3,26bf505ffeb94bbf,2.197364,16.19118,0,14080,1,0,0,0,0,0,0,0,0,0,0,0,0,0
424,3,e40473ff344e55ae,1.650797,19.121518,1,14062,1,1,0,0,1,0,0,0,0,0,0,0,0,1
425,3,90ecaf7479b68915,1.240182,17.844126,1,13936,1,1,0,0,1,0,0,0,0,0,0,0,0,0
426,3,90f3fabff4cf81db,0.932635,16.899539,1,13905,1,1,0,0,0,0,0,0,0,0,0,0,0,1
427,3,856e34ca1b879edb,1.744307,19.653681,1,14072,1,0,0,0,1,0,0,0,0,0,0,0,0,1
428,3,0b681578e0b3316e,1.310433,18.24392,1,13823,1,1,0,0,1,0,0,0,0,0,0,0,0,0
429,3,6a193d527ea85d93,0.985464,20.0,1,13948,1,1,0,0,1,0,0,0,0,0,0,0,0,1
430,3,6b23a3947ba22008,1.783996,20.0,1,13876,2,1,0,0,1,0,0,0,0,0,0,0,0,1
431,3,c0daf2c2b98bb512,2.383903,20.0,1,13920,1,0,0,0,0,0,0,0,0,0,0,0,0,1
432,3,d878d127a6902a03,1.790937,18.788063,1,13953,1,1,0,0,1,0,0,0,0,0,0,0,0,0
433,3,a41f643bc4f08007,1.34681,20.0,1,13843,1,1,0,0,1,0,0,0,0,0,0,0,0,1
434,3,03d1737063f8f901,2.055461,15.84405,0,13839,1,0,0,0,0,0,0,0,0,0,0,0,0,0
435,3,640f8f0d7655f248,1.544191,18.860731,1,13918,1,1,0,0,1,0,0,0,0,0,0,0,0,1
436,3,16713a2d4c1307df,1.161254,17.66404,1,13903,1,1,0,0,0,0,0,0,0,0,0,0,0,1
437,3,228066c4865d7001,1.91606,16.749178,1,13945,1,0,0,0,1,0,0,0,0,0,0,0,0,0
438,3,594d3cb690c42eeb,3.526771,16.061876,1,14052,2,0,0,0,0,0,0,0,0,0,0,0,0,1
439,3,f92c2ee1216a9568,2.649531,19.024376,1,13781,1,1,0,0,1,0,0,0,0,0,0,0,0,1
440,3,2ee1be89f7dc3da8,1.992485,20.0,1,13872,1,1,0,0,1,0,0,0,0,0,0,0,0,1
441,3,2b449090dd14131a,2.540533,15.977557,0,13680,1,0,0,0,0,0,0,0,0,0,0,0,0,0
442,3,4d8ff27cb8f5579d,1.908607,18.96103,1,13762,1,1,0,0,1,0,0,0,0,0,0,0,0,1
443,3,434e1d066d06c0be,1.4353,17.739467,1,13878,1,1,0,0,1,0,0,0,0,0,0,0,0,0
444,3,f47a40e0c1d513a9,2.121941,16.805843,1,13886,1,0,0,0,0,0,0,0,0,0,0,0,0,1
445,3,db81b6b3126b8870,1.594135,16.104446,1,13920,1,1,0,0,1,0,0,0,0,0,0,0,0,0
446,3,c5cd93750c771865,1.197614,19.056357,1,13736,1,1,0,0,1,0,0,0,0,0,0,0,0,1
447,3,3d5819ecf78afd31,0.900623,17.811154,1,13805,1,1,0,0,1,0,0,0,0,0,0,0,0,0
448,3,4f972e9bacb53570,1.720257,16.859699,1,13798,1,0,0,0,0,0,0,0,0,0,0,0,0,1
449,3,ee29760cbff6315d,1.292365,16.144906,1,13922,1,1,0,0,1,0,0,0,0,0,0,0,0,0
450,3,3248fc3ab7d95c1d,0.971877,19.102203,1,13955,1,1,0,0,1,0,0,0,0,0,0,0,0,1
451,3,1b130520811c05b5,0.730135,14.350771,0,13904,1,1,0,0,0,0,0,0,0,0,0,0,0,0
452,3,2fb4a3c0f691e392,1.592176,17.738887,1,13979,1,0,0,0,1,0,0,0,0,0,0,0,0,1
453,3,2b4e2f0ca79f310c,1.196143,16.805407,1,13860,1,1,0,0,1,0,0,0,0,0,0,0,0,0
454,3,75fab394ce4971e4,0.899516,19.598909,1,13715,1,1,0,0,1,0,0,0,0,0,0,0,0,1
455,3,6de8cf41e4a70384,1.719426,14.723928,0,13789,1,0,0,0,0,0,0,0,0,0,0,0,0,0
456,3,72f11724885a9a5a,2.335394,18.019225,1,14038,2,1,0,0,1,0,0,0,0,0,0,0,0,1
457,3,85fe4b2d4b4e16cb,1.75625,20.0,1,13917,1,1,0,0,1,0,0,0,0,0,0,0,0,1
458,3,39c159142a9de391,1.319405,20.0,1,14103,1,1,0,0,1,0,0,0,0,0,0,0,0,1
459,3,c4ebaa3adc5d793a,0.991219,20.0,1,13927,1,1,0,0,1,0,0,0,0,0,0,0,0,1
460,3,0631e102b4139972,1.788319,17.851098,0,14073,1,0,0,0,0,0,0,0,0,0,0,0,0,0
461,3,ab487b26d9be6f4b,1.344842,20.0,1,13707,1,1,0,0,1,0,0,0,0,0,0,0,0,1
462,3,be84e26dfb922b1e,2.053983,20.0,1,13895,2,1,0,0,1,0,0,0,0,0,0,0,0,1
463,3,cca73aec3346c689,1.54308,20.0,1,13673,1,1,0,0,1,0,0,0,0,0,0,0,0,0
464,3,6e8345678aa78b3d,1.160418,20.0,1,13599,1,1,0,0,1,0,0,0,0,0,0,0,0,1
465,3,1a23bdbadcdd5727,1.915432,20.0,1,13419,1,0,0,0,0,0,0,0,0,0,0,0,0,1
466,3,79d920e270fe2cb1,1.438993,18.599464,1,13587,1,1,0,0,1,0,0,0,0,0,0,0,0,0
467,3,9217e5612229976f,1.081061,20.0,1,13433,1,1,0,0,1,0,0,0,0,0,0,0,0,1
468,3,134695b5eb4bd63c,0.812974,19.22074,1,13511,1,1,0,0,1,0,0,0,0,0,0,0,0,0
469,3,f7a3f562cc69e32e,2.698063,17.918668,1,13546,2,0,0,0,0,0,0,0,0,0,0,0,0,1
470,3,6a0a9562773c502d,2.026954,20.0,1,13533,1,1,0,0,1,0,0,0,0,0,0,0,0,1
471,3,eae24d1b7605565b,1.524298,20.0,1,13579,1,1,0,0,1,0,0,0,0,0,0,0,0,1
472,3,531e23b8e8e173ac,1.145148,20.0,1,13567,1,1,0,0,1,0,0,0,0,0,0,0,0,0
473,3,3d55b7a6325cb0e8,1.903961,18.68777,1,13858,1,0,0,0,0,0,0,0,0,0,0,0,0,1
474,3,ee61d6aefbb4fb3d,1.430374,20.0,1,13656,1,1,0,0,1,0,0,0,0,0,0,0,0,1
475,3,4c21477639599fa1,2.119812,20.0,1,13781,2,1,0,0,1,0,0,0,0,0,0,0,0,1
476,3,018cf3a9258160d0,1.592536,17.092074,0,13911,1,1,0,0,0,0,0,0,0,0,0,0,0,0
477,3,ec92ad99ef64a01b,2.240066,19.798325,1,13927,1,0,0,0,1,0,0,0,0,0,0,0,0,1
478,3,6350397cd72a232a,1.684562,18.369125,1,13992,1,1,0,0,1,0,0,0,0,0,0,0,0,0
479,3,fef48a7aa8c5c93f,2.309201,17.278881,1,13986,1,0,0,0,0,0,0,0,0,0,0,0,0,1
480,3,f047b05933002372,1.734817,19.938667,1,13929,1,1,0,0,1,0,0,0,0,0,0,0,0,1
481,3,389f83b263ff3585,2.346956,20.0,1,14037,2,1,0,0,1,0,0,0,0,0,0,0,0,1
482,3,5cf4bf304eb0c57f,2.809095,16.496834,0,14027,1,0,0,0,0,0,0,0,0,0,0,0,0,0
483,3,1a827c8c9e08b49c,2.110368,19.351144,1,14981,1,1,0,0,1,0,0,0,0,0,0,0,0,1
484,3,49509845d3194311,2.629094,14.537791,0,14722,1,0,0,0,0,0,0,0,0,0,0,0,0,0
485,3,5cd1e251b39dd8e7,1.977116,17.893629,1,14538,1,1,0,0,1,0,0,0,0,0,0,0,0,1
486,3,4721f37aedea8e3e,1.485333,20.0,1,14318,1,1,0,0,1,0,0,0,0,0,0,0,0,1
487,3,93e2856f5a962544,2.159529,15.326136,0,15367,1,0,0,0,0,0,0,0,0,0,0,0,0,0
488,3,56f7ea602bc7f8ee,1.622373,18.471642,1,15259,1,1,0,0,1,0,0,0,0,0,0,0,0,1
489,3,3bfb0b37ddaccb1b,1.220048,17.37144,1,14793,1,1,0,0,1,0,0,0,0,0,0,0,0,0
490,3,62d13f8700ee41b0,1.96023,16.529358,1,14671,1,0,0,0,0,0,0,0,0,0,0,0,0,1
491,3,ee75471444d42e70,1.472647,15.896733,1,14617,1,1,0,0,1,0,0,0,0,0,0,0,0,0
492,3,6ced2afae85be9a4,1.107452,15.435072,1,14194,1,1,0,0,0,0,0,0,0,0,0,0,0,1
493,3,4f6c71ca3dd9255c,2.919294,18.553481,1,14937,2,0,0,0,1,0,0,0,0,0,0,0,0,1
494,3,bf7a01b8ccc69149,1.149503,17.417381,1,14897,0,1,0,0,1,0,0,0,0,0,0,0,0,0
495,3,da7e35a8ec040cf3,0.863579,16.563872,1,14988,1,1,0,0,1,0,0,0,0,0,0,0,0,0
496,3,b21392916da5deb2,0.649423,19.417271,1,14823,1,1,0,0,1,0,0,0,0,0,0,0,0,1
497,3,e319b203559875e7,1.531541,14.58747,0,14719,1,0,0,0,0,0,0,0,0,0,0,0,0,0
498,3,0dab56b9c929ee1d,1.150589,17.91671,1,14755,1,1,0,0,1,0,0,0,0,0,0,0,0,1
499,3,0b776e9f6f21a8a6,1.90941,20.0,1,13746,2,1,0,0,1,0,0,0,0,0,0,0,0,1
500,3,461492a5611091f8,1.434468,20.0,1,13659,1,1,0,0,1,0,0,0,0,0,0,0,0,1
501,3,0ffe532718b6dbc3,1.077663,20.0,1,13900,1,1,0,0,1,0,0,0,0,0,0,0,0,0
502,3,af22391e8fb2c5cc,1.853261,18.683729,1,13830,1,0,0,0,0,0,0,0,0,0,0,0,0,1
503,3,7d75e94ecfdb5afc,1.393679,20.0,1,13610,1,1,0,0,1,0,0,0,0,0,0,0,0,1
504,3,5d51ad8bddd0dcde,2.090672,20.0,1,13754,2,1,0,0,1,0,0,0,0,0,0,0,0,1
505,3,439217822866cd7e,2.614297,17.085811,0,13684,1,0,0,0,0,0,0,0,0,0,0,0,0,0
506,3,b61c3ac9b3a72436,1.965989,19.809777,1,13577,1,1,0,0,1,0,0,0,0,0,0,0,0,1
507,3,4864fb10a965950c,1.476974,18.361189,1,13680,1,1,0,0,1,0,0,0,0,0,0,0,0,0
508,3,d56e83bc4b82de74,1.109595,17.27292,1,13803,1,1,0,0,0,0,0,0,0,0,0,0,0,1
509,3,d872133f8b5886de,1.877251,19.934188,1,13671,1,0,0,0,1,0,0,0,0,0,0,0,0,1
510,3,3c942df492a7a97e,2.45587,20.0,1,13633,2,1,0,0,1,0,0,0,0,0,0,0,0,1
511,3,006be032c26e55f1,1.845003,20.0,1,13625,1,1,0,0,1,0,0,0,0,0,0,0,0,1
512,3,5879f3bd1f7e8b01,2.429735,17.616547,0,13865,1,0,0,0,0,0,0,0,0,0,0,0,0,0
513,3,f7167a70cda92187,1.827196,20.0,1,13578,1,1,0,0,1,0,0,0,0,0,0,0,0,1
514,3,4660e8069c33e4e2,2.416357,20.0,1,13745,2,1,0,0,1,0,0,0,0,0,0,0,0,1
515,3,bd4131175b4371b1,2.858972,16.632863,0,13888,1,0,0,0,0,0,0,0,0,0,0,0,0,0
516,3,9a0bde1be34bab84,2.147839,19.453337,1,13878,1,1,0,0,1,0,0,0,0,0,0,0,0,1
517,3,db591e1df06ab20d,1.615205,20.0,1,13783,1,1,0,0,1,0,0,0,0,0,0,0,0,1
518,3,f565fe76b3a55eb7,2.257097,16.219903,0,14694,1,0,0,0,0,0,0,0,0,0,0,0,0,0
519,3,8a99ef84095d67e8,1.695672,19.143096,1,14151,1,1,0,0,1,0,0,0,0,0,0,0,0,1
520,3,e1d738ca7c08c6a7,1.27517,17.876383,1,13798,1,1,0,0,1,0,0,0,0,0,0,0,0,0
521,3,a8542e710c1ddd79,2.001641,20.0,1,13729,2,1,0,0,1,0,0,0,0,0,0,0,0,1
522,3,446d3a67b2df5167,1.503758,18.795246,1,13940,1,1,0,0,0,0,0,0,0,0,0,0,0,1
523,3,7caf18e64d4ac095,2.17337,20.0,1,13927,1,0,0,0,1,0,0,0,0,0,0,0,0,1
524,3,11ea72c4f3a2cdb9,1.634406,19.331349,1,13669,1,1,0,0,1,0,0,0,0,0,0,0,0,0
525,3,0b590bedcb80ab45,1.227868,20.0,1,13669,1,1,0,0,1,0,0,0,0,0,0,0,0,1
526,3,ba40351575d1be28,1.966105,19.616423,1,13647,1,0,0,0,0,0,0,0,0,0,0,0,0,1
527,3,c3877ee82c25de5b,2.522689,20.0,1,13550,2,1,0,0,1,0,0,0,0,0,0,0,0,1
528,3,570fc3b2d2b08e53,2.938855,16.31204,0,13736,1,0,0,0,0,0,0,0,0,0,0,0,0,0
529,3,e8c2cbfdd3adba74,2.207852,19.212315,1,13686,1,1,0,0,1,0,0,0,0,0,0,0,0,1
530,3,cdcb84d7540b9bca,2.70233,17.912338,1,13646,1,0,0,0,0,0,0,0,0,0,0,0,0,1
531,3,5e519f672492e305,2.032191,20.0,1,13505,1,1,0,0,1,0,0,0,0,0,0,0,0,1
532,3,05ce32a3bbb11d68,2.570362,15.3493,0,13511,1,0,0,0,0,0,0,0,0,0,0,0,0,0
533,3,486b95b95025322b,2.974671,18.489044,1,13793,2,1,0,0,1,0,0,0,0,0,0,0,0,1
534,3,c79b50324d2d43fc,2.236995,17.384526,1,13584,1,1,0,0,0,0,0,0,0,0,0,0,0,1
535,3,1ac4dcd86ba6db03,2.724224,20.0,1,13741,1,0,0,0,1,0,0,0,0,0,0,0,0,1
536,3,1d912ca04cb92a43,2.046607,18.517645,1,13897,1,1,0,0,1,0,0,0,0,0,0,0,0,0
537,3,a3e1ddc864ca72e2,1.53754,17.390459,1,13979,1,1,0,0,0,0,0,0,0,0,0,0,0,1
538,3,464dc852e6aed03d,2.200402,16.558375,1,14074,1,0,0,0,1,0,0,0,0,0,0,0,0,0
539,3,1abd13b6436d843d,1.65308,19.397377,1,14330,1,1,0,0,1,0,0,0,0,0,0,0,0,1
540,3,0f6df51dbb8b1fd1,1.241897,20.0,1,14443,1,1,0,0,1,0,0,0,0,0,0,0,0,1
541,3,1f19d71997adcf5d,3.022225,19.671529,1,14435,2,0,0,0,0,0,0,0,0,0,0,0,0,1
542,3,9aac2c8eaa236f65,2.270485,20.0,1,15060,1,1,0,0,1,0,0,0,0,0,0,0,0,1
543,3,13343e5cc94dc7da,1.70573,19.808419,1,15213,1,1,0,0,1,0,0,0,0,0,0,0,0,0
544,3,4074e08ab2ab0a7f,1.281452,20.0,1,15296,1,1,0,0,1,0,0,0,0,0,0,0,0,1
545,3,ffb373290702f448,2.00782,19.903751,1,15213,2,1,0,0,0,0,0,0,0,0,0,0,0,1
546,3,73c6ee1e8a8c0422,2.552054,20.0,1,15634,1,0,0,0,1,0,0,0,0,0,0,0,0,1
547,3,1128f20c8b0f1bad,2.960916,20.0,1,15659,2,1,0,0,1,0,0,0,0,0,0,0,0,1
548,3,679885c0e022d551,2.226651,20.0,1,14328,1,1,0,0,1,0,0,0,0,0,0,0,0,1
549,3,0556dae712f48201,1.6728,20.0,1,14247,1,1,0,0,1,0,0,0,0,0,0,0,0,0
550,3,167533a724b7863a,2.300365,19.960652,1,13965,1,0,0,0,0,0,0,0,0,0,0,0,0,1
551,3,d836226da32e8484,2.771832,20.0,1,14380,2,1,0,0,1,0,0,0,0,0,0,0,0,1
552,3,5ad6c2c503bae457,2.084457,19.989757,1,14281,1,1,0,0,1,0,0,0,0,0,0,0,0,0
553,3,263c3fbd45a47697,1.565975,20.0,1,14062,1,1,0,0,1,0,0,0,0,0,0,0,0,1
554,3,7bb406fbc1e31b1d,2.220112,19.988025,1,14164,1,0,0,0,0,0,0,0,0,0,0,0,0,1
555,3,70f0de6f362402ce,1.669556,20.0,1,14250,1,1,0,0,1,0,0,0,0,0,0,0,0,1
556,3,17c577b76f99c4f6,1.254275,20.0,1,14069,1,1,0,0,1,0,0,0,0,0,0,0,0,0
557,3,da7abe8ad8cb09b3,0.94229,20.0,1,14229,1,1,0,0,1,0,0,0,0,0,0,0,0,1
558,3,391bf268a6984f36,1.75156,20.0,1,14276,2,1,0,0,1,0,0,0,0,0,0,0,0,1
559,3,27b047f79f0e1cc5,2.361349,17.652118,0,14033,1,0,0,0,0,0,0,0,0,0,0,0,0,0
560,3,3716a4add8c0fb03,1.773993,20.0,1,14244,1,1,0,0,1,0,0,0,0,0,0,0,0,1
561,3,a9b68056f54a3ce0,1.332735,20.0,1,14288,1,1,0,0,1,0,0,0,0,0,0,0,0,1
562,3,3b7c98417b6899ec,1.002236,16.655249,0,14277,1,1,0,0,0,0,0,0,0,0,0,0,0,0
563,3,51c8b11ffb45ecac,1.796595,19.470155,1,14403,1,0,0,0,1,0,0,0,0,0,0,0,0,1
564,3,b406c0e5673883cc,1.349715,18.106044,1,14510,1,1,0,0,1,0,0,0,0,0,0,0,0,0
565,3,de068d077d895194,2.057644,20.0,1,14751,2,1,0,0,1,0,0,0,0,0,0,0,0,1
566,3,00e4f29904ee2761,2.591528,18.941977,1,14619,1,0,0,0,0,0,0,0,0,0,0,0,0,1
567,4,1fd48474a6be9a50,1.946918,20.0,1,14094,1,1,0,0,1,0,0,0,0,0,0,0,0,1
568,4,40ab05863d40ab6a,1.462647,19.396663,1,13984,1,1,0,0,1,0,0,0,0,0,0,0,0,0
569,4,9fa3e60e300cac94,2.144082,18.067069,1,14318,1,0,0,0,0,0,0,0,0,0,0,0,0,1
570,4,9522afc9eb92ebd2,1.610768,17.051958,1,14077,1,1,0,0,1,0,0,0,0,0,0,0,0,0
571,4,0fba0eaa5e567fe1,1.21011,16.289343,1,14219,1,1,0,0,0,0,0,0,0,0,0,0,0,1
572,4,8f9f8c22e25048df,1.952764,15.716419,1,13833,1,0,0,0,1,0,0,0,0,0,0,0,0,0
573,4,025aca0c2fc547cd,1.468506,18.779975,1,13967,1,1,0,0,1,0,0,0,0,0,0,0,0,1
574,4,ea7305c3d0c4eb0e,1.103234,14.108693,0,13905,1,1,0,0,0,0,0,0,0,0,0,0,0,0
575,4,b3bc2710b036c5b2,1.872472,17.557023,1,13953,1,0,0,0,1,0,0,0,0,0,0,0,0,1
576,4,3c254a4fca255c07,1.408125,16.683633,1,13990,1,1,0,0,1,0,0,0,0,0,0,0,0,0
577,4,7fb0256f65ce4ff6,1.057872,19.491479,1,14023,1,1,0,0,1,0,0,0,0,0,0,0,0,1
578,4,a69e89495c03d18a,1.838393,14.643219,0,14102,1,0,0,0,0,0,0,0,0,0,0,0,0,0
579,4,ba87dd4319678e85,2.424769,17.958592,1,13955,2,1,0,0,1,0,0,0,0,0,0,0,0,1
580,4,3e895dd2e76d3ae9,1.823461,20.0,1,13834,1,1,0,0,1,0,0,0,0,0,0,0,0,1
581,4,5bfa9aaebee05047,1.369898,20.0,1,13942,1,1,0,0,1,0,0,0,0,0,0,0,0,1
582,4,ca3938afd42b6b51,1.029153,20.0,1,14152,1,1,0,0,1,0,0,0,0,0,0,0,0,1
583,4,3840b1179d01d5ca,1.818088,17.849605,0,14006,1,0,0,0,0,0,0,0,0,0,0,0,0,0
584,4,3ad00a257add4750,1.365862,20.0,1,13998,1,1,0,0,1,0,0,0,0,0,0,0,0,1
585,4,715e21df0f1ac6b8,2.069774,20.0,1,14072,2,1,0,0,1,0,0,0,0,0,0,0,0,1
586,4,ab882b57d80326bc,2.598597,20.0,1,13922,1,0,0,0,0,0,0,0,0,0,0,0,0,1
587,4,de121b1615b372cf,1.954182,20.0,1,13927,1,1,0,0,1,0,0,0,0,0,0,0,0,1
588,4,0469b68beb7ba893,1.468104,20.0,1,13923,1,1,0,0,1,0,0,0,0,0,0,0,0,0
589,4,77ed09b9b5fdd2d5,2.146585,18.595188,1,13959,1,0,0,0,0,0,0,0,0,0,0,0,0,1
590,4,f528f75252723e1c,1.614263,17.464348,1,14016,1,1,0,0,1,0,0,0,0,0,0,0,0,0
591,4,d7ff3472159233ec,2.256388,20.0,1,13833,2,1,0,0,1,0,0,0,0,0,0,0,0,1
592,4,f6d7570dbe7171fa,1.69514,20.0,1,14041,1,1,0,0,1,0,0,0,0,0,0,0,0,1
593,4,50afc0b225fbdddd,1.273496,20.0,1,13983,1,1,0,0,0,0,0,0,0,0,0,0,0,1
594,4,77cb534e4dd68f47,2.001837,18.549235,1,13934,1,0,0,0,1,0,0,0,0,0,0,0,0,0
595,4,03a072c123c7f460,1.503906,20.0,1,14010,1,1,0,0,1,0,0,0,0,0,0,0,0,1
596,4,40a0b4653c2b8b16,1.129828,20.0,1,14084,1,1,0,0,1,0,0,0,0,0,0,0,0,1
597,4,8ced9c6091029967,0.849647,20.0,1,13966,1,1,0,0,1,0,0,0,0,0,0,0,0,0
598,4,f446b42f744adfb3,1.681961,18.892137,1,13919,1,0,0,0,0,0,0,0,0,0,0,0,0,1
599,4,ffdd19bd8ebe00f5,2.307248,20.0,1,13880,2,1,0,0,1,0,0,0,0,0,0,0,0,1
600,4,b9666f9e7129180f,1.733349,20.0,1,13873,1,1,0,0,1,0,0,0,0,0,0,0,0,1
601,4,826bb28746b5aff3,1.303503,20.0,1,13965,1,1,0,0,1,0,0,0,0,0,0,0,0,1
602,4,3c2e28f559cf9803,2.022927,18.137401,0,13865,1,0,0,0,0,0,0,0,0,0,0,0,0,0
603,4,f896a9eeacd54b0b,2.563403,20.0,1,14035,2,1,0,0,1,0,0,0,0,0,0,0,0,1
604,4,7e91fafbe2aeffcf,1.927715,20.0,1,13864,1,1,0,0,1,0,0,0,0,0,0,0,0,1
605,4,23f5c9c20ef02c3c,2.491874,20.0,1,13754,1,0,0,0,0,0,0,0,0,0,0,0,0,1
606,4,a58dd937fd8efc88,1.872052,18.757515,1,13987,1,1,0,0,1,0,0,0,0,0,0,0,0,0
607,4,5320635b6f8274a1,2.450056,17.570665,1,13868,1,0,0,0,0,0,0,0,0,0,0,0,0,1
608,4,5be3b3e7f0a13351,1.842477,16.693892,1,13940,1,1,0,0,1,0,0,0,0,0,0,0,0,0
609,4,e98b0d3057414656,1.384184,19.499186,1,13843,1,1,0,0,1,0,0,0,0,0,0,0,0,1
610,4,19b0b3689610e0ce,2.083539,18.127854,1,13880,1,0,0,0,0,0,0,0,0,0,0,0,0,1
611,4,8f0405fa715f723a,1.566851,17.112906,1,13839,1,1,0,0,1,0,0,0,0,0,0,0,0,0
612,4,717c08cd848d2565,1.177117,19.813976,1,13691,1,1,0,0,1,0,0,0,0,0,0,0,0,1
613,4,2fcdacff6fd5f19a,2.97163,18.364344,1,13743,2,0,0,0,0,0,0,0,0,0,0,0,0,1
614,4,be92632e08fda589,2.232475,17.27529,1,14129,1,1,0,0,1,0,0,0,0,0,0,0,0,0
615,4,da9796b4d4dded73,1.678853,19.952267,1,13872,1,1,0,0,1,0,0,0,0,0,0,0,0,1
616,4,a89450d0d8fdc21d,1.261259,14.989393,0,13778,1,1,0,0,0,0,0,0,0,0,0,0,0,0
617,4,4b7d1848fe166648,1.99119,18.218659,1,13814,1,0,0,0,1,0,0,0,0,0,0,0,0,1
618,4,52aec14325aadabd,1.497404,17.181193,1,13766,1,1,0,0,1,0,0,0,0,0,0,0,0,0
619,4,1cc1ad2dab05c3da,1.124943,19.865277,1,13849,1,1,0,0,1,0,0,0,0,0,0,0,0,1
620,4,58326b8dcd4ecfed,1.888781,18.402885,1,13958,1,0,0,0,0,0,0,0,0,0,0,0,0,1
621,4,c2784a66aae91d96,1.418971,17.304244,1,13904,1,1,0,0,1,0,0,0,0,0,0,0,0,0
622,4,1634f22125aaaddb,1.067086,19.974041,1,13969,1,1,0,0,1,0,0,0,0,0,0,0,0,1
623,4,c2fa137b65a08f6d,0.801662,15.005751,0,13743,1,1,0,0,0,0,0,0,0,0,0,0,0,0
624,4,9f3c46088413518d,1.645912,18.230949,1,13942,1,0,0,0,1,0,0,0,0,0,0,0,0,1
625,4,3d6b81bcc44825cf,1.237749,17.190435,1,13854,1,1,0,0,1,0,0,0,0,0,0,0,0,0
626,4,d0a693f02e40683d,0.929875,19.87222,1,13892,1,1,0,0,1,0,0,0,0,0,0,0,0,1
627,4,d1387a07a43457e4,1.742234,18.408101,1,13863,1,0,0,0,0,0,0,0,0,0,0,0,0,1
628,4,c4de66169094d5d7,2.352528,17.308162,1,14216,2,1,0,0,1,0,0,0,0,0,0,0,0,0
629,4,7a4b3bddda608254,1.769135,19.976988,1,13778,1,1,0,0,1,0,0,0,0,0,0,0,0,1
630,4,c8313293713bf421,1.329085,18.486809,1,14087,1,1,0,0,1,0,0,0,0,0,0,0,0,0
631,4,0cdf4c2415b07f67,0.998492,20.0,1,13923,1,1,0,0,1,0,0,0,0,0,0,0,0,1
632,4,72a6819c81f6a565,2.839181,19.157094,1,14029,2,0,0,0,0,0,0,0,0,0,0,0,0,1
633,4,323b8014f8ce7863,2.132971,20.0,1,14160,1,1,0,0,1,0,0,0,0,0,0,0,0,1
634,4,a2efa2e8f5f73b01,1.602421,20.0,1,15145,1,1,0,0,1,0,0,0,0,0,0,0,0,1
635,4,bf597c526672b7b1,1.203839,20.0,1,15076,1,1,0,0,1,0,0,0,0,0,0,0,0,0
636,4,e62020f9214f838b,1.949455,19.088986,1,14828,1,0,0,0,0,0,0,0,0,0,0,0,0,1
637,4,2d7fa56c0153bae3,2.508206,20.0,1,15986,2,1,0,0,1,0,0,0,0,0,0,0,0,1
638,4,d8dc84937b47d855,1.884321,20.0,1,15860,1,1,0,0,1,0,0,0,0,0,0,0,0,1
639,4,b3de1b073ac48f56,2.461187,20.0,1,16021,2,1,0,0,1,0,0,0,0,0,0,0,0,1
640,4,cfb30a7c393eb099,1.848998,20.0,1,15955,1,1,0,0,1,0,0,0,0,0,0,0,0,0
641,4,9e488a91b929a948,1.389083,19.765477,1,16115,1,1,0,0,0,0,0,0,0,0,0,0,0,1
642,4,f9c089e8cf7631ec,2.087219,20.0,1,16353,1,0,0,0,1,0,0,0,0,0,0,0,0,1
643,4,e0157d6bcbe75a03,2.613769,20.0,1,16462,2,1,0,0,1,0,0,0,0,0,0,0,0,1
644,4,e37ad11b60037f34,1.963627,20.0,1,16594,1,1,0,0,1,0,0,0,0,0,0,0,0,0
645,4,30ee94611ad4e925,3.562506,19.276645,1,16698,2,0,0,0,0,0,0,0,0,0,0,0,0,1
646,4,036abe4d4f6c5d11,2.679056,20.0,1,16548,1,1,0,0,1,0,0,0,0,0,0,0,0,1
647,4,85d337a59a9dac00,3.056328,20.0,1,16760,2,1,0,0,1,0,0,0,0,0,0,0,0,1
648,4,66ce4f7414d82a4b,3.339758,20.0,1,16515,1,0,0,0,0,0,0,0,0,0,0,0,0,1
649,4,ae7b381de65b3686,2.509035,19.117359,1,15176,1,1,0,0,1,0,0,0,0,0,0,0,0,0
650,4,2aecf54420e2a190,2.930981,20.0,1,13743,2,1,0,0,1,0,0,0,0,0,0,0,0,1
651,4,620143bfa815cbad,3.24559,19.508933,1,14046,1,0,0,0,0,0,0,0,0,0,0,0,0,1
652,4,eb35514cc506b61f,2.43829,18.135177,1,13912,1,1,0,0,1,0,0,0,0,0,0,0,0,0
653,4,62069708fdad57b2,2.87778,17.118413,1,13863,1,0,0,0,0,0,0,0,0,0,0,0,0,1
654,4,3ec403ca5a965708,2.161968,16.339268,1,14125,1,1,0,0,1,0,0,0,0,0,0,0,0,0
655,4,ac18cdfb2212f518,1.624206,19.232771,1,14146,1,1,0,0,1,0,0,0,0,0,0,0,0,1
656,4,19b109607c8ff5b9,2.263859,17.927706,1,13860,1,0,0,0,0,0,0,0,0,0,0,0,0,1
657,4,44356c1e30ee7d35,1.702454,16.962392,1,13713,1,1,0,0,1,0,0,0,0,0,0,0,0,0
658,4,d97f0a9ed5fc89bf,2.322643,16.222056,1,13546,1,0,0,0,0,0,0,0,0,0,0,0,0,1
659,4,0b81b21305592c32,1.744915,15.665868,1,13785,1,1,0,0,1,0,0,0,0,0,0,0,0,0
660,4,c48a41a754438d99,1.312201,18.74196,1,13638,1,1,0,0,1,0,0,0,0,0,0,0,0,1
661,4,202375f6feca9736,0.985808,17.558978,1,13572,1,1,0,0,1,0,0,0,0,0,0,0,0,0
662,4,e93cd62c57c033a9,1.784254,16.670248,1,13585,1,0,0,0,0,0,0,0,0,0,0,0,0,1
663,4,c4c3ba56d580260c,1.340443,16.002579,1,13657,1,1,0,0,1,0,0,0,0,0,0,0,0,0
664,4,6d35e0b5bdc858a6,1.008032,15.514669,1,13598,1,1,0,0,0,0,0,0,0,0,0,0,0,1
665,4,11c3c30b12159ceb,1.80095,15.134436,1,13522,1,0,0,0,1,0,0,0,0,0,0,0,0,0
666,4,0e174efad7937ddb,2.39664,18.327625,1,13449,2,1,0,0,1,0,0,0,0,0,0,0,0,1
667,4,ac89a6add3b3e6f0,1.802307,20.0,1,13761,1,1,0,0,1,0,0,0,0,0,0,0,0,1
668,4,46b655a5ff7abad7,1.354006,19.062765,1,13486,1,1,0,0,1,0,0,0,0,0,0,0,0,0
669,4,7b8201bb30769700,2.060868,17.799987,1,13632,1,0,0,0,0,0,0,0,0,0,0,0,0,1
670,4,5118edfbe0a0b3fc,1.548253,16.851309,1,13578,1,1,0,0,1,0,0,0,0,0,0,0,0,0
671,4,51fb47364e989d8d,1.164308,19.633428,1,13740,1,1,0,0,1,0,0,0,0,0,0,0,0,1
672,4,dc33241fe097e674,1.918355,18.228705,1,13714,1,0,0,0,0,0,0,0,0,0,0,0,0,1
673,4,244cce01b99b98c7,1.441188,17.173389,1,13691,1,1,0,0,1,0,0,0,0,0,0,0,0,0
674,4,3b65b1951a59d477,1.083794,19.875637,1,13755,1,1,0,0,1,0,0,0,0,0,0,0,0,1
675,4,b850c2f315a1865b,0.814214,18.410667,1,13790,1,1,0,0,1,0,0,0,0,0,0,0,0,0
676,4,0fa353241bda36d8,2.698995,17.310091,1,13594,2,0,0,0,0,0,0,0,0,0,0,0,0,1
677,4,a17d8df0ab25af36,2.027654,19.962113,1,13631,1,1,0,0,1,0,0,0,0,0,0,0,0,1
678,4,299233ead1629b2b,2.568975,18.492295,1,13632,1,0,0,0,0,0,0,0,0,0,0,0,0,1
679,4,974adcccfcca391d,1.929975,17.371415,1,13617,1,1,0,0,1,0,0,0,0,0,0,0,0,0
680,4,0c843024e17538c1,2.493572,20.0,1,13794,2,1,0,0,1,0,0,0,0,0,0,0,0,1
681,4,93d7cad56150359c,1.875201,20.0,1,13659,1,1,0,0,1,0,0,0,0,0,0,0,0,1
682,4,06289adec5467162,2.452422,20.0,1,13600,1,0,0,0,0,0,0,0,0,0,0,0,0,1
683,4,32457a9317851d42,1.842413,20.0,1,14032,1,1,0,0,1,0,0,0,0,0,0,0,0,1
684,4,cefec3720e578d01,1.384136,20.0,1,13629,1,1,0,0,1,0,0,0,0,0,0,0,0,1
685,4,10f0510c46f6a357,2.085041,20.0,1,13688,2,1,0,0,1,0,0,0,0,0,0,0,0,0
686,4,d2abc35df3320db8,2.610066,19.358623,1,13928,1,0,0,0,0,0,0,0,0,0,0,0,0,1
687,4,43bf3dbab03c5d83,1.960845,20.0,1,13826,1,1,0,0,1,0,0,0,0,0,0,0,0,1
688,4,1dc877fe4ac4b180,1.474584,20.0,1,13633,1,1,0,0,1,0,0,0,0,0,0,0,0,1
689,4,4d2f235fcec5fc03,1.1078,20.0,1,13826,1,1,0,0,1,0,0,0,0,0,0,0,0,0
690,4,2d50e5b12cfec82d,2.919555,19.146916,1,13801,2,0,0,0,0,0,0,0,0,0,0,0,0,1
691,4,a10d19cbb864478a,2.193353,20.0,1,13899,1,1,0,0,1,0,0,0,0,0,0,0,0,1
692,4,7ccfc13a41f10af2,1.649432,20.0,1,13775,1,1,0,0,1,0,0,0,0,0,0,0,0,1
693,4,aa033d6dec6732d3,2.28281,20.0,1,13812,1,0,0,0,0,0,0,0,0,0,0,0,0,1
694,4,78115053c6d5aa2f,1.71499,19.07941,1,13806,1,1,0,0,1,0,0,0,0,0,0,0,0,0
695,4,9223b78ec8015401,3.377998,17.82849,1,13823,2,0,0,0,0,0,0,0,0,0,0,0,0,1
696,4,355e9621298b042e,2.537764,20.0,1,13922,1,1,0,0,1,0,0,0,0,0,0,0,0,1
697,4,45c3bce7c19dfe82,1.906527,20.0,1,13828,1,1,0,0,1,0,0,0,0,0,0,0,0,1
698,4,d9e47eac35f7750a,2.475956,16.713385,0,13988,1,0,0,0,0,0,0,0,0,0,0,0,0,0
699,4,6e3240da0976c8ef,1.861954,19.529707,1,14005,1,1,0,0,1,0,0,0,0,0,0,0,0,1
700,4,15dd9f15a2894f77,2.44247,14.671939,0,13833,1,0,0,0,0,0,0,0,0,0,0,0,0,0
701,4,eaa43ba8eb7f7332,1.834936,17.980168,1,13791,1,1,0,0,1,0,0,0,0,0,0,0,0,1
702,4,6f9e550670fa8eec,1.379898,20.0,1,14019,1,1,0,0,1,0,0,0,0,0,0,0,0,1
703,4,33018317a1917bf9,2.080319,20.0,1,14324,2,1,0,0,1,0,0,0,0,0,0,0,0,1
704,4,ba383bac80adefb3,2.606519,20.0,1,13932,1,0,0,0,0,0,0,0,0,0,0,0,0,1
705,4,27bf6e48f932e47f,1.958181,18.703963,1,14074,1,1,0,0,1,0,0,0,0,0,0,0,0,0
706,4,3c97e97db135ae26,1.47258,20.0,1,13878,1,1,0,0,1,0,0,0,0,0,0,0,0,1
707,4,c4e56604953c1c24,2.149947,15.796536,0,14093,1,0,0,0,0,0,0,0,0,0,0,0,0,0
708,4,d9276ea29665c019,1.615175,18.825036,1,14039,1,1,0,0,1,0,0,0,0,0,0,0,0,1
709,4,08305b2484e17d6d,1.214635,17.637197,1,13949,1,1,0,0,1,0,0,0,0,0,0,0,0,0
710,4,ee729d5ce278ce12,1.956163,16.729012,1,13896,1,0,0,0,0,0,0,0,0,0,0,0,0,1
711,4,59c7156863157a36,1.469592,19.52557,1,14237,1,1,0,0,1,0,0,0,0,0,0,0,0,1
712,4,d1ea8f8b759fc9e1,1.10405,20.0,1,14029,1,1,0,0,1,0,0,0,0,0,0,0,0,1
713,4,7f41f83700b6ec72,0.830261,19.743953,1,14101,1,1,0,0,1,0,0,0,0,0,0,0,0,0
714,4,a0fd29a2089234b1,1.667397,20.0,1,14194,2,1,0,0,1,0,0,0,0,0,0,0,0,1
715,4,34302495c1cb7056,2.296307,16.37045,0,14279,1,0,0,0,0,0,0,0,0,0,0,0,0,0
716,4,eb5af491a9186808,1.726855,19.271815,1,14196,1,1,0,0,1,0,0,0,0,0,0,0,0,1
717,4,76aef1f83a3fe05c,1.297322,20.0,1,14230,1,1,0,0,1,0,0,0,0,0,0,0,0,1
718,4,b6c075215fcc9a56,0.974629,19.582822,1,14164,1,1,0,0,1,0,0,0,0,0,0,0,0,0
719,4,6a122bbc37db0578,0.732203,18.190687,1,14382,1,1,0,0,0,0,0,0,0,0,0,0,0,1
720,4,94ee2cfdefe2962f,1.594777,17.160158,1,14305,1,0,0,0,1,0,0,0,0,0,0,0,0,0
721,4,31259b15e3c0d688,1.198097,19.849474,1,14345,1,1,0,0,1,0,0,0,0,0,0,0,0,1
722,4,cbe9e27dd9fcc496,0.900085,18.391012,1,14390,1,1,0,0,1,0,0,0,0,0,0,0,0,0
723,4,ef6e9a6b8c9dedac,0.676877,20.0,1,14275,1,1,0,0,1,0,0,0,0,0,0,0,0,1
724,4,108ab896ce851076,0.508512,19.098576,1,14524,1,1,0,0,0,0,0,0,0,0,0,0,0,1
725,4,5ab748308c938d4b,2.469333,20.0,1,14453,2,0,0,0,1,0,0,0,0,0,0,0,0,1
726,4,ea9870eb0110fe66,1.855118,20.0,1,14521,1,1,0,0,1,0,0,0,0,0,0,0,0,1
727,4,0f93f5a5c56ce4d0,1.395075,20.0,1,14509,1,1,0,0,1,0,0,0,0,0,0,0,0,0
728,4,d47d647e87814b3c,2.091721,20.0,1,14526,2,1,0,0,1,0,0,0,0,0,0,0,0,2
729,4,f2ec3b3dd5393045,1.571432,19.551601,0,14566,1,1,0,0,0,0,0,0,0,0,0,0,0,0
730,4,227ae4cf8dece492,2.22589,20.0,1,14437,1,0,0,0,1,0,0,0,0,0,0,0,0,1
731,4,96ad3bf04ec494ef,1.672228,20.0,1,14709,1,1,0,0,1,0,0,0,0,0,0,0,0,1
732,4,19888b20d2fcca97,2.299935,20.0,1,14421,2,1,0,0,1,0,0,0,0,0,0,0,0,1
733,4,ae4a85d8ded1111e,2.771509,18.339713,0,14511,1,0,0,0,0,0,0,0,0,0,0,0,0,0
734,4,b5c343bc73c07e31,2.084214,20.0,1,14567,1,1,0,0,1,0,0,0,0,0,0,0,0,1
735,4,d2584a1b87bd0bdb,1.565792,19.069594,1,14482,1,1,0,0,1,0,0,0,0,0,0,0,0,0
736,4,40e460a3d012b503,1.176321,20.0,1,14630,1,1,0,0,1,0,0,0,0,0,0,0,0,1
737,4,1ed4e450630ad4da,2.972911,19.486345,1,14533,2,0,0,0,0,0,0,0,0,0,0,0,0,1
738,4,e15713dbe218689a,2.233437,20.0,1,14296,1,1,0,0,1,0,0,0,0,0,0,0,0,1
739,4,20ff1058688d2961,1.677898,19.703902,1,14239,1,1,0,0,1,0,0,0,0,0,0,0,0,0
740,4,e189b5e4b7720b8e,1.260542,20.0,1,14164,1,1,0,0,1,0,0,0,0,0,0,0,0,1
741,4,15c0b08e70798cde,1.992096,16.364202,0,14141,1,0,0,0,0,0,0,0,0,0,0,0,0,0
742,4,18153679ff9d16b8,1.496587,19.251502,1,14148,1,1,0,0,1,0,0,0,0,0,0,0,0,1
743,4,9c632b2142868ffc,1.12433,17.941778,1,13747,1,1,0,0,1,0,0,0,0,0,0,0,0,0
744,4,25177066f9937594,1.889663,16.972975,1,13642,1,0,0,0,0,0,0,0,0,0,0,0,0,1
745,4,6c8753e93e35da38,1.419633,19.70885,1,14152,1,1,0,0,1,0,0,0,0,0,0,0,0,1
746,4,8f7e9cb986646572,2.110171,14.806523,0,14133,1,0,0,0,0,0,0,0,0,0,0,0,0,0
747,4,44573aa812dd557e,1.585292,18.081276,1,13887,1,1,0,0,1,0,0,0,0,0,0,0,0,1
748,4,965767a299f94935,1.192162,17.077879,1,13742,1,1,0,0,1,0,0,0,0,0,0,0,0,0
749,4,ea3a4447d5c43313,0.895627,16.308817,1,13665,1,1,0,0,0,0,0,0,0,0,0,0,0,1
750,4,d132a8266aa653a9,1.716504,15.731049,1,13604,1,0,0,0,1,0,0,0,0,0,0,0,0,0
751,4,6fefc172199fec08,1.290836,18.790976,1,13508,1,1,0,0,1,0,0,0,0,0,0,0,0,1
752,5,1fd48474a6be9a50,0.969757,17.595803,1,13949,1,1,0,0,1,0,0,0,0,0,0,0,0,0
753,5,40ab05863d40ab6a,1.772195,16.697913,1,14087,1,0,0,0,0,0,0,0,0,0,0,0,0,1
754,5,9fa3e60e300cac94,1.331384,16.023362,1,14421,1,1,0,0,1,0,0,0,0,0,0,0,0,0
755,5,9522afc9eb92ebd2,1.00122,19.0108,1,14010,1,1,0,0,1,0,0,0,0,0,0,0,0,1
756,5,0fba0eaa5e567fe1,0.752179,17.760948,1,14053,1,1,0,0,1,0,0,0,0,0,0,0,0,0
757,5,8f9f8c22e25048df,1.608737,16.821981,1,13883,1,0,0,0,0,0,0,0,0,0,0,0,0,1
758,5,025aca0c2fc547cd,1.209793,16.130871,1,13852,1,1,0,0,1,0,0,0,0,0,0,0,0,0
759,5,ea7305c3d0c4eb0e,0.908873,19.076209,1,13979,1,1,0,0,1,0,0,0,0,0,0,0,0,1
760,5,b3bc2710b036c5b2,0.682802,17.810088,1,13968,1,1,0,0,1,0,0,0,0,0,0,0,0,0
761,5,3c254a4fca255c07,0.512964,16.858898,1,14029,1,1,0,0,0,0,0,0,0,0,0,0,0,1
762,5,7fb0256f65ce4ff6,1.429906,16.158633,1,14017,1,0,0,0,1,0,0,0,0,0,0,0,0,0
763,5,a69e89495c03d18a,1.074235,19.097066,1,13996,1,1,0,0,1,0,0,0,0,0,0,0,0,1
764,5,ba87dd4319678e85,0.807033,17.825756,1,13954,1,1,0,0,1,0,0,0,0,0,0,0,0,0
765,5,3e895dd2e76d3ae9,0.6069,20.0,1,13903,1,1,0,0,1,0,0,0,0,0,0,0,0,1
766,5,5bfa9aaebee05047,2.543248,18.779229,1,13915,2,0,0,0,0,0,0,0,0,0,0,0,0,1
767,5,ca3938afd42b6b51,1.910647,17.586977,1,14024,1,1,0,0,1,0,0,0,0,0,0,0,0,0
768,5,3840b1179d01d5ca,1.435398,20.0,1,14006,1,1,0,0,1,0,0,0,0,0,0,0,0,1
769,5,3ad00a257add4750,1.07944,18.648725,1,13995,1,1,0,0,1,0,0,0,0,0,0,0,0,0
770,5,715e21df0f1ac6b8,1.854596,17.488935,1,14120,1,0,0,0,0,0,0,0,0,0,0,0,0,1
771,5,ab882b57d80326bc,1.393289,16.617627,1,14047,1,1,0,0,1,0,0,0,0,0,0,0,0,0
772,5,de121b1615b372cf,2.091923,19.457696,1,13919,2,1,0,0,1,0,0,0,0,0,0,0,0,1
773,5,05c8759f4447da7f,2.615237,18.096684,1,14000,1,0,0,0,0,0,0,0,0,0,0,0,0,1
774,5,f9da155166fdbcb3,1.96473,20.0,1,13878,1,1,0,0,1,0,0,0,0,0,0,0,0,1
775,5,cbdedca5a02ed691,1.476028,18.919584,1,14060,1,1,0,0,1,0,0,0,0,0,0,0,0,0
776,5,4f5226b5dafbe0bb,1.109994,20.0,1,13864,1,1,0,0,1,0,0,0,0,0,0,0,0,1
777,5,4836f3002aa2c43b,2.921204,19.397198,1,14069,2,0,0,0,0,0,0,0,0,0,0,0,0,1
778,5,94fd34594f25ef4c,2.194591,20.0,1,14058,1,1,0,0,1,0,0,0,0,0,0,0,0,1
779,5,61fdc813a35b7e5c,1.650364,19.671428,1,13858,1,1,0,0,1,0,0,0,0,0,0,0,0,0
780,5,c1ff7d5e27979afc,2.28351,18.257253,1,13982,1,0,0,0,0,0,0,0,0,0,0,0,0,1
781,5,4c4b32e1dd2dac14,1.715516,17.194836,1,14073,1,1,0,0,1,0,0,0,0,0,0,0,0,0
782,5,18e97e0f39a9ecb7,2.332456,16.396682,1,13937,1,0,0,0,0,0,0,0,0,0,0,0,0,1
783,5,fa991d1920f7a129,1.75404,19.291542,1,13896,1,1,0,0,1,0,0,0,0,0,0,0,0,1
784,5,51552f91ffd096d2,2.361398,17.971859,1,13865,2,1,0,0,1,0,0,0,0,0,0,0,0,0
785,5,26e88b506b571353,1.77403,20.0,1,13929,1,1,0,0,1,0,0,0,0,0,0,0,0,1
786,5,5c18f8f3cb4d4f05,2.378247,15.385666,0,13650,1,0,0,0,0,0,0,0,0,0,0,0,0,0
787,5,ab4bf7a80033b35a,1.786688,18.516365,1,13902,1,1,0,0,1,0,0,0,0,0,0,0,0,1
788,5,cb3af0200abf5ce2,2.385925,20.0,1,13664,2,1,0,0,1,0,0,0,0,0,0,0,0,1
789,5,267fb9baba69d22d,2.83611,15.677605,0,13967,1,0,0,0,0,0,0,0,0,0,0,0,0,0
790,5,c43a99f18d83f6a3,2.132795,18.750786,1,13750,1,1,0,0,1,0,0,0,0,0,0,0,0,1
791,5,68fb7de2616ac559,2.645942,17.565609,1,13779,1,0,0,0,0,0,0,0,0,0,0,0,0,1
792,5,9ad2d9f6e4498fc7,1.987798,16.67523,1,13871,1,1,0,0,1,0,0,0,0,0,0,0,0,0
793,5,4341960f2ac3ab54,2.539003,16.020512,1,13684,1,0,0,0,0,0,0,0,0,0,0,0,0,1
794,5,7e3185205c89a13b,1.907458,15.514456,1,13860,1,1,0,0,1,0,0,0,0,0,0,0,0,0
795,5,67d7852b54324427,1.433002,15.134276,1,13893,1,1,0,0,0,0,0,0,0,0,0,0,0,1
796,5,0b46c0dac7e3156d,2.120214,14.84866,1,13548,1,0,0,0,1,0,0,0,0,0,0,0,0,0
797,5,ad0d049e4a8d9442,1.594431,18.127407,1,13627,1,1,0,0,1,0,0,0,0,0,0,0,0,1
798,5,48362f2e3d8a12bd,1.197837,17.097288,1,13579,1,1,0,0,1,0,0,0,0,0,0,0,0,0
799,5,7061691e5fb9b0ae,1.943543,16.323398,1,13642,1,0,0,0,0,0,0,0,0,0,0,0,0,1
800,5,86369afde500d1fe,1.461572,15.75593,1,13808,1,1,0,0,1,0,0,0,0,0,0,0,0,0
801,5,9256b7abc0246002,1.098025,18.79453,1,13716,1,1,0,0,1,0,0,0,0,0,0,0,0,1
802,5,9b35100af6e009da,1.868558,14.119628,0,13545,1,0,0,0,0,0,0,0,0,0,0,0,0,0
803,5,4ec6692b4957dd3d,1.403778,17.565238,1,13731,1,1,0,0,1,0,0,0,0,0,0,0,0,1
804,5,541b4b352d28fb23,1.055661,20.0,1,13492,1,1,0,0,1,0,0,0,0,0,0,0,0,1
805,5,f055ea7712d8f37a,1.836732,15.153202,0,13672,1,0,0,0,0,0,0,0,0,0,0,0,0,0
806,5,a566ce4c6958414b,1.379868,18.341723,1,13843,1,1,0,0,1,0,0,0,0,0,0,0,0,1
807,5,5fc6bcce85b21503,2.081831,20.0,1,13633,2,1,0,0,1,0,0,0,0,0,0,0,0,1
808,5,1473f0b87b198acd,1.564002,15.591885,0,13873,1,1,0,0,0,0,0,0,0,0,0,0,0,0
809,5,7fe2f95347754d37,2.218629,18.671289,1,13679,1,0,0,0,1,0,0,0,0,0,0,0,0,1
810,5,c80cbc304e74ce25,1.666773,17.505886,1,13690,1,1,0,0,1,0,0,0,0,0,0,0,0,0
811,5,fa1702dff13f3223,1.253437,20.0,1,13757,1,1,0,0,1,0,0,0,0,0,0,0,0,1
812,5,3b64daad89c09212,1.985314,15.119671,0,13830,1,0,0,0,0,0,0,0,0,0,0,0,0,0
813,5,893902579b0c1285,1.491492,18.316532,1,13954,1,1,0,0,1,0,0,0,0,0,0,0,0,1
814,5,49f72ad0976cc5e3,1.121623,17.254795,1,13806,1,1,0,0,1,0,0,0,0,0,0,0,0,0
815,5,3fa8483855a42a18,0.842634,19.920572,1,13904,1,1,0,0,1,0,0,0,0,0,0,0,0,1
816,5,87923164d21434b4,0.633039,18.444425,1,14004,1,1,0,0,1,0,0,0,0,0,0,0,0,0
817,5,bc9a0ace5374cc6a,1.519232,17.335452,1,14126,1,0,0,0,0,0,0,0,0,0,0,0,0,1
818,5,34061889b2936fc6,2.186635,19.99751,1,14157,2,1,0,0,1,0,0,0,0,0,0,0,0,1
819,5,b72d1814ad9ae2eb,1.642737,20.0,1,15341,1,1,0,0,1,0,0,0,0,0,0,0,0,1
820,5,b2f195b4f323ac12,2.27778,16.513557,0,15084,1,0,0,0,0,0,0,0,0,0,0,0,0,0
821,5,173395665988cd20,1.712923,19.379433,1,14804,1,1,0,0,1,0,0,0,0,0,0,0,0,1
822,5,8bfa7c35a1484725,2.330508,20.0,1,14876,2,1,0,0,1,0,0,0,0,0,0,0,0,1
823,5,520ac4c136493977,1.750824,20.0,1,14644,1,1,0,0,1,0,0,0,0,0,0,0,0,1
824,5,8b62a6cc196ef011,2.358982,17.370999,0,15887,1,0,0,0,0,0,0,0,0,0,0,0,0,0
825,5,be1f8b73a7428a12,2.818139,20.0,1,15693,2,1,0,0,1,0,0,0,0,0,0,0,0,1
826,5,8e14c5dae55bea73,2.117162,20.0,1,15581,1,1,0,0,1,0,0,0,0,0,0,0,0,1
827,5,de5e960a49572553,1.590545,20.0,1,15392,1,1,0,0,0,0,0,0,0,0,0,0,0,1
828,5,742291f5d2e85757,2.240263,18.526419,1,15082,1,0,0,0,1,0,0,0,0,0,0,0,0,0
829,5,abacdd99101f73f7,2.726679,20.0,1,15011,2,1,0,0,1,0,0,0,0,0,0,0,0,1
830,5,62bec65dfaff8aa6,2.048452,20.0,1,15630,1,1,0,0,1,0,0,0,0,0,0,0,0,1
831,5,b12701e5e4ef1522,2.582579,20.0,1,15290,1,0,0,0,0,0,0,0,0,0,0,0,0,1
832,5,36cffb38efd66357,1.942136,20.0,1,15224,1,1,0,0,1,0,0,0,0,0,0,0,0,1
833,5,d5f963d2a62f535b,3.546361,20.0,1,15393,2,0,0,0,0,0,0,0,0,0,0,0,0,1
834,5,999f9232fdb20cc2,2.664248,20.0,1,15281,1,1,0,0,1,0,0,0,0,0,0,0,0,1
835,5,e69a77f68ff5bcd3,2.003553,20.0,1,15317,1,1,0,0,1,0,0,0,0,0,0,0,0,0
836,5,a609558abf493445,2.548848,18.633378,1,14395,1,0,0,0,0,0,0,0,0,0,0,0,0,1
837,5,5fb516e11c5d3006,1.914854,20.0,1,14026,1,1,0,0,1,0,0,0,0,0,0,0,0,1
838,5,e846b9c95637abd0,1.438558,19.222491,1,13775,1,1,0,0,1,0,0,0,0,0,0,0,0,0
839,5,e01c701a542aaabf,3.170117,17.936089,1,13850,2,0,0,0,0,0,0,0,0,0,0,0,0,1
840,5,8da896ba095cf718,2.381591,20.0,1,14105,1,1,0,0,1,0,0,0,0,0,0,0,0,1
841,5,a4aa80f01dbcf57e,2.832853,18.828945,1,13911,1,0,0,0,0,0,0,0,0,0,0,0,0,1
842,5,4204a14ff005f57c,2.130346,20.0,1,13736,1,1,0,0,1,0,0,0,0,0,0,0,0,1
843,5,1304a12128dfed9c,1.600449,19.34599,1,14009,1,1,0,0,1,0,0,0,0,0,0,0,0,0
844,5,c3bf5a778df0f6a4,2.246011,18.012764,1,13793,1,0,0,0,0,0,0,0,0,0,0,0,0,1
845,5,a503ddd0922cf308,1.687344,20.0,1,13847,1,1,0,0,1,0,0,0,0,0,0,0,0,1
846,5,1758627ae472df10,1.268907,18.889278,1,13811,1,1,0,0,1,0,0,0,0,0,0,0,0,0
847,5,615937571a4b95eb,1.996936,17.669653,1,13772,1,0,0,0,0,0,0,0,0,0,0,0,0,1
848,5,fc46f3d789b7dca1,1.500223,20.0,1,13796,1,1,0,0,1,0,0,0,0,0,0,0,0,1
849,5,728add543d2036c0,2.17234,20.0,1,13792,2,1,0,0,1,0,0,0,0,0,0,0,0,1
850,5,1fa2654537ffc663,1.631998,20.0,1,13852,1,1,0,0,1,0,0,0,0,0,0,0,0,0
851,5,31f41367f84e4a32,2.269712,18.608369,1,13867,1,0,0,0,0,0,0,0,0,0,0,0,0,1
852,5,d68ef22add6732dd,1.70515,17.458616,1,13970,1,1,0,0,1,0,0,0,0,0,0,0,0,0
853,5,433dc78389c8d469,1.282297,20.0,1,13849,1,1,0,0,1,0,0,0,0,0,0,0,0,1
854,5,a5032fb42c2bd135,2.006995,18.571809,1,13892,1,0,0,0,0,0,0,0,0,0,0,0,0,1
855,5,ccc892e66441c2e5,1.50778,17.431151,1,14170,1,1,0,0,1,0,0,0,0,0,0,0,0,0
856,5,a411650f58ad8f2c,1.133872,20.0,1,13830,1,1,0,0,1,0,0,0,0,0,0,0,0,1
857,5,edcc78b2e193937f,0.851836,18.556292,1,15234,1,1,0,0,0,0,0,0,0,0,0,0,0,1
858,5,6f0f58d783790561,1.683606,17.419493,1,14866,1,0,0,0,1,0,0,0,0,0,0,0,0,0
859,5,e56d1f5b9ebfb994,1.26483,20.0,1,14673,1,1,0,0,1,0,0,0,0,0,0,0,0,1
860,5,674d116cc84d8cab,1.995321,20.0,1,14592,2,1,0,0,1,0,0,0,0,0,0,0,0,1
861,5,76e7708b68e8305c,1.49901,20.0,1,15721,1,1,0,0,0,0,0,0,0,0,0,0,0,1
862,5,27a5642f480aafe9,2.169803,18.528603,1,15691,1,0,0,0,1,0,0,0,0,0,0,0,0,0
863,5,563f489a3f237417,1.631723,20.0,1,15473,1,1,0,0,1,0,0,0,0,0,0,0,0,1
864,5,cef65d2c5ec0bdec,1.225853,19.176309,1,15329,1,1,0,0,1,0,0,0,0,0,0,0,0,0
865,5,a0becf8c7735f6c6,1.964591,20.0,1,15165,2,1,0,0,1,0,0,0,0,0,0,0,0,1
866,5,8547788618b623a5,1.475923,20.0,1,15081,1,1,0,0,1,0,0,0,0,0,0,0,0,1
867,5,869e8566e3d1d02e,2.154066,20.0,1,14881,1,0,0,0,0,0,0,0,0,0,0,0,0,1
868,5,e1c0ef6a7f6ec539,1.618269,19.092086,1,14724,1,1,0,0,1,0,0,0,0,0,0,0,0,0
869,5,e92eb15c5fdf3398,1.215745,20.0,1,14737,1,1,0,0,1,0,0,0,0,0,0,0,0,1
870,5,4ccc163945dcd643,0.914258,19.499052,1,14779,1,1,0,0,1,0,0,0,0,0,0,0,0,0
871,5,b081d829f54b7340,0.686848,20.0,1,14850,1,1,0,0,1,0,0,0,0,0,0,0,0,1
872,5,2c3b0022cf066182,2.60331,19.711074,1,14898,2,0,0,0,0,0,0,0,0,0,0,0,0,1
873,5,58e1e67177ccd444,1.955769,20.0,1,14252,1,1,0,0,1,0,0,0,0,0,0,0,0,1
874,5,2db9bdfd49c2932f,1.470766,19.848755,1,13937,1,1,0,0,1,0,0,0,0,0,0,0,0,0
875,5,f28e5fccf6edf436,1.104932,20.0,1,13876,1,1,0,0,1,0,0,0,0,0,0,0,0,1
876,5,8b440919f83fe385,1.873747,16.4296,0,13987,1,0,0,0,0,0,0,0,0,0,0,0,0,0
877,5,f8c0570cdc4e6455,2.453235,19.316297,1,13936,2,1,0,0,1,0,0,0,0,0,0,0,0,1
878,5,65a5929090dee542,1.843024,20.0,1,14007,1,1,0,0,1,0,0,0,0,0,0,0,0,1
879,5,0c5438b93e7b1ee1,2.428248,19.607928,1,14059,1,0,0,0,0,0,0,0,0,0,0,0,0,1
880,5,6130322bda0de5f0,2.867906,20.0,1,14257,2,1,0,0,1,0,0,0,0,0,0,0,0,1
881,5,de2463bb61781049,3.200856,19.790482,1,14004,1,0,0,0,0,0,0,0,0,0,0,0,0,1
882,5,c912f3386f4213f0,2.404684,20.0,1,14172,1,1,0,0,1,0,0,0,0,0,0,0,0,1
883,5,ee4fb6a02ecc6f6e,2.850202,16.396711,0,14113,1,0,0,0,0,0,0,0,0,0,0,0,0,0
884,5,c8279efd2de82bfe,2.143393,19.291564,1,14158,1,1,0,0,1,0,0,0,0,0,0,0,0,1
885,5,82efaaf069a73ea3,1.610251,20.0,1,14186,1,1,0,0,1,0,0,0,0,0,0,0,0,1
886,5,6ced0f40ca029ea6,2.253375,16.115124,0,14250,1,0,0,0,0,0,0,0,0,0,0,0,0,0
887,5,0416aa9d467eb9d0,1.692876,19.064379,1,14099,1,1,0,0,1,0,0,0,0,0,0,0,0,1
888,5,176c11f3001cc29c,2.317217,14.336685,0,14384,1,0,0,0,0,0,0,0,0,0,0,0,0,0
889,5,7cc365c75e08c8bf,2.784492,17.728304,1,14344,2,1,0,0,1,0,0,0,0,0,0,0,0,1
890,5,7c66b6b4cc9f5b34,2.091885,20.0,1,14122,1,1,0,0,1,0,0,0,0,0,0,0,0,1
891,5,b5dfdefe9d4a1764,1.573127,18.728569,1,13952,1,1,0,0,1,0,0,0,0,0,0,0,0,0
892,5,8706354fe2cb6e3b,1.181832,20.0,1,14251,1,1,0,0,1,0,0,0,0,0,0,0,0,1
893,5,763e335921caecc8,1.931519,15.797372,0,14041,1,0,0,0,0,0,0,0,0,0,0,0,0,0
894,5,57639d9454e4a2c3,1.451078,18.825664,1,14146,1,1,0,0,1,0,0,0,0,0,0,0,0,1
895,5,71957c5c5719dccd,2.135382,20.0,1,13997,2,1,0,0,1,0,0,0,0,0,0,0,0,1
896,5,e9d62055453f4261,1.604233,19.344137,1,14056,1,1,0,0,1,0,0,0,0,0,0,0,0,0
897,5,9de2189b61ab2501,2.248853,18.011372,1,14176,1,0,0,0,0,0,0,0,0,0,0,0,0,1
898,5,4de43914d14954be,1.69117,20.0,1,14180,1,1,0,0,1,0,0,0,0,0,0,0,0,1
899,5,fccefa508074d1e5,1.270513,18.884094,1,13918,1,1,0,0,1,0,0,0,0,0,0,0,0,0
900,5,a8ec08ff103aebee,0.954489,20.0,1,13753,1,1,0,0,1,0,0,0,0,0,0,0,0,1
901,5,97f494d4e55403f9,0.717072,19.363994,1,13735,1,1,0,0,1,0,0,0,0,0,0,0,0,0
902,5,bb9f2cb6cd99a4fe,1.583399,18.042501,1,13684,1,0,0,0,0,0,0,0,0,0,0,0,0,1
903,5,55ce4e7a6db4a056,1.189548,17.033501,1,13807,1,1,0,0,1,0,0,0,0,0,0,0,0,0
904,5,590f28e7fa603110,1.937316,19.754322,1,13863,2,1,0,0,1,0,0,0,0,0,0,0,0,1
905,5,3ee88975b1af0aab,2.50104,18.336033,1,14113,1,0,0,0,0,0,0,0,0,0,0,0,0,1
906,5,5c5b43cd39c1a20c,1.878938,20.0,1,14066,1,1,0,0,1,0,0,0,0,0,0,0,0,1
907,5,95ba8a4a86a85160,1.411576,20.0,1,13971,1,1,0,0,1,0,0,0,0,0,0,0,0,1
908,5,5725b7487ce6fd24,1.060464,20.0,1,14179,1,1,0,0,1,0,0,0,0,0,0,0,0,0
909,5,fca62a72440e8ceb,0.797484,20.0,1,13889,1,1,0,0,1,0,0,0,0,0,0,0,0,1
910,5,1d1f77fd4ec4fb89,0.59912,20.0,1,13813,1,1,0,0,1,0,0,0,0,0,0,0,0,0
911,5,d84da7da76c11a41,1.49375,18.682727,1,14012,2,1,0,0,0,0,0,0,0,0,0,0,0,1
912,5,1f0ebffd114a8668,2.167472,20.0,1,13846,1,0,0,0,1,0,0,0,0,0,0,0,0,1
913,5,4e4cd45d72f4f4c9,1.62834,19.263383,1,14087,1,1,0,0,1,0,0,0,0,0,0,0,0,0
914,5,87148251e31c0853,1.223311,17.950704,1,14450,1,1,0,0,0,0,0,0,0,0,0,0,0,1
915,5,4899f999e8feaada,3.006335,20.0,1,14337,2,0,0,0,1,0,0,0,0,0,0,0,0,1
916,5,a80fec5b39601211,2.260807,18.854216,1,14528,1,1,0,0,1,0,0,0,0,0,0,0,0,0
917,5,3640ba8a22d7961b,1.698459,20.0,1,15629,1,1,0,0,1,0,0,0,0,0,0,0,0,1
918,5,424c105bc9eea6d9,1.275989,19.347131,1,15062,1,1,0,0,1,0,0,0,0,0,0,0,0,0
919,5,5ecec063ee308d59,3.047863,18.02982,1,15075,2,0,0,0,0,0,0,0,0,0,0,0,0,1
920,5,c3d11587adb0ca69,2.289746,20.0,1,15898,1,1,0,0,1,0,0,0,0,0,0,0,0,1
921,5,8e8c2e20e9d23ede,1.7202,20.0,1,15726,1,1,0,0,1,0,0,0,0,0,0,0,0,1
922,5,3b437c040aff1222,1.292322,20.0,1,15400,1,1,0,0,1,0,0,0,0,0,0,0,0,1
923,5,ad2b2ccd474fda36,0.971845,20.0,1,15617,1,1,0,0,1,0,0,0,0,0,0,0,0,0
924,5,b8f4621dfe986232,2.817417,19.515058,1,15469,2,0,0,0,0,0,0,0,0,0,0,0,0,1
925,5,167458074a5f6127,1.072967,20.0,1,15351,0,1,0,0,1,0,0,0,0,0,0,0,0,1
926,5,c8276cc39e9a2c73,1.851037,20.0,1,16044,2,1,0,0,1,0,0,0,0,0,0,0,0,1
927,5,3c06a1ac1a344770,1.390615,20.0,1,16142,1,1,0,0,0,0,0,0,0,0,0,0,0,1
928,5,3da7fbd2d71d0b34,2.08837,19.196797,1,17234,1,0,0,0,1,0,0,0,0,0,0,0,0,0
929,5,1fe1784dcd2dd167,2.612568,20.0,1,17453,2,1,0,0,1,0,0,0,0,0,0,0,0,1
930,5,40280724ea75740e,1.964688,20.0,1,17459,1,1,0,0,1,0,0,0,0,0,0,0,0,1
931,5,e5e4c0bec10af6f4,1.475997,20.0,1,17354,1,1,0,0,1,0,0,0,0,0,0,0,0,1
932,5,217ce25e09eda23c,1.108861,18.229997,0,16942,1,1,0,0,0,0,0,0,0,0,0,0,0,0
933,5,8bbcfe26e7ee6680,1.87803,20.0,1,16684,1,0,0,0,1,0,0,0,0,0,0,0,0,1
934,5,bee3b653c30a369d,2.454547,20.0,1,16855,2,1,0,0,1,0,0,0,0,0,0,0,0,1
935,5,1bcd2daf93b295d9,1.844009,20.0,1,16333,1,1,0,0,1,0,0,0,0,0,0,0,0,1
936,5,0e859da3fb3a9465,1.385335,20.0,1,16298,1,1,0,0,1,0,0,0,0,0,0,0,0,0
937,5,4e091ae05afe6f62,2.085942,19.571463,1,15875,2,1,0,0,0,0,0,0,0,0,0,0,0,1
938,5,20cd85224633e4cf,1.567091,20.0,1,15791,1,1,0,0,2,0,0,0,0,0,0,0,0,1
939,6,1fd48474a6be9a50,1.177297,20.0,1,14970,1,1,0,0,1,0,0,0,0,0,0,0,0,1
940,6,40ab05863d40ab6a,1.929494,20.0,1,13954,1,0,0,0,0,0,0,0,0,0,0,0,0,1
941,6,9fa3e60e300cac94,1.449557,20.0,1,14249,1,1,0,0,1,0,0,0,0,0,0,0,0,0
942,6,9522afc9eb92ebd2,1.088998,20.0,1,14226,1,1,0,0,1,0,0,0,0,0,0,0,0,1
943,6,0fba0eaa5e567fe1,1.861777,16.907004,0,14032,1,0,0,0,0,0,0,0,0,0,0,0,0,0
944,6,8f9f8c22e25048df,1.400083,19.675312,1,13799,1,1,0,0,1,0,0,0,0,0,0,0,0,1
945,6,025aca0c2fc547cd,1.05183,18.260171,1,14106,1,1,0,0,1,0,0,0,0,0,0,0,0,0
946,6,ea7305c3d0c4eb0e,0.7902,20.0,1,14101,1,1,0,0,1,0,0,0,0,0,0,0,0,1
947,6,b3bc2710b036c5b2,1.638392,19.029053,1,13834,1,0,0,0,0,0,0,0,0,0,0,0,0,1
948,6,3c254a4fca255c07,2.274516,20.0,1,13885,2,1,0,0,1,0,0,0,0,0,0,0,0,1
949,6,7fb0256f65ce4ff6,1.708759,20.0,1,14073,1,1,0,0,1,0,0,0,0,0,0,0,0,1
950,6,a69e89495c03d18a,1.283727,20.0,1,14043,1,1,0,0,1,0,0,0,0,0,0,0,0,0
951,6,ba87dd4319678e85,0.965381,20.0,1,13917,1,1,0,0,1,0,0,0,0,0,0,0,0,1
952,6,3e895dd2e76d3ae9,1.768908,16.92494,0,14028,1,0,0,0,0,0,0,0,0,0,0,0,0,0
953,6,5bfa9aaebee05047,1.328914,19.672764,1,13969,1,1,0,0,1,0,0,0,0,0,0,0,0,1
954,6,ca3938afd42b6b51,2.043513,14.794199,0,14032,1,0,0,0,0,0,0,0,0,0,0,0,0,0
955,6,3840b1179d01d5ca,1.535215,18.072018,1,14019,1,1,0,0,1,0,0,0,0,0,0,0,0,1
956,6,3ad00a257add4750,2.197003,20.0,1,13955,2,1,0,0,1,0,0,0,0,0,0,0,0,1
957,6,715e21df0f1ac6b8,1.650526,20.0,1,14087,1,1,0,0,1,0,0,0,0,0,0,0,0,1
958,6,ab882b57d80326bc,2.28537,16.833468,0,13839,1,0,0,0,0,0,0,0,0,0,0,0,0,0
959,6,de121b1615b372cf,1.716913,19.604044,1,14079,1,1,0,0,1,0,0,0,0,0,0,0,0,1
960,6,58b8431551715724,1.289852,18.20663,1,13898,1,1,0,0,1,0,0,0,0,0,0,0,0,0
961,6,23e17bd6c1c20f85,2.014138,17.172147,1,13877,1,0,0,0,0,0,0,0,0,0,0,0,0,1
962,6,6c8b0d01b8cfd1ce,1.513147,16.379637,1,14029,1,1,0,0,1,0,0,0,0,0,0,0,0,0
963,6,2551e34755c8a168,1.13677,19.263098,1,13910,1,1,0,0,1,0,0,0,0,0,0,0,0,1
964,6,8c235a0ae63b488b,0.854013,14.471645,0,13955,1,1,0,0,0,0,0,0,0,0,0,0,0,0
965,6,2bce3cabc81dd490,2.730531,17.843887,1,14035,2,0,0,0,1,0,0,0,0,0,0,0,0,1
966,6,308bd744ed8c33ff,2.051346,20.0,1,14024,1,1,0,0,1,0,0,0,0,0,0,0,0,1
967,6,51952867e827cf95,1.541099,20.0,1,13896,1,1,0,0,1,0,0,0,0,0,0,0,0,1
968,6,443f5748c5da71ed,1.158929,20.0,1,13939,1,1,0,0,1,0,0,0,0,0,0,0,0,0
969,6,30f0b4f090c40f84,1.914313,18.667229,1,13967,1,0,0,0,0,0,0,0,0,0,0,0,0,1
970,6,1d09943f7d6afd36,1.438152,17.502835,1,14100,1,1,0,0,1,0,0,0,0,0,0,0,0,0
971,6,38015449e0d5de60,2.124083,20.0,1,13855,2,1,0,0,1,0,0,0,0,0,0,0,0,1
972,6,7677b7c8ff211365,2.641491,18.601188,1,13802,1,0,0,0,0,0,0,0,0,0,0,0,0,1
973,6,68b854b05876c65a,1.984454,20.0,1,14024,1,1,0,0,1,0,0,0,0,0,0,0,0,1
974,6,f55bb8af336b89d3,1.490846,19.204324,1,13975,1,1,0,0,1,0,0,0,0,0,0,0,0,0
975,6,2286890aaf126ddc,1.121137,20.0,1,13943,1,1,0,0,1,0,0,0,0,0,0,0,0,1
976,6,c93e1c3c6e2fa7fc,2.929575,19.558065,1,13814,2,0,0,0,0,0,0,0,0,0,0,0,0,1
977,6,bd2bf9f62f4a9287,2.20088,18.172087,1,13911,1,1,0,0,1,0,0,0,0,0,0,0,0,0
978,6,13b36e5ecd07fe80,1.653439,17.130854,1,13978,1,1,0,0,0,0,0,0,0,0,0,0,0,1
979,6,8eb6d70896fa65fb,2.28756,19.84365,1,13778,1,0,0,0,1,0,0,0,0,0,0,0,0,1
980,6,a432763ba202471b,1.718559,18.386637,1,14003,1,1,0,0,1,0,0,0,0,0,0,0,0,0
981,6,bd54a2eb1d68d3f6,1.291089,17.292038,1,13870,1,1,0,0,0,0,0,0,0,0,0,0,0,1
982,6,74a866444eca1ed2,2.015068,16.48436,1,13860,1,0,0,0,1,0,0,0,0,0,0,0,0,0
983,6,c0e1ddf7125b2dcc,1.513845,19.341773,1,13758,1,1,0,0,1,0,0,0,0,0,0,0,0,1
984,6,5ed4277bc55f194a,1.137295,18.009595,1,13374,1,1,0,0,0,0,0,0,0,0,0,0,0,1
985,6,88386df31bdf01b7,1.898061,17.00878,1,13754,1,0,0,0,1,0,0,0,0,0,0,0,0,0
986,6,1afd893aa326c281,2.471519,19.751849,1,13786,2,1,0,0,1,0,0,0,0,0,0,0,0,1
987,6,64a5ae986fded4b3,1.85676,20.0,1,13837,1,1,0,0,1,0,0,0,0,0,0,0,0,1
988,6,f5cb235201830819,1.394914,16.374907,0,13944,0,0,0,0,0,0,0,0,0,0,0,0,0,0
989,6,3d71febe8792bdf6,2.093146,20.0,1,13622,2,1,0,0,1,0,0,0,0,0,0,0,0,2
990,6,661ed08892f72ec5,1.572502,20.0,1,13700,1,1,0,0,1,0,0,0,0,0,0,0,0,0
991,6,f4c67b84efa7888e,2.225016,18.935568,1,13898,1,0,0,0,0,0,0,0,0,0,0,0,0,1
992,6,86a6acd59cd04bbe,1.671571,20.0,1,13842,1,1,0,0,1,0,0,0,0,0,0,0,0,1
993,6,82d05ef8d17442e3,1.257045,19.410625,1,13931,1,1,0,0,1,0,0,0,0,0,0,0,0,0
994,6,c6d7a0309fd53471,0.944371,20.0,1,13857,1,1,0,0,1,0,0,0,0,0,0,0,0,1
995,6,56747215f856c564,0.709471,19.661166,1,13754,1,1,0,0,1,0,0,0,0,0,0,0,0,0
996,6,cac5e75c2da1e471,0.533532,18.265979,1,13814,1,1,0,0,0,0,0,0,0,0,0,0,0,1
997,6,c5e2187f17182c94,2.488129,20.0,1,14584,2,0,0,0,1,0,0,0,0,0,0,0,0,1
998,6,35260cd259084717,1.869239,19.015133,1,14255,1,1,0,0,1,0,0,0,0,0,0,0,0,0
999,6,434eda24f141e352,1.404289,20.0,1,15195,1,1,0,0,1,0,0,0,0,0,0,0,0,1
1000,6,afa20bb40f43cb3d,2.100196,19.455576,1,15102,1,0,0,0,0,0,0,0,0,0,0,0,0,1
1001,6,2dae86e8dd283692,2.621452,20.0,1,14987,2,1,0,0,1,0,0,0,0,0,0,0,0,1
1002,6,ebed51433251143a,1.969399,20.0,1,15105,1,1,0,0,1,0,0,0,0,0,0,0,0,1
1003,6,ab0222ee96863329,2.525167,17.420697,0,14845,1,0,0,0,0,0,0,0,0,0,0,0,0,0
1004,6,abd65e30501e2caa,2.940717,20.0,1,15085,2,1,0,0,1,0,0,0,0,0,0,0,0,1
1005,6,2245e81fef6ab007,2.20925,20.0,1,15487,1,1,0,0,1,0,0,0,0,0,0,0,0,1
1006,6,312de359f1985b85,1.659727,20.0,1,15545,1,1,0,0,1,0,0,0,0,0,0,0,0,1
1007,6,01d1b1c3e51d5caa,3.33644,20.0,1,15140,2,0,0,0,0,0,0,0,0,0,0,0,0,1
1008,6,994caa02d4d14782,2.506542,20.0,1,15362,1,1,0,0,1,0,0,0,0,0,0,0,0,1
1009,6,67c91a93f99ee3a7,2.926725,20.0,1,15436,2,1,0,0,1,0,0,0,0,0,0,0,0,1
1010,6,b971c1c5d9ea77bc,2.200939,20.0,1,15313,1,1,0,0,1,0,0,0,0,0,0,0,0,1
1011,6,f84c8e70b54dd5d7,2.697136,18.85781,0,14110,1,0,0,0,0,0,0,0,0,0,0,0,0,0
1012,6,9ba80387c2769e20,3.069911,20.0,1,13781,2,1,0,0,1,0,0,0,0,0,0,0,0,1
1013,6,51dec607a199414e,2.306309,20.0,1,13847,1,1,0,0,1,0,0,0,0,0,0,0,0,1
1014,6,f3ae11fddb3da61f,1.734378,20.0,1,13907,1,1,0,0,1,0,0,0,0,0,0,0,0,1
1015,6,f73306305bea2918,1.302973,20.0,1,13897,1,1,0,0,1,0,0,0,0,0,0,0,0,0
1016,6,8de262a4710eb3c3,2.022528,19.710099,1,13974,1,0,0,0,0,0,0,0,0,0,0,0,0,1
1017,6,40ba3edf3f2086b6,1.52097,18.302777,1,13888,1,1,0,0,1,0,0,0,0,0,0,0,0,0
1018,6,5dd82791ce91cfa4,2.186301,17.229037,1,14017,1,0,0,0,0,0,0,0,0,0,0,0,0,1
1019,6,d362e64e32e49a41,1.642486,16.422376,1,13904,1,1,0,0,1,0,0,0,0,0,0,0,0,0
1020,6,bd6e9446dbfd67b1,3.321245,15.816361,1,13923,2,0,0,0,0,0,0,0,0,0,0,0,0,1
1021,6,45f43a1c30b0eb0f,2.497624,18.855133,1,13939,1,1,0,0,1,0,0,0,0,0,0,0,0,1
1022,6,7f177533b89dcc3e,1.876371,17.644001,1,13880,1,1,0,0,0,0,0,0,0,0,0,0,0,1
1023,6,daa093be7900d24c,2.453301,16.734123,1,13977,1,0,0,0,1,0,0,0,0,0,0,0,0,0
1024,6,4d57cc92db29d4cc,1.844917,19.545302,1,13926,1,1,0,0,1,0,0,0,0,0,0,0,0,1
1025,6,a7caf4e2e12535d6,3.473324,18.162499,1,13857,2,0,0,0,0,0,0,0,0,0,0,0,0,1
1026,6,9f31e68db0d0c076,2.609379,17.123651,1,13916,1,1,0,0,1,0,0,0,0,0,0,0,0,0
1027,6,54b14a654deecdb4,1.960329,19.822048,1,13758,1,1,0,0,1,0,0,0,0,0,0,0,0,1
1028,6,b9ae912b68304e5d,2.518346,14.906463,0,14615,1,0,0,0,0,0,0,0,0,0,0,0,0,0
1029,6,735914d9725ea276,1.891939,18.156357,1,14610,1,1,0,0,1,0,0,0,0,0,0,0,0,1
1030,6,3984d39d53d71b92,1.421343,20.0,1,14261,1,1,0,0,1,0,0,0,0,0,0,0,0,1
1031,6,5435618f3692f8dd,2.113021,15.489901,0,15932,1,0,0,0,0,0,0,0,0,0,0,0,0,0
1032,6,72aa83fa616e4fa3,1.587433,18.594672,1,16071,1,1,0,0,1,0,0,0,0,0,0,0,0,1
1033,6,e3f6f8525d79b768,1.192579,17.448327,1,15567,1,1,0,0,1,0,0,0,0,0,0,0,0,0
1034,6,404993a9663217b8,0.89594,16.58712,1,15571,1,1,0,0,0,0,0,0,0,0,0,0,0,1
1035,6,10729788e5f09e33,1.71791,19.434754,1,15268,1,0,0,0,1,0,0,0,0,0,0,0,0,1
1036,6,4a969379916bc28f,1.290602,18.079449,1,15284,1,1,0,0,1,0,0,0,0,0,0,0,0,0
1037,6,f60721557705008a,0.969581,20.0,1,15419,1,1,0,0,1,0,0,0,0,0,0,0,0,1
1038,6,5b9e5f57fa65c1ee,0.729139,20.0,1,15289,1,1,0,0,1,0,0,0,0,0,0,0,0,1
1039,6,38ca2495de5f8cf4,1.591428,20.0,1,15154,2,1,0,0,1,0,0,0,0,0,0,0,0,1
1040,6,b398c7a84a687e69,1.19558,20.0,1,14952,1,1,0,0,1,0,0,0,0,0,0,0,0,1
1041,6,1af5f05f1c485ede,0.898195,20.0,1,14829,1,1,0,0,1,0,0,0,0,0,0,0,0,0
1042,6,4eb80c46d3093d40,0.675455,20.0,1,14616,1,1,0,0,1,0,0,0,0,0,0,0,0,1
1043,6,2f10c2084781b6ff,0.507444,20.0,1,14102,1,1,0,0,1,0,0,0,0,0,0,0,0,1
1044,6,2951f5c73ea875e2,1.424877,18.550116,0,13493,1,0,0,0,0,0,0,0,0,0,0,0,0,0
1045,6,2a32c095200ebeb8,2.115679,20.0,1,13790,2,1,0,0,1,0,0,0,0,0,0,0,0,1
1046,6,badd259e4c232b61,1.58943,20.0,1,13747,1,1,0,0,1,0,0,0,0,0,0,0,0,1
1047,6,1041046f3f94b1b3,2.237733,17.029101,0,13779,1,0,0,0,0,0,0,0,0,0,0,0,0,0
1048,6,bd1fa364eb7efc08,1.681125,19.751016,1,13877,1,1,0,0,1,0,0,0,0,0,0,0,0,1
1049,6,29ca9ad14e5873a4,1.26423,20.0,1,13650,1,1,0,0,1,0,0,0,0,0,0,0,0,1
1050,6,2b182e81e06be681,0.949769,19.866924,1,13806,1,1,0,0,1,0,0,0,0,0,0,0,0,0
1051,6,c31699c61b117301,1.757179,20.0,1,13886,2,1,0,0,1,0,0,0,0,0,0,0,0,1
1052,6,435f18a261278526,2.365574,19.936804,1,13918,1,0,0,0,0,0,0,0,0,0,0,0,0,1
1053,6,47ff9afb5d743a3c,1.777167,20.0,1,13790,1,1,0,0,1,0,0,0,0,0,0,0,0,1
1054,6,ac524477d1bc3d38,1.335119,19.958139,1,13882,1,1,0,0,1,0,0,0,0,0,0,0,0,0
1055,6,2459b4a9cb84e842,2.046679,18.472648,1,13801,1,0,0,0,0,0,0,0,0,0,0,0,0,1
1056,6,a43f9ce2eec22c4f,1.539132,20.0,1,13810,1,1,0,0,1,0,0,0,0,0,0,0,0,1
1057,6,2f6e064816018c96,2.199945,19.144697,1,13929,2,1,0,0,1,0,0,0,0,0,0,0,0,0
1058,6,f040fb7bbd530035,2.69639,17.86154,1,14022,1,0,0,0,0,0,0,0,0,0,0,0,0,1
1059,6,db355d0e6d339436,2.027724,20.0,1,13830,1,1,0,0,1,0,0,0,0,0,0,0,0,1
1060,6,08bd6811ff5c3846,1.523353,18.799445,1,14077,1,1,0,0,1,0,0,0,0,0,0,0,0,0
1061,6,457ba4fc912a8feb,2.188092,17.602165,1,13968,1,0,0,0,0,0,0,0,0,0,0,0,0,1
1062,6,cef6ca2dfae8a690,1.643831,16.702693,1,14148,1,1,0,0,1,0,0,0,0,0,0,0,0,0
1063,6,810171290d2254fe,1.236185,16.041165,1,13859,1,1,0,0,0,0,0,0,0,0,0,0,0,1
1064,6,ff69be2db44305a9,3.016006,19.008817,1,14114,2,0,0,0,1,0,0,0,0,0,0,0,0,1
1065,6,dd249c5d35144e6d,2.265813,20.0,1,14240,1,1,0,0,1,0,0,0,0,0,0,0,0,1
1066,6,596a70ce4e1a796f,2.748074,15.971506,0,13967,1,0,0,0,0,0,0,0,0,0,0,0,0,0
1067,6,9f3c9d63f6f2e734,2.064525,18.956485,1,14135,1,1,0,0,1,0,0,0,0,0,0,0,0,1
1068,6,00f4dc20a8af2d04,2.594654,14.241298,0,14220,1,0,0,0,0,0,0,0,0,0,0,0,0,0
1069,6,8f97db38e624a6dc,2.99292,17.656644,1,14253,2,1,0,0,1,0,0,0,0,0,0,0,0,1
1070,6,4e6a545a3fa75848,3.294869,16.75855,1,14255,1,0,0,0,0,0,0,0,0,0,0,0,0,1
1071,6,a170bf49da1431a0,2.475312,19.547761,1,14424,1,1,0,0,1,0,0,0,0,0,0,0,0,1
1072,6,40c78ea257e75de0,1.859609,20.0,1,14428,1,1,0,0,1,0,0,0,0,0,0,0,0,1
1073,6,e2e02cbaaa77d92a,2.442603,16.275988,0,14445,1,0,0,0,0,0,0,0,0,0,0,0,0,0
1074,6,e2aeb682532b866c,1.835036,19.185231,1,14306,1,1,0,0,1,0,0,0,0,0,0,0,0,1
1075,6,f0b79e269e3be3f3,1.378594,20.0,1,14396,1,1,0,0,1,0,0,0,0,0,0,0,0,1
1076,6,02ed09464b5558b9,2.07934,19.533954,1,14307,2,1,0,0,0,0,0,0,0,0,0,0,0,1
1077,6,0da5058a0f705d5c,2.607844,20.0,1,14094,1,0,0,0,1,0,0,0,0,0,0,0,0,1
1078,6,c97c1c8027de7332,1.959175,19.744293,1,14388,1,1,0,0,1,0,0,0,0,0,0,0,0,0
1079,6,08076f3a12a8b2c0,1.471855,20.0,1,14400,1,1,0,0,1,0,0,0,0,0,0,0,0,1
1080,6,5be1d8eaafc1b43b,1.106856,19.867523,1,14230,1,1,0,0,1,0,0,0,0,0,0,0,0,0
1081,6,d525f42b63caae50,1.875193,18.404572,1,14311,1,0,0,0,0,0,0,0,0,0,0,0,0,1
1082,6,964a36a123b4adbc,1.408762,17.305511,1,14463,1,1,0,0,1,0,0,0,0,0,0,0,0,0
1083,6,b1973fa4df9d3762,2.102004,19.958673,1,14363,2,1,0,0,1,0,0,0,0,0,0,0,0,1
1084,6,5629f494962eb5fb,1.580737,20.0,1,14275,1,1,0,0,1,0,0,0,0,0,0,0,0,1
1085,6,7e1a0bcfb52a5e7d,1.187549,20.0,1,14457,1,1,0,0,1,0,0,0,0,0,0,0,0,1
1086,6,e6377ce65dae3465,0.892161,20.0,1,14421,1,1,0,0,1,0,0,0,0,0,0,0,0,0
1087,6,b2cd3f4719db3f19,1.715068,19.352352,1,14441,1,0,0,0,0,0,0,0,0,0,0,0,0,1
1088,6,c4cf3bd4aaffaace,0.244813,20.0,1,14503,1,2,0,0,1,0,0,0,0,0,0,0,0,1
1089,6,f08c247c4f655611,2.271226,19.628277,1,14608,2,0,0,0,1,0,0,0,0,0,0,0,0,0
1090,6,9645b233b7ee5ed8,1.706287,20.0,1,14675,1,1,0,0,1,0,0,0,0,0,0,0,0,1
1091,6,f11ad35494667fbb,1.283152,20.0,1,14646,1,1,0,0,1,0,0,0,0,0,0,0,0,1
1092,6,8e5aa53cf751c496,0.963984,20.0,1,14604,1,1,0,0,1,0,0,0,0,0,0,0,0,1
1093,6,c24e3162dd10b0ad,1.767859,20.0,1,14671,2,1,0,0,1,0,0,0,0,0,0,0,0,1
1094,6,ed923b302433414e,2.373605,19.044963,0,14635,1,0,0,0,0,0,0,0,0,0,0,0,0,0
1095,6,c68750cc70fc9a5f,1.783201,20.0,1,14522,1,1,0,0,1,0,0,0,0,0,0,0,0,1
1096,6,8248f78f6da401cc,1.339652,19.454788,1,14591,1,1,0,0,1,0,0,0,0,0,0,0,0,0
1097,6,b08e10fe0c0353d1,1.006431,20.0,1,14704,1,1,0,0,1,0,0,0,0,0,0,0,0,1
1098,6,3a55e1f099bf3a41,0.75685,20.0,1,14794,1,1,0,0,1,0,0,0,0,0,0,0,0,1
1099,6,18dd48dc8ff5224b,1.612247,20.0,1,14883,2,1,0,0,1,0,0,0,0,0,0,0,0,1
1100,6,186b352d2db39329,2.254874,20.0,1,14902,1,0,0,0,0,0,0,0,0,0,0,0,0,1
1101,6,814c37ff93de61cd,1.695697,19.867723,1,14952,1,1,0,0,1,0,0,0,0,0,0,0,0,0
1102,6,fe5898504efbab47,2.317567,20.0,1,15188,2,1,0,0,1,0,0,0,0,0,0,0,0,1
1103,6,2848bad70d1f485a,1.741102,20.0,1,15180,1,1,0,0,1,0,0,0,0,0,0,0,0,1
1104,6,342cf9fa5029b4a4,1.308025,20.0,1,15236,1,1,0,0,1,0,0,0,0,0,0,0,0,1
1105,6,4bb161ad0e7eb39a,2.027804,20.0,1,15076,2,1,0,0,1,0,0,0,0,0,0,0,0,1
1106,6,5c826f675116e881,2.567066,20.0,1,15376,1,0,0,0,0,0,0,0,0,0,0,0,0,1
1107,6,904e847803f77cf7,1.928541,20.0,1,15304,1,1,0,0,1,0,0,0,0,0,0,0,0,1
1108,6,277275d31ca7b8c9,2.494441,20.0,1,15214,2,1,0,0,1,0,0,0,0,0,0,0,0,1
1109,6,458e847030017807,1.87398,20.0,1,15425,1,1,0,0,1,0,0,0,0,0,0,0,0,1
1110,6,d875475b86c5f5bf,2.451505,19.30561,0,15571,1,0,0,0,0,0,0,0,0,0,0,0,0,0
1111,6,c1a16e060b84be84,1.841724,20.0,1,15372,1,1,0,0,1,0,0,0,0,0,0,0,0,1
1112,6,83731a07ce145d84,2.429153,20.0,1,15549,2,1,0,0,1,0,0,0,0,0,0,0,0,1
1113,6,6ed6a5ecc47491c9,1.824932,20.0,1,15684,1,1,0,0,0,0,0,0,0,0,0,0,0,1
1114,6,5beff155e445f316,2.414656,20.0,1,15519,1,0,0,0,1,0,0,0,0,0,0,0,0,1
1115,6,83e7cb654e121f17,1.815856,20.0,1,15910,1,1,0,0,1,0,0,0,0,0,0,0,0,0
1116,6,f2668bda8a9e8bfb,2.407838,20.0,1,15691,2,1,0,0,1,0,0,0,0,0,0,0,0,1
1117,6,bf162683746b580a,2.852572,20.0,1,15912,1,0,0,0,0,0,0,0,0,0,0,0,0,1
1118,6,3c1f57ab015dcdf4,2.143031,20.0,1,15708,1,1,0,0,1,0,0,0,0,0,0,0,0,1
1119,6,19edbe5f7df56301,1.61159,20.0,1,15610,1,1,0,0,1,0,0,0,0,0,0,0,0,1
1120,6,cfdbc80b436520a6,2.25438,20.0,1,15340,2,1,0,0,1,0,0,0,0,0,0,0,0,1
1121,6,a7977383de76f16a,1.693632,20.0,1,15633,1,1,0,0,1,0,0,0,0,0,0,0,0,1
1122,6,ccab811a69657daa,2.317786,19.197936,0,15617,1,0,0,0,0,0,0,0,0,0,0,0,0,0
1123,6,20ffed2c257446f8,1.741266,20.0,1,15716,1,1,0,0,1,0,0,0,0,0,0,0,0,1
1124,6,d5789f599abe53af,1.308148,19.541125,1,15341,1,1,0,0,1,0,0,0,0,0,0,0,0,0
1125,6,c81e4387c0bab4b1,0.982763,20.0,1,15565,1,1,0,0,1,0,0,0,0,0,0,0,0,1
1126,6,c36725e28335f3d6,0.739051,19.752741,1,15376,1,1,0,0,1,0,0,0,0,0,0,0,0,0
1127,6,daa77536f627e09c,1.598875,20.0,1,15002,2,1,0,0,1,0,0,0,0,0,0,0,0,1
1128,6,4a8c9c42205977f6,1.201175,20.0,1,14960,1,1,0,0,1,0,0,0,0,0,0,0,0,1
1129,6,0b3d5608c10f3a2b,1.947451,20.0,1,16002,1,0,0,0,0,0,0,0,0,0,0,0,0,1
1130,6,6781c700c3a68de8,1.463047,20.0,1,15977,1,1,0,0,1,0,0,0,0,0,0,0,0,1
1131,6,8444e368eda4d70b,1.099133,20.0,1,15981,1,1,0,0,1,0,0,0,0,0,0,0,0,0
1132,6,e0bd4285ecf274d4,0.825737,20.0,1,16927,1,1,0,0,1,0,0,0,0,0,0,0,0,1
1133,6,fcb30063733b2d52,1.665117,20.0,1,16749,2,1,0,0,1,0,0,0,0,0,0,0,0,1
1134,6,d7d7748fce3ca964,1.25094,20.0,1,16681,1,1,0,0,1,0,0,0,0,0,0,0,0,0
1135,6,8270f50154afc804,0.939784,20.0,1,16715,1,1,0,0,1,0,0,0,0,0,0,0,0,1
1136,6,7504c230978469b0,1.750882,20.0,1,16374,2,1,0,0,1,0,0,0,0,0,0,0,0,1
1137,6,1407427719892012,2.359025,18.23107,0,16504,1,0,0,0,0,0,0,0,0,0,0,0,0,0
1138,6,15d1464ecf40482f,1.772248,20.0,1,16910,1,1,0,0,1,0,0,0,0,0,0,0,0,1
1139,6,a0646f51c504a85e,2.375077,20.0,1,16716,2,1,0,0,1,0,0,0,0,0,0,0,0,1
1140,7,1fd48474a6be9a50,1.786092,20.0,1,14868,1,1,0,0,1,0,0,0,0,0,0,0,0,1
1141,7,40ab05863d40ab6a,2.385477,20.0,1,14010,2,1,0,0,1,0,0,0,0,0,0,0,0,1
1142,7,9fa3e60e300cac94,1.79212,20.0,1,14294,1,1,0,0,1,0,0,0,0,0,0,0,0,1
1143,7,9522afc9eb92ebd2,1.3477,19.290921,0,13965,1,1,0,0,0,0,0,0,0,0,0,0,0,0
1144,7,0fba0eaa5e567fe1,2.05613,20.0,1,14160,1,0,0,0,1,0,0,0,0,0,0,0,0,1
1145,7,8f9f8c22e25048df,1.544693,19.593606,1,13785,1,1,0,0,1,0,0,0,0,0,0,0,0,0
1146,7,025aca0c2fc547cd,1.16047,18.198788,1,14074,1,1,0,0,0,0,0,0,0,0,0,0,0,1
1147,7,ea7305c3d0c4eb0e,1.916841,20.0,1,13994,1,0,0,0,1,0,0,0,0,0,0,0,0,1
1148,7,b3bc2710b036c5b2,1.440051,18.989977,1,13959,1,1,0,0,1,0,0,0,0,0,0,0,0,0
1149,7,3c254a4fca255c07,1.081856,20.0,1,14031,1,1,0,0,1,0,0,0,0,0,0,0,0,1
1150,7,7fb0256f65ce4ff6,1.857722,19.441364,1,13941,1,0,0,0,0,0,0,0,0,0,0,0,0,1
1151,7,a69e89495c03d18a,1.395637,18.084415,1,14098,1,1,0,0,1,0,0,0,0,0,0,0,0,0
1152,7,ba87dd4319678e85,1.04849,20.0,1,13973,1,1,0,0,1,0,0,0,0,0,0,0,0,1
1153,7,3e895dd2e76d3ae9,0.787691,20.0,1,13986,1,1,0,0,1,0,0,0,0,0,0,0,0,1
1154,7,5bfa9aaebee05047,1.636506,16.83873,0,13743,1,0,0,0,0,0,0,0,0,0,0,0,0,0
1155,7,ca3938afd42b6b51,2.273099,19.607997,1,14078,2,1,0,0,1,0,0,0,0,0,0,0,0,1
1156,7,3840b1179d01d5ca,1.707694,20.0,1,14053,1,1,0,0,1,0,0,0,0,0,0,0,0,1
1157,7,3ad00a257add4750,1.28421,19.790521,1,14106,1,1,0,0,1,0,0,0,0,0,0,0,0,0
1158,7,715e21df0f1ac6b8,2.008433,18.346723,1,13941,1,0,0,0,0,0,0,0,0,0,0,0,0,1
1159,7,ab882b57d80326bc,1.50886,20.0,1,14218,1,1,0,0,1,0,0,0,0,0,0,0,0,1
1160,7,de121b1615b372cf,2.177204,20.0,1,13926,2,1,0,0,1,0,0,0,0,0,0,0,0,1
1161,7,58b8431551715724,2.681439,16.950062,0,13790,1,0,0,0,0,0,0,0,0,0,0,0,0,0
1162,7,23e17bd6c1c20f85,2.014465,19.691637,1,13994,1,1,0,0,1,0,0,0,0,0,0,0,0,1
1163,7,6c8b0d01b8cfd1ce,1.513392,18.272435,1,14033,1,1,0,0,1,0,0,0,0,0,0,0,0,0
1164,7,2551e34755c8a168,1.138092,20.0,1,13858,1,1,0,0,1,0,0,0,0,0,0,0,0,1
1165,7,8c235a0ae63b488b,0.855006,20.0,1,13889,1,1,0,0,1,0,0,0,0,0,0,0,0,1
1166,7,2bce3cabc81dd490,1.685988,16.911244,0,14214,1,0,0,0,0,0,0,0,0,0,0,0,0,0
1167,7,308bd744ed8c33ff,2.310273,19.662474,1,13980,2,1,0,0,1,0,0,0,0,0,0,0,0,1
1168,7,51952867e827cf95,1.737358,20.0,1,13950,1,1,0,0,1,0,0,0,0,0,0,0,0,1
1169,7,443f5748c5da71ed,1.305212,20.0,1,13882,1,1,0,0,1,0,0,0,0,0,0,0,0,1
1170,7,30f0b4f090c40f84,2.02421,17.501223,0,13947,1,0,0,0,0,0,0,0,0,0,0,0,0,0
1171,7,1d09943f7d6afd36,1.522235,20.0,1,13978,1,1,0,0,1,0,0,0,0,0,0,0,0,1
1172,7,38015449e0d5de60,1.143598,18.595881,1,13833,1,1,0,0,1,0,0,0,0,0,0,0,0,0
1173,7,7eda3c507e379896,2.946449,20.0,1,13983,2,0,0,0,0,0,0,0,0,0,0,0,0,2
1174,7,8ddbb87888b6632c,2.213557,19.201328,1,13859,1,1,0,0,1,0,0,0,0,0,0,0,0,0
1175,7,743b899e427a8843,1.664627,20.0,1,13887,1,1,0,0,1,0,0,0,0,0,0,0,0,1
1176,7,0c769c4870421458,1.250572,19.556372,1,13947,1,1,0,0,1,0,0,0,0,0,0,0,0,0
1177,7,b3cb3f9c2c374222,1.983161,18.170816,1,14000,1,0,0,0,0,0,0,0,0,0,0,0,0,1
1178,7,79d4b14d63ec3f81,2.535516,20.0,1,13939,2,1,0,0,1,0,0,0,0,0,0,0,0,1
1179,7,7941b6f480f70fb1,2.948492,15.495329,0,13973,1,0,0,0,0,0,0,0,0,0,0,0,0,0
1180,7,44e2b6a536740bc0,2.215092,18.598751,1,13819,1,1,0,0,1,0,0,0,0,0,0,0,0,1
1181,7,419f91ee017e6be2,2.707769,13.972546,0,13962,1,0,0,0,0,0,0,0,0,0,0,0,0,0
1182,7,addf75071cc28465,2.036281,17.468557,1,13918,1,1,0,0,1,0,0,0,0,0,0,0,0,1
1183,7,b1a3d42f7919f3de,2.573435,13.123474,0,13770,1,0,0,0,0,0,0,0,0,0,0,0,0,0
1184,7,68b7d6167824b816,1.933326,16.816864,1,13859,1,1,0,0,1,0,0,0,0,0,0,0,0,1
1185,7,8c79014b59051ef7,1.453888,19.607525,1,13645,1,1,0,0,1,0,0,0,0,0,0,0,0,1
1186,7,ca8b1a082b684a61,2.135905,14.730401,0,14055,1,0,0,0,0,0,0,0,0,0,0,0,0,0
1187,7,2296eb66a8b293da,1.604626,18.024088,1,14006,1,1,0,0,1,0,0,0,0,0,0,0,0,1
1188,7,f8a8b4e745128f64,1.205495,17.019668,1,14095,1,1,0,0,1,0,0,0,0,0,0,0,0,0
1189,7,6c9a5be37c2c89e3,0.90655,19.760037,1,13802,1,1,0,0,1,0,0,0,0,0,0,0,0,1
1190,7,c560fdfc511ca4eb,0.681057,20.0,1,13980,1,1,0,0,1,0,0,0,0,0,0,0,0,1
1191,7,527ec356edf24bac,2.598959,16.379528,0,13950,2,0,0,0,0,0,0,0,0,0,0,0,0,0
1192,7,d6a877f49a6f655e,1.954454,19.278642,1,13854,1,1,0,0,1,0,0,0,0,0,0,0,0,1
1193,7,2148ac7bb8563403,1.468309,20.0,1,13975,1,1,0,0,1,0,0,0,0,0,0,0,0,1
1194,7,7f99898413223d92,1.103085,20.0,1,14009,1,1,0,0,1,0,0,0,0,0,0,0,0,1
1195,7,f011ba1f6a819228,1.87236,17.328263,0,14076,1,0,0,0,0,0,0,0,0,0,0,0,0,0
1196,7,8a2c864ad3d62bc1,1.408042,19.992104,1,13972,1,1,0,0,1,0,0,0,0,0,0,0,0,1
1197,7,a4ca81b04e9e6513,1.057809,18.498165,1,14080,1,1,0,0,1,0,0,0,0,0,0,0,0,0
1198,7,45c2ab7ee76a401d,1.838346,17.375824,1,14062,2,1,0,0,0,0,0,0,0,0,0,0,0,1
1199,7,933fdd5d9b1d53d8,2.426613,20.0,1,14047,1,0,0,0,1,0,0,0,0,0,0,0,0,1
1200,7,24e4572c2abebe5f,1.823023,20.0,1,14124,1,1,0,0,1,0,0,0,0,0,0,0,0,1
1201,7,1591144484c32755,1.369569,20.0,1,14051,1,1,0,0,1,0,0,0,0,0,0,0,0,0
1202,7,b6ecae13168a8da4,1.028906,20.0,1,14141,1,1,0,0,1,0,0,0,0,0,0,0,0,1
1203,7,06951b7dcea6fcfe,1.817903,16.536873,0,14038,1,0,0,0,0,0,0,0,0,0,0,0,0,0
1204,7,5fdc5bdc275546b2,2.409376,19.381224,1,14145,2,1,0,0,1,0,0,0,0,0,0,0,0,1
1205,7,cd64b140aacfc3e2,1.810074,20.0,1,14246,1,1,0,0,1,0,0,0,0,0,0,0,0,1
1206,7,c9a72c6b06dc794a,1.361201,16.181901,0,14002,1,1,0,0,0,0,0,0,0,0,0,0,0,0
1207,7,1d632492d9a5c495,2.066273,19.114547,1,14007,1,0,0,0,1,0,0,0,0,0,0,0,0,1
1208,7,29f5024581e49afc,1.552314,17.838889,1,14198,1,1,0,0,1,0,0,0,0,0,0,0,0,0
1209,7,a51905093f979b75,1.166195,20.0,1,14128,1,1,0,0,1,0,0,0,0,0,0,0,0,1
1210,7,248acb7fda94dd29,1.921146,18.791045,1,14104,2,1,0,0,0,0,0,0,0,0,0,0,0,1
1211,7,8e9743a69f30a5f7,2.486938,20.0,1,13991,1,0,0,0,1,0,0,0,0,0,0,0,0,1
1212,7,a7b49be97d6d5791,1.868344,20.0,1,14185,1,1,0,0,1,0,0,0,0,0,0,0,0,1
1213,7,358efe06964d682b,1.405021,20.0,1,14045,1,1,0,0,1,0,0,0,0,0,0,0,0,0
1214,7,f8ed293189dce49f,2.099193,20.0,1,13937,2,1,0,0,1,0,0,0,0,0,0,0,0,1
1215,7,3ea88c075c2c55a7,1.577045,20.0,1,14150,1,1,0,0,0,0,0,0,0,0,0,0,0,1
1216,7,a3014c5e19c1c1e5,2.228429,18.761969,1,14084,1,0,0,0,1,0,0,0,0,0,0,0,0,0
1217,7,3b8fa0a05954e9c4,1.67581,20.0,1,14199,1,1,0,0,1,0,0,0,0,0,0,0,0,1
1218,7,675400b9bee2de8d,1.258973,20.0,1,14300,1,1,0,0,1,0,0,0,0,0,0,0,0,1
1219,7,34dda23036446e6d,1.989473,17.119018,0,14255,1,0,0,0,0,0,0,0,0,0,0,0,0,0
1220,7,41edaf51d8d6af52,2.540263,19.834749,1,14248,2,1,0,0,1,0,0,0,0,0,0,0,0,1
1221,7,b0786f017685b7f8,1.908404,18.37995,1,14966,1,1,0,0,0,0,0,0,0,0,0,0,0,1
1222,7,a2945aa9bce39c70,2.477366,20.0,1,14871,1,0,0,0,1,0,0,0,0,0,0,0,0,1
1223,7,5b1861819bce45ce,1.861153,19.079458,1,14692,1,1,0,0,1,0,0,0,0,0,0,0,0,0
1224,7,bcbca6dac199b4ab,2.443764,17.828526,1,14458,1,0,0,0,0,0,0,0,0,0,0,0,0,1
1225,7,07cf8374260f2ad5,2.879562,20.0,1,14336,2,1,0,0,1,0,0,0,0,0,0,0,0,1
1226,7,e2fee026bab06228,1.119654,18.768236,1,14732,0,1,0,0,1,0,0,0,0,0,0,0,0,0
1227,7,433c206abd1db4b9,1.886146,14.113981,0,14653,1,0,0,0,0,0,0,0,0,0,0,0,0,0
1228,7,eec2418f79d573fe,1.416991,17.560996,1,14377,1,1,0,0,1,0,0,0,0,0,0,0,0,1
1229,7,dd213e5c71ec8592,3.151839,16.671764,1,14387,2,0,0,0,0,0,0,0,0,0,0,0,0,1
1230,7,717288ae5fd2726f,2.367859,16.003718,1,14170,1,1,0,0,1,0,0,0,0,0,0,0,0,0
1231,7,11eb6ae54e94f3e9,2.824814,15.515525,1,13957,1,0,0,0,0,0,0,0,0,0,0,0,0,1
1232,7,1964c08ee3a7b939,2.122177,15.135079,1,14225,1,1,0,0,1,0,0,0,0,0,0,0,0,0
1233,7,7864a86c76170bd9,2.637966,14.849263,1,14026,1,0,0,0,0,0,0,0,0,0,0,0,0,1
1234,7,1b68529551d035bb,1.983788,14.647359,1,13987,1,1,0,0,1,0,0,0,0,0,0,0,0,0
1235,7,a8a1606135ba1298,1.490346,17.961703,1,13983,1,1,0,0,1,0,0,0,0,0,0,0,0,1
1236,7,ee2c0840c8224ebe,1.119641,16.9728,1,13929,1,1,0,0,1,0,0,0,0,0,0,0,0,0
1237,7,94d7779f16b0e8d1,1.884798,16.229875,1,13916,1,0,0,0,0,0,0,0,0,0,0,0,0,1
1238,7,89b292c92350eef9,1.417395,19.166101,1,13564,1,1,0,0,1,0,0,0,0,0,0,0,0,1
1239,7,bc87e518580dcc93,1.064836,17.877619,1,13568,1,1,0,0,1,0,0,0,0,0,0,0,0,0
1240,7,fab68bb801b84bf0,1.843625,16.909632,1,13541,1,0,0,0,0,0,0,0,0,0,0,0,0,1
1241,7,8f4f18613807aa6a,1.386432,19.677287,1,13413,1,1,0,0,1,0,0,0,0,0,0,0,0,1
1242,7,fb6d6b37edb2a429,1.041575,18.261655,1,13485,1,1,0,0,1,0,0,0,0,0,0,0,0,0
1243,7,405443d10c1d33a7,1.826149,20.0,1,13550,2,1,0,0,1,0,0,0,0,0,0,0,0,1
1244,7,67623f9d927ec2af,2.415571,19.012692,1,13545,1,0,0,0,0,0,0,0,0,0,0,0,0,1
1245,7,3923c2a1d874c61e,0.772393,17.778317,1,13351,0,1,0,0,1,0,0,0,0,0,0,0,0,0
1246,7,d01e7dce56010cfc,0.58027,20.0,1,13704,1,1,0,0,1,0,0,0,0,0,0,0,0,1
1247,7,612833ffcaa74606,1.479589,20.0,1,13402,2,1,0,0,1,0,0,0,0,0,0,0,0,1
1248,7,59e1b87640f10beb,2.156822,20.0,1,13584,1,0,0,0,0,0,0,0,0,0,0,0,0,1
1249,7,3b753d8b1707969a,1.62034,20.0,1,13413,1,1,0,0,1,0,0,0,0,0,0,0,0,1
1250,7,1ff4be8290adac60,1.217301,20.0,1,13590,1,1,0,0,1,0,0,0,0,0,0,0,0,0
1251,7,6fd3bf2f4620c667,1.958166,20.0,1,13363,2,1,0,0,1,0,0,0,0,0,0,0,0,1
1252,7,542f73431e0a8dc4,2.516719,20.0,1,13499,1,0,0,0,0,0,0,0,0,0,0,0,0,1
1253,7,ba09ff78898cbdff,1.890717,18.555823,1,13511,1,1,0,0,1,0,0,0,0,0,0,0,0,0
1254,7,0f8acd4f6853f027,1.420425,20.0,1,13592,1,1,0,0,1,0,0,0,0,0,0,0,0,1
1255,7,2da7209591eb6d20,2.11233,19.196085,1,13492,1,0,0,0,0,0,0,0,0,0,0,0,0,1
1256,7,b21a9f7dec2ae6cf,1.586915,17.900145,1,13673,1,1,0,0,1,0,0,0,0,0,0,0,0,0
1257,7,e2d76e5f7d86fc1f,1.19219,20.0,1,13640,1,1,0,0,1,0,0,0,0,0,0,0,0,1
1258,7,65f73e082bfba57e,2.982954,18.808658,1,13478,2,0,0,0,0,0,0,0,0,0,0,0,0,1
1259,7,fe08d9eb136105ad,2.243224,20.0,1,13381,1,1,0,0,1,0,0,0,0,0,0,0,0,1
1260,7,a2cd32353cd08f9c,1.68525,19.334529,1,13596,1,1,0,0,1,0,0,0,0,0,0,0,0,0
1261,7,05b80f9afcffcf54,1.266066,20.0,1,13526,1,1,0,0,1,0,0,0,0,0,0,0,0,1
1262,7,9d72ff59bea204f0,1.99625,19.636022,1,13418,1,0,0,0,0,0,0,0,0,0,0,0,0,1
1263,7,aad2689adb011bce,1.499708,18.230654,1,13596,1,1,0,0,1,0,0,0,0,0,0,0,0,0
1264,7,d6e998f41f1d0f38,1.126675,20.0,1,13507,1,1,0,0,1,0,0,0,0,0,0,0,0,1
1265,7,92d3a85571c335a9,1.890082,15.516351,0,13524,1,0,0,0,0,0,0,0,0,0,0,0,0,0
1266,7,0f6b8ae4ddfd4c16,2.465519,18.629521,1,13441,2,1,0,0,1,0,0,0,0,0,0,0,0,1
1267,7,f7aa8f7fa08a5743,2.895906,17.474507,1,13409,1,0,0,0,0,0,0,0,0,0,0,0,0,1
1268,7,a1ad5a7cefc51644,2.175586,20.0,1,13416,1,1,0,0,1,0,0,0,0,0,0,0,0,1
1269,7,f5f199c7390c690a,2.680222,15.104682,0,13292,1,0,0,0,0,0,0,0,0,0,0,0,0,0
1270,7,f795d106ddd91257,2.013551,18.305272,1,13487,1,1,0,0,1,0,0,0,0,0,0,0,0,1
1271,7,36785fc0feb0c290,2.556359,13.752067,0,13318,1,0,0,0,0,0,0,0,0,0,0,0,0,0
1272,7,6c9e0059a587c84f,1.920497,17.289103,1,13240,1,1,0,0,1,0,0,0,0,0,0,0,0,1
1273,7,b5e60f7df1846a47,2.488391,16.482153,1,13335,1,0,0,0,0,0,0,0,0,0,0,0,0,1
1274,7,2249c0f31b2d9af8,1.869435,15.86127,1,13351,1,1,0,0,1,0,0,0,0,0,0,0,0,0
1275,7,9e3274984893107e,2.44809,15.394824,1,13668,1,0,0,0,0,0,0,0,0,0,0,0,0,1
1276,7,d3deb1fe4d296a72,1.840999,18.53813,1,13442,1,1,0,0,1,0,0,0,0,0,0,0,0,1
1277,7,2d4446f589820b7d,1.383074,13.927004,0,13242,1,1,0,0,0,0,0,0,0,0,0,0,0,0
1278,7,34d3c1c163b8a615,2.082705,17.420527,1,13377,1,0,0,0,1,0,0,0,0,0,0,0,0,1
1279,7,1b8d5ad41c925335,1.564658,16.566235,1,13519,1,1,0,0,1,0,0,0,0,0,0,0,0,0
1280,7,6794ef695ce9d89b,2.220796,15.938547,1,13564,1,0,0,0,0,0,0,0,0,0,0,0,0,1
1281,7,1c282f6ab6f0b179,1.668401,15.452879,1,13668,1,1,0,0,1,0,0,0,0,0,0,0,0,0
1282,7,57cdee4608d86350,1.253407,15.088015,1,13652,1,1,0,0,0,0,0,0,0,0,0,0,0,1
1283,7,3f6ac8b70e7600a9,1.986731,18.307405,1,13779,1,0,0,0,1,0,0,0,0,0,0,0,0,1
1284,7,4e370b5b3adc8669,1.492556,17.232514,1,13783,1,1,0,0,1,0,0,0,0,0,0,0,0,0
1285,7,3f2dc4f0ffba2758,2.164955,19.903832,1,13902,2,1,0,0,1,0,0,0,0,0,0,0,0,1
1286,7,cc5fd7f478480a53,1.62645,18.43185,1,13957,1,1,0,0,0,0,0,0,0,0,0,0,0,1
1287,7,766495e798b51874,2.267264,20.0,1,13998,1,0,0,0,1,0,0,0,0,0,0,0,0,1
1288,7,42e0c25e3bdf1a82,1.703311,19.121648,1,14051,1,1,0,0,1,0,0,0,0,0,0,0,0,0
1289,7,c9201e3d75e9c1f6,2.323287,17.844224,1,14277,1,0,0,0,0,0,0,0,0,0,0,0,0,1
1290,7,dc3407a2684f531b,1.747145,16.899612,1,14024,1,1,0,0,1,0,0,0,0,0,0,0,0,0
1291,7,9a613d53fe5c985d,1.312565,19.653736,1,14271,1,1,0,0,1,0,0,0,0,0,0,0,0,1
1292,7,ac8b9b3660674932,2.029734,20.0,1,14292,2,1,0,0,1,0,0,0,0,0,0,0,0,1
1293,7,86b9bafa847f215e,2.568517,19.798377,1,14381,1,0,0,0,0,0,0,0,0,0,0,0,0,1
1294,7,b80b086c8cbff65a,1.931561,18.369163,1,14225,1,1,0,0,1,0,0,0,0,0,0,0,0,0
1295,7,4c134b891214de2f,1.45111,20.0,1,14353,1,1,0,0,1,0,0,0,0,0,0,0,0,1
1296,7,1ad457db8ef40099,1.090164,20.0,1,14517,1,1,0,0,1,0,0,0,0,0,0,0,0,1
1297,7,0d3f33d244e15147,2.90812,16.959586,0,14456,2,0,0,0,0,0,0,0,0,0,0,0,0,0
1298,7,a5c27e410c7ca89d,2.184762,19.698792,1,14541,1,1,0,0,1,0,0,0,0,0,0,0,0,1
1299,7,38b35f46938b16a3,1.64133,20.0,1,14441,1,1,0,0,1,0,0,0,0,0,0,0,0,1
1300,7,3d41db6eb9ee8c47,1.23307,19.823806,1,14175,1,1,0,0,1,0,0,0,0,0,0,0,0,0
1301,7,61d82832677cb341,1.971437,20.0,1,14041,2,1,0,0,1,0,0,0,0,0,0,0,0,1
1302,7,beb444474b44fbd2,1.481067,20.0,1,14009,1,1,0,0,1,0,0,0,0,0,0,0,0,1
1303,7,d3176a33291348fa,2.156323,17.569698,0,14120,1,0,0,0,0,0,0,0,0,0,0,0,0,0
1304,7,df9ea94e65331354,1.621586,20.0,1,13991,1,1,0,0,1,0,0,0,0,0,0,0,0,1
1305,7,afb37e12dec96f00,1.218237,15.155722,0,14037,1,1,0,0,0,0,0,0,0,0,0,0,0,0
1306,7,f1a9a34c1ec9c501,1.958869,18.343616,1,14065,1,0,0,0,1,0,0,0,0,0,0,0,0,1
1307,7,fd3ae02b3ec2583b,2.515279,20.0,1,14347,2,1,0,0,1,0,0,0,0,0,0,0,0,1
1308,7,e32b0ea449da3f10,1.891525,20.0,1,14390,1,1,0,0,1,0,0,0,0,0,0,0,0,1
1309,7,fdc38cb730227e86,1.421032,16.946004,0,14442,1,1,0,0,0,0,0,0,0,0,0,0,0,0
1310,7,db48c9d8d80c1b9e,2.111222,19.688588,1,14439,1,0,0,0,1,0,0,0,0,0,0,0,0,1
1311,7,4a419f479ebb3682,2.631819,20.0,1,14619,2,1,0,0,1,0,0,0,0,0,0,0,0,1
1312,7,7374f09ec5e64b30,1.977188,19.831655,1,14704,1,1,0,0,0,0,0,0,0,0,0,0,0,1
1313,7,dce22ea1b7629413,2.52904,18.377625,1,14813,1,0,0,0,1,0,0,0,0,0,0,0,0,0
1314,7,a34760d0ba731eb4,2.943627,17.285267,1,14785,2,1,0,0,0,0,0,0,0,0,0,0,0,1
1315,7,6402fed0b175c049,3.2578,19.959771,1,14977,1,0,0,0,1,0,0,0,0,0,0,0,0,1
1316,7,737a9391c0cfebcb,2.447463,20.0,1,15127,1,1,0,0,1,0,0,0,0,0,0,0,0,1
1317,7,af6d2455b7648ace,2.882341,19.971101,1,15159,1,0,0,0,0,0,0,0,0,0,0,0,0,1
1318,7,101addaeff2dfc0d,3.211712,20.0,1,14976,2,1,0,0,1,0,0,0,0,0,0,0,0,1
1319,7,1335a7380b26c9c8,2.412839,19.991264,1,15170,1,1,0,0,1,0,0,0,0,0,0,0,0,0
1320,7,bad11592d1b805b0,1.812676,18.497533,1,15285,1,1,0,0,0,0,0,0,0,0,0,0,0,1
1321,7,e8a529e67767ca4e,2.405449,17.37535,1,16192,1,0,0,0,1,0,0,0,0,0,0,0,0,0
1322,7,58422d831bf0780d,1.808932,20.0,1,15723,1,1,0,0,1,0,0,0,0,0,0,0,0,1
1323,7,7189ac22e381ccba,1.358983,18.524767,1,14927,1,1,0,0,1,0,0,0,0,0,0,0,0,0
1324,7,67b41c16d54865f1,1.020953,17.39581,1,15094,1,1,0,0,0,0,0,0,0,0,0,0,0,1
1325,7,cdbbe3bf4f608a63,1.811922,16.562399,1,16415,1,0,0,0,1,0,0,0,0,0,0,0,0,0
1326,7,d294acb1a860a113,2.404882,19.4004,1,16893,2,1,0,0,1,0,0,0,0,0,0,0,0,1
1327,7,b0c8657a32b8f56e,1.806698,20.0,1,16492,1,1,0,0,1,0,0,0,0,0,0,0,0,1
1328,7,2088aaf519e6e875,1.357305,20.0,1,17148,1,1,0,0,1,0,0,0,0,0,0,0,0,1
1329,7,6bc9db505e551dfb,2.064863,20.0,1,16702,1,0,0,0,0,0,0,0,0,0,0,0,0,1
1330,7,4fc1d31a93a9e32a,2.594908,20.0,1,16983,2,1,0,0,1,0,0,0,0,0,0,0,0,1
1331,7,9f5c2c1ba30e98a2,1.949457,20.0,1,17469,1,1,0,0,1,0,0,0,0,0,0,0,0,1
1332,7,c8c16e9b23fe9823,1.46602,20.0,1,17284,1,1,0,0,1,0,0,0,0,0,0,0,0,0
1333,7,1f4baccecff49f7a,2.145019,20.0,1,17336,2,1,0,0,1,0,0,0,0,0,0,0,0,1
1334,7,54a210042cdcb644,2.655126,20.0,1,17798,1,0,0,0,0,0,0,0,0,0,0,0,0,1
1335,7,cf76ea4c6859e823,1.994697,20.0,1,17753,1,1,0,0,1,0,0,0,0,0,0,0,0,1
1336,7,5d887ff99631fbaf,2.544191,20.0,1,17527,2,1,0,0,1,0,0,0,0,0,0,0,0,1
1337,7,69f55ef73f773043,1.911356,20.0,1,17055,1,1,0,0,1,0,0,0,0,0,0,0,0,0
1338,7,cc5de6839f14f2ea,1.43593,20.0,1,16692,1,1,0,0,1,0,0,0,0,0,0,0,0,1
1339,7,5622533ec2f6c9bf,2.12399,20.0,1,16581,2,1,0,0,0,0,0,0,0,0,0,0,0,1
1340,7,b887e232efa991e6,2.639328,19.143693,1,14953,1,0,0,0,1,0,0,0,0,0,0,0,0,0
1341,7,c4daceb99a82af26,1.982828,20.0,1,13803,1,1,0,0,1,0,0,0,0,0,0,0,0,1
1342,7,3a42fd781043b837,1.489625,20.0,1,14007,1,1,0,0,1,0,0,0,0,0,0,0,0,1
1343,7,47a499712bd21c9d,1.120219,20.0,1,13964,1,1,0,0,1,0,0,0,0,0,0,0,0,0
1344,7,afbbd711606aa4f8,0.841579,20.0,1,14046,1,1,0,0,1,0,0,0,0,0,0,0,0,1
1345,7,7b282730e1f262de,1.6759,20.0,1,13888,1,0,0,0,0,0,0,0,0,0,0,0,0,1
1346,7,e8b89e53fca9fe0f,2.304451,20.0,1,14141,2,1,0,0,1,0,0,0,0,0,0,0,0,1
1347,7,e49397f368972d6d,1.731248,20.0,1,14104,1,1,0,0,1,0,0,0,0,0,0,0,0,0
1348,7,8aba262a7fcdbc36,1.300622,18.691341,1,14158,1,1,0,0,0,0,0,0,0,0,0,0,0,1
1349,8,1fd48474a6be9a50,2.020762,17.52095,1,13947,1,0,0,0,1,0,0,0,0,0,0,0,0,0
1350,8,40ab05863d40ab6a,1.519642,20.0,1,14042,1,1,0,0,1,0,0,0,0,0,0,0,0,1
1351,8,9fa3e60e300cac94,1.14165,20.0,1,14308,1,1,0,0,1,0,0,0,0,0,0,0,0,1
1352,8,9522afc9eb92ebd2,1.901332,16.592289,0,14052,1,0,0,0,0,0,0,0,0,0,0,0,0,0
1353,8,0fba0eaa5e567fe1,1.429829,19.438641,1,14090,1,1,0,0,1,0,0,0,0,0,0,0,0,1
1354,8,8f9f8c22e25048df,1.074177,18.082369,1,13990,1,1,0,0,1,0,0,0,0,0,0,0,0,0
1355,8,025aca0c2fc547cd,0.806989,20.0,1,13947,1,1,0,0,1,0,0,0,0,0,0,0,0,1
1356,8,ea7305c3d0c4eb0e,1.649914,15.43266,0,14004,1,0,0,0,0,0,0,0,0,0,0,0,0,0
1357,8,b3bc2710b036c5b2,1.240759,18.566583,1,13879,1,1,0,0,1,0,0,0,0,0,0,0,0,1
1358,8,3c254a4fca255c07,0.932136,17.427225,1,14070,1,1,0,0,1,0,0,0,0,0,0,0,0,0
1359,8,7fb0256f65ce4ff6,1.743932,16.571267,1,14036,1,0,0,0,0,0,0,0,0,0,0,0,0,1
1360,8,a69e89495c03d18a,1.311462,19.422832,1,14026,1,1,0,0,1,0,0,0,0,0,0,0,0,1
1361,8,ba87dd4319678e85,0.985252,18.070492,1,13897,1,1,0,0,1,0,0,0,0,0,0,0,0,0
1362,8,3e895dd2e76d3ae9,0.740183,20.0,1,13876,1,1,0,0,1,0,0,0,0,0,0,0,0,1
1363,8,5bfa9aaebee05047,1.599725,15.425957,0,14004,1,0,0,0,0,0,0,0,0,0,0,0,0,0
1364,8,ca3938afd42b6b51,1.203016,18.561543,1,14059,1,1,0,0,1,0,0,0,0,0,0,0,0,1
1365,8,3840b1179d01d5ca,0.903781,17.423438,1,14053,1,1,0,0,1,0,0,0,0,0,0,0,0,0
1366,8,3ad00a257add4750,0.678977,20.0,1,14101,1,1,0,0,1,0,0,0,0,0,0,0,0,1
1367,8,715e21df0f1ac6b8,1.554751,18.556332,1,13799,1,0,0,0,0,0,0,0,0,0,0,0,0,1
1368,8,ab882b57d80326bc,2.21168,20.0,1,14058,2,1,0,0,1,0,0,0,0,0,0,0,0,1
1369,8,de121b1615b372cf,1.661552,20.0,1,14009,1,1,0,0,1,0,0,0,0,0,0,0,0,1
1370,8,0469b68beb7ba893,1.248262,20.0,1,13960,1,1,0,0,1,0,0,0,0,0,0,0,0,0
1371,8,77ed09b9b5fdd2d5,1.982861,18.897426,1,13952,1,0,0,0,0,0,0,0,0,0,0,0,0,1
1372,8,f528f75252723e1c,1.48965,17.675775,1,14037,1,1,0,0,1,0,0,0,0,0,0,0,0,0
1373,8,c2f4dc060312be30,1.119118,20.0,1,13942,1,1,0,0,1,0,0,0,0,0,0,0,0,1
1374,8,f6d7570dbe7171fa,1.885743,18.698892,1,13903,2,1,0,0,0,0,0,0,0,0,0,0,0,1
1375,8,50afc0b225fbdddd,2.460342,17.526623,1,14095,1,0,0,0,1,0,0,0,0,0,0,0,0,0
1376,8,77cb534e4dd68f47,1.848363,20.0,1,13940,1,1,0,0,1,0,0,0,0,0,0,0,0,1
1377,8,03a072c123c7f460,1.388606,20.0,1,13997,1,1,0,0,1,0,0,0,0,0,0,0,0,1
1378,8,40a0b4653c2b8b16,1.044251,20.0,1,13759,1,1,0,0,0,0,0,0,0,0,0,0,0,1
1379,8,8ced9c6091029967,1.82816,18.566065,1,14005,1,0,0,0,1,0,0,0,0,0,0,0,0,0
1380,8,674cb12ba4ef8cda,1.373429,20.0,1,14016,1,1,0,0,1,0,0,0,0,0,0,0,0,1
1381,8,d57b64595e7c32ad,2.076988,20.0,1,13920,2,1,0,0,1,0,0,0,0,0,0,0,0,1
1382,8,9f2629b0e0b2b516,1.560364,20.0,1,13863,1,1,0,0,1,0,0,0,0,0,0,0,0,1
1383,8,9a611700f3a2a58b,2.215896,20.0,1,13891,1,0,0,0,0,0,0,0,0,0,0,0,0,1
1384,8,594e66c63de29c67,1.66472,19.636795,1,14011,1,1,0,0,1,0,0,0,0,0,0,0,0,0
1385,8,047b3498570e614d,1.251893,20.0,1,13858,1,1,0,0,1,0,0,0,0,0,0,0,0,1
1386,8,378d1123cbabc548,0.940501,19.802394,1,13772,1,1,0,0,1,0,0,0,0,0,0,0,0,0
1387,8,918953c23da89283,2.79387,18.355643,1,14134,2,0,0,0,0,0,0,0,0,0,0,0,0,1
1388,8,85a28377aa3ab8ee,2.10103,20.0,1,13903,1,1,0,0,1,0,0,0,0,0,0,0,0,1
1389,8,2a49890c64457c92,1.578425,20.0,1,13862,1,1,0,0,1,0,0,0,0,0,0,0,0,1
1390,8,fe899aeeedf1baa1,2.229465,16.94656,0,13908,1,0,0,0,0,0,0,0,0,0,0,0,0,0
1391,8,360e2b3fa87eb860,1.674914,19.689006,1,13940,1,1,0,0,1,0,0,0,0,0,0,0,0,1
1392,8,db46a3761088043b,1.259559,14.806413,0,13779,1,1,0,0,0,0,0,0,0,0,0,0,0,0
1393,8,87a3b2c90966418d,1.989913,18.081194,1,13922,1,0,0,0,1,0,0,0,0,0,0,0,0,1
1394,8,cad5614b5c9dfc3f,1.494947,17.062569,1,13686,1,1,0,0,1,0,0,0,0,0,0,0,0,0
1395,8,e22ab041f40f020b,2.168372,16.311797,1,13695,1,0,0,0,0,0,0,0,0,0,0,0,0,1
1396,8,61f0af6d0e1750cc,2.67267,19.212132,1,14029,2,1,0,0,1,0,0,0,0,0,0,0,0,1
1397,8,db9da9e77e8b99dc,2.007877,20.0,1,13892,1,1,0,0,1,0,0,0,0,0,0,0,0,1
1398,8,a71a150d055e2753,1.508443,16.070293,0,13919,1,1,0,0,0,0,0,0,0,0,0,0,0,0
1399,8,e879f6bf53bc85bc,2.178521,19.046093,1,13678,1,0,0,0,1,0,0,0,0,0,0,0,0,1
1400,8,355e007c685b4248,1.636642,17.787462,1,13802,1,1,0,0,1,0,0,0,0,0,0,0,0,0
1401,8,e2fceaed287fd98a,1.229548,20.0,1,13912,1,1,0,0,1,0,0,0,0,0,0,0,0,1
1402,8,03d9f87247ef9a09,1.968788,18.761991,1,13731,1,0,0,0,0,0,0,0,0,0,0,0,0,1
1403,8,4cfb7e322df78772,2.52273,20.0,1,13869,2,1,0,0,1,0,0,0,0,0,0,0,0,1
1404,8,8afb15e6c1fb3300,1.895233,19.29508,1,13869,1,1,0,0,1,0,0,0,0,0,0,0,0,0
1405,8,79c92e893e651eaf,1.423818,17.974517,1,13915,1,1,0,0,0,0,0,0,0,0,0,0,0,1
1406,8,595ccc6c4fbde60c,2.114882,16.997595,1,13858,1,0,0,0,1,0,0,0,0,0,0,0,0,0
1407,8,20d2066c36568311,1.588831,19.727346,1,13781,1,1,0,0,1,0,0,0,0,0,0,0,0,1
1408,8,846e791a5efb5af8,1.19363,20.0,1,14002,1,1,0,0,1,0,0,0,0,0,0,0,0,1
1409,8,41c1af3fe25eac0f,1.941777,16.377447,0,13935,1,0,0,0,0,0,0,0,0,0,0,0,0,0
1410,8,e5b406d4325b898c,2.502438,19.261453,1,14028,2,1,0,0,1,0,0,0,0,0,0,0,0,1
1411,8,7f1fc0b97c25ec33,1.879988,20.0,1,14019,1,1,0,0,1,0,0,0,0,0,0,0,0,1
1412,8,68bc85d7fd8c5b65,2.456018,16.098129,0,13884,1,0,0,0,0,0,0,0,0,0,0,0,0,0
1413,8,1859dda8544b2f50,1.846961,19.067026,1,13993,1,1,0,0,1,0,0,0,0,0,0,0,0,1
1414,8,9f238762c0a94e36,1.387552,17.803188,1,13807,1,1,0,0,1,0,0,0,0,0,0,0,0,0
1415,8,173bd4ea8a0e4f39,1.042416,20.0,1,13327,1,1,0,0,1,0,0,0,0,0,0,0,0,1
1416,8,80ea69fc95e98f91,1.828062,15.290374,0,13153,1,0,0,0,0,0,0,0,0,0,0,0,0,0
1417,8,122d1e9148dc8591,1.373355,18.444776,1,13561,1,1,0,0,1,0,0,0,0,0,0,0,0,1
1418,8,e41d0f294f3e595d,2.075404,20.0,1,13442,2,1,0,0,1,0,0,0,0,0,0,0,0,1
1419,8,d961ceff8b00c744,1.559173,20.0,1,13505,1,1,0,0,1,0,0,0,0,0,0,0,0,1
1420,8,cd0967d526a4c4cb,2.216671,20.0,1,13396,1,0,0,0,0,0,0,0,0,0,0,0,0,1
1421,8,71ef525f5d7c2460,1.665302,18.858828,1,13600,1,1,0,0,1,0,0,0,0,0,0,0,0,0
1422,8,f56646d6bf16981d,1.251079,20.0,1,13355,1,1,0,0,1,0,0,0,0,0,0,0,0,1
1423,8,df5b77a899f67794,1.98498,19.36727,1,13480,1,0,0,0,0,0,0,0,0,0,0,0,0,1
1424,8,5d97e3edb2db50f5,1.491241,18.028751,1,13806,1,1,0,0,1,0,0,0,0,0,0,0,0,0
1425,8,5632cc6478350c16,1.120314,20.0,1,13796,1,1,0,0,1,0,0,0,0,0,0,0,0,1
1426,8,8eb4527d549d82be,1.885303,18.881242,1,13686,1,0,0,0,0,0,0,0,0,0,0,0,0,1
1427,8,bcdf8575e6f8f5df,2.461925,20.0,1,13616,2,1,0,0,1,0,0,0,0,0,0,0,0,1
1428,8,a2160fe0996f37dd,1.849552,19.375537,1,13759,1,1,0,0,1,0,0,0,0,0,0,0,0,0
1429,8,9c2f033216906752,2.433153,18.034961,1,13772,1,0,0,0,0,0,0,0,0,0,0,0,0,1
1430,8,4df32f20926bf727,1.829766,17.043049,1,13766,1,1,0,0,1,0,0,0,0,0,0,0,0,0
1431,8,da23f33029488892,1.374635,16.28265,1,13883,1,1,0,0,0,0,0,0,0,0,0,0,0,1
1432,8,e6ddb42499644dbd,2.076365,19.190236,1,13925,1,0,0,0,1,0,0,0,0,0,0,0,0,1
1433,8,37b7d4b54a60fbcc,2.603549,20.0,1,13898,2,1,0,0,1,0,0,0,0,0,0,0,0,1
1434,8,871681cb5816e47c,3.002056,19.554502,1,13967,1,0,0,0,0,0,0,0,0,0,0,0,0,1
1435,8,6cf3e3c3b72b30d7,2.255333,18.169411,1,14133,1,1,0,0,1,0,0,0,0,0,0,0,0,0
1436,8,abcc795941de9020,3.781654,17.128844,1,14084,2,0,0,0,0,0,0,0,0,0,0,0,0,1
1437,8,3540b19957c0bfca,2.843858,19.842138,1,14011,1,1,0,0,1,0,0,0,0,0,0,0,0,1
1438,8,3a018196d340e490,2.136484,18.385501,1,14898,1,1,0,0,1,0,0,0,0,0,0,0,0,0
1439,8,990863ec22c317e6,1.60506,17.291184,1,14583,1,1,0,0,0,0,0,0,0,0,0,0,0,1
1440,8,559d38241bb49497,2.249475,16.469065,1,14057,1,0,0,0,1,0,0,0,0,0,0,0,0,0
1441,8,73fb5dc8f1c14ecc,1.691637,19.345975,1,14353,1,1,0,0,1,0,0,0,0,0,0,0,0,1
1442,8,d72a06614f66cec0,2.314517,14.533908,0,14249,1,0,0,0,0,0,0,0,0,0,0,0,0,0
1443,8,9c6c1e79ae1d204d,1.73881,17.876471,1,14686,1,1,0,0,1,0,0,0,0,0,0,0,0,1
1444,8,fa7c0697bfb424eb,1.30761,16.923862,1,14482,1,1,0,0,1,0,0,0,0,0,0,0,0,0
1445,8,974981d868d49c65,0.982359,19.671954,1,14303,1,1,0,0,1,0,0,0,0,0,0,0,0,1
1446,8,5aaa21f4a4002b2d,0.738009,14.778804,0,14254,1,1,0,0,0,0,0,0,0,0,0,0,0,0
1447,8,899503d012c25ef6,1.598092,18.060452,1,14057,1,0,0,0,1,0,0,0,0,0,0,0,0,1
1448,8,64c0b0c2e5386859,1.201788,17.062219,1,14044,1,1,0,0,1,0,0,0,0,0,0,0,0,0
1449,8,6e8d3b461a84d72e,1.946512,16.297052,1,14577,1,0,0,0,0,0,0,0,0,0,0,0,0,1
1450,8,0f7462146210da4e,2.505995,19.201055,1,14547,2,1,0,0,1,0,0,0,0,0,0,0,0,1
1451,8,0630b7c26e819e83,1.884544,20.0,1,14404,1,1,0,0,1,0,0,0,0,0,0,0,0,1
1452,8,70d42466cb4811b4,1.415787,19.556218,1,14296,1,1,0,0,1,0,0,0,0,0,0,0,0,0
1453,8,4856c0cf66bde88d,1.063628,20.0,1,14601,1,1,0,0,1,0,0,0,0,0,0,0,0,1
1454,8,d7cd5376dfac23c8,1.842717,19.743338,1,14406,1,0,0,0,0,0,0,0,0,0,0,0,0,1
1455,8,7ef6f99819f58450,1.38575,18.327773,1,13696,1,1,0,0,1,0,0,0,0,0,0,0,0,0
1456,8,f942b6a0a3952955,1.041062,20.0,1,13605,1,1,0,0,1,0,0,0,0,0,0,0,0,1
1457,8,14b93cb2018dd0ba,1.825764,20.0,1,13617,2,1,0,0,1,0,0,0,0,0,0,0,0,1
1458,8,c4ccb1c579a81772,2.417151,20.0,1,13457,1,0,0,0,0,0,0,0,0,0,0,0,0,1
1459,8,248d7edaa1f8b0fa,1.815915,20.0,1,13577,1,1,0,0,1,0,0,0,0,0,0,0,0,1
1460,8,4939d9bdd577bd6c,1.364229,20.0,1,13574,1,1,0,0,1,0,0,0,0,0,0,0,0,0
1461,8,92f88f227cb9002b,2.068548,18.678597,1,13968,1,0,0,0,0,0,0,0,0,0,0,0,0,1
1462,8,2c6414d3cf733da3,1.555577,20.0,1,13613,1,1,0,0,1,0,0,0,0,0,0,0,0,1
1463,8,8e36b95b81e9e71c,3.255954,15.782205,0,13650,2,0,0,0,0,0,0,0,0,0,0,0,0,0
1464,8,c3557dd4e083ce38,2.446076,18.81427,1,13834,1,1,0,0,1,0,0,0,0,0,0,0,0,1
1465,8,83d3324253b812e5,1.839484,17.629101,1,13568,1,1,0,0,1,0,0,0,0,0,0,0,0,0
1466,8,417f18aba77cfd05,2.425589,16.722929,1,13885,1,0,0,0,0,0,0,0,0,0,0,0,0,1
1467,8,0f276cc25f9a8698,1.822254,16.042156,1,13872,1,1,0,0,1,0,0,0,0,0,0,0,0,0
1468,8,f155459671faa573,1.368992,19.009561,1,13845,1,1,0,0,1,0,0,0,0,0,0,0,0,1
1469,8,556cb4253180e452,3.117802,17.775963,1,13798,2,0,0,0,0,0,0,0,0,0,0,0,0,1
1470,8,017f63431e2561cc,2.342288,20.0,1,13870,1,1,0,0,1,0,0,0,0,0,0,0,0,1
1471,8,6a415f466931cfb7,1.759674,18.73857,1,13841,1,1,0,0,1,0,0,0,0,0,0,0,0,0
1472,8,cc8104576c0e5db9,2.36745,17.572173,1,13805,1,0,0,0,0,0,0,0,0,0,0,0,0,1
1473,8,5e8debcfa51a99ee,1.778577,20.0,1,13795,1,1,0,0,1,0,0,0,0,0,0,0,0,1
1474,8,9d1bd299f73aeff4,2.379832,18.623552,1,13672,2,1,0,0,1,0,0,0,0,0,0,0,0,0
1475,8,d632aae13bb53193,2.831532,17.470023,1,13697,1,0,0,0,0,0,0,0,0,0,0,0,0,1
1476,8,bdf655da35425329,2.129352,16.618208,1,13847,1,1,0,0,1,0,0,0,0,0,0,0,0,0
1477,8,08acbe7922891267,1.599703,19.442327,1,13878,1,1,0,0,1,0,0,0,0,0,0,0,0,1
1478,8,7c396f83870b4b1c,2.24545,18.085138,1,14063,1,0,0,0,0,0,0,0,0,0,0,0,0,1
1479,8,e6c4da9a0f99b8f9,1.688611,17.080784,1,13892,1,1,0,0,1,0,0,0,0,0,0,0,0,0
1480,8,beb23ff494f1a91c,2.312243,16.310999,1,13783,1,0,0,0,0,0,0,0,0,0,0,0,0,1
1481,8,1712b0d6dffedde1,1.737102,19.211533,1,14038,1,1,0,0,1,0,0,0,0,0,0,0,0,1
1482,8,5b077176526781e3,3.392327,14.432906,0,13831,2,0,0,0,0,0,0,0,0,0,0,0,0,0
1483,8,3bc3c7f37e2a6cf1,2.551078,17.814755,1,13746,1,1,0,0,1,0,0,0,0,0,0,0,0,1
1484,8,fbcebce527e86d35,1.916529,16.862404,1,14158,1,1,0,0,0,0,0,0,0,0,0,0,0,1
1485,8,2e14c39cc01b9084,2.48347,16.146938,1,14207,1,0,0,0,1,0,0,0,0,0,0,0,0,0
1486,8,cff4c32e47f945ae,1.867605,19.103731,1,14092,1,1,0,0,1,0,0,0,0,0,0,0,0,1
1487,8,5ab2091f84c78783,2.446715,17.830763,1,14096,1,0,0,0,0,0,0,0,0,0,0,0,0,1
1488,8,ab305b008ea7a9e0,1.838126,16.874431,1,14117,1,1,0,0,1,0,0,0,0,0,0,0,0,0
1489,8,732f346a1acbbd53,2.424568,19.634818,1,13983,2,1,0,0,1,0,0,0,0,0,0,0,0,1
1490,8,686c1d8a572c4180,1.82331,18.246165,1,14158,1,1,0,0,0,0,0,0,0,0,0,0,0,1
1491,8,289f8ae12f60c3be,2.413438,20.0,1,14044,1,0,0,0,1,0,0,0,0,0,0,0,0,1
1492,8,c277142c6f85b4b9,1.813126,20.0,1,14186,1,1,0,0,1,0,0,0,0,0,0,0,0,1
1493,8,ef67f8ecc596bd24,1.363496,20.0,1,13980,1,1,0,0,1,0,0,0,0,0,0,0,0,0
1494,8,0e16d7abc41505e7,1.024344,20.0,1,14256,1,1,0,0,1,0,0,0,0,0,0,0,0,1
1495,8,b7f482c222b54a06,2.856858,20.0,1,14108,2,0,0,0,0,0,0,0,0,0,0,0,0,1
1496,8,cd5042b2b43cb032,2.146251,20.0,1,14304,1,1,0,0,1,0,0,0,0,0,0,0,0,1
1497,8,0e53ac797c3ebe90,1.614011,20.0,1,14242,1,1,0,0,1,0,0,0,0,0,0,0,0,1
1498,8,2d940601372a2340,1.212546,20.0,1,14244,1,1,0,0,1,0,0,0,0,0,0,0,0,0
1499,8,6cac07c93c2366d6,0.910941,20.0,1,14172,1,1,0,0,1,0,0,0,0,0,0,0,0,1
1500,8,b26dcaebed62e4b5,1.729191,20.0,1,14439,1,0,0,0,0,0,0,0,0,0,0,0,0,1
1501,8,6d2039ba7100c0ed,1.299076,20.0,1,14335,1,1,0,0,1,0,0,0,0,0,0,0,0,1
1502,8,7224c07cd65083a1,2.019601,20.0,1,14375,2,1,0,0,1,0,0,0,0,0,0,0,0,0
1503,8,1f20536718600bab,1.517251,20.0,1,14498,1,1,0,0,1,0,0,0,0,0,0,0,0,1
1504,8,09b63315ce001f04,2.185145,20.0,1,14590,1,0,0,0,0,0,0,0,0,0,0,0,0,1
1505,8,76ea483d3cdba83f,1.641617,20.0,1,14373,1,1,0,0,1,0,0,0,0,0,0,0,0,1
1506,8,daabf42f4f28dfaa,2.276939,20.0,1,14748,2,1,0,0,1,0,0,0,0,0,0,0,0,1
1507,8,bd2b6ec5e9e7d0b1,1.712291,20.0,1,14540,1,1,0,0,1,0,0,0,0,0,0,0,0,0
1508,8,a916d9e27f69b91a,2.330033,19.428626,1,14685,1,0,0,0,0,0,0,0,0,0,0,0,0,1
1509,8,412147d9abb8df1a,1.750467,20.0,1,14723,1,1,0,0,1,0,0,0,0,0,0,0,0,1
1510,8,835cdb7a5bd5dcce,1.31506,20.0,1,14669,1,1,0,0,1,0,0,0,0,0,0,0,0,1
1511,8,315e75976f7c130e,2.033095,20.0,1,14836,2,1,0,0,1,0,0,0,0,0,0,0,0,1
1512,8,502758b4744dd914,2.571041,20.0,1,14793,1,0,0,0,0,0,0,0,0,0,0,0,0,1
1513,8,c1676efaef59a1bf,1.931527,19.846837,1,14558,1,1,0,0,1,0,0,0,0,0,0,0,0,0
1514,8,ea0ff4f61204f8da,1.452536,20.0,1,14590,1,1,0,0,1,0,0,0,0,0,0,0,0,1
1515,8,61c3920b11a7d73b,1.091236,20.0,1,14474,1,1,0,0,1,0,0,0,0,0,0,0,0,1
1516,8,ebfe7244cccb0815,1.863458,17.579473,0,14320,1,0,0,0,0,0,0,0,0,0,0,0,0,0
1517,8,1a58b88d308a9b42,2.4436,20.0,1,14514,2,1,0,0,1,0,0,0,0,0,0,0,0,1
1518,8,6dc48ef95be3f0c5,1.837622,20.0,1,14718,1,1,0,0,1,0,0,0,0,0,0,0,0,1
1519,8,7da5b1dfb7759cfb,1.380537,20.0,1,14619,1,1,0,0,1,0,0,0,0,0,0,0,0,1
1520,8,7b7d0c615505dd49,2.080799,20.0,1,14965,1,0,0,0,0,0,0,0,0,0,0,0,0,1
1521,8,3dd2bb680c8d354d,2.608941,20.0,1,14875,2,1,0,0,1,0,0,0,0,0,0,0,0,1
1522,8,e4abcdc78991fecd,1.96,20.0,1,14961,1,1,0,0,1,0,0,0,0,0,0,0,0,0
1523,8,e185d2b0de86f7d7,2.516128,19.016207,1,15059,1,0,0,0,0,0,0,0,0,0,0,0,0,1
1524,8,ea548b42c9f8e9c5,1.890273,20.0,1,15140,1,1,0,0,1,0,0,0,0,0,0,0,0,1
1525,8,e9457b2d139fdd2d,1.421512,20.0,1,15168,1,1,0,0,1,0,0,0,0,0,0,0,0,1
1526,8,0925975d5ffae9eb,3.155236,20.0,1,15029,2,0,0,0,0,0,0,0,0,0,0,0,0,1
1527,8,5ba5c9d9e5826cff,2.370411,20.0,1,15176,1,1,0,0,1,0,0,0,0,0,0,0,0,1
1528,8,08ca0a1592e8817c,1.782583,20.0,1,15349,1,1,0,0,1,0,0,0,0,0,0,0,0,0
1529,8,520bd352a1ed3d8e,1.339188,18.814585,1,15200,1,1,0,0,0,0,0,0,0,0,0,0,0,1
1530,8,7a5d1d2130d7f41d,2.049735,20.0,1,15487,1,0,0,0,1,0,0,0,0,0,0,0,0,1
1531,8,1e5ce260bef4242e,2.583543,20.0,1,15230,2,1,0,0,1,0,0,0,0,0,0,0,0,1
1532,8,6d455fbab2856932,1.942861,20.0,1,15224,1,1,0,0,1,0,0,0,0,0,0,0,0,0
1533,8,2d3dd8cb2e698689,1.459599,18.976746,1,15053,1,1,0,0,0,0,0,0,0,0,0,0,0,1
1534,8,d84605dc2bca10de,2.140195,17.735365,1,15064,1,0,0,0,1,0,0,0,0,0,0,0,0,0
1535,8,066473449947d249,1.609457,20.0,1,14861,1,1,0,0,1,0,0,0,0,0,0,0,0,1
1536,8,6616d3689ad6d3c6,1.209125,18.728161,1,14788,1,1,0,0,1,0,0,0,0,0,0,0,0,0
1537,8,ca81dc13914d3d72,0.908371,20.0,1,14652,1,1,0,0,1,0,0,0,0,0,0,0,0,1
1538,8,8f04afb04e15a59d,1.726078,15.797142,0,14659,1,0,0,0,0,0,0,0,0,0,0,0,0,0
1539,8,b3da430c5efa3fbc,1.298035,18.840679,1,14591,1,1,0,0,1,0,0,0,0,0,0,0,0,1
1540,8,a57d76009688109a,0.975165,17.633143,1,14724,1,1,0,0,1,0,0,0,0,0,0,0,0,0
1541,8,e85741d52ee7d6c5,0.732605,20.0,1,14692,1,1,0,0,1,0,0,0,0,0,0,0,0,1
1542,8,386da1065bae2c46,1.59508,20.0,1,14659,2,1,0,0,1,0,0,0,0,0,0,0,0,1
1543,8,5b8c16661b372ba8,1.198324,16.644455,0,14588,1,1,0,0,0,0,0,0,0,0,0,0,0,0
1544,8,79df0b1b6242d7ab,1.943909,19.462046,1,15230,1,0,0,0,1,0,0,0,0,0,0,0,0,1
1545,8,6212ff28b666e051,1.460387,18.099952,1,15043,1,1,0,0,1,0,0,0,0,0,0,0,0,0
1546,8,7106cb5cf868a740,1.098231,20.0,1,15635,1,1,0,0,1,0,0,0,0,0,0,0,0,1
1547,8,adaae6c48d82845e,0.82506,18.934139,1,15660,1,1,0,0,1,0,0,0,0,0,0,0,0,0
1548,8,cb68c42616b9150b,0.619837,20.0,1,15204,1,1,0,0,1,0,0,0,0,0,0,0,0,1
1549,8,e583d700aa7c64ff,0.466126,19.409818,1,15066,1,1,0,0,1,0,0,0,0,0,0,0,0,0
1550,8,9d4b06f83f920c46,0.350183,18.060715,1,14857,1,1,0,0,0,0,0,0,0,0,0,0,0,1
1551,8,22378531d33fc4df,2.350386,20.0,1,14756,2,0,0,0,1,0,0,0,0,0,0,0,0,1
1552,8,c0b67fffb6537b6b,1.765757,20.0,1,14901,1,1,0,0,1,0,0,0,0,0,0,0,0,1
1553,8,15c9a493dbd3592a,1.327875,20.0,1,14424,1,1,0,0,1,0,0,0,0,0,0,0,0,0
1554,8,eca4a666f5e17568,0.997583,20.0,1,14475,1,1,0,0,1,0,0,0,0,0,0,0,0,1
1555,8,fea8e3dedaf25868,0.749447,20.0,1,14641,1,1,0,0,1,0,0,0,0,0,0,0,0,0
1556,8,81d5ee037a4f567a,0.563594,20.0,1,14537,1,1,0,0,1,0,0,0,0,0,0,0,0,1
1557,8,3797acd5d9d32b1f,1.467061,20.0,1,14242,1,0,0,0,0,0,0,0,0,0,0,0,0,1
1558,8,fa677570eff13ea3,2.145801,20.0,1,13671,2,1,0,0,1,0,0,0,0,0,0,0,0,1
1559,8,e44073c98a5005db,1.61206,20.0,1,13619,1,1,0,0,1,0,0,0,0,0,0,0,0,0
1560,8,9e157d09bd137519,1.212292,20.0,1,13424,1,1,0,0,1,0,0,0,0,0,0,0,0,1
1561,8,c5741b6dd8a05abd,1.954403,16.557985,0,13697,1,0,0,0,0,0,0,0,0,0,0,0,0,0
1562,8,014203454122c95e,1.46827,19.397084,1,13685,1,1,0,0,1,0,0,0,0,0,0,0,0,1
1563,8,83018d9bfd0390d0,1.10416,20.0,1,13640,1,1,0,0,1,0,0,0,0,0,0,0,0,1
1564,8,6a64ba931b5537af,1.873168,16.188122,0,13771,1,0,0,0,0,0,0,0,0,0,0,0,0,0
1565,8,bc0c4af3821e3717,1.407241,19.11922,1,13690,1,1,0,0,1,0,0,0,0,0,0,0,0,1
1566,8,0277a63f9f08bf74,2.100861,20.0,1,13741,2,1,0,0,1,0,0,0,0,0,0,0,0,1
1567,8,afa7aa577948c720,1.579877,16.03388,0,13552,1,1,0,0,0,0,0,0,0,0,0,0,0,0
1568,8,14eb3b5ee1c50326,2.230556,19.003343,1,13554,1,0,0,0,1,0,0,0,0,0,0,0,0,1
1569,8,7b7932620a8cb2c8,1.675733,20.0,1,13407,1,1,0,0,1,0,0,0,0,0,0,0,0,1
1570,8,c3a5248df701c929,1.260175,19.448916,1,13267,1,1,0,0,1,0,0,0,0,0,0,0,0,0
1571,8,49daefd5b59abfad,0.946723,18.090088,1,13397,1,1,0,0,0,0,0,0,0,0,0,0,0,1
1572,8,54ad1699123011c0,1.754891,17.069251,1,13552,1,0,0,0,1,0,0,0,0,0,0,0,0,0
1573,8,ee1ab0dd27dc5a54,1.318384,19.781179,1,13302,1,1,0,0,1,0,0,0,0,0,0,0,0,1
1574,8,9bf2096f32aa72cb,2.035594,14.875729,0,13414,1,0,0,0,0,0,0,0,0,0,0,0,0,0
1575,8,0f01ec3b789d0138,1.529266,18.133268,1,13259,1,1,0,0,1,0,0,0,0,0,0,0,0,1
1576,8,be57a9d1f6570bf6,1.14888,20.0,1,13199,1,1,0,0,1,0,0,0,0,0,0,0,0,1
1577,9,1fd48474a6be9a50,1.908125,15.476856,0,13937,1,0,0,0,0,0,0,0,0,0,0,0,0,0
1578,9,40ab05863d40ab6a,1.433503,18.584872,1,14056,1,1,0,0,1,0,0,0,0,0,0,0,0,1
1579,9,9fa3e60e300cac94,1.076937,20.0,1,14308,1,1,0,0,1,0,0,0,0,0,0,0,0,1
1580,9,9522afc9eb92ebd2,0.809063,15.71627,0,14028,1,1,0,0,0,0,0,0,0,0,0,0,0,0
1581,9,0fba0eaa5e567fe1,1.652577,18.779863,1,14052,1,0,0,0,1,0,0,0,0,0,0,0,0,1
1582,9,8f9f8c22e25048df,1.241519,17.587453,1,13813,1,1,0,0,1,0,0,0,0,0,0,0,0,0
1583,9,025aca0c2fc547cd,0.932707,20.0,1,14067,1,1,0,0,1,0,0,0,0,0,0,0,0,1
1584,9,ea7305c3d0c4eb0e,1.74556,18.648994,1,14041,1,0,0,0,0,0,0,0,0,0,0,0,0,1
1585,9,b3bc2710b036c5b2,1.311374,17.489137,1,13896,1,1,0,0,1,0,0,0,0,0,0,0,0,0
1586,9,3c254a4fca255c07,0.985186,20.0,1,14096,1,1,0,0,1,0,0,0,0,0,0,0,0,1
1587,9,7fb0256f65ce4ff6,2.82744,18.576687,1,14057,2,0,0,0,0,0,0,0,0,0,0,0,0,1
1588,9,a69e89495c03d18a,1.082125,17.450435,1,13924,0,1,0,0,1,0,0,0,0,0,0,0,0,0
1589,9,ba87dd4319678e85,1.856613,20.0,1,13942,2,1,0,0,1,0,0,0,0,0,0,0,0,1
1590,9,3e895dd2e76d3ae9,1.394804,20.0,1,13910,1,1,0,0,1,0,0,0,0,0,0,0,0,1
1591,9,5bfa9aaebee05047,1.048913,20.0,1,13958,1,1,0,0,0,0,0,0,0,0,0,0,0,1
1592,9,ca3938afd42b6b51,1.831662,20.0,1,13955,1,0,0,0,1,0,0,0,0,0,0,0,0,1
1593,9,3840b1179d01d5ca,1.376059,20.0,1,14066,1,1,0,0,1,0,0,0,0,0,0,0,0,0
1594,9,3ad00a257add4750,1.033782,20.0,1,14007,1,1,0,0,1,0,0,0,0,0,0,0,0,1
1595,9,715e21df0f1ac6b8,0.777419,16.543977,0,14023,1,1,0,0,0,0,0,0,0,0,0,0,0,0
1596,9,ab882b57d80326bc,1.627699,19.38656,1,13985,1,0,0,0,1,0,0,0,0,0,0,0,0,1
1597,9,de121b1615b372cf,2.266483,20.0,1,14088,2,1,0,0,1,0,0,0,0,0,0,0,0,1
1598,9,58b8431551715724,1.704427,16.184916,0,13863,1,1,0,0,0,0,0,0,0,0,0,0,0,0
1599,9,23e17bd6c1c20f85,2.324126,19.116812,1,13930,1,0,0,0,1,0,0,0,0,0,0,0,0,1
1600,9,c8292701595322e6,1.746029,17.84059,1,13995,1,1,0,0,1,0,0,0,0,0,0,0,0,0
1601,9,10c80b0b9d50bf2d,1.311726,20.0,1,13937,1,1,0,0,1,0,0,0,0,0,0,0,0,1
1602,9,f6d7570dbe7171fa,2.030587,18.792007,1,13914,1,0,0,0,0,0,0,0,0,0,0,0,0,1
1603,9,50afc0b225fbdddd,1.525504,20.0,1,14065,1,1,0,0,1,0,0,0,0,0,0,0,0,1
1604,9,26bf505ffeb94bbf,2.189708,19.31202,1,14219,2,1,0,0,1,0,0,0,0,0,0,0,0,0
1605,9,e40473ff344e55ae,1.646691,20.0,1,13911,1,1,0,0,1,0,0,0,0,0,0,0,0,1
1606,9,90ecaf7479b68915,1.237098,16.140064,0,13907,1,1,0,0,0,0,0,0,0,0,0,0,0,0
1607,9,90f3fabff4cf81db,1.973039,19.083116,1,13981,1,0,0,0,1,0,0,0,0,0,0,0,0,1
1608,9,856e34ca1b879edb,1.48227,20.0,1,14003,1,1,0,0,1,0,0,0,0,0,0,0,0,1
1609,9,0b681578e0b3316e,1.114688,19.493984,1,13827,1,1,0,0,1,0,0,0,0,0,0,0,0,0
1610,9,f010d85dc887294f,2.92473,18.123946,1,13952,2,0,0,0,0,0,0,0,0,0,0,0,0,1
1611,9,64c1c78f7859fdad,2.197241,20.0,1,13967,1,1,0,0,1,0,0,0,0,0,0,0,0,1
1612,9,c16d3e1a1b7346bd,1.652356,20.0,1,13866,1,1,0,0,1,0,0,0,0,0,0,0,0,1
1613,9,65f500e78f5a12d1,1.241353,20.0,1,13878,1,1,0,0,1,0,0,0,0,0,0,0,0,0
1614,9,5e19057a0c8c6807,1.976236,18.753225,1,13840,1,0,0,0,0,0,0,0,0,0,0,0,0,1
1615,9,44320a4d3a956612,1.484672,20.0,1,13898,1,1,0,0,1,0,0,0,0,0,0,0,0,1
1616,9,38b796b0b0b8f2b8,2.160645,19.307609,1,13880,2,1,0,0,1,0,0,0,0,0,0,0,0,0
1617,9,c379cd949bc282f4,2.666865,17.983929,1,13935,1,0,0,0,0,0,0,0,0,0,0,0,0,1
1618,9,12d1e1e820a0d614,2.003516,16.989498,1,13915,1,1,0,0,1,0,0,0,0,0,0,0,0,0
1619,9,bf6fdb6268d4c1b5,2.550823,16.256847,1,13889,1,0,0,0,0,0,0,0,0,0,0,0,0,1
1620,9,e14f41c0f161c030,1.916338,19.17085,1,13996,1,1,0,0,1,0,0,0,0,0,0,0,0,1
1621,9,7a064671f6ccdd64,2.483327,14.402343,0,13794,1,0,0,0,0,0,0,0,0,0,0,0,0,0
1622,9,9e0e0e4b61087210,1.86563,17.777631,1,13569,1,1,0,0,1,0,0,0,0,0,0,0,0,1
1623,9,716d9db5530b7837,2.447131,13.369032,0,13685,1,0,0,0,0,0,0,0,0,0,0,0,0,0
1624,9,ae451b5fb0da7aba,1.838438,17.001343,1,14052,1,1,0,0,1,0,0,0,0,0,0,0,0,1
1625,9,ba71e80f7c9a028c,1.38115,12.772473,0,13918,1,1,0,0,0,0,0,0,0,0,0,0,0,0
1626,9,38fd96a5dde63ba1,2.082795,16.566085,1,13869,1,0,0,0,1,0,0,0,0,0,0,0,0,1
1627,9,42ca8b1088f35298,1.564726,19.40317,1,13832,1,1,0,0,1,0,0,0,0,0,0,0,0,1
1628,9,5d2ecb2a857c5504,2.219173,18.055721,1,13759,2,1,0,0,1,0,0,0,0,0,0,0,0,0
1629,9,7948500a3de7df9e,1.667182,13.564588,0,13792,0,0,0,0,0,0,0,0,0,0,0,0,0,0
1630,9,c4e4cfc90b2a54a7,1.253745,17.161767,1,13896,1,1,0,0,1,0,0,0,0,0,0,0,0,1
1631,9,5b86726468e64b1f,1.985545,19.850683,1,13872,2,1,0,0,1,0,0,0,0,0,0,0,0,1
1632,9,d54300c993a1d377,0.448012,18.391921,1,13886,0,1,0,0,1,0,0,0,0,0,0,0,0,0
1633,9,a8570d107ec6a469,2.425213,17.311488,1,13770,2,0,0,0,0,0,0,0,0,0,0,0,0,1
1634,9,1416f958c7ffa408,1.821972,16.484318,1,13817,1,1,0,0,1,0,0,0,0,0,0,0,0,0
1635,9,4abbe4b5972bd3bb,1.368779,19.341741,1,13931,1,1,0,0,1,0,0,0,0,0,0,0,0,1
1636,9,6de8cf41e4a70384,2.071966,18.009572,1,13957,1,0,0,0,0,0,0,0,0,0,0,0,0,1
1637,9,72f11724885a9a5a,1.558148,17.023956,1,13934,1,1,0,0,1,0,0,0,0,0,0,0,0,0
1638,9,85fe4b2d4b4e16cb,1.170578,19.747151,1,14052,1,1,0,0,1,0,0,0,0,0,0,0,0,1
1639,9,e99135ff19c9f242,1.923065,18.314141,1,14038,2,1,0,0,0,0,0,0,0,0,0,0,0,1
1640,9,3b187699726ff0b4,2.490323,20.0,1,15118,1,0,0,0,1,0,0,0,0,0,0,0,0,1
1641,9,de71eebb0aaf0a82,1.870886,19.055147,1,15021,1,1,0,0,1,0,0,0,0,0,0,0,0,0
1642,9,a2ef216287bb8fca,2.44918,17.794264,1,16130,1,0,0,0,0,0,0,0,0,0,0,0,0,1
1643,9,361322600fcb0e2a,2.883631,20.0,1,16260,2,1,0,0,1,0,0,0,0,0,0,0,0,1
1644,9,953f14b71a06a0d4,2.168532,20.0,1,15995,1,1,0,0,1,0,0,0,0,0,0,0,0,1
1645,9,394ad96e7ef83ee1,1.629137,20.0,1,15912,1,1,0,0,1,0,0,0,0,0,0,0,0,0
1646,9,4060cbeee6c78b4e,3.311216,18.648102,1,15793,2,0,0,0,0,0,0,0,0,0,0,0,0,1
1647,9,fa66139b13819d2c,2.490082,20.0,1,15690,1,1,0,0,1,0,0,0,0,0,0,0,0,1
1648,9,751a2c48956d374b,1.870705,20.0,1,15714,1,1,0,0,1,0,0,0,0,0,0,0,0,1
1649,9,e8c0ed95a693b070,1.405391,20.0,1,15940,1,1,0,0,1,0,0,0,0,0,0,0,0,1
1650,9,35664dffb7095540,2.099471,20.0,1,15851,2,1,0,0,1,0,0,0,0,0,0,0,0,1
1651,9,30b579eeb691fe62,3.667133,20.0,1,15861,2,0,0,0,0,0,0,0,0,0,0,0,0,1
1652,9,03a1848973d95919,2.75498,20.0,1,16260,1,1,0,0,1,0,0,0,0,0,0,0,0,0
1653,9,fc84d27456b84041,2.069714,20.0,1,16189,1,1,0,0,1,0,0,0,0,0,0,0,0,1
1654,9,3a12ff5e76122890,1.556454,20.0,1,15005,1,1,0,0,1,0,0,0,0,0,0,0,0,1
1655,9,074049c67f1134db,3.256612,20.0,1,13764,2,0,0,0,0,0,0,0,0,0,0,0,0,1
1656,9,cbbf67f210b6e460,2.446571,20.0,1,13939,1,1,0,0,1,0,0,0,0,0,0,0,0,1
1657,9,d5d5ba3b825f6d3b,1.838017,20.0,1,13875,1,1,0,0,1,0,0,0,0,0,0,0,0,0
1658,9,3534f48d3001e772,2.426366,19.034987,1,14083,1,0,0,0,0,0,0,0,0,0,0,0,0,1
1659,9,43a3519ed11613ae,1.822838,20.0,1,13822,1,1,0,0,1,0,0,0,0,0,0,0,0,1
1660,9,23da778333d59a31,2.413083,20.0,1,13978,2,1,0,0,1,0,0,0,0,0,0,0,0,1
1661,9,a60a0a915ce5d17d,2.858824,17.242184,0,13894,1,0,0,0,0,0,0,0,0,0,0,0,0,0
1662,9,c82732590f010317,2.147727,19.911098,1,13964,1,1,0,0,1,0,0,0,0,0,0,0,0,1
1663,9,e6a61824b2c59f65,2.657161,14.958463,0,14098,1,0,0,0,0,0,0,0,0,0,0,0,0,0
1664,9,9ede4ad7f282814d,1.996225,18.195423,1,13982,1,1,0,0,1,0,0,0,0,0,0,0,0,1
1665,9,ef42d8f715594ad5,1.50119,20.0,1,13969,1,1,0,0,1,0,0,0,0,0,0,0,0,1
1666,9,e80f0d88ded0cd38,3.215095,15.509232,0,14086,2,0,0,0,0,0,0,0,0,0,0,0,0,0
1667,9,f661e4ac193997e4,2.41538,18.609195,1,13817,1,1,0,0,1,0,0,0,0,0,0,0,0,1
1668,9,9a2fc479ddbebd39,1.8164,17.474882,1,13784,1,1,0,0,1,0,0,0,0,0,0,0,0,0
1669,9,da90dbdd6d624f5d,1.364594,20.0,1,13822,1,1,0,0,1,0,0,0,0,0,0,0,0,1
1670,9,75deccf8aa24c49b,2.068822,18.568641,1,13773,1,0,0,0,0,0,0,0,0,0,0,0,0,1
1671,9,eb325938391abeb2,1.554228,17.42877,1,13855,1,1,0,0,1,0,0,0,0,0,0,0,0,0
1672,9,778892b15e06d920,1.168802,20.0,1,13687,1,1,0,0,1,0,0,0,0,0,0,0,0,1
1673,9,a01467008deb122c,1.921731,15.076103,0,13557,1,0,0,0,0,0,0,0,0,0,0,0,0,0
1674,9,b63696168efbc4f7,1.443724,18.283802,1,13785,1,1,0,0,1,0,0,0,0,0,0,0,0,1
1675,9,dcaf23f71ba1623e,2.129852,20.0,1,13685,2,1,0,0,1,0,0,0,0,0,0,0,0,1
1676,9,7f717cdb9e86f719,2.643731,19.038006,1,13781,1,0,0,0,0,0,0,0,0,0,0,0,0,1
1677,9,d1f035fa4196ed90,1.986137,17.781387,1,13742,1,1,0,0,1,0,0,0,0,0,0,0,0,0
1678,9,7447d371f6549eaf,1.49211,20.0,1,13802,1,1,0,0,1,0,0,0,0,0,0,0,0,1
1679,9,f126cfe9bcd68430,1.122088,18.758559,1,13694,1,1,0,0,1,0,0,0,0,0,0,0,0,0
1680,9,c521531d9c38ce9e,0.842983,20.0,1,13905,1,1,0,0,1,0,0,0,0,0,0,0,0,1
1681,9,7efaf37869737f88,2.720608,19.293143,1,13920,2,0,0,0,0,0,0,0,0,0,0,0,0,1
1682,9,6c0a85a2d5b02ac6,2.045936,20.0,1,13797,1,1,0,0,1,0,0,0,0,0,0,0,0,1
1683,9,defe135c0e5cdb15,1.537035,20.0,1,14289,1,1,0,0,1,0,0,0,0,0,0,0,0,1
1684,9,38d3c1e4299ca3a1,2.198371,17.344466,0,14723,1,0,0,0,0,0,0,0,0,0,0,0,0,0
1685,9,4935908b76a986cb,1.651554,19.987938,1,14715,1,1,0,0,1,0,0,0,0,0,0,0,0,1
1686,9,5ba2a122a47d6016,1.241992,18.511716,1,15455,1,1,0,0,1,0,0,0,0,0,0,0,0,0
1687,9,964c1a4e9fd5592f,0.933062,20.0,1,15243,1,1,0,0,1,0,0,0,0,0,0,0,0,1
1688,9,b31f0c55f8210bfa,0.700975,19.153826,1,15067,1,1,0,0,1,0,0,0,0,0,0,0,0,0
1689,9,3c7b0f230debcdd3,1.571293,17.884452,1,14595,1,0,0,0,0,0,0,0,0,0,0,0,0,1
1690,9,8668a132856e12d3,2.224107,20.0,1,14545,2,1,0,0,1,0,0,0,0,0,0,0,0,1
1691,9,61493272707f5da5,1.670889,20.0,1,14324,1,1,0,0,1,0,0,0,0,0,0,0,0,1
1692,9,1afa389a60f3ea2b,1.255276,20.0,1,14709,1,1,0,0,1,0,0,0,0,0,0,0,0,1
1693,9,16c6cd20d82109d7,0.943986,20.0,1,14527,1,1,0,0,1,0,0,0,0,0,0,0,0,0
1694,9,d6726e18e9347420,0.709181,20.0,1,14532,1,1,0,0,1,0,0,0,0,0,0,0,0,1
1695,9,ffe8426496e3a624,1.576435,20.0,1,14095,2,1,0,0,1,0,0,0,0,0,0,0,0,1
1696,9,796745e4abd66815,1.185501,20.0,1,14090,1,1,0,0,1,0,0,0,0,0,0,0,0,1
1697,9,4ee238639430a110,1.934276,20.0,1,13846,1,0,0,0,0,0,0,0,0,0,0,0,0,1
1698,9,3d8ef94f6d7b4ed5,1.453149,20.0,1,13995,1,1,0,0,1,0,0,0,0,0,0,0,0,0
1699,9,db02151f3590b368,1.091697,20.0,1,13984,1,1,0,0,1,0,0,0,0,0,0,0,0,1
1700,9,8e6aaa585b37bb97,0.820972,20.0,1,13962,1,1,0,0,1,0,0,0,0,0,0,0,0,1
1701,9,2da9ec4c1c0996f5,1.660419,17.77422,0,13848,1,0,0,0,0,0,0,0,0,0,0,0,0,0
1702,9,17a78252debd6b7d,2.291064,20.0,1,14043,2,1,0,0,1,0,0,0,0,0,0,0,0,1
1703,9,8b21e938f335b56a,1.722913,20.0,1,13876,1,1,0,0,1,0,0,0,0,0,0,0,0,1
1704,9,d1f87fc3fdfeea52,2.338013,16.704333,0,13928,1,0,0,0,0,0,0,0,0,0,0,0,0,0
1705,9,c7163235cb3c6682,1.756462,19.50703,1,14121,1,1,0,0,1,0,0,0,0,0,0,0,0,1
1706,9,8c16b7fbfbac9f93,2.363218,18.133747,1,14069,1,0,0,0,0,0,0,0,0,0,0,0,0,1
1707,9,027d1f645e44b8a7,2.821324,17.117338,1,14250,2,1,0,0,1,0,0,0,0,0,0,0,0,0
1708,9,c8748aec0eb53e45,2.119555,19.817305,1,14152,1,1,0,0,1,0,0,0,0,0,0,0,0,1
1709,9,487b6edb27239977,2.635996,18.366845,1,14263,1,0,0,0,0,0,0,0,0,0,0,0,0,1
1710,9,065b44bfd048bfc9,1.982306,17.292631,1,13859,1,1,0,0,1,0,0,0,0,0,0,0,0,0
1711,9,07b66c4127efe56c,2.532886,16.470152,1,13934,1,0,0,0,0,0,0,0,0,0,0,0,0,1
1712,9,37a97e87c9530200,1.902863,15.852254,1,14396,1,1,0,0,1,0,0,0,0,0,0,0,0,0
1713,9,1550dc9429cbec6a,1.42955,18.866895,1,14187,1,1,0,0,1,0,0,0,0,0,0,0,0,1
1714,9,7f64bc9698067334,1.075042,17.668675,1,14034,1,1,0,0,1,0,0,0,0,0,0,0,0,0
1715,9,ab3cff5d030dca03,2.894945,16.75266,1,14111,2,0,0,0,0,0,0,0,0,0,0,0,0,1
1716,9,a7f1ee7e06a962d6,2.174864,19.543336,1,14008,1,1,0,0,1,0,0,0,0,0,0,0,0,1
1717,9,10d7a20a0017fa31,1.635529,20.0,1,13883,1,1,0,0,1,0,0,0,0,0,0,0,0,1
1718,9,0984f32471eb6539,1.228712,19.749593,1,14176,1,1,0,0,1,0,0,0,0,0,0,0,0,0
1719,9,2bbc81435bd6d68e,0.923085,18.315976,1,14048,1,1,0,0,0,0,0,0,0,0,0,0,0,1
1720,9,87a038b0bdeb5a39,1.737133,17.238952,1,14234,1,0,0,0,1,0,0,0,0,0,0,0,0,0
1721,9,386c529f75f7f1ea,1.306349,19.924941,1,13921,1,1,0,0,1,0,0,0,0,0,0,0,0,1
1722,9,d3e90cc5d6f8856b,0.981411,18.447708,1,13996,1,1,0,0,1,0,0,0,0,0,0,0,0,0
1723,9,8d8c17b280e3bbcf,1.780951,17.337918,1,14006,1,0,0,0,0,0,0,0,0,0,0,0,0,1
1724,9,3dd04cc7150c4763,1.3393,19.999365,1,14116,1,1,0,0,1,0,0,0,0,0,0,0,0,1
1725,9,1687f92cf255f071,1.006166,18.50362,1,14197,1,1,0,0,1,0,0,0,0,0,0,0,0,0
1726,9,ca2cb0878932d23e,0.755895,17.379922,1,14240,1,1,0,0,0,0,0,0,0,0,0,0,0,1
1727,9,e986fc21a8f774fc,2.655182,20.0,1,14058,2,0,0,0,1,0,0,0,0,0,0,0,0,1
1728,9,fd317826bc411dc4,1.996735,20.0,1,14169,1,1,0,0,1,0,0,0,0,0,0,0,0,1
1729,9,9c95ef82830ee9aa,1.500072,16.53698,0,14294,1,1,0,0,0,0,0,0,0,0,0,0,0,0
1730,9,266521425f924722,2.170602,19.381304,1,14129,1,0,0,0,1,0,0,0,0,0,0,0,0,1
1731,9,9a49882b88de968f,1.632323,18.055518,1,14151,1,1,0,0,1,0,0,0,0,0,0,0,0,0
1732,9,c115208831479a11,1.226304,20.0,1,14259,1,1,0,0,1,0,0,0,0,0,0,0,0,1
1733,9,0e9bfa0c2b1d6e98,0.921276,20.0,1,14346,1,1,0,0,1,0,0,0,0,0,0,0,0,1
1734,9,28388842e41c781d,1.735774,20.0,1,14407,2,1,0,0,1,0,0,0,0,0,0,0,0,1
1735,9,e77ab20bc78312bf,2.349477,17.873376,0,15085,1,0,0,0,0,0,0,0,0,0,0,0,0,0
1736,9,604f36732a547a50,1.765074,20.0,1,14891,1,1,0,0,1,0,0,0,0,0,0,0,0,1
1737,9,7bb4b3018ac4d750,1.326034,18.793549,1,14948,1,1,0,0,1,0,0,0,0,0,0,0,0,0
1738,9,47850d939f2d5503,2.041347,17.613519,1,15519,1,0,0,0,0,0,0,0,0,0,0,0,0,1
1739,9,88f3b8bd20399bb6,2.577241,20.0,1,15397,2,1,0,0,1,0,0,0,0,0,0,0,0,1
1740,9,380051526d285e30,1.936185,20.0,1,15205,1,1,0,0,1,0,0,0,0,0,0,0,0,1
1741,9,51c3d919eb367983,1.454583,20.0,1,15283,1,1,0,0,0,0,0,0,0,0,0,0,0,1
1742,9,3d6220bb0691578b,3.182168,20.0,1,14527,2,0,0,0,1,0,0,0,0,0,0,0,0,1
1743,9,39995b14512a0288,2.390644,20.0,1,14561,1,1,0,0,1,0,0,0,0,0,0,0,0,1
1744,9,9303a20390443dfd,1.796002,20.0,1,15514,1,1,0,0,1,0,0,0,0,0,0,0,0,0
1745,9,536a74eb5ac74ae7,2.394769,19.397806,1,15437,1,0,0,0,0,0,0,0,0,0,0,0,0,1
1746,9,6cebc2dbe5023be0,2.842754,20.0,1,15473,2,1,0,0,1,0,0,0,0,0,0,0,0,1
1747,9,6d44548e5401ed51,2.135655,19.653931,1,15576,1,1,0,0,1,0,0,0,0,0,0,0,0,0
1748,9,e89c2fa15a16b91a,1.604438,20.0,1,15964,1,1,0,0,1,0,0,0,0,0,0,0,0,1
1749,9,3c0c2a446b747c9a,3.294861,19.816472,1,15690,2,0,0,0,0,0,0,0,0,0,0,0,0,1
1750,9,927139a879aa9494,2.475306,20.0,1,14469,1,1,0,0,1,0,0,0,0,0,0,0,0,1
1751,9,af5c3585cfe9a309,1.859605,20.0,1,13579,1,1,0,0,1,0,0,0,0,0,0,0,0,1
1752,9,3653907481762be5,3.48675,20.0,1,13909,2,0,0,0,0,0,0,0,0,0,0,0,0,1
1753,9,cf064e89d6ab8c71,2.619465,19.296209,1,14190,1,1,0,0,1,0,0,0,0,0,0,0,0,0
1754,9,089f84715ef0e4f5,1.967906,20.0,1,14370,1,1,0,0,1,0,0,0,0,0,0,0,0,1
1755,9,4ca279ddc528c356,2.522068,16.117745,0,14293,1,0,0,0,0,0,0,0,0,0,0,0,0,0
1756,9,2d7ac4d0cf2cf3c9,1.896631,19.081778,1,14440,1,1,0,0,1,0,0,0,0,0,0,0,0,1
1757,9,5b66038e0282c060,2.468521,14.335426,0,14396,1,0,0,0,0,0,0,0,0,0,0,0,0,0
1758,9,da049c789f257868,1.854508,17.727359,1,14358,1,1,0,0,1,0,0,0,0,0,0,0,0,1
1759,9,64bb5b4021da3351,1.394616,16.811728,1,14202,1,1,0,0,1,0,0,0,0,0,0,0,0,0
1760,9,d5b18077d17e0ee7,2.091376,16.108867,1,13754,1,0,0,0,0,0,0,0,0,0,0,0,0,1
1761,9,c1ab09c376dc3a04,1.571173,15.580834,1,13883,1,1,0,0,1,0,0,0,0,0,0,0,0,0
1762,9,871b3559499bb064,1.180363,18.662988,1,13763,1,1,0,0,1,0,0,0,0,0,0,0,0,1
1763,9,6447808306f84c8f,0.88765,14.034833,0,13654,1,1,0,0,0,0,0,0,0,0,0,0,0,0
1764,9,39e77bf28b763eab,1.710512,17.501534,1,13756,1,0,0,0,1,0,0,0,0,0,0,0,0,1
1765,9,0cd1ba75d62981f3,1.285044,16.627093,1,13813,1,1,0,0,1,0,0,0,0,0,0,0,0,0
1766,9,b0f4c0835baadaf8,0.966371,15.984313,1,13683,1,1,0,0,0,0,0,0,0,0,0,0,0,1
1767,9,be2daa79049c1bc0,1.769652,15.487261,1,13819,1,0,0,0,1,0,0,0,0,0,0,0,0,0
1768,9,aef4e292d298c7ea,1.329473,18.592689,1,13714,1,1,0,0,1,0,0,0,0,0,0,0,0,1
1769,10,1fd48474a6be9a50,0.998784,20.0,1,13948,1,1,0,0,1,0,0,0,0,0,0,0,0,1
1770,10,40ab05863d40ab6a,2.8394,15.736411,0,14032,2,0,0,0,0,0,0,0,0,0,0,0,0,0
1771,10,9fa3e60e300cac94,2.133135,18.779866,1,14219,1,1,0,0,1,0,0,0,0,0,0,0,0,1
1772,10,9522afc9eb92ebd2,1.602545,20.0,1,14091,1,1,0,0,1,0,0,0,0,0,0,0,0,1
1773,10,0fba0eaa5e567fe1,1.205137,19.32266,1,14029,1,1,0,0,1,0,0,0,0,0,0,0,0,0
1774,10,8f9f8c22e25048df,1.949027,17.995237,1,13936,1,0,0,0,0,0,0,0,0,0,0,0,0,1
1775,10,025aca0c2fc547cd,1.464231,16.997993,1,13993,1,1,0,0,1,0,0,0,0,0,0,0,0,0
1776,10,ea7305c3d0c4eb0e,1.100022,19.727646,1,14016,1,1,0,0,1,0,0,0,0,0,0,0,0,1
1777,10,b3bc2710b036c5b2,0.827232,14.835471,0,13976,1,1,0,0,0,0,0,0,0,0,0,0,0,0
1778,10,3c254a4fca255c07,1.665122,18.103024,1,13867,1,0,0,0,1,0,0,0,0,0,0,0,0,1
1779,10,7fb0256f65ce4ff6,1.250944,20.0,1,14143,1,1,0,0,1,0,0,0,0,0,0,0,0,1
1780,10,a69e89495c03d18a,0.940728,18.940271,1,13945,1,1,0,0,1,0,0,0,0,0,0,0,0,0
1781,10,ba87dd4319678e85,1.750387,17.707962,1,13991,1,0,0,0,0,0,0,0,0,0,0,0,0,1
1782,10,3e895dd2e76d3ae9,1.315,16.782174,1,13912,1,1,0,0,1,0,0,0,0,0,0,0,0,0
1783,10,5bfa9aaebee05047,0.987911,19.565509,1,13968,1,1,0,0,1,0,0,0,0,0,0,0,0,1
1784,10,ca3938afd42b6b51,1.787073,18.194044,1,14034,1,0,0,0,0,0,0,0,0,0,0,0,0,1
1785,10,3840b1179d01d5ca,1.342561,17.147349,1,13988,1,1,0,0,1,0,0,0,0,0,0,0,0,0
1786,10,3ad00a257add4750,1.008616,19.839852,1,13991,1,1,0,0,1,0,0,0,0,0,0,0,0,1
1787,10,715e21df0f1ac6b8,0.758494,18.400353,1,13916,1,1,0,0,1,0,0,0,0,0,0,0,0,0
1788,10,ab882b57d80326bc,2.657135,17.302342,1,14024,2,0,0,0,0,0,0,0,0,0,0,0,0,1
1789,10,de121b1615b372cf,1.996206,19.956292,1,14033,1,1,0,0,1,0,0,0,0,0,0,0,0,1
1790,10,58b8431551715724,1.499675,20.0,1,14037,1,1,0,0,1,0,0,0,0,0,0,0,0,1
1791,10,23e17bd6c1c20f85,1.127777,19.987293,1,13911,1,1,0,0,1,0,0,0,0,0,0,0,0,0
1792,10,c8292701595322e6,1.89091,18.494551,1,14106,1,0,0,0,0,0,0,0,0,0,0,0,0,1
1793,10,10c80b0b9d50bf2d,1.42057,20.0,1,14010,1,1,0,0,1,0,0,0,0,0,0,0,0,1
1794,10,f6d7570dbe7171fa,2.112439,20.0,1,13908,2,1,0,0,1,0,0,0,0,0,0,0,0,1
1795,10,50afc0b225fbdddd,1.586997,20.0,1,13981,1,1,0,0,0,0,0,0,0,0,0,0,0,1
1796,10,26bf505ffeb94bbf,2.235905,18.871397,1,14031,1,0,0,0,1,0,0,0,0,0,0,0,0,0
1797,10,e40473ff344e55ae,1.679752,20.0,1,14041,1,1,0,0,1,0,0,0,0,0,0,0,0,1
1798,10,90ecaf7479b68915,1.263197,19.374371,1,13780,1,1,0,0,1,0,0,0,0,0,0,0,0,0
1799,10,90f3fabff4cf81db,1.992646,18.034085,1,14068,1,0,0,0,0,0,0,0,0,0,0,0,0,1
1800,10,856e34ca1b879edb,1.497001,17.027179,1,14055,1,1,0,0,1,0,0,0,0,0,0,0,0,0
1801,10,0b681578e0b3316e,1.125766,19.765684,1,13917,1,1,0,0,1,0,0,0,0,0,0,0,0,1
1802,10,f010d85dc887294f,2.933052,18.328064,1,13754,2,0,0,0,0,0,0,0,0,0,0,0,0,1
1803,10,64c1c78f7859fdad,2.203493,20.0,1,13998,1,1,0,0,1,0,0,0,0,0,0,0,0,1
1804,10,c16d3e1a1b7346bd,1.655402,20.0,1,13932,1,1,0,0,1,0,0,0,0,0,0,0,0,1
1805,10,65f500e78f5a12d1,2.289036,16.942143,0,13925,1,0,0,0,0,0,0,0,0,0,0,0,0,0
1806,10,9d9a6a3fa5fc68ef,1.719667,19.685688,1,13784,1,1,0,0,1,0,0,0,0,0,0,0,0,1
1807,10,c9f741938b901a2c,1.291922,20.0,1,14033,1,1,0,0,1,0,0,0,0,0,0,0,0,1
1808,10,ef83c37bfd8abbf8,2.015694,20.0,1,13870,2,1,0,0,1,0,0,0,0,0,0,0,0,1
1809,10,ba7b9bb2934818a3,2.557969,17.515624,0,13798,1,0,0,0,0,0,0,0,0,0,0,0,0,0
1810,10,4f2b2ce4a223fb71,1.921706,20.0,1,13939,1,1,0,0,1,0,0,0,0,0,0,0,0,1
1811,10,8ee0f215545717e4,1.443706,18.591636,1,13695,1,1,0,0,1,0,0,0,0,0,0,0,0,0
1812,10,acef73e69ba223a6,2.129838,17.461677,1,13779,1,0,0,0,0,0,0,0,0,0,0,0,0,1
1813,10,f3a319b4cb551edc,1.600068,20.0,1,13892,1,1,0,0,1,0,0,0,0,0,0,0,0,1
1814,10,f42c00ec90478151,2.245724,15.082344,0,13431,1,0,0,0,0,0,0,0,0,0,0,0,0,0
1815,10,dc0783652a75a15b,1.688817,18.303141,1,13456,1,1,0,0,1,0,0,0,0,0,0,0,0,1
1816,10,2ae438f3ea91a622,2.312398,20.0,1,13792,2,1,0,0,1,0,0,0,0,0,0,0,0,1
1817,10,7e5f1a0e6e0f6028,1.737218,15.557262,0,13941,0,0,0,0,0,0,0,0,0,0,0,0,0,0
1818,10,0705d71dbf0fd601,2.348761,18.645279,1,13744,2,1,0,0,1,0,0,0,0,0,0,0,0,1
1819,10,949dde9f1b1e5886,1.766301,17.502017,1,13633,1,1,0,0,1,0,0,0,0,0,0,0,0,0
1820,10,7641a8807333fd70,2.37061,16.627456,1,13616,1,0,0,0,0,0,0,0,0,0,0,0,0,1
1821,10,41318af6f5549a9f,1.78095,15.97043,1,13691,1,1,0,0,1,0,0,0,0,0,0,0,0,0
1822,10,7ffc471efc72fe2f,1.3393,18.970995,1,13671,1,1,0,0,1,0,0,0,0,0,0,0,0,1
1823,10,34ff2f3961d2f99f,2.049819,17.731044,1,13911,1,0,0,0,0,0,0,0,0,0,0,0,0,1
1824,10,3c02ee8d477e9764,1.539953,16.799515,1,13703,1,1,0,0,1,0,0,0,0,0,0,0,0,0
1825,10,f73d5f0b0c1d81ff,2.200562,19.578536,1,13807,2,1,0,0,1,0,0,0,0,0,0,0,0,1
1826,10,e656d02c25db3781,1.654854,20.0,1,13678,1,1,0,0,1,0,0,0,0,0,0,0,0,1
1827,10,2c84c8f67ae5e607,2.286883,19.76948,1,13952,1,0,0,0,0,0,0,0,0,0,0,0,0,1
1828,10,dcb27db98e89f513,1.71805,18.330916,1,13904,1,1,0,0,1,0,0,0,0,0,0,0,0,0
1829,10,8be3785daa875b8a,1.291998,20.0,1,13733,1,1,0,0,1,0,0,0,0,0,0,0,0,1
1830,10,4aaea99f6ac59e27,2.014283,15.585779,0,14085,1,0,0,0,0,0,0,0,0,0,0,0,0,0
1831,10,aec729454a9a1f18,1.513256,18.666702,1,13838,1,1,0,0,1,0,0,0,0,0,0,0,0,1
1832,10,1b41aa863285f5c1,1.136852,20.0,1,13828,1,1,0,0,1,0,0,0,0,0,0,0,0,1
1833,10,32fd1d9e0020a202,1.89908,15.778225,0,13939,1,0,0,0,0,0,0,0,0,0,0,0,0,0
1834,10,f58bfb7c7a613e57,1.426708,18.81128,1,13937,1,1,0,0,1,0,0,0,0,0,0,0,0,1
1835,10,79677f7746bd59d4,2.115485,20.0,1,13927,2,1,0,0,1,0,0,0,0,0,0,0,0,1
1836,10,7e9471a6b64ad0e1,1.590875,20.0,1,13847,1,1,0,0,1,0,0,0,0,0,0,0,0,1
1837,10,17bf3f6a53b3acbd,2.238818,20.0,1,14154,1,0,0,0,0,0,0,0,0,0,0,0,0,1
1838,10,ee1a1cd50f2951de,2.725594,20.0,1,14117,2,1,0,0,1,0,0,0,0,0,0,0,0,1
1839,10,8cfdd8d741f0fa72,2.047637,20.0,1,14229,1,1,0,0,1,0,0,0,0,0,0,0,0,0
1840,10,c0be460fdcbbda7f,1.539852,20.0,1,14877,1,1,0,0,1,0,0,0,0,0,0,0,0,1
1841,10,a6fbea34fb95680f,2.200487,16.724005,0,14986,1,0,0,0,0,0,0,0,0,0,0,0,0,0
1842,10,e0932b7b1defa8c5,1.653143,19.521809,1,16368,1,1,0,0,1,0,0,0,0,0,0,0,0,1
1843,10,af4aa705dace5bec,3.331488,18.16118,1,16380,2,0,0,0,0,0,0,0,0,0,0,0,0,1
1844,10,24236b32be665c60,2.502823,17.12266,1,16571,1,1,0,0,1,0,0,0,0,0,0,0,0,0
1845,10,c4097fcea9b10d06,1.880277,19.821304,1,16530,1,1,0,0,1,0,0,0,0,0,0,0,0,1
1846,10,42b88000d6b2c46d,2.456235,20.0,1,16418,2,1,0,0,1,0,0,0,0,0,0,0,0,1
1847,10,58b9d8bb825ec1ac,2.891274,19.911031,1,16408,1,0,0,0,0,0,0,0,0,0,0,0,0,1
1848,10,0cdcb1f8b6cb8e44,2.172106,18.437258,1,16855,1,1,0,0,1,0,0,0,0,0,0,0,0,0
1849,10,d200bce1af06ee51,2.675476,20.0,1,16964,2,1,0,0,1,0,0,0,0,0,0,0,0,1
1850,10,90d4ee6d4b59826e,3.056146,19.1291,1,16756,1,0,0,0,0,0,0,0,0,0,0,0,0,1
1851,10,095ec8464e0215e8,3.339622,20.0,1,16821,2,1,0,0,1,0,0,0,0,0,0,0,0,1
1852,10,de1e73e1c7eca292,2.508933,20.0,1,16910,1,1,0,0,1,0,0,0,0,0,0,0,0,1
1853,10,aacab051c8d72560,2.928521,20.0,1,16816,1,0,0,0,0,0,0,0,0,0,0,0,0,1
1854,10,1de3f6c8e406d342,2.20229,19.08006,1,14825,1,1,0,0,1,0,0,0,0,0,0,0,0,0
1855,10,088a084ff4e6122f,3.741805,17.81298,1,13956,2,0,0,0,0,0,0,0,0,0,0,0,0,1
1856,10,f79b15cbbcee9052,2.811078,20.0,1,14001,1,1,0,0,1,0,0,0,0,0,0,0,0,1
1857,10,62d21b4e8f59b0fa,3.158121,18.776408,1,14010,1,0,0,0,0,0,0,0,0,0,0,0,0,1
1858,10,b04c07e96eb64a43,2.372578,20.0,1,13926,1,1,0,0,1,0,0,0,0,0,0,0,0,1
1859,10,c8ae8fb1ebb69fda,1.782429,19.303217,1,13792,1,1,0,0,1,0,0,0,0,0,0,0,0,0
1860,10,025dd8421e40c787,2.382726,17.98063,1,13586,1,0,0,0,0,0,0,0,0,0,0,0,0,1
1861,10,48f48cdea5675cf0,1.791844,17.002191,1,13773,1,1,0,0,1,0,0,0,0,0,0,0,0,0
1862,10,0961120d7e2c241c,1.346145,19.7308,1,13729,1,1,0,0,1,0,0,0,0,0,0,0,0,1
1863,10,6df890320c51dd58,2.054962,14.823012,0,13826,1,0,0,0,0,0,0,0,0,0,0,0,0,0
1864,10,71ea6aae9131a580,1.545361,18.10812,1,13548,1,1,0,0,1,0,0,0,0,0,0,0,0,1
1865,10,661b5a46ca301ace,1.160972,17.082798,1,13699,1,1,0,0,1,0,0,0,0,0,0,0,0,0
1866,10,6fdc84f3bc161610,1.915848,16.312512,1,13595,1,0,0,0,0,0,0,0,0,0,0,0,0,1
1867,10,0122f23e4b3007c9,1.439305,19.21267,1,13686,1,1,0,0,1,0,0,0,0,0,0,0,0,1
1868,10,d160d46167f38e65,2.126528,20.0,1,13612,2,1,0,0,1,0,0,0,0,0,0,0,0,1
1869,10,b929dfe110f303a0,1.597581,20.0,1,13691,1,1,0,0,1,0,0,0,0,0,0,0,0,1
1870,10,d07e57c26ef401ff,2.243856,17.310311,0,13826,1,0,0,0,0,0,0,0,0,0,0,0,0,0
1871,10,d2586ee61d5d79ac,1.687412,19.978604,1,13781,1,1,0,0,1,0,0,0,0,0,0,0,0,1
1872,10,bcb757b2ab56eeca,1.26769,18.488023,1,14007,1,1,0,0,1,0,0,0,0,0,0,0,0,0
1873,10,7c09883a45b2f1b3,1.996021,17.368205,1,13925,1,0,0,0,0,0,0,0,0,0,0,0,0,1
1874,10,cd01dc91c96f2c80,1.499536,16.526928,1,13926,1,1,0,0,1,0,0,0,0,0,0,0,0,0
1875,10,407cb23d160672f7,2.171823,19.389489,1,13672,2,1,0,0,1,0,0,0,0,0,0,0,0,1
1876,10,495b7f2ae71e9ea0,2.675263,18.045442,1,13649,1,0,0,0,0,0,0,0,0,0,0,0,0,1
1877,10,bb2b0908a9abf78f,2.009825,20.0,1,13776,1,1,0,0,1,0,0,0,0,0,0,0,0,1
1878,10,362a450686f85f0a,1.511417,18.90774,1,13775,1,1,0,0,1,0,0,0,0,0,0,0,0,0
1879,10,ac24ffc7764b1735,2.179124,17.683523,1,13892,1,0,0,0,0,0,0,0,0,0,0,0,0,1
1880,10,ccd879853054dd57,2.680748,20.0,1,13987,2,1,0,0,1,0,0,0,0,0,0,0,0,1
1881,10,f859de6b01c88424,2.013946,18.686397,1,14122,1,1,0,0,1,0,0,0,0,0,0,0,0,0
1882,10,bfd739d4cdfa72da,2.558666,17.532939,1,13831,1,0,0,0,0,0,0,0,0,0,0,0,0,1
1883,10,4f5aad7a3f03a4ac,1.92223,16.650686,1,13899,1,1,0,0,1,0,0,0,0,0,0,0,0,0
1884,10,eeb769578968f69b,1.4441,19.466727,1,13748,1,1,0,0,1,0,0,0,0,0,0,0,0,1
1885,10,502b6783c23e78b7,1.085984,20.0,1,13572,1,1,0,0,1,0,0,0,0,0,0,0,0,1
1886,10,b2e487a060b94e24,1.859512,16.227467,0,13826,1,0,0,0,0,0,0,0,0,0,0,0,0,0
1887,10,ee2e508103b6d6a5,1.396982,19.148779,1,14043,1,1,0,0,1,0,0,0,0,0,0,0,0,1
1888,10,23c3d297d4ee197c,2.093154,17.864606,1,14010,2,1,0,0,0,0,0,0,0,0,0,0,0,1
1889,10,ef4233fca45a133f,2.618232,16.91494,1,13968,1,0,0,0,1,0,0,0,0,0,0,0,0,0
1890,10,3aa7e3473919d60b,1.96698,19.665251,1,14004,1,1,0,0,1,0,0,0,0,0,0,0,0,1
1891,10,eddc85bfe849991a,1.477718,18.252613,1,14050,1,1,0,0,1,0,0,0,0,0,0,0,0,0
1892,10,ceebec7b81634a4a,2.155416,17.206727,1,13963,1,0,0,0,0,0,0,0,0,0,0,0,0,1
1893,10,9f5d87ec4e74461b,2.662937,19.884459,1,14094,2,1,0,0,1,0,0,0,0,0,0,0,0,1
1894,10,bc6cbaf5138154c9,2.000565,20.0,1,13942,1,1,0,0,1,0,0,0,0,0,0,0,0,1
1895,10,b05e035ddc8d98f6,1.50295,19.928596,1,14086,1,1,0,0,1,0,0,0,0,0,0,0,0,0
1896,10,b768ded19de9060d,2.17439,18.46709,1,14093,1,0,0,0,0,0,0,0,0,0,0,0,0,1
1897,10,5ed64908cb95e26b,1.633538,17.352479,1,14095,1,1,0,0,1,0,0,0,0,0,0,0,0,0
1898,10,c6ed74ae21f8b3b8,1.227216,19.993958,1,14094,1,1,0,0,1,0,0,0,0,0,0,0,0,1
1899,10,2f341478fd8e2792,1.967034,15.035741,0,14073,1,0,0,0,0,0,0,0,0,0,0,0,0,0
1900,10,56f072d2546f4fcc,1.477759,18.253479,1,14203,1,1,0,0,1,0,0,0,0,0,0,0,0,1
1901,10,21f9efdb55ad7b46,2.153839,20.0,1,14204,2,1,0,0,1,0,0,0,0,0,0,0,0,1
1902,10,a54b98d10b749a22,2.661752,19.008078,1,14171,1,0,0,0,0,0,0,0,0,0,0,0,0,1
1903,10,282cbd5f2ba7600d,2.001675,20.0,1,14061,1,1,0,0,1,0,0,0,0,0,0,0,0,1
1904,10,69daaef3b0b7ceb3,1.503784,19.447194,1,14256,1,1,0,0,1,0,0,0,0,0,0,0,0,0
1905,10,fc3f8938c0596cdd,2.17339,18.088794,1,14516,1,0,0,0,0,0,0,0,0,0,0,0,0,1
1906,10,8d1fa1a01f922ad6,1.63442,17.083533,1,14285,1,1,0,0,1,0,0,0,0,0,0,0,0,0
1907,10,fd6a28f15c8f50ec,1.227879,19.791909,1,14013,1,1,0,0,1,0,0,0,0,0,0,0,0,1
1908,10,38f800686de8352c,0.922459,14.868921,0,14123,1,1,0,0,0,0,0,0,0,0,0,0,0,0
1909,10,49f9c54215f141fc,1.736663,18.128154,1,13994,1,0,0,0,1,0,0,0,0,0,0,0,0,1
1910,10,cd3c9eb645524028,1.305995,17.113132,1,14133,1,1,0,0,1,0,0,0,0,0,0,0,0,0
1911,10,5f74a538f2ae9f66,2.024799,16.335301,1,13966,1,0,0,0,0,0,0,0,0,0,0,0,0,1
1912,10,4c8e6ed502692c93,1.521156,15.750945,1,14157,1,1,0,0,1,0,0,0,0,0,0,0,0,0
1913,10,0793002c6d3e96c3,1.143931,18.805939,1,13958,1,1,0,0,1,0,0,0,0,0,0,0,0,1
1914,10,9cdf8acdfc436234,1.903046,20.0,1,13997,2,1,0,0,1,0,0,0,0,0,0,0,0,1
1915,10,768eb8188560dfb8,1.429687,20.0,1,14044,1,1,0,0,1,0,0,0,0,0,0,0,0,1
1916,10,b4208cfa6e769a3b,2.117724,17.127832,0,14129,1,0,0,0,0,0,0,0,0,0,0,0,0,0
1917,10,851ed36e407dd93d,1.592558,19.841377,1,13962,1,1,0,0,1,0,0,0,0,0,0,0,0,1
1918,10,07870aa703a40a3a,1.19643,20.0,1,13924,1,1,0,0,1,0,0,0,0,0,0,0,0,1
1919,10,dde32ab0c247527f,0.898833,19.904281,1,13988,1,1,0,0,1,0,0,0,0,0,0,0,0,0
1920,10,13c517f921f708b3,0.675935,20.0,1,13878,1,1,0,0,1,0,0,0,0,0,0,0,0,1
1921,10,68ff72540528a3b6,1.551458,16.474668,0,14037,1,0,0,0,0,0,0,0,0,0,0,0,0,0
1922,10,11fc499b1b84b68e,1.165553,19.334491,1,13919,1,1,0,0,1,0,0,0,0,0,0,0,0,1
1923,10,4c0dac783f48ef5f,0.875636,18.004125,1,14112,1,1,0,0,1,0,0,0,0,0,0,0,0,0
1924,10,02ec29759fbb19a0,0.658491,20.0,1,14095,1,1,0,0,1,0,0,0,0,0,0,0,0,1
1925,10,54d8c093532a96c4,0.4947,18.88,1,13992,1,1,0,0,1,0,0,0,0,0,0,0,0,0
1926,10,8dda4d3aeb8dfc4e,1.415303,20.0,1,14074,2,1,0,0,1,0,0,0,0,0,0,0,0,1
1927,10,6abdec8a6ccaa5f7,2.108478,19.379232,1,14086,1,0,0,0,0,0,0,0,0,0,0,0,0,1
1928,10,adf9594e124383dc,1.584021,20.0,1,14130,1,1,0,0,1,0,0,0,0,0,0,0,0,1
1929,10,88f56ba790f2bdd2,1.190016,19.643448,1,13980,1,1,0,0,1,0,0,0,0,0,0,0,0,0
1930,10,8b16276669b07ea5,1.937668,18.236232,1,13927,1,0,0,0,0,0,0,0,0,0,0,0,0,1
1931,10,50ae98058be71d52,1.457154,17.194408,1,14036,1,1,0,0,1,0,0,0,0,0,0,0,0,0
1932,10,7b267f30de6bbf1b,1.094705,19.875205,1,14002,1,1,0,0,1,0,0,0,0,0,0,0,0,1
1933,10,2e410b438a53c718,0.822411,14.931499,0,13857,1,1,0,0,0,0,0,0,0,0,0,0,0,0
1934,10,10727e2237549e23,2.706766,18.189703,1,13820,2,0,0,0,1,0,0,0,0,0,0,0,0,1
1935,10,06142b997aa1e323,2.033492,20.0,1,13914,1,1,0,0,1,0,0,0,0,0,0,0,0,1
1936,10,91f4fa482863c76e,1.527686,20.0,1,13948,1,1,0,0,1,0,0,0,0,0,0,0,0,1
1937,10,7575f751240f13fd,2.191347,16.866543,0,13804,1,0,0,0,0,0,0,0,0,0,0,0,0,0
1938,10,1cb98a6a4b8af97d,2.692075,19.644884,1,13828,2,1,0,0,1,0,0,0,0,0,0,0,0,1
1939,10,c28f50e2896a103e,2.022455,20.0,1,13921,1,1,0,0,1,0,0,0,0,0,0,0,0,1
1940,10,8ac96d26788eb4ba,1.519395,20.0,1,13999,1,1,0,0,1,0,0,0,0,0,0,0,0,1
1941,10,d508b3b60112075d,2.186757,20.0,1,13974,1,0,0,0,0,0,0,0,0,0,0,0,0,1
1942,10,ea9434268926f046,1.642829,19.241496,1,14145,1,1,0,0,1,0,0,0,0,0,0,0,0,0
1943,10,bf91afd7e7553a2f,1.234196,20.0,1,14041,1,1,0,0,1,0,0,0,0,0,0,0,0,1
1944,10,8304b3f198b569b5,3.014512,19.56571,1,14040,2,0,0,0,0,0,0,0,0,0,0,0,0,1
1945,10,17e54ae5ff5a2d37,2.266956,20.0,1,13999,1,1,0,0,1,0,0,0,0,0,0,0,0,1
1946,10,ebd50b9c79b8e4c1,1.703079,19.762234,1,13852,1,1,0,0,1,0,0,0,0,0,0,0,0,0
1947,10,6ed83de0e4a07783,2.323113,18.325472,1,14182,1,0,0,0,0,0,0,0,0,0,0,0,0,1
1948,10,ca75c1d40d7feeca,1.747014,17.261518,1,13861,1,1,0,0,1,0,0,0,0,0,0,0,0,0
1949,10,2bc48295577b28e2,1.312466,19.925622,1,13852,1,1,0,0,1,0,0,0,0,0,0,0,0,1
1950,10,e1a592aece5a849f,2.02966,18.44822,1,14039,1,0,0,0,0,0,0,0,0,0,0,0,0,1
1951,10,940ec1ee10b60a61,1.524808,17.338302,1,13793,1,1,0,0,1,0,0,0,0,0,0,0,0,0
1952,10,e8127451797a4324,1.146677,19.999654,1,13862,1,1,0,0,1,0,0,0,0,0,0,0,0,1
1953,10,95500f27e2422891,1.905109,18.503837,1,13861,1,0,0,0,0,0,0,0,0,0,0,0,0,1
1954,10,d0e3f27e1f055b04,1.431237,17.380085,1,13744,1,1,0,0,1,0,0,0,0,0,0,0,0,0
1955,10,e37613992f4fd291,2.120461,20.0,1,13465,2,1,0,0,1,0,0,0,0,0,0,0,0,1
1956,10,cf98ece0cea14c62,2.636677,18.527443,1,13623,1,0,0,0,0,0,0,0,0,0,0,0,0,1
1957,10,f089f3b57a4d0f74,1.980837,20.0,1,13601,1,1,0,0,1,0,0,0,0,0,0,0,0,1
1958,10,a1e09a12055751f3,1.488129,20.0,1,13742,1,1,0,0,1,0,0,0,0,0,0,0,0,1
1959,10,090692e3b870af64,1.119094,20.0,1,13750,1,1,0,0,1,0,0,0,0,0,0,0,0,0
1960,10,80d2c89c33cba964,0.840733,20.0,1,13923,1,1,0,0,1,0,0,0,0,0,0,0,0,1
1961,10,90667e06d1fdedfb,1.675265,16.801261,0,13808,1,0,0,0,0,0,0,0,0,0,0,0,0,0
1962,10,f6a9d3612372c138,1.259823,19.595791,1,13805,1,1,0,0,1,0,0,0,0,0,0,0,0,1
1963,10,5dd678ca8cd28c41,0.946458,18.20043,1,13990,1,1,0,0,1,0,0,0,0,0,0,0,0,0
1964,10,ad61d1e41e33f309,0.711039,17.152147,1,13941,1,1,0,0,0,0,0,0,0,0,0,0,0,1
1965,10,1b4d011e92f99b72,2.621483,19.843456,1,13795,2,0,0,0,1,0,0,0,0,0,0,0,0,1
1966,10,2088ca923afd1b47,1.971393,20.0,1,13856,1,1,0,0,1,0,0,0,0,0,0,0,0,1
1967,10,6e9da6919a69c02e,1.481034,20.0,1,13882,1,1,0,0,1,0,0,0,0,0,0,0,0,1
1968,10,b776d3795485251f,2.156299,17.578038,0,13908,1,0,0,0,0,0,0,0,0,0,0,0,0,0
1969,10,3a88b46349db717f,1.621567,20.0,1,13918,1,1,0,0,1,0,0,0,0,0,0,0,0,1
1970,10,bc97d504d7395733,1.218223,20.0,1,14050,1,1,0,0,1,0,0,0,0,0,0,0,0,1
1971,10,0396e9642752b8fa,1.958859,20.0,1,14191,2,1,0,0,1,0,0,0,0,0,0,0,0,1
1972,10,ac5d4b8039e7d009,2.515271,17.710421,0,14040,1,0,0,0,0,0,0,0,0,0,0,0,0,0
1973,10,856d7df85636b8d3,1.891519,20.0,1,14148,1,1,0,0,1,0,0,0,0,0,0,0,0,1
1974,10,101d94a99483b526,1.421028,18.714069,1,14191,1,1,0,0,1,0,0,0,0,0,0,0,0,0
1975,10,a5832e6e7c03ec94,1.067565,20.0,1,14318,1,1,0,0,1,0,0,0,0,0,0,0,0,1
1976,10,b99a6b3f3fe95dfa,1.846975,20.0,1,13953,2,1,0,0,1,0,0,0,0,0,0,0,0,1
1977,10,4675fb62415f4b1a,2.431216,20.0,1,14285,1,0,0,0,0,0,0,0,0,0,0,0,0,1
1978,10,e4b5c49e595029da,1.826482,20.0,1,14129,1,1,0,0,1,0,0,0,0,0,0,0,0,1
1979,10,294e68b54221db19,1.372168,20.0,1,14240,1,1,0,0,1,0,0,0,0,0,0,0,0,0
1980,10,33f332f2c8a6146f,2.07604,20.0,1,14287,2,1,0,0,1,0,0,0,0,0,0,0,0,1
1981,10,a5b87d6b1ee73aea,2.603305,20.0,1,14171,1,0,0,0,0,0,0,0,0,0,0,0,0,1
1982,10,4f6aa90010b1c290,1.955765,20.0,1,14001,1,1,0,0,1,0,0,0,0,0,0,0,0,1
1983,10,b4a84820f0de4e48,1.470764,20.0,1,14189,1,1,0,0,1,0,0,0,0,0,0,0,0,1
1984,10,35f0e26816390ea6,1.10493,20.0,1,14396,1,1,0,0,1,0,0,0,0,0,0,0,0,0
1985,10,4da13f1f06982863,1.873746,19.411912,1,14277,1,0,0,0,0,0,0,0,0,0,0,0,0,1
1986,10,a9d30ebd9cf81830,2.451328,20.0,1,14178,2,1,0,0,1,0,0,0,0,0,0,0,0,1
1987,10,5c2ebba65cb4fa26,1.843434,20.0,1,14083,1,1,0,0,1,0,0,0,0,0,0,0,0,1
1988,10,e417228d43b6a251,2.428556,17.399424,0,14374,1,0,0,0,0,0,0,0,0,0,0,0,0,0
1989,10,365f9e2086f0ccfe,1.824484,20.0,1,14353,1,1,0,0,1,0,0,0,0,0,0,0,0,1
1990,10,ffc6fd0f54dc2985,2.416188,15.062263,0,14522,1,0,0,0,0,0,0,0,0,0,0,0,0,0
1991,10,c82eb716a6ccd2b1,2.858845,18.273404,1,14472,2,1,0,0,1,0,0,0,0,0,0,0,0,1
1992,10,d64b1dd1680b4a9e,2.147744,20.0,1,14558,1,1,0,0,1,0,0,0,0,0,0,0,0,1
1993,10,d2856f82fc5dd939,2.657173,19.019324,1,14565,1,0,0,0,0,0,0,0,0,0,0,0,0,1
1994,10,40f5acb149b13958,1.998232,20.0,1,14582,1,1,0,0,1,0,0,0,0,0,0,0,0,1
1995,10,e6018ee5231ed57b,1.501197,19.453547,1,14370,1,1,0,0,1,0,0,0,0,0,0,0,0,0
1996,10,9991598eb2d821e3,1.127793,20.0,1,14330,1,1,0,0,1,0,0,0,0,0,0,0,0,1
1997,10,2b65254ced56f677,1.892267,20.0,1,14323,2,1,0,0,1,0,0,0,0,0,0,0,0,1
1998,10,f42dbbf1bd95f2d9,1.421589,20.0,1,14393,1,1,0,0,1,0,0,0,0,0,0,0,0,0
1999,10,7f2a383df3f59c35,2.11164,19.177183,1,14242,1,0,0,0,0,0,0,0,0,0,0,0,0,1
2000,10,bb0fb67a29edf533,1.586396,20.0,1,14362,1,1,0,0,1,0,0,0,0,0,0,0,0,1
2001,10,9e4c2169ae4926b7,1.192993,19.547128,1,14310,1,1,0,0,1,0,0,0,0,0,0,0,0,0
2002,10,4c3d4240b32e3b34,0.896251,18.163871,1,13892,1,1,0,0,0,0,0,0,0,0,0,0,0,1
2003,10,6a2fdf38948c66ca,1.716973,17.124682,1,13664,1,0,0,0,1,0,0,0,0,0,0,0,0,0
2004,10,5115650a7406ca7b,1.291188,19.839008,1,13662,1,1,0,0,1,0,0,0,0,0,0,0,0,1
2005,10,f287c3b16c3508d8,0.970021,18.38315,1,13529,1,1,0,0,1,0,0,0,0,0,0,0,0,0
2006,10,0308ec9b4b06ef85,0.728741,20.0,1,13870,1,1,0,0,1,0,0,0,0,0,0,0,0,1
2007,10,0325a8fae7e2e796,0.547476,20.0,1,13802,1,1,0,0,1,0,0,0,0,0,0,0,0,1
2008,10,00a1b1ebc75d0266,1.45586,20.0,1,13863,1,0,0,0,0,0,0,0,0,0,0,0,0,1
2009,10,52c00d90994e6043,2.137387,18.839178,1,13976,2,1,0,0,1,0,0,0,0,0,0,0,0,0
2010,10,a5915d23de02da78,1.605739,20.0,1,13952,1,1,0,0,1,0,0,0,0,0,0,0,0,1
2011,10,1177772c1fd9b0db,1.207538,19.356169,1,13860,1,1,0,0,1,0,0,0,0,0,0,0,0,0
2012,10,925c98f060abb7a4,0.907178,20.0,1,14156,1,1,0,0,1,0,0,0,0,0,0,0,0,1
2013,10,635b225abfe96fe6,0.681529,20.0,1,13969,1,1,0,0,1,0,0,0,0,0,0,0,0,1
2014,10,caeef4a03e43108e,1.555661,17.361135,0,14059,1,0,0,0,0,0,0,0,0,0,0,0,0,0
2015,10,59636c76c6798e52,1.169879,20.0,1,14253,1,1,0,0,1,0,0,0,0,0,0,0,0,1
2016,10,70bc1f7707701e22,1.92254,20.0,1,14083,2,1,0,0,1,0,0,0,0,0,0,0,0,1
2017,10,ada5f1fde6feec95,1.444332,20.0,1,14124,1,1,0,0,1,0,0,0,0,0,0,0,0,1
2018,10,471ddf63f261a048,1.086158,20.0,1,14088,1,1,0,0,1,0,0,0,0,0,0,0,0,1
2019,11,1fd48474a6be9a50,0.81599,20.0,1,13888,1,1,0,0,1,0,0,0,0,0,0,0,0,0
2020,11,40ab05863d40ab6a,1.656676,19.987739,1,14112,1,0,0,0,0,0,0,0,0,0,0,0,0,1
2021,11,9fa3e60e300cac94,2.288252,20.0,1,14146,2,1,0,0,1,0,0,0,0,0,0,0,0,1
2022,11,9522afc9eb92ebd2,1.720798,20.0,1,14148,1,1,0,0,1,0,0,0,0,0,0,0,0,0
2023,11,0fba0eaa5e567fe1,2.336425,18.507898,1,14062,1,0,0,0,0,0,0,0,0,0,0,0,0,1
2024,11,8f9f8c22e25048df,1.755269,20.0,1,13949,1,1,0,0,1,0,0,0,0,0,0,0,0,1
2025,11,025aca0c2fc547cd,1.319987,19.169009,1,14035,1,1,0,0,1,0,0,0,0,0,0,0,0,0
2026,11,ea7305c3d0c4eb0e,0.991657,17.879804,1,13984,1,1,0,0,0,0,0,0,0,0,0,0,0,1
2027,11,b3bc2710b036c5b2,1.788648,16.911273,1,14003,1,0,0,0,1,0,0,0,0,0,0,0,0,0
2028,11,3c254a4fca255c07,1.343744,19.662496,1,13754,1,1,0,0,1,0,0,0,0,0,0,0,0,1
2029,11,7fb0256f65ce4ff6,2.054666,20.0,1,14125,2,1,0,0,1,0,0,0,0,0,0,0,0,1
2030,11,a69e89495c03d18a,1.543593,16.338069,0,14044,1,1,0,0,0,0,0,0,0,0,0,0,0,0
2031,11,ba87dd4319678e85,2.203297,19.23187,1,13817,1,0,0,0,1,0,0,0,0,0,0,0,0,1
2032,11,3e895dd2e76d3ae9,1.656911,17.943142,1,13885,1,1,0,0,1,0,0,0,0,0,0,0,0,0
2033,11,5bfa9aaebee05047,1.244775,20.0,1,14108,1,1,0,0,1,0,0,0,0,0,0,0,0,1
2034,11,ca3938afd42b6b51,0.935153,20.0,1,14093,1,1,0,0,1,0,0,0,0,0,0,0,0,1
2035,11,3840b1179d01d5ca,1.746199,16.761998,0,14032,1,0,0,0,0,0,0,0,0,0,0,0,0,0
2036,11,3ad00a257add4750,2.357317,20.0,1,13929,2,1,0,0,1,0,0,0,0,0,0,0,0,2
2037,11,715e21df0f1ac6b8,1.770964,20.0,1,14048,1,1,0,0,1,0,0,0,0,0,0,0,0,0
2038,11,ab882b57d80326bc,1.330459,20.0,1,14057,1,1,0,0,1,0,0,0,0,0,0,0,0,1
2039,11,de121b1615b372cf,2.044675,20.0,1,13921,1,0,0,0,0,0,0,0,0,0,0,0,0,1
2040,11,0469b68beb7ba893,1.536088,18.849686,1,13939,1,1,0,0,1,0,0,0,0,0,0,0,0,0
2041,11,77ed09b9b5fdd2d5,2.197659,20.0,1,14025,2,1,0,0,1,0,0,0,0,0,0,0,0,1
2042,11,f528f75252723e1c,2.694672,19.344574,1,14052,1,0,0,0,0,0,0,0,0,0,0,0,0,1
2043,11,c2f4dc060312be30,2.026432,20.0,1,14040,1,1,0,0,1,0,0,0,0,0,0,0,0,1
2044,11,f6d7570dbe7171fa,1.522382,19.637301,1,13876,1,1,0,0,1,0,0,0,0,0,0,0,0,0
2045,11,50afc0b225fbdddd,1.143709,20.0,1,14110,1,1,0,0,1,0,0,0,0,0,0,0,0,1
2046,11,77cb534e4dd68f47,1.904236,16.326575,0,13834,1,0,0,0,0,0,0,0,0,0,0,0,0,0
2047,11,03a072c123c7f460,1.430581,19.223234,1,14042,1,1,0,0,1,0,0,0,0,0,0,0,0,1
2048,11,40a0b4653c2b8b16,1.074742,20.0,1,13885,1,1,0,0,1,0,0,0,0,0,0,0,0,1
2049,11,8ced9c6091029967,0.807414,16.076559,0,14069,1,1,0,0,0,0,0,0,0,0,0,0,0,0
2050,11,f446b42f744adfb3,2.695488,19.050805,1,13913,2,0,0,0,1,0,0,0,0,0,0,0,0,1
2051,11,ffdd19bd8ebe00f5,2.025019,20.0,1,14113,1,1,0,0,1,0,0,0,0,0,0,0,0,1
2052,11,b9666f9e7129180f,1.521321,20.0,1,13810,1,1,0,0,1,0,0,0,0,0,0,0,0,1
2053,11,826bb28746b5aff3,2.188206,20.0,1,13928,1,0,0,0,0,0,0,0,0,0,0,0,0,1
2054,11,3c2e28f559cf9803,1.643917,19.052068,1,13890,1,1,0,0,1,0,0,0,0,0,0,0,0,0
2055,11,f896a9eeacd54b0b,2.278667,17.791951,1,13894,2,1,0,0,0,0,0,0,0,0,0,0,0,1
2056,11,7e91fafbe2aeffcf,2.755531,20.0,1,13846,1,0,0,0,1,0,0,0,0,0,0,0,0,1
2057,11,23f5c9c20ef02c3c,2.072198,20.0,1,13804,1,1,0,0,1,0,0,0,0,0,0,0,0,1
2058,11,9d0a03a46f7fd20e,1.556765,20.0,1,13972,1,1,0,0,0,0,0,0,0,0,0,0,0,1
2059,11,5056e413ae2ebdf0,2.213193,18.647365,1,13958,1,0,0,0,1,0,0,0,0,0,0,0,0,0
2060,11,b775466fa0289f2b,1.664353,20.0,1,13897,1,1,0,0,1,0,0,0,0,0,0,0,0,1
2061,11,6f4f567e5c6b8e3b,2.294019,19.243405,1,14057,1,0,0,0,0,0,0,0,0,0,0,0,0,1
2062,11,137f5eeeb2623443,1.723411,17.935695,1,13715,1,1,0,0,1,0,0,0,0,0,0,0,0,0
2063,11,c56ed1fb7bd9ce7a,2.338388,20.0,1,13992,2,1,0,0,1,0,0,0,0,0,0,0,0,1
2064,11,3fd1bd003e02a18b,2.802651,18.845737,1,13514,1,0,0,0,0,0,0,0,0,0,0,0,0,1
2065,11,6e854fd7e70e32bd,2.105527,17.636942,1,13764,1,1,0,0,1,0,0,0,0,0,0,0,0,0
2066,11,a79b79b71750715d,2.625457,16.72882,1,13971,1,0,0,0,0,0,0,0,0,0,0,0,0,1
2067,11,ddf6bafbca772346,1.974381,19.541314,1,13772,1,1,0,0,1,0,0,0,0,0,0,0,0,1
2068,11,56a401e4a7726b2e,1.483279,14.680659,0,13943,1,1,0,0,0,0,0,0,0,0,0,0,0,0
2069,11,bb28cbdf97149c5d,2.157985,17.986719,1,13816,1,0,0,0,1,0,0,0,0,0,0,0,0,1
2070,11,e3e18a9466c6fedc,1.621214,20.0,1,13870,1,1,0,0,1,0,0,0,0,0,0,0,0,1
2071,11,c921d548169e8f60,1.219176,18.874564,1,13649,1,1,0,0,1,0,0,0,0,0,0,0,0,0
2072,11,69aafadc3fe97223,0.915921,17.658598,1,13976,1,1,0,0,0,0,0,0,0,0,0,0,0,1
2073,11,dd667997a0060278,1.731751,20.0,1,13927,1,0,0,0,1,0,0,0,0,0,0,0,0,1
2074,11,60fc8de00e506b2f,2.346452,20.0,1,13830,2,1,0,0,1,0,0,0,0,0,0,0,0,1
2075,11,053e8f9694566d06,2.806455,16.655259,0,13882,1,0,0,0,0,0,0,0,0,0,0,0,0,0
2076,11,90b5c2e4308a9168,2.108385,19.470163,1,13947,1,1,0,0,1,0,0,0,0,0,0,0,0,1
2077,11,a36f6dad50bd4f8a,1.583951,20.0,1,14063,1,1,0,0,1,0,0,0,0,0,0,0,0,1
2078,11,5692d6ab7a94f716,1.191153,16.232148,0,13774,1,1,0,0,0,0,0,0,0,0,0,0,0,0
2079,11,35b3b36d69533371,1.938522,19.152295,1,14776,1,0,0,0,1,0,0,0,0,0,0,0,0,1
2080,11,9c478fd94d3e9798,1.456339,17.867248,1,14543,1,1,0,0,1,0,0,0,0,0,0,0,0,0
2081,11,8d1105594730167b,1.095188,20.0,1,14454,1,1,0,0,1,0,0,0,0,0,0,0,0,1
2082,11,9c35beb5878441b5,0.822774,15.323826,0,14453,1,1,0,0,0,0,0,0,0,0,0,0,0,0
2083,11,f5f29522ce931d39,1.661773,18.469906,1,14464,1,0,0,0,1,0,0,0,0,0,0,0,0,1
2084,11,ce8bafa2b4cea125,2.292081,20.0,1,14784,2,1,0,0,1,0,0,0,0,0,0,0,0,1
2085,11,fe101d3bee42534f,1.723678,20.0,1,15027,1,1,0,0,1,0,0,0,0,0,0,0,0,1
2086,11,bcf07b426549d65b,1.294935,20.0,1,14589,1,1,0,0,1,0,0,0,0,0,0,0,0,0
2087,11,21e71b54ccf262e5,2.016489,18.863538,1,14521,1,0,0,0,0,0,0,0,0,0,0,0,0,1
2088,11,eadaa5c18d35c7c0,1.516429,20.0,1,14531,1,1,0,0,1,0,0,0,0,0,0,0,0,1
2089,11,e8a0a1e6e85c6c35,2.18289,20.0,1,14646,2,1,0,0,1,0,0,0,0,0,0,0,0,1
2090,11,d3f380907c693ce4,2.683577,17.162128,0,15136,1,0,0,0,0,0,0,0,0,0,0,0,0,0
2091,11,92d280e6b4457db6,2.016071,19.850954,1,14948,1,1,0,0,1,0,0,0,0,0,0,0,0,1
2092,11,d26103ce8b618b57,1.516114,20.0,1,14921,1,1,0,0,1,0,0,0,0,0,0,0,0,1
2093,11,452a62474d02fed6,2.182653,19.923385,1,14918,2,1,0,0,0,0,0,0,0,0,0,0,0,1
2094,11,846fb34737ebdce6,2.683399,18.446539,1,14799,1,0,0,0,1,0,0,0,0,0,0,0,0,0
2095,11,d81cfe464fe52a92,2.017954,20.0,1,14500,1,1,0,0,1,0,0,0,0,0,0,0,0,1
2096,11,521895fc1c5d2a30,1.516014,19.129946,1,13946,1,1,0,0,1,0,0,0,0,0,0,0,0,0
2097,11,bb5ab77e6dcb5944,2.182578,17.850458,1,13789,1,0,0,0,0,0,0,0,0,0,0,0,0,1
2098,11,518d9e8c1224b1c9,1.639689,16.889226,1,13913,1,1,0,0,1,0,0,0,0,0,0,0,0,0
2099,11,59c39f1eb42bbe4d,1.23307,16.181441,1,13810,1,1,0,0,0,0,0,0,0,0,0,0,0,1
2100,11,29b3ef9aa30ec344,1.970012,15.635356,1,13822,1,0,0,0,1,0,0,0,0,0,0,0,0,0
2101,11,32a8ad249713b630,1.479997,18.703948,1,13861,1,1,0,0,1,0,0,0,0,0,0,0,0,1
2102,11,c24ee0dcac45eeb0,2.157129,17.546137,1,13581,1,0,0,0,0,0,0,0,0,0,0,0,0,1
2103,11,588eb18bae2515d6,1.62057,16.660601,1,13777,1,1,0,0,1,0,0,0,0,0,0,0,0,0
2104,11,7a53477a2fe956e3,1.217474,19.474176,1,13826,1,1,0,0,1,0,0,0,0,0,0,0,0,1
2105,11,5c3c5f8b1a3b1788,1.958296,14.63022,0,13615,1,0,0,0,0,0,0,0,0,0,0,0,0,0
2106,11,5b41c6d0153d7c3e,1.472667,17.963138,1,13816,1,1,0,0,1,0,0,0,0,0,0,0,0,1
2107,11,ed71fc77916d40ba,2.150013,13.495034,0,13670,1,0,0,0,0,0,0,0,0,0,0,0,0,0
2108,11,a24e81e85f54c3ed,1.615224,17.096003,1,13591,1,1,0,0,1,0,0,0,0,0,0,0,0,1
2109,11,a3dc4fd63c300c16,2.258822,12.856438,0,13801,1,0,0,0,0,0,0,0,0,0,0,0,0,0
2110,11,dc08cfa37f795d6b,1.696969,16.616251,1,13691,1,1,0,0,1,0,0,0,0,0,0,0,0,1
2111,11,3969bee8cde69b9d,2.318522,12.483168,0,13364,1,0,0,0,0,0,0,0,0,0,0,0,0,0
2112,11,bc7a437c326988b0,1.741819,16.335826,1,13392,1,1,0,0,1,0,0,0,0,0,0,0,0,1
2113,11,a92a1f82fe09ae3d,1.309873,15.765276,1,13494,1,1,0,0,1,0,0,0,0,0,0,0,0,0
2114,11,a58e23071edaa33c,2.027712,15.322707,1,13413,1,0,0,0,0,0,0,0,0,0,0,0,0,1
2115,11,c2d30bf5a2f264fc,1.523344,14.990221,1,13509,1,1,0,0,1,0,0,0,0,0,0,0,0,0
2116,11,684009f4b79d0d28,1.145577,18.233864,1,13505,1,1,0,0,1,0,0,0,0,0,0,0,0,1
2117,11,0959b977c5a25da9,0.860629,17.177265,1,13352,1,1,0,0,1,0,0,0,0,0,0,0,0,0
2118,11,3aec1a7fa048c1bb,1.690212,16.383481,1,13515,1,0,0,0,0,0,0,0,0,0,0,0,0,1
2119,11,56615625a5bba383,1.269793,15.787142,1,13475,1,1,0,0,1,0,0,0,0,0,0,0,0,0
2120,11,03d7cd4fe7a141cb,1.999053,18.833159,1,13513,2,1,0,0,1,0,0,0,0,0,0,0,0,1
2121,11,3e05b5c4a30022c2,2.545467,17.627493,1,13735,1,0,0,0,0,0,0,0,0,0,0,0,0,1
2122,11,7b96a114f0337757,1.912314,20.0,1,13692,1,1,0,0,1,0,0,0,0,0,0,0,0,1
2123,11,0d3bcc10be77ab9c,1.438088,20.0,1,13722,1,1,0,0,1,0,0,0,0,0,0,0,0,1
2124,11,7ebf3c1fd1724ebc,1.080381,20.0,1,13705,1,1,0,0,1,0,0,0,0,0,0,0,0,0
2125,11,148a856e2c3d0928,2.898957,18.594926,1,13866,2,0,0,0,0,0,0,0,0,0,0,0,0,1
2126,11,2ad68c4067cae2dc,2.177878,20.0,1,13705,1,1,0,0,1,0,0,0,0,0,0,0,0,1
2127,11,1cfc1bb7eaaee275,1.637795,20.0,1,13634,1,1,0,0,1,0,0,0,0,0,0,0,0,1
2128,11,02708e9302711043,2.274068,17.052668,0,13749,1,0,0,0,0,0,0,0,0,0,0,0,0,0
2129,11,619fa9b4c4d92721,1.708422,19.768721,1,13732,1,1,0,0,1,0,0,0,0,0,0,0,0,1
2130,11,02634e69808f6647,1.284758,18.346862,1,13680,1,1,0,0,1,0,0,0,0,0,0,0,0,0
2131,11,c89a96b70b624d72,0.96519,17.262156,1,14826,1,1,0,0,0,0,0,0,0,0,0,0,0,1
2132,11,360099c39190c1e9,1.768765,19.926101,1,14667,1,0,0,0,1,0,0,0,0,0,0,0,0,1
2133,11,646d62e266f98ca1,1.328807,18.44858,1,14757,1,1,0,0,1,0,0,0,0,0,0,0,0,0
2134,11,af587e7c6195d134,2.043432,20.0,1,15250,2,1,0,0,1,0,0,0,0,0,0,0,0,1
2135,11,a7df3bc002181fce,1.535154,20.0,1,15075,1,1,0,0,1,0,0,0,0,0,0,0,0,1
2136,11,08852bdbe82ffa22,1.153304,20.0,1,14910,1,1,0,0,1,0,0,0,0,0,0,0,0,1
2137,11,1377f58b134a73f3,0.867301,20.0,1,14860,1,1,0,0,1,0,0,0,0,0,0,0,0,1
2138,11,6027056bc7349fcd,1.695224,18.756776,0,14889,1,0,0,0,0,0,0,0,0,0,0,0,0,0
2139,11,6d3976062cd4940d,2.317212,20.0,1,14862,2,1,0,0,1,0,0,0,0,0,0,0,0,1
2140,11,5b01cc2bd24b19b5,1.740835,20.0,1,15478,1,1,0,0,1,0,0,0,0,0,0,0,0,1
2141,11,53f2f5f031a87d35,1.309133,20.0,1,15245,1,1,0,0,1,0,0,0,0,0,0,0,0,1
2142,11,0c4c7a9b9a67f8db,0.983502,20.0,1,15347,1,1,0,0,1,0,0,0,0,0,0,0,0,1
2143,11,cf6f0bbb2fbb878a,0.738869,20.0,1,15406,1,1,0,0,1,0,0,0,0,0,0,0,0,0
2144,11,7e9ef6a90d691a2e,0.55564,20.0,1,14925,1,1,0,0,1,0,0,0,0,0,0,0,0,1
2145,11,ac44c05e421c6eb9,0.417431,20.0,1,15035,1,1,0,0,1,0,0,0,0,0,0,0,0,0
2146,11,daa7d19be3362470,0.313601,20.0,1,13828,1,1,0,0,1,0,0,0,0,0,0,0,0,1
2147,11,efa9cb56e0e45779,0.235596,17.252442,0,13705,1,1,0,0,0,0,0,0,0,0,0,0,0,0
2148,11,cfc63af893c0fabd,2.265473,19.935086,1,13714,2,0,0,0,1,0,0,0,0,0,0,0,0,1
2149,11,410e6a3da692d1d4,1.701965,20.0,1,13737,1,1,0,0,1,0,0,0,0,0,0,0,0,1
2150,11,5e0789beeeacf02c,2.322276,19.957169,1,13873,1,0,0,0,0,0,0,0,0,0,0,0,0,1
2151,11,72a59ee8c63a804d,1.746385,20.0,1,13768,1,1,0,0,1,0,0,0,0,0,0,0,0,1
2152,11,cc634f1e453308d4,1.311994,16.504548,0,13791,1,1,0,0,0,0,0,0,0,0,0,0,0,0
2153,11,9c6b4622121fd810,2.029305,19.356939,1,13669,1,0,0,0,1,0,0,0,0,0,0,0,0,1
2154,11,7354bcee34be42d4,2.568194,20.0,1,13349,2,1,0,0,1,0,0,0,0,0,0,0,0,1
2155,11,37872b3da31ea2b3,1.931319,20.0,1,13657,1,1,0,0,1,0,0,0,0,0,0,0,0,1
2156,11,d30e426db75d87e6,2.494581,20.0,1,13836,1,0,0,0,0,0,0,0,0,0,0,0,0,1
2157,11,1995cb2151a235fa,1.874085,19.146379,1,13895,1,1,0,0,1,0,0,0,0,0,0,0,0,0
2158,11,9aa97d106acdf2d1,1.409339,20.0,1,13716,1,1,0,0,1,0,0,0,0,0,0,0,0,1
2159,11,2140005ea4d49e54,1.058784,16.046483,0,13949,1,1,0,0,0,0,0,0,0,0,0,0,0,0
2160,11,7141be3aa8718c71,1.839078,19.012812,1,13855,1,0,0,0,1,0,0,0,0,0,0,0,0,1
2161,11,ee7e86a1ca264d99,1.381631,17.76246,1,13800,1,1,0,0,1,0,0,0,0,0,0,0,0,0
2162,11,7049196df22bc76b,1.039006,20.0,1,13926,1,1,0,0,1,0,0,0,0,0,0,0,0,1
2163,11,2b89c57d7a4327c0,1.82422,18.743469,1,13782,1,0,0,0,0,0,0,0,0,0,0,0,0,1
2164,11,727c97945041d09e,1.370468,17.560112,1,13942,1,1,0,0,1,0,0,0,0,0,0,0,0,0
2165,11,c5d608156f8be1eb,1.030611,20.0,1,13837,1,1,0,0,1,0,0,0,0,0,0,0,0,1
2166,11,18b1c911e7b1666e,0.77426,18.62915,1,13846,1,1,0,0,0,0,0,0,0,0,0,0,0,1
2167,11,180617253516be9c,2.668979,20.0,1,13938,2,0,0,0,1,0,0,0,0,0,0,0,0,1
2168,11,9d1fe451ed2edd1d,2.005104,19.220105,1,13924,1,1,0,0,1,0,0,0,0,0,0,0,0,0
2169,11,ee65eaad877daa55,1.507867,20.0,1,13921,1,1,0,0,1,0,0,0,0,0,0,0,0,1
2170,11,8bce34edf172747e,2.176457,16.088136,0,14018,1,0,0,0,0,0,0,0,0,0,0,0,0,0
2171,11,b9f548ca6352fce8,2.678744,19.044104,1,14298,2,1,0,0,1,0,0,0,0,0,0,0,0,1
2172,11,77d471343a8d8091,2.014454,20.0,1,14408,1,1,0,0,1,0,0,0,0,0,0,0,0,1
2173,11,7692bad8919710ac,2.557037,19.467547,1,14443,1,0,0,0,0,0,0,0,0,0,0,0,0,1
2174,11,2819325119750346,1.921007,18.104085,1,15042,1,1,0,0,1,0,0,0,0,0,0,0,0,0
2175,11,8bbcf9ae7fae4cd3,2.486834,20.0,1,15150,2,1,0,0,1,0,0,0,0,0,0,0,0,1
2176,11,3a4e6862c82a54ff,2.914285,18.94087,1,15270,1,0,0,0,0,0,0,0,0,0,0,0,0,1
2177,11,adbd147e0cc38993,2.189393,20.0,1,15327,1,1,0,0,1,0,0,0,0,0,0,0,0,1
2178,11,b0e15467b861dd08,1.644809,19.396039,1,15541,1,1,0,0,1,0,0,0,0,0,0,0,0,0
2179,11,cb3d86731902ba10,2.281071,18.066599,1,15552,2,1,0,0,0,0,0,0,0,0,0,0,0,1
2180,11,7fe6ed6bcb8aaced,2.757336,20.0,1,14576,1,0,0,0,1,0,0,0,0,0,0,0,0,1
2181,11,3ce99e26310ec6a7,2.071484,20.0,1,14195,1,1,0,0,1,0,0,0,0,0,0,0,0,1
2182,11,df5b2b322d0c66a7,2.599882,20.0,1,14521,2,1,0,0,1,0,0,0,0,0,0,0,0,0
2183,11,252c705dd9c284c3,1.955148,20.0,1,14434,1,1,0,0,1,0,0,0,0,0,0,0,0,1
2184,11,484dc4120e3024cb,2.512483,20.0,1,14648,1,0,0,0,0,0,0,0,0,0,0,0,0,1
2185,11,16e62df45d7887fa,2.931188,20.0,1,14450,2,1,0,0,1,0,0,0,0,0,0,0,0,1
2186,11,bc72a12e08862afb,2.204295,20.0,1,14479,1,1,0,0,1,0,0,0,0,0,0,0,0,1
2187,11,811d2ed29677dfe6,1.656005,20.0,1,14447,1,1,0,0,1,0,0,0,0,0,0,0,0,0
2188,11,8cb90a28d1bc1955,1.244094,19.406662,1,14474,1,1,0,0,0,0,0,0,0,0,0,0,0,1
2189,11,f7b18d8488b7f010,1.978295,20.0,1,14464,1,0,0,0,1,0,0,0,0,0,0,0,0,1
2190,11,152dcf350f805aa6,1.487706,20.0,1,14341,1,1,0,0,1,0,0,0,0,0,0,0,0,1
2191,11,b1d4a5a0aa207265,2.161311,17.397196,0,14487,1,0,0,0,0,0,0,0,0,0,0,0,0,0
2192,11,a5442c20e3cb4ef5,1.623712,20.0,1,14563,1,1,0,0,1,0,0,0,0,0,0,0,0,1
2193,11,bb41adc75b350cf2,2.265205,20.0,1,14329,2,1,0,0,1,0,0,0,0,0,0,0,0,1
2194,11,2d5f7361f68f4970,2.745417,16.544311,0,14629,1,0,0,0,0,0,0,0,0,0,0,0,0,0
2195,11,e0a5037c41586e3a,2.062529,19.386812,1,14524,1,1,0,0,1,0,0,0,0,0,0,0,0,1
2196,11,e580c25522d23cc6,2.593155,18.043431,1,14628,1,0,0,0,0,0,0,0,0,0,0,0,0,1
2197,11,8abdf326ab90aa9c,1.950089,17.049419,1,14623,1,1,0,0,1,0,0,0,0,0,0,0,0,0
2198,11,86d2871f518ba584,1.465029,19.76628,1,14607,1,1,0,0,1,0,0,0,0,0,0,0,0,1
2199,11,60094bf55e0e6dd6,2.144275,14.849668,0,14489,1,0,0,0,0,0,0,0,0,0,0,0,0,0
2200,11,96502b1fe37ec246,1.612525,18.128165,1,14350,1,1,0,0,1,0,0,0,0,0,0,0,0,1
2201,11,25e6136b4b5e9628,2.255083,20.0,1,14462,2,1,0,0,1,0,0,0,0,0,0,0,0,1
2202,11,92e2b29ef2d8f343,2.737813,18.937351,1,14190,1,0,0,0,0,0,0,0,0,0,0,0,0,1
2203,11,9115abb51c56d75e,2.056817,17.705769,1,14235,1,1,0,0,1,0,0,0,0,0,0,0,0,0
2204,11,737417a0e7584792,1.546755,20.0,1,14063,1,1,0,0,1,0,0,0,0,0,0,0,0,1
2205,11,bcdd2d31b07795e3,1.16202,18.711441,1,14314,1,1,0,0,1,0,0,0,0,0,0,0,0,0
2206,11,6997524fd92b7ecf,0.872982,17.53605,1,14098,1,1,0,0,0,0,0,0,0,0,0,0,0,1
2207,11,eaa820a64058968a,1.700645,16.667862,1,14099,1,0,0,0,1,0,0,0,0,0,0,0,0,0
2208,11,6ad40b733a547392,1.277631,19.47963,1,13961,1,1,0,0,1,0,0,0,0,0,0,0,0,1
2209,11,5f6c5e75c3fceb95,0.959837,18.113163,1,13860,1,1,0,0,1,0,0,0,0,0,0,0,0,0
2210,11,1cdf96e22bbca9aa,1.764743,17.086586,1,13848,1,0,0,0,0,0,0,0,0,0,0,0,0,1
2211,11,ed832905fb29a38e,1.327112,16.329858,1,13795,1,1,0,0,1,0,0,0,0,0,0,0,0,0
2212,11,e6c4e54c93371fa6,0.997009,19.225701,1,14276,1,1,0,0,1,0,0,0,0,0,0,0,0,1
2213,11,4498244711fccbf6,1.792669,20.0,1,14368,2,1,0,0,1,0,0,0,0,0,0,0,0,1
2214,11,51defd42f2678886,2.392263,19.574539,1,14299,1,0,0,0,0,0,0,0,0,0,0,0,0,1
2215,11,3a456e1d75041040,1.797218,20.0,1,14181,1,1,0,0,1,0,0,0,0,0,0,0,0,1
2216,11,aad9eda65d2ad6ce,1.350183,19.753678,1,14336,1,1,0,0,1,0,0,0,0,0,0,0,0,0
2217,11,f21a4e8a3385f953,1.014342,20.0,1,14240,1,1,0,0,1,0,0,0,0,0,0,0,0,1
2218,11,ab2350678226aeed,1.80695,20.0,1,14401,2,1,0,0,1,0,0,0,0,0,0,0,0,1
2219,11,53d285497dfd22ea,1.357494,20.0,1,14348,1,1,0,0,1,0,0,0,0,0,0,0,0,1
2220,11,54b4087afbee7e5a,1.019834,20.0,1,14438,1,1,0,0,1,0,0,0,0,0,0,0,0,0
2221,11,e085b3113c1568bf,1.811081,19.939393,1,14184,1,0,0,0,0,0,0,0,0,0,0,0,0,1
2222,11,9f7f7b9ebef7ae18,1.360597,18.458565,1,13935,1,1,0,0,1,0,0,0,0,0,0,0,0,0
2223,11,4d79ef157cae1277,1.022166,20.0,1,13925,1,1,0,0,1,0,0,0,0,0,0,0,0,1
2224,11,238f12ac2298b222,0.767915,20.0,1,13719,1,1,0,0,1,0,0,0,0,0,0,0,0,1
2225,11,a3707df58da8e62b,0.577483,20.0,1,13566,1,1,0,0,1,0,0,0,0,0,0,0,0,0
2226,11,dcabf46e61c83199,1.477495,20.0,1,13402,2,1,0,0,1,0,0,0,0,0,0,0,0,1
2227,11,5ecae70a354983f8,2.15364,20.0,1,13607,1,0,0,0,0,0,0,0,0,0,0,0,0,1
2228,11,3cde8883a96f0059,1.619568,20.0,1,13499,1,1,0,0,1,0,0,0,0,0,0,0,0,1
2229,11,9646311d2da8e80b,1.216721,20.0,1,13420,1,1,0,0,1,0,0,0,0,0,0,0,0,1
2230,11,595c901c3cbd8640,1.95773,20.0,1,13360,2,1,0,0,1,0,0,0,0,0,0,0,0,1
2231,11,c8c6b0fc16ffc543,2.514423,20.0,1,13392,1,0,0,0,0,0,0,0,0,0,0,0,0,1
2232,11,2608063c9fb9efd7,1.890882,20.0,1,13405,1,1,0,0,1,0,0,0,0,0,0,0,0,1
2233,11,f5fb69df25affa46,2.464202,20.0,1,13570,2,1,0,0,1,0,0,0,0,0,0,0,0,0
2234,11,ac90d8cb3490a94c,2.894916,19.378015,1,13499,1,0,0,0,0,0,0,0,0,0,0,0,0,1
2235,11,c33925f5c1ba7e1a,2.177018,18.053045,1,13429,1,1,0,0,1,0,0,0,0,0,0,0,0,0
2236,11,5174d7a074118b23,2.679166,20.0,1,13382,2,1,0,0,1,0,0,0,0,0,0,0,0,2
2237,11,af1687ef16116571,2.012757,20.0,1,13324,1,1,0,0,1,0,0,0,0,0,0,0,0,0
2238,11,e068cf37d35ec775,2.555763,19.637361,1,13071,1,0,0,0,0,0,0,0,0,0,0,0,0,1
2239,11,35c57cb24ff1f01d,1.92197,20.0,1,13361,1,1,0,0,1,0,0,0,0,0,0,0,0,1
2240,11,d474b8222fb512dd,2.487557,19.802714,1,13352,2,1,0,0,0,0,0,0,0,0,0,0,0,1
2241,11,e38b3512a1dab71d,2.912462,20.0,1,13933,1,0,0,0,1,0,0,0,0,0,0,0,0,1
2242,11,59a8e5af75a48d66,2.190213,19.900528,1,13567,1,1,0,0,1,0,0,0,0,0,0,0,0,0
2243,11,ebfbeb186a6d90c7,2.689079,18.429367,1,13801,1,0,0,0,0,0,0,0,0,0,0,0,0,1
2244,11,fd27af0d169000fc,2.020204,20.0,1,13864,1,1,0,0,1,0,0,0,0,0,0,0,0,1
2245,11,b59f22eedf782a03,1.517704,19.107349,1,13935,1,1,0,0,1,0,0,0,0,0,0,0,0,0
2246,11,e5d2310aa7bb5b0c,2.185485,17.8495,1,13835,1,0,0,0,0,0,0,0,0,0,0,0,0,1
2247,11,9726621ede2c5548,1.641874,16.888507,1,13990,1,1,0,0,1,0,0,0,0,0,0,0,0,0
2248,11,2c3be21d8a9f3ffc,1.233478,19.645393,1,13987,1,1,0,0,1,0,0,0,0,0,0,0,0,1
2249,11,ddf09036b89ccb22,0.927593,18.254117,1,13789,1,1,0,0,1,0,0,0,0,0,0,0,0,0
2250,11,e02cd74437d202d1,1.740519,17.19248,1,13975,1,0,0,0,0,0,0,0,0,0,0,0,0,1
2251,11,b95dc381ff63df0f,1.307587,16.394912,1,13806,1,1,0,0,1,0,0,0,0,0,0,0,0,0
2252,11,97c5a326dba4e25b,0.982341,19.274574,1,13863,1,1,0,0,1,0,0,0,0,0,0,0,0,1
2253,11,3c03d880f4fb0998,0.738735,17.975256,1,13905,1,1,0,0,1,0,0,0,0,0,0,0,0,0
2254,11,ccd3a37d184b9173,0.554984,16.982982,1,13816,1,1,0,0,0,0,0,0,0,0,0,0,0,1
2255,11,1dd006210b1a8440,1.460592,16.237524,1,13792,1,0,0,0,1,0,0,0,0,0,0,0,0,0
2256,11,b1ab6127a964d4a0,1.098386,19.171853,1,13808,1,1,0,0,1,0,0,0,0,0,0,0,0,1
2257,11,359fb3ca7ca8d87d,1.86883,20.0,1,13837,2,1,0,0,1,0,0,0,0,0,0,0,0,1
2258,11,ba808f3e11125d4e,1.403982,20.0,1,13908,1,1,0,0,1,0,0,0,0,0,0,0,0,1
2259,11,0f6bdb354ed584e7,2.098412,20.0,1,13882,1,0,0,0,0,0,0,0,0,0,0,0,0,1
2260,11,e626c2f3d10c2409,1.578036,19.093692,1,13820,1,1,0,0,1,0,0,0,0,0,0,0,0,0
2261,11,5a4871d6d95e1b01,1.18552,20.0,1,13979,1,1,0,0,1,0,0,0,0,0,0,0,0,1
2262,11,d71c493d41457877,0.890636,20.0,1,13941,1,1,0,0,1,0,0,0,0,0,0,0,0,1
2263,11,6127a77664c64fb4,2.758072,20.0,1,13961,2,0,0,0,0,0,0,0,0,0,0,0,0,1
2264,11,491de238e74ba083,2.072037,20.0,1,14096,1,1,0,0,1,0,0,0,0,0,0,0,0,1
2265,11,5e9abaf9a338fee7,1.556644,20.0,1,13995,1,1,0,0,1,0,0,0,0,0,0,0,0,0
2266,11,a83668aeec17f27d,1.169448,20.0,1,14024,1,1,0,0,1,0,0,0,0,0,0,0,0,1
2267,11,17ea05a9ffd02143,1.923592,16.766368,0,14111,1,0,0,0,0,0,0,0,0,0,0,0,0,0
2268,11,e786e5a3344c2939,1.445123,19.553634,1,14111,1,1,0,0,1,0,0,0,0,0,0,0,0,1
2269,11,979bd8f678be0c49,2.12932,20.0,1,13967,2,1,0,0,1,0,0,0,0,0,0,0,0,1
2270,11,ef85185dc1c50275,1.601279,19.759808,1,14021,1,1,0,0,1,0,0,0,0,0,0,0,0,0
2271,11,cac3d7a952921127,2.246635,18.32365,1,14093,1,0,0,0,0,0,0,0,0,0,0,0,0,1
2272,11,2a6f0f6012a838bd,1.687813,20.0,1,14152,1,1,0,0,1,0,0,0,0,0,0,0,0,1
2273,11,46007f3b30fd0f24,1.26799,19.047682,1,14175,1,1,0,0,1,0,0,0,0,0,0,0,0,0
2274,11,d7ce79544231f8a4,1.997697,20.0,1,14314,2,1,0,0,1,0,0,0,0,0,0,0,0,1
2275,11,8456fe1fdf505ba5,2.544449,19.469568,1,14258,1,0,0,0,0,0,0,0,0,0,0,0,0,1
2276,11,62f3bd5673539ee9,1.911549,20.0,1,14294,1,1,0,0,1,0,0,0,0,0,0,0,0,1
2277,11,411d1963bb027abe,1.437512,19.712314,1,13971,1,1,0,0,1,0,0,0,0,0,0,0,0,0
2278,11,6a2c8e5237186121,1.079949,20.0,1,14105,1,1,0,0,1,0,0,0,0,0,0,0,0,1
2279,11,495899730897f3a9,2.898632,19.831438,1,14218,2,0,0,0,0,0,0,0,0,0,0,0,0,1
2280,11,44895ddf82b81fa4,2.177634,20.0,1,14116,1,1,0,0,1,0,0,0,0,0,0,0,0,1
2281,11,cd9d2f75a2835fcd,1.637612,19.916756,1,14233,1,1,0,0,1,0,0,0,0,0,0,0,0,0
2282,11,ba1bfb91d6ce50d2,2.27393,18.441559,1,14142,1,0,0,0,0,0,0,0,0,0,0,0,0,1
2283,11,22af2b3d9228a26a,1.708319,17.333298,1,14359,1,1,0,0,1,0,0,0,0,0,0,0,0,0
2284,11,2cdedf43aee49203,1.28468,19.995891,1,13975,1,1,0,0,1,0,0,0,0,0,0,0,0,1
2285,11,4c0d3414fa6e948e,2.008785,18.50101,1,14404,1,0,0,0,0,0,0,0,0,0,0,0,0,1
2286,11,5fafec894f1bc8db,1.509125,17.377962,1,14329,1,1,0,0,1,0,0,0,0,0,0,0,0,0
2287,11,730cbe006d19423b,1.133749,20.0,1,14163,1,1,0,0,1,0,0,0,0,0,0,0,0,1
2288,11,79b435582a042d73,1.896746,18.53064,1,14140,1,0,0,0,0,0,0,0,0,0,0,0,0,1
2289,11,04af40806270c7da,1.424955,17.400221,1,14005,1,1,0,0,1,0,0,0,0,0,0,0,0,0
2290,11,3836194ac5938e98,1.070515,20.0,1,14274,1,1,0,0,1,0,0,0,0,0,0,0,0,1
2291,11,1d04767d09019f79,1.849193,15.062714,0,14125,1,0,0,0,0,0,0,0,0,0,0,0,0,0
2292,11,e55988e7fbb1581e,1.38923,18.273743,1,14163,1,1,0,0,1,0,0,0,0,0,0,0,0,1
2293,11,980147ec3539c2f3,1.043676,17.207224,1,14151,1,1,0,0,1,0,0,0,0,0,0,0,0,0
2294,11,416d250ba24d2850,1.827728,16.405989,1,13950,1,0,0,0,0,0,0,0,0,0,0,0,0,1
2295,11,ff1bacf8e7d411c6,1.374478,15.818039,1,14103,1,1,0,0,1,0,0,0,0,0,0,0,0,0
2296,11,d33f0b5dd3444daa,2.076247,18.841191,1,13962,2,1,0,0,1,0,0,0,0,0,0,0,0,1
2297,11,608ad3217c0e0680,1.559807,20.0,1,14119,1,1,0,0,1,0,0,0,0,0,0,0,0,1
2298,11,c3a7fe1920e94385,2.217147,19.357306,1,13929,1,0,0,0,0,0,0,0,0,0,0,0,0,1
2299,11,f27ad63a43a2ed36,1.66566,20.0,1,14087,1,1,0,0,1,0,0,0,0,0,0,0,0,1
2300,11,a5d4fd1a3144305e,1.251348,19.631073,1,13950,1,1,0,0,1,0,0,0,0,0,0,0,0,0
2301,11,1261683ba2a6c373,0.940091,20.0,1,13955,1,1,0,0,1,0,0,0,0,0,0,0,0,1
2302,11,6cbd3f9051e5b465,1.751112,19.803558,1,13978,1,0,0,0,0,0,0,0,0,0,0,0,0,1
2303,11,7cbf19e44e3461f5,1.315545,18.356517,1,13905,1,1,0,0,1,0,0,0,0,0,0,0,0,0
2304,11,fd86dd9b36750a99,2.031973,20.0,1,14171,2,1,0,0,1,0,0,0,0,0,0,0,0,1
2305,11,90fbc48eb14fcb85,1.528073,19.083485,1,13971,1,1,0,0,0,0,0,0,0,0,0,0,0,1
2306,11,eac85ef0b97aa22b,2.191637,20.0,1,14104,1,0,0,0,1,0,0,0,0,0,0,0,0,1
2307,11,bb23cf05e63b1cfc,1.646495,20.0,1,13849,1,1,0,0,1,0,0,0,0,0,0,0,0,1
2308,11,9aba0ca513386d24,1.23695,20.0,1,14024,1,1,0,0,1,0,0,0,0,0,0,0,0,0
2309,11,d56793e03c2a3f25,0.930204,20.0,1,13932,1,1,0,0,1,0,0,0,0,0,0,0,0,1
2310,11,8a4dee47dfa170eb,1.742481,16.937979,0,14228,1,0,0,0,0,0,0,0,0,0,0,0,0,0
2311,11,4f5a1650c81a4dac,2.352714,19.68256,1,14026,2,1,0,0,1,0,0,0,0,0,0,0,0,1
2312,11,178defcb47119da9,1.769275,20.0,1,13985,1,1,0,0,1,0,0,0,0,0,0,0,0,1
2313,11,9c0a42f52e291769,1.32919,20.0,1,14050,1,1,0,0,1,0,0,0,0,0,0,0,0,1
2314,11,f73b83bffef7c306,2.042224,17.509748,0,14109,1,0,0,0,0,0,0,0,0,0,0,0,0,0
2315,11,0bbb4610cfeed692,1.534247,20.0,1,14090,1,1,0,0,1,0,0,0,0,0,0,0,0,1
2316,11,994a5e63e82a0799,1.153775,18.605094,1,14028,1,1,0,0,1,0,0,0,0,0,0,0,0,0
2317,11,8fe8bd6f9ebe7059,1.910442,20.0,1,13951,2,1,0,0,1,0,0,0,0,0,0,0,0,1
2318,11,803f53edec9aa122,2.478897,19.206528,1,13976,1,0,0,0,0,0,0,0,0,0,0,0,0,1
2319,11,8a9021ef946b374f,1.864166,20.0,1,14313,1,1,0,0,1,0,0,0,0,0,0,0,0,1
2320,11,22c6f03f4a912de5,1.400478,19.55931,1,14009,1,1,0,0,1,0,0,0,0,0,0,0,0,0
2321,11,4a807fd79a23fc4a,1.052127,20.0,1,14033,1,1,0,0,1,0,0,0,0,0,0,0,0,1
2322,11,528cd3883e94c3ec,2.87773,19.745083,1,13904,2,0,0,0,0,0,0,0,0,0,0,0,0,1
2323,11,f1b9052469289f3e,2.164094,20.0,1,13970,1,1,0,0,1,0,0,0,0,0,0,0,0,1
2324,11,de01086fe44b2e3f,1.625803,19.863572,1,13678,1,1,0,0,1,0,0,0,0,0,0,0,0,0
2325,11,320aadbd76da7aca,1.221405,20.0,1,13902,1,1,0,0,1,0,0,0,0,0,0,0,0,1
2326,11,f0375a998bb3bbad,1.962665,16.454409,0,13669,1,0,0,0,0,0,0,0,0,0,0,0,0,0
2327,11,46740ac499e771a8,1.474476,19.319271,1,13975,1,1,0,0,1,0,0,0,0,0,0,0,0,1
2328,11,a40d46d6a07ea98b,2.151372,17.992691,1,13843,1,0,0,0,0,0,0,0,0,0,0,0,0,1
2329,11,776f5c6121487c8c,1.616246,16.996081,1,13947,1,1,0,0,1,0,0,0,0,0,0,0,0,0
2330,11,2c2feb95c69790ce,1.21544,19.742298,1,13941,1,1,0,0,1,0,0,0,0,0,0,0,0,1
2331,11,e925cb00a5ebeaf4,1.956768,18.310495,1,13944,1,0,0,0,0,0,0,0,0,0,0,0,0,1
2332,11,4d927f340a1e589a,2.5137,20.0,1,13891,2,1,0,0,1,0,0,0,0,0,0,0,0,1
2333,11,45fb8983da82668f,1.890338,19.057484,1,13789,1,1,0,0,1,0,0,0,0,0,0,0,0,0
2334,11,b73d39b44812765d,2.463794,17.79602,1,13813,1,0,0,0,0,0,0,0,0,0,0,0,0,1
2335,11,0c102bc5ceee0c9a,1.850956,20.0,1,14193,1,1,0,0,1,0,0,0,0,0,0,0,0,1
2336,11,62b0a0527a56c9b1,1.390554,20.0,1,14074,1,1,0,0,1,0,0,0,0,0,0,0,0,1
2337,11,748bed76cd8e37b7,2.089867,16.716325,0,14029,1,0,0,0,0,0,0,0,0,0,0,0,0,0
2338,11,6f12e1fe91db0d23,1.570039,19.516039,1,13906,1,1,0,0,1,0,0,0,0,0,0,0,0,1
2339,11,728d3975017c838e,1.179512,18.140515,1,13958,1,1,0,0,1,0,0,0,0,0,0,0,0,0
2340,11,f7e7515b4a6e9d11,0.88701,17.122428,1,13723,1,1,0,0,0,0,0,0,0,0,0,0,0,1
2341,11,2b755001e02ad04e,1.71003,16.342284,1,13965,1,0,0,0,1,0,0,0,0,0,0,0,0,0
2342,11,61eac8acaaa0aa68,1.284682,19.235036,1,13821,1,1,0,0,1,0,0,0,0,0,0,0,0,1
2343,11,f698281808acc64c,0.965134,17.929408,1,13952,1,1,0,0,1,0,0,0,0,0,0,0,0,0
2344,11,a9042054c2a1a3da,0.725794,20.0,1,13874,1,1,0,0,1,0,0,0,0,0,0,0,0,1
2345,11,c8f7d7ee0c3ecf97,0.545262,18.837788,1,14038,1,1,0,0,0,0,0,0,0,0,0,0,0,1
2346,11,82ed22582d415f00,1.453288,17.630971,1,13886,1,0,0,0,1,0,0,0,0,0,0,0,0,0
2347,11,4a7c4b3030604676,1.092894,20.0,1,13751,1,1,0,0,1,0,0,0,0,0,0,0,0,1
2348,11,980bff7f33395756,0.82105,18.669183,1,13923,1,1,0,0,1,0,0,0,0,0,0,0,0,0
2349,11,60c8c37477c74d7d,0.616824,17.504304,1,13900,1,1,0,0,0,0,0,0,0,0,0,0,0,1
2350,11,cf47bdd70d23750c,2.550704,20.0,1,13950,2,0,0,0,1,0,0,0,0,0,0,0,0,1
2351,11,01df7571ee544245,1.918166,18.602018,1,14050,1,1,0,0,1,0,0,0,0,0,0,0,0,0
2352,11,3025debcbb93797a,1.441046,20.0,1,14091,1,1,0,0,1,0,0,0,0,0,0,0,0,1
2353,11,957c4c4883f52e0c,2.126257,19.204792,1,13712,1,0,0,0,0,0,0,0,0,0,0,0,0,1
2354,11,5542e2be2b781b70,1.598976,17.922779,1,13713,1,1,0,0,1,0,0,0,0,0,0,0,0,0
2355,11,1970197d1e2d7c1c,1.201251,20.0,1,13598,1,1,0,0,1,0,0,0,0,0,0,0,0,1
2356,11,1032898e257e7807,0.902455,15.342588,0,13160,1,1,0,0,0,0,0,0,0,0,0,0,0,0
2357,11,3e9567dfbde63419,1.721634,18.484002,1,12894,1,0,0,0,1,0,0,0,0,0,0,0,0,1
2358,11,31a3844f0686a8ea,1.294693,20.0,1,13279,1,1,0,0,1,0,0,0,0,0,0,0,0,1
2359,11,57d5acfaa5b7a341,0.972655,19.151111,1,13020,1,1,0,0,1,0,0,0,0,0,0,0,0,0
2360,11,f8da9f5cb948ce06,1.774372,17.866359,1,12976,1,0,0,0,0,0,0,0,0,0,0,0,0,1
2361,11,934616f48ac47fda,1.334353,16.916258,1,12633,1,1,0,0,1,0,0,0,0,0,0,0,0,0
2362,11,c3e29030440d996f,2.046103,19.666241,1,12806,2,1,0,0,1,0,0,0,0,0,0,0,0,1
2363,11,14b671e52440d71c,1.537161,20.0,1,12853,1,1,0,0,1,0,0,0,0,0,0,0,0,1
2364,11,6d0ea81036ba9740,1.154811,20.0,1,13352,1,1,0,0,1,0,0,0,0,0,0,0,0,1
2365,11,6622c99eddba020f,1.912585,17.51011,0,13306,1,0,0,0,0,0,0,0,0,0,0,0,0,0
2366,11,4515b09a705f9d17,1.436854,20.0,1,13594,1,1,0,0,1,0,0,0,0,0,0,0,0,1
2367,11,12886fefbe37dbc7,1.079455,18.588524,1,13437,1,1,0,0,0,0,0,0,0,0,0,0,0,1
2368,11,110f1683742b1238,2.900066,17.459337,1,13460,2,0,0,0,1,0,0,0,0,0,0,0,0,0
2369,11,c133edeac07a2f75,2.178711,20.0,1,13253,1,1,0,0,1,0,0,0,0,0,0,0,0,1
2370,11,76898462f6785c47,1.636784,20.0,1,13502,1,1,0,0,1,0,0,0,0,0,0,0,0,1
2371,11,9f2be9822b555b63,1.229655,16.55686,0,13639,1,1,0,0,0,0,0,0,0,0,0,0,0,0
2372,11,ce1036712ae4b685,1.968869,19.411998,1,13820,1,0,0,0,1,0,0,0,0,0,0,0,0,1
2373,11,ae5271896c6dcb48,1.479137,20.0,1,14231,1,1,0,0,1,0,0,0,0,0,0,0,0,1
2374,11,be53929b1d64de51,2.154874,19.661941,1,13909,2,1,0,0,0,0,0,0,0,0,0,0,0,1
2375,11,7afd94931ea6b44f,2.664646,18.266562,1,13868,1,0,0,0,1,0,0,0,0,0,0,0,0,0
2376,11,54e72e2a5cfc23e3,2.001849,20.0,1,13915,1,1,0,0,1,0,0,0,0,0,0,0,0,1
2377,11,8b5a27087692c7c0,1.503914,15.536617,0,13949,1,1,0,0,0,0,0,0,0,0,0,0,0,0
2378,11,79ea3a841c33baa6,2.173488,18.629769,1,13461,1,0,0,0,1,0,0,0,0,0,0,0,0,1
2379,11,8c488d7433e0860a,2.678645,20.0,1,13621,2,1,0,0,1,0,0,0,0,0,0,0,0,1
2380,11,0c0e54e26060d84c,3.056019,19.233464,1,13385,1,0,0,0,0,0,0,0,0,0,0,0,0,1
2381,11,ad69694401b74ee7,2.295873,17.928227,1,13368,1,1,0,0,1,0,0,0,0,0,0,0,0,0
2382,12,1fd48474a6be9a50,1.726529,20.0,1,14132,1,1,0,0,1,0,0,0,0,0,0,0,0,1
2383,12,40ab05863d40ab6a,2.34073,15.358276,0,14080,1,0,0,0,0,0,0,0,0,0,0,0,0,0
2384,12,9fa3e60e300cac94,1.758503,18.495788,1,14313,1,1,0,0,1,0,0,0,0,0,0,0,0,1
2385,12,9522afc9eb92ebd2,1.321098,20.0,1,14133,1,1,0,0,1,0,0,0,0,0,0,0,0,1
2386,12,0fba0eaa5e567fe1,0.993484,19.162167,1,14015,1,1,0,0,1,0,0,0,0,0,0,0,0,0
2387,12,8f9f8c22e25048df,1.790021,17.874664,1,13900,1,0,0,0,0,0,0,0,0,0,0,0,0,1
2388,12,025aca0c2fc547cd,1.344776,16.907412,1,13912,1,1,0,0,1,0,0,0,0,0,0,0,0,0
2389,12,ea7305c3d0c4eb0e,1.011291,19.675618,1,13979,1,1,0,0,1,0,0,0,0,0,0,0,0,1
2390,12,b3bc2710b036c5b2,1.803398,14.781556,0,14038,1,0,0,0,0,0,0,0,0,0,0,0,0,0
2391,12,3c254a4fca255c07,1.354826,18.06252,1,13940,1,1,0,0,1,0,0,0,0,0,0,0,0,1
2392,12,7fb0256f65ce4ff6,1.01783,17.04854,1,14153,1,1,0,0,1,0,0,0,0,0,0,0,0,0
2393,12,a69e89495c03d18a,0.765423,19.781749,1,13959,1,1,0,0,1,0,0,0,0,0,0,0,0,1
2394,12,ba87dd4319678e85,2.66234,18.340133,1,13968,2,0,0,0,0,0,0,0,0,0,0,0,0,1
2395,12,3e895dd2e76d3ae9,2.000117,17.257101,1,13950,1,1,0,0,1,0,0,0,0,0,0,0,0,0
2396,12,5bfa9aaebee05047,1.504116,19.938589,1,13934,1,1,0,0,1,0,0,0,0,0,0,0,0,1
2397,12,ca3938afd42b6b51,2.17364,14.979117,0,13958,1,0,0,0,0,0,0,0,0,0,0,0,0,0
2398,12,3840b1179d01d5ca,1.632974,18.210939,1,14069,1,1,0,0,1,0,0,0,0,0,0,0,0,1
2399,12,3ad00a257add4750,1.226792,20.0,1,14059,1,1,0,0,1,0,0,0,0,0,0,0,0,1
2400,12,715e21df0f1ac6b8,0.922565,19.001239,1,14024,1,1,0,0,1,0,0,0,0,0,0,0,0,0
2401,12,ab882b57d80326bc,2.780396,17.753765,1,13982,2,0,0,0,0,0,0,0,0,0,0,0,0,1
2402,12,de121b1615b372cf,2.088807,20.0,1,14049,1,1,0,0,1,0,0,0,0,0,0,0,0,1
2403,12,0469b68beb7ba893,1.570813,20.0,1,13802,1,1,0,0,1,0,0,0,0,0,0,0,0,1
2404,12,77ed09b9b5fdd2d5,1.180093,20.0,1,13999,1,1,0,0,1,0,0,0,0,0,0,0,0,0
2405,12,f528f75252723e1c,1.930213,18.635189,1,13922,1,0,0,0,0,0,0,0,0,0,0,0,0,1
2406,12,c2f4dc060312be30,2.49375,20.0,1,13974,2,1,0,0,1,0,0,0,0,0,0,0,0,1
2407,12,f6d7570dbe7171fa,1.875336,19.240923,1,13865,1,1,0,0,1,0,0,0,0,0,0,0,0,0
2408,12,50afc0b225fbdddd,2.452523,17.933831,1,14071,1,0,0,0,0,0,0,0,0,0,0,0,0,1
2409,12,77cb534e4dd68f47,1.842489,20.0,1,14081,1,1,0,0,1,0,0,0,0,0,0,0,0,1
2410,12,03a072c123c7f460,1.385578,18.844684,1,13964,1,1,0,0,1,0,0,0,0,0,0,0,0,0
2411,12,eb5f292e574f407a,1.040933,20.0,1,13937,1,1,0,0,1,0,0,0,0,0,0,0,0,1
2412,12,1097dcc3cd989fa5,1.825667,15.862907,0,14006,1,0,0,0,0,0,0,0,0,0,0,0,0,0
2413,12,2d7f5c2d850f541b,2.415209,18.874898,1,13867,2,1,0,0,1,0,0,0,0,0,0,0,0,1
2414,12,ad4aa9fc0ece9d02,1.816272,20.0,1,13875,1,1,0,0,1,0,0,0,0,0,0,0,0,1
2415,12,d2f0ddaee11e8933,1.364497,19.371952,1,13829,1,1,0,0,0,0,0,0,0,0,0,0,0,1
2416,12,3d087a2798751987,2.068749,18.032268,1,13867,1,0,0,0,1,0,0,0,0,0,0,0,0,0
2417,12,bdd2eca011b0178b,1.555729,20.0,1,14035,1,1,0,0,1,0,0,0,0,0,0,0,0,1
2418,12,ffd097ac2325e2c5,1.168761,15.417055,0,13996,1,1,0,0,0,0,0,0,0,0,0,0,0,0
2419,12,42e8cd62ea7de676,2.965353,18.539946,1,13944,2,0,0,0,1,0,0,0,0,0,0,0,0,1
2420,12,a45fe7444ab3685b,2.227759,20.0,1,13829,1,1,0,0,1,0,0,0,0,0,0,0,0,1
2421,12,270b3a8e0ca966f9,1.675306,19.187115,1,14015,1,1,0,0,0,0,0,0,0,0,0,0,0,1
2422,12,f872954109b121b9,2.302248,20.0,1,13719,1,0,0,0,1,0,0,0,0,0,0,0,0,1
2423,12,06b41907c966446e,1.729593,19.535018,1,13978,1,1,0,0,1,0,0,0,0,0,0,0,0,0
2424,12,fadae7fa4b9c64aa,3.38898,18.171114,1,13867,2,0,0,0,0,0,0,0,0,0,0,0,0,1
2425,12,f1d21592a4411d24,2.546014,20.0,1,13888,1,1,0,0,1,0,0,0,0,0,0,0,0,1
2426,12,121fa60a94b1758d,1.912725,18.961591,1,13964,1,1,0,0,0,0,0,0,0,0,0,0,0,1
2427,12,a88d66ee8535e9b6,2.480612,17.723979,1,13731,1,0,0,0,1,0,0,0,0,0,0,0,0,0
2428,12,b993c2427635beaa,1.865456,20.0,1,13580,1,1,0,0,1,0,0,0,0,0,0,0,0,1
2429,12,be61aa107da36ddc,1.401447,15.242884,0,14008,1,1,0,0,0,0,0,0,0,0,0,0,0,0
2430,12,8f0a1cba56119420,2.096508,18.409098,1,14022,1,0,0,0,1,0,0,0,0,0,0,0,0,1
2431,12,355bd8a2f7672891,1.576604,17.324406,1,13762,1,1,0,0,1,0,0,0,0,0,0,0,0,0
2432,12,5fe441fb8bbc0223,1.184444,19.972868,1,13781,1,1,0,0,1,0,0,0,0,0,0,0,0,1
2433,12,74603f62aaddf90f,0.889828,18.483713,1,13872,1,1,0,0,1,0,0,0,0,0,0,0,0,0
2434,12,b1fd141cd95e2865,0.668495,17.364967,1,13743,1,1,0,0,0,0,0,0,0,0,0,0,0,1
2435,12,6561116216e0fef9,1.546868,16.539205,1,13662,1,0,0,0,1,0,0,0,0,0,0,0,0,0
2436,12,b1cceb389263d4d7,1.162104,19.382975,1,13845,1,1,0,0,1,0,0,0,0,0,0,0,0,1
2437,12,f04127e98f9942d6,1.916699,20.0,1,13762,2,1,0,0,1,0,0,0,0,0,0,0,0,1
2438,12,a2e47a0c51354f6e,2.485535,16.182891,0,13848,1,0,0,0,0,0,0,0,0,0,0,0,0,0
2439,12,610afeeaa11bf823,1.86729,19.11529,1,13765,1,1,0,0,1,0,0,0,0,0,0,0,0,1
2440,12,1cd12c09a58e2ae0,1.402825,17.839447,1,13899,1,1,0,0,1,0,0,0,0,0,0,0,0,0
2441,12,2fb36167f4c57863,1.05389,20.0,1,13863,1,1,0,0,1,0,0,0,0,0,0,0,0,1
2442,12,ba43c972493fa784,1.836691,15.310859,0,13934,1,0,0,0,0,0,0,0,0,0,0,0,0,0
2443,12,6630cc6073bfd352,1.379837,18.460165,1,13943,1,1,0,0,1,0,0,0,0,0,0,0,0,1
2444,12,9f69aad6396e05ec,1.03662,20.0,1,14279,1,1,0,0,1,0,0,0,0,0,0,0,0,1
2445,12,cb7bf712f49ea346,1.823704,20.0,1,15094,2,1,0,0,1,0,0,0,0,0,0,0,0,1
2446,12,cf495269b965ce2b,2.413734,20.0,1,15377,1,0,0,0,0,0,0,0,0,0,0,0,0,1
2447,12,08270e760bbe39f9,1.813348,18.860432,1,16616,1,1,0,0,1,0,0,0,0,0,0,0,0,0
2448,12,8d09eeb343d64555,2.405954,20.0,1,16608,2,1,0,0,1,0,0,0,0,0,0,0,0,1
2449,12,a4312a671ea43b52,1.809312,20.0,1,16467,1,1,0,0,1,0,0,0,0,0,0,0,0,1
2450,12,aa8ce2b20b48f05b,1.359268,20.0,1,16561,1,1,0,0,1,0,0,0,0,0,0,0,0,1
2451,12,7b189cf407a81210,3.108474,20.0,1,16755,2,0,0,0,0,0,0,0,0,0,0,0,0,1
2452,12,3a20aacd998c9d86,2.337617,20.0,1,16714,1,1,0,0,1,0,0,0,0,0,0,0,0,1
2453,12,c59afc42dd9c5a88,1.756164,20.0,1,17073,1,1,0,0,1,0,0,0,0,0,0,0,0,0
2454,12,66a50b6b9a30b0db,2.362994,19.189566,1,16961,1,0,0,0,0,0,0,0,0,0,0,0,0,1
2455,12,a959faa9bf1b8fd1,2.818882,20.0,1,17272,2,1,0,0,1,0,0,0,0,0,0,0,0,1
2456,12,c28a51abe88b5313,3.16399,20.0,1,17129,2,1,0,0,1,0,0,0,0,0,0,0,0,1
2457,12,001387db0449fca9,2.376988,17.305053,0,17163,1,1,0,0,0,0,0,0,0,0,0,0,0,0
2458,12,7c9046b7889ed2d8,2.829395,19.958329,1,17196,1,0,0,0,1,0,0,0,0,0,0,0,0,1
2459,12,1faabd7bad29873e,3.171896,20.0,1,15150,2,1,0,0,1,0,0,0,0,0,0,0,0,1
2460,12,bf9778df58386d64,2.382927,20.0,1,13817,1,1,0,0,1,0,0,0,0,0,0,0,0,1
2461,12,955fabd230aa1904,1.790204,20.0,1,14092,1,1,0,0,1,0,0,0,0,0,0,0,0,0
2462,12,b8b11a0b466bcbb6,2.388567,19.334721,1,13940,1,0,0,0,0,0,0,0,0,0,0,0,0,1
2463,12,a6193329582d7bda,2.840387,20.0,1,14197,2,1,0,0,1,0,0,0,0,0,0,0,0,1
2464,12,18c6dfa2d9d5101c,2.133876,19.631734,1,13904,1,1,0,0,0,0,0,0,0,0,0,0,0,1
2465,12,8d42dab7a44ce435,2.646755,18.227432,1,14152,1,0,0,0,1,0,0,0,0,0,0,0,0,0
2466,12,6514db6609dbb4af,1.990397,20.0,1,13981,1,1,0,0,1,0,0,0,0,0,0,0,0,1
2467,12,377524702f389bcd,2.538965,19.00616,1,14061,1,0,0,0,0,0,0,0,0,0,0,0,0,1
2468,12,bb4fc5cc45a4052c,2.951082,20.0,1,13990,2,1,0,0,1,0,0,0,0,0,0,0,0,1
2469,12,69896dca0a45a383,2.217038,19.432888,1,14109,1,1,0,0,0,0,0,0,0,0,0,0,0,1
2470,12,a03a6653c6a1f392,2.711395,18.09431,1,13873,1,0,0,0,1,0,0,0,0,0,0,0,0,0
2471,12,987982fe16bd15ef,2.036969,20.0,1,13972,1,1,0,0,1,0,0,0,0,0,0,0,0,1
2472,12,344bff5cac4e3393,1.530299,18.918244,1,13640,1,1,0,0,1,0,0,0,0,0,0,0,0,0
2473,12,ae94088bb47b3a00,2.194957,17.707291,1,13678,1,0,0,0,0,0,0,0,0,0,0,0,0,1
2474,12,a41862601cf92566,1.648989,16.78167,1,13820,1,1,0,0,1,0,0,0,0,0,0,0,0,0
2475,12,e9250efd2fbf164a,3.326131,16.086286,1,13808,2,0,0,0,0,0,0,0,0,0,0,0,0,1
2476,12,07c4a9f7042c26e5,1.455144,19.042714,1,13575,0,1,0,0,1,0,0,0,0,0,0,0,0,1
2477,12,bbfddf2ad458220b,1.094289,17.800894,1,13575,1,1,0,0,1,0,0,0,0,0,0,0,0,0
2478,12,ff5ebe7fd8cbfb47,1.865752,16.851991,1,13584,1,0,0,0,0,0,0,0,0,0,0,0,0,1
2479,12,5c6b3e5bc51f659c,1.40167,16.139115,1,13600,1,1,0,0,1,0,0,0,0,0,0,0,0,0
2480,12,4c7805c5449b8b89,1.054076,19.097848,1,13686,1,1,0,0,1,0,0,0,0,0,0,0,0,1
2481,12,b5501baf1169afe0,1.835541,17.826344,1,13631,1,0,0,0,0,0,0,0,0,0,0,0,0,1
2482,12,368d925a5e6fa991,1.378973,16.87111,1,13690,1,1,0,0,1,0,0,0,0,0,0,0,0,0
2483,12,b0474fa992d123ce,2.079624,19.632324,1,13651,2,1,0,0,1,0,0,0,0,0,0,0,0,1
2484,12,539c0f2276de49c2,1.563907,14.763787,0,13592,0,0,0,0,0,0,0,0,0,0,0,0,0,0
2485,12,cc041ca0f2ea5100,2.218558,18.04917,1,13494,2,1,0,0,1,0,0,0,0,0,0,0,0,1
2486,12,35a47e73798d618f,1.66672,20.0,1,13607,1,1,0,0,1,0,0,0,0,0,0,0,0,1
2487,12,017f5f872adfc07b,1.253397,18.909846,1,13655,1,1,0,0,1,0,0,0,0,0,0,0,0,0
2488,12,8923df1cfc9ba64b,1.985284,17.685105,1,13482,1,0,0,0,0,0,0,0,0,0,0,0,0,1
2489,12,eecbd1a0fa3822d6,1.49147,16.765003,1,13708,1,1,0,0,1,0,0,0,0,0,0,0,0,0
2490,12,7f07d2c6c3ee1e95,1.120485,19.552609,1,13881,1,1,0,0,1,0,0,0,0,0,0,0,0,1
2491,12,6a257a1500642e72,1.886771,20.0,1,13696,2,1,0,0,1,0,0,0,0,0,0,0,0,1
2492,12,5f81dc4bb18be805,1.417461,16.275987,0,13706,0,0,0,0,0,0,0,0,0,0,0,0,0,0
2493,12,fbe86a4157156ed2,2.108539,19.18523,1,13632,2,1,0,0,1,0,0,0,0,0,0,0,0,1
2494,12,9d8cbe4b7f17870f,1.585651,17.908068,1,13539,1,1,0,0,1,0,0,0,0,0,0,0,0,0
2495,12,b5f4c0d4f9a80339,1.19124,20.0,1,13444,1,1,0,0,1,0,0,0,0,0,0,0,0,1
2496,12,d9e89eb40c107b14,1.938588,18.81313,1,13644,1,0,0,0,0,0,0,0,0,0,0,0,0,1
2497,12,467c6d3091f46a3b,1.456389,17.612445,1,13632,1,1,0,0,1,0,0,0,0,0,0,0,0,0
2498,12,95ee1ef35af21a97,2.139375,20.0,1,13665,2,1,0,0,1,0,0,0,0,0,0,0,0,1
2499,12,0c47909e1560cbd2,1.607233,20.0,1,13824,1,1,0,0,1,0,0,0,0,0,0,0,0,1
2500,12,66ec86f086aadbd1,1.207454,20.0,1,13847,1,1,0,0,1,0,0,0,0,0,0,0,0,1
2501,12,2bc90454022493cc,0.908023,20.0,1,13725,1,1,0,0,1,0,0,0,0,0,0,0,0,0
2502,12,81f55d72b4fbf8ec,1.725817,19.420355,1,13802,1,0,0,0,0,0,0,0,0,0,0,0,0,1
2503,12,8499d1d0f66fb42b,1.296542,20.0,1,13821,1,1,0,0,1,0,0,0,0,0,0,0,0,1
2504,12,25bf61f18cdba6d8,0.974043,20.0,1,13721,1,1,0,0,1,0,0,0,0,0,0,0,0,1
2505,12,4101fbf32aa49097,0.732494,20.0,1,13663,1,1,0,0,1,0,0,0,0,0,0,0,0,0
2506,12,8f5f4745a3680092,2.637602,19.169903,1,13758,2,0,0,0,0,0,0,0,0,0,0,0,0,1
2507,12,897830bc9fb60781,1.981532,20.0,1,13667,1,1,0,0,1,0,0,0,0,0,0,0,0,1
2508,12,dcc1d97081b6aad2,2.534291,16.062513,0,13661,1,0,0,0,0,0,0,0,0,0,0,0,0,0
2509,12,c5c254fdd47aa728,1.903918,19.024855,1,13797,1,1,0,0,1,0,0,0,0,0,0,0,0,1
2510,12,7e1d534cde549f63,2.473996,17.771507,1,13813,1,0,0,0,0,0,0,0,0,0,0,0,0,1
2511,12,557b6cb59687722a,1.858621,16.829913,1,13730,1,1,0,0,1,0,0,0,0,0,0,0,0,0
2512,12,3d8eddbb6e002260,1.397709,19.617338,1,13725,1,1,0,0,1,0,0,0,0,0,0,0,0,1
2513,12,f965ef709752711b,3.137353,18.216617,1,13578,2,0,0,0,0,0,0,0,0,0,0,0,0,1
2514,12,b0e881429bf29f76,2.356976,17.164308,1,13564,1,1,0,0,1,0,0,0,0,0,0,0,0,0
2515,12,e15437a0dcc0f75e,1.77248,19.868808,1,13682,1,1,0,0,1,0,0,0,0,0,0,0,0,1
2516,12,1c83664b3641c1e9,2.375251,14.926692,0,13635,1,0,0,0,0,0,0,0,0,0,0,0,0,0
2517,12,3527f343eb7aca5c,1.784437,18.171555,1,13860,1,1,0,0,1,0,0,0,0,0,0,0,0,1
2518,12,787dc9be07d167d6,1.340581,17.130455,1,13852,1,1,0,0,1,0,0,0,0,0,0,0,0,0
2519,12,6a3bdd3b99af793d,2.052287,16.362848,1,13746,1,0,0,0,0,0,0,0,0,0,0,0,0,1
2520,12,d3ebd5af51b5cde3,1.541806,15.77164,1,14070,1,1,0,0,1,0,0,0,0,0,0,0,0,0
2521,12,8f016b10e7a2401a,1.158301,18.806333,1,14424,1,1,0,0,1,0,0,0,0,0,0,0,0,1
2522,12,fef06b08603ec549,1.91521,17.623132,1,14565,1,0,0,0,0,0,0,0,0,0,0,0,0,1
2523,12,28c8175569ffb7ba,1.438825,20.0,1,13923,1,1,0,0,1,0,0,0,0,0,0,0,0,1
2524,12,32e98a0cd8baec7e,2.124589,18.652313,1,13608,2,1,0,0,1,0,0,0,0,0,0,0,0,0
2525,12,5d903bfd0fd620ef,2.639778,17.49163,1,13799,1,0,0,0,0,0,0,0,0,0,0,0,0,1
2526,12,01d475b2c3277b1b,1.98515,20.0,1,13592,1,1,0,0,1,0,0,0,0,0,0,0,0,1
2527,12,3b6f13097083ce39,1.491369,18.590461,1,13842,1,1,0,0,1,0,0,0,0,0,0,0,0,0
2528,12,0fefdbd30a42f6a9,2.164063,17.445163,1,13713,1,0,0,0,0,0,0,0,0,0,0,0,0,1
2529,12,3745cce01dc0c17f,1.627407,16.599513,1,13855,1,1,0,0,1,0,0,0,0,0,0,0,0,0
2530,12,ca52109a94317a6f,1.22261,19.428282,1,13856,1,1,0,0,1,0,0,0,0,0,0,0,0,1
2531,12,433b8e928e1c6508,1.962154,18.074587,1,14039,1,0,0,0,0,0,0,0,0,0,0,0,0,1
2532,12,668ecb65224c3500,1.474093,17.057606,1,13951,1,1,0,0,1,0,0,0,0,0,0,0,0,0
2533,12,a3eabadb774b9bfd,1.108539,19.788566,1,14025,1,1,0,0,1,0,0,0,0,0,0,0,0,1
2534,12,14aa5ecdbdc0f108,2.920111,18.345255,1,14216,2,0,0,0,0,0,0,0,0,0,0,0,0,1
2535,12,bd6999a14217f167,2.19377,20.0,1,14007,1,1,0,0,1,0,0,0,0,0,0,0,0,1
2536,13,1fd48474a6be9a50,1.649746,19.077122,1,14017,1,1,0,0,1,0,0,0,0,0,0,0,0,0
2537,13,40ab05863d40ab6a,1.239393,20.0,1,14111,1,1,0,0,1,0,0,0,0,0,0,0,0,1
2538,13,9fa3e60e300cac94,1.974763,15.994094,0,14266,1,0,0,0,0,0,0,0,0,0,0,0,0,0
2539,13,9522afc9eb92ebd2,1.483565,18.973454,1,13966,1,1,0,0,1,0,0,0,0,0,0,0,0,1
2540,13,0fba0eaa5e567fe1,1.115662,17.748809,1,14055,1,1,0,0,1,0,0,0,0,0,0,0,0,0
2541,13,8f9f8c22e25048df,1.881809,16.812861,1,14093,1,0,0,0,0,0,0,0,0,0,0,0,0,1
2542,13,025aca0c2fc547cd,1.413733,16.109719,1,13879,1,1,0,0,1,0,0,0,0,0,0,0,0,0
2543,13,ea7305c3d0c4eb0e,1.063147,19.075742,1,13968,1,1,0,0,1,0,0,0,0,0,0,0,0,1
2544,13,b3bc2710b036c5b2,0.798703,17.809736,1,14003,1,1,0,0,1,0,0,0,0,0,0,0,0,0
2545,13,3c254a4fca255c07,0.600035,16.858633,1,14024,1,1,0,0,0,0,0,0,0,0,0,0,0,1
2546,13,7fb0256f65ce4ff6,1.494438,19.62295,1,14102,1,0,0,0,1,0,0,0,0,0,0,0,0,1
2547,13,a69e89495c03d18a,1.123838,18.23724,1,13945,1,1,0,0,1,0,0,0,0,0,0,0,0,0
2548,13,ba87dd4319678e85,1.887951,20.0,1,13891,2,1,0,0,1,0,0,0,0,0,0,0,0,1
2549,13,3e895dd2e76d3ae9,1.418347,20.0,1,13958,1,1,0,0,1,0,0,0,0,0,0,0,0,1
2550,13,5bfa9aaebee05047,2.110768,20.0,1,13886,1,0,0,0,0,0,0,0,0,0,0,0,0,1
2551,13,ca3938afd42b6b51,1.585741,20.0,1,14075,1,1,0,0,1,0,0,0,0,0,0,0,0,1
2552,13,3840b1179d01d5ca,1.191308,20.0,1,13914,1,1,0,0,1,0,0,0,0,0,0,0,0,0
2553,13,3ad00a257add4750,1.938638,18.662304,1,14139,1,0,0,0,0,0,0,0,0,0,0,0,0,1
2554,13,715e21df0f1ac6b8,1.457884,17.51482,1,13884,1,1,0,0,1,0,0,0,0,0,0,0,0,0
2555,13,ab882b57d80326bc,1.095254,20.0,1,14121,1,1,0,0,1,0,0,0,0,0,0,0,0,1
2556,13,de121b1615b372cf,1.866476,20.0,1,13927,2,1,0,0,1,0,0,0,0,0,0,0,0,1
2557,13,58b8431551715724,1.403617,16.596975,0,13891,1,1,0,0,0,0,0,0,0,0,0,0,0,0
2558,13,23e17bd6c1c20f85,2.098138,19.426376,1,14099,1,0,0,0,1,0,0,0,0,0,0,0,0,1
2559,13,c8292701595322e6,1.576253,20.0,1,13990,1,1,0,0,1,0,0,0,0,0,0,0,0,1
2560,13,10c80b0b9d50bf2d,1.18418,19.670056,1,13970,1,1,0,0,1,0,0,0,0,0,0,0,0,0
2561,13,f6d7570dbe7171fa,1.934671,18.272664,1,13841,1,0,0,0,0,0,0,0,0,0,0,0,0,1
2562,13,50afc0b225fbdddd,1.453446,17.206414,1,14064,1,1,0,0,1,0,0,0,0,0,0,0,0,0
2563,13,77cb534e4dd68f47,2.135573,19.884225,1,13971,2,1,0,0,1,0,0,0,0,0,0,0,0,1
2564,13,03a072c123c7f460,1.605981,20.0,1,13948,1,1,0,0,1,0,0,0,0,0,0,0,0,1
2565,13,40a0b4653c2b8b16,1.206514,20.0,1,13983,1,1,0,0,1,0,0,0,0,0,0,0,0,1
2566,13,8ced9c6091029967,1.950062,20.0,1,13988,1,0,0,0,0,0,0,0,0,0,0,0,0,1
2567,13,f446b42f744adfb3,1.465009,19.311093,1,13851,1,1,0,0,1,0,0,0,0,0,0,0,0,0
2568,13,ffdd19bd8ebe00f5,2.145858,18.002719,1,13982,2,1,0,0,0,0,0,0,0,0,0,0,0,1
2569,13,b9666f9e7129180f,2.655756,20.0,1,13795,1,0,0,0,1,0,0,0,0,0,0,0,0,1
2570,13,826bb28746b5aff3,1.99517,20.0,1,13925,1,1,0,0,1,0,0,0,0,0,0,0,0,1
2571,13,3c2e28f559cf9803,1.500397,20.0,1,13989,1,1,0,0,1,0,0,0,0,0,0,0,0,1
2572,13,f896a9eeacd54b0b,2.170845,20.0,1,14027,2,1,0,0,1,0,0,0,0,0,0,0,0,1
2573,13,7e91fafbe2aeffcf,2.674528,20.0,1,13723,1,0,0,0,0,0,0,0,0,0,0,0,0,1
2574,13,23f5c9c20ef02c3c,2.009273,20.0,1,13903,1,1,0,0,1,0,0,0,0,0,0,0,0,0
2575,13,9d0a03a46f7fd20e,1.511002,18.592878,1,13775,1,1,0,0,0,0,0,0,0,0,0,0,0,1
2576,13,5056e413ae2ebdf0,2.178813,20.0,1,13950,1,0,0,0,1,0,0,0,0,0,0,0,0,1
2577,13,b775466fa0289f2b,1.63686,19.199633,1,13874,1,1,0,0,1,0,0,0,0,0,0,0,0,0
2578,13,6f4f567e5c6b8e3b,2.275093,17.918899,1,13892,1,0,0,0,0,0,0,0,0,0,0,0,0,1
2579,13,16b00bbf7832de8e,1.709192,20.0,1,13979,1,1,0,0,1,0,0,0,0,0,0,0,0,1
2580,13,eeaf163d875ae366,2.327706,18.819243,1,13905,2,1,0,0,0,0,0,0,0,0,0,0,0,1
2581,13,5bfc1ccc40285748,2.792372,17.617038,1,13543,1,0,0,0,1,0,0,0,0,0,0,0,0,0
2582,13,80df90f9e2b88b1a,2.099903,20.0,1,13772,1,1,0,0,1,0,0,0,0,0,0,0,0,1
2583,13,0d5de1f2b9e4d1d0,1.577579,15.182467,0,13970,1,1,0,0,0,0,0,0,0,0,0,0,0,0
2584,13,0e8463cb0cb91196,2.228829,18.363709,1,13960,1,0,0,0,1,0,0,0,0,0,0,0,0,1
2585,13,175b64759bdce0b6,1.676111,20.0,1,13883,1,1,0,0,1,0,0,0,0,0,0,0,0,1
2586,13,85a86af45c9b4375,1.2592,19.083151,1,13728,1,1,0,0,1,0,0,0,0,0,0,0,0,0
2587,13,6a8f80fa2f22e0af,1.989643,17.815302,1,13802,1,0,0,0,0,0,0,0,0,0,0,0,0,1
2588,13,2d0439d833f0e29e,1.494745,16.862815,1,13925,1,1,0,0,1,0,0,0,0,0,0,0,0,0
2589,13,0602be642191006c,1.124069,19.642081,1,13793,1,1,0,0,1,0,0,0,0,0,0,0,0,1
2590,13,3f5bb5e574555075,0.844471,18.235205,1,13902,1,1,0,0,1,0,0,0,0,0,0,0,0,0
2591,13,51fdf3e349c44f67,2.721726,17.178273,1,13866,2,0,0,0,0,0,0,0,0,0,0,0,0,1
2592,13,635787ccca70b179,2.046777,19.879309,1,13862,1,1,0,0,1,0,0,0,0,0,0,0,0,1
2593,13,3a5d47ef15c48fb3,1.537667,18.413426,1,13844,1,1,0,0,1,0,0,0,0,0,0,0,0,0
2594,13,79d847e304a25099,1.155192,20.0,1,13901,1,1,0,0,1,0,0,0,0,0,0,0,0,1
2595,13,af3616e8269c09e5,1.911506,15.619507,0,13825,1,0,0,0,0,0,0,0,0,0,0,0,0,0
2596,13,a64acf831da8278b,1.43748,18.707095,1,13777,1,1,0,0,1,0,0,0,0,0,0,0,0,1
2597,13,267932c0dbb5b5e5,1.079925,17.532786,1,14182,1,1,0,0,1,0,0,0,0,0,0,0,0,0
2598,13,a2c144e0692e4062,0.811307,20.0,1,14001,1,1,0,0,1,0,0,0,0,0,0,0,0,1
2599,13,68c11af7a8324509,1.654265,18.618109,1,14937,1,0,0,0,0,0,0,0,0,0,0,0,0,1
2600,13,3f3ac5e28475b01c,1.242787,17.465934,1,14551,1,1,0,0,1,0,0,0,0,0,0,0,0,0
2601,13,741f90f967f3af8b,1.977313,20.0,1,14584,2,1,0,0,1,0,0,0,0,0,0,0,0,1
2602,13,8a3191e836747e0b,2.529135,18.563591,1,14619,1,0,0,0,0,0,0,0,0,0,0,0,0,1
2603,13,ebf04cc6bd69ec5e,1.901945,17.440587,1,14463,1,1,0,0,1,0,0,0,0,0,0,0,0,0
2604,13,a946b975f85cf57d,1.42886,20.0,1,14969,1,1,0,0,1,0,0,0,0,0,0,0,0,1
2605,13,b1786c6a8f32f8e6,3.160756,18.549285,1,15394,2,0,0,0,0,0,0,0,0,0,0,0,0,1
2606,13,b49dec0288c637ed,2.376934,17.429829,1,14981,1,1,0,0,1,0,0,0,0,0,0,0,0,0
2607,13,fa6daf6e22a785d3,1.785701,20.0,1,15234,1,1,0,0,1,0,0,0,0,0,0,0,0,1
2608,13,10500ab49bade161,2.385184,18.543213,1,14874,1,0,0,0,0,0,0,0,0,0,0,0,0,1
2609,13,449bc3dc8afedc9e,2.835553,20.0,1,14889,2,1,0,0,1,0,0,0,0,0,0,0,0,1
2610,13,9bee25f4808c394d,2.132376,20.0,1,15513,1,1,0,0,1,0,0,0,0,0,0,0,0,1
2611,13,4e276b0f9b3dd11c,1.601975,20.0,1,15416,1,1,0,0,1,0,0,0,0,0,0,0,0,1
2612,13,15d7f637c78ca41f,2.247157,20.0,1,15575,2,1,0,0,1,0,0,0,0,0,0,0,0,0
2613,13,b00fe8212c617a17,2.734045,19.649138,1,15600,1,0,0,0,0,0,0,0,0,0,0,0,0,1
2614,13,af732596a8471456,2.053985,20.0,1,15577,1,1,0,0,1,0,0,0,0,0,0,0,0,1
2615,13,64709916f3ad104e,2.586736,20.0,1,15736,2,1,0,0,1,0,0,0,0,0,0,0,0,1
2616,13,591ffb5f36efc89d,1.943318,17.485357,0,14389,1,1,0,0,0,0,0,0,0,0,0,0,0,0
2617,13,d031112afb7a47e9,2.505553,20.0,1,13831,1,0,0,0,1,0,0,0,0,0,0,0,0,1
2618,13,69f9d78919fe45c2,2.925982,20.0,1,13943,2,1,0,0,1,0,0,0,0,0,0,0,0,1
2619,13,ee24da20361adc73,2.198181,20.0,1,13888,1,1,0,0,0,0,0,0,0,0,0,0,0,1
2620,13,da2c642234444ca6,2.697214,18.562919,1,13903,1,0,0,0,1,0,0,0,0,0,0,0,0,0
2621,13,83b7591dd7996cfb,2.026316,20.0,1,13694,1,1,0,0,1,0,0,0,0,0,0,0,0,1
2622,13,54b0f4890b698aed,1.522295,15.70388,0,13821,1,1,0,0,0,0,0,0,0,0,0,0,0,0
2623,13,093addf60a95565f,2.187297,18.755427,1,13722,1,0,0,0,1,0,0,0,0,0,0,0,0,1
2624,13,2e91831e7e038800,1.644879,17.58485,1,13773,1,1,0,0,1,0,0,0,0,0,0,0,0,0
2625,13,3e76223166e4d2d3,2.279389,16.689685,1,13847,1,0,0,0,0,0,0,0,0,0,0,0,0,1
2626,13,05496648f82750ff,1.71242,16.017181,1,13873,1,1,0,0,1,0,0,0,0,0,0,0,0,0
2627,13,d1ef5f4a52392ca7,1.287764,19.006152,1,13704,1,1,0,0,1,0,0,0,0,0,0,0,0,1
2628,13,01e3c4f48d313ddd,2.011102,14.278611,0,13559,1,0,0,0,0,0,0,0,0,0,0,0,0,0
2629,13,7af4675804292e1f,1.510866,17.684676,1,13533,1,1,0,0,1,0,0,0,0,0,0,0,0,1
2630,13,56f2ab9f452689a8,1.135057,16.76468,1,13465,1,1,0,0,1,0,0,0,0,0,0,0,0,0
2631,13,847b2456abcd0c05,1.89773,16.08778,1,13540,1,0,0,0,0,0,0,0,0,0,0,0,0,1
2632,13,3a33a4c4b51fdf4b,1.425693,19.043837,1,13492,1,1,0,0,1,0,0,0,0,0,0,0,0,1
2633,13,ae3427a44395ba45,1.07107,17.785767,1,13280,1,1,0,0,1,0,0,0,0,0,0,0,0,0
2634,13,3252b434450254ec,1.849611,16.855652,1,13434,1,0,0,0,0,0,0,0,0,0,0,0,0,1
2635,13,96093dfa310dd93d,1.389543,16.141866,1,13459,1,1,0,0,1,0,0,0,0,0,0,0,0,0
2636,13,6dc796e7af448e49,1.043912,19.08447,1,13491,1,1,0,0,1,0,0,0,0,0,0,0,0,1
2637,13,65be46ddfad4243a,0.784252,17.816293,1,13482,1,1,0,0,1,0,0,0,0,0,0,0,0,0
2638,13,c4eab6edd7effbe6,1.633919,16.878608,1,13382,1,0,0,0,0,0,0,0,0,0,0,0,0,1
2639,13,a54be8b4e84ddd6b,1.227502,16.159112,1,13479,1,1,0,0,1,0,0,0,0,0,0,0,0,0
2640,13,5621c5f1e30adaa1,1.96583,19.097426,1,13365,2,1,0,0,1,0,0,0,0,0,0,0,0,1
2641,13,fc352b8d79264632,1.478332,20.0,1,13546,1,1,0,0,1,0,0,0,0,0,0,0,0,1
2642,13,e4cd759dfaf5fa96,2.154269,19.497671,1,13574,1,0,0,0,0,0,0,0,0,0,0,0,0,1
2643,13,fe62f50d844ac6a0,1.618422,20.0,1,13409,1,1,0,0,1,0,0,0,0,0,0,0,0,1
2644,13,4bcbdebf29637cea,1.21586,19.710295,1,13609,1,1,0,0,1,0,0,0,0,0,0,0,0,0
2645,13,46250f30c0e00ffc,1.958494,18.302924,1,13464,1,0,0,0,0,0,0,0,0,0,0,0,0,1
2646,13,448336b7e02670be,1.471344,17.229147,1,13881,1,1,0,0,1,0,0,0,0,0,0,0,0,0
2647,13,5ad0cbb3d6afc675,1.105365,19.901303,1,13703,1,1,0,0,1,0,0,0,0,0,0,0,0,1
2648,13,21fdb6d283a90ebb,1.875401,14.966064,0,13751,1,0,0,0,0,0,0,0,0,0,0,0,0,0
2649,13,f92d9694293934bc,2.452572,18.201133,1,13746,2,1,0,0,1,0,0,0,0,0,0,0,0,1
2650,13,46943f41de1c4176,1.842526,20.0,1,13852,1,1,0,0,1,0,0,0,0,0,0,0,0,1
2651,13,dfb1692852d680fa,1.384221,20.0,1,13660,1,1,0,0,1,0,0,0,0,0,0,0,0,1
2652,13,6124afc01652c2ed,2.085104,20.0,1,13756,1,0,0,0,0,0,0,0,0,0,0,0,0,1
2653,13,d1f1f03032d2b876,1.566461,18.78114,1,13788,1,1,0,0,1,0,0,0,0,0,0,0,0,0
2654,13,dd89965b89974aaf,2.220477,20.0,1,13918,2,1,0,0,1,0,0,0,0,0,0,0,0,1
2655,13,ab123278e93e0bfe,1.66983,20.0,1,13626,1,1,0,0,1,0,0,0,0,0,0,0,0,1
2656,13,022f9036eb93dcfc,2.298134,20.0,1,13890,1,0,0,0,0,0,0,0,0,0,0,0,0,1
2657,13,52d834af11383681,1.726502,20.0,1,13806,1,1,0,0,1,0,0,0,0,0,0,0,0,1
2658,13,5e1fa96332b8670b,2.34071,20.0,1,13667,2,1,0,0,1,0,0,0,0,0,0,0,0,1
2659,13,a8dbe835725df1d0,2.804398,17.910905,0,13655,1,0,0,0,0,0,0,0,0,0,0,0,0,0
2660,13,a9461e00face2980,2.106839,20.0,1,13636,1,1,0,0,1,0,0,0,0,0,0,0,0,1
2661,13,f6db0ad5de2c4aa1,1.58279,20.0,1,13517,1,1,0,0,1,0,0,0,0,0,0,0,0,1
2662,13,5646bc96e437a277,2.234431,16.765087,0,13709,1,0,0,0,0,0,0,0,0,0,0,0,0,0
2663,13,6ebf57eb394ff741,1.678644,19.552672,1,13662,1,1,0,0,1,0,0,0,0,0,0,0,0,1
2664,13,8a1dafcfcd31e875,2.304756,14.689191,0,13716,1,0,0,0,0,0,0,0,0,0,0,0,0,0
2665,13,452e2c9704c0b58a,1.731477,17.993129,1,13917,1,1,0,0,1,0,0,0,0,0,0,0,0,1
2666,13,af94e4aa7022b322,1.302095,17.011591,1,13788,1,1,0,0,0,0,0,0,0,0,0,0,0,1
2667,13,283438a3572b6d94,2.021869,16.259017,1,13633,1,0,0,0,1,0,0,0,0,0,0,0,0,0
2668,13,94e4977d358ecc03,2.562608,19.172481,1,13915,2,1,0,0,1,0,0,0,0,0,0,0,0,1
2669,13,f64f7a848db401b0,2.971268,17.898481,1,13690,1,0,0,0,0,0,0,0,0,0,0,0,0,1
2670,13,5ffb3989e0d7cd28,2.232203,16.925304,1,13664,1,1,0,0,1,0,0,0,0,0,0,0,0,0
2671,13,08627f6d40108dba,2.720624,16.194193,1,13415,1,0,0,0,0,0,0,0,0,0,0,0,0,1
2672,13,5d72b15d75d25880,2.043903,19.123781,1,13416,1,1,0,0,1,0,0,0,0,0,0,0,0,1
2673,13,104b4a8483beb326,1.537044,17.861857,1,13719,1,1,0,0,1,0,0,0,0,0,0,0,0,0
2674,13,ef2772dec0b4a5d1,1.154724,20.0,1,13874,1,1,0,0,1,0,0,0,0,0,0,0,0,1
2675,13,5fba3125b59cafba,1.911154,15.308204,0,13686,1,0,0,0,0,0,0,0,0,0,0,0,0,0
2676,13,692a067da8f6aff3,1.437215,18.472991,1,13615,1,1,0,0,1,0,0,0,0,0,0,0,0,1
2677,13,411845ebd32780ef,1.079726,17.356912,1,14466,1,1,0,0,1,0,0,0,0,0,0,0,0,0
2678,13,bdef2a2c948aa952,0.811158,16.518444,1,14424,1,1,0,0,0,0,0,0,0,0,0,0,0,1
2679,13,4a3953476cd046f6,1.653046,19.367378,1,14686,1,0,0,0,1,0,0,0,0,0,0,0,0,1
2680,13,0faa61e7569eb3fb,1.243114,18.045046,1,14544,1,1,0,0,1,0,0,0,0,0,0,0,0,0
2681,13,fd914725e4055ecb,3.021212,17.035413,1,14396,2,0,0,0,0,0,0,0,0,0,0,0,0,1
2682,13,d441efdf78ff30e5,2.269724,19.755758,1,13923,1,1,0,0,1,0,0,0,0,0,0,0,0,1
2683,13,c6a91263206a459a,1.706864,20.0,1,14008,1,1,0,0,1,0,0,0,0,0,0,0,0,1
2684,13,4f55425cd2cbc680,1.282303,19.869603,1,14076,1,1,0,0,1,0,0,0,0,0,0,0,0,0
2685,13,188d45c149a80eb8,2.007,18.406135,1,14060,1,0,0,0,0,0,0,0,0,0,0,0,0,1
2686,13,86b15044ce74b560,1.507784,17.306685,1,14001,1,1,0,0,1,0,0,0,0,0,0,0,0,0
2687,13,f3dedcc652ea3805,2.178026,19.975877,1,14030,2,1,0,0,1,0,0,0,0,0,0,0,0,1
2688,13,218c8e37ff096e0d,2.679923,18.485974,1,13945,1,0,0,0,0,0,0,0,0,0,0,0,0,1
2689,13,eb39a7693ac12740,2.013326,20.0,1,14246,1,1,0,0,1,0,0,0,0,0,0,0,0,1
2690,13,59a404d332ee7359,1.51405,20.0,1,14260,1,1,0,0,1,0,0,0,0,0,0,0,0,1
2691,13,22c01e73b007c0d2,2.181102,17.006425,0,14257,1,0,0,0,0,0,0,0,0,0,0,0,0,0
2692,13,90fb80d03e6abfb3,1.638581,19.733981,1,14248,1,1,0,0,1,0,0,0,0,0,0,0,0,1
2693,13,1771e4f80a950ae0,2.274658,20.0,1,14269,2,1,0,0,1,0,0,0,0,0,0,0,0,1
2694,13,c68b48a88518dcb4,1.710575,19.861697,1,14228,1,1,0,0,1,0,0,0,0,0,0,0,0,0
2695,13,d54556391f3921e8,2.328744,18.400195,1,14357,1,0,0,0,0,0,0,0,0,0,0,0,0,1
2696,13,5f91abde0f060229,1.749499,20.0,1,14172,1,1,0,0,1,0,0,0,0,0,0,0,0,1
2697,13,c45286409757fc5d,1.315648,19.108161,1,14279,1,1,0,0,1,0,0,0,0,0,0,0,0,0
2698,13,a53c3348c96ede05,0.988397,20.0,1,14683,1,1,0,0,1,0,0,0,0,0,0,0,0,1
2699,13,5cd16b14da146900,1.786199,19.490456,1,14662,1,0,0,0,0,0,0,0,0,0,0,0,0,1
2700,13,ee2b610d810084dd,2.385558,20.0,1,14711,2,1,0,0,1,0,0,0,0,0,0,0,0,1
2701,13,85a4d9687b872125,1.793974,20.0,1,15213,1,1,0,0,1,0,0,0,0,0,0,0,0,1
2702,13,2b5337dcb9e1ff26,1.347745,20.0,1,15254,1,1,0,0,1,0,0,0,0,0,0,0,0,0
2703,13,9a9e24d2003a8523,2.056164,19.188952,1,15198,1,0,0,0,0,0,0,0,0,0,0,0,0,1
2704,13,222ab66042d3c105,1.546265,17.910867,1,15668,1,1,0,0,1,0,0,0,0,0,0,0,0,0
2705,13,7ef745779d06ada8,2.205304,20.0,1,15648,2,1,0,0,1,0,0,0,0,0,0,0,0,1
2706,13,a1bc0545abcc5d5e,1.656763,18.814709,1,15253,1,1,0,0,0,0,0,0,0,0,0,0,0,1
2707,13,d87bd86011cdf42f,2.288317,20.0,1,15073,1,0,0,0,1,0,0,0,0,0,0,0,0,1
2708,13,79ebbf1a7482d5f1,2.764998,20.0,1,14965,2,1,0,0,1,0,0,0,0,0,0,0,0,1
2709,13,c038b50308eef982,2.077239,20.0,1,15035,1,1,0,0,1,0,0,0,0,0,0,0,0,0
2710,13,b55e7dd484a07c15,2.604206,18.973483,1,15136,1,0,0,0,0,0,0,0,0,0,0,0,0,1
2711,13,c9aa77f254880a52,1.9584,17.748831,1,14997,1,1,0,0,1,0,0,0,0,0,0,0,0,0
2712,13,64e0ff2ec615be16,2.514926,16.812878,1,14923,1,0,0,0,0,0,0,0,0,0,0,0,0,1
2713,13,828677954c50888c,1.88937,16.109731,1,14836,1,1,0,0,1,0,0,0,0,0,0,0,0,0
2714,13,c589d46623a0cafb,2.463066,15.581483,1,14979,1,0,0,0,0,0,0,0,0,0,0,0,0,1
2715,13,032b1d8de4bc4a7d,2.896411,18.678501,1,14775,2,1,0,0,1,0,0,0,0,0,0,0,0,1
2716,13,8aef59f11b69c197,2.175966,17.511304,1,14811,1,1,0,0,1,0,0,0,0,0,0,0,0,0
2717,13,0a99d34662a856e9,1.634722,16.634433,1,14537,1,1,0,0,0,0,0,0,0,0,0,0,0,1
2718,13,32c95f6fe26c79ea,2.273484,15.989832,1,14440,1,0,0,0,1,0,0,0,0,0,0,0,0,0
2719,13,1d55147633c7aae8,1.707984,18.970252,1,14314,1,1,0,0,1,0,0,0,0,0,0,0,0,1
2720,13,03a65e6d4c149a33,1.283144,20.0,1,14162,1,1,0,0,1,0,0,0,0,0,0,0,0,1
2721,13,dd8301ef8ab9b0ca,2.007632,15.933777,0,13932,1,0,0,0,0,0,0,0,0,0,0,0,0,0
2722,13,a924cdecf00d232a,1.509768,18.943431,1,13936,1,1,0,0,1,0,0,0,0,0,0,0,0,1
2723,13,e4bc8612f47993ce,1.134232,17.710336,1,13850,1,1,0,0,0,0,0,0,0,0,0,0,0,1
2724,13,015ecb420047363f,2.939413,20.0,1,13904,2,0,0,0,1,0,0,0,0,0,0,0,0,1
2725,13,e73113b55b3eebc3,2.21048,18.718418,1,13828,1,1,0,0,1,0,0,0,0,0,0,0,0,0
2726,13,00f6b755b1d032b0,1.660651,20.0,1,14015,1,1,0,0,1,0,0,0,0,0,0,0,0,1
2727,13,9e827dc0fcdc93d5,1.247585,19.270487,1,14023,1,1,0,0,1,0,0,0,0,0,0,0,0,0
2728,13,43f001ba2d274306,0.937264,17.956041,1,13708,1,1,0,0,0,0,0,0,0,0,0,0,0,1
2729,13,fd30a284c76f7dc7,1.748986,20.0,1,13849,1,0,0,0,1,0,0,0,0,0,0,0,0,1
2730,13,0b9613e4f0a37b59,1.313948,18.852835,1,13698,1,1,0,0,1,0,0,0,0,0,0,0,0,0
2731,13,df502cd325b5ed39,0.98712,17.642274,1,13797,1,1,0,0,0,0,0,0,0,0,0,0,0,1
2732,13,fe118167dc85ab02,1.786479,20.0,1,13530,1,0,0,0,1,0,0,0,0,0,0,0,0,1
2733,13,aea472aac3afbcf1,1.342115,18.675569,1,13645,1,1,0,0,1,0,0,0,0,0,0,0,0,0
2734,13,c1adf9c336152624,1.008281,20.0,1,13901,1,1,0,0,1,0,0,0,0,0,0,0,0,1
2735,13,459e9ada8b1f936c,0.757484,19.246304,1,13998,1,1,0,0,1,0,0,0,0,0,0,0,0,0
2736,13,e82023bcf15456c6,1.613789,17.953996,1,13500,2,1,0,0,0,0,0,0,0,0,0,0,0,1
2737,13,3d2fa00e0d21fdb5,2.256033,20.0,1,13802,1,0,0,0,1,0,0,0,0,0,0,0,0,1
2738,13,9c2af751ece37db6,1.694873,18.839051,1,13964,1,1,0,0,1,0,0,0,0,0,0,0,0,0
2739,13,61f2c29cfc35d548,1.274569,20.0,1,13873,1,1,0,0,1,0,0,0,0,0,0,0,0,1
2740,13,6798be182fb324b2,0.957536,19.3517,1,13964,1,1,0,0,1,0,0,0,0,0,0,0,0,0
2741,13,8e5400bfd45c6290,1.763014,18.017053,1,14626,1,0,0,0,0,0,0,0,0,0,0,0,0,1
2742,13,d4d756ca6b78f56e,2.36814,20.0,1,14673,2,1,0,0,1,0,0,0,0,0,0,0,0,1
2743,13,c56229639215584e,1.780875,18.891701,1,14716,1,1,0,0,1,0,0,0,0,0,0,0,0,0
2744,13,2e21a7391d65f097,1.337905,20.0,1,14611,1,1,0,0,1,0,0,0,0,0,0,0,0,1
2745,13,486bdc4ea809b70e,1.005118,19.368288,1,14358,1,1,0,0,1,0,0,0,0,0,0,0,0,0
2746,13,e9d5ed98b0ac47e5,0.755863,20.0,1,15199,1,1,0,0,1,0,0,0,0,0,0,0,0,1
2747,13,bf850360b4a05391,1.611505,16.171853,0,15102,1,0,0,0,0,0,0,0,0,0,0,0,0,0
2748,13,0d45c2657f6e14cb,0.16701,19.106998,1,14969,1,2,0,0,1,0,0,0,0,0,0,0,0,1
2749,13,686b7480bcecb897,2.212775,20.0,1,14737,2,0,0,0,1,0,0,0,0,0,0,0,0,1
2750,13,b0c81497e478c33b,1.664038,20.0,1,14143,1,1,0,0,1,0,0,0,0,0,0,0,0,1
2751,13,36ba10f7371a1719,1.25013,20.0,1,14149,1,1,0,0,1,0,0,0,0,0,0,0,0,0
2752,13,82c658e142d1a28e,0.939176,20.0,1,13731,1,1,0,0,1,0,0,0,0,0,0,0,0,1
2753,13,ede2d07d203e5d89,1.750424,20.0,1,13783,2,1,0,0,0,0,0,0,0,0,0,0,0,1
2754,13,ec7d2b8bc633676d,2.358682,18.83094,1,13917,1,0,0,0,1,0,0,0,0,0,0,0,0,0
2755,13,e0a9179111025ba9,1.771989,20.0,1,13909,1,1,0,0,1,0,0,0,0,0,0,0,0,1
2756,13,d4a0a1eb663284fe,2.374883,19.333995,1,13895,1,0,0,0,0,0,0,0,0,0,0,0,0,1
2757,13,d079cdf1df281afc,1.785946,20.0,1,13706,1,1,0,0,1,0,0,0,0,0,0,0,0,1
2758,13,bdb44fe5024fd0d5,1.341714,19.631324,1,13953,1,1,0,0,1,0,0,0,0,0,0,0,0,0
2759,13,35b82598dd5c1f55,2.051633,18.227124,1,13750,1,0,0,0,0,0,0,0,0,0,0,0,0,1
2760,13,278daa2bb0ba188f,1.542857,20.0,1,13647,1,1,0,0,1,0,0,0,0,0,0,0,0,1
2761,13,bb31c50ff50318c9,2.202744,15.527141,0,13564,1,0,0,0,0,0,0,0,0,0,0,0,0,0
2762,13,d6b254309112939f,1.65484,18.62265,1,13617,1,1,0,0,1,0,0,0,0,0,0,0,0,1
2763,13,a5775ed5d1374a8e,2.286872,13.990501,0,13751,1,0,0,0,0,0,0,0,0,0,0,0,0,0
2764,13,5c5d126315602cd7,1.719761,17.482059,1,13837,1,1,0,0,1,0,0,0,0,0,0,0,0,1
2765,13,5c851da4363a721e,2.335645,20.0,1,13682,2,1,0,0,1,0,0,0,0,0,0,0,0,1
2766,13,409c33d5b895e958,1.754683,15.093848,0,13544,1,1,0,0,0,0,0,0,0,0,0,0,0,0
2767,13,db731d590892c4ab,2.363697,18.311792,1,13708,1,0,0,0,1,0,0,0,0,0,0,0,0,1
2768,13,2bce2bc01c061853,1.775757,20.0,1,13741,1,1,0,0,1,0,0,0,0,0,0,0,0,1
2769,13,2d27357fcd2c6c14,1.33406,15.562145,0,13563,1,1,0,0,0,0,0,0,0,0,0,0,0,0
2770,14,1fd48474a6be9a50,2.045883,18.648947,1,13913,1,0,0,0,1,0,0,0,0,0,0,0,0,1
2771,14,40ab05863d40ab6a,1.538533,17.504776,1,14154,1,1,0,0,1,0,0,0,0,0,0,0,0,0
2772,14,9fa3e60e300cac94,1.155842,16.629528,1,14199,1,1,0,0,0,0,0,0,0,0,0,0,0,1
2773,14,9522afc9eb92ebd2,1.911995,15.971987,1,14144,1,0,0,0,1,0,0,0,0,0,0,0,0,0
2774,14,0fba0eaa5e567fe1,1.437847,18.972165,1,13863,1,1,0,0,1,0,0,0,0,0,0,0,0,1
2775,14,8f9f8c22e25048df,1.080201,17.731923,1,14002,1,1,0,0,1,0,0,0,0,0,0,0,0,0
2776,14,025aca0c2fc547cd,0.811514,16.800176,1,14044,1,1,0,0,0,0,0,0,0,0,0,0,0,1
2777,14,ea7305c3d0c4eb0e,2.696967,19.579033,1,14000,2,0,0,0,1,0,0,0,0,0,0,0,0,1
2778,14,b3bc2710b036c5b2,2.028158,20.0,1,13878,1,1,0,0,1,0,0,0,0,0,0,0,0,1
2779,14,3c254a4fca255c07,1.523679,19.76976,1,14035,1,1,0,0,1,0,0,0,0,0,0,0,0,0
2780,14,7fb0256f65ce4ff6,1.144683,20.0,1,14026,1,1,0,0,1,0,0,0,0,0,0,0,0,1
2781,14,a69e89495c03d18a,1.904969,16.401409,0,14010,1,0,0,0,0,0,0,0,0,0,0,0,0,0
2782,14,ba87dd4319678e85,1.431132,19.279455,1,14028,1,1,0,0,1,0,0,0,0,0,0,0,0,1
2783,14,3e895dd2e76d3ae9,1.075156,20.0,1,13949,1,1,0,0,1,0,0,0,0,0,0,0,0,1
2784,14,5bfa9aaebee05047,1.851378,20.0,1,14006,2,1,0,0,1,0,0,0,0,0,0,0,0,1
2785,14,ca3938afd42b6b51,2.436413,20.0,1,14011,1,0,0,0,0,0,0,0,0,0,0,0,0,1
2786,14,3840b1179d01d5ca,1.830386,19.124975,1,13953,1,1,0,0,1,0,0,0,0,0,0,0,0,0
2787,14,3ad00a257add4750,1.375101,20.0,1,13913,1,1,0,0,1,0,0,0,0,0,0,0,0,1
2788,14,715e21df0f1ac6b8,2.078246,16.037131,0,14073,1,0,0,0,0,0,0,0,0,0,0,0,0,0
2789,14,ab882b57d80326bc,1.561308,19.005786,1,14034,1,1,0,0,1,0,0,0,0,0,0,0,0,1
2790,14,de121b1615b372cf,1.172953,17.757181,1,14011,1,1,0,0,1,0,0,0,0,0,0,0,0,0
2791,14,0469b68beb7ba893,0.881195,20.0,1,13933,1,1,0,0,1,0,0,0,0,0,0,0,0,1
2792,14,77ed09b9b5fdd2d5,0.662672,18.744884,1,13936,1,1,0,0,0,0,0,0,0,0,0,0,0,1
2793,14,f528f75252723e1c,2.585147,20.0,1,14025,2,0,0,0,1,0,0,0,0,0,0,0,0,1
2794,14,c2f4dc060312be30,1.942124,19.285424,1,13902,1,1,0,0,1,0,0,0,0,0,0,0,0,0
2795,14,f6d7570dbe7171fa,1.460505,20.0,1,13905,1,1,0,0,1,0,0,0,0,0,0,0,0,1
2796,14,50afc0b225fbdddd,2.140876,16.125039,0,14139,1,0,0,0,0,0,0,0,0,0,0,0,0,0
2797,14,77cb534e4dd68f47,1.60836,19.071828,1,14027,1,1,0,0,1,0,0,0,0,0,0,0,0,1
2798,14,03a072c123c7f460,1.208301,20.0,1,13915,1,1,0,0,1,0,0,0,0,0,0,0,0,1
2799,14,e644619daa66b701,0.90866,19.487607,1,13899,1,1,0,0,1,0,0,0,0,0,0,0,0,0
2800,14,d4129c9ce8813e06,2.769949,18.119155,1,14009,2,0,0,0,0,0,0,0,0,0,0,0,0,1
2801,14,696331196397db3f,2.080959,20.0,1,13850,1,1,0,0,1,0,0,0,0,0,0,0,0,1
2802,14,9f9f981168cfe119,1.564911,18.949384,1,14094,1,1,0,0,1,0,0,0,0,0,0,0,0,0
2803,14,e5f2b57345d2996a,1.175659,17.714809,1,13795,1,1,0,0,0,0,0,0,0,0,0,0,0,1
2804,14,0a15fe6e02f55e53,1.926882,20.0,1,13962,1,0,0,0,1,0,0,0,0,0,0,0,0,1
2805,14,242024efcb39cc6b,2.491248,20.0,1,13800,2,1,0,0,1,0,0,0,0,0,0,0,0,1
2806,14,8099ca04e120ab38,1.873454,20.0,1,13909,1,1,0,0,1,0,0,0,0,0,0,0,0,0
2807,14,582cbbca4234bde0,2.451109,18.62607,1,13969,1,0,0,0,0,0,0,0,0,0,0,0,0,1
2808,14,232ef5f950d63e96,1.841427,20.0,1,13870,1,1,0,0,1,0,0,0,0,0,0,0,0,1
2809,14,2584f3bce8fc2d38,2.42893,19.235771,1,13716,1,0,0,0,0,0,0,0,0,0,0,0,0,1
2810,14,2cda024226657f5c,1.824764,17.929961,1,14052,1,1,0,0,1,0,0,0,0,0,0,0,0,0
2811,14,b23732d8b87af8a4,1.370877,20.0,1,13850,1,1,0,0,1,0,0,0,0,0,0,0,0,1
2812,14,c208e195e78c2069,2.073542,18.825486,1,14001,1,0,0,0,0,0,0,0,0,0,0,0,0,1
2813,14,f8679ed460c91ac0,1.559333,17.637535,1,13821,1,1,0,0,1,0,0,0,0,0,0,0,0,0
2814,14,45517c7da3c91956,2.215122,20.0,1,13851,2,1,0,0,1,0,0,0,0,0,0,0,0,1
2815,14,7914bd28219cbd81,1.664138,20.0,1,13624,1,1,0,0,1,0,0,0,0,0,0,0,0,1
2816,14,03cd3dbddab94bff,2.295606,16.649059,0,13676,1,0,0,0,0,0,0,0,0,0,0,0,0,0
2817,14,b82209ddfc3514fe,1.724603,19.465505,1,13975,1,1,0,0,1,0,0,0,0,0,0,0,0,1
2818,14,d546d109c1511604,1.29563,18.102551,1,13959,1,1,0,0,1,0,0,0,0,0,0,0,0,0
2819,14,37742cda28a36989,0.973358,20.0,1,13990,1,1,0,0,1,0,0,0,0,0,0,0,0,1
2820,14,4f373c578a3d3fe0,1.77613,15.459502,0,13732,1,0,0,0,0,0,0,0,0,0,0,0,0,0
2821,14,6a822c35e0a73ed8,1.33434,18.571835,1,13883,1,1,0,0,1,0,0,0,0,0,0,0,0,1
2822,14,1ff840683257356e,1.00244,17.43117,1,13730,1,1,0,0,1,0,0,0,0,0,0,0,0,0
2823,14,76d5a042315d1b4f,0.753849,16.58899,1,13928,1,1,0,0,0,0,0,0,0,0,0,0,0,1
2824,14,402f071b2215fda8,1.609992,19.420377,1,13973,1,0,0,0,1,0,0,0,0,0,0,0,0,1
2825,14,0757ea4a34ff873f,1.209527,18.068648,1,14142,1,1,0,0,1,0,0,0,0,0,0,0,0,0
2826,14,8781398288d36629,0.908672,20.0,1,14103,1,1,0,0,1,0,0,0,0,0,0,0,0,1
2827,14,9a005b7b90aee222,2.771635,18.92085,1,14166,2,0,0,0,0,0,0,0,0,0,0,0,0,1
2828,14,e3e824ff69850607,2.082226,17.693372,1,14202,1,1,0,0,1,0,0,0,0,0,0,0,0,0
2829,14,bd83d48c64e0adca,1.564299,20.0,1,15070,1,1,0,0,1,0,0,0,0,0,0,0,0,1
2830,14,3b0bb7cf2e107d37,1.176375,20.0,1,15284,1,1,0,0,1,0,0,0,0,0,0,0,0,1
2831,14,cfddd42781563b38,1.92742,16.670018,0,15107,1,0,0,0,0,0,0,0,0,0,0,0,0,0
2832,14,7ece2e4c7b47e496,2.491652,19.481251,1,15391,2,1,0,0,1,0,0,0,0,0,0,0,0,1
2833,14,119d18bdada59e9f,1.871885,20.0,1,15626,1,1,0,0,1,0,0,0,0,0,0,0,0,1
2834,14,a6e8b97a3a916406,1.407684,20.0,1,15379,1,1,0,0,1,0,0,0,0,0,0,0,0,1
2835,14,6ef44f47d110fcc6,2.101194,20.0,1,14564,2,1,0,0,1,0,0,0,0,0,0,0,0,1
2836,14,a768a669ae5d6c28,2.622202,20.0,1,13873,1,0,0,0,0,0,0,0,0,0,0,0,0,1
2837,14,c5a8ecb5f9e188e2,1.971933,20.0,1,13649,1,1,0,0,1,0,0,0,0,0,0,0,0,1
2838,14,357a8ed5d257c405,1.48144,20.0,1,13844,1,1,0,0,1,0,0,0,0,0,0,0,0,0
2839,14,e3163d28c38a6db4,3.200257,19.273585,1,13542,2,0,0,0,0,0,0,0,0,0,0,0,0,1
2840,14,d61aefea7b64b0c5,2.404233,20.0,1,13784,1,1,0,0,1,0,0,0,0,0,0,0,0,1
2841,14,0dc0872bb5dd3fc7,1.808018,20.0,1,13603,1,1,0,0,1,0,0,0,0,0,0,0,0,1
2842,14,64597798c1021cda,1.358296,20.0,1,13791,1,1,0,0,1,0,0,0,0,0,0,0,0,1
2843,14,049053b951caa2b9,3.107744,20.0,1,13612,2,0,0,0,0,0,0,0,0,0,0,0,0,1
2844,14,fd4d2a1dfed8d533,2.337068,19.824273,1,13787,1,1,0,0,1,0,0,0,0,0,0,0,0,0
2845,14,3dc2c7fdbbf448f0,1.755752,20.0,1,14073,1,1,0,0,1,0,0,0,0,0,0,0,0,1
2846,14,4de344186694b583,2.362684,19.894627,1,14006,1,0,0,0,0,0,0,0,0,0,0,0,0,1
2847,14,8bfff03de43ba19d,2.818649,18.424934,1,14007,2,1,0,0,1,0,0,0,0,0,0,0,0,0
2848,14,634b0379defd6d1f,2.119665,20.0,1,13911,1,1,0,0,1,0,0,0,0,0,0,0,0,1
2849,14,8868f28d2c2005d0,1.592425,19.11774,1,14035,1,1,0,0,1,0,0,0,0,0,0,0,0,0
2850,14,7cba02b05020cc05,2.239983,17.841288,1,14125,1,0,0,0,0,0,0,0,0,0,0,0,0,1
2851,14,44366dff728748a9,1.684499,20.0,1,13999,1,1,0,0,1,0,0,0,0,0,0,0,0,1
2852,14,4ba12b407821d7d3,1.265501,20.0,1,14153,1,1,0,0,1,0,0,0,0,0,0,0,0,1
2853,14,7306be04bf81b840,1.994377,16.728251,0,13908,1,0,0,0,0,0,0,0,0,0,0,0,0,0
2854,14,dd685059ff430bdb,1.498301,16.046154,1,14163,1,1,0,0,1,0,0,0,0,0,0,0,0,0
2855,14,94cedd0aa17a558e,2.170894,15.547438,1,13948,1,0,0,0,0,0,0,0,0,0,0,0,0,1
2856,14,b69424d165317804,2.674565,18.637898,1,14064,2,1,0,0,1,0,0,0,0,0,0,0,0,1
2857,14,c5579abcec97b6b1,3.052954,17.480801,1,14043,1,0,0,0,0,0,0,0,0,0,0,0,0,1
2858,14,af54ddfd933b2bd8,2.295865,16.626313,1,14057,1,1,0,0,1,0,0,0,0,0,0,0,0,0
2859,14,58bcadb27dded969,1.724797,19.448416,1,14113,1,1,0,0,1,0,0,0,0,0,0,0,0,1
2860,14,27d8b64e0e70eece,2.339429,18.089713,1,13869,1,0,0,0,0,0,0,0,0,0,0,0,0,1
2861,14,58b5eae27e4698af,1.757526,17.068969,1,13895,1,1,0,0,1,0,0,0,0,0,0,0,0,0
2862,14,809632e345703a0e,1.321684,19.797112,1,13952,1,1,0,0,1,0,0,0,0,0,0,0,0,1
2863,14,07383c051658c247,2.036585,14.87283,0,13979,1,0,0,0,0,0,0,0,0,0,0,0,0,0
2864,14,e730129378347d57,1.530011,18.13109,1,13869,1,1,0,0,1,0,0,0,0,0,0,0,0,1
2865,14,531543649b69cf7b,2.19474,13.634838,0,13734,1,0,0,0,0,0,0,0,0,0,0,0,0,0
2866,14,b7e8d24ef89f7204,1.648826,17.201033,1,14683,1,1,0,0,1,0,0,0,0,0,0,0,0,1
2867,14,ad84aa13e184107e,1.238702,16.401338,1,14465,1,1,0,0,1,0,0,0,0,0,0,0,0,0
2868,14,46b3ae27bda5af5c,0.93059,19.279401,1,13971,1,1,0,0,1,0,0,0,0,0,0,0,0,1
2869,14,b97848b04826fe9f,1.743968,14.498384,0,13935,1,0,0,0,0,0,0,0,0,0,0,0,0,0
2870,14,fb7bd3c473672dc8,1.310178,17.849783,1,14901,1,1,0,0,1,0,0,0,0,0,0,0,0,1
2871,14,266ba637dc0311ac,0.984287,16.888719,1,14772,1,1,0,0,1,0,0,0,0,0,0,0,0,0
2872,14,e8ce959e487951c5,0.740198,19.661561,1,14530,1,1,0,0,1,0,0,0,0,0,0,0,0,1
2873,14,16b5f41f4c490fb9,0.556083,20.0,1,14263,1,1,0,0,1,0,0,0,0,0,0,0,0,1
2874,14,3a413e58a5f07684,1.461418,16.323949,0,14435,1,0,0,0,0,0,0,0,0,0,0,0,0,0
2875,14,ad62e020d867b4f3,2.141562,19.221261,1,14316,2,1,0,0,1,0,0,0,0,0,0,0,0,1
2876,14,164d4b862d4973e5,1.610485,20.0,1,14495,1,1,0,0,1,0,0,0,0,0,0,0,0,1
2877,14,2a3e554e0298a3a7,1.209897,20.0,1,14431,1,1,0,0,1,0,0,0,0,0,0,0,0,1
2878,14,63fa9f240b19e41b,0.908951,20.0,1,14624,1,1,0,0,0,0,0,0,0,0,0,0,0,1
2879,14,24287c3b1dc04246,0.683544,19.116985,1,14252,1,1,0,0,1,0,0,0,0,0,0,0,0,0
2880,14,f85e27c7f3eb00f2,2.600828,20.0,1,14419,2,0,0,0,1,0,0,0,0,0,0,0,0,1
2881,14,18f8c63dff81d8a6,1.953905,20.0,1,14488,1,1,0,0,1,0,0,0,0,0,0,0,0,1
2882,14,690926ce68b19179,1.467895,20.0,1,13904,1,1,0,0,1,0,0,0,0,0,0,0,0,1
2883,14,b053fe1b9bf279c1,1.103878,20.0,1,13564,1,1,0,0,1,0,0,0,0,0,0,0,0,0
2884,14,aab6ff5e87a14584,0.829303,20.0,1,13888,1,1,0,0,1,0,0,0,0,0,0,0,0,1
2885,14,1329eba36b2f0846,1.666677,17.47011,0,13749,1,0,0,0,0,0,0,0,0,0,0,0,0,0
2886,14,95662b6aed50dbb1,1.253365,20.0,1,13760,1,1,0,0,1,0,0,0,0,0,0,0,0,1
2887,14,72c674e6c50f4413,1.98526,20.0,1,13932,2,1,0,0,1,0,0,0,0,0,0,0,0,1
2888,14,3b3a86a0983a8ccb,1.491451,20.0,1,14075,1,1,0,0,0,0,0,0,0,0,0,0,0,1
2889,14,0102626685d6ef3c,2.164125,18.541325,1,13959,1,0,0,0,1,0,0,0,0,0,0,0,0,0
2890,14,934a29d109765a52,1.627453,20.0,1,13853,1,1,0,0,1,0,0,0,0,0,0,0,0,1
2891,14,f69048d7d07a3611,1.222645,19.183497,1,13994,1,1,0,0,1,0,0,0,0,0,0,0,0,0
2892,14,1765907f4e4f5190,1.96218,17.890689,1,14109,1,0,0,0,0,0,0,0,0,0,0,0,0,1
2893,14,cd85aecb535faffe,1.475588,16.934555,1,13829,1,1,0,0,1,0,0,0,0,0,0,0,0,0
2894,14,a820467cf510bb61,3.195861,16.201142,1,13944,2,0,0,0,0,0,0,0,0,0,0,0,0,1
2895,14,d4d879ff193b677b,2.400931,19.129002,1,13805,1,1,0,0,1,0,0,0,0,0,0,0,0,1
2896,14,4156a2c2014dacde,2.847383,14.370904,0,13902,1,0,0,0,0,0,0,0,0,0,0,0,0,0
2897,14,47bb0f8f5457e348,2.141272,17.768128,1,13939,1,1,0,0,1,0,0,0,0,0,0,0,0,1
2898,14,b57592670ada3d7d,2.652311,13.34853,0,14067,1,0,0,0,0,0,0,0,0,0,0,0,0,0
2899,14,82c8ed09c3d1bcdb,1.992582,16.985941,1,14000,1,1,0,0,1,0,0,0,0,0,0,0,0,1
2900,14,d2ff862e8986166a,2.542601,12.77367,0,14070,1,0,0,0,0,0,0,0,0,0,0,0,0,0
2901,14,8e17bbdf69a2aa4e,2.953814,16.55407,1,14207,2,1,0,0,1,0,0,0,0,0,0,0,0,1
2902,14,437b8ca3ca531f06,2.21909,19.394143,1,14109,1,1,0,0,1,0,0,0,0,0,0,0,0,1
2903,14,a22f62650dd954a5,2.710773,18.048939,1,13892,1,0,0,0,0,0,0,0,0,0,0,0,0,1
2904,14,6ad897e4b2219839,2.03854,17.053561,1,13973,1,1,0,0,1,0,0,0,0,0,0,0,0,0
2905,14,6bbd9c57889ae6ef,1.531479,19.769392,1,14204,1,1,0,0,1,0,0,0,0,0,0,0,0,1
2906,14,94d112d30cc2efea,2.194196,14.852005,0,14289,1,0,0,0,0,0,0,0,0,0,0,0,0,0
2907,14,4607ae9561b5e4e6,2.694217,18.129923,1,14236,2,1,0,0,1,0,0,0,0,0,0,0,0,1
2908,14,9114ae85acb6aa3f,2.024065,20.0,1,14083,1,1,0,0,1,0,0,0,0,0,0,0,0,1
2909,14,5a9937d9f2a05e1e,1.520604,18.938343,1,14070,1,1,0,0,1,0,0,0,0,0,0,0,0,0
2910,14,4b72459104c41e8d,2.186026,17.706514,1,14150,1,0,0,0,0,0,0,0,0,0,0,0,0,1
2911,14,144c026651983cbd,1.643923,16.796053,1,13946,1,1,0,0,1,0,0,0,0,0,0,0,0,0
2912,14,fc789012c38f333a,1.235018,19.575935,1,14053,1,1,0,0,1,0,0,0,0,0,0,0,0,1
2913,14,f01a6d43f91578f2,0.927823,18.185513,1,14123,1,1,0,0,1,0,0,0,0,0,0,0,0,0
2914,14,05ddf94578ae2098,1.741886,17.156267,1,14008,1,0,0,0,0,0,0,0,0,0,0,0,0,1
2915,14,2370468175bcfc57,1.308614,16.367706,1,14252,1,1,0,0,1,0,0,0,0,0,0,0,0,0
2916,14,2df5ee75166741ce,0.983113,19.254135,1,14069,1,1,0,0,1,0,0,0,0,0,0,0,0,1
2917,14,e7b134331901b39d,0.738576,17.943756,1,14262,1,1,0,0,1,0,0,0,0,0,0,0,0,0
2918,14,b30871325d5dce1d,1.59957,16.974462,1,14228,1,0,0,0,0,0,0,0,0,0,0,0,0,1
2919,14,ac811a58ae6ad1ee,1.201697,19.709968,1,14284,1,1,0,0,1,0,0,0,0,0,0,0,0,1
2920,14,3189fe7a0fae2e94,1.946444,20.0,1,14193,2,1,0,0,1,0,0,0,0,0,0,0,0,1
2921,14,ebbf325497a30ed5,1.463753,20.0,1,14285,1,1,0,0,1,0,0,0,0,0,0,0,0,1
2922,14,df62b315a6716627,1.099663,20.0,1,14209,1,1,0,0,1,0,0,0,0,0,0,0,0,0
2923,14,8f3197fb29b5ebe8,0.826136,20.0,1,14514,1,1,0,0,1,0,0,0,0,0,0,0,0,1
2924,14,6535c686f8297d89,1.664298,20.0,1,14480,1,0,0,0,0,0,0,0,0,0,0,0,0,1
2925,14,a429eabbb15bb272,2.295727,20.0,1,14352,2,1,0,0,1,0,0,0,0,0,0,0,0,1
2926,14,5f89696cfb35a7a4,1.724694,20.0,1,14491,1,1,0,0,1,0,0,0,0,0,0,0,0,1
2927,14,12d7ddd7694bbed3,1.295698,20.0,1,14299,1,1,0,0,1,0,0,0,0,0,0,0,0,0
2928,14,5b739d7d171d752e,2.018534,19.54457,1,14094,1,0,0,0,0,0,0,0,0,0,0,0,0,1
2929,14,061c0cc587c5d275,1.516449,20.0,1,14067,1,1,0,0,1,0,0,0,0,0,0,0,0,1
2930,14,f0e155390a4199cf,2.182905,20.0,1,14051,2,1,0,0,1,0,0,0,0,0,0,0,0,1
2931,14,9389e6c969a6df63,2.683588,20.0,1,13905,1,0,0,0,0,0,0,0,0,0,0,0,0,1
2932,14,75f5ef1736e58110,2.018096,19.212537,1,14057,1,1,0,0,1,0,0,0,0,0,0,0,0,0
2933,14,e0ae76a3f066076b,1.51612,20.0,1,13966,1,1,0,0,1,0,0,0,0,0,0,0,0,1
2934,14,41b160f6a31b9cad,2.182658,16.070522,0,14266,1,0,0,0,0,0,0,0,0,0,0,0,0,0
2935,14,86d5b84071c92216,1.64139,19.046265,1,14179,1,1,0,0,1,0,0,0,0,0,0,0,0,1
2936,14,793ff2d8cc53da87,2.276768,20.0,1,14355,2,1,0,0,1,0,0,0,0,0,0,0,0,1
2937,14,26e3755d243f7a43,2.754104,15.976678,0,14420,1,0,0,0,0,0,0,0,0,0,0,0,0,0
2938,14,8f16ee29de65fdfb,2.069056,18.96037,1,14558,1,1,0,0,1,0,0,0,0,0,0,0,0,1
2939,14,0d8d2ee8d67fecb1,1.555959,20.0,1,14344,1,1,0,0,1,0,0,0,0,0,0,0,0,1
2940,14,426d9f406a297973,1.168934,20.0,1,14429,1,1,0,0,1,0,0,0,0,0,0,0,0,1
2941,14,44da05b37ee3b230,1.92183,17.203227,0,14521,1,0,0,0,0,0,0,0,0,0,0,0,0,0
2942,14,4f609a7224ffeb07,1.445243,19.898075,1,14583,1,1,0,0,1,0,0,0,0,0,0,0,0,1
2943,14,df56fd91abf1e5c0,2.129411,20.0,1,14876,2,1,0,0,1,0,0,0,0,0,0,0,0,1
2944,14,b94f2259f43489f5,2.6434,19.936281,1,14667,1,0,0,0,0,0,0,0,0,0,0,0,0,1
2945,14,c800fef2ef7d0d8b,1.985888,18.456227,1,14562,1,1,0,0,1,0,0,0,0,0,0,0,0,0
2946,14,e2f93aeb6912a92a,1.493416,20.0,1,14735,1,1,0,0,1,0,0,0,0,0,0,0,0,1
2947,14,ddb79452fe718b0f,2.165601,15.656575,0,14898,1,0,0,0,0,0,0,0,0,0,0,0,0,0
2948,14,6f3a6211df293f73,1.626935,18.719889,1,14741,1,1,0,0,1,0,0,0,0,0,0,0,0,1
2949,14,2792be0f5f488460,1.223478,20.0,1,14551,1,1,0,0,1,0,0,0,0,0,0,0,0,1
2950,14,29ab8853c3b8b833,1.962807,15.805534,0,14602,1,0,0,0,0,0,0,0,0,0,0,0,0,0
2951,14,c18150e00b5a6196,1.474583,18.831796,1,14969,1,1,0,0,1,0,0,0,0,0,0,0,0,1
2952,14,c6bb999728365f9d,1.107799,20.0,1,14763,1,1,0,0,1,0,0,0,0,0,0,0,0,1
2953,14,86d44c7e3dc862d4,0.833081,19.351998,1,14660,1,1,0,0,1,0,0,0,0,0,0,0,0,0
2954,14,65db1870c61ac44c,1.669516,20.0,1,14732,2,1,0,0,1,0,0,0,0,0,0,0,0,1
2955,14,1bd8bc95a2e74076,1.254245,20.0,1,14543,1,1,0,0,1,0,0,0,0,0,0,0,0,1
2956,14,66e444d31237543a,0.94321,20.0,1,14431,1,1,0,0,0,0,0,0,0,0,0,0,0,1
2957,14,083929f1728e2e3f,1.752252,20.0,1,14385,1,0,0,0,1,0,0,0,0,0,0,0,0,1
2958,14,b8b8de59a45f75a1,1.316401,20.0,1,14361,1,1,0,0,1,0,0,0,0,0,0,0,0,0
2959,14,2ca76177b0dcbac0,0.988963,20.0,1,14285,1,1,0,0,1,0,0,0,0,0,0,0,0,1
2960,14,31b790fb0b394e67,0.743714,20.0,1,14218,1,1,0,0,1,0,0,0,0,0,0,0,0,1
2961,14,d6edd737e89f7c4e,1.602378,20.0,1,14332,2,1,0,0,0,0,0,0,0,0,0,0,0,1
2962,14,e99b8dfa257dd66d,2.24746,19.503722,1,14436,1,0,0,0,1,0,0,0,0,0,0,0,0,0
2963,14,604072e6f4b7228b,1.690122,20.0,1,14273,1,1,0,0,1,0,0,0,0,0,0,0,0,1
2964,14,bf8fb807718a26a5,1.269726,20.0,1,14205,1,1,0,0,1,0,0,0,0,0,0,0,0,1
2965,14,d43d58aa21b266a0,0.953897,20.0,1,14278,1,1,0,0,1,0,0,0,0,0,0,0,0,1
2966,14,4ee8f94e2b4bc610,0.716627,20.0,1,14055,1,1,0,0,1,0,0,0,0,0,0,0,0,0
2967,15,1fd48474a6be9a50,0.538914,20.0,1,14163,1,1,0,0,1,0,0,0,0,0,0,0,0,1
2968,15,40ab05863d40ab6a,0.404866,17.547533,0,13934,1,1,0,0,0,0,0,0,0,0,0,0,0,0
2969,15,9fa3e60e300cac94,1.347814,20.0,1,14300,1,0,0,0,1,0,0,0,0,0,0,0,0,1
2970,15,9522afc9eb92ebd2,2.057726,20.0,1,14147,2,1,0,0,1,0,0,0,0,0,0,0,0,1
2971,15,0fba0eaa5e567fe1,1.545893,20.0,1,13992,1,1,0,0,1,0,0,0,0,0,0,0,0,0
2972,15,8f9f8c22e25048df,1.161371,20.0,1,13903,1,1,0,0,1,0,0,0,0,0,0,0,0,1
2973,15,025aca0c2fc547cd,1.916148,16.564044,0,13941,1,0,0,0,0,0,0,0,0,0,0,0,0,0
2974,15,ea7305c3d0c4eb0e,1.440971,19.417401,1,14033,1,1,0,0,1,0,0,0,0,0,0,0,0,1
2975,15,b3bc2710b036c5b2,1.082547,18.066412,1,13960,1,1,0,0,1,0,0,0,0,0,0,0,0,0
2976,15,3c254a4fca255c07,-0.230376,17.051464,1,14221,0,1,0,0,1,0,0,0,0,0,0,0,0,0
2977,15,7fb0256f65ce4ff6,-0.173246,16.303446,1,13910,1,1,0,0,0,0,0,0,0,0,0,0,0,1
2978,15,a69e89495c03d18a,0.9135,15.727014,1,14017,1,0,0,0,1,0,0,0,0,0,0,0,0,0
2979,15,ba87dd4319678e85,0.686278,18.772807,1,13844,1,1,0,0,1,0,0,0,0,0,0,0,0,1
2980,15,3e895dd2e76d3ae9,0.515575,17.582152,1,13868,1,1,0,0,1,0,0,0,0,0,0,0,0,0
2981,15,5bfa9aaebee05047,1.431871,20.0,1,13924,2,1,0,0,0,0,0,0,0,0,0,0,0,2
2982,15,ca3938afd42b6b51,2.119364,18.641602,1,14046,1,0,0,0,1,0,0,0,0,0,0,0,0,0
2983,15,3840b1179d01d5ca,1.592199,20.0,1,13972,1,1,0,0,1,0,0,0,0,0,0,0,0,1
2984,15,3ad00a257add4750,1.197356,19.244546,1,13989,1,1,0,0,1,0,0,0,0,0,0,0,0,0
2985,15,715e21df0f1ac6b8,0.899529,17.936553,1,14112,1,1,0,0,0,0,0,0,0,0,0,0,0,1
2986,15,ab882b57d80326bc,1.719436,16.953906,1,14151,1,0,0,0,1,0,0,0,0,0,0,0,0,0
2987,15,de121b1615b372cf,1.291748,19.694525,1,13986,1,1,0,0,1,0,0,0,0,0,0,0,0,1
2988,15,0469b68beb7ba893,2.015563,18.291065,1,13839,1,0,0,0,0,0,0,0,0,0,0,0,0,1
2989,15,77ed09b9b5fdd2d5,2.557871,20.0,1,13981,2,1,0,0,1,0,0,0,0,0,0,0,0,1
2990,15,f528f75252723e1c,1.921633,20.0,1,13836,1,1,0,0,1,0,0,0,0,0,0,0,0,1
2991,15,c2f4dc060312be30,1.445095,20.0,1,14010,1,1,0,0,1,0,0,0,0,0,0,0,0,0
2992,15,f6d7570dbe7171fa,2.129299,18.809816,1,13973,1,0,0,0,0,0,0,0,0,0,0,0,0,1
2993,15,50afc0b225fbdddd,2.643316,20.0,1,14090,2,1,0,0,1,0,0,0,0,0,0,0,0,1
2994,15,77cb534e4dd68f47,1.985825,19.322072,1,14057,1,1,0,0,1,0,0,0,0,0,0,0,0,0
2995,15,03a072c123c7f460,1.493369,20.0,1,13971,1,1,0,0,1,0,0,0,0,0,0,0,0,1
2996,15,40a0b4653c2b8b16,2.165565,19.624588,1,13823,1,0,0,0,0,0,0,0,0,0,0,0,0,1
2997,15,8ced9c6091029967,2.670562,20.0,1,14049,2,1,0,0,1,0,0,0,0,0,0,0,0,1
2998,15,674cb12ba4ef8cda,3.052451,16.319392,0,13850,1,0,0,0,0,0,0,0,0,0,0,0,0,0
2999,15,d57b64595e7c32ad,2.293192,19.217838,1,13870,1,1,0,0,1,0,0,0,0,0,0,0,0,1
3000,15,5b15648740495c29,1.72279,17.916488,1,13895,1,1,0,0,1,0,0,0,0,0,0,0,0,0
3001,15,d02881b065edd25a,1.294267,20.0,1,13993,1,1,0,0,1,0,0,0,0,0,0,0,0,1
3002,15,8c5cd90f2f3554f9,3.061609,18.834886,1,13792,2,0,0,0,0,0,0,0,0,0,0,0,0,1
3003,15,125a99079cc63c13,2.300072,20.0,1,14065,1,1,0,0,1,0,0,0,0,0,0,0,0,1
3004,15,cee6b3b43fe920fb,1.727958,15.857377,0,13852,1,1,0,0,0,0,0,0,0,0,0,0,0,0
3005,15,6bada9fe2074d6a7,2.3436,18.885977,1,13866,1,0,0,0,1,0,0,0,0,0,0,0,0,1
3006,15,38f85d6f46b140c3,1.760659,17.667173,1,13866,1,1,0,0,1,0,0,0,0,0,0,0,0,0
3007,15,a99b557064d4186e,3.410024,16.751531,1,13767,2,0,0,0,0,0,0,0,0,0,0,0,0,1
3008,15,9ecd2712fd28056d,2.561823,19.542488,1,13994,1,1,0,0,1,0,0,0,0,0,0,0,0,1
3009,15,89ffbeb061e11906,2.970678,18.176731,1,13893,1,0,0,0,0,0,0,0,0,0,0,0,0,1
3010,15,a7c6ed1d7669abc7,2.23176,20.0,1,13602,1,1,0,0,1,0,0,0,0,0,0,0,0,1
3011,15,3c5e49259495a702,1.676637,18.964762,1,13789,1,1,0,0,1,0,0,0,0,0,0,0,0,0
3012,15,63474c69cea9e4c0,2.305006,17.742273,1,13560,1,0,0,0,0,0,0,0,0,0,0,0,0,1
3013,15,502cf3540f440fbe,1.731665,16.807951,1,13571,1,1,0,0,1,0,0,0,0,0,0,0,0,0
3014,15,db8c39d1373b46de,1.300935,19.584874,1,13687,1,1,0,0,1,0,0,0,0,0,0,0,0,1
3015,15,b17313cb737f1e46,2.020997,14.713384,0,13662,1,0,0,0,0,0,0,0,0,0,0,0,0,0
3016,15,19c11f632c69c6c4,1.519819,18.025678,1,13664,1,1,0,0,1,0,0,0,0,0,0,0,0,1
3017,15,cbc36d5012b87d36,1.141783,17.020862,1,13705,1,1,0,0,1,0,0,0,0,0,0,0,0,0
3018,15,b799e14e5305a1e6,1.901432,16.265982,1,13521,1,0,0,0,0,0,0,0,0,0,0,0,0,1
3019,15,25fcaf4ca2336b70,1.429904,15.712752,1,13603,1,1,0,0,1,0,0,0,0,0,0,0,0,0
3020,15,34a01f1a926d62ee,1.074234,18.762092,1,13733,1,1,0,0,1,0,0,0,0,0,0,0,0,1
3021,15,e7131b20cedfd302,0.807031,17.574103,1,13665,1,1,0,0,1,0,0,0,0,0,0,0,0,0
3022,15,dac5bd03db63857b,2.693599,16.681611,1,13651,2,0,0,0,0,0,0,0,0,0,0,0,0,1
3023,15,43a7fa487e108dda,2.025625,19.505813,1,13723,1,1,0,0,1,0,0,0,0,0,0,0,0,1
3024,15,21142fb0a9b2eb84,1.521776,20.0,1,13892,1,1,0,0,1,0,0,0,0,0,0,0,0,1
3025,15,22d2dc4a6ea0e5a4,1.143254,16.236045,0,14734,1,1,0,0,0,0,0,0,0,0,0,0,0,0
3026,15,6e004cff58a1b573,1.903894,19.170741,1,14533,1,0,0,0,1,0,0,0,0,0,0,0,0,1
3027,15,ef8cd9766666d65a,1.430324,17.881105,1,16131,1,1,0,0,1,0,0,0,0,0,0,0,0,0
3028,15,d8ce71d66670d86e,1.074549,20.0,1,15809,1,1,0,0,1,0,0,0,0,0,0,0,0,1
3029,15,5f2a9542e98da3f4,2.894575,18.797912,1,15325,2,0,0,0,0,0,0,0,0,0,0,0,0,1
3030,15,dbeb688fd72b339e,2.176762,20.0,1,14929,1,1,0,0,1,0,0,0,0,0,0,0,0,1
3031,15,5de6d0c0c72d6e2f,1.63532,20.0,1,14940,1,1,0,0,1,0,0,0,0,0,0,0,0,1
3032,15,03378377b90b7572,1.228555,20.0,1,14614,1,1,0,0,1,0,0,0,0,0,0,0,0,0
3033,15,84082a5cd95bdd8a,3.012192,18.981861,1,15268,2,0,0,0,0,0,0,0,0,0,0,0,0,1
3034,15,14223007fd6c0393,2.262947,20.0,1,14933,1,1,0,0,1,0,0,0,0,0,0,0,0,1
3035,15,668038cb2d01cc48,1.700067,20.0,1,15010,1,1,0,0,1,0,0,0,0,0,0,0,0,1
3036,15,3e9d9382550212d4,1.277197,20.0,1,14644,1,1,0,0,1,0,0,0,0,0,0,0,0,0
3037,15,13706af309de365d,0.96047,19.033111,1,14539,1,1,0,0,0,0,0,0,0,0,0,0,0,1
3038,15,21007bacaaf915ef,1.765219,17.777709,1,14244,1,0,0,0,1,0,0,0,0,0,0,0,0,0
3039,15,7f3a8422381d83f8,1.326143,20.0,1,13864,1,1,0,0,1,0,0,0,0,0,0,0,0,1
3040,15,791c0deb857f38af,2.041429,20.0,1,13614,2,1,0,0,1,0,0,0,0,0,0,0,0,1
3041,15,37a704e0b2bc36de,2.577303,20.0,1,13533,1,0,0,0,0,0,0,0,0,0,0,0,0,1
3042,15,58128419f046960f,1.936231,18.642824,1,13627,1,1,0,0,1,0,0,0,0,0,0,0,0,0
3043,15,06a9f725091a8fde,1.454618,20.0,1,13901,1,1,0,0,1,0,0,0,0,0,0,0,0,1
3044,15,7c34306e5dcc6ea1,2.138044,15.764735,0,13724,1,0,0,0,0,0,0,0,0,0,0,0,0,0
3045,15,32d96cdba0f5c9bd,2.649886,18.801145,1,14029,2,1,0,0,1,0,0,0,0,0,0,0,0,1
3046,15,e0359699e27890d7,1.99076,20.0,1,13844,1,1,0,0,1,0,0,0,0,0,0,0,0,1
3047,15,3800620ed8469b87,2.541231,19.334682,1,13839,1,0,0,0,0,0,0,0,0,0,0,0,0,1
3048,15,ccb57bc635739759,1.909132,20.0,1,13802,1,1,0,0,1,0,0,0,0,0,0,0,0,1
3049,15,21eec37f5be9e882,2.477912,16.139459,0,13937,1,0,0,0,0,0,0,0,0,0,0,0,0,0
3050,15,61e61485a76b2386,1.861563,19.082661,1,13713,1,1,0,0,1,0,0,0,0,0,0,0,0,1
3051,15,8a4afcfbd6566a4c,2.444072,14.350433,0,13733,1,0,0,0,0,0,0,0,0,0,0,0,0,0
3052,15,cdcb883470c001fa,1.83614,17.738633,1,13781,1,1,0,0,1,0,0,0,0,0,0,0,0,1
3053,15,56c639718db06aa8,2.423077,20.0,1,13920,2,1,0,0,1,0,0,0,0,0,0,0,0,1
3054,15,3fc1c515ce24ca31,2.866339,15.253903,0,13750,1,0,0,0,0,0,0,0,0,0,0,0,0,0
3055,15,cd8012c2dd597409,2.153373,18.417376,1,13703,1,1,0,0,1,0,0,0,0,0,0,0,0,1
3056,15,09cfeb9a9909a9df,2.661402,17.315131,1,13873,1,0,0,0,0,0,0,0,0,0,0,0,0,1
3057,15,ba0eb5cfa90684ca,1.999412,16.487055,1,13831,1,1,0,0,1,0,0,0,0,0,0,0,0,0
3058,15,54cc31ce3b41f302,2.547737,15.879002,1,13568,1,0,0,0,0,0,0,0,0,0,0,0,0,1
3059,15,f7b9f8577c976078,1.914019,18.88699,1,13547,1,1,0,0,1,0,0,0,0,0,0,0,0,1
3060,15,e1dca6c9ba827098,2.481585,14.189089,0,13521,1,0,0,0,0,0,0,0,0,0,0,0,0,0
3061,15,459b2283334b652a,1.866187,17.631401,1,13558,1,1,0,0,1,0,0,0,0,0,0,0,0,1
3062,15,c6d7bc0c62737249,1.401997,16.724657,1,13744,1,1,0,0,1,0,0,0,0,0,0,0,0,0
3063,15,8e9f54945efe6f51,2.096921,16.043454,1,13658,1,0,0,0,0,0,0,0,0,0,0,0,0,1
3064,15,1570d2c8255f357e,1.575338,15.531692,1,13802,1,1,0,0,1,0,0,0,0,0,0,0,0,0
3065,15,15a41a30302924d5,1.184677,18.641057,1,13594,1,1,0,0,1,0,0,0,0,0,0,0,0,1
3066,15,e03d13f6db2fafe4,1.933657,14.004329,0,14984,1,0,0,0,0,0,0,0,0,0,0,0,0,0
3067,15,7b445bfe8606c025,1.452684,17.478618,1,14939,1,1,0,0,1,0,0,0,0,0,0,0,0,1
3068,15,bb4e75ae2d42c9d9,1.092439,16.624672,1,14643,1,1,0,0,1,0,0,0,0,0,0,0,0,0
3069,15,c39bcf587bd7204d,1.864362,19.447183,1,16068,2,1,0,0,1,0,0,0,0,0,0,0,0,1
3070,15,9e8787f2b3ae748e,1.400625,20.0,1,16033,1,1,0,0,1,0,0,0,0,0,0,0,0,1
3071,15,bd85770e8cf72e14,1.052238,20.0,1,15798,1,1,0,0,1,0,0,0,0,0,0,0,0,1
3072,15,ac8bd1951d545e47,1.835448,20.0,1,15670,1,0,0,0,0,0,0,0,0,0,0,0,0,1
3073,15,ace583561ef0057a,1.378904,19.178457,1,15774,1,1,0,0,1,0,0,0,0,0,0,0,0,0
3074,15,20fb211f50fdb34f,1.035919,20.0,1,15408,1,1,0,0,1,0,0,0,0,0,0,0,0,1
3075,15,b9f1b35253411443,1.823176,20.0,1,15604,2,1,0,0,1,0,0,0,0,0,0,0,0,1
3076,15,c811136815ce45f6,1.369684,20.0,1,15412,1,1,0,0,1,0,0,0,0,0,0,0,0,1
3077,15,0e3e04007c6ca9ac,1.028992,20.0,1,15395,1,1,0,0,1,0,0,0,0,0,0,0,0,0
3078,15,2b1e7bfbcc593369,0.773044,20.0,1,15286,1,1,0,0,1,0,0,0,0,0,0,0,0,1
3079,15,ccb1f16f23afe350,2.669641,20.0,1,15359,2,0,0,0,0,0,0,0,0,0,0,0,0,1
3080,15,54ef4a352c0eeff9,2.005601,19.23591,1,15329,1,1,0,0,1,0,0,0,0,0,0,0,0,0
3081,15,b09a26b2455e66f2,1.506733,20.0,1,14590,1,1,0,0,1,0,0,0,0,0,0,0,0,1
3082,15,416c8404bdbc495c,1.133085,19.580306,1,14026,1,1,0,0,1,0,0,0,0,0,0,0,0,0
3083,15,c4e064aac7f7d4dd,0.851244,20.0,1,14147,1,1,0,0,1,0,0,0,0,0,0,0,0,1
3084,15,fd9ee34ddd68ef69,2.726815,19.756933,1,14105,2,0,0,0,0,0,0,0,0,0,0,0,0,1
3085,15,9dead88d1c62fb5e,2.048554,20.0,1,14013,1,1,0,0,1,0,0,0,0,0,0,0,0,1
3086,15,8599ce73076271fb,1.540542,20.0,1,13925,1,1,0,0,1,0,0,0,0,0,0,0,0,1
3087,15,b090d1aa2066674d,2.201005,17.545863,0,14132,1,0,0,0,0,0,0,0,0,0,0,0,0,0
3088,15,5dff536d40476d17,2.697186,20.0,1,14121,2,1,0,0,1,0,0,0,0,0,0,0,0,1
3089,15,80a0023ee18c8a09,2.028322,20.0,1,13945,1,1,0,0,1,0,0,0,0,0,0,0,0,1
3090,15,49d29a84ee54fe35,1.523803,20.0,1,14291,1,1,0,0,1,0,0,0,0,0,0,0,0,1
3091,15,3499199e5e901e82,2.188429,17.703578,0,14246,1,0,0,0,0,0,0,0,0,0,0,0,0,0
3092,15,59a3dbd2d60eb725,2.687739,20.0,1,14254,2,1,0,0,1,0,0,0,0,0,0,0,0,1
3093,15,3d1be909c358c64e,3.065368,18.7146,1,14193,1,0,0,0,0,0,0,0,0,0,0,0,0,1
3094,15,a846ec016aa1b72e,2.302897,20.0,1,14252,1,1,0,0,1,0,0,0,0,0,0,0,0,1
3095,15,fe20b35f9dfa53c7,1.73008,19.268333,1,14255,1,1,0,0,1,0,0,0,0,0,0,0,0,0
3096,15,805d63cbfb5d2e79,2.345195,17.970563,1,14195,1,0,0,0,0,0,0,0,0,0,0,0,0,1
3097,15,038ae13902d88473,2.805511,20.0,1,14430,2,1,0,0,1,0,0,0,0,0,0,0,0,1
3098,15,148ace24a496fcba,3.151329,18.848401,1,14364,1,0,0,0,0,0,0,0,0,0,0,0,0,1
3099,15,57be5de0b9e27a37,2.367476,20.0,1,14382,1,1,0,0,1,0,0,0,0,0,0,0,0,1
3100,15,ba8fda7bf13a4311,1.780375,19.361379,1,14543,1,1,0,0,1,0,0,0,0,0,0,0,0,0
3101,15,56897ab5b0bd8de4,1.337529,20.0,1,14681,1,1,0,0,1,0,0,0,0,0,0,0,0,1
3102,15,3f7c2b2bd62673de,2.048489,19.633372,1,14292,1,0,0,0,0,0,0,0,0,0,0,0,0,1
3103,15,fe65623477ac640e,2.584644,20.0,1,14358,2,1,0,0,1,0,0,0,0,0,0,0,0,1
3104,15,f42d22f2d800fd8f,1.941746,16.321615,0,14219,0,0,0,0,0,0,0,0,0,0,0,0,0,0
3105,15,2bb4637e82e940d1,2.502415,19.219508,1,14280,2,1,0,0,1,0,0,0,0,0,0,0,0,1
3106,15,5fc0f1e339fdb7ef,1.879971,17.917743,1,14469,1,1,0,0,1,0,0,0,0,0,0,0,0,0
3107,15,ce83cb66a43427ae,1.413765,16.9549,1,14249,1,1,0,0,0,0,0,0,0,0,0,0,0,1
3108,15,352bbe27e246a412,2.105762,19.695271,1,14356,1,0,0,0,1,0,0,0,0,0,0,0,0,1
3109,15,3007bd0bd9d17000,1.58198,18.275166,1,17767,1,1,0,0,1,0,0,0,0,0,0,0,0,0
3110,15,f096d128564abd28,2.233822,20.0,1,17319,2,1,0,0,1,0,0,0,0,0,0,0,0,1
3111,15,1401a21573e2840d,2.72184,19.033127,1,17787,1,0,0,0,0,0,0,0,0,0,0,0,0,1
3112,15,943bdc8303d053ed,2.044817,20.0,1,17582,1,1,0,0,1,0,0,0,0,0,0,0,0,1
3113,15,a0c4dbeb118fe56e,2.579848,20.0,1,17548,2,1,0,0,1,0,0,0,0,0,0,0,0,1
3114,15,f924a3e491d9fb1a,1.940082,20.0,1,15776,1,1,0,0,1,0,0,0,0,0,0,0,0,1
3115,15,f675805ae37b3a36,2.501165,20.0,1,14264,2,1,0,0,1,0,0,0,0,0,0,0,0,1
3116,15,02f9ff4a30ae8a14,2.922685,18.886777,0,14443,1,0,0,0,0,0,0,0,0,0,0,0,0,0
3117,15,fa68e0d8689dea18,2.197901,20.0,1,14433,1,1,0,0,1,0,0,0,0,0,0,0,0,1
3118,15,e39e68fe3ec3f606,1.651201,20.0,1,14563,1,1,0,0,1,0,0,0,0,0,0,0,0,1
3119,15,a6ae548ba0c30a6f,1.240485,17.171991,0,14597,1,1,0,0,0,0,0,0,0,0,0,0,0,0
3120,15,ed7932b11ea03cc9,3.019237,19.858364,1,14404,2,0,0,0,1,0,0,0,0,0,0,0,0,1
3121,15,eedd3568b933b4e3,2.270509,20.0,1,14670,1,1,0,0,1,0,0,0,0,0,0,0,0,1
3122,15,e43d8ede91f66ca7,1.705749,20.0,1,15483,1,1,0,0,1,0,0,0,0,0,0,0,0,1
3123,15,ccb456cb1e9abb40,1.281465,20.0,1,15293,1,1,0,0,1,0,0,0,0,0,0,0,0,1
3124,15,a6d0f36b3ac280c0,2.007831,20.0,1,15285,2,1,0,0,1,0,0,0,0,0,0,0,0,1
3125,15,c97570238b251a6b,1.508408,20.0,1,15323,1,1,0,0,0,0,0,0,0,0,0,0,0,1
3126,15,0bc41efbdb44d63c,2.176864,20.0,1,16208,1,0,0,0,1,0,0,0,0,0,0,0,0,0
3127,15,dffe92475bee6de3,2.67905,20.0,1,16453,2,1,0,0,1,0,0,0,0,0,0,0,0,1
3128,15,259a9b23905cad13,2.014684,20.0,1,16328,1,1,0,0,1,0,0,0,0,0,0,0,0,1
3129,15,00f3872e5e664235,1.513557,20.0,1,16347,1,1,0,0,1,0,0,0,0,0,0,0,0,1
3130,15,389f1fcc64b09151,2.180732,20.0,1,16074,2,1,0,0,0,0,0,0,0,0,0,0,0,1
3131,15,8a4eaac021814533,2.684092,20.0,1,16089,1,0,0,0,1,0,0,0,0,0,0,0,0,1
3132,15,abcc760ce1543bd4,3.060111,20.0,1,16911,2,1,0,0,1,0,0,0,0,0,0,0,0,1
3133,15,c9f855a795cc6e7e,2.298947,20.0,1,16383,1,1,0,0,1,0,0,0,0,0,0,0,0,0
3134,15,831632d4be8045c4,1.727113,20.0,1,16362,1,1,0,0,1,0,0,0,0,0,0,0,0,1
3135,15,0fd67acf47c249a9,3.387115,20.0,1,16342,2,0,0,0,0,0,0,0,0,0,0,0,0,1
3136,15,ef000335a7f2d146,2.544613,20.0,1,16009,1,1,0,0,1,0,0,0,0,0,0,0,0,1
3137,15,840c33b66397ffa2,1.911672,20.0,1,15999,1,1,0,0,1,0,0,0,0,0,0,0,0,0
3138,15,e6d1ead99b55320b,1.437605,20.0,1,14964,1,1,0,0,1,0,0,0,0,0,0,0,0,1
3139,15,aaf93df6c210670b,2.123672,16.892336,0,14546,1,0,0,0,0,0,0,0,0,0,0,0,0,0
3140,15,6c7aa819fe4a3f21,1.595435,19.648269,1,14633,1,1,0,0,1,0,0,0,0,0,0,0,0,1
3141,15,470598f10329b9c8,2.242244,20.0,1,14718,2,1,0,0,1,0,0,0,0,0,0,0,0,1
3142,16,1fd48474a6be9a50,2.73035,19.813273,1,13992,1,0,0,0,0,0,0,0,0,0,0,0,0,1
3143,16,40ab05863d40ab6a,2.05121,20.0,1,14131,1,1,0,0,1,0,0,0,0,0,0,0,0,1
3144,16,9fa3e60e300cac94,1.540997,19.888419,1,14183,1,1,0,0,1,0,0,0,0,0,0,0,0,0
3145,16,9522afc9eb92ebd2,1.158852,18.436876,1,14179,1,1,0,0,0,0,0,0,0,0,0,0,0,1
3146,16,0fba0eaa5e567fe1,1.914256,20.0,1,14000,1,0,0,0,1,0,0,0,0,0,0,0,0,1
3147,16,8f9f8c22e25048df,1.438109,19.111586,1,13956,1,1,0,0,1,0,0,0,0,0,0,0,0,0
3148,16,025aca0c2fc547cd,1.080397,20.0,1,13947,1,1,0,0,1,0,0,0,0,0,0,0,0,1
3149,16,ea7305c3d0c4eb0e,0.812474,19.510069,1,13916,1,1,0,0,1,0,0,0,0,0,0,0,0,0
3150,16,b3bc2710b036c5b2,2.697688,18.13603,1,14000,2,0,0,0,0,0,0,0,0,0,0,0,0,1
3151,16,3c254a4fca255c07,2.026672,20.0,1,13993,1,1,0,0,1,0,0,0,0,0,0,0,0,1
3152,16,7fb0256f65ce4ff6,1.524086,20.0,1,13933,1,1,0,0,1,0,0,0,0,0,0,0,0,1
3153,16,a69e89495c03d18a,1.144989,16.857897,0,14132,1,1,0,0,0,0,0,0,0,0,0,0,0,0
3154,16,ba87dd4319678e85,1.903841,19.622397,1,13948,1,0,0,0,1,0,0,0,0,0,0,0,0,1
3155,16,3e895dd2e76d3ae9,1.430285,20.0,1,13958,1,1,0,0,1,0,0,0,0,0,0,0,0,1
3156,16,5bfa9aaebee05047,1.075594,20.0,1,13863,1,1,0,0,1,0,0,0,0,0,0,0,0,1
3157,16,ca3938afd42b6b51,1.851707,20.0,1,14056,2,1,0,0,1,0,0,0,0,0,0,0,0,0
3158,16,3840b1179d01d5ca,1.391118,20.0,1,14057,1,1,0,0,1,0,0,0,0,0,0,0,0,1
3159,16,3ad00a257add4750,2.090291,20.0,1,13978,1,0,0,0,0,0,0,0,0,0,0,0,0,1
3160,16,715e21df0f1ac6b8,1.570358,20.0,1,14007,1,1,0,0,1,0,0,0,0,0,0,0,0,1
3161,16,ab882b57d80326bc,1.179751,20.0,1,13961,1,1,0,0,1,0,0,0,0,0,0,0,0,0
3162,16,de121b1615b372cf,0.886303,20.0,1,14033,1,1,0,0,1,0,0,0,0,0,0,0,0,1
3163,16,0469b68beb7ba893,2.754813,20.0,1,13941,2,0,0,0,0,0,0,0,0,0,0,0,0,1
3164,16,77ed09b9b5fdd2d5,2.069588,20.0,1,13944,1,1,0,0,1,0,0,0,0,0,0,0,0,1
3165,16,f528f75252723e1c,1.554804,20.0,1,14150,1,1,0,0,1,0,0,0,0,0,0,0,0,1
3166,16,c2f4dc060312be30,1.169235,17.730975,0,13776,1,1,0,0,0,0,0,0,0,0,0,0,0,0
3167,16,f6d7570dbe7171fa,1.922056,20.0,1,14028,1,0,0,0,1,0,0,0,0,0,0,0,0,1
3168,16,50afc0b225fbdddd,1.443969,20.0,1,14181,1,1,0,0,1,0,0,0,0,0,0,0,0,1
3169,16,77cb534e4dd68f47,3.172106,16.672038,0,14002,2,0,0,0,0,0,0,0,0,0,0,0,0,0
3170,16,03a072c123c7f460,2.385469,19.498613,1,13767,1,1,0,0,1,0,0,0,0,0,0,0,0,1
3171,16,40a0b4653c2b8b16,1.792114,20.0,1,13930,1,1,0,0,1,0,0,0,0,0,0,0,0,1
3172,16,8ced9c6091029967,2.390002,20.0,1,14025,2,1,0,0,1,0,0,0,0,0,0,0,0,1
3173,16,f446b42f744adfb3,2.841466,17.438963,0,13937,1,0,0,0,0,0,0,0,0,0,0,0,0,0
3174,16,ffdd19bd8ebe00f5,2.134687,20.0,1,13907,1,1,0,0,1,0,0,0,0,0,0,0,0,1
3175,16,b9666f9e7129180f,1.603711,18.548369,1,13911,1,1,0,0,1,0,0,0,0,0,0,0,0,0
3176,16,826bb28746b5aff3,1.204808,20.0,1,13991,1,1,0,0,1,0,0,0,0,0,0,0,0,1
3177,16,3c2e28f559cf9803,1.950183,20.0,1,13941,2,1,0,0,1,0,0,0,0,0,0,0,0,1
3178,16,f896a9eeacd54b0b,2.508753,17.032908,0,13830,1,0,0,0,0,0,0,0,0,0,0,0,0,0
3179,16,7e91fafbe2aeffcf,1.884732,19.753876,1,13912,1,1,0,0,1,0,0,0,0,0,0,0,0,1
3180,16,23f5c9c20ef02c3c,2.461496,18.335698,1,13801,1,0,0,0,0,0,0,0,0,0,0,0,0,1
3181,16,9d0a03a46f7fd20e,1.84923,17.253769,1,13844,1,1,0,0,1,0,0,0,0,0,0,0,0,0
3182,16,5056e413ae2ebdf0,1.389257,19.919801,1,13962,1,1,0,0,1,0,0,0,0,0,0,0,0,1
3183,16,b775466fa0289f2b,2.08735,14.965002,0,13983,1,0,0,0,0,0,0,0,0,0,0,0,0,0
3184,16,6f4f567e5c6b8e3b,1.569717,18.214898,1,13853,1,1,0,0,1,0,0,0,0,0,0,0,0,1
3185,16,16b00bbf7832de8e,1.17927,17.163016,1,13889,1,1,0,0,1,0,0,0,0,0,0,0,0,0
3186,16,eeaf163d875ae366,2.973248,16.372777,1,13883,2,0,0,0,0,0,0,0,0,0,0,0,0,1
3187,16,5bfc1ccc40285748,2.235925,19.273565,1,13590,1,1,0,0,1,0,0,0,0,0,0,0,0,1
3188,16,80df90f9e2b88b1a,1.679767,20.0,1,13743,1,1,0,0,1,0,0,0,0,0,0,0,0,1
3189,16,0d5de1f2b9e4d1d0,2.305599,19.58381,1,13908,1,0,0,0,0,0,0,0,0,0,0,0,0,1
3190,16,0e8463cb0cb91196,1.732111,18.191429,1,13908,1,1,0,0,1,0,0,0,0,0,0,0,0,0
3191,16,175b64759bdce0b6,1.302572,20.0,1,13973,1,1,0,0,1,0,0,0,0,0,0,0,0,1
3192,16,85a86af45c9b4375,2.022227,18.985819,1,13798,1,0,0,0,0,0,0,0,0,0,0,0,0,1
3193,16,6a8f80fa2f22e0af,1.519223,17.742181,1,13846,1,1,0,0,1,0,0,0,0,0,0,0,0,0
3194,16,2d0439d833f0e29e,1.142478,20.0,1,13725,1,1,0,0,1,0,0,0,0,0,0,0,0,1
3195,16,0602be642191006c,1.901954,18.732012,1,13857,1,0,0,0,0,0,0,0,0,0,0,0,0,1
3196,16,3f5bb5e574555075,1.428867,17.551505,1,13885,1,1,0,0,1,0,0,0,0,0,0,0,0,0
3197,16,12459c354315abb2,1.073454,20.0,1,13874,1,1,0,0,1,0,0,0,0,0,0,0,0,1
3198,16,76647cf605cb42c1,2.895554,18.628685,1,14091,2,0,0,0,0,0,0,0,0,0,0,0,0,1
3199,16,d46d747cb5ad305b,2.175321,17.473879,1,14370,1,1,0,0,1,0,0,0,0,0,0,0,0,0
3200,16,8190a794178db729,1.634238,20.0,1,14335,1,1,0,0,1,0,0,0,0,0,0,0,0,1
3201,16,b19e174a187f6522,1.22897,18.584829,1,14478,1,1,0,0,0,0,0,0,0,0,0,0,0,1
3202,16,3c7e33bbe18d0697,1.966933,17.440932,1,15119,1,0,0,0,1,0,0,0,0,0,0,0,0,0
3203,16,2c53cd7b3e3c9d33,1.477683,20.0,1,15696,1,1,0,0,1,0,0,0,0,0,0,0,0,1
3204,16,7af1ae3630f1fca0,1.110128,20.0,1,15480,1,1,0,0,1,0,0,0,0,0,0,0,0,1
3205,16,cac42ec0c0a0a276,2.923133,20.0,1,15711,2,0,0,0,0,0,0,0,0,0,0,0,0,1
3206,16,4655d56bbed133f7,2.196041,20.0,1,15941,1,1,0,0,1,0,0,0,0,0,0,0,0,1
3207,16,33f293def37d0b11,2.693457,20.0,1,16041,2,1,0,0,1,0,0,0,0,0,0,0,0,1
3208,16,52cb31545891f93b,2.025518,20.0,1,16138,1,1,0,0,1,0,0,0,0,0,0,0,0,0
3209,16,facdbe30f468fd73,1.521696,20.0,1,16119,1,1,0,0,1,0,0,0,0,0,0,0,0,1
3210,16,83c713bcef5eb287,2.186846,17.165057,0,15767,1,0,0,0,0,0,0,0,0,0,0,0,0,0
3211,16,6621a1c0595f7288,2.686549,19.853155,1,16007,2,1,0,0,1,0,0,0,0,0,0,0,0,1
3212,16,886886b92d82b51f,2.020323,18.410357,1,15718,1,1,0,0,0,0,0,0,0,0,0,0,0,1
3213,16,b0dfbbb5fb56420e,2.561447,20.0,1,15757,1,0,0,0,1,0,0,0,0,0,0,0,0,1
3214,16,5835e4f1b2ff916f,2.967973,20.0,1,14840,2,1,0,0,1,0,0,0,0,0,0,0,0,1
3215,16,220cb56b1ed34baf,2.231958,20.0,1,13473,1,1,0,0,1,0,0,0,0,0,0,0,0,1
3216,16,0d5a582bcc77719e,2.72044,20.0,1,13801,1,0,0,0,0,0,0,0,0,0,0,0,0,1
3217,16,091a9d9146c3d469,2.043765,19.602912,1,14102,1,1,0,0,1,0,0,0,0,0,0,0,0,0
3218,16,06dd375cc76bd6b1,2.579057,18.205779,1,14067,1,0,0,0,0,0,0,0,0,0,0,0,0,1
3219,16,f7a567ab5c7b1181,2.983638,20.0,1,13826,2,1,0,0,1,0,0,0,0,0,0,0,0,1
3220,16,c82e482e237d3500,2.241496,20.0,1,14177,1,1,0,0,1,0,0,0,0,0,0,0,0,1
3221,16,57f7b78afe3fd5e5,2.727606,16.882953,0,13816,1,0,0,0,0,0,0,0,0,0,0,0,0,0
3222,16,23e30ccd1ad72704,2.051198,19.657225,1,14126,1,1,0,0,1,0,0,0,0,0,0,0,0,1
3223,16,9394c5a40e9ca133,2.584642,14.767738,0,14128,1,0,0,0,0,0,0,0,0,0,0,0,0,0
3224,16,ae433f3eff5f9b97,1.941745,18.052139,1,14083,1,1,0,0,1,0,0,0,0,0,0,0,0,1
3225,16,352e8ad80db98458,1.45876,17.040741,1,14019,1,1,0,0,1,0,0,0,0,0,0,0,0,0
3226,16,6362bc5a97284856,3.18531,16.295382,1,14239,2,0,0,0,0,0,0,0,0,0,0,0,0,1
3227,16,56060daa06a6c497,2.393004,19.1998,1,14151,1,1,0,0,1,0,0,0,0,0,0,0,0,1
3228,16,5d3490b46de9339b,2.841428,17.902937,1,14133,1,0,0,0,0,0,0,0,0,0,0,0,0,1
3229,16,118be8bdc96ac01d,2.136794,16.943765,1,14162,1,1,0,0,1,0,0,0,0,0,0,0,0,0
3230,16,3cc4cac73c71ac36,1.605294,19.686907,1,14036,1,1,0,0,1,0,0,0,0,0,0,0,0,1
3231,16,c1f41b7c4c6141b3,2.24965,14.790037,0,14052,1,0,0,0,0,0,0,0,0,0,0,0,0,0
3232,16,61462c98d01b157f,1.690078,18.068891,1,13864,1,1,0,0,1,0,0,0,0,0,0,0,0,1
3233,16,cf667c2c5bf4a563,3.359264,17.068565,1,13823,2,0,0,0,0,0,0,0,0,0,0,0,0,1
3234,16,08b585f5cf5062fc,2.523689,16.301819,1,14072,1,1,0,0,1,0,0,0,0,0,0,0,0,0
3235,16,000e37f8f334762a,0.8523,19.204637,1,14173,0,1,0,0,1,0,0,0,0,0,0,0,0,1
3236,16,7a6162f19d37746b,0.640942,17.922662,1,13859,1,1,0,0,1,0,0,0,0,0,0,0,0,0
3237,16,d0c3193b05de97b1,1.525169,16.943471,1,13939,1,0,0,0,0,0,0,0,0,0,0,0,0,1
3238,16,dfd3db0a3d191df9,1.145802,16.207841,1,13858,1,1,0,0,1,0,0,0,0,0,0,0,0,0
3239,16,6bd21846073229a7,1.904452,19.134034,1,13860,2,1,0,0,1,0,0,0,0,0,0,0,0,1
3240,16,8494e6cba9a2386d,0.388024,17.869568,1,14685,0,1,0,0,1,0,0,0,0,0,0,0,0,0
3241,16,31ea939c01fbf832,0.291508,20.0,1,14376,1,1,0,0,1,0,0,0,0,0,0,0,0,1
3242,16,00b057c7bf484efc,1.262653,20.0,1,14561,2,1,0,0,1,0,0,0,0,0,0,0,0,1
3243,16,6c74232714346fd9,0.949533,20.0,1,14443,1,1,0,0,1,0,0,0,0,0,0,0,0,1
3244,16,28b6821c22e6acb8,1.757002,17.811343,0,15565,1,0,0,0,0,0,0,0,0,0,0,0,0,0
3245,16,1ce4f7426bde3dbc,1.31997,20.0,1,15594,1,1,0,0,1,0,0,0,0,0,0,0,0,1
3246,16,732ae6e380a9724d,0.991644,20.0,1,15457,1,1,0,0,1,0,0,0,0,0,0,0,0,1
3247,16,83d44b7fad1e05a7,1.789881,20.0,1,15087,2,1,0,0,1,0,0,0,0,0,0,0,0,1
3248,16,ae7c44907a206199,1.344671,20.0,1,15187,1,1,0,0,1,0,0,0,0,0,0,0,0,1
3249,16,f2d7a54f6ac57ceb,1.010201,20.0,1,14970,1,1,0,0,1,0,0,0,0,0,0,0,0,0
3250,16,008f1f0d3938fc11,0.759685,20.0,1,14579,1,1,0,0,1,0,0,0,0,0,0,0,0,1
3251,16,ce075e63b4d5199d,0.570723,20.0,1,14620,1,1,0,0,0,0,0,0,0,0,0,0,0,1
3252,16,eb84e5f5b0c515a2,1.472416,19.389626,1,14523,1,0,0,0,1,0,0,0,0,0,0,0,0,0
3253,16,d7badffdd97ca8fd,1.106171,20.0,1,14553,1,1,0,0,1,0,0,0,0,0,0,0,0,1
3254,16,ef4e161b0030db84,0.831857,20.0,1,14452,1,1,0,0,1,0,0,0,0,0,0,0,0,1
3255,16,5a3fa6433188b2f3,0.624943,20.0,1,14473,1,1,0,0,1,0,0,0,0,0,0,0,0,0
3256,16,795cf05ca80f081b,1.51315,20.0,1,13914,2,1,0,0,1,0,0,0,0,0,0,0,0,1
3257,16,70004bace7917e73,1.13791,20.0,1,13683,1,1,0,0,1,0,0,0,0,0,0,0,0,1
3258,16,3636c428841ccfa7,1.898523,20.0,1,13649,1,0,0,0,0,0,0,0,0,0,0,0,0,1
3259,16,0bd22a5ed0072594,1.426289,19.628455,1,13889,1,1,0,0,1,0,0,0,0,0,0,0,0,0
3260,16,6f5036279656c888,1.071518,20.0,1,13909,1,1,0,0,1,0,0,0,0,0,0,0,0,1
3261,16,47b0260b367fbd4e,1.849947,16.321577,0,13895,1,0,0,0,0,0,0,0,0,0,0,0,0,0
3262,16,01cc91b5b9bf80c4,2.433449,20.0,1,13954,2,1,0,0,1,0,0,0,0,0,0,0,0,2
3263,16,cd9b31202705e029,1.82816,17.052403,0,13812,1,1,0,0,0,0,0,0,0,0,0,0,0,0
3264,16,1346e1ed0b99c6ec,2.418953,19.784653,1,13846,1,0,0,0,1,0,0,0,0,0,0,0,0,1
3265,16,38f2b971cef58a66,1.817269,20.0,1,13861,1,1,0,0,1,0,0,0,0,0,0,0,0,1
3266,16,c7f679fcbfec232e,3.452553,19.872266,1,13863,2,0,0,0,0,0,0,0,0,0,0,0,0,1
3267,16,cc5282ff2d68e2a2,2.593774,18.408135,1,13714,1,1,0,0,1,0,0,0,0,0,0,0,0,0
3268,16,a1306249f2a23df6,1.950555,20.0,1,13700,1,1,0,0,1,0,0,0,0,0,0,0,0,1
3269,16,091dadeaae388c28,2.509032,15.629405,0,13863,1,0,0,0,0,0,0,0,0,0,0,0,0,0
3270,16,6ccc3c82d360b3f5,1.884942,18.699477,1,14039,1,1,0,0,1,0,0,0,0,0,0,0,0,1
3271,16,b9d7e54cd91a1332,2.461654,20.0,1,13841,2,1,0,0,1,0,0,0,0,0,0,0,0,1
3272,16,409cc6fd061ce55d,1.849349,19.272846,1,13948,1,1,0,0,0,0,0,0,0,0,0,0,0,1
3273,16,4efc0f22aa649c74,2.433,17.957813,1,13956,1,0,0,0,1,0,0,0,0,0,0,0,0,0
3274,16,4f2aca31b26e447e,1.827822,16.969878,1,13953,1,1,0,0,0,0,0,0,0,0,0,0,0,1
3275,16,15371138c4f8d256,2.418699,16.242092,1,13653,1,0,0,0,1,0,0,0,0,0,0,0,0,0
3276,16,e919c07ca7d67b2a,2.860731,19.159766,1,13701,2,1,0,0,1,0,0,0,0,0,0,0,0,1
3277,16,32b04373210d6c1d,3.192814,17.87286,1,14224,1,0,0,0,0,0,0,0,0,0,0,0,0,1
3278,16,26ebf931a81a676a,2.401041,16.921147,1,14197,1,1,0,0,1,0,0,0,0,0,0,0,0,0
3279,16,06ff328523a838bb,1.803813,19.669914,1,13812,1,1,0,0,1,0,0,0,0,0,0,0,0,1
3280,16,de8af9bad12f2381,2.39879,14.777271,0,13983,1,0,0,0,0,0,0,0,0,0,0,0,0,0
3281,16,59ec845cc2239284,1.802122,18.059301,1,13896,1,1,0,0,1,0,0,0,0,0,0,0,0,1
3282,16,49bf43a07574dc24,1.355221,17.061353,1,13825,1,1,0,0,1,0,0,0,0,0,0,0,0,0
3283,16,7689b4cf7f6b6415,2.06178,16.296401,1,13966,1,0,0,0,0,0,0,0,0,0,0,0,0,1
3284,16,db688125e90c90ba,1.548938,15.721722,1,14210,1,1,0,0,1,0,0,0,0,0,0,0,0,0
3285,16,881a8b9e79cc061a,1.164824,18.783962,1,13737,1,1,0,0,1,0,0,0,0,0,0,0,0,1
3286,16,deff12c5efbe17b6,0.875089,17.590533,1,13998,1,1,0,0,1,0,0,0,0,0,0,0,0,0
3287,16,724c422827a739cd,1.701075,16.693954,1,14199,1,0,0,0,0,0,0,0,0,0,0,0,0,1
3288,16,1f225749f4be08df,1.277954,19.499233,1,13968,1,1,0,0,1,0,0,0,0,0,0,0,0,1
3289,16,a84d416f467be0c8,0.961039,20.0,1,14101,1,1,0,0,1,0,0,0,0,0,0,0,0,1
3290,16,5f2a6e4b75108f71,1.765646,19.724677,1,14172,2,1,0,0,1,0,0,0,0,0,0,0,0,0
3291,16,623c767d4fecea80,1.326464,20.0,1,13951,1,1,0,0,1,0,0,0,0,0,0,0,0,1
3292,16,7b48e568d9669346,2.04167,16.375939,0,13954,1,0,0,0,0,0,0,0,0,0,0,0,0,0
3293,16,96e98ba509829fc0,1.533831,19.260319,1,14100,1,1,0,0,1,0,0,0,0,0,0,0,0,1
3294,16,1b3ebc89cc76cbe1,2.195963,17.948403,1,14340,1,0,0,0,0,0,0,0,0,0,0,0,0,1
3295,16,96ac19c0edcc11cb,1.649745,16.962808,1,14436,1,1,0,0,1,0,0,0,0,0,0,0,0,0
3296,16,a6532a4f8cdf8022,1.240632,19.717277,1,14408,1,1,0,0,1,0,0,0,0,0,0,0,0,1
3297,16,a021e2a50b6e5e91,1.975694,20.0,1,14538,2,1,0,0,1,0,0,0,0,0,0,0,0,1
3298,16,c7b5a55256bc54ed,2.527918,16.355394,0,14521,1,0,0,0,0,0,0,0,0,0,0,0,0,0
3299,16,35321beaf18f28d8,1.90103,19.260493,1,14819,1,1,0,0,1,0,0,0,0,0,0,0,0,1
3300,16,689b5c51dabc8a0c,1.428173,20.0,1,14974,1,1,0,0,1,0,0,0,0,0,0,0,0,1
3301,16,d7f732a78b6a3ebe,3.16024,19.576432,1,15099,2,0,0,0,0,0,0,0,0,0,0,0,0,1
3302,16,fb782a560845ec09,2.37417,18.185886,1,14996,1,1,0,0,1,0,0,0,0,0,0,0,0,0
3303,16,dd4f7962bcdf3b11,2.82956,20.0,1,14965,2,1,0,0,1,0,0,0,0,0,0,0,0,1
3304,16,fa90016fc7aba3c4,2.125743,20.0,1,15231,1,1,0,0,1,0,0,0,0,0,0,0,0,1
3305,16,17b9069ddeea6cdc,2.640644,20.0,1,14442,1,0,0,0,0,0,0,0,0,0,0,0,0,1
3306,16,e6ed288f41b5e849,3.029953,20.0,1,14166,2,1,0,0,1,0,0,0,0,0,0,0,0,1
3307,16,eb4a93c16b3b0e7b,3.319944,16.728377,0,14267,1,0,0,0,0,0,0,0,0,0,0,0,0,0
3308,16,2d07c2b806e53028,2.49415,19.525093,1,14231,1,1,0,0,1,0,0,0,0,0,0,0,0,1
3309,16,500248b0fcd9b162,1.873761,18.147317,1,14327,1,1,0,0,1,0,0,0,0,0,0,0,0,0
3310,16,e5d67d33877fd5dd,1.409095,20.0,1,14303,1,1,0,0,1,0,0,0,0,0,0,0,0,1
3311,16,abbda619226728fe,2.102254,18.960898,1,14083,1,0,0,0,0,0,0,0,0,0,0,0,0,1
3312,16,6987b8f5e24123bc,2.622998,20.0,1,14246,2,1,0,0,1,0,0,0,0,0,0,0,0,1
3313,16,187fec932b4781c0,1.972532,20.0,1,14124,1,1,0,0,1,0,0,0,0,0,0,0,0,1
3314,16,84263feb056c1724,2.525543,17.207999,0,14015,1,0,0,0,0,0,0,0,0,0,0,0,0,0
3315,16,4af362e4c4d3ec1b,1.897346,16.406571,1,13841,1,1,0,0,0,0,0,0,0,0,0,0,0,1
3316,16,e0a181c970565c4a,2.469058,15.804488,1,14114,1,0,0,0,1,0,0,0,0,0,0,0,0,0
3317,16,0f37c7d728814bed,2.900918,15.365702,1,13872,1,0,0,0,0,0,0,0,0,0,0,0,0,1
3318,16,6c5790ab123ea94a,2.179351,15.022522,1,14065,1,1,0,0,1,0,0,0,0,0,0,0,0,0
3319,16,eb21b1dd2cca03aa,2.680918,14.764704,1,13551,1,0,0,0,0,0,0,0,0,0,0,0,0,1
3320,16,321d4d19d4fc3111,3.060239,18.064271,1,13401,2,1,0,0,1,0,0,0,0,0,0,0,0,1
3321,16,3f078cfe44769846,3.342697,17.049856,1,13912,1,0,0,0,0,0,0,0,0,0,0,0,0,1
3322,16,de6c5a97142e81b2,1.46759,16.287764,1,13918,0,1,0,0,1,0,0,0,0,0,0,0,0,0
3323,16,d08e8df9801b02e7,2.146199,19.194077,1,14128,2,1,0,0,1,0,0,0,0,0,0,0,0,1
3324,16,19d01d93e94d778c,2.658122,14.43422,0,14187,1,0,0,0,0,0,0,0,0,0,0,0,0,0
3325,16,a8f4a03f4273cf16,1.996948,17.801579,1,13965,1,1,0,0,1,0,0,0,0,0,0,0,0,1
3326,16,0b50e9d299d4859e,1.500232,16.852505,1,14249,1,1,0,0,1,0,0,0,0,0,0,0,0,0
3327,16,b4c4b48da47bdca1,2.172347,16.153826,1,14211,1,0,0,0,0,0,0,0,0,0,0,0,0,1
3328,16,1e6e79342fbf406a,1.632003,15.61461,1,14203,1,1,0,0,1,0,0,0,0,0,0,0,0,0
3329,16,eec8a198b383fbd0,1.226063,18.688362,1,13979,1,1,0,0,1,0,0,0,0,0,0,0,0,1
3330,16,00206254773748e8,0.921095,14.039868,0,14112,1,1,0,0,0,0,0,0,0,0,0,0,0,0
3331,16,36bdd59f11bd6bde,2.780978,17.519184,1,14078,2,0,0,0,1,0,0,0,0,0,0,0,0,1
3332,16,9f1b1b9ca333f6ab,2.089245,20.0,1,13871,1,1,0,0,1,0,0,0,0,0,0,0,0,1
3333,16,a1321b3aeee1c905,1.569571,18.593645,1,14188,1,1,0,0,1,0,0,0,0,0,0,0,0,0
3334,16,5eca1b200874ca10,1.18034,20.0,1,14154,1,1,0,0,1,0,0,0,0,0,0,0,0,1
3335,16,d9d2f6ca4b1b0691,0.886745,19.213056,1,13910,1,1,0,0,1,0,0,0,0,0,0,0,0,0
3336,16,a5a167f383d4b00a,1.709832,17.912895,1,13943,1,0,0,0,0,0,0,0,0,0,0,0,0,1
3337,16,a67107297767a660,1.284533,20.0,1,14050,1,1,0,0,1,0,0,0,0,0,0,0,0,1
3338,16,8f1a9aef80b38075,0.965987,18.832856,1,13880,1,1,0,0,1,0,0,0,0,0,0,0,0,0
3339,16,73bce97bd8458e4c,0.72571,20.0,1,13815,1,1,0,0,1,0,0,0,0,0,0,0,0,1
3340,16,2818efdf46f634fb,1.588852,19.335076,1,14018,1,0,0,0,0,0,0,0,0,0,0,0,0,1
3341,16,2c5d3db2a6f1fd6a,2.23899,18.020754,1,13733,2,1,0,0,1,0,0,0,0,0,0,0,0,0
3342,16,d61c90d371b2961b,1.682069,20.0,1,14055,1,1,0,0,1,0,0,0,0,0,0,0,0,1
3343,16,48874c556967f4b7,1.263676,20.0,1,13682,1,1,0,0,1,0,0,0,0,0,0,0,0,1
3344,16,235072f78ffb0663,0.949352,20.0,1,13763,1,1,0,0,1,0,0,0,0,0,0,0,0,0
3345,16,44227b6b9d019ca6,1.758077,18.726652,1,13480,1,0,0,0,0,0,0,0,0,0,0,0,0,1
3346,16,05085145a9e51bc6,1.320778,17.547478,1,13482,1,1,0,0,1,0,0,0,0,0,0,0,0,0
3347,16,00084a93917fd777,0.992251,20.0,1,13454,1,1,0,0,1,0,0,0,0,0,0,0,0,1
3348,16,2d0dc63b06cdc1a8,2.834488,18.62641,1,13260,2,0,0,0,0,0,0,0,0,0,0,0,0,1
3349,16,114bf1a664ee8b6f,2.129445,20.0,1,13842,1,1,0,0,1,0,0,0,0,0,0,0,0,1
3350,16,b4c9fbc91682856f,1.599772,19.218558,1,13982,1,1,0,0,1,0,0,0,0,0,0,0,0,0
3351,16,155a3abeacde9e09,1.201849,20.0,1,13786,1,1,0,0,1,0,0,0,0,0,0,0,0,1
3352,16,f1754adbd489b9f4,1.947958,16.090002,0,13860,1,0,0,0,0,0,0,0,0,0,0,0,0,0
3353,16,a739cbf0fe867b15,1.463428,19.045506,1,13880,1,1,0,0,1,0,0,0,0,0,0,0,0,1
3354,16,180ab9ae04218312,1.099419,17.787021,1,13702,1,1,0,0,1,0,0,0,0,0,0,0,0,0
3355,16,44795c756c5ea0a3,1.870929,20.0,1,13786,2,1,0,0,1,0,0,0,0,0,0,0,0,1
3356,16,2fe37092ebd6db90,2.449212,18.757345,1,13634,1,0,0,0,0,0,0,0,0,0,0,0,0,1
3357,16,34e9c05b2a8d8d61,1.840002,20.0,1,13885,1,1,0,0,1,0,0,0,0,0,0,0,0,1
3358,16,5d9e38c23d0d3243,1.382325,20.0,1,13638,1,1,0,0,1,0,0,0,0,0,0,0,0,1
3359,16,4d0b5108496b3168,1.039528,20.0,1,13721,1,1,0,0,1,0,0,0,0,0,0,0,0,0
3360,16,d8ea4063f7f848f2,0.780958,20.0,1,13705,1,1,0,0,1,0,0,0,0,0,0,0,0,1
3361,16,c13d0f69e39bb6d1,1.630358,20.0,1,13701,1,0,0,0,0,0,0,0,0,0,0,0,0,1
3362,16,3df3faa1cfcbba70,1.226053,18.772846,1,13538,1,1,0,0,1,0,0,0,0,0,0,0,0,0
3363,16,3e93e7d8819e0cb9,0.921087,20.0,1,13509,1,1,0,0,1,0,0,0,0,0,0,0,0,1
3364,16,94f427be4ae751b1,2.779285,19.301206,1,13399,2,0,0,0,0,0,0,0,0,0,0,0,0,1
3365,16,16fe9fd96c73994e,2.087973,20.0,1,13315,1,1,0,0,1,0,0,0,0,0,0,0,0,1
3366,16,82657b6f1d7f90cf,1.570186,19.617196,1,13167,1,1,0,0,0,0,0,0,0,0,0,0,0,1
3367,16,9d8dc562637ad990,2.223275,18.216511,1,13338,1,0,0,0,1,0,0,0,0,0,0,0,0,0
3368,16,5d51a9b1fd6a4e8b,1.670263,20.0,1,12812,1,1,0,0,1,0,0,0,0,0,0,0,0,1
3369,16,efb7c3f78c969462,2.300212,15.523885,0,12413,1,0,0,0,0,0,0,0,0,0,0,0,0,0
3370,16,f21ea2a981754581,0.68441,15.141359,1,12233,0,1,0,0,1,0,0,0,0,0,0,0,0,0
3371,16,36509259d61727f6,0.514172,18.332826,1,12406,1,1,0,0,1,0,0,0,0,0,0,0,0,1
3372,16,f0638093f9d3848f,1.429931,13.772767,0,12483,1,0,0,0,0,0,0,0,0,0,0,0,0,0
3373,16,fba9297745560c30,1.075329,17.31832,1,11984,1,1,0,0,1,0,0,0,0,0,0,0,0,1
3374,17,1fd48474a6be9a50,0.807854,16.489451,1,13993,1,1,0,0,1,0,0,0,0,0,0,0,0,0
3375,17,40ab05863d40ab6a,1.650564,15.866753,1,14115,1,0,0,0,0,0,0,0,0,0,0,0,0,1
3376,17,9fa3e60e300cac94,1.241248,15.412526,1,14127,1,1,0,0,1,0,0,0,0,0,0,0,0,0
3377,17,9522afc9eb92ebd2,0.932503,18.536544,1,14228,1,1,0,0,1,0,0,0,0,0,0,0,0,1
3378,17,0fba0eaa5e567fe1,1.744208,13.925812,0,14150,1,0,0,0,0,0,0,0,0,0,0,0,0,0
3379,17,8f9f8c22e25048df,2.354012,17.419631,1,13963,2,1,0,0,1,0,0,0,0,0,0,0,0,1
3380,17,025aca0c2fc547cd,1.77025,20.0,1,13976,1,1,0,0,1,0,0,0,0,0,0,0,0,1
3381,17,ea7305c3d0c4eb0e,2.373576,15.07094,0,13897,1,0,0,0,0,0,0,0,0,0,0,0,0,0
3382,17,b3bc2710b036c5b2,1.783179,18.279923,1,14162,1,1,0,0,1,0,0,0,0,0,0,0,0,1
3383,17,3c254a4fca255c07,1.340976,17.227264,1,13838,1,1,0,0,1,0,0,0,0,0,0,0,0,0
3384,17,7fb0256f65ce4ff6,1.007425,19.899889,1,14011,1,1,0,0,1,0,0,0,0,0,0,0,0,1
3385,17,a69e89495c03d18a,1.800494,14.950042,0,14305,1,0,0,0,0,0,0,0,0,0,0,0,0,0
3386,17,ba87dd4319678e85,1.352644,18.189097,1,13799,1,1,0,0,1,0,0,0,0,0,0,0,0,1
3387,17,3e895dd2e76d3ae9,1.017208,17.158962,1,13808,1,1,0,0,1,0,0,0,0,0,0,0,0,0
3388,17,5bfa9aaebee05047,0.76419,16.369731,1,14111,1,1,0,0,0,0,0,0,0,0,0,0,0,1
3389,17,ca3938afd42b6b51,1.617761,19.255656,1,13983,1,0,0,0,1,0,0,0,0,0,0,0,0,1
3390,17,3840b1179d01d5ca,2.26073,20.0,1,13847,2,1,0,0,1,0,0,0,0,0,0,0,0,1
3391,17,3ad00a257add4750,1.698402,16.108221,0,14124,1,1,0,0,0,0,0,0,0,0,0,0,0,0
3392,17,715e21df0f1ac6b8,2.319599,19.059193,1,13959,1,0,0,0,1,0,0,0,0,0,0,0,0,1
3393,17,ab882b57d80326bc,1.742628,17.797304,1,14149,1,1,0,0,1,0,0,0,0,0,0,0,0,0
3394,17,de121b1615b372cf,1.310481,20.0,1,13964,1,1,0,0,1,0,0,0,0,0,0,0,0,1
3395,17,0469b68beb7ba893,0.984515,20.0,1,13961,1,1,0,0,1,0,0,0,0,0,0,0,0,1
3396,17,77ed09b9b5fdd2d5,1.783283,16.709582,0,13972,1,0,0,0,0,0,0,0,0,0,0,0,0,0
3397,17,f528f75252723e1c,1.341054,19.526847,1,14110,1,1,0,0,1,0,0,0,0,0,0,0,0,1
3398,17,c2f4dc060312be30,1.007484,20.0,1,13861,1,1,0,0,1,0,0,0,0,0,0,0,0,1
3399,17,f6d7570dbe7171fa,1.800538,20.0,1,13988,2,1,0,0,1,0,0,0,0,0,0,0,0,1
3400,17,50afc0b225fbdddd,2.396331,20.0,1,14023,1,0,0,0,0,0,0,0,0,0,0,0,0,1
3401,17,77cb534e4dd68f47,1.802075,19.206886,1,13826,1,1,0,0,1,0,0,0,0,0,0,0,0,0
3402,17,03a072c123c7f460,1.353831,20.0,1,14067,1,1,0,0,1,0,0,0,0,0,0,0,0,1
3403,17,40a0b4653c2b8b16,2.060736,19.546177,1,13859,1,0,0,0,0,0,0,0,0,0,0,0,0,1
3404,17,8ced9c6091029967,1.549703,18.179505,1,13953,1,1,0,0,1,0,0,0,0,0,0,0,0,0
3405,17,f446b42f744adfb3,2.207887,20.0,1,14031,2,1,0,0,1,0,0,0,0,0,0,0,0,1
3406,17,ffdd19bd8ebe00f5,2.702357,18.966327,1,13926,1,0,0,0,0,0,0,0,0,0,0,0,0,1
3407,17,b9666f9e7129180f,2.030179,20.0,1,13802,1,1,0,0,1,0,0,0,0,0,0,0,0,1
3408,17,826bb28746b5aff3,1.526724,20.0,1,13881,1,1,0,0,1,0,0,0,0,0,0,0,0,1
3409,17,904c9b3439175fce,1.146971,20.0,1,13917,1,1,0,0,1,0,0,0,0,0,0,0,0,0
3410,17,1692fe8c28139cee,1.905329,19.021828,1,13983,2,1,0,0,0,0,0,0,0,0,0,0,0,1
3411,17,c5fbebc1b3542dcc,2.476985,20.0,1,13821,1,0,0,0,1,0,0,0,0,0,0,0,0,1
3412,17,0dea3622f92cb749,1.860867,20.0,1,13895,1,1,0,0,1,0,0,0,0,0,0,0,0,1
3413,17,38bb467cbdfb53b6,1.397999,20.0,1,14021,1,1,0,0,1,0,0,0,0,0,0,0,0,1
3414,17,dc76cd2fb1ac0664,2.093918,18.170789,0,13940,1,0,0,0,0,0,0,0,0,0,0,0,0,0
3415,17,17e51f480da9fb5d,1.574656,20.0,1,13873,1,1,0,0,1,0,0,0,0,0,0,0,0,1
3416,17,0c7c1e639bef0d9a,2.226634,15.495314,0,13845,1,0,0,0,0,0,0,0,0,0,0,0,0,0
3417,17,7522a695f85ba017,1.672787,18.598739,1,13879,1,1,0,0,1,0,0,0,0,0,0,0,0,1
3418,17,e7db39782777aee0,3.34626,17.467019,1,13721,2,0,0,0,0,0,0,0,0,0,0,0,0,1
3419,17,f95c2ef29527e1f2,2.51392,20.0,1,13670,1,1,0,0,1,0,0,0,0,0,0,0,0,1
3420,17,cd2a99ccedfbf36f,1.888614,18.564203,1,13787,1,1,0,0,1,0,0,0,0,0,0,0,0,0
3421,17,780bd23bab59cb21,2.462499,17.425437,1,13956,1,0,0,0,0,0,0,0,0,0,0,0,0,1
3422,17,380774ff4b075c35,1.851834,20.0,1,13953,1,1,0,0,1,0,0,0,0,0,0,0,0,1
3423,17,c21a67aecad00824,1.391214,20.0,1,13933,1,1,0,0,1,0,0,0,0,0,0,0,0,1
3424,17,8a093accbbbbcf59,2.08882,16.551749,0,13768,1,0,0,0,0,0,0,0,0,0,0,0,0,0
3425,17,13fb579714cf6542,2.614973,19.408155,1,13805,2,1,0,0,1,0,0,0,0,0,0,0,0,1
3426,17,6a2ba284a7888bc3,1.964532,18.059466,1,13949,1,1,0,0,1,0,0,0,0,0,0,0,0,0
3427,17,1dfc954740661f98,1.475879,20.0,1,13707,1,1,0,0,1,0,0,0,0,0,0,0,0,1
3428,17,8984fd7a446e3d71,2.152426,15.419733,0,13961,1,0,0,0,0,0,0,0,0,0,0,0,0,0
3429,17,dce17db9a788620b,1.618655,18.556863,1,13874,1,1,0,0,1,0,0,0,0,0,0,0,0,1
3430,17,a1dfa3e35f385f57,1.216035,17.419922,1,13815,1,1,0,0,1,0,0,0,0,0,0,0,0,0
3431,17,6e3840358feb0d49,0.913562,20.0,1,13981,1,1,0,0,1,0,0,0,0,0,0,0,0,1
3432,17,ae3b8372de433f9b,0.687011,18.554345,1,13823,1,1,0,0,1,0,0,0,0,0,0,0,0,0
3433,17,e9d104bacff3207b,1.559779,17.418031,1,13827,1,0,0,0,0,0,0,0,0,0,0,0,0,1
3434,17,77fad0520de53508,1.171804,20.0,1,13871,1,1,0,0,1,0,0,0,0,0,0,0,0,1
3435,17,568c29b949996e56,0.880332,15.05771,0,14031,1,1,0,0,0,0,0,0,0,0,0,0,0,0
3436,17,06cf3630d560570a,1.706173,18.284616,1,14018,1,0,0,0,1,0,0,0,0,0,0,0,0,1
3437,17,70e7f99df93c772f,1.281784,20.0,1,13980,1,1,0,0,1,0,0,0,0,0,0,0,0,1
3438,17,b1c19172bbc78af6,2.00661,20.0,1,13833,2,1,0,0,1,0,0,0,0,0,0,0,0,1
3439,17,b70e50f508f7dc25,1.508999,20.0,1,13690,1,1,0,0,1,0,0,0,0,0,0,0,0,1
3440,17,907e75f5d77fa50f,2.177308,17.943686,0,13352,1,0,0,0,0,0,0,0,0,0,0,0,0,0
3441,17,f162ed7063b38082,1.63573,20.0,1,13329,1,1,0,0,1,0,0,0,0,0,0,0,0,1
3442,17,13d0016c1ef4a726,1.228863,18.833232,1,13418,1,1,0,0,1,0,0,0,0,0,0,0,0,0
3443,17,96a1f51b3cbe1288,0.924122,20.0,1,13272,1,1,0,0,1,0,0,0,0,0,0,0,0,1
3444,17,80fa6595011a0ce8,1.737912,20.0,1,13377,2,1,0,0,1,0,0,0,0,0,0,0,0,1
3445,17,512cf6e8c6354236,2.349282,17.149265,0,13290,1,0,0,0,0,0,0,0,0,0,0,0,0,0
3446,17,25df3bfb56f3fab3,1.766693,19.857495,1,13186,1,1,0,0,1,0,0,0,0,0,0,0,0,1
3447,17,9573c19961003d42,1.327251,20.0,1,13180,1,1,0,0,1,0,0,0,0,0,0,0,0,1
3448,17,c4e26092198efe1f,2.040767,19.913377,1,12887,1,0,0,0,0,0,0,0,0,0,0,0,0,1
3449,17,a25848465a979b10,1.533152,18.439021,1,13529,1,1,0,0,1,0,0,0,0,0,0,0,0,0
3450,17,b0771cb8c31b1ec3,1.152952,20.0,1,13316,1,1,0,0,1,0,0,0,0,0,0,0,0,1
3451,17,0e0204738f8337b5,0.86617,15.646854,0,13744,1,1,0,0,0,0,0,0,0,0,0,0,0,0
3452,17,a75c587a78452ea5,1.694374,18.712586,1,13620,1,0,0,0,1,0,0,0,0,0,0,0,0,1
3453,17,6316d4738f947131,1.274194,17.552633,1,13877,1,1,0,0,1,0,0,0,0,0,0,0,0,0
3454,17,3b10a52448b43f2b,0.957254,20.0,1,13881,1,1,0,0,1,0,0,0,0,0,0,0,0,1
3455,17,0f75fa8b650babf0,2.806456,18.612524,1,13904,2,0,0,0,0,0,0,0,0,0,0,0,0,1
3456,17,591476c1992a82ce,2.108385,17.461738,1,13765,1,1,0,0,1,0,0,0,0,0,0,0,0,0
3457,17,c927b77d51cdecfd,1.585536,20.0,1,13680,1,1,0,0,1,0,0,0,0,0,0,0,0,1
3458,17,2de204bda7ab3706,2.234807,18.573573,1,13910,1,0,0,0,0,0,0,0,0,0,0,0,0,1
3459,17,5f2ca2c52a047708,1.678927,17.432475,1,13840,1,1,0,0,1,0,0,0,0,0,0,0,0,0
3460,17,cf7ceb80bda31cbb,2.306728,16.589972,1,13891,1,0,0,0,0,0,0,0,0,0,0,0,0,1
3461,17,7534cae6f92b565c,1.732958,15.94227,1,13966,1,1,0,0,1,0,0,0,0,0,0,0,0,0
3462,17,c6ecb88cb28e84e9,2.34556,18.934521,1,13927,2,1,0,0,1,0,0,0,0,0,0,0,0,1
3463,17,1294619a869761ec,2.805785,17.703642,1,13709,1,0,0,0,0,0,0,0,0,0,0,0,0,1
3464,17,ea49407a63117d84,2.10999,20.0,1,13836,1,1,0,0,1,0,0,0,0,0,0,0,0,1
3465,17,06c7865482ba5be7,2.62881,15.231395,0,13612,1,0,0,0,0,0,0,0,0,0,0,0,0,0
3466,17,95d10af32866b272,1.974927,18.400466,1,13749,1,1,0,0,1,0,0,0,0,0,0,0,0,1
3467,17,aee0464c0f421eb0,1.485173,17.317915,1,13670,1,1,0,0,1,0,0,0,0,0,0,0,0,0
3468,17,e1340e63177f9af1,2.159408,16.489146,1,13713,1,0,0,0,0,0,0,0,0,0,0,0,0,1
3469,17,6de606b8c8ed2e2a,1.622283,15.866524,1,13635,1,1,0,0,1,0,0,0,0,0,0,0,0,0
3470,17,d155c48d50cb0ec7,1.21876,18.877615,1,13361,1,1,0,0,1,0,0,0,0,0,0,0,0,1
3471,17,77e0a6dd59462272,1.960676,14.196236,0,13528,1,0,0,0,0,0,0,0,0,0,0,0,0,0
3472,17,82aa62613d563bc3,1.472982,17.62279,1,13472,1,1,0,0,1,0,0,0,0,0,0,0,0,1
3473,17,04cf2b6ba4d844c6,1.106597,16.718188,1,13623,1,1,0,0,1,0,0,0,0,0,0,0,0,0
3474,17,4bfb02d15544d248,0.832176,16.052817,1,13493,1,1,0,0,0,0,0,0,0,0,0,0,0,1
3475,17,b1ffeacaf8413da5,1.668836,15.538726,1,13601,1,0,0,0,1,0,0,0,0,0,0,0,0,0
3476,17,fba16f3e8328bd0e,1.253734,18.631353,1,13587,1,1,0,0,1,0,0,0,0,0,0,0,0,1
3477,17,6d49f5fa0045fda6,0.941884,20.0,1,13771,1,1,0,0,1,0,0,0,0,0,0,0,0,1
3478,17,0b0564be27313b9d,1.752461,15.758254,0,13659,1,0,0,0,0,0,0,0,0,0,0,0,0,0
3479,17,58d9728101f76f34,1.316558,18.796276,1,13934,1,1,0,0,1,0,0,0,0,0,0,0,0,1
3480,17,988b4577a0f257c7,2.032734,20.0,1,13811,2,1,0,0,1,0,0,0,0,0,0,0,0,1
3481,17,ea94959b8689389f,1.528645,15.851429,0,13782,1,1,0,0,0,0,0,0,0,0,0,0,0,0
3482,17,e32f9439422b8750,2.192067,18.866275,1,13506,1,0,0,0,1,0,0,0,0,0,0,0,0,1
3483,17,b815fba295dcf92e,1.646818,17.652372,1,13757,1,1,0,0,1,0,0,0,0,0,0,0,0,0
3484,17,0d045a1c9d9513db,1.237193,20.0,1,13366,1,1,0,0,1,0,0,0,0,0,0,0,0,1
3485,17,b521be51fa419254,1.974537,18.685671,1,13391,2,1,0,0,0,0,0,0,0,0,0,0,0,1
3486,17,c5651c263198afa1,2.527049,20.0,1,13462,1,0,0,0,1,0,0,0,0,0,0,0,0,1
3487,17,d00f8c5baeffe0d5,1.898478,19.252005,1,13615,1,1,0,0,1,0,0,0,0,0,0,0,0,0
3488,17,1a2d14ef50f79123,1.427682,20.0,1,13726,1,1,0,0,1,0,0,0,0,0,0,0,0,1
3489,17,041b4a4a2573f9d1,2.116218,16.106158,0,13542,1,0,0,0,0,0,0,0,0,0,0,0,0,0
3490,17,2a6e2499c600568f,1.589835,19.057644,1,13811,1,1,0,0,1,0,0,0,0,0,0,0,0,1
3491,17,1feffd89b37e4a67,1.194384,20.0,1,13852,1,1,0,0,1,0,0,0,0,0,0,0,0,1
3492,17,b03be18da37f5838,1.942344,19.479593,1,13909,2,1,0,0,1,0,0,0,0,0,0,0,0,0
3493,17,091c7e8843d18ffb,1.459211,20.0,1,14348,1,1,0,0,1,0,0,0,0,0,0,0,0,1
3494,17,2e95c70250fae9aa,2.139904,16.221247,0,14095,1,0,0,0,0,0,0,0,0,0,0,0,0,0
3495,17,182c9bc148a32bac,1.609238,19.159612,1,13989,1,1,0,0,1,0,0,0,0,0,0,0,0,1
3496,17,9873ecfbc90631ad,1.20896,20.0,1,14451,1,1,0,0,1,0,0,0,0,0,0,0,0,1
3497,17,3c5a49325d870b92,0.908247,19.519495,1,14294,1,1,0,0,1,0,0,0,0,0,0,0,0,0
3498,17,dc025c2405062f02,1.725985,20.0,1,13855,2,1,0,0,1,0,0,0,0,0,0,0,0,1
3499,17,f879e97ba4aee629,2.342116,19.740521,1,13649,1,0,0,0,0,0,0,0,0,0,0,0,0,1
3500,17,bcd9d541090d6caa,1.759544,20.0,1,13731,1,1,0,0,1,0,0,0,0,0,0,0,0,1
3501,17,c0628b1069332986,1.32188,19.847358,1,13806,1,1,0,0,1,0,0,0,0,0,0,0,0,0
3502,17,b0360ff09917651a,2.038223,18.405998,1,13774,1,0,0,0,0,0,0,0,0,0,0,0,0,1
3503,17,f0c50da51782d55e,2.574894,20.0,1,13929,2,1,0,0,1,0,0,0,0,0,0,0,0,1
3504,17,d6e059bf5bc50f76,2.978075,15.615314,0,13923,1,0,0,0,0,0,0,0,0,0,0,0,0,0
3505,17,d7582becc322f7f9,2.237316,18.688891,1,13739,1,1,0,0,1,0,0,0,0,0,0,0,0,1
3506,17,ab00ee0cf5babd65,2.726644,17.534814,1,13855,1,0,0,0,0,0,0,0,0,0,0,0,0,1
3507,17,9df901843ec2f17a,2.048426,20.0,1,13925,1,1,0,0,1,0,0,0,0,0,0,0,0,1
3508,17,b1790c25413d78e9,2.582559,15.123622,0,13926,1,0,0,0,0,0,0,0,0,0,0,0,0,0
3509,17,441a6b882f071f95,2.986272,18.334183,1,13646,2,1,0,0,1,0,0,0,0,0,0,0,0,1
3510,17,ebd2090a9425fa38,2.243474,20.0,1,14024,1,1,0,0,1,0,0,0,0,0,0,0,0,1
3511,17,e2299b4a3b166eaa,2.729092,19.053627,1,14032,1,0,0,0,0,0,0,0,0,0,0,0,0,1
3512,17,efc8c2f81f2a8f6f,2.050265,17.793122,1,14031,1,1,0,0,1,0,0,0,0,0,0,0,0,0
3513,17,afe975336f1a39fc,1.541828,20.0,1,14134,1,1,0,0,1,0,0,0,0,0,0,0,0,1
3514,17,aa4ae9ce222a2db8,1.158318,15.281947,0,13884,1,1,0,0,0,0,0,0,0,0,0,0,0,0
3515,17,f44163b254f10f45,1.913854,18.438445,1,14050,1,0,0,0,1,0,0,0,0,0,0,0,0,1
3516,17,aef388b22f0029c4,1.439246,20.0,1,14003,1,1,0,0,1,0,0,0,0,0,0,0,0,1
3517,17,2b618c3221fd3d05,1.081252,19.125374,1,14061,1,1,0,0,1,0,0,0,0,0,0,0,0,0
3518,17,0f2a6849f2d50e85,0.812304,17.847023,1,14131,1,1,0,0,0,0,0,0,0,0,0,0,0,1
3519,17,4a51d780fa7f3e57,1.653907,16.886645,1,13956,1,0,0,0,1,0,0,0,0,0,0,0,0,0
3520,17,da72d4bd483180bb,2.287912,19.660001,1,14281,2,1,0,0,1,0,0,0,0,0,0,0,0,1
3521,17,2e2701ba1ca1f81e,1.718823,20.0,1,14385,1,1,0,0,1,0,0,0,0,0,0,0,0,1
3522,17,a44c8c958af819ab,2.334941,19.801913,1,14230,1,0,0,0,0,0,0,0,0,0,0,0,0,1
3523,17,22e59135715fc89b,1.755909,18.371822,1,14248,1,1,0,0,1,0,0,0,0,0,0,0,0,0
3524,17,b314567f7d2f542e,1.319149,20.0,1,14253,1,1,0,0,1,0,0,0,0,0,0,0,0,1
3525,17,6bc05b18c2f54e96,0.991027,20.0,1,14315,1,1,0,0,1,0,0,0,0,0,0,0,0,1
3526,17,0e17b85425f0ab0a,0.744522,20.0,1,14386,1,1,0,0,1,0,0,0,0,0,0,0,0,0
3527,17,217e9f6bda668e01,1.604041,18.838594,1,14440,1,0,0,0,0,0,0,0,0,0,0,0,0,1
3528,17,361a91b3f98beede,1.205056,17.631576,1,14405,1,1,0,0,1,0,0,0,0,0,0,0,0,0
3529,17,ee08da17e478eff0,0.905314,20.0,1,14502,1,1,0,0,1,0,0,0,0,0,0,0,0,1
3530,17,484de6876e641473,1.724959,20.0,1,14445,2,1,0,0,1,0,0,0,0,0,0,0,0,1
3531,17,c97ba04a17880a13,2.339551,20.0,1,14517,1,0,0,0,0,0,0,0,0,0,0,0,0,1
3532,17,38cca9ca70956d79,1.757617,18.596228,1,14366,1,1,0,0,1,0,0,0,0,0,0,0,0,0
3533,17,562834916efe0e6b,2.364085,20.0,1,14291,2,1,0,0,1,0,0,0,0,0,0,0,0,1
3534,17,8656fd5c9255b00d,1.777826,20.0,1,14383,1,1,0,0,1,0,0,0,0,0,0,0,0,1
3535,17,7079c15f2eb1c2c9,2.379267,20.0,1,14627,1,0,0,0,0,0,0,0,0,0,0,0,0,1
3536,17,613ef1b75767463c,1.787455,18.903817,1,14570,1,1,0,0,1,0,0,0,0,0,0,0,0,0
3537,17,db2866ccc42c746a,1.344191,20.0,1,14598,1,1,0,0,1,0,0,0,0,0,0,0,0,1
3538,17,38d1c12631a21bf7,2.053494,19.388291,1,14749,2,1,0,0,0,0,0,0,0,0,0,0,0,1
3539,17,ca5d339333685bae,2.586367,18.044542,1,14921,1,0,0,0,1,0,0,0,0,0,0,0,0,0
3540,17,acf4736ec7c02e7b,1.943041,20.0,1,15011,1,1,0,0,1,0,0,0,0,0,0,0,0,1
3541,17,1da87b7aa0bb047f,1.461194,18.907231,1,14962,1,1,0,0,1,0,0,0,0,0,0,0,0,0
3542,17,ecc2368d8b9dd704,2.141394,20.0,1,14975,2,1,0,0,1,0,0,0,0,0,0,0,0,1
3543,17,164fa4bcf6b1a27b,1.608749,19.377053,1,15078,1,1,0,0,0,0,0,0,0,0,0,0,0,1
3544,17,fcaf7e63768c1c2f,2.253953,20.0,1,15166,1,0,0,0,1,0,0,0,0,0,0,0,0,1
3545,17,1f5e0584f993e2fb,1.693311,19.65565,1,14941,1,1,0,0,1,0,0,0,0,0,0,0,0,0
3546,17,bce4b2fcca89722c,2.315774,18.245399,1,15171,1,0,0,0,0,0,0,0,0,0,0,0,0,1
3547,17,789603275cc285d5,2.783408,20.0,1,16261,2,1,0,0,1,0,0,0,0,0,0,0,0,1
3548,17,f33f73bc26a18676,2.093162,19.020707,1,15883,1,1,0,0,1,0,0,0,0,0,0,0,0,0
3549,17,435f9c85ecc897aa,2.616168,17.768391,1,17099,1,0,0,0,0,0,0,0,0,0,0,0,0,1
3550,17,5aba37f58cd424d0,1.965429,20.0,1,17136,1,1,0,0,1,0,0,0,0,0,0,0,0,1
3551,17,8eecf08d14d420af,2.522181,20.0,1,16738,2,1,0,0,1,0,0,0,0,0,0,0,0,1
3552,17,cd9ceee2a1605b40,2.938474,20.0,1,16671,1,0,0,0,0,0,0,0,0,0,0,0,0,1
3553,17,60cbb618a3c04d65,2.207566,18.639853,1,17003,1,1,0,0,1,0,0,0,0,0,0,0,0,0
3554,17,98d041ce87417737,1.658462,20.0,1,17597,1,1,0,0,1,0,0,0,0,0,0,0,0,1
3555,17,2c198aa8fe057b36,1.247187,19.243558,1,17523,1,1,0,0,1,0,0,0,0,0,0,0,0,0
3556,17,7022c8ec511c8283,1.980618,20.0,1,17362,2,1,0,0,1,0,0,0,0,0,0,0,0,1
3557,17,3ee0e92ca9649f63,1.487964,20.0,1,17474,1,1,0,0,1,0,0,0,0,0,0,0,0,1
3558,17,f1289b935b122319,3.207271,20.0,1,17462,2,0,0,0,0,0,0,0,0,0,0,0,0,1
3559,17,5537982d2f9d2565,2.409503,20.0,1,17277,1,1,0,0,1,0,0,0,0,0,0,0,0,1
3560,17,29aafe370b0a33c2,1.81017,20.0,1,17123,1,1,0,0,1,0,0,0,0,0,0,0,0,0
3561,17,37729396bed1b210,2.403566,20.0,1,15642,2,1,0,0,1,0,0,0,0,0,0,0,0,1
3562,17,bbf0c5fed403c60e,1.807516,20.0,1,14522,1,1,0,0,1,0,0,0,0,0,0,0,0,1
3563,17,e00c01c643c9a9be,1.357919,20.0,1,14638,1,1,0,0,0,0,0,0,0,0,0,0,0,1
3564,17,e3d0f9709ed0e702,2.063807,20.0,1,14880,1,0,0,0,1,0,0,0,0,0,0,0,0,1
3565,17,560e829e98aea7c4,1.552012,20.0,1,14528,1,1,0,0,1,0,0,0,0,0,0,0,0,0
3566,17,559c35ba4df5306e,2.209622,20.0,1,14731,2,1,0,0,1,0,0,0,0,0,0,0,0,1
3567,17,19577650ca052e53,1.660007,20.0,1,14833,1,1,0,0,1,0,0,0,0,0,0,0,0,1
3568,17,efedf628419df1cf,1.247101,20.0,1,14505,1,1,0,0,1,0,0,0,0,0,0,0,0,1
3569,17,1d15968c912b54a1,0.937838,20.0,1,14732,1,1,0,0,1,0,0,0,0,0,0,0,0,1
3570,17,da65ece7e13581d4,0.704562,20.0,1,14437,1,1,0,0,1,0,0,0,0,0,0,0,0,0
3571,17,aad5b089b1715f9f,1.572965,20.0,1,14488,1,0,0,0,0,0,0,0,0,0,0,0,0,1
3572,17,074958bada15b1a7,1.182892,20.0,1,14980,1,1,0,0,1,0,0,0,0,0,0,0,0,1
3573,17,4473e2abc0ff43cf,0.888662,20.0,1,14699,1,1,0,0,1,0,0,0,0,0,0,0,0,0
3574,17,73c88b21773fd30a,0.667619,20.0,1,15878,1,1,0,0,1,0,0,0,0,0,0,0,0,1
3575,17,57aaeff54f1e7a94,1.54521,20.0,1,15878,2,1,0,0,0,0,0,0,0,0,0,0,0,1
3576,17,02ae038dbf0ad7c2,2.206171,20.0,1,15691,1,0,0,0,1,0,0,0,0,0,0,0,0,1
3577,17,589838640b74f485,1.657414,20.0,1,15635,1,1,0,0,1,0,0,0,0,0,0,0,0,1
3578,17,daed6a451015e5eb,1.245153,20.0,1,15951,1,1,0,0,1,0,0,0,0,0,0,0,0,0
3579,17,ee6418a0a11888a0,0.936373,20.0,1,15692,1,1,0,0,1,0,0,0,0,0,0,0,0,1
3580,17,aae6a9e1b5c2780d,0.703462,20.0,1,15907,1,1,0,0,1,0,0,0,0,0,0,0,0,1
3581,17,c0276e2673a414ed,0.528485,20.0,1,15589,1,1,0,0,1,0,0,0,0,0,0,0,0,0
3582,18,1fd48474a6be9a50,0.397031,20.0,1,14541,1,1,0,0,1,0,0,0,0,0,0,0,0,1
3583,18,40ab05863d40ab6a,0.298573,17.454595,0,14033,1,1,0,0,0,0,0,0,0,0,0,0,0,0
3584,18,9fa3e60e300cac94,1.26796,20.0,1,14162,1,0,0,0,1,0,0,0,0,0,0,0,0,1
3585,18,9522afc9eb92ebd2,0.952571,18.557191,1,14096,1,1,0,0,1,0,0,0,0,0,0,0,0,0
3586,18,0fba0eaa5e567fe1,0.716347,20.0,1,14089,1,1,0,0,1,0,0,0,0,0,0,0,0,1
3587,18,8f9f8c22e25048df,1.581818,19.192461,1,13950,1,0,0,0,0,0,0,0,0,0,0,0,0,1
3588,18,025aca0c2fc547cd,1.188361,17.897423,1,14028,1,1,0,0,1,0,0,0,0,0,0,0,0,0
3589,18,ea7305c3d0c4eb0e,0.892771,16.924509,1,14091,1,1,0,0,1,0,0,0,0,0,0,0,0,0
3590,18,b3bc2710b036c5b2,2.759678,16.207974,1,13809,2,0,0,0,0,0,0,0,0,0,0,0,0,1
3591,18,3c254a4fca255c07,2.073243,19.134134,1,14008,1,1,0,0,1,0,0,0,0,0,0,0,0,1
3592,18,7fb0256f65ce4ff6,1.55755,17.853604,1,13984,1,1,0,0,1,0,0,0,0,0,0,0,0,0
3593,18,a69e89495c03d18a,1.1713,20.0,1,13977,1,1,0,0,1,0,0,0,0,0,0,0,0,1
3594,18,ba87dd4319678e85,1.923607,18.794962,1,14159,1,0,0,0,0,0,0,0,0,0,0,0,0,1
3595,18,3e895dd2e76d3ae9,1.445134,17.598797,1,13790,1,1,0,0,1,0,0,0,0,0,0,0,0,0
3596,18,5bfa9aaebee05047,1.085675,20.0,1,14015,1,1,0,0,1,0,0,0,0,0,0,0,0,1
3597,18,ca3938afd42b6b51,0.816443,18.655403,1,13945,1,1,0,0,1,0,0,0,0,0,0,0,0,0
3598,18,3840b1179d01d5ca,0.613363,20.0,1,13975,1,1,0,0,1,0,0,0,0,0,0,0,0,1
3599,18,3ad00a257add4750,2.548104,19.234922,1,13990,2,0,0,0,0,0,0,0,0,0,0,0,0,1
3600,18,715e21df0f1ac6b8,1.91621,20.0,1,14041,1,1,0,0,1,0,0,0,0,0,0,0,0,1
3601,18,ab882b57d80326bc,1.439577,20.0,1,13931,1,1,0,0,1,0,0,0,0,0,0,0,0,1
3602,18,de121b1615b372cf,2.125154,17.319756,0,14223,1,0,0,0,0,0,0,0,0,0,0,0,0,0
3603,18,05c8759f4447da7f,1.596549,19.969374,1,13880,1,1,0,0,1,0,0,0,0,0,0,0,0,1
3604,18,f9da155166fdbcb3,1.200627,20.0,1,14056,1,1,0,0,1,0,0,0,0,0,0,0,0,1
3605,18,cbdedca5a02ed691,1.94564,19.990288,1,14011,2,1,0,0,0,0,0,0,0,0,0,0,0,1
3606,18,69d6d48dcba42deb,2.50534,18.4968,1,13924,1,0,0,0,1,0,0,0,0,0,0,0,0,0
3607,18,4836f3002aa2c43b,1.884051,20.0,1,13881,1,1,0,0,1,0,0,0,0,0,0,0,0,1
3608,18,94fd34594f25ef4c,1.415417,20.0,1,14031,1,1,0,0,1,0,0,0,0,0,0,0,0,1
3609,18,61fdc813a35b7e5c,1.06335,20.0,1,13893,1,1,0,0,1,0,0,0,0,0,0,0,0,0
3610,18,c1ff7d5e27979afc,0.798855,18.868697,1,14054,1,1,0,0,0,0,0,0,0,0,0,0,0,1
3611,18,1d6ebc1b2e581348,1.644901,17.670031,1,14085,1,0,0,0,1,0,0,0,0,0,0,0,0,0
3612,18,7773761e6dec3adc,1.235753,20.0,1,14059,1,1,0,0,1,0,0,0,0,0,0,0,0,1
3613,18,fb02264cebeb0e70,3.015681,18.678782,1,14059,2,0,0,0,0,0,0,0,0,0,0,0,0,1
3614,18,c28a313bf74ee613,2.267835,17.527212,1,13831,1,1,0,0,1,0,0,0,0,0,0,0,0,0
3615,18,b5a2965320b75fa2,1.70374,20.0,1,13787,1,1,0,0,1,0,0,0,0,0,0,0,0,1
3616,18,3ffe08dfd1bfaf0d,1.279956,20.0,1,13809,1,1,0,0,1,0,0,0,0,0,0,0,0,1
3617,18,d4d55fb8ad04be87,3.04889,20.0,1,13873,2,0,0,0,0,0,0,0,0,0,0,0,0,1
3618,18,3a6c2889bf8dd3fe,2.292809,18.56928,1,13715,1,1,0,0,1,0,0,0,0,0,0,0,0,0
3619,18,a1a2e91140dcc85e,1.722501,20.0,1,13840,1,1,0,0,1,0,0,0,0,0,0,0,0,1
3620,18,120f765ed5986ef6,2.337704,19.186315,1,13649,1,0,0,0,0,0,0,0,0,0,0,0,0,1
3621,18,7da99e20fee3a3f4,1.757987,17.908884,1,13799,1,1,0,0,1,0,0,0,0,0,0,0,0,0
3622,18,e9f79a57fcf62025,1.32071,20.0,1,13741,1,1,0,0,1,0,0,0,0,0,0,0,0,1
3623,18,c95cf3ba67a49dbc,2.035853,15.334746,0,13909,1,0,0,0,0,0,0,0,0,0,0,0,0,0
3624,18,8a8e66059b448c12,1.52946,18.47811,1,13609,1,1,0,0,1,0,0,0,0,0,0,0,0,1
3625,18,305d9b896605f9ab,2.194327,17.376304,1,13795,1,0,0,0,0,0,0,0,0,0,0,0,0,1
3626,18,c24d4fcdaee4a895,1.648516,16.533012,1,13540,1,1,0,0,1,0,0,0,0,0,0,0,0,0
3627,18,635ed14c3cd6fbbc,1.238468,19.378323,1,13728,1,1,0,0,1,0,0,0,0,0,0,0,0,1
3628,18,942e4e9ac467d0b8,1.975496,14.572775,0,13489,1,0,0,0,0,0,0,0,0,0,0,0,0,0
3629,18,96124731009db66b,2.52777,17.90567,1,13616,2,1,0,0,1,0,0,0,0,0,0,0,0,1
3630,18,e516b4b394c3199c,1.899019,20.0,1,13595,1,1,0,0,1,0,0,0,0,0,0,0,0,1
3631,18,c865c4c1cf371955,2.470315,15.332932,0,13605,1,0,0,0,0,0,0,0,0,0,0,0,0,0
3632,18,7c440a9fc7258c73,1.857712,18.491587,1,13497,1,1,0,0,1,0,0,0,0,0,0,0,0,1
3633,18,6210121c9b856740,1.39563,13.892038,0,13712,1,1,0,0,0,0,0,0,0,0,0,0,0,0
3634,18,81485fe11e62b210,2.092138,17.394258,1,13542,1,0,0,0,1,0,0,0,0,0,0,0,0,1
3635,18,dae0517d7a095db5,1.573317,16.561231,1,13566,1,1,0,0,1,0,0,0,0,0,0,0,0,0
3636,18,3f31a096f3b28122,1.181975,19.399523,1,13801,1,1,0,0,1,0,0,0,0,0,0,0,0,1
3637,18,ed5ab89cda1fa68d,0.887973,14.574136,0,13724,1,1,0,0,0,0,0,0,0,0,0,0,0,0
3638,18,2d8541037b875d1f,1.710755,17.906693,1,13985,1,0,0,0,1,0,0,0,0,0,0,0,0,1
3639,18,02ca3c7a70782c12,1.286512,20.0,1,13572,1,1,0,0,1,0,0,0,0,0,0,0,0,1
3640,18,da75bab709a8d556,0.966508,18.824955,1,13918,1,1,0,0,1,0,0,0,0,0,0,0,0,0
3641,18,b6f30036ec2aabfd,0.726101,20.0,1,13996,1,1,0,0,1,0,0,0,0,0,0,0,0,1
3642,18,8930331a02a08fc7,0.546039,15.867632,0,13846,1,1,0,0,0,0,0,0,0,0,0,0,0,0
3643,18,3efe62d3591cc51f,1.453872,18.878447,1,13853,1,0,0,0,1,0,0,0,0,0,0,0,0,1
3644,18,0e2aa521bab56cb1,1.09224,17.661516,1,13833,1,1,0,0,1,0,0,0,0,0,0,0,0,0
3645,18,6e667b0863527d2a,1.864212,20.0,1,13688,2,1,0,0,1,0,0,0,0,0,0,0,0,1
3646,18,6931bf406b952a42,1.401914,18.690837,1,13357,1,1,0,0,0,0,0,0,0,0,0,0,0,1
3647,18,b4c768e767610944,2.096859,20.0,1,13266,1,0,0,0,1,0,0,0,0,0,0,0,0,1
3648,18,178bae3922674d69,1.575292,19.254921,1,13448,1,1,0,0,1,0,0,0,0,0,0,0,0,0
3649,18,8732aaaaf78a22ee,1.184642,20.0,1,13281,1,1,0,0,1,0,0,0,0,0,0,0,0,1
3650,18,1ac041a1e9ef0548,0.889977,19.58665,1,13266,1,1,0,0,1,0,0,0,0,0,0,0,0,0
3651,18,ebcc15fa94ae6a1d,1.71226,18.193562,1,13097,1,0,0,0,0,0,0,0,0,0,0,0,0,1
3652,18,fb3112d5447e2b4f,1.286357,17.146988,1,13108,1,1,0,0,1,0,0,0,0,0,0,0,0,0
3653,18,9e4e737f6968dc92,0.967359,19.855783,1,13281,1,1,0,0,1,0,0,0,0,0,0,0,0,1
3654,18,5ec4ae81eecef524,1.770394,14.916907,0,13370,1,0,0,0,0,0,0,0,0,0,0,0,0,0
3655,18,b41903033eef62d1,2.373684,18.164204,1,13562,2,1,0,0,1,0,0,0,0,0,0,0,0,1
3656,18,6e337c85e3c177c9,1.785044,20.0,1,13530,1,1,0,0,1,0,0,0,0,0,0,0,0,1
3657,18,5b34ea2eb9d63d9a,2.38469,18.970438,1,13758,1,0,0,0,0,0,0,0,0,0,0,0,0,1
3658,18,69be2d630f9d6b6b,1.791529,17.730626,1,13766,1,1,0,0,1,0,0,0,0,0,0,0,0,0
3659,18,e1c8305afef78ce7,1.345909,20.0,1,13636,1,1,0,0,1,0,0,0,0,0,0,0,0,1
3660,18,2cc24a17babd2c29,2.056293,15.249379,0,13696,1,0,0,0,0,0,0,0,0,0,0,0,0,0
3661,18,687c68d269b49b4a,1.544816,18.413977,1,13874,1,1,0,0,1,0,0,0,0,0,0,0,0,1
3662,18,4f464a2b6aa022ae,2.204216,20.0,1,13766,2,1,0,0,1,0,0,0,0,0,0,0,0,1
3663,18,aa914c5d8bd05aa6,2.701752,19.115947,1,13813,1,0,0,0,0,0,0,0,0,0,0,0,0,1
3664,18,f830196b3c588142,2.029725,20.0,1,13927,1,1,0,0,1,0,0,0,0,0,0,0,0,1
3665,18,fcceb830262396d5,1.524857,19.494851,1,13914,1,1,0,0,1,0,0,0,0,0,0,0,0,0
3666,18,242e561e9f02789f,2.189221,18.124597,1,14077,1,0,0,0,0,0,0,0,0,0,0,0,0,1
3667,18,f606b34fa3b3e25c,2.690476,20.0,1,14043,2,1,0,0,1,0,0,0,0,0,0,0,0,1
3668,18,2b3c3a2a95b65d8d,3.064908,18.948062,1,14022,1,0,0,0,0,0,0,0,0,0,0,0,0,1
3669,18,e5cd714ced066f1e,2.30255,17.713815,1,14033,1,1,0,0,1,0,0,0,0,0,0,0,0,0
3670,18,680efd3aff59854c,1.731551,20.0,1,13951,1,1,0,0,1,0,0,0,0,0,0,0,0,1
3671,18,51ad7cb8b693c378,2.344503,15.237142,0,13978,1,0,0,0,0,0,0,0,0,0,0,0,0,0
3672,18,568ba9092446f642,1.761337,18.404784,1,13885,1,1,0,0,1,0,0,0,0,0,0,0,0,1
3673,18,1db7ffdd97d3ec2d,2.36688,13.826826,0,14856,1,0,0,0,0,0,0,0,0,0,0,0,0,0
3674,18,5fa093790d7dfe65,1.779928,17.358974,1,14438,1,1,0,0,1,0,0,0,0,0,0,0,0,1
3675,18,22f7a07946b2dd86,1.337193,16.519993,1,15522,1,1,0,0,1,0,0,0,0,0,0,0,0,0
3676,18,bf67de5418153c78,1.004583,19.368542,1,15232,1,1,0,0,1,0,0,0,0,0,0,0,0,1
3677,18,9be16ad48379b4f0,0.755461,20.0,1,14605,1,1,0,0,1,0,0,0,0,0,0,0,0,1
3678,18,8eaf02a518f506e3,2.654856,16.171997,0,14384,2,0,0,0,0,0,0,0,0,0,0,0,0,0
3679,18,8521baea20169992,1.994494,19.107106,1,14283,1,1,0,0,1,0,0,0,0,0,0,0,0,1
3680,18,ac255635452fd266,1.498389,20.0,1,14147,1,1,0,0,1,0,0,0,0,0,0,0,0,1
3681,18,b6bb391ae977fe4a,2.17096,16.027036,0,14529,1,0,0,0,0,0,0,0,0,0,0,0,0,0
3682,18,a07a1342e877d7ba,1.630961,18.998202,1,14565,1,1,0,0,1,0,0,0,0,0,0,0,0,1
3683,18,01655673532a9b8d,1.22528,17.751483,1,14584,1,1,0,0,1,0,0,0,0,0,0,0,0,0
3684,18,4fe7aef236392174,0.921428,20.0,1,14470,1,1,0,0,1,0,0,0,0,0,0,0,0,1
3685,18,cc2252b8ff7451b1,2.779541,18.737268,1,14501,2,0,0,0,0,0,0,0,0,0,0,0,0,1
3686,18,b04c4fe94f1175c7,2.088165,17.555453,1,14426,1,1,0,0,1,0,0,0,0,0,0,0,0,0
3687,18,acf81c7c694f5252,1.568761,20.0,1,13766,1,1,0,0,1,0,0,0,0,0,0,0,0,1
3688,18,304b9ba82c495407,1.17973,20.0,1,13591,1,1,0,0,1,0,0,0,0,0,0,0,0,1
3689,18,d4c9463b18fe6dfd,0.886287,20.0,1,13367,1,1,0,0,1,0,0,0,0,0,0,0,0,0
3690,18,5e70001997d8cb6d,1.709488,18.571955,1,13466,1,0,0,0,0,0,0,0,0,0,0,0,0,1
3691,18,57e4447126217aa0,2.32971,20.0,1,13451,2,1,0,0,1,0,0,0,0,0,0,0,0,1
3692,18,c5760653ee62174e,1.750224,20.0,1,13481,1,1,0,0,1,0,0,0,0,0,0,0,0,1
3693,18,92b88848ef308c51,2.358531,20.0,1,13653,1,0,0,0,0,0,0,0,0,0,0,0,0,1
3694,18,beea929c168a171a,1.771876,18.892661,1,13678,1,1,0,0,1,0,0,0,0,0,0,0,0,0
3695,18,0eb64148783faa5f,1.332476,20.0,1,13738,1,1,0,0,1,0,0,0,0,0,0,0,0,1
3696,18,800f9b58da81d304,3.088346,19.381988,1,13892,2,0,0,0,0,0,0,0,0,0,0,0,0,1
3697,18,ad622a238e6600d3,2.320159,18.039807,1,13911,1,1,0,0,1,0,0,0,0,0,0,0,0,0
3698,18,ca76f6fd0a4074a5,1.744793,20.0,1,13808,1,1,0,0,1,0,0,0,0,0,0,0,0,1
3699,18,e4fa28c3b421f5c4,1.310798,18.900159,1,13781,1,1,0,0,1,0,0,0,0,0,0,0,0,0
3700,18,498023ccaed37b46,0.984753,20.0,1,13842,1,1,0,0,1,0,0,0,0,0,0,0,0,1
3701,18,2e18831798eb72f2,2.827115,19.373061,1,13977,2,0,0,0,0,0,0,0,0,0,0,0,0,1
3702,18,89eca362bce36892,2.126031,18.04932,1,13842,1,1,0,0,1,0,0,0,0,0,0,0,0,0
3703,18,9682da7bf3da96d9,1.597207,20.0,1,14081,1,1,0,0,1,0,0,0,0,0,0,0,0,1
3704,18,354fb149cfdf92e0,2.243576,15.414007,0,13953,1,0,0,0,0,0,0,0,0,0,0,0,0,0
3705,18,07a9871527ded584,1.687201,18.552556,1,13802,1,1,0,0,1,0,0,0,0,0,0,0,0,1
3706,18,e75c776f4b4e19f8,2.311184,20.0,1,13846,2,1,0,0,1,0,0,0,0,0,0,0,0,1
3707,18,1499f4a194d138c3,2.77996,19.176876,1,13711,1,0,0,0,0,0,0,0,0,0,0,0,0,1
3708,18,9bf93fa8d0bdb2cc,2.08848,17.885714,1,13943,1,1,0,0,1,0,0,0,0,0,0,0,0,0
3709,18,fd77e62c97a5faf2,2.614717,16.930814,1,13722,1,0,0,0,0,0,0,0,0,0,0,0,0,1
3710,18,46497f7d2f0652c5,1.964339,16.198332,1,13990,1,1,0,0,1,0,0,0,0,0,0,0,0,0
3711,18,2869fcff984d0d4a,3.563041,15.648046,1,14077,2,0,0,0,0,0,0,0,0,0,0,0,0,1
3712,18,0cb6aef6d2dfbdb4,2.679458,18.728557,1,13966,1,1,0,0,1,0,0,0,0,0,0,0,0,1
3713,18,bea3e6ec20ea281e,2.012977,17.548909,1,14080,1,1,0,0,0,0,0,0,0,0,0,0,0,1
3714,18,3dca5d4bef8255e7,2.555927,16.662684,1,14096,1,0,0,0,1,0,0,0,0,0,0,0,0,0
3715,18,fd6a082643791c36,1.920173,19.475741,1,13886,1,1,0,0,1,0,0,0,0,0,0,0,0,1
3716,18,65cefee8ecd51c71,1.443997,14.646035,0,13866,1,1,0,0,0,0,0,0,0,0,0,0,0,0
3717,18,3738b1017c435d4a,2.128474,17.960707,1,14495,1,0,0,0,1,0,0,0,0,0,0,0,0,1
3718,18,3ad6c83d57d45ff3,1.599043,20.0,1,14327,1,1,0,0,1,0,0,0,0,0,0,0,0,1
3719,18,2ab3f2fb0ab34ce5,1.202503,15.379366,0,14197,1,1,0,0,0,0,0,0,0,0,0,0,0,0
3720,18,1fe5b98e4c2d5e89,1.947049,18.511632,1,14073,1,0,0,0,1,0,0,0,0,0,0,0,0,1
3721,18,9e5cb46ab156130e,1.462745,17.385941,1,14130,1,1,0,0,1,0,0,0,0,0,0,0,0,0
3722,18,c9fd185360ae9778,1.098906,20.0,1,14261,1,1,0,0,1,0,0,0,0,0,0,0,0,1
3723,18,5535d99fc56af2b0,2.914694,18.535148,1,14219,2,0,0,0,0,0,0,0,0,0,0,0,0,1
3724,18,20598094f68840a6,2.189701,20.0,1,14087,1,1,0,0,1,0,0,0,0,0,0,0,0,1
3725,18,701741020018015b,1.64504,19.167051,1,14170,1,1,0,0,1,0,0,0,0,0,0,0,0,0
3726,18,d9da923fb8e424a4,2.281244,17.894397,1,14231,1,0,0,0,0,0,0,0,0,0,0,0,0,1
3727,18,d3915ee9d637f27e,1.713813,20.0,1,14303,1,1,0,0,1,0,0,0,0,0,0,0,0,1
3728,18,321c66e31feacdcb,1.287524,18.805414,1,14422,1,1,0,0,1,0,0,0,0,0,0,0,0,0
3729,18,ac59187201b88ef1,0.967269,17.606649,1,14273,1,1,0,0,0,0,0,0,0,0,0,0,0,1
3730,18,af88f6920009af3f,1.77155,16.720953,1,14364,1,0,0,0,1,0,0,0,0,0,0,0,0,0
3731,18,33bed9c222525c33,2.374553,19.519516,1,14390,2,1,0,0,1,0,0,0,0,0,0,0,0,1
3732,18,333d11e420ca1909,1.783913,20.0,1,14509,1,1,0,0,1,0,0,0,0,0,0,0,0,1
3733,18,eb047712fdcc3d05,1.341528,20.0,1,14397,1,1,0,0,1,0,0,0,0,0,0,0,0,1
3734,18,0e4c1685bffd3c60,1.00784,17.445095,0,14463,1,1,0,0,0,0,0,0,0,0,0,0,0,0
3735,18,5ed96e330ff5e37b,1.800806,20.0,1,14556,1,0,0,0,1,0,0,0,0,0,0,0,0,1
3736,18,cdba1f8e6de8f3f9,2.396531,20.0,1,14335,2,1,0,0,1,0,0,0,0,0,0,0,0,1
3737,18,383027d84219da7f,1.802226,20.0,1,14598,1,1,0,0,1,0,0,0,0,0,0,0,0,0
3738,18,1f192c153e9251f6,1.353945,20.0,1,14226,1,1,0,0,1,0,0,0,0,0,0,0,0,1
3739,18,1414c53cc49ef8d5,2.060821,20.0,1,14323,1,0,0,0,0,0,0,0,0,0,0,0,0,1
3740,18,952f864c7dc38f1d,1.549767,18.536452,1,14391,1,1,0,0,1,0,0,0,0,0,0,0,0,0
3741,18,33c6b12926b1d0fc,1.164282,20.0,1,14474,1,1,0,0,1,0,0,0,0,0,0,0,0,1
3742,18,4b907b7df22d9973,1.918335,19.167787,1,14513,2,1,0,0,0,0,0,0,0,0,0,0,0,1
3743,18,b459f5ea2ef638b2,2.484827,20.0,1,14705,1,0,0,0,1,0,0,0,0,0,0,0,0,1
3744,18,d30eb141441fe5ec,1.868625,20.0,1,14676,1,1,0,0,1,0,0,0,0,0,0,0,0,1
3745,18,a59554ce9fd72d3c,1.403828,20.0,1,14999,1,1,0,0,1,0,0,0,0,0,0,0,0,0
3746,18,921c9bc568e9aff3,1.054644,20.0,1,15059,1,1,0,0,1,0,0,0,0,0,0,0,0,1
3747,18,5f8669e4ca006f10,2.881408,20.0,1,14894,2,0,0,0,0,0,0,0,0,0,0,0,0,1
3748,18,5f26667a7bfc2da8,2.164694,20.0,1,15176,1,1,0,0,1,0,0,0,0,0,0,0,0,1
3749,18,83dde537fc3fbcbf,1.626254,20.0,1,15249,1,1,0,0,1,0,0,0,0,0,0,0,0,1
3750,18,9f54cdbc88f10091,2.265397,17.824775,0,15079,1,0,0,0,0,0,0,0,0,0,0,0,0,0
3751,18,68321c501031aad7,2.747761,20.0,1,15359,2,1,0,0,1,0,0,0,0,0,0,0,0,1
3752,18,4444f3b837b96ed5,2.06429,20.0,1,15143,1,1,0,0,1,0,0,0,0,0,0,0,0,1
3753,18,78222c1543e72b4a,1.550824,20.0,1,15567,1,1,0,0,1,0,0,0,0,0,0,0,0,0
3754,18,8cefc4298d71f0e9,2.210392,18.671255,1,15430,1,0,0,0,0,0,0,0,0,0,0,0,0,1
3755,18,1a9998e5bbc3fdd2,1.660585,17.50586,1,15509,1,1,0,0,1,0,0,0,0,0,0,0,0,0
3756,18,1aa242d1d204c13c,2.291189,16.630343,1,15775,2,1,0,0,0,0,0,0,0,0,0,0,0,1
3757,18,e949c93948b2aa5f,2.764938,19.451444,1,15655,1,0,0,0,1,0,0,0,0,0,0,0,0,1
3758,18,6ca77b6eabae7390,2.079273,20.0,1,15928,1,1,0,0,1,0,0,0,0,0,0,0,0,1
3759,18,d48a137d779f8a0a,2.605733,19.697678,1,16024,2,1,0,0,0,0,0,0,0,0,0,0,0,1
3760,19,1fd48474a6be9a50,3.001243,20.0,1,13920,1,0,0,0,1,0,0,0,0,0,0,0,0,1
3761,19,40ab05863d40ab6a,2.256978,19.841187,1,14226,1,1,0,0,1,0,0,0,0,0,0,0,0,0
3762,19,9fa3e60e300cac94,1.695583,20.0,1,14109,1,1,0,0,1,0,0,0,0,0,0,0,0,1
3763,19,9522afc9eb92ebd2,2.317481,19.904173,1,14103,1,0,0,0,0,0,0,0,0,0,0,0,0,1
3764,19,0fba0eaa5e567fe1,1.741037,18.432106,1,14004,1,1,0,0,1,0,0,0,0,0,0,0,0,0
3765,19,8f9f8c22e25048df,2.353435,20.0,1,13968,2,1,0,0,1,0,0,0,0,0,0,0,0,1
3766,19,025aca0c2fc547cd,2.811701,19.121792,1,13883,1,0,0,0,0,0,0,0,0,0,0,0,0,1
3767,19,ea7305c3d0c4eb0e,2.112326,20.0,1,14107,1,1,0,0,1,0,0,0,0,0,0,0,0,1
3768,19,b3bc2710b036c5b2,1.588499,20.0,1,13810,1,1,0,0,1,0,0,0,0,0,0,0,0,1
3769,19,3c254a4fca255c07,1.19338,20.0,1,14037,1,1,0,0,1,0,0,0,0,0,0,0,0,0
3770,19,7fb0256f65ce4ff6,1.940195,19.071399,1,14044,1,0,0,0,0,0,0,0,0,0,0,0,0,1
3771,19,a69e89495c03d18a,1.457596,17.806474,1,14068,1,1,0,0,1,0,0,0,0,0,0,0,0,0
3772,19,ba87dd4319678e85,1.096133,20.0,1,13897,1,1,0,0,1,0,0,0,0,0,0,0,0,1
3773,19,3e895dd2e76d3ae9,1.867137,15.289491,0,13931,1,0,0,0,0,0,0,0,0,0,0,0,0,0
3774,19,5bfa9aaebee05047,1.40271,18.444112,1,13906,1,1,0,0,1,0,0,0,0,0,0,0,0,1
3775,19,ca3938afd42b6b51,1.054858,20.0,1,14112,1,1,0,0,1,0,0,0,0,0,0,0,0,1
3776,19,3840b1179d01d5ca,1.836129,20.0,1,13996,2,1,0,0,1,0,0,0,0,0,0,0,0,1
3777,19,3ad00a257add4750,2.423068,16.984109,0,13978,1,0,0,0,0,0,0,0,0,0,0,0,0,0
3778,19,715e21df0f1ac6b8,1.820361,19.717215,1,14047,1,1,0,0,1,0,0,0,0,0,0,0,0,1
3779,19,ab882b57d80326bc,1.368937,20.0,1,14001,1,1,0,0,1,0,0,0,0,0,0,0,0,1
3780,19,de121b1615b372cf,1.028431,20.0,1,14064,1,1,0,0,1,0,0,0,0,0,0,0,0,1
3781,19,0469b68beb7ba893,1.816275,17.524457,0,13883,1,0,0,0,0,0,0,0,0,0,0,0,0,0
3782,19,77ed09b9b5fdd2d5,2.410015,20.0,1,13951,2,1,0,0,1,0,0,0,0,0,0,0,0,1
3783,19,f45c2f458d50995d,1.810555,20.0,1,14088,1,1,0,0,1,0,0,0,0,0,0,0,0,1
3784,19,970cba8aa9e83add,2.403855,20.0,1,13920,1,0,0,0,0,0,0,0,0,0,0,0,0,1
3785,19,8c235a0ae63b488b,1.805927,20.0,1,13903,1,1,0,0,1,0,0,0,0,0,0,0,0,1
3786,19,2bce3cabc81dd490,2.402233,20.0,1,14084,2,1,0,0,1,0,0,0,0,0,0,0,0,1
3787,19,308bd744ed8c33ff,1.804708,20.0,1,13929,1,1,0,0,1,0,0,0,0,0,0,0,0,0
3788,19,51952867e827cf95,2.399463,19.374582,1,14013,1,0,0,0,0,0,0,0,0,0,0,0,0,1
3789,19,443f5748c5da71ed,1.80443,18.050463,1,13957,1,1,0,0,1,0,0,0,0,0,0,0,0,0
3790,19,30f0b4f090c40f84,2.399254,20.0,1,13871,2,1,0,0,1,0,0,0,0,0,0,0,0,1
3791,19,1d09943f7d6afd36,2.846124,18.893497,1,14063,1,0,0,0,0,0,0,0,0,0,0,0,0,1
3792,19,38015449e0d5de60,2.138186,20.0,1,13949,1,1,0,0,1,0,0,0,0,0,0,0,0,1
3793,19,0aa8eb1fa4174cec,1.607946,20.0,1,13772,1,1,0,0,1,0,0,0,0,0,0,0,0,1
3794,19,c2ce5426e8cb1884,2.251643,20.0,1,13800,2,1,0,0,1,0,0,0,0,0,0,0,0,1
3795,19,c9dc82573c2df3cf,1.691576,20.0,1,13847,1,1,0,0,1,0,0,0,0,0,0,0,0,0
3796,19,bbcfcbe99e6bbf4c,2.316239,19.733132,1,13575,1,0,0,0,0,0,0,0,0,0,0,0,0,1
3797,19,64006fe84f928857,1.740104,20.0,1,13666,1,1,0,0,1,0,0,0,0,0,0,0,0,1
3798,19,c9bd102f551668a0,1.307275,19.843188,1,13808,1,1,0,0,1,0,0,0,0,0,0,0,0,0
3799,19,89bcfc46545eb1fe,2.02576,18.38629,1,13856,2,1,0,0,0,0,0,0,0,0,0,0,0,1
3800,19,b6826c3626ab11c0,2.567551,20.0,1,13915,1,0,0,0,1,0,0,0,0,0,0,0,0,1
3801,19,875cb912c92fde5c,1.928905,19.095908,1,13902,1,1,0,0,1,0,0,0,0,0,0,0,0,0
3802,19,a550f74ee3fbf7db,2.492768,17.824886,1,13819,1,0,0,0,0,0,0,0,0,0,0,0,0,1
3803,19,8074ccb92386ffb3,1.874597,16.88507,1,13784,1,1,0,0,1,0,0,0,0,0,0,0,0,0
3804,19,018889d97ed20bd4,2.451968,16.163967,1,13794,1,0,0,0,0,0,0,0,0,0,0,0,0,1
3805,19,7c8ee0c0273a6f37,1.842072,19.101073,1,13614,1,1,0,0,1,0,0,0,0,0,0,0,0,1
3806,19,a2461c73f96c3fb8,1.38388,17.828767,1,13565,1,1,0,0,1,0,0,0,0,0,0,0,0,0
3807,19,49e9f70fe4d0cee0,1.040697,16.887988,1,13736,1,1,0,0,0,0,0,0,0,0,0,0,0,1
3808,19,1e382182a1979b62,1.82549,16.166159,1,13822,1,0,0,0,1,0,0,0,0,0,0,0,0,0
3809,19,f1875dddd24a01a6,1.371423,19.10272,1,13885,1,1,0,0,1,0,0,0,0,0,0,0,0,1
3810,19,e3d87f480299c471,2.07548,14.365518,0,13729,1,0,0,0,0,0,0,0,0,0,0,0,0,0
3811,19,b1e92a86797c6860,1.55923,17.749965,1,13768,1,1,0,0,1,0,0,0,0,0,0,0,0,1
3812,19,ea077ab52e860221,1.171392,20.0,1,13786,1,1,0,0,1,0,0,0,0,0,0,0,0,1
3813,19,e149c612cd4208a5,0.880023,18.723897,1,13948,1,1,0,0,1,0,0,0,0,0,0,0,0,0
3814,19,6ed0c4a07e63e1a1,1.70594,17.561139,1,13707,1,0,0,0,0,0,0,0,0,0,0,0,0,1
3815,19,1356e7dd4525054b,1.281609,16.671872,1,13793,1,1,0,0,1,0,0,0,0,0,0,0,0,0
3816,19,be3020cd317ef712,0.962825,19.482643,1,13959,1,1,0,0,1,0,0,0,0,0,0,0,0,1
3817,19,525883dcfa853102,1.768209,14.651225,0,13871,1,0,0,0,0,0,0,0,0,0,0,0,0,0
3818,19,95cc87440b0105d9,1.328389,17.964607,1,13984,1,1,0,0,1,0,0,0,0,0,0,0,0,1
3819,19,25bfd20738a4a016,2.041622,20.0,1,13802,2,1,0,0,1,0,0,0,0,0,0,0,0,1
3820,19,a6cf667e3dbfac80,1.533795,18.84504,1,13924,1,1,0,0,1,0,0,0,0,0,0,0,0,0
3821,19,c929c6d91d2e8127,1.153435,20.0,1,13900,1,1,0,0,1,0,0,0,0,0,0,0,0,1
3822,19,9867532399361408,1.910186,19.355084,1,14104,1,0,0,0,0,0,0,0,0,0,0,0,0,1
3823,19,225cc3b5ba587ba9,1.435052,20.0,1,14012,1,1,0,0,1,0,0,0,0,0,0,0,0,1
3824,19,a683c9983dfed13b,2.12333,20.0,1,14084,2,1,0,0,1,0,0,0,0,0,0,0,0,1
3825,19,8d9b71bb72f4406f,1.595178,20.0,1,14006,1,1,0,0,1,0,0,0,0,0,0,0,0,0
3826,19,ac9a68909547035a,1.198398,20.0,1,14126,1,1,0,0,1,0,0,0,0,0,0,0,0,1
3827,19,0be32d6a5e03d2a4,0.900311,20.0,1,14025,1,1,0,0,1,0,0,0,0,0,0,0,0,0
3828,19,7c4c25f3a9e9e25a,1.721198,18.878659,1,13943,1,0,0,0,0,0,0,0,0,0,0,0,0,1
3829,19,7bcdc850dd06b5b4,1.293071,20.0,1,13757,1,1,0,0,1,0,0,0,0,0,0,0,0,1
3830,19,8bcaa73c4863e620,0.971436,19.360927,1,13574,1,1,0,0,1,0,0,0,0,0,0,0,0,0
3831,19,854c8af35ff468e8,1.774684,20.0,1,13553,2,1,0,0,1,0,0,0,0,0,0,0,0,1
3832,19,ccdc9b2357048c54,2.376907,19.646539,1,13441,1,0,0,0,0,0,0,0,0,0,0,0,0,1
3833,19,4a845126eebf9367,1.785682,18.238555,1,13523,1,1,0,0,1,0,0,0,0,0,0,0,0,0
3834,19,95769102f30e7718,1.341516,20.0,1,13339,1,1,0,0,1,0,0,0,0,0,0,0,0,1
3835,19,ddd242edd95daf05,1.008839,19.016841,1,13515,1,1,0,0,1,0,0,0,0,0,0,0,0,0
3836,19,4e3a66086b013232,1.801556,17.765486,1,13629,1,0,0,0,0,0,0,0,0,0,0,0,0,1
3837,19,5bd4082f05473405,1.353442,16.82539,1,13707,1,1,0,0,1,0,0,0,0,0,0,0,0,0
3838,19,bb1118387e5acd8c,1.017808,19.613936,1,13620,1,1,0,0,1,0,0,0,0,0,0,0,0,1
3839,19,d86d87bdd8bbb3f9,1.808294,20.0,1,13895,2,1,0,0,1,0,0,0,0,0,0,0,0,1
3840,19,d157af6115943b69,1.358504,20.0,1,14037,1,1,0,0,1,0,0,0,0,0,0,0,0,1
3841,19,a845ef9445885260,1.020593,20.0,1,14003,1,1,0,0,1,0,0,0,0,0,0,0,0,1
3842,19,840c7a3e90d51962,1.811651,18.370294,0,13938,1,0,0,0,0,0,0,0,0,0,0,0,0,0
3843,19,f12d2e20472dc4d1,1.361026,20.0,1,14191,1,1,0,0,1,0,0,0,0,0,0,0,0,1
3844,19,e2bc66001fdcd91c,1.022488,20.0,1,14428,1,1,0,0,1,0,0,0,0,0,0,0,0,1
3845,19,d8ff42f65a4504e1,1.813076,16.960067,0,15054,1,0,0,0,0,0,0,0,0,0,0,0,0,0
3846,19,02dfb24fef8ff3b2,2.405749,20.0,1,15061,2,1,0,0,1,0,0,0,0,0,0,0,0,2
3847,19,7f2b616c06261948,1.80735,20.0,1,16278,1,1,0,0,1,0,0,0,0,0,0,0,0,0
3848,19,8f793373c9685963,2.401448,19.173928,1,16388,1,0,0,0,0,0,0,0,0,0,0,0,0,1
3849,19,08da257a83eeb454,2.850073,20.0,1,15937,2,1,0,0,1,0,0,0,0,0,0,0,0,1
3850,19,a639c3c6a63f7fcc,2.141154,20.0,1,15990,1,1,0,0,1,0,0,0,0,0,0,0,0,1
3851,19,d9e25813f48fec33,3.695875,20.0,1,15807,2,0,0,0,0,0,0,0,0,0,0,0,0,1
3852,19,9015cc0a32717932,2.779351,19.101877,1,15846,1,1,0,0,1,0,0,0,0,0,0,0,0,0
3853,19,c4cd7f89c4c77892,2.088022,20.0,1,16511,1,1,0,0,1,0,0,0,0,0,0,0,0,1
3854,19,9de9db690e04dc7e,1.568653,20.0,1,16429,1,1,0,0,1,0,0,0,0,0,0,0,0,1
3855,19,8cbf0d972271d707,3.265777,20.0,1,16283,2,0,0,0,0,0,0,0,0,0,0,0,0,1
3856,19,aa084e76eb1ec727,2.455911,20.0,1,16052,1,1,0,0,1,0,0,0,0,0,0,0,0,1
3857,19,20d53f683e5923df,1.845034,20.0,1,15971,1,1,0,0,1,0,0,0,0,0,0,0,0,0
3858,19,664a282da5d02405,2.429759,18.820551,1,15986,2,1,0,0,0,0,0,0,0,0,0,0,0,1
3859,19,ac4d32b2f60eba89,2.871364,20.0,1,14069,1,0,0,0,1,0,0,0,0,0,0,0,0,1
3860,19,c25194900e321227,2.157148,20.0,1,13553,1,1,0,0,1,0,0,0,0,0,0,0,0,1
3861,19,80123b140c61e541,1.620585,20.0,1,13391,1,1,0,0,1,0,0,0,0,0,0,0,0,0
3862,19,4bcc8c03cfa66425,2.261138,18.971929,1,13483,1,0,0,0,0,0,0,0,0,0,0,0,0,1
3863,19,67092c594570d6c3,1.700408,17.747662,1,13671,1,1,0,0,1,0,0,0,0,0,0,0,0,0
3864,19,2e745b600a804de3,1.277453,20.0,1,13699,1,1,0,0,1,0,0,0,0,0,0,0,0,1
3865,19,59629e1a52c1173a,2.003356,18.722597,1,13722,1,0,0,0,0,0,0,0,0,0,0,0,0,1
3866,19,31f0b0e2dda7694d,2.550703,17.560162,1,13583,2,1,0,0,1,0,0,0,0,0,0,0,0,0
3867,19,0ccdfdc5174f2e6b,1.916248,20.0,1,13696,1,1,0,0,1,0,0,0,0,0,0,0,0,1
3868,19,71e535bf734d1f9b,2.483259,15.137928,0,13602,1,0,0,0,0,0,0,0,0,0,0,0,0,0
3869,19,c87487c22ad3245f,0.821926,14.851404,1,13702,0,1,0,0,1,0,0,0,0,0,0,0,0,0
3870,19,a0df8717d79dfeca,1.662251,18.129471,1,13642,2,1,0,0,1,0,0,0,0,0,0,0,0,1
3871,19,16897aa8b16c2225,1.248787,20.0,1,13518,1,1,0,0,1,0,0,0,0,0,0,0,0,1
3872,19,3598548755ed4241,1.98182,15.459244,0,13639,1,0,0,0,0,0,0,0,0,0,0,0,0,0
3873,19,3ce0f1987e90febd,1.490357,18.586575,1,13653,1,1,0,0,1,0,0,0,0,0,0,0,0,1
3874,19,174b1ba446d11fcf,1.119649,20.0,1,13617,1,1,0,0,1,0,0,0,0,0,0,0,0,1
3875,19,4214208bd4921e8f,1.884804,19.196076,1,13542,1,0,0,0,0,0,0,0,0,0,0,0,0,1
3876,19,be32a196991e6bcb,2.459636,20.0,1,13661,2,1,0,0,1,0,0,0,0,0,0,0,0,1
3877,19,d92cff3db3567d7e,1.849682,20.0,1,13647,1,1,0,0,1,0,0,0,0,0,0,0,0,1
3878,19,a13b48c123d78a09,1.389597,17.307816,0,13575,1,1,0,0,0,0,0,0,0,0,0,0,0,0
3879,19,156dbd46a943f40a,2.087605,19.960404,1,13758,1,0,0,0,1,0,0,0,0,0,0,0,0,1
3880,19,8e83cdec121c2be9,1.569909,18.49101,1,13437,1,1,0,0,1,0,0,0,0,0,0,0,0,0
3881,19,c883e13bb863d839,2.223067,20.0,1,13839,2,1,0,0,1,0,0,0,0,0,0,0,0,1
3882,19,7d82dd11924d2e62,2.713761,19.14214,1,13487,1,0,0,0,0,0,0,0,0,0,0,0,0,1
3883,19,c2de4a14bf57e874,2.038747,17.859618,1,13700,1,1,0,0,1,0,0,0,0,0,0,0,0,0
3884,19,890df85f500ad2ca,1.533167,20.0,1,13590,1,1,0,0,1,0,0,0,0,0,0,0,0,1
3885,19,78d82f4b1445a7af,1.151811,18.79836,1,13586,1,1,0,0,1,0,0,0,0,0,0,0,0,0
3886,19,af6769ce55582a4b,1.908966,17.601349,1,13559,1,0,0,0,0,0,0,0,0,0,0,0,0,1
3887,19,7ad52bb44ccca57d,1.43557,20.0,1,13536,1,1,0,0,1,0,0,0,0,0,0,0,0,1
3888,19,e133e683b3a3bf75,1.07849,15.173603,0,13560,1,1,0,0,0,0,0,0,0,0,0,0,0,0
3889,19,454709357d9aedba,2.897536,18.35705,1,13653,2,0,0,0,1,0,0,0,0,0,0,0,0,1
3890,19,6eb92eeb8ab9d487,1.133157,17.26981,1,13561,0,1,0,0,0,0,0,0,0,0,0,0,0,1
3891,19,4145fdc9cb93cc08,1.896301,16.467645,1,13448,1,0,0,0,1,0,0,0,0,0,0,0,0,0
3892,19,b1059cbdfdb77194,1.42462,19.329215,1,13588,1,1,0,0,1,0,0,0,0,0,0,0,0,1
3893,19,de96d9cc38067468,2.113917,20.0,1,13628,2,1,0,0,1,0,0,0,0,0,0,0,0,1
3894,19,c45256968617ab3e,2.633846,16.152519,0,13259,1,0,0,0,0,0,0,0,0,0,0,0,0,0
3895,19,b87817cd6f02f773,1.97871,19.092472,1,13678,1,1,0,0,1,0,0,0,0,0,0,0,0,1
3896,19,ee21f17229356cae,2.530184,14.343461,0,13453,1,0,0,0,0,0,0,0,0,0,0,0,0,0
3897,19,c64f059a9f303588,1.900833,17.733395,1,13550,1,1,0,0,1,0,0,0,0,0,0,0,0,1
3898,19,b5904d82bb17141d,1.429453,20.0,1,13606,1,1,0,0,1,0,0,0,0,0,0,0,0,1
3899,19,572f5fb11a337661,1.073895,18.727048,1,13660,1,1,0,0,1,0,0,0,0,0,0,0,0,0
3900,19,1b7828c24210f758,1.85043,17.547776,1,13686,1,0,0,0,0,0,0,0,0,0,0,0,0,1
3901,19,be3e749f6014944c,1.39155,16.676679,1,13554,1,1,0,0,1,0,0,0,0,0,0,0,0,0
3902,19,869ce0f3af8978b0,1.04542,19.486255,1,13718,1,1,0,0,1,0,0,0,0,0,0,0,0,1
3903,19,2dc09930b27ff16e,1.829038,14.639295,0,13780,1,0,0,0,0,0,0,0,0,0,0,0,0,0
3904,19,36e33018d39a8051,2.417741,17.955644,1,13758,2,1,0,0,1,0,0,0,0,0,0,0,0,1
3905,19,acb09c488922d336,0.774025,16.983402,1,13720,0,1,0,0,1,0,0,0,0,0,0,0,0,0
3906,19,d54fb8def02908b5,2.668803,16.237839,1,13903,2,0,0,0,0,0,0,0,0,0,0,0,0,1
3907,19,e6d3d3ae8a1fe0f6,2.004972,19.156571,1,13875,1,1,0,0,1,0,0,0,0,0,0,0,0,1
3908,19,72083b0248a41659,1.507767,20.0,1,13925,1,1,0,0,1,0,0,0,0,0,0,0,0,1
3909,19,51bd2902bb7f9e06,2.176383,16.052242,0,14103,1,0,0,0,0,0,0,0,0,0,0,0,0,0
3910,19,46e75e26a6a10c3a,1.635035,19.017138,1,13832,1,1,0,0,1,0,0,0,0,0,0,0,0,1
3911,19,96f296e60b38588b,1.228341,17.765709,1,14090,1,1,0,0,1,0,0,0,0,0,0,0,0,0
3912,19,3f147ed0c60e8fd4,0.92373,20.0,1,14044,1,1,0,0,1,0,0,0,0,0,0,0,0,1
3913,19,ca02d5efd9a8629d,1.737617,20.0,1,14124,2,1,0,0,1,0,0,0,0,0,0,0,0,1
3914,19,8861b897acf90580,2.34906,20.0,1,14203,1,0,0,0,0,0,0,0,0,0,0,0,0,1
3915,19,59d92f3656dce0ac,1.766527,18.652402,1,14012,1,1,0,0,1,0,0,0,0,0,0,0,0,0
3916,19,fbb3f8b5de87a3da,1.327125,20.0,1,14304,1,1,0,0,1,0,0,0,0,0,0,0,0,1
3917,19,0e4907377e07db9e,2.040673,15.754384,0,14482,1,0,0,0,0,0,0,0,0,0,0,0,0,0
3918,19,5f5e749d3b2c3370,1.533081,18.793369,1,14256,1,1,0,0,1,0,0,0,0,0,0,0,0,1
3919,19,db5bb81ea985fb78,1.152899,17.613383,1,14434,1,1,0,0,1,0,0,0,0,0,0,0,0,0
3920,19,4550937b7340214d,0.86613,16.711121,1,14346,1,1,0,0,0,0,0,0,0,0,0,0,0,1
3921,19,61e27ccd7e68f2c3,2.737998,19.512129,1,14538,2,0,0,0,1,0,0,0,0,0,0,0,0,1
3922,19,86f76ae0bc27159c,2.059013,18.153901,1,14468,1,1,0,0,1,0,0,0,0,0,0,0,0,0
3923,19,d0c5721d9bdf4340,1.54686,20.0,1,14480,1,1,0,0,1,0,0,0,0,0,0,0,0,1
3924,19,277cfd13128aefcd,1.162098,20.0,1,14552,1,1,0,0,1,0,0,0,0,0,0,0,0,1
3925,19,255dd1efda437f53,1.916694,16.851362,0,14588,1,0,0,0,0,0,0,0,0,0,0,0,0,0
3926,19,ec386017f0341806,1.441381,19.633468,1,14578,1,1,0,0,1,0,0,0,0,0,0,0,0,1
3927,19,474a81085f70e1a0,1.082856,18.228735,1,14711,1,1,0,0,1,0,0,0,0,0,0,0,0,0
3928,19,de5313258ef02f88,1.857162,20.0,1,14729,2,1,0,0,1,0,0,0,0,0,0,0,0,1
3929,19,c63ab3a3abdca0f2,2.440763,19.011293,1,14407,1,0,0,0,0,0,0,0,0,0,0,0,0,1
3930,19,1f5c4c702c24d344,1.833654,20.0,1,14512,1,1,0,0,1,0,0,0,0,0,0,0,0,1
3931,19,b55ebbf1375c1430,1.377556,19.435785,1,14443,1,1,0,0,0,0,0,0,0,0,0,0,0,1
3932,19,7e124636fc4e88b8,3.122213,20.0,1,14248,2,0,0,0,1,0,0,0,0,0,0,0,0,1
3933,19,f73d1d5f3106bb9d,2.347949,19.693228,1,14402,1,1,0,0,1,0,0,0,0,0,0,0,0,0
3934,19,e5ba36a1a988dbb5,2.807579,18.27363,1,14412,1,0,0,0,0,0,0,0,0,0,0,0,0,1
3935,19,d4c4c067f2125264,2.109229,20.0,1,14681,1,1,0,0,1,0,0,0,0,0,0,0,0,1
3936,19,b9f93df10b402b99,2.630321,15.556155,0,14617,1,0,0,0,0,0,0,0,0,0,0,0,0,0
3937,19,08c284872d373b00,1.976062,18.644447,1,14827,1,1,0,0,1,0,0,0,0,0,0,0,0,1
3938,19,673dae826b713c77,2.528195,20.0,1,14796,2,1,0,0,1,0,0,0,0,0,0,0,0,1
3939,19,ed44bcaf8c6e183e,2.942992,15.749894,0,15029,1,0,0,0,0,0,0,0,0,0,0,0,0,0
3940,19,ee0720ed1372f605,2.213172,18.805148,1,14927,1,1,0,0,1,0,0,0,0,0,0,0,0,1
3941,19,50f34592703d18be,1.662673,20.0,1,14633,1,1,0,0,1,0,0,0,0,0,0,0,0,1
3942,19,bfecb4d7c1353840,2.292758,15.840593,0,14682,1,0,0,0,0,0,0,0,0,0,0,0,0,0
3943,19,ae6157874d995eb8,1.724186,18.873355,1,14807,1,1,0,0,1,0,0,0,0,0,0,0,0,1
3944,19,1cda1a60fae83159,1.295317,17.657691,1,14474,1,1,0,0,1,0,0,0,0,0,0,0,0,0
3945,19,640f0210486826c5,2.016776,20.0,1,14256,2,1,0,0,1,0,0,0,0,0,0,0,0,1
3946,19,946753e8528a4742,1.515129,18.671818,1,14229,1,1,0,0,0,0,0,0,0,0,0,0,0,1
3947,19,7ea724ac4fa5a36d,2.183549,20.0,1,14344,1,0,0,0,1,0,0,0,0,0,0,0,0,1
3948,19,c22e79716a5ac234,1.640419,19.25722,1,14562,1,1,0,0,1,0,0,0,0,0,0,0,0,0
3949,19,72539429e36f2989,1.232385,20.0,1,14349,1,1,0,0,1,0,0,0,0,0,0,0,0,1
3950,19,7c071c46d6f80d33,0.926771,19.592346,1,14164,1,1,0,0,1,0,0,0,0,0,0,0,0,0
3951,19,5ea4b6ff0ef92622,0.696249,20.0,1,14144,1,1,0,0,1,0,0,0,0,0,0,0,0,1
3952,19,0f14aaaacb415560,0.523066,16.284884,0,13783,1,1,0,0,0,0,0,0,0,0,0,0,0,0
3953,19,5c0cae862e7a23cc,1.436613,19.191914,1,13953,1,0,0,0,1,0,0,0,0,0,0,0,0,1
3954,19,75b219acc20a8629,1.080353,17.913094,1,13772,1,1,0,0,1,0,0,0,0,0,0,0,0,0
3955,19,7bf135a4b29f0f03,0.811629,20.0,1,13842,1,1,0,0,1,0,0,0,0,0,0,0,0,1
3956,19,0b131bd9c897623b,0.609747,18.815966,1,13791,1,1,0,0,1,0,0,0,0,0,0,0,0,0
3957,19,bace3560a0fe8d52,0.458538,20.0,1,14045,1,1,0,0,1,0,0,0,0,0,0,0,0,1
3958,19,1e4af2d0083db375,1.388136,19.338658,1,14045,1,0,0,0,0,0,0,0,0,0,0,0,0,1
3959,19,8387acb2fc19b0d9,2.086508,20.0,1,13807,2,1,0,0,1,0,0,0,0,0,0,0,0,1
3960,19,d35b405b8bbecb06,1.567515,19.620548,1,13777,1,1,0,0,1,0,0,0,0,0,0,0,0,0
3961,19,3af1f6851f3045b2,1.178794,20.0,1,13777,1,1,0,0,1,0,0,0,0,0,0,0,0,1
3962,19,e704528479ce959e,0.885584,19.793215,1,13646,1,1,0,0,1,0,0,0,0,0,0,0,0,0
3963,19,3d2d7993b6a01d57,0.665306,18.348747,1,13646,1,1,0,0,0,0,0,0,0,0,0,0,0,1
3964,19,06ab485861cbaa82,1.54447,20.0,1,13429,1,0,0,0,1,0,0,0,0,0,0,0,0,1
3965,19,bdf48a634373fe59,1.160303,19.074698,1,13890,1,1,0,0,1,0,0,0,0,0,0,0,0,0
3966,19,3cf83dc48d6ca973,0.871692,20.0,1,13691,1,1,0,0,1,0,0,0,0,0,0,0,0,1
3967,20,1fd48474a6be9a50,0.65487,19.47157,1,13937,1,1,0,0,1,0,0,0,0,0,0,0,0,0
3968,20,40ab05863d40ab6a,1.536622,18.1234,1,14198,1,0,0,0,0,0,0,0,0,0,0,0,0,1
3969,20,9fa3e60e300cac94,2.19806,20.0,1,14175,2,1,0,0,1,0,0,0,0,0,0,0,0,1
3970,20,9522afc9eb92ebd2,0.607667,15.455817,0,14138,0,1,0,0,0,0,0,0,0,0,0,0,0,0
3971,20,0fba0eaa5e567fe1,1.501125,15.103497,1,13970,1,0,0,0,1,0,0,0,0,0,0,0,0,0
3972,20,8f9f8c22e25048df,1.127739,18.304382,1,13890,1,1,0,0,1,0,0,0,0,0,0,0,0,1
3973,20,025aca0c2fc547cd,0.847228,13.751398,0,14060,1,1,0,0,0,0,0,0,0,0,0,0,0,0
3974,20,ea7305c3d0c4eb0e,1.680144,17.2886,1,13935,1,0,0,0,1,0,0,0,0,0,0,0,0,1
3975,20,b3bc2710b036c5b2,1.263492,16.481775,1,13944,1,1,0,0,1,0,0,0,0,0,0,0,0,0
3976,20,3c254a4fca255c07,0.949215,19.339831,1,13887,1,1,0,0,1,0,0,0,0,0,0,0,0,1
3977,20,7fb0256f65ce4ff6,2.800416,18.008136,1,14188,2,0,0,0,0,0,0,0,0,0,0,0,0,1
3978,20,a69e89495c03d18a,2.105953,20.0,1,13939,1,1,0,0,1,0,0,0,0,0,0,0,0,1
3979,20,ba87dd4319678e85,1.582124,18.882266,1,13971,1,1,0,0,1,0,0,0,0,0,0,0,0,0
3980,20,3e895dd2e76d3ae9,2.232244,17.664385,1,13998,1,0,0,0,0,0,0,0,0,0,0,0,0,1
3981,20,5bfa9aaebee05047,1.677001,16.749437,1,13928,1,1,0,0,1,0,0,0,0,0,0,0,0,0
3982,20,ca3938afd42b6b51,1.261129,19.556819,1,14053,1,1,0,0,1,0,0,0,0,0,0,0,0,1
3983,20,3840b1179d01d5ca,1.991092,18.171151,1,13881,2,1,0,0,0,0,0,0,0,0,0,0,0,1
3984,20,3ad00a257add4750,2.539487,20.0,1,14063,1,0,0,0,1,0,0,0,0,0,0,0,0,1
3985,20,715e21df0f1ac6b8,1.90973,20.0,1,13960,1,1,0,0,1,0,0,0,0,0,0,0,0,1
3986,20,ab882b57d80326bc,1.434709,20.0,1,14080,1,1,0,0,1,0,0,0,0,0,0,0,0,0
3987,20,de121b1615b372cf,2.121496,18.768277,1,14064,1,0,0,0,0,0,0,0,0,0,0,0,0,1
3988,20,58b8431551715724,1.593801,20.0,1,13896,1,1,0,0,1,0,0,0,0,0,0,0,0,1
3989,20,23e17bd6c1c20f85,1.198561,19.316113,1,13909,1,1,0,0,1,0,0,0,0,0,0,0,0,0
3990,20,c8292701595322e6,1.944087,17.990318,1,14084,2,1,0,0,0,0,0,0,0,0,0,0,0,1
3991,20,10c80b0b9d50bf2d,2.504174,20.0,1,14015,1,0,0,0,1,0,0,0,0,0,0,0,0,1
3992,20,f6d7570dbe7171fa,1.883174,20.0,1,13839,1,1,0,0,1,0,0,0,0,0,0,0,0,1
3993,20,50afc0b225fbdddd,1.414758,20.0,1,14045,1,1,0,0,1,0,0,0,0,0,0,0,0,0
3994,20,26bf505ffeb94bbf,2.106508,20.0,1,14117,2,1,0,0,1,0,0,0,0,0,0,0,0,1
3995,20,e40473ff344e55ae,2.626194,20.0,1,13960,1,0,0,0,0,0,0,0,0,0,0,0,0,1
3996,20,90ecaf7479b68915,1.974936,20.0,1,14001,1,1,0,0,1,0,0,0,0,0,0,0,0,1
3997,20,90f3fabff4cf81db,2.527349,16.6129,0,13822,1,0,0,0,0,0,0,0,0,0,0,0,0,0
3998,20,856e34ca1b879edb,1.898703,19.43834,1,14018,1,1,0,0,1,0,0,0,0,0,0,0,0,1
3999,20,0b681578e0b3316e,1.427851,18.09841,1,13773,1,1,0,0,0,0,0,0,0,0,0,0,0,1
4000,20,f010d85dc887294f,2.116345,17.075504,1,13964,1,0,0,0,1,0,0,0,0,0,0,0,0,0
4001,20,64c1c78f7859fdad,2.633584,19.785877,1,13924,2,1,0,0,1,0,0,0,0,0,0,0,0,1
4002,20,c16d3e1a1b7346bd,1.978513,20.0,1,13930,1,1,0,0,1,0,0,0,0,0,0,0,0,1
4003,20,65f500e78f5a12d1,1.48787,20.0,1,13977,1,1,0,0,1,0,0,0,0,0,0,0,0,1
4004,20,811240a78b55f242,2.161435,20.0,1,13897,1,0,0,0,0,0,0,0,0,0,0,0,0,1
4005,20,32b4bea4d7d6baaf,1.623805,19.28315,1,13953,1,1,0,0,1,0,0,0,0,0,0,0,0,0
4006,20,84817e19b30071d4,2.265275,17.981705,1,13999,1,0,0,0,0,0,0,0,0,0,0,0,0,1
4007,20,ffff0e217c7ba340,2.74547,20.0,1,13884,2,1,0,0,1,0,0,0,0,0,0,0,0,1
4008,20,e77698fe30e0fd3f,3.106222,18.85469,1,13818,1,0,0,0,0,0,0,0,0,0,0,0,0,1
4009,20,483bce6195dc1714,2.333589,17.643668,1,14157,1,1,0,0,1,0,0,0,0,0,0,0,0,0
4010,20,6f3b69ddd5319319,1.754892,16.748792,1,13798,1,1,0,0,0,0,0,0,0,0,0,0,0,1
4011,20,0d6c5b42aec46e2c,2.362038,16.061586,1,13983,1,0,0,0,1,0,0,0,0,0,0,0,0,0
4012,20,02d4b83032120bb5,1.774511,19.024158,1,13695,1,1,0,0,1,0,0,0,0,0,0,0,0,1
4013,20,9dc3ce7482887633,2.378608,17.78694,1,13576,1,0,0,0,0,0,0,0,0,0,0,0,0,1
4014,20,4e10b4a0485f11b4,1.786959,16.841507,1,13774,1,1,0,0,1,0,0,0,0,0,0,0,0,0
4015,20,c033fd1015dccd90,1.342476,19.610084,1,13881,1,1,0,0,1,0,0,0,0,0,0,0,0,1
4016,20,8fe8537645ef107b,2.052205,14.732323,0,13895,1,0,0,0,0,0,0,0,0,0,0,0,0,0
4017,20,66d8090f329f9d7b,1.543288,18.03992,1,13774,1,1,0,0,1,0,0,0,0,0,0,0,0,1
4018,20,ccd668b915866e24,1.159414,17.031562,1,13761,1,1,0,0,1,0,0,0,0,0,0,0,0,0
4019,20,ecd374312e2f6a72,1.914678,16.274021,1,13727,1,0,0,0,0,0,0,0,0,0,0,0,0,1
4020,20,b8618cc3fe3250e1,1.439865,15.718797,1,13807,1,1,0,0,1,0,0,0,0,0,0,0,0,0
4021,20,890b28456faa84ec,1.081717,18.766634,1,13821,1,1,0,0,1,0,0,0,0,0,0,0,0,1
4022,20,dd3eb8b1b971766b,0.812653,17.577515,1,13866,1,1,0,0,0,0,0,0,0,0,0,0,0,1
4023,20,6abe1abfafa761f2,1.654169,16.684174,1,13825,1,0,0,0,1,0,0,0,0,0,0,0,0,0
4024,20,9ef00307ff62c37f,1.243959,19.50774,1,13885,1,1,0,0,1,0,0,0,0,0,0,0,0,1
4025,20,47bfae3986bb929c,0.93454,18.134281,1,13791,1,1,0,0,1,0,0,0,0,0,0,0,0,0
4026,20,b3bb2135a5d7ffc4,0.702085,17.102452,1,13892,1,1,0,0,0,0,0,0,0,0,0,0,0,1
4027,20,207ebbd3de2799c3,1.572128,16.341789,1,13770,1,0,0,0,1,0,0,0,0,0,0,0,0,0
4028,20,5d922b9eeb3cffba,1.181081,19.234664,1,13972,1,1,0,0,1,0,0,0,0,0,0,0,0,1
4029,20,d239da90fbfc8ce0,1.930956,20.0,1,14010,2,1,0,0,1,0,0,0,0,0,0,0,0,1
4030,20,f7517e48ee97ae72,2.494308,19.561855,1,13796,1,0,0,0,0,0,0,0,0,0,0,0,0,1
4031,20,18326e5d764fe154,1.875755,18.191295,1,13694,1,1,0,0,1,0,0,0,0,0,0,0,0,0
4032,20,874256a1c864cb0f,1.409185,20.0,1,13363,1,1,0,0,1,0,0,0,0,0,0,0,0,1
4033,20,1947d60825c78d76,1.058668,18.972982,1,13264,1,1,0,0,1,0,0,0,0,0,0,0,0,0
4034,20,98ecf49507910d30,1.840284,17.748454,1,13281,1,0,0,0,0,0,0,0,0,0,0,0,0,1
4035,20,4d2defb4214b8212,1.382536,20.0,1,13214,1,1,0,0,1,0,0,0,0,0,0,0,0,1
4036,20,beb1df623fe41b7f,1.038648,18.723044,1,13242,1,1,0,0,1,0,0,0,0,0,0,0,0,0
4037,20,fdacc20f6d820e1e,0.780297,20.0,1,13154,1,1,0,0,1,0,0,0,0,0,0,0,0,1
4038,20,97134b8de2500cf9,1.630945,15.810056,0,13136,1,0,0,0,0,0,0,0,0,0,0,0,0,0
4039,20,4c139fcfa138794b,2.268922,18.835193,1,13158,2,1,0,0,1,0,0,0,0,0,0,0,0,1
4040,20,881ed49173f73806,1.704556,20.0,1,13175,1,1,0,0,1,0,0,0,0,0,0,0,0,1
4041,20,2ea2d2d2ad8fe259,1.28185,19.353917,1,13307,1,1,0,0,1,0,0,0,0,0,0,0,0,0
4042,20,6364948125c79ff5,2.00666,18.018719,1,13706,1,0,0,0,0,0,0,0,0,0,0,0,0,1
4043,20,4bac1c068695a732,1.507528,17.015635,1,13550,1,1,0,0,1,0,0,0,0,0,0,0,0,0
4044,20,6ea802f9f5899e43,1.13255,19.740899,1,13615,1,1,0,0,1,0,0,0,0,0,0,0,0,1
4045,20,cabae1f0bd3e82aa,1.895844,18.325939,1,13803,1,0,0,0,0,0,0,0,0,0,0,0,0,1
4046,20,3c118b2b3c6e4927,1.424277,17.246438,1,13801,1,1,0,0,1,0,0,0,0,0,0,0,0,0
4047,20,b4fc49470f795645,1.070006,19.914293,1,13682,1,1,0,0,1,0,0,0,0,0,0,0,0,1
4048,20,9f64db58546470f4,0.80466,20.0,1,13793,1,1,0,0,1,0,0,0,0,0,0,0,0,1
4049,20,9724d2c09da1c23b,1.648164,16.480324,0,14002,1,0,0,0,0,0,0,0,0,0,0,0,0,0
4050,20,6887c6b3c1d5f9a2,2.281857,19.338741,1,13696,2,1,0,0,1,0,0,0,0,0,0,0,0,1
4051,20,fe46bfd90552e7e3,1.714274,20.0,1,13904,1,1,0,0,1,0,0,0,0,0,0,0,0,1
4052,20,48c6727f77fd545e,2.333309,19.638402,1,13704,1,0,0,0,0,0,0,0,0,0,0,0,0,1
4053,20,a1add026588ef739,1.752928,18.232442,1,13813,1,1,0,0,1,0,0,0,0,0,0,0,0,0
4054,20,ada4e4932743d8bc,1.316909,20.0,1,13881,1,1,0,0,1,0,0,0,0,0,0,0,0,1
4055,20,8a52f361c1ee2595,2.034485,15.532885,0,13737,1,0,0,0,0,0,0,0,0,0,0,0,0,0
4056,20,cf245031666deb83,1.528433,18.626965,1,13594,1,1,0,0,1,0,0,0,0,0,0,0,0,1
4057,20,fd04e01d247f0cb2,3.235561,17.472587,1,14107,2,0,0,0,0,0,0,0,0,0,0,0,0,1
4058,20,c6e2de16025a3967,2.430756,20.0,1,13954,1,1,0,0,1,0,0,0,0,0,0,0,0,1
4059,20,a24ad7a4b0e007ee,1.827963,18.584099,1,13936,1,1,0,0,1,0,0,0,0,0,0,0,0,0
4060,20,3453eb339dbf255e,2.416934,17.440384,1,13752,1,0,0,0,0,0,0,0,0,0,0,0,0,1
4061,20,5f96e80d1597e201,1.815752,16.581153,1,13631,1,1,0,0,1,0,0,0,0,0,0,0,0,0
4062,20,ab1df89c6f82676f,1.365471,19.430267,1,13542,1,1,0,0,1,0,0,0,0,0,0,0,0,1
4063,20,ddac93a13f450c7a,1.025828,14.597233,0,13569,1,1,0,0,0,0,0,0,0,0,0,0,0,0
4064,20,fa0b930e02107747,1.814319,17.924044,1,13801,1,0,0,0,1,0,0,0,0,0,0,0,0,1
4065,20,55e788c721ac76e2,1.36303,16.944509,1,13823,1,1,0,0,1,0,0,0,0,0,0,0,0,0
4066,20,d2c23452c9a55682,1.025018,19.703516,1,13767,1,1,0,0,1,0,0,0,0,0,0,0,0,1
4067,20,eefc7d50381b5bc0,1.813711,18.281359,1,14161,1,0,0,0,0,0,0,0,0,0,0,0,0,1
4068,20,f3f2c082ab5aa537,1.362573,17.212946,1,13867,1,1,0,0,1,0,0,0,0,0,0,0,0,0
4069,20,fac3ca5c89f81867,2.068825,19.905384,1,13948,2,1,0,0,1,0,0,0,0,0,0,0,0,1
4070,20,4ebc00c60ea795f2,1.554231,20.0,1,13860,1,1,0,0,1,0,0,0,0,0,0,0,0,1
4071,20,0c94558fa5b5a83c,2.211289,19.940406,1,13981,1,0,0,0,0,0,0,0,0,0,0,0,0,1
4072,20,b9dd1715a0a4fef6,1.661259,18.459326,1,13881,1,1,0,0,1,0,0,0,0,0,0,0,0,0
4073,20,c44535d999876efb,1.24929,20.0,1,13807,1,1,0,0,1,0,0,0,0,0,0,0,0,1
4074,20,616c966e23f8d41a,0.938545,15.658326,0,14029,1,1,0,0,0,0,0,0,0,0,0,0,0,0
4075,20,ba6508be13d0ecd5,1.748747,18.721204,1,13930,1,0,0,0,1,0,0,0,0,0,0,0,0,1
4076,20,344e862b30b848d1,1.315083,20.0,1,13796,1,1,0,0,1,0,0,0,0,0,0,0,0,1
4077,20,15157566c55797fa,2.031626,20.0,1,14008,2,1,0,0,1,0,0,0,0,0,0,0,0,1
4078,20,7d55485e9369f6f5,2.569938,17.101717,0,14079,1,0,0,0,0,0,0,0,0,0,0,0,0,0
4079,20,5ebb74d2d98077b2,1.930698,19.805569,1,13970,1,1,0,0,1,0,0,0,0,0,0,0,0,1
4080,20,81e00313d9610ef8,1.451913,18.374572,1,13974,1,1,0,0,1,0,0,0,0,0,0,0,0,0
4081,20,878f31942d2c53d1,2.134421,17.282974,1,13998,1,0,0,0,0,0,0,0,0,0,0,0,0,1
4082,20,ecaf86ee9d9289ad,1.603511,16.462897,1,14100,1,1,0,0,1,0,0,0,0,0,0,0,0,0
4083,20,1c1fce3de514c65d,1.205863,19.341336,1,14163,1,1,0,0,1,0,0,0,0,0,0,0,0,1
4084,20,1a756c999592d66a,0.90592,18.009267,1,13868,1,1,0,0,1,0,0,0,0,0,0,0,0,0
4085,20,72f01246c1845b84,0.680584,20.0,1,14205,1,1,0,0,1,0,0,0,0,0,0,0,0,1
4086,20,27075aa156c6ecf2,1.55495,20.0,1,14141,2,1,0,0,1,0,0,0,0,0,0,0,0,1
4087,20,5e6619e93c7facd8,2.213495,20.0,1,13975,1,0,0,0,0,0,0,0,0,0,0,0,0,1
4088,20,e522cfb32dd6e0de,1.662916,20.0,1,14214,1,1,0,0,1,0,0,0,0,0,0,0,0,1
4089,20,e445963c2c0cb1bf,1.249287,20.0,1,14118,1,1,0,0,1,0,0,0,0,0,0,0,0,0
4090,20,0292fdee6ccf8853,0.939482,20.0,1,13929,1,1,0,0,1,0,0,0,0,0,0,0,0,1
4091,20,12686065ec7baab7,1.749451,16.616867,0,14253,1,0,0,0,0,0,0,0,0,0,0,0,0,0
4092,20,753c4e22140b7142,1.314297,19.44132,1,13920,1,1,0,0,1,0,0,0,0,0,0,0,0,1
4093,20,f68aed789b62debc,0.987382,18.084381,1,14321,1,1,0,0,1,0,0,0,0,0,0,0,0,0
4094,20,abab74c9c6089c20,1.786676,17.080214,1,14127,1,0,0,0,0,0,0,0,0,0,0,0,0,1
4095,20,890ceaca3c5cf0f3,2.385916,19.789416,1,14223,2,1,0,0,1,0,0,0,0,0,0,0,0,1
4096,20,5f3e9bc28f9f5cdb,1.79245,14.867048,0,14158,1,1,0,0,0,0,0,0,0,0,0,0,0,0
4097,20,2016ebb651a1c17e,2.392098,18.141235,1,14119,1,0,0,0,1,0,0,0,0,0,0,0,0,1
4098,20,ab0476b8533a7694,1.797094,17.107677,1,14145,1,1,0,0,1,0,0,0,0,0,0,0,0,0
4099,20,69d8776e0a2c7ab6,2.393743,16.331202,1,14440,1,0,0,0,0,0,0,0,0,0,0,0,0,1
4100,20,648cac4d9dff32a9,1.79833,15.747866,1,14368,1,1,0,0,1,0,0,0,0,0,0,0,0,0
4101,20,8ff0ae6817e2d5ef,1.352369,18.803623,1,14393,1,1,0,0,1,0,0,0,0,0,0,0,0,1
4102,20,c3a9019a237a3c3d,2.059638,14.126459,0,14385,1,0,0,0,0,0,0,0,0,0,0,0,0,0
4103,20,5273495d9e3494f7,1.547329,17.57037,1,14136,1,1,0,0,1,0,0,0,0,0,0,0,0,1
4104,20,9d547d55959fabd3,1.163613,13.213169,0,14061,1,1,0,0,0,0,0,0,0,0,0,0,0,0
4105,20,038b148739b387aa,1.917833,16.884249,1,14062,1,0,0,0,1,0,0,0,0,0,0,0,0,1
4106,20,87769cefbabe9178,1.440796,19.642194,1,14123,1,1,0,0,1,0,0,0,0,0,0,0,0,1
4107,20,1d00b676f32195e7,2.12607,18.23529,1,14108,2,1,0,0,1,0,0,0,0,0,0,0,0,0
4108,20,8a7bb2a1aaad560c,0.554684,17.1937,1,14198,0,1,0,0,1,0,0,0,0,0,0,0,0,0
4109,20,b453ab791ab53a54,1.460367,19.874673,1,14114,2,1,0,0,1,0,0,0,0,0,0,0,0,1
4110,20,9e84c0cc01ddd3e1,1.097119,18.409943,1,14137,1,1,0,0,0,0,0,0,0,0,0,0,0,1
4111,20,c38510c92c1f9d25,1.8692,17.325042,1,14150,1,0,0,0,1,0,0,0,0,0,0,0,0,0
4112,20,a3e40993a534d114,1.40426,19.973345,1,13957,1,1,0,0,1,0,0,0,0,0,0,0,0,1
4113,20,6e4e830ac1d9f593,1.054968,18.484072,1,14134,1,1,0,0,1,0,0,0,0,0,0,0,0,0
4114,20,782b14914f3154e1,1.836211,17.365237,1,14199,1,0,0,0,0,0,0,0,0,0,0,0,0,1
4115,20,7802a9492e4817fc,1.380857,20.0,1,14157,1,1,0,0,1,0,0,0,0,0,0,0,0,1
4116,20,851040173825d6e6,1.037386,18.519054,1,14382,1,1,0,0,1,0,0,0,0,0,0,0,0,0
4117,20,bdb7064435dc36ec,0.77935,20.0,1,14285,1,1,0,0,1,0,0,0,0,0,0,0,0,1
4118,20,1acd768efcf8b053,0.586082,20.0,1,14492,1,1,0,0,1,0,0,0,0,0,0,0,0,1
4119,20,d50cb3fe3309e5c5,1.483955,20.0,1,14373,2,1,0,0,0,0,0,0,0,0,0,0,0,1
4120,20,fe6d56f2ee8e038b,2.158493,18.87921,1,14440,1,0,0,0,1,0,0,0,0,0,0,0,0,0
4121,20,466ec1bb0cf1ad06,1.621595,20.0,1,14426,1,1,0,0,1,0,0,0,0,0,0,0,0,1
4122,20,94f50bede3c971fb,1.219463,19.378785,1,14341,1,1,0,0,1,0,0,0,0,0,0,0,0,0
4123,20,576d22a35c5e7cfe,0.916137,20.0,1,14577,1,1,0,0,1,0,0,0,0,0,0,0,0,1
4124,20,42d57a5a4c8f4e6d,1.731913,20.0,1,14446,2,1,0,0,1,0,0,0,0,0,0,0,0,1
4125,20,e9c65c4d743c8afb,1.302423,20.0,1,14397,1,1,0,0,0,0,0,0,0,0,0,0,0,1
4126,20,949f2550bf5c6dcd,0.978462,19.156648,1,14675,1,1,0,0,1,0,0,0,0,0,0,0,0,0
4127,20,72891bfeef13fc57,1.778735,20.0,1,14604,1,0,0,0,1,0,0,0,0,0,0,0,0,1
4128,20,f85df2858ad0c949,1.336297,19.517822,1,14718,1,1,0,0,1,0,0,0,0,0,0,0,0,0
4129,20,95f7c12dcde17478,1.004915,20.0,1,14380,1,1,0,0,1,0,0,0,0,0,0,0,0,1
4130,20,c0061898953c4096,1.798608,19.735179,1,14787,2,1,0,0,0,0,0,0,0,0,0,0,0,1
4131,20,ebc6bf75b4638d99,2.39488,20.0,1,14601,1,0,0,0,1,0,0,0,0,0,0,0,0,1
4132,20,49fc03c17c0ca2be,1.800984,20.0,1,14412,1,1,0,0,1,0,0,0,0,0,0,0,0,1
4133,20,30ed59f40c06db8a,1.353012,20.0,1,14679,1,1,0,0,1,0,0,0,0,0,0,0,0,0
4134,20,d508cccebb164231,1.016467,20.0,1,14783,1,1,0,0,1,0,0,0,0,0,0,0,0,1
4135,20,daa01fd42e66b51e,1.807287,20.0,1,14265,2,1,0,0,0,0,0,0,0,0,0,0,0,1
4136,20,a46ab1d31ffa5983,2.403256,18.94713,1,14136,1,0,0,0,1,0,0,0,0,0,0,0,0,0
4137,20,d1af8cc49ef27be8,1.805477,20.0,1,14017,1,1,0,0,1,0,0,0,0,0,0,0,0,1
4138,20,64fbff085e7ced25,1.356387,20.0,1,13996,1,1,0,0,1,0,0,0,0,0,0,0,0,1
4139,20,815521d9a9030959,1.020022,20.0,1,14090,1,1,0,0,1,0,0,0,0,0,0,0,0,0
4140,20,637db841f11a0d63,1.809958,19.01901,1,14310,1,0,0,0,0,0,0,0,0,0,0,0,0,1
4141,20,3dba3b80a7f983bb,0.3161,17.767116,1,14261,0,1,0,0,1,0,0,0,0,0,0,0,0,0
4142,20,bb548aaac64eeb30,0.237474,16.826614,1,14126,1,1,0,0,1,0,0,0,0,0,0,0,0,0
4143,20,e823cd2304efefb1,2.266885,16.134356,1,14230,2,0,0,0,0,0,0,0,0,0,0,0,0,1
4144,20,3c9676a593e7cf92,1.703026,19.078827,1,14347,1,1,0,0,1,0,0,0,0,0,0,0,0,1
4145,20,817ab814edc35ed6,0.235766,17.812054,1,13998,0,1,0,0,1,0,0,0,0,0,0,0,0,0
4146,20,dfb741d4e20dff88,1.22145,13.394919,0,14231,1,0,0,0,0,0,0,0,0,0,0,0,0,0
4147,20,83f075e69b21ccf2,0.91763,17.020791,1,13950,1,1,0,0,1,0,0,0,0,0,0,0,0,1
4148,20,452d37338c0447fc,0.689381,16.265928,1,14164,1,1,0,0,1,0,0,0,0,0,0,0,0,0
4149,20,e1db65820be303cd,0.517906,19.177673,1,14042,1,1,0,0,1,0,0,0,0,0,0,0,0,1
4150,20,42a1a4536e25c2fa,1.433623,14.421883,0,13968,1,0,0,0,0,0,0,0,0,0,0,0,0,0
4151,20,c9bef040264e3a66,1.077028,17.792311,1,13577,1,1,0,0,1,0,0,0,0,0,0,0,0,1
4152,20,04ec3b12c3812cb1,0.809131,16.845543,1,13955,1,1,0,0,1,0,0,0,0,0,0,0,0,0
4153,20,0ad740c3eef026ee,0.608478,19.629092,1,13821,1,1,0,0,1,0,0,0,0,0,0,0,0,1
4154,20,c3814a9bf80fe2fe,0.457127,18.225447,1,13578,1,1,0,0,1,0,0,0,0,0,0,0,0,0
4155,20,73b346333eb067ef,1.387075,17.170942,1,14412,1,0,0,0,0,0,0,0,0,0,0,0,0,1
4156,20,33daf35ee8e916f3,1.042058,16.378731,1,14068,1,1,0,0,1,0,0,0,0,0,0,0,0,0
4157,20,71a0690cfa3393c0,0.783642,19.278043,1,13806,1,1,0,0,1,0,0,0,0,0,0,0,0,1
4158,20,a803ba8b81db2421,0.588721,17.961717,1,13789,1,1,0,0,1,0,0,0,0,0,0,0,0,0
4159,20,a941868b47af0524,0.442284,16.972811,1,13540,1,1,0,0,0,0,0,0,0,0,0,0,0,1
4160,20,d900df819d8563ff,1.376755,16.244298,1,13584,1,0,0,0,1,0,0,0,0,0,0,0,0,0
4161,20,816e9c6ac4a6e3f6,1.034304,19.161423,1,13445,1,1,0,0,1,0,0,0,0,0,0,0,0,1
4162,20,e6b2630605d5c6fc,0.777034,17.874105,1,13408,1,1,0,0,1,0,0,0,0,0,0,0,0,0
4163,20,8785b047ec90527b,0.583757,20.0,1,13117,1,1,0,0,1,0,0,0,0,0,0,0,0,1
4164,20,065a8b2271b3656e,0.438993,18.810941,1,13030,1,1,0,0,1,0,0,0,0,0,0,0,0,0
4165,20,74b92cad2db17027,0.329799,17.610801,1,13214,1,1,0,0,0,0,0,0,0,0,0,0,0,1
4166,20,7b9c66a39de5e674,1.291419,16.709181,1,12695,1,0,0,0,1,0,0,0,0,0,0,0,0,0
4167,20,703bb92e05828900,0.971166,19.526546,1,12852,1,1,0,0,1,0,0,0,0,0,0,0,0,1
4168,20,5a30b8183705195d,0.7296,20.0,1,12881,1,1,0,0,1,0,0,0,0,0,0,0,0,1
4169,20,1713d174f8adeeb2,0.548122,19.726591,1,12906,1,1,0,0,1,0,0,0,0,0,0,0,0,0
4170,21,1fd48474a6be9a50,0.411783,20.0,1,14088,1,1,0,0,1,0,0,0,0,0,0,0,0,1
4171,21,40ab05863d40ab6a,1.353817,16.37702,0,14243,1,0,0,0,0,0,0,0,0,0,0,0,0,0
4172,21,9fa3e60e300cac94,1.017072,19.261132,1,14172,1,1,0,0,1,0,0,0,0,0,0,0,0,1
4173,21,9522afc9eb92ebd2,0.764088,17.949013,1,14114,1,1,0,0,1,0,0,0,0,0,0,0,0,0
4174,21,0fba0eaa5e567fe1,1.618756,16.978415,1,13996,1,0,0,0,0,0,0,0,0,0,0,0,0,1
4175,21,8f9f8c22e25048df,2.259764,19.712938,1,13896,2,1,0,0,1,0,0,0,0,0,0,0,0,1
4176,21,025aca0c2fc547cd,1.697676,20.0,1,14000,1,1,0,0,1,0,0,0,0,0,0,0,0,1
4177,21,ea7305c3d0c4eb0e,1.275401,19.83179,1,13978,1,1,0,0,0,0,0,0,0,0,0,0,0,1
4178,21,b3bc2710b036c5b2,2.00327,18.39429,1,14021,1,0,0,0,1,0,0,0,0,0,0,0,0,0
4179,21,3c254a4fca255c07,1.504982,20.0,1,14073,1,1,0,0,1,0,0,0,0,0,0,0,0,1
4180,21,7fb0256f65ce4ff6,1.130637,19.087551,1,14174,1,1,0,0,1,0,0,0,0,0,0,0,0,0
4181,21,a69e89495c03d18a,0.850255,20.0,1,13978,1,1,0,0,1,0,0,0,0,0,0,0,0,1
4182,21,ba87dd4319678e85,1.682418,16.013248,0,13918,1,0,0,0,0,0,0,0,0,0,0,0,0,0
4183,21,3e895dd2e76d3ae9,1.263938,18.987844,1,13811,1,1,0,0,1,0,0,0,0,0,0,0,0,1
4184,21,5bfa9aaebee05047,0.949549,17.743702,1,13969,1,1,0,0,1,0,0,0,0,0,0,0,0,0
4185,21,ca3938afd42b6b51,0.714075,20.0,1,13965,1,1,0,0,1,0,0,0,0,0,0,0,0,1
4186,21,3840b1179d01d5ca,1.580111,18.732871,1,14079,1,0,0,0,0,0,0,0,0,0,0,0,0,1
4187,21,3ad00a257add4750,1.187078,17.552151,1,14163,1,1,0,0,1,0,0,0,0,0,0,0,0,0
4188,21,715e21df0f1ac6b8,1.93685,20.0,1,13902,2,1,0,0,1,0,0,0,0,0,0,0,0,1
4189,21,ab882b57d80326bc,1.455083,20.0,1,13918,1,1,0,0,1,0,0,0,0,0,0,0,0,1
4190,21,de121b1615b372cf,2.136803,20.0,1,14049,1,0,0,0,0,0,0,0,0,0,0,0,0,1
4191,21,58b8431551715724,1.6053,20.0,1,13861,1,1,0,0,1,0,0,0,0,0,0,0,0,1
4192,21,23e17bd6c1c20f85,1.207209,20.0,1,14004,1,1,0,0,1,0,0,0,0,0,0,0,0,0
4193,21,c8292701595322e6,0.906931,18.548914,1,14006,1,1,0,0,0,0,0,0,0,0,0,0,0,1
4194,21,10c80b0b9d50bf2d,2.76865,20.0,1,13976,2,0,0,0,1,0,0,0,0,0,0,0,0,1
4195,21,f6d7570dbe7171fa,2.082064,19.192181,1,13844,1,1,0,0,1,0,0,0,0,0,0,0,0,0
4196,21,50afc0b225fbdddd,1.564177,20.0,1,14193,1,1,0,0,1,0,0,0,0,0,0,0,0,1
4197,21,77cb534e4dd68f47,2.218761,19.537877,1,13998,1,0,0,0,0,0,0,0,0,0,0,0,0,1
4198,21,03a072c123c7f460,1.666872,18.156921,1,14065,1,1,0,0,1,0,0,0,0,0,0,0,0,0
4199,21,40a0b4653c2b8b16,2.297662,20.0,1,13765,2,1,0,0,1,0,0,0,0,0,0,0,0,1
4200,21,8ced9c6091029967,1.726148,20.0,1,13984,1,1,0,0,1,0,0,0,0,0,0,0,0,1
