tick,episode,frame_sha16,turn,forward,attack,total_spikes,DNp20_R_10059,DNp20_L_10162,MN9_L_10331,DNa02_R_10360,DNpe017_L_10527,MDN_R_10763,DNp09_L_10783,DNp09_R_11177,MDN_L_11288,MDN_R_11332,MDN_L_12348,MN9_R_16949,DNa02_L_523769,DNpe017_R_555871
1,1,1fd48474a6be9a50,0.0,3.478845,1,13261,1,1,0,0,0,0,0,0,0,0,0,0,0,1
2,1,530e0ea8d92a6d51,1.044151,6.096642,1,15390,1,0,0,0,1,0,0,0,0,0,0,0,0,0
3,1,9d91a06f605c6d81,0.784431,15.016713,1,13373,1,1,0,0,1,0,0,0,0,0,0,0,0,2
4,1,1bedfd585b1aa4b9,0.589314,14.76034,1,14390,1,1,0,0,1,0,0,0,0,0,0,0,0,0
5,1,26a9669cba5af3ef,0.442729,14.567736,1,14216,1,1,0,0,0,0,0,0,0,0,0,0,0,1
6,1,4f55c5e4b2d3c044,1.377089,14.435647,1,14199,1,0,0,0,1,0,0,0,0,0,0,0,0,0
7,1,429a6cfc04b09590,1.034556,17.802651,1,13931,1,1,0,0,1,0,0,0,0,0,0,0,0,1
8,1,bfd1095e82cc3b3f,0.777223,16.853311,1,14253,1,1,0,0,1,0,0,0,0,0,0,0,0,0
9,1,e8a24dfe484cb614,1.628633,16.154431,1,14151,1,0,0,0,0,0,0,0,0,0,0,0,0,1
10,1,a8eb40163c807ab7,1.223531,15.615065,1,13821,1,1,0,0,1,0,0,0,0,0,0,0,0,0
11,1,b734eb68cadec0ba,0.919193,18.688704,1,14202,1,1,0,0,1,0,0,0,0,0,0,0,0,1
12,1,03ed9d518f369873,0.690556,20.0,1,13925,1,1,0,0,1,0,0,0,0,0,0,0,0,1
13,1,cd43fcebe8f5e6e6,1.563458,15.790655,0,13896,1,0,0,0,0,0,0,0,0,0,0,0,0,0
14,1,338e1a6d9a9334b5,1.174568,18.820618,1,14000,1,1,0,0,1,0,0,0,0,0,0,0,0,1
15,1,f71f04d2a5841727,0.882409,17.618071,1,13781,1,1,0,0,1,0,0,0,0,0,0,0,0,0
16,1,dab4ff966e399802,0.663584,20.0,1,13968,1,1,0,0,1,0,0,0,0,0,0,0,0,1
17,1,339e340883d8ecaf,1.542179,15.183051,0,14140,1,0,0,0,0,0,0,0,0,0,0,0,0,0
18,1,0f3eea50b2030a66,1.158582,18.364147,1,13926,1,1,0,0,1,0,0,0,0,0,0,0,0,1
19,1,157d3461e0a7f335,0.870399,17.275142,1,14048,1,1,0,0,1,0,0,0,0,0,0,0,0,0
20,1,f1991b9aba19249f,1.698703,16.471655,1,14023,1,0,0,0,0,0,0,0,0,0,0,0,0,1
21,1,f0cae4ef532c2023,1.276172,19.332227,1,13848,1,1,0,0,1,0,0,0,0,0,0,0,0,1
22,1,7630abeab872e6cf,0.95874,18.002424,1,14260,1,1,0,0,1,0,0,0,0,0,0,0,0,0
23,1,253c29c9cd31f14d,0.720986,20.0,1,13808,1,1,0,0,1,0,0,0,0,0,0,0,0,1
24,1,1bcd43f2b236da2a,1.585303,18.879039,1,13929,1,0,0,0,0,0,0,0,0,0,0,0,0,1
25,1,190012cb2cd5517d,2.234633,20.0,1,13932,2,1,0,0,1,0,0,0,0,0,0,0,0,1
26,1,752285f96761bfac,1.678796,19.361141,1,13847,1,1,0,0,1,0,0,0,0,0,0,0,0,0
27,1,8ce008444b943984,1.262478,20.0,1,13899,1,1,0,0,1,0,0,0,0,0,0,0,0,1
28,1,815cbd6616cc478f,0.948453,16.167816,0,14138,1,1,0,0,0,0,0,0,0,0,0,0,0,0
29,1,ea182be542b69bac,1.756191,19.103965,1,13963,1,0,0,0,1,0,0,0,0,0,0,0,0,1
30,1,98558a7fe6a345e2,1.32068,20.0,1,13863,1,1,0,0,1,0,0,0,0,0,0,0,0,1
31,1,d0c4a3176ddba144,0.992178,19.501366,1,14091,1,1,0,0,1,0,0,0,0,0,0,0,0,0
32,1,dd1e5f78efae9bca,2.832693,18.129492,1,13873,2,0,0,0,0,0,0,0,0,0,0,0,0,1
33,1,16a5a908ff857a66,2.128096,20.0,1,14105,1,1,0,0,1,0,0,0,0,0,0,0,0,1
34,1,95f8390a45c16b78,1.600359,20.0,1,13859,1,1,0,0,1,0,0,0,0,0,0,0,0,1
35,1,321bea6b7b9ab820,1.20229,20.0,1,14009,1,1,0,0,0,0,0,0,0,0,0,0,0,1
36,1,efab16a3f850c112,2.990542,20.0,1,14089,2,0,0,0,1,0,0,0,0,0,0,0,0,1
37,1,fcf876800c3a11ef,2.24893,20.0,1,13796,1,1,0,0,1,0,0,0,0,0,0,0,0,0
38,1,9361b30e7e3e095d,1.689537,20.0,1,14135,1,1,0,0,1,0,0,0,0,0,0,0,0,1
39,1,4fc09ccdfceeee4c,2.312939,20.0,1,14190,1,0,0,0,0,0,0,0,0,0,0,0,0,1
40,1,4ef7db5f3482d200,1.737625,18.584528,1,14011,1,1,0,0,1,0,0,0,0,0,0,0,0,0
41,1,c24e971eb40ebdcb,1.306719,20.0,1,14020,1,1,0,0,1,0,0,0,0,0,0,0,0,1
42,1,50b58e94d9a75050,0.981689,19.207905,1,13907,1,1,0,0,1,0,0,0,0,0,0,0,0,0
43,1,c3c1345bc3e41d62,1.78116,17.909025,1,14016,1,0,0,0,0,0,0,0,0,0,0,0,0,1
44,1,93e448e997f9674c,1.339457,16.948344,1,13961,1,1,0,0,1,0,0,0,0,0,0,0,0,0
45,1,79d0b93330795135,1.006284,19.690346,1,14147,1,1,0,0,1,0,0,0,0,0,0,0,0,1
46,1,a17e85c3a7206bdb,1.799637,20.0,1,14185,2,1,0,0,1,0,0,0,0,0,0,0,0,1
47,1,74f0d14071a71444,2.395653,16.340195,0,14143,1,0,0,0,0,0,0,0,0,0,0,0,0,0
48,1,2e5ad07a3fae2d37,1.801566,19.249063,1,13951,1,1,0,0,1,0,0,0,0,0,0,0,0,1
49,1,d6bdeb391b56bdfb,1.353449,20.0,1,14150,1,1,0,0,1,0,0,0,0,0,0,0,0,1
50,1,9626e12cdf28095d,2.060449,16.091136,0,14084,1,0,0,0,0,0,0,0,0,0,0,0,0,0
51,1,30166c328dfa6df8,1.549487,19.061767,1,14071,1,1,0,0,1,0,0,0,0,0,0,0,0,1
52,1,d1ff4a599011bac4,1.164072,17.799238,1,14102,1,1,0,0,1,0,0,0,0,0,0,0,0,0
53,1,906fc9d835fb656f,0.874523,20.0,1,14069,1,1,0,0,1,0,0,0,0,0,0,0,0,1
54,1,7482b0b0d79326ab,0.656997,18.751706,1,14105,1,1,0,0,0,0,0,0,0,0,0,0,0,1
55,1,b3c5d7421909e6ec,1.538221,17.582052,1,14095,1,0,0,0,1,0,0,0,0,0,0,0,0,0
56,1,8ab44e98d2a44c66,2.199262,20.0,1,14065,2,1,0,0,1,0,0,0,0,0,0,0,0,1
57,1,40c0606a670612e3,1.652223,20.0,1,14036,1,1,0,0,1,0,0,0,0,0,0,0,0,1
58,1,e0296e3919734320,2.286646,20.0,1,14257,1,0,0,0,0,0,0,0,0,0,0,0,0,1
59,1,ca7c6bb117b7a7d6,1.717872,20.0,1,14032,1,1,0,0,1,0,0,0,0,0,0,0,0,1
60,1,50569e31dab4c1c4,1.290573,20.0,1,14057,1,1,0,0,1,0,0,0,0,0,0,0,0,0
61,1,1ecfc493176928e9,2.013212,18.544394,1,14274,1,0,0,0,0,0,0,0,0,0,0,0,0,1
62,1,d4be6d1da1c19111,2.558115,20.0,1,13939,2,1,0,0,1,0,0,0,0,0,0,0,0,1
63,1,1f6373f92af416cc,1.921816,19.185231,1,14087,1,1,0,0,1,0,0,0,0,0,0,0,0,0
64,1,6692a7484e93ebdd,1.443789,20.0,1,14027,1,1,0,0,1,0,0,0,0,0,0,0,0,1
65,1,02b475e2e674816c,2.1299,19.551675,1,13975,1,0,0,0,0,0,0,0,0,0,0,0,0,1
66,1,febca64d4e8b1d25,2.643768,20.0,1,13960,2,1,0,0,1,0,0,0,0,0,0,0,0,1
67,1,581003a1b23a5126,1.986164,19.740774,1,14084,1,1,0,0,1,0,0,0,0,0,0,0,0,0
68,1,de21ab0c6f541ec0,2.535784,18.30935,1,14039,1,0,0,0,0,0,0,0,0,0,0,0,0,1
69,1,233bb445d9172344,1.906946,17.249394,1,14124,1,1,0,0,1,0,0,0,0,0,0,0,0,0
70,1,1169031e115b1548,1.432617,19.916514,1,14161,1,1,0,0,1,0,0,0,0,0,0,0,0,1
71,1,b99f2faf3b32e1e2,2.119925,18.441377,1,13974,1,0,0,0,0,0,0,0,0,0,0,0,0,1
72,1,48cf456730a62b23,2.638364,20.0,1,14197,2,1,0,0,1,0,0,0,0,0,0,0,0,1
73,1,2c94b98315c46893,1.982104,19.12703,1,14107,1,1,0,0,1,0,0,0,0,0,0,0,0,0
74,1,cefb9e8e92b1425f,2.532734,17.848267,1,14231,1,0,0,0,0,0,0,0,0,0,0,0,0,1
75,1,69899cc78830ec9d,1.902749,20.0,1,14275,1,1,0,0,1,0,0,0,0,0,0,0,0,1
76,1,7fdd4357ed62f313,2.475045,15.315842,0,14094,1,0,0,0,0,0,0,0,0,0,0,0,0,0
77,1,36c9756092c48e33,1.859408,18.463908,1,14184,1,1,0,0,1,0,0,0,0,0,0,0,0,1
78,1,fc68b0a37430b7ba,2.440557,17.350089,1,14253,2,1,0,0,0,0,0,0,0,0,0,0,0,1
79,1,b8ce31a8338b810f,2.879484,20.0,1,14024,1,0,0,0,1,0,0,0,0,0,0,0,0,1
80,1,a395bdcff1b03e91,2.163249,18.510496,1,14344,1,1,0,0,1,0,0,0,0,0,0,0,0,0
81,1,a77fc21cf4838abd,2.668822,17.385088,1,14286,1,0,0,0,0,0,0,0,0,0,0,0,0,1
82,1,9b9ee74dbb311458,2.004986,20.0,1,14162,1,1,0,0,1,0,0,0,0,0,0,0,0,1
83,1,5c9c0a752fd80c1d,2.551928,20.0,1,14207,2,1,0,0,1,0,0,0,0,0,0,0,0,1
84,1,979d3893f2d900d5,0.873515,16.539172,0,14479,0,1,0,0,0,0,0,0,0,0,0,0,0,0
85,1,cec91f567207e8db,2.743546,19.382951,1,14213,2,0,0,0,1,0,0,0,0,0,0,0,0,1
86,1,f3241cb2cf0c3430,2.063186,18.056757,1,14248,1,1,0,0,1,0,0,0,0,0,0,0,0,0
87,1,981261949b38d1a1,2.593648,17.044211,1,14568,1,0,0,0,0,0,0,0,0,0,0,0,0,1
88,1,8eb3ba7cf5917a1c,1.94851,16.283523,1,14515,1,1,0,0,1,0,0,0,0,0,0,0,0,0
89,1,f72f95d576e92ed6,1.463843,19.190891,1,14460,1,1,0,0,1,0,0,0,0,0,0,0,0,1
90,1,5d611da0dd8ff17b,2.144981,14.431824,0,14349,1,0,0,0,0,0,0,0,0,0,0,0,0,0
91,1,30a9c8de2de71f12,2.655098,17.799779,1,14322,2,1,0,0,1,0,0,0,0,0,0,0,0,1
92,1,a846ff1e8bb32b07,3.038329,16.851153,1,14088,1,0,0,0,0,0,0,0,0,0,0,0,0,1
93,1,c85b67d4fd66ab39,2.284867,19.633311,1,14102,1,1,0,0,1,0,0,0,0,0,0,0,0,1
94,1,f34554075296143c,1.716535,18.228617,1,14369,1,1,0,0,1,0,0,0,0,0,0,0,0,0
95,1,7d880eeea7e68e8b,1.289569,17.173323,1,14172,1,1,0,0,0,0,0,0,0,0,0,0,0,1
96,1,447acb7895747c53,2.012458,19.859365,1,14015,1,0,0,0,1,0,0,0,0,0,0,0,0,1
97,1,3cc4616709d78b38,1.513397,18.415027,1,14050,1,1,0,0,1,0,0,0,0,0,0,0,0,0
98,1,d40acf7f88c12a79,1.136959,17.313366,1,14183,1,1,0,0,0,0,0,0,0,0,0,0,0,1
99,1,45f69545057b1924,1.897808,16.485729,1,14032,1,0,0,0,1,0,0,0,0,0,0,0,0,0
100,1,841dfbc09b3ee637,1.427179,19.358507,1,14190,1,1,0,0,1,0,0,0,0,0,0,0,0,1
101,1,ef611aa95ed31685,1.072186,18.022167,1,13953,1,1,0,0,1,0,0,0,0,0,0,0,0,0
102,1,26bc9ce30fce805c,1.849147,17.018225,1,14094,1,0,0,0,0,0,0,0,0,0,0,0,0,1
103,1,fd71a161a7bf5d9e,1.389195,16.264001,1,13998,1,1,0,0,1,0,0,0,0,0,0,0,0,0
104,1,db845c2db14717e8,1.044694,19.191764,1,13933,1,1,0,0,1,0,0,0,0,0,0,0,0,1
105,1,53b0e1a8751eb1df,0.78484,20.0,1,13899,1,1,0,0,1,0,0,0,0,0,0,0,0,1
106,1,67035b6aefc07498,2.676927,19.537642,1,13870,2,0,0,0,0,0,0,0,0,0,0,0,0,1
107,1,8b6b2265a10408bf,2.013088,18.173087,1,13834,1,1,0,0,1,0,0,0,0,0,0,0,0,0
108,1,704bd80ad0bb85b7,1.512357,20.0,1,13827,1,1,0,0,1,0,0,0,0,0,0,0,0,1
109,1,aee88d62d128a803,1.136178,18.962705,1,13797,1,1,0,0,1,0,0,0,0,0,0,0,0,0
110,1,07e557288d804247,1.897221,17.724816,1,13818,1,0,0,0,0,0,0,0,0,0,0,0,0,1
111,1,5c91d0e8fad1e860,1.426737,20.0,1,13521,1,1,0,0,1,0,0,0,0,0,0,0,0,1
112,1,7cd7fb418c174d19,1.071854,18.722202,1,13594,1,1,0,0,1,0,0,0,0,0,0,0,0,0
113,1,0357a418be9ba997,0.805244,20.0,1,13787,1,1,0,0,1,0,0,0,0,0,0,0,0,1
114,1,718341e131f37352,1.649706,15.80958,0,13438,1,0,0,0,0,0,0,0,0,0,0,0,0,0
115,1,a86249c331b0a905,1.239362,18.834836,1,13509,1,1,0,0,1,0,0,0,0,0,0,0,0,1
116,1,960265aeed2cc185,0.931086,17.628752,1,13931,1,1,0,0,1,0,0,0,0,0,0,0,0,0
117,1,9922c61a95f949e5,0.69949,20.0,1,13722,1,1,0,0,1,0,0,0,0,0,0,0,0,1
118,1,3353b37d733bc257,1.570177,15.191825,0,13453,1,0,0,0,0,0,0,0,0,0,0,0,0,0
119,1,b72d2cd567702414,2.223269,18.370739,1,13579,2,1,0,0,1,0,0,0,0,0,0,0,0,1
120,1,23b82419a91f4c95,1.670259,20.0,1,13395,1,1,0,0,1,0,0,0,0,0,0,0,0,1
121,1,283ea77910f4c69b,1.256058,19.091519,1,13400,1,1,0,0,1,0,0,0,0,0,0,0,0,0
122,1,9b8d0dc9dd911f31,0.94363,17.821589,1,13003,1,1,0,0,0,0,0,0,0,0,0,0,0,1
123,1,7ee0086d82cd4f82,1.752567,16.867538,1,13132,1,0,0,0,1,0,0,0,0,0,0,0,0,0
124,1,9ba1b87fd220b987,1.316638,19.62964,1,13105,1,1,0,0,1,0,0,0,0,0,0,0,0,1
125,1,d37460187c747f69,0.990131,14.761769,0,13177,0,0,0,0,0,0,0,0,0,0,0,0,0,0
126,1,a20ebff0664b63e6,1.787502,18.047654,1,12998,2,1,0,0,1,0,0,0,0,0,0,0,0,1
127,1,7b0d8e03a325d91b,0.29923,17.037373,1,12896,0,1,0,0,1,0,0,0,0,0,0,0,0,0
128,1,2358ff3fcfbf1797,0.225025,12.812347,0,13574,1,1,0,0,0,0,0,0,0,0,0,0,0,0
129,1,d9b74896ac4dd198,1.212706,16.583126,1,13694,1,0,0,0,1,0,0,0,0,0,0,0,0,1
130,1,6c8f31635c64f5e8,0.911061,15.937127,1,13482,1,1,0,0,1,0,0,0,0,0,0,0,0,0
131,1,50011319c3c5018e,1.728099,15.451813,1,13271,2,1,0,0,0,0,0,0,0,0,0,0,0,1
132,1,9ce58abaa9192081,2.343706,18.580987,1,13100,1,0,0,0,1,0,0,0,0,0,0,0,0,1
133,1,bf5dbfead29ffcfe,1.760739,20.0,1,13102,1,1,0,0,1,0,0,0,0,0,0,0,0,1
134,1,873ff94fb62bb4bf,1.322777,19.192922,1,12943,1,1,0,0,1,0,0,0,0,0,0,0,0,0
135,1,c650d0e9bfa1c2e6,0.994747,17.913853,1,12791,1,1,0,0,0,0,0,0,0,0,0,0,0,1
136,1,baf598fa5e78dbb0,1.79097,16.936852,1,12922,1,0,0,0,1,0,0,0,0,0,0,0,0,0
137,1,9088cced34d1fc66,1.345489,19.681713,1,12855,1,1,0,0,1,0,0,0,0,0,0,0,0,1
138,1,5e015c2472e7a43f,2.054469,14.786135,0,12803,1,0,0,0,0,0,0,0,0,0,0,0,0,0
139,1,08da6ec375f07f1c,1.54499,18.080388,1,12694,1,1,0,0,1,0,0,0,0,0,0,0,0,1
140,1,5748f9389fd3a2be,1.160693,17.061964,1,12786,1,1,0,0,1,0,0,0,0,0,0,0,0,0
141,1,46f4e3cbafa0b940,0.871985,19.775705,1,12578,1,1,0,0,1,0,0,0,0,0,0,0,0,1
142,1,0829654dec94ec49,0.655745,18.352114,1,12457,1,1,0,0,0,0,0,0,0,0,0,0,0,1
143,1,4ccf14adc1e20bea,1.53629,17.266101,1,12396,1,0,0,0,1,0,0,0,0,0,0,0,0,0
144,1,2351dcaa79bd379a,1.154157,19.929066,1,12561,1,1,0,0,1,0,0,0,0,0,0,0,0,1
145,1,2e026e135f7c77e0,0.867075,18.450806,1,12697,1,1,0,0,1,0,0,0,0,0,0,0,0,0
146,1,0c5a8b041029700f,0.652053,20.0,1,12549,1,1,0,0,1,0,0,0,0,0,0,0,0,1
147,1,da1c5cae9115a2e8,0.489863,19.132357,1,12688,1,1,0,0,1,0,0,0,0,0,0,0,0,0
148,1,39fc785c7aa86839,1.411669,17.852269,1,12448,1,0,0,0,0,0,0,0,0,0,0,0,0,1
149,1,a24e4671b18519de,1.061595,20.0,1,12547,1,1,0,0,1,0,0,0,0,0,0,0,0,1
150,1,fd5764c5afdf1175,0.797537,18.794208,1,12880,1,1,0,0,1,0,0,0,0,0,0,0,0,0
151,1,353214f9691effbf,0.59916,17.59823,1,12730,1,1,0,0,0,0,0,0,0,0,0,0,0,1
152,1,9846fb8620c26c3c,1.49378,16.699737,1,12923,1,0,0,0,1,0,0,0,0,0,0,0,0,0
153,1,27d52b88105fecdb,1.123344,19.519444,1,12810,1,1,0,0,1,0,0,0,0,0,0,0,0,1
154,1,e0f45957a6cf66e9,0.843926,20.0,1,12905,1,1,0,0,1,0,0,0,0,0,0,0,0,1
155,1,03059e4eb4a27fe7,0.63401,16.243738,0,12843,1,1,0,0,0,0,0,0,0,0,0,0,0,0
156,1,b77625461b03c66c,2.565086,19.176526,1,13159,2,0,0,0,1,0,0,0,0,0,0,0,0,1
157,1,3617625228556cc8,1.927053,17.885452,1,13280,1,1,0,0,1,0,0,0,0,0,0,0,0,0
158,1,0617f04b0db14ccd,1.447723,20.0,1,13360,1,1,0,0,1,0,0,0,0,0,0,0,0,1
159,2,1fd48474a6be9a50,1.08762,20.0,1,14101,1,1,0,0,1,0,0,0,0,0,0,0,0,1
160,2,530e0ea8d92a6d51,1.862056,16.754283,0,14051,1,0,0,0,0,0,0,0,0,0,0,0,0,0
161,2,9d91a06f605c6d81,1.398893,19.544556,1,14084,1,1,0,0,1,0,0,0,0,0,0,0,0,1
162,2,1bedfd585b1aa4b9,1.050936,18.161939,1,14250,1,1,0,0,1,0,0,0,0,0,0,0,0,0
163,2,26a9669cba5af3ef,1.83447,17.138538,1,14142,1,0,0,0,0,0,0,0,0,0,0,0,0,1
164,2,4f55c5e4b2d3c044,1.378168,16.354388,1,14209,1,1,0,0,1,0,0,0,0,0,0,0,0,0
165,2,429a6cfc04b09590,1.035366,19.244129,1,14000,1,1,0,0,1,0,0,0,0,0,0,0,0,1
166,2,bfd1095e82cc3b3f,1.821485,14.457395,0,13962,1,0,0,0,0,0,0,0,0,0,0,0,0,0
167,2,e8a24dfe484cb614,1.369783,17.83317,1,14082,1,1,0,0,1,0,0,0,0,0,0,0,0,1
168,2,a8eb40163c807ab7,1.029067,16.876239,1,14001,1,1,0,0,1,0,0,0,0,0,0,0,0,0
169,2,b734eb68cadec0ba,0.773099,19.636176,1,13902,1,1,0,0,1,0,0,0,0,0,0,0,0,1
170,2,03ed9d518f369873,0.581382,20.0,1,14023,1,1,0,0,1,0,0,0,0,0,0,0,0,1
171,2,cd43fcebe8f5e6e6,2.524077,19.802044,1,14107,2,0,0,0,0,0,0,0,0,0,0,0,0,1
172,2,338e1a6d9a9334b5,1.896245,18.35538,1,13888,1,1,0,0,1,0,0,0,0,0,0,0,0,0
173,2,f71f04d2a5841727,1.424578,20.0,1,13947,1,1,0,0,1,0,0,0,0,0,0,0,0,1
174,2,dab4ff966e399802,1.071303,19.082842,1,13956,1,1,0,0,1,0,0,0,0,0,0,0,0,0
175,2,339e340883d8ecaf,1.848483,17.81507,1,14010,1,0,0,0,0,0,0,0,0,0,0,0,0,1
176,2,0f3eea50b2030a66,1.388696,20.0,1,13985,1,1,0,0,1,0,0,0,0,0,0,0,0,1
177,2,157d3461e0a7f335,1.044319,18.777589,1,13970,1,1,0,0,1,0,0,0,0,0,0,0,0,0
178,2,f1991b9aba19249f,1.828211,17.585745,1,14126,1,0,0,0,0,0,0,0,0,0,0,0,0,1
179,2,f0cae4ef532c2023,1.373467,16.690357,1,13928,1,1,0,0,1,0,0,0,0,0,0,0,0,0
180,2,7630abeab872e6cf,2.075488,19.496531,1,13970,2,1,0,0,1,0,0,0,0,0,0,0,0,1
181,2,253c29c9cd31f14d,1.560796,20.0,1,13935,1,1,0,0,1,0,0,0,0,0,0,0,0,1
182,2,1bcd43f2b236da2a,1.172568,16.244305,0,14070,1,1,0,0,0,0,0,0,0,0,0,0,0,0
183,2,190012cb2cd5517d,1.92456,19.161428,1,13959,1,0,0,0,1,0,0,0,0,0,0,0,0,1
184,2,752285f96761bfac,1.447296,17.890169,1,13855,1,1,0,0,1,0,0,0,0,0,0,0,0,0
185,2,8ce008444b943984,1.0873,20.0,1,13997,1,1,0,0,1,0,0,0,0,0,0,0,0,1
186,2,815cbd6616cc478f,0.816848,20.0,1,13896,1,1,0,0,1,0,0,0,0,0,0,0,0,1
187,2,ea182be542b69bac,0.613667,20.0,1,13972,1,1,0,0,1,0,0,0,0,0,0,0,0,0
188,2,98558a7fe6a345e2,1.505637,18.685013,1,13853,1,0,0,0,0,0,0,0,0,0,0,0,0,1
189,2,ea40987dff05550d,1.131129,17.516196,1,13938,1,1,0,0,1,0,0,0,0,0,0,0,0,0
190,2,bd84d51435d6859a,1.893428,20.0,1,14071,2,1,0,0,1,0,0,0,0,0,0,0,0,1
191,2,b3773e59edaae1a5,1.423885,20.0,1,13951,1,1,0,0,1,0,0,0,0,0,0,0,0,1
192,2,5dadae3439224eef,1.069711,20.0,1,14025,1,1,0,0,0,0,0,0,0,0,0,0,0,1
193,2,999d3e32bf8ac332,1.847288,18.559438,1,14111,1,0,0,0,1,0,0,0,0,0,0,0,0,0
194,2,93ca203daad1e765,1.387798,20.0,1,13879,1,1,0,0,1,0,0,0,0,0,0,0,0,1
195,2,47a61ba2d2334474,1.043644,20.0,1,13944,1,1,0,0,1,0,0,0,0,0,0,0,0,1
196,2,94215aa925f7efc2,1.827704,20.0,1,14025,2,1,0,0,1,0,0,0,0,0,0,0,0,1
197,2,7547707c30185d74,2.416739,18.026768,0,13927,1,0,0,0,0,0,0,0,0,0,0,0,0,0
198,2,eae6455ec5d55694,1.817422,20.0,1,14010,1,1,0,0,1,0,0,0,0,0,0,0,0,1
199,2,0c29e9d5d45ec48c,1.365361,20.0,1,14030,1,1,0,0,1,0,0,0,0,0,0,0,0,1
200,2,7635b5de22136fcf,2.069398,20.0,1,13932,1,0,0,0,0,0,0,0,0,0,0,0,0,1
201,2,71731bc3fb924e4c,1.554662,18.718822,1,14051,1,1,0,0,1,0,0,0,0,0,0,0,0,0
202,2,2bfeb5059efc1bca,1.169128,20.0,1,14034,1,1,0,0,1,0,0,0,0,0,0,0,0,1
203,2,b84c55d6df92b6a5,1.921975,20.0,1,13850,2,1,0,0,1,0,0,0,0,0,0,0,0,1
204,2,b07e028a9e352328,2.487562,17.100705,0,13925,1,0,0,0,0,0,0,0,0,0,0,0,0,0
205,2,e17f3acca75a88d8,1.870682,19.820978,1,14029,1,1,0,0,1,0,0,0,0,0,0,0,0,1
206,2,ff76efff97b12b4e,1.405373,20.0,1,14036,1,1,0,0,1,0,0,0,0,0,0,0,0,1
207,2,c49c67da2ea37a66,1.055804,16.413923,0,13932,1,1,0,0,0,0,0,0,0,0,0,0,0,0
208,2,678f59b0c5f3aec0,0.793186,19.288856,1,13997,1,1,0,0,1,0,0,0,0,0,0,0,0,1
209,2,2d8c48b7ac050995,1.640638,17.985996,1,13941,1,0,0,0,1,0,0,0,0,0,0,0,0,0
210,2,356d473c9c04caa4,1.23255,20.0,1,14053,1,1,0,0,1,0,0,0,0,0,0,0,0,1
211,2,889dcc97d5f39ba3,1.969622,20.0,1,13951,2,1,0,0,1,0,0,0,0,0,0,0,0,1
212,2,f7cfe82027b13a7b,1.481184,20.0,1,14013,1,1,0,0,1,0,0,0,0,0,0,0,0,0
213,2,b7cef79c5b903f68,1.112758,20.0,1,13946,1,1,0,0,1,0,0,0,0,0,0,0,0,1
214,2,c7e666ff6e84440b,1.879627,20.0,1,14078,1,0,0,0,0,0,0,0,0,0,0,0,0,1
215,2,346242252b228ef4,1.412093,20.0,1,13990,1,1,0,0,1,0,0,0,0,0,0,0,0,1
216,2,119018cce592c38e,2.106065,20.0,1,14043,2,1,0,0,1,0,0,0,0,0,0,0,0,0
217,2,75111a681bbe18e5,2.625861,18.576938,1,13749,1,0,0,0,0,0,0,0,0,0,0,0,0,1
218,2,52ce7c260f45af03,1.972711,20.0,1,13940,1,1,0,0,1,0,0,0,0,0,0,0,0,1
219,2,509b55e2dbb320cb,1.483507,19.208014,1,13857,1,1,0,0,1,0,0,0,0,0,0,0,0,0
220,2,e7e50176d3d6433d,1.114503,20.0,1,14050,1,1,0,0,1,0,0,0,0,0,0,0,0,1
221,2,b7b47c451ab2719e,0.837285,19.546813,1,13744,1,1,0,0,1,0,0,0,0,0,0,0,0,0
222,2,4f409d4a8f320d71,1.672674,18.163634,1,13943,1,0,0,0,0,0,0,0,0,0,0,0,0,1
223,2,cef7fa9615666658,1.257875,17.139814,1,13868,1,1,0,0,1,0,0,0,0,0,0,0,0,0
224,2,d861e0d3bb0b313e,1.988648,19.83419,1,13978,2,1,0,0,1,0,0,0,0,0,0,0,0,1
225,2,35ce60bcb9367e8c,2.53765,18.37953,1,13830,1,0,0,0,0,0,0,0,0,0,0,0,0,1
226,2,d5d4ca5d7193f9d2,1.908349,20.0,1,13816,1,1,0,0,1,0,0,0,0,0,0,0,0,1
227,2,1df33c4cedadb90b,1.433671,20.0,1,14002,1,1,0,0,1,0,0,0,0,0,0,0,0,1
228,2,819b35a1b8a50a4e,2.120717,20.0,1,13784,2,1,0,0,1,0,0,0,0,0,0,0,0,1
229,2,fc0954fec58d599e,2.636869,17.965986,0,13898,1,0,0,0,0,0,0,0,0,0,0,0,0,0
230,2,ab1f1d2a0cc343a3,1.982963,20.0,1,13879,1,1,0,0,1,0,0,0,0,0,0,0,0,1
231,2,02ed6277af9aacf1,1.489726,18.858453,1,13886,1,1,0,0,1,0,0,0,0,0,0,0,0,0
232,2,0e5b1338f6ccd1b1,2.162829,17.646495,1,13831,1,0,0,0,0,0,0,0,0,0,0,0,0,1
233,2,c841b7ed3fa313df,1.626478,20.0,1,13879,1,1,0,0,1,0,0,0,0,0,0,0,0,1
234,2,62a0d170303a97b0,1.221912,18.677954,1,13963,1,1,0,0,1,0,0,0,0,0,0,0,0,0
235,2,93380ee8dc7566a6,3.005284,17.510893,1,13995,2,0,0,0,0,0,0,0,0,0,0,0,0,1
236,2,0026d175ffe59c8c,2.257757,20.0,1,14004,1,1,0,0,1,0,0,0,0,0,0,0,0,1
237,2,de5ff8ee6cc78f3c,2.742016,18.60574,1,13845,1,0,0,0,0,0,0,0,0,0,0,0,0,1
238,2,757a867f668527e5,2.059974,20.0,1,13973,1,1,0,0,1,0,0,0,0,0,0,0,0,1
239,2,5906bd726cf35d91,1.547582,19.206893,1,13693,1,1,0,0,1,0,0,0,0,0,0,0,0,0
240,2,2dd1c4d34e2f4b07,2.207954,17.924359,1,13629,1,0,0,0,0,0,0,0,0,0,0,0,0,1
241,2,ed05a6487f2a968f,2.702407,20.0,1,13745,2,1,0,0,1,0,0,0,0,0,0,0,0,1
242,2,450546ea3d6ded5a,3.07387,15.343479,0,13611,1,0,0,0,0,0,0,0,0,0,0,0,0,0
243,2,42592e988524149c,2.309284,18.484672,1,13765,1,1,0,0,1,0,0,0,0,0,0,0,0,1
244,2,5bb540058da5417c,2.780765,13.900737,0,13782,1,0,0,0,0,0,0,0,0,0,0,0,0,0
245,2,3d7690ceb6ff145c,2.089085,17.400793,1,13943,1,1,0,0,1,0,0,0,0,0,0,0,0,1
246,2,dacd8651f6d4eeaa,1.569451,20.0,1,13753,1,1,0,0,1,0,0,0,0,0,0,0,0,1
247,2,0c1fab33a5bb62cc,2.2244,15.063037,0,13720,1,0,0,0,0,0,0,0,0,0,0,0,0,0
248,2,071ca574f097f677,1.671109,18.273985,1,13635,1,1,0,0,1,0,0,0,0,0,0,0,0,1
249,2,0110b699ee0b157d,1.255442,17.207407,1,13509,1,1,0,0,1,0,0,0,0,0,0,0,0,0
250,2,5ad0ff9fd47e13d1,1.98682,16.406126,1,13463,1,0,0,0,0,0,0,0,0,0,0,0,0,1
251,2,3820153c05cebaca,2.538267,19.298644,1,13534,2,1,0,0,1,0,0,0,0,0,0,0,0,1
252,2,e80566419ff4abc2,0.863252,17.977194,1,13837,0,1,0,0,1,0,0,0,0,0,0,0,0,0
253,2,1454d91fbd307241,2.735836,16.984438,1,13788,2,0,0,0,0,0,0,0,0,0,0,0,0,1
254,2,049d36c4861a73c0,2.057387,16.253042,1,13962,1,1,0,0,1,0,0,0,0,0,0,0,0,0
255,2,9853d069e1bd2d5d,1.545638,19.167992,1,13852,1,1,0,0,1,0,0,0,0,0,0,0,0,1
256,2,749db8f749512260,2.204834,17.87904,1,13849,1,0,0,0,0,0,0,0,0,0,0,0,0,1
257,2,e043e86364ae103b,1.656409,16.910699,1,13890,1,1,0,0,1,0,0,0,0,0,0,0,0,0
258,2,5c1dc8b3f0434580,1.245643,19.67809,1,13776,1,1,0,0,1,0,0,0,0,0,0,0,0,1
259,2,237644f97a35ee73,1.979459,14.783413,0,13728,1,0,0,0,0,0,0,0,0,0,0,0,0,0
260,2,8a3be677ed714fb0,1.487093,18.063915,1,13791,1,1,0,0,1,0,0,0,0,0,0,0,0,1
261,2,f5502357c6d6c6de,1.118315,17.064823,1,13602,1,1,0,0,1,0,0,0,0,0,0,0,0,0
262,2,d0d65d020a48c8f8,1.883802,16.299008,1,13895,1,0,0,0,0,0,0,0,0,0,0,0,0,1
263,2,93d462513749c7fd,1.41523,19.202525,1,13967,1,1,0,0,1,0,0,0,0,0,0,0,0,1
264,2,93c3066689f9bec1,2.106863,20.0,1,13743,2,1,0,0,1,0,0,0,0,0,0,0,0,1
265,2,53cb5cad4b378720,2.628541,16.080943,0,13798,1,0,0,0,0,0,0,0,0,0,0,0,0,0
266,2,df2ee62ed8096f9d,1.974725,19.038701,1,13797,1,1,0,0,1,0,0,0,0,0,0,0,0,1
267,2,53cc2eb1fd746701,1.483537,17.781909,1,13872,1,1,0,0,1,0,0,0,0,0,0,0,0,0
268,2,5c542c18e111147d,1.115641,16.85275,1,13844,1,1,0,0,0,0,0,0,0,0,0,0,0,1
269,2,a4179e7fbf747f31,1.881793,16.139686,1,13820,1,0,0,0,1,0,0,0,0,0,0,0,0,0
270,2,3bdfd819fd095778,1.41372,19.082832,1,13862,1,1,0,0,1,0,0,0,0,0,0,0,0,1
271,2,870380458fe1faaa,1.062075,20.0,1,13888,1,1,0,0,1,0,0,0,0,0,0,0,0,1
272,2,94a57ec4d5414d77,1.842846,16.013322,0,13852,1,0,0,0,0,0,0,0,0,0,0,0,0,0
273,2,a42dc048d46bc74e,1.384462,18.987899,1,13871,1,1,0,0,1,0,0,0,0,0,0,0,0,1
274,2,9321c95b9ea34035,1.040094,17.743743,1,13741,1,1,0,0,1,0,0,0,0,0,0,0,0,0
275,2,2b0f4727becf88cb,1.826316,16.82405,1,13848,1,0,0,0,0,0,0,0,0,0,0,0,0,1
276,2,fc0142b0b3345148,1.372043,16.118124,1,13699,1,1,0,0,1,0,0,0,0,0,0,0,0,0
277,2,35f10eb454fbbe5a,1.030765,19.066633,1,13586,1,1,0,0,1,0,0,0,0,0,0,0,0,1
278,2,76da5bff87ccdfd3,0.774375,17.802893,1,13774,1,1,0,0,1,0,0,0,0,0,0,0,0,0
279,2,547fda052358d6d9,0.582341,16.868531,1,13705,1,1,0,0,0,0,0,0,0,0,0,0,0,1
280,2,a256a8b8e6c7a3a7,1.481144,16.151541,1,13704,1,0,0,0,1,0,0,0,0,0,0,0,0,0
281,2,8fa1b7feebbb0857,1.112728,19.091738,1,14077,1,1,0,0,1,0,0,0,0,0,0,0,0,1
282,2,00e5d43f687ffb7c,0.836788,17.837761,1,13810,1,1,0,0,1,0,0,0,0,0,0,0,0,0
283,2,aaf022466ae35eeb,0.628647,20.0,1,13933,1,1,0,0,1,0,0,0,0,0,0,0,0,1
284,2,c186e17a93f13b48,1.515933,15.294604,0,13794,1,0,0,0,0,0,0,0,0,0,0,0,0,0
285,2,7068a58121578ff3,1.138863,18.447953,1,13710,1,1,0,0,1,0,0,0,0,0,0,0,0,1
286,2,08147b368e5bf8d5,0.856442,17.353626,1,13640,1,1,0,0,1,0,0,0,0,0,0,0,0,0
287,2,ccc4c39ff633c428,0.643413,19.994819,1,13797,1,1,0,0,1,0,0,0,0,0,0,0,0,1
288,2,0c1ad1570243595d,1.527025,18.500205,1,13734,1,0,0,0,0,0,0,0,0,0,0,0,0,1
289,2,41f76c53260c9fe5,1.148345,17.392919,1,13762,1,1,0,0,1,0,0,0,0,0,0,0,0,0
290,2,a5a75c4e3bdc51eb,1.906362,20.0,1,13855,2,1,0,0,1,0,0,0,0,0,0,0,0,1
291,2,635984fc5a4a9bf5,1.432178,20.0,1,13625,1,1,0,0,1,0,0,0,0,0,0,0,0,1
292,2,551362013780f06f,2.119595,16.528699,0,13586,1,0,0,0,0,0,0,0,0,0,0,0,0,0
293,2,745722a69a6e1f7e,1.593966,19.390821,1,13430,1,1,0,0,1,0,0,0,0,0,0,0,0,1
294,2,6fd23ebcf9fa6a99,1.197487,20.0,1,13609,1,1,0,0,1,0,0,0,0,0,0,0,0,1
295,2,97536d621ddb1fcf,0.899627,16.171144,0,13432,1,1,0,0,0,0,0,0,0,0,0,0,0,0
296,2,11f02d7e1f1a513f,0.676533,19.121934,1,13341,1,1,0,0,1,0,0,0,0,0,0,0,0,1
297,2,472e33621e0a06b1,1.551907,17.844439,1,13181,1,0,0,0,1,0,0,0,0,0,0,0,0,0
298,2,cc27b1fc42548463,1.16589,20.0,1,13302,1,1,0,0,1,0,0,0,0,0,0,0,0,1
299,2,f26115f7b8d0c088,0.875889,18.777217,1,13060,1,1,0,0,1,0,0,0,0,0,0,0,0,0
300,2,a1330f8bc97388b3,1.702832,17.601237,1,13163,1,0,0,0,0,0,0,0,0,0,0,0,0,1
301,2,4a9cbf782f1f18cc,1.279274,16.701996,1,12927,1,1,0,0,1,0,0,0,0,0,0,0,0,0
302,2,3fc60f677903adad,0.961071,16.02643,1,12692,1,1,0,0,0,0,0,0,0,0,0,0,0,1
303,2,9c39954f7b1cd57b,1.766889,15.532605,1,12761,1,0,0,0,1,0,0,0,0,0,0,0,0,0
304,2,b8bf698efdad9239,1.327398,18.626755,1,12759,1,1,0,0,1,0,0,0,0,0,0,0,0,1
305,2,f496c61a76370ba3,0.997224,17.472429,1,12783,1,1,0,0,1,0,0,0,0,0,0,0,0,0
306,2,66eeefc20bd5aabc,0.749177,20.0,1,12561,1,1,0,0,1,0,0,0,0,0,0,0,0,1
307,2,1bc0212746c25bc6,0.563392,18.58401,1,12742,1,1,0,0,1,0,0,0,0,0,0,0,0,0
308,2,a5eaa14961f6527b,1.466909,17.440316,1,12480,1,0,0,0,0,0,0,0,0,0,0,0,0,1
309,2,9c6b1952159ed0b5,1.102034,20.0,1,13428,1,1,0,0,1,0,0,0,0,0,0,0,0,1
310,2,3e7c7e675724268d,0.828745,18.565868,1,13319,1,1,0,0,1,0,0,0,0,0,0,0,0,0
311,2,100fb9633b3a17bc,2.709912,17.426687,1,13974,2,0,0,0,0,0,0,0,0,0,0,0,0,1
312,2,59942da638de1424,2.035856,20.0,1,15120,1,1,0,0,1,0,0,0,0,0,0,0,0,1
313,2,8080b0a76120e674,1.529462,20.0,1,14775,1,1,0,0,1,0,0,0,0,0,0,0,0,1
314,2,5b38acb0f0f7125d,2.194328,20.0,1,14469,1,0,0,0,0,0,0,0,0,0,0,0,0,1
315,2,fd853ca8ad307d01,1.648516,18.5342,1,14552,1,1,0,0,1,0,0,0,0,0,0,0,0,0
316,2,0e1b1bae58d0ff40,1.238469,20.0,1,16074,1,1,0,0,1,0,0,0,0,0,0,0,0,1
317,2,0f051bf7d04c2d9e,3.019647,19.183868,1,15824,2,0,0,0,0,0,0,0,0,0,0,0,0,1
318,2,a5b7faa72475a43e,2.268548,20.0,1,15746,1,1,0,0,1,0,0,0,0,0,0,0,0,1
319,2,79950ca608194299,1.704275,20.0,1,15602,1,1,0,0,1,0,0,0,0,0,0,0,0,1
320,2,2bef0495337f9760,2.324012,20.0,1,15228,2,1,0,0,1,0,0,0,0,0,0,0,0,1
321,2,40bd02f4726cc6ed,2.79184,20.0,1,14895,1,0,0,0,0,0,0,0,0,0,0,0,0,1
322,2,a9bf56e0d0df8415,2.097405,19.791509,1,15813,1,1,0,0,1,0,0,0,0,0,0,0,0,0
323,2,87d2d098eafb5e00,3.663009,20.0,1,15783,2,0,0,0,0,0,0,0,0,0,0,0,0,2
324,2,14d1278d31a9f672,2.754635,19.894198,1,15493,1,1,0,0,1,0,0,0,0,0,0,0,0,0
325,2,2cccb0c8b448a24c,2.069454,20.0,1,15358,1,1,0,0,1,0,0,0,0,0,0,0,0,1
326,2,8a92ace11e03f5f2,3.64201,19.934092,1,15203,2,0,0,0,0,0,0,0,0,0,0,0,0,1
327,2,4719c101e01b1ac3,2.736106,18.454583,1,14994,1,1,0,0,1,0,0,0,0,0,0,0,0,0
328,2,2b40720a3bfbecd6,3.101741,17.358611,1,13676,1,0,0,0,0,0,0,0,0,0,0,0,0,1
329,2,eaad653381c250e5,2.330222,19.998565,1,12578,1,1,0,0,1,0,0,0,0,0,0,0,0,1
330,2,f9e743d6c8333200,1.750609,18.503018,1,12757,1,1,0,0,1,0,0,0,0,0,0,0,0,0
331,2,f69362f1c7dce9c0,2.360633,17.395035,1,12799,1,0,0,0,0,0,0,0,0,0,0,0,0,1
332,2,17cb5371750ada05,1.773456,16.547084,1,12801,1,1,0,0,1,0,0,0,0,0,0,0,0,0
333,2,db19894352bae4f4,2.375984,15.91005,1,12941,1,0,0,0,0,0,0,0,0,0,0,0,0,1
334,2,a79052343b825ddb,2.828642,11.952626,0,12775,1,0,0,0,0,0,0,0,0,0,0,0,0,0
335,2,9af0343fec1c6622,2.127179,15.949549,1,12678,1,1,0,0,1,0,0,0,0,0,0,0,0,1
336,2,0acc7f7c382e8067,2.641723,11.9823,0,12656,1,0,0,0,0,0,0,0,0,0,0,0,0,0
337,2,a73244b57de0879e,1.984628,15.959543,1,12588,1,1,0,0,1,0,0,0,0,0,0,0,0,1
338,2,c9aff476cf94cb4f,2.536619,12.001804,0,12748,1,0,0,0,0,0,0,0,0,0,0,0,0,0
339,2,de9420f69c44e298,1.905667,15.974195,1,12786,1,1,0,0,1,0,0,0,0,0,0,0,0,1
340,2,831a88c127a06e07,1.431656,12.000816,0,12675,1,1,0,0,0,0,0,0,0,0,0,0,0,0
341,2,7fcdf86fb81f6fad,2.119203,15.973453,1,12793,1,0,0,0,1,0,0,0,0,0,0,0,0,1
342,2,7ba93d8f9ee482bb,1.593671,15.492766,1,12956,1,1,0,0,1,0,0,0,0,0,0,0,0,0
343,2,9f2d3c165f60d30f,2.240919,15.117981,1,13115,1,0,0,0,0,0,0,0,0,0,0,0,0,1
344,2,57c4f87db22e83cd,1.683519,14.836418,1,12981,1,1,0,0,1,0,0,0,0,0,0,0,0,0
345,2,deef31a29bd5fbd6,2.31018,14.6377,1,12862,1,0,0,0,0,0,0,0,0,0,0,0,0,1
346,2,7d3e0efbe36b70a2,1.735552,17.954446,1,12778,1,1,0,0,1,0,0,0,0,0,0,0,0,1
347,2,d5d84380de4c0b10,1.303856,16.967348,1,12770,1,1,0,0,1,0,0,0,0,0,0,0,0,0
348,2,672f539f5f5b9288,2.023191,16.225779,1,12706,1,0,0,0,0,0,0,0,0,0,0,0,0,1
349,2,6ebf7b7c637af4ac,1.521469,15.682519,1,12793,1,1,0,0,1,0,0,0,0,0,0,0,0,0
350,2,4918d6aa7f178ecd,1.143023,18.739379,1,12869,1,1,0,0,1,0,0,0,0,0,0,0,0,1
351,2,cd3bfc059ac72511,1.902363,14.078195,0,12836,1,0,0,0,0,0,0,0,0,0,0,0,0,0
352,2,aa62de24033ed8de,1.430604,17.548007,1,12773,1,1,0,0,1,0,0,0,0,0,0,0,0,1
353,2,5a457246216d91a9,1.07476,20.0,1,12990,1,1,0,0,1,0,0,0,0,0,0,0,0,1
354,2,608b53cd5413fb48,1.85108,18.609913,1,12623,1,0,0,0,0,0,0,0,0,0,0,0,0,1
355,2,5fe5e9835b1237be,2.434301,17.459776,1,12909,2,1,0,0,1,0,0,0,0,0,0,0,0,0
356,2,f910689096c4cb13,1.830629,20.0,1,12792,1,1,0,0,1,0,0,0,0,0,0,0,0,1
357,2,6cb1a8b6baee0e01,2.418936,18.572465,1,13028,1,0,0,0,0,0,0,0,0,0,0,0,0,1
358,2,6dd8292dc1b0a6c2,1.817256,17.431643,1,12818,1,1,0,0,1,0,0,0,0,0,0,0,0,0
359,3,1fd48474a6be9a50,1.366603,20.0,1,13867,1,1,0,0,1,0,0,0,0,0,0,0,0,1
360,3,530e0ea8d92a6d51,1.026678,18.556571,1,14068,1,1,0,0,1,0,0,0,0,0,0,0,0,0
361,3,9d91a06f605c6d81,1.814958,17.419702,1,14246,1,0,0,0,0,0,0,0,0,0,0,0,0,1
362,3,1bedfd585b1aa4b9,1.36351,20.0,1,14158,1,1,0,0,1,0,0,0,0,0,0,0,0,1
363,3,26a9669cba5af3ef,1.025379,18.554221,1,14124,1,1,0,0,1,0,0,0,0,0,0,0,0,0
364,3,4f55c5e4b2d3c044,1.813982,17.417937,1,14232,1,0,0,0,0,0,0,0,0,0,0,0,0,1
365,3,429a6cfc04b09590,1.362777,16.56429,1,14184,1,1,0,0,1,0,0,0,0,0,0,0,0,0
366,3,bfd1095e82cc3b3f,1.024828,19.417585,1,13948,1,1,0,0,1,0,0,0,0,0,0,0,0,1
367,3,e8a24dfe484cb614,1.813568,14.587706,0,14137,1,0,0,0,0,0,0,0,0,0,0,0,0,0
368,3,a8eb40163c807ab7,1.362466,17.916887,1,14002,1,1,0,0,1,0,0,0,0,0,0,0,0,1
369,3,b734eb68cadec0ba,1.02357,20.0,1,14001,1,1,0,0,1,0,0,0,0,0,0,0,0,1
370,3,03ed9d518f369873,0.769739,15.354609,0,13967,1,1,0,0,0,0,0,0,0,0,0,0,0,0
371,3,cd43fcebe8f5e6e6,0.578276,18.493033,1,13997,1,1,0,0,1,0,0,0,0,0,0,0,0,1
372,3,338e1a6d9a9334b5,1.478091,17.371969,1,13926,1,0,0,0,1,0,0,0,0,0,0,0,0,0
373,3,f71f04d2a5841727,1.111545,20.0,1,14131,1,1,0,0,1,0,0,0,0,0,0,0,0,1
374,3,dab4ff966e399802,0.835062,18.522857,1,13780,1,1,0,0,1,0,0,0,0,0,0,0,0,0
375,3,339e340883d8ecaf,1.671004,20.0,1,13909,2,1,0,0,1,0,0,0,0,0,0,0,0,1
376,3,0f3eea50b2030a66,2.299017,19.160114,1,14215,1,0,0,0,0,0,0,0,0,0,0,0,0,1
377,3,157d3461e0a7f335,1.728893,20.0,1,13981,1,1,0,0,1,0,0,0,0,0,0,0,0,1
378,3,f1991b9aba19249f,2.342506,16.054243,0,13967,1,0,0,0,0,0,0,0,0,0,0,0,0,0
379,3,f0cae4ef532c2023,1.759837,19.018642,1,14078,1,1,0,0,1,0,0,0,0,0,0,0,0,1
380,3,3dc875a761d5c5ef,1.323423,17.782791,1,14056,1,1,0,0,1,0,0,0,0,0,0,0,0,0
381,3,e90cc852e180b7a9,0.994238,20.0,1,13969,1,1,0,0,1,0,0,0,0,0,0,0,0,1
382,3,0843c071791750a4,1.790587,15.263579,0,14019,1,0,0,0,0,0,0,0,0,0,0,0,0,0
383,3,e7652621d19bb2aa,1.345201,18.424646,1,13939,1,1,0,0,1,0,0,0,0,0,0,0,0,1
384,3,83403ab2ce2e5edc,1.011611,17.336098,1,13795,1,1,0,0,1,0,0,0,0,0,0,0,0,0
385,3,31f44b91b5854a60,1.803639,16.502807,1,13831,1,0,0,0,0,0,0,0,0,0,0,0,0,1
386,3,9eeb382b0724ec5e,1.355006,19.355631,1,13885,1,1,0,0,1,0,0,0,0,0,0,0,0,1
387,3,8cf44fb6a5bc2678,1.018984,18.036212,1,14128,1,1,0,0,1,0,0,0,0,0,0,0,0,0
388,3,26302fd6db433208,0.765525,20.0,1,13874,1,1,0,0,1,0,0,0,0,0,0,0,0,1
389,3,212d5aa4658ea2f7,1.618763,15.406609,0,14196,1,0,0,0,0,0,0,0,0,0,0,0,0,0
390,3,37a5a18fb6caef37,2.25977,18.532098,1,13994,2,1,0,0,1,0,0,0,0,0,0,0,0,1
391,3,79c0b206a03c3fd7,1.699379,20.0,1,13945,1,1,0,0,1,0,0,0,0,0,0,0,0,1
392,3,c2376b0af88b997c,1.27668,20.0,1,13986,1,1,0,0,1,0,0,0,0,0,0,0,0,1
393,3,6484211bcaa3988b,3.046429,20.0,1,14006,2,0,0,0,0,0,0,0,0,0,0,0,0,1
394,3,bb6c2f7a25964c84,2.290958,18.897018,1,13833,1,1,0,0,1,0,0,0,0,0,0,0,0,0
395,3,66b1f64089a6f384,1.721111,20.0,1,14143,1,1,0,0,1,0,0,0,0,0,0,0,0,1
396,3,ea8c132e457af786,1.293006,19.371289,1,13897,1,1,0,0,1,0,0,0,0,0,0,0,0,0
397,3,052f36be903b4c06,2.015041,18.031769,1,13991,1,0,0,0,0,0,0,0,0,0,0,0,0,1
398,3,8e82ec90f90651e7,2.55949,20.0,1,14032,2,1,0,0,1,0,0,0,0,0,0,0,0,1
399,3,4f7951c9fb9652a2,1.922849,20.0,1,13877,1,1,0,0,1,0,0,0,0,0,0,0,0,1
400,3,f016206e344ce587,1.444565,20.0,1,13855,1,1,0,0,1,0,0,0,0,0,0,0,0,1
401,3,5ced2d58e360e784,2.130484,17.872962,0,14072,1,0,0,0,0,0,0,0,0,0,0,0,0,0
402,3,27c66233913871e4,1.600553,20.0,1,13878,1,1,0,0,1,0,0,0,0,0,0,0,0,1
403,3,b04dc5fbe548eb36,1.202435,20.0,1,14050,1,1,0,0,1,0,0,0,0,0,0,0,0,1
404,3,92badb4797e556aa,1.946998,20.0,1,14008,2,1,0,0,1,0,0,0,0,0,0,0,0,1
405,3,a92b91e3e3eb2719,2.508321,17.815166,0,13771,1,0,0,0,0,0,0,0,0,0,0,0,0,0
406,3,c26da11a2d778a09,1.884408,20.0,1,13877,1,1,0,0,1,0,0,0,0,0,0,0,0,1
407,3,3295862e40a5a313,1.415685,20.0,1,13984,1,1,0,0,1,0,0,0,0,0,0,0,0,1
408,3,508e562ad7204104,1.064615,16.724451,0,13926,1,1,0,0,0,0,0,0,0,0,0,0,0,0
409,3,a8b42c6fb244fb23,1.843459,19.522144,1,13983,1,0,0,0,1,0,0,0,0,0,0,0,0,1
410,3,9c3019aa61f10730,1.384922,18.145102,1,14029,1,1,0,0,1,0,0,0,0,0,0,0,0,0
411,3,d2589d24a9f0cfca,1.04044,20.0,1,13969,1,1,0,0,1,0,0,0,0,0,0,0,0,1
412,3,1dbb1075c65864e9,0.782426,18.964043,1,13988,1,1,0,0,0,0,0,0,0,0,0,0,0,1
413,3,5c6e7a0e10fc8612,2.675114,20.0,1,14021,2,0,0,0,1,0,0,0,0,0,0,0,0,1
414,3,16d8a9528bdedf17,2.009713,20.0,1,14056,1,1,0,0,1,0,0,0,0,0,0,0,0,1
415,3,82d07b5e598d7315,1.511333,20.0,1,14060,1,1,0,0,1,0,0,0,0,0,0,0,0,0
416,3,8caf2ec1e9c9e1b1,1.135408,19.024403,1,14106,1,1,0,0,0,0,0,0,0,0,0,0,0,1
417,3,bd35018e83a338ab,2.940296,20.0,1,14217,2,0,0,0,1,0,0,0,0,0,0,0,0,1
418,3,f13b4ae8e3ac9cfb,2.208935,19.443184,1,14080,1,1,0,0,1,0,0,0,0,0,0,0,0,0
419,3,c4603ee7d449a90d,1.66115,20.0,1,14055,1,1,0,0,1,0,0,0,0,0,0,0,0,1
420,3,dd8b4fb1952b1ccb,2.291614,19.693011,1,14176,1,0,0,0,0,0,0,0,0,0,0,0,0,1
421,3,548e365b4fbe82fc,1.721604,18.273468,1,14130,1,1,0,0,1,0,0,0,0,0,0,0,0,0
422,3,2f6151d16b59d1d0,2.338821,20.0,1,13970,2,1,0,0,1,0,0,0,0,0,0,0,0,1
423,3,0f8e792e8be12cdc,1.757069,20.0,1,14071,1,1,0,0,1,0,0,0,0,0,0,0,0,1
424,3,e644c6b1ea35b903,1.32002,20.0,1,14094,1,1,0,0,0,0,0,0,0,0,0,0,0,1
425,3,136cec730ee9b786,2.035335,20.0,1,13942,1,0,0,0,1,0,0,0,0,0,0,0,0,1
426,3,0a7eca882991cb1d,2.574751,20.0,1,13922,2,1,0,0,1,0,0,0,0,0,0,0,0,1
427,3,4d85c3ed0200b43b,1.934315,20.0,1,13964,1,1,0,0,1,0,0,0,0,0,0,0,0,1
428,3,10f7befbcb490e43,1.453178,20.0,1,13910,1,1,0,0,1,0,0,0,0,0,0,0,0,0
429,3,2846eb3c300a9955,2.136961,20.0,1,13818,1,0,0,0,0,0,0,0,0,0,0,0,0,1
430,3,90212b786a0d96d4,1.605419,20.0,1,13943,1,1,0,0,1,0,0,0,0,0,0,0,0,1
431,3,fa07a56d810f77ed,2.249745,20.0,1,13896,2,1,0,0,1,0,0,0,0,0,0,0,0,1
432,3,292e122b030f6131,1.690149,20.0,1,14055,1,1,0,0,1,0,0,0,0,0,0,0,0,0
433,3,5f50b6dc444c4e3b,2.315167,19.387124,1,13907,1,0,0,0,0,0,0,0,0,0,0,0,0,1
434,3,e9dbac9f7e4e3def,1.739298,20.0,1,14169,1,1,0,0,1,0,0,0,0,0,0,0,0,1
435,3,b39a2b0cb61bc115,1.30667,20.0,1,13854,1,1,0,0,1,0,0,0,0,0,0,0,0,1
436,3,0783e4636732b453,3.070935,20.0,1,14065,2,0,0,0,0,0,0,0,0,0,0,0,0,1
437,3,d1c2aac9c452539a,2.307079,19.159307,1,13640,1,1,0,0,1,0,0,0,0,0,0,0,0,0
438,3,a55f3e6b4ea25e63,1.733222,20.0,1,14149,1,1,0,0,1,0,0,0,0,0,0,0,0,1
439,3,c3b488c178849f9c,2.345758,19.519323,1,13986,1,0,0,0,0,0,0,0,0,0,0,0,0,1
440,3,d07fe4da74ae592c,1.764044,20.0,1,14015,1,1,0,0,1,0,0,0,0,0,0,0,0,1
441,3,ee0c0ba6e5273133,2.368913,16.257182,0,13942,1,0,0,0,0,0,0,0,0,0,0,0,0,0
442,3,0413813b2417e088,1.779676,19.171102,1,14098,1,1,0,0,1,0,0,0,0,0,0,0,0,1
443,3,9f9d897994051f4e,1.338342,17.897444,1,13842,1,1,0,0,1,0,0,0,0,0,0,0,0,0
444,3,e9ddea751f477542,1.005446,20.0,1,13936,1,1,0,0,1,0,0,0,0,0,0,0,0,1
445,3,c1d68523a27fb88e,2.842661,18.807133,1,13726,2,0,0,0,0,0,0,0,0,0,0,0,0,1
446,3,46781a87e06cecff,2.135585,20.0,1,13811,1,1,0,0,1,0,0,0,0,0,0,0,0,1
447,3,18067cc0699ef92b,2.650141,15.857563,0,13878,1,0,0,0,0,0,0,0,0,0,0,0,0,0
448,3,6abed7f8ab586a1d,1.990952,18.870883,1,13866,1,1,0,0,1,0,0,0,0,0,0,0,0,1
449,3,1b9182f399ed5313,2.539381,14.176989,0,13514,1,0,0,0,0,0,0,0,0,0,0,0,0,0
450,3,eeb96892a467eac9,1.909651,17.622301,1,13686,1,1,0,0,1,0,0,0,0,0,0,0,0,1
451,3,f34b33624adf03dd,1.434649,16.717821,1,13870,1,1,0,0,1,0,0,0,0,0,0,0,0,0
452,3,9ae3a6ddb12564bd,2.121452,16.038318,1,13879,1,0,0,0,0,0,0,0,0,0,0,0,0,1
453,3,ad2fa6021f2ad322,1.593767,15.527833,1,13973,1,1,0,0,1,0,0,0,0,0,0,0,0,0
454,3,1d1c700300ad8b75,1.198536,15.157654,1,13827,1,1,0,0,0,0,0,0,0,0,0,0,0,1
455,3,6db962aec6859630,2.987722,18.345068,1,13777,2,0,0,0,1,0,0,0,0,0,0,0,0,1
456,3,c0a47a280212b9c1,2.244564,17.260808,1,13868,1,1,0,0,1,0,0,0,0,0,0,0,0,0
457,3,181cbd97e2791854,1.687944,16.460875,1,13680,1,1,0,0,0,0,0,0,0,0,0,0,0,1
458,3,0b6ccf3312acc01e,2.311743,19.324129,1,13715,1,0,0,0,1,0,0,0,0,0,0,0,0,1
459,3,dfce78429dd965d5,1.736726,17.996341,1,13719,1,1,0,0,1,0,0,0,0,0,0,0,0,0
460,3,c88bbc6dd158c55b,1.304737,20.0,1,13835,1,1,0,0,1,0,0,0,0,0,0,0,0,1
461,3,37a5728422eb2cc2,0.981181,18.879999,1,13715,1,1,0,0,1,0,0,0,0,0,0,0,0,0
462,3,af19ac75cc826345,1.780778,17.662682,1,13721,1,0,0,0,0,0,0,0,0,0,0,0,0,1
463,3,6c24ab278b3b84de,0.294178,16.748157,1,13758,0,1,0,0,1,0,0,0,0,0,0,0,0,0
464,3,dfa01c72bbe4cfbb,0.221226,16.075355,1,13649,1,1,0,0,1,0,0,0,0,0,0,0,0,0
465,3,af5d7f2c4ac307b3,1.209853,15.555658,1,13778,1,0,0,0,0,0,0,0,0,0,0,0,0,1
466,3,813b497f09095e90,0.908917,15.165229,1,13821,1,1,0,0,1,0,0,0,0,0,0,0,0,0
467,3,fd74a9fa189a8ad2,0.682835,18.350758,1,13729,1,1,0,0,1,0,0,0,0,0,0,0,0,1
468,3,6a1674d02813706a,1.557652,17.280534,1,13646,1,0,0,0,0,0,0,0,0,0,0,0,0,1
469,3,59fe21d5da758557,1.170206,16.461063,1,13817,1,1,0,0,1,0,0,0,0,0,0,0,0,0
470,3,9c5689691850936b,1.922785,19.324271,1,13861,2,1,0,0,1,0,0,0,0,0,0,0,0,1
471,3,51c68a482155290a,1.445962,20.0,1,14109,1,1,0,0,1,0,0,0,0,0,0,0,0,1
472,3,a0765370ba45ebe4,1.086297,16.146985,0,14042,1,1,0,0,0,0,0,0,0,0,0,0,0,0
473,3,301682a5ee3a0d77,1.859748,19.088315,1,14059,1,0,0,0,1,0,0,0,0,0,0,0,0,1
474,3,0f13f84e387dd82a,1.397159,17.819182,1,14136,1,1,0,0,1,0,0,0,0,0,0,0,0,0
475,3,9b6bf77ebc87f3d6,1.050684,20.0,1,13961,1,1,0,0,1,0,0,0,0,0,0,0,0,1
476,3,52e34b041aac78e7,0.789339,15.29667,0,14071,1,1,0,0,0,0,0,0,0,0,0,0,0,0
477,3,1f6d57c0b1017e80,1.636654,18.449506,1,14679,1,0,0,0,1,0,0,0,0,0,0,0,0,1
478,3,c14e798b32689966,1.230787,20.0,1,14851,1,1,0,0,1,0,0,0,0,0,0,0,0,1
479,3,e9ebae96716c6d20,1.968298,20.0,1,14934,2,1,0,0,1,0,0,0,0,0,0,0,0,1
480,3,d28cc9f3770e3889,2.522362,20.0,1,14879,2,1,0,0,1,0,0,0,0,0,0,0,0,1
481,3,557b258f89df5886,2.93861,20.0,1,14960,1,0,0,0,0,0,0,0,0,0,0,0,0,1
482,3,b8624807bfc7466d,2.209876,20.0,1,15122,1,1,0,0,1,0,0,0,0,0,0,0,0,1
483,3,1f8fa3e3b523480d,1.660197,20.0,1,14046,1,1,0,0,1,0,0,0,0,0,0,0,0,1
484,3,8fc92e5e549dca6a,2.290898,20.0,1,13601,2,1,0,0,1,0,0,0,0,0,0,0,0,0
485,3,e16a860b922758ef,2.766938,19.833826,1,13650,1,0,0,0,0,0,0,0,0,0,0,0,0,1
486,3,16120c0924ae605a,2.078697,18.379256,1,13755,1,1,0,0,1,0,0,0,0,0,0,0,0,0
487,3,672d32c34078a12e,1.561648,20.0,1,13270,1,1,0,0,1,0,0,0,0,0,0,0,0,1
488,3,062ba6c1a8106e18,2.216861,19.079066,1,13338,1,0,0,0,0,0,0,0,0,0,0,0,0,1
489,3,0b0ae5324090b240,1.667111,17.828231,1,13073,1,1,0,0,1,0,0,0,0,0,0,0,0,0
490,3,515b0f1e384d8bda,1.252438,20.0,1,12690,1,1,0,0,1,0,0,0,0,0,0,0,0,1
491,3,600d5ccc5903184c,0.94091,18.76807,1,12603,1,1,0,0,1,0,0,0,0,0,0,0,0,0
492,3,7d799427d07f75b3,1.751728,17.594358,1,12530,1,0,0,0,0,0,0,0,0,0,0,0,0,1
493,3,238dc2de07a8a801,1.316008,16.696828,1,13163,1,1,0,0,1,0,0,0,0,0,0,0,0,0
494,3,1eb05de850e3e756,0.988668,19.501392,1,13107,1,1,0,0,1,0,0,0,0,0,0,0,0,1
495,3,dc1dac9146c9f0f4,0.742749,18.129511,1,13015,1,1,0,0,1,0,0,0,0,0,0,0,0,0
496,3,607cdd237d17a49b,1.602708,17.114152,1,12978,1,0,0,0,0,0,0,0,0,0,0,0,0,1
497,3,c399d2ed4f6654ff,1.204055,19.814912,1,13030,1,1,0,0,1,0,0,0,0,0,0,0,0,1
498,3,3bb6e61e867af003,0.904561,18.365047,1,13070,1,1,0,0,1,0,0,0,0,0,0,0,0,0
499,3,13f04fa9caccb88b,1.724394,17.291279,1,12981,1,0,0,0,0,0,0,0,0,0,0,0,0,1
500,3,83e00d4c505f57d6,1.295472,19.947981,1,12860,1,1,0,0,1,0,0,0,0,0,0,0,0,1
501,3,f8095f8a5d26f873,0.97324,18.465017,1,12454,1,1,0,0,1,0,0,0,0,0,0,0,0,0
502,3,f924dbf997a29af1,0.731159,20.0,1,12527,1,1,0,0,1,0,0,0,0,0,0,0,0,1
503,3,84e5b5149e37d265,1.593992,19.144782,1,12496,1,0,0,0,0,0,0,0,0,0,0,0,0,1
504,3,37d0280a3df29427,1.197507,17.861604,1,12492,1,1,0,0,1,0,0,0,0,0,0,0,0,0
505,3,612a97086fdbf167,0.899642,16.8976,1,12460,1,1,0,0,1,0,0,0,0,0,0,0,0,0
506,3,4d06f9abd38022c4,0.676544,19.668239,1,12709,1,1,0,0,1,0,0,0,0,0,0,0,0,1
507,3,2d15e09a60ee3966,0.508262,14.776013,0,12591,1,1,0,0,0,0,0,0,0,0,0,0,0,0
508,3,dc0c1f7b13bbdd63,2.469145,18.058355,1,12847,2,0,0,0,1,0,0,0,0,0,0,0,0,1
509,3,8972031db3d8ddb6,1.854976,20.0,1,12924,1,1,0,0,1,0,0,0,0,0,0,0,0,1
510,3,bc5973d8b2136712,1.394969,20.0,1,12946,1,1,0,0,1,0,0,0,0,0,0,0,0,1
511,3,2b3dfecd405e6903,3.135294,20.0,1,12939,2,0,0,0,0,0,0,0,0,0,0,0,0,1
512,3,f57d5e918159ad97,2.35543,20.0,1,13145,1,1,0,0,1,0,0,0,0,0,0,0,0,1
513,3,962a424c3cb34eef,1.771317,20.0,1,13053,1,1,0,0,1,0,0,0,0,0,0,0,0,0
514,3,662764e507d75819,1.330724,20.0,1,13090,1,1,0,0,1,0,0,0,0,0,0,0,0,1
515,3,cb07508dbccef423,2.043377,16.618589,0,13007,1,0,0,0,0,0,0,0,0,0,0,0,0,0
516,3,8cdd6ba0d6c7e8c7,2.578766,19.442614,1,12918,2,1,0,0,1,0,0,0,0,0,0,0,0,1
517,3,cbe6ea3e14a7b3e3,1.939269,20.0,1,12948,1,1,0,0,1,0,0,0,0,0,0,0,0,1
518,3,2793ffccc4b6b36e,2.500553,19.692689,1,12990,1,0,0,0,0,0,0,0,0,0,0,0,0,1
519,3,654b0af9344a69b8,1.878572,20.0,1,12919,1,1,0,0,1,0,0,0,0,0,0,0,0,1
520,3,fdcd7b6d94a60cd3,1.412713,19.838369,1,12909,1,1,0,0,1,0,0,0,0,0,0,0,0,0
521,3,26ce6c4c4c6cab0c,1.061319,20.0,1,13122,1,1,0,0,1,0,0,0,0,0,0,0,0,1
522,3,f33b59e159a4e7b2,1.840982,19.902582,1,13184,1,0,0,0,0,0,0,0,0,0,0,0,0,1
523,3,39a911730c211e46,1.383061,18.430911,1,13224,1,1,0,0,1,0,0,0,0,0,0,0,0,0
524,3,67061e8c68b9f45f,3.128383,17.340809,1,13052,2,0,0,0,0,0,0,0,0,0,0,0,0,1
525,3,e382cbc034491143,2.350237,19.985191,1,13137,1,1,0,0,1,0,0,0,0,0,0,0,0,1
526,3,60ab893d9ede959e,1.765645,20.0,1,13135,1,1,0,0,1,0,0,0,0,0,0,0,0,1
527,3,e0a4ce1c79a31ea1,2.371941,16.523119,0,13091,1,0,0,0,0,0,0,0,0,0,0,0,0,0
528,3,eabbe59e02cec09b,1.78195,19.37089,1,13162,1,1,0,0,1,0,0,0,0,0,0,0,0,1
529,3,797c79e72c358f55,2.382366,14.552626,0,12747,1,0,0,0,0,0,0,0,0,0,0,0,0,0
530,3,eec51c80e71c8674,1.789783,17.890533,1,12833,1,1,0,0,1,0,0,0,0,0,0,0,0,1
531,3,ed05ce25372e3cbf,1.345942,16.934437,1,12695,1,1,0,0,0,0,0,0,0,0,0,0,0,1
532,3,f0b2ac213cc95cdd,2.054809,16.201054,1,12950,1,0,0,0,1,0,0,0,0,0,0,0,0,0
533,3,a7cd66fe9ed41f1f,1.543701,19.128935,1,13013,1,1,0,0,1,0,0,0,0,0,0,0,0,1
534,3,e4bbadba08e14d63,2.205036,17.865734,1,12741,1,0,0,0,0,0,0,0,0,0,0,0,0,1
535,3,aa14dd0b8608ae3d,1.656561,16.900702,1,12804,1,1,0,0,1,0,0,0,0,0,0,0,0,0
536,3,606892dd3b9be2a6,2.288166,16.17571,1,12547,1,0,0,0,0,0,0,0,0,0,0,0,0,1
537,3,59bc54d260153390,1.719013,19.109896,1,12576,1,1,0,0,1,0,0,0,0,0,0,0,0,1
538,3,fa00f6dcca1f99b8,2.336873,14.370914,0,12759,1,0,0,0,0,0,0,0,0,0,0,0,0,0
539,3,d2c885ec5b76dd75,1.755605,17.754019,1,12664,1,1,0,0,1,0,0,0,0,0,0,0,0,1
540,3,811bb49c8ac5e587,2.362574,13.337931,0,12605,1,0,0,0,0,0,0,0,0,0,0,0,0,0
541,3,0e5a01c862079543,1.776689,16.991318,1,12613,1,1,0,0,1,0,0,0,0,0,0,0,0,1
542,3,fad30bc024b90e12,1.33476,16.243786,1,12776,1,1,0,0,1,0,0,0,0,0,0,0,0,0
543,3,1aeeb449fd621ff7,2.046409,15.682194,1,12887,1,0,0,0,0,0,0,0,0,0,0,0,0,1
544,3,eb84ae6176dfa550,0.493737,15.260291,1,12851,0,1,0,0,1,0,0,0,0,0,0,0,0,0
545,3,fc17bb71c17e6d2b,1.415448,11.475956,0,12912,1,0,0,0,0,0,0,0,0,0,0,0,0,0
546,3,8ee5c338f452331d,2.107026,15.579146,1,12827,2,1,0,0,1,0,0,0,0,0,0,0,0,1
547,3,5c3aff62d91a47f6,0.539277,15.182874,1,12824,0,1,0,0,1,0,0,0,0,0,0,0,0,0
548,3,b04689e2cf504a8b,2.493845,14.89824,1,12832,2,0,0,0,0,0,0,0,0,0,0,0,0,1
549,3,b1bdf6259ccc6921,0.829879,14.671335,1,13016,0,1,0,0,1,0,0,0,0,0,0,0,0,0
550,3,8a91a2b17d51ac74,0.623457,14.50087,1,12830,1,1,0,0,0,0,0,0,0,0,0,0,0,1
551,4,1fd48474a6be9a50,1.512033,14.372806,1,14013,1,0,0,0,1,0,0,0,0,0,0,0,0,0
552,4,530e0ea8d92a6d51,2.181221,17.769558,1,13984,2,1,0,0,1,0,0,0,0,0,0,0,0,1
553,4,9d91a06f605c6d81,1.63867,13.349605,0,14085,0,0,0,0,0,0,0,0,0,0,0,0,0,0
554,4,1bedfd585b1aa4b9,1.231071,16.986748,1,14155,1,1,0,0,1,0,0,0,0,0,0,0,0,1
555,4,26a9669cba5af3ef,1.969934,19.73528,1,14266,2,1,0,0,1,0,0,0,0,0,0,0,0,1
556,4,4f55c5e4b2d3c044,2.523591,14.826378,0,14018,1,0,0,0,0,0,0,0,0,0,0,0,0,0
557,4,429a6cfc04b09590,1.89588,18.096193,1,14250,1,1,0,0,1,0,0,0,0,0,0,0,0,1
558,4,bfd1095e82cc3b3f,1.424303,20.0,1,14049,1,1,0,0,1,0,0,0,0,0,0,0,0,1
559,4,e8a24dfe484cb614,2.115247,15.45591,0,14030,1,0,0,0,0,0,0,0,0,0,0,0,0,0
560,4,a8eb40163c807ab7,1.589106,18.569136,1,13991,1,1,0,0,1,0,0,0,0,0,0,0,0,1
561,4,b734eb68cadec0ba,1.193836,17.429143,1,13980,1,1,0,0,1,0,0,0,0,0,0,0,0,0
562,4,03ed9d518f369873,1.941932,16.587465,1,13970,1,0,0,0,0,0,0,0,0,0,0,0,0,1
563,4,cd43fcebe8f5e6e6,1.458901,19.419232,1,13983,1,1,0,0,1,0,0,0,0,0,0,0,0,1
564,4,338e1a6d9a9334b5,1.096018,18.067787,1,13872,1,1,0,0,1,0,0,0,0,0,0,0,0,0
565,4,f71f04d2a5841727,0.823397,20.0,1,13964,1,1,0,0,1,0,0,0,0,0,0,0,0,1
566,4,dab4ff966e399802,0.619206,15.439862,0,13966,1,1,0,0,0,0,0,0,0,0,0,0,0,0
567,4,339e340883d8ecaf,1.50884,18.55708,1,13927,1,0,0,0,1,0,0,0,0,0,0,0,0,1
568,4,0f3eea50b2030a66,1.133535,20.0,1,14111,1,1,0,0,1,0,0,0,0,0,0,0,0,1
569,4,157d3461e0a7f335,0.852435,19.196795,1,13966,1,1,0,0,1,0,0,0,0,0,0,0,0,0
570,4,f1991b9aba19249f,1.684056,17.900679,1,14018,1,0,0,0,0,0,0,0,0,0,0,0,0,1
571,4,f0cae4ef532c2023,1.265168,16.926955,1,13984,1,1,0,0,1,0,0,0,0,0,0,0,0,0
572,4,7630abeab872e6cf,0.950473,19.674278,1,13955,1,1,0,0,1,0,0,0,0,0,0,0,0,1
573,4,253c29c9cd31f14d,1.75892,14.795337,0,13991,1,0,0,0,0,0,0,0,0,0,0,0,0,0
574,4,1bcd43f2b236da2a,1.321411,18.072873,1,13973,1,1,0,0,1,0,0,0,0,0,0,0,0,1
575,4,190012cb2cd5517d,2.03638,20.0,1,13942,2,1,0,0,1,0,0,0,0,0,0,0,0,1
576,4,752285f96761bfac,1.531387,15.442735,0,13896,1,1,0,0,0,0,0,0,0,0,0,0,0,0
577,4,8ce008444b943984,2.194127,18.559239,1,13869,1,0,0,0,1,0,0,0,0,0,0,0,0,1
578,4,815cbd6616cc478f,1.648366,20.0,1,14175,1,1,0,0,1,0,0,0,0,0,0,0,0,1
579,4,ea182be542b69bac,1.238355,20.0,1,13942,1,1,0,0,1,0,0,0,0,0,0,0,0,1
580,4,98558a7fe6a345e2,0.931261,20.0,1,13897,1,1,0,0,1,0,0,0,0,0,0,0,0,0
581,4,ea40987dff05550d,1.743275,18.895326,1,13861,1,0,0,0,0,0,0,0,0,0,0,0,0,1
582,4,bd84d51435d6859a,2.353311,20.0,1,13941,2,1,0,0,1,0,0,0,0,0,0,0,0,1
583,4,b3773e59edaae1a5,1.769723,19.38789,1,14050,1,1,0,0,1,0,0,0,0,0,0,0,0,0
584,4,5dadae3439224eef,1.329527,20.0,1,13900,1,1,0,0,1,0,0,0,0,0,0,0,0,1
585,4,bf32681d9402a0dc,2.042477,16.16949,0,14171,1,0,0,0,0,0,0,0,0,0,0,0,0,0
586,4,f7bd4e508f328e99,1.534437,19.105222,1,14078,1,1,0,0,1,0,0,0,0,0,0,0,0,1
587,4,7c7cf98600a1ae76,1.153918,17.847901,1,13898,1,1,0,0,1,0,0,0,0,0,0,0,0,0
588,4,4330f499d34eea83,0.866896,16.887306,1,13985,1,1,0,0,0,0,0,0,0,0,0,0,0,1
589,4,574139667abb0c89,2.738573,19.64449,1,13932,2,0,0,0,1,0,0,0,0,0,0,0,0,1
590,4,92baeeda50fe0e26,2.059446,20.0,1,13949,1,1,0,0,1,0,0,0,0,0,0,0,0,1
591,4,80a0120ed18f2275,1.547185,19.806741,1,14148,1,1,0,0,1,0,0,0,0,0,0,0,0,0
592,4,8dedeb0367e4f2e3,2.205995,18.358909,1,13846,1,0,0,0,0,0,0,0,0,0,0,0,0,1
593,4,cce480df118a4b64,1.657282,20.0,1,13954,1,1,0,0,1,0,0,0,0,0,0,0,0,1
594,4,74af5b71dff1f83a,1.2463,20.0,1,13853,1,1,0,0,1,0,0,0,0,0,0,0,0,1
595,4,5a3027c7f942d721,0.936298,20.0,1,14099,1,1,0,0,1,0,0,0,0,0,0,0,0,0
596,4,a7f28a02bc25ffcb,1.747059,20.0,1,13884,2,1,0,0,1,0,0,0,0,0,0,0,0,1
597,4,d5293be15af3da23,1.313813,16.775175,0,13946,0,0,0,0,0,0,0,0,0,0,0,0,0,0
598,4,5fbd520df55a8630,2.030672,19.560251,1,13900,2,1,0,0,1,0,0,0,0,0,0,0,0,1
599,4,3bdfbc512c496928,1.525568,20.0,1,13842,1,1,0,0,1,0,0,0,0,0,0,0,0,1
600,4,1951e40916662b8e,2.189756,16.266769,0,14019,1,0,0,0,0,0,0,0,0,0,0,0,0,0
601,4,907c65a13f795e16,1.646728,19.193846,1,13654,1,1,0,0,1,0,0,0,0,0,0,0,0,1
602,4,5acd553b9d7683bb,2.280778,20.0,1,13987,2,1,0,0,1,0,0,0,0,0,0,0,0,1
603,4,1092b989fed9604c,1.713463,20.0,1,14035,1,1,0,0,1,0,0,0,0,0,0,0,0,1
604,4,0cd99c2508491f4d,2.332699,17.309609,0,13928,1,0,0,0,0,0,0,0,0,0,0,0,0,0
605,4,f5ecba85c3d44a61,1.75247,19.961752,1,13945,1,1,0,0,1,0,0,0,0,0,0,0,0,1
606,4,6909b0fbd85f93b4,2.360218,20.0,1,13943,2,1,0,0,1,0,0,0,0,0,0,0,0,1
607,4,c3b33a0555f7ba33,1.773144,19.972219,1,13950,1,1,0,0,1,0,0,0,0,0,0,0,0,0
608,4,827b434043f4964e,1.333429,20.0,1,13864,1,1,0,0,1,0,0,0,0,0,0,0,0,1
609,4,11385a7444372124,2.045409,19.991895,1,13808,1,0,0,0,0,0,0,0,0,0,0,0,0,1
610,4,c8195c0fd4249d3f,2.580293,20.0,1,13914,2,1,0,0,1,0,0,0,0,0,0,0,0,1
611,4,51e269a22f38096a,1.940417,20.0,1,13972,1,1,0,0,1,0,0,0,0,0,0,0,0,1
612,4,35db90f1d130ec05,1.457763,20.0,1,14056,1,1,0,0,1,0,0,0,0,0,0,0,0,0
613,4,4f55ed2486312fd2,2.138816,19.348841,1,13836,1,0,0,0,0,0,0,0,0,0,0,0,0,1
614,4,355d9367d5ba0cb3,1.606812,18.014906,1,14003,1,1,0,0,1,0,0,0,0,0,0,0,0,0
615,4,fc1fc1d0898ec396,2.252496,20.0,1,13922,2,1,0,0,1,0,0,0,0,0,0,0,0,1
616,4,9fe2b489a847289b,1.692216,18.886091,1,13944,1,1,0,0,0,0,0,0,0,0,0,0,0,1
617,4,a430de40e1c20213,2.314952,20.0,1,13757,1,0,0,0,1,0,0,0,0,0,0,0,0,1
618,4,c12b4f05790372b4,1.740877,19.382673,1,13825,1,1,0,0,1,0,0,0,0,0,0,0,0,0
619,4,614e4d2b1a2514c4,2.351509,20.0,1,13863,2,1,0,0,1,0,0,0,0,0,0,0,0,1
620,4,28b7f09f97db9afe,2.810254,19.64539,1,13977,1,0,0,0,0,0,0,0,0,0,0,0,0,1
621,4,08983b2c075f5163,2.111239,18.237691,1,13987,1,1,0,0,1,0,0,0,0,0,0,0,0,0
622,4,4abc2efcfa8d07cf,1.587682,20.0,1,13805,1,1,0,0,1,0,0,0,0,0,0,0,0,1
623,4,b8a0db1ddc95a340,2.236419,19.011956,1,13919,1,0,0,0,0,0,0,0,0,0,0,0,0,1
624,4,f6958a499ea66994,2.723792,20.0,1,13924,2,1,0,0,1,0,0,0,0,0,0,0,0,1
625,4,4e9f28886ead2dd3,2.04833,19.453781,1,13780,1,1,0,0,1,0,0,0,0,0,0,0,0,0
626,4,c155268ee10081e0,2.582487,18.093743,1,13695,1,0,0,0,0,0,0,0,0,0,0,0,0,1
627,4,590e68b029f19bcd,1.940126,17.071997,1,14001,1,1,0,0,1,0,0,0,0,0,0,0,0,0
628,4,599580c24e5f6ef4,2.501198,16.304398,1,13933,1,0,0,0,0,0,0,0,0,0,0,0,0,1
629,4,140dbdc241533353,1.880936,19.222143,1,13987,1,1,0,0,1,0,0,0,0,0,0,0,0,1
630,4,1725d2874b813441,1.413077,14.440877,0,13879,1,1,0,0,0,0,0,0,0,0,0,0,0,0
631,4,507896d8cf390987,3.148899,17.80658,1,13997,2,0,0,0,1,0,0,0,0,0,0,0,0,1
632,4,2dcdf0d2087f3e6d,2.368017,20.0,1,13884,1,1,0,0,1,0,0,0,0,0,0,0,0,1
633,4,fe25c3145e5e7ae6,2.822656,18.768395,1,13869,1,0,0,0,0,0,0,0,0,0,0,0,0,1
634,4,5db15f647d09f074,2.120556,17.578838,1,13951,1,1,0,0,1,0,0,0,0,0,0,0,0,0
635,4,1b9600db42f883a0,2.636748,16.685169,1,14041,1,0,0,0,0,0,0,0,0,0,0,0,0,1
636,4,e0c6572184c269a7,1.982872,16.027986,1,13751,1,1,0,0,1,0,0,0,0,0,0,0,0,0
637,4,bbee4797dd4a42fb,1.489657,18.998916,1,13813,1,1,0,0,1,0,0,0,0,0,0,0,0,1
638,4,d5bcdda2ed57a3b0,3.206431,17.75202,1,13956,2,0,0,0,0,0,0,0,0,0,0,0,0,1
639,4,ace5c4b1aebeba7c,2.411282,20.0,1,13721,1,1,0,0,1,0,0,0,0,0,0,0,0,1
640,4,46252c684e301e3a,1.811506,18.737571,1,13872,1,1,0,0,1,0,0,0,0,0,0,0,0,0
641,4,6f5a681068fdc2ef,2.40457,17.555681,1,13644,1,0,0,0,0,0,0,0,0,0,0,0,0,1
642,4,55548a980d6fb167,1.806463,16.667771,1,13653,1,1,0,0,1,0,0,0,0,0,0,0,0,0
643,4,d06d1ede93cb5c7d,2.402637,16.014903,1,13764,1,0,0,0,0,0,0,0,0,0,0,0,0,1
644,4,91582df11b595276,1.805011,15.510243,1,14022,1,1,0,0,1,0,0,0,0,0,0,0,0,0
645,4,212c883ce6be1ec0,1.356037,18.609955,1,13845,1,1,0,0,1,0,0,0,0,0,0,0,0,1
646,4,3fdd42ad881bc2dd,1.019759,17.475453,1,13986,1,1,0,0,1,0,0,0,0,0,0,0,0,0
647,4,f4ace81864a8670b,1.809761,16.607499,1,13889,1,0,0,0,0,0,0,0,0,0,0,0,0,1
648,4,6fd920ab1364e5c3,1.359605,15.955438,1,13900,1,1,0,0,1,0,0,0,0,0,0,0,0,0
649,4,d9e9c8247dfec9be,1.021421,18.944413,1,13720,1,1,0,0,1,0,0,0,0,0,0,0,0,1
650,4,3af1275904426620,0.768123,17.72697,1,13679,1,1,0,0,1,0,0,0,0,0,0,0,0,0
651,4,9c070f7c4029965e,1.620715,16.796455,1,13834,1,0,0,0,0,0,0,0,0,0,0,0,0,1
652,4,cd13dd21f44f4a1e,1.217583,16.097393,1,13864,1,1,0,0,1,0,0,0,0,0,0,0,0,0
653,4,1006a569a32ea238,0.91564,19.066472,1,13678,1,1,0,0,1,0,0,0,0,0,0,0,0,1
654,4,24a680cf6118e524,1.731539,14.323928,0,13692,1,0,0,0,0,0,0,0,0,0,0,0,0,0
655,4,e6ef03d32689b62b,1.300841,17.718721,1,13782,1,1,0,0,1,0,0,0,0,0,0,0,0,1
656,4,95df3e787da6ff05,0.977273,16.790257,1,13864,1,1,0,0,1,0,0,0,0,0,0,0,0,0
657,4,db344f8c196824c0,1.779074,16.107014,1,13710,1,0,0,0,0,0,0,0,0,0,0,0,0,1
658,4,bad657e1b818a26d,2.380205,19.058287,1,13796,2,1,0,0,1,0,0,0,0,0,0,0,0,1
659,4,ffa869edd5521486,1.788159,17.796623,1,13720,1,1,0,0,1,0,0,0,0,0,0,0,0,0
660,4,226bd1365c51a1da,1.344721,20.0,1,13809,1,1,0,0,1,0,0,0,0,0,0,0,0,1
661,4,6d03386997c5cbf3,2.053892,15.283925,0,13711,1,0,0,0,0,0,0,0,0,0,0,0,0,0
662,4,17e6d47843b58709,1.543012,18.439931,1,13757,1,1,0,0,1,0,0,0,0,0,0,0,0,1
663,4,34417e828e4e07d3,1.159207,20.0,1,13806,1,1,0,0,1,0,0,0,0,0,0,0,0,1
664,4,281f9efc8d219d12,0.871741,19.13061,1,13725,1,1,0,0,1,0,0,0,0,0,0,0,0,0
665,4,600deb331ca51a52,1.698559,17.850957,1,13861,1,0,0,0,0,0,0,0,0,0,0,0,0,1
666,4,b6ca2385ec283e38,2.319718,20.0,1,13661,2,1,0,0,1,0,0,0,0,0,0,0,0,1
667,4,39b4e1e8d2e80afc,0.70031,18.797863,1,13640,0,1,0,0,1,0,0,0,0,0,0,0,0,0
668,4,52058bc17d61d9a9,0.526117,17.600976,1,13749,1,1,0,0,1,0,0,0,0,0,0,0,0,0
669,4,678f05a8dbda2b0c,2.482559,16.7018,1,13620,2,0,0,0,0,0,0,0,0,0,0,0,0,1
670,4,8c7f503bb0f02c9e,1.865053,19.505127,1,13797,1,1,0,0,1,0,0,0,0,0,0,0,0,1
671,4,559aae2a6b89546b,1.402547,20.0,1,13702,1,1,0,0,1,0,0,0,0,0,0,0,0,1
672,4,c62046bb1f5139dd,1.053681,16.249162,0,13854,1,1,0,0,0,0,0,0,0,0,0,0,0,0
673,4,fc0b7129fd488a35,1.835244,19.165077,1,14663,1,0,0,0,1,0,0,0,0,0,0,0,0,1
674,4,e2ef551721558fbf,1.38013,17.892913,1,14477,1,1,0,0,1,0,0,0,0,0,0,0,0,0
675,4,796d4a2d980fb089,1.03684,20.0,1,14758,1,1,0,0,1,0,0,0,0,0,0,0,0,1
676,4,371846c1e4f0deef,1.822593,20.0,1,14391,2,1,0,0,1,0,0,0,0,0,0,0,0,1
677,4,1e1ceb7e516ce972,1.369246,20.0,1,15476,1,1,0,0,0,0,0,0,0,0,0,0,0,1
678,4,468b18d834e71a91,2.073843,18.685888,1,15523,1,0,0,0,1,0,0,0,0,0,0,0,0,0
679,4,671c72427eb7b553,2.601654,20.0,1,15614,2,1,0,0,1,0,0,0,0,0,0,0,0,1
680,4,bc2657eecf61f3cc,1.954525,20.0,1,15792,1,1,0,0,1,0,0,0,0,0,0,0,0,1
681,4,ac6102baf6bc3e9f,2.513981,20.0,1,15813,1,0,0,0,0,0,0,0,0,0,0,0,0,1
682,4,7b82eeb26a610601,2.932314,20.0,1,15545,2,1,0,0,1,0,0,0,0,0,0,0,0,1
683,4,82648ad9503f38fb,2.202938,20.0,1,15891,1,1,0,0,1,0,0,0,0,0,0,0,0,0
684,4,9ebc1834bd5ff9ea,1.654985,20.0,1,15319,1,1,0,0,1,0,0,0,0,0,0,0,0,1
685,4,6bb4c38c44bd3eeb,3.332873,20.0,1,15090,2,0,0,0,0,0,0,0,0,0,0,0,0,1
686,4,4088e016e9e1c720,2.503863,20.0,1,15066,1,1,0,0,1,0,0,0,0,0,0,0,0,1
687,4,ba03d8d1381ca1fb,1.881059,20.0,1,15067,1,1,0,0,1,0,0,0,0,0,0,0,0,1
688,4,5c63f10ad74a7664,2.458733,17.733123,0,14952,1,0,0,0,0,0,0,0,0,0,0,0,0,0
689,4,89ba1c28d5ae0eb1,1.847154,20.0,1,13827,1,1,0,0,1,0,0,0,0,0,0,0,0,1
690,4,ffd71024e7a317eb,2.431351,20.0,1,13213,2,1,0,0,1,0,0,0,0,0,0,0,0,1
691,4,ecd515e7acf7951d,1.826583,20.0,1,13238,1,1,0,0,1,0,0,0,0,0,0,0,0,0
692,4,2f4b3a76e1870f40,2.417767,18.634937,1,13117,1,0,0,0,0,0,0,0,0,0,0,0,0,1
693,4,7a85218b15a5bed6,1.816378,17.478576,1,13302,1,1,0,0,1,0,0,0,0,0,0,0,0,0
694,4,7f7eded669bd7025,1.364577,20.0,1,13062,1,1,0,0,1,0,0,0,0,0,0,0,0,1
695,4,b01cccb653143cc2,2.070332,15.106981,0,13521,1,0,0,0,0,0,0,0,0,0,0,0,0,0
696,4,61b6ecaf4b846787,2.599016,18.306999,1,13608,2,1,0,0,1,0,0,0,0,0,0,0,0,1
697,4,6f203f3936875e08,1.952544,20.0,1,13926,1,1,0,0,1,0,0,0,0,0,0,0,0,1
698,4,799bc911da657005,1.466873,20.0,1,14883,1,1,0,0,1,0,0,0,0,0,0,0,0,1
699,4,1e9f4ead292e5259,2.14726,20.0,1,14382,1,0,0,0,0,0,0,0,0,0,0,0,0,1
700,4,9c2989cfd6edb997,1.613156,18.814897,1,14684,1,1,0,0,1,0,0,0,0,0,0,0,0,0
701,4,eb885094c9c0e2cf,1.211904,20.0,1,14370,1,1,0,0,1,0,0,0,0,0,0,0,0,1
702,4,bbda585d026d8ff7,1.95552,20.0,1,14335,2,1,0,0,1,0,0,0,0,0,0,0,0,1
703,4,70b559f7cda05bfa,1.469109,20.0,1,15363,1,1,0,0,0,0,0,0,0,0,0,0,0,1
704,4,458d3c401dad43e5,2.14734,20.0,1,15356,1,0,0,0,1,0,0,0,0,0,0,0,0,1
705,4,63a8493a6fe6419c,1.613216,20.0,1,15251,1,1,0,0,1,0,0,0,0,0,0,0,0,0
706,4,07fa0dc196fd3ba9,2.257312,20.0,1,15034,2,1,0,0,1,0,0,0,0,0,0,0,0,1
707,4,406f8d487d1c08ad,2.739488,20.0,1,15198,1,0,0,0,0,0,0,0,0,0,0,0,0,1
708,4,ed9f613d8d821911,2.058075,20.0,1,15069,1,1,0,0,1,0,0,0,0,0,0,0,0,1
709,4,be8856801b7fd801,2.591852,20.0,1,15456,2,1,0,0,1,0,0,0,0,0,0,0,0,1
710,4,aaa5a9c15f2b0457,1.947161,20.0,1,15198,1,1,0,0,1,0,0,0,0,0,0,0,0,1
711,4,b784b10c663764d2,2.506483,20.0,1,15400,1,0,0,0,0,0,0,0,0,0,0,0,0,1
712,4,427f96911351b356,1.883027,20.0,1,14941,1,1,0,0,1,0,0,0,0,0,0,0,0,0
713,4,0bd6122e0ce341ac,2.460214,20.0,1,15230,2,1,0,0,1,0,0,0,0,0,0,0,0,2
714,4,470103cf26cae096,1.848267,20.0,1,15329,1,1,0,0,1,0,0,0,0,0,0,0,0,0
715,4,1df778485d4838dc,2.432187,20.0,1,13978,1,0,0,0,0,0,0,0,0,0,0,0,0,1
716,4,e280bae25965601c,2.87319,20.0,1,12628,2,1,0,0,1,0,0,0,0,0,0,0,0,1
717,4,de09487d1ecb00bd,3.202173,20.0,1,12788,1,0,0,0,0,0,0,0,0,0,0,0,0,1
718,4,c23ca503212c3dbc,2.405673,18.716281,1,12857,1,1,0,0,1,0,0,0,0,0,0,0,0,0
719,4,a219c63372a87a49,2.850946,17.539686,1,12953,1,0,0,0,0,0,0,0,0,0,0,0,0,1
720,4,1a0341e44416bead,2.143952,16.670596,1,13199,1,1,0,0,1,0,0,0,0,0,0,0,0,0
721,4,4966c9a23eba8eee,1.610671,19.481685,1,13370,1,1,0,0,1,0,0,0,0,0,0,0,0,1
722,4,2c68a2220e7dda10,2.25369,20.0,1,13621,2,1,0,0,1,0,0,0,0,0,0,0,0,1
723,4,d3cbdb4de5f10428,2.738958,19.719159,1,14800,1,0,0,0,0,0,0,0,0,0,0,0,0,1
724,4,5f52ebb79ae5fe4d,2.057676,20.0,1,14590,1,1,0,0,1,0,0,0,0,0,0,0,0,1
725,4,e31cd60c426df3fd,2.589509,16.356457,0,14334,1,0,0,0,0,0,0,0,0,0,0,0,0,0
726,4,aa059ab8e70ee3ce,1.945401,19.245684,1,16130,1,1,0,0,1,0,0,0,0,0,0,0,0,1
727,4,94f2ef8e54a9e609,1.462969,17.95353,1,16360,1,1,0,0,1,0,0,0,0,0,0,0,0,0
728,4,7681e1e270510d78,2.142728,16.966661,1,16036,1,0,0,0,0,0,0,0,0,0,0,0,0,1
729,4,917568eb59d6685e,2.653404,19.704107,1,16175,2,1,0,0,1,0,0,0,0,0,0,0,0,1
730,4,f33af47a53fa0ffc,3.039548,18.298271,1,15641,1,0,0,0,0,0,0,0,0,0,0,0,0,1
731,4,07cfc2050ca96879,2.283499,13.746807,0,15703,1,1,0,0,0,0,0,0,0,0,0,0,0,0
732,4,85bd4f8029a075a1,3.802814,17.285151,1,16419,2,0,0,0,1,0,0,0,0,0,0,0,0,1
733,4,eb134def3aa62950,2.856912,19.943377,1,16446,1,1,0,0,1,0,0,0,0,0,0,0,0,1
734,4,9e0b9488232b712a,2.148439,20.0,1,16198,1,1,0,0,1,0,0,0,0,0,0,0,0,1
735,4,e9b0dc6b62ba72ac,2.657695,16.496756,0,16144,1,0,0,0,0,0,0,0,0,0,0,0,0,0
736,4,f330838d4727c097,3.04028,19.351085,1,16024,2,1,0,0,1,0,0,0,0,0,0,0,0,1
737,4,ea3a22cd5c263f74,3.330485,18.032793,1,15786,1,0,0,0,0,0,0,0,0,0,0,0,0,1
738,4,593f028fbdd10edf,2.502069,20.0,1,13927,1,1,0,0,1,0,0,0,0,0,0,0,0,1
739,4,859bfeda3b30483c,1.879711,18.883524,1,12823,1,1,0,0,1,0,0,0,0,0,0,0,0,0
740,4,5dc716f6d3c0daf6,1.412156,20.0,1,12770,1,1,0,0,1,0,0,0,0,0,0,0,0,1
741,4,c600c2729bee2415,2.106112,19.381222,1,12913,1,0,0,0,0,0,0,0,0,0,0,0,0,1
742,4,25d6ccda1149ba47,1.582243,18.039232,1,12917,1,1,0,0,1,0,0,0,0,0,0,0,0,0
743,4,fe39fa63a73e0ddd,2.232334,17.031045,1,12992,2,1,0,0,0,0,0,0,0,0,0,0,0,1
744,4,bdcd3b608ddd2175,2.722897,19.768592,1,12989,1,0,0,0,1,0,0,0,0,0,0,0,0,1
745,4,c93a1680c8acc679,2.045611,20.0,1,13027,1,1,0,0,1,0,0,0,0,0,0,0,0,1
746,4,30f363ed4af208af,1.536791,19.863201,1,12908,1,1,0,0,1,0,0,0,0,0,0,0,0,0
747,4,e9421d6d66845f29,0.11088,14.92248,0,12971,0,1,0,0,0,0,0,0,0,0,0,0,0,0
748,5,1fd48474a6be9a50,2.171685,18.182921,1,13850,2,0,0,0,1,0,0,0,0,0,0,0,0,1
749,5,530e0ea8d92a6d51,1.631505,20.0,1,14036,1,1,0,0,1,0,0,0,0,0,0,0,0,1
750,5,9d91a06f605c6d81,1.225689,20.0,1,14142,1,1,0,0,1,0,0,0,0,0,0,0,0,1
751,5,1bedfd585b1aa4b9,1.965886,16.880539,0,14218,1,0,0,0,0,0,0,0,0,0,0,0,0,0
752,5,26a9669cba5af3ef,1.476897,19.639407,1,14214,1,1,0,0,1,0,0,0,0,0,0,0,0,1
753,5,4f55c5e4b2d3c044,1.109537,20.0,1,14337,1,1,0,0,1,0,0,0,0,0,0,0,0,1
754,5,429a6cfc04b09590,0.833554,16.311445,0,14030,1,1,0,0,0,0,0,0,0,0,0,0,0,0
755,5,bfd1095e82cc3b3f,1.670995,19.227443,1,14151,1,0,0,0,1,0,0,0,0,0,0,0,0,1
756,5,e8a24dfe484cb614,1.255356,17.923703,1,13903,1,1,0,0,1,0,0,0,0,0,0,0,0,0
757,5,a8eb40163c807ab7,0.943102,20.0,1,13994,1,1,0,0,1,0,0,0,0,0,0,0,0,1
758,5,b734eb68cadec0ba,1.753377,15.35846,0,13949,1,0,0,0,0,0,0,0,0,0,0,0,0,0
759,5,03ed9d518f369873,1.317246,18.495926,1,13912,1,1,0,0,1,0,0,0,0,0,0,0,0,1
760,5,cd43fcebe8f5e6e6,0.989598,20.0,1,14054,1,1,0,0,1,0,0,0,0,0,0,0,0,1
761,5,338e1a6d9a9334b5,0.743448,19.144914,1,14032,1,1,0,0,1,0,0,0,0,0,0,0,0,0
762,5,f71f04d2a5841727,1.603234,17.87775,1,13986,1,0,0,0,0,0,0,0,0,0,0,0,0,1
763,5,dab4ff966e399802,2.248103,20.0,1,13943,2,1,0,0,1,0,0,0,0,0,0,0,0,1
764,5,339e340883d8ecaf,1.688916,18.796018,1,13957,1,1,0,0,1,0,0,0,0,0,0,0,0,0
765,5,0f3eea50b2030a66,1.270089,20.0,1,14085,1,1,0,0,1,0,0,0,0,0,0,0,0,1
766,5,157d3461e0a7f335,1.997824,15.848544,0,13979,1,0,0,0,0,0,0,0,0,0,0,0,0,0
767,5,f1991b9aba19249f,1.50089,18.864107,1,13930,1,1,0,0,1,0,0,0,0,0,0,0,0,1
768,5,f0cae4ef532c2023,1.127563,17.650743,1,14118,1,1,0,0,1,0,0,0,0,0,0,0,0,0
769,5,7630abeab872e6cf,1.892094,16.754112,1,14070,1,0,0,0,0,0,0,0,0,0,0,0,0,1
770,5,253c29c9cd31f14d,1.421459,16.065583,1,13960,1,1,0,0,1,0,0,0,0,0,0,0,0,0
771,5,1bcd43f2b236da2a,1.067889,19.027161,1,14037,1,1,0,0,1,0,0,0,0,0,0,0,0,1
772,5,190012cb2cd5517d,0.803068,17.789198,1,13853,1,1,0,0,0,0,0,0,0,0,0,0,0,1
773,5,752285f96761bfac,1.646968,16.843204,1,14053,1,0,0,0,1,0,0,0,0,0,0,0,0,0
774,5,8ce008444b943984,1.237306,19.611358,1,13840,1,1,0,0,1,0,0,0,0,0,0,0,0,1
775,5,815cbd6616cc478f,0.929542,18.212125,1,13915,1,1,0,0,1,0,0,0,0,0,0,0,0,0
776,5,ea182be542b69bac,0.699028,20.0,1,13950,1,1,0,0,1,0,0,0,0,0,0,0,0,1
777,5,98558a7fe6a345e2,0.525154,18.997512,1,13898,1,1,0,0,1,0,0,0,0,0,0,0,0,0
778,5,d0c4a3176ddba144,2.481835,17.750965,1,14070,2,0,0,0,0,0,0,0,0,0,0,0,0,1
779,5,dd1e5f78efae9bca,1.866375,20.0,1,14051,1,1,0,0,1,0,0,0,0,0,0,0,0,1
780,5,16a5a908ff857a66,1.402138,18.736975,1,14017,1,1,0,0,1,0,0,0,0,0,0,0,0,0
781,5,95f8390a45c16b78,2.097027,17.555233,1,13934,1,0,0,0,0,0,0,0,0,0,0,0,0,1
782,5,19bc916e0d18e327,1.575418,16.667435,1,14016,1,1,0,0,1,0,0,0,0,0,0,0,0,0
783,5,917ea3f24291f013,1.184737,19.495152,1,13864,1,1,0,0,1,0,0,0,0,0,0,0,0,1
784,5,348da937a7d4307f,0.890049,20.0,1,14037,1,1,0,0,1,0,0,0,0,0,0,0,0,1
785,5,640dfa32a706e2eb,2.755967,19.708873,1,13962,2,0,0,0,0,0,0,0,0,0,0,0,0,1
786,5,029ef519e99e1b01,2.072526,18.301855,1,13903,1,1,0,0,1,0,0,0,0,0,0,0,0,0
787,5,02a6dc965886850a,1.557012,20.0,1,14007,1,1,0,0,1,0,0,0,0,0,0,0,0,1
788,5,534cc916790ecb89,2.213378,19.035381,1,14071,1,0,0,0,0,0,0,0,0,0,0,0,0,1
789,5,535d3d6cdf62dd24,1.662828,17.779415,1,13902,1,1,0,0,1,0,0,0,0,0,0,0,0,0
790,5,683aa3ef9fea1994,1.25047,20.0,1,14063,1,1,0,0,1,0,0,0,0,0,0,0,0,1
791,5,09824303c417f357,1.983085,20.0,1,13851,2,1,0,0,1,0,0,0,0,0,0,0,0,1
792,5,bd8c9d35243af573,1.489818,20.0,1,13919,1,1,0,0,0,0,0,0,0,0,0,0,0,1
793,5,cdd2e73c3dc9fd46,2.164515,18.656777,1,13881,1,0,0,0,1,0,0,0,0,0,0,0,0,0
794,5,1794af5e9b422570,1.626119,20.0,1,14023,1,1,0,0,1,0,0,0,0,0,0,0,0,1
795,5,7787f9ec6f8cb5ee,1.221642,19.235697,1,13907,1,1,0,0,1,0,0,0,0,0,0,0,0,0
796,5,cb38324ee7829c3c,1.961428,20.0,1,13856,2,1,0,0,1,0,0,0,0,0,0,0,0,1
797,5,3e0363c9588a642a,1.475022,20.0,1,14133,1,1,0,0,1,0,0,0,0,0,0,0,0,1
798,5,a334a8527ade45d4,2.151782,20.0,1,14295,1,0,0,0,0,0,0,0,0,0,0,0,0,1
799,5,138a27011e2db29e,1.616553,19.107719,1,14124,1,1,0,0,1,0,0,0,0,0,0,0,0,0
800,5,d30f8730fde55895,1.215671,17.849779,1,14053,1,1,0,0,0,0,0,0,0,0,0,0,0,1
801,5,0ed840a5f06fa1a5,3.000595,20.0,1,13987,2,0,0,0,1,0,0,0,0,0,0,0,0,1
802,5,bd0a57e317a75d2c,2.254235,20.0,1,13911,1,1,0,0,1,0,0,0,0,0,0,0,0,1
803,5,59312ce0927659a5,1.693522,20.0,1,14013,1,1,0,0,1,0,0,0,0,0,0,0,0,1
804,5,27b8bc9cdb40cc84,1.273553,20.0,1,13849,1,1,0,0,1,0,0,0,0,0,0,0,0,0
805,5,9ccfe455513c06bb,2.000426,19.47193,1,14006,2,1,0,0,0,0,0,0,0,0,0,0,0,1
806,5,b0935f554c89af66,2.546499,20.0,1,13996,1,0,0,0,1,0,0,0,0,0,0,0,0,1
807,5,b914eea3d13fa916,1.915003,19.713648,1,13879,1,1,0,0,1,0,0,0,0,0,0,0,0,0
808,5,b3fd9f0e60427045,2.482324,18.288971,1,13898,1,0,0,0,0,0,0,0,0,0,0,0,0,1
809,5,48176576d09981b8,1.864877,17.218665,1,13951,1,1,0,0,1,0,0,0,0,0,0,0,0,0
810,5,0689438d8e99ed3e,2.444666,19.893428,1,13784,2,1,0,0,1,0,0,0,0,0,0,0,0,1
811,5,abbb7837f6f1aa60,2.882574,18.440643,1,13854,1,0,0,0,0,0,0,0,0,0,0,0,0,1
812,5,7883239ed58133d7,2.16557,20.0,1,13902,1,1,0,0,1,0,0,0,0,0,0,0,0,1
813,5,0cc399bd6318e860,1.626912,19.113713,1,13790,1,1,0,0,1,0,0,0,0,0,0,0,0,0
814,5,80dbdc313ac24a14,2.267611,17.854286,1,13810,1,0,0,0,0,0,0,0,0,0,0,0,0,1
815,5,017dcc90838402fc,1.703572,20.0,1,13889,1,1,0,0,1,0,0,0,0,0,0,0,0,1
816,5,832d003772f94809,2.323483,20.0,1,13791,2,1,0,0,1,0,0,0,0,0,0,0,0,1
817,5,1f0856ef8813fb4c,1.745546,20.0,1,13840,1,1,0,0,1,0,0,0,0,0,0,0,0,0
818,5,6b2520495f008149,2.356826,18.673571,1,13799,1,0,0,0,0,0,0,0,0,0,0,0,0,1
819,5,3b2ced347bc5d8e4,2.814249,20.0,1,14014,2,1,0,0,1,0,0,0,0,0,0,0,0,1
820,5,c75a532fa44080bf,2.11424,19.245176,1,13905,1,1,0,0,1,0,0,0,0,0,0,0,0,0
821,5,67c321b439d7cb83,2.634089,17.953149,1,13808,1,0,0,0,0,0,0,0,0,0,0,0,0,1
822,5,9f55f0d732aa01c5,1.978893,16.966374,1,13912,1,1,0,0,1,0,0,0,0,0,0,0,0,0
823,5,68cc83c2ee9e4353,1.486668,19.703891,1,13823,1,1,0,0,1,0,0,0,0,0,0,0,0,1
824,5,82d066426bef34de,1.116878,18.281642,1,13809,1,1,0,0,0,0,0,0,0,0,0,0,0,1
825,5,d30647ef1fe57b43,1.884059,20.0,1,13897,1,0,0,0,1,0,0,0,0,0,0,0,0,1
826,5,874df85641ce7d82,1.415423,19.036786,1,13817,1,1,0,0,1,0,0,0,0,0,0,0,0,0
827,5,2ac3a4c7d20ba310,2.107008,20.0,1,13703,2,1,0,0,1,0,0,0,0,0,0,0,0,1
828,5,198c6d4238c44977,2.62865,15.987308,0,13741,1,0,0,0,0,0,0,0,0,0,0,0,0,0
829,5,45865ef06760a501,1.974807,18.968356,1,13773,1,1,0,0,1,0,0,0,0,0,0,0,0,1
830,5,cda3cfc07c857e15,2.527252,17.729061,1,13823,1,0,0,0,0,0,0,0,0,0,0,0,0,1
831,5,27f34fbf70c6fd5e,1.89863,16.798025,1,13817,1,1,0,0,1,0,0,0,0,0,0,0,0,0
832,5,8ec05878b6fd3ce5,1.427797,19.593358,1,13857,1,1,0,0,1,0,0,0,0,0,0,0,0,1
833,5,d67fe1b3f4dac46a,2.116304,14.719757,0,13916,1,0,0,0,0,0,0,0,0,0,0,0,0,0
834,5,cab5af4452644b8d,1.5899,18.016092,1,13706,1,1,0,0,1,0,0,0,0,0,0,0,0,1
835,5,030e334e062c2987,2.239778,20.0,1,13779,2,1,0,0,1,0,0,0,0,0,0,0,0,1
836,5,1188b8eb1da97757,2.726315,18.886761,1,13741,1,0,0,0,0,0,0,0,0,0,0,0,0,1
837,5,888a18f69df54106,2.048178,17.667762,1,13530,1,1,0,0,1,0,0,0,0,0,0,0,0,0
838,5,fb70b0684588b99a,1.53872,20.0,1,13721,1,1,0,0,1,0,0,0,0,0,0,0,0,1
839,5,b513b2a0d8918911,2.20129,15.213864,0,13560,1,0,0,0,0,0,0,0,0,0,0,0,0,0
840,5,abd3b9157c28f144,1.653747,18.387296,1,13408,1,1,0,0,1,0,0,0,0,0,0,0,0,1
841,5,e44af2bf104e6548,1.242398,17.292533,1,13639,1,1,0,0,1,0,0,0,0,0,0,0,0,0
842,5,24f2a571096c80f8,1.978452,16.484733,1,13643,1,0,0,0,0,0,0,0,0,0,0,0,0,1
843,5,eaca14a852f8f0bc,1.486337,15.863208,1,13914,1,1,0,0,1,0,0,0,0,0,0,0,0,0
844,5,555277eab7f97d98,1.116629,18.875124,1,13667,1,1,0,0,1,0,0,0,0,0,0,0,0,1
845,5,83da619799e8c297,1.882535,14.180175,0,13547,1,0,0,0,0,0,0,0,0,0,0,0,0,0
846,5,012cb8b7519062ff,1.415693,17.624697,1,13660,1,1,0,0,1,0,0,0,0,0,0,0,0,1
847,5,d337979599d7b5e7,1.063557,16.719621,1,13512,1,1,0,0,1,0,0,0,0,0,0,0,0,0
848,5,f58cc74a18ca6f5e,1.842664,16.039671,1,13668,1,0,0,0,0,0,0,0,0,0,0,0,0,1
849,5,55f5229639b6154f,1.38571,15.542563,1,13451,1,1,0,0,1,0,0,0,0,0,0,0,0,0
850,5,fc5b0585ddcf0fa5,1.041032,18.634235,1,13656,1,1,0,0,1,0,0,0,0,0,0,0,0,1
851,5,784d948f8e47bd92,0.782088,17.478049,1,13601,1,1,0,0,1,0,0,0,0,0,0,0,0,0
852,5,f4587264a61a5c6a,1.631207,16.609449,1,13478,1,0,0,0,0,0,0,0,0,0,0,0,0,1
853,5,7f03e1d1a2d79f7a,1.226691,15.971044,1,13467,1,1,0,0,1,0,0,0,0,0,0,0,0,0
854,5,f382d28b35b35aba,0.921567,18.956138,1,13585,1,1,0,0,1,0,0,0,0,0,0,0,0,1
855,5,ac5a68f06eb231c5,1.735992,14.241038,0,13699,1,0,0,0,0,0,0,0,0,0,0,0,0,0
856,5,72e5ed2ee4a6ce2d,1.305491,17.670467,1,13531,1,1,0,0,1,0,0,0,0,0,0,0,0,1
857,5,20462e454ea2294e,0.980767,20.0,1,13516,1,1,0,0,1,0,0,0,0,0,0,0,0,1
858,5,daea530305e3900a,0.736813,18.679028,1,13720,1,1,0,0,0,0,0,0,0,0,0,0,0,1
859,5,a6e888f1ebd4028f,2.640847,17.5117,1,13607,2,0,0,0,1,0,0,0,0,0,0,0,0,0
860,5,c4f8b36b115b45b7,1.985955,20.0,1,13435,1,1,0,0,1,0,0,0,0,0,0,0,0,1
861,5,9db8cab8d5871e85,1.491973,15.122955,0,13582,0,0,0,0,0,0,0,0,0,0,0,0,0,0
862,5,e742e6069af38ad4,2.164517,18.319,1,13549,2,1,0,0,1,0,0,0,0,0,0,0,0,1
863,5,e38814be82db23bd,1.627748,20.0,1,13510,1,1,0,0,1,0,0,0,0,0,0,0,0,1
864,5,2778e2c116ffae02,1.222866,15.579047,0,13487,1,1,0,0,0,0,0,0,0,0,0,0,0,0
865,5,7ff8cbcc1c43fc77,1.962347,18.661645,1,13683,1,0,0,0,1,0,0,0,0,0,0,0,0,1
866,5,66b9601f7bca2a76,1.474238,17.498641,1,13518,1,1,0,0,1,0,0,0,0,0,0,0,0,0
867,5,5462061aadc02247,1.108648,20.0,1,13578,1,1,0,0,1,0,0,0,0,0,0,0,0,1
868,5,c2d96802efe527b7,0.832886,18.594422,1,13541,1,1,0,0,1,0,0,0,0,0,0,0,0,0
869,5,2b97266cf694bd67,1.669369,17.448138,1,13679,1,0,0,0,0,0,0,0,0,0,0,0,0,1
870,5,c644a93415a98514,2.29954,20.0,1,13524,2,1,0,0,1,0,0,0,0,0,0,0,0,1
871,5,aa017d1a0e7ab923,1.727558,18.56589,1,13667,1,1,0,0,1,0,0,0,0,0,0,0,0,0
872,5,1aa6e7ec6b193cd4,1.29785,20.0,1,13569,1,1,0,0,1,0,0,0,0,0,0,0,0,1
873,5,940d0272a1287599,2.01868,15.705557,0,13601,1,0,0,0,0,0,0,0,0,0,0,0,0,0
874,5,a36473885b5e4ac4,1.518076,18.771806,1,13484,1,1,0,0,1,0,0,0,0,0,0,0,0,1
875,5,5a290ee1f72ee88c,1.140474,17.581401,1,13751,1,1,0,0,1,0,0,0,0,0,0,0,0,0
876,5,a10f0f0225898746,1.900449,16.687093,1,13697,1,0,0,0,0,0,0,0,0,0,0,0,0,1
877,5,ad22d363ab4cc2c9,1.429164,16.029434,1,13618,1,1,0,0,1,0,0,0,0,0,0,0,0,0
878,5,7b19815b3f4dabed,1.073678,19.000003,1,13736,1,1,0,0,1,0,0,0,0,0,0,0,0,1
879,5,a674938663301333,1.850267,14.273992,0,13939,1,0,0,0,0,0,0,0,0,0,0,0,0,0
880,5,509198b5786d02b7,1.390037,17.681206,1,14651,1,1,0,0,1,0,0,0,0,0,0,0,0,1
881,5,c04e7b977b55ea13,1.045327,16.777021,1,14601,1,1,0,0,1,0,0,0,0,0,0,0,0,0
882,5,acb85824b82ffa50,1.828969,16.082793,1,14656,2,1,0,0,0,0,0,0,0,0,0,0,0,1
883,5,e6d2bf79596f1c93,2.417689,19.04009,1,14811,1,0,0,0,1,0,0,0,0,0,0,0,0,1
884,5,2a2a91cc369a5136,1.818137,20.0,1,16058,1,1,0,0,1,0,0,0,0,0,0,0,0,1
885,5,8af4c63aced1d663,1.365898,20.0,1,16136,1,1,0,0,1,0,0,0,0,0,0,0,0,1
886,5,12b3e36bb7ef90bc,2.069802,20.0,1,16140,2,1,0,0,1,0,0,0,0,0,0,0,0,1
887,5,1ea515a056bbd47b,2.598618,18.176612,0,16348,1,0,0,0,0,0,0,0,0,0,0,0,0,0
888,5,73741215fbafab10,1.954198,20.0,1,16465,1,1,0,0,1,0,0,0,0,0,0,0,0,1
889,5,6dfd1d71173fe614,1.468116,20.0,1,16765,1,1,0,0,1,0,0,0,0,0,0,0,0,1
890,5,ee8840b771c42f67,2.146594,20.0,1,17032,2,1,0,0,1,0,0,0,0,0,0,0,0,0
891,5,46e0ffa69c93eac1,2.65842,18.783554,1,17145,1,0,0,0,0,0,0,0,0,0,0,0,0,1
892,5,e8f460e26a0c1019,1.997171,20.0,1,17028,1,1,0,0,1,0,0,0,0,0,0,0,0,1
893,5,1debe50370343041,2.544053,20.0,1,16989,2,1,0,0,1,0,0,0,0,0,0,0,0,1
894,5,4eac2d2acb409d6d,1.911252,20.0,1,17127,1,1,0,0,1,0,0,0,0,0,0,0,0,0
895,5,d8865e29a90b6ae6,3.52559,18.969879,1,17114,2,0,0,0,0,0,0,0,0,0,0,0,0,1
896,5,65395ab990da92e2,2.648644,20.0,1,14811,1,1,0,0,1,0,0,0,0,0,0,0,0,1
897,5,7ea00bada446457a,1.989827,20.0,1,12956,1,1,0,0,1,0,0,0,0,0,0,0,0,1
898,5,2e7fdfb118cd4287,2.540529,20.0,1,13274,2,1,0,0,1,0,0,0,0,0,0,0,0,0
899,5,9619c40bdfb6999f,1.908604,20.0,1,13255,1,1,0,0,1,0,0,0,0,0,0,0,0,1
900,5,a7a7cff7d1109694,2.477516,16.907246,0,13301,1,0,0,0,0,0,0,0,0,0,0,0,0,0
901,5,c3f323de486ccb58,1.861266,19.659471,1,13626,1,1,0,0,1,0,0,0,0,0,0,0,0,1
902,5,38a5ea27c4706cd4,1.399698,20.0,1,13568,1,1,0,0,1,0,0,0,0,0,0,0,0,1
903,5,624b3acf06e776d4,2.095194,16.33636,0,13671,1,0,0,0,0,0,0,0,0,0,0,0,0,0
904,5,4bc8614871f0f4da,1.574041,19.230586,1,13810,1,1,0,0,1,0,0,0,0,0,0,0,0,1
905,5,12eab71e36da7061,2.227852,20.0,1,13407,2,1,0,0,1,0,0,0,0,0,0,0,0,1
906,5,c75488bae5731956,1.673702,20.0,1,13667,1,1,0,0,1,0,0,0,0,0,0,0,0,1
907,5,88364bfd4c5071c5,2.301043,17.317915,0,13446,1,0,0,0,0,0,0,0,0,0,0,0,0,0
908,5,f89559e733ee429f,1.728688,19.967991,1,13573,1,1,0,0,1,0,0,0,0,0,0,0,0,1
909,5,370907e7cb610152,1.299998,18.496716,1,13436,1,1,0,0,1,0,0,0,0,0,0,0,0,0
910,5,c24a37abf74ffb45,2.020293,17.374736,1,13340,1,0,0,0,0,0,0,0,0,0,0,0,0,1
911,5,5ac26bc8b31127eb,2.561424,20.0,1,13286,2,1,0,0,1,0,0,0,0,0,0,0,0,1
912,5,6d7e93e7ff794862,2.970378,15.048315,0,13171,1,0,0,0,0,0,0,0,0,0,0,0,0,0
913,5,e6b316e0c79d7b46,2.231534,18.262926,1,13195,1,1,0,0,1,0,0,0,0,0,0,0,0,1
914,5,6251c049662823b2,1.676468,17.199098,1,13221,1,1,0,0,1,0,0,0,0,0,0,0,0,0
915,5,ac15f015a62f5915,2.303121,16.399884,1,13238,1,0,0,0,0,0,0,0,0,0,0,0,0,1
916,5,75892b70c4b210b9,1.73198,15.813448,1,13162,1,1,0,0,1,0,0,0,0,0,0,0,0,0
917,5,e8665a968af89674,2.344825,15.358897,1,13392,1,0,0,0,0,0,0,0,0,0,0,0,0,1
918,5,cbe4a78dc67802cd,1.761579,18.496254,1,13267,1,1,0,0,1,0,0,0,0,0,0,0,0,1
919,5,16f59889293a3d87,1.324733,17.389948,1,13275,1,1,0,0,1,0,0,0,0,0,0,0,0,0
920,5,1dc14614baa6abcd,2.038876,16.543263,1,13421,1,0,0,0,0,0,0,0,0,0,0,0,0,1
921,5,c13633922eee2a49,1.531731,15.907179,1,13221,1,1,0,0,1,0,0,0,0,0,0,0,0,0
922,5,9aa33291c4acdd7a,3.238039,15.429314,1,13225,2,0,0,0,0,0,0,0,0,0,0,0,0,1
923,5,cd9a9148e8b7c63a,2.435051,18.564067,1,13304,1,1,0,0,1,0,0,0,0,0,0,0,0,1
924,5,42d41844aa56896a,2.873016,17.425334,1,13390,1,0,0,0,0,0,0,0,0,0,0,0,0,1
925,5,ab4db5e10fbf2b0c,2.15839,16.569847,1,13309,1,1,0,0,1,0,0,0,0,0,0,0,0,0
926,5,f0ec99096bdf573d,2.66729,15.941263,1,13401,1,0,0,0,0,0,0,0,0,0,0,0,0,1
927,5,75050f378a325b37,2.003836,15.454919,1,13554,1,1,0,0,1,0,0,0,0,0,0,0,0,0
928,5,807360432d8a9607,2.54906,15.089548,1,13592,1,0,0,0,0,0,0,0,0,0,0,0,0,1
929,5,80ecbe36cb9f9166,1.915014,14.815057,1,13353,1,1,0,0,1,0,0,0,0,0,0,0,0,0
930,5,cb43a7c979c84c0d,2.484268,14.621636,1,13183,1,0,0,0,0,0,0,0,0,0,0,0,0,1
931,5,67ce27cf4d3e4717,1.866338,14.463533,1,13222,1,1,0,0,1,0,0,0,0,0,0,0,0,0
932,5,84ed367b2d19d4b2,1.40211,17.823601,1,13060,1,1,0,0,1,0,0,0,0,0,0,0,0,1
933,5,279cf82fe54d4b55,2.098557,13.403602,0,13214,1,0,0,0,0,0,0,0,0,0,0,0,0,0
934,5,aad337ed708a8e95,1.576567,17.027314,1,13223,1,1,0,0,1,0,0,0,0,0,0,0,0,1
935,5,bba8fb88658a23c2,1.184416,16.270829,1,13111,1,1,0,0,1,0,0,0,0,0,0,0,0,0
936,5,e43858fabc48d5f0,1.933461,15.70251,1,13134,1,0,0,0,0,0,0,0,0,0,0,0,0,1
937,5,ab176606e175fa0c,1.45399,15.289013,1,13335,1,1,0,0,1,0,0,0,0,0,0,0,0,0
938,5,894f1315742165e7,1.092328,18.443753,1,13217,1,1,0,0,1,0,0,0,0,0,0,0,0,1
939,6,1fd48474a6be9a50,1.864279,13.856102,0,14024,1,0,0,0,0,0,0,0,0,0,0,0,0,0
940,6,530e0ea8d92a6d51,1.401964,17.38099,1,14114,1,1,0,0,1,0,0,0,0,0,0,0,0,1
941,6,9d91a06f605c6d81,1.053243,16.536532,1,14089,1,1,0,0,1,0,0,0,0,0,0,0,0,0
942,6,1bedfd585b1aa4b9,1.834916,15.902123,1,14193,1,0,0,0,0,0,0,0,0,0,0,0,0,1
943,6,26a9669cba5af3ef,1.378504,15.425515,1,14221,1,1,0,0,1,0,0,0,0,0,0,0,0,0
944,6,4f55c5e4b2d3c044,1.036654,18.561211,1,14216,1,1,0,0,1,0,0,0,0,0,0,0,0,1
945,6,429a6cfc04b09590,0.7788,17.423188,1,13997,1,1,0,0,1,0,0,0,0,0,0,0,0,0
946,6,bfd1095e82cc3b3f,1.628736,16.568234,1,14173,1,0,0,0,0,0,0,0,0,0,0,0,0,1
947,6,e8a24dfe484cb614,1.224833,15.94005,1,13954,1,1,0,0,1,0,0,0,0,0,0,0,0,0
948,6,a8eb40163c807ab7,0.920171,18.932853,1,14003,1,1,0,0,1,0,0,0,0,0,0,0,0,1
949,6,b734eb68cadec0ba,1.734944,14.223545,0,13927,1,0,0,0,0,0,0,0,0,0,0,0,0,0
950,6,03ed9d518f369873,1.303398,17.643306,1,14176,1,1,0,0,1,0,0,0,0,0,0,0,0,1
951,6,cd43fcebe8f5e6e6,0.980174,16.74852,1,13843,1,1,0,0,1,0,0,0,0,0,0,0,0,0
952,6,338e1a6d9a9334b5,0.736368,19.540226,1,13962,1,1,0,0,1,0,0,0,0,0,0,0,0,1
953,6,f71f04d2a5841727,1.596859,14.679841,0,14099,1,0,0,0,0,0,0,0,0,0,0,0,0,0
954,6,dab4ff966e399802,1.200861,18.000453,1,13907,1,1,0,0,1,0,0,0,0,0,0,0,0,1
955,6,339e340883d8ecaf,0.902162,17.001912,1,13934,1,1,0,0,1,0,0,0,0,0,0,0,0,0
956,6,0f3eea50b2030a66,0.677761,19.73059,1,14076,1,1,0,0,1,0,0,0,0,0,0,0,0,1
957,6,157d3461e0a7f335,0.509176,18.301699,1,14049,1,1,0,0,0,0,0,0,0,0,0,0,0,1
958,6,f1991b9aba19249f,1.427058,17.24364,1,13781,1,0,0,0,1,0,0,0,0,0,0,0,0,0
959,6,f0cae4ef532c2023,1.072095,19.912191,1,14094,1,1,0,0,1,0,0,0,0,0,0,0,0,1
960,6,7630abeab872e6cf,0.805425,18.43813,1,14146,1,1,0,0,1,0,0,0,0,0,0,0,0,0
961,6,253c29c9cd31f14d,2.693992,17.346238,1,13886,2,0,0,0,0,0,0,0,0,0,0,0,0,1
962,6,1bcd43f2b236da2a,2.023896,19.989269,1,14045,1,1,0,0,1,0,0,0,0,0,0,0,0,1
963,6,190012cb2cd5517d,1.520477,20.0,1,13935,1,1,0,0,1,0,0,0,0,0,0,0,0,1
964,6,752285f96761bfac,1.142278,19.98775,1,13907,1,1,0,0,1,0,0,0,0,0,0,0,0,0
965,6,8ce008444b943984,1.90316,18.511575,1,13889,1,0,0,0,0,0,0,0,0,0,0,0,0,1
966,6,815cbd6616cc478f,1.429773,20.0,1,13930,1,1,0,0,1,0,0,0,0,0,0,0,0,1
967,6,ea182be542b69bac,2.117788,20.0,1,13932,2,1,0,0,1,0,0,0,0,0,0,0,0,1
968,6,98558a7fe6a345e2,1.592607,20.0,1,13952,1,1,0,0,1,0,0,0,0,0,0,0,0,0
969,6,ea40987dff05550d,2.240119,18.880128,1,13906,1,0,0,0,0,0,0,0,0,0,0,0,0,1
970,6,bd84d51435d6859a,1.682918,20.0,1,14015,1,1,0,0,1,0,0,0,0,0,0,0,0,1
971,6,b3773e59edaae1a5,1.264313,20.0,1,14095,1,1,0,0,1,0,0,0,0,0,0,0,0,1
972,6,5dadae3439224eef,0.950782,20.0,1,13940,1,1,0,0,1,0,0,0,0,0,0,0,0,0
973,6,bf32681d9402a0dc,1.75794,18.997645,1,13916,1,0,0,0,0,0,0,0,0,0,0,0,0,1
974,6,f7bd4e508f328e99,1.320675,17.751065,1,13910,1,1,0,0,1,0,0,0,0,0,0,0,0,0
975,6,7c7cf98600a1ae76,0.993166,20.0,1,14136,1,1,0,0,1,0,0,0,0,0,0,0,0,1
976,6,4330f499d34eea83,1.789782,15.258187,0,13877,1,0,0,0,0,0,0,0,0,0,0,0,0,0
977,6,574139667abb0c89,2.38825,18.420595,1,13941,2,1,0,0,1,0,0,0,0,0,0,0,0,1
978,6,92baeeda50fe0e26,1.794203,20.0,1,14139,1,1,0,0,1,0,0,0,0,0,0,0,0,1
979,6,80a0120ed18f2275,1.349266,20.0,1,13808,1,1,0,0,1,0,0,0,0,0,0,0,0,1
980,6,6c101f580b712b70,1.013653,20.0,1,13948,1,1,0,0,1,0,0,0,0,0,0,0,0,0
981,6,b15e4f2a53c46617,1.805173,18.847815,1,14092,1,0,0,0,0,0,0,0,0,0,0,0,0,1
982,6,24ffb1d0a2680279,1.357516,17.654327,1,14008,1,1,0,0,1,0,0,0,0,0,0,0,0,0
983,6,68121a43e0cae420,1.019851,20.0,1,14120,1,1,0,0,1,0,0,0,0,0,0,0,0,1
984,6,aaf35ef966d09fb9,2.853483,18.669919,1,14050,2,0,0,0,0,0,0,0,0,0,0,0,0,1
985,6,e83ec1fc7d0af0b2,2.143715,20.0,1,13978,1,1,0,0,1,0,0,0,0,0,0,0,0,1
986,6,30145d94870288c8,1.612104,19.260544,1,13983,1,1,0,0,1,0,0,0,0,0,0,0,0,0
987,6,48b19f1f0393bd84,1.211114,20.0,1,14026,1,1,0,0,1,0,0,0,0,0,0,0,0,1
988,6,660e55ed3e8f8b1b,1.953518,16.097617,0,14070,1,0,0,0,0,0,0,0,0,0,0,0,0,0
989,6,113af7560806643d,1.469073,19.066641,1,13988,1,1,0,0,1,0,0,0,0,0,0,0,0,1
990,6,06dd42b45c17fb2e,1.10366,20.0,1,14118,1,1,0,0,1,0,0,0,0,0,0,0,0,1
991,6,f0f5ccd4e7e38638,0.829138,20.0,1,14175,1,1,0,0,1,0,0,0,0,0,0,0,0,1
992,6,85cd675ac93b42a6,2.710207,17.238372,0,14123,2,0,0,0,0,0,0,0,0,0,0,0,0,0
993,6,ce6a6d19048593a2,2.038115,19.924505,1,14096,1,1,0,0,1,0,0,0,0,0,0,0,0,1
994,6,67c217e0526ee573,1.531159,20.0,1,14039,1,1,0,0,1,0,0,0,0,0,0,0,0,1
995,6,91d6c2f2c8a79719,1.150303,20.0,1,14072,1,1,0,0,1,0,0,0,0,0,0,0,0,1
996,6,646f9ddf48439184,1.909195,17.619726,0,14054,1,0,0,0,0,0,0,0,0,0,0,0,0,0
997,6,e5f7cec101ed80fc,1.434306,20.0,1,14087,1,1,0,0,1,0,0,0,0,0,0,0,0,1
998,6,c95924f2dada814a,1.077541,20.0,1,14073,1,1,0,0,1,0,0,0,0,0,0,0,0,1
999,6,b7ed42519a241519,1.85317,16.624867,0,14206,1,0,0,0,0,0,0,0,0,0,0,0,0,0
1000,6,d96a487923810329,2.43776,19.46314,1,14108,2,1,0,0,1,0,0,0,0,0,0,0,0,1
1001,6,f72baef4e89e2969,1.831398,20.0,1,14105,1,1,0,0,1,0,0,0,0,0,0,0,0,1
1002,6,73af4bb8bd0cf539,1.375861,20.0,1,14115,1,1,0,0,1,0,0,0,0,0,0,0,0,1
1003,6,df30ee7102124b2d,2.078818,20.0,1,13992,1,0,0,0,0,0,0,0,0,0,0,0,0,1
1004,6,452eb05f77d9e798,1.561738,19.183545,1,13985,1,1,0,0,1,0,0,0,0,0,0,0,0,0
1005,6,b85f9a778089111c,1.173275,20.0,1,13921,1,1,0,0,1,0,0,0,0,0,0,0,0,1
1006,6,a04656e015169539,2.968745,19.533003,1,14306,2,0,0,0,0,0,0,0,0,0,0,0,0,1
1007,6,0605c6c3dd607c22,2.232538,18.169599,1,14051,1,1,0,0,1,0,0,0,0,0,0,0,0,0
1008,6,5c3327d5d04b3bf2,1.677223,20.0,1,14160,1,1,0,0,1,0,0,0,0,0,0,0,0,1
1009,6,d1490ef626d88642,1.260035,20.0,1,14205,1,1,0,0,1,0,0,0,0,0,0,0,0,1
1010,6,c5b822502994eb6b,3.035865,20.0,1,14135,2,0,0,0,0,0,0,0,0,0,0,0,0,1
1011,6,d176629312e94df7,2.280732,18.771085,1,14212,1,1,0,0,1,0,0,0,0,0,0,0,0,0
1012,6,f7bd93d0fbad3cc4,2.757082,17.580859,1,14166,1,0,0,0,0,0,0,0,0,0,0,0,0,1
1013,6,bb17d40cf0ce3b10,2.071293,16.686687,1,14134,1,1,0,0,1,0,0,0,0,0,0,0,0,0
1014,6,09db8c22003cafc4,2.601792,16.029128,1,14125,1,0,0,0,0,0,0,0,0,0,0,0,0,1
1015,6,a922dd8e3be979be,1.954629,18.999774,1,14220,1,1,0,0,1,0,0,0,0,0,0,0,0,1
1016,6,ca742c3564ca89ec,3.555747,14.27382,0,14108,2,0,0,0,0,0,0,0,0,0,0,0,0,0
1017,6,ee07ef875cb8222f,2.673972,17.695119,1,14328,1,1,0,0,1,0,0,0,0,0,0,0,0,1
1018,6,44a937e25d5fe97a,2.008855,20.0,1,14106,1,1,0,0,1,0,0,0,0,0,0,0,0,1
1019,6,a7c0fe6af49c7498,2.552831,15.214098,0,14372,1,0,0,0,0,0,0,0,0,0,0,0,0,0
1020,6,5031b017df760d5c,1.917847,18.387472,1,14245,1,1,0,0,1,0,0,0,0,0,0,0,0,1
1021,6,41e3da41dfcb9e13,2.486399,20.0,1,14253,2,1,0,0,1,0,0,0,0,0,0,0,0,1
1022,6,172a8f65a83e640a,2.911592,15.617731,0,14446,1,0,0,0,0,0,0,0,0,0,0,0,0,0
1023,6,e1b8beb0c0dd2987,2.18737,18.690707,1,14338,1,1,0,0,1,0,0,0,0,0,0,0,0,1
1024,6,f0f021c24f5e2b20,2.689084,17.53618,1,14298,1,0,0,0,0,0,0,0,0,0,0,0,0,1
1025,6,2f2cf70214a6091e,3.063862,20.0,1,14423,2,1,0,0,1,0,0,0,0,0,0,0,0,1
1026,6,c99e72d92b2de080,1.258111,18.603237,1,14757,0,1,0,0,1,0,0,0,0,0,0,0,0,0
1027,6,7c45149b17e73278,3.032479,17.454761,1,14596,2,0,0,0,0,0,0,0,0,0,0,0,0,1
1028,6,3e652989d156f2f8,2.280467,16.606731,1,14323,1,1,0,0,1,0,0,0,0,0,0,0,0,0
1029,6,8f20ca8584974132,1.71323,19.433705,1,14398,1,1,0,0,1,0,0,0,0,0,0,0,0,1
1030,6,92bf4b78bba19027,1.287085,20.0,1,14178,1,1,0,0,1,0,0,0,0,0,0,0,0,1
1031,6,e0761c1f106e21d7,2.012057,16.211551,0,14108,1,0,0,0,0,0,0,0,0,0,0,0,0,0
1032,6,c4e91514cdd0fcd1,1.511583,19.136821,1,14157,1,1,0,0,1,0,0,0,0,0,0,0,0,1
1033,6,29509561683bfd50,2.179249,20.0,1,14212,2,1,0,0,1,0,0,0,0,0,0,0,0,1
1034,6,ee526894400b0647,1.637189,20.0,1,14119,1,1,0,0,1,0,0,0,0,0,0,0,0,1
1035,6,28226f2b4c7ddc17,2.27534,17.285406,0,14145,1,0,0,0,0,0,0,0,0,0,0,0,0,0
1036,6,5f954bdc53ac9ad0,1.709378,19.943569,1,14057,1,1,0,0,1,0,0,0,0,0,0,0,0,1
1037,6,35ace00b1b3ee9f3,1.284192,18.461702,1,14377,1,1,0,0,1,0,0,0,0,0,0,0,0,0
1038,6,8411077b8132e874,0.96573,20.0,1,14032,1,1,0,0,1,0,0,0,0,0,0,0,0,1
1039,6,b74f8f1cbf1c5eb5,1.76917,19.138513,1,14085,1,0,0,0,0,0,0,0,0,0,0,0,0,1
1040,6,b531610733e8f3c6,1.329112,17.856894,1,14114,1,1,0,0,1,0,0,0,0,0,0,0,0,0
1041,6,ee48be9611444222,0.998512,20.0,1,14042,1,1,0,0,1,0,0,0,0,0,0,0,0,1
1042,6,d7c9f5333d7e3e8e,0.750895,20.0,1,13991,1,1,0,0,1,0,0,0,0,0,0,0,0,1
1043,6,5aac1634ee087123,0.564119,16.739423,0,13984,1,1,0,0,0,0,0,0,0,0,0,0,0,0
1044,6,1f5fb04f2d30e60f,1.467455,19.533391,1,14001,1,0,0,0,1,0,0,0,0,0,0,0,0,1
1045,6,80fbc94f5f124f27,1.103547,20.0,1,13969,1,1,0,0,1,0,0,0,0,0,0,0,0,1
1046,6,3abd7f2475c904a3,0.829054,19.743975,1,14072,1,1,0,0,1,0,0,0,0,0,0,0,0,0
1047,6,8e20f99e37aec77f,0.622837,20.0,1,13964,1,1,0,0,1,0,0,0,0,0,0,0,0,1
1048,6,621cec5633205274,1.511568,20.0,1,14055,2,1,0,0,1,0,0,0,0,0,0,0,0,1
1049,6,68bef83a594e463a,2.180871,20.0,1,13793,1,0,0,0,0,0,0,0,0,0,0,0,0,1
1050,6,76898ebe01745a8e,1.638407,19.273092,1,14142,1,1,0,0,1,0,0,0,0,0,0,0,0,0
1051,6,5245f060d5801535,1.230874,20.0,1,13893,1,1,0,0,1,0,0,0,0,0,0,0,0,1
1052,6,b379b584f8cc7af9,0.925635,19.601313,1,13823,1,1,0,0,1,0,0,0,0,0,0,0,0,0
1053,6,efbf8dfe05edc2d7,0.695395,18.204578,1,14050,1,1,0,0,0,0,0,0,0,0,0,0,0,1
1054,6,5b7aff6c682acec0,1.566077,20.0,1,14290,1,0,0,0,1,0,0,0,0,0,0,0,0,1
1055,6,0bb8a497c5ced9cc,1.176535,18.980479,1,14067,1,1,0,0,1,0,0,0,0,0,0,0,0,0
1056,6,7b26cf3a79e8ecc1,0.884771,20.0,1,13968,1,1,0,0,1,0,0,0,0,0,0,0,0,1
1057,6,5c5d3d0f620846f9,0.664696,19.431601,1,14021,1,1,0,0,1,0,0,0,0,0,0,0,0,0
1058,6,8b40b8621c4963e5,1.543014,18.07708,1,14006,1,0,0,0,0,0,0,0,0,0,0,0,0,1
1059,6,efbbd87fa07b45be,1.160369,17.074724,1,13945,1,1,0,0,1,0,0,0,0,0,0,0,0,0
1060,6,c29f603f7ca72451,0.871742,19.785291,1,13946,1,1,0,0,1,0,0,0,0,0,0,0,0,1
1061,6,6c425378e4cd8d5a,1.69856,18.342794,1,14126,2,1,0,0,0,0,0,0,0,0,0,0,0,1
1062,6,124e03af296e5b99,2.319718,20.0,1,13914,1,0,0,0,1,0,0,0,0,0,0,0,0,1
1063,6,d61b05ab74d73cfd,1.744461,19.075731,1,13874,1,1,0,0,1,0,0,0,0,0,0,0,0,0
1064,6,512fe5da77e3d32e,1.310548,20.0,1,14098,1,1,0,0,1,0,0,0,0,0,0,0,0,1
1065,6,4f897115e2d61f4f,0.984566,19.472153,1,13841,1,1,0,0,1,0,0,0,0,0,0,0,0,0
1066,6,3e66d4f892d2fef0,0.740408,20.0,1,13887,1,1,0,0,1,0,0,0,0,0,0,0,0,1
1067,6,00715d58a6e20e18,1.599894,20.0,1,13876,2,1,0,0,1,0,0,0,0,0,0,0,0,1
1068,6,844413bae0fe591d,0.158287,17.420445,0,13953,0,1,0,0,0,0,0,0,0,0,0,0,0,0
1069,6,a270046605ea97aa,2.206222,20.0,1,13898,2,0,0,0,1,0,0,0,0,0,0,0,0,1
1070,6,d13d0260a15ec7a9,1.65911,18.554641,1,14066,1,1,0,0,1,0,0,0,0,0,0,0,0,0
1071,6,aa2febf1daccb956,1.246428,20.0,1,13849,1,1,0,0,1,0,0,0,0,0,0,0,0,1
1072,6,f1ae066b9d76215b,0.936394,19.178052,1,14051,1,1,0,0,1,0,0,0,0,0,0,0,0,0
1073,6,9c2623559087f0da,1.748332,17.90267,1,14141,1,0,0,0,0,0,0,0,0,0,0,0,0,1
1074,6,8739e4d540c0cca9,2.35711,20.0,1,14080,2,1,0,0,1,0,0,0,0,0,0,0,0,1
1075,6,fd907ade50c6a83c,1.770809,18.810083,1,13543,1,1,0,0,1,0,0,0,0,0,0,0,0,0
1076,6,37f9e37298b51d45,1.330342,20.0,1,13879,1,1,0,0,1,0,0,0,0,0,0,0,0,1
1077,6,1ac8b421ceb33792,1.000436,19.339731,1,13497,1,1,0,0,0,0,0,0,0,0,0,0,0,1
1078,6,7d6e24e9d110ef61,1.795244,18.008062,1,13603,1,0,0,0,1,0,0,0,0,0,0,0,0,0
1079,6,cd961e8fde3d6f47,1.3487,20.0,1,13929,1,1,0,0,1,0,0,0,0,0,0,0,0,1
1080,6,76c3328e0713fd8a,1.014241,18.886621,1,13684,1,1,0,0,0,0,0,0,0,0,0,0,0,1
1081,6,58626d37ac2080a9,1.805615,20.0,1,13615,1,0,0,0,1,0,0,0,0,0,0,0,0,1
1082,6,94df50c941e66911,1.356491,19.365421,1,14180,1,1,0,0,1,0,0,0,0,0,0,0,0,0
1083,6,f919bc8525164d85,1.019081,20.0,1,13902,1,1,0,0,1,0,0,0,0,0,0,0,0,1
1084,6,484dbaaa1901227b,2.854664,19.653475,1,13941,2,0,0,0,0,0,0,0,0,0,0,0,0,1
1085,6,5b59901993a96ce5,2.144603,20.0,1,14042,1,1,0,0,1,0,0,0,0,0,0,0,0,1
1086,6,991b005d8699e0b4,1.61116,20.0,1,13991,1,1,0,0,1,0,0,0,0,0,0,0,0,1
1087,6,88cb8314c08e0de9,1.211615,20.0,1,13946,1,1,0,0,1,0,0,0,0,0,0,0,0,0
1088,6,9a9c5836d4be306e,1.953895,19.244236,1,13869,1,0,0,0,0,0,0,0,0,0,0,0,0,1
1089,6,d643143d75a45644,1.467888,17.936319,1,14008,1,1,0,0,1,0,0,0,0,0,0,0,0,0
1090,6,66ecbab330cf9d85,1.102769,20.0,1,13807,1,1,0,0,1,0,0,0,0,0,0,0,0,1
1091,6,5426c15cec268367,1.873449,20.0,1,13602,2,1,0,0,1,0,0,0,0,0,0,0,0,1
1092,6,92b256786c14c63f,1.407452,16.773133,0,13459,0,0,0,0,0,0,0,0,0,0,0,0,0,0
1093,6,175052bff5cfc737,1.057366,16.079873,1,13267,1,1,0,0,1,0,0,0,0,0,0,0,0,0
1094,6,5e935628a31b72be,1.839305,19.053297,1,12850,2,1,0,0,1,0,0,0,0,0,0,0,0,1
1095,6,3831b4173b809bfe,1.381801,20.0,1,13144,1,1,0,0,1,0,0,0,0,0,0,0,0,1
1096,6,4b19322e55771695,1.038095,15.980647,0,12781,0,0,0,0,0,0,0,0,0,0,0,0,0,0
1097,6,cc9666cbf5339614,0.779882,15.484507,1,12903,1,1,0,0,1,0,0,0,0,0,0,0,0,0
1098,6,c54f99c37e349594,0.586483,18.605574,1,12918,1,1,0,0,1,0,0,0,0,0,0,0,0,1
1099,6,e843b01d69cb03af,1.484256,13.977672,0,12855,1,0,0,0,0,0,0,0,0,0,0,0,0,0
1100,6,5637135595d75478,1.115066,17.458591,1,12789,1,1,0,0,1,0,0,0,0,0,0,0,0,1
1101,6,2265450d7b5d4e3d,1.882696,20.0,1,13485,2,1,0,0,1,0,0,0,0,0,0,0,0,1
1102,6,78a48da787ddd569,2.458052,18.571795,1,13623,1,0,0,0,0,0,0,0,0,0,0,0,0,1
1103,6,1c808514c90a08b9,1.846643,17.43114,1,14562,1,1,0,0,1,0,0,0,0,0,0,0,0,0
1104,6,d7c884544c5f3040,1.387314,16.574208,1,14404,1,1,0,0,0,0,0,0,0,0,0,0,0,1
1105,6,168ecbfccb17624f,2.08743,15.944543,1,14132,1,0,0,0,1,0,0,0,0,0,0,0,0,0
1106,6,1465cd7785ad4ed1,1.568208,18.936228,1,14053,1,1,0,0,1,0,0,0,0,0,0,0,0,1
1107,6,76370a22930995eb,2.22179,20.0,1,14100,2,1,0,0,1,0,0,0,0,0,0,0,0,1
1108,6,5bd6a734054cf9be,2.714968,15.930496,0,14653,1,0,0,0,0,0,0,0,0,0,0,0,0,0
1109,6,4eb0e70be216b8a1,2.039654,18.925675,1,14532,1,1,0,0,1,0,0,0,0,0,0,0,0,1
1110,6,85d6562bcd50fa96,1.532316,20.0,1,14302,1,1,0,0,1,0,0,0,0,0,0,0,0,1
1111,6,74ace1f01470d742,2.194825,15.908618,0,14098,1,0,0,0,0,0,0,0,0,0,0,0,0,0
1112,6,07ea457c42b8ae96,1.65054,18.924511,1,13759,1,1,0,0,1,0,0,0,0,0,0,0,0,1
1113,6,6be4609552c6d999,2.283642,14.217278,0,13827,1,0,0,0,0,0,0,0,0,0,0,0,0,0
1114,6,8c3fcab5c4defc45,2.759268,17.638598,1,14309,2,1,0,0,1,0,0,0,0,0,0,0,0,1
1115,6,ac4fc3af7cc6626f,2.075009,20.0,1,14092,1,1,0,0,1,0,0,0,0,0,0,0,0,1
1116,6,4c807ad2b6b0ebdd,2.60253,15.194648,0,13724,1,0,0,0,0,0,0,0,0,0,0,0,0,0
1117,6,46e6ca122d617fd3,2.998837,14.894015,1,13352,1,0,0,0,0,0,0,0,0,0,0,0,0,1
1118,6,8cc59a12f603fb5d,2.252914,14.668161,1,12998,1,1,0,0,1,0,0,0,0,0,0,0,0,0
1119,6,bd32d7faa6435175,2.738374,14.511168,1,12994,1,0,0,0,0,0,0,0,0,0,0,0,0,1
1120,6,f9f4bfb86fd0bc6e,2.057238,14.380543,1,12304,1,1,0,0,1,0,0,0,0,0,0,0,0,0
1121,6,1ef79d5316c7fe2f,2.589179,14.282409,1,12464,1,0,0,0,0,0,0,0,0,0,0,0,0,1
1122,6,bdff616b69310a56,1.9471,14.221077,1,12121,1,1,0,0,1,0,0,0,0,0,0,0,0,0
1123,6,d53a5c05a0794985,2.506437,14.162608,1,12203,1,0,0,0,0,0,0,0,0,0,0,0,0,1
1124,6,ccfe014c232d66b5,1.882992,14.118682,1,12349,1,1,0,0,1,0,0,0,0,0,0,0,0,0
1125,6,45f24fc75e80ed8a,1.414622,17.564527,1,12794,1,1,0,0,1,0,0,0,0,0,0,0,0,1
1126,6,70c17b89b74df729,1.063816,13.208775,0,12919,0,0,0,0,0,0,0,0,0,0,0,0,0,0
1127,6,31ec7a62f3104872,0.799205,13.402103,1,12908,1,1,0,0,1,0,0,0,0,0,0,0,0,0
1128,6,6eed02f8eca338c1,0.600413,13.547344,1,13149,1,1,0,0,0,0,0,0,0,0,0,0,0,1
1129,6,52829a1b3ff8d79b,1.495669,13.668297,1,12881,1,0,0,0,1,0,0,0,0,0,0,0,0,0
1130,6,865fbbfb601a1471,1.123641,17.22617,1,12953,1,1,0,0,1,0,0,0,0,0,0,0,0,1
1131,6,be21134c5bebfeed,0.844149,16.420222,1,13032,1,1,0,0,1,0,0,0,0,0,0,0,0,0
1132,6,ed68c0f900df6822,1.677831,15.814743,1,13058,1,0,0,0,0,0,0,0,0,0,0,0,0,1
1133,6,3f2b67df178a03c7,1.261753,15.373414,1,12615,1,1,0,0,1,0,0,0,0,0,0,0,0,0
1134,6,cc0d003152c9740b,0.947908,18.50716,1,12745,1,1,0,0,1,0,0,0,0,0,0,0,0,1
1135,6,0e1882fd5a4a7950,1.755781,17.382582,1,12754,1,0,0,0,0,0,0,0,0,0,0,0,0,1
1136,6,ea10a2ea3a9e18ab,1.320372,16.552451,1,12627,1,1,0,0,1,0,0,0,0,0,0,0,0,0
1137,6,0cefa1568bbcab6e,0.991946,19.392927,1,12973,1,1,0,0,1,0,0,0,0,0,0,0,0,1
1138,6,78f7c49ee0892d4e,1.788866,14.569181,0,13004,1,0,0,0,0,0,0,0,0,0,0,0,0,0
1139,6,b0245e993bda2ea0,1.343908,17.90297,1,12807,1,1,0,0,1,0,0,0,0,0,0,0,0,1
1140,6,bc218e883f13e4cf,1.010638,16.94379,1,12842,1,1,0,0,1,0,0,0,0,0,0,0,0,0
1141,6,32d1dc8901108ff5,1.802908,16.208081,1,12960,1,0,0,0,0,0,0,0,0,0,0,0,0,1
1142,7,1fd48474a6be9a50,1.354457,15.65537,1,13894,1,1,0,0,1,0,0,0,0,0,0,0,0,0
1143,7,530e0ea8d92a6d51,2.062722,15.253563,1,14207,2,1,0,0,0,0,0,0,0,0,0,0,0,1
1144,7,9d91a06f605c6d81,1.549646,14.938276,1,14132,0,0,0,0,1,0,0,0,0,0,0,0,0,0
1145,7,1bedfd585b1aa4b9,1.164191,18.180257,1,14189,1,1,0,0,1,0,0,0,0,0,0,0,0,1
1146,7,26a9669cba5af3ef,1.918266,20.0,1,14238,2,1,0,0,1,0,0,0,0,0,0,0,0,1
1147,7,4f55c5e4b2d3c044,2.486714,15.503403,0,14117,1,0,0,0,0,0,0,0,0,0,0,0,0,0
1148,7,429a6cfc04b09590,1.868175,18.604816,1,14076,1,1,0,0,1,0,0,0,0,0,0,0,0,1
1149,7,bfd1095e82cc3b3f,1.40349,17.455947,1,14151,1,1,0,0,1,0,0,0,0,0,0,0,0,0
1150,7,e8a24dfe484cb614,1.055445,20.0,1,14038,1,1,0,0,1,0,0,0,0,0,0,0,0,1
1151,7,a8eb40163c807ab7,0.792916,18.570302,1,13848,1,1,0,0,1,0,0,0,0,0,0,0,0,0
1152,7,b734eb68cadec0ba,2.682995,17.430018,1,13971,2,0,0,0,0,0,0,0,0,0,0,0,0,1
1153,7,03ed9d518f369873,0.97198,20.0,1,13993,0,1,0,0,1,0,0,0,0,0,0,0,0,1
1154,7,cd43fcebe8f5e6e6,0.730943,18.560049,1,14100,1,1,0,0,1,0,0,0,0,0,0,0,0,0
1155,7,338e1a6d9a9334b5,0.54913,20.0,1,13997,1,1,0,0,1,0,0,0,0,0,0,0,0,1
1156,7,f71f04d2a5841727,1.456194,15.70226,0,13933,1,0,0,0,0,0,0,0,0,0,0,0,0,0
1157,7,dab4ff966e399802,1.095079,18.769327,1,13998,1,1,0,0,1,0,0,0,0,0,0,0,0,1
1158,7,339e340883d8ecaf,0.822692,20.0,1,13961,1,1,0,0,1,0,0,0,0,0,0,0,0,1
1159,7,0f3eea50b2030a66,2.705364,15.820376,0,14069,2,0,0,0,0,0,0,0,0,0,0,0,0,0
1160,7,157d3461e0a7f335,2.032439,18.842946,1,14103,1,1,0,0,1,0,0,0,0,0,0,0,0,1
1161,7,f1991b9aba19249f,1.528423,17.650666,1,13847,1,1,0,0,1,0,0,0,0,0,0,0,0,0
1162,7,f0cae4ef532c2023,2.191901,16.73913,1,14069,1,0,0,0,0,0,0,0,0,0,0,0,0,1
1163,7,7630abeab872e6cf,1.646693,19.533171,1,14015,1,1,0,0,1,0,0,0,0,0,0,0,0,1
1164,7,253c29c9cd31f14d,1.238337,18.169725,1,13816,1,1,0,0,1,0,0,0,0,0,0,0,0,0
1165,7,1bcd43f2b236da2a,0.930316,17.12908,1,14051,1,1,0,0,0,0,0,0,0,0,0,0,0,1
1166,7,190012cb2cd5517d,1.742565,16.347282,1,13946,1,0,0,0,1,0,0,0,0,0,0,0,0,0
1167,7,752285f96761bfac,1.309124,19.238791,1,13880,1,1,0,0,1,0,0,0,0,0,0,0,0,1
1168,7,8ce008444b943984,0.98448,17.948347,1,14010,1,1,0,0,1,0,0,0,0,0,0,0,0,0
1169,7,815cbd6616cc478f,1.783256,16.962766,1,13910,1,0,0,0,0,0,0,0,0,0,0,0,0,1
1170,7,ea182be542b69bac,1.339694,16.222337,1,13892,1,1,0,0,1,0,0,0,0,0,0,0,0,0
1171,7,98558a7fe6a345e2,2.051619,19.160432,1,13917,2,1,0,0,1,0,0,0,0,0,0,0,0,1
1172,7,ea40987dff05550d,1.541305,17.873361,1,14032,1,1,0,0,0,0,0,0,0,0,0,0,0,1
1173,7,bd84d51435d6859a,2.201578,20.0,1,13880,1,0,0,0,1,0,0,0,0,0,0,0,0,1
1174,7,b3773e59edaae1a5,1.653963,18.793541,1,14105,1,1,0,0,1,0,0,0,0,0,0,0,0,0
1175,7,5dadae3439224eef,1.243804,20.0,1,13915,1,1,0,0,1,0,0,0,0,0,0,0,0,1
1176,7,bf32681d9402a0dc,0.934423,19.325989,1,13875,1,1,0,0,1,0,0,0,0,0,0,0,0,0
1177,7,f7bd4e508f328e99,1.745651,17.997737,1,14168,1,0,0,0,0,0,0,0,0,0,0,0,0,1
1178,7,7c7cf98600a1ae76,1.312754,20.0,1,13860,1,1,0,0,1,0,0,0,0,0,0,0,0,1
1179,7,4330f499d34eea83,2.029877,18.876391,1,13883,2,1,0,0,1,0,0,0,0,0,0,0,0,0
1180,7,574139667abb0c89,2.568624,17.659972,1,14189,1,0,0,0,0,0,0,0,0,0,0,0,0,1
1181,7,92baeeda50fe0e26,1.929711,20.0,1,13992,1,1,0,0,1,0,0,0,0,0,0,0,0,1
1182,7,80a0120ed18f2275,1.45117,20.0,1,13807,1,1,0,0,1,0,0,0,0,0,0,0,0,1
1183,7,9d84e6efc962d46c,2.133863,16.655842,0,13998,1,0,0,0,0,0,0,0,0,0,0,0,0,0
1184,7,7e27000adda5a2ae,2.646745,19.470601,1,13959,2,1,0,0,1,0,0,0,0,0,0,0,0,1
1185,7,d6305ecf789aa604,1.99039,20.0,1,13921,1,1,0,0,1,0,0,0,0,0,0,0,0,1
1186,7,0dfeeb2fafb97a29,1.495306,19.7085,1,13902,1,1,0,0,1,0,0,0,0,0,0,0,0,0
1187,7,28f425ac2b388d3c,2.167021,18.285104,1,13959,1,0,0,0,0,0,0,0,0,0,0,0,0,1
1188,7,f910b70780c7b8f7,1.628002,20.0,1,13926,1,1,0,0,1,0,0,0,0,0,0,0,0,1
1189,7,79eecec24ccd7024,1.22428,19.043139,1,13970,1,1,0,0,1,0,0,0,0,0,0,0,0,0
1190,7,69189b788a8d342d,1.963409,20.0,1,13968,2,1,0,0,1,0,0,0,0,0,0,0,0,1
1191,7,f1e96ea7a36e0d03,2.518689,19.453759,1,13751,1,0,0,0,0,0,0,0,0,0,0,0,0,1
1192,7,c8a578fd7d03b1de,1.89409,18.110005,1,13942,1,1,0,0,1,0,0,0,0,0,0,0,0,0
1193,7,a55b3aacea87068c,1.422959,20.0,1,13954,1,1,0,0,1,0,0,0,0,0,0,0,0,1
1194,7,4484329fed67d255,1.069016,20.0,1,13974,1,1,0,0,1,0,0,0,0,0,0,0,0,1
1195,7,a94a01c146d24e8a,0.803112,16.83275,0,13975,1,1,0,0,0,0,0,0,0,0,0,0,0,0
1196,7,7cc803e032517fd4,1.648102,19.619471,1,14091,1,0,0,0,1,0,0,0,0,0,0,0,0,1
1197,7,732ddc3193e49959,2.281811,20.0,1,13784,2,1,0,0,1,0,0,0,0,0,0,0,0,1
1198,7,974532203b2dee49,2.757893,16.300193,0,13842,1,0,0,0,0,0,0,0,0,0,0,0,0,0
1199,7,969a5d705d59b0ed,2.073974,19.218981,1,13808,1,1,0,0,1,0,0,0,0,0,0,0,0,1
1200,7,e9eff07273e48409,1.5581,20.0,1,13789,1,1,0,0,1,0,0,0,0,0,0,0,0,1
1201,7,61d999bd71db7b91,2.214195,16.074159,0,13779,1,0,0,0,0,0,0,0,0,0,0,0,0,0
1202,7,5424022e44216fc3,1.663442,19.033603,1,13889,1,1,0,0,1,0,0,0,0,0,0,0,0,1
1203,7,330c2feb0ab7284f,2.295083,20.0,1,13777,2,1,0,0,1,0,0,0,0,0,0,0,0,1
1204,7,1b3fdb45d19951f0,2.767863,19.461614,1,13921,1,0,0,0,0,0,0,0,0,0,0,0,0,1
1205,7,98ec77d651a8c607,2.079392,20.0,1,13929,1,1,0,0,1,0,0,0,0,0,0,0,0,1
1206,7,51c723f9d312e950,1.563733,19.707821,1,13855,1,1,0,0,1,0,0,0,0,0,0,0,0,0
1207,7,72b5eef91abfa8f2,1.174774,20.0,1,13638,1,1,0,0,1,0,0,0,0,0,0,0,0,1
1208,7,af4bdc7657d656d9,1.926217,16.350057,0,13745,1,0,0,0,0,0,0,0,0,0,0,0,0,0
1209,7,64e02c5680bbeb9e,1.447095,19.240876,1,13852,1,1,0,0,1,0,0,0,0,0,0,0,0,1
1210,7,c6cbd4c8a183ae14,2.132386,20.0,1,13620,2,1,0,0,1,0,0,0,0,0,0,0,0,1
1211,7,a9c881e6c1eaeca6,2.645636,16.099871,0,14096,1,0,0,0,0,0,0,0,0,0,0,0,0,0
1212,7,bc083e652dd131e6,1.987567,19.05292,1,13846,1,1,0,0,1,0,0,0,0,0,0,0,0,1
1213,7,afeac3465f716053,1.494679,20.0,1,13816,1,1,0,0,1,0,0,0,0,0,0,0,0,1
1214,7,9de7917f73f5665f,1.122896,19.472528,1,13731,1,1,0,0,0,0,0,0,0,0,0,0,0,1
1215,7,fa68a4506a00c801,1.887243,18.107827,1,13778,1,0,0,0,1,0,0,0,0,0,0,0,0,0
1216,7,60e4b7f70ad8149c,2.461469,17.082578,1,13890,1,0,0,0,0,0,0,0,0,0,0,0,0,1
1217,7,540ee59e39a43a58,1.85106,19.807345,1,13690,1,1,0,0,1,0,0,0,0,0,0,0,0,1
1218,7,ae27dfec4119893f,2.434285,18.359363,1,13707,2,1,0,0,0,0,0,0,0,0,0,0,0,1
1219,7,50d9b441d6e1303a,2.872441,17.271547,1,13970,1,0,0,0,1,0,0,0,0,0,0,0,0,0
1220,7,00d1374a9a22da3a,2.160116,19.949453,1,13698,1,1,0,0,1,0,0,0,0,0,0,0,0,1
1221,7,255f7fa8fedc16bc,2.666468,14.987278,0,13739,1,0,0,0,0,0,0,0,0,0,0,0,0,0
1222,7,106f463ddcb05122,2.003218,18.217071,1,13927,1,1,0,0,1,0,0,0,0,0,0,0,0,1
1223,7,160b940953158132,2.548596,17.164649,1,13825,1,0,0,0,0,0,0,0,0,0,0,0,0,1
1224,7,3a7d11d2ae8e7e6b,2.960731,19.869064,1,13677,2,1,0,0,1,0,0,0,0,0,0,0,0,1
1225,7,75742d04a12d83c0,2.224287,18.40573,1,13919,1,1,0,0,1,0,0,0,0,0,0,0,0,0
1226,7,4bed84dc4c67ccd1,2.714677,17.306381,1,13735,1,0,0,0,0,0,0,0,0,0,0,0,0,1
1227,7,3d1a5c1bfce1c0e9,2.041476,16.495147,1,13668,1,1,0,0,1,0,0,0,0,0,0,0,0,0
1228,7,0a81783084cc7bee,1.533684,19.349876,1,13754,1,1,0,0,1,0,0,0,0,0,0,0,0,1
1229,7,82c8873e16e2d8c7,2.195853,18.015683,1,13845,1,0,0,0,0,0,0,0,0,0,0,0,0,1
1230,7,1e94440a71993a93,1.649662,17.013354,1,13788,1,1,0,0,1,0,0,0,0,0,0,0,0,0
1231,7,84d750ed6334295f,2.28472,16.274786,1,13614,1,0,0,0,0,0,0,0,0,0,0,0,0,1
1232,7,dc367c6223a7016b,1.716425,19.184328,1,13507,1,1,0,0,1,0,0,0,0,0,0,0,0,1
1233,7,2cc0200773afddc0,1.289486,17.891313,1,13570,1,1,0,0,1,0,0,0,0,0,0,0,0,0
1234,7,48468e111a9bca6f,2.013862,16.935024,1,13310,1,0,0,0,0,0,0,0,0,0,0,0,0,1
1235,7,32ed8e3557a324d1,1.512939,19.680339,1,13693,1,1,0,0,1,0,0,0,0,0,0,0,0,1
1236,7,909201e3ffb2aa73,1.136615,18.263948,1,13632,1,1,0,0,1,0,0,0,0,0,0,0,0,0
1237,7,9963bb2f62f94f48,1.89755,17.199866,1,13678,1,0,0,0,0,0,0,0,0,0,0,0,0,1
1238,7,f566322e418e3713,2.471135,19.895548,1,13642,2,1,0,0,1,0,0,0,0,0,0,0,0,1
1239,7,81ccc786a751bde3,1.856471,18.425626,1,13804,1,1,0,0,1,0,0,0,0,0,0,0,0,0
1240,7,6abce400cba3fa18,2.438351,17.321328,1,13585,1,0,0,0,0,0,0,0,0,0,0,0,0,1
1241,7,092c96675640792a,1.833675,16.506387,1,13511,1,1,0,0,1,0,0,0,0,0,0,0,0,0
1242,7,ce20d5d3416f5826,1.377571,19.358321,1,13653,1,1,0,0,1,0,0,0,0,0,0,0,0,1
1243,7,cac2813cd650699b,2.078571,14.543183,0,13728,1,0,0,0,0,0,0,0,0,0,0,0,0,0
1244,7,a342a6829d486d03,1.561553,17.883439,1,13402,1,1,0,0,1,0,0,0,0,0,0,0,0,1
1245,7,fcfb852747fd0717,1.17431,16.929102,1,13486,1,1,0,0,1,0,0,0,0,0,0,0,0,0
1246,7,48c167b5a0d69323,0.882215,19.675891,1,13612,1,1,0,0,1,0,0,0,0,0,0,0,0,1
1247,7,60b670de169e4c59,1.706429,14.781761,0,13675,1,0,0,0,0,0,0,0,0,0,0,0,0,0
1248,7,80c2c09cddb27c91,1.283259,18.077099,1,13744,1,1,0,0,1,0,0,0,0,0,0,0,0,1
1249,7,fc3f48c4974eb858,0.964064,17.059493,1,13746,1,1,0,0,0,0,0,0,0,0,0,0,0,1
1250,7,0291a4c2c6e09e68,1.767919,16.295004,1,13821,1,0,0,0,1,0,0,0,0,0,0,0,0,0
1251,7,dea37740a700acad,1.328171,19.199516,1,13689,1,1,0,0,1,0,0,0,0,0,0,0,0,1
1252,7,7895974d20ddf32b,2.042954,17.918812,1,13757,1,0,0,0,0,0,0,0,0,0,0,0,0,1
1253,7,f587c97b6a920315,2.578449,20.0,1,13571,2,1,0,0,1,0,0,0,0,0,0,0,0,1
1254,7,95a9bc36364b0cab,1.937092,20.0,1,13839,1,1,0,0,1,0,0,0,0,0,0,0,0,1
1255,7,6911e95e9de89087,1.456721,20.0,1,13571,1,1,0,0,1,0,0,0,0,0,0,0,0,0
1256,7,accc69e0bdf806d8,2.138033,18.691119,1,13506,1,0,0,0,0,0,0,0,0,0,0,0,0,1
1257,7,9fbf6995f3f131e8,1.606224,17.520784,1,13660,1,1,0,0,1,0,0,0,0,0,0,0,0,0
1258,7,7cea65775ed85ad8,1.206696,20.0,1,14069,1,1,0,0,1,0,0,0,0,0,0,0,0,1
1259,7,a5026f7538a1d289,1.951603,15.130827,0,13815,1,0,0,0,0,0,0,0,0,0,0,0,0,0
1260,7,8b34f894b45e9a39,1.466167,18.324913,1,13931,1,1,0,0,1,0,0,0,0,0,0,0,0,1
1261,7,725fe4ebd64bcf0d,2.14513,20.0,1,13768,2,1,0,0,1,0,0,0,0,0,0,0,0,1
1262,7,a82b3b2413b0efc1,1.613168,19.06563,1,13754,1,1,0,0,0,0,0,0,0,0,0,0,0,1
1263,7,2812551e77d6a616,2.255566,17.802139,1,13667,1,0,0,0,1,0,0,0,0,0,0,0,0,0
1264,7,46333a9e411e1fcf,1.694523,20.0,1,13649,1,1,0,0,1,0,0,0,0,0,0,0,0,1
1265,7,45cb7289975ea1d6,1.273031,18.753344,1,13624,1,1,0,0,1,0,0,0,0,0,0,0,0,0
1266,7,89296aa1e5a1b005,0.957338,17.583284,1,13411,1,1,0,0,0,0,0,0,0,0,0,0,0,1
1267,7,e5e2c38e41aac85a,1.762865,16.688508,1,13689,1,0,0,0,1,0,0,0,0,0,0,0,0,0
1268,7,158f1c213f718720,1.324375,19.495141,1,13752,1,1,0,0,1,0,0,0,0,0,0,0,0,1
1269,7,c9446554e18f8de4,0.995949,18.141126,1,13614,1,1,0,0,1,0,0,0,0,0,0,0,0,0
1270,7,fc74780a20ab1e4f,0.748219,20.0,1,13871,1,1,0,0,1,0,0,0,0,0,0,0,0,1
1271,7,d98fe72f501a5492,0.562109,15.465822,0,13773,1,1,0,0,0,0,0,0,0,0,0,0,0,0
1272,7,86242f34aaac0281,2.509598,18.576583,1,13820,2,0,0,0,1,0,0,0,0,0,0,0,0,1
1273,7,c27558c0747d6a27,1.887254,20.0,1,13741,1,1,0,0,1,0,0,0,0,0,0,0,0,1
1274,7,5bce455c89b56689,0.37417,19.203416,1,13627,0,1,0,0,1,0,0,0,0,0,0,0,0,0
1275,7,44e5d36a8b7f88d7,0.2811,20.0,1,13528,1,1,0,0,1,0,0,0,0,0,0,0,0,1
1276,7,d1e80d30eaf3be9e,1.255542,16.081447,0,13146,1,0,0,0,0,0,0,0,0,0,0,0,0,0
1277,7,e162e8b48e942c98,1.986895,19.039079,1,13229,2,1,0,0,1,0,0,0,0,0,0,0,0,1
1278,7,8f015dba11cf00de,1.49268,20.0,1,13220,1,1,0,0,1,0,0,0,0,0,0,0,0,1
1279,7,7675b0896c0a468b,1.121395,19.451467,1,13261,1,1,0,0,1,0,0,0,0,0,0,0,0,0
1280,7,be2df9cd74ca56ba,1.887455,18.108282,1,13071,1,0,0,0,0,0,0,0,0,0,0,0,0,1
1281,7,225ee142cd1e6db7,1.417974,20.0,1,13087,1,1,0,0,1,0,0,0,0,0,0,0,0,1
1282,7,57b41a9ef376bbb0,1.065271,18.92613,1,13296,1,1,0,0,1,0,0,0,0,0,0,0,0,0
1283,7,654c574a2a1e27ff,0.801099,20.0,1,13522,1,1,0,0,1,0,0,0,0,0,0,0,0,1
1284,7,d537be5639c69b1f,1.645489,15.922051,0,13706,1,0,0,0,0,0,0,0,0,0,0,0,0,0
1285,7,72779cb5e9871f22,1.236195,18.919331,1,14025,1,1,0,0,1,0,0,0,0,0,0,0,0,1
1286,7,62846244ef5dd3a0,0.928707,20.0,1,14895,1,1,0,0,1,0,0,0,0,0,0,0,0,1
1287,7,e1e720fdfd88da72,1.742551,15.92095,0,14406,1,0,0,0,0,0,0,0,0,0,0,0,0,0
1288,7,0517a3ebf3a52bfc,1.309114,18.918504,1,15376,1,1,0,0,1,0,0,0,0,0,0,0,0,1
1289,7,9e367f6e0995bd02,2.027141,20.0,1,15306,2,1,0,0,1,0,0,0,0,0,0,0,0,1
1290,7,ec27ae94916dfb19,1.524439,20.0,1,15016,1,1,0,0,1,0,0,0,0,0,0,0,0,1
1291,8,1fd48474a6be9a50,2.188908,20.0,1,14699,1,0,0,0,0,0,0,0,0,0,0,0,0,1
1292,8,530e0ea8d92a6d51,1.644444,19.006579,1,13859,1,1,0,0,1,0,0,0,0,0,0,0,0,0
1293,8,9d91a06f605c6d81,1.23541,20.0,1,14171,1,1,0,0,1,0,0,0,0,0,0,0,0,1
1294,8,1bedfd585b1aa4b9,3.017347,19.450744,1,14131,2,0,0,0,0,0,0,0,0,0,0,0,0,1
1295,8,26a9669cba5af3ef,2.26682,18.091461,1,14234,1,1,0,0,1,0,0,0,0,0,0,0,0,0
1296,8,4f55c5e4b2d3c044,0.659324,17.070283,1,14258,0,1,0,0,1,0,0,0,0,0,0,0,0,0
1297,8,429a6cfc04b09590,0.495821,16.317598,1,13989,1,1,0,0,0,0,0,0,0,0,0,0,0,1
1298,8,bfd1095e82cc3b3f,1.416145,15.737646,1,14093,1,0,0,0,1,0,0,0,0,0,0,0,0,0
1299,8,e8a24dfe484cb614,1.063897,18.780794,1,14249,1,1,0,0,1,0,0,0,0,0,0,0,0,1
1300,8,a8eb40163c807ab7,1.842919,14.109308,0,13826,1,0,0,0,0,0,0,0,0,0,0,0,0,0
1301,8,b734eb68cadec0ba,1.385902,17.571404,1,13951,1,1,0,0,1,0,0,0,0,0,0,0,0,1
1302,8,03ed9d518f369873,1.041176,16.679584,1,13930,1,1,0,0,1,0,0,0,0,0,0,0,0,0
1303,8,cd43fcebe8f5e6e6,0.782197,19.488437,1,14038,1,1,0,0,1,0,0,0,0,0,0,0,0,1
1304,8,338e1a6d9a9334b5,0.588223,18.136084,1,13904,1,1,0,0,1,0,0,0,0,0,0,0,0,0
1305,8,f71f04d2a5841727,1.485563,17.103806,1,13969,2,1,0,0,0,0,0,0,0,0,0,0,0,1
1306,8,dab4ff966e399802,2.159702,19.807139,1,14017,1,0,0,0,1,0,0,0,0,0,0,0,0,1
1307,8,339e340883d8ecaf,1.622503,18.359208,1,13984,1,1,0,0,1,0,0,0,0,0,0,0,0,0
1308,8,0f3eea50b2030a66,0.175995,17.286888,1,14010,0,1,0,0,1,0,0,0,0,0,0,0,0,0
1309,8,157d3461e0a7f335,1.175872,19.944682,1,14099,2,1,0,0,1,0,0,0,0,0,0,0,0,1
1310,8,f1991b9aba19249f,1.927042,18.462538,1,14107,1,0,0,0,0,0,0,0,0,0,0,0,0,1
1311,8,f0cae4ef532c2023,1.449163,20.0,1,13972,1,1,0,0,1,0,0,0,0,0,0,0,0,1
1312,8,7630abeab872e6cf,1.088702,19.138985,1,13976,1,1,0,0,1,0,0,0,0,0,0,0,0,0
1313,8,253c29c9cd31f14d,0.817901,20.0,1,13958,1,1,0,0,1,0,0,0,0,0,0,0,0,1
1314,8,1bcd43f2b236da2a,1.658112,19.507854,1,14022,1,0,0,0,0,0,0,0,0,0,0,0,0,1
1315,8,190012cb2cd5517d,1.246924,18.150686,1,13912,1,1,0,0,1,0,0,0,0,0,0,0,0,0
1316,8,752285f96761bfac,0.936767,20.0,1,13877,1,1,0,0,1,0,0,0,0,0,0,0,0,1
1317,8,8ce008444b943984,1.747412,18.950062,1,13958,2,1,0,0,0,0,0,0,0,0,0,0,0,1
1318,8,815cbd6616cc478f,2.358229,20.0,1,13965,1,0,0,0,1,0,0,0,0,0,0,0,0,1
1319,8,ea182be542b69bac,1.771649,19.414417,1,13950,1,1,0,0,1,0,0,0,0,0,0,0,0,0
1320,8,98558a7fe6a345e2,1.330974,20.0,1,13808,1,1,0,0,1,0,0,0,0,0,0,0,0,1
1321,8,ea40987dff05550d,0.999911,19.663306,1,14040,1,1,0,0,1,0,0,0,0,0,0,0,0,0
1322,8,bd84d51435d6859a,1.796098,18.267588,1,13996,1,0,0,0,0,0,0,0,0,0,0,0,0,1
1323,8,b3773e59edaae1a5,1.349341,20.0,1,13939,1,1,0,0,1,0,0,0,0,0,0,0,0,1
1324,8,5dadae3439224eef,1.01371,19.016041,1,13977,1,1,0,0,1,0,0,0,0,0,0,0,0,0
1325,8,3a65bdaf7fd2e05b,0.762324,20.0,1,13970,1,1,0,0,1,0,0,0,0,0,0,0,0,1
1326,8,9c942d99de55188c,2.660012,19.451692,1,14110,2,0,0,0,0,0,0,0,0,0,0,0,0,1
1327,8,30873601b573427a,1.998368,18.092174,1,13892,1,1,0,0,1,0,0,0,0,0,0,0,0,0
1328,8,1aeffc9998f43d0f,1.501299,20.0,1,14163,1,1,0,0,1,0,0,0,0,0,0,0,0,1
1329,8,151cbd0be88935fb,1.128998,20.0,1,13880,1,1,0,0,1,0,0,0,0,0,0,0,0,1
1330,8,73d5539c1889c3b4,1.891828,16.839283,0,14013,1,0,0,0,0,0,0,0,0,0,0,0,0,0
1331,8,d1ebb173c5c63af2,1.421259,19.608413,1,14017,1,1,0,0,1,0,0,0,0,0,0,0,0,1
1332,8,77b5c38872296fa3,1.068807,20.0,1,13995,1,1,0,0,1,0,0,0,0,0,0,0,0,1
1333,8,d80b9172be2a12d8,1.846608,20.0,1,13912,2,1,0,0,1,0,0,0,0,0,0,0,0,1
1334,8,f4f032b1f9c37973,2.430941,20.0,1,14084,1,0,0,0,0,0,0,0,0,0,0,0,0,1
1335,8,ff62a6d754c2d78c,1.826275,19.223147,1,14069,1,1,0,0,1,0,0,0,0,0,0,0,0,0
1336,8,886eda82314f66c9,2.417535,20.0,1,13950,2,1,0,0,1,0,0,0,0,0,0,0,0,1
1337,8,bdf35c76ee169e43,1.816204,20.0,1,14052,1,1,0,0,1,0,0,0,0,0,0,0,0,1
1338,8,1d5692c033d330d0,1.364446,20.0,1,14021,1,1,0,0,1,0,0,0,0,0,0,0,0,1
1339,8,17add1e00223f913,1.026083,20.0,1,13952,1,1,0,0,1,0,0,0,0,0,0,0,0,1
1340,8,1aaadfc52927b688,1.814511,18.942508,0,14124,1,0,0,0,0,0,0,0,0,0,0,0,0,0
1341,8,aea3b106fdc66c30,2.406828,20.0,1,13935,2,1,0,0,1,0,0,0,0,0,0,0,0,1
1342,8,3ded3997f419a726,1.80816,20.0,1,14008,1,1,0,0,1,0,0,0,0,0,0,0,0,1
1343,8,6e0ece93dd5b4aab,1.359762,20.0,1,13864,1,1,0,0,1,0,0,0,0,0,0,0,0,1
1344,8,e0ae1e5b216e0e1d,1.021538,20.0,1,14036,1,1,0,0,1,0,0,0,0,0,0,0,0,0
1345,8,babc87e9c4446047,2.85475,19.730388,1,14045,2,0,0,0,0,0,0,0,0,0,0,0,0,1
1346,8,89863576d84bd081,2.146813,20.0,1,13919,1,1,0,0,1,0,0,0,0,0,0,0,0,1
1347,8,158acc439312efd7,1.61282,19.85527,1,13930,1,1,0,0,1,0,0,0,0,0,0,0,0,0
1348,8,6096a3ca8bee074b,2.255305,18.395367,1,14023,1,0,0,0,0,0,0,0,0,0,0,0,0,1
1349,8,100feb87bb36438a,1.694326,17.298596,1,14069,1,1,0,0,1,0,0,0,0,0,0,0,0,0
1350,8,9a3f4186455c38d8,2.318308,19.969794,1,13985,2,1,0,0,1,0,0,0,0,0,0,0,0,1
1351,8,9caa04ced0e9a069,1.741658,20.0,1,14073,1,1,0,0,1,0,0,0,0,0,0,0,0,1
1352,8,19ae6afb19a64d19,2.352096,19.976758,1,13999,1,0,0,0,0,0,0,0,0,0,0,0,0,1
1353,8,77e96a547dd28f94,1.76881,20.0,1,13914,1,1,0,0,1,0,0,0,0,0,0,0,0,1
1354,8,05d092e1bca11d4c,1.328841,19.99446,1,14116,1,1,0,0,1,0,0,0,0,0,0,0,0,0
1355,8,3ddc0b2379a7aafb,0.998308,20.0,1,14118,1,1,0,0,1,0,0,0,0,0,0,0,0,1
1356,8,1d8b7973bc9543cd,1.793645,19.99068,1,14016,1,0,0,0,0,0,0,0,0,0,0,0,0,1
1357,8,d9b952cbad788a8e,2.392997,20.0,1,14103,2,1,0,0,1,0,0,0,0,0,0,0,0,1
1358,8,084240d094492738,1.797769,20.0,1,13956,1,1,0,0,1,0,0,0,0,0,0,0,0,0
1359,8,0b62003d91fe1b84,2.39425,18.505843,1,13970,1,0,0,0,0,0,0,0,0,0,0,0,0,1
1360,8,8f4333bc415824bb,1.80051,17.397159,1,13922,1,1,0,0,1,0,0,0,0,0,0,0,0,0
1361,8,9a5a4f188bd22302,1.352656,20.0,1,13906,1,1,0,0,1,0,0,0,0,0,0,0,0,1
1362,8,1870fd0d1a70351e,1.0162,20.0,1,14183,1,1,0,0,1,0,0,0,0,0,0,0,0,1
1363,8,1e8d4862819e0143,1.807086,16.530497,0,14071,1,0,0,0,0,0,0,0,0,0,0,0,0,0
1364,8,0fe61b016f4823bb,2.403105,19.392173,1,14152,2,1,0,0,1,0,0,0,0,0,0,0,0,1
1365,8,5a561bf54b48ab1d,2.849016,18.047459,1,14028,1,0,0,0,0,0,0,0,0,0,0,0,0,1
1366,8,7f29f0aa6e590fa7,2.14036,20.0,1,14124,1,1,0,0,1,0,0,0,0,0,0,0,0,1
1367,8,51811ff1088637ba,2.653731,18.908879,1,14008,1,0,0,0,0,0,0,0,0,0,0,0,0,1
1368,8,221bd9296b06e569,1.993649,17.684378,1,13989,1,1,0,0,1,0,0,0,0,0,0,0,0,0
1369,8,2c0dd3853383616e,1.497754,20.0,1,14098,1,1,0,0,1,0,0,0,0,0,0,0,0,1
1370,8,3ddd1377776c155d,3.212513,18.68688,1,14141,2,0,0,0,0,0,0,0,0,0,0,0,0,1
1371,8,f143c05ff86bc1cf,2.415856,20.0,1,14010,1,1,0,0,1,0,0,0,0,0,0,0,0,1
1372,8,7d5e9e610682f9f5,2.858596,15.786885,0,14064,1,0,0,0,0,0,0,0,0,0,0,0,0,0
1373,8,eaabdd9009c56cc9,2.147556,18.817786,1,14294,1,1,0,0,1,0,0,0,0,0,0,0,0,1
1374,8,f9c5ac96956ec31c,1.614993,17.631745,1,14099,1,1,0,0,1,0,0,0,0,0,0,0,0,0
1375,8,4a4cf35c5ff9274b,2.256937,16.724915,1,14057,1,0,0,0,0,0,0,0,0,0,0,0,0,1
1376,8,b16e42d9f6fc7e21,2.739206,19.522493,1,14146,2,1,0,0,1,0,0,0,0,0,0,0,0,1
1377,8,9c42ded24325e355,3.101516,18.145363,1,13883,1,0,0,0,0,0,0,0,0,0,0,0,0,1
1378,8,c4c8968aabe394d2,2.332384,17.126074,1,13979,1,1,0,0,1,0,0,0,0,0,0,0,0,0
1379,8,3c36b1b5995cec37,2.795887,16.345023,1,14102,1,0,0,0,0,0,0,0,0,0,0,0,0,1
1380,8,480049e90ff50122,2.100445,15.75825,1,14400,1,1,0,0,1,0,0,0,0,0,0,0,0,0
1381,8,059eed1e545761f6,1.579565,18.811432,1,14388,1,1,0,0,1,0,0,0,0,0,0,0,0,1
1382,8,d41fea9b3939dc9c,1.186668,14.132325,0,14321,1,1,0,0,0,0,0,0,0,0,0,0,0,0
1383,8,30fe94d4b4d18fa3,2.978806,17.574777,1,14181,2,0,0,0,1,0,0,0,0,0,0,0,0,1
1384,8,92db016c1aaf5b77,2.237866,20.0,1,14208,1,1,0,0,1,0,0,0,0,0,0,0,0,1
1385,8,ce947c10ebc52100,1.682907,18.641832,1,14089,1,1,0,0,1,0,0,0,0,0,0,0,0,0
1386,8,fde5c5dd8b3ac818,1.264305,20.0,1,14198,1,1,0,0,1,0,0,0,0,0,0,0,0,1
1387,8,e7d194c07d691da1,1.993478,15.748418,0,13983,1,0,0,0,0,0,0,0,0,0,0,0,0,0
1388,8,781fb0e9d6e1d18d,1.499124,18.804038,1,13980,1,1,0,0,1,0,0,0,0,0,0,0,0,1
1389,8,5073e52be71e5d55,1.126236,17.605616,1,13882,1,1,0,0,1,0,0,0,0,0,0,0,0,0
1390,8,9a98202ed12d2863,1.889752,16.705285,1,14087,1,0,0,0,0,0,0,0,0,0,0,0,0,1
1391,8,2c3e914c8cc4b55b,1.4197,16.028901,1,13942,1,1,0,0,1,0,0,0,0,0,0,0,0,0
1392,8,03ac9934541c0b73,1.067635,19.014965,1,14028,1,1,0,0,1,0,0,0,0,0,0,0,0,1
1393,8,cfc2c9d500d3ce27,0.802074,17.764077,1,13885,1,1,0,0,1,0,0,0,0,0,0,0,0,0
1394,8,702bed25791d8fa2,1.646222,16.824332,1,13977,1,0,0,0,0,0,0,0,0,0,0,0,0,1
1395,8,6fb2b1c3e306f91e,1.237982,19.613141,1,13847,1,1,0,0,1,0,0,0,0,0,0,0,0,1
1396,8,7c3969a4124bb5bf,0.93005,18.213464,1,14031,1,1,0,0,1,0,0,0,0,0,0,0,0,0
1397,8,c988fbb9c4873576,1.742365,20.0,1,13856,2,1,0,0,1,0,0,0,0,0,0,0,0,1
1398,8,debc39435491e638,1.308974,18.985494,1,14017,1,1,0,0,0,0,0,0,0,0,0,0,0,1
1399,8,457a5c052f0819a5,0.984367,17.757863,1,14018,0,0,0,0,1,0,0,0,0,0,0,0,0,0
1400,8,7cb4dead3afa39da,1.783171,20.0,1,13882,2,1,0,0,1,0,0,0,0,0,0,0,0,1
1401,8,b2317dacc58e1114,1.33963,20.0,1,14136,1,1,0,0,1,0,0,0,0,0,0,0,0,1
1402,8,38b3fc714536e8ff,1.007421,20.0,1,14010,1,1,0,0,1,0,0,0,0,0,0,0,0,1
1403,8,55b2d419601aaca3,1.800491,17.775725,0,13939,1,0,0,0,0,0,0,0,0,0,0,0,0,0
1404,8,e34a06efa19242cb,1.352642,20.0,1,14096,1,1,0,0,1,0,0,0,0,0,0,0,0,1
1405,8,570906e5b461051d,1.016189,18.738436,1,14060,1,1,0,0,1,0,0,0,0,0,0,0,0,0
1406,8,4fc14a1659654b28,0.764189,20.0,1,13897,1,1,0,0,1,0,0,0,0,0,0,0,0,1
1407,8,dc5ddadfbf71bad7,1.61776,15.816012,0,14111,1,0,0,0,0,0,0,0,0,0,0,0,0,0
1408,8,507447c8e40cbe20,2.259016,18.839668,1,14061,2,1,0,0,1,0,0,0,0,0,0,0,0,1
1409,8,ac51653a488cd425,1.698812,20.0,1,13934,1,1,0,0,1,0,0,0,0,0,0,0,0,1
1410,8,68a9ba6cbd59ea15,1.276254,19.352048,1,14130,1,1,0,0,0,0,0,0,0,0,0,0,0,1
1411,8,d1cfe82a9ed2b151,2.002455,18.017315,1,14095,1,0,0,0,1,0,0,0,0,0,0,0,0,0
1412,8,533eb9a837c22723,1.50437,20.0,1,14027,1,1,0,0,1,0,0,0,0,0,0,0,0,1
1413,8,b36cca4a8db888c2,2.175458,20.0,1,13911,2,1,0,0,1,0,0,0,0,0,0,0,0,1
1414,8,2d70a230c48ba238,1.63434,20.0,1,13886,1,1,0,0,1,0,0,0,0,0,0,0,0,1
1415,8,1b9429903921e1ca,1.227819,20.0,1,14186,1,1,0,0,1,0,0,0,0,0,0,0,0,1
1416,8,25fa56499db4526a,1.967488,18.658673,0,14021,1,0,0,0,0,0,0,0,0,0,0,0,0,0
1417,8,a1dd144609b97469,1.4781,20.0,1,14136,1,1,0,0,1,0,0,0,0,0,0,0,0,1
1418,8,3d6541b4eeb1de03,2.154095,20.0,1,13981,2,1,0,0,1,0,0,0,0,0,0,0,0,1
1419,8,66e87a3d554f380e,2.661944,17.06539,0,14064,1,0,0,0,0,0,0,0,0,0,0,0,0,0
1420,8,dfe1c1676a692900,2.00182,19.79442,1,14156,1,1,0,0,1,0,0,0,0,0,0,0,0,1
1421,8,7b9049f8ab9c8008,1.503892,20.0,1,14071,1,1,0,0,1,0,0,0,0,0,0,0,0,1
1422,8,dca4584c37be2c1a,2.173472,16.398934,0,14088,1,0,0,0,0,0,0,0,0,0,0,0,0,0
1423,8,88665c86bcab0e81,1.634482,19.293235,1,13954,1,1,0,0,1,0,0,0,0,0,0,0,0,1
1424,8,c86a50bf547ce105,1.227925,20.0,1,14087,1,1,0,0,1,0,0,0,0,0,0,0,0,1
1425,8,5fbb62f9954d7bdb,1.966147,20.0,1,14124,2,1,0,0,1,0,0,0,0,0,0,0,0,1
1426,8,04668a20bacfd68f,1.477093,20.0,1,14124,1,1,0,0,1,0,0,0,0,0,0,0,0,0
1427,8,0a0c2c9285f3e317,1.110795,19.132396,1,14142,1,1,0,0,0,0,0,0,0,0,0,0,0,1
1428,8,affb649caeebbb9a,1.878152,17.852299,1,14257,1,0,0,0,1,0,0,0,0,0,0,0,0,0
1429,8,ba05c4a13797c328,1.410985,20.0,1,14085,1,1,0,0,1,0,0,0,0,0,0,0,0,1
1430,8,27378726e6d14d7b,1.061081,18.798621,1,14202,1,1,0,0,1,0,0,0,0,0,0,0,0,0
1431,8,62cdd9ac858bce3d,0.797151,20.0,1,14189,1,1,0,0,1,0,0,0,0,0,0,0,0,1
1432,8,8c12a1efc80faf75,0.598869,15.836909,0,14122,1,1,0,0,0,0,0,0,0,0,0,0,0,0
1433,8,0fdd316da31408b9,1.493562,18.855367,1,14155,1,0,0,0,1,0,0,0,0,0,0,0,0,1
1434,8,ee57a3f890c065d9,2.16733,20.0,1,14054,2,1,0,0,1,0,0,0,0,0,0,0,0,1
1435,8,4d1403f4995693b2,1.628234,20.0,1,14336,1,1,0,0,1,0,0,0,0,0,0,0,0,1
1436,8,188336e7ef534b81,2.266885,17.15866,0,14244,1,0,0,0,0,0,0,0,0,0,0,0,0,0
1437,8,4b5b382bf615a1f1,1.70473,19.86456,1,14190,1,1,0,0,1,0,0,0,0,0,0,0,0,1
1438,8,5aab4d04366b8efa,1.2807,18.402346,1,14163,1,1,0,0,1,0,0,0,0,0,0,0,0,0
1439,8,9e446aa56d8b7cb2,2.005795,17.303839,1,14349,1,0,0,0,0,0,0,0,0,0,0,0,0,1
1440,8,603da7470fa4bd5d,2.550532,19.957416,1,14129,2,1,0,0,1,0,0,0,0,0,0,0,0,1
1441,8,0f0318a3d4ece8b5,1.918037,20.0,1,14339,1,1,0,0,1,0,0,0,0,0,0,0,0,1
1442,8,e5e52f870c52a86d,2.484603,19.983532,1,14239,1,0,0,0,0,0,0,0,0,0,0,0,0,1
1443,8,cd0b666839fbab7d,1.866589,18.491725,1,14278,1,1,0,0,1,0,0,0,0,0,0,0,0,0
1444,8,ae202cc35c2aeb7a,2.447852,20.0,1,14353,2,1,0,0,1,0,0,0,0,0,0,0,0,1
1445,8,5a71743fb2b70fa3,1.83898,19.155475,1,14242,1,1,0,0,0,0,0,0,0,0,0,0,0,1
1446,8,152de56ca1abf7dc,2.42521,20.0,1,14195,1,0,0,0,1,0,0,0,0,0,0,0,0,1
1447,8,884217a02f3b4be8,1.82197,20.0,1,14314,1,1,0,0,1,0,0,0,0,0,0,0,0,1
1448,8,1d447a986741451f,2.414298,20.0,1,14133,2,1,0,0,1,0,0,0,0,0,0,0,0,1
1449,8,b85a3456f636bab5,1.813772,20.0,1,14191,1,1,0,0,1,0,0,0,0,0,0,0,0,0
1450,8,797e301b280d97b1,2.406272,19.781404,1,14418,1,0,0,0,0,0,0,0,0,0,0,0,0,1
1451,8,1028125eb6c08948,1.809551,18.356399,1,14051,1,1,0,0,1,0,0,0,0,0,0,0,0,0
1452,8,05578c481214b1d9,1.359448,20.0,1,14242,1,1,0,0,1,0,0,0,0,0,0,0,0,1
1453,8,f0b77858a3acbd1d,3.108609,19.066166,1,14204,2,0,0,0,0,0,0,0,0,0,0,0,0,1
1454,8,6c63ab0d5755d5a1,2.335382,20.0,1,14276,1,1,0,0,1,0,0,0,0,0,0,0,0,1
1455,8,0cfc0a3281de0dae,1.75624,20.0,1,14197,1,1,0,0,1,0,0,0,0,0,0,0,0,1
1456,8,7250743c791e8016,2.363051,17.252678,0,14201,1,0,0,0,0,0,0,0,0,0,0,0,0,0
1457,8,1509a0b823f793ac,1.775272,19.918981,1,14315,1,1,0,0,1,0,0,0,0,0,0,0,0,1
1458,8,0c39d1c2403c6bd5,2.37918,20.0,1,14198,2,1,0,0,1,0,0,0,0,0,0,0,0,1
1459,8,84f1ca4dc19f7a24,2.831043,16.482973,0,14300,1,0,0,0,0,0,0,0,0,0,0,0,0,0
1460,8,42c494f5f0dbb22b,2.126856,19.340731,1,14254,1,1,0,0,1,0,0,0,0,0,0,0,0,1
1461,8,c0e5116cf51b1097,1.597828,14.529968,0,14431,1,1,0,0,0,0,0,0,0,0,0,0,0,0
1462,8,7dca2a90738952e5,2.24574,17.887746,1,14290,1,0,0,0,1,0,0,0,0,0,0,0,0,1
1463,8,8ed2655df8a48067,1.68714,16.91724,1,14356,1,1,0,0,1,0,0,0,0,0,0,0,0,0
1464,8,8283f471acc61ef0,2.311139,16.188134,1,14369,1,0,0,0,0,0,0,0,0,0,0,0,0,1
1465,8,ad07b00b1e58a484,1.738009,15.654209,1,14245,1,1,0,0,1,0,0,0,0,0,0,0,0,0
1466,8,5cc8ba96e0d47497,2.349355,18.718111,1,14298,2,1,0,0,1,0,0,0,0,0,0,0,0,1
1467,8,17b5e9230e01a85f,2.808636,17.541062,1,14236,1,0,0,0,0,0,0,0,0,0,0,0,0,1
1468,8,af443e4f4c3ae8b4,2.110023,16.656789,1,14137,1,1,0,0,1,0,0,0,0,0,0,0,0,0
1469,8,285dcff2a81aa4b3,1.586767,19.487146,1,14022,1,1,0,0,1,0,0,0,0,0,0,0,0,1
1470,8,3267b9a56e84d1bf,2.235732,18.118809,1,14207,1,0,0,0,0,0,0,0,0,0,0,0,0,1
1471,8,81ac4b73b043d921,1.679622,20.0,1,14031,1,1,0,0,1,0,0,0,0,0,0,0,0,1
1472,8,304cddad63979d30,2.30725,20.0,1,14254,2,1,0,0,1,0,0,0,0,0,0,0,0,1
1473,8,455fd31bca8fb01d,2.777004,16.850588,0,14313,1,0,0,0,0,0,0,0,0,0,0,0,0,0
1474,8,144bbca378b8b707,2.086259,19.616906,1,14364,1,1,0,0,1,0,0,0,0,0,0,0,0,1
1475,8,a2a706d88b7c86ef,1.567329,18.216293,1,14031,1,1,0,0,1,0,0,0,0,0,0,0,0,0
1476,8,1b8f436fd45fcbef,2.222804,17.179413,1,13909,1,0,0,0,0,0,0,0,0,0,0,0,0,1
1477,8,0a847da962b49b21,1.66991,16.385096,1,14143,1,1,0,0,1,0,0,0,0,0,0,0,0,0
1478,8,297c6e1a17f9aadf,1.254541,19.267199,1,13797,1,1,0,0,1,0,0,0,0,0,0,0,0,1
1479,8,0f487e0fd8ad1489,1.987583,14.489208,0,13891,1,0,0,0,0,0,0,0,0,0,0,0,0,0
1480,8,38dcc0864d407e8d,1.493197,17.842889,1,13908,1,1,0,0,1,0,0,0,0,0,0,0,0,1
1481,8,2cc5f1926215a345,1.121783,16.88354,1,13918,1,1,0,0,1,0,0,0,0,0,0,0,0,0
1482,8,46129cd32c2b8f7d,0.842754,19.641662,1,13804,1,1,0,0,1,0,0,0,0,0,0,0,0,1
1483,8,5123ca24f0cf90e2,0.633763,14.77081,0,13891,1,1,0,0,0,0,0,0,0,0,0,0,0,0
1484,8,691a1dbf16af6de8,1.519776,18.054446,1,14014,1,0,0,0,1,0,0,0,0,0,0,0,0,1
1485,8,215bdbba9a5ab721,1.141751,17.042475,1,13624,1,1,0,0,1,0,0,0,0,0,0,0,0,0
1486,8,a070d656b385eb8a,0.858613,19.777187,1,13479,1,1,0,0,1,0,0,0,0,0,0,0,0,1
1487,8,37d4022d92a1192b,1.688697,14.857862,0,13059,1,0,0,0,0,0,0,0,0,0,0,0,0,0
1488,8,17bc66eb952a26e9,1.268655,18.119845,1,13286,1,1,0,0,1,0,0,0,0,0,0,0,0,1
1489,8,77e3505a44d41cc0,0.953093,17.091607,1,13330,1,1,0,0,1,0,0,0,0,0,0,0,0,0
1490,8,fa2dddc80a7a66eb,1.76089,16.333634,1,13437,1,0,0,0,0,0,0,0,0,0,0,0,0,1
1491,8,a1d3626485820de0,1.322891,19.228537,1,13482,1,1,0,0,1,0,0,0,0,0,0,0,0,1
1492,8,280f5e1674973474,0.993838,17.924526,1,13362,1,1,0,0,1,0,0,0,0,0,0,0,0,0
1493,9,1fd48474a6be9a50,0.747381,20.0,1,13860,1,1,0,0,1,0,0,0,0,0,0,0,0,1
1494,9,530e0ea8d92a6d51,1.605133,18.83503,1,14098,1,0,0,0,0,0,0,0,0,0,0,0,0,1
1495,9,9d91a06f605c6d81,1.205876,17.628898,1,14110,1,1,0,0,1,0,0,0,0,0,0,0,0,0
1496,9,1bedfd585b1aa4b9,0.90593,20.0,1,14105,1,1,0,0,1,0,0,0,0,0,0,0,0,1
1497,9,26a9669cba5af3ef,1.725422,15.191907,0,14186,1,0,0,0,0,0,0,0,0,0,0,0,0,0
1498,9,4f55c5e4b2d3c044,1.296245,18.370801,1,14256,1,1,0,0,1,0,0,0,0,0,0,0,0,1
1499,9,429a6cfc04b09590,0.973821,17.280141,1,13999,1,1,0,0,1,0,0,0,0,0,0,0,0,0
1500,9,bfd1095e82cc3b3f,1.776478,16.475414,1,14101,1,0,0,0,0,0,0,0,0,0,0,0,0,1
1501,9,e8a24dfe484cb614,1.334601,15.856207,1,14127,1,1,0,0,1,0,0,0,0,0,0,0,0,0
1502,9,a8eb40163c807ab7,1.002636,18.869865,1,13957,1,1,0,0,1,0,0,0,0,0,0,0,0,1
1503,9,b734eb68cadec0ba,0.753243,20.0,1,13944,1,1,0,0,1,0,0,0,0,0,0,0,0,1
1504,9,03ed9d518f369873,2.65475,15.893004,0,13942,2,0,0,0,0,0,0,0,0,0,0,0,0,0
1505,9,cd43fcebe8f5e6e6,1.994415,18.897509,1,13982,1,1,0,0,1,0,0,0,0,0,0,0,0,1
1506,9,338e1a6d9a9334b5,1.498329,17.675836,1,14098,1,1,0,0,1,0,0,0,0,0,0,0,0,0
1507,9,f71f04d2a5841727,2.170915,16.772983,1,13859,1,0,0,0,0,0,0,0,0,0,0,0,0,1
1508,9,dab4ff966e399802,1.630928,19.558604,1,14108,1,1,0,0,1,0,0,0,0,0,0,0,0,1
1509,9,339e340883d8ecaf,1.225255,18.172492,1,13945,1,1,0,0,1,0,0,0,0,0,0,0,0,0
1510,9,0f3eea50b2030a66,3.007795,17.131159,1,14094,2,0,0,0,0,0,0,0,0,0,0,0,0,1
1511,9,3e985a0bd30d703c,2.261905,19.843879,1,13859,1,1,0,0,1,0,0,0,0,0,0,0,0,1
1512,9,d3664dba52f12bb7,1.699284,20.0,1,14019,1,1,0,0,1,0,0,0,0,0,0,0,0,1
1513,9,c246d2e3c31b3ae9,1.276609,20.0,1,13977,1,1,0,0,1,0,0,0,0,0,0,0,0,1
1514,9,635cd0467a27e5a7,2.004179,17.585505,0,14107,1,0,0,0,0,0,0,0,0,0,0,0,0,0
1515,9,56d771fdebc6f2d0,1.505664,20.0,1,13959,1,1,0,0,1,0,0,0,0,0,0,0,0,1
1516,9,4385c4802bd992a1,1.131149,20.0,1,13933,1,1,0,0,1,0,0,0,0,0,0,0,0,1
1517,9,8aba10677e53b1b7,1.893444,16.610357,0,14027,1,0,0,0,0,0,0,0,0,0,0,0,0,0
1518,9,49192243e8cbaa76,1.423897,19.452229,1,13769,1,1,0,0,1,0,0,0,0,0,0,0,0,1
1519,9,bab3e108e1f9bce4,1.06972,20.0,1,14043,1,1,0,0,1,0,0,0,0,0,0,0,0,1
1520,9,7a93b2fc68a46685,1.847294,16.205802,0,14050,1,0,0,0,0,0,0,0,0,0,0,0,0,0
1521,9,9343a49525c06e8b,1.389192,19.147998,1,13705,1,1,0,0,1,0,0,0,0,0,0,0,0,1
1522,9,404bc81199b9cb31,1.043648,17.864019,1,13993,1,1,0,0,1,0,0,0,0,0,0,0,0,0
1523,9,0928d693aed6555f,1.827707,16.899415,1,14133,2,1,0,0,0,0,0,0,0,0,0,0,0,1
1524,9,7418e99e7085b246,2.416741,19.653587,1,13934,1,0,0,0,1,0,0,0,0,0,0,0,0,1
1525,9,eb8011c3605ecbc3,1.817424,20.0,1,14068,1,1,0,0,1,0,0,0,0,0,0,0,0,1
1526,9,10a55c60c28fb871,1.365363,19.811881,1,14047,1,1,0,0,1,0,0,0,0,0,0,0,0,0
1527,9,9142a53c8ea3eea3,2.069399,20.0,1,13979,2,1,0,0,1,0,0,0,0,0,0,0,0,1
1528,9,5b98d08642d6c5c1,2.600368,19.905707,1,14041,1,0,0,0,0,0,0,0,0,0,0,0,0,1
1529,9,9babb0f7babc91be,1.953559,18.433258,1,13751,1,1,0,0,1,0,0,0,0,0,0,0,0,0
1530,9,6b628ace3a80b66e,1.467636,20.0,1,13878,1,1,0,0,1,0,0,0,0,0,0,0,0,1
1531,9,1fb15d63bb00c795,1.10258,20.0,1,14021,1,1,0,0,1,0,0,0,0,0,0,0,0,1
1532,9,60552f072be99c0b,0.829156,20.0,1,13886,1,1,0,0,1,0,0,0,0,0,0,0,0,0
1533,9,653bb80aa2cb1b55,1.666567,18.855156,1,14034,1,0,0,0,0,0,0,0,0,0,0,0,0,1
1534,9,67aeb0127098f2b6,2.295683,20.0,1,14006,2,1,0,0,1,0,0,0,0,0,0,0,0,1
1535,9,776a3e8dce0f20a3,1.726386,20.0,1,13840,1,1,0,0,1,0,0,0,0,0,0,0,0,1
1536,9,8afd65f8be41818a,1.29697,20.0,1,13741,1,1,0,0,1,0,0,0,0,0,0,0,0,0
1537,9,f496528534e83a16,0.974365,20.0,1,13926,1,1,0,0,1,0,0,0,0,0,0,0,0,1
1538,9,963123a06e59acba,1.775657,16.877283,0,13862,1,0,0,0,0,0,0,0,0,0,0,0,0,0
1539,9,a608e4e19fe1510d,2.37947,19.652961,1,14030,2,1,0,0,1,0,0,0,0,0,0,0,0,1
1540,9,94b4bf74b4c0d654,1.787607,20.0,1,13914,1,1,0,0,1,0,0,0,0,0,0,0,0,1
1541,9,e05e194a83d5999d,1.342962,20.0,1,14028,1,1,0,0,1,0,0,0,0,0,0,0,0,1
1542,9,0df3e21ca1dea29a,1.009927,20.0,1,13946,1,1,0,0,1,0,0,0,0,0,0,0,0,0
1543,9,2b91f8621bf2b3dc,1.802374,19.244072,1,13887,1,0,0,0,0,0,0,0,0,0,0,0,0,1
1544,9,96f88e570c2288e4,1.354056,17.936196,1,13889,1,1,0,0,1,0,0,0,0,0,0,0,0,0
1545,9,ccf1990136212d60,1.017252,20.0,1,14028,1,1,0,0,1,0,0,0,0,0,0,0,0,1
1546,9,8fc2f36428e2b239,1.809138,20.0,1,14085,2,1,0,0,1,0,0,0,0,0,0,0,0,1
1547,9,fac81b5222b15fd8,2.402791,20.0,1,13787,1,0,0,0,0,0,0,0,0,0,0,0,0,1
1548,9,d2741c0108e8c3e1,1.805127,20.0,1,14053,1,1,0,0,1,0,0,0,0,0,0,0,0,1
1549,9,f021d52cba66659e,1.357481,16.673813,0,13824,1,1,0,0,0,0,0,0,0,0,0,0,0,0
1550,9,62740c2edf4f9c1a,2.063478,19.484102,1,13956,1,0,0,0,1,0,0,0,0,0,0,0,0,1
1551,9,dd85b5e3c54a4675,1.550214,18.116522,1,13847,1,1,0,0,1,0,0,0,0,0,0,0,0,0
1552,9,292f2ca6c3c277da,2.208271,20.0,1,13914,2,1,0,0,1,0,0,0,0,0,0,0,0,1
1553,9,590046d69c2f0697,1.660652,18.947897,1,14008,1,1,0,0,0,0,0,0,0,0,0,0,0,1
1554,9,49c01972c05b2cde,2.291239,20.0,1,13857,1,0,0,0,1,0,0,0,0,0,0,0,0,1
1555,9,5bd2c5f9e3d81695,1.721322,19.400004,1,13795,1,1,0,0,1,0,0,0,0,0,0,0,0,0
1556,9,e99160ebd3ad6017,2.338609,20.0,1,13690,2,1,0,0,1,0,0,0,0,0,0,0,0,1
1557,9,9fb6e26db137d769,2.800563,19.668616,1,13801,1,0,0,0,0,0,0,0,0,0,0,0,0,1
1558,9,f7cdcffb3f24f59f,2.103958,20.0,1,13835,1,1,0,0,1,0,0,0,0,0,0,0,0,1
1559,9,d54ff3cf1a04e66a,1.580625,20.0,1,14411,1,1,0,0,1,0,0,0,0,0,0,0,0,1
1560,9,6206b48ce68492cb,1.188653,20.0,1,14121,1,1,0,0,1,0,0,0,0,0,0,0,0,0
1561,9,57e8e7bc76011386,1.936644,20.0,1,14219,2,1,0,0,1,0,0,0,0,0,0,0,0,1
1562,9,228f719959c2101f,1.454928,20.0,1,14638,1,1,0,0,0,0,0,0,0,0,0,0,0,1
1563,9,1a270b61bf1671e3,2.138277,20.0,1,15472,1,0,0,0,1,0,0,0,0,0,0,0,0,1
1564,9,b0a02e896059d753,1.606408,20.0,1,15799,1,1,0,0,1,0,0,0,0,0,0,0,0,0
1565,9,4e61135f67626e48,1.206834,20.0,1,15961,1,1,0,0,1,0,0,0,0,0,0,0,0,1
1566,9,211453f6310a450f,1.950303,20.0,1,15684,2,1,0,0,1,0,0,0,0,0,0,0,0,1
1567,9,1c86ab86440e5988,1.466655,20.0,1,16211,1,1,0,0,1,0,0,0,0,0,0,0,0,0
1568,9,bf2b99a3f8e66fb1,1.101843,20.0,1,16094,1,1,0,0,1,0,0,0,0,0,0,0,0,1
1569,9,fddeb604a2f2db05,0.827774,17.230733,0,16797,1,1,0,0,0,0,0,0,0,0,0,0,0,0
1570,9,6c7be738b9512dda,1.666648,19.91876,1,16923,1,0,0,0,1,0,0,0,0,0,0,0,0,1
1571,9,3364a3725f8a7e25,1.25209,18.443064,1,17114,1,1,0,0,1,0,0,0,0,0,0,0,0,0
1572,9,6a9861ac05854b23,1.984302,20.0,1,17154,2,1,0,0,1,0,0,0,0,0,0,0,0,1
1573,9,f250a6f1de9c260b,1.490732,20.0,1,17205,1,1,0,0,1,0,0,0,0,0,0,0,0,1
1574,9,07f9789d6b811bdd,1.121052,20.0,1,17312,1,1,0,0,0,0,0,0,0,0,0,0,0,1
1575,9,78007fb687fa46b4,2.929511,20.0,1,15280,2,0,0,0,1,0,0,0,0,0,0,0,0,1
1576,9,6b77131f79a52b62,2.200832,20.0,1,13544,1,1,0,0,1,0,0,0,0,0,0,0,0,1
1577,9,c3283c7dca258ca9,1.655057,20.0,1,13666,1,1,0,0,1,0,0,0,0,0,0,0,0,0
1578,9,5556ef939b3b497f,1.243383,19.505057,1,13949,1,1,0,0,0,0,0,0,0,0,0,0,0,1
1579,9,48a0b8c2e1de9d2c,1.97776,20.0,1,13783,1,0,0,0,1,0,0,0,0,0,0,0,0,1
1580,9,a8f4c6a49c652fbf,1.485817,19.714463,1,13977,1,1,0,0,1,0,0,0,0,0,0,0,0,0
1581,9,0307d2fd08e11f6a,2.161506,18.306059,1,13541,1,0,0,0,0,0,0,0,0,0,0,0,0,1
1582,9,80318d0601fa540b,1.623859,17.231502,1,13723,1,1,0,0,1,0,0,0,0,0,0,0,0,0
1583,9,a0fb2a1396b3c59a,1.219944,19.903073,1,13439,1,1,0,0,1,0,0,0,0,0,0,0,0,1
1584,9,201d27b2994e2c0d,1.961566,14.967394,0,13675,1,0,0,0,0,0,0,0,0,0,0,0,0,0
1585,9,7a19f77d96a57e36,1.473651,18.202133,1,13324,1,1,0,0,1,0,0,0,0,0,0,0,0,1
1586,9,7ba6b3cfd74971b8,2.150752,13.674582,0,13672,1,0,0,0,0,0,0,0,0,0,0,0,0,0
1587,9,15989a07dafa1e42,1.61578,17.230891,1,13675,1,1,0,0,1,0,0,0,0,0,0,0,0,1
1588,9,dbb44ff84a7343e0,1.21509,16.438378,1,13696,1,1,0,0,1,0,0,0,0,0,0,0,0,0
1589,9,342934978c0ddfb2,0.912851,19.307228,1,13696,1,1,0,0,1,0,0,0,0,0,0,0,0,1
1590,9,6569d3cf1bd89d19,1.729444,14.504798,0,13793,1,0,0,0,0,0,0,0,0,0,0,0,0,0
1591,9,808c87280efdce7c,1.300567,17.868818,1,13543,1,1,0,0,1,0,0,0,0,0,0,0,0,1
1592,9,a9ef1ef850dece1a,0.977067,16.90302,1,13563,1,1,0,0,1,0,0,0,0,0,0,0,0,0
1593,9,1e6cdcb1f64629d1,0.734034,19.656296,1,13723,1,1,0,0,1,0,0,0,0,0,0,0,0,1
1594,9,a6a62f01c80481be,1.595106,14.76704,0,13600,1,0,0,0,0,0,0,0,0,0,0,0,0,0
1595,9,e0168fa87c68601f,1.199542,18.066028,1,13503,1,1,0,0,1,0,0,0,0,0,0,0,0,1
1596,9,0003274111c2dc33,0.901171,17.051176,1,13727,1,1,0,0,1,0,0,0,0,0,0,0,0,0
1597,9,d9c25b3e911987af,0.677016,19.7676,1,13617,1,1,0,0,1,0,0,0,0,0,0,0,0,1
1598,9,ae086c67f5f0ff3c,0.509126,18.346019,1,13712,1,1,0,0,1,0,0,0,0,0,0,0,0,0
1599,9,995a1d4cf554c3da,1.426141,17.261523,1,13746,1,0,0,0,0,0,0,0,0,0,0,0,0,1
1600,9,2aee1afd2026fab3,1.071406,16.446781,1,13587,1,1,0,0,1,0,0,0,0,0,0,0,0,0
1601,9,9aad1b661d0c24f4,0.804907,19.313541,1,13830,1,1,0,0,1,0,0,0,0,0,0,0,0,1
1602,9,e3f02318fdcd84e8,1.649452,14.524058,0,13551,1,0,0,0,0,0,0,0,0,0,0,0,0,0
1603,9,26dc2b307aadaa65,2.282825,17.869071,1,13488,2,1,0,0,1,0,0,0,0,0,0,0,0,1
1604,9,c59a1fc10a320885,1.715001,20.0,1,13645,1,1,0,0,1,0,0,0,0,0,0,0,0,1
1605,9,6cfe12d7eb05d4ff,1.289705,20.0,1,13520,1,1,0,0,1,0,0,0,0,0,0,0,0,1
1606,9,fd78923e3481f25b,2.012561,16.744591,0,13636,1,0,0,0,0,0,0,0,0,0,0,0,0,0
1607,9,c4f2c5f95344180a,1.511962,19.537274,1,13553,1,1,0,0,1,0,0,0,0,0,0,0,0,1
1608,9,65b58d5fbb206542,1.13588,20.0,1,13617,1,1,0,0,1,0,0,0,0,0,0,0,0,1
1609,9,0b470023f39fc867,1.898349,16.270064,0,13661,1,0,0,0,0,0,0,0,0,0,0,0,0,0
1610,9,11cd553fea99c617,2.469812,19.18078,1,13847,2,1,0,0,1,0,0,0,0,0,0,0,0,1
1611,9,f08799d7d8e20c3e,1.855477,20.0,1,13701,1,1,0,0,1,0,0,0,0,0,0,0,0,1
1612,9,492ff17185c26dce,1.395345,20.0,1,13524,1,1,0,0,1,0,0,0,0,0,0,0,0,1
1613,9,493b6fdfc7170f21,2.091924,17.301324,0,13723,1,0,0,0,0,0,0,0,0,0,0,0,0,0
1614,9,9debe871bb17c9c9,1.571584,19.955527,1,13597,1,1,0,0,1,0,0,0,0,0,0,0,0,1
1615,9,cc187f0163101843,1.180673,18.470686,1,12805,1,1,0,0,1,0,0,0,0,0,0,0,0,0
1616,9,f657872f4560d256,1.932033,17.370721,1,12639,1,0,0,0,0,0,0,0,0,0,0,0,0,1
1617,9,5d5c2a78d09b711c,1.451464,16.528818,1,12728,1,1,0,0,1,0,0,0,0,0,0,0,0,0
1618,9,7e1c099208006c2d,1.090431,19.375172,1,13189,1,1,0,0,1,0,0,0,0,0,0,0,0,1
1619,9,6c90da086f53b3eb,1.86417,14.570405,0,13035,1,0,0,0,0,0,0,0,0,0,0,0,0,0
1620,9,d35fcc87952f5bfd,1.400481,17.90389,1,13011,1,1,0,0,1,0,0,0,0,0,0,0,0,1
1621,9,ce570ffe6b098752,0.008476,16.929368,1,13080,0,1,0,0,1,0,0,0,0,0,0,0,0,0
1622,9,606b165f09693323,1.050021,19.67609,1,13213,2,1,0,0,1,0,0,0,0,0,0,0,0,1
1623,9,5de7da077992c8c1,1.833781,14.7967,0,13081,1,0,0,0,0,0,0,0,0,0,0,0,0,0
1624,9,c485e46c1c193d01,1.377651,18.073897,1,13119,1,1,0,0,1,0,0,0,0,0,0,0,0,1
1625,9,def4bb8c5a138af5,1.034978,17.057088,1,13003,1,1,0,0,1,0,0,0,0,0,0,0,0,0
1626,9,6cf0ebcbc699be4c,0.778318,19.788176,1,12847,1,1,0,0,1,0,0,0,0,0,0,0,0,1
1627,9,8a49e015ab644f74,0.584721,18.344962,1,12907,1,1,0,0,1,0,0,0,0,0,0,0,0,0
1628,9,263d9e91258d239e,1.482933,17.260728,1,12856,1,0,0,0,0,0,0,0,0,0,0,0,0,1
1629,9,2ecdfd843d02bb20,1.114072,16.446185,1,12698,1,1,0,0,1,0,0,0,0,0,0,0,0,0
1630,9,f882f8e70ca9429a,0.837798,19.328769,1,12833,1,1,0,0,1,0,0,0,0,0,0,0,0,1
1631,9,894c070c7fb646fe,0.629406,17.999826,1,12782,1,1,0,0,1,0,0,0,0,0,0,0,0,0
1632,9,c33d57dff7a9a713,1.516503,17.001441,1,12732,1,0,0,0,0,0,0,0,0,0,0,0,0,1
1633,9,b3da68e503eee2e0,1.140432,19.746329,1,12650,1,1,0,0,1,0,0,0,0,0,0,0,0,1
1634,9,d598b3ff822f8925,0.856764,18.313523,1,13616,1,1,0,0,1,0,0,0,0,0,0,0,0,0
1635,9,427048af47b26a63,1.687308,17.23711,1,13605,1,0,0,0,0,0,0,0,0,0,0,0,0,1
1636,9,bd11ef30b91e9de9,1.267611,16.428441,1,14013,1,1,0,0,1,0,0,0,0,0,0,0,0,0
1637,9,a40d6fbea1680ccf,0.953262,19.315425,1,14987,1,1,0,0,1,0,0,0,0,0,0,0,0,1
1638,9,5b6e5ceb378110b7,0.71615,17.989801,1,14653,1,1,0,0,1,0,0,0,0,0,0,0,0,0
1639,9,b524042394cc0dfa,1.58167,20.0,1,14336,2,1,0,0,1,0,0,0,0,0,0,0,0,1
1640,9,79c4362e3a4ddd3b,1.189438,20.0,1,15778,1,1,0,0,1,0,0,0,0,0,0,0,0,1
1641,9,f43b72fcda62f623,1.937234,20.0,1,15731,1,0,0,0,0,0,0,0,0,0,0,0,0,1
1642,9,7f21d556dd17f339,1.455371,20.0,1,15593,1,1,0,0,1,0,0,0,0,0,0,0,0,1
1643,9,46ebac9a8e52f558,2.13702,20.0,1,15754,2,1,0,0,1,0,0,0,0,0,0,0,0,1
1644,9,600fdef80a231003,3.69537,20.0,1,15394,2,0,0,0,0,0,0,0,0,0,0,0,0,1
1645,9,2648275d8acf998c,2.776193,19.442313,1,15637,1,1,0,0,1,0,0,0,0,0,0,0,0,0
1646,9,c5ca41b94715a60b,2.08565,20.0,1,16004,1,1,0,0,1,0,0,0,0,0,0,0,0,1
1647,9,e38dc39e24330719,2.612589,19.696916,1,15804,2,1,0,0,0,0,0,0,0,0,0,0,0,1
1648,9,42ed1acadce4d958,3.006394,20.0,1,15930,1,0,0,0,1,0,0,0,0,0,0,0,0,1
1649,9,5707b3e677a8eb92,2.258591,19.822747,1,15880,1,1,0,0,1,0,0,0,0,0,0,0,0,0
1650,9,bb9602653f9ada17,2.740449,20.0,1,15940,2,1,0,0,1,0,0,0,0,0,0,0,0,1
1651,9,97f0df338729e3ee,3.105007,19.911846,1,16028,1,0,0,0,0,0,0,0,0,0,0,0,0,1
1652,9,99fa9a276e994cd6,3.376329,20.0,1,14179,2,1,0,0,1,0,0,0,0,0,0,0,0,1
1653,9,99eb80c1ea99fa2e,2.53651,20.0,1,13300,1,1,0,0,1,0,0,0,0,0,0,0,0,1
1654,9,0fb01201ae00d249,3.995793,20.0,1,13182,2,0,0,0,0,0,0,0,0,0,0,0,0,1
1655,9,3e237dcc2850d86b,3.00189,20.0,1,13281,1,1,0,0,1,0,0,0,0,0,0,0,0,1
1656,9,46cd062c36d03d04,2.255207,20.0,1,13361,1,1,0,0,1,0,0,0,0,0,0,0,0,0
1657,9,7ff34d565b6b9b94,2.737906,18.963672,1,13340,1,0,0,0,0,0,0,0,0,0,0,0,0,1
1658,9,7194a16360246826,2.058945,17.741454,1,13495,1,1,0,0,1,0,0,0,0,0,0,0,0,0
1659,9,397474967d612c55,1.546808,16.807335,1,13454,1,1,0,0,0,0,0,0,0,0,0,0,0,1
1660,9,d691509c077ec1ab,2.205712,16.105567,1,13527,1,0,0,0,1,0,0,0,0,0,0,0,0,0
1661,9,18876ec757a4ab56,1.658727,19.07262,1,13380,1,1,0,0,1,0,0,0,0,0,0,0,0,1
1662,9,4192bbc3674b6104,2.289793,14.328546,0,14426,1,0,0,0,0,0,0,0,0,0,0,0,0,0
1663,9,8d56705f678a28b7,2.763889,17.72219,1,14304,2,1,0,0,1,0,0,0,0,0,0,0,0,1
1664,9,5e1d1d68b06e3cb2,2.076407,16.792863,1,13968,1,1,0,0,0,0,0,0,0,0,0,0,0,1
1665,9,96bda16ce085d7f3,2.605638,19.589476,1,15333,1,0,0,0,1,0,0,0,0,0,0,0,0,1
1666,9,c6bdcafd4e7bba4c,1.957518,20.0,1,15318,1,1,0,0,1,0,0,0,0,0,0,0,0,1
1667,9,dd45cfb800015522,2.514264,16.283264,0,14826,1,0,0,0,0,0,0,0,0,0,0,0,0,0
1668,9,c93a039256c9a264,1.890762,19.20625,1,14737,1,1,0,0,1,0,0,0,0,0,0,0,0,1
1669,9,4db5a4312141e7d0,1.420459,14.428938,0,14566,1,1,0,0,0,0,0,0,0,0,0,0,0,0
1670,9,fd3f22932529094c,2.110791,17.797611,1,14392,1,0,0,0,1,0,0,0,0,0,0,0,0,1
1671,9,22e9c9cf8fdb863f,1.585758,16.849524,1,15068,1,1,0,0,1,0,0,0,0,0,0,0,0,0
1672,9,1a21c11059677c7c,1.192513,19.632086,1,14935,1,1,0,0,1,0,0,0,0,0,0,0,0,1
1673,9,645694277dddbbbc,1.939544,18.227697,1,14791,1,0,0,0,0,0,0,0,0,0,0,0,0,1
1674,9,054b0b5ce15c8416,1.457107,17.172632,1,14816,1,1,0,0,1,0,0,0,0,0,0,0,0,0
1675,9,81cb2b9b42fdf90e,2.139916,19.875067,1,14658,2,1,0,0,1,0,0,0,0,0,0,0,0,1
1676,9,cbae15652f673db8,1.607639,20.0,1,14510,1,1,0,0,1,0,0,0,0,0,0,0,0,1
1677,9,c41f2783ce19a4d9,1.207759,20.0,1,13690,1,1,0,0,1,0,0,0,0,0,0,0,0,1
1678,9,de04dffe8f80458f,0.907344,20.0,1,13019,1,1,0,0,1,0,0,0,0,0,0,0,0,0
1679,9,42df76ec771db93a,1.726486,19.31792,1,13057,1,0,0,0,0,0,0,0,0,0,0,0,0,1
1680,10,1fd48474a6be9a50,1.297044,17.991675,1,14007,1,1,0,0,1,0,0,0,0,0,0,0,0,0
1681,10,530e0ea8d92a6d51,2.018074,16.995318,1,14093,1,0,0,0,0,0,0,0,0,0,0,0,0,1
1682,10,9d91a06f605c6d81,1.517621,16.261223,1,13968,1,1,0,0,1,0,0,0,0,0,0,0,0,0
1683,10,1bedfd585b1aa4b9,1.140132,19.174138,1,14398,1,1,0,0,1,0,0,0,0,0,0,0,0,1
1684,10,26a9669cba5af3ef,2.943845,17.883658,1,14275,2,0,0,0,0,0,0,0,0,0,0,0,0,1
1685,10,4f55c5e4b2d3c044,2.211601,20.0,1,14143,1,1,0,0,1,0,0,0,0,0,0,0,0,1
1686,10,429a6cfc04b09590,1.663155,18.816338,1,14112,1,1,0,0,1,0,0,0,0,0,0,0,0,0
1687,10,bfd1095e82cc3b3f,2.29312,17.614856,1,14029,1,0,0,0,0,0,0,0,0,0,0,0,0,1
1688,10,e8a24dfe484cb614,1.722735,16.712227,1,13991,1,1,0,0,1,0,0,0,0,0,0,0,0,0
1689,10,a8eb40163c807ab7,1.295521,19.528836,1,13928,1,1,0,0,1,0,0,0,0,0,0,0,0,1
1690,10,b734eb68cadec0ba,2.01693,14.671285,0,14093,1,0,0,0,0,0,0,0,0,0,0,0,0,0
1691,10,03ed9d518f369873,1.515244,17.979677,1,13916,1,1,0,0,1,0,0,0,0,0,0,0,0,1
1692,10,cd43fcebe8f5e6e6,1.138346,20.0,1,14122,1,1,0,0,1,0,0,0,0,0,0,0,0,1
1693,10,338e1a6d9a9334b5,0.856053,18.870585,1,13937,1,1,0,0,1,0,0,0,0,0,0,0,0,0
1694,10,f71f04d2a5841727,2.730427,17.655609,1,13949,2,0,0,0,0,0,0,0,0,0,0,0,0,1
1695,10,dab4ff966e399802,2.051268,20.0,1,14022,1,1,0,0,1,0,0,0,0,0,0,0,0,1
1696,10,339e340883d8ecaf,1.542583,18.6875,1,13912,1,1,0,0,0,0,0,0,0,0,0,0,0,1
1697,10,0f3eea50b2030a66,2.202538,17.518064,1,14024,1,0,0,0,1,0,0,0,0,0,0,0,0,0
1698,10,157d3461e0a7f335,1.654684,20.0,1,14029,1,1,0,0,1,0,0,0,0,0,0,0,0,1
1699,10,f1991b9aba19249f,1.243103,18.593013,1,14032,1,1,0,0,1,0,0,0,0,0,0,0,0,0
1700,10,f0cae4ef532c2023,0.934831,17.462713,1,14127,1,1,0,0,0,0,0,0,0,0,0,0,0,1
1701,10,7630abeab872e6cf,1.745957,20.0,1,13956,1,0,0,0,1,0,0,0,0,0,0,0,0,1
1702,10,253c29c9cd31f14d,2.355325,20.0,1,14121,2,1,0,0,1,0,0,0,0,0,0,0,0,1
1703,10,1bcd43f2b236da2a,1.771238,20.0,1,13729,1,1,0,0,1,0,0,0,0,0,0,0,0,0
1704,10,07cd2395bea1fc0d,1.330665,18.545687,1,13895,1,1,0,0,0,0,0,0,0,0,0,0,0,1
1705,10,efe66ad00f7df50d,2.043332,17.411526,1,13941,1,0,0,0,1,0,0,0,0,0,0,0,0,0
1706,10,1f35b63e79410329,1.535079,20.0,1,14031,1,1,0,0,1,0,0,0,0,0,0,0,0,1
1707,10,a637ef64c585caf8,1.154401,20.0,1,13868,1,1,0,0,1,0,0,0,0,0,0,0,0,1
1708,10,e1eb8ab23b264e7c,1.910912,16.550393,0,13992,1,0,0,0,0,0,0,0,0,0,0,0,0,0
1709,10,5dfbe5c41ee53492,2.47925,19.391381,1,13801,2,1,0,0,1,0,0,0,0,0,0,0,0,1
1710,10,782cb32d36d440f6,1.864431,20.0,1,14181,1,1,0,0,1,0,0,0,0,0,0,0,0,1
1711,10,1e14345f3ff5d902,1.400678,19.663744,1,13883,1,1,0,0,1,0,0,0,0,0,0,0,0,0
1712,10,60f6e05beacc7a2b,2.09593,18.251481,1,14089,1,0,0,0,0,0,0,0,0,0,0,0,0,1
1713,10,2e7ae0e1f687a135,1.574594,20.0,1,13896,1,1,0,0,1,0,0,0,0,0,0,0,0,1
1714,10,73bbba7089e313a2,1.184117,19.024143,1,13968,1,1,0,0,1,0,0,0,0,0,0,0,0,0
1715,10,2ede5f7a162c2503,1.933236,17.770972,1,14186,1,0,0,0,0,0,0,0,0,0,0,0,0,1
1716,10,52429a8eefa39544,1.452368,16.829511,1,13852,1,1,0,0,1,0,0,0,0,0,0,0,0,0
1717,10,de70778fddfafb55,2.136352,19.617036,1,13943,2,1,0,0,1,0,0,0,0,0,0,0,0,1
1718,10,21bb9e22f51d50f8,1.604961,20.0,1,13838,1,1,0,0,1,0,0,0,0,0,0,0,0,1
1719,10,6989f4869eab7b85,1.205748,19.777663,1,14120,1,1,0,0,0,0,0,0,0,0,0,0,0,1
1720,10,38f0f067426d2fb1,1.949486,18.337064,1,14026,1,0,0,0,1,0,0,0,0,0,0,0,0,0
1721,10,2c2df23b60d1bdca,2.510192,20.0,1,13876,2,1,0,0,1,0,0,0,0,0,0,0,0,1
1722,10,e04aa6a828d08473,1.885813,20.0,1,14043,1,1,0,0,1,0,0,0,0,0,0,0,0,1
1723,10,9ce7781af19fcf90,1.416741,20.0,1,13930,1,1,0,0,0,0,0,0,0,0,0,0,0,1
1724,10,cb8db8ea883f6947,2.10956,20.0,1,13780,1,0,0,0,1,0,0,0,0,0,0,0,0,1
1725,10,ef43ef57f181947f,1.584834,20.0,1,13885,1,1,0,0,1,0,0,0,0,0,0,0,0,0
1726,10,d30b08a743e3c595,1.190626,20.0,1,13932,1,1,0,0,1,0,0,0,0,0,0,0,0,1
1727,10,da378c2f3ab45972,1.938126,20.0,1,14065,2,1,0,0,1,0,0,0,0,0,0,0,0,1
1728,10,94c3b08afe3b7349,2.501649,20.0,1,13999,1,0,0,0,0,0,0,0,0,0,0,0,0,1
1729,10,b05099a43a54ce54,1.879395,20.0,1,13923,1,1,0,0,1,0,0,0,0,0,0,0,0,1
1730,10,0a515e98151b1fa4,1.41192,20.0,1,13822,1,1,0,0,1,0,0,0,0,0,0,0,0,0
1731,10,3c9533ab6d2e591f,1.061784,20.0,1,13892,1,1,0,0,1,0,0,0,0,0,0,0,0,1
1732,10,1723431a3a02afad,0.797678,20.0,1,14133,1,1,0,0,1,0,0,0,0,0,0,0,0,0
1733,10,100a4dd53a413ce3,1.642919,18.803158,1,13895,1,0,0,0,0,0,0,0,0,0,0,0,0,1
1734,10,d44f557a64f59e52,2.277917,20.0,1,13996,2,1,0,0,1,0,0,0,0,0,0,0,0,1
1735,10,e6663264d2c74de5,1.713026,20.0,1,13959,1,1,0,0,1,0,0,0,0,0,0,0,0,1
1736,10,53c61a15ccbedce9,1.286933,20.0,1,13987,1,1,0,0,1,0,0,0,0,0,0,0,0,0
1737,10,909fc3f69f48e9f0,0.966824,20.0,1,14021,1,1,0,0,1,0,0,0,0,0,0,0,0,1
1738,10,608ce0b0e561a4f5,1.771216,16.8817,0,13860,1,0,0,0,0,0,0,0,0,0,0,0,0,0
1739,10,e3a26d23572d521d,1.330648,19.640279,1,14007,1,1,0,0,1,0,0,0,0,0,0,0,0,1
1740,10,352a1f2a2bf0c7a3,0.999666,20.0,1,13987,1,1,0,0,1,0,0,0,0,0,0,0,0,1
1741,10,26a0d2e79ccf56fd,1.794665,19.790782,1,13817,2,1,0,0,1,0,0,0,0,0,0,0,0,0
1742,10,47e7159641575cbb,2.393764,18.363452,1,13846,1,0,0,0,0,0,0,0,0,0,0,0,0,1
1743,10,a4f7a2ef8cb2a040,1.798346,20.0,1,13926,1,1,0,0,1,0,0,0,0,0,0,0,0,1
1744,10,d024683043f8d7ce,1.35103,20.0,1,14100,1,1,0,0,1,0,0,0,0,0,0,0,0,1
1745,10,cd70a9b16d6acf9a,2.060144,16.957162,0,13794,1,0,0,0,0,0,0,0,0,0,0,0,0,0
1746,10,b33362791ca12fa9,2.591363,19.696971,1,14153,2,1,0,0,1,0,0,0,0,0,0,0,0,1
1747,10,a76af4400a29db09,1.946794,20.0,1,13879,1,1,0,0,1,0,0,0,0,0,0,0,0,1
1748,10,e8ba00607b28d21f,2.506207,16.343934,0,14246,1,0,0,0,0,0,0,0,0,0,0,0,0,0
1749,10,5d24570ea1ca975c,1.884703,19.251875,1,13809,1,1,0,0,1,0,0,0,0,0,0,0,0,1
1750,10,1c5849856934c0f3,1.415907,17.942058,1,14110,1,1,0,0,1,0,0,0,0,0,0,0,0,0
1751,10,e0396365f5b157e8,1.063718,20.0,1,14055,1,1,0,0,1,0,0,0,0,0,0,0,0,1
1752,10,9f4f15fbff4bf2dd,2.888232,18.849332,1,13990,2,0,0,0,0,0,0,0,0,0,0,0,0,1
1753,10,50cb7adf74945a24,2.169821,20.0,1,13968,1,1,0,0,1,0,0,0,0,0,0,0,0,1
1754,10,bf2edf01d0f91f04,1.630105,19.344375,1,14151,1,1,0,0,1,0,0,0,0,0,0,0,0,0
1755,10,7cde15046967029c,1.224637,20.0,1,14015,1,1,0,0,1,0,0,0,0,0,0,0,0,1
1756,10,b5f9f3057458d1f8,1.965095,19.641585,1,13855,1,0,0,0,0,0,0,0,0,0,0,0,0,1
1757,10,3b43f8a2dc00c981,1.476302,18.234833,1,14122,1,1,0,0,1,0,0,0,0,0,0,0,0,0
1758,10,9a55801b42f5bc65,1.109091,20.0,1,13972,1,1,0,0,1,0,0,0,0,0,0,0,0,1
1759,10,572295d1c466d5df,1.878203,19.014738,1,13832,1,0,0,0,0,0,0,0,0,0,0,0,0,1
1760,10,ee2c1acb1bc13b79,1.411023,17.763906,1,13858,1,1,0,0,1,0,0,0,0,0,0,0,0,0
1761,10,6666be57cd0f4ed8,2.103703,20.0,1,14099,2,1,0,0,1,0,0,0,0,0,0,0,0,1
1762,10,210d4b2c89944bf4,1.580433,20.0,1,13988,1,1,0,0,1,0,0,0,0,0,0,0,0,1
1763,10,03fea89c47214716,2.232659,20.0,1,14215,1,0,0,0,0,0,0,0,0,0,0,0,0,1
1764,10,a4fdf7c969f151f3,1.677313,20.0,1,13989,1,1,0,0,1,0,0,0,0,0,0,0,0,1
1765,10,7a638c661a3463f8,1.260103,20.0,1,13960,1,1,0,0,1,0,0,0,0,0,0,0,0,0
1766,10,4d5efd8b5f7fa39d,1.991766,18.593884,1,13886,1,0,0,0,0,0,0,0,0,0,0,0,0,1
1767,10,07eb93251cc5b2e0,1.496339,17.447735,1,13882,1,1,0,0,1,0,0,0,0,0,0,0,0,0
1768,10,78b6109cbbf8144c,2.167797,16.586675,1,13772,1,0,0,0,0,0,0,0,0,0,0,0,0,1
1769,10,328345435f6f68b6,1.628585,15.939794,1,14001,1,1,0,0,1,0,0,0,0,0,0,0,0,0
1770,10,60842fbba578f9f1,1.224719,18.947955,1,14298,1,1,0,0,1,0,0,0,0,0,0,0,0,1
1771,10,98ba46654e6ad8b6,1.963739,14.234891,0,14219,1,0,0,0,0,0,0,0,0,0,0,0,0,0
1772,10,ea2e51d75208e289,1.475284,17.65183,1,14283,1,1,0,0,1,0,0,0,0,0,0,0,0,1
1773,10,eefbf44f49039041,2.153585,20.0,1,14124,2,1,0,0,1,0,0,0,0,0,0,0,0,1
1774,10,5df9a5a56e259522,2.661561,15.202123,0,13905,1,0,0,0,0,0,0,0,0,0,0,0,0,0
1775,10,d15d54ac71c5b13a,1.999531,18.378476,1,14169,1,1,0,0,1,0,0,0,0,0,0,0,0,1
1776,10,cec63487a9d58b58,1.502173,20.0,1,14005,1,1,0,0,1,0,0,0,0,0,0,0,0,1
1777,10,9b97fec0f07f2c63,2.173806,15.615389,0,13712,1,0,0,0,0,0,0,0,0,0,0,0,0,0
1778,10,8c733360325e10cd,1.633099,18.688947,1,13929,1,1,0,0,1,0,0,0,0,0,0,0,0,1
1779,10,1d708f8ea0dc4084,1.226886,17.519152,1,13772,1,1,0,0,1,0,0,0,0,0,0,0,0,0
1780,10,0c8f8439ec268d21,0.922636,16.655153,1,13931,1,1,0,0,0,0,0,0,0,0,0,0,0,1
1781,10,e981a25e147fa759,1.736795,15.991239,1,14025,1,0,0,0,1,0,0,0,0,0,0,0,0,0
1782,10,e7437d8ca69f5d17,1.304789,18.971309,1,13720,1,1,0,0,1,0,0,0,0,0,0,0,0,1
1783,10,5f898f1ae938a5c8,0.98024,17.73128,1,13827,1,1,0,0,1,0,0,0,0,0,0,0,0,0
1784,10,147a7a4288092699,1.781305,16.814677,1,13862,1,0,0,0,0,0,0,0,0,0,0,0,0,1
1785,10,667cbb91d16091be,1.338228,16.111083,1,13901,1,1,0,0,1,0,0,0,0,0,0,0,0,0
1786,10,5c35a98638fcf184,1.00536,19.061343,1,13810,1,1,0,0,1,0,0,0,0,0,0,0,0,1
1787,10,0bb5e8912cce6b4a,0.756045,17.814903,1,13823,1,1,0,0,1,0,0,0,0,0,0,0,0,0
1788,10,eb8ad50937779256,1.611642,16.862515,1,13774,1,0,0,0,0,0,0,0,0,0,0,0,0,1
1789,10,18f8051c31dc8b68,1.210766,16.147022,1,13852,1,1,0,0,1,0,0,0,0,0,0,0,0,0
1790,10,0aca18529ec07dc0,0.909603,19.088343,1,13888,1,1,0,0,1,0,0,0,0,0,0,0,0,1
1791,10,5158bf147a878f37,0.684035,17.835208,1,13857,1,1,0,0,1,0,0,0,0,0,0,0,0,0
1792,10,8f07cd6696d5620b,1.557543,16.877769,1,13888,1,0,0,0,0,0,0,0,0,0,0,0,0,1
1793,10,b7b94a1d8b27f4fb,1.170124,16.158482,1,13748,1,1,0,0,1,0,0,0,0,0,0,0,0,0
1794,10,37f8e86b92240e5d,0.87995,19.112412,1,13750,1,1,0,0,1,0,0,0,0,0,0,0,0,1
1795,10,ee261b203f602f15,2.74838,17.837285,1,13767,2,0,0,0,0,0,0,0,0,0,0,0,0,1
1796,10,7913cd79d0e31fd5,2.064755,16.87933,1,13772,1,1,0,0,1,0,0,0,0,0,0,0,0,0
1797,10,41623bcdac62294d,1.551173,19.638499,1,14056,1,1,0,0,1,0,0,0,0,0,0,0,0,1
1798,10,1873ef2e4653eaee,1.166505,20.0,1,13841,1,1,0,0,1,0,0,0,0,0,0,0,0,1
1799,10,d90579daf7ceb3f5,1.920005,16.324512,0,13967,1,0,0,0,0,0,0,0,0,0,0,0,0,0
1800,10,49b9c353415cb665,1.442428,19.221684,1,13978,1,1,0,0,1,0,0,0,0,0,0,0,0,1
1801,10,639bb22b306f53cd,1.084726,20.0,1,13697,1,1,0,0,1,0,0,0,0,0,0,0,0,1
1802,10,82e07f7f926831e9,0.814914,19.567873,1,13467,1,1,0,0,1,0,0,0,0,0,0,0,0,0
1803,10,7ed125ad08c94102,0.612215,20.0,1,13933,1,1,0,0,1,0,0,0,0,0,0,0,0,1
1804,10,b237cdc38fdf250a,1.503587,16.271071,0,13820,1,0,0,0,0,0,0,0,0,0,0,0,0,0
1805,10,447b1c35edd9d7cd,1.130719,19.197081,1,13918,1,1,0,0,1,0,0,0,0,0,0,0,0,1
1806,10,f6c6426ba84ac254,0.849467,17.900894,1,13817,1,1,0,0,1,0,0,0,0,0,0,0,0,0
1807,10,2316e09ae10089d0,1.681826,20.0,1,13840,2,1,0,0,1,0,0,0,0,0,0,0,0,1
1808,10,ee7abd26d63871e8,1.264757,20.0,1,13954,1,1,0,0,1,0,0,0,0,0,0,0,0,1
1809,10,338c5cdf55244901,1.993818,20.0,1,13869,1,0,0,0,0,0,0,0,0,0,0,0,0,1
1810,10,6e20a1fdbe282207,1.497881,18.682103,1,13869,1,1,0,0,1,0,0,0,0,0,0,0,0,0
1811,10,985baeee48988a72,1.125302,20.0,1,13164,1,1,0,0,1,0,0,0,0,0,0,0,0,1
1812,10,64dc1b3dcf022564,0.846243,15.786926,0,13246,1,1,0,0,0,0,0,0,0,0,0,0,0,0
1813,10,3869bc2130df123e,1.679404,18.817816,1,13086,1,0,0,0,1,0,0,0,0,0,0,0,0,1
1814,10,6b20a2f41ddc1162,1.261674,20.0,1,13566,1,1,0,0,1,0,0,0,0,0,0,0,0,1
1815,10,c57d555c97718765,1.992947,20.0,1,13296,2,1,0,0,1,0,0,0,0,0,0,0,0,1
1816,10,8aff92d33132b8eb,1.497227,17.14727,0,13264,1,1,0,0,0,0,0,0,0,0,0,0,0,0
1817,10,8324754547ab086a,2.168464,19.839792,1,13352,1,0,0,0,1,0,0,0,0,0,0,0,0,1
1818,10,8998b3258ac25d5a,1.629086,18.383739,1,13257,1,1,0,0,1,0,0,0,0,0,0,0,0,0
1819,10,22edcb08f69beed6,1.225096,20.0,1,12992,1,1,0,0,1,0,0,0,0,0,0,0,0,1
1820,10,2f8a2bd02dba0042,0.920369,15.615622,0,13411,1,1,0,0,0,0,0,0,0,0,0,0,0,0
1821,10,7fb6544b6a8fada7,1.735092,18.689122,1,13085,1,0,0,0,1,0,0,0,0,0,0,0,0,1
1822,10,408b8bae439b7f05,1.304814,20.0,1,12848,1,1,0,0,1,0,0,0,0,0,0,0,0,1
1823,10,ab9b2d0610ff5a0c,0.980258,19.266996,1,12475,1,1,0,0,1,0,0,0,0,0,0,0,0,0
1824,10,57386fa5700089f1,0.736431,20.0,1,12705,1,1,0,0,1,0,0,0,0,0,0,0,0,1
1825,10,6670b9f466aee1ea,0.553253,16.101258,0,12688,1,1,0,0,0,0,0,0,0,0,0,0,0,0
1826,10,c0c8dfb4590ac9be,1.460205,19.069379,1,12629,1,0,0,0,1,0,0,0,0,0,0,0,0,1
1827,10,ff258a706d865047,1.096997,17.804956,1,12640,1,1,0,0,1,0,0,0,0,0,0,0,0,0
1828,10,aaa44f2469d5c244,0.824133,20.0,1,12758,1,1,0,0,1,0,0,0,0,0,0,0,0,1
1829,10,a943c7922868043b,0.61976,20.0,1,12825,1,1,0,0,1,0,0,0,0,0,0,0,0,1
1830,10,1953d5c4207445d4,1.509256,16.717378,0,13479,1,0,0,0,0,0,0,0,0,0,0,0,0,0
1831,10,a6c6b8d0f9b42770,2.177501,19.51683,1,13442,2,1,0,0,1,0,0,0,0,0,0,0,0,1
1832,10,f9165b38943fbf57,0.592222,20.0,1,14150,0,1,0,0,1,0,0,0,0,0,0,0,0,1
1833,10,779e32fec11bc36d,0.445359,19.739015,1,14888,1,1,0,0,1,0,0,0,0,0,0,0,0,0
1834,10,a0707afebc29bf54,1.378235,20.0,1,14832,2,1,0,0,1,0,0,0,0,0,0,0,0,1
1835,10,1820cfc64f9094b0,2.07907,19.846508,1,16294,1,0,0,0,0,0,0,0,0,0,0,0,0,1
1836,10,b1929f9c26f2edf1,1.56349,20.0,1,16282,1,1,0,0,1,0,0,0,0,0,0,0,0,1
1837,10,a79ee86220ef835e,2.218245,20.0,1,15791,2,1,0,0,1,0,0,0,0,0,0,0,0,1
1838,10,7a2c4a97d62bfccc,2.710138,20.0,1,15627,1,0,0,0,0,0,0,0,0,0,0,0,0,1
1839,10,8f94eadc2721b657,2.036025,19.299066,1,15316,1,1,0,0,1,0,0,0,0,0,0,0,0,0
1840,10,5f8b6802de3200b2,1.53112,20.0,1,15223,1,1,0,0,1,0,0,0,0,0,0,0,0,1
1841,10,e2ee8d2ed82ba750,2.193927,20.0,1,15983,2,1,0,0,1,0,0,0,0,0,0,0,0,1
1842,10,2f25056b6e65c05c,2.691868,20.0,1,15816,1,0,0,0,0,0,0,0,0,0,0,0,0,1
1843,10,43b483eea7a12a25,2.024323,19.141819,1,15633,1,1,0,0,1,0,0,0,0,0,0,0,0,0
1844,10,dc603e77f788ec0f,1.520799,20.0,1,15583,1,1,0,0,1,0,0,0,0,0,0,0,0,1
1845,10,a3f0e08b1a1781eb,2.186172,19.509453,1,15381,2,1,0,0,0,0,0,0,0,0,0,0,0,1
1846,10,d2006de506700da8,2.686043,18.135567,1,15248,1,0,0,0,1,0,0,0,0,0,0,0,0,0
1847,10,96a7c9c7226b90a9,2.019943,20.0,1,13991,1,1,0,0,1,0,0,0,0,0,0,0,0,1
1848,10,bc4caa397e3f449b,2.561161,18.95426,1,13234,1,0,0,0,0,0,0,0,0,0,0,0,0,1
1849,10,a11190439f8dade4,1.924104,17.718471,1,13299,1,1,0,0,1,0,0,0,0,0,0,0,0,0
1850,10,d0e8f76deb7682be,2.491104,16.805045,1,13442,1,0,0,0,0,0,0,0,0,0,0,0,0,1
1851,10,7a13de6a86efd7e2,1.871474,16.103846,1,13333,1,1,0,0,1,0,0,0,0,0,0,0,0,0
1852,10,c715ce083d9887ff,1.405968,19.055907,1,13464,1,1,0,0,1,0,0,0,0,0,0,0,0,1
1853,10,9d7be728db82f7ef,2.099905,14.31599,0,13418,1,0,0,0,0,0,0,0,0,0,0,0,0,0
1854,10,1e97c0f7f6def2a0,2.623309,17.726832,1,13432,2,1,0,0,1,0,0,0,0,0,0,0,0,1
1855,10,53b7d15b85140aae,3.014447,16.796351,1,13277,1,0,0,0,0,0,0,0,0,0,0,0,0,1
1856,10,bc2034ef19334ab9,2.264641,19.57616,1,13089,1,1,0,0,1,0,0,0,0,0,0,0,0,1
1857,10,715f7b8f44a8597f,2.747193,14.721551,0,13222,1,0,0,0,0,0,0,0,0,0,0,0,0,0
1858,10,f07d11f069918ae2,2.063864,18.01744,1,13211,1,1,0,0,1,0,0,0,0,0,0,0,0,1
1859,10,ec168b8c81012a4f,2.594157,13.535829,0,13112,1,0,0,0,0,0,0,0,0,0,0,0,0,0
1860,10,97db82715d08cbb7,1.948893,17.126651,1,13176,1,1,0,0,1,0,0,0,0,0,0,0,0,1
1861,10,603862a7addf0b41,1.465595,19.840489,1,13058,1,1,0,0,1,0,0,0,0,0,0,0,0,1
1862,10,ce1b005d72e18c52,2.1447,14.905418,0,13105,1,0,0,0,0,0,0,0,0,0,0,0,0,0
1863,10,f8f6056c3cedf7e1,1.611233,18.155572,1,13087,1,1,0,0,1,0,0,0,0,0,0,0,0,1
1864,10,f737459a9c7382ec,2.255821,13.653249,0,12991,1,0,0,0,0,0,0,0,0,0,0,0,0,0
1865,10,75559a32d8c031cc,1.694714,17.214865,1,13057,1,1,0,0,1,0,0,0,0,0,0,0,0,1
1866,10,65cc86e5cf90643a,2.316829,19.890573,1,13005,2,1,0,0,1,0,0,0,0,0,0,0,0,1
1867,10,dad019c60b8bed01,1.740547,14.943044,0,13116,0,0,0,0,0,0,0,0,0,0,0,0,0,0
1868,10,90aaf687ed021db4,1.308916,14.717884,1,12864,1,1,0,0,1,0,0,0,0,0,0,0,0,0
1869,10,9728e54db1452e2d,2.026993,14.535841,1,13021,1,0,0,0,0,0,0,0,0,0,0,0,0,1
1870,10,fa9f3fbead877ee0,1.522804,14.399078,1,13175,1,1,0,0,1,0,0,0,0,0,0,0,0,0
1871,10,a7f27cd681ddecdc,2.189321,17.789315,1,13035,2,1,0,0,1,0,0,0,0,0,0,0,0,1
1872,10,9dedc777a493105f,2.688408,16.843292,1,12993,1,0,0,0,0,0,0,0,0,0,0,0,0,1
1873,10,b3eff97d403f970b,2.019701,19.611425,1,12922,1,1,0,0,1,0,0,0,0,0,0,0,0,1
1874,10,2c0a7227f731e6cd,2.560979,18.212175,1,13212,1,0,0,0,0,0,0,0,0,0,0,0,0,1
1875,10,14d0d43f72dffca0,1.925893,17.176317,1,13056,1,1,0,0,1,0,0,0,0,0,0,0,0,0
1876,10,7453a6cea13d87ef,1.446851,19.861614,1,13118,1,1,0,0,1,0,0,0,0,0,0,0,0,1
1877,10,37bdfc7dd16ac7ec,1.086965,18.400132,1,13265,1,1,0,0,1,0,0,0,0,0,0,0,0,0
1878,10,9172c42294538880,1.861564,17.317664,1,13193,1,0,0,0,0,0,0,0,0,0,0,0,0,1
1879,10,abd48e3889b09177,1.398523,19.967802,1,13372,1,1,0,0,1,0,0,0,0,0,0,0,0,1
1880,10,88e036c970be79ff,1.050658,18.479908,1,13191,1,1,0,0,1,0,0,0,0,0,0,0,0,0
1881,10,c1ca359e4b9d97ba,1.832974,17.362108,1,13383,1,0,0,0,0,0,0,0,0,0,0,0,0,1
1882,10,5ee6a1e2c51f9859,1.378422,16.537055,1,13101,1,1,0,0,1,0,0,0,0,0,0,0,0,0
1883,10,7ab7cdda5c3ea225,1.035557,19.38136,1,13417,1,1,0,0,1,0,0,0,0,0,0,0,0,1
1884,10,9c655571a120862d,1.821629,18.039336,1,13353,1,0,0,0,0,0,0,0,0,0,0,0,0,1
1885,10,93ac4dd807aac88d,1.369891,17.046339,1,13229,1,1,0,0,1,0,0,0,0,0,0,0,0,0
1886,10,eb5f1ee2a4ef9236,1.029148,19.763967,1,13433,1,1,0,0,1,0,0,0,0,0,0,0,0,1
1887,10,226dc20cff35b4a5,1.816814,20.0,1,13358,2,1,0,0,1,0,0,0,0,0,0,0,0,1
1888,10,9150a6195776a24d,1.364904,16.381746,0,13286,0,0,0,0,0,0,0,0,0,0,0,0,0,0
1889,10,eed6424bf14ecf46,1.026427,19.28031,1,13469,1,1,0,0,1,0,0,0,0,0,0,0,0,1
1890,11,1fd48474a6be9a50,0.771116,17.96342,1,13975,1,1,0,0,1,0,0,0,0,0,0,0,0,0
1891,11,530e0ea8d92a6d51,2.666618,16.974091,1,14014,2,0,0,0,0,0,0,0,0,0,0,0,0,1
1892,11,9d91a06f605c6d81,2.005335,19.725762,1,14057,1,1,0,0,1,0,0,0,0,0,0,0,0,1
1893,11,1bedfd585b1aa4b9,1.506533,20.0,1,14155,1,1,0,0,1,0,0,0,0,0,0,0,0,1
1894,11,26a9669cba5af3ef,1.131802,16.360183,0,14242,1,1,0,0,0,0,0,0,0,0,0,0,0,0
1895,11,4f55c5e4b2d3c044,1.893934,19.248483,1,14176,1,0,0,0,1,0,0,0,0,0,0,0,0,1
1896,11,429a6cfc04b09590,1.424265,17.955635,1,14037,1,1,0,0,1,0,0,0,0,0,0,0,0,0
1897,11,bfd1095e82cc3b3f,2.113651,16.968242,1,14198,1,0,0,0,0,0,0,0,0,0,0,0,0,1
1898,11,e8a24dfe484cb614,1.587907,16.22645,1,14034,1,1,0,0,1,0,0,0,0,0,0,0,0,0
1899,11,a8eb40163c807ab7,1.194128,19.163525,1,13840,1,1,0,0,1,0,0,0,0,0,0,0,0,1
1900,11,b734eb68cadec0ba,1.940757,17.875685,1,13923,1,0,0,0,0,0,0,0,0,0,0,0,0,1
1901,11,03ed9d518f369873,1.458018,16.908178,1,14054,1,1,0,0,1,0,0,0,0,0,0,0,0,0
1902,11,cd43fcebe8f5e6e6,2.139008,16.181327,1,13830,1,0,0,0,0,0,0,0,0,0,0,0,0,1
1903,11,338e1a6d9a9334b5,2.652715,19.129592,1,14018,2,1,0,0,1,0,0,0,0,0,0,0,0,1
1904,11,f71f04d2a5841727,1.992886,20.0,1,14048,1,1,0,0,1,0,0,0,0,0,0,0,0,1
1905,11,dab4ff966e399802,1.497181,19.502552,1,14000,1,1,0,0,1,0,0,0,0,0,0,0,0,0
1906,11,339e340883d8ecaf,2.170052,18.146699,1,13922,1,0,0,0,0,0,0,0,0,0,0,0,0,1
1907,11,0f3eea50b2030a66,1.630279,17.111781,1,13960,1,1,0,0,1,0,0,0,0,0,0,0,0,0
1908,11,157d3461e0a7f335,1.224767,19.81313,1,13932,1,1,0,0,1,0,0,0,0,0,0,0,0,1
1909,11,f1991b9aba19249f,0.920122,20.0,1,14118,1,1,0,0,1,0,0,0,0,0,0,0,0,1
1910,11,f0cae4ef532c2023,1.736095,16.425911,0,13949,1,0,0,0,0,0,0,0,0,0,0,0,0,0
1911,11,3dc875a761d5c5ef,2.347917,19.297862,1,14135,2,1,0,0,1,0,0,0,0,0,0,0,0,1
1912,11,e90cc852e180b7a9,1.763902,20.0,1,14046,1,1,0,0,1,0,0,0,0,0,0,0,0,1
1913,11,0843c071791750a4,1.32648,20.0,1,13874,1,1,0,0,1,0,0,0,0,0,0,0,0,1
1914,11,e7652621d19bb2aa,0.996535,17.351018,0,13950,0,0,0,0,0,0,0,0,0,0,0,0,0,0
1915,11,83403ab2ce2e5edc,0.748659,16.514015,1,13918,1,1,0,0,1,0,0,0,0,0,0,0,0,0
1916,11,31f44b91b5854a60,1.606093,19.364052,1,13849,2,1,0,0,1,0,0,0,0,0,0,0,0,1
1917,11,9eeb382b0724ec5e,2.251955,18.042544,1,13981,1,0,0,0,0,0,0,0,0,0,0,0,0,1
1918,11,8cf44fb6a5bc2678,1.69181,17.033534,1,13902,1,1,0,0,1,0,0,0,0,0,0,0,0,0
1919,11,26302fd6db433208,1.270993,19.754346,1,13949,1,1,0,0,1,0,0,0,0,0,0,0,0,1
1920,11,212d5aa4658ea2f7,0.955805,18.336052,1,13974,1,1,0,0,1,0,0,0,0,0,0,0,0,0
1921,11,37a5a18fb6caef37,1.761714,17.254035,1,13961,1,0,0,0,0,0,0,0,0,0,0,0,0,1
1922,11,79c0b206a03c3fd7,2.367163,19.92,1,14211,2,1,0,0,1,0,0,0,0,0,0,0,0,1
1923,11,c2376b0af88b997c,1.778361,20.0,1,14014,1,1,0,0,1,0,0,0,0,0,0,0,0,1
1924,11,6484211bcaa3988b,1.337353,19.96679,1,14014,1,1,0,0,1,0,0,0,0,0,0,0,0,0
1925,11,bb6c2f7a25964c84,1.004703,20.0,1,13947,1,1,0,0,1,0,0,0,0,0,0,0,0,1
1926,11,66b1f64089a6f384,1.798449,16.496219,0,13937,1,0,0,0,0,0,0,0,0,0,0,0,0,0
1927,11,ea8c132e457af786,1.35246,19.366395,1,13827,1,1,0,0,1,0,0,0,0,0,0,0,0,1
1928,11,052f36be903b4c06,2.059706,20.0,1,14115,2,1,0,0,1,0,0,0,0,0,0,0,0,1
1929,11,8e82ec90f90651e7,1.54738,20.0,1,14018,1,1,0,0,1,0,0,0,0,0,0,0,0,1
1930,11,4f7951c9fb9652a2,1.162489,20.0,1,14074,1,1,0,0,1,0,0,0,0,0,0,0,0,0
1931,11,f016206e344ce587,1.918359,19.155724,1,13870,1,0,0,0,0,0,0,0,0,0,0,0,0,1
1932,11,5ba81e783bc90e5a,2.484844,20.0,1,14186,2,1,0,0,1,0,0,0,0,0,0,0,0,1
1933,11,9d8db8f22ff60f9d,1.866771,20.0,1,13887,1,1,0,0,1,0,0,0,0,0,0,0,0,1
1934,11,44ad3895b244c363,1.403838,20.0,1,13800,1,1,0,0,1,0,0,0,0,0,0,0,0,0
1935,11,cc16e3530e32ee8b,1.054651,19.085522,1,13831,1,1,0,0,0,0,0,0,0,0,0,0,0,1
1936,11,95452af7553c0133,1.835973,20.0,1,13923,1,0,0,0,1,0,0,0,0,0,0,0,0,1
1937,11,2e6d374222f73db6,2.422951,20.0,1,13888,2,1,0,0,1,0,0,0,0,0,0,0,0,1
1938,11,608bf612bfc52405,1.822094,20.0,1,13896,1,1,0,0,1,0,0,0,0,0,0,0,0,1
1939,11,758d8a2ae1333514,1.368871,20.0,1,14084,1,1,0,0,1,0,0,0,0,0,0,0,0,0
1940,11,bb57d5d6b5031988,2.072035,19.764647,1,13846,1,0,0,0,0,0,0,0,0,0,0,0,0,1
1941,11,40a994be4c9833b6,1.5582,20.0,1,13849,1,1,0,0,1,0,0,0,0,0,0,0,0,1
1942,11,7a87c9864933bd97,1.170617,16.39578,0,13861,1,1,0,0,0,0,0,0,0,0,0,0,0,0
1943,11,b17ee36b57063304,1.923094,19.275226,1,13879,1,0,0,0,1,0,0,0,0,0,0,0,0,1
1944,11,d16904caca12bdc5,2.488402,20.0,1,13964,2,1,0,0,1,0,0,0,0,0,0,0,0,1
1945,11,405feb5ad846f68c,1.871314,20.0,1,13846,1,1,0,0,1,0,0,0,0,0,0,0,0,1
1946,11,4bf3619e34d0ac81,2.449502,20.0,1,13968,1,0,0,0,0,0,0,0,0,0,0,0,0,1
1947,11,14a07418a65d7f77,1.840219,19.120323,1,13962,1,1,0,0,1,0,0,0,0,0,0,0,0,0
1948,11,0e3b20ca4800dc75,1.383871,20.0,1,13814,1,1,0,0,1,0,0,0,0,0,0,0,0,1
1949,11,bf7d0e1a502257a1,2.083304,19.510608,1,13873,1,0,0,0,0,0,0,0,0,0,0,0,0,1
1950,11,70f957e877d800be,2.608762,20.0,1,13999,2,1,0,0,1,0,0,0,0,0,0,0,0,1
1951,11,8712803a110e88db,1.959865,19.717596,1,13929,1,1,0,0,1,0,0,0,0,0,0,0,0,0
1952,11,7a520e3e28d57b33,2.517997,18.308415,1,13864,1,0,0,0,0,0,0,0,0,0,0,0,0,1
1953,11,50be05e6fbc0a419,1.891677,20.0,1,13848,1,1,0,0,1,0,0,0,0,0,0,0,0,1
1954,11,4fe12e4458e29e5f,1.421146,20.0,1,13780,1,1,0,0,1,0,0,0,0,0,0,0,0,1
1955,11,d29f43d0f75613e6,1.068722,16.933803,0,13752,1,1,0,0,0,0,0,0,0,0,0,0,0,0
1956,11,852e6924b6fdd9fe,2.890198,19.679422,1,13815,2,0,0,0,1,0,0,0,0,0,0,0,0,1
1957,11,39e5294c4fff933b,2.171298,20.0,1,13755,1,1,0,0,1,0,0,0,0,0,0,0,0,1
1958,11,bb0a823fea513c20,1.631215,16.334029,0,13881,1,1,0,0,0,0,0,0,0,0,0,0,0,0
1959,11,6195266281aa8e1f,2.270847,19.244426,1,13856,1,0,0,0,1,0,0,0,0,0,0,0,0,1
1960,11,d64483c707d268bd,1.706003,17.936463,1,13914,1,1,0,0,1,0,0,0,0,0,0,0,0,0
1961,11,dbb93a0338025b46,1.281656,20.0,1,13931,1,1,0,0,1,0,0,0,0,0,0,0,0,1
1962,11,a3f36def327c8cf8,0.963824,18.84617,1,13867,1,1,0,0,0,0,0,0,0,0,0,0,0,1
1963,11,ed50bc2c25dca899,1.767738,17.637268,1,13830,1,0,0,0,1,0,0,0,0,0,0,0,0,0
1964,11,dfc69e6d229c78cb,1.328035,20.0,1,13964,1,1,0,0,1,0,0,0,0,0,0,0,0,1
1965,11,3bdfaf5cb39e3e91,2.041357,20.0,1,13911,2,1,0,0,1,0,0,0,0,0,0,0,0,1
1966,11,77e1ae7b7fc60099,1.535129,16.648946,0,13940,0,0,0,0,0,0,0,0,0,0,0,0,0,0
1967,11,7509e39a735d586d,2.196939,20.0,1,13919,2,1,0,0,1,0,0,0,0,0,0,0,0,2
1968,11,cdb5d6908db19639,1.650478,20.0,1,13994,1,1,0,0,1,0,0,0,0,0,0,0,0,0
1969,11,de9d6b346cf6c702,2.285333,19.059238,1,13885,1,0,0,0,0,0,0,0,0,0,0,0,0,1
1970,11,450ee3754dcc66be,1.716886,20.0,1,13931,1,1,0,0,1,0,0,0,0,0,0,0,0,1
1971,11,7fb7c51477e59c6f,1.289832,15.984,0,13936,1,1,0,0,0,0,0,0,0,0,0,0,0,0
1972,11,89e90233881411bd,2.012656,18.965871,1,13856,1,0,0,0,1,0,0,0,0,0,0,0,0,1
1973,11,1c34042e65e9d952,1.513546,20.0,1,13689,1,1,0,0,1,0,0,0,0,0,0,0,0,1
1974,11,090d669b8eb48b47,2.180724,20.0,1,14011,2,1,0,0,1,0,0,0,0,0,0,0,0,1
1975,11,aa46e1386cbcb2d8,2.68195,17.205561,0,13952,1,0,0,0,0,0,0,0,0,0,0,0,0,0
1976,11,a703dcbfe43c9094,2.016864,19.899831,1,13794,1,1,0,0,1,0,0,0,0,0,0,0,0,1
1977,11,e9893cd0331a68f6,1.515195,20.0,1,13811,1,1,0,0,1,0,0,0,0,0,0,0,0,1
1978,11,99d7e6e7e965e1df,2.181963,16.458427,0,13696,1,0,0,0,0,0,0,0,0,0,0,0,0,0
1979,11,de8aeae70ef568fe,1.639227,19.32229,1,13789,1,1,0,0,1,0,0,0,0,0,0,0,0,1
1980,11,b5c2e13c314156a5,1.232722,18.011139,1,13621,1,1,0,0,1,0,0,0,0,0,0,0,0,0
1981,11,f3a1deef1eed2a32,1.969751,17.00994,1,13482,1,0,0,0,0,0,0,0,0,0,0,0,0,1
1982,11,01bd8ccda4b5a87f,1.479801,16.257777,1,13637,1,1,0,0,1,0,0,0,0,0,0,0,0,0
1983,11,b0118edd2f2e2ec7,2.156982,15.706581,1,13820,1,0,0,0,0,0,0,0,0,0,0,0,0,1
1984,11,749d8db69b1c0c70,1.62046,15.278612,1,13789,1,1,0,0,1,0,0,0,0,0,0,0,0,0
1985,11,9ffd20adc9353801,1.217391,18.435939,1,13993,1,1,0,0,1,0,0,0,0,0,0,0,0,1
1986,11,ca30993af21f52b3,0.91458,17.329076,1,13796,1,1,0,0,1,0,0,0,0,0,0,0,0,0
1987,11,d6872e0f89eb2d37,1.731928,16.512214,1,13729,1,0,0,0,0,0,0,0,0,0,0,0,0,1
1988,11,36772866a3603432,1.301133,15.883854,1,13771,1,1,0,0,1,0,0,0,0,0,0,0,0,0
1989,11,bd0bc4661a6ec162,0.977492,15.41179,1,13799,1,1,0,0,0,0,0,0,0,0,0,0,0,1
1990,11,9469ffba31218deb,1.779239,15.070387,1,13740,1,0,0,0,1,0,0,0,0,0,0,0,0,0
1991,11,c7d8eebce0caa6a9,1.336675,18.279508,1,13839,1,1,0,0,1,0,0,0,0,0,0,0,0,1
1992,11,60de7c638987cfc4,1.004194,17.211555,1,13845,1,1,0,0,1,0,0,0,0,0,0,0,0,0
1993,11,bb5eb43a9d16e24f,1.798067,16.409243,1,13766,1,0,0,0,0,0,0,0,0,0,0,0,0,1
1994,11,60ee1f77e2920155,1.352172,15.820486,1,13789,1,1,0,0,1,0,0,0,0,0,0,0,0,0
1995,11,87c333d4b216c8e0,1.015836,18.843029,1,13619,1,1,0,0,1,0,0,0,0,0,0,0,0,1
1996,11,5e079b8d97b60e1e,0.76316,17.634908,1,13652,1,1,0,0,1,0,0,0,0,0,0,0,0,0
1997,11,76a4cfd026339cdd,1.618058,16.742204,1,13712,1,0,0,0,0,0,0,0,0,0,0,0,0,1
1998,11,33e0c0fe625a5409,1.215586,16.056636,1,13770,1,1,0,0,1,0,0,0,0,0,0,0,0,0
1999,11,0ce08f8f0de6d99c,0.913224,19.02044,1,13770,1,1,0,0,1,0,0,0,0,0,0,0,0,1
2000,11,902b52f9870e04e5,0.686071,20.0,1,13863,1,1,0,0,1,0,0,0,0,0,0,0,0,1
2001,11,a5403904baca4e07,2.604236,19.458574,1,13641,2,0,0,0,0,0,0,0,0,0,0,0,0,1
2002,11,51b85b00b8c4e556,1.956466,18.097344,1,13896,1,1,0,0,1,0,0,0,0,0,0,0,0,0
2003,11,107a7c39312ff4cd,1.469819,20.0,1,13691,1,1,0,0,1,0,0,0,0,0,0,0,0,1
2004,11,4eef428587a04c35,1.105325,18.937062,1,13744,1,1,0,0,1,0,0,0,0,0,0,0,0,0
2005,11,0026b6df710aab87,0.830389,17.705551,1,13613,1,1,0,0,0,0,0,0,0,0,0,0,0,1
2006,11,39a19a87466faf37,1.667494,16.780363,1,13682,1,0,0,0,1,0,0,0,0,0,0,0,0,0
2007,11,f4100f58dc85ee81,1.252726,19.564149,1,13686,1,1,0,0,1,0,0,0,0,0,0,0,0,1
2008,11,d2de8aad0abb02f3,0.942068,18.19302,1,13721,1,1,0,0,1,0,0,0,0,0,0,0,0,0
2009,11,338158322e3b8108,0.70774,20.0,1,13700,1,1,0,0,1,0,0,0,0,0,0,0,0,1
2010,11,a8dba758fda8029d,1.575352,15.495111,0,13581,1,0,0,0,0,0,0,0,0,0,0,0,0,0
2011,11,5c2fa7fdf12aceed,1.184687,18.613548,1,13659,1,1,0,0,1,0,0,0,0,0,0,0,0,1
2012,11,edf4bedf46764e28,1.933665,20.0,1,13645,2,1,0,0,1,0,0,0,0,0,0,0,0,1
2013,11,827f8d74cb983c49,1.45269,19.211299,1,13745,1,1,0,0,1,0,0,0,0,0,0,0,0,0
2014,11,bcdfffb3fe43af91,2.135005,17.911575,1,13664,1,0,0,0,0,0,0,0,0,0,0,0,0,1
2015,11,77d746a3c57cb485,1.605554,20.0,1,13682,1,1,0,0,1,0,0,0,0,0,0,0,0,1
2016,11,6b3879a62b3f40b8,1.206193,20.0,1,14828,1,1,0,0,1,0,0,0,0,0,0,0,0,1
2017,11,e883875b743cdffb,1.949821,16.758083,0,14810,1,0,0,0,0,0,0,0,0,0,0,0,0,0
2018,11,11bdd60f78ce5763,1.466293,19.563321,1,14607,1,1,0,0,1,0,0,0,0,0,0,0,0,1
2019,11,21f121f02a739dca,2.145225,20.0,1,14453,2,1,0,0,1,0,0,0,0,0,0,0,0,1
2020,11,7c931c8a7ecf1804,2.65528,16.268502,0,14435,1,0,0,0,0,0,0,0,0,0,0,0,0,0
2021,11,06c03662777a8a8a,1.994813,19.179607,1,15620,1,1,0,0,1,0,0,0,0,0,0,0,0,1
2022,11,00d3e70d575c1cc8,2.544278,20.0,1,15432,2,1,0,0,1,0,0,0,0,0,0,0,0,1
2023,11,a97e2dc923884b5c,1.911421,20.0,1,15411,1,1,0,0,1,0,0,0,0,0,0,0,0,1
2024,11,1ff6e02adfcb271f,2.479633,20.0,1,15549,1,0,0,0,0,0,0,0,0,0,0,0,0,1
2025,11,7a7a5388b9e1339f,2.90887,20.0,1,15246,2,1,0,0,1,0,0,0,0,0,0,0,0,1
2026,11,2bd8158f7001cf94,2.185325,20.0,1,15368,1,1,0,0,1,0,0,0,0,0,0,0,0,1
2027,11,119c6557b567d0d3,1.641753,20.0,1,15734,1,1,0,0,1,0,0,0,0,0,0,0,0,0
2028,11,60f53b043f0c969a,2.277041,20.0,1,15762,2,1,0,0,1,0,0,0,0,0,0,0,0,1
2029,11,b14412ce9c3c380e,2.756518,20.0,1,15557,1,0,0,0,0,0,0,0,0,0,0,0,0,1
2030,11,1045370e9a364a0b,2.070869,20.0,1,15569,1,1,0,0,1,0,0,0,0,0,0,0,0,1
2031,11,54086a9ffbc47c99,2.59942,20.0,1,15573,2,1,0,0,1,0,0,0,0,0,0,0,0,1
2032,11,ee74c7cb445bf718,2.998951,20.0,1,15635,1,0,0,0,0,0,0,0,0,0,0,0,0,1
2033,11,c4369b3d231a8a21,3.296653,20.0,1,14082,2,1,0,0,1,0,0,0,0,0,0,0,0,1
2034,11,dafe06c768657ba9,2.476652,20.0,1,13232,1,1,0,0,1,0,0,0,0,0,0,0,0,1
2035,11,787094a570406405,2.90427,20.0,1,13473,1,0,0,0,0,0,0,0,0,0,0,0,0,1
2036,11,dbe7aa482146fb15,2.184052,19.831457,1,13374,1,1,0,0,1,0,0,0,0,0,0,0,0,0
2037,11,4c070e3fedb570ba,1.640797,20.0,1,13421,1,1,0,0,1,0,0,0,0,0,0,0,0,1
2038,11,ef1139ebb7f9d84c,1.232669,20.0,1,13664,1,1,0,0,1,0,0,0,0,0,0,0,0,1
2039,11,f746b493787f8a3f,3.015286,20.0,1,13521,2,0,0,0,0,0,0,0,0,0,0,0,0,1
2040,11,a71581b1771f4af3,2.265272,19.300987,1,13781,1,1,0,0,1,0,0,0,0,0,0,0,0,0
2041,11,16ed345d52e0ecbb,1.701814,20.0,1,13919,1,1,0,0,1,0,0,0,0,0,0,0,0,1
2042,11,58be4a86983d1e51,1.278509,20.0,1,13923,1,1,0,0,1,0,0,0,0,0,0,0,0,1
2043,11,befb2691adff752a,2.005608,20.0,1,14821,1,0,0,0,0,0,0,0,0,0,0,0,0,1
2044,11,fbbd69a82364ea51,1.506738,19.131841,1,14737,1,1,0,0,1,0,0,0,0,0,0,0,0,0
2045,11,914dc062cb5f30f4,2.175609,20.0,1,16440,2,1,0,0,1,0,0,0,0,0,0,0,0,1
2046,11,da412f040fb815de,2.68024,19.521512,1,16630,1,0,0,0,0,0,0,0,0,0,0,0,0,1
2047,11,040c87c9bb351b86,2.013564,20.0,1,16859,1,1,0,0,1,0,0,0,0,0,0,0,0,1
2048,11,baa0a51dbfb35e10,2.556369,20.0,1,16626,2,1,0,0,1,0,0,0,0,0,0,0,0,1
2049,11,33da2dbe4819cf4a,1.920504,17.431242,0,16772,1,1,0,0,0,0,0,0,0,0,0,0,0,0
2050,11,5dc98b0dc635d04e,2.488397,20.0,1,16710,1,0,0,0,1,0,0,0,0,0,0,0,0,1
2051,11,f2e252402c3851af,2.913093,20.0,1,16914,2,1,0,0,1,0,0,0,0,0,0,0,0,1
2052,11,36e9d6aa6d837ef9,2.188498,20.0,1,16918,1,1,0,0,1,0,0,0,0,0,0,0,0,1
2053,11,8f967b6ca3488b4d,2.689932,20.0,1,16827,1,0,0,0,0,0,0,0,0,0,0,0,0,1
2054,11,e5c13195d7b4a50c,3.064499,20.0,1,17036,2,1,0,0,1,0,0,0,0,0,0,0,0,1
2055,11,c84f9429392f3c36,2.302243,20.0,1,16640,1,1,0,0,1,0,0,0,0,0,0,0,0,1
2056,11,12f94bae65ca7288,1.729589,20.0,1,16726,1,1,0,0,1,0,0,0,0,0,0,0,0,0
2057,11,0af5416e230828ed,1.300676,20.0,1,14509,1,1,0,0,1,0,0,0,0,0,0,0,0,1
2058,11,219007d8eace7291,2.020803,20.0,1,13095,2,1,0,0,0,0,0,0,0,0,0,0,0,1
2059,11,41d01bf676ff6f6e,2.561807,20.0,1,13294,1,0,0,0,1,0,0,0,0,0,0,0,0,1
2060,11,31524e107587d129,1.926515,20.0,1,13116,1,1,0,0,0,0,0,0,0,0,0,0,0,1
2061,11,f9868fd7d8f84a5c,2.490972,18.901322,1,13189,1,0,0,0,1,0,0,0,0,0,0,0,0,0
2062,11,339143e749733910,1.871374,20.0,1,13332,1,1,0,0,1,0,0,0,0,0,0,0,0,1
2063,11,0a8711fd3c06f17b,2.449547,15.894873,0,13412,1,0,0,0,0,0,0,0,0,0,0,0,0,0
2064,11,cadf637f4d1e6748,1.842094,18.914175,1,13221,1,1,0,0,1,0,0,0,0,0,0,0,0,1
2065,11,2ed8dd7fadaea44c,2.42755,14.209512,0,13329,1,0,0,0,0,0,0,0,0,0,0,0,0,0
2066,11,03f2e07b0e82cefc,1.823727,17.632764,1,13277,1,1,0,0,1,0,0,0,0,0,0,0,0,1
2067,11,d64249ecffab4fb5,2.41562,13.26009,0,13266,1,0,0,0,0,0,0,0,0,0,0,0,0,0
2068,11,3f2736ee82e61839,1.814765,16.919499,1,12985,1,1,0,0,1,0,0,0,0,0,0,0,0,1
2069,11,13a5f0293c2732f4,1.363365,16.189832,1,13077,1,1,0,0,1,0,0,0,0,0,0,0,0,0
2070,11,2dea54f93c7a32c4,2.067898,15.64166,1,13117,1,0,0,0,0,0,0,0,0,0,0,0,0,1
2071,11,e8b739c1ffdbb2df,1.555089,15.243253,1,12885,1,1,0,0,1,0,0,0,0,0,0,0,0,0
2072,11,d5fcbc0f2d56db52,2.211934,14.930531,1,13253,1,0,0,0,0,0,0,0,0,0,0,0,0,1
2073,11,a24678b460336f70,1.661743,14.695594,1,13269,1,1,0,0,1,0,0,0,0,0,0,0,0,0
2074,11,17ad021c50292562,1.249654,18.0123,1,13363,1,1,0,0,1,0,0,0,0,0,0,0,0,1
2075,11,beefa74121978524,1.982472,13.531967,0,13485,1,0,0,0,0,0,0,0,0,0,0,0,0,0
2076,11,4290a3175471a419,1.489357,17.12375,1,13450,1,1,0,0,1,0,0,0,0,0,0,0,0,1
2077,11,91c029e73d74cbbc,2.162552,12.864433,0,13354,1,0,0,0,0,0,0,0,0,0,0,0,0,0
2078,12,1fd48474a6be9a50,1.62627,16.635241,1,13931,1,1,0,0,1,0,0,0,0,0,0,0,0,1
2079,12,530e0ea8d92a6d51,1.221756,12.497434,0,14065,1,1,0,0,0,0,0,0,0,0,0,0,0,0
2080,12,9d91a06f605c6d81,1.961513,16.346544,1,13948,1,0,0,0,1,0,0,0,0,0,0,0,0,1
2081,12,1bedfd585b1aa4b9,1.475086,15.773336,1,14198,1,1,0,0,1,0,0,0,0,0,0,0,0,0
2082,12,26a9669cba5af3ef,1.108177,18.807607,1,14238,1,1,0,0,1,0,0,0,0,0,0,0,0,1
2083,12,4f55c5e4b2d3c044,0.832532,14.129452,0,14219,1,1,0,0,0,0,0,0,0,0,0,0,0,0
2084,12,429a6cfc04b09590,1.669103,17.572618,1,14084,1,0,0,0,1,0,0,0,0,0,0,0,0,1
2085,12,bfd1095e82cc3b3f,1.255189,16.695361,1,14038,1,1,0,0,1,0,0,0,0,0,0,0,0,0
2086,12,e8a24dfe484cb614,1.98663,16.021445,1,14160,1,0,0,0,0,0,0,0,0,0,0,0,0,1
2087,12,a8eb40163c807ab7,1.492481,18.994002,1,13910,1,1,0,0,1,0,0,0,0,0,0,0,0,1
2088,12,b734eb68cadec0ba,1.122367,17.764262,1,13873,1,1,0,0,1,0,0,0,0,0,0,0,0,0
2089,12,03ed9d518f369873,0.843192,20.0,1,14093,1,1,0,0,1,0,0,0,0,0,0,0,0,1
2090,12,cd43fcebe8f5e6e6,1.677112,15.253121,0,13994,1,0,0,0,0,0,0,0,0,0,0,0,0,0
2091,12,338e1a6d9a9334b5,1.259952,18.416789,1,13979,1,1,0,0,1,0,0,0,0,0,0,0,0,1
2092,12,f71f04d2a5841727,0.947502,17.33019,1,13947,1,1,0,0,1,0,0,0,0,0,0,0,0,0
2093,12,dab4ff966e399802,0.711823,19.977213,1,14010,1,1,0,0,1,0,0,0,0,0,0,0,0,1
2094,12,339e340883d8ecaf,1.578419,18.486978,1,13889,1,0,0,0,0,0,0,0,0,0,0,0,0,1
2095,12,0f3eea50b2030a66,2.231144,20.0,1,13992,2,1,0,0,1,0,0,0,0,0,0,0,0,1
2096,12,157d3461e0a7f335,0.632522,19.152793,1,14075,0,1,0,0,1,0,0,0,0,0,0,0,0,0
2097,12,f1991b9aba19249f,0.47519,17.867622,1,13902,1,1,0,0,1,0,0,0,0,0,0,0,0,0
2098,12,f0cae4ef532c2023,0.356992,16.902121,1,14206,1,1,0,0,0,0,0,0,0,0,0,0,0,1
2099,12,3dc875a761d5c5ef,2.356764,19.671639,1,14077,2,0,0,0,1,0,0,0,0,0,0,0,0,1
2100,12,e90cc852e180b7a9,1.770549,18.257412,1,13976,1,1,0,0,1,0,0,0,0,0,0,0,0,0
2101,12,0843c071791750a4,2.373801,17.194955,1,13894,1,0,0,0,0,0,0,0,0,0,0,0,0,1
2102,12,e7652621d19bb2aa,1.785132,19.891855,1,13964,1,1,0,0,1,0,0,0,0,0,0,0,0,1
2103,12,83403ab2ce2e5edc,1.341103,20.0,1,13788,1,1,0,0,1,0,0,0,0,0,0,0,0,1
2104,12,31f44b91b5854a60,2.051174,20.0,1,13969,2,1,0,0,1,0,0,0,0,0,0,0,0,1
2105,12,9eeb382b0724ec5e,2.584624,17.588271,0,13984,1,0,0,0,0,0,0,0,0,0,0,0,0,0
2106,12,8cf44fb6a5bc2678,1.943674,20.0,1,13851,1,1,0,0,1,0,0,0,0,0,0,0,0,1
2107,12,26302fd6db433208,1.460209,18.645059,1,13912,1,1,0,0,1,0,0,0,0,0,0,0,0,0
2108,12,212d5aa4658ea2f7,1.097001,20.0,1,14124,1,1,0,0,1,0,0,0,0,0,0,0,0,1
2109,12,37a5a18fb6caef37,1.869111,19.246499,1,13819,1,0,0,0,0,0,0,0,0,0,0,0,0,1
2110,12,79c0b206a03c3fd7,1.404193,17.93802,1,14232,1,1,0,0,1,0,0,0,0,0,0,0,0,0
2111,12,c2376b0af88b997c,1.054918,20.0,1,14104,1,1,0,0,1,0,0,0,0,0,0,0,0,1
2112,12,6484211bcaa3988b,1.836174,18.830034,1,14093,1,0,0,0,0,0,0,0,0,0,0,0,0,1
2113,12,bb6c2f7a25964c84,2.424979,20.0,1,13818,2,1,0,0,1,0,0,0,0,0,0,0,0,1
2114,12,66b1f64089a6f384,1.821796,20.0,1,13907,1,1,0,0,1,0,0,0,0,0,0,0,0,1
2115,12,ea8c132e457af786,1.368647,20.0,1,13814,1,1,0,0,1,0,0,0,0,0,0,0,0,0
2116,12,052f36be903b4c06,1.029242,18.992113,1,13931,1,1,0,0,0,0,0,0,0,0,0,0,0,1
2117,12,8e82ec90f90651e7,1.816885,20.0,1,14098,1,0,0,0,1,0,0,0,0,0,0,0,0,1
2118,12,4f7951c9fb9652a2,1.364958,19.42496,1,13983,1,1,0,0,1,0,0,0,0,0,0,0,0,0
2119,12,f016206e344ce587,2.069095,20.0,1,13998,2,1,0,0,1,0,0,0,0,0,0,0,0,1
2120,12,5ba81e783bc90e5a,1.555989,20.0,1,14091,1,1,0,0,1,0,0,0,0,0,0,0,0,1
2121,12,7a07c461c79b1e53,1.168956,20.0,1,13920,1,1,0,0,1,0,0,0,0,0,0,0,0,0
2122,12,08f4476ffa31dac3,1.921847,19.168068,1,13919,1,0,0,0,0,0,0,0,0,0,0,0,0,1
2123,12,a69e4e6735ff3977,1.445256,20.0,1,13888,1,1,0,0,1,0,0,0,0,0,0,0,0,1
2124,12,260e5aa1d8f47503,1.085767,19.537581,1,13961,1,1,0,0,1,0,0,0,0,0,0,0,0,0
2125,12,9dfac611e041007e,2.903003,18.156699,1,13900,2,0,0,0,0,0,0,0,0,0,0,0,0,1
2126,12,721de4ec54375ef7,2.180917,20.0,1,13957,1,1,0,0,1,0,0,0,0,0,0,0,0,1
2127,12,6f8d7911e0b9e753,1.640081,20.0,1,13904,1,1,0,0,1,0,0,0,0,0,0,0,0,1
2128,12,404b6574dd021f5d,1.232132,20.0,1,13858,1,1,0,0,1,0,0,0,0,0,0,0,0,0
2129,12,e35a6455d78bafd7,1.969308,18.763669,1,13956,1,0,0,0,0,0,0,0,0,0,0,0,0,1
2130,12,501ee790029bb4ef,1.480947,17.591048,1,13901,1,1,0,0,1,0,0,0,0,0,0,0,0,0
2131,12,70389cda45c93358,1.11258,20.0,1,14007,1,1,0,0,1,0,0,0,0,0,0,0,0,1
2132,12,754645a6b7b4ca0c,1.879493,18.634205,1,13745,2,1,0,0,0,0,0,0,0,0,0,0,0,1
2133,12,cdb83f84a87dfa0d,2.455647,20.0,1,13983,1,0,0,0,1,0,0,0,0,0,0,0,0,1
2134,12,c4cf83697eb30892,1.846681,20.0,1,13995,1,1,0,0,1,0,0,0,0,0,0,0,0,1
2135,12,7f5b7996849c02f2,1.387343,17.069339,0,13853,1,1,0,0,0,0,0,0,0,0,0,0,0,0
2136,12,098f274bf4d8b821,2.085912,19.781246,1,13959,1,0,0,0,1,0,0,0,0,0,0,0,0,1
2137,12,77668fe9943ec14d,2.612786,20.0,1,13876,2,1,0,0,1,0,0,0,0,0,0,0,0,1
2138,12,9334baa4842ce81e,1.962888,20.0,1,13900,1,1,0,0,1,0,0,0,0,0,0,0,0,1
2139,12,1fc1f7c0eea9b018,2.518298,17.551634,0,13650,1,0,0,0,0,0,0,0,0,0,0,0,0,0
2140,12,6b4c103366534787,1.891903,20.0,1,13796,1,1,0,0,1,0,0,0,0,0,0,0,0,1
2141,12,2ac01b460a9fb2d1,1.422738,15.148256,0,13928,1,1,0,0,0,0,0,0,0,0,0,0,0,0
2142,12,be65dd4e30de95ed,2.112503,18.338007,1,13799,1,0,0,0,1,0,0,0,0,0,0,0,0,1
2143,12,01fd73c5ec40b8f5,2.630698,20.0,1,13778,2,1,0,0,1,0,0,0,0,0,0,0,0,1
2144,12,208fcfb3800a27c3,1.978323,19.073027,1,13675,1,1,0,0,1,0,0,0,0,0,0,0,0,0
2145,12,fb4a956a68d20f66,2.529893,17.807697,1,13832,1,0,0,0,0,0,0,0,0,0,0,0,0,1
2146,12,238d2c959efc4974,1.900614,16.857101,1,13840,1,1,0,0,1,0,0,0,0,0,0,0,0,0
2147,12,dc498bc00718d94f,1.42786,19.621799,1,13755,1,1,0,0,1,0,0,0,0,0,0,0,0,1
2148,12,bdd45bc796f1d786,2.117922,20.0,1,13844,2,1,0,0,1,0,0,0,0,0,0,0,0,1
2149,12,df104888f2f6eca1,2.634769,16.315077,0,13737,1,0,0,0,0,0,0,0,0,0,0,0,0,0
2150,12,934693e62bbe62b9,1.979403,19.214597,1,13622,1,1,0,0,1,0,0,0,0,0,0,0,0,1
2151,12,3854cc71182b2b21,1.48854,20.0,1,13765,1,1,0,0,1,0,0,0,0,0,0,0,0,1
2152,12,cd5d537970712c70,1.118284,19.563868,1,13640,1,1,0,0,0,0,0,0,0,0,0,0,0,1
2153,12,e93208213ce684ad,1.883778,20.0,1,13858,1,0,0,0,1,0,0,0,0,0,0,0,0,1
2154,12,f416bec425c5f2f4,1.415212,19.747656,1,13692,1,1,0,0,1,0,0,0,0,0,0,0,0,0
2155,12,914cbe8d38a61aa6,1.06426,18.33102,1,13698,1,1,0,0,1,0,0,0,0,0,0,0,0,0
2156,12,1302bfc3c8b28812,2.886845,17.250255,1,13515,2,0,0,0,0,0,0,0,0,0,0,0,0,1
2157,12,baff74c7fb1631bb,2.168779,19.917161,1,13658,1,1,0,0,1,0,0,0,0,0,0,0,0,1
2158,12,60088fbfee3e6905,1.630953,20.0,1,13546,1,1,0,0,1,0,0,0,0,0,0,0,0,1
2159,12,b892c11b0181a7f8,2.268927,16.481945,0,13654,1,0,0,0,0,0,0,0,0,0,0,0,0,0
2160,12,6e7204e34c7241fe,1.70456,19.339958,1,13497,1,1,0,0,1,0,0,0,0,0,0,0,0,1
2161,12,0f46b37f71c42729,3.367879,18.008232,1,13579,2,0,0,0,0,0,0,0,0,0,0,0,0,1
2162,12,1ee4a057d32eca18,2.532693,20.0,1,13512,1,1,0,0,1,0,0,0,0,0,0,0,0,1
2163,12,42b45be1bcdc983b,1.902718,18.88232,1,13513,1,1,0,0,0,0,0,0,0,0,0,0,0,1
2164,12,db54b2fda90ab011,2.473094,17.664426,1,13517,1,0,0,0,1,0,0,0,0,0,0,0,0,0
2165,12,2a054642e13bf486,1.859802,20.0,1,13528,1,1,0,0,1,0,0,0,0,0,0,0,0,1
2166,12,731d6d699dedfc7d,2.440853,18.688084,1,13511,1,0,0,0,0,0,0,0,0,0,0,0,0,1
2167,12,740961c33dbc06f4,1.833722,17.518503,1,13598,1,1,0,0,1,0,0,0,0,0,0,0,0,0
2168,12,525b7977e04d9a32,2.42126,20.0,1,13747,2,1,0,0,1,0,0,0,0,0,0,0,0,1
2169,12,bcc9854d01a15ce0,2.864972,18.61004,1,13367,1,0,0,0,0,0,0,0,0,0,0,0,0,1
2170,12,506670075915e7f5,2.152347,20.0,1,13470,1,1,0,0,1,0,0,0,0,0,0,0,0,1
2171,12,c178160524d28ab4,2.660631,15.730475,0,13426,1,0,0,0,0,0,0,0,0,0,0,0,0,0
2172,12,34e815d9da5cb94d,2.000832,18.790545,1,13175,1,1,0,0,1,0,0,0,0,0,0,0,0,1
2173,12,3f41fa3c34a41848,1.503151,14.116634,0,13202,0,0,0,0,0,0,0,0,0,0,0,0,0,0
2174,12,7803ff4bbe6df398,1.129261,14.084144,1,13280,1,1,0,0,1,0,0,0,0,0,0,0,0,0
2175,12,035e83338ff6365d,0.848371,17.53858,1,13321,1,1,0,0,1,0,0,0,0,0,0,0,0,1
2176,12,68e66662f2518cb0,1.682138,13.189262,0,13381,1,0,0,0,0,0,0,0,0,0,0,0,0,0
2177,12,a90480009d2ea223,1.263727,16.866289,1,13395,1,1,0,0,1,0,0,0,0,0,0,0,0,1
2178,12,fca8f58bb0588f1c,0.949391,16.149857,1,13353,1,1,0,0,1,0,0,0,0,0,0,0,0,0
2179,12,cfb06e35ccfe31fa,0.713956,19.105926,1,13364,1,1,0,0,1,0,0,0,0,0,0,0,0,1
2180,12,6ab9814d1e629e92,1.580022,14.353568,0,13337,1,0,0,0,0,0,0,0,0,0,0,0,0,0
2181,12,0e7c314b65536c42,1.187011,17.740988,1,13394,1,1,0,0,1,0,0,0,0,0,0,0,0,1
2182,12,8a3de91e21510cdf,0.891757,16.806986,1,13476,1,1,0,0,1,0,0,0,0,0,0,0,0,0
2183,12,167f84c5dbfa515e,0.670614,19.600096,1,13273,1,1,0,0,1,0,0,0,0,0,0,0,0,1
2184,12,67a12a636db72dd6,1.547461,18.203664,1,13428,1,0,0,0,0,0,0,0,0,0,0,0,0,1
2185,12,60dc085c9bdd05e4,2.206203,20.0,1,13384,2,1,0,0,1,0,0,0,0,0,0,0,0,1
2186,12,855237d3b27a9a4f,1.659096,20.0,1,13243,1,1,0,0,1,0,0,0,0,0,0,0,0,1
2187,12,c4cafe876f3375fd,1.246417,20.0,1,13494,1,1,0,0,1,0,0,0,0,0,0,0,0,0
2188,12,e22bb81afaabce90,1.98004,18.778644,1,13385,1,0,0,0,0,0,0,0,0,0,0,0,0,1
2189,12,86d09df9c5563c46,1.48753,17.586538,1,13479,1,1,0,0,1,0,0,0,0,0,0,0,0,0
2190,12,08632e5e45220f6f,1.118644,20.0,1,13380,1,1,0,0,1,0,0,0,0,0,0,0,0,1
2191,12,26fbe292279e0ddb,0.840395,18.64408,1,13518,1,1,0,0,1,0,0,0,0,0,0,0,0,0
2192,12,71cc91bc99221901,2.718664,17.485445,1,13312,2,0,0,0,0,0,0,0,0,0,0,0,0,1
2193,12,d08c0bd104cbf415,1.000324,16.629805,1,13355,0,1,0,0,1,0,0,0,0,0,0,0,0,0
2194,12,312e68e8dc0f9bf6,0.751506,19.45104,1,13332,1,1,0,0,1,0,0,0,0,0,0,0,0,1
2195,12,5a71db88453b349a,2.651885,18.091684,1,13552,2,0,0,0,0,0,0,0,0,0,0,0,0,1
2196,12,73322fd6fc50ed24,1.992262,17.07045,1,13751,1,1,0,0,1,0,0,0,0,0,0,0,0,0
2197,12,d9561df4314c8bc9,1.498209,19.798225,1,14875,1,1,0,0,1,0,0,0,0,0,0,0,0,1
2198,12,026885893b5f1a25,2.169202,14.873667,0,14882,1,0,0,0,0,0,0,0,0,0,0,0,0,0
2199,12,c514912a2dcbbcb9,1.62964,18.131719,1,14491,1,1,0,0,1,0,0,0,0,0,0,0,0,1
2200,12,a14ab18374f99279,1.225513,17.115813,1,14343,1,1,0,0,1,0,0,0,0,0,0,0,0,0
2201,12,9b530a9b785b955c,0.920682,19.816159,1,15996,1,1,0,0,1,0,0,0,0,0,0,0,0,1
2202,12,18f457ef6a00a28a,2.778981,18.365984,1,15698,2,0,0,0,0,0,0,0,0,0,0,0,0,1
2203,12,a38050aef2fdfe5c,2.087744,17.276522,1,16094,1,1,0,0,1,0,0,0,0,0,0,0,0,0
2204,12,4d412a4789f5986f,1.570013,19.953194,1,15786,1,1,0,0,1,0,0,0,0,0,0,0,0,1
2205,12,f140a3a5ab1b3ae1,1.179492,18.468933,1,15986,1,1,0,0,0,0,0,0,0,0,0,0,0,1
2206,12,51810fca3be873b5,1.929762,20.0,1,15808,1,0,0,0,1,0,0,0,0,0,0,0,0,1
2207,12,64d8ff1d0ec4d27a,2.495359,20.0,1,16279,2,1,0,0,1,0,0,0,0,0,0,0,0,1
2208,12,8a712e89dee9ed50,1.87467,20.0,1,16182,1,1,0,0,1,0,0,0,0,0,0,0,0,1
2209,12,9d0e18a1e7b5a902,1.408369,20.0,1,16201,1,1,0,0,1,0,0,0,0,0,0,0,0,0
2210,12,a220b2f194e8e17e,2.101709,20.0,1,15924,2,1,0,0,1,0,0,0,0,0,0,0,0,1
2211,12,3a54f87fc5d887ef,2.624665,20.0,1,15928,1,0,0,0,0,0,0,0,0,0,0,0,0,1
2212,12,8f2673b6e0594d64,1.971813,20.0,1,16303,1,1,0,0,1,0,0,0,0,0,0,0,0,1
2213,12,f345a065bf720e01,2.525003,20.0,1,14699,2,1,0,0,1,0,0,0,0,0,0,0,0,1
2214,12,edc7c2bb985f3641,1.898838,20.0,1,13258,1,1,0,0,0,0,0,0,0,0,0,0,0,1
2215,12,1f39122c6cc21a0b,2.470179,20.0,1,13699,1,0,0,0,1,0,0,0,0,0,0,0,0,1
2216,12,29f82d491c4b1418,1.855753,20.0,1,13695,1,1,0,0,1,0,0,0,0,0,0,0,0,0
2217,12,cf1e4f229c6777b5,1.394158,20.0,1,13673,1,1,0,0,1,0,0,0,0,0,0,0,0,1
2218,12,d5ec8ef48dec96f5,1.048427,20.0,1,13653,1,1,0,0,0,0,0,0,0,0,0,0,0,1
2219,12,51ae9ddc4d3ace86,1.831297,18.867752,1,13712,1,0,0,0,1,0,0,0,0,0,0,0,0,0
2220,12,41f9d9c4c4dd77b2,1.375785,20.0,1,13820,1,1,0,0,1,0,0,0,0,0,0,0,0,1
2221,12,d0c311d857fc65c9,1.03461,19.372312,1,13609,1,1,0,0,1,0,0,0,0,0,0,0,0,0
2222,12,60810bb282dabea2,1.820917,18.032538,1,13668,1,0,0,0,0,0,0,0,0,0,0,0,0,1
2223,12,ac4f71a0ba2540cf,2.41164,20.0,1,13768,2,1,0,0,1,0,0,0,0,0,0,0,0,1
2224,12,ef14f86184452beb,1.811775,20.0,1,13675,1,1,0,0,1,0,0,0,0,0,0,0,0,1
2225,12,74bfce39db61dd9c,1.362481,16.816712,0,13531,1,1,0,0,0,0,0,0,0,0,0,0,0,0
2226,12,61ef57200da6a91d,2.067234,19.591456,1,13787,1,0,0,0,1,0,0,0,0,0,0,0,0,1
2227,12,970588b5348596d4,1.553036,20.0,1,13792,1,1,0,0,1,0,0,0,0,0,0,0,0,1
2228,12,8cc0fdd2695fe3b1,1.167905,19.781176,1,13636,1,1,0,0,1,0,0,0,0,0,0,0,0,0
2229,12,1f012cdf92b23e1a,1.921057,18.339702,1,13380,1,0,0,0,0,0,0,0,0,0,0,0,0,1
2230,12,5567f6dd3ae7ce76,1.443218,17.256777,1,13414,1,1,0,0,1,0,0,0,0,0,0,0,0,0
2231,12,30ffe72018c4b5d0,1.084236,19.922061,1,13297,1,1,0,0,1,0,0,0,0,0,0,0,0,1
2232,12,e2ba7a32659ad80f,1.859511,14.981674,0,13110,1,0,0,0,0,0,0,0,0,0,0,0,0,0
2233,12,c78ff72558b80a63,2.440635,18.21286,1,13190,2,1,0,0,1,0,0,0,0,0,0,0,0,1
2234,12,b58f8b6a78f18afb,1.833558,20.0,1,12952,1,1,0,0,1,0,0,0,0,0,0,0,0,1
2235,12,b30c8d44ae1900d8,2.423012,19.002324,1,12855,1,0,0,0,0,0,0,0,0,0,0,0,0,1
2236,12,dff65b16a198b458,1.820318,17.75458,1,12827,1,1,0,0,1,0,0,0,0,0,0,0,0,0
2237,12,a022aa907a73d24f,1.367537,20.0,1,13070,1,1,0,0,1,0,0,0,0,0,0,0,0,1
2238,12,79a9c06978b6976b,2.071033,15.247657,0,12998,1,0,0,0,0,0,0,0,0,0,0,0,0,0
2239,12,83f8135790c82eab,1.557446,18.427459,1,12859,1,1,0,0,1,0,0,0,0,0,0,0,0,1
2240,12,c3c15221622a8499,0.126398,13.843861,0,12792,0,1,0,0,0,0,0,0,0,0,0,0,0,0
2241,12,acbc8d40a688ca81,1.138611,13.87922,1,12758,1,0,0,0,1,0,0,0,0,0,0,0,0,0
2242,12,0711327c2d3aba00,0.856252,17.398375,1,12532,1,1,0,0,1,0,0,0,0,0,0,0,0,1
2243,12,9eb19790c48267a5,1.686923,13.070748,0,13499,1,0,0,0,0,0,0,0,0,0,0,0,0,0
2244,12,03f53ac9af4576e1,2.310976,20.0,1,13373,2,1,0,0,1,0,0,0,0,0,0,0,0,2
2245,12,9c1d60eb6bb51682,1.73615,18.696494,1,13291,1,1,0,0,1,0,0,0,0,0,0,0,0,0
2246,12,fdce3a9c1659ab92,2.34976,17.540532,1,13411,1,0,0,0,0,0,0,0,0,0,0,0,0,1
2247,12,ba4181c05282c159,1.765287,16.65639,1,13102,1,1,0,0,1,0,0,0,0,0,0,0,0,0
2248,12,509a177157437b4c,2.369847,15.992168,1,13003,1,0,0,0,0,0,0,0,0,0,0,0,0,1
2249,12,dd05a46802e2b8cc,1.782159,15.50684,1,12887,1,1,0,0,1,0,0,0,0,0,0,0,0,0
2250,12,a3b73c049d962aba,2.382523,15.128554,1,12894,1,0,0,0,0,0,0,0,0,0,0,0,0,1
2251,12,c59767823f979783,1.7899,14.844361,1,12855,1,1,0,0,1,0,0,0,0,0,0,0,0,0
2252,12,0e906495139299c4,2.388339,14.630858,1,12842,1,0,0,0,0,0,0,0,0,0,0,0,0,1
2253,12,5f9f52d7217194ba,1.796065,14.483116,1,12724,1,1,0,0,1,0,0,0,0,0,0,0,0,0
2254,12,a5c9ee1c2f8da7f3,2.39297,14.359468,1,12372,1,0,0,0,0,0,0,0,0,0,0,0,0,1
2255,12,0a415431177124b2,1.797749,14.266576,1,12249,1,1,0,0,1,0,0,0,0,0,0,0,0,0
2256,12,6e4db7732c2b0420,1.351933,10.728668,0,11999,0,0,0,0,0,0,0,0,0,0,0,0,0,0
2257,12,f33c166d0a828441,1.015656,15.017737,1,12032,1,1,0,0,1,0,0,0,0,0,0,0,0,1
2258,12,a622a0f536635ed4,0.763025,14.761109,1,12387,1,1,0,0,1,0,0,0,0,0,0,0,0,0
2259,12,5175897adbd43335,1.616885,14.568314,1,12368,1,0,0,0,0,0,0,0,0,0,0,0,0,1
2260,12,3165de6716fb4c8a,1.215921,14.436081,1,12474,1,1,0,0,1,0,0,0,0,0,0,0,0,0
2261,12,5de6506e91db9d27,1.957129,14.324133,1,12437,1,0,0,0,0,0,0,0,0,0,0,0,0,1
2262,13,1fd48474a6be9a50,1.470318,14.24003,1,14044,1,1,0,0,1,0,0,0,0,0,0,0,0,0
2263,13,530e0ea8d92a6d51,1.1057,17.669709,1,14040,1,1,0,0,1,0,0,0,0,0,0,0,0,1
2264,13,9d91a06f605c6d81,1.874324,16.753436,1,14091,1,0,0,0,0,0,0,0,0,0,0,0,0,1
2265,13,1bedfd585b1aa4b9,1.40811,16.065075,1,14281,1,1,0,0,1,0,0,0,0,0,0,0,0,0
2266,13,26a9669cba5af3ef,1.05786,19.026779,1,14196,1,1,0,0,1,0,0,0,0,0,0,0,0,1
2267,13,4f55c5e4b2d3c044,1.839677,14.308409,0,14000,1,0,0,0,0,0,0,0,0,0,0,0,0,0
2268,13,429a6cfc04b09590,1.38208,17.707062,1,14171,1,1,0,0,1,0,0,0,0,0,0,0,0,1
2269,13,bfd1095e82cc3b3f,1.038305,16.781498,1,14080,1,1,0,0,1,0,0,0,0,0,0,0,0,0
2270,13,e8a24dfe484cb614,0.78082,19.580929,1,13981,1,1,0,0,1,0,0,0,0,0,0,0,0,1
2271,13,a8eb40163c807ab7,2.673908,18.189265,1,14112,2,0,0,0,0,0,0,0,0,0,0,0,0,1
2272,13,b734eb68cadec0ba,2.008807,20.0,1,13930,1,1,0,0,1,0,0,0,0,0,0,0,0,1
2273,13,03ed9d518f369873,1.509142,18.971836,1,14065,1,1,0,0,1,0,0,0,0,0,0,0,0,0
2274,13,cd43fcebe8f5e6e6,1.134896,17.747593,1,13981,1,1,0,0,0,0,0,0,0,0,0,0,0,1
2275,13,338e1a6d9a9334b5,1.896258,16.811947,1,13928,1,0,0,0,1,0,0,0,0,0,0,0,0,0
2276,13,f71f04d2a5841727,1.424588,19.587877,1,14073,1,1,0,0,1,0,0,0,0,0,0,0,0,1
2277,13,dab4ff966e399802,2.115461,14.730362,0,13841,1,0,0,0,0,0,0,0,0,0,0,0,0,0
2278,13,339e340883d8ecaf,1.589267,18.02406,1,14011,1,1,0,0,1,0,0,0,0,0,0,0,0,1
2279,13,0f3eea50b2030a66,1.193957,20.0,1,13998,1,1,0,0,1,0,0,0,0,0,0,0,0,1
2280,13,157d3461e0a7f335,0.896975,18.878595,1,13976,1,1,0,0,1,0,0,0,0,0,0,0,0,0
2281,13,f1991b9aba19249f,2.762839,17.677474,1,14117,2,0,0,0,0,0,0,0,0,0,0,0,0,1
2282,13,f0cae4ef532c2023,2.075618,20.0,1,13972,1,1,0,0,1,0,0,0,0,0,0,0,0,1
2283,13,7630abeab872e6cf,1.559334,20.0,1,14094,1,1,0,0,1,0,0,0,0,0,0,0,0,1
2284,13,253c29c9cd31f14d,2.216792,16.66601,0,13983,1,0,0,0,0,0,0,0,0,0,0,0,0,0
2285,13,1bcd43f2b236da2a,1.665393,19.47824,1,13877,1,1,0,0,1,0,0,0,0,0,0,0,0,1
2286,13,190012cb2cd5517d,1.251147,18.112118,1,13981,1,1,0,0,1,0,0,0,0,0,0,0,0,0
2287,13,752285f96761bfac,1.983594,17.085802,1,13991,1,0,0,0,0,0,0,0,0,0,0,0,0,1
2288,13,8ce008444b943984,1.491691,16.329268,1,13901,1,1,0,0,1,0,0,0,0,0,0,0,0,0
2289,13,815cbd6616cc478f,1.120651,19.225258,1,13874,1,1,0,0,1,0,0,0,0,0,0,0,0,1
2290,13,ea182be542b69bac,1.885557,14.443217,0,14045,1,0,0,0,0,0,0,0,0,0,0,0,0,0
2291,13,98558a7fe6a345e2,1.417966,17.822509,1,13777,1,1,0,0,1,0,0,0,0,0,0,0,0,1
2292,13,ea40987dff05550d,1.065265,20.0,1,14141,1,1,0,0,1,0,0,0,0,0,0,0,0,1
2293,13,bd84d51435d6859a,1.843947,20.0,1,13956,2,1,0,0,1,0,0,0,0,0,0,0,0,1
2294,13,b3773e59edaae1a5,1.385288,20.0,1,14116,1,1,0,0,1,0,0,0,0,0,0,0,0,1
2295,13,5dadae3439224eef,1.041757,20.0,1,13934,1,1,0,0,1,0,0,0,0,0,0,0,0,0
2296,13,bf32681d9402a0dc,1.826286,19.465397,1,13915,1,0,0,0,0,0,0,0,0,0,0,0,0,1
2297,13,f7bd4e508f328e99,1.37202,20.0,1,13977,1,1,0,0,1,0,0,0,0,0,0,0,0,1
2298,13,7c7cf98600a1ae76,1.031779,20.0,1,13978,1,1,0,0,1,0,0,0,0,0,0,0,0,1
2299,13,4330f499d34eea83,2.862444,17.422125,0,13942,2,0,0,0,0,0,0,0,0,0,0,0,0,0
2300,13,574139667abb0c89,2.150447,20.0,1,14147,1,1,0,0,1,0,0,0,0,0,0,0,0,1
2301,13,92baeeda50fe0e26,1.61555,18.538866,1,13954,1,1,0,0,1,0,0,0,0,0,0,0,0,0
2302,13,80a0120ed18f2275,1.214917,20.0,1,13844,1,1,0,0,1,0,0,0,0,0,0,0,0,1
2303,13,8dedeb0367e4f2e3,1.956375,19.182107,1,13975,1,0,0,0,0,0,0,0,0,0,0,0,0,1
2304,13,cce480df118a4b64,1.469751,17.889645,1,14020,1,1,0,0,1,0,0,0,0,0,0,0,0,0
2305,13,74af5b71dff1f83a,1.105274,20.0,1,13906,1,1,0,0,1,0,0,0,0,0,0,0,0,1
2306,13,5a3027c7f942d721,1.874004,20.0,1,13933,2,1,0,0,1,0,0,0,0,0,0,0,0,1
2307,13,a7f28a02bc25ffcb,0.364216,16.748775,0,13959,0,1,0,0,0,0,0,0,0,0,0,0,0,0
2308,13,d5293be15af3da23,2.360929,19.540417,1,14016,2,0,0,0,1,0,0,0,0,0,0,0,0,1
2309,13,5fbd520df55a8630,1.775452,20.0,1,13854,1,1,0,0,1,0,0,0,0,0,0,0,0,1
2310,13,3bdfbc512c496928,1.333831,20.0,1,13785,1,1,0,0,1,0,0,0,0,0,0,0,0,1
2311,13,1951e40916662b8e,1.002057,20.0,1,13967,1,1,0,0,1,0,0,0,0,0,0,0,0,1
2312,13,a0ba5e1a0f5a1c2d,1.797712,20.0,1,13782,2,1,0,0,1,0,0,0,0,0,0,0,0,1
2313,13,c597591453fa9ebc,2.394207,19.018586,0,14102,1,0,0,0,0,0,0,0,0,0,0,0,0,0
2314,13,cf0611fcffeec57a,1.798678,20.0,1,13970,1,1,0,0,1,0,0,0,0,0,0,0,0,1
2315,13,ca931cfc3949c763,1.35128,19.439901,1,14132,1,1,0,0,1,0,0,0,0,0,0,0,0,0
2316,13,b4e5a7941d20a8af,2.060332,18.099584,1,13845,1,0,0,0,0,0,0,0,0,0,0,0,0,1
2317,13,eae0499212ad45b4,1.54785,20.0,1,13885,1,1,0,0,1,0,0,0,0,0,0,0,0,1
2318,13,044c207ce1d7c610,1.162842,18.92122,1,13876,1,1,0,0,1,0,0,0,0,0,0,0,0,0
2319,13,5f8c4e99abae2b41,0.874474,20.0,1,14099,1,1,0,0,1,0,0,0,0,0,0,0,0,1
2320,13,262cc59f57771fd3,1.700613,19.398123,1,14080,1,0,0,0,0,0,0,0,0,0,0,0,0,1
2321,13,afe7df028eb314b2,2.32126,20.0,1,14159,2,1,0,0,1,0,0,0,0,0,0,0,0,1
2322,13,84dc78341735dfe9,1.743876,19.65411,1,14111,1,1,0,0,1,0,0,0,0,0,0,0,0,0
2323,13,ec35adbc9bd2a253,1.31142,20.0,1,13993,1,1,0,0,1,0,0,0,0,0,0,0,0,1
2324,13,5ddcfab55913ee74,2.028874,16.333331,0,14083,1,0,0,0,0,0,0,0,0,0,0,0,0,0
2325,13,313cc2c20162c678,1.524217,19.22831,1,14019,1,1,0,0,1,0,0,0,0,0,0,0,0,1
2326,13,6a6afdc499c2b9d4,1.146233,20.0,1,13976,1,1,0,0,1,0,0,0,0,0,0,0,0,1
2327,13,7521c447915156b3,0.861122,19.571616,1,14053,1,1,0,0,1,0,0,0,0,0,0,0,0,0
2328,13,90428e5d64d7b1fe,2.734235,18.182268,1,14049,2,0,0,0,0,0,0,0,0,0,0,0,0,1
2329,13,ac71c198b11cd18d,2.054129,20.0,1,14130,1,1,0,0,1,0,0,0,0,0,0,0,0,1
2330,13,0590b15e4575ce7b,1.544734,20.0,1,13906,1,1,0,0,1,0,0,0,0,0,0,0,0,1
2331,13,8aff38744727ae3b,1.160501,20.0,1,14119,1,1,0,0,1,0,0,0,0,0,0,0,0,1
2332,13,e1342d5b9e0cbffe,1.915494,17.906503,0,14249,1,0,0,0,0,0,0,0,0,0,0,0,0,0
2333,13,faf46b990c8af894,1.440479,20.0,1,14055,1,1,0,0,1,0,0,0,0,0,0,0,0,1
2334,13,b10a7ae98c7ccc2c,2.125831,20.0,1,14099,2,1,0,0,1,0,0,0,0,0,0,0,0,1
2335,13,90bcce8be493b476,2.640711,20.0,1,14271,1,0,0,0,0,0,0,0,0,0,0,0,0,1
2336,13,60a1d1ce04cffebb,1.983868,18.680474,1,14140,1,1,0,0,1,0,0,0,0,0,0,0,0,0
2337,13,9ef90dc35f553699,1.491897,17.528485,1,14052,1,1,0,0,0,0,0,0,0,0,0,0,0,1
2338,13,988c6246d9d7d6eb,2.16446,20.0,1,14135,1,0,0,0,1,0,0,0,0,0,0,0,0,1
2339,13,e9ea508e2f50783f,2.669731,18.598894,1,14266,2,1,0,0,1,0,0,0,0,0,0,0,0,0
2340,13,6803561a8022a4a0,3.051826,17.467135,1,14112,1,0,0,0,0,0,0,0,0,0,0,0,0,1
2341,13,d82e2a1b722eddbc,2.292723,20.0,1,14225,1,1,0,0,1,0,0,0,0,0,0,0,0,1
2342,13,29c3b3aa3b1cada4,1.722437,20.0,1,14194,1,1,0,0,1,0,0,0,0,0,0,0,0,1
2343,13,bd0d0b43c6e3178c,2.337656,16.560167,0,14320,1,0,0,0,0,0,0,0,0,0,0,0,0,0
2344,13,addb792200e55a76,1.757951,19.414485,1,14169,1,1,0,0,1,0,0,0,0,0,0,0,0,1
2345,13,f9d203ddd67143d1,1.320683,20.0,1,14353,1,1,0,0,1,0,0,0,0,0,0,0,0,1
2346,13,9b668065475ae05a,3.079486,19.663345,1,14279,2,0,0,0,0,0,0,0,0,0,0,0,0,1
2347,13,b1553a2c9d11491b,2.315817,18.267617,1,14325,1,1,0,0,1,0,0,0,0,0,0,0,0,0
2348,13,b2685704ce56dbf8,2.78344,17.202622,1,14426,1,0,0,0,0,0,0,0,0,0,0,0,0,1
2349,13,cfafef027785f148,2.091095,16.402532,1,14441,1,1,0,0,1,0,0,0,0,0,0,0,0,0
2350,13,64e4c480cb1b181e,1.570961,19.280298,1,14654,1,1,0,0,1,0,0,0,0,0,0,0,0,1
2351,13,7ee1e2f37de87e6a,1.181385,17.979561,1,14274,1,1,0,0,0,0,0,0,0,0,0,0,0,1
2352,13,bb335eb9a9a763a4,1.931184,16.986216,1,14347,1,0,0,0,1,0,0,0,0,0,0,0,0,0
2353,13,0fa3f8bff32213c1,1.450826,19.718798,1,14276,1,1,0,0,1,0,0,0,0,0,0,0,0,1
2354,13,24c2fb866adefc4a,1.091042,18.309319,1,14185,1,1,0,0,0,0,0,0,0,0,0,0,0,1
2355,13,dd0bd3e67ab11c31,2.906966,20.0,1,14193,2,0,0,0,1,0,0,0,0,0,0,0,0,1
2356,13,c6c9b0f8b4506f3e,2.183895,19.039594,1,14196,1,1,0,0,1,0,0,0,0,0,0,0,0,0
2357,13,aff6f4a1abb08a4b,1.640678,20.0,1,14134,1,1,0,0,1,0,0,0,0,0,0,0,0,1
2358,13,723fa851fc413d56,2.277964,15.988894,0,14134,1,0,0,0,0,0,0,0,0,0,0,0,0,0
2359,13,471a06b83de448bc,1.711349,18.969547,1,13994,1,1,0,0,1,0,0,0,0,0,0,0,0,1
2360,13,50c3eb0a0766bc4d,1.285673,17.729956,1,14036,1,1,0,0,1,0,0,0,0,0,0,0,0,0
2361,13,84246d0ce84f795a,0.966844,20.0,1,14245,1,1,0,0,1,0,0,0,0,0,0,0,0,1
2362,13,81cb80826c9cde6d,1.770007,18.725106,1,14189,1,0,0,0,0,0,0,0,0,0,0,0,0,1
2363,13,df7a4b8304b845f9,1.32974,17.546316,1,14151,1,1,0,0,1,0,0,0,0,0,0,0,0,0
2364,13,511afb63746af33a,0.998984,20.0,1,14144,1,1,0,0,1,0,0,0,0,0,0,0,0,1
2365,13,e90078e6257eef07,0.75125,18.625753,1,13785,1,1,0,0,1,0,0,0,0,0,0,0,0,0
2366,13,87118e9185450adf,1.60804,17.471677,1,13980,1,0,0,0,0,0,0,0,0,0,0,0,0,1
2367,13,99660e4c5f39c7d5,1.20806,16.604662,1,14030,1,1,0,0,1,0,0,0,0,0,0,0,0,0
2368,13,855c59113a6b9412,0.908478,19.447946,1,13447,1,1,0,0,1,0,0,0,0,0,0,0,0,1
2369,13,e9e6bd18f5733516,0.682506,18.089359,1,13310,1,1,0,0,1,0,0,0,0,0,0,0,0,0
2370,13,89dc5f9c34aa8a37,1.556394,17.068704,1,13021,1,0,0,0,0,0,0,0,0,0,0,0,0,1
2371,13,1f2a8662438c87e0,1.169261,16.301924,1,13694,1,1,0,0,1,0,0,0,0,0,0,0,0,0
2372,13,44248020b30f5e37,0.879301,19.220282,1,13657,1,1,0,0,1,0,0,0,0,0,0,0,0,1
2373,13,ccfbb9ca61e901bb,1.704239,20.0,1,13427,2,1,0,0,1,0,0,0,0,0,0,0,0,1
2374,13,c1727fc601bf3708,1.280331,20.0,1,13517,1,1,0,0,1,0,0,0,0,0,0,0,0,1
2375,13,f82a4a6b477e9ab2,0.962827,20.0,1,13383,1,1,0,0,1,0,0,0,0,0,0,0,0,0
2376,13,d0858715cfb5a9a5,0.723336,20.0,1,13446,1,1,0,0,1,0,0,0,0,0,0,0,0,1
2377,13,73d3c0fa442c8739,2.630722,20.0,1,13653,2,0,0,0,0,0,0,0,0,0,0,0,0,1
2378,13,4cbc716514f0fd8f,1.976363,18.839216,1,13321,1,1,0,0,1,0,0,0,0,0,0,0,0,0
2379,13,19cdd5bbc16a0367,1.486253,20.0,1,13839,1,1,0,0,1,0,0,0,0,0,0,0,0,1
2380,13,888683a4ba7db3b8,1.116567,20.0,1,13765,1,1,0,0,1,0,0,0,0,0,0,0,0,1
2381,13,51d268e27a0c77c6,0.838835,20.0,1,13683,1,1,0,0,1,0,0,0,0,0,0,0,0,0
2382,13,0da9cb9f2cef4df0,0.630816,20.0,1,13597,1,1,0,0,1,0,0,0,0,0,0,0,0,1
2383,13,b1c4b74d235d380a,1.517562,16.885037,0,13734,1,0,0,0,0,0,0,0,0,0,0,0,0,0
2384,13,35bc761428654bf1,1.140087,19.642786,1,13908,1,1,0,0,1,0,0,0,0,0,0,0,0,1
2385,13,40a6f885964371d2,0.856505,20.0,1,13770,1,1,0,0,1,0,0,0,0,0,0,0,0,1
2386,13,004a0f1c3d9c7ec1,1.688254,20.0,1,13704,2,1,0,0,1,0,0,0,0,0,0,0,0,1
2387,13,57a8215a47cd65c9,2.311976,20.0,1,13904,1,0,0,0,0,0,0,0,0,0,0,0,0,1
2388,13,e5307e1506744cf0,1.736901,19.237524,1,13891,1,1,0,0,1,0,0,0,0,0,0,0,0,0
2389,13,af6cf7ba77acb31c,1.306174,20.0,1,13909,1,1,0,0,1,0,0,0,0,0,0,0,0,1
2390,13,e75ffd3b79cbc3fe,0.98128,20.0,1,13750,1,1,0,0,1,0,0,0,0,0,0,0,0,1
2391,13,618037fe03149b0f,1.780852,20.0,1,13823,2,1,0,0,1,0,0,0,0,0,0,0,0,1
2392,13,c7c8b9e76ac6f376,2.381541,18.239566,0,13909,1,0,0,0,0,0,0,0,0,0,0,0,0,0
2393,13,b84ab68b218af8fe,1.790953,20.0,1,13838,1,1,0,0,1,0,0,0,0,0,0,0,0,1
2394,13,19c7606633ccb703,1.345476,19.013015,1,13654,1,1,0,0,1,0,0,0,0,0,0,0,0,0
2395,13,7e4a31a5a8782e2f,2.054459,17.762612,1,13976,1,0,0,0,0,0,0,0,0,0,0,0,0,1
2396,13,c0d75b6e2cb62c0b,2.589133,20.0,1,13850,2,1,0,0,1,0,0,0,0,0,0,0,0,1
2397,13,bf996fafa960607b,1.945119,20.0,1,13868,1,1,0,0,1,0,0,0,0,0,0,0,0,1
2398,13,8000b8d1a6305cee,1.461295,20.0,1,13972,1,1,0,0,1,0,0,0,0,0,0,0,0,1
2399,13,ecdf58baf0f6ee4e,1.097816,20.0,1,13729,1,1,0,0,1,0,0,0,0,0,0,0,0,0
2400,13,9c8bfb98c14d6ba9,1.869724,19.45939,1,13858,1,0,0,0,0,0,0,0,0,0,0,0,0,1
2401,13,dcf1ee1dec3cd8ef,1.404654,20.0,1,13800,1,1,0,0,1,0,0,0,0,0,0,0,0,1
2402,13,f92777b7794fb720,2.098917,19.688689,1,13922,2,1,0,0,1,0,0,0,0,0,0,0,0,0
2403,13,a4ac73f817464b9d,1.578416,20.0,1,13952,1,1,0,0,1,0,0,0,0,0,0,0,0,1
2404,13,1b53ac7150e1a61c,2.229458,19.831712,1,14156,1,0,0,0,0,0,0,0,0,0,0,0,0,1
2405,13,6a60be2beec9faea,1.674908,18.377668,1,14113,1,1,0,0,1,0,0,0,0,0,0,0,0,0
2406,13,b666151254508d0e,1.258296,20.0,1,14298,1,1,0,0,1,0,0,0,0,0,0,0,0,1
2407,13,ca25d431ed80dda5,1.990407,20.0,1,14061,2,1,0,0,1,0,0,0,0,0,0,0,0,1
2408,13,02bdd2d7d5015ced,1.495318,20.0,1,14271,1,1,0,0,1,0,0,0,0,0,0,0,0,0
2409,13,663e30c8bbbdcf15,2.16703,18.834127,1,14288,1,0,0,0,0,0,0,0,0,0,0,0,0,1
2410,13,88944a25d078a166,1.629638,20.0,1,14267,1,1,0,0,1,0,0,0,0,0,0,0,0,1
2411,13,955899c506057723,1.224286,19.348918,1,14117,1,1,0,0,1,0,0,0,0,0,0,0,0,0
2412,13,065cf94428147bfa,0.91976,20.0,1,14267,1,1,0,0,1,0,0,0,0,0,0,0,0,1
2413,13,004be452ed84eaaa,1.734635,19.626339,1,14214,2,1,0,0,0,0,0,0,0,0,0,0,0,1
2414,13,ed29b52fdfffef5d,2.348621,20.0,1,14067,1,0,0,0,1,0,0,0,0,0,0,0,0,1
2415,13,9466d34ff80a7f50,1.764431,19.796486,1,14148,1,1,0,0,1,0,0,0,0,0,0,0,0,0
2416,13,b0ffc4c8ed03a4ac,1.325551,20.0,1,14218,1,1,0,0,1,0,0,0,0,0,0,0,0,1
2417,13,8af50ae6b3278f7c,2.040984,20.0,1,14053,2,1,0,0,1,0,0,0,0,0,0,0,0,1
2418,13,2c6ee613a41c1c94,2.576968,20.0,1,14379,1,0,0,0,0,0,0,0,0,0,0,0,0,1
2419,13,66469db9a2776722,1.93598,19.286533,1,14276,1,1,0,0,1,0,0,0,0,0,0,0,0,0
2420,13,6780db5ee5c664cb,1.454429,20.0,1,14289,1,1,0,0,1,0,0,0,0,0,0,0,0,1
2421,13,ab3dc6d2da30ef85,3.182053,19.608907,1,14227,2,0,0,0,0,0,0,0,0,0,0,0,0,1
2422,13,1bcead1ead7550a3,2.390557,20.0,1,14189,1,1,0,0,1,0,0,0,0,0,0,0,0,1
2423,13,2ffbc17a66855630,1.795936,20.0,1,14357,1,1,0,0,1,0,0,0,0,0,0,0,0,1
2424,13,af0639c70bcc98f9,2.39472,17.485775,0,13875,1,0,0,0,0,0,0,0,0,0,0,0,0,0
2425,13,e6114d523ca6cd06,2.842717,20.0,1,14030,2,1,0,0,1,0,0,0,0,0,0,0,0,1
2426,13,93d2db69219a9416,2.135627,18.574789,1,14028,1,1,0,0,0,0,0,0,0,0,0,0,0,1
2427,13,bc8f013cef7b31d6,2.64807,20.0,1,14173,1,0,0,0,1,0,0,0,0,0,0,0,0,1
2428,13,21a8398e5f9d829d,1.991386,20.0,1,14073,1,1,0,0,1,0,0,0,0,0,0,0,0,1
2429,13,de2edf6cf2984000,2.539708,17.044121,0,14191,1,0,0,0,0,0,0,0,0,0,0,0,0,0
2430,13,e02c9286f9f4ef90,1.907987,19.7623,1,14162,1,1,0,0,1,0,0,0,0,0,0,0,0,1
2431,13,f55af22ad41f95df,2.478984,14.861531,0,13991,1,0,0,0,0,0,0,0,0,0,0,0,0,0
2432,13,cc978a7f98cf7016,1.862368,18.122602,1,14410,1,1,0,0,1,0,0,0,0,0,0,0,0,1
2433,13,2bff42f374a83beb,1.399128,20.0,1,14114,1,1,0,0,1,0,0,0,0,0,0,0,0,1
2434,13,7231c96a80d0d8cd,3.138419,18.934212,1,14090,2,0,0,0,0,0,0,0,0,0,0,0,0,1
2435,13,ab7294611b3be90d,2.360136,17.719299,1,14189,1,1,0,0,1,0,0,0,0,0,0,0,0,0
2436,13,4be0051077acec50,2.816735,16.790691,1,14084,1,0,0,0,0,0,0,0,0,0,0,0,0,1
2437,13,bcb6480adc97bee4,2.116108,16.093063,1,14239,1,1,0,0,1,0,0,0,0,0,0,0,0,0
2438,13,b2773cdfee038acb,2.635494,15.582715,1,14094,1,0,0,0,0,0,0,0,0,0,0,0,0,1
2439,13,4a255ef6e890d206,1.979948,15.185555,1,14163,1,1,0,0,1,0,0,0,0,0,0,0,0,0
2440,14,1fd48474a6be9a50,1.487461,18.366029,1,14077,1,1,0,0,1,0,0,0,0,0,0,0,0,1
2441,14,530e0ea8d92a6d51,2.161127,17.276556,1,13972,1,0,0,0,0,0,0,0,0,0,0,0,0,1
2442,14,9d91a06f605c6d81,1.625198,16.472718,1,14204,1,1,0,0,1,0,0,0,0,0,0,0,0,0
2443,14,1bedfd585b1aa4b9,1.220951,19.333026,1,14287,1,1,0,0,1,0,0,0,0,0,0,0,0,1
2444,14,26a9669cba5af3ef,0.917255,18.003024,1,14101,1,1,0,0,1,0,0,0,0,0,0,0,0,0
2445,14,4f55c5e4b2d3c044,1.733939,17.019033,1,14137,1,0,0,0,0,0,0,0,0,0,0,0,0,1
2446,14,429a6cfc04b09590,1.302644,16.264607,1,14120,1,1,0,0,1,0,0,0,0,0,0,0,0,0
2447,14,bfd1095e82cc3b3f,0.978627,19.176681,1,14078,1,1,0,0,1,0,0,0,0,0,0,0,0,1
2448,14,e8a24dfe484cb614,1.77886,14.406723,0,13981,1,0,0,0,0,0,0,0,0,0,0,0,0,0
2449,14,a8eb40163c807ab7,1.337728,17.795065,1,13916,1,1,0,0,1,0,0,0,0,0,0,0,0,1
2450,14,b734eb68cadec0ba,2.048638,16.847611,1,14022,1,0,0,0,0,0,0,0,0,0,0,0,0,1
2451,14,03ed9d518f369873,1.539065,16.135825,1,14089,1,1,0,0,1,0,0,0,0,0,0,0,0,0
2452,14,cd43fcebe8f5e6e6,1.157399,19.095374,1,13920,1,1,0,0,1,0,0,0,0,0,0,0,0,1
2453,14,338e1a6d9a9334b5,0.869511,20.0,1,14039,1,1,0,0,1,0,0,0,0,0,0,0,0,1
2454,14,f71f04d2a5841727,1.696884,16.004395,0,13849,1,0,0,0,0,0,0,0,0,0,0,0,0,0
2455,14,dab4ff966e399802,1.274806,18.981193,1,14135,1,1,0,0,1,0,0,0,0,0,0,0,0,1
2456,14,339e340883d8ecaf,2.002823,20.0,1,13771,2,1,0,0,1,0,0,0,0,0,0,0,0,1
2457,14,0f3eea50b2030a66,1.504646,15.95316,0,14126,1,1,0,0,0,0,0,0,0,0,0,0,0,0
2458,14,157d3461e0a7f335,1.130384,18.942702,1,14049,1,1,0,0,1,0,0,0,0,0,0,0,0,1
2459,14,f1991b9aba19249f,1.894215,20.0,1,13946,1,0,0,0,1,0,0,0,0,0,0,0,0,1
2460,14,f0cae4ef532c2023,1.423053,19.410259,1,13937,1,1,0,0,1,0,0,0,0,0,0,0,0,0
2461,14,7630abeab872e6cf,1.069087,20.0,1,14115,1,1,0,0,1,0,0,0,0,0,0,0,0,1
2462,14,253c29c9cd31f14d,2.890472,19.660959,1,14009,2,0,0,0,0,0,0,0,0,0,0,0,0,1
2463,14,1bcd43f2b236da2a,2.173676,18.265823,1,13950,1,1,0,0,1,0,0,0,0,0,0,0,0,0
2464,14,190012cb2cd5517d,1.633001,20.0,1,13919,1,1,0,0,1,0,0,0,0,0,0,0,0,1
2465,14,752285f96761bfac,1.226813,19.015045,1,13833,1,1,0,0,1,0,0,0,0,0,0,0,0,0
2466,14,8ce008444b943984,1.966731,17.780087,1,13991,1,0,0,0,0,0,0,0,0,0,0,0,0,1
2467,14,815cbd6616cc478f,1.477532,16.836359,1,13877,1,1,0,0,1,0,0,0,0,0,0,0,0,0
2468,14,ea182be542b69bac,1.110014,19.606216,1,13998,1,1,0,0,1,0,0,0,0,0,0,0,0,1
2469,14,98558a7fe6a345e2,0.833912,18.208262,1,13948,1,1,0,0,1,0,0,0,0,0,0,0,0,0
2470,14,ea40987dff05550d,0.627114,20.0,1,14034,1,1,0,0,1,0,0,0,0,0,0,0,0,1
2471,14,bd84d51435d6859a,1.514781,15.516485,0,13996,1,0,0,0,0,0,0,0,0,0,0,0,0,0
2472,14,b3773e59edaae1a5,1.137998,18.614644,1,14070,1,1,0,0,1,0,0,0,0,0,0,0,0,1
2473,14,ef03f0f6b8ee73d8,1.899941,20.0,1,13970,2,1,0,0,1,0,0,0,0,0,0,0,0,1
2474,14,5b5e71f08e7b859a,1.427355,20.0,1,13972,1,1,0,0,1,0,0,0,0,0,0,0,0,1
2475,14,74c8ee075a14494b,2.115972,20.0,1,13819,1,0,0,0,0,0,0,0,0,0,0,0,0,1
2476,14,2db1e7caff6c7193,1.58965,18.906273,1,14037,1,1,0,0,1,0,0,0,0,0,0,0,0,0
2477,14,f8298b588a1d819b,1.19544,20.0,1,14003,1,1,0,0,1,0,0,0,0,0,0,0,0,1
2478,14,c33422a156a65495,0.898089,19.389678,1,13974,1,1,0,0,1,0,0,0,0,0,0,0,0,0
2479,14,67675728d602d91d,1.718354,18.045585,1,14043,1,0,0,0,0,0,0,0,0,0,0,0,0,1
2480,14,0fbb313bc3acb09f,1.292227,17.051038,1,13910,1,1,0,0,1,0,0,0,0,0,0,0,0,0
2481,14,0433c0352374962e,0.970802,19.767497,1,13950,1,1,0,0,1,0,0,0,0,0,0,0,0,1
2482,14,82139217e3d3c37e,0.729327,18.329426,1,13956,1,1,0,0,1,0,0,0,0,0,0,0,0,0
2483,14,67c0f5ab729a15db,1.59157,17.249057,1,13837,1,0,0,0,0,0,0,0,0,0,0,0,0,1
2484,14,5ca54fe8b527b909,2.241033,19.93254,1,14091,2,1,0,0,1,0,0,0,0,0,0,0,0,1
2485,14,37711dbb721070dd,1.683605,18.453417,1,13761,1,1,0,0,1,0,0,0,0,0,0,0,0,0
2486,14,4c07353b12ddaa1c,1.264829,20.0,1,14075,1,1,0,0,1,0,0,0,0,0,0,0,0,1
2487,14,89d565ff7b51dafa,0.95117,19.138229,1,13884,1,1,0,0,0,0,0,0,0,0,0,0,0,1
2488,14,a465d8a380f823a0,1.758232,17.856681,1,13908,1,0,0,0,1,0,0,0,0,0,0,0,0,0
2489,14,bfa25ee87f069a13,1.320894,20.0,1,13940,1,1,0,0,1,0,0,0,0,0,0,0,0,1
2490,14,b9a1d420ef9928a4,2.035991,20.0,1,13853,2,1,0,0,1,0,0,0,0,0,0,0,0,1
2491,14,e4bda5eede26b424,1.531095,20.0,1,13932,1,1,0,0,1,0,0,0,0,0,0,0,0,1
2492,14,799efb9142cfb760,1.150254,20.0,1,14091,1,1,0,0,1,0,0,0,0,0,0,0,0,1
2493,14,ed81fcbadbd00d60,1.907796,18.604961,0,14010,1,0,0,0,0,0,0,0,0,0,0,0,0,0
2494,14,c7014b238bc4027b,1.43469,20.0,1,13985,1,1,0,0,1,0,0,0,0,0,0,0,0,1
2495,14,9209e303023c528a,3.165136,19.219449,1,13976,2,0,0,0,0,0,0,0,0,0,0,0,0,1
2496,14,bf1e7e86fac04411,2.377848,20.0,1,14030,1,1,0,0,1,0,0,0,0,0,0,0,0,1
2497,14,17f0c877ea9aae17,1.786388,19.553267,1,13970,1,1,0,0,1,0,0,0,0,0,0,0,0,0
2498,14,1eecdd2d4ae6f253,1.34339,20.0,1,13819,1,1,0,0,1,0,0,0,0,0,0,0,0,1
2499,14,fae87ca8f93f4b38,1.009238,16.276359,0,13974,1,1,0,0,0,0,0,0,0,0,0,0,0,0
2500,14,ca5aa0272cac9717,2.84551,19.185509,1,14109,2,0,0,0,1,0,0,0,0,0,0,0,0,1
2501,14,383c3a634b8249ca,2.139864,20.0,1,13925,1,1,0,0,1,0,0,0,0,0,0,0,0,1
2502,14,662814a050cefa9f,1.6076,20.0,1,13867,1,1,0,0,1,0,0,0,0,0,0,0,0,1
2503,14,cee691eb38681aff,2.251383,20.0,1,13958,1,0,0,0,0,0,0,0,0,0,0,0,0,1
2504,14,b1d73b7f9848b7fe,2.735033,20.0,1,13967,2,1,0,0,1,0,0,0,0,0,0,0,0,1
2505,14,81ca135c74ecc980,2.056784,20.0,1,13847,1,1,0,0,1,0,0,0,0,0,0,0,0,0
2506,14,3be0b65ab8fdefe1,1.545185,20.0,1,13849,1,1,0,0,1,0,0,0,0,0,0,0,0,1
2507,14,18211b07f5208b8a,1.16084,16.769683,0,13835,1,1,0,0,0,0,0,0,0,0,0,0,0,0
2508,14,15813e1fd739b215,1.917118,19.572044,1,13814,1,0,0,0,1,0,0,0,0,0,0,0,0,1
2509,14,dfce7687d860af37,1.440259,20.0,1,13882,1,1,0,0,1,0,0,0,0,0,0,0,0,1
2510,14,86893995d58bfbd6,1.082013,19.75227,1,13836,1,1,0,0,1,0,0,0,0,0,0,0,0,0
2511,14,85e98c7e99f1cac8,1.856529,18.317987,1,13803,1,0,0,0,0,0,0,0,0,0,0,0,0,1
2512,14,5e8c48f384765fd7,2.440287,20.0,1,13897,2,1,0,0,1,0,0,0,0,0,0,0,0,1
2513,14,e300a801df3d6d86,1.833296,15.578475,0,13929,1,1,0,0,0,0,0,0,0,0,0,0,0,0
2514,14,8d1619abddd3d114,2.42094,18.661215,1,13991,1,0,0,0,1,0,0,0,0,0,0,0,0,1
2515,14,a3614d043fd9dcd2,1.820582,17.514001,1,13912,1,1,0,0,1,0,0,0,0,0,0,0,0,0
2516,14,cb581d3857e4fad5,2.411388,16.636459,1,14049,1,0,0,0,0,0,0,0,0,0,0,0,0,1
2517,14,b70a28a23c57229b,1.811586,15.977194,1,13920,1,1,0,0,1,0,0,0,0,0,0,0,0,0
2518,14,d9bb782a96eed06b,1.360977,15.481913,1,13791,1,1,0,0,0,0,0,0,0,0,0,0,0,1
2519,14,d6586e229bdcafef,2.067624,15.123121,1,13941,1,0,0,0,1,0,0,0,0,0,0,0,0,0
2520,14,38e915bcb37dbc32,1.553329,18.319125,1,13859,1,1,0,0,1,0,0,0,0,0,0,0,0,1
2521,14,a4837e74142c511e,3.254265,17.241318,1,14105,2,0,0,0,0,0,0,0,0,0,0,0,0,1
2522,14,1561318a2cabaaa2,2.447253,16.446219,1,13926,1,1,0,0,1,0,0,0,0,0,0,0,0,0
2523,14,660c3a5967c64bf1,1.83853,19.313118,1,14052,1,1,0,0,1,0,0,0,0,0,0,0,0,1
2524,14,5d8aaf760c990c2a,2.424872,14.509224,0,13941,1,0,0,0,0,0,0,0,0,0,0,0,0,0
2525,14,4e1f0f9435993f00,1.821716,17.857926,1,13802,1,1,0,0,1,0,0,0,0,0,0,0,0,1
2526,14,36666632dd281844,1.369956,13.429415,0,13794,1,1,0,0,0,0,0,0,0,0,0,0,0,0
2527,14,4397969a21d3bc4f,2.07285,17.046707,1,13884,1,0,0,0,1,0,0,0,0,0,0,0,0,1
2528,14,e7d78d80a862534a,1.557255,19.764243,1,13819,1,1,0,0,1,0,0,0,0,0,0,0,0,1
2529,14,8a148944508e3cf8,3.259379,18.343494,1,13779,2,0,0,0,0,0,0,0,0,0,0,0,0,1
2530,14,6c5e111229163437,2.44865,17.259626,1,13591,1,1,0,0,1,0,0,0,0,0,0,0,0,0
2531,14,ba8841c9c19502b1,2.883232,16.445356,1,13799,1,0,0,0,0,0,0,0,0,0,0,0,0,1
2532,14,245ad75c33c1c5b6,2.166065,15.833626,1,13778,1,1,0,0,1,0,0,0,0,0,0,0,0,0
2533,14,525b6810f4e31690,1.628911,18.868116,1,13942,1,1,0,0,1,0,0,0,0,0,0,0,0,1
2534,14,ad35f1b018a11d13,1.22374,20.0,1,13985,1,1,0,0,1,0,0,0,0,0,0,0,0,1
2535,14,c277e1074930b4d1,1.963004,15.876132,0,13756,1,0,0,0,0,0,0,0,0,0,0,0,0,0
2536,14,62b4e890cdefbe6a,1.476207,18.900081,1,13882,1,1,0,0,1,0,0,0,0,0,0,0,0,1
2537,14,e4f75db643d598b7,1.109019,20.0,1,13857,1,1,0,0,1,0,0,0,0,0,0,0,0,1
2538,14,cd1814f00dd9d4c9,0.833164,19.373017,1,13795,1,1,0,0,1,0,0,0,0,0,0,0,0,0
2539,14,a6fd9f1fcc63c592,1.669579,18.033068,1,13666,1,0,0,0,0,0,0,0,0,0,0,0,0,1
2540,14,d9970d849c2cd359,1.255547,17.041626,1,13848,1,1,0,0,1,0,0,0,0,0,0,0,0,0
2541,14,ed7384511cb4feb7,0.943245,19.760425,1,13560,1,1,0,0,1,0,0,0,0,0,0,0,0,1
2542,14,38b565cbcded0ee7,-0.335028,18.324113,1,13748,0,1,0,0,1,0,0,0,0,0,0,0,0,0
2543,14,da299a1f18dbb076,0.792204,13.779995,0,13676,1,0,0,0,0,0,0,0,0,0,0,0,0,0
2544,14,cc06a27c8f7c0b9a,1.638807,17.310084,1,13703,2,1,0,0,1,0,0,0,0,0,0,0,0,1
2545,14,70c5553916a9ec10,1.231174,16.483263,1,13716,1,1,0,0,0,0,0,0,0,0,0,0,0,1
2546,14,b92aa1e7dfef7e0f,1.968589,15.862104,1,13859,1,0,0,0,1,0,0,0,0,0,0,0,0,0
2547,14,32da3616981a64d6,1.480407,18.889532,1,13576,1,1,0,0,1,0,0,0,0,0,0,0,0,1
2548,14,5ce9d073150c7fec,1.112174,17.669844,1,13769,1,1,0,0,1,0,0,0,0,0,0,0,0,0
2549,14,31ea2098222dda4b,0.835535,20.0,1,13805,1,1,0,0,1,0,0,0,0,0,0,0,0,1
2550,14,57ece583ab11a61a,0.628334,15.21504,0,13690,1,1,0,0,0,0,0,0,0,0,0,0,0,0
2551,14,eb849129bd5cc271,1.515697,18.38818,1,13624,1,0,0,0,1,0,0,0,0,0,0,0,0,1
2552,14,185b14ebde695980,1.138687,20.0,1,13672,1,1,0,0,1,0,0,0,0,0,0,0,0,1
2553,14,a63e52348e115266,0.855453,15.605258,0,13613,1,1,0,0,0,0,0,0,0,0,0,0,0,0
2554,14,b4290370a203ce6f,0.643313,15.215878,1,13539,0,0,0,0,1,0,0,0,0,0,0,0,0,0
2555,14,23248fda9f400b9e,1.52695,18.388809,1,13647,2,1,0,0,1,0,0,0,0,0,0,0,0,1
2556,14,355a8bd9aca035a6,0.103487,17.29367,1,13625,0,1,0,0,1,0,0,0,0,0,0,0,0,0
2557,14,481cbad08152f8d0,0.077824,19.966089,1,13453,1,1,0,0,1,0,0,0,0,0,0,0,0,1
2558,14,cd49e4825720a7c5,1.10212,20.0,1,13619,2,1,0,0,1,0,0,0,0,0,0,0,0,1
2559,14,1b5e2e7e746bf5e7,1.871635,16.495823,0,13552,1,0,0,0,0,0,0,0,0,0,0,0,0,0
2560,14,0da4a7c234f82be9,1.406089,19.350384,1,13563,1,1,0,0,1,0,0,0,0,0,0,0,0,1
2561,14,e514c070df0f175c,1.057399,20.0,1,13361,1,1,0,0,1,0,0,0,0,0,0,0,0,1
2562,14,92a451b0b4c59df0,0.794384,19.640583,1,13683,1,1,0,0,1,0,0,0,0,0,0,0,0,0
2563,14,4f90b5b3ff25a0dc,0.596791,20.0,1,13616,1,1,0,0,1,0,0,0,0,0,0,0,0,1
2564,14,498e991e871ad8ff,1.492946,16.328429,0,13571,1,0,0,0,0,0,0,0,0,0,0,0,0,0
2565,14,d01f2eeea99c73c0,1.121595,19.224627,1,13603,1,1,0,0,1,0,0,0,0,0,0,0,0,1
2566,14,f94c84e53288c031,0.842612,17.921588,1,13627,1,1,0,0,1,0,0,0,0,0,0,0,0,0
2567,14,80cb97b0f9b6f28d,0.633023,16.942664,1,13680,1,1,0,0,0,0,0,0,0,0,0,0,0,1
2568,14,ad75d928bcec0a76,1.520193,19.702128,1,13445,1,0,0,0,1,0,0,0,0,0,0,0,0,1
2569,14,0321dac97e30fa51,1.142064,18.280317,1,13579,1,1,0,0,1,0,0,0,0,0,0,0,0,0
2570,14,3cba4131db78011b,1.901643,20.0,1,13520,2,1,0,0,1,0,0,0,0,0,0,0,0,1
2571,14,dfc1dfd166be4118,1.430063,15.559933,0,13355,1,1,0,0,0,0,0,0,0,0,0,0,0,0
2572,14,311738e65f55fbb9,2.118006,18.647285,1,13539,1,0,0,0,1,0,0,0,0,0,0,0,0,1
2573,14,47052bb7d466b9cd,1.591179,17.487853,1,13334,1,1,0,0,1,0,0,0,0,0,0,0,0,0
2574,14,49bab70b85936bf8,1.195393,20.0,1,13200,1,1,0,0,1,0,0,0,0,0,0,0,0,1
2575,14,269c3828c974022c,0.898953,15.112222,0,13159,1,1,0,0,0,0,0,0,0,0,0,0,0,0
2576,14,5cfbb9c8f4b0d23c,1.719003,18.310936,1,13125,1,0,0,0,1,0,0,0,0,0,0,0,0,1
2577,14,c54f315cc56e74eb,1.291423,17.235167,1,13102,1,1,0,0,1,0,0,0,0,0,0,0,0,0
2578,14,f0823e845fb50855,0.971168,19.922094,1,12916,1,1,0,0,1,0,0,0,0,0,0,0,0,1
2579,14,653386780ab5b5d0,1.773256,18.445569,1,12773,1,0,0,0,0,0,0,0,0,0,0,0,0,1
2580,14,893109b53b610599,1.332181,17.336311,1,12791,1,1,0,0,1,0,0,0,0,0,0,0,0,0
2581,14,5258bc716d22ba3e,1.000818,19.981812,1,12817,1,1,0,0,1,0,0,0,0,0,0,0,0,1
2582,14,b1e44d83bb0f1646,0.752629,15.026607,0,12830,1,1,0,0,0,0,0,0,0,0,0,0,0,0
2583,14,607fb9beb7f9e44f,1.609075,18.246617,1,12924,1,0,0,0,1,0,0,0,0,0,0,0,0,1
2584,14,daec6e00c2d99a07,1.208838,17.186846,1,13065,1,1,0,0,1,0,0,0,0,0,0,0,0,0
2585,14,658b74788c131940,0.909064,19.885756,1,13070,1,1,0,0,1,0,0,0,0,0,0,0,0,1
2586,14,8386adfb031c592c,1.726599,18.41827,1,13125,1,0,0,0,0,0,0,0,0,0,0,0,0,1
2587,14,7ab3313993b3c74f,1.297129,17.315802,1,13144,1,1,0,0,1,0,0,0,0,0,0,0,0,0
2588,14,c588a6b5240198a8,0.974485,19.966404,1,13362,1,1,0,0,1,0,0,0,0,0,0,0,0,1
2589,14,e3c320a0f39bb143,1.776977,15.01502,0,13225,1,0,0,0,0,0,0,0,0,0,0,0,0,0
2590,14,9f1843c5a2925704,1.334976,18.237913,1,13206,1,1,0,0,1,0,0,0,0,0,0,0,0,1
2591,14,09d77e4589bde218,1.002918,17.180306,1,13216,1,1,0,0,1,0,0,0,0,0,0,0,0,0
2592,14,688b468a0a5425c1,1.798359,19.880839,1,14440,2,1,0,0,1,0,0,0,0,0,0,0,0,1
2593,14,9d7276ac17b24012,2.394693,18.414575,1,14068,1,0,0,0,0,0,0,0,0,0,0,0,0,1
2594,14,3615a198b8fa5bff,1.799043,20.0,1,13841,1,1,0,0,1,0,0,0,0,0,0,0,0,1
2595,14,417baf4d875cff54,1.351554,19.099,1,13629,1,1,0,0,1,0,0,0,0,0,0,0,0,0
2596,14,53083666c63fb1ff,2.060538,17.843222,1,13387,1,0,0,0,0,0,0,0,0,0,0,0,0,1
2597,14,6c8e52bdce72bb20,1.548006,16.88379,1,14345,1,1,0,0,1,0,0,0,0,0,0,0,0,0
2598,14,3bed6cf4ad43d235,1.162959,16.163005,1,14032,1,1,0,0,0,0,0,0,0,0,0,0,0,1
2599,14,5ef7525cdeec14a9,1.918712,19.115813,1,13785,1,0,0,0,1,0,0,0,0,0,0,0,0,1
2600,14,aa81c972dfde668b,1.441457,17.839841,1,13652,1,1,0,0,1,0,0,0,0,0,0,0,0,0
2601,14,319327dd03aa9cec,2.126566,16.88125,1,13582,1,0,0,0,0,0,0,0,0,0,0,0,0,1
2602,14,85d06ec888017552,1.597609,19.639941,1,13309,1,1,0,0,1,0,0,0,0,0,0,0,0,1
2603,14,bdb24d5ac30b85f3,2.245576,14.769516,0,14061,1,0,0,0,0,0,0,0,0,0,0,0,0,0
2604,14,2dcb95ec6870e32c,2.73067,18.053474,1,13630,2,1,0,0,1,0,0,0,0,0,0,0,0,1
2605,14,3e9ba9bc63e14dfe,2.051451,20.0,1,13867,1,1,0,0,1,0,0,0,0,0,0,0,0,1
2606,14,4b81a5da666fb960,2.586871,18.912277,1,13540,1,0,0,0,0,0,0,0,0,0,0,0,0,1
2607,14,75f7874468b1b6b6,1.943419,20.0,1,13434,1,1,0,0,1,0,0,0,0,0,0,0,0,1
2608,14,89aba9213aae64c4,2.503672,15.901056,0,13297,1,0,0,0,0,0,0,0,0,0,0,0,0,0
2609,14,4f6125e84757fce8,1.880915,18.903558,1,12894,1,1,0,0,1,0,0,0,0,0,0,0,0,1
2610,14,6b38d48610b10901,1.414475,14.215745,0,12669,1,1,0,0,0,0,0,0,0,0,0,0,0,0
2611,14,25b0d9917f7bd924,2.106295,17.637447,1,12724,1,0,0,0,1,0,0,0,0,0,0,0,0,1
2612,14,02dedf6ee52961d5,1.582381,20.0,1,12620,1,1,0,0,1,0,0,0,0,0,0,0,0,1
2613,14,77d6eaca9c2a5a77,2.234124,15.196737,0,12772,1,0,0,0,0,0,0,0,0,0,0,0,0,0
2614,14,ae49bfb91e03dd57,1.678413,18.374429,1,12538,1,1,0,0,1,0,0,0,0,0,0,0,0,1
2615,14,abd34b3320d99bd2,2.304583,13.804022,0,12525,1,0,0,0,0,0,0,0,0,0,0,0,0,0
2616,15,1fd48474a6be9a50,1.731347,17.328135,1,13936,1,1,0,0,1,0,0,0,0,0,0,0,0,1
2617,15,530e0ea8d92a6d51,2.346148,13.031004,0,14052,1,0,0,0,0,0,0,0,0,0,0,0,0,0
2618,15,9d91a06f605c6d81,1.762573,16.747395,1,14048,1,1,0,0,1,0,0,0,0,0,0,0,0,1
2619,15,1bedfd585b1aa4b9,1.324155,16.060537,1,14423,1,1,0,0,1,0,0,0,0,0,0,0,0,0
2620,15,26a9669cba5af3ef,2.039934,15.558254,1,14083,1,0,0,0,0,0,0,0,0,0,0,0,0,1
2621,15,4f55c5e4b2d3c044,1.532526,15.167179,1,14180,1,1,0,0,1,0,0,0,0,0,0,0,0,0
2622,15,429a6cfc04b09590,1.15133,18.352224,1,14200,1,1,0,0,1,0,0,0,0,0,0,0,0,1
2623,15,bfd1095e82cc3b3f,1.908604,17.266184,1,14136,1,0,0,0,0,0,0,0,0,0,0,0,0,1
2624,15,e8a24dfe484cb614,1.435298,16.464918,1,13972,1,1,0,0,1,0,0,0,0,0,0,0,0,0
2625,15,a8eb40163c807ab7,1.078285,19.327167,1,14027,1,1,0,0,1,0,0,0,0,0,0,0,0,1
2626,15,b734eb68cadec0ba,0.810076,17.998622,1,13798,1,1,0,0,1,0,0,0,0,0,0,0,0,0
2627,15,03ed9d518f369873,2.697489,17.015722,1,13963,2,0,0,0,0,0,0,0,0,0,0,0,0,1
2628,15,cd43fcebe8f5e6e6,0.98287,19.740965,1,14045,0,1,0,0,1,0,0,0,0,0,0,0,0,1
2629,15,338e1a6d9a9334b5,1.782047,20.0,1,13985,2,1,0,0,1,0,0,0,0,0,0,0,0,1
2630,15,f71f04d2a5841727,1.338785,19.847608,1,13961,1,1,0,0,1,0,0,0,0,0,0,0,0,0
2631,15,dab4ff966e399802,2.050936,18.406186,1,13999,1,0,0,0,0,0,0,0,0,0,0,0,0,1
2632,15,339e340883d8ecaf,1.540791,20.0,1,13950,1,1,0,0,1,0,0,0,0,0,0,0,0,1
2633,15,0f3eea50b2030a66,1.157539,20.0,1,14054,1,1,0,0,1,0,0,0,0,0,0,0,0,1
2634,15,157d3461e0a7f335,0.870486,20.0,1,13878,1,1,0,0,1,0,0,0,0,0,0,0,0,0
2635,15,f1991b9aba19249f,2.74127,18.846524,1,14014,2,0,0,0,0,0,0,0,0,0,0,0,0,1
2636,15,f0cae4ef532c2023,2.059414,20.0,1,14004,1,1,0,0,1,0,0,0,0,0,0,0,0,1
2637,15,7630abeab872e6cf,1.547161,20.0,1,14131,1,1,0,0,1,0,0,0,0,0,0,0,0,1
2638,15,253c29c9cd31f14d,1.163487,20.0,1,14020,1,1,0,0,1,0,0,0,0,0,0,0,0,1
2639,15,1bcd43f2b236da2a,1.917738,18.122857,0,13923,1,0,0,0,0,0,0,0,0,0,0,0,0,0
2640,15,190012cb2cd5517d,1.440725,20.0,1,14044,1,1,0,0,1,0,0,0,0,0,0,0,0,1
2641,15,752285f96761bfac,1.083445,20.0,1,13830,1,1,0,0,1,0,0,0,0,0,0,0,0,1
2642,15,8ce008444b943984,0.813952,20.0,1,13814,1,1,0,0,1,0,0,0,0,0,0,0,0,1
2643,15,815cbd6616cc478f,2.698798,17.887559,0,14028,2,0,0,0,0,0,0,0,0,0,0,0,0,0
2644,15,ea182be542b69bac,2.027506,20.0,1,13837,1,1,0,0,1,0,0,0,0,0,0,0,0,1
2645,15,98558a7fe6a345e2,1.524714,20.0,1,13964,1,1,0,0,1,0,0,0,0,0,0,0,0,1
2646,15,ea40987dff05550d,1.14546,20.0,1,14055,1,1,0,0,1,0,0,0,0,0,0,0,0,0
2647,15,bd84d51435d6859a,1.904195,18.677851,1,13983,2,1,0,0,0,0,0,0,0,0,0,0,0,1
2648,15,b3773e59edaae1a5,1.431982,17.526512,1,14099,0,0,0,0,1,0,0,0,0,0,0,0,0,0
2649,15,5dadae3439224eef,2.119448,20.0,1,13995,2,1,0,0,1,0,0,0,0,0,0,0,0,1
2650,15,bf32681d9402a0dc,1.592262,20.0,1,13885,1,1,0,0,1,0,0,0,0,0,0,0,0,1
2651,15,f7bd4e508f328e99,2.23986,20.0,1,14056,1,0,0,0,0,0,0,0,0,0,0,0,0,1
2652,15,7c7cf98600a1ae76,1.684407,18.569057,1,14031,1,1,0,0,1,0,0,0,0,0,0,0,0,0
2653,15,4330f499d34eea83,1.265432,20.0,1,13889,1,1,0,0,1,0,0,0,0,0,0,0,0,1
2654,15,845cf8bbfb4cdff1,1.994325,20.0,1,13925,2,1,0,0,1,0,0,0,0,0,0,0,0,1
2655,15,b0e135ff280b7893,2.543911,17.044428,0,14037,1,0,0,0,0,0,0,0,0,0,0,0,0,0
2656,15,789d57edeb55ec88,1.911145,19.762531,1,14088,1,1,0,0,1,0,0,0,0,0,0,0,0,1
2657,15,6979b739abf8bb34,1.435772,18.325695,1,14044,1,1,0,0,1,0,0,0,0,0,0,0,0,0
2658,15,c2bea933f494d4c2,1.078642,20.0,1,14134,1,1,0,0,1,0,0,0,0,0,0,0,0,1
2659,15,fc8afc999d432daa,0.811154,19.066071,1,13845,1,1,0,0,0,0,0,0,0,0,0,0,0,1
2660,15,54f85808e32b19ad,1.653043,17.802471,1,14023,1,0,0,0,1,0,0,0,0,0,0,0,0,0
2661,15,fb36f5410e15ae96,1.24187,20.0,1,14020,1,1,0,0,1,0,0,0,0,0,0,0,0,1
2662,15,84816ba9c8e952dd,1.978054,20.0,1,13915,2,1,0,0,1,0,0,0,0,0,0,0,0,1
2663,15,76c0f2d8b913df5d,2.529691,16.716324,0,13934,1,0,0,0,0,0,0,0,0,0,0,0,0,0
2664,15,379263227d5a2182,1.900463,19.516038,1,14040,1,1,0,0,1,0,0,0,0,0,0,0,0,1
2665,15,3d54c4b4e6b2c134,1.427747,20.0,1,13841,1,1,0,0,1,0,0,0,0,0,0,0,0,1
2666,15,0a132d657e0ab93f,1.073686,19.738568,1,14029,1,1,0,0,1,0,0,0,0,0,0,0,0,0
2667,15,0ca8cb191a6821f3,2.893927,18.307693,1,13980,2,0,0,0,0,0,0,0,0,0,0,0,0,1
2668,15,d838c0af6c1f6e31,2.174099,20.0,1,14232,1,1,0,0,1,0,0,0,0,0,0,0,0,1
2669,15,c5f1b9cc089c76e1,1.634953,20.0,1,13990,1,1,0,0,1,0,0,0,0,0,0,0,0,1
2670,15,a84b4c40935e1429,1.228279,20.0,1,13976,1,1,0,0,1,0,0,0,0,0,0,0,0,1
2671,15,12c24a9f707ab663,0.92276,20.0,1,13962,1,1,0,0,1,0,0,0,0,0,0,0,0,0
2672,15,d1623d603cb706ea,1.736889,19.574902,1,14031,1,0,0,0,0,0,0,0,0,0,0,0,0,1
2673,15,2ef6e7dfc3903c46,1.306165,20.0,1,14156,1,1,0,0,1,0,0,0,0,0,0,0,0,1
2674,15,f6d8e5e5d116b8b6,0.981273,19.767427,1,14019,1,1,0,0,1,0,0,0,0,0,0,0,0,0
2675,15,3a4152be0edb5cdd,1.780847,20.0,1,13976,2,1,0,0,1,0,0,0,0,0,0,0,0,1
2676,15,229037c542b3d26a,2.383373,19.880592,1,13975,1,0,0,0,0,0,0,0,0,0,0,0,0,1
2677,15,1baa70ad574dd542,1.790539,18.41439,1,14164,1,1,0,0,1,0,0,0,0,0,0,0,0,0
2678,15,fe2999c8230c21cb,1.345165,20.0,1,13863,1,1,0,0,1,0,0,0,0,0,0,0,0,1
2679,15,5a4e00b217e916ea,2.054226,19.098896,1,13971,1,0,0,0,0,0,0,0,0,0,0,0,0,1
2680,15,2d670e015457bea4,1.544807,17.843143,1,13850,1,1,0,0,1,0,0,0,0,0,0,0,0,0
2681,15,7c3877f890af3431,1.160556,20.0,1,13863,1,1,0,0,1,0,0,0,0,0,0,0,0,1
2682,15,42359bb73286961f,2.959189,18.776486,1,13847,2,0,0,0,0,0,0,0,0,0,0,0,0,1
2683,15,f9c576b63d0ec3f4,2.225352,17.600687,1,13805,1,1,0,0,1,0,0,0,0,0,0,0,0,0
2684,15,7778937d1c31d200,1.671824,20.0,1,13813,1,1,0,0,1,0,0,0,0,0,0,0,0,1
2685,15,fa19488426be1e5e,2.299632,18.639645,1,13969,1,0,0,0,0,0,0,0,0,0,0,0,0,1
2686,15,6128a815417b1164,1.727628,17.482113,1,13919,1,1,0,0,1,0,0,0,0,0,0,0,0,0
2687,15,440638ec1b42ab61,1.299201,20.0,1,13775,1,1,0,0,1,0,0,0,0,0,0,0,0,1
2688,15,b0089a09c9a9ca56,0.976041,18.585084,1,13749,1,1,0,0,0,0,0,0,0,0,0,0,0,1
2689,15,4d030cf729e97403,2.82057,17.441123,1,13872,2,0,0,0,1,0,0,0,0,0,0,0,0,0
2690,15,af15e5f0ad1916ce,2.121109,20.0,1,13862,1,1,0,0,1,0,0,0,0,0,0,0,0,1
2691,15,3638f81de7602669,1.59351,20.0,1,13802,1,1,0,0,1,0,0,0,0,0,0,0,0,1
2692,15,d7dd1851d975b741,2.240798,16.558407,0,13882,1,0,0,0,0,0,0,0,0,0,0,0,0,0
2693,15,b5cf4ebc3c580f16,1.683427,19.397402,1,13861,1,1,0,0,1,0,0,0,0,0,0,0,0,1
2694,15,58a194aa1db78174,1.265961,18.067624,1,13699,1,1,0,0,1,0,0,0,0,0,0,0,0,0
2695,15,c476f5533c8ae5c0,1.994723,17.052375,1,13863,1,0,0,0,0,0,0,0,0,0,0,0,0,1
2696,15,1cd54c89942f20b9,2.542214,19.768501,1,13888,2,1,0,0,1,0,0,0,0,0,0,0,0,1
2697,15,63d8512d1df2a966,2.955932,14.866195,0,13690,1,0,0,0,0,0,0,0,0,0,0,0,0,0
2698,15,7915471971ffab09,2.220681,18.126105,1,13708,1,1,0,0,1,0,0,0,0,0,0,0,0,1
2699,15,d3b0b5e4970362bf,2.711968,13.617465,0,13705,1,0,0,0,0,0,0,0,0,0,0,0,0,0
2700,15,4925b5f8e64e429e,2.0374,17.187982,1,13841,1,1,0,0,1,0,0,0,0,0,0,0,0,1
2701,15,e509cbb09192f5db,1.532154,16.406109,1,13814,1,1,0,0,1,0,0,0,0,0,0,0,0,0
2702,15,a8a2d40c98a915ed,2.194703,15.804141,1,13843,1,0,0,0,0,0,0,0,0,0,0,0,0,1
2703,15,49c2051aa5e1ebc1,1.648799,18.830749,1,13849,1,1,0,0,1,0,0,0,0,0,0,0,0,1
2704,15,d702ed9e82f24b25,2.284071,14.160992,0,13702,1,0,0,0,0,0,0,0,0,0,0,0,0,0
2705,15,f214e47536c492c8,1.715937,17.596313,1,13499,1,1,0,0,1,0,0,0,0,0,0,0,0,1
2706,15,33ac14d0de9d95c4,2.332773,16.698297,1,13593,1,0,0,0,0,0,0,0,0,0,0,0,0,1
2707,15,6f3bf1575a71bb4d,1.752525,16.02365,1,13437,1,1,0,0,1,0,0,0,0,0,0,0,0,0
2708,15,d90a0ddd9f1fba73,1.317924,15.530515,1,13487,1,1,0,0,0,0,0,0,0,0,0,0,0,1
2709,15,0e8d9f5186003278,2.03376,15.14634,1,13661,1,0,0,0,1,0,0,0,0,0,0,0,0,0
2710,15,b92023e98b3cc202,1.527888,18.336568,1,13681,1,1,0,0,1,0,0,0,0,0,0,0,0,1
2711,15,dc16a1f2992f7d17,2.193144,20.0,1,13642,2,1,0,0,1,0,0,0,0,0,0,0,0,1
2712,15,2c00435d50c4a3b3,2.69128,15.588973,0,13624,1,0,0,0,0,0,0,0,0,0,0,0,0,0
2713,15,33deaab6465147f7,2.021858,18.669101,1,13679,1,1,0,0,1,0,0,0,0,0,0,0,0,1
2714,15,42b83afff543466a,0.475293,17.504243,1,13606,0,1,0,0,1,0,0,0,0,0,0,0,0,0
2715,15,bb83f91877406b74,2.445728,16.643942,1,13559,2,0,0,0,0,0,0,0,0,0,0,0,0,1
2716,15,34af298f79c84c53,1.837384,15.982816,1,13713,1,1,0,0,1,0,0,0,0,0,0,0,0,0
2717,15,f266372298c8a9b5,2.424011,15.486136,1,13541,1,0,0,0,0,0,0,0,0,0,0,0,0,1
2718,15,b08e7d5627a488ca,1.822891,18.606799,1,13582,1,1,0,0,1,0,0,0,0,0,0,0,0,1
2719,15,5c71c445b7d924b7,1.36947,17.457437,1,13531,1,1,0,0,1,0,0,0,0,0,0,0,0,0
2720,15,fc50ed93ede180e5,1.028832,16.593964,1,13605,1,1,0,0,0,0,0,0,0,0,0,0,0,1
2721,15,9f42b3c916688a6f,1.816576,15.945269,1,13597,1,0,0,0,1,0,0,0,0,0,0,0,0,0
2722,15,5da00a23d38278f0,1.366091,18.952073,1,13551,1,1,0,0,1,0,0,0,0,0,0,0,0,1
2723,15,079d0658278eddd7,1.026293,17.716829,1,13653,1,1,0,0,1,0,0,0,0,0,0,0,0,0
2724,15,34fc7c6a1e0c0c11,1.814669,16.788836,1,13554,1,0,0,0,0,0,0,0,0,0,0,0,0,1
2725,15,574fe74e8609ac70,1.364657,16.105945,1,13596,1,1,0,0,1,0,0,0,0,0,0,0,0,0
2726,15,7eb4a8c2977b3b9e,1.025216,19.057484,1,13697,1,1,0,0,1,0,0,0,0,0,0,0,0,1
2727,15,06db6edd9dc3a0bd,0.770206,17.79602,1,13615,1,1,0,0,1,0,0,0,0,0,0,0,0,0
2728,15,2a5d0720c8a926ba,1.622281,16.848329,1,13656,1,0,0,0,0,0,0,0,0,0,0,0,0,1
2729,15,17005c124a6e190e,2.264129,19.631187,1,13596,2,1,0,0,1,0,0,0,0,0,0,0,0,1
2730,15,fc54debdd470ece5,0.657302,18.227021,1,13511,0,1,0,0,1,0,0,0,0,0,0,0,0,0
2731,15,4b91129b21e84a36,1.53746,20.0,1,13381,2,1,0,0,1,0,0,0,0,0,0,0,0,1
2732,15,5182188f8c90ec5d,2.200342,15.529823,0,13595,1,0,0,0,0,0,0,0,0,0,0,0,0,0
2733,15,b185eee898353b3e,1.653035,18.624664,1,13415,1,1,0,0,1,0,0,0,0,0,0,0,0,1
2734,15,e880c87a71629f2c,1.241863,20.0,1,15189,1,1,0,0,1,0,0,0,0,0,0,0,0,1
2735,15,b6287ecdce753495,0.932965,19.217573,1,15190,1,1,0,0,1,0,0,0,0,0,0,0,0,0
2736,15,018bcf6112ba84c9,1.745754,17.932391,1,15961,1,0,0,0,0,0,0,0,0,0,0,0,0,1
2737,15,851f5e9740a5c449,2.355173,20.0,1,16217,2,1,0,0,1,0,0,0,0,0,0,0,0,1
2738,15,f318302066d5b4a8,1.769353,18.826857,1,15908,1,1,0,0,0,0,0,0,0,0,0,0,0,1
2739,15,d853d98b9cf39401,2.374729,20.0,1,15986,1,0,0,0,1,0,0,0,0,0,0,0,0,1
2740,15,264b6cedf6b18f72,2.827699,20.0,1,15713,2,1,0,0,1,0,0,0,0,0,0,0,0,1
2741,15,13b34a96e6917c19,2.124344,20.0,1,15677,1,1,0,0,1,0,0,0,0,0,0,0,0,0
2742,15,fd84a657ae752ee7,2.639594,18.973939,1,16104,1,0,0,0,0,0,0,0,0,0,0,0,0,1
2743,15,0449fe8ea1821fd4,3.029163,20.0,1,15877,2,1,0,0,1,0,0,0,0,0,0,0,0,1
2744,15,b4da042c63e1fdc8,2.275697,19.427907,1,15765,1,1,0,0,1,0,0,0,0,0,0,0,0,0
2745,15,b807fcf2a4581910,1.709646,20.0,1,15784,1,1,0,0,1,0,0,0,0,0,0,0,0,1
2746,15,375c247dcba0eb7f,2.329829,20.0,1,15438,2,1,0,0,1,0,0,0,0,0,0,0,0,1
2747,15,85e10ef8603fccb5,2.793966,20.0,1,15411,1,0,0,0,0,0,0,0,0,0,0,0,0,1
2748,15,f4ef21d0c1eceebc,2.099003,19.169007,1,13859,1,1,0,0,1,0,0,0,0,0,0,0,0,0
2749,15,eed4924a40e6e706,1.576902,20.0,1,12786,1,1,0,0,1,0,0,0,0,0,0,0,0,1
2750,15,91abdea65d065334,1.185853,20.0,1,12998,1,1,0,0,1,0,0,0,0,0,0,0,0,1
2751,15,27d150448305d6d3,0.890887,20.0,1,12931,1,1,0,0,1,0,0,0,0,0,0,0,0,0
2752,15,958f2969141cff73,1.712943,19.086455,1,12985,1,0,0,0,0,0,0,0,0,0,0,0,0,1
2753,15,195aa62b883845ba,1.288158,20.0,1,13076,1,1,0,0,1,0,0,0,0,0,0,0,0,1
2754,15,af70f7c644c23edd,2.011398,20.0,1,13140,2,1,0,0,1,0,0,0,0,0,0,0,0,1
2755,15,0bfec0a83fe03a5d,2.554742,17.256741,0,13422,1,0,0,0,0,0,0,0,0,0,0,0,0,0
2756,15,56d24bf64217a4df,1.919282,19.922033,1,13416,1,1,0,0,1,0,0,0,0,0,0,0,0,1
2757,15,bfb769426058dc48,1.443327,18.462155,1,13474,1,1,0,0,1,0,0,0,0,0,0,0,0,0
2758,15,a786f0e152ff045d,2.127971,17.348771,1,13941,1,0,0,0,0,0,0,0,0,0,0,0,0,1
2759,15,a91b48ffca964246,1.598665,19.991172,1,14616,1,1,0,0,1,0,0,0,0,0,0,0,0,1
2760,15,5986db46f55826a4,1.202219,18.514148,1,14516,1,1,0,0,1,0,0,0,0,0,0,0,0,0
2761,15,751477056cde9c27,0.903182,20.0,1,14477,1,1,0,0,1,0,0,0,0,0,0,0,0,1
2762,15,1565e7e06deaadf0,1.72218,19.155199,1,14279,1,0,0,0,0,0,0,0,0,0,0,0,0,1
2763,15,3091f205d4bfa5e2,1.29381,17.869429,1,14490,1,1,0,0,1,0,0,0,0,0,0,0,0,0
2764,15,d19d0eb3bd3574ef,0.972963,20.0,1,15805,1,1,0,0,1,0,0,0,0,0,0,0,0,1
2765,15,4a9f091058ad16e2,2.818258,18.803902,1,15808,2,0,0,0,0,0,0,0,0,0,0,0,0,1
2766,15,802e88fe7077dbca,2.117252,17.605513,1,15626,1,1,0,0,1,0,0,0,0,0,0,0,0,0
2767,15,79359000d1d01c79,2.636354,16.720099,1,15394,1,0,0,0,0,0,0,0,0,0,0,0,0,1
2768,15,ce0e0139fbcd4f8b,3.024248,19.518874,1,15115,2,1,0,0,1,0,0,0,0,0,0,0,0,1
2769,15,e70c6d11d873dfa7,2.272004,20.0,1,14955,1,1,0,0,1,0,0,0,0,0,0,0,0,1
2770,15,491d56a6888ccb68,1.706872,19.722261,1,15753,1,1,0,0,1,0,0,0,0,0,0,0,0,0
2771,15,2e832a9f8b793634,2.327742,18.311923,1,15456,1,0,0,0,0,0,0,0,0,0,0,0,0,1
2772,15,8ae62c98a6e8548a,2.792399,20.0,1,15518,2,1,0,0,1,0,0,0,0,0,0,0,0,1
2773,15,5fb66525c041fde4,2.097825,19.041064,1,15210,1,1,0,0,1,0,0,0,0,0,0,0,0,0
2774,15,d4479311672b275a,1.577594,20.0,1,14960,1,1,0,0,1,0,0,0,0,0,0,0,0,1
2775,15,9cb375b4ff119623,2.228841,19.465829,1,15053,1,0,0,0,0,0,0,0,0,0,0,0,0,1
2776,15,910f91c5b4297439,1.674445,20.0,1,13714,1,1,0,0,1,0,0,0,0,0,0,0,0,1
2777,15,7009afd28e6346cd,2.301601,16.213478,0,13199,1,0,0,0,0,0,0,0,0,0,0,0,0,0
2778,15,e1521cc91f936c0e,1.730837,19.15377,1,13190,1,1,0,0,1,0,0,0,0,0,0,0,0,1
2779,15,6d730dd28e487d96,2.343966,17.868356,1,13424,1,0,0,0,0,0,0,0,0,0,0,0,0,1
2780,15,e0d568c59f619598,1.760934,16.902672,1,13450,1,1,0,0,1,0,0,0,0,0,0,0,0,0
2781,15,69eea651ce204cd0,1.324248,19.672054,1,13289,1,1,0,0,1,0,0,0,0,0,0,0,0,1
2782,15,ef3aedc05b77a5e9,2.038511,14.778879,0,13332,1,0,0,0,0,0,0,0,0,0,0,0,0,0
2783,15,a2f63d573a4d2d04,1.531457,18.060508,1,13372,1,1,0,0,1,0,0,0,0,0,0,0,0,1
2784,15,b2f281cb78a4a7d2,2.19418,13.568185,0,13315,1,0,0,0,0,0,0,0,0,0,0,0,0,0
2785,15,307419f7a95fd327,1.650055,17.164472,1,13054,1,1,0,0,1,0,0,0,0,0,0,0,0,1
2786,15,1ee7a425ddb23789,2.283278,12.895026,0,13099,1,0,0,0,0,0,0,0,0,0,0,0,0,0
2787,15,aca061d26f57afd6,2.758995,16.64524,1,13258,2,1,0,0,1,0,0,0,0,0,0,0,0,1
2788,15,bb0611075d30786d,3.118954,15.997959,1,13103,1,0,0,0,0,0,0,0,0,0,0,0,0,1
2789,15,95942481b26ba761,2.343153,18.976358,1,13250,1,1,0,0,1,0,0,0,0,0,0,0,0,1
2790,15,9728251fe3c00355,2.803977,14.256228,0,14378,1,0,0,0,0,0,0,0,0,0,0,0,0,0
2791,15,60d17337b8aad8d5,2.106523,17.66786,1,13961,1,1,0,0,1,0,0,0,0,0,0,0,0,1
2792,15,bd9fdf0a2843205a,1.584135,16.766985,1,15840,1,1,0,0,0,0,0,0,0,0,0,0,0,1
2793,15,62408031a36deed5,2.233755,19.554098,1,15945,1,0,0,0,1,0,0,0,0,0,0,0,0,1
2794,15,60cec0262d3bd598,1.678137,20.0,1,15436,1,1,0,0,1,0,0,0,0,0,0,0,0,1
2795,15,994b26146f4ed86b,3.350284,16.279568,0,14751,2,0,0,0,0,0,0,0,0,0,0,0,0,0
2796,15,8a2243d42ddf0715,2.516943,19.18792,1,14805,1,1,0,0,1,0,0,0,0,0,0,0,0,1
2797,15,1a6895d208963c02,1.890885,14.415167,0,14437,0,0,0,0,0,0,0,0,0,0,0,0,0,0
2798,15,1602cd8f9b309d2e,1.420551,14.308421,1,15309,1,1,0,0,1,0,0,0,0,0,0,0,0,0
2799,15,cc725c7d4456206a,2.112425,14.240638,1,14520,1,0,0,0,0,0,0,0,0,0,0,0,0,1
2800,15,48a67c3d0196e367,2.63064,17.656148,1,14333,2,1,0,0,1,0,0,0,0,0,0,0,0,1
2801,15,6d33116d26b32132,3.019954,13.264404,0,14257,1,0,0,0,0,0,0,0,0,0,0,0,0,0
2802,15,64f9d2b095a04701,2.271049,16.936024,1,14052,1,1,0,0,1,0,0,0,0,0,0,0,0,1
2803,15,5ed115823d7e4e05,1.706154,12.723402,0,14109,1,1,0,0,0,0,0,0,0,0,0,0,0,0
2804,16,1fd48474a6be9a50,2.325423,16.516305,1,14214,1,0,0,0,1,0,0,0,0,0,0,0,0,1
2805,16,530e0ea8d92a6d51,1.747003,19.365772,1,14028,1,1,0,0,1,0,0,0,0,0,0,0,0,1
2806,16,9d91a06f605c6d81,1.313772,14.563336,0,14077,1,1,0,0,0,0,0,0,0,0,0,0,0,0
2807,16,1bedfd585b1aa4b9,2.030641,17.898579,1,14297,1,0,0,0,1,0,0,0,0,0,0,0,0,1
2808,16,26a9669cba5af3ef,1.525545,16.925378,1,14208,1,1,0,0,1,0,0,0,0,0,0,0,0,0
2809,16,4f55c5e4b2d3c044,2.191382,16.208627,1,14091,1,0,0,0,0,0,0,0,0,0,0,0,0,1
2810,16,429a6cfc04b09590,1.646303,15.65578,1,14295,1,1,0,0,1,0,0,0,0,0,0,0,0,0
2811,16,bfd1095e82cc3b3f,1.236806,18.719291,1,14009,1,1,0,0,1,0,0,0,0,0,0,0,0,1
2812,16,e8a24dfe484cb614,1.972819,14.063104,0,14009,1,0,0,0,0,0,0,0,0,0,0,0,0,0
2813,16,a8eb40163c807ab7,1.483588,17.536658,1,13924,1,1,0,0,1,0,0,0,0,0,0,0,0,1
2814,16,b734eb68cadec0ba,1.114564,16.65348,1,13937,1,1,0,0,1,0,0,0,0,0,0,0,0,0
2815,16,03ed9d518f369873,0.837331,19.468826,1,13965,1,1,0,0,1,0,0,0,0,0,0,0,0,1
2816,16,cd43fcebe8f5e6e6,1.673835,14.640835,0,13923,1,0,0,0,0,0,0,0,0,0,0,0,0,0
2817,16,338e1a6d9a9334b5,1.25749,17.956801,1,14160,1,1,0,0,1,0,0,0,0,0,0,0,0,1
2818,16,f71f04d2a5841727,0.944705,16.969118,1,13955,1,1,0,0,1,0,0,0,0,0,0,0,0,0
2819,16,dab4ff966e399802,1.753375,16.227108,1,13989,1,0,0,0,0,0,0,0,0,0,0,0,0,1
2820,16,339e340883d8ecaf,1.318563,15.683518,1,13938,1,1,0,0,1,0,0,0,0,0,0,0,0,0
2821,16,0f3eea50b2030a66,0.990587,18.74013,1,13940,1,1,0,0,1,0,0,0,0,0,0,0,0,1
2822,16,157d3461e0a7f335,0.744191,20.0,1,13916,1,1,0,0,1,0,0,0,0,0,0,0,0,1
2823,16,f1991b9aba19249f,1.603793,15.819709,0,14041,1,0,0,0,0,0,0,0,0,0,0,0,0,0
2824,16,f0cae4ef532c2023,2.248523,18.842445,1,14031,2,1,0,0,1,0,0,0,0,0,0,0,0,1
2825,16,3dc875a761d5c5ef,1.689231,20.0,1,14120,1,1,0,0,1,0,0,0,0,0,0,0,0,1
2826,16,e90cc852e180b7a9,1.269056,20.0,1,14010,1,1,0,0,1,0,0,0,0,0,0,0,0,1
2827,16,0843c071791750a4,1.998499,20.0,1,14002,1,0,0,0,0,0,0,0,0,0,0,0,0,1
2828,16,e7652621d19bb2aa,1.501398,18.98563,1,13959,1,1,0,0,1,0,0,0,0,0,0,0,0,0
2829,16,83403ab2ce2e5edc,1.127944,20.0,1,13826,1,1,0,0,1,0,0,0,0,0,0,0,0,1
2830,16,31f44b91b5854a60,1.89238,19.438908,1,13967,1,0,0,0,0,0,0,0,0,0,0,0,0,1
2831,16,9eeb382b0724ec5e,1.421675,18.08257,1,13883,1,1,0,0,1,0,0,0,0,0,0,0,0,0
2832,16,8cf44fb6a5bc2678,1.068051,20.0,1,13973,1,1,0,0,1,0,0,0,0,0,0,0,0,1
2833,16,26302fd6db433208,2.889693,18.911617,1,14099,2,0,0,0,0,0,0,0,0,0,0,0,0,1
2834,16,212d5aa4658ea2f7,2.173091,20.0,1,13899,1,1,0,0,1,0,0,0,0,0,0,0,0,1
2835,16,37a5a18fb6caef37,1.632562,19.392697,1,13992,1,1,0,0,1,0,0,0,0,0,0,0,0,0
2836,16,79c0b206a03c3fd7,1.226483,20.0,1,14086,1,1,0,0,1,0,0,0,0,0,0,0,0,1
2837,16,066f19424897b5f9,1.966483,16.188383,0,13904,1,0,0,0,0,0,0,0,0,0,0,0,0,0
2838,16,45cd890081455bb1,1.477345,19.119416,1,13813,1,1,0,0,1,0,0,0,0,0,0,0,0,1
2839,16,750fc310f3e0ed42,2.153528,20.0,1,14104,2,1,0,0,1,0,0,0,0,0,0,0,0,1
2840,16,adc39f36c9059362,1.617865,19.496809,1,14072,1,1,0,0,0,0,0,0,0,0,0,0,0,1
2841,16,693f8e80d696f528,2.260808,20.0,1,14027,1,0,0,0,1,0,0,0,0,0,0,0,0,1
2842,16,5f8694262bdec3db,1.69846,19.723307,1,13982,1,1,0,0,1,0,0,0,0,0,0,0,0,0
2843,16,be87caf26ae80d84,1.27599,20.0,1,13885,1,1,0,0,1,0,0,0,0,0,0,0,0,1
2844,16,4b1d73b558ff518d,2.003713,16.375165,0,13865,1,0,0,0,0,0,0,0,0,0,0,0,0,0
2845,16,f36ec1ebfb66065a,1.505315,19.259738,1,13941,1,1,0,0,1,0,0,0,0,0,0,0,0,1
2846,16,8bcb0108c5b59465,1.130887,17.947966,1,13948,1,1,0,0,1,0,0,0,0,0,0,0,0,0
2847,16,144d658975f33c99,1.893246,20.0,1,13973,2,1,0,0,1,0,0,0,0,0,0,0,0,1
2848,16,7cc0640289db4a08,1.423748,18.852669,1,13860,1,1,0,0,0,0,0,0,0,0,0,0,0,1
2849,16,8ae13877ca477144,2.113262,20.0,1,13968,1,0,0,0,1,0,0,0,0,0,0,0,0,1
2850,16,89273edfc1fcab3b,1.587615,20.0,1,13880,1,1,0,0,1,0,0,0,0,0,0,0,0,1
2851,16,ff509d4937e6c5a2,2.238059,20.0,1,13899,2,1,0,0,1,0,0,0,0,0,0,0,0,1
2852,16,a525ba8c6fda05e0,2.725024,20.0,1,13910,1,0,0,0,0,0,0,0,0,0,0,0,0,1
2853,16,9c34e789ab177fd0,2.047208,19.708867,1,13844,1,1,0,0,1,0,0,0,0,0,0,0,0,0
2854,16,5806e9698a0d2317,1.537991,20.0,1,13935,1,1,0,0,1,0,0,0,0,0,0,0,0,1
2855,16,65bf1cd447797f08,2.200742,20.0,1,13865,2,1,0,0,1,0,0,0,0,0,0,0,0,1
2856,16,b06c22a10c518c04,1.653335,20.0,1,13934,1,1,0,0,1,0,0,0,0,0,0,0,0,0
2857,16,f0f1f40ae0008ff0,2.285742,19.258595,1,13771,1,0,0,0,0,0,0,0,0,0,0,0,0,1
2858,16,954e472fdb2cd921,1.718911,17.963239,1,13753,1,1,0,0,1,0,0,0,0,0,0,0,0,0
2859,16,f17697aa27d40f0a,1.291353,20.0,1,13976,1,1,0,0,1,0,0,0,0,0,0,0,0,1
2860,16,76320273c53705ec,3.057452,18.844268,1,13844,2,0,0,0,0,0,0,0,0,0,0,0,0,1
2861,16,22fed034d49683cc,2.29695,17.635839,1,13951,1,1,0,0,1,0,0,0,0,0,0,0,0,0
2862,16,f0b9c73bce37e583,1.727339,16.742904,1,13733,1,1,0,0,0,0,0,0,0,0,0,0,0,1
2863,16,222567fb1694f051,2.341338,19.536007,1,13844,1,0,0,0,1,0,0,0,0,0,0,0,0,1
2864,16,3208e0e284c2bc4f,2.802613,20.0,1,13754,2,1,0,0,1,0,0,0,0,0,0,0,0,1
2865,16,9bcaeb3483fcd7c2,2.107605,19.749849,1,13861,1,1,0,0,1,0,0,0,0,0,0,0,0,0
2866,16,fe8a26206423eacd,2.627018,18.316168,1,13755,1,0,0,0,0,0,0,0,0,0,0,0,0,1
2867,16,f2f2d3b60e90ed71,1.973581,20.0,1,13832,1,1,0,0,1,0,0,0,0,0,0,0,0,1
2868,16,0e84052fedb16a60,2.526331,15.564615,0,13758,1,0,0,0,0,0,0,0,0,0,0,0,0,0
2869,16,7d4cff386e8cd48b,1.899837,18.665816,1,13782,1,1,0,0,1,0,0,0,0,0,0,0,0,1
2870,16,908c9916fafe99d6,1.427276,17.501774,1,13832,1,1,0,0,1,0,0,0,0,0,0,0,0,0
2871,16,809fdbdd03a6a08e,1.072259,20.0,1,13822,1,1,0,0,1,0,0,0,0,0,0,0,0,1
2872,16,dfaf84098e2a0182,0.806354,18.600589,1,13704,1,1,0,0,1,0,0,0,0,0,0,0,0,0
2873,16,de1f003b45222f03,1.649437,17.452771,1,13795,1,0,0,0,0,0,0,0,0,0,0,0,0,1
2874,16,b928254cb0f4ce7a,2.282814,20.0,1,13914,2,1,0,0,1,0,0,0,0,0,0,0,0,1
2875,16,1de35e8a0580f8e1,1.714993,20.0,1,13656,1,1,0,0,1,0,0,0,0,0,0,0,0,1
2876,16,07888ab35aca9b86,2.333849,16.570639,0,13637,1,0,0,0,0,0,0,0,0,0,0,0,0,0
2877,16,7959d0cfdd200be5,1.753334,19.406591,1,13819,1,1,0,0,1,0,0,0,0,0,0,0,0,1
2878,16,8ee1148c88e1bb7f,2.360868,18.058291,1,13858,1,0,0,0,0,0,0,0,0,0,0,0,0,1
2879,16,c3b38ff5a4e5fd45,1.775406,20.0,1,13870,1,1,0,0,1,0,0,0,0,0,0,0,0,1
2880,16,23996e353325a823,2.37745,15.431757,0,13639,1,0,0,0,0,0,0,0,0,0,0,0,0,0
2881,16,4584c5993c4c5792,2.829742,18.550991,1,13855,2,1,0,0,1,0,0,0,0,0,0,0,0,1
2882,16,f7ac0f33bd696ad1,2.12588,20.0,1,13676,1,1,0,0,1,0,0,0,0,0,0,0,0,1
2883,16,77fbdef6be6829bf,1.598692,15.712853,0,13619,1,1,0,0,0,0,0,0,0,0,0,0,0,0
2884,16,9c5e6348dade8270,2.244691,18.762168,1,13617,1,0,0,0,1,0,0,0,0,0,0,0,0,1
2885,16,23cd70ca33890fed,1.686352,17.57416,1,13685,1,1,0,0,1,0,0,0,0,0,0,0,0,0
2886,16,c5b9567e4cb54a21,2.312311,16.696521,1,13652,1,0,0,0,0,0,0,0,0,0,0,0,0,1
2887,16,296ea2e5506d5457,2.780806,19.501161,1,13760,2,1,0,0,1,0,0,0,0,0,0,0,0,1
2888,16,684018b2db8b4c75,3.132769,14.650493,0,13723,1,0,0,0,0,0,0,0,0,0,0,0,0,0
2889,16,73ddc3e0978d9377,2.353532,17.964057,1,13876,1,1,0,0,1,0,0,0,0,0,0,0,0,1
2890,16,1bab5d6ba36c8504,2.81404,16.989728,1,13778,1,0,0,0,0,0,0,0,0,0,0,0,0,1
2891,16,14ac4711baf922b6,2.114083,19.721437,1,13882,1,1,0,0,1,0,0,0,0,0,0,0,0,1
2892,16,f9faff44a9a40529,1.588232,18.294823,1,13477,1,1,0,0,1,0,0,0,0,0,0,0,0,0
2893,16,b7c368fe10dbe2aa,2.238523,17.238469,1,13460,1,0,0,0,0,0,0,0,0,0,0,0,0,1
2894,16,fbcff011c750f16f,1.681719,19.908307,1,13621,1,1,0,0,1,0,0,0,0,0,0,0,0,1
2895,16,1cf7a548c1332fbf,2.307066,18.435211,1,13543,1,0,0,0,0,0,0,0,0,0,0,0,0,1
2896,16,c7dca34fe5c74b52,2.776866,17.328529,1,13535,2,1,0,0,1,0,0,0,0,0,0,0,0,0
2897,16,8da81b453a9b00d0,2.088243,16.511803,1,13524,1,1,0,0,0,0,0,0,0,0,0,0,0,1
2898,16,c14d15e31b26ee2d,2.612472,19.362389,1,13533,1,0,0,0,1,0,0,0,0,0,0,0,0,1
2899,16,8ab4c35dac7feb1b,1.962653,18.025084,1,13698,1,1,0,0,1,0,0,0,0,0,0,0,0,0
2900,16,41ee9386bfbef383,0.431792,17.035622,1,13472,0,1,0,0,1,0,0,0,0,0,0,0,0,0
2901,16,2f0a789f4dc10e25,1.368043,16.27707,1,13509,1,0,0,0,0,0,0,0,0,0,0,0,0,1
2902,16,0069be2d171f535e,2.071413,19.186043,1,13613,2,1,0,0,1,0,0,0,0,0,0,0,0,1
2903,16,70999c15fa208bfb,1.556175,17.892602,1,13693,1,1,0,0,1,0,0,0,0,0,0,0,0,0
2904,16,03719d390724baea,2.214416,16.935993,1,13559,1,0,0,0,0,0,0,0,0,0,0,0,0,1
2905,16,b45eeaba0f2389b6,1.663608,16.202223,1,13604,1,1,0,0,1,0,0,0,0,0,0,0,0,0
2906,16,2db91c5a3da641d6,1.249807,19.129814,1,13518,1,1,0,0,1,0,0,0,0,0,0,0,0,1
2907,16,dc0959974c8f1f78,0.939872,14.385892,0,13596,1,1,0,0,0,0,0,0,0,0,0,0,0,0
2908,16,31c82bc6cd07a1d0,1.749744,17.765272,1,13486,1,0,0,0,1,0,0,0,0,0,0,0,0,1
2909,16,e7cccb8d090b0eb6,1.314518,16.825229,1,13605,1,1,0,0,1,0,0,0,0,0,0,0,0,0
2910,16,9c439ee943f16500,0.987548,16.11901,1,13702,1,1,0,0,0,0,0,0,0,0,0,0,0,1
2911,16,a215fd0c41d342d4,1.786801,15.602227,1,13525,1,0,0,0,1,0,0,0,0,0,0,0,0,0
2912,16,918d60c328662234,1.342356,18.679059,1,13734,1,1,0,0,1,0,0,0,0,0,0,0,0,1
2913,16,6b08a4c55c22e69e,1.008462,17.511723,1,13678,1,1,0,0,1,0,0,0,0,0,0,0,0,0
2914,16,255207cc2c8fdde7,1.802528,16.649567,1,13664,1,0,0,0,0,0,0,0,0,0,0,0,0,1
2915,16,1c5997354e79f0ad,2.397826,19.465887,1,13834,2,1,0,0,1,0,0,0,0,0,0,0,0,1
2916,16,6cdfb743375db81c,1.801397,20.0,1,13632,1,1,0,0,1,0,0,0,0,0,0,0,0,1
2917,16,f03940c82ac8d2fb,2.396975,16.213511,0,13787,1,0,0,0,0,0,0,0,0,0,0,0,0,0
2918,16,64f7a2ca4e49b5b3,1.80256,19.153795,1,13796,1,1,0,0,1,0,0,0,0,0,0,0,0,1
2919,16,2ae90ab38b0ea59d,1.354196,17.868374,1,13638,1,1,0,0,1,0,0,0,0,0,0,0,0,0
2920,16,15754ef0ce4bc799,2.06101,16.902686,1,13774,1,0,0,0,0,0,0,0,0,0,0,0,0,1
2921,16,6f5469b0eb145b76,1.549909,16.191563,1,13708,1,1,0,0,1,0,0,0,0,0,0,0,0,0
2922,16,e6417c56124f5ce9,1.164389,19.121805,1,13927,1,1,0,0,1,0,0,0,0,0,0,0,0,1
2923,16,3a9cc99052507137,1.918415,14.365497,0,14055,1,0,0,0,0,0,0,0,0,0,0,0,0,0
2924,16,5318af782f0df987,1.441233,17.74995,1,13960,1,1,0,0,1,0,0,0,0,0,0,0,0,1
2925,16,d56662e0b1518202,2.127979,20.0,1,13788,2,1,0,0,1,0,0,0,0,0,0,0,0,1
2926,16,a1dbf0bfd939327d,1.598671,20.0,1,13994,1,1,0,0,1,0,0,0,0,0,0,0,0,1
2927,16,15b4cfb8dc7370b0,2.244675,20.0,1,14003,1,0,0,0,0,0,0,0,0,0,0,0,0,1
2928,16,ab2a636f3472785e,1.688028,18.647372,1,13808,1,1,0,0,1,0,0,0,0,0,0,0,0,0
2929,16,47fc2d2b25b94248,2.311805,20.0,1,14141,2,1,0,0,1,0,0,0,0,0,0,0,0,1
2930,16,bb515cc179bc7bcd,1.736773,20.0,1,13977,1,1,0,0,1,0,0,0,0,0,0,0,0,1
2931,16,bd25a83921ffaf06,2.348426,20.0,1,13975,1,0,0,0,0,0,0,0,0,0,0,0,0,1
2932,16,973dcd557efd70a4,1.76605,20.0,1,13951,1,1,0,0,1,0,0,0,0,0,0,0,0,1
2933,16,f4acecc7d91f8a60,1.326767,20.0,1,14058,1,1,0,0,1,0,0,0,0,0,0,0,0,0
2934,16,cb51cfd5bc8e0866,0.996751,20.0,1,14006,1,1,0,0,1,0,0,0,0,0,0,0,0,1
2935,16,26f518e116ce1d14,1.793721,16.707953,0,13928,1,0,0,0,0,0,0,0,0,0,0,0,0,0
2936,16,813ae52b4f5cd4c6,1.347556,19.509749,1,14207,1,1,0,0,1,0,0,0,0,0,0,0,0,1
2937,16,070a8e8cc658521e,2.056022,20.0,1,14152,2,1,0,0,1,0,0,0,0,0,0,0,0,1
2938,16,19ad95fa85965f03,0.500959,19.717111,1,14093,0,1,0,0,1,0,0,0,0,0,0,0,0,0
2939,16,7cab6bd0eb8c018f,2.465029,18.30805,1,13975,2,0,0,0,0,0,0,0,0,0,0,0,0,1
2940,16,9496b5c371c50574,1.851884,17.232998,1,14178,1,1,0,0,1,0,0,0,0,0,0,0,0,0
2941,16,e02b163a14fb1811,1.391251,19.904197,1,14152,1,1,0,0,1,0,0,0,0,0,0,0,0,1
2942,16,5922081e930533f2,1.046241,20.0,1,14196,1,1,0,0,1,0,0,0,0,0,0,0,0,1
2943,16,06a14ba7d2b407cb,0.786002,16.47462,0,14204,1,1,0,0,0,0,0,0,0,0,0,0,0,0
2944,16,521450f85fc10c7e,1.634147,19.334455,1,14260,1,0,0,0,1,0,0,0,0,0,0,0,0,1
2945,16,486b1bc027108779,2.271327,20.0,1,14386,2,1,0,0,1,0,0,0,0,0,0,0,0,1
2946,16,51558366bffde1b8,1.70807,19.635981,1,14423,1,1,0,0,1,0,0,0,0,0,0,0,0,0
2947,16,357d4ce80897be32,1.283209,20.0,1,14486,1,1,0,0,1,0,0,0,0,0,0,0,0,1
2948,16,92bf06a3be0edbb2,2.007681,19.788356,1,14405,1,0,0,0,0,0,0,0,0,0,0,0,0,1
2949,16,d41dbc8be39f297e,1.509804,18.361627,1,14457,1,1,0,0,1,0,0,0,0,0,0,0,0,0
2950,16,af032e4a56af0158,1.13426,20.0,1,14538,1,1,0,0,1,0,0,0,0,0,0,0,0,1
2951,16,1cb696b44fd26f94,0.852127,19.069116,1,14494,1,1,0,0,1,0,0,0,0,0,0,0,0,0
2952,16,c46e084988a2ec3f,1.683824,17.804759,1,14520,1,0,0,0,0,0,0,0,0,0,0,0,0,1
2953,16,93600c942ffb563a,2.31041,20.0,1,14516,2,1,0,0,1,0,0,0,0,0,0,0,0,1
2954,16,503c76479d54cfec,1.735725,20.0,1,14765,1,1,0,0,1,0,0,0,0,0,0,0,0,1
2955,16,1d51d065c4ea76f0,1.303985,20.0,1,14461,1,1,0,0,1,0,0,0,0,0,0,0,0,0
2956,16,ff155b6f0ba1f912,2.024766,18.664866,1,14397,1,0,0,0,0,0,0,0,0,0,0,0,0,1
2957,16,f60d8bb3753234df,1.521131,17.501061,1,14762,1,1,0,0,1,0,0,0,0,0,0,0,0,0
2958,16,3b3a1e9b142071ce,2.186422,20.0,1,14736,2,1,0,0,1,0,0,0,0,0,0,0,0,1
2959,16,769abeac29d2fd42,1.642577,20.0,1,14585,1,1,0,0,1,0,0,0,0,0,0,0,0,1
2960,16,379d4efdb2ffeb79,2.279392,20.0,1,14792,1,0,0,0,0,0,0,0,0,0,0,0,0,1
2961,16,fe4ae894cdbf1639,1.712422,18.557915,1,14678,1,1,0,0,1,0,0,0,0,0,0,0,0,0
2962,16,36b5457f9890dff0,1.286479,20.0,1,14808,1,1,0,0,1,0,0,0,0,0,0,0,0,1
2963,16,b098bbb4102479c4,3.055751,19.197266,1,14848,2,0,0,0,0,0,0,0,0,0,0,0,0,1
2964,16,9cfbc522f9cec8b7,2.295672,20.0,1,14738,1,1,0,0,1,0,0,0,0,0,0,0,0,1
2965,16,ab155ace67538cd9,1.724652,20.0,1,14791,1,1,0,0,1,0,0,0,0,0,0,0,0,1
2966,16,943d6fbaa57a6325,1.295667,20.0,1,15044,1,1,0,0,0,0,0,0,0,0,0,0,0,1
2967,16,06d166aa76747abb,3.062661,19.101795,1,14758,2,0,0,0,1,0,0,0,0,0,0,0,0,0
2968,16,01acb05666a560bb,2.300863,20.0,1,14878,1,1,0,0,1,0,0,0,0,0,0,0,0,1
2969,16,5326a647843da347,1.728552,19.486864,1,15039,1,1,0,0,1,0,0,0,0,0,0,0,0,0
2970,16,2ca5ae76cf13fb39,2.344046,18.134901,1,14863,1,0,0,0,0,0,0,0,0,0,0,0,0,1
2971,16,900199d7114c3ff6,1.760994,17.102918,1,14843,1,1,0,0,1,0,0,0,0,0,0,0,0,0
2972,16,5bd93c5b6d78c671,1.322969,16.327627,1,14989,1,1,0,0,0,0,0,0,0,0,0,0,0,1
2973,16,8ffb28eee156db55,2.037551,19.224025,1,14819,1,0,0,0,1,0,0,0,0,0,0,0,0,1
2974,16,18b55b1a8fcdd5d6,2.576418,17.937243,1,14856,2,1,0,0,1,0,0,0,0,0,0,0,0,0
2975,16,d82738fe564d0f13,1.935566,16.954424,1,14924,1,1,0,0,0,0,0,0,0,0,0,0,0,1
2976,16,d0a5c3e057a920e8,2.497772,19.694914,1,14923,1,0,0,0,1,0,0,0,0,0,0,0,0,1
2977,16,896caafc140503c5,1.87836,18.291358,1,15045,1,1,0,0,1,0,0,0,0,0,0,0,0,0
2978,16,f9014a2278fe991d,2.454795,17.220458,1,15011,1,0,0,0,0,0,0,0,0,0,0,0,0,1
2979,16,ee18f306c06ff068,1.844196,16.415931,1,15077,1,1,0,0,1,0,0,0,0,0,0,0,0,0
2980,17,1fd48474a6be9a50,2.429129,19.290364,1,14001,2,1,0,0,1,0,0,0,0,0,0,0,0,1
2981,17,530e0ea8d92a6d51,1.826739,20.0,1,14063,1,1,0,0,1,0,0,0,0,0,0,0,0,1
2982,17,9d91a06f605c6d81,2.416014,19.606674,1,14261,1,0,0,0,0,0,0,0,0,0,0,0,0,1
2983,17,1bedfd585b1aa4b9,1.815061,18.208606,1,14245,1,1,0,0,1,0,0,0,0,0,0,0,0,0
2984,17,26a9669cba5af3ef,1.364952,20.0,1,14164,1,1,0,0,1,0,0,0,0,0,0,0,0,1
2985,17,4f55c5e4b2d3c044,1.025437,15.516679,0,14173,1,1,0,0,0,0,0,0,0,0,0,0,0,0
2986,17,429a6cfc04b09590,2.857679,18.61479,1,14029,2,0,0,0,1,0,0,0,0,0,0,0,0,1
2987,17,bfd1095e82cc3b3f,2.146868,20.0,1,14222,1,1,0,0,1,0,0,0,0,0,0,0,0,1
2988,17,e8a24dfe484cb614,2.658626,19.229398,1,13948,1,0,0,0,0,0,0,0,0,0,0,0,0,1
2989,17,a8eb40163c807ab7,1.997326,17.925173,1,13920,1,1,0,0,1,0,0,0,0,0,0,0,0,0
2990,17,b734eb68cadec0ba,1.500516,20.0,1,14019,1,1,0,0,1,0,0,0,0,0,0,0,0,1
2991,17,03ed9d518f369873,2.17256,18.839792,1,14079,1,0,0,0,0,0,0,0,0,0,0,0,0,1
2992,17,cd43fcebe8f5e6e6,1.632163,20.0,1,13886,1,1,0,0,1,0,0,0,0,0,0,0,0,1
2993,17,338e1a6d9a9334b5,1.226183,19.33899,1,14085,1,1,0,0,1,0,0,0,0,0,0,0,0,0
2994,17,f71f04d2a5841727,1.964839,18.007505,1,14076,1,0,0,0,0,0,0,0,0,0,0,0,0,1
2995,17,dab4ff966e399802,1.477587,17.022402,1,14015,1,1,0,0,1,0,0,0,0,0,0,0,0,0
2996,17,339e340883d8ecaf,1.110056,19.745983,1,13846,1,1,0,0,1,0,0,0,0,0,0,0,0,1
2997,17,0f3eea50b2030a66,0.833943,18.313264,1,14140,1,1,0,0,1,0,0,0,0,0,0,0,0,0
2998,17,157d3461e0a7f335,0.627137,20.0,1,13962,1,1,0,0,1,0,0,0,0,0,0,0,0,1
2999,17,f1991b9aba19249f,1.514798,15.575807,0,13969,1,0,0,0,0,0,0,0,0,0,0,0,0,0
3000,17,f0cae4ef532c2023,1.138011,18.65921,1,13946,1,1,0,0,1,0,0,0,0,0,0,0,0,1
3001,17,3dc875a761d5c5ef,0.854945,14.017967,0,14194,1,1,0,0,0,0,0,0,0,0,0,0,0,0
3002,17,e90cc852e180b7a9,1.687082,17.502715,1,13876,1,0,0,0,1,0,0,0,0,0,0,0,0,1
3003,17,0843c071791750a4,1.267441,20.0,1,14030,1,1,0,0,1,0,0,0,0,0,0,0,0,1
3004,17,e7652621d19bb2aa,0.952181,18.58435,1,13862,1,1,0,0,1,0,0,0,0,0,0,0,0,0
3005,17,83403ab2ce2e5edc,0.716054,17.456198,1,13864,1,1,0,0,0,0,0,0,0,0,0,0,0,1
3006,17,31f44b91b5854a60,1.581598,16.593033,1,14021,1,0,0,0,1,0,0,0,0,0,0,0,0,0
3007,17,9eeb382b0724ec5e,1.188195,19.423415,1,13965,1,1,0,0,1,0,0,0,0,0,0,0,0,1
3008,17,8cf44fb6a5bc2678,1.9363,20.0,1,13874,2,1,0,0,1,0,0,0,0,0,0,0,0,1
3009,17,26302fd6db433208,1.456125,19.686239,1,13959,1,1,0,0,1,0,0,0,0,0,0,0,0,0
3010,17,212d5aa4658ea2f7,1.093932,18.26838,1,13945,1,1,0,0,0,0,0,0,0,0,0,0,0,1
3011,17,37a5a18fb6caef37,1.865484,17.203196,1,13939,1,0,0,0,1,0,0,0,0,0,0,0,0,0
3012,17,79c0b206a03c3fd7,1.402871,19.898052,1,14043,1,1,0,0,1,0,0,0,0,0,0,0,0,1
3013,17,c2376b0af88b997c,1.053924,20.0,1,13907,1,1,0,0,1,0,0,0,0,0,0,0,0,1
3014,17,6484211bcaa3988b,2.879081,19.936267,1,14098,2,0,0,0,0,0,0,0,0,0,0,0,0,1
3015,17,bb6c2f7a25964c84,2.162946,18.456217,1,14058,1,1,0,0,1,0,0,0,0,0,0,0,0,0
3016,17,66b1f64089a6f384,1.626566,20.0,1,14027,1,1,0,0,1,0,0,0,0,0,0,0,0,1
3017,17,ea8c132e457af786,1.221978,20.0,1,13956,1,1,0,0,1,0,0,0,0,0,0,0,0,1
3018,17,052f36be903b4c06,0.918027,20.0,1,13939,1,1,0,0,1,0,0,0,0,0,0,0,0,1
3019,17,8e82ec90f90651e7,1.73452,20.0,1,13927,1,0,0,0,0,0,0,0,0,0,0,0,0,1
3020,17,4f7951c9fb9652a2,2.346733,19.622681,1,14007,2,1,0,0,1,0,0,0,0,0,0,0,0,0
3021,17,d7844e8c8ba22263,1.763013,20.0,1,13959,1,1,0,0,1,0,0,0,0,0,0,0,0,1
3022,17,6924a5f6007e7c0e,1.324486,19.780849,1,14004,1,1,0,0,1,0,0,0,0,0,0,0,0,0
3023,17,989e039664e0383c,0.996032,20.0,1,13983,1,1,0,0,1,0,0,0,0,0,0,0,0,1
3024,17,b83094f7827bc2cc,2.835588,19.883779,1,14050,2,0,0,0,0,0,0,0,0,0,0,0,0,1
3025,17,d70399cdf9ed2253,2.130272,18.416784,1,13987,1,1,0,0,1,0,0,0,0,0,0,0,0,0
3026,17,ffe0a7377361fbe8,1.601995,20.0,1,13984,1,1,0,0,1,0,0,0,0,0,0,0,0,1
3027,17,6bacbc7497219c94,1.203519,20.0,1,13794,1,1,0,0,1,0,0,0,0,0,0,0,0,1
3028,17,766c142925e80d9b,1.947812,16.97251,0,13994,1,0,0,0,0,0,0,0,0,0,0,0,0,0
3029,17,d6e4501b7407447d,1.463318,19.708502,1,13957,1,1,0,0,1,0,0,0,0,0,0,0,0,1
3030,17,93c90bd1b22461a4,1.100436,20.0,1,13865,1,1,0,0,1,0,0,0,0,0,0,0,0,1
3031,17,32134b765ccf6fa2,0.826717,19.842905,1,14029,1,1,0,0,1,0,0,0,0,0,0,0,0,0
3032,17,edbb1b237f6f8141,1.664735,20.0,1,14034,2,1,0,0,1,0,0,0,0,0,0,0,0,1
3033,17,c4739f05c1ff2efd,2.296055,19.923235,1,13977,1,0,0,0,0,0,0,0,0,0,0,0,0,1
3034,17,ca0971b523ab45b2,1.72494,20.0,1,13918,1,1,0,0,1,0,0,0,0,0,0,0,0,1
3035,17,f18e9c00f8624c51,1.295883,20.0,1,13972,1,1,0,0,1,0,0,0,0,0,0,0,0,1
3036,17,fe74e5da29b347fd,2.017202,20.0,1,14057,1,0,0,0,0,0,0,0,0,0,0,0,0,1
3037,17,10d496b4663bc6b6,2.561115,19.333278,1,13807,2,1,0,0,1,0,0,0,0,0,0,0,0,0
3038,17,c1eea8f9c0febeb8,1.92407,20.0,1,13955,1,1,0,0,1,0,0,0,0,0,0,0,0,1
3039,17,8c5bfe3716835382,1.445482,20.0,1,13779,1,1,0,0,1,0,0,0,0,0,0,0,0,1
3040,17,26d9ffb64b6de79c,1.087023,20.0,1,14064,1,1,0,0,1,0,0,0,0,0,0,0,0,0
3041,17,99ad9bbd22202199,1.860293,19.142137,1,13972,1,0,0,0,0,0,0,0,0,0,0,0,0,1
3042,17,ba04675233c68b3b,2.441222,20.0,1,13938,2,1,0,0,1,0,0,0,0,0,0,0,0,1
3043,17,4a56fa8141c32c19,1.833999,20.0,1,13858,1,1,0,0,1,0,0,0,0,0,0,0,0,1
3044,17,eff3cb35f31610fa,1.379193,17.287663,0,13915,1,1,0,0,0,0,0,0,0,0,0,0,0,0
3045,17,ebb096da8b7ace62,2.07979,19.945264,1,13868,1,0,0,0,1,0,0,0,0,0,0,0,0,1
3046,17,e58be22c083ad9d6,2.606122,20.0,1,13898,2,1,0,0,1,0,0,0,0,0,0,0,0,1
3047,17,520794db6a32a2b5,1.959841,19.981063,1,13724,1,1,0,0,1,0,0,0,0,0,0,0,0,0
3048,17,cceec8060cea538f,1.472355,18.48987,1,14090,1,1,0,0,0,0,0,0,0,0,0,0,0,1
3049,17,51287a1f4ea9b00d,2.149779,20.0,1,13997,1,0,0,0,1,0,0,0,0,0,0,0,0,1
3050,17,e1d9642a02a27189,1.615048,19.141496,1,13797,1,1,0,0,1,0,0,0,0,0,0,0,0,0
3051,17,a294c2535d512897,1.214539,20.0,1,13963,1,1,0,0,1,0,0,0,0,0,0,0,0,1
3052,17,c5c7533053b0103a,0.912438,19.52257,1,13991,1,1,0,0,0,0,0,0,0,0,0,0,0,1
3053,17,3c6c0b16ea2997da,1.729134,20.0,1,13873,1,0,0,0,1,0,0,0,0,0,0,0,0,1
3054,17,857b7b015db309af,2.344484,19.742258,1,13892,2,1,0,0,1,0,0,0,0,0,0,0,0,0
3055,17,02dbfe7f533b644f,2.804976,18.310465,1,13877,1,0,0,0,0,0,0,0,0,0,0,0,0,1
3056,17,0e9197a312c3b827,2.107274,17.234812,1,13901,1,1,0,0,1,0,0,0,0,0,0,0,0,0
3057,17,ba8b6815578568b9,1.583116,16.426715,1,13996,1,1,0,0,0,0,0,0,0,0,0,0,0,1
3058,17,66dd7853064cd037,2.234676,19.314127,1,13944,1,0,0,0,1,0,0,0,0,0,0,0,0,1
3059,17,a4838235ae942aab,1.678829,17.988826,1,13927,1,1,0,0,1,0,0,0,0,0,0,0,0,0
3060,17,e74d447dc0606f75,3.348548,16.993177,1,14123,2,0,0,0,0,0,0,0,0,0,0,0,0,1
3061,17,10df9a39134a9d50,2.518156,19.740115,1,13904,1,1,0,0,1,0,0,0,0,0,0,0,0,1
3062,17,5208ab4461b62341,2.93545,18.308855,1,13979,1,0,0,0,0,0,0,0,0,0,0,0,0,1
3063,17,198ab552bfc6be66,2.205294,20.0,1,13856,1,1,0,0,1,0,0,0,0,0,0,0,0,1
3064,17,0e2ceaabe15fdb7c,1.656755,19.039332,1,13974,1,1,0,0,1,0,0,0,0,0,0,0,0,0
3065,17,a0be1849b97be760,3.334204,17.798351,1,13888,2,0,0,0,0,0,0,0,0,0,0,0,0,1
3066,17,b627c0acc6f5dd72,2.504863,20.0,1,13759,1,1,0,0,1,0,0,0,0,0,0,0,0,1
3067,17,2ad5a832140df023,1.88181,18.751206,1,13911,1,1,0,0,1,0,0,0,0,0,0,0,0,0
3068,17,011c101988854854,2.459298,17.581676,1,13896,1,0,0,0,0,0,0,0,0,0,0,0,0,1
3069,17,d7d94676931b9984,1.847579,20.0,1,13810,1,1,0,0,1,0,0,0,0,0,0,0,0,1
3070,17,ce19fd079223db6e,1.388017,15.150071,0,13660,1,1,0,0,0,0,0,0,0,0,0,0,0,0
3071,17,2ac0390fdaf55632,2.086419,18.339371,1,13601,1,0,0,0,1,0,0,0,0,0,0,0,0,1
3072,17,13fa3d717cc4f173,1.569017,20.0,1,13769,1,1,0,0,1,0,0,0,0,0,0,0,0,1
3073,17,2a366df43b8821bd,1.178743,19.069401,1,13892,1,1,0,0,1,0,0,0,0,0,0,0,0,0
3074,17,28107cb270c234e3,1.929199,17.804972,1,13803,1,0,0,0,0,0,0,0,0,0,0,0,0,1
3075,17,e6ad969e736378d7,1.450785,16.870095,1,13872,1,1,0,0,1,0,0,0,0,0,0,0,0,0
3076,17,f5bbe3eb080ea665,1.089921,19.631561,1,13869,1,1,0,0,1,0,0,0,0,0,0,0,0,1
3077,17,7792770896f59847,1.86247,14.748458,0,13838,1,0,0,0,0,0,0,0,0,0,0,0,0,0
3078,17,221eed2ed29237f8,1.399204,18.037654,1,13959,1,1,0,0,1,0,0,0,0,0,0,0,0,1
3079,17,3342864d32dd55de,1.052221,17.045074,1,13804,1,1,0,0,1,0,0,0,0,0,0,0,0,0
3080,17,47738e6b5bd1ea26,0.790495,16.284172,1,13781,1,1,0,0,0,0,0,0,0,0,0,0,0,1
3081,17,878a68f20d79c0df,1.637522,15.712534,1,13842,1,0,0,0,1,0,0,0,0,0,0,0,0,0
3082,17,cbeb2a05194d7bf3,1.23144,18.777053,1,13652,1,1,0,0,1,0,0,0,0,0,0,0,0,1
3083,17,ae6512f2b25ff6ed,1.968788,17.585342,1,13780,1,0,0,0,0,0,0,0,0,0,0,0,0,1
3084,17,7c65d4740e45b470,1.479077,16.690055,1,13702,1,1,0,0,1,0,0,0,0,0,0,0,0,0
3085,17,fa41aa6d89f87074,1.111175,16.017459,1,13789,1,1,0,0,1,0,0,0,0,0,0,0,0,0
3086,17,9145d2dacd7747d5,0.83562,19.006361,1,13732,1,1,0,0,1,0,0,0,0,0,0,0,0,1
3087,17,95f5a831367f055d,0.62777,14.278768,0,13868,1,1,0,0,0,0,0,0,0,0,0,0,0,0
3088,17,a427938b8be938d0,1.515273,17.684794,1,13761,1,0,0,0,1,0,0,0,0,0,0,0,0,1
3089,17,6098d79621b7c524,2.183658,20.0,1,13644,2,1,0,0,1,0,0,0,0,0,0,0,0,1
3090,17,f1980cc91441882c,2.684154,18.699591,1,13804,1,0,0,0,0,0,0,0,0,0,0,0,0,1
3091,17,15e526d13416f243,2.016504,17.527148,1,13798,1,1,0,0,1,0,0,0,0,0,0,0,0,0
3092,17,a16211d44f069988,1.514924,20.0,1,13786,1,1,0,0,1,0,0,0,0,0,0,0,0,1
3093,17,29581ba4c913c1fe,1.139245,20.0,1,13751,1,1,0,0,1,0,0,0,0,0,0,0,0,1
3094,17,755c9388f5dafc75,1.899525,20.0,1,13791,1,0,0,0,0,0,0,0,0,0,0,0,0,1
3095,17,1520c005ea6b66f4,1.427042,18.56293,1,13697,1,1,0,0,1,0,0,0,0,0,0,0,0,0
3096,17,9b7c5e5875b1588b,1.073156,20.0,1,13709,1,1,0,0,1,0,0,0,0,0,0,0,0,1
3097,17,34ee1a73cdab6a93,0.806222,15.716858,0,13761,1,1,0,0,0,0,0,0,0,0,0,0,0,0
3098,17,b72aaa34b04a2c18,1.649338,18.765177,1,13504,1,0,0,0,1,0,0,0,0,0,0,0,0,1
3099,17,68dbb92fe2e4410b,1.239086,17.57642,1,13558,1,1,0,0,1,0,0,0,0,0,0,0,0,0
3100,17,bb220bcc948af029,0.93181,20.0,1,13602,1,1,0,0,1,0,0,0,0,0,0,0,0,1
3101,17,2a281ba623121173,0.700034,15.15952,0,13635,1,1,0,0,0,0,0,0,0,0,0,0,0,0
3102,17,3af233fe0a613c97,1.569563,18.346469,1,13869,1,0,0,0,1,0,0,0,0,0,0,0,0,1
3103,17,419d1de992372adf,1.180334,17.277308,1,13702,1,1,0,0,1,0,0,0,0,0,0,0,0,0
3104,17,9652945413efd964,1.930394,16.45864,1,13713,2,1,0,0,0,0,0,0,0,0,0,0,0,1
3105,17,3a61ee94ea5d0001,2.493886,19.32245,1,13771,1,0,0,0,1,0,0,0,0,0,0,0,0,1
3106,17,cb1366acab0aef81,1.873563,20.0,1,13726,1,1,0,0,1,0,0,0,0,0,0,0,0,1
3107,17,99d9e7dd98a9bf3d,1.408946,19.629198,1,13708,1,1,0,0,1,0,0,0,0,0,0,0,0,0
3108,17,cf6b2b9cad388626,1.058489,18.225527,1,13153,1,1,0,0,0,0,0,0,0,0,0,0,0,1
3109,17,4d5a2deca2ca1790,1.838856,17.171002,1,12843,1,0,0,0,1,0,0,0,0,0,0,0,0,0
3110,17,0366df9a5651536c,1.382846,19.873842,1,12778,1,1,0,0,1,0,0,0,0,0,0,0,0,1
3111,17,a2c1298d7e1f0d6a,1.038881,18.409319,1,13202,1,1,0,0,1,0,0,0,0,0,0,0,0,0
3112,17,7ca9575b6d9b0f15,1.824126,17.309077,1,13250,1,0,0,0,0,0,0,0,0,0,0,0,0,1
3113,17,e0b44a62a495148a,1.370397,19.961352,1,13148,1,1,0,0,1,0,0,0,0,0,0,0,0,1
3114,17,0e57eb802e9b645a,1.030558,18.491723,1,13038,1,1,0,0,1,0,0,0,0,0,0,0,0,0
3115,17,57abc37f68a6d307,0.77422,20.0,1,13099,1,1,0,0,1,0,0,0,0,0,0,0,0,1
3116,17,2ff0029cf6eb1869,1.625296,15.663697,0,12994,1,0,0,0,0,0,0,0,0,0,0,0,0,0
3117,17,72ba4ea9e64ae97e,1.222246,18.740327,1,13006,1,1,0,0,1,0,0,0,0,0,0,0,0,1
3118,17,b3943dfb76c172c8,0.918227,20.0,1,13236,1,1,0,0,1,0,0,0,0,0,0,0,0,1
3119,17,a345f09891a513cf,0.68983,19.282853,1,12786,1,1,0,0,1,0,0,0,0,0,0,0,0,0
3120,17,79c3e739e96fc4af,0.518243,20.0,1,12677,1,1,0,0,1,0,0,0,0,0,0,0,0,1
3121,17,7ac283d757c77319,1.433877,16.126326,0,12604,1,0,0,0,0,0,0,0,0,0,0,0,0,0
3122,17,8e535cb10809aceb,1.077218,19.072795,1,12449,1,1,0,0,1,0,0,0,0,0,0,0,0,1
3123,17,f562d8dd4ddf18c2,0.809274,17.807522,1,12680,1,1,0,0,1,0,0,0,0,0,0,0,0,0
3124,17,f5c7fe91cf031bb0,1.652736,16.872012,1,12454,1,0,0,0,0,0,0,0,0,0,0,0,0,1
3125,17,669f46a110a31f82,2.285292,19.633001,1,12708,2,1,0,0,1,0,0,0,0,0,0,0,0,1
3126,17,ec8e3ce753eec99d,1.716854,20.0,1,12595,1,1,0,0,1,0,0,0,0,0,0,0,0,1
3127,17,3a3fbcb151845e70,2.333462,16.307829,0,12680,1,0,0,0,0,0,0,0,0,0,0,0,0,0
3128,17,97e005eb07344a5c,1.754797,19.224724,1,12832,1,1,0,0,1,0,0,0,0,0,0,0,0,1
3129,17,f22432a8f96d3e2c,1.318313,17.921661,1,13221,1,1,0,0,1,0,0,0,0,0,0,0,0,0
3130,17,2f6c75b31688d740,2.034053,16.942718,1,13061,1,0,0,0,0,0,0,0,0,0,0,0,0,1
3131,17,7605f8eaee537d23,1.529637,19.702169,1,13220,1,1,0,0,1,0,0,0,0,0,0,0,0,1
3132,17,ed68bd676421f029,1.149159,18.280348,1,13331,1,1,0,0,1,0,0,0,0,0,0,0,0,0
3133,17,12c831804415f678,1.906973,17.212186,1,13211,1,0,0,0,0,0,0,0,0,0,0,0,0,1
3134,17,6f8a800bce277825,1.432638,19.888561,1,13311,1,1,0,0,1,0,0,0,0,0,0,0,0,1
3135,17,de87318c571bf485,2.121515,18.436983,1,13205,2,1,0,0,1,0,0,0,0,0,0,0,0,0
3136,17,2c73347c17cd2efe,2.637468,17.329861,1,13283,1,0,0,0,0,0,0,0,0,0,0,0,0,1
3137,17,f69de7f148390bdd,1.981431,16.498121,1,13637,1,1,0,0,1,0,0,0,0,0,0,0,0,0
3138,17,f675cd235f32f14c,1.490064,19.367826,1,13296,1,1,0,0,1,0,0,0,0,0,0,0,0,1
3139,17,0e09fc423c5dca21,1.11943,18.029168,1,13579,1,1,0,0,1,0,0,0,0,0,0,0,0,0
3140,17,12a00da87496696f,1.884639,17.023484,1,13551,1,0,0,0,0,0,0,0,0,0,0,0,0,1
3141,17,d0d10bcb58a70397,1.415859,19.746796,1,13392,1,1,0,0,1,0,0,0,0,0,0,0,0,1
3142,17,4c1bb360cd0c1de9,2.108897,18.330374,1,13326,2,1,0,0,0,0,0,0,0,0,0,0,0,1
3143,17,4545f841f8d87924,2.627988,17.249769,1,13477,1,0,0,0,1,0,0,0,0,0,0,0,0,0
3144,17,0c41a3a58635c657,1.97431,19.916796,1,13123,1,1,0,0,1,0,0,0,0,0,0,0,0,1
3145,17,6ada593448b49e90,2.528859,14.977714,0,12775,1,0,0,0,0,0,0,0,0,0,0,0,0,0
3146,17,530fe57b57393246,1.899838,18.209886,1,13106,1,1,0,0,1,0,0,0,0,0,0,0,0,1
3147,17,5466ee51ade3da13,1.427277,20.0,1,13079,1,1,0,0,1,0,0,0,0,0,0,0,0,1
3148,17,eb3f09a38e17a154,2.115913,18.983474,1,13117,1,0,0,0,0,0,0,0,0,0,0,0,0,1
3149,17,7cc5541adc965029,2.635347,17.756345,1,13104,2,1,0,0,1,0,0,0,0,0,0,0,0,0
3150,17,c617f4287e52b524,3.023491,16.818523,1,13190,1,0,0,0,0,0,0,0,0,0,0,0,0,1
3151,17,4d936e408510bb2d,1.227783,16.113972,1,13297,0,1,0,0,1,0,0,0,0,0,0,0,0,0
3152,18,1fd48474a6be9a50,1.967461,19.07894,1,13879,2,1,0,0,1,0,0,0,0,0,0,0,0,1
3153,18,530e0ea8d92a6d51,2.521733,17.812139,1,14049,1,0,0,0,0,0,0,0,0,0,0,0,0,1
3154,18,9d91a06f605c6d81,1.894484,16.860439,1,14045,1,1,0,0,1,0,0,0,0,0,0,0,0,0
3155,18,1bedfd585b1aa4b9,2.466908,16.145462,1,14195,1,0,0,0,0,0,0,0,0,0,0,0,0,1
3156,18,26a9669cba5af3ef,1.85515,15.622119,1,14154,1,1,0,0,1,0,0,0,0,0,0,0,0,0
3157,18,4f55c5e4b2d3c044,1.393705,18.694003,1,14283,1,1,0,0,1,0,0,0,0,0,0,0,0,1
3158,18,429a6cfc04b09590,2.090692,14.044106,0,14123,1,0,0,0,0,0,0,0,0,0,0,0,0,0
3159,18,bfd1095e82cc3b3f,1.57223,17.522371,1,13976,1,1,0,0,1,0,0,0,0,0,0,0,0,1
3160,18,e8a24dfe484cb614,1.181158,16.642747,1,14075,1,1,0,0,1,0,0,0,0,0,0,0,0,0
3161,18,a8eb40163c807ab7,1.931013,15.981918,1,13964,1,0,0,0,0,0,0,0,0,0,0,0,0,1
3162,18,b734eb68cadec0ba,1.450698,15.485462,1,14030,1,1,0,0,1,0,0,0,0,0,0,0,0,0
3163,18,03ed9d518f369873,1.090945,18.606292,1,13953,1,1,0,0,1,0,0,0,0,0,0,0,0,1
3164,18,cd43fcebe8f5e6e6,1.86324,13.978211,0,13878,1,0,0,0,0,0,0,0,0,0,0,0,0,0
3165,18,338e1a6d9a9334b5,1.399782,17.458997,1,13898,1,1,0,0,1,0,0,0,0,0,0,0,0,1
3166,18,f71f04d2a5841727,1.052656,16.609916,1,13994,1,1,0,0,1,0,0,0,0,0,0,0,0,0
3167,18,dab4ff966e399802,2.878128,15.957254,1,13914,2,0,0,0,0,0,0,0,0,0,0,0,0,1
3168,18,339e340883d8ecaf,2.16223,18.945777,1,14045,1,1,0,0,1,0,0,0,0,0,0,0,0,1
3169,18,0f3eea50b2030a66,1.624403,20.0,1,14087,1,1,0,0,1,0,0,0,0,0,0,0,0,1
3170,18,157d3461e0a7f335,1.221574,20.0,1,13991,1,1,0,0,1,0,0,0,0,0,0,0,0,1
3171,18,f1991b9aba19249f,1.961376,17.201581,0,14008,1,0,0,0,0,0,0,0,0,0,0,0,0,0
3172,18,f0cae4ef532c2023,1.473509,19.880594,1,13931,1,1,0,0,1,0,0,0,0,0,0,0,0,1
3173,18,3dc875a761d5c5ef,1.108099,20.0,1,13951,1,1,0,0,1,0,0,0,0,0,0,0,0,1
3174,18,e90cc852e180b7a9,1.876127,16.461286,0,14069,1,0,0,0,0,0,0,0,0,0,0,0,0,0
3175,18,0843c071791750a4,2.453117,19.324438,1,13885,2,1,0,0,1,0,0,0,0,0,0,0,0,1
3176,18,e7652621d19bb2aa,1.842935,20.0,1,13974,1,1,0,0,1,0,0,0,0,0,0,0,0,1
3177,18,83403ab2ce2e5edc,1.385914,20.0,1,13923,1,1,0,0,1,0,0,0,0,0,0,0,0,1
3178,18,31f44b91b5854a60,2.084839,17.362297,0,13915,1,0,0,0,0,0,0,0,0,0,0,0,0,0
3179,18,9eeb382b0724ec5e,1.566261,20.0,1,14126,1,1,0,0,1,0,0,0,0,0,0,0,0,1
3180,18,8cf44fb6a5bc2678,1.177851,20.0,1,13786,1,1,0,0,1,0,0,0,0,0,0,0,0,1
3181,18,26302fd6db433208,1.928529,20.0,1,14010,1,0,0,0,0,0,0,0,0,0,0,0,0,1
3182,18,212d5aa4658ea2f7,1.448831,18.510365,1,13881,1,1,0,0,1,0,0,0,0,0,0,0,0,0
3183,18,37a5a18fb6caef37,1.088453,20.0,1,13899,1,1,0,0,1,0,0,0,0,0,0,0,0,1
3184,18,79c0b206a03c3fd7,0.818532,19.170403,1,14195,1,1,0,0,1,0,0,0,0,0,0,0,0,0
3185,18,c2376b0af88b997c,1.658586,17.880851,1,14015,1,0,0,0,0,0,0,0,0,0,0,0,0,1
3186,18,6484211bcaa3988b,2.289687,20.0,1,14044,2,1,0,0,1,0,0,0,0,0,0,0,0,1
3187,18,bb6c2f7a25964c84,1.721877,20.0,1,14019,1,1,0,0,1,0,0,0,0,0,0,0,0,1
3188,18,f466ea3e27881dcb,1.293582,20.0,1,13924,1,1,0,0,1,0,0,0,0,0,0,0,0,0
3189,18,8ee71a2f84ad9e11,2.015473,18.675712,1,13968,1,0,0,0,0,0,0,0,0,0,0,0,0,1
3190,18,831e682f06209d94,1.51415,20.0,1,13996,1,1,0,0,1,0,0,0,0,0,0,0,0,1
3191,18,13070a4d1d516b5a,1.138662,19.263817,1,13915,1,1,0,0,1,0,0,0,0,0,0,0,0,0
3192,18,b4a7747b9ea2a33b,1.899088,20.0,1,13981,2,1,0,0,1,0,0,0,0,0,0,0,0,1
3193,18,b5c8f90ae8f713ac,2.470367,19.578308,1,13942,1,0,0,0,0,0,0,0,0,0,0,0,0,1
3194,18,5146b576adaaaecf,1.857751,20.0,1,14044,1,1,0,0,1,0,0,0,0,0,0,0,0,1
3195,18,6582a72f0b630679,1.395659,20.0,1,13979,1,1,0,0,1,0,0,0,0,0,0,0,0,1
3196,18,b40d1b22d6b1cd91,2.09216,17.4655,0,14011,1,0,0,0,0,0,0,0,0,0,0,0,0,0
3197,18,63b42876cdc021c6,2.615415,20.0,1,13863,2,1,0,0,1,0,0,0,0,0,0,0,0,1
3198,18,9420ee3eaa337cb4,1.966829,20.0,1,14071,1,1,0,0,1,0,0,0,0,0,0,0,0,1
3199,18,3785343bf90ad03b,1.477605,20.0,1,13869,1,1,0,0,1,0,0,0,0,0,0,0,0,1
3200,18,ca1cd686e1be0b6e,2.153723,20.0,1,13667,1,0,0,0,0,0,0,0,0,0,0,0,0,1
3201,18,4bef6431765ec49e,1.61963,19.390716,1,14029,1,1,0,0,1,0,0,0,0,0,0,0,0,0
3202,18,3470a039844d0a69,1.216768,20.0,1,13997,1,1,0,0,1,0,0,0,0,0,0,0,0,1
3203,18,d518e4dbd53e5059,0.914112,19.649929,1,14058,1,1,0,0,1,0,0,0,0,0,0,0,0,0
3204,18,1a847b388865ff47,0.686738,20.0,1,14044,1,1,0,0,1,0,0,0,0,0,0,0,0,1
3205,18,03cfcaa9035e4e59,1.560587,20.0,1,13874,2,1,0,0,1,0,0,0,0,0,0,0,0,1
3206,18,a2cf50b1b231b827,2.216064,20.0,1,14093,1,0,0,0,0,0,0,0,0,0,0,0,0,1
3207,18,8ac5bb007fe7c1a1,1.664846,19.239802,1,13968,1,1,0,0,1,0,0,0,0,0,0,0,0,0
3208,18,22dd7eb789d4562f,1.251988,20.0,1,13916,1,1,0,0,1,0,0,0,0,0,0,0,0,1
3209,18,069a9fbefe13cddc,0.940572,19.578108,1,14000,1,1,0,0,0,0,0,0,0,0,0,0,0,1
3210,18,812c81a3455de134,2.793923,20.0,1,14012,2,0,0,0,1,0,0,0,0,0,0,0,0,1
3211,18,ee0b347b118b70fc,2.09897,20.0,1,14240,1,1,0,0,1,0,0,0,0,0,0,0,0,1
3212,18,106f55a5d876ae85,1.578455,17.472703,0,14016,1,1,0,0,0,0,0,0,0,0,0,0,0,0
3213,18,b230b5c2b1072d46,2.229488,20.0,1,13947,1,0,0,0,1,0,0,0,0,0,0,0,0,1
3214,18,f8d8d8adc44bb262,2.718584,20.0,1,13908,2,1,0,0,1,0,0,0,0,0,0,0,0,1
3215,18,20f0d3bb32f6f13b,2.044414,20.0,1,14014,1,1,0,0,1,0,0,0,0,0,0,0,0,1
3216,18,6a8d869beb488128,1.535892,20.0,1,14005,1,1,0,0,1,0,0,0,0,0,0,0,0,0
3217,18,38d4f03f658cd6b5,2.197512,19.378299,1,13875,1,0,0,0,0,0,0,0,0,0,0,0,0,1
3218,18,778f339acc9c5240,1.650908,18.037036,1,13969,1,1,0,0,1,0,0,0,0,0,0,0,0,0
3219,18,9ad5be94a1495bb6,1.241507,20.0,1,13981,1,1,0,0,1,0,0,0,0,0,0,0,0,1
3220,18,1b63866609a63433,1.976351,18.898593,1,13946,1,0,0,0,0,0,0,0,0,0,0,0,0,1
3221,18,be1d7f3204c52d69,2.528412,20.0,1,13924,2,1,0,0,1,0,0,0,0,0,0,0,0,1
3222,18,80c3934cd8b20395,1.901402,19.389736,1,13930,1,1,0,0,1,0,0,0,0,0,0,0,0,0
3223,18,ae359f7eaa3147d5,1.428452,18.045628,1,14002,1,1,0,0,0,0,0,0,0,0,0,0,0,1
3224,18,6b37baef58bd0d48,2.116796,20.0,1,13897,1,0,0,0,1,0,0,0,0,0,0,0,0,1
3225,18,9ccd685e3d50fbd0,1.59027,20.0,1,14093,1,1,0,0,1,0,0,0,0,0,0,0,0,1
3226,18,4a5b49b34e20e814,1.195905,20.0,1,13945,1,1,0,0,1,0,0,0,0,0,0,0,0,0
3227,18,97edeee25ab2262c,2.985746,18.731556,1,13920,2,0,0,0,0,0,0,0,0,0,0,0,0,1
3228,18,189db442d45b4dba,2.243079,20.0,1,13980,1,1,0,0,1,0,0,0,0,0,0,0,0,1
3229,18,0c095d052210a546,2.730978,19.295367,1,13889,1,0,0,0,0,0,0,0,0,0,0,0,0,1
3230,18,3bbbd8f5a7099e89,2.051682,17.974732,1,14008,1,1,0,0,1,0,0,0,0,0,0,0,0,0
3231,18,cd4cd762f1161002,2.585005,16.982589,1,14166,1,0,0,0,0,0,0,0,0,0,0,0,0,1
3232,18,c0b2cd7357d9031a,1.942018,16.237229,1,13969,1,1,0,0,1,0,0,0,0,0,0,0,0,0
3233,18,7008db858af2eeae,2.504576,15.691129,1,14093,1,0,0,0,0,0,0,0,0,0,0,0,0,1
3234,18,7c0df5440a29d319,1.881594,15.267003,1,14188,1,1,0,0,1,0,0,0,0,0,0,0,0,0
3235,18,08c3c854453b0f58,2.457225,14.948373,1,13973,2,1,0,0,0,0,0,0,0,0,0,0,0,1
3236,18,e33e2ec59b8a3942,2.892018,18.202393,1,14005,1,0,0,0,1,0,0,0,0,0,0,0,0,1
3237,18,f4b797aa8e73a3bc,2.172665,20.0,1,14077,1,1,0,0,1,0,0,0,0,0,0,0,0,1
3238,18,a12dd495bc0c15b5,2.675896,15.500401,0,14020,1,0,0,0,0,0,0,0,0,0,0,0,0,0
3239,18,f7f186c686b71cf1,2.0103,18.602561,1,14013,1,1,0,0,1,0,0,0,0,0,0,0,0,1
3240,18,f9dc543e5cb086d8,2.555925,17.469893,1,13685,1,0,0,0,0,0,0,0,0,0,0,0,0,1
3241,18,09b1dd70b524f8b6,1.920171,16.603322,1,13968,1,1,0,0,1,0,0,0,0,0,0,0,0,0
3242,18,4bbcd39d38d3c0b0,1.442553,19.431144,1,14405,1,1,0,0,1,0,0,0,0,0,0,0,0,1
3243,18,ebf6fc047500ea69,2.128971,18.092999,1,14377,1,0,0,0,0,0,0,0,0,0,0,0,0,1
3244,18,e36599f44bff2308,2.643069,20.0,1,14263,2,1,0,0,1,0,0,0,0,0,0,0,0,1
3245,18,68d7e2dd7f04ca7c,0.941986,18.917504,1,14034,0,1,0,0,1,0,0,0,0,0,0,0,0,0
3246,18,2d244eaa0d05a136,1.751332,17.690858,1,14264,2,1,0,0,0,0,0,0,0,0,0,0,0,1
3247,18,7fc983ff58e3d769,2.361177,16.784279,1,13987,1,0,0,0,1,0,0,0,0,0,0,0,0,0
3248,18,68175ec6fb8be8df,1.773864,19.56709,1,14034,1,1,0,0,1,0,0,0,0,0,0,0,0,1
3249,18,1a84fcf1ac4acdb2,1.332638,18.178868,1,13960,1,1,0,0,1,0,0,0,0,0,0,0,0,0
3250,18,aaf84baeb3acb92d,2.046313,17.15127,1,13846,1,0,0,0,0,0,0,0,0,0,0,0,0,1
3251,18,d568457823951ea9,1.537319,16.363952,1,13887,1,1,0,0,1,0,0,0,0,0,0,0,0,0
3252,18,ad1fa2d5c578b53f,1.15493,19.251315,1,13856,1,1,0,0,1,0,0,0,0,0,0,0,0,1
3253,18,6e3bb6a9009c0c41,1.911309,17.941637,1,13845,1,0,0,0,0,0,0,0,0,0,0,0,0,1
3254,18,162ab713abaa13c2,1.437332,16.972869,1,14012,1,1,0,0,1,0,0,0,0,0,0,0,0,0
3255,18,107d0506462a3b75,1.079814,19.708771,1,13734,1,1,0,0,1,0,0,0,0,0,0,0,0,1
3256,18,5af221057714ad43,0.811224,18.285307,1,14006,1,1,0,0,1,0,0,0,0,0,0,0,0,0
3257,18,5d65d00bf9a360a2,1.654202,17.231313,1,13873,1,0,0,0,0,0,0,0,0,0,0,0,0,1
3258,18,2c8efdba77234b6d,1.24274,16.424086,1,13689,1,1,0,0,1,0,0,0,0,0,0,0,0,0
3259,18,5542ee8f6a853c24,0.933624,19.296491,1,13892,1,1,0,0,1,0,0,0,0,0,0,0,0,1
3260,18,2832e5d49c9b0c4e,0.701397,17.975577,1,13865,1,1,0,0,1,0,0,0,0,0,0,0,0,0
3261,18,aee0b5e6371d63ec,0.527461,20.0,1,13912,1,1,0,0,1,0,0,0,0,0,0,0,0,1
3262,18,41e23e56ef166d68,1.439915,15.385027,0,13954,1,0,0,0,0,0,0,0,0,0,0,0,0,0
3263,18,aba7f86ceeb20e78,1.081754,18.515885,1,14032,1,1,0,0,1,0,0,0,0,0,0,0,0,1
3264,18,eebe19e30392d06e,0.813495,17.404711,1,13859,1,1,0,0,1,0,0,0,0,0,0,0,0,0
3265,18,af0c652477605ee9,0.611148,20.0,1,14005,1,1,0,0,1,0,0,0,0,0,0,0,0,1
3266,18,73ba0aa13a6569d1,0.459133,18.529037,1,14081,1,1,0,0,1,0,0,0,0,0,0,0,0,0
3267,18,c9fdb98c19bc5046,1.388583,17.399017,1,13862,1,0,0,0,0,0,0,0,0,0,0,0,0,1
3268,18,b047f7f57469ff24,1.044234,20.0,1,13991,1,1,0,0,1,0,0,0,0,0,0,0,0,1
3269,18,a2ef07f3074323ab,0.784494,18.538138,1,13842,1,1,0,0,1,0,0,0,0,0,0,0,0,0
3270,18,7b8b07f848332940,0.589361,20.0,1,13951,1,1,0,0,1,0,0,0,0,0,0,0,0,1
3271,18,8c7fafd72aa631a8,1.487358,15.705592,0,14023,1,0,0,0,0,0,0,0,0,0,0,0,0,0
3272,18,0fb755ff114db72a,1.117397,18.756713,1,13991,1,1,0,0,1,0,0,0,0,0,0,0,0,1
3273,18,cb20442e46314204,0.839458,17.570062,1,13889,1,1,0,0,1,0,0,0,0,0,0,0,0,0
3274,18,fd7428ced4dd47b5,0.630654,20.0,1,13950,1,1,0,0,1,0,0,0,0,0,0,0,0,1
3275,18,ee09c7c1cdd66093,2.562562,18.639169,1,14003,2,0,0,0,0,0,0,0,0,0,0,0,0,1
3276,18,4ee464f3c610058c,1.925157,20.0,1,13876,1,1,0,0,1,0,0,0,0,0,0,0,0,1
3277,18,b958bfa6c7b1c4c8,1.446298,20.0,1,13985,1,1,0,0,1,0,0,0,0,0,0,0,0,1
3278,18,1bf3c205c3ffcffd,2.131787,17.074186,0,14018,1,0,0,0,0,0,0,0,0,0,0,0,0,0
3279,18,0eafdbd4655a3212,1.601532,19.784887,1,13845,1,1,0,0,1,0,0,0,0,0,0,0,0,1
3280,18,33e86e38e5c3b727,1.203171,20.0,1,13636,1,1,0,0,1,0,0,0,0,0,0,0,0,1
3281,18,7fb4d43df930dda4,0.903898,19.872398,1,13437,1,1,0,0,1,0,0,0,0,0,0,0,0,0
3282,18,90fab2d2d7d4cf9d,0.679744,20.0,1,13134,1,1,0,0,1,0,0,0,0,0,0,0,0,1
3283,18,91d0c4b6942c14d4,1.55432,16.456655,0,13093,1,0,0,0,0,0,0,0,0,0,0,0,0,0
3284,18,efe864e44cd703a1,1.167702,19.320959,1,12904,1,1,0,0,1,0,0,0,0,0,0,0,0,1
3285,18,043a1d9b5802afdc,0.878129,18.010138,1,12720,1,1,0,0,1,0,0,0,0,0,0,0,0,0
3286,18,1335dfb8260e2ec3,0.659705,20.0,1,12843,1,1,0,0,1,0,0,0,0,0,0,0,0,1
3287,18,a038d7536b939ca4,0.495612,18.870738,1,13068,1,1,0,0,1,0,0,0,0,0,0,0,0,0
3288,18,18d2377da795380e,0.372335,20.0,1,12904,1,1,0,0,1,0,0,0,0,0,0,0,0,1
3289,18,e50b44167a542d20,1.324151,15.893497,0,12878,1,0,0,0,0,0,0,0,0,0,0,0,0,0
3290,18,c2255163bcbd8432,0.994786,18.897879,1,13070,1,1,0,0,1,0,0,0,0,0,0,0,0,1
3291,18,89cb68f1f5b3a4a4,0.747345,17.676115,1,13207,1,1,0,0,1,0,0,0,0,0,0,0,0,0
3292,18,d2b460fb73eae9b3,0.562014,16.773192,1,12810,1,1,0,0,0,0,0,0,0,0,0,0,0,1
3293,18,2adafdaa3ab4ff25,1.465874,16.079917,1,13295,1,0,0,0,1,0,0,0,0,0,0,0,0,0
3294,18,37f38b754bfe3828,1.101256,19.037929,1,13246,1,1,0,0,1,0,0,0,0,0,0,0,0,1
3295,18,bc2728f1e5d84c24,0.827333,17.781329,1,13214,1,1,0,0,1,0,0,0,0,0,0,0,0,0
3296,18,93ff6a163b2027e2,0.622166,20.0,1,12993,1,1,0,0,1,0,0,0,0,0,0,0,0,1
3297,18,f2319fbd1e0d9dcc,1.511063,15.275285,0,13236,1,0,0,0,0,0,0,0,0,0,0,0,0,0
3298,18,19027a1f42566496,1.135205,18.433439,1,13179,1,1,0,0,1,0,0,0,0,0,0,0,0,1
3299,18,78acd2fb364c00a5,1.897841,20.0,1,13246,2,1,0,0,1,0,0,0,0,0,0,0,0,1
3300,18,b9daebd456301490,1.425777,19.122546,1,13304,1,1,0,0,1,0,0,0,0,0,0,0,0,0
3301,18,f3592912ebd8db97,2.114786,17.844898,1,13339,1,0,0,0,0,0,0,0,0,0,0,0,0,1
3302,18,8e501e84eae5bb56,1.58876,16.885049,1,13223,1,1,0,0,1,0,0,0,0,0,0,0,0,0
3303,18,b0049f19b45f62e5,1.19477,19.658801,1,13351,1,1,0,0,1,0,0,0,0,0,0,0,0,1
3304,18,2b022b2f0e2bce78,1.941239,20.0,1,13310,2,1,0,0,1,0,0,0,0,0,0,0,0,1
3305,18,a818e224b3af62f2,1.458381,19.801236,1,13418,1,1,0,0,0,0,0,0,0,0,0,0,0,1
3306,18,9a1638b48b93dcdd,2.140874,20.0,1,13375,1,0,0,0,1,0,0,0,0,0,0,0,0,1
3307,18,b8a422ee98ed9db5,1.608358,19.895296,1,13433,1,1,0,0,1,0,0,0,0,0,0,0,0,0
3308,18,e3ca0bb1b4817483,1.208299,20.0,1,13519,1,1,0,0,1,0,0,0,0,0,0,0,0,1
3309,18,e1cd58b7f7740e6a,0.90775,20.0,1,13657,1,1,0,0,1,0,0,0,0,0,0,0,0,1
3310,18,0a055c8ce5886cd0,1.726792,20.0,1,13465,2,1,0,0,0,0,0,0,0,0,0,0,0,1
3311,18,25c60933576c7b5a,2.340927,20.0,1,14013,1,0,0,0,1,0,0,0,0,0,0,0,0,1
3312,18,1c619b9c877bd0f1,1.758651,20.0,1,14948,1,1,0,0,1,0,0,0,0,0,0,0,0,0
3313,18,cbadb61243f87e4f,2.366681,20.0,1,14608,2,1,0,0,1,0,0,0,0,0,0,0,0,1
3314,18,30281fc51f7588c7,2.821653,20.0,1,15701,1,0,0,0,0,0,0,0,0,0,0,0,0,1
3315,18,3c0c17b60f5363fe,2.119802,20.0,1,15311,1,1,0,0,1,0,0,0,0,0,0,0,0,1
3316,18,2cf6ed325cb5c6db,1.592528,20.0,1,14928,1,1,0,0,1,0,0,0,0,0,0,0,0,1
3317,18,4bd2549b6cf8b993,3.285905,20.0,1,14488,2,0,0,0,0,0,0,0,0,0,0,0,0,1
3318,18,62ea9c7f484be354,2.468577,20.0,1,14431,1,1,0,0,1,0,0,0,0,0,0,0,0,1
3319,18,37e653a8483c9ced,2.898203,17.238081,0,13945,1,0,0,0,0,0,0,0,0,0,0,0,0,0
3320,18,13e1ba58a0d336f6,2.17949,19.924286,1,14310,1,1,0,0,1,0,0,0,0,0,0,0,0,1
3321,18,7a52d31acc434d5c,2.681023,18.447216,1,14316,1,0,0,0,0,0,0,0,0,0,0,0,0,1
3322,18,bcbe418449208be8,2.014152,17.337548,1,13947,1,1,0,0,1,0,0,0,0,0,0,0,0,0
3323,18,c1b79a6a0ca6734d,2.556811,16.503896,1,14050,1,0,0,0,0,0,0,0,0,0,0,0,0,1
3324,18,e4732d1f70a945e7,1.922758,15.891667,1,13855,1,1,0,0,1,0,0,0,0,0,0,0,0,0
3325,18,d5c3106195c2dfde,2.48815,18.896504,1,14033,2,1,0,0,1,0,0,0,0,0,0,0,0,1
3326,18,816f88df7bfc3b34,2.912907,17.675082,1,13389,1,0,0,0,0,0,0,0,0,0,0,0,0,1
3327,18,c00e31d686a1e32d,3.234698,16.772415,1,13100,1,0,0,0,0,0,0,0,0,0,0,0,0,1
3328,18,48e10bd50c6ab2f5,2.430108,16.079333,1,13169,1,1,0,0,1,0,0,0,0,0,0,0,0,0
3329,18,5ef87aca0017fc45,2.869303,15.558646,1,13397,1,0,0,0,0,0,0,0,0,0,0,0,0,1
3330,18,010459e10ddcb9eb,2.1556,15.167474,1,13139,1,1,0,0,1,0,0,0,0,0,0,0,0,0
3331,18,0324f83f1b28e13c,2.665192,14.886658,1,13022,1,0,0,0,0,0,0,0,0,0,0,0,0,1
3332,19,1fd48474a6be9a50,2.002259,14.662634,1,13897,1,1,0,0,1,0,0,0,0,0,0,0,0,0
3333,19,530e0ea8d92a6d51,1.504223,17.973178,1,14004,1,1,0,0,1,0,0,0,0,0,0,0,0,1
3334,19,9d91a06f605c6d81,2.175347,16.996588,1,14064,1,0,0,0,0,0,0,0,0,0,0,0,0,1
3335,19,1bedfd585b1aa4b9,1.634257,16.247746,1,14329,1,1,0,0,1,0,0,0,0,0,0,0,0,0
3336,19,26a9669cba5af3ef,1.227756,19.164013,1,14216,1,1,0,0,1,0,0,0,0,0,0,0,0,1
3337,19,4f55c5e4b2d3c044,1.966021,17.876051,1,14248,1,0,0,0,0,0,0,0,0,0,0,0,0,1
3338,19,429a6cfc04b09590,2.522626,20.0,1,14061,2,1,0,0,1,0,0,0,0,0,0,0,0,1
3339,19,bfd1095e82cc3b3f,1.895155,20.0,1,14097,1,1,0,0,1,0,0,0,0,0,0,0,0,1
3340,19,e8a24dfe484cb614,2.467412,16.743005,0,13966,1,0,0,0,0,0,0,0,0,0,0,0,0,0
3341,19,a8eb40163c807ab7,1.855529,19.551982,1,13883,1,1,0,0,1,0,0,0,0,0,0,0,0,1
3342,19,b734eb68cadec0ba,1.39399,18.167518,1,13927,1,1,0,0,1,0,0,0,0,0,0,0,0,0
3343,19,03ed9d518f369873,2.090906,17.127421,1,14126,1,0,0,0,0,0,0,0,0,0,0,0,0,1
3344,19,cd43fcebe8f5e6e6,1.570819,16.346036,1,13950,1,1,0,0,1,0,0,0,0,0,0,0,0,0
3345,19,338e1a6d9a9334b5,1.181279,19.253455,1,13819,1,1,0,0,1,0,0,0,0,0,0,0,0,1
3346,19,f71f04d2a5841727,0.88745,17.943246,1,14066,1,1,0,0,1,0,0,0,0,0,0,0,0,0
3347,19,dab4ff966e399802,1.710362,20.0,1,14065,2,1,0,0,1,0,0,0,0,0,0,0,0,1
3348,19,339e340883d8ecaf,2.330367,18.850003,1,13806,1,0,0,0,0,0,0,0,0,0,0,0,0,1
3349,19,0f3eea50b2030a66,1.750717,17.640147,1,14088,1,1,0,0,1,0,0,0,0,0,0,0,0,0
3350,19,157d3461e0a7f335,1.315249,20.0,1,14006,1,1,0,0,1,0,0,0,0,0,0,0,0,1
3351,19,f1991b9aba19249f,0.988097,18.661916,1,14052,1,1,0,0,1,0,0,0,0,0,0,0,0,0
3352,19,f0cae4ef532c2023,1.787214,17.514529,1,13968,1,0,0,0,0,0,0,0,0,0,0,0,0,1
3353,19,3dc875a761d5c5ef,1.342667,16.636855,1,14068,1,1,0,0,1,0,0,0,0,0,0,0,0,0
3354,19,e90cc852e180b7a9,2.052349,19.456336,1,14032,2,1,0,0,1,0,0,0,0,0,0,0,0,1
3355,19,0843c071791750a4,2.587546,18.111944,1,13985,1,0,0,0,0,0,0,0,0,0,0,0,0,1
3356,19,e7652621d19bb2aa,1.943927,17.085671,1,13792,1,1,0,0,1,0,0,0,0,0,0,0,0,0
3357,19,83403ab2ce2e5edc,1.460399,19.793515,1,13946,1,1,0,0,1,0,0,0,0,0,0,0,0,1
3358,19,31f44b91b5854a60,1.097143,14.870128,0,13959,1,1,0,0,0,0,0,0,0,0,0,0,0,0
3359,19,9eeb382b0724ec5e,1.869218,18.143551,1,13977,1,0,0,0,1,0,0,0,0,0,0,0,0,1
3360,19,8cf44fb6a5bc2678,1.404274,17.109416,1,13909,1,1,0,0,1,0,0,0,0,0,0,0,0,0
3361,19,26302fd6db433208,1.054978,19.811354,1,13863,1,1,0,0,1,0,0,0,0,0,0,0,0,1
3362,19,212d5aa4658ea2f7,0.793359,14.898421,0,14069,1,1,0,0,0,0,0,0,0,0,0,0,0,0
3363,19,37a5a18fb6caef37,1.639674,18.150316,1,13979,1,0,0,0,1,0,0,0,0,0,0,0,0,1
3364,19,79c0b206a03c3fd7,1.231826,17.114498,1,13977,1,1,0,0,1,0,0,0,0,0,0,0,0,0
3365,19,c2376b0af88b997c,0.925425,19.815172,1,14064,1,1,0,0,1,0,0,0,0,0,0,0,0,1
3366,19,6484211bcaa3988b,1.740083,14.901292,0,13970,1,0,0,0,0,0,0,0,0,0,0,0,0,0
3367,19,bb6c2f7a25964c84,1.307259,18.152472,1,13907,1,1,0,0,1,0,0,0,0,0,0,0,0,1
3368,19,66b1f64089a6f384,2.025748,20.0,1,14010,2,1,0,0,1,0,0,0,0,0,0,0,0,1
3369,19,ea8c132e457af786,1.523392,18.968207,1,13934,1,1,0,0,1,0,0,0,0,0,0,0,0,0
3370,19,052f36be903b4c06,1.144467,20.0,1,13930,1,1,0,0,1,0,0,0,0,0,0,0,0,1
3371,19,8e82ec90f90651e7,1.903449,19.411467,1,14158,1,0,0,0,0,0,0,0,0,0,0,0,0,1
3372,19,4f7951c9fb9652a2,1.42999,18.061954,1,14027,1,1,0,0,1,0,0,0,0,0,0,0,0,0
3373,19,f016206e344ce587,1.075373,20.0,1,13870,1,1,0,0,1,0,0,0,0,0,0,0,0,1
3374,19,5ba81e783bc90e5a,1.851541,20.0,1,14012,2,1,0,0,1,0,0,0,0,0,0,0,0,1
3375,19,9d8db8f22ff60f9d,2.434647,20.0,1,13833,1,0,0,0,0,0,0,0,0,0,0,0,0,1
3376,19,44ad3895b244c363,1.830889,18.746958,1,13984,1,1,0,0,1,0,0,0,0,0,0,0,0,0
3377,19,88629ac0345bb1c9,1.375478,20.0,1,13855,1,1,0,0,1,0,0,0,0,0,0,0,0,1
3378,19,215465aa6c28dd49,1.033346,19.286595,1,14049,1,1,0,0,1,0,0,0,0,0,0,0,0,0
3379,19,8007f0e50cbef9ae,1.819967,17.968142,1,13741,1,0,0,0,0,0,0,0,0,0,0,0,0,1
3380,19,6a6af2333f7c7895,1.368641,20.0,1,13956,1,1,0,0,1,0,0,0,0,0,0,0,0,1
3381,19,68115330ee6f5242,2.071862,20.0,1,14032,2,1,0,0,1,0,0,0,0,0,0,0,0,1
3382,19,a13b260188e1f3b7,2.600166,16.782092,0,13905,1,0,0,0,0,0,0,0,0,0,0,0,0,0
3383,19,f54f97df93f344f4,1.955362,19.581376,1,13824,1,1,0,0,1,0,0,0,0,0,0,0,0,1
3384,19,c908fedde8991cc1,2.512644,20.0,1,13992,2,1,0,0,1,0,0,0,0,0,0,0,0,1
3385,19,1f6eb6897bd1ed9f,1.887655,19.757537,1,13953,1,1,0,0,1,0,0,0,0,0,0,0,0,0
3386,19,4786cfdc0b590fbd,1.418125,20.0,1,13799,1,1,0,0,1,0,0,0,0,0,0,0,0,1
3387,19,97615c34c129a5e4,2.110601,19.875005,1,13784,1,0,0,0,0,0,0,0,0,0,0,0,0,1
3388,19,66ec5d26f4a3d999,1.585615,18.410193,1,14019,1,1,0,0,1,0,0,0,0,0,0,0,0,0
3389,19,da9895b8aa83e9c2,1.191214,20.0,1,13843,1,1,0,0,1,0,0,0,0,0,0,0,0,1
3390,19,9fc64beb1b6b6a41,0.89581,19.113809,1,13691,1,1,0,0,1,0,0,0,0,0,0,0,0,0
3391,19,a8c5e45e033de514,1.716642,17.838335,1,13962,1,0,0,0,0,0,0,0,0,0,0,0,0,1
3392,19,e2e6cc85a627942b,1.289649,16.880119,1,14037,1,1,0,0,1,0,0,0,0,0,0,0,0,0
3393,19,354946ccb8d9d391,2.012518,19.639091,1,13950,2,1,0,0,1,0,0,0,0,0,0,0,0,1
3394,19,6c789d405d92b2d0,1.513442,18.249378,1,13829,1,1,0,0,0,0,0,0,0,0,0,0,0,1
3395,19,fa1f29844326a435,2.180646,20.0,1,13731,1,0,0,0,1,0,0,0,0,0,0,0,0,1
3396,19,417a3b73559fe227,1.638238,19.005763,1,13954,1,1,0,0,1,0,0,0,0,0,0,0,0,0
3397,19,73de4ca456f67608,1.231978,20.0,1,13753,1,1,0,0,1,0,0,0,0,0,0,0,0,1
3398,19,2b22b550c41342a2,3.012846,19.445886,1,13862,2,0,0,0,0,0,0,0,0,0,0,0,0,1
3399,19,d78247329391d4f5,2.263438,20.0,1,13840,1,1,0,0,1,0,0,0,0,0,0,0,0,1
3400,19,f3f222342b26624c,1.700437,20.0,1,14028,1,1,0,0,1,0,0,0,0,0,0,0,0,1
3401,19,7a11156482ce58b9,1.278753,20.0,1,13847,1,1,0,0,1,0,0,0,0,0,0,0,0,0
3402,19,7c363b45f80a8a46,2.004332,19.178044,1,13942,1,0,0,0,0,0,0,0,0,0,0,0,0,1
3403,19,2616e6a939d0f443,1.50578,20.0,1,13864,1,1,0,0,1,0,0,0,0,0,0,0,0,1
3404,19,ff7501c9d1008261,3.220669,19.547614,1,13816,2,0,0,0,0,0,0,0,0,0,0,0,0,1
3405,19,6dbf98f9583feb6c,2.419568,20.0,1,13959,1,1,0,0,1,0,0,0,0,0,0,0,0,1
3406,19,81e265c16bc271fb,1.817731,19.738482,1,13838,1,1,0,0,1,0,0,0,0,0,0,0,0,0
3407,19,8843d87dc6278afb,2.409247,20.0,1,13899,2,1,0,0,1,0,0,0,0,0,0,0,0,1
3408,19,f06b2cc8c9faa4e1,2.855938,19.86424,1,13784,1,0,0,0,0,0,0,0,0,0,0,0,0,1
3409,19,cda13bd006d67263,2.14556,18.402105,1,14058,1,1,0,0,1,0,0,0,0,0,0,0,0,0
3410,19,7e951139e7de5e49,1.611879,20.0,1,13856,1,1,0,0,1,0,0,0,0,0,0,0,0,1
3411,19,44860ef8de7b27bb,2.256306,19.10924,1,13831,1,0,0,0,0,0,0,0,0,0,0,0,0,1
3412,19,0b07a5ec9dcccd04,1.695079,17.834902,1,13989,1,1,0,0,1,0,0,0,0,0,0,0,0,0
3413,19,a0fd5b786556b247,1.273449,20.0,1,13862,1,1,0,0,1,0,0,0,0,0,0,0,0,1
3414,19,ddc0ea1302eb3d0d,2.000348,15.292991,0,13967,1,0,0,0,0,0,0,0,0,0,0,0,0,0
3415,19,155ed443a73593e6,2.548441,18.46155,1,13837,2,1,0,0,1,0,0,0,0,0,0,0,0,1
3416,19,9c220c012a2a3516,2.958202,17.348317,1,13908,1,0,0,0,0,0,0,0,0,0,0,0,0,1
3417,19,7224ce56f030f288,2.222386,19.990831,1,13953,1,1,0,0,1,0,0,0,0,0,0,0,0,1
3418,19,2be1d227850d2f24,2.715417,15.03339,0,13761,1,0,0,0,0,0,0,0,0,0,0,0,0,0
3419,19,eef9e0e3b48ade08,2.039991,18.251713,1,13812,1,1,0,0,1,0,0,0,0,0,0,0,0,1
3420,19,4e298f46f70226d7,2.576222,13.71183,0,13904,1,0,0,0,0,0,0,0,0,0,0,0,0,0
3421,19,0aff54cf4962c648,1.93542,17.258874,1,13721,1,1,0,0,1,0,0,0,0,0,0,0,0,1
3422,19,be2c7fe677edbcd0,2.499614,19.939923,1,13586,2,1,0,0,1,0,0,0,0,0,0,0,0,1
3423,19,43e0bf90e1eb0d44,2.92152,14.980118,0,13529,1,0,0,0,0,0,0,0,0,0,0,0,0,0
3424,19,45f84405c97c7188,2.194828,18.211692,1,13904,1,1,0,0,1,0,0,0,0,0,0,0,0,1
3425,19,c28badb5fe966f10,1.650542,17.175954,1,13979,1,1,0,0,1,0,0,0,0,0,0,0,0,0
3426,19,9bbf0363aaa4ccac,2.283644,16.382496,1,13983,1,0,0,0,0,0,0,0,0,0,0,0,0,1
3427,19,23e91ab57d250926,1.715616,15.786402,1,13992,1,1,0,0,1,0,0,0,0,0,0,0,0,0
3428,19,515c8b4db0202a24,2.332532,15.338578,1,13909,1,0,0,0,0,0,0,0,0,0,0,0,0,1
3429,19,01b7969e67b3c4a4,1.754097,15.015331,1,13721,1,1,0,0,1,0,0,0,0,0,0,0,0,0
3430,19,cd59df24142f7826,1.317788,18.238146,1,13950,1,1,0,0,1,0,0,0,0,0,0,0,0,1
3431,19,bbc125857b7577d5,0.990005,17.180482,1,13703,1,1,0,0,1,0,0,0,0,0,0,0,0,0
3432,19,886f5893c6b842c1,1.788648,16.400469,1,13684,1,0,0,0,0,0,0,0,0,0,0,0,0,1
3433,19,a4acb4243a3cb478,1.343744,15.799904,1,13879,1,1,0,0,1,0,0,0,0,0,0,0,0,0
3434,19,fe69a934ac92b7f1,1.009505,18.827566,1,13851,1,1,0,0,1,0,0,0,0,0,0,0,0,1
3435,19,cacc11c873729e75,1.802057,14.144446,0,14032,1,0,0,0,0,0,0,0,0,0,0,0,0,0
3436,19,d301544704c5bf7e,1.355172,17.597829,1,13873,1,1,0,0,1,0,0,0,0,0,0,0,0,1
3437,19,a7e8925b378bd6c8,1.01809,16.699435,1,13920,1,1,0,0,1,0,0,0,0,0,0,0,0,0
3438,19,41dfaa5384f0d6f6,0.764853,19.503351,1,13972,1,1,0,0,1,0,0,0,0,0,0,0,0,1
3439,19,3953ac3135ee574b,1.619331,14.666798,0,13869,1,0,0,0,0,0,0,0,0,0,0,0,0,0
3440,19,13027e2911575b92,2.260196,17.976306,1,13804,2,1,0,0,1,0,0,0,0,0,0,0,0,1
3441,19,d435479922017c64,1.698001,20.0,1,13896,1,1,0,0,1,0,0,0,0,0,0,0,0,1
3442,19,449ed79debca0b11,0.231991,15.372798,0,13951,0,1,0,0,0,0,0,0,0,0,0,0,0,0
3443,19,b2d1a2a8ca619bde,0.174461,15.041065,1,13949,1,1,0,0,1,0,0,0,0,0,0,0,0,0
3444,19,cb866cd2870cc126,2.218373,18.257479,1,14020,2,0,0,0,1,0,0,0,0,0,0,0,0,1
3445,19,986841c734bf269f,1.66658,20.0,1,13893,1,1,0,0,1,0,0,0,0,0,0,0,0,1
3446,19,00da6b0ed36f101f,1.253292,20.0,1,14119,1,1,0,0,1,0,0,0,0,0,0,0,0,1
3447,19,37919797698aa70e,0.941552,20.0,1,13931,1,1,0,0,1,0,0,0,0,0,0,0,0,0
3448,19,23a6ab37b37b2463,0.707352,20.0,1,13977,1,1,0,0,1,0,0,0,0,0,0,0,0,1
3449,19,fd1775c28dbd3cbf,1.575061,16.73411,0,14197,1,0,0,0,0,0,0,0,0,0,0,0,0,0
3450,19,ca3e9083b7a1bd3f,1.184468,19.545293,1,13979,1,1,0,0,1,0,0,0,0,0,0,0,0,1
3451,19,1fc3bfb8f5f5f22a,0.889847,18.162492,1,13985,1,1,0,0,1,0,0,0,0,0,0,0,0,0
3452,19,747f6d69d08d2561,0.668509,20.0,1,14092,1,1,0,0,1,0,0,0,0,0,0,0,0,1
3453,19,ffb3a0b2a42d3384,0.502728,18.973868,1,14019,1,1,0,0,0,0,0,0,0,0,0,0,0,1
3454,19,5c2bccb257b117d8,1.421334,17.733203,1,14186,1,0,0,0,1,0,0,0,0,0,0,0,0,0
3455,19,45a5752bae37f49b,1.067795,20.0,1,13860,1,1,0,0,1,0,0,0,0,0,0,0,0,1
3456,19,b50da95e7e57dd70,0.802195,18.714436,1,14166,1,1,0,0,1,0,0,0,0,0,0,0,0,0
3457,19,4c6c0cdecd0014e2,0.603262,20.0,1,13974,1,1,0,0,1,0,0,0,0,0,0,0,0,1
3458,19,03bced9121d77ed3,0.453208,19.281298,1,14167,1,1,0,0,1,0,0,0,0,0,0,0,0,0
3459,19,d283ae7708b682cb,1.384132,17.964163,1,14009,1,0,0,0,0,0,0,0,0,0,0,0,0,1
3460,19,af98f327220dc550,2.085037,20.0,1,13857,2,1,0,0,1,0,0,0,0,0,0,0,0,1
3461,19,41fd5dbf655725de,1.56641,20.0,1,14121,1,1,0,0,1,0,0,0,0,0,0,0,0,1
3462,19,a717ea3f435e9359,1.176786,20.0,1,14000,1,1,0,0,1,0,0,0,0,0,0,0,0,0
3463,19,3ed298c33e5b3bf7,1.927728,18.69886,1,14023,1,0,0,0,0,0,0,0,0,0,0,0,0,1
3464,19,23f717d789c41174,1.449679,17.542311,1,13942,1,1,0,0,1,0,0,0,0,0,0,0,0,0
3465,19,bcb954a0bd8b4812,1.08909,20.0,1,14007,1,1,0,0,1,0,0,0,0,0,0,0,0,1
3466,19,cfc41d4b0f31f0bf,0.818192,20.0,1,14037,1,1,0,0,1,0,0,0,0,0,0,0,0,1
3467,19,ea1b8db9707bfd75,0.615292,20.0,1,14036,1,1,0,0,1,0,0,0,0,0,0,0,0,0
3468,19,03bf022cac3a68fd,1.5059,18.571068,1,13940,1,0,0,0,0,0,0,0,0,0,0,0,0,1
3469,19,701d26d92b38d288,1.131326,20.0,1,14044,1,1,0,0,1,0,0,0,0,0,0,0,0,1
3470,19,449d4232696a3409,1.893576,20.0,1,14016,2,1,0,0,1,0,0,0,0,0,0,0,0,1
3471,19,6d52165157ae180f,1.423996,20.0,1,13993,1,1,0,0,1,0,0,0,0,0,0,0,0,1
3472,19,666923312e8f0024,1.069795,18.035024,0,14541,1,1,0,0,0,0,0,0,0,0,0,0,0,0
3473,19,58e4d9633948562b,1.847351,20.0,1,14399,1,0,0,0,1,0,0,0,0,0,0,0,0,1
3474,19,c82466cbc3460c14,1.389234,20.0,1,14197,1,1,0,0,1,0,0,0,0,0,0,0,0,1
3475,19,96a3597e282e6315,2.087333,20.0,1,14205,2,1,0,0,1,0,0,0,0,0,0,0,0,1
3476,19,3eb2f9439fcc89e9,1.568135,20.0,1,14311,1,1,0,0,1,0,0,0,0,0,0,0,0,1
3477,19,d076ea8d6133a11b,2.221735,18.644266,0,14350,1,0,0,0,0,0,0,0,0,0,0,0,0,0
3478,19,e513dfcbadcd0330,1.670776,20.0,1,14456,1,1,0,0,1,0,0,0,0,0,0,0,0,1
3479,19,535c441640a172d5,1.255192,20.0,1,14366,1,1,0,0,1,0,0,0,0,0,0,0,0,1
3480,19,2b1d1c7cb2b47823,1.986632,20.0,1,14357,2,1,0,0,1,0,0,0,0,0,0,0,0,1
3481,19,736ed1fd12e63178,2.538126,18.068459,0,14048,1,0,0,0,0,0,0,0,0,0,0,0,0,0
3482,19,383018239462e46b,1.906799,20.0,1,14122,1,1,0,0,1,0,0,0,0,0,0,0,0,1
3483,19,27e1c0e587b339a7,1.432507,18.903653,1,14495,1,1,0,0,1,0,0,0,0,0,0,0,0,0
3484,19,1d3451a2f576e5dd,2.119842,17.680453,1,14234,2,1,0,0,0,0,0,0,0,0,0,0,0,1
3485,19,3787731d7b42bc08,2.638302,20.0,1,14194,1,0,0,0,1,0,0,0,0,0,0,0,0,1
3486,19,f2f5a31a5ccc1b1c,1.982058,20.0,1,14165,1,1,0,0,1,0,0,0,0,0,0,0,0,1
3487,19,46c9ad1d77c8f613,1.489046,20.0,1,14331,1,1,0,0,1,0,0,0,0,0,0,0,0,0
3488,19,245bc8899d63dd51,1.119784,20.0,1,14075,1,1,0,0,1,0,0,0,0,0,0,0,0,1
3489,19,ed70e2817662f04b,2.928558,20.0,1,13594,2,0,0,0,0,0,0,0,0,0,0,0,0,1
3490,19,6c8b93f1a093ba53,2.200116,20.0,1,13378,1,1,0,0,1,0,0,0,0,0,0,0,0,1
3491,19,9b7ada76cdad0494,1.652865,20.0,1,13472,1,1,0,0,1,0,0,0,0,0,0,0,0,0
3492,19,ddf4f0c742d54d82,2.287129,18.552641,1,13365,1,0,0,0,0,0,0,0,0,0,0,0,0,1
3493,19,e83e5abebcf25bda,2.761888,20.0,1,13498,2,1,0,0,1,0,0,0,0,0,0,0,0,1
3494,19,cb759918090aa445,2.074903,19.176924,1,13606,1,1,0,0,1,0,0,0,0,0,0,0,0,0
3495,19,3083331103ace063,2.604507,17.901822,1,13121,1,0,0,0,0,0,0,0,0,0,0,0,0,1
3496,19,819efe268dd8c1d4,1.956669,16.927814,1,13461,1,1,0,0,1,0,0,0,0,0,0,0,0,0
3497,19,444f70e1f97148eb,1.469972,19.674923,1,13359,1,1,0,0,1,0,0,0,0,0,0,0,0,1
3498,19,d32165480084f861,1.104335,18.259878,1,13252,1,1,0,0,1,0,0,0,0,0,0,0,0,0
3499,19,e76a3d25e775bfcb,1.874626,17.212191,1,13153,1,0,0,0,0,0,0,0,0,0,0,0,0,1
3500,19,d1a9116f380bdbc6,1.408337,19.888564,1,13356,1,1,0,0,1,0,0,0,0,0,0,0,0,1
3501,19,b8228f709e19e5fc,2.101684,14.941535,0,13519,1,0,0,0,0,0,0,0,0,0,0,0,0,0
3502,19,6ec839fe0e24760f,1.580496,18.197251,1,13156,1,1,0,0,1,0,0,0,0,0,0,0,0,1
3503,19,eb7601af2caac851,1.187368,17.149759,1,13237,1,1,0,0,1,0,0,0,0,0,0,0,0,0
3504,19,99428c8fb9cbfd09,1.935678,16.362817,1,13187,1,0,0,0,0,0,0,0,0,0,0,0,0,1
3505,19,b2ce56395c32a31e,2.497856,19.250462,1,13203,2,1,0,0,1,0,0,0,0,0,0,0,0,1
3506,19,3425175602dc763d,2.922574,14.476622,0,13148,1,0,0,0,0,0,0,0,0,0,0,0,0,0
3507,19,b51e581ec108f50c,1.151967,14.354589,1,14457,0,1,0,0,1,0,0,0,0,0,0,0,0,0
3508,19,4c6bcf4bf21c3d09,1.909083,17.741755,1,13945,2,1,0,0,1,0,0,0,0,0,0,0,0,1
3509,19,a9693ae1d6e951c0,2.479808,16.822555,1,15812,1,0,0,0,0,0,0,0,0,0,0,0,0,1
3510,19,742e0b79e17d52c0,1.862987,16.117001,1,16057,1,1,0,0,1,0,0,0,0,0,0,0,0,0
3511,19,044c49401468b27f,2.443246,15.586945,1,15294,1,0,0,0,0,0,0,0,0,0,0,0,0,1
3512,19,86212facd96094c7,1.835519,18.667578,1,14683,1,1,0,0,1,0,0,0,0,0,0,0,0,1
3513,19,ccc96b27d4f344b3,2.424487,14.038285,0,14319,1,0,0,0,0,0,0,0,0,0,0,0,0,0
3514,19,e39f84ac5a0bcba0,1.821427,17.504128,1,13949,1,1,0,0,1,0,0,0,0,0,0,0,0,1
3515,19,c1794dc9594e72f1,1.36837,16.629041,1,14880,1,1,0,0,1,0,0,0,0,0,0,0,0,0
3516,19,eb7ce44e56ea6aa9,2.073184,15.985778,1,14322,1,0,0,0,0,0,0,0,0,0,0,0,0,1
3517,19,fcdb3f0e6a936443,1.557506,15.488362,1,14140,1,1,0,0,1,0,0,0,0,0,0,0,0,0
3518,19,0753e522d845cab2,2.213749,15.114672,1,14069,1,0,0,0,0,0,0,0,0,0,0,0,0,1
3519,19,8dc60b2329ba9531,1.663107,14.833932,1,14013,1,1,0,0,1,0,0,0,0,0,0,0,0,0
3520,19,9d51d5ae6a8d0fc5,1.25068,18.116332,1,13744,1,1,0,0,1,0,0,0,0,0,0,0,0,1
3521,19,f6ef43ac7c29feea,1.983243,13.610123,0,12818,1,0,0,0,0,0,0,0,0,0,0,0,0,0
3522,19,2b90d148c9cc0888,0.446283,13.703621,1,12466,0,1,0,0,1,0,0,0,0,0,0,0,0,0
3523,19,a0b4b2aec798e93d,1.379761,13.78582,1,12389,1,0,0,0,0,0,0,0,0,0,0,0,0,1
3524,19,da95710662d33dff,1.036563,13.835616,1,12420,1,1,0,0,1,0,0,0,0,0,0,0,0,0
3525,19,fc0e87fc50dfc248,1.822385,13.873025,1,12054,1,0,0,0,0,0,0,0,0,0,0,0,0,1
3526,19,4884b8b0c5024dbc,1.369089,13.90113,1,12082,1,1,0,0,1,0,0,0,0,0,0,0,0,0
3527,19,adb672d2e00f0800,2.073725,13.93435,1,11980,1,0,0,0,0,0,0,0,0,0,0,0,0,1
3528,19,fe00943017f00422,1.557912,13.9472,1,11921,1,1,0,0,1,0,0,0,0,0,0,0,0,0
3529,19,6145a01781dc478d,2.214055,13.956855,1,12061,1,0,0,0,0,0,0,0,0,0,0,0,0,1
3530,19,ada0cca125ee4d5a,1.665001,13.976255,1,12110,1,1,0,0,1,0,0,0,0,0,0,0,0,0
3531,19,f95903c0347aa6de,1.250853,17.457527,1,12336,1,1,0,0,1,0,0,0,0,0,0,0,0,1
3532,19,fd5c938841ceb006,1.983372,16.594032,1,12283,1,0,0,0,0,0,0,0,0,0,0,0,0,1
3533,19,88c278f8f31cc0c4,1.490033,15.945321,1,12523,1,1,0,0,1,0,0,0,0,0,0,0,0,0
3534,19,4a9bf748c5cc6108,1.120526,18.952112,1,12295,1,1,0,0,1,0,0,0,0,0,0,0,0,1
3535,19,4b93d24d0289b3da,2.929116,17.716858,1,12556,2,0,0,0,0,0,0,0,0,0,0,0,0,1
3536,19,25ef6cd1614c1a07,2.200536,20.0,1,12691,1,1,0,0,1,0,0,0,0,0,0,0,0,1
3537,19,1f7036ddb4d18f42,1.654834,18.722102,1,12621,1,1,0,0,1,0,0,0,0,0,0,0,0,0
3538,19,8fa07c670634981a,1.243215,14.065216,0,12704,0,0,0,0,0,0,0,0,0,0,0,0,0,0
3539,19,3555ec56f6e88cbf,1.977634,17.52436,1,12587,2,1,0,0,1,0,0,0,0,0,0,0,0,1
3540,19,45a21baeb03c22b2,1.485723,20.0,1,12604,1,1,0,0,1,0,0,0,0,0,0,0,0,1
3541,19,be4e6427df5117b8,1.117285,20.0,1,12356,1,1,0,0,1,0,0,0,0,0,0,0,0,1
3542,19,7a05e4c9f1357f18,0.839374,16.598284,0,12433,1,1,0,0,0,0,0,0,0,0,0,0,0,0
3543,19,7d6786580c34a9ce,1.674244,19.427359,1,12500,1,0,0,0,1,0,0,0,0,0,0,0,0,1
3544,19,de0d88b7df2826f7,1.259055,18.090153,1,12503,1,1,0,0,1,0,0,0,0,0,0,0,0,0
3545,19,4b83150dc8a95d4a,0.945881,20.0,1,12439,1,1,0,0,1,0,0,0,0,0,0,0,0,1
3546,19,8a7b92c6ec687054,1.754258,15.437053,0,12539,1,0,0,0,0,0,0,0,0,0,0,0,0,0
3547,20,1fd48474a6be9a50,1.317909,18.55497,1,14023,1,1,0,0,1,0,0,0,0,0,0,0,0,1
3548,20,530e0ea8d92a6d51,0.991086,17.434103,1,13972,1,1,0,0,1,0,0,0,0,0,0,0,0,0
3549,20,9d91a06f605c6d81,1.788219,16.576435,1,14227,1,0,0,0,0,0,0,0,0,0,0,0,0,1
3550,20,1bedfd585b1aa4b9,1.343422,15.9321,1,14248,1,1,0,0,1,0,0,0,0,0,0,0,0,0
3551,20,26a9669cba5af3ef,1.010273,15.461668,1,14128,1,1,0,0,0,0,0,0,0,0,0,0,0,1
3552,20,4f55c5e4b2d3c044,1.802634,15.094618,1,14113,1,0,0,0,1,0,0,0,0,0,0,0,0,0
3553,20,429a6cfc04b09590,1.354251,18.297711,1,14179,1,1,0,0,1,0,0,0,0,0,0,0,0,1
3554,20,bfd1095e82cc3b3f,1.017398,17.225231,1,14024,1,1,0,0,1,0,0,0,0,0,0,0,0,0
3555,20,e8a24dfe484cb614,1.809249,16.434121,1,13964,1,0,0,0,0,0,0,0,0,0,0,0,0,1
3556,20,a8eb40163c807ab7,1.359221,15.825185,1,14020,1,1,0,0,1,0,0,0,0,0,0,0,0,0
3557,20,b734eb68cadec0ba,1.021132,18.846559,1,13976,1,1,0,0,1,0,0,0,0,0,0,0,0,1
3558,20,03ed9d518f369873,1.812056,14.172881,0,13884,1,0,0,0,0,0,0,0,0,0,0,0,0,0
3559,20,cd43fcebe8f5e6e6,1.36133,17.605245,1,14102,1,1,0,0,1,0,0,0,0,0,0,0,0,1
3560,20,338e1a6d9a9334b5,1.022716,16.705007,1,14033,1,1,0,0,1,0,0,0,0,0,0,0,0,0
3561,20,f71f04d2a5841727,0.768329,19.507536,1,13922,1,1,0,0,1,0,0,0,0,0,0,0,0,1
3562,20,dab4ff966e399802,2.666095,18.150447,1,13990,2,0,0,0,0,0,0,0,0,0,0,0,0,1
3563,20,339e340883d8ecaf,2.002938,17.114597,1,13807,1,1,0,0,1,0,0,0,0,0,0,0,0,0
3564,20,0f3eea50b2030a66,1.504732,19.815246,1,14096,1,1,0,0,1,0,0,0,0,0,0,0,0,1
3565,20,157d3461e0a7f335,1.13158,20.0,1,13999,1,1,0,0,1,0,0,0,0,0,0,0,0,1
3566,20,f1991b9aba19249f,-0.19354,19.903211,1,14047,0,1,0,0,1,0,0,0,0,0,0,0,0,0
3567,20,f0cae4ef532c2023,1.941908,18.431383,1,14009,2,0,0,0,0,0,0,0,0,0,0,0,0,1
3568,20,3dc875a761d5c5ef,1.458883,17.325654,1,14085,1,1,0,0,1,0,0,0,0,0,0,0,0,0
3569,20,e90cc852e180b7a9,1.097101,19.990142,1,13912,1,1,0,0,1,0,0,0,0,0,0,0,0,1
3570,20,0843c071791750a4,0.824211,15.017846,0,14030,1,1,0,0,0,0,0,0,0,0,0,0,0,0
3571,20,e7652621d19bb2aa,1.662852,18.240036,1,13835,1,0,0,0,1,0,0,0,0,0,0,0,0,1
3572,20,83403ab2ce2e5edc,1.250488,17.197268,1,13851,1,1,0,0,1,0,0,0,0,0,0,0,0,0
3573,20,31f44b91b5854a60,0.939445,19.877354,1,14013,1,1,0,0,1,0,0,0,0,0,0,0,0,1
3574,20,9eeb382b0724ec5e,1.749423,18.411957,1,13898,1,0,0,0,0,0,0,0,0,0,0,0,0,1
3575,20,8cf44fb6a5bc2678,1.314276,17.31106,1,13944,1,1,0,0,1,0,0,0,0,0,0,0,0,0
3576,20,26302fd6db433208,0.988355,16.498665,1,13826,1,1,0,0,0,0,0,0,0,0,0,0,0,1
3577,20,212d5aa4658ea2f7,2.829821,19.35252,1,14070,2,0,0,0,1,0,0,0,0,0,0,0,0,1
3578,20,37a5a18fb6caef37,2.125938,18.017669,1,14059,1,1,0,0,1,0,0,0,0,0,0,0,0,0
3579,20,79c0b206a03c3fd7,1.598736,20.0,1,14066,1,1,0,0,1,0,0,0,0,0,0,0,0,1
3580,20,3073f8e12d7df25d,1.201071,18.887652,1,13962,1,1,0,0,1,0,0,0,0,0,0,0,0,0
3581,20,56f234be32ca2631,0.902319,17.668431,1,13831,1,1,0,0,0,0,0,0,0,0,0,0,0,1
3582,20,faeb10a0166eeef1,1.721532,16.752477,1,13955,1,0,0,0,1,0,0,0,0,0,0,0,0,0
3583,20,0545406eba8b439b,1.294617,19.559105,1,13772,1,1,0,0,1,0,0,0,0,0,0,0,0,1
3584,20,f5167be6c40d6fa0,0.972597,20.0,1,13988,1,1,0,0,1,0,0,0,0,0,0,0,0,1
3585,20,dd4f08c5ac0e5eae,1.774329,16.266123,0,14055,1,0,0,0,0,0,0,0,0,0,0,0,0,0
3586,20,81c68fcbb91c0d4c,1.334321,19.193359,1,14065,1,1,0,0,1,0,0,0,0,0,0,0,0,1
3587,20,aa9d9ee81bd482a5,1.002425,20.0,1,14019,1,1,0,0,1,0,0,0,0,0,0,0,0,1
3588,20,88f6846f9af586b8,1.796738,20.0,1,13887,2,1,0,0,1,0,0,0,0,0,0,0,0,1
3589,20,2a71789b17dd6e6d,2.393476,17.292102,0,13907,1,0,0,0,0,0,0,0,0,0,0,0,0,0
3590,20,a2f090b3ec8eaed0,1.799928,19.964911,1,13908,1,1,0,0,1,0,0,0,0,0,0,0,0,1
3591,20,9007a34ce4271e0f,1.352218,18.477736,1,13862,1,1,0,0,1,0,0,0,0,0,0,0,0,0
3592,20,c2c7e5298355bdf1,1.015871,20.0,1,13926,1,1,0,0,1,0,0,0,0,0,0,0,0,1
3593,20,5cc48314a55c2be2,2.852251,19.151968,1,14048,2,0,0,0,0,0,0,0,0,0,0,0,0,1
3594,20,aad69df5610846e3,2.142789,20.0,1,13872,1,1,0,0,1,0,0,0,0,0,0,0,0,1
3595,20,78aba4a4881a33c3,1.609797,19.515181,1,13924,1,1,0,0,1,0,0,0,0,0,0,0,0,0
3596,20,901bca4c987c5e7e,1.209381,20.0,1,13862,1,1,0,0,1,0,0,0,0,0,0,0,0,1
3597,20,f4d0147e075bf91a,1.953622,16.257582,0,13831,1,0,0,0,0,0,0,0,0,0,0,0,0,0
3598,20,5ab8f7ecbcdf7819,1.467683,19.171403,1,13989,1,1,0,0,1,0,0,0,0,0,0,0,0,1
3599,20,17da423b61dd116c,1.102615,20.0,1,13863,1,1,0,0,1,0,0,0,0,0,0,0,0,1
3600,20,853baeb215adc2c8,1.873333,20.0,1,13975,2,1,0,0,1,0,0,0,0,0,0,0,0,1
3601,20,b84460a4dcfbf230,1.407365,20.0,1,13900,1,1,0,0,1,0,0,0,0,0,0,0,0,0
3602,20,57f18cc396af39ed,2.100954,19.087218,1,13979,1,0,0,0,0,0,0,0,0,0,0,0,0,1
3603,20,77af0fca5d2ab9d4,1.578368,17.818358,1,13899,1,1,0,0,1,0,0,0,0,0,0,0,0,0
3604,20,6dc032d9a4f530bf,2.231106,20.0,1,13820,2,1,0,0,1,0,0,0,0,0,0,0,0,1
3605,20,699d850d1d19c557,2.7198,18.775049,1,13800,1,0,0,0,0,0,0,0,0,0,0,0,0,1
3606,20,c18ea323a7486338,2.043284,20.0,1,14025,1,1,0,0,1,0,0,0,0,0,0,0,0,1
3607,20,a348045310e124e1,1.536579,20.0,1,13888,1,1,0,0,1,0,0,0,0,0,0,0,0,1
3608,20,4298759b47671d91,1.154374,20.0,1,13806,1,1,0,0,1,0,0,0,0,0,0,0,0,0
3609,20,f079e95302a265cb,0.867238,18.960837,1,13846,1,1,0,0,0,0,0,0,0,0,0,0,0,1
3610,20,6fb8b5718a19b4f2,1.695177,20.0,1,13901,1,0,0,0,1,0,0,0,0,0,0,0,0,1
3611,20,45ab824543f54600,2.318948,20.0,1,13716,2,1,0,0,1,0,0,0,0,0,0,0,0,1
3612,20,0cfccacfd1a330d8,1.742139,20.0,1,13812,1,1,0,0,1,0,0,0,0,0,0,0,0,0
3613,20,f5950795130541c6,1.308804,20.0,1,13830,1,1,0,0,1,0,0,0,0,0,0,0,0,1
3614,20,0a5a1ea3c67448e8,2.02839,20.0,1,13927,1,0,0,0,0,0,0,0,0,0,0,0,0,1
3615,20,6751a39eb4085546,1.523853,20.0,1,13830,1,1,0,0,1,0,0,0,0,0,0,0,0,1
3616,20,178fbaf1b049ea56,2.188467,20.0,1,13774,2,1,0,0,1,0,0,0,0,0,0,0,0,1
3617,20,41c45aea5a0dfdc6,1.644114,20.0,1,13896,1,1,0,0,1,0,0,0,0,0,0,0,0,1
3618,20,fc25b6521148f592,2.280547,18.620943,0,13821,1,0,0,0,0,0,0,0,0,0,0,0,0,0
3619,20,c51d22c7d194d0e0,1.71329,20.0,1,13901,1,1,0,0,1,0,0,0,0,0,0,0,0,1
3620,20,6ad9db8caed007c0,1.287131,20.0,1,13896,1,1,0,0,1,0,0,0,0,0,0,0,0,1
3621,20,2f2a98846908918d,3.056242,20.0,1,13860,2,0,0,0,0,0,0,0,0,0,0,0,0,1
3622,20,6b548880f2d8fa92,2.29604,18.915001,1,13946,1,1,0,0,1,0,0,0,0,0,0,0,0,0
3623,20,184589ce6b62d29d,1.724929,20.0,1,13934,1,1,0,0,1,0,0,0,0,0,0,0,0,1
3624,20,566bbcfd30582c41,1.295875,19.381438,1,13912,1,1,0,0,0,0,0,0,0,0,0,0,0,1
3625,20,f94a471fed1b10a2,2.018667,18.05562,1,13918,1,0,0,0,1,0,0,0,0,0,0,0,0,0
3626,20,466f1c85f013bd65,1.516549,20.0,1,13833,1,1,0,0,1,0,0,0,0,0,0,0,0,1
3627,20,1c890ca57d24380b,1.139326,18.896407,1,13859,1,1,0,0,1,0,0,0,0,0,0,0,0,0
3628,20,4c1c0696db3f5d29,2.945091,17.690869,1,13802,2,0,0,0,0,0,0,0,0,0,0,0,0,1
3629,20,5dbe1ce6ab3d2665,2.212537,20.0,1,13789,1,1,0,0,1,0,0,0,0,0,0,0,0,1
3630,20,23310ee1aaeb8639,2.705849,18.690543,1,13885,1,0,0,0,0,0,0,0,0,0,0,0,0,1
3631,20,b49c658949802824,2.032803,17.520351,1,13989,1,1,0,0,1,0,0,0,0,0,0,0,0,0
3632,20,0116871683a8462c,2.572848,16.656055,1,13974,1,0,0,0,0,0,0,0,0,0,0,0,0,1
3633,20,442b765d2eeb6306,1.932884,15.991916,1,13889,1,1,0,0,1,0,0,0,0,0,0,0,0,0
3634,20,8b751dd85af18131,2.495757,15.492973,1,13663,1,0,0,0,0,0,0,0,0,0,0,0,0,1
3635,20,15870cb86978ddb3,1.876845,15.131439,1,13777,1,1,0,0,1,0,0,0,0,0,0,0,0,0
3636,20,1bac8f4cbaacf4dc,1.410003,18.325373,1,13795,1,1,0,0,1,0,0,0,0,0,0,0,0,1
3637,20,caf71b2a4fe5c69b,2.102936,13.767168,0,13329,1,0,0,0,0,0,0,0,0,0,0,0,0,0
3638,20,5109776e3d0ee90e,1.579857,17.300448,1,13515,1,1,0,0,1,0,0,0,0,0,0,0,0,1
3639,20,3f4b8cd84884981e,1.188075,16.490685,1,13626,1,1,0,0,1,0,0,0,0,0,0,0,0,0
3640,20,d9561ebf158cff78,1.93621,15.86768,1,13871,1,0,0,0,0,0,0,0,0,0,0,0,0,1
3641,20,98984085bfeee9df,1.454602,15.399639,1,13713,1,1,0,0,1,0,0,0,0,0,0,0,0,0
3642,20,31bac18f56c2d5bc,2.138032,15.06125,1,13803,1,0,0,0,0,0,0,0,0,0,0,0,0,1
3643,20,1a766d1a67354e01,1.606224,14.793798,1,13765,1,1,0,0,1,0,0,0,0,0,0,0,0,0
3644,20,fd2b02fd98055370,1.206696,18.071717,1,13753,1,1,0,0,1,0,0,0,0,0,0,0,0,1
3645,20,ade54318559972c0,0.906545,13.576605,0,13785,1,1,0,0,0,0,0,0,0,0,0,0,0,0
3646,20,de9c34c3e368799e,1.725886,17.170804,1,13674,1,0,0,0,1,0,0,0,0,0,0,0,0,1
3647,20,7d8ac752b59b6a53,1.296593,16.378628,1,13650,1,1,0,0,1,0,0,0,0,0,0,0,0,0
3648,20,9488ac2f9e8c2426,0.974082,15.783495,1,13786,1,1,0,0,0,0,0,0,0,0,0,0,0,1
3649,20,379f5428c1a5daf5,1.776674,15.349915,1,13670,1,0,0,0,1,0,0,0,0,0,0,0,0,0
3650,20,5a31ebf7223c44d5,1.334749,18.489506,1,13794,1,1,0,0,1,0,0,0,0,0,0,0,0,1
3651,20,225722e32e059e30,1.002747,20.0,1,13677,1,1,0,0,1,0,0,0,0,0,0,0,0,1
3652,20,78d1253cab05704a,1.79698,15.662446,0,13651,1,0,0,0,0,0,0,0,0,0,0,0,0,0
3653,20,72d57fdc27db14fd,1.351354,18.739386,1,13607,1,1,0,0,1,0,0,0,0,0,0,0,0,1
3654,20,e98f58fe452e9df2,1.015222,17.557045,1,13697,1,1,0,0,1,0,0,0,0,0,0,0,0,0
3655,20,0f214dbbe4573a73,0.762698,20.0,1,13667,1,1,0,0,1,0,0,0,0,0,0,0,0,1
3656,20,ebd7cf2e3e0f7557,2.661861,18.631815,1,13590,2,0,0,0,0,0,0,0,0,0,0,0,0,1
3657,20,e560175d7fdc8431,1.999757,17.47623,1,13712,1,1,0,0,1,0,0,0,0,0,0,0,0,0
3658,20,f965d88c5bb5d12e,1.502342,20.0,1,13810,1,1,0,0,1,0,0,0,0,0,0,0,0,1
3659,20,16f680dd443a96d2,2.172307,18.569402,1,13591,1,0,0,0,0,0,0,0,0,0,0,0,0,1
3660,20,1bc3f9fb113e040b,1.633606,17.444957,1,13737,1,1,0,0,1,0,0,0,0,0,0,0,0,0
3661,20,eeb4cee968db4eb6,1.227267,20.0,1,13742,1,1,0,0,1,0,0,0,0,0,0,0,0,1
3662,20,81c289bc45ccd91d,0.922,15.072907,0,13461,1,1,0,0,0,0,0,0,0,0,0,0,0,0
3663,20,e77d55c3c5b10576,2.781658,18.296044,1,13580,2,0,0,0,1,0,0,0,0,0,0,0,0,1
3664,20,7d1f844fa561d078,2.089756,20.0,1,13732,1,1,0,0,1,0,0,0,0,0,0,0,0,1
3665,20,79dd5154fd6edd39,1.569955,20.0,1,13465,1,1,0,0,1,0,0,0,0,0,0,0,0,1
3666,20,bba69b1c428039fe,1.179449,20.0,1,13584,1,1,0,0,1,0,0,0,0,0,0,0,0,1
3667,20,d5cf5f12ccbb2d89,1.931113,17.95007,0,14507,1,0,0,0,0,0,0,0,0,0,0,0,0,0
3668,20,694a1b542e6fd32d,1.450773,20.0,1,14347,1,1,0,0,1,0,0,0,0,0,0,0,0,1
3669,20,8138a9fa37b11170,1.089911,18.836835,1,14707,1,1,0,0,1,0,0,0,0,0,0,0,0,0
3670,20,205f8f0e71e7a01d,2.90793,17.64607,1,15802,2,0,0,0,0,0,0,0,0,0,0,0,0,1
3671,20,5c92bdf6ff00ab38,2.184619,20.0,1,16017,1,1,0,0,1,0,0,0,0,0,0,0,0,1
3672,20,a39216dd796a79a2,1.641223,20.0,1,15840,1,1,0,0,1,0,0,0,0,0,0,0,0,1
3673,20,c13ae5b429adb9b6,2.276643,20.0,1,15494,2,1,0,0,1,0,0,0,0,0,0,0,0,1
3674,20,e1d3f1dc94888fee,1.712068,20.0,1,15632,1,1,0,0,0,0,0,0,0,0,0,0,0,1
3675,20,c3fb7e00efa35921,1.286212,19.423132,1,15749,1,1,0,0,1,0,0,0,0,0,0,0,0,0
3676,20,c9f49a52e856f0ee,3.05359,20.0,1,15895,2,0,0,0,1,0,0,0,0,0,0,0,0,1
3677,20,96084df86f015f24,2.296343,20.0,1,15683,1,1,0,0,1,0,0,0,0,0,0,0,0,1
3678,20,d1d2f003e5392f41,2.76881,20.0,1,16019,2,1,0,0,1,0,0,0,0,0,0,0,0,1
3679,20,6e83dfd6ae6b3990,2.080104,20.0,1,16267,1,1,0,0,1,0,0,0,0,0,0,0,0,1
3680,20,ca3f4ba84dbfa160,1.562704,18.976785,0,16327,1,1,0,0,0,0,0,0,0,0,0,0,0,0
3681,20,aa6a12cf4340d3d1,3.263477,20.0,1,16283,2,0,0,0,1,0,0,0,0,0,0,0,0,1
3682,20,1d66f09716de2991,2.451728,20.0,1,14379,1,1,0,0,1,0,0,0,0,0,0,0,0,1
3683,20,50d12954f0826ae4,1.841892,20.0,1,12991,1,1,0,0,1,0,0,0,0,0,0,0,0,1
3684,20,d16477f63ca5c05a,1.385129,20.0,1,12926,1,1,0,0,1,0,0,0,0,0,0,0,0,0
3685,20,fdc1ed46a02f3301,2.084249,19.747507,1,13374,1,0,0,0,0,0,0,0,0,0,0,0,0,1
3686,20,71f8da2ee8202719,2.609472,20.0,1,13175,2,1,0,0,1,0,0,0,0,0,0,0,0,1
3687,20,a9c59d64714e79af,1.960398,19.851301,1,13380,1,1,0,0,1,0,0,0,0,0,0,0,0,0
3688,20,9277db9c6f9410c0,1.474248,18.408963,1,13380,1,1,0,0,0,0,0,0,0,0,0,0,0,1
3689,20,24a53976255588ba,2.1512,20.0,1,13040,1,0,0,0,1,0,0,0,0,0,0,0,0,1
3690,20,cab0cda823c7f271,1.616116,19.095832,1,13185,1,1,0,0,1,0,0,0,0,0,0,0,0,0
3691,20,f605fa8048bc9ebf,1.215343,20.0,1,13017,1,1,0,0,1,0,0,0,0,0,0,0,0,1
3692,20,1874ed6152678b83,0.913041,16.017927,0,13052,1,1,0,0,0,0,0,0,0,0,0,0,0,0
3693,20,eab83b6b657dad7d,1.729587,18.991359,1,13249,1,0,0,0,1,0,0,0,0,0,0,0,0,1
3694,20,e205dbf54a3118fd,1.299374,17.746342,1,13351,1,1,0,0,1,0,0,0,0,0,0,0,0,0
3695,20,d39a092eb4c887c2,0.977148,20.0,1,13241,1,1,0,0,1,0,0,0,0,0,0,0,0,1
3696,20,8edda958b3ba49f2,2.821401,18.734363,1,13456,2,0,0,0,0,0,0,0,0,0,0,0,0,1
3697,20,31663900bf6e709b,2.119613,20.0,1,13514,1,1,0,0,1,0,0,0,0,0,0,0,0,1
3698,20,312a6361e5b4b5ed,1.59398,15.816451,0,13244,1,1,0,0,0,0,0,0,0,0,0,0,0,0
3699,20,186c05fa9dd7e38f,2.241151,18.839997,1,13402,1,0,0,0,1,0,0,0,0,0,0,0,0,1
3700,20,f4a024b74be72cc5,1.683693,17.63263,1,13472,1,1,0,0,1,0,0,0,0,0,0,0,0,0
3701,20,dc00fb071c805147,1.264895,20.0,1,13359,1,1,0,0,1,0,0,0,0,0,0,0,0,1
3702,20,4e2693e5d5707aeb,1.99537,15.194016,0,13223,1,0,0,0,0,0,0,0,0,0,0,0,0,0
3703,20,e38e831c05553a35,1.499047,18.372385,1,13393,1,1,0,0,1,0,0,0,0,0,0,0,0,1
3704,20,4e50c0b09f558fe6,2.169831,17.281331,1,13138,1,0,0,0,0,0,0,0,0,0,0,0,0,1
3705,20,7a0f7d36280cb876,1.631744,16.476309,1,13358,1,1,0,0,1,0,0,0,0,0,0,0,0,0
3706,20,d0faf9d3049cc81f,1.225868,19.335724,1,13287,1,1,0,0,1,0,0,0,0,0,0,0,0,1
3707,20,17b35cca3f41b555,1.964602,18.005051,1,13367,2,1,0,0,0,0,0,0,0,0,0,0,0,1
3708,20,009e885b1c17c938,2.519586,17.005366,1,13175,1,0,0,0,1,0,0,0,0,0,0,0,0,0
3709,20,957505aa1c713333,1.894764,19.749281,1,13180,1,1,0,0,1,0,0,0,0,0,0,0,0,1
3710,20,3734493c24f7ffb0,1.423466,18.315741,1,13031,1,1,0,0,0,0,0,0,0,0,0,0,0,1
3711,20,66f2c596f95c4058,2.11305,17.238776,1,13327,1,0,0,0,1,0,0,0,0,0,0,0,0,0
3712,20,9f91f39a22635161,1.589044,16.444307,1,13114,1,1,0,0,0,0,0,0,0,0,0,0,0,1
3713,20,37d7ab444543f768,2.237442,15.832838,1,13346,1,0,0,0,1,0,0,0,0,0,0,0,0,0
3714,20,59b944d6bfed6fd9,1.680907,18.852308,1,13201,1,1,0,0,1,0,0,0,0,0,0,0,0,1
3715,20,07ff7950dd479dbc,3.350109,17.641879,1,13280,2,0,0,0,0,0,0,0,0,0,0,0,0,1
3716,20,a61d9538ca16e1ed,2.51933,16.747446,1,12929,1,1,0,0,1,0,0,0,0,0,0,0,0,0
3717,20,22b67b80133f1ccf,1.892678,19.539419,1,13184,1,1,0,0,1,0,0,0,0,0,0,0,0,1
3718,20,18dca41d384340a4,2.465552,14.679235,0,13064,1,0,0,0,0,0,0,0,0,0,0,0,0,0
3719,20,893aae12bfb707d6,1.85413,17.999997,1,13168,1,1,0,0,1,0,0,0,0,0,0,0,0,1
3720,20,c00462b94aa5e028,2.436592,13.522725,0,12966,1,0,0,0,0,0,0,0,0,0,0,0,0,0
3721,20,17051f5a892f9f44,1.83052,17.116807,1,13099,1,1,0,0,1,0,0,0,0,0,0,0,0,1
3722,20,47f3fef564e96d1e,1.375202,16.338062,1,13121,1,1,0,0,1,0,0,0,0,0,0,0,0,0
3723,20,1c5da9741e9611e3,2.078322,15.766957,1,13040,1,0,0,0,0,0,0,0,0,0,0,0,0,1
3724,20,a86695cfde272233,1.561365,15.32397,1,13063,1,1,0,0,1,0,0,0,0,0,0,0,0,0
3725,20,b4f06c28026690a8,2.216649,14.99117,1,12939,1,0,0,0,0,0,0,0,0,0,0,0,0,1
3726,20,6d23d3e57f067beb,1.666952,18.234577,1,12764,1,1,0,0,1,0,0,0,0,0,0,0,0,1
3727,20,12f1991968ffe41f,2.295972,13.698956,0,12782,1,0,0,0,0,0,0,0,0,0,0,0,0,0
3728,20,8f9cd570dad1e465,1.724878,17.249203,1,12886,1,1,0,0,1,0,0,0,0,0,0,0,0,1
3729,20,57c5c4788573b8da,2.33949,12.958681,0,13033,1,0,0,0,0,0,0,0,0,0,0,0,0,0
3730,20,c216a6176a61b228,1.759329,16.706116,1,13183,1,1,0,0,1,0,0,0,0,0,0,0,0,1
3731,20,c62433dfcd720b39,1.321718,16.029525,1,13408,1,1,0,0,1,0,0,0,0,0,0,0,0,0
3732,20,6da00e07b7d14e6b,2.036611,15.521228,1,13235,1,0,0,0,0,0,0,0,0,0,0,0,0,1
3733,20,00fab1bc302a2315,1.531561,15.152686,1,13285,1,1,0,0,1,0,0,0,0,0,0,0,0,0
3734,20,c1f0fe42d6403181,1.150604,18.341336,1,13401,1,1,0,0,1,0,0,0,0,0,0,0,0,1
3735,20,b9e7bd12c2eae4a2,1.908059,13.77916,0,13460,1,0,0,0,0,0,0,0,0,0,0,0,0,0
3736,20,dd9cb706451debe5,1.433454,17.309457,1,13360,1,1,0,0,1,0,0,0,0,0,0,0,0,1
3737,20,934ef15c4628271b,1.077978,19.977962,1,13508,1,1,0,0,1,0,0,0,0,0,0,0,0,1
3738,20,cdf38aff592182e2,1.853498,20.0,1,13532,2,1,0,0,1,0,0,0,0,0,0,0,0,1
3739,20,e729f1fe61ff9856,2.436117,19.981368,1,13269,1,0,0,0,0,0,0,0,0,0,0,0,0,1
3740,20,6155c3eed8d20a8d,1.831995,18.506775,1,13362,1,1,0,0,1,0,0,0,0,0,0,0,0,0
3741,20,d231fb207dfddcb6,1.376309,20.0,1,13346,1,1,0,0,1,0,0,0,0,0,0,0,0,1
3742,20,8f1f94d387028d6e,2.077623,15.672193,0,13310,1,0,0,0,0,0,0,0,0,0,0,0,0,0
3743,20,621bf4145e6d5b6a,1.56084,18.731622,1,13271,1,1,0,0,1,0,0,0,0,0,0,0,0,1
3744,20,e23e9a20d2da418b,1.173774,14.086446,0,13324,1,1,0,0,0,0,0,0,0,0,0,0,0,0
3745,20,7bcbbc76d1634cc3,1.925466,17.54031,1,13259,1,0,0,0,1,0,0,0,0,0,0,0,0,1
3746,20,47c0345c65d03c05,1.446531,16.656223,1,13478,1,1,0,0,1,0,0,0,0,0,0,0,0,0
3747,20,553a5e2576ff0264,1.087812,19.486721,1,13292,1,1,0,0,1,0,0,0,0,0,0,0,0,1
3748,20,a7cf576587ff4587,2.904539,18.118489,1,13423,2,0,0,0,0,0,0,0,0,0,0,0,0,1
3749,20,89099ab7cb19e2e7,2.182072,17.090588,1,13674,1,1,0,0,1,0,0,0,0,0,0,0,0,0
3750,20,4ec9965e2fbedf9f,1.639309,19.797209,1,13663,1,1,0,0,1,0,0,0,0,0,0,0,0,1
3751,20,b23a4cc7d12dd704,1.232784,14.887783,0,13493,1,1,0,0,0,0,0,0,0,0,0,0,0,0
3752,20,61698f26678515ac,1.969798,18.142324,1,13609,1,0,0,0,1,0,0,0,0,0,0,0,0,1
3753,20,b11cbfda977b40f8,1.479835,17.108494,1,13570,1,1,0,0,1,0,0,0,0,0,0,0,0,0
3754,20,3a1c47bf557599ba,1.112857,19.826835,1,13749,1,1,0,0,1,0,0,0,0,0,0,0,0,1
3755,20,4f718c1c9b5c2625,0.836048,18.374005,1,13641,1,1,0,0,1,0,0,0,0,0,0,0,0,0
3756,20,6811f9e007fd7cf8,1.671745,17.282547,1,13695,1,0,0,0,0,0,0,0,0,0,0,0,0,1
3757,20,e292af7ac35acd97,1.25592,19.941421,1,13837,1,1,0,0,1,0,0,0,0,0,0,0,0,1
3758,20,e2b3b418a646f513,0.944469,18.476734,1,13862,1,1,0,0,1,0,0,0,0,0,0,0,0,0
3759,20,0b23a3c7c635eaf1,0.709545,20.0,1,13784,1,1,0,0,1,0,0,0,0,0,0,0,0,1
3760,20,9ad5e07749bbb1da,2.620361,19.134082,1,13875,2,0,0,0,0,0,0,0,0,0,0,0,0,1
3761,20,45eb4e3f0d6effad,1.970549,17.869604,1,13647,1,1,0,0,1,0,0,0,0,0,0,0,0,0
3762,20,705d92d4456e1a7a,1.4804,20.0,1,13855,1,1,0,0,1,0,0,0,0,0,0,0,0,1
3763,20,a6486756894af270,1.112169,20.0,1,13928,1,1,0,0,1,0,0,0,0,0,0,0,0,1
3764,20,cf96243255e12a51,1.879184,16.730818,0,13996,1,0,0,0,0,0,0,0,0,0,0,0,0,0
3765,20,f9548e6cb48611fd,2.457324,19.542817,1,13959,2,1,0,0,1,0,0,0,0,0,0,0,0,1
3766,20,027eecb2c7bff9d1,1.846096,20.0,1,13827,1,1,0,0,1,0,0,0,0,0,0,0,0,1
3767,20,0145e96e272d1c62,2.430556,19.735774,1,13864,1,0,0,0,0,0,0,0,0,0,0,0,0,1
3768,20,5071cf6a8335f1a8,1.827813,20.0,1,14053,1,1,0,0,1,0,0,0,0,0,0,0,0,1
3769,20,ae03891b2667f9ba,1.373167,20.0,1,14113,1,1,0,0,1,0,0,0,0,0,0,0,0,1
3770,20,a52d4a993a89f6c9,2.075263,20.0,1,14054,2,1,0,0,1,0,0,0,0,0,0,0,0,0
3771,20,273206081606a9b4,1.559067,19.263758,1,14126,1,1,0,0,0,0,0,0,0,0,0,0,0,1
3772,20,1e0ac32bef02ef8c,2.216591,20.0,1,13928,1,0,0,0,1,0,0,0,0,0,0,0,0,1
3773,20,387b3075e7d097d4,1.665242,20.0,1,13586,1,1,0,0,1,0,0,0,0,0,0,0,0,1
3774,20,bd58832d595a1f38,1.251034,20.0,1,13629,1,1,0,0,1,0,0,0,0,0,0,0,0,0
3775,20,29f744d7bcdf9a50,1.984946,19.130549,1,13531,2,1,0,0,0,0,0,0,0,0,0,0,0,1
3776,20,338163cddab124bf,2.534869,20.0,1,13868,1,0,0,0,1,0,0,0,0,0,0,0,0,1
3777,21,1fd48474a6be9a50,1.904352,20.0,1,13974,1,1,0,0,1,0,0,0,0,0,0,0,0,1
3778,21,530e0ea8d92a6d51,2.474322,20.0,1,14028,1,0,0,0,0,0,0,0,0,0,0,0,0,1
3779,21,9d91a06f605c6d81,1.860726,19.080522,1,14217,1,1,0,0,1,0,0,0,0,0,0,0,0,0
3780,21,1bedfd585b1aa4b9,1.397894,20.0,1,14268,1,1,0,0,1,0,0,0,0,0,0,0,0,1
3781,21,26a9669cba5af3ef,1.050185,20.0,1,13981,1,1,0,0,1,0,0,0,0,0,0,0,0,1
3782,21,4f55c5e4b2d3c044,1.833905,17.261511,0,14145,1,0,0,0,0,0,0,0,0,0,0,0,0,0
3783,21,429a6cfc04b09590,1.377744,19.925617,1,14175,1,1,0,0,1,0,0,0,0,0,0,0,0,1
3784,21,bfd1095e82cc3b3f,1.035048,18.448216,1,14064,1,1,0,0,1,0,0,0,0,0,0,0,0,0
3785,21,e8a24dfe484cb614,2.864899,17.338299,1,14052,2,0,0,0,0,0,0,0,0,0,0,0,0,1
3786,21,a8eb40163c807ab7,2.154445,19.999652,1,13976,1,1,0,0,1,0,0,0,0,0,0,0,0,1
3787,21,b734eb68cadec0ba,1.618554,20.0,1,13985,1,1,0,0,1,0,0,0,0,0,0,0,0,1
3788,21,03ed9d518f369873,2.259613,16.514765,0,14026,1,0,0,0,0,0,0,0,0,0,0,0,0,0
3789,21,cd43fcebe8f5e6e6,1.699261,19.380342,1,13826,1,1,0,0,1,0,0,0,0,0,0,0,0,1
3790,21,338e1a6d9a9334b5,1.276591,20.0,1,14038,1,1,0,0,1,0,0,0,0,0,0,0,0,1
3791,21,f71f04d2a5841727,0.959055,19.644075,1,14008,1,1,0,0,1,0,0,0,0,0,0,0,0,0
3792,21,dab4ff966e399802,0.720502,20.0,1,14049,1,1,0,0,1,0,0,0,0,0,0,0,0,1
3793,21,339e340883d8ecaf,1.585979,19.810903,1,13866,1,0,0,0,0,0,0,0,0,0,0,0,0,1
3794,21,0f3eea50b2030a66,2.23514,20.0,1,14055,2,1,0,0,1,0,0,0,0,0,0,0,0,1
3795,21,157d3461e0a7f335,0.635524,19.887081,1,14011,0,1,0,0,1,0,0,0,0,0,0,0,0,0
3796,21,f1991b9aba19249f,1.522073,20.0,1,13967,2,1,0,0,1,0,0,0,0,0,0,0,0,1
3797,21,f0cae4ef532c2023,2.18713,16.464951,0,13971,1,0,0,0,0,0,0,0,0,0,0,0,0,0
3798,21,3dc875a761d5c5ef,1.643109,19.327191,1,14044,1,1,0,0,1,0,0,0,0,0,0,0,0,1
3799,21,e90cc852e180b7a9,1.234406,20.0,1,13954,1,1,0,0,1,0,0,0,0,0,0,0,0,1
3800,21,0843c071791750a4,1.972442,16.151375,0,14169,1,0,0,0,0,0,0,0,0,0,0,0,0,0
3801,21,e7652621d19bb2aa,1.481822,19.091613,1,13740,1,1,0,0,1,0,0,0,0,0,0,0,0,1
3802,21,83403ab2ce2e5edc,1.113237,20.0,1,13955,1,1,0,0,1,0,0,0,0,0,0,0,0,1
3803,21,31f44b91b5854a60,0.83717,19.498785,1,14071,1,1,0,0,1,0,0,0,0,0,0,0,0,0
3804,21,9eeb382b0724ec5e,0.628935,18.127553,1,13959,1,1,0,0,0,0,0,0,0,0,0,0,0,1
3805,21,8cf44fb6a5bc2678,1.516149,17.097397,1,13872,1,0,0,0,1,0,0,0,0,0,0,0,0,0
3806,21,26302fd6db433208,2.182679,19.802324,1,13927,2,1,0,0,1,0,0,0,0,0,0,0,0,1
3807,21,212d5aa4658ea2f7,1.641406,20.0,1,13870,1,1,0,0,1,0,0,0,0,0,0,0,0,1
3808,21,37a5a18fb6caef37,2.27678,16.417067,0,14036,1,0,0,0,0,0,0,0,0,0,0,0,0,0
3809,21,79c0b206a03c3fd7,1.71046,19.291217,1,14122,1,1,0,0,1,0,0,0,0,0,0,0,0,1
3810,21,066f19424897b5f9,1.28629,17.987772,1,14023,1,1,0,0,1,0,0,0,0,0,0,0,0,0
3811,21,45cd890081455bb1,0.966342,20.0,1,13955,1,1,0,0,1,0,0,0,0,0,0,0,0,1
3812,21,750fc310f3e0ed42,0.725976,18.858114,1,14035,1,1,0,0,0,0,0,0,0,0,0,0,0,1
3813,21,adc39f36c9059362,1.589052,17.646241,1,14007,1,0,0,0,1,0,0,0,0,0,0,0,0,0
3814,21,c737755f3a17e375,2.23914,20.0,1,13868,2,1,0,0,1,0,0,0,0,0,0,0,0,1
3815,21,03691bb0fd247bd6,2.725836,18.67781,1,13990,1,0,0,0,0,0,0,0,0,0,0,0,0,1
3816,21,578fb6fab2e2f3f6,2.047819,20.0,1,13886,1,1,0,0,1,0,0,0,0,0,0,0,0,1
3817,21,6085a28dd6b7aff7,1.539989,20.0,1,13948,1,1,0,0,1,0,0,0,0,0,0,0,0,1
3818,21,be0e04b7c44ccd39,2.200589,17.087847,0,13916,1,0,0,0,0,0,0,0,0,0,0,0,0,0
3819,21,7eb8737e386f83c6,2.696874,19.795149,1,14139,2,1,0,0,1,0,0,0,0,0,0,0,0,1
3820,21,df10bd142829f09e,2.026061,20.0,1,13908,1,1,0,0,1,0,0,0,0,0,0,0,0,1
3821,21,bfa76b9aa9882ae4,1.523626,19.896255,1,13822,1,1,0,0,0,0,0,0,0,0,0,0,0,1
3822,21,3cbca3f7365ce076,2.188297,20.0,1,13960,1,0,0,0,1,0,0,0,0,0,0,0,0,1
3823,21,56e4a4bf8d7a99f0,1.643986,19.935253,1,13848,1,1,0,0,1,0,0,0,0,0,0,0,0,0
3824,21,74dea8182b594738,2.280451,20.0,1,13967,2,1,0,0,1,0,0,0,0,0,0,0,0,1
3825,21,f5311adf735cf63b,1.713218,20.0,1,13920,1,1,0,0,1,0,0,0,0,0,0,0,0,1
3826,21,072fcead16035cc8,2.33073,20.0,1,14102,1,0,0,0,0,0,0,0,0,0,0,0,0,1
3827,21,92f19af33868b99d,1.75099,19.327364,1,14003,1,1,0,0,1,0,0,0,0,0,0,0,0,0
3828,21,9d63cd8ad3fe1404,2.36092,20.0,1,13941,2,1,0,0,1,0,0,0,0,0,0,0,0,1
3829,21,a70b639d11ec29be,1.773671,20.0,1,14262,1,1,0,0,1,0,0,0,0,0,0,0,0,1
3830,21,c2b951f784f9b818,2.376146,20.0,1,13864,1,0,0,0,0,0,0,0,0,0,0,0,0,1
3831,21,70fda9c2c2c57230,1.786896,19.150851,1,14061,1,1,0,0,1,0,0,0,0,0,0,0,0,0
3832,21,955f50cb3de97d4f,1.342428,20.0,1,13903,1,1,0,0,1,0,0,0,0,0,0,0,0,1
3833,21,c1857ce1d7dd4a0e,1.008516,19.514551,1,13983,1,1,0,0,0,0,0,0,0,0,0,0,0,1
3834,21,dff93ad60d5d284a,1.801314,18.139397,1,13968,1,0,0,0,1,0,0,0,0,0,0,0,0,0
3835,21,8cf4a90e45b30250,2.398764,20.0,1,13941,2,1,0,0,1,0,0,0,0,0,0,0,0,1
3836,21,9ac529a8650b551c,1.802102,20.0,1,13947,1,1,0,0,1,0,0,0,0,0,0,0,0,1
3837,21,b754b9789c31eb18,1.353852,20.0,1,14089,1,1,0,0,0,0,0,0,0,0,0,0,0,1
3838,21,676d7f4c565399ea,2.062266,18.771676,1,14023,1,0,0,0,1,0,0,0,0,0,0,0,0,0
3839,21,471854d6c3364080,1.549304,20.0,1,14015,1,1,0,0,1,0,0,0,0,0,0,0,0,1
3840,21,84f40ee36766fab8,1.163934,15.821701,0,13844,1,1,0,0,0,0,0,0,0,0,0,0,0,0
3841,21,a4d2dffe5540e487,2.961727,18.843942,1,14113,2,0,0,0,1,0,0,0,0,0,0,0,0,1
3842,21,de21a4da6284889f,2.227261,20.0,1,13684,1,1,0,0,1,0,0,0,0,0,0,0,0,1
3843,21,e62a778fd9bc7c67,1.673258,20.0,1,14008,1,1,0,0,1,0,0,0,0,0,0,0,0,1
3844,21,5f81ebada1015b2f,1.257056,20.0,1,13888,1,1,0,0,1,0,0,0,0,0,0,0,0,1
3845,21,738feafbfe368411,1.989475,18.132191,0,13904,1,0,0,0,0,0,0,0,0,0,0,0,0,0
3846,21,9005817a26118b8d,1.494618,20.0,1,13959,1,1,0,0,1,0,0,0,0,0,0,0,0,1
3847,21,e4aa1e53986c6162,2.166504,20.0,1,14002,2,1,0,0,1,0,0,0,0,0,0,0,0,1
3848,21,14436506dbfa4aaa,1.627613,20.0,1,13820,1,1,0,0,0,0,0,0,0,0,0,0,0,1
3849,21,eec1da8ce647dd31,2.268139,20.0,1,14044,1,0,0,0,1,0,0,0,0,0,0,0,0,1
3850,21,6476a162343f19dd,1.703968,20.0,1,13781,1,1,0,0,1,0,0,0,0,0,0,0,0,0
3851,21,7bb871de1ee0b28b,1.280127,20.0,1,13801,1,1,0,0,1,0,0,0,0,0,0,0,0,1
3852,21,538dcab362c26946,2.006825,16.638231,0,14040,1,0,0,0,0,0,0,0,0,0,0,0,0,0
3853,21,f28158e482f1773d,1.507652,19.45737,1,13961,1,1,0,0,1,0,0,0,0,0,0,0,0,1
3854,21,2604305c2c3d376f,2.176296,18.096439,1,13820,2,1,0,0,0,0,0,0,0,0,0,0,0,1
3855,21,04ccf6f26dc95fcb,2.678623,17.074023,1,14129,1,0,0,0,1,0,0,0,0,0,0,0,0,0
3856,21,8505e7fbc07fb8ed,2.014363,19.800912,1,13921,1,1,0,0,1,0,0,0,0,0,0,0,0,1
3857,21,e4280dc39ccf54e4,1.513316,18.354529,1,13952,1,1,0,0,1,0,0,0,0,0,0,0,0,0
3858,21,74f41fc829040947,2.180551,17.267916,1,13910,1,0,0,0,0,0,0,0,0,0,0,0,0,1
3859,21,bfaa0b0b5718a760,1.639805,16.466221,1,13939,1,1,0,0,1,0,0,0,0,0,0,0,0,0
3860,21,62086a03d7fd8586,2.275578,15.849301,1,14009,2,1,0,0,0,0,0,0,0,0,0,0,0,1
3861,21,55b16f2433fcd65b,2.75321,18.864676,1,14081,1,0,0,0,1,0,0,0,0,0,0,0,0,1
3862,21,c56d3e062dcd12d5,2.068384,17.65117,1,13897,1,1,0,0,1,0,0,0,0,0,0,0,0,0
3863,21,3c94a3fab220972b,1.555454,16.754434,1,13869,1,1,0,0,0,0,0,0,0,0,0,0,0,1
3864,21,fd5ddd53a80c9042,2.212208,19.544669,1,13858,1,0,0,0,1,0,0,0,0,0,0,0,0,1
3865,21,5765d298baea198d,1.661949,20.0,1,13879,1,1,0,0,1,0,0,0,0,0,0,0,0,1
3866,21,7244bc04c160072c,2.29396,16.274241,0,13679,1,0,0,0,0,0,0,0,0,0,0,0,0,0
3867,21,61b163fbf66ce324,1.723366,19.183918,1,14131,1,1,0,0,1,0,0,0,0,0,0,0,0,1
3868,21,e8ee0829e0119f5d,1.294701,20.0,1,14089,1,1,0,0,1,0,0,0,0,0,0,0,0,1
3869,21,bec80f8767eacac6,3.059967,19.533214,1,14171,2,0,0,0,0,0,0,0,0,0,0,0,0,1
3870,21,87f5085f11117587,1.256988,18.169757,1,14025,0,1,0,0,1,0,0,0,0,0,0,0,0,0
3871,21,a3c85979817af726,1.987982,20.0,1,13933,2,1,0,0,1,0,0,0,0,0,0,0,0,1
3872,21,dabbb0ba8baa4513,1.493496,15.481981,0,13955,1,1,0,0,0,0,0,0,0,0,0,0,0,0
3873,21,f5fd5bfec52e0078,2.167281,18.603674,1,13926,1,0,0,0,1,0,0,0,0,0,0,0,0,1
3874,21,789fc06768225ef4,1.628197,17.455089,1,13946,1,1,0,0,1,0,0,0,0,0,0,0,0,0
3875,21,5602cd39a3523e78,1.223204,16.5922,1,13935,1,1,0,0,0,0,0,0,0,0,0,0,0,1
3876,21,e1429d3a8baaf5bf,1.962601,15.943944,1,13922,1,0,0,0,1,0,0,0,0,0,0,0,0,0
3877,21,83413fcd97e02768,1.475904,18.951077,1,13740,1,1,0,0,1,0,0,0,0,0,0,0,0,1
3878,21,61061f6cc2e7c121,1.108791,20.0,1,13786,1,1,0,0,1,0,0,0,0,0,0,0,0,1
3879,21,6eab70669e0dbdc7,1.876647,15.922955,0,13818,1,0,0,0,0,0,0,0,0,0,0,0,0,0
3880,21,078862c9a37d0593,1.411265,18.935292,1,13742,1,1,0,0,1,0,0,0,0,0,0,0,0,1
3881,21,87e98a0fc22e9f9e,1.060231,17.704222,1,13960,1,1,0,0,1,0,0,0,0,0,0,0,0,0
3882,21,6f7c1d231edf681a,1.840165,16.779364,1,13743,1,0,0,0,0,0,0,0,0,0,0,0,0,1
3883,21,954a3cc004d5ea17,2.426101,19.563398,1,13886,2,1,0,0,1,0,0,0,0,0,0,0,0,1
3884,21,7c6fd1de51b52112,1.824462,18.192456,1,13792,1,1,0,0,1,0,0,0,0,0,0,0,0,0
3885,21,61610235a39b1adc,1.37065,17.146157,1,13890,1,1,0,0,0,0,0,0,0,0,0,0,0,1
3886,21,5fc163949e26e332,2.073372,16.360111,1,13842,1,0,0,0,1,0,0,0,0,0,0,0,0,0
3887,21,3c51388743055255,1.559205,19.26404,1,14357,1,1,0,0,1,0,0,0,0,0,0,0,0,1
3888,21,82bf91d0df49aacc,1.171372,17.951198,1,14535,1,1,0,0,1,0,0,0,0,0,0,0,0,0
3889,21,2f874b6d8a183462,0.880008,20.0,1,14662,1,1,0,0,1,0,0,0,0,0,0,0,0,1
3890,21,3f723152fa386699,0.661117,18.837472,1,14884,1,1,0,0,0,0,0,0,0,0,0,0,0,1
3891,21,97be16ec3a5edeb4,2.585471,20.0,1,14663,2,0,0,0,1,0,0,0,0,0,0,0,0,1
3892,21,5abe9fbdd75050e0,1.942367,19.350808,1,14826,1,1,0,0,1,0,0,0,0,0,0,0,0,0
3893,21,b462440f36527f08,1.459228,20.0,1,15478,1,1,0,0,1,0,0,0,0,0,0,0,0,1
3894,21,f58e917f2396ca23,1.09736,19.645219,1,15632,1,1,0,0,1,0,0,0,0,0,0,0,0,0
3895,21,b8fcd53c249c4972,1.868059,20.0,1,15715,2,1,0,0,1,0,0,0,0,0,0,0,0,1
3896,21,aa8eb033bd07db79,2.447056,19.79357,1,15775,1,0,0,0,0,0,0,0,0,0,0,0,0,1
3897,21,93c2e175dcf0e97c,2.882035,20.0,1,15864,2,1,0,0,1,0,0,0,0,0,0,0,0,1
3898,21,30d68efaeb612eb5,2.167332,20.0,1,15707,1,1,0,0,1,0,0,0,0,0,0,0,0,1
3899,21,004f669cc29c8149,2.671889,20.0,1,14653,2,1,0,0,1,0,0,0,0,0,0,0,0,1
3900,21,fd192d463fde06c3,3.050943,20.0,1,13765,1,0,0,0,0,0,0,0,0,0,0,0,0,1
3901,21,7a0f7d6626ad51f1,2.294353,20.0,1,13716,1,1,0,0,1,0,0,0,0,0,0,0,0,1
3902,21,e65c098cc98a8b54,1.723662,20.0,1,13899,1,1,0,0,1,0,0,0,0,0,0,0,0,0
3903,21,198f361e2f89aa6c,1.294922,20.0,1,13881,1,1,0,0,1,0,0,0,0,0,0,0,0,1
3904,21,4070a46cf9702004,2.01648,17.124804,0,13830,1,0,0,0,0,0,0,0,0,0,0,0,0,0
3905,21,bd420d1fb453fe25,2.560572,19.8391,1,13750,2,1,0,0,1,0,0,0,0,0,0,0,0,1
3906,21,8608271a8e8450a9,1.923662,20.0,1,13933,1,1,0,0,1,0,0,0,0,0,0,0,0,1
3907,21,38e9575e330aa577,1.445176,20.0,1,13862,1,1,0,0,1,0,0,0,0,0,0,0,0,1
3908,21,223f6099a7124985,1.086793,20.0,1,13642,1,1,0,0,1,0,0,0,0,0,0,0,0,0
3909,21,104c3254f7aae0a0,1.86012,19.303424,1,13662,1,0,0,0,0,0,0,0,0,0,0,0,0,1
3910,21,58fb1eed9fe9ea64,1.397439,17.980786,1,13934,1,1,0,0,1,0,0,0,0,0,0,0,0,0
3911,21,1fc7bb8aa010ba96,1.049843,20.0,1,13726,1,1,0,0,1,0,0,0,0,0,0,0,0,1
3912,21,c4b1b855ec0d50f8,1.833648,18.871211,1,14674,2,1,0,0,0,0,0,0,0,0,0,0,0,1
3913,21,be01dbd89c416ae1,2.421204,20.0,1,14480,1,0,0,0,1,0,0,0,0,0,0,0,0,1
3914,21,5c342dbc90d0d98f,1.81896,19.356723,1,14116,1,1,0,0,1,0,0,0,0,0,0,0,0,0
3915,21,216fdf48f4f7cd73,1.367884,20.0,1,14377,1,1,0,0,1,0,0,0,0,0,0,0,0,1
3916,21,d2e5e09a765d74dd,2.071294,19.644164,1,14425,1,0,0,0,0,0,0,0,0,0,0,0,0,1
3917,21,15bd1bd48d12b4b9,2.599739,20.0,1,14220,2,1,0,0,1,0,0,0,0,0,0,0,0,1
3918,21,7fc494f470133f57,1.953087,20.0,1,14216,1,1,0,0,1,0,0,0,0,0,0,0,0,1
3919,21,afa50c2e296f8758,1.468749,17.50074,0,14120,1,1,0,0,0,0,0,0,0,0,0,0,0,0
3920,21,604eb6ab297fe0b9,2.14707,20.0,1,14146,1,0,0,0,1,0,0,0,0,0,0,0,0,1
3921,21,6699dac555d31a5f,1.613013,20.0,1,14301,1,1,0,0,1,0,0,0,0,0,0,0,0,1
3922,21,133de67399da7e06,1.213009,20.0,1,14156,1,1,0,0,1,0,0,0,0,0,0,0,0,0
3923,21,b26253da250c4e21,1.954942,18.557812,1,14176,1,0,0,0,0,0,0,0,0,0,0,0,0,1
3924,21,f00763c727f5c971,1.468674,17.420635,1,14299,1,1,0,0,1,0,0,0,0,0,0,0,0,0
3925,21,d190e212679bb610,2.147014,20.0,1,14124,2,1,0,0,1,0,0,0,0,0,0,0,0,1
3926,21,37b74ad43a916029,1.614585,20.0,1,14059,1,1,0,0,1,0,0,0,0,0,0,0,0,1
3927,21,2112f5a762e47c9d,1.212977,20.0,1,13727,1,1,0,0,1,0,0,0,0,0,0,0,0,0
3928,21,8191e1e9ccf6307e,1.954918,18.528967,1,12945,1,0,0,0,0,0,0,0,0,0,0,0,0,1
3929,21,cb3fc3286c489288,1.470126,17.414549,1,13048,1,1,0,0,1,0,0,0,0,0,0,0,0,0
3930,21,bb467828ad466655,1.104451,20.0,1,13388,1,1,0,0,1,0,0,0,0,0,0,0,0,1
3931,21,3d36d14a965d0a11,1.873386,18.53459,1,13350,1,0,0,0,0,0,0,0,0,0,0,0,0,1
3932,21,a99994d565d4b71a,2.451058,20.0,1,13163,2,1,0,0,1,0,0,0,0,0,0,0,0,1
3933,21,768071a9ce45f498,1.843231,20.0,1,13525,1,1,0,0,1,0,0,0,0,0,0,0,0,1
3934,21,1813dd3efc347462,1.38475,20.0,1,13184,1,1,0,0,1,0,0,0,0,0,0,0,0,0
3935,21,6322aa78dfe0b90e,2.083964,18.884163,1,13452,1,0,0,0,0,0,0,0,0,0,0,0,0,1
3936,21,11c3bbcd28d0bbe4,1.567171,20.0,1,13486,1,1,0,0,1,0,0,0,0,0,0,0,0,1
3937,21,37af8d2545c4c764,2.22101,20.0,1,13392,2,1,0,0,1,0,0,0,0,0,0,0,0,1
3938,21,f71713a1d957a91a,1.668562,20.0,1,13396,1,1,0,0,1,0,0,0,0,0,0,0,0,0
3939,21,e600fe4bc97389a4,2.297182,18.992212,1,13375,1,0,0,0,0,0,0,0,0,0,0,0,0,1
3940,21,7142cb60cb5b1d63,1.727513,17.762916,1,13228,1,1,0,0,1,0,0,0,0,0,0,0,0,0
3941,21,02342e3b3c40bc0d,1.297816,20.0,1,13269,1,1,0,0,1,0,0,0,0,0,0,0,0,1
3942,21,4112e88c0224cb95,2.018654,18.731206,1,13188,1,0,0,0,0,0,0,0,0,0,0,0,0,1
3943,21,14f3c6c8b224f296,1.518057,17.566636,1,13199,1,1,0,0,1,0,0,0,0,0,0,0,0,0
3944,21,90421c1221ac44d0,1.140459,16.676001,1,13232,1,1,0,0,0,0,0,0,0,0,0,0,0,1
3945,21,04449ffa4655daae,1.900438,16.006901,1,13153,1,0,0,0,1,0,0,0,0,0,0,0,0,0
3946,21,f1408c2cf69f311b,1.427728,18.983075,1,13244,1,1,0,0,1,0,0,0,0,0,0,0,0,1
3947,21,cf3666ccd49561b6,2.117822,14.275543,0,12936,1,0,0,0,0,0,0,0,0,0,0,0,0,0
3948,21,b1f624a6bfa4c459,1.591041,17.682371,1,13079,1,1,0,0,1,0,0,0,0,0,0,0,0,1
3949,21,d4b6974854d49278,1.195289,16.762949,1,13143,1,1,0,0,1,0,0,0,0,0,0,0,0,0
3950,21,b6ff8f354871d95f,1.943025,16.086478,1,12978,1,0,0,0,0,0,0,0,0,0,0,0,0,1
3951,21,fd11f4cf38245d0f,1.459722,15.564014,1,12936,1,1,0,0,1,0,0,0,0,0,0,0,0,0
3952,21,f1cdb38330f13370,2.140288,15.171507,1,12888,1,0,0,0,0,0,0,0,0,0,0,0,0,1
3953,21,22aeebd87127df3d,1.607918,14.87663,1,13046,1,1,0,0,1,0,0,0,0,0,0,0,0,0
3954,21,7f75f7e854dfae74,1.209178,18.148441,1,12898,1,1,0,0,1,0,0,0,0,0,0,0,0,1
3955,21,5be77fed924cc794,2.995717,17.11309,1,12946,2,0,0,0,0,0,0,0,0,0,0,0,0,1
3956,21,19612b4eb302b839,2.25057,19.814114,1,12755,1,1,0,0,1,0,0,0,0,0,0,0,0,1
3957,21,873fbf33737870a8,0.64831,14.900496,0,12884,0,1,0,0,0,0,0,0,0,0,0,0,0,0
3958,21,d2799b93e8f126de,2.574358,18.151875,1,12807,2,0,0,0,1,0,0,0,0,0,0,0,0,1
3959,21,dbe0d4af81075c46,1.934019,13.636825,0,12802,0,0,0,0,0,0,0,0,0,0,0,0,0,0
3960,21,0fea3de3d3fc5350,1.452956,13.723681,1,12661,1,1,0,0,1,0,0,0,0,0,0,0,0,0
3961,21,c74b1b53b3af1c8d,2.136794,13.800906,1,13085,1,0,0,0,0,0,0,0,0,0,0,0,0,1
3962,21,196740f86f438372,1.605294,13.846949,1,12811,1,1,0,0,1,0,0,0,0,0,0,0,0,0
3963,21,8175054924073842,2.24965,13.88154,1,12980,1,0,0,0,0,0,0,0,0,0,0,0,0,1
3964,21,85113308fa932787,2.73592,17.400119,1,12768,2,1,0,0,1,0,0,0,0,0,0,0,0,1
3965,21,3d72a63f74df0049,2.055394,16.550904,1,12838,1,1,0,0,1,0,0,0,0,0,0,0,0,0
3966,21,d23e122f74458fdf,2.587794,15.91292,1,12586,1,0,0,0,0,0,0,0,0,0,0,0,0,1
3967,21,e6e082251f84f76a,1.944113,15.433626,1,12558,1,1,0,0,1,0,0,0,0,0,0,0,0,0
3968,21,1479ec073d39f039,2.506151,15.086809,1,12488,1,0,0,0,0,0,0,0,0,0,0,0,0,1
3969,21,4c59a34965558afd,1.882778,18.291844,1,12758,1,1,0,0,1,0,0,0,0,0,0,0,0,1
3970,21,50a07700ca9b8509,1.414461,13.741979,0,12643,1,1,0,0,0,0,0,0,0,0,0,0,0,0
3971,21,d5e07946c394343d,2.107845,17.295167,1,12635,1,0,0,0,1,0,0,0,0,0,0,0,0,1
3972,21,a44381feb069a6b1,1.583545,16.472057,1,12876,1,1,0,0,1,0,0,0,0,0,0,0,0,0
3973,21,fdbd8317dc884ef9,1.189658,15.853685,1,12797,1,1,0,0,0,0,0,0,0,0,0,0,0,1
3974,21,0bde913367dc4e5a,1.937399,15.389126,1,12677,1,0,0,0,1,0,0,0,0,0,0,0,0,0
3975,21,517e18423b8b64bb,1.456952,18.533845,1,12842,1,1,0,0,1,0,0,0,0,0,0,0,0,1
3976,21,10dcfd7a5685acab,1.094553,17.40263,1,12900,1,1,0,0,0,0,0,0,0,0,0,0,0,1
3977,21,f6a1f7385549d5f9,1.86595,16.55279,1,12835,1,0,0,0,1,0,0,0,0,0,0,0,0,0
3978,21,a6898429888772d6,1.403221,19.408937,1,13074,1,1,0,0,1,0,0,0,0,0,0,0,0,1
3979,21,b2035bf18698bafe,2.097841,20.0,1,13035,2,1,0,0,1,0,0,0,0,0,0,0,0,1
3980,21,92ab5a816ce7b762,2.619683,19.660213,1,13186,1,0,0,0,0,0,0,0,0,0,0,0,0,1
3981,21,e118bb446644e184,1.96807,20.0,1,13197,1,1,0,0,1,0,0,0,0,0,0,0,0,1
3982,21,b2b96eebf3ede9e2,1.480017,19.820021,1,13396,1,1,0,0,1,0,0,0,0,0,0,0,0,0
3983,21,72e7232bca4aae0a,1.111881,20.0,1,13045,1,1,0,0,1,0,0,0,0,0,0,0,0,1
3984,21,5daf888fd7e76975,1.878968,16.413383,0,14357,1,0,0,0,0,0,0,0,0,0,0,0,0,0
3985,21,f553f3ed784cdf0a,1.413011,19.304101,1,14248,1,1,0,0,1,0,0,0,0,0,0,0,0,1
3986,21,b52a070fa716fad6,1.061542,17.981294,1,15122,1,1,0,0,1,0,0,0,0,0,0,0,0,0
3987,21,ff350d03c62d6820,1.84115,20.0,1,15352,2,1,0,0,1,0,0,0,0,0,0,0,0,1
3988,21,962c22b7d5c7fec0,1.383187,20.0,1,15150,1,1,0,0,1,0,0,0,0,0,0,0,0,1
3989,22,1fd48474a6be9a50,1.040177,20.0,1,14582,1,1,0,0,1,0,0,0,0,0,0,0,0,1
3990,22,530e0ea8d92a6d51,1.825099,17.846969,0,13965,1,0,0,0,0,0,0,0,0,0,0,0,0,0
3991,22,9d91a06f605c6d81,1.371129,20.0,1,14139,1,1,0,0,1,0,0,0,0,0,0,0,0,1
3992,22,1bedfd585b1aa4b9,1.031108,18.79561,1,14248,1,1,0,0,1,0,0,0,0,0,0,0,0,0
3993,22,26a9669cba5af3ef,0.774633,20.0,1,14198,1,1,0,0,1,0,0,0,0,0,0,0,0,1
3994,22,4f55c5e4b2d3c044,1.625606,15.83521,0,13997,1,0,0,0,0,0,0,0,0,0,0,0,0,0
3995,22,429a6cfc04b09590,1.221257,18.85409,1,14165,1,1,0,0,1,0,0,0,0,0,0,0,0,1
3996,22,bfd1095e82cc3b3f,0.918403,17.659046,1,14049,1,1,0,0,1,0,0,0,0,0,0,0,0,0
3997,22,e8a24dfe484cb614,1.733615,16.745426,1,13960,1,0,0,0,0,0,0,0,0,0,0,0,0,1
3998,22,a8eb40163c807ab7,1.3024,16.059057,1,13892,1,1,0,0,1,0,0,0,0,0,0,0,0,0
3999,22,b734eb68cadec0ba,2.023574,19.037643,1,14001,2,1,0,0,1,0,0,0,0,0,0,0,0,1
4000,22,03ed9d518f369873,2.563889,17.781114,1,14104,1,0,0,0,0,0,0,0,0,0,0,0,0,1
4001,22,cd43fcebe8f5e6e6,1.926154,20.0,1,13972,1,1,0,0,1,0,0,0,0,0,0,0,0,1
4002,22,338e1a6d9a9334b5,1.447047,20.0,1,13967,1,1,0,0,1,0,0,0,0,0,0,0,0,1
4003,22,f71f04d2a5841727,1.0882,20.0,1,13883,1,1,0,0,1,0,0,0,0,0,0,0,0,0
4004,22,dab4ff966e399802,0.817524,20.0,1,13884,1,1,0,0,1,0,0,0,0,0,0,0,0,1
4005,22,339e340883d8ecaf,1.657829,16.62248,0,13978,1,0,0,0,0,0,0,0,0,0,0,0,0,0
4006,22,0f3eea50b2030a66,1.246711,19.461345,1,14029,1,1,0,0,1,0,0,0,0,0,0,0,0,1
4007,22,157d3461e0a7f335,0.936607,18.099426,1,14048,1,1,0,0,1,0,0,0,0,0,0,0,0,0
4008,22,f1991b9aba19249f,0.703638,20.0,1,14057,1,1,0,0,1,0,0,0,0,0,0,0,0,1
4009,22,f0cae4ef532c2023,0.528617,18.921131,1,13959,1,1,0,0,1,0,0,0,0,0,0,0,0,0
4010,22,3dc875a761d5c5ef,1.441678,17.709462,1,13985,1,0,0,0,0,0,0,0,0,0,0,0,0,1
4011,22,e90cc852e180b7a9,1.083079,16.783301,1,14045,1,1,0,0,1,0,0,0,0,0,0,0,0,0
4012,22,0843c071791750a4,0.813677,19.566356,1,14040,1,1,0,0,1,0,0,0,0,0,0,0,0,1
4013,22,e7652621d19bb2aa,0.611896,14.714178,0,13784,1,1,0,0,0,0,0,0,0,0,0,0,0,0
4014,22,83403ab2ce2e5edc,2.547002,18.011901,1,13907,2,0,0,0,1,0,0,0,0,0,0,0,0,1
4015,22,31f44b91b5854a60,1.913467,20.0,1,13934,1,1,0,0,1,0,0,0,0,0,0,0,0,1
4016,22,9eeb382b0724ec5e,1.437516,18.871733,1,14016,1,1,0,0,1,0,0,0,0,0,0,0,0,0
4017,22,8cf44fb6a5bc2678,1.081033,20.0,1,14001,1,1,0,0,1,0,0,0,0,0,0,0,0,1
4018,22,26302fd6db433208,1.855793,15.891319,0,13859,1,0,0,0,0,0,0,0,0,0,0,0,0,0
4019,22,212d5aa4658ea2f7,1.394188,18.896243,1,13967,1,1,0,0,1,0,0,0,0,0,0,0,0,1
4020,22,37a5a18fb6caef37,1.048449,17.690746,1,13904,1,1,0,0,1,0,0,0,0,0,0,0,0,0
4021,22,79c0b206a03c3fd7,1.831314,16.769241,1,14163,1,0,0,0,0,0,0,0,0,0,0,0,0,1
4022,22,c2376b0af88b997c,1.375798,16.076948,1,14074,1,1,0,0,1,0,0,0,0,0,0,0,0,0
4023,22,8b0d686653d699b0,1.033585,19.035699,1,13926,1,1,0,0,1,0,0,0,0,0,0,0,0,1
4024,22,1ac8c50aa7b2937d,1.821421,20.0,1,13898,2,1,0,0,1,0,0,0,0,0,0,0,0,1
4025,22,79bb4ce1697c0ce0,1.368366,19.462798,1,13968,1,1,0,0,0,0,0,0,0,0,0,0,0,1
4026,22,905ac828b875270d,2.071655,20.0,1,14215,1,0,0,0,1,0,0,0,0,0,0,0,0,1
4027,22,23d81457a60abd18,1.557914,19.708489,1,14075,1,1,0,0,1,0,0,0,0,0,0,0,0,0
4028,22,2d0832d892b13c97,1.170403,20.0,1,13953,1,1,0,0,1,0,0,0,0,0,0,0,0,1
4029,22,584cc33749d643a9,1.922933,16.350435,0,13965,1,0,0,0,0,0,0,0,0,0,0,0,0,0
4030,22,822a86f61493d399,1.444628,19.241159,1,14074,1,1,0,0,1,0,0,0,0,0,0,0,0,1
4031,22,c1745adc72521e4d,1.086381,17.950128,1,13956,1,1,0,0,1,0,0,0,0,0,0,0,0,0
4032,22,c9130c9252e44378,0.816157,20.0,1,13830,1,1,0,0,1,0,0,0,0,0,0,0,0,1
4033,22,45f00d46c357b25d,1.656802,15.358023,0,13949,1,0,0,0,0,0,0,0,0,0,0,0,0,0
4034,22,abe042816fe21d82,1.245939,18.510456,1,13892,1,1,0,0,1,0,0,0,0,0,0,0,0,1
4035,22,313cbc32fac1a470,0.936027,17.385058,1,14077,1,1,0,0,1,0,0,0,0,0,0,0,0,0
4036,22,af33e72c723b74e7,0.703202,16.539589,1,13848,1,1,0,0,0,0,0,0,0,0,0,0,0,1
4037,22,de386825ac235c82,2.615596,19.383264,1,14132,2,0,0,0,1,0,0,0,0,0,0,0,0,1
4038,22,c5af0416038de32f,1.966966,20.0,1,13901,1,1,0,0,1,0,0,0,0,0,0,0,0,1
4039,22,ebfb588be099b498,1.477708,20.0,1,14007,1,1,0,0,1,0,0,0,0,0,0,0,0,1
4040,22,603226cdd10980e3,2.1538,17.382717,0,14025,1,0,0,0,0,0,0,0,0,0,0,0,0,0
4041,22,53fd8ad848919590,2.663839,20.0,1,13913,2,1,0,0,1,0,0,0,0,0,0,0,0,1
4042,22,8fd9e6ac3354dfa2,2.001242,20.0,1,13941,1,1,0,0,1,0,0,0,0,0,0,0,0,1
4043,22,7579e3d1fb0d4f70,1.503459,16.533618,0,14020,1,1,0,0,0,0,0,0,0,0,0,0,0,0
4044,22,3d123e24c99eea8e,2.173146,19.378778,1,14176,1,0,0,0,1,0,0,0,0,0,0,0,0,1
4045,22,51b3084804b401ac,1.634237,20.0,1,14057,1,1,0,0,1,0,0,0,0,0,0,0,0,1
4046,22,9c1d76b68ce9e300,1.227741,20.0,1,14004,1,1,0,0,1,0,0,0,0,0,0,0,0,1
4047,22,7998fcd05ea74331,3.009662,17.380813,0,14101,2,0,0,0,0,0,0,0,0,0,0,0,0,0
4048,22,26d224c974414c27,2.263309,20.0,1,13930,1,1,0,0,1,0,0,0,0,0,0,0,0,1
4049,22,e6eba2fc678e2eec,1.70034,18.527854,1,13899,1,1,0,0,1,0,0,0,0,0,0,0,0,0
4050,22,1653634225a56770,1.277402,17.398128,1,13943,1,1,0,0,0,0,0,0,0,0,0,0,0,1
4051,22,140214cd32e36ada,2.003317,20.0,1,14075,1,0,0,0,1,0,0,0,0,0,0,0,0,1
4052,22,e274525e2acbf211,1.506523,18.542033,1,14023,1,1,0,0,1,0,0,0,0,0,0,0,0,0
4053,22,8f953af3f6da7331,1.131795,17.408781,1,13953,1,1,0,0,0,0,0,0,0,0,0,0,0,1
4054,22,5c01a50683c76e79,2.937582,20.0,1,14189,2,0,0,0,1,0,0,0,0,0,0,0,0,1
4055,22,0302eb99cffc1dda,2.209103,20.0,1,14067,1,1,0,0,1,0,0,0,0,0,0,0,0,1
4056,22,e02bc978427ff2e3,1.659617,20.0,1,13861,1,1,0,0,0,0,0,0,0,0,0,0,0,1
4057,22,0c9d85d29e68b775,2.290461,18.525187,1,14004,1,0,0,0,1,0,0,0,0,0,0,0,0,0
4058,22,86962b7db5a4ec78,1.720738,20.0,1,13974,1,1,0,0,1,0,0,0,0,0,0,0,0,1
4059,22,92f3c04b8dc32182,1.294019,20.0,1,13862,1,1,0,0,1,0,0,0,0,0,0,0,0,1
4060,22,c22419fc2868ff19,0.972148,20.0,1,13936,1,1,0,0,1,0,0,0,0,0,0,0,0,0
4061,22,35f7a001e5404b58,2.817646,18.881165,1,13936,2,0,0,0,0,0,0,0,0,0,0,0,0,1
4062,22,e23669ee1e1fb75c,2.11891,20.0,1,13999,1,1,0,0,1,0,0,0,0,0,0,0,0,1
4063,22,761ec1cec0429402,1.591858,20.0,1,14076,1,1,0,0,1,0,0,0,0,0,0,0,0,1
4064,22,50a08eeb11de5478,2.239556,20.0,1,13948,1,0,0,0,0,0,0,0,0,0,0,0,0,1
4065,22,62a3245acbd2cdbf,1.682495,20.0,1,14032,1,1,0,0,1,0,0,0,0,0,0,0,0,1
4066,22,63f7180405568cce,3.353561,16.897836,0,14000,2,0,0,0,0,0,0,0,0,0,0,0,0,0
4067,22,3a128537ca8b5462,2.519405,19.652401,1,13867,1,1,0,0,1,0,0,0,0,0,0,0,0,1
4068,22,4e87102eaac25277,2.936388,14.764115,0,14166,1,0,0,0,0,0,0,0,0,0,0,0,0,0
4069,22,4fa880a80436dd0f,2.208206,18.063828,1,13791,1,1,0,0,1,0,0,0,0,0,0,0,0,1
4070,22,36b1737267c3dd6b,1.658943,20.0,1,14112,1,1,0,0,1,0,0,0,0,0,0,0,0,1
4071,22,43b16c52dca540eb,3.333608,18.90104,1,13996,2,0,0,0,0,0,0,0,0,0,0,0,0,1
4072,22,0da3a0dfc480ec81,2.504415,20.0,1,13932,1,1,0,0,1,0,0,0,0,0,0,0,0,1
4073,22,db9825c47a4815e8,1.883356,19.391118,1,13934,1,1,0,0,1,0,0,0,0,0,0,0,0,0
4074,22,cd7f1c6d68e5d663,2.458548,18.046667,1,13960,1,0,0,0,0,0,0,0,0,0,0,0,0,1
4075,22,9498326ca505e781,1.847015,20.0,1,13913,1,1,0,0,1,0,0,0,0,0,0,0,0,1
4076,22,9d62e5084e91cc0c,2.433132,20.0,1,13708,2,1,0,0,1,0,0,0,0,0,0,0,0,1
4077,22,b5d5bcad4c5beb1d,2.871575,16.819968,0,13782,1,0,0,0,0,0,0,0,0,0,0,0,0,0
4078,22,f7da853079aa9723,2.157307,19.593903,1,13868,1,1,0,0,1,0,0,0,0,0,0,0,0,1
4079,22,28121a191b2f9824,1.620704,18.199011,1,13671,1,1,0,0,1,0,0,0,0,0,0,0,0,0
4080,22,bd4b91482eac8d16,2.262943,17.166417,1,13922,1,0,0,0,0,0,0,0,0,0,0,0,0,1
4081,22,6da01dd5002ec027,1.700064,16.375332,1,13889,1,1,0,0,1,0,0,0,0,0,0,0,0,0
4082,22,87449e2eb0f01260,1.277195,19.259864,1,14033,1,1,0,0,1,0,0,0,0,0,0,0,0,1
4083,22,eab21fb18e318a20,2.004619,14.483692,0,13958,1,0,0,0,0,0,0,0,0,0,0,0,0,0
4084,22,9a50d8ada80fe29b,1.505996,17.838746,1,13904,1,1,0,0,1,0,0,0,0,0,0,0,0,1
4085,22,0460b89f142ae6b1,1.131398,16.880427,1,13726,1,1,0,0,1,0,0,0,0,0,0,0,0,0
4086,22,07af41f64fc08ddc,1.89363,16.160478,1,13862,1,0,0,0,0,0,0,0,0,0,0,0,0,1
4087,22,d4adcea370c346c1,1.424037,15.633412,1,13779,1,1,0,0,1,0,0,0,0,0,0,0,0,0
4088,22,725b41bf8226c47d,1.069826,18.702487,1,13821,1,1,0,0,1,0,0,0,0,0,0,0,0,1
4089,22,0bc1359a7eb5fb5b,1.847374,17.529324,1,13807,2,1,0,0,0,0,0,0,0,0,0,0,0,1
4090,22,3beb7218e0a132bd,2.433402,20.0,1,13856,1,0,0,0,1,0,0,0,0,0,0,0,0,1
4091,22,6fdefa1b775dfbd1,1.828124,18.611756,1,13875,1,1,0,0,1,0,0,0,0,0,0,0,0,0
4092,22,491caa59c10c9e1b,1.373401,20.0,1,13577,1,1,0,0,1,0,0,0,0,0,0,0,0,1
4093,22,973f567587d3d5ba,2.075438,15.731444,0,13559,1,0,0,0,0,0,0,0,0,0,0,0,0,0
4094,22,b58d21d920b39e6f,1.560759,18.791273,1,13756,1,1,0,0,1,0,0,0,0,0,0,0,0,1
4095,22,69c251ee401ffc59,1.17254,20.0,1,13685,1,1,0,0,1,0,0,0,0,0,0,0,0,1
4096,22,85004ac578db1990,0.880885,19.311607,1,13638,1,1,0,0,1,0,0,0,0,0,0,0,0,0
4097,22,4754c705d48734b2,1.706589,18.003105,1,13769,1,0,0,0,0,0,0,0,0,0,0,0,0,1
4098,22,0f4d61109622581b,1.282096,17.003904,1,13744,1,1,0,0,1,0,0,0,0,0,0,0,0,0
4099,22,7386f581151733c6,0.963191,19.732087,1,13735,1,1,0,0,1,0,0,0,0,0,0,0,0,1
4100,22,9867bfc6165ac02a,0.723609,18.302824,1,13615,1,1,0,0,1,0,0,0,0,0,0,0,0,0
4101,22,e4587e70c9a078f6,2.632466,17.244486,1,13476,2,0,0,0,0,0,0,0,0,0,0,0,0,1
4102,22,a2f6259cb24bdcfd,1.977673,19.912827,1,13656,1,1,0,0,1,0,0,0,0,0,0,0,0,1
4103,22,a41d21bfaf7f7f1f,1.485752,20.0,1,13576,1,1,0,0,1,0,0,0,0,0,0,0,0,1
4104,22,6233f96287e3c94f,2.161457,19.962738,1,13405,1,0,0,0,0,0,0,0,0,0,0,0,0,1
4105,22,703521dbfa658925,1.623822,18.476103,1,13553,1,1,0,0,1,0,0,0,0,0,0,0,0,0
4106,22,f9a2d321aa6624df,1.219917,20.0,1,13577,1,1,0,0,1,0,0,0,0,0,0,0,0,1
4107,22,71bf1134f1d13b87,0.916478,19.133726,1,13538,1,1,0,0,1,0,0,0,0,0,0,0,0,0
4108,22,f8b5d58e2237917d,0.689204,20.0,1,13593,1,1,0,0,1,0,0,0,0,0,0,0,0,1
4109,22,5e758ea054c47d5f,1.561427,19.51818,1,13513,1,0,0,0,0,0,0,0,0,0,0,0,0,1
4110,22,db502f1ea623b957,1.173042,20.0,1,13605,1,1,0,0,1,0,0,0,0,0,0,0,0,1
4111,22,de9c17e0e19df53b,0.882144,19.739778,1,13615,1,1,0,0,1,0,0,0,0,0,0,0,0,0
4112,22,4108a608e9cf5027,0.662722,20.0,1,13618,1,1,0,0,1,0,0,0,0,0,0,0,0,1
4113,22,2b26ec68331ca512,0.497878,16.368094,0,13572,1,1,0,0,0,0,0,0,0,0,0,0,0,0
4114,22,0631b10fe9f9890e,1.417691,19.254426,1,13622,1,0,0,0,1,0,0,0,0,0,0,0,0,1
4115,22,2856d7d2c7ef6637,1.066124,17.960104,1,13683,1,1,0,0,1,0,0,0,0,0,0,0,0,0
4116,22,79f0c74bd28fa4b0,0.800939,20.0,1,13759,1,1,0,0,1,0,0,0,0,0,0,0,0,1
4117,22,798ac49ebb105b44,0.601715,18.842499,1,13679,1,1,0,0,1,0,0,0,0,0,0,0,0,0
4118,22,25ab6892652f8ba4,1.496649,17.650329,1,13708,1,0,0,0,0,0,0,0,0,0,0,0,0,1
4119,22,6203bb44aca70367,1.124376,16.738877,1,13663,1,1,0,0,1,0,0,0,0,0,0,0,0,0
4120,22,8b54a2787eaec574,0.844702,19.532982,1,13628,1,1,0,0,1,0,0,0,0,0,0,0,0,1
4121,22,5bb0dddd8e8986e3,0.634593,18.153243,1,13725,1,1,0,0,0,0,0,0,0,0,0,0,0,1
4122,22,fc709254920171ec,1.521374,17.132,1,13506,1,0,0,0,1,0,0,0,0,0,0,0,0,0
4123,22,dbb22e0f3319e2e9,1.142951,19.82832,1,13646,1,1,0,0,1,0,0,0,0,0,0,0,0,1
4124,22,605d77036565bf26,0.858656,18.37512,1,13606,1,1,0,0,1,0,0,0,0,0,0,0,0,0
4125,22,594b3ab9a9358823,0.645722,20.0,1,13633,1,1,0,0,1,0,0,0,0,0,0,0,0,1
4126,22,d28993a79485c75b,1.52876,15.610753,0,13722,1,0,0,0,0,0,0,0,0,0,0,0,0,0
4127,22,c4c4fa9deda5bce2,1.1485,18.685464,1,13486,1,1,0,0,1,0,0,0,0,0,0,0,0,1
4128,22,c351a754d59a20b3,1.906479,20.0,1,13394,2,1,0,0,1,0,0,0,0,0,0,0,0,1
4129,22,509d5ea0ac584717,1.433699,20.0,1,13160,1,1,0,0,1,0,0,0,0,0,0,0,0,1
4130,22,6a81d81101ce2aa7,2.120738,17.091095,0,13417,1,0,0,0,0,0,0,0,0,0,0,0,0,0
4131,22,d0d39258d0a69264,1.593231,19.79759,1,13156,1,1,0,0,1,0,0,0,0,0,0,0,0,1
4132,22,e82651d564ad8d86,1.198133,18.368572,1,13118,1,1,0,0,1,0,0,0,0,0,0,0,0,0
4133,22,9bc5912c6736306d,1.943766,17.278466,1,13142,1,0,0,0,0,0,0,0,0,0,0,0,0,1
4134,22,9a32b83fb998cff5,1.460278,16.45951,1,13138,1,1,0,0,1,0,0,0,0,0,0,0,0,0
4135,22,c1ddb37e58ac2c61,1.097053,19.323104,1,13137,1,1,0,0,1,0,0,0,0,0,0,0,0,1
4136,22,9501f344a5920bdf,0.824999,18.011751,1,13328,1,1,0,0,1,0,0,0,0,0,0,0,0,0
4137,22,2e7e132f0c84a37a,1.663444,17.0104,1,13200,1,0,0,0,0,0,0,0,0,0,0,0,0,1
4138,22,344d3a8e334fcf47,1.249684,16.258122,1,13271,1,1,0,0,1,0,0,0,0,0,0,0,0,0
4139,22,8b456286a6c77f27,0.93978,19.187343,1,13361,1,1,0,0,1,0,0,0,0,0,0,0,0,1
4140,22,b643dafab0e5c18f,0.706021,17.893578,1,13398,1,1,0,0,1,0,0,0,0,0,0,0,0,0
4141,22,82ec5361b17702e5,1.574061,16.921621,1,13615,1,0,0,0,0,0,0,0,0,0,0,0,0,1
4142,23,1fd48474a6be9a50,1.182533,16.191426,1,13978,1,1,0,0,1,0,0,0,0,0,0,0,0,0
4143,23,530e0ea8d92a6d51,0.889282,19.137186,1,14106,1,1,0,0,1,0,0,0,0,0,0,0,0,1
4144,23,9d91a06f605c6d81,0.668084,14.377053,0,14054,1,1,0,0,0,0,0,0,0,0,0,0,0,0
4145,23,1bedfd585b1aa4b9,1.54556,17.758631,1,14370,1,0,0,0,1,0,0,0,0,0,0,0,0,1
4146,23,26a9669cba5af3ef,1.162283,16.835245,1,14040,1,1,0,0,1,0,0,0,0,0,0,0,0,0
4147,23,4f55c5e4b2d3c044,1.916833,19.60538,1,14292,2,1,0,0,1,0,0,0,0,0,0,0,0,1
4148,23,429a6cfc04b09590,0.396392,18.207633,1,14049,0,1,0,0,1,0,0,0,0,0,0,0,0,0
4149,23,bfd1095e82cc3b3f,1.341448,17.157559,1,14015,2,1,0,0,0,0,0,0,0,0,0,0,0,1
4150,23,e8a24dfe484cb614,2.052938,19.863732,1,14081,1,0,0,0,1,0,0,0,0,0,0,0,0,1
4151,23,a8eb40163c807ab7,1.542296,20.0,1,13975,1,1,0,0,1,0,0,0,0,0,0,0,0,1
4152,23,b734eb68cadec0ba,1.158669,19.916898,1,14002,1,1,0,0,1,0,0,0,0,0,0,0,0,0
4153,23,03ed9d518f369873,1.915486,18.458293,1,13931,1,0,0,0,0,0,0,0,0,0,0,0,0,1
4154,23,cd43fcebe8f5e6e6,1.439033,17.34587,1,13870,1,1,0,0,1,0,0,0,0,0,0,0,0,0
4155,23,338e1a6d9a9334b5,1.081092,19.988993,1,13960,1,1,0,0,1,0,0,0,0,0,0,0,0,1
4156,23,f71f04d2a5841727,0.812184,15.016983,0,14030,1,1,0,0,0,0,0,0,0,0,0,0,0,0
4157,23,dab4ff966e399802,1.654924,18.253989,1,14002,1,0,0,0,1,0,0,0,0,0,0,0,0,1
4158,23,339e340883d8ecaf,1.243283,17.192384,1,14006,1,1,0,0,1,0,0,0,0,0,0,0,0,0
4159,23,0f3eea50b2030a66,0.934032,16.39484,1,14099,1,1,0,0,0,0,0,0,0,0,0,0,0,1
4160,23,157d3461e0a7f335,1.746556,19.290157,1,14087,1,0,0,0,1,0,0,0,0,0,0,0,0,1
4161,23,f1991b9aba19249f,1.312122,17.970818,1,13881,1,1,0,0,1,0,0,0,0,0,0,0,0,0
4162,23,f0cae4ef532c2023,0.985748,20.0,1,14017,1,1,0,0,1,0,0,0,0,0,0,0,0,1
4163,23,7630abeab872e6cf,1.784209,18.848545,1,13972,1,0,0,0,0,0,0,0,0,0,0,0,0,1
4164,23,253c29c9cd31f14d,1.341751,17.654876,1,13940,1,1,0,0,1,0,0,0,0,0,0,0,0,0
4165,23,1bcd43f2b236da2a,2.051661,20.0,1,13896,2,1,0,0,1,0,0,0,0,0,0,0,0,1
4166,23,190012cb2cd5517d,2.584989,18.670229,1,14086,1,0,0,0,0,0,0,0,0,0,0,0,0,1
4167,23,752285f96761bfac,1.943949,20.0,1,13842,1,1,0,0,1,0,0,0,0,0,0,0,0,1
4168,23,8ce008444b943984,1.460416,20.0,1,13922,1,1,0,0,1,0,0,0,0,0,0,0,0,1
4169,23,815cbd6616cc478f,1.097156,17.080081,0,13927,1,1,0,0,0,0,0,0,0,0,0,0,0,0
4170,23,ea182be542b69bac,1.867906,19.789315,1,13916,1,0,0,0,1,0,0,0,0,0,0,0,0,1
4171,23,98558a7fe6a345e2,1.404692,18.362349,1,13861,1,1,0,0,1,0,0,0,0,0,0,0,0,0
4172,23,ea40987dff05550d,1.055292,20.0,1,14045,1,1,0,0,1,0,0,0,0,0,0,0,0,1
4173,23,bd84d51435d6859a,0.792802,15.590679,0,13889,1,1,0,0,0,0,0,0,0,0,0,0,0,0
4174,23,b3773e59edaae1a5,1.640349,18.685416,1,13991,1,0,0,0,1,0,0,0,0,0,0,0,0,1
4175,23,5dadae3439224eef,1.232333,20.0,1,13998,1,1,0,0,1,0,0,0,0,0,0,0,0,1
4176,23,bf32681d9402a0dc,1.969459,20.0,1,13957,2,1,0,0,1,0,0,0,0,0,0,0,0,1
4177,23,f7bd4e508f328e99,2.523234,20.0,1,14074,1,0,0,0,0,0,0,0,0,0,0,0,0,1
4178,23,7c7cf98600a1ae76,1.897508,18.938586,1,13809,1,1,0,0,1,0,0,0,0,0,0,0,0,0
4179,23,4330f499d34eea83,1.425527,20.0,1,14093,1,1,0,0,1,0,0,0,0,0,0,0,0,1
4180,23,574139667abb0c89,1.070945,20.0,1,14010,1,1,0,0,1,0,0,0,0,0,0,0,0,1
4181,23,92baeeda50fe0e26,1.849516,20.0,1,14009,2,1,0,0,1,0,0,0,0,0,0,0,0,1
4182,23,80a0120ed18f2275,1.389473,20.0,1,13996,1,1,0,0,1,0,0,0,0,0,0,0,0,0
4183,23,8dedeb0367e4f2e3,2.087512,19.729449,1,13926,1,0,0,0,0,0,0,0,0,0,0,0,0,1
4184,23,cce480df118a4b64,1.56827,18.300842,1,14103,1,1,0,0,1,0,0,0,0,0,0,0,0,0
4185,23,74af5b71dff1f83a,1.179361,20.0,1,13933,1,1,0,0,1,0,0,0,0,0,0,0,0,1
4186,23,5a3027c7f942d721,0.88601,20.0,1,13781,1,1,0,0,1,0,0,0,0,0,0,0,0,1
4187,23,a7f28a02bc25ffcb,1.70928,20.0,1,13945,1,0,0,0,0,0,0,0,0,0,0,0,0,1
4188,23,d5293be15af3da23,2.329553,18.823206,1,14049,2,1,0,0,1,0,0,0,0,0,0,0,0,0
4189,23,5fbd520df55a8630,1.750106,20.0,1,13850,1,1,0,0,1,0,0,0,0,0,0,0,0,1
4190,23,dfbca10fb7e44b36,1.314789,19.329629,1,13910,1,1,0,0,0,0,0,0,0,0,0,0,0,1
4191,23,44a3306df2ae7e38,2.031405,18.000472,1,13754,1,0,0,0,1,0,0,0,0,0,0,0,0,0
4192,23,9078bef81c8bd0b7,1.527646,20.0,1,13904,1,1,0,0,1,0,0,0,0,0,0,0,0,1
4193,23,1c033c0b8809b97c,1.147663,18.877936,1,13942,1,1,0,0,1,0,0,0,0,0,0,0,0,0
4194,23,6833178b9c2d557d,0.862196,20.0,1,13987,1,1,0,0,1,0,0,0,0,0,0,0,0,1
4195,23,7583ae901af096b8,1.692535,19.378066,1,14005,2,1,0,0,0,0,0,0,0,0,0,0,0,1
4196,23,1d689fbb7a020596,2.315191,20.0,1,13904,1,0,0,0,1,0,0,0,0,0,0,0,0,1
4197,23,00fb3c28eb0a2bb7,1.739317,20.0,1,13997,1,1,0,0,1,0,0,0,0,0,0,0,0,1
4198,23,5ed9e6b0a56757e2,1.306684,20.0,1,13755,1,1,0,0,1,0,0,0,0,0,0,0,0,0
4199,23,2c08440b3516e038,0.982645,20.0,1,13979,1,1,0,0,1,0,0,0,0,0,0,0,0,1
4200,23,4ba366230a4cdbb9,1.781878,17.008546,0,13724,1,0,0,0,0,0,0,0,0,0,0,0,0,0
