tick,episode,frame_sha16,turn,forward,attack,total_spikes,DNp20_R_10059,DNp20_L_10162,MN9_L_10331,DNa02_R_10360,DNpe017_L_10527,MDN_R_10763,DNp09_L_10783,DNp09_R_11177,MDN_L_11288,MDN_R_11332,MDN_L_12348,MN9_R_16949,DNa02_L_523769,DNpe017_R_555871
1,1,1fd48474a6be9a50,0.0,3.478845,1,13260,1,1,0,0,0,0,0,0,0,0,0,0,0,1
2,1,0b198662efcfc49a,1.044151,6.096642,1,15526,1,0,0,0,1,0,0,0,0,0,0,0,0,0
3,1,fcbdd03152747088,0.784431,15.016713,1,13659,1,1,0,0,1,0,0,0,0,0,0,0,0,2
4,1,c7b8a2a9fab59ea4,0.589314,14.76034,1,14285,1,1,0,0,1,0,0,0,0,0,0,0,0,0
5,1,241e6acbb414e8f5,1.486383,14.567736,1,14180,1,0,0,0,0,0,0,0,0,0,0,0,0,1
6,1,fc64a472a0076c97,1.117781,17.916148,1,14352,1,1,0,0,1,0,0,0,0,0,0,0,0,1
7,1,1e870741cfb1004d,0.839747,16.938577,1,13989,1,1,0,0,1,0,0,0,0,0,0,0,0,0
8,1,bf57db00a494f005,1.674524,16.204164,1,14464,1,0,0,0,0,0,0,0,0,0,0,0,0,1
9,1,b9cebc1ba6e23f90,1.259266,19.146766,1,13976,1,1,0,0,1,0,0,0,0,0,0,0,0,1
10,1,e665c14bbc29de1b,0.946039,17.863094,1,14169,1,1,0,0,1,0,0,0,0,0,0,0,0,0
11,1,e769dc1986223560,1.754377,20.0,1,14149,2,1,0,0,1,0,0,0,0,0,0,0,0,1
12,1,1dc6f86b0f28f527,2.361652,18.787746,1,14139,1,0,0,0,0,0,0,0,0,0,0,0,0,1
13,1,4ee3e088ad4a8ac0,1.775996,20.0,1,14086,1,1,0,0,1,0,0,0,0,0,0,0,0,1
14,1,455d9bfb5b7a8dc6,1.334239,20.0,1,14151,1,1,0,0,1,0,0,0,0,0,0,0,0,1
15,1,4bbe4da8ebeb3fc6,1.002364,20.0,1,13915,1,1,0,0,1,0,0,0,0,0,0,0,0,0
16,1,e1c598fb2eccb0ab,1.797942,18.978616,1,14144,1,0,0,0,0,0,0,0,0,0,0,0,0,1
17,1,1ea3379f3547fd92,1.350727,17.736769,1,14024,1,1,0,0,1,0,0,0,0,0,0,0,0,0
18,1,f2433026cfae9a47,1.014751,20.0,1,14043,1,1,0,0,1,0,0,0,0,0,0,0,0,1
19,1,d0cc26dd4ca1a8f2,1.805998,18.716449,1,14155,2,1,0,0,0,0,0,0,0,0,0,0,0,1
20,1,38a3c7ee0e61cf29,1.358136,20.0,1,13881,1,1,0,0,1,0,0,0,0,0,0,0,0,1
21,1,e64373de38c1d3e1,2.06397,19.282435,1,13756,1,0,0,0,1,0,0,0,0,0,0,0,0,0
22,1,7addd6445d78c1a4,1.550584,20.0,1,13866,1,1,0,0,1,0,0,0,0,0,0,0,0,1
23,1,32a2c7ad3446fe7a,2.210211,16.12609,0,13801,1,0,0,0,0,0,0,0,0,0,0,0,0,0
24,1,c2ddba3954d1d184,1.660449,19.072617,1,13904,1,1,0,0,1,0,0,0,0,0,0,0,0,1
25,1,6665faed5439f816,1.247433,17.807389,1,13962,1,1,0,0,1,0,0,0,0,0,0,0,0,0
26,1,e2ced52540714a46,0.93715,20.0,1,13871,1,1,0,0,1,0,0,0,0,0,0,0,0,1
27,1,609fe1b042bd7177,1.748901,15.292747,0,13848,1,0,0,0,0,0,0,0,0,0,0,0,0,0
28,1,a841332a0fc6c3b7,2.357537,18.446558,1,13682,2,1,0,0,1,0,0,0,0,0,0,0,0,1
29,1,55f4672a66ea5f47,1.77113,20.0,1,14049,1,1,0,0,1,0,0,0,0,0,0,0,0,1
30,1,c0bd9a34ec0d85ea,1.331915,15.653853,0,13910,1,1,0,0,0,0,0,0,0,0,0,0,0,0
31,1,aabefe6d1a5d48da,2.044271,18.717843,1,13732,1,0,0,0,1,0,0,0,0,0,0,0,0,1
32,1,1adb77769bb8b4f3,1.535784,17.54086,1,13852,1,1,0,0,1,0,0,0,0,0,0,0,0,0
33,1,a846133f73861c83,2.197431,16.656637,1,13937,1,0,0,0,0,0,0,0,0,0,0,0,0,1
34,1,cfa8b1cf2d33ed9a,1.652499,16.00653,1,13900,1,1,0,0,1,0,0,0,0,0,0,0,0,0
35,1,10999707da36a12f,1.241461,18.982797,1,13905,1,1,0,0,1,0,0,0,0,0,0,0,0,1
36,1,34b7a6e5fe8596ce,1.976317,14.261066,0,13964,1,0,0,0,0,0,0,0,0,0,0,0,0,0
37,1,a2076ecd533fd97d,1.486218,17.685528,1,13899,1,1,0,0,1,0,0,0,0,0,0,0,0,1
38,1,7c306d0aa9eb8d48,1.11654,16.765321,1,14020,1,1,0,0,1,0,0,0,0,0,0,0,0,0
39,1,4299b7b28708007a,1.882468,16.074003,1,13829,1,0,0,0,0,0,0,0,0,0,0,0,0,1
40,1,e37137cca5879e3d,2.457881,19.033487,1,13971,2,1,0,0,1,0,0,0,0,0,0,0,0,1
41,1,83ac982daf0f5cdb,1.848362,20.0,1,13805,1,1,0,0,1,0,0,0,0,0,0,0,0,1
42,1,6d3e74a1c3c2f618,1.388605,20.0,1,13895,1,1,0,0,1,0,0,0,0,0,0,0,0,1
43,1,84bff23ce59350e2,2.08686,20.0,1,14064,2,1,0,0,0,0,0,0,0,0,0,0,0,1
44,1,2b6c921539b5768b,2.613499,19.057051,1,14004,1,0,0,0,1,0,0,0,0,0,0,0,0,0
45,1,0978b21bf001cc8f,1.963424,20.0,1,14038,1,1,0,0,1,0,0,0,0,0,0,0,0,1
46,1,df76ccae0d57b265,1.475047,19.461611,1,14055,1,1,0,0,1,0,0,0,0,0,0,0,0,0
47,1,5f0a318ba0eec9dd,1.108148,18.099625,1,13910,1,1,0,0,0,0,0,0,0,0,0,0,0,1
48,1,bbea280c4443ece7,1.877494,17.091678,1,14102,1,0,0,0,1,0,0,0,0,0,0,0,0,0
49,1,770cc58a6b328c75,1.410491,19.798028,1,13856,1,1,0,0,1,0,0,0,0,0,0,0,0,1
50,1,9e4ceafbb666acca,1.059649,18.352363,1,13970,1,1,0,0,1,0,0,0,0,0,0,0,0,0
51,1,b9acb191b89c8af8,1.841022,20.0,1,13985,2,1,0,0,1,0,0,0,0,0,0,0,0,1
52,1,b2a2c7e3fefe743e,2.426744,19.07674,1,13878,1,0,0,0,0,0,0,0,0,0,0,0,0,1
53,1,ff4e2fdbd305bd8b,1.823122,20.0,1,13940,1,1,0,0,1,0,0,0,0,0,0,0,0,1
54,1,9f64605041841356,1.369643,19.472723,1,14002,1,1,0,0,1,0,0,0,0,0,0,0,0,0
55,1,81ef705e79fae672,2.074142,18.124267,1,13866,1,0,0,0,0,0,0,0,0,0,0,0,0,1
56,1,0c2220d44e86f459,1.558225,17.094929,1,13968,1,1,0,0,1,0,0,0,0,0,0,0,0,0
57,1,630400019cf8816c,1.170636,19.80047,1,13756,1,1,0,0,1,0,0,0,0,0,0,0,0,1
58,1,024e84ca1e780bb5,0.880335,20.0,1,13880,1,1,0,0,1,0,0,0,0,0,0,0,0,1
59,1,c8319945852a59c1,0.661363,16.416019,0,13891,1,1,0,0,0,0,0,0,0,0,0,0,0,0
60,1,6cf3b92a867c9565,1.540511,19.29043,1,14140,1,0,0,0,1,0,0,0,0,0,0,0,0,1
61,1,1fe7620f9d7eb6fc,2.200981,20.0,1,14141,2,1,0,0,1,0,0,0,0,0,0,0,0,1
62,1,7513f4122d65f9bb,2.69932,16.130607,0,13980,1,0,0,0,0,0,0,0,0,0,0,0,0,0
63,1,c0754b9c2548c57b,2.027898,19.076011,1,14315,1,1,0,0,1,0,0,0,0,0,0,0,0,1
64,1,a2213d5ed65bc168,1.523484,20.0,1,13923,1,1,0,0,1,0,0,0,0,0,0,0,0,1
65,1,c26d37eb7a8e419e,2.189832,16.009468,0,14165,1,0,0,0,0,0,0,0,0,0,0,0,0,0
66,1,f8e9b715c8973cc2,1.645139,18.985004,1,14028,1,1,0,0,1,0,0,0,0,0,0,0,0,1
67,1,a884fc7fc2a03f85,1.235931,17.741568,1,13922,1,1,0,0,1,0,0,0,0,0,0,0,0,0
68,1,30ec1cd6e72cbc8b,1.972162,16.807422,1,13865,1,0,0,0,0,0,0,0,0,0,0,0,0,1
69,1,b6e187ba6f519007,2.527245,19.600424,1,13785,2,1,0,0,1,0,0,0,0,0,0,0,0,1
70,1,7a1292cf2961094e,2.942278,14.725066,0,13625,1,0,0,0,0,0,0,0,0,0,0,0,0,0
71,1,adf1db3a6bce99b8,2.210423,18.020081,1,13802,1,1,0,0,1,0,0,0,0,0,0,0,0,1
72,1,6d8edc1a7364d164,1.66227,20.0,1,13392,1,1,0,0,1,0,0,0,0,0,0,0,0,1
73,1,2b8afdee2b55513e,2.292455,15.41017,0,13576,1,0,0,0,0,0,0,0,0,0,0,0,0,0
74,1,da32206b88dfc5cf,2.765889,18.534774,1,13441,2,1,0,0,1,0,0,0,0,0,0,0,0,1
75,1,d11c6c62ed41fff3,2.077909,20.0,1,13346,1,1,0,0,1,0,0,0,0,0,0,0,0,1
76,1,b5db4434eac6d0a4,1.562617,19.184192,1,13218,1,1,0,0,1,0,0,0,0,0,0,0,0,0
77,1,aabd49d58ab82e62,1.173936,17.891211,1,13146,1,1,0,0,0,0,0,0,0,0,0,0,0,1
78,1,2c53b87a7bb9458a,1.925587,16.919843,1,12863,1,0,0,0,1,0,0,0,0,0,0,0,0,0
79,1,76ac7746daeba4bc,1.448069,19.684966,1,12916,1,1,0,0,1,0,0,0,0,0,0,0,0,1
80,1,d21d64cdbb58141b,3.175187,18.267424,1,13010,2,0,0,0,0,0,0,0,0,0,0,0,0,1
81,1,7580139d77b60b24,2.385399,20.0,1,13121,1,1,0,0,1,0,0,0,0,0,0,0,0,1
82,1,30957bd3bd955631,1.792061,20.0,1,12989,1,1,0,0,1,0,0,0,0,0,0,0,0,1
83,1,fc279a819a8c0e89,2.391806,16.916405,0,13200,1,0,0,0,0,0,0,0,0,0,0,0,0,0
84,1,5cdc229c80190563,1.796875,19.666352,1,12938,1,1,0,0,1,0,0,0,0,0,0,0,0,1
85,1,96eb54127b666ea3,1.349925,18.253439,1,13405,1,1,0,0,1,0,0,0,0,0,0,0,0,0
86,1,95a1ec1d83602244,1.015163,20.0,1,13435,1,1,0,0,1,0,0,0,0,0,0,0,0,1
87,1,e6814e08e7875ea4,1.806307,15.542008,0,13435,1,0,0,0,0,0,0,0,0,0,0,0,0,0
88,1,d45e9a765abc53cb,1.357011,18.633819,1,13285,1,1,0,0,1,0,0,0,0,0,0,0,0,1
89,1,d16d1150d4b3072d,1.019472,20.0,1,13461,1,1,0,0,1,0,0,0,0,0,0,0,0,1
90,1,306eb54bba610845,1.810808,15.759647,0,13504,1,0,0,0,0,0,0,0,0,0,0,0,0,0
91,1,ea7c6cba51dd485d,1.360392,18.797323,1,13622,1,1,0,0,1,0,0,0,0,0,0,0,0,1
92,1,3793d752dcb3f2ee,2.065665,14.121726,0,13665,1,0,0,0,0,0,0,0,0,0,0,0,0,0
93,1,2292822d66f352fc,1.55341,17.580743,1,13533,1,1,0,0,1,0,0,0,0,0,0,0,0,1
94,1,2de8a70823c0d314,1.167019,16.686599,1,13517,1,1,0,0,1,0,0,0,0,0,0,0,0,0
95,1,57b4d799db03b261,1.920391,16.014863,1,13581,1,0,0,0,0,0,0,0,0,0,0,0,0,1
96,1,9986270bbd2fdf43,1.442718,18.989057,1,13839,1,1,0,0,1,0,0,0,0,0,0,0,0,1
97,1,401db9dbcacd875f,2.129095,14.280041,0,13654,1,0,0,0,0,0,0,0,0,0,0,0,0,0
98,1,9edb8edc4d9a28fc,2.643163,17.68575,1,13695,2,1,0,0,1,0,0,0,0,0,0,0,0,1
99,1,b4dd94a98ebf907a,1.985709,20.0,1,13688,1,1,0,0,1,0,0,0,0,0,0,0,0,1
100,1,1c66d440bda6c2fb,2.537432,18.704528,1,13652,1,0,0,0,0,0,0,0,0,0,0,0,0,1
101,1,ec851fda738ab5d9,1.906278,20.0,1,13794,1,1,0,0,1,0,0,0,0,0,0,0,0,1
102,1,279e191f347662bf,1.432115,19.262648,1,13895,1,1,0,0,1,0,0,0,0,0,0,0,0,0
103,1,85d55b2bdeff38f9,2.119548,17.950152,1,13864,1,0,0,0,0,0,0,0,0,0,0,0,0,1
104,1,64676d8b74fa8145,2.638081,20.0,1,13787,2,1,0,0,1,0,0,0,0,0,0,0,0,1
105,1,3a80efd52d37f810,1.981892,20.0,1,13804,1,1,0,0,1,0,0,0,0,0,0,0,0,1
106,1,f1a0b9d818495ce2,1.488921,20.0,1,14001,1,1,0,0,1,0,0,0,0,0,0,0,0,1
107,1,83dc95a6fb309c75,1.11969,17.846911,0,13910,1,1,0,0,0,0,0,0,0,0,0,0,0,0
108,1,dc5c3e13943689d5,1.884834,20.0,1,13965,1,0,0,0,1,0,0,0,0,0,0,0,0,1
109,1,56e17900db738284,1.416006,18.778613,1,13915,1,1,0,0,1,0,0,0,0,0,0,0,0,0
110,1,63342441c2770468,1.063792,20.0,1,14129,1,1,0,0,1,0,0,0,0,0,0,0,0,1
111,1,ec81d4c937725b8a,0.799987,19.321952,1,13857,1,1,0,0,1,0,0,0,0,0,0,0,0,0
112,1,a6173ce84be2dacd,1.644654,17.994705,1,14091,1,0,0,0,0,0,0,0,0,0,0,0,0,1
113,1,6dba720394d4998a,2.27922,20.0,1,14041,2,1,0,0,1,0,0,0,0,0,0,0,0,1
114,1,6e3684564f0fb577,1.714006,20.0,1,13990,1,1,0,0,1,0,0,0,0,0,0,0,0,1
115,1,8aa76e9cff07a692,1.287669,20.0,1,14060,1,1,0,0,1,0,0,0,0,0,0,0,0,0
116,1,c98921198b4c6df3,2.011031,18.712015,1,14134,1,0,0,0,0,0,0,0,0,0,0,0,0,1
117,1,3f0f7b2a24642672,1.510812,17.536482,1,14231,1,1,0,0,1,0,0,0,0,0,0,0,0,0
118,1,1cf413fc9cbdce8b,1.136152,20.0,1,14396,1,1,0,0,1,0,0,0,0,0,0,0,0,1
119,1,53d737bb83f84e4c,0.853549,20.0,1,14377,1,1,0,0,1,0,0,0,0,0,0,0,0,1
120,1,21c748855782819d,0.641239,20.0,1,14639,1,1,0,0,1,0,0,0,0,0,0,0,0,0
121,1,727245de49a60daf,1.526372,18.579237,1,14717,1,0,0,0,0,0,0,0,0,0,0,0,0,1
122,1,b07fa2df169f847c,1.146706,20.0,1,14691,1,1,0,0,1,0,0,0,0,0,0,0,0,1
123,1,caf6d9b7d153338d,1.905131,20.0,1,14675,2,1,0,0,1,0,0,0,0,0,0,0,0,1
124,1,24564dfab467bda6,1.431253,20.0,1,14518,1,1,0,0,1,0,0,0,0,0,0,0,0,1
125,1,341dedc3933eec07,2.120473,18.040369,0,14697,1,0,0,0,0,0,0,0,0,0,0,0,0,0
126,1,2ffd3730867fce80,1.593032,20.0,1,14519,1,1,0,0,1,0,0,0,0,0,0,0,0,1
127,1,b4524582e80355ad,2.240439,18.8878,1,14589,1,0,0,0,0,0,0,0,0,0,0,0,0,1
128,1,cdb6ca75ea5347ed,1.684842,17.684396,1,14451,1,1,0,0,1,0,0,0,0,0,0,0,0,0
129,1,49919a08c9d83e31,2.309412,20.0,1,14549,2,1,0,0,1,0,0,0,0,0,0,0,0,1
130,1,fc52517f8e2b9ae7,1.734975,20.0,1,14397,1,1,0,0,1,0,0,0,0,0,0,0,0,1
131,1,cdf03e67a55b8575,2.347075,20.0,1,14441,1,0,0,0,0,0,0,0,0,0,0,0,0,1
132,1,711bce34521e46a3,1.765034,20.0,1,14466,1,1,0,0,1,0,0,0,0,0,0,0,0,1
133,1,63696bb594cfaf30,1.326004,20.0,1,14204,1,1,0,0,1,0,0,0,0,0,0,0,0,0
134,1,fc994a6578ecfda5,0.996177,18.565456,1,14085,1,1,0,0,0,0,0,0,0,0,0,0,0,1
135,1,729d7525e1cc41d3,2.837441,20.0,1,14250,2,0,0,0,1,0,0,0,0,0,0,0,0,1
136,1,8cce2ee80d2c354a,2.131663,20.0,1,14309,1,1,0,0,1,0,0,0,0,0,0,0,0,1
137,1,10f234062986c7cd,1.601439,20.0,1,14633,1,1,0,0,1,0,0,0,0,0,0,0,0,1
138,1,f367efb6b62f188e,1.203101,20.0,1,14448,1,1,0,0,1,0,0,0,0,0,0,0,0,0
139,1,a935e5c1ea274eb0,1.9489,19.651902,1,14335,1,0,0,0,0,0,0,0,0,0,0,0,0,1
140,1,04faf9668f87bb9a,1.464135,20.0,1,14554,1,1,0,0,1,0,0,0,0,0,0,0,0,1
141,1,d61a94d2e866c81e,2.143604,20.0,1,14293,2,1,0,0,1,0,0,0,0,0,0,0,0,1
142,1,07ce3c461eaa9c32,1.61202,20.0,1,14407,1,1,0,0,1,0,0,0,0,0,0,0,0,1
143,1,8fb83ac5244f69ef,1.211051,20.0,1,14365,1,1,0,0,1,0,0,0,0,0,0,0,0,0
144,1,66ac373812df008e,0.909817,20.0,1,14401,1,1,0,0,1,0,0,0,0,0,0,0,0,1
145,1,fbb3080cc18f2b5c,1.727165,17.563894,0,14366,1,0,0,0,0,0,0,0,0,0,0,0,0,0
146,1,456039bdc66e6169,1.298853,20.0,1,14422,1,1,0,0,1,0,0,0,0,0,0,0,0,1
147,1,af1d07260b0d0da1,0.975779,18.631287,1,14479,1,1,0,0,1,0,0,0,0,0,0,0,0,0
148,1,fa4536b3641411c9,1.77672,20.0,1,14475,2,1,0,0,1,0,0,0,0,0,0,0,0,1
149,1,59803bfdcaa2484f,1.336119,20.0,1,14459,1,1,0,0,1,0,0,0,0,0,0,0,0,1
150,1,654e85cb4485ce2f,1.003776,20.0,1,14629,1,1,0,0,1,0,0,0,0,0,0,0,0,1
151,1,ff8d4613c67c06d2,0.754099,20.0,1,14680,1,1,0,0,0,0,0,0,0,0,0,0,0,1
152,1,86ccb6ec793c60a5,1.61018,19.652419,1,14548,1,0,0,0,1,0,0,0,0,0,0,0,0,0
153,1,728dec6fec44d93d,1.210878,20.0,1,14441,1,1,0,0,1,0,0,0,0,0,0,0,0,1
154,1,ec4b8bee4c6c42cc,1.953341,20.0,1,14728,2,1,0,0,1,0,0,0,0,0,0,0,0,1
155,1,72957c241762380b,1.467472,20.0,1,14642,1,1,0,0,0,0,0,0,0,0,0,0,0,1
156,1,c38ee68cfb6afbf0,2.14771,19.254602,1,14544,1,0,0,0,1,0,0,0,0,0,0,0,0,0
157,1,5285c46db9fcb5f8,1.613495,20.0,1,14386,1,1,0,0,1,0,0,0,0,0,0,0,0,1
158,1,f855aeea87c10eb6,1.212158,16.094263,0,14636,1,1,0,0,0,0,0,0,0,0,0,0,0,0
159,1,a95d192d09978be0,2.997956,19.048707,1,14250,2,0,0,0,1,0,0,0,0,0,0,0,0,1
160,1,5f562309adadb08e,2.254506,20.0,1,14243,1,1,0,0,1,0,0,0,0,0,0,0,0,1
161,1,dbf686bbcbf8fb76,1.693726,20.0,1,14285,1,1,0,0,1,0,0,0,0,0,0,0,0,1
162,1,32e86dd52a839795,2.316086,20.0,1,14210,1,0,0,0,0,0,0,0,0,0,0,0,0,1
163,1,9d9a02e7e2352ae6,1.74173,19.061909,1,14074,1,1,0,0,1,0,0,0,0,0,0,0,0,0
164,1,1ac729d7178a2b21,2.35215,20.0,1,14230,2,1,0,0,1,0,0,0,0,0,0,0,0,1
165,1,a77d901e58bddbdd,2.810736,19.464352,1,14189,1,0,0,0,0,0,0,0,0,0,0,0,0,1
166,1,3d16524dc95a1247,2.111601,20.0,1,14269,1,1,0,0,1,0,0,0,0,0,0,0,0,1
167,1,aaf7734d288999cc,1.587954,19.709367,1,14086,1,1,0,0,1,0,0,0,0,0,0,0,0,0
168,1,d5994e6b9d37b9a5,1.19297,20.0,1,13916,1,1,0,0,1,0,0,0,0,0,0,0,0,1
169,1,99d5b04e9fbd7191,1.939887,16.35093,0,13742,1,0,0,0,0,0,0,0,0,0,0,0,0,0
170,1,e7bac8b8e78f2ad0,1.458823,19.257136,1,13796,1,1,0,0,1,0,0,0,0,0,0,0,0,1
171,1,e3b5a0ed3aebe11d,2.139612,20.0,1,13809,2,1,0,0,1,0,0,0,0,0,0,0,0,1
172,1,0e2246dfeb03d446,1.607411,19.574538,1,13649,1,1,0,0,1,0,0,0,0,0,0,0,0,0
173,1,824a37d4d5e55e2e,2.251241,18.184463,1,13563,1,0,0,0,0,0,0,0,0,0,0,0,0,1
174,1,18d6af459693c1bc,1.692965,20.0,1,13530,1,1,0,0,1,0,0,0,0,0,0,0,0,1
175,1,4e43cd83baad4988,1.271862,15.503039,0,13402,1,1,0,0,0,0,0,0,0,0,0,0,0,0
176,1,f32b75ad2c57b2d1,1.999155,18.604543,1,13210,1,0,0,0,1,0,0,0,0,0,0,0,0,1
177,1,96c1073e35495119,1.503393,17.471383,1,13352,1,1,0,0,1,0,0,0,0,0,0,0,0,0
178,2,1fd48474a6be9a50,1.129443,20.0,1,14009,1,1,0,0,1,0,0,0,0,0,0,0,0,1
179,2,0b198662efcfc49a,1.892162,15.087822,0,14230,1,0,0,0,0,0,0,0,0,0,0,0,0,0
180,2,fcbdd03152747088,1.42151,18.292606,1,14201,1,1,0,0,1,0,0,0,0,0,0,0,0,1
181,2,c7b8a2a9fab59ea4,2.113147,20.0,1,14235,2,1,0,0,1,0,0,0,0,0,0,0,0,1
182,2,241e6acbb414e8f5,2.631181,15.564136,0,14190,1,0,0,0,0,0,0,0,0,0,0,0,0,0
183,2,fc64a472a0076c97,1.976708,18.650442,1,14093,1,1,0,0,1,0,0,0,0,0,0,0,0,1
184,2,1e870741cfb1004d,2.530663,17.5059,1,14099,1,0,0,0,0,0,0,0,0,0,0,0,0,1
185,2,bf57db00a494f005,1.901193,20.0,1,14174,1,1,0,0,1,0,0,0,0,0,0,0,0,1
186,2,b9cebc1ba6e23f90,1.428295,18.586148,1,14046,1,1,0,0,1,0,0,0,0,0,0,0,0,0
187,2,e665c14bbc29de1b,2.116678,17.441923,1,14109,1,0,0,0,0,0,0,0,0,0,0,0,0,1
188,2,e769dc1986223560,2.635923,20.0,1,14164,2,1,0,0,1,0,0,0,0,0,0,0,0,1
189,2,1dc6f86b0f28f527,1.98027,20.0,1,14144,1,1,0,0,1,0,0,0,0,0,0,0,0,1
190,2,83171efae161e4f9,1.487703,20.0,1,14097,1,1,0,0,0,0,0,0,0,0,0,0,0,1
191,2,d0f092e334d1b579,2.162924,18.549056,1,14221,1,0,0,0,1,0,0,0,0,0,0,0,0,0
192,2,3c72e9f66e532470,1.624924,20.0,1,13855,1,1,0,0,1,0,0,0,0,0,0,0,0,1
193,2,1fdd04fc4bd3a35e,1.220745,20.0,1,13918,1,1,0,0,1,0,0,0,0,0,0,0,0,1
194,2,1ea3379f3547fd92,1.960753,20.0,1,14158,2,1,0,0,1,0,0,0,0,0,0,0,0,1
195,2,f2433026cfae9a47,2.518665,18.030745,0,13978,1,0,0,0,0,0,0,0,0,0,0,0,0,0
196,2,d0cc26dd4ca1a8f2,1.892179,20.0,1,14015,1,1,0,0,1,0,0,0,0,0,0,0,0,1
197,2,38a3c7ee0e61cf29,1.421523,20.0,1,13975,1,1,0,0,1,0,0,0,0,0,0,0,0,1
198,2,e64373de38c1d3e1,2.113156,20.0,1,13877,2,1,0,0,0,0,0,0,0,0,0,0,0,1
199,2,7addd6445d78c1a4,2.631189,20.0,1,13799,1,0,0,0,1,0,0,0,0,0,0,0,0,1
200,2,32a2c7ad3446fe7a,1.976714,20.0,1,13746,1,1,0,0,1,0,0,0,0,0,0,0,0,0
201,2,c2ddba3954d1d184,1.485031,20.0,1,14027,1,1,0,0,1,0,0,0,0,0,0,0,0,1
202,2,6665faed5439f816,1.116765,20.0,1,13872,1,1,0,0,1,0,0,0,0,0,0,0,0,0
203,2,e2ced52540714a46,1.882637,18.581488,1,13872,1,0,0,0,0,0,0,0,0,0,0,0,0,1
204,2,609fe1b042bd7177,1.414355,20.0,1,13814,1,1,0,0,1,0,0,0,0,0,0,0,0,1
205,2,a841332a0fc6c3b7,1.063615,19.210584,1,13895,1,1,0,0,1,0,0,0,0,0,0,0,0,0
206,2,55f4672a66ea5f47,0.799054,20.0,1,13954,1,1,0,0,1,0,0,0,0,0,0,0,0,1
207,2,c0bd9a34ec0d85ea,2.687606,19.548264,1,13957,2,0,0,0,0,0,0,0,0,0,0,0,0,1
208,2,aabefe6d1a5d48da,0.975445,18.164724,1,13590,0,1,0,0,1,0,0,0,0,0,0,0,0,0
209,2,3a430dc208632016,1.777699,20.0,1,13919,2,1,0,0,1,0,0,0,0,0,0,0,0,1
210,2,80aa2168e796d8f4,2.379172,18.970732,1,13943,1,0,0,0,0,0,0,0,0,0,0,0,0,1
211,2,f7ccb287b0e2aba7,1.787383,20.0,1,13946,1,1,0,0,1,0,0,0,0,0,0,0,0,1
212,2,2112fa62c82cb6c3,2.388288,15.94999,0,13828,1,0,0,0,0,0,0,0,0,0,0,0,0,0
213,2,3716027e174ef615,1.794231,18.94032,1,14036,1,1,0,0,1,0,0,0,0,0,0,0,0,1
214,2,8fd2f788f2f79c9f,1.347939,17.707999,1,13845,1,1,0,0,1,0,0,0,0,0,0,0,0,0
215,2,f4366fc4497b611c,3.099963,16.782202,1,14000,2,0,0,0,0,0,0,0,0,0,0,0,0,1
216,2,6d7c972a0c1269ca,2.331216,19.581459,1,13798,1,1,0,0,1,0,0,0,0,0,0,0,0,1
217,2,b5042d9861b5d83b,1.751356,20.0,1,14052,1,1,0,0,1,0,0,0,0,0,0,0,0,1
218,2,74137b3e5583e005,1.315728,20.0,1,14030,1,1,0,0,1,0,0,0,0,0,0,0,0,1
219,2,ffefc33e1efd86a3,0.989446,20.0,1,13780,1,1,0,0,1,0,0,0,0,0,0,0,0,0
220,2,1d5254eeafca635e,1.786987,19.221272,1,14076,1,0,0,0,0,0,0,0,0,0,0,0,0,1
221,2,d0c5eddf2b2929a5,2.38615,20.0,1,13896,2,1,0,0,1,0,0,0,0,0,0,0,0,1
222,2,a5d738bf0be729ce,1.792625,19.554296,1,14040,1,1,0,0,1,0,0,0,0,0,0,0,0,0
223,2,aead5b3ebfcb2168,2.39223,18.185611,1,13827,1,0,0,0,0,0,0,0,0,0,0,0,0,1
224,2,2b4f56faf5b2875f,1.797193,17.141014,1,13958,1,1,0,0,1,0,0,0,0,0,0,0,0,0
225,2,a68ebde868101b3d,1.350164,19.835092,1,13967,1,1,0,0,1,0,0,0,0,0,0,0,0,1
226,2,3757800f24515d24,1.015343,18.396774,1,14002,1,1,0,0,1,0,0,0,0,0,0,0,0,0
227,2,e03a44c5911063b4,1.806442,20.0,1,13873,2,1,0,0,1,0,0,0,0,0,0,0,0,1
228,2,efd7b834af05a37b,2.400766,19.088953,1,14038,1,0,0,0,0,0,0,0,0,0,0,0,0,1
229,2,d88060fdb295cd09,1.803606,20.0,1,13997,1,1,0,0,1,0,0,0,0,0,0,0,0,1
230,2,3394d16c50c2cf94,1.356337,19.497282,1,13898,1,1,0,0,1,0,0,0,0,0,0,0,0,0
231,2,68684de43052d6bd,1.018965,20.0,1,14046,1,1,0,0,1,0,0,0,0,0,0,0,0,1
232,2,66f2a66706e76df3,1.809164,16.23123,0,13904,1,0,0,0,0,0,0,0,0,0,0,0,0,0
233,2,6de2ee8a6ade73aa,1.360517,19.16712,1,13984,1,1,0,0,1,0,0,0,0,0,0,0,0,1
234,2,6888aa8dab84401a,1.022106,20.0,1,13800,1,1,0,0,1,0,0,0,0,0,0,0,0,1
235,2,c9dafece607e0f27,0.76787,19.523733,1,13861,1,1,0,0,1,0,0,0,0,0,0,0,0,0
236,2,12599f72770313a4,1.620525,20.0,1,14222,2,1,0,0,1,0,0,0,0,0,0,0,0,1
237,2,b232d8ebfccda7c0,1.218658,19.742915,1,14046,0,0,0,0,0,0,0,0,0,0,0,0,0,1
238,2,a2c2dac898b48659,1.959186,20.0,1,14118,2,1,0,0,1,0,0,0,0,0,0,0,0,1
239,2,6d92a34bf1b60cee,2.515516,16.369864,0,14035,1,0,0,0,0,0,0,0,0,0,0,0,0,0
240,2,09c118b98859660d,1.891704,19.271375,1,14140,1,1,0,0,1,0,0,0,0,0,0,0,0,1
241,2,ef26057f91ecd93e,1.421167,17.956708,1,14271,1,1,0,0,1,0,0,0,0,0,0,0,0,0
242,2,57e629ff12069dae,2.111323,16.969048,1,14241,1,0,0,0,0,0,0,0,0,0,0,0,0,1
243,2,8d6145b7f0e4706d,1.586158,16.227056,1,14129,1,1,0,0,1,0,0,0,0,0,0,0,0,0
244,2,58fb9f751ef114ab,2.236964,15.683479,1,14059,1,0,0,0,0,0,0,0,0,0,0,0,0,1
245,2,d8dd82b802302061,1.680547,15.261256,1,14117,1,1,0,0,1,0,0,0,0,0,0,0,0,0
246,2,c0b879075ea43025,2.306186,18.4229,1,14242,2,1,0,0,1,0,0,0,0,0,0,0,0,1
247,2,1c6333a5ebed9330,0.690134,17.334785,1,15302,0,1,0,0,0,0,0,0,0,0,0,0,0,1
248,2,f17663b562637f4e,2.605779,19.980665,1,14923,2,0,0,0,1,0,0,0,0,0,0,0,0,1
249,2,76df3f449401c3fb,1.957624,20.0,1,14965,1,1,0,0,1,0,0,0,0,0,0,0,0,1
250,2,3d353dd712c9a20c,1.47069,19.982894,1,14560,1,1,0,0,1,0,0,0,0,0,0,0,0,0
251,2,405594bb89eca942,1.10598,20.0,1,14551,1,1,0,0,1,0,0,0,0,0,0,0,0,1
252,2,0a953ba8c56082c9,0.830881,20.0,1,15197,1,1,0,0,1,0,0,0,0,0,0,0,0,1
253,2,1b75f90db7f52d0c,2.711517,20.0,1,14918,2,0,0,0,0,0,0,0,0,0,0,0,0,1
254,2,3c69d2229c00c47b,2.039099,19.360083,1,14752,1,1,0,0,1,0,0,0,0,0,0,0,0,0
255,2,8b57d807cc4db41f,1.531899,20.0,1,14830,1,1,0,0,1,0,0,0,0,0,0,0,0,1
256,2,30775d298a7a47a6,2.194512,20.0,1,14374,2,1,0,0,1,0,0,0,0,0,0,0,0,1
257,2,c1ef8b130843df43,2.692308,17.362795,0,14305,1,0,0,0,0,0,0,0,0,0,0,0,0,0
258,2,30832cf7c727723a,2.024654,20.0,1,13976,1,1,0,0,1,0,0,0,0,0,0,0,0,1
259,2,17232997fc16eb4e,1.521047,18.517674,1,13970,1,1,0,0,1,0,0,0,0,0,0,0,0,0
260,2,bc46e7eb156321e7,3.230012,17.390481,1,13931,2,0,0,0,0,0,0,0,0,0,0,0,0,1
261,2,ce4fa241d99b8f1c,2.429015,20.0,1,13713,1,1,0,0,1,0,0,0,0,0,0,0,0,1
262,2,8b58e71189d31dd0,1.824828,18.533316,1,13865,1,1,0,0,1,0,0,0,0,0,0,0,0,0
263,2,f920d00c5eb6966c,1.370925,20.0,1,13689,1,1,0,0,1,0,0,0,0,0,0,0,0,1
264,2,dbb04d0df2ab78b9,1.029925,19.166016,1,13685,1,1,0,0,1,0,0,0,0,0,0,0,0,0
265,2,a2b9a2cd80be77dd,1.818669,17.893619,1,13703,1,0,0,0,0,0,0,0,0,0,0,0,0,1
266,2,2099aeb0f27744dc,1.366298,16.921652,1,13652,1,1,0,0,1,0,0,0,0,0,0,0,0,0
267,2,669edd3433d854e6,1.026449,19.670293,1,13731,1,1,0,0,1,0,0,0,0,0,0,0,0,1
268,2,457ec6532769076f,0.771904,18.272843,1,13523,1,1,0,0,0,0,0,0,0,0,0,0,0,1
269,2,3069c665e7c62547,1.623556,17.206548,1,13684,1,0,0,0,1,0,0,0,0,0,0,0,0,0
270,2,6d6ae8a6897be232,1.219717,19.884325,1,13903,1,1,0,0,1,0,0,0,0,0,0,0,0,1
271,2,40bde7773aae94ab,1.959981,14.93835,0,13910,1,0,0,0,0,0,0,0,0,0,0,0,0,0
272,2,430d28904ac16fa9,1.473934,18.194856,1,13745,1,1,0,0,1,0,0,0,0,0,0,0,0,1
273,2,cbc3295ade18388f,1.107311,17.147959,1,13934,1,1,0,0,1,0,0,0,0,0,0,0,0,0
274,2,b3e550fc71987578,1.875535,16.361465,1,13810,1,0,0,0,0,0,0,0,0,0,0,0,0,1
275,2,f85df4f3c68ee297,2.45458,19.265059,1,13689,2,1,0,0,1,0,0,0,0,0,0,0,0,1
276,2,ba25c8a299f44c23,1.844034,17.951963,1,13838,1,1,0,0,1,0,0,0,0,0,0,0,0,0
277,2,db19cb571fd84590,2.429007,16.965483,1,13842,1,0,0,0,0,0,0,0,0,0,0,0,0,1
278,2,592925b1e9a819ea,1.824822,19.703222,1,13971,1,1,0,0,1,0,0,0,0,0,0,0,0,1
279,2,d4473a1e5e161db6,1.372292,18.297606,1,14045,1,1,0,0,1,0,0,0,0,0,0,0,0,0
280,2,2bada3d9f516bb0a,1.030952,17.225152,1,14130,1,1,0,0,0,0,0,0,0,0,0,0,0,1
281,2,54a35e3821cd3247,2.861822,19.898302,1,14125,2,0,0,0,1,0,0,0,0,0,0,0,0,1
282,2,ebc7f479b6e1bc6c,2.152131,18.444308,1,14154,1,1,0,0,1,0,0,0,0,0,0,0,0,0
283,2,97d02586c450085c,1.616816,20.0,1,14225,1,1,0,0,1,0,0,0,0,0,0,0,0,1
284,2,accf44fcb2d4e826,3.30196,19.115781,1,14102,2,0,0,0,0,0,0,0,0,0,0,0,0,1
285,2,6fa3901c8990f014,2.480639,20.0,1,14365,1,1,0,0,1,0,0,0,0,0,0,0,0,1
286,2,ba03902ac16b2eb1,1.865476,19.512438,1,14257,1,1,0,0,1,0,0,0,0,0,0,0,0,0
287,2,145078b29f29321e,1.401462,20.0,1,14583,1,1,0,0,1,0,0,0,0,0,0,0,0,1
288,2,29810a19a590c049,1.052866,19.718629,1,14410,1,1,0,0,1,0,0,0,0,0,0,0,0,0
289,2,1d3778885edf0db9,1.835921,18.309192,1,14288,2,1,0,0,0,0,0,0,0,0,0,0,0,1
290,2,0b53fa5c47bd00da,2.422912,20.0,1,14457,1,0,0,0,1,0,0,0,0,0,0,0,0,1
291,2,a87ebeb75f2d9ad6,1.820243,20.0,1,14461,1,1,0,0,1,0,0,0,0,0,0,0,0,1
292,2,37d6e4658d05db6e,1.367481,20.0,1,14527,1,1,0,0,1,0,0,0,0,0,0,0,0,1
293,2,15e29fd0daebcedb,1.028365,20.0,1,14615,1,1,0,0,1,0,0,0,0,0,0,0,0,0
294,2,6373faff69d97503,1.816226,19.581981,1,14634,1,0,0,0,0,0,0,0,0,0,0,0,0,1
295,2,3906d25446bd22a0,1.364462,18.190055,1,14863,1,1,0,0,1,0,0,0,0,0,0,0,0,0
296,2,1a752452acefb664,1.026095,20.0,1,14915,1,1,0,0,1,0,0,0,0,0,0,0,0,1
297,2,93485c0aae1d24b2,0.770867,18.985043,1,15128,1,1,0,0,1,0,0,0,0,0,0,0,0,0
298,2,bb540d3b398aa3e2,1.622777,20.0,1,15196,2,1,0,0,1,0,0,0,0,0,0,0,0,1
299,2,89b4eb36b08464dd,2.262785,19.42097,1,15057,1,0,0,0,0,0,0,0,0,0,0,0,0,1
300,2,7d4877bb595891be,1.701647,20.0,1,15211,1,1,0,0,1,0,0,0,0,0,0,0,0,1
301,2,ec82bcc6cbd946ff,1.278383,20.0,1,15009,1,1,0,0,1,0,0,0,0,0,0,0,0,1
302,2,5e2c6fac9a34b4a5,0.960402,17.39872,0,15183,1,1,0,0,0,0,0,0,0,0,0,0,0,0
303,2,3a26502348b767b8,2.810537,20.0,1,14921,2,0,0,0,1,0,0,0,0,0,0,0,0,1
304,2,9b5a41fbe30ecf8b,2.111451,20.0,1,15005,1,1,0,0,1,0,0,0,0,0,0,0,0,1
305,2,daec175439ad4edc,2.629908,20.0,1,14867,1,0,0,0,0,0,0,0,0,0,0,0,0,1
306,2,8603ff2c83fbffc5,1.975751,20.0,1,14729,1,1,0,0,1,0,0,0,0,0,0,0,0,1
307,2,bf31c200e5bdc578,1.485793,20.0,1,14747,1,1,0,0,1,0,0,0,0,0,0,0,0,1
308,2,551af925d67552ad,2.159874,20.0,1,14675,2,1,0,0,1,0,0,0,0,0,0,0,0,1
309,2,7f3b4615fc9588e8,2.666286,18.492247,0,14492,1,0,0,0,0,0,0,0,0,0,0,0,0,0
310,2,640f8f6ba6fdcee3,2.005085,20.0,1,14589,1,1,0,0,1,0,0,0,0,0,0,0,0,1
311,2,2675e5932d550a5f,1.506346,20.0,1,14539,1,1,0,0,1,0,0,0,0,0,0,0,0,1
312,2,b4eb8cbd6757e599,2.175314,17.004539,0,14550,2,1,0,0,0,0,0,0,0,0,0,0,0,0
313,2,5e026c4bc67dc1d8,2.677886,19.732564,1,14485,1,0,0,0,1,0,0,0,0,0,0,0,0,1
314,2,dbb94eca4daa2265,2.013808,20.0,1,14460,1,1,0,0,1,0,0,0,0,0,0,0,0,1
315,2,10c97e2e3f517bf5,1.512899,19.856499,1,14403,1,1,0,0,1,0,0,0,0,0,0,0,0,0
316,2,f682f5413b96c21b,1.136584,20.0,1,14324,1,1,0,0,1,0,0,0,0,0,0,0,0,1
317,2,86ad14d29d593c49,0.854728,19.930915,1,14212,1,1,0,0,1,0,0,0,0,0,0,0,0,0
318,2,3316b6cc90706316,1.685778,18.452196,1,14080,1,0,0,0,0,0,0,0,0,0,0,0,0,1
319,2,6668ce7a306b88dc,1.266462,17.341289,1,14118,1,1,0,0,1,0,0,0,0,0,0,0,0,0
320,2,524b544f06bfa749,1.995099,19.985551,1,14061,2,1,0,0,1,0,0,0,0,0,0,0,0,1
321,2,1c59144223bd1858,1.500343,20.0,1,14027,1,1,0,0,1,0,0,0,0,0,0,0,0,1
322,2,7b200062ee4b7ab6,1.127152,16.520583,0,14060,1,1,0,0,0,0,0,0,0,0,0,0,0,0
323,2,c0c5d36b0def8381,1.89044,19.368985,1,14046,1,0,0,0,1,0,0,0,0,0,0,0,0,1
324,2,aaddbfc70778ac4d,1.421638,18.046255,1,13880,1,1,0,0,1,0,0,0,0,0,0,0,0,0
325,2,9461ad372d8bddf3,1.068023,20.0,1,13898,1,1,0,0,1,0,0,0,0,0,0,0,0,1
326,2,8de1ffe386d93d55,1.846019,18.891121,1,13971,1,0,0,0,0,0,0,0,0,0,0,0,0,1
327,3,1fd48474a6be9a50,1.386845,17.671038,1,13896,1,1,0,0,1,0,0,0,0,0,0,0,0,0
328,3,0b198662efcfc49a,1.042928,20.0,1,14019,1,1,0,0,1,0,0,0,0,0,0,0,0,1
329,3,fcbdd03152747088,1.827166,15.212975,0,14260,1,0,0,0,0,0,0,0,0,0,0,0,0,0
330,3,c7b8a2a9fab59ea4,1.372681,18.386628,1,14299,1,1,0,0,1,0,0,0,0,0,0,0,0,1
331,3,241e6acbb414e8f5,1.032276,17.307508,1,14141,1,1,0,0,1,0,0,0,0,0,0,0,0,0
332,3,fc64a472a0076c97,2.862817,16.481328,1,14213,2,0,0,0,0,0,0,0,0,0,0,0,0,1
333,3,1e870741cfb1004d,2.150727,19.339495,1,14181,1,1,0,0,1,0,0,0,0,0,0,0,0,1
334,3,bf57db00a494f005,1.615761,20.0,1,14214,1,1,0,0,1,0,0,0,0,0,0,0,0,1
335,3,b9cebc1ba6e23f90,2.259226,19.638828,1,13921,1,0,0,0,0,0,0,0,0,0,0,0,0,1
336,3,e665c14bbc29de1b,1.697272,18.232762,1,14200,1,1,0,0,1,0,0,0,0,0,0,0,0,0
337,3,e769dc1986223560,1.275097,20.0,1,14216,1,1,0,0,1,0,0,0,0,0,0,0,0,1
338,3,1dc6f86b0f28f527,0.958891,20.0,1,14081,1,1,0,0,1,0,0,0,0,0,0,0,0,1
339,3,83171efae161e4f9,1.764032,20.0,1,14130,2,1,0,0,1,0,0,0,0,0,0,0,0,1
340,3,d0f092e334d1b579,1.325252,17.922604,0,14154,0,0,0,0,0,0,0,0,0,0,0,0,0,0
341,3,3c72e9f66e532470,2.039265,20.0,1,14004,2,1,0,0,1,0,0,0,0,0,0,0,0,1
342,3,1fdd04fc4bd3a35e,1.533557,18.838341,1,13968,1,1,0,0,1,0,0,0,0,0,0,0,0,0
343,3,1ea3379f3547fd92,1.152104,20.0,1,13881,1,1,0,0,1,0,0,0,0,0,0,0,0,1
344,3,f2433026cfae9a47,1.909186,19.338171,1,14059,1,0,0,0,0,0,0,0,0,0,0,0,0,1
345,3,d0cc26dd4ca1a8f2,2.479885,20.0,1,14044,2,1,0,0,1,0,0,0,0,0,0,0,0,1
346,3,38a3c7ee0e61cf29,1.863045,19.633683,1,13915,1,1,0,0,1,0,0,0,0,0,0,0,0,0
347,3,e64373de38c1d3e1,1.399636,20.0,1,13877,1,1,0,0,1,0,0,0,0,0,0,0,0,1
348,3,7addd6445d78c1a4,1.051494,16.308214,0,14035,1,1,0,0,0,0,0,0,0,0,0,0,0,0
349,3,32a2c7ad3446fe7a,1.834889,19.225013,1,13745,1,0,0,0,1,0,0,0,0,0,0,0,0,1
350,3,c2ddba3954d1d184,1.378484,20.0,1,13975,1,1,0,0,1,0,0,0,0,0,0,0,0,1
351,3,6665faed5439f816,2.079257,19.556407,1,13984,2,1,0,0,0,0,0,0,0,0,0,0,0,1
352,3,e2ced52540714a46,2.607781,20.0,1,13806,1,0,0,0,1,0,0,0,0,0,0,0,0,1
353,3,609fe1b042bd7177,1.959128,19.756978,1,13810,1,1,0,0,1,0,0,0,0,0,0,0,0,0
354,3,a841332a0fc6c3b7,1.47182,20.0,1,13856,1,1,0,0,1,0,0,0,0,0,0,0,0,1
355,3,55f4672a66ea5f47,2.149377,19.856646,1,13777,1,0,0,0,0,0,0,0,0,0,0,0,0,1
356,3,c0bd9a34ec0d85ea,1.616362,18.412983,1,13991,1,1,0,0,1,0,0,0,0,0,0,0,0,0
357,3,aabefe6d1a5d48da,1.214312,20.0,1,13644,1,1,0,0,1,0,0,0,0,0,0,0,0,1
358,3,3a430dc208632016,1.955921,19.098101,1,14090,1,0,0,0,0,0,0,0,0,0,0,0,0,1
359,3,80aa2168e796d8f4,1.47088,17.842546,1,13804,1,1,0,0,1,0,0,0,0,0,0,0,0,0
360,3,f7ccb287b0e2aba7,3.192324,16.883282,1,13994,2,0,0,0,0,0,0,0,0,0,0,0,0,1
361,3,2112fa62c82cb6c3,2.398274,19.641468,1,13856,1,1,0,0,1,0,0,0,0,0,0,0,0,1
362,3,542d2ce96e80afc1,0.75808,18.234745,1,13956,0,1,0,0,1,0,0,0,0,0,0,0,0,0
363,3,6e60a9a40289d397,2.658388,17.19329,1,13736,2,0,0,0,0,0,0,0,0,0,0,0,0,1
364,3,0d28e31d51bf6ee7,1.997148,19.874365,1,13917,1,1,0,0,1,0,0,0,0,0,0,0,0,1
365,3,1cc2b0b192026c8b,1.500382,20.0,1,13792,1,1,0,0,1,0,0,0,0,0,0,0,0,1
366,3,1248b02762c2799a,2.172459,16.460507,0,13948,1,0,0,0,0,0,0,0,0,0,0,0,0,0
367,3,3686db50da6353c5,1.632088,19.323852,1,13983,1,1,0,0,1,0,0,0,0,0,0,0,0,1
368,3,07a5e51a719ae67e,1.226126,17.996132,1,14038,1,1,0,0,1,0,0,0,0,0,0,0,0,0
369,3,f655ac8ba190f916,1.964796,16.998666,1,13830,1,0,0,0,0,0,0,0,0,0,0,0,0,1
370,3,297da01fe191c441,2.521705,19.744243,1,13909,2,1,0,0,1,0,0,0,0,0,0,0,0,1
371,3,585bdb78ddfeaa09,1.894463,20.0,1,13859,1,1,0,0,1,0,0,0,0,0,0,0,0,1
372,3,80b64b516670a126,2.466893,16.370614,0,13839,1,0,0,0,0,0,0,0,0,0,0,0,0,0
373,3,c858402419443b5f,1.855138,19.271938,1,13950,1,1,0,0,1,0,0,0,0,0,0,0,0,1
374,3,bbea280c4443ece7,1.393696,17.957131,1,13995,1,1,0,0,1,0,0,0,0,0,0,0,0,0
375,3,770cc58a6b328c75,2.090685,20.0,1,14001,2,1,0,0,1,0,0,0,0,0,0,0,0,1
376,3,9e4ceafbb666acca,2.614307,18.840821,1,14018,1,0,0,0,0,0,0,0,0,0,0,0,0,1
377,3,b9acb191b89c8af8,1.965996,17.649067,1,13966,1,1,0,0,1,0,0,0,0,0,0,0,0,0
378,3,b2a2c7e3fefe743e,1.476979,20.0,1,13900,1,1,0,0,1,0,0,0,0,0,0,0,0,1
379,3,ff4e2fdbd305bd8b,1.109599,18.666951,1,13893,1,1,0,0,1,0,0,0,0,0,0,0,0,0
380,3,9f64605041841356,1.878585,17.518315,1,13884,1,0,0,0,0,0,0,0,0,0,0,0,0,1
381,3,bcaa3c2bf92876e3,1.411311,16.639699,1,13867,1,1,0,0,1,0,0,0,0,0,0,0,0,0
382,3,2031f2b8b0800d2c,1.060265,19.458473,1,13857,1,1,0,0,1,0,0,0,0,0,0,0,0,1
383,3,cf10b1d2edc2b902,0.796537,20.0,1,13973,1,1,0,0,1,0,0,0,0,0,0,0,0,1
384,3,8ae74930b8057532,1.643158,16.225544,0,13820,1,0,0,0,0,0,0,0,0,0,0,0,0,0
385,3,07e83e7935d19b8e,1.234443,19.147334,1,13937,1,1,0,0,1,0,0,0,0,0,0,0,0,1
386,3,c0c1e82848453003,0.927391,20.0,1,14082,1,1,0,0,1,0,0,0,0,0,0,0,0,1
387,3,4d5b4d17fdba5bf2,1.741562,16.049763,0,14012,1,0,0,0,0,0,0,0,0,0,0,0,0,0
388,3,ba10b86611fb0bf8,2.352024,19.015276,1,14038,2,1,0,0,1,0,0,0,0,0,0,0,0,1
389,3,0d9bba1b70e206a8,1.766987,20.0,1,14068,1,1,0,0,1,0,0,0,0,0,0,0,0,1
390,3,11453ded22d9d985,2.371125,19.438033,1,14095,1,0,0,0,0,0,0,0,0,0,0,0,0,1
391,3,bd4e088c22a00ba9,1.78312,18.098179,1,14124,1,1,0,0,1,0,0,0,0,0,0,0,0,0
392,3,2dca42dac1e569cb,1.339591,20.0,1,13933,1,1,0,0,1,0,0,0,0,0,0,0,0,1
393,3,9c6f225955edb679,2.050038,15.441583,0,14129,1,0,0,0,0,0,0,0,0,0,0,0,0,0
394,3,a8eb6927fa7fe589,1.541658,18.573294,1,13992,1,1,0,0,1,0,0,0,0,0,0,0,0,1
395,3,6dfa9ecd5160b903,1.15819,17.432266,1,14043,1,1,0,0,1,0,0,0,0,0,0,0,0,0
396,3,afb35ddbf0ba3818,2.957412,16.575054,1,13981,2,0,0,0,0,0,0,0,0,0,0,0,0,1
397,3,ea9b65880edd9caa,2.221793,19.409908,1,13950,1,1,0,0,1,0,0,0,0,0,0,0,0,1
398,3,680a22efaf209276,1.67082,18.077029,1,13648,1,1,0,0,1,0,0,0,0,0,0,0,0,0
399,3,6aba3eb67e7da344,1.255224,20.0,1,13471,1,1,0,0,1,0,0,0,0,0,0,0,0,1
400,3,2cd20e5993cf9367,1.986657,18.90849,1,13330,1,0,0,0,0,0,0,0,0,0,0,0,0,1
401,3,73297ee0617ebd26,1.493994,20.0,1,13465,1,1,0,0,1,0,0,0,0,0,0,0,0,1
402,3,74cc1898affeacde,1.122382,19.390931,1,13013,1,1,0,0,1,0,0,0,0,0,0,0,0,0
403,3,d0b8832b8c1d7953,2.93051,18.046526,1,13270,2,0,0,0,0,0,0,0,0,0,0,0,0,1
404,3,749a474d66712e20,1.157929,17.036525,1,13616,0,1,0,0,1,0,0,0,0,0,0,0,0,0
405,3,77b3ac650e88e8b6,1.91493,19.772713,1,13501,2,1,0,0,1,0,0,0,0,0,0,0,0,1
406,3,f2bff648809515db,2.482269,18.333344,1,13774,1,0,0,0,0,0,0,0,0,0,0,0,0,1
407,3,00219cb60768caee,1.864836,20.0,1,13842,1,1,0,0,1,0,0,0,0,0,0,0,0,1
408,3,9b18b2b5e8df75b4,1.402383,19.070393,1,13513,1,1,0,0,1,0,0,0,0,0,0,0,0,0
409,3,0dd40fd463c8ea24,1.053558,20.0,1,13913,1,1,0,0,1,0,0,0,0,0,0,0,0,1
410,3,df0abc0014c36ba9,2.878805,19.469141,1,13736,2,0,0,0,0,0,0,0,0,0,0,0,0,1
411,3,50b1022d323ec347,2.162739,18.105282,1,13948,1,1,0,0,1,0,0,0,0,0,0,0,0,0
412,3,1938afe8d0545c2b,1.62641,20.0,1,13764,1,1,0,0,1,0,0,0,0,0,0,0,0,1
413,3,c7b1686ae2a79bb8,2.265515,15.458305,0,13664,1,0,0,0,0,0,0,0,0,0,0,0,0,0
414,3,f866e2313515a8c4,1.701997,18.570936,1,13731,1,1,0,0,1,0,0,0,0,0,0,0,0,1
415,3,3cebf7acb0b3be21,1.279926,17.44611,1,13663,1,1,0,0,1,0,0,0,0,0,0,0,0,0
416,3,4b9953b0827baf40,0.96156,20.0,1,13667,1,1,0,0,1,0,0,0,0,0,0,0,0,1
417,3,21b143be33e2e677,1.766038,15.073558,0,13433,1,0,0,0,0,0,0,0,0,0,0,0,0,0
418,3,b356fa440e6060b6,1.326758,18.28189,1,13862,1,1,0,0,1,0,0,0,0,0,0,0,0,1
419,3,24fe6a565677a994,0.997741,17.228743,1,13784,1,1,0,0,1,0,0,0,0,0,0,0,0,0
420,3,273d7ae34851f5ed,1.793219,16.422155,1,13967,1,0,0,0,0,0,0,0,0,0,0,0,0,1
421,3,e589cf037ea2dbd3,1.347178,15.816196,1,13884,1,1,0,0,1,0,0,0,0,0,0,0,0,0
422,3,bcabbc20023f3d97,3.101398,15.374506,1,13827,2,0,0,0,0,0,0,0,0,0,0,0,0,1
423,3,577dfed42acf93e4,2.329965,18.507981,1,18513,1,1,0,0,1,0,0,0,0,0,0,0,0,1
424,3,85939e941241ebcf,1.750415,20.0,1,17786,1,1,0,0,1,0,0,0,0,0,0,0,0,1
425,3,7380d8ab01655b72,1.315022,20.0,1,18404,1,1,0,0,1,0,0,0,0,0,0,0,0,1
426,3,75e29ef8079829c2,2.033065,20.0,1,17535,2,1,0,0,0,0,0,0,0,0,0,0,0,1
427,3,bb6ba131bab58f28,1.527366,20.0,1,17213,1,1,0,0,1,0,0,0,0,0,0,0,0,1
428,3,0ed1b48d5e96e048,2.191106,20.0,1,17246,1,0,0,0,1,0,0,0,0,0,0,0,0,1
429,3,89daadf60f623e0f,2.691894,20.0,1,17272,2,1,0,0,1,0,0,0,0,0,0,0,0,0
430,3,4e52e4105ed9930a,2.022319,20.0,1,16935,1,1,0,0,1,0,0,0,0,0,0,0,0,1
431,3,e7c510994ee8fafb,2.562946,20.0,1,17159,2,1,0,0,1,0,0,0,0,0,0,0,0,1
432,3,48a0279543ee6597,1.925446,20.0,1,15521,1,1,0,0,1,0,0,0,0,0,0,0,0,0
433,3,cad45d8723392b56,2.492113,19.786326,1,13833,1,0,0,0,0,0,0,0,0,0,0,0,0,1
434,3,fa55ce72b516b77e,2.915885,20.0,1,14087,2,1,0,0,1,0,0,0,0,0,0,0,0,1
435,3,623f337dae765037,2.190595,19.87321,1,14261,1,1,0,0,1,0,0,0,0,0,0,0,0,0
436,3,af720a876881958d,1.647359,20.0,1,14107,1,1,0,0,1,0,0,0,0,0,0,0,0,1
437,3,cdc30bc05059556e,2.281252,16.457114,0,14171,1,0,0,0,0,0,0,0,0,0,0,0,0,0
438,3,ac7626bea788da01,1.71382,19.321304,1,14233,1,1,0,0,1,0,0,0,0,0,0,0,0,1
439,3,19cfb4f58b4d67bc,2.331182,20.0,1,13977,2,1,0,0,1,0,0,0,0,0,0,0,0,1
440,3,4e81ffa5d757b297,1.753082,20.0,1,14053,1,1,0,0,1,0,0,0,0,0,0,0,0,1
441,3,fdfb9b9975c26038,2.360678,17.360967,0,14252,1,0,0,0,0,0,0,0,0,0,0,0,0,0
442,3,0875c4c5e1dc884a,1.773489,20.0,1,14194,1,1,0,0,1,0,0,0,0,0,0,0,0,1
443,3,17dff9bf126dfdec,1.333689,18.521038,1,14158,1,1,0,0,1,0,0,0,0,0,0,0,0,0
444,3,df6746347fdc399b,1.001951,20.0,1,14379,1,1,0,0,1,0,0,0,0,0,0,0,0,1
445,3,25b9005d0a092e23,0.752728,15.680243,0,14505,1,1,0,0,0,0,0,0,0,0,0,0,0,0
446,3,f4fc79171209bd96,1.60915,18.737669,1,14470,1,0,0,0,1,0,0,0,0,0,0,0,0,1
447,3,36695e4793f56c98,1.210104,17.571496,1,14952,1,1,0,0,1,0,0,0,0,0,0,0,0,0
448,3,4073bbefb201fa97,0.909106,20.0,1,14887,1,1,0,0,1,0,0,0,0,0,0,0,0,1
449,3,af77b0402252a9fe,0.682977,18.62317,1,14932,1,1,0,0,1,0,0,0,0,0,0,0,0,0
450,3,a53a9c531750d7e1,1.557759,17.485391,1,14821,1,0,0,0,0,0,0,0,0,0,0,0,0,1
451,3,923f2c91af2b8432,1.170286,20.0,1,14799,1,1,0,0,1,0,0,0,0,0,0,0,0,1
452,3,62176c187096a589,0.879192,18.574572,1,14781,1,1,0,0,1,0,0,0,0,0,0,0,0,0
453,3,ad7e90eddcd27f54,1.704158,17.433226,1,14746,2,1,0,0,0,0,0,0,0,0,0,0,0,1
454,3,bf9779ab8cb9604d,2.325701,20.0,1,14728,1,0,0,0,1,0,0,0,0,0,0,0,0,1
455,3,422f13f02be72c18,1.747212,20.0,1,14730,1,1,0,0,1,0,0,0,0,0,0,0,0,1
456,3,0dd76384b7ccba71,1.312615,20.0,1,14619,1,1,0,0,1,0,0,0,0,0,0,0,0,1
457,3,22ad2d6daf279dcd,3.075407,17.681919,0,14474,2,0,0,0,0,0,0,0,0,0,0,0,0,0
458,3,1d121076290f8516,2.310438,20.0,1,14635,1,1,0,0,1,0,0,0,0,0,0,0,0,1
459,3,a41bfb7afc7c8054,1.735746,20.0,1,14427,1,1,0,0,1,0,0,0,0,0,0,0,0,1
460,3,f6b11225ce6ee0d8,1.304001,20.0,1,14366,1,1,0,0,1,0,0,0,0,0,0,0,0,0
461,3,685f468967f841ab,0.980627,18.61861,1,14291,1,1,0,0,0,0,0,0,0,0,0,0,0,1
462,3,c55638e82bc23425,2.824015,20.0,1,14516,2,0,0,0,1,0,0,0,0,0,0,0,0,1
463,3,758201e2290c0585,2.121577,20.0,1,14601,1,1,0,0,1,0,0,0,0,0,0,0,0,1
464,3,73c3aa06b3180385,1.595456,20.0,1,14349,1,1,0,0,1,0,0,0,0,0,0,0,0,0
465,3,b927b64c74ce8a06,2.24226,18.914258,1,14490,1,0,0,0,0,0,0,0,0,0,0,0,0,1
466,3,0919540dcac21110,1.684526,17.688419,1,14293,1,1,0,0,1,0,0,0,0,0,0,0,0,0
467,3,ec10476de642f1b1,2.309175,20.0,1,14152,2,1,0,0,1,0,0,0,0,0,0,0,0,1
468,3,c5494e911a565f56,2.780683,18.706036,1,14161,1,0,0,0,0,0,0,0,0,0,0,0,0,1
469,3,2e9fcf6cdd031093,2.089023,20.0,1,14174,1,1,0,0,1,0,0,0,0,0,0,0,0,1
470,3,e1fbcaf1a7c2ff1c,1.569405,19.263499,1,14127,1,1,0,0,1,0,0,0,0,0,0,0,0,0
471,3,8c241610698f4aef,1.180215,20.0,1,14090,1,1,0,0,1,0,0,0,0,0,0,0,0,1
472,3,826ec036e5188fd9,0.886651,19.591496,1,14068,1,1,0,0,1,0,0,0,0,0,0,0,0,0
473,3,e07cf9fa0aee61fd,1.709761,18.197203,1,14070,1,0,0,0,0,0,0,0,0,0,0,0,0,1
474,3,40e378efd17e2ecd,1.28448,17.149723,1,13922,1,1,0,0,1,0,0,0,0,0,0,0,0,0
475,3,4612e572021073d9,0.965947,19.85784,1,13928,1,1,0,0,1,0,0,0,0,0,0,0,0,1
476,3,85c391d496f23dde,1.769333,14.918453,0,13862,1,0,0,0,0,0,0,0,0,0,0,0,0,0
477,3,37b3dfbae2f59c9f,1.329234,18.165365,1,13724,1,1,0,0,1,0,0,0,0,0,0,0,0,1
478,3,50ac3dc6dff28c25,2.043753,17.141115,1,13797,1,0,0,0,0,0,0,0,0,0,0,0,0,1
479,3,14926925cf214d67,1.535396,16.356323,1,13838,1,1,0,0,1,0,0,0,0,0,0,0,0,0
480,3,1a3db8b0fa3150f3,2.197139,19.245583,1,13825,2,1,0,0,1,0,0,0,0,0,0,0,0,1
481,3,2ce5c655984962f2,2.694281,17.937332,1,13785,1,0,0,0,0,0,0,0,0,0,0,0,0,1
482,3,48cb18b742b9ea97,2.026138,20.0,1,13657,1,1,0,0,1,0,0,0,0,0,0,0,0,1
483,3,d67ee3715ca29671,2.565815,18.842265,1,13649,1,0,0,0,0,0,0,0,0,0,0,0,0,1
484,3,36826fec5ee0b5e8,1.927601,17.634334,1,13648,1,1,0,0,1,0,0,0,0,0,0,0,0,0
485,3,2965b7774a3d2da5,2.493734,16.741772,1,13296,1,0,0,0,0,0,0,0,0,0,0,0,0,1
486,3,f6d32e326e556133,1.873449,19.535156,1,13408,1,1,0,0,1,0,0,0,0,0,0,0,0,1
487,3,f36d4e7208198cab,2.451106,20.0,1,13289,2,1,0,0,1,0,0,0,0,0,0,0,0,1
488,3,e7a9d29069eb53ac,2.885077,16.252606,0,13083,1,0,0,0,0,0,0,0,0,0,0,0,0,0
489,3,7715f627cd7a22f2,2.169619,19.183195,1,13146,1,1,0,0,1,0,0,0,0,0,0,0,0,1
490,3,acdeb7c8e7e6e56c,2.673607,17.890462,1,13117,1,0,0,0,0,0,0,0,0,0,0,0,0,1
491,3,8106ca1bb07441f4,2.008581,16.91928,1,13273,1,1,0,0,1,0,0,0,0,0,0,0,0,0
492,3,95f2dbe653d7a466,1.510482,19.684543,1,13661,1,1,0,0,1,0,0,0,0,0,0,0,0,1
493,3,ca07192a23e569a5,2.178422,20.0,1,13620,2,1,0,0,1,0,0,0,0,0,0,0,0,1
494,3,3f71653002a938a6,2.68022,16.336919,0,13437,1,0,0,0,0,0,0,0,0,0,0,0,0,0
495,3,76b3f04293eb4893,2.013549,19.231006,1,13876,1,1,0,0,1,0,0,0,0,0,0,0,0,1
496,3,d8ce76bf5044f340,1.514218,17.942492,1,13806,1,1,0,0,1,0,0,0,0,0,0,0,0,0
497,3,14b35c2bf607baa6,2.181229,16.958368,1,14953,1,0,0,0,0,0,0,0,0,0,0,0,0,1
498,3,61f154bd45a33854,2.682329,19.697877,1,14921,2,1,0,0,1,0,0,0,0,0,0,0,0,1
499,3,f44f88e598b593cd,2.01715,20.0,1,14399,1,1,0,0,1,0,0,0,0,0,0,0,0,1
500,3,83c54bb58ddaf29d,2.559062,16.358058,0,14586,1,0,0,0,0,0,0,0,0,0,0,0,0,0
501,3,2dc4250909afbbea,1.922528,19.246887,1,14282,1,1,0,0,1,0,0,0,0,0,0,0,0,1
502,3,6e99bf0315552eb8,1.444323,17.938311,1,14143,1,1,0,0,1,0,0,0,0,0,0,0,0,0
503,3,21105732cc21daa5,2.130302,16.970367,1,14296,1,0,0,0,0,0,0,0,0,0,0,0,0,1
504,3,841dfa76bb9235ba,1.600416,19.706892,1,14094,1,1,0,0,1,0,0,0,0,0,0,0,0,1
505,3,6b1b203c38c100cb,2.245986,14.805051,0,13897,1,0,0,0,0,0,0,0,0,0,0,0,0,0
506,3,ad9a3f9d9b0f1bf3,2.733164,18.094613,1,13894,2,1,0,0,1,0,0,0,0,0,0,0,0,1
507,3,bb194a1c3fd36cc1,2.053324,20.0,1,13577,1,1,0,0,1,0,0,0,0,0,0,0,0,1
508,3,e2936b463a24612a,2.586239,18.918415,1,13309,1,0,0,0,0,0,0,0,0,0,0,0,0,1
509,3,50a1ce011ed962ce,1.942945,17.691542,1,13528,1,1,0,0,1,0,0,0,0,0,0,0,0,0
510,3,d353d56e8eac2077,2.505273,16.784794,1,13350,1,0,0,0,0,0,0,0,0,0,0,0,0,1
511,3,1359c08738738f6b,1.882118,16.088632,1,13391,1,1,0,0,1,0,0,0,0,0,0,0,0,0
512,3,c525bd6dd3753890,1.413965,19.044477,1,13613,1,1,0,0,1,0,0,0,0,0,0,0,0,1
513,3,4476e7b2d241d0e9,2.107472,14.321718,0,13631,1,0,0,0,0,0,0,0,0,0,0,0,0,0
514,4,1fd48474a6be9a50,1.583265,17.717061,1,13961,1,1,0,0,1,0,0,0,0,0,0,0,0,1
515,4,0b198662efcfc49a,2.233101,13.310165,0,14113,1,0,0,0,0,0,0,0,0,0,0,0,0,0
516,4,fcbdd03152747088,1.677645,16.957119,1,14290,1,1,0,0,1,0,0,0,0,0,0,0,0,1
517,4,c7b8a2a9fab59ea4,2.305764,12.751995,0,14055,1,0,0,0,0,0,0,0,0,0,0,0,0,0
518,4,241e6acbb414e8f5,1.732234,16.537786,1,14233,1,1,0,0,1,0,0,0,0,0,0,0,0,1
519,4,fc64a472a0076c97,1.301363,15.903065,1,14226,1,1,0,0,1,0,0,0,0,0,0,0,0,0
520,4,1e870741cfb1004d,2.022794,15.439833,1,14137,1,0,0,0,0,0,0,0,0,0,0,0,0,1
521,4,bf57db00a494f005,2.563303,18.557059,1,14122,2,1,0,0,1,0,0,0,0,0,0,0,0,1
522,4,b9cebc1ba6e23f90,1.925714,17.420069,1,14145,1,1,0,0,1,0,0,0,0,0,0,0,0,0
523,4,e665c14bbc29de1b,2.49037,16.565891,1,14180,1,0,0,0,0,0,0,0,0,0,0,0,0,1
524,4,e769dc1986223560,1.872794,19.41879,1,14087,1,1,0,0,1,0,0,0,0,0,0,0,0,1
525,4,1dc6f86b0f28f527,2.450613,20.0,1,14106,2,1,0,0,1,0,0,0,0,0,0,0,0,1
526,4,83171efae161e4f9,1.841054,16.18693,0,14233,1,1,0,0,0,0,0,0,0,0,0,0,0,0
527,4,d0f092e334d1b579,2.428649,19.133805,1,14017,1,0,0,0,1,0,0,0,0,0,0,0,0,1
528,4,3c72e9f66e532470,1.824554,17.853357,1,13984,1,1,0,0,1,0,0,0,0,0,0,0,0,0
529,4,1fdd04fc4bd3a35e,2.414372,20.0,1,14189,2,1,0,0,1,0,0,0,0,0,0,0,0,1
530,4,1ea3379f3547fd92,2.857481,18.782251,1,13828,1,0,0,0,0,0,0,0,0,0,0,0,0,1
531,4,f2433026cfae9a47,2.148866,20.0,1,13947,1,1,0,0,1,0,0,0,0,0,0,0,0,1
532,4,d0cc26dd4ca1a8f2,1.614363,20.0,1,14024,1,1,0,0,1,0,0,0,0,0,0,0,0,1
533,4,b6729060e15ef02e,1.212811,20.0,1,14041,1,1,0,0,1,0,0,0,0,0,0,0,0,0
534,4,a9cb16cc75c4b873,1.956201,18.976862,1,13756,1,0,0,0,0,0,0,0,0,0,0,0,0,1
535,4,4518898290c4a533,1.469621,20.0,1,13855,1,1,0,0,1,0,0,0,0,0,0,0,0,1
536,4,80c0e74f4af0cefb,2.147725,20.0,1,13926,2,1,0,0,1,0,0,0,0,0,0,0,0,1
537,4,bd705a496fb2e0e1,1.613505,20.0,1,13941,1,1,0,0,1,0,0,0,0,0,0,0,0,0
538,4,40fcbaec993d22c5,2.257529,19.031517,1,13880,1,0,0,0,0,0,0,0,0,0,0,0,0,1
539,4,6cfaf62351220228,1.695997,17.776512,1,13855,1,1,0,0,1,0,0,0,0,0,0,0,0,0
540,4,6ffb601c36225917,1.274139,20.0,1,13846,1,1,0,0,1,0,0,0,0,0,0,0,0,1
541,4,21c423f5186ec4a6,2.002322,15.275303,0,13828,1,0,0,0,0,0,0,0,0,0,0,0,0,0
542,4,1e92837d9f9c6b35,1.504269,18.433453,1,13813,1,1,0,0,1,0,0,0,0,0,0,0,0,1
543,4,968a8f9c5003dbc1,1.130101,17.327209,1,13947,1,1,0,0,1,0,0,0,0,0,0,0,0,0
544,4,3d81bda997433872,0.849003,16.496129,1,13805,1,1,0,0,0,0,0,0,0,0,0,0,0,1
545,4,4d57385882879efc,2.726763,19.366327,1,13803,2,0,0,0,1,0,0,0,0,0,0,0,0,1
546,4,fcb4df9efd747f55,2.048515,20.0,1,13939,1,1,0,0,1,0,0,0,0,0,0,0,0,1
547,4,dd6db030444068ae,1.538973,20.0,1,13952,1,1,0,0,1,0,0,0,0,0,0,0,0,1
548,4,7ae77073d86b6226,2.20148,17.382816,0,13837,1,0,0,0,0,0,0,0,0,0,0,0,0,0
549,4,356c8f195f9c1ba4,1.65389,20.0,1,14017,1,1,0,0,1,0,0,0,0,0,0,0,0,1
550,4,9f14df830234c9fe,2.286159,18.51668,1,13794,1,0,0,0,0,0,0,0,0,0,0,0,0,1
551,4,062043c8618db95b,1.717506,17.389734,1,13931,1,1,0,0,1,0,0,0,0,0,0,0,0,0
552,4,46fb9a9069532d44,2.335739,20.0,1,13883,2,1,0,0,1,0,0,0,0,0,0,0,0,1
553,4,a08fcbdfa04b7054,2.798407,18.532894,1,13953,1,0,0,0,0,0,0,0,0,0,0,0,0,1
554,4,cad3b566561459bb,2.102339,20.0,1,14007,1,1,0,0,1,0,0,0,0,0,0,0,0,1
555,4,956fe504e19b254f,1.580989,19.18313,1,13934,1,1,0,0,1,0,0,0,0,0,0,0,0,0
556,4,8f104a90b7c27a4a,3.275044,17.890413,1,14023,2,0,0,0,0,0,0,0,0,0,0,0,0,1
557,4,8e9271036b027404,2.460418,20.0,1,13958,1,1,0,0,1,0,0,0,0,0,0,0,0,1
558,4,2d1febfc86418861,1.84842,18.803165,1,13971,1,1,0,0,1,0,0,0,0,0,0,0,0,0
559,4,74cc1f723dc8f362,1.390038,20.0,1,13838,1,1,0,0,1,0,0,0,0,0,0,0,0,1
560,4,0fc8b91ea2ec69c2,1.044284,15.852582,0,13916,1,1,0,0,0,0,0,0,0,0,0,0,0,0
561,4,bbea280c4443ece7,1.828185,18.867141,1,14035,1,0,0,0,1,0,0,0,0,0,0,0,0,1
562,4,683088388d3d837c,1.374821,17.668861,1,14052,1,1,0,0,1,0,0,0,0,0,0,0,0,0
563,4,5b40ca38b773abd1,2.076505,20.0,1,13960,2,1,0,0,1,0,0,0,0,0,0,0,0,1
564,4,7fbe6c693bcd6878,1.560001,20.0,1,14037,1,1,0,0,1,0,0,0,0,0,0,0,0,1
565,4,bf9cc0756f479886,2.215623,16.645701,0,14040,1,0,0,0,0,0,0,0,0,0,0,0,0,0
566,4,7d438e77127332d1,1.66618,19.478808,1,13888,1,1,0,0,1,0,0,0,0,0,0,0,0,1
567,4,a84bbc05a4684da7,1.251739,18.112544,1,13928,1,1,0,0,1,0,0,0,0,0,0,0,0,0
568,4,69667e1b1397453f,0.940385,20.0,1,13974,1,1,0,0,1,0,0,0,0,0,0,0,0,1
569,4,31aafedf41363240,1.751333,18.94565,1,13912,1,0,0,0,0,0,0,0,0,0,0,0,0,1
570,4,1248f4863631349e,1.315711,17.712003,1,13754,1,1,0,0,1,0,0,0,0,0,0,0,0,0
571,4,e66bfaff174baa05,0.988445,20.0,1,13977,1,1,0,0,1,0,0,0,0,0,0,0,0,1
572,4,edfa4b8c5f997aa8,1.786235,15.223627,0,14185,1,0,0,0,0,0,0,0,0,0,0,0,0,0
573,4,183b23ba381cb410,1.343274,18.409388,1,14030,1,1,0,0,1,0,0,0,0,0,0,0,0,1
574,4,a654a6f3e09d4224,3.096458,17.309129,1,14107,2,0,0,0,0,0,0,0,0,0,0,0,0,1
575,4,7bd1371ce49ed3b3,2.326253,16.482546,1,14174,1,1,0,0,1,0,0,0,0,0,0,0,0,0
576,4,1a9eac48b18ea6f2,1.749376,19.356113,1,14132,1,1,0,0,1,0,0,0,0,0,0,0,0,1
577,4,afbc118d2c387c1b,1.314241,18.020369,1,14233,1,1,0,0,0,0,0,0,0,0,0,0,0,1
578,4,517524cfd323ab0a,2.030993,20.0,1,14168,1,0,0,0,1,0,0,0,0,0,0,0,0,1
579,4,b168a66aeb05a8c4,1.525809,20.0,1,14079,1,1,0,0,1,0,0,0,0,0,0,0,0,1
580,4,19442847d8723f83,3.235731,16.811546,0,14087,2,0,0,0,0,0,0,0,0,0,0,0,0,0
581,4,dfeaf5dec4639bfe,2.430884,19.587575,1,14179,1,1,0,0,1,0,0,0,0,0,0,0,0,1
582,4,1be5edcc106663e2,1.826232,20.0,1,14172,1,1,0,0,1,0,0,0,0,0,0,0,0,1
583,4,44eed27f0e7412ed,3.461654,19.778983,1,14070,2,0,0,0,0,0,0,0,0,0,0,0,0,1
584,4,009ec6ba75219449,2.600611,20.0,1,14141,1,1,0,0,1,0,0,0,0,0,0,0,0,1
585,4,14ad59d06d988e32,1.953742,19.869066,1,13973,1,1,0,0,1,0,0,0,0,0,0,0,0,0
586,4,c855a3c4686e2e93,1.467773,18.405731,1,14396,1,1,0,0,0,0,0,0,0,0,0,0,0,1
587,4,7112d9c908ce15cc,3.192087,20.0,1,14626,2,0,0,0,1,0,0,0,0,0,0,0,0,1
588,4,f76c7cb22f0a6037,2.398096,19.106891,1,15079,1,1,0,0,1,0,0,0,0,0,0,0,0,0
589,4,ac742b16d2a9aeae,1.8016,20.0,1,15310,1,1,0,0,1,0,0,0,0,0,0,0,0,1
590,4,7a86842f47f133f8,2.398979,19.507416,1,16029,1,0,0,0,0,0,0,0,0,0,0,0,0,1
591,4,a6447c0919a4cc5d,2.845917,20.0,1,15967,2,1,0,0,1,0,0,0,0,0,0,0,0,1
592,4,1e6f56d56ab89b06,2.138031,20.0,1,15561,1,1,0,0,1,0,0,0,0,0,0,0,0,1
593,4,5d6676a1c77005c8,3.693529,20.0,1,15059,2,0,0,0,0,0,0,0,0,0,0,0,0,1
594,4,0e17445746c26cb8,2.777587,20.0,1,14720,1,1,0,0,1,0,0,0,0,0,0,0,0,1
595,4,5402d04b156d87ae,2.086697,20.0,1,14374,1,1,0,0,1,0,0,0,0,0,0,0,0,1
596,4,5207fbbd68206e9b,1.567658,20.0,1,14418,1,1,0,0,1,0,0,0,0,0,0,0,0,1
597,4,180e133c2094f5e1,3.267202,18.789756,0,14330,2,0,0,0,0,0,0,0,0,0,0,0,0,0
598,4,c67996e8829176ef,2.454527,20.0,1,13993,1,1,0,0,1,0,0,0,0,0,0,0,0,1
599,4,06d835ea94cf23d8,1.843994,20.0,1,13837,1,1,0,0,1,0,0,0,0,0,0,0,0,1
600,4,6f9cd722da694944,1.385324,20.0,1,13983,1,1,0,0,1,0,0,0,0,0,0,0,0,1
601,4,187d8a592e6d61af,1.041783,18.107495,0,13736,1,1,0,0,0,0,0,0,0,0,0,0,0,0
602,4,316c45fa0546c013,1.826306,20.0,1,13937,1,0,0,0,1,0,0,0,0,0,0,0,0,1
603,4,30330b2b58e99852,2.415689,20.0,1,13945,2,1,0,0,1,0,0,0,0,0,0,0,0,1
604,4,6089b7909a575483,1.816632,20.0,1,13510,1,1,0,0,1,0,0,0,0,0,0,0,0,1
605,4,7e4a538b1351cd5c,2.408421,17.887209,0,13965,1,0,0,0,0,0,0,0,0,0,0,0,0,0
606,4,b19fc9d87015fd9b,1.809357,20.0,1,13897,1,1,0,0,1,0,0,0,0,0,0,0,0,1
607,4,02631a96a5f447dd,1.359302,20.0,1,13914,1,1,0,0,1,0,0,0,0,0,0,0,0,1
608,4,2d621b38f1f1e628,2.066365,20.0,1,13907,1,0,0,0,0,0,0,0,0,0,0,0,0,1
609,4,1c0027cb45dd9a9f,1.552383,18.681042,1,13810,1,1,0,0,1,0,0,0,0,0,0,0,0,0
610,4,c1309d5b32e66550,1.166247,20.0,1,14074,1,1,0,0,1,0,0,0,0,0,0,0,0,1
611,4,f70aa48624218431,1.921185,19.266828,1,13787,1,0,0,0,0,0,0,0,0,0,0,0,0,1
612,4,c6490505e1a00d57,2.486968,17.953292,1,13973,2,1,0,0,1,0,0,0,0,0,0,0,0,0
613,4,2ca9c0e5be517762,1.868366,20.0,1,13813,1,1,0,0,1,0,0,0,0,0,0,0,0,1
614,4,9662583bc6f89587,1.403634,20.0,1,13986,1,1,0,0,1,0,0,0,0,0,0,0,0,1
615,4,1de0ec9d6fc610a4,2.099703,16.783077,0,13726,1,0,0,0,0,0,0,0,0,0,0,0,0,0
616,4,b80081af44ec3145,1.577428,19.566187,1,13995,1,1,0,0,1,0,0,0,0,0,0,0,0,1
617,4,e487943b493e1ef5,1.185063,18.17819,1,14133,1,1,0,0,1,0,0,0,0,0,0,0,0,0
618,4,1be5a1685acdfcb6,1.935335,17.150759,1,13936,1,0,0,0,0,0,0,0,0,0,0,0,0,1
619,4,3c4eef2739102861,2.497598,19.842413,1,14178,2,1,0,0,1,0,0,0,0,0,0,0,0,1
620,4,8ff42e3f85a1b2a7,1.876352,20.0,1,14117,1,1,0,0,1,0,0,0,0,0,0,0,0,1
621,4,7738f12598fe824a,2.453286,16.426021,0,14014,1,0,0,0,0,0,0,0,0,0,0,0,0,0
622,4,25de77414fde59fb,1.844906,19.313605,1,13844,1,1,0,0,1,0,0,0,0,0,0,0,0,1
623,4,aefa51464fdcf2c2,1.386009,17.988434,1,14076,1,1,0,0,1,0,0,0,0,0,0,0,0,0
624,4,10120f0c2b447fcc,2.08491,20.0,1,14106,2,1,0,0,1,0,0,0,0,0,0,0,0,1
625,4,83e6173eaf0850de,1.567882,18.875532,1,13838,1,1,0,0,0,0,0,0,0,0,0,0,0,1
626,4,c6a1a2bf8bc1992e,2.221545,20.0,1,14118,1,0,0,0,1,0,0,0,0,0,0,0,0,1
627,4,ef4f9ca5699847b3,1.668963,19.359162,1,14170,1,1,0,0,1,0,0,0,0,0,0,0,0,0
628,4,488c4fa795940294,1.25383,20.0,1,14000,1,1,0,0,1,0,0,0,0,0,0,0,0,1
629,4,1d7c9f952cf8e7bc,0.942898,19.649939,1,14167,1,1,0,0,0,0,0,0,0,0,0,0,0,1
630,4,ecaaa042547538e9,1.752017,18.241109,1,14108,1,0,0,0,1,0,0,0,0,0,0,0,0,0
631,4,438ec593daaf0a11,1.316225,20.0,1,14347,1,1,0,0,1,0,0,0,0,0,0,0,0,1
632,4,dd3812bd685e8ab1,0.98982,19.018284,1,14238,1,1,0,0,1,0,0,0,0,0,0,0,0,0
633,4,25eca3e95aeaafdd,0.743615,17.76657,1,14649,1,1,0,0,0,0,0,0,0,0,0,0,0,1
634,4,c7629cf67a34644f,1.602303,16.826204,1,14561,1,0,0,0,1,0,0,0,0,0,0,0,0,0
635,4,44a3f08b542035fe,1.203751,19.598587,1,14584,1,1,0,0,1,0,0,0,0,0,0,0,0,1
636,4,35ea230359ce6e74,1.949388,20.0,1,14525,2,1,0,0,1,0,0,0,0,0,0,0,0,1
637,4,c03e991bc3014062,2.508156,19.780808,1,14512,1,0,0,0,0,0,0,0,0,0,0,0,0,1
638,4,4c224360d6b4fac7,1.884284,20.0,1,14337,1,1,0,0,1,0,0,0,0,0,0,0,0,1
639,4,2a1300615500f8f0,1.417008,19.888152,1,14335,1,1,0,0,1,0,0,0,0,0,0,0,0,0
640,4,d778b3bf121f7f93,2.108199,18.42007,1,14134,1,0,0,0,0,0,0,0,0,0,0,0,0,1
641,4,d1d31cd560fb83ba,2.627464,20.0,1,14306,2,1,0,0,1,0,0,0,0,0,0,0,0,1
642,4,fe0a6a22cf922f62,1.973916,19.102101,1,14258,1,1,0,0,1,0,0,0,0,0,0,0,0,0
643,4,0743baf04dc1e84c,2.528563,17.845554,1,14229,1,0,0,0,0,0,0,0,0,0,0,0,0,1
644,4,a2b3841f317e0ed9,1.899615,20.0,1,14158,1,1,0,0,1,0,0,0,0,0,0,0,0,1
645,4,79d4b3a5f3fb13ad,1.42711,18.777847,1,14478,1,1,0,0,1,0,0,0,0,0,0,0,0,0
646,4,9e918b956af1d800,1.073207,17.60171,1,14333,1,1,0,0,0,0,0,0,0,0,0,0,0,1
647,4,c9aa0cddae32b60a,1.849914,16.702351,1,14374,1,0,0,0,1,0,0,0,0,0,0,0,0,0
648,4,7e9217f38b61f9ab,1.389771,19.505541,1,14214,1,1,0,0,1,0,0,0,0,0,0,0,0,1
649,4,a2461f972d66e26c,1.044083,18.132628,1,14388,1,1,0,0,1,0,0,0,0,0,0,0,0,0
650,4,55ae9a522f64ea09,1.829316,20.0,1,14067,2,1,0,0,1,0,0,0,0,0,0,0,0,1
651,4,0b12a9038c7148db,1.374297,18.952599,1,14268,1,1,0,0,0,0,0,0,0,0,0,0,0,1
652,4,0c2393146932da01,2.076111,20.0,1,14258,1,0,0,0,1,0,0,0,0,0,0,0,0,1
653,4,c4654de6f03ad9b5,1.561265,19.420247,1,14039,1,1,0,0,1,0,0,0,0,0,0,0,0,0
654,4,e1d0b48865509dbb,1.17292,20.0,1,14144,1,1,0,0,1,0,0,0,0,0,0,0,0,1
655,4,de2c6b09cdbe798d,1.924824,16.187752,0,14129,1,0,0,0,0,0,0,0,0,0,0,0,0,0
656,4,e7d12afbe59da3b3,2.489702,19.118942,1,14038,2,1,0,0,1,0,0,0,0,0,0,0,0,1
657,4,142ffd0b06683100,1.872291,20.0,1,13896,1,1,0,0,1,0,0,0,0,0,0,0,0,1
658,4,a1ffb37832f91d93,1.406582,20.0,1,14073,1,1,0,0,1,0,0,0,0,0,0,0,0,1
659,4,fa4aea0bcc26395b,2.100366,17.27053,0,13959,1,0,0,0,0,0,0,0,0,0,0,0,0,0
660,4,dd2ab908826c23c9,1.579505,19.948688,1,14022,1,1,0,0,1,0,0,0,0,0,0,0,0,1
661,4,c84e18bd26b42ca8,1.186623,18.465548,1,13991,1,1,0,0,1,0,0,0,0,0,0,0,0,0
662,4,7ad930acffbf2a0b,0.891466,20.0,1,14123,1,1,0,0,1,0,0,0,0,0,0,0,0,1
663,4,2b6190439d926504,1.713378,19.127769,1,14106,1,0,0,0,0,0,0,0,0,0,0,0,0,1
664,4,cb542e70e9c6ce3b,1.288485,17.864856,1,13781,1,1,0,0,1,0,0,0,0,0,0,0,0,0
665,4,10f1b8c6b981f5bb,0.967991,20.0,1,13939,1,1,0,0,1,0,0,0,0,0,0,0,0,1
666,4,75317a2a18a41db6,1.770868,18.788741,1,13997,1,0,0,0,0,0,0,0,0,0,0,0,0,1
667,4,79f7ae9945d4bb6a,1.331718,17.609903,1,13750,1,1,0,0,1,0,0,0,0,0,0,0,0,0
668,4,024d7b4874df5d11,2.044124,16.708506,1,13870,1,0,0,0,0,0,0,0,0,0,0,0,0,1
669,4,4e8dba163a883817,2.579327,19.510165,1,13810,2,1,0,0,1,0,0,0,0,0,0,0,0,1
670,4,52e5905d90cce011,2.981405,14.657258,0,13726,1,0,0,0,0,0,0,0,0,0,0,0,0,0
671,4,955d3de672293050,2.242059,17.98347,1,13783,1,1,0,0,1,0,0,0,0,0,0,0,0,1
672,4,30056878f416e827,1.684375,20.0,1,13776,1,1,0,0,1,0,0,0,0,0,0,0,0,1
673,4,23d3497c62cac1f8,2.309062,15.376842,0,13590,1,0,0,0,0,0,0,0,0,0,0,0,0,0
674,4,c49704343758a69e,2.780598,18.524607,1,13330,2,1,0,0,1,0,0,0,0,0,0,0,0,1
675,4,639c48946ff4ad0a,2.088959,17.39569,1,13949,1,1,0,0,0,0,0,0,0,0,0,0,0,1
676,4,fb4cf81785322ad1,2.61301,20.0,1,13822,1,0,0,0,1,0,0,0,0,0,0,0,0,1
677,4,d07a2c88bca4605d,1.963057,20.0,1,13827,1,1,0,0,1,0,0,0,0,0,0,0,0,1
678,4,30291ff98a96dd4b,2.520397,20.0,1,13661,2,1,0,0,1,0,0,0,0,0,0,0,0,1
679,4,2ffc9bcb7830f831,1.89348,20.0,1,14041,1,1,0,0,1,0,0,0,0,0,0,0,0,0
680,4,8a5d3b57b6a7cb47,2.466154,19.35985,1,13652,1,0,0,0,0,0,0,0,0,0,0,0,0,1
681,4,cfba5e6e807cfdb6,1.854583,18.039385,1,13700,1,1,0,0,1,0,0,0,0,0,0,0,0,0
682,4,674eb2e96822c1ba,1.393279,17.03116,1,13707,1,1,0,0,0,0,0,0,0,0,0,0,0,1
683,4,48924460a636a1e1,2.090372,19.752563,1,13612,1,0,0,0,1,0,0,0,0,0,0,0,0,1
684,4,0791be12e5377df7,1.570418,18.318207,1,13567,1,1,0,0,1,0,0,0,0,0,0,0,0,0
685,4,d4d36697ec2b20be,3.269278,20.0,1,14484,2,0,0,0,0,0,0,0,0,0,0,0,0,2
686,4,fa2abc17ecf473ac,2.456086,19.057444,1,14448,1,1,0,0,1,0,0,0,0,0,0,0,0,0
687,4,9610159cb10a9d55,1.845166,20.0,1,15869,1,1,0,0,1,0,0,0,0,0,0,0,0,1
688,4,a52f88e5a62fd65c,1.387591,19.47948,1,15852,1,1,0,0,1,0,0,0,0,0,0,0,0,0
689,4,c3751d5fe200ae11,1.042445,20.0,1,15518,1,1,0,0,1,0,0,0,0,0,0,0,0,1
690,4,2286203a8f1b1045,1.826803,16.221183,0,15097,1,0,0,0,0,0,0,0,0,0,0,0,0,0
691,4,bf26609ef46a79c6,1.372409,19.144057,1,15416,1,1,0,0,1,0,0,0,0,0,0,0,0,1
692,4,9acc84888186159e,2.076222,20.0,1,15592,2,1,0,0,1,0,0,0,0,0,0,0,0,1
693,4,77f01df309ab4aaa,1.559788,19.524017,1,16217,1,1,0,0,0,0,0,0,0,0,0,0,0,1
694,4,33cea68e76edcc1a,2.215464,20.0,1,16006,1,0,0,0,1,0,0,0,0,0,0,0,0,1
695,4,396a30289d2fe100,1.66606,19.743075,1,16243,1,1,0,0,1,0,0,0,0,0,0,0,0,0
696,4,dfd7957e55dddb79,2.295302,18.311079,1,16352,1,0,0,0,0,0,0,0,0,0,0,0,0,1
697,4,95945afed2dc0c09,2.768028,20.0,1,16307,2,1,0,0,1,0,0,0,0,0,0,0,0,1
698,4,c29704b5f2181dfd,2.079516,20.0,1,16553,1,1,0,0,1,0,0,0,0,0,0,0,0,1
699,4,e446f563ff2b8984,2.607976,20.0,1,14802,1,0,0,0,0,0,0,0,0,0,0,0,0,1
700,4,750482a1d9b0eab7,3.002928,20.0,1,12865,2,1,0,0,1,0,0,0,0,0,0,0,0,1
701,4,16a3ce282859afd3,2.255988,20.0,1,12835,1,1,0,0,1,0,0,0,0,0,0,0,0,0
702,4,b63741b80fd0742f,1.696535,18.692454,1,12909,1,1,0,0,0,0,0,0,0,0,0,0,0,1
703,4,d739318a83d6ba93,2.318197,17.521786,1,12825,1,0,0,0,1,0,0,0,0,0,0,0,0,0
704,4,0cb4de193661f096,1.741574,20.0,1,12518,1,1,0,0,1,0,0,0,0,0,0,0,0,1
705,4,62358038adf3ed80,1.30838,18.595114,1,12863,1,1,0,0,1,0,0,0,0,0,0,0,0,0
706,4,13c48ca78da2b357,0.98392,20.0,1,12529,1,1,0,0,1,0,0,0,0,0,0,0,0,1
707,4,631079a60bf523a6,1.782836,15.735041,0,12476,1,0,0,0,0,0,0,0,0,0,0,0,0,0
708,4,2050d881cfd9f6a8,0.295725,15.299992,1,12613,0,1,0,0,1,0,0,0,0,0,0,0,0,0
709,4,4d67443b0a36e651,0.222389,18.466816,1,12642,1,1,0,0,1,0,0,0,0,0,0,0,0,1
710,4,ee678bc073b2b53d,1.210726,20.0,1,13006,2,1,0,0,1,0,0,0,0,0,0,0,0,1
711,4,4bb3764c3f56a0fc,0.909573,15.64964,0,13589,1,1,0,0,0,0,0,0,0,0,0,0,0,0
712,4,a175e05778fe7cac,1.726982,18.714678,1,13580,1,0,0,0,1,0,0,0,0,0,0,0,0,1
713,4,485d24eaaf8e2ba1,1.298715,17.554207,1,13344,1,1,0,0,1,0,0,0,0,0,0,0,0,0
714,4,9fa6fff6d89b8ed8,0.975676,20.0,1,13657,1,1,0,0,1,0,0,0,0,0,0,0,0,1
715,4,f1598bffbcdb8383,0.732989,20.0,1,13748,1,1,0,0,1,0,0,0,0,0,0,0,0,1
716,4,2da62111065ffd6c,0.551218,20.0,1,13730,1,1,0,0,1,0,0,0,0,0,0,0,0,0
717,4,4c1d6616e064cb10,0.41411,18.574861,1,13715,1,1,0,0,0,0,0,0,0,0,0,0,0,1
718,4,8d2be6ec5c406c8a,1.354758,17.433443,1,13718,1,0,0,0,1,0,0,0,0,0,0,0,0,0
719,4,740d07da5c57ae9d,1.017779,20.0,1,13669,1,1,0,0,1,0,0,0,0,0,0,0,0,1
720,4,625bd6d21d910020,0.765385,18.561984,1,13626,1,1,0,0,1,0,0,0,0,0,0,0,0,0
721,4,0e10053e94a199fd,0.575005,20.0,1,13864,1,1,0,0,1,0,0,0,0,0,0,0,0,1
722,4,48f5c6e6cda26ef6,1.475633,15.703353,0,13991,1,0,0,0,0,0,0,0,0,0,0,0,0,0
723,4,8bc086cc5d8e273f,1.109697,18.770148,1,14050,1,1,0,0,1,0,0,0,0,0,0,0,0,1
724,4,9b0f9b904b38f365,0.833674,17.580155,1,13911,1,1,0,0,1,0,0,0,0,0,0,0,0,0
725,4,ad3c2a6a71b96fad,1.669961,16.686158,1,13856,1,0,0,0,0,0,0,0,0,0,0,0,0,1
726,4,cdf85bc725a80217,1.25458,19.493376,1,14244,1,1,0,0,1,0,0,0,0,0,0,0,0,1
727,4,999738b60f03f56d,0.943462,18.139798,1,14052,1,1,0,0,1,0,0,0,0,0,0,0,0,0
728,4,6ca3f61cae6c1fc3,0.708788,17.106597,1,14127,1,1,0,0,0,0,0,0,0,0,0,0,0,1
729,5,1fd48474a6be9a50,2.619792,19.809236,1,13984,2,0,0,0,1,0,0,0,0,0,0,0,0,1
730,5,0b198662efcfc49a,1.970121,18.377329,1,14168,1,1,0,0,1,0,0,0,0,0,0,0,0,0
731,5,fcbdd03152747088,1.480078,20.0,1,14271,1,1,0,0,1,0,0,0,0,0,0,0,0,1
732,5,c7b8a2a9fab59ea4,2.155581,19.077979,1,14216,1,0,0,0,0,0,0,0,0,0,0,0,0,1
733,5,241e6acbb414e8f5,1.619407,17.811417,1,14290,1,1,0,0,1,0,0,0,0,0,0,0,0,0
734,5,fc64a472a0076c97,2.261968,16.874941,1,14020,1,0,0,0,0,0,0,0,0,0,0,0,0,1
735,5,1e870741cfb1004d,1.699332,19.635201,1,14274,1,1,0,0,1,0,0,0,0,0,0,0,0,1
736,5,bf57db00a494f005,2.320298,20.0,1,14177,2,1,0,0,1,0,0,0,0,0,0,0,0,1
737,5,b9cebc1ba6e23f90,2.789048,19.80589,1,13924,1,0,0,0,0,0,0,0,0,0,0,0,0,1
738,5,e665c14bbc29de1b,2.095307,18.358269,1,14121,1,1,0,0,1,0,0,0,0,0,0,0,0,0
739,5,e769dc1986223560,1.574126,20.0,1,14198,1,1,0,0,1,0,0,0,0,0,0,0,0,1
740,5,1dc6f86b0f28f527,1.182582,20.0,1,14073,1,1,0,0,1,0,0,0,0,0,0,0,0,1
741,5,83171efae161e4f9,0.889319,20.0,1,14151,1,1,0,0,1,0,0,0,0,0,0,0,0,0
742,5,d0f092e334d1b579,2.755418,18.831245,1,14164,2,0,0,0,0,0,0,0,0,0,0,0,0,1
743,5,3c72e9f66e532470,2.070043,20.0,1,14008,1,1,0,0,1,0,0,0,0,0,0,0,0,1
744,5,1fdd04fc4bd3a35e,1.556702,20.0,1,13979,1,1,0,0,1,0,0,0,0,0,0,0,0,1
745,5,1ea3379f3547fd92,2.213145,17.15297,0,13973,1,0,0,0,0,0,0,0,0,0,0,0,0,0
746,5,f2433026cfae9a47,1.662653,19.844074,1,14188,1,1,0,0,1,0,0,0,0,0,0,0,0,1
747,5,d0cc26dd4ca1a8f2,1.249089,18.386955,1,14032,1,1,0,0,1,0,0,0,0,0,0,0,0,0
748,5,38a3c7ee0e61cf29,0.939333,20.0,1,13860,1,1,0,0,1,0,0,0,0,0,0,0,0,1
749,5,e64373de38c1d3e1,0.705686,20.0,1,14109,1,1,0,0,1,0,0,0,0,0,0,0,0,1
750,5,7addd6445d78c1a4,1.573809,16.95985,0,13892,1,0,0,0,0,0,0,0,0,0,0,0,0,0
751,5,32a2c7ad3446fe7a,2.227677,19.715052,1,13699,2,1,0,0,1,0,0,0,0,0,0,0,0,1
752,5,c2ddba3954d1d184,1.67357,20.0,1,14006,1,1,0,0,1,0,0,0,0,0,0,0,0,1
753,5,6665faed5439f816,1.257291,20.0,1,13967,1,1,0,0,1,0,0,0,0,0,0,0,0,1
754,5,e2ced52540714a46,0.944556,20.0,1,13770,1,1,0,0,1,0,0,0,0,0,0,0,0,0
755,5,609fe1b042bd7177,1.75447,19.266897,1,13864,1,0,0,0,0,0,0,0,0,0,0,0,0,1
756,5,a841332a0fc6c3b7,1.318068,17.953344,1,13726,1,1,0,0,1,0,0,0,0,0,0,0,0,0
757,5,55f4672a66ea5f47,0.990215,20.0,1,13930,1,1,0,0,1,0,0,0,0,0,0,0,0,1
758,5,c0bd9a34ec0d85ea,0.744656,18.855708,1,13930,1,1,0,0,1,0,0,0,0,0,0,0,0,0
759,5,aabefe6d1a5d48da,1.603085,17.644433,1,13682,1,0,0,0,0,0,0,0,0,0,0,0,0,1
760,5,3a430dc208632016,1.204338,16.734447,1,13885,1,1,0,0,1,0,0,0,0,0,0,0,0,0
761,5,80aa2168e796d8f4,0.904774,19.529654,1,14036,1,1,0,0,1,0,0,0,0,0,0,0,0,1
762,5,f7ccb287b0e2aba7,1.724554,18.16708,1,13819,1,0,0,0,0,0,0,0,0,0,0,0,0,1
763,5,2112fa62c82cb6c3,1.295593,17.127092,1,13888,1,1,0,0,1,0,0,0,0,0,0,0,0,0
764,5,542d2ce96e80afc1,3.060637,16.345789,1,13971,2,0,0,0,0,0,0,0,0,0,0,0,0,1
765,5,6e60a9a40289d397,2.301643,19.25327,1,13837,1,1,0,0,1,0,0,0,0,0,0,0,0,1
766,5,0d28e31d51bf6ee7,1.729138,17.943106,1,13954,1,1,0,0,1,0,0,0,0,0,0,0,0,0
767,5,1cc2b0b192026c8b,2.34269,16.958829,1,13847,1,0,0,0,0,0,0,0,0,0,0,0,0,1
768,5,1248b02762c2799a,1.759976,19.698224,1,13947,1,1,0,0,1,0,0,0,0,0,0,0,0,1
769,5,3686db50da6353c5,1.323527,18.293847,1,14001,1,1,0,0,1,0,0,0,0,0,0,0,0,0
770,5,e035fc84ec3404e2,0.994316,17.222328,1,13840,1,1,0,0,0,0,0,0,0,0,0,0,0,1
771,5,157b0ea5e8fa7158,2.834299,19.89618,1,13847,2,0,0,0,1,0,0,0,0,0,0,0,0,1
772,5,539ee40c6a436cb8,2.131433,20.0,1,13935,1,1,0,0,1,0,0,0,0,0,0,0,0,1
773,5,f1431c1d3b5b4a13,2.64492,16.470091,0,13907,1,0,0,0,0,0,0,0,0,0,0,0,0,0
774,5,529a476d56d02d3c,1.987029,19.331053,1,14011,1,1,0,0,1,0,0,0,0,0,0,0,0,1
775,5,e44d53cd28369cf0,1.492781,18.001542,1,13918,1,1,0,0,1,0,0,0,0,0,0,0,0,0
776,5,c0e9eb49c78dd6ab,1.122592,20.0,1,14113,1,1,0,0,1,0,0,0,0,0,0,0,0,1
777,5,160c1c2a0cb68eb9,0.843362,18.878541,1,13989,1,1,0,0,1,0,0,0,0,0,0,0,0,0
778,5,0775de16a4b087ae,1.677239,17.661586,1,14046,2,1,0,0,0,0,0,0,0,0,0,0,0,1
779,5,eec2e7a672a21972,2.305459,20.0,1,13900,1,0,0,0,1,0,0,0,0,0,0,0,0,1
780,5,ae0f5ef2fc925281,1.732005,18.68648,1,14030,1,1,0,0,1,0,0,0,0,0,0,0,0,0
781,5,d0b7f5f1d2560178,1.30119,20.0,1,13812,1,1,0,0,1,0,0,0,0,0,0,0,0,1
782,5,c7e4bd455cd673fe,0.977536,19.252462,1,14045,1,1,0,0,1,0,0,0,0,0,0,0,0,0
783,5,77169d77326655b9,1.779271,20.0,1,14039,2,1,0,0,1,0,0,0,0,0,0,0,0,1
784,5,b9d20f291968a45d,2.380353,19.585261,1,13979,1,0,0,0,0,0,0,0,0,0,0,0,0,1
785,5,adc90bd1255ad241,1.788271,20.0,1,14910,1,1,0,0,1,0,0,0,0,0,0,0,0,1
786,5,576aae91b285657f,1.344805,19.777676,1,14584,1,1,0,0,1,0,0,0,0,0,0,0,0,0
787,5,dbadb92ac3e2cee5,2.053955,18.337073,1,14562,1,0,0,0,0,0,0,0,0,0,0,0,0,1
788,5,bb3d89efab255103,1.54306,17.254802,1,14725,1,1,0,0,1,0,0,0,0,0,0,0,0,0
789,5,9740d13f8731b6e1,1.159243,19.920577,1,14475,1,1,0,0,1,0,0,0,0,0,0,0,0,1
790,5,39692882905a05b1,0.871767,18.461059,1,16572,1,1,0,0,1,0,0,0,0,0,0,0,0,0
791,5,3aaeb56a31202773,1.69858,17.347948,1,16748,1,0,0,0,0,0,0,0,0,0,0,0,0,1
792,5,e709e86288057055,2.319733,19.990554,1,16459,2,1,0,0,1,0,0,0,0,0,0,0,0,1
793,5,529f5479aae895ad,1.744472,18.513683,1,16543,1,1,0,0,0,0,0,0,0,0,0,0,0,1
794,5,7ef4f9a3a1505ee0,2.35421,17.387483,1,16338,1,0,0,0,1,0,0,0,0,0,0,0,0,0
795,5,a382cf87bb47fdb6,1.76863,20.0,1,16408,1,1,0,0,1,0,0,0,0,0,0,0,0,1
796,5,52668a86cc87f44e,3.416012,18.519314,1,16847,2,0,0,0,0,0,0,0,0,0,0,0,0,1
797,5,ee5eef50fdf0286a,2.56889,20.0,1,16720,1,1,0,0,1,0,0,0,0,0,0,0,0,1
798,5,7d58adde86797110,2.973564,20.0,1,16284,2,1,0,0,1,0,0,0,0,0,0,0,0,1
799,5,2011b61efc5a5757,2.233928,17.016027,0,16170,1,1,0,0,0,0,0,0,0,0,0,0,0,0
800,5,c095cc0b0fa11b67,2.724096,19.757299,1,15917,1,0,0,0,1,0,0,0,0,0,0,0,0,1
801,5,ce7490b9ec87b1a7,3.090165,20.0,1,16025,2,1,0,0,1,0,0,0,0,0,0,0,0,1
802,5,13613556daf4bfac,3.365179,20.0,1,14242,2,1,0,0,1,0,0,0,0,0,0,0,0,1
803,5,fcbad5985cd4064e,3.571786,20.0,1,13331,1,0,0,0,0,0,0,0,0,0,0,0,0,1
804,5,d508b511ee35bcb3,2.686034,19.280368,1,13717,1,1,0,0,1,0,0,0,0,0,0,0,0,0
805,5,1c851220fa0ae426,2.017917,20.0,1,13799,1,1,0,0,1,0,0,0,0,0,0,0,0,1
806,5,e1129f63346360b2,1.515986,20.0,1,13973,1,1,0,0,1,0,0,0,0,0,0,0,0,1
807,5,556ed9517859a9c2,2.184193,17.346332,0,14001,1,0,0,0,0,0,0,0,0,0,0,0,0,0
808,5,3f899ce4b1aad016,1.640903,19.98934,1,13828,1,1,0,0,1,0,0,0,0,0,0,0,0,1
809,5,3b2851dcd8e63a60,1.232749,18.496088,1,13894,1,1,0,0,1,0,0,0,0,0,0,0,0,0
810,5,8d9fd0ebb40c57ea,3.013425,17.374264,1,13700,2,0,0,0,0,0,0,0,0,0,0,0,0,1
811,5,fa1a3c0cf96d736f,2.266138,20.0,1,13748,1,1,0,0,1,0,0,0,0,0,0,0,0,1
812,5,c448fc9ee5d2eac5,1.702465,15.045309,0,13980,1,1,0,0,0,0,0,0,0,0,0,0,0,0
813,5,8e3d8841c1a2f902,2.322652,18.260668,1,13733,1,0,0,0,1,0,0,0,0,0,0,0,0,1
814,5,47c16d6ed2b178b1,1.746667,17.212784,1,13923,1,1,0,0,1,0,0,0,0,0,0,0,0,0
815,5,30be458cf4a7a2a3,1.312206,19.88901,1,13754,1,1,0,0,1,0,0,0,0,0,0,0,0,1
816,5,5fba09fbf0370b0c,2.029465,14.94187,0,13945,1,0,0,0,0,0,0,0,0,0,0,0,0,0
817,5,38d3f08622b338ad,1.524661,18.182957,1,13762,1,1,0,0,1,0,0,0,0,0,0,0,0,1
818,5,38315c7e3d1e08e2,1.146567,20.0,1,14000,1,1,0,0,1,0,0,0,0,0,0,0,0,1
819,5,43d0deb568b37ea4,1.905026,18.981033,1,13656,2,1,0,0,1,0,0,0,0,0,0,0,0,0
820,5,aaea2b3e7166735b,1.431175,17.738585,1,13863,1,1,0,0,0,0,0,0,0,0,0,0,0,1
821,5,1c7c2966277b9a71,2.120414,20.0,1,13813,1,0,0,0,1,0,0,0,0,0,0,0,0,1
822,5,39353d3a0b03db8c,1.592988,20.0,1,13972,1,1,0,0,1,0,0,0,0,0,0,0,0,1
823,5,fe568f1b22239526,1.196752,20.0,1,13804,1,1,0,0,1,0,0,0,0,0,0,0,0,0
824,5,4c091a8c97ae94ac,1.942729,18.626932,1,14004,1,0,0,0,0,0,0,0,0,0,0,0,0,1
825,5,d1d307a710dd2d2d,1.46096,17.48822,1,13705,1,1,0,0,1,0,0,0,0,0,0,0,0,0
826,5,9ee64fd2edb01cac,2.141218,20.0,1,13851,2,1,0,0,1,0,0,0,0,0,0,0,0,1
827,5,821dd8e31dbbcc9c,2.65227,18.576169,1,13794,1,0,0,0,0,0,0,0,0,0,0,0,0,1
828,5,d18aff46a2dc9d0f,1.994545,20.0,1,13638,1,1,0,0,1,0,0,0,0,0,0,0,0,1
829,5,fb7d9507bfa3cddf,2.54208,15.724338,0,13914,1,0,0,0,0,0,0,0,0,0,0,0,0,0
830,5,a3adb98114f057e8,2.953423,18.770796,1,13835,2,1,0,0,1,0,0,0,0,0,0,0,0,1
831,5,8df7fa189a1f4d10,2.218797,20.0,1,13746,1,1,0,0,1,0,0,0,0,0,0,0,0,1
832,5,8e3d3d46f6519723,1.668567,19.317536,1,13856,1,1,0,0,0,0,0,0,0,0,0,0,0,1
833,5,4d2da6423d28e929,2.297185,20.0,1,13930,1,0,0,0,1,0,0,0,0,0,0,0,0,1
834,5,dd4e5a728def20b6,1.725789,19.608627,1,14020,1,1,0,0,1,0,0,0,0,0,0,0,0,0
835,5,cfbf5a97cda05271,2.341969,20.0,1,13801,2,1,0,0,1,0,0,0,0,0,0,0,0,1
836,5,d0c052314d0ec9de,0.71578,19.78648,1,14062,0,1,0,0,1,0,0,0,0,0,0,0,0,0
837,5,ab9da6374398e073,2.625046,18.343687,1,14175,2,0,0,0,0,0,0,0,0,0,0,0,0,1
838,5,8f092694f748b679,1.972099,20.0,1,13853,1,1,0,0,1,0,0,0,0,0,0,0,0,1
839,5,efe945c6a817b984,1.483046,20.0,1,13937,1,1,0,0,1,0,0,0,0,0,0,0,0,1
840,5,aef5056432d9d676,1.114157,20.0,1,13951,1,1,0,0,1,0,0,0,0,0,0,0,0,0
841,5,1c9dd1997d1fa2c3,1.880678,18.823292,1,14126,1,0,0,0,0,0,0,0,0,0,0,0,0,1
842,5,a20159f79dc9e8b7,1.414297,20.0,1,14734,1,1,0,0,1,0,0,0,0,0,0,0,0,1
843,5,681054551c56a853,2.106162,20.0,1,14702,2,1,0,0,1,0,0,0,0,0,0,0,0,1
844,5,17112fe2f8b229f5,1.58228,20.0,1,14695,1,1,0,0,1,0,0,0,0,0,0,0,0,0
845,5,f871ba40b736908a,1.188708,20.0,1,16389,1,1,0,0,1,0,0,0,0,0,0,0,0,1
846,5,17281f542528a8a3,0.893925,20.0,1,16235,1,1,0,0,1,0,0,0,0,0,0,0,0,1
847,5,89c909b38887c578,2.75888,20.0,1,15908,2,0,0,0,0,0,0,0,0,0,0,0,0,1
848,5,c5f97fc01069f3ab,2.072643,20.0,1,16014,1,1,0,0,1,0,0,0,0,0,0,0,0,1
849,5,9c251adff884edd2,1.558657,20.0,1,15687,1,1,0,0,1,0,0,0,0,0,0,0,0,0
850,5,87b8dd1eba47bb88,1.170961,20.0,1,15422,1,1,0,0,1,0,0,0,0,0,0,0,0,1
851,5,fd70f0554857ceb6,1.923352,20.0,1,15173,1,0,0,0,0,0,0,0,0,0,0,0,0,1
852,5,005dd3476d8d74b8,2.488596,18.838139,1,14891,2,1,0,0,1,0,0,0,0,0,0,0,0,0
853,5,fa00368aff2c95ce,1.87146,20.0,1,14567,1,1,0,0,1,0,0,0,0,0,0,0,0,1
854,5,e281368f3c369606,2.449611,15.87234,0,14459,1,0,0,0,0,0,0,0,0,0,0,0,0,0
855,5,cf038e2006198a24,1.840301,18.881985,1,14325,1,1,0,0,1,0,0,0,0,0,0,0,0,1
856,5,952b13578ad4d868,2.428083,17.680024,1,14453,1,0,0,0,0,0,0,0,0,0,0,0,0,1
857,5,62f7c14854c751ba,2.867782,16.761185,1,14344,2,1,0,0,1,0,0,0,0,0,0,0,0,0
858,5,226bd5b42c6810d4,2.154457,19.549741,1,14566,1,1,0,0,1,0,0,0,0,0,0,0,0,1
859,5,2433914ad82405fe,1.618563,14.68699,0,14509,1,1,0,0,0,0,0,0,0,0,0,0,0,0
860,5,c254497d8c9dba6d,2.261333,18.005829,1,14465,1,0,0,0,1,0,0,0,0,0,0,0,0,1
861,5,ffd607f16032a895,2.742508,20.0,1,14440,2,1,0,0,1,0,0,0,0,0,0,0,0,1
862,5,2c64211037fd11a4,2.060344,20.0,1,13455,1,1,0,0,1,0,0,0,0,0,0,0,0,1
863,5,52ec200fb8453268,1.549408,20.0,1,13674,1,1,0,0,1,0,0,0,0,0,0,0,0,1
864,5,448457fe685b1d4f,2.207666,17.854792,0,13735,1,0,0,0,0,0,0,0,0,0,0,0,0,0
865,5,aec0d8dfbf0e28ba,1.658537,20.0,1,13900,1,1,0,0,1,0,0,0,0,0,0,0,0,1
866,5,d1d3b36b98cbc429,1.245997,20.0,1,14479,1,1,0,0,1,0,0,0,0,0,0,0,0,1
867,5,97ae58fb6fe9d099,0.937007,16.74127,0,14180,1,1,0,0,0,0,0,0,0,0,0,0,0,0
868,5,e8f40331c695ba7d,1.747592,19.534779,1,14534,1,0,0,0,1,0,0,0,0,0,0,0,0,1
869,5,b820a28ebcafeb59,2.356554,20.0,1,14300,2,1,0,0,1,0,0,0,0,0,0,0,0,1
870,5,67c07fd041199b59,1.772162,20.0,1,14148,1,1,0,0,1,0,0,0,0,0,0,0,0,1
871,5,a6e19c05f6927049,1.331359,20.0,1,14121,1,1,0,0,1,0,0,0,0,0,0,0,0,1
872,5,167d587ae4a09862,2.043854,18.337766,0,13989,1,0,0,0,0,0,0,0,0,0,0,0,0,0
873,5,539115cb6ce0de4e,1.535471,20.0,1,13918,1,1,0,0,1,0,0,0,0,0,0,0,0,1
874,5,90952439d244bb1a,1.154696,20.0,1,13735,1,1,0,0,1,0,0,0,0,0,0,0,0,1
875,5,ed8ab64df4cd63e8,0.86748,20.0,1,13781,1,1,0,0,1,0,0,0,0,0,0,0,0,0
876,5,2beb18861d72d531,1.695359,20.0,1,13754,2,1,0,0,1,0,0,0,0,0,0,0,0,1
877,5,b9253f20d949330e,2.319084,20.0,1,13768,1,0,0,0,0,0,0,0,0,0,0,0,0,1
878,5,e66ab2549a0950d1,1.742241,20.0,1,13808,1,1,0,0,1,0,0,0,0,0,0,0,0,1
879,5,5326b46a8fcf7448,1.308881,20.0,1,13738,1,1,0,0,1,0,0,0,0,0,0,0,0,1
880,5,c4c3505382bf4ebb,0.983313,20.0,1,13832,1,1,0,0,1,0,0,0,0,0,0,0,0,0
881,5,e1cd06b42d05e4d3,1.783616,19.437665,1,13791,1,0,0,0,0,0,0,0,0,0,0,0,0,1
882,5,ac95ce0cb5766676,2.383617,20.0,1,14241,2,1,0,0,1,0,0,0,0,0,0,0,0,1
883,5,f383f52c618e0ef2,2.834376,16.197582,0,14077,1,0,0,0,0,0,0,0,0,0,0,0,0,0
884,5,9420b75afda676b8,2.131491,19.141816,1,14224,1,1,0,0,1,0,0,0,0,0,0,0,0,1
885,5,d9996c31d7bd9885,1.60131,20.0,1,14306,1,1,0,0,1,0,0,0,0,0,0,0,0,1
886,5,367d9027521cbe7c,2.246657,16.030607,0,14047,1,0,0,0,0,0,0,0,0,0,0,0,0,0
887,5,33ecc670cbb1835f,2.731483,19.000885,1,13984,2,1,0,0,1,0,0,0,0,0,0,0,0,1
888,5,817c3a76bc5a2610,2.054114,20.0,1,14018,1,1,0,0,1,0,0,0,0,0,0,0,0,1
889,5,b05f398ad9486700,2.586833,15.964285,0,14025,1,0,0,0,0,0,0,0,0,0,0,0,0,0
890,5,3b7bbac9b5f81bbb,1.943391,18.95106,1,14156,1,1,0,0,1,0,0,0,0,0,0,0,0,1
891,5,d94d98c7c8b6d608,1.461457,20.0,1,14124,1,1,0,0,1,0,0,0,0,0,0,0,0,1
892,5,3b0e0b34447249aa,2.141592,15.936136,0,14251,1,0,0,0,0,0,0,0,0,0,0,0,0,0
893,5,030e7866b74400fa,2.652551,18.929912,1,14376,2,1,0,0,1,0,0,0,0,0,0,0,0,1
894,5,b2c9af4c60e1400f,1.992763,20.0,1,14217,1,1,0,0,1,0,0,0,0,0,0,0,0,1
895,5,c6154978333c5c4d,1.498586,19.40743,1,13902,1,1,0,0,0,0,0,0,0,0,0,0,0,1
896,5,f2dffef00a1b7c37,2.169485,20.0,1,13931,1,0,0,0,1,0,0,0,0,0,0,0,0,1
897,5,774b7eba7328f8d5,2.673506,20.0,1,13852,2,1,0,0,1,0,0,0,0,0,0,0,0,1
898,5,c4385fc00cbfaa80,2.010515,20.0,1,13685,1,1,0,0,1,0,0,0,0,0,0,0,0,0
899,5,9a345107b486dc02,2.554078,19.165781,1,13803,1,0,0,0,0,0,0,0,0,0,0,0,0,1
900,5,c38b5d5f09794c6f,1.918783,17.87738,1,13736,1,1,0,0,1,0,0,0,0,0,0,0,0,0
901,5,c0e6a35c48a1269b,1.44151,20.0,1,13772,1,1,0,0,1,0,0,0,0,0,0,0,0,1
902,5,6b7b70f878704ad5,2.128187,18.812791,1,13726,1,0,0,0,0,0,0,0,0,0,0,0,0,1
903,5,5cf8cb4714d400ed,1.598827,17.612191,1,13615,1,1,0,0,1,0,0,0,0,0,0,0,0,0
904,6,1fd48474a6be9a50,1.201139,20.0,1,13976,1,1,0,0,1,0,0,0,0,0,0,0,0,1
905,6,0b198662efcfc49a,1.947424,15.182468,0,14078,1,0,0,0,0,0,0,0,0,0,0,0,0,0
906,6,fcbdd03152747088,1.463027,18.36371,1,14386,1,1,0,0,1,0,0,0,0,0,0,0,0,1
907,6,c7b8a2a9fab59ea4,2.142771,20.0,1,14094,2,1,0,0,1,0,0,0,0,0,0,0,0,1
908,6,241e6acbb414e8f5,1.609784,15.591447,0,14227,1,1,0,0,0,0,0,0,0,0,0,0,0,0
909,6,fc64a472a0076c97,2.254731,18.685994,1,14025,1,0,0,0,1,0,0,0,0,0,0,0,0,1
910,6,1e870741cfb1004d,1.693895,17.516933,1,14238,1,1,0,0,1,0,0,0,0,0,0,0,0,0
911,6,bf57db00a494f005,2.316213,16.638662,1,14182,1,0,0,0,0,0,0,0,0,0,0,0,0,1
912,6,b9cebc1ba6e23f90,2.785976,19.473514,1,14041,2,1,0,0,1,0,0,0,0,0,0,0,0,1
913,6,e665c14bbc29de1b,2.093,20.0,1,14105,1,1,0,0,1,0,0,0,0,0,0,0,0,1
914,6,e769dc1986223560,2.616046,16.217816,0,14225,1,0,0,0,0,0,0,0,0,0,0,0,0,0
915,6,1dc6f86b0f28f527,1.965337,19.141528,1,14024,1,1,0,0,1,0,0,0,0,0,0,0,0,1
916,6,83171efae161e4f9,1.477962,17.875203,1,14089,1,1,0,0,1,0,0,0,0,0,0,0,0,0
917,6,d0f092e334d1b579,2.153991,20.0,1,14081,2,1,0,0,1,0,0,0,0,0,0,0,0,1
918,6,3c72e9f66e532470,2.661866,18.794581,1,13948,1,0,0,0,0,0,0,0,0,0,0,0,0,1
919,6,1fdd04fc4bd3a35e,2.001761,20.0,1,13942,1,1,0,0,1,0,0,0,0,0,0,0,0,1
920,6,1ea3379f3547fd92,1.503848,19.326576,1,14093,1,1,0,0,1,0,0,0,0,0,0,0,0,0
921,6,f2433026cfae9a47,1.129785,20.0,1,14001,1,1,0,0,1,0,0,0,0,0,0,0,0,1
922,6,d0cc26dd4ca1a8f2,1.892419,16.134885,0,14077,1,0,0,0,0,0,0,0,0,0,0,0,0,0
923,6,38a3c7ee0e61cf29,2.467276,19.094667,1,14103,2,1,0,0,1,0,0,0,0,0,0,0,0,1
924,6,e64373de38c1d3e1,1.853572,20.0,1,13850,1,1,0,0,1,0,0,0,0,0,0,0,0,1
925,6,7addd6445d78c1a4,1.39252,20.0,1,13864,1,1,0,0,1,0,0,0,0,0,0,0,0,1
926,6,32a2c7ad3446fe7a,2.091345,20.0,1,13671,1,0,0,0,0,0,0,0,0,0,0,0,0,1
927,6,c2ddba3954d1d184,1.571149,19.066053,1,13908,1,1,0,0,1,0,0,0,0,0,0,0,0,0
928,6,6665faed5439f816,1.180346,20.0,1,13920,1,1,0,0,1,0,0,0,0,0,0,0,0,1
929,6,e2ced52540714a46,0.88675,20.0,1,13943,1,1,0,0,1,0,0,0,0,0,0,0,0,1
930,6,609fe1b042bd7177,1.710999,17.25537,0,13731,1,0,0,0,0,0,0,0,0,0,0,0,0,0
931,6,a841332a0fc6c3b7,1.28541,19.921003,1,13946,1,1,0,0,1,0,0,0,0,0,0,0,0,1
932,6,55f4672a66ea5f47,0.96568,20.0,1,13919,1,1,0,0,1,0,0,0,0,0,0,0,0,1
933,6,c0bd9a34ec0d85ea,0.726205,19.967357,1,13913,1,1,0,0,1,0,0,0,0,0,0,0,0,0
934,6,aabefe6d1a5d48da,1.589224,18.479573,1,13788,1,0,0,0,0,0,0,0,0,0,0,0,0,1
935,6,3a430dc208632016,1.193925,17.361857,1,13738,1,1,0,0,1,0,0,0,0,0,0,0,0,0
936,6,80aa2168e796d8f4,1.940604,16.522159,1,14061,1,0,0,0,0,0,0,0,0,0,0,0,0,1
937,6,f7ccb287b0e2aba7,2.503513,19.385902,1,13812,2,1,0,0,1,0,0,0,0,0,0,0,0,1
938,6,2112fa62c82cb6c3,1.880795,14.563904,0,13881,1,1,0,0,0,0,0,0,0,0,0,0,0,0
939,6,542d2ce96e80afc1,2.456625,17.899005,1,13960,1,0,0,0,1,0,0,0,0,0,0,0,0,1
940,6,6e60a9a40289d397,1.847417,16.940809,1,13982,1,1,0,0,1,0,0,0,0,0,0,0,0,0
941,6,0d28e31d51bf6ee7,2.431549,16.205841,1,13731,1,0,0,0,0,0,0,0,0,0,0,0,0,1
942,6,1cc2b0b192026c8b,1.826732,19.132532,1,14021,1,1,0,0,1,0,0,0,0,0,0,0,0,1
943,6,7d01ae1e8db8a382,2.416008,20.0,1,13916,2,1,0,0,1,0,0,0,0,0,0,0,0,1
944,6,ae8f6f48ea3451f4,2.861023,16.0414,0,13843,1,0,0,0,0,0,0,0,0,0,0,0,0,0
945,6,53b3d64cb235b86c,2.14938,19.008993,1,13930,1,1,0,0,1,0,0,0,0,0,0,0,0,1
946,6,c72ded44d387faec,1.614749,17.759591,1,14006,1,1,0,0,1,0,0,0,0,0,0,0,0,0
947,6,314386fd56cdb8d6,2.258465,20.0,1,13956,2,1,0,0,1,0,0,0,0,0,0,0,0,1
948,6,848e4d6b085595db,2.740353,18.741848,1,13985,1,0,0,0,0,0,0,0,0,0,0,0,0,1
949,6,7336631dfe65793d,2.058725,20.0,1,14095,1,1,0,0,1,0,0,0,0,0,0,0,0,1
950,6,28c71bc3e3595ceb,1.546643,19.283711,1,13846,1,1,0,0,1,0,0,0,0,0,0,0,0,0
951,6,e48ac18fac480313,1.163098,20.0,1,13989,1,1,0,0,1,0,0,0,0,0,0,0,0,1
952,6,95bfcf71fb711232,0.873792,19.602915,1,13974,1,1,0,0,1,0,0,0,0,0,0,0,0,0
953,6,d9be07f72611f27f,0.656447,18.205782,1,14047,1,1,0,0,0,0,0,0,0,0,0,0,0,1
954,6,98eac4e4f72a1ae5,1.537808,20.0,1,13813,1,0,0,0,1,0,0,0,0,0,0,0,0,1
955,6,5f29a6469624e092,1.155298,18.993928,1,14067,1,1,0,0,1,0,0,0,0,0,0,0,0,0
956,6,d6b286e0ac97ca4b,1.911585,17.748273,1,14019,2,1,0,0,0,0,0,0,0,0,0,0,0,1
957,6,aeca5150f7b90795,2.479756,20.0,1,13974,1,0,0,0,1,0,0,0,0,0,0,0,0,1
958,6,77fd74a3ae208e6f,1.864812,20.0,1,13882,1,1,0,0,1,0,0,0,0,0,0,0,0,1
959,6,6cdfea1e2ddfa0c2,1.400963,20.0,1,13772,1,1,0,0,1,0,0,0,0,0,0,0,0,0
960,6,6e7aa67506972e41,2.096145,18.633438,1,13923,1,0,0,0,0,0,0,0,0,0,0,0,0,1
961,6,0a105eabde9e1819,1.576331,17.493112,1,13862,1,1,0,0,1,0,0,0,0,0,0,0,0,0
962,6,9bd51f231c8057ab,1.184238,20.0,1,13985,1,1,0,0,1,0,0,0,0,0,0,0,0,1
963,6,24e7ee1e0ed1b589,1.933327,15.100086,0,14245,1,0,0,0,0,0,0,0,0,0,0,0,0,0
964,6,e3bcba96b2704a73,1.452437,18.301819,1,14292,1,1,0,0,1,0,0,0,0,0,0,0,0,1
965,6,7a28a5b2c5d4d49b,1.092253,17.243731,1,13882,1,1,0,0,1,0,0,0,0,0,0,0,0,0
966,6,f4137df7c9bcc920,1.864222,16.433415,1,14441,1,0,0,0,0,0,0,0,0,0,0,0,0,1
967,6,12ac58e10371ea21,1.40052,19.303499,1,14119,1,1,0,0,1,0,0,0,0,0,0,0,0,1
968,6,7ae448b10f005728,2.097362,14.516507,0,14177,2,1,0,0,0,0,0,0,0,0,0,0,0,0
969,6,ab4186ae57604a16,2.619323,17.863398,1,14096,1,0,0,0,1,0,0,0,0,0,0,0,0,1
970,6,9948e174bee1d3fb,1.967799,16.898947,1,14146,1,1,0,0,1,0,0,0,0,0,0,0,0,0
971,6,c9511ca968fa1dc0,1.478334,16.174392,1,14043,1,1,0,0,0,0,0,0,0,0,0,0,0,1
972,6,1a046e9171cadc4f,2.155879,15.643875,1,14134,1,0,0,0,1,0,0,0,0,0,0,0,0,0
973,6,ce398295e0ea5f10,2.663285,18.710348,1,14196,2,1,0,0,1,0,0,0,0,0,0,0,0,1
974,6,b453ac7653cef76b,3.044479,17.535229,1,14255,1,0,0,0,0,0,0,0,0,0,0,0,0,1
975,6,3adde719c4e9b62e,2.289492,20.0,1,15469,1,1,0,0,1,0,0,0,0,0,0,0,0,1
976,6,ab28c0de21274cce,1.72001,15.136248,0,14856,1,1,0,0,0,0,0,0,0,0,0,0,0,0
977,6,759a7592f3590366,2.335832,18.328986,1,14589,1,0,0,0,1,0,0,0,0,0,0,0,0,1
978,6,5e8de43287577ed6,2.798477,20.0,1,14419,2,1,0,0,1,0,0,0,0,0,0,0,0,1
979,6,78f2658762cc92b6,2.104495,19.067931,1,14354,1,1,0,0,1,0,0,0,0,0,0,0,0,0
980,6,5e4d36431a30d6c4,1.581028,20.0,1,14765,1,1,0,0,1,0,0,0,0,0,0,0,0,1
981,6,e7a833da4ebfcfd5,1.187767,20.0,1,14530,1,1,0,0,1,0,0,0,0,0,0,0,0,1
982,6,16d399470e43f0b6,1.937368,20.0,1,14283,2,1,0,0,0,0,0,0,0,0,0,0,0,1
983,6,41698197fdc8a7f4,2.499126,20.0,1,14155,1,0,0,0,1,0,0,0,0,0,0,0,0,1
984,6,d041f3a18a997445,1.8775,20.0,1,14048,1,1,0,0,1,0,0,0,0,0,0,0,0,0
985,6,efac602a4da61cee,1.410495,20.0,1,13605,1,1,0,0,1,0,0,0,0,0,0,0,0,1
986,6,489992a0e62aea99,1.060713,20.0,1,13648,1,1,0,0,1,0,0,0,0,0,0,0,0,1
987,6,d7eda5e436ddf2ec,0.796874,20.0,1,13743,1,1,0,0,1,0,0,0,0,0,0,0,0,0
988,6,8b71cb51c8cd2971,1.642315,19.482024,1,13855,1,0,0,0,0,0,0,0,0,0,0,0,0,1
989,6,2d385d806c49e1dc,1.235044,20.0,1,13672,1,1,0,0,1,0,0,0,0,0,0,0,0,1
990,6,bc502b529072aab1,1.971496,19.714955,1,13810,2,1,0,0,1,0,0,0,0,0,0,0,0,0
991,6,717362e739acdd52,1.481111,18.289953,1,13833,1,1,0,0,0,0,0,0,0,0,0,0,0,1
992,6,10cbe696d2d6023a,2.156357,17.219402,1,13843,1,0,0,0,1,0,0,0,0,0,0,0,0,0
993,6,ed34b10230dcf078,1.621611,19.910239,1,13943,1,1,0,0,1,0,0,0,0,0,0,0,0,1
994,6,469191a9ea15312c,1.218256,14.957819,0,13673,1,1,0,0,0,0,0,0,0,0,0,0,0,0
995,6,0ab296d6537aaea4,1.958883,18.194939,1,13845,1,0,0,0,1,0,0,0,0,0,0,0,0,1
996,6,81880cee9848ba47,1.473108,17.163355,1,13933,1,1,0,0,1,0,0,0,0,0,0,0,0,0
997,6,498defed7b23c2d6,2.150344,16.373032,1,13925,1,0,0,0,0,0,0,0,0,0,0,0,0,1
998,6,fe57a7b5ac39480f,1.615473,15.779291,1,13948,1,1,0,0,1,0,0,0,0,0,0,0,0,0
999,6,632d513cf62e6ab0,1.213645,18.812081,1,13855,1,1,0,0,1,0,0,0,0,0,0,0,0,1
1000,6,4134561bcdd876d2,1.956829,14.146953,0,13921,1,0,0,0,0,0,0,0,0,0,0,0,0,0
1001,6,ab5a7fc48bbd7080,1.470092,17.585766,1,13904,1,1,0,0,1,0,0,0,0,0,0,0,0,1
1002,6,e03cdf26609453fa,1.104425,16.690373,1,13935,1,1,0,0,1,0,0,0,0,0,0,0,0,0
1003,6,54b705850ff1c05f,0.830544,19.512402,1,13925,1,1,0,0,1,0,0,0,0,0,0,0,0,1
1004,6,b388e7426c373b00,1.66761,18.137783,1,14059,1,0,0,0,0,0,0,0,0,0,0,0,0,1
1005,6,435698457a22ce72,1.252813,17.105082,1,14215,1,1,0,0,1,0,0,0,0,0,0,0,0,0
1006,6,65ea232791403e91,0.941191,19.808098,1,14185,1,1,0,0,1,0,0,0,0,0,0,0,0,1
1007,6,77ca1a73ec58bff8,1.75194,18.376474,1,14228,2,1,0,0,0,0,0,0,0,0,0,0,0,1
1008,6,fe23905927db4886,2.35982,17.284402,1,14211,1,0,0,0,1,0,0,0,0,0,0,0,0,0
1009,6,36b3ed426373b862,1.772845,19.942814,1,14237,1,1,0,0,1,0,0,0,0,0,0,0,0,1
1010,6,f420a447879ae669,1.333205,20.0,1,14160,1,1,0,0,1,0,0,0,0,0,0,0,0,1
1011,6,95b6268c3b391263,2.04524,20.0,1,14264,2,1,0,0,1,0,0,0,0,0,0,0,0,1
1012,6,eb04183cf5b60f05,1.536512,20.0,1,14074,1,1,0,0,1,0,0,0,0,0,0,0,0,1
1013,6,b4f600bfd98f62f3,2.197978,18.464456,0,14383,1,0,0,0,0,0,0,0,0,0,0,0,0,0
1014,6,88486870d6dae306,1.652911,20.0,1,14221,1,1,0,0,1,0,0,0,0,0,0,0,0,1
1015,6,4d7ba58f76d4e7e3,1.24177,20.0,1,14326,1,1,0,0,1,0,0,0,0,0,0,0,0,1
1016,6,4d9876c82b53fc2a,0.932895,20.0,1,14489,1,1,0,0,1,0,0,0,0,0,0,0,0,0
1017,6,628e45d760b67c19,0.701551,20.0,1,14080,1,1,0,0,1,0,0,0,0,0,0,0,0,1
1018,6,10d127722b5069f9,0.527049,20.0,1,14186,1,1,0,0,0,0,0,0,0,0,0,0,0,1
1019,6,a3fa7e9ad0ecdac7,1.439605,18.709957,1,14402,1,0,0,0,1,0,0,0,0,0,0,0,0,0
1020,6,684ea2854200a9b1,1.081522,20.0,1,14379,1,1,0,0,1,0,0,0,0,0,0,0,0,1
1021,6,165ef6d0f2b0838a,0.81332,19.283164,1,14364,1,1,0,0,1,0,0,0,0,0,0,0,0,0
1022,6,01f6831d982891e5,1.65467,20.0,1,14823,2,1,0,0,1,0,0,0,0,0,0,0,0,1
1023,6,904619886503c8a6,1.243092,20.0,1,14562,1,1,0,0,1,0,0,0,0,0,0,0,0,1
1024,6,1de725b48722bbe7,1.978973,17.347519,0,14902,1,0,0,0,0,0,0,0,0,0,0,0,0,0
1025,6,07b09f1458fd05f7,1.486729,19.990232,1,15111,1,1,0,0,1,0,0,0,0,0,0,0,0,1
1026,6,6ae6544ee3178d4e,1.116924,20.0,1,14850,1,1,0,0,1,0,0,0,0,0,0,0,0,1
1027,6,d49852a3b8b892fb,1.882756,16.509449,0,14794,1,0,0,0,0,0,0,0,0,0,0,0,0,0
1028,6,8cb090449796dc2d,1.41586,19.376344,1,14771,1,1,0,0,1,0,0,0,0,0,0,0,0,1
1029,6,153c5212a4f51d09,2.107336,20.0,1,14875,2,1,0,0,1,0,0,0,0,0,0,0,0,1
1030,6,3b510d75a37d6d57,2.626816,19.641818,1,14795,1,0,0,0,0,0,0,0,0,0,0,0,0,1
1031,6,8abec4d3e7e9fb4b,1.975403,18.251429,1,14903,1,1,0,0,1,0,0,0,0,0,0,0,0,0
1032,6,81ab11d3aa99392c,1.484046,20.0,1,14628,1,1,0,0,1,0,0,0,0,0,0,0,0,1
1033,6,ecd41072f5f75377,2.158562,19.006921,1,14623,1,0,0,0,0,0,0,0,0,0,0,0,0,1
1034,6,4e0773d26b2952e7,2.6653,20.0,1,15271,2,1,0,0,1,0,0,0,0,0,0,0,0,1
1035,6,418dc321e54f811a,2.004344,19.450937,1,14948,1,1,0,0,1,0,0,0,0,0,0,0,0,0
1036,6,a2323da86bcbacb0,2.549442,18.091606,1,15752,1,0,0,0,0,0,0,0,0,0,0,0,0,1
1037,6,d557aa5259fdb63c,2.958954,20.0,1,15708,2,1,0,0,1,0,0,0,0,0,0,0,0,1
1038,6,0adc1602ab135366,2.225175,18.93382,1,15245,1,1,0,0,1,0,0,0,0,0,0,0,0,0
1039,6,e46c8a285c41a2da,1.671691,20.0,1,14980,1,1,0,0,1,0,0,0,0,0,0,0,0,1
1040,6,99cd493a7ee1ecd5,1.255879,15.913215,0,14835,1,1,0,0,0,0,0,0,0,0,0,0,0,0
1041,6,9d778dc315f750b3,1.987148,18.912693,1,14781,1,0,0,0,1,0,0,0,0,0,0,0,0,1
1042,6,76a817fdde988a85,2.538514,20.0,1,15728,2,1,0,0,1,0,0,0,0,0,0,0,0,1
1043,6,80fc94bc907e871d,1.907091,20.0,1,15559,1,1,0,0,1,0,0,0,0,0,0,0,0,1
1044,6,e19531856987dd01,2.476379,20.0,1,15663,1,0,0,0,0,0,0,0,0,0,0,0,0,1
1045,6,181cab5cc83a8b2c,1.862273,20.0,1,15581,1,1,0,0,1,0,0,0,0,0,0,0,0,1
1046,6,d97a4ee7391ef37c,2.442709,20.0,1,15326,2,1,0,0,1,0,0,0,0,0,0,0,0,0
1047,6,d7d99f5269e17cf6,2.878769,18.790704,1,15159,1,0,0,0,0,0,0,0,0,0,0,0,0,1
1048,6,d72d5e4b020d92b2,2.162712,20.0,1,14055,1,1,0,0,1,0,0,0,0,0,0,0,0,1
1049,6,7bc25a3d487c0bbc,1.62639,19.328783,1,13592,1,1,0,0,1,0,0,0,0,0,0,0,0,0
1050,6,d59ed9eead3a063b,2.265499,20.0,1,13402,2,1,0,0,1,0,0,0,0,0,0,0,0,1
1051,6,d0a8169a4c497df3,2.745638,19.614975,1,13336,1,0,0,0,0,0,0,0,0,0,0,0,0,1
1052,6,87c30e6f969a05f3,2.064759,18.231242,1,13299,1,1,0,0,1,0,0,0,0,0,0,0,0,0
1053,6,ba7d5922d13c356a,1.551176,20.0,1,13367,1,1,0,0,1,0,0,0,0,0,0,0,0,1
1054,6,d95e583cc0d26de3,2.208994,15.516683,0,13165,1,0,0,0,0,0,0,0,0,0,0,0,0,0
1055,6,2eb53b5679eebf3b,1.659535,18.614793,1,13365,1,1,0,0,1,0,0,0,0,0,0,0,0,1
1056,6,5214b89750281ac5,1.247994,17.479091,1,13400,1,1,0,0,1,0,0,0,0,0,0,0,0,0
1057,6,9a14affb36428109,1.981224,16.610232,1,13388,1,0,0,0,0,0,0,0,0,0,0,0,0,1
1058,6,5b0546f5feef9577,1.48842,15.957491,1,13462,1,1,0,0,1,0,0,0,0,0,0,0,0,0
1059,6,2455f0f292ee03aa,2.163463,15.480763,1,13217,1,0,0,0,0,0,0,0,0,0,0,0,0,1
1060,7,1fd48474a6be9a50,1.625329,18.587807,1,13995,1,1,0,0,1,0,0,0,0,0,0,0,0,1
1061,7,0b198662efcfc49a,1.221049,17.443169,1,14201,1,1,0,0,1,0,0,0,0,0,0,0,0,0
1062,7,fcbdd03152747088,1.960982,16.583245,1,14281,1,0,0,0,0,0,0,0,0,0,0,0,0,1
1063,7,c7b8a2a9fab59ea4,1.474686,15.951339,1,14124,1,1,0,0,1,0,0,0,0,0,0,0,0,0
1064,7,241e6acbb414e8f5,3.195183,15.462489,1,14320,2,0,0,0,0,0,0,0,0,0,0,0,0,1
1065,7,fc64a472a0076c97,2.400422,18.574079,1,14106,1,1,0,0,1,0,0,0,0,0,0,0,0,1
1066,7,1e870741cfb1004d,1.805151,17.448474,1,14166,1,1,0,0,0,0,0,0,0,0,0,0,0,1
1067,7,bf57db00a494f005,2.399796,16.587231,1,14213,1,0,0,0,1,0,0,0,0,0,0,0,0,0
1068,7,b9cebc1ba6e23f90,2.846531,19.419055,1,14139,2,1,0,0,1,0,0,0,0,0,0,0,0,1
1069,7,e665c14bbc29de1b,2.138492,18.067655,1,13984,1,1,0,0,0,0,0,0,0,0,0,0,0,1
1070,7,e769dc1986223560,2.652327,20.0,1,14237,1,0,0,0,1,0,0,0,0,0,0,0,0,1
1071,7,1dc6f86b0f28f527,1.992594,18.915892,1,14145,1,1,0,0,1,0,0,0,0,0,0,0,0,0
1072,7,83171efae161e4f9,1.496961,20.0,1,14102,1,1,0,0,1,0,0,0,0,0,0,0,0,1
1073,7,d0f092e334d1b579,1.125736,19.399509,1,14063,1,1,0,0,1,0,0,0,0,0,0,0,0,0
1074,7,3c72e9f66e532470,1.889377,18.05297,1,13935,1,0,0,0,0,0,0,0,0,0,0,0,0,1
1075,7,1fdd04fc4bd3a35e,2.463072,20.0,1,14052,2,1,0,0,1,0,0,0,0,0,0,0,0,1
1076,7,1ea3379f3547fd92,1.850414,20.0,1,13973,1,1,0,0,1,0,0,0,0,0,0,0,0,1
1077,7,f2433026cfae9a47,1.391537,20.0,1,14076,1,1,0,0,1,0,0,0,0,0,0,0,0,1
1078,7,d0cc26dd4ca1a8f2,2.089063,17.869823,0,14038,1,0,0,0,0,0,0,0,0,0,0,0,0,0
1079,7,38a3c7ee0e61cf29,1.569435,20.0,1,14021,1,1,0,0,1,0,0,0,0,0,0,0,0,1
1080,7,e64373de38c1d3e1,1.180238,20.0,1,13755,1,1,0,0,1,0,0,0,0,0,0,0,0,1
1081,7,7addd6445d78c1a4,2.973975,16.74491,0,13864,2,0,0,0,0,0,0,0,0,0,0,0,0,0
1082,7,32a2c7ad3446fe7a,2.234236,19.537514,1,13928,1,1,0,0,1,0,0,0,0,0,0,0,0,1
1083,7,c2ddba3954d1d184,1.678498,18.156649,1,13890,1,1,0,0,1,0,0,0,0,0,0,0,0,0
1084,7,6665faed5439f816,2.306405,17.13456,1,13924,1,0,0,0,0,0,0,0,0,0,0,0,0,1
1085,7,e2ced52540714a46,1.732716,16.351399,1,13824,1,1,0,0,1,0,0,0,0,0,0,0,0,0
1086,7,609fe1b042bd7177,1.301725,19.241884,1,13945,1,1,0,0,1,0,0,0,0,0,0,0,0,1
1087,7,a841332a0fc6c3b7,0.978916,20.0,1,13827,1,1,0,0,1,0,0,0,0,0,0,0,0,1
1088,7,55f4672a66ea5f47,1.779076,16.10044,0,13898,1,0,0,0,0,0,0,0,0,0,0,0,0,0
1089,7,c0bd9a34ec0d85ea,1.336553,19.053348,1,14029,1,1,0,0,1,0,0,0,0,0,0,0,0,1
1090,7,aabefe6d1a5d48da,1.004103,20.0,1,13669,1,1,0,0,1,0,0,0,0,0,0,0,0,1
1091,7,3a430dc208632016,0.755099,19.477166,1,13812,1,1,0,0,1,0,0,0,0,0,0,0,0,0
1092,7,80aa2168e796d8f4,0.567278,14.632467,0,13923,1,1,0,0,0,0,0,0,0,0,0,0,0,0
1093,7,f7ccb287b0e2aba7,1.469828,17.950514,1,14042,1,0,0,0,1,0,0,0,0,0,0,0,0,1
1094,7,2112fa62c82cb6c3,2.149482,20.0,1,13702,2,1,0,0,1,0,0,0,0,0,0,0,0,1
1095,7,542d2ce96e80afc1,2.658479,15.370868,0,13980,1,0,0,0,0,0,0,0,0,0,0,0,0,0
1096,7,6e60a9a40289d397,1.997216,18.505247,1,13865,1,1,0,0,1,0,0,0,0,0,0,0,0,1
1097,7,0d28e31d51bf6ee7,1.500434,20.0,1,13910,1,1,0,0,1,0,0,0,0,0,0,0,0,1
1098,7,1cc2b0b192026c8b,2.172498,19.167511,1,13856,1,0,0,0,0,0,0,0,0,0,0,0,0,1
1099,7,7d01ae1e8db8a382,1.632117,17.878679,1,14031,1,1,0,0,1,0,0,0,0,0,0,0,0,0
1100,7,ae8f6f48ea3451f4,2.269801,20.0,1,13975,2,1,0,0,1,0,0,0,0,0,0,0,0,1
1101,7,53b3d64cb235b86c,1.706923,20.0,1,13867,1,1,0,0,1,0,0,0,0,0,0,0,0,1
1102,7,c72ded44d387faec,2.326001,20.0,1,13945,1,0,0,0,0,0,0,0,0,0,0,0,0,1
1103,7,98cc1398a152d783,1.747437,20.0,1,13934,1,1,0,0,1,0,0,0,0,0,0,0,0,1
1104,7,4a2943a0ae4c6ac0,1.312784,20.0,1,13950,1,1,0,0,1,0,0,0,0,0,0,0,0,0
1105,7,c82adc16b84e16a2,2.031383,18.612694,1,13948,1,0,0,0,0,0,0,0,0,0,0,0,0,1
1106,7,e0ac56dff56b6402,1.526102,17.461865,1,13904,1,1,0,0,1,0,0,0,0,0,0,0,0,0
1107,7,b2139f9cf510519a,1.146504,20.0,1,14238,1,1,0,0,1,0,0,0,0,0,0,0,0,1
1108,7,bf1a2a3ccdb27158,1.906338,18.578042,1,13823,1,0,0,0,0,0,0,0,0,0,0,0,0,1
1109,7,2dd1d9c96f74ae52,2.475813,20.0,1,13997,2,1,0,0,1,0,0,0,0,0,0,0,0,1
1110,7,0ac520ffb4f146be,1.859986,19.19126,1,13894,1,1,0,0,1,0,0,0,0,0,0,0,0,0
1111,7,c0b095746be74302,1.397338,20.0,1,13847,1,1,0,0,1,0,0,0,0,0,0,0,0,1
1112,7,2da63e87d70d53da,1.050818,19.555081,1,13762,1,1,0,0,0,0,0,0,0,0,0,0,0,1
1113,7,4f99a8692e1bd5b2,1.833094,18.169846,1,14016,1,0,0,0,1,0,0,0,0,0,0,0,0,0
1114,7,1c07a0f11e0f3a8d,1.377135,20.0,1,13960,1,1,0,0,1,0,0,0,0,0,0,0,0,1
1115,7,c7cfb72157296681,2.079775,20.0,1,14053,2,1,0,0,1,0,0,0,0,0,0,0,0,1
1116,7,281adc5421962f0d,1.562458,20.0,1,13901,1,1,0,0,1,0,0,0,0,0,0,0,0,1
1117,7,3d601b16b603a464,2.217469,17.902542,0,14136,1,0,0,0,0,0,0,0,0,0,0,0,0,0
1118,7,3295545dc16972a5,1.665902,20.0,1,15414,1,1,0,0,1,0,0,0,0,0,0,0,0,1
1119,7,290cc796cb46c080,1.252782,18.827007,1,15256,1,1,0,0,1,0,0,0,0,0,0,0,0,0
1120,7,c014ed9ee64376d8,0.941168,20.0,1,16818,1,1,0,0,1,0,0,0,0,0,0,0,0,1
1121,7,61b815bd9ec76c77,1.750718,15.85293,0,16425,1,0,0,0,0,0,0,0,0,0,0,0,0,0
1122,7,72235ae6b5802539,2.360715,18.882633,1,16211,2,1,0,0,1,0,0,0,0,0,0,0,0,1
1123,7,3769605252740b8a,2.817171,17.664661,1,15884,1,0,0,0,0,0,0,0,0,0,0,0,0,1
1124,7,c3f8064e2033ce0f,3.160088,16.749644,1,15662,2,1,0,0,0,0,0,0,0,0,0,0,0,1
1125,7,b8757efd0ddc0349,3.41771,19.54107,1,15435,1,0,0,0,1,0,0,0,0,0,0,0,0,1
1126,7,f0d7c984a6eb06bc,3.614317,20.0,1,15785,2,1,0,0,1,0,0,0,0,0,0,0,0,1
1127,7,babff00770d6bb75,2.715301,16.269468,0,15266,1,1,0,0,0,0,0,0,0,0,0,0,0,0
1128,7,75d27f9247a2a8a5,3.083558,19.180332,1,15349,1,0,0,0,1,0,0,0,0,0,0,0,0,1
1129,7,ce41873d64cdc8c6,2.318879,17.904385,1,14958,1,1,0,0,1,0,0,0,0,0,0,0,0,0
1130,7,728e47d1c2322ad8,2.785741,20.0,1,14816,2,1,0,0,1,0,0,0,0,0,0,0,0,1
1131,7,0bac712e3418444c,3.136476,18.811051,1,14658,1,0,0,0,0,0,0,0,0,0,0,0,0,1
1132,7,2359b9e5c5bce7d8,3.399971,20.0,1,14128,2,1,0,0,1,0,0,0,0,0,0,0,0,1
1133,7,056abf62a7707bca,3.600977,19.340278,1,13892,1,0,0,0,0,0,0,0,0,0,0,0,0,1
1134,7,4068be482e6eb03f,2.705279,20.0,1,14094,1,1,0,0,1,0,0,0,0,0,0,0,0,1
1135,7,d86cad86a7272fb3,2.032375,19.621462,1,14187,1,1,0,0,1,0,0,0,0,0,0,0,0,0
1136,7,c232c3dde81d1331,1.528375,18.236121,1,14100,1,1,0,0,0,0,0,0,0,0,0,0,0,1
1137,7,f7e61a3cf52dc82b,2.191864,17.178961,1,14141,1,0,0,0,1,0,0,0,0,0,0,0,0,0
1138,7,2230a208bdae369d,2.690319,19.8636,1,14012,2,1,0,0,1,0,0,0,0,0,0,0,0,1
1139,7,74d7ad16b0adeed9,2.021136,20.0,1,13994,1,1,0,0,1,0,0,0,0,0,0,0,0,1
1140,7,ec169ce7eb4b4f75,2.564074,19.934926,1,13822,1,0,0,0,0,0,0,0,0,0,0,0,0,1
1141,7,0eda4bb82b76ae4b,1.926293,20.0,1,14077,1,1,0,0,1,0,0,0,0,0,0,0,0,1
1142,7,5879cdb742cac931,1.447152,19.957079,1,14172,1,1,0,0,1,0,0,0,0,0,0,0,0,0
1143,7,316f83cb3b0dc36d,2.132429,18.48851,1,13942,1,0,0,0,0,0,0,0,0,0,0,0,0,1
1144,7,3662ca01a29f6474,1.602014,17.368571,1,13975,1,1,0,0,1,0,0,0,0,0,0,0,0,0
1145,7,773682b8a4ebd288,1.203534,20.0,1,14123,1,1,0,0,1,0,0,0,0,0,0,0,0,1
1146,7,ca090bade3533092,0.90417,18.50864,1,14148,1,1,0,0,1,0,0,0,0,0,0,0,0,0
1147,7,9d636c28385049bd,0.679949,17.399263,1,14001,1,1,0,0,0,0,0,0,0,0,0,0,0,1
1148,7,340859fa6546d01d,1.554473,20.0,1,14092,1,0,0,0,1,0,0,0,0,0,0,0,0,1
1149,7,969ebdf2c36a9433,1.167818,18.525962,1,14103,1,1,0,0,1,0,0,0,0,0,0,0,0,0
1150,7,da4db521179b93e5,0.878216,20.0,1,14229,1,1,0,0,1,0,0,0,0,0,0,0,0,1
1151,7,38109b24fbb0aae3,1.703424,19.174817,1,14339,1,0,0,0,0,0,0,0,0,0,0,0,0,1
1152,7,341389f39098dfff,2.323372,20.0,1,14241,2,1,0,0,1,0,0,0,0,0,0,0,0,1
1153,7,ad382d7acf9b358e,1.745463,19.528077,1,14280,1,1,0,0,1,0,0,0,0,0,0,0,0,0
1154,7,428fbb44d2dbea62,1.312613,18.165894,1,14154,1,1,0,0,0,0,0,0,0,0,0,0,0,1
1155,7,e6217e3f62010f74,2.02977,17.126202,1,14141,1,0,0,0,1,0,0,0,0,0,0,0,0,0
1156,7,0fe2102d72c20f28,1.52489,19.823964,1,13980,1,1,0,0,1,0,0,0,0,0,0,0,0,1
1157,7,c8818ef24c5e36e9,1.146739,18.388405,1,14014,1,1,0,0,1,0,0,0,0,0,0,0,0,0
1158,7,3b1503de03edb860,2.948809,17.293366,1,14106,2,0,0,0,0,0,0,0,0,0,0,0,0,1
1159,7,232bb5707391710c,2.21533,19.949548,1,14005,1,1,0,0,1,0,0,0,0,0,0,0,0,1
1160,7,435688a2644bf9fc,1.664295,18.466194,1,14010,1,1,0,0,0,0,0,0,0,0,0,0,0,1
1161,7,8a2dad584ebeb700,2.295724,17.367343,1,14023,1,0,0,0,1,0,0,0,0,0,0,0,0,0
1162,7,4033cd00f431f0dc,1.724691,20.0,1,14153,1,1,0,0,1,0,0,0,0,0,0,0,0,1
1163,7,06d76f7290f2ef31,1.295696,20.0,1,14103,1,1,0,0,1,0,0,0,0,0,0,0,0,1
1164,7,d21d9614f39d043c,0.974382,20.0,1,14117,1,1,0,0,1,0,0,0,0,0,0,0,0,1
1165,7,3e0621c5610df2ad,1.77567,17.651204,0,14044,2,1,0,0,0,0,0,0,0,0,0,0,0,0
1166,7,c324c8da83b0470c,2.377648,20.0,1,14211,1,0,0,0,1,0,0,0,0,0,0,0,0,1
1167,7,b5ede1b7e3ab9d03,1.786238,18.668156,1,14070,1,1,0,0,1,0,0,0,0,0,0,0,0,0
1168,7,aec8c671ef26d457,1.343276,20.0,1,14085,1,1,0,0,1,0,0,0,0,0,0,0,0,1
1169,7,5a6b0c24f6ede349,1.009153,19.255151,1,14319,1,1,0,0,0,0,0,0,0,0,0,0,0,1
1170,7,1ec0d35059c57b6e,0.758139,17.94452,1,14184,1,1,0,0,1,0,0,0,0,0,0,0,0,0
1171,7,150745447bb64afe,1.614282,20.0,1,14271,1,0,0,0,1,0,0,0,0,0,0,0,0,1
1172,7,612b9814bbc81355,1.21275,20.0,1,14114,1,1,0,0,1,0,0,0,0,0,0,0,0,1
1173,7,1a0a4e3dd97b1ee7,0.911094,20.0,1,14198,1,1,0,0,1,0,0,0,0,0,0,0,0,0
1174,7,3a2c5ac90977e2c6,0.684471,20.0,1,14003,1,1,0,0,1,0,0,0,0,0,0,0,0,1
1175,7,9fa4409a4b5d1962,1.558882,20.0,1,14174,2,1,0,0,1,0,0,0,0,0,0,0,0,1
1176,7,40511597314a9dc5,1.17113,17.755523,0,14326,0,0,0,0,0,0,0,0,0,0,0,0,0,0
1177,7,e4cb3540853653af,0.879826,16.817905,1,14444,1,1,0,0,1,0,0,0,0,0,0,0,0,0
1178,7,8132100a7ce6f13d,0.661642,19.608308,1,14142,1,1,0,0,1,0,0,0,0,0,0,0,0,1
1179,7,cec48ce61c6991eb,1.54072,14.730989,0,15274,1,0,0,0,0,0,0,0,0,0,0,0,0,0
1180,7,cedcc0e06dbb53aa,1.157485,18.02453,1,15184,1,1,0,0,1,0,0,0,0,0,0,0,0,1
1181,7,f77e93370319caa9,0.869575,20.0,1,14795,1,1,0,0,1,0,0,0,0,0,0,0,0,1
1182,7,02da5fb7c20d6fdb,2.742234,18.895925,1,14701,2,0,0,0,0,0,0,0,0,0,0,0,0,1
1183,7,849023220b37390e,2.060138,17.674647,1,15660,1,1,0,0,1,0,0,0,0,0,0,0,0,0
1184,7,1a6c7283253ca4dd,1.547705,20.0,1,15496,1,1,0,0,1,0,0,0,0,0,0,0,0,1
1185,7,3c393af2d6a74eea,2.208046,15.217753,0,15163,1,0,0,0,0,0,0,0,0,0,0,0,0,0
1186,7,efaa0217939ad4bd,1.658823,18.390218,1,15053,1,1,0,0,1,0,0,0,0,0,0,0,0,1
1187,7,0eebc8fa290e730b,3.333518,17.294728,1,15111,2,0,0,0,0,0,0,0,0,0,0,0,0,1
1188,7,187f33b9f60f1aac,2.504348,19.950572,1,14772,1,1,0,0,1,0,0,0,0,0,0,0,0,1
1189,7,d5870a93f496b59f,1.883305,20.0,1,14989,1,1,0,0,1,0,0,0,0,0,0,0,0,1
1190,7,3bc96132f82a0e88,2.45851,16.50082,0,14999,1,0,0,0,0,0,0,0,0,0,0,0,0,0
1191,7,3b82261373718ed7,2.89064,19.354139,1,14846,2,1,0,0,1,0,0,0,0,0,0,0,0,1
1192,7,3fbebc999004822c,2.173803,20.0,1,14692,1,1,0,0,1,0,0,0,0,0,0,0,0,1
1193,7,ad83a807a41670ac,1.633097,16.16386,0,14554,1,1,0,0,0,0,0,0,0,0,0,0,0,0
1194,7,c5bb6fe5df656f4d,3.314191,19.100992,1,14453,2,0,0,0,1,0,0,0,0,0,0,0,0,1
1195,7,64a6642bb11b0e45,2.489828,20.0,1,14045,1,1,0,0,1,0,0,0,0,0,0,0,0,1
1196,7,805ba73da86ab1ab,1.872386,20.0,1,13919,1,1,0,0,1,0,0,0,0,0,0,0,0,1
1197,7,ef334e62b3115a2e,1.406654,20.0,1,13991,1,1,0,0,1,0,0,0,0,0,0,0,0,1
1198,7,262b00fda150e6b6,1.056766,20.0,1,14017,1,1,0,0,1,0,0,0,0,0,0,0,0,1
1199,7,4b9f80a48a4ce902,1.838854,18.918526,0,13964,2,1,0,0,0,0,0,0,0,0,0,0,0,0
1200,7,50d565a30df555ff,2.425116,20.0,1,13959,1,0,0,0,1,0,0,0,0,0,0,0,0,1
1201,7,0ec81751dd310528,1.821899,20.0,1,14082,1,1,0,0,1,0,0,0,0,0,0,0,0,1
1202,7,5ac5e384f80db140,1.368724,20.0,1,13803,1,1,0,0,1,0,0,0,0,0,0,0,0,1
1203,7,6832ab86074dfca2,2.073451,18.148555,0,13866,2,1,0,0,0,0,0,0,0,0,0,0,0,0
1204,7,b667a0bdeba9761b,2.601359,20.0,1,14026,1,0,0,0,1,0,0,0,0,0,0,0,0,1
1205,7,bcf6cc568f92d008,1.954304,18.948859,1,13855,1,1,0,0,1,0,0,0,0,0,0,0,0,0
1206,7,3097e5fed69125c1,1.469664,20.0,1,13837,1,1,0,0,1,0,0,0,0,0,0,0,0,1
1207,7,102dab9bc22e15ba,1.104104,19.413737,1,13780,1,1,0,0,1,0,0,0,0,0,0,0,0,0
1208,7,e09297334bd7058a,1.873125,18.06366,1,13891,1,0,0,0,0,0,0,0,0,0,0,0,0,1
1209,7,56de3015ced6e9e9,1.407209,17.049397,1,13952,1,1,0,0,1,0,0,0,0,0,0,0,0,0
1210,7,eff3ecd265ac823f,1.058241,19.782393,1,14197,1,1,0,0,1,0,0,0,0,0,0,0,0,1
1211,7,0e93d75929acd34e,1.83867,14.861772,0,14058,1,0,0,0,0,0,0,0,0,0,0,0,0,0
1212,7,9469a176a1706f5e,1.381324,18.122783,1,14001,1,1,0,0,1,0,0,0,0,0,0,0,0,1
1213,7,3eecedce33f9b1b0,1.038776,20.0,1,13949,1,1,0,0,1,0,0,0,0,0,0,0,0,1
1214,7,94fa6cb3dcecd53d,1.824047,15.468193,0,14101,1,0,0,0,0,0,0,0,0,0,0,0,0,0
1215,7,16f162f89c474f87,1.370338,18.578364,1,14136,1,1,0,0,1,0,0,0,0,0,0,0,0,1
1216,7,ee14123231ea5855,2.073137,20.0,1,13957,2,1,0,0,1,0,0,0,0,0,0,0,0,1
1217,7,637db65af5afb980,2.603179,15.728317,0,14122,1,0,0,0,0,0,0,0,0,0,0,0,0,0
1218,7,63971b6e083b3b34,1.955671,18.773786,1,14003,1,1,0,0,1,0,0,0,0,0,0,0,0,1
1219,7,c3b4a002067a2db0,1.469223,20.0,1,14054,1,1,0,0,1,0,0,0,0,0,0,0,0,1
1220,8,1fd48474a6be9a50,2.149027,15.838723,0,13968,1,0,0,0,0,0,0,0,0,0,0,0,0,0
1221,8,0b198662efcfc49a,1.614484,18.85673,1,14184,1,1,0,0,1,0,0,0,0,0,0,0,0,1
1222,8,fcbdd03152747088,1.212901,17.645201,1,14203,1,1,0,0,1,0,0,0,0,0,0,0,0,0
1223,8,c7b8a2a9fab59ea4,1.954861,16.735024,1,14336,1,0,0,0,0,0,0,0,0,0,0,0,0,1
1224,8,241e6acbb414e8f5,1.470083,16.065478,1,14223,1,1,0,0,1,0,0,0,0,0,0,0,0,0
1225,8,fc64a472a0076c97,2.148072,15.548238,1,14247,1,0,0,0,0,0,0,0,0,0,0,0,0,1
1226,8,1e870741cfb1004d,1.613766,18.638499,1,14153,1,1,0,0,1,0,0,0,0,0,0,0,0,1
1227,8,bf57db00a494f005,2.257726,17.496919,1,14082,2,1,0,0,1,0,0,0,0,0,0,0,0,0
1228,8,b9cebc1ba6e23f90,1.696145,20.0,1,14158,1,1,0,0,1,0,0,0,0,0,0,0,0,1
1229,8,e665c14bbc29de1b,2.317904,18.581079,1,14031,1,0,0,0,0,0,0,0,0,0,0,0,0,1
1230,8,e769dc1986223560,1.741354,20.0,1,14216,1,1,0,0,1,0,0,0,0,0,0,0,0,1
1231,8,1dc6f86b0f28f527,1.309523,19.210353,1,14088,1,1,0,0,1,0,0,0,0,0,0,0,0,0
1232,8,4ee3e088ad4a8ac0,2.027449,17.910864,1,14086,1,0,0,0,0,0,0,0,0,0,0,0,0,1
1233,8,455d9bfb5b7a8dc6,2.5668,20.0,1,14231,2,1,0,0,1,0,0,0,0,0,0,0,0,1
1234,8,4bbe4da8ebeb3fc6,1.93027,20.0,1,14015,1,1,0,0,1,0,0,0,0,0,0,0,0,1
1235,8,e1c598fb2eccb0ab,1.45014,20.0,1,14016,1,1,0,0,0,0,0,0,0,0,0,0,0,1
1236,8,1ea3379f3547fd92,2.133089,18.685282,1,13919,1,0,0,0,1,0,0,0,0,0,0,0,0,0
1237,8,f2433026cfae9a47,1.60251,20.0,1,14042,1,1,0,0,1,0,0,0,0,0,0,0,0,1
1238,8,d0cc26dd4ca1a8f2,2.249261,20.0,1,14037,2,1,0,0,1,0,0,0,0,0,0,0,0,1
1239,8,b6729060e15ef02e,1.689786,20.0,1,13965,1,1,0,0,0,0,0,0,0,0,0,0,0,1
1240,8,a9cb16cc75c4b873,2.313126,18.932213,1,13923,1,0,0,0,1,0,0,0,0,0,0,0,0,0
1241,8,4518898290c4a533,1.739504,20.0,1,13741,1,1,0,0,1,0,0,0,0,0,0,0,0,1
1242,8,80c0e74f4af0cefb,1.306824,19.404333,1,13875,1,1,0,0,1,0,0,0,0,0,0,0,0,0
1243,8,bd705a496fb2e0e1,0.981768,20.0,1,14004,1,1,0,0,1,0,0,0,0,0,0,0,0,1
1244,8,40fcbaec993d22c5,2.824872,19.657615,1,13889,2,0,0,0,0,0,0,0,0,0,0,0,0,1
1245,8,6cfaf62351220228,2.124344,18.263308,1,13803,1,1,0,0,1,0,0,0,0,0,0,0,0,0
1246,8,6ffb601c36225917,1.59594,20.0,1,13903,1,1,0,0,1,0,0,0,0,0,0,0,0,1
1247,8,21c423f5186ec4a6,1.19897,19.013626,1,13815,1,1,0,0,1,0,0,0,0,0,0,0,0,0
1248,8,1e92837d9f9c6b35,0.901643,20.0,1,13778,1,1,0,0,1,0,0,0,0,0,0,0,0,1
1249,8,968a8f9c5003dbc1,1.721024,15.971483,0,14025,1,0,0,0,0,0,0,0,0,0,0,0,0,0
1250,8,3d81bda997433872,1.292941,18.956467,1,13734,1,1,0,0,1,0,0,0,0,0,0,0,0,1
1251,8,4d57385882879efc,2.014992,14.241285,0,13875,1,0,0,0,0,0,0,0,0,0,0,0,0,0
1252,8,fcb4df9efd747f55,1.515302,17.670653,1,14019,1,1,0,0,1,0,0,0,0,0,0,0,0,1
1253,8,dd6db030444068ae,1.13839,16.754145,1,13861,1,1,0,0,1,0,0,0,0,0,0,0,0,0
1254,8,7ae77073d86b6226,2.942537,16.065608,1,13823,2,0,0,0,0,0,0,0,0,0,0,0,0,1
1255,8,356c8f195f9c1ba4,2.212829,19.042569,1,13949,1,1,0,0,1,0,0,0,0,0,0,0,0,1
1256,8,9f14df830234c9fe,1.662416,17.784815,1,13877,1,1,0,0,0,0,0,0,0,0,0,0,0,1
1257,8,062043c8618db95b,2.292564,16.839911,1,13917,1,0,0,0,1,0,0,0,0,0,0,0,0,0
1258,8,46fb9a9069532d44,1.722318,19.608885,1,13846,1,1,0,0,1,0,0,0,0,0,0,0,0,1
1259,8,a08fcbdfa04b7054,3.383509,18.226663,1,13870,2,0,0,0,0,0,0,0,0,0,0,0,0,1
1260,8,cad3b566561459bb,2.541904,17.171855,1,13967,1,1,0,0,1,0,0,0,0,0,0,0,0,0
1261,8,956fe504e19b254f,1.909637,19.858262,1,13959,1,1,0,0,1,0,0,0,0,0,0,0,0,1
1262,8,8f104a90b7c27a4a,1.436074,20.0,1,14116,1,1,0,0,1,0,0,0,0,0,0,0,0,1
1263,8,aa9dabd7d25110a8,1.078869,19.927513,1,14013,1,1,0,0,1,0,0,0,0,0,0,0,0,0
1264,8,952efc18683314fc,1.854167,18.44964,1,13875,1,0,0,0,0,0,0,0,0,0,0,0,0,1
1265,8,766a5fa850696abf,2.43662,20.0,1,13973,2,1,0,0,1,0,0,0,0,0,0,0,0,1
1266,8,93a110a4a662fb6a,1.832373,20.0,1,13863,1,1,0,0,1,0,0,0,0,0,0,0,0,1
1267,8,b2139f9cf510519a,1.376593,20.0,1,14046,1,1,0,0,1,0,0,0,0,0,0,0,0,0
1268,8,07b23dae0886b303,2.077836,18.857076,1,14003,1,0,0,0,0,0,0,0,0,0,0,0,0,1
1269,8,61581596129373ba,1.562563,17.661292,1,14039,1,1,0,0,1,0,0,0,0,0,0,0,0,0
1270,8,9b4dafa46793fdff,1.173895,20.0,1,13858,1,1,0,0,1,0,0,0,0,0,0,0,0,1
1271,8,620bd23daf4bf83f,1.925557,20.0,1,13985,2,1,0,0,1,0,0,0,0,0,0,0,0,1
1272,8,91efb63a31f48e3d,1.446599,20.0,1,13879,1,1,0,0,1,0,0,0,0,0,0,0,0,0
1273,8,c619ad4b50ea6c62,1.087863,18.612033,1,14101,1,1,0,0,0,0,0,0,0,0,0,0,0,1
1274,8,e81d6c7c63fe7312,1.860924,17.461369,1,14079,1,0,0,0,1,0,0,0,0,0,0,0,0,0
1275,8,991343d40aba475d,1.398043,20.0,1,13942,1,1,0,0,1,0,0,0,0,0,0,0,0,1
1276,8,fa22d01f031baa44,1.051348,18.577762,1,14010,1,1,0,0,1,0,0,0,0,0,0,0,0,0
1277,8,ffd183983e6ffe07,0.789838,20.0,1,14087,1,1,0,0,1,0,0,0,0,0,0,0,0,1
1278,8,5bcab0c91073c888,1.637029,15.712257,0,15068,1,0,0,0,0,0,0,0,0,0,0,0,0,0
1279,8,dda7200ba2964f56,1.229839,18.76172,1,15330,1,1,0,0,1,0,0,0,0,0,0,0,0,1
1280,8,d55943944d2e50e1,0.924856,17.589583,1,15525,1,1,0,0,1,0,0,0,0,0,0,0,0,0
1281,8,f73522c1ac4e89fb,0.69481,16.693241,1,15898,1,1,0,0,0,0,0,0,0,0,0,0,0,1
1282,8,d493c3b87d47a457,1.565638,16.019852,1,16059,1,0,0,0,1,0,0,0,0,0,0,0,0,0
1283,8,4cdf799a249d6bdd,2.221533,19.008161,1,17868,2,1,0,0,1,0,0,0,0,0,0,0,0,1
1284,8,b15e960b05f43ba3,1.668955,20.0,1,18195,1,1,0,0,1,0,0,0,0,0,0,0,0,1
1285,8,a0a3d5fd3d885a5e,2.297476,20.0,1,18060,2,1,0,0,1,0,0,0,0,0,0,0,0,1
1286,8,2b9b172953e44fd6,1.726008,20.0,1,18092,1,1,0,0,1,0,0,0,0,0,0,0,0,1
1287,8,5218618526005bf6,1.297983,20.0,1,17779,1,1,0,0,1,0,0,0,0,0,0,0,0,1
1288,8,996c21d04baa2732,2.018779,20.0,1,18311,2,1,0,0,0,0,0,0,0,0,0,0,0,1
1289,8,7b331f74901a76df,2.560287,20.0,1,17291,1,0,0,0,1,0,0,0,0,0,0,0,0,0
1290,8,c80f25c2e7b2c06a,1.925372,20.0,1,16104,1,1,0,0,1,0,0,0,0,0,0,0,0,1
1291,8,8185bfff9a83204e,2.490113,20.0,1,16080,2,1,0,0,1,0,0,0,0,0,0,0,0,1
1292,8,a6b3cb6dadd2b0ac,1.870729,20.0,1,15797,1,1,0,0,1,0,0,0,0,0,0,0,0,1
1293,8,d0b9a46c6b1c245f,1.405409,20.0,1,15755,1,1,0,0,1,0,0,0,0,0,0,0,0,0
1294,8,4f7cc06fd2f4fd06,3.145189,20.0,1,15941,2,0,0,0,0,0,0,0,0,0,0,0,0,1
1295,8,cdaf087fb3a6ade1,2.362863,20.0,1,14593,1,1,0,0,1,0,0,0,0,0,0,0,0,1
1296,8,283a0ec2de9aba28,1.77513,20.0,1,13709,1,1,0,0,1,0,0,0,0,0,0,0,0,0
1297,8,e50f32bbcafc1573,1.334923,20.0,1,13830,1,1,0,0,1,0,0,0,0,0,0,0,0,1
1298,8,19e768e3d37c944c,1.002878,20.0,1,14078,1,1,0,0,1,0,0,0,0,0,0,0,0,1
1299,8,b686db47bb90b8f0,1.797078,17.656963,0,13835,1,0,0,0,0,0,0,0,0,0,0,0,0,0
1300,8,e3d629f0ded3c37e,1.350078,20.0,1,14074,1,1,0,0,1,0,0,0,0,0,0,0,0,1
1301,8,e13325f63f246fc7,2.059428,20.0,1,13857,2,1,0,0,1,0,0,0,0,0,0,0,0,1
1302,8,f5562e3a91a720d3,1.547171,20.0,1,13935,1,1,0,0,0,0,0,0,0,0,0,0,0,1
1303,8,5c3d4516e69588da,2.205985,18.604323,1,13798,1,0,0,0,1,0,0,0,0,0,0,0,0,0
1304,8,67ff0c3810d4a34f,1.658932,20.0,1,13975,1,1,0,0,1,0,0,0,0,0,0,0,0,1
1305,8,be53741d3f70683f,1.246294,20.0,1,13834,1,1,0,0,1,0,0,0,0,0,0,0,0,1
1306,8,479fc867060a96a3,0.936294,17.052108,0,13860,1,1,0,0,0,0,0,0,0,0,0,0,0,0
1307,8,e49c6c4efdd2977d,1.747056,19.7683,1,13859,1,0,0,0,1,0,0,0,0,0,0,0,0,1
1308,8,0feeae5317c9aa9f,1.313811,18.346545,1,13869,1,1,0,0,1,0,0,0,0,0,0,0,0,0
1309,8,ef1d559706185ca8,0.987017,20.0,1,14045,1,1,0,0,1,0,0,0,0,0,0,0,0,1
1310,8,93406e0f1614172e,1.785162,15.58176,0,13591,1,0,0,0,0,0,0,0,0,0,0,0,0,0
1311,8,fa47258285d05705,1.342468,18.678709,1,13802,1,1,0,0,1,0,0,0,0,0,0,0,0,1
1312,8,dfee99ea0a0f5bfb,2.052199,17.51146,1,13994,1,0,0,0,0,0,0,0,0,0,0,0,0,1
1313,8,faaebadb44ff545a,2.585394,20.0,1,13982,2,1,0,0,1,0,0,0,0,0,0,0,0,1
1314,8,42ecc63fef97f4fe,2.985963,18.589286,1,14060,1,0,0,0,0,0,0,0,0,0,0,0,0,1
1315,8,2eb6112a6bdd6bfb,2.245487,17.45991,1,14036,1,1,0,0,1,0,0,0,0,0,0,0,0,0
1316,8,664d4cf40bbe3253,2.730604,16.595822,1,13925,1,0,0,0,0,0,0,0,0,0,0,0,0,1
1317,8,b6e6d909d15f2c53,2.0514,19.42551,1,13887,1,1,0,0,1,0,0,0,0,0,0,0,0,1
1318,8,bed70b8d6c74965b,1.542682,18.088762,1,13953,1,1,0,0,1,0,0,0,0,0,0,0,0,0
1319,8,ce1b68d9951da5f7,2.202613,17.068255,1,14058,2,1,0,0,0,0,0,0,0,0,0,0,0,1
1320,8,5834f299def02e18,2.698394,19.780431,1,13871,1,0,0,0,1,0,0,0,0,0,0,0,0,1
1321,8,46b7696593c001d7,2.027203,20.0,1,13869,1,1,0,0,1,0,0,0,0,0,0,0,0,1
1322,8,15281493244c4f00,1.524485,20.0,1,13896,1,1,0,0,1,0,0,0,0,0,0,0,0,1
1323,8,5d0991629dd5ebd0,2.188942,17.555836,0,13887,1,0,0,0,0,0,0,0,0,0,0,0,0,0
1324,8,5e7c762930ec4d4e,1.64447,20.0,1,13889,1,1,0,0,1,0,0,0,0,0,0,0,0,1
1325,8,e18be0a7bc1b15b7,1.236665,20.0,1,13833,1,1,0,0,1,0,0,0,0,0,0,0,0,1
1326,8,9ac9173b38d9c39e,1.972714,20.0,1,13775,2,1,0,0,1,0,0,0,0,0,0,0,0,1
1327,8,24db9ba2f7db9da5,2.525679,20.0,1,13784,1,0,0,0,0,0,0,0,0,0,0,0,0,1
1328,8,83ddc4e09f77ff1a,1.897449,19.394796,1,14081,1,1,0,0,1,0,0,0,0,0,0,0,0,0
1329,8,beaae95830f3df60,1.426908,20.0,1,14012,1,1,0,0,1,0,0,0,0,0,0,0,0,1
1330,8,9ecf205fbe07adaa,1.071983,19.665674,1,14074,1,1,0,0,1,0,0,0,0,0,0,0,0,0
1331,8,cf5198ea47e2fa49,2.892647,18.25293,1,13928,2,0,0,0,0,0,0,0,0,0,0,0,0,1
1332,8,1220d569dcbfa98b,2.175312,20.0,1,14058,1,1,0,0,1,0,0,0,0,0,0,0,0,1
1333,8,66ca69276e2c6fa7,1.634231,20.0,1,14045,1,1,0,0,1,0,0,0,0,0,0,0,0,1
1334,8,b238473ff83d585c,1.227736,20.0,1,13902,1,1,0,0,1,0,0,0,0,0,0,0,0,0
1335,8,84b001f91a0837bb,0.922352,18.790936,1,14050,1,1,0,0,0,0,0,0,0,0,0,0,0,1
1336,8,3f5f32efe19a0966,1.737773,20.0,1,13974,1,0,0,0,1,0,0,0,0,0,0,0,0,1
1337,8,e06c0fb51383cd5d,2.349177,19.324517,1,13986,2,1,0,0,1,0,0,0,0,0,0,0,0,0
1338,8,2ff856ab33134eb4,0.721196,17.996632,1,13915,0,1,0,0,1,0,0,0,0,0,0,0,0,0
1339,8,7b783a6e1dff6561,1.5865,17.014225,1,14230,1,0,0,0,0,0,0,0,0,0,0,0,0,1
1340,8,d1535a378f23e576,1.191878,16.260996,1,14131,1,1,0,0,1,0,0,0,0,0,0,0,0,0
1341,8,710fa14c4c2bac97,0.895413,19.173967,1,13995,1,1,0,0,1,0,0,0,0,0,0,0,0,1
1342,8,d28c6258f6f0f76b,0.672691,17.883529,1,14294,1,1,0,0,1,0,0,0,0,0,0,0,0,0
1343,8,c20096460c8e084d,2.594174,16.929171,1,14112,2,0,0,0,0,0,0,0,0,0,0,0,0,1
1344,8,56f058d4067555fb,1.948906,19.675942,1,14184,1,1,0,0,1,0,0,0,0,0,0,0,0,1
1345,8,da1cd8392f9c0372,1.46414,18.260644,1,14141,1,1,0,0,0,0,0,0,0,0,0,0,0,1
1346,8,de80ffca4e7c6cbf,2.145205,17.212767,1,13958,1,0,0,0,1,0,0,0,0,0,0,0,0,0
1347,8,4fb8d92636e6a58f,1.611612,19.888997,1,14179,1,1,0,0,1,0,0,0,0,0,0,0,0,1
1348,8,6ef2abe937135837,2.254397,18.420705,1,13975,1,0,0,0,0,0,0,0,0,0,0,0,0,1
1349,8,659b52c86dd1ef9f,2.737298,20.0,1,14051,2,1,0,0,1,0,0,0,0,0,0,0,0,1
1350,8,966566a5fb39dccd,2.058487,19.119748,1,14189,1,1,0,0,1,0,0,0,0,0,0,0,0,0
1351,8,1b641b38959edb4a,1.546464,20.0,1,14127,1,1,0,0,1,0,0,0,0,0,0,0,0,1
1352,8,02f34f879c04953c,2.205454,19.496996,1,14098,1,0,0,0,0,0,0,0,0,0,0,0,0,1
1353,8,55549377b2a5640a,1.658533,20.0,1,14037,1,1,0,0,1,0,0,0,0,0,0,0,0,1
1354,8,8d08bb91940986bf,2.289647,19.723413,1,13910,2,1,0,0,1,0,0,0,0,0,0,0,0,0
1355,8,03e9a23f262fcb79,2.76378,18.296307,1,13920,1,0,0,0,0,0,0,0,0,0,0,0,0,1
1356,8,9b4f74d5e3444e59,2.076324,17.224176,1,13956,1,1,0,0,1,0,0,0,0,0,0,0,0,0
1357,8,62a55d569f8aa6b2,1.561426,19.913829,1,13940,1,1,0,0,1,0,0,0,0,0,0,0,0,1
1358,8,f6cbb085cd1fcbcc,1.173041,20.0,1,14066,1,1,0,0,1,0,0,0,0,0,0,0,0,1
1359,8,4c5030ddde00a0dd,2.968568,19.945172,1,14064,2,0,0,0,0,0,0,0,0,0,0,0,0,1
1360,8,65cb1d6be04b1b09,2.232406,20.0,1,14179,1,1,0,0,1,0,0,0,0,0,0,0,0,1
1361,8,644558fdbd0dfa36,1.677123,19.976615,1,13925,1,1,0,0,1,0,0,0,0,0,0,0,0,0
1362,8,47956bceebb5b9c6,1.25996,20.0,1,14641,1,1,0,0,1,0,0,0,0,0,0,0,0,1
1363,8,4090fa840e2e46c5,0.946561,19.980608,1,14415,1,1,0,0,1,0,0,0,0,0,0,0,0,0
1364,8,e21be45eafa1b69e,1.755978,18.506204,1,14301,1,0,0,0,0,0,0,0,0,0,0,0,0,1
1365,8,90d6413fe6d8bddd,2.362854,20.0,1,14598,2,1,0,0,1,0,0,0,0,0,0,0,0,1
1366,8,39ba5c9c9dd2d10b,1.775124,19.150715,1,14396,1,1,0,0,1,0,0,0,0,0,0,0,0,0
1367,8,b528996689b320b4,1.334918,20.0,1,14028,1,1,0,0,1,0,0,0,0,0,0,0,0,1
1368,8,17a49042c61c20e0,2.046528,19.527778,1,13801,1,0,0,0,0,0,0,0,0,0,0,0,0,1
1369,8,da470fee4dc2a54f,1.53748,18.149334,1,13595,1,1,0,0,1,0,0,0,0,0,0,0,0,0
1370,8,f81b290f58794ff6,1.155051,20.0,1,13386,1,1,0,0,1,0,0,0,0,0,0,0,0,1
1371,8,be7084befc86f445,1.912765,15.485933,0,13810,1,0,0,0,0,0,0,0,0,0,0,0,0,0
1372,8,6b7ccad6b856608b,1.436989,18.591691,1,13538,1,1,0,0,1,0,0,0,0,0,0,0,0,1
1373,8,9cf9fcbe978e6c0a,1.079556,17.446087,1,13598,1,1,0,0,1,0,0,0,0,0,0,0,0,0
1374,8,88ff40d60df99a4f,2.900143,16.600208,1,13779,2,0,0,0,0,0,0,0,0,0,0,0,0,1
1375,8,e7a9e5bf44b6fa7d,2.178769,19.428805,1,13893,1,1,0,0,1,0,0,0,0,0,0,0,0,1
1376,8,5700fef821f6014c,1.636828,20.0,1,13851,1,1,0,0,1,0,0,0,0,0,0,0,0,1
1377,8,544e5acdc7770aa7,1.229687,19.671427,1,13650,1,1,0,0,1,0,0,0,0,0,0,0,0,0
1378,8,44cddd6572bca7bb,1.968893,18.273695,1,13558,1,0,0,0,0,0,0,0,0,0,0,0,0,1
1379,8,e281eeb2890bd23f,1.479156,17.207188,1,14032,1,1,0,0,1,0,0,0,0,0,0,0,0,0
1380,8,31aaa8a3af8754f3,1.111234,19.884806,1,13852,1,1,0,0,1,0,0,0,0,0,0,0,0,1
1381,8,324f3bde78e4da26,1.879815,18.43416,1,13808,2,1,0,0,0,0,0,0,0,0,0,0,0,1
1382,8,e3e920265167a18f,2.455888,20.0,1,13820,1,0,0,0,1,0,0,0,0,0,0,0,0,1
1383,8,c27a0bf0cca56ac8,1.845017,19.110053,1,13808,1,1,0,0,1,0,0,0,0,0,0,0,0,0
1384,8,de18dc7708216a85,1.386092,20.0,1,13655,1,1,0,0,1,0,0,0,0,0,0,0,0,1
1385,8,a22934955586c0cd,2.086511,19.509202,1,13566,2,1,0,0,0,0,0,0,0,0,0,0,0,1
1386,8,3620be5a333fa45b,2.611171,20.0,1,13845,1,0,0,0,1,0,0,0,0,0,0,0,0,1
1387,8,7b3008caf1cc1e56,1.961675,20.0,1,13647,1,1,0,0,1,0,0,0,0,0,0,0,0,1
1388,8,2a3d934c9ec3ebad,1.475208,20.0,1,13763,1,1,0,0,1,0,0,0,0,0,0,0,0,0
1389,8,35d656464187d1a1,2.151922,19.198233,1,13644,1,0,0,0,0,0,0,0,0,0,0,0,0,1
1390,8,bd5e5df31cf53578,1.616658,20.0,1,13441,1,1,0,0,1,0,0,0,0,0,0,0,0,1
1391,8,e6d4e1829822e5c1,2.258188,19.541293,1,13614,2,1,0,0,1,0,0,0,0,0,0,0,0,0
1392,8,67fead67863de3c3,1.69819,20.0,1,13462,1,1,0,0,1,0,0,0,0,0,0,0,0,1
1393,8,70077889cf5e58a6,2.31944,16.269594,0,13762,1,0,0,0,0,0,0,0,0,0,0,0,0,0
1394,8,776dfb72a61f4141,1.742509,19.180427,1,13558,1,1,0,0,1,0,0,0,0,0,0,0,0,1
1395,8,795814704b02cae2,1.310391,17.904456,1,13538,1,1,0,0,1,0,0,0,0,0,0,0,0,0
1396,8,bbf67f64c56fcf9e,0.984448,20.0,1,13259,1,1,0,0,1,0,0,0,0,0,0,0,0,1
1397,8,7a7f34a33d874dc0,0.739579,18.811091,1,13208,1,1,0,0,1,0,0,0,0,0,0,0,0,0
1398,8,057231089415edf8,1.599271,17.610914,1,13315,1,0,0,0,0,0,0,0,0,0,0,0,0,1
1399,8,5e116fe259685edf,1.202675,16.72416,1,12942,1,1,0,0,1,0,0,0,0,0,0,0,0,0
1400,8,bafcf372a087916f,0.903525,19.521925,1,13344,1,1,0,0,1,0,0,0,0,0,0,0,0,1
1401,8,b0335b52c9814a5f,1.722438,14.666093,0,13066,1,0,0,0,0,0,0,0,0,0,0,0,0,0
1402,8,a06ed432cfa1c40b,1.295298,17.990114,1,13331,1,1,0,0,1,0,0,0,0,0,0,0,0,1
1403,8,4ca3d8a26ce587a1,0.973109,16.994145,1,13361,1,1,0,0,1,0,0,0,0,0,0,0,0,0
1404,8,d8255fd5c60e90dd,1.774714,16.24591,1,13636,1,0,0,0,0,0,0,0,0,0,0,0,0,1
1405,8,adb0a87f62c53a95,1.333276,19.162634,1,14288,1,1,0,0,1,0,0,0,0,0,0,0,0,1
1406,8,5a0414d07bdb6237,3.090944,17.891076,1,14315,2,0,0,0,0,0,0,0,0,0,0,0,0,1
1407,8,80f817d44da532dc,2.32211,20.0,1,14422,1,1,0,0,1,0,0,0,0,0,0,0,0,1
1408,8,92661d5927f80d5f,1.744515,18.803539,1,14299,1,1,0,0,1,0,0,0,0,0,0,0,0,0
1409,8,4f3ab0c78e8a5b24,1.3119,17.621031,1,14467,1,1,0,0,0,0,0,0,0,0,0,0,0,1
1410,8,9f60613854f816a0,3.072888,20.0,1,14291,2,0,0,0,1,0,0,0,0,0,0,0,0,1
1411,8,1480e2a37e77d908,2.308546,20.0,1,14369,1,1,0,0,1,0,0,0,0,0,0,0,0,1
1412,8,43b35f1b69ff97a8,1.734324,20.0,1,14306,1,1,0,0,1,0,0,0,0,0,0,0,0,0
1413,8,4e8681a67e08c4a3,1.304237,20.0,1,14229,1,1,0,0,1,0,0,0,0,0,0,0,0,1
1414,8,713edaebdc043a7f,0.979824,16.587651,0,14269,1,1,0,0,0,0,0,0,0,0,0,0,0,0
1415,8,81387313bcedb4ac,1.779759,19.419371,1,14341,1,0,0,0,1,0,0,0,0,0,0,0,0,1
1416,8,422e3f02e0249808,1.338404,18.084146,1,14327,1,1,0,0,1,0,0,0,0,0,0,0,0,0
1417,8,a04bd087bbc74099,2.049146,20.0,1,14244,2,1,0,0,1,0,0,0,0,0,0,0,0,1
1418,8,365d595e88dc391c,1.539447,20.0,1,14362,1,1,0,0,1,0,0,0,0,0,0,0,0,1
1419,8,caa6b77ad8c01b29,1.156529,20.0,1,14369,1,1,0,0,0,0,0,0,0,0,0,0,0,1
1420,8,fcc10cfc4f95e987,1.913877,18.746865,1,14408,1,0,0,0,1,0,0,0,0,0,0,0,0,0
1421,8,c895e82768f1bc5f,1.437824,20.0,1,14171,1,1,0,0,1,0,0,0,0,0,0,0,0,1
1422,8,90579b19093b0ccc,1.080183,20.0,1,14340,1,1,0,0,1,0,0,0,0,0,0,0,0,1
1423,8,44f9aabc67eb7008,0.812313,20.0,1,14177,1,1,0,0,1,0,0,0,0,0,0,0,0,0
1424,8,a1ce1eaafebfd3ce,0.610261,20.0,1,14392,1,1,0,0,1,0,0,0,0,0,0,0,0,1
1425,8,916be778b1eec2f9,1.502119,20.0,1,14246,2,1,0,0,0,0,0,0,0,0,0,0,0,1
1426,8,f472c1bb3c747fcf,2.172139,18.754018,1,14481,1,0,0,0,1,0,0,0,0,0,0,0,0,0
1427,8,7226066107016730,0.589329,17.583791,1,14481,0,1,0,0,1,0,0,0,0,0,0,0,0,0
1428,8,2b45e9f3c500a37f,0.442741,20.0,1,14628,1,1,0,0,1,0,0,0,0,0,0,0,0,1
1429,9,1fd48474a6be9a50,0.332615,15.151264,0,14005,1,1,0,0,0,0,0,0,0,0,0,0,0,0
1430,9,0b198662efcfc49a,1.294282,18.35497,1,14075,1,0,0,0,1,0,0,0,0,0,0,0,0,1
1431,9,fcbdd03152747088,2.015999,20.0,1,14199,2,1,0,0,1,0,0,0,0,0,0,0,0,1
1432,9,c7b8a2a9fab59ea4,2.558198,15.586515,0,14250,1,0,0,0,0,0,0,0,0,0,0,0,0,0
1433,9,241e6acbb414e8f5,1.921878,18.667255,1,14285,1,1,0,0,1,0,0,0,0,0,0,0,0,1
1434,9,fc64a472a0076c97,2.48943,17.518543,1,13997,1,0,0,0,0,0,0,0,0,0,0,0,0,1
1435,9,1e870741cfb1004d,1.870216,16.639871,1,14120,1,1,0,0,1,0,0,0,0,0,0,0,0,0
1436,9,bf57db00a494f005,1.405023,19.458602,1,14264,1,1,0,0,1,0,0,0,0,0,0,0,0,1
1437,9,b9cebc1ba6e23f90,2.100748,18.113648,1,13906,1,0,0,0,0,0,0,0,0,0,0,0,0,1
1438,9,e665c14bbc29de1b,2.621867,20.0,1,14252,2,1,0,0,1,0,0,0,0,0,0,0,0,1
1439,9,e769dc1986223560,1.969711,20.0,1,14185,1,1,0,0,1,0,0,0,0,0,0,0,0,1
1440,9,1dc6f86b0f28f527,1.47977,20.0,1,14146,1,1,0,0,1,0,0,0,0,0,0,0,0,0
1441,9,83171efae161e4f9,1.112808,18.756272,1,13963,1,1,0,0,0,0,0,0,0,0,0,0,0,1
1442,9,d0f092e334d1b579,1.879664,20.0,1,14132,1,0,0,0,1,0,0,0,0,0,0,0,0,1
1443,9,3c72e9f66e532470,1.412122,19.291852,1,13974,1,1,0,0,1,0,0,0,0,0,0,0,0,0
1444,9,1fdd04fc4bd3a35e,2.106086,20.0,1,14079,2,1,0,0,1,0,0,0,0,0,0,0,0,1
1445,9,1ea3379f3547fd92,1.582224,20.0,1,13910,1,1,0,0,1,0,0,0,0,0,0,0,0,1
1446,9,f2433026cfae9a47,2.232319,20.0,1,14115,1,0,0,0,0,0,0,0,0,0,0,0,0,1
1447,9,d0cc26dd4ca1a8f2,1.677058,20.0,1,14164,1,1,0,0,1,0,0,0,0,0,0,0,0,1
1448,9,38a3c7ee0e61cf29,1.261171,20.0,1,13795,1,1,0,0,1,0,0,0,0,0,0,0,0,0
1449,9,e64373de38c1d3e1,1.991124,18.86231,1,13937,1,0,0,0,0,0,0,0,0,0,0,0,0,1
1450,9,7addd6445d78c1a4,1.495857,17.649393,1,13776,1,1,0,0,1,0,0,0,0,0,0,0,0,0
1451,9,32a2c7ad3446fe7a,1.124906,20.0,1,13838,1,1,0,0,1,0,0,0,0,0,0,0,0,1
1452,9,c2ddba3954d1d184,1.888753,20.0,1,13891,2,1,0,0,1,0,0,0,0,0,0,0,0,1
1453,9,6665faed5439f816,1.41895,20.0,1,13886,1,1,0,0,1,0,0,0,0,0,0,0,0,1
1454,9,e2ced52540714a46,2.109657,17.733173,0,13909,1,0,0,0,0,0,0,0,0,0,0,0,0,0
1455,9,609fe1b042bd7177,1.586492,20.0,1,13836,1,1,0,0,1,0,0,0,0,0,0,0,0,1
1456,9,a841332a0fc6c3b7,1.191872,18.726923,1,13904,1,1,0,0,1,0,0,0,0,0,0,0,0,0
1457,9,55f4672a66ea5f47,0.895409,17.547682,1,14022,1,1,0,0,0,0,0,0,0,0,0,0,0,1
1458,9,c0bd9a34ec0d85ea,1.717511,16.676609,1,13802,1,0,0,0,1,0,0,0,0,0,0,0,0,0
1459,9,aabefe6d1a5d48da,1.290302,19.486202,1,13733,1,1,0,0,1,0,0,0,0,0,0,0,0,1
1460,9,3a430dc208632016,2.013009,14.639255,0,13820,1,0,0,0,0,0,0,0,0,0,0,0,0,0
1461,9,80aa2168e796d8f4,2.555952,17.955614,1,13942,2,1,0,0,1,0,0,0,0,0,0,0,0,1
1462,9,f7ccb287b0e2aba7,1.922112,20.0,1,13913,1,1,0,0,1,0,0,0,0,0,0,0,0,1
1463,9,2112fa62c82cb6c3,2.487664,18.852593,1,13860,1,0,0,0,0,0,0,0,0,0,0,0,0,1
1464,9,542d2ce96e80afc1,1.868889,20.0,1,13920,1,1,0,0,1,0,0,0,0,0,0,0,0,1
1465,9,6e60a9a40289d397,1.405431,19.363748,1,13878,1,1,0,0,1,0,0,0,0,0,0,0,0,0
1466,9,0d28e31d51bf6ee7,2.099501,18.026104,1,13926,1,0,0,0,0,0,0,0,0,0,0,0,0,1
1467,9,1cc2b0b192026c8b,1.577277,17.021183,1,13939,1,1,0,0,1,0,0,0,0,0,0,0,0,0
1468,9,1248b02762c2799a,2.228603,19.745067,1,13899,2,1,0,0,1,0,0,0,0,0,0,0,0,1
1469,9,3686db50da6353c5,2.720091,18.329074,1,13845,1,0,0,0,0,0,0,0,0,0,0,0,0,1
1470,9,07a5e51a719ae67e,2.043503,17.248793,1,13865,1,1,0,0,1,0,0,0,0,0,0,0,0,0
1471,9,f655ac8ba190f916,1.535207,16.437218,1,13879,1,1,0,0,0,0,0,0,0,0,0,0,0,1
1472,9,df4636fa5bc0dabb,2.198648,15.841524,1,13879,1,0,0,0,1,0,0,0,0,0,0,0,0,0
1473,9,1c757de92bdadf2e,1.651762,18.858833,1,14030,1,1,0,0,1,0,0,0,0,0,0,0,0,1
1474,9,fadc674e98d26e7a,1.240907,17.646781,1,13945,1,1,0,0,1,0,0,0,0,0,0,0,0,0
1475,9,b060c27d5d82a438,1.975901,16.736211,1,14015,1,0,0,0,0,0,0,0,0,0,0,0,0,1
1476,9,3e83494758863f57,1.485905,16.066371,1,14026,1,1,0,0,1,0,0,0,0,0,0,0,0,0
1477,9,47e28f4ad82b74ba,2.159959,19.027753,1,13917,2,1,0,0,1,0,0,0,0,0,0,0,0,1
1478,9,517cd9eef193deb6,2.666349,17.773684,1,14004,1,0,0,0,0,0,0,0,0,0,0,0,0,1
1479,9,2cb5d07246dfbbe3,2.005133,20.0,1,13997,1,1,0,0,1,0,0,0,0,0,0,0,0,1
1480,9,d9410da540952eba,1.506381,18.74981,1,13823,1,1,0,0,1,0,0,0,0,0,0,0,0,0
1481,9,871f8b3aad28f122,1.131688,20.0,1,13949,1,1,0,0,1,0,0,0,0,0,0,0,0,1
1482,9,7947c2ede8685cc5,0.850195,19.288205,1,14012,1,1,0,0,1,0,0,0,0,0,0,0,0,0
1483,9,a216920c73e91809,1.683509,17.985507,1,14064,1,0,0,0,0,0,0,0,0,0,0,0,0,1
1484,9,a21e49f92b139637,1.264757,20.0,1,14051,1,1,0,0,1,0,0,0,0,0,0,0,0,1
1485,9,4cda4847fad63b8e,0.950165,18.856836,1,13951,1,1,0,0,1,0,0,0,0,0,0,0,0,0
1486,9,9d585e5e02f0bf39,0.714538,20.0,1,13973,1,1,0,0,1,0,0,0,0,0,0,0,0,1
1487,9,b3aaea1d98938d88,1.580459,19.361748,1,14114,1,0,0,0,0,0,0,0,0,0,0,0,0,1
1488,9,570104e6038a27ba,1.18734,18.024602,1,14175,1,1,0,0,1,0,0,0,0,0,0,0,0,0
1489,9,8f6131cee13c3be4,0.892004,20.0,1,15179,1,1,0,0,1,0,0,0,0,0,0,0,0,1
1490,9,9852f06e0716f2e6,1.71495,18.895966,1,14767,1,0,0,0,0,0,0,0,0,0,0,0,0,1
1491,9,29c46747397b015a,1.288378,17.674677,1,15034,1,1,0,0,1,0,0,0,0,0,0,0,0,0
1492,9,e44f8b3f8355a971,0.96791,20.0,1,14392,1,1,0,0,1,0,0,0,0,0,0,0,0,1
1493,9,c2065c3af30fc196,1.772033,18.698272,1,15389,2,1,0,0,0,0,0,0,0,0,0,0,0,1
1494,9,f1e2073d482810b1,2.374915,20.0,1,15177,1,0,0,0,1,0,0,0,0,0,0,0,0,1
1495,9,2f0b75a626212b5f,1.784185,19.259117,1,14956,1,1,0,0,1,0,0,0,0,0,0,0,0,0
1496,9,3bff09d1ec698d29,2.384045,17.947499,1,14703,1,0,0,0,0,0,0,0,0,0,0,0,0,1
1497,9,dfa866499880a308,1.792836,20.0,1,14482,1,1,0,0,1,0,0,0,0,0,0,0,0,1
1498,9,30b0f77d6436cfd4,2.390544,18.848009,1,14377,2,1,0,0,1,0,0,0,0,0,0,0,0,0
1499,9,5d2157f2c1228560,1.795926,20.0,1,14265,1,1,0,0,1,0,0,0,0,0,0,0,0,1
1500,9,9e16f70676223d23,2.394713,19.361158,1,13919,1,0,0,0,0,0,0,0,0,0,0,0,0,1
1501,9,09ba666c221a0d8d,1.799058,18.024159,1,13959,1,1,0,0,1,0,0,0,0,0,0,0,0,0
1502,9,352a7aa9c07d7f90,1.351565,20.0,1,14316,1,1,0,0,1,0,0,0,0,0,0,0,0,1
1503,9,c1104ca29a89112a,1.01538,18.878651,1,14006,1,1,0,0,1,0,0,0,0,0,0,0,0,0
1504,9,4a4ea3d53e03ae23,0.76358,20.0,1,13891,1,1,0,0,1,0,0,0,0,0,0,0,0,1
1505,9,8a27f04150d4cfca,1.617303,19.374072,1,14186,2,1,0,0,0,0,0,0,0,0,0,0,0,1
1506,9,21662a3c0d0d716a,2.258673,20.0,1,14110,1,0,0,0,1,0,0,0,0,0,0,0,0,1
1507,9,39163f934dbfe4e0,1.698554,19.658363,1,14029,1,1,0,0,1,0,0,0,0,0,0,0,0,0
1508,9,67c4c37b66ef7854,1.27606,20.0,1,14167,1,1,0,0,1,0,0,0,0,0,0,0,0,1
1509,9,6e81bb0111d2a03d,2.00231,16.322143,0,14139,1,0,0,0,0,0,0,0,0,0,0,0,0,0
1510,9,972d3ef0a3003152,2.547914,19.219905,1,14071,2,1,0,0,1,0,0,0,0,0,0,0,0,1
1511,9,f760416388d53e30,1.916067,20.0,1,14016,1,1,0,0,1,0,0,0,0,0,0,0,0,1
1512,9,d463cc08d684ccea,1.43947,20.0,1,14257,1,1,0,0,1,0,0,0,0,0,0,0,0,1
1513,9,ead2af1a5bf645e2,2.125073,17.313382,0,14082,1,0,0,0,0,0,0,0,0,0,0,0,0,0
1514,9,2ee46e07cbe3c94d,1.598085,19.980913,1,13986,1,1,0,0,1,0,0,0,0,0,0,0,0,1
1515,9,422d390b565800d1,1.200582,18.489758,1,14089,1,1,0,0,1,0,0,0,0,0,0,0,0,0
1516,9,11f5f436ab250ad2,0.901952,20.0,1,14164,1,1,0,0,1,0,0,0,0,0,0,0,0,1
1517,9,bf1527321ec0138c,0.677603,20.0,1,14191,1,1,0,0,1,0,0,0,0,0,0,0,0,1
1518,9,55f1ed696d7d7cb1,1.553718,17.010771,0,14283,1,0,0,0,0,0,0,0,0,0,0,0,0,0
1519,9,b1bed0b582f6bb65,1.16725,19.737245,1,14505,1,1,0,0,1,0,0,0,0,0,0,0,0,1
1520,9,28c4a9d38f412e65,0.876911,20.0,1,14625,1,1,0,0,1,0,0,0,0,0,0,0,0,1
1521,9,066cff3d49b06c01,1.7036,16.383039,0,14485,1,0,0,0,0,0,0,0,0,0,0,0,0,0
1522,9,04f5035b71c6a47b,1.279851,19.265654,1,14275,1,1,0,0,1,0,0,0,0,0,0,0,0,1
1523,9,197bb2bc20462dd8,2.005158,20.0,1,14300,2,1,0,0,1,0,0,0,0,0,0,0,0,1
1524,9,ca4cac3c8e1a44fd,2.550053,16.1005,0,14289,1,0,0,0,0,0,0,0,0,0,0,0,0,0
1525,9,86add56d20b2a992,1.917676,19.068809,1,14340,1,1,0,0,1,0,0,0,0,0,0,0,0,1
1526,9,4de60e169ec6fb28,1.440679,20.0,1,14449,1,1,0,0,1,0,0,0,0,0,0,0,0,1
1527,9,115b2b434d05bb77,1.082328,19.468247,1,14366,1,1,0,0,1,0,0,0,0,0,0,0,0,0
1528,9,97be25da26d39cb4,0.813926,20.0,1,14412,1,1,0,0,1,0,0,0,0,0,0,0,0,1
1529,9,14fce6fee0f49fae,0.611472,16.228326,0,14381,1,1,0,0,0,0,0,0,0,0,0,0,0,0
1530,9,b8aab18061b7c012,0.459376,19.149424,1,14375,1,1,0,0,1,0,0,0,0,0,0,0,0,1
1531,9,2fda8ba76fe65e09,2.432419,20.0,1,14120,2,0,0,0,1,0,0,0,0,0,0,0,0,1
1532,9,c63782ccdd654753,1.829214,20.0,1,14362,1,1,0,0,1,0,0,0,0,0,0,0,0,1
1533,9,1c4781a720cee1c6,1.37422,20.0,1,14357,1,1,0,0,1,0,0,0,0,0,0,0,0,0
1534,9,ad60108f20a3df23,1.0324,19.08021,1,14325,1,1,0,0,0,0,0,0,0,0,0,0,0,1
1535,9,dbbea8ffef5e5189,1.82053,20.0,1,14370,1,0,0,0,1,0,0,0,0,0,0,0,0,1
1536,9,cb570c39fb87b48b,2.41135,20.0,1,14297,2,1,0,0,1,0,0,0,0,0,0,0,0,1
1537,9,241518b3b5c9d246,1.811557,20.0,1,14398,1,1,0,0,1,0,0,0,0,0,0,0,0,1
1538,9,047b75ca149d71f7,1.360955,20.0,1,14084,1,1,0,0,1,0,0,0,0,0,0,0,0,0
1539,9,088ac63bd0407a63,2.067608,19.775334,1,14227,1,0,0,0,0,0,0,0,0,0,0,0,0,1
1540,9,2e874b25835fa3a5,1.553317,18.335314,1,14313,1,1,0,0,1,0,0,0,0,0,0,0,0,0
1541,9,65ef939757159892,1.166949,20.0,1,14273,1,1,0,0,1,0,0,0,0,0,0,0,0,1
1542,9,02900eea0c571c2b,1.921713,15.591004,0,14132,1,0,0,0,0,0,0,0,0,0,0,0,0,0
1543,9,23d8d185709c88c3,1.443711,18.670627,1,14256,1,1,0,0,1,0,0,0,0,0,0,0,0,1
1544,9,c1c3ec91446b7b1a,2.128259,20.0,1,14130,2,1,0,0,1,0,0,0,0,0,0,0,0,1
1545,9,baecd2fb841d84d4,1.598882,20.0,1,14376,1,1,0,0,1,0,0,0,0,0,0,0,0,1
1546,9,a2fdc5147b7a6ce6,0.158231,17.087538,0,14255,0,1,0,0,0,0,0,0,0,0,0,0,0,0
1547,9,6824350144f7aecb,1.162527,16.316073,1,14430,1,0,0,0,1,0,0,0,0,0,0,0,0,0
1548,9,bfb66f23b8ea9a14,0.873363,19.215345,1,14698,1,1,0,0,1,0,0,0,0,0,0,0,0,1
1549,9,6268fd1dde37f439,1.700932,20.0,1,14591,2,1,0,0,1,0,0,0,0,0,0,0,0,1
1550,9,c0f555025b5c633a,1.277846,20.0,1,14674,1,1,0,0,1,0,0,0,0,0,0,0,0,1
1551,9,12067355e4cba5fd,2.003652,17.311446,0,14595,1,0,0,0,0,0,0,0,0,0,0,0,0,0
1552,9,114b09c49af7a784,1.505269,19.963132,1,14591,1,1,0,0,1,0,0,0,0,0,0,0,0,1
1553,9,48e2dd29a6a989be,2.176134,18.493061,1,14475,1,0,0,0,0,0,0,0,0,0,0,0,0,1
1554,9,ea6c01ce073ebc18,1.634848,17.37199,1,14630,1,1,0,0,1,0,0,0,0,0,0,0,0,0
1555,9,c24700f1e7000a8f,2.271854,16.529771,1,14463,1,0,0,0,0,0,0,0,0,0,0,0,0,1
1556,9,75bd1ff590af47d8,2.752617,19.391627,1,14463,2,1,0,0,1,0,0,0,0,0,0,0,0,1
1557,9,327116c271dc2a0b,2.067938,20.0,1,14384,1,1,0,0,1,0,0,0,0,0,0,0,0,1
1558,9,abc15d70e610f623,2.597218,19.650444,1,14318,1,0,0,0,0,0,0,0,0,0,0,0,0,1
1559,9,42cce85afd41fae2,1.951193,18.241488,1,14321,1,1,0,0,1,0,0,0,0,0,0,0,0,0
1560,9,09bfd6ce1c4f3d8e,2.511475,20.0,1,14088,2,1,0,0,1,0,0,0,0,0,0,0,0,1
1561,9,b55e8ffacfd016a4,1.886777,20.0,1,14280,1,1,0,0,1,0,0,0,0,0,0,0,0,1
1562,9,48e9762a55f72439,2.461119,20.0,1,14245,1,0,0,0,0,0,0,0,0,0,0,0,0,1
1563,9,fab076c713c0dd8f,1.850796,20.0,1,13918,1,1,0,0,1,0,0,0,0,0,0,0,0,1
1564,9,1fc57e52f65441f3,1.390434,20.0,1,14075,1,1,0,0,1,0,0,0,0,0,0,0,0,0
1565,9,41c8502a4b5096ae,2.088235,20.0,1,14132,2,1,0,0,1,0,0,0,0,0,0,0,0,1
1566,9,04264219273f00f7,2.612466,20.0,1,13919,1,0,0,0,0,0,0,0,0,0,0,0,0,1
1567,9,2c15fad0aef85f01,1.964612,20.0,1,14097,1,1,0,0,1,0,0,0,0,0,0,0,0,1
1568,9,50b824ca23ecb851,1.475939,20.0,1,14017,1,1,0,0,1,0,0,0,0,0,0,0,0,1
1569,9,84dfdb857c090291,1.108818,20.0,1,13895,1,1,0,0,1,0,0,0,0,0,0,0,0,0
1570,9,66c4a9b17df16ab8,1.877997,19.403298,1,13926,1,0,0,0,0,0,0,0,0,0,0,0,0,1
1571,9,f952ebb3f11308bd,2.454523,20.0,1,14000,2,1,0,0,1,0,0,0,0,0,0,0,0,1
1572,9,cedd0714675add9b,1.843991,19.65703,1,14024,1,1,0,0,1,0,0,0,0,0,0,0,0,0
1573,9,6a4e3b30f8b59277,1.385322,20.0,1,14188,1,1,0,0,1,0,0,0,0,0,0,0,0,1
1574,9,14f3dc75608f6f8d,1.041782,16.337721,0,13933,1,1,0,0,0,0,0,0,0,0,0,0,0,0
1575,9,3588ef7901bb3bff,1.826305,19.231608,1,13715,1,0,0,0,1,0,0,0,0,0,0,0,0,1
1576,9,88a2878a09da1f90,1.372035,20.0,1,13930,1,1,0,0,1,0,0,0,0,0,0,0,0,1
1577,9,1945941c6de8068f,1.03179,19.577876,1,13921,1,1,0,0,1,0,0,0,0,0,0,0,0,0
1578,9,9fc8cc2481b73611,0.775145,18.186971,1,14122,1,1,0,0,0,0,0,0,0,0,0,0,0,1
1579,9,f470d6c2825ed526,1.625991,20.0,1,13832,1,0,0,0,1,0,0,0,0,0,0,0,0,1
1580,9,cc3e15345951037e,1.221546,18.970541,1,13959,1,1,0,0,1,0,0,0,0,0,0,0,0,0
1581,9,4360d39b7aed7373,1.962771,17.746619,1,13979,1,0,0,0,0,0,0,0,0,0,0,0,0,1
1582,9,7dd518ebbd6cbb5e,2.51821,20.0,1,13911,2,1,0,0,1,0,0,0,0,0,0,0,0,1
1583,9,02353af1934faa42,1.891837,18.722008,1,13996,1,1,0,0,1,0,0,0,0,0,0,0,0,0
1584,9,d89a2f9d73a8588e,2.466839,17.559719,1,14035,1,0,0,0,0,0,0,0,0,0,0,0,0,1
1585,9,5f1413fa08fe8e25,1.853244,20.0,1,13883,1,1,0,0,1,0,0,0,0,0,0,0,0,1
1586,9,5bb95371b6cb3085,1.392273,18.616523,1,13934,1,1,0,0,1,0,0,0,0,0,0,0,0,0
1587,9,9a886e70cce6f48d,3.133269,17.464742,1,13869,2,0,0,0,0,0,0,0,0,0,0,0,0,1
1588,9,953c8a8c1bfb44d1,2.356263,20.0,1,14179,1,1,0,0,1,0,0,0,0,0,0,0,0,1
1589,9,c60ab5d371cb6dbd,1.770172,20.0,1,13788,1,1,0,0,1,0,0,0,0,0,0,0,0,1
1590,9,a3ce878980947308,2.373518,20.0,1,14128,2,1,0,0,1,0,0,0,0,0,0,0,0,1
1591,9,e1622140268502ff,1.784919,20.0,1,14096,1,1,0,0,1,0,0,0,0,0,0,0,0,1
1592,9,80c420fcde5b2376,2.384596,18.520864,0,14092,1,0,0,0,0,0,0,0,0,0,0,0,0,0
1593,9,71666303004c43d6,1.791458,20.0,1,13978,1,1,0,0,1,0,0,0,0,0,0,0,0,1
1594,9,71cd9d98a16f4232,1.345856,20.0,1,14134,1,1,0,0,1,0,0,0,0,0,0,0,0,1
1595,9,0a411613968edfc2,1.012103,20.0,1,14015,1,1,0,0,1,0,0,0,0,0,0,0,0,1
1596,9,3d878998b250a99f,2.847662,20.0,1,14096,2,0,0,0,0,0,0,0,0,0,0,0,0,1
1597,9,a297601d68ae7731,2.139342,20.0,1,14138,1,1,0,0,1,0,0,0,0,0,0,0,0,1
1598,9,200367be5d31b3a9,1.608815,20.0,1,14025,1,1,0,0,1,0,0,0,0,0,0,0,0,0
1599,9,5134399e720ec30e,1.208643,19.148844,1,14014,1,1,0,0,0,0,0,0,0,0,0,0,0,1
1600,9,b13e65edd381f746,1.951662,17.864656,1,14115,1,0,0,0,1,0,0,0,0,0,0,0,0,0
1601,9,ecde7c48f15d0c4a,2.509864,20.0,1,14000,2,1,0,0,1,0,0,0,0,0,0,0,0,1
1602,9,8b218320bbe3e233,1.887453,20.0,1,14093,1,1,0,0,1,0,0,0,0,0,0,0,0,1
1603,9,67efd45e1964b3e9,1.417973,20.0,1,13904,1,1,0,0,1,0,0,0,0,0,0,0,0,1
1604,9,be274e3d9683d89e,2.108924,17.805229,0,14147,1,0,0,0,0,0,0,0,0,0,0,0,0,0
1605,9,ba06c34cd3abee9a,1.585941,20.0,1,14013,1,1,0,0,1,0,0,0,0,0,0,0,0,1
1606,9,158c804fffb5c6a2,1.191458,18.767632,1,14290,1,1,0,0,1,0,0,0,0,0,0,0,0,0
1607,9,486666c5aa33e017,0.895098,17.578265,1,14223,1,1,0,0,0,0,0,0,0,0,0,0,0,1
1608,9,d8ce3545f373b48d,1.716107,16.684738,1,14373,1,0,0,0,1,0,0,0,0,0,0,0,0,0
1609,9,891d6b4bbbb121c2,1.290537,16.027662,1,14246,1,1,0,0,0,0,0,0,0,0,0,0,0,1
1610,9,e6a34de6c5392f9a,2.013185,15.519828,1,14422,1,0,0,0,1,0,0,0,0,0,0,0,0,0
1611,9,c2fdd79eec4f4d6c,1.512431,18.617156,1,14150,1,1,0,0,1,0,0,0,0,0,0,0,0,1
1612,9,73628d2e67deec69,1.13737,17.480868,1,14282,1,1,0,0,0,0,0,0,0,0,0,0,0,1
1613,9,434cf2db20dff390,1.898117,16.611567,1,14048,1,0,0,0,1,0,0,0,0,0,0,0,0,0
1614,9,565272c569edfdfc,2.469637,19.437339,1,14240,2,1,0,0,1,0,0,0,0,0,0,0,0,1
1615,9,23f0ed23a042569d,2.899,18.08139,1,14207,1,0,0,0,0,0,0,0,0,0,0,0,0,1
1616,9,abe3b2e1e9ac8ca3,2.180089,20.0,1,14206,1,1,0,0,1,0,0,0,0,0,0,0,0,1
1617,9,30c1ef412897e86b,2.681473,15.444807,0,14163,1,0,0,0,0,0,0,0,0,0,0,0,0,0
1618,9,9ca2cd94d1cfdea1,2.01449,18.560795,1,14263,1,1,0,0,1,0,0,0,0,0,0,0,0,1
1619,9,57b8b45fd0743a61,2.559076,20.0,1,14253,2,1,0,0,1,0,0,0,0,0,0,0,0,1
1620,9,220d666e80a7c2eb,1.922538,19.194497,1,14097,1,1,0,0,1,0,0,0,0,0,0,0,0,0
1621,9,ce507ed442b9258d,1.444331,20.0,1,14134,1,1,0,0,1,0,0,0,0,0,0,0,0,1
1622,9,60a9ad034a1d4d4a,2.128725,16.06034,0,14063,1,0,0,0,0,0,0,0,0,0,0,0,0,0
1623,9,0905c21317e13c85,1.600832,19.038608,1,13971,1,1,0,0,1,0,0,0,0,0,0,0,0,1
1624,9,3f473092fc5b3f0b,1.202645,20.0,1,14153,1,1,0,0,1,0,0,0,0,0,0,0,0,1
1625,9,23416ebf4bb44171,0.903502,19.451201,1,13999,1,1,0,0,1,0,0,0,0,0,0,0,0,0
1626,9,0f77c03fc23dd845,2.767748,18.108082,1,14154,2,0,0,0,0,0,0,0,0,0,0,0,0,1
1627,9,6b2161a24845743c,1.035652,20.0,1,13730,0,1,0,0,1,0,0,0,0,0,0,0,0,1
1628,9,accdb09621daaa9f,1.8217,20.0,1,13968,2,1,0,0,1,0,0,0,0,0,0,0,0,1
1629,9,e7aa271b96000509,1.368575,20.0,1,13820,1,1,0,0,1,0,0,0,0,0,0,0,0,1
1630,9,8bba42b7ee927c4f,2.073338,17.890136,0,13834,1,0,0,0,0,0,0,0,0,0,0,0,0,0
1631,9,1850b86762b6a0ff,1.557622,20.0,1,13873,1,1,0,0,1,0,0,0,0,0,0,0,0,1
1632,9,cb43c894ea4526e1,1.170183,18.803009,1,13968,1,1,0,0,1,0,0,0,0,0,0,0,0,0
1633,9,39a3c51e2f6cef41,1.924145,17.620632,1,13794,1,0,0,0,0,0,0,0,0,0,0,0,0,1
1634,9,c743c8d8d244668b,1.445538,16.716567,1,13800,1,1,0,0,1,0,0,0,0,0,0,0,0,0
1635,9,b474a5519ba55f5f,1.085979,19.516221,1,13722,1,1,0,0,1,0,0,0,0,0,0,0,0,1
1636,9,7a69a469a3f03974,0.815855,18.140652,1,13648,1,1,0,0,1,0,0,0,0,0,0,0,0,0
1637,9,b455d8ac6339acbb,1.657685,17.12253,1,13726,1,0,0,0,0,0,0,0,0,0,0,0,0,1
1638,9,bfac3001535073c2,1.245357,16.342361,1,13372,1,1,0,0,1,0,0,0,0,0,0,0,0,0
1639,9,372a236e3f210436,0.93559,15.75625,1,13534,1,1,0,0,0,0,0,0,0,0,0,0,0,1
1640,9,5a2ba229e4abf30d,1.747728,15.329426,1,13511,1,0,0,0,1,0,0,0,0,0,0,0,0,0
1641,9,7d9db3ba19d3a9ca,1.313002,18.474114,1,13889,1,1,0,0,1,0,0,0,0,0,0,0,0,1
1642,9,5419133db127a5ae,2.030063,17.357756,1,13726,1,0,0,0,0,0,0,0,0,0,0,0,0,1
1643,9,5308a59c9c1154f9,1.52511,16.519077,1,13687,1,1,0,0,1,0,0,0,0,0,0,0,0,0
1644,9,f97c10f85e32ca3c,3.235206,15.903083,1,13571,2,0,0,0,0,0,0,0,0,0,0,0,0,1
1645,9,fe7cf20a1aab92a3,2.430489,15.426237,1,13644,1,1,0,0,1,0,0,0,0,0,0,0,0,0
1646,9,f56ecff165f4a3a0,1.825936,18.546844,1,13738,1,1,0,0,1,0,0,0,0,0,0,0,0,1
1647,9,67edb6e9b90c57e4,2.41728,17.427993,1,13602,1,0,0,0,0,0,0,0,0,0,0,0,0,1
1648,9,b3086e60312efc7b,1.816012,16.571844,1,13700,1,1,0,0,1,0,0,0,0,0,0,0,0,0
1649,9,efd9a0b38ba88754,2.407955,20.0,1,14021,2,1,0,0,1,0,0,0,0,0,0,0,0,2
1650,9,591d783c02279664,1.809007,20.0,1,13621,1,1,0,0,1,0,0,0,0,0,0,0,0,0
1651,9,702d91c3b178db02,1.360399,19.026514,1,13685,1,1,0,0,0,0,0,0,0,0,0,0,0,1
1652,9,18c1ceb7856f85a2,2.06567,20.0,1,13782,1,0,0,0,1,0,0,0,0,0,0,0,0,1
1653,9,5de8e949a997e10b,2.595514,20.0,1,13745,2,1,0,0,1,0,0,0,0,0,0,0,0,1
1654,9,7ff11cfcdb98bdec,1.951864,20.0,1,13536,1,1,0,0,1,0,0,0,0,0,0,0,0,0
1655,9,2a2505017a3e4859,1.466362,20.0,1,13445,1,1,0,0,1,0,0,0,0,0,0,0,0,1
1656,9,2f678564651ad8e5,2.145276,20.0,1,13341,1,0,0,0,0,0,0,0,0,0,0,0,0,1
1657,9,518ce9c7bc95b243,1.611666,18.804345,1,13563,1,1,0,0,1,0,0,0,0,0,0,0,0,0
1658,9,5ecf73857acdef32,1.211996,20.0,1,13569,1,1,0,0,1,0,0,0,0,0,0,0,0,1
1659,9,382797dcfc3f8362,0.910527,19.332092,1,13667,1,1,0,0,1,0,0,0,0,0,0,0,0,0
1660,9,a2aa6c388333c5c9,2.771352,18.002323,1,13776,2,0,0,0,0,0,0,0,0,0,0,0,0,1
1661,9,894188e79a20d12e,2.084096,20.0,1,13868,1,1,0,0,1,0,0,0,0,0,0,0,0,1
1662,9,9ca1749fc258c8b4,1.565703,20.0,1,13562,1,1,0,0,1,0,0,0,0,0,0,0,0,1
1663,9,5e6abc860afe3d6e,1.176254,16.796599,0,13827,1,1,0,0,0,0,0,0,0,0,0,0,0,0
1664,9,9a09569344677402,1.927329,19.576346,1,13848,1,0,0,0,1,0,0,0,0,0,0,0,0,1
1665,9,d1ac6510874f55c1,1.449379,18.202193,1,13621,1,1,0,0,1,0,0,0,0,0,0,0,0,0
1666,9,87d75a49d8cfce37,1.088864,20.0,1,14024,1,1,0,0,1,0,0,0,0,0,0,0,0,1
1667,9,62eb00765e520f5d,1.861676,15.500288,0,13890,1,0,0,0,0,0,0,0,0,0,0,0,0,0
1668,9,5a0801925fcbcd4c,1.400007,18.617441,1,14010,1,1,0,0,1,0,0,0,0,0,0,0,0,1
1669,9,795e91631de268c1,1.051773,17.465432,1,14767,1,1,0,0,1,0,0,0,0,0,0,0,0,0
1670,9,f7dd41abad7fdbb2,1.833811,16.599971,1,14786,1,0,0,0,0,0,0,0,0,0,0,0,0,1
1671,9,753daa817853868e,1.377674,15.949782,1,14445,1,1,0,0,1,0,0,0,0,0,0,0,0,0
1672,9,0040e2f2dbf5e163,2.080181,15.474965,1,14551,1,0,0,0,0,0,0,0,0,0,0,0,0,1
1673,9,d64b5198b9030890,1.562762,18.583452,1,16325,1,1,0,0,1,0,0,0,0,0,0,0,0,1
1674,9,3feeaaae0adf8045,2.217698,13.961053,0,16300,1,0,0,0,0,0,0,0,0,0,0,0,0,0
1675,9,fc6dd07ef2e80954,2.711891,17.459914,1,16167,2,1,0,0,1,0,0,0,0,0,0,0,0,1
1676,9,8e5134323c5f8f55,2.037342,20.0,1,16179,1,1,0,0,1,0,0,0,0,0,0,0,0,1
1677,9,591ec058f1454556,2.574233,18.560193,1,16402,1,0,0,0,0,0,0,0,0,0,0,0,0,1
1678,9,b636069ed547efbb,2.977578,20.0,1,15830,2,1,0,0,1,0,0,0,0,0,0,0,0,1
1679,9,b561e764048ce259,2.239181,20.0,1,16024,1,1,0,0,1,0,0,0,0,0,0,0,0,1
1680,9,783f63c72d001dae,1.682213,17.037926,0,15454,1,1,0,0,0,0,0,0,0,0,0,0,0,0
1681,9,a81a763d41ccba09,3.351091,19.757646,1,15168,2,0,0,0,1,0,0,0,0,0,0,0,0,1
1682,9,75c33276f23044a2,2.520068,20.0,1,14777,1,1,0,0,1,0,0,0,0,0,0,0,0,1
1683,9,c73b42b788f0507e,1.893233,19.87067,1,15181,1,1,0,0,0,0,0,0,0,0,0,0,0,1
1684,9,7ede5cbc8ef2f556,3.509622,20.0,1,14538,2,0,0,0,1,0,0,0,0,0,0,0,0,1
1685,9,ae2309a4dfca7522,2.636648,19.920813,1,13449,1,1,0,0,1,0,0,0,0,0,0,0,0,0
1686,9,0c31ac22aff5aa8d,1.982797,20.0,1,12945,1,1,0,0,1,0,0,0,0,0,0,0,0,1
1687,9,e4ba280806f74950,1.489601,16.484008,0,13632,1,1,0,0,0,0,0,0,0,0,0,0,0,0
1688,9,0b38e2b604a57a3c,2.162735,19.341508,1,13563,1,0,0,0,1,0,0,0,0,0,0,0,0,1
1689,9,97be64f2cdc4ed58,1.626407,20.0,1,13634,1,1,0,0,1,0,0,0,0,0,0,0,0,1
1690,9,089ac3e4d51ebfad,1.221859,19.635568,1,13550,1,1,0,0,1,0,0,0,0,0,0,0,0,0
1691,9,f400d6025306dcb3,0.917937,18.230313,1,13553,1,1,0,0,0,0,0,0,0,0,0,0,0,1
1692,9,29d70e78c7e96d29,2.776919,20.0,1,13352,2,0,0,0,1,0,0,0,0,0,0,0,0,1
1693,9,cf88db0fd90c8aae,2.088282,19.012184,1,13168,1,1,0,0,1,0,0,0,0,0,0,0,0,0
1694,9,1ad6ba1fc858da4a,1.568848,20.0,1,13455,1,1,0,0,1,0,0,0,0,0,0,0,0,1
1695,9,8893e3fd88e39e6b,1.178617,15.957443,0,13223,1,1,0,0,0,0,0,0,0,0,0,0,0,0
1696,9,c993e82b7de19abe,0.886337,20.0,1,13004,1,1,0,0,2,0,0,0,0,0,0,0,0,1
1697,9,a1637c574c5d3a95,1.709525,16.859633,0,13189,1,0,0,0,0,0,0,0,0,0,0,0,0,0
1698,9,d80867aa55287000,1.284302,19.623701,1,13612,1,1,0,0,1,0,0,0,0,0,0,0,0,1
1699,9,b71356d5285aa930,2.008502,14.742553,0,13838,1,0,0,0,0,0,0,0,0,0,0,0,0,0
1700,10,1fd48474a6be9a50,1.510422,18.047613,1,13805,1,1,0,0,1,0,0,0,0,0,0,0,0,1
1701,10,0b198662efcfc49a,1.134724,20.0,1,14302,1,1,0,0,1,0,0,0,0,0,0,0,0,1
1702,10,fcbdd03152747088,1.896129,15.413044,0,14251,1,0,0,0,0,0,0,0,0,0,0,0,0,0
1703,10,c7b8a2a9fab59ea4,1.425916,18.551832,1,14035,1,1,0,0,1,0,0,0,0,0,0,0,0,1
1704,10,241e6acbb414e8f5,1.071237,17.416142,1,14343,1,1,0,0,1,0,0,0,0,0,0,0,0,0
1705,10,fc64a472a0076c97,1.848434,16.562941,1,14176,1,0,0,0,0,0,0,0,0,0,0,0,0,1
1706,10,1e870741cfb1004d,1.388659,15.921963,1,14140,1,1,0,0,1,0,0,0,0,0,0,0,0,0
1707,10,bf57db00a494f005,1.044292,15.454045,1,14222,1,1,0,0,0,0,0,0,0,0,0,0,0,1
1708,10,b9cebc1ba6e23f90,2.871844,18.567735,1,13997,2,0,0,0,1,0,0,0,0,0,0,0,0,1
1709,10,e665c14bbc29de1b,2.157509,20.0,1,14072,1,1,0,0,1,0,0,0,0,0,0,0,0,1
1710,10,e769dc1986223560,2.666628,15.722313,0,14384,1,0,0,0,0,0,0,0,0,0,0,0,0,0
1711,10,1dc6f86b0f28f527,2.003338,18.769275,1,13934,1,1,0,0,1,0,0,0,0,0,0,0,0,1
1712,10,83171efae161e4f9,1.505033,17.579499,1,14268,1,1,0,0,1,0,0,0,0,0,0,0,0,0
1713,10,d0f092e334d1b579,1.130675,20.0,1,14135,1,1,0,0,1,0,0,0,0,0,0,0,0,1
1714,10,3c72e9f66e532470,0.850284,20.0,1,13993,1,1,0,0,1,0,0,0,0,0,0,0,0,1
1715,10,1fdd04fc4bd3a35e,1.68244,16.621687,0,14037,1,0,0,0,0,0,0,0,0,0,0,0,0,0
1716,10,1ea3379f3547fd92,2.307607,20.0,1,14109,2,1,0,0,1,0,0,0,0,0,0,0,0,2
1717,10,f2433026cfae9a47,1.735354,20.0,1,13717,1,1,0,0,1,0,0,0,0,0,0,0,0,0
1718,10,d0cc26dd4ca1a8f2,2.34736,19.044642,1,14097,1,0,0,0,0,0,0,0,0,0,0,0,0,1
1719,10,38a3c7ee0e61cf29,1.763484,20.0,1,13995,1,1,0,0,1,0,0,0,0,0,0,0,0,1
1720,10,e64373de38c1d3e1,2.368493,20.0,1,13868,2,1,0,0,1,0,0,0,0,0,0,0,0,1
1721,10,7addd6445d78c1a4,1.78114,20.0,1,13898,1,1,0,0,1,0,0,0,0,0,0,0,0,0
1722,10,32a2c7ad3446fe7a,2.381757,19.050102,1,13846,1,0,0,0,0,0,0,0,0,0,0,0,0,1
1723,10,c2ddba3954d1d184,1.789325,17.790474,1,13959,1,1,0,0,1,0,0,0,0,0,0,0,0,0
1724,10,6665faed5439f816,1.345598,20.0,1,13888,1,1,0,0,1,0,0,0,0,0,0,0,0,1
1725,10,e2ced52540714a46,2.054551,15.280451,0,13707,1,0,0,0,0,0,0,0,0,0,0,0,0,0
1726,10,609fe1b042bd7177,1.543507,18.437321,1,14061,1,1,0,0,1,0,0,0,0,0,0,0,0,1
1727,10,a841332a0fc6c3b7,1.159579,20.0,1,13792,1,1,0,0,1,0,0,0,0,0,0,0,0,1
1728,10,55f4672a66ea5f47,0.87202,19.129136,1,13775,1,1,0,0,1,0,0,0,0,0,0,0,0,0
1729,10,c0bd9a34ec0d85ea,2.742423,17.849849,1,13985,2,0,0,0,0,0,0,0,0,0,0,0,0,1
1730,10,aabefe6d1a5d48da,2.06028,20.0,1,13856,1,1,0,0,1,0,0,0,0,0,0,0,0,1
1731,10,1adb77769bb8b4f3,1.54936,20.0,1,13691,1,1,0,0,1,0,0,0,0,0,0,0,0,1
1732,10,a846133f73861c83,1.163976,16.736432,0,13998,0,0,0,0,0,0,0,0,0,0,0,0,0,0
1733,10,cfa8b1cf2d33ed9a,0.874452,16.052301,1,13999,1,1,0,0,1,0,0,0,0,0,0,0,0,0
1734,10,10999707da36a12f,0.656943,19.017182,1,13822,1,1,0,0,1,0,0,0,0,0,0,0,0,1
1735,10,34b7a6e5fe8596ce,1.538181,14.301192,0,13909,1,0,0,0,0,0,0,0,0,0,0,0,0,0
1736,10,a2076ecd533fd97d,2.199231,17.70164,1,13851,2,1,0,0,1,0,0,0,0,0,0,0,0,1
1737,10,7c306d0aa9eb8d48,2.695854,16.777425,1,13935,1,0,0,0,0,0,0,0,0,0,0,0,0,1
1738,10,4299b7b28708007a,2.02732,19.577866,1,13796,1,1,0,0,1,0,0,0,0,0,0,0,0,1
1739,10,e37137cca5879e3d,1.52305,18.186963,1,13971,1,1,0,0,0,0,0,0,0,0,0,0,0,1
1740,10,83ac982daf0f5cdb,2.187864,17.14203,1,13964,1,0,0,0,1,0,0,0,0,0,0,0,0,0
1741,10,078a94e79d1b5acb,1.64366,19.835856,1,14090,1,1,0,0,1,0,0,0,0,0,0,0,0,1
1742,10,64cf20e70299fe05,2.280206,20.0,1,14205,2,1,0,0,1,0,0,0,0,0,0,0,0,1
1743,10,cf7af629955fdca6,1.713034,20.0,1,14096,1,1,0,0,1,0,0,0,0,0,0,0,0,1
1744,10,94513cbd51c5aac7,2.330592,17.574812,0,13979,1,0,0,0,0,0,0,0,0,0,0,0,0,0
1745,10,e1c21b640cfa9d76,1.752638,20.0,1,13781,1,1,0,0,1,0,0,0,0,0,0,0,0,1
1746,10,7fb56707d7dafef1,1.316692,18.637455,1,13804,1,1,0,0,1,0,0,0,0,0,0,0,0,0
1747,10,758c41e03502f72e,2.032834,20.0,1,13972,2,1,0,0,1,0,0,0,0,0,0,0,0,1
1748,10,94794f18cf6f41ad,1.527193,20.0,1,13831,1,1,0,0,1,0,0,0,0,0,0,0,0,1
1749,10,fed011cd7c4ce32d,2.192621,20.0,1,14586,1,0,0,0,0,0,0,0,0,0,0,0,0,1
1750,10,0e89dd78ccfac659,1.647234,18.920267,1,14430,1,1,0,0,1,0,0,0,0,0,0,0,0,0
1751,10,6e9429ffc329606a,1.237506,20.0,1,14408,1,1,0,0,1,0,0,0,0,0,0,0,0,1
1752,10,c5cf9a4e7a3cc245,1.974772,15.921479,0,16096,1,0,0,0,0,0,0,0,0,0,0,0,0,0
1753,10,213935fdea8b3cba,1.483573,18.918901,1,16385,1,1,0,0,1,0,0,0,0,0,0,0,0,1
1754,10,e037c64cb0d7fe62,1.114553,20.0,1,16179,1,1,0,0,1,0,0,0,0,0,0,0,0,1
1755,10,5731f9aeaa97bfbe,1.880975,19.383639,1,15945,2,1,0,0,0,0,0,0,0,0,0,0,0,1
1756,10,05c3d47bc771235c,2.458671,18.057275,1,16056,1,0,0,0,1,0,0,0,0,0,0,0,0,0
1757,10,2a6bf98f588dd988,1.847107,20.0,1,15960,1,1,0,0,1,0,0,0,0,0,0,0,0,1
1758,10,a68be7a09985c81a,1.387663,18.897341,1,16762,1,1,0,0,1,0,0,0,0,0,0,0,0,0
1759,10,6b59fcc9314e8be9,2.087693,17.691572,1,16379,1,0,0,0,0,0,0,0,0,0,0,0,0,1
1760,10,f269f7f4237f3d8d,2.612059,20.0,1,16451,2,1,0,0,1,0,0,0,0,0,0,0,0,1
1761,10,17853b8063b9e47c,1.962342,18.69094,1,15984,1,1,0,0,0,0,0,0,0,0,0,0,0,1
1762,10,4624351d6d799259,3.561541,20.0,1,15997,2,0,0,0,1,0,0,0,0,0,0,0,0,1
1763,10,f09aa613e18035d0,2.67833,20.0,1,15554,1,1,0,0,1,0,0,0,0,0,0,0,0,1
1764,10,39ea29ff5752df15,3.055782,20.0,1,14532,1,0,0,0,0,0,0,0,0,0,0,0,0,1
1765,10,c41185ca4e7f7f5b,3.339348,20.0,1,14058,2,1,0,0,1,0,0,0,0,0,0,0,0,1
1766,10,457757936aedbf8a,3.555388,16.854792,0,14086,1,0,0,0,0,0,0,0,0,0,0,0,0,0
1767,10,f3b7ad594bc9f1d2,2.67103,19.620064,1,14135,1,1,0,0,1,0,0,0,0,0,0,0,0,1
1768,10,95934350cee878a7,2.006645,18.218665,1,13995,1,1,0,0,1,0,0,0,0,0,0,0,0,0
1769,10,3783f71add43bcb7,1.507517,20.0,1,14193,1,1,0,0,1,0,0,0,0,0,0,0,0,1
1770,10,1b85a37360f8db36,2.177825,19.005604,1,13946,1,0,0,0,0,0,0,0,0,0,0,0,0,1
1771,10,3dc0c5a26545ec1a,2.679772,20.0,1,14143,2,1,0,0,1,0,0,0,0,0,0,0,0,1
1772,10,c80f41ce87b876a4,2.013212,19.432574,1,13923,1,1,0,0,1,0,0,0,0,0,0,0,0,0
1773,10,2c33459aaf1203a1,2.558115,18.094074,1,14206,1,0,0,0,0,0,0,0,0,0,0,0,0,1
1774,10,a7caf8887c48c362,1.921816,17.072246,1,14074,1,1,0,0,1,0,0,0,0,0,0,0,0,0
1775,10,24f334600743af95,1.443789,19.783429,1,14075,1,1,0,0,1,0,0,0,0,0,0,0,0,1
1776,10,cc1a2f05d8d07727,1.084664,18.341395,1,14147,1,1,0,0,1,0,0,0,0,0,0,0,0,0
1777,10,dfdcb8572dc348da,0.815683,20.0,1,14055,1,1,0,0,1,0,0,0,0,0,0,0,0,1
1778,10,9db7c132b953ee07,1.656446,20.0,1,13950,2,1,0,0,1,0,0,0,0,0,0,0,0,1
1779,10,874914835e711dab,2.288079,20.0,1,14209,1,0,0,0,0,0,0,0,0,0,0,0,0,1
1780,10,7f185b858826102e,1.720668,18.83615,1,14196,1,1,0,0,1,0,0,0,0,0,0,0,0,0
1781,10,3432f854c711ea61,1.292674,20.0,1,14071,1,1,0,0,1,0,0,0,0,0,0,0,0,1
1782,10,96badce978518174,2.014791,20.0,1,14194,2,1,0,0,1,0,0,0,0,0,0,0,0,1
1783,10,9aba958aa33eb027,1.513637,20.0,1,14016,1,1,0,0,0,0,0,0,0,0,0,0,0,1
1784,10,83779a00c0027d99,2.182427,18.986649,1,14099,1,0,0,0,1,0,0,0,0,0,0,0,0,0
1785,10,9a870d9b22633645,1.639576,20.0,1,14079,1,1,0,0,1,0,0,0,0,0,0,0,0,1
1786,10,cb86103c00570f1c,1.231752,19.421876,1,14122,1,1,0,0,1,0,0,0,0,0,0,0,0,0
1787,10,3b5cc2f9f543af99,0.926295,20.0,1,14343,1,1,0,0,1,0,0,0,0,0,0,0,0,1
1788,10,0997062226689594,0.695891,19.680973,1,14057,1,1,0,0,1,0,0,0,0,0,0,0,0,0
1789,10,16fc3a3aa6f51aeb,1.56645,18.264424,1,14271,1,0,0,0,0,0,0,0,0,0,0,0,0,1
1790,10,81ba81442d0f3149,1.176815,17.200223,1,14455,1,1,0,0,1,0,0,0,0,0,0,0,0,0
1791,10,e65d641f98f5db24,0.884982,19.895817,1,14518,1,1,0,0,1,0,0,0,0,0,0,0,0,1
1792,10,169ac956800743df,0.664854,20.0,1,14406,1,1,0,0,1,0,0,0,0,0,0,0,0,1
1793,10,59e16cb3ba838d35,2.586787,19.935006,1,14304,2,0,0,0,0,0,0,0,0,0,0,0,0,1
1794,10,5dde327b7e17ca99,1.9453,18.47191,1,14367,1,1,0,0,1,0,0,0,0,0,0,0,0,0
1795,10,7cad57134a2acd55,1.461431,20.0,1,14319,1,1,0,0,1,0,0,0,0,0,0,0,0,1
1796,10,afddd7192c5fe749,2.141572,15.652515,0,14307,1,0,0,0,0,0,0,0,0,0,0,0,0,0
1797,10,113f3a50c5da3338,1.608883,18.716838,1,14362,1,1,0,0,1,0,0,0,0,0,0,0,0,1
1798,10,a0627997200a2396,1.209903,17.555831,1,14043,1,1,0,0,1,0,0,0,0,0,0,0,0,0
1799,10,c06dce910cbc6106,0.908955,16.667884,1,14091,1,1,0,0,0,0,0,0,0,0,0,0,0,1
1800,10,834c67810c98a585,1.726517,16.000803,1,14376,1,0,0,0,1,0,0,0,0,0,0,0,0,0
1801,10,5d873dcf21e7f242,2.342516,18.993835,1,14340,2,1,0,0,1,0,0,0,0,0,0,0,0,1
1802,10,33573879ec73e768,1.759845,20.0,1,14389,1,1,0,0,1,0,0,0,0,0,0,0,0,1
1803,10,ca675269d6672ad7,1.322106,20.0,1,14654,1,1,0,0,1,0,0,0,0,0,0,0,0,1
1804,10,298acc0549c669f8,0.993248,20.0,1,14751,1,1,0,0,1,0,0,0,0,0,0,0,0,1
1805,10,45b3fd4e323fcee8,1.791088,18.172568,0,14423,1,0,0,0,0,0,0,0,0,0,0,0,0,0
1806,10,84983437cac8f46f,2.38923,20.0,1,14441,2,1,0,0,1,0,0,0,0,0,0,0,0,1
1807,10,e582c9347a763768,1.79494,20.0,1,14330,1,1,0,0,1,0,0,0,0,0,0,0,0,1
1808,10,1f348880cbbd1e5c,1.34982,20.0,1,14258,1,1,0,0,1,0,0,0,0,0,0,0,0,1
1809,10,7d9a79f1bcf0d2cf,2.057723,17.907958,0,14081,1,0,0,0,0,0,0,0,0,0,0,0,0,0
1810,10,3337bf77592cbc14,1.54589,20.0,1,14258,1,1,0,0,1,0,0,0,0,0,0,0,0,1
1811,10,7bb8849557bf5606,1.161369,18.813068,1,14485,1,1,0,0,1,0,0,0,0,0,0,0,0,0
1812,10,1989952132ab353a,0.873366,20.0,1,14242,1,1,0,0,1,0,0,0,0,0,0,0,0,1
1813,10,51a5ffaeb5642bc1,1.699781,20.0,1,14554,2,1,0,0,1,0,0,0,0,0,0,0,0,1
1814,10,b3052518c4bc2733,1.276982,20.0,1,14463,1,1,0,0,1,0,0,0,0,0,0,0,0,0
1815,10,ac908483a28a77a2,2.004459,18.986698,1,14375,1,0,0,0,0,0,0,0,0,0,0,0,0,1
1816,10,44d690e2dea590c0,1.505875,20.0,1,13994,1,1,0,0,1,0,0,0,0,0,0,0,0,1
1817,10,66896c11a10426a6,1.131308,19.421903,1,14003,1,1,0,0,1,0,0,0,0,0,0,0,0,0
1818,10,9e08c0ed7ae89e0f,0.849909,20.0,1,14143,1,1,0,0,1,0,0,0,0,0,0,0,0,1
1819,10,bd7e83f6e0d905f5,0.639144,19.685385,1,14308,1,1,0,0,1,0,0,0,0,0,0,0,0,0
1820,10,dc8dea2a5a4b865c,2.567472,18.267739,1,14175,2,0,0,0,0,0,0,0,0,0,0,0,0,1
1821,10,4ea99539fe380f0d,1.928845,20.0,1,14171,1,1,0,0,1,0,0,0,0,0,0,0,0,1
1822,10,5f75cfd324ad356c,1.450519,20.0,1,14291,1,1,0,0,1,0,0,0,0,0,0,0,0,1
1823,10,e9795b1fb191a517,2.133374,16.913799,0,14113,1,0,0,0,0,0,0,0,0,0,0,0,0,0
1824,10,c9c42b7a140601a7,1.602724,19.664394,1,14123,1,1,0,0,1,0,0,0,0,0,0,0,0,1
1825,10,95e7540656dc8afd,1.204067,20.0,1,14103,1,1,0,0,1,0,0,0,0,0,0,0,0,1
1826,10,846610198e2dc92c,1.949626,16.341881,0,14005,1,0,0,0,0,0,0,0,0,0,0,0,0,0
1827,10,1507076aa95cfb99,2.508334,19.234733,1,14041,2,1,0,0,1,0,0,0,0,0,0,0,0,1
1828,10,93435852991fd36a,2.928071,17.929181,1,14244,1,0,0,0,0,0,0,0,0,0,0,0,0,1
1829,10,e5edb7fc840d908b,2.201951,20.0,1,13961,1,1,0,0,1,0,0,0,0,0,0,0,0,1
1830,10,fe4ec05f3de5e38f,1.654244,18.83766,1,14028,1,1,0,0,1,0,0,0,0,0,0,0,0,0
1831,10,c839a77d5bb9fba5,2.286425,17.630874,1,13936,1,0,0,0,0,0,0,0,0,0,0,0,0,1
1832,10,fc155ad11f536503,1.717705,16.724261,1,13792,1,1,0,0,1,0,0,0,0,0,0,0,0,0
1833,10,4c77c192622afbbe,1.291739,19.537886,1,13703,1,1,0,0,1,0,0,0,0,0,0,0,0,1
1834,10,d2b37a8f8f95ada7,3.057742,18.156928,1,13787,2,0,0,0,0,0,0,0,0,0,0,0,0,1
1835,10,22a3240aa03530de,2.297167,17.119466,1,13846,1,1,0,0,1,0,0,0,0,0,0,0,0,0
1836,10,6404c7a46ac02c6b,1.727502,19.835086,1,13726,1,1,0,0,1,0,0,0,0,0,0,0,0,1
1837,10,ba8950c21f36930b,2.341461,14.901358,0,13930,1,0,0,0,0,0,0,0,0,0,0,0,0,0
1838,10,0e77ebfdc3e18759,1.759052,18.152522,1,13594,1,1,0,0,1,0,0,0,0,0,0,0,0,1
1839,10,b9d404a74ae6e9b8,1.32151,17.116156,1,13699,1,1,0,0,1,0,0,0,0,0,0,0,0,0
1840,10,4d5b25f7fb130f5e,0.993795,16.352095,1,13705,1,1,0,0,0,0,0,0,0,0,0,0,0,1
1841,10,8650acf6e2ecff3a,1.790254,19.242407,1,13487,1,0,0,0,1,0,0,0,0,0,0,0,0,1
1842,10,f501c670116fc236,1.344951,17.934945,1,13390,1,1,0,0,1,0,0,0,0,0,0,0,0,0
1843,10,011068450420f7ec,3.099723,16.967836,1,13484,2,0,0,0,0,0,0,0,0,0,0,0,0,1
1844,10,e108d72b203a5a35,2.328706,19.70499,1,13496,1,1,0,0,1,0,0,0,0,0,0,0,0,1
1845,10,4825cb2f0ec52c05,1.74947,18.282467,1,13462,1,1,0,0,0,0,0,0,0,0,0,0,0,1
1846,10,38b003831919d0a4,2.357965,17.213778,1,13152,1,0,0,0,1,0,0,0,0,0,0,0,0,0
1847,10,81f8430143261eaf,0.729073,16.425508,1,13374,0,1,0,0,1,0,0,0,0,0,0,0,0,0
1848,10,9ec4e5e289f5ea45,0.547725,19.29756,1,13304,1,1,0,0,1,0,0,0,0,0,0,0,0,1
1849,10,989c0985a7bcb346,1.455139,14.497535,0,13196,1,0,0,0,0,0,0,0,0,0,0,0,0,0
1850,10,750097f235349932,2.138436,17.863356,1,13123,2,1,0,0,1,0,0,0,0,0,0,0,0,1
1851,10,88175ce24bf031e6,1.606527,16.898916,1,13010,0,0,0,0,0,0,0,0,0,0,0,0,0,1
1852,10,d008511e92dd60a6,2.250577,19.653213,1,13135,2,1,0,0,1,0,0,0,0,0,0,0,0,1
1853,10,b34c88b216f9ad0c,2.734428,18.243569,1,13471,1,0,0,0,0,0,0,0,0,0,0,0,0,1
1854,10,a2fea45374fecf98,2.056329,17.199926,1,13124,1,1,0,0,1,0,0,0,0,0,0,0,0,0
1855,10,18f1a67222675725,2.588496,16.400506,1,13473,1,0,0,0,0,0,0,0,0,0,0,0,0,1
1856,10,6449e3ad3d4a1534,1.94464,19.278776,1,13398,1,1,0,0,1,0,0,0,0,0,0,0,0,1
1857,10,06191dedff3b9db4,2.506548,17.978416,1,13517,2,1,0,0,0,0,0,0,0,0,0,0,0,1
1858,10,9712e1c4cf1fc629,2.926729,20.0,1,13552,1,0,0,0,1,0,0,0,0,0,0,0,0,1
1859,10,b2196f728bf86da5,2.198742,18.852834,1,13567,1,1,0,0,1,0,0,0,0,0,0,0,0,0
1860,10,5703573484decf11,1.651833,17.642274,1,13643,1,1,0,0,0,0,0,0,0,0,0,0,0,1
1861,10,a21f6e0da236f739,2.286352,16.747743,1,13540,1,0,0,0,1,0,0,0,0,0,0,0,0,0
1862,10,7a2f82583a1a1ffa,2.761304,19.539642,1,13718,2,1,0,0,1,0,0,0,0,0,0,0,0,1
1863,10,9196d7861c570b7f,2.074465,20.0,1,13624,1,1,0,0,1,0,0,0,0,0,0,0,0,1
1864,10,e9feee64f39c8427,1.560027,19.751903,1,13742,1,1,0,0,1,0,0,0,0,0,0,0,0,0
1865,10,31fbb480722731f0,2.215643,18.317711,1,13617,1,0,0,0,0,0,0,0,0,0,0,0,0,1
1866,10,fb8487513219d3e0,1.66453,17.240256,1,13623,1,1,0,0,1,0,0,0,0,0,0,0,0,0
1867,10,bd8479c04771e82b,1.250499,19.909649,1,13577,1,1,0,0,1,0,0,0,0,0,0,0,0,1
1868,10,4109c2ed336d905d,0.940393,18.452841,1,13629,1,1,0,0,0,0,0,0,0,0,0,0,0,1
1869,10,cc4952c73708d4c1,2.793789,20.0,1,13720,2,0,0,0,1,0,0,0,0,0,0,0,0,1
1870,10,a10e86c9e75c5267,2.098869,19.120597,1,13716,1,1,0,0,1,0,0,0,0,0,0,0,0,0
1871,10,7d5fcba42b487ed5,1.57838,20.0,1,13582,1,1,0,0,1,0,0,0,0,0,0,0,0,1
1872,10,5e19a89713ef1ef7,1.185778,19.510763,1,13487,1,1,0,0,0,0,0,0,0,0,0,0,0,1
1873,10,0911a4ed7b80af51,1.934484,18.136551,1,13504,1,0,0,0,1,0,0,0,0,0,0,0,0,0
1874,10,6af982e7ed61bc65,1.453305,20.0,1,13131,1,1,0,0,1,0,0,0,0,0,0,0,0,1
1875,10,ca9cdc92e3014bfd,1.092906,18.959212,1,12964,1,1,0,0,1,0,0,0,0,0,0,0,0,0
1876,10,985a317932473dd4,1.864713,17.722192,1,13290,1,0,0,0,0,0,0,0,0,0,0,0,0,1
1877,10,959943ffeeb88c61,1.400889,16.792865,1,13447,1,1,0,0,1,0,0,0,0,0,0,0,0,0
1878,10,515db73baa94e77b,1.053489,19.589477,1,13709,1,1,0,0,1,0,0,0,0,0,0,0,0,1
1879,10,a5be3b057c68c54c,0.791447,18.195686,1,13790,1,1,0,0,1,0,0,0,0,0,0,0,0,0
1880,10,ba443ab14874bdef,1.638238,17.148583,1,13711,1,0,0,0,0,0,0,0,0,0,0,0,0,1
1881,10,018919710431c976,1.230747,16.361934,1,14212,1,1,0,0,1,0,0,0,0,0,0,0,0,0
1882,10,cc1d63561c50a1b5,0.925539,19.265411,1,13996,1,1,0,0,1,0,0,0,0,0,0,0,0,1
1883,11,1fd48474a6be9a50,2.78263,17.952228,1,14062,2,0,0,0,0,0,0,0,0,0,0,0,0,1
1884,11,0b198662efcfc49a,2.090486,20.0,1,14105,1,1,0,0,1,0,0,0,0,0,0,0,0,1
1885,11,fcbdd03152747088,1.572075,20.0,1,14299,1,1,0,0,1,0,0,0,0,0,0,0,0,1
1886,11,c7b8a2a9fab59ea4,2.224695,16.779885,0,14346,1,0,0,0,0,0,0,0,0,0,0,0,0,0
1887,11,241e6acbb414e8f5,1.67133,19.56379,1,14247,1,1,0,0,1,0,0,0,0,0,0,0,0,1
1888,11,fc64a472a0076c97,1.255608,14.697544,0,14011,1,1,0,0,0,0,0,0,0,0,0,0,0,0
1889,11,1e870741cfb1004d,3.032536,18.013766,1,14161,2,0,0,0,1,0,0,0,0,0,0,0,0,1
1890,11,bf57db00a494f005,2.278231,20.0,1,14103,1,1,0,0,1,0,0,0,0,0,0,0,0,1
1891,11,b9cebc1ba6e23f90,1.71155,20.0,1,14054,1,1,0,0,1,0,0,0,0,0,0,0,0,1
1892,11,e665c14bbc29de1b,2.33126,16.808744,0,14111,1,0,0,0,0,0,0,0,0,0,0,0,0,0
1893,11,e769dc1986223560,1.751389,19.58547,1,14206,1,1,0,0,1,0,0,0,0,0,0,0,0,1
1894,11,1dc6f86b0f28f527,2.359406,20.0,1,14212,2,1,0,0,1,0,0,0,0,0,0,0,0,1
1895,11,83171efae161e4f9,1.772534,20.0,1,14244,1,1,0,0,1,0,0,0,0,0,0,0,0,1
1896,11,d0f092e334d1b579,1.332971,20.0,1,14105,1,1,0,0,0,0,0,0,0,0,0,0,0,1
1897,11,3c72e9f66e532470,2.045064,19.222551,1,13949,1,0,0,0,1,0,0,0,0,0,0,0,0,0
1898,11,1fdd04fc4bd3a35e,2.580034,20.0,1,14017,2,1,0,0,1,0,0,0,0,0,0,0,0,1
1899,11,1ea3379f3547fd92,1.940222,20.0,1,13979,1,1,0,0,1,0,0,0,0,0,0,0,0,1
1900,11,f2433026cfae9a47,2.50127,20.0,1,14016,1,0,0,0,0,0,0,0,0,0,0,0,0,1
1901,11,d0cc26dd4ca1a8f2,1.87911,20.0,1,14052,1,1,0,0,1,0,0,0,0,0,0,0,0,1
1902,11,38a3c7ee0e61cf29,1.411705,20.0,1,13961,1,1,0,0,1,0,0,0,0,0,0,0,0,1
1903,11,e64373de38c1d3e1,2.105773,20.0,1,13845,2,1,0,0,1,0,0,0,0,0,0,0,0,1
1904,11,7addd6445d78c1a4,2.625642,18.745074,0,13903,1,0,0,0,0,0,0,0,0,0,0,0,0,0
1905,11,32a2c7ad3446fe7a,1.972547,20.0,1,13782,1,1,0,0,1,0,0,0,0,0,0,0,0,1
1906,11,c2ddba3954d1d184,1.483383,19.303004,1,13979,1,1,0,0,1,0,0,0,0,0,0,0,0,0
1907,11,6665faed5439f816,1.11441,20.0,1,13878,1,1,0,0,1,0,0,0,0,0,0,0,0,1
1908,11,e2ced52540714a46,1.880868,19.600425,1,13793,1,0,0,0,0,0,0,0,0,0,0,0,0,1
1909,11,609fe1b042bd7177,2.456679,18.203911,1,13831,2,1,0,0,1,0,0,0,0,0,0,0,0,0
1910,11,a841332a0fc6c3b7,0.803307,17.170102,1,13797,0,1,0,0,1,0,0,0,0,0,0,0,0,0
1911,11,55f4672a66ea5f47,1.647148,16.3781,1,13880,2,1,0,0,0,0,0,0,0,0,0,0,0,1
1912,11,c0bd9a34ec0d85ea,2.281094,19.261944,1,14107,1,0,0,0,1,0,0,0,0,0,0,0,0,1
1913,11,aabefe6d1a5d48da,1.715415,20.0,1,13693,1,1,0,0,1,0,0,0,0,0,0,0,0,1
1914,11,1adb77769bb8b4f3,1.288727,16.111773,0,13849,1,1,0,0,0,0,0,0,0,0,0,0,0,0
1915,11,a846133f73861c83,2.011826,19.061862,1,13820,1,0,0,0,1,0,0,0,0,0,0,0,0,1
1916,11,cfa8b1cf2d33ed9a,1.51141,17.799309,1,13900,1,1,0,0,1,0,0,0,0,0,0,0,0,0
1917,11,b2dca2c5d32e3a62,2.180752,16.865836,1,13852,1,0,0,0,0,0,0,0,0,0,0,0,0,1
1918,11,03fd4711f4ba9bb5,2.681971,19.628361,1,13977,2,1,0,0,1,0,0,0,0,0,0,0,0,1
1919,11,4c388266f054ecb1,2.014865,20.0,1,13929,1,1,0,0,1,0,0,0,0,0,0,0,0,1
1920,11,a7d93beeb9f4e9ec,2.559357,16.321524,0,13844,1,0,0,0,0,0,0,0,0,0,0,0,0,0
1921,11,d52e6b4d1baecc93,1.922749,19.21944,1,13991,1,1,0,0,1,0,0,0,0,0,0,0,0,1
1922,11,dce3728459a0b8fa,1.44449,17.917691,1,13890,1,1,0,0,1,0,0,0,0,0,0,0,0,0
1923,11,65bced74ebceae67,2.128845,16.939736,1,14097,1,0,0,0,0,0,0,0,0,0,0,0,0,1
1924,11,e63b92df0f408dfd,2.645072,19.699926,1,13897,2,1,0,0,1,0,0,0,0,0,0,0,0,1
1925,11,77f485b752b4bc3d,3.030797,14.799818,0,13971,1,0,0,0,0,0,0,0,0,0,0,0,0,0
1926,11,7ec8c608ff89a34a,2.276925,18.076239,1,14079,1,1,0,0,1,0,0,0,0,0,0,0,0,1
1927,11,5b281d5f5aa7b14d,1.71228,17.074091,1,13960,1,1,0,0,1,0,0,0,0,0,0,0,0,0
1928,11,48a1868406f86cda,1.286372,19.784816,1,13911,1,1,0,0,1,0,0,0,0,0,0,0,0,1
1929,11,9d89e61243a38c4c,2.010056,18.342437,1,14053,2,1,0,0,0,0,0,0,0,0,0,0,0,1
1930,11,b969d411bde32456,1.51008,20.0,1,14016,1,1,0,0,1,0,0,0,0,0,0,0,0,1
1931,11,d7a99efd613e9ec9,2.179752,19.07553,1,13960,1,0,0,0,1,0,0,0,0,0,0,0,0,0
1932,11,2c730984b0ed215c,1.637566,20.0,1,13992,1,1,0,0,1,0,0,0,0,0,0,0,0,1
1933,11,7ca3d4b3160f26ca,1.230242,19.47204,1,13967,1,1,0,0,1,0,0,0,0,0,0,0,0,0
1934,11,5237bce55259fa6a,1.96931,18.123753,1,13935,1,0,0,0,0,0,0,0,0,0,0,0,0,1
1935,11,d403a9f251f2d4df,1.479469,17.094543,1,14037,1,1,0,0,1,0,0,0,0,0,0,0,0,0
1936,11,61c9b18854207352,1.11147,19.80018,1,14122,1,1,0,0,1,0,0,0,0,0,0,0,0,1
1937,11,a16a0201ed7547d7,0.835006,18.35398,1,14099,1,1,0,0,1,0,0,0,0,0,0,0,0,0
1938,11,84023e018a1e6fa8,1.672087,20.0,1,13922,2,1,0,0,1,0,0,0,0,0,0,0,0,1
1939,11,d44c1f5720fc9085,1.256176,19.077654,1,14103,1,1,0,0,0,0,0,0,0,0,0,0,0,1
1940,11,b4e08f64ab926aca,1.987372,20.0,1,13996,1,0,0,0,1,0,0,0,0,0,0,0,0,1
1941,11,fd9e7155b8d6207a,1.494532,19.490898,1,14089,1,1,0,0,1,0,0,0,0,0,0,0,0,0
1942,11,298a07960c081fa8,1.122786,20.0,1,14196,1,1,0,0,1,0,0,0,0,0,0,0,0,1
1943,11,223e5d2cc0b3f04b,1.88716,19.706472,1,14682,1,0,0,0,0,0,0,0,0,0,0,0,0,1
1944,11,083bd4d825fcdc1f,1.417753,18.28358,1,14668,1,1,0,0,1,0,0,0,0,0,0,0,0,0
1945,11,735debb237ad6cfa,1.066171,20.0,1,14736,1,1,0,0,1,0,0,0,0,0,0,0,0,1
1946,11,8907d5804ddb9925,1.844627,15.559037,0,14886,1,0,0,0,0,0,0,0,0,0,0,0,0,0
1947,11,fc5fbc245fd80515,1.3858,18.646612,1,14880,1,1,0,0,1,0,0,0,0,0,0,0,0,1
1948,11,a6b37287ea4e3d83,1.042141,20.0,1,16188,1,1,0,0,1,0,0,0,0,0,0,0,0,1
1949,11,402a2a9f6dd99539,2.870228,19.242979,1,16681,2,0,0,0,0,0,0,0,0,0,0,0,0,1
1950,11,54292b0e5638fb05,2.156295,20.0,1,16559,1,1,0,0,1,0,0,0,0,0,0,0,0,1
1951,11,703785379118bd7d,2.663597,16.087703,0,16544,1,0,0,0,0,0,0,0,0,0,0,0,0,0
1952,11,339eef901b642b65,2.003063,19.059185,1,16495,1,1,0,0,1,0,0,0,0,0,0,0,0,1
1953,11,88a7bdf23609a8f0,2.54848,20.0,1,16295,2,1,0,0,1,0,0,0,0,0,0,0,0,1
1954,11,f11ab02a98ce03b1,1.914578,20.0,1,16230,1,1,0,0,1,0,0,0,0,0,0,0,0,1
1955,11,8709db9460a2f2b4,2.48394,20.0,1,15886,1,0,0,0,0,0,0,0,0,0,0,0,0,1
1956,11,be0b3a4d0c17143f,2.909745,19.05474,1,15761,2,1,0,0,1,0,0,0,0,0,0,0,0,0
1957,11,e68a76d71a59b3f0,2.185982,20.0,1,15556,1,1,0,0,1,0,0,0,0,0,0,0,0,1
1958,11,2028409528a34bcb,2.6859,19.460306,1,15715,1,0,0,0,0,0,0,0,0,0,0,0,0,1
1959,11,bc5f07bea0150746,3.063986,20.0,1,15611,2,1,0,0,1,0,0,0,0,0,0,0,0,1
1960,11,75d08defed7d435f,2.301858,20.0,1,14694,1,1,0,0,1,0,0,0,0,0,0,0,0,1
1961,11,209d4321c434d7b6,1.7293,17.415416,0,13919,1,1,0,0,0,0,0,0,0,0,0,0,0,0
1962,11,2191745767ceb065,2.344609,20.0,1,13897,1,0,0,0,1,0,0,0,0,0,0,0,0,1
1963,11,c8465d06f41ae9a9,1.761417,20.0,1,14055,1,1,0,0,1,0,0,0,0,0,0,0,0,1
1964,11,9646076e010de1b2,2.36694,20.0,1,13657,2,1,0,0,1,0,0,0,0,0,0,0,0,0
1965,11,feccb512e0fb5dfc,2.821847,18.523886,1,13787,1,0,0,0,0,0,0,0,0,0,0,0,0,1
1966,11,6afc64ec7ffd29d3,2.122069,20.0,1,13693,1,1,0,0,1,0,0,0,0,0,0,0,0,1
1967,11,e683b368aa04ef3f,1.594231,19.173644,1,13829,1,1,0,0,1,0,0,0,0,0,0,0,0,0
1968,11,5702038c7648a8d8,1.197686,20.0,1,13873,1,1,0,0,1,0,0,0,0,0,0,0,0,1
1969,11,bee7ae708da96810,2.988978,19.545129,1,13690,2,0,0,0,0,0,0,0,0,0,0,0,0,1
1970,11,332b929f3e002e7b,2.245508,20.0,1,13732,1,1,0,0,1,0,0,0,0,0,0,0,0,1
1971,11,70f809795d615fbe,1.686966,19.737079,1,13852,1,1,0,0,1,0,0,0,0,0,0,0,0,0
1972,11,46cd24f7dc589560,1.267354,20.0,1,13827,1,1,0,0,1,0,0,0,0,0,0,0,0,1
1973,11,28c35f6a25c8cabf,1.997219,19.863447,1,13444,1,0,0,0,0,0,0,0,0,0,0,0,0,1
1974,11,cc0423fa1a2e65aa,1.500436,20.0,1,13808,1,1,0,0,1,0,0,0,0,0,0,0,0,1
1975,11,6c11b0764386c768,1.127221,19.916737,1,13934,1,1,0,0,1,0,0,0,0,0,0,0,0,0
1976,11,feb4b3aa622cb76a,1.891837,18.458172,1,13807,1,0,0,0,0,0,0,0,0,0,0,0,0,1
1977,11,ba97df7152a4b402,1.421267,20.0,1,13972,1,1,0,0,1,0,0,0,0,0,0,0,0,1
1978,11,2a6745a3a85ee091,2.111398,15.644761,0,13712,1,0,0,0,0,0,0,0,0,0,0,0,0,0
1979,11,e1110d31056bdcf6,1.586214,18.711013,1,13984,1,1,0,0,1,0,0,0,0,0,0,0,0,1
1980,11,14bd3d2a5c67b275,1.192856,20.0,1,13792,1,1,0,0,1,0,0,0,0,0,0,0,0,1
1981,11,7d57e05d9e003f7c,2.983455,19.279364,1,13915,2,0,0,0,0,0,0,0,0,0,0,0,0,1
1982,11,9b27979a1d460f3e,2.241358,17.96271,1,13799,1,1,0,0,1,0,0,0,0,0,0,0,0,0
1983,11,4243c98274373205,1.685533,20.0,1,13764,1,1,0,0,1,0,0,0,0,0,0,0,0,1
1984,11,c54244da37b7faf4,1.266278,20.0,1,14053,1,1,0,0,1,0,0,0,0,0,0,0,0,1
1985,11,b24a763d00427046,0.951307,20.0,1,13914,1,1,0,0,0,0,0,0,0,0,0,0,0,1
1986,11,9c7bdec7d383f8d8,1.758335,18.698396,1,13822,1,0,0,0,1,0,0,0,0,0,0,0,0,0
1987,11,b3df465a7f513574,1.322293,20.0,1,13860,1,1,0,0,1,0,0,0,0,0,0,0,0,1
1988,11,0f93ee74b4608ef1,0.993389,20.0,1,13970,1,1,0,0,1,0,0,0,0,0,0,0,0,1
1989,11,4d734dd195082686,0.746296,20.0,1,14005,1,1,0,0,1,0,0,0,0,0,0,0,0,0
1990,11,e0b7bc0d30f461bc,1.605376,18.950097,1,13965,2,1,0,0,0,0,0,0,0,0,0,0,0,1
1991,11,5d1e59d74e1fda97,2.249712,20.0,1,14054,1,0,0,0,1,0,0,0,0,0,0,0,0,1
1992,11,112effe334cc33d5,1.690125,20.0,1,13979,1,1,0,0,1,0,0,0,0,0,0,0,0,1
1993,11,05f8741e7f83f930,1.269728,20.0,1,13937,1,1,0,0,1,0,0,0,0,0,0,0,0,0
1994,11,e9dcf0b16d26f928,0.954853,20.0,1,13975,1,1,0,0,1,0,0,0,0,0,0,0,0,1
1995,11,413fff221350979f,0.717346,20.0,1,14002,1,1,0,0,1,0,0,0,0,0,0,0,0,0
1996,11,bbb0fb5d26b3db79,1.582568,20.0,1,14086,2,1,0,0,1,0,0,0,0,0,0,0,0,1
1997,11,d826944c033505f6,2.234264,20.0,1,14012,1,0,0,0,0,0,0,0,0,0,0,0,0,1
1998,11,974ca5a7976f7eaf,1.678519,20.0,1,14211,1,1,0,0,1,0,0,0,0,0,0,0,0,1
1999,11,f57de28e0e7858a8,1.261009,20.0,1,14077,1,1,0,0,1,0,0,0,0,0,0,0,0,1
2000,11,cfa8edf6a9ced7ac,0.947349,20.0,1,14157,1,1,0,0,0,0,0,0,0,0,0,0,0,1
2001,11,51e2ca21375e0abf,1.75657,19.43091,1,14252,1,0,0,0,1,0,0,0,0,0,0,0,0,0
2002,11,8f6bb70545e727bb,1.319646,18.076561,1,14288,1,1,0,0,1,0,0,0,0,0,0,0,0,0
2003,11,be305bd2ff51706b,2.035054,17.059089,1,14412,2,1,0,0,0,0,0,0,0,0,0,0,0,1
2004,11,844e263d6f318b7b,2.57454,19.789682,1,14203,1,0,0,0,1,0,0,0,0,0,0,0,0,1
2005,11,bb9c804a0f3611ef,1.934156,18.346092,1,14485,1,1,0,0,1,0,0,0,0,0,0,0,0,0
2006,11,e2614cc369679c50,2.496712,17.261578,1,14314,1,0,0,0,0,0,0,0,0,0,0,0,0,1
2007,11,a89f562d5191ea3d,1.875687,16.446823,1,14414,1,1,0,0,1,0,0,0,0,0,0,0,0,0
2008,11,ff3055450359cb61,1.410543,19.329249,1,14196,1,1,0,0,1,0,0,0,0,0,0,0,0,1
2009,11,082a9c667611ed3c,2.103342,14.521342,0,14047,1,0,0,0,0,0,0,0,0,0,0,0,0,0
2010,11,7e0bac64ca38eb69,1.580162,17.86703,1,14259,1,1,0,0,1,0,0,0,0,0,0,0,0,1
2011,11,3f254bf4465e7809,2.232455,20.0,1,14129,2,1,0,0,1,0,0,0,0,0,0,0,0,1
2012,11,6f4f78528ae01e89,2.720813,15.323703,0,13903,1,0,0,0,0,0,0,0,0,0,0,0,0,0
2013,11,dbb3a36dc2c7cfce,2.044045,18.469814,1,14144,1,1,0,0,1,0,0,0,0,0,0,0,0,1
2014,11,b4a94c65776af734,1.535615,17.354525,1,14095,1,1,0,0,1,0,0,0,0,0,0,0,0,0
2015,11,bf3170dd0ca42a94,1.154804,20.0,1,13929,1,1,0,0,1,0,0,0,0,0,0,0,0,1
2016,11,82646d077f585570,2.954868,18.513002,1,14062,2,0,0,0,0,0,0,0,0,0,0,0,0,1
2017,11,2e0a1e2983d75dcc,2.219882,20.0,1,14035,1,1,0,0,1,0,0,0,0,0,0,0,0,1
2018,11,ebd4bcda2b10878c,1.669383,20.0,1,13908,1,1,0,0,1,0,0,0,0,0,0,0,0,1
2019,11,cae36ae67c840c56,1.254145,20.0,1,13932,1,1,0,0,1,0,0,0,0,0,0,0,0,0
2020,11,3b9caba7aed0f03d,1.985846,18.87728,1,14022,1,0,0,0,0,0,0,0,0,0,0,0,0,1
2021,11,a45af3669a3d3b8b,1.491891,17.660639,1,13905,1,1,0,0,1,0,0,0,0,0,0,0,0,0
2022,11,f97a4d808744f591,1.121924,20.0,1,13732,1,1,0,0,1,0,0,0,0,0,0,0,0,1
2023,11,84a99915e91ee4eb,0.842859,20.0,1,14020,1,1,0,0,1,0,0,0,0,0,0,0,0,1
2024,11,e3b6f0764f89e8ea,2.720515,16.651577,0,13908,2,0,0,0,0,0,0,0,0,0,0,0,0,0
2025,11,a26c83c6079a522d,2.045866,19.483227,1,13759,1,1,0,0,1,0,0,0,0,0,0,0,0,1
2026,11,4202463b61596537,1.536983,20.0,1,13690,1,1,0,0,1,0,0,0,0,0,0,0,0,1
2027,11,89c2910ae0d2b365,1.154678,20.0,1,13639,1,1,0,0,1,0,0,0,0,0,0,0,0,1
2028,11,23dc2ccba03cf827,0.867466,17.415009,0,13730,1,1,0,0,0,0,0,0,0,0,0,0,0,0
2029,11,4461a2d7bbe24f4f,1.696498,20.0,1,13591,1,0,0,0,1,0,0,0,0,0,0,0,0,1
2030,11,5d1b7875bb9afa46,1.274515,18.547173,1,13750,1,1,0,0,1,0,0,0,0,0,0,0,0,0
2031,11,d74fbded9d32789f,2.001149,17.412642,1,13470,1,0,0,0,0,0,0,0,0,0,0,0,0,1
2032,11,b71029fbd7b8bc0c,1.504893,16.575057,1,13657,1,1,0,0,1,0,0,0,0,0,0,0,0,0
2033,11,f57d3dae4cf41682,1.13057,19.40991,1,13655,1,1,0,0,1,0,0,0,0,0,0,0,0,1
2034,11,3e62da2337a66ab7,0.849355,18.060784,1,13640,1,1,0,0,1,0,0,0,0,0,0,0,0,0
2035,11,aecf6f4d90e291e1,0.638088,20.0,1,13797,1,1,0,0,1,0,0,0,0,0,0,0,0,1
2036,11,d2daf114aab34930,2.568153,18.916407,1,13575,2,0,0,0,0,0,0,0,0,0,0,0,0,1
2037,11,01cdae404e961ae3,1.929357,20.0,1,13817,1,1,0,0,1,0,0,0,0,0,0,0,0,1
2038,11,b1a4c0b6c277eedf,1.449454,20.0,1,13654,1,1,0,0,1,0,0,0,0,0,0,0,0,1
2039,11,eb1323dd9728e9f7,2.13416,17.191855,0,13692,1,0,0,0,0,0,0,0,0,0,0,0,0,0
2040,11,a710cb0e8bd26fab,1.603315,19.873287,1,13670,1,1,0,0,1,0,0,0,0,0,0,0,0,1
2041,11,9017ff15c7bfc18d,2.248164,14.930058,0,13659,1,0,0,0,0,0,0,0,0,0,0,0,0,0
2042,11,0241defc97375166,1.688962,18.174083,1,13743,1,1,0,0,1,0,0,0,0,0,0,0,0,1
2043,11,0eb22e159c78a340,1.270123,17.147671,1,13508,1,1,0,0,1,0,0,0,0,0,0,0,0,0
2044,11,e84a860825c76165,0.954196,19.840094,1,13675,1,1,0,0,1,0,0,0,0,0,0,0,0,1
2045,11,c2b7a545573df2ad,2.804159,18.383965,1,13517,2,0,0,0,0,0,0,0,0,0,0,0,0,1
2046,11,45c612dd3ab88bc4,2.108767,20.0,1,13368,1,1,0,0,1,0,0,0,0,0,0,0,0,1
2047,11,c9d987aaf2cce1ea,1.584238,19.094595,1,13603,1,1,0,0,1,0,0,0,0,0,0,0,0,0
2048,11,e01948da72b94154,2.233832,17.8239,1,13286,1,0,0,0,0,0,0,0,0,0,0,0,0,1
2049,11,c44b9152cd3360bd,1.678195,16.869274,1,13353,1,1,0,0,1,0,0,0,0,0,0,0,0,0
2050,11,806d42e9f0fd8bc4,1.262026,19.646938,1,13357,1,1,0,0,1,0,0,0,0,0,0,0,0,1
2051,11,a68eed843eec0f84,0.948113,20.0,1,13369,1,1,0,0,1,0,0,0,0,0,0,0,0,1
2052,11,33ef4bdaa0d9f674,1.755935,16.315695,0,13228,1,0,0,0,0,0,0,0,0,0,0,0,0,0
2053,11,ee75e627d44cc9a2,1.320488,19.230639,1,13209,1,1,0,0,1,0,0,0,0,0,0,0,0,1
2054,11,2d84163a194eacfb,0.992034,17.926105,1,13556,1,1,0,0,1,0,0,0,0,0,0,0,0,0
2055,11,e817ae03627052b6,1.788931,16.946057,1,13180,1,0,0,0,0,0,0,0,0,0,0,0,0,1
2056,11,af2dd6f48d50cb30,2.38761,19.688628,1,13295,2,1,0,0,1,0,0,0,0,0,0,0,0,1
2057,11,a574de88b602c063,1.795517,18.286631,1,13296,1,1,0,0,1,0,0,0,0,0,0,0,0,0
2058,11,b8738e86cead13b2,1.348905,17.216906,1,13251,1,1,0,0,0,0,0,0,0,0,0,0,0,1
2059,11,e40a95262cac9764,2.057035,16.413263,1,13236,1,0,0,0,1,0,0,0,0,0,0,0,0,0
2060,11,fd08f1fabf13d706,1.54692,19.304011,1,13226,1,1,0,0,1,0,0,0,0,0,0,0,0,1
2061,11,c87beef13adf1817,1.162143,20.0,1,13201,1,1,0,0,1,0,0,0,0,0,0,0,0,1
2062,11,81ee81d39228f121,1.916728,16.122149,0,13313,1,0,0,0,0,0,0,0,0,0,0,0,0,0
2063,11,697e263bbc169e54,1.439966,19.069657,1,13111,1,1,0,0,1,0,0,0,0,0,0,0,0,1
2064,11,c09f465e699b7ca3,2.127025,14.340654,0,13279,1,0,0,0,0,0,0,0,0,0,0,0,0,0
2065,11,e61ca5d35ad81022,1.597955,17.731286,1,13399,1,1,0,0,1,0,0,0,0,0,0,0,0,1
2066,11,80ffd42006db5106,1.200484,16.799697,1,13377,1,1,0,0,1,0,0,0,0,0,0,0,0,0
2067,11,c914fc958a753991,1.946931,16.114113,1,13058,1,0,0,0,0,0,0,0,0,0,0,0,0,1
2068,11,a9e25b45f7cbb6af,2.50631,19.06362,1,13261,2,1,0,0,1,0,0,0,0,0,0,0,0,1
2069,11,2f6ea44444c7d2aa,2.92655,17.80063,1,13226,1,0,0,0,0,0,0,0,0,0,0,0,0,1
2070,11,3ddaf6c03fddc296,2.198608,16.851792,1,13309,1,1,0,0,1,0,0,0,0,0,0,0,0,0
2071,11,0e0e55ce901d170d,1.653385,19.633791,1,13187,1,1,0,0,1,0,0,0,0,0,0,0,0,1
2072,11,463b4e418aa4c8ba,2.285779,18.228978,1,13072,1,0,0,0,0,0,0,0,0,0,0,0,0,1
2073,11,71a72436f8e81bad,1.717221,17.173594,1,12666,1,1,0,0,1,0,0,0,0,0,0,0,0,0
2074,11,59439860d818926d,1.291374,19.875791,1,12624,1,1,0,0,1,0,0,0,0,0,0,0,0,1
2075,11,291617708fa4ba6d,2.013815,14.931939,0,12593,1,0,0,0,0,0,0,0,0,0,0,0,0,0
2076,11,0657c32fb2e77e1b,1.512904,18.175496,1,12871,1,1,0,0,1,0,0,0,0,0,0,0,0,1
2077,11,49dfb8631dbefb2e,1.136588,17.133416,1,12836,1,1,0,0,1,0,0,0,0,0,0,0,0,0
2078,11,adc4a34f6324b48d,0.85473,19.845576,1,13029,1,1,0,0,1,0,0,0,0,0,0,0,0,1
2079,11,2c8dda3ba4bfceec,2.729434,18.388084,1,13426,2,0,0,0,0,0,0,0,0,0,0,0,0,1
2080,11,cc96ee70245ff55d,2.050521,20.0,1,13653,1,1,0,0,1,0,0,0,0,0,0,0,0,1
2081,11,6714e9d139b32a76,1.542021,19.101319,1,13697,1,1,0,0,1,0,0,0,0,0,0,0,0,0
2082,11,bc6f1c001ffd4c55,1.158463,20.0,1,13566,1,1,0,0,1,0,0,0,0,0,0,0,0,1
2083,11,ac4c2baddd2ef736,1.913963,16.00775,0,13737,1,0,0,0,0,0,0,0,0,0,0,0,0,0
2084,11,97f48def675fc689,1.437889,18.983713,1,13548,1,1,0,0,1,0,0,0,0,0,0,0,0,1
2085,11,aa36ff7531806219,1.081313,17.756525,1,13568,1,1,0,0,1,0,0,0,0,0,0,0,0,0
2086,11,1cf8977263bbeb4b,0.81235,20.0,1,13849,1,1,0,0,1,0,0,0,0,0,0,0,0,1
2087,11,85b1fff7e7be7361,0.610288,18.727599,1,13791,1,1,0,0,1,0,0,0,0,0,0,0,0,0
2088,11,1451e57a0236e7de,1.503096,17.563923,1,13520,1,0,0,0,0,0,0,0,0,0,0,0,0,1
2089,11,49ca57d1da037088,1.12922,16.673963,1,13781,1,1,0,0,1,0,0,0,0,0,0,0,0,0
2090,11,d791df00269d6d9e,0.848341,19.484214,1,13705,1,1,0,0,1,0,0,0,0,0,0,0,0,1
2091,11,a94e764223343195,1.68098,14.637762,0,13737,1,0,0,0,0,0,0,0,0,0,0,0,0,0
2092,11,12dc294f2f9e12e8,1.264121,17.968809,1,13566,1,1,0,0,1,0,0,0,0,0,0,0,0,1
2093,11,a79c003fa8be9edb,0.949687,16.978139,1,13609,1,1,0,0,1,0,0,0,0,0,0,0,0,0
2094,11,c8ce46c7af597e86,1.757118,16.233886,1,13973,1,0,0,0,0,0,0,0,0,0,0,0,0,1
2095,11,7a14841597efabe4,1.321377,15.688615,1,13600,1,1,0,0,1,0,0,0,0,0,0,0,0,0
2096,11,a7942aeff568c884,2.036355,18.743959,1,13829,2,1,0,0,1,0,0,0,0,0,0,0,0,1
2097,11,78a3cef3a369d1e7,2.573491,17.56048,1,13914,1,0,0,0,0,0,0,0,0,0,0,0,0,1
2098,11,1167826503ec5e88,1.933367,20.0,1,13804,1,1,0,0,1,0,0,0,0,0,0,0,0,1
2099,11,e1753e9bf77eded1,1.45392,18.633755,1,13915,1,1,0,0,1,0,0,0,0,0,0,0,0,0
2100,11,8dbce196d71180b7,2.135929,17.477688,1,13804,1,0,0,0,0,0,0,0,0,0,0,0,0,1
2101,11,f1227b15626129e9,1.604644,16.609178,1,13643,1,1,0,0,1,0,0,0,0,0,0,0,0,0
2102,11,3757e315ce37d561,1.206715,19.451342,1,13766,1,1,0,0,1,0,0,0,0,0,0,0,0,1
2103,11,e01449e06ec7ffc5,0.90656,20.0,1,14043,1,1,0,0,1,0,0,0,0,0,0,0,0,1
2104,11,581c1cbc0dcdc05a,1.724718,16.205302,0,14992,1,0,0,0,0,0,0,0,0,0,0,0,0,0
2105,11,03a072e49febfc4a,1.295716,19.132127,1,15276,1,1,0,0,1,0,0,0,0,0,0,0,0,1
2106,11,f67873dd562b3c87,0.974397,17.868134,1,15206,1,1,0,0,1,0,0,0,0,0,0,0,0,0
2107,11,de54682992890e10,0.732028,20.0,1,15261,1,1,0,0,1,0,0,0,0,0,0,0,0,1
2108,11,a945cd09c3a66d2a,1.593599,20.0,1,15589,2,1,0,0,1,0,0,0,0,0,0,0,0,1
2109,11,455fc9bab53ab042,1.198409,20.0,1,15667,1,1,0,0,1,0,0,0,0,0,0,0,0,0
2110,11,b08fd2657d66a9b1,0.90032,20.0,1,15528,1,1,0,0,1,0,0,0,0,0,0,0,0,1
2111,11,b6cfd8b9714460bf,0.676377,16.643325,0,15655,1,1,0,0,0,0,0,0,0,0,0,0,0,0
2112,11,860040450dde7370,1.55179,19.461197,1,15711,1,0,0,0,1,0,0,0,0,0,0,0,0,1
2113,11,0f3d7340a66fd205,1.166968,18.115599,1,15515,1,1,0,0,1,0,0,0,0,0,0,0,0,0
2114,11,47e39d62e1395275,0.876699,20.0,1,15633,1,1,0,0,1,0,0,0,0,0,0,0,0,1
2115,11,d54c9e71cb284999,0.658632,18.930259,1,15620,1,1,0,0,1,0,0,0,0,0,0,0,0,0
2116,11,5d9fe4dff6a5bd26,0.4953,20.0,1,14469,1,1,0,0,1,0,0,0,0,0,0,0,0,1
2117,11,233f7592a6fc7c7f,0.372101,20.0,1,14161,1,1,0,0,1,0,0,0,0,0,0,0,0,1
2118,11,0e277c7c91f30342,1.323199,17.190447,0,14226,1,0,0,0,0,0,0,0,0,0,0,0,0,0
2119,11,0bfba820c20069f1,0.99407,19.872229,1,14294,1,1,0,0,1,0,0,0,0,0,0,0,0,1
2120,11,286dc2fa59c02689,0.747555,18.424701,1,14394,1,1,0,0,1,0,0,0,0,0,0,0,0,0
2121,11,db5977adb6aef680,0.56161,20.0,1,14586,1,1,0,0,1,0,0,0,0,0,0,0,0,1
2122,11,e93657267053a7ad,0.421916,19.104715,1,14784,1,1,0,0,1,0,0,0,0,0,0,0,0,0
2123,11,33da8596e69960d8,2.405588,17.84752,1,14756,2,0,0,0,0,0,0,0,0,0,0,0,0,1
2124,11,545d198a1a6f952c,1.807228,20.0,1,14578,1,1,0,0,1,0,0,0,0,0,0,0,0,1
2125,11,6a9c914f595879b3,1.357703,20.0,1,14815,1,1,0,0,1,0,0,0,0,0,0,0,0,1
2126,11,4a0df1dc818a3640,1.019992,20.0,1,14509,1,1,0,0,1,0,0,0,0,0,0,0,0,0
2127,11,f0eaecbf21ef54b2,1.811199,18.671414,1,14482,1,0,0,0,0,0,0,0,0,0,0,0,0,1
2128,11,d5ecebf5a1082bc5,1.360686,20.0,1,14850,1,1,0,0,1,0,0,0,0,0,0,0,0,1
2129,11,972384edefa29634,2.065886,19.243959,1,15797,2,1,0,0,0,0,0,0,0,0,0,0,0,1
2130,11,6ef5a42559639b02,2.597726,17.952233,1,15576,1,0,0,0,1,0,0,0,0,0,0,0,0,0
2131,11,2336cba57609ef94,1.951575,20.0,1,16535,1,1,0,0,1,0,0,0,0,0,0,0,0,1
2132,11,39e5bc0f418f701d,2.509798,15.359211,0,16323,1,0,0,0,0,0,0,0,0,0,0,0,0,0
2133,11,1619eae50bfceca5,2.929171,18.49649,1,16033,2,1,0,0,1,0,0,0,0,0,0,0,0,1
2134,11,cc0b496fe4686005,2.202778,20.0,1,15655,1,1,0,0,1,0,0,0,0,0,0,0,0,1
2135,11,2f6358748a3b72aa,1.654865,20.0,1,15635,1,1,0,0,1,0,0,0,0,0,0,0,0,1
2136,11,de2fa260c713d193,3.330545,20.0,1,15869,2,0,0,0,0,0,0,0,0,0,0,0,0,1
2137,11,100bd4b971fd0660,2.504617,20.0,1,15731,1,1,0,0,1,0,0,0,0,0,0,0,0,1
2138,11,480178aefda98a85,1.881625,20.0,1,15625,1,1,0,0,1,0,0,0,0,0,0,0,0,1
2139,11,f7d74096be5c0869,2.457248,20.0,1,15942,2,1,0,0,0,0,0,0,0,0,0,0,0,1
2140,11,9e4e7c3c3aa85734,2.889692,19.502715,1,15894,1,0,0,0,1,0,0,0,0,0,0,0,0,0
2141,11,f21c5022981823ec,3.21724,20.0,1,15827,2,1,0,0,1,0,0,0,0,0,0,0,0,1
2142,11,58526daeb2494a2c,2.416992,20.0,1,15615,1,1,0,0,1,0,0,0,0,0,0,0,0,1
2143,11,b58f64d7bb031e74,1.815796,20.0,1,14380,1,1,0,0,1,0,0,0,0,0,0,0,0,1
2144,11,a9e908a68193ae0b,3.453805,20.0,1,14060,2,0,0,0,0,0,0,0,0,0,0,0,0,1
2145,11,93a6300c78d778dd,2.594715,20.0,1,13912,1,1,0,0,1,0,0,0,0,0,0,0,0,1
2146,11,12a15c2f01984836,1.949312,20.0,1,13982,1,1,0,0,1,0,0,0,0,0,0,0,0,0
2147,11,2d0de17bfbfffaf8,2.508099,20.0,1,13976,2,1,0,0,1,0,0,0,0,0,0,0,0,1
2148,11,cd1644180e1ae801,0.841976,20.0,1,13968,0,1,0,0,1,0,0,0,0,0,0,0,0,1
2149,11,c23c7eaadfbbfc95,2.719851,20.0,1,13923,2,0,0,0,0,0,0,0,0,0,0,0,0,1
2150,11,c0d5d2446f2812f9,2.043323,20.0,1,14096,1,1,0,0,1,0,0,0,0,0,0,0,0,1
2151,12,1fd48474a6be9a50,1.536608,20.0,1,13815,1,1,0,0,1,0,0,0,0,0,0,0,0,0
2152,12,0b198662efcfc49a,1.154396,20.0,1,14307,1,1,0,0,1,0,0,0,0,0,0,0,0,1
2153,12,fcbdd03152747088,0.867255,20.0,1,14091,1,1,0,0,0,0,0,0,0,0,0,0,0,1
2154,12,c7b8a2a9fab59ea4,1.695189,18.878685,1,14441,1,0,0,0,1,0,0,0,0,0,0,0,0,0
2155,12,241e6acbb414e8f5,1.274807,20.0,1,14166,1,1,0,0,1,0,0,0,0,0,0,0,0,1
2156,12,fc64a472a0076c97,2.001368,20.0,1,14096,2,1,0,0,1,0,0,0,0,0,0,0,0,1
2157,12,1e870741cfb1004d,2.547206,17.168557,0,14245,1,0,0,0,0,0,0,0,0,0,0,0,0,0
2158,12,bf57db00a494f005,1.915535,19.872003,1,13946,1,1,0,0,1,0,0,0,0,0,0,0,0,1
2159,12,b9cebc1ba6e23f90,1.43907,20.0,1,14084,1,1,0,0,1,0,0,0,0,0,0,0,0,1
2160,12,e665c14bbc29de1b,2.124773,16.442721,0,14228,1,0,0,0,0,0,0,0,0,0,0,0,0,0
2161,12,e769dc1986223560,2.639916,19.310491,1,14324,2,1,0,0,1,0,0,0,0,0,0,0,0,1
2162,12,1dc6f86b0f28f527,1.985254,20.0,1,13988,1,1,0,0,1,0,0,0,0,0,0,0,0,1
2163,12,83171efae161e4f9,2.535101,19.618045,1,14386,1,0,0,0,0,0,0,0,0,0,0,0,0,1
2164,12,d0f092e334d1b579,1.904526,20.0,1,13911,1,1,0,0,1,0,0,0,0,0,0,0,0,1
2165,12,3c72e9f66e532470,1.432231,19.796197,1,13978,1,1,0,0,1,0,0,0,0,0,0,0,0,0
2166,12,94c45a28bf1facb4,2.119635,20.0,1,13995,2,1,0,0,1,0,0,0,0,0,0,0,0,1
2167,12,1ea3379f3547fd92,2.636056,19.878781,1,14011,1,0,0,0,0,0,0,0,0,0,0,0,0,1
2168,12,f2433026cfae9a47,1.98037,20.0,1,13901,1,1,0,0,1,0,0,0,0,0,0,0,0,1
2169,12,d0cc26dd4ca1a8f2,1.489267,19.943503,1,13972,1,1,0,0,1,0,0,0,0,0,0,0,0,0
2170,12,38a3c7ee0e61cf29,2.162484,20.0,1,13952,2,1,0,0,1,0,0,0,0,0,0,0,0,1
2171,12,e64373de38c1d3e1,1.624593,19.96192,1,14083,1,1,0,0,0,0,0,0,0,0,0,0,0,1
2172,12,7addd6445d78c1a4,2.265868,20.0,1,13807,1,0,0,0,1,0,0,0,0,0,0,0,0,1
2173,12,32a2c7ad3446fe7a,1.702262,19.986076,1,13910,1,1,0,0,1,0,0,0,0,0,0,0,0,0
2174,12,c2ddba3954d1d184,1.278846,20.0,1,13958,1,1,0,0,1,0,0,0,0,0,0,0,0,1
2175,12,6665faed5439f816,0.960749,20.0,1,13851,1,1,0,0,1,0,0,0,0,0,0,0,0,1
2176,12,e2ced52540714a46,2.810798,20.0,1,13789,2,0,0,0,0,0,0,0,0,0,0,0,0,1
2177,12,609fe1b042bd7177,2.111647,20.0,1,13797,1,1,0,0,1,0,0,0,0,0,0,0,0,1
2178,12,a841332a0fc6c3b7,1.586402,20.0,1,14001,1,1,0,0,1,0,0,0,0,0,0,0,0,0
2179,12,55f4672a66ea5f47,1.192997,20.0,1,13823,1,1,0,0,1,0,0,0,0,0,0,0,0,1
2180,12,c0bd9a34ec0d85ea,0.896254,20.0,1,13955,1,1,0,0,1,0,0,0,0,0,0,0,0,0
2181,12,aabefe6d1a5d48da,1.716975,18.776988,1,13744,1,0,0,0,0,0,0,0,0,0,0,0,0,1
2182,12,3a430dc208632016,1.289899,17.585294,1,13953,1,1,0,0,1,0,0,0,0,0,0,0,0,0
2183,12,80aa2168e796d8f4,2.014173,16.704893,1,13819,1,0,0,0,0,0,0,0,0,0,0,0,0,1
2184,12,962a960fb5d98b64,1.513173,16.028606,1,13871,1,1,0,0,1,0,0,0,0,0,0,0,0,0
2185,12,45945e108c89014a,2.180444,15.520537,1,13930,1,0,0,0,0,0,0,0,0,0,0,0,0,1
2186,12,7d09ed8fe498443a,2.683875,18.632669,1,13870,2,1,0,0,1,0,0,0,0,0,0,0,0,1
2187,12,3afc66ac3f4f5b76,2.016295,13.998027,0,13949,0,0,0,0,0,0,0,0,0,0,0,0,0,0
2188,12,d43984f261b74dc3,2.558421,17.473884,1,13933,2,1,0,0,1,0,0,0,0,0,0,0,0,1
2189,12,c873eac609f90289,2.965699,13.127476,0,13892,1,0,0,0,0,0,0,0,0,0,0,0,0,0
2190,12,7091a32442c14d6a,2.230248,16.833052,1,13948,1,1,0,0,1,0,0,0,0,0,0,0,0,1
2191,12,2307c10d64c63b7c,1.675502,19.603732,1,14003,1,1,0,0,1,0,0,0,0,0,0,0,0,1
2192,12,8b0b0a97806a7403,1.258742,14.727551,0,13803,1,1,0,0,0,0,0,0,0,0,0,0,0,0
2193,12,99f831b9a521fa56,1.990742,18.036332,1,14031,1,0,0,0,1,0,0,0,0,0,0,0,0,1
2194,12,67c338be39fa1750,2.539224,20.0,1,13834,2,1,0,0,1,0,0,0,0,0,0,0,0,1
2195,12,3480561eb3823f9e,1.907624,20.0,1,13950,1,1,0,0,1,0,0,0,0,0,0,0,0,1
2196,12,7f07c0273483f8b0,1.433126,20.0,1,13900,1,1,0,0,1,0,0,0,0,0,0,0,0,0
2197,12,3a2ae35984b13365,2.121882,18.731619,1,13974,1,0,0,0,0,0,0,0,0,0,0,0,0,1
2198,12,37497df471636a00,1.594091,17.551209,1,14125,1,1,0,0,1,0,0,0,0,0,0,0,0,0
2199,12,a3d08d88f646c570,1.197581,20.0,1,13884,1,1,0,0,1,0,0,0,0,0,0,0,0,1
2200,12,072bbcd0c037855a,0.900598,20.0,1,14042,1,1,0,0,1,0,0,0,0,0,0,0,0,1
2201,12,f59340e46b02c2f2,2.763892,20.0,1,13912,2,0,0,0,0,0,0,0,0,0,0,0,0,1
2202,12,4605d90764b940fa,2.076409,18.570602,1,13749,1,1,0,0,1,0,0,0,0,0,0,0,0,0
2203,12,9552be10a6413dfc,1.559928,20.0,1,13967,1,1,0,0,1,0,0,0,0,0,0,0,0,1
2204,12,e815e7f51ce5d921,1.173088,19.204434,1,13958,1,1,0,0,1,0,0,0,0,0,0,0,0,0
2205,12,37530b5efd0ceb4c,1.924951,17.906418,1,14011,1,0,0,0,0,0,0,0,0,0,0,0,0,1
2206,12,74ab08ab2aa96740,1.446144,16.931267,1,13905,1,1,0,0,1,0,0,0,0,0,0,0,0,0
2207,12,3cb4f0f3ee625c0f,1.087521,19.693557,1,13843,1,1,0,0,1,0,0,0,0,0,0,0,0,1
2208,12,cef7c08325a7fb76,0.817014,18.273878,1,14016,1,1,0,0,1,0,0,0,0,0,0,0,0,0
2209,12,547b435069d7a267,2.701098,17.207326,1,14228,2,0,0,0,0,0,0,0,0,0,0,0,0,1
2210,12,f2ef229d04bfefd5,2.029234,19.88491,1,14060,1,1,0,0,1,0,0,0,0,0,0,0,0,1
2211,12,0b1e11e6c420b079,2.570164,18.434237,1,14086,1,0,0,0,0,0,0,0,0,0,0,0,0,1
2212,12,7c9a86a2de040dc0,1.930868,17.327798,1,14102,1,1,0,0,1,0,0,0,0,0,0,0,0,0
2213,12,dae37cb02d0e18eb,1.450589,19.975416,1,14263,1,1,0,0,1,0,0,0,0,0,0,0,0,1
2214,12,745ec8f435101432,2.135014,18.502299,1,14089,1,0,0,0,0,0,0,0,0,0,0,0,0,1
2215,12,eb93ad62c34ed6ce,1.603956,20.0,1,14098,1,1,0,0,1,0,0,0,0,0,0,0,0,1
2216,12,5991c4604a7bc2f8,1.204992,19.148511,1,14299,1,1,0,0,1,0,0,0,0,0,0,0,0,0
2217,12,98b52b9260d0432d,1.948919,17.864405,1,14098,1,0,0,0,0,0,0,0,0,0,0,0,0,1
2218,12,1b5817eff6d68c7a,2.509765,20.0,1,14194,2,1,0,0,1,0,0,0,0,0,0,0,0,1
2219,12,1096e15db653a60d,2.929146,15.322219,0,14169,1,0,0,0,0,0,0,0,0,0,0,0,0,0
2220,12,aef3a7106393b37f,2.200558,18.4687,1,14110,1,1,0,0,1,0,0,0,0,0,0,0,0,1
2221,12,249f8fa6ff845679,1.654851,17.369227,1,14043,1,1,0,0,1,0,0,0,0,0,0,0,0,0
2222,12,4278acc1f88e3ead,1.243228,20.0,1,14070,1,1,0,0,1,0,0,0,0,0,0,0,0,1
2223,12,cefbcd7907df4bd6,0.933991,15.030166,0,14363,1,1,0,0,0,0,0,0,0,0,0,0,0,0
2224,12,c2407a82afe7403e,2.788979,18.249291,1,14214,2,0,0,0,1,0,0,0,0,0,0,0,0,1
2225,12,1a56c983d63530ab,2.097352,20.0,1,14159,1,1,0,0,1,0,0,0,0,0,0,0,0,1
2226,12,bb0ba312801d48be,1.575662,20.0,1,14940,1,1,0,0,1,0,0,0,0,0,0,0,0,1
2227,12,462d07872d11f725,1.183736,20.0,1,14917,1,1,0,0,1,0,0,0,0,0,0,0,0,1
2228,12,aa2cc0c025381d94,1.934337,17.942391,0,14506,1,0,0,0,0,0,0,0,0,0,0,0,0,0
2229,12,2b72db7c6dbc9eae,2.496848,20.0,1,14891,2,1,0,0,1,0,0,0,0,0,0,0,0,1
2230,12,f18e7063148d3f6b,1.875789,20.0,1,14681,1,1,0,0,1,0,0,0,0,0,0,0,0,1
2231,12,a31ac8bc120823f1,1.40921,20.0,1,14193,1,1,0,0,1,0,0,0,0,0,0,0,0,1
2232,12,c97d85037dbd0ee6,2.103897,20.0,1,14197,1,0,0,0,0,0,0,0,0,0,0,0,0,1
2233,12,27dc7be297fcac78,1.580579,19.494115,1,13930,1,1,0,0,1,0,0,0,0,0,0,0,0,0
2234,12,66cc93167d2395a8,2.231083,20.0,1,14183,2,1,0,0,1,0,0,0,0,0,0,0,0,1
2235,12,1da9cdd039605343,1.677806,19.726182,1,14000,1,1,0,0,0,0,0,0,0,0,0,0,0,1
2236,12,fd2bfcc4db1f3b82,2.304127,18.298388,1,13876,1,0,0,0,1,0,0,0,0,0,0,0,0,0
2237,12,89db392cc13da3b6,1.731004,20.0,1,13937,1,1,0,0,1,0,0,0,0,0,0,0,0,1
2238,12,2864f4880fd99ea4,1.300439,19.033424,1,14050,1,1,0,0,1,0,0,0,0,0,0,0,0,0
2239,12,90e6dd9b143cbb1a,2.022099,17.793908,1,13890,1,0,0,0,0,0,0,0,0,0,0,0,0,1
2240,12,885963fda12672ea,1.519127,16.846742,1,14181,1,1,0,0,1,0,0,0,0,0,0,0,0,0
2241,12,306041ce9e61d6fb,1.141264,19.614017,1,14455,1,1,0,0,1,0,0,0,0,0,0,0,0,1
2242,12,dc9e8f8bd4714c41,2.946547,18.230522,1,14004,2,0,0,0,0,0,0,0,0,0,0,0,0,1
2243,12,4ed9c6560d83c924,2.213631,20.0,1,14162,1,1,0,0,1,0,0,0,0,0,0,0,0,1
2244,12,3f90cf76e1fd44fd,1.663018,20.0,1,14042,1,1,0,0,1,0,0,0,0,0,0,0,0,1
2245,12,6b89f9590be09b0d,1.249363,20.0,1,14138,1,1,0,0,1,0,0,0,0,0,0,0,0,0
2246,12,730514a167f6da40,1.98369,18.793538,1,13887,1,0,0,0,0,0,0,0,0,0,0,0,0,1
2247,12,04a955afb28e8596,1.490272,20.0,1,14033,1,1,0,0,1,0,0,0,0,0,0,0,0,1
2248,12,e52a3f34029ba84c,2.163239,20.0,1,13886,2,1,0,0,1,0,0,0,0,0,0,0,0,1
2249,12,f16259483084472a,2.670937,20.0,1,13973,1,0,0,0,0,0,0,0,0,0,0,0,0,1
2250,12,21230a931b449641,2.006575,18.970035,1,14253,1,1,0,0,1,0,0,0,0,0,0,0,0,0
2251,12,b67f4e5d8fba13f6,1.507465,20.0,1,14059,1,1,0,0,1,0,0,0,0,0,0,0,0,1
2252,12,279cecc00ad2cc38,2.176155,19.412499,1,14165,2,1,0,0,0,0,0,0,0,0,0,0,0,1
2253,12,730c354ed742fe4c,2.68065,20.0,1,13936,1,0,0,0,1,0,0,0,0,0,0,0,0,1
2254,12,97dfb15eb92ba380,2.013872,19.675675,1,13886,1,1,0,0,1,0,0,0,0,0,0,0,0,0
2255,12,99b18cdfb79157cb,1.512947,20.0,1,14039,1,1,0,0,1,0,0,0,0,0,0,0,0,1
2256,12,f09941376c2f17d6,2.181908,16.348255,0,13774,1,0,0,0,0,0,0,0,0,0,0,0,0,0
2257,12,fd453ef9954fa377,1.639186,19.239522,1,14289,1,1,0,0,1,0,0,0,0,0,0,0,0,1
2258,12,5a7c08aeaeb3f131,1.231459,20.0,1,14116,1,1,0,0,1,0,0,0,0,0,0,0,0,1
2259,12,fee836e53632bf4f,3.012456,19.564596,1,14027,2,0,0,0,0,0,0,0,0,0,0,0,0,1
2260,12,837a6106fa494ed2,2.26541,20.0,1,14165,1,1,0,0,1,0,0,0,0,0,0,0,0,1
2261,12,5fd3f8d4b3f38408,1.701918,19.761604,1,14013,1,1,0,0,1,0,0,0,0,0,0,0,0,0
2262,12,c52f5373967028f2,3.365894,18.324999,1,14158,2,0,0,0,0,0,0,0,0,0,0,0,0,1
2263,12,683783d3def562c9,2.5312,20.0,1,14045,1,1,0,0,1,0,0,0,0,0,0,0,0,1
2264,12,c1be9b22db843f4c,1.901596,20.0,1,14276,1,1,0,0,1,0,0,0,0,0,0,0,0,1
2265,12,205557d4472e0c8a,1.428598,20.0,1,14174,1,1,0,0,1,0,0,0,0,0,0,0,0,0
2266,12,54d126c1c579bf35,1.073252,20.0,1,14316,1,1,0,0,1,0,0,0,0,0,0,0,0,1
2267,12,fc4428b3608f930f,1.851252,16.764474,0,14232,1,0,0,0,0,0,0,0,0,0,0,0,0,0
2268,12,aaa1426ebb9c67f5,1.390776,19.552212,1,14297,1,1,0,0,1,0,0,0,0,0,0,0,0,1
2269,12,6a1c37125f283f26,1.044838,18.16769,1,14308,1,1,0,0,1,0,0,0,0,0,0,0,0,0
2270,12,7f4725d12e6c652c,0.785733,20.0,1,14460,1,1,0,0,1,0,0,0,0,0,0,0,0,1
2271,12,96caef56ba793d1c,1.633945,15.493563,0,14419,1,0,0,0,0,0,0,0,0,0,0,0,0,0
2272,12,68682e4117060b90,2.271175,18.597424,1,14626,2,1,0,0,1,0,0,0,0,0,0,0,0,1
2273,12,5c70d989b9949b83,2.749903,17.450394,1,14690,1,0,0,0,0,0,0,0,0,0,0,0,0,1
2274,12,0d2e84d16bc881ec,2.067966,20.0,1,14420,1,1,0,0,1,0,0,0,0,0,0,0,0,1
2275,12,9e6156b0bf9911e5,1.553585,18.567164,1,14531,1,1,0,0,1,0,0,0,0,0,0,0,0,0
2276,12,d60e4083ba2b1045,2.210804,17.427661,1,14356,1,0,0,0,0,0,0,0,0,0,0,0,0,1
2277,12,866fea0252443ac8,1.662556,20.0,1,14354,1,1,0,0,1,0,0,0,0,0,0,0,0,1
2278,12,83b6613b1b24c1ea,1.249016,18.554321,1,14229,1,1,0,0,1,0,0,0,0,0,0,0,0,0
2279,12,2e16e67fda205951,3.025646,17.418012,1,14234,2,0,0,0,0,0,0,0,0,0,0,0,0,1
2280,12,8691d1d2dc8b0c46,2.273055,20.0,1,14348,1,1,0,0,1,0,0,0,0,0,0,0,0,1
2281,12,767c14be8555fe24,1.70937,20.0,1,14333,1,1,0,0,1,0,0,0,0,0,0,0,0,1
2282,12,6731ad8dbff47d93,2.327839,20.0,1,14155,1,0,0,0,0,0,0,0,0,0,0,0,0,1
2283,12,e627b60ab0c92c4c,1.748818,18.52813,1,14298,1,1,0,0,1,0,0,0,0,0,0,0,0,0
2284,12,ac30f187b82a55ae,2.359287,20.0,1,14155,2,1,0,0,1,0,0,0,0,0,0,0,0,1
2285,12,f60c52c3d3c4c37e,2.816097,19.176042,1,14055,1,0,0,0,0,0,0,0,0,0,0,0,0,1
2286,12,fbd72c372485589b,2.115629,20.0,1,14137,1,1,0,0,1,0,0,0,0,0,0,0,0,1
2287,12,f00399062eef696d,1.589393,20.0,1,13852,1,1,0,0,1,0,0,0,0,0,0,0,0,1
2288,12,85c65dc94872c6ab,1.195246,20.0,1,13858,1,1,0,0,1,0,0,0,0,0,0,0,0,0
2289,12,662ff7e7306c3508,1.941597,19.092001,1,13705,1,0,0,0,0,0,0,0,0,0,0,0,0,1
2290,12,c3fcbc84d2bd2b4b,1.458649,17.821951,1,13758,1,1,0,0,1,0,0,0,0,0,0,0,0,0
2291,12,c1687e832e4cf35c,1.096925,20.0,1,13599,1,1,0,0,1,0,0,0,0,0,0,0,0,1
2292,12,1548ba99abb5de08,2.911385,18.777079,1,13710,2,0,0,0,0,0,0,0,0,0,0,0,0,1
2293,12,52cff11b0a729b2f,2.187215,17.585362,1,13748,1,1,0,0,1,0,0,0,0,0,0,0,0,0
2294,12,aede138e15ed7d96,1.643173,20.0,1,13443,1,1,0,0,1,0,0,0,0,0,0,0,0,1
2295,12,2d9d0819d21b0d1f,2.27984,18.647813,1,13564,1,0,0,0,0,0,0,0,0,0,0,0,0,1
2296,12,57b29ac1bd37d207,1.712759,20.0,1,13551,1,1,0,0,1,0,0,0,0,0,0,0,0,1
2297,12,0a17a01a95b80772,1.286731,19.230638,1,13478,1,1,0,0,1,0,0,0,0,0,0,0,0,0
2298,12,e82d8fa391739fa0,2.011791,17.942216,1,13189,1,0,0,0,0,0,0,0,0,0,0,0,0,1
2299,12,fc9d155becd460b4,1.511383,16.95816,1,13323,1,1,0,0,1,0,0,0,0,0,0,0,0,0
2300,12,56f6d0ec1ffe6996,1.135446,19.697721,1,13338,1,1,0,0,1,0,0,0,0,0,0,0,0,1
2301,12,5e07c9917e6e487e,1.896671,14.798161,0,13131,1,0,0,0,0,0,0,0,0,0,0,0,0,0
2302,12,795b2d9396fe7778,1.426324,18.089432,1,13243,1,1,0,0,1,0,0,0,0,0,0,0,0,1
2303,12,bbc950a1486ff38b,1.071544,13.589914,0,13251,1,1,0,0,0,0,0,0,0,0,0,0,0,0
2304,12,010479df931c6618,1.848664,17.167283,1,13305,1,0,0,0,1,0,0,0,0,0,0,0,0,1
2305,12,cb25a4de4bfcff8a,1.390222,16.390543,1,13408,1,1,0,0,1,0,0,0,0,0,0,0,0,0
2306,12,247f1a569fb39a88,2.088075,15.792447,1,13357,1,0,0,0,0,0,0,0,0,0,0,0,0,1
2307,12,226dd36713e32478,1.568693,18.821964,1,13309,1,1,0,0,1,0,0,0,0,0,0,0,0,1
2308,12,5cbd1f2802872c68,2.222154,14.140238,0,13371,1,0,0,0,0,0,0,0,0,0,0,0,0,0
2309,12,3f4a3e7f22b4c3d3,2.715242,20.0,1,13375,2,1,0,0,1,0,0,0,0,0,0,0,0,2
2310,12,7fa75709603a60f9,3.083513,15.832984,0,13631,1,0,0,0,0,0,0,0,0,0,0,0,0,0
2311,12,add7073af6c038b7,2.316528,18.852418,1,13762,1,1,0,0,1,0,0,0,0,0,0,0,0,1
2312,12,c68ebfa70dd181e1,1.742062,20.0,1,13780,1,1,0,0,1,0,0,0,0,0,0,0,0,1
2313,12,977209954bc8ff01,1.308746,15.880407,0,13663,1,1,0,0,0,0,0,0,0,0,0,0,0,0
2314,12,f88c01afe456447e,2.026865,18.888045,1,13445,1,0,0,0,1,0,0,0,0,0,0,0,0,1
2315,12,c75733457445e820,1.522708,20.0,1,13475,1,1,0,0,1,0,0,0,0,0,0,0,0,1
2316,12,ae1ada5f852d0fbe,3.233399,15.903275,0,13378,2,0,0,0,0,0,0,0,0,0,0,0,0,0
2317,12,53614c753700bbc8,2.429132,18.905225,1,13428,1,1,0,0,1,0,0,0,0,0,0,0,0,1
2318,12,f688ad252e84b3df,1.824916,20.0,1,13150,1,1,0,0,1,0,0,0,0,0,0,0,0,1
2319,12,b9d556858d42fd70,2.416513,15.912981,0,13343,1,0,0,0,0,0,0,0,0,0,0,0,0,0
2320,12,745d779ae634965c,1.815436,18.912517,1,13508,1,1,0,0,1,0,0,0,0,0,0,0,0,1
2321,12,37a8fc8aa34291bc,1.363869,20.0,1,13233,1,1,0,0,1,0,0,0,0,0,0,0,0,1
2322,12,f76f19a05c7ba921,3.111931,19.380036,1,13217,2,0,0,0,0,0,0,0,0,0,0,0,0,1
2323,12,87ab574b7276cfc1,1.296066,18.054565,1,13003,0,1,0,0,1,0,0,0,0,0,0,0,0,0
2324,12,485c66754133f4d4,2.017339,20.0,1,13113,2,1,0,0,1,0,0,0,0,0,0,0,0,1
2325,12,b9d1b46009832bdd,1.515551,18.895812,1,13153,1,1,0,0,1,0,0,0,0,0,0,0,0,0
2326,13,1fd48474a6be9a50,2.183867,17.690422,1,13880,1,0,0,0,0,0,0,0,0,0,0,0,0,1
2327,13,0b198662efcfc49a,1.640657,20.0,1,14182,1,1,0,0,1,0,0,0,0,0,0,0,0,1
2328,13,fcbdd03152747088,2.276218,15.211446,0,14245,1,0,0,0,0,0,0,0,0,0,0,0,0,0
2329,13,c7b8a2a9fab59ea4,1.710037,18.38548,1,14431,1,1,0,0,1,0,0,0,0,0,0,0,0,1
2330,13,241e6acbb414e8f5,2.330123,20.0,1,14179,2,1,0,0,1,0,0,0,0,0,0,0,0,1
2331,13,fc64a472a0076c97,2.794188,19.095451,1,14054,1,0,0,0,0,0,0,0,0,0,0,0,0,1
2332,13,1e870741cfb1004d,2.099169,17.824543,1,14300,1,1,0,0,1,0,0,0,0,0,0,0,0,0
2333,13,bf57db00a494f005,1.578605,20.0,1,13934,1,1,0,0,1,0,0,0,0,0,0,0,0,1
2334,13,b9cebc1ba6e23f90,2.2296,20.0,1,14209,2,1,0,0,1,0,0,0,0,0,0,0,0,1
2335,13,e665c14bbc29de1b,1.675015,16.721143,0,14108,0,0,0,0,0,0,0,0,0,0,0,0,0,0
2336,13,e769dc1986223560,2.30203,19.519659,1,14244,2,1,0,0,1,0,0,0,0,0,0,0,0,1
2337,13,1dc6f86b0f28f527,2.77531,14.679062,0,14058,1,0,0,0,0,0,0,0,0,0,0,0,0,0
2338,13,83171efae161e4f9,2.084986,17.985519,1,13980,1,1,0,0,1,0,0,0,0,0,0,0,0,1
2339,13,d0f092e334d1b579,1.566372,20.0,1,14090,1,1,0,0,1,0,0,0,0,0,0,0,0,1
2340,13,3c72e9f66e532470,1.177934,15.393384,0,13961,1,1,0,0,0,0,0,0,0,0,0,0,0,0
2341,13,1fdd04fc4bd3a35e,2.972245,18.522163,1,14157,2,0,0,0,1,0,0,0,0,0,0,0,0,1
2342,13,1ea3379f3547fd92,2.232936,20.0,1,14008,1,1,0,0,1,0,0,0,0,0,0,0,0,1
2343,13,f2433026cfae9a47,1.677522,20.0,1,14025,1,1,0,0,1,0,0,0,0,0,0,0,0,1
2344,13,d0cc26dd4ca1a8f2,1.26152,20.0,1,13882,1,1,0,0,0,0,0,0,0,0,0,0,0,1
2345,13,38a3c7ee0e61cf29,1.991386,18.883504,1,14102,1,0,0,0,1,0,0,0,0,0,0,0,0,0
2346,13,e64373de38c1d3e1,1.496054,20.0,1,13825,1,1,0,0,1,0,0,0,0,0,0,0,0,1
2347,13,7addd6445d78c1a4,1.125054,19.381211,1,13861,1,1,0,0,1,0,0,0,0,0,0,0,0,0
2348,13,32a2c7ad3446fe7a,2.932518,18.039224,1,13850,2,0,0,0,0,0,0,0,0,0,0,0,0,1
2349,13,c2ddba3954d1d184,2.203091,20.0,1,13862,1,1,0,0,1,0,0,0,0,0,0,0,0,1
2350,13,6665faed5439f816,1.6551,18.887153,1,13952,1,1,0,0,1,0,0,0,0,0,0,0,0,0
2351,13,e2ced52540714a46,1.244659,20.0,1,13750,1,1,0,0,1,0,0,0,0,0,0,0,0,1
2352,13,609fe1b042bd7177,1.978719,19.378876,1,13822,1,0,0,0,0,0,0,0,0,0,0,0,0,1
2353,13,a841332a0fc6c3b7,1.486538,18.03747,1,13848,1,1,0,0,1,0,0,0,0,0,0,0,0,0
2354,13,55f4672a66ea5f47,1.117897,20.0,1,13909,1,1,0,0,1,0,0,0,0,0,0,0,0,1
2355,13,c0bd9a34ec0d85ea,1.883488,15.419994,0,14007,1,0,0,0,0,0,0,0,0,0,0,0,0,0
2356,13,aabefe6d1a5d48da,1.414994,18.542154,1,13715,1,1,0,0,1,0,0,0,0,0,0,0,0,1
2357,13,3a430dc208632016,1.063032,20.0,1,13885,1,1,0,0,1,0,0,0,0,0,0,0,0,1
2358,13,80aa2168e796d8f4,0.799415,15.70786,0,13805,1,1,0,0,0,0,0,0,0,0,0,0,0,0
2359,13,f7ccb287b0e2aba7,1.644224,18.758417,1,14012,1,0,0,0,1,0,0,0,0,0,0,0,0,1
2360,13,2112fa62c82cb6c3,2.278898,17.571342,1,13836,1,0,0,0,0,0,0,0,0,0,0,0,0,1
2361,13,542d2ce96e80afc1,2.757914,20.0,1,13896,2,1,0,0,1,0,0,0,0,0,0,0,0,1
2362,13,6e60a9a40289d397,2.071918,18.635495,1,13937,1,1,0,0,1,0,0,0,0,0,0,0,0,0
2363,13,0d28e31d51bf6ee7,2.600208,17.478995,1,13914,1,0,0,0,0,0,0,0,0,0,0,0,0,1
2364,13,1cc2b0b192026c8b,1.953439,16.61016,1,13709,1,1,0,0,1,0,0,0,0,0,0,0,0,0
2365,13,1248b02762c2799a,1.469014,19.452081,1,13938,1,1,0,0,1,0,0,0,0,0,0,0,0,1
2366,13,3686db50da6353c5,1.103615,18.092466,1,14001,1,1,0,0,0,0,0,0,0,0,0,0,0,1
2367,13,07a5e51a719ae67e,2.916412,20.0,1,13927,2,0,0,0,1,0,0,0,0,0,0,0,0,1
2368,13,f655ac8ba190f916,2.193183,18.934306,1,13978,1,1,0,0,1,0,0,0,0,0,0,0,0,0
2369,13,acf062be464e6a16,1.647656,20.0,1,13904,1,1,0,0,1,0,0,0,0,0,0,0,0,1
2370,13,de13e887285fb9b5,1.237823,19.392334,1,13915,1,1,0,0,1,0,0,0,0,0,0,0,0,0
2371,13,b881e3f0277e0f1e,1.973583,18.04758,1,13985,1,0,0,0,0,0,0,0,0,0,0,0,0,1
2372,13,3113f88925ef22eb,1.484163,20.0,1,13823,1,1,0,0,1,0,0,0,0,0,0,0,0,1
2373,13,8f5d1507a606f6db,2.158649,20.0,1,14050,2,1,0,0,1,0,0,0,0,0,0,0,0,1
2374,13,4c671eda2cb97842,2.665366,16.815808,0,13876,1,0,0,0,0,0,0,0,0,0,0,0,0,0
2375,13,a70975e0d75fcfa2,2.004393,19.606731,1,14011,1,1,0,0,1,0,0,0,0,0,0,0,0,1
2376,13,e32a82da60bb8735,1.505826,18.208648,1,13998,1,1,0,0,1,0,0,0,0,0,0,0,0,0
2377,13,0ceb51fa72226318,1.131271,17.158321,1,13936,1,1,0,0,0,0,0,0,0,0,0,0,0,1
2378,13,2380749c713565a3,1.893535,19.848094,1,13914,1,0,0,0,1,0,0,0,0,0,0,0,0,1
2379,13,6712e77d60dcbb1b,1.423965,18.406552,1,13980,1,1,0,0,1,0,0,0,0,0,0,0,0,0
2380,13,26000cfb780e6842,1.069772,20.0,1,13965,1,1,0,0,1,0,0,0,0,0,0,0,0,1
2381,13,4d9f805f0bb0418f,1.847333,19.094471,1,13795,1,0,0,0,0,0,0,0,0,0,0,0,0,1
2382,13,33455cd54b443737,1.389221,17.839816,1,13922,1,1,0,0,1,0,0,0,0,0,0,0,0,0
2383,13,b8ece21f24cf9aed,2.087323,16.881232,1,13961,1,0,0,0,0,0,0,0,0,0,0,0,0,1
2384,13,438d9b97668d3919,1.568128,19.639927,1,14108,1,1,0,0,1,0,0,0,0,0,0,0,0,1
2385,13,6c5ca6adeb383ed3,1.178076,18.233588,1,14363,1,1,0,0,1,0,0,0,0,0,0,0,0,0
2386,13,6fb7f140d1b80dad,0.88593,20.0,1,14103,1,1,0,0,1,0,0,0,0,0,0,0,0,1
2387,13,4812b980a4836118,1.709219,19.009637,1,14098,1,0,0,0,0,0,0,0,0,0,0,0,0,1
2388,13,7580f222342b86e3,1.284073,17.760074,1,14304,1,1,0,0,1,0,0,0,0,0,0,0,0,0
2389,13,d4d46829618cb27a,2.009791,20.0,1,14091,2,1,0,0,1,0,0,0,0,0,0,0,0,1
2390,13,e6d9159f25d02b70,2.553534,18.742121,1,14289,1,0,0,0,0,0,0,0,0,0,0,0,0,1
2391,13,39f4850a8583fbcf,1.918375,20.0,1,14227,1,1,0,0,1,0,0,0,0,0,0,0,0,1
2392,13,85d5ca1060e16177,1.441203,20.0,1,14528,1,1,0,0,1,0,0,0,0,0,0,0,0,1
2393,13,83703bee72dfc819,1.083806,20.0,1,15141,1,1,0,0,1,0,0,0,0,0,0,0,0,0
2394,13,8dbb0fb9ab9f07ef,1.857876,18.95364,1,15179,1,0,0,0,0,0,0,0,0,0,0,0,0,1
2395,13,6f0d1c31a9ffc0e1,1.395753,17.718006,1,15157,1,1,0,0,1,0,0,0,0,0,0,0,0,0
2396,13,5109bef17223c688,1.049626,20.0,1,16113,1,1,0,0,1,0,0,0,0,0,0,0,0,1
2397,13,5d3ce57aa41c34f4,1.832198,20.0,1,16269,2,1,0,0,1,0,0,0,0,0,0,0,0,1
2398,13,f0acb349efcc2348,2.420115,20.0,1,15847,1,0,0,0,0,0,0,0,0,0,0,0,0,1
2399,13,33542b47ee22c0e5,2.861796,20.0,1,15559,2,1,0,0,1,0,0,0,0,0,0,0,0,1
2400,13,819fe22d79de0de5,2.152111,20.0,1,15356,1,1,0,0,1,0,0,0,0,0,0,0,0,1
2401,13,50694e058b554346,2.660454,20.0,1,15340,2,1,0,0,1,0,0,0,0,0,0,0,0,1
2402,13,369693e2bd6a1051,3.042353,20.0,1,15513,1,0,0,0,0,0,0,0,0,0,0,0,0,1
2403,13,5867a45e9bea42d3,2.287893,20.0,1,15209,1,1,0,0,1,0,0,0,0,0,0,0,0,1
2404,13,1a476712fba7fd1e,2.762462,20.0,1,14761,2,1,0,0,1,0,0,0,0,0,0,0,0,1
2405,13,06e0351a32412628,2.075334,20.0,1,14586,1,1,0,0,1,0,0,0,0,0,0,0,0,0
2406,13,8e6d391efc4138e0,2.602774,19.990291,1,14374,1,0,0,0,0,0,0,0,0,0,0,0,0,1
2407,13,6d80f7ae2748d69a,1.957323,18.513486,1,14113,1,1,0,0,1,0,0,0,0,0,0,0,0,0
2408,13,91815096a7eaca62,1.470464,20.0,1,14046,1,1,0,0,1,0,0,0,0,0,0,0,0,1
2409,13,d68b7066aa351681,2.148358,20.0,1,13950,2,1,0,0,1,0,0,0,0,0,0,0,0,1
2410,13,0189b413427b5b5c,2.659746,17.020842,0,13794,1,0,0,0,0,0,0,0,0,0,0,0,0,0
2411,13,53740cd3371492f9,1.998168,19.744811,1,13976,1,1,0,0,1,0,0,0,0,0,0,0,0,1
2412,13,f3bf455a7d27c010,1.501149,18.312383,1,13899,1,1,0,0,1,0,0,0,0,0,0,0,0,0
2413,13,5f004e1acd00de88,1.127757,20.0,1,14037,1,1,0,0,1,0,0,0,0,0,0,0,0,1
2414,13,a2f67ad695a98274,0.848089,19.058551,1,14017,1,1,0,0,1,0,0,0,0,0,0,0,0,0
2415,13,c7ec5a90dc25b8fe,1.680791,17.796821,1,14153,1,0,0,0,0,0,0,0,0,0,0,0,0,1
2416,13,7914ec27c6727d52,1.262716,16.848931,1,14373,1,1,0,0,1,0,0,0,0,0,0,0,0,0
2417,13,346d6badeca36e32,0.94958,19.63164,1,13943,1,1,0,0,1,0,0,0,0,0,0,0,0,1
2418,13,b40eda2144bdaf1d,1.757037,14.748517,0,14014,1,0,0,0,0,0,0,0,0,0,0,0,0,0
2419,13,29fd4eb0baf3a85e,1.319997,18.037698,1,13929,1,1,0,0,1,0,0,0,0,0,0,0,0,1
2420,13,0fd943d8e96cd848,0.991664,17.029893,1,14170,1,1,0,0,1,0,0,0,0,0,0,0,0,0
2421,13,efc244d250bf18df,1.789896,16.287224,1,13982,1,0,0,0,0,0,0,0,0,0,0,0,0,1
2422,13,c55148a03a8565c3,1.344682,15.714827,1,14129,1,1,0,0,1,0,0,0,0,0,0,0,0,0
2423,13,653920a01568dfc9,2.053863,15.284807,1,13944,1,0,0,0,0,0,0,0,0,0,0,0,0,1
2424,13,d4e7310c641161ab,2.588684,18.455396,1,14016,2,1,0,0,1,0,0,0,0,0,0,0,0,1
2425,13,8ee5340cdea50732,1.944782,20.0,1,14196,1,1,0,0,1,0,0,0,0,0,0,0,0,1
2426,13,ccb475af5dbb3f58,1.461042,20.0,1,14049,1,1,0,0,1,0,0,0,0,0,0,0,0,1
2427,13,1915e0f873809add,2.14128,16.979199,0,13996,1,0,0,0,0,0,0,0,0,0,0,0,0,0
2428,13,d49d5f2f4a313147,2.654423,19.729603,1,14104,2,1,0,0,1,0,0,0,0,0,0,0,0,1
2429,13,50d5af7922df4a86,1.994169,20.0,1,13939,1,1,0,0,1,0,0,0,0,0,0,0,0,1
2430,13,d51074b0a33a081a,1.498145,20.0,1,14110,1,1,0,0,1,0,0,0,0,0,0,0,0,1
2431,13,6d5f536d2bd997de,2.170777,20.0,1,14038,1,0,0,0,0,0,0,0,0,0,0,0,0,1
2432,13,3c3825c10bb3a1c8,1.630823,19.26851,1,14067,1,1,0,0,1,0,0,0,0,0,0,0,0,0
2433,13,a183c2ab7b2d17ab,1.225177,20.0,1,14185,1,1,0,0,1,0,0,0,0,0,0,0,0,1
2434,13,15cfa1aca114516f,0.920429,19.580957,1,14097,1,1,0,0,1,0,0,0,0,0,0,0,0,0
2435,13,99abd38cd3377be0,0.692176,20.0,1,13976,1,1,0,0,1,0,0,0,0,0,0,0,0,1
2436,13,a014f1da44a08b76,1.563659,16.292003,0,14044,1,0,0,0,0,0,0,0,0,0,0,0,0,0
2437,13,e3eb400c3dd02428,2.218372,19.197262,1,14182,2,1,0,0,1,0,0,0,0,0,0,0,0,1
2438,13,5830dfcaf47fe679,1.668247,20.0,1,13923,1,1,0,0,1,0,0,0,0,0,0,0,0,1
2439,13,7c7d0134d3c70811,1.253292,20.0,1,14071,1,1,0,0,1,0,0,0,0,0,0,0,0,1
2440,13,c3dd6d44d302e876,0.941551,20.0,1,14154,1,1,0,0,1,0,0,0,0,0,0,0,0,0
2441,13,58ed992ff51b231a,0.707352,20.0,1,14209,1,1,0,0,1,0,0,0,0,0,0,0,0,1
2442,13,4fcea2a972302b1a,1.57609,16.973632,0,14147,1,0,0,0,0,0,0,0,0,0,0,0,0,0
2443,13,075f3573029e3a7f,1.184057,19.709344,1,14205,1,1,0,0,1,0,0,0,0,0,0,0,0,1
2444,13,ed02d74add0252cd,0.889538,20.0,1,14128,1,1,0,0,1,0,0,0,0,0,0,0,0,1
2445,13,9256c685abe14e9c,0.668945,19.847778,1,14292,1,1,0,0,1,0,0,0,0,0,0,0,0,0
2446,13,568c678c505ea544,1.546207,18.389738,1,14535,1,0,0,0,0,0,0,0,0,0,0,0,0,1
2447,13,731a8fcdeb2fddbf,1.161607,20.0,1,14245,1,1,0,0,1,0,0,0,0,0,0,0,0,1
2448,13,f07d3ced300bf98b,0.872672,19.084982,1,14323,1,1,0,0,1,0,0,0,0,0,0,0,0,0
2449,13,afe8cdb9a53f3cb4,0.656262,20.0,1,14414,1,1,0,0,1,0,0,0,0,0,0,0,0,1
2450,13,ff14387b7c00fae9,1.536678,16.011797,0,14196,1,0,0,0,0,0,0,0,0,0,0,0,0,0
2451,13,9c341fc8bf8651cc,1.154449,18.986753,1,14309,1,1,0,0,1,0,0,0,0,0,0,0,0,1
2452,13,baffd70fe6ac73cd,2.956463,17.758811,1,13967,2,0,0,0,0,0,0,0,0,0,0,0,0,1
2453,13,4073e9bd48774725,2.22108,20.0,1,14213,1,1,0,0,1,0,0,0,0,0,0,0,0,1
2454,13,f4d4c3251550d6e2,1.668615,18.72889,1,14134,1,1,0,0,1,0,0,0,0,0,0,0,0,0
2455,13,02715b7eb489ecd5,1.253568,20.0,1,14123,1,1,0,0,1,0,0,0,0,0,0,0,0,1
2456,13,0493fe2e61046abd,1.986851,19.29386,1,14147,1,0,0,0,0,0,0,0,0,0,0,0,0,1
2457,13,9a4ee334c720c293,1.492647,20.0,1,14251,1,1,0,0,1,0,0,0,0,0,0,0,0,1
2458,13,e37190ff17fd7ef4,2.165023,19.595264,1,14328,2,1,0,0,1,0,0,0,0,0,0,0,0,0
2459,13,874a7160006bccf6,1.628128,20.0,1,14332,1,1,0,0,1,0,0,0,0,0,0,0,0,1
2460,13,eb66a2db31f08615,2.266805,19.778931,1,14034,1,0,0,0,0,0,0,0,0,0,0,0,0,1
2461,13,03ea8e47a06f59db,1.702966,20.0,1,14133,1,1,0,0,1,0,0,0,0,0,0,0,0,1
2462,13,c3dda8525bd9754b,2.323028,19.869036,1,13890,2,1,0,0,1,0,0,0,0,0,0,0,0,0
2463,13,f0969e93839d6b45,2.791101,18.4223,1,13962,1,0,0,0,0,0,0,0,0,0,0,0,0,1
2464,13,1c38405cb2a0e825,2.09685,20.0,1,14075,1,1,0,0,1,0,0,0,0,0,0,0,0,1
2465,13,787b4cce7a7b54de,1.575285,20.0,1,13984,1,1,0,0,1,0,0,0,0,0,0,0,0,1
2466,13,a47791cb9de3b2ae,2.228787,20.0,1,13945,2,1,0,0,1,0,0,0,0,0,0,0,0,0
2467,13,e9469ef132647d5c,2.718058,18.851662,1,13818,1,0,0,0,0,0,0,0,0,0,0,0,0,1
2468,13,e6b28f5c34be270d,2.041975,17.641393,1,13963,1,1,0,0,1,0,0,0,0,0,0,0,0,0
2469,13,28b11503da67e96a,1.53406,20.0,1,13861,1,1,0,0,1,0,0,0,0,0,0,0,0,1
2470,13,e480487cdfc00501,2.197785,18.679468,1,13708,1,0,0,0,0,0,0,0,0,0,0,0,0,1
2471,13,3dfd87712e2f318c,1.651114,17.512031,1,13743,1,1,0,0,1,0,0,0,0,0,0,0,0,0
2472,13,9510dfc9ff30410a,1.24042,20.0,1,13835,1,1,0,0,1,0,0,0,0,0,0,0,0,1
2473,13,dbded56bcb2e691c,0.932814,20.0,1,13641,1,1,0,0,1,0,0,0,0,0,0,0,0,1
2474,13,8e731615f560629e,2.788095,20.0,1,13751,2,0,0,0,0,0,0,0,0,0,0,0,0,1
2475,13,839ff61af700c5e4,2.094591,20.0,1,13433,1,1,0,0,1,0,0,0,0,0,0,0,0,1
2476,13,2d2b3fa31b9ca5c5,1.573588,20.0,1,13563,1,1,0,0,1,0,0,0,0,0,0,0,0,0
2477,13,5d8e341ee49ea579,2.227511,18.546644,1,13819,1,0,0,0,0,0,0,0,0,0,0,0,0,1
2478,13,797244cbcef9b3da,1.673446,17.412245,1,13618,1,1,0,0,1,0,0,0,0,0,0,0,0,0
2479,13,01f05b4dd31fa2d9,2.300851,16.560013,1,13827,1,0,0,0,0,0,0,0,0,0,0,0,0,1
2480,13,905aefc35256bef9,1.730273,15.933868,1,13630,1,1,0,0,1,0,0,0,0,0,0,0,0,0
2481,13,799df9e7e35c75ee,3.387196,15.449364,1,13749,2,0,0,0,0,0,0,0,0,0,0,0,0,1
2482,13,52e47a13cce6639c,2.544674,18.564218,1,13825,1,1,0,0,1,0,0,0,0,0,0,0,0,1
2483,13,fbca79e64326d595,1.911718,20.0,1,13673,1,1,0,0,1,0,0,0,0,0,0,0,0,1
2484,13,9d659a179ba1acfc,2.48179,19.200828,1,13687,1,0,0,0,0,0,0,0,0,0,0,0,0,1
2485,13,4994af3dc6c084b0,1.864476,17.903708,1,13604,1,1,0,0,1,0,0,0,0,0,0,0,0,0
2486,13,02b50c27f11df0b7,1.400711,20.0,1,13523,1,1,0,0,1,0,0,0,0,0,0,0,0,1
2487,13,7f56a3b266a73426,1.053355,18.827666,1,13593,1,1,0,0,1,0,0,0,0,0,0,0,0,0
2488,13,0c21f359318f1fc4,1.834999,17.623366,1,13674,1,0,0,0,0,0,0,0,0,0,0,0,0,1
2489,13,9f31352324b788aa,2.42222,20.0,1,13490,2,1,0,0,1,0,0,0,0,0,0,0,0,1
2490,13,0be456b5729bc29c,1.819723,18.652445,1,13397,1,1,0,0,1,0,0,0,0,0,0,0,0,0
2491,13,40947114f1eb2166,1.368458,20.0,1,13560,1,1,0,0,1,0,0,0,0,0,0,0,0,1
2492,13,93677b4166870f79,2.071725,15.767431,0,13932,1,0,0,0,0,0,0,0,0,0,0,0,0,0
2493,13,e4f448e5e3f6f3c7,1.556409,18.80317,1,13352,1,1,0,0,1,0,0,0,0,0,0,0,0,1
2494,13,4a5a0521c0481ec3,1.170442,17.620754,1,13500,1,1,0,0,1,0,0,0,0,0,0,0,0,0
2495,13,e97e427104caaa76,0.879309,20.0,1,13651,1,1,0,0,1,0,0,0,0,0,0,0,0,1
2496,13,5c745fe6338ffdd3,0.660592,15.172126,0,13650,1,1,0,0,0,0,0,0,0,0,0,0,0,0
2497,13,b893a90e77849ab4,1.539932,18.35594,1,13214,1,0,0,0,1,0,0,0,0,0,0,0,0,1
2498,13,991255c49e19377f,1.15805,17.28443,1,13485,1,1,0,0,1,0,0,0,0,0,0,0,0,0
2499,13,6c73f43114024555,1.913653,16.463991,1,13637,1,0,0,0,0,0,0,0,0,0,0,0,0,1
2500,13,9cb742e7419e34bd,1.437656,19.32647,1,13789,1,1,0,0,1,0,0,0,0,0,0,0,0,1
2501,13,fbfc9d8e7e6e2c7a,1.081138,18.014283,1,13471,1,1,0,0,1,0,0,0,0,0,0,0,0,0
2502,13,460348ee072ecfec,1.855872,17.012302,1,13445,1,0,0,0,0,0,0,0,0,0,0,0,0,1
2503,13,1b7d2b4583760a61,1.394247,16.259551,1,13547,1,1,0,0,1,0,0,0,0,0,0,0,0,0
2504,13,9287aa4ccba22a63,1.047446,19.172882,1,13433,1,1,0,0,1,0,0,0,0,0,0,0,0,1
2505,13,d5246115898a3313,0.787694,14.41828,0,13282,1,1,0,0,0,0,0,0,0,0,0,0,0,0
2506,13,d91c726b124ca83c,1.635419,17.789604,1,13274,1,0,0,0,1,0,0,0,0,0,0,0,0,1
2507,13,7d346f2d7ee5f44a,1.228629,16.843509,1,13271,1,1,0,0,1,0,0,0,0,0,0,0,0,0
2508,13,d1f0d0c4cd0ad23b,1.968097,16.147061,1,13233,1,0,0,0,0,0,0,0,0,0,0,0,0,1
2509,13,f6e3cbb2a8c9f957,1.478558,15.609527,1,13350,1,1,0,0,1,0,0,0,0,0,0,0,0,0
2510,13,234973687cb49c15,1.110785,18.684544,1,13747,1,1,0,0,1,0,0,0,0,0,0,0,0,1
2511,13,94f4a7df106c5555,1.878145,17.515844,1,13685,1,0,0,0,0,0,0,0,0,0,0,0,0,1
2512,13,0643386301f89e53,1.412392,16.652666,1,13528,1,1,0,0,1,0,0,0,0,0,0,0,0,0
2513,13,2c4434d9bd6012cf,1.061077,19.468214,1,13655,1,1,0,0,1,0,0,0,0,0,0,0,0,1
2514,13,f5a0b828112320c4,1.840801,18.104586,1,13602,1,0,0,0,0,0,0,0,0,0,0,0,0,1
2515,13,3068ea6d890aa6a2,1.384308,17.095409,1,13656,1,1,0,0,1,0,0,0,0,0,0,0,0,0
2516,13,d3aa5fd984dd1945,2.083633,19.80083,1,13826,2,1,0,0,1,0,0,0,0,0,0,0,0,1
2517,13,9954770db448d4d8,1.565355,20.0,1,13613,1,1,0,0,1,0,0,0,0,0,0,0,0,1
2518,13,1097ce52adebb40f,2.219646,16.402552,0,13549,1,0,0,0,0,0,0,0,0,0,0,0,0,0
2519,13,b29b7edb6bb2d3d9,1.669206,19.295956,1,13644,1,1,0,0,1,0,0,0,0,0,0,0,0,1
2520,13,fc39910cf2b86367,1.254012,20.0,1,13774,1,1,0,0,1,0,0,0,0,0,0,0,0,1
2521,13,4f6df76a1b6b5b30,0.942092,19.596447,1,13621,1,1,0,0,1,0,0,0,0,0,0,0,0,0
2522,13,8ee2d55faaa47ff6,1.752617,18.217309,1,13512,2,1,0,0,0,0,0,0,0,0,0,0,0,1
2523,13,06c0a6a736e29e28,2.360329,20.0,1,13592,1,0,0,0,1,0,0,0,0,0,0,0,0,1
2524,13,12d181d44a0fe13c,1.773227,20.0,1,13342,1,1,0,0,1,0,0,0,0,0,0,0,0,1
2525,13,dc6693c0cd382f05,1.332159,20.0,1,13457,1,1,0,0,1,0,0,0,0,0,0,0,0,1
2526,14,1fd48474a6be9a50,2.045953,17.924964,0,13889,1,0,0,0,0,0,0,0,0,0,0,0,0,0
2527,14,0b198662efcfc49a,1.537048,20.0,1,14236,1,1,0,0,1,0,0,0,0,0,0,0,0,1
2528,14,fcbdd03152747088,1.154727,18.822666,1,14241,1,1,0,0,1,0,0,0,0,0,0,0,0,0
2529,14,c7b8a2a9fab59ea4,1.912522,20.0,1,14168,2,1,0,0,1,0,0,0,0,0,0,0,0,1
2530,14,241e6acbb414e8f5,2.480459,19.342443,1,14187,1,0,0,0,0,0,0,0,0,0,0,0,0,1
2531,14,fc64a472a0076c97,1.863476,20.0,1,14132,1,1,0,0,1,0,0,0,0,0,0,0,0,1
2532,14,1e870741cfb1004d,1.39996,19.622684,1,14310,1,1,0,0,1,0,0,0,0,0,0,0,0,0
2533,14,bf57db00a494f005,2.09694,18.23704,1,14036,1,0,0,0,0,0,0,0,0,0,0,0,0,1
2534,14,b9cebc1ba6e23f90,1.575353,13.700806,0,14074,1,1,0,0,0,0,0,0,0,0,0,0,0,0
2535,14,e665c14bbc29de1b,2.227157,17.250593,1,13983,1,0,0,0,1,0,0,0,0,0,0,0,0,1
2536,14,e769dc1986223560,1.674854,16.453193,1,14262,1,1,0,0,1,0,0,0,0,0,0,0,0,0
2537,14,1dc6f86b0f28f527,1.258255,19.318358,1,14128,1,1,0,0,1,0,0,0,0,0,0,0,0,1
2538,14,83171efae161e4f9,3.032587,17.992005,1,14145,2,0,0,0,0,0,0,0,0,0,0,0,0,1
2539,14,d0f092e334d1b579,2.278269,20.0,1,14053,1,1,0,0,1,0,0,0,0,0,0,0,0,1
2540,14,3c72e9f66e532470,1.713291,18.87755,1,13980,1,1,0,0,1,0,0,0,0,0,0,0,0,0
2541,14,1fdd04fc4bd3a35e,2.330785,17.660842,1,14178,1,0,0,0,0,0,0,0,0,0,0,0,0,1
2542,14,1ea3379f3547fd92,1.751031,20.0,1,14021,1,1,0,0,1,0,0,0,0,0,0,0,0,1
2543,14,f2433026cfae9a47,1.316801,20.0,1,13831,1,1,0,0,1,0,0,0,0,0,0,0,0,1
2544,14,d0cc26dd4ca1a8f2,0.989263,20.0,1,14055,1,1,0,0,1,0,0,0,0,0,0,0,0,0
2545,14,38a3c7ee0e61cf29,1.78685,18.605559,1,14129,1,0,0,0,0,0,0,0,0,0,0,0,0,1
2546,14,e64373de38c1d3e1,1.342393,20.0,1,13845,1,1,0,0,1,0,0,0,0,0,0,0,0,1
2547,14,7addd6445d78c1a4,2.053649,20.0,1,13783,2,1,0,0,1,0,0,0,0,0,0,0,0,1
2548,14,32a2c7ad3446fe7a,2.586483,17.057181,0,13830,1,0,0,0,0,0,0,0,0,0,0,0,0,0
2549,14,c2ddba3954d1d184,1.943128,19.772112,1,13919,1,1,0,0,1,0,0,0,0,0,0,0,0,1
2550,14,6665faed5439f816,1.46126,20.0,1,13879,1,1,0,0,1,0,0,0,0,0,0,0,0,1
2551,14,e2ced52540714a46,1.09779,16.399998,0,13748,1,1,0,0,0,0,0,0,0,0,0,0,0,0
2552,14,609fe1b042bd7177,1.868382,19.278394,1,13926,1,0,0,0,1,0,0,0,0,0,0,0,0,1
2553,14,a841332a0fc6c3b7,1.403646,17.961981,1,13904,1,1,0,0,1,0,0,0,0,0,0,0,0,0
2554,14,55f4672a66ea5f47,2.099712,16.988168,1,13816,1,0,0,0,0,0,0,0,0,0,0,0,0,1
2555,14,c0bd9a34ec0d85ea,1.577435,16.24142,1,13920,1,1,0,0,1,0,0,0,0,0,0,0,0,0
2556,14,aabefe6d1a5d48da,1.185068,19.159261,1,13795,1,1,0,0,1,0,0,0,0,0,0,0,0,1
2557,14,3a430dc208632016,0.891188,20.0,1,13921,1,1,0,0,1,0,0,0,0,0,0,0,0,1
2558,14,80aa2168e796d8f4,1.71317,16.053761,0,13845,1,0,0,0,0,0,0,0,0,0,0,0,0,0
2559,14,f7ccb287b0e2aba7,1.28704,19.01828,1,14010,1,1,0,0,1,0,0,0,0,0,0,0,0,1
2560,14,2112fa62c82cb6c3,0.966905,17.766567,1,13852,1,1,0,0,1,0,0,0,0,0,0,0,0,0
2561,14,542d2ce96e80afc1,2.815428,16.841213,1,14051,2,0,0,0,0,0,0,0,0,0,0,0,0,1
2562,14,6e60a9a40289d397,2.115125,19.609863,1,13806,1,1,0,0,1,0,0,0,0,0,0,0,0,1
2563,14,0d28e31d51bf6ee7,2.632668,18.211002,1,13926,1,0,0,0,0,0,0,0,0,0,0,0,0,1
2564,14,1cc2b0b192026c8b,1.979804,17.175434,1,13746,1,1,0,0,1,0,0,0,0,0,0,0,0,0
2565,14,1248b02762c2799a,1.487353,16.382106,1,14001,1,1,0,0,0,0,0,0,0,0,0,0,0,1
2566,14,3686db50da6353c5,2.161046,19.264953,1,13923,1,0,0,0,1,0,0,0,0,0,0,0,0,1
2567,14,07a5e51a719ae67e,1.623513,17.951884,1,13993,1,1,0,0,1,0,0,0,0,0,0,0,0,0
2568,14,f655ac8ba190f916,2.265055,20.0,1,13913,2,1,0,0,1,0,0,0,0,0,0,0,0,1
2569,14,93dd37e4a4a5e13f,2.745305,18.850486,1,13834,1,0,0,0,0,0,0,0,0,0,0,0,0,1
2570,14,d4203af627c29010,2.062445,20.0,1,13887,1,1,0,0,1,0,0,0,0,0,0,0,0,1
2571,14,74146cff38aecdbf,1.550988,20.0,1,13925,1,1,0,0,1,0,0,0,0,0,0,0,0,1
2572,14,77829f037993a9b4,2.208853,17.161136,0,13868,1,0,0,0,0,0,0,0,0,0,0,0,0,0
2573,14,bbea280c4443ece7,2.703082,19.850209,1,14073,2,1,0,0,1,0,0,0,0,0,0,0,0,1
2574,14,770cc58a6b328c75,2.030724,20.0,1,14032,1,1,0,0,1,0,0,0,0,0,0,0,0,1
2575,14,9e4ceafbb666acca,1.527134,20.0,1,13987,1,1,0,0,1,0,0,0,0,0,0,0,0,1
2576,14,b9acb191b89c8af8,1.147278,20.0,1,14044,1,1,0,0,1,0,0,0,0,0,0,0,0,0
2577,14,4605d90764b940fa,1.905561,19.303663,1,13881,1,0,0,0,0,0,0,0,0,0,0,0,0,1
2578,14,9552be10a6413dfc,1.433009,17.997132,1,13872,1,1,0,0,1,0,0,0,0,0,0,0,0,0
2579,14,e815e7f51ce5d921,1.076566,20.0,1,13943,1,1,0,0,1,0,0,0,0,0,0,0,0,1
2580,14,6dd4d4bcd6c22256,0.808784,18.863397,1,13918,1,1,0,0,1,0,0,0,0,0,0,0,0,0
2581,14,956b498c4394edbc,0.607609,17.650209,1,14115,1,1,0,0,0,0,0,0,0,0,0,0,0,1
2582,14,e01aec88cd520e1c,1.501081,20.0,1,13760,1,0,0,0,1,0,0,0,0,0,0,0,0,1
2583,14,846a361bffe60c5b,1.127706,18.680052,1,13863,1,1,0,0,1,0,0,0,0,0,0,0,0,0
2584,14,079b126d9d88a9e5,0.847203,20.0,1,13998,1,1,0,0,1,0,0,0,0,0,0,0,0,1
2585,14,8a837fcf3dd83700,2.72541,19.266269,1,14019,2,0,0,0,0,0,0,0,0,0,0,0,0,1
2586,14,cd8d4e4f71688b00,2.047499,17.952872,1,14078,1,1,0,0,1,0,0,0,0,0,0,0,0,0
2587,14,42e7ce2a0bc1a658,1.538209,16.966166,1,13930,1,1,0,0,0,0,0,0,0,0,0,0,0,1
2588,14,e33f146ca9fa1013,2.199252,19.703735,1,14237,1,0,0,0,1,0,0,0,0,0,0,0,0,1
2589,14,046cbefc317a0a5c,1.653869,18.297992,1,14187,1,1,0,0,1,0,0,0,0,0,0,0,0,0
2590,14,c5a357cd9a77de88,2.286143,17.225442,1,14199,1,0,0,0,0,0,0,0,0,0,0,0,0,1
2591,14,c80b773d37634399,1.717494,19.898519,1,14019,1,1,0,0,1,0,0,0,0,0,0,0,0,1
2592,14,d60b55e036d0fd87,2.335731,20.0,1,13976,2,1,0,0,1,0,0,0,0,0,0,0,0,1
2593,14,ef1e8fc9ad209b04,2.7984,16.471413,0,14026,1,0,0,0,0,0,0,0,0,0,0,0,0,0
2594,14,097a8e71a32501c6,2.102334,19.332046,1,14276,1,1,0,0,1,0,0,0,0,0,0,0,0,1
2595,14,2df28b786b1328bf,2.623058,18.002288,1,14032,1,0,0,0,0,0,0,0,0,0,0,0,0,1
2596,14,eea515c9f8c8d8e3,3.016728,20.0,1,14028,2,1,0,0,1,0,0,0,0,0,0,0,0,1
2597,14,30f1a7b403784980,2.266355,20.0,1,14048,1,1,0,0,1,0,0,0,0,0,0,0,0,1
2598,14,5f6a6cbe706c4321,1.702627,20.0,1,14034,1,1,0,0,0,0,0,0,0,0,0,0,0,1
2599,14,e0cd9eeee1ee5db4,2.324551,18.727913,1,13669,1,0,0,0,1,0,0,0,0,0,0,0,0,0
2600,14,74daf33c46eeb66a,1.746348,20.0,1,14008,1,1,0,0,1,0,0,0,0,0,0,0,0,1
2601,14,09fb7e63832a67a1,2.355619,20.0,1,14033,2,1,0,0,1,0,0,0,0,0,0,0,0,1
2602,14,9d99ce6db212408a,1.769689,20.0,1,14972,1,1,0,0,0,0,0,0,0,0,0,0,0,1
2603,14,d6f013a6eb6700bf,2.374982,20.0,1,14695,1,0,0,0,1,0,0,0,0,0,0,0,0,1
2604,14,5b687f719b82d044,2.827888,20.0,1,14474,2,1,0,0,1,0,0,0,0,0,0,0,0,0
2605,14,cd39aad271d4f2fe,2.124487,20.0,1,15355,1,1,0,0,1,0,0,0,0,0,0,0,0,1
2606,14,1c50e3d9950b69ad,2.641795,16.718853,0,14987,1,0,0,0,0,0,0,0,0,0,0,0,0,0
2607,14,72ec040a43d387b0,1.984682,19.517938,1,14816,1,1,0,0,1,0,0,0,0,0,0,0,0,1
2608,14,cea2202c2abece66,2.534671,20.0,1,14371,2,1,0,0,1,0,0,0,0,0,0,0,0,1
2609,14,0c71b4086d19c78e,1.904203,19.721733,1,14128,1,1,0,0,1,0,0,0,0,0,0,0,0,0
2610,14,6a8757fa93ce737d,1.431988,20.0,1,13778,1,1,0,0,1,0,0,0,0,0,0,0,0,1
2611,14,17a4f375bbc75347,1.075799,16.371536,0,13775,1,1,0,0,0,0,0,0,0,0,0,0,0,0
2612,14,365ba6ea8e2f37d5,1.851861,19.257012,1,13624,1,0,0,0,1,0,0,0,0,0,0,0,0,1
2613,14,8db3ab75271daad3,1.392626,20.0,1,13321,1,1,0,0,1,0,0,0,0,0,0,0,0,1
2614,14,a79a7d4cfa26f6da,1.046228,19.587831,1,13345,1,1,0,0,1,0,0,0,0,0,0,0,0,0
2615,14,342e72f2fb578b11,1.829645,18.19445,1,13334,1,0,0,0,0,0,0,0,0,0,0,0,0,1
2616,14,6b7a99eb4a1cbe60,1.374544,17.147655,1,13527,1,1,0,0,1,0,0,0,0,0,0,0,0,0
2617,14,3e824f9fddc25209,2.077827,16.375782,1,13458,1,0,0,0,0,0,0,0,0,0,0,0,0,1
2618,14,d2c25324f753cc1a,1.560994,19.260202,1,13594,1,1,0,0,1,0,0,0,0,0,0,0,0,1
2619,14,dc17206c9177f13f,1.172716,17.948314,1,13545,1,1,0,0,1,0,0,0,0,0,0,0,0,0
2620,14,04dc8bade6e20e33,2.9702,16.97789,1,13685,2,0,0,0,0,0,0,0,0,0,0,0,0,1
2621,14,8e2f9c4fb2cf5b37,2.231401,19.712543,1,13753,1,1,0,0,1,0,0,0,0,0,0,0,0,1
2622,14,889d89e91fa5ca2b,2.720021,18.288141,1,13680,1,0,0,0,0,0,0,0,0,0,0,0,0,1
2623,14,6871f759684371f3,3.087104,20.0,1,13716,2,1,0,0,1,0,0,0,0,0,0,0,0,1
2624,14,2da98fa67254a89a,2.321546,20.0,1,13482,1,1,0,0,1,0,0,0,0,0,0,0,0,1
2625,14,34f80e4898b0c694,1.744091,20.0,1,13674,1,1,0,0,1,0,0,0,0,0,0,0,0,1
2626,14,6c4ff75098129788,2.353923,17.940262,0,13726,1,0,0,0,0,0,0,0,0,0,0,0,0,0
2627,14,047ea3e0db4f34d8,1.770184,20.0,1,13780,1,1,0,0,1,0,0,0,0,0,0,0,0,1
2628,14,22470cb9d7e95bc5,1.329873,18.84392,1,13873,1,1,0,0,1,0,0,0,0,0,0,0,0,0
2629,14,816e47012cf073aa,0.999084,20.0,1,13915,1,1,0,0,1,0,0,0,0,0,0,0,0,1
2630,14,3bca487608343837,1.794228,15.862476,0,14131,1,0,0,0,0,0,0,0,0,0,0,0,0,0
2631,14,ee0205001d03c2a4,1.349285,18.889811,1,13939,1,1,0,0,1,0,0,0,0,0,0,0,0,1
2632,14,b42c86a9f70bec47,2.057321,20.0,1,13981,2,1,0,0,1,0,0,0,0,0,0,0,0,1
2633,14,24f7b3b80ead2199,1.545588,15.888376,0,14069,1,1,0,0,0,0,0,0,0,0,0,0,0,0
2634,14,cd906b373acc0976,2.206455,18.909289,1,14024,1,0,0,0,1,0,0,0,0,0,0,0,0,1
2635,14,45d09c4637fd0fbf,1.657627,17.684686,1,13937,1,1,0,0,1,0,0,0,0,0,0,0,0,0
2636,14,42a04f2b08e710d2,1.245313,20.0,1,14248,1,1,0,0,1,0,0,0,0,0,0,0,0,1
2637,14,b5e54e533c1d371d,0.935557,18.687054,1,14245,1,1,0,0,1,0,0,0,0,0,0,0,0,0
2638,14,85fac441e034abff,0.703552,20.0,1,14046,1,1,0,0,1,0,0,0,0,0,0,0,0,1
2639,14,957063554f46667b,1.572206,15.786983,0,13978,1,0,0,0,0,0,0,0,0,0,0,0,0,0
2640,14,1e2f7c8cd910a207,1.18114,18.817859,1,14119,1,1,0,0,1,0,0,0,0,0,0,0,0,1
2641,14,9215a5d903bea1ef,0.888234,17.6318,1,14081,1,1,0,0,1,0,0,0,0,0,0,0,0,0
2642,14,fbdb8177f34107da,0.667297,20.0,1,14426,1,1,0,0,1,0,0,0,0,0,0,0,0,1
2643,14,723d7b3dfc68a1af,0.501315,18.657205,1,14368,1,1,0,0,1,0,0,0,0,0,0,0,0,0
2644,14,d6c454cb52cae66b,1.420273,17.495305,1,14637,1,0,0,0,0,0,0,0,0,0,0,0,0,1
2645,14,bdacbf200cd9f6b0,1.068065,16.637221,1,14625,1,1,0,0,1,0,0,0,0,0,0,0,0,0
2646,14,ebfb9659c54c8cec,0.802398,19.456611,1,14869,1,1,0,0,1,0,0,0,0,0,0,0,0,1
2647,14,ab651117a772d4b9,2.690118,18.095869,1,15084,2,0,0,0,0,0,0,0,0,0,0,0,0,1
2648,14,7f862508cbd0c08e,2.023007,20.0,1,14784,1,1,0,0,1,0,0,0,0,0,0,0,0,1
2649,14,8de5a9da5781318b,1.51981,18.931832,1,14769,1,1,0,0,1,0,0,0,0,0,0,0,0,0
2650,14,41a665aef79673fe,2.185429,17.701622,1,14847,1,0,0,0,0,0,0,0,0,0,0,0,0,1
2651,14,276f7e164de8eb55,2.685485,20.0,1,14701,2,1,0,0,1,0,0,0,0,0,0,0,0,1
2652,14,6a0135f428290007,2.019523,20.0,1,14701,1,1,0,0,1,0,0,0,0,0,0,0,0,1
2653,14,8d2903226f36ac4a,1.517192,16.67352,0,14764,1,1,0,0,0,0,0,0,0,0,0,0,0,0
2654,14,fa94ee6ef28153c0,2.183463,19.483881,1,14616,1,0,0,0,1,0,0,0,0,0,0,0,0,1
2655,14,c98a162a54e40262,1.641995,20.0,1,14670,1,1,0,0,1,0,0,0,0,0,0,0,0,1
2656,14,a586b83616324bbe,2.277223,20.0,1,14529,2,1,0,0,1,0,0,0,0,0,0,0,0,1
2657,14,9301e186da98cc28,1.710793,20.0,1,14467,1,1,0,0,0,0,0,0,0,0,0,0,0,1
2658,14,5bc058443d0ab406,2.328908,19.183439,1,14287,1,0,0,0,1,0,0,0,0,0,0,0,0,0
2659,14,06e4c6227855eb8a,1.751372,20.0,1,14422,1,1,0,0,1,0,0,0,0,0,0,0,0,1
2660,14,69c99f9d2cba1235,1.31574,20.0,1,14337,1,1,0,0,1,0,0,0,0,0,0,0,0,1
2661,14,4743b337d3f6daf7,3.075773,20.0,1,14602,2,0,0,0,0,0,0,0,0,0,0,0,0,1
2662,14,e05a0e2a0167dc9a,2.313025,19.104913,1,14398,1,1,0,0,1,0,0,0,0,0,0,0,0,0
2663,14,cbf2fdfb5bc59152,1.737689,20.0,1,14414,1,1,0,0,1,0,0,0,0,0,0,0,0,1
2664,14,6b912c91c8e941c2,1.305461,20.0,1,14466,1,1,0,0,1,0,0,0,0,0,0,0,0,1
2665,14,afba9b2a55cd6d81,2.024397,17.2546,0,14466,1,0,0,0,0,0,0,0,0,0,0,0,0,0
2666,14,c3210a0ced7044aa,1.522376,19.936709,1,14271,1,1,0,0,1,0,0,0,0,0,0,0,0,1
2667,14,ef7b0ee9fe943bb3,2.187357,20.0,1,14477,2,1,0,0,1,0,0,0,0,0,0,0,0,1
2668,14,fccec014bb513a56,1.64328,20.0,1,14223,1,1,0,0,1,0,0,0,0,0,0,0,0,1
2669,14,b01c0cf4c7e4536c,1.23577,20.0,1,14166,1,1,0,0,1,0,0,0,0,0,0,0,0,0
2670,14,6515788c75ceff4b,0.928388,19.334548,1,14475,1,1,0,0,0,0,0,0,0,0,0,0,0,1
2671,14,145d65ee29e80c50,1.741116,18.004167,1,14140,1,0,0,0,1,0,0,0,0,0,0,0,0,0
2672,14,d31a6248014433df,1.308036,20.0,1,14475,1,1,0,0,1,0,0,0,0,0,0,0,0,1
2673,14,18850c6350615fa2,0.983661,18.884421,1,14191,1,1,0,0,1,0,0,0,0,0,0,0,0,0
2674,14,11cd7b2c58a31c0e,0.738988,17.666004,1,14355,1,1,0,0,0,0,0,0,0,0,0,0,0,1
2675,14,ce69c89521f4b62d,1.598827,20.0,1,14236,1,0,0,0,1,0,0,0,0,0,0,0,0,1
2676,14,8ee1af4fc29b1aa0,1.202341,18.693372,1,14166,1,1,0,0,1,0,0,0,0,0,0,0,0,0
2677,14,881eb5aef995adf0,1.946927,20.0,1,14602,2,1,0,0,1,0,0,0,0,0,0,0,0,1
2678,14,37f586f253721bd7,1.462654,20.0,1,14460,1,1,0,0,1,0,0,0,0,0,0,0,0,1
2679,14,43720b8a4e6e4d4a,2.14249,20.0,1,14201,1,0,0,0,0,0,0,0,0,0,0,0,0,1
2680,14,171f6341c8b3b5b5,1.611183,20.0,1,14063,1,1,0,0,1,0,0,0,0,0,0,0,0,1
2681,14,d1f5ba727a3a514a,1.210422,20.0,1,13800,1,1,0,0,1,0,0,0,0,0,0,0,0,0
2682,14,27890ad839b81491,2.996651,18.747035,1,13726,2,0,0,0,0,0,0,0,0,0,0,0,0,1
2683,14,266b85b43eaaa6a3,2.253525,20.0,1,13843,1,1,0,0,1,0,0,0,0,0,0,0,0,1
2684,14,ba91835669af6d15,2.736642,19.299715,1,13950,1,0,0,0,0,0,0,0,0,0,0,0,0,1
2685,14,14b1480253db0c02,2.055937,17.977999,1,14136,1,1,0,0,1,0,0,0,0,0,0,0,0,0
2686,14,c9faecd72537c09d,1.544549,20.0,1,14214,1,1,0,0,1,0,0,0,0,0,0,0,0,1
2687,14,ee5eb07ca74a61d4,1.161523,18.869637,1,14085,1,1,0,0,1,0,0,0,0,0,0,0,0,0
2688,14,e910d6864cc415e2,2.959915,17.654897,1,14223,2,0,0,0,0,0,0,0,0,0,0,0,0,1
2689,14,08d602bbad91ce21,2.223674,20.0,1,14261,1,1,0,0,1,0,0,0,0,0,0,0,0,1
2690,14,6519c07cd97106f4,1.672234,20.0,1,14166,1,1,0,0,1,0,0,0,0,0,0,0,0,1
2691,14,3707f9ad3b739323,2.29994,20.0,1,14150,1,0,0,0,0,0,0,0,0,0,0,0,0,1
2692,14,8659bfe2e4d7c145,1.727859,18.603664,1,14066,1,1,0,0,1,0,0,0,0,0,0,0,0,0
2693,14,347922401c45a5b5,1.298076,20.0,1,14017,1,1,0,0,1,0,0,0,0,0,0,0,0,1
2694,14,2002bbee37340771,0.976172,19.223113,1,13952,1,1,0,0,0,0,0,0,0,0,0,0,0,1
2695,14,a85ebc722f147712,2.820668,17.92045,1,14008,2,0,0,0,1,0,0,0,0,0,0,0,0,0
2696,14,4eaa455b019af920,2.119062,20.0,1,14078,1,1,0,0,1,0,0,0,0,0,0,0,0,1
2697,14,1e511879af68c55f,1.593565,20.0,1,14044,1,1,0,0,1,0,0,0,0,0,0,0,0,1
2698,14,455cf77846044ac4,2.240839,16.766398,0,13985,1,0,0,0,0,0,0,0,0,0,0,0,0,0
2699,14,3ae7f7e061a16780,1.683459,19.553657,1,13918,1,1,0,0,1,0,0,0,0,0,0,0,0,1
2700,14,dbe8ecaa43d68fe9,1.26472,20.0,1,13915,1,1,0,0,1,0,0,0,0,0,0,0,0,1
2701,14,786e6ec978974739,0.951087,19.759821,1,13839,1,1,0,0,1,0,0,0,0,0,0,0,0,0
2702,14,f84af5113617fcc9,1.75817,18.323659,1,14026,1,0,0,0,0,0,0,0,0,0,0,0,0,1
2703,14,a0248f8f7b3140d2,1.320847,20.0,1,13907,1,1,0,0,1,0,0,0,0,0,0,0,0,1
2704,14,098d64029fb886c4,0.993296,15.58442,0,13781,1,1,0,0,0,0,0,0,0,0,0,0,0,0
2705,14,b68bc44091fc992a,1.789879,18.665681,1,13864,1,0,0,0,1,0,0,0,0,0,0,0,0,1
2706,14,8ec0b4c7d7ceed19,1.344669,17.501673,1,13724,1,1,0,0,1,0,0,0,0,0,0,0,0,0
2707,14,fbbb19f1e2f8f18e,1.0102,20.0,1,14134,1,1,0,0,1,0,0,0,0,0,0,0,0,1
2708,14,084cf22c8294557b,1.803835,15.12003,0,13914,1,0,0,0,0,0,0,0,0,0,0,0,0,0
2709,14,b19cf65f52962569,1.355154,18.316802,1,14069,1,1,0,0,1,0,0,0,0,0,0,0,0,1
2710,14,b6afb0799cef34b3,2.06173,17.239573,1,14145,1,0,0,0,0,0,0,0,0,0,0,0,0,1
2711,14,73d7481337ffb3b6,1.55045,16.444907,1,13826,1,1,0,0,1,0,0,0,0,0,0,0,0,0
2712,14,d709324b6b9d7844,3.252102,15.833288,1,14016,2,0,0,0,0,0,0,0,0,0,0,0,0,1
2713,14,d02f372ae8edfebb,2.443183,18.852646,1,13994,1,1,0,0,1,0,0,0,0,0,0,0,0,1
2714,14,3274cc0bb2c8f88f,2.879125,17.642133,1,13917,1,0,0,0,0,0,0,0,0,0,0,0,0,1
2715,14,39d54a6a99984873,2.165143,16.747637,1,13767,1,1,0,0,1,0,0,0,0,0,0,0,0,0
2716,14,89ef61a24484b576,1.626591,19.539563,1,13915,1,1,0,0,1,0,0,0,0,0,0,0,0,1
2717,14,b72b66a3d1d39c9c,2.26565,18.158188,1,13907,1,0,0,0,0,0,0,0,0,0,0,0,0,1
2718,14,4d1a9d805f5c1805,2.747952,17.135718,1,13760,2,1,0,0,1,0,0,0,0,0,0,0,0,0
2719,14,9968ea7059de1b43,2.064434,19.831113,1,14031,1,1,0,0,1,0,0,0,0,0,0,0,0,1
2720,14,71e07b0b6a3b1b37,1.550932,14.898374,0,13918,1,1,0,0,0,0,0,0,0,0,0,0,0,0
2721,14,b77f72f8be72291b,2.20881,18.15028,1,14060,1,0,0,0,1,0,0,0,0,0,0,0,0,1
2722,14,e226cc795c145fb6,1.661057,17.129771,1,13961,1,1,0,0,1,0,0,0,0,0,0,0,0,0
2723,14,5e1aea033e76be98,1.24789,19.826646,1,13625,1,1,0,0,1,0,0,0,0,0,0,0,0,1
2724,14,f679b537ffc71471,0.937493,18.373862,1,13511,1,1,0,0,1,0,0,0,0,0,0,0,0,0
2725,15,1fd48474a6be9a50,1.749159,17.297908,1,14068,1,0,0,0,0,0,0,0,0,0,0,0,0,1
2726,15,0b198662efcfc49a,1.314078,19.952961,1,14133,1,1,0,0,1,0,0,0,0,0,0,0,0,1
2727,15,fcbdd03152747088,0.987217,18.468758,1,14264,1,1,0,0,1,0,0,0,0,0,0,0,0,0
2728,15,c7b8a2a9fab59ea4,2.828966,17.353732,1,14253,2,0,0,0,0,0,0,0,0,0,0,0,0,1
2729,15,241e6acbb414e8f5,2.127423,20.0,1,14197,1,1,0,0,1,0,0,0,0,0,0,0,0,1
2730,15,fc64a472a0076c97,1.598253,20.0,1,14242,1,1,0,0,1,0,0,0,0,0,0,0,0,1
2731,15,1e870741cfb1004d,2.244361,16.521316,0,14122,1,0,0,0,0,0,0,0,0,0,0,0,0,0
2732,15,bf57db00a494f005,1.687792,19.385268,1,14135,1,1,0,0,1,0,0,0,0,0,0,0,0,1
2733,15,b9cebc1ba6e23f90,1.267975,18.042272,1,14111,1,1,0,0,1,0,0,0,0,0,0,0,0,0
2734,15,e665c14bbc29de1b,1.996235,17.033329,1,13991,1,0,0,0,0,0,0,0,0,0,0,0,0,1
2735,15,e769dc1986223560,1.499697,19.754192,1,14286,1,1,0,0,1,0,0,0,0,0,0,0,0,1
2736,15,1dc6f86b0f28f527,2.171944,20.0,1,14050,2,1,0,0,1,0,0,0,0,0,0,0,0,1
2737,15,83171efae161e4f9,2.675354,19.868718,1,14178,1,0,0,0,0,0,0,0,0,0,0,0,0,1
2738,15,d0f092e334d1b579,2.009893,18.40547,1,14162,1,1,0,0,1,0,0,0,0,0,0,0,0,0
2739,15,3c72e9f66e532470,1.511468,20.0,1,13867,1,1,0,0,1,0,0,0,0,0,0,0,0,1
2740,15,1fdd04fc4bd3a35e,1.13551,20.0,1,14201,1,1,0,0,1,0,0,0,0,0,0,0,0,1
2741,15,1ea3379f3547fd92,1.896719,16.967708,0,13884,2,1,0,0,0,0,0,0,0,0,0,0,0,0
2742,15,f2433026cfae9a47,2.468588,19.704894,1,14017,1,0,0,0,1,0,0,0,0,0,0,0,0,1
2743,15,d0cc26dd4ca1a8f2,1.856413,20.0,1,13985,1,1,0,0,1,0,0,0,0,0,0,0,0,1
2744,15,38a3c7ee0e61cf29,2.438307,16.362022,0,14058,1,0,0,0,0,0,0,0,0,0,0,0,0,0
2745,15,e64373de38c1d3e1,1.831809,19.249865,1,13824,1,1,0,0,1,0,0,0,0,0,0,0,0,1
2746,15,7addd6445d78c1a4,1.377546,17.956674,1,13886,1,1,0,0,1,0,0,0,0,0,0,0,0,0
2747,15,32a2c7ad3446fe7a,1.034899,20.0,1,13743,1,1,0,0,1,0,0,0,0,0,0,0,0,1
2748,15,c2ddba3954d1d184,1.821134,15.361718,0,13989,1,0,0,0,0,0,0,0,0,0,0,0,0,0
2749,15,6665faed5439f816,2.411804,18.498374,1,13907,2,1,0,0,1,0,0,0,0,0,0,0,0,1
2750,15,e2ced52540714a46,1.813711,20.0,1,13919,1,1,0,0,1,0,0,0,0,0,0,0,0,1
2751,15,609fe1b042bd7177,1.362573,19.159231,1,13657,1,1,0,0,0,0,0,0,0,0,0,0,0,1
2752,15,a841332a0fc6c3b7,1.02365,17.872459,1,13943,0,0,0,0,1,0,0,0,0,0,0,0,0,0
2753,15,55f4672a66ea5f47,0.7698,16.920845,1,13840,1,1,0,0,1,0,0,0,0,0,0,0,0,0
2754,15,c0bd9a34ec0d85ea,1.621975,19.669688,1,14074,2,1,0,0,1,0,0,0,0,0,0,0,0,1
2755,15,aabefe6d1a5d48da,1.218529,14.777101,0,13690,0,0,0,0,0,0,0,0,0,0,0,0,0,0
2756,15,1adb77769bb8b4f3,1.959089,20.0,1,13837,2,1,0,0,1,0,0,0,0,0,0,0,0,2
2757,15,a846133f73861c83,1.473263,19.677398,1,13885,1,1,0,0,1,0,0,0,0,0,0,0,0,0
2758,15,cfa8b1cf2d33ed9a,1.106807,20.0,1,13974,1,1,0,0,1,0,0,0,0,0,0,0,0,1
2759,15,10999707da36a12f,1.875156,16.332887,0,13833,1,0,0,0,0,0,0,0,0,0,0,0,0,0
2760,15,34b7a6e5fe8596ce,1.410144,19.243567,1,13755,1,1,0,0,1,0,0,0,0,0,0,0,0,1
2761,15,a2076ecd533fd97d,2.103042,17.935817,1,14034,1,0,0,0,0,0,0,0,0,0,0,0,0,1
2762,15,7c306d0aa9eb8d48,2.62359,20.0,1,13907,2,1,0,0,1,0,0,0,0,0,0,0,0,1
2763,15,4299b7b28708007a,1.971005,18.828791,1,13936,1,1,0,0,1,0,0,0,0,0,0,0,0,0
2764,15,e37137cca5879e3d,2.526375,17.640021,1,14003,1,0,0,0,0,0,0,0,0,0,0,0,0,1
2765,15,83ac982daf0f5cdb,1.897971,20.0,1,13926,1,1,0,0,1,0,0,0,0,0,0,0,0,1
2766,15,6d3e74a1c3c2f618,1.425874,18.661845,1,13960,1,1,0,0,1,0,0,0,0,0,0,0,0,0
2767,15,84bff23ce59350e2,1.072278,20.0,1,14042,1,1,0,0,1,0,0,0,0,0,0,0,0,1
2768,15,2b6c921539b5768b,1.849216,15.772741,0,13950,1,0,0,0,0,0,0,0,0,0,0,0,0,0
2769,15,0978b21bf001cc8f,1.389247,18.80716,1,13914,1,1,0,0,1,0,0,0,0,0,0,0,0,1
2770,15,df76ccae0d57b265,2.087342,20.0,1,14113,2,1,0,0,1,0,0,0,0,0,0,0,0,1
2771,15,5f0a318ba0eec9dd,1.569711,19.33808,1,13932,1,1,0,0,0,0,0,0,0,0,0,0,0,1
2772,15,bbea280c4443ece7,2.222919,18.006821,1,14066,1,0,0,0,1,0,0,0,0,0,0,0,0,0
2773,15,770cc58a6b328c75,1.669996,20.0,1,13869,1,1,0,0,1,0,0,0,0,0,0,0,0,1
2774,15,9e4ceafbb666acca,1.255861,18.88592,1,13886,1,1,0,0,1,0,0,0,0,0,0,0,0,0
2775,15,b9acb191b89c8af8,0.943481,20.0,1,14018,1,1,0,0,1,0,0,0,0,0,0,0,0,1
2776,15,b2a2c7e3fefe743e,2.796109,19.365025,1,13884,2,0,0,0,0,0,0,0,0,0,0,0,0,1
2777,15,ff4e2fdbd305bd8b,2.100612,18.027064,1,14080,1,1,0,0,1,0,0,0,0,0,0,0,0,0
2778,15,9f64605041841356,1.57969,20.0,1,13788,1,1,0,0,1,0,0,0,0,0,0,0,0,1
2779,15,dfb6d3b7e5a7252d,1.186762,18.89296,1,13965,1,1,0,0,0,0,0,0,0,0,0,0,0,1
2780,15,bd6e554d5171a756,1.935223,17.672419,1,13869,1,0,0,0,1,0,0,0,0,0,0,0,0,0
2781,15,2c36f37971b14bd3,1.455316,20.0,1,13892,1,1,0,0,1,0,0,0,0,0,0,0,0,1
2782,15,12327b1819ed0502,1.093324,18.692599,1,13847,1,1,0,0,1,0,0,0,0,0,0,0,0,0
2783,15,1dbaef631fdf700e,0.821374,17.521896,1,13993,1,1,0,0,0,0,0,0,0,0,0,0,0,1
2784,15,516941809dd809cc,1.660721,16.64239,1,14158,1,0,0,0,1,0,0,0,0,0,0,0,0,0
2785,15,42c582a921cfac9a,1.248886,19.476318,1,14090,1,1,0,0,1,0,0,0,0,0,0,0,0,1
2786,15,ff07097874dec532,0.938241,20.0,1,14076,1,1,0,0,1,0,0,0,0,0,0,0,0,1
2787,15,8e306b1a2494d9bc,1.748519,16.219398,0,14228,1,0,0,0,0,0,0,0,0,0,0,0,0,0
2788,15,1d7f53df4aa1d2d5,2.359062,19.158222,1,13935,2,1,0,0,1,0,0,0,0,0,0,0,0,1
2789,15,73e0f20c3d7b0bd0,1.772275,20.0,1,13995,1,1,0,0,1,0,0,0,0,0,0,0,0,1
2790,15,034f380fd1c38633,2.375097,19.518711,1,13949,1,0,0,0,0,0,0,0,0,0,0,0,0,1
2791,15,be587cd7dc4a62a5,1.784322,20.0,1,13925,1,1,0,0,1,0,0,0,0,0,0,0,0,1
2792,15,563df49b890f95f5,2.385986,16.259576,0,13785,1,0,0,0,0,0,0,0,0,0,0,0,0,0
2793,15,caddc0af17d940a7,2.836155,19.172901,1,13517,2,1,0,0,1,0,0,0,0,0,0,0,0,1
2794,15,4713e3de224b56ba,2.130697,20.0,1,13761,1,1,0,0,1,0,0,0,0,0,0,0,0,1
2795,15,adf62f6958ee03c5,1.602315,20.0,1,13570,1,1,0,0,1,0,0,0,0,0,0,0,0,1
2796,15,bdfda64e32e0e240,2.247413,17.29798,0,13370,1,0,0,0,0,0,0,0,0,0,0,0,0,0
2797,15,7315a3e1240f3310,1.688397,19.953015,1,13324,1,1,0,0,1,0,0,0,0,0,0,0,0,1
2798,15,0b87e5f5f9d1ebe3,1.26843,18.468799,1,13324,1,1,0,0,1,0,0,0,0,0,0,0,0,0
2799,15,be91d7d4b721c936,1.998028,17.369301,1,13266,1,0,0,0,0,0,0,0,0,0,0,0,0,1
2800,15,a92b4ca2e916b54b,1.501043,20.0,1,13530,1,1,0,0,1,0,0,0,0,0,0,0,0,1
2801,15,21948ef47fc793f0,1.127678,18.509052,1,13458,1,1,0,0,1,0,0,0,0,0,0,0,0,0
2802,15,d608a057f02028e4,2.936331,17.399573,1,13734,2,0,0,0,0,0,0,0,0,0,0,0,0,1
2803,15,56d80673d00dd944,2.205956,20.0,1,14006,1,1,0,0,1,0,0,0,0,0,0,0,0,1
2804,15,a333470a99f6951c,1.657252,20.0,1,13828,1,1,0,0,1,0,0,0,0,0,0,0,0,1
2805,15,6937688fd6cdc9c7,1.245031,20.0,1,13807,1,1,0,0,1,0,0,0,0,0,0,0,0,1
2806,15,e13bfad6af9271f4,1.980432,17.66422,0,13724,1,0,0,0,0,0,0,0,0,0,0,0,0,0
2807,15,7687c08e93ea2a5d,1.487824,20.0,1,13796,1,1,0,0,1,0,0,0,0,0,0,0,0,1
2808,15,761c1d6139c1fa46,1.117747,20.0,1,13824,1,1,0,0,1,0,0,0,0,0,0,0,0,1
2809,15,c2fd809331703093,0.840562,20.0,1,13762,1,1,0,0,1,0,0,0,0,0,0,0,0,0
2810,15,0719008a79734aac,1.675136,18.60994,1,13774,1,0,0,0,0,0,0,0,0,0,0,0,0,1
2811,15,7f54c666d7f8d34e,1.258467,17.459797,1,13800,1,1,0,0,1,0,0,0,0,0,0,0,0,0
2812,15,2c3a61f667452eba,0.945439,20.0,1,13788,1,1,0,0,1,0,0,0,0,0,0,0,0,1
2813,15,b5f3d6339235af5c,0.710984,18.576873,1,13863,1,1,0,0,1,0,0,0,0,0,0,0,0,0
2814,15,e8744556e236f6ca,1.577789,17.434955,1,13782,1,0,0,0,0,0,0,0,0,0,0,0,0,1
2815,15,fb36d16345522650,2.228987,20.0,1,13537,2,1,0,0,1,0,0,0,0,0,0,0,0,1
2816,15,9eb02082b3aae721,0.63208,18.562839,1,13809,0,1,0,0,1,0,0,0,0,0,0,0,0,0
2817,15,b191fa366a2fdec1,1.518511,17.424411,1,14041,1,0,0,0,0,0,0,0,0,0,0,0,0,1
2818,15,0182228d35a14b6a,1.140801,16.569153,1,13775,1,1,0,0,1,0,0,0,0,0,0,0,0,0
2819,15,7f7fa682230b58a0,2.944348,15.92663,1,13896,2,0,0,0,0,0,0,0,0,0,0,0,0,1
2820,15,ffd4dbfc224c2997,2.214191,18.938056,1,13853,1,1,0,0,1,0,0,0,0,0,0,0,0,1
2821,15,79721978477bb939,1.663439,17.706298,1,13824,1,1,0,0,1,0,0,0,0,0,0,0,0,0
2822,15,a9b6f60cc6482e44,2.293333,16.780924,1,13884,1,0,0,0,0,0,0,0,0,0,0,0,0,1
2823,15,6fe83f8f3a8d5a54,1.724619,16.099996,1,13730,1,1,0,0,1,0,0,0,0,0,0,0,0,0
2824,15,1c3f59a8f4f79281,1.295642,19.053014,1,14006,1,1,0,0,1,0,0,0,0,0,0,0,0,1
2825,15,eab64eeb5c021107,3.060674,17.792662,1,14018,2,0,0,0,0,0,0,0,0,0,0,0,0,1
2826,15,1b036c7311f7099e,2.29937,20.0,1,14002,1,1,0,0,1,0,0,0,0,0,0,0,0,1
2827,15,c5b82d6c9c87475d,1.729159,18.764929,1,14051,1,1,0,0,1,0,0,0,0,0,0,0,0,0
2828,15,5777a30f7178e86a,2.342706,17.576234,1,14107,1,0,0,0,0,0,0,0,0,0,0,0,0,1
2829,15,31114bee99964071,1.759987,16.683212,1,14170,1,1,0,0,1,0,0,0,0,0,0,0,0,0
2830,15,872dbe1e96843970,1.323536,19.507017,1,14008,1,1,0,0,1,0,0,0,0,0,0,0,0,1
2831,15,9f34acc304206cb4,0.994323,20.0,1,14015,1,1,0,0,1,0,0,0,0,0,0,0,0,1
2832,15,3813015593e965db,1.790651,19.715569,1,14174,2,1,0,0,0,0,0,0,0,0,0,0,0,1
2833,15,8dfe1a7b17062740,2.388902,18.290414,1,14242,1,0,0,0,1,0,0,0,0,0,0,0,0,0
2834,15,54358a32c50d3ec1,1.796489,20.0,1,14192,1,1,0,0,1,0,0,0,0,0,0,0,0,1
2835,15,c23cccccd1deb5b4,1.349635,19.041742,1,14300,1,1,0,0,1,0,0,0,0,0,0,0,0,0
2836,15,2bed7cf3277566ed,1.01393,20.0,1,14307,1,1,0,0,1,0,0,0,0,0,0,0,0,1
2837,15,059b42bea3147b23,0.76249,20.0,1,14968,1,1,0,0,1,0,0,0,0,0,0,0,0,1
2838,15,556fd76af5978caf,0.57283,20.0,1,14758,1,1,0,0,1,0,0,0,0,0,0,0,0,1
2839,15,88f4753035dda7e5,2.517653,18.180556,0,16066,2,0,0,0,0,0,0,0,0,0,0,0,0,0
2840,15,3987cb70046adff4,1.891418,20.0,1,16304,1,1,0,0,1,0,0,0,0,0,0,0,0,1
2841,15,3f64cf5d52566cab,1.422374,18.984074,1,15933,1,1,0,0,1,0,0,0,0,0,0,0,0,0
2842,15,7f74da6ae9af5128,1.068576,20.0,1,16105,1,1,0,0,1,0,0,0,0,0,0,0,0,1
2843,15,495cd69a807d1092,0.802781,19.420422,1,16118,1,1,0,0,1,0,0,0,0,0,0,0,0,0
2844,15,805576b214ae2134,0.603703,20.0,1,16018,1,1,0,0,1,0,0,0,0,0,0,0,0,1
2845,15,e2b85ad2689e47c4,0.453539,16.201307,0,17072,1,1,0,0,0,0,0,0,0,0,0,0,0,0
2846,15,2117352d9a8eef8f,2.428034,20.0,1,17032,2,0,0,0,1,0,0,0,0,0,0,0,0,2
2847,15,74ca8c9b3f99348a,1.824091,20.0,1,16850,1,1,0,0,1,0,0,0,0,0,0,0,0,0
2848,15,8141d85b3bcdd61f,1.371743,20.0,1,16955,1,1,0,0,1,0,0,0,0,0,0,0,0,1
2849,15,61e1571ee8cb58ba,3.117846,20.0,1,17054,2,0,0,0,0,0,0,0,0,0,0,0,0,1
2850,15,007c123608a64ecd,2.342321,20.0,1,17115,1,1,0,0,1,0,0,0,0,0,0,0,0,1
2851,15,1887b0740a5b5f73,3.84976,20.0,1,15512,2,0,0,0,0,0,0,0,0,0,0,0,0,1
2852,15,b806fd6e9b2e765d,2.892181,18.627434,1,14348,1,1,0,0,1,0,0,0,0,0,0,0,0,0
2853,15,863aa534da9c1a5f,2.172787,20.0,1,14460,1,1,0,0,1,0,0,0,0,0,0,0,0,1
2854,15,422fca558fc05a65,1.632334,19.219136,1,14320,1,1,0,0,1,0,0,0,0,0,0,0,0,0
2855,15,e528d20605a69de0,2.271689,17.933566,1,14343,2,1,0,0,0,0,0,0,0,0,0,0,0,1
2856,15,34220bcb3b1104d3,2.750288,20.0,1,14117,1,0,0,0,1,0,0,0,0,0,0,0,0,1
2857,15,b63f8d9c857061b3,2.066189,20.0,1,13957,1,1,0,0,1,0,0,0,0,0,0,0,0,1
2858,15,f94cfb3a937c7bd2,1.553803,20.0,1,13663,1,1,0,0,1,0,0,0,0,0,0,0,0,0
2859,15,a7969c595af7879d,2.210968,18.695824,1,13729,1,0,0,0,0,0,0,0,0,0,0,0,0,1
2860,15,5747d35dfa587121,1.661017,20.0,1,13920,1,1,0,0,1,0,0,0,0,0,0,0,0,1
2861,15,9a04f90149ee262b,2.291514,20.0,1,14044,2,1,0,0,1,0,0,0,0,0,0,0,0,1
2862,15,09c3d7a43771eef2,0.6791,17.098232,0,14284,0,1,0,0,0,0,0,0,0,0,0,0,0,0
2863,15,e71325edcc20ec68,2.597489,19.802952,1,14325,2,0,0,0,1,0,0,0,0,0,0,0,0,1
2864,15,eef3ca5f10c9fd39,1.951397,18.356062,1,14244,1,1,0,0,1,0,0,0,0,0,0,0,0,0
2865,15,4015ad723d6fbfde,1.467478,20.0,1,14059,1,1,0,0,1,0,0,0,0,0,0,0,0,1
2866,15,07bcc630da0c16c1,1.102461,20.0,1,14181,1,1,0,0,1,0,0,0,0,0,0,0,0,1
2867,15,a11f07d67d4b641c,1.871891,16.946738,0,14051,1,0,0,0,0,0,0,0,0,0,0,0,0,0
2868,15,ef9a1b66888baa03,2.449935,20.0,1,14226,2,1,0,0,1,0,0,0,0,0,0,0,0,2
2869,15,f439905ed1675236,1.842386,20.0,1,14075,1,1,0,0,1,0,0,0,0,0,0,0,0,0
2870,15,48a5e3dc3df4b3d0,1.384116,20.0,1,14141,1,1,0,0,1,0,0,0,0,0,0,0,0,1
2871,15,d56866aaae13f240,1.039835,17.024699,0,13926,1,1,0,0,0,0,0,0,0,0,0,0,0,0
2872,15,38ff08a66ef9282d,1.826121,19.76382,1,14133,1,0,0,0,1,0,0,0,0,0,0,0,0,1
2873,15,fb79b81cd6f54309,1.371896,18.326664,1,14046,1,1,0,0,1,0,0,0,0,0,0,0,0,0
2874,15,92ee1b1b348c4cdf,1.030654,20.0,1,14087,1,1,0,0,1,0,0,0,0,0,0,0,0,1
2875,15,47bf34aa2009c6f3,1.817946,15.570538,0,13955,1,0,0,0,0,0,0,0,0,0,0,0,0,0
2876,15,f73f00d7268edd80,1.367121,18.67027,1,13697,1,1,0,0,1,0,0,0,0,0,0,0,0,1
2877,15,6d88746b46ab0d3c,2.07072,20.0,1,14128,2,1,0,0,1,0,0,0,0,0,0,0,0,1
2878,15,5150bbe219a0e519,2.599308,19.243313,1,14098,1,0,0,0,0,0,0,0,0,0,0,0,0,1
2879,15,c3db9dace854d5e8,1.954717,17.951747,1,14168,1,1,0,0,1,0,0,0,0,0,0,0,0,0
2880,15,b14d9b78c4c67e7a,1.468506,20.0,1,13818,1,1,0,0,1,0,0,0,0,0,0,0,0,1
2881,15,ffbdabfc5b678651,2.146887,15.358937,0,13889,1,0,0,0,0,0,0,0,0,0,0,0,0,0
2882,15,7de271ca15f3f479,2.656529,18.496285,1,13877,2,1,0,0,1,0,0,0,0,0,0,0,0,1
2883,15,ef70056afc229974,3.041898,17.389971,1,13814,1,0,0,0,0,0,0,0,0,0,0,0,0,1
2884,15,76de97c30bf076fd,2.285264,20.0,1,13898,1,1,0,0,1,0,0,0,0,0,0,0,0,1
2885,15,e6ad52bb655a7dba,1.716834,20.0,1,13966,1,1,0,0,1,0,0,0,0,0,0,0,0,1
2886,15,5887cc54c5a90925,3.379384,20.0,1,13912,2,0,0,0,0,0,0,0,0,0,0,0,0,1
2887,15,948e30f4685c48c5,2.538805,20.0,1,13893,1,1,0,0,1,0,0,0,0,0,0,0,0,1
2888,15,279d3e0e9bc5a539,1.907309,20.0,1,14015,1,1,0,0,1,0,0,0,0,0,0,0,0,0
2889,15,a6570a4f0ef89d87,2.476544,18.509826,1,13891,1,0,0,0,0,0,0,0,0,0,0,0,0,1
2890,15,276915a90c795d7f,1.862396,20.0,1,14230,1,1,0,0,1,0,0,0,0,0,0,0,0,1
2891,15,eab48747f0e98c70,2.442802,20.0,1,14044,2,1,0,0,1,0,0,0,0,0,0,0,0,1
2892,15,eae4c589394521eb,1.835186,20.0,1,13672,1,1,0,0,1,0,0,0,0,0,0,0,0,0
2893,15,8bd985e2b235a60c,1.380086,20.0,1,13591,1,1,0,0,1,0,0,0,0,0,0,0,0,1
2894,15,602f8dff78f09de5,2.08046,16.806054,0,13610,1,0,0,0,0,0,0,0,0,0,0,0,0,0
2895,15,c1250d7b51bac735,1.562972,19.583449,1,13425,1,1,0,0,1,0,0,0,0,0,0,0,0,1
2896,15,1fe1f715c5f3290a,1.174202,18.191158,1,13499,1,1,0,0,1,0,0,0,0,0,0,0,0,0
2897,15,b50153af2b1ec38f,1.927167,17.160511,1,13324,1,0,0,0,0,0,0,0,0,0,0,0,0,1
2898,15,9672867c07a54353,1.447809,16.370895,1,13245,1,1,0,0,1,0,0,0,0,0,0,0,0,0
2899,15,d301903830fbd7fa,1.087685,19.256531,1,13226,1,1,0,0,1,0,0,0,0,0,0,0,0,1
2900,15,af61712d77f34e4f,0.817954,14.481186,0,13244,1,1,0,0,0,0,0,0,0,0,0,0,0,0
2901,15,ab208279d6ccdde6,1.658152,17.836862,1,13194,1,0,0,0,1,0,0,0,0,0,0,0,0,1
2902,15,eab9d73601db5b33,1.245708,20.0,1,12910,1,1,0,0,1,0,0,0,0,0,0,0,0,1
2903,16,1fd48474a6be9a50,1.979507,15.294097,0,13979,1,0,0,0,0,0,0,0,0,0,0,0,0,0
2904,16,0b198662efcfc49a,1.488617,18.462382,1,14187,1,1,0,0,1,0,0,0,0,0,0,0,0,1
2905,16,fcbdd03152747088,2.161996,13.870098,0,14092,1,0,0,0,0,0,0,0,0,0,0,0,0,0
2906,16,c7b8a2a9fab59ea4,1.624227,17.377775,1,14243,1,1,0,0,1,0,0,0,0,0,0,0,0,1
2907,16,241e6acbb414e8f5,2.265592,13.068334,0,14221,1,0,0,0,0,0,0,0,0,0,0,0,0,0
2908,16,fc64a472a0076c97,1.702055,16.77544,1,14166,1,1,0,0,1,0,0,0,0,0,0,0,0,1
2909,16,1e870741cfb1004d,2.322343,16.081606,1,14111,1,0,0,0,0,0,0,0,0,0,0,0,0,1
2910,16,bf57db00a494f005,2.788343,19.039198,1,14141,2,1,0,0,1,0,0,0,0,0,0,0,0,1
2911,16,b9cebc1ba6e23f90,2.096874,20.0,1,14089,1,1,0,0,1,0,0,0,0,0,0,0,0,1
2912,16,e665c14bbc29de1b,2.618956,15.985931,0,14081,1,0,0,0,0,0,0,0,0,0,0,0,0,0
2913,16,e769dc1986223560,1.967524,18.967321,1,14262,1,1,0,0,1,0,0,0,0,0,0,0,0,1
2914,16,1dc6f86b0f28f527,1.479606,17.744198,1,14087,1,1,0,0,1,0,0,0,0,0,0,0,0,0
2915,16,83171efae161e4f9,1.111573,20.0,1,14084,1,1,0,0,1,0,0,0,0,0,0,0,0,1
2916,16,d0f092e334d1b579,1.878736,15.241797,0,14131,1,0,0,0,0,0,0,0,0,0,0,0,0,0
2917,16,3c72e9f66e532470,2.455078,18.408282,1,14002,2,1,0,0,1,0,0,0,0,0,0,0,0,1
2918,16,1fdd04fc4bd3a35e,1.846253,20.0,1,14071,1,1,0,0,1,0,0,0,0,0,0,0,0,1
2919,16,1ea3379f3547fd92,1.387021,20.0,1,13877,1,1,0,0,1,0,0,0,0,0,0,0,0,1
2920,16,f2433026cfae9a47,2.085671,16.968902,0,14041,1,0,0,0,0,0,0,0,0,0,0,0,0,0
2921,16,d0cc26dd4ca1a8f2,2.612604,19.721859,1,14048,2,1,0,0,1,0,0,0,0,0,0,0,0,1
2922,16,38a3c7ee0e61cf29,1.962752,20.0,1,13951,1,1,0,0,1,0,0,0,0,0,0,0,0,1
2923,16,e64373de38c1d3e1,1.474542,20.0,1,13974,1,1,0,0,1,0,0,0,0,0,0,0,0,1
2924,16,7addd6445d78c1a4,2.151422,17.516191,0,13902,1,0,0,0,0,0,0,0,0,0,0,0,0,0
2925,16,32a2c7ad3446fe7a,1.6179,20.0,1,13724,1,1,0,0,1,0,0,0,0,0,0,0,0,1
2926,16,c2ddba3954d1d184,1.215468,18.604337,1,13957,1,1,0,0,1,0,0,0,0,0,0,0,0,0
2927,16,6665faed5439f816,0.913135,20.0,1,13752,1,1,0,0,1,0,0,0,0,0,0,0,0,1
2928,16,e2ced52540714a46,1.730841,15.742991,0,13900,1,0,0,0,0,0,0,0,0,0,0,0,0,0
2929,16,609fe1b042bd7177,1.300316,18.78481,1,13794,1,1,0,0,1,0,0,0,0,0,0,0,0,1
2930,16,a841332a0fc6c3b7,0.976879,20.0,1,13982,1,1,0,0,1,0,0,0,0,0,0,0,0,1
2931,16,55f4672a66ea5f47,1.777546,20.0,1,13827,2,1,0,0,1,0,0,0,0,0,0,0,0,1
2932,16,c0bd9a34ec0d85ea,1.33674,17.136001,0,13888,0,0,0,0,0,0,0,0,0,0,0,0,0,0
2933,16,aabefe6d1a5d48da,1.004243,16.352481,1,13836,1,1,0,0,1,0,0,0,0,0,0,0,0,0
2934,16,3a430dc208632016,1.798103,19.242697,1,13858,2,1,0,0,1,0,0,0,0,0,0,0,0,1
2935,16,80aa2168e796d8f4,2.39635,17.951284,1,13963,1,0,0,0,0,0,0,0,0,0,0,0,0,1
2936,16,f7ccb287b0e2aba7,1.800288,16.964973,1,13922,1,1,0,0,1,0,0,0,0,0,0,0,0,0
2937,16,2112fa62c82cb6c3,2.396143,16.223995,1,13801,1,0,0,0,0,0,0,0,0,0,0,0,0,1
2938,16,3716027e174ef615,1.800132,19.14617,1,13952,1,1,0,0,1,0,0,0,0,0,0,0,0,1
2939,16,8fd2f788f2f79c9f,2.397876,14.398193,0,13828,1,0,0,0,0,0,0,0,0,0,0,0,0,0
2940,16,f4366fc4497b611c,1.801434,17.774513,1,13858,1,1,0,0,1,0,0,0,0,0,0,0,0,1
2941,16,6d7c972a0c1269ca,1.35335,16.832172,1,13920,1,1,0,0,1,0,0,0,0,0,0,0,0,0
2942,16,b5042d9861b5d83b,3.10604,16.138535,1,13944,2,0,0,0,0,0,0,0,0,0,0,0,0,1
2943,16,74137b3e5583e005,2.333452,19.081967,1,13901,1,1,0,0,1,0,0,0,0,0,0,0,0,1
2944,16,ffefc33e1efd86a3,1.753035,20.0,1,13956,1,1,0,0,1,0,0,0,0,0,0,0,0,1
2945,16,92028f149756700b,1.31699,19.475673,1,13954,1,1,0,0,1,0,0,0,0,0,0,0,0,0
2946,16,5eb8cd907f9f8d28,2.034545,18.126485,1,13905,1,0,0,0,0,0,0,0,0,0,0,0,0,1
2947,16,9b7806b606ca2194,1.528478,17.096595,1,13841,1,1,0,0,1,0,0,0,0,0,0,0,0,0
2948,16,c937167456be7e85,1.148288,19.801722,1,14060,1,1,0,0,1,0,0,0,0,0,0,0,0,1
2949,16,fd6f192d5b7972aa,1.90768,20.0,1,13994,2,1,0,0,1,0,0,0,0,0,0,0,0,1
2950,16,c0910b9c865a2e78,1.433168,16.416726,0,14057,1,1,0,0,0,0,0,0,0,0,0,0,0,0
2951,16,1df7e600613b28da,2.120339,19.290962,1,14048,1,0,0,0,1,0,0,0,0,0,0,0,0,1
2952,16,a342725086240e92,1.592932,20.0,1,13918,1,1,0,0,1,0,0,0,0,0,0,0,0,1
2953,16,5c9bc9b88218910e,1.197907,19.611409,1,13866,1,1,0,0,1,0,0,0,0,0,0,0,0,0
2954,16,db6c91d20719b813,0.899943,18.212163,1,13896,1,1,0,0,0,0,0,0,0,0,0,0,0,1
2955,16,63aec0b2be2687ee,1.719747,20.0,1,13922,2,1,0,0,1,0,0,0,0,0,0,0,0,1
2956,16,40ffc0da7fe0a3f3,2.337425,20.0,1,13902,1,0,0,0,1,0,0,0,0,0,0,0,0,1
2957,16,63e8a29cf02887d3,0.712366,20.0,1,14022,0,1,0,0,1,0,0,0,0,0,0,0,0,0
2958,16,907438e3b0c202d2,1.578828,20.0,1,13862,2,1,0,0,1,0,0,0,0,0,0,0,0,1
2959,16,63ee67d2f8b464de,1.186114,16.723255,0,13688,1,1,0,0,0,0,0,0,0,0,0,0,0,0
2960,16,c06de84f91eb8c3b,1.936125,19.53713,1,13961,1,0,0,0,1,0,0,0,0,0,0,0,0,1
2961,16,415e901b205e1552,1.454539,20.0,1,13969,1,1,0,0,1,0,0,0,0,0,0,0,0,1
2962,16,84025acf41ca2916,1.09274,19.732565,1,14285,1,1,0,0,1,0,0,0,0,0,0,0,0,0
2963,16,8bd68bae152e9897,1.865907,18.319672,1,14020,1,0,0,0,0,0,0,0,0,0,0,0,0,1
2964,16,8bef0a0b90df594c,1.401786,17.241729,1,14163,1,1,0,0,1,0,0,0,0,0,0,0,0,0
2965,16,a5271e2020affc6d,1.053109,16.431911,1,14017,1,1,0,0,0,0,0,0,0,0,0,0,0,1
2966,16,c00eb59857649839,1.834815,15.823525,1,14245,1,0,0,0,1,0,0,0,0,0,0,0,0,0
2967,16,e40c5ad933a6f45b,1.379807,18.86052,1,14158,1,1,0,0,1,0,0,0,0,0,0,0,0,1
2968,16,126061fc5eff4001,1.036598,14.169203,0,14158,1,1,0,0,0,0,0,0,0,0,0,0,0,0
2969,16,0b7dd6a37a1ec3a9,1.82241,17.602482,1,14100,1,0,0,0,1,0,0,0,0,0,0,0,0,1
2970,16,20b2a2bdcf044fcf,1.370479,20.0,1,14235,1,1,0,0,1,0,0,0,0,0,0,0,0,1
2971,16,9f6233479ae77a58,2.073243,18.653088,1,14187,2,1,0,0,1,0,0,0,0,0,0,0,0,0
2972,16,5825c1a0e74c1947,2.601203,17.492212,1,13972,1,0,0,0,0,0,0,0,0,0,0,0,0,1
2973,16,2ffaf93b2bb76fe0,1.954187,20.0,1,14186,1,1,0,0,1,0,0,0,0,0,0,0,0,1
2974,16,2f1d1120465202ce,1.469576,18.595187,1,14056,1,1,0,0,1,0,0,0,0,0,0,0,0,0
2975,16,2aec960cb50aff8e,2.147691,20.0,1,14381,2,1,0,0,1,0,0,0,0,0,0,0,0,1
2976,16,faec6cc491720471,1.61348,20.0,1,14496,1,1,0,0,1,0,0,0,0,0,0,0,0,1
2977,16,ae6cff63b49fbe03,2.25751,17.055518,0,15200,1,0,0,0,0,0,0,0,0,0,0,0,0,0
2978,16,ee428ec799bbaae2,1.695983,19.770862,1,14948,1,1,0,0,1,0,0,0,0,0,0,0,0,1
2979,16,0aae16c919502360,1.274129,18.331954,1,14493,1,1,0,0,1,0,0,0,0,0,0,0,0,0
2980,16,182f97bfc198d644,0.957205,20.0,1,15548,1,1,0,0,1,0,0,0,0,0,0,0,0,1
2981,16,82d9c68a398d482c,2.808133,19.069608,1,15150,2,0,0,0,0,0,0,0,0,0,0,0,0,1
2982,16,0d3af6a4c5a8bdb0,2.109645,20.0,1,14713,1,1,0,0,1,0,0,0,0,0,0,0,0,1
2983,16,7d31e2a6829c6a55,2.628551,20.0,1,14251,2,1,0,0,1,0,0,0,0,0,0,0,0,1
2984,16,28205aedf0cac1cf,3.020858,17.256879,0,13996,1,0,0,0,0,0,0,0,0,0,0,0,0,0
2985,16,efa0ed04ea81a26b,2.269458,19.922137,1,13980,1,1,0,0,1,0,0,0,0,0,0,0,0,1
2986,16,94efa745f2f7d680,1.704959,18.445601,1,13937,1,1,0,0,1,0,0,0,0,0,0,0,0,0
2987,16,78ca2a9ac388a79c,2.324525,17.336335,1,13828,1,0,0,0,0,0,0,0,0,0,0,0,0,1
2988,16,1ba0bc89dd708639,1.748076,16.517673,1,13696,1,1,0,0,1,0,0,0,0,0,0,0,0,0
2989,16,2d3c985f201e86be,1.313264,19.366799,1,13805,1,1,0,0,1,0,0,0,0,0,0,0,0,1
2990,16,724aa86e4a976453,0.986606,14.549552,0,13845,1,1,0,0,0,0,0,0,0,0,0,0,0,0
2991,16,532a2ddc5d41bf88,2.830243,17.902474,1,13821,2,0,0,0,1,0,0,0,0,0,0,0,0,1
2992,16,ede66f479361b4e9,2.126256,20.0,1,13899,1,1,0,0,1,0,0,0,0,0,0,0,0,1
2993,16,a93a9a7081703c69,1.597376,20.0,1,13672,1,1,0,0,1,0,0,0,0,0,0,0,0,1
2994,16,db272c6cbd9f82ee,1.200049,20.0,1,14096,1,1,0,0,1,0,0,0,0,0,0,0,0,1
2995,16,9bd22a097276f28c,1.946605,17.824576,0,14434,1,0,0,0,0,0,0,0,0,0,0,0,0,0
2996,16,1fa6c937c83d6687,1.462411,20.0,1,14862,1,1,0,0,1,0,0,0,0,0,0,0,0,1
2997,16,7ec7ed1cccd93d5c,1.098655,20.0,1,14820,1,1,0,0,1,0,0,0,0,0,0,0,0,1
2998,16,37dc4616a68faf78,1.870355,20.0,1,15442,2,1,0,0,1,0,0,0,0,0,0,0,0,1
2999,16,544d61320b732b38,1.405128,20.0,1,15319,1,1,0,0,1,0,0,0,0,0,0,0,0,1
3000,16,12aa04963711e090,1.05562,18.59727,0,15318,1,1,0,0,0,0,0,0,0,0,0,0,0,0
3001,16,52e242f6a15d0ca1,1.836701,20.0,1,14966,1,0,0,0,1,0,0,0,0,0,0,0,0,1
3002,16,690c42115340482b,1.381225,19.219501,1,15146,1,1,0,0,1,0,0,0,0,0,0,0,0,0
3003,16,1703b83a5eeeb1cd,1.037663,20.0,1,15144,1,1,0,0,1,0,0,0,0,0,0,0,0,1
3004,16,e0c747e23b9eab21,0.779557,20.0,1,14357,1,1,0,0,1,0,0,0,0,0,0,0,0,1
3005,16,280580e463ab6f39,1.630389,20.0,1,13744,2,1,0,0,1,0,0,0,0,0,0,0,0,0
3006,16,998234151fac093a,1.22485,20.0,1,14220,1,1,0,0,1,0,0,0,0,0,0,0,0,1
3007,16,1ac453a9ba6df406,1.963837,16.967043,0,14070,1,0,0,0,0,0,0,0,0,0,0,0,0,0
3008,16,9013080b7ce22d14,1.475358,19.704394,1,14062,1,1,0,0,1,0,0,0,0,0,0,0,0,1
3009,16,23d2fc1c601ceca4,1.10949,20.0,1,14033,1,1,0,0,1,0,0,0,0,0,0,0,0,1
3010,16,56596c1a7fd0b3b5,0.833518,20.0,1,14240,1,1,0,0,1,0,0,0,0,0,0,0,0,1
3011,16,7a2ffd70a254f4ee,1.669845,17.519015,0,13993,1,0,0,0,0,0,0,0,0,0,0,0,0,0
3012,16,90a71c017e0083aa,2.299897,20.0,1,14097,2,1,0,0,1,0,0,0,0,0,0,0,0,1
3013,16,b2f8a70b31ddd910,1.727827,18.605932,1,14125,1,1,0,0,1,0,0,0,0,0,0,0,0,0
3014,16,ff3917a3ba7ec077,1.298052,20.0,1,14234,1,1,0,0,1,0,0,0,0,0,0,0,0,1
3015,16,5cbe2bfcf5facb95,0.975178,20.0,1,14331,1,1,0,0,1,0,0,0,0,0,0,0,0,1
3016,16,0b67e6871aa5eb43,1.777498,17.060079,0,14004,1,0,0,0,0,0,0,0,0,0,0,0,0,0
3017,16,7edcb4e226c4d14b,2.379021,19.774289,1,14123,2,1,0,0,1,0,0,0,0,0,0,0,0,1
3018,16,3e3cc8e538183daf,1.78727,20.0,1,14107,1,1,0,0,1,0,0,0,0,0,0,0,0,1
3019,16,92fee5406ed98022,1.344052,19.884469,1,14133,1,1,0,0,0,0,0,0,0,0,0,0,0,1
3020,16,78a97246f1e3022e,2.05339,18.417303,1,14282,1,0,0,0,1,0,0,0,0,0,0,0,0,0
3021,16,fc9d47339d4b06ce,1.542635,20.0,1,14370,1,1,0,0,1,0,0,0,0,0,0,0,0,1
3022,16,aa3c9d3f75826874,1.158924,19.100539,1,14585,1,1,0,0,1,0,0,0,0,0,0,0,0,0
3023,16,6949ff8da4d7b689,0.871527,20.0,1,14614,1,1,0,0,1,0,0,0,0,0,0,0,0,1
3024,16,c1bb0b0ef9d0036e,1.698399,19.499431,1,14577,1,0,0,0,0,0,0,0,0,0,0,0,0,1
3025,16,c2ae655bd70ae525,1.275944,18.128038,1,14564,1,1,0,0,1,0,0,0,0,0,0,0,0,0
3026,16,1cf619c5e26e8f04,0.959528,20.0,1,14489,1,1,0,0,1,0,0,0,0,0,0,0,0,1
3027,16,ad3aac8a3e954a8d,2.808164,18.950006,1,14470,2,0,0,0,0,0,0,0,0,0,0,0,0,1
3028,16,c54ad434f0c949a2,2.109669,17.715276,1,14404,1,1,0,0,1,0,0,0,0,0,0,0,0,0
3029,16,8433c6ab916731b4,1.584915,20.0,1,14515,1,1,0,0,1,0,0,0,0,0,0,0,0,1
3030,16,36311ff5a9f85e8c,2.236029,18.721209,1,14460,1,0,0,0,0,0,0,0,0,0,0,0,0,1
3031,16,9b1db145f652d56d,1.679845,17.543389,1,14376,1,1,0,0,1,0,0,0,0,0,0,0,0,0
3032,16,d03833d0a67b51d4,1.262005,20.0,1,14424,1,1,0,0,1,0,0,0,0,0,0,0,0,1
3033,16,941309516f80a03e,3.037347,18.624099,1,14192,2,0,0,0,0,0,0,0,0,0,0,0,0,1
3034,16,4618c014da25faa3,2.281845,20.0,1,14323,1,1,0,0,1,0,0,0,0,0,0,0,0,1
3035,16,d271d34332377863,1.714265,20.0,1,14200,1,1,0,0,1,0,0,0,0,0,0,0,0,1
3036,16,1c5af0adc81f4528,1.287863,20.0,1,13944,1,1,0,0,1,0,0,0,0,0,0,0,0,0
3037,16,2f2bf60b5980481c,2.012642,18.919035,1,13915,1,0,0,0,0,0,0,0,0,0,0,0,0,1
3038,16,f348d889a7825586,2.555676,20.0,1,13918,2,1,0,0,1,0,0,0,0,0,0,0,0,1
3039,16,5f2dde48accdb625,1.919984,20.0,1,13854,1,1,0,0,1,0,0,0,0,0,0,0,0,1
3040,16,eb0d88a9fbd770d2,1.443855,20.0,1,14004,1,1,0,0,1,0,0,0,0,0,0,0,0,1
3041,16,0cfc4cee1759fd29,2.128368,18.145978,0,14039,1,0,0,0,0,0,0,0,0,0,0,0,0,0
3042,16,223a1ff0a956c31a,1.598963,20.0,1,14054,1,1,0,0,1,0,0,0,0,0,0,0,0,1
3043,16,69ed7f90c2a0b180,1.201241,20.0,1,14074,1,1,0,0,1,0,0,0,0,0,0,0,0,1
3044,16,3fc22e4fb85ce861,1.947501,20.0,1,13870,2,1,0,0,1,0,0,0,0,0,0,0,0,1
3045,16,0a03ca5ec9267814,1.463085,17.89948,0,13836,1,1,0,0,0,0,0,0,0,0,0,0,0,0
3046,16,aa48ba7046884661,2.142814,20.0,1,13701,1,0,0,0,1,0,0,0,0,0,0,0,0,1
3047,16,8630daaa101c7d07,1.611427,20.0,1,13819,1,1,0,0,1,0,0,0,0,0,0,0,0,1
3048,16,4b14480f5b61a3b1,1.210605,20.0,1,13789,1,1,0,0,1,0,0,0,0,0,0,0,0,0
3049,16,90a31301621a7701,1.953135,18.681652,1,13795,1,0,0,0,0,0,0,0,0,0,0,0,0,1
3050,16,47fbf0228b5012b6,2.510971,20.0,1,13586,2,1,0,0,1,0,0,0,0,0,0,0,0,1
3051,16,a70442ba800df2be,1.888286,19.267173,1,13486,1,1,0,0,1,0,0,0,0,0,0,0,0,0
3052,16,89e325673d170954,2.462252,17.953551,1,13592,1,0,0,0,0,0,0,0,0,0,0,0,0,1
3053,16,5a23115101b80ed5,1.849798,16.966676,1,13520,1,1,0,0,1,0,0,0,0,0,0,0,0,0
3054,16,ae45996c717ebb59,1.391074,16.239684,1,13552,1,1,0,0,0,0,0,0,0,0,0,0,0,1
3055,16,abb00df7b6a70ff3,2.088716,15.679112,1,13567,1,0,0,0,1,0,0,0,0,0,0,0,0,0
3056,16,0c035432f6e315d0,1.569174,18.73682,1,13737,1,1,0,0,1,0,0,0,0,0,0,0,0,1
3057,16,911572ad00eaa7c5,2.222515,17.555117,1,14109,1,0,0,0,0,0,0,0,0,0,0,0,0,1
3058,16,4443d6a4f8459ded,2.715514,20.0,1,13959,2,1,0,0,1,0,0,0,0,0,0,0,0,1
3059,16,a40fb141437d535a,2.040064,18.626328,1,14054,1,1,0,0,1,0,0,0,0,0,0,0,0,0
3060,16,ede27c1e9264fe65,1.532624,20.0,1,14134,1,1,0,0,1,0,0,0,0,0,0,0,0,1
3061,16,6779098a4a920734,1.152555,15.755415,0,14236,1,1,0,0,0,0,0,0,0,0,0,0,0,0
3062,16,13b989fd816b5b9e,1.909525,18.794144,1,14382,1,0,0,0,1,0,0,0,0,0,0,0,0,1
3063,16,305938140e9d1b3e,1.434555,20.0,1,14479,1,1,0,0,1,0,0,0,0,0,0,0,0,1
3064,16,29aed48f4d4e633e,1.077727,19.313227,1,14648,1,1,0,0,1,0,0,0,0,0,0,0,0,0
3065,16,8dd9fcee9bbe35c7,1.854617,20.0,1,14592,2,1,0,0,1,0,0,0,0,0,0,0,0,1
3066,16,9d19d700c80d1cdd,1.393304,20.0,1,14854,1,1,0,0,1,0,0,0,0,0,0,0,0,1
3067,16,92a57566811eec42,2.090391,20.0,1,13959,1,0,0,0,0,0,0,0,0,0,0,0,0,1
3068,16,2b55eba26b5b49b8,1.572004,19.146339,1,13309,1,1,0,0,1,0,0,0,0,0,0,0,0,0
3069,16,f6a6ac5a0dc399f6,1.180988,20.0,1,13281,1,1,0,0,1,0,0,0,0,0,0,0,0,1
3070,16,7304ea3db5ff18b4,0.887232,19.512004,1,13326,1,1,0,0,1,0,0,0,0,0,0,0,0,0
3071,16,8b7e501c5e6aea8a,0.666544,18.137484,1,13394,1,1,0,0,0,0,0,0,0,0,0,0,0,1
3072,16,6ecb3601a57eafb7,2.589552,20.0,1,13202,2,0,0,0,1,0,0,0,0,0,0,0,0,1
3073,16,1bf173bbb7df6cfb,1.945433,20.0,1,13242,1,1,0,0,1,0,0,0,0,0,0,0,0,1
3074,16,65653c2155ed713e,1.461531,16.853966,0,13168,1,1,0,0,0,0,0,0,0,0,0,0,0,0
3075,16,80e8279e75880fe1,2.143243,19.635426,1,13063,1,0,0,0,1,0,0,0,0,0,0,0,0,1
3076,16,139b5b9a8722f683,1.610138,18.230206,1,13329,1,1,0,0,1,0,0,0,0,0,0,0,0,0
3077,16,a48c3c7d1995e35a,2.25329,20.0,1,14204,2,1,0,0,1,0,0,0,0,0,0,0,0,1
3078,16,63feb05af7e9fba7,2.736466,18.994943,1,14204,1,0,0,0,0,0,0,0,0,0,0,0,0,1
3079,16,14cbdfb02dfee787,2.057861,20.0,1,13814,1,1,0,0,1,0,0,0,0,0,0,0,0,1
3080,16,7a047c2059072180,1.545994,19.439773,1,13888,1,1,0,0,1,0,0,0,0,0,0,0,0,0
3081,16,215421a9b3c09bfa,2.205101,18.083219,1,13811,1,0,0,0,0,0,0,0,0,0,0,0,0,1
3082,16,6920f842b941893c,1.658267,17.07934,1,15563,1,1,0,0,1,0,0,0,0,0,0,0,0,0
3083,16,83d8010aed77c31b,1.245794,19.788759,1,15662,1,1,0,0,1,0,0,0,0,0,0,0,0,1
3084,16,1db2052ebf3d1314,1.979572,18.345399,1,15231,2,1,0,0,0,0,0,0,0,0,0,0,0,1
3085,16,73d216d41ddd1fa6,2.530832,20.0,1,15256,1,0,0,0,1,0,0,0,0,0,0,0,0,1
3086,16,504c0629b367be1c,1.903222,19.077203,1,15036,1,1,0,0,1,0,0,0,0,0,0,0,0,0
3087,16,b8cd9c550e15bbe3,2.473473,17.810834,1,15100,1,0,0,0,0,0,0,0,0,0,0,0,0,1
3088,16,8601c98a8e238013,1.858228,20.0,1,15514,1,1,0,0,1,0,0,0,0,0,0,0,0,1
3089,16,3aecea5051aac9f9,3.485715,15.294694,0,15021,2,0,0,0,0,0,0,0,0,0,0,0,0,0
3090,16,1af31334947da248,2.618687,18.448021,1,14788,1,1,0,0,1,0,0,0,0,0,0,0,0,1
3091,17,1fd48474a6be9a50,1.967322,20.0,1,14719,1,1,0,0,1,0,0,0,0,0,0,0,0,1
3092,17,0b198662efcfc49a,3.565282,19.117876,1,14029,2,0,0,0,0,0,0,0,0,0,0,0,0,1
3093,17,fcbdd03152747088,2.681143,20.0,1,14283,1,1,0,0,1,0,0,0,0,0,0,0,0,1
3094,17,c7b8a2a9fab59ea4,2.014242,16.030381,0,14297,1,1,0,0,0,0,0,0,0,0,0,0,0,0
3095,17,241e6acbb414e8f5,2.556878,19.000715,1,14359,1,0,0,0,1,0,0,0,0,0,0,0,0,1
3096,17,fc64a472a0076c97,1.922809,17.76931,1,13932,1,1,0,0,1,0,0,0,0,0,0,0,0,0
3097,17,1e870741cfb1004d,2.488188,16.828263,1,14237,1,0,0,0,0,0,0,0,0,0,0,0,0,1
3098,17,bf57db00a494f005,2.912936,19.600134,1,14096,2,1,0,0,1,0,0,0,0,0,0,0,0,1
3099,17,b9cebc1ba6e23f90,2.18838,20.0,1,14082,1,1,0,0,1,0,0,0,0,0,0,0,0,1
3100,17,e665c14bbc29de1b,1.645693,20.0,1,14121,1,1,0,0,1,0,0,0,0,0,0,0,0,1
3101,17,e769dc1986223560,1.236347,17.479312,0,14188,1,1,0,0,0,0,0,0,0,0,0,0,0,0
3102,17,1dc6f86b0f28f527,1.972475,20.0,1,14222,1,0,0,0,1,0,0,0,0,0,0,0,0,1
3103,17,83171efae161e4f9,2.52748,20.0,1,14100,2,1,0,0,1,0,0,0,0,0,0,0,0,1
3104,17,d0f092e334d1b579,1.898801,20.0,1,14080,1,1,0,0,0,0,0,0,0,0,0,0,0,1
3105,17,3c72e9f66e532470,2.470152,18.547677,1,14034,1,0,0,0,1,0,0,0,0,0,0,0,0,0
3106,17,1fdd04fc4bd3a35e,1.855733,20.0,1,14016,1,1,0,0,1,0,0,0,0,0,0,0,0,1
3107,17,1ea3379f3547fd92,1.395537,15.71098,0,13917,1,1,0,0,0,0,0,0,0,0,0,0,0,0
3108,17,f2433026cfae9a47,2.092068,18.760761,1,14150,1,0,0,0,1,0,0,0,0,0,0,0,0,1
3109,17,d0cc26dd4ca1a8f2,2.615346,20.0,1,13941,2,1,0,0,1,0,0,0,0,0,0,0,0,1
3110,17,38a3c7ee0e61cf29,1.966778,20.0,1,13961,1,1,0,0,1,0,0,0,0,0,0,0,0,1
3111,17,e64373de38c1d3e1,2.52122,20.0,1,13983,1,0,0,0,0,0,0,0,0,0,0,0,0,1
3112,17,7addd6445d78c1a4,1.894098,18.956281,1,13872,1,1,0,0,1,0,0,0,0,0,0,0,0,0
3113,17,32a2c7ad3446fe7a,1.422965,20.0,1,13785,1,1,0,0,1,0,0,0,0,0,0,0,0,1
3114,17,c2ddba3954d1d184,2.114241,19.422327,1,13851,1,0,0,0,0,0,0,0,0,0,0,0,0,1
3115,17,6665faed5439f816,1.58835,18.070113,1,13929,1,1,0,0,1,0,0,0,0,0,0,0,0,0
3116,17,e2ced52540714a46,1.193268,20.0,1,13803,1,1,0,0,1,0,0,0,0,0,0,0,0,1
3117,17,609fe1b042bd7177,0.897354,18.921678,1,13835,1,1,0,0,1,0,0,0,0,0,0,0,0,0
3118,17,a841332a0fc6c3b7,1.717802,17.693993,1,13814,1,0,0,0,0,0,0,0,0,0,0,0,0,1
3119,17,55f4672a66ea5f47,1.290521,16.77168,1,13932,1,1,0,0,1,0,0,0,0,0,0,0,0,0
3120,17,c0bd9a34ec0d85ea,0.96952,19.557626,1,13882,1,1,0,0,1,0,0,0,0,0,0,0,0,1
3121,17,aabefe6d1a5d48da,0.729093,14.707613,0,13785,1,1,0,0,0,0,0,0,0,0,0,0,0,0
3122,17,3a430dc208632016,1.591394,18.006969,1,13910,1,0,0,0,1,0,0,0,0,0,0,0,0,1
3123,17,80aa2168e796d8f4,1.195554,20.0,1,13944,1,1,0,0,1,0,0,0,0,0,0,0,0,1
3124,17,f7ccb287b0e2aba7,0.899074,15.405502,0,14031,1,1,0,0,0,0,0,0,0,0,0,0,0,0
3125,17,2112fa62c82cb6c3,2.762747,18.531267,1,13776,2,0,0,0,1,0,0,0,0,0,0,0,0,1
3126,17,542d2ce96e80afc1,2.075549,20.0,1,13952,1,1,0,0,1,0,0,0,0,0,0,0,0,1
3127,17,6e60a9a40289d397,2.602936,19.16486,1,13816,1,0,0,0,0,0,0,0,0,0,0,0,0,1
3128,17,0d28e31d51bf6ee7,1.957445,20.0,1,13843,1,1,0,0,1,0,0,0,0,0,0,0,0,1
3129,17,1cc2b0b192026c8b,1.470555,19.535769,1,13879,1,1,0,0,1,0,0,0,0,0,0,0,0,0
3130,17,1248b02762c2799a,2.148426,18.155338,1,13988,1,0,0,0,0,0,0,0,0,0,0,0,0,1
3131,17,3686db50da6353c5,2.659798,20.0,1,14017,2,1,0,0,1,0,0,0,0,0,0,0,0,1
3132,17,07a5e51a719ae67e,1.998207,18.965429,1,13763,1,1,0,0,1,0,0,0,0,0,0,0,0,0
3133,17,f655ac8ba190f916,2.544831,17.726863,1,14032,1,0,0,0,0,0,0,0,0,0,0,0,0,1
3134,17,297da01fe191c441,1.911837,20.0,1,13969,1,1,0,0,1,0,0,0,0,0,0,0,0,1
3135,17,585bdb78ddfeaa09,1.437728,18.727755,1,13783,1,1,0,0,1,0,0,0,0,0,0,0,0,0
3136,17,5ab397f8ffde44e7,1.080112,20.0,1,13974,1,1,0,0,1,0,0,0,0,0,0,0,0,1
3137,17,b8df2703faf481a5,1.855101,15.796913,0,13917,1,0,0,0,0,0,0,0,0,0,0,0,0,0
3138,17,e48ac18fac480313,2.439213,18.840507,1,14059,2,1,0,0,1,0,0,0,0,0,0,0,0,1
3139,17,95bfcf71fb711232,1.832489,20.0,1,13945,1,1,0,0,1,0,0,0,0,0,0,0,0,1
3140,17,aada16a844269d93,1.376681,19.339394,1,14028,1,1,0,0,1,0,0,0,0,0,0,0,0,0
3141,17,205ceea12fe5bd27,2.077902,18.007808,1,13882,1,0,0,0,0,0,0,0,0,0,0,0,0,1
3142,17,cad45a3e844d1c72,1.562612,17.02263,1,14019,1,1,0,0,1,0,0,0,0,0,0,0,0,0
3143,17,e98fce72cc35d144,2.217585,19.746155,1,13812,2,1,0,0,1,0,0,0,0,0,0,0,0,1
3144,17,3895935e61f66222,1.665989,20.0,1,13913,1,1,0,0,1,0,0,0,0,0,0,0,0,1
3145,17,77fd74a3ae208e6f,2.296998,16.388073,0,13842,1,0,0,0,0,0,0,0,0,0,0,0,0,0
3146,17,6cdfea1e2ddfa0c2,1.725649,19.269435,1,13858,1,1,0,0,1,0,0,0,0,0,0,0,0,1
3147,17,6e7aa67506972e41,1.296415,20.0,1,13817,1,1,0,0,1,0,0,0,0,0,0,0,0,1
3148,17,0a105eabde9e1819,0.973948,19.581479,1,14021,1,1,0,0,1,0,0,0,0,0,0,0,0,0
3149,17,9bd51f231c8057ab,1.776574,18.206053,1,14013,1,0,0,0,0,0,0,0,0,0,0,0,0,1
3150,17,24e7ee1e0ed1b589,1.334673,17.156372,1,14093,1,1,0,0,1,0,0,0,0,0,0,0,0,0
3151,17,e3bcba96b2704a73,1.00269,19.84663,1,14131,1,1,0,0,1,0,0,0,0,0,0,0,0,1
3152,17,7a28a5b2c5d4d49b,1.798188,14.924948,0,14091,1,0,0,0,0,0,0,0,0,0,0,0,0,0
3153,17,0a1d6cb2f9daf0ca,1.350911,18.170245,1,14304,1,1,0,0,1,0,0,0,0,0,0,0,0,1
3154,17,9d4888d5dc31e62f,1.014889,17.12947,1,14209,1,1,0,0,1,0,0,0,0,0,0,0,0,0
3155,17,a60747c2bcfda612,1.806102,16.347575,1,14308,1,0,0,0,0,0,0,0,0,0,0,0,0,1
3156,17,b7612aa3acd2475b,1.358214,15.774111,1,14122,1,1,0,0,1,0,0,0,0,0,0,0,0,0
3157,17,2bfc4dda769ef4f8,1.020376,15.329345,1,14134,1,1,0,0,0,0,0,0,0,0,0,0,0,1
3158,17,9ff51816d5813420,1.810223,18.474053,1,14104,1,0,0,0,1,0,0,0,0,0,0,0,0,1
3159,17,439beeb2a87802f5,2.405464,20.0,1,13887,2,1,0,0,1,0,0,0,0,0,0,0,0,1
3160,17,a4523b0e54fd5f23,2.850789,15.666646,0,13967,1,0,0,0,0,0,0,0,0,0,0,0,0,0
3161,17,8ce13783fa8a925a,2.141691,18.727455,1,14127,1,1,0,0,1,0,0,0,0,0,0,0,0,1
3162,17,0a7999a116a66859,1.608972,17.548081,1,15182,1,1,0,0,1,0,0,0,0,0,0,0,0,0
3163,17,91c799577d096f27,1.20997,20.0,1,14902,1,1,0,0,1,0,0,0,0,0,0,0,0,1
3164,17,084df7b921d51f63,0.909005,18.622353,1,15057,1,1,0,0,0,0,0,0,0,0,0,0,0,1
3165,17,43b5f03a3456c8ac,1.726555,17.469122,1,14842,1,0,0,0,1,0,0,0,0,0,0,0,0,0
3166,17,14998c164bfe4b82,2.342545,20.0,1,14737,2,1,0,0,1,0,0,0,0,0,0,0,0,1
3167,17,9228f087f8fce97a,1.759866,20.0,1,16430,1,1,0,0,1,0,0,0,0,0,0,0,0,1
3168,17,7474b983f679cf76,1.322122,20.0,1,16629,1,1,0,0,0,0,0,0,0,0,0,0,0,1
3169,17,1b23db65ad96ace6,3.080567,20.0,1,16282,2,0,0,0,1,0,0,0,0,0,0,0,0,1
3170,17,8b47046bbd5a3c9a,2.316631,20.0,1,16294,1,1,0,0,1,0,0,0,0,0,0,0,0,1
3171,17,b92dac494278bb0d,1.740398,20.0,1,16524,1,1,0,0,1,0,0,0,0,0,0,0,0,1
3172,17,5bff3c3a17459e96,3.394803,20.0,1,16744,2,0,0,0,0,0,0,0,0,0,0,0,0,1
3173,17,650e8f6bef0ed971,2.55294,20.0,1,16693,1,1,0,0,1,0,0,0,0,0,0,0,0,1
3174,17,f5cbbfe1d55292fa,2.961582,20.0,1,16735,2,1,0,0,1,0,0,0,0,0,0,0,0,1
3175,17,793d2e85e94f30d2,2.224926,20.0,1,16516,1,1,0,0,1,0,0,0,0,0,0,0,0,0
3176,17,336afd1b1c2abe83,2.715157,19.979551,1,16484,1,0,0,0,0,0,0,0,0,0,0,0,0,1
3177,17,adc31761d2c9d32e,2.041837,18.505409,1,16032,1,1,0,0,1,0,0,0,0,0,0,0,0,0
3178,17,ef9cdc315ff37959,2.577609,20.0,1,16400,2,1,0,0,1,0,0,0,0,0,0,0,0,1
3179,17,80750c8efbe4033e,2.980115,19.150266,1,14557,1,0,0,0,0,0,0,0,0,0,0,0,0,1
3180,17,b20307a45fb11fbc,2.241089,20.0,1,13373,1,1,0,0,1,0,0,0,0,0,0,0,0,1
3181,17,4033555753fa1808,2.727299,19.527524,1,13995,1,0,0,0,0,0,0,0,0,0,0,0,0,1
3182,17,3fd0989eef3933fc,2.048918,18.149143,1,13831,1,1,0,0,1,0,0,0,0,0,0,0,0,0
3183,17,4e8b127465108971,1.539276,20.0,1,13906,1,1,0,0,1,0,0,0,0,0,0,0,0,1
3184,17,f78e0ce8622d8878,1.157557,20.0,1,13975,1,1,0,0,1,0,0,0,0,0,0,0,0,1
3185,17,0c5dea0f82104dc4,2.956936,20.0,1,13565,2,0,0,0,0,0,0,0,0,0,0,0,0,1
3186,17,4aa57a21ac39aad0,2.221436,20.0,1,13512,1,1,0,0,1,0,0,0,0,0,0,0,0,1
3187,17,e196584dca7b7689,2.714702,16.724875,0,13681,1,0,0,0,0,0,0,0,0,0,0,0,0,0
3188,17,378400287f78f066,2.039454,19.522463,1,13649,1,1,0,0,1,0,0,0,0,0,0,0,0,1
3189,17,b7d30829de73dda1,1.532165,18.145341,1,13644,1,1,0,0,1,0,0,0,0,0,0,0,0,0
3190,17,db9bfbbfc7460179,2.194712,17.110761,1,13500,2,1,0,0,0,0,0,0,0,0,0,0,0,1
3191,17,5cdcbca155f43249,2.694605,19.828539,1,13394,1,0,0,0,1,0,0,0,0,0,0,0,0,1
3192,17,e5d536c7be384877,2.024356,18.375285,1,13481,1,1,0,0,1,0,0,0,0,0,0,0,0,0
3193,17,75757aba3bf969e7,1.520823,20.0,1,13631,1,1,0,0,1,0,0,0,0,0,0,0,0,1
3194,17,1031bed7b5d94655,3.231982,19.094088,1,13544,2,0,0,0,0,0,0,0,0,0,0,0,0,1
3195,17,b0de361fff316f25,2.428067,17.823519,1,13776,1,1,0,0,1,0,0,0,0,0,0,0,0,0
3196,17,d2034ba510a882ea,1.824116,20.0,1,13714,1,1,0,0,1,0,0,0,0,0,0,0,0,1
3197,17,5d36aca0e9254700,1.37039,18.76541,1,13630,1,1,0,0,1,0,0,0,0,0,0,0,0,0
3198,17,951497b674ddb51f,2.074703,17.592358,1,13529,1,0,0,0,0,0,0,0,0,0,0,0,0,1
3199,17,830fe72a9f923a43,1.558647,20.0,1,13758,1,1,0,0,1,0,0,0,0,0,0,0,0,1
3200,17,2c37196ec5778c6e,1.170953,18.634944,1,13695,1,1,0,0,1,0,0,0,0,0,0,0,0,0
3201,17,9b50df548f649b4a,0.880574,20.0,1,13651,1,1,0,0,1,0,0,0,0,0,0,0,0,1
3202,17,debfe492bb4d653d,0.661542,19.236388,1,13723,1,1,0,0,0,0,0,0,0,0,0,0,0,1
3203,17,f8d8c06679228cff,1.540645,17.930424,1,13606,1,0,0,0,1,0,0,0,0,0,0,0,0,0
3204,17,4979f36b3c66f02c,1.157429,20.0,1,13877,1,1,0,0,1,0,0,0,0,0,0,0,0,1
3205,17,a240569aca56ef8b,1.914554,20.0,1,13625,2,1,0,0,1,0,0,0,0,0,0,0,0,1
3206,17,0a0c7cc3a5991e7e,1.438333,20.0,1,13686,1,1,0,0,0,0,0,0,0,0,0,0,0,1
3207,17,9bf9f563d632c577,2.124219,18.691518,1,13746,1,0,0,0,1,0,0,0,0,0,0,0,0,0
3208,17,fea0bc268ed0255f,1.597443,20.0,1,13921,1,1,0,0,1,0,0,0,0,0,0,0,0,1
3209,17,72bd3c2b301de096,1.200099,19.26835,1,14240,1,1,0,0,1,0,0,0,0,0,0,0,0,0
3210,17,3cac7247db217175,1.945243,17.954436,1,14143,1,0,0,0,0,0,0,0,0,0,0,0,0,1
3211,17,0f1d286b3b5ece1b,1.461388,16.967341,1,14106,1,1,0,0,1,0,0,0,0,0,0,0,0,0
3212,17,3e32acd988ebfa08,1.098985,19.720686,1,14108,1,1,0,0,1,0,0,0,0,0,0,0,0,1
3213,17,43fb73f24732b4bd,1.86928,14.815414,0,14212,1,0,0,0,0,0,0,0,0,0,0,0,0,0
3214,17,d010b51427c82e90,1.40432,18.087956,1,14313,1,1,0,0,1,0,0,0,0,0,0,0,0,1
3215,17,7e752745277087dd,1.056069,17.082902,1,14422,1,1,0,0,1,0,0,0,0,0,0,0,0,0
3216,17,642340e19a0ebd67,0.793385,19.791435,1,14240,1,1,0,0,1,0,0,0,0,0,0,0,0,1
3217,17,155c8a6d6b1601ea,1.639694,14.868565,0,14359,1,0,0,0,0,0,0,0,0,0,0,0,0,0
3218,17,ef081928b6c4f2b8,2.275494,18.127886,1,14236,2,1,0,0,1,0,0,0,0,0,0,0,0,1
3219,17,f21d9ef755074f4d,1.711204,20.0,1,14219,1,1,0,0,1,0,0,0,0,0,0,0,0,1
3220,17,0b27b754d8f568c4,1.285564,18.94992,1,14426,1,1,0,0,0,0,0,0,0,0,0,0,0,1
3221,17,3bbea1ce493b3fea,0.965796,20.0,1,14455,1,1,0,0,1,0,0,0,0,0,0,0,0,1
3222,17,a2348b0614b5c18f,1.770443,19.418734,1,14251,1,0,0,0,1,0,0,0,0,0,0,0,0,0
3223,17,8354d8646525cafa,1.330067,20.0,1,14316,1,1,0,0,1,0,0,0,0,0,0,0,0,1
3224,17,1b4be9c69dd2a4db,0.99923,20.0,1,14202,1,1,0,0,1,0,0,0,0,0,0,0,0,1
3225,17,5fb023822ecbd974,0.750684,20.0,1,14338,1,1,0,0,1,0,0,0,0,0,0,0,0,0
3226,17,68608b1fd70b1f81,0.564525,19.172413,1,14392,1,1,0,0,0,0,0,0,0,0,0,0,0,1
3227,17,17c4abe3ce348545,1.46776,17.882362,1,14264,1,0,0,0,1,0,0,0,0,0,0,0,0,0
3228,17,1f108672868fed1d,2.146327,20.0,1,14426,2,1,0,0,1,0,0,0,0,0,0,0,0,1
3229,17,829eae59fdf9e946,1.614068,20.0,1,14370,1,1,0,0,1,0,0,0,0,0,0,0,0,1
3230,17,08dc5be0abdd533b,1.212589,20.0,1,14343,1,1,0,0,1,0,0,0,0,0,0,0,0,1
3231,17,e96543699ff2f724,1.954626,17.810875,0,14366,1,0,0,0,0,0,0,0,0,0,0,0,0,0
3232,17,7314e5f727f948f3,1.468438,20.0,1,14414,1,1,0,0,1,0,0,0,0,0,0,0,0,1
3233,17,04383200d700406e,1.104286,20.0,1,14280,1,1,0,0,1,0,0,0,0,0,0,0,0,1
3234,17,0225ccb73e29e2f2,1.873262,20.0,1,14302,2,1,0,0,1,0,0,0,0,0,0,0,0,1
3235,17,d0837dfb7641bc89,1.407312,20.0,1,14266,1,1,0,0,1,0,0,0,0,0,0,0,0,0
3236,17,259911b751e954d0,2.102469,19.473532,1,14231,1,0,0,0,0,0,0,0,0,0,0,0,0,1
3237,17,49f31aa710f7afc5,1.579506,18.108581,1,14205,1,1,0,0,1,0,0,0,0,0,0,0,0,0
3238,17,11c2882fd2da0fbb,1.186624,20.0,1,14399,1,1,0,0,1,0,0,0,0,0,0,0,0,1
3239,17,b847ecd581178df7,0.891466,18.926298,1,14598,1,1,0,0,1,0,0,0,0,0,0,0,0,0
3240,17,e227b500e856e19f,1.714546,20.0,1,14443,2,1,0,0,1,0,0,0,0,0,0,0,0,1
3241,17,2e8dac26ade6ab66,2.331728,19.400991,1,14400,1,0,0,0,0,0,0,0,0,0,0,0,0,1
3242,17,1f0ec4098197f015,1.75174,20.0,1,14517,1,1,0,0,1,0,0,0,0,0,0,0,0,1
3243,17,9430825878ad39f5,1.317333,19.673571,1,14390,1,1,0,0,1,0,0,0,0,0,0,0,0,0
3244,17,074fd8963fa1acac,0.989663,20.0,1,14500,1,1,0,0,1,0,0,0,0,0,0,0,0,1
3245,17,da8f6432f8ac3210,1.78715,16.330727,0,14664,1,0,0,0,0,0,0,0,0,0,0,0,0,0
3246,17,6227fe5b1a63c281,2.386273,19.226354,1,14152,2,1,0,0,1,0,0,0,0,0,0,0,0,1
3247,17,e3ec91e4216aa7b8,1.794511,17.938994,1,14237,1,1,0,0,0,0,0,0,0,0,0,0,0,1
3248,17,905790dcb3df5bc2,2.391802,20.0,1,13997,1,0,0,0,1,0,0,0,0,0,0,0,0,1
3249,17,f7e259dfe045cd24,1.796872,18.830584,1,13941,1,1,0,0,1,0,0,0,0,0,0,0,0,0
3250,17,18240e2f6b4e4302,3.439574,17.641369,1,14156,2,0,0,0,0,0,0,0,0,0,0,0,0,1
3251,17,a559ddf7aa9dca3c,2.584023,20.0,1,14003,1,1,0,0,1,0,0,0,0,0,0,0,0,1
3252,17,41cf2d93f0a34fd0,1.94128,20.0,1,13878,1,1,0,0,1,0,0,0,0,0,0,0,0,1
3253,17,4cc6c2a07278c87d,1.458411,20.0,1,13786,1,1,0,0,1,0,0,0,0,0,0,0,0,0
3254,17,42126f9c881e2e32,2.140897,18.605681,1,13748,1,0,0,0,0,0,0,0,0,0,0,0,0,1
3255,17,6430c02fd685185e,2.652029,20.0,1,13771,2,1,0,0,1,0,0,0,0,0,0,0,0,1
3256,18,1fd48474a6be9a50,1.99237,20.0,1,13975,1,1,0,0,1,0,0,0,0,0,0,0,0,1
3257,18,0b198662efcfc49a,2.542441,17.059972,0,14099,1,0,0,0,0,0,0,0,0,0,0,0,0,0
3258,18,fcbdd03152747088,1.910041,19.774209,1,14281,1,1,0,0,1,0,0,0,0,0,0,0,0,1
3259,18,c7b8a2a9fab59ea4,2.478596,14.855624,0,14103,1,0,0,0,0,0,0,0,0,0,0,0,0,0
3260,18,241e6acbb414e8f5,1.862076,18.118164,1,14325,1,1,0,0,1,0,0,0,0,0,0,0,0,1
3261,18,fc64a472a0076c97,2.444458,13.625117,0,14073,1,0,0,0,0,0,0,0,0,0,0,0,0,0
3262,18,1e870741cfb1004d,1.83643,17.19373,1,14255,1,1,0,0,1,0,0,0,0,0,0,0,0,1
3263,18,bf57db00a494f005,2.423295,16.395851,1,14166,1,0,0,0,0,0,0,0,0,0,0,0,0,1
3264,18,b9cebc1ba6e23f90,1.822352,15.810416,1,14162,1,1,0,0,1,0,0,0,0,0,0,0,0,0
3265,18,e665c14bbc29de1b,1.369065,18.835463,1,14097,1,1,0,0,1,0,0,0,0,0,0,0,0,1
3266,18,e769dc1986223560,1.028527,17.629224,1,14121,1,1,0,0,1,0,0,0,0,0,0,0,0,0
3267,18,1dc6f86b0f28f527,1.816348,16.723021,1,14149,1,0,0,0,0,0,0,0,0,0,0,0,0,1
3268,18,83171efae161e4f9,2.41007,19.536954,1,14093,2,1,0,0,1,0,0,0,0,0,0,0,0,1
3269,18,d0f092e334d1b579,1.810595,20.0,1,14109,1,1,0,0,1,0,0,0,0,0,0,0,0,1
3270,18,3c72e9f66e532470,2.403886,16.253621,0,13983,1,0,0,0,0,0,0,0,0,0,0,0,0,0
3271,18,1fdd04fc4bd3a35e,1.807756,19.183958,1,13974,1,1,0,0,1,0,0,0,0,0,0,0,0,1
3272,18,1ea3379f3547fd92,2.401753,20.0,1,14017,2,1,0,0,1,0,0,0,0,0,0,0,0,1
3273,18,f2433026cfae9a47,1.804347,20.0,1,14024,1,1,0,0,1,0,0,0,0,0,0,0,0,1
3274,18,d0cc26dd4ca1a8f2,2.399192,20.0,1,13996,1,0,0,0,0,0,0,0,0,0,0,0,0,1
3275,18,38a3c7ee0e61cf29,1.804227,19.097552,1,13915,1,1,0,0,1,0,0,0,0,0,0,0,0,0
3276,18,e64373de38c1d3e1,1.355448,20.0,1,13940,1,1,0,0,1,0,0,0,0,0,0,0,0,1
3277,18,7addd6445d78c1a4,2.061951,20.0,1,13891,2,1,0,0,1,0,0,0,0,0,0,0,0,1
3278,18,32a2c7ad3446fe7a,1.550616,20.0,1,13802,1,1,0,0,0,0,0,0,0,0,0,0,0,1
3279,18,c2ddba3954d1d184,2.208573,20.0,1,13907,1,0,0,0,1,0,0,0,0,0,0,0,0,1
3280,18,6665faed5439f816,1.659219,20.0,1,13923,1,1,0,0,1,0,0,0,0,0,0,0,0,0
3281,18,e2ced52540714a46,1.246509,20.0,1,13843,1,1,0,0,1,0,0,0,0,0,0,0,0,1
3282,18,609fe1b042bd7177,1.981543,16.76689,0,13709,1,0,0,0,0,0,0,0,0,0,0,0,0,0
3283,18,a841332a0fc6c3b7,1.488659,19.554027,1,13927,1,1,0,0,1,0,0,0,0,0,0,0,0,1
3284,18,55f4672a66ea5f47,1.118374,18.169054,1,14050,1,1,0,0,1,0,0,0,0,0,0,0,0,0
3285,18,c0bd9a34ec0d85ea,0.841033,20.0,1,13808,1,1,0,0,1,0,0,0,0,0,0,0,0,1
3286,18,aabefe6d1a5d48da,1.67549,15.494334,0,13732,1,0,0,0,0,0,0,0,0,0,0,0,0,0
3287,18,1adb77769bb8b4f3,1.258733,18.598003,1,13842,1,1,0,0,1,0,0,0,0,0,0,0,0,1
3288,18,a846133f73861c83,0.945639,20.0,1,14013,1,1,0,0,1,0,0,0,0,0,0,0,0,1
3289,18,cfa8b1cf2d33ed9a,2.799435,19.219914,1,13942,2,0,0,0,0,0,0,0,0,0,0,0,0,1
3290,18,10999707da36a12f,2.103111,17.918048,1,13832,1,1,0,0,1,0,0,0,0,0,0,0,0,0
3291,18,34b7a6e5fe8596ce,2.623642,16.940004,1,13998,1,0,0,0,0,0,0,0,0,0,0,0,0,1
3292,18,a2076ecd533fd97d,1.973016,19.700128,1,13761,1,1,0,0,1,0,0,0,0,0,0,0,0,1
3293,18,7c306d0aa9eb8d48,1.482253,20.0,1,13995,1,1,0,0,1,0,0,0,0,0,0,0,0,1
3294,18,4299b7b28708007a,2.157215,16.345716,0,13848,1,0,0,0,0,0,0,0,0,0,0,0,0,0
3295,18,e37137cca5879e3d,1.620635,19.237614,1,13975,1,1,0,0,1,0,0,0,0,0,0,0,0,1
3296,18,83ac982daf0f5cdb,2.262891,20.0,1,13925,2,1,0,0,1,0,0,0,0,0,0,0,0,1
3297,18,6d3e74a1c3c2f618,1.700025,20.0,1,14046,1,1,0,0,1,0,0,0,0,0,0,0,0,1
3298,18,84bff23ce59350e2,2.320819,20.0,1,13924,1,0,0,0,0,0,0,0,0,0,0,0,0,1
3299,18,762e3d035ed0e9cd,1.745289,19.122205,1,14003,1,1,0,0,1,0,0,0,0,0,0,0,0,0
3300,18,ee0cd179ff584f38,1.31117,20.0,1,13875,1,1,0,0,1,0,0,0,0,0,0,0,0,1
3301,18,ab1ad33213fe9948,2.028687,20.0,1,13942,2,1,0,0,1,0,0,0,0,0,0,0,0,1
3302,18,175115f4797cb03a,2.56773,17.261932,0,14054,1,0,0,0,0,0,0,0,0,0,0,0,0,0
3303,18,8fe73e7ed2aace7c,1.930969,19.942222,1,14050,1,1,0,0,1,0,0,0,0,0,0,0,0,1
3304,18,accdf8a33a9f2855,1.450665,18.460691,1,14025,1,1,0,0,1,0,0,0,0,0,0,0,0,0
3305,18,c0fae9eea9eecd79,1.08983,17.347671,1,14059,1,1,0,0,0,0,0,0,0,0,0,0,0,1
3306,18,e4f1f4a9fdd9d6f8,1.863719,16.526198,1,13861,1,0,0,0,1,0,0,0,0,0,0,0,0,0
3307,18,62faf9712b02b23d,1.400142,19.373204,1,14022,1,1,0,0,1,0,0,0,0,0,0,0,0,1
3308,18,bc10f9d172a4d697,1.051874,20.0,1,13849,1,1,0,0,1,0,0,0,0,0,0,0,0,1
3309,18,7f79a87e79778f63,1.833887,16.161201,0,14163,1,0,0,0,0,0,0,0,0,0,0,0,0,0
3310,18,9c639f1c57ce509f,2.42326,19.114457,1,14628,2,1,0,0,1,0,0,0,0,0,0,0,0,1
3311,18,e366521f3047e854,1.820505,20.0,1,14601,1,1,0,0,1,0,0,0,0,0,0,0,0,1
3312,18,a45b1dd8e6fa9578,2.41133,19.49401,1,14516,1,0,0,0,0,0,0,0,0,0,0,0,0,1
3313,18,a0544f9855dbc069,1.813355,20.0,1,16303,1,1,0,0,1,0,0,0,0,0,0,0,0,1
3314,18,b63e1660b3964245,1.362306,19.721726,1,16787,1,1,0,0,1,0,0,0,0,0,0,0,0,0
3315,18,eadd6139263eadeb,1.023449,20.0,1,16821,1,1,0,0,1,0,0,0,0,0,0,0,0,1
3316,18,424fde131ddc040f,1.812533,16.357905,0,16703,1,0,0,0,0,0,0,0,0,0,0,0,0,0
3317,18,0e89c5488b0a6f12,1.36305,19.262381,1,16726,1,1,0,0,1,0,0,0,0,0,0,0,0,1
3318,18,d438f6e65e23bf04,1.024009,17.949952,1,16439,1,1,0,0,1,0,0,0,0,0,0,0,0,0
3319,18,0ee10cda082f069a,1.812953,16.963972,1,17026,2,1,0,0,0,0,0,0,0,0,0,0,0,1
3320,18,3e19a6f097870fa3,2.407517,19.718152,1,16790,1,0,0,0,1,0,0,0,0,0,0,0,0,1
3321,18,014280249d2b6749,1.808677,20.0,1,16854,1,1,0,0,1,0,0,0,0,0,0,0,0,1
3322,18,e4872694ac24955f,2.402445,19.834733,1,16948,2,1,0,0,0,0,0,0,0,0,0,0,0,1
3323,18,4229e7e62e985c03,2.848521,20.0,1,17131,1,0,0,0,1,0,0,0,0,0,0,0,0,1
3324,18,6ea8fb75507c9eee,2.142128,20.0,1,16923,1,1,0,0,1,0,0,0,0,0,0,0,0,1
3325,18,4d06a2c65c38855d,2.652954,20.0,1,15171,2,1,0,0,1,0,0,0,0,0,0,0,0,1
3326,18,7d2e4c1423ac29bd,3.036719,18.43341,0,14046,1,0,0,0,0,0,0,0,0,0,0,0,0,0
3327,18,1c65a969025449d2,2.283656,20.0,1,13789,1,1,0,0,1,0,0,0,0,0,0,0,0,1
3328,18,e2c3791861665b41,1.715625,19.122529,1,13936,1,1,0,0,1,0,0,0,0,0,0,0,0,0
3329,18,594fe348d8603763,2.332538,17.844886,1,13872,1,0,0,0,0,0,0,0,0,0,0,0,0,1
3330,18,a1c7f6ed9ff30da3,2.796002,20.0,1,13705,2,1,0,0,1,0,0,0,0,0,0,0,0,1
3331,18,248f5af6bcbe6d0c,2.102634,20.0,1,14018,1,1,0,0,1,0,0,0,0,0,0,0,0,1
3332,18,44de5f74b914d1ae,1.57963,20.0,1,14099,1,1,0,0,1,0,0,0,0,0,0,0,0,1
3333,18,0c9018b52661ce85,2.23037,17.798925,0,14200,1,0,0,0,0,0,0,0,0,0,0,0,0,0
3334,18,e98a0f28a1409919,2.721421,20.0,1,14878,2,1,0,0,1,0,0,0,0,0,0,0,0,1
3335,18,235f8a15f8f28053,2.044502,20.0,1,14489,1,1,0,0,1,0,0,0,0,0,0,0,0,1
3336,18,356ba6077859f917,1.535958,20.0,1,14441,1,1,0,0,1,0,0,0,0,0,0,0,0,1
3337,18,97d5e81287beb017,2.197561,17.780853,0,14225,1,0,0,0,0,0,0,0,0,0,0,0,0,0
3338,18,498d0d9f96f4b755,1.652597,20.0,1,14950,1,1,0,0,1,0,0,0,0,0,0,0,0,1
3339,18,3aae7414b18a2261,1.241534,18.75386,1,14704,1,1,0,0,1,0,0,0,0,0,0,0,0,0
3340,18,67a6f27b0246d060,1.976372,20.0,1,14485,2,1,0,0,1,0,0,0,0,0,0,0,0,1
3341,18,7a9632bf195d8e23,1.48626,20.0,1,14045,1,1,0,0,1,0,0,0,0,0,0,0,0,1
3342,18,4526509aac975c7c,2.160225,20.0,1,13938,1,0,0,0,0,0,0,0,0,0,0,0,0,1
3343,18,80c3f99d7bfc63b1,1.622896,18.95408,1,13558,1,1,0,0,1,0,0,0,0,0,0,0,0,0
3344,18,af3b298692afbe6d,1.219221,17.718337,1,13606,1,1,0,0,0,0,0,0,0,0,0,0,0,1
3345,18,cc40c1c2378634f1,1.961022,16.804943,1,13440,1,0,0,0,1,0,0,0,0,0,0,0,0,0
3346,18,2b227f5a7a6cc5f6,1.473243,19.582615,1,13600,1,1,0,0,1,0,0,0,0,0,0,0,0,1
3347,18,78c8e473accc892c,2.150446,14.711686,0,13791,1,0,0,0,0,0,0,0,0,0,0,0,0,0
3348,18,4133714dd3b1e3ba,1.617166,18.024401,1,13576,1,1,0,0,1,0,0,0,0,0,0,0,0,1
3349,18,3acdac5e184c71ed,1.214916,17.019903,1,13553,1,1,0,0,1,0,0,0,0,0,0,0,0,0
3350,18,52205b489db58d29,3.000028,16.265262,1,13799,2,0,0,0,0,0,0,0,0,0,0,0,0,1
3351,18,cda26b70f6bc2c3d,2.253809,19.177172,1,13689,1,1,0,0,1,0,0,0,0,0,0,0,0,1
3352,18,839f0725d09c6cb0,2.739047,14.421507,0,13718,1,0,0,0,0,0,0,0,0,0,0,0,0,0
3353,18,c8228b2aac6e0f7c,2.057743,17.792028,1,13743,1,1,0,0,1,0,0,0,0,0,0,0,0,1
3354,18,863ffc540b537861,1.545906,20.0,1,13648,1,1,0,0,1,0,0,0,0,0,0,0,0,1
3355,18,1ccc5350da011771,2.206694,18.764571,1,13713,1,0,0,0,0,0,0,0,0,0,0,0,0,1
3356,18,c95e891212e847da,1.657806,17.575965,1,13782,1,1,0,0,1,0,0,0,0,0,0,0,0,0
3357,18,07bdaf2019a5509e,1.245448,20.0,1,13858,1,1,0,0,1,0,0,0,0,0,0,0,0,1
3358,18,4e7ee729511576f4,0.935659,18.625692,1,14164,1,1,0,0,1,0,0,0,0,0,0,0,0,0
3359,18,18db832c6210602e,0.703629,20.0,1,13863,1,1,0,0,1,0,0,0,0,0,0,0,0,1
3360,18,50f285f4c4ef6e94,2.615917,19.231161,1,14075,2,0,0,0,0,0,0,0,0,0,0,0,0,1
3361,18,be61e5a9010c19a9,1.96524,20.0,1,14010,1,1,0,0,1,0,0,0,0,0,0,0,0,1
3362,18,924db56271c310bb,1.477889,19.577623,1,13946,1,1,0,0,1,0,0,0,0,0,0,0,0,0
3363,18,c16b632d675480c3,1.110283,18.186781,1,14143,1,1,0,0,0,0,0,0,0,0,0,0,0,1
3364,18,134ec82c23dbca54,1.877767,17.141893,1,14163,1,0,0,0,1,0,0,0,0,0,0,0,0,0
3365,18,8dc4e053ecc43ced,1.410696,19.835753,1,14244,1,1,0,0,1,0,0,0,0,0,0,0,0,1
3366,18,ac8bbfdb2d63ef47,1.060864,18.39727,1,14085,1,1,0,0,1,0,0,0,0,0,0,0,0,0
3367,18,fd71e90a04fbf640,0.796987,20.0,1,14329,1,1,0,0,1,0,0,0,0,0,0,0,0,1
3368,18,f7160376161a8acb,1.6424,15.610389,0,14156,1,0,0,0,0,0,0,0,0,0,0,0,0,0
3369,18,a384b780af80a74d,1.235108,18.700238,1,14078,1,1,0,0,1,0,0,0,0,0,0,0,0,1
3370,18,0f15cedcbb59b4a0,0.927891,17.527634,1,14132,1,1,0,0,1,0,0,0,0,0,0,0,0,0
3371,18,3b01f40134698d40,0.69709,20.0,1,14282,1,1,0,0,1,0,0,0,0,0,0,0,0,1
3372,18,1dfec478cb690cc9,0.523697,18.598415,1,14324,1,1,0,0,1,0,0,0,0,0,0,0,0,0
3373,18,b064ebcdcc0fa36b,1.437978,17.466775,1,14547,1,0,0,0,0,0,0,0,0,0,0,0,0,1
3374,18,f5db3aa7c00ee013,1.080299,20.0,1,14408,1,1,0,0,1,0,0,0,0,0,0,0,0,1
3375,18,9a9b89ce55ff109a,0.811589,18.564065,1,14681,1,1,0,0,1,0,0,0,0,0,0,0,0,0
3376,18,345e9bb8f19d90ec,1.654477,17.440944,1,14686,1,0,0,0,0,0,0,0,0,0,0,0,0,1
3377,18,53c6636f6958b352,2.2866,20.0,1,14819,2,1,0,0,1,0,0,0,0,0,0,0,0,1
3378,18,b18adc38a5942f01,1.717837,18.549487,1,14876,1,1,0,0,0,0,0,0,0,0,0,0,0,1
3379,18,2b2d67bafe5d0e5e,2.3342,17.41438,1,14753,1,0,0,0,1,0,0,0,0,0,0,0,0,0
3380,18,e31e66626d6a1e71,1.755352,20.0,1,14377,1,1,0,0,1,0,0,0,0,0,0,0,0,1
3381,18,63a445a1309d1ea0,1.31873,18.546818,1,14963,1,1,0,0,1,0,0,0,0,0,0,0,0,0
3382,18,10a168db4843fe8a,2.034366,17.412375,1,14679,1,0,0,0,0,0,0,0,0,0,0,0,0,1
3383,18,3dd681e8be2ba0c0,2.574023,20.0,1,14852,2,1,0,0,1,0,0,0,0,0,0,0,0,1
3384,18,ef1a073ed1dc8b95,1.933767,20.0,1,14613,1,1,0,0,1,0,0,0,0,0,0,0,0,1
3385,18,384231bfe3d46e46,2.49642,20.0,1,14785,1,0,0,0,0,0,0,0,0,0,0,0,0,1
3386,18,9f3ec2ed06c4ce11,1.875467,18.522916,1,14668,1,1,0,0,1,0,0,0,0,0,0,0,0,0
3387,18,ce57c56caf776fed,2.454529,20.0,1,14480,2,1,0,0,1,0,0,0,0,0,0,0,0,1
3388,18,f7d25771aa5f7e2b,1.843996,20.0,1,14687,1,1,0,0,1,0,0,0,0,0,0,0,0,1
3389,18,b54ccc94f439062f,1.385325,20.0,1,14406,1,1,0,0,1,0,0,0,0,0,0,0,0,1
3390,18,7e3ebdea1022153e,2.085935,20.0,1,14244,1,0,0,0,0,0,0,0,0,0,0,0,0,1
3391,18,27f26a8859999c8f,1.567085,19.638675,1,14847,1,1,0,0,1,0,0,0,0,0,0,0,0,0
3392,18,7e08f816bbad1340,1.177292,20.0,1,14414,1,1,0,0,1,0,0,0,0,0,0,0,0,1
3393,18,47091e290a05321e,1.928109,20.0,1,14381,2,1,0,0,1,0,0,0,0,0,0,0,0,1
3394,18,e51d578327ab6b43,1.449965,20.0,1,14221,1,1,0,0,1,0,0,0,0,0,0,0,0,0
3395,18,0a42b42d3e3a5e94,2.132958,19.239516,1,14297,1,0,0,0,0,0,0,0,0,0,0,0,0,1
3396,18,2dbf56e2851f9017,1.602412,20.0,1,14230,1,1,0,0,1,0,0,0,0,0,0,0,0,1
3397,18,4ae1bc5d050eff50,1.205036,19.582344,1,14058,1,1,0,0,1,0,0,0,0,0,0,0,0,0
3398,18,1ed50433cf1d4dd9,1.948952,18.190328,1,14333,1,0,0,0,0,0,0,0,0,0,0,0,0,1
3399,18,bdbf83bbc58d2d96,1.464175,17.144558,1,14147,1,1,0,0,1,0,0,0,0,0,0,0,0,0
3400,18,3ec142812ec9e985,2.143633,19.837754,1,14260,2,1,0,0,1,0,0,0,0,0,0,0,0,1
3401,18,83462be5b05166ef,1.612043,20.0,1,14352,1,1,0,0,1,0,0,0,0,0,0,0,0,1
3402,18,c36133805a6aa46c,1.211067,19.915928,1,14452,1,1,0,0,1,0,0,0,0,0,0,0,0,0
3403,18,2f4c09485f987199,1.953483,18.440936,1,14298,1,0,0,0,0,0,0,0,0,0,0,0,0,1
3404,18,486aeb4b292abd47,1.469047,17.348349,1,14298,1,1,0,0,1,0,0,0,0,0,0,0,0,0
3405,18,785101e17d9a15f6,2.147294,19.990855,1,14147,2,1,0,0,1,0,0,0,0,0,0,0,0,1
3406,18,84b111ff7e792f70,1.613181,20.0,1,14428,1,1,0,0,1,0,0,0,0,0,0,0,0,1
3407,18,10440db69953333a,2.255576,19.988645,1,14674,1,0,0,0,0,0,0,0,0,0,0,0,0,1
3408,18,12717b1780b75e0d,1.696225,20.0,1,14424,1,1,0,0,1,0,0,0,0,0,0,0,0,1
3409,18,4dea4c8f02d25455,2.317964,16.52233,0,14396,1,0,0,0,0,0,0,0,0,0,0,0,0,0
3410,18,b9b6fe8fc3dbbee8,1.7414,19.370298,1,14102,1,1,0,0,1,0,0,0,0,0,0,0,0,1
3411,18,4abae27ca3b76145,2.353708,20.0,1,14023,2,1,0,0,1,0,0,0,0,0,0,0,0,1
3412,18,2865a98a17b8e432,2.811906,16.172989,0,14236,1,0,0,0,0,0,0,0,0,0,0,0,0,0
3413,18,e44b14011e839582,2.11248,19.107851,1,13990,1,1,0,0,1,0,0,0,0,0,0,0,0,1
3414,18,1a7c0c0732bf4501,2.630681,17.833859,1,13978,1,0,0,0,0,0,0,0,0,0,0,0,0,1
3415,18,3425e7935f7659b3,3.02246,20.0,1,13533,2,1,0,0,1,0,0,0,0,0,0,0,0,1
3416,18,f0a249b00088405c,2.270661,18.783807,1,13470,1,1,0,0,1,0,0,0,0,0,0,0,0,0
3417,18,bb48805ed1ce5d8e,2.749516,17.590416,1,13700,1,0,0,0,0,0,0,0,0,0,0,0,0,1
3418,18,8d2c38189040046f,2.067675,16.708745,1,13589,1,1,0,0,1,0,0,0,0,0,0,0,0,0
3419,18,36a70b6bdc3a5098,1.553367,19.510345,1,13818,1,1,0,0,1,0,0,0,0,0,0,0,0,1
3420,18,1427bbcaa20a8fea,2.21064,18.136237,1,13758,1,0,0,0,0,0,0,0,0,0,0,0,0,1
3421,18,a611fa12807c1873,1.660771,17.103922,1,13864,1,1,0,0,1,0,0,0,0,0,0,0,0,0
3422,18,bc6646b29227116f,1.248924,19.823396,1,13873,1,1,0,0,1,0,0,0,0,0,0,0,0,1
3423,18,fab1a27a0c16ce4c,1.981923,20.0,1,13818,2,1,0,0,1,0,0,0,0,0,0,0,0,1
3424,18,33202d8213aacec0,2.532598,16.415288,0,13905,1,0,0,0,0,0,0,0,0,0,0,0,0,0
3425,18,172a5745c2ebe0a9,1.90455,19.305534,1,13580,1,1,0,0,1,0,0,0,0,0,0,0,0,1
3426,18,bbb5a708ae49b288,1.430817,20.0,1,13663,1,1,0,0,1,0,0,0,0,0,0,0,0,1
3427,18,cefaeb9bbdee5c38,2.118573,16.123008,0,13703,1,0,0,0,0,0,0,0,0,0,0,0,0,0
3428,18,e6a90d13fff364fb,2.635258,19.070303,1,13691,2,1,0,0,1,0,0,0,0,0,0,0,0,1
3429,18,87c49f19aa85023b,1.981751,20.0,1,13604,1,1,0,0,1,0,0,0,0,0,0,0,0,1
3430,18,f1fc6875acc1ba07,1.488816,19.482348,1,14709,1,1,0,0,0,0,0,0,0,0,0,0,0,1
3431,18,f67349ff7bfe5706,2.162145,20.0,1,14268,1,0,0,0,1,0,0,0,0,0,0,0,0,1
3432,18,56d568802f0324a0,1.625964,19.719534,1,16098,1,1,0,0,1,0,0,0,0,0,0,0,0,0
3433,18,5e04e51f4306ac44,1.221526,20.0,1,15896,1,1,0,0,1,0,0,0,0,0,0,0,0,1
3434,18,8dad7c52e2221e22,3.004993,19.835513,1,15527,2,0,0,0,0,0,0,0,0,0,0,0,0,1
3435,18,3a3f7708be727232,2.257539,20.0,1,14981,1,1,0,0,1,0,0,0,0,0,0,0,0,1
3436,18,3d44a5f59ee3ff08,2.741852,16.438557,0,14807,1,0,0,0,0,0,0,0,0,0,0,0,0,0
3437,18,0b09bbad67813809,2.059851,19.307362,1,14631,1,1,0,0,1,0,0,0,0,0,0,0,0,1
3438,18,df1669973eafe6e2,2.591142,14.504899,0,15614,1,0,0,0,0,0,0,0,0,0,0,0,0,0
3439,18,22f0c225189c0efc,1.948576,17.868894,1,15446,1,1,0,0,1,0,0,0,0,0,0,0,0,1
3440,18,33cd082e903a2ce1,1.463892,20.0,1,15305,1,1,0,0,1,0,0,0,0,0,0,0,0,1
3441,18,2a501dd05b7b10bf,2.143421,15.312176,0,15511,1,0,0,0,0,0,0,0,0,0,0,0,0,0
3442,18,2351465ba230e116,2.653925,20.0,1,15460,2,1,0,0,1,0,0,0,0,0,0,0,0,2
3443,18,239759ecf36e1df4,1.99579,19.979693,1,15180,1,1,0,0,1,0,0,0,0,0,0,0,0,0
3444,18,2f4f3eba1a83e072,3.586669,18.488841,1,13866,2,0,0,0,0,0,0,0,0,0,0,0,0,1
3445,18,24239d676cfccf5f,2.69453,20.0,1,12835,1,1,0,0,1,0,0,0,0,0,0,0,0,1
3446,18,bec625bd345b5d8c,2.026325,20.0,1,12912,1,1,0,0,1,0,0,0,0,0,0,0,0,1
3447,18,f67375e889665f01,2.565956,17.007642,0,13001,1,0,0,0,0,0,0,0,0,0,0,0,0,0
3448,18,7b2a85cc8fd87cf7,1.927707,19.734895,1,12968,1,1,0,0,1,0,0,0,0,0,0,0,0,1
3449,18,c7ea44e1353c7a31,2.491867,20.0,1,12853,2,1,0,0,1,0,0,0,0,0,0,0,0,1
3450,18,f30e61fd02f902e3,2.91807,16.381711,0,12764,1,0,0,0,0,0,0,0,0,0,0,0,0,0
3451,18,d118dfae1e2198fd,2.192237,19.264656,1,12561,1,1,0,0,1,0,0,0,0,0,0,0,0,1
3452,18,ec7620d2683cb868,2.690599,14.472816,0,12587,1,0,0,0,0,0,0,0,0,0,0,0,0,0
3453,18,c238fdcef30a9758,2.023369,17.844767,1,12534,1,1,0,0,1,0,0,0,0,0,0,0,0,1
3454,18,5d9d3d58312fbe66,1.520081,16.884951,1,12810,1,1,0,0,1,0,0,0,0,0,0,0,0,0
3455,18,cc1669837fa14dda,1.14198,19.642722,1,12555,1,1,0,0,1,0,0,0,0,0,0,0,0,1
3456,18,32f8f95de4a69be6,1.90158,14.756842,0,12820,1,0,0,0,0,0,0,0,0,0,0,0,0,0
3457,18,5e02151d72514ddc,1.430016,18.058359,1,12904,1,1,0,0,1,0,0,0,0,0,0,0,0,1
3458,18,369e2c2043f5411e,1.074317,20.0,1,12612,1,1,0,0,1,0,0,0,0,0,0,0,0,1
3459,18,2f38eb4d604f9f8c,1.850748,20.0,1,12507,2,1,0,0,1,0,0,0,0,0,0,0,0,1
3460,18,7941671545e3095d,2.435939,20.0,1,12594,1,0,0,0,0,0,0,0,0,0,0,0,0,1
3461,18,ce1c9fd4b2493f1d,1.83003,18.735615,1,13211,1,1,0,0,1,0,0,0,0,0,0,0,0,0
3462,18,c763803d56e72818,1.374833,20.0,1,13264,1,1,0,0,1,0,0,0,0,0,0,0,0,1
3463,18,53536e00fcb15c0d,2.076514,19.280194,1,13312,1,0,0,0,0,0,0,0,0,0,0,0,0,1
3464,18,ebc08dee8db455a7,1.561568,17.979482,1,13046,1,1,0,0,1,0,0,0,0,0,0,0,0,0
3465,18,e78427628e8e2898,1.173148,20.0,1,13086,1,1,0,0,1,0,0,0,0,0,0,0,0,1
3466,18,25197c7dd0d1addb,1.924995,15.374591,0,13450,1,0,0,0,0,0,0,0,0,0,0,0,0,0
3467,18,25679c0d5a0ee6b1,1.447624,18.522915,1,13233,1,1,0,0,1,0,0,0,0,0,0,0,0,1
3468,18,81d7b5e81986b425,2.131199,13.915573,0,13352,1,0,0,0,0,0,0,0,0,0,0,0,0,0
3469,18,62fd90e1fa763a27,1.60109,17.411939,1,13294,1,1,0,0,1,0,0,0,0,0,0,0,0,1
3470,18,64e5744488193186,2.246493,20.0,1,13425,2,1,0,0,1,0,0,0,0,0,0,0,0,1
3471,18,6daba0e78c4f2437,2.733545,15.069334,0,13190,1,0,0,0,0,0,0,0,0,0,0,0,0,0
3472,18,8354f4bdb124c5c4,2.05361,18.278716,1,13532,1,1,0,0,1,0,0,0,0,0,0,0,0,1
3473,18,76bed95a285ab746,1.542801,20.0,1,13485,1,1,0,0,1,0,0,0,0,0,0,0,0,1
3474,18,f2e18921b1c71328,2.204359,15.559028,0,13545,1,0,0,0,0,0,0,0,0,0,0,0,0,0
3475,18,5c263a3349f2f088,1.656052,18.646606,1,13442,1,1,0,0,1,0,0,0,0,0,0,0,0,1
3476,18,55cee2112d893b97,1.24413,20.0,1,13465,1,1,0,0,1,0,0,0,0,0,0,0,0,1
3477,18,e634bb1afc9f10eb,0.934668,19.229957,1,13552,1,1,0,0,1,0,0,0,0,0,0,0,0,0
3478,18,6fb5ac536ace86b9,1.747034,17.941703,1,13473,1,0,0,0,0,0,0,0,0,0,0,0,0,1
3479,18,afcf63df972cce92,2.356135,20.0,1,14135,2,1,0,0,1,0,0,0,0,0,0,0,0,1
3480,19,1fd48474a6be9a50,1.770076,18.832113,1,13966,1,1,0,0,1,0,0,0,0,0,0,0,0,0
3481,19,0b198662efcfc49a,1.331123,20.0,1,14324,1,1,0,0,1,0,0,0,0,0,0,0,0,1
3482,19,fcbdd03152747088,2.043676,19.34778,1,14186,1,0,0,0,0,0,0,0,0,0,0,0,0,1
3483,19,c7b8a2a9fab59ea4,1.535337,18.014109,1,14172,1,1,0,0,1,0,0,0,0,0,0,0,0,0
3484,19,241e6acbb414e8f5,1.153442,20.0,1,14284,1,1,0,0,1,0,0,0,0,0,0,0,0,1
3485,19,fc64a472a0076c97,1.911555,18.890037,1,14111,1,0,0,0,0,0,0,0,0,0,0,0,0,1
3486,19,1e870741cfb1004d,1.43608,20.0,1,14114,1,1,0,0,1,0,0,0,0,0,0,0,0,1
3487,19,bf57db00a494f005,2.122526,19.367349,1,14087,2,1,0,0,1,0,0,0,0,0,0,0,0,0
3488,19,b9cebc1ba6e23f90,2.640321,18.045024,1,14007,1,0,0,0,0,0,0,0,0,0,0,0,0,1
3489,19,e665c14bbc29de1b,1.983574,20.0,1,14148,1,1,0,0,1,0,0,0,0,0,0,0,0,1
3490,19,e769dc1986223560,1.490185,20.0,1,14377,1,1,0,0,1,0,0,0,0,0,0,0,0,1
3491,19,1dc6f86b0f28f527,3.206827,20.0,1,14025,2,0,0,0,0,0,0,0,0,0,0,0,0,1
3492,19,83171efae161e4f9,2.41158,18.73439,1,14165,1,1,0,0,1,0,0,0,0,0,0,0,0,0
3493,19,d0f092e334d1b579,1.81173,20.0,1,14157,1,1,0,0,1,0,0,0,0,0,0,0,0,1
3494,19,3c72e9f66e532470,1.361085,19.279502,1,13933,1,1,0,0,1,0,0,0,0,0,0,0,0,0
3495,19,1fdd04fc4bd3a35e,2.067706,17.978962,1,14036,1,0,0,0,0,0,0,0,0,0,0,0,0,1
3496,19,1ea3379f3547fd92,1.55339,20.0,1,13962,1,1,0,0,1,0,0,0,0,0,0,0,0,1
3497,19,f2433026cfae9a47,2.210657,20.0,1,14119,2,1,0,0,1,0,0,0,0,0,0,0,0,1
3498,19,d0cc26dd4ca1a8f2,1.660784,20.0,1,14015,1,1,0,0,0,0,0,0,0,0,0,0,0,1
3499,19,38a3c7ee0e61cf29,2.293084,18.713326,1,13896,1,0,0,0,1,0,0,0,0,0,0,0,0,0
3500,19,e64373de38c1d3e1,1.722708,20.0,1,13912,1,1,0,0,1,0,0,0,0,0,0,0,0,1
3501,19,7addd6445d78c1a4,2.33786,20.0,1,13907,2,1,0,0,1,0,0,0,0,0,0,0,0,1
3502,19,32a2c7ad3446fe7a,2.802254,20.0,1,13709,1,0,0,0,0,0,0,0,0,0,0,0,0,1
3503,19,c2ddba3954d1d184,2.105229,18.944459,1,13955,1,1,0,0,1,0,0,0,0,0,0,0,0,0
3504,19,6665faed5439f816,1.58158,20.0,1,13963,1,1,0,0,1,0,0,0,0,0,0,0,0,1
3505,19,e2ced52540714a46,2.231835,19.398064,1,13823,1,0,0,0,0,0,0,0,0,0,0,0,0,1
3506,19,609fe1b042bd7177,1.678372,18.068122,1,13804,1,1,0,0,1,0,0,0,0,0,0,0,0,0
3507,19,a841332a0fc6c3b7,1.260898,20.0,1,13967,1,1,0,0,1,0,0,0,0,0,0,0,0,1
3508,19,55f4672a66ea5f47,1.990919,15.424619,0,13885,1,0,0,0,0,0,0,0,0,0,0,0,0,0
3509,19,c0bd9a34ec0d85ea,1.497199,18.560537,1,13907,1,1,0,0,1,0,0,0,0,0,0,0,0,1
3510,19,aabefe6d1a5d48da,1.12479,17.422682,1,13800,1,1,0,0,1,0,0,0,0,0,0,0,0,0
3511,19,1adb77769bb8b4f3,0.845013,16.567854,1,13767,1,1,0,0,0,0,0,0,0,0,0,0,0,1
3512,19,a846133f73861c83,1.67848,15.925654,1,14059,1,0,0,0,1,0,0,0,0,0,0,0,0,0
3513,19,cfa8b1cf2d33ed9a,1.262241,18.937322,1,13768,1,1,0,0,1,0,0,0,0,0,0,0,0,1
3514,19,b2dca2c5d32e3a62,1.991928,17.705747,1,14063,1,0,0,0,0,0,0,0,0,0,0,0,0,1
3515,19,03fd4711f4ba9bb5,2.540114,20.0,1,13906,2,1,0,0,1,0,0,0,0,0,0,0,0,1
3516,19,4c388266f054ecb1,1.910202,20.0,1,13759,1,1,0,0,1,0,0,0,0,0,0,0,0,1
3517,19,a7d93beeb9f4e9ec,2.478717,16.675271,0,13960,1,0,0,0,0,0,0,0,0,0,0,0,0,0
3518,19,d52e6b4d1baecc93,1.862167,19.485196,1,13952,1,1,0,0,1,0,0,0,0,0,0,0,0,1
3519,19,dce3728459a0b8fa,1.398977,18.117344,1,13832,1,1,0,0,1,0,0,0,0,0,0,0,0,0
3520,19,65bced74ebceae67,2.096201,17.105003,1,14069,1,0,0,0,0,0,0,0,0,0,0,0,0,1
3521,19,e63b92df0f408dfd,1.574797,16.329194,1,14032,1,1,0,0,1,0,0,0,0,0,0,0,0,0
3522,19,77f485b752b4bc3d,2.22674,19.225202,1,14107,2,1,0,0,1,0,0,0,0,0,0,0,0,1
3523,19,7ec8c608ff89a34a,2.718691,17.938128,1,13880,1,0,0,0,0,0,0,0,0,0,0,0,0,1
3524,19,1cff1038343f42ec,2.042451,20.0,1,13998,1,1,0,0,1,0,0,0,0,0,0,0,0,1
3525,19,d2be0117755dd54f,1.534417,20.0,1,14034,1,1,0,0,1,0,0,0,0,0,0,0,0,1
3526,19,02f4f30f4ab9c900,2.196403,16.759872,0,14058,1,0,0,0,0,0,0,0,0,0,0,0,0,0
3527,19,a66f6bb6b5327ae3,2.695877,19.564666,1,14073,2,1,0,0,1,0,0,0,0,0,0,0,0,1
3528,19,02d179e61f86987d,2.025312,20.0,1,13999,1,1,0,0,1,0,0,0,0,0,0,0,0,1
3529,19,3d721be016dbb6be,1.521541,20.0,1,14817,1,1,0,0,1,0,0,0,0,0,0,0,0,1
3530,19,f80d4dfa7c86d3c1,1.14422,20.0,1,14691,1,1,0,0,0,0,0,0,0,0,0,0,0,1
3531,19,50e503c211fe3b76,1.903263,19.215918,1,15477,1,0,0,0,1,0,0,0,0,0,0,0,0,0
3532,19,f3d83b4a37821bcd,1.429851,20.0,1,15290,1,1,0,0,1,0,0,0,0,0,0,0,0,1
3533,19,35c44b4bcfa6a813,1.074193,19.551274,1,15413,1,1,0,0,1,0,0,0,0,0,0,0,0,0
3534,19,5f7b11efaef6fc3f,1.851959,20.0,1,15278,2,1,0,0,1,0,0,0,0,0,0,0,0,1
3535,19,5089569c83bd6940,1.391308,20.0,1,14972,1,1,0,0,1,0,0,0,0,0,0,0,0,1
3536,19,a2ca83c1476a0162,0.001584,20.0,1,14846,0,1,0,0,1,0,0,0,0,0,0,0,0,0
3537,19,6d3572526952e8e7,0.001191,19.222319,1,15464,1,1,0,0,1,0,0,0,0,0,0,0,0,0
3538,19,26fa26a6810b22e7,1.044548,17.919854,1,15432,1,0,0,0,0,0,0,0,0,0,0,0,0,1
3539,19,b78ad25e16e690bc,1.828383,20.0,1,15314,2,1,0,0,1,0,0,0,0,0,0,0,0,1
3540,19,72505ee0f1eb01d0,1.373596,18.819782,1,15122,1,1,0,0,1,0,0,0,0,0,0,0,0,0
3541,19,60d5bcf49f10f3c4,1.032964,20.0,1,15099,1,1,0,0,1,0,0,0,0,0,0,0,0,1
3542,19,1bb60df09a0fe513,1.819681,19.340814,1,14996,1,0,0,0,0,0,0,0,0,0,0,0,0,1
3543,19,cdc775044eb4f151,1.367058,20.0,1,14183,1,1,0,0,1,0,0,0,0,0,0,0,0,1
3544,19,3d44d718d8cfd1f4,1.028047,19.639573,1,13665,1,1,0,0,1,0,0,0,0,0,0,0,0,0
3545,19,b9ecafd8ba66e702,1.815987,18.233321,1,14113,1,0,0,0,0,0,0,0,0,0,0,0,0,1
3546,19,898644ba2c2518fa,1.364283,20.0,1,13957,1,1,0,0,1,0,0,0,0,0,0,0,0,1
3547,19,d7b21d72f896b522,3.112241,18.996701,1,13960,2,0,0,0,0,0,0,0,0,0,0,0,0,1
3548,19,08f0d157e1b9e38b,2.34045,17.766292,1,13927,1,1,0,0,1,0,0,0,0,0,0,0,0,0
3549,19,5c4af9d44dfc9637,1.758293,20.0,1,13774,1,1,0,0,1,0,0,0,0,0,0,0,0,1
3550,19,ae95b38647a9e27f,1.320939,20.0,1,13977,1,1,0,0,1,0,0,0,0,0,0,0,0,1
3551,19,77887cc8b1938e95,2.037516,20.0,1,13761,2,1,0,0,0,0,0,0,0,0,0,0,0,1
3552,19,7a25fa02fcee5e27,2.574363,18.642486,1,13578,1,0,0,0,1,0,0,0,0,0,0,0,0,0
3553,19,3a7a4c16080c3acc,1.934023,20.0,1,13443,1,1,0,0,1,0,0,0,0,0,0,0,0,1
3554,19,70c8086b6fcee6b0,1.452959,20.0,1,13321,1,1,0,0,1,0,0,0,0,0,0,0,0,1
3555,19,3f519e748ca0f8ba,3.180947,20.0,1,13414,2,0,0,0,0,0,0,0,0,0,0,0,0,1
3556,19,2ee3b74f43dfb2fd,2.389726,18.921871,1,13675,1,1,0,0,1,0,0,0,0,0,0,0,0,0
3557,19,1487ca850be4a87f,1.795312,20.0,1,13905,1,1,0,0,1,0,0,0,0,0,0,0,0,1
3558,19,a80cd97cb9fde335,1.3501,19.402887,1,13702,1,1,0,0,1,0,0,0,0,0,0,0,0,0
3559,19,5615890e0cb6d16e,1.01428,20.0,1,13844,1,1,0,0,1,0,0,0,0,0,0,0,0,1
3560,19,0d6efb71f8d6d8a4,1.805644,16.177954,0,13724,1,0,0,0,0,0,0,0,0,0,0,0,0,0
3561,19,abaf393e18749c49,1.356513,19.111581,1,13650,1,1,0,0,1,0,0,0,0,0,0,0,0,1
3562,19,dd565bc81776e2ec,1.020117,17.852683,1,13646,1,1,0,0,1,0,0,0,0,0,0,0,0,0
3563,19,7b53f589aa0dbcbc,0.766376,20.0,1,13862,1,1,0,0,1,0,0,0,0,0,0,0,0,1
3564,19,9f79b60904c1b6f7,1.619403,15.303026,0,13716,1,0,0,0,0,0,0,0,0,0,0,0,0,0
3565,19,eb424c1d96fde631,1.217814,18.469097,1,13617,1,1,0,0,1,0,0,0,0,0,0,0,0,1
3566,19,2d3fba791851fa5d,0.914898,17.353987,1,13791,1,1,0,0,1,0,0,0,0,0,0,0,0,0
3567,19,afe9acb89a73ce7c,0.687329,19.995091,1,13649,1,1,0,0,1,0,0,0,0,0,0,0,0,1
3568,19,cc7293f29537518c,1.560018,18.500409,1,13736,1,0,0,0,0,0,0,0,0,0,0,0,0,1
3569,19,c7e284629153eff2,1.173156,17.393073,1,13544,1,1,0,0,1,0,0,0,0,0,0,0,0,0
3570,19,872156752ea3ebd6,0.881348,20.0,1,13511,1,1,0,0,1,0,0,0,0,0,0,0,0,1
3571,19,99a40f4b4c26be5e,1.705777,18.522468,1,13881,1,0,0,0,0,0,0,0,0,0,0,0,0,1
3572,19,a32b84742bb80bdb,1.282769,17.409662,1,13747,1,1,0,0,1,0,0,0,0,0,0,0,0,0
3573,19,4e9c0727c7eac610,0.963696,16.558073,1,13967,1,1,0,0,0,0,0,0,0,0,0,0,0,1
3574,19,cc4e0e315cedc043,1.767642,15.918306,1,13897,1,0,0,0,1,0,0,0,0,0,0,0,0,0
3575,19,6372a7b85cb4e864,2.371617,18.916517,1,13785,2,1,0,0,1,0,0,0,0,0,0,0,0,1
3576,19,429f76eaea592bd8,2.82764,17.705992,1,13817,1,0,0,0,0,0,0,0,0,0,0,0,0,1
3577,19,e4211c2d935f12d2,2.1243,20.0,1,13887,1,1,0,0,1,0,0,0,0,0,0,0,0,1
3578,19,90f8a7525f6df21a,1.595907,18.699079,1,13802,1,1,0,0,1,0,0,0,0,0,0,0,0,0
3579,19,9c3b8cedf84d6b46,2.244296,17.542475,1,13675,1,0,0,0,0,0,0,0,0,0,0,0,0,1
3580,19,bf4548dd4274100f,1.686055,20.0,1,13950,1,1,0,0,1,0,0,0,0,0,0,0,0,1
3581,19,585f837589749c42,1.26667,18.606791,1,13831,1,1,0,0,1,0,0,0,0,0,0,0,0,0
3582,19,296353c26515acd0,1.995255,20.0,1,14124,2,1,0,0,1,0,0,0,0,0,0,0,0,1
3583,19,4b5d5ccd5763d172,2.544611,19.224879,1,14208,1,0,0,0,0,0,0,0,0,0,0,0,0,1
3584,19,da660d0f35e48633,1.911671,20.0,1,14166,1,1,0,0,1,0,0,0,0,0,0,0,0,1
3585,19,aeda045cdb1feaef,2.47982,20.0,1,14164,2,1,0,0,1,0,0,0,0,0,0,0,0,1
3586,19,c5419601fc710a7c,1.86486,20.0,1,13956,1,1,0,0,1,0,0,0,0,0,0,0,0,1
3587,19,570db80c53aed624,2.444653,20.0,1,14127,1,0,0,0,0,0,0,0,0,0,0,0,0,1
3588,19,f0791279097ae2f1,1.836577,19.798029,1,14197,1,1,0,0,1,0,0,0,0,0,0,0,0,0
3589,19,462a40ab3499cd4f,1.379751,20.0,1,14178,1,1,0,0,1,0,0,0,0,0,0,0,0,1
3590,19,011b6b44f013cf91,1.037593,20.0,1,14487,1,1,0,0,1,0,0,0,0,0,0,0,0,1
3591,19,c744b563daadaab8,1.823158,20.0,1,14396,2,1,0,0,1,0,0,0,0,0,0,0,0,1
3592,19,670e7192e24f3e70,2.413324,20.0,1,14244,1,0,0,0,0,0,0,0,0,0,0,0,0,1
3593,19,890b97c68f4c48f8,1.814854,19.950028,1,14331,1,1,0,0,1,0,0,0,0,0,0,0,0,0
3594,19,c38ea839c84d61a0,1.363432,20.0,1,14305,1,1,0,0,1,0,0,0,0,0,0,0,0,1
3595,19,ab8844b15f7a5a57,1.024295,20.0,1,14530,1,1,0,0,1,0,0,0,0,0,0,0,0,1
3596,19,480edc3b078aad00,0.769515,20.0,1,14476,1,1,0,0,1,0,0,0,0,0,0,0,0,0
3597,19,b025e2057777baf9,2.666987,19.341822,1,14635,2,0,0,0,0,0,0,0,0,0,0,0,0,1
3598,19,a34328f341a9f924,2.003608,20.0,1,14922,1,1,0,0,1,0,0,0,0,0,0,0,0,1
3599,19,f2128e4d53839433,0.461582,19.622334,1,15057,0,1,0,0,1,0,0,0,0,0,0,0,0,0
3600,19,c4460067a462c5e1,1.391267,20.0,1,15161,2,1,0,0,1,0,0,0,0,0,0,0,0,1
3601,19,69c27ed3aef6a6d7,1.045207,19.794224,1,14966,1,1,0,0,0,0,0,0,0,0,0,0,0,1
3602,19,001247b6f86a6f2f,1.828878,20.0,1,15022,1,0,0,0,1,0,0,0,0,0,0,0,0,1
3603,19,6c4c9d0ee648a2f0,1.373968,19.877667,1,14980,1,1,0,0,1,0,0,0,0,0,0,0,0,0
3604,19,319cc7c22c364c9e,2.077394,18.428791,1,15035,1,0,0,0,0,0,0,0,0,0,0,0,0,1
3605,19,a53bba5bea3f35b1,1.560668,17.323706,1,14920,1,1,0,0,1,0,0,0,0,0,0,0,0,0
3606,19,29f3df08a6232b20,1.172472,19.972342,1,14869,1,1,0,0,1,0,0,0,0,0,0,0,0,1
3607,19,bde2ffdb543c0ff1,2.970017,18.499987,1,14766,2,0,0,0,0,0,0,0,0,0,0,0,0,1
3608,19,a2aa508cd48c82c0,2.231262,20.0,1,14920,1,1,0,0,1,0,0,0,0,0,0,0,0,1
3609,19,3bd60a5b20fe261a,1.676264,20.0,1,14881,1,1,0,0,1,0,0,0,0,0,0,0,0,1
3610,19,d76c71164c540636,1.259314,16.998106,0,14896,1,1,0,0,0,0,0,0,0,0,0,0,0,0
3611,19,dd7e330da7badc73,3.035323,19.743821,1,14680,2,0,0,0,1,0,0,0,0,0,0,0,0,1
3612,19,9668c027bcbdb625,2.280325,20.0,1,14724,1,1,0,0,1,0,0,0,0,0,0,0,0,1
3613,19,bd519aff8139d57a,1.713123,20.0,1,14440,1,1,0,0,1,0,0,0,0,0,0,0,0,1
3614,19,54e3da760208f447,2.332443,17.543037,0,14512,1,0,0,0,0,0,0,0,0,0,0,0,0,0
3615,19,fae2fc6923b57a08,1.752278,20.0,1,14498,1,1,0,0,1,0,0,0,0,0,0,0,0,1
3616,19,b76a0c121e4ae58a,2.360074,20.0,1,14441,2,1,0,0,1,0,0,0,0,0,0,0,0,1
3617,19,fb6a415da99b2d91,1.773035,20.0,1,14383,1,1,0,0,1,0,0,0,0,0,0,0,0,1
3618,19,5eb49279df5d1935,2.377498,17.709965,0,14485,1,0,0,0,0,0,0,0,0,0,0,0,0,0
3619,19,28797217ef40326a,1.786126,20.0,1,14304,1,1,0,0,1,0,0,0,0,0,0,0,0,1
3620,19,18c5e6afe631c4eb,1.341849,18.701321,1,14235,1,1,0,0,1,0,0,0,0,0,0,0,0,0
3621,19,156a463583b47b79,2.05324,20.0,1,14107,2,1,0,0,1,0,0,0,0,0,0,0,0,1
3622,19,c335ef08cfbe05f1,2.586176,19.273888,1,14242,1,0,0,0,0,0,0,0,0,0,0,0,0,1
3623,19,0f1c3ef5931f80b2,1.942897,20.0,1,14198,1,1,0,0,1,0,0,0,0,0,0,0,0,1
3624,19,c4c689676d6dc6f4,1.459626,19.583992,1,14078,1,1,0,0,1,0,0,0,0,0,0,0,0,0
3625,19,332e19cc94dee516,1.09766,20.0,1,14015,1,1,0,0,1,0,0,0,0,0,0,0,0,1
3626,19,5b9d348cf5511246,1.868284,20.0,1,14399,2,1,0,0,1,0,0,0,0,0,0,0,0,1
3627,19,20a366aaa4dbebc3,2.447225,20.0,1,14265,1,0,0,0,0,0,0,0,0,0,0,0,0,1
3628,19,9a8fef16e589a03c,1.840348,19.232762,1,14076,1,1,0,0,1,0,0,0,0,0,0,0,0,0
3629,19,28745f2bf4d33fdf,1.382585,20.0,1,14202,1,1,0,0,1,0,0,0,0,0,0,0,0,1
3630,19,ae3f96e37517ba81,2.082338,16.081936,0,13822,1,0,0,0,0,0,0,0,0,0,0,0,0,0
3631,19,d56ae6f0cd4e6d16,1.564382,19.039447,1,13704,1,1,0,0,1,0,0,0,0,0,0,0,0,1
3632,19,8bf3152732956f6d,1.176438,20.0,1,13821,1,1,0,0,1,0,0,0,0,0,0,0,0,1
3633,19,a46e758ef3ad8a16,1.927467,15.986071,0,13743,1,0,0,0,0,0,0,0,0,0,0,0,0,0
3634,19,53520bac9be84ce5,1.448034,18.967427,1,14033,1,1,0,0,1,0,0,0,0,0,0,0,0,1
3635,19,7585dd79dc66eb1f,3.177243,17.744277,1,13718,2,0,0,0,0,0,0,0,0,0,0,0,0,1
3636,19,8842b9d100546933,2.386944,20.0,1,13804,1,1,0,0,1,0,0,0,0,0,0,0,0,1
3637,19,0a9252de2fa32477,1.793222,18.720687,1,13805,1,1,0,0,1,0,0,0,0,0,0,0,0,0
3638,19,0fbc1ef5f31b140e,2.390834,17.542996,1,13687,1,0,0,0,0,0,0,0,0,0,0,0,0,1
3639,19,de5f561d55dc0caa,1.797941,20.0,1,13603,1,1,0,0,1,0,0,0,0,0,0,0,0,1
3640,19,7a6f0e69c96231af,2.394379,18.619481,1,13610,1,0,0,0,0,0,0,0,0,0,0,0,0,1
3641,19,7cfb0f8dbb4e15bf,1.798808,17.466964,1,13614,1,1,0,0,1,0,0,0,0,0,0,0,0,0
3642,19,135bafb562374559,2.39688,16.615908,1,13428,2,1,0,0,0,0,0,0,0,0,0,0,0,1
3643,19,e4024dcae5ce739c,2.844339,19.4406,1,13382,1,0,0,0,1,0,0,0,0,0,0,0,0,1
3644,19,53a513b671f9d5ea,2.136846,20.0,1,13592,1,1,0,0,1,0,0,0,0,0,0,0,0,1
3645,19,b38b06f9cfe18e72,1.605332,19.678083,1,13304,1,1,0,0,1,0,0,0,0,0,0,0,0,0
3646,19,7600f89de772ccd4,2.251383,18.278701,1,13567,1,0,0,0,0,0,0,0,0,0,0,0,0,1
3647,19,e0dc3b47365ceeaa,2.735033,20.0,1,13336,2,1,0,0,1,0,0,0,0,0,0,0,0,1
3648,19,2ba5efb1b9439e90,2.054728,19.022313,1,13445,1,1,0,0,1,0,0,0,0,0,0,0,0,0
3649,19,dda1713a01b75506,1.545185,20.0,1,13334,1,1,0,0,1,0,0,0,0,0,0,0,0,1
3650,19,bfa08543740e614d,2.204493,15.976391,0,13431,1,0,0,0,0,0,0,0,0,0,0,0,0,0
3651,19,52e10fc0babb4eea,1.656153,18.960155,1,13394,1,1,0,0,1,0,0,0,0,0,0,0,0,1
3652,19,c8a21cbbe737395f,2.287859,17.7229,1,13193,1,0,0,0,0,0,0,0,0,0,0,0,0,1
3653,19,5ec401aac571529b,1.720503,16.808375,1,13168,1,1,0,0,1,0,0,0,0,0,0,0,0,0
3654,19,4f6fd3509554f2bc,1.292549,19.585193,1,13248,1,1,0,0,1,0,0,0,0,0,0,0,0,1
3655,19,5bd33c278e4c71a8,2.014697,14.713623,0,13123,1,0,0,0,0,0,0,0,0,0,0,0,0,0
3656,19,0039f0d688fa3e57,1.515081,18.025858,1,13068,1,1,0,0,1,0,0,0,0,0,0,0,0,1
3657,19,c99e047e52c151a6,1.138224,17.020998,1,13239,1,1,0,0,1,0,0,0,0,0,0,0,0,0
3658,19,50d33b6b683939c1,1.898758,16.266084,1,14199,1,0,0,0,0,0,0,0,0,0,0,0,0,1
3659,19,f4b78c421d167f51,1.426466,15.698945,1,14062,1,1,0,0,1,0,0,0,0,0,0,0,0,0
3660,19,1c32cf88e3870692,1.072723,18.766834,1,13924,1,1,0,0,1,0,0,0,0,0,0,0,0,1
3661,19,351ea773a2a8bb1c,1.84955,14.098821,0,13899,1,0,0,0,0,0,0,0,0,0,0,0,0,0
3662,19,9b90d7099bad3a77,2.433151,14.070761,1,16408,1,0,0,0,0,0,0,0,0,0,0,0,0,1
3663,19,1766bd1ed69774d8,1.829764,14.061915,1,16721,1,1,0,0,1,0,0,0,0,0,0,0,0,0
3664,19,f774c1fc0c589848,2.418287,14.043036,1,16498,1,0,0,0,0,0,0,0,0,0,0,0,0,1
3665,19,b5d704f8e16c1be7,1.816769,17.507697,1,16633,1,1,0,0,1,0,0,0,0,0,0,0,0,1
3666,19,5aa7ade52df661d2,2.408524,13.152878,0,16560,1,0,0,0,0,0,0,0,0,0,0,0,0,0
3667,19,bf234fd6746762b8,2.855395,16.852155,1,16626,2,1,0,0,1,0,0,0,0,0,0,0,0,1
3668,19,a9c04bbcccd9ff60,2.145151,19.618083,1,16803,1,1,0,0,1,0,0,0,0,0,0,0,0,1
3669,19,a1498b09de3c8721,1.611572,20.0,1,16626,1,1,0,0,1,0,0,0,0,0,0,0,0,1
3670,19,a1eae7fe0a94329d,3.300226,19.796219,1,16466,2,0,0,0,0,0,0,0,0,0,0,0,0,1
3671,19,223b6d0c60e6dcf4,2.479336,18.351004,1,16180,1,1,0,0,1,0,0,0,0,0,0,0,0,0
3672,19,ef6ed78008f0a3da,2.906286,20.0,1,15464,2,1,0,0,0,0,0,0,0,0,0,0,0,2
3673,19,7f1c742c4f58648f,3.227038,19.063121,1,15182,1,0,0,0,1,0,0,0,0,0,0,0,0,0
3674,19,4df19c7e42379ffc,2.426778,20.0,1,13621,1,1,0,0,1,0,0,0,0,0,0,0,0,1
3675,19,bf83086c8b2a376e,1.823148,20.0,1,12243,1,1,0,0,1,0,0,0,0,0,0,0,0,1
3676,19,d4e774755467217d,3.456969,17.246837,0,12478,2,0,0,0,0,0,0,0,0,0,0,0,0,0
3677,19,1b723bb2d256d78a,2.59969,19.930871,1,12716,1,1,0,0,1,0,0,0,0,0,0,0,0,1
3678,19,4e20c0b1849bab64,1.95305,18.452163,1,12772,1,1,0,0,1,0,0,0,0,0,0,0,0,0
3679,19,7a969a7e57e8e7dd,0.4236,17.341265,1,12951,0,1,0,0,1,0,0,0,0,0,0,0,0,0
3680,20,1fd48474a6be9a50,1.361888,16.506688,1,13990,1,0,0,0,0,0,0,0,0,0,0,0,0,1
3681,20,0b198662efcfc49a,1.024159,15.893767,1,14173,1,1,0,0,1,0,0,0,0,0,0,0,0,0
3682,20,fcbdd03152747088,0.769413,18.898082,1,14335,1,1,0,0,1,0,0,0,0,0,0,0,0,1
3683,20,c7b8a2a9fab59ea4,1.621684,14.197422,0,14149,1,0,0,0,0,0,0,0,0,0,0,0,0,0
3684,20,241e6acbb414e8f5,1.21953,17.637667,1,14139,1,1,0,0,1,0,0,0,0,0,0,0,0,1
3685,20,fc64a472a0076c97,3.003494,16.729365,1,14070,2,0,0,0,0,0,0,0,0,0,0,0,0,1
3686,20,1e870741cfb1004d,2.256413,19.525835,1,14275,1,1,0,0,1,0,0,0,0,0,0,0,0,1
3687,20,bf57db00a494f005,2.738812,18.147875,1,14084,1,0,0,0,0,0,0,0,0,0,0,0,0,1
3688,20,b9cebc1ba6e23f90,2.059626,17.127962,1,14091,1,1,0,0,1,0,0,0,0,0,0,0,0,0
3689,20,e665c14bbc29de1b,1.54732,19.825287,1,14253,1,1,0,0,1,0,0,0,0,0,0,0,0,1
3690,20,e769dc1986223560,2.206097,14.893997,0,14314,1,0,0,0,0,0,0,0,0,0,0,0,0,0
3691,20,1dc6f86b0f28f527,1.659016,18.161501,1,13981,1,1,0,0,1,0,0,0,0,0,0,0,0,1
3692,20,83171efae161e4f9,1.246357,17.122901,1,14117,1,1,0,0,1,0,0,0,0,0,0,0,0,0
3693,20,d0f092e334d1b579,0.936341,19.821485,1,13943,1,1,0,0,1,0,0,0,0,0,0,0,0,1
3694,20,3c72e9f66e532470,1.747092,18.369985,1,13968,1,0,0,0,0,0,0,0,0,0,0,0,0,1
3695,20,1fdd04fc4bd3a35e,1.313838,20.0,1,14038,1,1,0,0,1,0,0,0,0,0,0,0,0,1
3696,20,1ea3379f3547fd92,2.030691,19.086697,1,14022,2,1,0,0,1,0,0,0,0,0,0,0,0,0
3697,20,f2433026cfae9a47,1.525582,20.0,1,14075,1,1,0,0,1,0,0,0,0,0,0,0,0,1
3698,20,d0cc26dd4ca1a8f2,2.19141,19.496007,1,14101,1,0,0,0,0,0,0,0,0,0,0,0,0,1
3699,20,38a3c7ee0e61cf29,1.646324,20.0,1,13962,1,1,0,0,1,0,0,0,0,0,0,0,0,1
3700,20,e64373de38c1d3e1,1.236822,19.709355,1,13830,1,1,0,0,1,0,0,0,0,0,0,0,0,0
3701,20,7addd6445d78c1a4,0.929178,18.285746,1,13867,1,1,0,0,0,0,0,0,0,0,0,0,0,1
3702,20,32a2c7ad3446fe7a,2.787056,20.0,1,13832,2,0,0,0,1,0,0,0,0,0,0,0,0,1
3703,20,c2ddba3954d1d184,2.093811,20.0,1,13880,1,1,0,0,1,0,0,0,0,0,0,0,0,1
3704,20,6665faed5439f816,1.573002,20.0,1,14027,1,1,0,0,1,0,0,0,0,0,0,0,0,0
3705,20,e2ced52540714a46,1.18292,20.0,1,13760,1,1,0,0,1,0,0,0,0,0,0,0,0,1
3706,20,609fe1b042bd7177,1.932337,16.752322,0,13843,1,0,0,0,0,0,0,0,0,0,0,0,0,0
3707,20,a841332a0fc6c3b7,1.451692,19.543082,1,13983,1,1,0,0,1,0,0,0,0,0,0,0,0,1
3708,20,55f4672a66ea5f47,1.090602,18.160832,1,13974,1,1,0,0,1,0,0,0,0,0,0,0,0,0
3709,20,c0bd9a34ec0d85ea,0.820148,20.0,1,13846,1,1,0,0,1,0,0,0,0,0,0,0,0,1
3710,20,aabefe6d1a5d48da,1.6598,15.489689,0,13705,1,0,0,0,0,0,0,0,0,0,0,0,0,0
3711,20,3a430dc208632016,1.246946,18.594513,1,13815,1,1,0,0,1,0,0,0,0,0,0,0,0,1
3712,20,80aa2168e796d8f4,0.937721,17.463841,1,13755,1,1,0,0,1,0,0,0,0,0,0,0,0,0
3713,20,f7ccb287b0e2aba7,2.791782,16.598775,1,14022,2,0,0,0,0,0,0,0,0,0,0,0,0,1
3714,20,2112fa62c82cb6c3,2.097361,19.427728,1,13837,1,1,0,0,1,0,0,0,0,0,0,0,0,1
3715,20,542d2ce96e80afc1,2.619322,14.595326,0,14056,1,0,0,0,0,0,0,0,0,0,0,0,0,0
3716,20,6e60a9a40289d397,1.969768,17.936897,1,13847,1,1,0,0,1,0,0,0,0,0,0,0,0,1
3717,20,0d28e31d51bf6ee7,2.523466,13.47532,0,13957,1,0,0,0,0,0,0,0,0,0,0,0,0,0
3718,20,1cc2b0b192026c8b,1.895786,17.081193,1,13822,1,1,0,0,1,0,0,0,0,0,0,0,0,1
3719,20,1248b02762c2799a,1.425658,19.806304,1,13986,1,1,0,0,1,0,0,0,0,0,0,0,0,1
3720,20,3686db50da6353c5,1.071044,20.0,1,13830,1,1,0,0,1,0,0,0,0,0,0,0,0,1
3721,20,07a5e51a719ae67e,2.891942,16.405641,0,13973,2,0,0,0,0,0,0,0,0,0,0,0,0,0
3722,20,f655ac8ba190f916,2.172608,19.282634,1,13926,1,1,0,0,1,0,0,0,0,0,0,0,0,1
3723,20,325ebdd9684b3bb7,1.633832,20.0,1,14015,1,1,0,0,1,0,0,0,0,0,0,0,0,1
3724,20,593a63171182bcc9,1.227437,20.0,1,13889,1,1,0,0,1,0,0,0,0,0,0,0,0,1
3725,20,fea3afae1d5e82a1,0.922127,17.340006,0,14046,1,1,0,0,0,0,0,0,0,0,0,0,0,0
3726,20,75c8e4d4eb1f954a,1.737603,20.0,1,13952,1,0,0,0,1,0,0,0,0,0,0,0,0,1
3727,20,ed24118e49d88808,2.34905,20.0,1,14086,2,1,0,0,1,0,0,0,0,0,0,0,0,1
3728,20,5f042e16c0d0227a,1.764753,20.0,1,13827,1,1,0,0,1,0,0,0,0,0,0,0,0,1
3729,20,9184a8af73eec352,1.325793,20.0,1,14088,1,1,0,0,1,0,0,0,0,0,0,0,0,1
3730,20,aa78ae7b2bfbcf56,2.041166,18.493693,0,13883,1,0,0,0,0,0,0,0,0,0,0,0,0,0
3731,20,326f7b583d7cdea0,1.533452,20.0,1,13893,1,1,0,0,1,0,0,0,0,0,0,0,0,1
3732,20,ae21bc53077fff73,1.152025,20.0,1,15160,1,1,0,0,1,0,0,0,0,0,0,0,0,1
3733,20,80d6d8d47dd11747,1.91049,20.0,1,14574,2,1,0,0,1,0,0,0,0,0,0,0,0,1
3734,20,46ce0e9108a1f8f0,1.435279,20.0,1,14396,1,1,0,0,1,0,0,0,0,0,0,0,0,1
3735,20,6b08240ca1e3cced,1.078272,20.0,1,15388,1,1,0,0,1,0,0,0,0,0,0,0,0,0
3736,20,5919baaa355e80a1,0.810065,20.0,1,15007,1,1,0,0,1,0,0,0,0,0,0,0,0,1
3737,20,ba97b9556e50cbe2,0.609181,17.794963,0,14520,1,1,0,0,0,0,0,0,0,0,0,0,0,0
3738,20,0d797e10312d0a21,1.501308,20.0,1,14474,1,0,0,0,1,0,0,0,0,0,0,0,0,1
3739,20,35a728c22689f2d3,1.127877,20.0,1,14287,1,1,0,0,1,0,0,0,0,0,0,0,0,1
3740,20,e257f06f391c1e1e,1.89233,16.715877,0,14173,1,0,0,0,0,0,0,0,0,0,0,0,0,0
3741,20,d2dfa6aef87de053,1.421637,19.515702,1,14712,1,1,0,0,1,0,0,0,0,0,0,0,0,1
3742,20,12c41d3898fc38fe,1.068022,18.140262,1,14603,1,1,0,0,1,0,0,0,0,0,0,0,0,0
3743,20,03deb03d15b143d0,1.846019,17.106945,1,14585,1,0,0,0,0,0,0,0,0,0,0,0,0,1
3744,20,739a2aa79eb72619,1.388232,19.82567,1,14445,1,1,0,0,1,0,0,0,0,0,0,0,0,1
3745,20,d588a1fd82aa935f,2.08658,14.894285,0,14472,1,0,0,0,0,0,0,0,0,0,0,0,0,0
3746,20,4eab43b5271ff955,2.611223,18.147208,1,14541,2,1,0,0,1,0,0,0,0,0,0,0,0,1
3747,20,ebd9701e9765a989,1.963677,20.0,1,13898,1,1,0,0,1,0,0,0,0,0,0,0,0,1
3748,20,6cae7daf6552cf36,1.475237,18.960837,1,13815,1,1,0,0,0,0,0,0,0,0,0,0,0,1
3749,20,54a68e1f36c35796,2.151944,20.0,1,13936,1,0,0,0,1,0,0,0,0,0,0,0,0,1
3750,20,74e310726eb81506,1.616675,19.407307,1,13838,1,1,0,0,1,0,0,0,0,0,0,0,0,0
3751,20,54930fcf028bbf83,1.215763,20.0,1,13839,1,1,0,0,1,0,0,0,0,0,0,0,0,1
3752,20,59e8597eb8510bc2,1.95701,19.672742,1,13572,1,0,0,0,0,0,0,0,0,0,0,0,0,1
3753,20,1b5417e10524238f,1.470229,18.25824,1,13597,1,1,0,0,1,0,0,0,0,0,0,0,0,0
3754,20,dcb79c4e02306239,2.149783,20.0,1,13530,2,1,0,0,1,0,0,0,0,0,0,0,0,1
3755,20,dae612cf29bf49bd,1.615052,20.0,1,13720,1,1,0,0,1,0,0,0,0,0,0,0,0,1
3756,20,2546fedada8ef622,2.256982,20.0,1,13802,1,0,0,0,0,0,0,0,0,0,0,0,0,1
3757,20,d2a50df63c9b5616,1.695586,20.0,1,13638,1,1,0,0,1,0,0,0,0,0,0,0,0,1
3758,20,83face6a670b2da4,1.275105,20.0,1,13800,1,1,0,0,1,0,0,0,0,0,0,0,0,0
3759,20,7e06b106a0b2d4f5,0.957939,18.676112,1,13879,1,1,0,0,0,0,0,0,0,0,0,0,0,1
3760,20,c2457231479bfd70,1.763317,17.509509,1,13669,1,0,0,0,1,0,0,0,0,0,0,0,0,0
3761,20,1a6590a125520d25,1.326039,20.0,1,13550,1,1,0,0,1,0,0,0,0,0,0,0,0,1
3762,20,362145e99fc73f9d,0.996204,18.600562,1,13769,1,1,0,0,1,0,0,0,0,0,0,0,0,0
3763,20,0354fa75e9fe3156,1.792064,17.452751,1,13525,1,0,0,0,0,0,0,0,0,0,0,0,0,1
3764,20,895b5a48e1ff1826,1.346311,16.590444,1,13693,1,1,0,0,1,0,0,0,0,0,0,0,0,0
3765,20,408ede27127609df,1.012445,15.956752,1,13500,1,1,0,0,0,0,0,0,0,0,0,0,0,1
3766,20,d7548dceee1758cd,1.804265,15.466556,1,13657,1,0,0,0,1,0,0,0,0,0,0,0,0,0
3767,20,0913a9657e8b9035,1.355477,18.577134,1,13680,1,1,0,0,1,0,0,0,0,0,0,0,0,1
3768,20,b7ae6319a246987c,1.019338,17.450771,1,13542,1,1,0,0,1,0,0,0,0,0,0,0,0,0
3769,20,a3df570f6defa90e,0.765791,20.0,1,13820,1,1,0,0,1,0,0,0,0,0,0,0,0,1
3770,20,7d62a69f67668573,1.618963,15.076189,0,13452,1,0,0,0,0,0,0,0,0,0,0,0,0,0
3771,20,a6184ac53f5421ca,1.216267,18.283866,1,13901,1,1,0,0,1,0,0,0,0,0,0,0,0,1
3772,20,207c9d2f36caef47,0.91465,13.749728,0,13573,1,1,0,0,0,0,0,0,0,0,0,0,0,0
3773,20,97e45f13e38ba86e,1.730796,17.287346,1,13775,1,0,0,0,1,0,0,0,0,0,0,0,0,1
3774,20,81c0f8dea6ff765f,1.300282,16.466181,1,13894,1,1,0,0,1,0,0,0,0,0,0,0,0,0
3775,20,6cb4fbf1315fca23,2.021981,19.343806,1,13748,2,1,0,0,1,0,0,0,0,0,0,0,0,1
3776,20,0625da98fbaf99f3,2.562692,18.011123,1,13903,1,0,0,0,0,0,0,0,0,0,0,0,0,1
3777,20,bcfc3a26599ce631,1.925255,20.0,1,13794,1,1,0,0,1,0,0,0,0,0,0,0,0,1
3778,20,7dd9042445e3fe32,1.446372,20.0,1,13921,1,1,0,0,1,0,0,0,0,0,0,0,0,1
3779,20,f1bd783ed3a3753e,3.175993,20.0,1,13832,2,0,0,0,0,0,0,0,0,0,0,0,0,1
3780,20,d023846184d77be4,2.386005,18.720554,1,13751,1,1,0,0,1,0,0,0,0,0,0,0,0,0
3781,20,e86440cb5d43de1a,1.792516,20.0,1,13758,1,1,0,0,1,0,0,0,0,0,0,0,0,1
3782,20,7f3cea37fa417c3f,1.347998,19.289151,1,13684,1,1,0,0,1,0,0,0,0,0,0,0,0,0
3783,20,dfabbf592f77c42a,2.056354,17.970062,1,13645,1,0,0,0,0,0,0,0,0,0,0,0,0,1
3784,20,7d1b0d0b744cf683,2.588515,20.0,1,13962,2,1,0,0,1,0,0,0,0,0,0,0,0,1
3785,20,f6162da659a9e045,1.944655,20.0,1,13844,1,1,0,0,1,0,0,0,0,0,0,0,0,1
3786,20,077d6b1964b1e91d,1.462408,20.0,1,14030,1,1,0,0,1,0,0,0,0,0,0,0,0,1
3787,20,acea9cfb5184bec2,2.142306,20.0,1,13997,1,0,0,0,0,0,0,0,0,0,0,0,0,1
3788,20,3e0e85d85a91379e,2.653088,19.49744,1,14149,2,1,0,0,1,0,0,0,0,0,0,0,0,0
3789,20,b6a1a549d91013ab,1.99516,20.0,1,13901,1,1,0,0,1,0,0,0,0,0,0,0,0,1
3790,20,50679186badecdab,1.498889,20.0,1,14178,1,1,0,0,1,0,0,0,0,0,0,0,0,1
3791,20,0db762e8e2c55ca8,2.169713,17.431177,0,14228,1,0,0,0,0,0,0,0,0,0,0,0,0,0
3792,20,aed65695d4a0a50b,1.630024,20.0,1,14171,1,1,0,0,1,0,0,0,0,0,0,0,0,1
3793,20,538a8f5c055f7e63,1.225801,18.560704,1,14114,1,1,0,0,1,0,0,0,0,0,0,0,0,0
3794,20,bb9cfc40807705c8,0.920899,20.0,1,14123,1,1,0,0,1,0,0,0,0,0,0,0,0,1
3795,20,7dbe7209e90c6256,0.691837,19.181475,1,14252,1,1,0,0,0,0,0,0,0,0,0,0,0,1
3796,20,131b1e355591d43a,1.564422,17.905244,1,14271,1,0,0,0,1,0,0,0,0,0,0,0,0,0
3797,20,22b2386469d76d70,2.218945,20.0,1,14165,2,1,0,0,1,0,0,0,0,0,0,0,0,1
3798,20,3e87af46d42e752d,1.66701,18.811536,1,14358,0,0,0,0,0,0,0,0,0,0,0,0,0,1
3799,20,1425408a3fd59623,1.252363,17.611248,1,14502,1,1,0,0,1,0,0,0,0,0,0,0,0,0
3800,20,b23eef505d75d4be,1.985945,20.0,1,14723,2,1,0,0,1,0,0,0,0,0,0,0,0,1
3801,20,ed016399fe55aa5d,1.491966,20.0,1,14786,1,1,0,0,1,0,0,0,0,0,0,0,0,1
3802,20,cca435cf02ba5de8,2.164512,20.0,1,14830,1,0,0,0,0,0,0,0,0,0,0,0,0,1
3803,20,2d354fd8f6f51ed9,1.627744,20.0,1,14747,1,1,0,0,1,0,0,0,0,0,0,0,0,1
3804,20,d8419ad3b643d81d,1.222863,16.590585,0,14666,1,1,0,0,0,0,0,0,0,0,0,0,0,0
3805,20,f75c9557093c0148,3.005998,19.421576,1,14594,2,0,0,0,1,0,0,0,0,0,0,0,0,1
3806,20,dc3ebe85ede7a9e2,2.258294,18.069548,1,14833,1,1,0,0,0,0,0,0,0,0,0,0,0,1
3807,20,c89a61001410183a,2.74242,20.0,1,14686,1,0,0,0,1,0,0,0,0,0,0,0,0,1
3808,20,6a6d312c77a9fe8e,3.103931,20.0,1,14673,2,1,0,0,1,0,0,0,0,0,0,0,0,1
3809,20,c2fab97f40167c66,3.375521,20.0,1,14703,1,0,0,0,0,0,0,0,0,0,0,0,0,1
3810,20,a6a3125414c42f3c,2.53844,20.0,1,14707,1,1,0,0,1,0,0,0,0,0,0,0,0,1
3811,20,aea3ce58d5078903,1.907035,20.0,1,14532,1,1,0,0,1,0,0,0,0,0,0,0,0,0
3812,20,9efeaae3c2c4d644,1.432684,20.0,1,14602,1,1,0,0,1,0,0,0,0,0,0,0,0,1
3813,20,2d6d8f0cf2cc2b6d,1.076322,16.616172,0,14381,1,1,0,0,0,0,0,0,0,0,0,0,0,0
3814,20,d3867643d57d8110,2.89771,19.456602,1,14345,2,0,0,0,1,0,0,0,0,0,0,0,0,1
3815,20,749d1b8aabee65b9,2.176941,20.0,1,14285,1,1,0,0,1,0,0,0,0,0,0,0,0,1
3816,20,52ce7b3c72646e88,1.635455,20.0,1,14239,1,1,0,0,1,0,0,0,0,0,0,0,0,1
3817,20,9416c3e0bcaa5a89,2.274036,17.421132,0,14178,1,0,0,0,0,0,0,0,0,0,0,0,0,0
3818,20,5fd7c08e3d608250,1.708398,20.0,1,14449,1,1,0,0,1,0,0,0,0,0,0,0,0,1
3819,20,ef119a8b81e9ece7,1.283456,20.0,1,14329,1,1,0,0,1,0,0,0,0,0,0,0,0,1
3820,20,f2b316b080950a72,2.007866,20.0,1,14241,2,1,0,0,1,0,0,0,0,0,0,0,0,0
3821,20,66cc977ce6542456,2.554094,18.535455,1,14112,1,0,0,0,0,0,0,0,0,0,0,0,0,1
3822,20,dbca66b99946930c,1.918795,20.0,1,14235,1,1,0,0,1,0,0,0,0,0,0,0,0,1
3823,20,49a5876e1ccb7da8,1.441519,19.167224,1,14240,1,1,0,0,1,0,0,0,0,0,0,0,0,0
3824,20,9ab0d2ad5060c560,1.084043,20.0,1,14078,1,1,0,0,1,0,0,0,0,0,0,0,0,1
3825,20,db08f0a98d226fae,2.901708,19.537105,1,14039,2,0,0,0,0,0,0,0,0,0,0,0,0,1
3826,20,00e7d1693420bc27,2.179945,20.0,1,14148,1,1,0,0,1,0,0,0,0,0,0,0,0,1
3827,21,1fd48474a6be9a50,1.637711,19.732551,1,13897,1,1,0,0,1,0,0,0,0,0,0,0,0,0
3828,21,0b198662efcfc49a,2.275732,18.319661,1,14162,1,0,0,0,0,0,0,0,0,0,0,0,0,1
3829,21,fcbdd03152747088,1.709673,17.241721,1,14318,1,1,0,0,1,0,0,0,0,0,0,0,0,0
3830,21,c7b8a2a9fab59ea4,1.284413,19.91075,1,14164,1,1,0,0,1,0,0,0,0,0,0,0,0,1
3831,21,241e6acbb414e8f5,2.010048,14.973167,0,14351,1,0,0,0,0,0,0,0,0,0,0,0,0,0
3832,21,fc64a472a0076c97,1.510074,18.20647,1,14056,1,1,0,0,1,0,0,0,0,0,0,0,0,1
3833,21,1e870741cfb1004d,1.134462,13.67784,0,14231,1,1,0,0,0,0,0,0,0,0,0,0,0,0
3834,21,bf57db00a494f005,1.895932,17.233339,1,14143,1,0,0,0,1,0,0,0,0,0,0,0,0,1
3835,21,b9cebc1ba6e23f90,1.425768,19.92072,1,14057,1,1,0,0,1,0,0,0,0,0,0,0,0,1
3836,21,e665c14bbc29de1b,1.071126,14.965692,0,14086,1,1,0,0,0,0,0,0,0,0,0,0,0,0
3837,21,e769dc1986223560,1.84835,18.200854,1,14204,1,0,0,0,1,0,0,0,0,0,0,0,0,1
3838,21,1dc6f86b0f28f527,2.434136,20.0,1,14080,2,1,0,0,1,0,0,0,0,0,0,0,0,1
3839,21,83171efae161e4f9,1.828676,20.0,1,14169,1,1,0,0,1,0,0,0,0,0,0,0,0,1
3840,21,d0f092e334d1b579,1.373816,20.0,1,14132,1,1,0,0,0,0,0,0,0,0,0,0,0,1
3841,21,3c72e9f66e532470,2.07575,18.774331,1,14024,1,0,0,0,1,0,0,0,0,0,0,0,0,0
3842,21,1fdd04fc4bd3a35e,1.560993,20.0,1,13909,1,1,0,0,1,0,0,0,0,0,0,0,0,1
3843,21,1ea3379f3547fd92,2.216369,20.0,1,13995,2,1,0,0,1,0,0,0,0,0,0,0,0,1
3844,21,f2433026cfae9a47,1.665075,20.0,1,14013,1,1,0,0,1,0,0,0,0,0,0,0,0,1
3845,21,d0cc26dd4ca1a8f2,1.25216,18.109973,0,14004,1,1,0,0,0,0,0,0,0,0,0,0,0,0
3846,21,38a3c7ee0e61cf29,1.984355,20.0,1,13999,1,0,0,0,1,0,0,0,0,0,0,0,0,1
3847,21,e64373de38c1d3e1,1.490771,18.927084,1,13850,1,1,0,0,1,0,0,0,0,0,0,0,0,0
3848,21,7addd6445d78c1a4,1.119961,20.0,1,13945,1,1,0,0,1,0,0,0,0,0,0,0,0,1
3849,21,32a2c7ad3446fe7a,0.842227,19.405832,1,13779,1,1,0,0,0,0,0,0,0,0,0,0,0,1
3850,21,c2ddba3954d1d184,1.676387,18.057721,1,13954,1,0,0,0,1,0,0,0,0,0,0,0,0,0
3851,21,6665faed5439f816,1.259407,20.0,1,13963,1,1,0,0,1,0,0,0,0,0,0,0,0,1
3852,21,e2ced52540714a46,1.991242,20.0,1,13787,2,1,0,0,1,0,0,0,0,0,0,0,0,1
3853,21,609fe1b042bd7177,1.495946,20.0,1,13721,1,1,0,0,1,0,0,0,0,0,0,0,0,1
3854,21,a841332a0fc6c3b7,2.167502,17.86679,0,13972,1,0,0,0,0,0,0,0,0,0,0,0,0,0
3855,21,55f4672a66ea5f47,0.58471,16.901496,1,13872,0,1,0,0,1,0,0,0,0,0,0,0,0,0
3856,21,c0bd9a34ec0d85ea,1.48386,19.671169,1,13992,2,1,0,0,1,0,0,0,0,0,0,0,0,1
3857,21,aabefe6d1a5d48da,1.114769,14.778214,0,13808,0,0,0,0,0,0,0,0,0,0,0,0,0,0
3858,21,3a430dc208632016,0.837484,18.060009,1,13850,1,1,0,0,1,0,0,0,0,0,0,0,0,1
3859,21,80aa2168e796d8f4,0.6298,17.061886,1,13750,1,1,0,0,1,0,0,0,0,0,0,0,0,0
3860,21,f7ccb287b0e2aba7,2.560452,16.296801,1,14001,2,0,0,0,0,0,0,0,0,0,0,0,0,1
3861,21,2112fa62c82cb6c3,1.923572,19.200867,1,13903,1,1,0,0,1,0,0,0,0,0,0,0,0,1
3862,21,542d2ce96e80afc1,1.445108,20.0,1,13970,1,1,0,0,1,0,0,0,0,0,0,0,0,1
3863,21,6e60a9a40289d397,2.130892,16.080007,0,13840,1,0,0,0,0,0,0,0,0,0,0,0,0,0
3864,21,0d28e31d51bf6ee7,2.644513,19.037997,1,14016,2,1,0,0,1,0,0,0,0,0,0,0,0,1
3865,21,1cc2b0b192026c8b,1.986724,20.0,1,13835,1,1,0,0,1,0,0,0,0,0,0,0,0,1
3866,21,7d01ae1e8db8a382,2.538195,19.468494,1,13981,1,0,0,0,0,0,0,0,0,0,0,0,0,1
3867,21,ae8f6f48ea3451f4,1.906851,18.104796,1,14154,1,1,0,0,1,0,0,0,0,0,0,0,0,0
3868,21,53b3d64cb235b86c,1.432546,20.0,1,13796,1,1,0,0,1,0,0,0,0,0,0,0,0,1
3869,21,c72ded44d387faec,2.119872,18.924162,1,13943,2,1,0,0,0,0,0,0,0,0,0,0,0,1
3870,21,98cc1398a152d783,2.638324,20.0,1,13899,1,0,0,0,1,0,0,0,0,0,0,0,0,1
3871,21,4a2943a0ae4c6ac0,1.982074,19.399784,1,14010,1,1,0,0,1,0,0,0,0,0,0,0,0,0
3872,21,e6cf52e807b341f2,1.489058,20.0,1,13885,1,1,0,0,1,0,0,0,0,0,0,0,0,1
3873,21,e0ac56dff56b6402,1.119793,20.0,1,13902,1,1,0,0,1,0,0,0,0,0,0,0,0,1
3874,21,b2139f9cf510519a,1.884912,17.394277,0,14137,1,0,0,0,0,0,0,0,0,0,0,0,0,0
3875,21,07b23dae0886b303,1.416064,20.0,1,13880,1,1,0,0,1,0,0,0,0,0,0,0,0,1
3876,21,495cbbb5cbb37cdd,2.107489,20.0,1,14091,2,1,0,0,1,0,0,0,0,0,0,0,0,1
3877,21,9b4dafa46793fdff,1.584862,20.0,1,13980,1,1,0,0,1,0,0,0,0,0,0,0,0,0
3878,21,620bd23daf4bf83f,2.234301,18.523865,1,13876,1,0,0,0,0,0,0,0,0,0,0,0,0,1
3879,21,91efb63a31f48e3d,1.678547,20.0,1,14101,1,1,0,0,1,0,0,0,0,0,0,0,0,1
3880,21,da56ec8f83f624b7,1.262291,20.0,1,13906,1,1,0,0,1,0,0,0,0,0,0,0,0,1
3881,21,e81d6c7c63fe7312,0.948312,20.0,1,14077,1,1,0,0,1,0,0,0,0,0,0,0,0,0
3882,21,991343d40aba475d,0.712431,18.880744,1,13980,1,1,0,0,0,0,0,0,0,0,0,0,0,1
3883,21,fa22d01f031baa44,1.578876,17.663242,1,14036,1,0,0,0,1,0,0,0,0,0,0,0,0,0
3884,21,1aadfdf4740874b4,1.187338,20.0,1,14048,1,1,0,0,1,0,0,0,0,0,0,0,0,1
3885,21,123eaaf2169f668d,0.892002,18.687415,1,15103,1,1,0,0,1,0,0,0,0,0,0,0,0,0
3886,21,6117fd295799ba96,1.713781,17.518001,1,15314,1,0,0,0,0,0,0,0,0,0,0,0,0,1
3887,21,46ef0ecc32a249d7,1.288788,16.654288,1,15047,1,1,0,0,1,0,0,0,0,0,0,0,0,0
3888,21,356e5d139d72e1a1,0.968218,19.469433,1,14907,1,1,0,0,1,0,0,0,0,0,0,0,0,1
3889,21,20d5dec605056435,1.77104,14.626657,0,15100,1,0,0,0,0,0,0,0,0,0,0,0,0,0
3890,21,da85375312ee3030,1.330516,17.94615,1,17126,1,1,0,0,1,0,0,0,0,0,0,0,0,1
3891,21,4cf16eb81968a51a,1.000567,16.976262,1,17165,1,1,0,0,1,0,0,0,0,0,0,0,0,0
3892,21,5ebc7d620bd82bcc,1.795342,16.232476,1,17020,1,0,0,0,0,0,0,0,0,0,0,0,0,1
3893,21,d2fbf53c1c574ac9,2.392427,19.152541,1,16989,2,1,0,0,1,0,0,0,0,0,0,0,0,1
3894,21,f5bb0f581fd44584,2.843289,17.883486,1,17001,1,0,0,0,0,0,0,0,0,0,0,0,0,1
3895,21,c911a67ab2222316,2.136057,20.0,1,16833,1,1,0,0,1,0,0,0,0,0,0,0,0,1
3896,21,71bba3c21874ddd7,1.60474,18.799255,1,16692,1,1,0,0,1,0,0,0,0,0,0,0,0,0
3897,21,d36293c4e6fe2c5a,3.292888,17.602022,1,16607,2,0,0,0,0,0,0,0,0,0,0,0,0,1
3898,21,ad07164deda2898a,2.476299,20.0,1,15941,1,1,0,0,1,0,0,0,0,0,0,0,0,1
3899,21,ba3f9ff887dcea54,1.86035,20.0,1,15886,1,1,0,0,1,0,0,0,0,0,0,0,0,1
3900,21,e60cbb3b9ddc6c0d,2.441265,20.0,1,15942,2,1,0,0,0,0,0,0,0,0,0,0,0,1
3901,21,bbf2a9abe5e96fb0,2.880017,20.0,1,15792,1,0,0,0,1,0,0,0,0,0,0,0,0,1
3902,21,04ce30f7c5f62dd6,3.207302,20.0,1,14678,2,1,0,0,1,0,0,0,0,0,0,0,0,1
3903,21,ab27c423b1912c59,2.409526,20.0,1,13656,1,1,0,0,1,0,0,0,0,0,0,0,0,1
3904,21,86c5ef81418af334,1.810187,20.0,1,13978,1,1,0,0,1,0,0,0,0,0,0,0,0,1
3905,21,3988ecbb5b8864fb,1.361286,20.0,1,13938,1,1,0,0,1,0,0,0,0,0,0,0,0,0
3906,21,deed21d630410e3d,2.066337,20.0,1,13994,1,0,0,0,0,0,0,0,0,0,0,0,0,1
3907,21,a1f5cb1235383d72,1.552362,18.868782,1,13623,1,1,0,0,1,0,0,0,0,0,0,0,0,0
3908,21,2959b75edaba204a,2.211549,17.670095,1,13952,1,0,0,0,0,0,0,0,0,0,0,0,0,1
3909,21,2991d35cd7607fb6,2.705107,20.0,1,13950,2,1,0,0,1,0,0,0,0,0,0,0,0,1
3910,21,ee5e61d844b8a5e7,2.032246,20.0,1,13868,1,1,0,0,1,0,0,0,0,0,0,0,0,1
3911,21,8591d4e342e8ce8b,1.52675,20.0,1,13869,1,1,0,0,1,0,0,0,0,0,0,0,0,0
3912,21,1fb1f319354acd1c,2.192289,18.61484,1,13965,1,0,0,0,0,0,0,0,0,0,0,0,0,1
3913,21,86dc83bc1d05e38e,1.646984,17.463478,1,13884,1,1,0,0,1,0,0,0,0,0,0,0,0,0
3914,21,16a04af76f08a30a,1.237318,20.0,1,14024,1,1,0,0,1,0,0,0,0,0,0,0,0,1
3915,21,b27aede1e93acf19,0.930481,18.578953,1,13986,1,1,0,0,1,0,0,0,0,0,0,0,0,0
3916,21,df8a47ac17b895cd,1.742689,17.436517,1,14159,1,0,0,0,0,0,0,0,0,0,0,0,0,1
3917,21,b9d6cf45fd800f6f,2.35287,20.0,1,14519,2,1,0,0,1,0,0,0,0,0,0,0,0,1
3918,21,62199122c780c4ee,1.767623,20.0,1,14007,1,1,0,0,1,0,0,0,0,0,0,0,0,1
3919,21,2aee4b476bbf7fff,2.373429,20.0,1,14090,1,0,0,0,0,0,0,0,0,0,0,0,0,1
3920,21,5779dc931f7dd903,1.783068,18.537334,1,14169,1,1,0,0,1,0,0,0,0,0,0,0,0,0
3921,21,ed35bdc2708ca9d3,2.383206,17.405251,1,14118,1,0,0,0,0,0,0,0,0,0,0,0,0,1
3922,21,c1645d3fc9e09df2,1.792205,16.569498,1,13961,1,1,0,0,1,0,0,0,0,0,0,0,0,0
3923,21,dd726a35e0339f24,1.346416,19.405734,1,14161,1,1,0,0,1,0,0,0,0,0,0,0,0,1
3924,21,44c0a2f07465e6cf,2.055166,14.578802,0,13945,1,0,0,0,0,0,0,0,0,0,0,0,0,0
3925,21,c35a70b87df4af64,2.587622,17.910198,1,14006,2,1,0,0,1,0,0,0,0,0,0,0,0,1
3926,21,59147bdc1e63f399,1.945929,20.0,1,13835,1,1,0,0,1,0,0,0,0,0,0,0,0,1
3927,21,08e87b316d0cfad1,2.505557,18.826935,1,13926,1,0,0,0,0,0,0,0,0,0,0,0,0,1
3928,21,b327c2e66b8161f5,1.882331,17.622817,1,13950,1,1,0,0,1,0,0,0,0,0,0,0,0,0
3929,21,38618be9121d096a,1.41554,16.733111,1,13789,1,1,0,0,0,0,0,0,0,0,0,0,0,1
3930,21,e6fae64d01226473,2.107096,16.049806,1,13900,1,0,0,0,1,0,0,0,0,0,0,0,0,0
3931,21,68c6a3aa9f8feb8e,1.582982,19.015308,1,14002,1,1,0,0,1,0,0,0,0,0,0,0,0,1
3932,21,7e7efed3c3ac81ed,1.189235,17.764335,1,14124,1,1,0,0,0,0,0,0,0,0,0,0,0,1
3933,21,986224f25541b263,2.982623,16.839534,1,13967,2,0,0,0,1,0,0,0,0,0,0,0,0,0
3934,21,022b2005125db237,2.240733,19.608602,1,14101,1,1,0,0,1,0,0,0,0,0,0,0,0,1
3935,21,821a08893dea2f8f,2.727032,18.210054,1,14234,1,0,0,0,0,0,0,0,0,0,0,0,0,1
3936,21,8ff00e64d17b544f,2.050767,17.174722,1,13976,1,1,0,0,1,0,0,0,0,0,0,0,0,0
3937,21,09643efa239b2845,2.584318,19.860416,1,14024,2,1,0,0,1,0,0,0,0,0,0,0,0,1
3938,21,170c58bc34cf0221,1.941502,20.0,1,14101,1,1,0,0,1,0,0,0,0,0,0,0,0,1
3939,21,fba90f0a5101d335,2.502231,19.915026,1,14084,1,0,0,0,0,0,0,0,0,0,0,0,0,1
3940,21,1bcdd0e2d0def9e9,1.881713,20.0,1,14053,1,1,0,0,1,0,0,0,0,0,0,0,0,1
3941,21,545b127739e28ce4,1.413661,19.959583,1,14174,1,1,0,0,1,0,0,0,0,0,0,0,0,0
3942,21,ed1f0c789ad9009e,1.062031,20.0,1,14092,1,1,0,0,1,0,0,0,0,0,0,0,0,1
3943,21,fc1575f88b86660f,1.842813,16.508651,0,13939,1,0,0,0,0,0,0,0,0,0,0,0,0,0
3944,21,834d234a431d574f,1.384436,19.360022,1,14317,1,1,0,0,1,0,0,0,0,0,0,0,0,1
3945,21,669e1c806ba86206,1.040075,18.023305,1,14202,1,1,0,0,1,0,0,0,0,0,0,0,0,0
3946,21,8c90821dc7fe5a75,0.78137,20.0,1,14506,1,1,0,0,1,0,0,0,0,0,0,0,0,1
3947,21,72add8a024647f18,0.587601,18.895233,1,14687,1,1,0,0,1,0,0,0,0,0,0,0,0,0
3948,21,936c440833b029a0,1.485096,17.674127,1,14454,1,0,0,0,0,0,0,0,0,0,0,0,0,1
3949,21,2e0b339ee5e3a8d4,2.159351,20.0,1,14479,2,1,0,0,1,0,0,0,0,0,0,0,0,1
3950,21,417c7fee035958f0,2.668013,18.697961,1,14443,1,0,0,0,0,0,0,0,0,0,0,0,0,1
3951,21,01772bd72149e2cf,2.004378,17.525924,1,14468,1,1,0,0,1,0,0,0,0,0,0,0,0,0
3952,21,9539d49ded554990,1.505815,20.0,1,14558,1,1,0,0,1,0,0,0,0,0,0,0,0,1
3953,21,8ef3a6706706211e,2.174916,18.597449,1,14331,1,0,0,0,0,0,0,0,0,0,0,0,0,1
3954,21,4b80f963f71508f3,2.679718,20.0,1,14137,2,1,0,0,1,0,0,0,0,0,0,0,0,1
3955,21,aec59ed4d31fee1b,3.056825,15.73636,0,15450,1,0,0,0,0,0,0,0,0,0,0,0,0,0
3956,21,a99bacab0767208c,2.296479,18.779828,1,15331,1,1,0,0,1,0,0,0,0,0,0,0,0,1
3957,21,b8ae364e0f1aed30,1.726985,17.6032,1,15390,1,1,0,0,1,0,0,0,0,0,0,0,0,0
3958,21,36b8025f09d35b56,1.297419,20.0,1,17078,1,1,0,0,1,0,0,0,0,0,0,0,0,1
3959,21,c8742fd9e03b2777,3.062009,18.641063,1,17273,2,0,0,0,0,0,0,0,0,0,0,0,0,1
3960,21,98ddab5817b1d713,2.300373,20.0,1,17009,1,1,0,0,1,0,0,0,0,0,0,0,0,1
3961,21,4c7b65d79e232edc,1.729913,20.0,1,16899,1,1,0,0,1,0,0,0,0,0,0,0,0,1
3962,21,908134ad044e5172,3.386926,20.0,1,16718,2,0,0,0,0,0,0,0,0,0,0,0,0,1
3963,21,967bcba4c6633c70,2.544471,18.918114,1,16634,1,1,0,0,1,0,0,0,0,0,0,0,0,0
3964,21,dbf7714c5ee78473,1.913478,20.0,1,16489,1,1,0,0,1,0,0,0,0,0,0,0,0,1
3965,21,88a7493d512e0326,3.524831,19.396367,1,16524,2,0,0,0,0,0,0,0,0,0,0,0,0,1
3966,21,17ceec02c53deede,2.648074,18.05061,1,16274,1,1,0,0,1,0,0,0,0,0,0,0,0,0
3967,21,577ab13c609f5188,3.033052,20.0,1,16469,2,1,0,0,1,0,0,0,0,0,0,0,0,1
3968,21,1fbc5f33efdeb256,2.280899,20.0,1,16315,1,1,0,0,1,0,0,0,0,0,0,0,0,1
3969,21,e8237096bc5f4b0b,1.713554,20.0,1,16227,1,1,0,0,0,0,0,0,0,0,0,0,0,1
3970,21,ff34691748c7729e,3.374636,20.0,1,14752,2,0,0,0,1,0,0,0,0,0,0,0,0,1
3971,21,d3e65748f2f88ce6,2.537774,20.0,1,13268,1,1,0,0,1,0,0,0,0,0,0,0,0,1
3972,21,a2a46d8193a81223,1.906535,20.0,1,13646,1,1,0,0,1,0,0,0,0,0,0,0,0,0
3973,21,0b28882ff89874c7,1.432308,20.0,1,13580,1,1,0,0,1,0,0,0,0,0,0,0,0,1
3974,21,cbe08c477f1df244,2.119693,17.22351,0,13616,1,0,0,0,0,0,0,0,0,0,0,0,0,0
3975,21,1b55439968875d27,1.594039,19.913328,1,13397,1,1,0,0,1,0,0,0,0,0,0,0,0,1
3976,21,846fdcdfc927d857,1.197542,14.960139,0,13518,1,1,0,0,0,0,0,0,0,0,0,0,0,0
3977,21,014d6a361ac71f9c,1.943322,18.196682,1,13532,1,0,0,0,1,0,0,0,0,0,0,0,0,1
3978,21,980f0a9caf569835,1.461406,20.0,1,13358,1,1,0,0,1,0,0,0,0,0,0,0,0,1
3979,21,cafd9468e8ebb074,3.185206,15.509943,0,13403,2,0,0,0,0,0,0,0,0,0,0,0,0,0
3980,21,b7fe82076aa6e0c5,2.392926,18.609729,1,13366,1,1,0,0,1,0,0,0,0,0,0,0,0,1
3981,21,145c4f8ab4946f9a,2.84137,17.459638,1,13604,1,0,0,0,0,0,0,0,0,0,0,0,0,1
3982,21,06384c266334e050,2.13675,16.610399,1,13533,1,1,0,0,1,0,0,0,0,0,0,0,0,0
3983,21,2f898baa6f4e09c2,2.648914,15.957616,1,13465,1,0,0,0,0,0,0,0,0,0,0,0,0,1
3984,21,723390eb54274ca2,1.99003,15.467205,1,13484,1,1,0,0,1,0,0,0,0,0,0,0,0,0
3985,21,5fe2df66af016149,3.584832,15.11206,1,13265,2,0,0,0,0,0,0,0,0,0,0,0,0,1
3986,21,82231884aecd0e85,2.69315,18.310815,1,13366,1,1,0,0,1,0,0,0,0,0,0,0,0,1
3987,21,dc93d9702f0009f6,2.023263,17.235075,1,13414,1,1,0,0,1,0,0,0,0,0,0,0,0,0
3988,21,7395355d45a0bb0e,2.563655,16.426912,1,13729,1,0,0,0,0,0,0,0,0,0,0,0,0,1
3989,21,9a7862ea03640c42,1.927905,15.833774,1,13650,1,1,0,0,1,0,0,0,0,0,0,0,0,0
3990,21,f37369e91464dd45,2.492017,18.853011,1,13810,2,1,0,0,1,0,0,0,0,0,0,0,0,1
3991,21,e57beee0ffe93c28,1.872159,20.0,1,13763,1,1,0,0,1,0,0,0,0,0,0,0,0,1
3992,21,5bbdac573a3dc3af,2.452041,19.363984,1,13676,1,0,0,0,0,0,0,0,0,0,0,0,0,1
3993,21,d54f8db4f77e5991,1.842126,18.026282,1,13656,1,1,0,0,1,0,0,0,0,0,0,0,0,0
3994,21,f2267f3cfa05aab7,1.383921,20.0,1,13955,1,1,0,0,1,0,0,0,0,0,0,0,0,1
3995,21,09a5453af4ad8877,2.083341,15.401004,0,13637,1,0,0,0,0,0,0,0,0,0,0,0,0,0
3996,21,d618ecdb677ae3fe,1.566702,18.542778,1,13537,1,1,0,0,1,0,0,0,0,0,0,0,0,1
3997,21,fb6317912c95b5f9,1.177005,17.409341,1,13469,1,1,0,0,1,0,0,0,0,0,0,0,0,0
3998,21,7445909611d7b953,0.88424,20.0,1,13276,1,1,0,0,1,0,0,0,0,0,0,0,0,1
3999,21,ab17cbd47b0dc36d,0.664961,15.067866,0,13052,1,1,0,0,0,0,0,0,0,0,0,0,0,0
4000,21,778e344c572d7d76,1.543214,18.277613,1,13121,1,0,0,0,1,0,0,0,0,0,0,0,0,1
4001,21,20c6480230f00b69,2.203012,20.0,1,13491,2,1,0,0,1,0,0,0,0,0,0,0,0,1
4002,21,543415627251d144,1.655041,19.021699,1,13743,1,1,0,0,1,0,0,0,0,0,0,0,0,0
4003,21,5854b9c5d4f31752,2.288765,17.785091,1,13653,1,0,0,0,0,0,0,0,0,0,0,0,0,1
4004,21,67e7d99c2526c539,1.719463,16.840118,1,13695,1,1,0,0,1,0,0,0,0,0,0,0,0,0
4005,21,5097185269927c26,1.291769,19.60904,1,13658,1,1,0,0,1,0,0,0,0,0,0,0,0,1
4006,21,a81176b0af58d362,2.015579,14.746278,0,13912,1,0,0,0,0,0,0,0,0,0,0,0,0,0
4007,21,0029faf799ca861f,1.514229,18.036016,1,13930,1,1,0,0,1,0,0,0,0,0,0,0,0,1
4008,21,209ba2d4972a4a5d,2.181237,13.549785,0,13933,1,0,0,0,0,0,0,0,0,0,0,0,0,0
4009,21,81e534814c0b938e,1.638682,17.137136,1,13983,1,1,0,0,1,0,0,0,0,0,0,0,0,1
4010,21,1dae63a97209d3f8,1.232312,19.848374,1,13797,1,1,0,0,1,0,0,0,0,0,0,0,0,1
4011,21,cc7c4014f200145b,1.969443,14.911341,0,14006,1,0,0,0,0,0,0,0,0,0,0,0,0,0
4012,21,d3b348a72dc19a60,1.479569,18.160022,1,14114,1,1,0,0,1,0,0,0,0,0,0,0,0,1
4013,21,902b970657db6f30,1.112657,13.656596,0,14073,1,1,0,0,0,0,0,0,0,0,0,0,0,0
4014,21,5daaacccef9eca3d,2.923204,17.217379,1,14025,2,0,0,0,1,0,0,0,0,0,0,0,0,1
4015,21,c3b84bd41471b15c,2.196094,19.892462,1,14079,1,1,0,0,1,0,0,0,0,0,0,0,0,1
4016,21,11af85d34c250bda,1.649843,20.0,1,14072,1,1,0,0,1,0,0,0,0,0,0,0,0,1
4017,21,3c1c512c64f923c1,2.284856,16.470731,0,13962,1,0,0,0,0,0,0,0,0,0,0,0,0,0
4018,21,1645d375d64967e3,1.716527,19.331533,1,14002,1,1,0,0,1,0,0,0,0,0,0,0,0,1
4019,21,442efd68f5e5bb27,2.333216,20.0,1,13994,2,1,0,0,1,0,0,0,0,0,0,0,0,1
4020,21,1b8110a34f8adeec,2.798762,19.63433,1,14198,1,0,0,0,0,0,0,0,0,0,0,0,0,1
4021,21,d6e7110133403919,2.102605,20.0,1,13968,1,1,0,0,1,0,0,0,0,0,0,0,0,1
4022,21,ee2e2b7af6a45a11,1.579609,19.787424,1,14194,1,1,0,0,1,0,0,0,0,0,0,0,0,0
4023,21,aca5cd94eafffd42,1.186701,20.0,1,14035,1,1,0,0,1,0,0,0,0,0,0,0,0,1
4024,21,a93ae4d4e62c198f,0.892416,19.89189,1,14021,1,1,0,0,1,0,0,0,0,0,0,0,0,0
4025,21,bb33e62f47b5553f,1.714092,18.422878,1,14043,1,0,0,0,0,0,0,0,0,0,0,0,0,1
4026,21,f42c5b77c9b6970b,2.331387,20.0,1,14115,2,1,0,0,1,0,0,0,0,0,0,0,0,1
4027,21,e28352119122dc12,1.753236,20.0,1,13974,1,1,0,0,1,0,0,0,0,0,0,0,0,1
4028,21,3a52fe25fc5c9791,1.317141,20.0,1,14152,1,1,0,0,1,0,0,0,0,0,0,0,0,0
4029,21,6cc79514a31e093e,0.989519,20.0,1,13867,1,1,0,0,1,0,0,0,0,0,0,0,0,1
4030,21,7ed678d7b96cd857,1.787042,16.773732,0,14082,1,0,0,0,0,0,0,0,0,0,0,0,0,0
4031,21,8dc8c4874c68e3de,1.343881,19.575089,1,14042,1,1,0,0,1,0,0,0,0,0,0,0,0,1
4032,21,679e2bf0cfdace8c,1.009607,18.184877,1,13920,1,1,0,0,1,0,0,0,0,0,0,0,0,0
4033,21,76737812bf393967,0.75848,20.0,1,14255,1,1,0,0,1,0,0,0,0,0,0,0,0,1
4034,21,b5e8e27448d6c918,0.570388,15.506013,0,13987,1,1,0,0,0,0,0,0,0,0,0,0,0,0
4035,21,b6e89363cab473cf,1.472165,18.606777,1,14066,1,0,0,0,1,0,0,0,0,0,0,0,0,1
4036,21,ce134f89cf306e54,1.105982,17.45742,1,14258,1,1,0,0,1,0,0,0,0,0,0,0,0,0
4037,21,b13d2e7f9aec1ecc,0.830883,20.0,1,14416,1,1,0,0,1,0,0,0,0,0,0,0,0,1
4038,21,33d3a8758625059f,0.624836,18.575531,1,14350,1,1,0,0,0,0,0,0,0,0,0,0,0,1
4039,21,76e9cacc66d895a0,1.513069,17.433946,1,14368,1,0,0,0,1,0,0,0,0,0,0,0,0,0
4040,21,921c060639fd097b,1.136712,20.0,1,14344,1,1,0,0,1,0,0,0,0,0,0,0,0,1
4041,21,5e6c6481a8b14db7,1.898974,20.0,1,14233,2,1,0,0,1,0,0,0,0,0,0,0,0,1
4042,21,76f84a3b8e74ded7,2.470282,20.0,1,14191,1,0,0,0,0,0,0,0,0,0,0,0,0,1
4043,21,385b92ecf115aab8,1.85583,18.533211,1,14116,1,1,0,0,1,0,0,0,0,0,0,0,0,0
4044,21,1e5b5216938791b2,1.394216,20.0,1,14204,1,1,0,0,1,0,0,0,0,0,0,0,0,1
4045,21,de00bcb0c196209d,2.092621,15.702808,0,14169,1,0,0,0,0,0,0,0,0,0,0,0,0,0
4046,21,bf80ee51420ab5c2,1.572108,18.754622,1,14333,1,1,0,0,1,0,0,0,0,0,0,0,0,1
4047,21,84f0ea6d5482cdbe,1.181066,17.568491,1,14326,1,1,0,0,1,0,0,0,0,0,0,0,0,0
4048,21,fec50b5caa58a332,2.976479,16.692257,1,14118,2,0,0,0,0,0,0,0,0,0,0,0,0,1
4049,21,d98c5d5022b25c60,2.236118,19.497958,1,14456,1,1,0,0,1,0,0,0,0,0,0,0,0,1
4050,21,542248df3734ef61,1.679912,18.126931,1,14290,1,1,0,0,1,0,0,0,0,0,0,0,0,0
4051,21,4704292c5fd6de25,1.262055,20.0,1,14267,1,1,0,0,1,0,0,0,0,0,0,0,0,1
4052,21,169d27db67716fa7,0.949083,18.953778,1,14084,1,1,0,0,1,0,0,0,0,0,0,0,0,0
4053,21,925fc02fc91d737c,1.756664,17.718109,1,14109,1,0,0,0,0,0,0,0,0,0,0,0,0,1
4054,21,afbc4f47a939d9d0,1.319716,16.789798,1,14092,1,1,0,0,1,0,0,0,0,0,0,0,0,0
4055,21,c474966a42dbf624,0.992445,19.58717,1,14040,1,1,0,0,1,0,0,0,0,0,0,0,0,1
4056,21,9d9ddd4fa791e5a9,0.745587,18.193953,1,14001,1,1,0,0,1,0,0,0,0,0,0,0,0,0
4057,21,fc5cdca7f36dc678,1.603785,17.147282,1,14045,1,0,0,0,0,0,0,0,0,0,0,0,0,1
4058,21,9189cfb7226d1f72,1.204864,19.839801,1,14061,1,1,0,0,1,0,0,0,0,0,0,0,0,1
4059,21,02a9183d24657790,1.950225,20.0,1,13820,2,1,0,0,1,0,0,0,0,0,0,0,0,1
4060,21,f6218d48d432fc7d,1.465131,20.0,1,13756,1,1,0,0,1,0,0,0,0,0,0,0,0,1
4061,21,2ece02aaf76c0f70,1.100698,20.0,1,13628,1,1,0,0,1,0,0,0,0,0,0,0,0,0
4062,21,89a07fbc252be14d,1.871891,19.314411,1,13490,1,0,0,0,0,0,0,0,0,0,0,0,0,1
4063,21,093995d15b570fee,1.406282,20.0,1,13692,1,1,0,0,1,0,0,0,0,0,0,0,0,1
4064,21,3d7eae4ee0e3749a,1.056487,19.606863,1,13604,1,1,0,0,1,0,0,0,0,0,0,0,0,0
4065,21,029134d3bad39476,1.837353,18.208748,1,13451,1,0,0,0,0,0,0,0,0,0,0,0,0,1
4066,21,29b448664a02fe6e,1.381715,17.17374,1,13372,1,1,0,0,1,0,0,0,0,0,0,0,0,0
4067,21,64dfbbc694f52c5d,2.081684,16.380833,1,13665,1,0,0,0,0,0,0,0,0,0,0,0,0,1
4068,21,107e887906535e3a,1.563892,15.785152,1,13409,1,1,0,0,1,0,0,0,0,0,0,0,0,0
4069,21,5939498da83fa474,1.176069,18.831663,1,13397,1,1,0,0,1,0,0,0,0,0,0,0,0,1
4070,21,721f45d2a86a1471,1.92719,14.147524,0,13424,1,0,0,0,0,0,0,0,0,0,0,0,0,0
4071,21,846787180c793fa0,1.447826,17.586195,1,13406,1,1,0,0,1,0,0,0,0,0,0,0,0,1
4072,21,18b3a0d71ef50c52,2.131351,16.690695,1,13439,1,0,0,0,0,0,0,0,0,0,0,0,0,1
4073,21,1168e10cfeb8f64e,2.646957,19.512644,1,13802,2,1,0,0,1,0,0,0,0,0,0,0,0,1
4074,21,d30da8cd8474b775,3.032213,18.137965,1,13841,1,0,0,0,0,0,0,0,0,0,0,0,0,1
4075,21,35b0bfd67dd7d5f8,2.277988,17.105219,1,13956,1,1,0,0,1,0,0,0,0,0,0,0,0,0
4076,21,91151f461c4479a9,1.71308,19.824372,1,13965,1,1,0,0,1,0,0,0,0,0,0,0,0,1
4077,21,58466a9cf44e9b89,1.286973,18.372154,1,13702,1,1,0,0,1,0,0,0,0,0,0,0,0,0
4078,21,2b457b17d9993fdf,2.010508,17.281157,1,13559,1,0,0,0,0,0,0,0,0,0,0,0,0,1
4079,21,931d7ffba8401036,2.554073,19.940376,1,13380,2,1,0,0,1,0,0,0,0,0,0,0,0,1
4080,21,6a3add2cdc159d57,1.920699,20.0,1,13244,1,1,0,0,1,0,0,0,0,0,0,0,0,1
4081,21,b919959157b1ce9b,2.486603,16.495061,0,13222,1,0,0,0,0,0,0,0,0,0,0,0,0,0
4082,21,0098cddaa87d9d13,1.868092,19.349811,1,13084,1,1,0,0,1,0,0,0,0,0,0,0,0,1
4083,21,bda9a968838cd003,1.404832,20.0,1,13003,1,1,0,0,1,0,0,0,0,0,0,0,0,1
4084,21,79a21c8e974cea3f,2.099051,20.0,1,12866,2,1,0,0,1,0,0,0,0,0,0,0,0,1
4085,21,32102d3a16132a4a,2.620592,17.368518,0,12919,1,0,0,0,0,0,0,0,0,0,0,0,0,0
4086,21,7c37052ee8d55688,1.968753,20.0,1,12745,1,1,0,0,1,0,0,0,0,0,0,0,0,1
4087,21,aaa5fa82918b3a78,1.48053,18.525305,1,12719,1,1,0,0,1,0,0,0,0,0,0,0,0,0
4088,21,239bd6f1215a3eab,2.15592,17.396213,1,13033,1,0,0,0,0,0,0,0,0,0,0,0,0,1
4089,21,7167f29469ee8b05,1.619662,16.547969,1,12946,1,1,0,0,1,0,0,0,0,0,0,0,0,0
4090,21,0fed0ffe7bc90c40,1.218009,19.405312,1,12912,1,1,0,0,1,0,0,0,0,0,0,0,0,1
4091,21,5a24fc10f2bb0831,0.915045,18.05733,1,12960,1,1,0,0,0,0,0,0,0,0,0,0,0,1
4092,21,cbd8738516258554,1.731092,17.044642,1,12849,1,0,0,0,1,0,0,0,0,0,0,0,0,0
4093,21,988a1ac5440fa93c,1.300505,19.762691,1,12835,1,1,0,0,1,0,0,0,0,0,0,0,0,1
4094,21,c0ae3fb2e43c4b26,2.022149,18.342327,1,12755,1,0,0,0,0,0,0,0,0,0,0,0,0,1
4095,21,73709a91f4368256,1.519165,17.258749,1,12493,1,1,0,0,1,0,0,0,0,0,0,0,0,0
4096,21,3bc01ae018542e89,2.184945,16.444698,1,12731,1,0,0,0,0,0,0,0,0,0,0,0,0,1
4097,21,238c8ebca822bad8,1.64311,15.847149,1,12578,1,1,0,0,1,0,0,0,0,0,0,0,0,0
4098,22,1fd48474a6be9a50,2.27806,15.384215,1,14010,1,0,0,0,0,0,0,0,0,0,0,0,0,1
4099,22,0b198662efcfc49a,1.711422,15.03643,1,14141,1,1,0,0,1,0,0,0,0,0,0,0,0,0
4100,22,fcbdd03152747088,1.285727,14.775152,1,14100,1,1,0,0,0,0,0,0,0,0,0,0,0,1
4101,22,c7b8a2a9fab59ea4,2.011036,18.072129,1,14451,1,0,0,0,1,0,0,0,0,0,0,0,0,1
4102,22,241e6acbb414e8f5,1.510816,17.055759,1,14135,1,1,0,0,1,0,0,0,0,0,0,0,0,0
4103,22,fc64a472a0076c97,2.178673,16.292199,1,14170,1,0,0,0,0,0,0,0,0,0,0,0,0,1
4104,22,1e870741cfb1004d,2.682544,19.212969,1,14113,2,1,0,0,1,0,0,0,0,0,0,0,0,1
4105,22,bf57db00a494f005,3.058948,14.433985,0,14093,1,0,0,0,0,0,0,0,0,0,0,0,0,0
4106,22,b9cebc1ba6e23f90,2.298073,17.801403,1,14113,1,1,0,0,1,0,0,0,0,0,0,0,0,1
4107,22,e665c14bbc29de1b,1.726457,20.0,1,14187,1,1,0,0,1,0,0,0,0,0,0,0,0,1
4108,22,e769dc1986223560,2.34247,15.289365,0,14265,1,0,0,0,0,0,0,0,0,0,0,0,0,0
4109,22,1dc6f86b0f28f527,2.803464,18.444018,1,14120,2,1,0,0,1,0,0,0,0,0,0,0,0,1
4110,22,83171efae161e4f9,2.106138,20.0,1,14215,1,1,0,0,1,0,0,0,0,0,0,0,0,1
4111,22,d0f092e334d1b579,2.627996,15.652417,0,14087,1,0,0,0,0,0,0,0,0,0,0,0,0,0
4112,22,3c72e9f66e532470,1.974315,18.716765,1,13991,1,1,0,0,1,0,0,0,0,0,0,0,0,1
4113,22,1fdd04fc4bd3a35e,1.483229,20.0,1,13937,1,1,0,0,1,0,0,0,0,0,0,0,0,1
4114,22,1ea3379f3547fd92,1.114295,19.269554,1,14004,1,1,0,0,1,0,0,0,0,0,0,0,0,0
4115,22,f2433026cfae9a47,1.882116,20.0,1,13918,2,1,0,0,1,0,0,0,0,0,0,0,0,1
4116,22,d0cc26dd4ca1a8f2,2.457617,19.594917,1,14000,1,0,0,0,0,0,0,0,0,0,0,0,0,1
4117,22,b6729060e15ef02e,1.846316,20.0,1,14100,1,1,0,0,1,0,0,0,0,0,0,0,0,1
4118,22,a9cb16cc75c4b873,1.388456,19.783131,1,13790,1,1,0,0,1,0,0,0,0,0,0,0,0,0
4119,22,4518898290c4a533,1.043095,18.341172,1,13893,1,1,0,0,0,0,0,0,0,0,0,0,0,1
4120,22,80c0e74f4af0cefb,2.870945,20.0,1,13894,2,0,0,0,1,0,0,0,0,0,0,0,0,1
4121,22,bd705a496fb2e0e1,2.156834,19.057571,1,13980,1,1,0,0,1,0,0,0,0,0,0,0,0,0
4122,22,40fcbaec993d22c5,1.62197,20.0,1,13723,1,1,0,0,1,0,0,0,0,0,0,0,0,1
4123,22,6cfaf62351220228,1.218525,19.475155,1,13751,1,1,0,0,0,0,0,0,0,0,0,0,0,1
4124,22,6ffb601c36225917,1.959086,18.109801,1,13937,1,0,0,0,1,0,0,0,0,0,0,0,0,0
4125,22,21c423f5186ec4a6,1.47326,20.0,1,13718,1,1,0,0,1,0,0,0,0,0,0,0,0,1
4126,22,1e92837d9f9c6b35,1.106805,18.939703,1,13965,1,1,0,0,1,0,0,0,0,0,0,0,0,0
4127,22,a484f7e3777f763e,1.875155,17.707535,1,13879,1,0,0,0,0,0,0,0,0,0,0,0,0,1
4128,22,2b8db2e0a245ef65,1.408734,20.0,1,13789,1,1,0,0,1,0,0,0,0,0,0,0,0,1
4129,22,eedd707a910b6c58,1.059388,15.236334,0,13741,1,1,0,0,0,0,0,0,0,0,0,0,0,0
4130,22,7855c4c878d03963,1.839532,18.404177,1,13845,1,0,0,0,1,0,0,0,0,0,0,0,0,1
4131,22,4ac3ac39a5bffaf2,2.425625,20.0,1,13999,2,1,0,0,1,0,0,0,0,0,0,0,0,1
4132,22,3503e45cb719c524,2.868255,19.110411,1,13791,1,0,0,0,0,0,0,0,0,0,0,0,0,1
4133,22,19728635701bbdd1,2.154813,20.0,1,14001,1,1,0,0,1,0,0,0,0,0,0,0,0,1
4134,22,08de696c5753574e,2.662484,16.012882,0,13869,1,0,0,0,0,0,0,0,0,0,0,0,0,0
4135,22,15ea42f44e72638e,2.000224,18.987568,1,14005,1,1,0,0,1,0,0,0,0,0,0,0,0,1
4136,22,fb948654a4e052dc,2.548348,14.278922,0,13884,1,0,0,0,0,0,0,0,0,0,0,0,0,0
4137,22,5b6fa7151d644e9d,1.914478,17.684909,1,14093,1,1,0,0,1,0,0,0,0,0,0,0,0,1
4138,22,861722a9c717f578,1.438276,16.764856,1,13945,1,1,0,0,1,0,0,0,0,0,0,0,0,0
4139,22,fe7fd4fd4c1f0693,3.169905,16.087912,1,14008,2,0,0,0,0,0,0,0,0,0,0,0,0,1
4140,22,a6d38debfe395bc8,2.381431,19.043936,1,13974,1,1,0,0,1,0,0,0,0,0,0,0,0,1
4141,22,60bedc5f4028c2ba,1.78908,20.0,1,14087,1,1,0,0,1,0,0,0,0,0,0,0,0,1
4142,22,c34a84ff17dee82a,1.344069,19.454208,1,14105,1,1,0,0,1,0,0,0,0,0,0,0,0,0
4143,22,b2f3511d7f67045a,2.05491,18.110344,1,13866,1,0,0,0,0,0,0,0,0,0,0,0,0,1
4144,22,2633c03039fe89e9,1.543777,17.084469,1,14011,1,1,0,0,1,0,0,0,0,0,0,0,0,0
4145,22,5356d310c52dac1d,1.159782,19.792612,1,13926,1,1,0,0,1,0,0,0,0,0,0,0,0,1
4146,22,d37f389083f245d2,0.872172,20.0,1,13946,1,1,0,0,1,0,0,0,0,0,0,0,0,1
4147,22,537d7b33f3b21bfc,1.698884,16.411579,0,13980,1,0,0,0,0,0,0,0,0,0,0,0,0,0
4148,22,2d38ba07a77452f0,2.319961,20.0,1,14101,2,1,0,0,1,0,0,0,0,0,0,0,0,2
4149,22,a4f4f63adf23d8a2,1.7429,20.0,1,13974,1,1,0,0,1,0,0,0,0,0,0,0,0,0
4150,22,b68274bb31aee2f4,1.310686,20.0,1,13940,1,1,0,0,1,0,0,0,0,0,0,0,0,1
4151,22,38913569dcc38fc9,3.071976,20.0,1,13987,2,0,0,0,0,0,0,0,0,0,0,0,0,1
4152,22,0473a6f2724059fc,2.307861,20.0,1,14058,1,1,0,0,1,0,0,0,0,0,0,0,0,1
4153,22,1afb9d0906887b2d,1.735544,20.0,1,13833,1,1,0,0,1,0,0,0,0,0,0,0,0,0
4154,22,fe8efc374a56e109,2.347503,18.655891,1,13895,1,0,0,0,0,0,0,0,0,0,0,0,0,1
4155,22,2598d74523999559,1.763591,17.494318,1,13820,1,1,0,0,1,0,0,0,0,0,0,0,0,0
4156,22,3b5269f988d74dcc,1.32492,20.0,1,13870,1,1,0,0,1,0,0,0,0,0,0,0,0,1
4157,22,47ed80d18dbbfcfa,2.040509,15.115875,0,14018,1,0,0,0,0,0,0,0,0,0,0,0,0,0
4158,22,3df2d331084a679a,1.532958,18.313681,1,14020,1,1,0,0,1,0,0,0,0,0,0,0,0,1
4159,22,47aa4b37e76a877e,1.151654,13.758384,0,14102,1,1,0,0,0,0,0,0,0,0,0,0,0,0
4160,22,7ca68f6ca6eda39f,1.910211,17.307504,1,14125,1,0,0,0,1,0,0,0,0,0,0,0,0,1
4161,22,7b6095533d006771,1.43507,16.481325,1,14168,1,1,0,0,1,0,0,0,0,0,0,0,0,0
4162,22,47bf3101f0064a09,2.121768,15.860648,1,14092,1,0,0,0,0,0,0,0,0,0,0,0,0,1
4163,22,6b50cca2e439b088,1.594005,18.873201,1,13959,1,1,0,0,1,0,0,0,0,0,0,0,0,1
4164,22,cc1948d83cac9ff7,3.287015,14.192916,0,13993,2,0,0,0,0,0,0,0,0,0,0,0,0,0
4165,22,6a15208ff52c0d0a,2.469412,17.620296,1,13733,1,1,0,0,1,0,0,0,0,0,0,0,0,1
4166,22,6ccb13b6bbd3c8ca,1.855177,20.0,1,13721,1,1,0,0,1,0,0,0,0,0,0,0,0,1
4167,22,e37400449e9344aa,1.395119,20.0,1,13561,1,1,0,0,1,0,0,0,0,0,0,0,0,1
4168,22,d8bee81611767e3a,2.091754,16.639003,0,13561,1,0,0,0,0,0,0,0,0,0,0,0,0,0
4169,22,bb9e0caafabc7e66,2.61511,20.0,1,13453,2,1,0,0,1,0,0,0,0,0,0,0,0,2
4170,22,b4d395bbe4b9e1c4,1.964635,20.0,1,13195,1,1,0,0,1,0,0,0,0,0,0,0,0,0
4171,22,b18b4ffbe064ef5a,2.521584,19.055018,1,13357,1,0,0,0,0,0,0,0,0,0,0,0,0,1
4172,22,fe21c89631371c19,1.894372,17.794167,1,12958,1,1,0,0,1,0,0,0,0,0,0,0,0,0
4173,22,2251997791051f9e,1.423171,20.0,1,13209,1,1,0,0,1,0,0,0,0,0,0,0,0,1
4174,22,459cc0d6745e418f,1.070245,18.765779,1,13065,1,1,0,0,1,0,0,0,0,0,0,0,0,0
4175,22,1ee11bf4fe3d5aea,0.804035,20.0,1,13290,1,1,0,0,1,0,0,0,0,0,0,0,0,1
4176,22,9ab8b009d9a719e5,1.647695,19.297218,1,13452,1,0,0,0,0,0,0,0,0,0,0,0,0,1
4177,22,7650d1e881cbc1dd,1.237851,20.0,1,13631,1,1,0,0,1,0,0,0,0,0,0,0,0,1
4178,22,e259aa49f17ed140,1.975032,19.614943,1,13742,2,1,0,0,1,0,0,0,0,0,0,0,0,0
4179,22,3becb22d35753e16,2.527421,18.214818,1,13788,1,0,0,0,0,0,0,0,0,0,0,0,0,1
4180,22,f519cf54e17c92c7,1.898757,20.0,1,13855,1,1,0,0,1,0,0,0,0,0,0,0,0,1
4181,22,3e8db2a8f341e824,1.427892,19.00343,1,13627,1,1,0,0,1,0,0,0,0,0,0,0,0,0
4182,22,31d0005ca33fdf8d,2.116376,20.0,1,13878,2,1,0,0,1,0,0,0,0,0,0,0,0,1
4183,22,e5f396fd1c65da66,1.589954,20.0,1,13685,1,1,0,0,1,0,0,0,0,0,0,0,0,1
4184,22,620e382a04dad8ed,2.238126,17.21157,0,13649,1,0,0,0,0,0,0,0,0,0,0,0,0,0
4185,22,3479cf7e4b0476cf,1.683103,19.90435,1,13556,1,1,0,0,1,0,0,0,0,0,0,0,0,1
4186,22,f2dde3c873b5b057,1.264452,18.432238,1,13794,1,1,0,0,1,0,0,0,0,0,0,0,0,0
4187,22,bbc0cdc194e74b3e,1.993589,17.326296,1,13657,1,0,0,0,0,0,0,0,0,0,0,0,0,1
4188,22,faf95ba05149ed04,1.499207,19.990625,1,13568,1,1,0,0,1,0,0,0,0,0,0,0,0,1
4189,22,9716ff5d8390ec30,1.126298,18.497054,1,13947,1,1,0,0,1,0,0,0,0,0,0,0,0,0
4190,22,e11b61b1485313b8,0.846146,17.37499,1,13703,1,1,0,0,0,0,0,0,0,0,0,0,0,1
4191,22,8caf794f8499f837,1.679331,16.532025,1,13706,1,0,0,0,1,0,0,0,0,0,0,0,0,0
4192,22,cd7e3550b4f1ce4d,2.307031,19.393322,1,13649,2,1,0,0,1,0,0,0,0,0,0,0,0,1
4193,22,a7d1d2fa4ee7dc63,2.77684,18.048322,1,13777,1,0,0,0,0,0,0,0,0,0,0,0,0,1
4194,22,ca69716715591064,2.086136,20.0,1,13889,1,1,0,0,1,0,0,0,0,0,0,0,0,1
4195,22,15aefd569d67769e,1.568804,18.909367,1,14146,1,1,0,0,1,0,0,0,0,0,0,0,0,0
4196,22,d01bed53166191ca,1.178584,20.0,1,14241,1,1,0,0,1,0,0,0,0,0,0,0,0,1
4197,22,692b8ac49f4b2b15,1.929079,19.378258,1,14326,1,0,0,0,0,0,0,0,0,0,0,0,0,1
4198,22,02e4b30eff9e859a,2.492899,20.0,1,14370,2,1,0,0,1,0,0,0,0,0,0,0,0,1
4199,22,f5ce1e8561f5a41e,1.874695,20.0,1,14555,1,1,0,0,1,0,0,0,0,0,0,0,0,1
4200,22,defe0667627777b9,1.408388,20.0,1,13684,1,1,0,0,1,0,0,0,0,0,0,0,0,0
