tick,episode,frame_sha16,turn,forward,attack,total_spikes,DNp20_R_10059,DNp20_L_10162,MN9_L_10331,DNa02_R_10360,DNpe017_L_10527,MDN_R_10763,DNp09_L_10783,DNp09_R_11177,MDN_L_11288,MDN_R_11332,MDN_L_12348,MN9_R_16949,DNa02_L_523769,DNpe017_R_555871
1,1,1fd48474a6be9a50,0.0,3.478845,1,13260,1,1,0,0,0,0,0,0,0,0,0,0,0,1
2,1,530e0ea8d92a6d51,1.044151,6.096642,1,15411,1,0,0,0,1,0,0,0,0,0,0,0,0,0
3,1,9d91a06f605c6d81,0.784431,15.016713,1,13372,1,1,0,0,1,0,0,0,0,0,0,0,0,2
4,1,1bedfd585b1aa4b9,0.589314,14.76034,1,14406,1,1,0,0,1,0,0,0,0,0,0,0,0,0
5,1,26a9669cba5af3ef,0.442729,18.04658,1,14171,1,1,0,0,1,0,0,0,0,0,0,0,0,1
6,1,4f55c5e4b2d3c044,1.377089,17.051787,1,14251,1,0,0,0,0,0,0,0,0,0,0,0,0,1
7,1,429a6cfc04b09590,1.034556,16.289215,1,13982,1,1,0,0,1,0,0,0,0,0,0,0,0,0
8,1,bfd1095e82cc3b3f,0.777223,19.195167,1,14310,1,1,0,0,1,0,0,0,0,0,0,0,0,1
9,1,e8a24dfe484cb614,1.628633,14.435039,0,14020,1,0,0,0,0,0,0,0,0,0,0,0,0,0
10,1,a8eb40163c807ab7,1.223531,17.802195,1,13852,1,1,0,0,1,0,0,0,0,0,0,0,0,1
11,1,b734eb68cadec0ba,0.919193,16.852968,1,14120,1,1,0,0,1,0,0,0,0,0,0,0,0,0
12,1,03ed9d518f369873,0.690556,19.618694,1,13956,1,1,0,0,1,0,0,0,0,0,0,0,0,1
13,1,cd43fcebe8f5e6e6,1.563458,18.234039,1,13906,1,0,0,0,0,0,0,0,0,0,0,0,0,1
14,1,338e1a6d9a9334b5,1.174568,17.177396,1,14080,1,1,0,0,1,0,0,0,0,0,0,0,0,0
15,1,f71f04d2a5841727,0.882409,19.862425,1,13767,1,1,0,0,1,0,0,0,0,0,0,0,0,1
16,1,dab4ff966e399802,1.707734,20.0,1,14057,2,1,0,0,1,0,0,0,0,0,0,0,0,1
17,1,339e340883d8ecaf,2.32661,19.929866,1,14064,1,0,0,0,0,0,0,0,0,0,0,0,0,1
18,1,0f3eea50b2030a66,1.747895,18.451407,1,13968,1,1,0,0,1,0,0,0,0,0,0,0,0,0
19,1,157d3461e0a7f335,1.313129,20.0,1,13915,1,1,0,0,1,0,0,0,0,0,0,0,0,1
20,1,f1991b9aba19249f,0.987491,20.0,1,14131,1,1,0,0,1,0,0,0,0,0,0,0,0,1
21,1,f0cae4ef532c2023,0.741865,16.991754,0,13822,1,1,0,0,0,0,0,0,0,0,0,0,0,0
22,1,7630abeab872e6cf,1.600989,19.722959,1,14152,1,0,0,0,1,0,0,0,0,0,0,0,0,1
23,1,253c29c9cd31f14d,1.203967,18.312448,1,13811,1,1,0,0,1,0,0,0,0,0,0,0,0,0
24,1,1bcd43f2b236da2a,1.948148,17.236302,1,14096,1,0,0,0,0,0,0,0,0,0,0,0,0,1
25,1,190012cb2cd5517d,1.463571,19.906678,1,13883,1,1,0,0,1,0,0,0,0,0,0,0,0,1
26,1,752285f96761bfac,1.099526,18.433988,1,13947,1,1,0,0,1,0,0,0,0,0,0,0,0,0
27,1,8ce008444b943984,0.826859,17.343123,1,13855,1,1,0,0,0,0,0,0,0,0,0,0,0,1
28,1,815cbd6616cc478f,1.664842,16.508085,1,14044,1,0,0,0,1,0,0,0,0,0,0,0,0,0
29,1,ea182be542b69bac,1.250734,19.359596,1,13883,1,1,0,0,1,0,0,0,0,0,0,0,0,1
30,1,98558a7fe6a345e2,0.940569,18.039194,1,13900,1,1,0,0,1,0,0,0,0,0,0,0,0,0
31,1,d0c4a3176ddba144,1.750268,17.031016,1,13978,1,0,0,0,0,0,0,0,0,0,0,0,0,1
32,1,dd1e5f78efae9bca,1.314911,16.273611,1,14027,1,1,0,0,1,0,0,0,0,0,0,0,0,0
33,1,16a5a908ff857a66,0.987843,19.183444,1,14045,1,1,0,0,1,0,0,0,0,0,0,0,0,1
34,1,95f8390a45c16b78,0.742872,20.0,1,13966,1,1,0,0,1,0,0,0,0,0,0,0,0,1
35,1,321bea6b7b9ab820,2.645399,19.546269,1,13932,2,0,0,0,0,0,0,0,0,0,0,0,0,1
36,1,efab16a3f850c112,1.987389,20.0,1,14155,1,1,0,0,1,0,0,0,0,0,0,0,0,1
37,1,fcf876800c3a11ef,1.494545,19.755647,1,13840,1,1,0,0,1,0,0,0,0,0,0,0,0,0
38,1,9361b30e7e3e095d,1.122796,20.0,1,13954,1,1,0,0,1,0,0,0,0,0,0,0,0,1
39,1,4fc09ccdfceeee4c,1.887168,16.37705,0,14063,1,0,0,0,0,0,0,0,0,0,0,0,0,0
40,1,4ef7db5f3482d200,1.417759,19.261155,1,13932,1,1,0,0,1,0,0,0,0,0,0,0,0,1
41,1,c24e971eb40ebdcb,1.066175,17.965165,1,14040,1,1,0,0,1,0,0,0,0,0,0,0,0,0
42,1,50b58e94d9a75050,0.800977,20.0,1,14048,1,1,0,0,1,0,0,0,0,0,0,0,0,1
43,1,c3c1345bc3e41d62,1.645398,20.0,1,14034,2,1,0,0,1,0,0,0,0,0,0,0,0,1
44,1,93e448e997f9674c,1.237362,20.0,1,14040,1,1,0,0,0,0,0,0,0,0,0,0,0,1
45,1,79d0b93330795135,0.929584,18.705899,1,14174,1,1,0,0,1,0,0,0,0,0,0,0,0,0
46,1,a17e85c3a7206bdb,1.742015,20.0,1,14081,1,0,0,0,1,0,0,0,0,0,0,0,0,1
47,1,74f0d14071a71444,1.308711,20.0,1,14131,1,1,0,0,1,0,0,0,0,0,0,0,0,1
48,1,2e5ad07a3fae2d37,0.984169,20.0,1,13946,1,1,0,0,1,0,0,0,0,0,0,0,0,0
49,1,d6bdeb391b56bdfb,2.826676,20.0,1,13973,2,0,0,0,0,0,0,0,0,0,0,0,0,2
50,1,9626e12cdf28095d,2.123576,20.0,1,14103,1,1,0,0,1,0,0,0,0,0,0,0,0,0
51,1,30166c328dfa6df8,1.59696,20.0,1,14083,1,1,0,0,1,0,0,0,0,0,0,0,0,1
52,1,d1ff4a599011bac4,1.199736,20.0,1,14159,1,1,0,0,1,0,0,0,0,0,0,0,0,1
53,1,906fc9d835fb656f,1.94497,20.0,1,14104,2,1,0,0,0,0,0,0,0,0,0,0,0,1
54,1,7482b0b0d79326ab,2.504837,20.0,1,14197,1,0,0,0,1,0,0,0,0,0,0,0,0,1
55,1,b3c5d7421909e6ec,1.883673,20.0,1,14018,1,1,0,0,1,0,0,0,0,0,0,0,0,0
56,1,8ab44e98d2a44c66,1.415133,20.0,1,14090,1,1,0,0,1,0,0,0,0,0,0,0,0,1
57,1,40c0606a670612e3,2.10679,20.0,1,14089,2,1,0,0,1,0,0,0,0,0,0,0,0,1
58,1,e0296e3919734320,0.540186,20.0,1,14236,0,1,0,0,1,0,0,0,0,0,0,0,0,0
59,1,ca7c6bb117b7a7d6,2.493128,19.585596,1,14081,2,0,0,0,0,0,0,0,0,0,0,0,0,1
60,1,50569e31dab4c1c4,1.872994,20.0,1,14176,1,1,0,0,1,0,0,0,0,0,0,0,0,1
61,1,1ecfc493176928e9,1.40711,19.759919,1,14105,1,1,0,0,1,0,0,0,0,0,0,0,0,0
62,1,d4be6d1da1c19111,2.102317,18.340242,1,13971,1,0,0,0,0,0,0,0,0,0,0,0,0,1
63,1,1f6373f92af416cc,1.579393,17.257183,1,13889,1,1,0,0,1,0,0,0,0,0,0,0,0,0
64,1,6692a7484e93ebdd,1.186539,19.922366,1,14162,1,1,0,0,1,0,0,0,0,0,0,0,0,1
65,1,02b475e2e674816c,0.892294,18.462405,1,14025,1,1,0,0,1,0,0,0,0,0,0,0,0,0
66,1,febca64d4e8b1d25,2.757654,17.348959,1,14084,2,0,0,0,0,0,0,0,0,0,0,0,0,1
67,1,581003a1b23a5126,1.028069,19.991313,1,14034,1,2,0,0,1,0,0,0,0,0,0,0,0,1
68,1,de21ab0c6f541ec0,1.816003,20.0,1,14061,1,0,0,0,1,0,0,0,0,0,0,0,0,1
69,1,233bb445d9172344,1.36566,20.0,1,14221,1,1,0,0,1,0,0,0,0,0,0,0,0,0
70,1,1169031e115b1548,1.025969,20.0,1,13974,1,1,0,0,1,0,0,0,0,0,0,0,0,1
71,1,b99f2faf3b32e1e2,1.814426,16.518958,0,14017,1,0,0,0,0,0,0,0,0,0,0,0,0,0
72,1,48cf456730a62b23,1.364474,19.383495,1,14249,1,1,0,0,1,0,0,0,0,0,0,0,0,1
73,1,2c94b98315c46893,2.068732,18.04094,1,14120,1,0,0,0,0,0,0,0,0,0,0,0,0,1
74,1,cefb9e8e92b1425f,2.597814,20.0,1,14230,2,1,0,0,1,0,0,0,0,0,0,0,0,1
75,1,69899cc78830ec9d,1.951641,18.888122,1,14203,1,1,0,0,1,0,0,0,0,0,0,0,0,0
76,1,7fdd4357ed62f313,2.511812,17.684638,1,14183,1,0,0,0,0,0,0,0,0,0,0,0,0,1
77,1,36c9756092c48e33,1.887031,16.764652,1,14199,1,1,0,0,1,0,0,0,0,0,0,0,0,0
78,1,fc68b0a37430b7ba,1.417655,19.552346,1,14328,1,1,0,0,1,0,0,0,0,0,0,0,0,1
79,1,b8ce31a8338b810f,3.154398,18.184144,1,14040,2,0,0,0,0,0,0,0,0,0,0,0,0,1
80,1,a395bdcff1b03e91,2.369781,20.0,1,14344,1,1,0,0,1,0,0,0,0,0,0,0,0,1
81,1,a77fc21cf4838abd,1.780328,18.968946,1,14189,1,1,0,0,1,0,0,0,0,0,0,0,0,0
82,1,9b9ee74dbb311458,2.381147,17.729504,1,14148,1,0,0,0,0,0,0,0,0,0,0,0,0,1
83,1,5c9c0a752fd80c1d,1.790657,20.0,1,14125,1,1,0,0,1,0,0,0,0,0,0,0,0,1
84,1,979d3893f2d900d5,2.388907,15.246006,0,14466,1,0,0,0,0,0,0,0,0,0,0,0,0,0
85,1,cec91f567207e8db,1.794696,18.411443,1,14161,1,1,0,0,1,0,0,0,0,0,0,0,0,1
86,1,f3241cb2cf0c3430,1.349637,17.32617,1,14294,1,1,0,0,1,0,0,0,0,0,0,0,0,0
87,1,981261949b38d1a1,3.101239,16.495348,1,14489,2,0,0,0,0,0,0,0,0,0,0,0,0,1
88,1,8eb3ba7cf5917a1c,2.329845,19.350027,1,14520,1,1,0,0,1,0,0,0,0,0,0,0,0,1
89,1,f72f95d576e92ed6,1.750325,20.0,1,14723,1,1,0,0,1,0,0,0,0,0,0,0,0,1
90,1,5d611da0dd8ff17b,2.36042,19.644778,1,14240,1,0,0,0,0,0,0,0,0,0,0,0,0,1
91,1,30a9c8de2de71f12,1.773295,18.237232,1,14333,1,1,0,0,1,0,0,0,0,0,0,0,0,0
92,1,a846ff1e8bb32b07,1.33221,20.0,1,13994,1,1,0,0,1,0,0,0,0,0,0,0,0,1
93,1,c85b67d4fd66ab39,3.090142,19.016093,1,14104,2,0,0,0,0,0,0,0,0,0,0,0,0,1
94,1,f34554075296143c,2.321508,20.0,1,14212,1,1,0,0,1,0,0,0,0,0,0,0,0,1
95,1,7d880eeea7e68e8b,1.744062,19.438494,1,14312,1,1,0,0,1,0,0,0,0,0,0,0,0,0
96,1,447acb7895747c53,1.310249,20.0,1,14024,1,1,0,0,1,0,0,0,0,0,0,0,0,1
97,1,3cc4616709d78b38,0.985326,19.694758,1,14037,1,1,0,0,1,0,0,0,0,0,0,0,0,0
98,1,d40acf7f88c12a79,1.783892,18.27478,1,14145,1,0,0,0,0,0,0,0,0,0,0,0,0,1
99,1,45f69545057b1924,1.340171,17.208004,1,14191,1,1,0,0,1,0,0,0,0,0,0,0,0,0
100,1,841dfbc09b3ee637,1.007828,19.901668,1,14069,1,1,0,0,1,0,0,0,0,0,0,0,0,1
101,1,ef611aa95ed31685,0.757143,18.430223,1,14058,1,1,0,0,1,0,0,0,0,0,0,0,0,0
102,1,26bc9ce30fce805c,0.568814,20.0,1,14074,1,1,0,0,1,0,0,0,0,0,0,0,0,1
103,1,fd71a161a7bf5d9e,0.427328,15.628987,0,13965,1,1,0,0,0,0,0,0,0,0,0,0,0,0
104,1,db845c2db14717e8,1.365508,18.714224,1,13932,1,0,0,0,1,0,0,0,0,0,0,0,0,1
105,1,53b0e1a8751eb1df,1.025855,17.538142,1,13901,1,1,0,0,1,0,0,0,0,0,0,0,0,0
106,1,67035b6aefc07498,0.770686,16.654595,1,13776,1,1,0,0,0,0,0,0,0,0,0,0,0,1
107,1,8b6b2265a10408bf,1.623718,16.004994,1,13953,1,0,0,0,1,0,0,0,0,0,0,0,0,0
108,1,704bd80ad0bb85b7,1.219838,18.981643,1,13750,1,1,0,0,1,0,0,0,0,0,0,0,0,1
109,1,aee88d62d128a803,0.916419,20.0,1,13781,1,1,0,0,1,0,0,0,0,0,0,0,0,1
110,1,07e557288d804247,0.688471,15.940206,0,13745,1,1,0,0,0,0,0,0,0,0,0,0,0,0
111,1,5c91d0e8fad1e860,1.561891,18.948265,1,13714,1,0,0,0,1,0,0,0,0,0,0,0,0,1
112,1,7cd7fb418c174d19,1.17339,17.713968,1,13555,1,1,0,0,1,0,0,0,0,0,0,0,0,0
113,1,0357a418be9ba997,1.925177,20.0,1,13787,2,1,0,0,1,0,0,0,0,0,0,0,0,1
114,1,718341e131f37352,1.447761,20.0,1,13597,1,1,0,0,1,0,0,0,0,0,0,0,0,1
115,1,a86249c331b0a905,2.131302,16.67876,0,13487,1,0,0,0,0,0,0,0,0,0,0,0,0,0
116,1,960265aeed2cc185,1.601168,19.487818,1,13776,1,1,0,0,1,0,0,0,0,0,0,0,0,1
117,1,9922c61a95f949e5,1.202897,18.119314,1,13560,1,1,0,0,1,0,0,0,0,0,0,0,0,0
118,1,3353b37d733bc257,0.904596,20.0,1,13450,1,1,0,0,1,0,0,0,0,0,0,0,0,1
119,1,b72d2cd567702414,0.679589,15.466233,0,13541,1,1,0,0,0,0,0,0,0,0,0,0,0,0
120,1,23b82419a91f4c95,2.597857,18.576891,1,13529,2,0,0,0,1,0,0,0,0,0,0,0,0,1
121,1,283ea77910f4c69b,1.953625,20.0,1,13302,1,1,0,0,1,0,0,0,0,0,0,0,0,1
122,1,9b8d0dc9dd911f31,1.467686,19.20359,1,13079,1,1,0,0,1,0,0,0,0,0,0,0,0,0
123,1,7ee0086d82cd4f82,1.102617,20.0,1,13147,1,1,0,0,1,0,0,0,0,0,0,0,0,1
124,1,9ba1b87fd220b987,1.872009,19.544317,1,13153,1,0,0,0,0,0,0,0,0,0,0,0,0,1
125,1,d37460187c747f69,1.407777,18.178106,1,12948,1,1,0,0,1,0,0,0,0,0,0,0,0,0
126,1,a20ebff0664b63e6,1.05761,20.0,1,13019,1,1,0,0,1,0,0,0,0,0,0,0,0,1
127,1,7b0d8e03a325d91b,0.794543,18.965538,1,12983,1,1,0,0,1,0,0,0,0,0,0,0,0,0
128,1,2358ff3fcfbf1797,1.641658,17.742857,1,13601,1,0,0,0,0,0,0,0,0,0,0,0,0,1
129,1,d9b74896ac4dd198,1.233316,16.808389,1,13719,1,1,0,0,1,0,0,0,0,0,0,0,0,0
130,1,6c8f31635c64f5e8,0.926545,19.585204,1,13607,1,1,0,0,1,0,0,0,0,0,0,0,0,1
131,1,50011319c3c5018e,0.696078,20.0,1,13379,1,1,0,0,1,0,0,0,0,0,0,0,0,1
132,1,9ce58abaa9192081,1.567611,16.297142,0,13085,1,0,0,0,0,0,0,0,0,0,0,0,0,0
133,1,bf5dbfead29ffcfe,1.177688,19.201122,1,12915,1,1,0,0,1,0,0,0,0,0,0,0,0,1
134,1,873ff94fb62bb4bf,0.884753,17.90393,1,12914,1,1,0,0,1,0,0,0,0,0,0,0,0,0
135,1,c650d0e9bfa1c2e6,0.665347,20.0,1,12838,1,1,0,0,1,0,0,0,0,0,0,0,0,1
136,1,baf598fa5e78dbb0,1.543503,15.344549,0,12848,1,0,0,0,0,0,0,0,0,0,0,0,0,0
137,1,9088cced34d1fc66,1.159576,18.485475,1,12899,1,1,0,0,1,0,0,0,0,0,0,0,0,1
138,1,5e015c2472e7a43f,0.871146,17.366291,1,13021,1,1,0,0,1,0,0,0,0,0,0,0,0,0
139,1,08da6ec375f07f1c,0.655115,20.0,1,12642,1,1,0,0,1,0,0,0,0,0,0,0,0,1
140,1,5748f9389fd3a2be,1.535816,15.040805,0,12661,1,0,0,0,0,0,0,0,0,0,0,0,0,0
141,1,46f4e3cbafa0b940,1.153801,18.257283,1,12619,1,1,0,0,1,0,0,0,0,0,0,0,0,1
142,1,0829654dec94ec49,0.867675,20.0,1,12307,1,1,0,0,1,0,0,0,0,0,0,0,0,1
143,1,4ccf14adc1e20bea,0.651852,19.023025,1,12388,1,1,0,0,1,0,0,0,0,0,0,0,0,0
144,1,2351dcaa79bd379a,2.577019,17.770132,1,12524,2,0,0,0,0,0,0,0,0,0,0,0,0,1
145,1,2e026e135f7c77e0,0.892364,16.82888,1,12845,0,1,0,0,1,0,0,0,0,0,0,0,0,0
146,1,0c5a8b041029700f,0.671071,19.616561,1,12529,1,1,0,0,1,0,0,0,0,0,0,0,0,1
147,1,da1c5cae9115a2e8,1.547804,18.216034,1,12538,2,1,0,0,0,0,0,0,0,0,0,0,0,1
148,1,39fc785c7aa86839,2.20646,20.0,1,12483,1,0,0,0,1,0,0,0,0,0,0,0,0,1
149,1,a24e4671b18519de,1.65929,19.004117,1,12542,1,1,0,0,1,0,0,0,0,0,0,0,0,0
150,1,fd5764c5afdf1175,1.246562,20.0,1,12943,1,1,0,0,1,0,0,0,0,0,0,0,0,1
151,1,353214f9691effbf,0.936496,20.0,1,12625,1,1,0,0,1,0,0,0,0,0,0,0,0,1
152,1,9846fb8620c26c3c,1.747208,17.211862,0,12928,1,0,0,0,0,0,0,0,0,0,0,0,0,0
153,1,27d52b88105fecdb,1.313925,19.904569,1,12680,1,1,0,0,1,0,0,0,0,0,0,0,0,1
154,1,e0f45957a6cf66e9,0.987103,20.0,1,12918,1,1,0,0,1,0,0,0,0,0,0,0,0,1
155,1,03059e4eb4a27fe7,0.741573,19.939946,1,12885,1,1,0,0,1,0,0,0,0,0,0,0,0,0
156,1,b77625461b03c66c,2.645975,18.475625,1,13170,2,0,0,0,0,0,0,0,0,0,0,0,0,1
157,1,3617625228556cc8,1.987822,20.0,1,13319,1,1,0,0,1,0,0,0,0,0,0,0,0,1
158,1,0617f04b0db14ccd,1.493376,20.0,1,13419,1,1,0,0,1,0,0,0,0,0,0,0,0,1
159,2,1fd48474a6be9a50,2.165571,20.0,1,14047,1,0,0,0,0,0,0,0,0,0,0,0,0,1
160,2,530e0ea8d92a6d51,1.62854,18.871692,1,13977,1,1,0,0,1,0,0,0,0,0,0,0,0,0
161,2,9d91a06f605c6d81,1.223461,17.656441,1,14130,1,1,0,0,0,0,0,0,0,0,0,0,0,1
162,2,1bedfd585b1aa4b9,1.962794,16.743469,1,14303,1,0,0,0,1,0,0,0,0,0,0,0,0,0
163,2,26a9669cba5af3ef,1.476049,19.552331,1,14042,1,1,0,0,1,0,0,0,0,0,0,0,0,1
164,2,4f55c5e4b2d3c044,1.108901,18.16778,1,14195,1,1,0,0,1,0,0,0,0,0,0,0,0,0
165,2,429a6cfc04b09590,1.876729,17.127618,1,14106,1,0,0,0,0,0,0,0,0,0,0,0,0,1
166,2,bfd1095e82cc3b3f,1.409916,16.346184,1,14062,1,1,0,0,1,0,0,0,0,0,0,0,0,0
167,2,e8a24dfe484cb614,1.060277,19.253567,1,14076,1,1,0,0,1,0,0,0,0,0,0,0,0,1
168,2,a8eb40163c807ab7,0.796547,17.943329,1,14031,1,1,0,0,1,0,0,0,0,0,0,0,0,0
169,2,b734eb68cadec0ba,2.685722,16.958997,1,13952,2,0,0,0,0,0,0,0,0,0,0,0,0,1
170,2,03ed9d518f369873,2.019702,19.714411,1,13963,1,1,0,0,1,0,0,0,0,0,0,0,0,1
171,2,cd43fcebe8f5e6e6,1.517326,20.0,1,14133,1,1,0,0,1,0,0,0,0,0,0,0,0,1
172,2,338e1a6d9a9334b5,2.183564,16.353777,0,13924,1,0,0,0,0,0,0,0,0,0,0,0,0,0
173,2,f71f04d2a5841727,1.64043,19.24367,1,13912,1,1,0,0,1,0,0,0,0,0,0,0,0,1
174,2,dab4ff966e399802,1.233627,17.952016,1,13878,1,1,0,0,1,0,0,0,0,0,0,0,0,0
175,2,339e340883d8ecaf,0.926778,20.0,1,14069,1,1,0,0,1,0,0,0,0,0,0,0,0,1
176,2,0f3eea50b2030a66,1.739907,15.359089,0,14051,1,0,0,0,0,0,0,0,0,0,0,0,0,0
177,2,157d3461e0a7f335,1.308435,18.511257,1,13978,1,1,0,0,1,0,0,0,0,0,0,0,0,1
178,2,f1991b9aba19249f,0.982978,17.38566,1,14029,1,1,0,0,1,0,0,0,0,0,0,0,0,0
179,2,f0cae4ef532c2023,0.738475,20.0,1,14035,1,1,0,0,1,0,0,0,0,0,0,0,0,1
180,2,7630abeab872e6cf,1.598442,18.518285,1,13833,1,0,0,0,0,0,0,0,0,0,0,0,0,1
181,2,253c29c9cd31f14d,1.202051,17.406516,1,14031,1,1,0,0,1,0,0,0,0,0,0,0,0,0
182,2,1bcd43f2b236da2a,1.946709,20.0,1,14009,2,1,0,0,1,0,0,0,0,0,0,0,0,1
183,2,190012cb2cd5517d,1.46249,20.0,1,13959,1,1,0,0,1,0,0,0,0,0,0,0,0,1
184,2,752285f96761bfac,2.143964,20.0,1,13877,1,0,0,0,0,0,0,0,0,0,0,0,0,1
185,2,8ce008444b943984,1.61068,18.527768,1,14020,1,1,0,0,1,0,0,0,0,0,0,0,0,0
186,2,815cbd6616cc478f,1.210044,20.0,1,13975,1,1,0,0,1,0,0,0,0,0,0,0,0,1
187,2,ea182be542b69bac,0.90906,15.684041,0,13914,1,1,0,0,0,0,0,0,0,0,0,0,0,0
188,2,98558a7fe6a345e2,1.727777,18.755626,1,13863,1,0,0,0,1,0,0,0,0,0,0,0,0,1
189,2,ea40987dff05550d,1.298014,17.569245,1,14068,1,1,0,0,1,0,0,0,0,0,0,0,0,0
190,2,bd84d51435d6859a,0.97515,20.0,1,13896,1,1,0,0,1,0,0,0,0,0,0,0,0,1
191,2,b3773e59edaae1a5,0.733326,18.638707,1,13897,1,1,0,0,1,0,0,0,0,0,0,0,0,0
192,2,5dadae3439224eef,2.638227,17.481408,1,14042,2,0,0,0,0,0,0,0,0,0,0,0,0,1
193,2,999d3e32bf8ac332,1.982002,20.0,1,14158,1,1,0,0,1,0,0,0,0,0,0,0,0,1
194,2,93ca203daad1e765,1.489004,20.0,1,13907,1,1,0,0,1,0,0,0,0,0,0,0,0,1
195,2,47a61ba2d2334474,1.119752,20.0,1,13888,1,1,0,0,1,0,0,0,0,0,0,0,0,0
196,2,94215aa925f7efc2,0.841228,20.0,1,14061,1,1,0,0,1,0,0,0,0,0,0,0,0,1
197,2,7547707c30185d74,1.675636,20.0,1,13918,2,1,0,0,1,0,0,0,0,0,0,0,0,1
198,2,eae6455ec5d55694,2.304253,17.678633,0,13993,1,0,0,0,0,0,0,0,0,0,0,0,0,0
199,2,0c29e9d5d45ec48c,1.731099,20.0,1,13913,1,1,0,0,1,0,0,0,0,0,0,0,0,1
200,2,7635b5de22136fcf,1.30051,18.683637,1,14085,1,1,0,0,1,0,0,0,0,0,0,0,0,0
201,2,71731bc3fb924e4c,0.977025,20.0,1,13873,1,1,0,0,1,0,0,0,0,0,0,0,0,1
202,2,2bfeb5059efc1bca,0.734736,19.268294,1,14042,1,1,0,0,1,0,0,0,0,0,0,0,0,0
203,2,b84c55d6df92b6a5,1.595633,17.954394,1,14028,1,0,0,0,0,0,0,0,0,0,0,0,0,1
204,2,b07e028a9e352328,2.242393,20.0,1,13869,2,1,0,0,1,0,0,0,0,0,0,0,0,1
205,2,e17f3acca75a88d8,1.686312,18.856301,1,13998,1,1,0,0,1,0,0,0,0,0,0,0,0,0
206,2,ff76efff97b12b4e,2.310516,17.644878,1,14052,1,0,0,0,0,0,0,0,0,0,0,0,0,1
207,2,c49c67da2ea37a66,1.735804,20.0,1,13984,1,1,0,0,1,0,0,0,0,0,0,0,0,1
208,2,678f59b0c5f3aec0,1.304045,18.664587,1,13933,1,1,0,0,1,0,0,0,0,0,0,0,0,0
209,2,2d8c48b7ac050995,0.98066,20.0,1,14020,1,1,0,0,1,0,0,0,0,0,0,0,0,1
210,2,356d473c9c04caa4,0.736734,15.77429,0,13972,1,1,0,0,0,0,0,0,0,0,0,0,0,0
211,2,889dcc97d5f39ba3,1.597134,18.808324,1,13985,1,0,0,0,1,0,0,0,0,0,0,0,0,1
212,2,f7cfe82027b13a7b,2.245218,20.0,1,14058,2,1,0,0,1,0,0,0,0,0,0,0,0,1
213,2,b7cef79c5b903f68,2.730402,15.855496,0,14061,1,0,0,0,0,0,0,0,0,0,0,0,0,0
214,2,c7e666ff6e84440b,2.051249,18.86933,1,13921,1,1,0,0,1,0,0,0,0,0,0,0,0,1
215,2,346242252b228ef4,1.541026,17.654667,1,14043,1,1,0,0,1,0,0,0,0,0,0,0,0,0
216,2,119018cce592c38e,1.158874,20.0,1,13929,1,1,0,0,1,0,0,0,0,0,0,0,0,1
217,2,75111a681bbe18e5,1.914272,18.68257,1,13830,1,0,0,0,0,0,0,0,0,0,0,0,0,1
218,2,52ce7c260f45af03,2.481774,20.0,1,13939,2,1,0,0,1,0,0,0,0,0,0,0,0,1
219,2,509b55e2dbb320cb,1.86633,19.267692,1,13965,1,1,0,0,1,0,0,0,0,0,0,0,0,0
220,2,e7e50176d3d6433d,1.402104,20.0,1,13992,1,1,0,0,1,0,0,0,0,0,0,0,0,1
221,2,b7b47c451ab2719e,2.097001,19.580495,1,13842,1,0,0,0,0,0,0,0,0,0,0,0,0,1
222,2,4f409d4a8f320d71,1.575399,20.0,1,13859,1,1,0,0,1,0,0,0,0,0,0,0,0,1
223,2,cef7fa9615666658,2.228873,20.0,1,13774,2,1,0,0,1,0,0,0,0,0,0,0,0,1
224,2,d861e0d3bb0b313e,1.674469,20.0,1,13919,1,1,0,0,1,0,0,0,0,0,0,0,0,1
225,2,35ce60bcb9367e8c,1.257966,20.0,1,13925,1,1,0,0,1,0,0,0,0,0,0,0,0,0
226,2,d5d4ca5d7193f9d2,1.990159,19.897866,1,13736,1,0,0,0,0,0,0,0,0,0,0,0,0,1
227,2,1df33c4cedadb90b,1.495132,20.0,1,14018,1,1,0,0,1,0,0,0,0,0,0,0,0,1
228,2,819b35a1b8a50a4e,1.123237,19.936163,1,13744,1,1,0,0,1,0,0,0,0,0,0,0,0,0
229,2,fc0954fec58d599e,1.887499,18.456138,1,14019,1,0,0,0,0,0,0,0,0,0,0,0,0,1
230,2,ab1f1d2a0cc343a3,1.419426,20.0,1,13821,1,1,0,0,1,0,0,0,0,0,0,0,0,1
231,2,02ed6277af9aacf1,2.110015,19.13537,1,13961,2,1,0,0,1,0,0,0,0,0,0,0,0,0
232,2,0e5b1338f6ccd1b1,1.585176,20.0,1,13839,1,1,0,0,1,0,0,0,0,0,0,0,0,1
233,2,c841b7ed3fa313df,2.236225,16.043004,0,13934,1,0,0,0,0,0,0,0,0,0,0,0,0,0
234,2,62a0d170303a97b0,1.679992,19.010198,1,13917,1,1,0,0,1,0,0,0,0,0,0,0,0,1
235,2,93380ee8dc7566a6,1.262115,17.760496,1,13995,1,1,0,0,1,0,0,0,0,0,0,0,0,0
236,2,0026d175ffe59c8c,1.991834,16.821641,1,14097,1,0,0,0,0,0,0,0,0,0,0,0,0,1
237,2,de5ff8ee6cc78f3c,1.497887,19.611117,1,13845,1,1,0,0,1,0,0,0,0,0,0,0,0,1
238,2,757a867f668527e5,3.212613,18.211944,1,13906,2,0,0,0,0,0,0,0,0,0,0,0,0,1
239,2,5906bd726cf35d91,2.413516,17.160797,1,13824,1,1,0,0,1,0,0,0,0,0,0,0,0,0
240,2,2dd1c4d34e2f4b07,2.859149,16.385666,1,13666,1,0,0,0,0,0,0,0,0,0,0,0,0,1
241,2,ed05a6487f2a968f,2.147972,19.267627,1,13682,1,1,0,0,1,0,0,0,0,0,0,0,0,1
242,2,450546ea3d6ded5a,1.613691,20.0,1,13519,1,1,0,0,1,0,0,0,0,0,0,0,0,1
243,2,42592e988524149c,3.299612,19.580459,1,13748,2,0,0,0,0,0,0,0,0,0,0,0,0,1
244,2,5bb540058da5417c,2.481356,18.205286,1,13779,1,1,0,0,1,0,0,0,0,0,0,0,0,0
245,2,3d7690ceb6ff145c,2.907803,17.155795,1,13972,1,0,0,0,0,0,0,0,0,0,0,0,0,1
246,2,dacd8651f6d4eeaa,2.184524,16.367352,1,13776,1,1,0,0,1,0,0,0,0,0,0,0,0,0
247,2,0c1fab33a5bb62cc,1.642793,15.788984,1,13781,1,1,0,0,0,0,0,0,0,0,0,0,0,1
248,2,071ca574f097f677,2.277822,18.819362,1,13655,1,0,0,0,1,0,0,0,0,0,0,0,0,1
249,2,0110b699ee0b157d,1.711243,17.617128,1,13490,1,1,0,0,1,0,0,0,0,0,0,0,0,0
250,2,5ad0ff9fd47e13d1,1.285593,16.713934,1,13389,1,1,0,0,0,0,0,0,0,0,0,0,0,1
251,2,3820153c05cebaca,2.010935,16.049618,1,13493,1,0,0,0,1,0,0,0,0,0,0,0,0,0
252,2,e80566419ff4abc2,1.51074,19.015167,1,13838,1,1,0,0,1,0,0,0,0,0,0,0,0,1
253,2,1454d91fbd307241,1.134962,14.285384,0,13820,1,1,0,0,0,0,0,0,0,0,0,0,0,0
254,2,049d36c4861a73c0,1.897658,17.703816,1,13904,1,0,0,0,1,0,0,0,0,0,0,0,0,1
255,2,9853d069e1bd2d5d,1.42564,16.77906,1,13902,1,1,0,0,1,0,0,0,0,0,0,0,0,0
256,2,749db8f749512260,2.114683,16.084325,1,13829,1,0,0,0,0,0,0,0,0,0,0,0,0,1
257,2,e043e86364ae103b,1.588682,15.562396,1,13858,1,1,0,0,1,0,0,0,0,0,0,0,0,0
258,2,5c1dc8b3f0434580,1.194712,18.664147,1,13724,1,1,0,0,1,0,0,0,0,0,0,0,0,1
259,2,237644f97a35ee73,1.941196,14.021676,0,13644,1,0,0,0,0,0,0,0,0,0,0,0,0,0
260,2,8a3be677ed714fb0,1.458348,17.49165,1,13814,1,1,0,0,1,0,0,0,0,0,0,0,0,1
261,2,f5502357c6d6c6de,1.096698,16.634472,1,13792,1,1,0,0,1,0,0,0,0,0,0,0,0,0
262,2,d0d65d020a48c8f8,0.823908,19.454546,1,13760,1,1,0,0,1,0,0,0,0,0,0,0,0,1
263,2,93d462513749c7fd,0.618972,14.615473,0,13865,1,1,0,0,0,0,0,0,0,0,0,0,0,0
264,2,93c3066689f9bec1,1.508664,17.937748,1,13618,1,0,0,0,1,0,0,0,0,0,0,0,0,1
265,2,53cb5cad4b378720,1.134537,16.969944,1,13820,1,1,0,0,1,0,0,0,0,0,0,0,0,0
266,2,df2ee62ed8096f9d,1.895988,16.227729,1,13846,1,0,0,0,0,0,0,0,0,0,0,0,0,1
267,2,53cc2eb1fd746701,1.424385,19.148975,1,13819,1,1,0,0,1,0,0,0,0,0,0,0,0,1
268,2,5c542c18e111147d,1.071158,17.880804,1,13908,1,1,0,0,1,0,0,0,0,0,0,0,0,0
269,2,a4179e7fbf747f31,0.804721,20.0,1,13805,1,1,0,0,1,0,0,0,0,0,0,0,0,1
270,2,3bdfd819fd095778,1.64821,15.318897,0,13910,1,0,0,0,0,0,0,0,0,0,0,0,0,0
271,2,870380458fe1faaa,1.238239,18.466204,1,13952,1,1,0,0,1,0,0,0,0,0,0,0,0,1
272,2,94a57ec4d5414d77,1.975324,13.886849,0,13782,1,0,0,0,0,0,0,0,0,0,0,0,0,0
273,2,a42dc048d46bc74e,1.483987,17.390359,1,13898,1,1,0,0,1,0,0,0,0,0,0,0,0,1
274,2,9321c95b9ea34035,1.114864,16.543571,1,13704,1,1,0,0,1,0,0,0,0,0,0,0,0,0
275,2,2b0f4727becf88cb,0.838393,19.402005,1,13786,1,1,0,0,1,0,0,0,0,0,0,0,0,1
276,2,fc0142b0b3345148,1.673507,14.576001,0,13885,1,0,0,0,0,0,0,0,0,0,0,0,0,0
277,2,35f10eb454fbbe5a,1.257243,17.908094,1,13595,1,1,0,0,1,0,0,0,0,0,0,0,0,1
278,2,76da5bff87ccdfd3,0.94452,20.0,1,13838,1,1,0,0,1,0,0,0,0,0,0,0,0,1
279,2,547fda052358d6d9,1.754443,18.830143,1,13584,2,1,0,0,1,0,0,0,0,0,0,0,0,0
280,2,a256a8b8e6c7a3a7,1.318047,20.0,1,13755,1,1,0,0,1,0,0,0,0,0,0,0,0,1
281,2,8fa1b7feebbb0857,2.033853,19.333545,1,13945,1,0,0,0,0,0,0,0,0,0,0,0,0,1
282,2,00e5d43f687ffb7c,1.529487,20.0,1,13767,1,1,0,0,1,0,0,0,0,0,0,0,0,1
283,2,aaf022466ae35eeb,1.149046,19.631069,1,13943,1,1,0,0,1,0,0,0,0,0,0,0,0,0
284,2,c186e17a93f13b48,0.863235,18.226933,1,13795,1,1,0,0,0,0,0,0,0,0,0,0,0,1
285,2,7068a58121578ff3,1.69217,17.172058,1,13836,1,0,0,0,1,0,0,0,0,0,0,0,0,0
286,2,08147b368e5bf8d5,1.272536,19.874636,1,13751,1,1,0,0,1,0,0,0,0,0,0,0,0,1
287,2,ccc4c39ff633c428,1.999662,20.0,1,13772,2,1,0,0,1,0,0,0,0,0,0,0,0,1
288,2,0c1ad1570243595d,1.502271,20.0,1,13798,1,1,0,0,1,0,0,0,0,0,0,0,0,1
289,2,41f76c53260c9fe5,2.17388,17.598559,0,13748,1,0,0,0,0,0,0,0,0,0,0,0,0,0
290,2,a5a75c4e3bdc51eb,1.633155,20.0,1,13697,1,1,0,0,1,0,0,0,0,0,0,0,0,1
291,2,635984fc5a4a9bf5,1.226928,18.638444,1,13666,1,1,0,0,1,0,0,0,0,0,0,0,0,0
292,2,551362013780f06f,1.965399,17.481211,1,13603,1,0,0,0,0,0,0,0,0,0,0,0,0,1
293,2,745722a69a6e1f7e,1.478008,16.626622,1,13438,1,1,0,0,1,0,0,0,0,0,0,0,0,0
294,2,6fd23ebcf9fa6a99,1.110372,19.448648,1,13597,1,1,0,0,1,0,0,0,0,0,0,0,0,1
295,2,97536d621ddb1fcf,2.921488,18.089887,1,13453,2,0,0,0,0,0,0,0,0,0,0,0,0,1
296,2,11f02d7e1f1a513f,1.15285,17.084354,1,13254,0,1,0,0,1,0,0,0,0,0,0,0,0,0
297,2,472e33621e0a06b1,1.909746,19.792526,1,13172,2,1,0,0,1,0,0,0,0,0,0,0,0,1
298,2,cc27b1fc42548463,1.434721,18.348229,1,13179,1,1,0,0,0,0,0,0,0,0,0,0,0,1
299,2,f26115f7b8d0c088,2.121506,17.263183,1,13128,1,0,0,0,1,0,0,0,0,0,0,0,0,0
300,2,a1330f8bc97388b3,0.551252,19.943163,1,13180,0,1,0,0,1,0,0,0,0,0,0,0,0,1
301,2,4a9cbf782f1f18cc,1.457788,20.0,1,12955,2,1,0,0,1,0,0,0,0,0,0,0,0,1
302,2,3fc60f677903adad,1.095182,19.961728,1,12713,1,1,0,0,1,0,0,0,0,0,0,0,0,0
303,2,9c39954f7b1cd57b,0.823592,15.011504,0,12838,0,0,0,0,0,0,0,0,0,0,0,0,0,0
304,2,b8bf698efdad9239,1.662388,18.235271,1,12832,2,1,0,0,1,0,0,0,0,0,0,0,0,1
305,2,f496c61a76370ba3,1.24889,20.0,1,12728,1,1,0,0,1,0,0,0,0,0,0,0,0,1
306,2,66eeefc20bd5aabc,0.938244,18.997801,1,12395,1,1,0,0,1,0,0,0,0,0,0,0,0,0
307,2,1bc0212746c25bc6,0.705573,20.0,1,12594,1,1,0,0,1,0,0,0,0,0,0,0,0,1
308,2,a5eaa14961f6527b,-0.513583,19.441388,1,12474,0,1,0,0,1,0,0,0,0,0,0,0,0,0
309,2,9c6b1952159ed0b5,1.701471,18.084432,1,13412,2,0,0,0,0,0,0,0,0,0,0,0,0,1
310,2,3e7c7e675724268d,1.279531,17.080253,1,13375,1,1,0,0,1,0,0,0,0,0,0,0,0,0
311,2,100fb9633b3a17bc,0.961263,19.789444,1,13912,1,1,0,0,1,0,0,0,0,0,0,0,0,1
312,2,59942da638de1424,1.765815,14.86707,0,15239,1,0,0,0,0,0,0,0,0,0,0,0,0,0
313,2,8080b0a76120e674,1.326591,18.126763,1,14816,1,1,0,0,1,0,0,0,0,0,0,0,0,1
314,2,5b38acb0f0f7125d,0.997615,20.0,1,14594,1,1,0,0,1,0,0,0,0,0,0,0,0,1
315,2,fd853ca8ad307d01,0.749471,18.949286,1,14307,1,1,0,0,1,0,0,0,0,0,0,0,0,0
316,2,0e1b1bae58d0ff40,1.606703,17.714734,1,16047,2,1,0,0,0,0,0,0,0,0,0,0,0,1
317,2,0f051bf7d04c2d9e,2.252414,20.0,1,15822,1,0,0,0,1,0,0,0,0,0,0,0,0,1
318,2,a5b7faa72475a43e,1.692154,20.0,1,15930,1,1,0,0,1,0,0,0,0,0,0,0,0,1
319,2,79950ca608194299,2.314906,20.0,1,15567,2,1,0,0,1,0,0,0,0,0,0,0,0,1
320,2,2bef0495337f9760,2.782755,17.754008,0,15237,1,0,0,0,0,0,0,0,0,0,0,0,0,0
321,2,40bd02f4726cc6ed,2.092672,20.0,1,14956,1,1,0,0,1,0,0,0,0,0,0,0,0,1
322,2,a9bf56e0d0df8415,1.572146,15.259849,0,15926,1,1,0,0,0,0,0,0,0,0,0,0,0,0
323,2,87d2d098eafb5e00,3.268401,20.0,1,15579,2,0,0,0,1,0,0,0,0,0,0,0,0,2
324,2,14d1278d31a9f672,2.457884,19.950131,1,15514,1,1,0,0,1,0,0,0,0,0,0,0,0,0
325,2,2cccb0c8b448a24c,2.89017,18.466632,1,15293,1,0,0,0,0,0,0,0,0,0,0,0,0,1
326,2,8a92ace11e03f5f2,3.21493,20.0,1,15224,2,1,0,0,1,0,0,0,0,0,0,0,0,1
327,2,4719c101e01b1ac3,2.415257,19.128381,1,15027,1,1,0,0,0,0,0,0,0,0,0,0,0,1
328,2,2b40720a3bfbecd6,2.860458,17.865317,1,13624,1,0,0,0,1,0,0,0,0,0,0,0,0,0
329,2,eaad653381c250e5,2.148955,20.0,1,12517,1,1,0,0,1,0,0,0,0,0,0,0,0,1
330,2,f9e743d6c8333200,2.658083,15.310156,0,12915,1,0,0,0,0,0,0,0,0,0,0,0,0,0
331,2,f69362f1c7dce9c0,1.998916,14.993958,1,12745,1,1,0,0,0,0,0,0,0,0,0,0,0,1
332,2,17cb5371750ada05,2.545364,14.743244,1,12656,1,0,0,0,1,0,0,0,0,0,0,0,0,0
333,2,db19894352bae4f4,1.912237,18.033737,1,12936,1,1,0,0,1,0,0,0,0,0,0,0,0,1
334,2,a79052343b825ddb,2.480246,13.548073,0,12889,1,0,0,0,0,0,0,0,0,0,0,0,0,0
335,2,9af0343fec1c6622,1.86518,17.149347,1,12564,1,1,0,0,1,0,0,0,0,0,0,0,0,1
336,2,0acc7f7c382e8067,2.444893,12.883663,0,12693,1,0,0,0,0,0,0,0,0,0,0,0,0,0
337,2,a73244b57de0879e,1.836757,16.636704,1,12652,1,1,0,0,1,0,0,0,0,0,0,0,0,1
338,2,c9aff476cf94cb4f,2.425418,12.511038,0,12751,1,0,0,0,0,0,0,0,0,0,0,0,0,0
339,2,de9420f69c44e298,1.822126,16.356764,1,12803,1,1,0,0,1,0,0,0,0,0,0,0,0,1
340,2,831a88c127a06e07,1.368895,12.288226,0,12738,1,1,0,0,0,0,0,0,0,0,0,0,0,0
341,2,7fcdf86fb81f6fad,2.072053,16.189374,1,12784,1,0,0,0,1,0,0,0,0,0,0,0,0,1
342,2,7ba93d8f9ee482bb,1.558213,15.655141,1,12958,1,1,0,0,1,0,0,0,0,0,0,0,0,0
343,2,9f2d3c165f60d30f,2.214281,15.239967,1,12914,1,0,0,0,0,0,0,0,0,0,0,0,0,1
344,2,57c4f87db22e83cd,1.663506,18.406907,1,13006,1,1,0,0,1,0,0,0,0,0,0,0,0,1
345,2,deef31a29bd5fbd6,2.295131,13.842256,0,12891,1,0,0,0,0,0,0,0,0,0,0,0,0,0
346,2,7d3e0efbe36b70a2,1.724246,17.356859,1,12817,1,1,0,0,1,0,0,0,0,0,0,0,0,1
347,2,d5d84380de4c0b10,1.295362,16.518404,1,12838,1,1,0,0,1,0,0,0,0,0,0,0,0,0
348,2,672f539f5f5b9288,0.973157,15.888504,1,12820,1,1,0,0,0,0,0,0,0,0,0,0,0,1
349,2,6ebf7b7c637af4ac,1.775978,15.428883,1,12703,1,0,0,0,1,0,0,0,0,0,0,0,0,0
350,2,4918d6aa7f178ecd,2.377879,18.548832,1,12900,2,1,0,0,1,0,0,0,0,0,0,0,0,1
351,2,cd3bfc059ac72511,2.830065,17.413889,1,12756,1,0,0,0,0,0,0,0,0,0,0,0,0,1
352,2,aa62de24033ed8de,2.128249,20.0,1,12740,1,1,0,0,1,0,0,0,0,0,0,0,0,1
353,2,5a457246216d91a9,2.642528,18.54654,1,12938,1,0,0,0,0,0,0,0,0,0,0,0,0,1
354,2,608b53cd5413fb48,1.985232,17.412167,1,12705,1,1,0,0,1,0,0,0,0,0,0,0,0,0
355,2,5fe5e9835b1237be,1.491431,20.0,1,12846,1,1,0,0,1,0,0,0,0,0,0,0,0,1
356,2,f910689096c4cb13,2.165728,15.069462,0,12928,1,0,0,0,0,0,0,0,0,0,0,0,0,0
357,2,6cb1a8b6baee0e01,1.62703,18.278813,1,12928,1,1,0,0,1,0,0,0,0,0,0,0,0,1
358,2,6dd8292dc1b0a6c2,1.222327,13.732189,0,12939,1,1,0,0,0,0,0,0,0,0,0,0,0,0
359,3,1fd48474a6be9a50,1.963358,17.287805,1,13760,1,0,0,0,1,0,0,0,0,0,0,0,0,1
360,3,530e0ea8d92a6d51,1.474997,19.945371,1,14056,1,1,0,0,1,0,0,0,0,0,0,0,0,1
361,3,9d91a06f605c6d81,1.10811,18.463056,1,14216,1,1,0,0,1,0,0,0,0,0,0,0,0,0
362,3,1bedfd585b1aa4b9,1.876135,17.349448,1,14174,1,0,0,0,0,0,0,0,0,0,0,0,0,1
363,3,26a9669cba5af3ef,1.41088,16.527534,1,14167,1,1,0,0,1,0,0,0,0,0,0,0,0,0
364,3,4f55c5e4b2d3c044,1.059942,19.374208,1,14247,1,1,0,0,1,0,0,0,0,0,0,0,0,1
365,3,429a6cfc04b09590,0.796295,18.033962,1,14028,1,1,0,0,1,0,0,0,0,0,0,0,0,0
366,3,bfd1095e82cc3b3f,1.642975,17.042298,1,14051,1,0,0,0,0,0,0,0,0,0,0,0,0,1
367,3,e8a24dfe484cb614,1.234306,16.282086,1,14057,1,1,0,0,1,0,0,0,0,0,0,0,0,0
368,3,a8eb40163c807ab7,0.927288,19.189812,1,13889,1,1,0,0,1,0,0,0,0,0,0,0,0,1
369,3,b734eb68cadec0ba,0.696637,14.416588,0,14069,1,1,0,0,0,0,0,0,0,0,0,0,0,0
370,3,03ed9d518f369873,1.568031,17.802483,1,13797,1,0,0,0,1,0,0,0,0,0,0,0,0,1
371,3,cd43fcebe8f5e6e6,1.178003,16.853185,1,14113,1,1,0,0,1,0,0,0,0,0,0,0,0,0
372,3,338e1a6d9a9334b5,1.928643,16.140012,1,13907,1,0,0,0,0,0,0,0,0,0,0,0,0,1
373,3,f71f04d2a5841727,2.494518,19.098523,1,14152,2,1,0,0,1,0,0,0,0,0,0,0,0,1
374,3,dab4ff966e399802,1.874038,17.826851,1,13942,1,1,0,0,1,0,0,0,0,0,0,0,0,0
375,3,339e340883d8ecaf,1.407895,20.0,1,13929,1,1,0,0,1,0,0,0,0,0,0,0,0,1
376,3,0f3eea50b2030a66,1.057699,18.767291,1,14061,1,1,0,0,0,0,0,0,0,0,0,0,0,1
377,3,157d3461e0a7f335,1.839555,17.593772,1,13795,1,0,0,0,1,0,0,0,0,0,0,0,0,0
378,3,f1991b9aba19249f,1.381989,20.0,1,14046,1,1,0,0,1,0,0,0,0,0,0,0,0,1
379,3,f0cae4ef532c2023,2.08189,15.156898,0,14085,1,0,0,0,0,0,0,0,0,0,0,0,0,0
380,3,3dc875a761d5c5ef,1.565611,18.359206,1,13980,1,1,0,0,1,0,0,0,0,0,0,0,0,1
381,3,e90cc852e180b7a9,1.176185,20.0,1,14028,1,1,0,0,1,0,0,0,0,0,0,0,0,1
382,3,0843c071791750a4,1.927277,20.0,1,13964,2,1,0,0,1,0,0,0,0,0,0,0,0,1
383,3,e7652621d19bb2aa,1.447891,16.938414,0,13988,1,1,0,0,0,0,0,0,0,0,0,0,0,0
384,3,83403ab2ce2e5edc,2.132985,19.698932,1,13817,1,0,0,0,1,0,0,0,0,0,0,0,0,1
385,3,31f44b91b5854a60,1.602432,18.277916,1,13819,1,1,0,0,1,0,0,0,0,0,0,0,0,0
386,3,9eeb382b0724ec5e,1.203847,20.0,1,14033,1,1,0,0,1,0,0,0,0,0,0,0,0,1
387,3,8cf44fb6a5bc2678,0.90531,20.0,1,14003,1,1,0,0,1,0,0,0,0,0,0,0,0,1
388,3,26302fd6db433208,1.723779,16.918118,0,13859,1,0,0,0,0,0,0,0,0,0,0,0,0,0
389,3,212d5aa4658ea2f7,1.295011,19.667639,1,14022,1,1,0,0,1,0,0,0,0,0,0,0,0,1
390,3,37a5a18fb6caef37,2.016547,20.0,1,13948,2,1,0,0,1,0,0,0,0,0,0,0,0,1
391,3,79c0b206a03c3fd7,1.516472,19.824216,1,14127,1,1,0,0,0,0,0,0,0,0,0,0,0,1
392,3,c2376b0af88b997c,2.182922,20.0,1,13919,1,0,0,0,1,0,0,0,0,0,0,0,0,1
393,3,6484211bcaa3988b,1.639948,19.894595,1,13976,1,1,0,0,1,0,0,0,0,0,0,0,0,0
394,3,bb6c2f7a25964c84,1.233264,20.0,1,13835,1,1,0,0,1,0,0,0,0,0,0,0,0,1
395,3,66b1f64089a6f384,0.926505,19.94804,1,14155,1,1,0,0,0,0,0,0,0,0,0,0,0,1
396,3,ea8c132e457af786,1.739702,20.0,1,13760,1,0,0,0,1,0,0,0,0,0,0,0,0,1
397,3,052f36be903b4c06,2.350626,19.964481,1,14169,2,1,0,0,1,0,0,0,0,0,0,0,0,0
398,3,8e82ec90f90651e7,1.767705,20.0,1,13955,1,1,0,0,1,0,0,0,0,0,0,0,0,1
399,3,4f7951c9fb9652a2,2.371664,19.987523,1,13971,1,0,0,0,0,0,0,0,0,0,0,0,0,1
400,3,f016206e344ce587,1.781742,18.494723,1,13989,1,1,0,0,1,0,0,0,0,0,0,0,0,0
401,3,5ced2d58e360e784,1.339896,20.0,1,14075,1,1,0,0,1,0,0,0,0,0,0,0,0,1
402,3,27c66233913871e4,2.050267,15.678324,0,13751,1,0,0,0,0,0,0,0,0,0,0,0,0,0
403,3,b04dc5fbe548eb36,1.540289,18.736228,1,14014,1,1,0,0,1,0,0,0,0,0,0,0,0,1
404,3,92badb4797e556aa,1.157161,17.554672,1,13935,1,1,0,0,0,0,0,0,0,0,0,0,0,1
405,3,a92b91e3e3eb2719,2.958503,20.0,1,13828,2,0,0,0,1,0,0,0,0,0,0,0,0,1
406,3,c26da11a2d778a09,2.222613,18.626077,1,13845,1,1,0,0,1,0,0,0,0,0,0,0,0,0
407,3,3295862e40a5a313,1.669766,20.0,1,14126,1,1,0,0,1,0,0,0,0,0,0,0,0,1
408,3,508e562ad7204104,1.255688,20.0,1,13982,1,1,0,0,1,0,0,0,0,0,0,0,0,1
409,3,a8b42c6fb244fb23,1.987005,17.06589,0,13960,1,0,0,0,0,0,0,0,0,0,0,0,0,0
410,3,9c3019aa61f10730,1.492762,19.778654,1,14001,1,1,0,0,1,0,0,0,0,0,0,0,0,1
411,3,d2589d24a9f0cfca,1.121456,18.337808,1,13986,1,1,0,0,1,0,0,0,0,0,0,0,0,0
412,3,1dbb1075c65864e9,0.843351,20.0,1,13964,1,1,0,0,1,0,0,0,0,0,0,0,0,1
413,3,5c6e7a0e10fc8612,0.633578,19.068518,1,14019,1,1,0,0,0,0,0,0,0,0,0,0,0,1
414,3,16d8a9528bdedf17,1.519637,20.0,1,14090,1,0,0,0,1,0,0,0,0,0,0,0,0,1
415,3,82d07b5e598d7315,2.186939,19.485737,1,13986,2,1,0,0,1,0,0,0,0,0,0,0,0,0
416,3,8caf2ec1e9c9e1b1,1.642966,20.0,1,14047,1,1,0,0,1,0,0,0,0,0,0,0,0,1
417,3,bd35018e83a338ab,1.234299,20.0,1,14294,1,1,0,0,1,0,0,0,0,0,0,0,0,1
418,3,f13b4ae8e3ac9cfb,3.014589,20.0,1,14129,2,0,0,0,0,0,0,0,0,0,0,0,0,1
419,3,c4603ee7d449a90d,2.267014,20.0,1,14167,1,1,0,0,1,0,0,0,0,0,0,0,0,1
420,3,dd8b4fb1952b1ccb,1.703123,20.0,1,14017,1,1,0,0,1,0,0,0,0,0,0,0,0,0
421,3,548e365b4fbe82fc,1.279493,18.889632,1,14216,1,1,0,0,0,0,0,0,0,0,0,0,0,1
422,3,2f6151d16b59d1d0,2.006347,17.685774,1,13873,1,0,0,0,1,0,0,0,0,0,0,0,0,0
423,3,0f8e792e8be12cdc,1.507294,20.0,1,14155,1,1,0,0,1,0,0,0,0,0,0,0,0,1
424,3,e644c6b1ea35b903,1.132373,20.0,1,14107,1,1,0,0,1,0,0,0,0,0,0,0,0,1
425,3,136cec730ee9b786,1.894363,20.0,1,14003,2,1,0,0,1,0,0,0,0,0,0,0,0,1
426,3,0a7eca882991cb1d,2.468739,20.0,1,13880,1,0,0,0,0,0,0,0,0,0,0,0,0,1
427,3,4d85c3ed0200b43b,1.854671,19.432643,1,14060,1,1,0,0,1,0,0,0,0,0,0,0,0,0
428,3,10f7befbcb490e43,1.393345,20.0,1,13992,1,1,0,0,1,0,0,0,0,0,0,0,0,1
429,3,2846eb3c300a9955,1.047815,20.0,1,13722,1,1,0,0,1,0,0,0,0,0,0,0,0,1
430,3,90212b786a0d96d4,1.830838,17.408223,0,13931,1,0,0,0,0,0,0,0,0,0,0,0,0,0
431,3,fa07a56d810f77ed,2.419093,20.0,1,13875,2,1,0,0,1,0,0,0,0,0,0,0,0,1
432,3,292e122b030f6131,1.817374,20.0,1,14156,1,1,0,0,1,0,0,0,0,0,0,0,0,1
433,3,5f50b6dc444c4e3b,2.410842,20.0,1,13784,1,0,0,0,0,0,0,0,0,0,0,0,0,1
434,3,e9dbac9f7e4e3def,1.811175,18.528312,1,14173,1,1,0,0,1,0,0,0,0,0,0,0,0,0
435,3,b39a2b0cb61bc115,1.360668,20.0,1,13956,1,1,0,0,1,0,0,0,0,0,0,0,0,1
436,3,0783e4636732b453,2.067393,19.180542,1,14016,2,1,0,0,0,0,0,0,0,0,0,0,0,1
437,3,d1c2aac9c452539a,2.596808,17.888469,1,13854,1,0,0,0,1,0,0,0,0,0,0,0,0,0
438,3,a55f3e6b4ea25e63,1.950885,20.0,1,14014,1,1,0,0,1,0,0,0,0,0,0,0,0,1
439,3,c3b488c178849f9c,1.465627,20.0,1,14102,1,1,0,0,1,0,0,0,0,0,0,0,0,1
440,3,d07fe4da74ae592c,2.146323,16.755564,0,13808,1,0,0,0,0,0,0,0,0,0,0,0,0,0
441,3,ee0c0ba6e5273133,1.612452,19.545518,1,13924,1,1,0,0,1,0,0,0,0,0,0,0,0,1
442,3,0413813b2417e088,1.211375,18.162661,1,14096,1,1,0,0,1,0,0,0,0,0,0,0,0,0
443,3,9f9d897994051f4e,2.999272,17.139082,1,13914,2,0,0,0,0,0,0,0,0,0,0,0,0,1
444,3,e9ddea751f477542,2.253241,19.833641,1,13759,1,1,0,0,1,0,0,0,0,0,0,0,0,1
445,3,c1d68523a27fb88e,1.692776,20.0,1,13922,1,1,0,0,1,0,0,0,0,0,0,0,0,1
446,3,46781a87e06cecff,1.271719,19.899914,1,13750,1,1,0,0,0,0,0,0,0,0,0,0,0,1
447,3,18067cc0699ef92b,2.000501,18.445521,1,13760,1,0,0,0,1,0,0,0,0,0,0,0,0,0
448,3,6abed7f8ab586a1d,1.502902,20.0,1,13903,1,1,0,0,1,0,0,0,0,0,0,0,0,1
449,3,1b9182f399ed5313,2.172727,15.637621,0,13588,1,0,0,0,0,0,0,0,0,0,0,0,0,0
450,3,eeb96892a467eac9,1.633922,18.720717,1,13570,1,1,0,0,1,0,0,0,0,0,0,0,0,1
451,3,f34b33624adf03dd,2.271158,14.064175,0,13909,1,0,0,0,0,0,0,0,0,0,0,0,0,0
452,3,9ae3a6ddb12564bd,1.706236,17.523578,1,13954,1,1,0,0,1,0,0,0,0,0,0,0,0,1
453,3,ad2fa6021f2ad322,1.281831,20.0,1,13791,1,1,0,0,1,0,0,0,0,0,0,0,0,1
454,3,1d1c700300ad8b75,0.963955,18.612907,1,13879,1,1,0,0,1,0,0,0,0,0,0,0,0,0
455,3,6db962aec6859630,1.767837,17.462026,1,13864,1,0,0,0,0,0,0,0,0,0,0,0,0,1
456,3,c0a47a280212b9c1,1.32811,16.597412,1,13867,1,1,0,0,1,0,0,0,0,0,0,0,0,0
457,3,181cbd97e2791854,2.042908,15.961992,1,13681,1,0,0,0,0,0,0,0,0,0,0,0,0,1
458,3,0b6ccf3312acc01e,1.53476,15.470492,1,13619,1,1,0,0,1,0,0,0,0,0,0,0,0,0
459,3,dfce78429dd965d5,1.153008,18.580092,1,13643,1,1,0,0,1,0,0,0,0,0,0,0,0,1
460,3,c88bbc6dd158c55b,0.866212,20.0,1,13787,1,1,0,0,1,0,0,0,0,0,0,0,0,1
461,3,37a5728422eb2cc2,1.695554,15.729294,0,13723,1,0,0,0,0,0,0,0,0,0,0,0,0,0
462,3,af19ac75cc826345,1.273807,18.774519,1,13804,1,1,0,0,1,0,0,0,0,0,0,0,0,1
463,3,6c24ab278b3b84de,0.956963,17.583439,1,13794,1,1,0,0,1,0,0,0,0,0,0,0,0,0
464,3,dfa01c72bbe4cfbb,0.71965,16.703498,1,13606,1,1,0,0,0,0,0,0,0,0,0,0,0,1
465,3,af5d7f2c4ac307b3,1.584299,16.027558,1,13821,1,0,0,0,1,0,0,0,0,0,0,0,0,0
466,3,813b497f09095e90,2.233878,18.998595,1,13684,2,1,0,0,1,0,0,0,0,0,0,0,0,1
467,3,fd74a9fa189a8ad2,1.678229,20.0,1,13800,1,1,0,0,1,0,0,0,0,0,0,0,0,1
468,3,6a1674d02813706a,2.306203,19.446233,1,13659,1,0,0,0,0,0,0,0,0,0,0,0,0,1
469,3,59fe21d5da758557,1.732564,18.088072,1,13839,1,1,0,0,1,0,0,0,0,0,0,0,0,0
470,3,9c5689691850936b,1.301611,20.0,1,13764,1,1,0,0,1,0,0,0,0,0,0,0,0,1
471,3,51c68a482155290a,0.97883,18.931824,1,14234,1,1,0,0,1,0,0,0,0,0,0,0,0,0
472,3,a0765370ba45ebe4,0.735358,17.701616,1,14087,1,1,0,0,0,0,0,0,0,0,0,0,0,1
473,3,301682a5ee3a0d77,1.5961,20.0,1,14052,1,0,0,0,1,0,0,0,0,0,0,0,0,1
474,3,0f13f84e387dd82a,1.199091,18.696609,1,14107,1,1,0,0,1,0,0,0,0,0,0,0,0,0
475,3,9b6bf77ebc87f3d6,0.901733,17.540618,1,13951,1,1,0,0,0,0,0,0,0,0,0,0,0,1
476,3,52e34b041aac78e7,2.764745,20.0,1,14058,2,0,0,0,1,0,0,0,0,0,0,0,0,1
477,3,1f6d57c0b1017e80,2.07705,20.0,1,14784,1,1,0,0,1,0,0,0,0,0,0,0,0,1
478,3,c14e798b32689966,1.561971,20.0,1,14863,1,1,0,0,1,0,0,0,0,0,0,0,0,1
479,3,e9ebae96716c6d20,2.217104,17.706454,0,14798,1,0,0,0,0,0,0,0,0,0,0,0,0,0
480,3,d28cc9f3770e3889,2.709281,20.0,1,14898,2,1,0,0,1,0,0,0,0,0,0,0,0,1
481,3,557b258f89df5886,2.035381,20.0,1,15019,1,1,0,0,1,0,0,0,0,0,0,0,0,1
482,3,b8624807bfc7466d,2.574786,20.0,1,15149,1,0,0,0,0,0,0,0,0,0,0,0,0,1
483,3,1f8fa3e3b523480d,1.934341,18.623407,1,13964,1,1,0,0,1,0,0,0,0,0,0,0,0,0
484,3,8fc92e5e549dca6a,2.496851,20.0,1,13556,2,1,0,0,1,0,0,0,0,0,0,0,0,1
485,3,e16a860b922758ef,1.877668,20.0,1,13588,1,1,0,0,1,0,0,0,0,0,0,0,0,1
486,3,16120c0924ae605a,2.454275,17.064756,0,13688,1,0,0,0,0,0,0,0,0,0,0,0,0,0
487,3,672d32c34078a12e,1.843805,19.777802,1,13394,1,1,0,0,1,0,0,0,0,0,0,0,0,1
488,3,062ba6c1a8106e18,1.385182,18.337168,1,13300,1,1,0,0,1,0,0,0,0,0,0,0,0,0
489,3,0b0ae5324090b240,1.041676,20.0,1,13119,1,1,0,0,1,0,0,0,0,0,0,0,0,1
490,3,515b0f1e384d8bda,1.826226,19.068156,1,12716,1,0,0,0,0,0,0,0,0,0,0,0,0,1
491,3,600d5ccc5903184c,1.371975,17.804037,1,12693,1,1,0,0,1,0,0,0,0,0,0,0,0,0
492,3,7d799427d07f75b3,1.031745,16.869392,1,12619,1,1,0,0,1,0,0,0,0,0,0,0,0,0
493,3,238dc2de07a8a801,-0.268542,19.631032,1,12982,0,1,0,0,1,0,0,0,0,0,0,0,0,1
494,3,1eb05de850e3e756,1.885561,18.226905,1,13216,2,0,0,0,0,0,0,0,0,0,0,0,0,1
495,3,dc1dac9146c9f0f4,1.416552,17.172037,1,12851,1,1,0,0,1,0,0,0,0,0,0,0,0,0
496,3,607cdd237d17a49b,0.021117,19.87462,1,12981,0,1,0,0,1,0,0,0,0,0,0,0,0,1
497,3,c399d2ed4f6654ff,0.015864,18.409904,1,12919,1,1,0,0,1,0,0,0,0,0,0,0,0,0
498,3,3bb6e61e867af003,1.055571,17.309517,1,13026,1,0,0,0,0,0,0,0,0,0,0,0,0,1
499,3,13f04fa9caccb88b,0.793805,16.497505,1,12920,1,1,0,0,1,0,0,0,0,0,0,0,0,0
500,3,83e00d4c505f57d6,0.596356,19.351648,1,13099,1,1,0,0,1,0,0,0,0,0,0,0,0,1
501,3,f8095f8a5d26f873,0.44802,20.0,1,12489,1,1,0,0,1,0,0,0,0,0,0,0,0,1
502,3,f924dbf997a29af1,0.336581,19.62788,1,12595,1,1,0,0,1,0,0,0,0,0,0,0,0,0
503,3,84e5b5149e37d265,1.297264,18.240947,1,12527,1,0,0,0,0,0,0,0,0,0,0,0,0,1
504,3,37d0280a3df29427,2.018239,20.0,1,12347,2,1,0,0,1,0,0,0,0,0,0,0,0,1
505,3,612a97086fdbf167,0.472574,19.001005,1,12472,0,1,0,0,1,0,0,0,0,0,0,0,0,0
506,3,4d06f9abd38022c4,1.399533,17.769528,1,12558,2,1,0,0,0,0,0,0,0,0,0,0,0,1
507,3,2d15e09a60ee3966,2.09507,20.0,1,12710,1,0,0,0,1,0,0,0,0,0,0,0,0,1
508,3,dc0c1f7b13bbdd63,1.573948,20.0,1,12916,1,1,0,0,1,0,0,0,0,0,0,0,0,1
509,3,8972031db3d8ddb6,1.182448,20.0,1,12943,1,1,0,0,1,0,0,0,0,0,0,0,0,0
510,3,bc5973d8b2136712,1.933368,18.646545,1,12924,1,0,0,0,0,0,0,0,0,0,0,0,0,1
511,3,2b3dfecd405e6903,1.452467,17.487297,1,12971,1,1,0,0,1,0,0,0,0,0,0,0,0,0
512,3,f57d5e918159ad97,1.091184,20.0,1,13038,1,1,0,0,1,0,0,0,0,0,0,0,0,1
513,3,962a424c3cb34eef,0.820586,15.111908,0,13122,1,1,0,0,0,0,0,0,0,0,0,0,0,0
514,3,662764e507d75819,2.703783,18.310701,1,13011,2,0,0,0,1,0,0,0,0,0,0,0,0,1
515,3,cb07508dbccef423,2.031251,20.0,1,13060,1,1,0,0,1,0,0,0,0,0,0,0,0,1
516,3,8cdd6ba0d6c7e8c7,1.526003,19.040374,1,13079,1,1,0,0,1,0,0,0,0,0,0,0,0,0
517,3,cbe6ea3e14a7b3e3,1.147576,20.0,1,12935,1,1,0,0,1,0,0,0,0,0,0,0,0,1
518,3,2793ffccc4b6b36e,0.862131,15.986595,0,12918,1,1,0,0,0,0,0,0,0,0,0,0,0,0
519,3,654b0af9344a69b8,1.69134,18.96782,1,12940,1,0,0,0,1,0,0,0,0,0,0,0,0,1
520,3,fdcd7b6d94a60cd3,1.271912,17.744573,1,12819,1,1,0,0,1,0,0,0,0,0,0,0,0,0
521,3,26ce6c4c4c6cab0c,1.999193,16.809679,1,13075,1,0,0,0,0,0,0,0,0,0,0,0,0,1
522,3,f33b59e159a4e7b2,1.501919,16.107328,1,13150,1,1,0,0,1,0,0,0,0,0,0,0,0,0
523,3,39a911730c211e46,2.171989,15.579678,1,13211,1,0,0,0,0,0,0,0,0,0,0,0,0,1
524,3,67061e8c68b9f45f,1.633367,18.677143,1,13005,1,1,0,0,1,0,0,0,0,0,0,0,0,1
525,3,e382cbc034491143,1.227087,17.510284,1,13209,1,1,0,0,1,0,0,0,0,0,0,0,0,0
526,3,60ab893d9ede959e,1.965518,16.633666,1,13172,1,0,0,0,0,0,0,0,0,0,0,0,0,1
527,3,e0a4ce1c79a31ea1,1.478098,19.469757,1,13066,1,1,0,0,1,0,0,0,0,0,0,0,0,1
528,3,eabbe59e02cec09b,3.197746,18.105745,1,13252,2,0,0,0,0,0,0,0,0,0,0,0,0,1
529,3,797c79e72c358f55,2.402347,17.081014,1,12660,1,1,0,0,1,0,0,0,0,0,0,0,0,0
530,3,eec51c80e71c8674,2.848447,16.311172,1,12833,1,0,0,0,0,0,0,0,0,0,0,0,0,1
531,3,ed05ce25372e3cbf,2.142073,15.746736,1,12721,1,1,0,0,1,0,0,0,0,0,0,0,0,0
532,3,f0b2ac213cc95cdd,2.652913,15.308778,1,12941,1,0,0,0,0,0,0,0,0,0,0,0,0,1
533,3,a7cd66fe9ed41f1f,1.993034,14.979757,1,13020,1,1,0,0,1,0,0,0,0,0,0,0,0,0
534,3,e4bbadba08e14d63,2.542941,14.745493,1,12787,1,0,0,0,0,0,0,0,0,0,0,0,0,1
535,3,aa14dd0b8608ae3d,1.910416,14.556582,1,12796,1,1,0,0,1,0,0,0,0,0,0,0,0,0
536,3,606892dd3b9be2a6,1.435224,17.893505,1,12634,1,1,0,0,1,0,0,0,0,0,0,0,0,1
537,3,59bc54d260153390,2.121884,13.442721,0,12623,1,0,0,0,0,0,0,0,0,0,0,0,0,0
538,3,fa00f6dcca1f99b8,1.595687,13.58962,1,12521,1,1,0,0,0,0,0,0,0,0,0,0,0,1
539,3,d2c885ec5b76dd75,2.242433,13.688218,1,12675,1,0,0,0,1,0,0,0,0,0,0,0,0,0
540,3,811bb49c8ac5e587,1.684656,17.241135,1,12602,1,1,0,0,1,0,0,0,0,0,0,0,0,1
541,3,0e5a01c862079543,2.311036,12.96558,0,12575,1,0,0,0,0,0,0,0,0,0,0,0,0,0
542,3,fad30bc024b90e12,1.736195,16.698244,1,12754,1,1,0,0,1,0,0,0,0,0,0,0,0,1
543,3,1aeeb449fd621ff7,2.347992,16.023611,1,12960,1,0,0,0,0,0,0,0,0,0,0,0,0,1
544,3,eb84ae6176dfa550,1.763958,15.516785,1,12911,1,1,0,0,1,0,0,0,0,0,0,0,0,0
545,3,fc17bb71c17e6d2b,1.326522,18.629847,1,12921,1,1,0,0,1,0,0,0,0,0,0,0,0,1
546,3,8ee5c338f452331d,2.04022,13.995907,0,12862,1,0,0,0,0,0,0,0,0,0,0,0,0,0
547,3,5c3aff62d91a47f6,1.532741,17.472291,1,12805,1,1,0,0,1,0,0,0,0,0,0,0,0,1
548,3,b04689e2cf504a8b,1.152643,13.139412,0,12762,1,1,0,0,0,0,0,0,0,0,0,0,0,0
549,3,b1bdf6259ccc6921,1.909591,16.828838,1,12914,1,0,0,0,1,0,0,0,0,0,0,0,0,1
550,3,8a91a2b17d51ac74,1.434604,16.121721,1,12855,1,1,0,0,1,0,0,0,0,0,0,0,0,0
551,4,1fd48474a6be9a50,2.121418,15.590491,1,13999,1,0,0,0,0,0,0,0,0,0,0,0,0,1
552,4,530e0ea8d92a6d51,1.595336,15.204773,1,14104,1,1,0,0,1,0,0,0,0,0,0,0,0,0
553,4,9d91a06f605c6d81,1.198517,18.380467,1,14165,1,1,0,0,1,0,0,0,0,0,0,0,0,1
554,4,1bedfd585b1aa4b9,1.944054,13.808558,0,14220,1,0,0,0,0,0,0,0,0,0,0,0,0,0
555,4,26a9669cba5af3ef,1.461956,17.345236,1,14128,1,1,0,0,1,0,0,0,0,0,0,0,0,1
556,4,4f55c5e4b2d3c044,2.141967,13.030827,0,14011,1,0,0,0,0,0,0,0,0,0,0,0,0,0
557,4,429a6cfc04b09590,1.609179,16.747262,1,14181,1,1,0,0,1,0,0,0,0,0,0,0,0,1
558,4,bfd1095e82cc3b3f,1.208916,16.060437,1,14093,1,1,0,0,1,0,0,0,0,0,0,0,0,0
559,4,e8a24dfe484cb614,0.909122,19.038681,1,14011,1,1,0,0,1,0,0,0,0,0,0,0,0,1
560,4,a8eb40163c807ab7,1.726643,14.303049,0,14005,1,0,0,0,0,0,0,0,0,0,0,0,0,0
561,4,b734eb68cadec0ba,1.297162,17.703035,1,13940,1,1,0,0,1,0,0,0,0,0,0,0,0,1
562,4,03ed9d518f369873,0.975485,16.793436,1,13954,1,1,0,0,1,0,0,0,0,0,0,0,0,0
563,4,cd43fcebe8f5e6e6,1.776498,16.095126,1,13997,1,0,0,0,0,0,0,0,0,0,0,0,0,1
564,4,338e1a6d9a9334b5,2.37827,19.049355,1,13927,2,1,0,0,1,0,0,0,0,0,0,0,0,1
565,4,f71f04d2a5841727,1.786706,17.789913,1,14028,1,1,0,0,1,0,0,0,0,0,0,0,0,0
566,4,dab4ff966e399802,1.343628,20.0,1,13913,1,1,0,0,1,0,0,0,0,0,0,0,0,1
567,4,339e340883d8ecaf,1.009417,18.758979,1,13907,1,1,0,0,1,0,0,0,0,0,0,0,0,0
568,4,0f3eea50b2030a66,1.801991,17.571764,1,14061,1,0,0,0,0,0,0,0,0,0,0,0,0,1
569,4,157d3461e0a7f335,1.355123,16.694719,1,13814,1,1,0,0,1,0,0,0,0,0,0,0,0,0
570,4,f1991b9aba19249f,1.018053,19.499807,1,14079,1,1,0,0,1,0,0,0,0,0,0,0,0,1
571,4,f0cae4ef532c2023,1.808479,18.128321,1,14181,1,0,0,0,0,0,0,0,0,0,0,0,0,1
572,4,7630abeab872e6cf,2.402296,20.0,1,13896,2,1,0,0,1,0,0,0,0,0,0,0,0,1
573,4,253c29c9cd31f14d,1.806561,18.954563,1,13936,1,1,0,0,1,0,0,0,0,0,0,0,0,0
574,4,1bcd43f2b236da2a,1.357201,20.0,1,13991,1,1,0,0,1,0,0,0,0,0,0,0,0,1
575,4,190012cb2cd5517d,1.019615,19.403766,1,13993,1,1,0,0,1,0,0,0,0,0,0,0,0,0
576,4,752285f96761bfac,0.766765,20.0,1,13952,1,1,0,0,1,0,0,0,0,0,0,0,0,1
577,4,8ce008444b943984,1.619695,19.670742,1,13748,1,0,0,0,0,0,0,0,0,0,0,0,0,1
578,4,815cbd6616cc478f,1.216816,18.256737,1,14064,1,1,0,0,1,0,0,0,0,0,0,0,0,0
579,4,ea182be542b69bac,0.914149,20.0,1,14021,1,1,0,0,1,0,0,0,0,0,0,0,0,1
580,4,98558a7fe6a345e2,0.687453,15.546611,0,13794,1,1,0,0,0,0,0,0,0,0,0,0,0,0
581,4,ea40987dff05550d,1.560111,18.637277,1,14008,1,0,0,0,1,0,0,0,0,0,0,0,0,1
582,4,bd84d51435d6859a,2.215706,20.0,1,14025,2,1,0,0,1,0,0,0,0,0,0,0,0,1
583,4,b3773e59edaae1a5,1.666243,20.0,1,13923,1,1,0,0,1,0,0,0,0,0,0,0,0,1
584,4,5dadae3439224eef,1.251786,17.070643,0,13995,1,1,0,0,0,0,0,0,0,0,0,0,0,0
585,4,bf32681d9402a0dc,1.984073,19.782225,1,14047,1,0,0,0,1,0,0,0,0,0,0,0,0,1
586,4,f7bd4e508f328e99,1.49056,20.0,1,14019,1,1,0,0,1,0,0,0,0,0,0,0,0,1
587,4,7c7cf98600a1ae76,1.120922,19.888953,1,13920,1,1,0,0,1,0,0,0,0,0,0,0,0,0
588,4,4330f499d34eea83,1.88576,18.420671,1,13960,1,0,0,0,0,0,0,0,0,0,0,0,0,1
589,4,574139667abb0c89,1.416701,17.317606,1,14093,1,1,0,0,1,0,0,0,0,0,0,0,0,0
590,4,92baeeda50fe0e26,1.06538,19.98409,1,13939,1,1,0,0,1,0,0,0,0,0,0,0,0,1
591,4,80a0120ed18f2275,0.80038,20.0,1,14019,1,1,0,0,1,0,0,0,0,0,0,0,0,1
592,4,8dedeb0367e4f2e3,2.688602,16.505983,0,13871,2,0,0,0,0,0,0,0,0,0,0,0,0,0
593,4,cce480df118a4b64,2.019846,19.358017,1,13942,1,1,0,0,1,0,0,0,0,0,0,0,0,1
594,4,74af5b71dff1f83a,1.518953,20.0,1,13843,1,1,0,0,1,0,0,0,0,0,0,0,0,1
595,4,5a3027c7f942d721,1.141133,19.644895,1,14068,1,1,0,0,1,0,0,0,0,0,0,0,0,0
596,4,a7f28a02bc25ffcb,1.900944,18.23732,1,13942,1,0,0,0,0,0,0,0,0,0,0,0,0,1
597,4,d5293be15af3da23,2.473687,20.0,1,13850,2,1,0,0,1,0,0,0,0,0,0,0,0,1
598,4,5fbd520df55a8630,1.858389,19.011746,1,14057,1,1,0,0,1,0,0,0,0,0,0,0,0,0
599,4,3bdfbc512c496928,1.396138,20.0,1,13911,1,1,0,0,1,0,0,0,0,0,0,0,0,1
600,4,1951e40916662b8e,2.09252,19.43604,1,13833,1,0,0,0,0,0,0,0,0,0,0,0,0,1
601,4,907c65a13f795e16,1.573605,20.0,1,13704,1,1,0,0,1,0,0,0,0,0,0,0,0,1
602,4,5acd553b9d7683bb,1.18219,19.688975,1,13999,1,1,0,0,1,0,0,0,0,0,0,0,0,0
603,4,1092b989fed9604c,0.888135,20.0,1,13998,1,1,0,0,1,0,0,0,0,0,0,0,0,1
604,4,0cd99c2508491f4d,1.712041,20.0,1,13862,2,1,0,0,1,0,0,0,0,0,0,0,0,1
605,4,f5ecba85c3d44a61,2.329846,20.0,1,13918,1,0,0,0,0,0,0,0,0,0,0,0,0,1
606,4,6909b0fbd85f93b4,1.750326,20.0,1,14047,1,1,0,0,1,0,0,0,0,0,0,0,0,1
607,4,c3b33a0555f7ba33,1.314954,20.0,1,13981,1,1,0,0,1,0,0,0,0,0,0,0,0,0
608,4,827b434043f4964e,2.033015,18.938807,1,13868,1,0,0,0,0,0,0,0,0,0,0,0,0,1
609,4,11385a7444372124,1.527328,17.706862,1,13895,1,1,0,0,1,0,0,0,0,0,0,0,0,0
610,4,c8195c0fd4249d3f,2.191078,20.0,1,13894,2,1,0,0,1,0,0,0,0,0,0,0,0,1
611,4,51e269a22f38096a,1.647722,20.0,1,13912,1,1,0,0,1,0,0,0,0,0,0,0,0,1
612,4,35db90f1d130ec05,1.237872,20.0,1,13948,1,1,0,0,0,0,0,0,0,0,0,0,0,1
613,4,4f55ed2486312fd2,1.97362,18.620234,1,13842,1,0,0,0,1,0,0,0,0,0,0,0,0,0
614,4,355d9367d5ba0cb3,2.52636,20.0,1,14003,2,1,0,0,1,0,0,0,0,0,0,0,0,1
615,4,fc1fc1d0898ec396,1.899859,20.0,1,14003,1,1,0,0,1,0,0,0,0,0,0,0,0,1
616,4,9fe2b489a847289b,2.470946,20.0,1,13948,1,0,0,0,0,0,0,0,0,0,0,0,0,1
617,4,a430de40e1c20213,1.85633,18.911472,1,13824,1,1,0,0,1,0,0,0,0,0,0,0,0,0
618,4,c12b4f05790372b4,2.440137,20.0,1,13744,2,1,0,0,1,0,0,0,0,0,0,0,0,1
619,4,614e4d2b1a2514c4,1.833184,19.392615,1,13862,1,1,0,0,0,0,0,0,0,0,0,0,0,1
620,4,28b7f09f97db9afe,2.420856,20.0,1,13896,1,0,0,0,1,0,0,0,0,0,0,0,0,1
621,4,08983b2c075f5163,1.818698,19.651001,1,13914,1,1,0,0,1,0,0,0,0,0,0,0,0,0
622,4,4abc2efcfa8d07cf,1.367687,18.258335,1,13836,1,1,0,0,0,0,0,0,0,0,0,0,0,1
623,4,b8a0db1ddc95a340,2.071146,17.195649,1,13951,1,0,0,0,1,0,0,0,0,0,0,0,0,0
624,4,f6958a499ea66994,2.599628,19.876137,1,14003,2,1,0,0,1,0,0,0,0,0,0,0,0,1
625,4,4e9f28886ead2dd3,1.954957,20.0,1,13726,1,1,0,0,1,0,0,0,0,0,0,0,0,1
626,4,c155268ee10081e0,2.512339,19.937613,1,13778,1,0,0,0,0,0,0,0,0,0,0,0,0,1
627,4,590e68b029f19bcd,1.887427,18.457227,1,14019,1,1,0,0,1,0,0,0,0,0,0,0,0,0
628,4,599580c24e5f6ef4,1.417953,17.34507,1,13859,1,1,0,0,0,0,0,0,0,0,0,0,0,1
629,4,140dbdc241533353,2.110471,16.524241,1,13926,1,0,0,0,1,0,0,0,0,0,0,0,0,0
630,4,1725d2874b813441,2.629172,19.371734,1,13975,2,1,0,0,1,0,0,0,0,0,0,0,0,1
631,4,507896d8cf390987,1.975198,20.0,1,13845,1,1,0,0,1,0,0,0,0,0,0,0,0,1
632,4,2dcdf0d2087f3e6d,2.529528,16.17654,0,13856,1,0,0,0,0,0,0,0,0,0,0,0,0,0
633,4,fe25c3145e5e7ae6,1.90034,19.110519,1,13939,1,1,0,0,1,0,0,0,0,0,0,0,0,1
634,4,5db15f647d09f074,2.471308,17.835863,1,14001,1,0,0,0,0,0,0,0,0,0,0,0,0,1
635,4,1b9600db42f883a0,1.856601,16.878261,1,13948,1,1,0,0,1,0,0,0,0,0,0,0,0,0
636,4,e0c6572184c269a7,2.440341,16.173195,1,13912,1,0,0,0,0,0,0,0,0,0,0,0,0,1
637,4,bbee4797dd4a42fb,1.833337,15.629161,1,13655,1,1,0,0,1,0,0,0,0,0,0,0,0,0
638,4,d5bcdda2ed57a3b0,2.420971,15.220449,1,13951,1,0,0,0,0,0,0,0,0,0,0,0,0,1
639,4,ace5c4b1aebeba7c,1.820605,14.926496,1,13803,1,1,0,0,1,0,0,0,0,0,0,0,0,0
640,4,46252c684e301e3a,2.411406,18.171408,1,13819,2,1,0,0,1,0,0,0,0,0,0,0,0,1
641,4,6f5a681068fdc2ef,2.855252,17.130344,1,13649,1,0,0,0,0,0,0,0,0,0,0,0,0,1
642,4,55548a980d6fb167,2.145044,19.827076,1,13756,1,1,0,0,1,0,0,0,0,0,0,0,0,1
643,4,d06d1ede93cb5c7d,1.613104,20.0,1,13803,1,1,0,0,1,0,0,0,0,0,0,0,0,1
644,4,91582df11b595276,2.255518,16.43105,0,13842,1,0,0,0,0,0,0,0,0,0,0,0,0,0
645,4,212c883ce6be1ec0,1.694486,19.301723,1,14004,1,1,0,0,1,0,0,0,0,0,0,0,0,1
646,4,3fdd42ad881bc2dd,1.274278,20.0,1,13882,1,1,0,0,1,0,0,0,0,0,0,0,0,1
647,4,f4ace81864a8670b,0.957317,19.613091,1,13819,1,1,0,0,1,0,0,0,0,0,0,0,0,0
648,4,6fd920ab1364e5c3,1.76285,18.213427,1,13917,1,0,0,0,0,0,0,0,0,0,0,0,0,1
649,4,d9e9c8247dfec9be,1.324363,20.0,1,13864,1,1,0,0,1,0,0,0,0,0,0,0,0,1
650,4,3af1275904426620,0.99594,19.002644,1,13704,1,1,0,0,1,0,0,0,0,0,0,0,0,0
651,4,9c070f7c4029965e,1.791866,17.754821,1,13755,1,0,0,0,0,0,0,0,0,0,0,0,0,1
652,4,cd13dd21f44f4a1e,1.346162,16.817378,1,13865,1,1,0,0,1,0,0,0,0,0,0,0,0,0
653,4,1006a569a32ea238,2.056483,16.127409,1,13659,1,0,0,0,0,0,0,0,0,0,0,0,0,1
654,4,24a680cf6118e524,1.544959,15.594764,1,13701,1,1,0,0,1,0,0,0,0,0,0,0,0,0
655,4,e6ef03d32689b62b,1.16067,18.673452,1,13735,1,1,0,0,1,0,0,0,0,0,0,0,0,1
656,4,95df3e787da6ff05,0.871968,17.507511,1,13776,1,1,0,0,0,0,0,0,0,0,0,0,0,1
657,4,db344f8c196824c0,1.699883,16.6464,1,13681,1,0,0,0,1,0,0,0,0,0,0,0,0,0
658,4,bad657e1b818a26d,1.277058,19.463507,1,13778,1,1,0,0,1,0,0,0,0,0,0,0,0,1
659,4,ffa869edd5521486,0.959406,20.0,1,13839,1,1,0,0,1,0,0,0,0,0,0,0,0,1
660,4,226bd1365c51a1da,0.721487,19.70889,1,13847,1,1,0,0,1,0,0,0,0,0,0,0,0,0
661,4,6d03386997c5cbf3,1.58568,18.285397,1,13761,2,1,0,0,0,0,0,0,0,0,0,0,0,1
662,4,17e6d47843b58709,2.234915,20.0,1,13760,1,0,0,0,1,0,0,0,0,0,0,0,0,1
663,4,34417e828e4e07d3,1.679008,20.0,1,13787,1,1,0,0,1,0,0,0,0,0,0,0,0,1
664,4,281f9efc8d219d12,1.262638,20.0,1,13715,1,1,0,0,1,0,0,0,0,0,0,0,0,1
665,4,600deb331ca51a52,0.948573,20.0,1,13820,1,1,0,0,1,0,0,0,0,0,0,0,0,0
666,4,b6ca2385ec283e38,1.756281,19.572978,1,13639,1,0,0,0,0,0,0,0,0,0,0,0,0,1
667,4,39b4e1e8d2e80afc,1.320748,20.0,1,13756,1,1,0,0,1,0,0,0,0,0,0,0,0,1
668,4,52058bc17d61d9a9,2.035882,20.0,1,13788,2,1,0,0,1,0,0,0,0,0,0,0,0,1
669,4,678f05a8dbda2b0c,1.529482,20.0,1,13729,1,1,0,0,1,0,0,0,0,0,0,0,0,0
670,4,8c7f503bb0f02c9e,2.192696,19.211848,1,13640,1,0,0,0,0,0,0,0,0,0,0,0,0,1
671,4,559aae2a6b89546b,1.648939,17.928085,1,13758,1,1,0,0,1,0,0,0,0,0,0,0,0,0
672,4,c62046bb1f5139dd,1.238786,20.0,1,13732,1,1,0,0,1,0,0,0,0,0,0,0,0,1
673,4,fc0b7129fd488a35,1.974307,18.824427,1,14667,1,0,0,0,0,0,0,0,0,0,0,0,0,1
674,4,e2ef551721558fbf,1.484707,17.636739,1,14406,1,1,0,0,1,0,0,0,0,0,0,0,0,0
675,4,796d4a2d980fb089,2.159058,20.0,1,14665,2,1,0,0,1,0,0,0,0,0,0,0,0,1
676,4,371846c1e4f0deef,1.62202,20.0,1,14538,1,1,0,0,1,0,0,0,0,0,0,0,0,1
677,4,1e1ceb7e516ce972,2.262216,20.0,1,15608,1,0,0,0,0,0,0,0,0,0,0,0,0,1
678,4,468b18d834e71a91,1.701219,20.0,1,15669,1,1,0,0,1,0,0,0,0,0,0,0,0,1
679,4,671c72427eb7b553,2.321715,20.0,1,15616,2,1,0,0,1,0,0,0,0,0,0,0,0,1
680,4,bc2657eecf61f3cc,1.744218,20.0,1,15694,1,1,0,0,1,0,0,0,0,0,0,0,0,0
681,4,ac6102baf6bc3e9f,3.399978,19.400948,1,15773,2,0,0,0,0,0,0,0,0,0,0,0,0,1
682,4,7b82eeb26a610601,2.554276,20.0,1,15531,1,1,0,0,1,0,0,0,0,0,0,0,0,1
683,4,82648ad9503f38fb,1.918932,20.0,1,15812,1,1,0,0,1,0,0,0,0,0,0,0,0,1
684,4,9ebc1834bd5ff9ea,2.485275,20.0,1,15452,2,1,0,0,0,0,0,0,0,0,0,0,0,1
685,4,6bb4c38c44bd3eeb,1.868963,19.166742,1,15158,1,1,0,0,1,0,0,0,0,0,0,0,0,0
686,4,4088e016e9e1c720,2.447735,20.0,1,15181,1,0,0,0,1,0,0,0,0,0,0,0,0,1
687,4,ba03d8d1381ca1fb,1.838892,19.523519,1,15034,1,1,0,0,1,0,0,0,0,0,0,0,0,0
688,4,5c63f10ad74a7664,2.427023,20.0,1,14932,2,1,0,0,1,0,0,0,0,0,0,0,0,2
689,4,89ba1c28d5ae0eb1,2.866985,18.874324,0,13860,1,0,0,0,0,0,0,0,0,0,0,0,0,0
690,4,ffd71024e7a317eb,3.197512,20.0,1,13341,2,1,0,0,1,0,0,0,0,0,0,0,0,1
691,4,ecd515e7acf7951d,2.402171,20.0,1,13095,1,1,0,0,1,0,0,0,0,0,0,0,0,1
692,4,2f4b3a76e1870f40,1.806467,20.0,1,13078,1,1,0,0,1,0,0,0,0,0,0,0,0,1
693,4,7a85218b15a5bed6,0.313478,20.0,1,13302,0,1,0,0,1,0,0,0,0,0,0,0,0,0
694,4,7f7eded669bd7025,0.235504,19.714054,1,13256,1,1,0,0,1,0,0,0,0,0,0,0,0,0
695,4,b01cccb653143cc2,2.265404,18.305752,1,13392,2,0,0,0,0,0,0,0,0,0,0,0,0,1
696,4,61b6ecaf4b846787,1.701913,20.0,1,13664,1,1,0,0,1,0,0,0,0,0,0,0,0,1
697,4,6f203f3936875e08,1.278584,20.0,1,13879,1,1,0,0,1,0,0,0,0,0,0,0,0,1
698,4,799bc911da657005,2.004205,16.915748,0,14873,1,0,0,0,0,0,0,0,0,0,0,0,0,0
699,4,1e9f4ead292e5259,1.507191,19.681887,1,14479,1,1,0,0,1,0,0,0,0,0,0,0,0,1
700,4,9c2989cfd6edb997,1.132296,18.265111,1,14602,1,1,0,0,1,0,0,0,0,0,0,0,0,0
701,4,eb885094c9c0e2cf,1.894305,20.0,1,14425,2,1,0,0,1,0,0,0,0,0,0,0,0,1
702,4,bbda585d026d8ff7,2.468695,19.031844,1,14320,1,0,0,0,0,0,0,0,0,0,0,0,0,1
703,4,70b559f7cda05bfa,1.854638,20.0,1,15476,1,1,0,0,1,0,0,0,0,0,0,0,0,1
704,4,458d3c401dad43e5,1.39332,19.447383,1,15277,1,1,0,0,1,0,0,0,0,0,0,0,0,0
705,4,63a8493a6fe6419c,2.090403,20.0,1,15255,2,1,0,0,1,0,0,0,0,0,0,0,0,1
706,4,07fa0dc196fd3ba9,2.616163,19.699781,1,15136,1,0,0,0,0,0,0,0,0,0,0,0,0,1
707,4,406f8d487d1c08ad,1.965426,20.0,1,15045,1,1,0,0,1,0,0,0,0,0,0,0,0,1
708,4,ed9f613d8d821911,2.520204,20.0,1,15185,2,1,0,0,1,0,0,0,0,0,0,0,0,1
709,4,be8856801b7fd801,1.895229,20.0,1,15386,1,1,0,0,1,0,0,0,0,0,0,0,0,1
710,4,aaa5a9c15f2b0457,2.467468,20.0,1,15193,1,0,0,0,0,0,0,0,0,0,0,0,0,1
711,4,b784b10c663764d2,1.853717,19.911791,1,15283,1,1,0,0,1,0,0,0,0,0,0,0,0,0
712,4,427f96911351b356,1.392628,20.0,1,15021,1,1,0,0,1,0,0,0,0,0,0,0,0,1
713,4,0bd6122e0ce341ac,3.135577,19.962153,1,15283,2,0,0,0,0,0,0,0,0,0,0,0,0,1
714,4,470103cf26cae096,2.355642,20.0,1,15408,1,1,0,0,1,0,0,0,0,0,0,0,0,1
715,4,1df778485d4838dc,2.813359,19.972446,1,13993,2,1,0,0,1,0,0,0,0,0,0,0,0,0
716,4,e280bae25965601c,3.159837,18.500066,1,12625,1,0,0,0,0,0,0,0,0,0,0,0,0,1
717,4,de09487d1ecb00bd,3.417521,20.0,1,12787,2,1,0,0,1,0,0,0,0,0,0,0,0,1
718,4,c23ca503212c3dbc,2.567455,19.14725,1,12816,1,1,0,0,1,0,0,0,0,0,0,0,0,0
719,4,a219c63372a87a49,2.972487,17.863458,1,12884,1,0,0,0,0,0,0,0,0,0,0,0,0,1
720,4,1a0341e44416bead,2.235352,20.0,1,13227,1,1,0,0,1,0,0,0,0,0,0,0,0,1
721,4,4966c9a23eba8eee,2.72299,15.321684,0,13261,1,0,0,0,0,0,0,0,0,0,0,0,0,0
722,4,2c68a2220e7dda10,2.045681,18.468298,1,13731,1,1,0,0,1,0,0,0,0,0,0,0,0,1
723,4,d3cbdb4de5f10428,2.582531,13.888423,0,14659,1,0,0,0,0,0,0,0,0,0,0,0,0,0
724,4,5f52ebb79ae5fe4d,1.940159,17.391542,1,14608,1,1,0,0,1,0,0,0,0,0,0,0,0,1
725,4,e31cd60c426df3fd,1.457569,20.0,1,14382,1,1,0,0,1,0,0,0,0,0,0,0,0,1
726,4,aa059ab8e70ee3ce,3.182324,18.521605,1,16110,2,0,0,0,0,0,0,0,0,0,0,0,0,1
727,4,94f2ef8e54a9e609,2.393153,20.0,1,16314,1,1,0,0,1,0,0,0,0,0,0,0,0,1
728,4,7681e1e270510d78,1.797886,15.693511,0,16099,1,1,0,0,0,0,0,0,0,0,0,0,0,0
729,4,917568eb59d6685e,2.394338,18.747637,1,16123,1,0,0,0,1,0,0,0,0,0,0,0,0,1
730,4,f33af47a53fa0ffc,2.844727,20.0,1,15834,2,1,0,0,1,0,0,0,0,0,0,0,0,1
731,4,07cfc2050ca96879,3.18079,19.300055,1,15751,1,0,0,0,0,0,0,0,0,0,0,0,0,1
732,4,85bd4f8029a075a1,3.433262,20.0,1,16442,2,1,0,0,1,0,0,0,0,0,0,0,0,1
733,4,eb134def3aa62950,3.622935,16.119916,0,16424,1,0,0,0,0,0,0,0,0,0,0,0,0,0
734,4,9e0b9488232b712a,2.724499,19.08341,1,16008,1,1,0,0,1,0,0,0,0,0,0,0,0,1
735,4,e9b0dc6b62ba72ac,2.046814,20.0,1,16191,1,1,0,0,1,0,0,0,0,0,0,0,0,1
736,4,f330838d4727c097,1.537695,19.476487,1,15928,1,1,0,0,1,0,0,0,0,0,0,0,0,0
737,4,ea3a22cd5c263f74,3.244669,18.127098,1,15828,2,0,0,0,0,0,0,0,0,0,0,0,0,1
738,4,593f028fbdd10edf,2.437599,20.0,1,14015,1,1,0,0,1,0,0,0,0,0,0,0,0,1
739,4,859bfeda3b30483c,2.87493,18.936749,1,12803,1,0,0,0,0,0,0,0,0,0,0,0,0,1
740,4,5dc716f6d3c0daf6,2.159828,17.705316,1,12882,1,1,0,0,1,0,0,0,0,0,0,0,0,0
741,4,c600c2729bee2415,1.624221,20.0,1,12849,1,1,0,0,1,0,0,0,0,0,0,0,0,1
742,4,25d6ccda1149ba47,2.26387,15.23234,0,12730,1,0,0,0,0,0,0,0,0,0,0,0,0,0
743,4,fe39fa63a73e0ddd,1.700761,18.401177,1,13001,1,1,0,0,1,0,0,0,0,0,0,0,0,1
744,4,bdcd3b608ddd2175,1.278996,20.0,1,12842,1,1,0,0,1,0,0,0,0,0,0,0,0,1
745,4,c93a1680c8acc679,2.004516,15.625474,0,13179,1,0,0,0,0,0,0,0,0,0,0,0,0,0
746,4,30f363ed4af208af,1.505918,18.696524,1,12892,1,1,0,0,1,0,0,0,0,0,0,0,0,1
747,4,e9421d6d66845f29,1.13134,20.0,1,12923,1,1,0,0,1,0,0,0,0,0,0,0,0,1
748,5,1fd48474a6be9a50,0.850784,19.275575,1,13958,1,1,0,0,1,0,0,0,0,0,0,0,0,0
749,5,530e0ea8d92a6d51,0.639162,20.0,1,14209,1,1,0,0,1,0,0,0,0,0,0,0,0,1
750,5,9d91a06f605c6d81,1.523832,16.1061,0,14085,1,0,0,0,0,0,0,0,0,0,0,0,0,0
751,5,1bedfd585b1aa4b9,1.145943,19.07302,1,14129,1,1,0,0,1,0,0,0,0,0,0,0,0,1
752,5,26a9669cba5af3ef,0.860904,17.807691,1,14263,1,1,0,0,1,0,0,0,0,0,0,0,0,0
753,5,4f55c5e4b2d3c044,0.646765,20.0,1,14286,1,1,0,0,1,0,0,0,0,0,0,0,0,1
754,5,429a6cfc04b09590,1.529544,15.277633,0,14005,1,0,0,0,0,0,0,0,0,0,0,0,0,0
755,5,bfd1095e82cc3b3f,1.150239,18.450001,1,14052,1,1,0,0,1,0,0,0,0,0,0,0,0,1
756,5,e8a24dfe484cb614,0.864131,13.860796,0,14007,1,1,0,0,0,0,0,0,0,0,0,0,0,0
757,5,a8eb40163c807ab7,1.692843,17.370787,1,13986,1,0,0,0,1,0,0,0,0,0,0,0,0,1
758,5,b734eb68cadec0ba,1.273042,16.543581,1,13975,1,1,0,0,1,0,0,0,0,0,0,0,0,0
759,5,03ed9d518f369873,0.956389,19.386263,1,13969,1,1,0,0,1,0,0,0,0,0,0,0,0,1
760,5,cd43fcebe8f5e6e6,1.762153,18.043019,1,13970,1,0,0,0,0,0,0,0,0,0,0,0,0,1
761,5,338e1a6d9a9334b5,1.323839,17.03389,1,13913,1,1,0,0,1,0,0,0,0,0,0,0,0,0
762,5,f71f04d2a5841727,0.995546,19.770732,1,13981,1,1,0,0,1,0,0,0,0,0,0,0,0,1
763,5,dab4ff966e399802,1.79157,14.853012,0,13980,1,0,0,0,0,0,0,0,0,0,0,0,0,0
764,5,339e340883d8ecaf,1.345939,18.116201,1,13907,1,1,0,0,1,0,0,0,0,0,0,0,0,1
765,5,0f3eea50b2030a66,1.012166,17.104143,1,14023,1,1,0,0,1,0,0,0,0,0,0,0,0,0
766,5,157d3461e0a7f335,0.760402,19.807393,1,13982,1,1,0,0,1,0,0,0,0,0,0,0,0,1
767,5,f1991b9aba19249f,2.658568,18.359398,1,14134,2,0,0,0,0,0,0,0,0,0,0,0,0,1
768,5,f0cae4ef532c2023,1.997283,20.0,1,13969,1,1,0,0,1,0,0,0,0,0,0,0,0,1
769,5,7630abeab872e6cf,1.501985,19.085112,1,13949,1,1,0,0,1,0,0,0,0,0,0,0,0,0
770,5,253c29c9cd31f14d,1.128385,20.0,1,13837,1,1,0,0,1,0,0,0,0,0,0,0,0,1
771,5,1bcd43f2b236da2a,0.847714,19.477448,1,14095,1,1,0,0,0,0,0,0,0,0,0,0,0,1
772,5,190012cb2cd5517d,1.681643,18.12782,1,13757,1,0,0,0,1,0,0,0,0,0,0,0,0,0
773,5,752285f96761bfac,1.263356,20.0,1,13902,1,1,0,0,1,0,0,0,0,0,0,0,0,1
774,5,8ce008444b943984,0.949112,18.937157,1,14013,1,1,0,0,1,0,0,0,0,0,0,0,0,0
775,5,815cbd6616cc478f,0.713032,20.0,1,13957,1,1,0,0,1,0,0,0,0,0,0,0,0,1
776,5,ea182be542b69bac,1.580361,15.931021,0,13999,1,0,0,0,0,0,0,0,0,0,0,0,0,0
777,5,98558a7fe6a345e2,1.187266,18.92607,1,13938,1,1,0,0,1,0,0,0,0,0,0,0,0,1
778,5,d0c4a3176ddba144,0.891949,17.697293,1,14081,1,1,0,0,1,0,0,0,0,0,0,0,0,0
779,5,dd1e5f78efae9bca,0.670758,20.0,1,13851,1,1,0,0,1,0,0,0,0,0,0,0,0,1
780,5,16a5a908ff857a66,2.591222,18.706652,1,14025,2,0,0,0,0,0,0,0,0,0,0,0,0,1
781,5,95f8390a45c16b78,0.903035,17.532453,1,13959,0,1,0,0,1,0,0,0,0,0,0,0,0,0
782,5,19bc916e0d18e327,1.72207,20.0,1,14088,2,1,0,0,1,0,0,0,0,0,0,0,0,1
783,5,917ea3f24291f013,2.339172,18.617921,1,13882,1,0,0,0,0,0,0,0,0,0,0,0,0,1
784,5,348da937a7d4307f,1.757332,20.0,1,14048,1,1,0,0,1,0,0,0,0,0,0,0,0,1
785,5,640dfa32a706e2eb,1.320218,19.213767,1,14133,1,1,0,0,1,0,0,0,0,0,0,0,0,0
786,5,029ef519e99e1b01,0.992823,20.0,1,13928,1,1,0,0,1,0,0,0,0,0,0,0,0,1
787,5,02a6dc965886850a,0.745871,19.5634,1,13944,1,1,0,0,1,0,0,0,0,0,0,0,0,0
788,5,534cc916790ecb89,1.603998,18.176096,1,13936,2,1,0,0,0,0,0,0,0,0,0,0,0,1
789,5,535d3d6cdf62dd24,2.248677,20.0,1,13891,1,0,0,0,1,0,0,0,0,0,0,0,0,1
790,5,683aa3ef9fea1994,1.691037,20.0,1,14012,1,1,0,0,1,0,0,0,0,0,0,0,0,1
791,5,09824303c417f357,1.270413,20.0,1,13866,1,1,0,0,1,0,0,0,0,0,0,0,0,1
792,5,bd8c9d35243af573,3.041721,17.904535,0,13925,2,0,0,0,0,0,0,0,0,0,0,0,0,0
793,5,cdd2e73c3dc9fd46,2.287417,20.0,1,13903,1,1,0,0,1,0,0,0,0,0,0,0,0,1
794,5,1794af5e9b422570,1.718451,20.0,1,13890,1,1,0,0,1,0,0,0,0,0,0,0,0,1
795,5,7787f9ec6f8cb5ee,2.334661,16.755095,0,13895,1,0,0,0,0,0,0,0,0,0,0,0,0,0
796,5,cb38324ee7829c3c,1.753944,19.545165,1,13863,1,1,0,0,1,0,0,0,0,0,0,0,0,1
797,5,3e0363c9588a642a,1.318991,20.0,1,14079,1,1,0,0,1,0,0,0,0,0,0,0,0,1
798,5,a334a8527ade45d4,2.034562,16.271782,0,14159,1,0,0,0,0,0,0,0,0,0,0,0,0,0
799,5,138a27011e2db29e,2.572144,19.182071,1,14134,2,1,0,0,1,0,0,0,0,0,0,0,0,1
800,5,d30f8730fde55895,1.934289,20.0,1,14071,1,1,0,0,1,0,0,0,0,0,0,0,0,1
801,5,0ed840a5f06fa1a5,1.453159,20.0,1,14076,1,1,0,0,1,0,0,0,0,0,0,0,0,1
802,5,bd0a57e317a75d2c,2.135357,20.0,1,13934,1,0,0,0,0,0,0,0,0,0,0,0,0,1
803,5,59312ce0927659a5,1.604214,19.087203,1,13920,1,1,0,0,1,0,0,0,0,0,0,0,0,0
804,5,27b8bc9cdb40cc84,1.206392,20.0,1,13992,1,1,0,0,1,0,0,0,0,0,0,0,0,1
805,5,9ccfe455513c06bb,2.993624,19.491896,1,13897,2,0,0,0,0,0,0,0,0,0,0,0,0,1
806,5,b0935f554c89af66,2.248998,20.0,1,13970,1,1,0,0,1,0,0,0,0,0,0,0,0,1
807,5,b914eea3d13fa916,1.691278,20.0,1,13897,1,1,0,0,1,0,0,0,0,0,0,0,0,1
808,5,b3fd9f0e60427045,2.314248,17.433372,0,13862,1,0,0,0,0,0,0,0,0,0,0,0,0,0
809,5,48176576d09981b8,1.738608,20.0,1,13912,1,1,0,0,1,0,0,0,0,0,0,0,0,1
810,5,0689438d8e99ed3e,2.349804,20.0,1,13948,2,1,0,0,1,0,0,0,0,0,0,0,0,1
811,5,abbb7837f6f1aa60,2.811237,20.0,1,13844,1,0,0,0,0,0,0,0,0,0,0,0,0,1
812,5,7883239ed58133d7,2.111977,18.536331,1,13882,1,1,0,0,1,0,0,0,0,0,0,0,0,0
813,5,0cc399bd6318e860,1.586649,20.0,1,13857,1,1,0,0,1,0,0,0,0,0,0,0,0,1
814,5,80dbdc313ac24a14,1.193183,19.185072,1,13833,1,1,0,0,1,0,0,0,0,0,0,0,0,0
815,5,017dcc90838402fc,0.896394,17.891872,1,13738,1,1,0,0,0,0,0,0,0,0,0,0,0,1
816,5,832d003772f94809,1.717081,20.0,1,13912,1,0,0,0,1,0,0,0,0,0,0,0,0,1
817,5,1f0856ef8813fb4c,1.289978,18.803989,1,13800,1,1,0,0,1,0,0,0,0,0,0,0,0,0
818,5,6b2520495f008149,2.014233,20.0,1,13836,2,1,0,0,1,0,0,0,0,0,0,0,0,1
819,5,3b2ced347bc5d8e4,2.556871,15.853047,0,13926,1,0,0,0,0,0,0,0,0,0,0,0,0,0
820,5,c75a532fa44080bf,1.920882,18.86749,1,13908,1,1,0,0,1,0,0,0,0,0,0,0,0,1
821,5,67c321b439d7cb83,1.44453,20.0,1,13768,1,1,0,0,1,0,0,0,0,0,0,0,0,1
822,5,9f55f0d732aa01c5,1.085222,20.0,1,13820,1,1,0,0,1,0,0,0,0,0,0,0,0,1
823,5,68cc83c2ee9e4353,1.85894,17.163805,0,13868,1,0,0,0,0,0,0,0,0,0,0,0,0,0
824,5,82d066426bef34de,2.440205,19.852214,1,13884,2,1,0,0,1,0,0,0,0,0,0,0,0,1
825,5,d30647ef1fe57b43,2.87922,18.40965,1,13854,1,0,0,0,0,0,0,0,0,0,0,0,0,1
826,5,874df85641ce7d82,2.16305,20.0,1,13949,1,1,0,0,1,0,0,0,0,0,0,0,0,1
827,5,2ac3a4c7d20ba310,1.625019,20.0,1,13825,1,1,0,0,1,0,0,0,0,0,0,0,0,1
828,5,198c6d4238c44977,2.266188,20.0,1,13608,1,0,0,0,0,0,0,0,0,0,0,0,0,1
829,5,45865ef06760a501,2.746155,18.847628,1,13813,2,1,0,0,1,0,0,0,0,0,0,0,0,0
830,5,cda3cfc07c857e15,2.063084,17.638363,1,13665,1,1,0,0,0,0,0,0,0,0,0,0,0,1
831,5,27f34fbf70c6fd5e,2.593571,16.729887,1,13825,1,0,0,0,1,0,0,0,0,0,0,0,0,0
832,5,8ec05878b6fd3ce5,1.950403,19.542117,1,13747,1,1,0,0,1,0,0,0,0,0,0,0,0,1
833,5,d67fe1b3f4dac46a,2.508918,18.160107,1,13816,1,0,0,0,0,0,0,0,0,0,0,0,0,1
834,5,cab5af4452644b8d,1.884856,17.121854,1,13830,1,1,0,0,1,0,0,0,0,0,0,0,0,0
835,5,030e334e062c2987,2.461589,16.35638,1,13805,1,0,0,0,0,0,0,0,0,0,0,0,0,1
836,5,1188b8eb1da97757,1.8493,19.245626,1,13769,1,1,0,0,1,0,0,0,0,0,0,0,0,1
837,5,888a18f69df54106,1.38931,17.937364,1,13693,1,1,0,0,1,0,0,0,0,0,0,0,0,0
838,5,fb70b0684588b99a,1.043737,20.0,1,13550,1,1,0,0,1,0,0,0,0,0,0,0,0,1
839,5,b513b2a0d8918911,1.829055,18.84668,1,13498,1,0,0,0,0,0,0,0,0,0,0,0,0,1
840,5,abd3b9157c28f144,1.374101,17.63765,1,13583,1,1,0,0,1,0,0,0,0,0,0,0,0,0
841,5,e44af2bf104e6548,2.075964,16.729352,1,13560,1,0,0,0,0,0,0,0,0,0,0,0,0,1
842,5,24f2a571096c80f8,1.561155,16.061213,1,13438,1,1,0,0,1,0,0,0,0,0,0,0,0,0
843,5,eaca14a852f8f0bc,1.172837,19.023878,1,13829,1,1,0,0,1,0,0,0,0,0,0,0,0,1
844,5,555277eab7f97d98,1.924762,14.291928,0,13683,1,0,0,0,0,0,0,0,0,0,0,0,0,0
845,5,83da619799e8c297,1.446002,17.69468,1,13685,1,1,0,0,1,0,0,0,0,0,0,0,0,1
846,5,012cb8b7519062ff,1.087414,20.0,1,13670,1,1,0,0,1,0,0,0,0,0,0,0,0,1
847,5,d337979599d7b5e7,1.860587,15.226332,0,13529,1,0,0,0,0,0,0,0,0,0,0,0,0,0
848,5,f58cc74a18ca6f5e,1.397789,18.396663,1,13638,1,1,0,0,1,0,0,0,0,0,0,0,0,1
849,5,55f5229639b6154f,1.051157,17.315054,1,13500,1,1,0,0,0,0,0,0,0,0,0,0,0,1
850,5,fc5b0585ddcf0fa5,1.833349,16.486998,1,13556,1,0,0,0,1,0,0,0,0,0,0,0,0,0
851,5,784d948f8e47bd92,1.377326,19.343754,1,13547,1,1,0,0,1,0,0,0,0,0,0,0,0,1
852,5,f4587264a61a5c6a,1.034734,18.011084,1,13466,1,1,0,0,1,0,0,0,0,0,0,0,0,0
853,5,7f03e1d1a2d79f7a,1.822285,17.025093,1,13625,1,0,0,0,0,0,0,0,0,0,0,0,0,1
854,5,f382d28b35b35aba,1.369015,16.269161,1,13606,1,1,0,0,1,0,0,0,0,0,0,0,0,0
855,5,ac5a68f06eb231c5,1.02849,19.180101,1,13686,1,1,0,0,1,0,0,0,0,0,0,0,0,1
856,5,72e5ed2ee4a6ce2d,1.817589,17.904211,1,13496,1,0,0,0,0,0,0,0,0,0,0,0,0,1
857,5,20462e454ea2294e,1.365487,16.929609,1,13503,1,1,0,0,1,0,0,0,0,0,0,0,0,0
858,5,daea530305e3900a,1.025839,19.676272,1,13604,1,1,0,0,1,0,0,0,0,0,0,0,0,1
859,5,a6e888f1ebd4028f,0.770675,18.260892,1,13515,1,1,0,0,1,0,0,0,0,0,0,0,0,0
860,5,c4f8b36b115b45b7,0.579558,17.212953,1,13520,1,1,0,0,0,0,0,0,0,0,0,0,0,1
861,5,9db8cab8d5871e85,0.435401,16.410292,1,13586,1,1,0,0,1,0,0,0,0,0,0,0,0,0
862,5,e742e6069af38ad4,1.370753,19.286128,1,13684,1,0,0,0,1,0,0,0,0,0,0,0,0,1
863,5,e38814be82db23bd,2.074977,20.0,1,13562,2,1,0,0,1,0,0,0,0,0,0,0,0,1
864,5,2778e2c116ffae02,1.558852,19.604281,1,13414,1,1,0,0,1,0,0,0,0,0,0,0,0,0
865,5,7ff8cbcc1c43fc77,1.171108,20.0,1,13703,1,1,0,0,1,0,0,0,0,0,0,0,0,1
866,5,66b9601f7bca2a76,1.923463,16.29162,0,13396,1,0,0,0,0,0,0,0,0,0,0,0,0,0
867,5,5462061aadc02247,0.402321,15.732032,1,13485,0,1,0,0,1,0,0,0,0,0,0,0,0,0
868,5,c2d96802efe527b7,1.345902,18.776577,1,13476,2,1,0,0,1,0,0,0,0,0,0,0,0,1
869,5,2b97266cf694bd67,1.011126,20.0,1,13715,1,1,0,0,1,0,0,0,0,0,0,0,0,1
870,5,c644a93415a98514,1.804532,19.320801,1,13635,1,0,0,0,0,0,0,0,0,0,0,0,0,1
871,5,aa017d1a0e7ab923,1.355677,17.99384,1,13687,1,1,0,0,1,0,0,0,0,0,0,0,0,0
872,5,1aa6e7ec6b193cd4,1.01847,20.0,1,13632,1,1,0,0,1,0,0,0,0,0,0,0,0,1
873,5,940d0272a1287599,0.765138,18.861539,1,13444,1,1,0,0,1,0,0,0,0,0,0,0,0,0
874,5,a36473885b5e4ac4,1.619545,17.664648,1,13626,1,0,0,0,0,0,0,0,0,0,0,0,0,1
875,5,5a290ee1f72ee88c,1.216704,16.749634,1,13606,1,1,0,0,1,0,0,0,0,0,0,0,0,0
876,5,a10f0f0225898746,0.914064,19.541063,1,13538,1,1,0,0,1,0,0,0,0,0,0,0,0,1
877,5,ad22d363ab4cc2c9,1.73154,14.695158,0,13658,1,0,0,0,0,0,0,0,0,0,0,0,0,0
878,5,7b19815b3f4dabed,1.300841,17.997612,1,13769,1,1,0,0,1,0,0,0,0,0,0,0,0,1
879,5,a674938663301333,0.977273,16.999778,1,14036,1,1,0,0,1,0,0,0,0,0,0,0,0,0
880,5,509198b5786d02b7,0.734189,19.728986,1,14602,1,1,0,0,1,0,0,0,0,0,0,0,0,1
881,5,c04e7b977b55ea13,1.596271,18.316981,1,14662,2,1,0,0,0,0,0,0,0,0,0,0,0,1
882,5,acb85824b82ffa50,2.242872,20.0,1,14551,1,0,0,0,1,0,0,0,0,0,0,0,0,1
883,5,e6d2bf79596f1c93,1.684986,19.043918,1,14740,1,1,0,0,1,0,0,0,0,0,0,0,0,0
884,5,2a2a91cc369a5136,1.267133,17.8018,1,16053,1,1,0,0,0,0,0,0,0,0,0,0,0,1
885,5,8af4c63aced1d663,1.995603,20.0,1,16202,1,0,0,0,1,0,0,0,0,0,0,0,0,1
886,5,12b3e36bb7ef90bc,2.542876,20.0,1,16154,2,1,0,0,1,0,0,0,0,0,0,0,0,1
887,5,1ea515a056bbd47b,1.910367,20.0,1,16382,1,1,0,0,1,0,0,0,0,0,0,0,0,1
888,5,73741215fbafab10,1.436623,20.0,1,16589,1,1,0,0,1,0,0,0,0,0,0,0,0,0
889,5,6dfd1d71173fe614,3.166588,19.460436,1,16687,2,0,0,0,0,0,0,0,0,0,0,0,0,1
890,5,ee8840b771c42f67,2.378939,20.0,1,17008,1,1,0,0,1,0,0,0,0,0,0,0,0,1
891,5,46e0ffa69c93eac1,1.788996,20.0,1,17152,1,1,0,0,1,0,0,0,0,0,0,0,0,1
892,5,e8f460e26a0c1019,3.431313,20.0,1,17010,2,0,0,0,0,0,0,0,0,0,0,0,0,1
893,5,1debe50370343041,2.577817,20.0,1,16927,1,1,0,0,1,0,0,0,0,0,0,0,0,1
894,5,4eac2d2acb409d6d,1.936618,20.0,1,17225,1,1,0,0,1,0,0,0,0,0,0,0,0,0
895,5,d8865e29a90b6ae6,2.500515,20.0,1,17169,2,1,0,0,1,0,0,0,0,0,0,0,0,1
896,5,65395ab990da92e2,2.922196,20.0,1,14887,1,0,0,0,0,0,0,0,0,0,0,0,0,1
897,5,7ea00bada446457a,2.195337,20.0,1,12963,1,1,0,0,1,0,0,0,0,0,0,0,0,1
898,5,2e7fdfb118cd4287,2.695075,20.0,1,13281,2,1,0,0,1,0,0,0,0,0,0,0,0,1
899,5,9619c40bdfb6999f,2.024709,20.0,1,13111,1,1,0,0,1,0,0,0,0,0,0,0,0,0
900,5,a7a7cff7d1109694,2.564742,19.44412,1,13448,1,0,0,0,0,0,0,0,0,0,0,0,0,1
901,5,c3f323de486ccb58,1.926795,20.0,1,13488,1,1,0,0,1,0,0,0,0,0,0,0,0,1
902,5,38a5ea27c4706cd4,1.448977,19.697937,1,13451,1,1,0,0,1,0,0,0,0,0,0,0,0,0
903,5,624b3acf06e776d4,2.132216,18.277168,1,13685,1,0,0,0,0,0,0,0,0,0,0,0,0,1
904,5,4bc8614871f0f4da,1.601854,17.209798,1,13701,1,1,0,0,1,0,0,0,0,0,0,0,0,0
905,5,12eab71e36da7061,1.204617,19.903016,1,13386,1,1,0,0,1,0,0,0,0,0,0,0,0,1
906,5,c75488bae5731956,1.948637,14.952392,0,13670,1,0,0,0,0,0,0,0,0,0,0,0,0,0
907,5,88364bfd4c5071c5,2.507592,18.190862,1,13629,2,1,0,0,1,0,0,0,0,0,0,0,0,1
908,5,f89559e733ee429f,2.927513,17.144959,1,13527,1,0,0,0,0,0,0,0,0,0,0,0,0,1
909,5,370907e7cb610152,2.201532,19.854257,1,13361,1,1,0,0,1,0,0,0,0,0,0,0,0,1
910,5,c24a37abf74ffb45,2.697582,20.0,1,13348,2,1,0,0,1,0,0,0,0,0,0,0,0,1
911,5,5ac26bc8b31127eb,2.026592,16.432705,0,13250,1,1,0,0,0,0,0,0,0,0,0,0,0,0
912,5,6d7e93e7ff794862,2.568177,19.318632,1,13301,1,0,0,0,1,0,0,0,0,0,0,0,0,1
913,5,e6b316e0c79d7b46,1.929375,17.992211,1,13125,1,1,0,0,1,0,0,0,0,0,0,0,0,0
914,5,6251c049662823b2,2.493121,16.99572,1,13331,1,0,0,0,0,0,0,0,0,0,0,0,0,1
915,5,ac15f015a62f5915,1.872988,19.725938,1,13139,1,1,0,0,1,0,0,0,0,0,0,0,0,1
916,5,75892b70c4b210b9,1.408514,18.314688,1,13267,1,1,0,0,1,0,0,0,0,0,0,0,0,0
917,5,e8665a968af89674,3.145471,17.237985,1,13312,2,0,0,0,0,0,0,0,0,0,0,0,0,1
918,5,cbe4a78dc67802cd,2.363075,19.907943,1,13383,1,1,0,0,1,0,0,0,0,0,0,0,0,1
919,5,16f59889293a3d87,2.821216,18.451558,1,13242,1,0,0,0,0,0,0,0,0,0,0,0,0,1
920,5,1dc14614baa6abcd,2.119474,20.0,1,13389,1,1,0,0,1,0,0,0,0,0,0,0,0,1
921,5,c13633922eee2a49,2.635935,15.641029,0,13221,1,0,0,0,0,0,0,0,0,0,0,0,0,0
922,5,9aa33291c4acdd7a,1.98028,18.708209,1,13214,1,1,0,0,1,0,0,0,0,0,0,0,0,1
923,5,cd9a9148e8b7c63a,2.533349,14.06884,0,13136,1,0,0,0,0,0,0,0,0,0,0,0,0,0
924,5,42d41844aa56896a,1.90321,17.527083,1,13390,1,1,0,0,1,0,0,0,0,0,0,0,0,1
925,5,ab4db5e10fbf2b0c,2.473464,13.167442,0,13362,1,0,0,0,0,0,0,0,0,0,0,0,0,0
926,5,f0ec99096bdf573d,1.86008,16.863107,1,13543,1,1,0,0,1,0,0,0,0,0,0,0,0,1
927,5,75050f378a325b37,2.441062,12.668622,0,13563,1,0,0,0,0,0,0,0,0,0,0,0,0,0
928,5,807360432d8a9607,2.877532,16.475151,1,13546,2,1,0,0,1,0,0,0,0,0,0,0,0,1
929,5,80ecbe36cb9f9166,3.205436,15.85601,1,13432,1,0,0,0,0,0,0,0,0,0,0,0,0,1
930,5,cb43a7c979c84c0d,2.410533,15.404447,1,13181,1,1,0,0,1,0,0,0,0,0,0,0,0,0
931,5,67ce27cf4d3e4717,0.76729,15.05163,1,13154,0,1,0,0,1,0,0,0,0,0,0,0,0,0
932,5,84ed367b2d19d4b2,1.62009,14.786571,1,13125,1,0,0,0,0,0,0,0,0,0,0,0,0,1
933,5,279cf82fe54d4b55,1.218331,14.600214,1,13178,1,1,0,0,1,0,0,0,0,0,0,0,0,0
934,5,aad337ed708a8e95,1.95894,14.44744,1,13103,1,0,0,0,0,0,0,0,0,0,0,0,0,1
935,5,bba8fb88658a23c2,1.471678,14.332666,1,13198,1,1,0,0,1,0,0,0,0,0,0,0,0,0
936,5,e43858fabc48d5f0,1.105617,17.725285,1,13223,1,1,0,0,1,0,0,0,0,0,0,0,0,1
937,5,ab176606e175fa0c,1.87559,13.329667,0,13359,1,0,0,0,0,0,0,0,0,0,0,0,0,0
938,5,894f1315742165e7,1.409061,16.97177,1,13172,1,1,0,0,1,0,0,0,0,0,0,0,0,1
939,6,1fd48474a6be9a50,1.058575,16.229101,1,14022,1,1,0,0,1,0,0,0,0,0,0,0,0,0
940,6,530e0ea8d92a6d51,0.796063,19.165518,1,14034,1,1,0,0,1,0,0,0,0,0,0,0,0,1
941,6,9d91a06f605c6d81,1.641706,17.877182,1,14114,1,0,0,0,0,0,0,0,0,0,0,0,0,1
942,6,1bedfd585b1aa4b9,1.233352,16.909303,1,14243,1,1,0,0,1,0,0,0,0,0,0,0,0,0
943,6,26a9669cba5af3ef,0.926571,19.661016,1,14207,1,1,0,0,1,0,0,0,0,0,0,0,0,1
944,6,4f55c5e4b2d3c044,2.785096,18.265866,1,14181,2,0,0,0,0,0,0,0,0,0,0,0,0,1
945,6,429a6cfc04b09590,1.048685,17.201307,1,14006,0,1,0,0,1,0,0,0,0,0,0,0,0,0
946,6,bfd1095e82cc3b3f,1.831491,19.880388,1,14111,2,1,0,0,1,0,0,0,0,0,0,0,0,1
947,6,e8a24dfe484cb614,1.377308,20.0,1,14107,1,1,0,0,1,0,0,0,0,0,0,0,0,1
948,6,a8eb40163c807ab7,1.03472,19.940014,1,14002,1,1,0,0,0,0,0,0,0,0,0,0,0,1
949,6,b734eb68cadec0ba,1.821,18.459032,1,13864,1,0,0,0,1,0,0,0,0,0,0,0,0,0
950,6,03ed9d518f369873,1.368049,20.0,1,13976,1,1,0,0,1,0,0,0,0,0,0,0,0,1
951,6,cd43fcebe8f5e6e6,1.028792,19.141401,1,13933,1,1,0,0,1,0,0,0,0,0,0,0,0,0
952,6,338e1a6d9a9334b5,1.816547,17.859064,1,13952,1,0,0,0,0,0,0,0,0,0,0,0,0,1
953,6,f71f04d2a5841727,1.364704,16.895691,1,14091,1,1,0,0,1,0,0,0,0,0,0,0,0,0
954,6,dab4ff966e399802,1.026276,19.666804,1,13931,1,1,0,0,1,0,0,0,0,0,0,0,0,1
955,6,339e340883d8ecaf,0.771003,18.253779,1,13967,1,1,0,0,1,0,0,0,0,0,0,0,0,0
956,6,0f3eea50b2030a66,0.579226,17.192226,1,14125,1,1,0,0,0,0,0,0,0,0,0,0,0,1
957,6,157d3461e0a7f335,1.478804,16.394722,1,14098,1,0,0,0,1,0,0,0,0,0,0,0,0,0
958,6,f1991b9aba19249f,2.156232,19.290068,1,13827,2,1,0,0,1,0,0,0,0,0,0,0,0,1
959,6,f0cae4ef532c2023,1.619897,20.0,1,14033,1,1,0,0,1,0,0,0,0,0,0,0,0,1
960,6,7630abeab872e6cf,2.260621,16.114279,0,13960,1,0,0,0,0,0,0,0,0,0,0,0,0,0
961,6,253c29c9cd31f14d,1.700019,19.079171,1,13891,1,1,0,0,1,0,0,0,0,0,0,0,0,1
962,6,1bcd43f2b236da2a,1.277161,17.812313,1,14020,1,1,0,0,1,0,0,0,0,0,0,0,0,0
963,6,190012cb2cd5517d,0.959483,16.860569,1,13944,1,1,0,0,0,0,0,0,0,0,0,0,0,1
964,6,752285f96761bfac,0.720824,19.624404,1,13942,1,1,0,0,1,0,0,0,0,0,0,0,0,1
965,6,8ce008444b943984,1.58622,18.238333,1,13797,1,0,0,0,1,0,0,0,0,0,0,0,0,0
966,6,815cbd6616cc478f,1.191668,20.0,1,14026,1,1,0,0,1,0,0,0,0,0,0,0,0,1
967,6,ea182be542b69bac,0.895256,18.99953,1,13890,1,1,0,0,1,0,0,0,0,0,0,0,0,0
968,6,98558a7fe6a345e2,1.717396,20.0,1,13805,2,1,0,0,1,0,0,0,0,0,0,0,0,1
969,6,ea40987dff05550d,1.290215,20.0,1,14133,1,1,0,0,1,0,0,0,0,0,0,0,0,1
970,6,bd84d51435d6859a,2.012944,20.0,1,14024,1,0,0,0,0,0,0,0,0,0,0,0,0,1
971,6,b3773e59edaae1a5,1.512249,19.028998,1,14023,1,1,0,0,1,0,0,0,0,0,0,0,0,0
972,6,5dadae3439224eef,1.137233,20.0,1,13922,1,1,0,0,1,0,0,0,0,0,0,0,0,1
973,6,bf32681d9402a0dc,0.854361,20.0,1,14064,1,1,0,0,1,0,0,0,0,0,0,0,0,1
974,6,f7bd4e508f328e99,0.641849,17.232354,0,14002,1,1,0,0,0,0,0,0,0,0,0,0,0,0
975,6,7c7cf98600a1ae76,1.52683,19.91998,1,14064,1,0,0,0,1,0,0,0,0,0,0,0,0,1
976,6,4330f499d34eea83,1.147051,20.0,1,13871,1,1,0,0,1,0,0,0,0,0,0,0,0,1
977,6,574139667abb0c89,0.861736,19.948643,1,14089,1,1,0,0,1,0,0,0,0,0,0,0,0,0
978,6,92baeeda50fe0e26,2.734697,18.465515,1,14020,2,0,0,0,0,0,0,0,0,0,0,0,0,1
979,6,80a0120ed18f2275,2.056531,20.0,1,13897,1,1,0,0,1,0,0,0,0,0,0,0,0,1
980,6,6c101f580b712b70,1.544995,20.0,1,14026,1,1,0,0,1,0,0,0,0,0,0,0,0,1
981,6,b15e4f2a53c46617,1.160697,16.993193,0,14022,1,1,0,0,0,0,0,0,0,0,0,0,0,0
982,6,24ffb1d0a2680279,1.917011,19.740127,1,14010,1,0,0,0,1,0,0,0,0,0,0,0,0,1
983,6,68121a43e0cae420,1.440179,18.308864,1,14012,1,1,0,0,1,0,0,0,0,0,0,0,0,0
984,6,aaf35ef966d09fb9,1.081952,20.0,1,13976,1,1,0,0,1,0,0,0,0,0,0,0,0,1
985,6,e83ec1fc7d0af0b2,0.81283,19.039337,1,13979,1,1,0,0,1,0,0,0,0,0,0,0,0,0
986,6,30145d94870288c8,2.699561,17.798355,1,14071,2,0,0,0,0,0,0,0,0,0,0,0,0,1
987,6,48b19f1f0393bd84,2.028079,20.0,1,13982,1,1,0,0,1,0,0,0,0,0,0,0,0,1
988,6,660e55ed3e8f8b1b,1.52362,20.0,1,14106,1,1,0,0,1,0,0,0,0,0,0,0,0,1
989,6,113af7560806643d,2.189935,16.717316,0,13990,1,0,0,0,0,0,0,0,0,0,0,0,0,0
990,6,06dd42b45c17fb2e,2.688869,19.516784,1,14160,2,1,0,0,1,0,0,0,0,0,0,0,0,1
991,6,f0f5ccd4e7e38638,2.020047,20.0,1,14114,1,1,0,0,1,0,0,0,0,0,0,0,0,1
992,6,85cd675ac93b42a6,2.561239,19.721081,1,14266,1,0,0,0,0,0,0,0,0,0,0,0,0,1
993,6,ce6a6d19048593a2,2.970239,20.0,1,14091,2,1,0,0,1,0,0,0,0,0,0,0,0,1
994,6,67c217e0526ee573,2.231429,20.0,1,13993,1,1,0,0,1,0,0,0,0,0,0,0,0,1
995,6,91d6c2f2c8a79719,1.67639,20.0,1,14183,1,1,0,0,1,0,0,0,0,0,0,0,0,0
996,6,646f9ddf48439184,2.304819,19.276518,1,13932,1,0,0,0,0,0,0,0,0,0,0,0,0,1
997,6,e5f7cec101ed80fc,1.731525,17.960572,1,14173,1,1,0,0,1,0,0,0,0,0,0,0,0,0
998,6,c95924f2dada814a,1.30083,20.0,1,14130,1,1,0,0,1,0,0,0,0,0,0,0,0,1
999,6,b7ed42519a241519,2.020918,20.0,1,14117,2,1,0,0,1,0,0,0,0,0,0,0,0,1
1000,6,d96a487923810329,2.56391,16.786167,0,14017,1,0,0,0,0,0,0,0,0,0,0,0,0,0
1001,6,f72baef4e89e2969,1.92617,19.568509,1,14092,1,1,0,0,1,0,0,0,0,0,0,0,0,1
1002,6,73af4bb8bd0cf539,1.447059,20.0,1,14184,1,1,0,0,1,0,0,0,0,0,0,0,0,1
1003,6,df30ee7102124b2d,1.088209,16.28771,0,14071,1,1,0,0,0,0,0,0,0,0,0,0,0,0
1004,6,452eb05f77d9e798,1.861184,19.194036,1,13930,1,0,0,0,1,0,0,0,0,0,0,0,0,1
1005,6,b85f9a778089111c,1.398238,20.0,1,14050,1,1,0,0,1,0,0,0,0,0,0,0,0,1
1006,6,a04656e015169539,1.050444,19.538924,1,14154,1,1,0,0,0,0,0,0,0,0,0,0,0,1
1007,6,0605c6c3dd607c22,2.87825,18.174051,1,13969,2,0,0,0,1,0,0,0,0,0,0,0,0,0
1008,6,5c3327d5d04b3bf2,2.162322,20.0,1,14187,1,1,0,0,1,0,0,0,0,0,0,0,0,1
1009,6,d1490ef626d88642,1.624471,20.0,1,14220,1,1,0,0,1,0,0,0,0,0,0,0,0,1
1010,6,c5b822502994eb6b,2.265776,20.0,1,14153,1,0,0,0,0,0,0,0,0,0,0,0,0,1
1011,6,d176629312e94df7,1.702193,18.772505,1,14287,1,1,0,0,1,0,0,0,0,0,0,0,0,0
1012,6,f7bd93d0fbad3cc4,1.278794,20.0,1,14137,1,1,0,0,1,0,0,0,0,0,0,0,0,1
1013,6,bb17d40cf0ce3b10,2.004363,19.301014,1,14221,1,0,0,0,0,0,0,0,0,0,0,0,0,1
1014,6,09db8c22003cafc4,1.50731,17.995139,1,14173,1,1,0,0,1,0,0,0,0,0,0,0,0,0
1015,6,a922dd8e3be979be,2.176039,16.99792,1,14152,1,0,0,0,0,0,0,0,0,0,0,0,0,1
1016,6,ca742c3564ca89ec,1.634777,19.727591,1,13985,1,1,0,0,1,0,0,0,0,0,0,0,0,1
1017,6,ee07ef875cb8222f,2.273526,20.0,1,14345,2,1,0,0,1,0,0,0,0,0,0,0,0,1
1018,6,44a937e25d5fe97a,2.751668,16.374845,0,14177,1,0,0,0,0,0,0,0,0,0,0,0,0,0
1019,6,a7c0fe6af49c7498,2.067226,19.259498,1,14336,1,1,0,0,1,0,0,0,0,0,0,0,0,1
1020,6,5031b017df760d5c,1.553029,14.468941,0,14438,1,1,0,0,0,0,0,0,0,0,0,0,0,0
1021,6,41e3da41dfcb9e13,2.212051,17.841853,1,14307,1,0,0,0,1,0,0,0,0,0,0,0,0,1
1022,6,172a8f65a83e640a,1.661831,20.0,1,14278,1,1,0,0,1,0,0,0,0,0,0,0,0,1
1023,6,e1b8beb0c0dd2987,2.292125,15.296914,0,14346,1,0,0,0,0,0,0,0,0,0,0,0,0,0
1024,6,f0f021c24f5e2b20,1.723711,18.464501,1,14331,1,1,0,0,1,0,0,0,0,0,0,0,0,1
1025,6,2f2cf70214a6091e,1.294959,20.0,1,14540,1,1,0,0,1,0,0,0,0,0,0,0,0,1
1026,6,c99e72d92b2de080,3.060161,19.127178,1,14720,2,0,0,0,0,0,0,0,0,0,0,0,0,1
1027,6,7c45149b17e73278,1.255331,17.848378,1,14695,0,1,0,0,1,0,0,0,0,0,0,0,0,0
1028,6,3e652989d156f2f8,1.988178,20.0,1,14258,2,1,0,0,1,0,0,0,0,0,0,0,0,1
1029,6,8f20ca8584974132,2.537297,15.313165,0,14281,1,0,0,0,0,0,0,0,0,0,0,0,0,0
1030,6,92bf4b78bba19027,1.906176,18.461897,1,14306,1,1,0,0,1,0,0,0,0,0,0,0,0,1
1031,6,e0761c1f106e21d7,1.433472,20.0,1,14046,1,1,0,0,1,0,0,0,0,0,0,0,0,1
1032,6,c4e91514cdd0fcd1,1.076914,15.659779,0,14273,1,1,0,0,0,0,0,0,0,0,0,0,0,0
1033,6,29509561683bfd50,1.852698,18.722295,1,14191,1,0,0,0,1,0,0,0,0,0,0,0,0,1
1034,6,ee526894400b0647,1.391863,20.0,1,14097,1,1,0,0,1,0,0,0,0,0,0,0,0,1
1035,6,28226f2b4c7ddc17,1.046701,15.809633,0,14130,1,1,0,0,0,0,0,0,0,0,0,0,0,0
1036,6,5f954bdc53ac9ad0,1.830001,18.834875,1,14071,1,0,0,0,1,0,0,0,0,0,0,0,0,1
1037,6,35ace00b1b3ee9f3,1.374811,17.628782,1,14298,1,1,0,0,1,0,0,0,0,0,0,0,0,0
1038,6,8411077b8132e874,1.033877,20.0,1,14042,1,1,0,0,1,0,0,0,0,0,0,0,0,1
1039,6,b74f8f1cbf1c5eb5,1.820367,15.189102,0,14143,1,0,0,0,0,0,0,0,0,0,0,0,0,0
1040,6,b531610733e8f3c6,1.367574,18.368693,1,14095,1,1,0,0,1,0,0,0,0,0,0,0,0,1
1041,6,ee48be9611444222,1.027407,20.0,1,13896,1,1,0,0,1,0,0,0,0,0,0,0,0,1
1042,6,d7c9f5333d7e3e8e,1.816775,20.0,1,14023,2,1,0,0,1,0,0,0,0,0,0,0,0,1
1043,6,5aac1634ee087123,2.408529,16.956647,0,14031,1,0,0,0,0,0,0,0,0,0,0,0,0,0
1044,6,1f5fb04f2d30e60f,1.809437,19.696584,1,14044,1,1,0,0,1,0,0,0,0,0,0,0,0,1
1045,6,80fbc94f5f124f27,1.360723,18.292614,1,14124,1,1,0,0,1,0,0,0,0,0,0,0,0,0
1046,6,3abd7f2475c904a3,1.02226,20.0,1,13922,1,1,0,0,1,0,0,0,0,0,0,0,0,1
1047,6,8e20f99e37aec77f,1.811639,19.030166,1,14049,1,0,0,0,0,0,0,0,0,0,0,0,0,1
1048,6,621cec5633205274,1.361017,17.775496,1,14093,1,1,0,0,1,0,0,0,0,0,0,0,0,0
1049,6,68bef83a594e463a,1.023504,20.0,1,13861,1,1,0,0,1,0,0,0,0,0,0,0,0,1
1050,6,76898ebe01745a8e,0.76892,18.750834,1,13977,1,1,0,0,1,0,0,0,0,0,0,0,0,0
1051,6,5245f060d5801535,1.621314,17.565645,1,13932,1,0,0,0,0,0,0,0,0,0,0,0,0,1
1052,6,b379b584f8cc7af9,1.219252,16.690117,1,13946,1,1,0,0,1,0,0,0,0,0,0,0,0,0
1053,6,efbf8dfe05edc2d7,1.959631,19.49635,1,14016,2,1,0,0,1,0,0,0,0,0,0,0,0,1
1054,6,5b7aff6c682acec0,1.472198,20.0,1,14132,1,1,0,0,1,0,0,0,0,0,0,0,0,1
1055,6,0bb8a497c5ced9cc,1.106007,19.709549,1,14157,1,1,0,0,1,0,0,0,0,0,0,0,0,0
1056,6,7b26cf3a79e8ecc1,1.875884,18.302363,1,14110,1,0,0,0,0,0,0,0,0,0,0,0,0,1
1057,6,5c5d3d0f620846f9,1.409281,20.0,1,14018,1,1,0,0,1,0,0,0,0,0,0,0,0,1
1058,6,8b40b8621c4963e5,1.05874,19.035668,1,13960,1,1,0,0,1,0,0,0,0,0,0,0,0,0
1059,6,efbbd87fa07b45be,1.840338,17.795595,1,13848,1,0,0,0,0,0,0,0,0,0,0,0,0,1
1060,6,c29f603f7ca72451,1.382577,16.84801,1,14049,1,1,0,0,1,0,0,0,0,0,0,0,0,0
1061,6,6c425378e4cd8d5a,1.038679,19.614969,1,14162,1,1,0,0,1,0,0,0,0,0,0,0,0,1
1062,6,124e03af296e5b99,0.78032,18.214838,1,13981,1,1,0,0,1,0,0,0,0,0,0,0,0,0
1063,6,d61b05ab74d73cfd,1.630963,17.178319,1,13989,1,0,0,0,0,0,0,0,0,0,0,0,0,1
1064,6,512fe5da77e3d32e,1.225281,19.863118,1,14049,1,1,0,0,1,0,0,0,0,0,0,0,0,1
1065,6,4f897115e2d61f4f,1.964161,18.401263,1,13881,2,1,0,0,1,0,0,0,0,0,0,0,0,0
1066,6,3e66d4f892d2fef0,1.477077,20.0,1,13973,1,1,0,0,1,0,0,0,0,0,0,0,0,1
1067,6,00715d58a6e20e18,1.109673,20.0,1,13781,1,1,0,0,1,0,0,0,0,0,0,0,0,1
1068,6,844413bae0fe591d,1.877309,20.0,1,14030,1,0,0,0,0,0,0,0,0,0,0,0,0,1
1069,6,a270046605ea97aa,1.410352,18.838234,1,13866,1,1,0,0,1,0,0,0,0,0,0,0,0,0
1070,6,d13d0260a15ec7a9,1.060605,20.0,1,13907,1,1,0,0,1,0,0,0,0,0,0,0,0,1
1071,6,aa2febf1daccb956,0.796793,20.0,1,13896,1,1,0,0,1,0,0,0,0,0,0,0,0,1
1072,6,f1ae066b9d76215b,2.685907,17.151388,0,14010,2,0,0,0,0,0,0,0,0,0,0,0,0,0
1073,6,9c2623559087f0da,2.019841,19.859092,1,14115,1,1,0,0,1,0,0,0,0,0,0,0,0,1
1074,6,8739e4d540c0cca9,1.517431,20.0,1,13971,1,1,0,0,1,0,0,0,0,0,0,0,0,1
1075,6,fd907ade50c6a83c,1.139989,19.914278,1,13743,1,1,0,0,1,0,0,0,0,0,0,0,0,0
1076,6,37f9e37298b51d45,1.900084,18.439697,1,13811,1,0,0,0,0,0,0,0,0,0,0,0,0,1
1077,6,1ac8b421ceb33792,2.473041,20.0,1,13343,2,1,0,0,1,0,0,0,0,0,0,0,0,1
1078,6,7d6e24e9d110ef61,0.81425,19.126081,1,13460,0,1,0,0,1,0,0,0,0,0,0,0,0,0
1079,6,cd961e8fde3d6f47,0.611716,17.847554,1,14017,1,1,0,0,1,0,0,0,0,0,0,0,0,0
1080,6,76c3328e0713fd8a,1.504169,16.902117,1,13604,2,1,0,0,0,0,0,0,0,0,0,0,0,1
1081,6,58626d37ac2080a9,2.17368,19.655618,1,13564,1,0,0,0,1,0,0,0,0,0,0,0,0,1
1082,6,94df50c941e66911,1.633004,18.245375,1,14063,1,1,0,0,1,0,0,0,0,0,0,0,0,0
1083,6,f919bc8525164d85,1.226815,17.185913,1,13987,1,1,0,0,0,0,0,0,0,0,0,0,0,1
1084,6,484dbaaa1901227b,1.966733,16.404553,1,14002,1,0,0,0,1,0,0,0,0,0,0,0,0,0
1085,6,5b59901993a96ce5,1.477533,19.281817,1,13953,1,1,0,0,1,0,0,0,0,0,0,0,0,1
1086,6,991b005d8699e0b4,2.153669,20.0,1,14125,2,1,0,0,1,0,0,0,0,0,0,0,0,1
1087,6,88cb8314c08e0de9,1.619589,20.0,1,13934,1,1,0,0,1,0,0,0,0,0,0,0,0,1
1088,6,9a9c5836d4be306e,2.26039,17.344207,0,13861,1,0,0,0,0,0,0,0,0,0,0,0,0,0
1089,6,d643143d75a45644,1.698147,19.987744,1,14024,1,1,0,0,1,0,0,0,0,0,0,0,0,1
1090,6,66ecbab330cf9d85,1.275754,18.494889,1,13677,1,1,0,0,1,0,0,0,0,0,0,0,0,0
1091,6,5426c15cec268367,0.959385,20.0,1,13585,1,1,0,0,1,0,0,0,0,0,0,0,0,1
1092,6,92b256786c14c63f,1.764404,19.157262,1,13556,1,0,0,0,0,0,0,0,0,0,0,0,0,1
1093,6,175052bff5cfc737,1.325531,17.87098,1,13421,1,1,0,0,1,0,0,0,0,0,0,0,0,0
1094,6,5e935628a31b72be,0.996818,20.0,1,12810,1,1,0,0,1,0,0,0,0,0,0,0,0,1
1095,6,3831b4173b809bfe,1.792525,15.325934,0,13134,1,0,0,0,0,0,0,0,0,0,0,0,0,0
1096,6,4b19322e55771695,1.346657,18.47149,1,12852,1,1,0,0,1,0,0,0,0,0,0,0,0,1
1097,6,cc9666cbf5339614,1.011693,17.355785,1,12951,1,1,0,0,1,0,0,0,0,0,0,0,0,0
1098,6,c54f99c37e349594,0.760808,16.532299,1,12936,1,1,0,0,0,0,0,0,0,0,0,0,0,1
1099,6,e843b01d69cb03af,1.61522,15.898943,1,12791,1,0,0,0,1,0,0,0,0,0,0,0,0,0
1100,6,5637135595d75478,1.213454,18.90197,1,12790,1,1,0,0,1,0,0,0,0,0,0,0,0,1
1101,6,2265450d7b5d4e3d,1.956685,17.695053,1,13418,2,1,0,0,0,0,0,0,0,0,0,0,0,1
1102,6,78a48da787ddd569,2.513638,16.772476,1,13773,1,0,0,0,1,0,0,0,0,0,0,0,0,0
1103,6,1c808514c90a08b9,1.888402,19.558223,1,14502,1,1,0,0,1,0,0,0,0,0,0,0,0,1
1104,6,d7c884544c5f3040,2.462339,18.172207,1,14361,1,0,0,0,0,0,0,0,0,0,0,0,0,1
1105,6,168ecbfccb17624f,1.851714,17.14626,1,13935,1,1,0,0,1,0,0,0,0,0,0,0,0,0
1106,6,1465cd7785ad4ed1,2.434777,16.360189,1,14197,1,0,0,0,0,0,0,0,0,0,0,0,0,1
1107,6,76370a22930995eb,1.829157,19.248487,1,14118,1,1,0,0,1,0,0,0,0,0,0,0,0,1
1108,6,5bd6a734054cf9be,2.419703,17.955638,1,14746,2,1,0,0,1,0,0,0,0,0,0,0,0,0
1109,6,4eb0e70be216b8a1,1.817832,20.0,1,14570,1,1,0,0,1,0,0,0,0,0,0,0,0,1
1110,6,85d6562bcd50fa96,2.409323,18.839978,1,14371,1,0,0,0,0,0,0,0,0,0,0,0,0,1
1111,6,74ace1f01470d742,1.810034,17.632616,1,14220,1,1,0,0,1,0,0,0,0,0,0,0,0,0
1112,6,07ea457c42b8ae96,2.405322,16.74048,1,13604,1,0,0,0,0,0,0,0,0,0,0,0,0,1
1113,6,6be4609552c6d999,1.807028,16.055341,1,13935,1,1,0,0,1,0,0,0,0,0,0,0,0,0
1114,6,8c3fcab5c4defc45,1.357553,19.019467,1,14292,1,1,0,0,1,0,0,0,0,0,0,0,0,1
1115,6,ac4fc3af7cc6626f,2.06505,14.30291,0,14008,1,0,0,0,0,0,0,0,0,0,0,0,0,0
1116,6,4c807ad2b6b0ebdd,2.595048,14.224086,1,13752,1,0,0,0,0,0,0,0,0,0,0,0,0,1
1117,6,46e6ca122d617fd3,1.949563,17.643713,1,13473,1,1,0,0,1,0,0,0,0,0,0,0,0,1
1118,6,8cc59a12f603fb5d,1.464633,13.255062,0,13029,1,1,0,0,0,0,0,0,0,0,0,0,0,0
1119,6,bd32d7faa6435175,2.145576,16.928999,1,12863,1,0,0,0,1,0,0,0,0,0,0,0,0,1
1120,6,f9f4bfb86fd0bc6e,1.611891,16.196969,1,12238,1,1,0,0,1,0,0,0,0,0,0,0,0,0
1121,6,1ef79d5316c7fe2f,2.254607,15.647022,1,12463,1,0,0,0,0,0,0,0,0,0,0,0,0,1
1122,6,bdff616b69310a56,1.695496,15.247285,1,12163,1,1,0,0,1,0,0,0,0,0,0,0,0,0
1123,6,d53a5c05a0794985,2.317416,14.93356,1,12083,1,0,0,0,0,0,0,0,0,0,0,0,0,1
1124,6,ccfe014c232d66b5,1.740988,14.69787,1,12340,1,1,0,0,1,0,0,0,0,0,0,0,0,0
1125,6,45f24fc75e80ed8a,1.307939,17.999649,1,12818,1,1,0,0,1,0,0,0,0,0,0,0,0,1
1126,6,70c17b89b74df729,2.02774,13.535993,0,12941,1,0,0,0,0,0,0,0,0,0,0,0,0,0
1127,6,31ec7a62f3104872,1.523365,17.126774,1,12994,1,1,0,0,1,0,0,0,0,0,0,0,0,1
1128,6,6eed02f8eca338c1,1.144447,16.34555,1,13005,1,1,0,0,1,0,0,0,0,0,0,0,0,0
1129,6,52829a1b3ff8d79b,1.904791,15.772588,1,12874,1,0,0,0,0,0,0,0,0,0,0,0,0,1
1130,6,865fbbfb601a1471,1.430998,15.3282,1,13086,1,1,0,0,1,0,0,0,0,0,0,0,0,0
1131,6,be21134c5bebfeed,2.118709,14.994348,1,12956,1,0,0,0,0,0,0,0,0,0,0,0,0,1
1132,6,ed68c0f900df6822,1.591707,14.743538,1,13054,1,1,0,0,1,0,0,0,0,0,0,0,0,0
1133,6,3f2b67df178a03c7,1.196986,18.048354,1,12612,1,1,0,0,1,0,0,0,0,0,0,0,0,1
1134,6,cc0d003152c9740b,1.942904,17.037898,1,12782,1,0,0,0,0,0,0,0,0,0,0,0,0,1
1135,6,0e1882fd5a4a7950,1.459631,16.278781,1,12854,1,1,0,0,1,0,0,0,0,0,0,0,0,0
1136,6,ea10a2ea3a9e18ab,1.097664,19.202878,1,12575,1,1,0,0,1,0,0,0,0,0,0,0,0,1
1137,6,0cefa1568bbcab6e,0.824634,20.0,1,12854,1,1,0,0,1,0,0,0,0,0,0,0,0,1
1138,6,78f7c49ee0892d4e,2.706823,16.06507,0,12940,2,0,0,0,0,0,0,0,0,0,0,0,0,0
1139,6,b0245e993bda2ea0,2.033535,19.026776,1,12798,1,1,0,0,1,0,0,0,0,0,0,0,0,1
1140,6,bc218e883f13e4cf,1.529247,17.788908,1,12906,1,1,0,0,1,0,0,0,0,0,0,0,0,0
1141,6,32d1dc8901108ff5,1.148866,16.842986,1,12938,1,1,0,0,0,0,0,0,0,0,0,0,0,1
1142,7,1fd48474a6be9a50,1.906754,16.13235,1,13996,1,0,0,0,1,0,0,0,0,0,0,0,0,0
1143,7,530e0ea8d92a6d51,1.433906,19.092761,1,13965,1,1,0,0,1,0,0,0,0,0,0,0,0,1
1144,7,9d91a06f605c6d81,1.07724,20.0,1,14059,1,1,0,0,1,0,0,0,0,0,0,0,0,1
1145,7,1bedfd585b1aa4b9,0.80929,19.481765,1,14292,1,1,0,0,1,0,0,0,0,0,0,0,0,0
1146,7,26a9669cba5af3ef,1.651643,18.114766,1,14229,1,0,0,0,0,0,0,0,0,0,0,0,0,1
1147,7,4f55c5e4b2d3c044,1.242059,17.103064,1,14128,1,1,0,0,1,0,0,0,0,0,0,0,0,0
1148,7,429a6cfc04b09590,0.933112,19.806582,1,14005,1,1,0,0,1,0,0,0,0,0,0,0,0,1
1149,7,bfd1095e82cc3b3f,0.701012,18.358789,1,14109,1,1,0,0,1,0,0,0,0,0,0,0,0,0
1150,7,e8a24dfe484cb614,1.571322,17.286573,1,14004,1,0,0,0,0,0,0,0,0,0,0,0,0,1
1151,7,a8eb40163c807ab7,1.180475,16.4656,1,13970,1,1,0,0,1,0,0,0,0,0,0,0,0,0
1152,7,b734eb68cadec0ba,0.886847,15.848835,1,13936,1,1,0,0,0,0,0,0,0,0,0,0,0,1
1153,7,03ed9d518f369873,1.709908,15.385481,1,14030,1,0,0,0,1,0,0,0,0,0,0,0,0,0
1154,7,cd43fcebe8f5e6e6,1.285875,18.531105,1,14031,1,1,0,0,1,0,0,0,0,0,0,0,0,1
1155,7,338e1a6d9a9334b5,0.96603,17.400571,1,13958,1,1,0,0,1,0,0,0,0,0,0,0,0,0
1156,7,f71f04d2a5841727,1.769396,16.551243,1,14052,1,0,0,0,0,0,0,0,0,0,0,0,0,1
1157,7,dab4ff966e399802,1.330611,15.927272,1,13814,1,1,0,0,1,0,0,0,0,0,0,0,0,0
1158,7,339e340883d8ecaf,0.999638,18.923253,1,13937,1,1,0,0,1,0,0,0,0,0,0,0,0,1
1159,7,0f3eea50b2030a66,0.750991,17.695177,1,14104,1,1,0,0,1,0,0,0,0,0,0,0,0,0
1160,7,157d3461e0a7f335,1.607845,16.77257,1,14070,1,0,0,0,0,0,0,0,0,0,0,0,0,1
1161,7,f1991b9aba19249f,1.209122,16.093713,1,13939,1,1,0,0,1,0,0,0,0,0,0,0,0,0
1162,7,f0cae4ef532c2023,0.908368,19.048294,1,14012,1,1,0,0,1,0,0,0,0,0,0,0,0,1
1163,7,7630abeab872e6cf,1.726076,14.310271,0,14174,1,0,0,0,0,0,0,0,0,0,0,0,0,0
1164,7,253c29c9cd31f14d,1.298034,17.722531,1,13844,1,1,0,0,1,0,0,0,0,0,0,0,0,1
1165,7,1bcd43f2b236da2a,0.975164,20.0,1,14065,1,1,0,0,1,0,0,0,0,0,0,0,0,1
1166,7,190012cb2cd5517d,0.732605,18.708413,1,13888,1,1,0,0,1,0,0,0,0,0,0,0,0,0
1167,7,752285f96761bfac,0.550378,17.533776,1,13916,1,1,0,0,0,0,0,0,0,0,0,0,0,1
1168,7,8ce008444b943984,1.458043,20.0,1,13883,1,0,0,0,1,0,0,0,0,0,0,0,0,1
1169,7,815cbd6616cc478f,1.095373,18.614272,1,13963,1,1,0,0,1,0,0,0,0,0,0,0,0,0
1170,7,ea182be542b69bac,0.822913,20.0,1,13955,1,1,0,0,1,0,0,0,0,0,0,0,0,1
1171,7,98558a7fe6a345e2,1.662993,15.748604,0,13992,1,0,0,0,0,0,0,0,0,0,0,0,0,0
1172,7,ea40987dff05550d,2.292998,18.789026,1,13894,2,1,0,0,1,0,0,0,0,0,0,0,0,1
1173,7,bd84d51435d6859a,1.722643,20.0,1,13837,1,1,0,0,1,0,0,0,0,0,0,0,0,1
1174,7,b3773e59edaae1a5,1.294158,20.0,1,14222,1,1,0,0,1,0,0,0,0,0,0,0,0,1
1175,7,5dadae3439224eef,0.973225,20.0,1,13999,1,1,0,0,1,0,0,0,0,0,0,0,0,0
1176,7,bf32681d9402a0dc,1.774801,18.968597,1,13844,1,0,0,0,0,0,0,0,0,0,0,0,0,1
1177,7,f7bd4e508f328e99,2.376995,20.0,1,14126,2,1,0,0,1,0,0,0,0,0,0,0,0,1
1178,7,7c7cf98600a1ae76,1.787534,20.0,1,14039,1,1,0,0,1,0,0,0,0,0,0,0,0,1
1179,7,4330f499d34eea83,2.386561,17.211266,0,13847,1,0,0,0,0,0,0,0,0,0,0,0,0,0
1180,7,574139667abb0c89,1.792934,19.88787,1,14111,1,1,0,0,1,0,0,0,0,0,0,0,0,1
1181,7,92baeeda50fe0e26,1.346964,18.419858,1,14012,1,1,0,0,1,0,0,0,0,0,0,0,0,0
1182,7,80a0120ed18f2275,1.012936,17.332497,1,13947,1,1,0,0,0,0,0,0,0,0,0,0,0,1
1183,7,9d84e6efc962d46c,1.804635,16.500102,1,14083,1,0,0,0,1,0,0,0,0,0,0,0,0,0
1184,7,7e27000adda5a2ae,1.355754,19.353599,1,13936,1,1,0,0,1,0,0,0,0,0,0,0,0,1
1185,7,d6305ecf789aa604,2.063697,20.0,1,13747,2,1,0,0,1,0,0,0,0,0,0,0,0,1
1186,7,0dfeeb2fafb97a29,1.550379,19.642399,1,13947,1,1,0,0,1,0,0,0,0,0,0,0,0,0
1187,7,28f425ac2b388d3c,2.208395,18.235445,1,13996,1,0,0,0,0,0,0,0,0,0,0,0,0,1
1188,7,f910b70780c7b8f7,1.659084,17.178452,1,14041,1,1,0,0,1,0,0,0,0,0,0,0,0,0
1189,7,79eecec24ccd7024,1.247655,19.879444,1,13857,1,1,0,0,1,0,0,0,0,0,0,0,0,1
1190,7,69189b788a8d342d,0.937317,18.413528,1,13913,1,1,0,0,1,0,0,0,0,0,0,0,0,0
1191,7,f1e96ea7a36e0d03,0.704171,17.31224,1,13989,1,1,0,0,0,0,0,0,0,0,0,0,0,1
1192,7,c8a578fd7d03b1de,2.617848,19.980054,1,13801,2,0,0,0,1,0,0,0,0,0,0,0,0,1
1193,7,a55b3aacea87068c,1.966691,20.0,1,13985,1,1,0,0,1,0,0,0,0,0,0,0,0,1
1194,7,4484329fed67d255,1.477501,19.982549,1,13923,1,1,0,0,1,0,0,0,0,0,0,0,0,0
1195,7,a94a01c146d24e8a,2.153645,18.490987,1,14032,1,0,0,0,0,0,0,0,0,0,0,0,0,1
1196,7,7cc803e032517fd4,2.663722,20.0,1,13933,2,1,0,0,1,0,0,0,0,0,0,0,0,1
1197,7,732ddc3193e49959,2.001155,19.155058,1,13864,1,1,0,0,1,0,0,0,0,0,0,0,0,0
1198,7,974532203b2dee49,1.503393,20.0,1,13810,1,1,0,0,1,0,0,0,0,0,0,0,0,1
1199,7,969a5d705d59b0ed,2.174723,19.534628,1,13978,1,0,0,0,0,0,0,0,0,0,0,0,0,1
1200,7,e9eff07273e48409,2.677442,20.0,1,13776,2,1,0,0,1,0,0,0,0,0,0,0,0,1
1201,7,61d999bd71db7b91,2.011462,19.731153,1,13810,1,1,0,0,1,0,0,0,0,0,0,0,0,0
1202,7,5424022e44216fc3,1.511136,20.0,1,13761,1,1,0,0,1,0,0,0,0,0,0,0,0,1
1203,7,330c2feb0ab7284f,2.180546,16.379597,0,13967,1,0,0,0,0,0,0,0,0,0,0,0,0,0
1204,7,1b3fdb45d19951f0,1.638163,19.263068,1,13818,1,1,0,0,1,0,0,0,0,0,0,0,0,1
1205,7,98ec77d651a8c607,2.274344,20.0,1,13877,2,1,0,0,1,0,0,0,0,0,0,0,0,1
1206,7,51c723f9d312e950,1.710339,19.59565,1,13781,1,1,0,0,1,0,0,0,0,0,0,0,0,0
1207,7,72b5eef91abfa8f2,2.328567,18.200324,1,13759,1,0,0,0,0,0,0,0,0,0,0,0,0,1
1208,7,af4bdc7657d656d9,1.749365,17.152067,1,13760,1,1,0,0,1,0,0,0,0,0,0,0,0,0
1209,7,64e02c5680bbeb9e,1.314233,19.843396,1,13888,1,1,0,0,1,0,0,0,0,0,0,0,0,1
1210,7,c6cbd4c8a183ae14,0.988322,18.403018,1,13527,1,1,0,0,1,0,0,0,0,0,0,0,0,0
1211,7,a9c881e6c1eaeca6,1.786143,17.304344,1,14066,1,0,0,0,0,0,0,0,0,0,0,0,0,1
1212,7,bc083e652dd131e6,1.341862,19.957796,1,13853,1,1,0,0,1,0,0,0,0,0,0,0,0,1
1213,7,afeac3465f716053,1.009099,18.489049,1,13809,1,1,0,0,1,0,0,0,0,0,0,0,0,0
1214,7,9de7917f73f5665f,2.845405,17.368976,1,13810,2,0,0,0,0,0,0,0,0,0,0,0,0,1
1215,7,fa68a4506a00c801,2.137647,20.0,1,13789,1,1,0,0,1,0,0,0,0,0,0,0,0,1
1216,7,60e4b7f70ad8149c,1.605934,20.0,1,13841,1,1,0,0,1,0,0,0,0,0,0,0,0,1
1217,7,540ee59e39a43a58,2.251836,16.535073,0,13774,1,0,0,0,0,0,0,0,0,0,0,0,0,0
1218,7,ae27dfec4119893f,1.69172,19.379872,1,13701,1,1,0,0,1,0,0,0,0,0,0,0,0,1
1219,7,50d9b441d6e1303a,1.270926,18.038218,1,13867,1,1,0,0,1,0,0,0,0,0,0,0,0,0
1220,7,00d1374a9a22da3a,1.999905,17.045498,1,13763,1,0,0,0,0,0,0,0,0,0,0,0,0,1
1221,7,255f7fa8fedc16bc,1.502454,19.763335,1,13753,1,1,0,0,1,0,0,0,0,0,0,0,0,1
1222,7,106f463ddcb05122,1.128737,14.847455,0,13852,1,1,0,0,0,0,0,0,0,0,0,0,0,0
1223,7,160b940953158132,1.891632,18.112027,1,13877,1,0,0,0,1,0,0,0,0,0,0,0,0,1
1224,7,3a7d11d2ae8e7e6b,2.466684,20.0,1,13658,2,1,0,0,1,0,0,0,0,0,0,0,0,1
1225,7,75742d04a12d83c0,2.896781,18.94096,1,13766,1,0,0,0,0,0,0,0,0,0,0,0,0,1
1226,7,4bed84dc4c67ccd1,2.176243,20.0,1,13847,1,1,0,0,1,0,0,0,0,0,0,0,0,1
1227,7,3d1a5c1bfce1c0e9,2.680717,15.93317,0,13759,1,0,0,0,0,0,0,0,0,0,0,0,0,0
1228,7,0a81783084cc7bee,2.013922,18.927684,1,13781,1,1,0,0,1,0,0,0,0,0,0,0,0,1
1229,7,82c8873e16e2d8c7,3.600291,17.698506,1,13858,2,0,0,0,0,0,0,0,0,0,0,0,0,1
1230,7,1e94440a71993a93,2.704764,16.77507,1,13829,1,1,0,0,1,0,0,0,0,0,0,0,0,0
1231,7,84d750ed6334295f,3.078172,16.095594,1,13628,1,0,0,0,0,0,0,0,0,0,0,0,0,1
1232,7,dc367c6223a7016b,2.312515,15.570862,1,13435,1,1,0,0,1,0,0,0,0,0,0,0,0,0
1233,7,2cc0200773afddc0,1.737306,18.655496,1,13547,1,1,0,0,1,0,0,0,0,0,0,0,0,1
1234,7,48468e111a9bca6f,2.35063,14.029199,0,13235,1,0,0,0,0,0,0,0,0,0,0,0,0,0
1235,7,32ed8e3557a324d1,1.76594,17.497302,1,13672,1,1,0,0,1,0,0,0,0,0,0,0,0,1
1236,7,909201e3ffb2aa73,2.370338,16.623913,1,13651,1,0,0,0,0,0,0,0,0,0,0,0,0,1
1237,7,9963bb2f62f94f48,1.780746,15.967769,1,13777,1,1,0,0,1,0,0,0,0,0,0,0,0,0
1238,7,f566322e418e3713,1.339147,18.968993,1,13718,1,1,0,0,1,0,0,0,0,0,0,0,0,1
1239,7,81ccc786a751bde3,2.049704,14.250696,0,13662,1,0,0,0,0,0,0,0,0,0,0,0,0,0
1240,7,6abce400cba3fa18,1.539866,17.663704,1,13764,1,1,0,0,1,0,0,0,0,0,0,0,0,1
1241,7,092c96675640792a,1.158001,16.763859,1,13433,1,1,0,0,1,0,0,0,0,0,0,0,0,0
1242,7,ce20d5d3416f5826,1.913616,16.072905,1,13630,1,0,0,0,0,0,0,0,0,0,0,0,0,1
1243,7,cac2813cd650699b,1.437628,19.032662,1,13577,1,1,0,0,1,0,0,0,0,0,0,0,0,1
1244,7,a342a6829d486d03,1.080037,14.298527,0,13491,1,1,0,0,0,0,0,0,0,0,0,0,0,0
1245,7,fcfb852747fd0717,1.856353,17.7137,1,13400,1,0,0,0,1,0,0,0,0,0,0,0,0,1
1246,7,48c167b5a0d69323,1.394609,16.786485,1,13754,1,1,0,0,1,0,0,0,0,0,0,0,0,0
1247,7,60b670de169e4c59,1.047718,19.568748,1,13669,1,1,0,0,1,0,0,0,0,0,0,0,0,1
1248,7,80c2c09cddb27c91,0.787899,14.715977,0,13740,1,1,0,0,0,0,0,0,0,0,0,0,0,0
1249,7,fc3f48c4974eb858,1.635572,18.013253,1,13828,1,0,0,0,1,0,0,0,0,0,0,0,0,1
1250,7,0291a4c2c6e09e68,1.228744,17.011528,1,13673,1,1,0,0,1,0,0,0,0,0,0,0,0,0
1251,7,dea37740a700acad,0.92311,19.737814,1,13808,1,1,0,0,1,0,0,0,0,0,0,0,0,1
1252,7,7895974d20ddf32b,1.738342,20.0,1,13734,2,1,0,0,1,0,0,0,0,0,0,0,0,1
1253,7,f587c97b6a920315,2.349605,16.380621,0,13629,1,0,0,0,0,0,0,0,0,0,0,0,0,0
1254,7,95a9bc36364b0cab,1.76517,19.263837,1,13777,1,1,0,0,1,0,0,0,0,0,0,0,0,1
1255,7,6911e95e9de89087,1.327433,17.967182,1,13682,1,1,0,0,1,0,0,0,0,0,0,0,0,0
1256,7,accc69e0bdf806d8,2.040904,16.976917,1,13565,1,0,0,0,0,0,0,0,0,0,0,0,0,1
1257,7,9fbf6995f3f131e8,1.533255,16.232967,1,13697,1,1,0,0,1,0,0,0,0,0,0,0,0,0
1258,7,7cea65775ed85ad8,1.151877,19.152911,1,14051,1,1,0,0,1,0,0,0,0,0,0,0,0,1
1259,7,a5026f7538a1d289,0.866228,20.0,1,13971,1,1,0,0,1,0,0,0,0,0,0,0,0,1
1260,7,8b34f894b45e9a39,1.694418,19.529018,1,13862,1,0,0,0,0,0,0,0,0,0,0,0,0,1
1261,7,725fe4ebd64bcf0d,2.316606,18.150266,1,13727,2,1,0,0,1,0,0,0,0,0,0,0,0,0
1262,7,a82b3b2413b0efc1,1.742121,20.0,1,13724,1,1,0,0,1,0,0,0,0,0,0,0,0,1
1263,7,2812551e77d6a616,2.352444,18.962564,1,13876,1,0,0,0,0,0,0,0,0,0,0,0,0,1
1264,7,46333a9e411e1fcf,1.767303,17.72471,1,13715,1,1,0,0,1,0,0,0,0,0,0,0,0,0
1265,7,45cb7289975ea1d6,1.327709,20.0,1,13679,1,1,0,0,1,0,0,0,0,0,0,0,0,1
1266,7,89296aa1e5a1b005,2.042606,15.246037,0,13317,1,0,0,0,0,0,0,0,0,0,0,0,0,0
1267,7,e5e2c38e41aac85a,1.534534,18.411467,1,13818,1,1,0,0,1,0,0,0,0,0,0,0,0,1
1268,7,158f1c213f718720,1.152838,17.310691,1,13646,1,1,0,0,1,0,0,0,0,0,0,0,0,0
1269,7,c9446554e18f8de4,0.866951,19.97889,1,13559,1,1,0,0,1,0,0,0,0,0,0,0,0,1
1270,7,fc74780a20ab1e4f,0.651308,15.009393,0,13962,1,1,0,0,0,0,0,0,0,0,0,0,0,0
1271,7,d98fe72f501a5492,1.532956,18.233685,1,13658,1,0,0,0,1,0,0,0,0,0,0,0,0,1
1272,7,86242f34aaac0281,2.195306,20.0,1,13847,2,1,0,0,1,0,0,0,0,0,0,0,0,1
1273,7,c27558c0747d6a27,1.650902,19.014089,1,13696,1,1,0,0,1,0,0,0,0,0,0,0,0,0
1274,7,5bce455c89b56689,1.240261,20.0,1,13702,1,1,0,0,1,0,0,0,0,0,0,0,0,1
1275,7,44e5d36a8b7f88d7,1.975415,15.958518,0,13434,1,0,0,0,0,0,0,0,0,0,0,0,0,0
1276,7,d1e80d30eaf3be9e,1.48554,18.962037,1,13334,1,1,0,0,1,0,0,0,0,0,0,0,0,1
1277,7,e162e8b48e942c98,1.116031,20.0,1,13227,1,1,0,0,1,0,0,0,0,0,0,0,0,1
1278,7,8f015dba11cf00de,1.882086,20.0,1,13208,2,1,0,0,1,0,0,0,0,0,0,0,0,1
1279,7,7675b0896c0a468b,1.41394,17.194019,0,13140,0,0,0,0,0,0,0,0,0,0,0,0,0,0
1280,7,be2df9cd74ca56ba,2.107454,19.891151,1,13152,2,1,0,0,1,0,0,0,0,0,0,0,0,1
1281,7,225ee142cd1e6db7,1.583251,18.422323,1,13162,1,1,0,0,1,0,0,0,0,0,0,0,0,0
1282,7,57b41a9ef376bbb0,1.189438,17.318847,1,13167,1,1,0,0,0,0,0,0,0,0,0,0,0,1
1283,7,654c574a2a1e27ff,1.938624,16.504521,1,13644,1,0,0,0,1,0,0,0,0,0,0,0,0,0
1284,7,d537be5639c69b1f,1.456416,19.356919,1,13766,1,1,0,0,1,0,0,0,0,0,0,0,0,1
1285,7,72779cb5e9871f22,1.094151,20.0,1,14069,1,1,0,0,1,0,0,0,0,0,0,0,0,1
1286,7,62846244ef5dd3a0,1.865648,16.15201,0,14786,1,0,0,0,0,0,0,0,0,0,0,0,0,0
1287,7,e1e720fdfd88da72,1.402994,19.107545,1,14561,1,1,0,0,1,0,0,0,0,0,0,0,0,1
1288,7,0517a3ebf3a52bfc,2.09767,20.0,1,15252,2,1,0,0,1,0,0,0,0,0,0,0,0,1
1289,7,9e367f6e0995bd02,1.575901,20.0,1,15319,1,1,0,0,1,0,0,0,0,0,0,0,0,1
1290,7,ec27ae94916dfb19,1.1851,20.0,1,15081,1,1,0,0,1,0,0,0,0,0,0,0,0,0
1291,8,1fd48474a6be9a50,1.933975,19.07016,1,14544,1,0,0,0,0,0,0,0,0,0,0,0,0,1
1292,8,530e0ea8d92a6d51,2.496576,20.0,1,13903,2,1,0,0,1,0,0,0,0,0,0,0,0,1
1293,8,9d91a06f605c6d81,1.875584,19.469009,1,14099,1,1,0,0,1,0,0,0,0,0,0,0,0,0
1294,8,1bedfd585b1aa4b9,2.454617,18.121474,1,14186,1,0,0,0,0,0,0,0,0,0,0,0,0,1
1295,8,26a9669cba5af3ef,1.844062,17.09283,1,14308,1,1,0,0,1,0,0,0,0,0,0,0,0,0
1296,8,4f55c5e4b2d3c044,1.385375,19.798894,1,14215,1,1,0,0,1,0,0,0,0,0,0,0,0,1
1297,8,429a6cfc04b09590,2.085972,14.88905,0,14040,1,0,0,0,0,0,0,0,0,0,0,0,0,0
1298,8,bfd1095e82cc3b3f,1.567113,18.143276,1,13939,1,1,0,0,1,0,0,0,0,0,0,0,0,1
1299,8,e8a24dfe484cb614,2.220967,13.630365,0,14233,1,0,0,0,0,0,0,0,0,0,0,0,0,0
1300,8,a8eb40163c807ab7,1.668529,17.197673,1,13989,1,1,0,0,1,0,0,0,0,0,0,0,0,1
1301,8,b734eb68cadec0ba,1.254758,16.413397,1,13825,1,1,0,0,1,0,0,0,0,0,0,0,0,0
1302,8,03ed9d518f369873,0.942653,15.809616,1,14140,1,1,0,0,0,0,0,0,0,0,0,0,0,1
1303,8,cd43fcebe8f5e6e6,1.751833,15.356018,1,13864,1,0,0,0,1,0,0,0,0,0,0,0,0,0
1304,8,338e1a6d9a9334b5,1.317403,18.508948,1,14004,1,1,0,0,1,0,0,0,0,0,0,0,0,1
1305,8,f71f04d2a5841727,0.989716,17.383925,1,13900,1,1,0,0,1,0,0,0,0,0,0,0,0,0
1306,8,dab4ff966e399802,0.743537,20.0,1,13993,1,1,0,0,1,0,0,0,0,0,0,0,0,1
1307,8,339e340883d8ecaf,1.602245,15.038461,0,14052,1,0,0,0,0,0,0,0,0,0,0,0,0,0
1308,8,0f3eea50b2030a66,1.204911,18.27014,1,14050,1,1,0,0,1,0,0,0,0,0,0,0,0,1
1309,8,157d3461e0a7f335,0.905204,17.204518,1,13998,1,1,0,0,1,0,0,0,0,0,0,0,0,0
1310,8,f1991b9aba19249f,0.680046,19.8828,1,14152,1,1,0,0,1,0,0,0,0,0,0,0,0,1
1311,8,f0cae4ef532c2023,2.599705,18.432651,1,13893,2,0,0,0,0,0,0,0,0,0,0,0,0,1
1312,8,7630abeab872e6cf,1.953062,20.0,1,14014,1,1,0,0,1,0,0,0,0,0,0,0,0,1
1313,8,253c29c9cd31f14d,1.467262,19.109202,1,13966,1,1,0,0,1,0,0,0,0,0,0,0,0,0
1314,8,1bcd43f2b236da2a,2.145953,17.834873,1,14073,1,0,0,0,0,0,0,0,0,0,0,0,0,1
1315,8,190012cb2cd5517d,1.613787,16.892581,1,13867,1,1,0,0,1,0,0,0,0,0,0,0,0,0
1316,8,752285f96761bfac,1.212378,19.648453,1,13800,1,1,0,0,1,0,0,0,0,0,0,0,0,1
1317,8,8ce008444b943984,0.910814,18.239993,1,14000,1,1,0,0,1,0,0,0,0,0,0,0,0,0
1318,8,815cbd6616cc478f,1.729096,17.197236,1,14008,1,0,0,0,0,0,0,0,0,0,0,0,0,1
1319,8,ea182be542b69bac,1.299005,16.398485,1,13979,1,1,0,0,1,0,0,0,0,0,0,0,0,0
1320,8,98558a7fe6a345e2,0.975894,19.277258,1,13907,1,1,0,0,1,0,0,0,0,0,0,0,0,1
1321,8,ea40987dff05550d,0.733153,17.961128,1,14068,1,1,0,0,1,0,0,0,0,0,0,0,0,0
1322,8,bd84d51435d6859a,0.551341,16.987526,1,13824,1,1,0,0,0,0,0,0,0,0,0,0,0,1
1323,8,b3773e59edaae1a5,2.501509,19.719782,1,14013,2,0,0,0,1,0,0,0,0,0,0,0,0,1
1324,8,5dadae3439224eef,1.87929,20.0,1,14081,1,1,0,0,1,0,0,0,0,0,0,0,0,1
1325,8,3a65bdaf7fd2e05b,1.413253,19.853675,1,13993,1,1,0,0,1,0,0,0,0,0,0,0,0,0
1326,8,9c942d99de55188c,1.061724,18.394168,1,14000,1,1,0,0,0,0,0,0,0,0,0,0,0,1
1327,8,30873601b573427a,1.841287,20.0,1,14038,1,0,0,0,1,0,0,0,0,0,0,0,0,1
1328,8,1aeffc9998f43d0f,2.426943,20.0,1,14090,2,1,0,0,1,0,0,0,0,0,0,0,0,1
1329,8,151cbd0be88935fb,1.825096,20.0,1,13909,1,1,0,0,1,0,0,0,0,0,0,0,0,0
1330,8,73d5539c1889c3b4,2.41478,18.842692,1,14008,1,0,0,0,0,0,0,0,0,0,0,0,0,1
1331,8,d1ebb173c5c63af2,1.814134,17.634654,1,14046,1,1,0,0,1,0,0,0,0,0,0,0,0,0
1332,8,77b5c38872296fa3,1.364254,20.0,1,13997,1,1,0,0,1,0,0,0,0,0,0,0,0,1
1333,8,d80b9172be2a12d8,2.068567,20.0,1,13949,2,1,0,0,1,0,0,0,0,0,0,0,0,1
1334,8,f4f032b1f9c37973,2.59769,20.0,1,14021,1,0,0,0,0,0,0,0,0,0,0,0,0,1
1335,8,ff62a6d754c2d78c,1.951548,18.593792,1,13951,1,1,0,0,1,0,0,0,0,0,0,0,0,0
1336,8,886eda82314f66c9,1.467592,20.0,1,14039,1,1,0,0,1,0,0,0,0,0,0,0,0,1
1337,8,bdf35c76ee169e43,1.102547,19.213139,1,14140,1,1,0,0,1,0,0,0,0,0,0,0,0,0
1338,8,1d5692c033d330d0,1.871955,17.912957,1,13975,1,0,0,0,0,0,0,0,0,0,0,0,0,1
1339,8,17add1e00223f913,1.407737,20.0,1,13990,1,1,0,0,1,0,0,0,0,0,0,0,0,1
1340,8,1aaadfc52927b688,1.05758,18.828494,1,13998,1,1,0,0,1,0,0,0,0,0,0,0,0,0
1341,8,aea3b106fdc66c30,1.838174,20.0,1,13992,2,1,0,0,1,0,0,0,0,0,0,0,0,1
1342,8,3ded3997f419a726,2.424605,19.332614,1,13997,1,0,0,0,0,0,0,0,0,0,0,0,0,1
1343,8,6e0ece93dd5b4aab,1.823337,20.0,1,13878,1,1,0,0,1,0,0,0,0,0,0,0,0,1
1344,8,e0ae1e5b216e0e1d,2.413459,20.0,1,13995,2,1,0,0,1,0,0,0,0,0,0,0,0,1
1345,8,babc87e9c4446047,1.813141,20.0,1,14093,1,1,0,0,1,0,0,0,0,0,0,0,0,1
1346,8,89863576d84bd081,2.407659,18.288166,0,14031,1,0,0,0,0,0,0,0,0,0,0,0,0,0
1347,8,158acc439312efd7,1.808784,20.0,1,13903,1,1,0,0,1,0,0,0,0,0,0,0,0,1
1348,8,6096a3ca8bee074b,1.358872,19.027655,1,14087,1,1,0,0,1,0,0,0,0,0,0,0,0,0
1349,8,100feb87bb36438a,3.108176,17.77361,1,13957,2,0,0,0,0,0,0,0,0,0,0,0,0,1
1350,8,9a3f4186455c38d8,2.337393,20.0,1,14111,1,1,0,0,1,0,0,0,0,0,0,0,0,1
1351,8,9caa04ced0e9a069,1.755996,20.0,1,13998,1,1,0,0,1,0,0,0,0,0,0,0,0,1
1352,8,19ae6afb19a64d19,1.319214,20.0,1,13993,1,1,0,0,1,0,0,0,0,0,0,0,0,1
1353,8,77e96a547dd28f94,2.036218,20.0,1,13944,1,0,0,0,0,0,0,0,0,0,0,0,0,1
1354,8,05d092e1bca11d4c,2.573388,19.459,1,14076,2,1,0,0,1,0,0,0,0,0,0,0,0,0
1355,8,3ddc0b2379a7aafb,1.93329,20.0,1,13987,1,1,0,0,1,0,0,0,0,0,0,0,0,1
1356,8,1d8b7973bc9543cd,1.452409,16.209624,0,14078,1,1,0,0,0,0,0,0,0,0,0,0,0,0
1357,8,d9b952cbad788a8e,2.136383,19.150872,1,13961,1,0,0,0,1,0,0,0,0,0,0,0,0,1
1358,8,084240d094492738,1.604984,20.0,1,13914,1,1,0,0,1,0,0,0,0,0,0,0,0,1
1359,8,0b62003d91fe1b84,1.205765,19.514562,1,13949,1,1,0,0,1,0,0,0,0,0,0,0,0,0
1360,8,8f4333bc415824bb,1.950903,18.155731,1,13993,1,0,0,0,0,0,0,0,0,0,0,0,0,1
1361,8,9a5a4f188bd22302,2.509294,20.0,1,14146,2,1,0,0,1,0,0,0,0,0,0,0,0,1
1362,8,1870fd0d1a70351e,1.885139,20.0,1,14125,1,1,0,0,1,0,0,0,0,0,0,0,0,1
1363,8,1e8d4862819e0143,2.459887,20.0,1,13960,1,0,0,0,0,0,0,0,0,0,0,0,0,1
1364,8,0fe61b016f4823bb,1.84987,18.76969,1,13950,1,1,0,0,1,0,0,0,0,0,0,0,0,0
1365,8,5a561bf54b48ab1d,1.389739,20.0,1,14058,1,1,0,0,1,0,0,0,0,0,0,0,0,1
1366,8,7f29f0aa6e590fa7,2.087712,15.820581,0,14007,1,0,0,0,0,0,0,0,0,0,0,0,0,0
1367,8,51811ff1088637ba,1.569989,18.858306,1,14101,1,1,0,0,1,0,0,0,0,0,0,0,0,1
1368,8,221bd9296b06e569,2.223128,17.646385,1,14140,2,1,0,0,0,0,0,0,0,0,0,0,0,1
1369,8,2c0dd3853383616e,2.713806,16.735914,1,14062,1,0,0,0,1,0,0,0,0,0,0,0,0,0
1370,8,3ddd1377776c155d,2.038781,19.530755,1,14114,1,1,0,0,1,0,0,0,0,0,0,0,0,1
1371,8,f143c05ff86bc1cf,2.577343,14.687406,0,13949,1,0,0,0,0,0,0,0,0,0,0,0,0,0
1372,8,7d5e9e610682f9f5,1.936261,17.991788,1,14213,1,1,0,0,1,0,0,0,0,0,0,0,0,1
1373,8,eaabdd9009c56cc9,1.454641,13.516558,0,14103,1,1,0,0,0,0,0,0,0,0,0,0,0,0
1374,8,f9c5ac96956ec31c,2.138061,17.125648,1,14069,1,0,0,0,1,0,0,0,0,0,0,0,0,1
1375,8,4a4cf35c5ff9274b,2.649899,19.823548,1,14203,2,1,0,0,1,0,0,0,0,0,0,0,0,1
1376,8,b16e42d9f6fc7e21,3.034423,14.89269,0,14165,1,0,0,0,0,0,0,0,0,0,0,0,0,0
1377,8,9c42ded24325e355,2.279649,18.146011,1,13993,1,1,0,0,1,0,0,0,0,0,0,0,0,1
1378,8,c4c8968aabe394d2,1.714328,17.12656,1,14045,1,1,0,0,1,0,0,0,0,0,0,0,0,0
1379,8,3c36b1b5995cec37,2.331564,16.345389,1,14052,1,0,0,0,0,0,0,0,0,0,0,0,0,1
1380,8,480049e90ff50122,1.751617,15.758524,1,14379,1,1,0,0,1,0,0,0,0,0,0,0,0,0
1381,8,059eed1e545761f6,2.361391,15.331137,1,14440,1,0,0,0,0,0,0,0,0,0,0,0,0,1
1382,8,d41fea9b3939dc9c,1.774025,14.996554,1,14059,1,1,0,0,1,0,0,0,0,0,0,0,0,0
1383,8,30fe94d4b4d18fa3,1.332759,18.22404,1,14344,1,1,0,0,1,0,0,0,0,0,0,0,0,1
1384,8,92db016c1aaf5b77,2.044905,17.169884,1,14115,1,0,0,0,0,0,0,0,0,0,0,0,0,1
1385,8,ce947c10ebc52100,1.537798,16.392499,1,14154,1,1,0,0,1,0,0,0,0,0,0,0,0,0
1386,8,fde5c5dd8b3ac818,1.15529,19.272761,1,14175,1,1,0,0,1,0,0,0,0,0,0,0,0,1
1387,8,e7d194c07d691da1,0.867926,17.957749,1,14067,1,1,0,0,1,0,0,0,0,0,0,0,0,0
1388,8,781fb0e9d6e1d18d,2.740994,16.984985,1,13996,2,0,0,0,0,0,0,0,0,0,0,0,0,1
1389,8,5073e52be71e5d55,2.059206,19.717873,1,13922,1,1,0,0,1,0,0,0,0,0,0,0,0,1
1390,8,9a98202ed12d2863,1.547005,18.292146,1,14032,1,1,0,0,1,0,0,0,0,0,0,0,0,0
1391,8,2c3e914c8cc4b55b,2.20586,17.22105,1,13878,1,0,0,0,0,0,0,0,0,0,0,0,0,1
1392,8,03ac9934541c0b73,1.658838,19.911478,1,13909,1,1,0,0,1,0,0,0,0,0,0,0,0,1
1393,8,cfc2c9d500d3ce27,1.246223,18.437594,1,13936,1,1,0,0,1,0,0,0,0,0,0,0,0,0
1394,8,702bed25791d8fa2,0.936241,20.0,1,14010,1,1,0,0,1,0,0,0,0,0,0,0,0,1
1395,8,6fb2b1c3e306f91e,1.748217,19.12929,1,13792,1,0,0,0,0,0,0,0,0,0,0,0,0,1
1396,8,7c3969a4124bb5bf,1.31337,17.849965,1,14044,1,1,0,0,1,0,0,0,0,0,0,0,0,0
1397,8,c988fbb9c4873576,0.986686,20.0,1,13846,1,1,0,0,1,0,0,0,0,0,0,0,0,1
1398,8,debc39435491e638,1.784914,20.0,1,13912,2,1,0,0,1,0,0,0,0,0,0,0,0,1
1399,8,457a5c052f0819a5,2.386431,20.0,1,13914,1,0,0,0,0,0,0,0,0,0,0,0,0,1
1400,8,7cb4dead3afa39da,1.792836,18.669167,1,13855,1,1,0,0,1,0,0,0,0,0,0,0,0,0
1401,8,b2317dacc58e1114,1.346891,20.0,1,14035,1,1,0,0,1,0,0,0,0,0,0,0,0,1
1402,8,38b3fc714536e8ff,2.057032,19.260119,1,14032,1,0,0,0,0,0,0,0,0,0,0,0,0,1
1403,8,55b2d419601aaca3,1.545371,17.948252,1,13879,1,1,0,0,1,0,0,0,0,0,0,0,0,0
1404,8,e34a06efa19242cb,1.160979,20.0,1,14091,1,1,0,0,1,0,0,0,0,0,0,0,0,1
1405,8,570906e5b461051d,1.915854,20.0,1,14029,2,1,0,0,1,0,0,0,0,0,0,0,0,1
1406,8,4fc14a1659654b28,1.440749,20.0,1,14089,1,1,0,0,1,0,0,0,0,0,0,0,0,0
1407,8,dc5ddadfbf71bad7,1.082381,18.700506,1,14039,1,1,0,0,0,0,0,0,0,0,0,0,0,1
1408,8,507447c8e40cbe20,1.856806,17.527836,1,14098,1,0,0,0,1,0,0,0,0,0,0,0,0,0
1409,8,ac51653a488cd425,1.396344,20.0,1,13914,1,1,0,0,1,0,0,0,0,0,0,0,0,1
1410,8,68a9ba6cbd59ea15,1.049021,18.610916,1,14047,1,1,0,0,1,0,0,0,0,0,0,0,0,0
1411,8,d1cfe82a9ed2b151,0.788091,20.0,1,14122,1,1,0,0,1,0,0,0,0,0,0,0,0,1
1412,8,533eb9a837c22723,1.635716,20.0,1,14117,2,1,0,0,1,0,0,0,0,0,0,0,0,1
1413,8,b36cca4a8db888c2,2.274233,20.0,1,13862,1,0,0,0,0,0,0,0,0,0,0,0,0,1
1414,8,2d70a230c48ba238,1.708546,18.911804,1,13995,1,1,0,0,1,0,0,0,0,0,0,0,0,0
1415,8,1b9429903921e1ca,1.283567,20.0,1,14198,1,1,0,0,1,0,0,0,0,0,0,0,0,1
1416,8,25fa56499db4526a,0.96526,19.3972,1,14110,1,1,0,0,1,0,0,0,0,0,0,0,0,0
1417,8,a1dd144609b97469,1.768817,18.051235,1,13932,1,0,0,0,0,0,0,0,0,0,0,0,0,1
1418,8,3d6541b4eeb1de03,2.3725,20.0,1,14036,2,1,0,0,1,0,0,0,0,0,0,0,0,1
1419,8,66e87a3d554f380e,1.78237,18.893933,1,14011,1,1,0,0,1,0,0,0,0,0,0,0,0,0
1420,8,dfe1c1676a692900,1.340368,20.0,1,14094,1,1,0,0,1,0,0,0,0,0,0,0,0,1
1421,8,7b9049f8ab9c8008,2.050622,19.382706,1,14000,1,0,0,0,0,0,0,0,0,0,0,0,0,1
1422,8,dca4584c37be2c1a,1.540555,20.0,1,14146,1,1,0,0,1,0,0,0,0,0,0,0,0,1
1423,8,88665c86bcab0e81,2.20267,19.66324,1,14053,2,1,0,0,1,0,0,0,0,0,0,0,0,0
1424,8,c86a50bf547ce105,1.654784,20.0,1,14258,1,1,0,0,1,0,0,0,0,0,0,0,0,1
1425,8,5fbb62f9954d7bdb,1.243177,16.324896,0,14072,1,1,0,0,0,0,0,0,0,0,0,0,0,0
1426,8,04668a20bacfd68f,1.977606,19.221973,1,14124,1,0,0,0,1,0,0,0,0,0,0,0,0,1
1427,8,0a0c2c9285f3e317,2.531338,20.0,1,14063,2,1,0,0,1,0,0,0,0,0,0,0,0,1
1428,8,affb649caeebbb9a,1.9017,20.0,1,14119,1,1,0,0,1,0,0,0,0,0,0,0,0,1
1429,8,ba05c4a13797c328,1.428676,20.0,1,14155,1,1,0,0,1,0,0,0,0,0,0,0,0,0
1430,8,27378726e6d14d7b,2.118535,19.117213,1,14210,1,0,0,0,0,0,0,0,0,0,0,0,0,1
1431,8,62cdd9ac858bce3d,1.591576,17.840892,1,14161,1,1,0,0,1,0,0,0,0,0,0,0,0,0
1432,8,8c12a1efc80faf75,2.239345,20.0,1,14119,2,1,0,0,1,0,0,0,0,0,0,0,0,1
1433,8,0fdd316da31408b9,1.682336,20.0,1,14286,1,1,0,0,1,0,0,0,0,0,0,0,0,1
1434,8,ee57a3f890c065d9,2.309291,20.0,1,14070,1,0,0,0,0,0,0,0,0,0,0,0,0,1
1435,8,4d1403f4995693b2,1.734884,20.0,1,14155,1,1,0,0,1,0,0,0,0,0,0,0,0,1
1436,8,188336e7ef534b81,1.303354,20.0,1,14242,1,1,0,0,1,0,0,0,0,0,0,0,0,1
1437,8,4b5b382bf615a1f1,3.068442,17.743392,0,14150,2,0,0,0,0,0,0,0,0,0,0,0,0,0
1438,8,5aab4d04366b8efa,2.305205,20.0,1,14214,1,1,0,0,1,0,0,0,0,0,0,0,0,1
1439,8,9e446aa56d8b7cb2,1.731815,20.0,1,14297,1,1,0,0,1,0,0,0,0,0,0,0,0,1
1440,8,603da7470fa4bd5d,2.344701,16.677302,0,14254,1,0,0,0,0,0,0,0,0,0,0,0,0,0
1441,8,0f0318a3d4ece8b5,1.763249,19.502573,1,14327,1,1,0,0,1,0,0,0,0,0,0,0,0,1
1442,8,e5e52f870c52a86d,1.324663,18.130398,1,14204,1,1,0,0,1,0,0,0,0,0,0,0,0,0
1443,8,cd0b666839fbab7d,2.038823,17.099535,1,14256,1,0,0,0,0,0,0,0,0,0,0,0,0,1
1444,8,ae202cc35c2aeb7a,1.533224,19.820097,1,14282,1,1,0,0,1,0,0,0,0,0,0,0,0,1
1445,8,5a71743fb2b70fa3,1.151854,18.368943,1,14151,1,1,0,0,1,0,0,0,0,0,0,0,0,0
1446,8,152de56ca1abf7dc,2.952651,17.278745,1,14157,2,0,0,0,0,0,0,0,0,0,0,0,0,1
1447,8,884217a02f3b4be8,2.218217,19.938564,1,14328,1,1,0,0,1,0,0,0,0,0,0,0,0,1
1448,8,1d447a986741451f,1.668131,20.0,1,14143,1,1,0,0,1,0,0,0,0,0,0,0,0,1
1449,8,b85a3456f636bab5,1.253204,19.972881,1,14174,1,1,0,0,1,0,0,0,0,0,0,0,0,0
1450,8,797e301b280d97b1,1.985139,18.483723,1,14478,2,1,0,0,0,0,0,0,0,0,0,0,0,1
1451,8,1028125eb6c08948,2.537003,20.0,1,13966,1,0,0,0,1,0,0,0,0,0,0,0,0,1
1452,8,05578c481214b1d9,1.905956,19.150954,1,14357,1,1,0,0,1,0,0,0,0,0,0,0,0,0
1453,8,f0b77858a3acbd1d,2.475527,17.86624,1,14068,1,0,0,0,0,0,0,0,0,0,0,0,0,1
1454,8,6c63ab0d5755d5a1,1.859771,16.901083,1,14237,1,1,0,0,1,0,0,0,0,0,0,0,0,0
1455,8,0cfc0a3281de0dae,2.442724,16.190357,1,14158,1,0,0,0,0,0,0,0,0,0,0,0,0,1
1456,8,7250743c791e8016,2.878781,19.120899,1,14349,2,1,0,0,1,0,0,0,0,0,0,0,0,1
1457,8,1509a0b823f793ac,2.162721,20.0,1,14359,1,1,0,0,1,0,0,0,0,0,0,0,0,1
1458,8,0c39d1c2403c6bd5,2.670547,19.51533,1,14207,1,0,0,0,0,0,0,0,0,0,0,0,0,1
1459,8,84f1ca4dc19f7a24,2.006282,18.139982,1,14356,1,1,0,0,1,0,0,0,0,0,0,0,0,0
1460,8,42c494f5f0dbb22b,3.594552,17.106735,1,14268,2,0,0,0,0,0,0,0,0,0,0,0,0,1
1461,8,c0e5116cf51b1097,2.700452,19.80934,1,14419,1,1,0,0,1,0,0,0,0,0,0,0,0,1
1462,8,7dca2a90738952e5,3.074929,18.377407,1,14392,1,0,0,0,0,0,0,0,0,0,0,0,0,1
1463,8,8ed2655df8a48067,2.310079,17.285104,1,14215,1,1,0,0,1,0,0,0,0,0,0,0,0,0
1464,8,8283f471acc61ef0,2.77913,16.464497,1,14407,1,0,0,0,0,0,0,0,0,0,0,0,0,1
1465,8,ad07b00b1e58a484,2.089945,15.862038,1,14248,1,1,0,0,1,0,0,0,0,0,0,0,0,0
1466,8,5cc8ba96e0d47497,1.570098,18.874245,1,14248,1,1,0,0,1,0,0,0,0,0,0,0,0,1
1467,8,17b5e9230e01a85f,2.223209,17.658359,1,14204,1,0,0,0,0,0,0,0,0,0,0,0,0,1
1468,8,af443e4f4c3ae8b4,1.670214,16.74491,1,14310,1,1,0,0,1,0,0,0,0,0,0,0,0,0
1469,8,285dcff2a81aa4b3,1.256025,19.553414,1,14141,1,1,0,0,1,0,0,0,0,0,0,0,0,1
1470,8,3267b9a56e84d1bf,1.987258,18.168594,1,14141,1,0,0,0,0,0,0,0,0,0,0,0,0,1
1471,8,81ac4b73b043d921,2.536606,20.0,1,13894,2,1,0,0,1,0,0,0,0,0,0,0,0,1
1472,8,304cddad63979d30,1.907564,15.496814,0,14302,1,1,0,0,0,0,0,0,0,0,0,0,0,0
1473,8,455fd31bca8fb01d,2.476735,18.599866,1,14205,1,0,0,0,1,0,0,0,0,0,0,0,0,1
1474,8,144bbca378b8b707,1.860678,17.452228,1,14272,1,1,0,0,1,0,0,0,0,0,0,0,0,0
1475,8,a2a706d88b7c86ef,1.397858,20.0,1,14204,1,1,0,0,1,0,0,0,0,0,0,0,0,1
1476,8,1b8f436fd45fcbef,2.09536,18.572597,1,14038,1,0,0,0,0,0,0,0,0,0,0,0,0,1
1477,8,0a847da962b49b21,1.574165,17.431743,1,14040,1,1,0,0,1,0,0,0,0,0,0,0,0,0
1478,8,297c6e1a17f9aadf,1.182612,16.574661,1,13900,1,1,0,0,0,0,0,0,0,0,0,0,0,1
1479,8,0f487e0fd8ad1489,1.933491,19.425385,1,13861,1,0,0,0,1,0,0,0,0,0,0,0,0,1
1480,8,38dcc0864d407e8d,1.45256,18.07241,1,13880,1,1,0,0,1,0,0,0,0,0,0,0,0,0
1481,8,2cc5f1926215a345,1.091254,20.0,1,13821,1,1,0,0,1,0,0,0,0,0,0,0,0,1
1482,8,46129cd32c2b8f7d,1.863472,15.427039,0,13752,1,0,0,0,0,0,0,0,0,0,0,0,0,0
1483,8,5123ca24f0cf90e2,1.401357,18.562357,1,13872,1,1,0,0,1,0,0,0,0,0,0,0,0,1
1484,8,691a1dbf16af6de8,1.052787,17.424049,1,14125,1,1,0,0,1,0,0,0,0,0,0,0,0,0
1485,8,215bdbba9a5ab721,0.79092,20.0,1,13741,1,1,0,0,1,0,0,0,0,0,0,0,0,1
1486,8,a070d656b385eb8a,1.638933,15.076176,0,13462,1,0,0,0,0,0,0,0,0,0,0,0,0,0
1487,8,37d4022d92a1192b,1.231269,18.283856,1,13245,1,1,0,0,1,0,0,0,0,0,0,0,0,1
1488,8,17bc66eb952a26e9,0.925007,17.214822,1,13235,1,1,0,0,1,0,0,0,0,0,0,0,0,0
1489,8,77e3505a44d41cc0,0.694923,19.890541,1,13366,1,1,0,0,1,0,0,0,0,0,0,0,0,1
1490,8,fa2dddc80a7a66eb,1.566742,18.438472,1,13342,1,0,0,0,0,0,0,0,0,0,0,0,0,1
1491,8,a1d3626485820de0,1.177035,17.330979,1,13302,1,1,0,0,1,0,0,0,0,0,0,0,0,0
1492,8,280f5e1674973474,1.927916,19.977806,1,13431,2,1,0,0,1,0,0,0,0,0,0,0,0,1
1493,9,1fd48474a6be9a50,2.493971,18.504097,1,13944,1,0,0,0,0,0,0,0,0,0,0,0,0,1
1494,9,530e0ea8d92a6d51,1.873627,20.0,1,14115,1,1,0,0,1,0,0,0,0,0,0,0,0,1
1495,9,9d91a06f605c6d81,1.407586,19.149525,1,14149,1,1,0,0,1,0,0,0,0,0,0,0,0,0
1496,9,1bedfd585b1aa4b9,2.10112,17.865167,1,14252,1,0,0,0,0,0,0,0,0,0,0,0,0,1
1497,9,26a9669cba5af3ef,1.580072,16.915362,1,14132,1,1,0,0,1,0,0,0,0,0,0,0,0,0
1498,9,4f55c5e4b2d3c044,1.187049,19.665568,1,14160,1,1,0,0,1,0,0,0,0,0,0,0,0,1
1499,9,429a6cfc04b09590,1.935439,14.774006,0,14051,1,0,0,0,0,0,0,0,0,0,0,0,0,0
1500,9,bfd1095e82cc3b3f,1.455478,18.071267,1,14143,1,1,0,0,1,0,0,0,0,0,0,0,0,1
1501,9,e8a24dfe484cb614,1.093446,17.055112,1,14058,1,1,0,0,1,0,0,0,0,0,0,0,0,0
1502,9,a8eb40163c807ab7,1.865118,16.291712,1,13972,1,0,0,0,0,0,0,0,0,0,0,0,0,1
1503,9,b734eb68cadec0ba,1.401194,15.718199,1,13976,1,1,0,0,1,0,0,0,0,0,0,0,0,0
1504,9,03ed9d518f369873,2.097868,15.300811,1,13947,1,0,0,0,0,0,0,0,0,0,0,0,0,1
1505,9,cd43fcebe8f5e6e6,1.57605,14.973772,1,14048,1,1,0,0,1,0,0,0,0,0,0,0,0,0
1506,9,338e1a6d9a9334b5,1.184027,18.206924,1,14022,1,1,0,0,1,0,0,0,0,0,0,0,0,1
1507,9,f71f04d2a5841727,0.890405,20.0,1,13822,1,1,0,0,1,0,0,0,0,0,0,0,0,1
1508,9,dab4ff966e399802,2.756235,18.994574,1,14049,2,0,0,0,0,0,0,0,0,0,0,0,0,1
1509,9,339e340883d8ecaf,2.070656,17.748758,1,13931,1,1,0,0,1,0,0,0,0,0,0,0,0,0
1510,9,0f3eea50b2030a66,1.555607,20.0,1,14148,1,1,0,0,1,0,0,0,0,0,0,0,0,1
1511,9,3e985a0bd30d703c,1.169838,18.740125,1,13897,1,1,0,0,1,0,0,0,0,0,0,0,0,0
1512,9,d3664dba52f12bb7,0.878856,17.5576,1,14127,1,1,0,0,0,0,0,0,0,0,0,0,0,1
1513,9,c246d2e3c31b3ae9,1.703905,16.669213,1,13933,1,0,0,0,1,0,0,0,0,0,0,0,0,0
1514,9,635cd0467a27e5a7,1.281361,19.496489,1,13966,1,1,0,0,1,0,0,0,0,0,0,0,0,1
1515,9,56d771fdebc6f2d0,0.962638,18.125828,1,14062,1,1,0,0,1,0,0,0,0,0,0,0,0,0
1516,9,4385c4802bd992a1,1.766848,17.096101,1,13893,1,0,0,0,0,0,0,0,0,0,0,0,0,1
1517,9,8aba10677e53b1b7,1.327367,19.801351,1,14068,1,1,0,0,1,0,0,0,0,0,0,0,0,1
1518,9,49192243e8cbaa76,0.998199,18.3714,1,13850,1,1,0,0,1,0,0,0,0,0,0,0,0,0
1519,9,bab3e108e1f9bce4,0.749909,20.0,1,14047,1,1,0,0,1,0,0,0,0,0,0,0,0,1
1520,9,7a93b2fc68a46685,2.650686,19.074632,1,14016,2,0,0,0,0,0,0,0,0,0,0,0,0,1
1521,9,9343a49525c06e8b,1.993353,20.0,1,13849,1,1,0,0,1,0,0,0,0,0,0,0,0,1
1522,9,404bc81199b9cb31,1.497532,20.0,1,13932,1,1,0,0,1,0,0,0,0,0,0,0,0,1
1523,9,0928d693aed6555f,1.12504,20.0,1,13939,1,1,0,0,1,0,0,0,0,0,0,0,0,0
1524,9,7418e99e7085b246,1.888854,19.052945,1,13989,1,0,0,0,0,0,0,0,0,0,0,0,0,1
1525,9,eb8011c3605ecbc3,2.464595,20.0,1,13896,2,1,0,0,1,0,0,0,0,0,0,0,0,1
1526,9,10a55c60c28fb871,1.851558,20.0,1,14073,1,1,0,0,1,0,0,0,0,0,0,0,0,1
1527,9,9142a53c8ea3eea3,1.391007,20.0,1,13895,1,1,0,0,1,0,0,0,0,0,0,0,0,0
1528,9,5b98d08642d6c5c1,1.046057,19.063262,1,14050,1,1,0,0,0,0,0,0,0,0,0,0,0,1
1529,9,9babb0f7babc91be,1.829517,17.800361,1,13982,1,0,0,0,1,0,0,0,0,0,0,0,0,0
1530,9,6b628ace3a80b66e,1.374448,20.0,1,13881,1,1,0,0,1,0,0,0,0,0,0,0,0,1
1531,9,1fb15d63bb00c795,1.032571,18.75234,1,14154,1,1,0,0,0,0,0,0,0,0,0,0,0,1
1532,9,60552f072be99c0b,2.864809,20.0,1,14032,2,0,0,0,1,0,0,0,0,0,0,0,0,1
1533,9,653bb80aa2cb1b55,2.152224,19.302712,1,13938,1,1,0,0,1,0,0,0,0,0,0,0,0,0
1534,9,67aeb0127098f2b6,1.616885,20.0,1,13832,1,1,0,0,1,0,0,0,0,0,0,0,0,1
1535,9,776a3e8dce0f20a3,1.215921,19.618047,1,13867,1,1,0,0,1,0,0,0,0,0,0,0,0,0
1536,9,8afd65f8be41818a,0.913476,18.21715,1,13890,1,1,0,0,0,0,0,0,0,0,0,0,0,1
1537,9,f496528534e83a16,1.729914,20.0,1,13826,1,0,0,0,1,0,0,0,0,0,0,0,0,1
1538,9,963123a06e59acba,2.343273,20.0,1,13869,2,1,0,0,1,0,0,0,0,0,0,0,0,1
1539,9,a608e4e19fe1510d,1.762175,20.0,1,14049,1,1,0,0,1,0,0,0,0,0,0,0,0,0
1540,9,94b4bf74b4c0d654,1.323856,20.0,1,14002,1,1,0,0,1,0,0,0,0,0,0,0,0,1
1541,9,e05e194a83d5999d,2.038217,20.0,1,13986,1,0,0,0,0,0,0,0,0,0,0,0,0,1
1542,9,0df3e21ca1dea29a,1.532768,20.0,1,13860,1,1,0,0,1,0,0,0,0,0,0,0,0,1
1543,9,2b91f8621bf2b3dc,1.151511,20.0,1,13879,1,1,0,0,1,0,0,0,0,0,0,0,0,0
1544,9,96f88e570c2288e4,0.865087,18.597137,1,13866,1,1,0,0,0,0,0,0,0,0,0,0,0,1
1545,9,ccf1990136212d60,1.693561,20.0,1,14107,1,0,0,0,1,0,0,0,0,0,0,0,0,1
1546,9,8fc2f36428e2b239,2.317733,20.0,1,13983,2,1,0,0,1,0,0,0,0,0,0,0,0,1
1547,9,fac81b5222b15fd8,1.741226,20.0,1,13962,1,1,0,0,1,0,0,0,0,0,0,0,0,1
1548,9,d2741c0108e8c3e1,1.308118,18.038789,0,13945,1,1,0,0,0,0,0,0,0,0,0,0,0,0
1549,9,f021d52cba66659e,2.027874,20.0,1,13838,1,0,0,0,1,0,0,0,0,0,0,0,0,1
1550,9,62740c2edf4f9c1a,2.567119,20.0,1,13860,2,1,0,0,1,0,0,0,0,0,0,0,0,1
1551,9,dd85b5e3c54a4675,2.972234,16.812077,0,13956,1,0,0,0,0,0,0,0,0,0,0,0,0,0
1552,9,292f2ca6c3c277da,2.232928,19.587974,1,13849,1,1,0,0,1,0,0,0,0,0,0,0,0,1
1553,9,590046d69c2f0697,1.679194,20.0,1,13900,1,1,0,0,1,0,0,0,0,0,0,0,0,1
1554,9,49c01972c05b2cde,2.305169,19.774812,1,13826,1,0,0,0,0,0,0,0,0,0,0,0,0,1
1555,9,5bd2c5f9e3d81695,2.775441,18.334921,1,13706,2,1,0,0,1,0,0,0,0,0,0,0,0,0
1556,9,e99160ebd3ad6017,2.087171,20.0,1,13854,1,1,0,0,1,0,0,0,0,0,0,0,0,1
1557,9,9fb6e26db137d769,1.568013,20.0,1,13937,1,1,0,0,1,0,0,0,0,0,0,0,0,1
1558,9,f7cdcffb3f24f59f,1.17799,20.0,1,13808,1,1,0,0,0,0,0,0,0,0,0,0,0,1
1559,9,d54ff3cf1a04e66a,1.928633,20.0,1,14386,2,1,0,0,1,0,0,0,0,0,0,0,0,1
1560,9,6206b48ce68492cb,2.49451,20.0,1,14250,1,0,0,0,1,0,0,0,0,0,0,0,0,0
1561,9,57e8e7bc76011386,1.874032,20.0,1,14001,1,1,0,0,1,0,0,0,0,0,0,0,0,1
1562,9,228f719959c2101f,1.40789,20.0,1,14601,1,1,0,0,1,0,0,0,0,0,0,0,0,0
1563,9,1a270b61bf1671e3,1.058754,20.0,1,15482,1,1,0,0,1,0,0,0,0,0,0,0,0,1
1564,9,b0a02e896059d753,0.795402,20.0,1,15732,1,1,0,0,1,0,0,0,0,0,0,0,0,1
1565,9,4e61135f67626e48,1.641209,17.701105,0,15997,1,0,0,0,0,0,0,0,0,0,0,0,0,0
1566,9,211453f6310a450f,1.232979,20.0,1,15839,1,1,0,0,1,0,0,0,0,0,0,0,0,1
1567,9,1c86ab86440e5988,0.927218,18.713203,1,16251,1,1,0,0,1,0,0,0,0,0,0,0,0,0
1568,9,bf2b99a3f8e66fb1,0.696584,20.0,1,16172,1,1,0,0,1,0,0,0,0,0,0,0,0,1
1569,9,fddeb604a2f2db05,1.566971,20.0,1,16726,2,1,0,0,1,0,0,0,0,0,0,0,0,1
1570,9,6c7be738b9512dda,1.178384,20.0,1,16800,1,1,0,0,1,0,0,0,0,0,0,0,0,1
1571,9,3364a3725f8a7e25,0.885276,18.080346,0,17179,1,1,0,0,0,0,0,0,0,0,0,0,0,0
1572,9,6a9861ac05854b23,2.752382,20.0,1,17011,2,0,0,0,1,0,0,0,0,0,0,0,0,1
1573,9,f250a6f1de9c260b,2.067761,20.0,1,17207,1,1,0,0,1,0,0,0,0,0,0,0,0,1
1574,9,07f9789d6b811bdd,1.554986,20.0,1,17329,1,1,0,0,1,0,0,0,0,0,0,0,0,1
1575,9,78007fb687fa46b4,1.168203,20.0,1,15341,1,1,0,0,1,0,0,0,0,0,0,0,0,0
1576,9,6b77131f79a52b62,1.921281,20.0,1,13621,2,1,0,0,1,0,0,0,0,0,0,0,0,1
1577,9,c3283c7dca258ca9,2.488981,20.0,1,13563,1,0,0,0,0,0,0,0,0,0,0,0,0,1
1578,9,5556ef939b3b497f,1.869878,20.0,1,13872,1,1,0,0,1,0,0,0,0,0,0,0,0,1
1579,9,48a0b8c2e1de9d2c,1.40477,16.954548,0,13769,1,1,0,0,0,0,0,0,0,0,0,0,0,0
1580,9,a8f4c6a49c652fbf,2.099004,19.695007,1,13859,1,0,0,0,1,0,0,0,0,0,0,0,0,1
1581,9,0307d2fd08e11f6a,1.578481,18.291428,1,13578,1,1,0,0,1,0,0,0,0,0,0,0,0,0
1582,9,80318d0601fa540b,2.229507,17.220511,1,13687,1,0,0,0,0,0,0,0,0,0,0,0,0,1
1583,9,a0fb2a1396b3c59a,1.674945,16.41597,1,13564,1,1,0,0,1,0,0,0,0,0,0,0,0,0
1584,9,201d27b2994e2c0d,2.303733,15.825545,1,13610,1,0,0,0,0,0,0,0,0,0,0,0,0,1
1585,9,7a19f77d96a57e36,1.730709,15.367985,1,13407,1,1,0,0,1,0,0,0,0,0,0,0,0,0
1586,9,7ba6b3cfd74971b8,2.34387,15.024237,1,13670,1,0,0,0,0,0,0,0,0,0,0,0,0,1
1587,9,15989a07dafa1e42,1.760862,14.765992,1,13631,1,1,0,0,1,0,0,0,0,0,0,0,0,0
1588,9,dbb44ff84a7343e0,1.324193,14.584738,1,13552,1,1,0,0,0,0,0,0,0,0,0,0,0,1
1589,9,342934978c0ddfb2,2.03847,14.435813,1,13775,1,0,0,0,1,0,0,0,0,0,0,0,0,0
1590,9,6569d3cf1bd89d19,1.531427,17.802776,1,13765,1,1,0,0,1,0,0,0,0,0,0,0,0,1
1591,9,808c87280efdce7c,2.195805,13.387941,0,13587,1,0,0,0,0,0,0,0,0,0,0,0,0,0
1592,9,a9ef1ef850dece1a,1.649626,17.015549,1,13538,1,1,0,0,1,0,0,0,0,0,0,0,0,1
1593,9,1e6cdcb1f64629d1,1.239303,16.26199,1,13731,1,1,0,0,1,0,0,0,0,0,0,0,0,0
1594,9,a6a62f01c80481be,1.974695,15.69587,1,13523,1,0,0,0,0,0,0,0,0,0,0,0,0,1
1595,9,e0168fa87c68601f,1.484999,15.28402,1,13754,1,1,0,0,1,0,0,0,0,0,0,0,0,0
1596,9,0003274111c2dc33,2.159277,14.961157,1,13662,1,0,0,0,0,0,0,0,0,0,0,0,0,1
1597,9,d9c25b3e911987af,1.622184,18.197447,1,13687,1,1,0,0,1,0,0,0,0,0,0,0,0,1
1598,9,ae086c67f5f0ff3c,1.219906,17.165241,1,13642,1,1,0,0,1,0,0,0,0,0,0,0,0,0
1599,9,995a1d4cf554c3da,0.91647,16.374449,1,13562,1,1,0,0,0,0,0,0,0,0,0,0,0,1
1600,9,2aee1afd2026fab3,1.732163,15.780356,1,13603,1,0,0,0,1,0,0,0,0,0,0,0,0,0
1601,9,9aad1b661d0c24f4,1.301309,18.81288,1,13821,1,1,0,0,1,0,0,0,0,0,0,0,0,1
1602,9,e3f02318fdcd84e8,0.978603,20.0,1,13634,1,1,0,0,1,0,0,0,0,0,0,0,0,1
1603,9,26dc2b307aadaa65,1.778841,15.85807,0,13630,1,0,0,0,0,0,0,0,0,0,0,0,0,0
1604,9,c59a1fc10a320885,1.336377,18.871264,1,13470,1,1,0,0,1,0,0,0,0,0,0,0,0,1
1605,9,6cfe12d7eb05d4ff,1.004974,17.671961,1,13554,1,1,0,0,1,0,0,0,0,0,0,0,0,0
1606,9,fd78923e3481f25b,0.755,20.0,1,13603,1,1,0,0,1,0,0,0,0,0,0,0,0,1
1607,9,c4f2c5f95344180a,1.610856,18.679872,1,13516,1,0,0,0,0,0,0,0,0,0,0,0,0,1
1608,9,65b58d5fbb206542,1.210176,17.512334,1,13710,1,1,0,0,1,0,0,0,0,0,0,0,0,0
1609,9,0b470023f39fc867,0.91007,20.0,1,13698,1,1,0,0,1,0,0,0,0,0,0,0,0,1
1610,9,11cd553fea99c617,0.683701,18.602158,1,13775,1,1,0,0,1,0,0,0,0,0,0,0,0,0
1611,9,f08799d7d8e20c3e,2.600946,17.45395,1,13712,2,0,0,0,0,0,0,0,0,0,0,0,0,1
1612,9,492ff17185c26dce,1.955948,20.0,1,13607,1,1,0,0,1,0,0,0,0,0,0,0,0,1
1613,9,493b6fdfc7170f21,1.469431,20.0,1,13714,1,1,0,0,1,0,0,0,0,0,0,0,0,1
1614,9,9debe871bb17c9c9,2.147582,16.563852,0,13611,1,0,0,0,0,0,0,0,0,0,0,0,0,0
1615,9,cc187f0163101843,1.613398,19.401492,1,12677,1,1,0,0,1,0,0,0,0,0,0,0,0,1
1616,9,f657872f4560d256,1.213298,18.0707,1,12437,1,1,0,0,1,0,0,0,0,0,0,0,0,0
1617,9,5d5c2a78d09b711c,0.911506,20.0,1,12709,1,1,0,0,1,0,0,0,0,0,0,0,0,1
1618,9,7e1c099208006c2d,0.68478,15.426074,0,13182,0,0,0,0,0,0,0,0,0,0,0,0,0,0
1619,9,6c90da086f53b3eb,1.559115,18.561631,1,13211,2,1,0,0,1,0,0,0,0,0,0,0,0,1
1620,9,d35fcc87952f5bfd,1.171305,17.423504,1,12995,1,1,0,0,1,0,0,0,0,0,0,0,0,0
1621,9,ce570ffe6b098752,0.879957,13.089627,0,13117,0,0,0,0,0,0,0,0,0,0,0,0,0,0
1622,9,606b165f09693323,0.661079,16.791437,1,13163,1,1,0,0,1,0,0,0,0,0,0,0,0,1
1623,9,5de7da077992c8c1,1.541291,19.588403,1,12958,2,1,0,0,1,0,0,0,0,0,0,0,0,1
1624,9,c485e46c1c193d01,1.157915,14.716035,0,12993,1,1,0,0,0,0,0,0,0,0,0,0,0,0
1625,9,def4bb8c5a138af5,1.913551,18.013296,1,13098,1,0,0,0,1,0,0,0,0,0,0,0,0,1
1626,9,6cf0ebcbc699be4c,1.439018,20.0,1,12848,1,1,0,0,1,0,0,0,0,0,0,0,0,1
1627,9,8a49e015ab644f74,1.08108,18.885181,1,12889,1,1,0,0,1,0,0,0,0,0,0,0,0,0
1628,9,263d9e91258d239e,0.812175,20.0,1,12929,1,1,0,0,1,0,0,0,0,0,0,0,0,1
1629,9,2ecdfd843d02bb20,1.65381,15.885763,0,12739,1,0,0,0,0,0,0,0,0,0,0,0,0,0
1630,9,f882f8e70ca9429a,1.243689,18.907324,1,12839,1,1,0,0,1,0,0,0,0,0,0,0,0,1
1631,9,894c070c7fb646fe,0.934337,17.68321,1,12830,1,1,0,0,1,0,0,0,0,0,0,0,0,0
1632,9,c33d57dff7a9a713,0.701932,20.0,1,12636,1,1,0,0,1,0,0,0,0,0,0,0,0,1
1633,9,b3da68e503eee2e0,1.572014,15.222591,0,12625,1,0,0,0,0,0,0,0,0,0,0,0,0,0
1634,9,d598b3ff822f8925,1.180995,18.393853,1,13552,1,1,0,0,1,0,0,0,0,0,0,0,0,1
1635,9,427048af47b26a63,0.887237,17.297458,1,13782,1,1,0,0,1,0,0,0,0,0,0,0,0,0
1636,9,bd11ef30b91e9de9,0.666548,19.952623,1,13993,1,1,0,0,1,0,0,0,0,0,0,0,0,1
1637,9,a40d6fbea1680ccf,0.501254,18.485159,1,14984,1,1,0,0,1,0,0,0,0,0,0,0,0,0
1638,9,5b6e5ceb378110b7,1.420227,20.0,1,14729,2,1,0,0,1,0,0,0,0,0,0,0,0,1
1639,9,b524042394cc0dfa,2.110617,19.138837,1,14441,1,0,0,0,0,0,0,0,0,0,0,0,0,1
1640,9,79c4362e3a4ddd3b,1.587214,20.0,1,15731,1,1,0,0,1,0,0,0,0,0,0,0,0,1
1641,9,f43b72fcda62f623,2.236068,20.0,1,15758,2,1,0,0,1,0,0,0,0,0,0,0,0,1
1642,9,7f21d556dd17f339,1.679874,20.0,1,15631,1,1,0,0,1,0,0,0,0,0,0,0,0,1
1643,9,46ebac9a8e52f558,2.30568,18.208099,0,15459,1,0,0,0,0,0,0,0,0,0,0,0,0,0
1644,9,600fdef80a231003,2.778055,20.0,1,15509,2,1,0,0,1,0,0,0,0,0,0,0,0,1
1645,9,2648275d8acf998c,2.087049,20.0,1,15618,1,1,0,0,1,0,0,0,0,0,0,0,0,1
1646,9,c5ca41b94715a60b,1.567922,20.0,1,15897,1,1,0,0,1,0,0,0,0,0,0,0,0,1
1647,9,e38dc39e24330719,2.22325,20.0,1,15960,2,1,0,0,1,0,0,0,0,0,0,0,0,1
1648,9,42ed1acadce4d958,2.713898,18.699112,0,15939,1,0,0,0,0,0,0,0,0,0,0,0,0,0
1649,9,5707b3e677a8eb92,3.082503,20.0,1,15902,2,1,0,0,1,0,0,0,0,0,0,0,0,1
1650,9,bb9602653f9ada17,2.31577,20.0,1,16043,1,1,0,0,1,0,0,0,0,0,0,0,0,1
1651,9,97f0df338729e3ee,1.741492,20.0,1,15885,1,1,0,0,0,0,0,0,0,0,0,0,0,1
1652,9,99fa9a276e994cd6,2.351971,20.0,1,14102,1,0,0,0,1,0,0,0,0,0,0,0,0,1
1653,9,99eb80c1ea99fa2e,2.810601,20.0,1,13149,2,1,0,0,1,0,0,0,0,0,0,0,0,1
1654,9,0fb01201ae00d249,3.157763,20.0,1,13096,1,0,0,0,0,0,0,0,0,0,0,0,0,1
1655,9,3e237dcc2850d86b,2.372309,19.53971,1,13346,1,1,0,0,1,0,0,0,0,0,0,0,0,0
1656,9,46cd062c36d03d04,1.782227,20.0,1,13379,1,1,0,0,1,0,0,0,0,0,0,0,0,1
1657,9,7ff34d565b6b9b94,1.338921,20.0,1,13498,1,1,0,0,1,0,0,0,0,0,0,0,0,1
1658,9,7194a16360246826,3.095188,20.0,1,13505,2,0,0,0,0,0,0,0,0,0,0,0,0,1
1659,9,397474967d612c55,2.325299,19.20796,1,13427,1,1,0,0,1,0,0,0,0,0,0,0,0,0
1660,9,d691509c077ec1ab,2.790564,17.909067,1,13544,1,0,0,0,0,0,0,0,0,0,0,0,0,1
1661,9,18876ec757a4ab56,2.098544,16.948375,1,13427,1,1,0,0,1,0,0,0,0,0,0,0,0,0
1662,9,4192bbc3674b6104,1.576557,16.211525,1,14348,1,1,0,0,0,0,0,0,0,0,0,0,0,1
1663,9,8d56705f678a28b7,2.228062,19.136802,1,14366,1,0,0,0,1,0,0,0,0,0,0,0,0,1
1664,9,5e1d1d68b06e3cb2,1.67386,17.855608,1,13973,1,1,0,0,1,0,0,0,0,0,0,0,0,0
1665,9,96bda16ce085d7f3,2.302917,16.908174,1,15307,1,0,0,0,0,0,0,0,0,0,0,0,0,1
1666,9,c6bdcafd4e7bba4c,1.730095,16.181323,1,15290,1,1,0,0,1,0,0,0,0,0,0,0,0,0
1667,9,dd45cfb800015522,2.343409,15.635268,1,14935,1,0,0,0,0,0,0,0,0,0,0,0,0,1
1668,9,c93a039256c9a264,1.762277,15.238446,1,14626,1,1,0,0,1,0,0,0,0,0,0,0,0,0
1669,9,4db5a4312141e7d0,2.367586,14.926919,1,14561,1,0,0,0,0,0,0,0,0,0,0,0,0,1
1670,9,fd3f22932529094c,1.778679,14.692881,1,14432,1,1,0,0,1,0,0,0,0,0,0,0,0,0
1671,9,22e9c9cf8fdb863f,2.379908,14.517057,1,15110,1,0,0,0,0,0,0,0,0,0,0,0,0,1
1672,9,1a21c11059677c7c,1.789725,17.878037,1,14885,1,1,0,0,1,0,0,0,0,0,0,0,0,1
1673,9,645694277dddbbbc,2.388207,20.0,1,14901,2,1,0,0,1,0,0,0,0,0,0,0,0,1
1674,9,054b0b5ce15c8416,0.750517,18.79618,1,14736,0,1,0,0,1,0,0,0,0,0,0,0,0,0
1675,9,81cb2b9b42fdf90e,0.5644,17.615497,1,14621,1,1,0,0,1,0,0,0,0,0,0,0,0,0
1676,9,cbae15652f673db8,1.467666,16.712709,1,14654,1,0,0,0,0,0,0,0,0,0,0,0,0,1
1677,9,c41f2783ce19a4d9,2.146256,19.513323,1,13502,2,1,0,0,1,0,0,0,0,0,0,0,0,1
1678,9,de04dffe8f80458f,1.612402,20.0,1,13126,1,1,0,0,1,0,0,0,0,0,0,0,0,1
1679,9,42df76ec771db93a,1.212549,19.737034,1,13048,1,1,0,0,1,0,0,0,0,0,0,0,0,0
1680,10,1fd48474a6be9a50,1.954596,18.30654,1,14014,1,0,0,0,0,0,0,0,0,0,0,0,0,1
1681,10,530e0ea8d92a6d51,1.468415,17.231864,1,14063,1,1,0,0,1,0,0,0,0,0,0,0,0,0
1682,10,9d91a06f605c6d81,1.104269,19.91961,1,14123,1,1,0,0,1,0,0,0,0,0,0,0,0,1
1683,10,1bedfd585b1aa4b9,1.873249,14.964859,0,14167,1,0,0,0,0,0,0,0,0,0,0,0,0,0
1684,10,26a9669cba5af3ef,1.407302,18.200228,1,14232,1,1,0,0,1,0,0,0,0,0,0,0,0,1
1685,10,4f55c5e4b2d3c044,1.057254,20.0,1,14153,1,1,0,0,1,0,0,0,0,0,0,0,0,1
1686,10,429a6cfc04b09590,0.79507,15.514686,0,14082,1,1,0,0,0,0,0,0,0,0,0,0,0,0
1687,10,bfd1095e82cc3b3f,1.64096,18.613292,1,14052,1,0,0,0,1,0,0,0,0,0,0,0,0,1
1688,10,e8a24dfe484cb614,1.232792,17.462315,1,14008,1,1,0,0,1,0,0,0,0,0,0,0,0,0
1689,10,a8eb40163c807ab7,0.927077,20.0,1,14013,1,1,0,0,1,0,0,0,0,0,0,0,0,1
1690,10,b734eb68cadec0ba,0.696478,18.573899,1,13942,1,1,0,0,1,0,0,0,0,0,0,0,0,0
1691,10,03ed9d518f369873,1.566891,17.432721,1,14046,1,0,0,0,0,0,0,0,0,0,0,0,0,1
1692,10,cd43fcebe8f5e6e6,2.2208,20.0,1,14007,2,1,0,0,1,0,0,0,0,0,0,0,0,1
1693,10,338e1a6d9a9334b5,0.625923,18.561576,1,14030,0,1,0,0,1,0,0,0,0,0,0,0,0,0
1694,10,f71f04d2a5841727,1.513886,20.0,1,14040,2,1,0,0,1,0,0,0,0,0,0,0,0,1
1695,10,dab4ff966e399802,1.137326,20.0,1,13831,1,1,0,0,1,0,0,0,0,0,0,0,0,1
1696,10,339e340883d8ecaf,1.899436,20.0,1,13994,1,0,0,0,0,0,0,0,0,0,0,0,0,1
1697,10,0f3eea50b2030a66,1.426975,18.896072,1,14024,1,1,0,0,1,0,0,0,0,0,0,0,0,0
1698,10,157d3461e0a7f335,1.072033,20.0,1,13942,1,1,0,0,1,0,0,0,0,0,0,0,0,1
1699,10,f1991b9aba19249f,0.805378,19.370754,1,14071,1,1,0,0,1,0,0,0,0,0,0,0,0,0
1700,10,f0cae4ef532c2023,0.605656,20.0,1,14038,1,1,0,0,1,0,0,0,0,0,0,0,0,1
1701,10,7630abeab872e6cf,1.49866,16.173247,0,13932,1,0,0,0,0,0,0,0,0,0,0,0,0,0
1702,10,253c29c9cd31f14d,1.125887,19.108045,1,14136,1,1,0,0,1,0,0,0,0,0,0,0,0,1
1703,10,1bcd43f2b236da2a,0.846683,20.0,1,13949,1,1,0,0,1,0,0,0,0,0,0,0,0,1
1704,10,07cd2395bea1fc0d,1.679735,16.024826,0,13863,1,0,0,0,0,0,0,0,0,0,0,0,0,0
1705,10,efe66ad00f7df50d,1.261922,18.996542,1,13871,1,1,0,0,1,0,0,0,0,0,0,0,0,1
1706,10,1f35b63e79410329,0.948035,20.0,1,14044,1,1,0,0,1,0,0,0,0,0,0,0,0,1
1707,10,a637ef64c585caf8,0.712936,19.445073,1,13774,1,1,0,0,1,0,0,0,0,0,0,0,0,0
1708,10,e1eb8ab23b264e7c,1.579255,18.087201,1,13987,2,1,0,0,0,0,0,0,0,0,0,0,0,1
1709,10,5dfbe5c41ee53492,2.230089,20.0,1,13980,1,0,0,0,1,0,0,0,0,0,0,0,0,1
1710,10,782cb32d36d440f6,1.677059,20.0,1,14022,1,1,0,0,1,0,0,0,0,0,0,0,0,1
1711,10,1e14345f3ff5d902,1.259911,20.0,1,13908,1,1,0,0,1,0,0,0,0,0,0,0,0,1
1712,10,60f6e05beacc7a2b,0.946524,17.87619,0,14045,1,1,0,0,0,0,0,0,0,0,0,0,0,0
1713,10,2e7ae0e1f687a135,1.754742,20.0,1,13986,1,0,0,0,1,0,0,0,0,0,0,0,0,1
1714,10,73bbba7089e313a2,1.319591,20.0,1,13898,1,1,0,0,1,0,0,0,0,0,0,0,0,1
1715,10,2ede5f7a162c2503,2.035013,20.0,1,14111,2,1,0,0,1,0,0,0,0,0,0,0,0,0
1716,10,52429a8eefa39544,1.528829,18.674226,1,13882,1,1,0,0,0,0,0,0,0,0,0,0,0,1
1717,10,de70778fddfafb55,2.193852,20.0,1,13995,1,0,0,0,1,0,0,0,0,0,0,0,0,1
1718,10,21bb9e22f51d50f8,1.648159,19.25858,1,13918,1,1,0,0,1,0,0,0,0,0,0,0,0,0
1719,10,6989f4869eab7b85,1.2382,20.0,1,14113,1,1,0,0,1,0,0,0,0,0,0,0,0,1
1720,10,38f0f067426d2fb1,0.930213,20.0,1,13902,1,1,0,0,1,0,0,0,0,0,0,0,0,1
1721,10,2c2df23b60d1bdca,1.743684,20.0,1,13962,1,0,0,0,0,0,0,0,0,0,0,0,0,1
1722,10,e04aa6a828d08473,2.353618,19.118319,1,13913,2,1,0,0,1,0,0,0,0,0,0,0,0,0
1723,10,9ce7781af19fcf90,1.768185,20.0,1,13884,1,1,0,0,1,0,0,0,0,0,0,0,0,1
1724,10,cb8db8ea883f6947,1.329701,19.513872,1,13884,1,1,0,0,0,0,0,0,0,0,0,0,0,1
1725,10,ef43ef57f181947f,2.042608,20.0,1,13984,1,0,0,0,1,0,0,0,0,0,0,0,0,1
1726,10,d30b08a743e3c595,1.534535,19.719438,1,13907,1,1,0,0,1,0,0,0,0,0,0,0,0,0
1727,10,da378c2f3ab45972,1.152839,20.0,1,13949,1,1,0,0,1,0,0,0,0,0,0,0,0,1
1728,10,94c3b08afe3b7349,0.866951,20.0,1,13990,1,1,0,0,1,0,0,0,0,0,0,0,0,1
1729,10,b05099a43a54ce54,2.738615,17.529949,0,13969,2,0,0,0,0,0,0,0,0,0,0,0,0,0
1730,10,0a515e98151b1fa4,2.057419,20.0,1,13883,1,1,0,0,1,0,0,0,0,0,0,0,0,1
1731,10,3c9533ab6d2e591f,1.547208,20.0,1,13761,1,1,0,0,1,0,0,0,0,0,0,0,0,1
1732,10,1723431a3a02afad,1.16236,20.0,1,14074,1,1,0,0,1,0,0,0,0,0,0,0,0,0
1733,10,100a4dd53a413ce3,1.916891,18.563823,1,13975,1,0,0,0,0,0,0,0,0,0,0,0,0,1
1734,10,d44f557a64f59e52,1.440088,17.425151,1,13920,1,1,0,0,1,0,0,0,0,0,0,0,0,0
1735,10,e6663264d2c74de5,1.082967,20.0,1,13918,1,1,0,0,1,0,0,0,0,0,0,0,0,1
1736,10,53c61a15ccbedce9,1.857246,20.0,1,14003,2,1,0,0,1,0,0,0,0,0,0,0,0,1
1737,10,909fc3f69f48e9f0,2.438933,20.0,1,14056,1,0,0,0,0,0,0,0,0,0,0,0,0,1
1738,10,608ce0b0e561a4f5,1.834112,18.543703,1,13872,1,1,0,0,1,0,0,0,0,0,0,0,0,0
1739,10,e3a26d23572d521d,1.3779,20.0,1,13950,1,1,0,0,1,0,0,0,0,0,0,0,0,1
1740,10,352a1f2a2bf0c7a3,1.035165,19.171879,1,13969,1,1,0,0,1,0,0,0,0,0,0,0,0,0
1741,10,26a0d2e79ccf56fd,2.864987,17.88196,1,13875,2,0,0,0,0,0,0,0,0,0,0,0,0,1
1742,10,47e7159641575cbb,2.154511,20.0,1,13999,1,1,0,0,1,0,0,0,0,0,0,0,0,1
1743,10,a4f7a2ef8cb2a040,1.618604,18.810982,1,13946,1,1,0,0,1,0,0,0,0,0,0,0,0,0
1744,10,d024683043f8d7ce,1.215997,20.0,1,14127,1,1,0,0,1,0,0,0,0,0,0,0,0,1
1745,10,cd70a9b16d6acf9a,1.958597,20.0,1,13869,2,1,0,0,1,0,0,0,0,0,0,0,0,1
1746,10,b33362791ca12fa9,1.471421,20.0,1,13991,1,1,0,0,0,0,0,0,0,0,0,0,0,1
1747,10,a76af4400a29db09,2.149077,18.972294,1,13925,1,0,0,0,1,0,0,0,0,0,0,0,0,0
1748,10,e8ba00607b28d21f,1.614521,20.0,1,14066,1,1,0,0,1,0,0,0,0,0,0,0,0,1
1749,10,5d24570ea1ca975c,1.214143,20.0,1,13891,1,1,0,0,1,0,0,0,0,0,0,0,0,1
1750,10,1c5849856934c0f3,1.955794,17.212836,0,14021,1,0,0,0,0,0,0,0,0,0,0,0,0,0
1751,10,e0396365f5b157e8,2.512968,19.889049,1,14050,2,1,0,0,1,0,0,0,0,0,0,0,0,1
1752,10,9f4f15fbff4bf2dd,1.889788,20.0,1,13978,1,1,0,0,1,0,0,0,0,0,0,0,0,1
1753,10,50cb7adf74945a24,2.46338,19.944907,1,14065,1,0,0,0,0,0,0,0,0,0,0,0,0,1
1754,10,bf2edf01d0f91f04,1.850645,20.0,1,14160,1,1,0,0,1,0,0,0,0,0,0,0,0,1
1755,10,7cde15046967029c,2.433974,16.483868,0,14055,1,0,0,0,0,0,0,0,0,0,0,0,0,0
1756,10,b5f9f3057458d1f8,2.874534,19.357107,1,13845,2,1,0,0,1,0,0,0,0,0,0,0,0,1
1757,10,3b43f8a2dc00c981,2.15953,20.0,1,13966,1,1,0,0,1,0,0,0,0,0,0,0,0,1
1758,10,9a55801b42f5bc65,2.666027,19.630961,1,13956,1,0,0,0,0,0,0,0,0,0,0,0,0,1
1759,10,572295d1c466d5df,2.004891,20.0,1,14027,1,1,0,0,1,0,0,0,0,0,0,0,0,1
1760,10,ee2c1acb1bc13b79,2.549853,16.320253,0,13914,1,0,0,0,0,0,0,0,0,0,0,0,0,0
1761,10,6666be57cd0f4ed8,2.959262,19.218485,1,14080,2,1,0,0,1,0,0,0,0,0,0,0,0,1
1762,10,210d4b2c89944bf4,3.266837,17.916974,1,14081,1,0,0,0,0,0,0,0,0,0,0,0,0,1
1763,10,03fea89c47214716,2.456708,16.954321,1,14082,1,1,0,0,1,0,0,0,0,0,0,0,0,0
1764,10,a4fdf7c969f151f3,1.845633,19.694837,1,14058,1,1,0,0,1,0,0,0,0,0,0,0,0,1
1765,10,7a638c661a3463f8,3.473862,18.274839,1,13956,2,0,0,0,0,0,0,0,0,0,0,0,0,1
1766,10,4d5efd8b5f7fa39d,2.612393,20.0,1,13824,1,1,0,0,1,0,0,0,0,0,0,0,0,1
1767,10,07eb93251cc5b2e0,1.962593,19.032943,1,13997,1,1,0,0,1,0,0,0,0,0,0,0,0,0
1768,10,78b6109cbbf8144c,2.518076,17.777583,1,13810,1,0,0,0,0,0,0,0,0,0,0,0,0,1
1769,10,328345435f6f68b6,1.891737,16.834478,1,14047,1,1,0,0,1,0,0,0,0,0,0,0,0,0
1770,10,60842fbba578f9f1,2.466763,16.140269,1,14339,1,0,0,0,0,0,0,0,0,0,0,0,0,1
1771,10,98ba46654e6ad8b6,1.853187,15.604425,1,14236,1,1,0,0,1,0,0,0,0,0,0,0,0,0
1772,10,ea2e51d75208e289,1.39223,18.68071,1,14270,1,1,0,0,1,0,0,0,0,0,0,0,0,1
1773,10,eefbf44f49039041,2.091128,14.048161,0,14024,1,0,0,0,0,0,0,0,0,0,0,0,0,0
1774,10,5df9a5a56e259522,1.570986,17.511547,1,13904,1,1,0,0,1,0,0,0,0,0,0,0,0,1
1775,10,d15d54ac71c5b13a,1.180223,16.634615,1,14162,1,1,0,0,1,0,0,0,0,0,0,0,0,0
1776,10,cec63487a9d58b58,1.930311,15.975809,1,13946,1,0,0,0,0,0,0,0,0,0,0,0,0,1
1777,10,9b97fec0f07f2c63,2.495772,18.975039,1,13764,2,1,0,0,1,0,0,0,0,0,0,0,0,1
1778,10,8c733360325e10cd,1.87498,20.0,1,13992,1,1,0,0,1,0,0,0,0,0,0,0,0,1
1779,10,1d708f8ea0dc4084,1.408602,20.0,1,13775,1,1,0,0,1,0,0,0,0,0,0,0,0,1
1780,10,0c8f8439ec268d21,2.10344,17.216741,0,13944,1,0,0,0,0,0,0,0,0,0,0,0,0,0
1781,10,e981a25e147fa759,1.580236,19.891983,1,13898,1,1,0,0,1,0,0,0,0,0,0,0,0,1
1782,10,e7437d8ca69f5d17,1.187172,18.422947,1,13864,1,1,0,0,1,0,0,0,0,0,0,0,0,0
1783,10,5f898f1ae938a5c8,0.891878,20.0,1,13716,1,1,0,0,1,0,0,0,0,0,0,0,0,1
1784,10,147a7a4288092699,1.714855,15.640513,0,13883,1,0,0,0,0,0,0,0,0,0,0,0,0,0
1785,10,667cbb91d16091be,1.288307,18.707822,1,13829,1,1,0,0,1,0,0,0,0,0,0,0,0,1
1786,10,5c35a98638fcf184,0.967857,17.533332,1,13892,1,1,0,0,1,0,0,0,0,0,0,0,0,0
1787,10,0bb5e8912cce6b4a,0.727842,20.0,1,13710,1,1,0,0,1,0,0,0,0,0,0,0,0,1
1788,10,eb8ad50937779256,0.5468,18.614021,1,13944,1,1,0,0,0,0,0,0,0,0,0,0,0,1
1789,10,18f8051c31dc8b68,1.454444,17.462862,1,13679,1,0,0,0,1,0,0,0,0,0,0,0,0,0
1790,10,0aca18529ec07dc0,1.09267,20.0,1,14029,1,1,0,0,1,0,0,0,0,0,0,0,0,1
1791,10,5158bf147a878f37,0.821703,18.578605,1,13785,1,1,0,0,0,0,0,0,0,0,0,0,0,1
1792,10,8f07cd6696d5620b,1.660968,17.436256,1,13918,1,0,0,0,1,0,0,0,0,0,0,0,0,0
1793,10,b7b94a1d8b27f4fb,1.247823,20.0,1,13674,1,1,0,0,1,0,0,0,0,0,0,0,0,1
1794,10,37f8e86b92240e5d,0.938381,20.0,1,13838,1,1,0,0,1,0,0,0,0,0,0,0,0,1
1795,10,ee261b203f602f15,1.748624,16.56089,0,13799,1,0,0,0,0,0,0,0,0,0,0,0,0,0
1796,10,7913cd79d0e31fd5,2.357329,19.399266,1,13891,2,1,0,0,1,0,0,0,0,0,0,0,0,1
1797,10,41623bcdac62294d,1.770973,20.0,1,14014,1,1,0,0,1,0,0,0,0,0,0,0,0,1
1798,10,1873ef2e4653eaee,1.331797,20.0,1,13737,1,1,0,0,1,0,0,0,0,0,0,0,0,1
1799,10,d90579daf7ceb3f5,1.000529,20.0,1,13895,1,1,0,0,1,0,0,0,0,0,0,0,0,0
1800,10,49b9c353415cb665,1.795314,19.159875,1,13905,1,0,0,0,0,0,0,0,0,0,0,0,0,1
1801,10,639bb22b306f53cd,1.350101,17.889001,1,13807,1,1,0,0,1,0,0,0,0,0,0,0,0,0
1802,10,82e07f7f926831e9,1.014281,20.0,1,13759,1,1,0,0,1,0,0,0,0,0,0,0,0,1
1803,10,7ed125ad08c94102,0.761991,18.802368,1,13898,1,1,0,0,1,0,0,0,0,0,0,0,0,0
1804,10,b237cdc38fdf250a,1.616109,17.604361,1,13787,1,0,0,0,0,0,0,0,0,0,0,0,0,1
1805,10,447b1c35edd9d7cd,2.259487,20.0,1,13859,2,1,0,0,1,0,0,0,0,0,0,0,0,1
1806,10,f6c6426ba84ac254,1.697468,20.0,1,13872,1,1,0,0,1,0,0,0,0,0,0,0,0,1
1807,10,2316e09ae10089d0,1.275245,20.0,1,13819,1,1,0,0,1,0,0,0,0,0,0,0,0,0
1808,10,ee7abd26d63871e8,0.959002,20.0,1,13849,1,1,0,0,1,0,0,0,0,0,0,0,0,1
1809,10,338c5cdf55244901,0.720462,20.0,1,13815,1,1,0,0,0,0,0,0,0,0,0,0,0,1
1810,10,6e20a1fdbe282207,1.58491,20.0,1,13889,1,0,0,0,1,0,0,0,0,0,0,0,0,1
1811,10,985baeee48988a72,1.190684,20.0,1,13357,1,1,0,0,1,0,0,0,0,0,0,0,0,0
1812,10,64dc1b3dcf022564,0.895411,20.0,1,13113,1,1,0,0,1,0,0,0,0,0,0,0,0,1
1813,10,3869bc2130df123e,2.759996,20.0,1,13317,2,0,0,0,0,0,0,0,0,0,0,0,0,1
1814,10,6b20a2f41ddc1162,2.073481,20.0,1,13424,1,1,0,0,1,0,0,0,0,0,0,0,0,1
1815,10,c57d555c97718765,1.559288,20.0,1,13307,1,1,0,0,1,0,0,0,0,0,0,0,0,0
1816,10,8aff92d33132b8eb,1.171434,20.0,1,13379,1,1,0,0,1,0,0,0,0,0,0,0,0,1
1817,10,8324754547ab086a,0.880055,16.529923,0,13236,1,1,0,0,0,0,0,0,0,0,0,0,0,0
1818,10,8998b3258ac25d5a,1.704806,19.376002,1,13147,1,0,0,0,1,0,0,0,0,0,0,0,0,1
1819,10,22edcb08f69beed6,1.282038,18.051532,1,13142,1,1,0,0,1,0,0,0,0,0,0,0,0,0
1820,10,2f8a2bd02dba0042,0.963147,20.0,1,13295,1,1,0,0,1,0,0,0,0,0,0,0,0,1
1821,10,7fb6544b6a8fada7,0.723577,15.415255,0,13187,1,1,0,0,0,0,0,0,0,0,0,0,0,0
1822,10,408b8bae439b7f05,1.58829,18.553495,1,12737,1,0,0,0,1,0,0,0,0,0,0,0,0,1
1823,10,ab9b2d0610ff5a0c,1.193223,20.0,1,12612,1,1,0,0,1,0,0,0,0,0,0,0,0,1
1824,10,57386fa5700089f1,0.896424,19.177406,1,12626,1,1,0,0,1,0,0,0,0,0,0,0,0,0
1825,10,6670b9f466aee1ea,0.67345,17.886112,1,12763,1,1,0,0,0,0,0,0,0,0,0,0,0,1
1826,10,c0c8dfb4590ac9be,1.550594,16.931113,1,12682,1,0,0,0,1,0,0,0,0,0,0,0,0,0
1827,10,ff258a706d865047,1.164904,19.677401,1,12610,1,1,0,0,1,0,0,0,0,0,0,0,0,1
1828,10,aaa44f2469d5c244,0.875149,18.261741,1,12701,1,1,0,0,1,0,0,0,0,0,0,0,0,0
1829,10,a943c7922868043b,0.658124,20.0,1,12849,1,1,0,0,1,0,0,0,0,0,0,0,0,1
1830,10,1953d5c4207445d4,1.538077,15.546698,0,13414,1,0,0,0,0,0,0,0,0,0,0,0,0,0
1831,10,a6c6b8d0f9b42770,1.1555,18.637342,1,13555,1,1,0,0,1,0,0,0,0,0,0,0,0,1
1832,10,f9165b38943fbf57,0.868084,14.001538,0,14060,1,1,0,0,0,0,0,0,0,0,0,0,0,0
1833,10,779e32fec11bc36d,2.741113,17.49036,1,15009,2,0,0,0,1,0,0,0,0,0,0,0,0,1
1834,10,a0707afebc29bf54,2.059295,20.0,1,14774,1,1,0,0,1,0,0,0,0,0,0,0,0,1
1835,10,1820cfc64f9094b0,1.547072,20.0,1,16212,1,1,0,0,1,0,0,0,0,0,0,0,0,1
1836,10,b1929f9c26f2edf1,1.16342,20.0,1,16465,1,1,0,0,1,0,0,0,0,0,0,0,0,0
1837,10,a79ee86220ef835e,1.917687,18.554503,1,15689,1,0,0,0,0,0,0,0,0,0,0,0,0,1
1838,10,7a2c4a97d62bfccc,2.48434,20.0,1,15736,2,1,0,0,1,0,0,0,0,0,0,0,0,1
1839,10,8f94eadc2721b657,1.866392,20.0,1,15405,1,1,0,0,1,0,0,0,0,0,0,0,0,1
1840,10,5f8b6802de3200b2,2.447704,20.0,1,15155,1,0,0,0,0,0,0,0,0,0,0,0,0,1
1841,10,e2ee8d2ed82ba750,2.882522,20.0,1,16017,2,1,0,0,1,0,0,0,0,0,0,0,0,1
1842,10,2f25056b6e65c05c,2.165531,20.0,1,15825,1,1,0,0,1,0,0,0,0,0,0,0,0,0
1843,10,43b483eea7a12a25,1.62851,20.0,1,15616,1,1,0,0,1,0,0,0,0,0,0,0,0,1
1844,10,dc603e77f788ec0f,2.267092,16.690656,0,15551,1,0,0,0,0,0,0,0,0,0,0,0,0,0
1845,10,a3f0e08b1a1781eb,2.746835,19.496755,1,15369,2,1,0,0,1,0,0,0,0,0,0,0,0,1
1846,10,d2006de506700da8,2.063594,20.0,1,15313,1,1,0,0,1,0,0,0,0,0,0,0,0,1
1847,10,96a7c9c7226b90a9,2.596003,19.727674,1,13886,1,0,0,0,0,0,0,0,0,0,0,0,0,1
1848,10,bc4caa397e3f449b,1.95028,20.0,1,13350,1,1,0,0,1,0,0,0,0,0,0,0,0,1
1849,10,a11190439f8dade4,1.465172,16.361262,0,13217,1,1,0,0,0,0,0,0,0,0,0,0,0,0
1850,10,d0e8f76deb7682be,2.145981,19.264906,1,13309,1,0,0,0,1,0,0,0,0,0,0,0,0,1
1851,10,7a13de6a86efd7e2,1.612195,20.0,1,13484,1,1,0,0,1,0,0,0,0,0,0,0,0,1
1852,10,c715ce083d9887ff,2.254835,16.100078,0,13440,1,0,0,0,0,0,0,0,0,0,0,0,0,0
1853,10,9d7be728db82f7ef,1.693974,19.053076,1,13269,1,1,0,0,1,0,0,0,0,0,0,0,0,1
1854,10,1e97c0f7f6def2a0,2.318043,20.0,1,13382,2,1,0,0,1,0,0,0,0,0,0,0,0,1
1855,10,53b7d15b85140aae,2.785112,19.472616,1,13206,1,0,0,0,0,0,0,0,0,0,0,0,0,1
1856,10,bc2034ef19334ab9,1.048697,18.107893,1,13165,0,1,0,0,1,0,0,0,0,0,0,0,0,0
1857,10,715f7b8f44a8597f,1.832786,13.617393,0,13258,1,0,0,0,0,0,0,0,0,0,0,0,0,0
1858,10,f07d11f069918ae2,1.376904,17.187928,1,13374,1,1,0,0,1,0,0,0,0,0,0,0,0,1
1859,10,ec168b8c81012a4f,2.078069,12.912648,0,13177,1,0,0,0,0,0,0,0,0,0,0,0,0,0
1860,10,97db82715d08cbb7,1.561176,16.658478,1,13145,1,1,0,0,1,0,0,0,0,0,0,0,0,1
1861,10,603862a7addf0b41,2.218177,12.527413,0,13041,1,0,0,0,0,0,0,0,0,0,0,0,0,0
1862,10,ce1b005d72e18c52,1.666433,16.369066,1,12913,1,1,0,0,1,0,0,0,0,0,0,0,0,1
1863,10,f8f6056c3cedf7e1,2.295583,12.297468,0,13173,1,0,0,0,0,0,0,0,0,0,0,0,0,0
1864,10,f737459a9c7382ec,1.726311,16.208874,1,12967,1,1,0,0,1,0,0,0,0,0,0,0,0,1
1865,10,75559a32d8c031cc,1.296913,15.655966,1,13143,1,1,0,0,1,0,0,0,0,0,0,0,0,0
1866,10,65cc86e5cf90643a,2.017975,15.240586,1,12970,1,0,0,0,0,0,0,0,0,0,0,0,0,1
1867,10,dad019c60b8bed01,1.51603,14.928527,1,13088,1,1,0,0,1,0,0,0,0,0,0,0,0,0
1868,10,90aaf687ed021db4,1.140076,18.187469,1,12858,1,1,0,0,1,0,0,0,0,0,0,0,0,1
1869,10,9728e54db1452e2d,1.90015,13.663565,0,12940,1,0,0,0,0,0,0,0,0,0,0,0,0,0
1870,10,fa9f3fbead877ee0,1.427511,17.222615,1,13108,1,1,0,0,1,0,0,0,0,0,0,0,0,1
1871,10,a7f27cd681ddecdc,1.073509,16.432154,1,12912,1,1,0,0,1,0,0,0,0,0,0,0,0,0
1872,10,9dedc777a493105f,1.85014,15.823707,1,13139,1,0,0,0,0,0,0,0,0,0,0,0,0,1
1873,10,b3eff97d403f970b,1.389941,15.366604,1,13004,1,1,0,0,1,0,0,0,0,0,0,0,0,0
1874,10,2c0a7227f731e6cd,1.044211,18.502044,1,13134,1,1,0,0,1,0,0,0,0,0,0,0,0,1
1875,10,14d0d43f72dffca0,1.829412,13.913801,0,13205,1,0,0,0,0,0,0,0,0,0,0,0,0,0
1876,10,7453a6cea13d87ef,1.374369,17.410608,1,12935,1,1,0,0,1,0,0,0,0,0,0,0,0,1
1877,10,37bdfc7dd16ac7ec,1.032512,16.558783,1,13180,1,1,0,0,1,0,0,0,0,0,0,0,0,0
1878,10,9172c42294538880,2.864765,15.932943,1,13152,2,0,0,0,0,0,0,0,0,0,0,0,0,1
1879,10,abd48e3889b09177,2.152191,18.927513,1,13308,1,1,0,0,1,0,0,0,0,0,0,0,0,1
1880,10,88e036c970be79ff,1.61686,17.698378,1,13291,1,1,0,0,1,0,0,0,0,0,0,0,0,0
1881,10,c1ca359e4b9d97ba,2.25834,16.774974,1,13272,1,0,0,0,0,0,0,0,0,0,0,0,0,1
1882,10,5ee6a1e2c51f9859,1.698304,16.095521,1,13239,1,1,0,0,1,0,0,0,0,0,0,0,0,0
1883,10,7ab7cdda5c3ea225,1.275872,19.049652,1,13341,1,1,0,0,1,0,0,0,0,0,0,0,0,1
1884,10,9c655571a120862d,2.002169,20.0,1,13327,2,1,0,0,1,0,0,0,0,0,0,0,0,1
1885,10,93ac4dd807aac88d,2.54981,19.475078,1,13178,1,0,0,0,0,0,0,0,0,0,0,0,0,1
1886,10,eb5f1ee2a4ef9236,1.915577,20.0,1,13454,1,1,0,0,1,0,0,0,0,0,0,0,0,1
1887,10,226dc20cff35b4a5,1.439101,19.697543,1,13388,1,1,0,0,1,0,0,0,0,0,0,0,0,0
1888,10,9150a6195776a24d,2.124796,18.276872,1,13448,1,0,0,0,0,0,0,0,0,0,0,0,0,1
1889,10,eed6424bf14ecf46,1.597877,20.0,1,13410,1,1,0,0,1,0,0,0,0,0,0,0,0,1
1890,11,1fd48474a6be9a50,1.200425,19.034092,1,13883,1,1,0,0,1,0,0,0,0,0,0,0,0,0
1891,11,530e0ea8d92a6d51,0.901835,17.778446,1,13994,1,1,0,0,0,0,0,0,0,0,0,0,0,1
1892,11,9d91a06f605c6d81,1.722343,20.0,1,14048,1,0,0,0,1,0,0,0,0,0,0,0,0,1
1893,11,1bedfd585b1aa4b9,1.293932,18.7525,1,14285,1,1,0,0,1,0,0,0,0,0,0,0,0,0
1894,11,26a9669cba5af3ef,2.015736,17.566897,1,14328,2,1,0,0,0,0,0,0,0,0,0,0,0,1
1895,11,4f55c5e4b2d3c044,2.558,20.0,1,14182,1,0,0,0,1,0,0,0,0,0,0,0,0,1
1896,11,429a6cfc04b09590,1.923653,20.0,1,14098,1,1,0,0,1,0,0,0,0,0,0,0,0,1
1897,11,bfd1095e82cc3b3f,1.445168,20.0,1,14071,1,1,0,0,1,0,0,0,0,0,0,0,0,0
1898,11,e8a24dfe484cb614,1.085701,18.575604,1,14154,1,1,0,0,0,0,0,0,0,0,0,0,0,1
1899,11,a8eb40163c807ab7,1.860613,20.0,1,13833,1,0,0,0,1,0,0,0,0,0,0,0,0,1
1900,11,b734eb68cadec0ba,1.397809,19.202863,1,13913,1,1,0,0,1,0,0,0,0,0,0,0,0,0
1901,11,03ed9d518f369873,1.050122,20.0,1,13976,1,1,0,0,1,0,0,0,0,0,0,0,0,1
1902,11,cd43fcebe8f5e6e6,0.788917,19.543906,1,14046,1,1,0,0,1,0,0,0,0,0,0,0,0,0
1903,11,338e1a6d9a9334b5,1.637427,18.177798,1,13969,1,0,0,0,0,0,0,0,0,0,0,0,0,1
1904,11,f71f04d2a5841727,1.230138,17.135144,1,13944,1,1,0,0,1,0,0,0,0,0,0,0,0,0
1905,11,dab4ff966e399802,0.924157,19.830682,1,14109,1,1,0,0,1,0,0,0,0,0,0,0,0,1
1906,11,339e340883d8ecaf,0.694979,20.0,1,13927,1,1,0,0,1,0,0,0,0,0,0,0,0,1
1907,11,0f3eea50b2030a66,1.565765,16.433088,0,14017,1,0,0,0,0,0,0,0,0,0,0,0,0,0
1908,11,157d3461e0a7f335,1.176301,19.303254,1,13878,1,1,0,0,1,0,0,0,0,0,0,0,0,1
1909,11,f1991b9aba19249f,0.883711,17.980657,1,14133,1,1,0,0,1,0,0,0,0,0,0,0,0,0
1910,11,f0cae4ef532c2023,0.664563,20.0,1,13874,1,1,0,0,1,0,0,0,0,0,0,0,0,1
1911,11,3dc875a761d5c5ef,0.499261,15.387897,0,14176,1,1,0,0,0,0,0,0,0,0,0,0,0,0
1912,11,e90cc852e180b7a9,1.41873,18.518041,1,14097,1,0,0,0,1,0,0,0,0,0,0,0,0,1
1913,11,0843c071791750a4,1.066905,17.406333,1,13891,1,1,0,0,1,0,0,0,0,0,0,0,0,0
1914,11,e7652621d19bb2aa,0.801526,20.0,1,13973,1,1,0,0,1,0,0,0,0,0,0,0,0,1
1915,11,83403ab2ce2e5edc,1.64581,18.529952,1,13832,1,0,0,0,0,0,0,0,0,0,0,0,0,1
1916,11,31f44b91b5854a60,1.236435,17.399705,1,13866,1,1,0,0,1,0,0,0,0,0,0,0,0,0
1917,11,9eeb382b0724ec5e,0.929817,20.0,1,14038,1,1,0,0,1,0,0,0,0,0,0,0,0,1
1918,11,8cf44fb6a5bc2678,0.698537,18.538527,1,13879,1,1,0,0,1,0,0,0,0,0,0,0,0,0
1919,11,26302fd6db433208,0.524785,20.0,1,13889,1,1,0,0,1,0,0,0,0,0,0,0,0,1
1920,11,212d5aa4658ea2f7,0.394645,19.186313,1,14061,1,1,0,0,1,0,0,0,0,0,0,0,0,0
1921,11,37a5a18fb6caef37,2.383789,17.892804,1,13885,2,0,0,0,0,0,0,0,0,0,0,0,0,1
1922,11,79c0b206a03c3fd7,1.790852,20.0,1,14154,1,1,0,0,1,0,0,0,0,0,0,0,0,1
1923,11,c2376b0af88b997c,1.3454,20.0,1,14112,1,1,0,0,1,0,0,0,0,0,0,0,0,1
1924,11,6484211bcaa3988b,2.05591,16.757404,0,13902,1,0,0,0,0,0,0,0,0,0,0,0,0,0
1925,11,bb6c2f7a25964c84,1.544529,19.5469,1,13963,1,1,0,0,1,0,0,0,0,0,0,0,0,1
1926,11,66b1f64089a6f384,1.160347,18.1637,1,13941,1,1,0,0,1,0,0,0,0,0,0,0,0,0
1927,11,ea8c132e457af786,2.960898,17.139863,1,13865,2,0,0,0,0,0,0,0,0,0,0,0,0,1
1928,11,052f36be903b4c06,2.224412,19.834227,1,14088,1,1,0,0,1,0,0,0,0,0,0,0,0,1
1929,11,8e82ec90f90651e7,1.671118,18.379558,1,14024,1,1,0,0,1,0,0,0,0,0,0,0,0,0
1930,11,4f7951c9fb9652a2,1.255448,17.286719,1,14087,1,1,0,0,0,0,0,0,0,0,0,0,0,1
1931,11,f016206e344ce587,1.988265,19.960863,1,13791,1,0,0,0,1,0,0,0,0,0,0,0,0,1
1932,11,5ba81e783bc90e5a,1.49371,18.474694,1,14098,1,1,0,0,1,0,0,0,0,0,0,0,0,0
1933,11,9d8db8f22ff60f9d,2.165821,20.0,1,13851,2,1,0,0,1,0,0,0,0,0,0,0,0,1
1934,11,44ad3895b244c363,2.672879,19.15025,1,13932,1,0,0,0,0,0,0,0,0,0,0,0,0,1
1935,11,cc16e3530e32ee8b,2.008034,17.865711,1,13815,1,1,0,0,1,0,0,0,0,0,0,0,0,0
1936,11,95452af7553c0133,1.508561,20.0,1,13941,1,1,0,0,1,0,0,0,0,0,0,0,0,1
1937,11,2e6d374222f73db6,2.176979,18.789224,1,13961,1,0,0,0,0,0,0,0,0,0,0,0,0,1
1938,11,608bf612bfc52405,1.637119,17.610266,1,13837,1,1,0,0,1,0,0,0,0,0,0,0,0,0
1939,11,758d8a2ae1333514,1.229906,20.0,1,13995,1,1,0,0,1,0,0,0,0,0,0,0,0,1
1940,11,bb57d5d6b5031988,0.923983,20.0,1,13828,1,1,0,0,1,0,0,0,0,0,0,0,0,1
1941,11,40a994be4c9833b6,0.694848,20.0,1,13938,1,1,0,0,1,0,0,0,0,0,0,0,0,0
1942,11,7a87c9864933bd97,2.60932,18.592736,1,13857,2,0,0,0,0,0,0,0,0,0,0,0,0,1
1943,11,b17ee36b57063304,1.960285,20.0,1,13944,1,1,0,0,1,0,0,0,0,0,0,0,0,1
1944,11,d16904caca12bdc5,1.472689,20.0,1,14063,1,1,0,0,1,0,0,0,0,0,0,0,0,1
1945,11,405feb5ad846f68c,3.195784,20.0,1,13788,2,0,0,0,0,0,0,0,0,0,0,0,0,1
1946,11,4bf3619e34d0ac81,2.400873,20.0,1,13929,1,1,0,0,1,0,0,0,0,0,0,0,0,1
1947,11,14a07418a65d7f77,1.803686,20.0,1,13989,1,1,0,0,1,0,0,0,0,0,0,0,0,1
1948,11,0e3b20ca4800dc75,2.400548,17.878832,0,13783,1,0,0,0,0,0,0,0,0,0,0,0,0,0
1949,11,bf7d0e1a502257a1,1.803442,20.0,1,13866,1,1,0,0,1,0,0,0,0,0,0,0,0,1
1950,11,70f957e877d800be,2.398512,20.0,1,14111,2,1,0,0,1,0,0,0,0,0,0,0,0,1
1951,11,8712803a110e88db,1.801912,20.0,1,13804,1,1,0,0,1,0,0,0,0,0,0,0,0,1
1952,11,7a520e3e28d57b33,1.355064,20.0,1,13836,1,1,0,0,0,0,0,0,0,0,0,0,0,1
1953,11,50be05e6fbc0a419,2.061662,19.478889,1,13890,1,0,0,0,1,0,0,0,0,0,0,0,0,0
1954,11,4fe12e4458e29e5f,2.592503,20.0,1,13906,2,1,0,0,1,0,0,0,0,0,0,0,0,1
1955,11,d29f43d0f75613e6,1.949599,20.0,1,13723,1,1,0,0,1,0,0,0,0,0,0,0,0,1
1956,11,852e6924b6fdd9fe,1.464661,20.0,1,13907,1,1,0,0,1,0,0,0,0,0,0,0,0,1
1957,11,39e5294c4fff933b,2.143998,18.319945,0,13756,1,0,0,0,0,0,0,0,0,0,0,0,0,0
1958,11,bb0a823fea513c20,1.610706,20.0,1,13794,1,1,0,0,1,0,0,0,0,0,0,0,0,1
1959,11,6195266281aa8e1f,1.211274,19.062823,1,13801,1,1,0,0,1,0,0,0,0,0,0,0,0,0
1960,11,d64483c707d268bd,1.953638,17.800031,1,13941,1,0,0,0,0,0,0,0,0,0,0,0,0,1
1961,11,dbb93a0338025b46,2.511349,20.0,1,13907,2,1,0,0,1,0,0,0,0,0,0,0,0,1
1962,11,a3f36def327c8cf8,1.88857,18.769092,1,13886,1,1,0,0,1,0,0,0,0,0,0,0,0,0
1963,11,ed50bc2c25dca899,1.418812,20.0,1,13914,1,1,0,0,1,0,0,0,0,0,0,0,0,1
1964,11,dfc69e6d229c78cb,1.0659,19.299088,1,13880,1,1,0,0,1,0,0,0,0,0,0,0,0,0
1965,11,3bdfaf5cb39e3e91,1.844424,17.977528,1,13900,1,0,0,0,0,0,0,0,0,0,0,0,0,1
1966,11,77e1ae7b7fc60099,1.387034,16.999859,1,13856,1,1,0,0,1,0,0,0,0,0,0,0,0,0
1967,11,7509e39a735d586d,2.08568,16.250203,1,13915,1,0,0,0,0,0,0,0,0,0,0,0,0,1
1968,11,cdb5d6908db19639,1.566893,15.687014,1,13976,1,1,0,0,1,0,0,0,0,0,0,0,0,0
1969,11,de9d6b346cf6c702,2.222477,15.27736,1,13859,1,0,0,0,0,0,0,0,0,0,0,0,0,1
1970,11,450ee3754dcc66be,2.713317,18.434999,1,13900,2,1,0,0,1,0,0,0,0,0,0,0,0,1
1971,11,7fb7c51477e59c6f,2.038414,20.0,1,13915,1,1,0,0,1,0,0,0,0,0,0,0,0,1
1972,11,89e90233881411bd,2.575037,15.631682,0,13769,1,0,0,0,0,0,0,0,0,0,0,0,0,0
1973,11,1c34042e65e9d952,1.936465,18.716251,1,13808,1,1,0,0,1,0,0,0,0,0,0,0,0,1
1974,11,090d669b8eb48b47,2.498447,14.06082,0,14005,1,0,0,0,0,0,0,0,0,0,0,0,0,0
1975,11,aa46e1386cbcb2d8,1.87699,17.521057,1,13904,1,1,0,0,1,0,0,0,0,0,0,0,0,1
1976,11,a703dcbfe43c9094,2.455674,20.0,1,13827,2,1,0,0,1,0,0,0,0,0,0,0,0,1
1977,11,e9893cd0331a68f6,2.888509,18.607086,1,13790,1,0,0,0,0,0,0,0,0,0,0,0,0,1
1978,11,99d7e6e7e965e1df,2.170029,17.457653,1,13839,1,1,0,0,1,0,0,0,0,0,0,0,0,0
1979,11,de8aeae70ef568fe,2.673915,16.594126,1,13751,1,0,0,0,0,0,0,0,0,0,0,0,0,1
1980,11,b5c2e13c314156a5,3.054973,19.440023,1,13447,2,1,0,0,1,0,0,0,0,0,0,0,0,1
1981,11,f3a1deef1eed2a32,2.295087,20.0,1,13453,1,1,0,0,1,0,0,0,0,0,0,0,0,1
1982,11,01bd8ccda4b5a87f,2.767866,16.198914,0,13638,1,0,0,0,0,0,0,0,0,0,0,0,0,0
1983,11,b0118edd2f2e2ec7,2.081475,19.142817,1,13756,1,1,0,0,1,0,0,0,0,0,0,0,0,1
1984,11,749d8db69b1c0c70,1.563734,17.860128,1,13891,1,1,0,0,1,0,0,0,0,0,0,0,0,0
1985,11,9ffd20adc9353801,2.218428,16.896491,1,13971,1,0,0,0,0,0,0,0,0,0,0,0,0,1
1986,11,ca30993af21f52b3,1.666622,16.172546,1,13841,1,1,0,0,1,0,0,0,0,0,0,0,0,0
1987,11,d6872e0f89eb2d37,1.253324,19.122989,1,13846,1,1,0,0,1,0,0,0,0,0,0,0,0,1
1988,11,36772866a3603432,1.985229,14.366387,0,13716,1,0,0,0,0,0,0,0,0,0,0,0,0,0
1989,11,bd0bc4661a6ec162,1.491428,17.750618,1,13643,1,1,0,0,1,0,0,0,0,0,0,0,0,1
1990,11,9469ffba31218deb,1.121575,16.82922,1,13758,1,1,0,0,1,0,0,0,0,0,0,0,0,0
1991,11,c7d8eebce0caa6a9,0.842597,19.600853,1,13735,1,1,0,0,1,0,0,0,0,0,0,0,0,1
1992,11,60de7c638987cfc4,0.633012,14.725388,0,13894,1,1,0,0,0,0,0,0,0,0,0,0,0,0
1993,11,bb5eb43a9d16e24f,0.475558,18.020322,1,13664,1,1,0,0,1,0,0,0,0,0,0,0,0,1
1994,11,60ee1f77e2920155,1.401777,20.0,1,13754,1,0,0,0,1,0,0,0,0,0,0,0,0,1
1995,11,87c333d4b216c8e0,1.053103,18.889151,1,13677,1,1,0,0,1,0,0,0,0,0,0,0,0,0
1996,11,5e079b8d97b60e1e,0.791157,20.0,1,13773,1,1,0,0,1,0,0,0,0,0,0,0,0,1
1997,11,76a4cfd026339cdd,1.639112,15.9039,0,13568,1,0,0,0,0,0,0,0,0,0,0,0,0,0
1998,11,33e0c0fe625a5409,1.231403,18.905694,1,13913,1,1,0,0,1,0,0,0,0,0,0,0,0,1
1999,11,0ce08f8f0de6d99c,0.925107,17.681986,1,13583,1,1,0,0,1,0,0,0,0,0,0,0,0,0
2000,11,902b52f9870e04e5,0.694998,20.0,1,13934,1,1,0,0,1,0,0,0,0,0,0,0,0,1
2001,11,a5403904baca4e07,1.566799,18.702401,1,13543,1,0,0,0,0,0,0,0,0,0,0,0,0,1
2002,11,51b85b00b8c4e556,2.220731,20.0,1,13890,2,1,0,0,1,0,0,0,0,0,0,0,0,1
2003,11,107a7c39312ff4cd,1.668352,19.261448,1,13802,1,1,0,0,1,0,0,0,0,0,0,0,0,0
2004,11,4eef428587a04c35,1.254625,20.0,1,13696,1,1,0,0,1,0,0,0,0,0,0,0,0,1
2005,11,0026b6df710aab87,1.986206,19.590337,1,13564,1,0,0,0,0,0,0,0,0,0,0,0,0,1
2006,11,39a19a87466faf37,1.492162,18.196333,1,13533,1,1,0,0,1,0,0,0,0,0,0,0,0,0
2007,11,f4100f58dc85ee81,1.121006,20.0,1,13792,1,1,0,0,1,0,0,0,0,0,0,0,0,1
2008,11,d2de8aad0abb02f3,0.843012,18.992987,1,13609,1,1,0,0,1,0,0,0,0,0,0,0,0,0
2009,11,338158322e3b8108,1.676977,17.747565,1,13563,1,0,0,0,0,0,0,0,0,0,0,0,0,1
2010,11,a8dba758fda8029d,1.25985,16.811927,1,13750,1,1,0,0,1,0,0,0,0,0,0,0,0,0
2011,11,5c2fa7fdf12aceed,0.947425,19.603812,1,13658,1,1,0,0,1,0,0,0,0,0,0,0,0,1
2012,11,edf4bedf46764e28,2.799072,18.206456,1,13713,2,0,0,0,0,0,0,0,0,0,0,0,0,1
2013,11,827f8d74cb983c49,2.102838,17.156674,1,13796,1,1,0,0,1,0,0,0,0,0,0,0,0,0
2014,11,bcdfffb3fe43af91,1.579784,19.846857,1,13622,1,1,0,0,1,0,0,0,0,0,0,0,0,1
2015,11,77d746a3c57cb485,1.18802,18.405621,1,13670,1,1,0,0,1,0,0,0,0,0,0,0,0,0
2016,11,6b3879a62b3f40b8,1.936168,17.3063,1,14896,1,0,0,0,0,0,0,0,0,0,0,0,0,1
2017,11,e883875b743cdffb,2.498224,19.959265,1,14940,2,1,0,0,1,0,0,0,0,0,0,0,0,1
2018,11,11bdd60f78ce5763,1.8787,20.0,1,14494,1,1,0,0,1,0,0,0,0,0,0,0,0,1
2019,11,21f121f02a739dca,2.455051,16.505732,0,14467,1,0,0,0,0,0,0,0,0,0,0,0,0,0
2020,11,7c931c8a7ecf1804,1.844388,19.357828,1,14474,1,1,0,0,1,0,0,0,0,0,0,0,0,1
2021,11,06c03662777a8a8a,1.38562,18.021657,1,15526,1,1,0,0,1,0,0,0,0,0,0,0,0,0
2022,11,00d3e70d575c1cc8,1.042006,17.033045,1,15433,1,1,0,0,0,0,0,0,0,0,0,0,0,1
2023,11,a97e2dc923884b5c,2.870127,19.753979,1,15315,2,0,0,0,1,0,0,0,0,0,0,0,0,1
2024,11,1ff6e02adfcb271f,2.156219,20.0,1,15502,1,1,0,0,1,0,0,0,0,0,0,0,0,1
2025,11,7a7a5388b9e1339f,2.665658,20.0,1,15482,2,1,0,0,1,0,0,0,0,0,0,0,0,1
2026,11,2bd8158f7001cf94,2.002609,20.0,1,15497,1,1,0,0,1,0,0,0,0,0,0,0,0,1
2027,11,119c6557b567d0d3,1.504485,20.0,1,15624,1,1,0,0,1,0,0,0,0,0,0,0,0,0
2028,11,60f53b043f0c969a,1.130264,20.0,1,15637,1,1,0,0,1,0,0,0,0,0,0,0,0,1
2029,11,b14412ce9c3c380e,2.938275,20.0,1,15706,2,0,0,0,0,0,0,0,0,0,0,0,0,1
2030,11,1045370e9a364a0b,2.207416,19.313798,1,15486,1,1,0,0,1,0,0,0,0,0,0,0,0,0
2031,11,54086a9ffbc47c99,1.658349,20.0,1,15515,1,1,0,0,1,0,0,0,0,0,0,0,0,1
2032,11,ee74c7cb445bf718,1.247102,16.143809,0,15645,1,1,0,0,0,0,0,0,0,0,0,0,0,0
2033,11,c4369b3d231a8a21,3.024208,19.085929,1,14188,2,0,0,0,1,0,0,0,0,0,0,0,0,1
2034,11,dafe06c768657ba9,2.271975,20.0,1,13226,1,1,0,0,1,0,0,0,0,0,0,0,0,1
2035,11,787094a570406405,2.750503,15.999064,0,13437,1,0,0,0,0,0,0,0,0,0,0,0,0,0
2036,11,dbe7aa482146fb15,2.068417,18.992528,1,13387,1,1,0,0,1,0,0,0,0,0,0,0,0,1
2037,11,4c070e3fedb570ba,1.553925,20.0,1,13431,1,1,0,0,1,0,0,0,0,0,0,0,0,1
2038,11,ef1139ebb7f9d84c,2.211059,20.0,1,13489,2,1,0,0,1,0,0,0,0,0,0,0,0,1
2039,11,f746b493787f8a3f,1.662748,17.224163,0,13588,0,0,0,0,0,0,0,0,0,0,0,0,0,0
2040,11,a71581b1771f4af3,1.24916,16.418715,1,13655,1,1,0,0,1,0,0,0,0,0,0,0,0,0
2041,11,16ed345d52e0ecbb,1.982101,19.292455,1,13865,2,1,0,0,1,0,0,0,0,0,0,0,0,1
2042,11,58be4a86983d1e51,1.489078,20.0,1,14000,1,1,0,0,1,0,0,0,0,0,0,0,0,1
2043,11,befb2691adff752a,2.163959,16.131751,0,14779,1,0,0,0,0,0,0,0,0,0,0,0,0,0
2044,11,fbbd69a82364ea51,1.625701,19.07687,1,14820,1,1,0,0,1,0,0,0,0,0,0,0,0,1
2045,11,914dc062cb5f30f4,1.221328,17.810584,1,16440,1,1,0,0,1,0,0,0,0,0,0,0,0,0
2046,11,da412f040fb815de,0.918456,16.874315,1,16631,1,1,0,0,0,0,0,0,0,0,0,0,0,1
2047,11,040c87c9bb351b86,2.777309,19.634731,1,16783,2,0,0,0,1,0,0,0,0,0,0,0,0,1
2048,11,baa0a51dbfb35e10,2.086488,20.0,1,16781,1,1,0,0,1,0,0,0,0,0,0,0,0,1
2049,11,33da2dbe4819cf4a,2.611154,20.0,1,16802,2,1,0,0,1,0,0,0,0,0,0,0,0,1
2050,11,5dc98b0dc635d04e,3.007775,17.496736,0,16602,1,0,0,0,0,0,0,0,0,0,0,0,0,0
2051,11,f2e252402c3851af,2.259629,20.0,1,17032,1,1,0,0,1,0,0,0,0,0,0,0,0,1
2052,11,36e9d6aa6d837ef9,2.741228,20.0,1,16923,2,1,0,0,1,0,0,0,0,0,0,0,0,1
2053,11,8f967b6ca3488b4d,3.105593,20.0,1,16905,1,0,0,0,0,0,0,0,0,0,0,0,0,1
2054,11,e5c13195d7b4a50c,2.333116,20.0,1,16937,1,1,0,0,1,0,0,0,0,0,0,0,0,1
2055,11,c84f9429392f3c36,2.796436,20.0,1,16651,2,1,0,0,1,0,0,0,0,0,0,0,0,1
2056,11,12f94bae65ca7288,2.100858,20.0,1,16778,1,1,0,0,1,0,0,0,0,0,0,0,0,1
2057,11,0af5416e230828ed,1.579875,20.0,1,14590,1,1,0,0,1,0,0,0,0,0,0,0,0,0
2058,11,219007d8eace7291,2.230555,20.0,1,13074,1,0,0,0,0,0,0,0,0,0,0,0,0,1
2059,11,41d01bf676ff6f6e,1.675732,18.506901,1,13278,1,1,0,0,1,0,0,0,0,0,0,0,0,0
2060,11,31524e107587d129,2.304325,17.397955,1,13164,1,0,0,0,0,0,0,0,0,0,0,0,0,1
2061,11,f9868fd7d8f84a5c,1.731153,16.549278,1,13222,1,1,0,0,1,0,0,0,0,0,0,0,0,0
2062,11,339143e749733910,1.300551,19.390543,1,13326,1,1,0,0,1,0,0,0,0,0,0,0,0,1
2063,11,0a8711fd3c06f17b,2.020708,18.046234,1,13354,1,0,0,0,0,0,0,0,0,0,0,0,0,1
2064,11,cadf637f4d1e6748,2.563752,20.0,1,13333,2,1,0,0,1,0,0,0,0,0,0,0,0,1
2065,11,2ed8dd7fadaea44c,2.969704,15.424946,0,13456,1,0,0,0,0,0,0,0,0,0,0,0,0,0
2066,11,03f2e07b0e82cefc,2.231028,18.545874,1,13216,1,1,0,0,1,0,0,0,0,0,0,0,0,1
2067,11,d64249ecffab4fb5,2.721915,13.946762,0,13185,1,0,0,0,0,0,0,0,0,0,0,0,0,0
2068,11,3f2736ee82e61839,2.044873,17.43537,1,13022,1,1,0,0,1,0,0,0,0,0,0,0,0,1
2069,11,13a5f0293c2732f4,1.536237,16.577386,1,13205,1,1,0,0,1,0,0,0,0,0,0,0,0,0
2070,11,2dea54f93c7a32c4,2.197771,15.932815,1,13012,1,0,0,0,0,0,0,0,0,0,0,0,0,1
2071,11,e8b739c1ffdbb2df,1.652755,15.462206,1,12938,1,1,0,0,1,0,0,0,0,0,0,0,0,0
2072,11,d5fcbc0f2d56db52,2.285306,15.095022,1,13126,1,0,0,0,0,0,0,0,0,0,0,0,0,1
2073,11,a24678b460336f70,1.716865,14.81917,1,13426,1,1,0,0,1,0,0,0,0,0,0,0,0,0
2074,11,17ad021c50292562,2.335258,14.624729,1,13283,1,0,0,0,0,0,0,0,0,0,0,0,0,1
2075,11,beefa74121978524,0.710738,14.465856,1,13424,0,1,0,0,1,0,0,0,0,0,0,0,0,0
2076,11,4290a3175471a419,1.577605,17.825346,1,13496,2,1,0,0,1,0,0,0,0,0,0,0,0,1
2077,11,91c029e73d74cbbc,2.228849,16.870361,1,13331,1,0,0,0,0,0,0,0,0,0,0,0,0,1
2078,12,1fd48474a6be9a50,1.676126,16.167253,1,13913,1,1,0,0,1,0,0,0,0,0,0,0,0,0
2079,12,530e0ea8d92a6d51,1.259211,15.624698,1,14010,1,1,0,0,0,0,0,0,0,0,0,0,0,1
2080,12,9d91a06f605c6d81,1.989651,15.217096,1,14109,1,0,0,0,1,0,0,0,0,0,0,0,0,0
2081,12,1bedfd585b1aa4b9,1.496246,18.404476,1,14145,1,1,0,0,1,0,0,0,0,0,0,0,0,1
2082,12,26a9669cba5af3ef,1.124074,17.30544,1,14278,1,1,0,0,1,0,0,0,0,0,0,0,0,0
2083,12,4f55c5e4b2d3c044,1.888128,16.479774,1,14262,1,0,0,0,0,0,0,0,0,0,0,0,0,1
2084,12,429a6cfc04b09590,1.41848,15.859483,1,14074,1,1,0,0,1,0,0,0,0,0,0,0,0,0
2085,12,bfd1095e82cc3b3f,1.066717,18.887561,1,14073,1,1,0,0,1,0,0,0,0,0,0,0,0,1
2086,12,e8a24dfe484cb614,1.845038,14.189518,0,14071,1,0,0,0,0,0,0,0,0,0,0,0,0,0
2087,12,a8eb40163c807ab7,1.386108,17.617744,1,14038,1,1,0,0,1,0,0,0,0,0,0,0,0,1
2088,12,b734eb68cadec0ba,1.042373,16.729296,1,13838,1,1,0,0,1,0,0,0,0,0,0,0,0,0
2089,12,03ed9d518f369873,1.826749,16.046939,1,14007,1,0,0,0,0,0,0,0,0,0,0,0,0,1
2090,12,cd43fcebe8f5e6e6,1.372368,15.53431,1,13937,1,1,0,0,1,0,0,0,0,0,0,0,0,0
2091,12,338e1a6d9a9334b5,1.031009,18.628035,1,14011,1,1,0,0,1,0,0,0,0,0,0,0,0,1
2092,12,f71f04d2a5841727,0.775334,20.0,1,13954,1,1,0,0,1,0,0,0,0,0,0,0,0,1
2093,12,dab4ff966e399802,1.626132,15.75364,0,13980,1,0,0,0,0,0,0,0,0,0,0,0,0,0
2094,12,339e340883d8ecaf,1.221653,18.79281,1,14028,1,1,0,0,1,0,0,0,0,0,0,0,0,1
2095,12,0f3eea50b2030a66,0.9187,17.612963,1,14075,1,1,0,0,1,0,0,0,0,0,0,0,0,0
2096,12,157d3461e0a7f335,1.733838,16.710805,1,13944,1,0,0,0,0,0,0,0,0,0,0,0,0,1
2097,12,f1991b9aba19249f,1.302568,16.033048,1,13870,1,1,0,0,1,0,0,0,0,0,0,0,0,0
2098,12,f0cae4ef532c2023,0.978571,19.002718,1,14204,1,1,0,0,1,0,0,0,0,0,0,0,0,1
2099,12,3dc875a761d5c5ef,1.78005,14.290315,0,13960,1,0,0,0,0,0,0,0,0,0,0,0,0,0
2100,12,e90cc852e180b7a9,1.337285,17.693469,1,13998,1,1,0,0,1,0,0,0,0,0,0,0,0,1
2101,12,0843c071791750a4,1.004652,16.771286,1,13890,1,1,0,0,1,0,0,0,0,0,0,0,0,0
2102,12,e7652621d19bb2aa,0.755513,19.57325,1,14054,1,1,0,0,1,0,0,0,0,0,0,0,0,1
2103,12,83403ab2ce2e5edc,1.611242,14.704651,0,13884,1,0,0,0,0,0,0,0,0,0,0,0,0,0
2104,12,31f44b91b5854a60,1.210466,18.004743,1,13895,1,1,0,0,1,0,0,0,0,0,0,0,0,1
2105,12,9eeb382b0724ec5e,0.909378,17.005135,1,14031,1,1,0,0,1,0,0,0,0,0,0,0,0,0
2106,12,8cf44fb6a5bc2678,0.683865,19.749107,1,13826,1,1,0,0,1,0,0,0,0,0,0,0,0,1
2107,12,26302fd6db433208,0.513762,20.0,1,13894,1,1,0,0,1,0,0,0,0,0,0,0,0,1
2108,12,212d5aa4658ea2f7,1.429624,16.373359,0,14168,1,0,0,0,0,0,0,0,0,0,0,0,0,0
2109,12,37a5a18fb6caef37,1.075097,19.274003,1,13772,1,1,0,0,1,0,0,0,0,0,0,0,0,1
2110,12,79c0b206a03c3fd7,0.80768,20.0,1,14184,1,1,0,0,1,0,0,0,0,0,0,0,0,1
2111,12,c2376b0af88b997c,1.650433,20.0,1,13940,2,1,0,0,1,0,0,0,0,0,0,0,0,1
2112,12,6484211bcaa3988b,1.239909,20.0,1,14227,1,1,0,0,1,0,0,0,0,0,0,0,0,0
2113,12,bb6c2f7a25964c84,1.97658,19.126264,1,13806,1,0,0,0,0,0,0,0,0,0,0,0,0,1
2114,12,66b1f64089a6f384,1.48493,17.847692,1,14037,1,1,0,0,1,0,0,0,0,0,0,0,0,0
2115,12,ea8c132e457af786,1.115573,20.0,1,13811,1,1,0,0,1,0,0,0,0,0,0,0,0,1
2116,12,052f36be903b4c06,0.838927,20.0,1,14011,1,1,0,0,1,0,0,0,0,0,0,0,0,1
2117,12,8e82ec90f90651e7,2.717561,20.0,1,14176,2,0,0,0,0,0,0,0,0,0,0,0,0,1
2118,12,4f7951c9fb9652a2,2.041602,18.665138,1,13887,1,1,0,0,1,0,0,0,0,0,0,0,0,0
2119,12,f016206e344ce587,1.533779,20.0,1,13961,1,1,0,0,1,0,0,0,0,0,0,0,0,1
2120,12,5ba81e783bc90e5a,1.153424,19.257843,1,14073,1,1,0,0,1,0,0,0,0,0,0,0,0,0
2121,12,7a07c461c79b1e53,1.910178,17.946542,1,13856,1,0,0,0,0,0,0,0,0,0,0,0,0,1
2122,12,08f4476ffa31dac3,1.435045,16.961411,1,13984,1,1,0,0,1,0,0,0,0,0,0,0,0,0
2123,12,a69e4e6735ff3977,1.079174,19.716226,1,13935,1,1,0,0,1,0,0,0,0,0,0,0,0,1
2124,12,260e5aa1d8f47503,1.854397,18.290908,1,13967,2,1,0,0,0,0,0,0,0,0,0,0,0,1
2125,12,9dfac611e041007e,2.436792,17.22012,1,13998,1,0,0,0,1,0,0,0,0,0,0,0,0,0
2126,12,721de4ec54375ef7,1.830671,19.894521,1,13739,1,1,0,0,1,0,0,0,0,0,0,0,0,1
2127,12,6f8d7911e0b9e753,1.376691,18.441465,1,14066,1,1,0,0,1,0,0,0,0,0,0,0,0,0
2128,12,404b6574dd021f5d,1.034256,17.333228,1,13732,1,1,0,0,0,0,0,0,0,0,0,0,0,1
2129,12,e35a6455d78bafd7,1.820651,19.979495,1,13981,1,0,0,0,1,0,0,0,0,0,0,0,0,1
2130,12,501ee790029bb4ef,1.369156,18.505367,1,13876,1,1,0,0,1,0,0,0,0,0,0,0,0,0
2131,12,70389cda45c93358,1.028596,20.0,1,14012,1,1,0,0,1,0,0,0,0,0,0,0,0,1
2132,12,754645a6b7b4ca0c,0.772745,20.0,1,13856,1,1,0,0,1,0,0,0,0,0,0,0,0,1
2133,12,cdb83f84a87dfa0d,2.667841,17.000387,0,13844,2,0,0,0,0,0,0,0,0,0,0,0,0,0
2134,12,c4cf83697eb30892,2.006255,19.745537,1,13902,1,1,0,0,1,0,0,0,0,0,0,0,0,1
2135,12,7f5b7996849c02f2,1.507224,18.312928,1,14038,1,1,0,0,1,0,0,0,0,0,0,0,0,0
2136,12,098f274bf4d8b821,2.175975,17.236663,1,13789,1,0,0,0,0,0,0,0,0,0,0,0,0,1
2137,12,77668fe9943ec14d,1.636364,16.442718,1,14013,1,1,0,0,1,0,0,0,0,0,0,0,0,0
2138,12,9334baa4842ce81e,2.272992,19.310488,1,13859,2,1,0,0,1,0,0,0,0,0,0,0,0,1
2139,12,1fc1f7c0eea9b018,1.707614,20.0,1,13768,1,1,0,0,1,0,0,0,0,0,0,0,0,1
2140,12,6b4c103366534787,1.282867,19.604649,1,13866,1,1,0,0,0,0,0,0,0,0,0,0,0,1
2141,12,2ac01b460a9fb2d1,2.008885,18.223477,1,13819,1,0,0,0,1,0,0,0,0,0,0,0,0,0
2142,12,be65dd4e30de95ed,1.5092,20.0,1,13831,1,1,0,0,1,0,0,0,0,0,0,0,0,1
2143,12,01fd73c5ec40b8f5,2.177459,20.0,1,13875,2,1,0,0,1,0,0,0,0,0,0,0,0,1
2144,12,208fcfb3800a27c3,2.681631,16.897753,0,13656,1,0,0,0,0,0,0,0,0,0,0,0,0,0
2145,12,fb4a956a68d20f66,2.014609,19.652339,1,13804,1,1,0,0,1,0,0,0,0,0,0,0,0,1
2146,12,238d2c959efc4974,1.5135,18.242912,1,13905,1,1,0,0,1,0,0,0,0,0,0,0,0,0
2147,12,dc498bc00718d94f,3.224343,17.184062,1,13606,2,0,0,0,0,0,0,0,0,0,0,0,0,1
2148,12,bdd45bc796f1d786,2.424752,19.883663,1,13769,1,1,0,0,1,0,0,0,0,0,0,0,0,1
2149,12,df104888f2f6eca1,1.821625,20.0,1,13772,1,1,0,0,1,0,0,0,0,0,0,0,0,1
2150,12,934693e62bbe62b9,1.368519,19.928147,1,13814,1,1,0,0,1,0,0,0,0,0,0,0,0,0
2151,12,3854cc71182b2b21,1.029146,18.466752,1,13587,1,1,0,0,0,0,0,0,0,0,0,0,0,1
2152,12,cd5d537970712c70,1.816812,17.352225,1,13827,1,0,0,0,1,0,0,0,0,0,0,0,0,0
2153,12,e93208213ce684ad,2.408556,19.993767,1,13623,2,1,0,0,1,0,0,0,0,0,0,0,0,1
2154,12,f416bec425c5f2f4,1.809458,20.0,1,13770,1,1,0,0,1,0,0,0,0,0,0,0,0,1
2155,12,914cbe8d38a61aa6,2.404889,20.0,1,13689,1,0,0,0,0,0,0,0,0,0,0,0,0,1
2156,12,1302bfc3c8b28812,1.806703,18.510457,1,13567,1,1,0,0,1,0,0,0,0,0,0,0,0,0
2157,12,baff74c7fb1631bb,1.357309,20.0,1,13691,1,1,0,0,1,0,0,0,0,0,0,0,0,1
2158,12,60088fbfee3e6905,2.064866,15.689953,0,13574,1,0,0,0,0,0,0,0,0,0,0,0,0,0
2159,12,b892c11b0181a7f8,1.551257,18.744964,1,13600,1,1,0,0,1,0,0,0,0,0,0,0,0,1
2160,12,6e7204e34c7241fe,1.165401,17.561235,1,13453,1,1,0,0,0,0,0,0,0,0,0,0,0,1
2161,12,0f46b37f71c42729,1.919176,16.671944,1,13494,1,0,0,0,1,0,0,0,0,0,0,0,0,0
2162,12,1ee4a057d32eca18,2.487398,19.498543,1,13455,2,1,0,0,1,0,0,0,0,0,0,0,0,1
2163,12,42b45be1bcdc983b,2.912342,18.127371,1,13544,1,0,0,0,0,0,0,0,0,0,0,0,0,1
2164,12,db54b2fda90ab011,2.187934,17.097261,1,13578,1,1,0,0,1,0,0,0,0,0,0,0,0,0
2165,12,2a054642e13bf486,2.689508,16.337885,1,13529,1,0,0,0,0,0,0,0,0,0,0,0,0,1
2166,12,731d6d699dedfc7d,3.06418,19.231732,1,13581,2,1,0,0,1,0,0,0,0,0,0,0,0,1
2167,12,740961c33dbc06f4,2.302004,20.0,1,13474,1,1,0,0,1,0,0,0,0,0,0,0,0,1
2168,12,525b7977e04d9a32,2.773063,16.081355,0,13658,1,0,0,0,0,0,0,0,0,0,0,0,0,0
2169,12,bcc9854d01a15ce0,2.085383,19.054411,1,13473,1,1,0,0,1,0,0,0,0,0,0,0,0,1
2170,12,506670075915e7f5,1.56667,14.314867,0,13332,1,1,0,0,0,0,0,0,0,0,0,0,0,0
2171,12,c178160524d28ab4,2.220634,17.711913,1,13452,1,0,0,0,1,0,0,0,0,0,0,0,0,1
2172,12,34e815d9da5cb94d,1.669948,16.800113,1,13224,1,1,0,0,1,0,0,0,0,0,0,0,0,0
2173,12,3f41fa3c34a41848,1.25457,16.100141,1,13335,1,1,0,0,0,0,0,0,0,0,0,0,0,1
2174,12,7803ff4bbe6df398,1.986165,15.574279,1,13240,1,0,0,0,1,0,0,0,0,0,0,0,0,0
2175,12,035e83338ff6365d,1.492131,18.658063,1,13276,1,1,0,0,1,0,0,0,0,0,0,0,0,1
2176,12,68e66662f2518cb0,1.122104,17.511631,1,13366,1,1,0,0,0,0,0,0,0,0,0,0,0,1
2177,12,a90480009d2ea223,1.886648,16.634678,1,13476,1,0,0,0,1,0,0,0,0,0,0,0,0,0
2178,12,fca8f58bb0588f1c,1.417368,19.454701,1,13296,1,1,0,0,1,0,0,0,0,0,0,0,0,1
2179,12,cfb06e35ccfe31fa,2.110032,14.630212,0,13470,1,0,0,0,0,0,0,0,0,0,0,0,0,0
2180,12,6ab9814d1e629e92,1.585188,17.948821,1,13556,1,1,0,0,1,0,0,0,0,0,0,0,0,1
2181,12,0e7c314b65536c42,1.190892,16.963122,1,13366,1,1,0,0,1,0,0,0,0,0,0,0,0,0
2182,12,8a3de91e21510cdf,0.894673,16.222604,1,13419,1,1,0,0,0,0,0,0,0,0,0,0,0,1
2183,12,167f84c5dbfa515e,1.716957,15.680131,1,13203,1,0,0,0,1,0,0,0,0,0,0,0,0,0
2184,12,67a12a636db72dd6,1.289886,18.737586,1,13319,1,1,0,0,1,0,0,0,0,0,0,0,0,1
2185,12,60dc085c9bdd05e4,0.969043,17.555692,1,13308,1,1,0,0,1,0,0,0,0,0,0,0,0,0
2186,12,855237d3b27a9a4f,1.772885,16.682632,1,13203,1,0,0,0,0,0,0,0,0,0,0,0,0,1
2187,12,c4cafe876f3375fd,1.331902,16.011883,1,13487,1,1,0,0,1,0,0,0,0,0,0,0,0,0
2188,12,e22bb81afaabce90,1.000608,18.986818,1,13435,1,1,0,0,1,0,0,0,0,0,0,0,0,1
2189,12,86d09df9c5563c46,1.795373,14.264086,0,13506,1,0,0,0,0,0,0,0,0,0,0,0,0,0
2190,12,08632e5e45220f6f,1.350146,17.6878,1,13326,1,1,0,0,1,0,0,0,0,0,0,0,0,1
2191,12,26fbe292279e0ddb,2.057968,20.0,1,13517,2,1,0,0,1,0,0,0,0,0,0,0,0,1
2192,12,71cc91bc99221901,2.589727,15.209967,0,13328,1,0,0,0,0,0,0,0,0,0,0,0,0,0
2193,12,d08c0bd104cbf415,1.947512,18.399115,1,13291,1,1,0,0,1,0,0,0,0,0,0,0,0,1
2194,12,312e68e8dc0f9bf6,1.463093,20.0,1,13338,1,1,0,0,1,0,0,0,0,0,0,0,0,1
2195,12,5a71db88453b349a,1.099167,19.090274,1,13456,1,1,0,0,1,0,0,0,0,0,0,0,0,0
2196,12,73322fd6fc50ed24,1.869416,17.820654,1,13750,1,0,0,0,0,0,0,0,0,0,0,0,0,1
2197,12,d9561df4314c8bc9,1.405828,20.0,1,14820,1,1,0,0,1,0,0,0,0,0,0,0,0,1
2198,12,026885893b5f1a25,1.056146,20.0,1,14920,1,1,0,0,1,0,0,0,0,0,0,0,0,1
2199,12,c514912a2dcbbcb9,0.793443,20.0,1,14470,1,1,0,0,1,0,0,0,0,0,0,0,0,0
2200,12,a14ab18374f99279,1.640831,20.0,1,14488,2,1,0,0,1,0,0,0,0,0,0,0,0,1
2201,12,9b530a9b785b955c,2.276348,20.0,1,15936,1,0,0,0,0,0,0,0,0,0,0,0,0,1
2202,12,18f457ef6a00a28a,1.710135,20.0,1,15724,1,1,0,0,1,0,0,0,0,0,0,0,0,1
2203,12,a38050aef2fdfe5c,2.328414,20.0,1,15994,2,1,0,0,0,0,0,0,0,0,0,0,0,1
2204,12,4d412a4789f5986f,2.795151,20.0,1,15711,1,0,0,0,1,0,0,0,0,0,0,0,0,1
2205,12,f140a3a5ab1b3ae1,2.099893,20.0,1,15975,1,1,0,0,1,0,0,0,0,0,0,0,0,0
2206,12,51810fca3be873b5,3.664877,18.535831,1,15992,2,0,0,0,0,0,0,0,0,0,0,0,0,1
2207,12,64d8ff1d0ec4d27a,2.75604,20.0,1,16239,1,1,0,0,1,0,0,0,0,0,0,0,0,1
2208,12,8a712e89dee9ed50,2.07051,20.0,1,16166,1,1,0,0,1,0,0,0,0,0,0,0,0,1
2209,12,9d0e18a1e7b5a902,2.59915,20.0,1,16088,2,1,0,0,1,0,0,0,0,0,0,0,0,1
2210,12,a220b2f194e8e17e,2.996298,20.0,1,16053,1,0,0,0,0,0,0,0,0,0,0,0,0,1
2211,12,3a54f87fc5d887ef,3.297409,20.0,1,15951,2,1,0,0,1,0,0,0,0,0,0,0,0,1
2212,12,8f2673b6e0594d64,2.47722,20.0,1,16339,1,1,0,0,1,0,0,0,0,0,0,0,0,1
2213,12,f345a065bf720e01,2.904696,18.278867,0,14636,1,0,0,0,0,0,0,0,0,0,0,0,0,0
2214,12,edc7c2bb985f3641,2.184373,20.0,1,13166,1,1,0,0,1,0,0,0,0,0,0,0,0,1
2215,12,1f39122c6cc21a0b,2.684691,20.0,1,13701,2,1,0,0,1,0,0,0,0,0,0,0,0,1
2216,12,29f82d491c4b1418,2.016908,20.0,1,13680,1,1,0,0,0,0,0,0,0,0,0,0,0,1
2217,12,cf1e4f229c6777b5,2.558881,18.799207,1,13689,1,0,0,0,1,0,0,0,0,0,0,0,0,0
2218,12,d5ec8ef48dec96f5,1.924315,20.0,1,13725,1,1,0,0,1,0,0,0,0,0,0,0,0,1
2219,12,51ae9ddc4d3ace86,1.445666,19.32919,1,13570,1,1,0,0,1,0,0,0,0,0,0,0,0,0
2220,12,41f9d9c4c4dd77b2,2.129728,18.000142,1,13878,1,0,0,0,0,0,0,0,0,0,0,0,0,1
2221,12,d0c311d857fc65c9,1.601586,17.016865,1,13497,1,1,0,0,1,0,0,0,0,0,0,0,0,0
2222,12,60810bb282dabea2,1.203212,19.741824,1,13838,1,1,0,0,1,0,0,0,0,0,0,0,0,1
2223,12,ac4f71a0ba2540cf,0.903928,18.310139,1,13718,1,1,0,0,1,0,0,0,0,0,0,0,0,0
2224,12,ef14f86184452beb,2.766394,17.234567,1,13686,2,0,0,0,0,0,0,0,0,0,0,0,0,1
2225,12,74bfce39db61dd9c,2.080368,19.921644,1,13616,1,1,0,0,1,0,0,0,0,0,0,0,0,1
2226,12,61ef57200da6a91d,1.562902,20.0,1,13838,1,1,0,0,1,0,0,0,0,0,0,0,0,1
2227,12,970588b5348596d4,2.217804,16.470738,0,13607,1,0,0,0,0,0,0,0,0,0,0,0,0,0
2228,12,8cc0fdd2695fe3b1,1.66782,19.347233,1,13664,1,1,0,0,1,0,0,0,0,0,0,0,0,1
2229,12,1f012cdf92b23e1a,1.252971,14.534853,0,13444,1,1,0,0,0,0,0,0,0,0,0,0,0,0
2230,12,5567f6dd3ae7ce76,1.984963,17.877181,1,13339,1,0,0,0,1,0,0,0,0,0,0,0,0,1
2231,12,30ffe72018c4b5d0,1.491229,20.0,1,13280,1,1,0,0,1,0,0,0,0,0,0,0,0,1
2232,12,e2ba7a32659ad80f,2.165576,20.0,1,13053,2,1,0,0,1,0,0,0,0,0,0,0,0,1
2233,12,c78ff72558b80a63,2.67057,16.748033,0,13196,1,0,0,0,0,0,0,0,0,0,0,0,0,0
2234,12,b58f8b6a78f18afb,2.006299,19.53986,1,12960,1,1,0,0,1,0,0,0,0,0,0,0,0,1
2235,12,b30c8d44ae1900d8,0.464615,18.174755,1,12902,0,1,0,0,1,0,0,0,0,0,0,0,0,0
2236,12,dff65b16a198b458,1.392701,13.654014,0,12758,1,0,0,0,0,0,0,0,0,0,0,0,0,0
2237,12,a022aa907a73d24f,1.046284,17.215439,1,12966,1,1,0,0,1,0,0,0,0,0,0,0,0,1
2238,12,79a9c06978b6976b,0.786034,16.412161,1,13005,1,1,0,0,1,0,0,0,0,0,0,0,0,0
2239,12,83f8135790c82eab,1.63526,15.82268,1,12855,1,0,0,0,0,0,0,0,0,0,0,0,0,1
2240,12,c3c15221622a8499,1.228509,15.365833,1,12830,1,1,0,0,1,0,0,0,0,0,0,0,0,0
2241,12,acbc8d40a688ca81,0.922933,18.501465,1,12769,1,1,0,0,1,0,0,0,0,0,0,0,0,1
2242,12,0711327c2d3aba00,1.738209,13.913365,0,12538,1,0,0,0,0,0,0,0,0,0,0,0,0,0
2243,12,9eb19790c48267a5,1.305852,17.41028,1,13563,1,1,0,0,1,0,0,0,0,0,0,0,0,1
2244,12,03f53ac9af4576e1,2.024691,13.079693,0,13362,1,0,0,0,0,0,0,0,0,0,0,0,0,0
2245,12,9c1d60eb6bb51682,1.521075,16.783973,1,13235,1,1,0,0,1,0,0,0,0,0,0,0,0,1
2246,12,fdce3a9c1659ab92,2.18802,16.102289,1,13345,1,0,0,0,0,0,0,0,0,0,0,0,0,1
2247,12,ba4181c05282c159,1.643778,15.575892,1,13137,1,1,0,0,1,0,0,0,0,0,0,0,0,0
2248,12,509a177157437b4c,1.234909,18.659275,1,12877,1,1,0,0,1,0,0,0,0,0,0,0,0,1
2249,12,dd05a46802e2b8cc,1.97282,14.03204,0,12921,1,0,0,0,0,0,0,0,0,0,0,0,0,0
2250,12,a3b73c049d962aba,1.482106,17.499436,1,12973,1,1,0,0,1,0,0,0,0,0,0,0,0,1
2251,12,c59767823f979783,1.113451,16.625517,1,12722,1,1,0,0,1,0,0,0,0,0,0,0,0,0
2252,12,0e906495139299c4,1.880147,15.968974,1,12975,1,0,0,0,0,0,0,0,0,0,0,0,0,1
2253,12,5f9f52d7217194ba,1.413897,12.008896,0,12759,1,1,0,0,0,0,0,0,0,0,0,0,0,0
2254,12,a5c9ee1c2f8da7f3,2.105862,15.979524,1,12345,1,0,0,0,1,0,0,0,0,0,0,0,0,1
2255,12,0a415431177124b2,2.625708,12.004819,0,12253,1,0,0,0,0,0,0,0,0,0,0,0,0,0
2256,12,6e4db7732c2b0420,1.97457,15.988798,1,12003,1,1,0,0,1,0,0,0,0,0,0,0,0,1
2257,12,f33c166d0a828441,2.527074,12.011786,0,11917,1,0,0,0,0,0,0,0,0,0,0,0,0,0
2258,12,a622a0f536635ed4,1.898496,15.981695,1,12432,1,1,0,0,1,0,0,0,0,0,0,0,0,1
2259,12,5175897adbd43335,1.426269,15.485295,1,12524,1,1,0,0,1,0,0,0,0,0,0,0,0,0
2260,12,3165de6716fb4c8a,2.116725,15.125664,1,12308,1,0,0,0,0,0,0,0,0,0,0,0,0,1
2261,12,5de6506e91db9d27,0.546563,14.84219,1,12369,0,1,0,0,1,0,0,0,0,0,0,0,0,0
2262,13,1fd48474a6be9a50,1.454266,18.108072,1,14186,2,1,0,0,1,0,0,0,0,0,0,0,0,1
2263,13,530e0ea8d92a6d51,2.137779,13.617528,0,14015,1,0,0,0,0,0,0,0,0,0,0,0,0,0
2264,13,9d91a06f605c6d81,1.606034,17.188029,1,13981,1,1,0,0,1,0,0,0,0,0,0,0,0,1
2265,13,1bedfd585b1aa4b9,1.206553,16.391568,1,14327,1,1,0,0,1,0,0,0,0,0,0,0,0,0
2266,13,26a9669cba5af3ef,0.906438,15.793217,1,14114,1,1,0,0,0,0,0,0,0,0,0,0,0,1
2267,13,4f55c5e4b2d3c044,1.725805,15.357226,1,14167,1,0,0,0,1,0,0,0,0,0,0,0,0,0
2268,13,429a6cfc04b09590,0.252879,15.016154,1,14187,0,1,0,0,1,0,0,0,0,0,0,0,0,0
2269,13,bfd1095e82cc3b3f,1.233632,14.75992,1,14110,2,1,0,0,0,0,0,0,0,0,0,0,0,1
2270,13,e8a24dfe484cb614,1.971859,18.060673,1,13959,1,0,0,0,1,0,0,0,0,0,0,0,0,1
2271,13,a8eb40163c807ab7,1.481384,17.047153,1,14023,1,1,0,0,1,0,0,0,0,0,0,0,0,0
2272,13,b734eb68cadec0ba,1.112909,19.764578,1,13889,1,1,0,0,1,0,0,0,0,0,0,0,0,1
2273,13,03ed9d518f369873,1.87974,14.848389,0,13905,1,0,0,0,0,0,0,0,0,0,0,0,0,0
2274,13,cd43fcebe8f5e6e6,1.413591,18.127203,1,14000,1,1,0,0,1,0,0,0,0,0,0,0,0,1
2275,13,338e1a6d9a9334b5,2.105632,17.097135,1,13894,1,0,0,0,0,0,0,0,0,0,0,0,0,1
2276,13,f71f04d2a5841727,1.581882,16.323283,1,14165,1,1,0,0,1,0,0,0,0,0,0,0,0,0
2277,13,dab4ff966e399802,2.233749,19.236345,1,13835,2,1,0,0,1,0,0,0,0,0,0,0,0,1
2278,13,339e340883d8ecaf,2.721785,17.930391,1,14055,1,0,0,0,0,0,0,0,0,0,0,0,0,1
2279,13,0f3eea50b2030a66,2.044775,20.0,1,14146,1,1,0,0,1,0,0,0,0,0,0,0,0,1
2280,13,157d3461e0a7f335,1.536163,18.825729,1,13909,1,1,0,0,1,0,0,0,0,0,0,0,0,0
2281,13,f1991b9aba19249f,1.155217,17.637718,1,14103,1,1,0,0,0,0,0,0,0,0,0,0,0,1
2282,13,f0cae4ef532c2023,1.911525,16.729403,1,13961,1,0,0,0,1,0,0,0,0,0,0,0,0,0
2283,13,7630abeab872e6cf,1.436057,19.525864,1,14044,1,1,0,0,1,0,0,0,0,0,0,0,0,1
2284,13,253c29c9cd31f14d,1.079935,20.0,1,13943,1,1,0,0,1,0,0,0,0,0,0,0,0,1
2285,13,1bcd43f2b236da2a,1.854968,20.0,1,13903,2,1,0,0,1,0,0,0,0,0,0,0,0,1
2286,13,190012cb2cd5517d,2.437222,17.443241,0,14013,1,0,0,0,0,0,0,0,0,0,0,0,0,0
2287,13,752285f96761bfac,1.830994,20.0,1,13921,1,1,0,0,1,0,0,0,0,0,0,0,0,1
2288,13,8ce008444b943984,1.376933,18.56752,1,13856,1,1,0,0,1,0,0,0,0,0,0,0,0,0
2289,13,815cbd6616cc478f,1.034438,20.0,1,13863,1,1,0,0,1,0,0,0,0,0,0,0,0,1
2290,13,ea182be542b69bac,1.820788,19.185321,1,14097,1,0,0,0,0,0,0,0,0,0,0,0,0,1
2291,13,98558a7fe6a345e2,1.369259,17.908137,1,13813,1,1,0,0,1,0,0,0,0,0,0,0,0,0
2292,13,ea40987dff05550d,1.028673,20.0,1,14074,1,1,0,0,1,0,0,0,0,0,0,0,0,1
2293,13,bd84d51435d6859a,1.816457,20.0,1,14027,2,1,0,0,1,0,0,0,0,0,0,0,0,1
2294,13,b3773e59edaae1a5,1.364636,20.0,1,14211,1,1,0,0,0,0,0,0,0,0,0,0,0,1
2295,13,5dadae3439224eef,2.070376,20.0,1,13853,1,0,0,0,1,0,0,0,0,0,0,0,0,1
2296,13,bf32681d9402a0dc,1.555396,20.0,1,14011,1,1,0,0,1,0,0,0,0,0,0,0,0,0
2297,13,f7bd4e508f328e99,1.168511,18.605721,1,14033,1,1,0,0,0,0,0,0,0,0,0,0,0,1
2298,13,7c7cf98600a1ae76,1.922888,20.0,1,13870,1,0,0,0,1,0,0,0,0,0,0,0,0,1
2299,13,4330f499d34eea83,1.444594,19.219878,1,13998,1,1,0,0,1,0,0,0,0,0,0,0,0,0
2300,13,574139667abb0c89,1.085269,20.0,1,14090,1,1,0,0,1,0,0,0,0,0,0,0,0,1
2301,13,92baeeda50fe0e26,1.858975,20.0,1,13932,2,1,0,0,1,0,0,0,0,0,0,0,0,1
2302,13,80a0120ed18f2275,2.442127,17.320658,0,13950,1,0,0,0,0,0,0,0,0,0,0,0,0,0
2303,13,8dedeb0367e4f2e3,1.834678,19.970052,1,13941,1,1,0,0,1,0,0,0,0,0,0,0,0,1
2304,13,cce480df118a4b64,1.378325,20.0,1,14063,1,1,0,0,1,0,0,0,0,0,0,0,0,1
2305,13,74af5b71dff1f83a,1.03652,19.995068,1,13883,1,1,0,0,1,0,0,0,0,0,0,0,0,0
2306,13,5a3027c7f942d721,0.778699,20.0,1,13989,1,1,0,0,1,0,0,0,0,0,0,0,0,1
2307,13,a7f28a02bc25ffcb,1.628661,19.991023,1,13848,1,0,0,0,0,0,0,0,0,0,0,0,0,1
2308,13,d5293be15af3da23,2.267205,20.0,1,13999,2,1,0,0,1,0,0,0,0,0,0,0,0,1
2309,13,5fbd520df55a8630,1.704971,20.0,1,13826,1,1,0,0,1,0,0,0,0,0,0,0,0,1
2310,13,3bdfbc512c496928,1.280881,20.0,1,13893,1,1,0,0,1,0,0,0,0,0,0,0,0,0
2311,13,1951e40916662b8e,2.005931,19.348563,1,13978,1,0,0,0,0,0,0,0,0,0,0,0,0,1
2312,13,a0ba5e1a0f5a1c2d,1.508489,20.0,1,13872,1,1,0,0,1,0,0,0,0,0,0,0,0,1
2313,13,c597591453fa9ebc,2.176925,20.0,1,14016,2,1,0,0,1,0,0,0,0,0,0,0,0,1
2314,13,cf0611fcffeec57a,1.635442,20.0,1,13905,1,1,0,0,1,0,0,0,0,0,0,0,0,1
2315,13,ca931cfc3949c763,2.2723,18.274972,0,14082,1,0,0,0,0,0,0,0,0,0,0,0,0,0
2316,13,b4e5a7941d20a8af,1.708802,20.0,1,14109,1,1,0,0,1,0,0,0,0,0,0,0,0,1
2317,13,eae0499212ad45b4,1.283759,19.033018,1,13801,1,1,0,0,1,0,0,0,0,0,0,0,0,0
2318,13,044c207ce1d7c610,0.96444,17.777639,1,13967,1,1,0,0,0,0,0,0,0,0,0,0,0,1
2319,13,5f8c4e99abae2b41,2.813574,20.0,1,13961,2,0,0,0,1,0,0,0,0,0,0,0,0,1
2320,13,262cc59f57771fd3,2.113733,20.0,1,14075,1,1,0,0,1,0,0,0,0,0,0,0,0,1
2321,13,afe7df028eb314b2,1.587968,16.701236,0,14115,1,1,0,0,0,0,0,0,0,0,0,0,0,0
2322,13,84dc78341735dfe9,2.236635,19.504703,1,14017,1,0,0,0,1,0,0,0,0,0,0,0,0,1
2323,13,ec35adbc9bd2a253,1.681981,20.0,1,14005,1,1,0,0,1,0,0,0,0,0,0,0,0,1
2324,13,5ddcfab55913ee74,2.307263,20.0,1,14088,2,1,0,0,1,0,0,0,0,0,0,0,0,1
2325,13,313cc2c20162c678,2.777014,17.43426,0,14026,1,0,0,0,0,0,0,0,0,0,0,0,0,0
2326,13,6a6afdc499c2b9d4,2.088354,20.0,1,14164,1,1,0,0,1,0,0,0,0,0,0,0,0,1
2327,13,7521c447915156b3,1.568902,18.558049,1,13969,1,1,0,0,1,0,0,0,0,0,0,0,0,0
2328,13,90428e5d64d7b1fe,1.178658,17.420813,1,14090,1,1,0,0,0,0,0,0,0,0,0,0,0,1
2329,13,ac71c198b11cd18d,1.929135,16.56645,1,14113,1,0,0,0,1,0,0,0,0,0,0,0,0,0
2330,13,0590b15e4575ce7b,1.450737,19.41921,1,13990,1,1,0,0,1,0,0,0,0,0,0,0,0,1
2331,13,8aff38744727ae3b,2.133538,20.0,1,14163,2,1,0,0,1,0,0,0,0,0,0,0,0,1
2332,13,e1342d5b9e0cbffe,2.6465,16.187167,0,14179,1,0,0,0,0,0,0,0,0,0,0,0,0,0
2333,13,faf46b990c8af894,1.990206,19.133984,1,14082,1,1,0,0,1,0,0,0,0,0,0,0,0,1
2334,13,b10a7ae98c7ccc2c,1.495167,20.0,1,14264,1,1,0,0,1,0,0,0,0,0,0,0,0,1
2335,13,90bcce8be493b476,2.166917,16.026186,0,14100,1,0,0,0,0,0,0,0,0,0,0,0,0,0
2336,13,60a1d1ce04cffebb,1.627924,18.997564,1,14166,1,1,0,0,1,0,0,0,0,0,0,0,0,1
2337,13,9ef90dc35f553699,2.268372,20.0,1,14127,2,1,0,0,1,0,0,0,0,0,0,0,0,1
2338,13,988c6246d9d7d6eb,2.747797,19.441253,1,14095,1,0,0,0,0,0,0,0,0,0,0,0,0,1
2339,13,e9ea508e2f50783f,2.064317,18.084331,1,14135,1,1,0,0,1,0,0,0,0,0,0,0,0,0
2340,13,6803561a8022a4a0,1.552396,20.0,1,14153,1,1,0,0,1,0,0,0,0,0,0,0,0,1
2341,13,d82e2a1b722eddbc,2.20991,15.446469,0,14212,1,0,0,0,0,0,0,0,0,0,0,0,0,0
2342,13,29c3b3aa3b1cada4,1.660223,18.562044,1,14274,1,1,0,0,1,0,0,0,0,0,0,0,0,1
2343,13,bd0d0b43c6e3178c,1.247263,20.0,1,14239,1,1,0,0,1,0,0,0,0,0,0,0,0,1
2344,13,addb792200e55a76,3.026261,19.199599,1,14207,2,0,0,0,0,0,0,0,0,0,0,0,0,1
2345,13,f9d203ddd67143d1,2.273517,17.902785,1,14226,1,1,0,0,1,0,0,0,0,0,0,0,0,0
2346,13,9b668065475ae05a,1.708008,20.0,1,14403,1,1,0,0,1,0,0,0,0,0,0,0,0,1
2347,13,b1553a2c9d11491b,2.328597,18.827144,1,14436,1,0,0,0,0,0,0,0,0,0,0,0,0,1
2348,13,b2685704ce56dbf8,1.749388,17.622974,1,14457,1,1,0,0,1,0,0,0,0,0,0,0,0,0
2349,13,cfafef027785f148,2.357903,16.718326,1,14391,1,0,0,0,0,0,0,0,0,0,0,0,0,1
2350,13,64e4c480cb1b181e,1.771404,16.038698,1,14634,1,1,0,0,1,0,0,0,0,0,0,0,0,0
2351,13,7ee1e2f37de87e6a,1.332121,15.541831,1,14284,1,1,0,0,0,0,0,0,0,0,0,0,0,1
2352,13,bb335eb9a9a763a4,2.044426,15.154841,1,14334,1,0,0,0,1,0,0,0,0,0,0,0,0,0
2353,13,0fa3f8bff32213c1,1.535901,18.342955,1,14287,1,1,0,0,1,0,0,0,0,0,0,0,0,1
2354,13,24c2fb866adefc4a,2.19917,20.0,1,14035,2,1,0,0,1,0,0,0,0,0,0,0,0,1
2355,13,dd0bd3e67ab11c31,2.695808,19.071425,1,14203,1,0,0,0,0,0,0,0,0,0,0,0,0,1
2356,13,c6c9b0f8b4506f3e,2.025259,17.806494,1,14134,1,1,0,0,1,0,0,0,0,0,0,0,0,0
2357,13,aff6f4a1abb08a4b,1.521502,20.0,1,14258,1,1,0,0,1,0,0,0,0,0,0,0,0,1
2358,13,723fa851fc413d56,1.144191,18.772743,1,14092,1,1,0,0,1,0,0,0,0,0,0,0,0,0
2359,13,471a06b83de448bc,0.859588,17.582105,1,14073,1,1,0,0,0,0,0,0,0,0,0,0,0,1
2360,13,50c3eb0a0766bc4d,1.68943,16.687622,1,14142,1,0,0,0,1,0,0,0,0,0,0,0,0,0
2361,13,84246d0ce84f795a,1.270475,19.510333,1,14146,1,1,0,0,1,0,0,0,0,0,0,0,0,1
2362,13,81cb80826c9cde6d,0.95446,18.136229,1,14001,1,1,0,0,1,0,0,0,0,0,0,0,0,0
2363,13,df7a4b8304b845f9,0.71705,20.0,1,14177,1,1,0,0,1,0,0,0,0,0,0,0,0,1
2364,13,511afb63746af33a,0.538693,15.463058,0,14130,1,1,0,0,0,0,0,0,0,0,0,0,0,0
2365,13,e90078e6257eef07,1.449255,18.589443,1,13941,1,0,0,0,1,0,0,0,0,0,0,0,0,1
2366,13,87118e9185450adf,1.088771,20.0,1,14054,1,1,0,0,1,0,0,0,0,0,0,0,0,1
2367,13,99660e4c5f39c7d5,1.861607,20.0,1,14013,2,1,0,0,1,0,0,0,0,0,0,0,0,1
2368,13,855c59113a6b9412,2.444105,17.053081,0,13466,1,0,0,0,0,0,0,0,0,0,0,0,0,0
2369,13,e9e6bd18f5733516,1.836165,19.769031,1,13207,1,1,0,0,1,0,0,0,0,0,0,0,0,1
2370,13,89dc5f9c34aa8a37,1.379442,18.330579,1,13225,1,1,0,0,1,0,0,0,0,0,0,0,0,0
2371,13,1f2a8662438c87e0,1.036323,20.0,1,13713,1,1,0,0,1,0,0,0,0,0,0,0,0,1
2372,13,44248020b30f5e37,1.82348,19.06883,1,13635,1,0,0,0,0,0,0,0,0,0,0,0,0,1
2373,13,ccfbb9ca61e901bb,1.369913,17.804544,1,13324,1,1,0,0,1,0,0,0,0,0,0,0,0,0
2374,13,c1727fc601bf3708,1.029164,20.0,1,13629,1,1,0,0,1,0,0,0,0,0,0,0,0,1
2375,13,f82a4a6b477e9ab2,1.818097,20.0,1,13343,2,1,0,0,1,0,0,0,0,0,0,0,0,1
2376,13,d0858715cfb5a9a5,1.365868,20.0,1,13530,1,1,0,0,1,0,0,0,0,0,0,0,0,1
2377,13,73d3c0fa442c8739,2.069779,20.0,1,13599,1,0,0,0,0,0,0,0,0,0,0,0,0,1
2378,13,4cbc716514f0fd8f,1.554948,19.454374,1,13525,1,1,0,0,1,0,0,0,0,0,0,0,0,0
2379,13,19cdd5bbc16a0367,1.169343,20.0,1,13634,1,1,0,0,1,0,0,0,0,0,0,0,0,1
2380,13,888683a4ba7db3b8,1.922137,19.699333,1,13785,1,0,0,0,0,0,0,0,0,0,0,0,0,1
2381,13,51d268e27a0c77c6,1.44403,18.278217,1,13565,1,1,0,0,1,0,0,0,0,0,0,0,0,0
2382,13,0da9cb9f2cef4df0,2.130081,20.0,1,13609,2,1,0,0,1,0,0,0,0,0,0,0,0,1
2383,13,b1c4b74d235d380a,1.60025,20.0,1,13699,1,1,0,0,1,0,0,0,0,0,0,0,0,1
2384,13,35bc761428654bf1,1.202208,20.0,1,13932,1,1,0,0,1,0,0,0,0,0,0,0,0,1
2385,13,40a6f885964371d2,1.946828,17.933681,0,13787,1,0,0,0,0,0,0,0,0,0,0,0,0,0
2386,13,004a0f1c3d9c7ec1,1.464042,20.0,1,13848,1,1,0,0,1,0,0,0,0,0,0,0,0,1
2387,13,57a8215a47cd65c9,1.09988,18.840202,1,13848,1,1,0,0,1,0,0,0,0,0,0,0,0,0
2388,13,e5307e1506744cf0,1.869952,17.632784,1,13848,1,0,0,0,0,0,0,0,0,0,0,0,0,1
2389,13,af6cf7ba77acb31c,1.406231,16.740607,1,13871,1,1,0,0,1,0,0,0,0,0,0,0,0,0
2390,13,e75ffd3b79cbc3fe,1.056449,19.534281,1,13825,1,1,0,0,1,0,0,0,0,0,0,0,0,1
2391,13,618037fe03149b0f,1.837324,20.0,1,13808,2,1,0,0,1,0,0,0,0,0,0,0,0,1
2392,13,c7c8b9e76ac6f376,1.380313,19.730957,1,13949,1,1,0,0,1,0,0,0,0,0,0,0,0,0
2393,13,b84ab68b218af8fe,1.038015,20.0,1,13756,1,1,0,0,1,0,0,0,0,0,0,0,0,1
2394,13,19c7606633ccb703,1.823475,16.376747,0,13786,1,0,0,0,0,0,0,0,0,0,0,0,0,0
2395,13,7e4a31a5a8782e2f,1.369909,19.260927,1,13795,1,1,0,0,1,0,0,0,0,0,0,0,0,1
2396,13,c0d75b6e2cb62c0b,1.030191,20.0,1,13875,1,1,0,0,1,0,0,0,0,0,0,0,0,1
2397,13,bf996fafa960607b,0.773944,19.590043,1,13848,1,1,0,0,1,0,0,0,0,0,0,0,0,0
2398,13,8000b8d1a6305cee,0.581435,18.196112,1,13848,1,1,0,0,0,0,0,0,0,0,0,0,0,1
2399,13,ecdf58baf0f6ee4e,2.524117,20.0,1,13790,2,0,0,0,1,0,0,0,0,0,0,0,0,1
2400,13,9c8bfb98c14d6ba9,1.898172,18.992862,1,13863,1,1,0,0,1,0,0,0,0,0,0,0,0,0
2401,13,dcf1ee1dec3cd8ef,1.426026,20.0,1,13852,1,1,0,0,1,0,0,0,0,0,0,0,0,1
2402,13,f92777b7794fb720,2.114973,19.425382,1,14010,1,0,0,0,0,0,0,0,0,0,0,0,0,1
2403,13,a4ac73f817464b9d,1.59049,18.088666,1,14020,1,1,0,0,1,0,0,0,0,0,0,0,0,0
2404,13,1b53ac7150e1a61c,2.238529,20.0,1,14089,2,1,0,0,1,0,0,0,0,0,0,0,0,1
2405,13,6a60be2beec9faea,1.681723,20.0,1,14139,1,1,0,0,1,0,0,0,0,0,0,0,0,1
2406,13,b666151254508d0e,2.307069,20.0,1,14176,1,0,0,0,0,0,0,0,0,0,0,0,0,1
2407,13,ca25d431ed80dda5,1.734949,18.748306,1,14148,1,1,0,0,1,0,0,0,0,0,0,0,0,0
2408,13,02bdd2d7d5015ced,1.303402,20.0,1,14212,1,1,0,0,1,0,0,0,0,0,0,0,0,1
2409,13,663e30c8bbbdcf15,2.022851,15.808512,0,14305,1,0,0,0,0,0,0,0,0,0,0,0,0,0
2410,13,88944a25d078a166,1.521213,18.849229,1,14260,1,1,0,0,1,0,0,0,0,0,0,0,0,1
2411,13,955899c506057723,2.186483,20.0,1,14301,2,1,0,0,1,0,0,0,0,0,0,0,0,1
2412,13,065cf94428147bfa,2.686277,19.344317,1,14300,1,0,0,0,0,0,0,0,0,0,0,0,0,1
2413,13,004be452ed84eaaa,2.018099,18.011507,1,14088,1,1,0,0,1,0,0,0,0,0,0,0,0,0
2414,13,ed29b52fdfffef5d,1.517639,20.0,1,14166,1,1,0,0,1,0,0,0,0,0,0,0,0,1
2415,13,9466d34ff80a7f50,1.140146,18.88417,1,14182,1,1,0,0,1,0,0,0,0,0,0,0,0,0
2416,13,b0ffc4c8ed03a4ac,1.900202,17.665816,1,14187,1,0,0,0,0,0,0,0,0,0,0,0,0,1
2417,13,8af50ae6b3278f7c,1.428979,20.0,1,13951,1,1,0,0,1,0,0,0,0,0,0,0,0,1
2418,13,2c6ee613a41c1c94,1.073539,15.210024,0,14304,1,1,0,0,0,0,0,0,0,0,0,0,0,0
2419,13,66469db9a2776722,2.893816,18.384412,1,14294,2,0,0,0,1,0,0,0,0,0,0,0,0,1
2420,13,6780db5ee5c664cb,2.174016,20.0,1,14311,1,1,0,0,1,0,0,0,0,0,0,0,0,1
2421,13,ab3dc6d2da30ef85,1.634891,20.0,1,14260,1,1,0,0,1,0,0,0,0,0,0,0,0,1
2422,13,1bcead1ead7550a3,2.271886,20.0,1,14264,1,0,0,0,0,0,0,0,0,0,0,0,0,1
2423,13,2ffbc17a66855630,1.706783,18.836278,1,14149,1,1,0,0,1,0,0,0,0,0,0,0,0,0
2424,13,af0639c70bcc98f9,1.283525,17.645651,1,13964,1,1,0,0,0,0,0,0,0,0,0,0,0,1
2425,13,e6114d523ca6cd06,3.051571,20.0,1,13931,2,0,0,0,1,0,0,0,0,0,0,0,0,1
2426,13,93d2db69219a9416,2.292531,20.0,1,14072,1,1,0,0,1,0,0,0,0,0,0,0,0,1
2427,13,bc8f013cef7b31d6,2.765946,20.0,1,14152,1,0,0,0,0,0,0,0,0,0,0,0,0,1
2428,13,21a8398e5f9d829d,2.080031,18.607046,1,14014,1,1,0,0,1,0,0,0,0,0,0,0,0,0
2429,13,de2edf6cf2984000,2.606303,17.457622,1,14286,1,0,0,0,0,0,0,0,0,0,0,0,0,1
2430,13,e02c9286f9f4ef90,1.958018,16.594104,1,14173,1,1,0,0,1,0,0,0,0,0,0,0,0,0
2431,13,f55af22ad41f95df,2.516608,15.959504,1,14040,1,0,0,0,0,0,0,0,0,0,0,0,0,1
2432,13,cc978a7f98cf7016,1.890633,15.468623,1,14259,1,1,0,0,1,0,0,0,0,0,0,0,0,0
2433,13,2bff42f374a83beb,2.464016,18.578688,1,14127,2,1,0,0,1,0,0,0,0,0,0,0,0,1
2434,13,7231c96a80d0d8cd,2.894776,17.436318,1,14100,1,0,0,0,0,0,0,0,0,0,0,0,0,1
2435,13,ab7294611b3be90d,2.176913,20.0,1,14054,1,1,0,0,1,0,0,0,0,0,0,0,0,1
2436,13,4be0051077acec50,2.679087,15.080367,0,14000,1,0,0,0,0,0,0,0,0,0,0,0,0,0
2437,13,bcb6480adc97bee4,2.012698,18.287005,1,14215,1,1,0,0,1,0,0,0,0,0,0,0,0,1
2438,13,b2773cdfee038acb,1.513577,17.23259,1,14272,1,1,0,0,1,0,0,0,0,0,0,0,0,0
2439,13,4a255ef6e890d206,2.180747,16.425045,1,14063,1,0,0,0,0,0,0,0,0,0,0,0,0,1
2440,14,1fd48474a6be9a50,1.638314,19.297212,1,14167,1,1,0,0,1,0,0,0,0,0,0,0,0,1
2441,14,530e0ea8d92a6d51,1.230804,14.497274,0,13926,1,1,0,0,0,0,0,0,0,0,0,0,0,0
2442,14,9d91a06f605c6d81,3.013883,17.86316,1,14091,2,0,0,0,1,0,0,0,0,0,0,0,0,1
2443,14,1bedfd585b1aa4b9,1.220564,20.0,1,14358,0,1,0,0,1,0,0,0,0,0,0,0,0,1
2444,14,26a9669cba5af3ef,1.960618,20.0,1,14094,2,1,0,0,1,0,0,0,0,0,0,0,0,1
2445,14,4f55c5e4b2d3c044,2.518563,16.744822,0,14125,1,0,0,0,0,0,0,0,0,0,0,0,0,0
2446,14,429a6cfc04b09590,1.892102,19.537448,1,14187,1,1,0,0,1,0,0,0,0,0,0,0,0,1
2447,14,bfd1095e82cc3b3f,2.465119,14.677754,0,14104,1,0,0,0,0,0,0,0,0,0,0,0,0,0
2448,14,e8a24dfe484cb614,0.808298,14.505692,1,14098,0,1,0,0,1,0,0,0,0,0,0,0,0,0
2449,14,a8eb40163c807ab7,1.652002,17.869491,1,13748,2,1,0,0,1,0,0,0,0,0,0,0,0,1
2450,14,b734eb68cadec0ba,1.241088,20.0,1,14069,1,1,0,0,1,0,0,0,0,0,0,0,0,1
2451,14,03ed9d518f369873,1.976036,18.791357,1,13958,1,0,0,0,0,0,0,0,0,0,0,0,0,1
2452,14,cd43fcebe8f5e6e6,1.486007,17.61187,1,13921,1,1,0,0,1,0,0,0,0,0,0,0,0,0
2453,14,338e1a6d9a9334b5,1.116382,20.0,1,13876,1,1,0,0,1,0,0,0,0,0,0,0,0,1
2454,14,f71f04d2a5841727,1.882349,15.167112,0,13984,1,0,0,0,0,0,0,0,0,0,0,0,0,0
2455,14,dab4ff966e399802,1.414139,18.352173,1,14071,1,1,0,0,1,0,0,0,0,0,0,0,0,1
2456,14,339e340883d8ecaf,1.063452,20.0,1,13962,1,1,0,0,1,0,0,0,0,0,0,0,0,1
2457,14,0f3eea50b2030a66,0.798932,20.0,1,14075,1,1,0,0,1,0,0,0,0,0,0,0,0,1
2458,14,157d3461e0a7f335,1.643861,16.945088,0,14064,1,0,0,0,0,0,0,0,0,0,0,0,0,0
2459,14,f1991b9aba19249f,1.236207,19.703951,1,13854,1,1,0,0,1,0,0,0,0,0,0,0,0,1
2460,14,f0cae4ef532c2023,0.928716,18.281686,1,14012,1,1,0,0,1,0,0,0,0,0,0,0,0,0
2461,14,7630abeab872e6cf,1.741363,17.213192,1,14043,1,0,0,0,0,0,0,0,0,0,0,0,0,1
2462,14,253c29c9cd31f14d,1.308221,16.410472,1,14032,1,1,0,0,1,0,0,0,0,0,0,0,0,0
2463,14,1bcd43f2b236da2a,0.983801,19.301912,1,13904,1,1,0,0,1,0,0,0,0,0,0,0,0,1
2464,14,190012cb2cd5517d,0.739093,17.97965,1,13973,1,1,0,0,1,0,0,0,0,0,0,0,0,0
2465,14,752285f96761bfac,0.555253,20.0,1,13874,1,1,0,0,1,0,0,0,0,0,0,0,0,1
2466,14,8ce008444b943984,0.417558,18.870569,1,13980,1,1,0,0,1,0,0,0,0,0,0,0,0,0
2467,14,815cbd6616cc478f,1.357349,17.655598,1,13900,1,0,0,0,0,0,0,0,0,0,0,0,0,1
2468,14,ea182be542b69bac,1.019726,20.0,1,13951,1,1,0,0,1,0,0,0,0,0,0,0,0,1
2469,14,98558a7fe6a345e2,0.766082,18.670637,1,13832,1,1,0,0,1,0,0,0,0,0,0,0,0,0
2470,14,ea40987dff05550d,0.576104,20.0,1,14056,1,1,0,0,1,0,0,0,0,0,0,0,0,1
2471,14,bd84d51435d6859a,0.432806,20.0,1,13902,1,1,0,0,1,0,0,0,0,0,0,0,0,1
2472,14,b3773e59edaae1a5,1.368804,20.0,1,14039,1,0,0,0,0,0,0,0,0,0,0,0,0,1
2473,14,ef03f0f6b8ee73d8,2.073511,18.941237,1,14062,2,1,0,0,1,0,0,0,0,0,0,0,0,0
2474,14,5b5e71f08e7b859a,1.557751,20.0,1,14107,1,1,0,0,1,0,0,0,0,0,0,0,0,1
2475,14,74c8ee075a14494b,1.17028,20.0,1,13819,1,1,0,0,1,0,0,0,0,0,0,0,0,1
2476,14,2db1e7caff6c7193,1.922841,20.0,1,14004,1,0,0,0,0,0,0,0,0,0,0,0,0,1
2477,14,f8298b588a1d819b,1.446004,19.020158,1,13886,1,1,0,0,1,0,0,0,0,0,0,0,0,0
2478,14,c33422a156a65495,1.086329,20.0,1,14021,1,1,0,0,1,0,0,0,0,0,0,0,0,1
2479,14,67675728d602d91d,0.816118,20.0,1,14104,1,1,0,0,1,0,0,0,0,0,0,0,0,1
2480,14,0fbb313bc3acb09f,0.613732,20.0,1,13903,1,1,0,0,1,0,0,0,0,0,0,0,0,0
2481,14,0433c0352374962e,2.548381,19.042295,1,13892,2,0,0,0,0,0,0,0,0,0,0,0,0,1
2482,14,82139217e3d3c37e,1.914503,20.0,1,14068,1,1,0,0,1,0,0,0,0,0,0,0,0,1
2483,14,67c0f5ab729a15db,1.438295,19.453282,1,13859,1,1,0,0,1,0,0,0,0,0,0,0,0,0
2484,14,5ca54fe8b527b909,1.081618,20.0,1,14049,1,1,0,0,1,0,0,0,0,0,0,0,0,1
2485,14,37711dbb721070dd,0.812579,19.698716,1,13912,1,1,0,0,0,0,0,0,0,0,0,0,0,1
2486,14,4c07353b12ddaa1c,1.654114,18.277754,1,13972,1,0,0,0,1,0,0,0,0,0,0,0,0,0
2487,14,89d565ff7b51dafa,1.243917,20.0,1,13868,1,1,0,0,1,0,0,0,0,0,0,0,0,1
2488,14,a465d8a380f823a0,0.934508,19.034589,1,13849,1,1,0,0,1,0,0,0,0,0,0,0,0,0
2489,14,bfa25ee87f069a13,0.702061,17.77882,1,14049,1,1,0,0,0,0,0,0,0,0,0,0,0,1
2490,14,b9a1d420ef9928a4,1.571086,20.0,1,13743,1,0,0,0,1,0,0,0,0,0,0,0,0,1
2491,14,e4bda5eede26b424,2.225629,18.757109,1,14032,2,1,0,0,1,0,0,0,0,0,0,0,0,0
2492,14,799efb9142cfb760,1.672032,20.0,1,13996,1,1,0,0,1,0,0,0,0,0,0,0,0,1
2493,14,ed81fcbadbd00d60,2.299789,19.292324,1,14089,1,0,0,0,0,0,0,0,0,0,0,0,0,1
2494,14,c7014b238bc4027b,1.729474,20.0,1,14069,1,1,0,0,1,0,0,0,0,0,0,0,0,1
2495,14,9209e303023c528a,2.342942,20.0,1,13900,2,1,0,0,1,0,0,0,0,0,0,0,0,1
2496,14,bf1e7e86fac04411,1.760165,17.344119,0,14035,1,1,0,0,0,0,0,0,0,0,0,0,0,0
2497,14,17f0c877ea9aae17,2.366,19.987677,1,13904,1,0,0,0,1,0,0,0,0,0,0,0,0,1
2498,14,1eecdd2d4ae6f253,1.779265,20.0,1,13855,1,1,0,0,1,0,0,0,0,0,0,0,0,1
2499,14,fae87ca8f93f4b38,1.336696,20.0,1,14008,1,1,0,0,1,0,0,0,0,0,0,0,0,1
2500,14,ca5aa0272cac9717,1.004209,20.0,1,14080,1,1,0,0,1,0,0,0,0,0,0,0,0,0
2501,14,383c3a634b8249ca,1.79933,19.36161,1,13875,1,0,0,0,0,0,0,0,0,0,0,0,0,1
2502,14,662814a050cefa9f,2.395423,20.0,1,13889,2,1,0,0,1,0,0,0,0,0,0,0,0,1
2503,14,cee691eb38681aff,1.799592,20.0,1,14010,1,1,0,0,1,0,0,0,0,0,0,0,0,1
2504,14,b1d73b7f9848b7fe,1.351966,20.0,1,13949,1,1,0,0,1,0,0,0,0,0,0,0,0,1
2505,14,81ca135c74ecc980,2.060848,18.289837,0,13773,1,0,0,0,0,0,0,0,0,0,0,0,0,0
2506,14,3be0b65ab8fdefe1,1.548238,20.0,1,13838,1,1,0,0,1,0,0,0,0,0,0,0,0,1
2507,14,18211b07f5208b8a,2.206787,20.0,1,13795,2,1,0,0,1,0,0,0,0,0,0,0,0,1
2508,14,15813e1fd739b215,2.703686,16.925918,0,13878,1,0,0,0,0,0,0,0,0,0,0,0,0,0
2509,14,dfce7687d860af37,2.031178,19.673498,1,13906,1,1,0,0,1,0,0,0,0,0,0,0,0,1
2510,14,86893995d58bfbd6,1.525948,20.0,1,14026,1,1,0,0,1,0,0,0,0,0,0,0,0,1
2511,14,85e98c7e99f1cac8,2.190041,16.330686,0,13793,1,0,0,0,0,0,0,0,0,0,0,0,0,0
2512,14,5e8c48f384765fd7,1.646942,19.241912,1,13888,1,1,0,0,1,0,0,0,0,0,0,0,0,1
2513,14,e300a801df3d6d86,2.280939,17.934574,1,13825,2,1,0,0,0,0,0,0,0,0,0,0,0,1
2514,14,8d1619abddd3d114,2.757238,20.0,1,13917,1,0,0,0,1,0,0,0,0,0,0,0,0,1
2515,14,a3614d043fd9dcd2,2.073482,18.845103,1,13968,1,1,0,0,0,0,0,0,0,0,0,0,0,1
2516,14,cb581d3857e4fad5,3.645036,17.636466,1,13967,2,0,0,0,1,0,0,0,0,0,0,0,0,0
2517,14,b70a28a23c57229b,2.73838,20.0,1,13971,1,1,0,0,1,0,0,0,0,0,0,0,0,1
2518,14,d9bb782a96eed06b,2.057242,20.0,1,13930,1,1,0,0,1,0,0,0,0,0,0,0,0,1
2519,14,d6586e229bdcafef,2.591226,16.648605,0,13908,1,0,0,0,0,0,0,0,0,0,0,0,0,0
2520,14,38e915bcb37dbc32,1.946691,19.465164,1,13978,1,1,0,0,1,0,0,0,0,0,0,0,0,1
2521,14,a4837e74142c511e,2.50613,14.62345,0,14027,1,0,0,0,0,0,0,0,0,0,0,0,0,0
2522,14,1561318a2cabaaa2,1.884645,17.958046,1,13947,1,1,0,0,1,0,0,0,0,0,0,0,0,1
2523,14,660c3a5967c64bf1,3.50317,16.970053,1,13893,2,0,0,0,0,0,0,0,0,0,0,0,0,1
2524,14,5d8aaf760c990c2a,2.631801,16.227811,1,13930,1,1,0,0,1,0,0,0,0,0,0,0,0,0
2525,14,4e1f0f9435993f00,1.977174,19.149037,1,13875,1,1,0,0,1,0,0,0,0,0,0,0,0,1
2526,14,36666632dd281844,2.531013,14.400349,0,13827,1,0,0,0,0,0,0,0,0,0,0,0,0,0
2527,14,4397969a21d3bc4f,1.901456,17.776133,1,14024,1,1,0,0,1,0,0,0,0,0,0,0,0,1
2528,14,e7d78d80a862534a,1.428493,13.354544,0,13849,1,1,0,0,0,0,0,0,0,0,0,0,0,0
2529,14,8a148944508e3cf8,2.118397,17.003811,1,13789,1,0,0,0,1,0,0,0,0,0,0,0,0,1
2530,14,6c5e111229163437,1.591473,16.253172,1,13515,1,1,0,0,1,0,0,0,0,0,0,0,0,0
2531,14,ba8841c9c19502b1,1.195614,15.689245,1,13694,1,1,0,0,0,0,0,0,0,0,0,0,0,1
2532,14,245ad75c33c1c5b6,1.941873,15.265588,1,13776,1,0,0,0,1,0,0,0,0,0,0,0,0,0
2533,14,525b6810f4e31690,1.460316,18.440943,1,13869,1,1,0,0,1,0,0,0,0,0,0,0,0,1
2534,14,ad35f1b018a11d13,1.097081,17.332836,1,13889,1,1,0,0,1,0,0,0,0,0,0,0,0,0
2535,14,c277e1074930b4d1,1.867849,16.500356,1,13896,1,0,0,0,0,0,0,0,0,0,0,0,0,1
2536,14,62b4e890cdefbe6a,1.404649,15.889005,1,13863,1,1,0,0,1,0,0,0,0,0,0,0,0,0
2537,14,e4f75db643d598b7,1.055261,18.894504,1,14004,1,1,0,0,1,0,0,0,0,0,0,0,0,1
2538,14,cd1814f00dd9d4c9,1.836431,14.194735,0,13764,1,0,0,0,0,0,0,0,0,0,0,0,0,0
2539,14,a6fd9f1fcc63c592,1.379642,17.621663,1,13696,1,1,0,0,1,0,0,0,0,0,0,0,0,1
2540,14,d9970d849c2cd359,1.037511,16.732243,1,13744,1,1,0,0,1,0,0,0,0,0,0,0,0,0
2541,14,ed7384511cb4feb7,0.779443,19.527998,1,13579,1,1,0,0,1,0,0,0,0,0,0,0,0,1
2542,14,38b565cbcded0ee7,1.62922,14.670655,0,13666,1,0,0,0,0,0,0,0,0,0,0,0,0,0
2543,14,da299a1f18dbb076,1.225196,17.993545,1,13767,1,1,0,0,1,0,0,0,0,0,0,0,0,1
2544,14,cc06a27c8f7c0b9a,0.920444,16.996722,1,13685,1,1,0,0,1,0,0,0,0,0,0,0,0,0
2545,14,70c5553916a9ec10,0.691495,19.726691,1,13782,1,1,0,0,1,0,0,0,0,0,0,0,0,1
2546,14,b92aa1e7dfef7e0f,1.563148,14.819925,0,13668,1,0,0,0,0,0,0,0,0,0,0,0,0,0
2547,14,32da3616981a64d6,1.17551,18.105799,1,13710,1,1,0,0,1,0,0,0,0,0,0,0,0,1
2548,14,5ce9d073150c7fec,0.883116,13.60221,0,13738,1,1,0,0,0,0,0,0,0,0,0,0,0,0
2549,14,31ea2098222dda4b,1.707106,17.176521,1,13805,1,0,0,0,1,0,0,0,0,0,0,0,0,1
2550,14,57ece583ab11a61a,1.283768,16.39749,1,13667,1,1,0,0,1,0,0,0,0,0,0,0,0,0
2551,14,eb849129bd5cc271,0.964447,19.27651,1,13661,1,1,0,0,1,0,0,0,0,0,0,0,0,1
2552,14,185b14ebde695980,1.768206,14.481722,0,13585,1,0,0,0,0,0,0,0,0,0,0,0,0,0
2553,14,a63e52348e115266,1.328387,17.837265,1,13742,1,1,0,0,1,0,0,0,0,0,0,0,0,1
2554,14,b4290370a203ce6f,0.998966,20.0,1,13422,1,1,0,0,1,0,0,0,0,0,0,0,0,1
2555,14,23248fda9f400b9e,1.794139,15.306886,0,13712,1,0,0,0,0,0,0,0,0,0,0,0,0,0
2556,14,355a8bd9aca035a6,2.391523,18.457181,1,13725,2,1,0,0,1,0,0,0,0,0,0,0,0,1
2557,14,481cbad08152f8d0,1.798459,17.360565,1,13431,1,1,0,0,0,0,0,0,0,0,0,0,0,1
2558,14,cd49e4825720a7c5,2.394769,16.521188,1,13424,1,0,0,0,1,0,0,0,0,0,0,0,0,0
2559,14,1b5e2e7e746bf5e7,1.7991,19.36944,1,13618,1,1,0,0,1,0,0,0,0,0,0,0,0,1
2560,14,0da4a7c234f82be9,1.351597,20.0,1,13437,1,1,0,0,1,0,0,0,0,0,0,0,0,1
2561,14,e514c070df0f175c,1.01642,19.655746,1,13622,1,1,0,0,1,0,0,0,0,0,0,0,0,0
2562,14,92a451b0b4c59df0,1.807252,18.245471,1,13580,1,0,0,0,0,0,0,0,0,0,0,0,0,1
2563,14,4f90b5b3ff25a0dc,2.401374,20.0,1,13641,2,1,0,0,1,0,0,0,0,0,0,0,0,1
2564,14,498e991e871ad8ff,1.805867,19.020748,1,13593,1,1,0,0,0,0,0,0,0,0,0,0,0,1
2565,14,d01f2eeea99c73c0,2.400334,17.768422,1,13615,1,0,0,0,1,0,0,0,0,0,0,0,0,0
2566,14,f94c84e53288c031,1.803281,20.0,1,13649,1,1,0,0,1,0,0,0,0,0,0,0,0,1
2567,14,80cb97b0f9b6f28d,1.354738,18.734314,1,13625,1,1,0,0,1,0,0,0,0,0,0,0,0,0
2568,14,ad75d928bcec0a76,2.062933,17.568973,1,13519,1,0,0,0,0,0,0,0,0,0,0,0,0,1
2569,14,0321dac97e30fa51,1.549804,20.0,1,13473,1,1,0,0,1,0,0,0,0,0,0,0,0,1
2570,14,3cba4131db78011b,1.16431,18.621746,1,13457,1,1,0,0,1,0,0,0,0,0,0,0,0,0
2571,14,dfc1dfd166be4118,0.875578,20.0,1,13506,1,1,0,0,1,0,0,0,0,0,0,0,0,1
2572,14,311738e65f55fbb9,0.657789,20.0,1,13400,1,1,0,0,1,0,0,0,0,0,0,0,0,1
2573,14,47052bb7d466b9cd,1.537825,17.059503,0,13333,1,0,0,0,0,0,0,0,0,0,0,0,0,0
2574,14,49bab70b85936bf8,1.155311,19.773856,1,13261,1,1,0,0,1,0,0,0,0,0,0,0,0,1
2575,14,269c3828c974022c,0.86881,18.350723,1,13113,1,1,0,0,1,0,0,0,0,0,0,0,0,0
2576,14,5cfbb9c8f4b0d23c,0.652705,17.265057,1,13122,1,1,0,0,0,0,0,0,0,0,0,0,0,1
2577,14,c54f315cc56e74eb,1.534006,16.449436,1,13004,1,0,0,0,1,0,0,0,0,0,0,0,0,0
2578,14,f0823e845fb50855,1.153594,19.331214,1,13086,1,1,0,0,1,0,0,0,0,0,0,0,0,1
2579,14,653386780ab5b5d0,1.910306,20.0,1,12815,2,1,0,0,1,0,0,0,0,0,0,0,0,1
2580,14,893109b53b610599,1.435141,20.0,1,12650,1,1,0,0,1,0,0,0,0,0,0,0,0,1
2581,14,5258bc716d22ba3e,2.121821,20.0,1,12898,1,0,0,0,0,0,0,0,0,0,0,0,0,1
2582,14,b1e44d83bb0f1646,1.59564,19.144506,1,12784,1,1,0,0,1,0,0,0,0,0,0,0,0,0
2583,14,607fb9beb7f9e44f,1.198745,20.0,1,12988,1,1,0,0,1,0,0,0,0,0,0,0,0,1
2584,14,daec6e00c2d99a07,0.900572,20.0,1,13023,1,1,0,0,1,0,0,0,0,0,0,0,0,1
2585,14,658b74788c131940,1.721393,17.288668,0,13125,1,0,0,0,0,0,0,0,0,0,0,0,0,0
2586,14,8386adfb031c592c,1.293219,19.946019,1,13163,1,1,0,0,1,0,0,0,0,0,0,0,0,1
2587,14,7ab3313993b3c74f,0.971547,18.463543,1,13143,1,1,0,0,1,0,0,0,0,0,0,0,0,0
2588,14,c588a6b5240198a8,1.77354,17.349814,1,13276,1,0,0,0,0,0,0,0,0,0,0,0,0,1
2589,14,e3c320a0f39bb143,1.333727,20.0,1,13194,1,1,0,0,1,0,0,0,0,0,0,0,0,1
2590,14,9f1843c5a2925704,2.045633,18.510341,1,13258,2,1,0,0,1,0,0,0,0,0,0,0,0,0
2591,14,09d77e4589bde218,2.580461,17.384971,1,13421,1,0,0,0,0,0,0,0,0,0,0,0,0,1
2592,14,688b468a0a5425c1,1.940543,20.0,1,14408,1,1,0,0,1,0,0,0,0,0,0,0,0,1
2593,14,9d7276ac17b24012,1.457858,18.530203,1,13932,1,1,0,0,1,0,0,0,0,0,0,0,0,0
2594,14,3615a198b8fa5bff,2.138887,17.399893,1,13736,1,0,0,0,0,0,0,0,0,0,0,0,0,1
2595,14,417baf4d875cff54,1.606866,16.550734,1,13651,1,1,0,0,1,0,0,0,0,0,0,0,0,0
2596,14,53083666c63fb1ff,1.208386,19.407391,1,13344,1,1,0,0,1,0,0,0,0,0,0,0,0,1
2597,14,6c8e52bdce72bb20,1.951469,18.058892,1,14333,1,0,0,0,0,0,0,0,0,0,0,0,0,1
2598,14,3bed6cf4ad43d235,1.466066,17.045815,1,14011,1,1,0,0,1,0,0,0,0,0,0,0,0,0
2599,14,5ef7525cdeec14a9,1.102502,19.779699,1,13889,1,1,0,0,1,0,0,0,0,0,0,0,0,1
2600,14,aa81c972dfde668b,0.828269,14.859749,0,13778,1,1,0,0,0,0,0,0,0,0,0,0,0,0
2601,14,319327dd03aa9cec,2.709554,18.121263,1,13604,2,0,0,0,1,0,0,0,0,0,0,0,0,1
2602,14,85d06ec888017552,2.035587,20.0,1,13212,1,1,0,0,1,0,0,0,0,0,0,0,0,1
2603,14,bdb24d5ac30b85f3,2.574941,15.470073,0,13995,1,0,0,0,0,0,0,0,0,0,0,0,0,0
2604,14,2dcb95ec6870e32c,1.934457,18.579777,1,13781,1,1,0,0,1,0,0,0,0,0,0,0,0,1
2605,14,3e9ba9bc63e14dfe,1.453285,17.437136,1,13682,1,1,0,0,1,0,0,0,0,0,0,0,0,0
2606,14,4b81a5da666fb960,2.137042,16.593477,1,13663,1,0,0,0,0,0,0,0,0,0,0,0,0,1
2607,14,75f7874468b1b6b6,1.605479,19.423748,1,13452,1,1,0,0,1,0,0,0,0,0,0,0,0,1
2608,14,89aba9213aae64c4,2.24979,14.592336,0,13237,1,0,0,0,0,0,0,0,0,0,0,0,0,0
2609,14,4f6125e84757fce8,1.690183,17.920365,1,12882,1,1,0,0,1,0,0,0,0,0,0,0,0,1
2610,14,6b38d48610b10901,1.271042,16.956872,1,12707,1,1,0,0,1,0,0,0,0,0,0,0,0,0
2611,14,25b0d9917f7bd924,1.99854,16.217908,1,12758,1,0,0,0,0,0,0,0,0,0,0,0,0,1
2612,14,02dedf6ee52961d5,1.501428,15.662753,1,12659,1,1,0,0,1,0,0,0,0,0,0,0,0,0
2613,14,77d6eaca9c2a5a77,2.173246,15.259115,1,12683,1,0,0,0,0,0,0,0,0,0,0,0,0,1
2614,14,ae49bfb91e03dd57,1.632678,18.421292,1,12506,1,1,0,0,1,0,0,0,0,0,0,0,0,1
2615,14,abd34b3320d99bd2,2.270224,13.839228,0,12678,1,0,0,0,0,0,0,0,0,0,0,0,0,0
2616,15,1fd48474a6be9a50,1.705534,17.354584,1,13917,1,1,0,0,1,0,0,0,0,0,0,0,0,1
2617,15,530e0ea8d92a6d51,2.326736,16.531396,1,13969,1,0,0,0,0,0,0,0,0,0,0,0,0,1
2618,15,9d91a06f605c6d81,1.74799,15.898264,1,14182,1,1,0,0,1,0,0,0,0,0,0,0,0,0
2619,15,1bedfd585b1aa4b9,1.3132,18.901461,1,14259,1,1,0,0,1,0,0,0,0,0,0,0,0,1
2620,15,26a9669cba5af3ef,0.987545,17.69467,1,14226,1,1,0,0,1,0,0,0,0,0,0,0,0,0
2621,15,4f55c5e4b2d3c044,1.785559,16.772188,1,14150,1,0,0,0,0,0,0,0,0,0,0,0,0,1
2622,15,429a6cfc04b09590,1.341424,16.079163,1,14160,1,1,0,0,1,0,0,0,0,0,0,0,0,0
2623,15,bfd1095e82cc3b3f,1.007761,19.037363,1,14105,1,1,0,0,1,0,0,0,0,0,0,0,0,1
2624,15,e8a24dfe484cb614,1.802001,14.316368,0,13991,1,0,0,0,0,0,0,0,0,0,0,0,0,0
2625,15,a8eb40163c807ab7,1.353776,17.713041,1,13891,1,1,0,0,1,0,0,0,0,0,0,0,0,1
2626,15,b734eb68cadec0ba,1.017042,16.78599,1,13940,1,1,0,0,1,0,0,0,0,0,0,0,0,0
2627,15,03ed9d518f369873,0.76483,19.584307,1,13972,1,1,0,0,1,0,0,0,0,0,0,0,0,1
2628,15,cd43fcebe8f5e6e6,0.574588,18.191802,1,14120,1,1,0,0,0,0,0,0,0,0,0,0,0,1
2629,15,338e1a6d9a9334b5,1.47532,17.145666,1,13975,1,0,0,0,1,0,0,0,0,0,0,0,0,0
2630,15,f71f04d2a5841727,1.108353,16.359742,1,13887,1,1,0,0,1,0,0,0,0,0,0,0,0,0
2631,15,dab4ff966e399802,1.877647,19.263763,1,13977,2,1,0,0,1,0,0,0,0,0,0,0,0,1
2632,15,339e340883d8ecaf,1.410606,17.950989,1,13931,1,1,0,0,0,0,0,0,0,0,0,0,0,1
2633,15,0f3eea50b2030a66,2.103389,20.0,1,14004,1,0,0,0,1,0,0,0,0,0,0,0,0,1
2634,15,157d3461e0a7f335,1.581779,18.854377,1,13956,1,1,0,0,1,0,0,0,0,0,0,0,0,0
2635,15,f1991b9aba19249f,1.188331,20.0,1,14137,1,1,0,0,1,0,0,0,0,0,0,0,0,1
2636,15,f0cae4ef532c2023,1.936402,15.868378,0,14098,1,0,0,0,0,0,0,0,0,0,0,0,0,0
2637,15,7630abeab872e6cf,1.454747,18.879008,1,13984,1,1,0,0,1,0,0,0,0,0,0,0,0,1
2638,15,253c29c9cd31f14d,1.09399,17.677785,1,14017,1,1,0,0,1,0,0,0,0,0,0,0,0,0
2639,15,1bcd43f2b236da2a,0.821874,20.0,1,13880,1,1,0,0,1,0,0,0,0,0,0,0,0,1
2640,15,190012cb2cd5517d,2.70475,18.683159,1,13933,2,0,0,0,0,0,0,0,0,0,0,0,0,1
2641,15,752285f96761bfac,2.03401,20.0,1,13916,1,1,0,0,1,0,0,0,0,0,0,0,0,1
2642,15,8ce008444b943984,0.484423,19.263627,1,13772,0,1,0,0,1,0,0,0,0,0,0,0,0,0
2643,15,815cbd6616cc478f,0.363929,17.950887,1,14102,1,1,0,0,1,0,0,0,0,0,0,0,0,0
2644,15,ea182be542b69bac,1.317059,16.964675,1,13888,1,0,0,0,0,0,0,0,0,0,0,0,0,1
2645,15,98558a7fe6a345e2,2.034598,19.718681,1,13932,2,1,0,0,1,0,0,0,0,0,0,0,0,1
2646,15,ea40987dff05550d,1.528517,18.292752,1,14178,1,1,0,0,1,0,0,0,0,0,0,0,0,0
2647,15,bd84d51435d6859a,1.148318,20.0,1,13979,1,1,0,0,1,0,0,0,0,0,0,0,0,1
2648,15,b3773e59edaae1a5,0.863551,19.04746,1,14005,1,1,0,0,1,0,0,0,0,0,0,0,0,0
2649,15,5dadae3439224eef,0.648754,17.788489,1,13923,1,1,0,0,0,0,0,0,0,0,0,0,0,1
2650,15,bf32681d9402a0dc,1.531038,16.842671,1,14040,1,0,0,0,1,0,0,0,0,0,0,0,0,0
2651,15,f7bd4e508f328e99,1.150212,19.610958,1,13879,1,1,0,0,1,0,0,0,0,0,0,0,0,1
2652,15,7c7cf98600a1ae76,0.864975,18.228222,1,14050,1,1,0,0,1,0,0,0,0,0,0,0,0,0
2653,15,4330f499d34eea83,1.693477,17.173026,1,13958,2,1,0,0,0,0,0,0,0,0,0,0,0,1
2654,15,845cf8bbfb4cdff1,2.315899,19.859142,1,14074,1,0,0,0,1,0,0,0,0,0,0,0,0,1
2655,15,b0e135ff280b7893,1.741589,20.0,1,13969,1,1,0,0,1,0,0,0,0,0,0,0,0,1
2656,15,789d57edeb55ec88,1.308391,20.0,1,14053,1,1,0,0,1,0,0,0,0,0,0,0,0,1
2657,15,6979b739abf8bb34,0.982945,20.0,1,13971,1,1,0,0,1,0,0,0,0,0,0,0,0,0
2658,15,c2bea933f494d4c2,2.825757,19.303095,1,14091,2,0,0,0,0,0,0,0,0,0,0,0,0,1
2659,15,fc8afc999d432daa,2.125009,20.0,1,13913,1,1,0,0,1,0,0,0,0,0,0,0,0,1
2660,15,54f85808e32b19ad,1.59644,20.0,1,14066,1,1,0,0,1,0,0,0,0,0,0,0,0,1
2661,15,fb36f5410e15ae96,1.199346,20.0,1,13888,1,1,0,0,0,0,0,0,0,0,0,0,0,1
2662,15,84816ba9c8e952dd,2.990226,20.0,1,14074,2,0,0,0,1,0,0,0,0,0,0,0,0,1
2663,15,76c0f2d8b913df5d,2.246445,20.0,1,13909,1,1,0,0,1,0,0,0,0,0,0,0,0,0
2664,15,379263227d5a2182,1.68767,20.0,1,13987,1,1,0,0,1,0,0,0,0,0,0,0,0,1
2665,15,3d54c4b4e6b2c134,1.267884,16.783114,0,13976,1,1,0,0,0,0,0,0,0,0,0,0,0,0
2666,15,0a132d657e0ab93f,1.997617,19.582145,1,13900,1,0,0,0,1,0,0,0,0,0,0,0,0,1
2667,15,0ca8cb191a6821f3,1.500735,20.0,1,14043,1,1,0,0,1,0,0,0,0,0,0,0,0,1
2668,15,d838c0af6c1f6e31,2.171099,20.0,1,14042,2,1,0,0,1,0,0,0,0,0,0,0,0,1
2669,15,c5f1b9cc089c76e1,2.676848,17.474416,0,14005,1,0,0,0,0,0,0,0,0,0,0,0,0,0
2670,15,a84b4c40935e1429,2.011016,20.0,1,13926,1,1,0,0,1,0,0,0,0,0,0,0,0,1
2671,15,12c24a9f707ab663,1.510801,20.0,1,14026,1,1,0,0,1,0,0,0,0,0,0,0,0,1
2672,15,d1623d603cb706ea,1.135008,20.0,1,14071,1,1,0,0,1,0,0,0,0,0,0,0,0,1
2673,15,2ef6e7dfc3903c46,2.941844,20.0,1,14105,2,0,0,0,0,0,0,0,0,0,0,0,0,1
2674,15,f6d8e5e5d116b8b6,2.210097,20.0,1,14043,1,1,0,0,1,0,0,0,0,0,0,0,0,1
2675,15,3a4152be0edb5cdd,2.704017,17.174507,0,13944,1,0,0,0,0,0,0,0,0,0,0,0,0,0
2676,15,229037c542b3d26a,2.033459,19.876477,1,13963,1,1,0,0,1,0,0,0,0,0,0,0,0,1
2677,15,1baa70ad574dd542,1.527662,18.411299,1,14052,1,1,0,0,1,0,0,0,0,0,0,0,0,0
2678,15,fe2999c8230c21cb,1.147675,20.0,1,13817,1,1,0,0,1,0,0,0,0,0,0,0,0,1
2679,15,5a4e00b217e916ea,2.949512,19.097151,1,13946,2,0,0,0,0,0,0,0,0,0,0,0,0,1
2680,15,2d670e015457bea4,2.218075,20.0,1,13956,1,1,0,0,1,0,0,0,0,0,0,0,0,1
2681,15,7c3877f890af3431,1.666357,19.497516,1,13742,1,1,0,0,1,0,0,0,0,0,0,0,0,0
2682,15,42359bb73286961f,1.251872,20.0,1,13923,1,1,0,0,1,0,0,0,0,0,0,0,0,1
2683,15,f9c576b63d0ec3f4,0.941425,20.0,1,13735,1,1,0,0,1,0,0,0,0,0,0,0,0,1
2684,15,7778937d1c31d200,2.794564,20.0,1,13868,2,0,0,0,0,0,0,0,0,0,0,0,0,1
2685,15,fa19488426be1e5e,2.099452,19.191203,1,13946,1,1,0,0,1,0,0,0,0,0,0,0,0,0
2686,15,6128a815417b1164,1.57724,20.0,1,13715,1,1,0,0,1,0,0,0,0,0,0,0,0,1
2687,15,440638ec1b42ab61,1.186107,20.0,1,13757,1,1,0,0,1,0,0,0,0,0,0,0,0,1
2688,15,b0089a09c9a9ca56,1.934731,17.305748,0,13766,1,0,0,0,0,0,0,0,0,0,0,0,0,0
2689,15,4d030cf729e97403,2.497144,19.958851,1,13871,2,1,0,0,1,0,0,0,0,0,0,0,0,1
2690,15,af15e5f0ad1916ce,1.877888,20.0,1,13894,1,1,0,0,1,0,0,0,0,0,0,0,0,1
2691,15,3638f81de7602669,2.454441,19.984342,1,13838,1,0,0,0,0,0,0,0,0,0,0,0,0,1
2692,15,d7dd1851d975b741,1.843929,18.492334,1,13823,1,1,0,0,1,0,0,0,0,0,0,0,0,0
2693,15,b5cf4ebc3c580f16,2.428929,17.371444,1,13906,2,1,0,0,0,0,0,0,0,0,0,0,0,1
2694,15,58a194aa1db78174,2.870739,20.0,1,13779,1,0,0,0,1,0,0,0,0,0,0,0,0,1
2695,15,c476f5533c8ae5c0,2.156679,18.52256,1,13773,1,1,0,0,1,0,0,0,0,0,0,0,0,0
2696,15,1cd54c89942f20b9,2.663886,17.394152,1,13833,1,0,0,0,0,0,0,0,0,0,0,0,0,1
2697,15,63d8512d1df2a966,3.047431,20.0,1,13700,2,1,0,0,1,0,0,0,0,0,0,0,0,1
2698,15,7915471971ffab09,3.333074,18.535389,1,13799,1,0,0,0,0,0,0,0,0,0,0,0,0,1
2699,15,d3b0b5e4970362bf,2.504014,17.40379,1,13749,1,1,0,0,1,0,0,0,0,0,0,0,0,0
2700,15,4925b5f8e64e429e,2.924825,16.553661,1,13896,1,0,0,0,0,0,0,0,0,0,0,0,0,1
2701,15,e509cbb09192f5db,2.19951,15.929091,1,13795,1,1,0,0,1,0,0,0,0,0,0,0,0,0
2702,15,a8a2d40c98a915ed,1.65241,15.445775,1,13850,1,1,0,0,0,0,0,0,0,0,0,0,0,1
2703,15,49c2051aa5e1ebc1,2.285047,18.561522,1,13878,1,0,0,0,1,0,0,0,0,0,0,0,0,1
2704,15,d702ed9e82f24b25,1.718388,20.0,1,13572,1,1,0,0,1,0,0,0,0,0,0,0,0,1
2705,15,f214e47536c492c8,3.378267,15.716063,0,13544,2,0,0,0,0,0,0,0,0,0,0,0,0,0
2706,15,33ac14d0de9d95c4,2.537966,18.76458,1,13672,1,1,0,0,1,0,0,0,0,0,0,0,0,1
2707,15,6f3bf1575a71bb4d,1.906679,20.0,1,13388,1,1,0,0,1,0,0,0,0,0,0,0,0,1
2708,15,d90a0ddd9f1fba73,2.478,15.833522,0,13465,1,0,0,0,0,0,0,0,0,0,0,0,0,0
2709,15,0e8d9f5186003278,1.861629,18.852822,1,13521,1,1,0,0,1,0,0,0,0,0,0,0,0,1
2710,15,b92023e98b3cc202,1.398572,17.642265,1,13736,1,1,0,0,1,0,0,0,0,0,0,0,0,0
2711,15,dc16a1f2992f7d17,2.095897,16.747736,1,13714,1,0,0,0,0,0,0,0,0,0,0,0,0,1
2712,15,2c00435d50c4a3b3,1.574569,16.060793,1,13651,1,1,0,0,1,0,0,0,0,0,0,0,0,0
2713,15,33deaab6465147f7,1.182915,19.023562,1,13598,1,1,0,0,1,0,0,0,0,0,0,0,0,1
2714,15,42b83afff543466a,1.932333,14.291691,0,13676,1,0,0,0,0,0,0,0,0,0,0,0,0,0
2715,15,bb83f91877406b74,1.453142,17.708559,1,13595,1,1,0,0,1,0,0,0,0,0,0,0,0,1
2716,15,34af298f79c84c53,1.091691,16.782623,1,13630,1,1,0,0,1,0,0,0,0,0,0,0,0,0
2717,15,f266372298c8a9b5,1.8638,16.087002,1,13561,1,0,0,0,0,0,0,0,0,0,0,0,0,1
2718,15,b08e7d5627a488ca,2.445755,19.058658,1,13578,2,1,0,0,1,0,0,0,0,0,0,0,0,1
2719,15,5c71c445b7d924b7,1.837404,17.796902,1,13514,1,1,0,0,0,0,0,0,0,0,0,0,0,1
2720,15,fc50ed93ede180e5,2.424026,16.848991,1,13376,1,0,0,0,1,0,0,0,0,0,0,0,0,0
2721,15,9f42b3c916688a6f,1.82108,19.615706,1,13724,1,1,0,0,1,0,0,0,0,0,0,0,0,1
2722,15,5da00a23d38278f0,1.369478,20.0,1,13662,1,1,0,0,1,0,0,0,0,0,0,0,0,1
2723,15,079d0658278eddd7,2.072491,19.79048,1,13544,1,0,0,0,0,0,0,0,0,0,0,0,0,1
2724,15,34fc7c6a1e0c0c11,1.556985,18.346692,1,13570,1,1,0,0,1,0,0,0,0,0,0,0,0,0
2725,15,574fe74e8609ac70,1.170875,20.0,1,13668,1,1,0,0,1,0,0,0,0,0,0,0,0,1
2726,15,7eb4a8c2977b3b9e,1.923288,20.0,1,13607,2,1,0,0,1,0,0,0,0,0,0,0,0,1
2727,15,06db6edd9dc3a0bd,2.488548,16.942761,0,13593,1,0,0,0,0,0,0,0,0,0,0,0,0,0
2728,15,2a5d0720c8a926ba,1.869553,19.686152,1,13479,1,1,0,0,1,0,0,0,0,0,0,0,0,1
2729,15,17005c124a6e190e,1.40593,14.804267,0,13622,1,1,0,0,0,0,0,0,0,0,0,0,0,0
2730,15,fc54debdd470ece5,2.099876,18.079581,1,13582,1,0,0,0,1,0,0,0,0,0,0,0,0,1
2731,15,4b91129b21e84a36,1.577559,17.061358,1,13525,1,1,0,0,1,0,0,0,0,0,0,0,0,0
2732,15,5182188f8c90ec5d,2.230497,19.791388,1,13549,2,1,0,0,1,0,0,0,0,0,0,0,0,1
2733,15,b185eee898353b3e,2.719342,18.347374,1,13593,1,0,0,0,0,0,0,0,0,0,0,0,0,1
2734,15,e880c87a71629f2c,2.04294,20.0,1,15049,1,1,0,0,1,0,0,0,0,0,0,0,0,1
2735,15,b6287ecdce753495,1.534785,20.0,1,15078,1,1,0,0,1,0,0,0,0,0,0,0,0,1
2736,15,018bcf6112ba84c9,1.15418,16.950339,0,15911,1,1,0,0,0,0,0,0,0,0,0,0,0,0
2737,15,851f5e9740a5c449,2.954399,19.691845,1,16137,2,0,0,0,1,0,0,0,0,0,0,0,0,1
2738,15,f318302066d5b4a8,2.219529,20.0,1,15997,1,1,0,0,1,0,0,0,0,0,0,0,0,1
2739,15,d853d98b9cf39401,1.669118,20.0,1,15883,1,1,0,0,1,0,0,0,0,0,0,0,0,1
2740,15,264b6cedf6b18f72,2.297599,20.0,1,15733,2,1,0,0,1,0,0,0,0,0,0,0,0,1
2741,15,13b34a96e6917c19,1.7261,20.0,1,15742,1,1,0,0,0,0,0,0,0,0,0,0,0,1
2742,15,fd84a657ae752ee7,2.340408,20.0,1,16105,1,0,0,0,1,0,0,0,0,0,0,0,0,1
2743,15,0449fe8ea1821fd4,2.804171,20.0,1,15954,2,1,0,0,1,0,0,0,0,0,0,0,0,1
2744,15,b4da042c63e1fdc8,2.106669,20.0,1,15741,1,1,0,0,1,0,0,0,0,0,0,0,0,1
2745,15,b807fcf2a4581910,2.626315,20.0,1,15778,2,1,0,0,1,0,0,0,0,0,0,0,0,1
2746,15,375c247dcba0eb7f,3.019177,19.581708,0,15436,1,0,0,0,0,0,0,0,0,0,0,0,0,0
2747,15,85e10ef8603fccb5,2.268195,20.0,1,15492,1,1,0,0,1,0,0,0,0,0,0,0,0,1
2748,15,f4ef21d0c1eceebc,2.747663,20.0,1,13861,2,1,0,0,1,0,0,0,0,0,0,0,0,1
2749,15,eed4924a40e6e706,2.064217,20.0,1,12720,1,1,0,0,1,0,0,0,0,0,0,0,0,0
2750,15,91abdea65d065334,2.596471,19.224379,1,13017,1,0,0,0,0,0,0,0,0,0,0,0,0,1
2751,15,27d150448305d6d3,1.950631,17.921402,1,12956,1,1,0,0,1,0,0,0,0,0,0,0,0,0
2752,15,958f2969141cff73,1.465436,20.0,1,13051,1,1,0,0,1,0,0,0,0,0,0,0,0,1
2753,15,195aa62b883845ba,1.102029,20.0,1,12945,1,1,0,0,1,0,0,0,0,0,0,0,0,1
2754,15,af70f7c644c23edd,1.871567,16.766802,0,13320,1,0,0,0,0,0,0,0,0,0,0,0,0,0
2755,15,0bfec0a83fe03a5d,1.406038,19.55396,1,13467,1,1,0,0,1,0,0,0,0,0,0,0,0,1
2756,15,56d24bf64217a4df,2.099957,20.0,1,13335,2,1,0,0,1,0,0,0,0,0,0,0,0,1
2757,15,bfb769426058dc48,1.579198,20.0,1,13508,1,1,0,0,1,0,0,0,0,0,0,0,0,1
2758,15,a786f0e152ff045d,2.230046,20.0,1,13842,1,0,0,0,0,0,0,0,0,0,0,0,0,1
2759,15,a91b48ffca964246,1.67535,19.209201,1,14742,1,1,0,0,1,0,0,0,0,0,0,0,0,0
2760,15,5986db46f55826a4,1.259887,20.0,1,14559,1,1,0,0,1,0,0,0,0,0,0,0,0,1
2761,15,751477056cde9c27,1.990159,19.56082,1,14439,1,0,0,0,0,0,0,0,0,0,0,0,0,1
2762,15,1565e7e06deaadf0,1.495132,18.174157,1,14466,1,1,0,0,1,0,0,0,0,0,0,0,0,0
2763,15,3091f205d4bfa5e2,2.16689,20.0,1,14497,2,1,0,0,1,0,0,0,0,0,0,0,0,1
2764,15,d19d0eb3bd3574ef,2.673683,18.980459,1,15799,1,0,0,0,0,0,0,0,0,0,0,0,0,1
2765,15,4a9f091058ad16e2,2.008638,20.0,1,15860,1,1,0,0,1,0,0,0,0,0,0,0,0,1
2766,15,802e88fe7077dbca,1.509015,20.0,1,15654,1,1,0,0,1,0,0,0,0,0,0,0,0,1
2767,15,79359000d1d01c79,2.178951,20.0,1,15418,2,1,0,0,0,0,0,0,0,0,0,0,0,1
2768,15,ce0e0139fbcd4f8b,2.680618,20.0,1,14986,1,0,0,0,1,0,0,0,0,0,0,0,0,1
2769,15,e70c6d11d873dfa7,2.013848,20.0,1,14938,1,1,0,0,1,0,0,0,0,0,0,0,0,0
2770,15,491d56a6888ccb68,1.512929,20.0,1,15669,1,1,0,0,1,0,0,0,0,0,0,0,0,1
2771,15,2e832a9f8b793634,2.181894,16.751043,0,15588,1,0,0,0,0,0,0,0,0,0,0,0,0,0
2772,15,8ae62c98a6e8548a,1.639176,19.542121,1,15348,1,1,0,0,1,0,0,0,0,0,0,0,0,1
2773,15,5fb66525c041fde4,2.275105,18.16011,1,15456,2,1,0,0,0,0,0,0,0,0,0,0,0,1
2774,15,d4479311672b275a,2.755062,20.0,1,14990,1,0,0,0,1,0,0,0,0,0,0,0,0,1
2775,15,9cb375b4ff119623,2.069775,18.968125,1,15012,1,1,0,0,1,0,0,0,0,0,0,0,0,0
2776,15,910f91c5b4297439,1.554945,20.0,1,13669,1,1,0,0,1,0,0,0,0,0,0,0,0,1
2777,15,7009afd28e6346cd,2.211825,19.411421,1,13221,1,0,0,0,0,0,0,0,0,0,0,0,0,1
2778,15,e1521cc91f936c0e,1.663324,18.078167,1,13409,1,1,0,0,1,0,0,0,0,0,0,0,0,0
2779,15,6d730dd28e487d96,2.293246,20.0,1,13278,2,1,0,0,1,0,0,0,0,0,0,0,0,1
2780,15,e0d568c59f619598,2.766484,18.909133,1,13456,1,0,0,0,0,0,0,0,0,0,0,0,0,1
2781,15,69eea651ce204cd0,2.080435,20.0,1,13265,1,1,0,0,1,0,0,0,0,0,0,0,0,1
2782,15,ef3aedc05b77a5e9,2.606607,19.391293,1,13407,1,0,0,0,0,0,0,0,0,0,0,0,0,1
2783,15,a2f63d573a4d2d04,3.001899,14.567954,0,13162,1,0,0,0,0,0,0,0,0,0,0,0,0,0
2784,15,b2f281cb78a4a7d2,2.255215,17.902048,1,13235,1,1,0,0,1,0,0,0,0,0,0,0,0,1
2785,15,307419f7a95fd327,1.695954,16.943097,1,13143,1,1,0,0,1,0,0,0,0,0,0,0,0,0
2786,15,1ee7a425ddb23789,2.31776,16.20756,1,13177,1,0,0,0,0,0,0,0,0,0,0,0,0,1
2787,15,aca061d26f57afd6,1.741246,19.133823,1,13091,1,1,0,0,1,0,0,0,0,0,0,0,0,1
2788,15,bb0611075d30786d,3.397743,14.388908,0,13216,2,0,0,0,0,0,0,0,0,0,0,0,0,0
2789,15,95942481b26ba761,2.552597,17.767537,1,13142,1,1,0,0,1,0,0,0,0,0,0,0,0,1
2790,15,9728251fe3c00355,1.917671,13.348087,0,14350,0,0,0,0,0,0,0,0,0,0,0,0,0,0
2791,15,60d17337b8aad8d5,3.527981,13.506763,1,13913,2,0,0,0,0,0,0,0,0,0,0,0,0,1
2792,15,bd9fdf0a2843205a,2.653092,17.118282,1,15858,1,1,0,0,1,0,0,0,0,0,0,0,0,1
2793,15,62408031a36deed5,1.993169,19.818014,1,15819,1,1,0,0,1,0,0,0,0,0,0,0,0,1
2794,15,60cec0262d3bd598,2.541047,14.888533,0,15512,1,0,0,0,0,0,0,0,0,0,0,0,0,0
2795,15,994b26146f4ed86b,2.955054,14.676891,1,14870,1,0,0,0,0,0,0,0,0,0,0,0,0,1
2796,15,8a2243d42ddf0715,2.220021,14.505044,1,14675,1,1,0,0,1,0,0,0,0,0,0,0,0,0
2797,15,1a6895d208963c02,1.667819,17.854786,1,14443,1,1,0,0,1,0,0,0,0,0,0,0,0,1
2798,15,1602cd8f9b309d2e,2.296624,13.413633,0,15406,1,0,0,0,0,0,0,0,0,0,0,0,0,0
2799,15,cc725c7d4456206a,2.771244,17.048247,1,14596,2,1,0,0,1,0,0,0,0,0,0,0,0,1
2800,15,48a67c3d0196e367,3.125585,16.286555,1,14270,1,0,0,0,0,0,0,0,0,0,0,0,0,1
2801,15,6d33116d26b32132,1.304482,15.714325,1,14289,0,1,0,0,1,0,0,0,0,0,0,0,0,0
2802,15,64f9d2b095a04701,3.06929,15.297898,1,14144,2,0,0,0,0,0,0,0,0,0,0,0,0,1
2803,15,5ed115823d7e4e05,1.26219,18.450428,1,14152,0,1,0,0,1,0,0,0,0,0,0,0,0,1
2804,16,1fd48474a6be9a50,1.991889,20.0,1,14122,2,1,0,0,1,0,0,0,0,0,0,0,0,1
2805,16,530e0ea8d92a6d51,2.540085,15.64039,0,14010,1,0,0,0,0,0,0,0,0,0,0,0,0,0
2806,16,9d91a06f605c6d81,1.91018,18.7228,1,13968,1,1,0,0,1,0,0,0,0,0,0,0,0,1
2807,16,1bedfd585b1aa4b9,1.435047,20.0,1,14391,1,1,0,0,1,0,0,0,0,0,0,0,0,1
2808,16,26a9669cba5af3ef,2.121751,19.272961,1,14146,1,0,0,0,0,0,0,0,0,0,0,0,0,1
2809,16,4f55c5e4b2d3c044,1.595587,17.974043,1,14080,1,1,0,0,1,0,0,0,0,0,0,0,0,0
2810,16,429a6cfc04b09590,1.198705,16.982071,1,14236,1,1,0,0,0,0,0,0,0,0,0,0,0,1
2811,16,bfd1095e82cc3b3f,1.944195,16.23684,1,14133,1,0,0,0,1,0,0,0,0,0,0,0,0,0
2812,16,e8a24dfe484cb614,1.460601,19.15582,1,14072,1,1,0,0,1,0,0,0,0,0,0,0,0,1
2813,16,a8eb40163c807ab7,1.098393,17.885951,1,13801,1,1,0,0,1,0,0,0,0,0,0,0,0,0
2814,16,b734eb68cadec0ba,0.825182,20.0,1,13983,1,1,0,0,1,0,0,0,0,0,0,0,0,1
2815,16,03ed9d518f369873,1.663581,18.800647,1,14149,1,0,0,0,0,0,0,0,0,0,0,0,0,1
2816,16,cd43fcebe8f5e6e6,1.251037,17.618856,1,13870,1,1,0,0,1,0,0,0,0,0,0,0,0,0
2817,16,338e1a6d9a9334b5,0.939857,20.0,1,14097,1,1,0,0,1,0,0,0,0,0,0,0,0,1
2818,16,f71f04d2a5841727,2.793386,18.6499,1,13911,2,0,0,0,0,0,0,0,0,0,0,0,0,1
2819,16,dab4ff966e399802,2.098567,17.489817,1,14005,1,1,0,0,1,0,0,0,0,0,0,0,0,0
2820,16,339e340883d8ecaf,1.578152,20.0,1,13857,1,1,0,0,1,0,0,0,0,0,0,0,0,1
2821,16,0f3eea50b2030a66,1.185607,18.589437,1,14170,1,1,0,0,1,0,0,0,0,0,0,0,0,0
2822,16,157d3461e0a7f335,0.890702,20.0,1,13858,1,1,0,0,1,0,0,0,0,0,0,0,0,1
2823,16,f1991b9aba19249f,1.713971,15.734573,0,13927,1,0,0,0,0,0,0,0,0,0,0,0,0,0
2824,16,f0cae4ef532c2023,1.287642,18.778486,1,14014,1,1,0,0,1,0,0,0,0,0,0,0,0,1
2825,16,3dc875a761d5c5ef,0.967358,20.0,1,14208,1,1,0,0,1,0,0,0,0,0,0,0,0,1
2826,16,e90cc852e180b7a9,1.770393,15.825545,0,13996,1,0,0,0,0,0,0,0,0,0,0,0,0,0
2827,16,0843c071791750a4,2.375511,18.862039,1,13966,2,1,0,0,1,0,0,0,0,0,0,0,0,1
2828,16,e7652621d19bb2aa,1.784633,20.0,1,13907,1,1,0,0,1,0,0,0,0,0,0,0,0,1
2829,16,83403ab2ce2e5edc,1.340728,20.0,1,13802,1,1,0,0,1,0,0,0,0,0,0,0,0,1
2830,16,31f44b91b5854a60,2.052397,20.0,1,14043,1,0,0,0,0,0,0,0,0,0,0,0,0,1
2831,16,9eeb382b0724ec5e,1.541889,18.991877,1,13787,1,1,0,0,1,0,0,0,0,0,0,0,0,0
2832,16,8cf44fb6a5bc2678,1.158364,20.0,1,14063,1,1,0,0,1,0,0,0,0,0,0,0,0,1
2833,16,26302fd6db433208,1.913889,19.424827,1,14034,1,0,0,0,0,0,0,0,0,0,0,0,0,1
2834,16,212d5aa4658ea2f7,2.483422,20.0,1,13919,2,1,0,0,1,0,0,0,0,0,0,0,0,1
2835,16,37a5a18fb6caef37,1.865702,19.68264,1,14041,1,1,0,0,1,0,0,0,0,0,0,0,0,0
2836,16,79c0b206a03c3fd7,2.445286,18.265676,1,14132,1,0,0,0,0,0,0,0,0,0,0,0,0,1
2837,16,066f19424897b5f9,1.83889,17.216551,1,13904,1,1,0,0,1,0,0,0,0,0,0,0,0,0
2838,16,45cd890081455bb1,1.381489,19.89184,1,14008,1,1,0,0,1,0,0,0,0,0,0,0,0,1
2839,16,750fc310f3e0ed42,2.081514,14.943996,0,14046,1,0,0,0,0,0,0,0,0,0,0,0,0,0
2840,16,adc39f36c9059362,2.607417,18.184554,1,13904,2,1,0,0,1,0,0,0,0,0,0,0,0,1
2841,16,693f8e80d696f528,1.960815,20.0,1,13890,1,1,0,0,1,0,0,0,0,0,0,0,0,1
2842,16,5f8694262bdec3db,1.473087,18.981936,1,13986,1,1,0,0,1,0,0,0,0,0,0,0,0,0
2843,16,be87caf26ae80d84,1.106675,20.0,1,13880,1,1,0,0,1,0,0,0,0,0,0,0,0,1
2844,16,4b1d73b558ff518d,1.876386,19.436821,1,13916,1,0,0,0,0,0,0,0,0,0,0,0,0,1
2845,16,f36ec1ebfb66065a,1.409659,18.081002,1,13964,1,1,0,0,1,0,0,0,0,0,0,0,0,0
2846,16,8bcb0108c5b59465,1.059024,20.0,1,13893,1,1,0,0,1,0,0,0,0,0,0,0,0,1
2847,16,144d658975f33c99,1.839258,20.0,1,13934,2,1,0,0,1,0,0,0,0,0,0,0,0,1
2848,16,7cc0640289db4a08,2.427299,16.837281,0,13812,1,0,0,0,0,0,0,0,0,0,0,0,0,0
2849,16,8ae13877ca477144,1.823539,19.606909,1,13873,1,1,0,0,1,0,0,0,0,0,0,0,0,1
2850,16,89273edfc1fcab3b,1.369957,20.0,1,14034,1,1,0,0,1,0,0,0,0,0,0,0,0,1
2851,16,ff509d4937e6c5a2,1.030227,20.0,1,13710,1,1,0,0,1,0,0,0,0,0,0,0,0,1
2852,16,a525ba8c6fda05e0,1.817624,17.482187,0,13833,1,0,0,0,0,0,0,0,0,0,0,0,0,0
2853,16,9c34e789ab177fd0,1.365513,20.0,1,13810,1,1,0,0,1,0,0,0,0,0,0,0,0,1
2854,16,5806e9698a0d2317,1.025859,18.572764,1,13937,1,1,0,0,1,0,0,0,0,0,0,0,0,0
2855,16,65bf1cd447797f08,1.815611,20.0,1,13810,2,1,0,0,1,0,0,0,0,0,0,0,0,1
2856,16,b06c22a10c518c04,2.407654,19.201259,1,14068,1,0,0,0,0,0,0,0,0,0,0,0,0,1
2857,16,f0f1f40ae0008ff0,1.808781,20.0,1,13925,1,1,0,0,1,0,0,0,0,0,0,0,0,1
2858,16,954e472fdb2cd921,1.360229,19.56073,1,13757,1,1,0,0,1,0,0,0,0,0,0,0,0,0
2859,16,f17697aa27d40f0a,2.065542,18.17409,1,13913,2,1,0,0,0,0,0,0,0,0,0,0,0,1
2860,16,76320273c53705ec,2.595418,20.0,1,13857,1,0,0,0,1,0,0,0,0,0,0,0,0,1
2861,16,22fed034d49683cc,1.949841,20.0,1,13874,1,1,0,0,1,0,0,0,0,0,0,0,0,1
2862,16,f0b9c73bce37e583,1.466308,20.0,1,13818,1,1,0,0,1,0,0,0,0,0,0,0,0,1
2863,16,222567fb1694f051,1.101582,20.0,1,13763,1,1,0,0,1,0,0,0,0,0,0,0,0,0
2864,16,3208e0e284c2bc4f,1.871231,19.546315,1,13902,1,0,0,0,0,0,0,0,0,0,0,0,0,1
2865,16,9bcaeb3483fcd7c2,1.407192,18.179609,1,13809,1,1,0,0,1,0,0,0,0,0,0,0,0,0
2866,16,fe8a26206423eacd,1.057171,20.0,1,13710,1,1,0,0,1,0,0,0,0,0,0,0,0,1
2867,16,f2f2d3b60e90ed71,1.837866,15.487541,0,13839,1,0,0,0,0,0,0,0,0,0,0,0,0,0
2868,16,0e84052fedb16a60,1.38072,18.5929,1,13827,1,1,0,0,1,0,0,0,0,0,0,0,0,1
2869,16,7d4cff386e8cd48b,1.038321,17.462628,1,13702,1,1,0,0,1,0,0,0,0,0,0,0,0,0
2870,16,908c9916fafe99d6,1.823705,20.0,1,13709,2,1,0,0,1,0,0,0,0,0,0,0,0,1
2871,16,809fdbdd03a6a08e,2.413735,18.561725,1,13773,1,0,0,0,0,0,0,0,0,0,0,0,0,1
2872,16,dfaf84098e2a0182,1.815163,17.439183,1,13886,1,1,0,0,1,0,0,0,0,0,0,0,0,0
2873,16,de1f003b45222f03,1.363664,20.0,1,13761,1,1,0,0,1,0,0,0,0,0,0,0,0,1
2874,16,b928254cb0f4ce7a,1.02447,18.548493,1,14003,1,1,0,0,1,0,0,0,0,0,0,0,0,0
2875,16,1de35e8a0580f8e1,1.813299,17.413634,1,13765,1,0,0,0,0,0,0,0,0,0,0,0,0,1
2876,16,07888ab35aca9b86,1.363627,20.0,1,13595,1,1,0,0,1,0,0,0,0,0,0,0,0,1
2877,16,7959d0cfdd200be5,3.111749,18.546396,1,13695,2,0,0,0,0,0,0,0,0,0,0,0,0,1
2878,16,8ee1148c88e1bb7f,2.33774,20.0,1,13817,1,1,0,0,1,0,0,0,0,0,0,0,0,1
2879,16,c3b38ff5a4e5fd45,1.758014,19.190759,1,13829,1,1,0,0,1,0,0,0,0,0,0,0,0,0
2880,16,23996e353325a823,2.364384,17.896144,1,13627,1,0,0,0,0,0,0,0,0,0,0,0,0,1
2881,16,4584c5993c4c5792,1.776273,20.0,1,13791,1,1,0,0,1,0,0,0,0,0,0,0,0,1
2882,16,f7ac0f33bd696ad1,2.378101,15.327555,0,13706,1,0,0,0,0,0,0,0,0,0,0,0,0,0
2883,16,77fbdef6be6829bf,1.788366,18.487543,1,13671,1,1,0,0,1,0,0,0,0,0,0,0,0,1
2884,16,9c5e6348dade8270,3.430839,17.367845,1,13763,2,0,0,0,0,0,0,0,0,0,0,0,0,1
2885,16,23cd70ca33890fed,2.577461,20.0,1,13617,1,1,0,0,1,0,0,0,0,0,0,0,0,1
2886,16,c5b9567e4cb54a21,1.938288,18.524924,1,13727,1,1,0,0,1,0,0,0,0,0,0,0,0,0
2887,16,296ea2e5506d5457,2.499816,17.395927,1,13696,1,0,0,0,0,0,0,0,0,0,0,0,0,1
2888,16,684018b2db8b4c75,1.878019,16.547754,1,13740,1,1,0,0,1,0,0,0,0,0,0,0,0,0
2889,16,73ddc3e0978d9377,1.410885,19.389398,1,13831,1,1,0,0,1,0,0,0,0,0,0,0,0,1
2890,16,1bab5d6ba36c8504,2.105156,14.581104,0,13696,1,0,0,0,0,0,0,0,0,0,0,0,0,0
2891,16,14ac4711baf922b6,1.581525,17.911927,1,13783,1,1,0,0,1,0,0,0,0,0,0,0,0,1
2892,16,f9faff44a9a40529,2.231794,13.456561,0,13762,1,0,0,0,0,0,0,0,0,0,0,0,0,0
2893,16,b7c368fe10dbe2aa,1.678341,17.080529,1,13557,1,1,0,0,1,0,0,0,0,0,0,0,0,1
2894,16,fbcff011c750f16f,2.304528,12.831963,0,13519,1,0,0,0,0,0,0,0,0,0,0,0,0,0
2895,16,1cf7a548c1332fbf,1.731306,16.597863,1,13529,1,1,0,0,1,0,0,0,0,0,0,0,0,1
2896,16,c7dca34fe5c74b52,2.344319,15.948199,1,13471,2,1,0,0,0,0,0,0,0,0,0,0,0,1
2897,16,8da81b453a9b00d0,1.762961,15.473774,1,13494,0,0,0,0,1,0,0,0,0,0,0,0,0,0
2898,16,c14d15e31b26ee2d,2.3681,18.582557,1,13642,2,1,0,0,1,0,0,0,0,0,0,0,0,1
2899,16,8ab4c35dac7feb1b,0.735412,17.439225,1,13654,0,1,0,0,1,0,0,0,0,0,0,0,0,0
2900,16,41ee9386bfbef383,0.55304,13.114546,0,13677,1,1,0,0,0,0,0,0,0,0,0,0,0,0
2901,16,2f0a789f4dc10e25,2.502785,16.810157,1,13512,2,0,0,0,1,0,0,0,0,0,0,0,0,1
2902,16,0069be2d171f535e,0.836596,16.107687,1,13747,0,1,0,0,1,0,0,0,0,0,0,0,0,0
2903,16,70999c15fa208bfb,0.628503,15.579948,1,13589,1,1,0,0,0,0,0,0,0,0,0,0,0,1
2904,16,03719d390724baea,2.560944,18.677346,1,13574,2,0,0,0,1,0,0,0,0,0,0,0,0,1
2905,16,b45eeaba0f2389b6,1.923942,20.0,1,13412,1,1,0,0,1,0,0,0,0,0,0,0,0,1
2906,16,2db91c5a3da641d6,1.445385,19.247307,1,13601,1,1,0,0,1,0,0,0,0,0,0,0,0,0
2907,16,dc0959974c8f1f78,2.131101,17.954751,1,13646,1,0,0,0,0,0,0,0,0,0,0,0,0,1
2908,16,31c82bc6cd07a1d0,1.601016,16.967577,1,13581,1,1,0,0,1,0,0,0,0,0,0,0,0,0
2909,16,e7cccb8d090b0eb6,1.202784,19.704796,1,13663,1,1,0,0,1,0,0,0,0,0,0,0,0,1
2910,16,9c439ee943f16500,2.990913,18.282321,1,13632,2,0,0,0,0,0,0,0,0,0,0,0,0,1
2911,16,a215fd0c41d342d4,2.249209,20.0,1,13627,1,1,0,0,1,0,0,0,0,0,0,0,0,1
2912,16,918d60c328662234,1.689747,19.03717,1,13593,1,1,0,0,1,0,0,0,0,0,0,0,0,0
2913,16,6b08a4c55c22e69e,0.22579,17.780758,1,13692,0,1,0,0,1,0,0,0,0,0,0,0,0,0
2914,16,255207cc2c8fdde7,0.169798,20.0,1,13698,1,1,0,0,1,0,0,0,0,0,0,0,0,1
2915,16,1c5997354e79f0ad,2.214869,18.753807,1,13663,2,0,0,0,0,0,0,0,0,0,0,0,0,1
2916,16,6cdfb743375db81c,1.663948,17.567879,1,13732,1,1,0,0,1,0,0,0,0,0,0,0,0,0
2917,16,f03940c82ac8d2fb,1.250062,20.0,1,13782,1,1,0,0,1,0,0,0,0,0,0,0,0,1
2918,16,64f7a2ca4e49b5b3,1.984215,15.157433,0,13655,1,0,0,0,0,0,0,0,0,0,0,0,0,0
2919,16,2ae90ab38b0ea59d,1.490667,18.344902,1,13608,1,1,0,0,1,0,0,0,0,0,0,0,0,1
2920,16,15754ef0ce4bc799,1.119882,17.260684,1,13869,1,1,0,0,1,0,0,0,0,0,0,0,0,0
2921,16,6f5469b0eb145b76,1.886318,16.460782,1,13869,1,0,0,0,0,0,0,0,0,0,0,0,0,1
2922,16,e6417c56124f5ce9,1.41712,15.845215,1,13906,1,1,0,0,1,0,0,0,0,0,0,0,0,0
2923,16,3a9cc99052507137,1.064629,18.861606,1,14001,1,1,0,0,1,0,0,0,0,0,0,0,0,1
2924,16,5318af782f0df987,0.799816,17.648864,1,13854,1,1,0,0,0,0,0,0,0,0,0,0,0,1
2925,16,d56662e0b1518202,1.645624,16.752699,1,13949,1,0,0,0,1,0,0,0,0,0,0,0,0,0
2926,16,a1dbf0bfd939327d,2.279949,19.543366,1,13969,2,1,0,0,1,0,0,0,0,0,0,0,0,1
2927,16,15b4cfb8dc7370b0,1.71284,18.161045,1,14028,1,1,0,0,0,0,0,0,0,0,0,0,0,1
2928,16,ab2a636f3472785e,2.332231,20.0,1,13751,1,0,0,0,1,0,0,0,0,0,0,0,0,1
2929,16,47fc2d2b25b94248,1.752118,18.968653,1,14070,1,1,0,0,1,0,0,0,0,0,0,0,0,0
2930,16,bb515cc179bc7bcd,1.316301,20.0,1,13877,1,1,0,0,1,0,0,0,0,0,0,0,0,1
2931,16,bd25a83921ffaf06,2.032541,15.932875,0,14000,1,0,0,0,0,0,0,0,0,0,0,0,0,0
2932,16,973dcd557efd70a4,2.57265,18.942752,1,14099,2,1,0,0,1,0,0,0,0,0,0,0,0,1
2933,16,f4acecc7d91f8a60,1.932736,20.0,1,14045,1,1,0,0,1,0,0,0,0,0,0,0,0,1
2934,16,cb51cfd5bc8e0866,1.451992,20.0,1,14067,1,1,0,0,1,0,0,0,0,0,0,0,0,1
2935,16,26f518e116ce1d14,2.136069,17.203037,0,13856,1,0,0,0,0,0,0,0,0,0,0,0,0,0
2936,16,813ae52b4f5cd4c6,1.604749,19.881688,1,14115,1,1,0,0,1,0,0,0,0,0,0,0,0,1
2937,16,070a8e8cc658521e,1.205588,18.415213,1,14109,1,1,0,0,1,0,0,0,0,0,0,0,0,0
2938,16,19ad95fa85965f03,1.949367,20.0,1,14112,2,1,0,0,1,0,0,0,0,0,0,0,0,1
2939,16,7cab6bd0eb8c018f,2.510102,19.116645,1,14049,1,0,0,0,0,0,0,0,0,0,0,0,0,1
2940,16,9496b5c371c50574,1.885746,20.0,1,14113,1,1,0,0,1,0,0,0,0,0,0,0,0,1
2941,16,e02b163a14fb1811,1.41669,20.0,1,14237,1,1,0,0,1,0,0,0,0,0,0,0,0,1
2942,16,5922081e930533f2,2.109522,20.0,1,14102,2,1,0,0,1,0,0,0,0,0,0,0,0,1
2943,16,06a14ba7d2b407cb,1.584805,18.208988,0,14217,1,1,0,0,0,0,0,0,0,0,0,0,0,0
2944,16,521450f85fc10c7e,2.234258,20.0,1,14308,1,0,0,0,1,0,0,0,0,0,0,0,0,1
2945,16,486b1bc027108779,1.678515,18.982967,1,14404,1,1,0,0,1,0,0,0,0,0,0,0,0,0
2946,16,51558366bffde1b8,1.262267,20.0,1,14331,1,1,0,0,1,0,0,0,0,0,0,0,0,1
2947,16,357d4ce80897be32,3.035601,19.433007,1,14429,2,0,0,0,0,0,0,0,0,0,0,0,0,1
2948,16,92bf06a3be0edbb2,2.280533,18.078136,1,14463,1,1,0,0,1,0,0,0,0,0,0,0,0,0
2949,16,d41dbc8be39f297e,1.714994,20.0,1,14494,1,1,0,0,1,0,0,0,0,0,0,0,0,1
2950,16,af032e4a56af0158,1.288411,20.0,1,14569,1,1,0,0,1,0,0,0,0,0,0,0,0,1
2951,16,1cb696b44fd26f94,0.967935,16.828777,0,14500,1,1,0,0,0,0,0,0,0,0,0,0,0,0
2952,16,c46e084988a2ec3f,2.81448,19.60052,1,14520,2,0,0,0,1,0,0,0,0,0,0,0,0,1
2953,16,93600c942ffb563a,2.116529,20.0,1,14569,1,1,0,0,1,0,0,0,0,0,0,0,0,1
2954,16,503c76479d54cfec,1.590069,20.0,1,14674,1,1,0,0,1,0,0,0,0,0,0,0,0,1
2955,16,1d51d065c4ea76f0,2.238213,20.0,1,14486,1,0,0,0,0,0,0,0,0,0,0,0,0,1
2956,16,ff155b6f0ba1f912,2.727318,20.0,1,14489,2,1,0,0,1,0,0,0,0,0,0,0,0,1
2957,16,f60d8bb3753234df,2.048932,20.0,1,14690,1,1,0,0,1,0,0,0,0,0,0,0,0,1
2958,16,3b3a1e9b142071ce,1.539286,20.0,1,14773,1,1,0,0,1,0,0,0,0,0,0,0,0,0
2959,16,769abeac29d2fd42,2.200062,19.65213,1,14573,1,0,0,0,0,0,0,0,0,0,0,0,0,1
2960,16,379d4efdb2ffeb79,1.654478,20.0,1,14659,1,1,0,0,1,0,0,0,0,0,0,0,0,1
2961,16,fe4ae894cdbf1639,2.286601,20.0,1,14839,2,1,0,0,1,0,0,0,0,0,0,0,0,1
2962,16,36b5457f9890dff0,1.717838,17.496832,0,14633,1,1,0,0,0,0,0,0,0,0,0,0,0,0
2963,16,b098bbb4102479c4,2.335989,20.0,1,14863,1,0,0,0,1,0,0,0,0,0,0,0,0,1
2964,16,9cfbc522f9cec8b7,1.754941,18.5934,1,14764,1,1,0,0,1,0,0,0,0,0,0,0,0,0
2965,16,ab155ace67538cd9,1.318422,20.0,1,14793,1,1,0,0,1,0,0,0,0,0,0,0,0,1
2966,16,943d6fbaa57a6325,3.077788,19.199928,1,14962,2,0,0,0,0,0,0,0,0,0,0,0,0,1
2967,16,06d166aa76747abb,2.31454,20.0,1,14895,1,1,0,0,1,0,0,0,0,0,0,0,0,1
2968,16,01acb05666a560bb,1.738827,16.076737,0,14769,1,1,0,0,0,0,0,0,0,0,0,0,0,0
2969,16,5326a647843da347,2.349969,19.03554,1,14911,1,0,0,0,1,0,0,0,0,0,0,0,0,1
2970,16,2ca5ae76cf13fb39,1.767211,17.795499,1,14965,1,1,0,0,1,0,0,0,0,0,0,0,0,0
2971,16,900199d7114c3ff6,2.371293,16.847938,1,14774,1,0,0,0,0,0,0,0,0,0,0,0,0,1
2972,16,5bd93c5b6d78c671,1.781463,19.614915,1,14941,1,1,0,0,1,0,0,0,0,0,0,0,0,1
2973,16,8ffb28eee156db55,2.382,20.0,1,14868,2,1,0,0,1,0,0,0,0,0,0,0,0,1
2974,16,18b55b1a8fcdd5d6,2.835449,19.794429,1,14870,1,0,0,0,0,0,0,0,0,0,0,0,0,1
2975,16,d82738fe564d0f13,2.130167,18.349659,1,14992,1,1,0,0,1,0,0,0,0,0,0,0,0,0
2976,16,d0a5c3e057a920e8,2.643968,20.0,1,14921,2,1,0,0,1,0,0,0,0,0,0,0,0,1
2977,16,896caafc140503c5,1.988302,20.0,1,15050,1,1,0,0,1,0,0,0,0,0,0,0,0,1
2978,16,f9014a2278fe991d,2.53739,16.948569,0,15023,1,0,0,0,0,0,0,0,0,0,0,0,0,0
2979,16,ee18f306c06ff068,1.906246,19.690515,1,15068,1,1,0,0,1,0,0,0,0,0,0,0,0,1
2980,17,1fd48474a6be9a50,2.475745,20.0,1,14061,2,1,0,0,1,0,0,0,0,0,0,0,0,1
2981,17,530e0ea8d92a6d51,2.905946,19.83714,1,13993,1,0,0,0,0,0,0,0,0,0,0,0,0,1
2982,17,9d91a06f605c6d81,1.139475,18.381746,1,14248,0,1,0,0,1,0,0,0,0,0,0,0,0,0
2983,17,1bedfd585b1aa4b9,1.899698,20.0,1,14105,2,1,0,0,1,0,0,0,0,0,0,0,0,1
2984,17,26a9669cba5af3ef,2.472751,15.617236,0,14269,1,0,0,0,0,0,0,0,0,0,0,0,0,0
2985,17,4f55c5e4b2d3c044,1.857685,18.690335,1,14098,1,1,0,0,1,0,0,0,0,0,0,0,0,1
2986,17,429a6cfc04b09590,1.395609,14.04135,0,14071,1,1,0,0,0,0,0,0,0,0,0,0,0,0
2987,17,bfd1095e82cc3b3f,2.092123,17.50643,1,14227,1,0,0,0,1,0,0,0,0,0,0,0,0,1
2988,17,e8a24dfe484cb614,1.573306,20.0,1,13987,1,1,0,0,1,0,0,0,0,0,0,0,0,1
2989,17,a8eb40163c807ab7,1.181966,20.0,1,13861,1,1,0,0,1,0,0,0,0,0,0,0,0,1
2990,17,b734eb68cadec0ba,1.93162,16.586126,0,13912,1,0,0,0,0,0,0,0,0,0,0,0,0,0
2991,17,03ed9d518f369873,1.452606,19.434006,1,13943,1,1,0,0,1,0,0,0,0,0,0,0,0,1
2992,17,cd43fcebe8f5e6e6,2.134942,14.600043,0,14035,1,0,0,0,0,0,0,0,0,0,0,0,0,0
2993,17,338e1a6d9a9334b5,1.603902,17.926155,1,13939,1,1,0,0,1,0,0,0,0,0,0,0,0,1
2994,17,f71f04d2a5841727,1.204952,16.946095,1,14139,1,1,0,0,1,0,0,0,0,0,0,0,0,0
2995,17,dab4ff966e399802,1.950291,16.224207,1,14004,1,0,0,0,0,0,0,0,0,0,0,0,0,1
2996,17,339e340883d8ecaf,1.465181,15.667484,1,14004,1,1,0,0,1,0,0,0,0,0,0,0,0,0
2997,17,0f3eea50b2030a66,1.100736,18.728084,1,14076,1,1,0,0,1,0,0,0,0,0,0,0,0,1
2998,17,157d3461e0a7f335,0.827769,14.083786,0,13930,1,1,0,0,0,0,0,0,0,0,0,0,0,0
2999,17,f1991b9aba19249f,1.665525,17.538311,1,14020,1,0,0,0,1,0,0,0,0,0,0,0,0,1
3000,17,f0cae4ef532c2023,1.251247,16.654722,1,13932,1,1,0,0,1,0,0,0,0,0,0,0,0,0
3001,17,3dc875a761d5c5ef,1.983668,19.469759,1,14131,2,1,0,0,1,0,0,0,0,0,0,0,0,1
3002,17,e90cc852e180b7a9,1.491747,20.0,1,13890,1,1,0,0,1,0,0,0,0,0,0,0,0,1
3003,17,0843c071791750a4,2.164347,19.708025,1,14072,1,0,0,0,0,0,0,0,0,0,0,0,0,1
3004,17,e7652621d19bb2aa,1.625993,18.284747,1,13982,1,1,0,0,1,0,0,0,0,0,0,0,0,0
3005,17,83403ab2ce2e5edc,1.22277,20.0,1,13926,1,1,0,0,1,0,0,0,0,0,0,0,0,1
3006,17,31f44b91b5854a60,0.918621,19.03854,1,13937,1,1,0,0,1,0,0,0,0,0,0,0,0,0
3007,17,9eeb382b0724ec5e,1.733779,17.781788,1,13881,1,0,0,0,0,0,0,0,0,0,0,0,0,1
3008,17,8cf44fb6a5bc2678,1.302524,20.0,1,13874,1,1,0,0,1,0,0,0,0,0,0,0,0,1
3009,17,26302fd6db433208,2.023667,20.0,1,13861,2,1,0,0,1,0,0,0,0,0,0,0,0,1
3010,17,212d5aa4658ea2f7,1.520305,20.0,1,14073,1,1,0,0,1,0,0,0,0,0,0,0,0,0
3011,17,37a5a18fb6caef37,2.185802,18.644124,1,14073,1,0,0,0,0,0,0,0,0,0,0,0,0,1
3012,17,79c0b206a03c3fd7,1.643754,17.501149,1,13997,1,1,0,0,1,0,0,0,0,0,0,0,0,0
3013,17,c2376b0af88b997c,1.234891,20.0,1,13930,1,1,0,0,1,0,0,0,0,0,0,0,0,1
3014,17,6484211bcaa3988b,1.971381,18.583466,1,14071,1,0,0,0,0,0,0,0,0,0,0,0,0,1
3015,17,bb6c2f7a25964c84,2.524678,20.0,1,13958,2,1,0,0,1,0,0,0,0,0,0,0,0,1
3016,17,66b1f64089a6f384,1.898594,20.0,1,13939,1,1,0,0,1,0,0,0,0,0,0,0,0,1
3017,17,ea8c132e457af786,1.426343,20.0,1,13910,1,1,0,0,1,0,0,0,0,0,0,0,0,0
3018,17,052f36be903b4c06,3.158865,18.899748,1,14018,2,0,0,0,0,0,0,0,0,0,0,0,0,1
3019,17,8e82ec90f90651e7,2.375511,20.0,1,13997,1,1,0,0,1,0,0,0,0,0,0,0,0,1
3020,17,4f7951c9fb9652a2,1.784633,20.0,1,14016,1,1,0,0,1,0,0,0,0,0,0,0,0,1
3021,17,d7844e8c8ba22263,2.384381,17.177497,0,14041,1,0,0,0,0,0,0,0,0,0,0,0,0,0
3022,17,6924a5f6007e7c0e,1.791296,19.8625,1,14052,1,1,0,0,1,0,0,0,0,0,0,0,0,1
3023,17,989e039664e0383c,1.34708,20.0,1,13804,1,1,0,0,1,0,0,0,0,0,0,0,0,1
3024,17,b83094f7827bc2cc,2.055665,19.929908,1,13970,2,1,0,0,1,0,0,0,0,0,0,0,0,0
3025,17,d70399cdf9ed2253,2.587997,18.451439,1,13880,1,0,0,0,0,0,0,0,0,0,0,0,0,1
3026,17,ffe0a7377361fbe8,1.946211,20.0,1,13919,1,1,0,0,1,0,0,0,0,0,0,0,0,1
3027,17,6bacbc7497219c94,1.462115,20.0,1,13959,1,1,0,0,1,0,0,0,0,0,0,0,0,1
3028,17,766c142925e80d9b,1.098433,16.987219,0,13914,1,1,0,0,0,0,0,0,0,0,0,0,0,0
3029,17,d6e4501b7407447d,1.868865,19.719552,1,14012,1,0,0,0,1,0,0,0,0,0,0,0,0,1
3030,17,93c90bd1b22461a4,1.405413,20.0,1,13921,1,1,0,0,1,0,0,0,0,0,0,0,0,1
3031,17,32134b765ccf6fa2,1.055834,19.849148,1,14113,1,1,0,0,1,0,0,0,0,0,0,0,0,0
3032,17,edbb1b237f6f8141,1.836862,20.0,1,13986,2,1,0,0,1,0,0,0,0,0,0,0,0,1
3033,17,c4739f05c1ff2efd,2.425497,19.926762,1,14028,1,0,0,0,0,0,0,0,0,0,0,0,0,1
3034,17,ca0971b523ab45b2,1.822185,20.0,1,13877,1,1,0,0,1,0,0,0,0,0,0,0,0,1
3035,17,f18e9c00f8624c51,1.36894,20.0,1,13978,1,1,0,0,1,0,0,0,0,0,0,0,0,1
3036,17,fe74e5da29b347fd,2.072087,20.0,1,14050,2,1,0,0,0,0,0,0,0,0,0,0,0,1
3037,17,10d496b4663bc6b6,2.602389,19.334403,1,13875,1,0,0,0,1,0,0,0,0,0,0,0,0,0
3038,17,c1eea8f9c0febeb8,1.955078,20.0,1,13862,1,1,0,0,1,0,0,0,0,0,0,0,0,1
3039,17,8c5bfe3716835382,1.468777,19.618147,1,13935,1,1,0,0,1,0,0,0,0,0,0,0,0,0
3040,17,26d9ffb64b6de79c,1.104541,18.233628,1,13875,1,1,0,0,0,0,0,0,0,0,0,0,0,1
3041,17,99ad9bbd22202199,1.873454,17.177087,1,13903,1,0,0,0,1,0,0,0,0,0,0,0,0,0
3042,17,ba04675233c68b3b,1.407456,19.862193,1,14037,1,1,0,0,1,0,0,0,0,0,0,0,0,1
3043,17,4a56fa8141c32c19,2.101022,20.0,1,13830,2,1,0,0,1,0,0,0,0,0,0,0,0,1
3044,17,eff3cb35f31610fa,1.579999,20.0,1,13924,1,1,0,0,1,0,0,0,0,0,0,0,0,1
3045,17,ebb096da8b7ace62,1.186994,17.590538,0,13978,1,1,0,0,0,0,0,0,0,0,0,0,0,0
3046,17,e58be22c083ad9d6,1.935398,20.0,1,13870,1,0,0,0,1,0,0,0,0,0,0,0,0,1
3047,17,520794db6a32a2b5,1.455447,20.0,1,13779,1,1,0,0,1,0,0,0,0,0,0,0,0,1
3048,17,cceec8060cea538f,1.093423,20.0,1,13940,1,1,0,0,1,0,0,0,0,0,0,0,0,0
3049,17,51287a1f4ea9b00d,2.908754,18.583142,1,13925,2,0,0,0,0,0,0,0,0,0,0,0,0,1
3050,17,e1d9642a02a27189,1.141585,20.0,1,13891,0,1,0,0,1,0,0,0,0,0,0,0,0,1
3051,17,a294c2535d512897,1.902639,20.0,1,13876,2,1,0,0,1,0,0,0,0,0,0,0,0,1
3052,17,c5c7533053b0103a,1.429381,20.0,1,13972,1,1,0,0,0,0,0,0,0,0,0,0,0,1
3053,17,3c6c0b16ea2997da,2.117494,18.899645,1,13918,1,0,0,0,1,0,0,0,0,0,0,0,0,0
3054,17,857b7b015db309af,1.592386,20.0,1,13984,1,1,0,0,1,0,0,0,0,0,0,0,0,1
3055,17,02dbfe7f533b644f,2.239953,19.385933,1,13948,1,0,0,0,0,0,0,0,0,0,0,0,0,1
3056,17,0e9197a312c3b827,1.682793,18.042772,1,13922,1,1,0,0,1,0,0,0,0,0,0,0,0,0
3057,17,ba8b6815578568b9,1.26422,20.0,1,13947,1,1,0,0,1,0,0,0,0,0,0,0,0,1
3058,17,66dd7853064cd037,1.994862,15.425729,0,13943,1,0,0,0,0,0,0,0,0,0,0,0,0,0
3059,17,a4838235ae942aab,2.542318,18.546463,1,13893,2,1,0,0,1,0,0,0,0,0,0,0,0,1
3060,17,e74d447dc0606f75,2.953602,17.412109,1,14096,1,0,0,0,0,0,0,0,0,0,0,0,0,1
3061,17,10df9a39134a9d50,2.221151,20.0,1,13883,1,1,0,0,1,0,0,0,0,0,0,0,0,1
3062,17,5208ab4461b62341,2.712321,15.06669,0,13973,1,0,0,0,0,0,0,0,0,0,0,0,0,0
3063,17,198ab552bfc6be66,2.037665,18.27673,1,13957,1,1,0,0,1,0,0,0,0,0,0,0,0,1
3064,17,0e2ceaabe15fdb7c,1.530822,17.209468,1,14043,1,1,0,0,1,0,0,0,0,0,0,0,0,0
3065,17,a0be1849b97be760,2.19535,16.422267,1,13859,2,1,0,0,0,0,0,0,0,0,0,0,0,1
3066,17,b627c0acc6f5dd72,2.692938,19.295125,1,13717,1,0,0,0,1,0,0,0,0,0,0,0,0,1
3067,17,2ad5a832140df023,2.023104,20.0,1,13865,1,1,0,0,1,0,0,0,0,0,0,0,0,1
3068,17,011c101988854854,1.521403,19.61376,1,13775,1,1,0,0,1,0,0,0,0,0,0,0,0,0
3069,17,d7d94676931b9984,2.186626,18.213929,1,13854,1,0,0,0,0,0,0,0,0,0,0,0,0,1
3070,17,ce19fd079223db6e,1.642731,17.162289,1,13636,1,1,0,0,1,0,0,0,0,0,0,0,0,0
3071,17,2ac0390fdaf55632,1.234122,16.372231,1,13526,1,1,0,0,0,0,0,0,0,0,0,0,0,1
3072,17,13fa3d717cc4f173,1.972228,15.792652,1,13858,1,0,0,0,1,0,0,0,0,0,0,0,0,0
3073,17,2a366df43b8821bd,1.481661,18.822118,1,13972,1,1,0,0,1,0,0,0,0,0,0,0,0,1
3074,17,28107cb270c234e3,1.113117,17.619198,1,13884,1,1,0,0,1,0,0,0,0,0,0,0,0,0
3075,17,e6ad969e736378d7,0.83708,16.73039,1,13764,1,1,0,0,0,0,0,0,0,0,0,0,0,1
3076,17,f5bbe3eb080ea665,1.67252,16.047761,1,14044,1,0,0,0,1,0,0,0,0,0,0,0,0,0
3077,17,7792770896f59847,1.256502,19.013772,1,13802,1,1,0,0,1,0,0,0,0,0,0,0,0,1
3078,17,221eed2ed29237f8,0.943963,20.0,1,13850,1,1,0,0,1,0,0,0,0,0,0,0,0,1
3079,17,3342864d32dd55de,1.754024,15.974306,0,13747,1,0,0,0,0,0,0,0,0,0,0,0,0,0
3080,17,47738e6b5bd1ea26,1.317733,18.958588,1,13671,1,1,0,0,1,0,0,0,0,0,0,0,0,1
3081,17,878a68f20d79c0df,0.989963,17.721723,1,13838,1,1,0,0,1,0,0,0,0,0,0,0,0,0
3082,17,cbeb2a05194d7bf3,1.788617,16.80749,1,13772,1,0,0,0,0,0,0,0,0,0,0,0,0,1
3083,17,ae6512f2b25ff6ed,1.343721,16.105683,1,13716,1,1,0,0,1,0,0,0,0,0,0,0,0,0
3084,17,7c65d4740e45b470,1.009487,19.057287,1,13809,1,1,0,0,1,0,0,0,0,0,0,0,0,1
3085,17,fa41aa6d89f87074,0.75839,20.0,1,13829,1,1,0,0,1,0,0,0,0,0,0,0,0,1
3086,17,9145d2dacd7747d5,1.614471,15.99889,0,13618,1,0,0,0,0,0,0,0,0,0,0,0,0,0
3087,17,95f5a831367f055d,1.212891,18.977057,1,13825,1,1,0,0,1,0,0,0,0,0,0,0,0,1
3088,17,a427938b8be938d0,0.9112,17.735598,1,13682,1,1,0,0,1,0,0,0,0,0,0,0,0,0
3089,17,6098d79621b7c524,2.773536,16.817924,1,13703,2,0,0,0,0,0,0,0,0,0,0,0,0,1
3090,17,f1980cc91441882c,2.083654,19.592367,1,13829,1,1,0,0,1,0,0,0,0,0,0,0,0,1
3091,17,15e526d13416f243,1.565372,20.0,1,13848,1,1,0,0,1,0,0,0,0,0,0,0,0,1
3092,17,a16211d44f069988,2.219658,16.284896,0,13817,1,0,0,0,0,0,0,0,0,0,0,0,0,0
3093,17,29581ba4c913c1fe,1.669215,19.207477,1,13805,1,1,0,0,1,0,0,0,0,0,0,0,0,1
3094,17,755c9388f5dafc75,1.254019,17.908704,1,13631,1,1,0,0,1,0,0,0,0,0,0,0,0,0
3095,17,1520c005ea6b66f4,0.942097,20.0,1,13725,1,1,0,0,1,0,0,0,0,0,0,0,0,1
3096,17,9b7c5e5875b1588b,0.708471,18.830488,1,13661,1,1,0,0,1,0,0,0,0,0,0,0,0,0
3097,17,34ee1a73cdab6a93,2.619554,17.625486,1,13694,2,0,0,0,0,0,0,0,0,0,0,0,0,1
3098,17,b72aaa34b04a2c18,1.967973,20.0,1,13585,1,1,0,0,1,0,0,0,0,0,0,0,0,1
3099,17,68dbb92fe2e4410b,1.478465,20.0,1,13581,1,1,0,0,1,0,0,0,0,0,0,0,0,1
3100,17,bb220bcc948af029,1.111827,20.0,1,13627,1,1,0,0,0,0,0,0,0,0,0,0,0,1
3101,17,2a281ba623121173,1.878927,18.597589,1,13729,1,0,0,0,1,0,0,0,0,0,0,0,0,0
3102,17,3af233fe0a613c97,1.411568,20.0,1,13881,1,1,0,0,1,0,0,0,0,0,0,0,0,1
3103,17,419d1de992372adf,1.061519,19.219681,1,13624,1,1,0,0,1,0,0,0,0,0,0,0,0,0
3104,17,9652945413efd964,0.79748,20.0,1,13715,1,1,0,0,1,0,0,0,0,0,0,0,0,1
3105,17,3a61ee94ea5d0001,0.599117,16.074553,0,13658,1,1,0,0,0,0,0,0,0,0,0,0,0,0
3106,17,cb1366acab0aef81,2.537401,19.0339,1,13770,2,0,0,0,1,0,0,0,0,0,0,0,0,1
3107,17,99d9e7dd98a9bf3d,1.908161,20.0,1,13791,1,1,0,0,1,0,0,0,0,0,0,0,0,1
3108,17,cf6b2b9cad388626,1.43353,20.0,1,13198,1,1,0,0,1,0,0,0,0,0,0,0,0,1
3109,17,4d5a2deca2ca1790,2.120611,20.0,1,12989,1,0,0,0,0,0,0,0,0,0,0,0,0,1
3110,17,0366df9a5651536c,1.59473,19.057183,1,12727,1,1,0,0,1,0,0,0,0,0,0,0,0,0
3111,17,a2c1298d7e1f0d6a,1.198061,20.0,1,13447,1,1,0,0,1,0,0,0,0,0,0,0,0,1
3112,17,7ca9575b6d9b0f15,0.900058,20.0,1,13242,1,1,0,0,1,0,0,0,0,0,0,0,0,1
3113,17,e0b44a62a495148a,1.719834,17.234362,0,13163,1,0,0,0,0,0,0,0,0,0,0,0,0,0
3114,17,0e57eb802e9b645a,1.293339,19.921489,1,13039,1,1,0,0,1,0,0,0,0,0,0,0,0,1
3115,17,57abc37f68a6d307,0.971637,20.0,1,13007,1,1,0,0,1,0,0,0,0,0,0,0,0,1
3116,17,2ff0029cf6eb1869,0.729955,19.949496,1,13049,1,1,0,0,1,0,0,0,0,0,0,0,0,0
3117,17,72ba4ea9e64ae97e,0.548937,18.482807,1,12928,1,1,0,0,0,0,0,0,0,0,0,0,0,1
3118,17,b3943dfb76c172c8,1.456049,17.364286,1,13188,1,0,0,0,1,0,0,0,0,0,0,0,0,0
3119,17,a345f09891a513cf,1.093875,20.0,1,12809,1,1,0,0,1,0,0,0,0,0,0,0,0,1
3120,17,79c3e739e96fc4af,0.821787,18.506222,1,12657,1,1,0,0,1,0,0,0,0,0,0,0,0,0
3121,17,7ac283d757c77319,0.617996,20.0,1,12717,1,1,0,0,1,0,0,0,0,0,0,0,0,1
3122,17,8e535cb10809aceb,1.507931,15.68482,0,12406,1,0,0,0,0,0,0,0,0,0,0,0,0,0
3123,17,f562d8dd4ddf18c2,1.132852,18.741108,1,12518,1,1,0,0,1,0,0,0,0,0,0,0,0,1
3124,17,f5c7fe91cf031bb0,1.896071,20.0,1,12615,2,1,0,0,1,0,0,0,0,0,0,0,0,1
3125,17,669f46a110a31f82,1.424447,19.296366,1,12614,1,1,0,0,1,0,0,0,0,0,0,0,0,0
3126,17,ec8e3ce753eec99d,2.113787,17.975483,1,12665,1,0,0,0,0,0,0,0,0,0,0,0,0,1
3127,17,3a3fbcb151845e70,1.58801,16.983153,1,12621,1,1,0,0,1,0,0,0,0,0,0,0,0,0
3128,17,97e005eb07344a5c,1.194206,19.732577,1,12942,1,1,0,0,1,0,0,0,0,0,0,0,0,1
3129,17,f22432a8f96d3e2c,1.940816,20.0,1,13190,2,1,0,0,1,0,0,0,0,0,0,0,0,1
3130,17,2f6c75b31688d740,2.501716,19.842874,1,13206,1,0,0,0,0,0,0,0,0,0,0,0,0,1
3131,17,7605f8eaee537d23,1.881326,18.402626,1,13069,1,1,0,0,1,0,0,0,0,0,0,0,0,0
3132,17,ed68bd676421f029,2.457023,17.304049,1,13316,1,0,0,0,0,0,0,0,0,0,0,0,0,1
3133,17,12c831804415f678,1.84587,16.47873,1,13263,1,1,0,0,1,0,0,0,0,0,0,0,0,0
3134,17,6f8a800bce277825,1.386733,19.337543,1,13329,1,1,0,0,1,0,0,0,0,0,0,0,0,1
3135,17,de87318c571bf485,1.042843,20.0,1,13071,1,1,0,0,1,0,0,0,0,0,0,0,0,1
3136,17,2c73347c17cd2efe,1.827102,16.154484,0,13551,1,0,0,0,0,0,0,0,0,0,0,0,0,0
3137,17,f69de7f148390bdd,1.372634,19.093949,1,13589,1,1,0,0,1,0,0,0,0,0,0,0,0,1
3138,17,f675cd235f32f14c,2.076391,20.0,1,13373,2,1,0,0,1,0,0,0,0,0,0,0,0,1
3139,17,0e09fc423c5dca21,1.559915,19.495707,1,13429,1,1,0,0,1,0,0,0,0,0,0,0,0,0
3140,17,12a00da87496696f,2.215559,18.12524,1,13370,1,0,0,0,0,0,0,0,0,0,0,0,0,1
3141,17,d0d10bcb58a70397,1.664467,20.0,1,13473,1,1,0,0,1,0,0,0,0,0,0,0,0,1
3142,17,4c1bb360cd0c1de9,2.295853,15.472321,0,13313,1,0,0,0,0,0,0,0,0,0,0,0,0,0
3143,17,4545f841f8d87924,1.724789,18.581465,1,13528,1,1,0,0,1,0,0,0,0,0,0,0,0,1
3144,17,0c41a3a58635c657,1.295769,17.438405,1,12986,1,1,0,0,1,0,0,0,0,0,0,0,0,0
3145,17,6ada593448b49e90,2.018587,16.594431,1,13050,1,0,0,0,0,0,0,0,0,0,0,0,0,1
3146,17,530fe57b57393246,1.516489,15.94562,1,13167,1,1,0,0,1,0,0,0,0,0,0,0,0,0
3147,17,5466ee51ade3da13,1.139282,18.937037,1,13055,1,1,0,0,1,0,0,0,0,0,0,0,0,1
3148,17,eb3f09a38e17a154,2.943206,17.705533,1,13089,2,0,0,0,0,0,0,0,0,0,0,0,0,1
3149,17,7cc5541adc965029,2.213333,20.0,1,12950,1,1,0,0,1,0,0,0,0,0,0,0,0,1
3150,17,c617f4287e52b524,2.706448,18.711307,1,13196,1,0,0,0,0,0,0,0,0,0,0,0,0,1
3151,17,4d936e408510bb2d,2.033253,17.53595,1,13127,1,1,0,0,1,0,0,0,0,0,0,0,0,0
3152,18,1fd48474a6be9a50,1.529035,20.0,1,13984,1,1,0,0,1,0,0,0,0,0,0,0,0,1
3153,18,530e0ea8d92a6d51,1.148707,18.6155,1,14191,1,1,0,0,1,0,0,0,0,0,0,0,0,0
3154,18,9d91a06f605c6d81,1.906634,17.463974,1,14073,1,0,0,0,0,0,0,0,0,0,0,0,0,1
3155,18,1bedfd585b1aa4b9,1.432383,16.598875,1,14318,1,1,0,0,1,0,0,0,0,0,0,0,0,0
3156,18,26a9669cba5af3ef,1.077172,19.443594,1,14061,1,1,0,0,1,0,0,0,0,0,0,0,0,1
3157,18,4f55c5e4b2d3c044,1.852893,18.08609,1,14264,1,0,0,0,0,0,0,0,0,0,0,0,0,1
3158,18,429a6cfc04b09590,1.392009,17.066248,1,14099,1,1,0,0,1,0,0,0,0,0,0,0,0,0
3159,18,bfd1095e82cc3b3f,2.090961,16.314563,1,14000,1,0,0,0,0,0,0,0,0,0,0,0,0,1
3160,18,e8a24dfe484cb614,2.614514,19.214211,1,14083,2,1,0,0,1,0,0,0,0,0,0,0,0,1
3161,18,a8eb40163c807ab7,1.964187,17.913763,1,13903,1,1,0,0,1,0,0,0,0,0,0,0,0,0
3162,18,b734eb68cadec0ba,1.47562,20.0,1,14103,1,1,0,0,1,0,0,0,0,0,0,0,0,1
3163,18,03ed9d518f369873,2.153838,15.352844,0,13915,1,0,0,0,0,0,0,0,0,0,0,0,0,0
3164,18,cd43fcebe8f5e6e6,1.618098,18.491707,1,13941,1,1,0,0,1,0,0,0,0,0,0,0,0,1
3165,18,338e1a6d9a9334b5,1.215616,17.370973,1,13985,1,1,0,0,1,0,0,0,0,0,0,0,0,0
3166,18,f71f04d2a5841727,0.914161,20.0,1,13931,1,1,0,0,1,0,0,0,0,0,0,0,0,1
3167,18,dab4ff966e399802,1.730428,18.522294,1,13865,1,0,0,0,0,0,0,0,0,0,0,0,0,1
3168,18,339e340883d8ecaf,1.300006,17.393952,1,14058,1,1,0,0,1,0,0,0,0,0,0,0,0,0
3169,18,0f3eea50b2030a66,0.976646,20.0,1,14030,1,1,0,0,1,0,0,0,0,0,0,0,0,1
3170,18,157d3461e0a7f335,0.734452,18.539673,1,13950,1,1,0,0,1,0,0,0,0,0,0,0,0,0
3171,18,f1991b9aba19249f,1.595419,17.407008,1,14122,1,0,0,0,0,0,0,0,0,0,0,0,0,1
3172,18,f0cae4ef532c2023,2.242232,20.0,1,13996,2,1,0,0,1,0,0,0,0,0,0,0,0,1
3173,18,3dc875a761d5c5ef,1.686191,18.54705,1,13897,1,1,0,0,1,0,0,0,0,0,0,0,0,0
3174,18,e90cc852e180b7a9,2.310425,17.41255,1,14017,1,0,0,0,0,0,0,0,0,0,0,0,0,1
3175,18,0843c071791750a4,1.735736,20.0,1,13918,1,1,0,0,1,0,0,0,0,0,0,0,0,1
3176,18,e7652621d19bb2aa,1.303994,18.533461,1,13961,1,1,0,0,1,0,0,0,0,0,0,0,0,0
3177,18,83403ab2ce2e5edc,0.980622,20.0,1,13862,1,1,0,0,1,0,0,0,0,0,0,0,0,1
3178,18,31f44b91b5854a60,1.780358,15.700209,0,14059,1,0,0,0,0,0,0,0,0,0,0,0,0,0
3179,18,9eeb382b0724ec5e,2.38117,18.75267,1,13884,2,1,0,0,1,0,0,0,0,0,0,0,0,1
3180,18,8cf44fb6a5bc2678,1.790674,20.0,1,13915,1,1,0,0,1,0,0,0,0,0,0,0,0,1
3181,18,26302fd6db433208,1.345266,20.0,1,14006,1,1,0,0,1,0,0,0,0,0,0,0,0,1
3182,18,212d5aa4658ea2f7,1.010648,17.115071,0,14034,1,1,0,0,0,0,0,0,0,0,0,0,0,0
3183,18,37a5a18fb6caef37,1.802916,19.815602,1,13797,1,0,0,0,1,0,0,0,0,0,0,0,0,1
3184,18,79c0b206a03c3fd7,1.355818,18.382117,1,14002,1,1,0,0,1,0,0,0,0,0,0,0,0,0
3185,18,c2376b0af88b997c,1.018576,20.0,1,14091,1,1,0,0,1,0,0,0,0,0,0,0,0,1
3186,18,6484211bcaa3988b,0.765218,19.080681,1,14039,1,1,0,0,0,0,0,0,0,0,0,0,0,1
3187,18,bb6c2f7a25964c84,2.663756,20.0,1,13922,2,0,0,0,1,0,0,0,0,0,0,0,0,1
3188,18,f466ea3e27881dcb,2.00118,19.488211,1,14064,1,1,0,0,1,0,0,0,0,0,0,0,0,0
3189,18,8ee71a2f84ad9e11,1.503412,20.0,1,13912,1,1,0,0,1,0,0,0,0,0,0,0,0,1
3190,18,831e682f06209d94,1.129457,20.0,1,14023,1,1,0,0,1,0,0,0,0,0,0,0,0,1
3191,18,13070a4d1d516b5a,1.893518,17.434548,0,13974,1,0,0,0,0,0,0,0,0,0,0,0,0,0
3192,18,b4a7747b9ea2a33b,1.42253,20.0,1,14030,1,1,0,0,1,0,0,0,0,0,0,0,0,1
3193,18,b5c8f90ae8f713ac,1.068693,18.545877,1,13839,1,1,0,0,1,0,0,0,0,0,0,0,0,0
3194,18,5146b576adaaaecf,0.803673,20.0,1,13955,1,1,0,0,1,0,0,0,0,0,0,0,0,1
3195,18,6582a72f0b630679,1.647423,19.186068,1,13970,1,0,0,0,0,0,0,0,0,0,0,0,0,1
3196,18,b40d1b22d6b1cd91,2.2813,20.0,1,13972,2,1,0,0,1,0,0,0,0,0,0,0,0,1
3197,18,63b42876cdc021c6,1.713856,20.0,1,14071,1,1,0,0,1,0,0,0,0,0,0,0,0,1
3198,18,9420ee3eaa337cb4,1.288844,20.0,1,13846,1,1,0,0,1,0,0,0,0,0,0,0,0,0
3199,18,3785343bf90ad03b,2.011914,19.095198,1,13998,1,0,0,0,0,0,0,0,0,0,0,0,0,1
3200,18,ca1cd686e1be0b6e,1.511475,20.0,1,13879,1,1,0,0,1,0,0,0,0,0,0,0,0,1
3201,18,4bef6431765ec49e,2.180802,20.0,1,13947,2,1,0,0,1,0,0,0,0,0,0,0,0,1
3202,18,3470a039844d0a69,1.638355,20.0,1,13859,1,1,0,0,1,0,0,0,0,0,0,0,0,1
3203,18,d518e4dbd53e5059,2.274488,18.197601,0,14016,1,0,0,0,0,0,0,0,0,0,0,0,0,0
3204,18,1a847b388865ff47,1.708738,20.0,1,13851,1,1,0,0,1,0,0,0,0,0,0,0,0,1
3205,18,03cfcaa9035e4e59,1.284995,18.993703,1,13975,1,1,0,0,1,0,0,0,0,0,0,0,0,0
3206,18,a2cf50b1b231b827,0.965369,20.0,1,14112,1,1,0,0,1,0,0,0,0,0,0,0,0,1
3207,18,8ac5bb007fe7c1a1,2.812552,19.425857,1,13984,2,0,0,0,0,0,0,0,0,0,0,0,0,1
3208,18,22dd7eb789d4562f,2.115079,18.089023,1,13887,1,1,0,0,1,0,0,0,0,0,0,0,0,0
3209,18,069a9fbefe13cddc,1.58898,20.0,1,14175,1,1,0,0,1,0,0,0,0,0,0,0,0,1
3210,18,812c81a3455de134,1.193741,18.91526,1,13889,1,1,0,0,1,0,0,0,0,0,0,0,0,0
3211,18,ee0b347b118b70fc,1.940467,17.689172,1,14243,1,0,0,0,0,0,0,0,0,0,0,0,0,1
3212,18,106f55a5d876ae85,1.459259,16.783011,1,13943,1,1,0,0,1,0,0,0,0,0,0,0,0,0
3213,18,b230b5c2b1072d46,1.096286,19.566138,1,13952,1,1,0,0,1,0,0,0,0,0,0,0,0,1
3214,18,f8d8d8adc44bb262,0.823599,18.178153,1,14039,1,1,0,0,1,0,0,0,0,0,0,0,0,0
3215,18,20f0d3bb32f6f13b,2.707659,17.150732,1,13989,2,0,0,0,0,0,0,0,0,0,0,0,0,1
3216,18,6a8d869beb488128,2.034163,19.842393,1,13863,1,1,0,0,1,0,0,0,0,0,0,0,0,1
3217,18,38d4f03f658cd6b5,1.528191,20.0,1,14013,1,1,0,0,1,0,0,0,0,0,0,0,0,1
3218,18,778f339acc9c5240,2.191726,19.904854,1,13979,1,0,0,0,0,0,0,0,0,0,0,0,0,1
3219,18,9ad5be94a1495bb6,1.648209,18.449235,1,13869,1,1,0,0,1,0,0,0,0,0,0,0,0,0
3220,18,1b63866609a63433,2.281891,20.0,1,13990,2,1,0,0,1,0,0,0,0,0,0,0,0,1
3221,18,be1d7f3204c52d69,1.7143,20.0,1,13935,1,1,0,0,1,0,0,0,0,0,0,0,0,1
3222,18,80c3934cd8b20395,2.333328,20.0,1,14036,1,0,0,0,0,0,0,0,0,0,0,0,0,1
3223,18,ae359f7eaa3147d5,1.752942,20.0,1,13976,1,1,0,0,1,0,0,0,0,0,0,0,0,1
3224,18,6b37baef58bd0d48,1.31692,20.0,1,14012,1,1,0,0,1,0,0,0,0,0,0,0,0,0
3225,18,9ccd685e3d50fbd0,0.989353,20.0,1,13960,1,1,0,0,1,0,0,0,0,0,0,0,0,1
3226,18,4a5b49b34e20e814,2.832308,20.0,1,14009,2,0,0,0,0,0,0,0,0,0,0,0,0,1
3227,18,97edeee25ab2262c,2.127807,18.624037,1,14024,1,1,0,0,1,0,0,0,0,0,0,0,0,0
3228,18,189db442d45b4dba,2.642196,17.470387,1,13935,1,0,0,0,0,0,0,0,0,0,0,0,0,1
3229,18,0c095d052210a546,1.986969,20.0,1,13967,1,1,0,0,1,0,0,0,0,0,0,0,0,1
3230,18,3bbbd8f5a7099e89,1.492735,18.57846,1,13987,1,1,0,0,1,0,0,0,0,0,0,0,0,0
3231,18,cd4cd762f1161002,3.208743,17.436147,1,14139,2,0,0,0,0,0,0,0,0,0,0,0,0,1
3232,18,c0b2cd7357d9031a,2.410609,20.0,1,13946,1,1,0,0,1,0,0,0,0,0,0,0,0,1
3233,18,7008db858af2eeae,1.812812,18.563512,1,14112,1,1,0,0,1,0,0,0,0,0,0,0,0,0
3234,18,7c0df5440a29d319,2.405551,17.424917,1,14287,1,0,0,0,0,0,0,0,0,0,0,0,0,1
3235,18,08c3c854453b0f58,1.807201,16.569533,1,13912,1,1,0,0,1,0,0,0,0,0,0,0,0,0
3236,18,e33e2ec59b8a3942,1.359041,19.421529,1,13906,1,1,0,0,1,0,0,0,0,0,0,0,0,1
3237,18,f4b797aa8e73a3bc,2.06465,18.069513,1,14046,1,0,0,0,0,0,0,0,0,0,0,0,0,1
3238,18,a12dd495bc0c15b5,2.594748,17.053794,1,13957,2,1,0,0,1,0,0,0,0,0,0,0,0,0
3239,18,f7f186c686b71cf1,2.99299,16.290722,1,13956,1,0,0,0,0,0,0,0,0,0,0,0,0,1
3240,18,f9dc543e5cb086d8,2.250771,19.211859,1,13777,1,1,0,0,1,0,0,0,0,0,0,0,0,1
3241,18,09b1dd70b524f8b6,1.69092,17.911996,1,14067,1,1,0,0,1,0,0,0,0,0,0,0,0,0
3242,18,4bbcd39d38d3c0b0,1.270325,16.935457,1,14320,1,1,0,0,0,0,0,0,0,0,0,0,0,1
3243,18,ebf6fc047500ea69,1.999453,16.216207,1,14445,1,0,0,0,1,0,0,0,0,0,0,0,0,0
3244,18,e36599f44bff2308,1.502114,19.140319,1,14170,1,1,0,0,1,0,0,0,0,0,0,0,0,1
3245,18,68d7e2dd7f04ca7c,1.128482,17.858251,1,14067,1,1,0,0,0,0,0,0,0,0,0,0,0,1
3246,18,2d244eaa0d05a136,1.89144,16.895081,1,14155,1,0,0,0,1,0,0,0,0,0,0,0,0,0
3247,18,7fc983ff58e3d769,1.42239,19.666345,1,13996,1,1,0,0,1,0,0,0,0,0,0,0,0,1
3248,18,68175ec6fb8be8df,1.068588,20.0,1,14112,1,1,0,0,1,0,0,0,0,0,0,0,0,1
3249,18,1a84fcf1ac4acdb2,0.80279,19.805493,1,13915,1,1,0,0,1,0,0,0,0,0,0,0,0,0
3250,18,aaf84baeb3acb92d,2.692011,18.374515,1,13851,2,0,0,0,0,0,0,0,0,0,0,0,0,1
3251,18,d568457823951ea9,0.978754,20.0,1,14093,0,1,0,0,1,0,0,0,0,0,0,0,0,1
3252,18,ad1fa2d5c578b53f,1.778954,20.0,1,13889,2,1,0,0,1,0,0,0,0,0,0,0,0,1
3253,18,6e3bb6a9009c0c41,1.336462,20.0,1,13694,1,1,0,0,1,0,0,0,0,0,0,0,0,0
3254,18,162ab713abaa13c2,1.005038,18.839452,1,13982,1,1,0,0,0,0,0,0,0,0,0,0,0,1
3255,18,107d0506462a3b75,1.798701,17.632221,1,13874,1,0,0,0,1,0,0,0,0,0,0,0,0,0
3256,18,5af221057714ad43,1.351297,20.0,1,14039,1,1,0,0,1,0,0,0,0,0,0,0,0,1
3257,18,5d65d00bf9a360a2,1.016195,20.0,1,13816,1,1,0,0,1,0,0,0,0,0,0,0,0,1
3258,18,2c8efdba77234b6d,1.807082,16.644064,0,13866,1,0,0,0,0,0,0,0,0,0,0,0,0,0
3259,18,5542ee8f6a853c24,1.357593,19.461752,1,13861,1,1,0,0,1,0,0,0,0,0,0,0,0,1
3260,18,2832e5d49c9b0c4e,1.019909,18.099731,1,13927,1,1,0,0,1,0,0,0,0,0,0,0,0,0
3261,18,aee0b5e6371d63ec,0.766986,17.091758,1,13787,1,1,0,0,0,0,0,0,0,0,0,0,0,1
3262,18,41e23e56ef166d68,1.619861,16.319243,1,13923,1,0,0,0,1,0,0,0,0,0,0,0,0,0
3263,18,aba7f86ceeb20e78,1.216941,19.217726,1,14059,1,1,0,0,1,0,0,0,0,0,0,0,0,1
3264,18,eebe19e30392d06e,0.915157,20.0,1,13989,1,1,0,0,1,0,0,0,0,0,0,0,0,1
3265,18,af0c652477605ee9,0.687523,16.086792,0,13938,1,1,0,0,0,0,0,0,0,0,0,0,0,0
3266,18,73ba0aa13a6569d1,2.603817,19.043095,1,14047,2,0,0,0,1,0,0,0,0,0,0,0,0,1
3267,18,c9fdb98c19bc5046,1.956151,20.0,1,13946,1,1,0,0,1,0,0,0,0,0,0,0,0,1
3268,18,b047f7f57469ff24,1.471053,20.0,1,14033,1,1,0,0,1,0,0,0,0,0,0,0,0,1
3269,18,a2ef07f3074323ab,1.105147,20.0,1,13809,1,1,0,0,1,0,0,0,0,0,0,0,0,1
3270,18,7b8b07f848332940,1.873909,18.180987,0,14017,1,0,0,0,0,0,0,0,0,0,0,0,0,0
3271,18,8c7fafd72aa631a8,1.409206,20.0,1,13967,1,1,0,0,1,0,0,0,0,0,0,0,0,1
3272,18,0fb755ff114db72a,1.058684,20.0,1,13993,1,1,0,0,1,0,0,0,0,0,0,0,0,1
3273,18,cb20442e46314204,0.79535,20.0,1,13801,1,1,0,0,1,0,0,0,0,0,0,0,0,0
3274,18,fd7428ced4dd47b5,2.684823,18.767997,1,14086,2,0,0,0,0,0,0,0,0,0,0,0,0,1
3275,18,ee09c7c1cdd66093,2.019025,20.0,1,14013,1,1,0,0,1,0,0,0,0,0,0,0,0,1
3276,18,4ee464f3c610058c,1.516818,19.311557,1,13835,1,1,0,0,1,0,0,0,0,0,0,0,0,0
3277,18,b958bfa6c7b1c4c8,1.139529,20.0,1,14047,1,1,0,0,1,0,0,0,0,0,0,0,0,1
3278,18,1bf3c205c3ffcffd,1.901092,16.142542,0,13984,1,0,0,0,0,0,0,0,0,0,0,0,0,0
3279,18,0eafdbd4655a3212,1.42822,19.084978,1,13912,1,1,0,0,1,0,0,0,0,0,0,0,0,1
3280,18,33e86e38e5c3b727,1.072968,17.816675,1,13620,1,1,0,0,1,0,0,0,0,0,0,0,0,0
3281,18,7fb4d43df930dda4,1.849734,16.863846,1,13430,1,0,0,0,0,0,0,0,0,0,0,0,0,1
3282,18,90fab2d2d7d4cf9d,2.435177,19.642856,1,13086,2,1,0,0,1,0,0,0,0,0,0,0,0,1
3283,18,91d0c4b6942c14d4,1.829457,18.235788,1,13102,1,1,0,0,1,0,0,0,0,0,0,0,0,0
3284,18,efe864e44cd703a1,1.374403,17.17871,1,12943,1,1,0,0,0,0,0,0,0,0,0,0,0,1
3285,18,043a1d9b5802afdc,2.077721,16.399137,1,12637,1,0,0,0,1,0,0,0,0,0,0,0,0,0
3286,18,1335dfb8260e2ec3,1.560914,19.277747,1,12877,1,1,0,0,1,0,0,0,0,0,0,0,0,1
3287,18,a038d7536b939ca4,1.172656,17.961496,1,13000,1,1,0,0,1,0,0,0,0,0,0,0,0,0
3288,18,18d2377da795380e,1.924626,16.972645,1,12928,1,0,0,0,0,0,0,0,0,0,0,0,0,1
3289,18,e50b44167a542d20,1.447346,19.724674,1,12963,1,1,0,0,1,0,0,0,0,0,0,0,0,1
3290,18,c2255163bcbd8432,1.087337,18.297255,1,12952,1,1,0,0,1,0,0,0,0,0,0,0,0,0
3291,18,89cb68f1f5b3a4a4,0.816876,20.0,1,13167,1,1,0,0,1,0,0,0,0,0,0,0,0,1
3292,18,d2b460fb73eae9b3,1.658453,19.050004,1,12906,1,0,0,0,0,0,0,0,0,0,0,0,0,1
3293,18,2adafdaa3ab4ff25,1.245934,17.7904,1,13399,1,1,0,0,1,0,0,0,0,0,0,0,0,0
3294,18,37f38b754bfe3828,0.936023,20.0,1,13062,1,1,0,0,1,0,0,0,0,0,0,0,0,1
3295,18,bc2728f1e5d84c24,1.746853,20.0,1,13272,2,1,0,0,1,0,0,0,0,0,0,0,0,1
3296,18,93ff6a163b2027e2,1.313658,20.0,1,12880,1,1,0,0,1,0,0,0,0,0,0,0,0,1
3297,18,f2319fbd1e0d9dcc,0.986902,17.7861,0,13236,1,1,0,0,0,0,0,0,0,0,0,0,0,0
3298,18,19027a1f42566496,1.785076,20.0,1,13232,1,0,0,0,1,0,0,0,0,0,0,0,0,1
3299,18,78acd2fb364c00a5,1.342403,18.761222,1,13303,1,1,0,0,1,0,0,0,0,0,0,0,0,0
3300,18,b9daebd456301490,1.008497,20.0,1,13290,1,1,0,0,1,0,0,0,0,0,0,0,0,1
3301,18,f3592912ebd8db97,0.757646,19.294646,1,13299,1,1,0,0,0,0,0,0,0,0,0,0,0,1
3302,18,8e501e84eae5bb56,2.656498,20.0,1,13358,2,0,0,0,1,0,0,0,0,0,0,0,0,1
3303,18,b0049f19b45f62e5,1.997724,19.61349,1,13250,1,1,0,0,1,0,0,0,0,0,0,0,0,0
3304,18,2b022b2f0e2bce78,1.500816,20.0,1,13400,1,1,0,0,1,0,0,0,0,0,0,0,0,1
3305,18,a818e224b3af62f2,2.17116,16.296817,0,13526,1,0,0,0,0,0,0,0,0,0,0,0,0,0
3306,18,9a1638b48b93dcdd,1.632743,19.216442,1,13372,1,1,0,0,1,0,0,0,0,0,0,0,0,1
3307,18,b8a422ee98ed9db5,1.226619,20.0,1,13359,1,1,0,0,1,0,0,0,0,0,0,0,0,1
3308,18,e3ca0bb1b4817483,1.965166,16.072726,0,13645,1,0,0,0,0,0,0,0,0,0,0,0,0,0
3309,18,e1cd58b7f7740e6a,1.476356,19.032527,1,13594,1,1,0,0,1,0,0,0,0,0,0,0,0,1
3310,18,0a055c8ce5886cd0,1.110241,20.0,1,13509,1,1,0,0,1,0,0,0,0,0,0,0,0,1
3311,18,25c60933576c7b5a,1.877736,15.982162,0,13836,1,0,0,0,0,0,0,0,0,0,0,0,0,0
3312,18,1c619b9c877bd0f1,1.410673,18.96449,1,15079,1,1,0,0,1,0,0,0,0,0,0,0,0,1
3313,18,cbadb61243f87e4f,2.104996,20.0,1,14701,2,1,0,0,1,0,0,0,0,0,0,0,0,1
3314,18,30281fc51f7588c7,2.625059,19.422568,1,15687,1,0,0,0,0,0,0,0,0,0,0,0,0,1
3315,18,3c0c17b60f5363fe,1.972108,20.0,1,15380,1,1,0,0,1,0,0,0,0,0,0,0,0,1
3316,18,2cf6ed325cb5c6db,1.481571,19.667907,1,14969,1,1,0,0,1,0,0,0,0,0,0,0,0,0
3317,18,4bd2549b6cf8b993,2.158313,18.271048,1,14329,1,0,0,0,0,0,0,0,0,0,0,0,0,1
3318,18,62ea9c7f484be354,2.665113,20.0,1,14329,2,1,0,0,1,0,0,0,0,0,0,0,0,1
3319,18,37e653a8483c9ced,3.045853,15.539149,0,13993,1,0,0,0,0,0,0,0,0,0,0,0,0,0
3320,18,13e1ba58a0d336f6,2.290525,18.646665,1,14431,1,1,0,0,1,0,0,0,0,0,0,0,0,1
3321,18,7a52d31acc434d5c,2.764439,14.008542,0,14239,1,0,0,0,0,0,0,0,0,0,0,0,0,0
3322,18,bcbe418449208be8,2.07682,17.481783,1,14209,1,1,0,0,1,0,0,0,0,0,0,0,0,1
3323,18,c1b79a6a0ca6734d,2.603891,13.13341,0,13985,1,0,0,0,0,0,0,0,0,0,0,0,0,0
3324,18,e4732d1f70a945e7,1.958163,16.837515,1,13934,1,1,0,0,1,0,0,0,0,0,0,0,0,1
3325,18,d5c3106195c2dfde,1.471094,19.607085,1,13833,1,1,0,0,1,0,0,0,0,0,0,0,0,1
3326,18,816f88df7bfc3b34,3.192485,18.208914,1,13294,2,0,0,0,0,0,0,0,0,0,0,0,0,1
3327,18,c00e31d686a1e32d,2.400794,17.173865,1,13235,1,1,0,0,1,0,0,0,0,0,0,0,0,0
3328,18,48e10bd50c6ab2f5,2.84728,16.380927,1,13220,1,0,0,0,0,0,0,0,0,0,0,0,0,1
3329,18,5ef87aca0017fc45,2.139055,12.306378,0,13160,1,1,0,0,0,0,0,0,0,0,0,0,0,0
3330,18,010459e10ddcb9eb,2.650646,16.203011,1,13169,1,0,0,0,1,0,0,0,0,0,0,0,0,1
3331,18,0324f83f1b28e13c,1.993323,15.665397,1,13100,1,1,0,0,1,0,0,0,0,0,0,0,0,0
3332,19,1fd48474a6be9a50,2.541163,15.247672,1,14068,1,0,0,0,0,0,0,0,0,0,0,0,0,1
3333,19,530e0ea8d92a6d51,1.90908,14.93385,1,13973,1,1,0,0,1,0,0,0,0,0,0,0,0,0
3334,19,9d91a06f605c6d81,1.435656,18.191472,1,13932,1,1,0,0,1,0,0,0,0,0,0,0,0,1
3335,19,1bedfd585b1aa4b9,2.122208,13.666573,0,14233,1,0,0,0,0,0,0,0,0,0,0,0,0,0
3336,19,26a9669cba5af3ef,1.594335,17.224874,1,14175,1,1,0,0,1,0,0,0,0,0,0,0,0,1
3337,19,4f55c5e4b2d3c044,1.197765,16.419248,1,14313,1,1,0,0,1,0,0,0,0,0,0,0,0,0
3338,19,429a6cfc04b09590,0.900736,19.308512,1,14231,1,1,0,0,1,0,0,0,0,0,0,0,0,1
3339,19,bfd1095e82cc3b3f,1.720343,14.505763,0,13911,1,0,0,0,0,0,0,0,0,0,0,0,0,0
3340,19,e8a24dfe484cb614,1.292429,17.855327,1,14086,1,1,0,0,1,0,0,0,0,0,0,0,0,1
3341,19,a8eb40163c807ab7,0.971925,16.907962,1,13979,1,1,0,0,1,0,0,0,0,0,0,0,0,0
3342,19,b734eb68cadec0ba,1.773824,16.181164,1,13955,1,0,0,0,0,0,0,0,0,0,0,0,0,1
3343,19,03ed9d518f369873,1.332608,15.635148,1,13947,1,1,0,0,1,0,0,0,0,0,0,0,0,0
3344,19,cd43fcebe8f5e6e6,1.001139,18.703792,1,14075,1,1,0,0,1,0,0,0,0,0,0,0,0,1
3345,19,338e1a6d9a9334b5,0.75287,17.54602,1,13806,1,1,0,0,1,0,0,0,0,0,0,0,0,0
3346,19,f71f04d2a5841727,1.609257,16.660513,1,13997,1,0,0,0,0,0,0,0,0,0,0,0,0,1
3347,19,dab4ff966e399802,1.208974,15.995265,1,14019,1,1,0,0,1,0,0,0,0,0,0,0,0,0
3348,19,339e340883d8ecaf,0.909166,15.509169,1,13865,1,1,0,0,0,0,0,0,0,0,0,0,0,1
3349,19,0f3eea50b2030a66,1.726676,15.130303,1,14234,1,0,0,0,1,0,0,0,0,0,0,0,0,0
3350,19,157d3461e0a7f335,1.297187,18.32452,1,14011,1,1,0,0,1,0,0,0,0,0,0,0,0,1
3351,19,f1991b9aba19249f,0.974528,20.0,1,13943,1,1,0,0,1,0,0,0,0,0,0,0,0,1
3352,19,f0cae4ef532c2023,1.77701,15.584906,0,13981,1,0,0,0,0,0,0,0,0,0,0,0,0,0
3353,19,3dc875a761d5c5ef,2.378654,18.666046,1,13990,2,1,0,0,1,0,0,0,0,0,0,0,0,1
3354,19,e90cc852e180b7a9,1.786994,20.0,1,14062,1,1,0,0,1,0,0,0,0,0,0,0,0,1
3355,19,0843c071791750a4,2.387995,19.258356,1,13929,1,0,0,0,0,0,0,0,0,0,0,0,0,1
3356,19,e7652621d19bb2aa,1.794012,20.0,1,13881,1,1,0,0,1,0,0,0,0,0,0,0,0,1
3357,19,83403ab2ce2e5edc,1.347774,19.575226,1,13902,1,1,0,0,1,0,0,0,0,0,0,0,0,0
3358,19,31f44b91b5854a60,1.012532,20.0,1,13937,1,1,0,0,1,0,0,0,0,0,0,0,0,1
3359,19,9eeb382b0724ec5e,1.805589,16.291505,0,13992,1,0,0,0,0,0,0,0,0,0,0,0,0,0
3360,19,8cf44fb6a5bc2678,1.356472,19.196888,1,14001,1,1,0,0,1,0,0,0,0,0,0,0,0,1
3361,19,26302fd6db433208,2.06272,20.0,1,13828,2,1,0,0,1,0,0,0,0,0,0,0,0,1
3362,19,212d5aa4658ea2f7,1.551195,19.55826,1,13925,1,1,0,0,0,0,0,0,0,0,0,0,0,1
3363,19,37a5a18fb6caef37,2.209008,18.172234,1,13941,1,0,0,0,1,0,0,0,0,0,0,0,0,0
3364,19,79c0b206a03c3fd7,1.659545,20.0,1,13947,1,1,0,0,1,0,0,0,0,0,0,0,0,1
3365,19,c2376b0af88b997c,1.246754,18.962224,1,14132,1,1,0,0,1,0,0,0,0,0,0,0,0,0
3366,19,6484211bcaa3988b,0.937577,20.0,1,13931,1,1,0,0,1,0,0,0,0,0,0,0,0,1
3367,19,bb6c2f7a25964c84,2.791673,19.421288,1,14063,2,0,0,0,0,0,0,0,0,0,0,0,0,1
3368,19,66b1f64089a6f384,2.09728,18.069332,1,13874,1,1,0,0,1,0,0,0,0,0,0,0,0,0
3369,19,ea8c132e457af786,1.577184,20.0,1,13899,1,1,0,0,1,0,0,0,0,0,0,0,0,1
3370,19,052f36be903b4c06,1.18488,18.91684,1,13969,1,1,0,0,0,0,0,0,0,0,0,0,0,1
3371,19,8e82ec90f90651e7,1.933809,20.0,1,14068,1,0,0,0,1,0,0,0,0,0,0,0,0,1
3372,19,4f7951c9fb9652a2,1.452798,19.382476,1,13922,1,1,0,0,1,0,0,0,0,0,0,0,0,0
3373,19,f016206e344ce587,1.092525,20.0,1,13894,1,1,0,0,1,0,0,0,0,0,0,0,0,1
3374,19,5ba81e783bc90e5a,0.820773,16.179869,0,14107,1,1,0,0,0,0,0,0,0,0,0,0,0,0
3375,19,9d8db8f22ff60f9d,2.703923,19.11302,1,13826,2,0,0,0,1,0,0,0,0,0,0,0,0,1
3376,19,44ad3895b244c363,2.033389,20.0,1,14000,1,1,0,0,1,0,0,0,0,0,0,0,0,1
3377,19,88629ac0345bb1c9,1.527609,19.506481,1,13849,1,1,0,0,1,0,0,0,0,0,0,0,0,0
3378,19,215465aa6c28dd49,2.191289,18.133335,1,14018,1,0,0,0,0,0,0,0,0,0,0,0,0,1
3379,19,8007f0e50cbef9ae,1.646233,17.101741,1,13846,1,1,0,0,1,0,0,0,0,0,0,0,0,0
3380,19,6a6af2333f7c7895,1.237991,19.821756,1,13794,1,1,0,0,1,0,0,0,0,0,0,0,0,1
3381,19,68115330ee6f5242,0.930056,20.0,1,13988,1,1,0,0,1,0,0,0,0,0,0,0,0,1
3382,19,a13b260188e1f3b7,1.74237,19.893207,1,13805,2,1,0,0,0,0,0,0,0,0,0,0,0,1
3383,19,f54f97df93f344f4,2.354438,18.440477,1,13958,1,0,0,0,1,0,0,0,0,0,0,0,0,0
3384,19,c908fedde8991cc1,1.768801,20.0,1,13933,1,1,0,0,1,0,0,0,0,0,0,0,0,1
3385,19,1f6eb6897bd1ed9f,1.328834,19.113619,1,13995,1,1,0,0,1,0,0,0,0,0,0,0,0,0
3386,19,4786cfdc0b590fbd,2.041957,17.838192,1,13781,1,0,0,0,0,0,0,0,0,0,0,0,0,1
3387,19,97615c34c129a5e4,2.579731,20.0,1,13816,2,1,0,0,1,0,0,0,0,0,0,0,0,1
3388,19,66ec5d26f4a3d999,1.938055,20.0,1,13865,1,1,0,0,1,0,0,0,0,0,0,0,0,1
3389,19,da9895b8aa83e9c2,1.455989,20.0,1,13832,1,1,0,0,1,0,0,0,0,0,0,0,0,0
3390,19,9fc64beb1b6b6a41,1.094924,20.0,1,13850,1,1,0,0,1,0,0,0,0,0,0,0,0,1
3391,19,a8c5e45e033de514,1.866229,16.645004,0,13868,1,0,0,0,0,0,0,0,0,0,0,0,0,0
3392,19,e2e6cc85a627942b,1.402028,19.462458,1,13991,1,1,0,0,1,0,0,0,0,0,0,0,0,1
3393,19,354946ccb8d9d391,2.096945,18.100262,1,13995,2,1,0,0,0,0,0,0,0,0,0,0,0,1
3394,19,6c789d405d92b2d0,2.621083,17.092156,1,13781,1,0,0,0,1,0,0,0,0,0,0,0,0,0
3395,19,fa1f29844326a435,1.969121,19.798387,1,13915,1,1,0,0,1,0,0,0,0,0,0,0,0,1
3396,19,417a3b73559fe227,1.479327,18.352633,1,13956,1,1,0,0,1,0,0,0,0,0,0,0,0,0
3397,19,73de4ca456f67608,2.156626,17.281943,1,13772,1,0,0,0,0,0,0,0,0,0,0,0,0,1
3398,19,2b22b550c41342a2,1.620192,16.462122,1,13849,1,1,0,0,1,0,0,0,0,0,0,0,0,0
3399,19,d78247329391d4f5,2.260843,19.325066,1,13846,2,1,0,0,1,0,0,0,0,0,0,0,0,1
3400,19,f3f222342b26624c,1.698487,20.0,1,14049,1,1,0,0,1,0,0,0,0,0,0,0,0,1
3401,19,7a11156482ce58b9,2.321437,19.630676,1,13725,1,0,0,0,0,0,0,0,0,0,0,0,0,1
3402,19,7c363b45f80a8a46,1.744009,20.0,1,13896,1,1,0,0,1,0,0,0,0,0,0,0,0,1
3403,19,2616e6a939d0f443,1.310209,19.785362,1,14033,1,1,0,0,1,0,0,0,0,0,0,0,0,0
3404,19,ff7501c9d1008261,2.029446,18.359376,1,13775,1,0,0,0,0,0,0,0,0,0,0,0,0,1
3405,19,6dbf98f9583feb6c,1.524647,17.271557,1,13978,1,1,0,0,1,0,0,0,0,0,0,0,0,0
3406,19,81e265c16bc271fb,1.14541,19.933164,1,13747,1,1,0,0,1,0,0,0,0,0,0,0,0,1
3407,19,8843d87dc6278afb,1.904157,14.975041,0,13931,1,0,0,0,0,0,0,0,0,0,0,0,0,0
3408,19,f06b2cc8c9faa4e1,2.476104,18.222448,1,13798,2,1,0,0,1,0,0,0,0,0,0,0,0,1
3409,19,cda13bd006d67263,2.903858,17.168688,1,13990,1,0,0,0,0,0,0,0,0,0,0,0,0,1
3410,19,7e951139e7de5e49,2.18156,19.855883,1,13986,1,1,0,0,1,0,0,0,0,0,0,0,0,1
3411,19,44860ef8de7b27bb,1.640564,18.412409,1,13880,1,1,0,0,1,0,0,0,0,0,0,0,0,0
3412,19,0b07a5ec9dcccd04,2.276148,17.311399,1,13943,1,0,0,0,0,0,0,0,0,0,0,0,0,1
3413,19,a0fd5b786556b247,1.709985,16.484251,1,13854,1,1,0,0,1,0,0,0,0,0,0,0,0,0
3414,19,ddc0ea1302eb3d0d,2.328301,15.862846,1,13879,1,0,0,0,0,0,0,0,0,0,0,0,0,1
3415,19,155ed443a73593e6,2.795066,18.89009,1,14012,2,1,0,0,1,0,0,0,0,0,0,0,0,1
3416,19,9c220c012a2a3516,2.099829,20.0,1,13988,1,1,0,0,1,0,0,0,0,0,0,0,0,1
3417,19,7224ce56f030f288,2.621176,15.888534,0,13864,1,0,0,0,0,0,0,0,0,0,0,0,0,0
3418,19,2be1d227850d2f24,1.971162,18.909407,1,13784,1,1,0,0,1,0,0,0,0,0,0,0,0,1
3419,19,eef9e0e3b48ade08,2.524514,14.205931,0,13840,1,0,0,0,0,0,0,0,0,0,0,0,0,0
3420,19,4e298f46f70226d7,1.896573,17.630074,1,13803,1,1,0,0,1,0,0,0,0,0,0,0,0,1
3421,19,0aff54cf4962c648,1.424824,20.0,1,13874,1,1,0,0,1,0,0,0,0,0,0,0,0,1
3422,19,be2c7fe677edbcd0,3.159789,18.673073,1,13581,2,0,0,0,0,0,0,0,0,0,0,0,0,1
3423,19,43e0bf90e1eb0d44,2.373831,17.507226,1,13699,1,1,0,0,1,0,0,0,0,0,0,0,0,0
3424,19,45f84405c97c7188,1.783371,20.0,1,13809,1,1,0,0,1,0,0,0,0,0,0,0,0,1
3425,19,c28badb5fe966f10,1.34112,18.603669,1,13959,1,1,0,0,1,0,0,0,0,0,0,0,0,0
3426,19,9bbf0363aaa4ccac,2.051187,17.455086,1,13839,1,0,0,0,0,0,0,0,0,0,0,0,0,1
3427,19,23e91ab57d250926,1.54098,16.592198,1,13964,1,1,0,0,1,0,0,0,0,0,0,0,0,0
3428,19,515c8b4db0202a24,1.157681,19.422787,1,13805,1,1,0,0,1,0,0,0,0,0,0,0,0,1
3429,19,01b7969e67b3c4a4,1.914743,14.606213,0,13786,1,0,0,0,0,0,0,0,0,0,0,0,0,0
3430,19,cd59df24142f7826,1.438475,17.930791,1,13984,1,1,0,0,1,0,0,0,0,0,0,0,0,1
3431,19,bbc125857b7577d5,1.080672,20.0,1,13874,1,1,0,0,1,0,0,0,0,0,0,0,0,1
3432,19,886f5893c6b842c1,1.856831,15.362464,0,13662,1,0,0,0,0,0,0,0,0,0,0,0,0,0
3433,19,a4acb4243a3cb478,0.351315,15.02009,1,13886,0,1,0,0,1,0,0,0,0,0,0,0,0,0
3434,19,fe69a934ac92b7f1,0.26393,18.241721,1,13894,1,1,0,0,1,0,0,0,0,0,0,0,0,1
3435,19,cacc11c873729e75,0.19828,20.0,1,13885,1,1,0,0,1,0,0,0,0,0,0,0,0,1
3436,19,d301544704c5bf7e,1.19326,19.018629,1,13934,2,1,0,0,1,0,0,0,0,0,0,0,0,0
3437,19,a7e8925b378bd6c8,1.940105,17.76683,1,13899,1,0,0,0,0,0,0,0,0,0,0,0,0,1
3438,19,41dfaa5384f0d6f6,1.457528,20.0,1,13858,1,1,0,0,1,0,0,0,0,0,0,0,0,1
3439,19,3953ac3135ee574b,1.096082,18.750335,1,13878,1,1,0,0,1,0,0,0,0,0,0,0,0,0
3440,19,13027e2911575b92,0.823446,20.0,1,13954,1,1,0,0,1,0,0,0,0,0,0,0,0,1
3441,19,d435479922017c64,1.662277,15.809657,0,13826,1,0,0,0,0,0,0,0,0,0,0,0,0,0
3442,19,449ed79debca0b11,1.248807,18.834893,1,13882,1,1,0,0,1,0,0,0,0,0,0,0,0,1
3443,19,b2d1a2a8ca619bde,0.93912,20.0,1,13958,1,1,0,0,1,0,0,0,0,0,0,0,0,1
3444,19,cb866cd2870cc126,0.705526,19.349351,1,14074,1,1,0,0,1,0,0,0,0,0,0,0,0,0
3445,19,986841c734bf269f,0.530035,20.0,1,13980,1,1,0,0,1,0,0,0,0,0,0,0,0,1
3446,19,00da6b0ed36f101f,1.442745,19.644396,1,13976,1,0,0,0,0,0,0,0,0,0,0,0,0,1
3447,19,37919797698aa70e,1.08388,18.236945,1,13986,1,1,0,0,1,0,0,0,0,0,0,0,0,0
3448,19,23a6ab37b37b2463,0.814279,20.0,1,13963,1,1,0,0,1,0,0,0,0,0,0,0,0,1
3449,19,fd1775c28dbd3cbf,0.611737,20.0,1,14079,1,1,0,0,1,0,0,0,0,0,0,0,0,1
3450,19,ca3e9083b7a1bd3f,2.548336,20.0,1,13928,2,0,0,0,0,0,0,0,0,0,0,0,0,1
3451,19,1fc3bfb8f5f5f22a,1.91447,18.792559,1,14077,1,1,0,0,1,0,0,0,0,0,0,0,0,0
3452,19,747f6d69d08d2561,1.438269,20.0,1,14112,1,1,0,0,1,0,0,0,0,0,0,0,0,1
3453,19,ffb3a0b2a42d3384,1.081599,19.329831,1,14108,1,1,0,0,1,0,0,0,0,0,0,0,0,0
3454,19,5c2bccb257b117d8,0.812565,18.000624,1,14130,1,1,0,0,0,0,0,0,0,0,0,0,0,1
3455,19,45a5752bae37f49b,1.654103,20.0,1,14015,1,0,0,0,1,0,0,0,0,0,0,0,0,1
3456,19,b50da95e7e57dd70,1.242666,20.0,1,13929,1,1,0,0,1,0,0,0,0,0,0,0,0,1
3457,19,4c6c0cdecd0014e2,0.934502,20.0,1,14017,1,1,0,0,1,0,0,0,0,0,0,0,0,0
3458,19,03bced9121d77ed3,1.74571,20.0,1,14196,2,1,0,0,1,0,0,0,0,0,0,0,0,1
3459,19,d283ae7708b682cb,1.311487,16.675063,0,13997,1,1,0,0,0,0,0,0,0,0,0,0,0,0
3460,19,af98f327220dc550,2.030407,19.500888,1,13932,1,0,0,0,1,0,0,0,0,0,0,0,0,1
3461,19,41fd5dbf655725de,1.525369,18.129133,1,14104,1,1,0,0,1,0,0,0,0,0,0,0,0,0
3462,19,a717ea3f435e9359,1.145953,20.0,1,14054,1,1,0,0,1,0,0,0,0,0,0,0,0,1
3463,19,3ed298c33e5b3bf7,0.860911,18.937898,1,14031,1,1,0,0,1,0,0,0,0,0,0,0,0,0
3464,19,23f717d789c41174,1.691568,17.722071,1,13884,1,0,0,0,0,0,0,0,0,0,0,0,0,1
3465,19,bcb954a0bd8b4812,1.270812,20.0,1,14004,1,1,0,0,1,0,0,0,0,0,0,0,0,1
3466,19,cfc41d4b0f31f0bf,0.954714,18.708153,1,14135,1,1,0,0,1,0,0,0,0,0,0,0,0,0
3467,19,ea1b8db9707bfd75,0.717958,20.0,1,13965,1,1,0,0,1,0,0,0,0,0,0,0,0,1
3468,19,03bf022cac3a68fd,0.539375,20.0,1,14000,1,1,0,0,1,0,0,0,0,0,0,0,0,1
3469,19,701d26d92b38d288,1.448866,20.0,1,14016,2,1,0,0,1,0,0,0,0,0,0,0,0,1
3470,19,449d4232696a3409,1.088479,20.0,1,14074,1,1,0,0,1,0,0,0,0,0,0,0,0,1
3471,19,6d52165157ae180f,0.818551,18.821758,0,13982,1,1,0,0,0,0,0,0,0,0,0,0,0,0
3472,19,666923312e8f0024,1.6586,20.0,1,14565,1,0,0,0,1,0,0,0,0,0,0,0,0,1
3473,19,58e4d9633948562b,2.289698,20.0,1,14433,2,1,0,0,1,0,0,0,0,0,0,0,0,1
3474,19,c82466cbc3460c14,1.721885,20.0,1,14217,1,1,0,0,1,0,0,0,0,0,0,0,0,1
3475,19,96a3597e282e6315,2.337242,18.11496,0,14155,1,0,0,0,0,0,0,0,0,0,0,0,0,0
3476,19,3eb2f9439fcc89e9,1.755882,20.0,1,14239,1,1,0,0,1,0,0,0,0,0,0,0,0,1
3477,19,d076ea8d6133a11b,1.319129,18.929898,1,14454,1,1,0,0,1,0,0,0,0,0,0,0,0,0
3478,19,e513dfcbadcd0330,0.992004,20.0,1,14337,1,1,0,0,1,0,0,0,0,0,0,0,0,1
3479,19,535c441640a172d5,1.788909,19.403025,1,14455,1,0,0,0,0,0,0,0,0,0,0,0,0,1
3480,19,2b1d1c7cb2b47823,1.34394,18.055612,1,14315,1,1,0,0,1,0,0,0,0,0,0,0,0,0
3481,19,736ed1fd12e63178,2.054813,20.0,1,14170,2,1,0,0,1,0,0,0,0,0,0,0,0,1
3482,19,383018239462e46b,1.543704,20.0,1,14236,1,1,0,0,1,0,0,0,0,0,0,0,0,1
3483,19,27e1c0e587b339a7,2.20338,20.0,1,14460,1,0,0,0,0,0,0,0,0,0,0,0,0,1
3484,19,1d3451a2f576e5dd,1.655317,20.0,1,14105,1,1,0,0,1,0,0,0,0,0,0,0,0,1
3485,19,3787731d7b42bc08,2.288973,20.0,1,14053,2,1,0,0,1,0,0,0,0,0,0,0,0,1
3486,19,f2f5a31a5ccc1b1c,1.71962,20.0,1,14308,1,1,0,0,1,0,0,0,0,0,0,0,0,0
3487,19,46c9ad1d77c8f613,1.291886,20.0,1,14309,1,1,0,0,1,0,0,0,0,0,0,0,0,1
3488,19,245bc8899d63dd51,2.015667,20.0,1,13901,1,0,0,0,0,0,0,0,0,0,0,0,0,1
3489,19,ed70e2817662f04b,1.514295,20.0,1,13648,1,1,0,0,1,0,0,0,0,0,0,0,0,1
3490,19,6c8b93f1a093ba53,1.137634,20.0,1,13491,1,1,0,0,1,0,0,0,0,0,0,0,0,0
3491,19,9b7ada76cdad0494,0.854662,20.0,1,13560,1,1,0,0,1,0,0,0,0,0,0,0,0,1
3492,19,ddf4f0c742d54d82,1.686868,16.757777,0,13266,1,0,0,0,0,0,0,0,0,0,0,0,0,0
3493,19,e83e5abebcf25bda,2.310934,19.547181,1,13584,2,1,0,0,1,0,0,0,0,0,0,0,0,1
3494,19,cb759918090aa445,1.736119,20.0,1,13538,1,1,0,0,1,0,0,0,0,0,0,0,0,1
3495,19,3083331103ace063,2.349736,19.756162,1,13103,1,0,0,0,0,0,0,0,0,0,0,0,0,1
3496,19,819efe268dd8c1d4,1.765269,18.320911,1,13473,1,1,0,0,1,0,0,0,0,0,0,0,0,0
3497,19,444f70e1f97148eb,1.326181,20.0,1,13317,1,1,0,0,1,0,0,0,0,0,0,0,0,1
3498,19,d32165480084f861,0.99631,15.567291,0,13401,1,1,0,0,0,0,0,0,0,0,0,0,0,0
3499,19,e76a3d25e775bfcb,1.79339,18.667828,1,13221,1,0,0,0,1,0,0,0,0,0,0,0,0,1
3500,19,d1a9116f380bdbc6,1.347307,17.503286,1,13253,1,1,0,0,1,0,0,0,0,0,0,0,0,0
3501,19,b8228f709e19e5fc,1.012181,16.628409,1,13507,1,1,0,0,0,0,0,0,0,0,0,0,0,1
3502,19,6ec839fe0e24760f,1.805325,19.465804,1,13047,1,0,0,0,1,0,0,0,0,0,0,0,0,1
3503,19,eb7601af2caac851,2.399927,18.102775,1,13427,2,1,0,0,1,0,0,0,0,0,0,0,0,0
3504,19,99428c8fb9cbfd09,2.846629,17.078783,1,13107,1,0,0,0,0,0,0,0,0,0,0,0,0,1
3505,19,b2ce56395c32a31e,2.138566,16.309496,1,13186,1,1,0,0,1,0,0,0,0,0,0,0,0,0
3506,19,3425175602dc763d,1.608232,19.225977,1,13090,1,1,0,0,1,0,0,0,0,0,0,0,0,1
3507,19,b51e581ec108f50c,2.251858,14.443757,0,14541,1,0,0,0,0,0,0,0,0,0,0,0,0,0
3508,19,4c6bcf4bf21c3d09,1.691737,17.808744,1,13986,1,1,0,0,1,0,0,0,0,0,0,0,0,1
3509,19,a9693ae1d6e951c0,2.316361,13.392429,0,15808,1,0,0,0,0,0,0,0,0,0,0,0,0,0
3510,19,742e0b79e17d52c0,1.740195,17.018921,1,15987,1,1,0,0,1,0,0,0,0,0,0,0,0,1
3511,19,044c49401468b27f,3.39465,16.264523,1,15163,2,0,0,0,0,0,0,0,0,0,0,0,0,1
3512,19,86212facd96094c7,2.550274,19.176617,1,14729,1,1,0,0,1,0,0,0,0,0,0,0,0,1
3513,19,ccc96b27d4f344b3,1.917842,17.901591,1,14313,1,1,0,0,1,0,0,0,0,0,0,0,0,0
3514,19,e39f84ac5a0bcba0,2.484457,16.927641,1,14102,1,0,0,0,0,0,0,0,0,0,0,0,0,1
3515,19,c1794dc9594e72f1,2.910133,16.195948,1,14842,1,0,0,0,0,0,0,0,0,0,0,0,0,1
3516,19,eb7ce44e56ea6aa9,2.188461,15.660086,1,14411,1,1,0,0,1,0,0,0,0,0,0,0,0,0
3517,19,fcdb3f0e6a936443,1.644109,15.243681,1,14188,1,1,0,0,0,0,0,0,0,0,0,0,0,1
3518,19,0753e522d845cab2,2.278811,18.409697,1,14055,1,0,0,0,1,0,0,0,0,0,0,0,0,1
3519,19,8dc60b2329ba9531,1.711986,17.309362,1,14064,1,1,0,0,1,0,0,0,0,0,0,0,0,0
3520,19,9d51d5ae6a8d0fc5,2.331588,16.497388,1,13696,1,0,0,0,0,0,0,0,0,0,0,0,0,1
3521,19,f6ef43ac7c29feea,1.751635,15.872716,1,12799,1,1,0,0,1,0,0,0,0,0,0,0,0,0
3522,19,2b90d148c9cc0888,2.359591,15.403422,1,12278,1,0,0,0,0,0,0,0,0,0,0,0,0,1
3523,19,a0b4b2aec798e93d,1.774446,15.064095,1,12387,1,1,0,0,1,0,0,0,0,0,0,0,0,0
3524,19,da95710662d33dff,2.376728,14.795936,1,12356,1,0,0,0,0,0,0,0,0,0,0,0,0,1
3525,19,fc0e87fc50dfc248,1.785547,18.073323,1,12215,1,1,0,0,1,0,0,0,0,0,0,0,0,1
3526,19,4884b8b0c5024dbc,1.341415,17.056656,1,12151,1,1,0,0,1,0,0,0,0,0,0,0,0,0
3527,19,adb672d2e00f0800,2.052914,16.30735,1,11981,1,0,0,0,0,0,0,0,0,0,0,0,0,1
3528,19,fe00943017f00422,1.542277,15.729947,1,11924,1,1,0,0,1,0,0,0,0,0,0,0,0,0
3529,19,6145a01781dc478d,1.158655,18.77501,1,12056,1,1,0,0,1,0,0,0,0,0,0,0,0,1
3530,19,ada0cca125ee4d5a,1.915476,14.119075,0,12051,1,0,0,0,0,0,0,0,0,0,0,0,0,0
3531,19,f95903c0347aa6de,1.439025,17.564823,1,12199,1,1,0,0,1,0,0,0,0,0,0,0,0,1
3532,19,fd5c938841ceb006,2.124739,13.195795,0,12358,1,0,0,0,0,0,0,0,0,0,0,0,0,0
3533,19,88c278f8f31cc0c4,1.596237,16.871196,1,12461,1,1,0,0,1,0,0,0,0,0,0,0,0,1
3534,19,4a9bf748c5cc6108,1.200393,16.167882,1,12371,1,1,0,0,1,0,0,0,0,0,0,0,0,0
3535,19,4b93d24d0289b3da,1.945464,15.62517,1,12669,1,0,0,0,0,0,0,0,0,0,0,0,0,1
3536,19,25ef6cd1614c1a07,1.461554,15.21745,1,12578,1,1,0,0,1,0,0,0,0,0,0,0,0,0
3537,19,1f7036ddb4d18f42,1.09911,18.404743,1,12703,1,1,0,0,1,0,0,0,0,0,0,0,0,1
3538,19,8fa07c670634981a,1.869373,13.826795,0,12649,1,0,0,0,0,0,0,0,0,0,0,0,0,0
3539,19,3555ec56f6e88cbf,1.40439,17.345244,1,12537,1,1,0,0,1,0,0,0,0,0,0,0,0,1
3540,19,45a21baeb03c22b2,1.055066,16.509678,1,12611,1,1,0,0,1,0,0,0,0,0,0,0,0,0
3541,19,be4e6427df5117b8,1.837575,15.896015,1,12471,1,0,0,0,0,0,0,0,0,0,0,0,0,1
3542,19,7a05e4c9f1357f18,1.380501,15.420926,1,12288,1,1,0,0,1,0,0,0,0,0,0,0,0,0
3543,19,7d6786580c34a9ce,1.037119,15.06401,1,12573,1,1,0,0,0,0,0,0,0,0,0,0,0,1
3544,19,de0d88b7df2826f7,1.824079,18.289353,1,12398,1,0,0,0,1,0,0,0,0,0,0,0,0,1
3545,19,4b83150dc8a95d4a,2.414016,20.0,1,12433,2,1,0,0,1,0,0,0,0,0,0,0,0,1
3546,19,8a7b92c6ec687054,1.81356,19.028325,1,12597,1,1,0,0,0,0,0,0,0,0,0,0,0,1
3547,20,1fd48474a6be9a50,2.406113,17.774114,1,13990,1,0,0,0,1,0,0,0,0,0,0,0,0,0
3548,20,530e0ea8d92a6d51,1.809431,20.0,1,13995,1,1,0,0,1,0,0,0,0,0,0,0,0,1
3549,20,9d91a06f605c6d81,2.403011,18.750053,1,14124,1,0,0,0,0,0,0,0,0,0,0,0,0,1
3550,20,1bedfd585b1aa4b9,1.805293,17.565058,1,14262,1,1,0,0,1,0,0,0,0,0,0,0,0,0
3551,20,26a9669cba5af3ef,1.357606,20.0,1,14233,1,1,0,0,1,0,0,0,0,0,0,0,0,1
3552,20,4f55c5e4b2d3c044,1.019918,20.0,1,14099,1,1,0,0,1,0,0,0,0,0,0,0,0,1
3553,20,429a6cfc04b09590,1.80988,16.61101,0,14219,1,0,0,0,0,0,0,0,0,0,0,0,0,0
3554,20,bfd1095e82cc3b3f,2.403349,19.43692,1,14038,2,1,0,0,1,0,0,0,0,0,0,0,0,1
3555,20,e8a24dfe484cb614,2.851503,18.097342,1,13899,1,0,0,0,0,0,0,0,0,0,0,0,0,1
3556,20,a8eb40163c807ab7,2.142228,20.0,1,13936,1,1,0,0,1,0,0,0,0,0,0,0,0,1
3557,20,b734eb68cadec0ba,1.609375,18.919955,1,14075,1,1,0,0,1,0,0,0,0,0,0,0,0,0
3558,20,03ed9d518f369873,1.210273,20.0,1,13888,1,1,0,0,1,0,0,0,0,0,0,0,0,1
3559,20,cd43fcebe8f5e6e6,0.909233,15.918563,0,14007,0,0,0,0,0,0,0,0,0,0,0,0,0,0
3560,20,338e1a6d9a9334b5,0.683073,15.437866,1,14025,1,1,0,0,1,0,0,0,0,0,0,0,0,0
3561,20,f71f04d2a5841727,1.55682,18.555581,1,14022,2,1,0,0,1,0,0,0,0,0,0,0,0,1
3562,20,dab4ff966e399802,1.170751,17.434563,1,14046,1,1,0,0,0,0,0,0,0,0,0,0,0,1
3563,20,339e340883d8ecaf,1.923195,20.0,1,13784,1,0,0,0,1,0,0,0,0,0,0,0,0,1
3564,20,0f3eea50b2030a66,1.444824,18.545885,1,14111,1,1,0,0,1,0,0,0,0,0,0,0,0,0
3565,20,157d3461e0a7f335,1.086529,20.0,1,13959,1,1,0,0,1,0,0,0,0,0,0,0,0,1
3566,20,f1991b9aba19249f,0.816268,15.707229,0,13930,1,1,0,0,0,0,0,0,0,0,0,0,0,0
3567,20,f0cae4ef532c2023,1.656885,18.757943,1,14111,1,0,0,0,1,0,0,0,0,0,0,0,0,1
3568,20,3dc875a761d5c5ef,1.244756,20.0,1,14034,1,1,0,0,1,0,0,0,0,0,0,0,0,1
3569,20,e90cc852e180b7a9,1.980225,19.310274,1,13840,2,1,0,0,1,0,0,0,0,0,0,0,0,0
3570,20,0843c071791750a4,2.531322,17.985932,1,13975,1,0,0,0,0,0,0,0,0,0,0,0,0,1
3571,20,e7652621d19bb2aa,1.901688,20.0,1,13919,1,1,0,0,1,0,0,0,0,0,0,0,0,1
3572,20,83403ab2ce2e5edc,1.430096,18.874118,1,13942,1,1,0,0,1,0,0,0,0,0,0,0,0,0
3573,20,31f44b91b5854a60,1.074378,20.0,1,13895,1,1,0,0,1,0,0,0,0,0,0,0,0,1
3574,20,9eeb382b0724ec5e,0.80714,15.87952,0,13942,1,1,0,0,0,0,0,0,0,0,0,0,0,0
3575,20,8cf44fb6a5bc2678,1.650027,18.887378,1,13999,1,0,0,0,1,0,0,0,0,0,0,0,0,1
3576,20,26302fd6db433208,1.240844,20.0,1,13760,1,1,0,0,1,0,0,0,0,0,0,0,0,1
3577,20,212d5aa4658ea2f7,0.9322,19.379003,1,13989,1,1,0,0,1,0,0,0,0,0,0,0,0,0
3578,20,37a5a18fb6caef37,0.700327,18.037565,1,13972,1,1,0,0,0,0,0,0,0,0,0,0,0,1
3579,20,79c0b206a03c3fd7,1.570806,20.0,1,14051,1,0,0,0,1,0,0,0,0,0,0,0,0,1
3580,20,3073f8e12d7df25d,1.180088,18.898892,1,13967,1,1,0,0,1,0,0,0,0,0,0,0,0,0
3581,20,56f234be32ca2631,1.930209,20.0,1,13893,2,1,0,0,1,0,0,0,0,0,0,0,0,1
3582,20,faeb10a0166eeef1,2.493748,19.372346,1,13883,1,0,0,0,0,0,0,0,0,0,0,0,0,1
3583,20,0545406eba8b439b,1.875334,20.0,1,13809,1,1,0,0,1,0,0,0,0,0,0,0,0,1
3584,20,f5167be6c40d6fa0,1.408868,19.652991,1,14014,1,1,0,0,1,0,0,0,0,0,0,0,0,0
3585,20,dd4f08c5ac0e5eae,1.05843,20.0,1,14025,1,1,0,0,1,0,0,0,0,0,0,0,0,1
3586,20,81c68fcbb91c0d4c,1.840105,16.335439,0,14051,1,0,0,0,0,0,0,0,0,0,0,0,0,0
3587,20,aa9d9ee81bd482a5,1.382402,19.229894,1,13912,1,1,0,0,1,0,0,0,0,0,0,0,0,1
3588,20,88f6846f9af586b8,2.0822,20.0,1,13884,2,1,0,0,1,0,0,0,0,0,0,0,0,1
3589,20,2a71789b17dd6e6d,1.564279,16.080317,0,13969,1,1,0,0,0,0,0,0,0,0,0,0,0,0
3590,20,a2f090b3ec8eaed0,2.220511,19.053631,1,13830,1,0,0,0,1,0,0,0,0,0,0,0,0,1
3591,20,9007a34ce4271e0f,1.668187,20.0,1,13972,1,1,0,0,1,0,0,0,0,0,0,0,0,1
3592,20,c2c7e5298355bdf1,1.253246,20.0,1,14032,1,1,0,0,1,0,0,0,0,0,0,0,0,1
3593,20,5cc48314a55c2be2,1.98661,20.0,1,13992,2,1,0,0,1,0,0,0,0,0,0,0,0,0
3594,20,aad69df5610846e3,2.536119,19.052969,1,13799,1,0,0,0,0,0,0,0,0,0,0,0,0,1
3595,20,78aba4a4881a33c3,1.905291,17.792628,1,13908,1,1,0,0,1,0,0,0,0,0,0,0,0,0
3596,20,901bca4c987c5e7e,1.431374,20.0,1,13973,1,1,0,0,1,0,0,0,0,0,0,0,0,1
3597,20,f4d0147e075bf91a,1.076414,18.76491,1,13775,1,1,0,0,1,0,0,0,0,0,0,0,0,0
3598,20,5ab8f7ecbcdf7819,1.852323,17.57622,1,13953,1,0,0,0,0,0,0,0,0,0,0,0,0,1
3599,20,17da423b61dd116c,1.391581,16.683201,1,13773,1,1,0,0,1,0,0,0,0,0,0,0,0,0
3600,20,853baeb215adc2c8,1.046489,19.507008,1,13999,1,1,0,0,1,0,0,0,0,0,0,0,0,1
3601,20,b84460a4dcfbf230,0.786188,20.0,1,14022,1,1,0,0,1,0,0,0,0,0,0,0,0,1
3602,20,57f18cc396af39ed,2.67794,19.715564,1,13913,2,0,0,0,0,0,0,0,0,0,0,0,0,1
3603,20,77af0fca5d2ab9d4,2.011836,20.0,1,13841,1,1,0,0,1,0,0,0,0,0,0,0,0,1
3604,20,6dc032d9a4f530bf,1.51293,19.851292,1,13949,1,1,0,0,1,0,0,0,0,0,0,0,0,0
3605,20,699d850d1d19c557,2.180261,20.0,1,13830,2,1,0,0,1,0,0,0,0,0,0,0,0,1
3606,20,c18ea323a7486338,2.681602,19.909877,1,13880,1,0,0,0,0,0,0,0,0,0,0,0,0,1
3607,20,a348045310e124e1,2.016603,18.453013,1,13949,1,1,0,0,1,0,0,0,0,0,0,0,0,0
3608,20,4298759b47671d91,1.514998,20.0,1,13791,1,1,0,0,1,0,0,0,0,0,0,0,0,1
3609,20,f079e95302a265cb,2.181815,19.120694,1,13880,1,0,0,0,0,0,0,0,0,0,0,0,0,1
3610,20,6fb8b5718a19b4f2,1.639116,17.843507,1,13825,1,1,0,0,1,0,0,0,0,0,0,0,0,0
3611,20,45ab824543f54600,2.276789,20.0,1,13785,2,1,0,0,1,0,0,0,0,0,0,0,0,1
3612,20,0cfccacfd1a330d8,2.75412,18.789257,1,13856,1,0,0,0,0,0,0,0,0,0,0,0,0,1
3613,20,f5950795130541c6,2.069067,17.594511,1,13855,1,1,0,0,1,0,0,0,0,0,0,0,0,0
3614,20,0a5a1ea3c67448e8,1.555968,20.0,1,13893,1,1,0,0,1,0,0,0,0,0,0,0,0,1
3615,20,6751a39eb4085546,2.212594,18.648585,1,13765,1,0,0,0,0,0,0,0,0,0,0,0,0,1
3616,20,178fbaf1b049ea56,1.662239,17.488829,1,13885,1,1,0,0,1,0,0,0,0,0,0,0,0,0
3617,20,41c45aea5a0dfdc6,2.292432,20.0,1,13738,2,1,0,0,1,0,0,0,0,0,0,0,0,1
3618,20,fc25b6521148f592,2.768092,18.593275,1,13850,1,0,0,0,0,0,0,0,0,0,0,0,0,1
3619,20,c51d22c7d194d0e0,2.079564,20.0,1,13938,1,1,0,0,1,0,0,0,0,0,0,0,0,1
3620,20,6ad9db8caed007c0,1.562299,19.199857,1,13909,1,1,0,0,0,0,0,0,0,0,0,0,0,1
3621,20,2f2a98846908918d,2.219021,17.919068,1,13992,1,0,0,0,1,0,0,0,0,0,0,0,0,0
3622,20,6b548880f2d8fa92,1.667068,20.0,1,13924,1,1,0,0,1,0,0,0,0,0,0,0,0,1
3623,20,184589ce6b62d29d,3.339712,18.819338,1,13728,2,0,0,0,0,0,0,0,0,0,0,0,0,1
3624,20,566bbcfd30582c41,2.509001,17.61711,1,13929,1,1,0,0,1,0,0,0,0,0,0,0,0,0
3625,20,f94a471fed1b10a2,2.930955,16.728819,1,13963,1,0,0,0,0,0,0,0,0,0,0,0,0,1
3626,20,466f1c85f013bd65,3.24557,19.525426,1,13824,2,1,0,0,1,0,0,0,0,0,0,0,0,1
3627,20,1c890ca57d24380b,2.438276,20.0,1,13932,1,1,0,0,1,0,0,0,0,0,0,0,0,1
3628,20,4c1c0696db3f5d29,2.877769,19.743871,1,13877,1,0,0,0,0,0,0,0,0,0,0,0,0,1
3629,20,5dbe1ce6ab3d2665,2.16196,18.311677,1,13979,1,1,0,0,1,0,0,0,0,0,0,0,0,0
3630,20,23310ee1aaeb8639,2.667853,17.235723,1,13800,1,0,0,0,0,0,0,0,0,0,0,0,0,1
3631,20,b49c658949802824,3.047912,19.906243,1,13935,2,1,0,0,1,0,0,0,0,0,0,0,0,1
3632,20,0116871683a8462c,3.336223,18.45028,1,13891,1,0,0,0,0,0,0,0,0,0,0,0,0,1
3633,20,442b765d2eeb6306,2.50638,17.33985,1,13929,1,1,0,0,1,0,0,0,0,0,0,0,0,0
3634,20,8b751dd85af18131,2.926603,16.505626,1,13720,1,0,0,0,0,0,0,0,0,0,0,0,0,1
3635,20,15870cb86978ddb3,2.200847,15.892968,1,13641,1,1,0,0,1,0,0,0,0,0,0,0,0,0
3636,20,1bac8f4cbaacf4dc,2.697068,15.418637,1,13847,1,0,0,0,0,0,0,0,0,0,0,0,0,1
3637,20,caf71b2a4fe5c69b,2.026206,15.06229,1,13331,1,1,0,0,1,0,0,0,0,0,0,0,0,0
3638,20,5109776e3d0ee90e,1.522213,18.273425,1,13538,1,1,0,0,1,0,0,0,0,0,0,0,0,1
3639,20,3f4b8cd84884981e,2.188876,13.741876,0,13713,1,0,0,0,0,0,0,0,0,0,0,0,0,0
3640,20,d9561ebf158cff78,1.644421,17.281447,1,13732,1,1,0,0,1,0,0,0,0,0,0,0,0,1
3641,20,98984085bfeee9df,1.235392,16.461749,1,13715,1,1,0,0,1,0,0,0,0,0,0,0,0,0
3642,20,31bac18f56c2d5bc,1.973183,15.859972,1,13780,1,0,0,0,0,0,0,0,0,0,0,0,0,1
3643,20,1a766d1a67354e01,1.482379,15.393848,1,13815,1,1,0,0,1,0,0,0,0,0,0,0,0,0
3644,20,fd2b02fd98055370,1.113656,18.522512,1,13880,1,1,0,0,1,0,0,0,0,0,0,0,0,1
3645,20,ade54318559972c0,1.880301,13.915271,0,13695,1,0,0,0,0,0,0,0,0,0,0,0,0,0
3646,20,de9c34c3e368799e,1.414013,17.425485,1,13620,1,1,0,0,1,0,0,0,0,0,0,0,0,1
3647,20,7d8ac752b59b6a53,1.062295,16.56996,1,13693,1,1,0,0,1,0,0,0,0,0,0,0,0,0
3648,20,9488ac2f9e8c2426,0.798063,19.406081,1,13669,1,1,0,0,1,0,0,0,0,0,0,0,0,1
3649,20,379f5428c1a5daf5,1.644305,14.593649,0,13758,1,0,0,0,0,0,0,0,0,0,0,0,0,0
3650,20,5a31ebf7223c44d5,1.235305,17.921352,1,13658,1,1,0,0,1,0,0,0,0,0,0,0,0,1
3651,20,225722e32e059e30,0.928038,16.942486,1,13770,1,1,0,0,1,0,0,0,0,0,0,0,0,0
3652,20,78d1253cab05704a,1.740854,16.207101,1,13668,1,0,0,0,0,0,0,0,0,0,0,0,0,1
3653,20,72d57fdc27db14fd,1.309147,15.668473,1,13615,1,1,0,0,1,0,0,0,0,0,0,0,0,0
3654,20,e98f58fe452e9df2,0.983513,18.728827,1,13737,1,1,0,0,1,0,0,0,0,0,0,0,0,1
3655,20,0f214dbbe4573a73,1.78253,17.549112,1,13692,1,0,0,0,0,0,0,0,0,0,0,0,0,1
3656,20,ebd7cf2e3e0f7557,1.340488,16.677684,1,13669,1,1,0,0,1,0,0,0,0,0,0,0,0,0
3657,20,e560175d7fdc8431,1.007059,19.48701,1,13628,1,1,0,0,1,0,0,0,0,0,0,0,0,1
3658,20,f965d88c5bb5d12e,1.800219,14.639862,0,13862,1,0,0,0,0,0,0,0,0,0,0,0,0,0
3659,20,16f680dd443a96d2,1.352437,17.95607,1,13640,1,1,0,0,1,0,0,0,0,0,0,0,0,1
3660,20,1bc3f9fb113e040b,1.017052,16.983722,1,13696,1,1,0,0,1,0,0,0,0,0,0,0,0,0
3661,20,eeb4cee968db4eb6,1.807726,19.716925,1,13616,2,1,0,0,1,0,0,0,0,0,0,0,0,1
3662,20,81c289bc45ccd91d,2.401731,18.291433,1,13505,1,0,0,0,0,0,0,0,0,0,0,0,0,1
3663,20,e77d55c3c5b10576,1.806136,17.23592,1,13581,1,1,0,0,1,0,0,0,0,0,0,0,0,0
3664,20,7d1f844fa561d078,1.356882,19.906391,1,13751,1,1,0,0,1,0,0,0,0,0,0,0,0,1
3665,20,79dd5154fd6edd39,2.063028,18.433772,1,13566,1,0,0,0,0,0,0,0,0,0,0,0,0,1
3666,20,bba69b1c428039fe,1.549876,17.327448,1,13675,1,1,0,0,1,0,0,0,0,0,0,0,0,0
3667,20,d5cf5f12ccbb2d89,1.165529,19.991492,1,14453,1,1,0,0,1,0,0,0,0,0,0,0,0,1
3668,20,694a1b542e6fd32d,1.919272,15.01886,0,14374,1,0,0,0,0,0,0,0,0,0,0,0,0,0
3669,20,8138a9fa37b11170,2.48553,18.240797,1,14676,2,1,0,0,1,0,0,0,0,0,0,0,0,1
3670,20,205f8f0e71e7a01d,1.869154,20.0,1,15890,1,1,0,0,1,0,0,0,0,0,0,0,0,1
3671,20,5c92bdf6ff00ab38,1.404226,20.0,1,16144,1,1,0,0,1,0,0,0,0,0,0,0,0,1
3672,20,a39216dd796a79a2,2.098596,20.0,1,15687,2,1,0,0,1,0,0,0,0,0,0,0,0,1
3673,20,c13ae5b429adb9b6,2.62025,20.0,1,15348,1,0,0,0,0,0,0,0,0,0,0,0,0,1
3674,20,e1d3f1dc94888fee,1.970465,20.0,1,15646,1,1,0,0,1,0,0,0,0,0,0,0,0,1
3675,20,c3fb7e00efa35921,2.52399,20.0,1,15626,2,1,0,0,1,0,0,0,0,0,0,0,0,1
3676,20,c9f49a52e856f0ee,1.896179,20.0,1,15966,1,1,0,0,0,0,0,0,0,0,0,0,0,1
3677,20,96084df86f015f24,2.470105,19.812585,1,15650,1,0,0,0,1,0,0,0,0,0,0,0,0,0
3678,20,d1d2f003e5392f41,1.855697,20.0,1,16087,1,1,0,0,1,0,0,0,0,0,0,0,0,1
3679,20,6e83dfd6ae6b3990,2.437769,20.0,1,16052,2,1,0,0,1,0,0,0,0,0,0,0,0,1
3680,20,ca3f4ba84dbfa160,2.875058,17.554659,0,16348,1,0,0,0,0,0,0,0,0,0,0,0,0,0
3681,20,aa6a12cf4340d3d1,2.162085,20.0,1,16193,1,1,0,0,1,0,0,0,0,0,0,0,0,1
3682,20,1d66f09716de2991,2.667947,20.0,1,14476,2,1,0,0,1,0,0,0,0,0,0,0,0,1
3683,20,50d12954f0826ae4,3.047982,20.0,1,12961,1,0,0,0,0,0,0,0,0,0,0,0,0,1
3684,20,d16477f63ca5c05a,2.292126,20.0,1,13051,1,1,0,0,1,0,0,0,0,0,0,0,0,1
3685,20,fdc1ed46a02f3301,1.721989,20.0,1,13185,1,1,0,0,1,0,0,0,0,0,0,0,0,0
3686,20,71f8da2ee8202719,2.337319,18.546063,1,13301,1,0,0,0,0,0,0,0,0,0,0,0,0,1
3687,20,a9c59d64714e79af,2.799594,20.0,1,13331,2,1,0,0,1,0,0,0,0,0,0,0,0,1
3688,20,9277db9c6f9410c0,2.105334,19.19057,1,13281,1,1,0,0,1,0,0,0,0,0,0,0,0,0
3689,20,24a53976255588ba,1.581659,20.0,1,12978,1,1,0,0,1,0,0,0,0,0,0,0,0,1
3690,20,cab0cda823c7f271,1.188241,20.0,1,13239,1,1,0,0,1,0,0,0,0,0,0,0,0,1
3691,20,f605fa8048bc9ebf,0.893574,17.308219,0,13138,1,1,0,0,0,0,0,0,0,0,0,0,0,0
3692,20,1874ed6152678b83,1.714962,19.960707,1,13171,1,0,0,0,1,0,0,0,0,0,0,0,0,1
3693,20,eab83b6b657dad7d,1.288387,18.474578,1,13149,1,1,0,0,1,0,0,0,0,0,0,0,0,0
3694,20,e205dbf54a3118fd,0.967917,20.0,1,13416,1,1,0,0,1,0,0,0,0,0,0,0,0,1
3695,20,d39a092eb4c887c2,2.816188,19.150184,1,13072,2,0,0,0,0,0,0,0,0,0,0,0,0,1
3696,20,8edda958b3ba49f2,2.115697,20.0,1,13471,1,1,0,0,1,0,0,0,0,0,0,0,0,1
3697,20,31663900bf6e709b,1.589444,19.514174,1,13410,1,1,0,0,1,0,0,0,0,0,0,0,0,0
3698,20,312a6361e5b4b5ed,2.239435,18.155439,1,13345,1,0,0,0,0,0,0,0,0,0,0,0,0,1
3699,20,186c05fa9dd7e38f,1.682404,17.118347,1,13299,1,1,0,0,1,0,0,0,0,0,0,0,0,0
3700,20,f4a024b74be72cc5,1.263927,19.818063,1,13706,1,1,0,0,1,0,0,0,0,0,0,0,0,1
3701,20,dc00fb071c805147,3.036848,18.367415,1,13338,2,0,0,0,0,0,0,0,0,0,0,0,0,1
3702,20,4e2693e5d5707aeb,2.283753,17.293059,1,13409,1,1,0,0,1,0,0,0,0,0,0,0,0,0
3703,20,e38e831c05553a35,2.759352,16.470473,1,13395,1,0,0,0,0,0,0,0,0,0,0,0,0,1
3704,20,4e50c0b09f558fe6,2.072998,15.852496,1,13077,1,1,0,0,1,0,0,0,0,0,0,0,0,0
3705,20,7a0f7d36280cb876,0.514773,15.401804,1,13311,0,1,0,0,1,0,0,0,0,0,0,0,0,0
3706,20,d0faf9d3049cc81f,2.474037,15.049644,1,13354,2,0,0,0,0,0,0,0,0,0,0,0,0,1
3707,20,17b35cca3f41b555,1.858651,18.263924,1,13162,1,1,0,0,1,0,0,0,0,0,0,0,0,1
3708,20,009e885b1c17c938,2.439989,13.721003,0,13279,1,0,0,0,0,0,0,0,0,0,0,0,0,0
3709,20,957505aa1c713333,1.834906,17.279394,1,13125,1,1,0,0,1,0,0,0,0,0,0,0,0,1
3710,20,3734493c24f7ffb0,1.378496,16.460207,1,13179,1,1,0,0,1,0,0,0,0,0,0,0,0,0
3711,20,66f2c596f95c4058,2.079266,15.844783,1,13333,1,0,0,0,0,0,0,0,0,0,0,0,0,1
3712,20,9f91f39a22635161,1.563638,18.876506,1,13140,1,1,0,0,1,0,0,0,0,0,0,0,0,1
3713,20,37d7ab444543f768,3.262009,17.660058,1,13338,2,0,0,0,0,0,0,0,0,0,0,0,0,1
3714,20,59b944d6bfed6fd9,2.450626,20.0,1,13214,1,1,0,0,1,0,0,0,0,0,0,0,0,1
3715,20,07ff7950dd479dbc,2.884717,15.194309,0,13187,1,0,0,0,0,0,0,0,0,0,0,0,0,0
3716,20,a61d9538ca16e1ed,2.169348,18.38734,1,13049,1,1,0,0,1,0,0,0,0,0,0,0,0,1
3717,20,22b67b80133f1ccf,2.673404,13.813721,0,13228,1,0,0,0,0,0,0,0,0,0,0,0,0,0
3718,20,18dca41d384340a4,2.008428,17.335422,1,13188,1,1,0,0,1,0,0,0,0,0,0,0,0,1
3719,20,893aae12bfb707d6,1.510367,16.516986,1,13094,1,1,0,0,1,0,0,0,0,0,0,0,0,0
3720,20,c00462b94aa5e028,2.178335,15.887439,1,13099,1,0,0,0,0,0,0,0,0,0,0,0,0,1
3721,20,17051f5a892f9f44,1.636502,15.414483,1,12979,1,1,0,0,1,0,0,0,0,0,0,0,0,0
3722,20,47f3fef564e96d1e,2.273096,15.059169,1,13109,1,0,0,0,0,0,0,0,0,0,0,0,0,1
3723,20,1c5da9741e9611e3,1.709401,14.805212,1,13086,1,1,0,0,1,0,0,0,0,0,0,0,0,0
3724,20,a86695cfde272233,2.327862,14.601447,1,12972,1,0,0,0,0,0,0,0,0,0,0,0,0,1
3725,20,b4f06c28026690a8,1.748836,14.448366,1,12933,1,1,0,0,1,0,0,0,0,0,0,0,0,0
3726,20,6d23d3e57f067beb,2.3593,14.345879,1,12853,1,0,0,0,0,0,0,0,0,0,0,0,0,1
3727,20,12f1991968ffe41f,1.772454,10.777522,0,12935,1,1,0,0,0,0,0,0,0,0,0,0,0,0
3728,20,8f9cd570dad1e465,2.375232,15.054439,1,12966,1,0,0,0,1,0,0,0,0,0,0,0,0,1
3729,20,57c5c4788573b8da,1.784423,14.788681,1,13005,1,1,0,0,1,0,0,0,0,0,0,0,0,0
3730,20,c216a6176a61b228,2.386062,14.601801,1,13148,1,0,0,0,0,0,0,0,0,0,0,0,0,1
3731,20,c62433dfcd720b39,1.792559,14.448632,1,13284,1,1,0,0,1,0,0,0,0,0,0,0,0,0
3732,20,6da00e07b7d14e6b,2.390336,14.333561,1,13366,1,0,0,0,0,0,0,0,0,0,0,0,0,1
3733,20,00fab1bc302a2315,1.797567,14.259544,1,13160,1,1,0,0,1,0,0,0,0,0,0,0,0,0
3734,20,c1f0fe42d6403181,1.350445,17.670352,1,13339,1,1,0,0,1,0,0,0,0,0,0,0,0,1
3735,20,b9e7bd12c2eae4a2,2.058192,13.275075,0,13491,1,0,0,0,0,0,0,0,0,0,0,0,0,0
3736,20,dd9cb706451debe5,1.546243,16.930756,1,13499,1,1,0,0,1,0,0,0,0,0,0,0,0,1
3737,20,934ef15c4628271b,1.162797,16.212672,1,13428,1,1,0,0,1,0,0,0,0,0,0,0,0,0
3738,20,cdf38aff592182e2,1.917219,15.658819,1,13410,1,0,0,0,0,0,0,0,0,0,0,0,0,1
3739,20,e729f1fe61ff9856,1.440335,15.24273,1,13391,1,1,0,0,1,0,0,0,0,0,0,0,0,0
3740,20,6155c3eed8d20a8d,1.083152,18.423753,1,13131,1,1,0,0,1,0,0,0,0,0,0,0,0,1
3741,20,d231fb207dfddcb6,0.813732,17.319922,1,13352,1,1,0,0,1,0,0,0,0,0,0,0,0,0
3742,20,8f1f94d387028d6e,1.65498,16.490654,1,13397,1,0,0,0,0,0,0,0,0,0,0,0,0,1
3743,20,621bf4145e6d5b6a,2.286978,19.346501,1,13231,2,1,0,0,1,0,0,0,0,0,0,0,0,1
3744,20,e23e9a20d2da418b,1.71984,20.0,1,13135,1,1,0,0,1,0,0,0,0,0,0,0,0,1
3745,20,7bcbbc76d1634cc3,2.335705,16.159545,0,13296,1,0,0,0,0,0,0,0,0,0,0,0,0,0
3746,20,47c0345c65d03c05,1.754728,19.097751,1,13489,1,1,0,0,1,0,0,0,0,0,0,0,0,1
3747,20,553a5e2576ff0264,1.31958,14.361781,0,13508,1,1,0,0,0,0,0,0,0,0,0,0,0,0
3748,20,a7cf576587ff4587,3.078658,17.747158,1,13503,2,0,0,0,1,0,0,0,0,0,0,0,0,1
3749,20,89099ab7cb19e2e7,2.312881,20.0,1,13518,1,1,0,0,1,0,0,0,0,0,0,0,0,1
3750,20,4ec9965e2fbedf9f,2.781234,18.722313,1,13674,1,0,0,0,0,0,0,0,0,0,0,0,0,1
3751,20,b23a4cc7d12dd704,2.091528,17.559948,1,13457,1,1,0,0,1,0,0,0,0,0,0,0,0,0
3752,20,61698f26678515ac,1.571287,20.0,1,13676,1,1,0,0,1,0,0,0,0,0,0,0,0,1
3753,20,b11cbfda977b40f8,2.224102,18.616652,1,13457,2,1,0,0,0,0,0,0,0,0,0,0,0,1
3754,20,3a1c47bf557599ba,2.716707,17.480489,1,13833,1,0,0,0,1,0,0,0,0,0,0,0,0,0
3755,20,4f718c1c9b5c2625,2.04096,20.0,1,13602,1,1,0,0,1,0,0,0,0,0,0,0,0,1
3756,20,6811f9e007fd7cf8,1.533297,20.0,1,13862,1,1,0,0,1,0,0,0,0,0,0,0,0,1
3757,20,e292af7ac35acd97,2.195562,16.565829,0,13773,1,0,0,0,0,0,0,0,0,0,0,0,0,0
3758,20,e2b3b418a646f513,1.651094,19.418743,1,13844,1,1,0,0,1,0,0,0,0,0,0,0,0,1
3759,20,0b23a3c7c635eaf1,2.284059,14.588576,0,13774,1,0,0,0,0,0,0,0,0,0,0,0,0,0
3760,20,9ad5e07749bbb1da,2.759581,17.917541,1,13807,2,1,0,0,1,0,0,0,0,0,0,0,0,1
3761,20,45eb4e3f0d6effad,2.075244,20.0,1,13686,1,1,0,0,1,0,0,0,0,0,0,0,0,1
3762,20,705d92d4456e1a7a,1.559054,18.831083,1,13926,1,1,0,0,1,0,0,0,0,0,0,0,0,0
3763,20,a6486756894af270,2.214912,17.625934,1,13962,1,0,0,0,0,0,0,0,0,0,0,0,0,1
3764,20,cf96243255e12a51,1.663981,16.720549,1,13990,1,1,0,0,1,0,0,0,0,0,0,0,0,0
3765,20,f9548e6cb48611fd,1.251337,19.535095,1,14026,1,1,0,0,1,0,0,0,0,0,0,0,0,1
3766,20,027eecb2c7bff9d1,0.940083,20.0,1,13972,1,1,0,0,1,0,0,0,0,0,0,0,0,1
3767,20,0145e96e272d1c62,1.749902,16.252572,0,13864,1,0,0,0,0,0,0,0,0,0,0,0,0,0
3768,20,5071cf6a8335f1a8,2.360102,19.183169,1,14127,2,1,0,0,1,0,0,0,0,0,0,0,0,1
3769,20,ae03891b2667f9ba,1.773056,20.0,1,13915,1,1,0,0,1,0,0,0,0,0,0,0,0,1
3770,20,a52d4a993a89f6c9,2.375684,16.053946,0,14019,1,0,0,0,0,0,0,0,0,0,0,0,0,0
3771,20,273206081606a9b4,1.784763,19.018419,1,14211,1,1,0,0,1,0,0,0,0,0,0,0,0,1
3772,20,1e0ac32bef02ef8c,1.342167,20.0,1,14034,1,1,0,0,1,0,0,0,0,0,0,0,0,1
3773,20,387b3075e7d097d4,1.00832,19.453036,1,13735,1,1,0,0,1,0,0,0,0,0,0,0,0,0
3774,20,bd58832d595a1f38,1.801166,20.0,1,13504,2,1,0,0,0,0,0,0,0,0,0,0,0,2
3775,20,29f744d7bcdf9a50,2.398653,19.702974,1,13608,1,0,0,0,1,0,0,0,0,0,0,0,0,0
3776,20,338163cddab124bf,1.802019,20.0,1,13746,1,1,0,0,1,0,0,0,0,0,0,0,0,1
3777,21,1fd48474a6be9a50,1.353789,20.0,1,13984,1,1,0,0,1,0,0,0,0,0,0,0,0,1
3778,21,530e0ea8d92a6d51,2.060705,17.508183,0,13969,1,0,0,0,0,0,0,0,0,0,0,0,0,0
3779,21,9d91a06f605c6d81,1.549679,20.0,1,14094,1,1,0,0,1,0,0,0,0,0,0,0,0,1
3780,21,1bedfd585b1aa4b9,1.164216,18.599813,1,14266,1,1,0,0,1,0,0,0,0,0,0,0,0,0
3781,21,26a9669cba5af3ef,2.961939,17.452189,1,14099,2,0,0,0,0,0,0,0,0,0,0,0,0,1
3782,21,4f55c5e4b2d3c044,2.22742,20.0,1,14246,1,1,0,0,1,0,0,0,0,0,0,0,0,1
3783,21,429a6cfc04b09590,1.673377,20.0,1,14198,1,1,0,0,1,0,0,0,0,0,0,0,0,1
3784,21,bfd1095e82cc3b3f,2.300799,16.563104,0,14033,1,0,0,0,0,0,0,0,0,0,0,0,0,0
3785,21,e8a24dfe484cb614,1.728505,19.40093,1,14082,1,1,0,0,1,0,0,0,0,0,0,0,0,1
3786,21,a8eb40163c807ab7,1.29986,18.070277,1,13848,1,1,0,0,1,0,0,0,0,0,0,0,0,0
3787,21,b734eb68cadec0ba,2.02019,17.054368,1,14039,1,0,0,0,0,0,0,0,0,0,0,0,0,1
3788,21,03ed9d518f369873,1.517693,16.291154,1,14101,1,1,0,0,1,0,0,0,0,0,0,0,0,0
3789,21,cd43fcebe8f5e6e6,1.141327,19.212183,1,13886,1,1,0,0,1,0,0,0,0,0,0,0,0,1
3790,21,338e1a6d9a9334b5,0.857436,17.91224,1,13943,1,1,0,0,1,0,0,0,0,0,0,0,0,0
3791,21,f71f04d2a5841727,1.687813,16.935641,1,14086,1,0,0,0,0,0,0,0,0,0,0,0,0,1
3792,21,dab4ff966e399802,1.267991,19.680803,1,13963,1,1,0,0,1,0,0,0,0,0,0,0,0,1
3793,21,339e340883d8ecaf,0.953547,18.280746,1,13801,1,1,0,0,1,0,0,0,0,0,0,0,0,0
3794,21,0f3eea50b2030a66,0.716364,17.212485,1,14118,1,1,0,0,0,0,0,0,0,0,0,0,0,1
3795,21,157d3461e0a7f335,1.581831,16.409941,1,13933,1,0,0,0,1,0,0,0,0,0,0,0,0,0
3796,21,f1991b9aba19249f,1.18956,19.301513,1,14140,1,1,0,0,1,0,0,0,0,0,0,0,0,1
3797,21,f0cae4ef532c2023,0.893672,17.97935,1,13941,1,1,0,0,1,0,0,0,0,0,0,0,0,0
3798,21,3dc875a761d5c5ef,0.671382,16.986058,1,14004,1,1,0,0,0,0,0,0,0,0,0,0,0,1
3799,21,e90cc852e180b7a9,2.591691,19.718679,1,14105,2,0,0,0,1,0,0,0,0,0,0,0,0,1
3800,21,0843c071791750a4,1.948989,20.0,1,13988,1,1,0,0,1,0,0,0,0,0,0,0,0,1
3801,21,e7652621d19bb2aa,1.464202,19.848655,1,13814,1,1,0,0,1,0,0,0,0,0,0,0,0,0
3802,21,83403ab2ce2e5edc,1.1,20.0,1,14046,1,1,0,0,1,0,0,0,0,0,0,0,0,1
3803,21,31f44b91b5854a60,1.871366,16.445981,0,13858,1,0,0,0,0,0,0,0,0,0,0,0,0,0
3804,21,9eeb382b0724ec5e,1.405888,19.31294,1,13936,1,1,0,0,1,0,0,0,0,0,0,0,0,1
3805,21,8cf44fb6a5bc2678,1.056191,20.0,1,14016,1,1,0,0,1,0,0,0,0,0,0,0,0,1
3806,21,26302fd6db433208,0.793477,19.606033,1,13923,1,1,0,0,1,0,0,0,0,0,0,0,0,0
3807,21,212d5aa4658ea2f7,1.640856,18.224518,1,13925,1,0,0,0,0,0,0,0,0,0,0,0,0,1
3808,21,37a5a18fb6caef37,2.276367,20.0,1,13892,2,1,0,0,1,0,0,0,0,0,0,0,0,1
3809,21,79c0b206a03c3fd7,1.71015,20.0,1,14119,1,1,0,0,1,0,0,0,0,0,0,0,0,1
3810,21,066f19424897b5f9,2.330207,16.898194,0,14006,1,0,0,0,0,0,0,0,0,0,0,0,0,0
3811,21,45cd890081455bb1,1.750598,19.652671,1,14015,1,1,0,0,1,0,0,0,0,0,0,0,0,1
3812,21,750fc310f3e0ed42,1.315159,18.243161,1,14061,1,1,0,0,1,0,0,0,0,0,0,0,0,0
3813,21,adc39f36c9059362,0.98803,20.0,1,14051,1,1,0,0,1,0,0,0,0,0,0,0,0,1
3814,21,c737755f3a17e375,1.787163,19.019443,1,13795,2,1,0,0,0,0,0,0,0,0,0,0,0,1
3815,21,03691bb0fd247bd6,2.386282,20.0,1,13965,1,0,0,0,1,0,0,0,0,0,0,0,0,1
3816,21,578fb6fab2e2f3f6,1.792724,19.440385,1,13937,1,1,0,0,1,0,0,0,0,0,0,0,0,0
3817,21,6085a28dd6b7aff7,1.348154,20.0,1,14067,1,1,0,0,1,0,0,0,0,0,0,0,0,1
3818,21,be0e04b7c44ccd39,1.012818,19.69143,1,13911,1,1,0,0,0,0,0,0,0,0,0,0,0,1
3819,21,7eb8737e386f83c6,1.804546,20.0,1,14142,1,0,0,0,1,0,0,0,0,0,0,0,0,1
3820,21,df10bd142829f09e,1.355688,19.819651,1,13835,1,1,0,0,1,0,0,0,0,0,0,0,0,0
3821,21,bfa76b9aa9882ae4,1.019496,20.0,1,13795,1,1,0,0,1,0,0,0,0,0,0,0,0,1
3822,21,3cbca3f7365ce076,0.76591,20.0,1,13907,1,1,0,0,1,0,0,0,0,0,0,0,0,1
3823,21,56e4a4bf8d7a99f0,1.619053,20.0,1,13978,2,1,0,0,0,0,0,0,0,0,0,0,0,1
3824,21,74dea8182b594738,2.261701,20.0,1,13830,1,0,0,0,1,0,0,0,0,0,0,0,0,1
3825,21,f5311adf735cf63b,1.699132,20.0,1,13869,1,1,0,0,1,0,0,0,0,0,0,0,0,0
3826,21,072fcead16035cc8,1.276494,20.0,1,14192,1,1,0,0,1,0,0,0,0,0,0,0,0,1
3827,21,92f19af33868b99d,0.958982,20.0,1,14041,1,1,0,0,0,0,0,0,0,0,0,0,0,1
3828,21,9d63cd8ad3fe1404,2.809469,20.0,1,13950,2,0,0,0,1,0,0,0,0,0,0,0,0,1
3829,21,a70b639d11ec29be,2.110649,20.0,1,14179,1,1,0,0,1,0,0,0,0,0,0,0,0,1
3830,21,c2b951f784f9b818,1.585652,20.0,1,13984,1,1,0,0,1,0,0,0,0,0,0,0,0,0
3831,21,70fda9c2c2c57230,1.192433,20.0,1,13968,1,1,0,0,1,0,0,0,0,0,0,0,0,1
3832,21,955f50cb3de97d4f,1.939484,20.0,1,13899,1,0,0,0,0,0,0,0,0,0,0,0,0,1
3833,21,c1857ce1d7dd4a0e,1.457061,19.046359,1,13943,1,1,0,0,1,0,0,0,0,0,0,0,0,0
3834,21,dff93ad60d5d284a,2.138289,20.0,1,14020,2,1,0,0,1,0,0,0,0,0,0,0,0,1
3835,21,8cf4a90e45b30250,1.608024,20.0,1,13933,1,1,0,0,1,0,0,0,0,0,0,0,0,1
3836,21,9ac529a8650b551c,1.208048,20.0,1,14033,1,1,0,0,1,0,0,0,0,0,0,0,0,1
3837,21,b754b9789c31eb18,1.951215,20.0,1,14059,1,0,0,0,0,0,0,0,0,0,0,0,0,1
3838,21,676d7f4c565399ea,2.511492,20.0,1,14078,2,1,0,0,1,0,0,0,0,0,0,0,0,1
3839,21,471854d6c3364080,1.88679,20.0,1,13778,1,1,0,0,1,0,0,0,0,0,0,0,0,1
3840,21,84f40ee36766fab8,1.417475,20.0,1,14066,1,1,0,0,1,0,0,0,0,0,0,0,0,0
3841,21,a4d2dffe5540e487,1.064896,19.877596,1,13988,1,1,0,0,0,0,0,0,0,0,0,0,0,1
3842,21,de21a4da6284889f,2.889118,20.0,1,13792,2,0,0,0,1,0,0,0,0,0,0,0,0,1
3843,21,e62a778fd9bc7c67,2.170486,20.0,1,13941,1,1,0,0,1,0,0,0,0,0,0,0,0,1
3844,21,5f81ebada1015b2f,1.630605,20.0,1,13892,1,1,0,0,1,0,0,0,0,0,0,0,0,1
3845,21,738feafbfe368411,2.270389,18.462113,0,13879,1,0,0,0,0,0,0,0,0,0,0,0,0,0
3846,21,9005817a26118b8d,1.705658,20.0,1,14002,1,1,0,0,1,0,0,0,0,0,0,0,0,1
3847,21,e4aa1e53986c6162,3.368704,19.12583,1,13932,2,0,0,0,0,0,0,0,0,0,0,0,0,1
3848,21,14436506dbfa4aaa,2.530781,17.847366,1,13830,1,1,0,0,1,0,0,0,0,0,0,0,0,0
3849,21,eec1da8ce647dd31,1.903184,20.0,1,13995,1,1,0,0,1,0,0,0,0,0,0,0,0,1
3850,21,6476a162343f19dd,2.473444,18.791437,1,13977,1,0,0,0,0,0,0,0,0,0,0,0,0,1
3851,21,7bb871de1ee0b28b,1.858206,17.596149,1,13913,1,1,0,0,1,0,0,0,0,0,0,0,0,0
3852,21,538dcab362c26946,1.397397,20.0,1,13900,1,1,0,0,1,0,0,0,0,0,0,0,0,1
3853,21,f28158e482f1773d,2.093466,15.170665,0,13948,1,0,0,0,0,0,0,0,0,0,0,0,0,0
3854,21,2604305c2c3d376f,1.572743,18.354843,1,13875,1,1,0,0,1,0,0,0,0,0,0,0,0,1
3855,21,04ccf6f26dc95fcb,2.225196,20.0,1,14114,2,1,0,0,1,0,0,0,0,0,0,0,0,1
3856,21,8505e7fbc07fb8ed,2.71753,15.602037,0,13966,1,0,0,0,0,0,0,0,0,0,0,0,0,0
3857,21,e4280dc39ccf54e4,2.041578,18.678916,1,13868,1,1,0,0,1,0,0,0,0,0,0,0,0,1
3858,21,74f41fc829040947,2.577415,14.032771,0,13977,1,0,0,0,0,0,0,0,0,0,0,0,0,0
3859,21,bfaa0b0b5718a760,1.938253,17.513848,1,13922,1,1,0,0,1,0,0,0,0,0,0,0,0,1
3860,21,62086a03d7fd8586,1.456137,20.0,1,14038,1,1,0,0,1,0,0,0,0,0,0,0,0,1
3861,21,55b16f2433fcd65b,2.137595,15.111789,0,14082,1,0,0,0,0,0,0,0,0,0,0,0,0,0
3862,21,c56d3e062dcd12d5,1.605895,18.310611,1,13955,1,1,0,0,1,0,0,0,0,0,0,0,0,1
3863,21,3c94a3fab220972b,2.251806,17.250342,1,13827,2,1,0,0,0,0,0,0,0,0,0,0,0,1
3864,21,fd5ddd53a80c9042,1.691698,16.438382,1,13910,0,0,0,0,1,0,0,0,0,0,0,0,0,0
3865,21,5765d298baea198d,1.270909,19.307231,1,13803,1,1,0,0,1,0,0,0,0,0,0,0,0,1
3866,21,7244bc04c160072c,1.999892,14.519313,0,13625,1,0,0,0,0,0,0,0,0,0,0,0,0,0
3867,21,61b163fbf66ce324,1.502444,17.865506,1,14115,1,1,0,0,1,0,0,0,0,0,0,0,0,1
3868,21,e8ee0829e0119f5d,1.12873,16.900531,1,14092,1,1,0,0,1,0,0,0,0,0,0,0,0,0
3869,21,bec80f8767eacac6,1.891626,16.175582,1,14166,1,0,0,0,0,0,0,0,0,0,0,0,0,1
3870,21,87f5085f11117587,1.42253,15.64477,1,14020,1,1,0,0,1,0,0,0,0,0,0,0,0,0
3871,21,a3c85979817af726,1.068694,18.71102,1,14025,1,1,0,0,1,0,0,0,0,0,0,0,0,1
3872,21,dabbb0ba8baa4513,0.80287,14.05689,0,13914,1,1,0,0,0,0,0,0,0,0,0,0,0,0
3873,21,f5fd5bfec52e0078,1.64792,17.531985,1,14037,1,0,0,0,1,0,0,0,0,0,0,0,0,1
3874,21,789fc06768225ef4,1.238021,16.649969,1,13830,1,1,0,0,1,0,0,0,0,0,0,0,0,0
3875,21,5602cd39a3523e78,0.930079,19.466189,1,14021,1,1,0,0,1,0,0,0,0,0,0,0,0,1
3876,21,e1429d3a8baaf5bf,1.742387,14.62422,0,13838,1,0,0,0,0,0,0,0,0,0,0,0,0,0
3877,21,83413fcd97e02768,1.3103,17.958625,1,13755,1,1,0,0,1,0,0,0,0,0,0,0,0,1
3878,21,61061f6cc2e7c121,0.984379,20.0,1,13849,1,1,0,0,1,0,0,0,0,0,0,0,0,1
3879,21,6eab70669e0dbdc7,2.826834,15.362819,0,13808,2,0,0,0,0,0,0,0,0,0,0,0,0,0
3880,21,078862c9a37d0593,1.081669,18.514062,1,13773,0,1,0,0,1,0,0,0,0,0,0,0,0,1
3881,21,87e98a0fc22e9f9e,0.812617,17.387767,1,13896,1,1,0,0,1,0,0,0,0,0,0,0,0,0
3882,21,6f7c1d231edf681a,0.610489,20.0,1,13682,1,1,0,0,1,0,0,0,0,0,0,0,0,1
3883,21,954a3cc004d5ea17,1.502291,20.0,1,13893,2,1,0,0,1,0,0,0,0,0,0,0,0,1
3884,21,7c6fd1de51b52112,2.173895,16.543049,0,13813,1,0,0,0,0,0,0,0,0,0,0,0,0,0
3885,21,61610235a39b1adc,1.633166,19.385864,1,13821,1,1,0,0,1,0,0,0,0,0,0,0,0,1
3886,21,5fc163949e26e332,1.226936,18.042719,1,13911,1,1,0,0,1,0,0,0,0,0,0,0,0,0
3887,21,3c51388743055255,-0.121477,17.048884,1,14370,0,1,0,0,1,0,0,0,0,0,0,0,0,0
3888,21,82bf91d0df49aacc,1.996046,16.287033,1,14554,2,0,0,0,0,0,0,0,0,0,0,0,0,1
3889,21,2f874b6d8a183462,1.499555,19.193528,1,14727,1,1,0,0,1,0,0,0,0,0,0,0,0,1
3890,21,3f723152fa386699,1.126559,20.0,1,14760,1,1,0,0,1,0,0,0,0,0,0,0,0,1
3891,21,97be16ec3a5edeb4,0.847189,19.556363,1,14659,1,1,0,0,1,0,0,0,0,0,0,0,0,0
3892,21,5abe9fbdd75050e0,1.680115,18.170809,1,14943,1,0,0,0,0,0,0,0,0,0,0,0,0,1
3893,21,b462440f36527f08,2.305861,20.0,1,15525,2,1,0,0,1,0,0,0,0,0,0,0,0,1
3894,21,f58e917f2396ca23,1.73404,20.0,1,15615,1,1,0,0,1,0,0,0,0,0,0,0,0,1
3895,21,b8fcd53c249c4972,1.302719,20.0,1,15625,1,1,0,0,1,0,0,0,0,0,0,0,0,0
3896,21,aa8eb033bd07db79,3.065991,18.768168,1,15787,2,0,0,0,0,0,0,0,0,0,0,0,0,1
3897,21,93c2e175dcf0e97c,2.303365,20.0,1,15842,1,1,0,0,1,0,0,0,0,0,0,0,0,1
3898,21,30d68efaeb612eb5,2.776313,20.0,1,15957,2,1,0,0,1,0,0,0,0,0,0,0,0,1
3899,21,004f669cc29c8149,3.129394,20.0,1,14494,1,0,0,0,0,0,0,0,0,0,0,0,0,1
3900,21,fd192d463fde06c3,2.350997,20.0,1,13791,1,1,0,0,1,0,0,0,0,0,0,0,0,1
3901,21,7a0f7d6626ad51f1,1.767983,20.0,1,13765,1,1,0,0,1,0,0,0,0,0,0,0,0,0
3902,21,e65c098cc98a8b54,2.371873,18.769902,1,13786,2,1,0,0,0,0,0,0,0,0,0,0,0,1
3903,21,198f361e2f89aa6c,2.825553,20.0,1,13859,1,0,0,0,1,0,0,0,0,0,0,0,0,1
3904,21,4070a46cf9702004,2.122732,19.299545,1,13816,1,1,0,0,1,0,0,0,0,0,0,0,0,0
3905,21,bd420d1fb453fe25,1.596325,20.0,1,13845,1,1,0,0,1,0,0,0,0,0,0,0,0,1
3906,21,8608271a8e8450a9,1.199259,16.133016,0,13790,1,1,0,0,0,0,0,0,0,0,0,0,0,0
3907,21,38e9575e330aa577,1.944612,19.077821,1,13769,1,0,0,0,1,0,0,0,0,0,0,0,0,1
3908,21,223f6099a7124985,1.462376,17.827295,1,13850,1,1,0,0,1,0,0,0,0,0,0,0,0,0
3909,21,104c3254f7aae0a0,1.098628,20.0,1,13716,1,1,0,0,1,0,0,0,0,0,0,0,0,1
3910,21,58fb1eed9fe9ea64,2.912665,18.767542,1,13897,2,0,0,0,0,0,0,0,0,0,0,0,0,1
3911,21,1fc7bb8aa010ba96,2.188176,17.578197,1,13677,1,1,0,0,1,0,0,0,0,0,0,0,0,0
3912,21,c4b1b855ec0d50f8,1.64554,20.0,1,14654,1,1,0,0,1,0,0,0,0,0,0,0,0,1
3913,21,be01dbd89c416ae1,1.236233,20.0,1,14317,1,1,0,0,1,0,0,0,0,0,0,0,0,1
3914,21,5c342dbc90d0d98f,0.928735,20.0,1,14210,1,1,0,0,1,0,0,0,0,0,0,0,0,0
3915,21,216fdf48f4f7cd73,1.742573,18.592552,1,14246,1,0,0,0,0,0,0,0,0,0,0,0,0,1
3916,21,d2e5e09a765d74dd,2.352783,20.0,1,14383,2,1,0,0,1,0,0,0,0,0,0,0,0,1
3917,21,15bd1bd48d12b4b9,1.767558,20.0,1,14244,1,1,0,0,1,0,0,0,0,0,0,0,0,1
3918,21,7fc494f470133f57,1.3279,20.0,1,14273,1,1,0,0,1,0,0,0,0,0,0,0,0,0
3919,21,afa50c2e296f8758,2.04275,18.908976,1,14207,1,0,0,0,0,0,0,0,0,0,0,0,0,1
3920,21,604eb6ab297fe0b9,1.534642,17.684451,1,14142,1,1,0,0,1,0,0,0,0,0,0,0,0,0
3921,21,6699dac555d31a5f,1.152919,20.0,1,14270,1,1,0,0,1,0,0,0,0,0,0,0,0,1
3922,21,133de67399da7e06,1.911162,20.0,1,14174,2,1,0,0,1,0,0,0,0,0,0,0,0,1
3923,21,b26253da250c4e21,1.435785,20.0,1,14145,1,1,0,0,1,0,0,0,0,0,0,0,0,1
3924,21,f00763c727f5c971,1.078651,17.747769,0,14190,1,1,0,0,0,0,0,0,0,0,0,0,0,0
3925,21,d190e212679bb610,1.854004,20.0,1,14143,1,0,0,0,1,0,0,0,0,0,0,0,0,1
3926,21,37b74ad43a916029,1.394237,18.739566,1,14076,1,1,0,0,1,0,0,0,0,0,0,0,0,0
3927,21,2112f5a762e47c9d,2.091092,20.0,1,13752,2,1,0,0,1,0,0,0,0,0,0,0,0,1
3928,21,8191e1e9ccf6307e,1.570959,20.0,1,12950,1,1,0,0,1,0,0,0,0,0,0,0,0,1
3929,21,cb3fc3286c489288,2.225534,20.0,1,13028,1,0,0,0,0,0,0,0,0,0,0,0,0,1
3930,21,bb467828ad466655,1.671961,18.952826,1,13474,1,1,0,0,1,0,0,0,0,0,0,0,0,0
3931,21,3d36d14a965d0a11,1.256081,20.0,1,13356,1,1,0,0,1,0,0,0,0,0,0,0,0,1
3932,21,a99994d565d4b71a,1.9873,19.402786,1,13261,1,0,0,0,0,0,0,0,0,0,0,0,0,1
3933,21,768071a9ce45f498,1.494478,18.071673,1,13511,1,1,0,0,1,0,0,0,0,0,0,0,0,0
3934,21,1813dd3efc347462,1.122746,20.0,1,13195,1,1,0,0,1,0,0,0,0,0,0,0,0,1
3935,21,6322aa78dfe0b90e,1.88713,20.0,1,13387,2,1,0,0,1,0,0,0,0,0,0,0,0,1
3936,21,11c3bbcd28d0bbe4,2.463299,16.833322,0,13535,1,0,0,0,0,0,0,0,0,0,0,0,0,0
3937,21,37af8d2545c4c764,1.850585,19.603934,1,13288,1,1,0,0,1,0,0,0,0,0,0,0,0,1
3938,21,f71713a1d957a91a,1.390275,18.206548,1,13493,1,1,0,0,1,0,0,0,0,0,0,0,0,0
3939,21,e600fe4bc97389a4,1.044462,17.156743,1,13293,1,1,0,0,0,0,0,0,0,0,0,0,0,1
3940,21,7142cb60cb5b1d63,1.829601,19.863119,1,13243,1,0,0,0,1,0,0,0,0,0,0,0,0,1
3941,21,02342e3b3c40bc0d,1.374511,18.401263,1,13297,1,1,0,0,1,0,0,0,0,0,0,0,0,0
3942,21,4112e88c0224cb95,2.076272,17.303026,1,13225,1,0,0,0,0,0,0,0,0,0,0,0,0,1
3943,21,14f3c6c8b224f296,1.561386,16.492624,1,13253,1,1,0,0,1,0,0,0,0,0,0,0,0,0
3944,21,90421c1221ac44d0,2.216664,19.347981,1,13192,2,1,0,0,1,0,0,0,0,0,0,0,0,1
3945,21,04449ffa4655daae,2.70895,18.014259,1,13074,1,0,0,0,0,0,0,0,0,0,0,0,0,1
3946,21,f1408c2cf69f311b,2.035133,17.012284,1,13008,1,1,0,0,1,0,0,0,0,0,0,0,0,0
3947,21,cf3666ccd49561b6,1.530449,19.754483,1,13093,1,1,0,0,1,0,0,0,0,0,0,0,0,1
3948,21,b1f624a6bfa4c459,1.149769,18.319649,1,13006,1,1,0,0,1,0,0,0,0,0,0,0,0,0
3949,21,d4b6974854d49278,1.907432,17.241712,1,13100,1,0,0,0,0,0,0,0,0,0,0,0,0,1
3950,21,b6ff8f354871d95f,1.434416,19.927017,1,13042,1,1,0,0,1,0,0,0,0,0,0,0,0,1
3951,21,fd11f4cf38245d0f,2.121277,14.970423,0,13011,1,0,0,0,0,0,0,0,0,0,0,0,0,0
3952,21,f1cdb38330f13370,1.593636,18.204408,1,12970,1,1,0,0,1,0,0,0,0,0,0,0,0,1
3953,21,22aeebd87127df3d,2.240892,13.676291,0,12917,1,0,0,0,0,0,0,0,0,0,0,0,0,0
3954,21,7f75f7e854dfae74,1.685183,17.245769,1,12795,1,1,0,0,1,0,0,0,0,0,0,0,0,1
3955,21,5be77fed924cc794,2.309668,12.956102,0,12915,1,0,0,0,0,0,0,0,0,0,0,0,0,0
3956,21,19612b4eb302b839,1.735167,16.691124,1,12781,1,1,0,0,1,0,0,0,0,0,0,0,0,1
3957,21,873fbf33737870a8,2.349021,16.032465,1,12774,1,0,0,0,0,0,0,0,0,0,0,0,0,1
3958,21,d2799b93e8f126de,1.764732,15.523436,1,12807,1,1,0,0,1,0,0,0,0,0,0,0,0,0
3959,21,dbe0d4af81075c46,2.36943,15.141022,1,12627,1,0,0,0,0,0,0,0,0,0,0,0,0,1
3960,21,0fea3de3d3fc5350,1.780064,14.853728,1,12868,1,1,0,0,1,0,0,0,0,0,0,0,0,0
3961,21,c74b1b53b3af1c8d,0.294483,14.650717,1,13059,0,1,0,0,1,0,0,0,0,0,0,0,0,0
3962,21,196740f86f438372,1.264888,14.48538,1,13002,1,0,0,0,0,0,0,0,0,0,0,0,0,1
3963,21,8175054924073842,0.950263,14.361169,1,12875,1,1,0,0,1,0,0,0,0,0,0,0,0,0
3964,21,85113308fa932787,0.714611,14.280306,1,12683,1,1,0,0,0,0,0,0,0,0,0,0,0,1
3965,21,3d72a63f74df0049,1.580514,14.207104,1,12660,1,0,0,0,1,0,0,0,0,0,0,0,0,0
3966,21,d23e122f74458fdf,1.187381,17.630955,1,12765,1,1,0,0,1,0,0,0,0,0,0,0,0,1
3967,21,e6e082251f84f76a,1.935688,13.245478,0,12610,1,0,0,0,0,0,0,0,0,0,0,0,0,0
3968,21,1479ec073d39f039,1.455665,16.921791,1,12677,1,1,0,0,1,0,0,0,0,0,0,0,0,1
3969,21,4c59a34965558afd,2.13724,16.191554,1,12541,1,0,0,0,0,0,0,0,0,0,0,0,0,1
3970,21,50a07700ca9b8509,1.605629,15.642954,1,12648,1,1,0,0,1,0,0,0,0,0,0,0,0,0
3971,21,d5e07946c394343d,1.207456,18.724727,1,12740,1,1,0,0,1,0,0,0,0,0,0,0,0,1
3972,21,a44381feb069a6b1,1.95077,17.546032,1,12760,1,0,0,0,0,0,0,0,0,0,0,0,0,1
3973,21,fdbd8317dc884ef9,2.509194,20.0,1,12723,2,1,0,0,1,0,0,0,0,0,0,0,0,1
3974,21,0bde913367dc4e5a,1.885063,18.608798,1,12821,1,1,0,0,1,0,0,0,0,0,0,0,0,0
3975,21,517e18423b8b64bb,1.417595,20.0,1,12805,1,1,0,0,1,0,0,0,0,0,0,0,0,1
3976,21,10dcfd7a5685acab,2.108639,15.742772,0,12960,1,0,0,0,0,0,0,0,0,0,0,0,0,0
3977,21,f6a1f7385549d5f9,1.584142,18.784645,1,12862,1,1,0,0,1,0,0,0,0,0,0,0,0,1
3978,21,a6898429888772d6,1.191297,17.606823,1,12975,1,1,0,0,1,0,0,0,0,0,0,0,0,0
3979,21,b2035bf18698bafe,1.93863,16.706192,1,13101,1,0,0,0,0,0,0,0,0,0,0,0,0,1
3980,21,92ab5a816ce7b762,1.456421,19.508427,1,13144,1,1,0,0,1,0,0,0,0,0,0,0,0,1
3981,21,e118bb446644e184,1.094154,18.134796,1,13215,1,1,0,0,1,0,0,0,0,0,0,0,0,0
3982,21,b2b96eebf3ede9e2,0.82282,20.0,1,13267,1,1,0,0,1,0,0,0,0,0,0,0,0,1
3983,21,72e7232bca4aae0a,1.661807,18.953824,1,13408,1,0,0,0,0,0,0,0,0,0,0,0,0,1
3984,21,5daf888fd7e76975,1.248453,17.718144,1,14187,1,1,0,0,1,0,0,0,0,0,0,0,0,0
3985,21,f553f3ed784cdf0a,0.938855,20.0,1,14313,1,1,0,0,1,0,0,0,0,0,0,0,0,1
3986,21,b52a070fa716fad6,1.74898,20.0,1,15146,2,1,0,0,1,0,0,0,0,0,0,0,0,1
3987,21,ff350d03c62d6820,1.313943,16.675984,0,15286,1,1,0,0,0,0,0,0,0,0,0,0,0,0
3988,21,962c22b7d5c7fec0,2.03077,19.485733,1,15171,1,0,0,0,1,0,0,0,0,0,0,0,0,1
3989,22,1fd48474a6be9a50,1.527168,18.13405,1,14550,1,1,0,0,1,0,0,0,0,0,0,0,0,0
3990,22,530e0ea8d92a6d51,1.147304,20.0,1,13910,1,1,0,0,1,0,0,0,0,0,0,0,0,1
3991,22,9d91a06f605c6d81,-0.181727,18.940673,1,14255,0,1,0,0,1,0,0,0,0,0,0,0,0,0
3992,22,1bedfd585b1aa4b9,1.95164,17.724158,1,14192,2,0,0,0,0,0,0,0,0,0,0,0,0,1
3993,22,26a9669cba5af3ef,1.466194,20.0,1,14344,1,1,0,0,1,0,0,0,0,0,0,0,0,1
3994,22,4f55c5e4b2d3c044,1.101497,15.230487,0,14088,1,1,0,0,0,0,0,0,0,0,0,0,0,0
3995,22,429a6cfc04b09590,1.871167,18.399784,1,14176,1,0,0,0,1,0,0,0,0,0,0,0,0,1
3996,22,bfd1095e82cc3b3f,1.407144,17.317402,1,14007,1,1,0,0,1,0,0,0,0,0,0,0,0,0
3997,22,e8a24dfe484cb614,2.100788,16.488761,1,14018,1,0,0,0,0,0,0,0,0,0,0,0,0,1
3998,22,a8eb40163c807ab7,1.578244,15.866234,1,13968,1,1,0,0,1,0,0,0,0,0,0,0,0,0
3999,22,b734eb68cadec0ba,1.186862,18.892638,1,14055,1,1,0,0,1,0,0,0,0,0,0,0,0,1
4000,22,03ed9d518f369873,1.935298,14.193333,0,14091,1,0,0,0,0,0,0,0,0,0,0,0,0,0
4001,22,cd43fcebe8f5e6e6,1.453917,17.620609,1,13889,1,1,0,0,1,0,0,0,0,0,0,0,0,1
4002,22,338e1a6d9a9334b5,1.092274,20.0,1,13938,1,1,0,0,1,0,0,0,0,0,0,0,0,1
4003,22,f71f04d2a5841727,0.821405,18.667726,1,13828,1,1,0,0,1,0,0,0,0,0,0,0,0,0
4004,22,dab4ff966e399802,0.617091,20.0,1,14159,1,1,0,0,1,0,0,0,0,0,0,0,0,1
4005,22,339e340883d8ecaf,0.463597,15.763032,0,13943,1,1,0,0,0,0,0,0,0,0,0,0,0,0
4006,22,0f3eea50b2030a66,1.392782,18.815029,1,14008,1,0,0,0,1,0,0,0,0,0,0,0,0,1
4007,22,157d3461e0a7f335,1.046345,17.613872,1,14107,1,1,0,0,1,0,0,0,0,0,0,0,0,0
4008,22,f1991b9aba19249f,1.829734,16.711488,1,14019,1,0,0,0,0,0,0,0,0,0,0,0,0,1
4009,22,f0cae4ef532c2023,1.37461,16.033561,1,13922,1,1,0,0,1,0,0,0,0,0,0,0,0,0
4010,22,3dc875a761d5c5ef,2.077877,19.01847,1,14000,2,1,0,0,1,0,0,0,0,0,0,0,0,1
4011,22,e90cc852e180b7a9,1.561031,20.0,1,13992,1,1,0,0,1,0,0,0,0,0,0,0,0,1
4012,22,0843c071791750a4,1.172745,20.0,1,13898,1,1,0,0,1,0,0,0,0,0,0,0,0,1
4013,22,e7652621d19bb2aa,1.926071,17.235174,0,13795,1,0,0,0,0,0,0,0,0,0,0,0,0,0
4014,22,83403ab2ce2e5edc,1.446985,19.905831,1,13916,1,1,0,0,1,0,0,0,0,0,0,0,0,1
4015,22,31f44b91b5854a60,1.087066,20.0,1,13904,1,1,0,0,1,0,0,0,0,0,0,0,0,1
4016,22,9eeb382b0724ec5e,1.860325,16.461813,0,14031,1,0,0,0,0,0,0,0,0,0,0,0,0,0
4017,22,8cf44fb6a5bc2678,1.398991,19.340522,1,14076,1,1,0,0,1,0,0,0,0,0,0,0,0,1
4018,22,26302fd6db433208,2.094663,20.0,1,13897,2,1,0,0,1,0,0,0,0,0,0,0,0,1
4019,22,212d5aa4658ea2f7,1.573642,19.6216,1,13888,1,1,0,0,0,0,0,0,0,0,0,0,0,1
4020,22,37a5a18fb6caef37,2.227552,20.0,1,13936,1,0,0,0,1,0,0,0,0,0,0,0,0,1
4021,22,79c0b206a03c3fd7,1.673476,19.793809,1,13923,1,1,0,0,1,0,0,0,0,0,0,0,0,0
4022,22,c2376b0af88b997c,1.25722,20.0,1,14133,1,1,0,0,1,0,0,0,0,0,0,0,0,1
4023,22,8b0d686653d699b0,0.944503,20.0,1,14067,1,1,0,0,1,0,0,0,0,0,0,0,0,1
4024,22,1ac8c50aa7b2937d,1.75443,20.0,1,13951,2,1,0,0,0,0,0,0,0,0,0,0,0,1
4025,22,79bb4ce1697c0ce0,2.361691,20.0,1,14002,1,0,0,0,1,0,0,0,0,0,0,0,0,1
4026,22,905ac828b875270d,1.77425,20.0,1,14049,1,1,0,0,1,0,0,0,0,0,0,0,0,0
4027,22,23d81457a60abd18,1.334261,20.0,1,14063,1,1,0,0,1,0,0,0,0,0,0,0,0,1
4028,22,2d0832d892b13c97,2.046034,20.0,1,13915,2,1,0,0,0,0,0,0,0,0,0,0,0,1
4029,22,584cc33749d643a9,2.580762,20.0,1,14031,1,0,0,0,1,0,0,0,0,0,0,0,0,1
4030,22,822a86f61493d399,1.93883,20.0,1,14027,1,1,0,0,1,0,0,0,0,0,0,0,0,0
4031,22,c1745adc72521e4d,2.502178,18.659258,1,13949,1,0,0,0,0,0,0,0,0,0,0,0,0,1
4032,22,c9130c9252e44378,1.879793,17.496847,1,13929,1,1,0,0,1,0,0,0,0,0,0,0,0,0
4033,22,45f00d46c357b25d,1.412218,20.0,1,13912,1,1,0,0,1,0,0,0,0,0,0,0,0,1
4034,22,abe042816fe21d82,2.106159,18.597805,1,13955,2,1,0,0,0,0,0,0,0,0,0,0,0,1
4035,22,313cbc32fac1a470,2.625932,20.0,1,14012,1,0,0,0,1,0,0,0,0,0,0,0,0,1
4036,22,af33e72c723b74e7,1.972764,20.0,1,13960,1,1,0,0,1,0,0,0,0,0,0,0,0,1
4037,22,de386825ac235c82,1.482064,20.0,1,13976,1,1,0,0,1,0,0,0,0,0,0,0,0,0
4038,22,c5af0416038de32f,2.158684,18.910651,1,13901,2,1,0,0,0,0,0,0,0,0,0,0,0,1
4039,22,ebfb588be099b498,2.665392,20.0,1,13940,1,0,0,0,1,0,0,0,0,0,0,0,0,1
4040,22,603226cdd10980e3,2.002409,20.0,1,14081,1,1,0,0,1,0,0,0,0,0,0,0,0,1
4041,22,53fd8ad848919590,1.50584,20.0,1,13988,1,1,0,0,1,0,0,0,0,0,0,0,0,0
4042,22,8fd9e6ac3354dfa2,1.131282,20.0,1,14018,1,1,0,0,1,0,0,0,0,0,0,0,0,1
4043,22,7579e3d1fb0d4f70,0.84989,16.893058,0,13975,1,1,0,0,0,0,0,0,0,0,0,0,0,0
4044,22,3d123e24c99eea8e,1.682144,19.648812,1,14033,1,0,0,0,1,0,0,0,0,0,0,0,0,1
4045,22,51b3084804b401ac,1.264996,20.0,1,13965,1,1,0,0,1,0,0,0,0,0,0,0,0,1
4046,22,9c1d76b68ce9e300,0.950344,19.809183,1,14005,1,1,0,0,1,0,0,0,0,0,0,0,0,0
4047,22,7998fcd05ea74331,1.757611,18.360743,1,13929,2,1,0,0,0,0,0,0,0,0,0,0,0,1
4048,22,26d224c974414c27,2.365899,20.0,1,13907,1,0,0,0,1,0,0,0,0,0,0,0,0,1
4049,22,e6eba2fc678e2eec,1.777412,20.0,1,14094,1,1,0,0,1,0,0,0,0,0,0,0,0,1
4050,22,1653634225a56770,1.335303,20.0,1,13969,1,1,0,0,0,0,0,0,0,0,0,0,0,1
4051,22,140214cd32e36ada,2.046817,18.825314,1,14094,1,0,0,0,1,0,0,0,0,0,0,0,0,0
4052,22,e274525e2acbf211,2.583386,20.0,1,13978,2,1,0,0,1,0,0,0,0,0,0,0,0,1
4053,22,8f953af3f6da7331,1.940801,20.0,1,13912,1,1,0,0,1,0,0,0,0,0,0,0,0,1
4054,22,5c01a50683c76e79,2.501705,20.0,1,14079,1,0,0,0,0,0,0,0,0,0,0,0,0,1
4055,22,0302eb99cffc1dda,1.881318,20.0,1,14113,1,1,0,0,1,0,0,0,0,0,0,0,0,1
4056,22,e02bc978427ff2e3,1.413364,20.0,1,13843,1,1,0,0,1,0,0,0,0,0,0,0,0,0
4057,22,0c9d85d29e68b775,3.149114,18.774963,1,13892,2,0,0,0,0,0,0,0,0,0,0,0,0,1
4058,22,86962b7db5a4ec78,2.365812,20.0,1,14074,1,1,0,0,1,0,0,0,0,0,0,0,0,1
4059,22,92f3c04b8dc32182,1.779124,20.0,1,14006,1,1,0,0,1,0,0,0,0,0,0,0,0,1
4060,22,c22419fc2868ff19,2.380243,17.129082,0,13919,1,0,0,0,0,0,0,0,0,0,0,0,0,0
4061,22,35f7a001e5404b58,1.788187,19.826128,1,14041,1,1,0,0,1,0,0,0,0,0,0,0,0,1
4062,22,e23669ee1e1fb75c,1.344742,18.390032,1,13916,1,1,0,0,1,0,0,0,0,0,0,0,0,0
4063,22,761ec1cec0429402,1.010255,17.294588,1,14017,1,1,0,0,0,0,0,0,0,0,0,0,0,1
4064,22,50a08eeb11de5478,1.80262,19.950467,1,13962,1,0,0,0,1,0,0,0,0,0,0,0,0,1
4065,22,62a3245acbd2cdbf,1.354241,18.466884,1,14205,1,1,0,0,1,0,0,0,0,0,0,0,0,0
4066,22,63f7180405568cce,2.062559,20.0,1,13824,2,1,0,0,1,0,0,0,0,0,0,0,0,1
4067,22,3a128537ca8b5462,2.593177,19.141441,1,13970,1,0,0,0,0,0,0,0,0,0,0,0,0,1
4068,22,4e87102eaac25277,1.948157,20.0,1,14004,1,1,0,0,1,0,0,0,0,0,0,0,0,1
4069,22,4fa880a80436dd0f,1.465042,19.526935,1,13939,1,1,0,0,1,0,0,0,0,0,0,0,0,0
4070,22,36b1737267c3dd6b,2.144284,18.148701,1,14066,1,0,0,0,0,0,0,0,0,0,0,0,0,1
4071,22,43b16c52dca540eb,1.610921,17.113285,1,14111,1,1,0,0,1,0,0,0,0,0,0,0,0,0
4072,22,0da3a0dfc480ec81,3.297531,16.335416,1,13941,2,0,0,0,0,0,0,0,0,0,0,0,0,1
4073,22,db9825c47a4815e8,2.47979,19.245469,1,13917,1,1,0,0,1,0,0,0,0,0,0,0,0,1
4074,22,cd7f1c6d68e5d663,2.906627,17.937246,1,13896,1,0,0,0,0,0,0,0,0,0,0,0,0,1
4075,22,9498326ca505e781,2.18364,20.0,1,13936,1,1,0,0,1,0,0,0,0,0,0,0,0,1
4076,22,9d62e5084e91cc0c,1.642129,20.0,1,13718,1,1,0,0,1,0,0,0,0,0,0,0,0,1
4077,22,b5d5bcad4c5beb1d,3.320977,20.0,1,13829,2,0,0,0,0,0,0,0,0,0,0,0,0,1
4078,22,f7da853079aa9723,2.494926,18.693694,1,13905,1,1,0,0,1,0,0,0,0,0,0,0,0,0
4079,22,28121a191b2f9824,2.917998,17.522718,1,13556,1,0,0,0,0,0,0,0,0,0,0,0,0,1
4080,22,bd4b91482eac8d16,2.194376,16.657835,1,13934,1,1,0,0,1,0,0,0,0,0,0,0,0,0
4081,22,6da01dd5002ec027,1.648553,19.472098,1,13974,1,1,0,0,1,0,0,0,0,0,0,0,0,1
4082,22,87449e2eb0f01260,2.282149,14.628659,0,14047,1,0,0,0,0,0,0,0,0,0,0,0,0,0
4083,22,eab21fb18e318a20,1.716209,17.961964,1,13882,1,1,0,0,1,0,0,0,0,0,0,0,0,1
4084,22,9a50d8ada80fe29b,1.289323,20.0,1,13973,1,1,0,0,1,0,0,0,0,0,0,0,0,1
4085,22,0460b89f142ae6b1,2.012274,15.364703,0,13873,1,0,0,0,0,0,0,0,0,0,0,0,0,0
4086,22,07af41f64fc08ddc,2.5554,18.500616,1,13986,2,1,0,0,1,0,0,0,0,0,0,0,0,1
4087,22,d4adcea370c346c1,0.877546,17.393229,1,13743,0,1,0,0,1,0,0,0,0,0,0,0,0,0
4088,22,725b41bf8226c47d,0.659268,16.545727,1,13721,1,1,0,0,0,0,0,0,0,0,0,0,0,1
4089,22,0bc1359a7eb5fb5b,1.538937,15.909031,1,13779,1,0,0,0,1,0,0,0,0,0,0,0,0,0
4090,22,3beb7218e0a132bd,1.157302,18.924821,1,13780,1,1,0,0,1,0,0,0,0,0,0,0,0,1
4091,22,6fdefa1b775dfbd1,0.869438,17.696355,1,13707,1,1,0,0,1,0,0,0,0,0,0,0,0,0
4092,22,491caa59c10c9e1b,0.653176,20.0,1,13709,1,1,0,0,1,0,0,0,0,0,0,0,0,1
4093,22,973f567587d3d5ba,0.490707,18.69364,1,13727,1,1,0,0,1,0,0,0,0,0,0,0,0,0
4094,22,b58d21d920b39e6f,1.413169,17.538385,1,13774,1,0,0,0,0,0,0,0,0,0,0,0,0,1
4095,22,69c251ee401ffc59,1.061661,16.654778,1,13745,1,1,0,0,1,0,0,0,0,0,0,0,0,0
4096,22,85004ac578db1990,0.797586,19.469801,1,13603,1,1,0,0,1,0,0,0,0,0,0,0,0,1
4097,22,4754c705d48734b2,0.599796,14.641568,0,13773,1,1,0,0,0,0,0,0,0,0,0,0,0,0
4098,22,0f4d61109622581b,1.494258,17.957352,1,13629,1,0,0,0,1,0,0,0,0,0,0,0,0,1
4099,22,7386f581151733c6,1.12258,16.969532,1,13661,1,1,0,0,1,0,0,0,0,0,0,0,0,0
4100,22,9867bfc6165ac02a,1.887006,19.706264,1,13574,2,1,0,0,1,0,0,0,0,0,0,0,0,1
4101,22,e4587e70c9a078f6,1.419055,18.299893,1,13579,0,0,0,0,0,0,0,0,0,0,0,0,0,1
4102,22,a2f6259cb24bdcfd,2.109737,20.0,1,13716,2,1,0,0,1,0,0,0,0,0,0,0,0,1
4103,22,a41d21bfaf7f7f1f,2.62862,15.555429,0,13576,1,0,0,0,0,0,0,0,0,0,0,0,0,0
4104,22,6233f96287e3c94f,1.976759,18.658908,1,13450,1,1,0,0,1,0,0,0,0,0,0,0,0,1
4105,22,703521dbfa658925,1.485065,17.496584,1,13566,1,1,0,0,1,0,0,0,0,0,0,0,0,0
4106,22,f9a2d321aa6624df,1.115674,20.0,1,13612,1,1,0,0,1,0,0,0,0,0,0,0,0,1
4107,22,71bf1134f1d13b87,1.881818,15.102046,0,13451,1,0,0,0,0,0,0,0,0,0,0,0,0,0
4108,22,f8b5d58e2237917d,1.415154,18.317957,1,13532,1,1,0,0,1,0,0,0,0,0,0,0,0,1
4109,22,5e758ea054c47d5f,1.063152,17.240441,1,13631,1,1,0,0,1,0,0,0,0,0,0,0,0,0
4110,22,db502f1ea623b957,0.798706,19.909788,1,13613,1,1,0,0,1,0,0,0,0,0,0,0,0,1
4111,22,de9c17e0e19df53b,0.600639,20.0,1,13662,1,1,0,0,1,0,0,0,0,0,0,0,0,1
4112,22,4108a608e9cf5027,1.494891,16.477779,0,13636,1,0,0,0,0,0,0,0,0,0,0,0,0,0
4113,22,2b26ec68331ca512,1.123055,19.336829,1,13586,1,1,0,0,1,0,0,0,0,0,0,0,0,1
4114,22,0631b10fe9f9890e,0.84371,18.005881,1,13640,1,1,0,0,1,0,0,0,0,0,0,0,0,0
4115,22,2856d7d2c7ef6637,0.634482,20.0,1,13669,1,1,0,0,1,0,0,0,0,0,0,0,0,1
4116,22,79f0c74bd28fa4b0,1.520316,15.402148,0,13714,1,0,0,0,0,0,0,0,0,0,0,0,0,0
4117,22,798ac49ebb105b44,2.18581,18.528747,1,13691,2,1,0,0,1,0,0,0,0,0,0,0,0,1
4118,22,25ab6892652f8ba4,1.64376,20.0,1,13532,1,1,0,0,1,0,0,0,0,0,0,0,0,1
4119,22,6203bb44aca70367,1.234895,19.176391,1,13769,1,1,0,0,0,0,0,0,0,0,0,0,0,1
4120,22,8b54a2787eaec574,1.971384,17.88535,1,13567,1,0,0,0,1,0,0,0,0,0,0,0,0,0
4121,22,5bb0dddd8e8986e3,1.481027,20.0,1,13695,1,1,0,0,1,0,0,0,0,0,0,0,0,1
4122,22,fc709254920171ec,1.113754,18.817294,1,13613,1,1,0,0,1,0,0,0,0,0,0,0,0,0
4123,22,dbb22e0f3319e2e9,0.836721,20.0,1,13687,1,1,0,0,1,0,0,0,0,0,0,0,0,1
4124,22,605d77036565bf26,0.628598,15.847448,0,13517,1,1,0,0,0,0,0,0,0,0,0,0,0,0
4125,22,594b3ab9a9358823,2.561015,18.87851,1,13647,2,0,0,0,1,0,0,0,0,0,0,0,0,1
4126,22,d28993a79485c75b,1.923995,20.0,1,13570,1,1,0,0,1,0,0,0,0,0,0,0,0,1
4127,22,c4c4fa9deda5bce2,1.445426,19.360843,1,13638,1,1,0,0,1,0,0,0,0,0,0,0,0,0
4128,22,c351a754d59a20b3,1.085894,18.023922,1,13360,1,1,0,0,0,0,0,0,0,0,0,0,0,1
4129,22,509d5ea0ac584717,1.860758,20.0,1,13328,1,0,0,0,1,0,0,0,0,0,0,0,0,1
4130,22,6a81d81101ce2aa7,1.397918,20.0,1,13428,1,1,0,0,1,0,0,0,0,0,0,0,0,1
4131,22,d0d39258d0a69264,1.050204,20.0,1,13077,1,1,0,0,1,0,0,0,0,0,0,0,0,0
4132,22,e82651d564ad8d86,0.789768,18.734818,1,13179,1,1,0,0,0,0,0,0,0,0,0,0,0,1
4133,22,9bc5912c6736306d,1.636977,17.553613,1,12930,1,0,0,0,1,0,0,0,0,0,0,0,0,0
4134,22,9a32b83fb998cff5,1.229799,20.0,1,13124,1,1,0,0,1,0,0,0,0,0,0,0,0,1
4135,22,c1ddb37e58ac2c61,0.923902,18.613077,1,13021,1,1,0,0,1,0,0,0,0,0,0,0,0,0
4136,22,9501f344a5920bdf,0.694788,20.0,1,13343,1,1,0,0,1,0,0,0,0,0,0,0,0,1
4137,22,2e7e132f0c84a37a,1.565621,19.224034,1,13330,1,0,0,0,0,0,0,0,0,0,0,0,0,1
4138,22,344d3a8e334fcf47,1.176193,17.921142,1,13331,1,1,0,0,1,0,0,0,0,0,0,0,0,0
4139,22,8b456286a6c77f27,0.884514,20.0,1,13318,1,1,0,0,1,0,0,0,0,0,0,0,0,1
4140,22,b643dafab0e5c18f,0.664502,18.833118,1,13461,1,1,0,0,1,0,0,0,0,0,0,0,0,0
4141,22,82ec5361b17702e5,2.586522,17.627462,1,13619,2,0,0,0,0,0,0,0,0,0,0,0,0,1
4142,23,1fd48474a6be9a50,1.943158,20.0,1,13980,1,1,0,0,1,0,0,0,0,0,0,0,0,1
4143,23,530e0ea8d92a6d51,1.461282,15.191096,0,14028,1,1,0,0,0,0,0,0,0,0,0,0,0,0
4144,23,9d91a06f605c6d81,2.14146,18.370191,1,14155,1,0,0,0,1,0,0,0,0,0,0,0,0,1
4145,23,1bedfd585b1aa4b9,1.608799,17.279683,1,14291,1,1,0,0,1,0,0,0,0,0,0,0,0,0
4146,23,26a9669cba5af3ef,1.20984,19.955571,1,14042,1,1,0,0,1,0,0,0,0,0,0,0,0,1
4147,23,4f55c5e4b2d3c044,1.952561,14.991875,0,14291,1,0,0,0,0,0,0,0,0,0,0,0,0,0
4148,23,429a6cfc04b09590,1.466886,18.220524,1,14236,1,1,0,0,1,0,0,0,0,0,0,0,0,1
4149,23,bfd1095e82cc3b3f,1.102016,17.167243,1,14025,1,1,0,0,1,0,0,0,0,0,0,0,0,0
4150,23,e8a24dfe484cb614,1.872883,16.390513,1,13888,1,0,0,0,0,0,0,0,0,0,0,0,0,1
4151,23,a8eb40163c807ab7,1.407027,15.792424,1,13909,1,1,0,0,1,0,0,0,0,0,0,0,0,0
4152,23,b734eb68cadec0ba,1.057047,18.821947,1,13948,1,1,0,0,1,0,0,0,0,0,0,0,0,1
4153,23,03ed9d518f369873,1.839065,14.154372,0,13980,1,0,0,0,0,0,0,0,0,0,0,0,0,0
4154,23,cd43fcebe8f5e6e6,1.38162,17.59134,1,13879,1,1,0,0,1,0,0,0,0,0,0,0,0,1
4155,23,338e1a6d9a9334b5,2.081613,13.215716,0,14053,1,0,0,0,0,0,0,0,0,0,0,0,0,0
4156,23,f71f04d2a5841727,1.563838,16.886162,1,14055,1,1,0,0,1,0,0,0,0,0,0,0,0,1
4157,23,dab4ff966e399802,1.176029,16.179137,1,14029,1,1,0,0,1,0,0,0,0,0,0,0,0,0
4158,23,339e340883d8ecaf,0.883506,19.11247,1,13843,1,1,0,0,1,0,0,0,0,0,0,0,0,1
4159,23,0f3eea50b2030a66,1.707399,14.358484,0,14092,1,0,0,0,0,0,0,0,0,0,0,0,0,0
4160,23,157d3461e0a7f335,1.283988,17.758788,1,13956,1,1,0,0,1,0,0,0,0,0,0,0,0,1
4161,23,f1991b9aba19249f,0.964612,20.0,1,13918,1,1,0,0,1,0,0,0,0,0,0,0,0,1
4162,23,f0cae4ef532c2023,0.724677,18.728877,1,14013,1,1,0,0,1,0,0,0,0,0,0,0,0,0
4163,23,7630abeab872e6cf,1.588076,17.549149,1,14061,1,0,0,0,0,0,0,0,0,0,0,0,0,1
4164,23,253c29c9cd31f14d,1.194256,16.677712,1,14015,1,1,0,0,1,0,0,0,0,0,0,0,0,0
4165,23,1bcd43f2b236da2a,0.8972,19.487031,1,13885,1,1,0,0,1,0,0,0,0,0,0,0,0,1
4166,23,190012cb2cd5517d,0.674033,18.118722,1,14074,1,1,0,0,1,0,0,0,0,0,0,0,0,0
4167,23,752285f96761bfac,0.506882,20.0,1,13868,1,1,0,0,1,0,0,0,0,0,0,0,0,1
4168,23,8ce008444b943984,2.468108,18.944743,1,13889,2,0,0,0,0,0,0,0,0,0,0,0,0,1
4169,23,815cbd6616cc478f,1.854198,17.711322,1,13946,1,1,0,0,1,0,0,0,0,0,0,0,0,0
4170,23,ea182be542b69bac,1.392989,20.0,1,13911,1,1,0,0,1,0,0,0,0,0,0,0,0,1
4171,23,98558a7fe6a345e2,1.047548,18.718975,1,13863,1,1,0,0,1,0,0,0,0,0,0,0,0,0
4172,23,ea40987dff05550d,0.786984,20.0,1,14048,1,1,0,0,1,0,0,0,0,0,0,0,0,1
4173,23,bd84d51435d6859a,0.591231,19.270802,1,13910,1,1,0,0,1,0,0,0,0,0,0,0,0,0
4174,23,b3773e59edaae1a5,2.532915,17.972419,1,14024,2,0,0,0,0,0,0,0,0,0,0,0,0,1
4175,23,5dadae3439224eef,1.902885,20.0,1,14011,1,1,0,0,1,0,0,0,0,0,0,0,0,1
4176,23,bf32681d9402a0dc,1.429566,20.0,1,14095,1,1,0,0,1,0,0,0,0,0,0,0,0,1
4177,23,f7bd4e508f328e99,1.07398,16.774412,0,14004,1,1,0,0,0,0,0,0,0,0,0,0,0,0
4178,23,7c7cf98600a1ae76,1.851798,19.575601,1,13880,1,0,0,0,1,0,0,0,0,0,0,0,0,1
4179,23,4330f499d34eea83,1.391187,18.185261,1,14003,1,1,0,0,1,0,0,0,0,0,0,0,0,0
4180,23,574139667abb0c89,1.045147,20.0,1,14075,1,1,0,0,1,0,0,0,0,0,0,0,0,1
4181,23,92baeeda50fe0e26,2.874266,18.986732,1,13946,2,0,0,0,0,0,0,0,0,0,0,0,0,1
4182,23,80a0120ed18f2275,2.159329,20.0,1,13955,1,1,0,0,1,0,0,0,0,0,0,0,0,1
4183,23,8dedeb0367e4f2e3,1.622223,19.421923,1,13902,1,1,0,0,1,0,0,0,0,0,0,0,0,0
4184,23,cce480df118a4b64,1.218715,20.0,1,14129,1,1,0,0,1,0,0,0,0,0,0,0,0,1
4185,23,74af5b71dff1f83a,1.960642,16.204895,0,13894,1,0,0,0,0,0,0,0,0,0,0,0,0,0
4186,23,5a3027c7f942d721,1.472957,19.131821,1,13836,1,1,0,0,1,0,0,0,0,0,0,0,0,1
4187,23,a7f28a02bc25ffcb,2.150231,20.0,1,13933,2,1,0,0,1,0,0,0,0,0,0,0,0,1
4188,23,d5293be15af3da23,1.617004,19.5215,1,14049,1,1,0,0,1,0,0,0,0,0,0,0,0,0
4189,23,5fbd520df55a8630,1.214795,20.0,1,13948,1,1,0,0,1,0,0,0,0,0,0,0,0,1
4190,23,dfbca10fb7e44b36,1.956283,19.723743,1,13911,2,1,0,0,0,0,0,0,0,0,0,0,0,1
4191,23,44a3306df2ae7e38,2.513336,20.0,1,13806,1,0,0,0,1,0,0,0,0,0,0,0,0,1
4192,23,9078bef81c8bd0b7,1.890064,20.0,1,13957,1,1,0,0,1,0,0,0,0,0,0,0,0,1
4193,23,1c033c0b8809b97c,1.419935,20.0,1,13943,1,1,0,0,1,0,0,0,0,0,0,0,0,0
4194,23,6833178b9c2d557d,2.110397,19.263338,1,14080,1,0,0,0,0,0,0,0,0,0,0,0,0,1
4195,23,7583ae901af096b8,1.587049,20.0,1,13819,1,1,0,0,1,0,0,0,0,0,0,0,0,1
4196,23,1d689fbb7a020596,2.235944,16.112561,0,13880,1,0,0,0,0,0,0,0,0,0,0,0,0,0
4197,23,00fb3c28eb0a2bb7,1.679781,19.062454,1,13969,1,1,0,0,1,0,0,0,0,0,0,0,0,1
4198,23,5ed9e6b0a56757e2,2.30561,20.0,1,13825,2,1,0,0,1,0,0,0,0,0,0,0,0,1
4199,23,2c08440b3516e038,1.733852,20.0,1,13978,1,1,0,0,1,0,0,0,0,0,0,0,0,1
4200,23,4ba366230a4cdbb9,2.346231,20.0,1,13804,1,0,0,0,0,0,0,0,0,0,0,0,0,1
