tick,episode,frame_sha16,turn,forward,attack,total_spikes,DNp20_R_10059,DNp20_L_10162,MN9_L_10331,DNa02_R_10360,DNpe017_L_10527,MDN_R_10763,DNp09_L_10783,DNp09_R_11177,MDN_L_11288,MDN_R_11332,MDN_L_12348,MN9_R_16949,DNa02_L_523769,DNpe017_R_555871
1,1,1fd48474a6be9a50,0.0,3.478845,1,13260,1,1,0,0,0,0,0,0,0,0,0,0,0,1
2,1,0b198662efcfc49a,1.044151,6.096642,1,15518,1,0,0,0,1,0,0,0,0,0,0,0,0,0
3,1,fcbdd03152747088,0.784431,15.016713,1,13595,1,1,0,0,1,0,0,0,0,0,0,0,0,2
4,1,c7b8a2a9fab59ea4,0.589314,14.76034,1,14277,1,1,0,0,1,0,0,0,0,0,0,0,0,0
5,1,241e6acbb414e8f5,1.486383,14.567736,1,14152,1,0,0,0,0,0,0,0,0,0,0,0,0,1
6,1,fc64a472a0076c97,1.117781,17.916148,1,14275,1,1,0,0,1,0,0,0,0,0,0,0,0,1
7,1,1e870741cfb1004d,1.8834,13.459733,0,14050,1,0,0,0,0,0,0,0,0,0,0,0,0,0
8,1,bf57db00a494f005,1.414928,17.069483,1,14494,1,1,0,0,1,0,0,0,0,0,0,0,0,1
9,1,b9cebc1ba6e23f90,1.064046,19.797498,1,13935,1,1,0,0,1,0,0,0,0,0,0,0,0,1
10,1,e665c14bbc29de1b,2.886685,18.351965,1,14061,2,0,0,0,0,0,0,0,0,0,0,0,0,1
11,1,e769dc1986223560,2.168658,20.0,1,14293,1,1,0,0,1,0,0,0,0,0,0,0,0,1
12,1,1dc6f86b0f28f527,1.629232,19.063663,1,14196,1,1,0,0,1,0,0,0,0,0,0,0,0,0
13,1,4ee3e088ad4a8ac0,1.225206,17.816648,1,14051,1,1,0,0,0,0,0,0,0,0,0,0,0,1
14,1,455d9bfb5b7a8dc6,3.007758,20.0,1,14069,2,0,0,0,1,0,0,0,0,0,0,0,0,1
15,1,4bbe4da8ebeb3fc6,2.259616,18.761532,1,13916,1,1,0,0,1,0,0,0,0,0,0,0,0,0
16,1,e1c598fb2eccb0ab,1.699264,20.0,1,14087,1,1,0,0,1,0,0,0,0,0,0,0,0,1
17,1,1ea3379f3547fd92,1.276593,20.0,1,14017,1,1,0,0,1,0,0,0,0,0,0,0,0,1
18,1,f2433026cfae9a47,2.00271,17.118833,0,14073,1,0,0,0,0,0,0,0,0,0,0,0,0,0
19,1,d0cc26dd4ca1a8f2,1.504561,19.818428,1,14117,1,1,0,0,1,0,0,0,0,0,0,0,0,1
20,1,38a3c7ee0e61cf29,1.131451,20.0,1,13996,1,1,0,0,1,0,0,0,0,0,0,0,0,1
21,1,e64373de38c1d3e1,1.893671,20.0,1,13677,2,1,0,0,1,0,0,0,0,0,0,0,0,1
22,1,7addd6445d78c1a4,2.466297,17.567415,0,13909,1,0,0,0,0,0,0,0,0,0,0,0,0,0
23,1,32a2c7ad3446fe7a,1.854691,20.0,1,13778,1,1,0,0,1,0,0,0,0,0,0,0,0,1
24,1,c2ddba3954d1d184,1.39336,18.633277,1,13974,1,1,0,0,1,0,0,0,0,0,0,0,0,0
25,1,6665faed5439f816,1.046779,17.477329,1,13892,1,1,0,0,0,0,0,0,0,0,0,0,0,1
26,1,e2ced52540714a46,1.830059,20.0,1,13822,1,0,0,0,1,0,0,0,0,0,0,0,0,1
27,1,609fe1b042bd7177,1.376231,18.586778,1,13909,1,1,0,0,1,0,0,0,0,0,0,0,0,0
28,1,a841332a0fc6c3b7,1.033911,20.0,1,13946,1,1,0,0,1,0,0,0,0,0,0,0,0,1
29,1,55f4672a66ea5f47,0.776738,19.19619,1,13848,1,1,0,0,1,0,0,0,0,0,0,0,0,0
30,1,c0bd9a34ec0d85ea,1.628269,17.916311,1,13890,1,0,0,0,0,0,0,0,0,0,0,0,0,1
31,1,aabefe6d1a5d48da,1.223258,16.938699,1,13738,1,1,0,0,1,0,0,0,0,0,0,0,0,0
32,1,1adb77769bb8b4f3,0.918988,19.6831,1,13840,1,1,0,0,1,0,0,0,0,0,0,0,0,1
33,1,a846133f73861c83,1.734054,18.266022,1,13972,1,0,0,0,0,0,0,0,0,0,0,0,0,1
34,1,cfa8b1cf2d33ed9a,2.348184,20.0,1,13886,2,1,0,0,1,0,0,0,0,0,0,0,0,1
35,1,10999707da36a12f,1.764103,19.027961,1,13858,1,1,0,0,1,0,0,0,0,0,0,0,0,0
36,1,34b7a6e5fe8596ce,2.368958,17.773841,1,13983,1,0,0,0,0,0,0,0,0,0,0,0,0,1
37,1,a2076ecd533fd97d,1.78149,16.846683,1,13840,1,1,0,0,1,0,0,0,0,0,0,0,0,0
38,1,7c306d0aa9eb8d48,2.38202,16.135128,1,13976,1,0,0,0,0,0,0,0,0,0,0,0,0,1
39,1,4299b7b28708007a,2.833176,19.079407,1,13897,2,1,0,0,1,0,0,0,0,0,0,0,0,1
40,1,e37137cca5879e3d,2.128459,17.81249,1,13985,1,1,0,0,1,0,0,0,0,0,0,0,0,0
41,1,83ac982daf0f5cdb,1.600632,20.0,1,13865,1,1,0,0,1,0,0,0,0,0,0,0,0,1
42,1,6d3e74a1c3c2f618,2.246148,18.771734,1,13886,1,0,0,0,0,0,0,0,0,0,0,0,0,1
43,1,84bff23ce59350e2,1.687447,17.581347,1,14070,1,1,0,0,1,0,0,0,0,0,0,0,0,0
44,1,2b6c921539b5768b,1.268984,20.0,1,13949,1,1,0,0,1,0,0,0,0,0,0,0,0,1
45,1,0978b21bf001cc8f,1.996994,20.0,1,14008,2,1,0,0,1,0,0,0,0,0,0,0,0,1
46,1,df76ccae0d57b265,1.500267,16.617923,0,14114,1,1,0,0,0,0,0,0,0,0,0,0,0,0
47,1,5f0a318ba0eec9dd,2.170748,19.442113,1,13954,1,0,0,0,1,0,0,0,0,0,0,0,0,1
48,1,bbea280c4443ece7,1.632433,20.0,1,13969,1,1,0,0,1,0,0,0,0,0,0,0,0,1
49,1,770cc58a6b328c75,1.226386,19.692406,1,13930,1,1,0,0,1,0,0,0,0,0,0,0,0,0
50,1,9e4ceafbb666acca,0.921338,20.0,1,14030,1,1,0,0,1,0,0,0,0,0,0,0,0,1
51,1,b9acb191b89c8af8,0.692859,16.357707,0,13854,1,1,0,0,0,0,0,0,0,0,0,0,0,0
52,1,b2a2c7e3fefe743e,1.564173,19.246623,1,14082,1,0,0,0,1,0,0,0,0,0,0,0,0,1
53,1,ff4e2fdbd305bd8b,2.218758,20.0,1,13853,2,1,0,0,1,0,0,0,0,0,0,0,0,1
54,1,9f64605041841356,1.66687,20.0,1,14045,1,1,0,0,1,0,0,0,0,0,0,0,0,1
55,1,81ef705e79fae672,1.25351,20.0,1,13896,1,1,0,0,1,0,0,0,0,0,0,0,0,0
56,1,0c2220d44e86f459,0.941715,19.114506,1,13950,1,1,0,0,0,0,0,0,0,0,0,0,0,1
57,1,630400019cf8816c,1.751129,20.0,1,13822,1,0,0,0,1,0,0,0,0,0,0,0,0,1
58,1,024e84ca1e780bb5,1.316874,19.511718,1,13832,1,1,0,0,1,0,0,0,0,0,0,0,0,0
59,1,c8319945852a59c1,2.032971,20.0,1,13887,2,1,0,0,1,0,0,0,0,0,0,0,0,1
60,1,6cf3b92a867c9565,1.527295,19.718223,1,14016,0,0,0,0,0,0,0,0,0,0,0,0,0,1
61,1,1fe7620f9d7eb6fc,1.1474,18.292408,1,14107,1,1,0,0,1,0,0,0,0,0,0,0,0,0
62,1,7513f4122d65f9bb,0.862861,20.0,1,14067,1,1,0,0,1,0,0,0,0,0,0,0,0,1
63,1,c0754b9c2548c57b,2.735542,19.042869,1,14394,2,0,0,0,0,0,0,0,0,0,0,0,0,1
64,1,a2213d5ed65bc168,2.05511,20.0,1,14020,1,1,0,0,1,0,0,0,0,0,0,0,0,1
65,1,c26d37eb7a8e419e,1.545472,19.471246,1,14213,1,1,0,0,1,0,0,0,0,0,0,0,0,0
66,1,f8e9b715c8973cc2,2.204709,18.106864,1,13945,1,0,0,0,0,0,0,0,0,0,0,0,0,1
67,1,a884fc7fc2a03f85,1.656315,17.081854,1,13923,1,1,0,0,1,0,0,0,0,0,0,0,0,0
68,1,30ec1cd6e72cbc8b,1.244328,19.790648,1,13894,1,1,0,0,1,0,0,0,0,0,0,0,0,1
69,1,b6e187ba6f519007,1.979903,18.363351,1,13716,1,0,0,0,0,0,0,0,0,0,0,0,0,1
70,1,7a1292cf2961094e,1.487427,20.0,1,13701,1,1,0,0,1,0,0,0,0,0,0,0,0,1
71,1,adf1db3a6bce99b8,2.161102,19.070089,1,13829,2,1,0,0,1,0,0,0,0,0,0,0,0,0
72,1,6d8edc1a7364d164,1.625179,17.821481,1,13375,1,1,0,0,0,0,0,0,0,0,0,0,0,1
73,1,2b8afdee2b55513e,2.26459,16.867457,1,13617,1,0,0,0,1,0,0,0,0,0,0,0,0,0
74,1,da32206b88dfc5cf,1.701302,19.629579,1,13420,1,1,0,0,1,0,0,0,0,0,0,0,0,1
75,1,d11c6c62ed41fff3,1.278124,20.0,1,13181,1,1,0,0,1,0,0,0,0,0,0,0,0,1
76,1,b5db4434eac6d0a4,0.961168,19.802714,1,13308,1,1,0,0,1,0,0,0,0,0,0,0,0,0
77,1,aabd49d58ab82e62,1.765743,20.0,1,13118,2,1,0,0,1,0,0,0,0,0,0,0,0,1
78,1,2c53b87a7bb9458a,1.326536,20.0,1,12898,1,1,0,0,1,0,0,0,0,0,0,0,0,1
79,1,76ac7746daeba4bc,2.041725,17.568033,0,12870,1,0,0,0,0,0,0,0,0,0,0,0,0,0
80,1,d21d64cdbb58141b,1.533872,20.0,1,13014,1,1,0,0,1,0,0,0,0,0,0,0,0,1
81,1,7580139d77b60b24,1.15234,20.0,1,12973,1,1,0,0,1,0,0,0,0,0,0,0,0,1
82,1,30957bd3bd955631,0.86571,20.0,1,13042,1,1,0,0,1,0,0,0,0,0,0,0,0,0
83,1,fc279a819a8c0e89,0.651026,20.0,1,13178,1,1,0,0,1,0,0,0,0,0,0,0,0,1
84,1,5cdc229c80190563,1.532745,16.574956,0,12825,1,0,0,0,0,0,0,0,0,0,0,0,0,0
85,1,96eb54127b666ea3,1.151494,19.409834,1,13352,1,1,0,0,1,0,0,0,0,0,0,0,0,1
86,1,95a1ec1d83602244,0.86594,14.596471,0,13352,1,1,0,0,0,0,0,0,0,0,0,0,0,0
87,1,e6814e08e7875ea4,1.694202,17.923472,1,13543,1,0,0,0,1,0,0,0,0,0,0,0,0,1
88,1,d45e9a765abc53cb,1.27279,16.944079,1,13294,1,1,0,0,1,0,0,0,0,0,0,0,0,0
89,1,d16d1150d4b3072d,0.9562,19.687142,1,13431,1,1,0,0,1,0,0,0,0,0,0,0,0,1
90,1,306eb54bba610845,1.763226,14.805012,0,13578,1,0,0,0,0,0,0,0,0,0,0,0,0,0
91,1,ea7c6cba51dd485d,1.324646,18.080141,1,13634,1,1,0,0,1,0,0,0,0,0,0,0,0,1
92,1,3793d752dcb3f2ee,0.995157,17.061778,1,13675,1,1,0,0,1,0,0,0,0,0,0,0,0,0
93,1,2292822d66f352fc,1.792523,16.311202,1,13641,1,0,0,0,0,0,0,0,0,0,0,0,0,1
94,1,2de8a70823c0d314,1.346655,19.211686,1,13637,1,1,0,0,1,0,0,0,0,0,0,0,0,1
95,1,57b4d799db03b261,2.055345,14.433021,0,13490,1,0,0,0,0,0,0,0,0,0,0,0,0,0
96,1,9986270bbd2fdf43,1.544104,17.800678,1,13807,1,1,0,0,1,0,0,0,0,0,0,0,0,1
97,1,401db9dbcacd875f,2.205339,20.0,1,13596,2,1,0,0,1,0,0,0,0,0,0,0,0,1
98,1,9edb8edc4d9a28fc,1.656789,15.286216,0,13663,1,1,0,0,0,0,0,0,0,0,0,0,0,0
99,1,b4dd94a98ebf907a,2.288337,18.441652,1,13890,1,0,0,0,1,0,0,0,0,0,0,0,0,1
100,1,1c66d440bda6c2fb,1.720862,20.0,1,13683,1,1,0,0,1,0,0,0,0,0,0,0,0,1
101,1,ec851fda738ab5d9,1.292819,19.127185,1,13845,1,1,0,0,1,0,0,0,0,0,0,0,0,0
102,1,279e191f347662bf,0.971247,17.848384,1,13903,1,1,0,0,0,0,0,0,0,0,0,0,0,1
103,1,85d55b2bdeff38f9,2.816968,20.0,1,13848,2,0,0,0,1,0,0,0,0,0,0,0,0,1
104,1,64676d8b74fa8145,2.1184,18.79641,1,13825,1,1,0,0,1,0,0,0,0,0,0,0,0,0
105,1,3a80efd52d37f810,1.591475,20.0,1,13808,1,1,0,0,1,0,0,0,0,0,0,0,0,1
106,1,f1a0b9d818495ce2,1.195616,19.314506,1,13951,1,1,0,0,1,0,0,0,0,0,0,0,0,0
107,1,83dc95a6fb309c75,1.94327,18.005285,1,13950,1,0,0,0,0,0,0,0,0,0,0,0,0,1
108,1,dc5c3e13943689d5,1.459906,17.005542,1,13871,1,1,0,0,1,0,0,0,0,0,0,0,0,0
109,1,56e17900db738284,1.096773,19.733317,1,14051,1,1,0,0,1,0,0,0,0,0,0,0,0,1
110,1,63342441c2770468,0.823965,20.0,1,14042,1,1,0,0,1,0,0,0,0,0,0,0,0,1
111,1,ec81d4c937725b8a,1.663784,16.38082,0,13902,1,0,0,0,0,0,0,0,0,0,0,0,0,0
112,1,a6173ce84be2dacd,1.249938,19.263987,1,14123,1,1,0,0,1,0,0,0,0,0,0,0,0,1
113,1,6dba720394d4998a,0.939032,20.0,1,14047,1,1,0,0,1,0,0,0,0,0,0,0,0,1
114,1,6e3684564f0fb577,0.706165,19.596169,1,13982,1,1,0,0,1,0,0,0,0,0,0,0,0,0
115,1,8aa76e9cff07a692,0.530516,20.0,1,14144,1,1,0,0,1,0,0,0,0,0,0,0,0,1
116,1,c98921198b4c6df3,0.398557,16.287042,0,14167,1,1,0,0,0,0,0,0,0,0,0,0,0,0
117,1,3f0f7b2a24642672,1.343074,19.193534,1,14190,1,0,0,0,1,0,0,0,0,0,0,0,0,1
118,1,1cf413fc9cbdce8b,1.010011,17.914313,1,14374,1,1,0,0,1,0,0,0,0,0,0,0,0,0
119,1,53d737bb83f84e4c,0.758783,20.0,1,14405,1,1,0,0,1,0,0,0,0,0,0,0,0,1
120,1,21c748855782819d,0.570046,18.816654,1,14555,1,1,0,0,1,0,0,0,0,0,0,0,0,0
121,1,727245de49a60daf,1.472833,17.630894,1,14607,1,0,0,0,0,0,0,0,0,0,0,0,0,1
122,1,b07fa2df169f847c,1.106484,20.0,1,14596,1,1,0,0,1,0,0,0,0,0,0,0,0,1
123,1,caf6d9b7d153338d,1.874914,20.0,1,14827,2,1,0,0,1,0,0,0,0,0,0,0,0,1
124,1,24564dfab467bda6,1.408553,20.0,1,14470,1,1,0,0,0,0,0,0,0,0,0,0,0,1
125,1,341dedc3933eec07,2.103402,18.60234,1,14719,1,0,0,0,1,0,0,0,0,0,0,0,0,0
126,1,2ffd3730867fce80,1.580207,20.0,1,14542,1,1,0,0,1,0,0,0,0,0,0,0,0,1
127,1,b4524582e80355ad,1.187151,15.726129,0,14527,1,1,0,0,0,0,0,0,0,0,0,0,0,0
128,1,cdb6ca75ea5347ed,1.936905,18.787277,1,14446,1,0,0,0,1,0,0,0,0,0,0,0,0,1
129,1,49919a08c9d83e31,2.498778,20.0,1,14559,2,1,0,0,1,0,0,0,0,0,0,0,0,1
130,1,fc52517f8e2b9ae7,1.877238,19.309351,1,14498,1,1,0,0,0,0,0,0,0,0,0,0,0,1
131,1,cdf03e67a55b8575,2.453952,17.985238,1,14498,1,0,0,0,1,0,0,0,0,0,0,0,0,0
132,1,711bce34521e46a3,1.845407,20.0,1,14342,1,1,0,0,1,0,0,0,0,0,0,0,0,1
133,1,63696bb594cfaf30,1.386385,20.0,1,14323,1,1,0,0,1,0,0,0,0,0,0,0,0,1
134,1,fc994a6578ecfda5,1.041539,20.0,1,14180,1,1,0,0,1,0,0,0,0,0,0,0,0,0
135,1,729d7525e1cc41d3,0.783253,18.722471,1,14206,1,1,0,0,0,0,0,0,0,0,0,0,0,1
136,1,8cce2ee80d2c354a,2.675735,20.0,1,14222,2,0,0,0,1,0,0,0,0,0,0,0,0,1
137,1,10f234062986c7cd,2.01018,20.0,1,14551,1,1,0,0,1,0,0,0,0,0,0,0,0,1
138,1,f367efb6b62f188e,1.510173,20.0,1,14523,1,1,0,0,1,0,0,0,0,0,0,0,0,0
139,1,a935e5c1ea274eb0,1.135672,20.0,1,14317,1,1,0,0,1,0,0,0,0,0,0,0,0,1
140,1,04faf9668f87bb9a,0.853188,20.0,1,14528,1,1,0,0,1,0,0,0,0,0,0,0,0,0
141,1,d61a94d2e866c81e,1.684621,20.0,1,14466,2,1,0,0,1,0,0,0,0,0,0,0,0,1
142,1,07ce3c461eaa9c32,1.266859,20.0,1,14409,0,0,0,0,0,0,0,0,0,0,0,0,0,1
143,1,8fb83ac5244f69ef,1.995397,20.0,1,14392,2,1,0,0,1,0,0,0,0,0,0,0,0,1
144,1,66ac373812df008e,1.499067,20.0,1,14409,1,1,0,0,1,0,0,0,0,0,0,0,0,1
145,1,fbb3080cc18f2b5c,1.126193,20.0,1,14430,1,1,0,0,1,0,0,0,0,0,0,0,0,0
146,1,456039bdc66e6169,0.846913,19.421088,1,14405,1,1,0,0,0,0,0,0,0,0,0,0,0,1
147,1,af1d07260b0d0da1,1.679908,18.069182,1,14343,1,0,0,0,1,0,0,0,0,0,0,0,0,0
148,1,fa4536b3641411c9,1.262052,20.0,1,14374,1,1,0,0,1,0,0,0,0,0,0,0,0,1
149,1,59803bfdcaa2484f,0.949081,20.0,1,14516,1,1,0,0,1,0,0,0,0,0,0,0,0,1
150,1,654e85cb4485ce2f,1.756662,20.0,1,14747,2,1,0,0,1,0,0,0,0,0,0,0,0,0
151,1,ff8d4613c67c06d2,1.319715,20.0,1,14585,1,1,0,0,1,0,0,0,0,0,0,0,0,1
152,1,86ccb6ec793c60a5,0.991452,20.0,1,14548,1,1,0,0,0,0,0,0,0,0,0,0,0,1
153,1,728dec6fec44d93d,1.789737,20.0,1,14446,1,0,0,0,1,0,0,0,0,0,0,0,0,1
154,1,ec4b8bee4c6c42cc,1.344562,20.0,1,14811,1,1,0,0,1,0,0,0,0,0,0,0,0,0
155,1,72957c241762380b,1.010119,20.0,1,14748,1,1,0,0,1,0,0,0,0,0,0,0,0,1
156,1,c38ee68cfb6afbf0,1.803775,16.589347,0,14547,1,0,0,0,0,0,0,0,0,0,0,0,0,0
157,1,5285c46db9fcb5f8,2.398762,19.420646,1,14370,2,1,0,0,1,0,0,0,0,0,0,0,0,1
158,1,f855aeea87c10eb6,1.8021,20.0,1,14561,1,1,0,0,1,0,0,0,0,0,0,0,0,1
159,1,a95d192d09978be0,2.397504,19.666822,1,14329,1,0,0,0,0,0,0,0,0,0,0,0,0,1
160,1,5f562309adadb08e,1.802957,18.270232,1,14189,1,1,0,0,1,0,0,0,0,0,0,0,0,0
161,1,dbf686bbcbf8fb76,2.398148,17.204587,1,14306,1,0,0,0,0,0,0,0,0,0,0,0,0,1
162,1,32e86dd52a839795,2.845292,19.882852,1,14184,2,1,0,0,1,0,0,0,0,0,0,0,0,1
163,1,9d9a02e7e2352ae6,2.1397,18.43269,1,14046,1,1,0,0,1,0,0,0,0,0,0,0,0,0
164,1,1ac729d7178a2b21,1.607477,17.326635,1,14272,1,1,0,0,0,0,0,0,0,0,0,0,0,1
165,1,a77d901e58bddbdd,2.251291,19.974542,1,14216,1,0,0,0,1,0,0,0,0,0,0,0,0,1
166,1,3d16524dc95a1247,1.69131,18.484971,1,14128,1,1,0,0,1,0,0,0,0,0,0,0,0,0
167,1,aaf7734d288999cc,2.31604,20.0,1,14037,2,1,0,0,1,0,0,0,0,0,0,0,0,1
168,1,d5994e6b9d37b9a5,1.739954,20.0,1,14045,1,1,0,0,1,0,0,0,0,0,0,0,0,1
169,1,99d5b04e9fbd7191,2.350816,20.0,1,13749,1,0,0,0,0,0,0,0,0,0,0,0,0,1
170,1,e7bac8b8e78f2ad0,1.767847,20.0,1,13822,1,1,0,0,1,0,0,0,0,0,0,0,0,1
171,1,e3b5a0ed3aebe11d,1.328117,20.0,1,13765,1,1,0,0,1,0,0,0,0,0,0,0,0,0
172,1,0e2246dfeb03d446,0.997765,20.0,1,13745,1,1,0,0,1,0,0,0,0,0,0,0,0,1
173,1,824a37d4d5e55e2e,0.749584,20.0,1,13661,1,1,0,0,1,0,0,0,0,0,0,0,0,0
174,1,18d6af459693c1bc,2.651999,18.63452,1,13375,2,0,0,0,0,0,0,0,0,0,0,0,0,1
175,1,4e43cd83baad4988,1.992347,20.0,1,13337,1,1,0,0,1,0,0,0,0,0,0,0,0,1
176,1,f32b75ad2c57b2d1,1.496776,19.223136,1,13335,1,1,0,0,1,0,0,0,0,0,0,0,0,0
177,1,96c1073e35495119,2.169747,17.936574,1,13235,1,0,0,0,0,0,0,0,0,0,0,0,0,1
178,2,1fd48474a6be9a50,1.63005,20.0,1,14132,1,1,0,0,1,0,0,0,0,0,0,0,0,1
179,2,0b198662efcfc49a,1.224596,18.829218,1,14148,1,1,0,0,1,0,0,0,0,0,0,0,0,0
180,2,fcbdd03152747088,1.963646,17.624532,1,14307,1,0,0,0,0,0,0,0,0,0,0,0,0,1
181,2,c7b8a2a9fab59ea4,1.47669,16.734401,1,14141,1,1,0,0,1,0,0,0,0,0,0,0,0,0
182,2,241e6acbb414e8f5,2.153035,16.050774,1,14346,1,0,0,0,0,0,0,0,0,0,0,0,0,1
183,2,fc64a472a0076c97,2.661148,19.016036,1,13988,2,1,0,0,1,0,0,0,0,0,0,0,0,1
184,2,1e870741cfb1004d,3.045372,17.780832,1,14193,1,0,0,0,0,0,0,0,0,0,0,0,0,1
185,2,bf57db00a494f005,2.287874,16.836919,1,14177,1,1,0,0,1,0,0,0,0,0,0,0,0,0
186,2,b9cebc1ba6e23f90,1.718794,19.606637,1,14160,1,1,0,0,1,0,0,0,0,0,0,0,0,1
187,2,e665c14bbc29de1b,2.334919,18.208578,1,14143,1,0,0,0,0,0,0,0,0,0,0,0,0,1
188,2,e769dc1986223560,1.755893,20.0,1,14210,1,1,0,0,1,0,0,0,0,0,0,0,0,1
189,2,1dc6f86b0f28f527,1.319136,18.995508,1,14149,1,1,0,0,1,0,0,0,0,0,0,0,0,0
190,2,83171efae161e4f9,2.034671,20.0,1,13983,2,1,0,0,1,0,0,0,0,0,0,0,0,1
191,2,d0f092e334d1b579,1.530102,19.444489,1,14112,1,1,0,0,0,0,0,0,0,0,0,0,0,1
192,2,3c72e9f66e532470,2.193162,20.0,1,13983,1,0,0,0,1,0,0,0,0,0,0,0,0,1
193,2,1fdd04fc4bd3a35e,1.64764,20.0,1,14063,1,1,0,0,1,0,0,0,0,0,0,0,0,1
194,2,1ea3379f3547fd92,1.237811,20.0,1,14145,1,1,0,0,1,0,0,0,0,0,0,0,0,1
195,2,f2433026cfae9a47,3.019152,18.316264,0,13921,2,0,0,0,0,0,0,0,0,0,0,0,0,0
196,2,d0cc26dd4ca1a8f2,2.268176,20.0,1,13979,1,1,0,0,1,0,0,0,0,0,0,0,0,1
197,2,38a3c7ee0e61cf29,1.703996,20.0,1,14034,1,1,0,0,1,0,0,0,0,0,0,0,0,1
198,2,e64373de38c1d3e1,1.281429,20.0,1,13930,1,1,0,0,1,0,0,0,0,0,0,0,0,0
199,2,7addd6445d78c1a4,0.96269,20.0,1,13788,1,1,0,0,1,0,0,0,0,0,0,0,0,1
200,2,32a2c7ad3446fe7a,1.766886,16.750674,0,13814,1,0,0,0,0,0,0,0,0,0,0,0,0,0
201,2,c2ddba3954d1d184,1.327396,19.541844,1,13949,1,1,0,0,1,0,0,0,0,0,0,0,0,1
202,2,6665faed5439f816,0.99822,20.0,1,13789,1,1,0,0,1,0,0,0,0,0,0,0,0,1
203,2,e2ced52540714a46,1.793579,19.74875,1,13827,2,1,0,0,0,0,0,0,0,0,0,0,0,1
204,2,609fe1b042bd7177,2.391102,18.315342,1,13820,1,0,0,0,1,0,0,0,0,0,0,0,0,0
205,2,a841332a0fc6c3b7,1.798143,20.0,1,14012,1,1,0,0,1,0,0,0,0,0,0,0,0,1
206,2,55f4672a66ea5f47,1.350878,20.0,1,13880,1,1,0,0,1,0,0,0,0,0,0,0,0,1
207,2,c0bd9a34ec0d85ea,2.058517,16.929455,0,13901,1,0,0,0,0,0,0,0,0,0,0,0,0,0
208,2,aabefe6d1a5d48da,1.546487,19.676156,1,13741,1,1,0,0,1,0,0,0,0,0,0,0,0,1
209,2,3a430dc208632016,1.16298,18.277251,1,13803,1,1,0,0,1,0,0,0,0,0,0,0,0,0
210,2,80aa2168e796d8f4,1.917357,17.20986,1,13998,1,0,0,0,0,0,0,0,0,0,0,0,0,1
211,2,f7ccb287b0e2aba7,1.440439,19.886814,1,13875,1,1,0,0,1,0,0,0,0,0,0,0,0,1
212,2,2112fa62c82cb6c3,1.08323,14.955167,0,13855,1,1,0,0,0,0,0,0,0,0,0,0,0,0
213,2,3716027e174ef615,1.857444,18.192947,1,14041,1,0,0,0,1,0,0,0,0,0,0,0,0,1
214,2,8fd2f788f2f79c9f,1.395428,17.146526,1,13943,1,1,0,0,1,0,0,0,0,0,0,0,0,0
215,2,f4366fc4497b611c,2.091986,16.360388,1,14000,1,0,0,0,0,0,0,0,0,0,0,0,0,1
216,2,6d7c972a0c1269ca,2.617354,19.264249,1,13687,2,1,0,0,1,0,0,0,0,0,0,0,0,1
217,2,b5042d9861b5d83b,1.96632,17.951354,1,13961,1,1,0,0,1,0,0,0,0,0,0,0,0,0
218,2,74137b3e5583e005,1.477223,16.965026,1,14095,1,1,0,0,0,0,0,0,0,0,0,0,0,1
219,2,ffefc33e1efd86a3,2.155043,19.718945,1,13769,1,0,0,0,1,0,0,0,0,0,0,0,0,1
220,2,1d5254eeafca635e,1.619003,20.0,1,13964,1,1,0,0,1,0,0,0,0,0,0,0,0,1
221,2,d0c5eddf2b2929a5,2.25995,20.0,1,14053,2,1,0,0,1,0,0,0,0,0,0,0,0,1
222,2,a5d738bf0be729ce,1.697816,20.0,1,14039,1,1,0,0,1,0,0,0,0,0,0,0,0,0
223,2,aead5b3ebfcb2168,2.320932,19.268138,1,13822,1,0,0,0,0,0,0,0,0,0,0,0,0,1
224,2,2b4f56faf5b2875f,1.74363,17.954277,1,14011,1,1,0,0,1,0,0,0,0,0,0,0,0,0
225,2,a68ebde868101b3d,1.309924,20.0,1,13951,1,1,0,0,1,0,0,0,0,0,0,0,0,1
226,2,3757800f24515d24,0.985081,20.0,1,14002,1,1,0,0,1,0,0,0,0,0,0,0,0,1
227,2,e03a44c5911063b4,1.783708,20.0,1,13969,2,1,0,0,1,0,0,0,0,0,0,0,0,1
228,2,efd7b834af05a37b,2.383687,17.833806,0,14096,1,0,0,0,0,0,0,0,0,0,0,0,0,0
229,2,d88060fdb295cd09,1.790775,20.0,1,13917,1,1,0,0,1,0,0,0,0,0,0,0,0,1
230,2,3394d16c50c2cf94,1.346688,18.788173,1,14016,1,1,0,0,1,0,0,0,0,0,0,0,0,0
231,2,68684de43052d6bd,1.011716,20.0,1,13966,1,1,0,0,1,0,0,0,0,0,0,0,0,1
232,2,66f2a66706e76df3,1.803718,15.831013,0,13855,1,0,0,0,0,0,0,0,0,0,0,0,0,0
233,2,6de2ee8a6ade73aa,1.356422,18.86615,1,13938,1,1,0,0,1,0,0,0,0,0,0,0,0,1
234,2,6888aa8dab84401a,1.019029,17.652278,1,13839,1,1,0,0,1,0,0,0,0,0,0,0,0,0
235,2,c9dafece607e0f27,1.809212,16.740341,1,13836,1,0,0,0,0,0,0,0,0,0,0,0,0,1
236,2,12599f72770313a4,1.359193,19.534082,1,14231,1,1,0,0,1,0,0,0,0,0,0,0,0,1
237,2,b232d8ebfccda7c0,1.022133,18.170409,1,14109,1,1,0,0,1,0,0,0,0,0,0,0,0,0
238,2,a2c2dac898b48659,1.811543,20.0,1,13952,2,1,0,0,1,0,0,0,0,0,0,0,0,1
239,2,6d92a34bf1b60cee,2.404598,18.961194,1,14166,1,0,0,0,0,0,0,0,0,0,0,0,0,1
240,2,09c118b98859660d,1.808292,20.0,1,14110,1,1,0,0,1,0,0,0,0,0,0,0,0,1
241,2,ef26057f91ecd93e,1.358502,19.420706,1,14353,1,1,0,0,1,0,0,0,0,0,0,0,0,0
242,2,57e629ff12069dae,2.064245,18.068895,1,14126,1,0,0,0,0,0,0,0,0,0,0,0,0,1
243,2,8d6145b7f0e4706d,1.55079,17.05333,1,14134,1,1,0,0,1,0,0,0,0,0,0,0,0,0
244,2,58fb9f751ef114ab,1.166216,19.78535,1,14122,1,1,0,0,1,0,0,0,0,0,0,0,0,1
245,2,d8dd82b802302061,1.919788,18.342839,1,14163,1,0,0,0,0,0,0,0,0,0,0,0,0,1
246,2,c0b879075ea43025,2.485918,20.0,1,14111,2,1,0,0,1,0,0,0,0,0,0,0,0,1
247,2,1c6333a5ebed9330,1.869446,15.595255,0,15306,1,1,0,0,0,0,0,0,0,0,0,0,0,0
248,2,f17663b562637f4e,2.448098,18.673821,1,15065,1,0,0,0,1,0,0,0,0,0,0,0,0,1
249,2,76df3f449401c3fb,1.839165,17.507788,1,14785,1,1,0,0,1,0,0,0,0,0,0,0,0,0
250,2,3d353dd712c9a20c,1.381696,20.0,1,14689,1,1,0,0,1,0,0,0,0,0,0,0,0,1
251,2,405594bb89eca942,2.083205,20.0,1,14658,2,1,0,0,1,0,0,0,0,0,0,0,0,1
252,2,0a953ba8c56082c9,2.608688,20.0,1,15118,1,0,0,0,0,0,0,0,0,0,0,0,0,1
253,2,1b75f90db7f52d0c,1.95981,20.0,1,14961,1,1,0,0,1,0,0,0,0,0,0,0,0,1
254,2,3c69d2229c00c47b,1.473805,20.0,1,14672,1,1,0,0,1,0,0,0,0,0,0,0,0,0
255,2,8b57d807cc4db41f,3.194521,18.542853,1,14803,2,0,0,0,0,0,0,0,0,0,0,0,0,1
256,2,30775d298a7a47a6,2.399924,20.0,1,14358,1,1,0,0,1,0,0,0,0,0,0,0,0,1
257,2,c1ef8b130843df43,1.802973,20.0,1,14263,1,1,0,0,1,0,0,0,0,0,0,0,0,1
258,2,30832cf7c727723a,1.355862,20.0,1,14091,1,1,0,0,1,0,0,0,0,0,0,0,0,1
259,2,17232997fc16eb4e,2.062262,18.026028,0,13981,1,0,0,0,0,0,0,0,0,0,0,0,0,0
260,2,bc46e7eb156321e7,2.592953,20.0,1,13933,2,1,0,0,1,0,0,0,0,0,0,0,0,1
261,2,ce4fa241d99b8f1c,1.949938,20.0,1,13609,1,1,0,0,1,0,0,0,0,0,0,0,0,1
262,2,8b58e71189d31dd0,2.508569,20.0,1,13697,1,0,0,0,0,0,0,0,0,0,0,0,0,1
263,2,f920d00c5eb6966c,1.884594,20.0,1,13774,1,1,0,0,1,0,0,0,0,0,0,0,0,1
264,2,dbb04d0df2ab78b9,1.415825,20.0,1,13631,1,1,0,0,1,0,0,0,0,0,0,0,0,0
265,2,a2b9a2cd80be77dd,1.064721,20.0,1,13673,1,1,0,0,1,0,0,0,0,0,0,0,0,1
266,2,2099aeb0f27744dc,1.843538,16.617733,0,13821,1,0,0,0,0,0,0,0,0,0,0,0,0,0
267,2,669edd3433d854e6,1.384981,19.441971,1,13822,1,1,0,0,1,0,0,0,0,0,0,0,0,1
268,2,457ec6532769076f,2.085676,20.0,1,13357,2,1,0,0,1,0,0,0,0,0,0,0,0,1
269,2,3069c665e7c62547,2.610544,16.213481,0,13782,1,0,0,0,0,0,0,0,0,0,0,0,0,0
270,2,6d6ae8a6897be232,0.917551,15.659427,1,13958,0,1,0,0,1,0,0,0,0,0,0,0,0,0
271,2,40bde7773aae94ab,0.689322,18.722031,1,13896,1,1,0,0,1,0,0,0,0,0,0,0,0,1
272,2,430d28904ac16fa9,1.56253,14.079234,0,13724,1,0,0,0,0,0,0,0,0,0,0,0,0,0
273,2,cbc3295ade18388f,2.217524,17.534891,1,13889,2,1,0,0,1,0,0,0,0,0,0,0,0,1
274,2,b3e550fc71987578,1.665943,16.652153,1,13895,1,1,0,0,0,0,0,0,0,0,0,0,0,1
275,2,f85df4f3c68ee297,2.296963,19.48366,1,13732,1,0,0,0,1,0,0,0,0,0,0,0,0,1
276,2,ba25c8a299f44c23,1.725623,20.0,1,13890,1,1,0,0,1,0,0,0,0,0,0,0,0,1
277,2,db19cb571fd84590,1.296396,19.702386,1,13771,1,1,0,0,1,0,0,0,0,0,0,0,0,0
278,2,592925b1e9a819ea,0.973934,20.0,1,13969,1,1,0,0,1,0,0,0,0,0,0,0,0,1
279,2,d4473a1e5e161db6,1.776562,16.363345,0,13962,1,0,0,0,0,0,0,0,0,0,0,0,0,0
280,2,2bada3d9f516bb0a,2.378318,19.250859,1,14166,2,1,0,0,1,0,0,0,0,0,0,0,0,1
281,2,54a35e3821cd3247,1.786742,20.0,1,14101,1,1,0,0,1,0,0,0,0,0,0,0,0,1
282,2,ebc7f479b6e1bc6c,1.343655,19.588752,1,14206,1,1,0,0,1,0,0,0,0,0,0,0,0,0
283,2,97d02586c450085c,1.009438,20.0,1,14283,1,1,0,0,1,0,0,0,0,0,0,0,0,1
284,2,accf44fcb2d4e826,0.758353,16.282856,0,14238,1,1,0,0,0,0,0,0,0,0,0,0,0,0
285,2,6fa3901c8990f014,1.613376,19.19039,1,14469,1,0,0,0,1,0,0,0,0,0,0,0,0,1
286,2,ba03902ac16b2eb1,2.257432,20.0,1,14175,2,1,0,0,1,0,0,0,0,0,0,0,0,1
287,2,145078b29f29321e,1.695924,20.0,1,14384,1,1,0,0,1,0,0,0,0,0,0,0,0,1
288,2,29810a19a590c049,1.274084,20.0,1,14413,1,1,0,0,1,0,0,0,0,0,0,0,0,0
289,2,1d3778885edf0db9,0.95813,20.0,1,14323,1,1,0,0,1,0,0,0,0,0,0,0,0,1
290,2,0b53fa5c47bd00da,0.719807,20.0,1,14470,1,1,0,0,1,0,0,0,0,0,0,0,0,0
291,2,a87ebeb75f2d9ad6,0.540764,20.0,1,14424,1,1,0,0,1,0,0,0,0,0,0,0,0,1
292,2,37d6e4658d05db6e,1.449909,16.767861,0,14554,1,0,0,0,0,0,0,0,0,0,0,0,0,0
293,2,15e29fd0daebcedb,2.134503,19.570674,1,14590,2,1,0,0,1,0,0,0,0,0,0,0,0,1
294,2,6373faff69d97503,1.603572,20.0,1,14486,1,1,0,0,1,0,0,0,0,0,0,0,0,1
295,2,3906d25446bd22a0,1.204704,19.751497,1,14923,1,1,0,0,1,0,0,0,0,0,0,0,0,0
296,2,1a752452acefb664,0.905954,20.0,1,14937,1,1,0,0,1,0,0,0,0,0,0,0,0,1
297,2,93485c0aae1d24b2,0.68061,19.867196,1,15312,1,1,0,0,1,0,0,0,0,0,0,0,0,0
298,2,bb540d3b398aa3e2,1.55497,18.404326,1,15032,1,0,0,0,0,0,0,0,0,0,0,0,0,1
299,2,89b4eb36b08464dd,1.168191,20.0,1,15055,1,1,0,0,1,0,0,0,0,0,0,0,0,1
300,2,7d4877bb595891be,1.922647,20.0,1,15068,2,1,0,0,1,0,0,0,0,0,0,0,0,1
301,2,ec82bcc6cbd946ff,1.444413,20.0,1,15182,1,1,0,0,1,0,0,0,0,0,0,0,0,0
302,2,5e2c6fac9a34b4a5,2.128787,18.842627,1,15076,1,0,0,0,0,0,0,0,0,0,0,0,0,1
303,2,3a26502348b767b8,1.600878,17.650426,1,14902,1,1,0,0,1,0,0,0,0,0,0,0,0,0
304,2,9b5a41fbe30ecf8b,2.246333,16.73895,1,15035,2,1,0,0,0,0,0,0,0,0,0,0,0,1
305,2,daec175439ad4edc,2.731239,19.533036,1,14881,1,0,0,0,1,0,0,0,0,0,0,0,0,1
306,2,8603ff2c83fbffc5,2.051878,20.0,1,14752,1,1,0,0,1,0,0,0,0,0,0,0,0,1
307,2,bf31c200e5bdc578,1.543042,20.0,1,14816,1,1,0,0,1,0,0,0,0,0,0,0,0,1
308,2,551af925d67552ad,3.246536,20.0,1,14568,2,0,0,0,0,0,0,0,0,0,0,0,0,1
309,2,7f3b4615fc9588e8,2.439001,20.0,1,14535,1,1,0,0,1,0,0,0,0,0,0,0,0,1
310,2,640f8f6ba6fdcee3,1.834164,17.056716,0,14484,1,1,0,0,0,0,0,0,0,0,0,0,0,0
311,2,2675e5932d550a5f,2.421592,19.771762,1,14565,1,0,0,0,1,0,0,0,0,0,0,0,0,1
312,2,b4eb8cbd6757e599,2.862905,20.0,1,14526,2,1,0,0,1,0,0,0,0,0,0,0,0,1
313,2,5e026c4bc67dc1d8,2.150793,20.0,1,14513,1,1,0,0,1,0,0,0,0,0,0,0,0,1
314,2,dbb94eca4daa2265,1.617427,20.0,1,14407,1,1,0,0,1,0,0,0,0,0,0,0,0,0
315,2,10c97e2e3f517bf5,1.215113,20.0,1,14355,1,1,0,0,1,0,0,0,0,0,0,0,0,1
316,2,f682f5413b96c21b,3.000175,20.0,1,14448,2,0,0,0,0,0,0,0,0,0,0,0,0,1
317,2,86ad14d29d593c49,2.256175,18.955587,1,14202,1,1,0,0,1,0,0,0,0,0,0,0,0,0
318,2,3316b6cc90706316,1.69498,20.0,1,14252,1,1,0,0,1,0,0,0,0,0,0,0,0,1
319,2,6668ce7a306b88dc,1.273375,15.9255,0,14152,1,1,0,0,0,0,0,0,0,0,0,0,0,0
320,2,524b544f06bfa749,2.000292,18.921922,1,14078,1,0,0,0,1,0,0,0,0,0,0,0,0,1
321,2,1c59144223bd1858,1.504248,20.0,1,13922,1,1,0,0,1,0,0,0,0,0,0,0,0,1
322,2,7b200062ee4b7ab6,1.130086,19.398519,1,14165,1,1,0,0,1,0,0,0,0,0,0,0,0,0
323,2,c0c5d36b0def8381,0.848991,20.0,1,13983,1,1,0,0,1,0,0,0,0,0,0,0,0,1
324,2,aaddbfc70778ac4d,1.682604,16.191672,0,13845,1,0,0,0,0,0,0,0,0,0,0,0,0,0
325,2,9461ad372d8bddf3,2.307731,19.121887,1,13949,2,1,0,0,1,0,0,0,0,0,0,0,0,1
326,2,8de1ffe386d93d55,1.733712,20.0,1,13778,1,1,0,0,1,0,0,0,0,0,0,0,0,1
327,3,1fd48474a6be9a50,1.302473,16.019359,0,14059,0,0,0,0,0,0,0,0,0,0,0,0,0,0
328,3,0b198662efcfc49a,2.023629,19.00779,1,14182,2,1,0,0,1,0,0,0,0,0,0,0,0,1
329,3,fcbdd03152747088,1.520277,17.758686,1,14242,1,1,0,0,1,0,0,0,0,0,0,0,0,0
330,3,c7b8a2a9fab59ea4,2.18578,16.820282,1,14218,1,0,0,0,0,0,0,0,0,0,0,0,0,1
331,3,241e6acbb414e8f5,1.643738,19.610095,1,14090,1,1,0,0,1,0,0,0,0,0,0,0,0,1
332,3,fc64a472a0076c97,1.234879,18.211176,1,14186,1,1,0,0,1,0,0,0,0,0,0,0,0,0
333,3,1e870741cfb1004d,1.971372,17.16022,1,14222,1,0,0,0,0,0,0,0,0,0,0,0,0,1
334,3,bf57db00a494f005,1.481018,19.849521,1,14160,1,1,0,0,1,0,0,0,0,0,0,0,0,1
335,3,b9cebc1ba6e23f90,3.202048,18.407624,1,14024,2,0,0,0,0,0,0,0,0,0,0,0,0,1
336,3,e665c14bbc29de1b,2.405579,17.307805,1,14153,1,1,0,0,1,0,0,0,0,0,0,0,0,0
337,3,e769dc1986223560,1.807221,19.960396,1,14206,1,1,0,0,1,0,0,0,0,0,0,0,0,1
338,3,1dc6f86b0f28f527,1.359056,18.491004,1,14046,1,1,0,0,0,0,0,0,0,0,0,0,0,1
339,3,83171efae161e4f9,2.064661,17.370444,1,14212,1,0,0,0,1,0,0,0,0,0,0,0,0,0
340,3,d0f092e334d1b579,2.594756,20.0,1,14257,2,1,0,0,1,0,0,0,0,0,0,0,0,1
341,3,3c72e9f66e532470,1.949343,20.0,1,14040,1,1,0,0,1,0,0,0,0,0,0,0,0,1
342,3,1fdd04fc4bd3a35e,1.465934,20.0,1,14032,1,1,0,0,0,0,0,0,0,0,0,0,0,1
343,3,1ea3379f3547fd92,2.144955,18.516266,1,13814,1,0,0,0,1,0,0,0,0,0,0,0,0,0
344,3,f2433026cfae9a47,1.611424,20.0,1,14092,1,1,0,0,1,0,0,0,0,0,0,0,0,1
345,3,d0cc26dd4ca1a8f2,1.211814,19.173736,1,14176,1,1,0,0,1,0,0,0,0,0,0,0,0,0
346,3,38a3c7ee0e61cf29,1.954044,20.0,1,13917,2,1,0,0,1,0,0,0,0,0,0,0,0,1
347,3,e64373de38c1d3e1,2.511654,19.527467,1,13912,1,0,0,0,0,0,0,0,0,0,0,0,0,1
348,3,7addd6445d78c1a4,1.886911,20.0,1,13942,1,1,0,0,1,0,0,0,0,0,0,0,0,1
349,3,32a2c7ad3446fe7a,1.418984,19.745025,1,13824,1,1,0,0,1,0,0,0,0,0,0,0,0,0
350,3,c2ddba3954d1d184,1.06603,20.0,1,13852,1,1,0,0,1,0,0,0,0,0,0,0,0,1
351,3,6665faed5439f816,0.800868,20.0,1,13873,1,1,0,0,1,0,0,0,0,0,0,0,0,1
352,3,e2ced52540714a46,1.646415,17.543548,0,13819,1,0,0,0,0,0,0,0,0,0,0,0,0,0
353,3,609fe1b042bd7177,1.23689,20.0,1,13884,1,1,0,0,1,0,0,0,0,0,0,0,0,1
354,3,a841332a0fc6c3b7,1.972883,20.0,1,13787,2,1,0,0,1,0,0,0,0,0,0,0,0,1
355,3,55f4672a66ea5f47,1.482153,20.0,1,13899,1,1,0,0,1,0,0,0,0,0,0,0,0,0
356,3,c0bd9a34ec0d85ea,1.1146,15.093988,0,14001,0,0,0,0,0,0,0,0,0,0,0,0,0,0
357,3,aabefe6d1a5d48da,0.837357,18.297238,1,13633,1,1,0,0,1,0,0,0,0,0,0,0,0,1
358,3,3a430dc208632016,1.672729,20.0,1,13938,2,1,0,0,1,0,0,0,0,0,0,0,0,1
359,3,80aa2168e796d8f4,2.302066,15.569492,0,13799,1,0,0,0,0,0,0,0,0,0,0,0,0,0
360,3,f7ccb287b0e2aba7,1.729456,18.654467,1,14005,1,1,0,0,1,0,0,0,0,0,0,0,0,1
361,3,2112fa62c82cb6c3,1.299276,14.014403,0,13879,1,1,0,0,0,0,0,0,0,0,0,0,0,0
362,3,542d2ce96e80afc1,2.019751,17.486186,1,13794,1,0,0,0,1,0,0,0,0,0,0,0,0,1
363,3,6e60a9a40289d397,2.563032,16.630363,1,13911,1,0,0,0,0,0,0,0,0,0,0,0,0,1
364,3,0d28e31d51bf6ee7,1.92551,15.972615,1,14102,1,1,0,0,1,0,0,0,0,0,0,0,0,0
365,3,1cc2b0b192026c8b,1.446564,18.957317,1,13697,1,1,0,0,1,0,0,0,0,0,0,0,0,1
366,3,1248b02762c2799a,1.087837,17.736675,1,13942,1,1,0,0,0,0,0,0,0,0,0,0,0,1
367,3,3686db50da6353c5,1.860904,16.803745,1,13925,1,0,0,0,1,0,0,0,0,0,0,0,0,0
368,3,07a5e51a719ae67e,1.398028,19.581715,1,13947,1,1,0,0,1,0,0,0,0,0,0,0,0,1
369,3,f655ac8ba190f916,1.050286,18.189855,1,13864,1,1,0,0,1,0,0,0,0,0,0,0,0,0
370,3,297da01fe191c441,1.833981,20.0,1,13960,2,1,0,0,1,0,0,0,0,0,0,0,0,1
371,3,585bdb78ddfeaa09,1.377801,18.98493,1,13889,1,1,0,0,0,0,0,0,0,0,0,0,0,1
372,3,80b64b516670a126,2.078744,20.0,1,13983,1,0,0,0,1,0,0,0,0,0,0,0,0,1
373,3,c858402419443b5f,1.563245,19.438513,1,13790,1,1,0,0,1,0,0,0,0,0,0,0,0,0
374,3,bbea280c4443ece7,1.174407,20.0,1,14137,1,1,0,0,1,0,0,0,0,0,0,0,0,1
375,3,770cc58a6b328c75,0.882288,19.676906,1,13980,1,1,0,0,1,0,0,0,0,0,0,0,0,0
376,3,9e4ceafbb666acca,2.750137,18.261368,1,14050,2,0,0,0,0,0,0,0,0,0,0,0,0,1
377,3,b9acb191b89c8af8,2.068142,20.0,1,13838,1,1,0,0,1,0,0,0,0,0,0,0,0,1
378,3,b2a2c7e3fefe743e,1.553718,20.0,1,13997,1,1,0,0,1,0,0,0,0,0,0,0,0,1
379,3,ff4e2fdbd305bd8b,1.16725,20.0,1,13783,1,1,0,0,1,0,0,0,0,0,0,0,0,0
380,3,9f64605041841356,1.921939,18.810607,1,14051,1,0,0,0,0,0,0,0,0,0,0,0,0,1
381,3,bcaa3c2bf92876e3,1.443881,17.61055,1,13949,1,1,0,0,1,0,0,0,0,0,0,0,0,0
382,3,2031f2b8b0800d2c,1.084734,20.0,1,13928,1,1,0,0,1,0,0,0,0,0,0,0,0,1
383,3,cf10b1d2edc2b902,0.81492,18.645212,1,13830,1,1,0,0,1,0,0,0,0,0,0,0,0,0
384,3,8ae74930b8057532,1.656982,17.501967,1,13818,1,0,0,0,0,0,0,0,0,0,0,0,0,1
385,3,07e83e7935d19b8e,1.244829,16.627418,1,13840,1,1,0,0,1,0,0,0,0,0,0,0,0,0
386,3,c0c1e82848453003,0.935193,19.449246,1,14078,1,1,0,0,1,0,0,0,0,0,0,0,0,1
387,3,4d5b4d17fdba5bf2,1.747429,14.626111,0,13917,1,0,0,0,0,0,0,0,0,0,0,0,0,0
388,3,ba10b86611fb0bf8,2.356432,17.945739,1,14017,2,1,0,0,1,0,0,0,0,0,0,0,0,1
389,3,0d9bba1b70e206a8,1.770299,20.0,1,14090,1,1,0,0,1,0,0,0,0,0,0,0,0,1
390,3,11453ded22d9d985,2.373613,18.834391,1,14230,1,0,0,0,0,0,0,0,0,0,0,0,0,1
391,3,bd4e088c22a00ba9,1.784991,17.644232,1,14067,1,1,0,0,1,0,0,0,0,0,0,0,0,0
392,3,2dca42dac1e569cb,1.340997,20.0,1,14163,1,1,0,0,1,0,0,0,0,0,0,0,0,1
393,3,9c6f225955edb679,2.051094,15.185377,0,14044,1,0,0,0,0,0,0,0,0,0,0,0,0,0
394,3,a8eb6927fa7fe589,2.586602,18.380624,1,13870,2,1,0,0,1,0,0,0,0,0,0,0,0,1
395,3,6dfa9ecd5160b903,1.943218,20.0,1,14092,1,1,0,0,1,0,0,0,0,0,0,0,0,1
396,3,afb35ddbf0ba3818,1.459867,19.079838,1,13949,1,1,0,0,0,0,0,0,0,0,0,0,0,1
397,3,ea9b65880edd9caa,2.140397,20.0,1,14015,1,0,0,0,1,0,0,0,0,0,0,0,0,1
398,3,680a22efaf209276,1.609609,20.0,1,13615,1,1,0,0,1,0,0,0,0,0,0,0,0,1
399,3,6aba3eb67e7da344,2.252892,20.0,1,13673,2,1,0,0,1,0,0,0,0,0,0,0,0,1
400,3,2cd20e5993cf9367,2.736167,18.192703,0,13391,1,0,0,0,0,0,0,0,0,0,0,0,0,0
401,3,73297ee0617ebd26,2.057637,20.0,1,13348,1,1,0,0,1,0,0,0,0,0,0,0,0,1
402,3,74cc1898affeacde,2.589479,20.0,1,13110,2,1,0,0,1,0,0,0,0,0,0,0,0,1
403,3,d0b8832b8c1d7953,1.945379,20.0,1,13188,1,1,0,0,1,0,0,0,0,0,0,0,0,1
404,3,749a474d66712e20,1.46149,20.0,1,13596,1,1,0,0,1,0,0,0,0,0,0,0,0,1
405,3,77b3ac650e88e8b6,2.143212,18.69816,0,13503,1,0,0,0,0,0,0,0,0,0,0,0,0,0
406,3,f2bff648809515db,1.610115,20.0,1,13710,1,1,0,0,1,0,0,0,0,0,0,0,0,1
407,3,00219cb60768caee,1.209619,20.0,1,13956,1,1,0,0,1,0,0,0,0,0,0,0,0,1
408,3,9b18b2b5e8df75b4,0.909651,17.099224,0,13735,1,1,0,0,0,0,0,0,0,0,0,0,0,0
409,3,0dd40fd463c8ea24,1.72704,19.803697,1,13825,1,0,0,0,1,0,0,0,0,0,0,0,0,1
410,3,df0abc0014c36ba9,1.297461,20.0,1,13675,1,1,0,0,1,0,0,0,0,0,0,0,0,1
411,3,50b1022d323ec347,0.974734,19.883014,1,13905,1,1,0,0,1,0,0,0,0,0,0,0,0,0
412,3,1938afe8d0545c2b,0.733014,18.432811,1,13787,1,1,0,0,0,0,0,0,0,0,0,0,0,1
413,3,c7b1686ae2a79bb8,2.637992,20.0,1,13581,2,0,0,0,1,0,0,0,0,0,0,0,0,1
414,3,f866e2313515a8c4,1.981825,20.0,1,13776,1,1,0,0,1,0,0,0,0,0,0,0,0,1
415,3,3cebf7acb0b3be21,0.44621,20.0,1,13717,0,1,0,0,1,0,0,0,0,0,0,0,0,0
416,3,4b9953b0827baf40,2.422528,18.855014,1,13634,2,0,0,0,0,0,0,0,0,0,0,0,0,1
417,3,21b143be33e2e677,1.819955,17.643911,1,13432,1,1,0,0,1,0,0,0,0,0,0,0,0,0
418,3,b356fa440e6060b6,1.367264,20.0,1,13898,1,1,0,0,1,0,0,0,0,0,0,0,0,1
419,3,24fe6a565677a994,2.072352,18.680891,1,13958,1,0,0,0,0,0,0,0,0,0,0,0,0,1
420,3,273d7ae34851f5ed,1.556881,17.513099,1,13779,1,1,0,0,1,0,0,0,0,0,0,0,0,0
421,3,e589cf037ea2dbd3,1.169626,20.0,1,13889,1,1,0,0,1,0,0,0,0,0,0,0,0,1
422,3,bcabbc20023f3d97,2.967877,18.606987,1,13897,2,0,0,0,0,0,0,0,0,0,0,0,0,1
423,3,577dfed42acf93e4,2.229655,20.0,1,18479,1,1,0,0,1,0,0,0,0,0,0,0,0,1
424,3,85939e941241ebcf,1.675056,20.0,1,17792,1,1,0,0,1,0,0,0,0,0,0,0,0,1
425,3,7380d8ab01655b72,1.258407,20.0,1,18350,1,1,0,0,1,0,0,0,0,0,0,0,0,0
426,3,75e29ef8079829c2,1.990491,20.0,1,17655,2,1,0,0,1,0,0,0,0,0,0,0,0,1
427,3,bb6ba131bab58f28,1.495381,20.0,1,17067,1,1,0,0,1,0,0,0,0,0,0,0,0,1
428,3,0ed1b48d5e96e048,1.123424,20.0,1,17276,1,1,0,0,1,0,0,0,0,0,0,0,0,1
429,3,89daadf60f623e0f,1.888981,20.0,1,17313,2,1,0,0,1,0,0,0,0,0,0,0,0,1
430,3,4e52e4105ed9930a,2.462774,20.0,1,16954,1,0,0,0,0,0,0,0,0,0,0,0,0,1
431,3,e7c510994ee8fafb,2.893844,20.0,1,17152,2,1,0,0,1,0,0,0,0,0,0,0,0,1
432,3,48a0279543ee6597,2.174037,20.0,1,15425,1,1,0,0,1,0,0,0,0,0,0,0,0,1
433,3,cad45d8723392b56,1.634907,20.0,1,13962,1,1,0,0,1,0,0,0,0,0,0,0,0,1
434,3,fa55ce72b516b77e,1.228244,20.0,1,13947,1,1,0,0,1,0,0,0,0,0,0,0,0,0
435,3,623f337dae765037,1.966387,20.0,1,14175,1,0,0,0,0,0,0,0,0,0,0,0,0,1
436,3,af720a876881958d,1.478751,19.000846,1,14101,1,1,0,0,1,0,0,0,0,0,0,0,0,0
437,3,cdc30bc05059556e,1.110931,20.0,1,14167,1,1,0,0,1,0,0,0,0,0,0,0,0,1
438,3,ac7626bea788da01,1.878254,20.0,1,14277,2,1,0,0,1,0,0,0,0,0,0,0,0,1
439,3,19cfb4f58b4d67bc,1.411062,20.0,1,14160,1,1,0,0,1,0,0,0,0,0,0,0,0,0
440,3,4e81ffa5d757b297,1.061139,20.0,1,13981,1,1,0,0,1,0,0,0,0,0,0,0,0,1
441,3,fdfb9b9975c26038,1.840847,16.918184,0,14215,1,0,0,0,0,0,0,0,0,0,0,0,0,0
442,3,0875c4c5e1dc884a,1.38296,19.667688,1,14173,1,1,0,0,1,0,0,0,0,0,0,0,0,1
443,3,17dff9bf126dfdec,1.040005,18.270883,1,14236,1,1,0,0,1,0,0,0,0,0,0,0,0,0
444,3,df6746347fdc399b,0.781317,20.0,1,14415,1,1,0,0,1,0,0,0,0,0,0,0,0,1
445,3,25b9005d0a092e23,0.586974,19.017901,1,14576,1,1,0,0,1,0,0,0,0,0,0,0,0,0
446,3,f4fc79171209bd96,0.440972,17.766283,1,14405,1,1,0,0,0,0,0,0,0,0,0,0,0,1
447,3,36695e4793f56c98,1.375768,16.840999,1,14831,1,0,0,0,1,0,0,0,0,0,0,0,0,0
448,3,4073bbefb201fa97,1.033563,19.609702,1,15012,1,1,0,0,1,0,0,0,0,0,0,0,0,1
449,3,af77b0402252a9fe,1.82013,20.0,1,14844,2,1,0,0,1,0,0,0,0,0,0,0,0,1
450,3,a53a9c531750d7e1,2.412915,16.310983,0,14805,1,0,0,0,0,0,0,0,0,0,0,0,0,0
451,3,923f2c91af2b8432,1.812733,19.211521,1,14967,1,1,0,0,1,0,0,0,0,0,0,0,0,1
452,3,62176c187096a589,2.405492,14.432897,0,14725,1,0,0,0,0,0,0,0,0,0,0,0,0,0
453,3,ad7e90eddcd27f54,1.807156,17.800585,1,14746,1,1,0,0,1,0,0,0,0,0,0,0,0,1
454,3,bf9779ab8cb9604d,1.359007,16.866795,1,14785,1,1,0,0,1,0,0,0,0,0,0,0,0,0
455,3,422f13f02be72c18,1.020971,19.629082,1,14746,1,1,0,0,1,0,0,0,0,0,0,0,0,1
456,3,0dd76384b7ccba71,2.854324,18.22544,1,14717,2,0,0,0,0,0,0,0,0,0,0,0,0,1
457,3,22ad2d6daf279dcd,2.146492,17.186292,1,14473,1,1,0,0,1,0,0,0,0,0,0,0,0,0
458,3,1d121076290f8516,1.61258,19.869108,1,14560,1,1,0,0,1,0,0,0,0,0,0,0,0,1
459,3,a41bfb7afc7c8054,1.211471,20.0,1,14369,1,1,0,0,1,0,0,0,0,0,0,0,0,1
460,3,f6b11225ce6ee0d8,0.910133,19.919932,1,14341,1,1,0,0,1,0,0,0,0,0,0,0,0,0
461,3,685f468967f841ab,2.772734,18.460574,1,14396,2,0,0,0,0,0,0,0,0,0,0,0,0,1
462,3,c55638e82bc23425,2.083051,20.0,1,14484,1,1,0,0,1,0,0,0,0,0,0,0,0,1
463,3,758201e2290c0585,1.564919,20.0,1,14562,1,1,0,0,1,0,0,0,0,0,0,0,0,1
464,3,73c3aa06b3180385,1.176841,20.0,1,14416,1,1,0,0,1,0,0,0,0,0,0,0,0,0
465,3,b927b64c74ce8a06,1.92777,18.863866,1,14354,1,0,0,0,0,0,0,0,0,0,0,0,0,1
466,3,0919540dcac21110,1.448262,17.650562,1,14323,1,1,0,0,1,0,0,0,0,0,0,0,0,0
467,3,ec10476de642f1b1,2.131678,20.0,1,14301,2,1,0,0,1,0,0,0,0,0,0,0,0,1
468,3,c5494e911a565f56,1.603052,20.0,1,13995,1,1,0,0,1,0,0,0,0,0,0,0,0,1
469,3,2e9fcf6cdd031093,1.204313,20.0,1,14106,1,1,0,0,1,0,0,0,0,0,0,0,0,1
470,3,e1fbcaf1a7c2ff1c,1.948409,17.736963,0,14265,1,0,0,0,0,0,0,0,0,0,0,0,0,0
471,3,8c241610698f4aef,1.465231,20.0,1,14105,1,1,0,0,1,0,0,0,0,0,0,0,0,1
472,3,826ec036e5188fd9,1.100773,18.729064,1,14103,1,1,0,0,1,0,0,0,0,0,0,0,0,0
473,3,e07cf9fa0aee61fd,0.82697,20.0,1,14079,1,1,0,0,1,0,0,0,0,0,0,0,0,1
474,3,40e378efd17e2ecd,1.664925,19.276496,1,13847,1,0,0,0,0,0,0,0,0,0,0,0,0,1
475,3,4612e572021073d9,2.296198,20.0,1,13969,2,1,0,0,1,0,0,0,0,0,0,0,0,1
476,3,85c391d496f23dde,1.725048,20.0,1,13849,1,1,0,0,1,0,0,0,0,0,0,0,0,1
477,3,37b3dfbae2f59c9f,1.295964,20.0,1,13710,1,1,0,0,1,0,0,0,0,0,0,0,0,0
478,3,50ac3dc6dff28c25,2.018734,19.134615,1,13845,1,0,0,0,0,0,0,0,0,0,0,0,0,1
479,3,14926925cf214d67,1.516599,20.0,1,13761,1,1,0,0,1,0,0,0,0,0,0,0,0,1
480,3,1a3db8b0fa3150f3,2.183018,16.026543,0,13759,1,0,0,0,0,0,0,0,0,0,0,0,0,0
481,3,2ce5c655984962f2,2.683673,18.997831,1,13887,2,1,0,0,1,0,0,0,0,0,0,0,0,1
482,3,48cb18b742b9ea97,2.01816,20.0,1,13671,1,1,0,0,1,0,0,0,0,0,0,0,0,1
483,3,d67ee3715ca29671,2.559822,19.441405,1,13680,1,0,0,0,0,0,0,0,0,0,0,0,0,1
484,3,36826fec5ee0b5e8,1.923098,20.0,1,13630,1,1,0,0,1,0,0,0,0,0,0,0,0,1
485,3,2965b7774a3d2da5,2.490348,16.215901,0,13398,1,0,0,0,0,0,0,0,0,0,0,0,0,0
486,3,f6d32e326e556133,1.870905,19.140089,1,13325,1,1,0,0,1,0,0,0,0,0,0,0,0,1
487,3,f36d4e7208198cab,3.492848,17.858078,1,13156,2,0,0,0,0,0,0,0,0,0,0,0,0,1
488,3,e7a9d29069eb53ac,1.580393,16.894951,1,13103,0,1,0,0,1,0,0,0,0,0,0,0,0,0
489,3,7715f627cd7a22f2,2.232628,19.666247,1,13225,2,1,0,0,1,0,0,0,0,0,0,0,0,1
490,3,acdeb7c8e7e6e56c,1.67729,20.0,1,13113,1,1,0,0,1,0,0,0,0,0,0,0,0,1
491,3,8106ca1bb07441f4,2.303739,19.805438,1,13427,1,0,0,0,0,0,0,0,0,0,0,0,0,1
492,3,95f2dbe653d7a466,1.732444,20.0,1,13534,1,1,0,0,1,0,0,0,0,0,0,0,0,1
493,3,ca07192a23e569a5,1.301521,20.0,1,13598,1,1,0,0,1,0,0,0,0,0,0,0,0,1
494,3,3f71653002a938a6,2.021437,20.0,1,13516,2,1,0,0,1,0,0,0,0,0,0,0,0,0
495,3,76b3f04293eb4893,2.562284,19.285971,1,13682,1,0,0,0,0,0,0,0,0,0,0,0,0,1
496,3,d8ce76bf5044f340,1.926874,17.983826,1,13706,1,1,0,0,1,0,0,0,0,0,0,0,0,0
497,3,14b35c2bf607baa6,1.447588,20.0,1,15138,1,1,0,0,1,0,0,0,0,0,0,0,0,1
498,3,61f154bd45a33854,1.087519,15.377043,0,14886,1,1,0,0,0,0,0,0,0,0,0,0,0,0
499,3,f44f88e598b593cd,1.86198,18.524759,1,14494,1,0,0,0,1,0,0,0,0,0,0,0,0,1
500,3,83c54bb58ddaf29d,2.44249,20.0,1,14604,2,1,0,0,1,0,0,0,0,0,0,0,0,1
501,3,2dc4250909afbbea,1.834951,19.161187,1,14374,1,1,0,0,1,0,0,0,0,0,0,0,0,0
502,3,6e99bf0315552eb8,1.37853,17.873928,1,14175,1,1,0,0,0,0,0,0,0,0,0,0,0,1
503,3,21105732cc21daa5,2.080825,16.92195,1,14147,1,0,0,0,1,0,0,0,0,0,0,0,0,0
504,3,841dfa76bb9235ba,1.563246,19.670518,1,14007,1,1,0,0,1,0,0,0,0,0,0,0,0,1
505,3,6b1b203c38c100cb,1.174408,20.0,1,14046,1,1,0,0,1,0,0,0,0,0,0,0,0,1
506,3,ad9a3f9d9b0f1bf3,2.971473,19.825843,1,13747,2,0,0,0,0,0,0,0,0,0,0,0,0,1
507,3,bb194a1c3fd36cc1,2.232356,20.0,1,13675,1,1,0,0,1,0,0,0,0,0,0,0,0,1
508,3,e2936b463a24612a,2.720739,16.416668,0,13340,1,0,0,0,0,0,0,0,0,0,0,0,0,0
509,3,50a1ce011ed962ce,2.04399,19.290918,1,13534,1,1,0,0,1,0,0,0,0,0,0,0,0,1
510,3,d353d56e8eac2077,2.58126,14.507046,0,13275,1,0,0,0,0,0,0,0,0,0,0,0,0,0
511,3,1359c08738738f6b,1.939204,17.85629,1,13533,1,1,0,0,1,0,0,0,0,0,0,0,0,1
512,3,c525bd6dd3753890,2.500505,20.0,1,13410,2,1,0,0,1,0,0,0,0,0,0,0,0,1
513,3,4476e7b2d241d0e9,2.924566,15.320374,0,13726,1,0,0,0,0,0,0,0,0,0,0,0,0,0
514,4,1fd48474a6be9a50,2.197117,18.467314,1,13809,1,1,0,0,1,0,0,0,0,0,0,0,0,1
515,4,0b198662efcfc49a,1.650612,17.352647,1,14048,1,1,0,0,1,0,0,0,0,0,0,0,0,0
516,4,fcbdd03152747088,2.283696,16.515239,1,14330,1,0,0,0,0,0,0,0,0,0,0,0,0,1
517,4,c7b8a2a9fab59ea4,1.717372,15.900197,1,14082,1,1,0,0,1,0,0,0,0,0,0,0,0,0
518,4,241e6acbb414e8f5,1.290198,18.902913,1,14280,1,1,0,0,1,0,0,0,0,0,0,0,0,1
519,4,fc64a472a0076c97,2.012931,17.679896,1,14305,1,0,0,0,0,0,0,0,0,0,0,0,0,1
520,4,1e870741cfb1004d,1.513752,16.776036,1,14129,1,1,0,0,1,0,0,0,0,0,0,0,0,0
521,4,bf57db00a494f005,1.137226,16.082053,1,14071,1,1,0,0,0,0,0,0,0,0,0,0,0,1
522,4,b9cebc1ba6e23f90,1.898008,19.039534,1,14124,1,0,0,0,1,0,0,0,0,0,0,0,0,1
523,4,e665c14bbc29de1b,1.425903,17.782535,1,14148,1,1,0,0,1,0,0,0,0,0,0,0,0,0
524,4,e769dc1986223560,1.072299,20.0,1,14203,1,1,0,0,1,0,0,0,0,0,0,0,0,1
525,4,1dc6f86b0f28f527,1.849232,20.0,1,14044,2,1,0,0,1,0,0,0,0,0,0,0,0,1
526,4,83171efae161e4f9,1.389259,20.0,1,14231,1,1,0,0,1,0,0,0,0,0,0,0,0,0
527,4,d0f092e334d1b579,1.044742,18.657772,1,14084,1,1,0,0,0,0,0,0,0,0,0,0,0,1
528,4,3c72e9f66e532470,1.828529,20.0,1,13940,1,0,0,0,1,0,0,0,0,0,0,0,0,1
529,4,1fdd04fc4bd3a35e,1.373706,19.236259,1,14061,1,1,0,0,1,0,0,0,0,0,0,0,0,0
530,4,1ea3379f3547fd92,2.075667,20.0,1,13885,2,1,0,0,1,0,0,0,0,0,0,0,0,1
531,4,f2433026cfae9a47,2.605082,19.580504,1,14003,1,0,0,0,0,0,0,0,0,0,0,0,0,1
532,4,d0cc26dd4ca1a8f2,1.9571,20.0,1,14133,1,1,0,0,1,0,0,0,0,0,0,0,0,1
533,4,b6729060e15ef02e,1.470296,19.757045,1,14015,1,1,0,0,1,0,0,0,0,0,0,0,0,0
534,4,a9cb16cc75c4b873,1.105684,18.338081,1,13913,1,1,0,0,0,0,0,0,0,0,0,0,0,1
535,4,4518898290c4a533,1.874312,17.255559,1,14031,1,0,0,0,1,0,0,0,0,0,0,0,0,0
536,4,80c0e74f4af0cefb,1.408101,19.921146,1,13734,1,1,0,0,1,0,0,0,0,0,0,0,0,1
537,4,bd705a496fb2e0e1,1.057853,18.444857,1,14002,1,1,0,0,1,0,0,0,0,0,0,0,0,0
538,4,40fcbaec993d22c5,1.839671,17.351297,1,13855,1,0,0,0,0,0,0,0,0,0,0,0,0,1
539,4,6cfaf62351220228,1.382076,16.514225,1,13861,1,1,0,0,1,0,0,0,0,0,0,0,0,0
540,4,6ffb601c36225917,1.038302,19.364209,1,13802,1,1,0,0,1,0,0,0,0,0,0,0,0,1
541,4,21c423f5186ec4a6,0.780818,18.042663,1,13891,1,1,0,0,1,0,0,0,0,0,0,0,0,0
542,4,1e92837d9f9c6b35,0.586599,20.0,1,13836,1,1,0,0,1,0,0,0,0,0,0,0,0,1
543,4,968a8f9c5003dbc1,2.527997,18.889094,1,13968,2,0,0,0,0,0,0,0,0,0,0,0,0,1
544,4,3d81bda997433872,1.89919,20.0,1,13744,1,1,0,0,1,0,0,0,0,0,0,0,0,1
545,4,4d57385882879efc,1.428218,19.384369,1,13822,1,1,0,0,1,0,0,0,0,0,0,0,0,0
546,4,fcb4df9efd747f55,2.11662,18.041597,1,13904,1,0,0,0,0,0,0,0,0,0,0,0,0,1
547,4,dd6db030444068ae,1.590137,17.032822,1,13938,1,1,0,0,1,0,0,0,0,0,0,0,0,0
548,4,7ae77073d86b6226,2.239957,16.289426,1,13786,1,0,0,0,0,0,0,0,0,0,0,0,0,1
549,4,356c8f195f9c1ba4,1.682796,19.195326,1,14017,1,1,0,0,1,0,0,0,0,0,0,0,0,1
550,4,9f14df830234c9fe,2.307875,20.0,1,13860,2,1,0,0,1,0,0,0,0,0,0,0,0,1
551,4,062043c8618db95b,2.777473,16.060808,0,13935,1,0,0,0,0,0,0,0,0,0,0,0,0,0
552,4,46fb9a9069532d44,2.0887,19.03896,1,13733,1,1,0,0,1,0,0,0,0,0,0,0,0,1
553,4,a08fcbdfa04b7054,1.569162,17.782103,1,14047,1,1,0,0,1,0,0,0,0,0,0,0,0,0
554,4,cad3b566561459bb,2.222506,16.837874,1,13939,1,0,0,0,0,0,0,0,0,0,0,0,0,1
555,4,956fe504e19b254f,1.671356,19.623325,1,13931,1,1,0,0,1,0,0,0,0,0,0,0,0,1
556,4,8f104a90b7c27a4a,2.299281,20.0,1,14062,2,1,0,0,1,0,0,0,0,0,0,0,0,1
557,4,8e9271036b027404,1.727364,19.781213,1,13945,1,1,0,0,1,0,0,0,0,0,0,0,0,0
558,4,2d1febfc86418861,1.297704,20.0,1,13992,1,1,0,0,1,0,0,0,0,0,0,0,0,1
559,4,74cc1f723dc8f362,2.020042,16.407879,0,13859,1,0,0,0,0,0,0,0,0,0,0,0,0,0
560,4,0fc8b91ea2ec69c2,1.517582,19.284315,1,14008,1,1,0,0,1,0,0,0,0,0,0,0,0,1
561,4,bbea280c4443ece7,1.140103,20.0,1,14058,1,1,0,0,1,0,0,0,0,0,0,0,0,1
562,4,683088388d3d837c,1.901524,20.0,1,14011,2,1,0,0,1,0,0,0,0,0,0,0,0,1
563,4,5b40ca38b773abd1,1.428544,17.345268,0,14015,1,1,0,0,0,0,0,0,0,0,0,0,0,0
564,4,7fbe6c693bcd6878,2.116865,19.98854,1,13960,1,0,0,0,1,0,0,0,0,0,0,0,0,1
565,4,bf9cc0756f479886,1.590322,18.495488,1,13900,1,1,0,0,1,0,0,0,0,0,0,0,0,0
566,4,7d438e77127332d1,1.195944,20.0,1,13916,1,1,0,0,1,0,0,0,0,0,0,0,0,1
567,4,a84bbc05a4684da7,1.942122,20.0,1,14019,2,1,0,0,1,0,0,0,0,0,0,0,0,1
568,4,69667e1b1397453f,2.502697,17.005915,0,13819,1,0,0,0,0,0,0,0,0,0,0,0,0,0
569,4,31aafedf41363240,1.882064,19.749694,1,13991,1,1,0,0,1,0,0,0,0,0,0,0,0,1
570,4,1248f4863631349e,1.413924,20.0,1,13792,1,1,0,0,1,0,0,0,0,0,0,0,0,1
571,4,e66bfaff174baa05,1.062228,19.852535,1,13979,1,1,0,0,1,0,0,0,0,0,0,0,0,0
572,4,edfa4b8c5f997aa8,1.841666,18.393312,1,14056,1,0,0,0,0,0,0,0,0,0,0,0,0,1
573,4,183b23ba381cb410,1.384959,17.312534,1,14210,1,1,0,0,1,0,0,0,0,0,0,0,0,0
574,4,a654a6f3e09d4224,1.040468,16.485104,1,14060,1,1,0,0,0,0,0,0,0,0,0,0,0,1
575,4,7bd1371ce49ed3b3,1.825318,15.863487,1,14149,1,0,0,0,1,0,0,0,0,0,0,0,0,0
576,4,1a9eac48b18ea6f2,1.372665,18.890572,1,14181,1,1,0,0,1,0,0,0,0,0,0,0,0,1
577,4,afbc118d2c387c1b,2.074885,17.670625,1,14168,1,0,0,0,0,0,0,0,0,0,0,0,0,1
578,4,517524cfd323ab0a,1.558784,16.754124,1,14153,1,1,0,0,1,0,0,0,0,0,0,0,0,0
579,4,b168a66aeb05a8c4,2.214709,19.544436,1,14097,2,1,0,0,1,0,0,0,0,0,0,0,0,1
580,4,19442847d8723f83,1.665493,18.178196,1,14156,1,1,0,0,0,0,0,0,0,0,0,0,0,1
581,4,dfeaf5dec4639bfe,2.294876,20.0,1,14251,1,0,0,0,1,0,0,0,0,0,0,0,0,1
582,4,1be5edcc106663e2,1.724055,20.0,1,13997,1,1,0,0,1,0,0,0,0,0,0,0,0,1
583,4,44eed27f0e7412ed,2.340664,16.878534,0,14118,1,0,0,0,0,0,0,0,0,0,0,0,0,0
584,4,009ec6ba75219449,1.758453,19.637901,1,14102,1,1,0,0,1,0,0,0,0,0,0,0,0,1
585,4,14ad59d06d988e32,1.32106,20.0,1,14223,1,1,0,0,1,0,0,0,0,0,0,0,0,1
586,4,c855a3c4686e2e93,0.992463,19.789439,1,14442,1,1,0,0,1,0,0,0,0,0,0,0,0,0
587,4,7112d9c908ce15cc,1.790497,18.362442,1,14568,1,0,0,0,0,0,0,0,0,0,0,0,0,1
588,4,f76c7cb22f0a6037,2.388787,20.0,1,15062,2,1,0,0,1,0,0,0,0,0,0,0,0,1
589,4,ac742b16d2a9aeae,1.794606,20.0,1,15247,1,1,0,0,1,0,0,0,0,0,0,0,0,1
590,4,7a86842f47f133f8,2.39372,20.0,1,15900,1,0,0,0,0,0,0,0,0,0,0,0,0,1
591,4,a6447c0919a4cc5d,2.841966,20.0,1,16016,2,1,0,0,1,0,0,0,0,0,0,0,0,1
592,4,1e6f56d56ab89b06,2.135063,20.0,1,15601,1,1,0,0,1,0,0,0,0,0,0,0,0,0
593,4,5d6676a1c77005c8,1.603993,20.0,1,15175,1,1,0,0,1,0,0,0,0,0,0,0,0,1
594,4,0e17445746c26cb8,2.250376,20.0,1,14801,2,1,0,0,1,0,0,0,0,0,0,0,0,1
595,4,5402d04b156d87ae,1.690623,20.0,1,14333,1,1,0,0,1,0,0,0,0,0,0,0,0,1
596,4,5207fbbd68206e9b,2.313755,18.562819,0,14445,1,0,0,0,0,0,0,0,0,0,0,0,0,0
597,4,180e133c2094f5e1,1.739977,20.0,1,14331,1,1,0,0,1,0,0,0,0,0,0,0,0,1
598,4,c67996e8829176ef,1.30718,20.0,1,13907,1,1,0,0,1,0,0,0,0,0,0,0,0,1
599,4,06d835ea94cf23d8,0.982035,20.0,1,13758,1,1,0,0,1,0,0,0,0,0,0,0,0,0
600,4,6f9cd722da694944,0.737766,20.0,1,13896,1,1,0,0,1,0,0,0,0,0,0,0,0,1
601,4,187d8a592e6d61af,1.598961,16.8215,0,13762,1,0,0,0,0,0,0,0,0,0,0,0,0,0
602,4,316c45fa0546c013,1.20124,19.595053,1,13988,1,1,0,0,1,0,0,0,0,0,0,0,0,1
603,4,30330b2b58e99852,1.9461,20.0,1,13913,2,1,0,0,1,0,0,0,0,0,0,0,0,1
604,4,6089b7909a575483,1.463495,19.783208,1,13592,1,1,0,0,1,0,0,0,0,0,0,0,0,0
605,4,7e4a538b1351cd5c,1.099469,14.862385,0,13839,0,0,0,0,0,0,0,0,0,0,0,0,0,0
606,4,b19fc9d87015fd9b,1.869643,18.123243,1,14027,2,1,0,0,1,0,0,0,0,0,0,0,0,1
607,4,02631a96a5f447dd,1.404593,17.09416,1,13939,1,1,0,0,0,0,0,0,0,0,0,0,0,1
608,4,2d621b38f1f1e628,2.100425,19.816055,1,13946,1,0,0,0,1,0,0,0,0,0,0,0,0,1
609,4,1c0027cb45dd9a9f,1.57797,18.365906,1,13854,1,1,0,0,1,0,0,0,0,0,0,0,0,0
610,4,c1309d5b32e66550,2.229124,17.276463,1,13938,2,1,0,0,0,0,0,0,0,0,0,0,0,1
611,4,f70aa48624218431,2.720483,19.95315,1,13775,1,0,0,0,1,0,0,0,0,0,0,0,0,1
612,4,c6490505e1a00d57,2.043797,20.0,1,13859,1,1,0,0,1,0,0,0,0,0,0,0,0,1
613,4,2ca9c0e5be517762,1.535429,20.0,1,13983,1,1,0,0,1,0,0,0,0,0,0,0,0,1
614,4,9662583bc6f89587,1.15351,17.61426,0,13900,1,1,0,0,0,0,0,0,0,0,0,0,0,0
615,4,1de0ec9d6fc610a4,2.955757,20.0,1,13807,2,0,0,0,1,0,0,0,0,0,0,0,0,1
616,4,b80081af44ec3145,2.22055,20.0,1,13834,1,1,0,0,1,0,0,0,0,0,0,0,0,1
617,4,e487943b493e1ef5,1.668216,20.0,1,14276,1,1,0,0,1,0,0,0,0,0,0,0,0,1
618,4,1be5a1685acdfcb6,2.298673,20.0,1,13816,1,0,0,0,0,0,0,0,0,0,0,0,0,1
619,4,3c4eef2739102861,1.726907,19.42079,1,14108,1,1,0,0,1,0,0,0,0,0,0,0,0,0
620,4,8ff42e3f85a1b2a7,1.297361,20.0,1,14210,1,1,0,0,1,0,0,0,0,0,0,0,0,1
621,4,7738f12598fe824a,2.018312,19.666903,1,14009,1,0,0,0,0,0,0,0,0,0,0,0,0,1
622,4,25de77414fde59fb,2.56195,18.270293,1,14041,2,1,0,0,1,0,0,0,0,0,0,0,0,0
623,4,aefa51464fdcf2c2,1.924697,20.0,1,13907,1,1,0,0,1,0,0,0,0,0,0,0,0,1
624,4,10120f0c2b447fcc,1.445953,20.0,1,13978,1,1,0,0,1,0,0,0,0,0,0,0,0,1
625,4,83e6173eaf0850de,2.131528,16.917623,0,13996,1,0,0,0,0,0,0,0,0,0,0,0,0,0
626,4,c6a1a2bf8bc1992e,1.601337,19.667267,1,14202,1,1,0,0,1,0,0,0,0,0,0,0,0,1
627,4,ef4f9ca5699847b3,2.246678,20.0,1,14077,2,1,0,0,1,0,0,0,0,0,0,0,0,1
628,4,488c4fa795940294,1.687845,20.0,1,14100,1,1,0,0,1,0,0,0,0,0,0,0,0,1
629,4,1d7c9f952cf8e7bc,1.269284,20.0,1,14099,1,1,0,0,1,0,0,0,0,0,0,0,0,0
630,4,ecaaa042547538e9,0.953565,20.0,1,14152,1,1,0,0,1,0,0,0,0,0,0,0,0,1
631,4,438ec593daaf0a11,1.760031,20.0,1,14222,1,0,0,0,0,0,0,0,0,0,0,0,0,1
632,4,dd3812bd685e8ab1,1.323569,18.936763,1,14242,1,1,0,0,1,0,0,0,0,0,0,0,0,0
633,4,25eca3e95aeaafdd,0.994348,20.0,1,14653,1,1,0,0,1,0,0,0,0,0,0,0,0,1
634,4,c7629cf67a34644f,0.747016,19.39372,1,14680,1,1,0,0,1,0,0,0,0,0,0,0,0,0
635,4,44a3f08b542035fe,1.604859,18.048621,1,14622,1,0,0,0,0,0,0,0,0,0,0,0,0,1
636,4,35ea230359ce6e74,1.206877,20.0,1,14520,1,1,0,0,1,0,0,0,0,0,0,0,0,1
637,4,c03e991bc3014062,2.993988,18.905139,1,14454,2,0,0,0,0,0,0,0,0,0,0,0,0,1
638,4,4c224360d6b4fac7,2.249271,20.0,1,14334,1,1,0,0,1,0,0,0,0,0,0,0,0,1
639,4,2a1300615500f8f0,1.691484,19.393434,1,14291,1,1,0,0,1,0,0,0,0,0,0,0,0,0
640,4,d778b3bf121f7f93,1.270749,20.0,1,14206,1,1,0,0,1,0,0,0,0,0,0,0,0,1
641,4,d1d31cd560fb83ba,0.954666,19.651463,1,14293,1,1,0,0,0,0,0,0,0,0,0,0,0,1
642,4,fe0a6a22cf922f62,1.760858,18.242254,1,14261,1,0,0,0,1,0,0,0,0,0,0,0,0,0
643,4,0743baf04dc1e84c,1.324191,20.0,1,14189,1,1,0,0,1,0,0,0,0,0,0,0,0,1
644,4,a2b3841f317e0ed9,0.994815,19.014534,1,14262,1,1,0,0,1,0,0,0,0,0,0,0,0,0
645,4,79d4b3a5f3fb13ad,0.747367,20.0,1,14359,1,1,0,0,1,0,0,0,0,0,0,0,0,1
646,4,9e918b956af1d800,0.562031,19.455238,1,14321,1,1,0,0,1,0,0,0,0,0,0,0,0,0
647,4,c9aa0cddae32b60a,2.509539,18.094837,1,14404,2,0,0,0,0,0,0,0,0,0,0,0,0,1
648,4,7e9217f38b61f9ab,1.885323,20.0,1,14203,1,1,0,0,1,0,0,0,0,0,0,0,0,1
649,4,a2461f972d66e26c,1.416373,20.0,1,14357,1,1,0,0,1,0,0,0,0,0,0,0,0,1
650,4,55ae9a522f64ea09,2.109283,20.0,1,14234,2,1,0,0,1,0,0,0,0,0,0,0,0,1
651,4,0b12a9038c7148db,2.628279,20.0,1,14230,1,0,0,0,0,0,0,0,0,0,0,0,0,1
652,4,0c2393146932da01,1.974528,20.0,1,14149,1,1,0,0,1,0,0,0,0,0,0,0,0,1
653,4,c4654de6f03ad9b5,1.484873,20.0,1,14058,1,1,0,0,1,0,0,0,0,0,0,0,0,0
654,4,e1d0b48865509dbb,2.159183,20.0,1,14200,2,1,0,0,1,0,0,0,0,0,0,0,0,1
655,4,de2c6b09cdbe798d,2.665767,20.0,1,14015,1,0,0,0,0,0,0,0,0,0,0,0,0,1
656,4,e7d12afbe59da3b3,2.002691,18.830796,1,14119,1,1,0,0,1,0,0,0,0,0,0,0,0,0
657,4,142ffd0b06683100,1.506052,20.0,1,13914,1,1,0,0,1,0,0,0,0,0,0,0,0,1
658,4,a1ffb37832f91d93,1.131441,19.347036,1,14119,1,1,0,0,1,0,0,0,0,0,0,0,0,0
659,4,fa4aea0bcc26395b,0.850009,20.0,1,14076,1,1,0,0,1,0,0,0,0,0,0,0,0,1
660,4,dd2ab908826c23c9,1.683369,16.162587,0,14028,1,0,0,0,0,0,0,0,0,0,0,0,0,0
661,4,c84e18bd26b42ca8,2.308306,19.100036,1,14075,2,1,0,0,1,0,0,0,0,0,0,0,0,1
662,4,7ad930acffbf2a0b,1.734144,20.0,1,13928,1,1,0,0,1,0,0,0,0,0,0,0,0,1
663,4,2b6190439d926504,1.302797,20.0,1,14086,1,1,0,0,1,0,0,0,0,0,0,0,0,1
664,4,cb542e70e9c6ce3b,0.979722,17.269793,0,13933,1,1,0,0,0,0,0,0,0,0,0,0,0,0
665,4,10f1b8c6b981f5bb,1.779682,19.931839,1,13793,1,0,0,0,1,0,0,0,0,0,0,0,0,1
666,4,75317a2a18a41db6,1.337009,20.0,1,14093,1,1,0,0,1,0,0,0,0,0,0,0,0,1
667,4,79f7ae9945d4bb6a,2.0496,19.973479,1,13783,1,0,0,0,0,0,0,0,0,0,0,0,0,1
668,4,024d7b4874df5d11,1.539788,18.484173,1,13925,1,1,0,0,1,0,0,0,0,0,0,0,0,0
669,4,4e8dba163a883817,3.244092,17.365312,1,13703,2,0,0,0,0,0,0,0,0,0,0,0,0,1
670,4,52e5905d90cce011,2.437165,20.0,1,13875,1,1,0,0,1,0,0,0,0,0,0,0,0,1
671,4,955d3de672293050,2.876933,18.523493,1,13719,1,0,0,0,0,0,0,0,0,0,0,0,0,1
672,4,30056878f416e827,2.161332,17.394853,1,13620,1,1,0,0,1,0,0,0,0,0,0,0,0,0
673,4,23d3497c62cac1f8,1.623728,16.546947,1,13538,1,1,0,0,0,0,0,0,0,0,0,0,0,1
674,4,c49704343758a69e,2.265217,15.924042,1,13478,1,0,0,0,1,0,0,0,0,0,0,0,0,0
675,4,639c48946ff4ad0a,1.701773,18.920826,1,13942,1,1,0,0,1,0,0,0,0,0,0,0,0,1
676,4,fb4cf81785322ad1,2.322132,17.693354,1,13961,1,0,0,0,0,0,0,0,0,0,0,0,0,1
677,4,d07a2c88bca4605d,2.788184,20.0,1,13743,2,1,0,0,1,0,0,0,0,0,0,0,0,1
678,4,30291ff98a96dd4b,2.096754,18.708824,1,13877,1,1,0,0,1,0,0,0,0,0,0,0,0,0
679,4,2ffc9bcb7830f831,2.618866,17.534084,1,13871,1,0,0,0,0,0,0,0,0,0,0,0,0,1
680,4,8a5d3b57b6a7cb47,1.967456,16.651547,1,13677,1,1,0,0,1,0,0,0,0,0,0,0,0,0
681,4,cfba5e6e807cfdb6,1.479555,19.483204,1,13667,1,1,0,0,1,0,0,0,0,0,0,0,0,1
682,4,674eb2e96822c1ba,1.111535,18.115847,1,13732,1,1,0,0,1,0,0,0,0,0,0,0,0,0
683,4,48924460a636a1e1,0.835054,20.0,1,13413,1,1,0,0,1,0,0,0,0,0,0,0,0,1
684,4,0791be12e5377df7,1.670998,15.451555,0,13645,1,0,0,0,0,0,0,0,0,0,0,0,0,0
685,4,d4d36697ec2b20be,1.256615,18.580793,1,14520,1,1,0,0,1,0,0,0,0,0,0,0,0,1
686,4,fa2abc17ecf473ac,1.987701,20.0,1,14497,2,1,0,0,1,0,0,0,0,0,0,0,0,1
687,4,9610159cb10a9d55,1.493285,20.0,1,15867,1,1,0,0,1,0,0,0,0,0,0,0,0,1
688,4,a52f88e5a62fd65c,2.167122,17.049409,0,15849,1,0,0,0,0,0,0,0,0,0,0,0,0,0
689,4,c3751d5fe200ae11,1.628078,19.766273,1,15410,1,1,0,0,1,0,0,0,0,0,0,0,0,1
690,4,2286203a8f1b1045,1.223114,18.328506,1,15276,1,1,0,0,1,0,0,0,0,0,0,0,0,0
691,4,bf26609ef46a79c6,0.91888,20.0,1,15342,1,1,0,0,1,0,0,0,0,0,0,0,0,1
692,4,9acc84888186159e,0.691011,19.06766,1,15595,1,1,0,0,0,0,0,0,0,0,0,0,0,1
693,4,77f01df309ab4aaa,1.562784,17.803664,1,16231,1,0,0,0,1,0,0,0,0,0,0,0,0,0
694,4,33cea68e76edcc1a,1.174061,20.0,1,16085,1,1,0,0,1,0,0,0,0,0,0,0,0,1
695,4,396a30289d2fe100,0.882911,20.0,1,16253,1,1,0,0,1,0,0,0,0,0,0,0,0,1
696,4,dfd7957e55dddb79,2.750605,20.0,1,16272,2,0,0,0,0,0,0,0,0,0,0,0,0,1
697,4,95945afed2dc0c09,2.066426,20.0,1,16303,1,1,0,0,1,0,0,0,0,0,0,0,0,1
698,4,c29704b5f2181dfd,2.596082,16.6254,0,16475,1,0,0,0,0,0,0,0,0,0,0,0,0,0
699,4,e446f563ff2b8984,2.996441,19.463541,1,14781,2,1,0,0,1,0,0,0,0,0,0,0,0,1
700,4,750482a1d9b0eab7,3.294768,18.101075,1,12837,1,0,0,0,0,0,0,0,0,0,0,0,0,1
701,4,16a3ce282859afd3,2.475236,20.0,1,12906,1,1,0,0,1,0,0,0,0,0,0,0,0,1
702,4,b63741b80fd0742f,1.861413,18.93917,1,12923,1,1,0,0,1,0,0,0,0,0,0,0,0,0
703,4,d739318a83d6ba93,3.485716,17.707135,1,12836,2,0,0,0,0,0,0,0,0,0,0,0,0,1
704,4,0cb4de193661f096,2.618688,20.0,1,12451,1,1,0,0,1,0,0,0,0,0,0,0,0,1
705,4,62358038adf3ed80,1.967323,18.699724,1,12938,1,1,0,0,1,0,0,0,0,0,0,0,0,0
706,4,13c48ca78da2b357,1.479455,20.0,1,12453,1,1,0,0,1,0,0,0,0,0,0,0,0,1
707,4,631079a60bf523a6,2.155112,19.272986,1,12496,1,0,0,0,0,0,0,0,0,0,0,0,0,1
708,4,2050d881cfd9f6a8,1.619055,17.957918,1,12563,1,1,0,0,1,0,0,0,0,0,0,0,0,0
709,4,4d67443b0a36e651,1.217553,20.0,1,12672,1,1,0,0,1,0,0,0,0,0,0,0,0,1
710,4,ee678bc073b2b53d,0.914702,18.853895,1,13012,1,1,0,0,1,0,0,0,0,0,0,0,0,0
711,4,4bb3764c3f56a0fc,0.687181,17.643071,1,13736,1,1,0,0,0,0,0,0,0,0,0,0,0,1
712,4,a175e05778fe7cac,1.559907,20.0,1,13481,1,0,0,0,1,0,0,0,0,0,0,0,0,1
713,4,485d24eaaf8e2ba1,1.173072,18.680416,1,13439,1,1,0,0,1,0,0,0,0,0,0,0,0,0
714,4,9fa6fff6d89b8ed8,0.881285,20.0,1,13626,1,1,0,0,1,0,0,0,0,0,0,0,0,1
715,4,f1598bffbcdb8383,0.662077,20.0,1,13746,1,1,0,0,1,0,0,0,0,0,0,0,0,1
716,4,2da62111065ffd6c,1.542042,17.091693,0,13701,1,0,0,0,0,0,0,0,0,0,0,0,0,0
717,4,4c1d6616e064cb10,1.158478,19.798039,1,13594,1,1,0,0,1,0,0,0,0,0,0,0,0,1
718,4,8d2be6ec5c406c8a,0.870321,18.352371,1,13685,1,1,0,0,1,0,0,0,0,0,0,0,0,0
719,4,740d07da5c57ae9d,1.697493,20.0,1,13842,2,1,0,0,1,0,0,0,0,0,0,0,0,1
720,4,625bd6d21d910020,2.32069,19.081142,1,13629,1,0,0,0,0,0,0,0,0,0,0,0,0,1
721,4,0e10053e94a199fd,1.743447,17.813793,1,13877,1,1,0,0,1,0,0,0,0,0,0,0,0,0
722,4,48f5c6e6cda26ef6,1.309787,20.0,1,13882,1,1,0,0,1,0,0,0,0,0,0,0,0,1
723,4,8bc086cc5d8e273f,0.984978,18.776867,1,14135,1,1,0,0,0,0,0,0,0,0,0,0,0,1
724,4,9b0f9b904b38f365,1.783631,17.585203,1,13836,1,0,0,0,1,0,0,0,0,0,0,0,0,0
725,4,ad3c2a6a71b96fad,1.339975,20.0,1,13932,1,1,0,0,1,0,0,0,0,0,0,0,0,1
726,4,cdf85bc725a80217,2.050327,15.152061,0,14114,1,0,0,0,0,0,0,0,0,0,0,0,0,0
727,4,999738b60f03f56d,1.541875,18.35557,1,14092,1,1,0,0,1,0,0,0,0,0,0,0,0,1
728,4,6ca3f61cae6c1fc3,1.158353,17.268698,1,14123,1,1,0,0,1,0,0,0,0,0,0,0,0,0
729,5,1fd48474a6be9a50,1.913881,16.452172,1,14025,1,0,0,0,0,0,0,0,0,0,0,0,0,1
730,5,0b198662efcfc49a,1.439265,15.852769,1,14227,1,1,0,0,1,0,0,0,0,0,0,0,0,0
731,5,fcbdd03152747088,2.12492,15.388437,1,14254,1,0,0,0,0,0,0,0,0,0,0,0,0,1
732,5,c7b8a2a9fab59ea4,1.596373,18.518447,1,14313,1,1,0,0,1,0,0,0,0,0,0,0,0,1
733,5,241e6acbb414e8f5,1.199295,17.391061,1,14250,1,1,0,0,1,0,0,0,0,0,0,0,0,0
734,5,fc64a472a0076c97,1.946038,16.558828,1,13977,1,0,0,0,0,0,0,0,0,0,0,0,0,1
735,5,1e870741cfb1004d,1.461985,15.918873,1,14144,1,1,0,0,1,0,0,0,0,0,0,0,0,0
736,5,bf57db00a494f005,2.141988,18.916943,1,14160,2,1,0,0,1,0,0,0,0,0,0,0,0,1
737,5,b9cebc1ba6e23f90,1.610806,17.706313,1,13979,1,1,0,0,0,0,0,0,0,0,0,0,0,1
738,5,e665c14bbc29de1b,2.253791,20.0,1,14276,1,0,0,0,1,0,0,0,0,0,0,0,0,1
739,5,e769dc1986223560,1.693189,18.69926,1,14150,1,1,0,0,1,0,0,0,0,0,0,0,0,0
740,5,1dc6f86b0f28f527,1.27203,20.0,1,14134,1,1,0,0,1,0,0,0,0,0,0,0,0,1
741,5,83171efae161e4f9,2.000735,15.796619,0,14165,1,0,0,0,0,0,0,0,0,0,0,0,0,0
742,5,d0f092e334d1b579,1.503077,18.825098,1,13983,1,1,0,0,1,0,0,0,0,0,0,0,0,1
743,5,3c72e9f66e532470,1.129206,17.621437,1,14067,1,1,0,0,1,0,0,0,0,0,0,0,0,0
744,5,1fdd04fc4bd3a35e,0.849179,20.0,1,14038,1,1,0,0,1,0,0,0,0,0,0,0,0,1
745,5,1ea3379f3547fd92,1.68161,18.663797,1,13966,2,1,0,0,0,0,0,0,0,0,0,0,0,1
746,5,f2433026cfae9a47,2.306984,17.500257,1,14204,1,0,0,0,1,0,0,0,0,0,0,0,0,0
747,5,d0cc26dd4ca1a8f2,1.733151,20.0,1,13988,1,1,0,0,1,0,0,0,0,0,0,0,0,1
748,5,38a3c7ee0e61cf29,1.303354,20.0,1,13920,1,1,0,0,1,0,0,0,0,0,0,0,0,1
749,5,e64373de38c1d3e1,0.979161,20.0,1,13934,1,1,0,0,1,0,0,0,0,0,0,0,0,0
750,5,7addd6445d78c1a4,2.822914,18.554355,1,13791,2,0,0,0,0,0,0,0,0,0,0,0,0,1
751,5,32a2c7ad3446fe7a,2.122872,20.0,1,13679,1,1,0,0,1,0,0,0,0,0,0,0,0,1
752,5,c2ddba3954d1d184,1.594834,20.0,1,13938,1,1,0,0,1,0,0,0,0,0,0,0,0,1
753,5,6665faed5439f816,2.241793,17.0309,0,13893,1,0,0,0,0,0,0,0,0,0,0,0,0,0
754,5,e2ced52540714a46,1.684175,19.752368,1,13847,1,1,0,0,1,0,0,0,0,0,0,0,0,1
755,5,609fe1b042bd7177,1.266524,18.334564,1,13841,1,1,0,0,1,0,0,0,0,0,0,0,0,0
756,5,a841332a0fc6c3b7,0.951492,20.0,1,13833,1,1,0,0,1,0,0,0,0,0,0,0,0,1
757,5,55f4672a66ea5f47,0.71482,19.053842,1,14039,1,1,0,0,0,0,0,0,0,0,0,0,0,1
758,5,c0bd9a34ec0d85ea,1.581705,17.809262,1,13854,1,0,0,0,1,0,0,0,0,0,0,0,0,0
759,5,aabefe6d1a5d48da,1.188276,20.0,1,13580,1,1,0,0,1,0,0,0,0,0,0,0,0,1
760,5,3a430dc208632016,0.892707,20.0,1,13904,1,1,0,0,1,0,0,0,0,0,0,0,0,1
761,5,80aa2168e796d8f4,0.670658,20.0,1,13936,1,1,0,0,1,0,0,0,0,0,0,0,0,0
762,5,f7ccb287b0e2aba7,2.592645,18.659215,1,13905,2,0,0,0,0,0,0,0,0,0,0,0,0,1
763,5,2112fa62c82cb6c3,1.947757,20.0,1,13873,1,1,0,0,1,0,0,0,0,0,0,0,0,1
764,5,542d2ce96e80afc1,1.463277,19.237074,1,13976,1,1,0,0,0,0,0,0,0,0,0,0,0,1
765,5,6e60a9a40289d397,2.144556,20.0,1,13820,1,0,0,0,1,0,0,0,0,0,0,0,0,1
766,5,0d28e31d51bf6ee7,1.611125,19.576567,1,13786,1,1,0,0,1,0,0,0,0,0,0,0,0,0
767,5,1cc2b0b192026c8b,2.254031,18.185987,1,13857,1,0,0,0,0,0,0,0,0,0,0,0,0,1
768,5,1248b02762c2799a,1.693369,17.141297,1,13938,1,1,0,0,1,0,0,0,0,0,0,0,0,0
769,5,3686db50da6353c5,1.273438,19.851503,1,13934,1,1,0,0,1,0,0,0,0,0,0,0,0,1
770,5,e035fc84ec3404e2,2.00034,20.0,1,13916,2,1,0,0,1,0,0,0,0,0,0,0,0,1
771,5,157b0ea5e8fa7158,2.546434,16.431151,0,13974,1,0,0,0,0,0,0,0,0,0,0,0,0,0
772,5,539ee40c6a436cb8,1.914954,19.317463,1,13995,1,1,0,0,1,0,0,0,0,0,0,0,0,1
773,5,f1431c1d3b5b4a13,1.438634,20.0,1,13779,1,1,0,0,1,0,0,0,0,0,0,0,0,1
774,5,529a476d56d02d3c,2.124445,19.608586,1,14010,1,0,0,0,0,0,0,0,0,0,0,0,0,1
775,5,e44d53cd28369cf0,2.63967,20.0,1,13970,2,1,0,0,1,0,0,0,0,0,0,0,0,1
776,5,c0e9eb49c78dd6ab,1.985069,20.0,1,13996,1,1,0,0,1,0,0,0,0,0,0,0,0,1
777,5,160c1c2a0cb68eb9,1.491308,17.482899,0,13854,1,1,0,0,0,0,0,0,0,0,0,0,0,0
778,5,0775de16a4b087ae,2.164017,20.0,1,14121,1,0,0,0,1,0,0,0,0,0,0,0,0,1
779,5,eec2e7a672a21972,1.627372,18.589925,1,13870,1,1,0,0,1,0,0,0,0,0,0,0,0,0
780,5,ae0f5ef2fc925281,2.266237,20.0,1,14110,2,1,0,0,1,0,0,0,0,0,0,0,0,1
781,5,d0b7f5f1d2560178,2.746193,19.197967,1,13691,1,0,0,0,0,0,0,0,0,0,0,0,0,1
782,5,c7e4bd455cd673fe,2.063112,17.901559,1,14156,1,1,0,0,1,0,0,0,0,0,0,0,0,0
783,5,77169d77326655b9,1.551489,20.0,1,14029,1,1,0,0,1,0,0,0,0,0,0,0,0,1
784,5,b9d20f291968a45d,1.165576,18.822055,1,14067,1,1,0,0,1,0,0,0,0,0,0,0,0,0
785,5,adc90bd1255ad241,0.875654,17.61915,1,14926,1,1,0,0,0,0,0,0,0,0,0,0,0,1
786,5,576aae91b285657f,1.702655,20.0,1,14548,1,0,0,0,1,0,0,0,0,0,0,0,0,1
787,5,dbadb92ac3e2cee5,1.279141,18.662505,1,14603,1,1,0,0,1,0,0,0,0,0,0,0,0,0
788,5,bb3d89efab255103,0.960971,20.0,1,14635,1,1,0,0,1,0,0,0,0,0,0,0,0,1
789,5,9740d13f8731b6e1,0.721941,20.0,1,14576,1,1,0,0,1,0,0,0,0,0,0,0,0,1
790,5,39692882905a05b1,1.587061,17.084091,0,16442,1,0,0,0,0,0,0,0,0,0,0,0,0,0
791,5,3aaeb56a31202773,1.192299,19.792328,1,16750,1,1,0,0,1,0,0,0,0,0,0,0,0,1
792,5,e709e86288057055,0.89573,18.34808,1,16450,1,1,0,0,1,0,0,0,0,0,0,0,0,0
793,5,529f5479aae895ad,2.761903,17.27852,1,16542,2,0,0,0,0,0,0,0,0,0,0,0,0,1
794,5,7ef4f9a3a1505ee0,2.074914,19.938395,1,16434,1,1,0,0,1,0,0,0,0,0,0,0,0,1
795,5,a382cf87bb47fdb6,1.558805,18.457815,1,16425,1,1,0,0,0,0,0,0,0,0,0,0,0,1
796,5,52668a86cc87f44e,2.214726,17.345511,1,16800,1,0,0,0,1,0,0,0,0,0,0,0,0,0
797,5,ee5eef50fdf0286a,2.709656,20.0,1,16598,2,1,0,0,1,0,0,0,0,0,0,0,0,1
798,5,7d58adde86797110,2.035663,20.0,1,16381,1,1,0,0,1,0,0,0,0,0,0,0,0,1
799,5,2011b61efc5a5757,3.616624,19.996671,1,16054,2,0,0,0,0,0,0,0,0,0,0,0,0,1
800,5,c095cc0b0fa11b67,2.719753,20.0,1,15949,1,1,0,0,1,0,0,0,0,0,0,0,0,1
801,5,ce7490b9ec87b1a7,2.043249,20.0,1,15972,1,1,0,0,1,0,0,0,0,0,0,0,0,1
802,5,13613556daf4bfac,2.57867,20.0,1,14272,2,1,0,0,1,0,0,0,0,0,0,0,0,1
803,5,fcbad5985cd4064e,2.980912,20.0,1,13412,1,0,0,0,0,0,0,0,0,0,0,0,0,1
804,5,d508b511ee35bcb3,3.285838,20.0,1,13761,2,1,0,0,1,0,0,0,0,0,0,0,0,1
805,5,1c851220fa0ae426,2.468528,20.0,1,13785,1,1,0,0,1,0,0,0,0,0,0,0,0,1
806,5,e1129f63346360b2,1.854513,20.0,1,13990,1,1,0,0,1,0,0,0,0,0,0,0,0,1
807,5,556ed9517859a9c2,1.39462,20.0,1,13757,1,1,0,0,1,0,0,0,0,0,0,0,0,0
808,5,3f899ce4b1aad016,2.091379,20.0,1,13821,1,0,0,0,0,0,0,0,0,0,0,0,0,1
809,5,3b2851dcd8e63a60,1.571175,18.851901,1,13972,1,1,0,0,1,0,0,0,0,0,0,0,0,0
810,5,8d9fd0ebb40c57ea,2.224018,20.0,1,13798,2,1,0,0,1,0,0,0,0,0,0,0,0,1
811,5,fa1a3c0cf96d736f,2.716644,19.363357,1,13846,1,0,0,0,0,0,0,0,0,0,0,0,0,1
812,5,c448fc9ee5d2eac5,2.040913,18.025811,1,13961,1,1,0,0,1,0,0,0,0,0,0,0,0,0
813,5,8e3d8841c1a2f902,1.533262,20.0,1,13871,1,1,0,0,1,0,0,0,0,0,0,0,0,1
814,5,47c16d6ed2b178b1,1.153035,18.896649,1,13857,1,1,0,0,1,0,0,0,0,0,0,0,0,0
815,5,30be458cf4a7a2a3,1.909885,17.67519,1,13707,1,0,0,0,0,0,0,0,0,0,0,0,0,1
816,5,5fba09fbf0370b0c,1.434825,20.0,1,13692,1,1,0,0,1,0,0,0,0,0,0,0,0,1
817,5,38d3f08622b338ad,1.077931,18.681694,1,13972,1,1,0,0,1,0,0,0,0,0,0,0,0,0
818,5,38315c7e3d1e08e2,1.85477,17.529402,1,13936,1,0,0,0,0,0,0,0,0,0,0,0,0,1
819,5,43d0deb568b37ea4,1.393419,20.0,1,13658,1,1,0,0,1,0,0,0,0,0,0,0,0,1
820,5,aaea2b3e7166735b,2.090477,15.120568,0,13955,1,0,0,0,0,0,0,0,0,0,0,0,0,0
821,5,1c7c2966277b9a71,1.572069,18.331886,1,13778,1,1,0,0,1,0,0,0,0,0,0,0,0,1
822,5,39353d3a0b03db8c,1.181036,17.250905,1,13951,1,1,0,0,1,0,0,0,0,0,0,0,0,0
823,5,fe568f1b22239526,0.887268,16.438805,1,13859,1,1,0,0,0,0,0,0,0,0,0,0,0,1
824,5,4c091a8c97ae94ac,1.710225,15.828704,1,13799,1,0,0,0,1,0,0,0,0,0,0,0,0,0
825,5,d1d307a710dd2d2d,1.286114,18.864414,1,13833,1,1,0,0,1,0,0,0,0,0,0,0,0,1
826,5,9ee64fd2edb01cac,0.966209,17.650974,1,13815,1,1,0,0,0,0,0,0,0,0,0,0,0,1
827,5,821dd8e31dbbcc9c,2.813183,20.0,1,13763,2,0,0,0,1,0,0,0,0,0,0,0,0,1
828,5,d18aff46a2dc9d0f,2.115554,20.0,1,13909,1,1,0,0,1,0,0,0,0,0,0,0,0,1
829,5,fb7d9507bfa3cddf,2.63299,16.652023,0,13844,1,0,0,0,0,0,0,0,0,0,0,0,0,0
830,5,a3adb98114f057e8,1.978067,19.467732,1,13830,1,1,0,0,1,0,0,0,0,0,0,0,0,1
831,5,8df7fa189a1f4d10,2.529701,20.0,1,13743,2,1,0,0,1,0,0,0,0,0,0,0,0,1
832,5,8e3d3d46f6519723,1.902371,20.0,1,13844,1,1,0,0,1,0,0,0,0,0,0,0,0,1
833,5,4d2da6423d28e929,2.472834,20.0,1,13962,1,0,0,0,0,0,0,0,0,0,0,0,0,1
834,5,dd4e5a728def20b6,1.857748,19.181706,1,13842,1,1,0,0,1,0,0,0,0,0,0,0,0,0
835,5,cfbf5a97cda05271,2.441203,20.0,1,13962,2,1,0,0,1,0,0,0,0,0,0,0,0,1
836,5,d0c052314d0ec9de,1.833985,20.0,1,14073,1,1,0,0,1,0,0,0,0,0,0,0,0,1
837,5,ab9da6374398e073,2.421457,20.0,1,14187,1,0,0,0,0,0,0,0,0,0,0,0,0,1
838,5,8f092694f748b679,1.81915,19.087087,1,13997,1,1,0,0,1,0,0,0,0,0,0,0,0,0
839,5,efe945c6a817b984,1.368027,20.0,1,14000,1,1,0,0,1,0,0,0,0,0,0,0,0,1
840,5,aef5056432d9d676,1.027748,16.012986,0,14082,1,1,0,0,0,0,0,0,0,0,0,0,0,0
841,5,1c9dd1997d1fa2c3,1.815762,18.987647,1,13957,1,0,0,0,1,0,0,0,0,0,0,0,0,1
842,5,a20159f79dc9e8b7,1.365479,20.0,1,14668,1,1,0,0,1,0,0,0,0,0,0,0,0,1
843,5,681054551c56a853,1.025833,19.435651,1,14564,1,1,0,0,1,0,0,0,0,0,0,0,0,0
844,5,17112fe2f8b229f5,0.77067,20.0,1,14747,1,1,0,0,1,0,0,0,0,0,0,0,0,1
845,5,f871ba40b736908a,2.666282,19.67529,1,16325,2,0,0,0,0,0,0,0,0,0,0,0,0,1
846,5,17281f542528a8a3,2.005082,18.276601,1,16322,1,1,0,0,1,0,0,0,0,0,0,0,0,0
847,5,89c909b38887c578,1.506343,20.0,1,16012,1,1,0,0,1,0,0,0,0,0,0,0,0,1
848,5,c5f97fc01069f3ab,1.131659,20.0,1,15938,1,1,0,0,1,0,0,0,0,0,0,0,0,1
849,5,9c251adff884edd2,1.895175,20.0,1,15760,2,1,0,0,1,0,0,0,0,0,0,0,0,1
850,5,87b8dd1eba47bb88,2.467427,17.94113,0,15391,1,0,0,0,0,0,0,0,0,0,0,0,0,0
851,5,fd70f0554857ceb6,1.853686,20.0,1,15273,1,1,0,0,1,0,0,0,0,0,0,0,0,1
852,5,005dd3476d8d74b8,2.436258,15.352945,0,14702,1,0,0,0,0,0,0,0,0,0,0,0,0,0
853,5,fa00368aff2c95ce,1.832101,18.506637,1,14564,1,1,0,0,1,0,0,0,0,0,0,0,0,1
854,5,e281368f3c369606,1.376389,20.0,1,14548,1,1,0,0,1,0,0,0,0,0,0,0,0,1
855,5,cf038e2006198a24,3.121336,19.150959,1,14370,2,0,0,0,0,0,0,0,0,0,0,0,0,1
856,5,952b13578ad4d868,2.347289,17.882296,1,14353,1,1,0,0,1,0,0,0,0,0,0,0,0,0
857,5,62f7c14854c751ba,1.763431,20.0,1,14534,1,1,0,0,1,0,0,0,0,0,0,0,0,1
858,5,226bd5b42c6810d4,1.3248,18.798584,1,14374,1,1,0,0,1,0,0,0,0,0,0,0,0,0
859,5,2433914ad82405fe,3.082579,17.601518,1,14576,2,0,0,0,0,0,0,0,0,0,0,0,0,1
860,5,c254497d8c9dba6d,2.318143,20.0,1,14389,1,1,0,0,1,0,0,0,0,0,0,0,0,1
861,5,ffd607f16032a895,1.741535,20.0,1,14480,1,1,0,0,1,0,0,0,0,0,0,0,0,1
862,5,2c64211037fd11a4,1.30835,20.0,1,13481,1,1,0,0,1,0,0,0,0,0,0,0,0,1
863,5,52ec200fb8453268,3.072199,20.0,1,13455,2,0,0,0,0,0,0,0,0,0,0,0,0,1
864,5,448457fe685b1d4f,2.308028,19.417734,1,13879,1,1,0,0,1,0,0,0,0,0,0,0,0,0
865,5,aec0d8dfbf0e28ba,1.733935,20.0,1,13906,1,1,0,0,1,0,0,0,0,0,0,0,0,1
866,5,d1d3b36b98cbc429,1.302641,16.186334,0,14418,1,1,0,0,0,0,0,0,0,0,0,0,0,0
867,5,97ae58fb6fe9d099,2.023755,19.133357,1,14275,1,0,0,0,1,0,0,0,0,0,0,0,0,1
868,5,e8f40331c695ba7d,1.520371,20.0,1,14478,1,1,0,0,1,0,0,0,0,0,0,0,0,1
869,5,b820a28ebcafeb59,2.185852,20.0,1,14276,2,1,0,0,1,0,0,0,0,0,0,0,0,1
870,5,67c07fd041199b59,1.643792,20.0,1,14216,1,1,0,0,1,0,0,0,0,0,0,0,0,0
871,5,a6e19c05f6927049,1.234919,20.0,1,14057,1,1,0,0,1,0,0,0,0,0,0,0,0,1
872,5,167d587ae4a09862,1.971402,16.946407,0,13973,1,0,0,0,0,0,0,0,0,0,0,0,0,0
873,5,539115cb6ce0de4e,1.481041,19.688891,1,13940,1,1,0,0,1,0,0,0,0,0,0,0,0,1
874,5,90952439d244bb1a,1.113764,20.0,1,13870,1,1,0,0,1,0,0,0,0,0,0,0,0,1
875,5,ed8ab64df4cd63e8,0.836729,19.831826,1,13680,1,1,0,0,1,0,0,0,0,0,0,0,0,0
876,5,2beb18861d72d531,0.628603,20.0,1,13755,1,1,0,0,1,0,0,0,0,0,0,0,0,1
877,5,b9253f20d949330e,1.516869,19.916975,1,13903,1,0,0,0,0,0,0,0,0,0,0,0,0,1
878,5,e66ab2549a0950d1,1.139567,20.0,1,13708,1,1,0,0,1,0,0,0,0,0,0,0,0,1
879,5,5326b46a8fcf7448,1.899767,19.946948,1,13753,2,1,0,0,1,0,0,0,0,0,0,0,0,0
880,5,c4c3505382bf4ebb,1.427224,20.0,1,13730,1,1,0,0,1,0,0,0,0,0,0,0,0,1
881,5,e1cd06b42d05e4d3,2.117444,19.982015,1,13960,1,0,0,0,0,0,0,0,0,0,0,0,0,1
882,5,ac95ce0cb5766676,1.590756,20.0,1,14329,1,1,0,0,1,0,0,0,0,0,0,0,0,1
883,5,f383f52c618e0ef2,2.238729,16.504811,0,14087,1,0,0,0,0,0,0,0,0,0,0,0,0,0
884,5,9420b75afda676b8,1.683556,19.372857,1,14209,1,1,0,0,1,0,0,0,0,0,0,0,0,1
885,5,d9996c31d7bd9885,2.308446,20.0,1,14263,2,1,0,0,1,0,0,0,0,0,0,0,0,1
886,5,367d9027521cbe7c,1.734249,19.63985,1,13907,1,1,0,0,0,0,0,0,0,0,0,0,0,1
887,5,33ecc670cbb1835f,2.34653,18.233529,1,14048,1,0,0,0,1,0,0,0,0,0,0,0,0,0
888,5,817c3a76bc5a2610,1.764624,20.0,1,14076,1,1,0,0,1,0,0,0,0,0,0,0,0,1
889,5,b05f398ad9486700,1.325696,19.009604,1,14043,1,1,0,0,1,0,0,0,0,0,0,0,0,0
890,5,3b7bbac9b5f81bbb,2.039599,17.76005,1,14103,1,0,0,0,0,0,0,0,0,0,0,0,0,1
891,5,d94d98c7c8b6d608,1.533808,16.836312,1,14148,1,1,0,0,1,0,0,0,0,0,0,0,0,0
892,5,3b0e0b34447249aa,1.152292,19.606181,1,14316,1,1,0,0,1,0,0,0,0,0,0,0,0,1
893,5,030e7866b74400fa,0.865674,14.729391,0,14359,1,1,0,0,0,0,0,0,0,0,0,0,0,0
894,5,b2c9af4c60e1400f,1.694002,18.02333,1,14107,1,0,0,0,1,0,0,0,0,0,0,0,0,1
895,5,c6154978333c5c4d,1.273914,20.0,1,14000,1,1,0,0,1,0,0,0,0,0,0,0,0,1
896,5,f2dffef00a1b7c37,2.000697,20.0,1,13923,2,1,0,0,1,0,0,0,0,0,0,0,0,1
897,5,774b7eba7328f8d5,1.503049,20.0,1,13845,1,1,0,0,1,0,0,0,0,0,0,0,0,1
898,5,c4385fc00cbfaa80,2.174465,17.870268,0,13597,1,0,0,0,0,0,0,0,0,0,0,0,0,0
899,5,9a345107b486dc02,1.633594,20.0,1,13860,1,1,0,0,1,0,0,0,0,0,0,0,0,1
900,5,c38b5d5f09794c6f,1.227258,18.791796,1,13789,1,1,0,0,1,0,0,0,0,0,0,0,0,0
901,5,c0e6a35c48a1269b,3.0093,17.596418,1,13672,2,0,0,0,0,0,0,0,0,0,0,0,0,1
902,5,6b7b70f878704ad5,2.263036,20.0,1,13582,1,1,0,0,1,0,0,0,0,0,0,0,0,1
903,5,5cf8cb4714d400ed,1.700135,18.649662,1,13563,1,1,0,0,1,0,0,0,0,0,0,0,0,0
904,6,1fd48474a6be9a50,2.320901,17.489638,1,14095,1,0,0,0,0,0,0,0,0,0,0,0,0,1
905,6,0b198662efcfc49a,1.745351,16.632959,1,14116,1,1,0,0,1,0,0,0,0,0,0,0,0,0
906,6,fcbdd03152747088,1.311217,19.453409,1,14410,1,1,0,0,1,0,0,0,0,0,0,0,0,1
907,6,c7b8a2a9fab59ea4,2.028721,18.093464,1,14050,1,0,0,0,0,0,0,0,0,0,0,0,0,1
908,6,241e6acbb414e8f5,1.524103,17.071787,1,14422,1,1,0,0,1,0,0,0,0,0,0,0,0,0
909,6,fc64a472a0076c97,2.190297,19.799231,1,13987,2,1,0,0,1,0,0,0,0,0,0,0,0,1
910,6,1e870741cfb1004d,2.689142,18.353267,1,14345,1,0,0,0,0,0,0,0,0,0,0,0,0,1
911,6,bf57db00a494f005,2.020252,20.0,1,14080,1,1,0,0,1,0,0,0,0,0,0,0,0,1
912,6,b9cebc1ba6e23f90,1.519258,20.0,1,14061,1,1,0,0,1,0,0,0,0,0,0,0,0,1
913,6,e665c14bbc29de1b,2.185015,16.9501,0,14109,1,0,0,0,0,0,0,0,0,0,0,0,0,0
914,6,e769dc1986223560,1.64152,19.691665,1,14232,1,1,0,0,1,0,0,0,0,0,0,0,0,1
915,6,1dc6f86b0f28f527,1.233213,18.272457,1,14045,1,1,0,0,1,0,0,0,0,0,0,0,0,0
916,6,83171efae161e4f9,1.971544,17.221649,1,14047,2,1,0,0,0,0,0,0,0,0,0,0,0,1
917,6,d0f092e334d1b579,2.524801,19.89567,1,14142,1,0,0,0,1,0,0,0,0,0,0,0,0,1
918,6,3c72e9f66e532470,1.896788,18.425718,1,14046,1,1,0,0,1,0,0,0,0,0,0,0,0,0
919,6,1fdd04fc4bd3a35e,1.426412,20.0,1,13971,1,1,0,0,1,0,0,0,0,0,0,0,0,1
920,6,1ea3379f3547fd92,2.115263,20.0,1,14178,2,1,0,0,1,0,0,0,0,0,0,0,0,1
921,6,f2433026cfae9a47,2.632772,20.0,1,14018,1,0,0,0,0,0,0,0,0,0,0,0,0,1
922,6,d0cc26dd4ca1a8f2,1.977903,18.846032,1,14016,1,1,0,0,1,0,0,0,0,0,0,0,0,0
923,6,38a3c7ee0e61cf29,1.487411,20.0,1,14002,1,1,0,0,1,0,0,0,0,0,0,0,0,1
924,6,e64373de38c1d3e1,1.117436,20.0,1,13832,1,1,0,0,1,0,0,0,0,0,0,0,0,1
925,6,7addd6445d78c1a4,2.926795,20.0,1,13821,2,0,0,0,0,0,0,0,0,0,0,0,0,1
926,6,32a2c7ad3446fe7a,2.200991,18.997219,1,13893,1,1,0,0,1,0,0,0,0,0,0,0,0,0
927,6,c2ddba3954d1d184,1.653523,20.0,1,13856,1,1,0,0,1,0,0,0,0,0,0,0,0,1
928,6,6665faed5439f816,1.24223,20.0,1,14039,1,1,0,0,1,0,0,0,0,0,0,0,0,1
929,6,e2ced52540714a46,1.976894,17.208937,0,13941,1,0,0,0,0,0,0,0,0,0,0,0,0,0
930,6,609fe1b042bd7177,1.486653,19.902369,1,13667,1,1,0,0,1,0,0,0,0,0,0,0,0,1
931,6,a841332a0fc6c3b7,1.116866,18.430751,1,13819,1,1,0,0,1,0,0,0,0,0,0,0,0,0
932,6,55f4672a66ea5f47,0.83906,20.0,1,13947,1,1,0,0,1,0,0,0,0,0,0,0,0,1
933,6,c0bd9a34ec0d85ea,1.675136,19.125424,1,13805,1,0,0,0,0,0,0,0,0,0,0,0,0,1
934,6,aabefe6d1a5d48da,1.258467,17.84706,1,13869,1,1,0,0,1,0,0,0,0,0,0,0,0,0
935,6,3a430dc208632016,0.945439,20.0,1,13858,1,1,0,0,1,0,0,0,0,0,0,0,0,1
936,6,80aa2168e796d8f4,0.710273,20.0,1,14090,1,1,0,0,1,0,0,0,0,0,0,0,0,1
937,6,f7ccb287b0e2aba7,2.622436,20.0,1,13860,2,0,0,0,0,0,0,0,0,0,0,0,0,1
938,6,2112fa62c82cb6c3,1.970138,20.0,1,13923,1,1,0,0,1,0,0,0,0,0,0,0,0,1
939,6,542d2ce96e80afc1,2.523745,16.638277,0,13815,1,0,0,0,0,0,0,0,0,0,0,0,0,0
940,6,6e60a9a40289d397,1.897892,19.473225,1,13905,1,1,0,0,1,0,0,0,0,0,0,0,0,1
941,6,0d28e31d51bf6ee7,1.425815,18.10835,1,13799,1,1,0,0,1,0,0,0,0,0,0,0,0,0
942,6,1cc2b0b192026c8b,1.071162,17.082971,1,13974,1,1,0,0,0,0,0,0,0,0,0,0,0,1
943,6,7d01ae1e8db8a382,1.848377,16.312642,1,13911,1,0,0,0,1,0,0,0,0,0,0,0,0,0
944,6,ae8f6f48ea3451f4,1.390006,19.228343,1,13992,1,1,0,0,1,0,0,0,0,0,0,0,0,1
945,6,53b3d64cb235b86c,2.087913,20.0,1,13984,2,1,0,0,1,0,0,0,0,0,0,0,0,1
946,6,c72ded44d387faec,2.612224,16.079442,0,13977,1,0,0,0,0,0,0,0,0,0,0,0,0,0
947,6,314386fd56cdb8d6,1.96443,19.052973,1,13944,1,1,0,0,1,0,0,0,0,0,0,0,0,1
948,6,848e4d6b085595db,2.519456,20.0,1,13936,2,1,0,0,1,0,0,0,0,0,0,0,0,1
949,6,7336631dfe65793d,2.936427,19.459309,1,13788,1,0,0,0,0,0,0,0,0,0,0,0,0,1
950,6,28c71bc3e3595ceb,2.206027,20.0,1,13932,1,1,0,0,1,0,0,0,0,0,0,0,0,1
951,6,e48ac18fac480313,1.658964,19.706518,1,14019,1,1,0,0,1,0,0,0,0,0,0,0,0,0
952,6,95bfcf71fb711232,2.289971,20.0,1,13919,2,1,0,0,1,0,0,0,0,0,0,0,0,1
953,6,d9be07f72611f27f,2.764023,19.828167,1,14162,1,0,0,0,0,0,0,0,0,0,0,0,0,1
954,6,98eac4e4f72a1ae5,2.078585,20.0,1,13857,1,1,0,0,1,0,0,0,0,0,0,0,0,1
955,6,5f29a6469624e092,1.561563,20.0,1,14078,1,1,0,0,1,0,0,0,0,0,0,0,0,1
956,6,d6b286e0ac97ca4b,1.173144,20.0,1,13906,1,1,0,0,1,0,0,0,0,0,0,0,0,0
957,6,aeca5150f7b90795,1.924993,20.0,1,13926,2,1,0,0,1,0,0,0,0,0,0,0,0,1
958,6,77fd74a3ae208e6f,1.447622,20.0,1,13897,1,1,0,0,0,0,0,0,0,0,0,0,0,1
959,6,6cdfea1e2ddfa0c2,2.131198,20.0,1,13823,1,0,0,0,1,0,0,0,0,0,0,0,0,1
960,6,6e7aa67506972e41,1.601089,20.0,1,13909,1,1,0,0,1,0,0,0,0,0,0,0,0,0
961,6,0a105eabde9e1819,1.204042,20.0,1,13822,1,1,0,0,1,0,0,0,0,0,0,0,0,1
962,6,9bd51f231c8057ab,0.904552,20.0,1,14121,1,1,0,0,1,0,0,0,0,0,0,0,0,0
963,6,24e7ee1e0ed1b589,1.723209,18.652197,1,14191,1,0,0,0,0,0,0,0,0,0,0,0,0,1
964,6,e3bcba96b2704a73,1.294583,17.491543,1,14144,1,1,0,0,1,0,0,0,0,0,0,0,0,0
965,6,7a28a5b2c5d4d49b,2.017695,16.634391,1,13915,1,0,0,0,0,0,0,0,0,0,0,0,0,1
966,6,f4137df7c9bcc920,2.559472,19.454485,1,14355,2,1,0,0,1,0,0,0,0,0,0,0,0,1
967,6,12ac58e10371ea21,1.922836,18.094272,1,14157,1,1,0,0,1,0,0,0,0,0,0,0,0,0
968,6,7ae448b10f005728,2.49015,17.087652,1,14181,1,0,0,0,0,0,0,0,0,0,0,0,0,1
969,6,ab4186ae57604a16,1.870757,16.316159,1,14031,1,1,0,0,1,0,0,0,0,0,0,0,0,0
970,6,9948e174bee1d3fb,2.449083,15.736565,1,14238,1,0,0,0,0,0,0,0,0,0,0,0,0,1
971,6,c9511ca968fa1dc0,1.839905,15.301137,1,14074,1,1,0,0,1,0,0,0,0,0,0,0,0,0
972,6,1a046e9171cadc4f,2.427785,18.467677,1,14146,2,1,0,0,1,0,0,0,0,0,0,0,0,1
973,6,ce398295e0ea5f10,1.823904,20.0,1,14277,1,1,0,0,1,0,0,0,0,0,0,0,0,1
974,6,b453ac7653cef76b,2.413884,19.12897,1,14245,1,0,0,0,0,0,0,0,0,0,0,0,0,1
975,6,3adde719c4e9b62e,1.815275,20.0,1,15364,1,1,0,0,1,0,0,0,0,0,0,0,0,1
976,6,ab28c0de21274cce,1.363749,19.515493,1,14876,1,1,0,0,1,0,0,0,0,0,0,0,0,0
977,6,759a7592f3590366,3.11184,18.140105,1,14630,2,0,0,0,0,0,0,0,0,0,0,0,0,1
978,6,5e8de43287577ed6,2.337809,20.0,1,14505,1,1,0,0,1,0,0,0,0,0,0,0,0,1
979,6,78f2658762cc92b6,1.758066,20.0,1,14361,1,1,0,0,1,0,0,0,0,0,0,0,0,1
980,6,5e4d36431a30d6c4,1.320769,20.0,1,14724,1,1,0,0,1,0,0,0,0,0,0,0,0,0
981,6,e7a833da4ebfcfd5,0.992244,18.758378,1,14543,1,1,0,0,0,0,0,0,0,0,0,0,0,1
982,6,16d399470e43f0b6,1.790332,17.587069,1,14284,1,0,0,0,1,0,0,0,0,0,0,0,0,0
983,6,41698197fdc8a7f4,1.34501,20.0,1,14028,1,1,0,0,1,0,0,0,0,0,0,0,0,1
984,6,d041f3a18a997445,2.054109,20.0,1,13914,2,1,0,0,1,0,0,0,0,0,0,0,0,1
985,6,efac602a4da61cee,1.543175,20.0,1,13754,1,1,0,0,1,0,0,0,0,0,0,0,0,1
986,6,489992a0e62aea99,2.20464,20.0,1,13650,1,0,0,0,0,0,0,0,0,0,0,0,0,1
987,6,d7eda5e436ddf2ec,1.656264,19.408998,1,13695,1,1,0,0,1,0,0,0,0,0,0,0,0,0
988,6,8b71cb51c8cd2971,1.244289,20.0,1,13901,1,1,0,0,1,0,0,0,0,0,0,0,0,1
989,6,2d385d806c49e1dc,1.979874,16.197593,0,13784,1,0,0,0,0,0,0,0,0,0,0,0,0,0
990,6,bc502b529072aab1,1.487405,19.126335,1,13719,1,1,0,0,1,0,0,0,0,0,0,0,0,1
991,6,717362e739acdd52,1.117432,17.847745,1,13782,1,1,0,0,1,0,0,0,0,0,0,0,0,0
992,6,10cbe696d2d6023a,0.839485,20.0,1,13888,1,1,0,0,1,0,0,0,0,0,0,0,0,1
993,6,ed34b10230dcf078,0.631304,18.796049,1,13917,1,1,0,0,1,0,0,0,0,0,0,0,0,0
994,6,469191a9ea15312c,1.517929,17.599613,1,13660,1,0,0,0,0,0,0,0,0,0,0,0,0,1
995,6,0ab296d6537aaea4,1.140363,16.700776,1,13978,1,1,0,0,1,0,0,0,0,0,0,0,0,0
996,6,81880cee9848ba47,1.90172,16.039723,1,13826,1,0,0,0,0,0,0,0,0,0,0,0,0,1
997,6,498defed7b23c2d6,1.428691,19.007734,1,13976,1,1,0,0,1,0,0,0,0,0,0,0,0,1
998,6,fe57a7b5ac39480f,1.073322,17.758644,1,14082,1,1,0,0,1,0,0,0,0,0,0,0,0,0
999,6,632d513cf62e6ab0,1.85,16.82025,1,13844,1,0,0,0,0,0,0,0,0,0,0,0,0,1
1000,6,4134561bcdd876d2,1.391227,16.129569,1,13845,1,1,0,0,1,0,0,0,0,0,0,0,0,0
1001,6,ab5a7fc48bbd7080,2.08883,19.075232,1,13924,2,1,0,0,1,0,0,0,0,0,0,0,0,1
1002,6,e03cdf26609453fa,2.612913,17.809353,1,13814,1,0,0,0,0,0,0,0,0,0,0,0,0,1
1003,6,54b705850ff1c05f,1.964948,20.0,1,13904,1,1,0,0,1,0,0,0,0,0,0,0,0,1
1004,6,b388e7426c373b00,1.476192,18.769962,1,14078,1,1,0,0,1,0,0,0,0,0,0,0,0,0
1005,6,435698457a22ce72,2.152661,20.0,1,14151,2,1,0,0,1,0,0,0,0,0,0,0,0,1
1006,6,65ea232791403e91,2.660867,19.299578,1,14299,1,0,0,0,0,0,0,0,0,0,0,0,0,1
1007,6,77ca1a73ec58bff8,2.00101,20.0,1,14251,1,1,0,0,1,0,0,0,0,0,0,0,0,1
1008,6,fe23905927db4886,1.503284,19.61188,1,14176,1,1,0,0,1,0,0,0,0,0,0,0,0,0
1009,6,36b3ed426373b862,1.129361,20.0,1,14260,1,1,0,0,1,0,0,0,0,0,0,0,0,1
1010,6,f420a447879ae669,0.849296,19.792714,1,14085,1,1,0,0,1,0,0,0,0,0,0,0,0,0
1011,6,95b6268c3b391263,2.725351,18.348371,1,14262,2,0,0,0,0,0,0,0,0,0,0,0,0,1
1012,6,eb04183cf5b60f05,2.047454,20.0,1,14124,1,1,0,0,1,0,0,0,0,0,0,0,0,1
1013,6,b4f600bfd98f62f3,1.538176,20.0,1,14511,1,1,0,0,1,0,0,0,0,0,0,0,0,1
1014,6,88486870d6dae306,1.15673,20.0,1,14157,1,1,0,0,1,0,0,0,0,0,0,0,0,1
1015,6,4d7ba58f76d4e7e3,0.869008,20.0,1,14301,1,1,0,0,0,0,0,0,0,0,0,0,0,1
1016,6,4d9876c82b53fc2a,2.74016,19.588063,1,14543,2,0,0,0,1,0,0,0,0,0,0,0,0,0
1017,6,628e45d760b67c19,2.060639,20.0,1,14140,1,1,0,0,1,0,0,0,0,0,0,0,0,1
1018,6,10d127722b5069f9,1.548081,20.0,1,14305,1,1,0,0,1,0,0,0,0,0,0,0,0,1
1019,6,a3fa7e9ad0ecdac7,1.163016,20.0,1,14270,1,1,0,0,1,0,0,0,0,0,0,0,0,0
1020,6,684ea2854200a9b1,0.87373,20.0,1,14335,1,1,0,0,1,0,0,0,0,0,0,0,0,1
1021,6,165ef6d0f2b0838a,1.701208,17.067342,0,14307,1,0,0,0,0,0,0,0,0,0,0,0,0,0
1022,6,01f6831d982891e5,1.278054,19.779745,1,14775,1,1,0,0,1,0,0,0,0,0,0,0,0,1
1023,6,904619886503c8a6,0.960154,18.338627,1,14594,1,1,0,0,1,0,0,0,0,0,0,0,0,0
1024,6,1de725b48722bbe7,0.72205,20.0,1,14973,1,1,0,0,1,0,0,0,0,0,0,0,0,1
1025,6,07b09f1458fd05f7,1.586102,20.0,1,15016,2,1,0,0,1,0,0,0,0,0,0,0,0,1
1026,6,6ae6544ee3178d4e,1.191579,20.0,1,14999,1,1,0,0,1,0,0,0,0,0,0,0,0,0
1027,6,d49852a3b8b892fb,1.938842,18.818262,1,14791,1,0,0,0,0,0,0,0,0,0,0,0,0,1
1028,6,8cb090449796dc2d,1.458037,20.0,1,14894,1,1,0,0,1,0,0,0,0,0,0,0,0,1
1029,6,153c5212a4f51d09,3.182675,19.339955,1,14757,2,0,0,0,0,0,0,0,0,0,0,0,0,1
1030,6,3b510d75a37d6d57,2.391025,20.0,1,14851,1,1,0,0,1,0,0,0,0,0,0,0,0,1
1031,6,8abec4d3e7e9fb4b,1.798085,19.639088,1,14707,1,1,0,0,1,0,0,0,0,0,0,0,0,0
1032,6,81ab11d3aa99392c,1.350834,20.0,1,14697,1,1,0,0,1,0,0,0,0,0,0,0,0,1
1033,6,ecd41072f5f75377,2.058484,16.311265,0,14680,1,0,0,0,0,0,0,0,0,0,0,0,0,0
1034,6,4e0773d26b2952e7,2.590116,19.211733,1,15280,2,1,0,0,1,0,0,0,0,0,0,0,0,1
1035,6,418dc321e54f811a,1.947804,20.0,1,14898,1,1,0,0,1,0,0,0,0,0,0,0,0,1
1036,6,a2323da86bcbacb0,2.506966,16.083406,0,15866,1,0,0,0,0,0,0,0,0,0,0,0,0,0
1037,6,d557aa5259fdb63c,1.88339,19.040551,1,15673,1,1,0,0,1,0,0,0,0,0,0,0,0,1
1038,6,0adc1602ab135366,1.416336,20.0,1,15261,1,1,0,0,1,0,0,0,0,0,0,0,0,1
1039,6,e46c8a285c41a2da,2.107694,20.0,1,14952,2,1,0,0,1,0,0,0,0,0,0,0,0,1
1040,6,99cd493a7ee1ecd5,1.583431,17.237258,0,14684,1,1,0,0,0,0,0,0,0,0,0,0,0,0
1041,6,9d778dc315f750b3,2.233226,19.907396,1,14862,1,0,0,0,1,0,0,0,0,0,0,0,0,1
1042,6,76a817fdde988a85,1.679418,18.451148,1,15844,1,1,0,0,1,0,0,0,0,0,0,0,0,0
1043,6,80fc94bc907e871d,1.261684,20.0,1,15597,1,1,0,0,1,0,0,0,0,0,0,0,0,1
1044,6,e19531856987dd01,3.035163,19.119641,1,15530,2,0,0,0,0,0,0,0,0,0,0,0,0,1
1045,6,181cab5cc83a8b2c,2.282486,20.0,1,15553,1,1,0,0,1,0,0,0,0,0,0,0,0,1
1046,6,d97a4ee7391ef37c,1.714746,19.510222,1,15404,1,1,0,0,1,0,0,0,0,0,0,0,0,0
1047,6,d7d99f5269e17cf6,1.288225,20.0,1,15027,1,1,0,0,1,0,0,0,0,0,0,0,0,1
1048,6,d72d5e4b020d92b2,3.055102,19.717378,1,14092,2,0,0,0,0,0,0,0,0,0,0,0,0,1
1049,6,7bc25a3d487c0bbc,2.29748,18.308251,1,13452,1,1,0,0,1,0,0,0,0,0,0,0,0,0
1050,6,d59ed9eead3a063b,1.726011,17.233149,1,13560,1,1,0,0,0,0,0,0,0,0,0,0,0,1
1051,6,d0a8169a4c497df3,2.340341,19.90431,1,13279,1,0,0,0,1,0,0,0,0,0,0,0,0,1
1052,6,87c30e6f969a05f3,1.75997,18.448826,1,13292,1,1,0,0,1,0,0,0,0,0,0,0,0,0
1053,6,ba7d5922d13c356a,2.365853,17.338758,1,13369,1,0,0,0,0,0,0,0,0,0,0,0,0,1
1054,6,d95e583cc0d26de3,1.777377,16.504805,1,13190,1,1,0,0,1,0,0,0,0,0,0,0,0,0
1055,6,2eb53b5679eebf3b,1.335277,19.357132,1,13359,1,1,0,0,1,0,0,0,0,0,0,0,0,1
1056,6,5214b89750281ac5,1.004147,14.556839,0,13392,1,1,0,0,0,0,0,0,0,0,0,0,0,0
1057,6,9a14affb36428109,1.798032,17.893698,1,13267,1,0,0,0,1,0,0,0,0,0,0,0,0,1
1058,6,5b0546f5feef9577,1.350794,20.0,1,13401,1,1,0,0,1,0,0,0,0,0,0,0,0,1
1059,6,2455f0f292ee03aa,3.104117,18.82201,1,13276,2,0,0,0,0,0,0,0,0,0,0,0,0,1
1060,7,1fd48474a6be9a50,2.332007,17.619117,1,13959,1,1,0,0,1,0,0,0,0,0,0,0,0,0
1061,7,0b198662efcfc49a,2.795603,16.715429,1,14227,1,0,0,0,0,0,0,0,0,0,0,0,0,1
1062,7,fcbdd03152747088,2.100232,16.036521,1,14300,1,1,0,0,1,0,0,0,0,0,0,0,0,0
1063,7,c7b8a2a9fab59ea4,2.623555,15.540194,1,14217,1,0,0,0,0,0,0,0,0,0,0,0,0,1
1064,7,241e6acbb414e8f5,1.970979,15.153611,1,14240,1,1,0,0,1,0,0,0,0,0,0,0,0,0
1065,7,fc64a472a0076c97,2.524376,14.863186,1,14011,1,0,0,0,0,0,0,0,0,0,0,0,0,1
1066,7,1e870741cfb1004d,1.898367,18.138331,1,14312,1,1,0,0,1,0,0,0,0,0,0,0,0,1
1067,7,bf57db00a494f005,2.469825,13.62665,0,14114,1,0,0,0,0,0,0,0,0,0,0,0,0,0
1068,7,b9cebc1ba6e23f90,2.899141,17.194882,1,14115,2,1,0,0,1,0,0,0,0,0,0,0,0,1
1069,7,e665c14bbc29de1b,2.178016,19.875561,1,14054,1,1,0,0,1,0,0,0,0,0,0,0,0,1
1070,7,e769dc1986223560,1.637899,20.0,1,14223,1,1,0,0,1,0,0,0,0,0,0,0,0,1
1071,7,1dc6f86b0f28f527,1.230492,16.458443,0,14136,1,1,0,0,0,0,0,0,0,0,0,0,0,0
1072,7,83171efae161e4f9,1.968076,19.322302,1,14226,1,0,0,0,1,0,0,0,0,0,0,0,0,1
1073,7,d0f092e334d1b579,2.524172,20.0,1,13963,2,1,0,0,1,0,0,0,0,0,0,0,0,1
1074,7,3c72e9f66e532470,1.896316,20.0,1,13918,1,1,0,0,1,0,0,0,0,0,0,0,0,1
1075,7,1fdd04fc4bd3a35e,1.424631,20.0,1,14099,1,1,0,0,1,0,0,0,0,0,0,0,0,0
1076,7,1ea3379f3547fd92,1.070272,20.0,1,14012,1,1,0,0,1,0,0,0,0,0,0,0,0,1
1077,7,f2433026cfae9a47,0.80486,20.0,1,14055,1,1,0,0,1,0,0,0,0,0,0,0,0,1
1078,7,d0cc26dd4ca1a8f2,0.604661,18.003722,0,14036,1,1,0,0,0,0,0,0,0,0,0,0,0,0
1079,7,38a3c7ee0e61cf29,2.541566,20.0,1,14031,2,0,0,0,1,0,0,0,0,0,0,0,0,1
1080,7,e64373de38c1d3e1,1.911294,20.0,1,13855,1,1,0,0,1,0,0,0,0,0,0,0,0,1
1081,7,7addd6445d78c1a4,1.435884,20.0,1,13808,1,1,0,0,1,0,0,0,0,0,0,0,0,1
1082,7,32a2c7ad3446fe7a,1.078726,20.0,1,13927,1,1,0,0,1,0,0,0,0,0,0,0,0,1
1083,7,c2ddba3954d1d184,0.810406,20.0,1,13826,1,1,0,0,1,0,0,0,0,0,0,0,0,0
1084,7,6665faed5439f816,1.653588,20.0,1,13846,2,1,0,0,1,0,0,0,0,0,0,0,0,1
1085,7,e2ced52540714a46,2.285932,20.0,1,13909,1,0,0,0,0,0,0,0,0,0,0,0,0,1
1086,7,609fe1b042bd7177,1.717335,20.0,1,13875,1,1,0,0,1,0,0,0,0,0,0,0,0,1
1087,7,a841332a0fc6c3b7,1.291461,20.0,1,13799,1,1,0,0,1,0,0,0,0,0,0,0,0,0
1088,7,55f4672a66ea5f47,0.970226,20.0,1,13897,1,1,0,0,1,0,0,0,0,0,0,0,0,1
1089,7,c0bd9a34ec0d85ea,1.772548,16.905262,0,14051,1,0,0,0,0,0,0,0,0,0,0,0,0,0
1090,7,aabefe6d1a5d48da,2.375302,19.65798,1,13701,2,1,0,0,1,0,0,0,0,0,0,0,0,1
1091,7,3a430dc208632016,1.786261,20.0,1,13750,1,1,0,0,1,0,0,0,0,0,0,0,0,1
1092,7,80aa2168e796d8f4,2.385605,16.335518,0,13921,1,0,0,0,0,0,0,0,0,0,0,0,0,0
1093,7,f7ccb287b0e2aba7,1.792216,19.229953,1,13993,1,1,0,0,1,0,0,0,0,0,0,0,0,1
1094,7,2112fa62c82cb6c3,1.347772,17.941701,1,13741,1,1,0,0,1,0,0,0,0,0,0,0,0,0
1095,7,542d2ce96e80afc1,2.056184,16.957773,1,14049,1,0,0,0,0,0,0,0,0,0,0,0,0,1
1096,7,6e60a9a40289d397,2.588387,12.739741,0,13802,1,0,0,0,0,0,0,0,0,0,0,0,0,0
1097,7,0d28e31d51bf6ee7,1.944559,16.52858,1,13936,1,1,0,0,1,0,0,0,0,0,0,0,0,1
1098,7,1cc2b0b192026c8b,2.506486,19.390731,1,13799,2,1,0,0,1,0,0,0,0,0,0,0,0,1
1099,7,7d01ae1e8db8a382,1.883029,18.046376,1,13843,1,1,0,0,1,0,0,0,0,0,0,0,0,0
1100,7,ae8f6f48ea3451f4,2.458303,17.036412,1,14041,1,0,0,0,0,0,0,0,0,0,0,0,0,1
1101,7,53b3d64cb235b86c,1.848679,16.292127,1,13954,1,1,0,0,1,0,0,0,0,0,0,0,0,0
1102,7,c72ded44d387faec,1.388843,19.197355,1,13861,1,1,0,0,1,0,0,0,0,0,0,0,0,1
1103,7,98cc1398a152d783,1.043386,20.0,1,13977,1,1,0,0,1,0,0,0,0,0,0,0,0,1
1104,7,4a2943a0ae4c6ac0,0.783857,19.540797,1,13967,1,1,0,0,1,0,0,0,0,0,0,0,0,0
1105,7,c82adc16b84e16a2,1.633622,18.17546,1,13967,1,0,0,0,0,0,0,0,0,0,0,0,0,1
1106,7,e0ac56dff56b6402,1.227279,20.0,1,13816,1,1,0,0,1,0,0,0,0,0,0,0,0,1
1107,7,b2139f9cf510519a,1.965662,20.0,1,14223,2,1,0,0,1,0,0,0,0,0,0,0,0,1
1108,7,bf1a2a3ccdb27158,1.478206,20.0,1,13760,1,1,0,0,0,0,0,0,0,0,0,0,0,1
1109,7,2dd1d9c96f74ae52,2.154174,18.772954,1,13935,1,0,0,0,1,0,0,0,0,0,0,0,0,0
1110,7,0ac520ffb4f146be,1.618351,20.0,1,13972,1,1,0,0,1,0,0,0,0,0,0,0,0,1
1111,7,c0b095746be74302,1.215806,20.0,1,13847,1,1,0,0,1,0,0,0,0,0,0,0,0,1
1112,7,2da63e87d70d53da,1.958454,20.0,1,13754,2,1,0,0,1,0,0,0,0,0,0,0,0,1
1113,7,4f99a8692e1bd5b2,2.514967,18.099398,0,14083,1,0,0,0,0,0,0,0,0,0,0,0,0,0
1114,7,1c07a0f11e0f3a8d,1.889401,20.0,1,13977,1,1,0,0,1,0,0,0,0,0,0,0,0,1
1115,7,c7cfb72157296681,1.420856,18.938223,1,14107,1,1,0,0,1,0,0,0,0,0,0,0,0,0
1116,7,281adc5421962f0d,1.067436,20.0,1,13865,1,1,0,0,1,0,0,0,0,0,0,0,0,1
1117,7,3d601b16b603a464,0.801925,19.394544,1,14137,1,1,0,0,1,0,0,0,0,0,0,0,0,0
1118,7,3295545dc16972a5,1.64611,18.049241,1,15346,1,0,0,0,0,0,0,0,0,0,0,0,0,1
1119,7,290cc796cb46c080,2.282048,20.0,1,15246,2,1,0,0,1,0,0,0,0,0,0,0,0,1
1120,7,c014ed9ee64376d8,1.714418,20.0,1,16750,1,1,0,0,1,0,0,0,0,0,0,0,0,1
1121,7,61b815bd9ec76c77,1.287978,16.816513,0,16397,1,1,0,0,0,0,0,0,0,0,0,0,0,0
1122,7,72235ae6b5802539,3.056879,19.607261,1,16323,2,0,0,0,1,0,0,0,0,0,0,0,0,1
1123,7,3769605252740b8a,2.296519,20.0,1,15907,1,1,0,0,1,0,0,0,0,0,0,0,0,1
1124,7,c3f8064e2033ce0f,1.725289,19.772146,1,15735,1,1,0,0,0,0,0,0,0,0,0,0,0,1
1125,7,b8757efd0ddc0349,3.383452,20.0,1,15444,2,0,0,0,1,0,0,0,0,0,0,0,0,1
1126,7,f0d7c984a6eb06bc,2.544404,19.883259,1,15688,1,1,0,0,1,0,0,0,0,0,0,0,0,0
1127,7,babff00770d6bb75,2.955169,18.416393,1,15240,1,0,0,0,0,0,0,0,0,0,0,0,0,1
1128,7,75d27f9247a2a8a5,3.263761,20.0,1,15384,2,1,0,0,1,0,0,0,0,0,0,0,0,1
1129,7,ce41873d64cdc8c6,2.454395,20.0,1,15046,1,1,0,0,1,0,0,0,0,0,0,0,0,1
1130,7,728e47d1c2322ad8,2.887549,20.0,1,14955,1,0,0,0,0,0,0,0,0,0,0,0,0,1
1131,7,0bac712e3418444c,3.212961,20.0,1,14584,2,1,0,0,1,0,0,0,0,0,0,0,0,1
1132,7,2359b9e5c5bce7d8,2.413777,20.0,1,14107,1,1,0,0,1,0,0,0,0,0,0,0,0,0
1133,7,056abf62a7707bca,1.815195,20.0,1,13881,1,1,0,0,1,0,0,0,0,0,0,0,0,1
1134,7,4068be482e6eb03f,1.363688,20.0,1,14104,1,1,0,0,1,0,0,0,0,0,0,0,0,0
1135,7,d86cad86a7272fb3,3.111795,20.0,1,14063,2,0,0,0,0,0,0,0,0,0,0,0,0,2
1136,7,c232c3dde81d1331,2.340114,20.0,1,14018,1,1,0,0,1,0,0,0,0,0,0,0,0,0
1137,7,f7e61a3cf52dc82b,1.75804,20.0,1,14120,1,1,0,0,1,0,0,0,0,0,0,0,0,1
1138,7,2230a208bdae369d,1.32075,20.0,1,14124,1,1,0,0,1,0,0,0,0,0,0,0,0,1
1139,7,74d7ad16b0adeed9,0.99223,20.0,1,13990,1,1,0,0,1,0,0,0,0,0,0,0,0,0
1140,7,ec169ce7eb4b4f75,1.790322,19.388493,1,14000,2,1,0,0,0,0,0,0,0,0,0,0,0,1
1141,7,0eda4bb82b76ae4b,2.388655,20.0,1,13993,1,0,0,0,1,0,0,0,0,0,0,0,0,1
1142,7,5879cdb742cac931,1.794507,20.0,1,14217,1,1,0,0,1,0,0,0,0,0,0,0,0,1
1143,7,316f83cb3b0dc36d,1.349495,20.0,1,13779,1,1,0,0,1,0,0,0,0,0,0,0,0,0
1144,7,3662ca01a29f6474,1.013825,20.0,1,13977,1,1,0,0,1,0,0,0,0,0,0,0,0,1
1145,7,773682b8a4ebd288,0.761649,20.0,1,14034,1,1,0,0,1,0,0,0,0,0,0,0,0,0
1146,7,ca090bade3533092,1.615852,18.869488,1,14139,1,0,0,0,0,0,0,0,0,0,0,0,0,1
1147,7,9d636c28385049bd,1.215144,17.670626,1,14041,1,1,0,0,1,0,0,0,0,0,0,0,0,0
1148,7,340859fa6546d01d,0.912892,20.0,1,14189,1,1,0,0,1,0,0,0,0,0,0,0,0,1
1149,7,969ebdf2c36a9433,0.685822,18.679118,1,14066,1,1,0,0,1,0,0,0,0,0,0,0,0,0
1150,7,da4db521179b93e5,1.559898,17.527465,1,14301,1,0,0,0,0,0,0,0,0,0,0,0,0,1
1151,7,38109b24fbb0aae3,1.171893,16.646574,1,14234,1,1,0,0,1,0,0,0,0,0,0,0,0,0
1152,7,341389f39098dfff,0.880399,19.463637,1,14341,1,1,0,0,1,0,0,0,0,0,0,0,0,1
1153,7,ad382d7acf9b358e,1.705065,18.101148,1,14210,1,0,0,0,0,0,0,0,0,0,0,0,0,1
1154,7,428fbb44d2dbea62,1.282233,17.092823,1,14132,1,1,0,0,1,0,0,0,0,0,0,0,0,0
1155,7,e6217e3f62010f74,2.006947,16.320043,1,14035,2,1,0,0,0,0,0,0,0,0,0,0,0,1
1156,7,0fe2102d72c20f28,2.551398,19.218327,1,14009,1,0,0,0,1,0,0,0,0,0,0,0,0,1
1157,7,c8818ef24c5e36e9,1.918687,20.0,1,14086,1,1,0,0,1,0,0,0,0,0,0,0,0,1
1158,7,3b1503de03edb860,2.485091,16.087132,0,14014,1,0,0,0,0,0,0,0,0,0,0,0,0,0
1159,7,232bb5707391710c,2.91061,19.04335,1,14176,2,1,0,0,1,0,0,0,0,0,0,0,0,1
1160,7,435688a2644bf9fc,2.186632,20.0,1,13866,1,1,0,0,1,0,0,0,0,0,0,0,0,1
1161,7,8a2dad584ebeb700,1.644379,20.0,1,14080,1,1,0,0,1,0,0,0,0,0,0,0,0,1
1162,7,4033cd00f431f0dc,2.279014,17.242994,0,14094,1,0,0,0,0,0,0,0,0,0,0,0,0,0
1163,7,06d76f7290f2ef31,2.755791,19.911706,1,14181,2,1,0,0,1,0,0,0,0,0,0,0,0,1
1164,7,d21d9614f39d043c,3.116545,18.454388,1,13964,1,0,0,0,0,0,0,0,0,0,0,0,0,1
1165,7,3e0621c5610df2ad,2.341343,20.0,1,14191,1,1,0,0,1,0,0,0,0,0,0,0,0,1
1166,7,c324c8da83b0470c,1.758964,20.0,1,14159,1,1,0,0,1,0,0,0,0,0,0,0,0,1
1167,7,b5ede1b7e3ab9d03,1.321444,20.0,1,14128,1,1,0,0,1,0,0,0,0,0,0,0,0,0
1168,7,aec8c671ef26d457,0.993745,20.0,1,14183,1,1,0,0,1,0,0,0,0,0,0,0,0,1
1169,7,5a6b0c24f6ede349,1.790216,20.0,1,14245,2,1,0,0,1,0,0,0,0,0,0,0,0,1
1170,7,1ec0d35059c57b6e,1.344923,20.0,1,14070,1,1,0,0,0,0,0,0,0,0,0,0,0,1
1171,7,150745447bb64afe,2.055552,19.511605,1,14215,1,0,0,0,1,0,0,0,0,0,0,0,0,0
1172,7,612b9814bbc81355,1.544259,20.0,1,14029,1,1,0,0,1,0,0,0,0,0,0,0,0,1
1173,7,1a0a4e3dd97b1ee7,1.160144,19.718159,1,14147,1,1,0,0,1,0,0,0,0,0,0,0,0,0
1174,7,3a2c5ac90977e2c6,0.871573,20.0,1,14176,1,1,0,0,1,0,0,0,0,0,0,0,0,1
1175,7,9fa4409a4b5d1962,0.655435,20.0,1,14303,1,1,0,0,1,0,0,0,0,0,0,0,0,1
1176,7,40511597314a9dc5,1.536057,17.529406,0,14301,1,0,0,0,0,0,0,0,0,0,0,0,0,0
1177,7,e4cb3540853653af,1.153982,20.0,1,14424,1,1,0,0,1,0,0,0,0,0,0,0,0,1
1178,7,8132100a7ce6f13d,0.867811,18.616199,1,14244,1,1,0,0,1,0,0,0,0,0,0,0,0,0
1179,7,cec48ce61c6991eb,0.651954,20.0,1,15322,1,1,0,0,1,0,0,0,0,0,0,0,0,1
1180,7,cedcc0e06dbb53aa,0.489789,20.0,1,15002,1,1,0,0,1,0,0,0,0,0,0,0,0,1
1181,7,f77e93370319caa9,0.36796,20.0,1,14824,1,1,0,0,1,0,0,0,0,0,0,0,0,0
1182,7,02da5fb7c20d6fdb,2.365012,18.916516,1,14637,2,0,0,0,0,0,0,0,0,0,0,0,0,1
1183,7,849023220b37390e,1.776745,20.0,1,15723,1,1,0,0,1,0,0,0,0,0,0,0,0,1
1184,7,1a6c7283253ca4dd,1.334802,20.0,1,15542,1,1,0,0,1,0,0,0,0,0,0,0,0,1
1185,7,3c393af2d6a74eea,2.047941,17.191901,0,15085,1,0,0,0,0,0,0,0,0,0,0,0,0,0
1186,7,efaa0217939ad4bd,1.538541,19.873322,1,15096,1,1,0,0,1,0,0,0,0,0,0,0,0,1
1187,7,0eebc8fa290e730b,2.199502,20.0,1,15105,2,1,0,0,1,0,0,0,0,0,0,0,0,1
1188,7,187f33b9f60f1aac,2.696057,19.92231,1,14671,1,0,0,0,0,0,0,0,0,0,0,0,0,1
1189,7,d5870a93f496b59f,2.027473,18.462363,1,15078,1,1,0,0,1,0,0,0,0,0,0,0,0,0
1190,7,3bc96132f82a0e88,1.523165,20.0,1,14940,1,1,0,0,1,0,0,0,0,0,0,0,0,1
1191,7,3b82261373718ed7,2.18795,20.0,1,14930,2,1,0,0,1,0,0,0,0,0,0,0,0,1
1192,7,3fbebc999004822c,2.68952,16.999144,0,14714,1,0,0,0,0,0,0,0,0,0,0,0,0,0
1193,7,ad83a807a41670ac,3.064189,19.72851,1,14614,2,1,0,0,1,0,0,0,0,0,0,0,0,1
1194,7,c5bb6fe5df656f4d,2.302011,20.0,1,14416,1,1,0,0,1,0,0,0,0,0,0,0,0,1
1195,7,64a6642bb11b0e45,1.729415,19.840579,1,14059,1,1,0,0,1,0,0,0,0,0,0,0,0,0
1196,7,805ba73da86ab1ab,2.344695,18.4009,1,13986,1,0,0,0,0,0,0,0,0,0,0,0,0,1
1197,7,ef334e62b3115a2e,1.761482,17.302753,1,13897,1,1,0,0,1,0,0,0,0,0,0,0,0,0
1198,7,262b00fda150e6b6,2.366989,19.9566,1,13940,2,1,0,0,1,0,0,0,0,0,0,0,0,1
1199,7,4b9f80a48a4ce902,1.780009,18.48815,1,13939,1,1,0,0,0,0,0,0,0,0,0,0,0,1
1200,7,50d565a30df555ff,2.380908,20.0,1,13994,1,0,0,0,1,0,0,0,0,0,0,0,0,1
1201,7,0ec81751dd310528,1.788687,19.140525,1,14017,1,1,0,0,1,0,0,0,0,0,0,0,0,0
1202,7,5ac5e384f80db140,1.343774,20.0,1,13916,1,1,0,0,1,0,0,0,0,0,0,0,0,1
1203,7,6832ab86074dfca2,2.054687,16.045916,0,14034,1,0,0,0,0,0,0,0,0,0,0,0,0,0
1204,7,b667a0bdeba9761b,1.54361,19.012386,1,13934,1,1,0,0,1,0,0,0,0,0,0,0,0,1
1205,7,bcf6cc568f92d008,1.159656,17.762139,1,13880,1,1,0,0,1,0,0,0,0,0,0,0,0,0
1206,7,3097e5fed69125c1,1.916229,20.0,1,13904,2,1,0,0,1,0,0,0,0,0,0,0,0,1
1207,7,102dab9bc22e15ba,1.439591,20.0,1,13671,1,1,0,0,1,0,0,0,0,0,0,0,0,1
1208,7,e09297334bd7058a,1.081511,16.694657,0,13797,0,0,0,0,0,0,0,0,0,0,0,0,0,0
1209,7,56de3015ced6e9e9,0.812499,19.499761,1,14027,1,1,0,0,1,0,0,0,0,0,0,0,0,1
1210,7,eff3ecd265ac823f,0.611011,18.1446,1,14174,1,1,0,0,1,0,0,0,0,0,0,0,0,0
1211,7,0e93d75929acd34e,1.502683,17.110204,1,14077,1,0,0,0,0,0,0,0,0,0,0,0,0,1
1212,7,9469a176a1706f5e,1.128909,16.333101,1,14113,1,1,0,0,1,0,0,0,0,0,0,0,0,0
1213,7,3eecedce33f9b1b0,0.848956,19.243728,1,14060,1,1,0,0,1,0,0,0,0,0,0,0,0,1
1214,7,94fa6cb3dcecd53d,1.681442,17.935938,1,14050,2,1,0,0,0,0,0,0,0,0,0,0,0,1
1215,7,16f162f89c474f87,2.306858,20.0,1,14132,1,0,0,0,1,0,0,0,0,0,0,0,0,1
1216,7,ee14123231ea5855,1.733056,20.0,1,13857,1,1,0,0,1,0,0,0,0,0,0,0,0,1
1217,7,637db65af5afb980,2.347433,16.775711,0,14036,1,0,0,0,0,0,0,0,0,0,0,0,0,0
1218,7,63971b6e083b3b34,2.807192,19.560654,1,14157,2,1,0,0,1,0,0,0,0,0,0,0,0,1
1219,7,c3b4a002067a2db0,2.108939,20.0,1,14144,1,1,0,0,1,0,0,0,0,0,0,0,0,1
1220,8,1fd48474a6be9a50,1.585952,20.0,1,13993,1,1,0,0,1,0,0,0,0,0,0,0,0,1
1221,8,0b198662efcfc49a,2.23512,20.0,1,14105,1,0,0,0,0,0,0,0,0,0,0,0,0,1
1222,8,fcbdd03152747088,1.679162,19.211335,1,14194,1,1,0,0,1,0,0,0,0,0,0,0,0,0
1223,8,c7b8a2a9fab59ea4,1.261492,20.0,1,14324,1,1,0,0,1,0,0,0,0,0,0,0,0,1
1224,8,241e6acbb414e8f5,1.99281,16.085921,0,14104,1,0,0,0,0,0,0,0,0,0,0,0,0,0
1225,8,fc64a472a0076c97,2.540777,19.04244,1,14163,2,1,0,0,1,0,0,0,0,0,0,0,0,1
1226,8,1e870741cfb1004d,1.908791,17.784718,1,14179,1,1,0,0,0,0,0,0,0,0,0,0,0,1
1227,8,bf57db00a494f005,2.479588,16.854863,1,14130,1,0,0,0,1,0,0,0,0,0,0,0,0,0
1228,8,b9cebc1ba6e23f90,1.862822,19.620118,1,14224,1,1,0,0,1,0,0,0,0,0,0,0,0,1
1229,8,e665c14bbc29de1b,1.399469,18.218705,1,14130,1,1,0,0,1,0,0,0,0,0,0,0,0,0
1230,8,e769dc1986223560,3.138675,17.165877,1,14176,2,0,0,0,0,0,0,0,0,0,0,0,0,1
1231,8,1dc6f86b0f28f527,2.360328,19.869987,1,14118,1,1,0,0,1,0,0,0,0,0,0,0,0,1
1232,8,4ee3e088ad4a8ac0,1.773227,20.0,1,13936,1,1,0,0,1,0,0,0,0,0,0,0,0,1
1233,8,455d9bfb5b7a8dc6,1.332159,19.920428,1,14220,1,1,0,0,1,0,0,0,0,0,0,0,0,0
1234,8,4bbe4da8ebeb3fc6,2.045953,18.460948,1,14005,2,1,0,0,0,0,0,0,0,0,0,0,0,1
1235,8,e1c598fb2eccb0ab,2.580701,20.0,1,14060,1,0,0,0,1,0,0,0,0,0,0,0,0,1
1236,8,1ea3379f3547fd92,1.938784,19.125172,1,14000,1,1,0,0,1,0,0,0,0,0,0,0,0,0
1237,8,f2433026cfae9a47,1.456536,20.0,1,14108,1,1,0,0,1,0,0,0,0,0,0,0,0,1
1238,8,d0cc26dd4ca1a8f2,1.095336,20.0,1,13956,1,1,0,0,1,0,0,0,0,0,0,0,0,1
1239,8,b6729060e15ef02e,0.822885,17.277722,0,14057,1,1,0,0,0,0,0,0,0,0,0,0,0,0
1240,8,a9cb16cc75c4b873,1.661856,19.937796,1,13913,1,0,0,0,1,0,0,0,0,0,0,0,0,1
1241,8,4518898290c4a533,1.249739,18.474008,1,13759,1,1,0,0,1,0,0,0,0,0,0,0,0,0
1242,8,80c0e74f4af0cefb,0.938883,20.0,1,13824,1,1,0,0,1,0,0,0,0,0,0,0,0,1
1243,8,bd705a496fb2e0e1,0.705347,19.132544,1,13835,1,1,0,0,0,0,0,0,0,0,0,0,0,1
1244,8,40fcbaec993d22c5,2.617208,20.0,1,13979,2,0,0,0,1,0,0,0,0,0,0,0,0,1
1245,8,6cfaf62351220228,1.968178,19.521909,1,13843,1,1,0,0,1,0,0,0,0,0,0,0,0,0
1246,8,6ffb601c36225917,1.478618,20.0,1,13976,1,1,0,0,1,0,0,0,0,0,0,0,0,1
1247,8,21c423f5186ec4a6,1.110831,16.245129,0,13836,0,0,0,0,0,0,0,0,0,0,0,0,0,0
1248,8,1e92837d9f9c6b35,0.83536,15.697071,1,13969,1,1,0,0,1,0,0,0,0,0,0,0,0,0
1249,8,968a8f9c5003dbc1,0.627575,18.750311,1,13946,1,1,0,0,1,0,0,0,0,0,0,0,0,1
1250,8,3d81bda997433872,0.471474,17.565253,1,13647,1,1,0,0,1,0,0,0,0,0,0,0,0,0
1251,8,4d57385882879efc,0.354201,20.0,1,13844,1,1,0,0,1,0,0,0,0,0,0,0,0,1
1252,8,fcb4df9efd747f55,1.310514,15.15595,0,13931,1,0,0,0,0,0,0,0,0,0,0,0,0,0
1253,8,dd6db030444068ae,2.028194,18.343788,1,13988,2,1,0,0,1,0,0,0,0,0,0,0,0,1
1254,8,7ae77073d86b6226,1.523706,20.0,1,13902,1,1,0,0,1,0,0,0,0,0,0,0,0,1
1255,8,356c8f195f9c1ba4,2.189999,19.076293,1,13980,1,0,0,0,0,0,0,0,0,0,0,0,0,1
1256,8,9f14df830234c9fe,2.688918,20.0,1,13957,2,1,0,0,1,0,0,0,0,0,0,0,0,1
1257,8,062043c8618db95b,2.020084,19.47247,1,14057,1,1,0,0,1,0,0,0,0,0,0,0,0,0
1258,8,46fb9a9069532d44,1.517613,18.107784,1,13682,1,1,0,0,0,0,0,0,0,0,0,0,0,1
1259,8,a08fcbdfa04b7054,2.185417,17.097813,1,13991,1,0,0,0,1,0,0,0,0,0,0,0,0,0
1260,8,cad3b566561459bb,2.685476,19.802637,1,13999,2,1,0,0,1,0,0,0,0,0,0,0,0,1
1261,8,956fe504e19b254f,2.017497,20.0,1,13868,1,1,0,0,1,0,0,0,0,0,0,0,0,1
1262,8,8f104a90b7c27a4a,1.517187,20.0,1,14049,1,1,0,0,1,0,0,0,0,0,0,0,0,1
1263,8,aa9dabd7d25110a8,2.183459,20.0,1,13970,1,0,0,0,0,0,0,0,0,0,0,0,0,1
1264,8,952efc18683314fc,1.640351,19.288494,1,14049,1,1,0,0,1,0,0,0,0,0,0,0,0,0
1265,8,766a5fa850696abf,1.232335,20.0,1,13922,1,1,0,0,1,0,0,0,0,0,0,0,0,1
1266,8,93a110a4a662fb6a,1.970884,20.0,1,13854,2,1,0,0,1,0,0,0,0,0,0,0,0,1
1267,8,b2139f9cf510519a,1.480651,20.0,1,14178,1,1,0,0,1,0,0,0,0,0,0,0,0,0
1268,8,07b23dae0886b303,2.156011,19.124554,1,13948,1,0,0,0,0,0,0,0,0,0,0,0,0,1
1269,8,61581596129373ba,1.621351,20.0,1,14064,1,1,0,0,1,0,0,0,0,0,0,0,0,1
1270,8,9b4dafa46793fdff,1.218061,19.512998,1,13936,1,1,0,0,1,0,0,0,0,0,0,0,0,0
1271,8,620bd23daf4bf83f,0.915083,20.0,1,13857,1,1,0,0,1,0,0,0,0,0,0,0,0,1
1272,8,91efb63a31f48e3d,1.731121,20.0,1,13981,2,1,0,0,1,0,0,0,0,0,0,0,0,1
1273,8,c619ad4b50ea6c62,2.345978,17.445068,0,14052,1,0,0,0,0,0,0,0,0,0,0,0,0,0
1274,8,e81d6c7c63fe7312,1.762446,20.0,1,14075,1,1,0,0,1,0,0,0,0,0,0,0,0,1
1275,8,991343d40aba475d,1.32406,18.551815,1,13901,1,1,0,0,1,0,0,0,0,0,0,0,0,0
1276,8,fa22d01f031baa44,0.995712,20.0,1,14006,1,1,0,0,1,0,0,0,0,0,0,0,0,1
1277,8,ffd183983e6ffe07,0.748041,19.189423,1,14065,1,1,0,0,1,0,0,0,0,0,0,0,0,0
1278,8,5bcab0c91073c888,1.605629,17.895141,1,15091,1,0,0,0,0,0,0,0,0,0,0,0,0,1
1279,8,dda7200ba2964f56,1.206249,20.0,1,15370,1,1,0,0,1,0,0,0,0,0,0,0,0,1
1280,8,d55943944d2e50e1,0.907116,20.0,1,15509,1,1,0,0,1,0,0,0,0,0,0,0,0,1
1281,8,f73522c1ac4e89fb,0.681483,20.0,1,15855,1,1,0,0,1,0,0,0,0,0,0,0,0,0
1282,8,d493c3b87d47a457,0.511972,20.0,1,16218,1,1,0,0,1,0,0,0,0,0,0,0,0,1
1283,8,4cdf799a249d6bdd,1.429161,16.663969,0,17904,1,0,0,0,0,0,0,0,0,0,0,0,0,0
1284,8,b15e960b05f43ba3,2.117329,19.476706,1,18176,2,1,0,0,1,0,0,0,0,0,0,0,0,1
1285,8,a0a3d5fd3d885a5e,1.59067,20.0,1,18042,1,1,0,0,1,0,0,0,0,0,0,0,0,1
1286,8,2b9b172953e44fd6,1.195011,20.0,1,18030,1,1,0,0,1,0,0,0,0,0,0,0,0,1
1287,8,5218618526005bf6,1.942816,20.0,1,17819,2,1,0,0,1,0,0,0,0,0,0,0,0,1
1288,8,996c21d04baa2732,1.459565,20.0,1,18137,1,1,0,0,1,0,0,0,0,0,0,0,0,0
1289,8,7b331f74901a76df,1.096516,20.0,1,17273,1,1,0,0,1,0,0,0,0,0,0,0,0,1
1290,8,c80f25c2e7b2c06a,1.868747,20.0,1,16145,2,1,0,0,0,0,0,0,0,0,0,0,0,1
1291,8,8185bfff9a83204e,2.447573,20.0,1,16139,1,0,0,0,1,0,0,0,0,0,0,0,0,1
1292,8,a6b3cb6dadd2b0ac,2.882423,20.0,1,15765,2,1,0,0,1,0,0,0,0,0,0,0,0,1
1293,8,d0b9a46c6b1c245f,2.165457,20.0,1,15858,1,1,0,0,1,0,0,0,0,0,0,0,0,0
1294,8,4f7cc06fd2f4fd06,1.628454,20.0,1,15816,1,1,0,0,1,0,0,0,0,0,0,0,0,1
1295,8,cdaf087fb3a6ade1,1.223397,20.0,1,14606,1,1,0,0,1,0,0,0,0,0,0,0,0,0
1296,8,283a0ec2de9aba28,0.919092,20.0,1,13777,1,1,0,0,1,0,0,0,0,0,0,0,0,1
1297,8,e50f32bbcafc1573,1.735321,20.0,1,13892,1,0,0,0,0,0,0,0,0,0,0,0,0,1
1298,8,19e768e3d37c944c,1.303682,18.887964,1,14071,1,1,0,0,1,0,0,0,0,0,0,0,0,0
1299,8,b686db47bb90b8f0,0.979407,20.0,1,14000,1,1,0,0,1,0,0,0,0,0,0,0,0,1
1300,8,e3d629f0ded3c37e,1.779446,15.887334,0,13960,1,0,0,0,0,0,0,0,0,0,0,0,0,0
1301,8,e13325f63f246fc7,1.338168,18.908505,1,13804,1,1,0,0,1,0,0,0,0,0,0,0,0,1
1302,8,f5562e3a91a720d3,1.005316,17.684098,1,13937,1,1,0,0,1,0,0,0,0,0,0,0,0,0
1303,8,5c3d4516e69588da,0.755256,16.764246,1,13955,1,1,0,0,0,0,0,0,0,0,0,0,0,1
1304,8,67ff0c3810d4a34f,2.656264,19.567955,1,13787,2,0,0,0,1,0,0,0,0,0,0,0,0,1
1305,8,be53741d3f70683f,1.995552,18.179518,1,13875,1,1,0,0,1,0,0,0,0,0,0,0,0,0
1306,8,479fc867060a96a3,1.499184,20.0,1,13852,1,1,0,0,1,0,0,0,0,0,0,0,0,1
1307,8,e49c6c4efdd2977d,1.126281,18.966335,1,13881,1,1,0,0,1,0,0,0,0,0,0,0,0,0
1308,8,0feeae5317c9aa9f,0.846979,17.743456,1,13864,1,1,0,0,0,0,0,0,0,0,0,0,0,1
1309,8,ef1d559706185ca8,1.679957,16.808839,1,14010,1,0,0,0,1,0,0,0,0,0,0,0,0,0
1310,8,93406e0f1614172e,1.262089,19.585542,1,13692,1,1,0,0,1,0,0,0,0,0,0,0,0,1
1311,8,fa47258285d05705,0.949109,14.728607,0,13824,1,1,0,0,0,0,0,0,0,0,0,0,0,0
1312,8,dfee99ea0a0f5bfb,1.756683,18.022741,1,13836,1,0,0,0,1,0,0,0,0,0,0,0,0,1
1313,8,faaebadb44ff545a,1.319731,17.018656,1,14078,1,1,0,0,1,0,0,0,0,0,0,0,0,0
1314,8,42ecc63fef97f4fe,2.035118,16.264324,1,14002,1,0,0,0,0,0,0,0,0,0,0,0,0,1
1315,8,2eb6112a6bdd6bfb,1.530437,19.192007,1,14082,1,1,0,0,1,0,0,0,0,0,0,0,0,1
1316,8,664d4cf40bbe3253,2.193414,17.897082,1,13990,2,1,0,0,1,0,0,0,0,0,0,0,0,0
1317,8,b6e6d909d15f2c53,2.691483,16.924253,1,13954,1,0,0,0,0,0,0,0,0,0,0,0,0,1
1318,8,bed70b8d6c74965b,2.024034,19.688283,1,13825,1,1,0,0,1,0,0,0,0,0,0,0,0,1
1319,8,ce1b68d9951da5f7,1.520581,18.269916,1,14075,1,1,0,0,0,0,0,0,0,0,0,0,0,1
1320,8,5834f299def02e18,2.186009,17.204349,1,13952,1,0,0,0,1,0,0,0,0,0,0,0,0,0
1321,8,46b7696593c001d7,2.68592,19.882673,1,13865,2,1,0,0,1,0,0,0,0,0,0,0,0,1
1322,8,15281493244c4f00,2.01985,20.0,1,13944,1,1,0,0,1,0,0,0,0,0,0,0,0,1
1323,8,5d0991629dd5ebd0,1.517438,20.0,1,13720,1,1,0,0,1,0,0,0,0,0,0,0,0,1
1324,8,5e7c762930ec4d4e,1.139994,17.594683,0,13947,1,1,0,0,0,0,0,0,0,0,0,0,0,0
1325,8,e18be0a7bc1b15b7,2.945593,20.0,1,13822,2,0,0,0,1,0,0,0,0,0,0,0,0,1
1326,8,9ac9173b38d9c39e,2.212914,20.0,1,13892,1,1,0,0,1,0,0,0,0,0,0,0,0,1
1327,8,24db9ba2f7db9da5,1.66248,20.0,1,13830,1,1,0,0,1,0,0,0,0,0,0,0,0,1
1328,8,83ddc4e09f77ff1a,2.292612,17.715728,0,13899,1,0,0,0,0,0,0,0,0,0,0,0,0,0
1329,8,beaae95830f3df60,2.768227,20.0,1,13945,2,1,0,0,1,0,0,0,0,0,0,0,0,1
1330,8,9ecf205fbe07adaa,2.079666,20.0,1,14032,1,1,0,0,1,0,0,0,0,0,0,0,0,1
1331,8,cf5198ea47e2fa49,1.562375,20.0,1,14063,1,1,0,0,1,0,0,0,0,0,0,0,0,1
1332,8,1220d569dcbfa98b,2.219079,20.0,1,13956,1,0,0,0,0,0,0,0,0,0,0,0,0,1
1333,8,66ca69276e2c6fa7,1.667111,19.445121,1,14048,1,1,0,0,1,0,0,0,0,0,0,0,0,0
1334,8,b238473ff83d585c,1.252438,20.0,1,14097,1,1,0,0,1,0,0,0,0,0,0,0,0,1
1335,8,84b001f91a0837bb,0.94091,20.0,1,14054,1,1,0,0,1,0,0,0,0,0,0,0,0,1
1336,8,3f5f32efe19a0966,0.707578,17.416259,0,13867,1,1,0,0,0,0,0,0,0,0,0,0,0,0
1337,8,e06c0fb51383cd5d,2.618883,20.0,1,14029,2,0,0,0,1,0,0,0,0,0,0,0,0,1
1338,8,2ff856ab33134eb4,1.967469,20.0,1,14170,1,1,0,0,1,0,0,0,0,0,0,0,0,1
1339,8,7b783a6e1dff6561,1.479565,20.0,1,14092,1,1,0,0,1,0,0,0,0,0,0,0,0,1
1340,8,d1535a378f23e576,2.155195,17.666801,0,14069,1,0,0,0,0,0,0,0,0,0,0,0,0,0
1341,8,710fa14c4c2bac97,1.619118,20.0,1,14196,1,1,0,0,1,0,0,0,0,0,0,0,0,1
1342,8,d28c6258f6f0f76b,2.260036,15.198115,0,14237,1,0,0,0,0,0,0,0,0,0,0,0,0,0
1343,8,c20096460c8e084d,1.699579,18.390202,1,14040,1,1,0,0,1,0,0,0,0,0,0,0,0,1
1344,8,56f058d4067555fb,1.27683,20.0,1,14175,1,1,0,0,1,0,0,0,0,0,0,0,0,1
1345,8,da1cd8392f9c0372,2.002888,15.6064,0,14192,1,0,0,0,0,0,0,0,0,0,0,0,0,0
1346,8,de80ffca4e7c6cbf,2.550351,18.697238,1,14014,2,1,0,0,1,0,0,0,0,0,0,0,0,1
1347,8,4fb8d92636e6a58f,1.915983,20.0,1,14218,1,1,0,0,1,0,0,0,0,0,0,0,0,1
1348,8,6ef2abe937135837,2.48306,15.779689,0,13972,1,0,0,0,0,0,0,0,0,0,0,0,0,0
1349,8,659b52c86dd1ef9f,1.86543,18.81238,1,14067,1,1,0,0,1,0,0,0,0,0,0,0,0,1
1350,8,966566a5fb39dccd,1.40283,17.627679,1,14202,1,1,0,0,1,0,0,0,0,0,0,0,0,0
1351,8,1b641b38959edb4a,2.097547,20.0,1,14019,2,1,0,0,1,0,0,0,0,0,0,0,0,1
1352,8,02f34f879c04953c,2.619462,18.654879,1,14055,1,0,0,0,0,0,0,0,0,0,0,0,0,1
1353,8,55549377b2a5640a,1.969873,17.509237,1,13985,1,1,0,0,1,0,0,0,0,0,0,0,0,0
1354,8,8d08bb91940986bf,2.523545,16.63288,1,13906,1,0,0,0,0,0,0,0,0,0,0,0,0,1
1355,8,03e9a23f262fcb79,2.939499,19.45335,1,14020,2,1,0,0,1,0,0,0,0,0,0,0,0,1
1356,8,9b4f74d5e3444e59,2.208335,18.093419,1,13972,1,1,0,0,1,0,0,0,0,0,0,0,0,0
1357,8,62a55d569f8aa6b2,1.6607,20.0,1,13923,1,1,0,0,1,0,0,0,0,0,0,0,0,1
1358,8,f6cbb085cd1fcbcc,1.247622,20.0,1,13938,1,1,0,0,1,0,0,0,0,0,0,0,0,1
1359,8,4c5030ddde00a0dd,0.937291,20.0,1,14113,1,1,0,0,1,0,0,0,0,0,0,0,0,1
1360,8,65cb1d6be04b1b09,1.749007,17.892639,0,14098,1,0,0,0,0,0,0,0,0,0,0,0,0,0
1361,8,644558fdbd0dfa36,1.313964,20.0,1,14055,1,1,0,0,1,0,0,0,0,0,0,0,0,1
1362,8,47956bceebb5b9c6,2.030785,20.0,1,14619,2,1,0,0,1,0,0,0,0,0,0,0,0,1
1363,8,4090fa840e2e46c5,1.525653,20.0,1,14414,1,1,0,0,1,0,0,0,0,0,0,0,0,1
1364,8,e21be45eafa1b69e,1.147313,20.0,1,14213,1,1,0,0,1,0,0,0,0,0,0,0,0,1
1365,8,90d6413fe6d8bddd,1.905587,18.618123,0,14588,1,0,0,0,0,0,0,0,0,0,0,0,0,0
1366,8,39ba5c9c9dd2d10b,1.431596,20.0,1,14358,1,1,0,0,1,0,0,0,0,0,0,0,0,1
1367,8,b528996689b320b4,1.076581,20.0,1,13823,1,1,0,0,1,0,0,0,0,0,0,0,0,1
1368,8,17a49042c61c20e0,1.852448,20.0,1,13868,2,1,0,0,1,0,0,0,0,0,0,0,0,1
1369,8,da470fee4dc2a54f,2.435328,18.04548,0,13562,1,0,0,0,0,0,0,0,0,0,0,0,0,0
1370,8,f81b290f58794ff6,1.829571,20.0,1,13440,1,1,0,0,1,0,0,0,0,0,0,0,0,1
1371,8,be7084befc86f445,1.375864,18.907761,1,13874,1,1,0,0,1,0,0,0,0,0,0,0,0,0
1372,8,6b7ccad6b856608b,1.033635,20.0,1,13540,1,1,0,0,1,0,0,0,0,0,0,0,0,1
1373,8,9cf9fcbe978e6c0a,1.820185,15.898507,0,13665,1,0,0,0,0,0,0,0,0,0,0,0,0,0
1374,8,88ff40d60df99a4f,1.368805,18.916908,1,13774,1,1,0,0,1,0,0,0,0,0,0,0,0,1
1375,8,e7a9e5bf44b6fa7d,2.071985,20.0,1,13787,2,1,0,0,1,0,0,0,0,0,0,0,0,1
1376,8,5700fef821f6014c,1.556605,19.382514,1,13812,1,1,0,0,1,0,0,0,0,0,0,0,0,0
1377,8,544e5acdc7770aa7,2.213073,18.040203,1,13745,1,0,0,0,0,0,0,0,0,0,0,0,0,1
1378,8,44cddd6572bca7bb,1.664262,17.046991,1,13547,1,1,0,0,1,0,0,0,0,0,0,0,0,0
1379,8,e281eeb2890bd23f,1.250298,19.764456,1,13968,1,1,0,0,1,0,0,0,0,0,0,0,0,1
1380,8,31aaa8a3af8754f3,0.939302,14.848297,0,13924,1,1,0,0,0,0,0,0,0,0,0,0,0,0
1381,8,324f3bde78e4da26,1.750519,18.127135,1,13941,1,0,0,0,1,0,0,0,0,0,0,0,0,1
1382,8,e3e920265167a18f,1.3151,17.097083,1,13719,1,1,0,0,1,0,0,0,0,0,0,0,0,0
1383,8,c27a0bf0cca56ac8,2.031638,19.802088,1,13726,2,1,0,0,1,0,0,0,0,0,0,0,0,1
1384,8,de18dc7708216a85,1.526294,20.0,1,13611,1,1,0,0,1,0,0,0,0,0,0,0,0,1
1385,8,a22934955586c0cd,2.191945,19.900175,1,13704,1,0,0,0,0,0,0,0,0,0,0,0,0,1
1386,8,3620be5a333fa45b,1.646727,18.429102,1,13823,1,1,0,0,1,0,0,0,0,0,0,0,0,0
1387,8,7b3008caf1cc1e56,2.280778,20.0,1,13605,2,1,0,0,1,0,0,0,0,0,0,0,0,1
1388,8,2a3d934c9ec3ebad,1.715177,20.0,1,13813,1,1,0,0,1,0,0,0,0,0,0,0,0,1
1389,8,35d656464187d1a1,1.288549,20.0,1,13532,1,1,0,0,1,0,0,0,0,0,0,0,0,0
1390,8,bd5e5df31cf53578,2.011692,18.850528,1,13579,1,0,0,0,0,0,0,0,0,0,0,0,0,1
1391,8,e6d4e1829822e5c1,1.511309,17.640541,1,13404,1,1,0,0,1,0,0,0,0,0,0,0,0,0
1392,8,67fead67863de3c3,1.136526,20.0,1,13611,1,1,0,0,1,0,0,0,0,0,0,0,0,1
1393,8,70077889cf5e58a6,0.853829,20.0,1,13631,1,1,0,0,1,0,0,0,0,0,0,0,0,1
1394,8,776dfb72a61f4141,0.64145,16.643047,0,13518,1,1,0,0,0,0,0,0,0,0,0,0,0,0
1395,8,795814704b02cae2,1.52653,19.476812,1,13547,1,0,0,0,1,0,0,0,0,0,0,0,0,1
1396,8,bbf67f64c56fcf9e,1.146825,18.111045,1,13328,1,1,0,0,1,0,0,0,0,0,0,0,0,0
1397,8,7a7f34a33d874dc0,0.861567,20.0,1,13318,1,1,0,0,1,0,0,0,0,0,0,0,0,1
1398,8,057231089415edf8,1.690916,20.0,1,13307,2,1,0,0,1,0,0,0,0,0,0,0,0,1
1399,8,5e116fe259685edf,1.271593,16.850033,0,12999,0,0,0,0,0,0,0,0,0,0,0,0,0,0
1400,8,bafcf372a087916f,0.9553,16.137644,1,13330,1,1,0,0,1,0,0,0,0,0,0,0,0,0
1401,8,b0335b52c9814a5f,0.717681,19.081298,1,13012,1,1,0,0,1,0,0,0,0,0,0,0,0,1
1402,8,a06ed432cfa1c40b,0.539707,17.82991,1,13369,1,1,0,0,1,0,0,0,0,0,0,0,0,0
1403,8,4ca3d8a26ce587a1,0.405461,16.873789,1,13383,1,1,0,0,0,0,0,0,0,0,0,0,0,1
1404,8,d8255fd5c60e90dd,2.391915,19.634336,1,13530,2,0,0,0,1,0,0,0,0,0,0,0,0,1
1405,8,adb0a87f62c53a95,1.796956,18.229387,1,14354,1,1,0,0,1,0,0,0,0,0,0,0,0,0
1406,8,5a0414d07bdb6237,1.351337,20.0,1,14316,1,1,0,0,1,0,0,0,0,0,0,0,0,1
1407,8,80f817d44da532dc,2.058862,19.007264,1,14477,1,0,0,0,0,0,0,0,0,0,0,0,0,1
1408,8,92661d5927f80d5f,1.546746,17.758292,1,14386,1,1,0,0,1,0,0,0,0,0,0,0,0,0
1409,8,4f3ab0c78e8a5b24,2.207326,20.0,1,14338,2,1,0,0,1,0,0,0,0,0,0,0,0,1
1410,8,9f60613854f816a0,2.701935,18.741114,1,14211,1,0,0,0,0,0,0,0,0,0,0,0,0,1
1411,8,1480e2a37e77d908,2.029862,20.0,1,14479,1,1,0,0,1,0,0,0,0,0,0,0,0,1
1412,8,43b35f1b69ff97a8,1.52496,20.0,1,14223,1,1,0,0,1,0,0,0,0,0,0,0,0,1
1413,8,4e8681a67e08c4a3,1.146791,20.0,1,14366,1,1,0,0,1,0,0,0,0,0,0,0,0,0
1414,8,713edaebdc043a7f,0.861542,18.953319,1,14236,1,1,0,0,0,0,0,0,0,0,0,0,0,1
1415,8,81387313bcedb4ac,2.734551,20.0,1,14364,2,0,0,0,1,0,0,0,0,0,0,0,0,1
1416,8,422e3f02e0249808,2.056421,20.0,1,14344,1,1,0,0,1,0,0,0,0,0,0,0,0,1
1417,8,a04bd087bbc74099,1.544912,20.0,1,14318,1,1,0,0,1,0,0,0,0,0,0,0,0,0
1418,8,365d595e88dc391c,1.160635,20.0,1,14300,1,1,0,0,1,0,0,0,0,0,0,0,0,1
1419,8,caa6b77ad8c01b29,1.915595,16.900798,0,14242,1,0,0,0,0,0,0,0,0,0,0,0,0,0
1420,8,fcc10cfc4f95e987,1.440555,19.670644,1,14334,1,1,0,0,1,0,0,0,0,0,0,0,0,1
1421,8,c895e82768f1bc5f,1.082235,20.0,1,14237,1,1,0,0,1,0,0,0,0,0,0,0,0,1
1422,8,90579b19093b0ccc,0.813043,20.0,1,14348,1,1,0,0,1,0,0,0,0,0,0,0,0,1
1423,8,44f9aabc67eb7008,1.65557,20.0,1,14223,2,1,0,0,1,0,0,0,0,0,0,0,0,0
1424,8,a1ce1eaafebfd3ce,1.243768,20.0,1,14455,1,1,0,0,1,0,0,0,0,0,0,0,0,1
1425,8,916be778b1eec2f9,0.934396,20.0,1,14424,1,1,0,0,1,0,0,0,0,0,0,0,0,0
1426,8,f472c1bb3c747fcf,1.74563,18.920265,1,14430,1,0,0,0,0,0,0,0,0,0,0,0,0,1
1427,8,7226066107016730,1.312739,17.708811,1,14425,1,1,0,0,1,0,0,0,0,0,0,0,0,0
1428,8,2b45e9f3c500a37f,0.986212,20.0,1,14543,1,1,0,0,1,0,0,0,0,0,0,0,0,1
1429,9,1fd48474a6be9a50,0.740904,18.70067,1,14044,1,1,0,0,1,0,0,0,0,0,0,0,0,0
1430,9,0b198662efcfc49a,0.55717,17.543672,1,13882,1,1,0,0,0,0,0,0,0,0,0,0,0,1
1431,9,fcbdd03152747088,1.462235,20.0,1,14361,1,0,0,0,1,0,0,0,0,0,0,0,0,1
1432,9,c7b8a2a9fab59ea4,1.098522,18.607466,1,14298,1,1,0,0,1,0,0,0,0,0,0,0,0,0
1433,9,241e6acbb414e8f5,2.912585,17.457938,1,14326,2,0,0,0,0,0,0,0,0,0,0,0,0,1
1434,9,fc64a472a0076c97,2.190306,20.0,1,14056,1,1,0,0,1,0,0,0,0,0,0,0,0,1
1435,9,1e870741cfb1004d,2.689148,18.571426,1,14236,1,0,0,0,0,0,0,0,0,0,0,0,0,1
1436,9,bf57db00a494f005,2.020256,20.0,1,14150,1,1,0,0,1,0,0,0,0,0,0,0,0,1
1437,9,b9cebc1ba6e23f90,1.519262,19.2049,1,13955,1,1,0,0,1,0,0,0,0,0,0,0,0,0
1438,9,e665c14bbc29de1b,1.141365,20.0,1,14177,1,1,0,0,1,0,0,0,0,0,0,0,0,1
1439,9,e769dc1986223560,1.901118,19.545056,1,14246,2,1,0,0,0,0,0,0,0,0,0,0,0,1
1440,9,1dc6f86b0f28f527,2.471892,20.0,1,14016,1,0,0,0,1,0,0,0,0,0,0,0,0,1
1441,9,83171efae161e4f9,1.858898,20.0,1,14098,1,1,0,0,1,0,0,0,0,0,0,0,0,1
1442,9,d0f092e334d1b579,1.396521,20.0,1,14171,1,1,0,0,1,0,0,0,0,0,0,0,0,0
1443,9,3c72e9f66e532470,1.049154,20.0,1,14021,1,1,0,0,1,0,0,0,0,0,0,0,0,1
1444,9,1fdd04fc4bd3a35e,1.833129,20.0,1,14079,2,1,0,0,0,0,0,0,0,0,0,0,0,1
1445,9,1ea3379f3547fd92,2.420815,18.909854,1,13955,1,0,0,0,1,0,0,0,0,0,0,0,0,0
1446,9,f2433026cfae9a47,1.818668,20.0,1,13981,1,1,0,0,1,0,0,0,0,0,0,0,0,1
1447,9,d0cc26dd4ca1a8f2,1.366297,20.0,1,14045,1,1,0,0,1,0,0,0,0,0,0,0,0,1
1448,9,38a3c7ee0e61cf29,1.027475,20.0,1,13983,1,1,0,0,1,0,0,0,0,0,0,0,0,0
1449,9,e64373de38c1d3e1,0.771903,20.0,1,13910,1,1,0,0,1,0,0,0,0,0,0,0,0,1
1450,9,7addd6445d78c1a4,2.667209,20.0,1,13837,2,0,0,0,0,0,0,0,0,0,0,0,0,1
1451,9,32a2c7ad3446fe7a,2.005779,20.0,1,13969,1,1,0,0,1,0,0,0,0,0,0,0,0,1
1452,9,c2ddba3954d1d184,0.463213,20.0,1,13803,0,1,0,0,1,0,0,0,0,0,0,0,0,0
1453,9,6665faed5439f816,1.391648,18.667566,1,13976,2,1,0,0,0,0,0,0,0,0,0,0,0,1
1454,9,e2ced52540714a46,2.089147,17.503089,1,13946,1,0,0,0,1,0,0,0,0,0,0,0,0,0
1455,9,609fe1b042bd7177,1.571068,20.0,1,13783,1,1,0,0,1,0,0,0,0,0,0,0,0,1
1456,9,a841332a0fc6c3b7,1.180285,20.0,1,13809,1,1,0,0,1,0,0,0,0,0,0,0,0,1
1457,9,55f4672a66ea5f47,0.886704,20.0,1,13953,1,1,0,0,1,0,0,0,0,0,0,0,0,0
1458,9,c0bd9a34ec0d85ea,0.666814,18.568579,1,13849,1,1,0,0,0,0,0,0,0,0,0,0,0,1
1459,9,aabefe6d1a5d48da,1.544606,17.428724,1,13832,1,0,0,0,1,0,0,0,0,0,0,0,0,0
1460,9,3a430dc208632016,1.160405,20.0,1,13779,1,1,0,0,1,0,0,0,0,0,0,0,0,1
1461,9,80aa2168e796d8f4,0.871769,18.54259,1,14042,1,1,0,0,1,0,0,0,0,0,0,0,0,0
1462,9,f7ccb287b0e2aba7,1.699733,17.424794,1,13970,1,0,0,0,0,0,0,0,0,0,0,0,0,1
1463,9,2112fa62c82cb6c3,1.276946,20.0,1,13746,1,1,0,0,1,0,0,0,0,0,0,0,0,1
1464,9,542d2ce96e80afc1,2.002975,15.061527,0,14024,1,0,0,0,0,0,0,0,0,0,0,0,0,0
1465,9,6e60a9a40289d397,2.550416,18.287486,1,13796,2,1,0,0,1,0,0,0,0,0,0,0,0,1
1466,9,0d28e31d51bf6ee7,1.916032,20.0,1,13960,1,1,0,0,1,0,0,0,0,0,0,0,0,1
1467,9,1cc2b0b192026c8b,2.483097,19.027272,1,13814,1,0,0,0,0,0,0,0,0,0,0,0,0,1
1468,9,1248b02762c2799a,1.865458,17.773322,1,13906,1,1,0,0,1,0,0,0,0,0,0,0,0,0
1469,9,3686db50da6353c5,1.402851,20.0,1,13964,1,1,0,0,1,0,0,0,0,0,0,0,0,1
1470,9,07a5e51a719ae67e,1.053909,18.749606,1,13943,1,1,0,0,1,0,0,0,0,0,0,0,0,0
1471,9,f655ac8ba190f916,1.835416,17.564722,1,13946,2,1,0,0,0,0,0,0,0,0,0,0,0,1
1472,9,df4636fa5bc0dabb,2.42441,20.0,1,13854,1,0,0,0,1,0,0,0,0,0,0,0,0,1
1473,9,1c757de92bdadf2e,1.821368,20.0,1,13977,1,1,0,0,1,0,0,0,0,0,0,0,0,1
1474,9,fadc674e98d26e7a,1.368326,20.0,1,13898,1,1,0,0,1,0,0,0,0,0,0,0,0,0
1475,9,b060c27d5d82a438,1.027972,20.0,1,14057,1,1,0,0,1,0,0,0,0,0,0,0,0,1
1476,9,3e83494758863f57,1.8172,16.582169,0,13966,1,0,0,0,0,0,0,0,0,0,0,0,0,0
1477,9,47e28f4ad82b74ba,1.365195,19.415253,1,13986,1,1,0,0,1,0,0,0,0,0,0,0,0,1
1478,9,517cd9eef193deb6,2.069273,20.0,1,13986,2,1,0,0,1,0,0,0,0,0,0,0,0,1
1479,9,2cb5d07246dfbbe3,1.556123,20.0,1,13932,1,1,0,0,1,0,0,0,0,0,0,0,0,1
1480,9,d9410da540952eba,1.169057,20.0,1,13897,1,1,0,0,1,0,0,0,0,0,0,0,0,0
1481,9,871f8b3aad28f122,1.921922,19.164973,1,13951,1,0,0,0,0,0,0,0,0,0,0,0,0,1
1482,9,7947c2ede8685cc5,1.443868,17.876772,1,13937,1,1,0,0,1,0,0,0,0,0,0,0,0,0
1483,9,a216920c73e91809,1.085809,20.0,1,14085,1,1,0,0,1,0,0,0,0,0,0,0,0,1
1484,9,a21e49f92b139637,1.859381,18.808051,1,14096,1,0,0,0,0,0,0,0,0,0,0,0,0,1
1485,9,4cda4847fad63b8e,2.440537,20.0,1,13983,2,1,0,0,1,0,0,0,0,0,0,0,0,1
1486,9,9d585e5e02f0bf39,1.835319,20.0,1,13941,1,1,0,0,1,0,0,0,0,0,0,0,0,1
1487,9,b3aaea1d98938d88,1.378806,20.0,1,14148,1,1,0,0,1,0,0,0,0,0,0,0,0,0
1488,9,570104e6038a27ba,2.079499,18.97136,1,14193,1,0,0,0,0,0,0,0,0,0,0,0,0,1
1489,9,8f6131cee13c3be4,1.56225,20.0,1,15102,1,1,0,0,1,0,0,0,0,0,0,0,0,1
1490,9,9852f06e0716f2e6,1.174834,19.430846,1,14757,1,1,0,0,1,0,0,0,0,0,0,0,0,0
1491,9,29c46747397b015a,1.926262,18.076513,1,14877,1,0,0,0,0,0,0,0,0,0,0,0,0,1
1492,9,e44f8b3f8355a971,1.447129,20.0,1,14563,1,1,0,0,1,0,0,0,0,0,0,0,0,1
1493,9,c2065c3af30fc196,2.132412,18.925293,1,15402,2,1,0,0,1,0,0,0,0,0,0,0,0,0
1494,9,f1e2073d482810b1,2.645655,17.69671,1,15367,1,0,0,0,0,0,0,0,0,0,0,0,0,1
1495,9,2f0b75a626212b5f,1.987582,20.0,1,14819,1,1,0,0,1,0,0,0,0,0,0,0,0,1
1496,9,3bff09d1ec698d29,2.536849,20.0,1,14772,2,1,0,0,1,0,0,0,0,0,0,0,0,1
1497,9,dfa866499880a308,1.907747,20.0,1,14483,1,1,0,0,1,0,0,0,0,0,0,0,0,0
1498,9,30b0f77d6436cfd4,2.476872,18.6203,1,14251,1,0,0,0,0,0,0,0,0,0,0,0,0,1
1499,9,5d2157f2c1228560,1.860781,17.467579,1,14323,1,1,0,0,1,0,0,0,0,0,0,0,0,0
1500,9,9e16f70676223d23,1.399334,20.0,1,13849,1,1,0,0,1,0,0,0,0,0,0,0,0,1
1501,9,09ba666c221a0d8d,1.051267,20.0,1,14052,1,1,0,0,1,0,0,0,0,0,0,0,0,1
1502,9,352a7aa9c07d7f90,0.789778,16.569636,0,14240,1,1,0,0,0,0,0,0,0,0,0,0,0,0
1503,9,c1104ca29a89112a,2.680637,19.405837,1,14080,2,0,0,0,1,0,0,0,0,0,0,0,0,1
1504,9,4a4ea3d53e03ae23,2.015877,20.0,1,13991,1,1,0,0,1,0,0,0,0,0,0,0,0,1
1505,9,8a27f04150d4cfca,1.514453,20.0,1,14083,1,1,0,0,1,0,0,0,0,0,0,0,0,1
1506,9,21662a3c0d0d716a,1.137752,20.0,1,14105,1,1,0,0,0,0,0,0,0,0,0,0,0,1
1507,9,39163f934dbfe4e0,1.899756,19.175898,1,13971,1,0,0,0,1,0,0,0,0,0,0,0,0,0
1508,9,67c4c37b66ef7854,1.427216,20.0,1,14213,1,1,0,0,1,0,0,0,0,0,0,0,0,1
1509,9,6e81bb0111d2a03d,1.072214,20.0,1,14076,1,1,0,0,1,0,0,0,0,0,0,0,0,1
1510,9,972d3ef0a3003152,1.849168,20.0,1,14163,2,1,0,0,1,0,0,0,0,0,0,0,0,1
1511,9,f760416388d53e30,2.434751,18.230621,0,13990,1,0,0,0,0,0,0,0,0,0,0,0,0,0
1512,9,d463cc08d684ccea,1.829137,20.0,1,14134,1,1,0,0,1,0,0,0,0,0,0,0,0,1
1513,9,ead2af1a5bf645e2,1.374163,20.0,1,14193,1,1,0,0,1,0,0,0,0,0,0,0,0,1
1514,9,2ee46e07cbe3c94d,1.03339,20.0,1,14053,1,1,0,0,1,0,0,0,0,0,0,0,0,0
1515,9,422d390b565800d1,1.82,18.790543,1,14176,1,0,0,0,0,0,0,0,0,0,0,0,0,1
1516,9,11f5f436ab250ad2,1.367298,17.595477,1,14012,1,1,0,0,1,0,0,0,0,0,0,0,0,0
1517,9,bf1527321ec0138c,1.0272,20.0,1,14242,1,1,0,0,1,0,0,0,0,0,0,0,0,1
1518,9,55f1ed696d7d7cb1,0.772469,20.0,1,14304,1,1,0,0,1,0,0,0,0,0,0,0,0,1
1519,9,b1bed0b582f6bb65,0.580327,20.0,1,14377,1,1,0,0,1,0,0,0,0,0,0,0,0,0
1520,9,28c4a9d38f412e65,2.523285,18.584717,1,14725,2,0,0,0,0,0,0,0,0,0,0,0,0,1
1521,9,066cff3d49b06c01,1.897546,20.0,1,14503,1,1,0,0,1,0,0,0,0,0,0,0,0,1
1522,9,04f5035b71c6a47b,1.425555,20.0,1,14249,1,1,0,0,1,0,0,0,0,0,0,0,0,1
1523,9,197bb2bc20462dd8,2.11462,17.043787,0,14341,1,0,0,0,0,0,0,0,0,0,0,0,0,0
1524,9,ca4cac3c8e1a44fd,1.588635,19.762049,1,14394,1,1,0,0,1,0,0,0,0,0,0,0,0,1
1525,9,86add56d20b2a992,1.194676,18.341844,1,14412,1,1,0,0,1,0,0,0,0,0,0,0,0,0
1526,9,4de60e169ec6fb28,0.897515,20.0,1,14327,1,1,0,0,1,0,0,0,0,0,0,0,0,1
1527,9,115b2b434d05bb77,1.717923,19.057951,1,14223,1,0,0,0,0,0,0,0,0,0,0,0,0,1
1528,9,97be25da26d39cb4,1.291903,17.812352,1,14305,1,1,0,0,1,0,0,0,0,0,0,0,0,0
1529,9,14fce6fee0f49fae,0.970558,20.0,1,14387,1,1,0,0,1,0,0,0,0,0,0,0,0,1
1530,9,b8aab18061b7c012,1.772797,20.0,1,14274,2,1,0,0,1,0,0,0,0,0,0,0,0,1
1531,9,2fda8ba76fe65e09,2.37549,16.706542,0,14290,1,0,0,0,0,0,0,0,0,0,0,0,0,0
1532,9,c63782ccdd654753,1.786402,19.524561,1,14388,1,1,0,0,1,0,0,0,0,0,0,0,0,1
1533,9,1c4781a720cee1c6,1.342057,20.0,1,14432,1,1,0,0,1,0,0,0,0,0,0,0,0,1
1534,9,ad60108f20a3df23,2.051891,16.246627,0,14201,1,0,0,0,0,0,0,0,0,0,0,0,0,0
1535,9,dbbea8ffef5e5189,1.543051,19.178698,1,14314,1,1,0,0,1,0,0,0,0,0,0,0,0,1
1536,9,cb570c39fb87b48b,1.159237,17.887084,1,14256,1,1,0,0,1,0,0,0,0,0,0,0,0,0
1537,9,241518b3b5c9d246,0.870891,20.0,1,14331,1,1,0,0,1,0,0,0,0,0,0,0,0,1
1538,9,047b75ca149d71f7,0.654268,18.801286,1,14184,1,1,0,0,1,0,0,0,0,0,0,0,0,0
1539,9,088ac63bd0407a63,0.492019,17.619337,1,14359,1,1,0,0,0,0,0,0,0,0,0,0,0,1
1540,9,2e874b25835fa3a5,1.413289,20.0,1,14205,1,0,0,0,1,0,0,0,0,0,0,0,0,1
1541,9,65ef939757159892,1.061751,18.650171,1,14339,1,1,0,0,1,0,0,0,0,0,0,0,0,0
1542,9,02900eea0c571c2b,1.842602,20.0,1,14211,2,1,0,0,1,0,0,0,0,0,0,0,0,1
1543,9,23d8d185709c88c3,1.384278,19.24499,1,14174,1,1,0,0,1,0,0,0,0,0,0,0,0,0
1544,9,c1c3ec91446b7b1a,1.039957,20.0,1,14107,1,1,0,0,1,0,0,0,0,0,0,0,0,1
1545,9,baecd2fb841d84d4,0.78128,19.567683,1,14468,1,1,0,0,1,0,0,0,0,0,0,0,0,0
1546,9,a2fdc5147b7a6ce6,1.631685,18.195678,1,14299,1,0,0,0,0,0,0,0,0,0,0,0,0,1
1547,9,6824350144f7aecb,1.225824,17.148577,1,14481,1,1,0,0,1,0,0,0,0,0,0,0,0,0
1548,9,bfb66f23b8ea9a14,0.920915,19.840774,1,14629,1,1,0,0,1,0,0,0,0,0,0,0,0,1
1549,9,6268fd1dde37f439,0.692542,14.920545,0,14695,1,1,0,0,0,0,0,0,0,0,0,0,0,0
1550,9,c0f555025b5c633a,1.563934,18.166937,1,14637,1,0,0,0,1,0,0,0,0,0,0,0,0,1
1551,9,12067355e4cba5fd,2.218578,20.0,1,14689,2,1,0,0,1,0,0,0,0,0,0,0,0,1
1552,9,114b09c49af7a784,2.710388,18.959234,1,14473,1,0,0,0,0,0,0,0,0,0,0,0,0,1
1553,9,48e2dd29a6a989be,2.038251,17.738116,1,14457,1,1,0,0,1,0,0,0,0,0,0,0,0,0
1554,9,ea6c01ce073ebc18,1.531262,20.0,1,14644,1,1,0,0,1,0,0,0,0,0,0,0,0,1
1555,9,c24700f1e7000a8f,2.194033,18.717209,1,14481,1,0,0,0,0,0,0,0,0,0,0,0,0,1
1556,9,75bd1ff590af47d8,1.649944,17.55611,1,14434,1,1,0,0,1,0,0,0,0,0,0,0,0,0
1557,9,327116c271dc2a0b,2.283195,20.0,1,14362,2,1,0,0,1,0,0,0,0,0,0,0,0,1
1558,9,abc15d70e610f623,1.715279,20.0,1,14492,1,1,0,0,1,0,0,0,0,0,0,0,0,1
1559,9,42cce85afd41fae2,2.332278,20.0,1,14279,1,0,0,0,0,0,0,0,0,0,0,0,0,1
1560,9,09bfd6ce1c4f3d8e,1.753906,20.0,1,14196,1,1,0,0,1,0,0,0,0,0,0,0,0,1
1561,9,b55e8ffacfd016a4,1.317644,20.0,1,14277,1,1,0,0,1,0,0,0,0,0,0,0,0,0
1562,9,48e9762a55f72439,0.989897,20.0,1,14015,1,1,0,0,1,0,0,0,0,0,0,0,0,1
1563,9,fab076c713c0dd8f,1.788567,20.0,1,13986,2,1,0,0,1,0,0,0,0,0,0,0,0,1
1564,9,1fc57e52f65441f3,2.387337,20.0,1,14020,1,0,0,0,0,0,0,0,0,0,0,0,0,1
1565,9,41c8502a4b5096ae,1.793517,20.0,1,14138,1,1,0,0,1,0,0,0,0,0,0,0,0,1
1566,9,04264219273f00f7,1.347402,20.0,1,13938,1,1,0,0,1,0,0,0,0,0,0,0,0,0
1567,9,2c15fad0aef85f01,1.013266,20.0,1,14051,1,1,0,0,1,0,0,0,0,0,0,0,0,1
1568,9,50b824ca23ecb851,2.848535,20.0,1,14159,2,0,0,0,0,0,0,0,0,0,0,0,0,1
1569,9,84dfdb857c090291,2.139998,20.0,1,14000,1,1,0,0,1,0,0,0,0,0,0,0,0,1
1570,9,66c4a9b17df16ab8,1.609309,20.0,1,13898,1,1,0,0,1,0,0,0,0,0,0,0,0,0
1571,9,f952ebb3f11308bd,1.209014,20.0,1,13946,1,1,0,0,1,0,0,0,0,0,0,0,0,1
1572,9,cedd0714675add9b,0.908287,16.639904,0,14052,1,1,0,0,0,0,0,0,0,0,0,0,0,0
1573,9,6a4e3b30f8b59277,1.726015,19.458627,1,14208,1,0,0,0,1,0,0,0,0,0,0,0,0,1
1574,9,14f3dc75608f6f8d,2.342139,20.0,1,13883,2,1,0,0,1,0,0,0,0,0,0,0,0,1
1575,9,3588ef7901bb3bff,1.759561,19.701736,1,13827,1,1,0,0,1,0,0,0,0,0,0,0,0,0
1576,9,88a2878a09da1f90,0.278239,18.280022,1,13969,0,1,0,0,1,0,0,0,0,0,0,0,0,0
1577,9,1945941c6de8068f,1.25339,17.227339,1,13961,1,0,0,0,0,0,0,0,0,0,0,0,0,1
1578,9,9fc8cc2481b73611,0.941625,16.4211,1,13991,1,1,0,0,1,0,0,0,0,0,0,0,0,0
1579,9,f470d6c2825ed526,0.707408,19.294248,1,13830,1,1,0,0,1,0,0,0,0,0,0,0,0,1
1580,9,cc3e15345951037e,1.575102,14.495047,0,14048,1,0,0,0,0,0,0,0,0,0,0,0,0,0
1581,9,4360d39b7aed7373,1.1845,17.861485,1,13935,1,1,0,0,1,0,0,0,0,0,0,0,0,1
1582,9,7dd518ebbd6cbb5e,0.88987,16.897511,1,13973,1,1,0,0,1,0,0,0,0,0,0,0,0,0
1583,9,02353af1934faa42,1.71218,19.652157,1,13866,2,1,0,0,1,0,0,0,0,0,0,0,0,1
1584,9,d89a2f9d73a8588e,2.331734,18.259204,1,14094,1,0,0,0,0,0,0,0,0,0,0,0,0,1
1585,9,5f1413fa08fe8e25,1.751745,20.0,1,13925,1,1,0,0,1,0,0,0,0,0,0,0,0,1
1586,9,5bb95371b6cb3085,1.31602,19.011309,1,13888,1,1,0,0,1,0,0,0,0,0,0,0,0,0
1587,9,9a886e70cce6f48d,2.03233,17.76133,1,13973,1,0,0,0,0,0,0,0,0,0,0,0,0,1
1588,9,953c8a8c1bfb44d1,1.528341,20.0,1,14050,1,1,0,0,1,0,0,0,0,0,0,0,0,1
1589,9,c60ab5d371cb6dbd,3.235492,18.742831,1,13924,2,0,0,0,0,0,0,0,0,0,0,0,0,1
1590,9,a3ce878980947308,2.430704,17.559633,1,14004,1,1,0,0,1,0,0,0,0,0,0,0,0,0
1591,9,e1622140268502ff,1.827924,20.0,1,14013,1,1,0,0,1,0,0,0,0,0,0,0,0,1
1592,9,80c420fcde5b2376,1.373251,18.62888,1,14179,1,1,0,0,1,0,0,0,0,0,0,0,0,0
1593,9,71666303004c43d6,2.075326,17.474025,1,14086,1,0,0,0,0,0,0,0,0,0,0,0,0,1
1594,9,71cd9d98a16f4232,2.602768,20.0,1,14042,2,1,0,0,1,0,0,0,0,0,0,0,0,1
1595,9,0a411613968edfc2,1.957319,20.0,1,14073,1,1,0,0,1,0,0,0,0,0,0,0,0,1
1596,9,3d878998b250a99f,1.47046,20.0,1,14150,1,1,0,0,1,0,0,0,0,0,0,0,0,1
1597,9,a297601d68ae7731,1.104702,20.0,1,14067,1,1,0,0,1,0,0,0,0,0,0,0,0,0
1598,9,200367be5d31b3a9,1.874902,19.39276,1,13937,1,0,0,0,0,0,0,0,0,0,0,0,0,1
1599,9,5134399e720ec30e,1.408544,20.0,1,14121,1,1,0,0,1,0,0,0,0,0,0,0,0,1
1600,9,b13e65edd381f746,1.058186,19.651083,1,13939,1,1,0,0,1,0,0,0,0,0,0,0,0,0
1601,9,ecde7c48f15d0c4a,0.794976,20.0,1,14097,1,1,0,0,1,0,0,0,0,0,0,0,0,1
1602,9,8b218320bbe3e233,0.597833,20.0,1,14065,1,1,0,0,1,0,0,0,0,0,0,0,0,1
1603,9,67efd45e1964b3e9,0.44913,17.500936,0,14214,1,1,0,0,0,0,0,0,0,0,0,0,0,0
1604,9,be274e3d9683d89e,1.381068,20.0,1,14094,1,0,0,0,1,0,0,0,0,0,0,0,0,1
1605,9,ba06c34cd3abee9a,1.038583,18.600116,1,14035,1,1,0,0,1,0,0,0,0,0,0,0,0,0
1606,9,158c804fffb5c6a2,1.823902,20.0,1,14201,2,1,0,0,1,0,0,0,0,0,0,0,0,1
1607,9,486666c5aa33e017,2.413882,19.203718,1,14314,1,0,0,0,0,0,0,0,0,0,0,0,0,1
1608,9,d8ce3545f373b48d,1.81346,20.0,1,14311,1,1,0,0,1,0,0,0,0,0,0,0,0,1
1609,9,891d6b4bbbb121c2,1.363748,19.562119,1,14200,1,1,0,0,1,0,0,0,0,0,0,0,0,0
1610,9,e6a34de6c5392f9a,2.068186,18.175133,1,14265,1,0,0,0,0,0,0,0,0,0,0,0,0,1
1611,9,c2fdd79eec4f4d6c,1.553751,17.133143,1,14257,1,1,0,0,1,0,0,0,0,0,0,0,0,0
1612,9,73628d2e67deec69,1.168443,19.845371,1,14328,1,1,0,0,1,0,0,0,0,0,0,0,0,1
1613,9,434cf2db20dff390,1.921461,14.909085,0,14304,1,0,0,0,0,0,0,0,0,0,0,0,0,0
1614,9,565272c569edfdfc,1.443522,18.158328,1,14139,1,1,0,0,1,0,0,0,0,0,0,0,0,1
1615,9,23f0ed23a042569d,3.171771,17.120517,1,14145,2,0,0,0,0,0,0,0,0,0,0,0,0,1
1616,9,abe3b2e1e9ac8ca3,2.385217,19.835876,1,14239,1,1,0,0,1,0,0,0,0,0,0,0,0,1
1617,9,30c1ef412897e86b,1.791924,14.901952,0,14193,1,1,0,0,0,0,0,0,0,0,0,0,0,0
1618,9,9ca2cd94d1cfdea1,2.389859,18.152969,1,14150,1,0,0,0,1,0,0,0,0,0,0,0,0,1
1619,9,57b8b45fd0743a61,1.797208,17.131793,1,14126,1,1,0,0,1,0,0,0,0,0,0,0,0,0
1620,9,220d666e80a7c2eb,1.350175,19.828165,1,14181,1,1,0,0,1,0,0,0,0,0,0,0,0,1
1621,9,ce507ed442b9258d,2.057989,20.0,1,14187,2,1,0,0,1,0,0,0,0,0,0,0,0,1
1622,9,60a9ad034a1d4d4a,2.589744,19.896823,1,14196,1,0,0,0,0,0,0,0,0,0,0,0,0,1
1623,9,0905c21317e13c85,1.947524,18.443197,1,14063,1,1,0,0,1,0,0,0,0,0,0,0,0,0
1624,9,3f473092fc5b3f0b,1.463102,20.0,1,13923,1,1,0,0,1,0,0,0,0,0,0,0,0,1
1625,9,23416ebf4bb44171,1.099174,19.115154,1,13904,1,1,0,0,1,0,0,0,0,0,0,0,0,0
1626,9,0f77c03fc23dd845,1.870745,17.85537,1,13953,1,0,0,0,0,0,0,0,0,0,0,0,0,1
1627,9,6b2161a24845743c,2.449074,20.0,1,14015,2,1,0,0,1,0,0,0,0,0,0,0,0,1
1628,9,accdb09621daaa9f,1.839898,20.0,1,13863,1,1,0,0,1,0,0,0,0,0,0,0,0,1
1629,9,e7aa271b96000509,1.382246,20.0,1,13948,1,1,0,0,1,0,0,0,0,0,0,0,0,0
1630,9,8bba42b7ee927c4f,2.08362,18.673917,1,13870,1,0,0,0,0,0,0,0,0,0,0,0,0,1
1631,9,1850b86762b6a0ff,2.608999,20.0,1,13869,2,1,0,0,1,0,0,0,0,0,0,0,0,1
1632,9,cb43c894ea4526e1,1.960043,19.245371,1,13967,1,1,0,0,1,0,0,0,0,0,0,0,0,0
1633,9,39a3c51e2f6cef41,1.47398,20.0,1,13645,1,1,0,0,1,0,0,0,0,0,0,0,0,1
1634,9,c743c8d8d244668b,2.151,19.581255,1,13643,1,0,0,0,0,0,0,0,0,0,0,0,0,1
1635,9,b474a5519ba55f5f,1.615966,18.189509,1,13633,1,1,0,0,1,0,0,0,0,0,0,0,0,0
1636,9,7a69a469a3f03974,1.214015,20.0,1,13757,1,1,0,0,1,0,0,0,0,0,0,0,0,1
1637,9,b455d8ac6339acbb,1.957107,15.50863,0,13593,1,0,0,0,0,0,0,0,0,0,0,0,0,0
1638,9,bfac3001535073c2,1.470301,18.608743,1,13578,1,1,0,0,1,0,0,0,0,0,0,0,0,1
1639,9,372a236e3f210436,1.104582,17.458898,1,13515,1,1,0,0,1,0,0,0,0,0,0,0,0,0
1640,9,5a2ba229e4abf30d,1.874812,16.609842,1,13480,1,0,0,0,0,0,0,0,0,0,0,0,0,1
1641,9,7d9db3ba19d3a9ca,1.408476,15.957198,1,13853,1,1,0,0,1,0,0,0,0,0,0,0,0,0
1642,9,5419133db127a5ae,1.058136,15.46689,1,13765,1,1,0,0,0,0,0,0,0,0,0,0,0,1
1643,9,5308a59c9c1154f9,1.838591,15.098541,1,13597,1,0,0,0,1,0,0,0,0,0,0,0,0,0
1644,9,f97c10f85e32ca3c,1.382647,18.315322,1,13564,1,1,0,0,1,0,0,0,0,0,0,0,0,1
1645,9,fe7cf20a1aab92a3,1.038731,17.238461,1,13612,1,1,0,0,0,0,0,0,0,0,0,0,0,1
1646,9,f56ecff165f4a3a0,1.824013,16.429456,1,13759,1,0,0,0,1,0,0,0,0,0,0,0,0,0
1647,9,67edb6e9b90c57e4,2.415834,19.316188,1,13705,2,1,0,0,1,0,0,0,0,0,0,0,0,1
1648,9,b3086e60312efc7b,1.814926,17.990375,1,13874,1,1,0,0,0,0,0,0,0,0,0,0,0,1
1649,9,efd9a0b38ba88754,2.407139,20.0,1,13873,1,0,0,0,1,0,0,0,0,0,0,0,0,1
1650,9,591d783c02279664,1.808394,20.0,1,13572,1,1,0,0,1,0,0,0,0,0,0,0,0,1
1651,9,702d91c3b178db02,1.359938,20.0,1,13836,1,1,0,0,1,0,0,0,0,0,0,0,0,0
1652,9,18c1ceb7856f85a2,1.021671,20.0,1,13510,1,1,0,0,1,0,0,0,0,0,0,0,0,1
1653,9,5de8e949a997e10b,1.811196,20.0,1,13810,2,1,0,0,1,0,0,0,0,0,0,0,0,1
1654,9,7ff11cfcdb98bdec,2.406196,20.0,1,13396,1,0,0,0,0,0,0,0,0,0,0,0,0,1
1655,9,2a2505017a3e4859,1.807685,20.0,1,13588,1,1,0,0,1,0,0,0,0,0,0,0,0,1
1656,9,2f678564651ad8e5,1.358046,20.0,1,13440,1,1,0,0,1,0,0,0,0,0,0,0,0,0
1657,9,518ce9c7bc95b243,1.020249,20.0,1,13653,1,1,0,0,1,0,0,0,0,0,0,0,0,1
1658,9,5ecf73857acdef32,1.811393,20.0,1,13457,2,1,0,0,1,0,0,0,0,0,0,0,0,1
1659,9,382797dcfc3f8362,1.360832,20.0,1,13746,1,1,0,0,1,0,0,0,0,0,0,0,0,0
1660,9,a2aa6c388333c5c9,2.065995,19.574553,1,13667,1,0,0,0,0,0,0,0,0,0,0,0,0,1
1661,9,894188e79a20d12e,1.553658,18.200845,1,13863,1,1,0,0,1,0,0,0,0,0,0,0,0,0
1662,9,9ca1749fc258c8b4,1.167205,20.0,1,13516,1,1,0,0,1,0,0,0,0,0,0,0,0,1
1663,9,5e6abc860afe3d6e,0.876878,18.978371,1,13884,1,1,0,0,1,0,0,0,0,0,0,0,0,0
1664,9,9a09569344677402,1.702419,17.736586,1,13833,1,0,0,0,0,0,0,0,0,0,0,0,0,1
1665,9,d1ac6510874f55c1,1.280243,20.0,1,13733,1,1,0,0,1,0,0,0,0,0,0,0,0,1
1666,9,87d75a49d8cfce37,0.961799,18.728851,1,13942,1,1,0,0,1,0,0,0,0,0,0,0,0,0
1667,9,62eb00765e520f5d,1.766217,17.54913,1,14071,1,0,0,0,0,0,0,0,0,0,0,0,0,1
1668,9,5a0801925fcbcd4c,1.32822,16.677698,1,13835,1,1,0,0,1,0,0,0,0,0,0,0,0,0
1669,9,795e91631de268c1,0.997842,19.48702,1,14636,1,1,0,0,1,0,0,0,0,0,0,0,0,1
1670,9,f7dd41abad7fdbb2,1.793295,14.63987,0,14721,1,0,0,0,0,0,0,0,0,0,0,0,0,0
1671,9,753daa817853868e,1.347235,17.956076,1,14655,1,1,0,0,1,0,0,0,0,0,0,0,0,1
1672,9,0040e2f2dbf5e163,2.057291,20.0,1,14601,2,1,0,0,1,0,0,0,0,0,0,0,0,1
1673,9,d64b5198b9030890,2.589219,18.852854,1,16412,1,0,0,0,0,0,0,0,0,0,0,0,0,1
1674,9,3feeaaae0adf8045,1.945183,20.0,1,16330,1,1,0,0,1,0,0,0,0,0,0,0,0,1
1675,9,fc6dd07ef2e80954,2.506956,15.883394,0,16266,1,0,0,0,0,0,0,0,0,0,0,0,0,0
1676,9,8e5134323c5f8f55,1.883382,18.890289,1,16170,1,1,0,0,1,0,0,0,0,0,0,0,0,1
1677,9,591ec058f1454556,2.458568,20.0,1,16251,2,1,0,0,1,0,0,0,0,0,0,0,0,1
1678,9,b636069ed547efbb,1.84703,19.367491,1,15788,1,1,0,0,0,0,0,0,0,0,0,0,0,1
1679,9,b561e764048ce259,2.433144,20.0,1,15992,1,0,0,0,1,0,0,0,0,0,0,0,0,1
1680,9,783f63c72d001dae,1.82793,19.650247,1,15533,1,1,0,0,1,0,0,0,0,0,0,0,0,0
1681,9,a81a763d41ccba09,2.416909,20.0,1,15037,2,1,0,0,1,0,0,0,0,0,0,0,0,1
1682,9,75c33276f23044a2,2.8617,19.814391,1,14901,1,0,0,0,0,0,0,0,0,0,0,0,0,1
1683,9,c73b42b788f0507e,2.149888,20.0,1,15256,1,1,0,0,1,0,0,0,0,0,0,0,0,1
1684,9,7ede5cbc8ef2f556,2.658784,20.0,1,14523,2,1,0,0,1,0,0,0,0,0,0,0,0,1
1685,9,ae2309a4dfca7522,1.997445,20.0,1,13561,1,1,0,0,1,0,0,0,0,0,0,0,0,1
1686,9,0c31ac22aff5aa8d,1.502107,18.434211,0,12924,1,1,0,0,0,0,0,0,0,0,0,0,0,0
1687,9,e4ba280806f74950,2.17213,20.0,1,13514,1,0,0,0,1,0,0,0,0,0,0,0,0,1
1688,9,0b38e2b604a57a3c,1.63184,19.110082,1,13620,1,1,0,0,1,0,0,0,0,0,0,0,0,0
1689,9,97be64f2cdc4ed58,1.227167,20.0,1,13527,1,1,0,0,1,0,0,0,0,0,0,0,0,1
1690,9,089ac3e4d51ebfad,1.965578,20.0,1,13457,2,1,0,0,1,0,0,0,0,0,0,0,0,1
1691,9,f400d6025306dcb3,1.476665,20.0,1,13549,1,1,0,0,1,0,0,0,0,0,0,0,0,0
1692,9,29d70e78c7e96d29,2.153017,19.064249,1,13523,1,0,0,0,0,0,0,0,0,0,0,0,0,1
1693,9,cf88db0fd90c8aae,1.619099,17.817089,1,13170,1,1,0,0,1,0,0,0,0,0,0,0,0,0
1694,9,1ad6ba1fc858da4a,1.216369,20.0,1,13420,1,1,0,0,1,0,0,0,0,0,0,0,0,1
1695,9,8893e3fd88e39e6b,0.913812,18.761781,1,13227,1,1,0,0,1,0,0,0,0,0,0,0,0,0
1696,9,c993e82b7de19abe,0.6872,20.0,1,12996,1,1,0,0,1,0,0,0,0,0,0,0,0,1
1697,9,a1637c574c5d3a95,1.559921,19.308046,1,13080,1,0,0,0,0,0,0,0,0,0,0,0,0,1
1698,9,d80867aa55287000,1.17191,17.984257,1,13499,1,1,0,0,1,0,0,0,0,0,0,0,0,0
1699,9,b71356d5285aa930,1.924066,16.989745,1,13960,1,0,0,0,0,0,0,0,0,0,0,0,0,1
1700,10,1fd48474a6be9a50,1.446925,16.257032,1,13872,1,1,0,0,1,0,0,0,0,0,0,0,0,0
1701,10,0b198662efcfc49a,1.087021,19.170989,1,14241,1,1,0,0,1,0,0,0,0,0,0,0,0,1
1702,10,fcbdd03152747088,1.860291,14.402448,0,14157,1,0,0,0,0,0,0,0,0,0,0,0,0,0
1703,10,c7b8a2a9fab59ea4,1.398966,17.791849,1,14190,1,1,0,0,1,0,0,0,0,0,0,0,0,1
1704,10,241e6acbb414e8f5,1.050991,16.845196,1,14289,1,1,0,0,1,0,0,0,0,0,0,0,0,0
1705,10,fc64a472a0076c97,1.833223,16.13401,1,14106,1,0,0,0,0,0,0,0,0,0,0,0,0,1
1706,10,1e870741cfb1004d,2.420885,19.078568,1,14104,2,1,0,0,1,0,0,0,0,0,0,0,0,1
1707,10,bf57db00a494f005,2.864691,17.827857,1,14148,1,0,0,0,0,0,0,0,0,0,0,0,0,1
1708,10,b9cebc1ba6e23f90,2.152135,16.872247,1,14114,1,1,0,0,1,0,0,0,0,0,0,0,0,0
1709,10,e665c14bbc29de1b,2.660472,16.154333,1,14269,1,0,0,0,0,0,0,0,0,0,0,0,0,1
1710,10,e769dc1986223560,3.044863,19.109292,1,14231,2,1,0,0,1,0,0,0,0,0,0,0,0,1
1711,10,1dc6f86b0f28f527,2.287492,20.0,1,13957,1,1,0,0,1,0,0,0,0,0,0,0,0,1
1712,10,83171efae161e4f9,2.762161,16.01225,0,14266,1,0,0,0,0,0,0,0,0,0,0,0,0,0
1713,10,d0f092e334d1b579,2.075108,18.987094,1,14143,1,1,0,0,1,0,0,0,0,0,0,0,0,1
1714,10,3c72e9f66e532470,1.560511,17.759067,1,13794,1,1,0,0,1,0,0,0,0,0,0,0,0,0
1715,10,1fdd04fc4bd3a35e,1.172353,16.820568,1,14118,1,1,0,0,0,0,0,0,0,0,0,0,0,1
1716,10,1ea3379f3547fd92,2.968052,19.594353,1,14056,2,0,0,0,1,0,0,0,0,0,0,0,0,1
1717,10,f2433026cfae9a47,2.232017,18.215734,1,14032,1,1,0,0,1,0,0,0,0,0,0,0,0,0
1718,10,d0cc26dd4ca1a8f2,1.676831,20.0,1,14050,1,1,0,0,1,0,0,0,0,0,0,0,0,1
1719,10,38a3c7ee0e61cf29,2.303394,18.986775,1,13923,1,0,0,0,0,0,0,0,0,0,0,0,0,1
1720,10,e64373de38c1d3e1,1.730454,17.742899,1,13912,1,1,0,0,1,0,0,0,0,0,0,0,0,0
1721,10,7addd6445d78c1a4,1.301326,20.0,1,13869,1,1,0,0,1,0,0,0,0,0,0,0,0,1
1722,10,32a2c7ad3446fe7a,0.977638,18.732418,1,13800,1,1,0,0,1,0,0,0,0,0,0,0,0,0
1723,10,c2ddba3954d1d184,2.821769,17.55181,1,13958,2,0,0,0,0,0,0,0,0,0,0,0,0,1
1724,10,6665faed5439f816,2.122011,20.0,1,13918,1,1,0,0,1,0,0,0,0,0,0,0,0,1
1725,10,e2ced52540714a46,1.594187,18.62446,1,13605,1,1,0,0,1,0,0,0,0,0,0,0,0,0
1726,10,609fe1b042bd7177,1.197653,20.0,1,13914,1,1,0,0,1,0,0,0,0,0,0,0,0,1
1727,10,a841332a0fc6c3b7,1.943406,15.738613,0,14029,1,0,0,0,0,0,0,0,0,0,0,0,0,0
1728,10,55f4672a66ea5f47,1.461469,18.796665,1,13732,1,1,0,0,1,0,0,0,0,0,0,0,0,1
1729,10,c0bd9a34ec0d85ea,1.097947,17.600076,1,13938,1,1,0,0,1,0,0,0,0,0,0,0,0,0
1730,10,aabefe6d1a5d48da,1.8685,16.701124,1,13834,1,0,0,0,0,0,0,0,0,0,0,0,0,1
1731,10,1adb77769bb8b4f3,1.405138,16.039985,1,13792,1,1,0,0,1,0,0,0,0,0,0,0,0,0
1732,10,a846133f73861c83,2.099281,15.529086,1,13985,1,0,0,0,0,0,0,0,0,0,0,0,0,1
1733,10,cfa8b1cf2d33ed9a,1.577112,15.145266,1,14050,1,1,0,0,1,0,0,0,0,0,0,0,0,0
1734,10,10999707da36a12f,3.272132,14.856917,1,13761,2,0,0,0,0,0,0,0,0,0,0,0,0,1
1735,10,34b7a6e5fe8596ce,2.46069,18.133616,1,13985,1,1,0,0,1,0,0,0,0,0,0,0,0,1
1736,10,a2076ecd533fd97d,1.848624,20.0,1,13864,1,1,0,0,1,0,0,0,0,0,0,0,0,1
1737,10,7c306d0aa9eb8d48,2.432456,18.940428,1,14067,1,0,0,0,0,0,0,0,0,0,0,0,0,1
1738,10,4299b7b28708007a,1.829241,17.723974,1,13832,1,1,0,0,1,0,0,0,0,0,0,0,0,0
1739,10,e37137cca5879e3d,1.374241,20.0,1,13879,1,1,0,0,1,0,0,0,0,0,0,0,0,1
1740,10,83ac982daf0f5cdb,1.032416,20.0,1,14034,1,1,0,0,1,0,0,0,0,0,0,0,0,1
1741,10,078a94e79d1b5acb,2.862922,20.0,1,13957,2,0,0,0,0,0,0,0,0,0,0,0,0,1
1742,10,64cf20e70299fe05,2.152958,18.63202,1,14181,1,1,0,0,1,0,0,0,0,0,0,0,0,0
1743,10,cf7af629955fdca6,1.617437,20.0,1,14097,1,1,0,0,1,0,0,0,0,0,0,0,0,1
1744,10,94513cbd51c5aac7,1.21512,20.0,1,14146,1,1,0,0,1,0,0,0,0,0,0,0,0,1
1745,10,e1c21b640cfa9d76,1.957938,20.0,1,13868,1,0,0,0,0,0,0,0,0,0,0,0,0,1
1746,10,7fb56707d7dafef1,1.470926,18.918533,1,13927,1,1,0,0,1,0,0,0,0,0,0,0,0,0
1747,10,758c41e03502f72e,1.105051,20.0,1,13955,1,1,0,0,1,0,0,0,0,0,0,0,0,1
1748,10,94794f18cf6f41ad,0.830184,20.0,1,13725,1,1,0,0,1,0,0,0,0,0,0,0,0,1
1749,10,fed011cd7c4ce32d,2.712611,20.0,1,14458,2,0,0,0,0,0,0,0,0,0,0,0,0,1
1750,10,0e89dd78ccfac659,2.037883,20.0,1,14483,1,1,0,0,1,0,0,0,0,0,0,0,0,1
1751,10,6e9429ffc329606a,1.530986,20.0,1,14397,1,1,0,0,1,0,0,0,0,0,0,0,0,0
1752,10,c5cf9a4e7a3cc245,1.151323,18.801883,1,16062,1,1,0,0,0,0,0,0,0,0,0,0,0,1
1753,10,213935fdea8b3cba,1.908599,17.603996,1,16441,1,0,0,0,1,0,0,0,0,0,0,0,0,0
1754,10,e037c64cb0d7fe62,1.433859,20.0,1,16154,1,1,0,0,1,0,0,0,0,0,0,0,0,1
1755,10,5731f9aeaa97bfbe,1.077205,18.641513,1,16119,1,1,0,0,1,0,0,0,0,0,0,0,0,0
1756,10,05c3d47bc771235c,1.854224,17.499185,1,16015,1,0,0,0,0,0,0,0,0,0,0,0,0,1
1757,10,2a6bf98f588dd988,2.436662,20.0,1,16037,2,1,0,0,1,0,0,0,0,0,0,0,0,1
1758,10,a68be7a09985c81a,1.830573,20.0,1,16694,1,1,0,0,1,0,0,0,0,0,0,0,0,1
1759,10,6b59fcc9314e8be9,1.376617,20.0,1,16425,1,1,0,0,1,0,0,0,0,0,0,0,0,1
1760,10,f269f7f4237f3d8d,1.034201,17.693243,0,16323,1,1,0,0,0,0,0,0,0,0,0,0,0,0
1761,10,17853b8063b9e47c,2.864263,20.0,1,16115,2,0,0,0,1,0,0,0,0,0,0,0,0,1
1762,10,4624351d6d799259,2.151814,20.0,1,15913,1,1,0,0,1,0,0,0,0,0,0,0,0,2
1763,10,f09aa613e18035d0,2.662345,20.0,1,15607,2,1,0,0,1,0,0,0,0,0,0,0,0,0
1764,10,39ea29ff5752df15,3.043774,20.0,1,14544,1,0,0,0,0,0,0,0,0,0,0,0,0,1
1765,10,c41185ca4e7f7f5b,2.286674,18.943287,1,14076,1,1,0,0,1,0,0,0,0,0,0,0,0,0
1766,10,457757936aedbf8a,2.763762,20.0,1,14019,2,1,0,0,1,0,0,0,0,0,0,0,0,1
1767,10,f3b7ad594bc9f1d2,3.119964,19.410589,1,14235,1,0,0,0,0,0,0,0,0,0,0,0,0,1
1768,10,95934350cee878a7,2.343912,20.0,1,13976,1,1,0,0,1,0,0,0,0,0,0,0,0,1
1769,10,3783f71add43bcb7,2.804547,20.0,1,14106,2,1,0,0,1,0,0,0,0,0,0,0,0,1
1770,10,1b85a37360f8db36,2.109059,20.0,1,13956,1,1,0,0,0,0,0,0,0,0,0,0,0,1
1771,10,3dc0c5a26545ec1a,2.628111,19.166789,1,14176,1,0,0,0,1,0,0,0,0,0,0,0,0,0
1772,10,c80f41ce87b876a4,1.974401,20.0,1,13971,1,1,0,0,1,0,0,0,0,0,0,0,0,1
1773,10,2c33459aaf1203a1,1.484778,19.541256,1,14081,1,1,0,0,1,0,0,0,0,0,0,0,0,0
1774,10,a7caf8887c48c362,1.115458,20.0,1,13978,1,1,0,0,1,0,0,0,0,0,0,0,0,1
1775,10,24f334600743af95,1.881655,16.256049,0,14153,1,0,0,0,0,0,0,0,0,0,0,0,0,0
1776,10,cc1a2f05d8d07727,1.413617,19.170251,1,14083,1,1,0,0,1,0,0,0,0,0,0,0,0,1
1777,10,dfdcb8572dc348da,2.107211,20.0,1,14112,2,1,0,0,1,0,0,0,0,0,0,0,0,1
1778,10,9db7c132b953ee07,1.583069,20.0,1,14012,1,1,0,0,1,0,0,0,0,0,0,0,0,1
1779,10,874914835e711dab,2.232954,17.292307,0,14212,1,0,0,0,0,0,0,0,0,0,0,0,0,0
1780,10,7f185b858826102e,1.679213,19.965065,1,14171,1,1,0,0,1,0,0,0,0,0,0,0,0,1
1781,10,3432f854c711ea61,1.26153,20.0,1,14155,1,1,0,0,1,0,0,0,0,0,0,0,0,1
1782,10,96badce978518174,0.94774,19.974089,1,14126,1,1,0,0,1,0,0,0,0,0,0,0,0,0
1783,10,9aba958aa33eb027,0.712002,20.0,1,14036,1,1,0,0,1,0,0,0,0,0,0,0,0,1
1784,10,83779a00c0027d99,2.623737,19.997348,1,14126,2,0,0,0,0,0,0,0,0,0,0,0,0,1
1785,10,9a870d9b22633645,0.927462,18.502105,1,14067,0,1,0,0,1,0,0,0,0,0,0,0,0,0
1786,10,cb86103c00570f1c,1.740421,20.0,1,14104,2,1,0,0,1,0,0,0,0,0,0,0,0,1
1787,10,3b5cc2f9f543af99,1.308821,19.165736,1,14204,1,1,0,0,1,0,0,0,0,0,0,0,0,0
1788,10,0997062226689594,0.983268,17.877345,1,14152,1,1,0,0,0,0,0,0,0,0,0,0,0,1
1789,10,16fc3a3aa6f51aeb,0.738693,20.0,1,14333,1,1,0,0,1,0,0,0,0,0,0,0,0,1
1790,10,81ba81442d0f3149,1.598606,18.79579,1,14543,1,0,0,0,1,0,0,0,0,0,0,0,0,0
1791,10,e65d641f98f5db24,1.202174,20.0,1,14530,1,1,0,0,1,0,0,0,0,0,0,0,0,1
1792,10,169ac956800743df,0.903149,19.327259,1,14414,1,1,0,0,1,0,0,0,0,0,0,0,0,0
1793,10,59e16cb3ba838d35,1.722155,17.998692,1,14325,1,0,0,0,0,0,0,0,0,0,0,0,0,1
1794,10,5dde327b7e17ca99,2.339236,20.0,1,14279,2,1,0,0,1,0,0,0,0,0,0,0,0,1
1795,10,7cad57134a2acd55,1.75738,20.0,1,14246,1,1,0,0,1,0,0,0,0,0,0,0,0,1
1796,10,afddd7192c5fe749,2.363908,16.795058,0,14234,1,0,0,0,0,0,0,0,0,0,0,0,0,0
1797,10,113f3a50c5da3338,1.775915,19.575188,1,14359,1,1,0,0,1,0,0,0,0,0,0,0,0,1
1798,10,a0627997200a2396,1.335514,18.201322,1,14040,1,1,0,0,1,0,0,0,0,0,0,0,0,0
1799,10,c06dce910cbc6106,1.003321,20.0,1,14229,1,1,0,0,1,0,0,0,0,0,0,0,0,1
1800,10,834c67810c98a585,0.753758,18.978641,1,14471,1,1,0,0,1,0,0,0,0,0,0,0,0,0
1801,10,5d873dcf21e7f242,2.655138,17.75271,1,14433,2,0,0,0,0,0,0,0,0,0,0,0,0,1
1802,10,33573879ec73e768,1.994706,20.0,1,14197,1,1,0,0,1,0,0,0,0,0,0,0,0,1
1803,10,ca675269d6672ad7,1.498548,20.0,1,14596,1,1,0,0,1,0,0,0,0,0,0,0,0,1
1804,10,298acc0549c669f8,1.125803,20.0,1,14747,1,1,0,0,1,0,0,0,0,0,0,0,0,0
1805,10,45b3fd4e323fcee8,0.84662,20.0,1,14433,1,1,0,0,1,0,0,0,0,0,0,0,0,1
1806,10,84983437cac8f46f,2.723341,20.0,1,14490,2,0,0,0,0,0,0,0,0,0,0,0,0,1
1807,10,e582c9347a763768,2.045944,18.57775,1,14406,1,1,0,0,1,0,0,0,0,0,0,0,0,0
1808,10,1f348880cbbd1e5c,1.538579,20.0,1,14260,1,1,0,0,1,0,0,0,0,0,0,0,0,1
1809,10,7d9a79f1bcf0d2cf,1.155877,19.204075,1,14192,1,1,0,0,1,0,0,0,0,0,0,0,0,0
1810,10,3337bf77592cbc14,1.91202,17.906148,1,14285,1,0,0,0,0,0,0,0,0,0,0,0,0,1
1811,10,7bb8849557bf5606,1.436429,16.931064,1,14276,1,1,0,0,1,0,0,0,0,0,0,0,0,0
1812,10,1989952132ab353a,1.080215,19.693405,1,14346,1,1,0,0,1,0,0,0,0,0,0,0,0,1
1813,10,51a5ffaeb5642bc1,0.811525,20.0,1,14417,1,1,0,0,1,0,0,0,0,0,0,0,0,1
1814,10,b3052518c4bc2733,0.609669,19.820766,1,14489,1,1,0,0,1,0,0,0,0,0,0,0,0,0
1815,10,ac908483a28a77a2,0.45848,20.0,1,14434,1,1,0,0,1,0,0,0,0,0,0,0,0,1
1816,10,44d690e2dea590c0,1.388092,20.0,1,14206,2,1,0,0,1,0,0,0,0,0,0,0,0,1
1817,10,66896c11a10426a6,2.086475,20.0,1,13980,1,0,0,0,0,0,0,0,0,0,0,0,0,1
1818,10,9e08c0ed7ae89e0f,1.567491,19.290858,1,14180,1,1,0,0,1,0,0,0,0,0,0,0,0,0
1819,10,bd7e83f6e0d905f5,1.178775,20.0,1,14236,1,1,0,0,1,0,0,0,0,0,0,0,0,1
1820,10,dc8dea2a5a4b865c,1.929223,16.128109,0,14086,1,0,0,0,0,0,0,0,0,0,0,0,0,0
1821,10,4ea99539fe380f0d,1.449353,19.074134,1,14214,1,1,0,0,1,0,0,0,0,0,0,0,0,1
1822,10,5f75cfd324ad356c,1.089934,20.0,1,14238,1,1,0,0,1,0,0,0,0,0,0,0,0,1
1823,10,e9795b1fb191a517,1.86248,16.005668,0,14186,1,0,0,0,0,0,0,0,0,0,0,0,0,0
1824,10,c9c42b7a140601a7,1.399212,18.982149,1,14143,1,1,0,0,1,0,0,0,0,0,0,0,0,1
1825,10,95e7540656dc8afd,1.051176,17.739424,1,14166,1,1,0,0,1,0,0,0,0,0,0,0,0,0
1826,10,846610198e2dc92c,1.834649,16.820801,1,13863,1,0,0,0,0,0,0,0,0,0,0,0,0,1
1827,10,1507076aa95cfb99,3.46561,16.115684,1,13982,2,0,0,0,0,0,0,0,0,0,0,0,0,1
1828,10,93435852991fd36a,2.603583,15.585955,1,14207,1,1,0,0,1,0,0,0,0,0,0,0,0,0
1829,10,e5edb7fc840d908b,1.957932,18.681864,1,13922,1,1,0,0,1,0,0,0,0,0,0,0,0,1
1830,10,fe4ec05f3de5e38f,1.470921,20.0,1,13983,1,1,0,0,1,0,0,0,0,0,0,0,0,1
1831,10,c839a77d5bb9fba5,2.148701,15.771012,0,13956,1,0,0,0,0,0,0,0,0,0,0,0,0,0
1832,10,fc155ad11f536503,1.614239,18.805861,1,13935,1,1,0,0,1,0,0,0,0,0,0,0,0,1
1833,10,4c77c192622afbbe,1.213931,17.622777,1,13700,1,1,0,0,1,0,0,0,0,0,0,0,0,0
1834,10,d2b37a8f8f95ada7,2.999287,16.718178,1,13856,2,0,0,0,0,0,0,0,0,0,0,0,0,1
1835,10,22a3240aa03530de,2.253253,19.517431,1,13789,1,1,0,0,1,0,0,0,0,0,0,0,0,1
1836,10,6404c7a46ac02c6b,1.694478,20.0,1,13787,1,1,0,0,1,0,0,0,0,0,0,0,0,1
1837,10,ba8950c21f36930b,1.272998,19.734958,1,13867,1,1,0,0,0,0,0,0,0,0,0,0,0,1
1838,10,0e77ebfdc3e18759,2.000009,20.0,1,13606,1,0,0,0,1,0,0,0,0,0,0,0,0,1
1839,10,b9d404a74ae6e9b8,2.546185,19.844218,1,13584,2,1,0,0,1,0,0,0,0,0,0,0,0,0
1840,10,4d5b25f7fb130f5e,1.914768,20.0,1,13572,1,1,0,0,1,0,0,0,0,0,0,0,0,1
1841,10,8650acf6e2ecff3a,1.438493,19.919579,1,13787,1,1,0,0,1,0,0,0,0,0,0,0,0,0
1842,10,f501c670116fc236,2.12434,18.44368,1,13343,1,0,0,0,0,0,0,0,0,0,0,0,0,1
1843,10,011068450420f7ec,1.597534,17.350412,1,13545,1,1,0,0,1,0,0,0,0,0,0,0,0,0
1844,10,e108d72b203a5a35,1.200167,19.992405,1,13537,1,1,0,0,1,0,0,0,0,0,0,0,0,1
1845,10,4825cb2f0ec52c05,1.945294,15.019546,0,13449,1,0,0,0,0,0,0,0,0,0,0,0,0,0
1846,10,38b003831919d0a4,2.50508,18.241313,1,13429,2,1,0,0,1,0,0,0,0,0,0,0,0,1
1847,10,81f8430143261eaf,1.883856,20.0,1,13162,1,1,0,0,1,0,0,0,0,0,0,0,0,1
1848,10,9ec4e5e289f5ea45,2.458924,15.535157,0,13178,1,0,0,0,0,0,0,0,0,0,0,0,0,0
1849,10,989c0985a7bcb346,1.847298,18.628672,1,13230,1,1,0,0,1,0,0,0,0,0,0,0,0,1
1850,10,750097f235349932,1.389194,17.489529,1,13069,1,1,0,0,1,0,0,0,0,0,0,0,0,0
1851,10,88175ce24bf031e6,1.04365,16.618073,1,13046,1,1,0,0,0,0,0,0,0,0,0,0,0,1
1852,10,d008511e92dd60a6,1.827708,15.963382,1,13306,1,0,0,0,1,0,0,0,0,0,0,0,0,0
1853,10,b34c88b216f9ad0c,1.373089,18.950381,1,13368,1,1,0,0,1,0,0,0,0,0,0,0,0,1
1854,10,a2fea45374fecf98,2.076733,14.250957,0,13191,1,0,0,0,0,0,0,0,0,0,0,0,0,0
1855,10,18f1a67222675725,1.560172,17.6639,1,13461,1,1,0,0,1,0,0,0,0,0,0,0,0,1
1856,10,6449e3ad3d4a1534,1.172099,13.270228,0,13404,1,1,0,0,0,0,0,0,0,0,0,0,0,0
1857,10,06191dedff3b9db4,1.925585,16.940404,1,13522,1,0,0,0,1,0,0,0,0,0,0,0,0,1
1858,10,9712e1c4cf1fc629,1.44662,16.205537,1,13500,1,1,0,0,1,0,0,0,0,0,0,0,0,0
1859,10,b2196f728bf86da5,2.130445,15.653458,1,13617,1,0,0,0,0,0,0,0,0,0,0,0,0,1
1860,10,5703573484decf11,2.644177,18.717547,1,13633,2,1,0,0,1,0,0,0,0,0,0,0,0,1
1861,10,a21f6e0da236f739,1.988459,20.0,1,13629,1,1,0,0,1,0,0,0,0,0,0,0,0,1
1862,10,7a2f82583a1a1ffa,0.450201,19.283055,1,13653,0,1,0,0,1,0,0,0,0,0,0,0,0,0
1863,10,9196d7861c570b7f,2.425526,17.965483,1,13652,2,0,0,0,0,0,0,0,0,0,0,0,0,1
1864,10,e9feee64f39c8427,1.82403,16.990801,1,13589,1,1,0,0,1,0,0,0,0,0,0,0,0,0
1865,10,31fbb480722731f0,1.370326,19.722243,1,13504,1,1,0,0,1,0,0,0,0,0,0,0,0,1
1866,10,fb8487513219d3e0,1.029475,18.295428,1,13588,1,1,0,0,1,0,0,0,0,0,0,0,0,0
1867,10,bd8479c04771e82b,0.773406,20.0,1,13658,1,1,0,0,1,0,0,0,0,0,0,0,0,1
1868,10,4109c2ed336d905d,1.625763,15.56847,0,13662,1,0,0,0,0,0,0,0,0,0,0,0,0,0
1869,10,cc4952c73708d4c1,1.221375,18.653699,1,13808,1,1,0,0,1,0,0,0,0,0,0,0,0,1
1870,10,a10e86c9e75c5267,1.961227,20.0,1,13636,2,1,0,0,1,0,0,0,0,0,0,0,0,1
1871,10,7d5fcba42b487ed5,1.47487,20.0,1,13500,1,1,0,0,1,0,0,0,0,0,0,0,0,1
1872,10,5e19a89713ef1ef7,2.151668,17.077613,0,13630,1,0,0,0,0,0,0,0,0,0,0,0,0,0
1873,10,0911a4ed7b80af51,1.616468,19.787461,1,13362,1,1,0,0,1,0,0,0,0,0,0,0,0,1
1874,10,6af982e7ed61bc65,1.214392,18.344425,1,13164,1,1,0,0,1,0,0,0,0,0,0,0,0,0
1875,10,ca9cdc92e3014bfd,0.91324,20.0,1,13090,1,1,0,0,1,0,0,0,0,0,0,0,0,1
1876,10,985a317932473dd4,0.686083,19.072256,1,13267,1,1,0,0,1,0,0,0,0,0,0,0,0,0
1877,10,959943ffeeb88c61,1.559082,17.807117,1,13401,1,0,0,0,0,0,0,0,0,0,0,0,0,1
1878,10,515db73baa94e77b,0.128301,16.871708,1,13745,0,1,0,0,1,0,0,0,0,0,0,0,0,0
1879,10,a5be3b057c68c54c,1.140041,16.153928,1,13886,2,1,0,0,0,0,0,0,0,0,0,0,0,1
1880,10,ba443ab14874bdef,0.85647,15.614687,1,13734,0,0,0,0,1,0,0,0,0,0,0,0,0,0
1881,10,018919710431c976,0.643434,15.209575,1,14136,1,1,0,0,1,0,0,0,0,0,0,0,0,0
1882,10,cc1d63561c50a1b5,1.528022,18.39882,1,14037,2,1,0,0,1,0,0,0,0,0,0,0,0,1
1883,11,1fd48474a6be9a50,2.191599,17.301191,1,14107,1,0,0,0,0,0,0,0,0,0,0,0,0,1
1884,11,0b198662efcfc49a,1.646467,19.955427,1,14145,1,1,0,0,1,0,0,0,0,0,0,0,0,1
1885,11,fcbdd03152747088,2.282317,15.006765,0,14236,1,0,0,0,0,0,0,0,0,0,0,0,0,0
1886,11,c7b8a2a9fab59ea4,1.714619,18.231711,1,14211,1,1,0,0,1,0,0,0,0,0,0,0,0,1
1887,11,241e6acbb414e8f5,2.331783,13.696803,0,14384,1,0,0,0,0,0,0,0,0,0,0,0,0,0
1888,11,fc64a472a0076c97,2.795435,17.247585,1,14131,2,1,0,0,1,0,0,0,0,0,0,0,0,1
1889,11,1e870741cfb1004d,2.102207,19.931433,1,14127,1,1,0,0,1,0,0,0,0,0,0,0,0,1
1890,11,bf57db00a494f005,2.622963,14.973741,0,14084,1,0,0,0,0,0,0,0,0,0,0,0,0,0
1891,11,b9cebc1ba6e23f90,1.970534,18.206901,1,14008,1,1,0,0,1,0,0,0,0,0,0,0,0,1
1892,11,e665c14bbc29de1b,1.481869,20.0,1,14144,1,1,0,0,1,0,0,0,0,0,0,0,0,1
1893,11,e769dc1986223560,2.156927,15.515716,0,14270,1,0,0,0,0,0,0,0,0,0,0,0,0,0
1894,11,1dc6f86b0f28f527,1.620418,18.614066,1,14191,1,1,0,0,1,0,0,0,0,0,0,0,0,1
1895,11,83171efae161e4f9,2.261013,20.0,1,14096,2,1,0,0,1,0,0,0,0,0,0,0,0,1
1896,11,d0f092e334d1b579,1.700314,20.0,1,14098,1,1,0,0,1,0,0,0,0,0,0,0,0,1
1897,11,3c72e9f66e532470,1.277382,20.0,1,13908,1,1,0,0,1,0,0,0,0,0,0,0,0,0
1898,11,1fdd04fc4bd3a35e,2.003303,18.909505,1,14147,1,0,0,0,0,0,0,0,0,0,0,0,0,1
1899,11,1ea3379f3547fd92,1.506512,20.0,1,13894,1,1,0,0,1,0,0,0,0,0,0,0,0,1
1900,11,f2433026cfae9a47,2.17544,20.0,1,14078,2,1,0,0,1,0,0,0,0,0,0,0,0,1
1901,11,d0cc26dd4ca1a8f2,2.67798,17.181638,0,13990,1,0,0,0,0,0,0,0,0,0,0,0,0,0
1902,11,38a3c7ee0e61cf29,2.011866,19.865611,1,13907,1,1,0,0,1,0,0,0,0,0,0,0,0,1
1903,11,e64373de38c1d3e1,1.512952,20.0,1,13825,1,1,0,0,1,0,0,0,0,0,0,0,0,1
1904,11,7addd6445d78c1a4,1.136624,20.0,1,13957,1,1,0,0,1,0,0,0,0,0,0,0,0,1
1905,11,32a2c7ad3446fe7a,2.94121,20.0,1,13732,2,0,0,0,0,0,0,0,0,0,0,0,0,1
1906,11,c2ddba3954d1d184,2.211832,19.322649,1,14009,1,1,0,0,1,0,0,0,0,0,0,0,0,0
1907,11,6665faed5439f816,1.661667,20.0,1,13824,1,1,0,0,1,0,0,0,0,0,0,0,0,1
1908,11,e2ced52540714a46,1.248348,19.611513,1,13897,1,1,0,0,1,0,0,0,0,0,0,0,0,0
1909,11,609fe1b042bd7177,1.981491,18.212241,1,13907,1,0,0,0,0,0,0,0,0,0,0,0,0,1
1910,11,a841332a0fc6c3b7,1.490109,20.0,1,13944,1,1,0,0,1,0,0,0,0,0,0,0,0,1
1911,11,55f4672a66ea5f47,1.119463,18.997577,1,13776,1,1,0,0,1,0,0,0,0,0,0,0,0,0
1912,11,c0bd9a34ec0d85ea,0.841011,20.0,1,13912,1,1,0,0,1,0,0,0,0,0,0,0,0,1
1913,11,aabefe6d1a5d48da,1.676603,15.965156,0,13690,1,0,0,0,0,0,0,0,0,0,0,0,0,0
1914,11,1adb77769bb8b4f3,1.259569,18.951714,1,13915,1,1,0,0,1,0,0,0,0,0,0,0,0,1
1915,11,a846133f73861c83,3.033574,17.716559,1,13946,2,0,0,0,0,0,0,0,0,0,0,0,0,1
1916,11,cfa8b1cf2d33ed9a,2.279011,20.0,1,13985,1,1,0,0,1,0,0,0,0,0,0,0,0,1
1917,11,b2dca2c5d32e3a62,2.757999,15.241432,0,13741,1,0,0,0,0,0,0,0,0,0,0,0,0,0
1918,11,03fd4711f4ba9bb5,2.071982,18.408007,1,13997,1,1,0,0,1,0,0,0,0,0,0,0,0,1
1919,11,4c388266f054ecb1,1.556602,17.308092,1,13829,1,1,0,0,0,0,0,0,0,0,0,0,0,1
1920,11,a7d93beeb9f4e9ec,2.214738,16.496434,1,13898,1,0,0,0,1,0,0,0,0,0,0,0,0,0
1921,11,d52e6b4d1baecc93,2.707503,19.350843,1,13879,2,1,0,0,1,0,0,0,0,0,0,0,0,1
1922,11,dce3728459a0b8fa,2.034046,20.0,1,13991,1,1,0,0,1,0,0,0,0,0,0,0,0,1
1923,11,65bced74ebceae67,2.571756,19.627425,1,14165,1,0,0,0,0,0,0,0,0,0,0,0,0,1
1924,11,e63b92df0f408dfd,1.933997,20.0,1,13892,1,1,0,0,1,0,0,0,0,0,0,0,0,1
1925,11,77f485b752b4bc3d,2.496593,20.0,1,14111,2,1,0,0,1,0,0,0,0,0,0,0,0,1
1926,11,7ec8c608ff89a34a,1.875597,20.0,1,13932,1,1,0,0,1,0,0,0,0,0,0,0,0,1
1927,11,5b281d5f5aa7b14d,2.454626,18.382264,0,13982,1,0,0,0,0,0,0,0,0,0,0,0,0,0
1928,11,48a1868406f86cda,1.844069,20.0,1,13946,1,1,0,0,1,0,0,0,0,0,0,0,0,1
1929,11,9d89e61243a38c4c,2.429033,20.0,1,14041,2,1,0,0,1,0,0,0,0,0,0,0,0,1
1930,11,b969d411bde32456,2.868495,20.0,1,13989,1,0,0,0,0,0,0,0,0,0,0,0,0,1
1931,11,d7a99efd613e9ec9,2.157149,20.0,1,13972,1,1,0,0,1,0,0,0,0,0,0,0,0,1
1932,11,2c730984b0ed215c,1.620586,20.0,1,14148,1,1,0,0,1,0,0,0,0,0,0,0,0,0
1933,11,7ca3d4b3160f26ca,1.217485,18.691047,1,13979,1,1,0,0,0,0,0,0,0,0,0,0,0,1
1934,11,5237bce55259fa6a,3.003867,20.0,1,13819,2,0,0,0,1,0,0,0,0,0,0,0,0,1
1935,11,d403a9f251f2d4df,2.256693,19.268084,1,13959,1,1,0,0,1,0,0,0,0,0,0,0,0,0
1936,11,61c9b18854207352,1.695369,20.0,1,14102,1,1,0,0,1,0,0,0,0,0,0,0,0,1
1937,11,a16a0201ed7547d7,1.273668,20.0,1,13950,1,1,0,0,1,0,0,0,0,0,0,0,0,1
1938,11,84023e018a1e6fa8,0.957816,17.341118,0,13992,1,1,0,0,0,0,0,0,0,0,0,0,0,0
1939,11,d44c1f5720fc9085,1.763225,19.985423,1,14123,1,0,0,0,1,0,0,0,0,0,0,0,0,1
1940,11,b4e08f64ab926aca,2.368298,20.0,1,14003,2,1,0,0,1,0,0,0,0,0,0,0,0,1
1941,11,fd9e7155b8d6207a,1.780994,20.0,1,14206,1,1,0,0,1,0,0,0,0,0,0,0,0,1
1942,11,298a07960c081fa8,1.337994,17.642842,0,14158,1,1,0,0,0,0,0,0,0,0,0,0,0,0
1943,11,223e5d2cc0b3f04b,2.048838,20.0,1,14646,1,0,0,0,1,0,0,0,0,0,0,0,0,1
1944,11,083bd4d825fcdc1f,1.539216,20.0,1,14646,1,1,0,0,1,0,0,0,0,0,0,0,0,1
1945,11,735debb237ad6cfa,1.157512,20.0,1,14691,1,1,0,0,1,0,0,0,0,0,0,0,0,0
1946,11,8907d5804ddb9925,2.956902,18.603123,1,14825,2,0,0,0,0,0,0,0,0,0,0,0,0,1
1947,11,fc5fbc245fd80515,2.22141,20.0,1,14909,1,1,0,0,1,0,0,0,0,0,0,0,0,1
1948,11,a6b37287ea4e3d83,1.670532,15.742305,0,16285,1,1,0,0,0,0,0,0,0,0,0,0,0,0
1949,11,402a2a9f6dd99539,2.298662,18.784295,1,16616,1,0,0,0,1,0,0,0,0,0,0,0,0,1
1950,11,54292b0e5638fb05,1.726899,20.0,1,16593,1,1,0,0,1,0,0,0,0,0,0,0,0,1
1951,11,703785379118bd7d,2.341008,19.307668,1,16575,1,0,0,0,0,0,0,0,0,0,0,0,0,1
1952,11,339eef901b642b65,2.804622,20.0,1,16509,2,1,0,0,1,0,0,0,0,0,0,0,0,1
1953,11,88a7bdf23609a8f0,2.107007,20.0,1,16224,1,1,0,0,1,0,0,0,0,0,0,0,0,1
1954,11,f11ab02a98ce03b1,1.582916,20.0,1,16313,1,1,0,0,1,0,0,0,0,0,0,0,0,0
1955,11,8709db9460a2f2b4,2.234526,20.0,1,15821,2,1,0,0,1,0,0,0,0,0,0,0,0,1
1956,11,be0b3a4d0c17143f,2.722369,20.0,1,15742,1,0,0,0,0,0,0,0,0,0,0,0,0,1
1957,11,e68a76d71a59b3f0,2.045214,20.0,1,15616,1,1,0,0,1,0,0,0,0,0,0,0,0,1
1958,11,2028409528a34bcb,2.580146,20.0,1,15753,2,1,0,0,1,0,0,0,0,0,0,0,0,1
1959,11,bc5f07bea0150746,1.940307,20.0,1,15567,1,1,0,0,1,0,0,0,0,0,0,0,0,1
1960,11,75d08defed7d435f,2.501333,20.0,1,14687,1,0,0,0,0,0,0,0,0,0,0,0,0,1
1961,11,209d4321c434d7b6,2.922812,20.0,1,13853,2,1,0,0,1,0,0,0,0,0,0,0,0,1
1962,11,2191745767ceb065,2.197996,20.0,1,13823,1,1,0,0,1,0,0,0,0,0,0,0,0,1
1963,11,c8465d06f41ae9a9,1.651272,20.0,1,13910,1,1,0,0,1,0,0,0,0,0,0,0,0,0
1964,11,9646076e010de1b2,1.240539,20.0,1,13753,1,1,0,0,1,0,0,0,0,0,0,0,0,1
1965,11,feccb512e0fb5dfc,0.931971,20.0,1,13868,1,1,0,0,1,0,0,0,0,0,0,0,0,0
1966,11,6afc64ec7ffd29d3,1.745006,19.376983,1,13728,1,0,0,0,0,0,0,0,0,0,0,0,0,1
1967,11,e683b368aa04ef3f,1.310958,18.036048,1,13833,1,1,0,0,1,0,0,0,0,0,0,0,0,0
1968,11,5702038c7648a8d8,0.984873,20.0,1,13802,1,1,0,0,1,0,0,0,0,0,0,0,0,1
1969,11,bee7ae708da96810,1.784789,20.0,1,13752,2,1,0,0,1,0,0,0,0,0,0,0,0,1
1970,11,332b929f3e002e7b,1.340846,16.815461,0,13648,1,1,0,0,0,0,0,0,0,0,0,0,0,0
1971,11,70f809795d615fbe,2.05098,19.590517,1,13942,1,0,0,0,1,0,0,0,0,0,0,0,0,1
1972,11,46cd24f7dc589560,1.540825,18.196467,1,13737,1,1,0,0,1,0,0,0,0,0,0,0,0,0
1973,11,28c35f6a25c8cabf,1.158722,20.0,1,13457,1,1,0,0,1,0,0,0,0,0,0,0,0,1
1974,11,cc0423fa1a2e65aa,1.914158,15.509821,0,13913,1,0,0,0,0,0,0,0,0,0,0,0,0,0
1975,11,6c11b0764386c768,1.438035,18.609638,1,13802,1,1,0,0,1,0,0,0,0,0,0,0,0,1
1976,11,feb4b3aa622cb76a,1.081423,17.475215,1,13810,1,1,0,0,1,0,0,0,0,0,0,0,0,0
1977,11,ba97df7152a4b402,1.856086,16.60732,1,14025,1,0,0,0,0,0,0,0,0,0,0,0,0,1
1978,11,2a6745a3a85ee091,1.394408,15.955303,1,13763,1,1,0,0,1,0,0,0,0,0,0,0,0,0
1979,11,e1110d31056bdcf6,1.047567,18.944312,1,14029,1,1,0,0,1,0,0,0,0,0,0,0,0,1
1980,11,14bd3d2a5c67b275,1.831936,17.726894,1,13757,1,0,0,0,0,0,0,0,0,0,0,0,0,1
1981,11,7d57e05d9e003f7c,1.376265,16.796398,1,13932,1,1,0,0,1,0,0,0,0,0,0,0,0,0
1982,11,9b27979a1d460f3e,2.07759,19.576195,1,13898,2,1,0,0,1,0,0,0,0,0,0,0,0,1
1983,11,4243c98274373205,1.562377,18.202079,1,13826,1,1,0,0,0,0,0,0,0,0,0,0,0,1
1984,11,c54244da37b7faf4,2.217409,17.153386,1,14005,1,0,0,0,1,0,0,0,0,0,0,0,0,0
1985,11,b24a763d00427046,1.665856,19.844387,1,13739,1,1,0,0,1,0,0,0,0,0,0,0,0,1
1986,11,9c7bdec7d383f8d8,1.251496,20.0,1,13973,1,1,0,0,1,0,0,0,0,0,0,0,0,1
1987,11,b3df465a7f513574,0.941143,16.44357,0,13728,1,1,0,0,0,0,0,0,0,0,0,0,0,0
1988,11,0f93ee74b4608ef1,2.794352,19.311128,1,13882,2,0,0,0,1,0,0,0,0,0,0,0,0,1
1989,11,4d734dd195082686,2.099292,20.0,1,14016,1,1,0,0,1,0,0,0,0,0,0,0,0,1
1990,11,e0b7bc0d30f461bc,1.578698,20.0,1,13951,1,1,0,0,1,0,0,0,0,0,0,0,0,1
1991,11,5d1e59d74e1fda97,1.186016,20.0,1,14104,1,1,0,0,1,0,0,0,0,0,0,0,0,0
1992,11,112effe334cc33d5,0.89101,20.0,1,14015,1,1,0,0,1,0,0,0,0,0,0,0,0,1
1993,11,05f8741e7f83f930,1.713036,16.98651,0,13991,1,0,0,0,0,0,0,0,0,0,0,0,0,0
1994,11,e9dcf0b16d26f928,1.288227,19.735101,1,13913,1,1,0,0,1,0,0,0,0,0,0,0,0,1
1995,11,413fff221350979f,0.967797,20.0,1,13946,1,1,0,0,1,0,0,0,0,0,0,0,0,1
1996,11,bbb0fb5d26b3db79,0.72707,19.844299,1,13974,1,1,0,0,1,0,0,0,0,0,0,0,0,0
1997,11,d826944c033505f6,1.590917,20.0,1,14122,2,1,0,0,1,0,0,0,0,0,0,0,0,1
1998,11,974ca5a7976f7eaf,1.195197,20.0,1,14096,1,1,0,0,1,0,0,0,0,0,0,0,0,1
1999,11,f57de28e0e7858a8,1.94156,20.0,1,14091,1,0,0,0,0,0,0,0,0,0,0,0,0,1
2000,11,cfa8edf6a9ced7ac,1.458621,19.298362,1,14062,1,1,0,0,1,0,0,0,0,0,0,0,0,0
2001,11,51e2ca21375e0abf,1.096904,20.0,1,14252,1,1,0,0,1,0,0,0,0,0,0,0,0,1
2002,11,8f6bb70545e727bb,0.824063,19.611192,1,14342,1,1,0,0,1,0,0,0,0,0,0,0,0,0
2003,11,be305bd2ff51706b,1.662741,18.212,1,14536,1,0,0,0,0,0,0,0,0,0,0,0,0,1
2004,11,844e263d6f318b7b,1.250405,17.176185,1,14237,1,1,0,0,1,0,0,0,0,0,0,0,0,0
2005,11,bb9c804a0f3611ef,0.939383,19.861515,1,14453,1,1,0,0,1,0,0,0,0,0,0,0,0,1
2006,11,e2614cc369679c50,1.749376,14.921214,0,14230,1,0,0,0,0,0,0,0,0,0,0,0,0,0
2007,11,a89f562d5191ea3d,1.314241,18.167439,1,14450,1,1,0,0,1,0,0,0,0,0,0,0,0,1
2008,11,ff3055450359cb61,0.988328,20.0,1,14118,1,1,0,0,1,0,0,0,0,0,0,0,0,1
2009,11,082a9c667611ed3c,2.829801,18.972266,1,14199,2,0,0,0,0,0,0,0,0,0,0,0,0,1
2010,11,7e0bac64ca38eb69,2.125923,20.0,1,14230,1,1,0,0,1,0,0,0,0,0,0,0,0,1
2011,11,3f254bf4465e7809,2.642875,15.950857,0,14023,1,0,0,0,0,0,0,0,0,0,0,0,0,0
2012,11,6f4f78528ae01e89,1.985493,18.940971,1,13991,1,1,0,0,1,0,0,0,0,0,0,0,0,1
2013,11,dbb3a36dc2c7cfce,2.53528,20.0,1,14171,2,1,0,0,1,0,0,0,0,0,0,0,0,1
2014,11,b4a94c65776af734,1.904661,20.0,1,14097,1,1,0,0,1,0,0,0,0,0,0,0,0,1
2015,11,bf3170dd0ca42a94,2.476483,17.202281,0,13972,1,0,0,0,0,0,0,0,0,0,0,0,0,0
2016,11,82646d077f585570,1.860489,19.88112,1,14144,1,1,0,0,1,0,0,0,0,0,0,0,0,1
2017,11,2e0a1e2983d75dcc,1.397716,18.414787,1,13941,1,1,0,0,1,0,0,0,0,0,0,0,0,0
2018,11,ebd4bcda2b10878c,1.051102,20.0,1,13829,1,1,0,0,1,0,0,0,0,0,0,0,0,1
2019,11,cae36ae67c840c56,2.876961,19.112008,1,13972,2,0,0,0,0,0,0,0,0,0,0,0,0,1
2020,11,3b9caba7aed0f03d,2.161353,20.0,1,14035,1,1,0,0,1,0,0,0,0,0,0,0,0,1
2021,11,a45af3669a3d3b8b,1.623744,19.492628,1,13885,1,1,0,0,1,0,0,0,0,0,0,0,0,0
2022,11,f97a4d808744f591,3.309379,18.139236,1,13883,2,0,0,0,0,0,0,0,0,0,0,0,0,1
2023,11,84a99915e91ee4eb,2.486213,20.0,1,13937,1,1,0,0,1,0,0,0,0,0,0,0,0,1
2024,11,e3b6f0764f89e8ea,1.867799,20.0,1,13887,1,1,0,0,1,0,0,0,0,0,0,0,0,1
2025,11,a26c83c6079a522d,1.404611,20.0,1,13764,1,1,0,0,1,0,0,0,0,0,0,0,0,0
2026,11,4202463b61596537,1.055232,20.0,1,13798,1,1,0,0,1,0,0,0,0,0,0,0,0,1
2027,11,89c2910ae0d2b365,1.83641,16.708267,0,13698,1,0,0,0,0,0,0,0,0,0,0,0,0,0
2028,11,23dc2ccba03cf827,1.379626,19.509985,1,13666,1,1,0,0,1,0,0,0,0,0,0,0,0,1
2029,11,4461a2d7bbe24f4f,1.037498,18.152289,1,13646,1,1,0,0,1,0,0,0,0,0,0,0,0,0
2030,11,5d1b7875bb9afa46,1.823087,17.115981,1,13642,1,0,0,0,0,0,0,0,0,0,0,0,0,1
2031,11,d74fbded9d32789f,1.369617,16.337441,1,13568,1,1,0,0,1,0,0,0,0,0,0,0,0,0
2032,11,b71029fbd7b8bc0c,1.029972,19.246992,1,13457,1,1,0,0,1,0,0,0,0,0,0,0,0,1
2033,11,f57d3dae4cf41682,0.773779,14.459545,0,13564,1,1,0,0,0,0,0,0,0,0,0,0,0,0
2034,11,3e62da2337a66ab7,2.668618,17.820605,1,13619,2,0,0,0,1,0,0,0,0,0,0,0,0,1
2035,11,aecf6f4d90e291e1,2.004833,20.0,1,13680,1,1,0,0,1,0,0,0,0,0,0,0,0,1
2036,11,d2daf114aab34930,2.551814,15.300214,0,13638,1,0,0,0,0,0,0,0,0,0,0,0,0,0
2037,11,01cdae404e961ae3,1.917082,18.452168,1,13921,1,1,0,0,1,0,0,0,0,0,0,0,0,1
2038,11,b1a4c0b6c277eedf,1.440232,13.862424,0,13669,1,1,0,0,0,0,0,0,0,0,0,0,0,0
2039,11,eb1323dd9728e9f7,2.127226,17.385744,1,13701,1,0,0,0,1,0,0,0,0,0,0,0,0,1
2040,11,a710cb0e8bd26fab,2.641758,20.0,1,13769,2,1,0,0,1,0,0,0,0,0,0,0,0,1
2041,11,9017ff15c7bfc18d,3.028308,18.518332,1,13650,1,0,0,0,0,0,0,0,0,0,0,0,0,1
2042,11,0241defc97375166,2.275054,20.0,1,13726,1,1,0,0,1,0,0,0,0,0,0,0,0,1
2043,11,0eb22e159c78a340,1.710873,19.174904,1,13422,1,1,0,0,1,0,0,0,0,0,0,0,0,0
2044,11,e84a860825c76165,2.328969,17.884233,1,13573,1,0,0,0,0,0,0,0,0,0,0,0,0,1
2045,11,c2b7a545573df2ad,1.749667,16.9146,1,13561,1,1,0,0,1,0,0,0,0,0,0,0,0,0
2046,11,45c612dd3ab88bc4,1.315775,19.681024,1,13460,1,1,0,0,1,0,0,0,0,0,0,0,0,1
2047,11,c9d987aaf2cce1ea,0.988492,18.264462,1,13418,1,1,0,0,1,0,0,0,0,0,0,0,0,0
2048,11,e01948da72b94154,2.829924,17.200252,1,13422,2,0,0,0,0,0,0,0,0,0,0,0,0,1
2049,11,c44b9152cd3360bd,2.126016,19.879595,1,13394,1,1,0,0,1,0,0,0,0,0,0,0,0,1
2050,11,806d42e9f0fd8bc4,2.642945,18.430241,1,13293,1,0,0,0,0,0,0,0,0,0,0,0,0,1
2051,11,a68eed843eec0f84,1.985546,17.324795,1,13274,1,1,0,0,1,0,0,0,0,0,0,0,0,0
2052,11,33ef4bdaa0d9f674,1.491666,19.97316,1,13274,1,1,0,0,1,0,0,0,0,0,0,0,0,1
2053,11,ee75e627d44cc9a2,2.165905,15.020101,0,13301,1,0,0,0,0,0,0,0,0,0,0,0,0,0
2054,11,2d84163a194eacfb,1.627163,18.24173,1,13583,1,1,0,0,1,0,0,0,0,0,0,0,0,1
2055,11,e817ae03627052b6,1.222427,17.183174,1,13230,1,1,0,0,1,0,0,0,0,0,0,0,0,0
2056,11,af2dd6f48d50cb30,0.918364,16.387921,1,13246,1,1,0,0,0,0,0,0,0,0,0,0,0,1
2057,11,a574de88b602c063,2.778924,19.284953,1,13292,2,0,0,0,1,0,0,0,0,0,0,0,0,1
2058,11,b8738e86cead13b2,2.087701,17.966909,1,13269,1,1,0,0,1,0,0,0,0,0,0,0,0,0
2059,11,e40a95262cac9764,1.568412,20.0,1,13276,1,1,0,0,1,0,0,0,0,0,0,0,0,1
2060,11,fd08f1fabf13d706,0.135318,15.38287,0,13086,0,1,0,0,0,0,0,0,0,0,0,0,0,0
2061,11,c87beef13adf1817,2.188966,18.514264,1,13209,2,0,0,0,1,0,0,0,0,0,0,0,0,1
2062,11,81ee81d39228f121,0.600835,17.387919,1,13286,0,1,0,0,1,0,0,0,0,0,0,0,0,0
2063,11,697e263bbc169e54,0.451385,16.541738,1,13297,1,1,0,0,1,0,0,0,0,0,0,0,0,0
2064,11,c09f465e699b7ca3,1.383598,15.920124,1,13290,1,0,0,0,0,0,0,0,0,0,0,0,0,1
2065,11,e61ca5d35ad81022,1.039446,15.439039,1,13394,1,1,0,0,1,0,0,0,0,0,0,0,0,0
2066,11,80ffd42006db5106,2.868203,15.077617,1,13277,2,0,0,0,0,0,0,0,0,0,0,0,0,1
2067,11,c914fc958a753991,2.15693,18.299587,1,13141,1,1,0,0,1,0,0,0,0,0,0,0,0,1
2068,11,a9e25b45f7cbb6af,1.620421,20.0,1,13241,1,1,0,0,1,0,0,0,0,0,0,0,0,1
2069,11,2f6ea44444c7d2aa,2.261015,19.034101,1,13163,1,0,0,0,0,0,0,0,0,0,0,0,0,1
2070,11,3ddaf6c03fddc296,1.698616,17.778453,1,13334,1,1,0,0,1,0,0,0,0,0,0,0,0,0
2071,11,0e0e55ce901d170d,1.277383,20.0,1,13161,1,1,0,0,1,0,0,0,0,0,0,0,0,1
2072,11,463b4e418aa4c8ba,2.003304,15.27366,0,12914,1,0,0,0,0,0,0,0,0,0,0,0,0,0
2073,11,71a72436f8e81bad,1.505007,18.432219,1,12722,1,1,0,0,1,0,0,0,0,0,0,0,0,1
2074,11,59439860d818926d,2.175937,20.0,1,12633,2,1,0,0,1,0,0,0,0,0,0,0,0,1
2075,11,291617708fa4ba6d,0.591047,15.643012,0,12667,0,1,0,0,0,0,0,0,0,0,0,0,0,0
2076,11,0657c32fb2e77e1b,1.487685,15.230854,1,12894,1,0,0,0,1,0,0,0,0,0,0,0,0,0
2077,11,49dfb8631dbefb2e,2.161295,18.40006,1,12887,2,1,0,0,1,0,0,0,0,0,0,0,0,1
2078,11,adc4a34f6324b48d,1.625325,20.0,1,13033,1,1,0,0,1,0,0,0,0,0,0,0,0,1
2079,11,2c8dda3ba4bfceec,1.221046,15.624843,0,13360,0,0,0,0,0,0,0,0,0,0,0,0,0,0
2080,11,cc96ee70245ff55d,1.960979,18.69605,1,13743,2,1,0,0,1,0,0,0,0,0,0,0,0,1
2081,11,6714e9d139b32a76,1.474685,17.540198,1,13746,1,1,0,0,1,0,0,0,0,0,0,0,0,0
2082,11,bc6f1c001ffd4c55,1.107875,20.0,1,13608,1,1,0,0,1,0,0,0,0,0,0,0,0,1
2083,11,ac4c2baddd2ef736,0.832305,18.605505,1,13737,1,1,0,0,1,0,0,0,0,0,0,0,0,0
2084,11,97f48def675fc689,0.62528,17.456465,1,13510,1,1,0,0,0,0,0,0,0,0,0,0,0,1
2085,11,aa36ff7531806219,1.51437,16.608012,1,13590,1,0,0,0,1,0,0,0,0,0,0,0,0,0
2086,11,1cf8977263bbeb4b,1.137689,19.434668,1,13736,1,1,0,0,1,0,0,0,0,0,0,0,0,1
2087,11,85b1fff7e7be7361,1.898357,20.0,1,13733,2,1,0,0,1,0,0,0,0,0,0,0,0,1
2088,11,1451e57a0236e7de,0.383441,19.692597,1,13653,0,1,0,0,1,0,0,0,0,0,0,0,0,0
2089,11,49ca57d1da037088,1.331718,14.794312,0,13786,1,0,0,0,0,0,0,0,0,0,0,0,0,0
2090,11,d791df00269d6d9e,1.00047,18.072102,1,13735,1,1,0,0,1,0,0,0,0,0,0,0,0,1
2091,11,a94e764223343195,0.751616,17.055739,1,13976,1,1,0,0,1,0,0,0,0,0,0,0,0,0
2092,11,12dc294f2f9e12e8,0.565226,16.306661,1,13450,1,1,0,0,0,0,0,0,0,0,0,0,0,1
2093,11,a79c003fa8be9edb,1.468286,15.729429,1,13660,1,0,0,0,1,0,0,0,0,0,0,0,0,0
2094,11,c8ce46c7af597e86,2.146722,18.774621,1,13773,2,1,0,0,1,0,0,0,0,0,0,0,0,1
2095,11,7a14841597efabe4,1.614366,17.599284,1,13650,0,0,0,0,0,0,0,0,0,0,0,0,0,1
2096,11,a7942aeff568c884,2.256466,20.0,1,13684,2,1,0,0,1,0,0,0,0,0,0,0,0,1
2097,11,78a3cef3a369d1e7,1.695198,20.0,1,14005,1,1,0,0,1,0,0,0,0,0,0,0,0,1
2098,11,1167826503ec5e88,2.317193,16.6162,0,13785,1,0,0,0,0,0,0,0,0,0,0,0,0,0
2099,11,e1753e9bf77eded1,1.742562,19.456622,1,13898,1,1,0,0,1,0,0,0,0,0,0,0,0,1
2100,11,8dbce196d71180b7,1.309122,18.095878,1,13816,1,1,0,0,1,0,0,0,0,0,0,0,0,0
2101,11,f1227b15626129e9,2.027147,17.073601,1,13620,1,0,0,0,0,0,0,0,0,0,0,0,0,1
2102,11,3757e315ce37d561,2.568594,19.800595,1,13877,2,1,0,0,1,0,0,0,0,0,0,0,0,1
2103,11,e01449e06ec7ffc5,1.929689,20.0,1,13984,1,1,0,0,1,0,0,0,0,0,0,0,0,1
2104,11,581c1cbc0dcdc05a,1.449703,19.881263,1,15082,1,1,0,0,1,0,0,0,0,0,0,0,0,0
2105,11,03a072e49febfc4a,1.089108,20.0,1,15221,1,1,0,0,1,0,0,0,0,0,0,0,0,1
2106,11,f67873dd562b3c87,0.819025,19.944905,1,15202,1,1,0,0,1,0,0,0,0,0,0,0,0,0
2107,11,de54682992890e10,1.658956,20.0,1,15336,2,1,0,0,1,0,0,0,0,0,0,0,0,1
2108,11,a945cd09c3a66d2a,2.289965,19.962711,1,15620,1,0,0,0,0,0,0,0,0,0,0,0,0,1
2109,11,455fc9bab53ab042,1.722086,18.492745,1,15680,1,1,0,0,1,0,0,0,0,0,0,0,0,0
2110,11,b08fd2657d66a9b1,1.293739,20.0,1,15490,1,1,0,0,1,0,0,0,0,0,0,0,0,1
2111,11,b6cfd8b9714460bf,0.971938,19.143119,1,15717,1,1,0,0,1,0,0,0,0,0,0,0,0,0
2112,11,860040450dde7370,1.773834,20.0,1,15638,2,1,0,0,1,0,0,0,0,0,0,0,0,1
2113,11,0f3d7340a66fd205,1.333948,20.0,1,15371,1,1,0,0,1,0,0,0,0,0,0,0,0,1
2114,11,47e39d62e1395275,1.002146,20.0,1,15709,1,1,0,0,1,0,0,0,0,0,0,0,0,1
2115,11,d54c9e71cb284999,0.752874,20.0,1,15738,1,1,0,0,1,0,0,0,0,0,0,0,0,1
2116,11,5d9fe4dff6a5bd26,2.654473,18.928627,0,14447,2,0,0,0,0,0,0,0,0,0,0,0,0,0
2117,11,233f7592a6fc7c7f,1.994207,20.0,1,14327,1,1,0,0,1,0,0,0,0,0,0,0,0,1
2118,11,0e277c7c91f30342,1.498173,19.389129,1,14167,1,1,0,0,1,0,0,0,0,0,0,0,0,0
2119,11,0bfba820c20069f1,1.125521,20.0,1,14216,1,1,0,0,1,0,0,0,0,0,0,0,0,1
2120,11,286dc2fa59c02689,0.846408,19.666869,1,14278,1,1,0,0,1,0,0,0,0,0,0,0,0,0
2121,11,db5977adb6aef680,0.635875,20.0,1,14631,1,1,0,0,1,0,0,0,0,0,0,0,0,1
2122,11,e93657267053a7ad,0.477709,19.805789,1,14695,1,1,0,0,0,0,0,0,0,0,0,0,0,1
2123,11,33da8596e69960d8,1.403394,18.374737,1,14972,1,0,0,0,1,0,0,0,0,0,0,0,0,0
2124,11,545d198a1a6f952c,1.054318,20.0,1,14623,1,1,0,0,1,0,0,0,0,0,0,0,0,1
2125,11,6a9c914f595879b3,1.835723,20.0,1,14738,2,1,0,0,1,0,0,0,0,0,0,0,0,1
2126,11,4a0df1dc818a3640,2.422763,20.0,1,14443,1,0,0,0,0,0,0,0,0,0,0,0,0,1
2127,11,f0eaecbf21ef54b2,1.821953,18.839523,1,14488,1,1,0,0,1,0,0,0,0,0,0,0,0,0
2128,11,d5ecebf5a1082bc5,1.368765,20.0,1,14790,1,1,0,0,1,0,0,0,0,0,0,0,0,1
2129,11,972384edefa29634,2.071955,15.859994,0,15870,1,0,0,0,0,0,0,0,0,0,0,0,0,0
2130,11,6ef5a42559639b02,1.55814,18.887945,1,15588,1,1,0,0,1,0,0,0,0,0,0,0,0,1
2131,11,2336cba57609ef94,2.214226,20.0,1,16578,2,1,0,0,1,0,0,0,0,0,0,0,0,1
2132,11,39e5bc0f418f701d,1.663465,19.366168,1,16336,1,1,0,0,1,0,0,0,0,0,0,0,0,0
2133,11,1619eae50bfceca5,2.293352,18.027922,1,16043,1,0,0,0,0,0,0,0,0,0,0,0,0,1
2134,11,cc0b496fe4686005,2.768784,20.0,1,15542,2,1,0,0,1,0,0,0,0,0,0,0,0,1
2135,11,2f6358748a3b72aa,2.080084,20.0,1,15679,1,1,0,0,1,0,0,0,0,0,0,0,0,1
2136,11,de2fa260c713d193,1.562689,20.0,1,15884,1,1,0,0,0,0,0,0,0,0,0,0,0,1
2137,11,100bd4b971fd0660,3.263466,20.0,1,15729,2,0,0,0,1,0,0,0,0,0,0,0,0,1
2138,11,480178aefda98a85,2.45172,20.0,1,15528,1,1,0,0,1,0,0,0,0,0,0,0,0,1
2139,11,f7d74096be5c0869,1.841885,20.0,1,16048,1,1,0,0,1,0,0,0,0,0,0,0,0,0
2140,11,9e4e7c3c3aa85734,2.427393,19.439302,1,15887,2,1,0,0,0,0,0,0,0,0,0,0,0,1
2141,11,f21c5022981823ec,2.869585,20.0,1,15948,1,0,0,0,1,0,0,0,0,0,0,0,0,1
2142,11,58526daeb2494a2c,3.199465,20.0,1,15684,2,1,0,0,1,0,0,0,0,0,0,0,0,1
2143,11,b58f64d7bb031e74,3.447292,20.0,1,14353,2,1,0,0,1,0,0,0,0,0,0,0,0,1
2144,11,a9e908a68193ae0b,2.592413,20.0,1,13962,1,1,0,0,1,0,0,0,0,0,0,0,0,1
2145,11,93a6300c78d778dd,2.991236,20.0,1,13975,1,0,0,0,0,0,0,0,0,0,0,0,0,1
2146,11,12a15c2f01984836,2.247204,20.0,1,13891,1,1,0,0,1,0,0,0,0,0,0,0,0,0
2147,11,2d0de17bfbfffaf8,1.68824,20.0,1,14049,1,1,0,0,1,0,0,0,0,0,0,0,0,1
2148,11,cd1644180e1ae801,2.313731,16.736062,0,14015,1,0,0,0,0,0,0,0,0,0,0,0,0,0
2149,11,c23c7eaadfbbfc95,2.781873,19.530866,1,13928,2,1,0,0,1,0,0,0,0,0,0,0,0,1
2150,11,c0d5d2446f2812f9,2.089917,20.0,1,14082,1,1,0,0,1,0,0,0,0,0,0,0,0,1
2151,12,1fd48474a6be9a50,1.571648,20.0,1,13985,1,1,0,0,1,0,0,0,0,0,0,0,0,1
2152,12,0b198662efcfc49a,2.224373,17.449912,0,14104,1,0,0,0,0,0,0,0,0,0,0,0,0,0
2153,12,fcbdd03152747088,1.671089,20.0,1,14183,1,1,0,0,1,0,0,0,0,0,0,0,0,1
2154,12,c7b8a2a9fab59ea4,1.255426,18.554549,1,14344,1,1,0,0,1,0,0,0,0,0,0,0,0,0
2155,12,241e6acbb414e8f5,1.988249,20.0,1,14229,2,1,0,0,1,0,0,0,0,0,0,0,0,1
2156,12,fc64a472a0076c97,2.537351,19.190968,1,14087,1,0,0,0,0,0,0,0,0,0,0,0,0,1
2157,12,1e870741cfb1004d,1.906217,20.0,1,14315,1,1,0,0,1,0,0,0,0,0,0,0,0,1
2158,12,bf57db00a494f005,1.433502,19.554916,1,14006,1,1,0,0,1,0,0,0,0,0,0,0,0,0
2159,12,b9cebc1ba6e23f90,2.12059,18.169722,1,14158,1,0,0,0,0,0,0,0,0,0,0,0,0,1
2160,12,e665c14bbc29de1b,1.59312,17.129077,1,14082,1,1,0,0,1,0,0,0,0,0,0,0,0,0
2161,12,e769dc1986223560,1.196851,19.826124,1,14191,1,1,0,0,1,0,0,0,0,0,0,0,0,1
2162,12,1dc6f86b0f28f527,0.900049,14.909528,0,13976,1,1,0,0,0,0,0,0,0,0,0,0,0,0
2163,12,83171efae161e4f9,2.76348,18.15866,1,14280,2,0,0,0,1,0,0,0,0,0,0,0,0,1
2164,12,d0f092e334d1b579,2.076099,20.0,1,14086,1,1,0,0,1,0,0,0,0,0,0,0,0,1
2165,12,3c72e9f66e532470,1.561256,20.0,1,14011,1,1,0,0,1,0,0,0,0,0,0,0,0,1
2166,12,94c45a28bf1facb4,1.172913,20.0,1,14100,1,1,0,0,1,0,0,0,0,0,0,0,0,1
2167,12,1ea3379f3547fd92,1.924819,20.0,1,14009,2,1,0,0,1,0,0,0,0,0,0,0,0,1
2168,12,f2433026cfae9a47,2.489698,18.673883,0,14025,1,0,0,0,0,0,0,0,0,0,0,0,0,0
2169,12,d0cc26dd4ca1a8f2,1.872289,20.0,1,14026,1,1,0,0,1,0,0,0,0,0,0,0,0,1
2170,12,38a3c7ee0e61cf29,1.40658,19.258387,1,14008,1,1,0,0,1,0,0,0,0,0,0,0,0,0
2171,12,e64373de38c1d3e1,1.056711,20.0,1,13923,1,1,0,0,1,0,0,0,0,0,0,0,0,1
2172,12,7addd6445d78c1a4,1.838812,16.112503,0,13684,1,0,0,0,0,0,0,0,0,0,0,0,0,0
2173,12,32a2c7ad3446fe7a,1.381431,19.06241,1,13945,1,1,0,0,1,0,0,0,0,0,0,0,0,1
2174,12,c2ddba3954d1d184,1.037818,17.799721,1,13962,1,1,0,0,1,0,0,0,0,0,0,0,0,0
2175,12,6665faed5439f816,0.779673,20.0,1,13918,1,1,0,0,1,0,0,0,0,0,0,0,0,1
2176,12,e2ced52540714a46,1.630476,18.768917,1,13916,2,1,0,0,0,0,0,0,0,0,0,0,0,1
2177,12,609fe1b042bd7177,2.268569,17.57923,1,13784,1,0,0,0,1,0,0,0,0,0,0,0,0,0
2178,12,a841332a0fc6c3b7,0.660638,16.685463,1,13864,0,1,0,0,1,0,0,0,0,0,0,0,0,0
2179,12,55f4672a66ea5f47,1.54096,19.508709,1,13892,2,1,0,0,1,0,0,0,0,0,0,0,0,1
2180,12,c0bd9a34ec0d85ea,1.157665,18.135009,1,13862,1,1,0,0,0,0,0,0,0,0,0,0,0,1
2181,12,aabefe6d1a5d48da,1.913364,17.102998,1,13735,1,0,0,0,1,0,0,0,0,0,0,0,0,0
2182,12,3a430dc208632016,1.437439,19.806532,1,13968,1,1,0,0,1,0,0,0,0,0,0,0,0,1
2183,12,80aa2168e796d8f4,2.125125,14.894795,0,13793,1,0,0,0,0,0,0,0,0,0,0,0,0,0
2184,12,962a960fb5d98b64,1.596527,18.147592,1,13993,1,1,0,0,1,0,0,0,0,0,0,0,0,1
2185,12,45945e108c89014a,1.199411,20.0,1,14037,1,1,0,0,1,0,0,0,0,0,0,0,0,1
2186,12,7d09ed8fe498443a,1.946125,15.484948,0,13979,1,0,0,0,0,0,0,0,0,0,0,0,0,0
2187,12,3afc66ac3f4f5b76,1.462051,18.590952,1,13915,1,1,0,0,1,0,0,0,0,0,0,0,0,1
2188,12,d43984f261b74dc3,1.098384,20.0,1,13911,1,1,0,0,1,0,0,0,0,0,0,0,0,1
2189,12,c873eac609f90289,2.912482,19.198546,1,13732,2,0,0,0,0,0,0,0,0,0,0,0,0,1
2190,12,7091a32442c14d6a,2.190228,17.918082,1,13902,1,1,0,0,1,0,0,0,0,0,0,0,0,0
2191,12,2307c10d64c63b7c,1.645436,20.0,1,14063,1,1,0,0,1,0,0,0,0,0,0,0,0,1
2192,12,8b0b0a97806a7403,1.236155,18.818781,1,13907,1,1,0,0,1,0,0,0,0,0,0,0,0,0
2193,12,99f831b9a521fa56,0.929606,17.632494,1,14014,1,1,0,0,0,0,0,0,0,0,0,0,0,1
2194,12,67c338be39fa1750,1.742032,16.725478,1,13903,1,0,0,0,1,0,0,0,0,0,0,0,0,0
2195,12,3480561eb3823f9e,1.308723,19.522915,1,13997,1,1,0,0,1,0,0,0,0,0,0,0,0,1
2196,12,7f07c0273483f8b0,0.983195,20.0,1,13876,1,1,0,0,1,0,0,0,0,0,0,0,0,1
2197,12,3a2ae35984b13365,0.739377,19.742453,1,13832,1,1,0,0,1,0,0,0,0,0,0,0,0,0
2198,12,37497df471636a00,2.642773,18.310611,1,13956,2,0,0,0,0,0,0,0,0,0,0,0,0,1
2199,12,a3d08d88f646c570,1.985416,20.0,1,13914,1,1,0,0,1,0,0,0,0,0,0,0,0,1
2200,12,072bbcd0c037855a,1.493061,19.05755,1,14050,1,1,0,0,1,0,0,0,0,0,0,0,0,0
2201,12,f59340e46b02c2f2,1.121681,20.0,1,13975,1,1,0,0,1,0,0,0,0,0,0,0,0,1
2202,12,4605d90764b940fa,0.842677,20.0,1,13874,1,1,0,0,1,0,0,0,0,0,0,0,0,1
2203,12,9552be10a6413dfc,1.676725,20.0,1,14092,2,1,0,0,0,0,0,0,0,0,0,0,0,1
2204,12,e815e7f51ce5d921,2.305072,19.057245,1,13897,1,0,0,0,1,0,0,0,0,0,0,0,0,0
2205,12,37530b5efd0ceb4c,1.731714,20.0,1,14051,1,1,0,0,1,0,0,0,0,0,0,0,0,1
2206,12,74ab08ab2aa96740,1.300972,19.46172,1,13862,1,1,0,0,1,0,0,0,0,0,0,0,0,0
2207,12,3cb4f0f3ee625c0f,0.97835,18.115993,1,13738,1,1,0,0,0,0,0,0,0,0,0,0,0,1
2208,12,cef7c08325a7fb76,1.778651,20.0,1,14003,1,0,0,0,1,0,0,0,0,0,0,0,0,1
2209,12,547b435069d7a267,1.336234,18.930481,1,14015,1,1,0,0,1,0,0,0,0,0,0,0,0,0
2210,12,f2ef229d04bfefd5,1.003863,20.0,1,14165,1,1,0,0,1,0,0,0,0,0,0,0,0,1
2211,12,0b1e11e6c420b079,0.754919,19.407751,1,14174,1,1,0,0,1,0,0,0,0,0,0,0,0,0
2212,12,7c9a86a2de040dc0,1.610796,18.059163,1,14079,1,0,0,0,0,0,0,0,0,0,0,0,0,1
2213,12,dae37cb02d0e18eb,1.210131,17.046018,1,14221,1,1,0,0,1,0,0,0,0,0,0,0,0,0
2214,12,745ec8f435101432,0.910035,19.779852,1,14082,1,1,0,0,1,0,0,0,0,0,0,0,0,1
2215,12,eb93ad62c34ed6ce,1.727329,18.338708,1,14189,1,0,0,0,0,0,0,0,0,0,0,0,0,1
2216,12,5991c4604a7bc2f8,1.297678,17.25603,1,14286,1,1,0,0,1,0,0,0,0,0,0,0,0,0
2217,12,98b52b9260d0432d,0.974897,19.9215,1,14015,1,1,0,0,1,0,0,0,0,0,0,0,0,1
2218,12,1b5817eff6d68c7a,2.821437,18.461753,1,14083,2,0,0,0,0,0,0,0,0,0,0,0,0,1
2219,12,1096e15db653a60d,2.11964,17.34847,1,14304,1,1,0,0,1,0,0,0,0,0,0,0,0,0
2220,12,aef3a7106393b37f,1.592407,19.990946,1,14184,1,1,0,0,1,0,0,0,0,0,0,0,0,1
2221,12,249f8fa6ff845679,1.197512,20.0,1,14002,1,1,0,0,1,0,0,0,0,0,0,0,0,1
2222,12,4278acc1f88e3ead,0.899646,16.52363,0,14067,1,1,0,0,0,0,0,0,0,0,0,0,0,0
2223,12,cefbcd7907df4bd6,0.675871,19.371275,1,14230,1,1,0,0,1,0,0,0,0,0,0,0,0,1
2224,12,c2407a82afe7403e,1.55141,20.0,1,14203,1,0,0,0,1,0,0,0,0,0,0,0,0,1
2225,12,1a56c983d63530ab,2.210833,20.0,1,14194,2,1,0,0,1,0,0,0,0,0,0,0,0,1
2226,12,bb0ba312801d48be,1.660916,20.0,1,14997,1,1,0,0,1,0,0,0,0,0,0,0,0,1
2227,12,462d07872d11f725,2.291437,18.285631,0,14919,1,0,0,0,0,0,0,0,0,0,0,0,0,0
2228,12,aa2cc0c025381d94,1.723194,20.0,1,14653,1,1,0,0,1,0,0,0,0,0,0,0,0,1
2229,12,2b72db7c6dbc9eae,1.294571,19.03904,1,14894,1,1,0,0,1,0,0,0,0,0,0,0,0,0
2230,12,f18e7063148d3f6b,0.972563,20.0,1,14673,1,1,0,0,1,0,0,0,0,0,0,0,0,1
2231,12,a31ac8bc120823f1,0.73065,19.451445,1,14214,1,1,0,0,1,0,0,0,0,0,0,0,0,0
2232,12,c97d85037dbd0ee6,1.59361,20.0,1,14168,2,1,0,0,1,0,0,0,0,0,0,0,0,1
2233,12,27dc7be297fcac78,2.240873,19.697678,1,13949,1,0,0,0,0,0,0,0,0,0,0,0,0,1
2234,12,66cc93167d2395a8,1.683484,20.0,1,13999,1,1,0,0,1,0,0,0,0,0,0,0,0,1
2235,12,1da9cdd039605343,1.266004,20.0,1,13964,1,1,0,0,1,0,0,0,0,0,0,0,0,1
2236,12,fd2bfcc4db1f3b82,0.951101,20.0,1,14039,1,1,0,0,1,0,0,0,0,0,0,0,0,0
2237,12,89db392cc13da3b6,1.75818,19.255027,1,13962,1,0,0,0,0,0,0,0,0,0,0,0,0,1
2238,12,2864f4880fd99ea4,1.320855,20.0,1,14064,1,1,0,0,1,0,0,0,0,0,0,0,0,1
2239,12,90e6dd9b143cbb1a,0.993302,20.0,1,13933,1,1,0,0,1,0,0,0,0,0,0,0,0,1
2240,12,885963fda12672ea,0.746231,20.0,1,14173,1,1,0,0,1,0,0,0,0,0,0,0,0,0
2241,12,306041ce9e61d6fb,1.604268,15.635038,0,14386,1,0,0,0,0,0,0,0,0,0,0,0,0,0
2242,12,dc9e8f8bd4714c41,2.250583,18.718775,1,13959,2,1,0,0,1,0,0,0,0,0,0,0,0,1
2243,12,4ed9c6560d83c924,1.690779,20.0,1,14060,1,1,0,0,1,0,0,0,0,0,0,0,0,1
2244,12,3f90cf76e1fd44fd,2.313872,19.270689,1,13886,1,0,0,0,0,0,0,0,0,0,0,0,0,1
2245,12,6b89f9590be09b0d,1.738326,17.956193,1,14204,1,1,0,0,1,0,0,0,0,0,0,0,0,0
2246,12,730514a167f6da40,2.351396,20.0,1,14090,2,1,0,0,1,0,0,0,0,0,0,0,0,1
2247,12,04a955afb28e8596,2.81017,18.85292,1,14026,1,0,0,0,0,0,0,0,0,0,0,0,0,1
2248,12,e52a3f34029ba84c,2.111175,20.0,1,14036,1,1,0,0,1,0,0,0,0,0,0,0,0,1
2249,12,f16259483084472a,2.631784,19.363933,1,14013,1,0,0,0,0,0,0,0,0,0,0,0,0,1
2250,12,21230a931b449641,1.977161,18.026243,1,14103,1,1,0,0,1,0,0,0,0,0,0,0,0,0
2251,12,b67f4e5d8fba13f6,2.529021,20.0,1,14030,2,1,0,0,1,0,0,0,0,0,0,0,0,1
2252,12,279cecc00ad2cc38,1.899959,20.0,1,14092,1,1,0,0,1,0,0,0,0,0,0,0,0,1
2253,12,730c354ed742fe4c,2.472947,20.0,1,14062,1,0,0,0,0,0,0,0,0,0,0,0,0,1
2254,12,97dfb15eb92ba380,1.857832,20.0,1,13872,1,1,0,0,1,0,0,0,0,0,0,0,0,1
2255,12,99b18cdfb79157cb,2.439373,20.0,1,14111,2,1,0,0,1,0,0,0,0,0,0,0,0,1
2256,12,f09941376c2f17d6,2.878594,20.0,1,13926,1,0,0,0,0,0,0,0,0,0,0,0,0,1
2257,12,fd453ef9954fa377,2.16258,19.448647,1,13980,1,1,0,0,1,0,0,0,0,0,0,0,0,0
2258,12,5a7c08aeaeb3f131,1.624666,20.0,1,14138,1,1,0,0,1,0,0,0,0,0,0,0,0,1
2259,12,fee836e53632bf4f,1.22055,20.0,1,14148,1,1,0,0,1,0,0,0,0,0,0,0,0,1
2260,12,837a6106fa494ed2,1.962022,20.0,1,14082,2,1,0,0,1,0,0,0,0,0,0,0,0,1
2261,12,5fd3f8d4b3f38408,1.473994,18.31485,0,14098,1,1,0,0,0,0,0,0,0,0,0,0,0,0
2262,12,c52f5373967028f2,2.15101,20.0,1,14153,1,0,0,0,1,0,0,0,0,0,0,0,0,1
2263,12,683783d3def562c9,1.61759,20.0,1,14101,1,1,0,0,1,0,0,0,0,0,0,0,0,1
2264,12,c1be9b22db843f4c,1.215235,20.0,1,14210,1,1,0,0,1,0,0,0,0,0,0,0,0,0
2265,12,205557d4472e0c8a,0.912961,20.0,1,14271,1,1,0,0,1,0,0,0,0,0,0,0,0,1
2266,12,54d126c1c579bf35,1.729526,16.747854,0,14248,1,0,0,0,0,0,0,0,0,0,0,0,0,0
2267,12,fc4428b3608f930f,1.300629,19.555628,1,14268,1,1,0,0,1,0,0,0,0,0,0,0,0,1
2268,12,aaa1426ebb9c67f5,0.977114,18.170257,1,14352,1,1,0,0,1,0,0,0,0,0,0,0,0,0
2269,12,6a1c37125f283f26,0.734069,20.0,1,14173,1,1,0,0,1,0,0,0,0,0,0,0,0,1
2270,12,7f4725d12e6c652c,0.55203,18.978255,1,14629,1,1,0,0,1,0,0,0,0,0,0,0,0,0
2271,12,96caef56ba793d1c,2.502026,17.736498,1,14455,2,0,0,0,0,0,0,0,0,0,0,0,0,1
2272,12,68682e4117060b90,1.879679,20.0,1,14606,1,1,0,0,1,0,0,0,0,0,0,0,0,1
2273,12,5c70d989b9949b83,1.412133,20.0,1,14704,1,1,0,0,1,0,0,0,0,0,0,0,0,1
2274,12,0d2e84d16bc881ec,2.106094,20.0,1,14518,1,0,0,0,0,0,0,0,0,0,0,0,0,1
2275,12,9e6156b0bf9911e5,1.58223,18.632986,1,14448,1,1,0,0,1,0,0,0,0,0,0,0,0,0
2276,12,d60e4083ba2b1045,2.232324,17.477111,1,14352,1,0,0,0,0,0,0,0,0,0,0,0,0,1
2277,12,866fea0252443ac8,1.678739,20.0,1,14362,1,1,0,0,1,0,0,0,0,0,0,0,0,1
2278,12,83b6613b1b24c1ea,1.261174,18.582258,1,14264,1,1,0,0,1,0,0,0,0,0,0,0,0,0
2279,12,2e16e67fda205951,1.991126,17.439,1,14250,2,1,0,0,0,0,0,0,0,0,0,0,0,1
2280,12,8691d1d2dc8b0c46,2.539512,20.0,1,14455,1,0,0,0,1,0,0,0,0,0,0,0,0,1
2281,12,767c14be8555fe24,1.909749,20.0,1,14271,1,1,0,0,1,0,0,0,0,0,0,0,0,1
2282,12,6731ad8dbff47d93,2.478377,16.562054,0,14172,1,0,0,0,0,0,0,0,0,0,0,0,0,0
2283,12,e627b60ab0c92c4c,1.861912,19.400141,1,14287,1,1,0,0,1,0,0,0,0,0,0,0,0,1
2284,12,ac30f187b82a55ae,1.400184,18.069685,1,14084,1,1,0,0,1,0,0,0,0,0,0,0,0,0
2285,12,f60c52c3d3c4c37e,2.095559,17.053923,1,14137,1,0,0,0,0,0,0,0,0,0,0,0,0,1
2286,12,fbd72c372485589b,1.574315,16.290819,1,13973,1,1,0,0,1,0,0,0,0,0,0,0,0,0
2287,12,f00399062eef696d,1.182724,19.196373,1,13913,1,1,0,0,1,0,0,0,0,0,0,0,0,1
2288,12,85c65dc94872c6ab,1.933576,14.435946,0,13754,1,0,0,0,0,0,0,0,0,0,0,0,0,0
2289,12,662ff7e7306c3508,2.496277,17.802876,1,13718,2,1,0,0,1,0,0,0,0,0,0,0,0,1
2290,12,c3fcbc84d2bd2b4b,1.875359,20.0,1,13830,1,1,0,0,1,0,0,0,0,0,0,0,0,1
2291,12,c1687e832e4cf35c,2.454448,18.770699,1,13579,1,0,0,0,0,0,0,0,0,0,0,0,0,1
2292,12,1548ba99abb5de08,1.843935,20.0,1,13689,1,1,0,0,1,0,0,0,0,0,0,0,0,1
2293,12,52cff11b0a729b2f,2.428933,20.0,1,13732,2,1,0,0,1,0,0,0,0,0,0,0,0,1
2294,12,aede138e15ed7d96,1.824766,20.0,1,13573,1,1,0,0,1,0,0,0,0,0,0,0,0,0
2295,12,2d9d0819d21b0d1f,2.416401,18.96578,1,13466,1,0,0,0,0,0,0,0,0,0,0,0,0,1
2296,12,57b29ac1bd37d207,1.815352,17.727126,1,13461,1,1,0,0,1,0,0,0,0,0,0,0,0,0
2297,12,0a17a01a95b80772,1.363806,20.0,1,13566,1,1,0,0,1,0,0,0,0,0,0,0,0,1
2298,12,e82d8fa391739fa0,2.069752,18.727904,1,13230,1,0,0,0,0,0,0,0,0,0,0,0,0,1
2299,12,fc9d155becd460b4,1.554927,17.548418,1,13426,1,1,0,0,1,0,0,0,0,0,0,0,0,0
2300,12,56f6d0ec1ffe6996,1.168159,20.0,1,13391,1,1,0,0,1,0,0,0,0,0,0,0,0,1
2301,12,5e07c9917e6e487e,0.877594,15.1313,0,13205,1,1,0,0,0,0,0,0,0,0,0,0,0,0
2302,12,795b2d9396fe7778,1.704114,18.339957,1,13108,1,0,0,0,1,0,0,0,0,0,0,0,0,1
2303,12,bbc950a1486ff38b,2.32389,20.0,1,13387,2,1,0,0,1,0,0,0,0,0,0,0,0,1
2304,12,010479df931c6618,2.789505,15.578041,0,13164,1,0,0,0,0,0,0,0,0,0,0,0,0,0
2305,12,cb25a4de4bfcff8a,2.097748,18.675912,1,13303,1,1,0,0,1,0,0,0,0,0,0,0,0,1
2306,12,247f1a569fb39a88,2.619613,17.509359,1,13415,1,0,0,0,0,0,0,0,0,0,0,0,0,1
2307,12,226dd36713e32478,1.968017,16.632972,1,13426,1,1,0,0,1,0,0,0,0,0,0,0,0,0
2308,12,5cbd1f2802872c68,1.478498,19.453419,1,13330,1,1,0,0,1,0,0,0,0,0,0,0,0,1
2309,12,3f4a3e7f22b4c3d3,2.156002,14.629248,0,13464,1,0,0,0,0,0,0,0,0,0,0,0,0,0
2310,12,7fa75709603a60f9,1.619724,17.948096,1,13638,1,1,0,0,1,0,0,0,0,0,0,0,0,1
2311,12,add7073af6c038b7,2.260491,20.0,1,13770,2,1,0,0,1,0,0,0,0,0,0,0,0,1
2312,12,c68ebfa70dd181e1,1.699922,20.0,1,13851,1,1,0,0,1,0,0,0,0,0,0,0,0,1
2313,12,977209954bc8ff01,1.277088,20.0,1,13595,1,1,0,0,1,0,0,0,0,0,0,0,0,1
2314,12,f88c01afe456447e,0.959428,17.831835,0,13467,1,1,0,0,0,0,0,0,0,0,0,0,0,0
2315,12,c75733457445e820,1.764436,20.0,1,13579,1,0,0,0,1,0,0,0,0,0,0,0,0,1
2316,12,ae1ada5f852d0fbe,1.326881,20.0,1,13312,1,1,0,0,1,0,0,0,0,0,0,0,0,1
2317,12,53614c753700bbc8,2.040489,16.728787,0,13489,1,0,0,0,0,0,0,0,0,0,0,0,0,0
2318,12,f688ad252e84b3df,2.576597,19.525401,1,13260,2,1,0,0,1,0,0,0,0,0,0,0,0,1
2319,12,b9d556858d42fd70,1.937637,20.0,1,13240,1,1,0,0,1,0,0,0,0,0,0,0,0,1
2320,12,745d779ae634965c,2.499328,19.739461,1,13484,1,0,0,0,0,0,0,0,0,0,0,0,0,1
2321,12,37a8fc8aa34291bc,1.877652,20.0,1,13353,1,1,0,0,1,0,0,0,0,0,0,0,0,1
2322,12,f76f19a05c7ba921,1.410609,19.846759,1,13281,1,1,0,0,1,0,0,0,0,0,0,0,0,0
2323,12,87ab574b7276cfc1,1.060798,20.0,1,12997,1,1,0,0,1,0,0,0,0,0,0,0,0,1
2324,12,485c66754133f4d4,1.840592,16.442171,0,13038,1,0,0,0,0,0,0,0,0,0,0,0,0,0
2325,12,b9d1b46009832bdd,1.382768,19.310077,1,13098,1,1,0,0,1,0,0,0,0,0,0,0,0,1
2326,13,1fd48474a6be9a50,1.039861,18.001955,1,14021,1,1,0,0,1,0,0,0,0,0,0,0,0,0
2327,13,0b198662efcfc49a,1.824862,17.00304,1,14172,1,0,0,0,0,0,0,0,0,0,0,0,0,1
2328,13,fcbdd03152747088,1.370951,19.731438,1,14286,1,1,0,0,1,0,0,0,0,0,0,0,0,1
2329,13,c7b8a2a9fab59ea4,3.117251,18.302336,1,14361,2,0,0,0,0,0,0,0,0,0,0,0,0,1
2330,13,241e6acbb414e8f5,2.344217,20.0,1,14040,1,1,0,0,1,0,0,0,0,0,0,0,0,1
2331,13,fc64a472a0076c97,2.804776,15.569633,0,14037,1,0,0,0,0,0,0,0,0,0,0,0,0,0
2332,13,1e870741cfb1004d,2.107123,18.654572,1,14228,1,1,0,0,1,0,0,0,0,0,0,0,0,1
2333,13,bf57db00a494f005,1.584587,17.509006,1,14029,1,1,0,0,1,0,0,0,0,0,0,0,0,0
2334,13,b9cebc1ba6e23f90,1.190441,16.632706,1,14258,1,1,0,0,0,0,0,0,0,0,0,0,0,1
2335,13,e665c14bbc29de1b,1.937987,15.974375,1,14169,1,0,0,0,1,0,0,0,0,0,0,0,0,0
2336,13,e769dc1986223560,2.499591,18.95864,1,14254,2,1,0,0,1,0,0,0,0,0,0,0,0,1
2337,13,1dc6f86b0f28f527,1.879728,20.0,1,14109,1,1,0,0,1,0,0,0,0,0,0,0,0,1
2338,13,83171efae161e4f9,1.412169,19.419263,1,14150,1,1,0,0,0,0,0,0,0,0,0,0,0,1
2339,13,d0f092e334d1b579,2.104563,18.067811,1,14086,1,0,0,0,1,0,0,0,0,0,0,0,0,0
2340,13,3c72e9f66e532470,1.582662,20.0,1,13759,1,1,0,0,1,0,0,0,0,0,0,0,0,1
2341,13,1fdd04fc4bd3a35e,1.188994,20.0,1,14198,1,1,0,0,1,0,0,0,0,0,0,0,0,1
2342,13,1ea3379f3547fd92,0.893247,20.0,1,13933,1,1,0,0,1,0,0,0,0,0,0,0,0,0
2343,13,f2433026cfae9a47,1.714717,18.731909,1,14070,1,0,0,0,0,0,0,0,0,0,0,0,0,1
2344,13,d0cc26dd4ca1a8f2,1.289491,17.567164,1,13932,1,1,0,0,1,0,0,0,0,0,0,0,0,0
2345,13,38a3c7ee0e61cf29,2.0124,20.0,1,14116,2,1,0,0,1,0,0,0,0,0,0,0,0,1
2346,13,e64373de38c1d3e1,1.511841,20.0,1,13953,1,1,0,0,1,0,0,0,0,0,0,0,0,1
2347,13,7addd6445d78c1a4,1.136926,20.0,1,13827,1,1,0,0,0,0,0,0,0,0,0,0,0,1
2348,13,32a2c7ad3446fe7a,1.897783,20.0,1,13808,1,0,0,0,1,0,0,0,0,0,0,0,0,1
2349,13,c2ddba3954d1d184,1.425734,20.0,1,13951,1,1,0,0,1,0,0,0,0,0,0,0,0,0
2350,13,6665faed5439f816,1.0711,20.0,1,13826,1,1,0,0,1,0,0,0,0,0,0,0,0,1
2351,13,e2ced52540714a46,0.805483,20.0,1,13865,1,1,0,0,1,0,0,0,0,0,0,0,0,1
2352,13,609fe1b042bd7177,2.692436,20.0,1,13825,2,0,0,0,0,0,0,0,0,0,0,0,0,1
2353,13,a841332a0fc6c3b7,2.022726,19.367392,1,13862,1,1,0,0,1,0,0,0,0,0,0,0,0,0
2354,13,55f4672a66ea5f47,1.521119,20.0,1,13872,1,1,0,0,1,0,0,0,0,0,0,0,0,1
2355,13,c0bd9a34ec0d85ea,2.186413,16.171347,0,14049,1,0,0,0,0,0,0,0,0,0,0,0,0,0
2356,13,aabefe6d1a5d48da,1.642571,19.106618,1,13797,1,1,0,0,1,0,0,0,0,0,0,0,0,1
2357,13,3a430dc208632016,2.277655,20.0,1,13816,2,1,0,0,1,0,0,0,0,0,0,0,0,1
2358,13,80aa2168e796d8f4,2.75698,19.507261,1,13918,1,0,0,0,0,0,0,0,0,0,0,0,0,1
2359,13,f7ccb287b0e2aba7,2.071216,20.0,1,13973,1,1,0,0,1,0,0,0,0,0,0,0,0,1
2360,13,2112fa62c82cb6c3,1.556027,19.715707,1,13751,1,1,0,0,1,0,0,0,0,0,0,0,0,0
2361,13,542d2ce96e80afc1,2.214305,18.306995,1,13905,1,0,0,0,0,0,0,0,0,0,0,0,0,1
2362,13,6e60a9a40289d397,1.663525,20.0,1,13848,1,1,0,0,1,0,0,0,0,0,0,0,0,1
2363,13,0d28e31d51bf6ee7,1.249744,15.559437,0,13988,1,1,0,0,0,0,0,0,0,0,0,0,0,0
2364,13,1cc2b0b192026c8b,3.026193,20.0,1,13848,2,0,0,0,1,0,0,0,0,0,0,0,0,2
2365,13,1248b02762c2799a,2.27574,20.0,1,13881,1,1,0,0,1,0,0,0,0,0,0,0,0,0
2366,13,3686db50da6353c5,1.709678,20.0,1,13925,1,1,0,0,1,0,0,0,0,0,0,0,0,1
2367,13,07a5e51a719ae67e,2.328071,16.582343,0,13948,1,0,0,0,0,0,0,0,0,0,0,0,0,0
2368,13,f655ac8ba190f916,2.794893,19.431162,1,13931,2,1,0,0,1,0,0,0,0,0,0,0,0,1
2369,13,acf062be464e6a16,2.099699,20.0,1,14006,1,1,0,0,1,0,0,0,0,0,0,0,0,1
2370,13,de13e887285fb9b5,1.577425,19.672757,1,13903,1,1,0,0,1,0,0,0,0,0,0,0,0,0
2371,13,b881e3f0277e0f1e,2.228714,18.258251,1,14044,1,0,0,0,0,0,0,0,0,0,0,0,0,1
2372,13,3113f88925ef22eb,1.676025,20.0,1,13847,1,1,0,0,1,0,0,0,0,0,0,0,0,1
2373,13,8f5d1507a606f6db,1.259135,20.0,1,14090,1,1,0,0,1,0,0,0,0,0,0,0,0,1
2374,13,4c671eda2cb97842,0.945941,20.0,1,13804,1,1,0,0,1,0,0,0,0,0,0,0,0,0
2375,13,a70975e0d75fcfa2,0.711361,18.809612,1,13947,1,1,0,0,0,0,0,0,0,0,0,0,0,1
2376,13,e32a82da60bb8735,1.578072,17.609803,1,14064,1,0,0,0,1,0,0,0,0,0,0,0,0,0
2377,13,0ceb51fa72226318,1.185547,20.0,1,13876,1,1,0,0,1,0,0,0,0,0,0,0,0,1
2378,13,2380749c713565a3,1.93431,20.0,1,13854,2,1,0,0,1,0,0,0,0,0,0,0,0,1
2379,13,6712e77d60dcbb1b,1.454629,20.0,1,13890,1,1,0,0,1,0,0,0,0,0,0,0,0,0
2380,13,26000cfb780e6842,1.092808,18.592588,1,14171,1,1,0,0,0,0,0,0,0,0,0,0,0,1
2381,13,4d9f805f0bb0418f,1.864639,17.446761,1,13864,1,0,0,0,1,0,0,0,0,0,0,0,0,0
2382,13,33455cd54b443737,1.402235,20.0,1,14024,1,1,0,0,1,0,0,0,0,0,0,0,0,1
2383,13,b8ece21f24cf9aed,0.009794,18.565112,1,13839,0,1,0,0,1,0,0,0,0,0,0,0,0,0
2384,13,438d9b97668d3919,2.094664,17.426119,1,14194,2,0,0,0,0,0,0,0,0,0,0,0,0,1
2385,13,6c5ca6adeb383ed3,1.573643,16.570436,1,14231,1,1,0,0,1,0,0,0,0,0,0,0,0,0
2386,13,6fb7f140d1b80dad,1.183402,19.422208,1,13962,1,1,0,0,1,0,0,0,0,0,0,0,0,1
2387,13,4812b980a4836118,1.932699,18.070023,1,14157,1,0,0,0,0,0,0,0,0,0,0,0,0,1
2388,13,7580f222342b86e3,1.451965,17.054177,1,14172,1,1,0,0,1,0,0,0,0,0,0,0,0,0
2389,13,d4d46829618cb27a,1.091898,16.305486,1,14275,1,1,0,0,0,0,0,0,0,0,0,0,0,1
2390,13,e6d9159f25d02b70,1.863956,15.728547,1,14252,1,0,0,0,1,0,0,0,0,0,0,0,0,0
2391,13,39f4850a8583fbcf,1.40032,18.773958,1,14423,1,1,0,0,1,0,0,0,0,0,0,0,0,1
2392,13,85d5ca1060e16177,2.095662,14.104173,0,14542,1,0,0,0,0,0,0,0,0,0,0,0,0,0
2393,13,83703bee72dfc819,2.620118,17.567542,1,15099,2,1,0,0,1,0,0,0,0,0,0,0,0,1
2394,13,8dbb0fb9ab9f07ef,1.968397,20.0,1,15100,1,1,0,0,1,0,0,0,0,0,0,0,0,1
2395,13,6f0d1c31a9ffc0e1,1.478783,20.0,1,15081,1,1,0,0,1,0,0,0,0,0,0,0,0,1
2396,13,5109bef17223c688,2.156216,16.619352,0,16100,1,0,0,0,0,0,0,0,0,0,0,0,0,0
2397,13,5d3ce57aa41c34f4,1.619885,19.443187,1,16223,1,1,0,0,1,0,0,0,0,0,0,0,0,1
2398,13,f0acb349efcc2348,2.260612,20.0,1,15799,2,1,0,0,1,0,0,0,0,0,0,0,0,1
2399,13,33542b47ee22c0e5,1.698313,20.0,1,15725,1,1,0,0,1,0,0,0,0,0,0,0,0,1
2400,13,819fe22d79de0de5,3.365457,20.0,1,15227,2,0,0,0,0,0,0,0,0,0,0,0,0,1
2401,13,50694e058b554346,2.528342,20.0,1,15264,1,1,0,0,1,0,0,0,0,0,0,0,0,1
2402,13,369693e2bd6a1051,2.943102,20.0,1,15598,2,1,0,0,1,0,0,0,0,0,0,0,0,1
2403,13,5867a45e9bea42d3,2.213255,20.0,1,15063,1,1,0,0,0,0,0,0,0,0,0,0,0,1
2404,13,1a476712fba7fd1e,2.706389,20.0,1,14745,1,0,0,0,1,0,0,0,0,0,0,0,0,1
2405,13,06e0351a32412628,2.033209,20.0,1,14571,1,1,0,0,1,0,0,0,0,0,0,0,0,0
2406,13,8e6d391efc4138e0,2.571127,20.0,1,14316,2,1,0,0,1,0,0,0,0,0,0,0,0,1
2407,13,6d80f7ae2748d69a,1.933524,20.0,1,14230,1,1,0,0,1,0,0,0,0,0,0,0,0,1
2408,13,91815096a7eaca62,1.452584,20.0,1,14080,1,1,0,0,1,0,0,0,0,0,0,0,0,1
2409,13,d68b7066aa351681,1.091272,18.756334,0,13970,1,1,0,0,0,0,0,0,0,0,0,0,0,0
2410,13,0189b413427b5b5c,1.864803,20.0,1,13731,1,0,0,0,1,0,0,0,0,0,0,0,0,1
2411,13,53740cd3371492f9,1.400957,19.304968,1,13889,1,1,0,0,1,0,0,0,0,0,0,0,0,0
2412,13,f3bf455a7d27c010,1.052486,20.0,1,13926,1,1,0,0,1,0,0,0,0,0,0,0,0,1
2413,13,5f004e1acd00de88,1.834347,19.601534,1,14032,1,0,0,0,0,0,0,0,0,0,0,0,0,1
2414,13,a2f67ad695a98274,1.379455,18.221134,1,13945,1,1,0,0,1,0,0,0,0,0,0,0,0,0
2415,13,c7ec5a90dc25b8fe,1.036333,20.0,1,14288,1,1,0,0,1,0,0,0,0,0,0,0,0,1
2416,13,7914ec27c6727d52,1.822212,20.0,1,14227,2,1,0,0,1,0,0,0,0,0,0,0,0,1
2417,13,346d6badeca36e32,2.41448,20.0,1,14101,1,0,0,0,0,0,0,0,0,0,0,0,0,1
2418,13,b40eda2144bdaf1d,1.813908,20.0,1,14025,1,1,0,0,1,0,0,0,0,0,0,0,0,1
2419,13,29fd4eb0baf3a85e,1.362721,20.0,1,14023,1,1,0,0,1,0,0,0,0,0,0,0,0,0
2420,13,0fd943d8e96cd848,2.067415,18.659406,1,14025,1,0,0,0,0,0,0,0,0,0,0,0,0,1
2421,13,efc244d250bf18df,1.554726,17.512641,1,14000,1,1,0,0,1,0,0,0,0,0,0,0,0,0
2422,13,c55148a03a8565c3,2.211661,16.635437,1,13940,1,0,0,0,0,0,0,0,0,0,0,0,0,1
2423,13,653920a01568dfc9,2.705191,19.455271,1,14168,2,1,0,0,1,0,0,0,0,0,0,0,0,1
2424,13,d4e7310c641161ab,2.034342,20.0,1,13997,1,1,0,0,1,0,0,0,0,0,0,0,0,1
2425,13,8ee5340cdea50732,2.571979,16.220995,0,14105,1,0,0,0,0,0,0,0,0,0,0,0,0,0
2426,13,ccb475af5dbb3f58,1.932231,19.143916,1,14118,1,1,0,0,1,0,0,0,0,0,0,0,0,1
2427,13,1915e0f873809add,1.451613,20.0,1,14074,1,1,0,0,1,0,0,0,0,0,0,0,0,1
2428,13,d49d5f2f4a313147,2.135784,19.528334,1,14024,2,1,0,0,0,0,0,0,0,0,0,0,0,1
2429,13,50d5af7922df4a86,2.648188,18.149752,1,13957,1,0,0,0,1,0,0,0,0,0,0,0,0,0
2430,13,d51074b0a33a081a,1.989485,20.0,1,14030,1,1,0,0,1,0,0,0,0,0,0,0,0,1
2431,13,6d5f536d2bd997de,1.496121,15.486169,0,14033,1,1,0,0,0,0,0,0,0,0,0,0,0,0
2432,13,3c3825c10bb3a1c8,2.167633,18.591869,1,14078,1,0,0,0,1,0,0,0,0,0,0,0,0,1
2433,13,a183c2ab7b2d17ab,2.672115,20.0,1,14163,2,1,0,0,1,0,0,0,0,0,0,0,0,1
2434,13,15cfa1aca114516f,2.00746,20.0,1,14128,1,1,0,0,1,0,0,0,0,0,0,0,0,1
2435,13,99abd38cd3377be0,1.509639,20.0,1,13924,1,1,0,0,1,0,0,0,0,0,0,0,0,0
2436,13,a014f1da44a08b76,2.177788,18.905731,1,14207,1,0,0,0,0,0,0,0,0,0,0,0,0,1
2437,13,e3eb400c3dd02428,1.636091,17.682013,1,13962,1,1,0,0,1,0,0,0,0,0,0,0,0,0
2438,13,5830dfcaf47fe679,1.230364,20.0,1,14015,1,1,0,0,1,0,0,0,0,0,0,0,0,1
2439,13,7c7d0134d3c70811,0.924326,20.0,1,13899,1,1,0,0,1,0,0,0,0,0,0,0,0,1
2440,13,c3dd6d44d302e876,2.781719,20.0,1,14201,2,0,0,0,0,0,0,0,0,0,0,0,0,1
2441,13,58ed992ff51b231a,2.089801,18.608893,1,14103,1,1,0,0,1,0,0,0,0,0,0,0,0,0
2442,13,4fcea2a972302b1a,1.57156,20.0,1,14154,1,1,0,0,1,0,0,0,0,0,0,0,0,1
2443,13,075f3573029e3a7f,1.180654,20.0,1,14280,1,1,0,0,1,0,0,0,0,0,0,0,0,1
2444,13,ed02d74add0252cd,1.930635,20.0,1,14248,1,0,0,0,0,0,0,0,0,0,0,0,0,1
2445,13,9256c685abe14e9c,1.451865,18.92153,1,14317,1,1,0,0,1,0,0,0,0,0,0,0,0,0
2446,13,568c678c505ea544,1.090732,20.0,1,14510,1,1,0,0,1,0,0,0,0,0,0,0,0,1
2447,13,731a8fcdeb2fddbf,0.819426,15.906278,0,14233,1,1,0,0,0,0,0,0,0,0,0,0,0,0
2448,13,f07d3ced300bf98b,1.659258,18.907481,1,14373,1,0,0,0,1,0,0,0,0,0,0,0,0,1
2449,13,afe8cdb9a53f3cb4,2.291936,20.0,1,14236,2,1,0,0,1,0,0,0,0,0,0,0,0,1
2450,13,ff14387b7c00fae9,1.721846,19.39036,1,14190,1,1,0,0,1,0,0,0,0,0,0,0,0,0
2451,13,9c341fc8bf8651cc,2.337212,18.046097,1,14347,1,0,0,0,0,0,0,0,0,0,0,0,0,1
2452,13,baffd70fe6ac73cd,1.757616,17.051424,1,14026,1,1,0,0,1,0,0,0,0,0,0,0,0,0
2453,13,4073e9bd48774725,1.320432,19.767787,1,14258,1,1,0,0,1,0,0,0,0,0,0,0,0,1
2454,13,f4d4c3251550d6e2,2.035644,14.850799,0,14176,1,0,0,0,0,0,0,0,0,0,0,0,0,0
2455,13,02715b7eb489ecd5,1.529303,18.114539,1,14095,1,1,0,0,1,0,0,0,0,0,0,0,0,1
2456,13,0493fe2e61046abd,1.150058,20.0,1,14077,1,1,0,0,1,0,0,0,0,0,0,0,0,1
2457,13,9a4ee334c720c293,1.907649,15.463535,0,14252,1,0,0,0,0,0,0,0,0,0,0,0,0,0
2458,13,e37190ff17fd7ef4,1.433145,15.09602,1,14193,1,1,0,0,1,0,0,0,0,0,0,0,0,0
2459,13,874a7160006bccf6,2.121896,18.313426,1,14209,2,1,0,0,1,0,0,0,0,0,0,0,0,1
2460,13,eb66a2db31f08615,1.594101,20.0,1,14259,1,1,0,0,1,0,0,0,0,0,0,0,0,1
2461,13,03ea8e47a06f59db,1.197589,20.0,1,14144,1,1,0,0,1,0,0,0,0,0,0,0,0,1
2462,13,c3dda8525bd9754b,0.899704,20.0,1,13930,1,1,0,0,1,0,0,0,0,0,0,0,0,0
2463,13,f0969e93839d6b45,0.67659,18.819973,1,13921,1,1,0,0,0,0,0,0,0,0,0,0,0,1
2464,13,1c38405cb2a0e825,2.595603,20.0,1,14104,2,0,0,0,1,0,0,0,0,0,0,0,0,1
2465,13,787b4cce7a7b54de,1.94998,19.327805,1,13913,1,1,0,0,1,0,0,0,0,0,0,0,0,0
2466,13,a47791cb9de3b2ae,1.466413,20.0,1,14029,1,1,0,0,1,0,0,0,0,0,0,0,0,1
2467,13,e9469ef132647d5c,1.101661,19.627827,1,13788,1,1,0,0,0,0,0,0,0,0,0,0,0,1
2468,13,e6b28f5c34be270d,1.87129,20.0,1,13881,1,0,0,0,1,0,0,0,0,0,0,0,0,1
2469,13,28b11503da67e96a,2.449484,19.783754,1,13965,2,1,0,0,1,0,0,0,0,0,0,0,0,0
2470,13,e480487cdfc00501,1.842047,20.0,1,13765,1,1,0,0,1,0,0,0,0,0,0,0,0,1
2471,13,3dfd87712e2f318c,1.383861,19.885419,1,13855,1,1,0,0,0,0,0,0,0,0,0,0,0,1
2472,13,9510dfc9ff30410a,2.083296,18.418017,1,13684,1,0,0,0,1,0,0,0,0,0,0,0,0,0
2473,13,dbded56bcb2e691c,1.566668,20.0,1,13672,1,1,0,0,1,0,0,0,0,0,0,0,0,1
2474,13,8e731615f560629e,2.220633,15.634988,0,13792,1,0,0,0,0,0,0,0,0,0,0,0,0,0
2475,13,839ff61af700c5e4,1.668278,18.703671,1,13297,1,1,0,0,1,0,0,0,0,0,0,0,0,1
2476,13,2d2b3fa31b9ca5c5,1.253315,17.530213,1,13580,1,1,0,0,1,0,0,0,0,0,0,0,0,0
2477,13,5d8e341ee49ea579,0.942511,20.0,1,13822,1,1,0,0,1,0,0,0,0,0,0,0,0,1
2478,13,797244cbcef9b3da,1.751727,15.133414,0,13708,1,0,0,0,0,0,0,0,0,0,0,0,0,0
2479,13,01f05b4dd31fa2d9,1.316007,18.326858,1,13887,1,1,0,0,1,0,0,0,0,0,0,0,0,1
2480,13,905aefc35256bef9,2.033806,13.782058,0,13736,1,0,0,0,0,0,0,0,0,0,0,0,0,0
2481,13,799df9e7e35c75ee,1.527923,17.311634,1,13643,1,1,0,0,1,0,0,0,0,0,0,0,0,1
2482,13,52e47a13cce6639c,2.191525,19.963273,1,13849,2,1,0,0,1,0,0,0,0,0,0,0,0,1
2483,13,fbca79e64326d595,2.690064,18.476505,1,13540,1,0,0,0,0,0,0,0,0,0,0,0,0,1
2484,13,9d659a179ba1acfc,2.022966,20.0,1,13711,1,1,0,0,1,0,0,0,0,0,0,0,0,1
2485,13,4994af3dc6c084b0,1.519779,19.146876,1,13614,1,1,0,0,1,0,0,0,0,0,0,0,0,0
2486,13,02b50c27f11df0b7,1.141753,17.863177,1,13491,1,1,0,0,0,0,0,0,0,0,0,0,0,1
2487,13,7f56a3b266a73426,1.902765,20.0,1,13599,1,0,0,0,1,0,0,0,0,0,0,0,0,1
2488,13,0c21f359318f1fc4,2.47313,18.80037,1,13646,2,1,0,0,1,0,0,0,0,0,0,0,0,0
2489,13,9f31352324b788aa,1.85797,20.0,1,13536,1,1,0,0,1,0,0,0,0,0,0,0,0,1
2490,13,0be456b5729bc29c,1.395823,19.316741,1,13411,1,1,0,0,1,0,0,0,0,0,0,0,0,0
2491,13,40947114f1eb2166,1.049679,20.0,1,13557,1,1,0,0,1,0,0,0,0,0,0,0,0,1
2492,13,93677b4166870f79,1.832238,16.142731,0,13939,1,0,0,0,0,0,0,0,0,0,0,0,0,0
2493,13,e4f448e5e3f6f3c7,1.376492,19.08512,1,13308,1,1,0,0,1,0,0,0,0,0,0,0,0,1
2494,13,4a5a0521c0481ec3,1.035142,20.0,1,13473,1,1,0,0,1,0,0,0,0,0,0,0,0,1
2495,13,e97e427104caaa76,0.777663,16.011875,0,13607,1,1,0,0,0,0,0,0,0,0,0,0,0,0
2496,13,5c745fe6338ffdd3,1.627883,18.986812,1,13683,1,0,0,0,1,0,0,0,0,0,0,0,0,1
2497,13,b893a90e77849ab4,2.266621,20.0,1,13415,2,1,0,0,1,0,0,0,0,0,0,0,0,1
2498,13,991255c49e19377f,1.704531,20.0,1,13512,1,1,0,0,1,0,0,0,0,0,0,0,0,1
2499,13,6c73f43114024555,2.324204,17.218997,0,13489,1,0,0,0,0,0,0,0,0,0,0,0,0,0
2500,13,9cb742e7419e34bd,1.746087,19.893678,1,13787,1,1,0,0,1,0,0,0,0,0,0,0,0,1
2501,13,fbfc9d8e7e6e2c7a,1.313083,18.440831,1,13349,1,1,0,0,1,0,0,0,0,0,0,0,0,0
2502,13,460348ee072ecfec,0.98647,13.853907,0,13411,0,0,0,0,0,0,0,0,0,0,0,0,0,0
2503,13,1b7d2b4583760a61,0.741098,17.365612,1,13378,1,1,0,0,1,0,0,0,0,0,0,0,0,1
2504,13,9287aa4ccba22a63,1.600413,20.0,1,13548,2,1,0,0,1,0,0,0,0,0,0,0,0,1
2505,13,d5246115898a3313,1.203533,18.523662,1,13329,1,1,0,0,1,0,0,0,0,0,0,0,0,0
2506,13,d91c726b124ca83c,1.947823,17.39498,1,13273,1,0,0,0,0,0,0,0,0,0,0,0,0,1
2507,13,7d346f2d7ee5f44a,1.463326,20.0,1,13286,1,1,0,0,1,0,0,0,0,0,0,0,0,1
2508,13,d1f0d0c4cd0ad23b,1.100442,15.059752,0,13268,1,1,0,0,0,0,0,0,0,0,0,0,0,0
2509,13,f6e3cbb2a8c9f957,1.870375,18.271518,1,13456,1,0,0,0,1,0,0,0,0,0,0,0,0,1
2510,13,234973687cb49c15,1.405142,17.205553,1,13644,1,1,0,0,1,0,0,0,0,0,0,0,0,0
2511,13,94f4a7df106c5555,2.099284,16.404733,1,13486,1,0,0,0,0,0,0,0,0,0,0,0,0,1
2512,13,0643386301f89e53,1.578692,15.817095,1,13642,1,1,0,0,1,0,0,0,0,0,0,0,0,0
2513,13,2c4434d9bd6012cf,1.186012,18.840481,1,13605,1,1,0,0,1,0,0,0,0,0,0,0,0,1
2514,13,f5a0b828112320c4,1.93466,17.632994,1,13555,2,1,0,0,0,0,0,0,0,0,0,0,0,1
2515,13,3068ea6d890aa6a2,2.499042,20.0,1,13633,1,0,0,0,1,0,0,0,0,0,0,0,0,1
2516,13,d3aa5fd984dd1945,1.877437,18.670326,1,13654,1,1,0,0,1,0,0,0,0,0,0,0,0,0
2517,13,9954770db448d4d8,1.410448,17.505162,1,13711,1,1,0,0,0,0,0,0,0,0,0,0,0,1
2518,13,1097ce52adebb40f,2.10327,20.0,1,13617,1,0,0,0,1,0,0,0,0,0,0,0,0,1
2519,13,b29b7edb6bb2d3d9,1.581689,18.602503,1,13634,1,1,0,0,1,0,0,0,0,0,0,0,0,0
2520,13,fc39910cf2b86367,1.188264,20.0,1,13721,1,1,0,0,1,0,0,0,0,0,0,0,0,1
2521,13,4f6df76a1b6b5b30,0.892698,20.0,1,13587,1,1,0,0,1,0,0,0,0,0,0,0,0,1
2522,13,8ee2d55faaa47ff6,1.715472,20.0,1,13635,2,1,0,0,1,0,0,0,0,0,0,0,0,1
2523,13,06c0a6a736e29e28,1.28877,20.0,1,13572,1,1,0,0,0,0,0,0,0,0,0,0,0,1
2524,13,12d181d44a0fe13c,2.011858,19.64894,1,13461,1,0,0,0,1,0,0,0,0,0,0,0,0,0
2525,13,dc6693c0cd382f05,1.511434,20.0,1,13278,1,1,0,0,1,0,0,0,0,0,0,0,0,1
2526,14,1fd48474a6be9a50,1.13662,19.813652,1,13826,1,1,0,0,1,0,0,0,0,0,0,0,0,0
2527,14,0b198662efcfc49a,0.8539,20.0,1,14237,1,1,0,0,1,0,0,0,0,0,0,0,0,1
2528,14,fcbdd03152747088,0.641503,16.409788,0,14093,1,1,0,0,0,0,0,0,0,0,0,0,0,0
2529,14,c7b8a2a9fab59ea4,1.52657,19.301398,1,14191,1,0,0,0,1,0,0,0,0,0,0,0,0,1
2530,14,241e6acbb414e8f5,2.190508,20.0,1,14302,2,1,0,0,1,0,0,0,0,0,0,0,0,1
2531,14,fc64a472a0076c97,2.6893,16.120674,0,14208,1,0,0,0,0,0,0,0,0,0,0,0,0,0
2532,14,1e870741cfb1004d,2.020371,19.068549,1,14292,1,1,0,0,1,0,0,0,0,0,0,0,0,1
2533,14,bf57db00a494f005,1.519348,17.820322,1,14053,1,1,0,0,1,0,0,0,0,0,0,0,0,0
2534,14,b9cebc1ba6e23f90,2.185082,16.866586,1,14061,1,0,0,0,0,0,0,0,0,0,0,0,0,1
2535,14,e665c14bbc29de1b,2.685224,19.628925,1,14037,2,1,0,0,1,0,0,0,0,0,0,0,0,1
2536,14,e769dc1986223560,2.019327,20.0,1,14134,1,1,0,0,1,0,0,0,0,0,0,0,0,1
2537,14,1dc6f86b0f28f527,2.560698,16.319103,0,14118,1,0,0,0,0,0,0,0,0,0,0,0,0,0
2538,14,83171efae161e4f9,1.923757,19.217621,1,14266,1,1,0,0,1,0,0,0,0,0,0,0,0,1
2539,14,d0f092e334d1b579,1.445247,17.916325,1,14157,1,1,0,0,1,0,0,0,0,0,0,0,0,0
2540,14,3c72e9f66e532470,1.086846,20.0,1,13936,1,1,0,0,1,0,0,0,0,0,0,0,0,1
2541,14,1fdd04fc4bd3a35e,1.86016,18.830396,1,14171,1,0,0,0,0,0,0,0,0,0,0,0,0,1
2542,14,1ea3379f3547fd92,2.441122,20.0,1,13948,2,1,0,0,1,0,0,0,0,0,0,0,0,1
2543,14,f2433026cfae9a47,1.835759,20.0,1,13927,1,1,0,0,1,0,0,0,0,0,0,0,0,1
2544,14,d0cc26dd4ca1a8f2,1.379137,20.0,1,14014,1,1,0,0,1,0,0,0,0,0,0,0,0,0
2545,14,38a3c7ee0e61cf29,1.036094,20.0,1,13994,1,1,0,0,1,0,0,0,0,0,0,0,0,1
2546,14,e64373de38c1d3e1,1.822032,16.871352,0,13852,1,0,0,0,0,0,0,0,0,0,0,0,0,0
2547,14,7addd6445d78c1a4,2.414345,19.648501,1,13772,2,1,0,0,1,0,0,0,0,0,0,0,0,1
2548,14,32a2c7ad3446fe7a,1.813807,20.0,1,13902,1,1,0,0,1,0,0,0,0,0,0,0,0,1
2549,14,c2ddba3954d1d184,1.362645,20.0,1,13993,1,1,0,0,1,0,0,0,0,0,0,0,0,1
2550,14,6665faed5439f816,2.068879,17.50258,0,13940,1,0,0,0,0,0,0,0,0,0,0,0,0,0
2551,14,e2ced52540714a46,1.554272,20.0,1,13773,1,1,0,0,1,0,0,0,0,0,0,0,0,1
2552,14,609fe1b042bd7177,1.167666,20.0,1,13706,1,1,0,0,1,0,0,0,0,0,0,0,0,1
2553,14,a841332a0fc6c3b7,2.964531,20.0,1,13887,2,0,0,0,0,0,0,0,0,0,0,0,0,1
2554,14,55f4672a66ea5f47,2.229369,18.561426,1,13807,1,1,0,0,1,0,0,0,0,0,0,0,0,0
2555,14,c0bd9a34ec0d85ea,1.674842,20.0,1,13979,1,1,0,0,1,0,0,0,0,0,0,0,0,1
2556,14,aabefe6d1a5d48da,2.301899,15.703037,0,13845,1,0,0,0,0,0,0,0,0,0,0,0,0,0
2557,14,3a430dc208632016,1.731061,18.769911,1,13852,1,1,0,0,1,0,0,0,0,0,0,0,0,1
2558,14,80aa2168e796d8f4,1.300482,20.0,1,14012,1,1,0,0,1,0,0,0,0,0,0,0,0,1
2559,14,f7ccb287b0e2aba7,2.020657,15.820706,0,13865,1,0,0,0,0,0,0,0,0,0,0,0,0,0
2560,14,2112fa62c82cb6c3,1.518044,18.843194,1,13844,1,1,0,0,1,0,0,0,0,0,0,0,0,1
2561,14,542d2ce96e80afc1,2.185741,14.17035,0,13915,1,0,0,0,0,0,0,0,0,0,0,0,0,0
2562,14,6e60a9a40289d397,2.685719,17.603343,1,13833,2,1,0,0,1,0,0,0,0,0,0,0,0,1
2563,14,0d28e31d51bf6ee7,2.01768,20.0,1,13957,1,1,0,0,1,0,0,0,0,0,0,0,0,1
2564,14,1cc2b0b192026c8b,2.561475,18.657971,1,13833,1,0,0,0,0,0,0,0,0,0,0,0,0,1
2565,14,1248b02762c2799a,1.92434,17.495881,1,13862,1,1,0,0,1,0,0,0,0,0,0,0,0,0
2566,14,3686db50da6353c5,1.445685,20.0,1,13961,1,1,0,0,1,0,0,0,0,0,0,0,0,1
2567,14,07a5e51a719ae67e,2.129742,20.0,1,13912,2,1,0,0,1,0,0,0,0,0,0,0,0,1
2568,14,f655ac8ba190f916,2.645747,20.0,1,14069,1,0,0,0,0,0,0,0,0,0,0,0,0,1
2569,14,93dd37e4a4a5e13f,1.987651,20.0,1,13879,1,1,0,0,1,0,0,0,0,0,0,0,0,1
2570,14,d4203af627c29010,1.493248,20.0,1,13963,1,1,0,0,1,0,0,0,0,0,0,0,0,0
2571,14,74146cff38aecdbf,1.122944,20.0,1,13833,1,1,0,0,1,0,0,0,0,0,0,0,0,1
2572,14,77829f037993a9b4,1.887279,20.0,1,13869,1,0,0,0,0,0,0,0,0,0,0,0,0,1
2573,14,bbea280c4443ece7,2.461495,20.0,1,14035,2,1,0,0,1,0,0,0,0,0,0,0,0,1
2574,14,770cc58a6b328c75,1.84923,20.0,1,14016,1,1,0,0,1,0,0,0,0,0,0,0,0,0
2575,14,9e4ceafbb666acca,1.390647,20.0,1,14026,1,1,0,0,1,0,0,0,0,0,0,0,0,1
2576,14,b9acb191b89c8af8,2.088394,16.533611,0,13943,1,0,0,0,0,0,0,0,0,0,0,0,0,0
2577,14,4605d90764b940fa,1.568933,19.378773,1,13958,1,1,0,0,1,0,0,0,0,0,0,0,0,1
2578,14,9552be10a6413dfc,1.17986,20.0,1,13979,1,1,0,0,1,0,0,0,0,0,0,0,0,1
2579,14,e815e7f51ce5d921,1.930038,20.0,1,13963,2,1,0,0,1,0,0,0,0,0,0,0,0,1
2580,14,6dd4d4bcd6c22256,2.493619,20.0,1,13863,1,0,0,0,0,0,0,0,0,0,0,0,0,1
2581,14,956b498c4394edbc,1.873362,19.149924,1,13989,1,1,0,0,1,0,0,0,0,0,0,0,0,0
2582,14,e01aec88cd520e1c,1.408795,20.0,1,13749,1,1,0,0,1,0,0,0,0,0,0,0,0,1
2583,14,846a361bffe60c5b,2.102029,19.527331,1,13739,1,0,0,0,0,0,0,0,0,0,0,0,0,1
2584,14,079b126d9d88a9e5,1.579175,18.148998,1,14094,1,1,0,0,1,0,0,0,0,0,0,0,0,0
2585,14,8a837fcf3dd83700,1.187562,17.128807,1,13870,1,1,0,0,0,0,0,0,0,0,0,0,0,1
2586,14,cd8d4e4f71688b00,1.935825,16.347077,1,14245,1,0,0,0,1,0,0,0,0,0,0,0,0,0
2587,14,42e7ce2a0bc1a658,1.454313,19.238637,1,14012,1,1,0,0,1,0,0,0,0,0,0,0,0,1
2588,14,e33f146ca9fa1013,1.092571,17.932113,1,14288,1,1,0,0,1,0,0,0,0,0,0,0,0,0
2589,14,046cbefc317a0a5c,1.865779,16.965706,1,13994,1,0,0,0,0,0,0,0,0,0,0,0,0,1
2590,14,c5a357cd9a77de88,1.40169,19.70339,1,14089,1,1,0,0,1,0,0,0,0,0,0,0,0,1
2591,14,c80b773d37634399,1.053037,18.281265,1,14240,1,1,0,0,1,0,0,0,0,0,0,0,0,0
2592,14,d60b55e036d0fd87,2.8802,17.228273,1,14063,2,0,0,0,0,0,0,0,0,0,0,0,0,1
2593,14,ef1e8fc9ad209b04,2.163787,19.900647,1,14063,1,1,0,0,1,0,0,0,0,0,0,0,0,1
2594,14,097a8e71a32501c6,1.625572,20.0,1,14175,1,1,0,0,1,0,0,0,0,0,0,0,0,1
2595,14,2df28b786b1328bf,2.264885,16.458888,0,14059,1,0,0,0,0,0,0,0,0,0,0,0,0,0
2596,14,eea515c9f8c8d8e3,1.703226,19.338321,1,13992,1,1,0,0,1,0,0,0,0,0,0,0,0,1
2597,14,30f1a7b403784980,1.27957,20.0,1,14095,1,1,0,0,1,0,0,0,0,0,0,0,0,1
2598,14,5f6a6cbe706c4321,2.004946,19.620358,1,13956,2,1,0,0,1,0,0,0,0,0,0,0,0,0
2599,14,e0cd9eeee1ee5db4,2.551899,18.235291,1,13973,1,0,0,0,0,0,0,0,0,0,0,0,0,1
2600,14,74daf33c46eeb66a,1.917146,20.0,1,13841,1,1,0,0,1,0,0,0,0,0,0,0,0,1
2601,14,09fb7e63832a67a1,1.44028,20.0,1,14203,1,1,0,0,1,0,0,0,0,0,0,0,0,1
2602,14,9d99ce6db212408a,1.082029,16.885872,0,14904,1,1,0,0,0,0,0,0,0,0,0,0,0,0
2603,14,d6f013a6eb6700bf,2.902002,19.65942,1,14492,2,0,0,0,1,0,0,0,0,0,0,0,0,1
2604,14,5b687f719b82d044,2.180166,20.0,1,14475,1,1,0,0,1,0,0,0,0,0,0,0,0,1
2605,14,cd39aad271d4f2fe,1.637877,20.0,1,15344,1,1,0,0,1,0,0,0,0,0,0,0,0,1
2606,14,1c50e3d9950b69ad,2.275857,20.0,1,14984,1,0,0,0,0,0,0,0,0,0,0,0,0,1
2607,14,72ec040a43d387b0,2.75342,19.246131,1,14766,2,1,0,0,1,0,0,0,0,0,0,0,0,0
2608,14,cea2202c2abece66,2.068541,20.0,1,14365,1,1,0,0,1,0,0,0,0,0,0,0,0,1
2609,14,0c71b4086d19c78e,2.597671,19.568326,1,14164,2,1,0,0,0,0,0,0,0,0,0,0,0,1
2610,14,6a8757fa93ce737d,2.997636,20.0,1,13784,1,0,0,0,1,0,0,0,0,0,0,0,0,1
2611,14,17a4f375bbc75347,2.252012,19.763712,1,13716,1,1,0,0,1,0,0,0,0,0,0,0,0,0
2612,14,365ba6ea8e2f37d5,1.691852,20.0,1,13583,1,1,0,0,1,0,0,0,0,0,0,0,0,1
2613,14,8db3ab75271daad3,0.228147,16.397992,0,13522,0,1,0,0,0,0,0,0,0,0,0,0,0,0
2614,14,a79a7d4cfa26f6da,1.215051,15.798043,1,13206,1,0,0,0,1,0,0,0,0,0,0,0,0,0
2615,14,342e72f2fb578b11,0.912823,18.826168,1,13343,1,1,0,0,1,0,0,0,0,0,0,0,0,1
2616,14,6b7a99eb4a1cbe60,1.729423,14.143396,0,13679,1,0,0,0,0,0,0,0,0,0,0,0,0,0
2617,14,3e824f9fddc25209,1.300551,17.597039,1,13411,1,1,0,0,1,0,0,0,0,0,0,0,0,1
2618,14,d2c25324f753cc1a,0.977055,16.698842,1,13453,1,1,0,0,1,0,0,0,0,0,0,0,0,0
2619,14,dc17206c9177f13f,1.777678,16.02406,1,13561,1,0,0,0,0,0,0,0,0,0,0,0,0,1
2620,14,04dc8bade6e20e33,1.336839,15.530823,1,13695,1,1,0,0,1,0,0,0,0,0,0,0,0,0
2621,14,8e2f9c4fb2cf5b37,3.091624,15.146572,1,13679,2,0,0,0,0,0,0,0,0,0,0,0,0,1
2622,14,889d89e91fa5ca2b,2.322622,18.336742,1,13772,1,1,0,0,1,0,0,0,0,0,0,0,0,1
2623,14,6871f759684371f3,1.744899,20.0,1,13777,1,1,0,0,1,0,0,0,0,0,0,0,0,1
2624,14,2da98fa67254a89a,2.356339,15.591811,0,13481,1,0,0,0,0,0,0,0,0,0,0,0,0,0
2625,14,34f80e4898b0c694,1.77023,18.671234,1,13562,1,1,0,0,1,0,0,0,0,0,0,0,0,1
2626,14,6c4ff75098129788,1.329907,17.505844,1,13779,1,1,0,0,1,0,0,0,0,0,0,0,0,0
2627,14,047ea3e0db4f34d8,2.04426,20.0,1,13785,2,1,0,0,1,0,0,0,0,0,0,0,0,1
2628,14,22470cb9d7e95bc5,2.579429,18.598491,1,13890,1,0,0,0,0,0,0,0,0,0,0,0,0,1
2629,14,816e47012cf073aa,1.937829,20.0,1,13945,1,1,0,0,1,0,0,0,0,0,0,0,0,1
2630,14,3bca487608343837,1.455818,19.202801,1,14038,1,1,0,0,1,0,0,0,0,0,0,0,0,0
2631,14,ee0205001d03c2a4,1.094796,20.0,1,14044,1,1,0,0,1,0,0,0,0,0,0,0,0,1
2632,14,b42c86a9f70bec47,1.866133,19.557205,1,13900,2,1,0,0,0,0,0,0,0,0,0,0,0,1
2633,14,24f7b3b80ead2199,2.445609,18.171441,1,14148,1,0,0,0,1,0,0,0,0,0,0,0,0,0
2634,14,cd906b373acc0976,1.839133,20.0,1,13925,1,1,0,0,1,0,0,0,0,0,0,0,0,1
2635,14,45d09c4637fd0fbf,1.381672,18.974527,1,14057,1,1,0,0,1,0,0,0,0,0,0,0,0,0
2636,14,42a04f2b08e710d2,1.037998,20.0,1,14182,1,1,0,0,1,0,0,0,0,0,0,0,0,1
2637,14,b5e54e533c1d371d,0.779809,19.415034,1,14143,1,1,0,0,1,0,0,0,0,0,0,0,0,0
2638,14,85fac441e034abff,0.586428,18.080884,1,14180,1,1,0,0,0,0,0,0,0,0,0,0,0,1
2639,14,957063554f46667b,1.484215,17.062337,1,13990,1,0,0,0,1,0,0,0,0,0,0,0,0,0
2640,14,1e2f7c8cd910a207,1.115035,19.775985,1,14165,1,1,0,0,1,0,0,0,0,0,0,0,0,1
2641,14,9215a5d903bea1ef,0.838522,20.0,1,14112,1,1,0,0,1,0,0,0,0,0,0,0,0,1
2642,14,fbdb8177f34107da,0.62995,19.88103,1,14275,1,1,0,0,1,0,0,0,0,0,0,0,0,0
2643,14,723d7b3dfc68a1af,0.473258,20.0,1,14418,1,1,0,0,1,0,0,0,0,0,0,0,0,1
2644,14,d6c454cb52cae66b,1.399195,16.447816,0,14572,1,0,0,0,0,0,0,0,0,0,0,0,0,0
2645,14,bdacbf200cd9f6b0,1.052214,19.329996,1,14571,1,1,0,0,1,0,0,0,0,0,0,0,0,1
2646,14,ebfb9659c54c8cec,0.790489,18.000748,1,14926,1,1,0,0,1,0,0,0,0,0,0,0,0,0
2647,14,ab651117a772d4b9,1.637518,20.0,1,15128,2,1,0,0,1,0,0,0,0,0,0,0,0,1
2648,14,7f862508cbd0c08e,2.275588,18.882489,1,14660,1,0,0,0,0,0,0,0,0,0,0,0,0,1
2649,14,8de5a9da5781318b,1.709564,20.0,1,14767,1,1,0,0,1,0,0,0,0,0,0,0,0,1
2650,14,41a665aef79673fe,1.284331,20.0,1,14792,1,1,0,0,1,0,0,0,0,0,0,0,0,1
2651,14,276f7e164de8eb55,2.008524,17.16029,0,14823,1,0,0,0,0,0,0,0,0,0,0,0,0,0
2652,14,6a0135f428290007,1.510438,19.865786,1,14579,1,1,0,0,1,0,0,0,0,0,0,0,0,1
2653,14,8d2903226f36ac4a,2.178389,20.0,1,14866,2,1,0,0,1,0,0,0,0,0,0,0,0,1
2654,14,fa94ee6ef28153c0,1.636542,19.918057,1,14638,1,1,0,0,1,0,0,0,0,0,0,0,0,0
2655,14,c98a162a54e40262,1.230703,18.459164,1,14730,1,1,0,0,0,0,0,0,0,0,0,0,0,1
2656,14,a586b83616324bbe,1.968235,20.0,1,14404,1,0,0,0,1,0,0,0,0,0,0,0,0,1
2657,14,9301e186da98cc28,1.478661,19.124166,1,14386,1,1,0,0,1,0,0,0,0,0,0,0,0,0
2658,14,5bc058443d0ab406,1.110863,20.0,1,14290,1,1,0,0,1,0,0,0,0,0,0,0,0,1
2659,14,06e4c6227855eb8a,1.879535,20.0,1,14498,2,1,0,0,1,0,0,0,0,0,0,0,0,1
2660,14,69c99f9d2cba1235,1.412025,20.0,1,14285,1,1,0,0,1,0,0,0,0,0,0,0,0,0
2661,14,4743b337d3f6daf7,2.104455,19.072156,1,14671,1,0,0,0,0,0,0,0,0,0,0,0,0,1
2662,14,e05a0e2a0167dc9a,1.58258,20.0,1,14389,1,1,0,0,1,0,0,0,0,0,0,0,0,1
2663,14,cbf2fdfb5bc59152,2.232586,20.0,1,14612,2,1,0,0,1,0,0,0,0,0,0,0,0,1
2664,14,6b912c91c8e941c2,1.677259,20.0,1,14439,1,1,0,0,1,0,0,0,0,0,0,0,0,1
2665,14,afba9b2a55cd6d81,1.260062,20.0,1,14431,1,1,0,0,1,0,0,0,0,0,0,0,0,0
2666,14,c3210a0ced7044aa,3.035885,19.773403,1,14259,2,0,0,0,0,0,0,0,0,0,0,0,0,1
2667,14,ef7b0ee9fe943bb3,2.280747,20.0,1,14536,1,1,0,0,1,0,0,0,0,0,0,0,0,1
2668,14,fccec014bb513a56,1.71344,20.0,1,14315,1,1,0,0,1,0,0,0,0,0,0,0,0,1
2669,14,b01c0cf4c7e4536c,1.288531,20.0,1,14104,1,1,0,0,1,0,0,0,0,0,0,0,0,1
2670,14,6515788c75ceff4b,0.968025,20.0,1,14417,1,1,0,0,1,0,0,0,0,0,0,0,0,0
2671,14,145d65ee29e80c50,0.727241,20.0,1,14237,1,1,0,0,1,0,0,0,0,0,0,0,0,1
2672,14,d31a6248014433df,2.633656,20.0,1,14298,2,0,0,0,0,0,0,0,0,0,0,0,0,1
2673,14,18850c6350615fa2,1.980547,19.321384,1,14321,1,1,0,0,1,0,0,0,0,0,0,0,0,0
2674,14,11cd7b2c58a31c0e,1.487911,20.0,1,14258,1,1,0,0,1,0,0,0,0,0,0,0,0,1
2675,14,ce69c89521f4b62d,1.117812,20.0,1,14364,1,1,0,0,1,0,0,0,0,0,0,0,0,1
2676,14,8ee1af4fc29b1aa0,0.84061,20.0,1,14216,1,1,0,0,1,0,0,0,0,0,0,0,0,0
2677,14,881eb5aef995adf0,1.675173,19.138345,1,14570,1,0,0,0,0,0,0,0,0,0,0,0,0,1
2678,14,37f586f253721bd7,1.258494,17.856768,1,14359,1,1,0,0,1,0,0,0,0,0,0,0,0,0
2679,14,43720b8a4e6e4d4a,0.94546,20.0,1,14286,1,1,0,0,1,0,0,0,0,0,0,0,0,1
2680,14,171f6341c8b3b5b5,2.7993,18.801146,1,13968,2,0,0,0,0,0,0,0,0,0,0,0,0,1
2681,14,d1f5ba727a3a514a,2.10301,17.603443,1,13895,1,1,0,0,1,0,0,0,0,0,0,0,0,0
2682,14,27890ad839b81491,1.579913,20.0,1,13713,1,1,0,0,1,0,0,0,0,0,0,0,0,1
2683,14,266b85b43eaaa6a3,2.232267,15.177526,0,13979,1,0,0,0,0,0,0,0,0,0,0,0,0,0
2684,14,ba91835669af6d15,1.677019,18.359997,1,13946,1,1,0,0,1,0,0,0,0,0,0,0,0,1
2685,14,14b1480253db0c02,1.259882,20.0,1,14080,1,1,0,0,1,0,0,0,0,0,0,0,0,1
2686,14,c9faecd72537c09d,1.990155,15.589352,0,14249,1,0,0,0,0,0,0,0,0,0,0,0,0,0
2687,14,ee5eb07ca74a61d4,1.496625,18.684418,1,14050,1,1,0,0,1,0,0,0,0,0,0,0,0,1
2688,14,e910d6864cc415e2,1.124359,20.0,1,14296,1,1,0,0,1,0,0,0,0,0,0,0,0,1
2689,14,08d602bbad91ce21,1.888342,20.0,1,14064,2,1,0,0,1,0,0,0,0,0,0,0,0,1
2690,14,6519c07cd97106f4,1.42006,20.0,1,14285,1,1,0,0,1,0,0,0,0,0,0,0,0,1
2691,14,3707f9ad3b739323,2.110491,18.071167,0,14148,1,0,0,0,0,0,0,0,0,0,0,0,0,0
2692,14,8659bfe2e4d7c145,1.585533,20.0,1,14138,1,1,0,0,1,0,0,0,0,0,0,0,0,1
2693,14,347922401c45a5b5,2.234805,20.0,1,13927,2,1,0,0,1,0,0,0,0,0,0,0,0,1
2694,14,2002bbee37340771,1.680605,20.0,1,13961,1,1,0,0,1,0,0,0,0,0,0,0,0,1
2695,14,a85ebc722f147712,2.306229,17.875626,0,14032,1,0,0,0,0,0,0,0,0,0,0,0,0,0
2696,14,4eaa455b019af920,1.732584,20.0,1,13945,1,1,0,0,1,0,0,0,0,0,0,0,0,1
2697,14,1e511879af68c55f,1.302928,18.8118,1,14054,1,1,0,0,1,0,0,0,0,0,0,0,0,0
2698,14,455cf77846044ac4,0.978841,20.0,1,14081,1,1,0,0,1,0,0,0,0,0,0,0,0,1
2699,14,3ae7f7e061a16780,1.77902,15.844347,0,13901,1,0,0,0,0,0,0,0,0,0,0,0,0,0
2700,14,dbe8ecaa43d68fe9,1.336511,18.860955,1,14004,1,1,0,0,1,0,0,0,0,0,0,0,0,1
2701,14,786e6ec978974739,2.049226,20.0,1,13849,2,1,0,0,1,0,0,0,0,0,0,0,0,1
2702,14,f84af5113617fcc9,1.539507,15.88523,0,14021,1,1,0,0,0,0,0,0,0,0,0,0,0,0
2703,14,a0248f8f7b3140d2,1.156574,15.412824,1,13789,0,0,0,0,1,0,0,0,0,0,0,0,0,0
2704,14,098d64029fb886c4,0.86976,18.551667,1,13793,1,1,0,0,1,0,0,0,0,0,0,0,0,1
2705,14,b68bc44091fc992a,1.697072,13.937174,0,13843,1,0,0,0,0,0,0,0,0,0,0,0,0,0
2706,14,8ec0b4c7d7ceed19,1.274946,17.428167,1,13833,1,1,0,0,1,0,0,0,0,0,0,0,0,1
2707,14,fbbb19f1e2f8f18e,0.95782,16.571975,1,14131,1,1,0,0,1,0,0,0,0,0,0,0,0,0
2708,14,084cf22c8294557b,1.764445,19.423365,1,13907,2,1,0,0,1,0,0,0,0,0,0,0,0,1
2709,14,b19cf65f52962569,2.369215,18.070892,1,14090,1,0,0,0,0,0,0,0,0,0,0,0,0,1
2710,14,b6afb0799cef34b3,1.779902,20.0,1,14200,1,1,0,0,1,0,0,0,0,0,0,0,0,1
2711,14,73d7481337ffb3b6,2.382662,18.922118,1,13813,1,0,0,0,0,0,0,0,0,0,0,0,0,1
2712,14,d709324b6b9d7844,1.790005,17.694324,1,14109,1,1,0,0,1,0,0,0,0,0,0,0,0,0
2713,14,d02f372ae8edfebb,1.344764,20.0,1,13740,1,1,0,0,1,0,0,0,0,0,0,0,0,1
2714,14,3274cc0bb2c8f88f,3.097578,18.692494,1,14033,2,0,0,0,0,0,0,0,0,0,0,0,0,1
2715,14,39d54a6a99984873,2.329423,20.0,1,13792,1,1,0,0,1,0,0,0,0,0,0,0,0,1
2716,14,89ef61a24484b576,2.793661,19.268901,1,13788,1,0,0,0,0,0,0,0,0,0,0,0,0,1
2717,14,b72b66a3d1d39c9c,2.098773,17.954849,1,13930,1,1,0,0,1,0,0,0,0,0,0,0,0,0
2718,14,4d1a9d805f5c1805,1.578308,20.0,1,13780,1,1,0,0,1,0,0,0,0,0,0,0,0,1
2719,14,9968ea7059de1b43,2.229377,18.852161,1,14043,2,1,0,0,0,0,0,0,0,0,0,0,0,1
2720,14,71e07b0b6a3b1b37,2.718501,20.0,1,13912,1,0,0,0,1,0,0,0,0,0,0,0,0,1
2721,14,b77f72f8be72291b,2.042308,20.0,1,14089,1,1,0,0,1,0,0,0,0,0,0,0,0,1
2722,14,e226cc795c145fb6,1.535845,20.0,1,13864,1,1,0,0,1,0,0,0,0,0,0,0,0,0
2723,14,5e1aea033e76be98,1.153823,20.0,1,13791,1,1,0,0,1,0,0,0,0,0,0,0,0,1
2724,14,f679b537ffc71471,0.866824,20.0,1,13592,1,1,0,0,1,0,0,0,0,0,0,0,0,0
2725,15,1fd48474a6be9a50,1.696014,18.789927,1,13956,1,0,0,0,0,0,0,0,0,0,0,0,0,1
2726,15,0b198662efcfc49a,1.274152,17.595014,1,14158,1,1,0,0,1,0,0,0,0,0,0,0,0,0
2727,15,fcbdd03152747088,3.04453,16.697321,1,14204,2,0,0,0,0,0,0,0,0,0,0,0,0,1
2728,15,c7b8a2a9fab59ea4,2.287241,19.501762,1,14320,1,1,0,0,1,0,0,0,0,0,0,0,0,1
2729,15,241e6acbb414e8f5,1.720038,20.0,1,14227,1,1,0,0,1,0,0,0,0,0,0,0,0,1
2730,15,fc64a472a0076c97,2.335854,19.726105,1,14147,1,0,0,0,0,0,0,0,0,0,0,0,0,1
2731,15,1e870741cfb1004d,1.75484,18.29833,1,14199,1,1,0,0,1,0,0,0,0,0,0,0,0,0
2732,15,bf57db00a494f005,2.363815,17.241107,1,14057,1,0,0,0,0,0,0,0,0,0,0,0,0,1
2733,15,b9cebc1ba6e23f90,2.819499,19.910288,1,14096,2,1,0,0,1,0,0,0,0,0,0,0,0,1
2734,15,e665c14bbc29de1b,2.118184,18.4367,1,14214,1,1,0,0,1,0,0,0,0,0,0,0,0,0
2735,15,e769dc1986223560,1.591313,20.0,1,14282,1,1,0,0,1,0,0,0,0,0,0,0,0,1
2736,15,1dc6f86b0f28f527,2.24084,15.648283,0,13959,1,0,0,0,0,0,0,0,0,0,0,0,0,0
2737,15,83171efae161e4f9,1.68346,18.713659,1,14233,1,1,0,0,1,0,0,0,0,0,0,0,0,1
2738,15,d0f092e334d1b579,2.308374,20.0,1,14053,2,1,0,0,1,0,0,0,0,0,0,0,0,1
2739,15,3c72e9f66e532470,2.78008,19.285255,1,13947,1,0,0,0,0,0,0,0,0,0,0,0,0,1
2740,15,1fdd04fc4bd3a35e,2.08857,17.967136,1,14205,1,1,0,0,1,0,0,0,0,0,0,0,0,0
2741,15,1ea3379f3547fd92,1.569065,20.0,1,13887,1,1,0,0,1,0,0,0,0,0,0,0,0,1
2742,15,f2433026cfae9a47,2.222433,20.0,1,14040,2,1,0,0,1,0,0,0,0,0,0,0,0,1
2743,15,d0cc26dd4ca1a8f2,1.671301,16.788953,0,14016,1,1,0,0,0,0,0,0,0,0,0,0,0,0
2744,15,38a3c7ee0e61cf29,2.29924,19.570602,1,14053,1,0,0,0,1,0,0,0,0,0,0,0,0,1
2745,15,e64373de38c1d3e1,1.727333,20.0,1,13798,1,1,0,0,1,0,0,0,0,0,0,0,0,1
2746,15,7addd6445d78c1a4,2.343129,20.0,1,13915,2,1,0,0,1,0,0,0,0,0,0,0,0,1
2747,15,32a2c7ad3446fe7a,1.760306,17.466777,0,13769,1,1,0,0,0,0,0,0,0,0,0,0,0,0
2748,15,c2ddba3954d1d184,2.366105,20.0,1,13851,1,0,0,0,1,0,0,0,0,0,0,0,0,1
2749,15,6665faed5439f816,1.777566,18.564067,1,13858,1,1,0,0,1,0,0,0,0,0,0,0,0,0
2750,15,e2ced52540714a46,1.336755,20.0,1,13845,1,1,0,0,1,0,0,0,0,0,0,0,0,1
2751,15,609fe1b042bd7177,1.004254,20.0,1,13851,1,1,0,0,1,0,0,0,0,0,0,0,0,1
2752,15,a841332a0fc6c3b7,0.754459,17.035022,0,14006,1,1,0,0,0,0,0,0,0,0,0,0,0,0
2753,15,55f4672a66ea5f47,1.611514,19.771583,1,13873,1,0,0,0,1,0,0,0,0,0,0,0,0,1
2754,15,c0bd9a34ec0d85ea,1.21067,20.0,1,13975,1,1,0,0,1,0,0,0,0,0,0,0,0,1
2755,15,aabefe6d1a5d48da,1.953185,20.0,1,13774,2,1,0,0,1,0,0,0,0,0,0,0,0,1
2756,15,1adb77769bb8b4f3,2.511008,17.537274,0,13782,1,0,0,0,0,0,0,0,0,0,0,0,0,0
2757,15,a846133f73861c83,1.888314,20.0,1,13909,1,1,0,0,1,0,0,0,0,0,0,0,0,1
2758,15,cfa8b1cf2d33ed9a,1.41862,18.616248,1,13901,1,1,0,0,0,0,0,0,0,0,0,0,0,1
2759,15,10999707da36a12f,2.109409,17.464536,1,13915,1,0,0,0,1,0,0,0,0,0,0,0,0,0
2760,15,34b7a6e5fe8596ce,2.630456,20.0,1,13935,2,1,0,0,1,0,0,0,0,0,0,0,0,1
2761,15,a2076ecd533fd97d,3.019817,18.575154,1,13924,1,0,0,0,0,0,0,0,0,0,0,0,0,1
2762,15,7c306d0aa9eb8d48,2.268676,20.0,1,13936,1,1,0,0,1,0,0,0,0,0,0,0,0,1
2763,15,4299b7b28708007a,1.704371,19.18963,1,13912,1,1,0,0,1,0,0,0,0,0,0,0,0,0
2764,15,e37137cca5879e3d,1.281711,20.0,1,14035,1,1,0,0,1,0,0,0,0,0,0,0,0,1
2765,15,83ac982daf0f5cdb,3.050209,19.549763,1,13868,2,0,0,0,0,0,0,0,0,0,0,0,0,1
2766,15,6d3e74a1c3c2f618,2.291508,20.0,1,13862,1,1,0,0,1,0,0,0,0,0,0,0,0,1
2767,15,84bff23ce59350e2,1.723246,19.757621,1,14092,1,1,0,0,1,0,0,0,0,0,0,0,0,0
2768,15,2b6c921539b5768b,1.294611,20.0,1,13961,1,1,0,0,1,0,0,0,0,0,0,0,0,1
2769,15,0978b21bf001cc8f,0.972593,19.857009,1,13937,1,1,0,0,1,0,0,0,0,0,0,0,0,0
2770,15,df76ccae0d57b265,1.774326,18.396673,1,14020,2,1,0,0,0,0,0,0,0,0,0,0,0,1
2771,15,5f0a318ba0eec9dd,2.378469,20.0,1,13985,1,0,0,0,1,0,0,0,0,0,0,0,0,1
2772,15,bbea280c4443ece7,1.786855,20.0,1,14040,1,1,0,0,1,0,0,0,0,0,0,0,0,1
2773,15,770cc58a6b328c75,1.342397,20.0,1,13854,1,1,0,0,1,0,0,0,0,0,0,0,0,1
2774,15,9e4ceafbb666acca,2.053652,20.0,1,13985,2,1,0,0,1,0,0,0,0,0,0,0,0,1
2775,15,b9acb191b89c8af8,2.586486,18.744329,0,13992,1,0,0,0,0,0,0,0,0,0,0,0,0,0
2776,15,b2a2c7e3fefe743e,1.94313,20.0,1,13894,1,1,0,0,1,0,0,0,0,0,0,0,0,1
2777,15,ff4e2fdbd305bd8b,1.459801,19.285112,1,13893,1,1,0,0,1,0,0,0,0,0,0,0,0,0
2778,15,9f64605041841356,1.097791,20.0,1,13948,1,1,0,0,1,0,0,0,0,0,0,0,0,1
2779,15,dfb6d3b7e5a7252d,1.868383,19.603707,1,13932,1,0,0,0,0,0,0,0,0,0,0,0,0,1
2780,15,bd6e554d5171a756,1.403646,18.206376,1,13870,1,1,0,0,1,0,0,0,0,0,0,0,0,0
2781,15,2c36f37971b14bd3,2.099712,20.0,1,13878,2,1,0,0,1,0,0,0,0,0,0,0,0,1
2782,15,12327b1819ed0502,1.577435,20.0,1,13866,1,1,0,0,1,0,0,0,0,0,0,0,0,1
2783,15,1dbaef631fdf700e,1.185068,20.0,1,14053,1,1,0,0,0,0,0,0,0,0,0,0,0,1
2784,15,516941809dd809cc,1.933951,18.776092,1,14095,1,0,0,0,1,0,0,0,0,0,0,0,0,0
2785,15,42c582a921cfac9a,1.454359,20.0,1,13983,1,1,0,0,1,0,0,0,0,0,0,0,0,1
2786,15,ff07097874dec532,1.092605,19.316131,1,14039,1,1,0,0,1,0,0,0,0,0,0,0,0,0
2787,15,8e306b1a2494d9bc,1.864487,17.990332,1,14302,1,0,0,0,0,0,0,0,0,0,0,0,0,1
2788,15,1d7f53df4aa1d2d5,1.402121,17.009487,1,13935,1,1,0,0,1,0,0,0,0,0,0,0,0,0
2789,15,73e0f20c3d7b0bd0,1.053361,19.736281,1,14012,1,1,0,0,1,0,0,0,0,0,0,0,0,1
2790,15,034f380fd1c38633,1.835004,14.82713,0,13864,1,0,0,0,0,0,0,0,0,0,0,0,0,0
2791,15,be587cd7dc4a62a5,1.37857,18.096758,1,13812,1,1,0,0,1,0,0,0,0,0,0,0,0,1
2792,15,563df49b890f95f5,2.080855,13.60902,0,13742,1,0,0,0,0,0,0,0,0,0,0,0,0,0
2793,15,caddc0af17d940a7,1.563268,17.181637,1,13629,1,1,0,0,1,0,0,0,0,0,0,0,0,1
2794,15,4713e3de224b56ba,1.174425,16.386766,1,13700,1,1,0,0,1,0,0,0,0,0,0,0,0,0
2795,15,adf62f6958ee03c5,1.927335,19.284085,1,13557,2,1,0,0,1,0,0,0,0,0,0,0,0,1
2796,15,bdfda64e32e0e240,1.447935,17.966257,1,13408,1,1,0,0,0,0,0,0,0,0,0,0,0,1
2797,15,7315a3e1240f3310,2.131433,20.0,1,13417,1,0,0,0,1,0,0,0,0,0,0,0,0,1
2798,15,0b87e5f5f9d1ebe3,1.601266,18.845971,1,13327,1,1,0,0,1,0,0,0,0,0,0,0,0,0
2799,15,be91d7d4b721c936,1.204175,17.65294,1,13415,1,1,0,0,0,0,0,0,0,0,0,0,0,1
2800,15,a92b4ca2e916b54b,1.948305,16.740839,1,13361,1,0,0,0,1,0,0,0,0,0,0,0,0,0
2801,15,21948ef47fc793f0,1.463688,19.534455,1,13368,1,1,0,0,1,0,0,0,0,0,0,0,0,1
2802,15,d608a057f02028e4,1.100715,18.170691,1,13797,1,1,0,0,1,0,0,0,0,0,0,0,0,0
2803,15,56d80673d00dd944,1.870579,17.129805,1,13873,1,0,0,0,0,0,0,0,0,0,0,0,0,1
2804,15,a333470a99f6951c,1.405296,16.347827,1,14076,1,1,0,0,1,0,0,0,0,0,0,0,0,0
2805,15,6937688fd6cdc9c7,2.0994,19.2392,1,13810,2,1,0,0,1,0,0,0,0,0,0,0,0,1
2806,15,e13bfad6af9271f4,1.578779,20.0,1,13737,1,1,0,0,1,0,0,0,0,0,0,0,0,1
2807,15,7687c08e93ea2a5d,1.186077,20.0,1,13769,1,1,0,0,1,0,0,0,0,0,0,0,0,1
2808,15,761c1d6139c1fa46,1.934709,17.321571,0,13879,1,0,0,0,0,0,0,0,0,0,0,0,0,0
2809,15,c2fd809331703093,1.454929,19.987072,1,13758,1,1,0,0,1,0,0,0,0,0,0,0,0,1
2810,15,0719008a79734aac,1.093034,18.494384,1,13827,1,1,0,0,1,0,0,0,0,0,0,0,0,0
2811,15,7f54c666d7f8d34e,0.821155,20.0,1,13651,1,1,0,0,1,0,0,0,0,0,0,0,0,1
2812,15,2c3a61f667452eba,1.660557,19.144044,1,13767,1,0,0,0,0,0,0,0,0,0,0,0,0,1
2813,15,b5f3d6339235af5c,1.248762,17.877096,1,13816,1,1,0,0,1,0,0,0,0,0,0,0,0,0
2814,15,e8744556e236f6ca,0.938148,20.0,1,13907,1,1,0,0,1,0,0,0,0,0,0,0,0,1
2815,15,fb36d16345522650,0.704796,18.795649,1,13489,1,1,0,0,1,0,0,0,0,0,0,0,0,0
2816,15,9eb02082b3aae721,1.574167,17.615098,1,13890,1,0,0,0,0,0,0,0,0,0,0,0,0,1
2817,15,b191fa366a2fdec1,1.182613,16.712409,1,13852,1,1,0,0,1,0,0,0,0,0,0,0,0,0
2818,15,0182228d35a14b6a,0.888453,19.513097,1,13814,1,1,0,0,1,0,0,0,0,0,0,0,0,1
2819,15,7f7fa682230b58a0,1.711115,18.138305,1,13844,1,0,0,0,0,0,0,0,0,0,0,0,0,1
2820,15,ffd4dbfc224c2997,2.330933,20.0,1,13869,2,1,0,0,1,0,0,0,0,0,0,0,0,1
2821,15,79721978477bb939,2.794796,15.476962,0,13842,1,0,0,0,0,0,0,0,0,0,0,0,0,0
2822,15,a9b6f60cc6482e44,2.099626,18.584952,1,13932,1,1,0,0,1,0,0,0,0,0,0,0,0,1
2823,15,6fe83f8f3a8d5a54,1.578949,20.0,1,13909,1,1,0,0,1,0,0,0,0,0,0,0,0,1
2824,15,1c3f59a8f4f79281,1.186205,19.208144,1,14082,1,1,0,0,0,0,0,0,0,0,0,0,0,1
2825,15,eab64eeb5c021107,1.934805,17.909205,1,13875,1,0,0,0,1,0,0,0,0,0,0,0,0,0
2826,15,1b036c7311f7099e,1.453547,20.0,1,13948,1,1,0,0,1,0,0,0,0,0,0,0,0,1
2827,15,c5b82d6c9c87475d,2.137238,20.0,1,14029,2,1,0,0,1,0,0,0,0,0,0,0,0,1
2828,15,5777a30f7178e86a,1.605627,20.0,1,14188,1,1,0,0,1,0,0,0,0,0,0,0,0,1
2829,15,31114bee99964071,1.206248,20.0,1,14118,1,1,0,0,0,0,0,0,0,0,0,0,0,1
2830,15,872dbe1e96843970,1.951266,19.497111,1,14096,1,0,0,0,1,0,0,0,0,0,0,0,0,0
2831,15,9f34acc304206cb4,1.465913,20.0,1,14098,1,1,0,0,1,0,0,0,0,0,0,0,0,1
2832,15,3813015593e965db,1.101286,20.0,1,14184,1,1,0,0,1,0,0,0,0,0,0,0,0,1
2833,15,8dfe1a7b17062740,0.827355,17.420896,0,14118,1,1,0,0,0,0,0,0,0,0,0,0,0,0
2834,15,54358a32c50d3ec1,2.710484,20.0,1,14202,2,0,0,0,1,0,0,0,0,0,0,0,0,1
2835,15,c23cccccd1deb5b4,2.036285,20.0,1,14347,1,1,0,0,1,0,0,0,0,0,0,0,0,1
2836,15,2bed7cf3277566ed,1.529785,20.0,1,14226,1,1,0,0,1,0,0,0,0,0,0,0,0,1
2837,15,059b42bea3147b23,2.19457,20.0,1,14880,1,0,0,0,0,0,0,0,0,0,0,0,0,1
2838,15,556fd76af5978caf,1.648699,19.374423,1,14699,1,1,0,0,1,0,0,0,0,0,0,0,0,0
2839,15,88f4753035dda7e5,1.238606,20.0,1,16166,1,1,0,0,1,0,0,0,0,0,0,0,0,1
2840,15,3987cb70046adff4,0.930518,20.0,1,16334,1,1,0,0,1,0,0,0,0,0,0,0,0,1
2841,15,3f64cf5d52566cab,0.699763,20.0,1,15947,1,1,0,0,1,0,0,0,0,0,0,0,0,0
2842,15,7f74da6ae9af5128,0.525706,20.0,1,16046,1,1,0,0,1,0,0,0,0,0,0,0,0,1
2843,15,495cd69a807d1092,1.438596,17.004154,0,16064,1,0,0,0,0,0,0,0,0,0,0,0,0,0
2844,15,805576b214ae2134,2.125996,19.74837,1,16049,2,1,0,0,1,0,0,0,0,0,0,0,0,1
2845,15,e2b85ad2689e47c4,1.597181,20.0,1,16845,1,1,0,0,1,0,0,0,0,0,0,0,0,1
2846,15,2117352d9a8eef8f,1.199902,19.851788,1,17082,1,1,0,0,1,0,0,0,0,0,0,0,0,0
2847,15,74ca8c9b3f99348a,0.901442,20.0,1,17019,1,1,0,0,1,0,0,0,0,0,0,0,0,1
2848,15,8141d85b3bcdd61f,2.766198,19.928253,1,16924,2,0,0,0,0,0,0,0,0,0,0,0,0,1
2849,15,61e1571ee8cb58ba,2.078141,20.0,1,17149,1,1,0,0,1,0,0,0,0,0,0,0,0,1
2850,15,007c123608a64ecd,1.56123,19.953313,1,17146,1,1,0,0,1,0,0,0,0,0,0,0,0,0
2851,15,1887b0740a5b5f73,3.262368,18.485677,1,15496,2,0,0,0,0,0,0,0,0,0,0,0,0,1
2852,15,b806fd6e9b2e765d,2.450895,20.0,1,14258,1,1,0,0,1,0,0,0,0,0,0,0,0,1
2853,15,863aa534da9c1a5f,1.841266,20.0,1,14480,1,1,0,0,1,0,0,0,0,0,0,0,0,1
2854,15,422fca558fc05a65,3.470581,20.0,1,14342,2,0,0,0,0,0,0,0,0,0,0,0,0,1
2855,15,e528d20605a69de0,2.609926,18.874898,1,14270,1,1,0,0,1,0,0,0,0,0,0,0,0,0
2856,15,34220bcb3b1104d3,1.96074,20.0,1,14080,1,1,0,0,1,0,0,0,0,0,0,0,0,1
2857,15,b63f8d9c857061b3,1.473031,19.358804,1,13925,1,1,0,0,1,0,0,0,0,0,0,0,0,0
2858,15,f94cfb3a937c7bd2,2.151891,18.038598,1,13715,1,0,0,0,0,0,0,0,0,0,0,0,0,1
2859,15,a7969c595af7879d,1.616635,17.030569,1,13751,1,1,0,0,1,0,0,0,0,0,0,0,0,0
2860,15,5747d35dfa587121,2.258171,19.752119,1,13825,2,1,0,0,1,0,0,0,0,0,0,0,0,1
2861,15,9a04f90149ee262b,2.740133,18.317873,1,14101,1,0,0,0,0,0,0,0,0,0,0,0,0,1
2862,15,09c3d7a43771eef2,2.060619,20.0,1,14306,1,1,0,0,1,0,0,0,0,0,0,0,0,1
2863,15,e71325edcc20ec68,1.548066,20.0,1,14216,1,1,0,0,1,0,0,0,0,0,0,0,0,1
2864,15,eef3ca5f10c9fd39,1.163004,20.0,1,14200,1,1,0,0,1,0,0,0,0,0,0,0,0,0
2865,15,4015ad723d6fbfde,1.918746,18.828642,1,14213,1,0,0,0,0,0,0,0,0,0,0,0,0,1
2866,15,07bcc630da0c16c1,1.441482,20.0,1,14134,1,1,0,0,1,0,0,0,0,0,0,0,0,1
2867,15,a11f07d67d4b641c,2.126585,20.0,1,14120,2,1,0,0,1,0,0,0,0,0,0,0,0,1
2868,15,ef9a1b66888baa03,2.641277,17.137459,0,14134,1,0,0,0,0,0,0,0,0,0,0,0,0,0
2869,15,f439905ed1675236,1.986278,19.848616,1,14068,1,1,0,0,1,0,0,0,0,0,0,0,0,1
2870,15,48a5e3dc3df4b3d0,1.492216,20.0,1,14134,1,1,0,0,1,0,0,0,0,0,0,0,0,1
2871,15,d56866aaae13f240,1.121046,20.0,1,13942,1,1,0,0,1,0,0,0,0,0,0,0,0,1
2872,15,38ff08a66ef9282d,1.887193,17.587516,0,14100,1,0,0,0,0,0,0,0,0,0,0,0,0,0
2873,15,fb79b81cd6f54309,0.374125,20.0,1,14110,1,2,0,0,1,0,0,0,0,0,0,0,0,1
2874,15,92ee1b1b348c4cdf,2.368372,20.0,1,14118,2,0,0,0,1,0,0,0,0,0,0,0,0,1
2875,15,47bf34aa2009c6f3,1.77927,20.0,1,13987,1,1,0,0,1,0,0,0,0,0,0,0,0,0
2876,15,f73f00d7268edd80,1.338036,20.0,1,13851,1,1,0,0,1,0,0,0,0,0,0,0,0,1
2877,15,6d88746b46ab0d3c,2.04887,20.0,1,14085,1,0,0,0,0,0,0,0,0,0,0,0,0,1
2878,15,5150bbe219a0e519,1.539239,18.548021,1,14148,1,1,0,0,1,0,0,0,0,0,0,0,0,0
2879,15,c3db9dace854d5e8,2.20168,17.428878,1,13952,1,0,0,0,0,0,0,0,0,0,0,0,0,1
2880,15,b14d9b78c4c67e7a,1.65404,16.572509,1,13843,1,1,0,0,1,0,0,0,0,0,0,0,0,0
2881,15,ffbdabfc5b678651,1.242619,19.407995,1,13816,1,1,0,0,1,0,0,0,0,0,0,0,0,1
2882,15,7de271ca15f3f479,3.02084,18.059346,1,14002,2,0,0,0,0,0,0,0,0,0,0,0,0,1
2883,15,ef70056afc229974,2.271714,17.061387,1,13791,1,1,0,0,1,0,0,0,0,0,0,0,0,0
2884,15,76de97c30bf076fd,2.750307,16.296427,1,14030,1,0,0,0,0,0,0,0,0,0,0,0,0,1
2885,15,e6ad52bb655a7dba,2.066203,15.721741,1,13913,1,1,0,0,1,0,0,0,0,0,0,0,0,0
2886,15,5887cc54c5a90925,1.553814,18.783977,1,13933,1,1,0,0,1,0,0,0,0,0,0,0,0,1
2887,15,948e30f4685c48c5,1.167323,17.590544,1,13895,1,1,0,0,0,0,0,0,0,0,0,0,0,1
2888,15,279d3e0e9bc5a539,2.964273,20.0,1,13879,2,0,0,0,1,0,0,0,0,0,0,0,0,1
2889,15,a6570a4f0ef89d87,2.226947,20.0,1,13945,1,1,0,0,1,0,0,0,0,0,0,0,0,1
2890,15,276915a90c795d7f,1.674696,20.0,1,14037,1,1,0,0,1,0,0,0,0,0,0,0,0,0
2891,15,eab48747f0e98c70,2.30179,18.586447,1,14106,1,0,0,0,0,0,0,0,0,0,0,0,0,1
2892,15,eae4c589394521eb,1.729249,20.0,1,13683,1,1,0,0,1,0,0,0,0,0,0,0,0,1
2893,15,8bd985e2b235a60c,2.34457,20.0,1,13645,2,1,0,0,1,0,0,0,0,0,0,0,0,1
2894,15,602f8dff78f09de5,1.761388,20.0,1,13673,1,1,0,0,1,0,0,0,0,0,0,0,0,0
2895,15,c1250d7b51bac735,2.366918,18.900699,1,13404,1,0,0,0,0,0,0,0,0,0,0,0,0,1
2896,15,1fe1f715c5f3290a,1.778177,17.678233,1,13438,1,1,0,0,1,0,0,0,0,0,0,0,0,0
2897,15,b50153af2b1ec38f,2.381365,20.0,1,13317,2,1,0,0,1,0,0,0,0,0,0,0,0,1
2898,15,9672867c07a54353,2.832684,18.695884,1,13292,1,0,0,0,0,0,0,0,0,0,0,0,0,1
2899,15,d301903830fbd7fa,2.12809,20.0,1,13166,1,1,0,0,1,0,0,0,0,0,0,0,0,1
2900,15,af61712d77f34e4f,1.600354,19.275213,1,13237,1,1,0,0,1,0,0,0,0,0,0,0,0,0
2901,15,ab208279d6ccdde6,1.202286,20.0,1,13238,1,1,0,0,1,0,0,0,0,0,0,0,0,1
2902,15,eab9d73601db5b33,1.946886,16.105896,0,12952,1,0,0,0,0,0,0,0,0,0,0,0,0,0
2903,16,1fd48474a6be9a50,1.462623,19.057446,1,14101,1,1,0,0,1,0,0,0,0,0,0,0,0,1
2904,16,0b198662efcfc49a,2.144063,17.811973,1,14026,1,0,0,0,0,0,0,0,0,0,0,0,0,1
2905,16,fcbdd03152747088,2.654408,20.0,1,14243,2,1,0,0,1,0,0,0,0,0,0,0,0,1
2906,16,c7b8a2a9fab59ea4,1.994158,18.758894,1,14170,1,1,0,0,1,0,0,0,0,0,0,0,0,0
2907,16,241e6acbb414e8f5,2.543785,17.587457,1,14291,1,0,0,0,0,0,0,0,0,0,0,0,0,1
2908,16,fc64a472a0076c97,1.911051,16.691644,1,14123,1,1,0,0,1,0,0,0,0,0,0,0,0,0
2909,16,1e870741cfb1004d,1.435701,19.497497,1,14225,1,1,0,0,1,0,0,0,0,0,0,0,0,1
2910,16,bf57db00a494f005,2.122242,18.126585,1,14129,1,0,0,0,0,0,0,0,0,0,0,0,0,1
2911,16,b9cebc1ba6e23f90,1.595956,17.111952,1,14069,1,1,0,0,1,0,0,0,0,0,0,0,0,0
2912,16,e665c14bbc29de1b,2.242636,19.813259,1,14147,2,1,0,0,1,0,0,0,0,0,0,0,0,1
2913,16,e769dc1986223560,1.684808,20.0,1,14118,1,1,0,0,1,0,0,0,0,0,0,0,0,1
2914,16,1dc6f86b0f28f527,2.31115,19.906486,1,14142,1,0,0,0,0,0,0,0,0,0,0,0,0,1
2915,16,83171efae161e4f9,1.736281,20.0,1,14270,1,1,0,0,1,0,0,0,0,0,0,0,0,1
2916,16,d0f092e334d1b579,1.304403,19.941028,1,14073,1,1,0,0,1,0,0,0,0,0,0,0,0,0
2917,16,3c72e9f66e532470,2.023602,20.0,1,14020,2,1,0,0,1,0,0,0,0,0,0,0,0,1
2918,16,1fdd04fc4bd3a35e,2.565928,19.97867,1,13987,1,0,0,0,0,0,0,0,0,0,0,0,0,1
2919,16,1ea3379f3547fd92,1.927686,20.0,1,13898,1,1,0,0,1,0,0,0,0,0,0,0,0,1
2920,16,f2433026cfae9a47,1.448199,19.981768,1,13990,1,1,0,0,1,0,0,0,0,0,0,0,0,0
2921,16,d0cc26dd4ca1a8f2,1.089066,20.0,1,14043,1,1,0,0,1,0,0,0,0,0,0,0,0,1
2922,16,38a3c7ee0e61cf29,0.818175,19.99729,1,14004,1,1,0,0,1,0,0,0,0,0,0,0,0,0
2923,16,e64373de38c1d3e1,1.658317,18.502061,1,14036,1,0,0,0,0,0,0,0,0,0,0,0,0,1
2924,16,7addd6445d78c1a4,2.289485,20.0,1,13769,2,1,0,0,1,0,0,0,0,0,0,0,0,1
2925,16,32a2c7ad3446fe7a,1.721725,20.0,1,13815,1,1,0,0,1,0,0,0,0,0,0,0,0,1
2926,16,c2ddba3954d1d184,1.293468,20.0,1,14096,1,1,0,0,1,0,0,0,0,0,0,0,0,0
2927,16,6665faed5439f816,2.015387,18.873791,1,13738,1,0,0,0,0,0,0,0,0,0,0,0,0,1
2928,16,e2ced52540714a46,1.5156,20.0,1,13817,1,1,0,0,1,0,0,0,0,0,0,0,0,1
2929,16,609fe1b042bd7177,1.138614,19.371327,1,13745,1,1,0,0,1,0,0,0,0,0,0,0,0,0
2930,16,a841332a0fc6c3b7,0.855398,20.0,1,13886,1,1,0,0,1,0,0,0,0,0,0,0,0,1
2931,16,55f4672a66ea5f47,1.686282,16.160142,0,13941,1,0,0,0,0,0,0,0,0,0,0,0,0,0
2932,16,c0bd9a34ec0d85ea,1.268108,19.11366,1,13862,1,1,0,0,1,0,0,0,0,0,0,0,0,1
2933,16,aabefe6d1a5d48da,0.952682,20.0,1,13799,1,1,0,0,1,0,0,0,0,0,0,0,0,1
2934,16,3a430dc208632016,1.759368,16.014716,0,13918,1,0,0,0,0,0,0,0,0,0,0,0,0,0
2935,16,80aa2168e796d8f4,1.32307,19.004298,1,13937,1,1,0,0,1,0,0,0,0,0,0,0,0,1
2936,16,f7ccb287b0e2aba7,2.037626,14.277219,0,14004,1,0,0,0,0,0,0,0,0,0,0,0,0,0
2937,16,2112fa62c82cb6c3,1.530792,17.68363,1,13763,1,1,0,0,1,0,0,0,0,0,0,0,0,1
2938,16,3716027e174ef615,2.19368,20.0,1,13991,2,1,0,0,1,0,0,0,0,0,0,0,0,1
2939,16,8fd2f788f2f79c9f,2.693829,18.70333,1,13758,1,0,0,0,0,0,0,0,0,0,0,0,0,1
2940,16,f4366fc4497b611c,2.023773,17.529957,1,13845,1,1,0,0,1,0,0,0,0,0,0,0,0,0
2941,16,6d7c972a0c1269ca,1.520385,20.0,1,13935,1,1,0,0,1,0,0,0,0,0,0,0,0,1
2942,16,b5042d9861b5d83b,2.187502,15.136009,0,13942,1,0,0,0,0,0,0,0,0,0,0,0,0,0
2943,16,74137b3e5583e005,2.687042,18.328807,1,13826,2,1,0,0,1,0,0,0,0,0,0,0,0,1
2944,16,ffefc33e1efd86a3,2.018674,20.0,1,14080,1,1,0,0,1,0,0,0,0,0,0,0,0,1
2945,16,92028f149756700b,2.560208,15.571748,0,14034,1,0,0,0,0,0,0,0,0,0,0,0,0,0
2946,16,5eb8cd907f9f8d28,1.925313,18.67118,1,13949,1,1,0,0,1,0,0,0,0,0,0,0,0,1
2947,16,9b7806b606ca2194,1.446415,17.505804,1,13903,1,1,0,0,1,0,0,0,0,0,0,0,0,0
2948,16,c937167456be7e85,2.130291,20.0,1,13929,2,1,0,0,1,0,0,0,0,0,0,0,0,1
2949,16,fd6f192d5b7972aa,2.64616,18.602866,1,13794,1,0,0,0,0,0,0,0,0,0,0,0,0,1
2950,16,c0910b9c865a2e78,1.987961,20.0,1,14108,1,1,0,0,1,0,0,0,0,0,0,0,0,1
2951,16,1df7e600613b28da,1.493481,19.20527,1,14081,1,1,0,0,1,0,0,0,0,0,0,0,0,0
2952,16,a342725086240e92,2.16565,17.907046,1,14000,1,0,0,0,0,0,0,0,0,0,0,0,0,1
2953,16,5c9bc9b88218910e,1.628599,16.946856,1,13904,1,1,0,0,1,0,0,0,0,0,0,0,0,0
2954,16,db6c91d20719b813,1.223506,19.689228,1,13891,1,1,0,0,1,0,0,0,0,0,0,0,0,1
2955,16,63aec0b2be2687ee,0.919174,20.0,1,13921,1,1,0,0,1,0,0,0,0,0,0,0,0,1
2956,16,40ffc0da7fe0a3f3,1.735383,19.836413,1,13862,2,1,0,0,0,0,0,0,0,0,0,0,0,1
2957,16,63e8a29cf02887d3,2.347381,18.3812,1,13901,1,0,0,0,1,0,0,0,0,0,0,0,0,0
2958,16,907438e3b0c202d2,1.7635,20.0,1,13982,1,1,0,0,1,0,0,0,0,0,0,0,0,1
2959,16,63ee67d2f8b464de,1.324852,19.080163,1,13810,1,1,0,0,1,0,0,0,0,0,0,0,0,0
2960,16,c06de84f91eb8c3b,0.996307,20.0,1,13870,1,1,0,0,1,0,0,0,0,0,0,0,0,1
2961,16,415e901b205e1552,0.748488,19.487919,1,14009,1,1,0,0,0,0,0,0,0,0,0,0,0,1
2962,16,84025acf41ca2916,1.605965,18.119389,1,14260,1,0,0,0,1,0,0,0,0,0,0,0,0,0
2963,16,8bd68bae152e9897,1.207708,20.0,1,14017,1,1,0,0,1,0,0,0,0,0,0,0,0,1
2964,16,8bef0a0b90df594c,0.907306,20.0,1,14211,1,1,0,0,1,0,0,0,0,0,0,0,0,1
2965,16,a5271e2020affc6d,1.725279,16.846286,0,14120,1,0,0,0,0,0,0,0,0,0,0,0,0,0
2966,16,c00eb59857649839,1.296137,19.613674,1,14150,1,1,0,0,1,0,0,0,0,0,0,0,0,1
2967,16,e40c5ad933a6f45b,0.974714,18.230264,1,14183,1,1,0,0,0,0,0,0,0,0,0,0,0,1
2968,16,126061fc5eff4001,1.775919,17.174561,1,14057,1,0,0,0,1,0,0,0,0,0,0,0,0,0
2969,16,0b7dd6a37a1ec3a9,1.334182,19.860294,1,14110,1,1,0,0,1,0,0,0,0,0,0,0,0,1
2970,16,20b2a2bdcf044fcf,2.047474,20.0,1,14150,2,1,0,0,1,0,0,0,0,0,0,0,0,1
2971,16,9f6233479ae77a58,2.581844,19.928662,1,14160,1,0,0,0,0,0,0,0,0,0,0,0,0,1
2972,16,5825c1a0e74c1947,1.939643,18.450503,1,14039,1,1,0,0,1,0,0,0,0,0,0,0,0,0
2973,16,2ffaf93b2bb76fe0,2.500835,17.340018,1,14294,1,0,0,0,0,0,0,0,0,0,0,0,0,1
2974,16,2f1d1120465202ce,1.880663,16.520442,1,13951,1,1,0,0,1,0,0,0,0,0,0,0,0,0
2975,16,2aec960cb50aff8e,2.456525,20.0,1,14505,2,1,0,0,1,0,0,0,0,0,0,0,0,2
2976,16,faec6cc491720471,1.845496,17.164641,0,14429,1,1,0,0,0,0,0,0,0,0,0,0,0,0
2977,16,ae6cff63b49fbe03,2.43199,19.869058,1,15225,1,0,0,0,1,0,0,0,0,0,0,0,0,1
2978,16,ee428ec799bbaae2,1.827063,18.405725,1,14907,1,1,0,0,1,0,0,0,0,0,0,0,0,0
2979,16,0aae16c919502360,1.372604,20.0,1,14638,1,1,0,0,1,0,0,0,0,0,0,0,0,1
2980,16,182f97bfc198d644,2.074839,19.094005,1,15523,2,1,0,0,0,0,0,0,0,0,0,0,0,1
2981,16,82d9c68a398d482c,2.604459,20.0,1,15252,1,0,0,0,1,0,0,0,0,0,0,0,0,1
2982,16,0d3af6a4c5a8bdb0,1.956633,20.0,1,14537,1,1,0,0,1,0,0,0,0,0,0,0,0,1
2983,16,7d31e2a6829c6a55,2.513599,20.0,1,14250,2,1,0,0,1,0,0,0,0,0,0,0,0,1
2984,16,28205aedf0cac1cf,1.890262,20.0,1,13951,1,1,0,0,1,0,0,0,0,0,0,0,0,0
2985,16,efa0ed04ea81a26b,1.420083,19.775615,1,14005,1,1,0,0,0,0,0,0,0,0,0,0,0,1
2986,16,94efa745f2f7d680,2.110509,18.335525,1,13811,1,0,0,0,1,0,0,0,0,0,0,0,0,0
2987,16,78ca2a9ac388a79c,1.585546,20.0,1,13908,1,1,0,0,1,0,0,0,0,0,0,0,0,1
2988,16,1ba0bc89dd708639,2.236504,19.071625,1,13752,2,1,0,0,0,0,0,0,0,0,0,0,0,1
2989,16,2d3c985f201e86be,2.723855,17.806643,1,13851,1,0,0,0,1,0,0,0,0,0,0,0,0,0
2990,16,724aa86e4a976453,2.046331,20.0,1,13845,1,1,0,0,1,0,0,0,0,0,0,0,0,1
2991,16,532a2ddc5d41bf88,1.53887,18.772828,1,13750,1,1,0,0,1,0,0,0,0,0,0,0,0,0
2992,16,ede66f479361b4e9,2.199749,17.582168,1,13888,1,0,0,0,0,0,0,0,0,0,0,0,0,1
2993,16,a93a9a7081703c69,1.652589,16.68767,1,13616,1,1,0,0,1,0,0,0,0,0,0,0,0,0
2994,16,db272c6cbd9f82ee,2.285182,16.015667,1,14115,1,0,0,0,0,0,0,0,0,0,0,0,0,1
2995,16,9bd22a097276f28c,1.718489,15.524512,1,14427,1,1,0,0,1,0,0,0,0,0,0,0,0,0
2996,16,1fa6c937c83d6687,1.291037,18.620674,1,14796,1,1,0,0,1,0,0,0,0,0,0,0,0,1
2997,16,7ec7ed1cccd93d5c,2.013561,20.0,1,14970,2,1,0,0,1,0,0,0,0,0,0,0,0,1
2998,16,37dc4616a68faf78,1.514227,20.0,1,15299,1,1,0,0,1,0,0,0,0,0,0,0,0,1
2999,16,544d61320b732b38,1.137582,20.0,1,15449,1,1,0,0,1,0,0,0,0,0,0,0,0,1
3000,16,12aa04963711e090,0.854623,20.0,1,15108,1,1,0,0,1,0,0,0,0,0,0,0,0,0
3001,16,52e242f6a15d0ca1,0.642046,20.0,1,15011,1,1,0,0,1,0,0,0,0,0,0,0,0,1
3002,16,690c42115340482b,0.482828,20.0,1,15136,1,1,0,0,1,0,0,0,0,0,0,0,0,0
3003,16,1703b83a5eeeb1cd,1.406384,19.160422,1,15046,1,0,0,0,0,0,0,0,0,0,0,0,0,1
3004,16,e0c747e23b9eab21,1.056564,17.873353,1,14325,1,1,0,0,1,0,0,0,0,0,0,0,0,0
3005,16,280580e463ab6f39,0.794551,20.0,1,13922,1,1,0,0,1,0,0,0,0,0,0,0,0,1
3006,16,998234151fac093a,0.596916,18.806119,1,14040,1,1,0,0,1,0,0,0,0,0,0,0,0,0
3007,16,1ac453a9ba6df406,0.448441,20.0,1,14095,1,1,0,0,1,0,0,0,0,0,0,0,0,1
3008,16,9013080b7ce22d14,2.424204,19.319986,1,13953,2,0,0,0,0,0,0,0,0,0,0,0,0,1
3009,16,23d2fc1c601ceca4,1.823036,18.009406,1,14112,1,1,0,0,1,0,0,0,0,0,0,0,0,0
3010,16,56596c1a7fd0b3b5,1.369579,20.0,1,14184,1,1,0,0,1,0,0,0,0,0,0,0,0,1
3011,16,7a2ffd70a254f4ee,2.072567,18.870324,1,14062,1,0,0,0,0,0,0,0,0,0,0,0,0,1
3012,16,90a71c017e0083aa,1.5586,17.671255,1,14057,1,1,0,0,1,0,0,0,0,0,0,0,0,0
3013,16,b2f8a70b31ddd910,1.170918,20.0,1,14181,1,1,0,0,1,0,0,0,0,0,0,0,0,1
3014,16,ff3917a3ba7ec077,0.879667,18.679473,1,14194,1,1,0,0,1,0,0,0,0,0,0,0,0,0
3015,16,5cbe2bfcf5facb95,0.660861,20.0,1,14297,1,1,0,0,1,0,0,0,0,0,0,0,0,1
3016,16,0b67e6871aa5eb43,0.496977,15.78544,0,14100,1,1,0,0,0,0,0,0,0,0,0,0,0,0
3017,16,7edcb4e226c4d14b,1.417013,18.8167,1,14105,1,0,0,0,1,0,0,0,0,0,0,0,0,1
3018,16,3e3cc8e538183daf,1.064549,20.0,1,14037,1,1,0,0,1,0,0,0,0,0,0,0,0,1
3019,16,92fee5406ed98022,1.844707,20.0,1,14141,2,1,0,0,1,0,0,0,0,0,0,0,0,1
3020,16,78a97246f1e3022e,1.385859,20.0,1,14295,1,1,0,0,1,0,0,0,0,0,0,0,0,0
3021,16,fc9d47339d4b06ce,1.041144,20.0,1,14431,1,1,0,0,1,0,0,0,0,0,0,0,0,1
3022,16,aa3c9d3f75826874,0.782173,16.868071,0,14596,1,1,0,0,0,0,0,0,0,0,0,0,0,0
3023,16,6949ff8da4d7b689,1.632356,19.646033,1,14613,1,0,0,0,1,0,0,0,0,0,0,0,0,1
3024,16,c1bb0b0ef9d0036e,1.226328,18.238175,1,14641,1,1,0,0,1,0,0,0,0,0,0,0,0,0
3025,16,c2ae655bd70ae525,0.921294,20.0,1,14539,1,1,0,0,1,0,0,0,0,0,0,0,0,1
3026,16,1cf619c5e26e8f04,0.692826,15.536124,0,14404,1,1,0,0,0,0,0,0,0,0,0,0,0,0
3027,16,ad3aac8a3e954a8d,1.564148,18.629398,1,14491,1,0,0,0,1,0,0,0,0,0,0,0,0,1
3028,16,c54ad434f0c949a2,2.218739,20.0,1,14366,2,1,0,0,1,0,0,0,0,0,0,0,0,1
3029,16,8433c6ab916731b4,1.666856,15.741401,0,14418,1,1,0,0,0,0,0,0,0,0,0,0,0,0
3030,16,36311ff5a9f85e8c,2.29765,18.798761,1,14431,1,0,0,0,1,0,0,0,0,0,0,0,0,1
3031,16,9b1db145f652d56d,1.726138,20.0,1,14400,1,1,0,0,1,0,0,0,0,0,0,0,0,1
3032,16,d03833d0a67b51d4,2.340437,15.836988,0,14478,1,0,0,0,0,0,0,0,0,0,0,0,0,0
3033,16,941309516f80a03e,1.760042,18.870644,1,14215,1,1,0,0,1,0,0,0,0,0,0,0,0,1
3034,16,4618c014da25faa3,1.322254,17.655654,1,14296,1,1,0,0,1,0,0,0,0,0,0,0,0,0
3035,16,d271d34332377863,3.080666,16.742877,1,14155,2,0,0,0,0,0,0,0,0,0,0,0,0,1
3036,16,1c5af0adc81f4528,2.314389,19.535987,1,14028,1,1,0,0,1,0,0,0,0,0,0,0,0,1
3037,16,2f2bf60b5980481c,1.740454,20.0,1,13930,1,1,0,0,1,0,0,0,0,0,0,0,0,1
3038,16,f348d889a7825586,2.351191,16.266597,0,13855,1,0,0,0,0,0,0,0,0,0,0,0,0,0
3039,16,5f2dde48accdb625,2.810015,19.178175,1,13887,2,1,0,0,1,0,0,0,0,0,0,0,0,1
3040,16,eb0d88a9fbd770d2,2.113172,20.0,1,14026,1,1,0,0,1,0,0,0,0,0,0,0,0,1
3041,16,0cfc4cee1759fd29,1.587547,20.0,1,14142,1,1,0,0,1,0,0,0,0,0,0,0,0,1
3042,16,223a1ff0a956c31a,1.192665,20.0,1,13936,1,1,0,0,1,0,0,0,0,0,0,0,0,1
3043,16,69ed7f90c2a0b180,2.983311,20.0,1,14012,2,0,0,0,0,0,0,0,0,0,0,0,0,1
3044,16,3fc22e4fb85ce861,2.243492,19.798825,1,13977,1,1,0,0,1,0,0,0,0,0,0,0,0,0
3045,16,0a03ca5ec9267814,1.685452,20.0,1,13935,1,1,0,0,1,0,0,0,0,0,0,0,0,1
3046,16,aa48ba7046884661,1.266217,19.880264,1,13674,1,1,0,0,1,0,0,0,0,0,0,0,0,0
3047,16,8630daaa101c7d07,1.996364,18.430744,1,13824,1,0,0,0,0,0,0,0,0,0,0,0,0,1
3048,16,4b14480f5b61a3b1,1.499793,17.325173,1,13659,1,1,0,0,1,0,0,0,0,0,0,0,0,0
3049,16,90a31301621a7701,2.170392,19.973444,1,13630,2,1,0,0,1,0,0,0,0,0,0,0,0,1
3050,16,47fbf0228b5012b6,1.630534,20.0,1,13749,1,1,0,0,1,0,0,0,0,0,0,0,0,1
3051,16,a70442ba800df2be,2.270336,19.996984,1,13478,1,0,0,0,0,0,0,0,0,0,0,0,0,1
3052,16,89e325673d170954,1.705618,18.501831,1,13681,1,1,0,0,1,0,0,0,0,0,0,0,0,0
3053,16,5a23115101b80ed5,1.281367,20.0,1,13535,1,1,0,0,1,0,0,0,0,0,0,0,0,1
3054,16,ae45996c717ebb59,2.007757,19.165581,1,13662,1,0,0,0,0,0,0,0,0,0,0,0,0,1
3055,16,abb00df7b6a70ff3,1.508353,17.877229,1,13570,1,1,0,0,1,0,0,0,0,0,0,0,0,0
3056,16,0c035432f6e315d0,2.176822,16.909338,1,13599,1,0,0,0,0,0,0,0,0,0,0,0,0,1
3057,16,911572ad00eaa7c5,2.679019,19.661043,1,14146,2,1,0,0,1,0,0,0,0,0,0,0,0,1
3058,16,4443d6a4f8459ded,2.01466,18.265886,1,14004,1,1,0,0,1,0,0,0,0,0,0,0,0,0
3059,16,a40fb141437d535a,2.557192,17.201322,1,14184,1,0,0,0,0,0,0,0,0,0,0,0,0,1
3060,16,ede27c1e9264fe65,1.921123,16.401555,1,14044,1,1,0,0,1,0,0,0,0,0,0,0,0,0
3061,16,6779098a4a920734,1.444712,19.295206,1,14315,1,1,0,0,1,0,0,0,0,0,0,0,0,1
3062,16,13b989fd816b5b9e,1.085358,20.0,1,14409,1,1,0,0,1,0,0,0,0,0,0,0,0,1
3063,16,305938140e9d1b3e,0.815389,16.11718,0,14505,1,1,0,0,0,0,0,0,0,0,0,0,0,0
3064,16,29aed48f4d4e633e,1.656225,19.065924,1,14482,1,0,0,0,1,0,0,0,0,0,0,0,0,1
3065,16,8dd9fcee9bbe35c7,1.245504,17.818348,1,14625,1,1,0,0,1,0,0,0,0,0,0,0,0,0
3066,16,9d19d700c80d1cdd,0.935701,20.0,1,14911,1,1,0,0,1,0,0,0,0,0,0,0,0,1
3067,16,92a57566811eec42,1.74661,20.0,1,13859,2,1,0,0,1,0,0,0,0,0,0,0,0,1
3068,16,2b55eba26b5b49b8,1.313476,20.0,1,13421,1,1,0,0,0,0,0,0,0,0,0,0,0,1
3069,16,f6a6ac5a0dc399f6,2.030419,20.0,1,13348,1,0,0,0,1,0,0,0,0,0,0,0,0,1
3070,16,7304ea3db5ff18b4,1.525378,20.0,1,13303,1,1,0,0,1,0,0,0,0,0,0,0,0,0
3071,16,8b7e501c5e6aea8a,1.145959,20.0,1,13282,1,1,0,0,1,0,0,0,0,0,0,0,0,1
3072,16,6ecb3601a57eafb7,1.905928,16.593768,0,13117,1,0,0,0,0,0,0,0,0,0,0,0,0,0
3073,16,1bf173bbb7df6cfb,1.431853,19.423967,1,13300,1,1,0,0,1,0,0,0,0,0,0,0,0,1
3074,16,65653c2155ed713e,1.075697,18.071345,1,13138,1,1,0,0,1,0,0,0,0,0,0,0,0,0
3075,16,80e8279e75880fe1,1.85309,20.0,1,13081,2,1,0,0,1,0,0,0,0,0,0,0,0,1
3076,16,139b5b9a8722f683,2.435811,18.917977,1,13266,1,0,0,0,0,0,0,0,0,0,0,0,0,1
3077,16,a48c3c7d1995e35a,1.829934,20.0,1,14332,1,1,0,0,1,0,0,0,0,0,0,0,0,1
3078,16,63feb05af7e9fba7,0.331107,19.383117,1,14229,0,1,0,0,1,0,0,0,0,0,0,0,0,0
3079,16,14cbdfb02dfee787,0.248997,18.056882,1,13778,1,1,0,0,1,0,0,0,0,0,0,0,0,0
3080,16,7a047c2059072180,1.230716,17.044305,1,13987,1,0,0,0,0,0,0,0,0,0,0,0,0,1
3081,16,215421a9b3c09bfa,0.924591,16.283594,1,13650,1,1,0,0,1,0,0,0,0,0,0,0,0,0
3082,16,6920f842b941893c,0.695305,19.206498,1,15592,1,1,0,0,1,0,0,0,0,0,0,0,0,1
3083,16,83d8010aed77c31b,2.609664,17.907969,1,15715,2,0,0,0,0,0,0,0,0,0,0,0,0,1
3084,16,1db2052ebf3d1314,1.960543,20.0,1,15388,1,1,0,0,1,0,0,0,0,0,0,0,0,1
3085,16,73d216d41ddd1fa6,1.472883,18.813073,1,15166,1,1,0,0,1,0,0,0,0,0,0,0,0,0
3086,16,504c0629b367be1c,3.19593,17.628201,1,15099,2,0,0,0,0,0,0,0,0,0,0,0,0,1
3087,16,b8cd9c550e15bbe3,2.400982,20.0,1,15076,1,1,0,0,1,0,0,0,0,0,0,0,0,1
3088,16,8601c98a8e238013,1.803768,20.0,1,15426,1,1,0,0,1,0,0,0,0,0,0,0,0,1
3089,16,3aecea5051aac9f9,2.40061,20.0,1,15141,1,0,0,0,0,0,0,0,0,0,0,0,0,1
3090,16,1af31334947da248,2.847142,20.0,1,14914,2,1,0,0,1,0,0,0,0,0,0,0,0,1
3091,17,1fd48474a6be9a50,2.138951,20.0,1,14609,1,1,0,0,1,0,0,0,0,0,0,0,0,1
3092,17,0b198662efcfc49a,1.606914,20.0,1,14015,1,1,0,0,1,0,0,0,0,0,0,0,0,0
3093,17,fcbdd03152747088,2.252573,19.397805,1,14334,1,0,0,0,0,0,0,0,0,0,0,0,0,1
3094,17,c7b8a2a9fab59ea4,1.692274,18.05169,1,14167,1,1,0,0,1,0,0,0,0,0,0,0,0,0
3095,17,241e6acbb414e8f5,2.314995,20.0,1,14222,2,1,0,0,1,0,0,0,0,0,0,0,0,1
3096,17,fc64a472a0076c97,2.78506,18.911269,1,14045,1,0,0,0,0,0,0,0,0,0,0,0,0,1
3097,17,1e870741cfb1004d,2.092311,20.0,1,14204,1,1,0,0,1,0,0,0,0,0,0,0,0,1
3098,17,bf57db00a494f005,2.615529,20.0,1,14139,2,1,0,0,1,0,0,0,0,0,0,0,0,1
3099,17,b9cebc1ba6e23f90,3.008602,20.0,1,14104,1,0,0,0,0,0,0,0,0,0,0,0,0,1
3100,17,e665c14bbc29de1b,2.262512,19.010602,1,14021,1,1,0,0,1,0,0,0,0,0,0,0,0,0
3101,17,e769dc1986223560,1.699741,20.0,1,14250,1,1,0,0,1,0,0,0,0,0,0,0,0,1
3102,17,1dc6f86b0f28f527,1.276952,19.435395,1,14228,1,1,0,0,1,0,0,0,0,0,0,0,0,0
3103,17,83171efae161e4f9,2.004436,18.096196,1,14092,1,0,0,0,0,0,0,0,0,0,0,0,0,1
3104,17,d0f092e334d1b579,1.505858,17.07384,1,14049,1,1,0,0,1,0,0,0,0,0,0,0,0,0
3105,17,3c72e9f66e532470,2.174948,19.784627,1,13997,2,1,0,0,1,0,0,0,0,0,0,0,0,1
3106,17,1fdd04fc4bd3a35e,1.633957,20.0,1,13974,1,1,0,0,1,0,0,0,0,0,0,0,0,1
3107,17,1ea3379f3547fd92,1.228759,19.89031,1,14121,1,1,0,0,0,0,0,0,0,0,0,0,0,1
3108,17,f2433026cfae9a47,1.966774,20.0,1,13987,1,0,0,0,1,0,0,0,0,0,0,0,0,1
3109,17,d0cc26dd4ca1a8f2,1.477564,19.931898,1,13975,1,1,0,0,1,0,0,0,0,0,0,0,0,0
3110,17,38a3c7ee0e61cf29,2.1553,20.0,1,14027,2,1,0,0,1,0,0,0,0,0,0,0,0,1
3111,17,e64373de38c1d3e1,1.619196,20.0,1,13901,1,1,0,0,1,0,0,0,0,0,0,0,0,1
3112,17,7addd6445d78c1a4,1.216441,20.0,1,13921,1,1,0,0,1,0,0,0,0,0,0,0,0,0
3113,17,32a2c7ad3446fe7a,1.95752,19.326294,1,13838,1,0,0,0,0,0,0,0,0,0,0,0,0,1
3114,17,c2ddba3954d1d184,1.472083,20.0,1,13934,1,1,0,0,1,0,0,0,0,0,0,0,0,1
3115,17,6665faed5439f816,1.105921,19.626973,1,13917,1,1,0,0,1,0,0,0,0,0,0,0,0,0
3116,17,e2ced52540714a46,0.830837,18.223855,1,13772,1,1,0,0,0,0,0,0,0,0,0,0,0,1
3117,17,609fe1b042bd7177,2.713102,20.0,1,13849,2,0,0,0,1,0,0,0,0,0,0,0,0,1
3118,17,a841332a0fc6c3b7,2.038252,20.0,1,13956,1,1,0,0,1,0,0,0,0,0,0,0,0,1
3119,17,55f4672a66ea5f47,1.531263,20.0,1,13825,1,1,0,0,1,0,0,0,0,0,0,0,0,0
3120,17,c0bd9a34ec0d85ea,1.150381,15.302821,0,13981,0,0,0,0,0,0,0,0,0,0,0,0,0,0
3121,17,aabefe6d1a5d48da,1.909253,18.468943,1,13756,2,1,0,0,1,0,0,0,0,0,0,0,0,1
3122,17,3a430dc208632016,1.43435,20.0,1,13706,1,1,0,0,1,0,0,0,0,0,0,0,0,1
3123,17,80aa2168e796d8f4,2.121227,19.129685,1,13890,1,0,0,0,0,0,0,0,0,0,0,0,0,1
3124,17,f7ccb287b0e2aba7,1.595193,17.866297,1,14014,1,1,0,0,1,0,0,0,0,0,0,0,0,0
3125,17,2112fa62c82cb6c3,2.242062,16.901126,1,13759,1,0,0,0,0,0,0,0,0,0,0,0,0,1
3126,17,542d2ce96e80afc1,2.728031,19.654873,1,14008,2,1,0,0,1,0,0,0,0,0,0,0,0,1
3127,17,6e60a9a40289d397,2.049468,20.0,1,13931,1,1,0,0,1,0,0,0,0,0,0,0,0,1
3128,17,0d28e31d51bf6ee7,2.585379,19.817004,1,13898,1,0,0,0,0,0,0,0,0,0,0,0,0,1
3129,17,1cc2b0b192026c8b,1.942299,18.366619,1,13954,1,1,0,0,1,0,0,0,0,0,0,0,0,0
3130,17,1248b02762c2799a,2.50283,20.0,1,13929,2,1,0,0,1,0,0,0,0,0,0,0,0,1
3131,17,3686db50da6353c5,2.926314,19.089192,1,13841,1,0,0,0,0,0,0,0,0,0,0,0,0,1
3132,17,07a5e51a719ae67e,2.198431,17.819841,1,13962,1,1,0,0,1,0,0,0,0,0,0,0,0,0
3133,17,f655ac8ba190f916,1.651599,20.0,1,13821,1,1,0,0,1,0,0,0,0,0,0,0,0,1
3134,17,297da01fe191c441,2.284438,18.763334,1,14045,1,0,0,0,0,0,0,0,0,0,0,0,0,1
3135,17,585bdb78ddfeaa09,2.76208,20.0,1,13932,2,1,0,0,1,0,0,0,0,0,0,0,0,1
3136,17,5ab397f8ffde44e7,2.075048,20.0,1,14019,1,1,0,0,1,0,0,0,0,0,0,0,0,1
3137,17,b8df2703faf481a5,1.558906,20.0,1,13883,1,1,0,0,1,0,0,0,0,0,0,0,0,0
3138,17,e48ac18fac480313,2.21647,20.0,1,14111,2,1,0,0,1,0,0,0,0,0,0,0,0,1
3139,17,95bfcf71fb711232,2.708804,20.0,1,13847,1,0,0,0,0,0,0,0,0,0,0,0,0,1
3140,17,aada16a844269d93,2.035023,18.763798,1,13984,1,1,0,0,1,0,0,0,0,0,0,0,0,0
3141,17,205ceea12fe5bd27,1.528837,20.0,1,13932,1,1,0,0,1,0,0,0,0,0,0,0,0,1
3142,17,cad45a3e844d1c72,1.149707,20.0,1,13897,1,1,0,0,1,0,0,0,0,0,0,0,0,1
3143,17,e98fce72cc35d144,0.863732,20.0,1,13962,1,1,0,0,1,0,0,0,0,0,0,0,0,0
3144,17,3895935e61f66222,1.692543,18.957249,1,13994,1,0,0,0,0,0,0,0,0,0,0,0,0,1
3145,17,77fd74a3ae208e6f,1.272816,17.736623,1,13817,1,1,0,0,1,0,0,0,0,0,0,0,0,0
3146,17,6cdfea1e2ddfa0c2,1.999873,20.0,1,13868,2,1,0,0,1,0,0,0,0,0,0,0,0,1
3147,17,6e7aa67506972e41,1.50243,20.0,1,13883,1,1,0,0,1,0,0,0,0,0,0,0,0,1
3148,17,0a105eabde9e1819,2.172373,20.0,1,14061,1,0,0,0,0,0,0,0,0,0,0,0,0,1
3149,17,9bd51f231c8057ab,1.633655,18.636053,1,13849,1,1,0,0,1,0,0,0,0,0,0,0,0,0
3150,17,24e7ee1e0ed1b589,1.227304,20.0,1,14167,1,1,0,0,1,0,0,0,0,0,0,0,0,1
3151,17,e3bcba96b2704a73,1.965681,15.745157,0,14093,1,0,0,0,0,0,0,0,0,0,0,0,0,0
3152,17,7a28a5b2c5d4d49b,1.47822,18.801586,1,14133,1,1,0,0,1,0,0,0,0,0,0,0,0,1
3153,17,0a1d6cb2f9daf0ca,1.110532,17.603773,1,14305,1,1,0,0,1,0,0,0,0,0,0,0,0,0
3154,17,9d4888d5dc31e62f,0.834301,16.703901,1,14267,1,1,0,0,0,0,0,0,0,0,0,0,0,1
3155,17,a60747c2bcfda612,2.714086,19.506705,1,14203,2,0,0,0,1,0,0,0,0,0,0,0,0,1
3156,17,b7612aa3acd2475b,2.041031,20.0,1,14060,1,1,0,0,1,0,0,0,0,0,0,0,0,1
3157,17,2bfc4dda769ef4f8,1.53335,20.0,1,14102,1,1,0,0,1,0,0,0,0,0,0,0,0,1
3158,17,9ff51816d5813420,2.195602,17.43511,0,14096,1,0,0,0,0,0,0,0,0,0,0,0,0,0
3159,17,439beeb2a87802f5,1.651124,20.0,1,13986,1,1,0,0,1,0,0,0,0,0,0,0,0,1
3160,17,a4523b0e54fd5f23,2.284081,18.558529,1,14123,2,1,0,0,0,0,0,0,0,0,0,0,0,1
3161,17,8ce13783fa8a925a,2.759598,17.421174,1,14092,1,0,0,0,1,0,0,0,0,0,0,0,0,0
3162,17,0a7999a116a66859,2.073183,20.0,1,15208,1,1,0,0,1,0,0,0,0,0,0,0,0,1
3163,17,91c799577d096f27,1.559063,20.0,1,14897,1,1,0,0,1,0,0,0,0,0,0,0,0,1
3164,17,084df7b921d51f63,2.214919,20.0,1,15036,1,0,0,0,0,0,0,0,0,0,0,0,0,1
3165,17,43b5f03a3456c8ac,2.707639,18.529139,1,14818,2,1,0,0,1,0,0,0,0,0,0,0,0,0
3166,17,14998c164bfe4b82,2.036183,20.0,1,14800,1,1,0,0,1,0,0,0,0,0,0,0,0,1
3167,17,9228f087f8fce97a,1.529708,20.0,1,16411,1,1,0,0,1,0,0,0,0,0,0,0,0,1
3168,17,7474b983f679cf76,2.192866,20.0,1,16581,2,1,0,0,0,0,0,0,0,0,0,0,0,1
3169,17,1b23db65ad96ace6,2.691072,20.0,1,16235,1,0,0,0,1,0,0,0,0,0,0,0,0,1
3170,17,8b47046bbd5a3c9a,2.023724,20.0,1,16421,1,1,0,0,1,0,0,0,0,0,0,0,0,1
3171,17,b92dac494278bb0d,1.520348,20.0,1,16575,1,1,0,0,1,0,0,0,0,0,0,0,0,0
3172,17,5bff3c3a17459e96,2.185834,19.510551,1,16688,2,1,0,0,0,0,0,0,0,0,0,0,0,1
3173,17,650e8f6bef0ed971,2.687929,20.0,1,16698,1,0,0,0,1,0,0,0,0,0,0,0,0,1
3174,17,f5cbbfe1d55292fa,3.062994,20.0,1,16692,2,1,0,0,1,0,0,0,0,0,0,0,0,1
3175,17,793d2e85e94f30d2,2.301113,20.0,1,16454,1,1,0,0,1,0,0,0,0,0,0,0,0,1
3176,17,336afd1b1c2abe83,1.72874,20.0,1,16489,1,1,0,0,1,0,0,0,0,0,0,0,0,0
3177,17,adc31761d2c9d32e,2.344188,19.878525,1,16119,2,1,0,0,0,0,0,0,0,0,0,0,0,1
3178,17,ef9cdc315ff37959,2.804754,20.0,1,16374,1,0,0,0,1,0,0,0,0,0,0,0,0,1
3179,17,80750c8efbe4033e,2.107107,20.0,1,14605,1,1,0,0,1,0,0,0,0,0,0,0,0,1
3180,17,b20307a45fb11fbc,2.628725,20.0,1,13327,2,1,0,0,1,0,0,0,0,0,0,0,0,1
3181,17,4033555753fa1808,3.018516,20.0,1,13882,1,0,0,0,0,0,0,0,0,0,0,0,0,1
3182,17,3fd0989eef3933fc,2.267698,19.954609,1,13998,1,1,0,0,1,0,0,0,0,0,0,0,0,0
3183,17,4e8b127465108971,1.703637,20.0,1,13810,1,1,0,0,1,0,0,0,0,0,0,0,0,1
3184,17,f78e0ce8622d8878,1.281159,16.505841,0,13921,1,1,0,0,0,0,0,0,0,0,0,0,0,0
3185,17,0c5dea0f82104dc4,2.00614,19.357911,1,13513,1,0,0,0,1,0,0,0,0,0,0,0,0,1
3186,17,4aa57a21ac39aad0,1.507138,18.021719,1,13587,1,1,0,0,1,0,0,0,0,0,0,0,0,0
3187,17,e196584dca7b7689,2.17754,17.033091,1,13622,1,0,0,0,0,0,0,0,0,0,0,0,0,1
3188,17,378400287f78f066,1.635904,16.275169,1,13845,1,1,0,0,1,0,0,0,0,0,0,0,0,0
3189,17,b7d30829de73dda1,2.272647,19.184615,1,13604,2,1,0,0,1,0,0,0,0,0,0,0,0,1
3190,17,db9bfbbfc7460179,1.707355,20.0,1,13652,1,1,0,0,1,0,0,0,0,0,0,0,0,1
3191,17,5cdcbca155f43249,2.328106,19.551327,1,13524,1,0,0,0,0,0,0,0,0,0,0,0,0,1
3192,17,e5d536c7be384877,1.749019,20.0,1,13334,1,1,0,0,1,0,0,0,0,0,0,0,0,1
3193,17,75757aba3bf969e7,1.313972,19.740578,1,13628,1,1,0,0,1,0,0,0,0,0,0,0,0,0
3194,17,1031bed7b5d94655,2.032276,18.325697,1,13603,1,0,0,0,0,0,0,0,0,0,0,0,0,1
3195,17,b0de361fff316f25,1.526773,20.0,1,13763,1,1,0,0,1,0,0,0,0,0,0,0,0,1
3196,17,d2034ba510a882ea,1.147008,19.048838,1,13722,1,1,0,0,1,0,0,0,0,0,0,0,0,0
3197,17,5d36aca0e9254700,0.861704,20.0,1,13726,1,1,0,0,1,0,0,0,0,0,0,0,0,1
3198,17,951497b674ddb51f,2.736315,19.474618,1,13534,2,0,0,0,0,0,0,0,0,0,0,0,0,1
3199,17,830fe72a9f923a43,2.055691,18.109397,1,13699,1,1,0,0,1,0,0,0,0,0,0,0,0,0
3200,17,2c37196ec5778c6e,1.544364,20.0,1,13709,1,1,0,0,1,0,0,0,0,0,0,0,0,1
3201,17,9b50df548f649b4a,2.205534,15.46337,0,13668,1,0,0,0,0,0,0,0,0,0,0,0,0,0
3202,17,debfe492bb4d653d,1.656935,18.574741,1,13642,1,1,0,0,1,0,0,0,0,0,0,0,0,1
3203,17,f8d8c06679228cff,1.244794,17.433353,1,13606,1,1,0,0,1,0,0,0,0,0,0,0,0,0
3204,17,4979f36b3c66f02c,0.935167,20.0,1,13809,1,1,0,0,1,0,0,0,0,0,0,0,0,1
3205,17,a240569aca56ef8b,1.747409,18.561934,1,13742,1,0,0,0,0,0,0,0,0,0,0,0,0,1
3206,17,0a0c7cc3a5991e7e,1.312763,17.423731,1,13848,1,1,0,0,1,0,0,0,0,0,0,0,0,0
3207,17,9bf9f563d632c577,0.98623,20.0,1,13722,1,1,0,0,1,0,0,0,0,0,0,0,0,1
3208,17,fea0bc268ed0255f,0.741659,18.556498,1,13951,1,1,0,0,1,0,0,0,0,0,0,0,0,0
3209,17,72bd3c2b301de096,0.557181,17.419648,1,14107,1,1,0,0,0,0,0,0,0,0,0,0,0,1
3210,17,3cac7247db217175,1.462242,16.565574,1,14166,1,0,0,0,1,0,0,0,0,0,0,0,0,0
3211,17,0f1d286b3b5ece1b,1.098528,19.402786,1,14062,1,1,0,0,1,0,0,0,0,0,0,0,0,1
3212,17,3e32acd988ebfa08,0.826109,20.0,1,14094,1,1,0,0,1,0,0,0,0,0,0,0,0,1
3213,17,43fb73f24732b4bd,1.664278,16.191343,0,14241,1,0,0,0,0,0,0,0,0,0,0,0,0,0
3214,17,d010b51427c82e90,1.25031,19.12164,1,14324,1,1,0,0,1,0,0,0,0,0,0,0,0,1
3215,17,7e752745277087dd,0.940251,20.0,1,14339,1,1,0,0,1,0,0,0,0,0,0,0,0,1
3216,17,642340e19a0ebd67,1.750029,16.032507,0,14274,1,0,0,0,0,0,0,0,0,0,0,0,0,0
3217,17,155c8a6d6b1601ea,1.314731,19.002312,1,14301,1,1,0,0,1,0,0,0,0,0,0,0,0,1
3218,17,ef081928b6c4f2b8,2.031362,20.0,1,14308,2,1,0,0,1,0,0,0,0,0,0,0,0,1
3219,17,f21d9ef755074f4d,2.571763,15.967831,0,14170,1,0,0,0,0,0,0,0,0,0,0,0,0,0
3220,17,0b27b754d8f568c4,1.93207,18.953724,1,14398,1,1,0,0,1,0,0,0,0,0,0,0,0,1
3221,17,3bbea1ce493b3fea,1.451492,20.0,1,14451,1,1,0,0,1,0,0,0,0,0,0,0,0,1
3222,17,a2348b0614b5c18f,1.091542,19.420883,1,14176,1,1,0,0,1,0,0,0,0,0,0,0,0,0
3223,17,8354d8646525cafa,1.863688,20.0,1,14336,2,1,0,0,1,0,0,0,0,0,0,0,0,1
3224,17,1b4be9c69dd2a4db,1.400119,19.666955,1,14268,1,1,0,0,0,0,0,0,0,0,0,0,0,1
3225,17,5fb023822ecbd974,2.095511,18.253893,1,14292,1,0,0,0,1,0,0,0,0,0,0,0,0,0
3226,17,68608b1fd70b1f81,1.575854,20.0,1,14430,1,1,0,0,1,0,0,0,0,0,0,0,0,1
3227,17,17c4abe3ce348545,1.18388,20.0,1,14302,1,1,0,0,1,0,0,0,0,0,0,0,0,1
3228,17,1f108672868fed1d,1.933058,20.0,1,14327,2,1,0,0,1,0,0,0,0,0,0,0,0,1
3229,17,829eae59fdf9e946,1.453687,20.0,1,14377,1,1,0,0,1,0,0,0,0,0,0,0,0,0
3230,17,08dc5be0abdd533b,2.135754,19.574166,1,14480,1,0,0,0,0,0,0,0,0,0,0,0,0,1
3231,17,e96543699ff2f724,1.604512,18.184184,1,14289,1,1,0,0,1,0,0,0,0,0,0,0,0,0
3232,17,7314e5f727f948f3,1.20541,20.0,1,14428,1,1,0,0,1,0,0,0,0,0,0,0,0,1
3233,17,04383200d700406e,1.950636,20.0,1,14287,2,1,0,0,1,0,0,0,0,0,0,0,0,1
3234,17,0225ccb73e29e2f2,1.46544,20.0,1,14301,1,1,0,0,1,0,0,0,0,0,0,0,0,1
3235,17,d0837dfb7641bc89,1.10093,20.0,1,14202,1,1,0,0,1,0,0,0,0,0,0,0,0,0
3236,17,259911b751e954d0,0.827915,20.0,1,14193,1,1,0,0,1,0,0,0,0,0,0,0,0,1
3237,17,49f31aa710f7afc5,0.621982,20.0,1,14245,1,1,0,0,1,0,0,0,0,0,0,0,0,0
3238,17,11c2882fd2da0fbb,0.467272,19.098046,1,14389,1,1,0,0,0,0,0,0,0,0,0,0,0,1
3239,17,b847ecd581178df7,0.351044,17.826493,1,14560,1,1,0,0,1,0,0,0,0,0,0,0,0,0
3240,17,e227b500e856e19f,1.30814,20.0,1,14601,1,0,0,0,1,0,0,0,0,0,0,0,0,1
3241,17,2e8dac26ade6ab66,0.982757,18.779645,1,14292,1,1,0,0,1,0,0,0,0,0,0,0,0,0
3242,17,1f0ec4098197f015,0.738309,20.0,1,14497,1,1,0,0,1,0,0,0,0,0,0,0,0,1
3243,17,9430825878ad39f5,1.599369,20.0,1,14428,2,1,0,0,1,0,0,0,0,0,0,0,0,1
3244,17,074fd8963fa1acac,1.201546,20.0,1,14524,1,1,0,0,0,0,0,0,0,0,0,0,0,1
3245,17,da8f6432f8ac3210,1.94633,18.962302,1,14624,1,0,0,0,1,0,0,0,0,0,0,0,0,0
3246,17,6227fe5b1a63c281,1.462205,20.0,1,14156,1,1,0,0,1,0,0,0,0,0,0,0,0,1
3247,17,e3ec91e4216aa7b8,1.099599,15.945227,0,14283,1,1,0,0,0,0,0,0,0,0,0,0,0,0
3248,17,905790dcb3df5bc2,2.913394,18.936742,1,13943,2,0,0,0,1,0,0,0,0,0,0,0,0,1
3249,17,f7e259dfe045cd24,2.188724,20.0,1,14021,1,1,0,0,1,0,0,0,0,0,0,0,0,1
3250,17,18240e2f6b4e4302,1.645952,19.411289,1,14250,1,1,0,0,1,0,0,0,0,0,0,0,0,0
3251,17,a559ddf7aa9dca3c,2.280195,18.06182,1,13993,1,0,0,0,0,0,0,0,0,0,0,0,0,1
3252,17,41cf2d93f0a34fd0,1.713026,17.048015,1,13889,1,1,0,0,1,0,0,0,0,0,0,0,0,0
3253,17,4cc6c2a07278c87d,1.286932,19.765225,1,13752,1,1,0,0,1,0,0,0,0,0,0,0,0,1
3254,17,42126f9c881e2e32,2.011942,18.344233,1,13631,2,1,0,0,0,0,0,0,0,0,0,0,0,1
3255,17,6430c02fd685185e,2.55515,20.0,1,13766,1,0,0,0,1,0,0,0,0,0,0,0,0,1
3256,18,1fd48474a6be9a50,1.919589,20.0,1,14060,1,1,0,0,1,0,0,0,0,0,0,0,0,1
3257,18,0b198662efcfc49a,2.487709,16.949005,0,14151,1,0,0,0,0,0,0,0,0,0,0,0,0,0
3258,18,fcbdd03152747088,1.868922,19.690843,1,14208,1,1,0,0,1,0,0,0,0,0,0,0,0,1
3259,18,c7b8a2a9fab59ea4,2.447705,20.0,1,14160,2,1,0,0,1,0,0,0,0,0,0,0,0,1
3260,18,241e6acbb414e8f5,2.882523,19.81932,1,14425,1,0,0,0,0,0,0,0,0,0,0,0,0,1
3261,18,fc64a472a0076c97,2.167698,20.0,1,14023,1,1,0,0,1,0,0,0,0,0,0,0,0,1
3262,18,1e870741cfb1004d,2.672164,16.426668,0,14268,1,0,0,0,0,0,0,0,0,0,0,0,0,0
3263,18,bf57db00a494f005,2.007497,19.298431,1,14189,1,1,0,0,1,0,0,0,0,0,0,0,0,1
3264,18,b9cebc1ba6e23f90,2.553817,20.0,1,14087,2,1,0,0,1,0,0,0,0,0,0,0,0,1
3265,18,e665c14bbc29de1b,2.96224,19.611231,1,14023,1,0,0,0,0,0,0,0,0,0,0,0,0,1
3266,18,e769dc1986223560,2.22542,20.0,1,14335,1,1,0,0,1,0,0,0,0,0,0,0,0,1
3267,18,1dc6f86b0f28f527,1.671875,19.774387,1,14102,1,1,0,0,1,0,0,0,0,0,0,0,0,0
3268,18,83171efae161e4f9,2.301424,18.351123,1,14050,1,0,0,0,0,0,0,0,0,0,0,0,0,1
3269,18,d0f092e334d1b579,2.772628,20.0,1,14025,2,1,0,0,1,0,0,0,0,0,0,0,0,1
3270,18,3c72e9f66e532470,2.082971,20.0,1,14040,1,1,0,0,1,0,0,0,0,0,0,0,0,1
3271,18,1fdd04fc4bd3a35e,1.566424,20.0,1,13960,1,1,0,0,1,0,0,0,0,0,0,0,0,1
3272,18,1ea3379f3547fd92,1.176796,17.964893,0,14001,1,1,0,0,0,0,0,0,0,0,0,0,0,0
3273,18,f2433026cfae9a47,2.97139,20.0,1,14172,2,0,0,0,1,0,0,0,0,0,0,0,0,1
3274,18,d0cc26dd4ca1a8f2,2.232294,20.0,1,14049,1,1,0,0,1,0,0,0,0,0,0,0,0,1
3275,18,38a3c7ee0e61cf29,1.678717,20.0,1,13881,1,1,0,0,1,0,0,0,0,0,0,0,0,1
3276,18,e64373de38c1d3e1,1.261157,20.0,1,13926,1,1,0,0,1,0,0,0,0,0,0,0,0,1
3277,18,7addd6445d78c1a4,0.94746,20.0,1,13958,1,1,0,0,1,0,0,0,0,0,0,0,0,0
3278,18,32a2c7ad3446fe7a,1.756654,20.0,1,13727,1,0,0,0,0,0,0,0,0,0,0,0,0,1
3279,18,c2ddba3954d1d184,1.319709,20.0,1,13928,1,1,0,0,1,0,0,0,0,0,0,0,0,1
3280,18,6665faed5439f816,0.991448,20.0,1,13873,1,1,0,0,1,0,0,0,0,0,0,0,0,0
3281,18,e2ced52540714a46,0.744838,20.0,1,13905,1,1,0,0,1,0,0,0,0,0,0,0,0,1
3282,18,609fe1b042bd7177,2.64843,20.0,1,13804,2,0,0,0,0,0,0,0,0,0,0,0,0,1
3283,18,a841332a0fc6c3b7,1.989666,20.0,1,13937,1,1,0,0,1,0,0,0,0,0,0,0,0,1
3284,18,55f4672a66ea5f47,1.494762,20.0,1,13950,1,1,0,0,1,0,0,0,0,0,0,0,0,0
3285,18,c0bd9a34ec0d85ea,2.168233,18.534258,1,13808,1,0,0,0,0,0,0,0,0,0,0,0,0,1
3286,18,aabefe6d1a5d48da,1.628912,20.0,1,13785,1,1,0,0,1,0,0,0,0,0,0,0,0,1
3287,18,1adb77769bb8b4f3,1.223741,19.166548,1,13763,1,1,0,0,1,0,0,0,0,0,0,0,0,0
3288,18,a846133f73861c83,1.963004,17.877956,1,14037,1,0,0,0,0,0,0,0,0,0,0,0,0,1
3289,18,cfa8b1cf2d33ed9a,1.476207,16.924979,1,13980,1,1,0,0,1,0,0,0,0,0,0,0,0,0
3290,18,10999707da36a12f,2.152673,16.193949,1,13873,1,0,0,0,0,0,0,0,0,0,0,0,0,1
3291,18,34b7a6e5fe8596ce,1.617222,19.123597,1,13980,1,1,0,0,1,0,0,0,0,0,0,0,0,1
3292,18,a2076ecd533fd97d,2.260325,20.0,1,13732,2,1,0,0,1,0,0,0,0,0,0,0,0,1
3293,18,7c306d0aa9eb8d48,2.741751,16.033613,0,13988,1,0,0,0,0,0,0,0,0,0,0,0,0,0
3294,18,4299b7b28708007a,2.059775,19.003143,1,13916,1,1,0,0,1,0,0,0,0,0,0,0,0,1
3295,18,e37137cca5879e3d,1.547432,17.755195,1,13941,1,1,0,0,1,0,0,0,0,0,0,0,0,0
3296,18,83ac982daf0f5cdb,2.207841,16.832662,1,13861,1,0,0,0,0,0,0,0,0,0,0,0,0,1
3297,18,6d3e74a1c3c2f618,1.658669,19.603439,1,14009,1,1,0,0,1,0,0,0,0,0,0,0,0,1
3298,18,84bff23ce59350e2,1.246096,18.206175,1,13963,1,1,0,0,1,0,0,0,0,0,0,0,0,0
3299,18,762e3d035ed0e9cd,0.937082,17.171805,1,14062,1,1,0,0,0,0,0,0,0,0,0,0,0,1
3300,18,ee0cd179ff584f38,2.791301,19.858224,1,13836,2,0,0,0,1,0,0,0,0,0,0,0,0,1
3301,18,ab1ad33213fe9948,2.097,18.397586,1,14124,1,1,0,0,1,0,0,0,0,0,0,0,0,0
3302,18,175115f4797cb03a,1.575398,20.0,1,13945,1,1,0,0,1,0,0,0,0,0,0,0,0,1
3303,18,8fe73e7ed2aace7c,1.184722,20.0,1,14087,1,1,0,0,1,0,0,0,0,0,0,0,0,1
3304,18,accdf8a33a9f2855,2.977344,16.96891,0,14041,2,0,0,0,0,0,0,0,0,0,0,0,0,0
3305,18,c0fae9eea9eecd79,2.236767,19.705797,1,14077,1,1,0,0,1,0,0,0,0,0,0,0,0,1
3306,18,e4f1f4a9fdd9d6f8,1.682081,20.0,1,13854,1,1,0,0,1,0,0,0,0,0,0,0,0,1
3307,18,62faf9712b02b23d,1.263684,19.841377,1,14039,1,1,0,0,1,0,0,0,0,0,0,0,0,0
3308,18,bc10f9d172a4d697,1.993012,18.384929,1,13843,1,0,0,0,0,0,0,0,0,0,0,0,0,1
3309,18,7f79a87e79778f63,1.497276,20.0,1,14129,1,1,0,0,1,0,0,0,0,0,0,0,0,1
3310,18,9c639f1c57ce509f,1.125973,19.099536,1,14571,1,1,0,0,1,0,0,0,0,0,0,0,0,0
3311,18,e366521f3047e854,0.845901,20.0,1,14550,1,1,0,0,1,0,0,0,0,0,0,0,0,1
3312,18,a45b1dd8e6fa9578,0.635494,16.006744,0,14585,1,1,0,0,0,0,0,0,0,0,0,0,0,0
3313,18,a0544f9855dbc069,1.522051,18.998303,1,16304,1,0,0,0,1,0,0,0,0,0,0,0,0,1
3314,18,b63e1660b3964245,1.14346,17.75156,1,16755,1,1,0,0,1,0,0,0,0,0,0,0,0,0
3315,18,eadd6139263eadeb,1.902692,20.0,1,16788,2,1,0,0,1,0,0,0,0,0,0,0,0,1
3316,18,424fde131ddc040f,1.429421,20.0,1,16679,1,1,0,0,1,0,0,0,0,0,0,0,0,1
3317,18,0e89c5488b0a6f12,1.074945,20.0,1,16689,1,1,0,0,1,0,0,0,0,0,0,0,0,1
3318,18,d438f6e65e23bf04,0.807566,20.0,1,16505,1,1,0,0,1,0,0,0,0,0,0,0,0,1
3319,18,0ee10cda082f069a,1.650348,18.579779,0,16968,1,0,0,0,0,0,0,0,0,0,0,0,0,0
3320,18,3e19a6f097870fa3,2.285235,20.0,1,16996,2,1,0,0,1,0,0,0,0,0,0,0,0,2
3321,18,014280249d2b6749,1.716812,20.0,1,16842,1,1,0,0,1,0,0,0,0,0,0,0,0,0
3322,18,e4872694ac24955f,2.33343,19.871389,1,16935,1,0,0,0,0,0,0,0,0,0,0,0,0,1
3323,18,4229e7e62e985c03,1.753019,20.0,1,17188,1,1,0,0,1,0,0,0,0,0,0,0,0,1
3324,18,6ea8fb75507c9eee,2.362446,19.939327,1,16910,2,1,0,0,1,0,0,0,0,0,0,0,0,0
3325,18,4d06a2c65c38855d,1.774817,20.0,1,15109,1,1,0,0,1,0,0,0,0,0,0,0,0,1
3326,18,7d2e4c1423ac29bd,1.333354,19.959563,1,13989,1,1,0,0,0,0,0,0,0,0,0,0,0,1
3327,18,1c65a969025449d2,3.091002,20.0,1,13728,2,0,0,0,1,0,0,0,0,0,0,0,0,1
3328,18,e2c3791861665b41,2.322154,19.984745,1,13906,1,1,0,0,1,0,0,0,0,0,0,0,0,0
3329,18,594fe348d8603763,1.744548,20.0,1,14179,1,1,0,0,1,0,0,0,0,0,0,0,0,1
3330,18,a1c7f6ed9ff30da3,1.310613,19.985197,1,13613,1,1,0,0,1,0,0,0,0,0,0,0,0,0
3331,18,248f5af6bcbe6d0c,3.073901,18.509654,1,14124,2,0,0,0,0,0,0,0,0,0,0,0,0,1
3332,18,44de5f74b914d1ae,2.309307,20.0,1,13960,1,1,0,0,1,0,0,0,0,0,0,0,0,1
3333,18,0c9018b52661ce85,1.734896,20.0,1,14127,1,1,0,0,1,0,0,0,0,0,0,0,0,1
3334,18,e98a0f28a1409919,1.304666,20.0,1,14829,1,1,0,0,1,0,0,0,0,0,0,0,0,1
3335,18,235f8a15f8f28053,3.067454,20.0,1,14514,2,0,0,0,0,0,0,0,0,0,0,0,0,1
3336,18,356ba6077859f917,2.304463,20.0,1,14457,1,1,0,0,1,0,0,0,0,0,0,0,0,1
3337,18,97d5e81287beb017,1.731257,20.0,1,14173,1,1,0,0,1,0,0,0,0,0,0,0,0,0
3338,18,498d0d9f96f4b755,1.30193,20.0,1,15017,1,1,0,0,1,0,0,0,0,0,0,0,0,1
3339,18,3aae7414b18a2261,2.021745,20.0,1,14688,2,1,0,0,1,0,0,0,0,0,0,0,0,1
3340,18,67a6f27b0246d060,1.518861,20.0,1,14524,1,1,0,0,0,0,0,0,0,0,0,0,0,1
3341,18,7a9632bf195d8e23,2.186356,19.632753,1,14112,1,0,0,0,1,0,0,0,0,0,0,0,0,0
3342,18,4526509aac975c7c,1.642527,20.0,1,13836,1,1,0,0,1,0,0,0,0,0,0,0,0,1
3343,18,80c3f99d7bfc63b1,1.233969,19.786534,1,13573,1,1,0,0,1,0,0,0,0,0,0,0,0,0
3344,18,af3b298692afbe6d,0.927035,20.0,1,13578,1,1,0,0,1,0,0,0,0,0,0,0,0,1
3345,18,cc40c1c2378634f1,1.741294,19.891387,1,13453,1,0,0,0,0,0,0,0,0,0,0,0,0,1
3346,18,2b227f5a7a6cc5f6,1.308169,18.4225,1,13554,1,1,0,0,1,0,0,0,0,0,0,0,0,0
3347,18,78c8e473accc892c,0.982779,20.0,1,13894,1,1,0,0,1,0,0,0,0,0,0,0,0,1
3348,18,4133714dd3b1e3ba,1.783214,19.120762,1,13609,1,0,0,0,0,0,0,0,0,0,0,0,0,1
3349,18,3acdac5e184c71ed,2.383315,20.0,1,13535,2,1,0,0,1,0,0,0,0,0,0,0,0,1
3350,18,52205b489db58d29,2.834149,16.018724,0,13785,1,0,0,0,0,0,0,0,0,0,0,0,0,0
3351,18,cda26b70f6bc2c3d,2.12919,18.991958,1,13719,1,1,0,0,1,0,0,0,0,0,0,0,0,1
3352,18,839f0725d09c6cb0,1.601181,17.762725,1,13700,1,1,0,0,1,0,0,0,0,0,0,0,0,0
3353,18,c8228b2aac6e0f7c,2.246561,16.823315,1,13676,1,0,0,0,0,0,0,0,0,0,0,0,0,1
3354,18,863ffc540b537861,1.687757,16.117573,1,13724,1,1,0,0,1,0,0,0,0,0,0,0,0,0
3355,18,1ccc5350da011771,1.269218,19.081648,1,13560,1,1,0,0,1,0,0,0,0,0,0,0,0,1
3356,18,c95e891212e847da,0.953516,20.0,1,14034,1,1,0,0,1,0,0,0,0,0,0,0,0,1
3357,18,07bdaf2019a5509e,2.803647,19.475493,1,13774,2,0,0,0,0,0,0,0,0,0,0,0,0,1
3358,18,4e7ee729511576f4,2.106276,18.110054,1,14180,1,1,0,0,1,0,0,0,0,0,0,0,0,0
3359,18,18db832c6210602e,1.583949,20.0,1,13835,1,1,0,0,1,0,0,0,0,0,0,0,0,1
3360,18,50f285f4c4ef6e94,1.189962,20.0,1,14012,1,1,0,0,1,0,0,0,0,0,0,0,0,1
3361,18,be61e5a9010c19a9,0.893974,20.0,1,14025,1,1,0,0,1,0,0,0,0,0,0,0,0,0
3362,18,924db56271c310bb,0.672281,20.0,1,13941,1,1,0,0,1,0,0,0,0,0,0,0,0,1
3363,18,c16b632d675480c3,0.50506,16.710193,0,14261,1,1,0,0,0,0,0,0,0,0,0,0,0,0
3364,18,134ec82c23dbca54,1.423086,19.511432,1,14204,1,0,0,0,1,0,0,0,0,0,0,0,0,1
3365,18,8dc4e053ecc43ced,2.112765,20.0,1,14127,2,1,0,0,1,0,0,0,0,0,0,0,0,1
3366,18,ac8bbfdb2d63ef47,1.588829,20.0,1,14107,1,1,0,0,1,0,0,0,0,0,0,0,0,1
3367,18,fd71e90a04fbf640,1.193628,20.0,1,14299,1,1,0,0,1,0,0,0,0,0,0,0,0,1
3368,18,f7160376161a8acb,0.896728,20.0,1,14214,1,1,0,0,1,0,0,0,0,0,0,0,0,0
3369,18,a384b780af80a74d,0.674352,19.881306,1,14064,1,1,0,0,0,0,0,0,0,0,0,0,0,1
3370,18,0f15cedcbb59b4a0,1.550269,18.414926,1,14356,1,0,0,0,1,0,0,0,0,0,0,0,0,0
3371,18,3b01f40134698d40,1.164659,20.0,1,14235,1,1,0,0,1,0,0,0,0,0,0,0,0,1
3372,18,1dfec478cb690cc9,1.918618,20.0,1,14421,2,1,0,0,1,0,0,0,0,0,0,0,0,1
3373,18,b064ebcdcc0fa36b,1.442828,20.0,1,14432,1,1,0,0,1,0,0,0,0,0,0,0,0,0
3374,18,f5db3aa7c00ee013,2.127596,18.849311,1,14397,1,0,0,0,0,0,0,0,0,0,0,0,0,1
3375,18,9a9b89ce55ff109a,1.598384,20.0,1,14668,1,1,0,0,1,0,0,0,0,0,0,0,0,1
3376,18,345e9bb8f19d90ec,1.202007,19.361893,1,14780,1,1,0,0,1,0,0,0,0,0,0,0,0,0
3377,18,53c6636f6958b352,0.903023,20.0,1,14825,1,1,0,0,1,0,0,0,0,0,0,0,0,1
3378,18,b18adc38a5942f01,0.678407,19.633662,1,14865,1,1,0,0,1,0,0,0,0,0,0,0,0,0
3379,18,2b2d67bafe5d0e5e,1.553316,18.228881,1,14681,1,0,0,0,0,0,0,0,0,0,0,0,0,1
3380,18,e31e66626d6a1e71,2.212266,20.0,1,14619,2,1,0,0,1,0,0,0,0,0,0,0,0,1
3381,18,63a445a1309d1ea0,1.661993,19.006978,1,14704,1,1,0,0,1,0,0,0,0,0,0,0,0,0
3382,18,10a168db4843fe8a,2.292246,17.758077,1,14592,1,0,0,0,0,0,0,0,0,0,0,0,0,1
3383,18,3dd681e8be2ba0c0,1.723802,20.0,1,14763,1,1,0,0,1,0,0,0,0,0,0,0,0,1
3384,18,ef1a073ed1dc8b95,1.295028,18.740993,1,14725,1,1,0,0,1,0,0,0,0,0,0,0,0,0
3385,18,384231bfe3d46e46,3.060213,20.0,1,14839,2,0,0,0,0,0,0,0,0,0,0,0,0,2
3386,18,9f3ec2ed06c4ce11,2.299023,19.283228,1,14472,1,1,0,0,1,0,0,0,0,0,0,0,0,0
3387,18,ce57c56caf776fed,1.728898,20.0,1,14626,1,1,0,0,1,0,0,0,0,0,0,0,0,1
3388,18,f7d25771aa5f7e2b,1.298857,20.0,1,14543,1,1,0,0,1,0,0,0,0,0,0,0,0,1
3389,18,b54ccc94f439062f,0.975783,20.0,1,14480,1,1,0,0,1,0,0,0,0,0,0,0,0,0
3390,18,7e3ebdea1022153e,1.777953,20.0,1,14402,2,1,0,0,1,0,0,0,0,0,0,0,0,1
3391,18,27f26a8859999c8f,2.379363,20.0,1,14679,1,0,0,0,0,0,0,0,0,0,0,0,0,1
3392,18,7e08f816bbad1340,1.787526,20.0,1,14308,1,1,0,0,1,0,0,0,0,0,0,0,0,1
3393,18,47091e290a05321e,1.342902,20.0,1,14558,1,1,0,0,1,0,0,0,0,0,0,0,0,1
3394,18,e51d578327ab6b43,2.054032,20.0,1,14312,2,1,0,0,1,0,0,0,0,0,0,0,0,1
3395,18,0a42b42d3e3a5e94,1.543117,20.0,1,14072,1,1,0,0,1,0,0,0,0,0,0,0,0,1
3396,18,2dbf56e2851f9017,2.20294,19.231061,0,14199,1,0,0,0,0,0,0,0,0,0,0,0,0,0
3397,18,4ae1bc5d050eff50,1.656642,20.0,1,14185,1,1,0,0,1,0,0,0,0,0,0,0,0,1
3398,18,1ed50433cf1d4dd9,1.244573,20.0,1,14354,1,1,0,0,1,0,0,0,0,0,0,0,0,1
3399,18,bdbf83bbc58d2d96,1.978655,20.0,1,14218,2,1,0,0,1,0,0,0,0,0,0,0,0,1
3400,18,3ec142812ec9e985,1.486489,20.0,1,14310,1,1,0,0,1,0,0,0,0,0,0,0,0,1
3401,18,83462be5b05166ef,1.117861,20.0,1,14368,1,1,0,0,1,0,0,0,0,0,0,0,0,0
3402,18,c36133805a6aa46c,1.883461,20.0,1,14363,1,0,0,0,0,0,0,0,0,0,0,0,0,1
3403,18,2f4c09485f987199,2.458627,20.0,1,14337,2,1,0,0,1,0,0,0,0,0,0,0,0,1
3404,18,486aeb4b292abd47,1.848923,20.0,1,14155,1,1,0,0,1,0,0,0,0,0,0,0,0,1
3405,18,785101e17d9a15f6,1.389026,20.0,1,14263,1,1,0,0,1,0,0,0,0,0,0,0,0,0
3406,18,84b111ff7e792f70,2.087177,19.455979,1,14307,1,0,0,0,0,0,0,0,0,0,0,0,0,1
3407,18,10440db69953333a,1.568018,18.095395,1,14816,1,1,0,0,1,0,0,0,0,0,0,0,0,0
3408,18,12717b1780b75e0d,1.179172,20.0,1,14102,1,1,0,0,1,0,0,0,0,0,0,0,0,1
3409,18,4dea4c8f02d25455,0.885868,20.0,1,14542,1,1,0,0,1,0,0,0,0,0,0,0,0,1
3410,18,b9b6fe8fc3dbbee8,1.709173,16.836102,0,14087,1,0,0,0,0,0,0,0,0,0,0,0,0,0
3411,18,4abae27ca3b76145,2.329473,19.621992,1,14093,2,1,0,0,1,0,0,0,0,0,0,0,0,1
3412,18,2865a98a17b8e432,1.750046,20.0,1,14120,1,1,0,0,1,0,0,0,0,0,0,0,0,1
3413,18,e44b14011e839582,2.358397,19.780461,1,14106,1,0,0,0,0,0,0,0,0,0,0,0,0,1
3414,18,1a7c0c0732bf4501,1.771776,20.0,1,13987,1,1,0,0,1,0,0,0,0,0,0,0,0,1
3415,18,3425e7935f7659b3,3.420702,19.887956,1,13455,2,0,0,0,0,0,0,0,0,0,0,0,0,1
3416,18,f0a249b00088405c,1.526192,18.419922,1,13468,0,1,0,0,1,0,0,0,0,0,0,0,0,0
3417,18,bb48805ed1ce5d8e,2.190224,20.0,1,13768,2,1,0,0,1,0,0,0,0,0,0,0,0,1
3418,18,8d2c38189040046f,2.69123,15.638804,0,13602,1,0,0,0,0,0,0,0,0,0,0,0,0,0
3419,18,36a70b6bdc3a5098,2.021821,18.706538,1,13779,1,1,0,0,1,0,0,0,0,0,0,0,0,1
3420,18,1427bbcaa20a8fea,1.518918,17.532367,1,13755,1,1,0,0,1,0,0,0,0,0,0,0,0,0
3421,18,a611fa12807c1873,2.18476,16.650257,1,13826,1,0,0,0,0,0,0,0,0,0,0,0,0,1
3422,18,bc6646b29227116f,1.642971,16.001732,1,13832,1,1,0,0,1,0,0,0,0,0,0,0,0,0
3423,18,fab1a27a0c16ce4c,1.234302,18.979192,1,13853,1,1,0,0,1,0,0,0,0,0,0,0,0,1
3424,18,33202d8213aacec0,3.014592,17.737202,1,13821,2,0,0,0,0,0,0,0,0,0,0,0,0,1
3425,18,172a5745c2ebe0a9,2.267016,20.0,1,13513,1,1,0,0,1,0,0,0,0,0,0,0,0,1
3426,18,bbb5a708ae49b288,1.703124,20.0,1,13732,1,1,0,0,1,0,0,0,0,0,0,0,0,1
3427,18,cefaeb9bbdee5c38,2.323147,16.684073,0,13736,1,0,0,0,0,0,0,0,0,0,0,0,0,0
3428,18,e6a90d13fff364fb,2.788947,19.491809,1,13662,2,1,0,0,1,0,0,0,0,0,0,0,0,1
3429,18,87c49f19aa85023b,2.097328,20.0,1,13541,1,1,0,0,1,0,0,0,0,0,0,0,0,1
3430,18,f1fc6875acc1ba07,1.575644,19.720483,1,14643,1,1,0,0,0,0,0,0,0,0,0,0,0,1
3431,18,f67349ff7bfe5706,2.227376,18.294106,1,14371,1,0,0,0,1,0,0,0,0,0,0,0,0,0
3432,18,56d568802f0324a0,1.675018,20.0,1,16086,1,1,0,0,1,0,0,0,0,0,0,0,0,1
3433,18,5e04e51f4306ac44,2.302032,20.0,1,15985,2,1,0,0,1,0,0,0,0,0,0,0,0,1
3434,18,8dad7c52e2221e22,2.773084,16.920442,0,15363,1,0,0,0,0,0,0,0,0,0,0,0,0,0
3435,18,3a3f7708be727232,2.083314,19.669384,1,15012,1,1,0,0,1,0,0,0,0,0,0,0,0,1
3436,18,3d44a5f59ee3ff08,2.610833,18.272159,1,14752,1,0,0,0,0,0,0,0,0,0,0,0,0,1
3437,18,0b09bbad67813809,1.961421,17.206035,1,14791,1,1,0,0,1,0,0,0,0,0,0,0,0,0
3438,18,df1669973eafe6e2,2.517196,16.405095,1,15634,1,0,0,0,0,0,0,0,0,0,0,0,0,1
3439,18,22f0c225189c0efc,1.892967,15.817367,1,15408,1,1,0,0,1,0,0,0,0,0,0,0,0,0
3440,18,33cd082e903a2ce1,3.509422,15.361841,1,15244,2,0,0,0,0,0,0,0,0,0,0,0,0,1
3441,18,2a501dd05b7b10bf,2.636498,18.498466,1,15515,1,1,0,0,1,0,0,0,0,0,0,0,0,1
3442,18,2351465ba230e116,1.980702,17.37605,1,15363,1,1,0,0,1,0,0,0,0,0,0,0,0,0
3443,18,239759ecf36e1df4,2.533667,16.547539,1,15260,1,0,0,0,0,0,0,0,0,0,0,0,0,1
3444,18,2f4f3eba1a83e072,2.947102,19.389237,1,13810,2,1,0,0,1,0,0,0,0,0,0,0,0,1
3445,18,24239d676cfccf5f,2.214048,18.045253,1,12827,1,1,0,0,1,0,0,0,0,0,0,0,0,0
3446,18,bec625bd345b5d8c,2.709146,17.050789,1,12976,1,0,0,0,0,0,0,0,0,0,0,0,0,1
3447,18,f67375e889665f01,2.03528,16.288465,1,13017,1,1,0,0,1,0,0,0,0,0,0,0,0,0
3448,18,7b2a85cc8fd87cf7,1.52903,19.194604,1,12910,1,1,0,0,1,0,0,0,0,0,0,0,0,1
3449,18,c7ea44e1353c7a31,1.148703,17.899033,1,12801,1,1,0,0,1,0,0,0,0,0,0,0,0,0
3450,18,f30e61fd02f902e3,0.863841,16.94083,1,12845,1,1,0,0,0,0,0,0,0,0,0,0,0,1
3451,18,d118dfae1e2198fd,1.692625,16.205857,1,12455,1,0,0,0,1,0,0,0,0,0,0,0,0,0
3452,18,ec7620d2683cb868,1.271606,19.132543,1,12525,1,1,0,0,1,0,0,0,0,0,0,0,0,1
3453,18,c238fdcef30a9758,0.956266,17.868447,1,12539,1,1,0,0,1,0,0,0,0,0,0,0,0,0
3454,18,5d9d3d58312fbe66,0.718407,20.0,1,12840,1,1,0,0,1,0,0,0,0,0,0,0,0,1
3455,18,cc1669837fa14dda,0.539712,15.311923,0,12527,1,1,0,0,0,0,0,0,0,0,0,0,0,0
3456,18,32f8f95de4a69be6,1.449119,18.460964,1,12685,1,0,0,0,1,0,0,0,0,0,0,0,0,1
3457,18,5e02151d72514ddc,1.089758,17.36341,1,12904,1,1,0,0,1,0,0,0,0,0,0,0,0,0
3458,18,369e2c2043f5411e,0.818694,20.0,1,12630,1,1,0,0,1,0,0,0,0,0,0,0,0,1
3459,18,2f38eb4d604f9f8c,1.658708,20.0,1,12454,2,1,0,0,1,0,0,0,0,0,0,0,0,1
3460,18,7941671545e3095d,1.247372,16.532711,0,12747,0,0,0,0,0,0,0,0,0,0,0,0,0,0
3461,18,ce1c9fd4b2493f1d,0.937104,19.378097,1,13181,1,1,0,0,1,0,0,0,0,0,0,0,0,1
3462,18,c763803d56e72818,0.704011,14.55804,0,13153,1,1,0,0,0,0,0,0,0,0,0,0,0,0
3463,18,53536e00fcb15c0d,1.572551,17.8946,1,13145,1,0,0,0,1,0,0,0,0,0,0,0,0,1
3464,18,ebc08dee8db455a7,1.18258,16.937496,1,13250,1,1,0,0,1,0,0,0,0,0,0,0,0,0
3465,18,e78427628e8e2898,0.888429,19.682197,1,13129,1,1,0,0,1,0,0,0,0,0,0,0,0,1
3466,18,25197c7dd0d1addb,1.711096,14.786499,0,13440,1,0,0,0,0,0,0,0,0,0,0,0,0,0
3467,18,25679c0d5a0ee6b1,1.286769,18.080661,1,13174,1,1,0,0,1,0,0,0,0,0,0,0,0,1
3468,18,81d7b5e81986b425,2.010355,17.062169,1,13339,1,0,0,0,0,0,0,0,0,0,0,0,0,1
3469,18,62fd90e1fa763a27,1.510304,16.297014,1,13383,1,1,0,0,1,0,0,0,0,0,0,0,0,0
3470,18,64e5744488193186,2.178289,19.201027,1,13258,2,1,0,0,1,0,0,0,0,0,0,0,0,1
3471,18,6daba0e78c4f2437,2.682255,17.919948,1,13314,1,0,0,0,0,0,0,0,0,0,0,0,0,1
3472,18,8354f4bdb124c5c4,2.015078,20.0,1,13462,1,1,0,0,1,0,0,0,0,0,0,0,0,1
3473,18,76bed95a285ab746,1.513852,20.0,1,13440,1,1,0,0,1,0,0,0,0,0,0,0,0,1
3474,18,f2e18921b1c71328,1.138439,20.0,1,13571,1,1,0,0,1,0,0,0,0,0,0,0,0,0
3475,18,5c263a3349f2f088,1.89892,18.691481,1,13560,1,0,0,0,0,0,0,0,0,0,0,0,0,1
3476,18,55cee2112d893b97,1.426587,17.521056,1,13422,1,1,0,0,1,0,0,0,0,0,0,0,0,0
3477,18,e634bb1afc9f10eb,1.071742,20.0,1,13545,1,1,0,0,1,0,0,0,0,0,0,0,0,1
3478,18,6fb5ac536ace86b9,0.805965,18.611482,1,13406,1,1,0,0,1,0,0,0,0,0,0,0,0,0
3479,18,afcf63df972cce92,1.649145,17.460955,1,14155,1,0,0,0,0,0,0,0,0,0,0,0,0,1
3480,19,1fd48474a6be9a50,1.238941,20.0,1,13943,1,1,0,0,1,0,0,0,0,0,0,0,0,1
3481,19,0b198662efcfc49a,0.931701,18.577528,1,14243,1,1,0,0,1,0,0,0,0,0,0,0,0,0
3482,19,fcbdd03152747088,0.699952,20.0,1,14229,1,1,0,0,1,0,0,0,0,0,0,0,0,1
3483,19,c7b8a2a9fab59ea4,2.613155,19.19097,1,14234,2,0,0,0,0,0,0,0,0,0,0,0,0,1
3484,19,241e6acbb414e8f5,1.963165,17.896303,1,14094,1,1,0,0,1,0,0,0,0,0,0,0,0,0
3485,19,fc64a472a0076c97,1.476328,20.0,1,14125,1,1,0,0,1,0,0,0,0,0,0,0,0,1
3486,19,1e870741cfb1004d,2.152764,18.819085,1,14177,1,0,0,0,0,0,0,0,0,0,0,0,0,1
3487,19,bf57db00a494f005,1.617291,17.616919,1,14152,1,1,0,0,1,0,0,0,0,0,0,0,0,0
3488,19,b9cebc1ba6e23f90,2.260376,16.728676,1,14091,2,1,0,0,0,0,0,0,0,0,0,0,0,1
3489,19,e665c14bbc29de1b,2.74179,19.525318,1,14138,1,0,0,0,1,0,0,0,0,0,0,0,0,1
3490,19,e769dc1986223560,2.059804,20.0,1,14266,1,1,0,0,1,0,0,0,0,0,0,0,0,1
3491,19,1dc6f86b0f28f527,1.547454,20.0,1,14149,1,1,0,0,1,0,0,0,0,0,0,0,0,1
3492,19,83171efae161e4f9,1.163707,20.0,1,14092,1,1,0,0,1,0,0,0,0,0,0,0,0,0
3493,19,d0f092e334d1b579,1.917903,19.203371,1,14139,1,0,0,0,0,0,0,0,0,0,0,0,0,1
3494,19,3c72e9f66e532470,2.484502,20.0,1,13859,2,1,0,0,1,0,0,0,0,0,0,0,0,1
3495,19,1fdd04fc4bd3a35e,1.868381,20.0,1,14072,1,1,0,0,1,0,0,0,0,0,0,0,0,1
3496,19,1ea3379f3547fd92,1.403645,20.0,1,14007,1,1,0,0,1,0,0,0,0,0,0,0,0,0
3497,19,f2433026cfae9a47,1.054506,19.097412,1,14085,1,1,0,0,0,0,0,0,0,0,0,0,0,1
3498,19,d0cc26dd4ca1a8f2,1.835864,17.826016,1,13959,1,0,0,0,1,0,0,0,0,0,0,0,0,0
3499,19,38a3c7ee0e61cf29,2.424747,20.0,1,13853,2,1,0,0,1,0,0,0,0,0,0,0,0,1
3500,19,e64373de38c1d3e1,1.821621,20.0,1,14031,1,1,0,0,1,0,0,0,0,0,0,0,0,1
3501,19,7addd6445d78c1a4,2.412169,20.0,1,13790,1,0,0,0,0,0,0,0,0,0,0,0,0,1
3502,19,32a2c7ad3446fe7a,1.813986,18.671651,1,13793,1,1,0,0,1,0,0,0,0,0,0,0,0,0
3503,19,c2ddba3954d1d184,1.36278,20.0,1,13919,1,1,0,0,1,0,0,0,0,0,0,0,0,1
3504,19,6665faed5439f816,1.023805,20.0,1,13946,1,1,0,0,1,0,0,0,0,0,0,0,0,1
3505,19,e2ced52540714a46,0.769147,17.070893,0,13802,1,1,0,0,0,0,0,0,0,0,0,0,0,0
3506,19,609fe1b042bd7177,1.62256,19.798558,1,13943,1,0,0,0,1,0,0,0,0,0,0,0,0,1
3507,19,a841332a0fc6c3b7,1.218969,18.352761,1,13918,1,1,0,0,1,0,0,0,0,0,0,0,0,0
3508,19,55f4672a66ea5f47,0.915766,20.0,1,13850,1,1,0,0,1,0,0,0,0,0,0,0,0,1
3509,19,c0bd9a34ec0d85ea,1.732819,15.600861,0,13926,1,0,0,0,0,0,0,0,0,0,0,0,0,0
3510,19,aabefe6d1a5d48da,1.301802,18.678033,1,13861,1,1,0,0,1,0,0,0,0,0,0,0,0,1
3511,19,1adb77769bb8b4f3,0.977995,20.0,1,13754,1,1,0,0,1,0,0,0,0,0,0,0,0,1
3512,19,a846133f73861c83,0.734731,19.247694,1,14013,1,1,0,0,1,0,0,0,0,0,0,0,0,0
3513,19,cfa8b1cf2d33ed9a,2.640829,17.955042,1,13926,2,0,0,0,0,0,0,0,0,0,0,0,0,1
3514,19,b2dca2c5d32e3a62,1.983956,20.0,1,13844,1,1,0,0,1,0,0,0,0,0,0,0,0,1
3515,19,03fd4711f4ba9bb5,2.534126,18.839641,1,13899,1,0,0,0,0,0,0,0,0,0,0,0,0,1
3516,19,4c388266f054ecb1,1.905699,17.648181,1,13788,1,1,0,0,1,0,0,0,0,0,0,0,0,0
3517,19,a7d93beeb9f4e9ec,1.43168,20.0,1,13847,1,1,0,0,1,0,0,0,0,0,0,0,0,1
3518,19,d52e6b4d1baecc93,2.119221,18.66645,1,13996,1,0,0,0,0,0,0,0,0,0,0,0,0,1
3519,19,dce3728459a0b8fa,2.635745,17.502251,1,13828,2,1,0,0,1,0,0,0,0,0,0,0,0,0
3520,19,65bced74ebceae67,1.982118,20.0,1,14047,1,1,0,0,1,0,0,0,0,0,0,0,0,1
3521,19,e63b92df0f408dfd,2.532744,18.596461,1,14034,1,0,0,0,0,0,0,0,0,0,0,0,0,1
3522,19,77f485b752b4bc3d,1.902756,20.0,1,14110,1,1,0,0,1,0,0,0,0,0,0,0,0,1
3523,19,7ec8c608ff89a34a,1.4309,19.219043,1,13941,1,1,0,0,1,0,0,0,0,0,0,0,0,0
3524,19,1cff1038343f42ec,1.074981,20.0,1,13944,1,1,0,0,1,0,0,0,0,0,0,0,0,1
3525,19,d2be0117755dd54f,2.8949,19.553038,1,13999,2,0,0,0,0,0,0,0,0,0,0,0,0,1
3526,19,02f4f30f4ab9c900,2.17483,20.0,1,13984,1,1,0,0,1,0,0,0,0,0,0,0,0,1
3527,19,a66f6bb6b5327ae3,1.635503,19.759471,1,14017,1,1,0,0,1,0,0,0,0,0,0,0,0,0
3528,19,02d179e61f86987d,1.228693,20.0,1,14096,1,1,0,0,1,0,0,0,0,0,0,0,0,1
3529,19,3d721be016dbb6be,1.966724,20.0,1,14908,2,1,0,0,1,0,0,0,0,0,0,0,0,1
3530,19,f80d4dfa7c86d3c1,0.434854,20.0,1,14741,0,1,0,0,1,0,0,0,0,0,0,0,0,0
3531,19,50e503c211fe3b76,0.32669,20.0,1,15516,1,1,0,0,1,0,0,0,0,0,0,0,0,1
3532,19,f3d83b4a37821bcd,1.289083,17.096392,0,15402,1,0,0,0,0,0,0,0,0,0,0,0,0,0
3533,19,35c44b4bcfa6a813,2.012093,19.801569,1,15358,2,1,0,0,1,0,0,0,0,0,0,0,0,1
3534,19,5f7b11efaef6fc3f,1.513123,18.371564,1,15192,1,1,0,0,1,0,0,0,0,0,0,0,0,0
3535,19,5089569c83bd6940,1.136753,20.0,1,15000,1,1,0,0,1,0,0,0,0,0,0,0,0,1
3536,19,a2ca83c1476a0162,0.854,19.074725,1,14902,1,1,0,0,1,0,0,0,0,0,0,0,0,0
3537,19,6d3572526952e8e7,0.64222,20.0,1,15432,1,1,0,0,1,0,0,0,0,0,0,0,0,1
3538,19,26fa26a6810b22e7,0.482476,20.0,1,15416,1,1,0,0,1,0,0,0,0,0,0,0,0,1
3539,19,b78ad25e16e690bc,1.406119,17.251762,0,15425,1,0,0,0,0,0,0,0,0,0,0,0,0,0
3540,19,72505ee0f1eb01d0,1.056365,19.918293,1,14992,1,1,0,0,1,0,0,0,0,0,0,0,0,1
3541,19,60d5bcf49f10f3c4,0.794402,18.459342,1,15100,1,1,0,0,1,0,0,0,0,0,0,0,0,0
3542,19,1bb60df09a0fe513,0.596804,20.0,1,15051,1,1,0,0,1,0,0,0,0,0,0,0,0,1
3543,19,cdc775044eb4f151,1.49201,15.645422,0,14088,1,0,0,0,0,0,0,0,0,0,0,0,0,0
3544,19,3d44d718d8cfd1f4,1.122013,18.726583,1,13789,1,1,0,0,1,0,0,0,0,0,0,0,0,1
3545,19,b9ecafd8ba66e702,1.88658,20.0,1,14178,2,1,0,0,1,0,0,0,0,0,0,0,0,1
3546,19,898644ba2c2518fa,1.417317,15.796251,0,13845,1,1,0,0,0,0,0,0,0,0,0,0,0,0
3547,19,d7b21d72f896b522,2.10843,18.824822,1,14039,1,0,0,0,1,0,0,0,0,0,0,0,0,1
3548,19,08f0d157e1b9e38b,1.58557,20.0,1,13849,1,1,0,0,1,0,0,0,0,0,0,0,0,1
3549,19,5c4af9d44dfc9637,1.191179,19.343661,1,13899,1,1,0,0,1,0,0,0,0,0,0,0,0,0
3550,19,ae95b38647a9e27f,1.938542,18.011014,1,13809,1,0,0,0,0,0,0,0,0,0,0,0,0,1
3551,19,77887cc8b1938e95,1.457811,17.025041,1,13720,1,1,0,0,1,0,0,0,0,0,0,0,0,0
3552,19,7a25fa02fcee5e27,1.095199,19.747966,1,13553,1,1,0,0,1,0,0,0,0,0,0,0,0,1
3553,19,3a7a4c16080c3acc,0.822782,20.0,1,13429,1,1,0,0,1,0,0,0,0,0,0,0,0,1
3554,19,70c8086b6fcee6b0,1.661779,16.372715,0,13371,1,0,0,0,0,0,0,0,0,0,0,0,0,0
3555,19,3f519e748ca0f8ba,2.293832,19.273519,1,13461,2,1,0,0,1,0,0,0,0,0,0,0,0,1
3556,19,2ee3b74f43dfb2fd,1.72327,20.0,1,13544,1,1,0,0,1,0,0,0,0,0,0,0,0,1
3557,19,1487ca850be4a87f,1.294628,20.0,1,14004,1,1,0,0,1,0,0,0,0,0,0,0,0,1
3558,19,a80cd97cb9fde335,0.973579,20.0,1,13706,1,1,0,0,1,0,0,0,0,0,0,0,0,1
3559,19,5615890e0cb6d16e,0.731414,18.259009,0,13856,1,1,0,0,0,0,0,0,0,0,0,0,0,0
3560,19,0d6efb71f8d6d8a4,2.63679,20.0,1,13613,2,0,0,0,1,0,0,0,0,0,0,0,0,1
3561,19,abaf393e18749c49,1.980922,20.0,1,13653,1,1,0,0,1,0,0,0,0,0,0,0,0,1
3562,19,dd565bc81776e2ec,1.489682,20.0,1,13668,1,1,0,0,1,0,0,0,0,0,0,0,0,1
3563,19,7b53f589aa0dbcbc,1.119142,20.0,1,13828,1,1,0,0,1,0,0,0,0,0,0,0,0,1
3564,19,9f79b60904c1b6f7,0.84077,18.701338,0,13695,1,1,0,0,0,0,0,0,0,0,0,0,0,0
3565,19,eb424c1d96fde631,1.676421,20.0,1,13632,1,0,0,0,1,0,0,0,0,0,0,0,0,1
3566,19,2d3fba791851fa5d,1.259433,20.0,1,13779,1,1,0,0,1,0,0,0,0,0,0,0,0,1
3567,19,afe9acb89a73ce7c,1.989818,20.0,1,13654,2,1,0,0,1,0,0,0,0,0,0,0,0,1
3568,19,cc7293f29537518c,0.451223,20.0,1,13706,0,1,0,0,1,0,0,0,0,0,0,0,0,0
3569,19,c7e284629153eff2,1.383476,16.203984,0,13586,1,0,0,0,0,0,0,0,0,0,0,0,0,0
3570,19,872156752ea3ebd6,2.083007,19.131136,1,13467,2,1,0,0,1,0,0,0,0,0,0,0,0,1
3571,19,99a40f4b4c26be5e,1.564886,20.0,1,13998,1,1,0,0,1,0,0,0,0,0,0,0,0,1
3572,19,a32b84742bb80bdb,2.220967,16.040612,0,13821,1,0,0,0,0,0,0,0,0,0,0,0,0,0
3573,19,4e9c0727c7eac610,1.668529,19.008401,1,13842,1,1,0,0,1,0,0,0,0,0,0,0,0,1
3574,19,cc4e0e315cedc043,1.253504,17.759146,1,13865,1,1,0,0,0,0,0,0,0,0,0,0,0,1
3575,19,6372a7b85cb4e864,1.985364,16.820627,1,13867,1,0,0,0,1,0,0,0,0,0,0,0,0,0
3576,19,429f76eaea592bd8,2.537172,19.610354,1,13711,2,1,0,0,1,0,0,0,0,0,0,0,0,1
3577,19,e4211c2d935f12d2,2.949736,18.211371,1,13885,1,0,0,0,0,0,0,0,0,0,0,0,0,1
3578,19,90f8a7525f6df21a,2.216026,17.160367,1,13901,1,1,0,0,1,0,0,0,0,0,0,0,0,0
3579,19,9c3b8cedf84d6b46,1.666484,19.865844,1,13767,1,1,0,0,1,0,0,0,0,0,0,0,0,1
3580,19,bf4548dd4274100f,2.29562,14.924466,0,13832,1,0,0,0,0,0,0,0,0,0,0,0,0,0
3581,19,585f837589749c42,1.724614,18.169882,1,13935,1,1,0,0,1,0,0,0,0,0,0,0,0,1
3582,19,296353c26515acd0,1.295638,17.129198,1,14081,1,1,0,0,1,0,0,0,0,0,0,0,0,0
3583,19,4b5d5ccd5763d172,2.018489,19.842404,1,14095,2,1,0,0,1,0,0,0,0,0,0,0,0,1
3584,19,da660d0f35e48633,1.516415,18.385701,1,14190,1,1,0,0,0,0,0,0,0,0,0,0,0,1
3585,19,aeda045cdb1feaef,2.182879,20.0,1,14114,1,0,0,0,1,0,0,0,0,0,0,0,0,1
3586,19,c5419601fc710a7c,1.641556,19.099972,1,14038,1,1,0,0,1,0,0,0,0,0,0,0,0,0
3587,19,570db80c53aed624,1.23324,20.0,1,14200,1,1,0,0,1,0,0,0,0,0,0,0,0,1
3588,19,f0791279097ae2f1,0.926487,20.0,1,14377,1,1,0,0,1,0,0,0,0,0,0,0,0,1
3589,19,462a40ab3499cd4f,0.696035,20.0,1,14061,1,1,0,0,1,0,0,0,0,0,0,0,0,0
3590,19,011b6b44f013cf91,2.611729,19.070772,1,14428,2,0,0,0,0,0,0,0,0,0,0,0,0,1
3591,19,c744b563daadaab8,1.962095,20.0,1,14324,1,1,0,0,1,0,0,0,0,0,0,0,0,1
3592,19,670e7192e24f3e70,1.474048,19.469355,1,14308,1,1,0,0,1,0,0,0,0,0,0,0,0,0
3593,19,890b97c68f4c48f8,1.108505,20.0,1,14322,1,1,0,0,1,0,0,0,0,0,0,0,0,1
3594,19,c38ea839c84d61a0,0.832779,20.0,1,14388,1,1,0,0,1,0,0,0,0,0,0,0,0,1
3595,19,ab8844b15f7a5a57,0.625635,20.0,1,14574,1,1,0,0,1,0,0,0,0,0,0,0,0,0
3596,19,480edc3b078aad00,0.470017,20.0,1,14489,1,1,0,0,1,0,0,0,0,0,0,0,0,1
3597,19,b025e2057777baf9,1.39761,20.0,1,14597,2,1,0,0,0,0,0,0,0,0,0,0,0,1
3598,19,a34328f341a9f924,2.093625,18.894286,1,14928,1,0,0,0,1,0,0,0,0,0,0,0,0,0
3599,19,f2128e4d53839433,1.572862,20.0,1,15002,1,1,0,0,1,0,0,0,0,0,0,0,0,1
3600,19,c4460067a462c5e1,1.182815,20.0,1,15139,1,1,0,0,1,0,0,0,0,0,0,0,0,1
3601,19,69c27ed3aef6a6d7,0.888605,20.0,1,15039,1,1,0,0,1,0,0,0,0,0,0,0,0,0
3602,19,001247b6f86a6f2f,0.667575,18.998857,1,15043,1,1,0,0,0,0,0,0,0,0,0,0,0,1
3603,19,6c4c9d0ee648a2f0,2.588831,20.0,1,15081,2,0,0,0,1,0,0,0,0,0,0,0,0,1
3604,19,319cc7c22c364c9e,1.946838,19.446381,1,14889,1,1,0,0,1,0,0,0,0,0,0,0,0,0
3605,19,a53bba5bea3f35b1,1.462587,20.0,1,14841,1,1,0,0,1,0,0,0,0,0,0,0,0,1
3606,19,29f3df08a6232b20,2.14244,16.202502,0,14865,1,0,0,0,0,0,0,0,0,0,0,0,0,0
3607,19,bde2ffdb543c0ff1,1.611145,19.145516,1,14917,1,1,0,0,1,0,0,0,0,0,0,0,0,1
3608,19,a2aa508cd48c82c0,2.254047,20.0,1,14868,2,1,0,0,1,0,0,0,0,0,0,0,0,1
3609,19,3bd60a5b20fe261a,1.693381,16.032695,0,14924,1,1,0,0,0,0,0,0,0,0,0,0,0,0
3610,19,d76c71164c540636,2.315827,19.002453,1,14896,1,0,0,0,1,0,0,0,0,0,0,0,0,1
3611,19,dd7e330da7badc73,1.741535,17.770618,1,14643,1,1,0,0,1,0,0,0,0,0,0,0,0,0
3612,19,9668c027bcbdb625,1.30835,20.0,1,14763,1,1,0,0,1,0,0,0,0,0,0,0,0,1
3613,19,bd519aff8139d57a,2.026568,20.0,1,14549,2,1,0,0,1,0,0,0,0,0,0,0,0,1
3614,19,54e3da760208f447,1.524008,20.0,1,14336,1,1,0,0,0,0,0,0,0,0,0,0,0,1
3615,19,fae2fc6923b57a08,2.188584,20.0,1,14437,1,0,0,0,1,0,0,0,0,0,0,0,0,1
3616,19,b76a0c121e4ae58a,2.687854,20.0,1,14372,2,1,0,0,1,0,0,0,0,0,0,0,0,1
3617,19,fb6a415da99b2d91,2.019285,20.0,1,14461,1,1,0,0,1,0,0,0,0,0,0,0,0,0
3618,19,5eb49279df5d1935,1.518531,20.0,1,14584,1,1,0,0,1,0,0,0,0,0,0,0,0,1
3619,19,28797217ef40326a,1.140815,20.0,1,14282,1,1,0,0,1,0,0,0,0,0,0,0,0,0
3620,19,18c5e6afe631c4eb,0.857052,20.0,1,14166,1,1,0,0,1,0,0,0,0,0,0,0,0,1
3621,19,156a463583b47b79,1.688666,20.0,1,14225,1,0,0,0,0,0,0,0,0,0,0,0,0,1
3622,19,c335ef08cfbe05f1,2.312285,20.0,1,14018,2,1,0,0,1,0,0,0,0,0,0,0,0,1
3623,19,0f1c3ef5931f80b2,1.737133,20.0,1,14298,1,1,0,0,1,0,0,0,0,0,0,0,0,1
3624,19,c4c689676d6dc6f4,1.305043,20.0,1,14161,1,1,0,0,1,0,0,0,0,0,0,0,0,0
3625,19,332e19cc94dee516,2.025562,19.484245,1,13958,1,0,0,0,0,0,0,0,0,0,0,0,0,1
3626,19,5b9d348cf5511246,1.521729,18.11663,1,14334,1,1,0,0,1,0,0,0,0,0,0,0,0,0
3627,19,20a366aaa4dbebc3,1.143218,20.0,1,14261,1,1,0,0,1,0,0,0,0,0,0,0,0,1
3628,19,9a8fef16e589a03c,0.859716,18.947958,1,14162,1,1,0,0,1,0,0,0,0,0,0,0,0,0
3629,19,28745f2bf4d33fdf,1.689526,17.713737,1,14100,1,0,0,0,0,0,0,0,0,0,0,0,0,1
3630,19,ae3f96e37517ba81,2.312931,20.0,1,13921,2,1,0,0,1,0,0,0,0,0,0,0,0,1
3631,19,d56ae6f0cd4e6d16,1.737619,20.0,1,13708,1,1,0,0,1,0,0,0,0,0,0,0,0,1
3632,19,8bf3152732956f6d,2.350864,20.0,1,13827,1,0,0,0,0,0,0,0,0,0,0,0,0,1
3633,19,a46e758ef3ad8a16,1.766117,18.625729,1,13832,1,1,0,0,1,0,0,0,0,0,0,0,0,0
3634,19,53520bac9be84ce5,1.326817,20.0,1,14010,1,1,0,0,1,0,0,0,0,0,0,0,0,1
3635,19,7585dd79dc66eb1f,2.041936,15.755077,0,13754,1,0,0,0,0,0,0,0,0,0,0,0,0,0
3636,19,8842b9d100546933,1.53403,18.793889,1,13886,1,1,0,0,1,0,0,0,0,0,0,0,0,1
3637,19,0a9252de2fa32477,2.196113,17.597991,1,13668,1,0,0,0,0,0,0,0,0,0,0,0,0,1
3638,19,0fbc1ef5f31b140e,2.693511,16.699557,1,13811,2,1,0,0,1,0,0,0,0,0,0,0,0,0
3639,19,de5f561d55dc0caa,2.025559,16.038807,1,13634,1,1,0,0,0,0,0,0,0,0,0,0,0,1
3640,19,7a6f0e69c96231af,2.56538,15.5282,1,13613,1,0,0,0,1,0,0,0,0,0,0,0,0,0
3641,19,7cfb0f8dbb4e15bf,1.927274,18.623446,1,13568,1,1,0,0,1,0,0,0,0,0,0,0,0,1
3642,19,135bafb562374559,1.449337,17.485598,1,13499,1,1,0,0,0,0,0,0,0,0,0,0,0,1
3643,19,e4024dcae5ce739c,2.132486,16.615121,1,13325,1,0,0,0,1,0,0,0,0,0,0,0,0,0
3644,19,53a513b671f9d5ea,1.602057,19.440008,1,13522,1,1,0,0,1,0,0,0,0,0,0,0,0,1
3645,19,b38b06f9cfe18e72,2.247219,18.083396,1,13500,1,0,0,0,0,0,0,0,0,0,0,0,0,1
3646,19,7600f89de772ccd4,1.689941,17.079473,1,13600,1,1,0,0,1,0,0,0,0,0,0,0,0,0
3647,19,e0dc3b47365ceeaa,2.313243,19.788859,1,13489,2,1,0,0,1,0,0,0,0,0,0,0,0,1
3648,19,2ba5efb1b9439e90,1.737853,20.0,1,13354,1,1,0,0,1,0,0,0,0,0,0,0,0,1
3649,19,dda1713a01b75506,2.351041,16.412199,0,13378,1,0,0,0,0,0,0,0,0,0,0,0,0,0
3650,19,bfa08543740e614d,1.766249,19.287561,1,13329,1,1,0,0,1,0,0,0,0,0,0,0,0,1
3651,19,52e10fc0babb4eea,1.326917,20.0,1,13384,1,1,0,0,1,0,0,0,0,0,0,0,0,1
3652,19,c8a21cbbe737395f,0.996863,19.591709,1,13241,1,1,0,0,1,0,0,0,0,0,0,0,0,0
3653,19,5ec401aac571529b,1.793806,18.213746,1,13198,1,0,0,0,0,0,0,0,0,0,0,0,0,1
3654,19,4f6fd3509554f2bc,1.347619,20.0,1,13173,1,1,0,0,1,0,0,0,0,0,0,0,0,1
3655,19,5bd33c278e4c71a8,1.012416,18.985653,1,13287,1,1,0,0,1,0,0,0,0,0,0,0,0,0
3656,19,0039f0d688fa3e57,1.805502,17.757983,1,12993,1,0,0,0,0,0,0,0,0,0,0,0,0,1
3657,19,c99e047e52c151a6,1.356406,16.819754,1,13272,1,1,0,0,1,0,0,0,0,0,0,0,0,0
3658,19,50d33b6b683939c1,1.019017,19.593741,1,14238,1,1,0,0,1,0,0,0,0,0,0,0,0,1
3659,19,f4b78c421d167f51,2.852856,18.19889,1,14108,2,0,0,0,0,0,0,0,0,0,0,0,0,1
3660,19,1c32cf88e3870692,2.145388,17.166326,1,13794,1,1,0,0,1,0,0,0,0,0,0,0,0,0
3661,19,351ea773a2a8bb1c,1.61175,19.854108,1,13843,1,1,0,0,1,0,0,0,0,0,0,0,0,1
3662,19,9b90d7099bad3a77,2.254501,14.915649,0,16452,1,0,0,0,0,0,0,0,0,0,0,0,0,0
3663,19,1766bd1ed69774d8,1.695417,18.177784,1,16613,1,1,0,0,1,0,0,0,0,0,0,0,0,1
3664,19,f774c1fc0c589848,1.273703,13.65629,0,16610,1,1,0,0,0,0,0,0,0,0,0,0,0,0
3665,19,b5d704f8e16c1be7,2.000539,17.217149,1,16672,1,0,0,0,1,0,0,0,0,0,0,0,0,1
3666,19,5aa7ade52df661d2,2.546584,19.892289,1,16566,2,1,0,0,1,0,0,0,0,0,0,0,0,1
3667,19,bf234fd6746762b8,2.959218,18.439787,1,16613,1,0,0,0,0,0,0,0,0,0,0,0,0,1
3668,19,a9c04bbcccd9ff60,2.22315,17.331967,1,16883,1,1,0,0,1,0,0,0,0,0,0,0,0,0
3669,19,a1498b09de3c8721,2.713823,19.978548,1,16574,2,1,0,0,1,0,0,0,0,0,0,0,0,1
3670,19,a1eae7fe0a94329d,3.084984,20.0,1,16367,1,0,0,0,0,0,0,0,0,0,0,0,0,2
3671,19,223b6d0c60e6dcf4,3.361286,19.995471,1,16125,2,1,0,0,1,0,0,0,0,0,0,0,0,0
3672,19,ef6ed78008f0a3da,2.525209,20.0,1,15461,1,1,0,0,1,0,0,0,0,0,0,0,0,1
3673,19,7f1c742c4f58648f,1.897095,19.99125,1,15094,1,1,0,0,1,0,0,0,0,0,0,0,0,0
3674,19,4df19c7e42379ffc,3.514943,18.514207,1,13743,2,0,0,0,0,0,0,0,0,0,0,0,0,1
3675,19,bf83086c8b2a376e,2.640646,20.0,1,12156,1,1,0,0,1,0,0,0,0,0,0,0,0,1
3676,19,d4e774755467217d,1.983818,20.0,1,12572,1,1,0,0,1,0,0,0,0,0,0,0,0,1
3677,19,1b723bb2d256d78a,1.49186,20.0,1,12800,1,1,0,0,1,0,0,0,0,0,0,0,0,0
3678,19,4e20c0b1849bab64,2.164432,18.880967,1,12810,1,0,0,0,0,0,0,0,0,0,0,0,0,1
3679,19,7a969a7e57e8e7dd,1.626057,17.663409,1,12802,1,1,0,0,1,0,0,0,0,0,0,0,0,0
3680,20,1fd48474a6be9a50,1.221596,20.0,1,13924,1,1,0,0,1,0,0,0,0,0,0,0,0,1
3681,20,0b198662efcfc49a,1.962808,15.211405,0,14153,1,0,0,0,0,0,0,0,0,0,0,0,0,0
3682,20,fcbdd03152747088,1.474584,18.385449,1,14348,1,1,0,0,1,0,0,0,0,0,0,0,0,1
3683,20,c7b8a2a9fab59ea4,1.1078,17.291145,1,14262,1,1,0,0,1,0,0,0,0,0,0,0,0,0
3684,20,241e6acbb414e8f5,1.877232,16.483689,1,14279,1,0,0,0,0,0,0,0,0,0,0,0,0,1
3685,20,fc64a472a0076c97,1.410294,15.862424,1,14022,1,1,0,0,1,0,0,0,0,0,0,0,0,0
3686,20,1e870741cfb1004d,1.059501,15.395691,1,14321,1,1,0,0,0,0,0,0,0,0,0,0,0,1
3687,20,bf57db00a494f005,2.88327,18.523896,1,14159,2,0,0,0,1,0,0,0,0,0,0,0,0,1
3688,20,b9cebc1ba6e23f90,2.16826,20.0,1,13894,1,1,0,0,1,0,0,0,0,0,0,0,0,1
3689,20,e665c14bbc29de1b,1.628933,19.17365,1,14204,1,1,0,0,1,0,0,0,0,0,0,0,0,0
3690,20,e769dc1986223560,2.26741,17.883291,1,14350,1,0,0,0,0,0,0,0,0,0,0,0,0,1
3691,20,1dc6f86b0f28f527,1.705125,20.0,1,14013,1,1,0,0,1,0,0,0,0,0,0,0,0,1
3692,20,83171efae161e4f9,2.32465,20.0,1,14193,2,1,0,0,1,0,0,0,0,0,0,0,0,1
3693,20,d0f092e334d1b579,1.746422,20.0,1,13993,1,1,0,0,1,0,0,0,0,0,0,0,0,1
3694,20,3c72e9f66e532470,2.355675,20.0,1,13975,1,0,0,0,0,0,0,0,0,0,0,0,0,1
3695,20,1fdd04fc4bd3a35e,1.771501,19.488327,1,14034,1,1,0,0,1,0,0,0,0,0,0,0,0,0
3696,20,1ea3379f3547fd92,1.330863,20.0,1,13957,1,1,0,0,1,0,0,0,0,0,0,0,0,1
3697,20,f2433026cfae9a47,0.999827,19.705021,1,14117,1,1,0,0,1,0,0,0,0,0,0,0,0,0
3698,20,d0cc26dd4ca1a8f2,1.796035,18.298958,1,13931,1,0,0,0,0,0,0,0,0,0,0,0,0,1
3699,20,38a3c7ee0e61cf29,2.392947,20.0,1,14053,2,1,0,0,1,0,0,0,0,0,0,0,0,1
3700,20,e64373de38c1d3e1,1.797732,19.033746,1,13842,1,1,0,0,1,0,0,0,0,0,0,0,0,0
3701,20,7addd6445d78c1a4,2.394222,17.778187,1,13940,1,0,0,0,0,0,0,0,0,0,0,0,0,1
3702,20,32a2c7ad3446fe7a,1.800489,16.849951,1,13819,1,1,0,0,1,0,0,0,0,0,0,0,0,0
3703,20,c2ddba3954d1d184,1.35264,19.616428,1,13878,1,1,0,0,1,0,0,0,0,0,0,0,0,1
3704,20,6665faed5439f816,1.016188,14.737089,0,13937,1,1,0,0,0,0,0,0,0,0,0,0,0,0
3705,20,e2ced52540714a46,2.852489,18.043504,1,13811,2,0,0,0,1,0,0,0,0,0,0,0,0,1
3706,20,609fe1b042bd7177,2.142968,20.0,1,13826,1,1,0,0,1,0,0,0,0,0,0,0,0,1
3707,20,a841332a0fc6c3b7,1.609932,18.889569,1,13926,1,1,0,0,1,0,0,0,0,0,0,0,0,0
3708,20,55f4672a66ea5f47,0.165828,17.669872,1,13879,0,1,0,0,1,0,0,0,0,0,0,0,0,0
3709,20,c0bd9a34ec0d85ea,2.213006,16.768497,1,13940,2,0,0,0,0,0,0,0,0,0,0,0,0,1
3710,20,aabefe6d1a5d48da,1.662549,19.555234,1,13765,1,1,0,0,1,0,0,0,0,0,0,0,0,1
3711,20,3a430dc208632016,1.249011,18.169961,1,13821,1,1,0,0,0,0,0,0,0,0,0,0,0,1
3712,20,80aa2168e796d8f4,1.983424,17.144571,1,13765,1,0,0,0,1,0,0,0,0,0,0,0,0,0
3713,20,f7ccb287b0e2aba7,1.490073,19.837764,1,14059,1,1,0,0,1,0,0,0,0,0,0,0,0,1
3714,20,2112fa62c82cb6c3,1.119436,18.382215,1,13942,1,1,0,0,0,0,0,0,0,0,0,0,0,1
3715,20,542d2ce96e80afc1,2.928297,20.0,1,13961,2,0,0,0,1,0,0,0,0,0,0,0,0,1
3716,20,6e60a9a40289d397,2.202121,20.0,1,13812,1,1,0,0,1,0,0,0,0,0,0,0,0,1
3717,20,0d28e31d51bf6ee7,2.698025,16.962387,0,13912,1,0,0,0,0,0,0,0,0,0,0,0,0,0
3718,20,1cc2b0b192026c8b,2.026925,19.700896,1,13837,1,1,0,0,1,0,0,0,0,0,0,0,0,1
3719,20,1248b02762c2799a,1.524277,20.0,1,13942,1,1,0,0,1,0,0,0,0,0,0,0,0,1
3720,20,3686db50da6353c5,1.145132,19.838608,1,13927,1,1,0,0,1,0,0,0,0,0,0,0,0,0
3721,20,07a5e51a719ae67e,1.903948,20.0,1,14008,2,1,0,0,1,0,0,0,0,0,0,0,0,1
3722,20,f655ac8ba190f916,2.474018,19.902718,1,13870,1,0,0,0,0,0,0,0,0,0,0,0,0,1
3723,20,325ebdd9684b3bb7,1.860497,20.0,1,13940,1,1,0,0,1,0,0,0,0,0,0,0,0,1
3724,20,593a63171182bcc9,1.397722,20.0,1,14036,1,1,0,0,1,0,0,0,0,0,0,0,0,1
3725,20,fea3afae1d5e82a1,1.050056,20.0,1,13794,1,1,0,0,1,0,0,0,0,0,0,0,0,0
3726,20,75c8e4d4eb1f954a,0.789657,19.334493,1,13908,1,1,0,0,0,0,0,0,0,0,0,0,0,1
3727,20,ed24118e49d88808,1.636893,20.0,1,14127,1,0,0,0,1,0,0,0,0,0,0,0,0,1
3728,20,5f042e16c0d0227a,1.229737,19.618197,1,14006,1,1,0,0,1,0,0,0,0,0,0,0,0,0
3729,20,9184a8af73eec352,1.967509,20.0,1,14066,2,1,0,0,1,0,0,0,0,0,0,0,0,1
3730,20,aa78ae7b2bfbcf56,1.479595,20.0,1,13948,1,1,0,0,1,0,0,0,0,0,0,0,0,1
3731,20,326f7b583d7cdea0,1.111564,17.486979,0,13994,1,1,0,0,0,0,0,0,0,0,0,0,0,0
3732,20,ae21bc53077fff73,1.87873,20.0,1,15122,1,0,0,0,1,0,0,0,0,0,0,0,0,1
3733,20,80d6d8d47dd11747,1.412832,20.0,1,14467,1,1,0,0,1,0,0,0,0,0,0,0,0,1
3734,20,46ce0e9108a1f8f0,1.061408,20.0,1,14307,1,1,0,0,1,0,0,0,0,0,0,0,0,0
3735,20,6b08240ca1e3cced,1.841049,18.550121,1,15290,1,0,0,0,0,0,0,0,0,0,0,0,0,1
3736,20,5919baaa355e80a1,1.383111,17.414857,1,14997,1,1,0,0,1,0,0,0,0,0,0,0,0,0
3737,20,ba97b9556e50cbe2,1.04012,20.0,1,14515,1,1,0,0,1,0,0,0,0,0,0,0,0,1
3738,20,0d797e10312d0a21,0.781403,18.547087,1,14519,1,1,0,0,1,0,0,0,0,0,0,0,0,0
3739,20,35a728c22689f2d3,1.630692,17.412578,1,14268,1,0,0,0,0,0,0,0,0,0,0,0,0,1
3740,20,e257f06f391c1e1e,1.226304,20.0,1,14256,1,1,0,0,1,0,0,0,0,0,0,0,0,1
3741,20,d2dfa6aef87de053,0.921276,18.5458,1,14762,1,1,0,0,1,0,0,0,0,0,0,0,0,0
3742,20,12c41d3898fc38fe,1.735774,17.41161,1,14408,2,1,0,0,0,0,0,0,0,0,0,0,0,1
3743,20,03deb03d15b143d0,2.347675,20.0,1,14615,1,0,0,0,1,0,0,0,0,0,0,0,0,1
3744,20,739a2aa79eb72619,1.765485,20.0,1,14329,1,1,0,0,1,0,0,0,0,0,0,0,0,1
3745,20,d588a1fd82aa935f,1.326343,20.0,1,14530,1,1,0,0,1,0,0,0,0,0,0,0,0,0
3746,20,4eab43b5271ff955,2.040085,18.526089,1,14679,1,0,0,0,0,0,0,0,0,0,0,0,0,1
3747,20,ebd9701e9765a989,2.578324,20.0,1,14022,2,1,0,0,1,0,0,0,0,0,0,0,0,1
3748,20,6cae7daf6552cf36,1.936998,19.174889,1,13814,1,1,0,0,1,0,0,0,0,0,0,0,0,0
3749,20,54a68e1f36c35796,1.455194,20.0,1,14013,1,1,0,0,1,0,0,0,0,0,0,0,0,1
3750,20,74e310726eb81506,2.136886,16.049273,0,13797,1,0,0,0,0,0,0,0,0,0,0,0,0,0
3751,20,54930fcf028bbf83,1.606969,19.030286,1,13662,1,1,0,0,1,0,0,0,0,0,0,0,0,1
3752,20,59e8597eb8510bc2,1.207256,20.0,1,13554,1,1,0,0,1,0,0,0,0,0,0,0,0,1
3753,20,1b5417e10524238f,0.906966,19.446504,1,13552,1,1,0,0,1,0,0,0,0,0,0,0,0,0
3754,20,dcb79c4e02306239,1.726202,18.10455,1,13516,2,1,0,0,0,0,0,0,0,0,0,0,0,1
3755,20,dae612cf29bf49bd,2.340484,20.0,1,13979,1,0,0,0,1,0,0,0,0,0,0,0,0,1
3756,20,2546fedada8ef622,1.758318,20.0,1,13760,1,1,0,0,1,0,0,0,0,0,0,0,0,1
3757,20,d2a50df63c9b5616,1.320959,20.0,1,13772,1,1,0,0,1,0,0,0,0,0,0,0,0,1
3758,20,83face6a670b2da4,0.99338,20.0,1,13875,1,1,0,0,1,0,0,0,0,0,0,0,0,0
3759,20,7e06b106a0b2d4f5,0.746289,20.0,1,13712,1,1,0,0,1,0,0,0,0,0,0,0,0,1
3760,20,c2457231479bfd70,1.604313,20.0,1,13554,1,0,0,0,0,0,0,0,0,0,0,0,0,1
3761,20,1a6590a125520d25,1.206466,19.097396,1,13563,1,1,0,0,1,0,0,0,0,0,0,0,0,0
3762,20,362145e99fc73f9d,0.906373,20.0,1,13670,1,1,0,0,1,0,0,0,0,0,0,0,0,1
3763,20,0354fa75e9fe3156,0.680924,19.484381,1,13579,1,1,0,0,1,0,0,0,0,0,0,0,0,0
3764,20,895b5a48e1ff1826,1.555206,20.0,1,13750,2,1,0,0,1,0,0,0,0,0,0,0,0,1
3765,20,408ede27127609df,2.213688,19.720683,1,13753,1,0,0,0,0,0,0,0,0,0,0,0,0,1
3766,20,d7548dceee1758cd,0.619407,18.294256,1,13699,0,1,0,0,1,0,0,0,0,0,0,0,0,0
3767,20,0913a9657e8b9035,0.465338,17.222635,1,13575,1,1,0,0,1,0,0,0,0,0,0,0,0,0
3768,20,b7ae6319a246987c,1.394091,16.432169,1,13545,1,0,0,0,0,0,0,0,0,0,0,0,0,1
3769,20,a3df570f6defa90e,2.090982,19.302563,1,13531,2,1,0,0,1,0,0,0,0,0,0,0,0,1
3770,20,7d62a69f67668573,1.570876,20.0,1,13530,1,1,0,0,1,0,0,0,0,0,0,0,0,1
3771,20,a6184ac53f5421ca,1.180141,19.600176,1,13797,1,1,0,0,1,0,0,0,0,0,0,0,0,0
3772,20,207c9d2f36caef47,1.931633,18.220114,1,13678,1,0,0,0,0,0,0,0,0,0,0,0,0,1
3773,20,97e45f13e38ba86e,1.451164,17.166935,1,13785,1,1,0,0,1,0,0,0,0,0,0,0,0,0
3774,20,81c0f8dea6ff765f,2.133858,16.375721,1,13837,1,0,0,0,0,0,0,0,0,0,0,0,0,1
3775,20,6cb4fbf1315fca23,1.604692,15.795277,1,13757,1,1,0,0,1,0,0,0,0,0,0,0,0,0
3776,20,0625da98fbaf99f3,1.205545,18.82409,1,13979,1,1,0,0,1,0,0,0,0,0,0,0,0,1
3777,20,bcfc3a26599ce631,2.992988,17.62068,1,13847,2,0,0,0,0,0,0,0,0,0,0,0,0,1
3778,20,7dd9042445e3fe32,2.24852,20.0,1,13871,1,1,0,0,1,0,0,0,0,0,0,0,0,1
3779,20,f1bd783ed3a3753e,1.690919,20.0,1,13622,1,1,0,0,1,0,0,0,0,0,0,0,0,1
3780,20,d023846184d77be4,1.270324,16.639165,0,13810,1,1,0,0,0,0,0,0,0,0,0,0,0,0
3781,20,e86440cb5d43de1a,3.041654,19.458072,1,13852,2,0,0,0,1,0,0,0,0,0,0,0,0,1
3782,20,7f3cea37fa417c3f,2.287367,20.0,1,13672,1,1,0,0,1,0,0,0,0,0,0,0,0,1
3783,20,dfabbf592f77c42a,1.718413,20.0,1,13810,1,1,0,0,1,0,0,0,0,0,0,0,0,1
3784,20,7d1b0d0b744cf683,1.29098,20.0,1,13898,1,1,0,0,1,0,0,0,0,0,0,0,0,0
3785,20,f6162da659a9e045,3.057171,19.175209,1,13793,2,0,0,0,0,0,0,0,0,0,0,0,0,1
3786,20,077d6b1964b1e91d,2.299037,20.0,1,13989,1,1,0,0,1,0,0,0,0,0,0,0,0,1
3787,20,acea9cfb5184bec2,1.72718,19.541616,1,14085,1,1,0,0,1,0,0,0,0,0,0,0,0,0
3788,20,3e0e85d85a91379e,1.297566,20.0,1,14151,1,1,0,0,1,0,0,0,0,0,0,0,0,1
3789,20,b6a1a549d91013ab,0.975788,16.272517,0,13970,1,1,0,0,0,0,0,0,0,0,0,0,0,0
3790,20,50679186badecdab,0.733073,19.182622,1,14162,1,1,0,0,1,0,0,0,0,0,0,0,0,1
3791,20,0db762e8e2c55ca8,1.594384,20.0,1,14243,1,0,0,0,1,0,0,0,0,0,0,0,0,1
3792,20,aed65695d4a0a50b,1.197801,19.532482,1,14171,1,1,0,0,1,0,0,0,0,0,0,0,0,0
3793,20,538a8f5c055f7e63,0.900763,20.0,1,14052,1,1,0,0,1,0,0,0,0,0,0,0,0,1
3794,20,bb9cfc40807705c8,0.67671,19.743461,1,14250,1,1,0,0,1,0,0,0,0,0,0,0,0,0
3795,20,7dbe7209e90c6256,2.595694,18.311369,1,14250,2,0,0,0,0,0,0,0,0,0,0,0,0,1
3796,20,131b1e355591d43a,1.951999,20.0,1,14244,1,1,0,0,1,0,0,0,0,0,0,0,0,1
3797,20,22b2386469d76d70,1.466464,20.0,1,14125,1,1,0,0,1,0,0,0,0,0,0,0,0,1
3798,20,3e87af46d42e752d,1.101699,20.0,1,14331,1,1,0,0,1,0,0,0,0,0,0,0,0,0
3799,20,1425408a3fd59623,1.871319,18.80957,1,14436,1,0,0,0,0,0,0,0,0,0,0,0,0,1
3800,20,b23eef505d75d4be,1.407258,20.0,1,14788,1,1,0,0,1,0,0,0,0,0,0,0,0,1
3801,20,ed016399fe55aa5d,1.057221,19.335045,1,14793,1,1,0,0,1,0,0,0,0,0,0,0,0,0
3802,20,cca435cf02ba5de8,0.79425,18.004541,1,15023,1,1,0,0,0,0,0,0,0,0,0,0,0,1
3803,20,2d354fd8f6f51ed9,1.641438,20.0,1,14694,1,0,0,0,1,0,0,0,0,0,0,0,0,1
3804,20,d8419ad3b643d81d,1.233151,18.880235,1,14706,1,1,0,0,1,0,0,0,0,0,0,0,0,0
3805,20,f75c9557093c0148,1.970074,20.0,1,14606,2,1,0,0,1,0,0,0,0,0,0,0,0,1
3806,20,dc3ebe85ede7a9e2,2.523696,19.361816,1,14846,1,0,0,0,0,0,0,0,0,0,0,0,0,1
3807,20,c89a61001410183a,1.897855,20.0,1,14638,1,1,0,0,1,0,0,0,0,0,0,0,0,1
3808,20,6a6d312c77a9fe8e,2.469441,19.647042,1,14620,1,0,0,0,0,0,0,0,0,0,0,0,0,1
3809,20,c2fab97f40167c66,1.855199,18.238932,1,14745,1,1,0,0,1,0,0,0,0,0,0,0,0,0
3810,20,a6a3125414c42f3c,2.439286,20.0,1,14577,2,1,0,0,1,0,0,0,0,0,0,0,0,1
3811,20,aea3ce58d5078903,1.832545,20.0,1,14619,1,1,0,0,1,0,0,0,0,0,0,0,0,1
3812,20,9efeaae3c2c4d644,1.376722,20.0,1,14636,1,1,0,0,1,0,0,0,0,0,0,0,0,1
3813,20,2d6d8f0cf2cc2b6d,1.03428,17.921154,0,14459,1,1,0,0,0,0,0,0,0,0,0,0,0,0
3814,20,d3867643d57d8110,1.821944,20.0,1,14303,1,0,0,0,1,0,0,0,0,0,0,0,0,1
3815,20,749d1b8aabee65b9,2.412412,20.0,1,14403,2,1,0,0,1,0,0,0,0,0,0,0,0,1
3816,20,52ce7b3c72646e88,1.812355,20.0,1,14094,1,1,0,0,1,0,0,0,0,0,0,0,0,1
3817,20,9416c3e0bcaa5a89,2.407067,17.837656,0,14166,1,0,0,0,0,0,0,0,0,0,0,0,0,0
3818,20,5fd7c08e3d608250,1.80834,20.0,1,14417,1,1,0,0,1,0,0,0,0,0,0,0,0,1
3819,20,ef119a8b81e9ece7,2.402191,20.0,1,14306,2,1,0,0,1,0,0,0,0,0,0,0,0,1
3820,20,f2b316b080950a72,2.84833,20.0,1,14235,1,0,0,0,0,0,0,0,0,0,0,0,0,1
3821,20,66cc977ce6542456,2.141985,18.668269,1,14128,1,1,0,0,1,0,0,0,0,0,0,0,0,0
3822,20,dbca66b99946930c,1.609193,20.0,1,14095,1,1,0,0,1,0,0,0,0,0,0,0,0,1
3823,20,49a5876e1ccb7da8,1.208927,19.242183,1,14316,1,1,0,0,1,0,0,0,0,0,0,0,0,0
3824,20,9ab0d2ad5060c560,0.90913,20.0,1,14047,1,1,0,0,1,0,0,0,0,0,0,0,0,1
3825,20,db08f0a98d226fae,2.770302,19.579454,1,14069,2,0,0,0,0,0,0,0,0,0,0,0,0,1
3826,20,00e7d1693420bc27,2.081224,20.0,1,14120,1,1,0,0,1,0,0,0,0,0,0,0,0,1
3827,21,1fd48474a6be9a50,1.563546,19.756452,1,13876,1,1,0,0,1,0,0,0,0,0,0,0,0,0
3828,21,0b198662efcfc49a,1.175809,20.0,1,14214,1,1,0,0,1,0,0,0,0,0,0,0,0,1
3829,21,fcbdd03152747088,1.926995,19.869995,1,14285,1,0,0,0,0,0,0,0,0,0,0,0,0,1
3830,21,c7b8a2a9fab59ea4,1.447679,20.0,1,14152,1,1,0,0,1,0,0,0,0,0,0,0,0,1
3831,21,241e6acbb414e8f5,2.132826,16.458038,0,14223,1,0,0,0,0,0,0,0,0,0,0,0,0,0
3832,21,fc64a472a0076c97,1.602312,19.321998,1,14049,1,1,0,0,1,0,0,0,0,0,0,0,0,1
3833,21,1e870741cfb1004d,2.247411,14.515894,0,14196,1,0,0,0,0,0,0,0,0,0,0,0,0,0
3834,21,bf57db00a494f005,2.732049,17.862938,1,14300,2,1,0,0,1,0,0,0,0,0,0,0,0,1
3835,21,b9cebc1ba6e23f90,2.05454,20.0,1,14038,1,1,0,0,1,0,0,0,0,0,0,0,0,1
3836,21,e665c14bbc29de1b,2.587152,15.321391,0,14133,1,0,0,0,0,0,0,0,0,0,0,0,0,0
3837,21,e769dc1986223560,1.943631,18.468077,1,14199,1,1,0,0,1,0,0,0,0,0,0,0,0,1
3838,21,1dc6f86b0f28f527,1.461638,20.0,1,14079,1,1,0,0,1,0,0,0,0,0,0,0,0,1
3839,21,83171efae161e4f9,2.141727,19.142115,1,14175,2,1,0,0,1,0,0,0,0,0,0,0,0,0
3840,21,d0f092e334d1b579,1.609,17.8596,1,14075,1,1,0,0,0,0,0,0,0,0,0,0,0,1
3841,21,3c72e9f66e532470,2.252435,16.896094,1,13983,1,0,0,0,1,0,0,0,0,0,0,0,0,0
3842,21,1fdd04fc4bd3a35e,1.693863,19.667107,1,13903,1,1,0,0,1,0,0,0,0,0,0,0,0,1
3843,21,1ea3379f3547fd92,1.272536,18.254007,1,14013,1,1,0,0,1,0,0,0,0,0,0,0,0,0
3844,21,f2433026cfae9a47,1.999662,20.0,1,14118,2,1,0,0,1,0,0,0,0,0,0,0,0,1
3845,21,d0cc26dd4ca1a8f2,1.503774,20.0,1,14066,1,1,0,0,1,0,0,0,0,0,0,0,0,1
3846,21,38a3c7ee0e61cf29,1.129729,20.0,1,13971,1,1,0,0,0,0,0,0,0,0,0,0,0,1
3847,21,e64373de38c1d3e1,1.892377,18.794697,1,13874,1,0,0,0,1,0,0,0,0,0,0,0,0,0
3848,21,7addd6445d78c1a4,1.421672,20.0,1,13881,1,1,0,0,1,0,0,0,0,0,0,0,0,1
3849,21,32a2c7ad3446fe7a,1.069118,20.0,1,13713,1,1,0,0,1,0,0,0,0,0,0,0,0,1
3850,21,c2ddba3954d1d184,0.803188,20.0,1,13912,1,1,0,0,1,0,0,0,0,0,0,0,0,0
3851,21,6665faed5439f816,0.603405,18.967101,1,13967,1,1,0,0,0,0,0,0,0,0,0,0,0,1
3852,21,e2ced52540714a46,1.49792,17.744032,1,13842,1,0,0,0,1,0,0,0,0,0,0,0,0,0
3853,21,609fe1b042bd7177,1.125331,20.0,1,13722,1,1,0,0,1,0,0,0,0,0,0,0,0,1
3854,21,a841332a0fc6c3b7,1.889073,20.0,1,14064,2,1,0,0,1,0,0,0,0,0,0,0,0,1
3855,21,55f4672a66ea5f47,1.41919,16.677574,0,13849,1,1,0,0,0,0,0,0,0,0,0,0,0,0
3856,21,c0bd9a34ec0d85ea,2.111401,19.502777,1,13881,1,0,0,0,1,0,0,0,0,0,0,0,0,1
3857,21,aabefe6d1a5d48da,1.586217,18.130552,1,13875,1,1,0,0,1,0,0,0,0,0,0,0,0,0
3858,21,3a430dc208632016,2.235319,17.09965,1,13712,1,0,0,0,0,0,0,0,0,0,0,0,0,1
3859,21,80aa2168e796d8f4,1.680992,16.339682,1,14048,1,1,0,0,1,0,0,0,0,0,0,0,0,0
3860,21,f7ccb287b0e2aba7,1.262866,19.233082,1,13975,1,1,0,0,1,0,0,0,0,0,0,0,0,1
3861,21,2112fa62c82cb6c3,1.992397,17.92794,1,13896,1,0,0,0,0,0,0,0,0,0,0,0,0,1
3862,21,542d2ce96e80afc1,1.496814,16.947435,1,13887,1,1,0,0,1,0,0,0,0,0,0,0,0,0
3863,21,6e60a9a40289d397,2.169776,16.225215,1,13831,1,0,0,0,0,0,0,0,0,0,0,0,0,1
3864,21,0d28e31d51bf6ee7,1.630071,19.147086,1,14042,1,1,0,0,1,0,0,0,0,0,0,0,0,1
3865,21,1cc2b0b192026c8b,1.224612,17.863335,1,13827,1,1,0,0,1,0,0,0,0,0,0,0,0,0
3866,21,7d01ae1e8db8a382,3.009226,16.913984,1,13949,2,0,0,0,0,0,0,0,0,0,0,0,0,1
3867,21,ae8f6f48ea3451f4,2.260719,19.664533,1,13900,1,1,0,0,1,0,0,0,0,0,0,0,0,1
3868,21,53b3d64cb235b86c,1.698394,18.252073,1,13896,1,1,0,0,1,0,0,0,0,0,0,0,0,0
3869,21,c72ded44d387faec,1.27594,20.0,1,13913,1,1,0,0,1,0,0,0,0,0,0,0,0,1
3870,21,98cc1398a152d783,2.003675,19.024478,1,14020,1,0,0,0,0,0,0,0,0,0,0,0,0,1
3871,21,4a2943a0ae4c6ac0,1.505286,17.771223,1,13841,1,1,0,0,1,0,0,0,0,0,0,0,0,0
3872,21,e6cf52e807b341f2,1.130865,20.0,1,13968,1,1,0,0,1,0,0,0,0,0,0,0,0,1
3873,21,e0ac56dff56b6402,1.894577,20.0,1,13861,2,1,0,0,1,0,0,0,0,0,0,0,0,1
3874,21,b2139f9cf510519a,1.423325,20.0,1,14133,1,1,0,0,1,0,0,0,0,0,0,0,0,1
3875,21,07b23dae0886b303,2.112944,17.775437,0,13903,1,0,0,0,0,0,0,0,0,0,0,0,0,0
3876,21,495cbbb5cbb37cdd,1.587376,20.0,1,14072,1,1,0,0,1,0,0,0,0,0,0,0,0,1
3877,21,9b4dafa46793fdff,1.193729,15.274696,0,13874,1,1,0,0,0,0,0,0,0,0,0,0,0,0
3878,21,620bd23daf4bf83f,2.984111,18.432997,1,13894,2,0,0,0,1,0,0,0,0,0,0,0,0,1
3879,21,91efb63a31f48e3d,2.241851,20.0,1,13957,1,1,0,0,1,0,0,0,0,0,0,0,0,1
3880,21,da56ec8f83f624b7,1.685904,20.0,1,13973,1,1,0,0,1,0,0,0,0,0,0,0,0,1
3881,21,e81d6c7c63fe7312,2.31021,16.98394,0,14165,1,0,0,0,0,0,0,0,0,0,0,0,0,0
3882,21,991343d40aba475d,1.735574,19.717088,1,14109,1,1,0,0,1,0,0,0,0,0,0,0,0,1
3883,21,fa22d01f031baa44,1.303872,18.291556,1,14002,1,1,0,0,1,0,0,0,0,0,0,0,0,0
3884,21,1aadfdf4740874b4,0.98053,20.0,1,14070,1,1,0,0,1,0,0,0,0,0,0,0,0,1
3885,21,123eaaf2169f668d,1.780289,15.563543,0,14918,1,0,0,0,0,0,0,0,0,0,0,0,0,0
3886,21,6117fd295799ba96,1.337465,18.649997,1,15447,1,1,0,0,1,0,0,0,0,0,0,0,0,1
3887,21,46ef0ecc32a249d7,1.005793,17.505565,1,14977,1,1,0,0,1,0,0,0,0,0,0,0,0,0
3888,21,356e5d139d72e1a1,0.755614,20.0,1,14903,1,1,0,0,1,0,0,0,0,0,0,0,0,1
3889,21,20d5dec605056435,1.611318,18.585959,1,15226,1,0,0,0,0,0,0,0,0,0,0,0,0,1
3890,21,da85375312ee3030,1.210523,20.0,1,17202,1,1,0,0,1,0,0,0,0,0,0,0,0,1
3891,21,4cf16eb81968a51a,1.954481,19.21311,1,17174,2,1,0,0,1,0,0,0,0,0,0,0,0,0
3892,21,5ebc7d620bd82bcc,1.468329,17.912936,1,17010,1,1,0,0,0,0,0,0,0,0,0,0,0,1
3893,21,d2fbf53c1c574ac9,3.190407,20.0,1,16990,2,0,0,0,1,0,0,0,0,0,0,0,0,1
3894,21,f5bb0f581fd44584,2.399232,20.0,1,16976,1,1,0,0,1,0,0,0,0,0,0,0,0,1
3895,21,c911a67ab2222316,1.802453,16.763209,0,16705,1,1,0,0,0,0,0,0,0,0,0,0,0,0
3896,21,71bba3c21874ddd7,3.441422,20.0,1,16737,2,0,0,0,1,0,0,0,0,0,0,0,0,2
3897,21,d36293c4e6fe2c5a,2.585412,20.0,1,16516,1,1,0,0,1,0,0,0,0,0,0,0,0,0
3898,21,ad07164deda2898a,4.032568,19.107735,1,16024,2,0,0,0,0,0,0,0,0,0,0,0,0,1
3899,21,ba3f9ff887dcea54,3.029517,20.0,1,16084,1,1,0,0,1,0,0,0,0,0,0,0,0,1
3900,21,e60cbb3b9ddc6c0d,2.275963,20.0,1,15881,1,1,0,0,1,0,0,0,0,0,0,0,0,1
3901,21,bbf2a9abe5e96fb0,2.755707,20.0,1,15775,2,1,0,0,1,0,0,0,0,0,0,0,0,1
3902,21,04ce30f7c5f62dd6,2.07026,20.0,1,14769,1,1,0,0,1,0,0,0,0,0,0,0,0,1
3903,21,ab27c423b1912c59,1.555309,20.0,1,13561,1,1,0,0,1,0,0,0,0,0,0,0,0,1
3904,21,86c5ef81418af334,2.212099,20.0,1,13974,1,0,0,0,0,0,0,0,0,0,0,0,0,1
3905,21,3988ecbb5b8864fb,2.70768,20.0,1,13963,2,1,0,0,1,0,0,0,0,0,0,0,0,0
3906,21,deed21d630410e3d,2.034179,20.0,1,13866,1,1,0,0,1,0,0,0,0,0,0,0,0,1
3907,21,a1f5cb1235383d72,1.528203,20.0,1,13860,1,1,0,0,1,0,0,0,0,0,0,0,0,1
3908,21,2959b75edaba204a,1.14923,20.0,1,13825,1,1,0,0,1,0,0,0,0,0,0,0,0,1
3909,21,2991d35cd7607fb6,1.907027,18.716356,0,13980,1,0,0,0,0,0,0,0,0,0,0,0,0,0
3910,21,ee5e61d844b8a5e7,2.476331,20.0,1,13932,2,1,0,0,1,0,0,0,0,0,0,0,0,1
3911,21,8591d4e342e8ce8b,1.860375,20.0,1,13886,1,1,0,0,1,0,0,0,0,0,0,0,0,1
3912,21,1fb1f319354acd1c,1.399029,20.0,1,13923,1,1,0,0,1,0,0,0,0,0,0,0,0,1
3913,21,86dc83bc1d05e38e,1.051038,20.0,1,13839,1,1,0,0,1,0,0,0,0,0,0,0,0,1
3914,21,16a04af76f08a30a,0.789606,18.810895,0,14015,1,1,0,0,0,0,0,0,0,0,0,0,0,0
3915,21,b27aede1e93acf19,1.637945,20.0,1,14102,1,0,0,0,1,0,0,0,0,0,0,0,0,1
3916,21,df8a47ac17b895cd,1.230527,19.335793,1,14116,1,1,0,0,1,0,0,0,0,0,0,0,0,0
3917,21,b9d6cf45fd800f6f,0.924449,20.0,1,14459,1,1,0,0,1,0,0,0,0,0,0,0,0,1
3918,21,62199122c780c4ee,0.694504,19.618931,1,14049,1,1,0,0,1,0,0,0,0,0,0,0,0,0
3919,21,2aee4b476bbf7fff,0.522277,20.0,1,14003,1,1,0,0,1,0,0,0,0,0,0,0,0,1
3920,21,5779dc931f7dd903,1.43602,16.313457,0,14220,1,0,0,0,0,0,0,0,0,0,0,0,0,0
3921,21,ed35bdc2708ca9d3,1.078828,19.213379,1,14189,1,1,0,0,1,0,0,0,0,0,0,0,0,1
3922,21,c1645d3fc9e09df2,2.899595,17.929237,1,13963,2,0,0,0,0,0,0,0,0,0,0,0,0,1
3923,21,dd726a35e0339f24,2.178358,20.0,1,14041,1,1,0,0,1,0,0,0,0,0,0,0,0,1
3924,21,44c0a2f07465e6cf,1.636519,18.825077,1,14019,1,1,0,0,1,0,0,0,0,0,0,0,0,0
3925,21,c35a70b87df4af64,1.229455,17.621421,1,13948,1,1,0,0,0,0,0,0,0,0,0,0,0,1
3926,21,59147bdc1e63f399,1.968718,16.732062,1,13893,1,0,0,0,1,0,0,0,0,0,0,0,0,0
3927,21,08e87b316d0cfad1,1.479025,19.527861,1,13969,1,1,0,0,1,0,0,0,0,0,0,0,0,1
3928,21,b327c2e66b8161f5,2.154789,20.0,1,13913,2,1,0,0,1,0,0,0,0,0,0,0,0,1
3929,21,38618be9121d096a,2.664583,16.264746,0,13941,1,0,0,0,0,0,0,0,0,0,0,0,0,0
3930,21,e6fae64d01226473,2.001801,19.176785,1,13912,1,1,0,0,1,0,0,0,0,0,0,0,0,1
3931,21,68c6a3aa9f8feb8e,1.503879,17.885646,1,13945,1,1,0,0,1,0,0,0,0,0,0,0,0,0
3932,21,7e7efed3c3ac81ed,1.129808,20.0,1,14102,1,1,0,0,1,0,0,0,0,0,0,0,0,1
3933,21,986224f25541b263,0.849632,18.817461,1,13925,1,1,0,0,1,0,0,0,0,0,0,0,0,0
3934,21,022b2005125db237,2.725603,17.6157,1,14084,2,0,0,0,0,0,0,0,0,0,0,0,0,1
3935,21,821a08893dea2f8f,2.047644,20.0,1,14084,1,1,0,0,1,0,0,0,0,0,0,0,0,1
3936,21,8ff00e64d17b544f,1.539857,20.0,1,14210,1,1,0,0,1,0,0,0,0,0,0,0,0,1
3937,21,09643efa239b2845,1.156837,20.0,1,13980,1,1,0,0,1,0,0,0,0,0,0,0,0,0
3938,21,170c58bc34cf0221,1.912742,18.591165,1,14189,1,0,0,0,0,0,0,0,0,0,0,0,0,1
3939,21,fba90f0a5101d335,1.436971,20.0,1,14111,1,1,0,0,1,0,0,0,0,0,0,0,0,1
3940,21,1bcdd0e2d0def9e9,1.080623,19.216051,1,14030,1,1,0,0,1,0,0,0,0,0,0,0,0,0
3941,21,545b127739e28ce4,0.811832,20.0,1,14100,1,1,0,0,1,0,0,0,0,0,0,0,0,1
3942,21,ed1f0c789ad9009e,1.653552,20.0,1,14084,2,1,0,0,1,0,0,0,0,0,0,0,0,1
3943,21,fc1575f88b86660f,1.243495,20.0,1,14138,1,1,0,0,1,0,0,0,0,0,0,0,0,1
3944,21,834d234a431d574f,0.934191,20.0,1,14230,1,1,0,0,1,0,0,0,0,0,0,0,0,0
3945,21,669e1c806ba86206,1.745476,19.795915,1,14316,1,0,0,0,0,0,0,0,0,0,0,0,0,1
3946,21,8c90821dc7fe5a75,1.311311,18.350775,1,14540,1,1,0,0,1,0,0,0,0,0,0,0,0,0
3947,21,72add8a024647f18,0.986125,20.0,1,14536,1,1,0,0,1,0,0,0,0,0,0,0,0,1
3948,21,936c440833b029a0,0.740839,19.075844,1,14534,1,1,0,0,0,0,0,0,0,0,0,0,0,1
3949,21,2e0b339ee5e3a8d4,1.600218,17.809813,1,14523,1,0,0,0,1,0,0,0,0,0,0,0,0,0
3950,21,417c7fee035958f0,2.247537,20.0,1,14363,2,1,0,0,1,0,0,0,0,0,0,0,0,1
3951,21,01772bd72149e2cf,1.688491,18.770221,1,14447,1,1,0,0,0,0,0,0,0,0,0,0,0,1
3952,21,9539d49ded554990,2.312153,20.0,1,14368,1,0,0,0,1,0,0,0,0,0,0,0,0,1
3953,21,8ef3a6706706211e,1.737034,20.0,1,14422,1,1,0,0,1,0,0,0,0,0,0,0,0,1
3954,21,4b80f963f71508f3,3.394576,20.0,1,14191,2,0,0,0,0,0,0,0,0,0,0,0,0,1
3955,21,aec59ed4d31fee1b,2.550218,18.9626,1,15446,1,1,0,0,1,0,0,0,0,0,0,0,0,0
3956,21,a99bacab0767208c,1.915883,20.0,1,15372,1,1,0,0,1,0,0,0,0,0,0,0,0,1
3957,21,b8ae364e0f1aed30,2.484922,15.945396,0,15240,1,0,0,0,0,0,0,0,0,0,0,0,0,0
3958,21,36b8025f09d35b56,1.866829,18.936869,1,17013,1,1,0,0,1,0,0,0,0,0,0,0,0,1
3959,21,c8742fd9e03b2777,2.446132,20.0,1,17236,2,1,0,0,1,0,0,0,0,0,0,0,0,1
3960,21,98ddab5817b1d713,1.837688,20.0,1,16989,1,1,0,0,1,0,0,0,0,0,0,0,0,1
3961,21,4c7b65d79e232edc,2.426118,20.0,1,16933,1,0,0,0,0,0,0,0,0,0,0,0,0,1
3962,21,908134ad044e5172,2.866305,20.0,1,16698,2,1,0,0,1,0,0,0,0,0,0,0,0,1
3963,21,967bcba4c6633c70,2.153348,20.0,1,16657,1,1,0,0,1,0,0,0,0,0,0,0,0,1
3964,21,dbf7714c5ee78473,2.663499,17.940825,0,16717,1,0,0,0,0,0,0,0,0,0,0,0,0,0
3965,21,88a7493d512e0326,3.04464,20.0,1,16526,2,1,0,0,1,0,0,0,0,0,0,0,0,2
3966,21,17ceec02c53deede,2.287325,20.0,1,16351,1,1,0,0,1,0,0,0,0,0,0,0,0,0
3967,21,577ab13c609f5188,2.762035,20.0,1,16325,2,1,0,0,1,0,0,0,0,0,0,0,0,1
3968,21,1fbc5f33efdeb256,2.07709,20.0,1,16266,1,1,0,0,1,0,0,0,0,0,0,0,0,1
3969,21,e8237096bc5f4b0b,2.604093,20.0,1,16186,1,0,0,0,0,0,0,0,0,0,0,0,0,1
3970,21,ff34691748c7729e,3.000011,20.0,1,14835,2,1,0,0,1,0,0,0,0,0,0,0,0,1
3971,21,d3e65748f2f88ce6,2.256051,20.0,1,13360,1,1,0,0,1,0,0,0,0,0,0,0,0,0
3972,21,a2a46d8193a81223,2.73854,19.252143,1,13604,1,0,0,0,0,0,0,0,0,0,0,0,0,1
3973,21,0b28882ff89874c7,3.101016,20.0,1,13634,2,1,0,0,1,0,0,0,0,0,0,0,0,1
3974,21,cbe08c477f1df244,1.286024,19.571719,1,13658,0,1,0,0,1,0,0,0,0,0,0,0,0,0
3975,21,1b55439968875d27,0.967109,18.198714,1,13299,1,1,0,0,0,0,0,0,0,0,0,0,0,1
3976,21,846fdcdfc927d857,1.770206,17.150858,1,13540,1,0,0,0,1,0,0,0,0,0,0,0,0,0
3977,21,014d6a361ac71f9c,1.329889,19.842487,1,13484,1,1,0,0,1,0,0,0,0,0,0,0,0,1
3978,21,980f0a9caf569835,1.000096,18.402335,1,13303,1,1,0,0,1,0,0,0,0,0,0,0,0,0
3979,21,cafd9468e8ebb074,1.794988,17.303831,1,13464,1,0,0,0,0,0,0,0,0,0,0,0,0,1
3980,21,b7fe82076aa6e0c5,1.348507,16.478566,1,13417,1,1,0,0,1,0,0,0,0,0,0,0,0,0
3981,21,145c4f8ab4946f9a,2.056737,15.858575,1,13568,1,0,0,0,0,0,0,0,0,0,0,0,0,1
3982,21,06384c266334e050,2.590846,18.886878,1,13557,2,1,0,0,1,0,0,0,0,0,0,0,0,1
3983,21,2f898baa6f4e09c2,2.990059,17.66785,1,13390,1,0,0,0,0,0,0,0,0,0,0,0,0,1
3984,21,723390eb54274ca2,2.246319,16.75204,1,13568,1,1,0,0,1,0,0,0,0,0,0,0,0,0
3985,21,5fe2df66af016149,2.733415,16.078274,1,13194,1,0,0,0,0,0,0,0,0,0,0,0,0,1
3986,21,82231884aecd0e85,2.053512,15.557851,1,13412,1,1,0,0,1,0,0,0,0,0,0,0,0,0
3987,21,dc93d9702f0009f6,2.58638,18.645721,1,13300,2,1,0,0,1,0,0,0,0,0,0,0,0,1
3988,21,7395355d45a0bb0e,2.986704,17.486678,1,13648,1,0,0,0,0,0,0,0,0,0,0,0,0,1
3989,21,9a7862ea03640c42,2.246044,20.0,1,13676,1,1,0,0,1,0,0,0,0,0,0,0,0,1
3990,21,f37369e91464dd45,1.687369,20.0,1,13815,1,1,0,0,1,0,0,0,0,0,0,0,0,1
3991,21,e57beee0ffe93c28,2.311311,16.577742,0,13899,1,0,0,0,0,0,0,0,0,0,0,0,0,0
3992,21,5bbdac573a3dc3af,1.738139,19.427702,1,13623,1,1,0,0,1,0,0,0,0,0,0,0,0,1
3993,21,d54f8db4f77e5991,1.305799,18.074151,1,13743,1,1,0,0,1,0,0,0,0,0,0,0,0,0
3994,21,f2267f3cfa05aab7,2.024651,20.0,1,13722,2,1,0,0,1,0,0,0,0,0,0,0,0,1
3995,21,09a5453af4ad8877,2.564698,18.906866,1,13659,1,0,0,0,0,0,0,0,0,0,0,0,0,1
3996,21,d618ecdb677ae3fe,1.928689,20.0,1,13480,1,1,0,0,1,0,0,0,0,0,0,0,0,1
3997,21,fb6317912c95b5f9,1.448952,19.390013,1,13439,1,1,0,0,1,0,0,0,0,0,0,0,0,0
3998,21,7445909611d7b953,1.088544,20.0,1,13325,1,1,0,0,1,0,0,0,0,0,0,0,0,1
3999,21,ab17cbd47b0dc36d,1.862751,19.667368,1,13174,1,0,0,0,0,0,0,0,0,0,0,0,0,1
4000,21,778e344c572d7d76,1.399415,18.254203,1,13025,1,1,0,0,1,0,0,0,0,0,0,0,0,0
4001,21,20c6480230f00b69,1.051328,20.0,1,13571,1,1,0,0,1,0,0,0,0,0,0,0,0,1
4002,21,543415627251d144,1.833477,15.529642,0,13709,1,0,0,0,0,0,0,0,0,0,0,0,0,0
4003,21,5854b9c5d4f31752,1.378801,18.639516,1,13613,1,1,0,0,1,0,0,0,0,0,0,0,0,1
4004,21,67e7d99c2526c539,1.035842,17.482016,1,13607,1,1,0,0,1,0,0,0,0,0,0,0,0,0
4005,21,5097185269927c26,0.778189,20.0,1,13712,1,1,0,0,1,0,0,0,0,0,0,0,0,1
4006,21,a81176b0af58d362,1.62936,15.108924,0,13800,1,0,0,0,0,0,0,0,0,0,0,0,0,0
4007,21,0029faf799ca861f,1.224077,18.308459,1,13909,1,1,0,0,1,0,0,0,0,0,0,0,0,1
4008,21,209ba2d4972a4a5d,0.919603,17.233305,1,14060,1,1,0,0,1,0,0,0,0,0,0,0,0,0
4009,21,81e534814c0b938e,1.734517,16.425583,1,13944,1,0,0,0,0,0,0,0,0,0,0,0,0,1
4010,21,1dae63a97209d3f8,1.304381,15.832774,1,13929,1,1,0,0,1,0,0,0,0,0,0,0,0,0
4011,21,cc7c4014f200145b,3.06724,15.373416,1,13825,2,0,0,0,0,0,0,0,0,0,0,0,0,1
4012,21,d3b348a72dc19a60,2.304303,18.507162,1,14162,1,1,0,0,1,0,0,0,0,0,0,0,0,1
4013,21,902b970657db6f30,1.732868,20.0,1,14010,1,1,0,0,1,0,0,0,0,0,0,0,0,1
4014,21,5daaacccef9eca3d,2.345493,19.164196,1,14118,1,0,0,0,0,0,0,0,0,0,0,0,0,1
4015,21,c3b84bd41471b15c,1.762081,17.876188,1,14021,1,1,0,0,1,0,0,0,0,0,0,0,0,0
4016,21,11af85d34c250bda,2.367439,20.0,1,14160,2,1,0,0,1,0,0,0,0,0,0,0,0,1
4017,21,3c1c512c64f923c1,2.824498,18.812118,1,13919,1,0,0,0,0,0,0,0,0,0,0,0,0,1
4018,21,1645d375d64967e3,2.12194,20.0,1,14195,1,1,0,0,1,0,0,0,0,0,0,0,0,1
4019,21,442efd68f5e5bb27,1.594134,19.323371,1,13936,1,1,0,0,1,0,0,0,0,0,0,0,0,0
4020,21,1b8110a34f8adeec,1.198812,18.011952,1,14175,1,1,0,0,0,0,0,0,0,0,0,0,0,1
4021,21,d6e7110133403919,1.944276,17.010551,1,13936,1,0,0,0,1,0,0,0,0,0,0,0,0,0
4022,21,ee2e2b7af6a45a11,1.460662,19.73708,1,14088,1,1,0,0,1,0,0,0,0,0,0,0,0,1
4023,21,aca5cd94eafffd42,1.09734,18.306575,1,14090,1,1,0,0,1,0,0,0,0,0,0,0,0,0
4024,21,a93ae4d4e62c198f,0.825216,20.0,1,14028,1,1,0,0,1,0,0,0,0,0,0,0,0,1
4025,21,bb33e62f47b5553f,1.663607,20.0,1,14130,2,1,0,0,1,0,0,0,0,0,0,0,0,1
4026,21,f42c5b77c9b6970b,1.249806,20.0,1,14145,1,1,0,0,1,0,0,0,0,0,0,0,0,1
4027,21,e28352119122dc12,1.984022,17.960675,0,13920,1,0,0,0,0,0,0,0,0,0,0,0,0,0
4028,21,3a52fe25fc5c9791,1.490522,20.0,1,14201,1,1,0,0,1,0,0,0,0,0,0,0,0,1
4029,21,6cc79514a31e093e,1.119773,18.84282,1,14021,1,1,0,0,1,0,0,0,0,0,0,0,0,0
4030,21,7ed678d7b96cd857,0.841244,20.0,1,13997,1,1,0,0,1,0,0,0,0,0,0,0,0,1
4031,21,8dc8c4874c68e3de,0.632627,19.358227,1,14000,1,1,0,0,1,0,0,0,0,0,0,0,0,0
4032,21,679e2bf0cfdace8c,0.475269,20.0,1,13961,1,1,0,0,1,0,0,0,0,0,0,0,0,1
4033,21,76737812bf393967,1.400705,16.152748,0,14123,1,0,0,0,0,0,0,0,0,0,0,0,0,0
4034,21,b5e8e27448d6c918,1.05335,19.1081,1,14071,1,1,0,0,1,0,0,0,0,0,0,0,0,1
4035,21,b6e89363cab473cf,0.791343,17.834046,1,14123,1,1,0,0,1,0,0,0,0,0,0,0,0,0
4036,21,ce134f89cf306e54,0.594506,20.0,1,14229,1,1,0,0,1,0,0,0,0,0,0,0,0,1
4037,21,b13d2e7f9aec1ecc,0.44663,18.771352,1,14484,1,1,0,0,1,0,0,0,0,0,0,0,0,0
4038,21,33d3a8758625059f,1.380023,17.596826,1,14457,1,0,0,0,0,0,0,0,0,0,0,0,0,1
4039,21,76e9cacc66d895a0,1.03676,16.698682,1,14314,1,1,0,0,1,0,0,0,0,0,0,0,0,0
4040,21,921c060639fd097b,0.778879,16.02394,1,14287,1,1,0,0,0,0,0,0,0,0,0,0,0,1
4041,21,5e6c6481a8b14db7,2.674029,19.011235,1,14115,2,0,0,0,1,0,0,0,0,0,0,0,0,1
4042,21,76f84a3b8e74ded7,2.008898,20.0,1,14123,1,1,0,0,1,0,0,0,0,0,0,0,0,1
4043,21,385b92ecf115aab8,1.50921,20.0,1,14164,1,1,0,0,1,0,0,0,0,0,0,0,0,1
4044,21,1e5b5216938791b2,2.177466,17.21488,0,14355,1,0,0,0,0,0,0,0,0,0,0,0,0,0
4045,21,de00bcb0c196209d,1.637486,19.906838,1,14280,1,1,0,0,1,0,0,0,0,0,0,0,0,1
4046,21,bf80ee51420ab5c2,2.273835,20.0,1,14233,2,1,0,0,1,0,0,0,0,0,0,0,0,1
4047,21,84f0ea6d5482cdbe,1.708247,19.941227,1,14307,1,1,0,0,0,0,0,0,0,0,0,0,0,1
4048,21,fec50b5caa58a332,2.328777,18.476588,1,14107,1,0,0,0,1,0,0,0,0,0,0,0,0,0
4049,21,d98c5d5022b25c60,1.749523,20.0,1,14456,1,1,0,0,1,0,0,0,0,0,0,0,0,1
4050,21,542248df3734ef61,2.358005,15.655155,0,14151,1,0,0,0,0,0,0,0,0,0,0,0,0,0
4051,21,4704292c5fd6de25,1.771481,18.718822,1,14321,1,1,0,0,1,0,0,0,0,0,0,0,0,1
4052,21,169d27db67716fa7,1.332179,20.0,1,14148,1,1,0,0,1,0,0,0,0,0,0,0,0,1
4053,21,925fc02fc91d737c,2.044469,19.283775,1,14086,2,1,0,0,0,0,0,0,0,0,0,0,0,1
4054,21,afbc4f47a939d9d0,1.535933,17.966024,1,14163,0,0,0,0,1,0,0,0,0,0,0,0,0,0
4055,21,c474966a42dbf624,2.199194,20.0,1,14104,2,1,0,0,1,0,0,0,0,0,0,0,0,1
4056,21,9d9ddd4fa791e5a9,1.652173,18.858475,1,13888,1,1,0,0,1,0,0,0,0,0,0,0,0,0
4057,21,fc5cdca7f36dc678,1.241215,20.0,1,14084,1,1,0,0,1,0,0,0,0,0,0,0,0,1
4058,21,9189cfb7226d1f72,1.976132,19.349535,1,13877,1,0,0,0,0,0,0,0,0,0,0,0,0,1
4059,21,02a9183d24657790,1.48608,18.031628,1,13898,1,1,0,0,1,0,0,0,0,0,0,0,0,0
4060,21,f6218d48d432fc7d,1.116436,20.0,1,13794,1,1,0,0,1,0,0,0,0,0,0,0,0,1
4061,21,2ece02aaf76c0f70,1.88239,18.882866,1,13878,2,1,0,0,0,0,0,0,0,0,0,0,0,1
4062,21,89a07fbc252be14d,2.459735,20.0,1,13393,1,0,0,0,1,0,0,0,0,0,0,0,0,1
4063,21,093995d15b570fee,1.847907,19.376454,1,13819,1,1,0,0,1,0,0,0,0,0,0,0,0,0
4064,21,3d7eae4ee0e3749a,1.388263,20.0,1,13619,1,1,0,0,1,0,0,0,0,0,0,0,0,1
4065,21,029134d3bad39476,1.04295,16.163035,0,13400,1,1,0,0,0,0,0,0,0,0,0,0,0,0
4066,21,29b448664a02fe6e,1.828464,19.115836,1,13317,1,0,0,0,1,0,0,0,0,0,0,0,0,1
4067,21,64dfbbc694f52c5d,1.373657,20.0,1,13703,1,1,0,0,1,0,0,0,0,0,0,0,0,1
4068,21,107e887906535e3a,2.07563,16.015944,0,13345,1,0,0,0,0,0,0,0,0,0,0,0,0,0
4069,21,5939498da83fa474,1.560904,19.005222,1,13487,1,1,0,0,1,0,0,0,0,0,0,0,0,1
4070,21,721f45d2a86a1471,2.216302,17.756757,1,13399,1,0,0,0,0,0,0,0,0,0,0,0,0,1
4071,21,846787180c793fa0,1.665025,16.818832,1,13588,1,1,0,0,1,0,0,0,0,0,0,0,0,0
4072,21,18b3a0d71ef50c52,1.250871,19.593049,1,13514,1,1,0,0,1,0,0,0,0,0,0,0,0,1
4073,21,1168e10cfeb8f64e,3.028974,18.214754,1,13774,2,0,0,0,0,0,0,0,0,0,0,0,0,1
4074,21,d30da8cd8474b775,2.275555,20.0,1,13736,1,1,0,0,1,0,0,0,0,0,0,0,0,1
4075,21,35b0bfd67dd7d5f8,2.753193,18.986222,1,13945,1,0,0,0,0,0,0,0,0,0,0,0,0,1
4076,21,91151f461c4479a9,2.07044,17.758411,1,13855,1,1,0,0,1,0,0,0,0,0,0,0,0,0
4077,21,58466a9cf44e9b89,1.555444,20.0,1,13790,1,1,0,0,1,0,0,0,0,0,0,0,0,1
4078,21,2b457b17d9993fdf,1.168547,18.728664,1,13486,1,1,0,0,1,0,0,0,0,0,0,0,0,0
4079,21,931d7ffba8401036,1.921539,17.548989,1,13430,1,0,0,0,0,0,0,0,0,0,0,0,0,1
4080,21,6a3add2cdc159d57,1.445025,16.677592,1,13419,1,1,0,0,1,0,0,0,0,0,0,0,0,0
4081,21,b919959157b1ce9b,2.129246,16.008096,1,13224,2,1,0,0,0,0,0,0,0,0,0,0,0,1
4082,21,0098cddaa87d9d13,2.643277,18.983973,1,13067,1,0,0,0,1,0,0,0,0,0,0,0,0,1
4083,21,bda9a968838cd003,1.987782,20.0,1,12773,1,1,0,0,1,0,0,0,0,0,0,0,0,1
4084,21,79a21c8e974cea3f,1.493346,19.433575,1,12900,1,1,0,0,1,0,0,0,0,0,0,0,0,0
4085,21,32102d3a16132a4a,1.121895,18.078563,1,12891,1,1,0,0,0,0,0,0,0,0,0,0,0,1
4086,21,7c37052ee8d55688,1.886491,17.060593,1,12638,1,0,0,0,1,0,0,0,0,0,0,0,0,0
4087,21,aaa5fa82918b3a78,1.418668,19.790813,1,12865,1,1,0,0,1,0,0,0,0,0,0,0,0,1
4088,21,239bd6f1215a3eab,2.109446,14.868098,0,13073,1,0,0,0,0,0,0,0,0,0,0,0,0,0
4089,21,7167f29469ee8b05,1.584748,18.127535,1,13020,1,1,0,0,1,0,0,0,0,0,0,0,0,1
4090,21,0fed0ffe7bc90c40,1.191753,17.112666,1,12944,1,1,0,0,1,0,0,0,0,0,0,0,0,0
4091,21,5a24fc10f2bb0831,0.895319,19.813796,1,12884,1,1,0,0,1,0,0,0,0,0,0,0,0,1
4092,21,cbd8738516258554,0.67262,20.0,1,12785,1,1,0,0,1,0,0,0,0,0,0,0,0,1
4093,21,988a1ac5440fa93c,1.548968,16.409869,0,12941,1,0,0,0,0,0,0,0,0,0,0,0,0,0
4094,21,c0ae3fb2e43c4b26,2.208996,19.301459,1,12721,2,1,0,0,1,0,0,0,0,0,0,0,0,1
4095,21,73709a91f4368256,1.659536,20.0,1,12444,1,1,0,0,1,0,0,0,0,0,0,0,0,1
4096,21,3bc01ae018542e89,2.290401,19.599553,1,12733,1,0,0,0,0,0,0,0,0,0,0,0,0,1
4097,21,238c8ebca822bad8,2.766565,14.739143,0,12736,1,0,0,0,0,0,0,0,0,0,0,0,0,0
4098,22,1fd48474a6be9a50,2.078417,18.030656,1,13987,1,1,0,0,1,0,0,0,0,0,0,0,0,1
4099,22,0b198662efcfc49a,1.561437,13.545758,0,14169,1,1,0,0,0,0,0,0,0,0,0,0,0,0
4100,22,fcbdd03152747088,2.216702,17.134111,1,14254,1,0,0,0,1,0,0,0,0,0,0,0,0,1
4101,22,c7b8a2a9fab59ea4,0.622841,12.885096,0,14278,0,1,0,0,0,0,0,0,0,0,0,0,0,0
4102,22,241e6acbb414e8f5,2.555224,16.63778,1,14175,2,0,0,0,1,0,0,0,0,0,0,0,0,1
4103,22,fc64a472a0076c97,1.919644,19.457031,1,14091,1,1,0,0,1,0,0,0,0,0,0,0,0,1
4104,22,1e870741cfb1004d,1.4436,18.112466,1,14122,1,1,0,0,1,0,0,0,0,0,0,0,0,0
4105,22,bf57db00a494f005,2.128176,17.086063,1,14161,1,0,0,0,0,0,0,0,0,0,0,0,0,1
4106,22,b9cebc1ba6e23f90,1.598819,16.314965,1,14113,1,1,0,0,1,0,0,0,0,0,0,0,0,0
4107,22,e665c14bbc29de1b,2.244786,15.735668,1,14095,2,1,0,0,0,0,0,0,0,0,0,0,0,1
4108,22,e769dc1986223560,2.732262,18.79445,1,14261,1,0,0,0,1,0,0,0,0,0,0,0,0,1
4109,22,1dc6f86b0f28f527,2.052646,20.0,1,14171,1,1,0,0,1,0,0,0,0,0,0,0,0,1
4110,22,83171efae161e4f9,2.58573,15.834555,0,14160,1,0,0,0,0,0,0,0,0,0,0,0,0,0
4111,22,d0f092e334d1b579,1.944506,18.868814,1,13981,1,1,0,0,1,0,0,0,0,0,0,0,0,1
4112,22,3c72e9f66e532470,1.460834,17.654279,1,13962,1,1,0,0,1,0,0,0,0,0,0,0,0,0
4113,22,1fdd04fc4bd3a35e,1.09747,20.0,1,14074,1,1,0,0,1,0,0,0,0,0,0,0,0,1
4114,22,1ea3379f3547fd92,1.868142,20.0,1,13981,2,1,0,0,1,0,0,0,0,0,0,0,0,1
4115,22,f2433026cfae9a47,2.44902,16.656166,0,13960,1,0,0,0,0,0,0,0,0,0,0,0,0,0
4116,22,d0cc26dd4ca1a8f2,1.839857,19.470844,1,14049,1,1,0,0,1,0,0,0,0,0,0,0,0,1
4117,22,b6729060e15ef02e,1.382216,18.106562,1,14055,1,1,0,0,1,0,0,0,0,0,0,0,0,0
4118,22,a9cb16cc75c4b873,1.039446,20.0,1,13856,1,1,0,0,1,0,0,0,0,0,0,0,0,1
4119,22,4518898290c4a533,1.82455,15.459028,0,13859,1,0,0,0,0,0,0,0,0,0,0,0,0,0
4120,22,80c0e74f4af0cefb,1.370716,18.571479,1,13754,1,1,0,0,1,0,0,0,0,0,0,0,0,1
4121,22,bd705a496fb2e0e1,1.029768,17.430902,1,13921,1,1,0,0,1,0,0,0,0,0,0,0,0,0
4122,22,40fcbaec993d22c5,1.818551,16.588789,1,13817,1,0,0,0,0,0,0,0,0,0,0,0,0,1
4123,22,6cfaf62351220228,1.366209,15.941381,1,13985,1,1,0,0,1,0,0,0,0,0,0,0,0,0
4124,22,6ffb601c36225917,1.026382,18.933853,1,13977,1,1,0,0,1,0,0,0,0,0,0,0,0,1
4125,22,21c423f5186ec4a6,0.771854,17.719029,1,13870,1,1,0,0,1,0,0,0,0,0,0,0,0,0
4126,22,1e92837d9f9c6b35,2.667172,16.790489,1,13827,2,0,0,0,0,0,0,0,0,0,0,0,0,1
4127,22,a484f7e3777f763e,2.003746,19.571755,1,13874,1,1,0,0,1,0,0,0,0,0,0,0,0,1
4128,22,2b8db2e0a245ef65,1.50534,20.0,1,13681,1,1,0,0,1,0,0,0,0,0,0,0,0,1
4129,22,eedd707a910b6c58,1.132037,16.289544,0,13634,1,1,0,0,0,0,0,0,0,0,0,0,0,0
4130,22,7855c4c878d03963,1.89411,19.195415,1,13906,1,0,0,0,1,0,0,0,0,0,0,0,0,1
4131,22,4ac3ac39a5bffaf2,1.422974,20.0,1,13990,1,1,0,0,1,0,0,0,0,0,0,0,0,1
4132,22,3503e45cb719c524,2.114247,20.0,1,14015,2,1,0,0,1,0,0,0,0,0,0,0,0,1
4133,22,19728635701bbdd1,2.632008,20.0,1,13936,1,0,0,0,0,0,0,0,0,0,0,0,0,1
4134,22,08de696c5753574e,1.97733,19.094875,1,13827,1,1,0,0,1,0,0,0,0,0,0,0,0,0
4135,22,15ea42f44e72638e,1.485494,20.0,1,13945,1,1,0,0,1,0,0,0,0,0,0,0,0,1
4136,22,fb948654a4e052dc,2.161263,19.500627,1,13806,1,0,0,0,0,0,0,0,0,0,0,0,0,1
4137,22,5b6fa7151d644e9d,2.667329,20.0,1,14136,2,1,0,0,1,0,0,0,0,0,0,0,0,1
4138,22,861722a9c717f578,2.003865,19.711963,1,13982,1,1,0,0,1,0,0,0,0,0,0,0,0,0
4139,22,fe7fd4fd4c1f0693,1.506935,20.0,1,14143,1,1,0,0,1,0,0,0,0,0,0,0,0,1
4140,22,a6d38debfe395bc8,1.132104,16.366016,0,14066,1,1,0,0,0,0,0,0,0,0,0,0,0,0
4141,22,60bedc5f4028c2ba,1.894161,19.252865,1,14023,1,0,0,0,1,0,0,0,0,0,0,0,0,1
4142,22,c34a84ff17dee82a,2.466665,20.0,1,14099,2,1,0,0,1,0,0,0,0,0,0,0,0,1
4143,22,b2f3511d7f67045a,1.854968,19.589885,1,13900,1,1,0,0,1,0,0,0,0,0,0,0,0,0
4144,22,2633c03039fe89e9,1.393568,20.0,1,14043,1,1,0,0,1,0,0,0,0,0,0,0,0,1
4145,22,5356d310c52dac1d,2.090589,16.283495,0,13876,1,0,0,0,0,0,0,0,0,0,0,0,0,0
4146,22,d37f389083f245d2,1.572153,19.206424,1,13959,1,1,0,0,1,0,0,0,0,0,0,0,0,1
4147,22,537d7b33f3b21bfc,1.181099,20.0,1,14109,1,1,0,0,1,0,0,0,0,0,0,0,0,1
4148,22,2d38ba07a77452f0,0.887316,19.545916,1,14116,1,1,0,0,1,0,0,0,0,0,0,0,0,0
4149,22,a4f4f63adf23d8a2,0.666607,18.16296,1,13872,1,1,0,0,0,0,0,0,0,0,0,0,0,1
4150,22,b68274bb31aee2f4,1.545449,17.139307,1,13998,1,0,0,0,1,0,0,0,0,0,0,0,0,0
4151,22,38913569dcc38fc9,1.161038,19.83381,1,14125,1,1,0,0,1,0,0,0,0,0,0,0,0,1
4152,22,0473a6f2724059fc,0.872244,18.379244,1,14051,1,1,0,0,1,0,0,0,0,0,0,0,0,0
4153,22,1afb9d0906887b2d,1.700091,20.0,1,13915,2,1,0,0,1,0,0,0,0,0,0,0,0,1
4154,22,fe8efc374a56e109,2.320868,19.091928,1,13778,1,0,0,0,0,0,0,0,0,0,0,0,0,1
4155,22,2598d74523999559,1.743581,17.821896,1,13747,1,1,0,0,1,0,0,0,0,0,0,0,0,0
4156,22,3b5269f988d74dcc,1.309887,20.0,1,13937,1,1,0,0,1,0,0,0,0,0,0,0,0,1
4157,22,47ed80d18dbbfcfa,0.985054,18.781445,1,14064,1,1,0,0,1,0,0,0,0,0,0,0,0,0
4158,22,3df2d331084a679a,1.783688,17.588642,1,14052,1,0,0,0,0,0,0,0,0,0,0,0,0,1
4159,22,47aa4b37e76a877e,1.340018,20.0,1,14029,1,1,0,0,1,0,0,0,0,0,0,0,0,1
4160,22,7ca68f6ca6eda39f,1.007713,18.649666,1,14179,1,1,0,0,1,0,0,0,0,0,0,0,0,0
4161,22,7b6095533d006771,0.757057,20.0,1,14051,1,1,0,0,1,0,0,0,0,0,0,0,0,1
4162,22,47bf3101f0064a09,1.612402,19.231684,1,14133,1,0,0,0,0,0,0,0,0,0,0,0,0,1
4163,22,6b50cca2e439b088,2.254991,20.0,1,13825,2,1,0,0,1,0,0,0,0,0,0,0,0,1
4164,22,cc1948d83cac9ff7,1.695785,19.577919,1,14118,1,1,0,0,1,0,0,0,0,0,0,0,0,0
4165,22,6a15208ff52c0d0a,2.317633,18.187003,1,13653,1,0,0,0,0,0,0,0,0,0,0,0,0,1
4166,22,6ccb13b6bbd3c8ca,1.741151,20.0,1,13818,1,1,0,0,1,0,0,0,0,0,0,0,0,1
4167,22,e37400449e9344aa,1.309371,18.987716,1,13425,1,1,0,0,0,0,0,0,0,0,0,0,0,1
4168,22,d8bee81611767e3a,3.070988,20.0,1,13655,2,0,0,0,1,0,0,0,0,0,0,0,0,1
4169,22,bb9e0caafabc7e66,2.307118,19.422478,1,13420,1,1,0,0,1,0,0,0,0,0,0,0,0,0
4170,22,b4d395bbe4b9e1c4,1.733252,20.0,1,13305,1,1,0,0,1,0,0,0,0,0,0,0,0,1
4171,22,b18b4ffbe064ef5a,1.30343,19.68571,1,13133,1,1,0,0,1,0,0,0,0,0,0,0,0,0
4172,22,fe21c89631371c19,0.979218,20.0,1,13026,1,1,0,0,1,0,0,0,0,0,0,0,0,1
4173,22,2251997791051f9e,1.779303,16.337578,0,13138,1,0,0,0,0,0,0,0,0,0,0,0,0,0
4174,22,459cc0d6745e418f,1.338062,19.247095,1,13321,1,1,0,0,1,0,0,0,0,0,0,0,0,1
4175,22,1ee11bf4fe3d5aea,1.005236,17.938468,1,13276,1,1,0,0,1,0,0,0,0,0,0,0,0,0
4176,22,9ab8b009d9a719e5,0.755196,20.0,1,13477,1,1,0,0,1,0,0,0,0,0,0,0,0,1
4177,22,7650d1e881cbc1dd,1.611004,15.351442,0,13509,1,0,0,0,0,0,0,0,0,0,0,0,0,0
4178,22,e259aa49f17ed140,1.211498,18.505507,1,13857,1,1,0,0,1,0,0,0,0,0,0,0,0,1
4179,22,3becb22d35753e16,1.953806,20.0,1,13807,2,1,0,0,1,0,0,0,0,0,0,0,0,1
4180,22,f519cf54e17c92c7,1.467822,19.150321,1,13766,1,1,0,0,1,0,0,0,0,0,0,0,0,0
4181,22,3e8db2a8f341e824,1.103823,20.0,1,13639,1,1,0,0,1,0,0,0,0,0,0,0,0,1
4182,22,31d0005ca33fdf8d,1.872914,16.048711,0,13854,1,0,0,0,0,0,0,0,0,0,0,0,0,0
4183,22,e5f396fd1c65da66,1.40705,19.014486,1,13639,1,1,0,0,1,0,0,0,0,0,0,0,0,1
4184,22,620e382a04dad8ed,1.057064,17.763717,1,13726,1,1,0,0,1,0,0,0,0,0,0,0,0,0
4185,22,3479cf7e4b0476cf,0.794927,16.83907,1,13532,1,1,0,0,0,0,0,0,0,0,0,0,0,1
4186,22,f2dde3c873b5b057,1.640853,19.608253,1,13939,1,0,0,0,1,0,0,0,0,0,0,0,0,1
4187,22,bbc0cdc194e74b3e,1.232711,18.209792,1,13601,1,1,0,0,1,0,0,0,0,0,0,0,0,0
4188,22,faf95ba05149ed04,0.927016,20.0,1,13502,1,1,0,0,1,0,0,0,0,0,0,0,0,1
4189,22,9716ff5d8390ec30,1.740086,18.996194,1,13968,1,0,0,0,0,0,0,0,0,0,0,0,0,1
4190,22,e11b61b1485313b8,2.350915,20.0,1,13611,2,1,0,0,1,0,0,0,0,0,0,0,0,1
4191,22,8caf794f8499f837,1.766155,19.427263,1,13744,1,1,0,0,0,0,0,0,0,0,0,0,0,1
4192,22,cd7e3550b4f1ce4d,2.372324,18.09008,1,13641,1,0,0,0,1,0,0,0,0,0,0,0,0,0
4193,22,a7d1d2fa4ee7dc63,1.782238,20.0,1,13795,1,1,0,0,1,0,0,0,0,0,0,0,0,1
4194,22,ca69716715591064,3.426236,18.915856,1,13915,2,0,0,0,0,0,0,0,0,0,0,0,0,1
4195,22,15aefd569d67769e,2.576578,20.0,1,14096,1,1,0,0,1,0,0,0,0,0,0,0,0,1
4196,22,d01bed53166191ca,1.935687,19.395092,1,14240,1,1,0,0,1,0,0,0,0,0,0,0,0,0
4197,22,692b8ac49f4b2b15,1.454209,20.0,1,14362,1,1,0,0,1,0,0,0,0,0,0,0,0,1
4198,22,02e4b30eff9e859a,3.1798,19.652399,1,14407,2,0,0,0,0,0,0,0,0,0,0,0,0,1
4199,22,f5ce1e8561f5a41e,2.391255,18.259386,1,14582,1,1,0,0,1,0,0,0,0,0,0,0,0,0
4200,22,defe0667627777b9,1.79646,20.0,1,13603,1,1,0,0,1,0,0,0,0,0,0,0,0,1
