tick,episode,frame_sha16,turn,forward,attack,total_spikes,DNp20_R_10059,DNp20_L_10162,MN9_L_10331,DNa02_R_10360,DNpe017_L_10527,MDN_R_10763,DNp09_L_10783,DNp09_R_11177,MDN_L_11288,MDN_R_11332,MDN_L_12348,MN9_R_16949,DNa02_L_523769,DNpe017_R_555871
1,1,1fd48474a6be9a50,0.0,3.478845,1,13260,1,1,0,0,0,0,0,0,0,0,0,0,0,1
2,1,530e0ea8d92a6d51,1.044151,6.096642,1,15423,1,0,0,0,1,0,0,0,0,0,0,0,0,0
3,1,9d91a06f605c6d81,0.784431,15.016713,1,13365,1,1,0,0,1,0,0,0,0,0,0,0,0,2
4,1,1bedfd585b1aa4b9,0.589314,14.76034,1,14427,1,1,0,0,1,0,0,0,0,0,0,0,0,0
5,1,26a9669cba5af3ef,0.442729,14.567736,1,14189,1,1,0,0,0,0,0,0,0,0,0,0,0,1
6,1,4f55c5e4b2d3c044,1.377089,14.435647,1,14246,1,0,0,0,1,0,0,0,0,0,0,0,0,0
7,1,429a6cfc04b09590,1.034556,17.802651,1,13919,1,1,0,0,1,0,0,0,0,0,0,0,0,1
8,1,bfd1095e82cc3b3f,0.777223,16.853311,1,14360,1,1,0,0,1,0,0,0,0,0,0,0,0,0
9,1,e8a24dfe484cb614,1.628633,16.154431,1,14046,1,0,0,0,0,0,0,0,0,0,0,0,0,1
10,1,a8eb40163c807ab7,1.223531,15.615065,1,13780,1,1,0,0,1,0,0,0,0,0,0,0,0,0
11,1,b734eb68cadec0ba,0.919193,18.688704,1,14184,1,1,0,0,1,0,0,0,0,0,0,0,0,1
12,1,03ed9d518f369873,0.690556,17.518969,1,13889,1,1,0,0,1,0,0,0,0,0,0,0,0,0
13,1,cd43fcebe8f5e6e6,1.563458,16.655016,1,13921,1,0,0,0,0,0,0,0,0,0,0,0,0,1
14,1,338e1a6d9a9334b5,1.174568,15.991135,1,14025,1,1,0,0,1,0,0,0,0,0,0,0,0,0
15,1,f71f04d2a5841727,0.882409,18.971231,1,13817,1,1,0,0,1,0,0,0,0,0,0,0,0,1
16,1,dab4ff966e399802,0.663584,17.747138,1,13981,1,1,0,0,1,0,0,0,0,0,0,0,0,0
17,1,339e340883d8ecaf,1.542179,16.811606,1,14120,1,0,0,0,0,0,0,0,0,0,0,0,0,1
18,1,0f3eea50b2030a66,1.158582,16.108776,1,14003,1,1,0,0,1,0,0,0,0,0,0,0,0,0
19,1,157d3461e0a7f335,0.870399,19.05961,1,13924,1,1,0,0,1,0,0,0,0,0,0,0,0,1
20,1,f1991b9aba19249f,0.654552,17.8136,1,14182,1,1,0,0,1,0,0,0,0,0,0,0,0,0
21,1,f0cae4ef532c2023,2.579048,16.861536,1,13896,2,0,0,0,0,0,0,0,0,0,0,0,0,1
22,1,7630abeab872e6cf,1.937542,19.625131,1,14124,1,1,0,0,1,0,0,0,0,0,0,0,0,1
23,1,253c29c9cd31f14d,1.457059,20.0,1,13838,1,1,0,0,1,0,0,0,0,0,0,0,0,1
24,1,1bcd43f2b236da2a,2.138287,19.795804,1,14054,1,0,0,0,0,0,0,0,0,0,0,0,0,1
25,1,190012cb2cd5517d,1.606415,18.350692,1,14052,1,1,0,0,1,0,0,0,0,0,0,0,0,0
26,1,752285f96761bfac,1.20684,20.0,1,13827,1,1,0,0,1,0,0,0,0,0,0,0,0,1
27,1,8ce008444b943984,0.907561,20.0,1,13848,1,1,0,0,1,0,0,0,0,0,0,0,0,1
28,1,815cbd6616cc478f,1.72547,16.949007,0,14123,1,0,0,0,0,0,0,0,0,0,0,0,0,0
29,1,ea182be542b69bac,1.296281,19.690844,1,14013,1,1,0,0,1,0,0,0,0,0,0,0,0,1
30,1,98558a7fe6a345e2,0.974822,20.0,1,13791,1,1,0,0,1,0,0,0,0,0,0,0,0,1
31,1,d0c4a3176ddba144,0.732347,19.832929,1,14107,1,1,0,0,1,0,0,0,0,0,0,0,0,0
32,1,dd1e5f78efae9bca,0.550185,18.378583,1,13928,1,1,0,0,0,0,0,0,0,0,0,0,0,1
33,1,16a5a908ff857a66,2.50064,20.0,1,14133,2,0,0,0,1,0,0,0,0,0,0,0,0,1
34,1,95f8390a45c16b78,1.880517,19.095951,1,13838,1,1,0,0,1,0,0,0,0,0,0,0,0,0
35,1,321bea6b7b9ab820,1.412762,20.0,1,14141,1,1,0,0,1,0,0,0,0,0,0,0,0,1
36,1,efab16a3f850c112,1.061355,20.0,1,14140,1,1,0,0,1,0,0,0,0,0,0,0,0,1
37,1,fcf876800c3a11ef,1.842305,17.26806,0,13789,1,0,0,0,0,0,0,0,0,0,0,0,0,0
38,1,9361b30e7e3e095d,1.384055,19.930537,1,14088,1,1,0,0,1,0,0,0,0,0,0,0,0,1
39,1,4fc09ccdfceeee4c,2.083442,20.0,1,14056,2,1,0,0,1,0,0,0,0,0,0,0,0,1
40,1,4ef7db5f3482d200,2.608865,19.954602,1,14113,1,0,0,0,0,0,0,0,0,0,0,0,0,1
41,1,c24e971eb40ebdcb,1.961904,18.486647,1,13902,1,1,0,0,1,0,0,0,0,0,0,0,0,0
42,1,50b58e94d9a75050,1.473905,20.0,1,13955,1,1,0,0,1,0,0,0,0,0,0,0,0,1
43,1,c3c1345bc3e41d62,2.150943,20.0,1,14064,2,1,0,0,1,0,0,0,0,0,0,0,0,1
44,1,93e448e997f9674c,1.61754,20.0,1,14053,1,1,0,0,0,0,0,0,0,0,0,0,0,1
45,1,79d0b93330795135,2.258851,18.87218,1,14049,1,0,0,0,1,0,0,0,0,0,0,0,0,0
46,1,a17e85c3a7206bdb,1.69699,20.0,1,14147,1,1,0,0,1,0,0,0,0,0,0,0,0,1
47,1,74f0d14071a71444,1.274885,19.35727,1,14079,1,1,0,0,1,0,0,0,0,0,0,0,0,0
48,1,2e5ad07a3fae2d37,0.958732,20.0,1,14046,1,1,0,0,1,0,0,0,0,0,0,0,0,1
49,1,d6bdeb391b56bdfb,0.720259,19.644473,1,14067,1,1,0,0,1,0,0,0,0,0,0,0,0,0
50,1,9626e12cdf28095d,1.584757,18.237003,1,14038,1,0,0,0,0,0,0,0,0,0,0,0,0,1
51,1,30166c328dfa6df8,2.235911,20.0,1,14136,2,1,0,0,1,0,0,0,0,0,0,0,0,1
52,1,d1ff4a599011bac4,1.679756,20.0,1,14196,1,1,0,0,1,0,0,0,0,0,0,0,0,1
53,1,906fc9d835fb656f,2.305591,20.0,1,14065,1,0,0,0,0,0,0,0,0,0,0,0,0,1
54,1,7482b0b0d79326ab,1.732105,18.785858,1,14122,1,1,0,0,1,0,0,0,0,0,0,0,0,0
55,1,b3c5d7421909e6ec,2.346718,20.0,1,14134,2,1,0,0,1,0,0,0,0,0,0,0,0,1
56,1,8ab44e98d2a44c66,1.763001,20.0,1,14045,1,1,0,0,1,0,0,0,0,0,0,0,0,1
57,1,40c0606a670612e3,2.36813,20.0,1,14184,1,0,0,0,0,0,0,0,0,0,0,0,0,1
58,1,e0296e3919734320,1.780868,18.978013,1,14048,1,1,0,0,1,0,0,0,0,0,0,0,0,0
59,1,ca7c6bb117b7a7d6,1.337899,20.0,1,14133,1,1,0,0,1,0,0,0,0,0,0,0,0,1
60,1,50569e31dab4c1c4,1.005114,15.938157,0,14085,1,1,0,0,0,0,0,0,0,0,0,0,0,0
61,1,1ecfc493176928e9,1.798758,18.931431,1,14219,1,0,0,0,1,0,0,0,0,0,0,0,0,1
62,1,d4be6d1da1c19111,1.352691,17.717207,1,13958,1,1,0,0,1,0,0,0,0,0,0,0,0,0
63,1,1f6373f92af416cc,1.016227,20.0,1,14035,1,1,0,0,1,0,0,0,0,0,0,0,0,1
64,1,6692a7484e93ebdd,1.807106,15.226564,0,13983,1,0,0,0,0,0,0,0,0,0,0,0,0,0
65,1,02b475e2e674816c,1.35897,18.411597,1,13971,1,1,0,0,1,0,0,0,0,0,0,0,0,1
66,1,febca64d4e8b1d25,2.064597,20.0,1,14043,2,1,0,0,1,0,0,0,0,0,0,0,0,1
67,1,581003a1b23a5126,1.551054,20.0,1,13984,1,1,0,0,1,0,0,0,0,0,0,0,0,1
68,1,de21ab0c6f541ec0,2.208902,16.960628,0,14204,1,0,0,0,0,0,0,0,0,0,0,0,0,0
69,1,233bb445d9172344,1.661126,19.715637,1,14095,1,1,0,0,1,0,0,0,0,0,0,0,0,1
70,1,1169031e115b1548,1.247942,18.290466,1,14028,1,1,0,0,1,0,0,0,0,0,0,0,0,0
71,1,b99f2faf3b32e1e2,1.981185,17.219788,1,14124,2,1,0,0,0,0,0,0,0,0,0,0,0,1
72,1,48cf456730a62b23,2.53403,19.910529,1,14170,1,0,0,0,1,0,0,0,0,0,0,0,0,1
73,1,2c94b98315c46893,1.903722,20.0,1,14127,1,1,0,0,1,0,0,0,0,0,0,0,0,1
74,1,cefb9e8e92b1425f,1.430195,20.0,1,14170,1,1,0,0,1,0,0,0,0,0,0,0,0,1
75,1,69899cc78830ec9d,2.118106,17.596189,0,14220,1,0,0,0,0,0,0,0,0,0,0,0,0,0
76,1,7fdd4357ed62f313,1.592846,20.0,1,14027,1,1,0,0,1,0,0,0,0,0,0,0,0,1
77,1,36c9756092c48e33,2.240299,20.0,1,14223,2,1,0,0,1,0,0,0,0,0,0,0,0,1
78,1,fc68b0a37430b7ba,2.726706,16.624222,0,14265,1,0,0,0,0,0,0,0,0,0,0,0,0,0
79,1,b8ce31a8338b810f,2.050522,19.462656,1,13992,1,1,0,0,1,0,0,0,0,0,0,0,0,1
80,1,a395bdcff1b03e91,2.584134,18.10041,1,14349,1,0,0,0,0,0,0,0,0,0,0,0,0,1
81,1,a77fc21cf4838abd,1.941363,17.077006,1,14232,1,1,0,0,1,0,0,0,0,0,0,0,0,0
82,1,9b9ee74dbb311458,1.458474,19.787005,1,14327,1,1,0,0,1,0,0,0,0,0,0,0,0,1
83,1,5c9c0a752fd80c1d,2.140943,18.360612,1,14231,2,1,0,0,0,0,0,0,0,0,0,0,0,1
84,1,979d3893f2d900d5,2.652064,17.272486,1,14480,1,0,0,0,1,0,0,0,0,0,0,0,0,0
85,1,cec91f567207e8db,1.992397,19.933862,1,14206,1,1,0,0,1,0,0,0,0,0,0,0,0,1
86,1,f3241cb2cf0c3430,1.498311,18.47105,1,14264,1,1,0,0,1,0,0,0,0,0,0,0,0,0
87,1,981261949b38d1a1,2.169278,17.355454,1,14338,1,0,0,0,0,0,0,0,0,0,0,0,0,1
88,1,8eb3ba7cf5917a1c,1.629698,16.517348,1,14448,1,1,0,0,1,0,0,0,0,0,0,0,0,0
89,1,f72f95d576e92ed6,2.267984,19.366555,1,14660,2,1,0,0,1,0,0,0,0,0,0,0,0,1
90,1,5d611da0dd8ff17b,1.705556,20.0,1,14517,1,1,0,0,1,0,0,0,0,0,0,0,0,1
91,1,30a9c8de2de71f12,2.324974,19.649719,1,14185,1,0,0,0,0,0,0,0,0,0,0,0,0,1
92,1,a846ff1e8bb32b07,1.746666,18.240944,1,14122,1,1,0,0,1,0,0,0,0,0,0,0,0,0
93,1,c85b67d4fd66ab39,1.313518,20.0,1,14139,1,1,0,0,1,0,0,0,0,0,0,0,0,1
94,1,f34554075296143c,2.03045,15.534949,0,14224,1,0,0,0,0,0,0,0,0,0,0,0,0,0
95,1,7d880eeea7e68e8b,1.525401,18.628515,1,14188,1,1,0,0,1,0,0,0,0,0,0,0,0,1
96,1,447acb7895747c53,1.145977,17.473752,1,14038,1,1,0,0,1,0,0,0,0,0,0,0,0,0
97,1,3cc4616709d78b38,1.905942,16.621012,1,14084,1,0,0,0,0,0,0,0,0,0,0,0,0,1
98,1,d40acf7f88c12a79,1.431863,15.96559,1,14177,1,1,0,0,1,0,0,0,0,0,0,0,0,0
99,1,45f69545057b1924,1.075705,18.95204,1,14155,1,1,0,0,1,0,0,0,0,0,0,0,0,1
100,1,841dfbc09b3ee637,0.808945,14.252204,0,14173,1,1,0,0,0,0,0,0,0,0,0,0,0,0
101,1,ef611aa95ed31685,1.651384,17.664837,1,13997,1,0,0,0,1,0,0,0,0,0,0,0,0,1
102,1,26bc9ce30fce805c,1.240623,16.749776,1,14083,1,1,0,0,1,0,0,0,0,0,0,0,0,0
103,1,fd71a161a7bf5d9e,0.932034,19.54117,1,13962,1,1,0,0,1,0,0,0,0,0,0,0,0,1
104,1,db845c2db14717e8,0.700903,18.17574,1,13769,1,1,0,0,0,0,0,0,0,0,0,0,0,1
105,1,53b0e1a8751eb1df,1.570215,17.133598,1,13981,1,0,0,0,1,0,0,0,0,0,0,0,0,0
106,1,67035b6aefc07498,1.179644,19.829521,1,13853,1,1,0,0,1,0,0,0,0,0,0,0,0,1
107,1,8b6b2265a10408bf,1.93126,20.0,1,13913,2,1,0,0,1,0,0,0,0,0,0,0,0,1
108,1,704bd80ad0bb85b7,2.494537,19.911276,1,13816,1,0,0,0,0,0,0,0,0,0,0,0,0,1
109,1,aee88d62d128a803,1.874052,18.437442,1,13767,1,1,0,0,1,0,0,0,0,0,0,0,0,0
110,1,07e557288d804247,1.407905,20.0,1,13875,1,1,0,0,1,0,0,0,0,0,0,0,0,1
111,1,5c91d0e8fad1e860,1.058765,15.648702,0,13499,1,1,0,0,0,0,0,0,0,0,0,0,0,0
112,1,7cd7fb418c174d19,1.839064,18.713974,1,13693,1,0,0,0,1,0,0,0,0,0,0,0,0,1
113,1,0357a418be9ba997,1.38162,17.537954,1,13658,1,1,0,0,1,0,0,0,0,0,0,0,0,0
114,1,718341e131f37352,1.038998,20.0,1,13596,1,1,0,0,1,0,0,0,0,0,0,0,0,1
115,1,a86249c331b0a905,0.78056,15.137787,0,13621,1,1,0,0,0,0,0,0,0,0,0,0,0,0
116,1,960265aeed2cc185,1.630059,18.330143,1,13886,1,0,0,0,1,0,0,0,0,0,0,0,0,1
117,1,9922c61a95f949e5,1.224602,20.0,1,13657,1,1,0,0,1,0,0,0,0,0,0,0,0,1
118,1,3353b37d733bc257,1.965069,20.0,1,13473,2,1,0,0,1,0,0,0,0,0,0,0,0,1
119,1,b72d2cd567702414,1.476283,20.0,1,13478,1,1,0,0,1,0,0,0,0,0,0,0,0,0
120,1,23b82419a91f4c95,2.152729,18.818973,1,13451,1,0,0,0,0,0,0,0,0,0,0,0,0,1
121,1,283ea77910f4c69b,1.618883,20.0,1,13405,1,1,0,0,1,0,0,0,0,0,0,0,0,1
122,1,9b8d0dc9dd911f31,1.216206,20.0,1,12974,1,1,0,0,1,0,0,0,0,0,0,0,0,1
123,1,7ee0086d82cd4f82,0.91369,20.0,1,13083,1,1,0,0,1,0,0,0,0,0,0,0,0,0
124,1,9ba1b87fd220b987,1.730075,18.971425,1,13147,1,0,0,0,0,0,0,0,0,0,0,0,0,1
125,1,d37460187c747f69,1.301041,17.747284,1,12961,1,1,0,0,1,0,0,0,0,0,0,0,0,0
126,1,a20ebff0664b63e6,0.977423,20.0,1,13094,1,1,0,0,1,0,0,0,0,0,0,0,0,1
127,1,7b0d8e03a325d91b,0.734302,18.722384,1,12982,1,1,0,0,1,0,0,0,0,0,0,0,0,0
128,1,2358ff3fcfbf1797,0.552205,20.0,1,13643,1,1,0,0,1,0,0,0,0,0,0,0,0,1
129,1,d9b74896ac4dd198,0.414851,19.285788,1,13650,1,1,0,0,0,0,0,0,0,0,0,0,0,1
130,1,6c8f31635c64f5e8,1.355316,17.967536,1,13666,1,0,0,0,1,0,0,0,0,0,0,0,0,0
131,1,50011319c3c5018e,1.018198,20.0,1,13244,1,1,0,0,1,0,0,0,0,0,0,0,0,1
132,1,9ce58abaa9192081,1.80985,20.0,1,13122,2,1,0,0,1,0,0,0,0,0,0,0,0,1
133,1,bf5dbfead29ffcfe,1.359673,20.0,1,13031,1,1,0,0,1,0,0,0,0,0,0,0,0,1
134,1,873ff94fb62bb4bf,2.065125,20.0,1,12797,1,0,0,0,0,0,0,0,0,0,0,0,0,1
135,1,c650d0e9bfa1c2e6,1.553003,19.511098,1,12912,1,1,0,0,1,0,0,0,0,0,0,0,0,0
136,1,baf598fa5e78dbb0,1.166713,20.0,1,12863,1,1,0,0,1,0,0,0,0,0,0,0,0,1
137,1,9088cced34d1fc66,1.920161,16.239028,0,12814,1,0,0,0,0,0,0,0,0,0,0,0,0,0
138,1,5e015c2472e7a43f,1.442545,19.157464,1,13023,1,1,0,0,1,0,0,0,0,0,0,0,0,1
139,1,08da6ec375f07f1c,1.084815,17.887187,1,12615,1,1,0,0,1,0,0,0,0,0,0,0,0,0
140,1,5748f9389fd3a2be,0.814981,20.0,1,12741,1,1,0,0,1,0,0,0,0,0,0,0,0,1
141,1,46f4e3cbafa0b940,1.655918,15.3225,0,12514,1,0,0,0,0,0,0,0,0,0,0,0,0,0
142,1,0829654dec94ec49,1.245274,18.483742,1,12635,1,1,0,0,1,0,0,0,0,0,0,0,0,1
143,1,4ccf14adc1e20bea,0.935528,17.364989,1,12146,1,1,0,0,1,0,0,0,0,0,0,0,0,0
144,1,2351dcaa79bd379a,0.702827,20.0,1,12604,1,1,0,0,1,0,0,0,0,0,0,0,0,1
145,1,2e026e135f7c77e0,0.528008,15.027774,0,12701,1,1,0,0,0,0,0,0,0,0,0,0,0,0
146,1,0c5a8b041029700f,1.44122,18.262103,1,12687,1,0,0,0,1,0,0,0,0,0,0,0,0,1
147,1,da1c5cae9115a2e8,1.082735,20.0,1,12551,1,1,0,0,1,0,0,0,0,0,0,0,0,1
148,1,39fc785c7aa86839,1.857071,19.012945,1,12474,2,1,0,0,1,0,0,0,0,0,0,0,0,0
149,1,a24e4671b18519de,1.396544,20.0,1,12394,1,1,0,0,1,0,0,0,0,0,0,0,0,1
150,1,fd5764c5afdf1175,2.092825,19.449944,1,12806,1,0,0,0,0,0,0,0,0,0,0,0,0,1
151,1,353214f9691effbf,0.528608,18.09086,1,12696,0,1,0,0,1,0,0,0,0,0,0,0,0,0
152,1,9846fb8620c26c3c,0.397123,17.069831,1,13002,1,1,0,0,1,0,0,0,0,0,0,0,0,0
153,1,27d52b88105fecdb,1.342793,16.317258,1,12781,2,1,0,0,0,0,0,0,0,0,0,0,0,1
154,1,e0f45957a6cf66e9,2.052443,19.216235,1,13023,1,0,0,0,1,0,0,0,0,0,0,0,0,1
155,1,03059e4eb4a27fe7,1.541924,17.915284,1,12817,1,1,0,0,1,0,0,0,0,0,0,0,0,0
156,1,b77625461b03c66c,1.159549,20.0,1,13130,1,1,0,0,1,0,0,0,0,0,0,0,0,1
157,1,3617625228556cc8,1.914779,18.829808,1,13252,1,0,0,0,0,0,0,0,0,0,0,0,0,1
158,1,0617f04b0db14ccd,1.438502,17.624976,1,13442,1,1,0,0,1,0,0,0,0,0,0,0,0,0
159,2,1fd48474a6be9a50,1.080693,20.0,1,13953,1,1,0,0,1,0,0,0,0,0,0,0,0,1
160,2,530e0ea8d92a6d51,1.856847,15.189691,0,14081,1,0,0,0,0,0,0,0,0,0,0,0,0,0
161,2,9d91a06f605c6d81,1.39498,18.369136,1,14073,1,1,0,0,1,0,0,0,0,0,0,0,0,1
162,2,1bedfd585b1aa4b9,2.091649,13.800045,0,14439,1,0,0,0,0,0,0,0,0,0,0,0,0,0
163,2,26a9669cba5af3ef,1.57295,17.338834,1,14182,1,1,0,0,1,0,0,0,0,0,0,0,0,1
164,2,4f55c5e4b2d3c044,1.181699,16.504862,1,14124,1,1,0,0,1,0,0,0,0,0,0,0,0,0
165,2,429a6cfc04b09590,1.931419,15.878331,1,14147,1,0,0,0,0,0,0,0,0,0,0,0,0,1
166,2,bfd1095e82cc3b3f,1.451003,18.886485,1,14082,1,1,0,0,1,0,0,0,0,0,0,0,0,1
167,2,e8a24dfe484cb614,1.091175,17.683408,1,13916,1,1,0,0,1,0,0,0,0,0,0,0,0,0
168,2,a8eb40163c807ab7,0.819759,16.763728,1,14023,1,1,0,0,0,0,0,0,0,0,0,0,0,1
169,2,b734eb68cadec0ba,2.703161,19.551651,1,13911,2,0,0,0,1,0,0,0,0,0,0,0,0,1
170,2,03ed9d518f369873,2.032816,18.183622,1,13972,1,1,0,0,1,0,0,0,0,0,0,0,0,0
171,2,cd43fcebe8f5e6e6,1.527178,20.0,1,14047,1,1,0,0,1,0,0,0,0,0,0,0,0,1
172,2,338e1a6d9a9334b5,1.147312,18.968651,1,14052,1,1,0,0,0,0,0,0,0,0,0,0,0,1
173,2,f71f04d2a5841727,1.905586,17.729283,1,13965,1,0,0,0,1,0,0,0,0,0,0,0,0,0
174,2,dab4ff966e399802,1.433028,20.0,1,13986,1,1,0,0,1,0,0,0,0,0,0,0,0,1
175,2,339e340883d8ecaf,1.07658,20.0,1,13987,1,1,0,0,1,0,0,0,0,0,0,0,0,1
176,2,0f3eea50b2030a66,1.852448,16.680712,0,13928,1,0,0,0,0,0,0,0,0,0,0,0,0,0
177,2,157d3461e0a7f335,1.393067,19.505137,1,13949,1,1,0,0,1,0,0,0,0,0,0,0,0,1
178,2,f1991b9aba19249f,1.046559,20.0,1,14029,1,1,0,0,1,0,0,0,0,0,0,0,0,1
179,2,f0cae4ef532c2023,0.786241,16.235663,0,14103,1,1,0,0,0,0,0,0,0,0,0,0,0,0
180,2,7630abeab872e6cf,1.634327,19.154936,1,13965,1,0,0,0,1,0,0,0,0,0,0,0,0,1
181,2,253c29c9cd31f14d,1.229037,17.885287,1,14055,1,1,0,0,1,0,0,0,0,0,0,0,0,0
182,2,1bcd43f2b236da2a,0.92333,16.915392,1,13892,1,1,0,0,0,0,0,0,0,0,0,0,0,1
183,2,190012cb2cd5517d,1.737316,16.186746,1,13995,1,0,0,0,1,0,0,0,0,0,0,0,0,0
184,2,752285f96761bfac,1.306487,19.133667,1,13797,1,1,0,0,1,0,0,0,0,0,0,0,0,1
185,2,8ce008444b943984,0.981515,20.0,1,13992,1,1,0,0,1,0,0,0,0,0,0,0,0,1
186,2,815cbd6616cc478f,0.737375,19.504852,1,14016,1,1,0,0,0,0,0,0,0,0,0,0,0,1
187,2,ea182be542b69bac,2.641269,18.132111,1,13983,2,0,0,0,1,0,0,0,0,0,0,0,0,0
188,2,98558a7fe6a345e2,1.986272,20.0,1,13847,1,1,0,0,1,0,0,0,0,0,0,0,0,1
189,2,ea40987dff05550d,1.492212,18.952307,1,13982,1,1,0,0,1,0,0,0,0,0,0,0,0,0
190,2,bd84d51435d6859a,1.121043,17.717004,1,14035,1,1,0,0,0,0,0,0,0,0,0,0,0,1
191,2,b3773e59edaae1a5,1.887191,20.0,1,13891,1,0,0,0,1,0,0,0,0,0,0,0,0,1
192,2,5dadae3439224eef,1.417776,18.717788,1,14161,1,1,0,0,1,0,0,0,0,0,0,0,0,0
193,2,999d3e32bf8ac332,1.065122,20.0,1,13964,1,1,0,0,1,0,0,0,0,0,0,0,0,1
194,2,93ca203daad1e765,1.84384,20.0,1,13874,2,1,0,0,1,0,0,0,0,0,0,0,0,1
195,2,47a61ba2d2334474,2.430744,20.0,1,14001,1,0,0,0,0,0,0,0,0,0,0,0,0,1
196,2,94215aa925f7efc2,1.826127,18.945882,1,13910,1,1,0,0,1,0,0,0,0,0,0,0,0,0
197,2,7547707c30185d74,1.371901,20.0,1,13929,1,1,0,0,1,0,0,0,0,0,0,0,0,1
198,2,eae6455ec5d55694,2.07584,19.416452,1,13981,1,0,0,0,0,0,0,0,0,0,0,0,0,1
199,2,0c29e9d5d45ec48c,1.559501,18.065699,1,14079,1,1,0,0,1,0,0,0,0,0,0,0,0,0
200,2,7635b5de22136fcf,2.215248,20.0,1,14008,2,1,0,0,1,0,0,0,0,0,0,0,0,1
201,2,71731bc3fb924e4c,1.664233,20.0,1,14035,1,1,0,0,1,0,0,0,0,0,0,0,0,1
202,2,2bfeb5059efc1bca,2.295677,20.0,1,13856,1,0,0,0,0,0,0,0,0,0,0,0,0,1
203,2,b84c55d6df92b6a5,1.724657,18.737956,1,14043,1,1,0,0,1,0,0,0,0,0,0,0,0,0
204,2,b07e028a9e352328,1.29567,17.55597,1,13868,1,1,0,0,0,0,0,0,0,0,0,0,0,1
205,2,e17f3acca75a88d8,2.018513,20.0,1,14027,1,0,0,0,1,0,0,0,0,0,0,0,0,1
206,2,ff76efff97b12b4e,1.516433,18.626811,1,14025,1,1,0,0,1,0,0,0,0,0,0,0,0,0
207,2,c49c67da2ea37a66,1.13924,20.0,1,14009,1,1,0,0,1,0,0,0,0,0,0,0,0,1
208,2,678f59b0c5f3aec0,1.899521,19.218785,1,13996,1,0,0,0,0,0,0,0,0,0,0,0,0,1
209,2,2d8c48b7ac050995,1.428467,20.0,1,13971,1,1,0,0,1,0,0,0,0,0,0,0,0,1
210,2,356d473c9c04caa4,2.116807,19.566234,1,13987,2,1,0,0,1,0,0,0,0,0,0,0,0,0
211,2,889dcc97d5f39ba3,1.590278,20.0,1,14011,1,1,0,0,1,0,0,0,0,0,0,0,0,1
212,2,f7cfe82027b13a7b,1.195912,16.286425,0,13940,1,1,0,0,0,0,0,0,0,0,0,0,0,0
213,2,b7cef79c5b903f68,1.942097,19.193071,1,13990,1,0,0,0,1,0,0,0,0,0,0,0,0,1
214,2,c7e666ff6e84440b,1.459025,20.0,1,13949,1,1,0,0,1,0,0,0,0,0,0,0,0,1
215,2,346242252b228ef4,1.096111,19.53838,1,14069,1,1,0,0,1,0,0,0,0,0,0,0,0,0
216,2,119018cce592c38e,2.912592,18.173642,1,13960,2,0,0,0,0,0,0,0,0,0,0,0,0,1
217,2,75111a681bbe18e5,2.188122,20.0,1,13902,1,1,0,0,1,0,0,0,0,0,0,0,0,1
218,2,52ce7c260f45af03,1.643854,20.0,1,13878,1,1,0,0,1,0,0,0,0,0,0,0,0,1
219,2,509b55e2dbb320cb,1.236202,20.0,1,14036,1,1,0,0,0,0,0,0,0,0,0,0,0,1
220,2,e7e50176d3d6433d,1.972365,18.772374,1,13981,1,0,0,0,1,0,0,0,0,0,0,0,0,0
221,2,b7b47c451ab2719e,1.481764,20.0,1,13805,1,1,0,0,1,0,0,0,0,0,0,0,0,1
222,2,4f409d4a8f320d71,2.156848,20.0,1,13837,2,1,0,0,1,0,0,0,0,0,0,0,0,1
223,2,cef7fa9615666658,2.666131,17.130723,0,13887,1,0,0,0,0,0,0,0,0,0,0,0,0,0
224,2,d861e0d3bb0b313e,2.002964,19.827361,1,13842,1,1,0,0,1,0,0,0,0,0,0,0,0,1
225,2,35ce60bcb9367e8c,1.504752,20.0,1,13886,1,1,0,0,1,0,0,0,0,0,0,0,0,1
226,2,d5d4ca5d7193f9d2,1.131595,19.914453,1,13823,1,1,0,0,1,0,0,0,0,0,0,0,0,0
227,2,1df33c4cedadb90b,1.893778,18.439828,1,14073,1,0,0,0,0,0,0,0,0,0,0,0,0,1
228,2,819b35a1b8a50a4e,1.422725,20.0,1,13806,1,1,0,0,1,0,0,0,0,0,0,0,0,1
229,2,fc0954fec58d599e,2.112493,20.0,1,13961,2,1,0,0,1,0,0,0,0,0,0,0,0,1
230,2,ab1f1d2a0cc343a3,2.632776,16.989579,0,13818,1,0,0,0,0,0,0,0,0,0,0,0,0,0
231,2,02ed6277af9aacf1,1.977906,19.721325,1,13929,1,1,0,0,1,0,0,0,0,0,0,0,0,1
232,2,0e5b1338f6ccd1b1,1.485927,18.294739,1,13870,1,1,0,0,1,0,0,0,0,0,0,0,0,0
233,2,c841b7ed3fa313df,2.161589,17.238406,1,13779,1,0,0,0,0,0,0,0,0,0,0,0,0,1
234,2,62a0d170303a97b0,1.623921,19.908259,1,14084,1,1,0,0,1,0,0,0,0,0,0,0,0,1
235,2,93380ee8dc7566a6,1.219991,18.435175,1,13941,1,1,0,0,1,0,0,0,0,0,0,0,0,0
236,2,0026d175ffe59c8c,1.960187,17.328502,1,14004,1,0,0,0,0,0,0,0,0,0,0,0,0,1
237,2,de5ff8ee6cc78f3c,2.518239,19.992284,1,13811,2,1,0,0,1,0,0,0,0,0,0,0,0,1
238,2,757a867f668527e5,1.891859,18.4983,1,13948,1,1,0,0,1,0,0,0,0,0,0,0,0,0
239,2,5906bd726cf35d91,2.464936,17.375926,1,13763,1,0,0,0,0,0,0,0,0,0,0,0,0,1
240,2,2dd1c4d34e2f4b07,1.853667,20.0,1,13563,1,1,0,0,1,0,0,0,0,0,0,0,0,1
241,2,ed05a6487f2a968f,2.436244,15.046248,0,13824,1,0,0,0,0,0,0,0,0,0,0,0,0,0
242,2,450546ea3d6ded5a,1.830259,18.261373,1,13616,1,1,0,0,1,0,0,0,0,0,0,0,0,1
243,2,42592e988524149c,1.375005,17.197931,1,13965,1,1,0,0,1,0,0,0,0,0,0,0,0,0
244,2,5bb540058da5417c,2.078174,16.413591,1,13715,1,0,0,0,0,0,0,0,0,0,0,0,0,1
245,2,3d7690ceb6ff145c,2.604908,19.288606,1,13856,2,1,0,0,1,0,0,0,0,0,0,0,0,1
246,2,dacd8651f6d4eeaa,1.95697,14.490809,0,13839,1,1,0,0,0,0,0,0,0,0,0,0,0,0
247,2,0c1fab33a5bb62cc,2.51582,17.858298,1,13713,1,0,0,0,1,0,0,0,0,0,0,0,0,1
248,2,071ca574f097f677,1.890041,20.0,1,13711,1,1,0,0,1,0,0,0,0,0,0,0,0,1
249,2,0110b699ee0b157d,1.419917,15.306195,0,13274,1,1,0,0,0,0,0,0,0,0,0,0,0,0
250,2,5ad0ff9fd47e13d1,2.110384,18.456661,1,13488,1,0,0,0,1,0,0,0,0,0,0,0,0,1
251,2,3820153c05cebaca,1.587039,17.360174,1,13534,1,1,0,0,1,0,0,0,0,0,0,0,0,0
252,2,e80566419ff4abc2,2.235936,16.520894,1,13877,1,0,0,0,0,0,0,0,0,0,0,0,0,1
253,2,1454d91fbd307241,1.679775,19.369219,1,13848,1,1,0,0,1,0,0,0,0,0,0,0,0,1
254,2,049d36c4861a73c0,1.263215,18.046431,1,13869,1,1,0,0,1,0,0,0,0,0,0,0,0,0
255,2,9853d069e1bd2d5d,1.99266,17.036453,1,13814,1,0,0,0,0,0,0,0,0,0,0,0,0,1
256,2,749db8f749512260,1.497011,16.277695,1,13862,1,1,0,0,1,0,0,0,0,0,0,0,0,0
257,2,e043e86364ae103b,1.124648,19.186513,1,13809,1,1,0,0,1,0,0,0,0,0,0,0,0,1
258,2,5c1dc8b3f0434580,0.845751,14.428531,0,13761,1,1,0,0,0,0,0,0,0,0,0,0,0,0
259,2,237644f97a35ee73,1.679035,17.797305,1,13760,1,0,0,0,1,0,0,0,0,0,0,0,0,1
260,2,8a3be677ed714fb0,1.261396,20.0,1,13930,1,1,0,0,1,0,0,0,0,0,0,0,0,1
261,2,f5502357c6d6c6de,0.948588,18.767552,1,13730,1,1,0,0,1,0,0,0,0,0,0,0,0,0
262,2,d0d65d020a48c8f8,0.712639,17.578205,1,13867,1,1,0,0,0,0,0,0,0,0,0,0,0,1
263,2,93d462513749c7fd,1.579032,20.0,1,13779,1,0,0,0,1,0,0,0,0,0,0,0,0,1
264,2,93c3066689f9bec1,2.229921,20.0,1,13849,2,1,0,0,1,0,0,0,0,0,0,0,0,1
265,2,53cb5cad4b378720,1.676932,20.0,1,13619,1,1,0,0,1,0,0,0,0,0,0,0,0,0
266,2,df2ee62ed8096f9d,2.30347,18.582513,1,13798,1,0,0,0,0,0,0,0,0,0,0,0,0,1
267,2,53cc2eb1fd746701,1.730511,17.439192,1,13861,1,1,0,0,1,0,0,0,0,0,0,0,0,0
268,2,5c542c18e111147d,1.301369,20.0,1,13870,1,1,0,0,1,0,0,0,0,0,0,0,0,1
269,2,a4179e7fbf747f31,0.97767,20.0,1,13894,1,1,0,0,1,0,0,0,0,0,0,0,0,1
270,2,3bdfd819fd095778,0.734487,20.0,1,13954,1,1,0,0,1,0,0,0,0,0,0,0,0,0
271,2,870380458fe1faaa,0.551792,18.531467,1,13821,1,1,0,0,0,0,0,0,0,0,0,0,0,1
272,2,94a57ec4d5414d77,1.459106,20.0,1,13794,1,0,0,0,1,0,0,0,0,0,0,0,0,1
273,2,a42dc048d46bc74e,1.096172,19.177927,1,13947,1,1,0,0,1,0,0,0,0,0,0,0,0,0
274,2,9321c95b9ea34035,0.823513,20.0,1,13626,1,1,0,0,1,0,0,0,0,0,0,0,0,1
275,2,2b0f4727becf88cb,1.663444,19.547549,1,13772,1,0,0,0,0,0,0,0,0,0,0,0,0,1
276,2,fc0142b0b3345148,1.249683,18.164187,1,13801,1,1,0,0,1,0,0,0,0,0,0,0,0,0
277,2,35f10eb454fbbe5a,0.93884,20.0,1,13702,1,1,0,0,1,0,0,0,0,0,0,0,0,1
278,2,76da5bff87ccdfd3,1.748969,15.478837,0,13862,1,0,0,0,0,0,0,0,0,0,0,0,0,0
279,2,547fda052358d6d9,1.31525,18.60131,1,13590,1,1,0,0,1,0,0,0,0,0,0,0,0,1
280,2,a256a8b8e6c7a3a7,0.988098,17.453313,1,13722,1,1,0,0,1,0,0,0,0,0,0,0,0,0
281,2,8fa1b7feebbb0857,1.785974,20.0,1,13989,2,1,0,0,1,0,0,0,0,0,0,0,0,1
282,2,00e5d43f687ffb7c,2.387229,18.57321,1,13668,1,0,0,0,0,0,0,0,0,0,0,0,0,1
283,2,aaf022466ae35eeb,1.793436,20.0,1,13960,1,1,0,0,1,0,0,0,0,0,0,0,0,1
284,2,c186e17a93f13b48,1.347341,20.0,1,13807,1,1,0,0,1,0,0,0,0,0,0,0,0,1
285,2,7068a58121578ff3,1.012207,20.0,1,13833,1,1,0,0,1,0,0,0,0,0,0,0,0,0
286,2,08147b368e5bf8d5,1.805345,18.902808,1,13680,1,0,0,0,0,0,0,0,0,0,0,0,0,1
287,2,ccc4c39ff633c428,1.356288,20.0,1,13856,1,1,0,0,1,0,0,0,0,0,0,0,0,1
288,2,0c1ad1570243595d,1.018928,19.374557,1,13698,1,1,0,0,1,0,0,0,0,0,0,0,0,0
289,2,41f76c53260c9fe5,0.766249,18.050444,1,13705,1,1,0,0,0,0,0,0,0,0,0,0,0,1
290,2,a5a75c4e3bdc51eb,2.662961,20.0,1,13894,2,0,0,0,1,0,0,0,0,0,0,0,0,1
291,2,635984fc5a4a9bf5,2.000583,18.893486,1,13770,1,1,0,0,1,0,0,0,0,0,0,0,0,0
292,2,551362013780f06f,1.502963,20.0,1,13653,1,1,0,0,1,0,0,0,0,0,0,0,0,1
293,2,745722a69a6e1f7e,1.13025,19.386851,1,13399,1,1,0,0,1,0,0,0,0,0,0,0,0,0
294,2,6fd23ebcf9fa6a99,1.892768,18.043461,1,13529,1,0,0,0,0,0,0,0,0,0,0,0,0,1
295,2,97536d621ddb1fcf,1.421966,17.034222,1,13410,1,1,0,0,1,0,0,0,0,0,0,0,0,0
296,2,11f02d7e1f1a513f,1.069338,19.770981,1,13281,1,1,0,0,1,0,0,0,0,0,0,0,0,1
297,2,472e33621e0a06b1,0.803354,14.853199,0,13203,1,1,0,0,0,0,0,0,0,0,0,0,0,0
298,2,cc27b1fc42548463,1.647183,18.116342,1,13222,1,0,0,0,1,0,0,0,0,0,0,0,0,1
299,2,f26115f7b8d0c088,1.237467,17.088975,1,13134,1,1,0,0,1,0,0,0,0,0,0,0,0,0
300,2,a1330f8bc97388b3,0.930593,19.812156,1,13266,1,1,0,0,1,0,0,0,0,0,0,0,0,1
301,2,4a9cbf782f1f18cc,0.69912,18.362977,1,12923,1,1,0,0,1,0,0,0,0,0,0,0,0,0
302,2,3fc60f677903adad,1.568876,17.274263,1,12771,1,0,0,0,0,0,0,0,0,0,0,0,0,1
303,2,9c39954f7b1cd57b,1.179817,16.470993,1,12712,1,1,0,0,1,0,0,0,0,0,0,0,0,0
304,2,b8bf698efdad9239,0.886352,19.331731,1,12740,1,1,0,0,1,0,0,0,0,0,0,0,0,1
305,2,f496c61a76370ba3,0.665883,18.002051,1,12653,1,1,0,0,1,0,0,0,0,0,0,0,0,0
306,2,66eeefc20bd5aabc,1.543907,17.003113,1,12623,1,0,0,0,0,0,0,0,0,0,0,0,0,1
307,2,1bc0212746c25bc6,1.16104,16.267085,1,12601,1,1,0,0,1,0,0,0,0,0,0,0,0,0
308,2,a5eaa14961f6527b,0.872246,19.178542,1,12580,1,1,0,0,1,0,0,0,0,0,0,0,0,1
309,2,9c6b1952159ed0b5,1.698939,14.408121,0,13378,1,0,0,0,0,0,0,0,0,0,0,0,0,0
310,2,3e7c7e675724268d,1.277626,17.796116,1,13427,1,1,0,0,1,0,0,0,0,0,0,0,0,1
311,2,100fb9633b3a17bc,0.959833,16.848401,1,13851,1,1,0,0,1,0,0,0,0,0,0,0,0,0
312,2,59942da638de1424,0.721087,19.615263,1,15097,1,1,0,0,1,0,0,0,0,0,0,0,0,1
313,2,8080b0a76120e674,1.585379,14.736214,0,14916,1,0,0,0,0,0,0,0,0,0,0,0,0,0
314,2,5b38acb0f0f7125d,2.236378,18.042846,1,14549,2,1,0,0,1,0,0,0,0,0,0,0,0,1
315,2,fd853ca8ad307d01,1.680107,20.0,1,14507,1,1,0,0,1,0,0,0,0,0,0,0,0,1
316,2,0e1b1bae58d0ff40,1.262202,18.889198,1,15995,1,1,0,0,0,0,0,0,0,0,0,0,0,1
317,2,0f051bf7d04c2d9e,1.993344,20.0,1,15774,1,0,0,0,1,0,0,0,0,0,0,0,0,1
318,2,a5b7faa72475a43e,2.541178,20.0,1,15781,2,1,0,0,1,0,0,0,0,0,0,0,0,1
319,2,79950ca608194299,1.909092,20.0,1,15575,1,1,0,0,0,0,0,0,0,0,0,0,0,1
320,2,2bef0495337f9760,2.477883,20.0,1,15401,1,0,0,0,1,0,0,0,0,0,0,0,0,1
321,2,40bd02f4726cc6ed,2.907554,20.0,1,14804,2,1,0,0,1,0,0,0,0,0,0,0,0,0
322,2,a9bf56e0d0df8415,3.22799,18.789775,1,15974,1,0,0,0,0,0,0,0,0,0,0,0,0,1
323,2,87d2d098eafb5e00,2.425068,17.5949,1,15674,1,1,0,0,1,0,0,0,0,0,0,0,0,0
324,2,14d1278d31a9f672,2.867836,20.0,1,15490,2,1,0,0,1,0,0,0,0,0,0,0,0,1
325,2,2cccb0c8b448a24c,3.198152,18.648804,1,15359,1,0,0,0,0,0,0,0,0,0,0,0,0,1
326,2,8a92ace11e03f5f2,2.402652,20.0,1,15259,1,1,0,0,1,0,0,0,0,0,0,0,0,1
327,2,4719c101e01b1ac3,1.805022,15.752353,0,15004,1,1,0,0,0,0,0,0,0,0,0,0,0,0
328,2,2b40720a3bfbecd6,2.401553,18.806998,1,13721,1,0,0,0,1,0,0,0,0,0,0,0,0,1
329,2,eaad653381c250e5,2.84785,20.0,1,12606,2,1,0,0,1,0,0,0,0,0,0,0,0,1
330,2,f9e743d6c8333200,2.139484,15.841637,0,12747,0,0,0,0,0,0,0,0,0,0,0,0,0,0
331,2,f69362f1c7dce9c0,1.608922,15.393638,1,12658,1,1,0,0,1,0,0,0,0,0,0,0,0,0
332,2,17cb5371750ada05,2.252376,15.04351,1,12725,1,0,0,0,0,0,0,0,0,0,0,0,0,1
333,2,db19894352bae4f4,1.692126,14.780471,1,12933,1,1,0,0,1,0,0,0,0,0,0,0,0,0
334,2,a79052343b825ddb,1.271231,18.061704,1,12878,1,1,0,0,1,0,0,0,0,0,0,0,0,1
335,2,9af0343fec1c6622,2.000134,13.582659,0,12728,1,0,0,0,0,0,0,0,0,0,0,0,0,0
336,2,0acc7f7c382e8067,1.502626,17.161833,1,12805,1,1,0,0,1,0,0,0,0,0,0,0,0,1
337,2,a73244b57de0879e,2.17252,12.893044,0,12596,1,0,0,0,0,0,0,0,0,0,0,0,0,0
338,2,c9aff476cf94cb4f,1.633766,16.656756,1,12742,1,1,0,0,1,0,0,0,0,0,0,0,0,1
339,2,de9420f69c44e298,2.271041,12.513598,0,12838,1,0,0,0,0,0,0,0,0,0,0,0,0,0
340,2,831a88c127a06e07,1.706148,16.358687,1,12734,1,1,0,0,1,0,0,0,0,0,0,0,0,1
341,2,7fcdf86fb81f6fad,1.281765,15.768515,1,12729,1,1,0,0,1,0,0,0,0,0,0,0,0,0
342,2,7ba93d8f9ee482bb,2.008056,15.33865,1,12963,1,0,0,0,0,0,0,0,0,0,0,0,0,1
343,2,9f2d3c165f60d30f,1.508578,15.002199,1,13031,1,1,0,0,1,0,0,0,0,0,0,0,0,0
344,2,57c4f87db22e83cd,3.220645,14.749435,1,13058,2,0,0,0,0,0,0,0,0,0,0,0,0,1
345,2,deef31a29bd5fbd6,2.421971,18.052789,1,12764,1,1,0,0,1,0,0,0,0,0,0,0,0,1
346,2,7d3e0efbe36b70a2,0.775883,17.04123,1,12897,0,1,0,0,1,0,0,0,0,0,0,0,0,0
347,2,d5d84380de4c0b10,1.626545,16.281284,1,12866,1,0,0,0,0,0,0,0,0,0,0,0,0,1
348,2,672f539f5f5b9288,1.221962,15.710364,1,12758,1,1,0,0,1,0,0,0,0,0,0,0,0,0
349,2,6ebf7b7c637af4ac,1.963084,15.29492,1,12740,2,1,0,0,0,0,0,0,0,0,0,0,0,1
350,2,4918d6aa7f178ecd,2.518445,18.44819,1,12892,1,0,0,0,1,0,0,0,0,0,0,0,0,1
351,2,cd3bfc059ac72511,1.892013,20.0,1,12657,1,1,0,0,1,0,0,0,0,0,0,0,0,1
352,2,aa62de24033ed8de,1.422821,19.135276,1,12743,1,1,0,0,1,0,0,0,0,0,0,0,0,0
353,2,5a457246216d91a9,2.112566,17.854462,1,12988,1,0,0,0,0,0,0,0,0,0,0,0,0,1
354,2,608b53cd5413fb48,1.587092,16.892235,1,12779,1,1,0,0,1,0,0,0,0,0,0,0,0,0
355,2,5fe5e9835b1237be,1.192323,19.648193,1,12910,1,1,0,0,1,0,0,0,0,0,0,0,0,1
356,2,f910689096c4cb13,1.940794,18.256223,1,12768,1,0,0,0,0,0,0,0,0,0,0,0,0,1
357,2,6cb1a8b6baee0e01,1.458046,17.194063,1,12952,1,1,0,0,1,0,0,0,0,0,0,0,0,0
358,2,6dd8292dc1b0a6c2,1.095375,19.874945,1,12925,1,1,0,0,1,0,0,0,0,0,0,0,0,1
359,3,1fd48474a6be9a50,0.823738,20.0,1,13820,1,1,0,0,1,0,0,0,0,0,0,0,0,1
360,3,530e0ea8d92a6d51,1.662497,16.458095,0,14090,1,0,0,0,0,0,0,0,0,0,0,0,0,0
361,3,9d91a06f605c6d81,1.248972,19.32204,1,14216,1,1,0,0,1,0,0,0,0,0,0,0,0,1
362,3,1bedfd585b1aa4b9,0.938306,20.0,1,14278,1,1,0,0,1,0,0,0,0,0,0,0,0,1
363,3,26a9669cba5af3ef,1.74977,16.148465,0,14049,1,0,0,0,0,0,0,0,0,0,0,0,0,0
364,3,4f55c5e4b2d3c044,1.314537,19.089427,1,14381,1,1,0,0,1,0,0,0,0,0,0,0,0,1
365,3,429a6cfc04b09590,2.031216,17.820018,1,13958,1,0,0,0,0,0,0,0,0,0,0,0,0,1
366,3,bfd1095e82cc3b3f,1.527503,16.881409,1,14013,1,1,0,0,1,0,0,0,0,0,0,0,0,0
367,3,e8a24dfe484cb614,1.147556,16.161216,1,14033,1,1,0,0,0,0,0,0,0,0,0,0,0,1
368,3,a8eb40163c807ab7,1.905769,19.099006,1,13932,1,0,0,0,1,0,0,0,0,0,0,0,0,1
369,3,b734eb68cadec0ba,1.431733,17.827214,1,14058,1,1,0,0,1,0,0,0,0,0,0,0,0,0
370,3,03ed9d518f369873,2.120834,20.0,1,13951,2,1,0,0,1,0,0,0,0,0,0,0,0,1
371,3,cd43fcebe8f5e6e6,1.593304,18.780052,1,14009,1,1,0,0,0,0,0,0,0,0,0,0,0,1
372,3,338e1a6d9a9334b5,1.196989,17.587596,1,13945,0,0,0,0,1,0,0,0,0,0,0,0,0,0
373,3,f71f04d2a5841727,0.900153,20.0,1,14039,1,1,0,0,1,0,0,0,0,0,0,0,0,1
374,3,dab4ff966e399802,0.676251,18.644678,1,13999,1,1,0,0,1,0,0,0,0,0,0,0,0,0
375,3,339e340883d8ecaf,1.551696,17.485894,1,13903,1,0,0,0,0,0,0,0,0,0,0,0,0,1
376,3,0f3eea50b2030a66,2.209384,20.0,1,14178,2,1,0,0,1,0,0,0,0,0,0,0,0,1
377,3,157d3461e0a7f335,1.661489,15.111115,0,13856,1,1,0,0,0,0,0,0,0,0,0,0,0,0
378,3,f1991b9aba19249f,2.291868,18.310105,1,14070,1,0,0,0,1,0,0,0,0,0,0,0,0,1
379,3,f0cae4ef532c2023,1.721794,20.0,1,14001,1,1,0,0,1,0,0,0,0,0,0,0,0,1
380,3,3dc875a761d5c5ef,1.294814,20.0,1,13949,1,1,0,0,1,0,0,0,0,0,0,0,0,1
381,3,e90cc852e180b7a9,0.972745,16.931781,0,14017,1,1,0,0,0,0,0,0,0,0,0,0,0,0
382,3,0843c071791750a4,2.818094,19.677903,1,13932,2,0,0,0,1,0,0,0,0,0,0,0,0,1
383,3,e7652621d19bb2aa,2.117129,20.0,1,14070,1,1,0,0,1,0,0,0,0,0,0,0,0,1
384,3,83403ab2ce2e5edc,1.592111,20.0,1,13712,1,1,0,0,1,0,0,0,0,0,0,0,0,1
385,3,31f44b91b5854a60,1.196093,20.0,1,13833,1,1,0,0,1,0,0,0,0,0,0,0,0,0
386,3,9eeb382b0724ec5e,1.942234,19.248721,1,13999,1,0,0,0,0,0,0,0,0,0,0,0,0,1
387,3,8cf44fb6a5bc2678,1.460587,17.955815,1,13974,1,1,0,0,1,0,0,0,0,0,0,0,0,0
388,3,26302fd6db433208,1.097285,20.0,1,13795,1,1,0,0,1,0,0,0,0,0,0,0,0,1
389,3,212d5aa4658ea2f7,1.868002,20.0,1,14176,2,1,0,0,1,0,0,0,0,0,0,0,0,1
390,3,37a5a18fb6caef37,2.447014,20.0,1,13899,1,0,0,0,0,0,0,0,0,0,0,0,0,1
391,3,79c0b206a03c3fd7,1.840189,20.0,1,14054,1,1,0,0,1,0,0,0,0,0,0,0,0,1
392,3,c2376b0af88b997c,1.382465,20.0,1,14077,1,1,0,0,1,0,0,0,0,0,0,0,0,0
393,3,6484211bcaa3988b,1.038595,20.0,1,13921,1,1,0,0,1,0,0,0,0,0,0,0,0,1
394,3,bb6c2f7a25964c84,0.781038,20.0,1,13862,1,1,0,0,1,0,0,0,0,0,0,0,0,1
395,3,66b1f64089a6f384,2.674071,17.71129,0,14152,2,0,0,0,0,0,0,0,0,0,0,0,0,0
396,3,ea8c132e457af786,2.00893,20.0,1,13969,1,1,0,0,1,0,0,0,0,0,0,0,0,1
397,3,052f36be903b4c06,1.509234,20.0,1,14025,1,1,0,0,1,0,0,0,0,0,0,0,0,1
398,3,8e82ec90f90651e7,1.134965,16.680363,0,13993,1,1,0,0,0,0,0,0,0,0,0,0,0,0
399,3,4f7951c9fb9652a2,1.89631,19.489022,1,13965,1,0,0,0,1,0,0,0,0,0,0,0,0,1
400,3,f016206e344ce587,2.46828,20.0,1,14040,2,1,0,0,1,0,0,0,0,0,0,0,0,1
401,3,5ced2d58e360e784,1.856182,19.723305,1,14092,1,1,0,0,1,0,0,0,0,0,0,0,0,0
402,3,27c66233913871e4,1.39448,18.296226,1,13740,1,1,0,0,0,0,0,0,0,0,0,0,0,1
403,3,b04dc5fbe548eb36,2.091274,20.0,1,13992,1,0,0,0,1,0,0,0,0,0,0,0,0,1
404,3,92badb4797e556aa,1.571096,19.032204,1,13902,1,1,0,0,1,0,0,0,0,0,0,0,0,0
405,3,a92b91e3e3eb2719,1.181487,20.0,1,13867,1,1,0,0,1,0,0,0,0,0,0,0,0,1
406,3,c26da11a2d778a09,0.887607,19.460824,1,13765,1,1,0,0,0,0,0,0,0,0,0,0,0,1
407,3,3295862e40a5a313,1.710479,18.099034,1,14042,1,0,0,0,1,0,0,0,0,0,0,0,0,0
408,3,508e562ad7204104,1.286305,20.0,1,13853,1,1,0,0,1,0,0,0,0,0,0,0,0,1
409,3,a8b42c6fb244fb23,2.010006,20.0,1,14024,2,1,0,0,1,0,0,0,0,0,0,0,0,1
410,3,9c3019aa61f10730,2.553696,20.0,1,14061,1,0,0,0,0,0,0,0,0,0,0,0,0,1
411,3,d2589d24a9f0cfca,1.918496,20.0,1,14100,1,1,0,0,1,0,0,0,0,0,0,0,0,1
412,3,1dbb1075c65864e9,1.442736,20.0,1,13861,1,1,0,0,1,0,0,0,0,0,0,0,0,0
413,3,5c6e7a0e10fc8612,2.127527,20.0,1,14003,2,1,0,0,1,0,0,0,0,0,0,0,0,1
414,3,16d8a9528bdedf17,1.598332,20.0,1,14066,1,1,0,0,0,0,0,0,0,0,0,0,0,1
415,3,82d07b5e598d7315,2.246119,20.0,1,13970,1,0,0,0,1,0,0,0,0,0,0,0,0,1
416,3,8caf2ec1e9c9e1b1,1.687425,20.0,1,14219,1,1,0,0,1,0,0,0,0,0,0,0,0,1
417,3,bd35018e83a338ab,1.267699,20.0,1,14148,1,1,0,0,1,0,0,0,0,0,0,0,0,0
418,3,f13b4ae8e3ac9cfb,1.996028,19.38037,1,14311,1,0,0,0,0,0,0,0,0,0,0,0,0,1
419,3,c4603ee7d449a90d,1.501042,18.054816,1,14111,1,1,0,0,1,0,0,0,0,0,0,0,0,0
420,3,dd8b4fb1952b1ccb,1.127677,20.0,1,14077,1,1,0,0,1,0,0,0,0,0,0,0,0,1
421,3,548e365b4fbe82fc,1.890835,20.0,1,14098,2,1,0,0,1,0,0,0,0,0,0,0,0,1
422,3,2f6151d16b59d1d0,2.466085,16.826167,0,13900,1,0,0,0,0,0,0,0,0,0,0,0,0,0
423,3,0f8e792e8be12cdc,1.852678,19.598559,1,14169,1,1,0,0,1,0,0,0,0,0,0,0,0,1
424,3,e644c6b1ea35b903,1.391847,18.202509,1,14103,1,1,0,0,1,0,0,0,0,0,0,0,0,0
425,3,136cec730ee9b786,1.045643,20.0,1,13974,1,1,0,0,1,0,0,0,0,0,0,0,0,1
426,3,0a7eca882991cb1d,1.830489,18.996476,1,13920,1,0,0,0,0,0,0,0,0,0,0,0,0,1
427,3,4d85c3ed0200b43b,1.375178,17.750187,1,13865,1,1,0,0,1,0,0,0,0,0,0,0,0,0
428,3,10f7befbcb490e43,1.03312,20.0,1,14041,1,1,0,0,1,0,0,0,0,0,0,0,0,1
429,3,2846eb3c300a9955,1.821071,18.740932,1,13793,1,0,0,0,0,0,0,0,0,0,0,0,0,1
430,3,90212b786a0d96d4,1.368103,17.558206,1,13985,1,1,0,0,1,0,0,0,0,0,0,0,0,0
431,3,fa07a56d810f77ed,1.027804,20.0,1,13882,1,1,0,0,1,0,0,0,0,0,0,0,0,1
432,3,292e122b030f6131,1.815804,18.615669,1,14104,1,0,0,0,0,0,0,0,0,0,0,0,0,1
433,3,5f50b6dc444c4e3b,2.409661,17.47975,1,13794,2,1,0,0,1,0,0,0,0,0,0,0,0,0
434,3,e9dbac9f7e4e3def,2.853942,16.610727,1,14174,1,0,0,0,0,0,0,0,0,0,0,0,0,1
435,3,b39a2b0cb61bc115,2.14406,15.957863,1,13898,1,1,0,0,1,0,0,0,0,0,0,0,0,0
436,3,0783e4636732b453,1.612364,15.481042,1,13991,1,1,0,0,0,0,0,0,0,0,0,0,0,1
437,3,d1c2aac9c452539a,2.254962,15.109173,1,13960,1,0,0,0,1,0,0,0,0,0,0,0,0,0
438,3,a55f3e6b4ea25e63,1.694069,18.308646,1,14147,1,1,0,0,1,0,0,0,0,0,0,0,0,1
439,3,c3b488c178849f9c,1.27269,20.0,1,14040,1,1,0,0,1,0,0,0,0,0,0,0,0,1
440,3,d07fe4da74ae592c,2.001232,15.575937,0,13748,1,0,0,0,0,0,0,0,0,0,0,0,0,0
441,3,ee0c0ba6e5273133,1.503451,18.659309,1,14082,1,1,0,0,1,0,0,0,0,0,0,0,0,1
442,3,0413813b2417e088,2.17314,20.0,1,14105,2,1,0,0,1,0,0,0,0,0,0,0,0,1
443,3,9f9d897994051f4e,2.678382,15.774048,0,13904,1,0,0,0,0,0,0,0,0,0,0,0,0,0
444,3,e9ddea751f477542,2.012169,18.808142,1,13888,1,1,0,0,1,0,0,0,0,0,0,0,0,1
445,3,c1d68523a27fb88e,2.55532,17.608698,1,13773,1,0,0,0,0,0,0,0,0,0,0,0,0,1
446,3,46781a87e06cecff,1.919717,16.707601,1,13874,1,1,0,0,1,0,0,0,0,0,0,0,0,0
447,3,18067cc0699ef92b,2.487805,16.044856,1,13753,1,0,0,0,0,0,0,0,0,0,0,0,0,1
448,3,6abed7f8ab586a1d,2.912648,19.01159,1,13942,2,1,0,0,1,0,0,0,0,0,0,0,0,1
449,3,1b9182f399ed5313,1.14451,17.761541,1,13514,0,1,0,0,1,0,0,0,0,0,0,0,0,0
450,3,eeb96892a467eac9,2.948989,16.837434,1,13638,2,0,0,0,0,0,0,0,0,0,0,0,0,1
451,3,f34b33624adf03dd,2.215465,19.607024,1,13795,1,1,0,0,1,0,0,0,0,0,0,0,0,1
452,3,9ae3a6ddb12564bd,1.664396,18.208868,1,13899,1,1,0,0,1,0,0,0,0,0,0,0,0,0
453,3,ad2fa6021f2ad322,2.294052,17.158487,1,13955,1,0,0,0,0,0,0,0,0,0,0,0,0,1
454,3,1d1c700300ad8b75,1.72516,16.383928,1,13778,1,1,0,0,1,0,0,0,0,0,0,0,0,0
455,3,6db962aec6859630,1.296048,19.266322,1,13862,1,1,0,0,1,0,0,0,0,0,0,0,0,1
456,3,c0a47a280212b9c1,2.017326,14.474067,0,13811,1,0,0,0,0,0,0,0,0,0,0,0,0,0
457,3,181cbd97e2791854,1.517058,17.845708,1,13644,1,1,0,0,1,0,0,0,0,0,0,0,0,1
458,3,0b6ccf3312acc01e,1.139709,20.0,1,13746,1,1,0,0,1,0,0,0,0,0,0,0,0,1
459,3,dfce78429dd965d5,1.899874,15.299089,0,13817,1,0,0,0,0,0,0,0,0,0,0,0,0,0
460,3,c88bbc6dd158c55b,1.427304,18.451323,1,13905,1,1,0,0,1,0,0,0,0,0,0,0,0,1
461,3,37a5728422eb2cc2,1.073353,20.0,1,13582,1,1,0,0,1,0,0,0,0,0,0,0,0,1
462,3,af19ac75cc826345,1.850023,15.653805,0,13844,1,0,0,0,0,0,0,0,0,0,0,0,0,0
463,3,6c24ab278b3b84de,1.389853,18.717807,1,13710,1,1,0,0,1,0,0,0,0,0,0,0,0,1
464,3,dfa01c72bbe4cfbb,1.04519,20.0,1,13661,1,1,0,0,1,0,0,0,0,0,0,0,0,1
465,3,af5d7f2c4ac307b3,1.828865,20.0,1,13686,2,1,0,0,1,0,0,0,0,0,0,0,0,1
466,3,813b497f09095e90,1.373958,20.0,1,13729,1,1,0,0,0,0,0,0,0,0,0,0,0,1
467,3,fd74a9fa189a8ad2,2.075857,18.939168,1,13696,1,0,0,0,1,0,0,0,0,0,0,0,0,0
468,3,6a1674d02813706a,1.561074,20.0,1,13822,1,1,0,0,1,0,0,0,0,0,0,0,0,1
469,3,59fe21d5da758557,1.172776,19.408262,1,13864,1,1,0,0,1,0,0,0,0,0,0,0,0,0
470,3,9c5689691850936b,1.924716,18.059546,1,13852,1,0,0,0,0,0,0,0,0,0,0,0,0,1
471,3,51c68a482155290a,1.447414,17.061538,1,14152,1,1,0,0,1,0,0,0,0,0,0,0,0,0
472,3,a0765370ba45ebe4,1.087388,19.775385,1,14065,1,1,0,0,1,0,0,0,0,0,0,0,0,1
473,3,301682a5ee3a0d77,0.816914,20.0,1,14129,1,1,0,0,1,0,0,0,0,0,0,0,0,1
474,3,0f13f84e387dd82a,1.65737,16.38819,0,13965,1,0,0,0,0,0,0,0,0,0,0,0,0,0
475,3,9b6bf77ebc87f3d6,1.246366,19.285156,1,13954,1,1,0,0,1,0,0,0,0,0,0,0,0,1
476,3,52e34b041aac78e7,0.936348,17.967061,1,14164,1,1,0,0,1,0,0,0,0,0,0,0,0,0
477,3,1f6d57c0b1017e80,1.747097,16.976826,1,14673,1,0,0,0,0,0,0,0,0,0,0,0,0,1
478,3,c14e798b32689966,2.357992,19.727819,1,14837,2,1,0,0,1,0,0,0,0,0,0,0,0,1
479,3,e9ebae96716c6d20,1.771471,18.299617,1,14948,1,1,0,0,1,0,0,0,0,0,0,0,0,0
480,3,d28cc9f3770e3889,1.33084,20.0,1,14906,1,1,0,0,1,0,0,0,0,0,0,0,0,1
481,3,557b258f89df5886,2.043464,19.034118,1,15073,2,1,0,0,0,0,0,0,0,0,0,0,0,1
482,3,b8624807bfc7466d,2.580864,20.0,1,14960,1,0,0,0,1,0,0,0,0,0,0,0,0,1
483,3,1f8fa3e3b523480d,1.938907,19.461905,1,14048,1,1,0,0,1,0,0,0,0,0,0,0,0,0
484,3,8fc92e5e549dca6a,2.500282,18.099846,1,13680,1,0,0,0,0,0,0,0,0,0,0,0,0,1
485,3,e16a860b922758ef,2.924398,20.0,1,13592,2,1,0,0,1,0,0,0,0,0,0,0,0,1
486,3,16120c0924ae605a,2.196991,18.934079,1,13717,1,1,0,0,1,0,0,0,0,0,0,0,0,0
487,3,672d32c34078a12e,1.650517,20.0,1,13303,1,1,0,0,1,0,0,0,0,0,0,0,0,1
488,3,062ba6c1a8106e18,2.283625,15.913361,0,13394,1,0,0,0,0,0,0,0,0,0,0,0,0,0
489,3,0b0ae5324090b240,1.717319,18.928078,1,13180,1,1,0,0,1,0,0,0,0,0,0,0,0,1
490,3,515b0f1e384d8bda,1.290157,17.698802,1,12704,1,1,0,0,1,0,0,0,0,0,0,0,0,0
491,3,600d5ccc5903184c,0.969247,20.0,1,12634,1,1,0,0,1,0,0,0,0,0,0,0,0,1
492,3,7d799427d07f75b3,1.773038,15.2314,0,12540,1,0,0,0,0,0,0,0,0,0,0,0,0,0
493,3,238dc2de07a8a801,0.288364,14.921626,1,13165,0,1,0,0,1,0,0,0,0,0,0,0,0,0
494,3,1eb05de850e3e756,1.26029,18.167749,1,13135,2,1,0,0,1,0,0,0,0,0,0,0,0,1
495,3,dc1dac9146c9f0f4,0.946809,20.0,1,12898,1,1,0,0,1,0,0,0,0,0,0,0,0,1
496,3,607cdd237d17a49b,1.756164,15.496336,0,12904,1,0,0,0,0,0,0,0,0,0,0,0,0,0
497,3,c399d2ed4f6654ff,1.319341,18.599507,1,12987,1,1,0,0,1,0,0,0,0,0,0,0,0,1
498,3,3bb6e61e867af003,0.991171,17.451959,1,13183,1,1,0,0,0,0,0,0,0,0,0,0,0,1
499,3,13f04fa9caccb88b,1.789525,20.0,1,12846,1,0,0,0,1,0,0,0,0,0,0,0,0,1
500,3,83e00d4c505f57d6,1.344404,18.568048,1,13037,1,1,0,0,1,0,0,0,0,0,0,0,0,0
501,3,f8095f8a5d26f873,1.01,20.0,1,12322,1,1,0,0,1,0,0,0,0,0,0,0,0,1
502,3,f924dbf997a29af1,1.802429,15.706775,0,12689,1,0,0,0,0,0,0,0,0,0,0,0,0,0
503,3,84e5b5149e37d265,1.355452,18.772722,1,12367,1,1,0,0,1,0,0,0,0,0,0,0,0,1
504,3,37d0280a3df29427,1.0183,17.582089,1,12538,1,1,0,0,1,0,0,0,0,0,0,0,0,0
505,3,612a97086fdbf167,0.765011,20.0,1,12449,1,1,0,0,1,0,0,0,0,0,0,0,0,1
506,3,4d06f9abd38022c4,1.61945,18.645963,1,12674,1,0,0,0,0,0,0,0,0,0,0,0,0,1
507,3,2d15e09a60ee3966,1.216632,17.48686,1,12655,1,1,0,0,1,0,0,0,0,0,0,0,0,0
508,3,dc0c1f7b13bbdd63,0.91401,20.0,1,12749,1,1,0,0,1,0,0,0,0,0,0,0,0,1
509,3,8972031db3d8ddb6,1.730315,18.575401,1,13104,2,1,0,0,0,0,0,0,0,0,0,0,0,1
510,3,bc5973d8b2136712,2.345372,20.0,1,12875,1,0,0,0,1,0,0,0,0,0,0,0,0,1
511,3,2b3dfecd405e6903,1.76199,20.0,1,12954,1,1,0,0,1,0,0,0,0,0,0,0,0,1
512,3,f57d5e918159ad97,1.323717,20.0,1,13129,1,1,0,0,1,0,0,0,0,0,0,0,0,0
513,3,962a424c3cb34eef,2.039605,18.91084,1,13081,1,0,0,0,0,0,0,0,0,0,0,0,0,1
514,3,662764e507d75819,1.532279,17.685851,1,13150,1,1,0,0,1,0,0,0,0,0,0,0,0,0
515,3,cb07508dbccef423,1.151144,20.0,1,12948,1,1,0,0,1,0,0,0,0,0,0,0,0,1
516,3,8cdd6ba0d6c7e8c7,2.952118,18.687711,1,13023,2,0,0,0,0,0,0,0,0,0,0,0,0,1
517,3,cbe6ea3e14a7b3e3,2.220035,17.533927,1,13014,1,1,0,0,1,0,0,0,0,0,0,0,0,0
518,3,2793ffccc4b6b36e,1.667829,20.0,1,12915,1,1,0,0,1,0,0,0,0,0,0,0,0,1
519,3,654b0af9344a69b8,2.296631,18.601966,1,12892,1,0,0,0,0,0,0,0,0,0,0,0,0,1
520,3,fdcd7b6d94a60cd3,1.727099,17.469445,1,12810,1,1,0,0,1,0,0,0,0,0,0,0,0,0
521,3,26ce6c4c4c6cab0c,1.297505,20.0,1,13179,1,1,0,0,1,0,0,0,0,0,0,0,0,1
522,3,f33b59e159a4e7b2,0.974767,18.565573,1,13190,1,1,0,0,1,0,0,0,0,0,0,0,0,0
523,3,39a911730c211e46,1.775959,17.426465,1,13240,1,0,0,0,0,0,0,0,0,0,0,0,0,1
524,3,67061e8c68b9f45f,1.335547,16.585452,1,13070,1,1,0,0,1,0,0,0,0,0,0,0,0,0
525,3,e382cbc034491143,1.003346,15.938875,1,13132,1,1,0,0,0,0,0,0,0,0,0,0,0,1
526,3,60ab893d9ede959e,1.79743,15.453125,1,13187,1,0,0,0,1,0,0,0,0,0,0,0,0,0
527,3,e0a4ce1c79a31ea1,1.351693,18.581974,1,13033,1,1,0,0,1,0,0,0,0,0,0,0,0,1
528,3,eabbe59e02cec09b,3.102783,17.438787,1,13165,2,0,0,0,0,0,0,0,0,0,0,0,0,1
529,3,797c79e72c358f55,2.331005,20.0,1,12748,1,1,0,0,1,0,0,0,0,0,0,0,0,1
530,3,eec51c80e71c8674,1.751197,20.0,1,12912,1,1,0,0,1,0,0,0,0,0,0,0,0,1
531,3,ed05ce25372e3cbf,2.361076,16.564704,0,12815,1,0,0,0,0,0,0,0,0,0,0,0,0,0
532,3,f0b2ac213cc95cdd,1.773788,19.402132,1,12973,1,1,0,0,1,0,0,0,0,0,0,0,0,1
533,3,a7cd66fe9ed41f1f,2.376234,18.054941,1,13006,1,0,0,0,0,0,0,0,0,0,0,0,0,1
534,3,e4bbadba08e14d63,1.786962,17.058074,1,12730,1,1,0,0,1,0,0,0,0,0,0,0,0,0
535,3,aa14dd0b8608ae3d,1.342478,19.772783,1,12802,1,1,0,0,1,0,0,0,0,0,0,0,0,1
536,3,606892dd3b9be2a6,2.052207,18.333397,1,12571,1,0,0,0,0,0,0,0,0,0,0,0,0,1
537,3,59bc54d260153390,1.541746,20.0,1,12637,1,1,0,0,1,0,0,0,0,0,0,0,0,1
538,3,fa00f6dcca1f99b8,2.203566,15.589921,0,12519,1,0,0,0,0,0,0,0,0,0,0,0,0,0
539,3,d2c885ec5b76dd75,1.655456,15.190969,1,12630,1,1,0,0,1,0,0,0,0,0,0,0,0,0
540,3,811bb49c8ac5e587,2.287336,14.891252,1,12550,1,0,0,0,0,0,0,0,0,0,0,0,0,1
541,3,0e5a01c862079543,1.720109,14.678935,1,12701,1,1,0,0,1,0,0,0,0,0,0,0,0,0
542,3,fad30bc024b90e12,3.37956,14.50658,1,12877,2,0,0,0,0,0,0,0,0,0,0,0,0,1
543,3,1aeeb449fd621ff7,2.538937,17.85594,1,12970,1,1,0,0,1,0,0,0,0,0,0,0,0,1
544,3,eb84ae6176dfa550,1.907409,13.4145,0,12926,0,0,0,0,0,0,0,0,0,0,0,0,0,0
545,3,fc17bb71c17e6d2b,1.434399,13.568397,1,12785,1,1,0,0,1,0,0,0,0,0,0,0,0,0
546,3,8ee5c338f452331d,1.07761,17.151119,1,12753,1,1,0,0,1,0,0,0,0,0,0,0,0,1
547,3,5c3aff62d91a47f6,2.896875,16.363839,1,12814,2,0,0,0,0,0,0,0,0,0,0,0,0,1
548,3,b04689e2cf504a8b,2.178491,15.786342,1,12860,1,1,0,0,1,0,0,0,0,0,0,0,0,0
549,3,b1bdf6259ccc6921,1.636619,18.817377,1,12894,1,1,0,0,1,0,0,0,0,0,0,0,0,1
550,3,8a91a2b17d51ac74,2.273184,14.136792,0,12934,1,0,0,0,0,0,0,0,0,0,0,0,0,0
551,4,1fd48474a6be9a50,1.707758,17.578133,1,13929,1,1,0,0,1,0,0,0,0,0,0,0,0,1
552,4,530e0ea8d92a6d51,2.328409,13.219006,0,14071,1,0,0,0,0,0,0,0,0,0,0,0,0,0
553,4,9d91a06f605c6d81,1.749247,16.888634,1,14140,1,1,0,0,1,0,0,0,0,0,0,0,0,1
554,4,1bedfd585b1aa4b9,2.357797,16.166644,1,14162,1,0,0,0,0,0,0,0,0,0,0,0,0,1
555,4,26a9669cba5af3ef,1.773097,15.638048,1,14218,1,1,0,0,1,0,0,0,0,0,0,0,0,0
556,4,4f55c5e4b2d3c044,1.332061,18.70597,1,14159,1,1,0,0,1,0,0,0,0,0,0,0,0,1
557,4,429a6cfc04b09590,2.044381,17.531941,1,14238,1,0,0,0,0,0,0,0,0,0,0,0,0,1
558,4,bfd1095e82cc3b3f,1.535867,16.649936,1,14061,1,1,0,0,1,0,0,0,0,0,0,0,0,0
559,4,e8a24dfe484cb614,1.154994,19.481993,1,13856,1,1,0,0,1,0,0,0,0,0,0,0,0,1
560,4,a8eb40163c807ab7,1.911357,14.636093,0,14057,1,0,0,0,0,0,0,0,0,0,0,0,0,0
561,4,b734eb68cadec0ba,1.435931,17.953238,1,13902,1,1,0,0,1,0,0,0,0,0,0,0,0,1
562,4,03ed9d518f369873,2.123991,20.0,1,14018,2,1,0,0,1,0,0,0,0,0,0,0,0,1
563,4,cd43fcebe8f5e6e6,1.595675,18.851251,1,14006,1,1,0,0,1,0,0,0,0,0,0,0,0,0
564,4,338e1a6d9a9334b5,2.242425,17.641085,1,13886,1,0,0,0,0,0,0,0,0,0,0,0,0,1
565,4,f71f04d2a5841727,1.68465,16.731932,1,13958,1,1,0,0,1,0,0,0,0,0,0,0,0,0
566,4,dab4ff966e399802,1.266881,19.543655,1,13907,1,1,0,0,1,0,0,0,0,0,0,0,0,1
567,4,339e340883d8ecaf,0.95176,18.161262,1,13975,1,1,0,0,0,0,0,0,0,0,0,0,0,1
568,4,0f3eea50b2030a66,1.758675,17.122722,1,14190,1,0,0,0,1,0,0,0,0,0,0,0,0,0
569,4,157d3461e0a7f335,1.322549,19.837534,1,13850,1,1,0,0,1,0,0,0,0,0,0,0,0,1
570,4,f1991b9aba19249f,0.993581,18.382042,1,14119,1,1,0,0,1,0,0,0,0,0,0,0,0,0
571,4,f0cae4ef532c2023,0.746441,17.288586,1,14042,1,1,0,0,0,0,0,0,0,0,0,0,0,1
572,4,7630abeab872e6cf,1.604426,16.467113,1,13949,1,0,0,0,1,0,0,0,0,0,0,0,0,0
573,4,253c29c9cd31f14d,2.250702,19.344507,1,13981,2,1,0,0,1,0,0,0,0,0,0,0,0,1
574,4,1bcd43f2b236da2a,1.690868,20.0,1,14029,1,1,0,0,1,0,0,0,0,0,0,0,0,1
575,4,190012cb2cd5517d,1.270286,19.623849,1,13961,1,1,0,0,0,0,0,0,0,0,0,0,0,1
576,4,752285f96761bfac,1.999424,20.0,1,13850,1,0,0,0,1,0,0,0,0,0,0,0,0,1
577,4,8ce008444b943984,1.502092,19.79508,1,13890,1,1,0,0,1,0,0,0,0,0,0,0,0,0
578,4,815cbd6616cc478f,1.128466,20.0,1,14213,1,1,0,0,1,0,0,0,0,0,0,0,0,1
579,4,ea182be542b69bac,1.891428,19.878151,1,13900,1,0,0,0,0,0,0,0,0,0,0,0,0,1
580,4,98558a7fe6a345e2,2.466531,20.0,1,13849,2,1,0,0,1,0,0,0,0,0,0,0,0,1
581,4,ea40987dff05550d,1.853013,20.0,1,14008,1,1,0,0,1,0,0,0,0,0,0,0,0,1
582,4,bd84d51435d6859a,1.392099,17.592763,0,13941,1,1,0,0,0,0,0,0,0,0,0,0,0,0
583,4,b3773e59edaae1a5,2.091029,20.0,1,13958,1,0,0,0,1,0,0,0,0,0,0,0,0,1
584,4,5dadae3439224eef,1.570912,20.0,1,13977,1,1,0,0,1,0,0,0,0,0,0,0,0,1
585,4,bf32681d9402a0dc,1.180167,20.0,1,14083,1,1,0,0,1,0,0,0,0,0,0,0,0,0
586,4,f7bd4e508f328e99,0.886616,20.0,1,14023,1,1,0,0,1,0,0,0,0,0,0,0,0,1
587,4,7c7cf98600a1ae76,0.666748,20.0,1,13990,1,1,0,0,1,0,0,0,0,0,0,0,0,0
588,4,4330f499d34eea83,1.544556,18.55623,1,13919,1,0,0,0,0,0,0,0,0,0,0,0,0,1
589,4,574139667abb0c89,1.160367,17.419447,1,14050,1,1,0,0,1,0,0,0,0,0,0,0,0,0
590,4,92baeeda50fe0e26,1.916763,20.0,1,13944,2,1,0,0,1,0,0,0,0,0,0,0,0,1
591,4,80a0120ed18f2275,1.439992,20.0,1,14074,1,1,0,0,1,0,0,0,0,0,0,0,0,1
592,4,8dedeb0367e4f2e3,2.125466,20.0,1,13883,1,0,0,0,0,0,0,0,0,0,0,0,0,1
593,4,cce480df118a4b64,1.596783,18.525171,1,14078,1,1,0,0,1,0,0,0,0,0,0,0,0,0
594,4,74af5b71dff1f83a,1.200804,20.0,1,13841,1,1,0,0,1,0,0,0,0,0,0,0,0,1
595,4,5a3027c7f942d721,0.902119,19.17437,1,14026,1,1,0,0,1,0,0,0,0,0,0,0,0,0
596,4,a7f28a02bc25ffcb,0.677728,17.883832,1,13906,1,1,0,0,0,0,0,0,0,0,0,0,0,1
597,4,d5293be15af3da23,2.597962,20.0,1,13847,2,0,0,0,1,0,0,0,0,0,0,0,0,1
598,4,5fbd520df55a8630,1.951752,20.0,1,13957,1,1,0,0,1,0,0,0,0,0,0,0,0,1
599,4,3bdfbc512c496928,1.466278,20.0,1,13810,1,1,0,0,1,0,0,0,0,0,0,0,0,0
600,4,1951e40916662b8e,1.10156,20.0,1,14017,1,1,0,0,1,0,0,0,0,0,0,0,0,1
601,4,907c65a13f795e16,1.872539,16.658687,0,13860,1,0,0,0,0,0,0,0,0,0,0,0,0,0
602,4,5acd553b9d7683bb,1.406769,19.472738,1,13928,1,1,0,0,1,0,0,0,0,0,0,0,0,1
603,4,1092b989fed9604c,2.100506,20.0,1,14137,2,1,0,0,1,0,0,0,0,0,0,0,0,1
604,4,0cd99c2508491f4d,2.623761,19.714105,1,13804,1,0,0,0,0,0,0,0,0,0,0,0,0,1
605,4,f5ecba85c3d44a61,1.971134,20.0,1,13978,1,1,0,0,1,0,0,0,0,0,0,0,0,1
606,4,6909b0fbd85f93b4,1.480839,19.832449,1,14022,1,1,0,0,1,0,0,0,0,0,0,0,0,0
607,4,c3b33a0555f7ba33,2.156152,20.0,1,13812,2,1,0,0,1,0,0,0,0,0,0,0,0,1
608,4,827b434043f4964e,2.665608,19.917327,1,13906,1,0,0,0,0,0,0,0,0,0,0,0,0,1
609,4,11385a7444372124,2.002571,18.441988,1,13823,1,1,0,0,1,0,0,0,0,0,0,0,0,0
610,4,c8195c0fd4249d3f,1.504457,20.0,1,13904,1,1,0,0,1,0,0,0,0,0,0,0,0,1
611,4,51e269a22f38096a,1.131373,19.131772,1,13980,1,1,0,0,1,0,0,0,0,0,0,0,0,0
612,4,35db90f1d130ec05,0.849958,17.85183,1,13975,1,1,0,0,0,0,0,0,0,0,0,0,0,1
613,4,4f55ed2486312fd2,1.682195,16.890257,1,13904,1,0,0,0,1,0,0,0,0,0,0,0,0,0
614,4,355d9367d5ba0cb3,2.307424,19.646708,1,13989,2,1,0,0,1,0,0,0,0,0,0,0,0,1
615,4,fc1fc1d0898ec396,1.735216,18.255106,1,14062,1,1,0,0,0,0,0,0,0,0,0,0,0,1
616,4,9fe2b489a847289b,2.347256,20.0,1,13855,1,0,0,0,1,0,0,0,0,0,0,0,0,1
617,4,a430de40e1c20213,1.763406,20.0,1,13881,1,1,0,0,1,0,0,0,0,0,0,0,0,1
618,4,c12b4f05790372b4,1.326106,20.0,1,13828,1,1,0,0,1,0,0,0,0,0,0,0,0,0
619,4,614e4d2b1a2514c4,2.039907,18.79835,1,13861,1,0,0,0,0,0,0,0,0,0,0,0,0,1
620,4,28b7f09f97db9afe,2.57616,20.0,1,13909,2,1,0,0,1,0,0,0,0,0,0,0,0,1
621,4,08983b2c075f5163,1.935372,20.0,1,13914,1,1,0,0,1,0,0,0,0,0,0,0,0,1
622,4,4abc2efcfa8d07cf,1.455428,17.141748,0,13824,1,1,0,0,0,0,0,0,0,0,0,0,0,0
623,4,b8a0db1ddc95a340,2.137062,19.835643,1,13950,1,0,0,0,1,0,0,0,0,0,0,0,0,1
624,4,f6958a499ea66994,1.605495,18.380622,1,13980,1,1,0,0,1,0,0,0,0,0,0,0,0,0
625,4,4e9f28886ead2dd3,1.207355,20.0,1,13774,1,1,0,0,1,0,0,0,0,0,0,0,0,1
626,4,c155268ee10081e0,2.994347,19.092706,1,13731,2,0,0,0,0,0,0,0,0,0,0,0,0,1
627,4,590e68b029f19bcd,2.249541,20.0,1,13905,1,1,0,0,1,0,0,0,0,0,0,0,0,1
628,4,599580c24e5f6ef4,1.689996,20.0,1,13935,1,1,0,0,1,0,0,0,0,0,0,0,0,1
629,4,140dbdc241533353,2.315052,17.266682,0,14005,1,0,0,0,0,0,0,0,0,0,0,0,0,0
630,4,1725d2874b813441,1.739212,19.929502,1,13928,1,1,0,0,1,0,0,0,0,0,0,0,0,1
631,4,507896d8cf390987,2.350258,18.451134,1,13868,1,0,0,0,0,0,0,0,0,0,0,0,0,1
632,4,2dcdf0d2087f3e6d,1.767428,17.356018,1,13785,1,1,0,0,1,0,0,0,0,0,0,0,0,0
633,4,fe25c3145e5e7ae6,2.371456,16.517772,1,13956,1,0,0,0,0,0,0,0,0,0,0,0,0,1
634,4,5db15f647d09f074,2.825239,19.366874,1,14057,2,1,0,0,1,0,0,0,0,0,0,0,0,1
635,4,1b9600db42f883a0,2.122497,20.0,1,13928,1,1,0,0,1,0,0,0,0,0,0,0,0,1
636,4,e0c6572184c269a7,2.640298,19.654296,1,13913,1,0,0,0,0,0,0,0,0,0,0,0,0,1
637,4,bbee4797dd4a42fb,1.983557,18.244382,1,13772,1,1,0,0,1,0,0,0,0,0,0,0,0,0
638,4,d5bcdda2ed57a3b0,2.533826,17.185167,1,13843,1,0,0,0,0,0,0,0,0,0,0,0,0,1
639,4,ace5c4b1aebeba7c,1.905473,19.884494,1,13675,1,1,0,0,1,0,0,0,0,0,0,0,0,1
640,4,46252c684e301e3a,2.475164,14.938477,0,13901,1,0,0,0,0,0,0,0,0,0,0,0,0,0
641,4,6f5a681068fdc2ef,2.903152,18.180408,1,13668,2,1,0,0,1,0,0,0,0,0,0,0,0,1
642,4,55548a980d6fb167,3.224683,17.137106,1,13692,1,0,0,0,0,0,0,0,0,0,0,0,0,1
643,4,d06d1ede93cb5c7d,2.425007,19.848351,1,13895,1,1,0,0,1,0,0,0,0,0,0,0,0,1
644,4,91582df11b595276,1.821817,18.390169,1,13794,1,1,0,0,1,0,0,0,0,0,0,0,0,0
645,4,212c883ce6be1ec0,1.368663,20.0,1,14026,1,1,0,0,1,0,0,0,0,0,0,0,0,1
646,4,3fdd42ad881bc2dd,2.073405,15.621995,0,13902,1,0,0,0,0,0,0,0,0,0,0,0,0,0
647,4,f4ace81864a8670b,0.514018,18.69391,1,13821,1,2,0,0,1,0,0,0,0,0,0,0,0,1
648,4,6fd920ab1364e5c3,1.429816,20.0,1,13969,1,0,0,0,1,0,0,0,0,0,0,0,0,1
649,4,d9e9c8247dfec9be,1.074167,19.256655,1,13876,1,1,0,0,1,0,0,0,0,0,0,0,0,0
650,4,3af1275904426620,1.85194,17.961781,1,13734,1,0,0,0,0,0,0,0,0,0,0,0,0,1
651,4,9c070f7c4029965e,1.391293,16.972859,1,13876,1,1,0,0,1,0,0,0,0,0,0,0,0,0
652,4,cd13dd21f44f4a1e,1.045226,19.708763,1,13786,1,1,0,0,1,0,0,0,0,0,0,0,0,1
653,4,1006a569a32ea238,0.786025,18.301773,1,13711,1,1,0,0,1,0,0,0,0,0,0,0,0,0
654,4,24a680cf6118e524,1.634165,17.228282,1,13693,1,0,0,0,0,0,0,0,0,0,0,0,0,1
655,4,e6ef03d32689b62b,1.227687,16.421809,1,13753,1,1,0,0,1,0,0,0,0,0,0,0,0,0
656,4,95df3e787da6ff05,0.922315,19.29478,1,13853,1,1,0,0,1,0,0,0,0,0,0,0,0,1
657,4,db344f8c196824c0,0.693594,20.0,1,13743,1,1,0,0,1,0,0,0,0,0,0,0,0,1
658,4,bad657e1b818a26d,1.564725,16.130324,0,13761,1,0,0,0,0,0,0,0,0,0,0,0,0,0
659,4,ffa869edd5521486,2.219173,19.075799,1,13923,2,1,0,0,1,0,0,0,0,0,0,0,0,1
660,4,226bd1365c51a1da,1.668849,20.0,1,13846,1,1,0,0,1,0,0,0,0,0,0,0,0,1
661,4,6d03386997c5cbf3,2.297398,19.485453,1,13794,1,0,0,0,0,0,0,0,0,0,0,0,0,1
662,4,17e6d47843b58709,1.725949,20.0,1,13860,1,1,0,0,1,0,0,0,0,0,0,0,0,1
663,4,34417e828e4e07d3,1.296641,19.703399,1,13714,1,1,0,0,1,0,0,0,0,0,0,0,0,0
664,4,281f9efc8d219d12,0.975092,20.0,1,13661,1,1,0,0,1,0,0,0,0,0,0,0,0,1
665,4,600deb331ca51a52,1.776204,16.361178,0,13835,1,0,0,0,0,0,0,0,0,0,0,0,0,0
666,4,b6ca2385ec283e38,1.334396,19.24923,1,13678,1,1,0,0,1,0,0,0,0,0,0,0,0,1
667,4,39b4e1e8d2e80afc,2.047635,20.0,1,13796,2,1,0,0,1,0,0,0,0,0,0,0,0,1
668,4,52058bc17d61d9a9,1.538312,19.583435,1,13718,1,1,0,0,1,0,0,0,0,0,0,0,0,0
669,4,678f05a8dbda2b0c,2.199329,18.191147,1,13634,1,0,0,0,0,0,0,0,0,0,0,0,0,1
670,4,8c7f503bb0f02c9e,1.652274,20.0,1,13780,1,1,0,0,1,0,0,0,0,0,0,0,0,1
671,4,559aae2a6b89546b,1.242534,18.990057,1,13754,1,1,0,0,1,0,0,0,0,0,0,0,0,0
672,4,c62046bb1f5139dd,1.977122,17.745364,1,13685,1,0,0,0,0,0,0,0,0,0,0,0,0,1
673,4,fc0b7129fd488a35,2.528991,20.0,1,14716,2,1,0,0,1,0,0,0,0,0,0,0,0,1
674,4,e2ef551721558fbf,1.901838,18.738208,1,14380,1,1,0,0,1,0,0,0,0,0,0,0,0,0
675,4,796d4a2d980fb089,1.42878,17.556159,1,14654,1,1,0,0,0,0,0,0,0,0,0,0,0,1
676,4,371846c1e4f0deef,2.117042,16.668131,1,14601,1,0,0,0,1,0,0,0,0,0,0,0,0,0
677,4,1e1ceb7e516ce972,1.590455,19.479833,1,15646,1,1,0,0,1,0,0,0,0,0,0,0,0,1
678,4,468b18d834e71a91,1.196044,18.129613,1,15565,1,1,0,0,1,0,0,0,0,0,0,0,0,0
679,4,671c72427eb7b553,2.98585,17.098945,1,15495,2,0,0,0,0,0,0,0,0,0,0,0,0,1
680,4,bc2657eecf61f3cc,2.243158,19.803488,1,15699,1,1,0,0,1,0,0,0,0,0,0,0,0,1
681,4,ac6102baf6bc3e9f,1.686887,20.0,1,15714,1,1,0,0,1,0,0,0,0,0,0,0,0,1
682,4,7b82eeb26a610601,1.267295,19.896568,1,15440,1,1,0,0,1,0,0,0,0,0,0,0,0,0
683,4,82648ad9503f38fb,3.039378,18.426393,1,15887,2,0,0,0,0,0,0,0,0,0,0,0,0,1
684,4,9ebc1834bd5ff9ea,2.283371,20.0,1,15482,1,1,0,0,1,0,0,0,0,0,0,0,0,1
685,4,6bb4c38c44bd3eeb,2.761278,20.0,1,15087,2,1,0,0,1,0,0,0,0,0,0,0,0,1
686,4,4088e016e9e1c720,3.118098,16.981137,0,15210,1,0,0,0,0,0,0,0,0,0,0,0,0,0
687,4,ba03d8d1381ca1fb,2.342511,19.714982,1,15102,1,1,0,0,1,0,0,0,0,0,0,0,0,1
688,4,5c63f10ad74a7664,1.761601,20.0,1,14905,1,1,0,0,1,0,0,0,0,0,0,0,0,1
689,4,89ba1c28d5ae0eb1,1.323425,19.846566,1,13779,1,1,0,0,1,0,0,0,0,0,0,0,0,0
690,4,ffd71024e7a317eb,3.081547,18.388828,1,13241,2,0,0,0,0,0,0,0,0,0,0,0,0,1
691,4,ecd515e7acf7951d,2.315051,20.0,1,13124,1,1,0,0,1,0,0,0,0,0,0,0,0,1
692,4,2f4b3a76e1870f40,1.740951,20.0,1,13147,1,1,0,0,1,0,0,0,0,0,0,0,0,1
693,4,7a85218b15a5bed6,1.307912,20.0,1,13258,1,1,0,0,1,0,0,0,0,0,0,0,0,1
694,4,7f7eded669bd7025,3.069892,17.972367,0,13314,2,0,0,0,0,0,0,0,0,0,0,0,0,0
695,4,b01cccb653143cc2,1.264452,16.995978,1,13531,0,1,0,0,1,0,0,0,0,0,0,0,0,0
696,4,61b6ecaf4b846787,0.949935,19.726132,1,13686,1,1,0,0,1,0,0,0,0,0,0,0,0,1
697,4,6f203f3936875e08,0.713651,18.29835,1,13942,1,1,0,0,1,0,0,0,0,0,0,0,0,0
698,4,799bc911da657005,0.536139,17.225711,1,14781,1,1,0,0,0,0,0,0,0,0,0,0,0,1
699,4,1e9f4ead292e5259,2.491485,19.914983,1,14404,2,0,0,0,1,0,0,0,0,0,0,0,0,1
700,4,9c2989cfd6edb997,1.87176,20.0,1,14488,1,1,0,0,1,0,0,0,0,0,0,0,0,1
701,4,eb885094c9c0e2cf,2.449837,19.945824,1,14619,1,0,0,0,0,0,0,0,0,0,0,0,0,1
702,4,bbda585d026d8ff7,1.842312,18.480045,1,14392,1,1,0,0,1,0,0,0,0,0,0,0,0,0
703,4,70b559f7cda05bfa,2.427714,20.0,1,15573,2,1,0,0,1,0,0,0,0,0,0,0,0,1
704,4,458d3c401dad43e5,2.867504,19.135951,1,15306,1,0,0,0,0,0,0,0,0,0,0,0,0,1
705,4,63a8493a6fe6419c,2.154248,20.0,1,15171,1,1,0,0,1,0,0,0,0,0,0,0,0,1
706,4,07fa0dc196fd3ba9,1.620025,20.0,1,15022,1,1,0,0,1,0,0,0,0,0,0,0,0,1
707,4,406f8d487d1c08ad,2.260718,20.0,1,15252,2,1,0,0,1,0,0,0,0,0,0,0,0,1
708,4,ed9f613d8d821911,2.742046,20.0,1,14993,1,0,0,0,0,0,0,0,0,0,0,0,0,1
709,4,be8856801b7fd801,3.106208,20.0,1,15425,2,1,0,0,1,0,0,0,0,0,0,0,0,1
710,4,aaa5a9c15f2b0457,2.333578,20.0,1,15275,1,1,0,0,1,0,0,0,0,0,0,0,0,0
711,4,b784b10c663764d2,1.75313,20.0,1,15340,1,1,0,0,1,0,0,0,0,0,0,0,0,1
712,4,427f96911351b356,2.360714,17.057942,0,14969,1,0,0,0,0,0,0,0,0,0,0,0,0,0
713,4,0bd6122e0ce341ac,2.819441,19.788819,1,15141,2,1,0,0,1,0,0,0,0,0,0,0,0,1
714,4,470103cf26cae096,2.118141,20.0,1,15407,1,1,0,0,1,0,0,0,0,0,0,0,0,1
715,4,1df778485d4838dc,1.59128,19.874617,1,14036,1,1,0,0,0,0,0,0,0,0,0,0,0,1
716,4,e280bae25965601c,2.240816,20.0,1,12608,1,0,0,0,1,0,0,0,0,0,0,0,0,1
717,4,de09487d1ecb00bd,2.727095,20.0,1,12774,2,1,0,0,1,0,0,0,0,0,0,0,0,1
718,4,c23ca503212c3dbc,3.092418,17.591264,0,12954,1,0,0,0,0,0,0,0,0,0,0,0,0,0
719,4,a219c63372a87a49,2.323218,20.0,1,12857,1,1,0,0,1,0,0,0,0,0,0,0,0,1
720,4,1a0341e44416bead,2.791243,15.170645,0,13326,1,0,0,0,0,0,0,0,0,0,0,0,0,0
721,4,4966c9a23eba8eee,2.096957,18.354828,1,13336,1,1,0,0,1,0,0,0,0,0,0,0,0,1
722,4,2c68a2220e7dda10,1.575365,13.789296,0,13819,1,1,0,0,0,0,0,0,0,0,0,0,0,0
723,4,d3cbdb4de5f10428,2.228848,17.33075,1,14625,1,0,0,0,1,0,0,0,0,0,0,0,0,1
724,4,5f52ebb79ae5fe4d,1.67445,19.977634,1,14450,1,1,0,0,1,0,0,0,0,0,0,0,0,1
725,4,e31cd60c426df3fd,2.301605,15.00845,0,14369,1,0,0,0,0,0,0,0,0,0,0,0,0,0
726,4,aa059ab8e70ee3ce,1.72911,18.232976,1,16233,1,1,0,0,1,0,0,0,0,0,0,0,0,1
727,4,94f2ef8e54a9e609,3.388616,17.19196,1,16455,2,0,0,0,0,0,0,0,0,0,0,0,0,1
728,4,7681e1e270510d78,2.545741,16.394521,1,16166,1,1,0,0,1,0,0,0,0,0,0,0,0,0
729,4,917568eb59d6685e,3.999827,15.795435,1,16019,2,0,0,0,0,0,0,0,0,0,0,0,0,1
730,4,f33af47a53fa0ffc,3.007927,18.839396,1,15780,1,1,0,0,1,0,0,0,0,0,0,0,0,1
731,4,07cfc2050ca96879,3.303396,17.632178,1,15705,1,0,0,0,0,0,0,0,0,0,0,0,0,1
732,4,85bd4f8029a075a1,3.525371,20.0,1,16466,2,1,0,0,1,0,0,0,0,0,0,0,0,1
733,4,eb134def3aa62950,2.64848,15.178574,0,16402,1,1,0,0,0,0,0,0,0,0,0,0,0,0
734,4,9e0b9488232b712a,3.035845,18.375508,1,16114,1,0,0,0,1,0,0,0,0,0,0,0,0,1
735,4,e9b0dc6b62ba72ac,2.280717,20.0,1,16156,1,1,0,0,1,0,0,0,0,0,0,0,0,1
736,4,f330838d4727c097,2.757071,15.598106,0,15994,1,0,0,0,0,0,0,0,0,0,0,0,0,0
737,4,ea3a22cd5c263f74,3.117507,18.691001,1,15884,2,1,0,0,1,0,0,0,0,0,0,0,0,1
738,4,593f028fbdd10edf,3.38572,17.520695,1,13840,1,0,0,0,0,0,0,0,0,0,0,0,0,1
739,4,859bfeda3b30483c,2.543565,20.0,1,12865,1,1,0,0,1,0,0,0,0,0,0,0,0,1
740,4,5dc716f6d3c0daf6,1.910885,18.594498,1,12786,1,1,0,0,1,0,0,0,0,0,0,0,0,0
741,4,c600c2729bee2415,2.481163,17.463829,1,12849,1,0,0,0,0,0,0,0,0,0,0,0,0,1
742,4,25d6ccda1149ba47,1.864005,16.598767,1,12801,1,1,0,0,1,0,0,0,0,0,0,0,0,0
743,4,fe39fa63a73e0ddd,1.400357,19.427722,1,13024,1,1,0,0,1,0,0,0,0,0,0,0,0,1
744,4,bdcd3b608ddd2175,1.053089,18.090425,1,12805,1,1,0,0,1,0,0,0,0,0,0,0,0,0
745,4,c93a1680c8acc679,1.8348,17.069505,1,13035,1,0,0,0,0,0,0,0,0,0,0,0,0,1
746,4,30f363ed4af208af,1.378416,16.302525,1,13047,1,1,0,0,1,0,0,0,0,0,0,0,0,0
747,4,e9421d6d66845f29,1.035553,19.205167,1,12785,1,1,0,0,1,0,0,0,0,0,0,0,0,1
748,5,1fd48474a6be9a50,1.822901,20.0,1,14015,2,1,0,0,1,0,0,0,0,0,0,0,0,1
749,5,530e0ea8d92a6d51,2.413131,19.558541,1,14035,1,0,0,0,0,0,0,0,0,0,0,0,0,1
750,5,9d91a06f605c6d81,1.812895,18.172445,1,14235,1,1,0,0,1,0,0,0,0,0,0,0,0,0
751,5,1bedfd585b1aa4b9,0.319172,17.14644,1,14069,0,1,0,0,0,0,0,0,0,0,0,0,0,1
752,5,26a9669cba5af3ef,1.283436,16.360324,1,14349,1,0,0,0,1,0,0,0,0,0,0,0,0,0
753,5,4f55c5e4b2d3c044,0.964197,15.769744,1,14163,1,1,0,0,1,0,0,0,0,0,0,0,0,0
754,5,429a6cfc04b09590,0.724365,18.804908,1,13901,1,1,0,0,1,0,0,0,0,0,0,0,0,1
755,5,bfd1095e82cc3b3f,1.588884,14.141559,0,14169,1,0,0,0,0,0,0,0,0,0,0,0,0,0
756,5,e8a24dfe484cb614,1.193669,17.581714,1,13980,1,1,0,0,1,0,0,0,0,0,0,0,0,1
757,5,a8eb40163c807ab7,1.940412,16.687329,1,14054,1,0,0,0,0,0,0,0,0,0,0,0,0,1
758,5,b734eb68cadec0ba,2.503368,19.510112,1,14017,2,1,0,0,1,0,0,0,0,0,0,0,0,1
759,5,03ed9d518f369873,1.880687,18.136063,1,13931,1,1,0,0,1,0,0,0,0,0,0,0,0,0
760,5,cd43fcebe8f5e6e6,1.41289,20.0,1,14069,1,1,0,0,1,0,0,0,0,0,0,0,0,1
761,5,338e1a6d9a9334b5,2.105105,15.462964,0,13930,1,0,0,0,0,0,0,0,0,0,0,0,0,0
762,5,f71f04d2a5841727,1.583069,18.589373,1,13749,1,1,0,0,1,0,0,0,0,0,0,0,0,1
763,5,dab4ff966e399802,1.1893,20.0,1,14006,1,1,0,0,1,0,0,0,0,0,0,0,0,1
764,5,339e340883d8ecaf,0.893477,19.197655,1,13909,1,1,0,0,1,0,0,0,0,0,0,0,0,0
765,5,0f3eea50b2030a66,1.716058,17.917412,1,13999,1,0,0,0,0,0,0,0,0,0,0,0,0,1
766,5,157d3461e0a7f335,1.28921,16.939526,1,14082,1,1,0,0,1,0,0,0,0,0,0,0,0,0
767,5,f1991b9aba19249f,0.968535,19.683722,1,13955,1,1,0,0,1,0,0,0,0,0,0,0,0,1
768,5,f0cae4ef532c2023,1.771278,20.0,1,14157,2,1,0,0,1,0,0,0,0,0,0,0,0,1
769,5,7630abeab872e6cf,2.376177,19.833302,1,13984,1,0,0,0,0,0,0,0,0,0,0,0,0,1
770,5,253c29c9cd31f14d,1.785133,18.378863,1,13980,1,1,0,0,1,0,0,0,0,0,0,0,0,0
771,5,1bcd43f2b236da2a,1.341103,20.0,1,13981,1,1,0,0,1,0,0,0,0,0,0,0,0,1
772,5,190012cb2cd5517d,2.052679,19.096109,1,13849,1,0,0,0,0,0,0,0,0,0,0,0,0,1
773,5,752285f96761bfac,1.542101,17.825037,1,13935,1,1,0,0,1,0,0,0,0,0,0,0,0,0
774,5,8ce008444b943984,1.158523,20.0,1,13942,1,1,0,0,1,0,0,0,0,0,0,0,0,1
775,5,815cbd6616cc478f,0.870355,20.0,1,13962,1,1,0,0,1,0,0,0,0,0,0,0,0,1
776,5,ea182be542b69bac,1.69867,16.728641,0,14029,1,0,0,0,0,0,0,0,0,0,0,0,0,0
777,5,98558a7fe6a345e2,1.276147,19.525292,1,13844,1,1,0,0,1,0,0,0,0,0,0,0,0,1
778,5,d0c4a3176ddba144,2.002375,18.147466,1,14077,2,1,0,0,0,0,0,0,0,0,0,0,0,1
779,5,dd1e5f78efae9bca,1.505815,17.127655,1,13972,0,0,0,0,1,0,0,0,0,0,0,0,0,0
780,5,16a5a908ff857a66,2.174916,19.825056,1,13961,2,1,0,0,1,0,0,0,0,0,0,0,0,1
781,5,95f8390a45c16b78,1.633933,18.372668,1,13988,1,1,0,0,1,0,0,0,0,0,0,0,0,0
782,5,19bc916e0d18e327,2.271166,17.281543,1,14006,1,0,0,0,0,0,0,0,0,0,0,0,0,1
783,5,917ea3f24291f013,1.707949,16.476468,1,13800,1,1,0,0,1,0,0,0,0,0,0,0,0,0
784,5,348da937a7d4307f,1.283118,19.335844,1,14088,1,1,0,0,1,0,0,0,0,0,0,0,0,1
785,5,640dfa32a706e2eb,0.963959,18.005141,1,13843,1,1,0,0,0,0,0,0,0,0,0,0,0,1
786,5,029ef519e99e1b01,1.769061,17.020625,1,14131,1,0,0,0,1,0,0,0,0,0,0,0,0,0
787,5,02a6dc965886850a,1.32903,19.744648,1,13960,1,1,0,0,1,0,0,0,0,0,0,0,0,1
788,5,534cc916790ecb89,2.042104,20.0,1,14071,2,1,0,0,1,0,0,0,0,0,0,0,0,1
789,5,535d3d6cdf62dd24,2.577809,19.849687,1,13806,1,0,0,0,0,0,0,0,0,0,0,0,0,1
790,5,683aa3ef9fea1994,1.938549,20.0,1,14004,1,1,0,0,1,0,0,0,0,0,0,0,0,1
791,5,09824303c417f357,1.45636,20.0,1,13905,1,1,0,0,1,0,0,0,0,0,0,0,0,1
792,5,bd8c9d35243af573,2.137762,20.0,1,13960,2,1,0,0,1,0,0,0,0,0,0,0,0,0
793,5,cdd2e73c3dc9fd46,1.607627,19.317566,1,13914,1,1,0,0,0,0,0,0,0,0,0,0,0,1
794,5,1794af5e9b422570,2.251404,17.99141,1,13995,1,0,0,0,1,0,0,0,0,0,0,0,0,0
795,5,7787f9ec6f8cb5ee,1.691396,20.0,1,13915,1,1,0,0,1,0,0,0,0,0,0,0,0,1
796,5,cb38324ee7829c3c,1.270682,18.860167,1,13815,1,1,0,0,0,0,0,0,0,0,0,0,0,1
797,5,3e0363c9588a642a,3.043872,20.0,1,14166,2,0,0,0,1,0,0,0,0,0,0,0,0,1
798,5,a334a8527ade45d4,2.286747,19.36363,1,14161,1,1,0,0,1,0,0,0,0,0,0,0,0,0
799,5,138a27011e2db29e,1.717948,20.0,1,14178,1,1,0,0,1,0,0,0,0,0,0,0,0,1
800,5,d30f8730fde55895,1.291921,20.0,1,14033,1,1,0,0,1,0,0,0,0,0,0,0,0,1
801,5,0ed840a5f06fa1a5,2.014225,17.378932,0,14033,1,0,0,0,0,0,0,0,0,0,0,0,0,0
802,5,bd0a57e317a75d2c,2.556866,20.0,1,13924,2,1,0,0,1,0,0,0,0,0,0,0,0,1
803,5,59312ce0927659a5,1.920878,18.514487,1,13934,1,1,0,0,1,0,0,0,0,0,0,0,0,0
804,5,27b8bc9cdb40cc84,1.444527,20.0,1,13972,1,1,0,0,1,0,0,0,0,0,0,0,0,1
805,5,9ccfe455513c06bb,1.085219,20.0,1,13848,1,1,0,0,1,0,0,0,0,0,0,0,0,1
806,5,b0935f554c89af66,2.902591,20.0,1,14058,2,0,0,0,0,0,0,0,0,0,0,0,0,1
807,5,b914eea3d13fa916,2.18279,18.891397,1,13955,1,1,0,0,1,0,0,0,0,0,0,0,0,0
808,5,b3fd9f0e60427045,1.639849,20.0,1,13974,1,1,0,0,1,0,0,0,0,0,0,0,0,1
809,5,48176576d09981b8,2.27561,19.368116,1,13857,1,0,0,0,0,0,0,0,0,0,0,0,0,1
810,5,0689438d8e99ed3e,1.709581,20.0,1,13853,1,1,0,0,1,0,0,0,0,0,0,0,0,1
811,5,abbb7837f6f1aa60,1.285629,19.654998,1,13817,1,1,0,0,1,0,0,0,0,0,0,0,0,0
812,5,7883239ed58133d7,0.965845,20.0,1,13941,1,1,0,0,1,0,0,0,0,0,0,0,0,1
813,5,0cc399bd6318e860,0.725603,19.799089,1,13917,1,1,0,0,1,0,0,0,0,0,0,0,0,0
814,5,80dbdc313ac24a14,1.589815,18.369699,1,13831,1,0,0,0,0,0,0,0,0,0,0,0,0,1
815,5,017dcc90838402fc,2.238022,20.0,1,13788,2,1,0,0,1,0,0,0,0,0,0,0,0,1
816,5,832d003772f94809,1.681342,19.073672,1,13852,1,1,0,0,1,0,0,0,0,0,0,0,0,0
817,5,1f0856ef8813fb4c,1.263129,20.0,1,13893,1,1,0,0,1,0,0,0,0,0,0,0,0,1
818,5,6b2520495f008149,1.994042,19.488648,1,13820,1,0,0,0,0,0,0,0,0,0,0,0,0,1
819,5,3b2ced347bc5d8e4,1.498049,20.0,1,13916,1,1,0,0,1,0,0,0,0,0,0,0,0,1
820,5,c75a532fa44080bf,1.125428,19.705202,1,13778,1,1,0,0,1,0,0,0,0,0,0,0,0,0
821,5,67c321b439d7cb83,1.890489,18.299095,1,13931,1,0,0,0,0,0,0,0,0,0,0,0,0,1
822,5,9f55f0d732aa01c5,1.420253,17.22627,1,13920,1,1,0,0,1,0,0,0,0,0,0,0,0,0
823,5,68cc83c2ee9e4353,3.15429,16.420297,1,13834,2,0,0,0,0,0,0,0,0,0,0,0,0,1
824,5,82d066426bef34de,2.3697,19.293645,1,13794,1,1,0,0,1,0,0,0,0,0,0,0,0,1
825,5,d30647ef1fe57b43,1.782048,17.989597,1,13852,1,1,0,0,1,0,0,0,0,0,0,0,0,0
826,5,874df85641ce7d82,1.338786,16.993757,1,13744,1,1,0,0,0,0,0,0,0,0,0,0,0,1
827,5,2ac3a4c7d20ba310,2.049433,19.724463,1,13827,1,0,0,0,1,0,0,0,0,0,0,0,0,1
828,5,198c6d4238c44977,1.541203,18.313579,1,13840,1,1,0,0,1,0,0,0,0,0,0,0,0,0
829,5,45865ef06760a501,2.201502,17.237152,1,13616,1,0,0,0,0,0,0,0,0,0,0,0,0,1
830,5,cda3cfc07c857e15,1.653906,16.428472,1,13808,1,1,0,0,1,0,0,0,0,0,0,0,0,0
831,5,27f34fbf70c6fd5e,2.286171,15.820942,1,13884,1,0,0,0,0,0,0,0,0,0,0,0,0,1
832,5,8ec05878b6fd3ce5,1.719233,18.858577,1,13779,1,1,0,0,1,0,0,0,0,0,0,0,0,1
833,5,d67fe1b3f4dac46a,2.335249,14.167744,0,13768,1,0,0,0,0,0,0,0,0,0,0,0,0,0
834,5,cab5af4452644b8d,2.798039,17.601385,1,13961,2,1,0,0,1,0,0,0,0,0,0,0,0,1
835,5,030e334e062c2987,2.104165,20.0,1,13700,1,1,0,0,1,0,0,0,0,0,0,0,0,1
836,5,1188b8eb1da97757,2.624434,18.652468,1,13714,1,0,0,0,0,0,0,0,0,0,0,0,0,1
837,5,888a18f69df54106,1.971639,17.491747,1,13543,1,1,0,0,1,0,0,0,0,0,0,0,0,0
838,5,fb70b0684588b99a,1.481219,16.61974,1,13537,1,1,0,0,0,0,0,0,0,0,0,0,0,1
839,5,b513b2a0d8918911,2.158048,15.978783,1,13688,1,0,0,0,1,0,0,0,0,0,0,0,0,0
840,5,abd3b9157c28f144,1.621261,18.961951,1,13421,1,1,0,0,1,0,0,0,0,0,0,0,0,1
841,5,e44af2bf104e6548,1.217993,17.72425,1,13686,1,1,0,0,1,0,0,0,0,0,0,0,0,0
842,5,24f2a571096c80f8,1.960098,16.80939,1,13664,1,0,0,0,0,0,0,0,0,0,0,0,0,1
843,5,eaca14a852f8f0bc,1.472549,16.107111,1,13890,1,1,0,0,1,0,0,0,0,0,0,0,0,0
844,5,555277eab7f97d98,1.106271,19.058359,1,13541,1,1,0,0,1,0,0,0,0,0,0,0,0,1
845,5,83da619799e8c297,1.874753,14.317833,0,13656,1,0,0,0,0,0,0,0,0,0,0,0,0,0
846,5,012cb8b7519062ff,1.409841,17.728218,1,13559,1,1,0,0,1,0,0,0,0,0,0,0,0,1
847,5,d337979599d7b5e7,1.059161,16.797392,1,13573,1,1,0,0,1,0,0,0,0,0,0,0,0,0
848,5,f58cc74a18ca6f5e,0.795708,19.576942,1,13534,1,1,0,0,1,0,0,0,0,0,0,0,0,1
849,5,55f5229639b6154f,1.642534,14.722139,0,13593,1,0,0,0,0,0,0,0,0,0,0,0,0,0
850,5,fc5b0585ddcf0fa5,1.233975,18.017882,1,13632,1,1,0,0,1,0,0,0,0,0,0,0,0,1
851,5,784d948f8e47bd92,0.927039,17.015006,1,13543,1,1,0,0,1,0,0,0,0,0,0,0,0,0
852,5,f4587264a61a5c6a,0.69645,19.740427,1,13626,1,1,0,0,1,0,0,0,0,0,0,0,0,1
853,5,7f03e1d1a2d79f7a,1.567891,14.845082,0,13498,1,0,0,0,0,0,0,0,0,0,0,0,0,0
854,5,f382d28b35b35aba,1.177898,18.110244,1,13718,1,1,0,0,1,0,0,0,0,0,0,0,0,1
855,5,ac5a68f06eb231c5,0.88491,20.0,1,13458,1,1,0,0,1,0,0,0,0,0,0,0,0,1
856,5,72e5ed2ee4a6ce2d,0.665465,18.94435,1,13560,1,1,0,0,1,0,0,0,0,0,0,0,0,0
857,5,20462e454ea2294e,1.543593,17.711027,1,13556,1,0,0,0,0,0,0,0,0,0,0,0,0,1
858,5,daea530305e3900a,1.159643,16.784477,1,13664,1,1,0,0,1,0,0,0,0,0,0,0,0,0
859,5,a6e888f1ebd4028f,0.871197,19.567239,1,13657,1,1,0,0,1,0,0,0,0,0,0,0,0,1
860,5,c4f8b36b115b45b7,0.655152,20.0,1,13388,1,1,0,0,1,0,0,0,0,0,0,0,0,1
861,5,9db8cab8d5871e85,1.535845,16.284253,0,13564,1,0,0,0,0,0,0,0,0,0,0,0,0,0
862,5,e742e6069af38ad4,2.197476,19.191439,1,13703,2,1,0,0,1,0,0,0,0,0,0,0,0,1
863,5,e38814be82db23bd,1.652533,17.912738,1,13453,1,1,0,0,1,0,0,0,0,0,0,0,0,0
864,5,2778e2c116ffae02,2.28514,16.936015,1,13568,1,0,0,0,0,0,0,0,0,0,0,0,0,1
865,5,7ff8cbcc1c43fc77,1.71674,16.202239,1,13622,1,1,0,0,1,0,0,0,0,0,0,0,0,0
866,5,66b9601f7bca2a76,1.289723,19.129826,1,13521,1,1,0,0,1,0,0,0,0,0,0,0,0,1
867,5,5462061aadc02247,0.96989,20.0,1,13479,1,1,0,0,1,0,0,0,0,0,0,0,0,1
868,5,c2d96802efe527b7,0.728642,16.037132,0,13579,1,1,0,0,0,0,0,0,0,0,0,0,0,0
869,5,2b97266cf694bd67,1.591055,19.005787,1,13664,1,0,0,0,1,0,0,0,0,0,0,0,0,1
870,5,c644a93415a98514,1.196496,17.773124,1,13586,1,1,0,0,1,0,0,0,0,0,0,0,0,0
871,5,aa017d1a0e7ab923,0.898883,20.0,1,13595,1,1,0,0,1,0,0,0,0,0,0,0,0,1
872,5,1aa6e7ec6b193cd4,0.675297,20.0,1,13575,1,1,0,0,1,0,0,0,0,0,0,0,0,1
873,5,940d0272a1287599,1.550979,16.689909,0,13613,1,0,0,0,0,0,0,0,0,0,0,0,0,0
874,5,a36473885b5e4ac4,2.210509,19.512053,1,13601,2,1,0,0,1,0,0,0,0,0,0,0,0,1
875,5,5a290ee1f72ee88c,1.660672,18.137521,1,13679,1,1,0,0,1,0,0,0,0,0,0,0,0,0
876,5,a10f0f0225898746,1.247601,20.0,1,13663,1,1,0,0,1,0,0,0,0,0,0,0,0,1
877,5,ad22d363ab4cc2c9,1.982364,18.95976,1,13615,1,0,0,0,0,0,0,0,0,0,0,0,0,1
878,5,7b19815b3f4dabed,1.489276,17.722604,1,13787,1,1,0,0,1,0,0,0,0,0,0,0,0,0
879,5,a674938663301333,1.118838,20.0,1,13931,1,1,0,0,1,0,0,0,0,0,0,0,0,1
880,5,509198b5786d02b7,0.840541,20.0,1,14666,1,1,0,0,1,0,0,0,0,0,0,0,0,1
881,5,c04e7b977b55ea13,0.632099,20.0,1,14655,1,1,0,0,1,0,0,0,0,0,0,0,0,0
882,5,acb85824b82ffa50,1.518525,18.628556,1,14562,1,0,0,0,0,0,0,0,0,0,0,0,0,1
883,5,e6d2bf79596f1c93,2.184465,20.0,1,14698,2,1,0,0,1,0,0,0,0,0,0,0,0,1
884,5,2a2a91cc369a5136,1.642749,19.237176,1,16072,1,1,0,0,1,0,0,0,0,0,0,0,0,0
885,5,8af4c63aced1d663,2.277789,17.931015,1,16083,1,0,0,0,0,0,0,0,0,0,0,0,0,1
886,5,12b3e36bb7ef90bc,1.711218,20.0,1,16215,1,1,0,0,1,0,0,0,0,0,0,0,0,1
887,5,1ea515a056bbd47b,2.329227,20.0,1,16487,2,1,0,0,1,0,0,0,0,0,0,0,0,1
888,5,73741215fbafab10,2.795763,20.0,1,16544,1,0,0,0,0,0,0,0,0,0,0,0,0,1
889,5,6dfd1d71173fe614,2.100352,18.69501,1,16818,1,1,0,0,1,0,0,0,0,0,0,0,0,0
890,5,ee8840b771c42f67,2.621569,20.0,1,16857,2,1,0,0,1,0,0,0,0,0,0,0,0,1
891,5,46e0ffa69c93eac1,1.971457,20.0,1,17110,1,1,0,0,1,0,0,0,0,0,0,0,0,1
892,5,e8f460e26a0c1019,3.568389,20.0,1,16972,2,0,0,0,0,0,0,0,0,0,0,0,0,1
893,5,1debe50370343041,2.680797,20.0,1,16993,1,1,0,0,1,0,0,0,0,0,0,0,0,1
894,5,4eac2d2acb409d6d,2.013983,20.0,1,17108,1,1,0,0,1,0,0,0,0,0,0,0,0,0
895,5,d8865e29a90b6ae6,2.558694,20.0,1,17157,2,1,0,0,0,0,0,0,0,0,0,0,0,2
896,5,65395ab990da92e2,2.965905,20.0,1,14902,1,0,0,0,1,0,0,0,0,0,0,0,0,0
897,5,7ea00bada446457a,3.271827,20.0,1,13058,2,1,0,0,1,0,0,0,0,0,0,0,0,1
898,5,2e7fdfb118cd4287,2.46046,20.0,1,13341,1,1,0,0,1,0,0,0,0,0,0,0,0,1
899,5,9619c40bdfb6999f,1.848452,20.0,1,13201,1,1,0,0,0,0,0,0,0,0,0,0,0,1
900,5,a7a7cff7d1109694,2.432326,19.411089,1,13239,1,0,0,0,1,0,0,0,0,0,0,0,0,0
901,5,c3f323de486ccb58,1.827316,20.0,1,13581,1,1,0,0,1,0,0,0,0,0,0,0,0,1
902,5,38a5ea27c4706cd4,1.374167,19.679276,1,13556,1,1,0,0,1,0,0,0,0,0,0,0,0,0
903,5,624b3acf06e776d4,2.076014,18.263149,1,13733,1,0,0,0,0,0,0,0,0,0,0,0,0,1
904,5,4bc8614871f0f4da,2.603285,20.0,1,13717,2,1,0,0,1,0,0,0,0,0,0,0,0,1
905,5,12eab71e36da7061,1.957707,19.030735,1,13564,1,1,0,0,0,0,0,0,0,0,0,0,0,1
906,5,c75488bae5731956,2.514406,20.0,1,13554,1,0,0,0,1,0,0,0,0,0,0,0,0,1
907,5,88364bfd4c5071c5,1.888979,19.446758,1,13647,1,1,0,0,1,0,0,0,0,0,0,0,0,0
908,5,f89559e733ee429f,2.462773,18.088467,1,13464,1,0,0,0,0,0,0,0,0,0,0,0,0,1
909,5,370907e7cb610152,1.85204,17.083286,1,13401,1,1,0,0,1,0,0,0,0,0,0,0,0,0
910,5,c24a37abf74ffb45,1.391369,19.791724,1,13329,1,1,0,0,1,0,0,0,0,0,0,0,0,1
911,5,5ac26bc8b31127eb,2.088937,14.868782,0,13186,1,0,0,0,0,0,0,0,0,0,0,0,0,0
912,5,6d7e93e7ff794862,2.615061,18.142539,1,13313,2,1,0,0,1,0,0,0,0,0,0,0,0,1
913,5,e6b316e0c79d7b46,1.964597,17.108656,1,13169,1,1,0,0,0,0,0,0,0,0,0,0,0,1
914,5,6251c049662823b2,2.519582,19.810783,1,13372,1,0,0,0,1,0,0,0,0,0,0,0,0,1
915,5,ac15f015a62f5915,2.936521,18.361945,1,13344,1,0,0,0,0,0,0,0,0,0,0,0,0,1
916,5,75892b70c4b210b9,3.252456,20.0,1,13083,2,1,0,0,1,0,0,0,0,0,0,0,0,1
917,5,e8665a968af89674,1.399795,19.082154,1,13297,0,1,0,0,1,0,0,0,0,0,0,0,0,0
918,5,cbe4a78dc67802cd,2.095267,14.335709,0,13336,1,0,0,0,0,0,0,0,0,0,0,0,0,0
919,5,16f59889293a3d87,1.575671,17.741661,1,13294,1,1,0,0,1,0,0,0,0,0,0,0,0,1
920,5,1dc14614baa6abcd,2.227396,13.328647,0,13414,1,0,0,0,0,0,0,0,0,0,0,0,0,0
921,5,c13633922eee2a49,1.673359,16.971003,1,13144,1,1,0,0,1,0,0,0,0,0,0,0,0,1
922,5,9aa33291c4acdd7a,2.300786,16.228525,1,13317,2,1,0,0,0,0,0,0,0,0,0,0,0,1
923,5,cd9a9148e8b7c63a,2.774374,15.684584,1,13167,1,0,0,0,1,0,0,0,0,0,0,0,0,0
924,5,42d41844aa56896a,2.084284,18.74093,1,13419,1,1,0,0,1,0,0,0,0,0,0,0,0,1
925,5,ab4db5e10fbf2b0c,2.609498,14.07936,0,13387,1,0,0,0,0,0,0,0,0,0,0,0,0,0
926,5,f0ec99096bdf573d,3.00653,14.068381,1,13417,1,0,0,0,0,0,0,0,0,0,0,0,0,1
927,5,75050f378a325b37,2.258694,14.047894,1,13528,1,1,0,0,1,0,0,0,0,0,0,0,0,0
928,5,807360432d8a9607,2.740525,14.032502,1,13497,1,0,0,0,0,0,0,0,0,0,0,0,0,1
929,5,80ecbe36cb9f9166,2.058854,14.020939,1,13459,1,1,0,0,1,0,0,0,0,0,0,0,0,0
930,5,cb43a7c979c84c0d,1.548288,17.504949,1,13047,1,1,0,0,1,0,0,0,0,0,0,0,0,1
931,5,67ce27cf4d3e4717,2.206824,13.150814,0,13247,1,0,0,0,0,0,0,0,0,0,0,0,0,0
932,5,84ed367b2d19d4b2,1.657904,16.837404,1,13095,1,1,0,0,1,0,0,0,0,0,0,0,0,1
933,5,279cf82fe54d4b55,2.290918,12.661968,0,13232,1,0,0,0,0,0,0,0,0,0,0,0,0,0
934,5,aad337ed708a8e95,1.721081,16.470152,1,13169,1,1,0,0,1,0,0,0,0,0,0,0,0,1
935,5,bba8fb88658a23c2,1.292984,15.852254,1,13163,1,1,0,0,1,0,0,0,0,0,0,0,0,0
936,5,e43858fabc48d5f0,0.971371,18.866895,1,13179,1,1,0,0,1,0,0,0,0,0,0,0,0,1
937,5,ab176606e175fa0c,1.774635,14.188174,0,13296,1,0,0,0,0,0,0,0,0,0,0,0,0,0
938,5,894f1315742165e7,1.333217,17.616734,1,13200,1,1,0,0,1,0,0,0,0,0,0,0,0,1
939,6,1fd48474a6be9a50,1.001596,16.713638,1,13925,1,1,0,0,0,0,0,0,0,0,0,0,0,1
940,6,530e0ea8d92a6d51,1.797365,16.049396,1,14014,1,0,0,0,1,0,0,0,0,0,0,0,0,0
941,6,9d91a06f605c6d81,1.350293,19.015,1,14205,1,1,0,0,1,0,0,0,0,0,0,0,0,1
942,6,1bedfd585b1aa4b9,2.058078,14.285259,0,14361,1,0,0,0,0,0,0,0,0,0,0,0,0,0
943,6,26a9669cba5af3ef,1.546157,17.68967,1,14158,1,1,0,0,1,0,0,0,0,0,0,0,0,1
944,6,4f55c5e4b2d3c044,1.162732,16.783386,1,14279,1,1,0,0,1,0,0,0,0,0,0,0,0,0
945,6,429a6cfc04b09590,1.917171,16.087575,1,14065,1,0,0,0,0,0,0,0,0,0,0,0,0,1
946,6,bfd1095e82cc3b3f,1.440299,19.043683,1,14035,1,1,0,0,1,0,0,0,0,0,0,0,0,1
947,6,e8a24dfe484cb614,1.083125,17.801622,1,13814,1,1,0,0,1,0,0,0,0,0,0,0,0,0
948,6,a8eb40163c807ab7,0.813711,16.852538,1,13997,1,1,0,0,0,0,0,0,0,0,0,0,0,1
949,6,b734eb68cadec0ba,2.698618,19.618371,1,13960,2,0,0,0,1,0,0,0,0,0,0,0,0,1
950,6,03ed9d518f369873,2.027371,20.0,1,14238,1,1,0,0,1,0,0,0,0,0,0,0,0,1
951,6,cd43fcebe8f5e6e6,2.568762,19.796382,1,13881,1,0,0,0,0,0,0,0,0,0,0,0,0,1
952,6,338e1a6d9a9334b5,1.929815,18.351126,1,14065,1,1,0,0,1,0,0,0,0,0,0,0,0,0
953,6,f71f04d2a5841727,1.449798,20.0,1,13967,1,1,0,0,1,0,0,0,0,0,0,0,0,1
954,6,dab4ff966e399802,1.090269,19.080439,1,13860,1,1,0,0,0,0,0,0,0,0,0,0,0,1
955,6,339e340883d8ecaf,2.906385,20.0,1,13859,2,0,0,0,1,0,0,0,0,0,0,0,0,1
956,6,0f3eea50b2030a66,2.183458,19.47481,1,14091,1,1,0,0,1,0,0,0,0,0,0,0,0,0
957,6,157d3461e0a7f335,1.640351,20.0,1,13955,1,1,0,0,1,0,0,0,0,0,0,0,0,1
958,6,f1991b9aba19249f,1.233567,19.715276,1,13969,1,1,0,0,1,0,0,0,0,0,0,0,0,0
959,6,f0cae4ef532c2023,1.970386,18.290194,1,14073,1,0,0,0,0,0,0,0,0,0,0,0,0,1
960,6,7630abeab872e6cf,1.480277,17.219584,1,14161,1,1,0,0,1,0,0,0,0,0,0,0,0,0
961,6,253c29c9cd31f14d,1.11319,19.910376,1,13873,1,1,0,0,1,0,0,0,0,0,0,0,0,1
962,6,1bcd43f2b236da2a,1.879951,14.957921,0,13983,1,0,0,0,0,0,0,0,0,0,0,0,0,0
963,6,190012cb2cd5517d,1.412337,18.195016,1,14031,1,1,0,0,1,0,0,0,0,0,0,0,0,1
964,6,752285f96761bfac,1.061036,20.0,1,13865,1,1,0,0,1,0,0,0,0,0,0,0,0,1
965,6,8ce008444b943984,0.797914,18.992243,1,13922,1,1,0,0,1,0,0,0,0,0,0,0,0,0
966,6,815cbd6616cc478f,1.643096,17.747007,1,13939,1,0,0,0,0,0,0,0,0,0,0,0,0,1
967,6,ea182be542b69bac,2.27805,20.0,1,13963,2,1,0,0,1,0,0,0,0,0,0,0,0,1
968,6,98558a7fe6a345e2,1.713126,18.739135,1,13814,1,1,0,0,1,0,0,0,0,0,0,0,0,0
969,6,ea40987dff05550d,1.287008,20.0,1,14034,1,1,0,0,1,0,0,0,0,0,0,0,0,1
970,6,bd84d51435d6859a,2.010534,15.803336,0,14043,1,0,0,0,0,0,0,0,0,0,0,0,0,0
971,6,b3773e59edaae1a5,1.510439,18.830144,1,14052,1,1,0,0,1,0,0,0,0,0,0,0,0,1
972,6,5dadae3439224eef,1.135872,20.0,1,13931,1,1,0,0,1,0,0,0,0,0,0,0,0,1
973,6,bf32681d9402a0dc,0.853338,19.346668,1,13909,1,1,0,0,1,0,0,0,0,0,0,0,0,0
974,6,f7bd4e508f328e99,1.684734,18.013273,1,13927,1,0,0,0,0,0,0,0,0,0,0,0,0,1
975,6,7c7cf98600a1ae76,2.311095,20.0,1,14106,2,1,0,0,1,0,0,0,0,0,0,0,0,1
976,6,4330f499d34eea83,1.736239,18.885168,1,13837,1,1,0,0,1,0,0,0,0,0,0,0,0,0
977,6,574139667abb0c89,2.348025,17.666566,1,13963,1,0,0,0,0,0,0,0,0,0,0,0,0,1
978,6,92baeeda50fe0e26,1.763983,20.0,1,14184,1,1,0,0,1,0,0,0,0,0,0,0,0,1
979,6,80a0120ed18f2275,1.326541,18.693689,1,14009,1,1,0,0,1,0,0,0,0,0,0,0,0,0
980,6,6c101f580b712b70,0.99658,17.522715,1,13905,1,1,0,0,0,0,0,0,0,0,0,0,0,1
981,6,b15e4f2a53c46617,1.792347,16.643005,1,14007,1,0,0,0,1,0,0,0,0,0,0,0,0,0
982,6,24ffb1d0a2680279,1.34787,19.47678,1,13996,1,1,0,0,1,0,0,0,0,0,0,0,0,1
983,6,68121a43e0cae420,2.056258,20.0,1,13997,2,1,0,0,1,0,0,0,0,0,0,0,0,1
984,6,aaf35ef966d09fb9,1.54479,19.698504,1,14083,1,1,0,0,1,0,0,0,0,0,0,0,0,0
985,6,e83ec1fc7d0af0b2,2.204196,18.277594,1,14067,1,0,0,0,0,0,0,0,0,0,0,0,0,1
986,6,30145d94870288c8,1.657587,20.0,1,14044,1,1,0,0,1,0,0,0,0,0,0,0,0,1
987,6,48b19f1f0393bd84,1.245283,19.034499,1,13962,1,1,0,0,1,0,0,0,0,0,0,0,0,0
988,6,660e55ed3e8f8b1b,0.935535,17.778752,1,14042,1,1,0,0,0,0,0,0,0,0,0,0,0,1
989,6,113af7560806643d,1.747686,16.850377,1,13952,1,0,0,0,1,0,0,0,0,0,0,0,0,0
990,6,06dd42b45c17fb2e,2.356624,19.616747,1,14104,2,1,0,0,1,0,0,0,0,0,0,0,0,1
991,6,f0f5ccd4e7e38638,1.770444,20.0,1,14140,1,1,0,0,1,0,0,0,0,0,0,0,0,1
992,6,85cd675ac93b42a6,2.373722,19.7775,1,14076,1,0,0,0,0,0,0,0,0,0,0,0,0,1
993,6,ce6a6d19048593a2,1.785073,18.353464,1,14100,1,1,0,0,1,0,0,0,0,0,0,0,0,0
994,6,67c217e0526ee573,1.341058,20.0,1,14017,1,1,0,0,1,0,0,0,0,0,0,0,0,1
995,6,91d6c2f2c8a79719,2.05114,20.0,1,14179,2,1,0,0,1,0,0,0,0,0,0,0,0,1
996,6,646f9ddf48439184,2.586637,16.952923,0,14026,1,0,0,0,0,0,0,0,0,0,0,0,0,0
997,6,e5f7cec101ed80fc,1.943244,19.693786,1,14114,1,1,0,0,1,0,0,0,0,0,0,0,0,1
998,6,c95924f2dada814a,1.459886,14.795206,0,14202,1,1,0,0,0,0,0,0,0,0,0,0,0,0
999,6,b7ed42519a241519,2.140411,18.072774,1,14194,1,0,0,0,1,0,0,0,0,0,0,0,0,1
1000,6,d96a487923810329,1.60962,17.071485,1,13884,1,1,0,0,1,0,0,0,0,0,0,0,0,0
1001,6,f72baef4e89e2969,1.209247,16.304013,1,14169,1,1,0,0,0,0,0,0,0,0,0,0,0,1
1002,6,73af4bb8bd0cf539,1.952116,19.206285,1,14133,1,0,0,0,1,0,0,0,0,0,0,0,0,1
1003,6,df30ee7102124b2d,2.512169,20.0,1,14052,2,1,0,0,1,0,0,0,0,0,0,0,0,1
1004,6,452eb05f77d9e798,1.887299,20.0,1,13937,1,1,0,0,1,0,0,0,0,0,0,0,0,1
1005,6,b85f9a778089111c,2.46151,17.307601,0,14001,1,0,0,0,0,0,0,0,0,0,0,0,0,0
1006,6,a04656e015169539,1.849241,19.960243,1,14230,1,1,0,0,1,0,0,0,0,0,0,0,0,1
1007,6,0605c6c3dd607c22,1.390655,20.0,1,14088,1,1,0,0,1,0,0,0,0,0,0,0,0,1
1008,6,5c3327d5d04b3bf2,2.088401,20.0,1,14091,2,1,0,0,1,0,0,0,0,0,0,0,0,1
1009,6,d1490ef626d88642,2.612591,17.627606,0,14214,1,0,0,0,0,0,0,0,0,0,0,0,0,0
1010,6,c5b822502994eb6b,1.964706,20.0,1,14114,1,1,0,0,1,0,0,0,0,0,0,0,0,1
1011,6,d176629312e94df7,1.47601,15.188437,0,14124,1,1,0,0,0,0,0,0,0,0,0,0,0,0
1012,6,f7bd93d0fbad3cc4,2.152524,18.368194,1,14249,1,0,0,0,1,0,0,0,0,0,0,0,0,1
1013,6,bb17d40cf0ce3b10,1.617111,20.0,1,14275,1,1,0,0,1,0,0,0,0,0,0,0,0,1
1014,6,09db8c22003cafc4,3.304392,19.090082,1,14151,2,0,0,0,0,0,0,0,0,0,0,0,0,1
1015,6,a922dd8e3be979be,2.482466,20.0,1,14152,1,1,0,0,1,0,0,0,0,0,0,0,0,1
1016,6,ca742c3564ca89ec,2.908637,16.001408,0,14063,1,0,0,0,0,0,0,0,0,0,0,0,0,0
1017,6,ee07ef875cb8222f,2.187337,18.99429,1,14398,1,1,0,0,1,0,0,0,0,0,0,0,0,1
1018,6,44a937e25d5fe97a,1.643264,17.748545,1,14093,1,1,0,0,1,0,0,0,0,0,0,0,0,0
1019,6,a7c0fe6af49c7498,2.278176,16.812663,1,14217,1,0,0,0,0,0,0,0,0,0,0,0,0,1
1020,6,5031b017df760d5c,2.755162,19.588414,1,14346,2,1,0,0,1,0,0,0,0,0,0,0,0,1
1021,6,41e3da41dfcb9e13,2.071921,18.211268,1,14326,1,1,0,0,1,0,0,0,0,0,0,0,0,0
1022,6,172a8f65a83e640a,2.60021,17.16029,1,14380,1,0,0,0,0,0,0,0,0,0,0,0,0,1
1023,6,e1b8beb0c0dd2987,1.953441,16.370729,1,14337,1,1,0,0,1,0,0,0,0,0,0,0,0,0
1024,6,f0f021c24f5e2b20,2.513166,15.791523,1,14474,1,0,0,0,0,0,0,0,0,0,0,0,0,1
1025,6,2f2cf70214a6091e,1.888048,15.342425,1,14522,1,1,0,0,1,0,0,0,0,0,0,0,0,0
1026,6,c99e72d92b2de080,1.41842,18.48388,1,14632,1,1,0,0,1,0,0,0,0,0,0,0,0,1
1027,6,7c45149b17e73278,1.065606,17.365092,1,14565,1,1,0,0,1,0,0,0,0,0,0,0,0,0
1028,6,3e652989d156f2f8,1.845501,16.539299,1,14361,1,0,0,0,0,0,0,0,0,0,0,0,0,1
1029,6,8f20ca8584974132,1.386456,19.383046,1,14362,1,1,0,0,1,0,0,0,0,0,0,0,0,1
1030,6,92bf4b78bba19027,1.041593,18.040602,1,14195,1,1,0,0,1,0,0,0,0,0,0,0,0,0
1031,6,e0761c1f106e21d7,1.827443,17.047292,1,14084,1,0,0,0,0,0,0,0,0,0,0,0,0,1
1032,6,c4e91514cdd0fcd1,2.416543,19.764682,1,14270,2,1,0,0,1,0,0,0,0,0,0,0,0,1
1033,6,29509561683bfd50,1.815458,20.0,1,14311,1,1,0,0,1,0,0,0,0,0,0,0,0,1
1034,6,ee526894400b0647,1.363886,19.860994,1,14049,1,1,0,0,1,0,0,0,0,0,0,0,0,0
1035,6,28226f2b4c7ddc17,2.069812,18.416252,1,14098,1,0,0,0,0,0,0,0,0,0,0,0,0,1
1036,6,5f954bdc53ac9ad0,1.554973,17.314287,1,14208,1,1,0,0,1,0,0,0,0,0,0,0,0,0
1037,6,35ace00b1b3ee9f3,1.168193,19.965265,1,14227,1,1,0,0,1,0,0,0,0,0,0,0,0,1
1038,6,8411077b8132e874,1.922648,15.014164,0,14011,1,0,0,0,0,0,0,0,0,0,0,0,0,0
1039,6,b74f8f1cbf1c5eb5,1.444414,18.237269,1,14190,1,1,0,0,1,0,0,0,0,0,0,0,0,1
1040,6,b531610733e8f3c6,1.085134,17.179823,1,14102,1,1,0,0,1,0,0,0,0,0,0,0,0,0
1041,6,ee48be9611444222,1.858874,16.385403,1,14073,1,0,0,0,0,0,0,0,0,0,0,0,0,1
1042,6,d7c9f5333d7e3e8e,2.44205,19.28306,1,14038,2,1,0,0,1,0,0,0,0,0,0,0,0,1
1043,6,5aac1634ee087123,1.834621,20.0,1,14130,1,1,0,0,1,0,0,0,0,0,0,0,0,1
1044,6,1f5fb04f2d30e60f,1.378282,19.589169,1,14079,1,1,0,0,1,0,0,0,0,0,0,0,0,0
1045,6,80fbc94f5f124f27,1.036488,20.0,1,14070,1,1,0,0,1,0,0,0,0,0,0,0,0,1
1046,6,3abd7f2475c904a3,1.822328,16.296642,0,14026,1,0,0,0,0,0,0,0,0,0,0,0,0,0
1047,6,8e20f99e37aec77f,1.369047,19.200747,1,13927,1,1,0,0,1,0,0,0,0,0,0,0,0,1
1048,6,621cec5633205274,1.028514,17.903648,1,14030,1,1,0,0,1,0,0,0,0,0,0,0,0,0
1049,6,68bef83a594e463a,-0.270694,16.9443,1,13816,0,1,0,0,1,0,0,0,0,0,0,0,0,0
1050,6,76898ebe01745a8e,1.883945,19.687308,1,14042,2,0,0,0,0,0,0,0,0,0,0,0,0,2
1051,6,5245f060d5801535,1.415337,18.269183,1,13949,1,1,0,0,1,0,0,0,0,0,0,0,0,0
1052,6,b379b584f8cc7af9,1.064354,20.0,1,13948,1,1,0,0,1,0,0,0,0,0,0,0,0,1
1053,6,efbf8dfe05edc2d7,0.799609,20.0,1,14005,1,1,0,0,1,0,0,0,0,0,0,0,0,1
1054,6,5b7aff6c682acec0,0.600717,20.0,1,14285,1,1,0,0,1,0,0,0,0,0,0,0,0,0
1055,6,0bb8a497c5ced9cc,0.451296,18.796119,1,14109,1,1,0,0,0,0,0,0,0,0,0,0,0,1
1056,6,7b26cf3a79e8ecc1,2.427682,20.0,1,13989,2,0,0,0,1,0,0,0,0,0,0,0,0,1
1057,6,5c5d3d0f620846f9,1.823827,19.327445,1,14123,1,1,0,0,1,0,0,0,0,0,0,0,0,0
1058,6,8b40b8621c4963e5,1.370173,20.0,1,13987,1,1,0,0,1,0,0,0,0,0,0,0,0,1
1059,6,efbbd87fa07b45be,1.030389,19.63202,1,13784,1,1,0,0,1,0,0,0,0,0,0,0,0,0
1060,6,c29f603f7ca72451,0.774093,20.0,1,14103,1,1,0,0,1,0,0,0,0,0,0,0,0,1
1061,6,6c425378e4cd8d5a,0.581547,19.78612,1,14052,1,1,0,0,1,0,0,0,0,0,0,0,0,0
1062,6,124e03af296e5b99,1.480548,18.343417,1,14026,1,0,0,0,0,0,0,0,0,0,0,0,0,1
1063,6,d61b05ab74d73cfd,1.113393,20.0,1,13895,1,1,0,0,1,0,0,0,0,0,0,0,0,1
1064,6,512fe5da77e3d32e,0.836451,19.071687,1,14014,1,1,0,0,1,0,0,0,0,0,0,0,0,0
1065,6,4f897115e2d61f4f,1.672048,20.0,1,13964,2,1,0,0,1,0,0,0,0,0,0,0,0,1
1066,6,3e66d4f892d2fef0,2.301554,19.487527,1,13945,1,0,0,0,0,0,0,0,0,0,0,0,0,1
1067,6,00715d58a6e20e18,1.729072,18.119095,1,13894,1,1,0,0,1,0,0,0,0,0,0,0,0,0
1068,6,844413bae0fe591d,1.298987,20.0,1,13908,1,1,0,0,1,0,0,0,0,0,0,0,0,1
1069,6,a270046605ea97aa,0.97588,18.932232,1,13971,1,1,0,0,0,0,0,0,0,0,0,0,0,1
1070,6,d13d0260a15ec7a9,1.778026,17.71781,1,13928,1,0,0,0,1,0,0,0,0,0,0,0,0,0
1071,6,aa2febf1daccb956,1.335765,20.0,1,13991,1,1,0,0,1,0,0,0,0,0,0,0,0,1
1072,6,f1ae066b9d76215b,2.047163,18.705749,1,13923,2,1,0,0,0,0,0,0,0,0,0,0,0,1
1073,6,9c2623559087f0da,2.583647,20.0,1,14175,1,0,0,0,1,0,0,0,0,0,0,0,0,1
1074,6,8739e4d540c0cca9,1.940997,19.27639,1,14027,1,1,0,0,1,0,0,0,0,0,0,0,0,0
1075,6,fd907ade50c6a83c,1.458199,20.0,1,13808,1,1,0,0,1,0,0,0,0,0,0,0,0,1
1076,6,37f9e37298b51d45,1.09549,16.10656,0,13765,1,1,0,0,0,0,0,0,0,0,0,0,0,0
1077,6,1ac8b421ceb33792,1.867975,19.073366,1,13500,1,0,0,0,1,0,0,0,0,0,0,0,0,1
1078,6,7d6e24e9d110ef61,1.40334,20.0,1,13527,1,1,0,0,1,0,0,0,0,0,0,0,0,1
1079,6,cd961e8fde3d6f47,1.054277,19.470818,1,14034,1,1,0,0,1,0,0,0,0,0,0,0,0,0
1080,6,76c3328e0713fd8a,0.792831,18.122835,1,13622,1,1,0,0,0,0,0,0,0,0,0,0,0,1
1081,6,58626d37ac2080a9,1.639278,17.093853,1,13662,1,0,0,0,1,0,0,0,0,0,0,0,0,0
1082,6,94df50c941e66911,1.231528,19.799662,1,14180,1,1,0,0,1,0,0,0,0,0,0,0,0,1
1083,6,f919bc8525164d85,0.925201,18.35359,1,13992,1,1,0,0,1,0,0,0,0,0,0,0,0,0
1084,6,484dbaaa1901227b,0.695764,20.0,1,13950,1,1,0,0,1,0,0,0,0,0,0,0,0,1
1085,6,5b59901993a96ce5,1.566355,19.077434,1,13985,1,0,0,0,0,0,0,0,0,0,0,0,0,1
1086,6,991b005d8699e0b4,1.176744,17.811008,1,13975,1,1,0,0,1,0,0,0,0,0,0,0,0,0
1087,6,88cb8314c08e0de9,1.929079,20.0,1,13884,2,1,0,0,1,0,0,0,0,0,0,0,0,1
1088,6,9a9c5836d4be306e,2.492898,18.770896,1,13997,1,0,0,0,0,0,0,0,0,0,0,0,0,1
1089,6,d643143d75a45644,1.872821,20.0,1,13952,1,1,0,0,1,0,0,0,0,0,0,0,0,1
1090,6,66ecbab330cf9d85,1.406981,20.0,1,13817,1,1,0,0,1,0,0,0,0,0,0,0,0,1
1091,6,5426c15cec268367,2.10222,17.130096,0,13536,1,0,0,0,0,0,0,0,0,0,0,0,0,0
1092,6,92b256786c14c63f,1.579319,19.826889,1,13616,1,1,0,0,1,0,0,0,0,0,0,0,0,1
1093,6,175052bff5cfc737,1.186484,20.0,1,13176,1,1,0,0,1,0,0,0,0,0,0,0,0,1
1094,6,5e935628a31b72be,0.892253,19.914186,1,12893,1,1,0,0,1,0,0,0,0,0,0,0,0,0
1095,6,3831b4173b809bfe,0.670316,20.0,1,13113,1,1,0,0,1,0,0,0,0,0,0,0,0,1
1096,6,4b19322e55771695,1.547237,19.945374,1,12863,1,0,0,0,0,0,0,0,0,0,0,0,0,1
1097,6,cc9666cbf5339614,1.162381,18.463058,1,12865,1,1,0,0,1,0,0,0,0,0,0,0,0,0
1098,6,c54f99c37e349594,0.874127,20.0,1,12802,1,1,0,0,1,0,0,0,0,0,0,0,0,1
1099,6,e843b01d69cb03af,1.700352,19.139279,1,12953,1,0,0,0,0,0,0,0,0,0,0,0,0,1
1100,6,5637135595d75478,2.321065,20.0,1,12792,2,1,0,0,1,0,0,0,0,0,0,0,0,1
1101,6,2265450d7b5d4e3d,1.745474,16.045212,0,13393,1,1,0,0,0,0,0,0,0,0,0,0,0,0
1102,6,78a48da787ddd569,2.354962,19.011857,1,13748,1,0,0,0,1,0,0,0,0,0,0,0,0,1
1103,6,1c808514c90a08b9,1.769195,17.761742,1,14511,1,1,0,0,1,0,0,0,0,0,0,0,0,0
1104,6,d7c884544c5f3040,2.372784,16.822577,1,14360,1,0,0,0,0,0,0,0,0,0,0,0,0,1
1105,6,168ecbfccb17624f,1.784367,19.611821,1,14283,1,1,0,0,1,0,0,0,0,0,0,0,0,1
1106,6,1465cd7785ad4ed1,2.384182,14.733628,0,14024,1,0,0,0,0,0,0,0,0,0,0,0,0,0
1107,6,76370a22930995eb,1.791147,18.026513,1,14151,1,1,0,0,1,0,0,0,0,0,0,0,0,1
1108,6,5bd6a734054cf9be,1.346968,20.0,1,14786,1,1,0,0,1,0,0,0,0,0,0,0,0,1
1109,6,4eb0e70be216b8a1,3.099233,18.892649,1,14522,2,0,0,0,0,0,0,0,0,0,0,0,0,1
1110,6,85d6562bcd50fa96,2.328338,17.672185,1,14373,1,1,0,0,1,0,0,0,0,0,0,0,0,0
1111,6,74ace1f01470d742,2.792847,16.755297,1,14017,1,0,0,0,0,0,0,0,0,0,0,0,0,1
1112,6,07ea457c42b8ae96,2.100261,16.080724,1,13812,1,1,0,0,1,0,0,0,0,0,0,0,0,0
1113,6,6be4609552c6d999,1.577847,19.038535,1,13855,1,1,0,0,1,0,0,0,0,0,0,0,0,1
1114,6,8c3fcab5c4defc45,2.229031,14.30294,0,14361,1,0,0,0,0,0,0,0,0,0,0,0,0,0
1115,6,ac4fc3af7cc6626f,2.720414,14.236516,1,14068,1,0,0,0,0,0,0,0,0,0,0,0,0,1
1116,6,4c807ad2b6b0ebdd,2.043745,14.174207,1,13694,1,1,0,0,1,0,0,0,0,0,0,0,0,0
1117,6,46e6ca122d617fd3,2.579043,14.127396,1,13382,1,0,0,0,0,0,0,0,0,0,0,0,0,1
1118,6,8cc59a12f603fb5d,1.937538,14.092229,1,13040,1,1,0,0,1,0,0,0,0,0,0,0,0,0
1119,6,bd32d7faa6435175,2.501207,14.078059,1,12847,1,0,0,0,0,0,0,0,0,0,0,0,0,1
1120,6,f9f4bfb86fd0bc6e,1.879063,17.534009,1,12296,1,1,0,0,1,0,0,0,0,0,0,0,0,1
1121,6,1ef79d5316c7fe2f,1.41167,16.65149,1,12459,1,1,0,0,1,0,0,0,0,0,0,0,0,0
1122,6,bdff616b69310a56,2.105746,16.002659,1,12185,1,0,0,0,0,0,0,0,0,0,0,0,0,1
1123,6,d53a5c05a0794985,1.581969,15.501044,1,12199,1,1,0,0,1,0,0,0,0,0,0,0,0,0
1124,6,ccfe014c232d66b5,1.188474,18.603044,1,12306,1,1,0,0,1,0,0,0,0,0,0,0,0,1
1125,6,45f24fc75e80ed8a,0.892856,13.975772,0,12820,0,0,0,0,0,0,0,0,0,0,0,0,0,0
1126,6,70c17b89b74df729,0.67144,13.990481,1,12944,1,1,0,0,1,0,0,0,0,0,0,0,0,0
1127,6,31ec7a62f3104872,1.548081,13.98937,1,12865,1,0,0,0,0,0,0,0,0,0,0,0,0,1
1128,6,6eed02f8eca338c1,1.163016,13.988535,1,13093,1,1,0,0,1,0,0,0,0,0,0,0,0,0
1129,6,52829a1b3ff8d79b,0.874604,17.480581,1,13001,1,1,0,0,1,0,0,0,0,0,0,0,0,1
1130,6,865fbbfb601a1471,1.700711,13.132507,0,12887,1,0,0,0,0,0,0,0,0,0,0,0,0,0
1131,6,be21134c5bebfeed,1.277681,16.823651,1,12970,1,1,0,0,1,0,0,0,0,0,0,0,0,1
1132,6,ed68c0f900df6822,0.959874,12.63898,0,13095,1,1,0,0,0,0,0,0,0,0,0,0,0,0
1133,6,3f2b67df178a03c7,1.765989,16.465696,1,12656,1,0,0,0,1,0,0,0,0,0,0,0,0,1
1134,6,cc0d003152c9740b,1.326722,15.848907,1,12805,1,1,0,0,1,0,0,0,0,0,0,0,0,0
1135,6,0e1882fd5a4a7950,0.996716,15.385536,1,12733,1,1,0,0,0,0,0,0,0,0,0,0,0,1
1136,6,ea10a2ea3a9e18ab,1.793695,15.050644,1,12666,1,0,0,0,1,0,0,0,0,0,0,0,0,0
1137,6,0cefa1568bbcab6e,2.39119,18.264675,1,12788,2,1,0,0,1,0,0,0,0,0,0,0,0,1
1138,6,78f7c49ee0892d4e,1.796411,20.0,1,13105,1,1,0,0,1,0,0,0,0,0,0,0,0,1
1139,6,b0245e993bda2ea0,2.39323,19.014397,1,12794,1,0,0,0,0,0,0,0,0,0,0,0,0,1
1140,6,bc218e883f13e4cf,1.799743,17.779599,1,12865,1,1,0,0,1,0,0,0,0,0,0,0,0,0
1141,6,32d1dc8901108ff5,2.395733,16.835993,1,12956,1,0,0,0,0,0,0,0,0,0,0,0,0,1
1142,7,1fd48474a6be9a50,1.799825,16.127097,1,13871,1,1,0,0,1,0,0,0,0,0,0,0,0,0
1143,7,530e0ea8d92a6d51,1.353494,19.08881,1,14137,1,1,0,0,1,0,0,0,0,0,0,0,0,1
1144,7,9d91a06f605c6d81,1.016829,20.0,1,14151,1,1,0,0,1,0,0,0,0,0,0,0,0,1
1145,7,1bedfd585b1aa4b9,1.807559,16.00069,0,14198,1,0,0,0,0,0,0,0,0,0,0,0,0,0
1146,7,26a9669cba5af3ef,1.357952,18.97841,1,14253,1,1,0,0,1,0,0,0,0,0,0,0,0,1
1147,7,4f55c5e4b2d3c044,1.021199,17.752536,1,14073,1,1,0,0,1,0,0,0,0,0,0,0,0,0
1148,7,429a6cfc04b09590,1.810842,16.815661,1,14230,1,0,0,0,0,0,0,0,0,0,0,0,0,1
1149,7,bfd1095e82cc3b3f,1.360418,16.111822,1,14124,1,1,0,0,1,0,0,0,0,0,0,0,0,0
1150,7,e8a24dfe484cb614,1.023054,19.077323,1,14041,1,1,0,0,1,0,0,0,0,0,0,0,0,1
1151,7,a8eb40163c807ab7,0.768582,14.33208,0,13981,1,1,0,0,0,0,0,0,0,0,0,0,0,0
1152,7,b734eb68cadec0ba,1.62106,17.724845,1,13837,1,0,0,0,1,0,0,0,0,0,0,0,0,1
1153,7,03ed9d518f369873,1.217842,16.794858,1,13931,1,1,0,0,1,0,0,0,0,0,0,0,0,0
1154,7,cd43fcebe8f5e6e6,1.959985,16.110474,1,13988,1,0,0,0,0,0,0,0,0,0,0,0,0,1
1155,7,338e1a6d9a9334b5,1.472463,15.582042,1,13990,1,1,0,0,1,0,0,0,0,0,0,0,0,0
1156,7,f71f04d2a5841727,1.106207,18.663894,1,13947,1,1,0,0,1,0,0,0,0,0,0,0,0,1
1157,7,dab4ff966e399802,1.876034,17.516016,1,13955,1,0,0,0,0,0,0,0,0,0,0,0,0,1
1158,7,339e340883d8ecaf,2.453047,16.637973,1,14002,2,1,0,0,1,0,0,0,0,0,0,0,0,0
1159,7,0f3eea50b2030a66,0.799229,15.978331,1,14063,0,1,0,0,1,0,0,0,0,0,0,0,0,0
1160,7,157d3461e0a7f335,1.644085,18.961612,1,13905,2,1,0,0,1,0,0,0,0,0,0,0,0,1
1161,7,f1991b9aba19249f,1.236375,17.739904,1,13961,1,1,0,0,0,0,0,0,0,0,0,0,0,1
1162,7,f0cae4ef532c2023,1.972496,16.806171,1,14094,1,0,0,0,1,0,0,0,0,0,0,0,0,0
1163,7,7630abeab872e6cf,1.481862,19.583537,1,14068,1,1,0,0,1,0,0,0,0,0,0,0,0,1
1164,7,253c29c9cd31f14d,1.114382,18.207601,1,13985,1,1,0,0,0,0,0,0,0,0,0,0,0,1
1165,7,1bcd43f2b236da2a,1.880847,17.157534,1,13967,1,0,0,0,1,0,0,0,0,0,0,0,0,0
1166,7,190012cb2cd5517d,1.41301,19.847503,1,13857,1,1,0,0,1,0,0,0,0,0,0,0,0,1
1167,7,752285f96761bfac,1.061541,18.389532,1,13902,1,1,0,0,1,0,0,0,0,0,0,0,0,0
1168,7,8ce008444b943984,1.842445,17.309692,1,13909,1,0,0,0,0,0,0,0,0,0,0,0,0,1
1169,7,815cbd6616cc478f,2.427813,19.961813,1,14035,2,1,0,0,1,0,0,0,0,0,0,0,0,1
1170,7,ea182be542b69bac,1.823925,20.0,1,13983,1,1,0,0,1,0,0,0,0,0,0,0,0,1
1171,7,98558a7fe6a345e2,1.371618,19.990413,1,13900,1,1,0,0,0,0,0,0,0,0,0,0,0,1
1172,7,ea40987dff05550d,2.074099,18.496895,1,14076,1,0,0,0,1,0,0,0,0,0,0,0,0,0
1173,7,bd84d51435d6859a,1.558193,20.0,1,13863,1,1,0,0,1,0,0,0,0,0,0,0,0,1
1174,7,b3773e59edaae1a5,1.170612,20.0,1,14138,1,1,0,0,1,0,0,0,0,0,0,0,0,1
1175,7,5dadae3439224eef,0.880317,20.0,1,13861,1,1,0,0,1,0,0,0,0,0,0,0,0,0
1176,7,bf32681d9402a0dc,2.748656,18.875447,1,13938,2,0,0,0,0,0,0,0,0,0,0,0,0,1
1177,7,f7bd4e508f328e99,2.064962,20.0,1,14007,1,1,0,0,1,0,0,0,0,0,0,0,0,1
1178,7,7c7cf98600a1ae76,1.552881,20.0,1,13983,1,1,0,0,1,0,0,0,0,0,0,0,0,1
1179,7,4330f499d34eea83,1.166622,20.0,1,13948,1,1,0,0,1,0,0,0,0,0,0,0,0,1
1180,7,574139667abb0c89,1.920093,18.127531,0,14126,1,0,0,0,0,0,0,0,0,0,0,0,0,0
1181,7,92baeeda50fe0e26,1.442494,20.0,1,14062,1,1,0,0,1,0,0,0,0,0,0,0,0,1
1182,7,80a0120ed18f2275,2.128926,20.0,1,13918,2,1,0,0,1,0,0,0,0,0,0,0,0,1
1183,7,9d84e6efc962d46c,1.599383,20.0,1,14011,1,1,0,0,1,0,0,0,0,0,0,0,0,1
1184,7,7e27000adda5a2ae,1.201556,20.0,1,13835,1,1,0,0,0,0,0,0,0,0,0,0,0,1
1185,7,d6305ecf789aa604,2.991889,20.0,1,13879,2,0,0,0,1,0,0,0,0,0,0,0,0,1
1186,7,0dfeeb2fafb97a29,2.247694,20.0,1,13999,1,1,0,0,1,0,0,0,0,0,0,0,0,0
1187,7,28f425ac2b388d3c,1.688609,20.0,1,13944,1,1,0,0,1,0,0,0,0,0,0,0,0,1
1188,7,f910b70780c7b8f7,2.312242,16.955414,0,14039,1,0,0,0,0,0,0,0,0,0,0,0,0,0
1189,7,79eecec24ccd7024,1.738839,19.711716,1,13979,1,1,0,0,1,0,0,0,0,0,0,0,0,1
1190,7,69189b788a8d342d,1.306325,20.0,1,13934,1,1,0,0,1,0,0,0,0,0,0,0,0,1
1191,7,f1e96ea7a36e0d03,0.981393,19.831101,1,13942,1,1,0,0,1,0,0,0,0,0,0,0,0,0
1192,7,c8a578fd7d03b1de,1.782172,18.393772,1,13787,1,0,0,0,0,0,0,0,0,0,0,0,0,1
1193,7,a55b3aacea87068c,2.382532,20.0,1,13828,2,1,0,0,1,0,0,0,0,0,0,0,0,1
1194,7,4484329fed67d255,1.789908,20.0,1,13849,1,1,0,0,1,0,0,0,0,0,0,0,0,1
1195,7,a94a01c146d24e8a,1.344691,20.0,1,14190,1,1,0,0,1,0,0,0,0,0,0,0,0,1
1196,7,7cc803e032517fd4,2.055377,17.981231,0,13827,1,0,0,0,0,0,0,0,0,0,0,0,0,0
1197,7,732ddc3193e49959,1.544128,20.0,1,14046,1,1,0,0,1,0,0,0,0,0,0,0,0,1
1198,7,974532203b2dee49,1.160046,20.0,1,13872,1,1,0,0,1,0,0,0,0,0,0,0,0,1
1199,7,969a5d705d59b0ed,1.916521,20.0,1,13852,2,1,0,0,0,0,0,0,0,0,0,0,0,1
1200,7,e9eff07273e48409,2.483464,20.0,1,13862,1,0,0,0,1,0,0,0,0,0,0,0,0,1
1201,7,61d999bd71db7b91,1.865734,20.0,1,13833,1,1,0,0,1,0,0,0,0,0,0,0,0,0
1202,7,5424022e44216fc3,1.401656,20.0,1,13748,1,1,0,0,1,0,0,0,0,0,0,0,0,1
1203,7,330c2feb0ab7284f,3.142366,20.0,1,13867,2,0,0,0,0,0,0,0,0,0,0,0,0,1
1204,7,1b3fdb45d19951f0,2.360742,18.576454,1,13902,1,1,0,0,1,0,0,0,0,0,0,0,0,0
1205,7,98ec77d651a8c607,1.773537,20.0,1,13895,1,1,0,0,1,0,0,0,0,0,0,0,0,1
1206,7,51c723f9d312e950,2.377876,19.20774,1,13801,1,0,0,0,0,0,0,0,0,0,0,0,0,1
1207,7,72b5eef91abfa8f2,1.786409,17.908902,1,13642,1,1,0,0,1,0,0,0,0,0,0,0,0,0
1208,7,af4bdc7657d656d9,2.385716,20.0,1,13859,2,1,0,0,1,0,0,0,0,0,0,0,0,1
1209,7,64e02c5680bbeb9e,2.835953,18.8136,1,13814,1,0,0,0,0,0,0,0,0,0,0,0,0,1
1210,7,c6cbd4c8a183ae14,2.132677,20.0,1,13597,1,1,0,0,1,0,0,0,0,0,0,0,0,1
1211,7,a9c881e6c1eaeca6,1.6022,20.0,1,13935,1,1,0,0,1,0,0,0,0,0,0,0,0,1
1212,7,bc083e652dd131e6,1.203673,20.0,1,13842,1,1,0,0,1,0,0,0,0,0,0,0,0,0
1213,7,afeac3465f716053,1.94933,18.986868,1,13831,1,0,0,0,0,0,0,0,0,0,0,0,0,1
1214,7,9de7917f73f5665f,2.508112,20.0,1,13819,2,1,0,0,1,0,0,0,0,0,0,0,0,1
1215,7,fa68a4506a00c801,1.884251,19.421999,1,13794,1,1,0,0,1,0,0,0,0,0,0,0,0,0
1216,7,60e4b7f70ad8149c,2.459221,18.069867,1,14032,1,0,0,0,0,0,0,0,0,0,0,0,0,1
1217,7,540ee59e39a43a58,1.849369,17.069299,1,13689,1,1,0,0,1,0,0,0,0,0,0,0,0,0
1218,7,ae27dfec4119893f,1.389362,19.781215,1,13750,1,1,0,0,1,0,0,0,0,0,0,0,0,1
1219,7,50d9b441d6e1303a,2.087429,14.860888,0,13853,1,0,0,0,0,0,0,0,0,0,0,0,0,0
1220,7,00d1374a9a22da3a,1.569776,18.136603,1,13723,1,1,0,0,1,0,0,0,0,0,0,0,0,1
1221,7,255f7fa8fedc16bc,2.222968,17.104196,1,13782,2,1,0,0,0,0,0,0,0,0,0,0,0,1
1222,7,106f463ddcb05122,2.713686,19.807432,1,13887,1,0,0,0,1,0,0,0,0,0,0,0,0,1
1223,7,160b940953158132,2.038691,20.0,1,13816,1,1,0,0,1,0,0,0,0,0,0,0,0,1
1224,7,3a7d11d2ae8e7e6b,2.577275,16.422692,0,13792,1,0,0,0,0,0,0,0,0,0,0,0,0,0
1225,7,75742d04a12d83c0,1.93621,19.295444,1,13808,1,1,0,0,1,0,0,0,0,0,0,0,0,1
1226,7,4bed84dc4c67ccd1,2.498256,14.495946,0,13782,1,0,0,0,0,0,0,0,0,0,0,0,0,0
1227,7,3d1a5c1bfce1c0e9,1.878724,17.862161,1,13681,1,1,0,0,1,0,0,0,0,0,0,0,0,1
1228,7,0a81783084cc7bee,2.455068,16.898018,1,13867,1,0,0,0,0,0,0,0,0,0,0,0,0,1
1229,7,82c8873e16e2d8c7,1.844401,16.173694,1,13786,1,1,0,0,1,0,0,0,0,0,0,0,0,0
1230,7,1e94440a71993a93,1.38563,15.629536,1,13812,1,1,0,0,1,0,0,0,0,0,0,0,0,0
1231,7,84d750ed6334295f,2.086164,15.234136,1,13599,1,0,0,0,0,0,0,0,0,0,0,0,0,1
1232,7,dc367c6223a7016b,1.567257,14.923681,1,13499,1,1,0,0,1,0,0,0,0,0,0,0,0,0
1233,7,2cc0200773afddc0,2.221075,18.169293,1,13616,2,1,0,0,1,0,0,0,0,0,0,0,0,1
1234,7,48468e111a9bca6f,1.67028,17.144069,1,13252,0,0,0,0,0,0,0,0,0,0,0,0,0,1
1235,7,32ed8e3557a324d1,1.254819,16.358543,1,13785,1,1,0,0,1,0,0,0,0,0,0,0,0,0
1236,7,909201e3ffb2aa73,0.942699,19.247251,1,13588,1,1,0,0,1,0,0,0,0,0,0,0,0,1
1237,7,9963bb2f62f94f48,0.708214,17.938584,1,13661,1,1,0,0,0,0,0,0,0,0,0,0,0,1
1238,7,f566322e418e3713,1.576738,16.970573,1,13643,1,0,0,0,1,0,0,0,0,0,0,0,0,0
1239,7,81ccc786a751bde3,2.228197,19.707046,1,13716,2,1,0,0,1,0,0,0,0,0,0,0,0,1
1240,7,6abce400cba3fa18,0.630308,20.0,1,13630,0,1,0,0,1,0,0,0,0,0,0,0,0,1
1241,7,092c96675640792a,1.518151,16.365978,0,13565,1,0,0,0,0,0,0,0,0,0,0,0,0,0
1242,7,ce20d5d3416f5826,1.14053,19.252836,1,13699,1,1,0,0,1,0,0,0,0,0,0,0,0,1
1243,7,cac2813cd650699b,0.856838,20.0,1,13680,1,1,0,0,1,0,0,0,0,0,0,0,0,1
1244,7,a342a6829d486d03,1.687363,20.0,1,13451,2,1,0,0,1,0,0,0,0,0,0,0,0,1
1245,7,fcfb852747fd0717,2.313072,20.0,1,13590,1,0,0,0,0,0,0,0,0,0,0,0,0,1
1246,7,48c167b5a0d69323,1.737724,19.116488,1,13653,1,1,0,0,1,0,0,0,0,0,0,0,0,0
1247,7,60b670de169e4c59,1.305487,17.840347,1,13751,1,1,0,0,0,0,0,0,0,0,0,0,0,1
1248,7,80c2c09cddb27c91,2.025896,16.896697,1,13561,1,0,0,0,1,0,0,0,0,0,0,0,0,0
1249,7,fc3f48c4974eb858,1.52198,19.651546,1,13743,1,1,0,0,1,0,0,0,0,0,0,0,0,1
1250,7,0291a4c2c6e09e68,1.143406,18.242316,1,13708,1,1,0,0,1,0,0,0,0,0,0,0,0,0
1251,7,dea37740a700acad,0.858999,20.0,1,13783,1,1,0,0,1,0,0,0,0,0,0,0,0,1
1252,7,7895974d20ddf32b,1.69013,15.538464,0,13796,1,0,0,0,0,0,0,0,0,0,0,0,0,0
1253,7,f587c97b6a920315,1.269731,18.631156,1,13763,1,1,0,0,1,0,0,0,0,0,0,0,0,1
1254,7,95a9bc36364b0cab,1.997555,20.0,1,13679,2,1,0,0,1,0,0,0,0,0,0,0,0,1
1255,7,6911e95e9de89087,1.50219,15.758143,0,13713,1,1,0,0,0,0,0,0,0,0,0,0,0,0
1256,7,accc69e0bdf806d8,2.172192,18.796193,1,13480,1,0,0,0,1,0,0,0,0,0,0,0,0,1
1257,7,9fbf6995f3f131e8,1.631887,20.0,1,13638,1,1,0,0,1,0,0,0,0,0,0,0,0,1
1258,7,7cea65775ed85ad8,1.225976,19.314383,1,14086,1,1,0,0,1,0,0,0,0,0,0,0,0,0
1259,7,a5026f7538a1d289,0.921951,20.0,1,13832,1,1,0,0,1,0,0,0,0,0,0,0,0,1
1260,7,8b34f894b45e9a39,2.779934,19.620244,1,13959,2,0,0,0,0,0,0,0,0,0,0,0,0,1
1261,7,725fe4ebd64bcf0d,2.088461,20.0,1,13790,1,1,0,0,1,0,0,0,0,0,0,0,0,1
1262,7,a82b3b2413b0efc1,1.570552,19.79744,1,13724,1,1,0,0,1,0,0,0,0,0,0,0,0,0
1263,7,2812551e77d6a616,2.22355,18.351921,1,13817,1,0,0,0,0,0,0,0,0,0,0,0,0,1
1264,7,46333a9e411e1fcf,1.67047,17.265957,1,13577,1,1,0,0,1,0,0,0,0,0,0,0,0,0
1265,7,45cb7289975ea1d6,1.254962,19.928957,1,13611,1,1,0,0,1,0,0,0,0,0,0,0,0,1
1266,7,89296aa1e5a1b005,0.943749,14.98686,0,13347,1,1,0,0,0,0,0,0,0,0,0,0,0,0
1267,7,e5e2c38e41aac85a,1.752657,18.216756,1,13877,1,0,0,0,1,0,0,0,0,0,0,0,0,1
1268,7,158f1c213f718720,1.316706,17.164413,1,13685,1,1,0,0,1,0,0,0,0,0,0,0,0,0
1269,7,c9446554e18f8de4,2.034332,19.868886,1,13634,2,1,0,0,1,0,0,0,0,0,0,0,0,1
1270,7,fc74780a20ab1e4f,1.528317,20.0,1,13874,1,1,0,0,1,0,0,0,0,0,0,0,0,1
1271,7,d98fe72f501a5492,2.191821,19.919807,1,13645,1,0,0,0,0,0,0,0,0,0,0,0,0,1
1272,7,86242f34aaac0281,1.646633,20.0,1,13804,1,1,0,0,1,0,0,0,0,0,0,0,0,1
1273,7,c27558c0747d6a27,2.282442,20.0,1,13852,2,1,0,0,1,0,0,0,0,0,0,0,0,1
1274,7,5bce455c89b56689,2.758367,20.0,1,13571,1,0,0,0,0,0,0,0,0,0,0,0,0,1
1275,7,44e5d36a8b7f88d7,2.072258,19.325855,1,13459,1,1,0,0,1,0,0,0,0,0,0,0,0,0
1276,7,d1e80d30eaf3be9e,1.558367,20.0,1,13325,1,1,0,0,1,0,0,0,0,0,0,0,0,1
1277,7,e162e8b48e942c98,1.170743,19.626725,1,13143,1,1,0,0,0,0,0,0,0,0,0,0,0,1
1278,7,8f015dba11cf00de,2.966842,20.0,1,13367,2,0,0,0,1,0,0,0,0,0,0,0,0,1
1279,7,7675b0896c0a468b,2.228878,19.783132,1,13258,1,1,0,0,1,0,0,0,0,0,0,0,0,0
1280,7,be2df9cd74ca56ba,2.720298,18.357699,1,13053,1,0,0,0,0,0,0,0,0,0,0,0,0,1
1281,7,225ee142cd1e6db7,2.043658,17.270297,1,13090,1,1,0,0,1,0,0,0,0,0,0,0,0,0
1282,7,57b41a9ef376bbb0,1.535324,19.932218,1,13197,1,1,0,0,1,0,0,0,0,0,0,0,0,1
1283,7,654c574a2a1e27ff,1.154586,18.469814,1,13438,1,1,0,0,1,0,0,0,0,0,0,0,0,0
1284,7,d537be5639c69b1f,1.91105,17.354525,1,13775,1,0,0,0,0,0,0,0,0,0,0,0,0,1
1285,7,72779cb5e9871f22,1.435701,19.995495,1,14069,1,1,0,0,1,0,0,0,0,0,0,0,0,1
1286,7,62846244ef5dd3a0,1.078588,18.500712,1,14930,1,1,0,0,1,0,0,0,0,0,0,0,0,0
1287,7,e1e720fdfd88da72,1.855264,20.0,1,14412,2,1,0,0,1,0,0,0,0,0,0,0,0,1
1288,7,0517a3ebf3a52bfc,2.437444,19.160552,1,15437,1,0,0,0,0,0,0,0,0,0,0,0,0,1
1289,7,9e367f6e0995bd02,1.831161,20.0,1,15338,1,1,0,0,1,0,0,0,0,0,0,0,0,1
1290,7,ec27ae94916dfb19,1.377059,19.537732,1,14932,1,1,0,0,1,0,0,0,0,0,0,0,0,0
1291,8,1fd48474a6be9a50,3.12184,18.156812,1,14526,2,0,0,0,0,0,0,0,0,0,0,0,0,1
1292,8,530e0ea8d92a6d51,2.345321,20.0,1,13998,1,1,0,0,1,0,0,0,0,0,0,0,0,1
1293,8,9d91a06f605c6d81,1.761952,20.0,1,14161,1,1,0,0,1,0,0,0,0,0,0,0,0,1
1294,8,1bedfd585b1aa4b9,1.325013,20.0,1,14084,1,1,0,0,1,0,0,0,0,0,0,0,0,0
1295,8,26a9669cba5af3ef,2.039086,18.767008,1,14307,1,0,0,0,0,0,0,0,0,0,0,0,0,1
1296,8,4f55c5e4b2d3c044,1.531889,17.577796,1,14251,1,1,0,0,1,0,0,0,0,0,0,0,0,0
1297,8,429a6cfc04b09590,1.152003,20.0,1,14120,1,1,0,0,1,0,0,0,0,0,0,0,0,1
1298,8,bfd1095e82cc3b3f,0.865456,15.160297,0,13964,1,1,0,0,0,0,0,0,0,0,0,0,0,0
1299,8,e8a24dfe484cb614,1.693838,18.347053,1,14129,1,0,0,0,1,0,0,0,0,0,0,0,0,1
1300,8,a8eb40163c807ab7,1.272518,17.2623,1,13871,1,1,0,0,1,0,0,0,0,0,0,0,0,0
1301,8,b734eb68cadec0ba,0.956951,16.461997,1,13985,1,1,0,0,0,0,0,0,0,0,0,0,0,1
1302,8,03ed9d518f369873,2.806228,19.324972,1,14061,2,0,0,0,1,0,0,0,0,0,0,0,0,1
1303,8,cd43fcebe8f5e6e6,2.108215,20.0,1,13998,1,1,0,0,1,0,0,0,0,0,0,0,0,1
1304,8,338e1a6d9a9334b5,1.585407,19.630623,1,13918,1,1,0,0,1,0,0,0,0,0,0,0,0,0
1305,8,f71f04d2a5841727,2.234711,18.226598,1,14082,1,0,0,0,0,0,0,0,0,0,0,0,0,1
1306,8,dab4ff966e399802,1.678855,20.0,1,13898,1,1,0,0,1,0,0,0,0,0,0,0,0,1
1307,8,339e340883d8ecaf,1.261261,18.992906,1,13940,1,1,0,0,1,0,0,0,0,0,0,0,0,0
1308,8,0f3eea50b2030a66,0.948486,20.0,1,14046,1,1,0,0,1,0,0,0,0,0,0,0,0,1
1309,8,157d3461e0a7f335,1.756215,15.959778,0,13904,1,0,0,0,0,0,0,0,0,0,0,0,0,0
1310,8,f1991b9aba19249f,1.319379,18.947673,1,14202,1,1,0,0,1,0,0,0,0,0,0,0,0,1
1311,8,f0cae4ef532c2023,0.992192,20.0,1,13879,1,1,0,0,1,0,0,0,0,0,0,0,0,1
1312,8,7630abeab872e6cf,1.78905,20.0,1,14004,2,1,0,0,1,0,0,0,0,0,0,0,0,1
1313,8,253c29c9cd31f14d,1.344046,17.197838,0,13992,1,1,0,0,0,0,0,0,0,0,0,0,0,0
1314,8,1bcd43f2b236da2a,2.053385,19.877782,1,13986,1,0,0,0,1,0,0,0,0,0,0,0,0,1
1315,8,190012cb2cd5517d,1.544175,18.428877,1,13953,1,1,0,0,1,0,0,0,0,0,0,0,0,0
1316,8,752285f96761bfac,1.160081,20.0,1,13878,1,1,0,0,1,0,0,0,0,0,0,0,0,1
1317,8,8ce008444b943984,1.915179,15.628227,0,13962,1,0,0,0,0,0,0,0,0,0,0,0,0,0
1318,8,815cbd6616cc478f,1.440242,18.713653,1,13986,1,1,0,0,1,0,0,0,0,0,0,0,0,1
1319,8,ea182be542b69bac,1.082,17.537712,1,13990,1,1,0,0,1,0,0,0,0,0,0,0,0,0
1320,8,98558a7fe6a345e2,0.812866,20.0,1,13820,1,1,0,0,1,0,0,0,0,0,0,0,0,1
1321,8,ea40987dff05550d,1.654329,18.604103,1,14059,1,0,0,0,0,0,0,0,0,0,0,0,0,1
1322,8,bd84d51435d6859a,2.28823,20.0,1,13885,2,1,0,0,1,0,0,0,0,0,0,0,0,1
1323,8,b3773e59edaae1a5,1.719061,19.218964,1,14157,1,1,0,0,1,0,0,0,0,0,0,0,0,0
1324,8,5dadae3439224eef,1.291467,17.917333,1,13879,1,1,0,0,0,0,0,0,0,0,0,0,0,1
1325,8,3a65bdaf7fd2e05b,2.015352,20.0,1,13998,1,0,0,0,1,0,0,0,0,0,0,0,0,1
1326,8,9c942d99de55188c,1.514058,20.0,1,14088,1,1,0,0,1,0,0,0,0,0,0,0,0,1
1327,8,30873601b573427a,2.181109,20.0,1,13866,2,1,0,0,1,0,0,0,0,0,0,0,0,1
1328,8,1aeffc9998f43d0f,1.638586,20.0,1,14018,1,1,0,0,1,0,0,0,0,0,0,0,0,0
1329,8,151cbd0be88935fb,2.27639,19.49649,1,14044,1,0,0,0,0,0,0,0,0,0,0,0,0,1
1330,8,73d5539c1889c3b4,1.710167,18.125829,1,13971,1,1,0,0,1,0,0,0,0,0,0,0,0,0
1331,8,d1ebb173c5c63af2,1.284784,20.0,1,14138,1,1,0,0,1,0,0,0,0,0,0,0,0,1
1332,8,77b5c38872296fa3,2.010327,18.953155,1,14042,1,0,0,0,0,0,0,0,0,0,0,0,0,1
1333,8,d80b9172be2a12d8,2.553937,20.0,1,13941,2,1,0,0,1,0,0,0,0,0,0,0,0,1
1334,8,f4f032b1f9c37973,1.918677,20.0,1,14090,1,1,0,0,1,0,0,0,0,0,0,0,0,1
1335,8,ff62a6d754c2d78c,1.44143,20.0,1,13962,1,1,0,0,1,0,0,0,0,0,0,0,0,0
1336,8,886eda82314f66c9,1.083976,20.0,1,13886,1,1,0,0,1,0,0,0,0,0,0,0,0,1
1337,8,bdf35c76ee169e43,2.901658,20.0,1,14063,2,0,0,0,0,0,0,0,0,0,0,0,0,1
1338,8,1d5692c033d330d0,2.179907,20.0,1,13855,1,1,0,0,1,0,0,0,0,0,0,0,0,1
1339,8,17add1e00223f913,1.639321,20.0,1,13994,1,1,0,0,1,0,0,0,0,0,0,0,0,1
1340,8,1aaadfc52927b688,1.231561,17.812692,0,14135,1,1,0,0,0,0,0,0,0,0,0,0,0,0
1341,8,aea3b106fdc66c30,1.968879,20.0,1,13984,1,0,0,0,1,0,0,0,0,0,0,0,0,1
1342,8,3ded3997f419a726,2.522798,20.0,1,13970,2,1,0,0,1,0,0,0,0,0,0,0,0,1
1343,8,6e0ece93dd5b4aab,1.89718,20.0,1,14006,1,1,0,0,1,0,0,0,0,0,0,0,0,0
1344,8,e0ae1e5b216e0e1d,1.425281,18.657282,1,13912,1,1,0,0,0,0,0,0,0,0,0,0,0,1
1345,8,babc87e9c4446047,2.114413,17.495363,1,13992,1,0,0,0,1,0,0,0,0,0,0,0,0,0
1346,8,89863576d84bd081,1.590069,20.0,1,13958,1,1,0,0,1,0,0,0,0,0,0,0,0,1
1347,8,158acc439312efd7,1.194559,18.59257,1,13983,1,1,0,0,1,0,0,0,0,0,0,0,0,0
1348,8,6096a3ca8bee074b,2.984735,17.446747,1,14044,2,0,0,0,0,0,0,0,0,0,0,0,0,1
1349,8,100feb87bb36438a,2.242319,20.0,1,14002,1,1,0,0,1,0,0,0,0,0,0,0,0,1
1350,8,9a3f4186455c38d8,1.686256,20.0,1,13991,1,1,0,0,1,0,0,0,0,0,0,0,0,1
1351,8,9caa04ced0e9a069,1.266821,20.0,1,14291,1,1,0,0,1,0,0,0,0,0,0,0,0,1
1352,8,19ae6afb19a64d19,1.995369,17.671974,0,14025,1,0,0,0,0,0,0,0,0,0,0,0,0,0
1353,8,77e96a547dd28f94,2.544696,20.0,1,13881,2,1,0,0,1,0,0,0,0,0,0,0,0,1
1354,8,05d092e1bca11d4c,1.911735,20.0,1,13945,1,1,0,0,1,0,0,0,0,0,0,0,0,1
1355,8,3ddc0b2379a7aafb,2.479869,20.0,1,14024,1,0,0,0,0,0,0,0,0,0,0,0,0,1
1356,8,1d8b7973bc9543cd,1.863033,18.605692,1,13961,1,1,0,0,1,0,0,0,0,0,0,0,0,0
1357,8,d9b952cbad788a8e,1.401027,17.472247,1,14024,1,1,0,0,0,0,0,0,0,0,0,0,0,1
1358,8,084240d094492738,2.096193,16.605091,1,13976,1,0,0,0,1,0,0,0,0,0,0,0,0,0
1359,8,0b62003d91fe1b84,2.618444,19.432473,1,14057,2,1,0,0,1,0,0,0,0,0,0,0,0,1
1360,8,8f4333bc415824bb,1.969108,20.0,1,14008,1,1,0,0,1,0,0,0,0,0,0,0,0,1
1361,8,9a5a4f188bd22302,2.52297,19.68696,1,14155,1,0,0,0,0,0,0,0,0,0,0,0,0,1
1362,8,1870fd0d1a70351e,1.895413,18.268922,1,14114,1,1,0,0,1,0,0,0,0,0,0,0,0,0
1363,8,1e8d4862819e0143,1.423953,20.0,1,14068,1,1,0,0,1,0,0,0,0,0,0,0,0,1
1364,8,0fe61b016f4823bb,1.070833,15.553495,0,13888,1,1,0,0,0,0,0,0,0,0,0,0,0,0
1365,8,5a561bf54b48ab1d,2.891784,18.642448,1,13938,2,0,0,0,1,0,0,0,0,0,0,0,0,1
1366,8,7f29f0aa6e590fa7,2.172489,20.0,1,13943,1,1,0,0,1,0,0,0,0,0,0,0,0,1
1367,8,51811ff1088637ba,2.677893,19.245024,1,14015,1,0,0,0,0,0,0,0,0,0,0,0,0,1
1368,8,221bd9296b06e569,2.011801,17.936912,1,14217,1,1,0,0,1,0,0,0,0,0,0,0,0,0
1369,8,2c0dd3853383616e,1.511391,16.954176,1,14119,1,1,0,0,0,0,0,0,0,0,0,0,0,1
1370,8,3ddd1377776c155d,2.179105,16.215883,1,14175,1,0,0,0,1,0,0,0,0,0,0,0,0,0
1371,8,f143c05ff86bc1cf,1.638718,19.155579,1,13926,1,1,0,0,1,0,0,0,0,0,0,0,0,1
1372,8,7d5e9e610682f9f5,2.274761,17.869715,1,14244,1,0,0,0,0,0,0,0,0,0,0,0,0,1
1373,8,eaabdd9009c56cc9,1.708943,16.903693,1,14135,1,1,0,0,1,0,0,0,0,0,0,0,0,0
1374,8,f9c5ac96956ec31c,2.3293,19.672822,1,13961,2,1,0,0,1,0,0,0,0,0,0,0,0,1
1375,8,4a4cf35c5ff9274b,2.793569,18.2583,1,14140,1,0,0,0,0,0,0,0,0,0,0,0,0,1
1376,8,b16e42d9f6fc7e21,2.098704,20.0,1,14170,1,1,0,0,1,0,0,0,0,0,0,0,0,1
1377,8,9c42ded24325e355,2.620331,15.531954,0,14031,1,0,0,0,0,0,0,0,0,0,0,0,0,0
1378,8,c4c8968aabe394d2,1.970527,18.641254,1,14019,1,1,0,0,1,0,0,0,0,0,0,0,0,1
1379,8,3c36b1b5995cec37,1.480383,17.483322,1,13945,1,1,0,0,1,0,0,0,0,0,0,0,0,0
1380,8,480049e90ff50122,2.15581,16.613411,1,14287,1,0,0,0,0,0,0,0,0,0,0,0,0,1
1381,8,059eed1e545761f6,1.6212,15.974023,1,14449,1,1,0,0,1,0,0,0,0,0,0,0,0,0
1382,8,d41fea9b3939dc9c,1.217947,18.958376,1,14229,1,1,0,0,1,0,0,0,0,0,0,0,0,1
1383,8,30fe94d4b4d18fa3,1.958651,14.242719,0,14382,1,0,0,0,0,0,0,0,0,0,0,0,0,0
1384,8,92db016c1aaf5b77,1.471461,17.657711,1,14059,1,1,0,0,1,0,0,0,0,0,0,0,0,1
1385,8,ce947c10ebc52100,1.10656,16.759352,1,14154,1,1,0,0,1,0,0,0,0,0,0,0,0,0
1386,8,fde5c5dd8b3ac818,1.87497,19.548364,1,14234,2,1,0,0,1,0,0,0,0,0,0,0,0,1
1387,8,e7d194c07d691da1,2.452249,18.1648,1,14047,1,0,0,0,0,0,0,0,0,0,0,0,0,1
1388,8,781fb0e9d6e1d18d,1.844126,20.0,1,13978,1,1,0,0,1,0,0,0,0,0,0,0,0,1
1389,8,5073e52be71e5d55,1.385423,20.0,1,13871,1,1,0,0,1,0,0,0,0,0,0,0,0,1
1390,8,9a98202ed12d2863,1.040816,20.0,1,14158,1,1,0,0,1,0,0,0,0,0,0,0,0,0
1391,8,2c3e914c8cc4b55b,1.82558,18.762835,1,13924,1,0,0,0,0,0,0,0,0,0,0,0,0,1
1392,8,03ac9934541c0b73,1.372862,20.0,1,13941,1,1,0,0,1,0,0,0,0,0,0,0,0,1
1393,8,cfc2c9d500d3ce27,1.03138,19.308641,1,13932,1,1,0,0,1,0,0,0,0,0,0,0,0,0
1394,8,702bed25791d8fa2,0.774837,20.0,1,13984,1,1,0,0,1,0,0,0,0,0,0,0,0,1
1395,8,6fb2b1c3e306f91e,1.626839,19.621397,1,13869,2,1,0,0,0,0,0,0,0,0,0,0,0,1
1396,8,7c3969a4124bb5bf,2.265837,20.0,1,14127,1,0,0,0,1,0,0,0,0,0,0,0,0,1
1397,8,c988fbb9c4873576,1.702238,19.780125,1,13908,1,1,0,0,1,0,0,0,0,0,0,0,0,0
1398,8,debc39435491e638,1.278828,20.0,1,14014,1,1,0,0,1,0,0,0,0,0,0,0,0,1
1399,8,457a5c052f0819a5,0.961697,19.887766,1,14024,1,1,0,0,1,0,0,0,0,0,0,0,0,0
1400,8,7cb4dead3afa39da,0.722487,18.41978,1,13902,1,1,0,0,0,0,0,0,0,0,0,0,0,1
1401,8,b2317dacc58e1114,1.586431,17.316936,1,13918,1,0,0,0,1,0,0,0,0,0,0,0,0,0
1402,8,38b3fc714536e8ff,1.193019,19.983586,1,14059,1,1,0,0,1,0,0,0,0,0,0,0,0,1
1403,8,55b2d419601aaca3,0.89627,18.491766,1,13902,1,1,0,0,1,0,0,0,0,0,0,0,0,0
1404,8,e34a06efa19242cb,0.673334,20.0,1,14112,1,1,0,0,1,0,0,0,0,0,0,0,0,1
1405,8,570906e5b461051d,0.505851,20.0,1,14137,1,1,0,0,1,0,0,0,0,0,0,0,0,1
1406,8,4fc14a1659654b28,1.424558,17.011623,0,13920,1,0,0,0,0,0,0,0,0,0,0,0,0,0
1407,8,dc5ddadfbf71bad7,1.070217,19.737886,1,14105,1,1,0,0,1,0,0,0,0,0,0,0,0,1
1408,8,507447c8e40cbe20,0.804014,20.0,1,14076,1,1,0,0,1,0,0,0,0,0,0,0,0,1
1409,8,ac51653a488cd425,0.60463,19.863903,1,13858,1,1,0,0,1,0,0,0,0,0,0,0,0,0
1410,8,68a9ba6cbd59ea15,1.497889,20.0,1,14204,2,1,0,0,1,0,0,0,0,0,0,0,0,1
1411,8,d1cfe82a9ed2b151,2.168962,19.916994,1,13951,1,0,0,0,0,0,0,0,0,0,0,0,0,1
1412,8,533eb9a837c22723,1.62946,20.0,1,14091,1,1,0,0,1,0,0,0,0,0,0,0,0,1
1413,8,b36cca4a8db888c2,1.225377,20.0,1,13975,1,1,0,0,1,0,0,0,0,0,0,0,0,1
1414,8,2d70a230c48ba238,0.92058,20.0,1,13983,1,1,0,0,1,0,0,0,0,0,0,0,0,0
1415,8,1b9429903921e1ca,0.691597,20.0,1,14123,1,1,0,0,1,0,0,0,0,0,0,0,0,1
1416,8,25fa56499db4526a,0.520091,17.148785,0,14018,1,1,0,0,0,0,0,0,0,0,0,0,0,0
1417,8,a1dd144609b97469,1.434378,19.84093,1,14027,1,0,0,0,1,0,0,0,0,0,0,0,0,1
1418,8,3d6541b4eeb1de03,2.121248,20.0,1,13977,2,1,0,0,1,0,0,0,0,0,0,0,0,1
1419,8,66e87a3d554f380e,1.593614,19.904028,1,14052,1,1,0,0,1,0,0,0,0,0,0,0,0,0
1420,8,dfe1c1676a692900,2.242571,18.448615,1,14156,1,0,0,0,0,0,0,0,0,0,0,0,0,1
1421,8,7b9049f8ab9c8008,1.68476,20.0,1,13987,1,1,0,0,1,0,0,0,0,0,0,0,0,1
1422,8,dca4584c37be2c1a,1.265697,19.118212,1,14088,1,1,0,0,1,0,0,0,0,0,0,0,0,0
1423,8,88665c86bcab0e81,0.951822,20.0,1,14046,1,1,0,0,1,0,0,0,0,0,0,0,0,1
1424,8,c86a50bf547ce105,1.758722,19.509415,1,14139,1,0,0,0,0,0,0,0,0,0,0,0,0,1
1425,8,5fbb62f9954d7bdb,2.364915,18.135538,1,14097,2,1,0,0,1,0,0,0,0,0,0,0,0,0
1426,8,04668a20bacfd68f,1.776673,20.0,1,14179,1,1,0,0,1,0,0,0,0,0,0,0,0,1
1427,8,0a0c2c9285f3e317,2.380234,18.95864,1,14125,1,0,0,0,0,0,0,0,0,0,0,0,0,1
1428,8,affb649caeebbb9a,2.831834,20.0,1,14186,2,1,0,0,1,0,0,0,0,0,0,0,0,1
1429,8,ba05c4a13797c328,2.127451,20.0,1,14083,1,1,0,0,1,0,0,0,0,0,0,0,0,1
1430,8,27378726e6d14d7b,1.599873,17.20978,0,14225,1,1,0,0,0,0,0,0,0,0,0,0,0,0
1431,8,62cdd9ac858bce3d,2.245578,19.886754,1,14191,1,0,0,0,1,0,0,0,0,0,0,0,0,1
1432,8,8c12a1efc80faf75,1.687019,18.419019,1,14160,1,1,0,0,1,0,0,0,0,0,0,0,0,0
1433,8,0fdd316da31408b9,1.267394,20.0,1,14150,1,1,0,0,1,0,0,0,0,0,0,0,0,1
1434,8,ee57a3f890c065d9,3.0414,19.118796,1,14198,2,0,0,0,0,0,0,0,0,0,0,0,0,1
1435,8,4d1403f4995693b2,2.28489,20.0,1,14221,1,1,0,0,1,0,0,0,0,0,0,0,0,1
1436,8,188336e7ef534b81,1.716552,20.0,1,14326,1,1,0,0,1,0,0,0,0,0,0,0,0,1
1437,8,4b5b382bf615a1f1,2.335022,17.277756,0,14211,1,0,0,0,0,0,0,0,0,0,0,0,0,0
1438,8,5aab4d04366b8efa,1.754215,19.937821,1,14128,1,1,0,0,1,0,0,0,0,0,0,0,0,1
1439,8,9e446aa56d8b7cb2,2.36153,20.0,1,14281,2,1,0,0,1,0,0,0,0,0,0,0,0,1
1440,8,603da7470fa4bd5d,2.817782,16.479868,0,14124,1,0,0,0,0,0,0,0,0,0,0,0,0,0
1441,8,0f0318a3d4ece8b5,2.119012,19.354099,1,14274,1,1,0,0,1,0,0,0,0,0,0,0,0,1
1442,8,e5e52f870c52a86d,1.591935,20.0,1,14183,1,1,0,0,1,0,0,0,0,0,0,0,0,1
1443,8,cd0b666839fbab7d,2.239614,20.0,1,14297,2,1,0,0,1,0,0,0,0,0,0,0,0,1
1444,8,ae202cc35c2aeb7a,2.728372,20.0,1,14258,1,0,0,0,0,0,0,0,0,0,0,0,0,1
1445,8,5a71743fb2b70fa3,2.049724,19.148776,1,14212,1,1,0,0,1,0,0,0,0,0,0,0,0,0
1446,8,152de56ca1abf7dc,1.539881,20.0,1,14131,1,1,0,0,1,0,0,0,0,0,0,0,0,1
1447,8,884217a02f3b4be8,1.156855,19.51338,1,14264,1,1,0,0,1,0,0,0,0,0,0,0,0,0
1448,8,1d447a986741451f,1.914122,18.154841,1,14254,1,0,0,0,0,0,0,0,0,0,0,0,0,1
1449,8,b85a3456f636bab5,2.481662,20.0,1,14212,2,1,0,0,1,0,0,0,0,0,0,0,0,1
1450,8,797e301b280d97b1,1.86438,20.0,1,14345,1,1,0,0,1,0,0,0,0,0,0,0,0,1
1451,8,1028125eb6c08948,2.446191,16.868621,0,14083,1,0,0,0,0,0,0,0,0,0,0,0,0,0
1452,8,05578c481214b1d9,1.837732,19.630454,1,14268,1,1,0,0,1,0,0,0,0,0,0,0,0,1
1453,8,f0b77858a3acbd1d,2.424272,18.22647,1,14032,2,1,0,0,0,0,0,0,0,0,0,0,0,1
1454,8,6c63ab0d5755d5a1,2.864919,20.0,1,14316,1,0,0,0,1,0,0,0,0,0,0,0,0,1
1455,8,0cfc0a3281de0dae,2.15446,19.010013,1,14156,1,1,0,0,1,0,0,0,0,0,0,0,0,0
1456,8,7250743c791e8016,2.662218,17.760357,1,14306,1,0,0,0,0,0,0,0,0,0,0,0,0,1
1457,8,1509a0b823f793ac,2.000025,16.821537,1,14327,1,1,0,0,1,0,0,0,0,0,0,0,0,0
1458,8,0c39d1c2403c6bd5,2.548198,19.611039,1,14234,2,1,0,0,1,0,0,0,0,0,0,0,0,1
1459,8,84f1ca4dc19f7a24,2.958019,18.211885,1,14245,1,0,0,0,0,0,0,0,0,0,0,0,0,1
1460,8,42c494f5f0dbb22b,2.222249,20.0,1,14335,1,1,0,0,1,0,0,0,0,0,0,0,0,1
1461,8,c0e5116cf51b1097,1.669493,20.0,1,14375,1,1,0,0,1,0,0,0,0,0,0,0,0,1
1462,8,7dca2a90738952e5,2.299633,16.892832,0,14388,1,0,0,0,0,0,0,0,0,0,0,0,0,0
1463,8,8ed2655df8a48067,1.727628,19.648642,1,14316,1,1,0,0,1,0,0,0,0,0,0,0,0,1
1464,8,8283f471acc61ef0,3.385209,18.240135,1,14395,2,0,0,0,0,0,0,0,0,0,0,0,0,1
1465,8,ad07b00b1e58a484,2.545726,20.0,1,14229,1,1,0,0,1,0,0,0,0,0,0,0,0,1
1466,8,5cc8ba96e0d47497,1.912508,20.0,1,14381,1,1,0,0,1,0,0,0,0,0,0,0,0,1
1467,8,17b5e9230e01a85f,2.480449,16.897535,0,14103,1,0,0,0,0,0,0,0,0,0,0,0,0,0
1468,8,af443e4f4c3ae8b4,1.863469,19.652175,1,14308,1,1,0,0,1,0,0,0,0,0,0,0,0,1
1469,8,285dcff2a81aa4b3,1.401355,18.259218,1,14067,1,1,0,0,1,0,0,0,0,0,0,0,0,0
1470,8,3267b9a56e84d1bf,2.096439,17.196312,1,14196,1,0,0,0,0,0,0,0,0,0,0,0,0,1
1471,8,81ac4b73b043d921,1.574976,19.876635,1,13852,1,1,0,0,1,0,0,0,0,0,0,0,0,1
1472,8,304cddad63979d30,2.228555,18.428015,1,14286,2,1,0,0,1,0,0,0,0,0,0,0,0,0
1473,8,455fd31bca8fb01d,2.717884,17.323123,1,14324,1,0,0,0,0,0,0,0,0,0,0,0,0,1
1474,8,144bbca378b8b707,2.041844,19.971904,1,14248,1,1,0,0,1,0,0,0,0,0,0,0,0,1
1475,8,a2a706d88b7c86ef,1.533961,18.482989,1,14209,1,1,0,0,1,0,0,0,0,0,0,0,0,0
1476,8,1b8f436fd45fcbef,2.197711,17.379973,1,13849,1,0,0,0,0,0,0,0,0,0,0,0,0,1
1477,8,0a847da962b49b21,1.651058,16.535769,1,14237,1,1,0,0,1,0,0,0,0,0,0,0,0,0
1478,8,297c6e1a17f9aadf,1.240378,19.380394,1,13871,1,1,0,0,1,0,0,0,0,0,0,0,0,1
1479,8,0f487e0fd8ad1489,1.976933,14.574332,0,13904,1,0,0,0,0,0,0,0,0,0,0,0,0,0
1480,8,38dcc0864d407e8d,1.485196,17.90684,1,13847,1,1,0,0,1,0,0,0,0,0,0,0,0,1
1481,8,2cc5f1926215a345,1.115772,16.931584,1,13811,1,1,0,0,1,0,0,0,0,0,0,0,0,0
1482,8,46129cd32c2b8f7d,0.838238,16.198911,1,13665,1,1,0,0,0,0,0,0,0,0,0,0,0,1
1483,8,5123ca24f0cf90e2,1.674517,15.662313,1,13955,1,0,0,0,1,0,0,0,0,0,0,0,0,0
1484,8,691a1dbf16af6de8,1.258002,18.7242,1,14108,1,1,0,0,1,0,0,0,0,0,0,0,0,1
1485,8,215bdbba9a5ab721,-0.098563,17.545636,1,13678,0,1,0,0,1,0,0,0,0,0,0,0,0,0
1486,8,a070d656b385eb8a,0.970029,13.194568,0,13438,1,0,0,0,0,0,0,0,0,0,0,0,0,0
1487,8,37d4022d92a1192b,0.728747,16.870275,1,13188,1,1,0,0,1,0,0,0,0,0,0,0,0,1
1488,8,17bc66eb952a26e9,0.54748,16.152851,1,13192,1,1,0,0,1,0,0,0,0,0,0,0,0,0
1489,8,77e3505a44d41cc0,0.411301,15.613878,1,13403,1,1,0,0,0,0,0,0,0,0,0,0,0,1
1490,8,fa2dddc80a7a66eb,1.353455,15.22236,1,13449,1,0,0,0,1,0,0,0,0,0,0,0,0,0
1491,8,a1d3626485820de0,1.0168,18.393679,1,13396,1,1,0,0,1,0,0,0,0,0,0,0,0,1
1492,8,280f5e1674973474,0.763884,17.297328,1,13323,1,1,0,0,1,0,0,0,0,0,0,0,0,0
1493,9,1fd48474a6be9a50,1.618602,16.488339,1,13958,1,0,0,0,0,0,0,0,0,0,0,0,0,1
1494,9,530e0ea8d92a6d51,1.215995,19.344762,1,14190,1,1,0,0,1,0,0,0,0,0,0,0,0,1
1495,9,9d91a06f605c6d81,0.913532,18.011841,1,14080,1,1,0,0,1,0,0,0,0,0,0,0,0,0
1496,9,1bedfd585b1aa4b9,1.729956,17.010467,1,14273,1,0,0,0,0,0,0,0,0,0,0,0,0,1
1497,9,26a9669cba5af3ef,1.300951,16.272616,1,14212,1,1,0,0,1,0,0,0,0,0,0,0,0,0
1498,9,4f55c5e4b2d3c044,0.977356,19.182697,1,14206,1,1,0,0,1,0,0,0,0,0,0,0,0,1
1499,9,429a6cfc04b09590,1.777904,14.411243,0,13974,1,0,0,0,0,0,0,0,0,0,0,0,0,0
1500,9,bfd1095e82cc3b3f,1.337009,17.798464,1,14012,1,1,0,0,1,0,0,0,0,0,0,0,0,1
1501,9,e8a24dfe484cb614,1.004445,13.37132,0,14108,1,1,0,0,0,0,0,0,0,0,0,0,0,0
1502,9,a8eb40163c807ab7,1.798256,17.003062,1,14020,1,0,0,0,1,0,0,0,0,0,0,0,0,1
1503,9,b734eb68cadec0ba,1.350962,16.252609,1,14036,1,1,0,0,1,0,0,0,0,0,0,0,0,0
1504,9,03ed9d518f369873,1.015943,19.183197,1,13951,1,1,0,0,1,0,0,0,0,0,0,0,0,1
1505,9,cd43fcebe8f5e6e6,0.76324,17.890464,1,14006,1,1,0,0,1,0,0,0,0,0,0,0,0,0
1506,9,338e1a6d9a9334b5,1.617047,16.919281,1,14050,1,0,0,0,0,0,0,0,0,0,0,0,0,1
1507,9,f71f04d2a5841727,1.216042,19.684544,1,13801,1,1,0,0,1,0,0,0,0,0,0,0,0,1
1508,9,dab4ff966e399802,1.957221,20.0,1,14055,2,1,0,0,1,0,0,0,0,0,0,0,0,1
1509,9,339e340883d8ecaf,1.470387,19.815765,1,13970,1,1,0,0,1,0,0,0,0,0,0,0,0,0
1510,9,0f3eea50b2030a66,2.1483,18.365688,1,13990,1,0,0,0,0,0,0,0,0,0,0,0,0,1
1511,9,3e985a0bd30d703c,1.615552,17.291761,1,13783,1,1,0,0,1,0,0,0,0,0,0,0,0,0
1512,9,d3664dba52f12bb7,1.213704,19.948342,1,14203,1,1,0,0,1,0,0,0,0,0,0,0,0,1
1513,9,c246d2e3c31b3ae9,1.955464,14.986444,0,14013,1,0,0,0,0,0,0,0,0,0,0,0,0,0
1514,9,635cd0467a27e5a7,1.470537,18.231023,1,14097,1,1,0,0,1,0,0,0,0,0,0,0,0,1
1515,9,56d771fdebc6f2d0,1.104759,20.0,1,14144,1,1,0,0,1,0,0,0,0,0,0,0,0,1
1516,9,4385c4802bd992a1,0.829964,18.995404,1,13807,1,1,0,0,1,0,0,0,0,0,0,0,0,0
1517,9,8aba10677e53b1b7,0.623521,17.749381,1,13914,1,1,0,0,0,0,0,0,0,0,0,0,0,1
1518,9,49192243e8cbaa76,2.557198,20.0,1,13792,2,0,0,0,1,0,0,0,0,0,0,0,0,1
1519,9,bab3e108e1f9bce4,1.921127,20.0,1,14021,1,1,0,0,1,0,0,0,0,0,0,0,0,1
1520,9,7a93b2fc68a46685,1.443271,20.0,1,14011,1,1,0,0,1,0,0,0,0,0,0,0,0,0
1521,9,9343a49525c06e8b,1.08536,18.647191,1,13856,1,1,0,0,0,0,0,0,0,0,0,0,0,1
1522,9,404bc81199b9cb31,1.859044,20.0,1,14023,1,0,0,0,1,0,0,0,0,0,0,0,0,1
1523,9,0928d693aed6555f,1.39663,19.230287,1,13980,1,1,0,0,1,0,0,0,0,0,0,0,0,0
1524,9,7418e99e7085b246,1.049236,20.0,1,14052,1,1,0,0,1,0,0,0,0,0,0,0,0,1
1525,9,eb8011c3605ecbc3,0.789041,19.57713,1,13914,1,1,0,0,1,0,0,0,0,0,0,0,0,0
1526,9,10a55c60c28fb871,0.592777,18.18641,1,14067,1,1,0,0,0,0,0,0,0,0,0,0,0,1
1527,9,9142a53c8ea3eea3,1.488984,20.0,1,13977,1,0,0,0,1,0,0,0,0,0,0,0,0,1
1528,9,5b98d08642d6c5c1,2.163888,20.0,1,14011,2,1,0,0,1,0,0,0,0,0,0,0,0,1
1529,9,9babb0f7babc91be,1.625648,20.0,1,13992,1,1,0,0,1,0,0,0,0,0,0,0,0,0
1530,9,6b628ace3a80b66e,1.221289,20.0,1,13878,1,1,0,0,1,0,0,0,0,0,0,0,0,1
1531,9,1fb15d63bb00c795,0.917508,20.0,1,14031,1,1,0,0,1,0,0,0,0,0,0,0,0,1
1532,9,60552f072be99c0b,1.73413,20.0,1,14007,1,0,0,0,0,0,0,0,0,0,0,0,0,1
1533,9,653bb80aa2cb1b55,1.302787,19.468921,1,14035,1,1,0,0,1,0,0,0,0,0,0,0,0,0
1534,9,67aeb0127098f2b6,2.022389,20.0,1,14000,2,1,0,0,1,0,0,0,0,0,0,0,0,1
1535,9,776a3e8dce0f20a3,1.520865,20.0,1,13768,1,1,0,0,1,0,0,0,0,0,0,0,0,1
1536,9,8afd65f8be41818a,2.186222,20.0,1,13771,1,0,0,0,0,0,0,0,0,0,0,0,0,1
1537,9,f496528534e83a16,1.642427,20.0,1,13849,1,1,0,0,1,0,0,0,0,0,0,0,0,1
1538,9,963123a06e59acba,1.233894,20.0,1,14076,1,1,0,0,1,0,0,0,0,0,0,0,0,0
1539,9,a608e4e19fe1510d,0.927906,20.0,1,13991,1,1,0,0,1,0,0,0,0,0,0,0,0,1
1540,9,94b4bf74b4c0d654,2.784408,20.0,1,13947,2,0,0,0,0,0,0,0,0,0,0,0,0,1
1541,9,e05e194a83d5999d,2.091821,20.0,1,14158,1,1,0,0,1,0,0,0,0,0,0,0,0,1
1542,9,0df3e21ca1dea29a,1.57308,20.0,1,13881,1,1,0,0,1,0,0,0,0,0,0,0,0,0
1543,9,2b91f8621bf2b3dc,1.181796,20.0,1,13927,1,1,0,0,1,0,0,0,0,0,0,0,0,1
1544,9,96f88e570c2288e4,1.931492,16.614788,0,13868,1,0,0,0,0,0,0,0,0,0,0,0,0,0
1545,9,ccf1990136212d60,1.451058,19.439758,1,13956,1,1,0,0,1,0,0,0,0,0,0,0,0,1
1546,9,8fc2f36428e2b239,1.091216,20.0,1,13939,1,1,0,0,1,0,0,0,0,0,0,0,0,1
1547,9,fac81b5222b15fd8,1.863443,16.212231,0,14011,1,0,0,0,0,0,0,0,0,0,0,0,0,0
1548,9,d2741c0108e8c3e1,2.443589,19.137332,1,13964,2,1,0,0,1,0,0,0,0,0,0,0,0,1
1549,9,f021d52cba66659e,1.837614,20.0,1,13912,1,1,0,0,1,0,0,0,0,0,0,0,0,1
1550,9,62740c2edf4f9c1a,2.424184,19.520217,1,13929,1,0,0,0,0,0,0,0,0,0,0,0,0,1
1551,9,dd85b5e3c54a4675,1.821199,20.0,1,14020,1,1,0,0,1,0,0,0,0,0,0,0,0,1
1552,9,292f2ca6c3c277da,1.368198,19.723019,1,13942,1,1,0,0,1,0,0,0,0,0,0,0,0,0
1553,9,590046d69c2f0697,1.028905,20.0,1,13635,1,1,0,0,1,0,0,0,0,0,0,0,0,1
1554,9,49c01972c05b2cde,2.860284,19.851107,1,13920,2,0,0,0,0,0,0,0,0,0,0,0,0,1
1555,9,5bd2c5f9e3d81695,2.148825,20.0,1,13761,1,1,0,0,1,0,0,0,0,0,0,0,0,1
1556,9,e99160ebd3ad6017,1.615947,19.927868,1,13751,1,1,0,0,1,0,0,0,0,0,0,0,0,0
1557,9,9fb6e26db137d769,2.257654,18.449907,1,13918,1,0,0,0,0,0,0,0,0,0,0,0,0,1
1558,9,f7cdcffb3f24f59f,1.696091,17.33957,1,13789,1,1,0,0,1,0,0,0,0,0,0,0,0,0
1559,9,d54ff3cf1a04e66a,2.317863,20.0,1,14464,2,1,0,0,1,0,0,0,0,0,0,0,0,2
1560,9,6206b48ce68492cb,1.743066,20.0,1,14107,1,1,0,0,1,0,0,0,0,0,0,0,0,0
1561,9,57e8e7bc76011386,1.3095,20.0,1,14108,1,1,0,0,1,0,0,0,0,0,0,0,0,1
1562,9,228f719959c2101f,0.983779,20.0,1,14645,1,1,0,0,1,0,0,0,0,0,0,0,0,1
1563,9,1a270b61bf1671e3,1.783966,20.0,1,15436,1,0,0,0,0,0,0,0,0,0,0,0,0,1
1564,9,b0a02e896059d753,2.38388,19.713476,1,15823,2,1,0,0,1,0,0,0,0,0,0,0,0,0
1565,9,4e61135f67626e48,1.79092,20.0,1,15877,1,1,0,0,1,0,0,0,0,0,0,0,0,1
1566,9,211453f6310a450f,1.345451,19.832094,1,15891,1,1,0,0,1,0,0,0,0,0,0,0,0,0
1567,9,1c86ab86440e5988,1.011799,20.0,1,16073,1,1,0,0,1,0,0,0,0,0,0,0,0,1
1568,9,bf2b99a3f8e66fb1,0.760126,19.91273,1,16148,1,1,0,0,1,0,0,0,0,0,0,0,0,0
1569,9,fddeb604a2f2db05,0.571055,18.438534,1,16903,1,1,0,0,0,0,0,0,0,0,0,0,0,1
1570,9,6c7be738b9512dda,0.429441,20.0,1,16916,1,1,0,0,2,0,0,0,0,0,0,0,0,1
1571,9,3364a3725f8a7e25,1.366276,18.26135,0,17062,1,0,0,0,0,0,0,0,0,0,0,0,0,0
1572,9,6a9861ac05854b23,1.026432,20.0,1,17153,1,1,0,0,1,0,0,0,0,0,0,0,0,1
1573,9,f250a6f1de9c260b,1.814774,20.0,1,17244,2,1,0,0,1,0,0,0,0,0,0,0,0,1
1574,9,07f9789d6b811bdd,1.364736,20.0,1,17370,1,1,0,0,1,0,0,0,0,0,0,0,0,0
1575,9,78007fb687fa46b4,1.025275,20.0,1,15226,1,1,0,0,1,0,0,0,0,0,0,0,0,1
1576,9,6b77131f79a52b62,0.770251,20.0,1,13547,1,1,0,0,1,0,0,0,0,0,0,0,0,1
1577,9,c3283c7dca258ca9,2.667541,20.0,1,13657,2,0,0,0,0,0,0,0,0,0,0,0,0,1
1578,9,5556ef939b3b497f,2.004023,19.480465,1,13785,1,1,0,0,1,0,0,0,0,0,0,0,0,0
1579,9,48a0b8c2e1de9d2c,0.461895,18.11379,1,13813,0,1,0,0,1,0,0,0,0,0,0,0,0,0
1580,9,a8f4c6a49c652fbf,2.434311,17.087057,1,13947,2,0,0,0,0,0,0,0,0,0,0,0,0,1
1581,9,0307d2fd08e11f6a,1.830636,19.810714,1,13566,1,1,0,0,1,0,0,0,0,0,0,0,0,1
1582,9,80318d0601fa540b,2.418942,18.361893,1,13772,1,0,0,0,0,0,0,0,0,0,0,0,0,1
1583,9,a0fb2a1396b3c59a,1.817261,17.273449,1,13535,1,1,0,0,1,0,0,0,0,0,0,0,0,0
1584,9,201d27b2994e2c0d,1.366606,19.950883,1,13535,1,1,0,0,1,0,0,0,0,0,0,0,0,1
1585,9,7a19f77d96a57e36,2.070333,14.988353,0,13438,1,0,0,0,0,0,0,0,0,0,0,0,0,0
1586,9,7ba6b3cfd74971b8,1.555364,18.217878,1,13569,1,1,0,0,1,0,0,0,0,0,0,0,0,1
1587,9,15989a07dafa1e42,1.168487,13.686411,0,13691,1,1,0,0,0,0,0,0,0,0,0,0,0,0
1588,9,dbb44ff84a7343e0,1.922869,17.253379,1,13701,1,0,0,0,1,0,0,0,0,0,0,0,0,1
1589,9,342934978c0ddfb2,1.44458,19.919508,1,13770,1,1,0,0,1,0,0,0,0,0,0,0,0,1
1590,9,6569d3cf1bd89d19,1.085259,14.964782,0,13694,1,1,0,0,0,0,0,0,0,0,0,0,0,0
1591,9,808c87280efdce7c,1.860281,18.214733,1,13606,1,0,0,0,1,0,0,0,0,0,0,0,0,1
1592,9,a9ef1ef850dece1a,1.397559,17.162892,1,13607,1,1,0,0,1,0,0,0,0,0,0,0,0,0
1593,9,1e6cdcb1f64629d1,1.049934,16.372684,1,13791,1,1,0,0,0,0,0,0,0,0,0,0,0,1
1594,9,a6a62f01c80481be,1.83243,15.77903,1,13639,1,0,0,0,1,0,0,0,0,0,0,0,0,0
1595,9,e0168fa87c68601f,1.378013,18.827059,1,13505,1,1,0,0,1,0,0,0,0,0,0,0,0,1
1596,9,0003274111c2dc33,1.03525,14.144065,0,13693,1,1,0,0,0,0,0,0,0,0,0,0,0,0
1597,9,d9c25b3e911987af,1.821398,17.583597,1,13659,1,0,0,0,1,0,0,0,0,0,0,0,0,1
1598,9,ae086c67f5f0ff3c,1.369717,20.0,1,13621,1,1,0,0,1,0,0,0,0,0,0,0,0,1
1599,9,995a1d4cf554c3da,1.029017,18.642418,1,13621,1,1,0,0,1,0,0,0,0,0,0,0,0,0
1600,9,2aee1afd2026fab3,1.816716,17.484196,1,13661,1,0,0,0,0,0,0,0,0,0,0,0,0,1
1601,9,9aad1b661d0c24f4,1.36483,20.0,1,13989,1,1,0,0,1,0,0,0,0,0,0,0,0,1
1602,9,e3f02318fdcd84e8,1.026372,18.590658,1,13577,1,1,0,0,1,0,0,0,0,0,0,0,0,0
1603,9,26dc2b307aadaa65,0.771075,20.0,1,13511,1,1,0,0,1,0,0,0,0,0,0,0,0,1
1604,9,c59a1fc10a320885,0.57928,15.719536,0,13539,1,1,0,0,0,0,0,0,0,0,0,0,0,0
1605,9,6cfe12d7eb05d4ff,1.479777,18.782318,1,13464,1,0,0,0,1,0,0,0,0,0,0,0,0,1
1606,9,fd78923e3481f25b,1.111701,17.589298,1,13562,1,1,0,0,1,0,0,0,0,0,0,0,0,0
1607,9,c4f2c5f95344180a,0.83518,20.0,1,13560,1,1,0,0,1,0,0,0,0,0,0,0,0,1
1608,9,65b58d5fbb206542,1.671093,18.633217,1,13758,1,0,0,0,0,0,0,0,0,0,0,0,0,1
1609,9,0b470023f39fc867,1.256685,17.492947,1,13693,1,1,0,0,1,0,0,0,0,0,0,0,0,0
1610,9,11cd553fea99c617,0.944101,20.0,1,13835,1,1,0,0,1,0,0,0,0,0,0,0,0,1
1611,9,f08799d7d8e20c3e,0.709268,15.099992,0,13764,1,1,0,0,0,0,0,0,0,0,0,0,0,0
1612,9,492ff17185c26dce,1.57753,18.316413,1,13621,1,0,0,0,1,0,0,0,0,0,0,0,0,1
1613,9,493b6fdfc7170f21,1.185139,17.239281,1,13626,1,1,0,0,1,0,0,0,0,0,0,0,0,0
1614,9,9debe871bb17c9c9,1.934004,19.908916,1,13652,2,1,0,0,1,0,0,0,0,0,0,0,0,1
1615,9,cc187f0163101843,1.452945,18.435669,1,12755,1,1,0,0,0,0,0,0,0,0,0,0,0,1
1616,9,f657872f4560d256,2.136786,17.344388,1,12642,1,0,0,0,1,0,0,0,0,0,0,0,0,0
1617,9,5d5c2a78d09b711c,0.561634,16.509035,1,12719,0,1,0,0,1,0,0,0,0,0,0,0,0,0
1618,9,7e1c099208006c2d,0.421935,19.36031,1,13183,1,1,0,0,1,0,0,0,0,0,0,0,0,1
1619,9,6c90da086f53b3eb,0.317301,20.0,1,13108,1,1,0,0,1,0,0,0,0,0,0,0,0,1
1620,9,d35fcc87952f5bfd,1.28203,16.167346,0,13045,1,0,0,0,0,0,0,0,0,0,0,0,0,0
1621,9,ce570ffe6b098752,2.006794,19.103612,1,13087,2,1,0,0,1,0,0,0,0,0,0,0,0,1
1622,9,606b165f09693323,1.50763,14.351829,0,13089,1,1,0,0,0,0,0,0,0,0,0,0,0,0
1623,9,5de7da077992c8c1,2.177909,17.753784,1,13050,1,0,0,0,1,0,0,0,0,0,0,0,0,1
1624,9,c485e46c1c193d01,1.636182,20.0,1,13049,1,1,0,0,1,0,0,0,0,0,0,0,0,1
1625,9,def4bb8c5a138af5,1.229202,18.726052,1,13160,1,1,0,0,1,0,0,0,0,0,0,0,0,0
1626,9,6cf0ebcbc699be4c,0.924378,20.0,1,12788,1,1,0,0,1,0,0,0,0,0,0,0,0,1
1627,9,8a49e015ab644f74,1.738104,19.28786,1,12990,1,0,0,0,0,0,0,0,0,0,0,0,0,1
1628,9,263d9e91258d239e,1.305772,17.969093,1,12822,1,1,0,0,1,0,0,0,0,0,0,0,0,0
1629,9,2ecdfd843d02bb20,0.980978,20.0,1,12900,1,1,0,0,1,0,0,0,0,0,0,0,0,1
1630,9,f882f8e70ca9429a,1.78186,18.864605,1,12663,1,0,0,0,0,0,0,0,0,0,0,0,0,1
1631,9,894c070c7fb646fe,1.338645,17.651117,1,12708,1,1,0,0,1,0,0,0,0,0,0,0,0,0
1632,9,c33d57dff7a9a713,1.005674,20.0,1,12534,1,1,0,0,1,0,0,0,0,0,0,0,0,1
1633,9,b3da68e503eee2e0,1.800432,15.20446,0,12605,1,0,0,0,0,0,0,0,0,0,0,0,0,0
1634,9,d598b3ff822f8925,1.352597,18.380231,1,13698,1,1,0,0,1,0,0,0,0,0,0,0,0,1
1635,9,427048af47b26a63,1.016155,17.287225,1,13830,1,1,0,0,1,0,0,0,0,0,0,0,0,0
1636,9,bd11ef30b91e9de9,0.7634,19.944935,1,13872,1,1,0,0,1,0,0,0,0,0,0,0,0,1
1637,9,a40d6fbea1680ccf,2.662388,18.479377,1,15077,2,0,0,0,0,0,0,0,0,0,0,0,0,1
1638,9,5b6e5ceb378110b7,2.000153,20.0,1,14699,1,1,0,0,1,0,0,0,0,0,0,0,0,1
1639,9,b524042394cc0dfa,1.50264,19.135574,1,14328,1,1,0,0,1,0,0,0,0,0,0,0,0,0
1640,9,79c4362e3a4ddd3b,2.174157,17.870726,1,15862,1,0,0,0,0,0,0,0,0,0,0,0,0,1
1641,9,f43b72fcda62f623,2.677016,20.0,1,15659,2,1,0,0,1,0,0,0,0,0,0,0,0,1
1642,9,7f21d556dd17f339,2.011142,20.0,1,15550,1,1,0,0,1,0,0,0,0,0,0,0,0,1
1643,9,46ebac9a8e52f558,1.510896,20.0,1,15554,1,1,0,0,1,0,0,0,0,0,0,0,0,0
1644,9,600fdef80a231003,3.224516,18.678814,1,15640,2,0,0,0,0,0,0,0,0,0,0,0,0,1
1645,9,2648275d8acf998c,2.422459,20.0,1,15561,1,1,0,0,1,0,0,0,0,0,0,0,0,1
1646,9,c5ca41b94715a60b,2.863556,19.248135,1,15984,1,0,0,0,0,0,0,0,0,0,0,0,0,1
1647,9,e38dc39e24330719,3.197585,20.0,1,16006,2,1,0,0,1,0,0,0,0,0,0,0,0,1
1648,9,42ed1acadce4d958,2.402226,20.0,1,15797,1,1,0,0,1,0,0,0,0,0,0,0,0,1
1649,9,5707b3e677a8eb92,2.848356,20.0,1,15805,2,1,0,0,0,0,0,0,0,0,0,0,0,1
1650,9,bb9602653f9ada17,4.22717,20.0,1,16118,2,0,0,0,1,0,0,0,0,0,0,0,0,1
1651,9,97f0df338729e3ee,3.178892,20.0,1,15877,1,1,0,0,1,0,0,0,0,0,0,0,0,1
1652,9,99fa9a276e994cd6,2.388183,20.0,1,14226,1,1,0,0,1,0,0,0,0,0,0,0,0,0
1653,9,99eb80c1ea99fa2e,2.837806,19.607856,1,13202,1,0,0,0,0,0,0,0,0,0,0,0,0,1
1654,9,0fb01201ae00d249,3.178221,20.0,1,13257,2,1,0,0,1,0,0,0,0,0,0,0,0,1
1655,9,3e237dcc2850d86b,3.431332,19.786044,1,13383,1,0,0,0,0,0,0,0,0,0,0,0,0,1
1656,9,46cd062c36d03d04,2.577831,18.34336,1,13324,1,1,0,0,1,0,0,0,0,0,0,0,0,0
1657,9,7ff34d565b6b9b94,2.980282,17.259525,1,13266,1,0,0,0,0,0,0,0,0,0,0,0,0,1
1658,9,7194a16360246826,2.241214,16.459911,1,13439,1,1,0,0,1,0,0,0,0,0,0,0,0,0
1659,9,397474967d612c55,1.683741,19.323405,1,13493,1,1,0,0,1,0,0,0,0,0,0,0,0,1
1660,9,d691509c077ec1ab,2.308585,17.995796,1,13541,1,0,0,0,0,0,0,0,0,0,0,0,0,1
1661,9,18876ec757a4ab56,1.736089,17.013597,1,13443,1,1,0,0,1,0,0,0,0,0,0,0,0,0
1662,9,4192bbc3674b6104,2.347912,19.739368,1,14422,2,1,0,0,1,0,0,0,0,0,0,0,0,1
1663,9,8d56705f678a28b7,2.807552,18.308294,1,14288,1,0,0,0,0,0,0,0,0,0,0,0,0,1
1664,9,5e1d1d68b06e3cb2,2.109209,20.0,1,14026,1,1,0,0,1,0,0,0,0,0,0,0,0,1
1665,9,96bda16ce085d7f3,1.586155,19.05624,1,15325,1,1,0,0,1,0,0,0,0,0,0,0,0,0
1666,9,c6bdcafd4e7bba4c,2.235272,17.795086,1,15246,1,0,0,0,0,0,0,0,0,0,0,0,0,1
1667,9,dd45cfb800015522,1.679277,16.847627,1,14953,1,1,0,0,1,0,0,0,0,0,0,0,0,0
1668,9,c93a039256c9a264,1.26284,16.150157,1,14638,1,1,0,0,0,0,0,0,0,0,0,0,0,1
1669,9,4db5a4312141e7d0,1.992378,15.611854,1,14507,1,0,0,0,1,0,0,0,0,0,0,0,0,0
1670,9,fd3f22932529094c,1.496799,18.686291,1,14542,1,1,0,0,1,0,0,0,0,0,0,0,0,1
1671,9,22e9c9cf8fdb863f,2.168142,14.038312,0,15103,1,0,0,0,0,0,0,0,0,0,0,0,0,0
1672,9,1a21c11059677c7c,1.630474,17.518014,1,14794,1,1,0,0,1,0,0,0,0,0,0,0,0,1
1673,9,645694277dddbbbc,1.224914,20.0,1,14844,1,1,0,0,1,0,0,0,0,0,0,0,0,1
1674,9,054b0b5ce15c8416,0.920232,18.592985,1,14782,1,1,0,0,1,0,0,0,0,0,0,0,0,0
1675,9,81cb2b9b42fdf90e,0.692028,20.0,1,14701,1,1,0,0,1,0,0,0,0,0,0,0,0,1
1676,9,cbae15652f673db8,0.519895,19.212683,1,14557,1,1,0,0,1,0,0,0,0,0,0,0,0,0
1677,9,c41f2783ce19a4d9,1.434231,17.912615,1,13526,1,0,0,0,0,0,0,0,0,0,0,0,0,1
1678,9,de04dffe8f80458f,1.077484,16.935922,1,13137,1,1,0,0,1,0,0,0,0,0,0,0,0,0
1679,9,42df76ec771db93a,0.810283,19.697058,1,13088,1,1,0,0,1,0,0,0,0,0,0,0,0,1
1680,10,1fd48474a6be9a50,1.652389,14.797664,0,13980,1,0,0,0,0,0,0,0,0,0,0,0,0,0
1681,10,530e0ea8d92a6d51,1.241378,18.074621,1,14114,1,1,0,0,1,0,0,0,0,0,0,0,0,1
1682,10,9d91a06f605c6d81,0.933534,17.072874,1,14068,1,1,0,0,1,0,0,0,0,0,0,0,0,0
1683,10,1bedfd585b1aa4b9,1.744983,16.305056,1,14271,1,0,0,0,0,0,0,0,0,0,0,0,0,1
1684,10,26a9669cba5af3ef,1.31094,15.728224,1,14140,1,1,0,0,1,0,0,0,0,0,0,0,0,0
1685,10,4f55c5e4b2d3c044,0.98486,18.773716,1,14210,1,1,0,0,1,0,0,0,0,0,0,0,0,1
1686,10,429a6cfc04b09590,0.740629,20.0,1,14070,1,1,0,0,1,0,0,0,0,0,0,0,0,1
1687,10,bfd1095e82cc3b3f,2.643714,15.835944,0,13977,2,0,0,0,0,0,0,0,0,0,0,0,0,0
1688,10,e8a24dfe484cb614,1.986123,18.854642,1,13982,1,1,0,0,1,0,0,0,0,0,0,0,0,1
1689,10,a8eb40163c807ab7,1.493593,17.659461,1,14079,1,1,0,0,0,0,0,0,0,0,0,0,0,1
1690,10,b734eb68cadec0ba,2.165734,16.745737,1,13975,1,0,0,0,1,0,0,0,0,0,0,0,0,0
1691,10,03ed9d518f369873,1.627035,19.538136,1,13976,1,1,0,0,1,0,0,0,0,0,0,0,0,1
1692,10,cd43fcebe8f5e6e6,1.222331,18.157115,1,14029,1,1,0,0,1,0,0,0,0,0,0,0,0,0
1693,10,338e1a6d9a9334b5,0.91921,17.134911,1,13885,1,1,0,0,0,0,0,0,0,0,0,0,0,1
1694,10,f71f04d2a5841727,1.734221,16.351663,1,13990,1,0,0,0,1,0,0,0,0,0,0,0,0,0
1695,10,dab4ff966e399802,1.302856,19.242082,1,13970,1,1,0,0,1,0,0,0,0,0,0,0,0,1
1696,10,339e340883d8ecaf,0.979766,17.950822,1,13955,1,1,0,0,1,0,0,0,0,0,0,0,0,0
1697,10,0f3eea50b2030a66,0.736062,20.0,1,13990,1,1,0,0,1,0,0,0,0,0,0,0,0,1
1698,10,157d3461e0a7f335,1.596629,18.83726,1,14000,2,1,0,0,0,0,0,0,0,0,0,0,0,1
1699,10,f1991b9aba19249f,2.243141,17.630573,1,14000,1,0,0,0,1,0,0,0,0,0,0,0,0,0
1700,10,f0cae4ef532c2023,1.686874,20.0,1,14065,1,1,0,0,1,0,0,0,0,0,0,0,0,1
1701,10,7630abeab872e6cf,1.267285,20.0,1,14034,1,1,0,0,1,0,0,0,0,0,0,0,0,1
1702,10,253c29c9cd31f14d,0.952064,16.638816,0,14066,1,1,0,0,0,0,0,0,0,0,0,0,0,0
1703,10,1bcd43f2b236da2a,1.760116,19.47363,1,13935,1,0,0,0,1,0,0,0,0,0,0,0,0,1
1704,10,07cd2395bea1fc0d,1.32231,18.108655,1,13855,1,1,0,0,1,0,0,0,0,0,0,0,0,0
1705,10,efe66ad00f7df50d,0.993402,20.0,1,13946,1,1,0,0,1,0,0,0,0,0,0,0,0,1
1706,10,1f35b63e79410329,1.789959,15.447495,0,13942,1,0,0,0,0,0,0,0,0,0,0,0,0,0
1707,10,a637ef64c585caf8,1.346075,18.57774,1,13998,1,1,0,0,1,0,0,0,0,0,0,0,0,1
1708,10,e1eb8ab23b264e7c,1.011256,17.435606,1,13876,1,1,0,0,1,0,0,0,0,0,0,0,0,0
1709,10,5dfbe5c41ee53492,1.803372,16.577564,1,13900,2,1,0,0,0,0,0,0,0,0,0,0,0,1
1710,10,782cb32d36d440f6,2.400312,19.427568,1,13914,1,0,0,0,1,0,0,0,0,0,0,0,0,1
1711,10,1e14345f3ff5d902,1.803265,20.0,1,13935,1,1,0,0,1,0,0,0,0,0,0,0,0,1
1712,10,60f6e05beacc7a2b,2.398379,16.191884,0,14237,1,0,0,0,0,0,0,0,0,0,0,0,0,0
1713,10,2e7ae0e1f687a135,1.801812,19.122046,1,13904,1,1,0,0,1,0,0,0,0,0,0,0,0,1
1714,10,73bbba7089e313a2,1.354988,20.0,1,14013,1,1,0,0,1,0,0,0,0,0,0,0,0,1
1715,10,2ede5f7a162c2503,2.061606,19.511581,1,14156,2,1,0,0,1,0,0,0,0,0,0,0,0,0
1716,10,52429a8eefa39544,2.592461,18.137166,1,13951,1,0,0,0,0,0,0,0,0,0,0,0,0,1
1717,10,de70778fddfafb55,1.949567,17.119909,1,13893,1,1,0,0,1,0,0,0,0,0,0,0,0,0
1718,10,21bb9e22f51d50f8,1.464637,19.819237,1,13994,1,1,0,0,1,0,0,0,0,0,0,0,0,1
1719,10,6989f4869eab7b85,1.100327,18.368296,1,13987,1,1,0,0,1,0,0,0,0,0,0,0,0,0
1720,10,38f0f067426d2fb1,1.870288,17.278259,1,14031,1,0,0,0,0,0,0,0,0,0,0,0,0,1
1721,10,2c2df23b60d1bdca,1.406483,16.473999,1,13778,1,1,0,0,1,0,0,0,0,0,0,0,0,0
1722,10,e04aa6a828d08473,1.056638,19.333988,1,13920,1,1,0,0,1,0,0,0,0,0,0,0,0,1
1723,10,9ce7781af19fcf90,1.837466,20.0,1,14011,2,1,0,0,1,0,0,0,0,0,0,0,0,1
1724,10,cb8db8ea883f6947,2.425951,19.635717,1,13912,1,0,0,0,0,0,0,0,0,0,0,0,0,1
1725,10,ef43ef57f181947f,1.822526,18.230425,1,14033,1,1,0,0,1,0,0,0,0,0,0,0,0,0
1726,10,d30b08a743e3c595,1.369196,20.0,1,13924,1,1,0,0,1,0,0,0,0,0,0,0,0,1
1727,10,da378c2f3ab45972,1.028626,18.995066,1,13886,1,1,0,0,1,0,0,0,0,0,0,0,0,0
1728,10,94c3b08afe3b7349,0.773541,17.765062,1,13983,1,1,0,0,0,0,0,0,0,0,0,0,0,1
1729,10,b05099a43a54ce54,2.668439,20.0,1,13898,2,0,0,0,1,0,0,0,0,0,0,0,0,1
1730,10,0a515e98151b1fa4,2.004699,20.0,1,13904,1,1,0,0,1,0,0,0,0,0,0,0,0,1
1731,10,3c9533ab6d2e591f,1.507562,20.0,1,13816,1,1,0,0,1,0,0,0,0,0,0,0,0,0
1732,10,1723431a3a02afad,1.132575,20.0,1,14098,1,1,0,0,1,0,0,0,0,0,0,0,0,1
1733,10,100a4dd53a413ce3,1.894515,20.0,1,14105,1,0,0,0,0,0,0,0,0,0,0,0,0,1
1734,10,d44f557a64f59e52,1.423278,18.577329,1,13993,1,1,0,0,1,0,0,0,0,0,0,0,0,0
1735,10,e6663264d2c74de5,2.114476,20.0,1,13843,2,1,0,0,1,0,0,0,0,0,0,0,0,1
1736,10,53c61a15ccbedce9,1.588527,20.0,1,14012,1,1,0,0,1,0,0,0,0,0,0,0,0,1
1737,10,909fc3f69f48e9f0,2.237054,20.0,1,13984,1,0,0,0,0,0,0,0,0,0,0,0,0,1
1738,10,608ce0b0e561a4f5,1.682297,18.911455,1,13784,1,1,0,0,1,0,0,0,0,0,0,0,0,0
1739,10,e3a26d23572d521d,1.263846,20.0,1,14087,1,1,0,0,1,0,0,0,0,0,0,0,0,1
1740,10,352a1f2a2bf0c7a3,0.949481,19.379437,1,13888,1,1,0,0,1,0,0,0,0,0,0,0,0,0
1741,10,26a0d2e79ccf56fd,1.756963,18.037891,1,13906,1,0,0,0,0,0,0,0,0,0,0,0,0,1
1742,10,47e7159641575cbb,1.321261,20.0,1,13927,1,1,0,0,1,0,0,0,0,0,0,0,0,1
1743,10,a4f7a2ef8cb2a040,2.036267,20.0,1,13972,2,1,0,0,1,0,0,0,0,0,0,0,0,1
1744,10,d024683043f8d7ce,1.529772,16.811695,0,14072,1,1,0,0,0,0,0,0,0,0,0,0,0,0
1745,10,cd70a9b16d6acf9a,2.19456,19.603638,1,13857,1,0,0,0,1,0,0,0,0,0,0,0,0,1
1746,10,b33362791ca12fa9,1.648691,18.206325,1,13927,1,1,0,0,1,0,0,0,0,0,0,0,0,0
1747,10,a76af4400a29db09,2.282253,20.0,1,14056,2,1,0,0,1,0,0,0,0,0,0,0,0,1
1748,10,e8ba00607b28d21f,2.758225,18.981464,1,14109,1,0,0,0,0,0,0,0,0,0,0,0,0,1
1749,10,5d24570ea1ca975c,2.074225,20.0,1,13896,1,1,0,0,1,0,0,0,0,0,0,0,0,1
1750,10,1c5849856934c0f3,1.558287,15.953313,0,14064,1,1,0,0,0,0,0,0,0,0,0,0,0,0
1751,10,e0396365f5b157e8,2.214336,18.942817,1,14133,1,0,0,0,1,0,0,0,0,0,0,0,0,1
1752,10,9f4f15fbff4bf2dd,1.665213,17.72577,1,14002,1,1,0,0,1,0,0,0,0,0,0,0,0,0
1753,10,50cb7adf74945a24,2.294665,20.0,1,13984,2,1,0,0,1,0,0,0,0,0,0,0,0,1
1754,10,bf2edf01d0f91f04,2.76755,18.710241,1,14094,1,0,0,0,0,0,0,0,0,0,0,0,0,1
1755,10,7cde15046967029c,2.079157,20.0,1,14063,1,1,0,0,1,0,0,0,0,0,0,0,0,1
1756,10,b5f9f3057458d1f8,1.563555,20.0,1,13929,1,1,0,0,1,0,0,0,0,0,0,0,0,1
1757,10,3b43f8a2dc00c981,2.218294,17.101612,0,13977,1,0,0,0,0,0,0,0,0,0,0,0,0,0
1758,10,9a55801b42f5bc65,2.710175,19.805491,1,13995,2,1,0,0,1,0,0,0,0,0,0,0,0,1
1759,10,572295d1c466d5df,3.082241,18.374513,1,13916,1,0,0,0,0,0,0,0,0,0,0,0,0,1
1760,10,ee2c1acb1bc13b79,2.315572,20.0,1,13947,1,1,0,0,1,0,0,0,0,0,0,0,0,1
1761,10,6666be57cd0f4ed8,2.783256,15.597544,0,13993,1,0,0,0,0,0,0,0,0,0,0,0,0,0
1762,10,210d4b2c89944bf4,2.090956,18.675541,1,14180,1,1,0,0,1,0,0,0,0,0,0,0,0,1
1763,10,03fea89c47214716,1.572429,17.524775,1,14007,1,1,0,0,1,0,0,0,0,0,0,0,0,0
1764,10,a4fdf7c969f151f3,2.22496,16.644553,1,14077,1,0,0,0,0,0,0,0,0,0,0,0,0,1
1765,10,7a638c661a3463f8,1.67153,19.462119,1,13795,1,1,0,0,1,0,0,0,0,0,0,0,0,1
1766,10,4d5efd8b5f7fa39d,1.257014,18.116293,1,13924,1,1,0,0,1,0,0,0,0,0,0,0,0,0
1767,10,07eb93251cc5b2e0,3.031654,17.088938,1,13836,2,0,0,0,0,0,0,0,0,0,0,0,0,1
1768,10,78b6109cbbf8144c,2.277569,19.795969,1,13948,1,1,0,0,1,0,0,0,0,0,0,0,0,1
1769,10,328345435f6f68b6,1.711052,20.0,1,14035,1,1,0,0,1,0,0,0,0,0,0,0,0,1
1770,10,60842fbba578f9f1,2.330886,16.416216,0,14284,1,0,0,0,0,0,0,0,0,0,0,0,0,0
1771,10,98ba46654e6ad8b6,1.751108,19.290579,1,14242,1,1,0,0,1,0,0,0,0,0,0,0,0,1
1772,10,ea2e51d75208e289,2.359195,14.49229,0,14260,1,0,0,0,0,0,0,0,0,0,0,0,0,0
1773,10,eefbf44f49039041,1.774148,17.859412,1,13985,1,1,0,0,1,0,0,0,0,0,0,0,0,1
1774,10,5df9a5a56e259522,1.332851,16.895953,1,13891,1,1,0,0,1,0,0,0,0,0,0,0,0,0
1775,10,d15d54ac71c5b13a,2.044975,16.172143,1,14217,1,0,0,0,0,0,0,0,0,0,0,0,0,1
1776,10,cec63487a9d58b58,1.536313,15.628371,1,13983,1,1,0,0,1,0,0,0,0,0,0,0,0,0
1777,10,9b97fec0f07f2c63,1.155329,15.233259,1,13775,1,1,0,0,0,0,0,0,0,0,0,0,0,1
1778,10,8c733360325e10cd,1.911609,18.401867,1,13979,1,0,0,0,1,0,0,0,0,0,0,0,0,1
1779,10,1d708f8ea0dc4084,2.479774,20.0,1,13808,2,1,0,0,1,0,0,0,0,0,0,0,0,1
1780,10,0c8f8439ec268d21,1.864825,15.628604,0,13889,0,0,0,0,0,0,0,0,0,0,0,0,0,0
1781,10,e981a25e147fa759,2.444627,18.698875,1,13955,2,1,0,0,1,0,0,0,0,0,0,0,0,1
1782,10,e7437d8ca69f5d17,0.792903,17.52661,1,13826,0,1,0,0,1,0,0,0,0,0,0,0,0,0
1783,10,5f898f1ae938a5c8,1.639332,20.0,1,13765,2,1,0,0,1,0,0,0,0,0,0,0,0,1
1784,10,147a7a4288092699,2.276952,15.134118,0,13898,1,0,0,0,0,0,0,0,0,0,0,0,0,0
1785,10,667cbb91d16091be,1.710589,18.327387,1,13895,1,1,0,0,1,0,0,0,0,0,0,0,0,1
1786,10,5c35a98638fcf184,1.285101,20.0,1,13876,1,1,0,0,1,0,0,0,0,0,0,0,0,1
1787,10,0bb5e8912cce6b4a,0.966414,15.586525,0,13754,1,1,0,0,0,0,0,0,0,0,0,0,0,0
1788,10,eb8ad50937779256,1.769684,18.667263,1,13883,1,0,0,0,1,0,0,0,0,0,0,0,0,1
1789,10,18f8051c31dc8b68,1.329498,17.502861,1,13833,1,1,0,0,1,0,0,0,0,0,0,0,0,0
1790,10,0aca18529ec07dc0,2.042455,20.0,1,13883,2,1,0,0,1,0,0,0,0,0,0,0,0,1
1791,10,5158bf147a878f37,1.535956,20.0,1,13807,1,1,0,0,1,0,0,0,0,0,0,0,0,1
1792,10,8f07cd6696d5620b,2.197559,20.0,1,13817,1,0,0,0,0,0,0,0,0,0,0,0,0,1
1793,10,b7b94a1d8b27f4fb,1.650944,18.555186,1,13810,1,1,0,0,1,0,0,0,0,0,0,0,0,0
1794,10,37f8e86b92240e5d,1.241534,20.0,1,13744,1,1,0,0,1,0,0,0,0,0,0,0,0,1
1795,10,ee261b203f602f15,1.976371,15.712483,0,13960,1,0,0,0,0,0,0,0,0,0,0,0,0,0
1796,10,7913cd79d0e31fd5,1.484774,18.76189,1,13927,1,1,0,0,1,0,0,0,0,0,0,0,0,1
1797,10,41623bcdac62294d,1.115455,17.573951,1,13926,1,1,0,0,1,0,0,0,0,0,0,0,0,0
1798,10,1873ef2e4653eaee,0.838838,20.0,1,13859,1,1,0,0,1,0,0,0,0,0,0,0,0,1
1799,10,d90579daf7ceb3f5,0.630188,18.636969,1,13839,1,1,0,0,1,0,0,0,0,0,0,0,0,0
1800,10,49b9c353415cb665,0.473436,17.480103,1,13989,1,1,0,0,0,0,0,0,0,0,0,0,0,1
1801,10,639bb22b306f53cd,2.444332,20.0,1,13823,2,0,0,0,1,0,0,0,0,0,0,0,0,1
1802,10,82e07f7f926831e9,1.836335,20.0,1,13657,1,1,0,0,1,0,0,0,0,0,0,0,0,1
1803,10,7ed125ad08c94102,1.37957,20.0,1,13826,1,1,0,0,1,0,0,0,0,0,0,0,0,0
1804,10,b237cdc38fdf250a,1.036419,20.0,1,13854,1,1,0,0,1,0,0,0,0,0,0,0,0,1
1805,10,447b1c35edd9d7cd,0.779402,20.0,1,13892,1,1,0,0,1,0,0,0,0,0,0,0,0,0
1806,10,f6c6426ba84ac254,0.585536,20.0,1,13858,1,1,0,0,1,0,0,0,0,0,0,0,0,1
1807,10,2316e09ae10089d0,0.439891,20.0,1,13892,1,1,0,0,1,0,0,0,0,0,0,0,0,0
1808,10,ee7abd26d63871e8,0.330804,20.0,1,13822,1,1,0,0,1,0,0,0,0,0,0,0,0,1
1809,10,338c5cdf55244901,2.335828,20.0,1,13923,2,0,0,0,0,0,0,0,0,0,0,0,0,1
1810,10,6e20a1fdbe282207,1.75482,18.517322,1,13772,1,1,0,0,1,0,0,0,0,0,0,0,0,0
1811,10,985baeee48988a72,1.318331,20.0,1,13300,1,1,0,0,1,0,0,0,0,0,0,0,0,1
1812,10,64dc1b3dcf022564,0.991403,20.0,1,13197,1,1,0,0,1,0,0,0,0,0,0,0,0,1
1813,10,3869bc2130df123e,1.788458,17.01973,0,13222,1,0,0,0,0,0,0,0,0,0,0,0,0,0
1814,10,6b20a2f41ddc1162,1.343601,19.743976,1,13372,1,1,0,0,1,0,0,0,0,0,0,0,0,1
1815,10,c57d555c97718765,1.010407,18.328253,1,13334,1,1,0,0,1,0,0,0,0,0,0,0,0,0
1816,10,8aff92d33132b8eb,0.759081,20.0,1,13335,1,1,0,0,1,0,0,0,0,0,0,0,0,1
1817,10,8324754547ab086a,1.613923,15.571436,0,13274,1,0,0,0,0,0,0,0,0,0,0,0,0,0
1818,10,8998b3258ac25d5a,1.21248,18.655927,1,13212,1,1,0,0,1,0,0,0,0,0,0,0,0,1
1819,10,22edcb08f69beed6,0.911802,20.0,1,13128,1,1,0,0,1,0,0,0,0,0,0,0,0,1
1820,10,2f8a2bd02dba0042,0.685003,15.769398,0,13314,1,1,0,0,0,0,0,0,0,0,0,0,0,0
1821,10,7fb6544b6a8fada7,1.55827,18.804648,1,13047,1,0,0,0,1,0,0,0,0,0,0,0,0,1
1822,10,408b8bae439b7f05,1.171842,17.621865,1,12806,1,1,0,0,1,0,0,0,0,0,0,0,0,0
1823,10,ab9b2d0610ff5a0c,1.924014,20.0,1,12556,2,1,0,0,1,0,0,0,0,0,0,0,0,1
1824,10,57386fa5700089f1,1.44544,20.0,1,12730,1,1,0,0,1,0,0,0,0,0,0,0,0,1
1825,10,6670b9f466aee1ea,1.085905,20.0,1,12725,1,1,0,0,1,0,0,0,0,0,0,0,0,1
1826,10,c0c8dfb4590ac9be,0.816616,17.7351,0,12571,1,1,0,0,0,0,0,0,0,0,0,0,0,0
1827,10,ff258a706d865047,1.657146,20.0,1,12647,1,0,0,0,1,0,0,0,0,0,0,0,0,1
1828,10,aaa44f2469d5c244,1.244952,18.715507,1,12798,1,1,0,0,1,0,0,0,0,0,0,0,0,0
1829,10,a943c7922868043b,0.936222,20.0,1,12755,1,1,0,0,1,0,0,0,0,0,0,0,0,1
1830,10,1953d5c4207445d4,1.747002,15.803058,0,13412,1,0,0,0,0,0,0,0,0,0,0,0,0,0
1831,10,a6c6b8d0f9b42770,1.312457,18.829936,1,13561,1,1,0,0,1,0,0,0,0,0,0,0,0,1
1832,10,f9165b38943fbf57,0.986,17.625072,1,14067,1,1,0,0,1,0,0,0,0,0,0,0,0,0
1833,10,779e32fec11bc36d,0.741486,20.0,1,14986,1,1,0,0,1,0,0,0,0,0,0,0,0,1
1834,10,a0707afebc29bf54,1.600704,15.187005,0,14849,1,0,0,0,0,0,0,0,0,0,0,0,0,0
1835,10,1820cfc64f9094b0,2.246203,18.367119,1,16344,2,1,0,0,1,0,0,0,0,0,0,0,0,1
1836,10,b1929f9c26f2edf1,1.689176,20.0,1,16273,1,1,0,0,1,0,0,0,0,0,0,0,0,1
1837,10,a79ee86220ef835e,2.312668,19.085077,1,15770,1,0,0,0,0,0,0,0,0,0,0,0,0,1
1838,10,7a2c4a97d62bfccc,2.781075,20.0,1,15686,2,1,0,0,1,0,0,0,0,0,0,0,0,1
1839,10,8f94eadc2721b657,2.089317,19.477428,1,15406,1,1,0,0,1,0,0,0,0,0,0,0,0,0
1840,10,5f8b6802de3200b2,2.615347,18.127805,1,15194,1,0,0,0,0,0,0,0,0,0,0,0,0,1
1841,10,e2ee8d2ed82ba750,1.964812,17.097587,1,16029,1,1,0,0,1,0,0,0,0,0,0,0,0,0
1842,10,2f25056b6e65c05c,2.519743,19.802467,1,15856,2,1,0,0,1,0,0,0,0,0,0,0,0,1
1843,10,43b483eea7a12a25,1.894883,18.372239,1,15552,1,1,0,0,0,0,0,0,0,0,0,0,0,1
1844,10,dc603e77f788ec0f,2.467208,20.0,1,15593,1,0,0,0,1,0,0,0,0,0,0,0,0,1
1845,10,a3f0e08b1a1781eb,2.897175,20.0,1,15317,2,1,0,0,1,0,0,0,0,0,0,0,0,1
1846,10,d2006de506700da8,2.176539,20.0,1,15334,1,1,0,0,1,0,0,0,0,0,0,0,0,1
1847,10,96a7c9c7226b90a9,1.636788,17.974365,0,13987,1,1,0,0,0,0,0,0,0,0,0,0,0,0
1848,10,bc4caa397e3f449b,2.273311,20.0,1,13211,1,0,0,0,1,0,0,0,0,0,0,0,0,1
1849,10,a11190439f8dade4,1.707854,18.850548,1,13326,1,1,0,0,1,0,0,0,0,0,0,0,0,0
1850,10,d0e8f76deb7682be,1.28433,20.0,1,13338,1,1,0,0,1,0,0,0,0,0,0,0,0,1
1851,10,7a13de6a86efd7e2,2.008523,15.879351,0,13349,1,0,0,0,0,0,0,0,0,0,0,0,0,0
1852,10,c715ce083d9887ff,1.508928,18.887252,1,13397,1,1,0,0,1,0,0,0,0,0,0,0,0,1
1853,10,9d7be728db82f7ef,2.177255,14.189286,0,13390,1,0,0,0,0,0,0,0,0,0,0,0,0,0
1854,10,1e97c0f7f6def2a0,2.681477,17.631549,1,13322,2,1,0,0,1,0,0,0,0,0,0,0,0,1
1855,10,53b7d15b85140aae,2.014493,16.724768,1,13336,1,1,0,0,0,0,0,0,0,0,0,0,0,1
1856,10,bc2034ef19334ab9,2.557067,19.522382,1,13102,1,0,0,0,1,0,0,0,0,0,0,0,0,1
1857,10,715f7b8f44a8597f,1.922951,14.68111,0,13226,1,1,0,0,0,0,0,0,0,0,0,0,0,0
1858,10,f07d11f069918ae2,2.488294,17.987058,1,13285,1,0,0,0,1,0,0,0,0,0,0,0,0,1
1859,10,ec168b8c81012a4f,1.869363,16.991849,1,13055,1,1,0,0,1,0,0,0,0,0,0,0,0,0
1860,10,97db82715d08cbb7,2.448036,16.244185,1,13155,1,0,0,0,0,0,0,0,0,0,0,0,0,1
1861,10,603862a7addf0b41,1.840958,15.696361,1,13015,1,1,0,0,1,0,0,0,0,0,0,0,0,0
1862,10,ce1b005d72e18c52,2.426696,15.270933,1,13059,1,0,0,0,0,0,0,0,0,0,0,0,0,1
1863,10,f8f6056c3cedf7e1,1.823086,14.951326,1,13172,1,1,0,0,1,0,0,0,0,0,0,0,0,0
1864,10,f737459a9c7382ec,1.370987,14.724112,1,13014,1,1,0,0,0,0,0,0,0,0,0,0,0,1
1865,10,75559a32d8c031cc,2.073624,18.019364,1,13133,1,0,0,0,1,0,0,0,0,0,0,0,0,1
1866,10,65cc86e5cf90643a,1.557836,17.016119,1,13099,1,1,0,0,1,0,0,0,0,0,0,0,0,0
1867,10,dad019c60b8bed01,2.213998,16.262419,1,12871,1,0,0,0,0,0,0,0,0,0,0,0,0,1
1868,10,90aaf687ed021db4,1.664958,15.710072,1,12912,1,1,0,0,1,0,0,0,0,0,0,0,0,0
1869,10,9728e54db1452e2d,1.250821,11.80239,0,12915,0,0,0,0,0,0,0,0,0,0,0,0,0,0
1870,10,fa9f3fbead877ee0,0.939695,15.824383,1,13079,1,1,0,0,1,0,0,0,0,0,0,0,0,1
1871,10,a7f27cd681ddecdc,0.706664,15.380664,1,12898,1,1,0,0,1,0,0,0,0,0,0,0,0,0
1872,10,9dedc777a493105f,1.574543,15.033762,1,13152,1,0,0,0,0,0,0,0,0,0,0,0,0,1
1873,10,b3eff97d403f970b,1.182896,14.773148,1,12960,1,1,0,0,1,0,0,0,0,0,0,0,0,0
1874,10,2c0a7227f731e6cd,0.888665,18.056203,1,13018,1,1,0,0,1,0,0,0,0,0,0,0,0,1
1875,10,14d0d43f72dffca0,0.668289,17.059024,1,13231,1,1,0,0,1,0,0,0,0,0,0,0,0,0
1876,10,7453a6cea13d87ef,2.589367,16.294651,1,12940,2,0,0,0,0,0,0,0,0,0,0,0,0,1
1877,10,37bdfc7dd16ac7ec,1.945295,19.199251,1,13180,1,1,0,0,1,0,0,0,0,0,0,0,0,1
1878,10,9172c42294538880,1.462889,17.918612,1,13131,1,1,0,0,1,0,0,0,0,0,0,0,0,0
1879,10,abd48e3889b09177,2.142667,16.940428,1,13499,1,0,0,0,0,0,0,0,0,0,0,0,0,1
1880,10,88e036c970be79ff,1.609706,16.205555,1,13238,1,1,0,0,1,0,0,0,0,0,0,0,0,0
1881,10,c1ca359e4b9d97ba,1.209312,19.132317,1,13405,1,1,0,0,1,0,0,0,0,0,0,0,0,1
1882,10,5ee6a1e2c51f9859,1.95357,17.868277,1,13269,1,0,0,0,0,0,0,0,0,0,0,0,0,1
1883,10,7ab7cdda5c3ea225,1.467644,16.902613,1,13349,1,1,0,0,1,0,0,0,0,0,0,0,0,0
1884,10,9c655571a120862d,1.102586,19.65599,1,13170,1,1,0,0,1,0,0,0,0,0,0,0,0,1
1885,10,93ac4dd807aac88d,0.829161,18.262086,1,13396,1,1,0,0,0,0,0,0,0,0,0,0,0,1
1886,10,eb5f1ee2a4ef9236,1.666571,17.198467,1,13401,1,0,0,0,1,0,0,0,0,0,0,0,0,0
1887,10,226dc20cff35b4a5,1.252032,19.878255,1,13307,1,1,0,0,1,0,0,0,0,0,0,0,0,1
1888,10,9150a6195776a24d,0.940605,18.412634,1,13478,1,1,0,0,1,0,0,0,0,0,0,0,0,0
1889,10,eed6424bf14ecf46,1.751499,17.327065,1,13451,1,0,0,0,0,0,0,0,0,0,0,0,0,1
1890,11,1fd48474a6be9a50,2.359489,19.974865,1,13865,2,1,0,0,1,0,0,0,0,0,0,0,0,1
1891,11,530e0ea8d92a6d51,1.772596,20.0,1,13989,1,1,0,0,1,0,0,0,0,0,0,0,0,1
1892,11,9d91a06f605c6d81,2.377168,16.517285,0,14112,1,0,0,0,0,0,0,0,0,0,0,0,0,0
1893,11,1bedfd585b1aa4b9,1.785877,19.366508,1,14224,1,1,0,0,1,0,0,0,0,0,0,0,0,1
1894,11,26a9669cba5af3ef,1.341663,18.028178,1,14182,1,1,0,0,1,0,0,0,0,0,0,0,0,0
1895,11,4f55c5e4b2d3c044,2.051595,17.022741,1,14347,1,0,0,0,0,0,0,0,0,0,0,0,0,1
1896,11,429a6cfc04b09590,1.542828,16.281845,1,14068,1,1,0,0,1,0,0,0,0,0,0,0,0,0
1897,11,bfd1095e82cc3b3f,1.159069,19.189631,1,14120,1,1,0,0,1,0,0,0,0,0,0,0,0,1
1898,11,e8a24dfe484cb614,0.870765,17.895297,1,14067,1,1,0,0,1,0,0,0,0,0,0,0,0,0
1899,11,a8eb40163c807ab7,0.654828,20.0,1,13854,1,1,0,0,1,0,0,0,0,0,0,0,0,1
1900,11,b734eb68cadec0ba,0.491948,15.339672,0,13855,1,1,0,0,0,0,0,0,0,0,0,0,0,0
1901,11,03ed9d518f369873,1.413235,18.481811,1,14093,1,0,0,0,1,0,0,0,0,0,0,0,0,1
1902,11,cd43fcebe8f5e6e6,1.061711,17.363538,1,13967,1,1,0,0,1,0,0,0,0,0,0,0,0,0
1903,11,338e1a6d9a9334b5,0.798422,20.0,1,14067,1,1,0,0,1,0,0,0,0,0,0,0,0,1
1904,11,f71f04d2a5841727,1.643478,15.03925,0,13967,1,0,0,0,0,0,0,0,0,0,0,0,0,0
1905,11,dab4ff966e399802,2.278337,18.256115,1,14072,2,1,0,0,1,0,0,0,0,0,0,0,0,1
1906,11,339e340883d8ecaf,1.713342,20.0,1,14097,1,1,0,0,1,0,0,0,0,0,0,0,0,1
1907,11,0f3eea50b2030a66,1.28717,19.022365,1,13956,1,1,0,0,1,0,0,0,0,0,0,0,0,0
1908,11,157d3461e0a7f335,2.010656,17.769636,1,13829,1,0,0,0,0,0,0,0,0,0,0,0,0,1
1909,11,f1991b9aba19249f,1.51053,16.828508,1,14148,1,1,0,0,1,0,0,0,0,0,0,0,0,0
1910,11,f0cae4ef532c2023,1.13594,19.616281,1,13872,1,1,0,0,1,0,0,0,0,0,0,0,0,1
1911,11,3dc875a761d5c5ef,0.85339,20.0,1,14015,1,1,0,0,1,0,0,0,0,0,0,0,0,1
1912,11,e90cc852e180b7a9,1.684773,16.298393,0,14097,1,0,0,0,0,0,0,0,0,0,0,0,0,0
1913,11,0843c071791750a4,1.266973,19.217627,1,13959,1,1,0,0,1,0,0,0,0,0,0,0,0,1
1914,11,e7652621d19bb2aa,0.95183,17.916329,1,13957,1,1,0,0,1,0,0,0,0,0,0,0,0,0
1915,11,83403ab2ce2e5edc,1.758727,16.938713,1,13915,1,0,0,0,0,0,0,0,0,0,0,0,0,1
1916,11,31f44b91b5854a60,1.321266,16.204266,1,13861,1,1,0,0,1,0,0,0,0,0,0,0,0,0
1917,11,9eeb382b0724ec5e,0.993611,19.146843,1,14012,1,1,0,0,1,0,0,0,0,0,0,0,0,1
1918,11,8cf44fb6a5bc2678,1.790116,20.0,1,13893,2,1,0,0,1,0,0,0,0,0,0,0,0,1
1919,11,26302fd6db433208,2.388501,16.033444,0,13972,1,0,0,0,0,0,0,0,0,0,0,0,0,0
1920,11,212d5aa4658ea2f7,1.796187,19.018382,1,13982,1,1,0,0,1,0,0,0,0,0,0,0,0,1
1921,11,37a5a18fb6caef37,1.349408,17.766644,1,13989,1,1,0,0,1,0,0,0,0,0,0,0,0,0
1922,11,79c0b206a03c3fd7,2.057413,16.82626,1,14182,1,0,0,0,0,0,0,0,0,0,0,0,0,1
1923,11,c2376b0af88b997c,1.545657,16.119784,1,13972,1,1,0,0,1,0,0,0,0,0,0,0,0,0
1924,11,6484211bcaa3988b,1.162356,19.083311,1,14020,1,1,0,0,1,0,0,0,0,0,0,0,0,1
1925,11,bb6c2f7a25964c84,0.873235,17.815423,1,14008,1,1,0,0,0,0,0,0,0,0,0,0,0,1
1926,11,66b1f64089a6f384,2.743335,20.0,1,13925,2,0,0,0,1,0,0,0,0,0,0,0,0,1
1927,11,ea8c132e457af786,2.063027,18.777788,1,13863,1,1,0,0,1,0,0,0,0,0,0,0,0,0
1928,11,052f36be903b4c06,1.549875,20.0,1,14068,1,1,0,0,1,0,0,0,0,0,0,0,0,1
1929,11,8e82ec90f90651e7,1.164363,19.303995,1,14051,1,1,0,0,0,0,0,0,0,0,0,0,0,1
1930,11,4f7951c9fb9652a2,1.918396,20.0,1,13999,1,0,0,0,1,0,0,0,0,0,0,0,0,1
1931,11,f016206e344ce587,1.442661,19.618772,1,13980,1,1,0,0,1,0,0,0,0,0,0,0,0,0
1932,11,5ba81e783bc90e5a,1.083817,20.0,1,14117,1,1,0,0,1,0,0,0,0,0,0,0,0,1
1933,11,9d8db8f22ff60f9d,1.857885,20.0,1,13840,2,1,0,0,1,0,0,0,0,0,0,0,0,1
1934,11,44ad3895b244c363,1.397156,20.0,1,13902,1,1,0,0,1,0,0,0,0,0,0,0,0,1
1935,11,cc16e3530e32ee8b,1.049631,20.0,1,13882,1,1,0,0,1,0,0,0,0,0,0,0,0,0
1936,11,95452af7553c0133,1.832202,19.892386,1,13863,1,0,0,0,0,0,0,0,0,0,0,0,0,1
1937,11,2e6d374222f73db6,1.376465,18.42325,1,13883,1,1,0,0,1,0,0,0,0,0,0,0,0,0
1938,11,608bf612bfc52405,1.035121,20.0,1,13839,1,1,0,0,1,0,0,0,0,0,0,0,0,1
1939,11,758d8a2ae1333514,1.821301,20.0,1,14087,2,1,0,0,1,0,0,0,0,0,0,0,0,1
1940,11,bb57d5d6b5031988,2.411929,16.975255,0,13839,1,0,0,0,0,0,0,0,0,0,0,0,0,0
1941,11,40a994be4c9833b6,1.813805,19.726637,1,14053,1,1,0,0,1,0,0,0,0,0,0,0,0,1
1942,11,7a87c9864933bd97,1.362644,20.0,1,13844,1,1,0,0,1,0,0,0,0,0,0,0,0,1
1943,11,b17ee36b57063304,1.023703,19.839522,1,13997,1,1,0,0,1,0,0,0,0,0,0,0,0,0
1944,11,d16904caca12bdc5,0.76907,20.0,1,13968,1,1,0,0,1,0,0,0,0,0,0,0,0,1
1945,11,405feb5ad846f68c,0.578352,19.921323,1,13883,1,1,0,0,0,0,0,0,0,0,0,0,0,1
1946,11,4bf3619e34d0ac81,2.521801,20.0,1,13986,2,0,0,0,1,0,0,0,0,0,0,0,0,1
1947,11,14a07418a65d7f77,1.894535,20.0,1,13936,1,1,0,0,1,0,0,0,0,0,0,0,0,1
1948,11,0e3b20ca4800dc75,1.424717,20.0,1,13809,1,1,0,0,1,0,0,0,0,0,0,0,0,0
1949,11,bf7d0e1a502257a1,2.11399,19.329642,1,13884,1,0,0,0,0,0,0,0,0,0,0,0,0,1
1950,11,70f957e877d800be,2.631815,20.0,1,13947,2,1,0,0,1,0,0,0,0,0,0,0,0,1
1951,11,8712803a110e88db,1.977184,20.0,1,13904,1,1,0,0,1,0,0,0,0,0,0,0,0,1
1952,11,7a520e3e28d57b33,1.486871,20.0,1,13971,1,1,0,0,1,0,0,0,0,0,0,0,0,0
1953,11,50be05e6fbc0a419,2.160684,19.140978,1,13831,1,0,0,0,0,0,0,0,0,0,0,0,0,1
1954,11,4fe12e4458e29e5f,2.666894,20.0,1,13825,2,1,0,0,1,0,0,0,0,0,0,0,0,1
1955,11,d29f43d0f75613e6,2.005543,19.526674,1,13747,1,1,0,0,1,0,0,0,0,0,0,0,0,0
1956,11,852e6924b6fdd9fe,1.506689,20.0,1,13911,1,1,0,0,1,0,0,0,0,0,0,0,0,1
1957,11,39e5294c4fff933b,2.175573,16.247819,0,13521,1,0,0,0,0,0,0,0,0,0,0,0,0,0
1958,11,bb0a823fea513c20,2.67808,19.164068,1,13857,2,1,0,0,1,0,0,0,0,0,0,0,0,1
1959,11,6195266281aa8e1f,2.013954,20.0,1,13912,1,1,0,0,1,0,0,0,0,0,0,0,0,1
1960,11,d64483c707d268bd,1.513008,19.535322,1,13907,1,1,0,0,0,0,0,0,0,0,0,0,0,1
1961,11,dbb93a0338025b46,2.18032,20.0,1,13936,1,0,0,0,1,0,0,0,0,0,0,0,0,1
1962,11,a3f36def327c8cf8,1.639632,19.749462,1,13813,1,1,0,0,1,0,0,0,0,0,0,0,0,0
1963,11,ed50bc2c25dca899,1.231794,20.0,1,13940,1,1,0,0,1,0,0,0,0,0,0,0,0,1
1964,11,dfc69e6d229c78cb,3.012708,19.852404,1,13921,2,0,0,0,0,0,0,0,0,0,0,0,0,1
1965,11,3bdfaf5cb39e3e91,2.263335,20.0,1,14044,1,1,0,0,1,0,0,0,0,0,0,0,0,1
1966,11,77e1ae7b7fc60099,2.74621,16.4481,0,13898,1,0,0,0,0,0,0,0,0,0,0,0,0,0
1967,11,7509e39a735d586d,2.063125,19.314531,1,13785,1,1,0,0,1,0,0,0,0,0,0,0,0,1
1968,11,cdb5d6908db19639,1.549949,14.510285,0,14047,1,1,0,0,0,0,0,0,0,0,0,0,0,0
1969,11,de9d6b346cf6c702,2.209734,17.872945,1,13848,1,0,0,0,1,0,0,0,0,0,0,0,0,1
1970,11,450ee3754dcc66be,1.660091,20.0,1,13945,1,1,0,0,1,0,0,0,0,0,0,0,0,1
1971,11,7fb7c51477e59c6f,1.247164,18.793306,1,13911,1,1,0,0,1,0,0,0,0,0,0,0,0,0
1972,11,89e90233881411bd,1.980601,17.597553,1,13932,1,0,0,0,0,0,0,0,0,0,0,0,0,1
1973,11,1c34042e65e9d952,2.533591,20.0,1,13779,2,1,0,0,1,0,0,0,0,0,0,0,0,1
1974,11,090d669b8eb48b47,1.903392,15.171459,0,14082,1,1,0,0,0,0,0,0,0,0,0,0,0,0
1975,11,aa46e1386cbcb2d8,2.473601,18.355439,1,13830,1,0,0,0,1,0,0,0,0,0,0,0,0,1
1976,11,a703dcbfe43c9094,1.860183,20.0,1,13861,1,1,0,0,1,0,0,0,0,0,0,0,0,1
1977,11,e9893cd0331a68f6,2.441139,15.599634,0,13821,1,0,0,0,0,0,0,0,0,0,0,0,0,0
1978,11,99d7e6e7e965e1df,1.833937,18.677111,1,13731,1,1,0,0,1,0,0,0,0,0,0,0,0,1
1979,11,de8aeae70ef568fe,3.465075,17.51026,1,13696,2,0,0,0,0,0,0,0,0,0,0,0,0,1
1980,11,b5c2e13c314156a5,2.605786,16.648467,1,13431,1,1,0,0,1,0,0,0,0,0,0,0,0,0
1981,11,f3a1deef1eed2a32,1.957629,19.46506,1,13479,1,1,0,0,1,0,0,0,0,0,0,0,0,1
1982,11,01bd8ccda4b5a87f,2.514347,14.623372,0,13611,1,0,0,0,0,0,0,0,0,0,0,0,0,0
1983,11,b0118edd2f2e2ec7,1.890825,17.957987,1,13886,1,1,0,0,1,0,0,0,0,0,0,0,0,1
1984,11,749d8db69b1c0c70,1.420506,16.970009,1,13987,1,1,0,0,1,0,0,0,0,0,0,0,0,0
1985,11,9ffd20adc9353801,2.110826,16.227778,1,13972,1,0,0,0,0,0,0,0,0,0,0,0,0,1
1986,11,ca30993af21f52b3,1.585785,19.149012,1,13772,1,1,0,0,1,0,0,0,0,0,0,0,0,1
1987,11,d6872e0f89eb2d37,1.192533,17.880832,1,13768,1,1,0,0,1,0,0,0,0,0,0,0,0,0
1988,11,36772866a3603432,1.939559,16.912045,1,13734,1,0,0,0,0,0,0,0,0,0,0,0,0,1
1989,11,bd0bc4661a6ec162,1.457118,16.184232,1,13809,1,1,0,0,1,0,0,0,0,0,0,0,0,0
1990,11,9469ffba31218deb,1.095773,19.131776,1,13659,1,1,0,0,1,0,0,0,0,0,0,0,0,1
1991,11,c7d8eebce0caa6a9,0.823214,17.851833,1,13806,1,1,0,0,1,0,0,0,0,0,0,0,0,0
1992,11,60de7c638987cfc4,1.662103,16.890259,1,13799,1,0,0,0,0,0,0,0,0,0,0,0,0,1
1993,11,bb5eb43a9d16e24f,1.248676,16.167865,1,13753,1,1,0,0,1,0,0,0,0,0,0,0,0,0
1994,11,60ee1f77e2920155,0.939022,19.119468,1,13869,1,1,0,0,1,0,0,0,0,0,0,0,0,1
1995,11,87c333d4b216c8e0,0.705452,17.842586,1,13716,1,1,0,0,0,0,0,0,0,0,0,0,0,1
1996,11,5e079b8d97b60e1e,1.573633,16.883313,1,13630,1,0,0,0,1,0,0,0,0,0,0,0,0,0
1997,11,76a4cfd026339cdd,1.183395,19.657495,1,13625,1,1,0,0,1,0,0,0,0,0,0,0,0,1
1998,11,33e0c0fe625a5409,0.88904,20.0,1,13753,1,1,0,0,1,0,0,0,0,0,0,0,0,1
1999,11,0ce08f8f0de6d99c,0.667903,19.800498,1,13728,1,1,0,0,1,0,0,0,0,0,0,0,0,0
2000,11,902b52f9870e04e5,2.589077,18.354219,1,13871,2,0,0,0,0,0,0,0,0,0,0,0,0,1
2001,11,a5403904baca4e07,1.947023,20.0,1,13590,1,1,0,0,1,0,0,0,0,0,0,0,0,1
2002,11,51b85b00b8c4e556,1.462725,20.0,1,13889,1,1,0,0,1,0,0,0,0,0,0,0,0,1
2003,11,107a7c39312ff4cd,2.142544,16.945956,0,13851,1,0,0,0,0,0,0,0,0,0,0,0,0,0
2004,11,4eef428587a04c35,1.611224,19.704604,1,13671,1,1,0,0,1,0,0,0,0,0,0,0,0,1
2005,11,0026b6df710aab87,1.210452,18.282177,1,13805,1,1,0,0,1,0,0,0,0,0,0,0,0,0
2006,11,39a19a87466faf37,0.909368,17.21356,1,13523,1,1,0,0,0,0,0,0,0,0,0,0,0,1
2007,11,f4100f58dc85ee81,1.726827,16.410749,1,13607,1,0,0,0,1,0,0,0,0,0,0,0,0,0
2008,11,d2de8aad0abb02f3,1.298599,19.30212,1,13725,1,1,0,0,1,0,0,0,0,0,0,0,0,1
2009,11,338158322e3b8108,2.019242,14.500962,0,13565,1,0,0,0,0,0,0,0,0,0,0,0,0,0
2010,11,a8dba758fda8029d,1.516981,17.851719,1,13643,1,1,0,0,1,0,0,0,0,0,0,0,0,1
2011,11,5c2fa7fdf12aceed,1.140791,16.905249,1,13672,1,1,0,0,1,0,0,0,0,0,0,0,0,0
2012,11,edf4bedf46764e28,1.900687,19.657971,1,13742,2,1,0,0,1,0,0,0,0,0,0,0,0,1
2013,11,827f8d74cb983c49,1.427915,20.0,1,13656,1,1,0,0,1,0,0,0,0,0,0,0,0,1
2014,11,bcdfffb3fe43af91,2.116393,16.321922,0,13768,1,0,0,0,0,0,0,0,0,0,0,0,0,0
2015,11,77d746a3c57cb485,1.591557,19.235322,1,13604,1,1,0,0,1,0,0,0,0,0,0,0,0,1
2016,11,6b3879a62b3f40b8,1.195678,14.450778,0,14877,1,1,0,0,0,0,0,0,0,0,0,0,0,0
2017,11,e883875b743cdffb,1.941921,17.814018,1,14725,1,0,0,0,1,0,0,0,0,0,0,0,0,1
2018,11,11bdd60f78ce5763,1.460352,20.0,1,14672,1,1,0,0,1,0,0,0,0,0,0,0,0,1
2019,11,21f121f02a739dca,1.097108,18.772597,1,14470,1,1,0,0,1,0,0,0,0,0,0,0,0,0
2020,11,7c931c8a7ecf1804,2.911523,17.581995,1,14406,2,0,0,0,0,0,0,0,0,0,0,0,0,1
2021,11,06c03662777a8a8a,2.187318,20.0,1,15509,1,1,0,0,1,0,0,0,0,0,0,0,0,1
2022,11,00d3e70d575c1cc8,1.644895,20.0,1,15446,1,1,0,0,1,0,0,0,0,0,0,0,0,1
2023,11,a97e2dc923884b5c,2.279401,20.0,1,15486,2,1,0,0,0,0,0,0,0,0,0,0,0,1
2024,11,1ff6e02adfcb271f,2.756082,20.0,1,15474,1,0,0,0,1,0,0,0,0,0,0,0,0,1
2025,11,7a7a5388b9e1339f,2.072613,20.0,1,15386,1,1,0,0,1,0,0,0,0,0,0,0,0,0
2026,11,2bd8158f7001cf94,2.60073,20.0,1,15324,2,1,0,0,1,0,0,0,0,0,0,0,0,1
2027,11,119c6557b567d0d3,1.953831,20.0,1,15629,1,1,0,0,1,0,0,0,0,0,0,0,0,1
2028,11,60f53b043f0c969a,3.555147,20.0,1,15746,2,0,0,0,0,0,0,0,0,0,0,0,0,1
2029,11,b14412ce9c3c380e,2.673521,19.379879,1,15559,1,1,0,0,1,0,0,0,0,0,0,0,0,0
2030,11,1045370e9a364a0b,2.008517,20.0,1,15691,1,1,0,0,1,0,0,0,0,0,0,0,0,1
2031,11,54086a9ffbc47c99,2.552577,20.0,1,15568,2,1,0,0,1,0,0,0,0,0,0,0,0,1
2032,11,ee74c7cb445bf718,1.919574,20.0,1,15647,1,1,0,0,1,0,0,0,0,0,0,0,0,1
2033,11,c4369b3d231a8a21,2.485758,20.0,1,14119,2,1,0,0,0,0,0,0,0,0,0,0,0,1
2034,11,dafe06c768657ba9,2.91111,20.0,1,13265,1,0,0,0,1,0,0,0,0,0,0,0,0,1
2035,11,787094a570406405,2.187008,20.0,1,13371,1,1,0,0,1,0,0,0,0,0,0,0,0,1
2036,11,dbe7aa482146fb15,1.644661,20.0,1,13439,1,1,0,0,1,0,0,0,0,0,0,0,0,0
2037,11,4c070e3fedb570ba,3.322879,19.919676,1,13475,2,0,0,0,0,0,0,0,0,0,0,0,0,1
2038,11,ef1139ebb7f9d84c,2.496355,20.0,1,13538,1,1,0,0,1,0,0,0,0,0,0,0,0,1
2039,11,f746b493787f8a3f,1.877295,20.0,1,13584,1,1,0,0,1,0,0,0,0,0,0,0,0,1
2040,11,a71581b1771f4af3,2.453995,17.614936,0,13759,1,0,0,0,0,0,0,0,0,0,0,0,0,0
2041,11,16ed345d52e0ecbb,1.843594,20.0,1,13787,1,1,0,0,1,0,0,0,0,0,0,0,0,1
2042,11,58be4a86983d1e51,1.385024,20.0,1,14001,1,1,0,0,1,0,0,0,0,0,0,0,0,1
2043,11,befb2691adff752a,2.085708,16.639467,0,14836,1,0,0,0,0,0,0,0,0,0,0,0,0,0
2044,11,fbbd69a82364ea51,1.566914,19.458299,1,14820,1,1,0,0,1,0,0,0,0,0,0,0,0,1
2045,11,914dc062cb5f30f4,1.177164,18.097137,1,16383,1,1,0,0,1,0,0,0,0,0,0,0,0,0
2046,11,da412f040fb815de,1.929395,20.0,1,16675,2,1,0,0,1,0,0,0,0,0,0,0,0,1
2047,11,040c87c9bb351b86,2.493136,18.932548,1,16580,1,0,0,0,0,0,0,0,0,0,0,0,0,1
2048,11,baa0a51dbfb35e10,2.916653,20.0,1,16818,2,1,0,0,1,0,0,0,0,0,0,0,0,1
2049,11,33da2dbe4819cf4a,2.191172,20.0,1,16793,1,1,0,0,1,0,0,0,0,0,0,0,0,1
2050,11,5dc98b0dc635d04e,3.736094,20.0,1,16662,2,0,0,0,0,0,0,0,0,0,0,0,0,1
2051,11,f2e252402c3851af,2.806788,19.01436,1,17061,1,1,0,0,1,0,0,0,0,0,0,0,0,0
2052,11,36e9d6aa6d837ef9,2.108635,20.0,1,16846,1,1,0,0,1,0,0,0,0,0,0,0,0,1
2053,11,8f967b6ca3488b4d,3.674024,19.45514,1,16828,2,0,0,0,0,0,0,0,0,0,0,0,0,1
2054,11,e5c13195d7b4a50c,2.760157,20.0,1,17049,1,1,0,0,1,0,0,0,0,0,0,0,0,1
2055,11,c84f9429392f3c36,2.073603,19.68629,1,16617,1,1,0,0,1,0,0,0,0,0,0,0,0,0
2056,11,12f94bae65ca7288,2.601474,20.0,1,16731,2,1,0,0,1,0,0,0,0,0,0,0,0,1
2057,11,0af5416e230828ed,3.000496,19.834753,1,14612,1,0,0,0,0,0,0,0,0,0,0,0,0,1
2058,11,219007d8eace7291,2.25416,20.0,1,13062,1,1,0,0,1,0,0,0,0,0,0,0,0,1
2059,11,41d01bf676ff6f6e,1.693466,20.0,1,13306,1,1,0,0,1,0,0,0,0,0,0,0,0,1
2060,11,31524e107587d129,2.317661,17.581632,0,13181,1,0,0,0,0,0,0,0,0,0,0,0,0,0
2061,11,f9868fd7d8f84a5c,1.741172,20.0,1,13231,1,1,0,0,1,0,0,0,0,0,0,0,0,1
2062,11,339143e749733910,1.308078,18.628891,1,13343,1,1,0,0,1,0,0,0,0,0,0,0,0,0
2063,11,0a8711fd3c06f17b,2.026363,17.474034,1,13366,1,0,0,0,0,0,0,0,0,0,0,0,0,1
2064,11,cadf637f4d1e6748,1.523854,16.621224,1,13455,1,1,0,0,1,0,0,0,0,0,0,0,0,0
2065,11,2ed8dd7fadaea44c,2.188468,15.965749,1,13331,1,0,0,0,0,0,0,0,0,0,0,0,0,1
2066,11,03f2e07b0e82cefc,1.644114,15.473315,1,13158,1,1,0,0,1,0,0,0,0,0,0,0,0,0
2067,11,d64249ecffab4fb5,1.236397,18.597157,1,13221,1,1,0,0,1,0,0,0,0,0,0,0,0,1
2068,11,3f2736ee82e61839,1.972512,13.971349,0,12938,1,0,0,0,0,0,0,0,0,0,0,0,0,0
2069,11,13a5f0293c2732f4,1.481875,17.453841,1,13082,1,1,0,0,1,0,0,0,0,0,0,0,0,1
2070,11,2dea54f93c7a32c4,2.156931,13.112418,0,13129,1,0,0,0,0,0,0,0,0,0,0,0,0,0
2071,11,e8b739c1ffdbb2df,1.622042,16.821729,1,12954,1,1,0,0,1,0,0,0,0,0,0,0,0,1
2072,11,d5fcbc0f2d56db52,3.305887,16.11638,1,13113,2,0,0,0,0,0,0,0,0,0,0,0,0,1
2073,11,a24678b460336f70,1.439936,15.586479,1,13327,0,1,0,0,1,0,0,0,0,0,0,0,0,0
2074,11,17ad021c50292562,2.127003,15.201756,1,13330,1,0,0,0,0,0,0,0,0,0,0,0,0,1
2075,11,beefa74121978524,1.597938,14.899355,1,13511,1,1,0,0,1,0,0,0,0,0,0,0,0,0
2076,11,4290a3175471a419,1.200471,18.151018,1,13427,1,1,0,0,1,0,0,0,0,0,0,0,0,1
2077,11,91c029e73d74cbbc,0.901869,13.636181,0,13423,1,1,0,0,0,0,0,0,0,0,0,0,0,0
2078,12,1fd48474a6be9a50,1.722369,17.215606,1,14045,1,0,0,0,1,0,0,0,0,0,0,0,0,1
2079,12,530e0ea8d92a6d51,1.293951,12.933441,0,13978,1,1,0,0,0,0,0,0,0,0,0,0,0,0
2080,12,9d91a06f605c6d81,2.015751,16.6741,1,13939,1,0,0,0,1,0,0,0,0,0,0,0,0,1
2081,12,1bedfd585b1aa4b9,1.515873,16.019662,1,14244,1,1,0,0,1,0,0,0,0,0,0,0,0,0
2082,12,26a9669cba5af3ef,1.138819,18.992663,1,14353,1,1,0,0,1,0,0,0,0,0,0,0,0,1
2083,12,4f55c5e4b2d3c044,0.855552,14.268477,0,14163,1,1,0,0,0,0,0,0,0,0,0,0,0,0
2084,12,429a6cfc04b09590,2.730051,17.677063,1,14154,2,0,0,0,1,0,0,0,0,0,0,0,0,1
2085,12,bfd1095e82cc3b3f,2.053037,20.0,1,14057,1,1,0,0,1,0,0,0,0,0,0,0,0,1
2086,12,e8a24dfe484cb614,2.586023,18.695223,1,14089,1,0,0,0,0,0,0,0,0,0,0,0,0,1
2087,12,a8eb40163c807ab7,1.942783,17.523867,1,13962,1,1,0,0,1,0,0,0,0,0,0,0,0,0
2088,12,b734eb68cadec0ba,1.461,20.0,1,13877,1,1,0,0,1,0,0,0,0,0,0,0,0,1
2089,12,03ed9d518f369873,1.097595,18.608673,1,14036,1,1,0,0,1,0,0,0,0,0,0,0,0,0
2090,12,cd43fcebe8f5e6e6,1.868235,17.458845,1,14002,1,0,0,0,0,0,0,0,0,0,0,0,0,1
2091,12,338e1a6d9a9334b5,1.403535,16.595022,1,13961,1,1,0,0,1,0,0,0,0,0,0,0,0,0
2092,12,f71f04d2a5841727,1.055479,19.440697,1,13881,1,1,0,0,1,0,0,0,0,0,0,0,0,1
2093,12,dab4ff966e399802,0.792942,14.605069,0,13953,1,1,0,0,0,0,0,0,0,0,0,0,0,0
2094,12,339e340883d8ecaf,1.639361,17.929931,1,13936,1,0,0,0,1,0,0,0,0,0,0,0,0,1
2095,12,0f3eea50b2030a66,1.232823,20.0,1,14200,1,1,0,0,1,0,0,0,0,0,0,0,0,1
2096,12,157d3461e0a7f335,0.926174,18.838084,1,13902,1,1,0,0,1,0,0,0,0,0,0,0,0,0
2097,12,f1991b9aba19249f,0.6958,20.0,1,13916,1,1,0,0,1,0,0,0,0,0,0,0,0,1
2098,12,f0cae4ef532c2023,0.522728,20.0,1,14149,1,1,0,0,1,0,0,0,0,0,0,0,0,1
2099,12,3dc875a761d5c5ef,1.43725,17.158612,0,13985,1,0,0,0,0,0,0,0,0,0,0,0,0,0
2100,12,e90cc852e180b7a9,1.079752,19.848313,1,13924,1,1,0,0,1,0,0,0,0,0,0,0,0,1
2101,12,0843c071791750a4,0.811177,18.39014,1,14024,1,1,0,0,1,0,0,0,0,0,0,0,0,0
2102,12,e7652621d19bb2aa,1.654167,17.310149,1,14011,1,0,0,0,0,0,0,0,0,0,0,0,0,1
2103,12,83403ab2ce2e5edc,1.242714,16.483312,1,13808,1,1,0,0,1,0,0,0,0,0,0,0,0,0
2104,12,31f44b91b5854a60,1.977258,19.340985,1,13946,2,1,0,0,1,0,0,0,0,0,0,0,0,1
2105,12,9eeb382b0724ec5e,2.529093,18.009004,1,14138,1,0,0,0,0,0,0,0,0,0,0,0,0,1
2106,12,8cf44fb6a5bc2678,1.901914,20.0,1,13937,1,1,0,0,1,0,0,0,0,0,0,0,0,1
2107,12,26302fd6db433208,1.428837,18.882756,1,13819,1,1,0,0,1,0,0,0,0,0,0,0,0,0
2108,12,212d5aa4658ea2f7,1.073432,20.0,1,13967,1,1,0,0,1,0,0,0,0,0,0,0,0,1
2109,12,37a5a18fb6caef37,1.851387,15.900287,0,13991,1,0,0,0,0,0,0,0,0,0,0,0,0,0
2110,12,79c0b206a03c3fd7,1.390878,18.90298,1,14108,1,1,0,0,1,0,0,0,0,0,0,0,0,1
2111,12,c2376b0af88b997c,1.044914,20.0,1,14004,1,1,0,0,1,0,0,0,0,0,0,0,0,1
2112,12,6484211bcaa3988b,0.785005,19.374654,1,14165,1,1,0,0,1,0,0,0,0,0,0,0,0,0
2113,12,bb6c2f7a25964c84,0.590335,18.050517,1,13982,1,1,0,0,0,0,0,0,0,0,0,0,0,1
2114,12,66b1f64089a6f384,2.530803,20.0,1,14049,2,0,0,0,1,0,0,0,0,0,0,0,0,1
2115,12,ea8c132e457af786,1.901298,20.0,1,13775,1,1,0,0,1,0,0,0,0,0,0,0,0,1
2116,12,052f36be903b4c06,1.429803,20.0,1,14031,1,1,0,0,1,0,0,0,0,0,0,0,0,1
2117,12,8e82ec90f90651e7,1.074158,17.869041,0,14054,1,1,0,0,0,0,0,0,0,0,0,0,0,0
2118,12,4f7951c9fb9652a2,1.850628,20.0,1,13809,1,0,0,0,1,0,0,0,0,0,0,0,0,1
2119,12,f016206e344ce587,2.433961,20.0,1,14034,2,1,0,0,1,0,0,0,0,0,0,0,0,1
2120,12,5ba81e783bc90e5a,1.830373,20.0,1,14065,1,1,0,0,1,0,0,0,0,0,0,0,0,1
2121,12,7a07c461c79b1e53,1.375091,20.0,1,13847,1,1,0,0,1,0,0,0,0,0,0,0,0,1
2122,12,08f4476ffa31dac3,1.033054,20.0,1,14120,1,1,0,0,1,0,0,0,0,0,0,0,0,0
2123,12,a69e4e6735ff3977,0.776872,20.0,1,13884,1,1,0,0,1,0,0,0,0,0,0,0,0,1
2124,12,260e5aa1d8f47503,1.627288,20.0,1,13959,1,0,0,0,0,0,0,0,0,0,0,0,0,1
2125,12,9dfac611e041007e,2.266174,20.0,1,13899,2,1,0,0,1,0,0,0,0,0,0,0,0,1
2126,12,721de4ec54375ef7,1.702492,20.0,1,13906,1,1,0,0,1,0,0,0,0,0,0,0,0,0
2127,12,6f8d7911e0b9e753,1.280298,20.0,1,13877,1,1,0,0,1,0,0,0,0,0,0,0,0,1
2128,12,404b6574dd021f5d,2.005493,20.0,1,13914,1,0,0,0,0,0,0,0,0,0,0,0,0,1
2129,12,e35a6455d78bafd7,1.506652,20.0,1,13890,1,1,0,0,1,0,0,0,0,0,0,0,0,1
2130,12,501ee790029bb4ef,1.133024,20.0,1,13925,1,1,0,0,1,0,0,0,0,0,0,0,0,0
2131,12,70389cda45c93358,1.894852,20.0,1,14007,2,1,0,0,1,0,0,0,0,0,0,0,0,1
2132,12,754645a6b7b4ca0c,1.423531,20.0,1,13841,1,1,0,0,1,0,0,0,0,0,0,0,0,1
2133,12,cdb83f84a87dfa0d,2.113099,20.0,1,13940,1,0,0,0,0,0,0,0,0,0,0,0,0,1
2134,12,c4cf83697eb30892,1.589081,20.0,1,13918,1,1,0,0,1,0,0,0,0,0,0,0,0,1
2135,12,7f5b7996849c02f2,1.193817,20.0,1,13979,1,1,0,0,1,0,0,0,0,0,0,0,0,0
2136,12,098f274bf4d8b821,0.89687,20.0,1,13903,1,1,0,0,1,0,0,0,0,0,0,0,0,1
2137,12,77668fe9943ec14d,0.674459,16.921874,0,13914,1,1,0,0,0,0,0,0,0,0,0,0,0,0
2138,12,9334baa4842ce81e,1.550349,19.67046,1,13874,1,0,0,0,1,0,0,0,0,0,0,0,0,1
2139,12,1fc1f7c0eea9b018,2.208373,20.0,1,13823,2,1,0,0,1,0,0,0,0,0,0,0,0,1
2140,12,6b4c103366534787,1.659068,20.0,1,13993,1,1,0,0,1,0,0,0,0,0,0,0,0,1
2141,12,2ac01b460a9fb2d1,1.247643,20.0,1,13804,1,1,0,0,1,0,0,0,0,0,0,0,0,0
2142,12,be65dd4e30de95ed,1.980961,19.249651,1,13772,1,0,0,0,0,0,0,0,0,0,0,0,0,1
2143,12,01fd73c5ec40b8f5,2.531875,20.0,1,13733,2,1,0,0,1,0,0,0,0,0,0,0,0,1
2144,12,208fcfb3800a27c3,1.904006,20.0,1,13617,1,1,0,0,1,0,0,0,0,0,0,0,0,1
2145,12,fb4a956a68d20f66,2.474062,20.0,1,13869,1,0,0,0,0,0,0,0,0,0,0,0,0,1
2146,12,238d2c959efc4974,1.85867,19.112169,1,13935,1,1,0,0,1,0,0,0,0,0,0,0,0,0
2147,12,dc498bc00718d94f,1.39635,20.0,1,13709,1,1,0,0,1,0,0,0,0,0,0,0,0,1
2148,12,bdd45bc796f1d786,1.050075,16.029896,0,13774,1,1,0,0,0,0,0,0,0,0,0,0,0,0
2149,12,df104888f2f6eca1,1.832535,19.000351,1,13746,1,0,0,0,1,0,0,0,0,0,0,0,0,1
2150,12,934693e62bbe62b9,1.376715,20.0,1,13661,1,1,0,0,1,0,0,0,0,0,0,0,0,1
2151,12,3854cc71182b2b21,2.07946,19.447225,1,13620,2,1,0,0,1,0,0,0,0,0,0,0,0,0
2152,12,cd5d537970712c70,2.605874,18.088818,1,13724,1,0,0,0,0,0,0,0,0,0,0,0,0,1
2153,12,e93208213ce684ad,1.957696,20.0,1,13706,1,1,0,0,1,0,0,0,0,0,0,0,0,1
2154,12,f416bec425c5f2f4,1.470744,20.0,1,13871,1,1,0,0,1,0,0,0,0,0,0,0,0,1
2155,12,914cbe8d38a61aa6,2.150171,16.840598,0,13681,1,0,0,0,0,0,0,0,0,0,0,0,0,0
2156,12,1302bfc3c8b28812,2.658996,19.609401,1,13556,2,1,0,0,1,0,0,0,0,0,0,0,0,1
2157,12,baff74c7fb1631bb,1.997604,20.0,1,13632,1,1,0,0,1,0,0,0,0,0,0,0,0,1
2158,12,60088fbfee3e6905,2.546378,19.791314,1,13495,1,0,0,0,0,0,0,0,0,0,0,0,0,1
2159,12,b892c11b0181a7f8,1.912998,18.347319,1,13506,1,1,0,0,1,0,0,0,0,0,0,0,0,0
2160,12,6e7204e34c7241fe,1.437164,20.0,1,13643,1,1,0,0,1,0,0,0,0,0,0,0,0,1
2161,12,0f46b37f71c42729,1.079688,19.061041,1,13516,1,1,0,0,1,0,0,0,0,0,0,0,0,0
2162,12,1ee4a057d32eca18,1.856091,17.814676,1,13518,1,0,0,0,0,0,0,0,0,0,0,0,0,1
2163,12,42b45be1bcdc983b,1.394412,16.862345,1,13595,1,1,0,0,1,0,0,0,0,0,0,0,0,0
2164,12,db54b2fda90ab011,2.091223,16.146894,1,13558,1,0,0,0,0,0,0,0,0,0,0,0,0,1
2165,12,2a054642e13bf486,1.572629,19.103698,1,13430,1,1,0,0,1,0,0,0,0,0,0,0,0,1
2166,12,731d6d699dedfc7d,1.181458,14.351894,0,13633,1,1,0,0,0,0,0,0,0,0,0,0,0,0
2167,12,740961c33dbc06f4,1.931238,17.73973,1,13584,1,0,0,0,1,0,0,0,0,0,0,0,0,1
2168,12,525b7977e04d9a32,1.450867,16.806041,1,13629,1,1,0,0,1,0,0,0,0,0,0,0,0,0
2169,12,bcc9854d01a15ce0,1.091073,16.118884,1,13491,1,1,0,0,0,0,0,0,0,0,0,0,0,1
2170,12,506670075915e7f5,1.863336,15.588359,1,13344,1,0,0,0,1,0,0,0,0,0,0,0,0,0
2171,12,c178160524d28ab4,1.399854,18.668641,1,13403,1,1,0,0,1,0,0,0,0,0,0,0,0,1
2172,12,34e815d9da5cb94d,1.05271,20.0,1,13256,1,1,0,0,1,0,0,0,0,0,0,0,0,1
2173,12,3f41fa3c34a41848,1.834515,15.776581,0,13230,1,0,0,0,0,0,0,0,0,0,0,0,0,0
2174,12,7803ff4bbe6df398,1.378203,18.810044,1,13284,1,1,0,0,1,0,0,0,0,0,0,0,0,1
2175,12,035e83338ff6365d,2.079046,14.131283,0,13288,1,0,0,0,0,0,0,0,0,0,0,0,0,0
2176,12,68e66662f2518cb0,1.563472,17.58793,1,13351,1,1,0,0,1,0,0,0,0,0,0,0,0,1
2177,12,a90480009d2ea223,1.174578,16.691999,1,13428,1,1,0,0,1,0,0,0,0,0,0,0,0,0
2178,12,fca8f58bb0588f1c,1.92607,16.018919,1,13394,1,0,0,0,0,0,0,0,0,0,0,0,0,1
2179,12,cfb06e35ccfe31fa,1.448432,15.526957,1,13406,1,1,0,0,1,0,0,0,0,0,0,0,0,0
2180,12,6ab9814d1e629e92,2.131806,15.143667,1,13380,1,0,0,0,0,0,0,0,0,0,0,0,0,1
2181,12,0e7c314b65536c42,1.601546,14.855715,1,13389,1,1,0,0,1,0,0,0,0,0,0,0,0,0
2182,12,8a3de91e21510cdf,0.159529,14.639388,1,13394,0,1,0,0,1,0,0,0,0,0,0,0,0,0
2183,12,167f84c5dbfa515e,1.164118,17.970032,1,13241,2,1,0,0,1,0,0,0,0,0,0,0,0,1
2184,12,67a12a636db72dd6,1.918212,16.979058,1,13384,1,0,0,0,0,0,0,0,0,0,0,0,0,1
2185,12,60dc085c9bdd05e4,1.441081,19.71342,1,13486,1,1,0,0,1,0,0,0,0,0,0,0,0,1
2186,12,855237d3b27a9a4f,1.083713,18.305275,1,13252,1,1,0,0,1,0,0,0,0,0,0,0,0,0
2187,12,c4cafe876f3375fd,1.857807,17.230913,1,13430,1,0,0,0,0,0,0,0,0,0,0,0,0,1
2188,12,e22bb81afaabce90,1.395701,19.90263,1,13292,1,1,0,0,1,0,0,0,0,0,0,0,0,1
2189,12,86d09df9c5563c46,2.092191,20.0,1,13398,2,1,0,0,1,0,0,0,0,0,0,0,0,1
2190,12,08632e5e45220f6f,2.617508,16.476475,0,13434,1,0,0,0,0,0,0,0,0,0,0,0,0,0
2191,12,26fbe292279e0ddb,1.966436,19.335849,1,13464,1,1,0,0,1,0,0,0,0,0,0,0,0,1
2192,12,71cc91bc99221901,1.47731,20.0,1,13384,1,1,0,0,1,0,0,0,0,0,0,0,0,1
2193,12,d08c0bd104cbf415,2.155109,19.636768,1,13388,1,0,0,0,0,0,0,0,0,0,0,0,0,1
2194,12,312e68e8dc0f9bf6,1.619052,18.231214,1,13426,1,1,0,0,1,0,0,0,0,0,0,0,0,0
2195,12,5a71db88453b349a,1.216334,20.0,1,13532,1,1,0,0,1,0,0,0,0,0,0,0,0,1
2196,12,73322fd6fc50ed24,0.913786,18.995512,1,13729,1,1,0,0,1,0,0,0,0,0,0,0,0,0
2197,12,d9561df4314c8bc9,0.68718,17.765397,1,14873,1,1,0,0,0,0,0,0,0,0,0,0,0,1
2198,12,026885893b5f1a25,1.559906,16.825323,1,14777,1,0,0,0,1,0,0,0,0,0,0,0,0,0
2199,12,c514912a2dcbbcb9,2.215552,19.597926,1,14498,2,1,0,0,1,0,0,0,0,0,0,0,0,1
2200,12,a14ab18374f99279,1.666127,20.0,1,14509,1,1,0,0,1,0,0,0,0,0,0,0,0,1
2201,12,9b530a9b785b955c,1.251699,20.0,1,15936,1,1,0,0,1,0,0,0,0,0,0,0,0,1
2202,12,18f457ef6a00a28a,3.027661,20.0,1,15686,2,0,0,0,0,0,0,0,0,0,0,0,0,1
2203,12,a38050aef2fdfe5c,2.274569,19.219803,1,16144,1,1,0,0,1,0,0,0,0,0,0,0,0,0
2204,12,4d412a4789f5986f,1.710508,20.0,1,15850,1,1,0,0,1,0,0,0,0,0,0,0,0,1
2205,12,f140a3a5ab1b3ae1,2.328694,19.56681,1,15976,1,0,0,0,0,0,0,0,0,0,0,0,0,1
2206,12,51810fca3be873b5,2.793114,20.0,1,15857,2,1,0,0,1,0,0,0,0,0,0,0,0,1
2207,12,64d8ff1d0ec4d27a,2.100462,20.0,1,16284,1,1,0,0,1,0,0,0,0,0,0,0,0,1
2208,12,8a712e89dee9ed50,2.621652,20.0,1,16251,2,1,0,0,1,0,0,0,0,0,0,0,0,1
2209,12,9d0e18a1e7b5a902,1.969549,20.0,1,16116,1,1,0,0,1,0,0,0,0,0,0,0,0,1
2210,12,a220b2f194e8e17e,2.523302,19.011203,0,16056,1,0,0,0,0,0,0,0,0,0,0,0,0,0
2211,12,3a54f87fc5d887ef,2.941709,20.0,1,16081,2,1,0,0,1,0,0,0,0,0,0,0,0,1
2212,12,8f2673b6e0594d64,2.209996,20.0,1,16330,1,1,0,0,1,0,0,0,0,0,0,0,0,1
2213,12,f345a065bf720e01,1.660288,20.0,1,14755,1,1,0,0,1,0,0,0,0,0,0,0,0,1
2214,12,edc7c2bb985f3641,3.336861,20.0,1,13188,2,0,0,0,0,0,0,0,0,0,0,0,0,1
2215,12,1f39122c6cc21a0b,2.506859,20.0,1,13607,1,1,0,0,1,0,0,0,0,0,0,0,0,1
2216,12,29f82d491c4b1418,1.883309,20.0,1,13765,1,1,0,0,1,0,0,0,0,0,0,0,0,0
2217,12,cf1e4f229c6777b5,1.41486,19.205877,1,13771,1,1,0,0,0,0,0,0,0,0,0,0,0,1
2218,12,d5ec8ef48dec96f5,3.152296,20.0,1,13710,2,0,0,0,1,0,0,0,0,0,0,0,0,1
2219,12,51ae9ddc4d3ace86,2.368202,20.0,1,13778,1,1,0,0,1,0,0,0,0,0,0,0,0,1
2220,12,41f9d9c4c4dd77b2,1.779142,20.0,1,13670,1,1,0,0,1,0,0,0,0,0,0,0,0,0
2221,12,d0c311d857fc65c9,2.38209,19.112075,1,13582,1,0,0,0,0,0,0,0,0,0,0,0,0,1
2222,12,60810bb282dabea2,1.789575,20.0,1,13655,1,1,0,0,1,0,0,0,0,0,0,0,0,1
2223,12,ac4f71a0ba2540cf,1.344441,20.0,1,13679,1,1,0,0,1,0,0,0,0,0,0,0,0,1
2224,12,ef14f86184452beb,3.097335,17.257637,0,13769,2,0,0,0,0,0,0,0,0,0,0,0,0,0
2225,12,74bfce39db61dd9c,2.32924,19.938992,1,13584,1,1,0,0,1,0,0,0,0,0,0,0,0,1
2226,12,61ef57200da6a91d,1.749871,20.0,1,13809,1,1,0,0,1,0,0,0,0,0,0,0,0,1
2227,12,970588b5348596d4,1.314613,19.959374,1,13769,1,1,0,0,0,0,0,0,0,0,0,0,0,1
2228,12,8cc0fdd2695fe3b1,2.032758,18.490236,1,13551,1,0,0,0,1,0,0,0,0,0,0,0,0,0
2229,12,1f012cdf92b23e1a,1.527135,20.0,1,13543,1,1,0,0,1,0,0,0,0,0,0,0,0,1
2230,12,5567f6dd3ae7ce76,1.14728,20.0,1,13499,1,1,0,0,1,0,0,0,0,0,0,0,0,1
2231,12,30ffe72018c4b5d0,1.905562,16.993971,0,13258,1,0,0,0,0,0,0,0,0,0,0,0,0,0
2232,12,e2ba7a32659ad80f,1.433009,19.740712,1,13096,1,1,0,0,1,0,0,0,0,0,0,0,0,1
2233,12,c78ff72558b80a63,1.076566,18.309303,1,13047,1,1,0,0,1,0,0,0,0,0,0,0,0,0
2234,12,b58f8b6a78f18afb,1.852437,17.23394,1,12860,1,0,0,0,0,0,0,0,0,0,0,0,0,1
2235,12,b30c8d44ae1900d8,1.393059,19.921172,1,12790,1,1,0,0,1,0,0,0,0,0,0,0,0,1
2236,12,dff65b16a198b458,2.090207,14.966032,0,12753,1,0,0,0,0,0,0,0,0,0,0,0,0,0
2237,12,a022aa907a73d24f,1.570294,18.201109,1,13247,1,1,0,0,1,0,0,0,0,0,0,0,0,1
2238,12,79a9c06978b6976b,1.179703,17.152657,1,12873,1,1,0,0,1,0,0,0,0,0,0,0,0,0
2239,12,83f8135790c82eab,1.931304,12.899043,0,12949,1,0,0,0,0,0,0,0,0,0,0,0,0,0
2240,12,c3c15221622a8499,1.450917,16.648258,1,12852,1,1,0,0,1,0,0,0,0,0,0,0,0,1
2241,12,acbc8d40a688ca81,1.090019,15.986058,1,12729,1,1,0,0,1,0,0,0,0,0,0,0,0,0
2242,12,0711327c2d3aba00,2.908011,15.502245,1,12572,2,0,0,0,0,0,0,0,0,0,0,0,0,1
2243,12,9eb19790c48267a5,1.141027,18.603946,1,13546,0,1,0,0,1,0,0,0,0,0,0,0,0,1
2244,12,03f53ac9af4576e1,1.900864,20.0,1,13262,2,1,0,0,1,0,0,0,0,0,0,0,0,1
2245,12,9c1d60eb6bb51682,2.471701,15.727036,0,13350,1,0,0,0,0,0,0,0,0,0,0,0,0,0
2246,12,fdce3a9c1659ab92,1.858755,18.787958,1,13364,1,1,0,0,1,0,0,0,0,0,0,0,0,1
2247,12,ba4181c05282c159,2.440066,14.114691,0,13165,1,0,0,0,0,0,0,0,0,0,0,0,0,0
2248,12,509a177157437b4c,1.833131,17.561529,1,13074,1,1,0,0,1,0,0,0,0,0,0,0,0,1
2249,12,dd05a46802e2b8cc,2.422691,13.20652,0,12911,1,0,0,0,0,0,0,0,0,0,0,0,0,0
2250,12,a3b73c049d962aba,1.820077,16.879254,1,12815,1,1,0,0,1,0,0,0,0,0,0,0,0,1
2251,12,c59767823f979783,1.367356,16.159597,1,12804,1,1,0,0,1,0,0,0,0,0,0,0,0,0
2252,12,0e906495139299c4,2.070897,15.618946,1,12898,1,0,0,0,0,0,0,0,0,0,0,0,0,1
2253,12,5f9f52d7217194ba,1.557344,15.226171,1,12803,1,1,0,0,1,0,0,0,0,0,0,0,0,0
2254,12,a5c9ee1c2f8da7f3,2.213628,14.917698,1,12266,1,0,0,0,0,0,0,0,0,0,0,0,0,1
2255,12,0a415431177124b2,1.663016,14.685953,1,12386,1,1,0,0,1,0,0,0,0,0,0,0,0,0
2256,12,6e4db7732c2b0420,1.250611,11.044046,0,11983,0,0,0,0,0,0,0,0,0,0,0,0,0,0
2257,12,f33c166d0a828441,0.939538,15.254668,1,12086,1,1,0,0,1,0,0,0,0,0,0,0,0,1
2258,12,a622a0f536635ed4,1.749493,11.460262,0,12378,1,0,0,0,0,0,0,0,0,0,0,0,0,0
2259,12,5175897adbd43335,1.314329,15.567355,1,12375,1,1,0,0,1,0,0,0,0,0,0,0,0,1
2260,12,3165de6716fb4c8a,0.988394,11.706873,0,12419,1,1,0,0,0,0,0,0,0,0,0,0,0,0
2261,12,5de6506e91db9d27,1.786197,15.752625,1,12395,1,0,0,0,1,0,0,0,0,0,0,0,0,1
2262,13,1fd48474a6be9a50,1.341903,15.313203,1,13989,1,1,0,0,1,0,0,0,0,0,0,0,0,0
2263,13,530e0ea8d92a6d51,2.053281,14.996249,1,14105,1,0,0,0,0,0,0,0,0,0,0,0,0,1
2264,13,9d91a06f605c6d81,1.542553,14.744965,1,13946,1,1,0,0,1,0,0,0,0,0,0,0,0,0
2265,13,1bedfd585b1aa4b9,0.115209,14.556186,1,14353,0,1,0,0,1,0,0,0,0,0,0,0,0,0
2266,13,26a9669cba5af3ef,1.130206,14.414363,1,14216,1,0,0,0,0,0,0,0,0,0,0,0,0,1
2267,13,4f55c5e4b2d3c044,0.849931,14.320308,1,14107,1,1,0,0,1,0,0,0,0,0,0,0,0,0
2268,13,429a6cfc04b09590,1.682175,14.237157,1,14090,1,0,0,0,0,0,0,0,0,0,0,0,0,1
2269,13,bfd1095e82cc3b3f,1.263755,14.174688,1,14002,1,1,0,0,1,0,0,0,0,0,0,0,0,0
2270,13,e8a24dfe484cb614,0.950362,17.620571,1,14121,1,1,0,0,1,0,0,0,0,0,0,0,0,1
2271,13,a8eb40163c807ab7,1.757625,13.237676,0,14010,1,0,0,0,0,0,0,0,0,0,0,0,0,0
2272,13,b734eb68cadec0ba,1.320438,16.90266,1,13830,1,1,0,0,1,0,0,0,0,0,0,0,0,1
2273,13,03ed9d518f369873,0.991995,19.656026,1,14093,1,1,0,0,1,0,0,0,0,0,0,0,0,1
2274,13,cd43fcebe8f5e6e6,0.745995,18.262113,1,13959,1,1,0,0,1,0,0,0,0,0,0,0,0,0
2275,13,338e1a6d9a9334b5,1.604091,17.198488,1,14059,1,0,0,0,0,0,0,0,0,0,0,0,0,1
2276,13,f71f04d2a5841727,2.248747,19.87827,1,14104,2,1,0,0,1,0,0,0,0,0,0,0,0,1
2277,13,dab4ff966e399802,0.646939,18.429244,1,13862,0,1,0,0,1,0,0,0,0,0,0,0,0,0
2278,13,339e340883d8ecaf,2.573328,17.324047,1,13838,2,0,0,0,0,0,0,0,0,0,0,0,0,1
2279,13,0f3eea50b2030a66,1.933245,19.972598,1,14185,1,1,0,0,1,0,0,0,0,0,0,0,0,1
2280,13,157d3461e0a7f335,1.452375,20.0,1,13776,1,1,0,0,1,0,0,0,0,0,0,0,0,1
2281,13,f1991b9aba19249f,1.092207,19.996506,1,14226,1,1,0,0,1,0,0,0,0,0,0,0,0,0
2282,13,f0cae4ef532c2023,0.820534,20.0,1,13923,1,1,0,0,1,0,0,0,0,0,0,0,0,1
2283,13,7630abeab872e6cf,1.66009,16.51299,0,14005,1,0,0,0,0,0,0,0,0,0,0,0,0,0
2284,13,253c29c9cd31f14d,1.248411,19.379007,1,13932,1,1,0,0,1,0,0,0,0,0,0,0,0,1
2285,13,1bcd43f2b236da2a,0.937885,20.0,1,13986,1,1,0,0,1,0,0,0,0,0,0,0,0,1
2286,13,190012cb2cd5517d,0.704598,16.164476,0,14052,1,1,0,0,0,0,0,0,0,0,0,0,0,0
2287,13,752285f96761bfac,1.572991,19.101456,1,13903,1,0,0,0,1,0,0,0,0,0,0,0,0,1
2288,13,8ce008444b943984,2.227062,20.0,1,13844,2,1,0,0,1,0,0,0,0,0,0,0,0,1
2289,13,815cbd6616cc478f,1.673109,19.499948,1,13919,1,1,0,0,1,0,0,0,0,0,0,0,0,0
2290,13,ea182be542b69bac,1.256944,18.128427,1,14020,1,1,0,0,0,0,0,0,0,0,0,0,0,1
2291,13,98558a7fe6a345e2,1.98939,20.0,1,13865,1,0,0,0,1,0,0,0,0,0,0,0,0,1
2292,13,ea40987dff05550d,1.494555,18.950226,1,14158,1,1,0,0,1,0,0,0,0,0,0,0,0,0
2293,13,bd84d51435d6859a,1.122803,20.0,1,13880,1,1,0,0,1,0,0,0,0,0,0,0,0,1
2294,13,b3773e59edaae1a5,1.887173,20.0,1,14364,2,1,0,0,1,0,0,0,0,0,0,0,0,1
2295,13,5dadae3439224eef,1.419181,20.0,1,13748,1,1,0,0,0,0,0,0,0,0,0,0,0,1
2296,13,bf32681d9402a0dc,2.109831,19.019997,1,13913,1,0,0,0,1,0,0,0,0,0,0,0,0,0
2297,13,f7bd4e508f328e99,1.585037,20.0,1,13958,1,1,0,0,1,0,0,0,0,0,0,0,0,1
2298,13,7c7cf98600a1ae76,1.191971,19.458324,1,13946,1,1,0,0,1,0,0,0,0,0,0,0,0,0
2299,13,4330f499d34eea83,1.939136,18.097156,1,13922,1,0,0,0,0,0,0,0,0,0,0,0,0,1
2300,13,574139667abb0c89,2.500454,20.0,1,14137,2,1,0,0,1,0,0,0,0,0,0,0,0,1
2301,13,92baeeda50fe0e26,1.878498,20.0,1,14004,1,1,0,0,1,0,0,0,0,0,0,0,0,1
2302,13,80a0120ed18f2275,1.412657,20.0,1,13971,1,1,0,0,1,0,0,0,0,0,0,0,0,1
2303,13,8dedeb0367e4f2e3,1.061276,20.0,1,13932,1,1,0,0,1,0,0,0,0,0,0,0,0,0
2304,13,cce480df118a4b64,2.884604,19.527885,1,14031,2,0,0,0,0,0,0,0,0,0,0,0,0,1
2305,13,74af5b71dff1f83a,2.169263,20.0,1,13813,1,1,0,0,1,0,0,0,0,0,0,0,0,1
2306,13,5a3027c7f942d721,1.629686,20.0,1,13893,1,1,0,0,1,0,0,0,0,0,0,0,0,1
2307,13,a7f28a02bc25ffcb,1.224322,20.0,1,13846,1,1,0,0,1,0,0,0,0,0,0,0,0,1
2308,13,d5293be15af3da23,0.919788,20.0,1,14071,1,1,0,0,1,0,0,0,0,0,0,0,0,0
2309,13,5fbd520df55a8630,1.735844,19.882681,1,13805,1,0,0,0,0,0,0,0,0,0,0,0,0,1
2310,13,3bdfbc512c496928,1.304075,18.41596,1,13868,1,1,0,0,1,0,0,0,0,0,0,0,0,0
2311,13,1951e40916662b8e,2.023356,20.0,1,14025,2,1,0,0,1,0,0,0,0,0,0,0,0,1
2312,13,a0ba5e1a0f5a1c2d,1.521592,20.0,1,13940,1,1,0,0,1,0,0,0,0,0,0,0,0,1
2313,13,c597591453fa9ebc,2.186769,16.976709,0,13879,1,0,0,0,0,0,0,0,0,0,0,0,0,0
2314,13,cf0611fcffeec57a,1.642838,19.711656,1,14006,1,1,0,0,1,0,0,0,0,0,0,0,0,1
2315,13,ca931cfc3949c763,1.234203,18.287475,1,13944,1,1,0,0,1,0,0,0,0,0,0,0,0,0
2316,13,b4e5a7941d20a8af,0.928138,17.232943,1,13892,1,1,0,0,0,0,0,0,0,0,0,0,0,1
2317,13,eae0499212ad45b4,2.784582,19.904155,1,13959,2,0,0,0,1,0,0,0,0,0,0,0,0,1
2318,13,044c207ce1d7c610,2.091952,20.0,1,14141,1,1,0,0,1,0,0,0,0,0,0,0,0,1
2319,13,5f8c4e99abae2b41,1.573178,20.0,1,13885,1,1,0,0,1,0,0,0,0,0,0,0,0,1
2320,13,262cc59f57771fd3,1.18187,17.608349,0,14101,1,1,0,0,0,0,0,0,0,0,0,0,0,0
2321,13,afe7df028eb314b2,1.931548,20.0,1,14078,1,0,0,0,1,0,0,0,0,0,0,0,0,1
2322,13,84dc78341735dfe9,1.4511,20.0,1,14058,1,1,0,0,1,0,0,0,0,0,0,0,0,1
2323,13,ec35adbc9bd2a253,2.135398,20.0,1,13889,2,1,0,0,0,0,0,0,0,0,0,0,0,1
2324,13,5ddcfab55913ee74,2.647898,18.592125,1,14006,1,0,0,0,1,0,0,0,0,0,0,0,0,0
2325,13,313cc2c20162c678,1.989267,20.0,1,13994,1,1,0,0,1,0,0,0,0,0,0,0,0,1
2326,13,6a6afdc499c2b9d4,1.495957,19.216593,1,14101,1,1,0,0,1,0,0,0,0,0,0,0,0,0
2327,13,7521c447915156b3,2.16751,17.915553,1,14053,1,0,0,0,0,0,0,0,0,0,0,0,0,1
2328,13,90428e5d64d7b1fe,1.628369,20.0,1,14110,1,1,0,0,1,0,0,0,0,0,0,0,0,1
2329,13,ac71c198b11cd18d,1.223333,15.338509,0,14191,1,1,0,0,0,0,0,0,0,0,0,0,0,0
2330,13,0590b15e4575ce7b,3.008265,18.495781,1,14032,2,0,0,0,1,0,0,0,0,0,0,0,0,1
2331,13,8aff38744727ae3b,2.259997,20.0,1,14042,1,1,0,0,1,0,0,0,0,0,0,0,0,1
2332,13,e1342d5b9e0cbffe,2.741505,19.144832,1,14145,1,0,0,0,0,0,0,0,0,0,0,0,0,1
2333,13,faf46b990c8af894,2.06165,20.0,1,14067,1,1,0,0,1,0,0,0,0,0,0,0,0,1
2334,13,b10a7ae98c7ccc2c,1.548841,19.524454,1,14197,1,1,0,0,1,0,0,0,0,0,0,0,0,0
2335,13,90bcce8be493b476,3.250893,18.146837,1,14142,2,0,0,0,0,0,0,0,0,0,0,0,0,1
2336,13,60a1d1ce04cffebb,2.442274,20.0,1,14187,1,1,0,0,1,0,0,0,0,0,0,0,0,1
2337,13,9ef90dc35f553699,2.880776,18.965024,1,14093,1,0,0,0,0,0,0,0,0,0,0,0,0,1
2338,13,988c6246d9d7d6eb,2.164219,17.726558,1,14169,1,1,0,0,1,0,0,0,0,0,0,0,0,0
2339,13,e9ea508e2f50783f,1.625897,20.0,1,14089,1,1,0,0,1,0,0,0,0,0,0,0,0,1
2340,13,6803561a8022a4a0,2.266848,15.247081,0,14281,1,0,0,0,0,0,0,0,0,0,0,0,0,0
2341,13,d82e2a1b722eddbc,1.702998,18.412251,1,14207,1,1,0,0,1,0,0,0,0,0,0,0,0,1
2342,13,29c3b3aa3b1cada4,2.323052,20.0,1,14104,2,1,0,0,1,0,0,0,0,0,0,0,0,1
2343,13,bd0d0b43c6e3178c,2.788876,15.618844,0,14356,1,0,0,0,0,0,0,0,0,0,0,0,0,0
2344,13,addb792200e55a76,2.097274,18.706596,1,14162,1,1,0,0,1,0,0,0,0,0,0,0,0,1
2345,13,f9d203ddd67143d1,1.575604,20.0,1,14281,1,1,0,0,1,0,0,0,0,0,0,0,0,1
2346,13,9b668065475ae05a,2.227346,15.784971,0,14381,1,0,0,0,0,0,0,0,0,0,0,0,0,0
2347,13,b1553a2c9d11491b,2.719146,18.831526,1,14381,2,1,0,0,1,0,0,0,0,0,0,0,0,1
2348,13,b2685704ce56dbf8,2.042793,20.0,1,14409,1,1,0,0,1,0,0,0,0,0,0,0,0,1
2349,13,cfafef027785f148,2.578327,19.334325,1,14480,1,0,0,0,0,0,0,0,0,0,0,0,0,1
2350,13,64e4c480cb1b181e,1.937001,18.004,1,14553,1,1,0,0,1,0,0,0,0,0,0,0,0,0
2351,13,7ee1e2f37de87e6a,1.456652,20.0,1,14387,1,1,0,0,1,0,0,0,0,0,0,0,0,1
2352,13,bb335eb9a9a763a4,2.137982,15.401085,0,14170,1,0,0,0,0,0,0,0,0,0,0,0,0,0
2353,13,0fa3f8bff32213c1,1.606186,18.527949,1,14309,1,1,0,0,1,0,0,0,0,0,0,0,0,1
2354,13,24c2fb866adefc4a,2.252025,20.0,1,14135,2,1,0,0,1,0,0,0,0,0,0,0,0,1
2355,13,dd0bd3e67ab11c31,2.735516,19.17594,1,14409,1,0,0,0,0,0,0,0,0,0,0,0,0,1
2356,13,c6c9b0f8b4506f3e,2.055091,17.885011,1,14098,1,1,0,0,1,0,0,0,0,0,0,0,0,0
2357,13,aff6f4a1abb08a4b,1.543913,16.915185,1,14186,1,1,0,0,0,0,0,0,0,0,0,0,0,1
2358,13,723fa851fc413d56,2.205195,16.200962,1,14122,1,0,0,0,1,0,0,0,0,0,0,0,0,0
2359,13,471a06b83de448bc,1.65668,19.128866,1,14156,1,1,0,0,1,0,0,0,0,0,0,0,0,1
2360,13,50c3eb0a0766bc4d,1.244602,17.849646,1,14034,1,1,0,0,1,0,0,0,0,0,0,0,0,0
2361,13,84246d0ce84f795a,0.935959,20.0,1,14023,1,1,0,0,1,0,0,0,0,0,0,0,0,1
2362,13,81cb80826c9cde6d,1.746804,15.313881,0,14138,1,0,0,0,0,0,0,0,0,0,0,0,0,0
2363,13,df7a4b8304b845f9,2.355962,18.462436,1,14169,2,1,0,0,1,0,0,0,0,0,0,0,0,1
2364,13,511afb63746af33a,1.769946,20.0,1,14147,1,1,0,0,1,0,0,0,0,0,0,0,0,1
2365,13,e90078e6257eef07,1.331025,15.662823,0,13994,0,0,0,0,0,0,0,0,0,0,0,0,0,0
2366,13,87118e9185450adf,2.043602,18.724582,1,13930,2,1,0,0,1,0,0,0,0,0,0,0,0,1
2367,13,99660e4c5f39c7d5,1.535282,20.0,1,14097,1,1,0,0,1,0,0,0,0,0,0,0,0,1
2368,13,855c59113a6b9412,1.154554,20.0,1,13405,1,1,0,0,1,0,0,0,0,0,0,0,0,1
2369,13,e9e6bd18f5733516,1.911027,17.107698,0,13222,1,0,0,0,0,0,0,0,0,0,0,0,0,0
2370,13,89dc5f9c34aa8a37,1.435683,19.810063,1,13100,1,1,0,0,1,0,0,0,0,0,0,0,0,1
2371,13,1f2a8662438c87e0,1.078575,18.361405,1,13573,1,1,0,0,1,0,0,0,0,0,0,0,0,0
2372,13,44248020b30f5e37,1.855254,17.28854,1,13673,1,0,0,0,0,0,0,0,0,0,0,0,0,1
2373,13,ccfbb9ca61e901bb,1.393783,19.945923,1,13546,1,1,0,0,1,0,0,0,0,0,0,0,0,1
2374,13,c1727fc601bf3708,1.047097,18.463471,1,13552,1,1,0,0,1,0,0,0,0,0,0,0,0,0
2375,13,f82a4a6b477e9ab2,0.787432,20.0,1,13378,1,1,0,0,1,0,0,0,0,0,0,0,0,1
2376,13,d0858715cfb5a9a5,0.591568,19.139512,1,13479,1,1,0,0,0,0,0,0,0,0,0,0,0,1
2377,13,73d3c0fa442c8739,1.488076,17.857644,1,13603,1,0,0,0,1,0,0,0,0,0,0,0,0,0
2378,13,4cbc716514f0fd8f,1.117936,20.0,1,13437,1,1,0,0,1,0,0,0,0,0,0,0,0,1
2379,13,19cdd5bbc16a0367,0.840704,20.0,1,13701,1,1,0,0,1,0,0,0,0,0,0,0,0,1
2380,13,888683a4ba7db3b8,0.631589,20.0,1,13683,1,1,0,0,1,0,0,0,0,0,0,0,0,0
2381,13,51d268e27a0c77c6,1.518143,18.668312,1,13681,2,1,0,0,0,0,0,0,0,0,0,0,0,1
2382,13,0da9cb9f2cef4df0,2.185816,20.0,1,13579,1,0,0,0,1,0,0,0,0,0,0,0,0,1
2383,13,b1c4b74d235d380a,1.642122,20.0,1,13751,1,1,0,0,1,0,0,0,0,0,0,0,0,1
2384,13,35bc761428654bf1,1.233665,20.0,1,13840,1,1,0,0,1,0,0,0,0,0,0,0,0,1
2385,13,40a6f885964371d2,0.926806,20.0,1,13925,1,1,0,0,1,0,0,0,0,0,0,0,0,0
2386,13,004a0f1c3d9c7ec1,1.741122,20.0,1,13640,2,1,0,0,1,0,0,0,0,0,0,0,0,1
2387,13,57a8215a47cd65c9,2.351693,20.0,1,13853,1,0,0,0,0,0,0,0,0,0,0,0,0,1
2388,13,e5307e1506744cf0,1.766739,20.0,1,13812,1,1,0,0,1,0,0,0,0,0,0,0,0,1
2389,13,af6cf7ba77acb31c,1.328613,20.0,1,13797,1,1,0,0,1,0,0,0,0,0,0,0,0,0
2390,13,e75ffd3b79cbc3fe,0.998137,18.884857,1,13998,1,1,0,0,0,0,0,0,0,0,0,0,0,1
2391,13,618037fe03149b0f,2.83717,20.0,1,13852,2,0,0,0,1,0,0,0,0,0,0,0,0,1
2392,13,c7c8b9e76ac6f376,2.13146,20.0,1,13968,1,1,0,0,1,0,0,0,0,0,0,0,0,1
2393,13,b84ab68b218af8fe,1.602888,20.0,1,13726,1,1,0,0,1,0,0,0,0,0,0,0,0,0
2394,13,19c7606633ccb703,2.247843,20.0,1,13853,2,1,0,0,1,0,0,0,0,0,0,0,0,1
2395,13,7e4a31a5a8782e2f,1.688721,20.0,1,13802,1,1,0,0,0,0,0,0,0,0,0,0,0,1
2396,13,c0d75b6e2cb62c0b,2.314092,20.0,1,13819,1,0,0,0,1,0,0,0,0,0,0,0,0,1
2397,13,bf996fafa960607b,1.738491,20.0,1,13821,1,1,0,0,1,0,0,0,0,0,0,0,0,1
2398,13,8000b8d1a6305cee,1.306063,20.0,1,13937,1,1,0,0,1,0,0,0,0,0,0,0,0,0
2399,13,ecdf58baf0f6ee4e,0.981197,19.464624,1,13719,1,1,0,0,0,0,0,0,0,0,0,0,0,1
2400,13,9c8bfb98c14d6ba9,2.826175,20.0,1,13889,2,0,0,0,1,0,0,0,0,0,0,0,0,1
2401,13,dcf1ee1dec3cd8ef,2.1232,19.705124,1,13831,1,1,0,0,1,0,0,0,0,0,0,0,0,0
2402,13,f92777b7794fb720,2.638734,18.282567,1,14091,1,0,0,0,0,0,0,0,0,0,0,0,0,1
2403,13,a4ac73f817464b9d,1.984365,20.0,1,14035,1,1,0,0,1,0,0,0,0,0,0,0,0,1
2404,13,1b53ac7150e1a61c,1.49078,19.037309,1,14087,1,1,0,0,1,0,0,0,0,0,0,0,0,0
2405,13,6a60be2beec9faea,2.16362,20.0,1,13984,2,1,0,0,1,0,0,0,0,0,0,0,0,1
2406,13,b666151254508d0e,2.6691,19.450468,1,14139,1,0,0,0,0,0,0,0,0,0,0,0,0,1
2407,13,ca25d431ed80dda5,2.007202,20.0,1,14157,1,1,0,0,1,0,0,0,0,0,0,0,0,1
2408,13,02bdd2d7d5015ced,1.507935,20.0,1,14353,1,1,0,0,1,0,0,0,0,0,0,0,0,1
2409,13,663e30c8bbbdcf15,2.176509,17.411241,0,14273,1,0,0,0,0,0,0,0,0,0,0,0,0,0
2410,13,88944a25d078a166,1.636766,20.0,1,14235,1,1,0,0,1,0,0,0,0,0,0,0,0,1
2411,13,955899c506057723,1.229641,18.545044,1,14246,1,1,0,0,1,0,0,0,0,0,0,0,0,0
2412,13,065cf94428147bfa,3.01109,17.411043,1,14282,2,0,0,0,0,0,0,0,0,0,0,0,0,1
2413,13,004be452ed84eaaa,2.262119,20.0,1,14104,1,1,0,0,1,0,0,0,0,0,0,0,0,1
2414,13,ed29b52fdfffef5d,0.656995,18.549329,1,14150,0,1,0,0,1,0,0,0,0,0,0,0,0,0
2415,13,9466d34ff80a7f50,1.537229,17.414262,1,14199,2,1,0,0,0,0,0,0,0,0,0,0,0,1
2416,13,b0ffc4c8ed03a4ac,2.198516,16.561529,1,14231,1,0,0,0,1,0,0,0,0,0,0,0,0,0
2417,13,8af50ae6b3278f7c,1.653316,19.415509,1,14017,1,1,0,0,1,0,0,0,0,0,0,0,0,1
2418,13,2c6ee613a41c1c94,2.285728,14.586146,0,14372,1,0,0,0,0,0,0,0,0,0,0,0,0,0
2419,13,66469db9a2776722,1.717182,17.915715,1,14371,1,1,0,0,1,0,0,0,0,0,0,0,0,1
2420,13,6780db5ee5c664cb,1.290054,13.459407,0,14208,1,1,0,0,0,0,0,0,0,0,0,0,0,0
2421,13,ab3dc6d2da30ef85,3.05844,17.082669,1,14146,2,0,0,0,1,0,0,0,0,0,0,0,0,1
2422,13,1bcead1ead7550a3,2.297692,19.79126,1,14139,1,1,0,0,1,0,0,0,0,0,0,0,0,1
2423,13,2ffbc17a66855630,2.769823,18.347278,1,14161,1,0,0,0,0,0,0,0,0,0,0,0,0,1
2424,13,af0639c70bcc98f9,2.082947,20.0,1,13956,1,1,0,0,1,0,0,0,0,0,0,0,0,1
2425,13,e6114d523ca6cd06,2.608493,15.595024,0,14106,1,0,0,0,0,0,0,0,0,0,0,0,0,0
2426,13,93d2db69219a9416,1.959664,18.673647,1,13995,1,1,0,0,1,0,0,0,0,0,0,0,0,1
2427,13,bc8f013cef7b31d6,3.559529,17.507658,1,14259,2,0,0,0,0,0,0,0,0,0,0,0,0,1
2428,13,21a8398e5f9d829d,2.676816,16.64651,1,14041,1,1,0,0,1,0,0,0,0,0,0,0,0,0
2429,13,de2edf6cf2984000,2.010992,19.46359,1,14305,1,1,0,0,1,0,0,0,0,0,0,0,0,1
2430,13,e02c9286f9f4ef90,2.554436,18.101112,1,14203,1,0,0,0,0,0,0,0,0,0,0,0,0,1
2431,13,f55af22ad41f95df,1.920973,17.092796,1,13970,1,1,0,0,1,0,0,0,0,0,0,0,0,0
2432,13,cc978a7f98cf7016,2.486808,16.320023,1,14254,1,0,0,0,0,0,0,0,0,0,0,0,0,1
2433,13,2bff42f374a83beb,1.868246,15.739468,1,14054,1,1,0,0,1,0,0,0,0,0,0,0,0,0
2434,13,7231c96a80d0d8cd,1.403543,15.303318,1,14195,1,1,0,0,0,0,0,0,0,0,0,0,0,1
2435,13,ab7294611b3be90d,2.099635,14.988815,1,14111,1,0,0,0,1,0,0,0,0,0,0,0,0,0
2436,13,4be0051077acec50,2.621031,18.218226,1,14125,2,1,0,0,1,0,0,0,0,0,0,0,0,1
2437,13,bcb6480adc97bee4,3.012736,17.165516,1,14378,1,0,0,0,0,0,0,0,0,0,0,0,0,1
2438,13,b2773cdfee038acb,2.26562,19.869716,1,14102,1,1,0,0,1,0,0,0,0,0,0,0,0,1
2439,13,4a255ef6e890d206,1.702076,18.40622,1,14122,1,1,0,0,0,0,0,0,0,0,0,0,0,1
2440,14,1fd48474a6be9a50,2.322359,17.306749,1,14105,1,0,0,0,1,0,0,0,0,0,0,0,0,0
2441,14,530e0ea8d92a6d51,1.744702,19.959603,1,13983,1,1,0,0,1,0,0,0,0,0,0,0,0,1
2442,14,9d91a06f605c6d81,2.356191,15.009906,0,14132,1,0,0,0,0,0,0,0,0,0,0,0,0,0
2443,14,1bedfd585b1aa4b9,1.770118,18.23407,1,14298,1,1,0,0,1,0,0,0,0,0,0,0,0,1
2444,14,26a9669cba5af3ef,1.329824,17.17742,1,14160,1,1,0,0,1,0,0,0,0,0,0,0,0,0
2445,14,4f55c5e4b2d3c044,2.044197,16.398166,1,14172,1,0,0,0,0,0,0,0,0,0,0,0,0,1
2446,14,429a6cfc04b09590,1.535729,15.798174,1,14128,1,1,0,0,1,0,0,0,0,0,0,0,0,0
2447,14,bfd1095e82cc3b3f,1.153736,18.826266,1,14151,1,1,0,0,1,0,0,0,0,0,0,0,0,1
2448,14,e8a24dfe484cb614,1.910412,14.14347,0,14073,1,0,0,0,0,0,0,0,0,0,0,0,0,0
2449,14,a8eb40163c807ab7,2.480807,17.597095,1,13768,2,1,0,0,1,0,0,0,0,0,0,0,0,1
2450,14,b734eb68cadec0ba,1.863738,16.698884,1,14031,1,1,0,0,0,0,0,0,0,0,0,0,0,1
2451,14,03ed9d518f369873,2.44381,19.502936,1,13996,1,0,0,0,1,0,0,0,0,0,0,0,0,1
2452,14,cd43fcebe8f5e6e6,1.83778,18.146988,1,14013,1,1,0,0,1,0,0,0,0,0,0,0,0,0
2453,14,338e1a6d9a9334b5,1.380655,20.0,1,14056,1,1,0,0,1,0,0,0,0,0,0,0,0,1
2454,14,f71f04d2a5841727,2.080888,15.46913,0,13934,1,0,0,0,0,0,0,0,0,0,0,0,0,0
2455,14,dab4ff966e399802,1.563293,18.579068,1,14000,1,1,0,0,1,0,0,0,0,0,0,0,0,1
2456,14,339e340883d8ecaf,1.175619,17.452226,1,13927,1,1,0,0,1,0,0,0,0,0,0,0,0,0
2457,14,0f3eea50b2030a66,0.883199,20.0,1,13999,1,1,0,0,1,0,0,0,0,0,0,0,0,1
2458,14,157d3461e0a7f335,1.707167,15.07701,0,14078,1,0,0,0,0,0,0,0,0,0,0,0,0,0
2459,14,f1991b9aba19249f,1.283814,18.29913,1,13926,1,1,0,0,1,0,0,0,0,0,0,0,0,1
2460,14,f0cae4ef532c2023,0.964482,17.226297,1,14032,1,1,0,0,1,0,0,0,0,0,0,0,0,0
2461,14,7630abeab872e6cf,2.811886,16.420317,1,14084,2,0,0,0,0,0,0,0,0,0,0,0,0,1
2462,14,253c29c9cd31f14d,2.112465,19.293659,1,13945,1,1,0,0,1,0,0,0,0,0,0,0,0,1
2463,14,1bcd43f2b236da2a,1.588604,20.0,1,13901,1,1,0,0,1,0,0,0,0,0,0,0,0,1
2464,14,190012cb2cd5517d,2.237112,19.608536,1,13976,1,0,0,0,0,0,0,0,0,0,0,0,0,1
2465,14,752285f96761bfac,1.680658,18.210004,1,13966,1,1,0,0,1,0,0,0,0,0,0,0,0,0
2466,14,8ce008444b943984,1.263879,20.0,1,13877,1,1,0,0,1,0,0,0,0,0,0,0,0,1
2467,14,815cbd6616cc478f,0.949505,15.517469,0,13892,1,1,0,0,0,0,0,0,0,0,0,0,0,0
2468,14,ea182be542b69bac,1.756981,18.615384,1,14052,1,0,0,0,1,0,0,0,0,0,0,0,0,1
2469,14,98558a7fe6a345e2,1.319954,17.463886,1,13849,1,1,0,0,1,0,0,0,0,0,0,0,0,0
2470,14,ea40987dff05550d,0.992624,20.0,1,13887,1,1,0,0,1,0,0,0,0,0,0,0,0,1
2471,14,bd84d51435d6859a,1.789375,20.0,1,13889,2,1,0,0,1,0,0,0,0,0,0,0,0,1
2472,14,b3773e59edaae1a5,2.387944,16.568069,0,14077,1,0,0,0,0,0,0,0,0,0,0,0,0,0
2473,14,ef03f0f6b8ee73d8,1.795768,19.420427,1,14050,1,1,0,0,1,0,0,0,0,0,0,0,0,1
2474,14,5b5e71f08e7b859a,1.349093,18.068686,1,14138,1,1,0,0,1,0,0,0,0,0,0,0,0,0
2475,14,74c8ee075a14494b,1.013523,20.0,1,13820,1,1,0,0,1,0,0,0,0,0,0,0,0,1
2476,14,2db1e7caff6c7193,0.761422,15.424937,0,14143,1,1,0,0,0,0,0,0,0,0,0,0,0,0
2477,14,f8298b588a1d819b,1.616751,18.560776,1,13821,1,0,0,0,1,0,0,0,0,0,0,0,0,1
2478,14,c33422a156a65495,1.214604,17.422861,1,14030,1,1,0,0,1,0,0,0,0,0,0,0,0,0
2479,14,67675728d602d91d,0.912487,20.0,1,14036,1,1,0,0,1,0,0,0,0,0,0,0,0,1
2480,14,0fbb313bc3acb09f,1.730354,18.556006,1,14005,2,1,0,0,0,0,0,0,0,0,0,0,0,1
2481,14,0433c0352374962e,2.343603,20.0,1,13952,1,0,0,0,1,0,0,0,0,0,0,0,0,1
2482,14,82139217e3d3c37e,1.760662,19.178823,1,14176,1,1,0,0,1,0,0,0,0,0,0,0,0,0
2483,14,67c0f5ab729a15db,1.322719,20.0,1,13757,1,1,0,0,1,0,0,0,0,0,0,0,0,1
2484,14,5ca54fe8b527b909,2.038854,16.067553,0,14045,1,0,0,0,0,0,0,0,0,0,0,0,0,0
2485,14,37711dbb721070dd,1.531715,19.028641,1,13852,1,1,0,0,1,0,0,0,0,0,0,0,0,1
2486,14,4c07353b12ddaa1c,2.194374,20.0,1,13848,2,1,0,0,1,0,0,0,0,0,0,0,0,1
2487,14,89d565ff7b51dafa,2.694351,19.463208,1,14024,1,0,0,0,0,0,0,0,0,0,0,0,0,1
2488,14,a465d8a380f823a0,2.024165,18.100825,1,13882,1,1,0,0,1,0,0,0,0,0,0,0,0,0
2489,14,bfa25ee87f069a13,1.520679,20.0,1,14045,1,1,0,0,1,0,0,0,0,0,0,0,0,1
2490,14,b9a1d420ef9928a4,1.14243,18.921921,1,13793,1,1,0,0,1,0,0,0,0,0,0,0,0,0
2491,14,e4bda5eede26b424,0.859123,17.710056,1,13978,1,1,0,0,0,0,0,0,0,0,0,0,0,1
2492,14,799efb9142cfb760,1.689081,20.0,1,13954,1,0,0,0,1,0,0,0,0,0,0,0,0,1
2493,14,ed81fcbadbd00d60,2.312596,20.0,1,14037,2,1,0,0,1,0,0,0,0,0,0,0,0,1
2494,14,c7014b238bc4027b,1.739106,20.0,1,14059,1,1,0,0,1,0,0,0,0,0,0,0,0,0
2495,14,9209e303023c528a,1.306525,18.624555,1,13842,1,1,0,0,0,0,0,0,0,0,0,0,0,1
2496,14,bf1e7e86fac04411,2.025197,17.470776,1,14044,1,0,0,0,1,0,0,0,0,0,0,0,0,0
2497,14,17f0c877ea9aae17,1.521455,20.0,1,13943,1,1,0,0,1,0,0,0,0,0,0,0,0,1
2498,14,1eecdd2d4ae6f253,2.188306,18.583076,1,13909,1,0,0,0,0,0,0,0,0,0,0,0,0,1
2499,14,fae87ca8f93f4b38,2.687646,20.0,1,13990,2,1,0,0,1,0,0,0,0,0,0,0,0,1
2500,14,ca5aa0272cac9717,2.019128,19.194101,1,14025,1,1,0,0,1,0,0,0,0,0,0,0,0,0
2501,14,383c3a634b8249ca,2.562563,17.914739,1,13914,1,0,0,0,0,0,0,0,0,0,0,0,0,1
2502,14,662814a050cefa9f,1.925158,20.0,1,13809,1,1,0,0,1,0,0,0,0,0,0,0,0,1
2503,14,cee691eb38681aff,2.489953,18.816895,1,14073,2,1,0,0,1,0,0,0,0,0,0,0,0,0
2504,14,b1d73b7f9848b7fe,2.914262,17.615274,1,13942,1,0,0,0,0,0,0,0,0,0,0,0,0,1
2505,14,81ca135c74ecc980,2.191566,20.0,1,13864,1,1,0,0,1,0,0,0,0,0,0,0,0,1
2506,14,3be0b65ab8fdefe1,1.646442,20.0,1,13778,1,1,0,0,1,0,0,0,0,0,0,0,0,1
2507,14,18211b07f5208b8a,2.280564,16.632323,0,13871,1,0,0,0,0,0,0,0,0,0,0,0,0,0
2508,14,15813e1fd739b215,2.759167,19.468747,1,13943,2,1,0,0,1,0,0,0,0,0,0,0,0,1
2509,14,dfce7687d860af37,2.072859,20.0,1,13810,1,1,0,0,1,0,0,0,0,0,0,0,0,1
2510,14,86893995d58bfbd6,1.557261,19.69397,1,13997,1,1,0,0,0,0,0,0,0,0,0,0,0,1
2511,14,85e98c7e99f1cac8,2.213566,20.0,1,13794,1,0,0,0,1,0,0,0,0,0,0,0,0,1
2512,14,5e8c48f384765fd7,1.664633,20.0,1,13798,1,1,0,0,1,0,0,0,0,0,0,0,0,1
2513,14,e300a801df3d6d86,2.29423,20.0,1,13856,2,1,0,0,1,0,0,0,0,0,0,0,0,0
2514,14,8d1619abddd3d114,2.767222,19.253845,1,14035,1,0,0,0,0,0,0,0,0,0,0,0,0,1
2515,14,a3614d043fd9dcd2,2.080991,20.0,1,13890,1,1,0,0,1,0,0,0,0,0,0,0,0,1
2516,14,cb581d3857e4fad5,1.563371,19.586042,1,14086,1,1,0,0,1,0,0,0,0,0,0,0,0,0
2517,14,b70a28a23c57229b,2.218155,18.193106,1,13968,1,0,0,0,0,0,0,0,0,0,0,0,0,1
2518,14,d9bb782a96eed06b,1.666417,17.146645,1,13944,1,1,0,0,1,0,0,0,0,0,0,0,0,0
2519,14,d6586e229bdcafef,2.29732,16.375023,1,13986,1,0,0,0,0,0,0,0,0,0,0,0,0,1
2520,14,38e915bcb37dbc32,1.725891,19.259632,1,13879,1,1,0,0,1,0,0,0,0,0,0,0,0,1
2521,14,a4837e74142c511e,1.296597,17.947886,1,13960,1,1,0,0,1,0,0,0,0,0,0,0,0,0
2522,14,1561318a2cabaaa2,3.06336,16.977568,1,14003,2,0,0,0,0,0,0,0,0,0,0,0,0,1
2523,14,660c3a5967c64bf1,1.257735,19.712301,1,13933,0,1,0,0,1,0,0,0,0,0,0,0,0,1
2524,14,5d8aaf760c990c2a,3.032196,18.287959,1,13896,2,0,0,0,0,0,0,0,0,0,0,0,0,1
2525,14,4e1f0f9435993f00,2.277975,20.0,1,13889,1,1,0,0,1,0,0,0,0,0,0,0,0,1
2526,14,36666632dd281844,2.75722,15.56425,0,13705,1,0,0,0,0,0,0,0,0,0,0,0,0,0
2527,14,4397969a21d3bc4f,2.071397,18.650529,1,14061,1,1,0,0,1,0,0,0,0,0,0,0,0,1
2528,14,e7d78d80a862534a,2.599816,14.011445,0,13804,1,0,0,0,0,0,0,0,0,0,0,0,0,0
2529,14,8a148944508e3cf8,1.955099,17.49781,1,13819,1,1,0,0,1,0,0,0,0,0,0,0,0,1
2530,14,6c5e111229163437,1.468793,16.624295,1,13480,1,1,0,0,1,0,0,0,0,0,0,0,0,0
2531,14,ba8841c9c19502b1,2.147102,15.968056,1,13791,1,0,0,0,0,0,0,0,0,0,0,0,0,1
2532,14,245ad75c33c1c5b6,1.613038,15.475048,1,13799,1,1,0,0,1,0,0,0,0,0,0,0,0,0
2533,14,525b6810f4e31690,1.213027,18.59846,1,13892,1,1,0,0,1,0,0,0,0,0,0,0,0,1
2534,14,ad35f1b018a11d13,1.954955,13.972328,0,13879,1,0,0,0,0,0,0,0,0,0,0,0,0,0
2535,14,c277e1074930b4d1,1.468685,17.454577,1,13858,1,1,0,0,1,0,0,0,0,0,0,0,0,1
2536,14,62b4e890cdefbe6a,1.104472,13.12609,0,13945,1,1,0,0,0,0,0,0,0,0,0,0,0,0
2537,14,e4f75db643d598b7,1.873402,16.81883,1,13948,1,0,0,0,1,0,0,0,0,0,0,0,0,1
2538,14,cd1814f00dd9d4c9,1.407417,16.114203,1,13723,1,1,0,0,1,0,0,0,0,0,0,0,0,0
2539,14,a6fd9f1fcc63c592,1.05734,19.063687,1,13563,1,1,0,0,1,0,0,0,0,0,0,0,0,1
2540,14,d9970d849c2cd359,1.839285,14.336165,0,13723,1,0,0,0,0,0,0,0,0,0,0,0,0,0
2541,14,ed7384511cb4feb7,1.381786,17.727914,1,13632,1,1,0,0,1,0,0,0,0,0,0,0,0,1
2542,14,38b565cbcded0ee7,1.038084,16.797163,1,13812,1,1,0,0,1,0,0,0,0,0,0,0,0,0
2543,14,da299a1f18dbb076,1.824805,16.112208,1,13651,1,0,0,0,0,0,0,0,0,0,0,0,0,1
2544,14,cc06a27c8f7c0b9a,1.370907,15.583344,1,13759,1,1,0,0,1,0,0,0,0,0,0,0,0,0
2545,14,70c5553916a9ec10,1.029912,18.664873,1,13756,1,1,0,0,1,0,0,0,0,0,0,0,0,1
2546,14,b92aa1e7dfef7e0f,0.773734,14.022221,0,13740,1,1,0,0,0,0,0,0,0,0,0,0,0,0
2547,14,32da3616981a64d6,1.62601,17.505914,1,13544,1,0,0,0,1,0,0,0,0,0,0,0,0,1
2548,14,5ce9d073150c7fec,1.22156,16.630383,1,13829,1,1,0,0,1,0,0,0,0,0,0,0,0,0
2549,14,31ea2098222dda4b,0.917712,19.451474,1,13663,1,1,0,0,1,0,0,0,0,0,0,0,0,1
2550,14,57ece583ab11a61a,0.690133,18.108287,1,13720,1,1,0,0,1,0,0,0,0,0,0,0,0,0
2551,14,eb849129bd5cc271,1.562124,17.082924,1,13740,1,0,0,0,0,0,0,0,0,0,0,0,0,1
2552,14,185b14ebde695980,1.173566,19.791451,1,13597,1,1,0,0,1,0,0,0,0,0,0,0,0,1
2553,14,a63e52348e115266,1.925309,14.868577,0,13753,1,0,0,0,0,0,0,0,0,0,0,0,0,0
2554,14,b4290370a203ce6f,1.44786,18.142386,1,13514,1,1,0,0,1,0,0,0,0,0,0,0,0,1
2555,14,23248fda9f400b9e,2.131377,20.0,1,13658,2,1,0,0,1,0,0,0,0,0,0,0,0,1
2556,14,355a8bd9aca035a6,1.601223,20.0,1,13624,1,1,0,0,1,0,0,0,0,0,0,0,0,1
2557,14,481cbad08152f8d0,2.248293,16.863334,0,13338,1,0,0,0,0,0,0,0,0,0,0,0,0,0
2558,14,cd49e4825720a7c5,1.689059,19.626482,1,13617,1,1,0,0,1,0,0,0,0,0,0,0,0,1
2559,14,1b5e2e7e746bf5e7,1.268927,20.0,1,13581,1,1,0,0,1,0,0,0,0,0,0,0,0,1
2560,14,0da4a7c234f82be9,0.953297,20.0,1,13566,1,1,0,0,1,0,0,0,0,0,0,0,0,1
2561,14,e514c070df0f175c,0.716893,17.493235,0,13637,1,1,0,0,0,0,0,0,0,0,0,0,0,0
2562,14,92a451b0b4c59df0,1.582228,20.0,1,13479,1,0,0,0,1,0,0,0,0,0,0,0,0,1
2563,14,4f90b5b3ff25a0dc,2.232322,20.0,1,13677,2,1,0,0,1,0,0,0,0,0,0,0,0,1
2564,14,498e991e871ad8ff,1.678738,20.0,1,13484,1,1,0,0,1,0,0,0,0,0,0,0,0,0
2565,14,d01f2eeea99c73c0,1.261173,20.0,1,13520,1,1,0,0,1,0,0,0,0,0,0,0,0,1
2566,14,f94c84e53288c031,0.947472,20.0,1,13640,1,1,0,0,1,0,0,0,0,0,0,0,0,1
2567,14,80cb97b0f9b6f28d,1.755454,17.663091,0,13627,1,0,0,0,0,0,0,0,0,0,0,0,0,0
2568,14,ad75d928bcec0a76,1.320126,20.0,1,13631,1,1,0,0,1,0,0,0,0,0,0,0,0,1
2569,14,0321dac97e30fa51,0.991762,18.68733,1,13531,1,1,0,0,1,0,0,0,0,0,0,0,0,0
2570,14,3cba4131db78011b,1.788727,17.517937,1,13487,1,0,0,0,0,0,0,0,0,0,0,0,0,1
2571,14,dfc1dfd166be4118,1.345148,16.65424,1,13454,1,1,0,0,1,0,0,0,0,0,0,0,0,0
2572,14,311738e65f55fbb9,2.054213,20.0,1,13565,2,1,0,0,1,0,0,0,0,0,0,0,0,2
2573,14,47052bb7d466b9cd,1.543253,17.240156,0,13372,1,1,0,0,0,0,0,0,0,0,0,0,0,0
2574,14,49bab70b85936bf8,2.203042,19.909574,1,13038,1,0,0,0,1,0,0,0,0,0,0,0,0,1
2575,14,269c3828c974022c,1.656719,18.452785,1,13257,1,1,0,0,1,0,0,0,0,0,0,0,0,0
2576,14,5cfbb9c8f4b0d23c,1.244631,20.0,1,13136,1,1,0,0,1,0,0,0,0,0,0,0,0,1
2577,14,c54f315cc56e74eb,0.935045,19.120565,1,13053,1,1,0,0,1,0,0,0,0,0,0,0,0,0
2578,14,f0823e845fb50855,0.703167,17.859439,1,13009,1,1,0,0,0,0,0,0,0,0,0,0,0,1
2579,14,653386780ab5b5d0,1.571916,16.895974,1,12897,1,0,0,0,1,0,0,0,0,0,0,0,0,0
2580,14,893109b53b610599,1.180922,19.651002,1,12718,1,1,0,0,1,0,0,0,0,0,0,0,0,1
2581,14,5258bc716d22ba3e,1.930836,14.763063,0,12802,1,0,0,0,0,0,0,0,0,0,0,0,0,0
2582,14,b1e44d83bb0f1646,1.452016,18.063038,1,12714,1,1,0,0,1,0,0,0,0,0,0,0,0,1
2583,14,607fb9beb7f9e44f,1.090845,20.0,1,13130,1,1,0,0,1,0,0,0,0,0,0,0,0,1
2584,14,daec6e00c2d99a07,0.819511,18.900594,1,13013,1,1,0,0,1,0,0,0,0,0,0,0,0,0
2585,14,658b74788c131940,1.660435,17.694018,1,13052,1,0,0,0,0,0,0,0,0,0,0,0,0,1
2586,14,8386adfb031c592c,2.291076,20.0,1,13250,2,1,0,0,1,0,0,0,0,0,0,0,0,1
2587,14,7ab3313993b3c74f,1.7212,18.69232,1,13255,1,1,0,0,1,0,0,0,0,0,0,0,0,0
2588,14,c588a6b5240198a8,1.293073,17.521686,1,13321,1,1,0,0,0,0,0,0,0,0,0,0,0,1
2589,14,e3c320a0f39bb143,2.01656,20.0,1,13307,1,0,0,0,1,0,0,0,0,0,0,0,0,1
2590,14,9f1843c5a2925704,1.514966,18.607441,1,13208,1,1,0,0,1,0,0,0,0,0,0,0,0,0
2591,14,09d77e4589bde218,1.138137,20.0,1,13379,1,1,0,0,1,0,0,0,0,0,0,0,0,1
2592,14,688b468a0a5425c1,1.900046,15.744745,0,14220,1,0,0,0,0,0,0,0,0,0,0,0,0,0
2593,14,9d7276ac17b24012,1.427434,18.786127,1,13903,1,1,0,0,1,0,0,0,0,0,0,0,0,1
2594,14,3615a198b8fa5bff,1.072377,17.59216,1,13834,1,1,0,0,1,0,0,0,0,0,0,0,0,0
2595,14,417baf4d875cff54,2.892944,16.695176,1,13576,2,0,0,0,0,0,0,0,0,0,0,0,0,1
2596,14,53083666c63fb1ff,2.175535,19.516014,1,13628,1,1,0,0,1,0,0,0,0,0,0,0,0,1
2597,14,6c8e52bdce72bb20,1.634398,20.0,1,14358,1,1,0,0,1,0,0,0,0,0,0,0,0,1
2598,14,3bed6cf4ad43d235,2.271516,19.720647,1,14039,1,0,0,0,0,0,0,0,0,0,0,0,0,1
2599,14,5ef7525cdeec14a9,1.708212,18.310709,1,13734,1,1,0,0,1,0,0,0,0,0,0,0,0,0
2600,14,aa81c972dfde668b,1.283316,17.234996,1,13692,1,1,0,0,0,0,0,0,0,0,0,0,0,1
2601,14,319327dd03aa9cec,2.007761,16.426853,1,13648,1,0,0,0,1,0,0,0,0,0,0,0,0,0
2602,14,85d06ec888017552,1.508355,19.298569,1,13365,1,1,0,0,1,0,0,0,0,0,0,0,0,1
2603,14,bdb24d5ac30b85f3,2.178455,17.993301,1,13910,1,0,0,0,0,0,0,0,0,0,0,0,0,1
2604,14,2dcb95ec6870e32c,1.636592,16.996539,1,13803,1,1,0,0,1,0,0,0,0,0,0,0,0,0
2605,14,3e9ba9bc63e14dfe,1.22951,19.726553,1,13822,1,1,0,0,1,0,0,0,0,0,0,0,0,1
2606,14,4b81a5da666fb960,1.96876,14.834649,0,13674,1,0,0,0,0,0,0,0,0,0,0,0,0,0
2607,14,75f7874468b1b6b6,1.479056,18.102407,1,13342,1,1,0,0,1,0,0,0,0,0,0,0,0,1
2608,14,89aba9213aae64c4,2.154813,17.078506,1,13304,1,0,0,0,0,0,0,0,0,0,0,0,0,1
2609,14,4f6125e84757fce8,1.61883,16.309287,1,12890,1,1,0,0,1,0,0,0,0,0,0,0,0,0
2610,14,6b38d48610b10901,2.261534,15.745318,1,12558,1,0,0,0,0,0,0,0,0,0,0,0,0,1
2611,14,25b0d9917f7bd924,1.699006,15.307714,1,12713,1,1,0,0,1,0,0,0,0,0,0,0,0,0
2612,14,02dedf6ee52961d5,2.320053,14.978957,1,12690,1,0,0,0,0,0,0,0,0,0,0,0,0,1
2613,14,77d6eaca9c2a5a77,1.744713,14.744891,1,12657,1,1,0,0,1,0,0,0,0,0,0,0,0,0
2614,14,ae49bfb91e03dd57,1.310738,14.55613,1,12610,1,1,0,0,0,0,0,0,0,0,0,0,0,1
2615,14,abd34b3320d99bd2,2.028361,14.414321,1,12544,1,0,0,0,1,0,0,0,0,0,0,0,0,0
2616,15,1fd48474a6be9a50,1.523832,17.786629,1,14028,1,1,0,0,1,0,0,0,0,0,0,0,0,1
2617,15,530e0ea8d92a6d51,2.190094,13.375799,0,13918,1,0,0,0,0,0,0,0,0,0,0,0,0,0
2618,15,9d91a06f605c6d81,1.645336,17.006427,1,14163,1,1,0,0,1,0,0,0,0,0,0,0,0,1
2619,15,1bedfd585b1aa4b9,1.236079,16.255137,1,14260,1,1,0,0,1,0,0,0,0,0,0,0,0,0
2620,15,26a9669cba5af3ef,1.9737,15.704597,1,14093,1,0,0,0,0,0,0,0,0,0,0,0,0,1
2621,15,4f55c5e4b2d3c044,1.482767,15.277121,1,14250,1,1,0,0,1,0,0,0,0,0,0,0,0,0
2622,15,429a6cfc04b09590,1.113947,14.955974,1,14169,1,1,0,0,0,0,0,0,0,0,0,0,0,1
2623,15,bfd1095e82cc3b3f,1.88052,18.193553,1,14021,1,0,0,0,1,0,0,0,0,0,0,0,0,1
2624,15,e8a24dfe484cb614,1.414178,17.162313,1,14075,1,1,0,0,1,0,0,0,0,0,0,0,0,0
2625,15,a8eb40163c807ab7,1.062419,19.851093,1,13954,1,1,0,0,1,0,0,0,0,0,0,0,0,1
2626,15,b734eb68cadec0ba,2.885462,18.392229,1,13897,2,0,0,0,0,0,0,0,0,0,0,0,0,1
2627,15,03ed9d518f369873,2.169909,20.0,1,13955,1,1,0,0,1,0,0,0,0,0,0,0,0,1
2628,15,cd43fcebe8f5e6e6,1.630171,20.0,1,14037,1,1,0,0,1,0,0,0,0,0,0,0,0,1
2629,15,338e1a6d9a9334b5,2.26834,16.962088,0,13965,1,0,0,0,0,0,0,0,0,0,0,0,0,0
2630,15,f71f04d2a5841727,1.704119,19.700672,1,13813,1,1,0,0,1,0,0,0,0,0,0,0,0,1
2631,15,dab4ff966e399802,1.281522,20.0,1,14080,1,1,0,0,1,0,0,0,0,0,0,0,0,1
2632,15,339e340883d8ecaf,0.96276,19.838482,1,13948,1,1,0,0,1,0,0,0,0,0,0,0,0,0
2633,15,0f3eea50b2030a66,1.766939,20.0,1,14023,2,1,0,0,1,0,0,0,0,0,0,0,0,1
2634,15,157d3461e0a7f335,1.328763,20.0,1,13999,1,1,0,0,1,0,0,0,0,0,0,0,0,1
2635,15,f1991b9aba19249f,2.041903,20.0,1,14134,1,0,0,0,0,0,0,0,0,0,0,0,0,1
2636,15,f0cae4ef532c2023,1.534006,19.299924,1,13951,1,1,0,0,1,0,0,0,0,0,0,0,0,0
2637,15,7630abeab872e6cf,1.152441,20.0,1,14029,1,1,0,0,1,0,0,0,0,0,0,0,0,1
2638,15,253c29c9cd31f14d,1.910803,16.13597,0,13982,1,0,0,0,0,0,0,0,0,0,0,0,0,0
2639,15,1bcd43f2b236da2a,1.435515,19.08004,1,13939,1,1,0,0,1,0,0,0,0,0,0,0,0,1
2640,15,190012cb2cd5517d,1.078448,20.0,1,13979,1,1,0,0,1,0,0,0,0,0,0,0,0,1
2641,15,752285f96761bfac,1.855159,16.011745,0,13840,1,0,0,0,0,0,0,0,0,0,0,0,0,0
2642,15,8ce008444b943984,1.393712,18.986714,1,13988,1,1,0,0,1,0,0,0,0,0,0,0,0,1
2643,15,815cbd6616cc478f,2.090697,20.0,1,14014,2,1,0,0,1,0,0,0,0,0,0,0,0,1
2644,15,ea182be542b69bac,1.570662,19.421913,1,14054,1,1,0,0,1,0,0,0,0,0,0,0,0,0
2645,15,98558a7fe6a345e2,1.181161,18.086057,1,13812,1,1,0,0,0,0,0,0,0,0,0,0,0,1
2646,15,ea40987dff05550d,1.931015,20.0,1,14098,1,0,0,0,1,0,0,0,0,0,0,0,0,1
2647,15,bd84d51435d6859a,1.450699,18.913586,1,13997,1,1,0,0,1,0,0,0,0,0,0,0,0,0
2648,15,b3773e59edaae1a5,1.090947,20.0,1,13978,1,1,0,0,1,0,0,0,0,0,0,0,0,1
2649,15,5dadae3439224eef,0.819587,20.0,1,13927,1,1,0,0,1,0,0,0,0,0,0,0,0,1
2650,15,bf32681d9402a0dc,1.659379,20.0,1,14038,2,1,0,0,0,0,0,0,0,0,0,0,0,1
2651,15,f7bd4e508f328e99,2.290283,19.001594,1,14006,1,0,0,0,1,0,0,0,0,0,0,0,0,0
2652,15,7c7cf98600a1ae76,1.722325,20.0,1,14069,1,1,0,0,1,0,0,0,0,0,0,0,0,1
2653,15,4330f499d34eea83,1.293919,19.44353,1,13878,1,1,0,0,1,0,0,0,0,0,0,0,0,0
2654,15,845cf8bbfb4cdff1,0.972073,18.086042,1,13979,1,1,0,0,0,0,0,0,0,0,0,0,0,1
2655,15,b0e135ff280b7893,1.775163,20.0,1,13969,1,0,0,0,1,0,0,0,0,0,0,0,0,1
2656,15,789d57edeb55ec88,1.333614,20.0,1,14010,1,1,0,0,1,0,0,0,0,0,0,0,0,1
2657,15,6979b739abf8bb34,2.045547,20.0,1,13999,2,1,0,0,1,0,0,0,0,0,0,0,0,0
2658,15,c2bea933f494d4c2,1.536743,20.0,1,13948,1,1,0,0,1,0,0,0,0,0,0,0,0,1
2659,15,fc8afc999d432daa,2.199803,20.0,1,13905,1,0,0,0,0,0,0,0,0,0,0,0,0,1
2660,15,54f85808e32b19ad,1.65263,20.0,1,14132,1,1,0,0,1,0,0,0,0,0,0,0,0,1
2661,15,fb36f5410e15ae96,1.241559,20.0,1,14017,1,1,0,0,1,0,0,0,0,0,0,0,0,0
2662,15,84816ba9c8e952dd,0.93367,20.0,1,14042,1,1,0,0,1,0,0,0,0,0,0,0,0,1
2663,15,76c0f2d8b913df5d,1.745085,20.0,1,13928,1,0,0,0,0,0,0,0,0,0,0,0,0,1
2664,15,379263227d5a2182,2.35467,20.0,1,13938,2,1,0,0,1,0,0,0,0,0,0,0,0,1
2665,15,3d54c4b4e6b2c134,1.768976,20.0,1,13858,1,1,0,0,1,0,0,0,0,0,0,0,0,0
2666,15,0a132d657e0ab93f,1.330295,20.0,1,14025,1,1,0,0,1,0,0,0,0,0,0,0,0,1
2667,15,0ca8cb191a6821f3,2.043054,16.545632,0,13959,1,0,0,0,0,0,0,0,0,0,0,0,0,0
2668,15,d838c0af6c1f6e31,1.53487,19.387804,1,14160,1,1,0,0,1,0,0,0,0,0,0,0,0,1
2669,15,c5f1b9cc089c76e1,1.154244,20.0,1,13992,1,1,0,0,1,0,0,0,0,0,0,0,0,1
2670,15,a84b4c40935e1429,0.867141,19.661724,1,14096,1,1,0,0,1,0,0,0,0,0,0,0,0,0
2671,15,12c24a9f707ab663,2.738757,18.249963,1,14015,2,0,0,0,0,0,0,0,0,0,0,0,0,1
2672,15,d1623d603cb706ea,2.057526,20.0,1,13989,1,1,0,0,1,0,0,0,0,0,0,0,0,1
2673,15,2ef6e7dfc3903c46,1.547289,20.0,1,14109,1,1,0,0,1,0,0,0,0,0,0,0,0,1
2674,15,f6d8e5e5d116b8b6,1.16242,20.0,1,13978,1,1,0,0,1,0,0,0,0,0,0,0,0,1
2675,15,3a4152be0edb5cdd,1.916936,17.928088,0,13963,1,0,0,0,0,0,0,0,0,0,0,0,0,0
2676,15,229037c542b3d26a,1.441563,20.0,1,13957,1,1,0,0,1,0,0,0,0,0,0,0,0,1
2677,15,1baa70ad574dd542,2.126646,20.0,1,14217,2,1,0,0,1,0,0,0,0,0,0,0,0,1
2678,15,fe2999c8230c21cb,1.59767,20.0,1,13853,1,1,0,0,0,0,0,0,0,0,0,0,0,1
2679,15,5a4e00b217e916ea,2.243923,18.687357,1,13988,1,0,0,0,1,0,0,0,0,0,0,0,0,0
2680,15,2d670e015457bea4,1.687462,20.0,1,13839,1,1,0,0,1,0,0,0,0,0,0,0,0,1
2681,15,7c3877f890af3431,1.267727,19.265999,1,13953,1,1,0,0,1,0,0,0,0,0,0,0,0,0
2682,15,42359bb73286961f,1.996049,17.952669,1,13771,2,1,0,0,0,0,0,0,0,0,0,0,0,1
2683,15,f9c576b63d0ec3f4,2.545208,20.0,1,13906,1,0,0,0,1,0,0,0,0,0,0,0,0,1
2684,15,7778937d1c31d200,1.91212,20.0,1,13694,1,1,0,0,1,0,0,0,0,0,0,0,0,1
2685,15,fa19488426be1e5e,2.480157,16.775525,0,13912,1,0,0,0,0,0,0,0,0,0,0,0,0,0
2686,15,6128a815417b1164,1.86325,19.560514,1,13849,1,1,0,0,1,0,0,0,0,0,0,0,0,1
2687,15,440638ec1b42ab61,1.40119,18.190287,1,13850,1,1,0,0,1,0,0,0,0,0,0,0,0,0
2688,15,b0089a09c9a9ca56,2.096315,17.144527,1,13792,1,0,0,0,0,0,0,0,0,0,0,0,0,1
2689,15,4d030cf729e97403,1.574883,19.837731,1,13876,1,1,0,0,1,0,0,0,0,0,0,0,0,1
2690,15,af15e5f0ad1916ce,1.184335,18.398758,1,13852,1,1,0,0,1,0,0,0,0,0,0,0,0,0
2691,15,3638f81de7602669,2.977053,17.301144,1,13727,2,0,0,0,0,0,0,0,0,0,0,0,0,1
2692,15,d7dd1851d975b741,2.236549,19.955392,1,13888,1,1,0,0,1,0,0,0,0,0,0,0,0,1
2693,15,b5cf4ebc3c580f16,1.680235,20.0,1,13881,1,1,0,0,1,0,0,0,0,0,0,0,0,1
2694,15,58a194aa1db78174,2.307711,16.506283,0,13807,1,0,0,0,0,0,0,0,0,0,0,0,0,0
2695,15,c476f5533c8ae5c0,1.733697,19.358243,1,13866,1,1,0,0,1,0,0,0,0,0,0,0,0,1
2696,15,1cd54c89942f20b9,1.302462,18.021969,1,13903,1,1,0,0,1,0,0,0,0,0,0,0,0,0
2697,15,63d8512d1df2a966,2.023621,17.033279,1,13673,1,0,0,0,0,0,0,0,0,0,0,0,0,1
2698,15,7915471971ffab09,2.563924,19.754155,1,13771,2,1,0,0,1,0,0,0,0,0,0,0,0,1
2699,15,d3b0b5e4970362bf,2.969833,18.319403,1,13724,1,0,0,0,0,0,0,0,0,0,0,0,0,1
2700,15,4925b5f8e64e429e,2.231125,17.241527,1,13851,1,1,0,0,1,0,0,0,0,0,0,0,0,0
2701,15,e509cbb09192f5db,1.677838,19.926877,1,13741,1,1,0,0,1,0,0,0,0,0,0,0,0,1
2702,15,a8a2d40c98a915ed,1.260497,14.970318,0,13856,1,1,0,0,0,0,0,0,0,0,0,0,0,0
2703,15,49c2051aa5e1ebc1,3.034271,18.204329,1,13914,2,0,0,0,1,0,0,0,0,0,0,0,0,1
2704,15,d702ed9e82f24b25,2.281815,20.0,1,13533,1,1,0,0,1,0,0,0,0,0,0,0,0,1
2705,15,f214e47536c492c8,2.757896,15.514263,0,13551,1,0,0,0,0,0,0,0,0,0,0,0,0,0
2706,15,33ac14d0de9d95c4,2.071904,18.612975,1,13679,1,1,0,0,1,0,0,0,0,0,0,0,0,1
2707,15,6f3bf1575a71bb4d,1.556544,20.0,1,13627,1,1,0,0,1,0,0,0,0,0,0,0,0,1
2708,15,d90a0ddd9f1fba73,2.214694,15.747871,0,13410,1,0,0,0,0,0,0,0,0,0,0,0,0,0
2709,15,0e8d9f5186003278,1.663817,18.788476,1,13441,1,1,0,0,1,0,0,0,0,0,0,0,0,1
2710,15,b92023e98b3cc202,1.249963,17.593924,1,13727,1,1,0,0,1,0,0,0,0,0,0,0,0,0
2711,15,dc16a1f2992f7d17,1.984141,16.711383,1,13653,1,0,0,0,0,0,0,0,0,0,0,0,0,1
2712,15,2c00435d50c4a3b3,1.490611,16.033482,1,13633,1,1,0,0,1,0,0,0,0,0,0,0,0,0
2713,15,33deaab6465147f7,2.163493,15.5242,1,13586,1,0,0,0,0,0,0,0,0,0,0,0,0,1
2714,15,42b83afff543466a,1.625352,15.141596,1,13697,1,1,0,0,1,0,0,0,0,0,0,0,0,0
2715,15,bb83f91877406b74,1.222288,18.347699,1,13601,1,1,0,0,1,0,0,0,0,0,0,0,0,1
2716,15,34af298f79c84c53,0.918259,17.262785,1,13656,1,1,0,0,1,0,0,0,0,0,0,0,0,0
2717,15,f266372298c8a9b5,1.733507,16.44773,1,13539,1,0,0,0,0,0,0,0,0,0,0,0,0,1
2718,15,b08e7d5627a488ca,1.303622,15.849429,1,13619,1,1,0,0,1,0,0,0,0,0,0,0,0,0
2719,15,5c71c445b7d924b7,2.023016,18.864772,1,13529,2,1,0,0,1,0,0,0,0,0,0,0,0,1
2720,15,fc50ed93ede180e5,1.519816,20.0,1,13495,1,1,0,0,1,0,0,0,0,0,0,0,0,1
2721,15,9f42b3c916688a6f,2.185434,19.353089,1,13740,1,0,0,0,0,0,0,0,0,0,0,0,0,1
2722,15,5da00a23d38278f0,1.643478,18.034301,1,13635,1,1,0,0,1,0,0,0,0,0,0,0,0,0
2723,15,079d0658278eddd7,1.234683,20.0,1,13568,1,1,0,0,1,0,0,0,0,0,0,0,0,1
2724,15,34fc7c6a1e0c0c11,0.927572,18.884375,1,13717,1,1,0,0,1,0,0,0,0,0,0,0,0,0
2725,15,574fe74e8609ac70,0.697547,17.681821,1,13593,1,1,0,0,0,0,0,0,0,0,0,0,0,1
2726,15,7eb4a8c2977b3b9e,1.567694,16.762535,1,13509,1,0,0,0,1,0,0,0,0,0,0,0,0,0
2727,15,06db6edd9dc3a0bd,1.17775,19.550755,1,13582,1,1,0,0,1,0,0,0,0,0,0,0,0,1
2728,15,2a5d0720c8a926ba,0.8848,18.166596,1,13467,1,1,0,0,1,0,0,0,0,0,0,0,0,0
2729,15,17005c124a6e190e,1.709532,17.142041,1,13704,1,0,0,0,0,0,0,0,0,0,0,0,0,1
2730,15,fc54debdd470ece5,1.284308,16.357019,1,13513,1,1,0,0,1,0,0,0,0,0,0,0,0,0
2731,15,4b91129b21e84a36,0.964852,19.246106,1,13489,1,1,0,0,1,0,0,0,0,0,0,0,0,1
2732,15,5182188f8c90ec5d,0.725583,20.0,1,13560,1,1,0,0,1,0,0,0,0,0,0,0,0,1
2733,15,b185eee898353b3e,1.588757,16.102825,0,13623,1,0,0,0,0,0,0,0,0,0,0,0,0,0
2734,15,e880c87a71629f2c,1.193573,19.05514,1,15014,1,1,0,0,1,0,0,0,0,0,0,0,0,1
2735,15,b6287ecdce753495,1.94034,20.0,1,15183,2,1,0,0,1,0,0,0,0,0,0,0,0,1
2736,15,018bcf6112ba84c9,1.459164,20.0,1,16013,1,1,0,0,1,0,0,0,0,0,0,0,0,1
2737,15,851f5e9740a5c449,2.139868,17.247998,0,16183,1,0,0,0,0,0,0,0,0,0,0,0,0,0
2738,15,f318302066d5b4a8,2.651257,19.915465,1,15881,2,1,0,0,1,0,0,0,0,0,0,0,0,1
2739,15,d853d98b9cf39401,1.993783,20.0,1,15946,1,1,0,0,1,0,0,0,0,0,0,0,0,1
2740,15,264b6cedf6b18f72,1.497854,20.0,1,15832,1,1,0,0,1,0,0,0,0,0,0,0,0,1
2741,15,13b34a96e6917c19,3.212589,20.0,1,15627,2,0,0,0,0,0,0,0,0,0,0,0,0,1
2742,15,fd84a657ae752ee7,2.413498,20.0,1,16230,1,1,0,0,1,0,0,0,0,0,0,0,0,1
2743,15,0449fe8ea1821fd4,1.814985,20.0,1,15834,1,1,0,0,1,0,0,0,0,0,0,0,0,0
2744,15,b4da042c63e1fdc8,2.407184,20.0,1,15698,2,1,0,0,1,0,0,0,0,0,0,0,0,1
2745,15,b807fcf2a4581910,2.85208,20.0,1,15806,1,0,0,0,0,0,0,0,0,0,0,0,0,1
2746,15,375c247dcba0eb7f,2.144805,20.0,1,15318,1,1,0,0,1,0,0,0,0,0,0,0,0,1
2747,15,85e10ef8603fccb5,2.654965,20.0,1,15483,2,1,0,0,1,0,0,0,0,0,0,0,0,1
2748,15,f4ef21d0c1eceebc,1.994576,20.0,1,13891,1,1,0,0,1,0,0,0,0,0,0,0,0,0
2749,15,eed4924a40e6e706,2.542104,19.458754,1,12868,1,0,0,0,0,0,0,0,0,0,0,0,0,1
2750,15,91abdea65d065334,2.955849,20.0,1,13151,2,1,0,0,1,0,0,0,0,0,0,0,0,1
2751,15,27d150448305d6d3,2.220619,20.0,1,12843,1,1,0,0,1,0,0,0,0,0,0,0,0,1
2752,15,958f2969141cff73,1.668268,20.0,1,13121,1,1,0,0,1,0,0,0,0,0,0,0,0,1
2753,15,195aa62b883845ba,2.298712,18.328427,0,12797,1,0,0,0,0,0,0,0,0,0,0,0,0,0
2754,15,af70f7c644c23edd,1.726936,20.0,1,13256,1,1,0,0,1,0,0,0,0,0,0,0,0,1
2755,15,0bfec0a83fe03a5d,1.297383,20.0,1,13387,1,1,0,0,1,0,0,0,0,0,0,0,0,1
2756,15,56d24bf64217a4df,2.018328,16.925363,0,13377,1,0,0,0,0,0,0,0,0,0,0,0,0,0
2757,15,bfb769426058dc48,1.517812,19.689118,1,13618,1,1,0,0,1,0,0,0,0,0,0,0,0,1
2758,15,a786f0e152ff045d,1.140275,20.0,1,13769,1,1,0,0,1,0,0,0,0,0,0,0,0,1
2759,15,a91b48ffca964246,1.900299,16.339501,0,14767,2,1,0,0,0,0,0,0,0,0,0,0,0,0
2760,15,5986db46f55826a4,2.473203,19.248541,1,14543,1,0,0,0,1,0,0,0,0,0,0,0,0,1
2761,15,751477056cde9c27,1.858025,20.0,1,14383,1,1,0,0,1,0,0,0,0,0,0,0,0,1
2762,15,1565e7e06deaadf0,2.439518,16.090842,0,14335,1,0,0,0,0,0,0,0,0,0,0,0,0,0
2763,15,3091f205d4bfa5e2,2.876372,19.046137,1,14442,2,1,0,0,1,0,0,0,0,0,0,0,0,1
2764,15,d19d0eb3bd3574ef,2.163073,20.0,1,15901,1,1,0,0,1,0,0,0,0,0,0,0,0,1
2765,15,4a9f091058ad16e2,1.625036,19.468696,1,15834,1,1,0,0,0,0,0,0,0,0,0,0,0,1
2766,15,802e88fe7077dbca,3.308135,20.0,1,15646,2,0,0,0,1,0,0,0,0,0,0,0,0,1
2767,15,79359000d1d01c79,2.487765,20.0,1,15389,1,1,0,0,1,0,0,0,0,0,0,0,0,1
2768,15,ce0e0139fbcd4f8b,2.912618,20.0,1,15031,1,0,0,0,0,0,0,0,0,0,0,0,0,1
2769,15,e70c6d11d873dfa7,2.188141,19.182013,1,15024,1,1,0,0,1,0,0,0,0,0,0,0,0,0
2770,15,491d56a6888ccb68,1.643869,20.0,1,15708,1,1,0,0,1,0,0,0,0,0,0,0,0,1
2771,15,2e832a9f8b793634,2.280363,20.0,1,15504,2,1,0,0,1,0,0,0,0,0,0,0,0,1
2772,15,8ae62c98a6e8548a,2.756805,20.0,1,15285,1,0,0,0,0,0,0,0,0,0,0,0,0,1
2773,15,5fb66525c041fde4,2.071084,19.090602,1,15365,1,1,0,0,1,0,0,0,0,0,0,0,0,0
2774,15,d4479311672b275a,1.557485,20.0,1,15005,1,1,0,0,1,0,0,0,0,0,0,0,0,1
2775,15,9cb375b4ff119623,2.213734,16.014972,0,15026,1,0,0,0,0,0,0,0,0,0,0,0,0,0
2776,15,910f91c5b4297439,1.663095,18.989139,1,13912,1,1,0,0,1,0,0,0,0,0,0,0,0,1
2777,15,7009afd28e6346cd,1.249421,20.0,1,13217,1,1,0,0,1,0,0,0,0,0,0,0,0,1
2778,15,e1521cc91f936c0e,3.027884,19.44089,1,13373,2,0,0,0,0,0,0,0,0,0,0,0,0,1
2779,15,6d730dd28e487d96,2.274736,20.0,1,13358,1,1,0,0,1,0,0,0,0,0,0,0,0,1
2780,15,e0d568c59f619598,1.708924,19.678248,1,13309,1,1,0,0,1,0,0,0,0,0,0,0,0,0
2781,15,69eea651ce204cd0,2.329286,18.278824,1,13190,1,0,0,0,0,0,0,0,0,0,0,0,0,1
2782,15,ef3aedc05b77a5e9,1.749905,20.0,1,13412,1,1,0,0,1,0,0,0,0,0,0,0,0,1
2783,15,a2f63d573a4d2d04,2.358292,15.543538,0,13358,1,0,0,0,0,0,0,0,0,0,0,0,0,0
2784,15,b2f281cb78a4a7d2,1.771696,18.634968,1,13265,1,1,0,0,1,0,0,0,0,0,0,0,0,1
2785,15,307419f7a95fd327,2.376491,14.013762,0,13180,1,0,0,0,0,0,0,0,0,0,0,0,0,0
2786,15,1ee7a425ddb23789,1.785369,17.485704,1,13193,1,1,0,0,1,0,0,0,0,0,0,0,0,1
2787,15,aca061d26f57afd6,1.341281,16.615201,1,13181,1,1,0,0,1,0,0,0,0,0,0,0,0,0
2788,15,bb0611075d30786d,2.052813,15.975369,1,13253,1,0,0,0,0,0,0,0,0,0,0,0,0,1
2789,15,95942481b26ba761,2.585855,18.959387,1,13173,2,1,0,0,1,0,0,0,0,0,0,0,0,1
2790,15,9728251fe3c00355,2.98631,17.722323,1,14297,1,0,0,0,0,0,0,0,0,0,0,0,0,1
2791,15,60d17337b8aad8d5,2.243503,16.792963,1,13804,1,1,0,0,1,0,0,0,0,0,0,0,0,0
2792,15,bd9fdf0a2843205a,1.687146,16.109049,1,15915,1,1,0,0,0,0,0,0,0,0,0,0,0,1
2793,15,62408031a36deed5,2.311143,15.580971,1,15886,1,0,0,0,1,0,0,0,0,0,0,0,0,0
2794,15,60cec0262d3bd598,1.736275,18.66309,1,15599,1,1,0,0,1,0,0,0,0,0,0,0,0,1
2795,15,994b26146f4ed86b,2.349854,17.515412,1,14916,1,0,0,0,0,0,0,0,0,0,0,0,0,1
2796,15,8a2243d42ddf0715,1.765358,16.637518,1,14697,1,1,0,0,1,0,0,0,0,0,0,0,0,0
2797,15,1a6895d208963c02,2.369901,15.97799,1,14500,1,0,0,0,0,0,0,0,0,0,0,0,0,1
2798,15,1602cd8f9b309d2e,1.780418,15.482511,1,15263,1,1,0,0,1,0,0,0,0,0,0,0,0,0
2799,15,cc725c7d4456206a,2.38305,15.123571,1,14478,1,0,0,0,0,0,0,0,0,0,0,0,0,1
2800,15,48a67c3d0196e367,1.790296,14.840618,1,14419,1,1,0,0,1,0,0,0,0,0,0,0,0,0
2801,15,6d33116d26b32132,1.344983,18.106891,1,14154,1,1,0,0,1,0,0,0,0,0,0,0,0,1
2802,15,64f9d2b095a04701,3.099747,17.097141,1,14142,2,0,0,0,0,0,0,0,0,0,0,0,0,1
2803,15,5ed115823d7e4e05,2.328724,16.323288,1,14130,1,1,0,0,1,0,0,0,0,0,0,0,0,0
2804,16,1fd48474a6be9a50,1.749483,12.263076,0,14214,0,0,0,0,0,0,0,0,0,0,0,0,0,0
2805,16,530e0ea8d92a6d51,1.314322,16.17048,1,14137,1,1,0,0,1,0,0,0,0,0,0,0,0,1
2806,16,9d91a06f605c6d81,0.988389,15.640933,1,14034,1,1,0,0,1,0,0,0,0,0,0,0,0,0
2807,16,1bedfd585b1aa4b9,2.829846,15.229293,1,14240,2,0,0,0,0,0,0,0,0,0,0,0,0,1
2808,16,26a9669cba5af3ef,2.125958,18.398887,1,14265,1,1,0,0,1,0,0,0,0,0,0,0,0,1
2809,16,4f55c5e4b2d3c044,0.5546,17.316727,1,14030,0,1,0,0,1,0,0,0,0,0,0,0,0,0
2810,16,429a6cfc04b09590,1.460304,16.488254,1,14173,1,0,0,0,0,0,0,0,0,0,0,0,0,1
2811,16,bfd1095e82cc3b3f,1.097071,15.865854,1,14011,1,1,0,0,1,0,0,0,0,0,0,0,0,0
2812,16,e8a24dfe484cb614,0.824189,18.877112,1,14089,1,1,0,0,1,0,0,0,0,0,0,0,0,1
2813,16,a8eb40163c807ab7,1.663952,14.195857,0,13937,1,0,0,0,0,0,0,0,0,0,0,0,0,0
2814,16,b734eb68cadec0ba,2.293718,17.622506,1,13930,2,1,0,0,1,0,0,0,0,0,0,0,0,1
2815,16,03ed9d518f369873,2.766838,16.717974,1,13937,1,0,0,0,0,0,0,0,0,0,0,0,0,1
2816,16,cd43fcebe8f5e6e6,2.080702,19.533158,1,13962,1,1,0,0,1,0,0,0,0,0,0,0,0,1
2817,16,338e1a6d9a9334b5,1.563153,20.0,1,13988,1,1,0,0,1,0,0,0,0,0,0,0,0,1
2818,16,f71f04d2a5841727,1.174339,19.730323,1,13956,1,1,0,0,1,0,0,0,0,0,0,0,0,0
2819,16,dab4ff966e399802,0.882237,18.301499,1,14030,1,1,0,0,0,0,0,0,0,0,0,0,0,1
2820,16,339e340883d8ecaf,1.707605,20.0,1,13955,1,0,0,0,1,0,0,0,0,0,0,0,0,1
2821,16,0f3eea50b2030a66,1.28286,19.048004,1,14112,1,1,0,0,1,0,0,0,0,0,0,0,0,0
2822,16,157d3461e0a7f335,0.963765,20.0,1,13931,1,1,0,0,1,0,0,0,0,0,0,0,0,1
2823,16,f1991b9aba19249f,2.813066,19.474147,1,14074,2,0,0,0,0,0,0,0,0,0,0,0,0,1
2824,16,f0cae4ef532c2023,2.113351,20.0,1,14046,1,1,0,0,1,0,0,0,0,0,0,0,0,1
2825,16,3dc875a761d5c5ef,1.587682,20.0,1,14142,1,1,0,0,1,0,0,0,0,0,0,0,0,1
2826,16,e90cc852e180b7a9,1.192766,20.0,1,13875,1,1,0,0,1,0,0,0,0,0,0,0,0,0
2827,16,0843c071791750a4,0.896977,19.190082,1,14000,1,1,0,0,0,0,0,0,0,0,0,0,0,1
2828,16,e7652621d19bb2aa,1.717519,20.0,1,13911,1,0,0,0,1,0,0,0,0,0,0,0,0,1
2829,16,83403ab2ce2e5edc,1.290308,19.536693,1,13897,1,1,0,0,1,0,0,0,0,0,0,0,0,0
2830,16,31f44b91b5854a60,0.97033,20.0,1,13821,1,1,0,0,1,0,0,0,0,0,0,0,0,1
2831,16,9eeb382b0724ec5e,1.772626,16.266995,0,14023,1,0,0,0,0,0,0,0,0,0,0,0,0,0
2832,16,8cf44fb6a5bc2678,1.331707,19.178474,1,13945,1,1,0,0,1,0,0,0,0,0,0,0,0,1
2833,16,26302fd6db433208,1.000462,17.886915,1,14140,1,1,0,0,1,0,0,0,0,0,0,0,0,0
2834,16,212d5aa4658ea2f7,1.796512,16.931717,1,13932,1,0,0,0,0,0,0,0,0,0,0,0,0,1
2835,16,37a5a18fb6caef37,2.393306,19.677855,1,13952,2,1,0,0,1,0,0,0,0,0,0,0,0,1
2836,16,79c0b206a03c3fd7,1.798001,18.262081,1,14021,1,1,0,0,1,0,0,0,0,0,0,0,0,0
2837,16,066f19424897b5f9,1.352123,20.0,1,14013,1,1,0,0,1,0,0,0,0,0,0,0,0,1
2838,16,45cd890081455bb1,2.059452,15.546891,0,13985,1,0,0,0,0,0,0,0,0,0,0,0,0,0
2839,16,750fc310f3e0ed42,1.54719,18.637487,1,14100,1,1,0,0,1,0,0,0,0,0,0,0,0,1
2840,16,adc39f36c9059362,1.162346,17.480492,1,13833,1,1,0,0,1,0,0,0,0,0,0,0,0,0
2841,16,693f8e80d696f528,0.874101,20.0,1,13984,1,1,0,0,1,0,0,0,0,0,0,0,0,1
2842,16,5f8694262bdec3db,1.700332,18.584168,1,14042,2,1,0,0,0,0,0,0,0,0,0,0,0,1
2843,16,be87caf26ae80d84,2.32105,20.0,1,13845,1,0,0,0,1,0,0,0,0,0,0,0,0,1
2844,16,4b1d73b558ff518d,1.745462,19.212098,1,13883,1,1,0,0,1,0,0,0,0,0,0,0,0,0
2845,16,f36ec1ebfb66065a,1.311301,20.0,1,13894,1,1,0,0,1,0,0,0,0,0,0,0,0,1
2846,16,8bcb0108c5b59465,0.985131,19.549118,1,13898,1,1,0,0,1,0,0,0,0,0,0,0,0,0
2847,16,144d658975f33c99,1.783746,18.165366,1,13996,1,0,0,0,0,0,0,0,0,0,0,0,0,1
2848,16,7cc0640289db4a08,1.341402,20.0,1,13828,1,1,0,0,1,0,0,0,0,0,0,0,0,1
2849,16,8ae13877ca477144,1.007745,18.971095,1,13967,1,1,0,0,1,0,0,0,0,0,0,0,0,0
2850,16,89273edfc1fcab3b,1.800735,17.731119,1,13982,1,0,0,0,0,0,0,0,0,0,0,0,0,1
2851,16,ff509d4937e6c5a2,2.398329,20.0,1,13807,2,1,0,0,1,0,0,0,0,0,0,0,0,1
2852,16,a525ba8c6fda05e0,1.801775,20.0,1,13898,1,1,0,0,1,0,0,0,0,0,0,0,0,1
2853,16,9c34e789ab177fd0,1.353606,20.0,1,13771,1,1,0,0,1,0,0,0,0,0,0,0,0,1
2854,16,5806e9698a0d2317,1.016914,20.0,1,13941,1,1,0,0,1,0,0,0,0,0,0,0,0,0
2855,16,65bf1cd447797f08,0.764733,19.451838,1,13873,1,1,0,0,0,0,0,0,0,0,0,0,0,1
2856,16,b06c22a10c518c04,1.618169,18.092283,1,13852,1,0,0,0,1,0,0,0,0,0,0,0,0,0
2857,16,f0f1f40ae0008ff0,2.259323,20.0,1,13901,2,1,0,0,1,0,0,0,0,0,0,0,0,1
2858,16,954e472fdb2cd921,1.699043,20.0,1,13812,1,1,0,0,1,0,0,0,0,0,0,0,0,1
2859,16,f17697aa27d40f0a,1.276428,20.0,1,13919,1,1,0,0,0,0,0,0,0,0,0,0,0,1
2860,16,76320273c53705ec,2.002586,20.0,1,14007,1,0,0,0,1,0,0,0,0,0,0,0,0,1
2861,16,22fed034d49683cc,2.548121,20.0,1,13755,2,1,0,0,1,0,0,0,0,0,0,0,0,0
2862,16,f0b9c73bce37e583,1.916223,20.0,1,13840,1,1,0,0,1,0,0,0,0,0,0,0,0,1
2863,16,222567fb1694f051,2.48324,20.0,1,13720,1,0,0,0,0,0,0,0,0,0,0,0,0,1
2864,16,3208e0e284c2bc4f,1.865566,18.583388,1,13927,1,1,0,0,1,0,0,0,0,0,0,0,0,0
2865,16,9bcaeb3483fcd7c2,1.402932,20.0,1,13754,1,1,0,0,1,0,0,0,0,0,0,0,0,1
2866,16,fe8a26206423eacd,1.05397,19.207261,1,13741,1,1,0,0,1,0,0,0,0,0,0,0,0,0
2867,16,f2f2d3b60e90ed71,1.835462,20.0,1,13837,2,1,0,0,1,0,0,0,0,0,0,0,0,1
2868,16,0e84052fedb16a60,2.422567,19.546388,1,13761,1,0,0,0,0,0,0,0,0,0,0,0,0,1
2869,16,7d4cff386e8cd48b,1.821805,20.0,1,13680,1,1,0,0,1,0,0,0,0,0,0,0,0,1
2870,16,908c9916fafe99d6,1.368654,19.751317,1,13827,1,1,0,0,0,0,0,0,0,0,0,0,0,1
2871,16,809fdbdd03a6a08e,3.115525,20.0,1,13849,2,0,0,0,1,0,0,0,0,0,0,0,0,1
2872,16,dfaf84098e2a0182,2.342919,19.871491,1,13613,1,1,0,0,1,0,0,0,0,0,0,0,0,0
2873,16,de1f003b45222f03,1.760148,20.0,1,13828,1,1,0,0,1,0,0,0,0,0,0,0,0,1
2874,16,b928254cb0f4ce7a,2.365987,16.442432,0,13927,1,0,0,0,0,0,0,0,0,0,0,0,0,0
2875,16,1de35e8a0580f8e1,1.777477,19.310274,1,13862,1,1,0,0,1,0,0,0,0,0,0,0,0,1
2876,16,07888ab35aca9b86,1.336688,20.0,1,13594,1,1,0,0,1,0,0,0,0,0,0,0,0,1
2877,16,7959d0cfdd200be5,2.047857,16.139078,0,13841,1,0,0,0,0,0,0,0,0,0,0,0,0,0
2878,16,8ee1148c88e1bb7f,2.582132,19.082375,1,13799,2,1,0,0,1,0,0,0,0,0,0,0,0,1
2879,16,c3b38ff5a4e5fd45,1.9418,20.0,1,13839,1,1,0,0,1,0,0,0,0,0,0,0,0,1
2880,16,23996e353325a823,1.458802,20.0,1,13791,1,1,0,0,1,0,0,0,0,0,0,0,0,1
2881,16,4584c5993c4c5792,2.139597,20.0,1,13741,1,0,0,0,0,0,0,0,0,0,0,0,0,1
2882,16,f7ac0f33bd696ad1,2.651052,20.0,1,13641,2,1,0,0,1,0,0,0,0,0,0,0,0,1
2883,16,77fbdef6be6829bf,1.993629,16.946084,0,13664,1,1,0,0,0,0,0,0,0,0,0,0,0,0
2884,16,9c5e6348dade8270,2.541392,19.688648,1,13721,1,0,0,0,1,0,0,0,0,0,0,0,0,1
2885,16,23cd70ca33890fed,1.909253,20.0,1,13809,1,1,0,0,1,0,0,0,0,0,0,0,0,1
2886,16,c5b9567e4cb54a21,2.479936,16.355584,0,13687,1,0,0,0,0,0,0,0,0,0,0,0,0,0
2887,16,296ea2e5506d5457,1.863083,19.245028,1,13749,1,1,0,0,1,0,0,0,0,0,0,0,0,1
2888,16,684018b2db8b4c75,2.443318,14.45807,0,13592,1,0,0,0,0,0,0,0,0,0,0,0,0,0
2889,16,73ddc3e0978d9377,1.835574,17.819496,1,13780,1,1,0,0,1,0,0,0,0,0,0,0,0,1
2890,16,1bab5d6ba36c8504,2.424528,13.400515,0,13788,1,0,0,0,0,0,0,0,0,0,0,0,0,0
2891,16,14ac4711baf922b6,2.865111,17.024995,1,13800,2,1,0,0,1,0,0,0,0,0,0,0,0,1
2892,16,f9faff44a9a40529,2.15245,19.747932,1,13666,1,1,0,0,1,0,0,0,0,0,0,0,0,1
2893,16,b7c368fe10dbe2aa,2.662824,18.331228,1,13557,1,0,0,0,0,0,0,0,0,0,0,0,0,1
2894,16,fbcff011c750f16f,2.00048,17.250411,1,13632,1,1,0,0,1,0,0,0,0,0,0,0,0,0
2895,16,1cf7a548c1332fbf,1.502886,19.917278,1,13568,1,1,0,0,1,0,0,0,0,0,0,0,0,1
2896,16,c7dca34fe5c74b52,2.172715,14.963106,0,13555,1,0,0,0,0,0,0,0,0,0,0,0,0,0
2897,16,8da81b453a9b00d0,1.633913,18.213472,1,13591,1,1,0,0,1,0,0,0,0,0,0,0,0,1
2898,16,c14d15e31b26ee2d,1.227498,13.683101,0,13472,1,1,0,0,0,0,0,0,0,0,0,0,0,0
2899,16,8ab4c35dac7feb1b,1.965826,17.237291,1,13525,1,0,0,0,1,0,0,0,0,0,0,0,0,1
2900,16,41ee9386bfbef383,1.47833,16.44319,1,13642,1,1,0,0,1,0,0,0,0,0,0,0,0,0
2901,16,2f0a789f4dc10e25,1.110614,19.310843,1,13528,1,1,0,0,1,0,0,0,0,0,0,0,0,1
2902,16,0069be2d171f535e,0.834363,14.507515,0,13675,1,1,0,0,0,0,0,0,0,0,0,0,0,0
2903,16,70999c15fa208bfb,1.670479,17.856642,1,13634,1,0,0,0,1,0,0,0,0,0,0,0,0,1
2904,16,03719d390724baea,1.256224,16.908951,1,13574,1,1,0,0,1,0,0,0,0,0,0,0,0,0
2905,16,b45eeaba0f2389b6,1.987407,16.181908,1,13580,1,0,0,0,0,0,0,0,0,0,0,0,0,1
2906,16,2db91c5a3da641d6,1.493065,15.635707,1,13448,1,1,0,0,1,0,0,0,0,0,0,0,0,0
2907,16,dc0959974c8f1f78,1.122806,18.719278,1,13527,1,1,0,0,1,0,0,0,0,0,0,0,0,1
2908,16,31c82bc6cd07a1d0,0.843522,17.541938,1,13511,1,1,0,0,0,0,0,0,0,0,0,0,0,1
2909,16,e7cccb8d090b0eb6,1.67736,16.657447,1,13723,1,0,0,0,1,0,0,0,0,0,0,0,0,0
2910,16,9c439ee943f16500,1.260138,19.471806,1,13836,1,1,0,0,1,0,0,0,0,0,0,0,0,1
2911,16,a215fd0c41d342d4,0.947642,20.0,1,13548,1,1,0,0,1,0,0,0,0,0,0,0,0,1
2912,16,918d60c328662234,1.755581,16.230337,0,13748,1,0,0,0,0,0,0,0,0,0,0,0,0,0
2913,16,6b08a4c55c22e69e,2.362556,20.0,1,13687,2,1,0,0,1,0,0,0,0,0,0,0,0,2
2914,16,255207cc2c8fdde7,1.776676,20.0,1,13600,1,1,0,0,1,0,0,0,0,0,0,0,0,0
2915,16,1c5997354e79f0ad,1.33475,20.0,1,13805,1,1,0,0,1,0,0,0,0,0,0,0,0,1
2916,16,6cdfb743375db81c,2.046401,16.796267,0,13550,1,0,0,0,0,0,0,0,0,0,0,0,0,0
2917,16,f03940c82ac8d2fb,1.537385,19.576097,1,13798,1,1,0,0,1,0,0,0,0,0,0,0,0,1
2918,16,64f7a2ca4e49b5b3,1.156135,18.202005,1,13729,1,1,0,0,1,0,0,0,0,0,0,0,0,0
2919,16,2ae90ab38b0ea59d,0.868561,20.0,1,13782,1,1,0,0,1,0,0,0,0,0,0,0,0,1
2920,16,15754ef0ce4bc799,1.696171,20.0,1,13888,2,1,0,0,1,0,0,0,0,0,0,0,0,1
2921,16,6f5469b0eb145b76,2.319695,20.0,1,13768,1,0,0,0,0,0,0,0,0,0,0,0,0,1
2922,16,e6417c56124f5ce9,1.7427,18.781419,1,13873,1,1,0,0,1,0,0,0,0,0,0,0,0,0
2923,16,3a9cc99052507137,1.309226,20.0,1,13936,1,1,0,0,1,0,0,0,0,0,0,0,0,1
2924,16,5318af782f0df987,2.027226,15.8272,0,13908,1,0,0,0,0,0,0,0,0,0,0,0,0,0
2925,16,d56662e0b1518202,2.568653,18.863283,1,13962,2,1,0,0,1,0,0,0,0,0,0,0,0,1
2926,16,a1dbf0bfd939327d,1.929733,20.0,1,14022,1,1,0,0,1,0,0,0,0,0,0,0,0,1
2927,16,15b4cfb8dc7370b0,1.449736,20.0,1,13967,1,1,0,0,1,0,0,0,0,0,0,0,0,1
2928,16,ab2a636f3472785e,1.090222,20.0,1,13858,1,1,0,0,0,0,0,0,0,0,0,0,0,1
2929,16,47fc2d2b25b94248,1.862697,18.992274,1,14191,1,0,0,0,1,0,0,0,0,0,0,0,0,0
2930,16,bb515cc179bc7bcd,1.399374,20.0,1,13767,1,1,0,0,1,0,0,0,0,0,0,0,0,1
2931,16,bd25a83921ffaf06,1.051298,20.0,1,14065,1,1,0,0,1,0,0,0,0,0,0,0,0,1
2932,16,973dcd557efd70a4,0.790591,20.0,1,14045,1,1,0,0,1,0,0,0,0,0,0,0,0,0
2933,16,f4acecc7d91f8a60,1.637595,19.033404,1,13974,1,0,0,0,0,0,0,0,0,0,0,0,0,1
2934,16,cb51cfd5bc8e0866,1.230264,17.77793,1,14038,1,1,0,0,1,0,0,0,0,0,0,0,0,0
2935,16,26f518e116ce1d14,0.925176,20.0,1,13896,1,1,0,0,1,0,0,0,0,0,0,0,0,1
2936,16,813ae52b4f5cd4c6,1.738703,20.0,1,14203,2,1,0,0,1,0,0,0,0,0,0,0,0,1
2937,16,070a8e8cc658521e,2.349876,16.701359,0,14126,1,0,0,0,0,0,0,0,0,0,0,0,0,0
2938,16,19ad95fa85965f03,1.765374,19.504796,1,14084,1,1,0,0,1,0,0,0,0,0,0,0,0,1
2939,16,7cab6bd0eb8c018f,1.327587,18.148386,1,14058,1,1,0,0,1,0,0,0,0,0,0,0,0,0
2940,16,9496b5c371c50574,0.997366,20.0,1,14129,1,1,0,0,1,0,0,0,0,0,0,0,0,1
2941,16,e02b163a14fb1811,1.792937,15.46992,0,14206,1,0,0,0,0,0,0,0,0,0,0,0,0,0
2942,16,5922081e930533f2,1.348314,18.594603,1,14283,1,1,0,0,1,0,0,0,0,0,0,0,0,1
2943,16,06a14ba7d2b407cb,1.012938,17.448275,1,14136,1,1,0,0,1,0,0,0,0,0,0,0,0,0
2944,16,521450f85fc10c7e,1.804636,20.0,1,14264,2,1,0,0,1,0,0,0,0,0,0,0,0,1
2945,16,486b1bc027108779,1.355756,20.0,1,14413,1,1,0,0,1,0,0,0,0,0,0,0,0,1
2946,16,51558366bffde1b8,2.063698,20.0,1,14330,1,0,0,0,0,0,0,0,0,0,0,0,0,1
2947,16,357d4ce80897be32,1.550379,20.0,1,14595,1,1,0,0,1,0,0,0,0,0,0,0,0,1
2948,16,92bf06a3be0edbb2,1.164742,20.0,1,14417,1,1,0,0,1,0,0,0,0,0,0,0,0,0
2949,16,d41dbc8be39f297e,1.920053,18.537025,1,14579,1,0,0,0,0,0,0,0,0,0,0,0,0,1
2950,16,af032e4a56af0158,2.486117,20.0,1,14460,2,1,0,0,1,0,0,0,0,0,0,0,0,1
2951,16,1cb696b44fd26f94,1.867727,19.16811,1,14579,1,1,0,0,1,0,0,0,0,0,0,0,0,0
2952,16,c46e084988a2ec3f,2.446807,17.879129,1,14603,1,0,0,0,0,0,0,0,0,0,0,0,0,1
2953,16,93600c942ffb563a,1.840034,20.0,1,14510,1,1,0,0,1,0,0,0,0,0,0,0,0,1
2954,16,503c76479d54cfec,1.382348,18.809382,1,14557,1,1,0,0,1,0,0,0,0,0,0,0,0,0
2955,16,1d51d065c4ea76f0,1.038507,17.60963,1,14558,1,1,0,0,0,0,0,0,0,0,0,0,0,1
2956,16,ff155b6f0ba1f912,2.869273,20.0,1,14500,2,0,0,0,1,0,0,0,0,0,0,0,0,1
2957,16,f60d8bb3753234df,2.155577,20.0,1,14568,1,1,0,0,1,0,0,0,0,0,0,0,0,1
2958,16,3b3a1e9b142071ce,1.619405,20.0,1,14777,1,1,0,0,1,0,0,0,0,0,0,0,0,0
2959,16,769abeac29d2fd42,2.260252,18.585813,1,14555,1,0,0,0,0,0,0,0,0,0,0,0,0,1
2960,16,379d4efdb2ffeb79,2.743892,20.0,1,14729,2,1,0,0,1,0,0,0,0,0,0,0,0,1
2961,16,fe4ae894cdbf1639,2.061383,19.208631,1,14785,1,1,0,0,1,0,0,0,0,0,0,0,0,0
2962,16,36b5457f9890dff0,1.54864,20.0,1,14716,1,1,0,0,1,0,0,0,0,0,0,0,0,1
2963,16,b098bbb4102479c4,2.20875,16.084393,0,14760,1,0,0,0,0,0,0,0,0,0,0,0,0,0
2964,16,9cfbc522f9cec8b7,1.659351,19.041292,1,14779,1,1,0,0,1,0,0,0,0,0,0,0,0,1
2965,16,ab155ace67538cd9,2.290262,20.0,1,14743,2,1,0,0,1,0,0,0,0,0,0,0,0,1
2966,16,943d6fbaa57a6325,1.720588,19.452716,1,14968,1,1,0,0,0,0,0,0,0,0,0,0,0,1
2967,16,06d166aa76747abb,2.338057,20.0,1,14792,1,0,0,0,1,0,0,0,0,0,0,0,0,1
2968,16,01acb05666a560bb,1.756495,19.698397,1,14867,1,1,0,0,1,0,0,0,0,0,0,0,0,0
2969,16,5326a647843da347,2.363242,18.277513,1,14950,1,0,0,0,0,0,0,0,0,0,0,0,0,1
2970,16,2ca5ae76cf13fb39,2.821343,20.0,1,14898,2,1,0,0,1,0,0,0,0,0,0,0,0,1
2971,16,900199d7114c3ff6,2.119569,20.0,1,14909,1,1,0,0,1,0,0,0,0,0,0,0,0,1
2972,16,5bd93c5b6d78c671,2.636006,20.0,1,14889,1,0,0,0,0,0,0,0,0,0,0,0,0,1
2973,16,8ffb28eee156db55,1.980333,18.798775,1,14855,1,1,0,0,1,0,0,0,0,0,0,0,0,0
2974,16,18b55b1a8fcdd5d6,3.57754,17.617448,1,14891,2,0,0,0,0,0,0,0,0,0,0,0,0,1
2975,16,d82738fe564d0f13,2.687672,20.0,1,14976,1,1,0,0,1,0,0,0,0,0,0,0,0,1
2976,16,d0a5c3e057a920e8,3.062801,15.170261,0,14967,1,0,0,0,0,0,0,0,0,0,0,0,0,0
2977,16,896caafc140503c5,2.30327,18.369256,1,15101,1,1,0,0,1,0,0,0,0,0,0,0,0,1
2978,16,f9014a2278fe991d,1.730361,17.27898,1,15141,1,1,0,0,1,0,0,0,0,0,0,0,0,0
2979,16,ee18f306c06ff068,2.343609,16.459896,1,15057,1,0,0,0,0,0,0,0,0,0,0,0,0,1
2980,17,1fd48474a6be9a50,1.760665,15.844549,1,14098,1,1,0,0,1,0,0,0,0,0,0,0,0,0
2981,17,530e0ea8d92a6d51,1.324046,18.87633,1,13946,1,1,0,0,1,0,0,0,0,0,0,0,0,1
2982,17,9d91a06f605c6d81,2.038359,17.659926,1,14126,1,0,0,0,0,0,0,0,0,0,0,0,0,1
2983,17,1bedfd585b1aa4b9,1.531343,16.746086,1,14225,1,1,0,0,1,0,0,0,0,0,0,0,0,0
2984,17,26a9669cba5af3ef,1.151592,19.554299,1,14184,1,1,0,0,1,0,0,0,0,0,0,0,0,1
2985,17,4f55c5e4b2d3c044,1.908801,20.0,1,14180,2,1,0,0,1,0,0,0,0,0,0,0,0,1
2986,17,429a6cfc04b09590,2.477664,19.742255,1,14119,1,0,0,0,0,0,0,0,0,0,0,0,0,1
2987,17,bfd1095e82cc3b3f,1.861377,18.310463,1,14210,1,1,0,0,1,0,0,0,0,0,0,0,0,0
2988,17,e8a24dfe484cb614,2.443932,17.250231,1,13974,1,0,0,0,0,0,0,0,0,0,0,0,0,1
2989,17,a8eb40163c807ab7,1.836035,16.438298,1,13937,1,1,0,0,1,0,0,0,0,0,0,0,0,0
2990,17,b734eb68cadec0ba,1.379344,19.307168,1,13829,1,1,0,0,1,0,0,0,0,0,0,0,0,1
2991,17,03ed9d518f369873,1.037287,14.519265,0,14038,1,1,0,0,0,0,0,0,0,0,0,0,0,0
2992,17,cd43fcebe8f5e6e6,1.822928,17.86547,1,13955,1,0,0,0,1,0,0,0,0,0,0,0,0,1
2993,17,338e1a6d9a9334b5,1.369498,16.900505,1,14032,1,1,0,0,1,0,0,0,0,0,0,0,0,0
2994,17,f71f04d2a5841727,1.028852,19.654406,1,14126,1,1,0,0,1,0,0,0,0,0,0,0,0,1
2995,17,dab4ff966e399802,1.817862,14.780394,0,14026,1,0,0,0,0,0,0,0,0,0,0,0,0,0
2996,17,339e340883d8ecaf,1.365692,18.061646,1,13842,1,1,0,0,1,0,0,0,0,0,0,0,0,1
2997,17,0f3eea50b2030a66,1.025993,17.047884,1,14160,1,1,0,0,1,0,0,0,0,0,0,0,0,0
2998,17,157d3461e0a7f335,1.815712,16.300754,1,13777,2,1,0,0,0,0,0,0,0,0,0,0,0,1
2999,17,f1991b9aba19249f,2.40773,19.203836,1,14059,1,0,0,0,1,0,0,0,0,0,0,0,0,1
3000,17,f0cae4ef532c2023,1.808838,20.0,1,13954,1,1,0,0,1,0,0,0,0,0,0,0,0,1
3001,17,3dc875a761d5c5ef,1.358912,20.0,1,14247,1,1,0,0,1,0,0,0,0,0,0,0,0,1
3002,17,e90cc852e180b7a9,1.021921,20.0,1,13819,1,1,0,0,1,0,0,0,0,0,0,0,0,0
3003,17,0843c071791750a4,0.767731,19.100863,1,14074,1,1,0,0,0,0,0,0,0,0,0,0,0,1
3004,17,e7652621d19bb2aa,0.576768,17.828609,1,13927,1,1,0,0,1,0,0,0,0,0,0,0,0,0
3005,17,83403ab2ce2e5edc,1.477888,20.0,1,13926,1,0,0,0,1,0,0,0,0,0,0,0,0,1
3006,17,31f44b91b5854a60,1.110282,18.780841,1,13998,1,1,0,0,1,0,0,0,0,0,0,0,0,0
3007,17,9eeb382b0724ec5e,1.877767,20.0,1,13928,2,1,0,0,1,0,0,0,0,0,0,0,0,1
3008,17,8cf44fb6a5bc2678,1.410696,20.0,1,13903,1,1,0,0,1,0,0,0,0,0,0,0,0,1
3009,17,26302fd6db433208,2.105014,20.0,1,13953,1,0,0,0,0,0,0,0,0,0,0,0,0,1
3010,17,212d5aa4658ea2f7,1.581418,18.965987,1,13869,1,1,0,0,1,0,0,0,0,0,0,0,0,0
3011,17,37a5a18fb6caef37,1.18806,20.0,1,14086,1,1,0,0,1,0,0,0,0,0,0,0,0,1
3012,17,79c0b206a03c3fd7,0.893438,19.427811,1,14081,1,1,0,0,1,0,0,0,0,0,0,0,0,0
3013,17,c2376b0af88b997c,2.758514,18.074232,1,14016,2,0,0,0,0,0,0,0,0,0,0,0,0,1
3014,17,6484211bcaa3988b,2.072368,20.0,1,13853,1,1,0,0,1,0,0,0,0,0,0,0,0,1
3015,17,bb6c2f7a25964c84,1.556893,18.906912,1,14160,1,1,0,0,1,0,0,0,0,0,0,0,0,0
3016,17,66b1f64089a6f384,1.170806,20.0,1,13850,1,1,0,0,1,0,0,0,0,0,0,0,0,1
3017,17,ea8c132e457af786,0.879582,19.390039,1,13981,1,1,0,0,1,0,0,0,0,0,0,0,0,0
3018,17,052f36be903b4c06,1.704451,18.045856,1,13909,1,0,0,0,0,0,0,0,0,0,0,0,0,1
3019,17,8e82ec90f90651e7,1.281771,17.051242,1,14029,1,1,0,0,1,0,0,0,0,0,0,0,0,0
3020,17,4f7951c9fb9652a2,0.962947,19.76765,1,14102,1,1,0,0,1,0,0,0,0,0,0,0,0,1
3021,17,d7844e8c8ba22263,0.723426,14.850697,0,14085,1,1,0,0,0,0,0,0,0,0,0,0,0,0
3022,17,6924a5f6007e7c0e,2.63079,18.114462,1,14025,2,0,0,0,1,0,0,0,0,0,0,0,0,1
3023,17,989e039664e0383c,1.978391,20.0,1,13845,1,1,0,0,1,0,0,0,0,0,0,0,0,1
3024,17,b83094f7827bc2cc,1.486291,20.0,1,13815,1,1,0,0,1,0,0,0,0,0,0,0,0,1
3025,17,d70399cdf9ed2253,2.160249,20.0,1,13987,1,0,0,0,0,0,0,0,0,0,0,0,0,1
3026,17,ffe0a7377361fbe8,2.668688,20.0,1,13956,2,1,0,0,1,0,0,0,0,0,0,0,0,1
3027,17,6bacbc7497219c94,2.004886,20.0,1,14001,1,1,0,0,1,0,0,0,0,0,0,0,0,1
3028,17,766c142925e80d9b,1.506196,20.0,1,14020,1,1,0,0,1,0,0,0,0,0,0,0,0,0
3029,17,d6e4501b7407447d,1.131548,20.0,1,14019,1,1,0,0,1,0,0,0,0,0,0,0,0,1
3030,17,93c90bd1b22461a4,2.939242,20.0,1,13886,2,0,0,0,0,0,0,0,0,0,0,0,0,1
3031,17,32134b765ccf6fa2,2.208142,20.0,1,14089,1,1,0,0,1,0,0,0,0,0,0,0,0,1
3032,17,edbb1b237f6f8141,1.658895,20.0,1,14003,1,1,0,0,1,0,0,0,0,0,0,0,0,0
3033,17,c4739f05c1ff2efd,1.247513,20.0,1,13843,1,1,0,0,1,0,0,0,0,0,0,0,0,1
3034,17,ca0971b523ab45b2,0.93721,20.0,1,14074,1,1,0,0,1,0,0,0,0,0,0,0,0,0
3035,17,f18e9c00f8624c51,0.70409,18.680623,1,13932,1,1,0,0,0,0,0,0,0,0,0,0,0,1
3036,17,fe74e5da29b347fd,1.57261,20.0,1,14054,1,0,0,0,1,0,0,0,0,0,0,0,0,1
3037,17,10d496b4663bc6b6,2.226776,20.0,1,13952,2,1,0,0,1,0,0,0,0,0,0,0,0,1
3038,17,c1eea8f9c0febeb8,1.672893,20.0,1,13904,1,1,0,0,1,0,0,0,0,0,0,0,0,0
3039,17,8c5bfe3716835382,2.300436,18.930728,1,13975,1,0,0,0,0,0,0,0,0,0,0,0,0,1
3040,17,26d9ffb64b6de79c,1.72996,20.0,1,13837,1,1,0,0,1,0,0,0,0,0,0,0,0,1
3041,17,99ad9bbd22202199,1.299655,20.0,1,13984,1,1,0,0,1,0,0,0,0,0,0,0,0,1
3042,17,ba04675233c68b3b,0.976382,20.0,1,13864,1,1,0,0,1,0,0,0,0,0,0,0,0,0
3043,17,4a56fa8141c32c19,1.777173,19.00706,1,14006,2,1,0,0,0,0,0,0,0,0,0,0,0,1
3044,17,eff3cb35f31610fa,2.38061,20.0,1,13836,1,0,0,0,1,0,0,0,0,0,0,0,0,1
3045,17,ebb096da8b7ace62,1.788463,20.0,1,13943,1,1,0,0,1,0,0,0,0,0,0,0,0,1
3046,17,e58be22c083ad9d6,1.343605,20.0,1,14018,1,1,0,0,1,0,0,0,0,0,0,0,0,1
3047,17,520794db6a32a2b5,1.01041,18.184255,0,13759,1,1,0,0,0,0,0,0,0,0,0,0,0,0
3048,17,cceec8060cea538f,1.802737,20.0,1,14056,1,0,0,0,1,0,0,0,0,0,0,0,0,1
3049,17,51287a1f4ea9b00d,2.397982,20.0,1,13852,2,1,0,0,1,0,0,0,0,0,0,0,0,1
3050,17,e1d9642a02a27189,1.801514,20.0,1,13816,0,0,0,0,0,0,0,0,0,0,0,0,0,1
3051,17,a294c2535d512897,2.398915,18.778786,1,13897,2,1,0,0,1,0,0,0,0,0,0,0,0,0
3052,17,c5c7533053b0103a,1.802215,20.0,1,14037,1,1,0,0,1,0,0,0,0,0,0,0,0,1
3053,17,3c6c0b16ea2997da,1.353937,19.304559,1,13970,1,1,0,0,1,0,0,0,0,0,0,0,0,0
3054,17,857b7b015db309af,2.06233,17.997805,1,13967,1,0,0,0,0,0,0,0,0,0,0,0,0,1
3055,17,02dbfe7f533b644f,1.549352,20.0,1,13951,1,1,0,0,1,0,0,0,0,0,0,0,0,1
3056,17,0e9197a312c3b827,1.16397,18.863777,1,13870,1,1,0,0,1,0,0,0,0,0,0,0,0,0
3057,17,ba8b6815578568b9,1.918101,17.650495,1,14044,1,0,0,0,0,0,0,0,0,0,0,0,0,1
3058,17,66dd7853064cd037,1.442439,16.753925,1,13898,1,1,0,0,1,0,0,0,0,0,0,0,0,0
3059,17,a4838235ae942aab,2.127304,16.065442,1,13820,1,0,0,0,0,0,0,0,0,0,0,0,0,1
3060,17,e74d447dc0606f75,2.641817,19.027055,1,14185,2,1,0,0,1,0,0,0,0,0,0,0,0,1
3061,17,10df9a39134a9d50,1.986684,17.789118,1,13850,1,1,0,0,1,0,0,0,0,0,0,0,0,0
3062,17,5208ab4461b62341,2.536175,16.843144,1,13922,1,0,0,0,0,0,0,0,0,0,0,0,0,1
3063,17,198ab552bfc6be66,1.905333,16.132469,1,13923,1,1,0,0,1,0,0,0,0,0,0,0,0,0
3064,17,0e2ceaabe15fdb7c,2.475059,15.598565,1,13992,1,0,0,0,0,0,0,0,0,0,0,0,0,1
3065,17,a0be1849b97be760,2.90543,18.691347,1,13946,2,1,0,0,1,0,0,0,0,0,0,0,0,1
3066,17,b627c0acc6f5dd72,2.182741,20.0,1,13858,1,1,0,0,1,0,0,0,0,0,0,0,0,1
3067,17,2ad5a832140df023,2.683465,15.776364,0,13799,1,0,0,0,0,0,0,0,0,0,0,0,0,0
3068,17,011c101988854854,2.018004,18.825054,1,13829,1,1,0,0,1,0,0,0,0,0,0,0,0,1
3069,17,d7d94676931b9984,1.516051,20.0,1,13751,1,1,0,0,1,0,0,0,0,0,0,0,0,1
3070,17,ce19fd079223db6e,2.182606,15.851828,0,13620,1,0,0,0,0,0,0,0,0,0,0,0,0,0
3071,17,2ac0390fdaf55632,1.63971,18.866575,1,13579,1,1,0,0,1,0,0,0,0,0,0,0,0,1
3072,17,13fa3d717cc4f173,1.233085,17.668435,1,13897,1,1,0,0,1,0,0,0,0,0,0,0,0,0
3073,17,2a366df43b8821bd,1.970024,16.752479,1,13953,1,0,0,0,0,0,0,0,0,0,0,0,0,1
3074,17,28107cb270c234e3,1.480006,16.064356,1,13903,1,1,0,0,1,0,0,0,0,0,0,0,0,0
3075,17,e6ad969e736378d7,1.112985,19.041628,1,13995,1,1,0,0,1,0,0,0,0,0,0,0,0,1
3076,17,f5bbe3eb080ea665,1.879798,14.305263,0,13893,1,0,0,0,0,0,0,0,0,0,0,0,0,0
3077,17,7792770896f59847,1.412222,17.704699,1,13753,1,1,0,0,1,0,0,0,0,0,0,0,0,1
3078,17,221eed2ed29237f8,2.104603,20.0,1,13958,2,1,0,0,1,0,0,0,0,0,0,0,0,1
3079,17,3342864d32dd55de,0.538541,18.715233,1,13801,0,1,0,0,1,0,0,0,0,0,0,0,0,0
3080,17,47738e6b5bd1ea26,1.448239,17.538899,1,13844,2,1,0,0,0,0,0,0,0,0,0,0,0,1
3081,17,878a68f20d79c0df,2.131661,20.0,1,13796,1,0,0,0,1,0,0,0,0,0,0,0,0,1
3082,17,cbeb2a05194d7bf3,0.558889,18.621563,1,13741,0,1,0,0,1,0,0,0,0,0,0,0,0,0
3083,17,ae6512f2b25ff6ed,0.419872,20.0,1,13697,1,1,0,0,1,0,0,0,0,0,0,0,0,1
3084,17,7c65d4740e45b470,1.359088,15.736978,0,13730,1,0,0,0,0,0,0,0,0,0,0,0,0,0
3085,17,fa41aa6d89f87074,1.021032,18.780293,1,13804,1,1,0,0,1,0,0,0,0,0,0,0,0,1
3086,17,9145d2dacd7747d5,1.811981,20.0,1,13641,2,1,0,0,1,0,0,0,0,0,0,0,0,1
3087,17,95f5a831367f055d,1.361274,20.0,1,13812,1,1,0,0,1,0,0,0,0,0,0,0,0,1
3088,17,a427938b8be938d0,2.066327,17.126796,0,13718,1,0,0,0,0,0,0,0,0,0,0,0,0,0
3089,17,6098d79621b7c524,1.553908,19.840598,1,13660,1,1,0,0,1,0,0,0,0,0,0,0,0,1
3090,17,f1980cc91441882c,1.167393,18.384344,1,13819,1,1,0,0,1,0,0,0,0,0,0,0,0,0
3091,17,15e526d13416f243,0.877018,20.0,1,13858,1,1,0,0,1,0,0,0,0,0,0,0,0,1
3092,17,a16211d44f069988,1.702525,19.081938,1,13791,1,0,0,0,0,0,0,0,0,0,0,0,0,1
3093,17,29581ba4c913c1fe,1.280323,17.830391,1,13732,1,1,0,0,1,0,0,0,0,0,0,0,0,0
3094,17,755c9388f5dafc75,2.005512,16.874151,1,13746,1,0,0,0,0,0,0,0,0,0,0,0,0,1
3095,17,1520c005ea6b66f4,1.506666,19.634608,1,13725,1,1,0,0,1,0,0,0,0,0,0,0,0,1
3096,17,9b7c5e5875b1588b,1.133034,18.246006,1,13764,1,1,0,0,1,0,0,0,0,0,0,0,0,0
3097,17,34ee1a73cdab6a93,0.851206,20.0,1,13579,1,1,0,0,1,0,0,0,0,0,0,0,0,1
3098,17,b72aaa34b04a2c18,1.683133,19.00386,1,13674,1,0,0,0,0,0,0,0,0,0,0,0,0,1
3099,17,68dbb92fe2e4410b,2.308128,20.0,1,13512,2,1,0,0,1,0,0,0,0,0,0,0,0,1
3100,17,bb220bcc948af029,1.735745,19.449208,1,13661,1,1,0,0,1,0,0,0,0,0,0,0,0,0
3101,17,2a281ba623121173,1.304001,20.0,1,13622,1,1,0,0,1,0,0,0,0,0,0,0,0,1
3102,17,3af233fe0a613c97,2.0233,19.682942,1,13924,1,0,0,0,0,0,0,0,0,0,0,0,0,1
3103,17,419d1de992372adf,1.521551,20.0,1,13737,1,1,0,0,1,0,0,0,0,0,0,0,0,1
3104,17,9652945413efd964,1.143084,19.828465,1,13623,1,1,0,0,1,0,0,0,0,0,0,0,0,0
3105,17,3a61ee94ea5d0001,1.90241,18.375229,1,13859,1,0,0,0,0,0,0,0,0,0,0,0,0,1
3106,17,cb1366acab0aef81,1.429209,17.283467,1,13645,1,1,0,0,1,0,0,0,0,0,0,0,0,0
3107,17,99d9e7dd98a9bf3d,1.074786,19.958417,1,13869,1,1,0,0,1,0,0,0,0,0,0,0,0,1
3108,17,cf6b2b9cad388626,0.807446,18.472857,1,13213,1,1,0,0,1,0,0,0,0,0,0,0,0,0
3109,17,4d5a2deca2ca1790,1.650258,17.356811,1,12939,1,0,0,0,0,0,0,0,0,0,0,0,0,1
3110,17,0366df9a5651536c,1.241017,20.0,1,12680,1,1,0,0,1,0,0,0,0,0,0,0,0,1
3111,17,a2c1298d7e1f0d6a,0.93233,18.514294,1,13283,1,1,0,0,1,0,0,0,0,0,0,0,0,0
3112,17,7ca9575b6d9b0f15,1.744078,17.387941,1,13220,1,0,0,0,0,0,0,0,0,0,0,0,0,1
3113,17,e0b44a62a495148a,1.310261,16.541755,1,13169,1,1,0,0,1,0,0,0,0,0,0,0,0,0
3114,17,0e57eb802e9b645a,0.985335,19.400639,1,13021,1,1,0,0,1,0,0,0,0,0,0,0,0,1
3115,17,57abc37f68a6d307,0.740245,18.053819,1,13115,1,1,0,0,1,0,0,0,0,0,0,0,0,0
3116,17,2ff0029cf6eb1869,0.556118,20.0,1,13099,1,1,0,0,1,0,0,0,0,0,0,0,0,1
3117,17,72ba4ea9e64ae97e,1.46236,15.431971,0,13054,1,0,0,0,0,0,0,0,0,0,0,0,0,0
3118,17,b3943dfb76c172c8,1.098616,18.551152,1,13191,1,1,0,0,1,0,0,0,0,0,0,0,0,1
3119,17,a345f09891a513cf,0.825349,17.415631,1,12859,1,1,0,0,1,0,0,0,0,0,0,0,0,0
3120,17,79c3e739e96fc4af,0.620054,20.0,1,12693,1,1,0,0,1,0,0,0,0,0,0,0,0,1
3121,17,7ac283d757c77319,0.466289,20.0,1,12643,1,1,0,0,1,0,0,0,0,0,0,0,0,1
3122,17,8e535cb10809aceb,1.393959,16.552136,0,12309,2,1,0,0,0,0,0,0,0,0,0,0,0,0
3123,17,f562d8dd4ddf18c2,2.090883,19.39269,1,12656,1,0,0,0,1,0,0,0,0,0,0,0,0,1
3124,17,f5c7fe91cf031bb0,1.572374,20.0,1,12579,1,1,0,0,1,0,0,0,0,0,0,0,0,1
3125,17,669f46a110a31f82,1.181266,20.0,1,12586,1,1,0,0,1,0,0,0,0,0,0,0,0,1
3126,17,ec8e3ce753eec99d,1.931094,17.386718,0,12851,1,0,0,0,0,0,0,0,0,0,0,0,0,0
3127,17,3a3fbcb151845e70,1.450759,20.0,1,12594,1,1,0,0,1,0,0,0,0,0,0,0,0,1
3128,17,97e005eb07344a5c,1.090991,20.0,1,12958,1,1,0,0,1,0,0,0,0,0,0,0,0,1
3129,17,f22432a8f96d3e2c,1.863274,16.539864,0,13070,1,0,0,0,0,0,0,0,0,0,0,0,0,0
3130,17,2f6c75b31688d740,1.399808,19.383471,1,13276,1,1,0,0,1,0,0,0,0,0,0,0,0,1
3131,17,7605f8eaee537d23,2.096826,20.0,1,13115,2,1,0,0,1,0,0,0,0,0,0,0,0,1
3132,17,ed68bd676421f029,1.575267,20.0,1,13257,1,1,0,0,1,0,0,0,0,0,0,0,0,1
3133,17,12c831804415f678,2.227093,20.0,1,13198,1,0,0,0,0,0,0,0,0,0,0,0,0,1
3134,17,6f8a800bce277825,1.673132,19.151422,1,13276,1,1,0,0,1,0,0,0,0,0,0,0,0,0
3135,17,de87318c571bf485,1.258219,20.0,1,13200,1,1,0,0,1,0,0,0,0,0,0,0,0,1
3136,17,2c73347c17cd2efe,1.988906,19.528177,1,13417,1,0,0,0,0,0,0,0,0,0,0,0,0,1
3137,17,f69de7f148390bdd,1.494191,18.149634,1,13624,1,1,0,0,1,0,0,0,0,0,0,0,0,0
3138,17,f675cd235f32f14c,1.123653,20.0,1,13418,1,1,0,0,1,0,0,0,0,0,0,0,0,1
3139,17,0e09fc423c5dca21,2.931465,18.962207,1,13506,2,0,0,0,0,0,0,0,0,0,0,0,0,1
3140,17,12a00da87496696f,2.2023,17.724442,1,13459,1,1,0,0,1,0,0,0,0,0,0,0,0,0
3141,17,d0d10bcb58a70397,1.654506,16.794555,1,13460,1,1,0,0,0,0,0,0,0,0,0,0,0,1
3142,17,4c1bb360cd0c1de9,2.288362,19.590748,1,13179,1,0,0,0,1,0,0,0,0,0,0,0,0,1
3143,17,4545f841f8d87924,1.719161,18.196641,1,13446,1,1,0,0,1,0,0,0,0,0,0,0,0,0
3144,17,0c41a3a58635c657,2.335195,17.149301,1,13238,1,0,0,0,0,0,0,0,0,0,0,0,0,1
3145,17,6ada593448b49e90,1.7561,19.857522,1,13005,1,1,0,0,1,0,0,0,0,0,0,0,0,1
3146,17,530fe57b57393246,2.362945,14.918214,0,13199,1,0,0,0,0,0,0,0,0,0,0,0,0,0
3147,17,5466ee51ade3da13,1.775193,18.165186,1,13059,1,1,0,0,1,0,0,0,0,0,0,0,0,1
3148,17,eb3f09a38e17a154,1.333636,17.125669,1,13067,1,1,0,0,1,0,0,0,0,0,0,0,0,0
3149,17,7cc5541adc965029,1.002913,16.359249,1,13061,1,1,0,0,0,0,0,0,0,0,0,0,0,1
3150,17,c617f4287e52b524,1.797105,15.768937,1,13139,1,0,0,0,1,0,0,0,0,0,0,0,0,0
3151,17,4d936e408510bb2d,2.393751,18.804302,1,13097,2,1,0,0,1,0,0,0,0,0,0,0,0,1
3152,18,1fd48474a6be9a50,2.844285,17.621605,1,14017,1,0,0,0,0,0,0,0,0,0,0,0,0,1
3153,18,530e0ea8d92a6d51,2.136805,16.717297,1,14066,1,1,0,0,1,0,0,0,0,0,0,0,0,0
3154,18,9d91a06f605c6d81,1.605302,19.51677,1,14077,1,1,0,0,1,0,0,0,0,0,0,0,0,1
3155,18,1bedfd585b1aa4b9,2.249657,14.662219,0,14377,1,0,0,0,0,0,0,0,0,0,0,0,0,0
3156,18,26a9669cba5af3ef,1.691774,17.987201,1,14118,1,1,0,0,1,0,0,0,0,0,0,0,0,1
3157,18,4f55c5e4b2d3c044,1.270966,16.991956,1,14258,1,1,0,0,1,0,0,0,0,0,0,0,0,0
3158,18,429a6cfc04b09590,1.998483,16.244266,1,14049,1,0,0,0,0,0,0,0,0,0,0,0,0,1
3159,18,bfd1095e82cc3b3f,1.502888,15.696421,1,14138,1,1,0,0,1,0,0,0,0,0,0,0,0,0
3160,18,e8a24dfe484cb614,2.172717,15.270979,1,13932,1,0,0,0,0,0,0,0,0,0,0,0,0,1
3161,18,a8eb40163c807ab7,1.632281,14.95136,1,13915,1,1,0,0,1,0,0,0,0,0,0,0,0,0
3162,18,b734eb68cadec0ba,1.226272,18.190087,1,13987,1,1,0,0,1,0,0,0,0,0,0,0,0,1
3163,18,03ed9d518f369873,0.922174,20.0,1,14011,1,1,0,0,1,0,0,0,0,0,0,0,0,1
3164,18,cd43fcebe8f5e6e6,1.736448,15.506217,0,13966,1,0,0,0,0,0,0,0,0,0,0,0,0,0
3165,18,338e1a6d9a9334b5,1.304528,18.60693,1,13987,1,1,0,0,1,0,0,0,0,0,0,0,0,1
3166,18,f71f04d2a5841727,0.981024,17.473178,1,14015,1,1,0,0,1,0,0,0,0,0,0,0,0,0
3167,18,dab4ff966e399802,0.737007,20.0,1,13849,1,1,0,0,1,0,0,0,0,0,0,0,0,1
3168,18,339e340883d8ecaf,1.597339,15.088835,0,14082,1,0,0,0,0,0,0,0,0,0,0,0,0,0
3169,18,0f3eea50b2030a66,1.200021,18.293367,1,13989,1,1,0,0,1,0,0,0,0,0,0,0,0,1
3170,18,157d3461e0a7f335,0.902433,20.0,1,13947,1,1,0,0,1,0,0,0,0,0,0,0,0,1
3171,18,f1991b9aba19249f,0.677964,15.564566,0,14014,1,1,0,0,0,0,0,0,0,0,0,0,0,0
3172,18,f0cae4ef532c2023,1.552982,18.650765,1,13979,1,0,0,0,1,0,0,0,0,0,0,0,0,1
3173,18,3dc875a761d5c5ef,2.212015,20.0,1,14017,2,1,0,0,1,0,0,0,0,0,0,0,0,1
3174,18,e90cc852e180b7a9,1.661805,19.245326,1,14044,1,1,0,0,1,0,0,0,0,0,0,0,0,0
3175,18,0843c071791750a4,2.292105,17.937139,1,13913,1,0,0,0,0,0,0,0,0,0,0,0,0,1
3176,18,e7652621d19bb2aa,1.721973,16.954346,1,13822,1,1,0,0,1,0,0,0,0,0,0,0,0,0
3177,18,83403ab2ce2e5edc,1.294948,19.710913,1,13926,1,1,0,0,1,0,0,0,0,0,0,0,0,1
3178,18,31f44b91b5854a60,0.972846,18.286917,1,13817,1,1,0,0,1,0,0,0,0,0,0,0,0,0
3179,18,9eeb382b0724ec5e,0.730863,20.0,1,14238,1,1,0,0,1,0,0,0,0,0,0,0,0,1
3180,18,8cf44fb6a5bc2678,1.59377,19.044163,1,13903,1,0,0,0,0,0,0,0,0,0,0,0,0,1
3181,18,26302fd6db433208,2.240993,20.0,1,13984,2,1,0,0,1,0,0,0,0,0,0,0,0,1
3182,18,212d5aa4658ea2f7,1.683574,19.454337,1,14095,1,1,0,0,1,0,0,0,0,0,0,0,0,0
3183,18,37a5a18fb6caef37,1.264806,20.0,1,13805,1,1,0,0,1,0,0,0,0,0,0,0,0,1
3184,18,79c0b206a03c3fd7,1.995303,16.223207,0,14061,1,0,0,0,0,0,0,0,0,0,0,0,0,0
3185,18,c2376b0af88b997c,1.498997,19.145578,1,13887,1,1,0,0,1,0,0,0,0,0,0,0,0,1
3186,18,6484211bcaa3988b,1.12614,17.862202,1,13996,1,1,0,0,1,0,0,0,0,0,0,0,0,0
3187,18,bb6c2f7a25964c84,1.891024,20.0,1,13911,2,1,0,0,1,0,0,0,0,0,0,0,0,1
3188,18,f466ea3e27881dcb,2.464309,18.799819,1,14225,1,0,0,0,0,0,0,0,0,0,0,0,0,1
3189,18,8ee71a2f84ad9e11,1.851343,17.602446,1,13915,1,1,0,0,1,0,0,0,0,0,0,0,0,0
3190,18,831e682f06209d94,1.390845,20.0,1,14126,1,1,0,0,1,0,0,0,0,0,0,0,0,1
3191,18,13070a4d1d516b5a,1.045935,18.657464,1,13958,1,1,0,0,1,0,0,0,0,0,0,0,0,0
3192,18,b4a7747b9ea2a33b,1.829425,17.4955,1,14020,1,0,0,0,0,0,0,0,0,0,0,0,0,1
3193,18,b5c8f90ae8f713ac,2.418032,20.0,1,13804,2,1,0,0,1,0,0,0,0,0,0,0,0,1
3194,18,5146b576adaaaecf,1.818395,20.0,1,13934,1,1,0,0,1,0,0,0,0,0,0,0,0,1
3195,18,6582a72f0b630679,1.366092,20.0,1,13981,1,1,0,0,1,0,0,0,0,0,0,0,0,1
3196,18,b40d1b22d6b1cd91,2.069947,17.68752,0,14069,1,0,0,0,0,0,0,0,0,0,0,0,0,0
3197,18,63b42876cdc021c6,1.555074,20.0,1,13842,1,1,0,0,1,0,0,0,0,0,0,0,0,1
3198,18,9420ee3eaa337cb4,2.213588,20.0,1,14128,2,1,0,0,1,0,0,0,0,0,0,0,0,1
3199,18,3785343bf90ad03b,2.706639,16.667534,0,13790,1,0,0,0,0,0,0,0,0,0,0,0,0,0
3200,18,ca1cd686e1be0b6e,2.033397,19.479385,1,13980,1,1,0,0,1,0,0,0,0,0,0,0,0,1
3201,18,4bef6431765ec49e,1.529144,20.0,1,13877,1,1,0,0,1,0,0,0,0,0,0,0,0,1
3202,18,3470a039844d0a69,1.148788,19.713463,1,13985,1,1,0,0,1,0,0,0,0,0,0,0,0,0
3203,18,d518e4dbd53e5059,1.906695,18.288832,1,14003,1,0,0,0,0,0,0,0,0,0,0,0,0,1
3204,18,1a847b388865ff47,2.476082,20.0,1,13971,2,1,0,0,1,0,0,0,0,0,0,0,0,1
3205,18,03cfcaa9035e4e59,1.862049,19.045245,1,13888,1,1,0,0,1,0,0,0,0,0,0,0,0,0
3206,18,a2cf50b1b231b827,1.398888,20.0,1,14133,1,1,0,0,1,0,0,0,0,0,0,0,0,1
3207,18,8ac5bb007fe7c1a1,2.094586,15.976103,0,14032,1,0,0,0,0,0,0,0,0,0,0,0,0,0
3208,18,22dd7eb789d4562f,1.575158,18.97526,1,13925,1,1,0,0,1,0,0,0,0,0,0,0,0,1
3209,18,069a9fbefe13cddc,1.183357,17.734248,1,14085,1,1,0,0,1,0,0,0,0,0,0,0,0,0
3210,18,812c81a3455de134,0.889012,16.801922,1,13943,1,1,0,0,0,0,0,0,0,0,0,0,0,1
3211,18,ee0b347b118b70fc,2.755188,19.580345,1,14156,2,0,0,0,1,0,0,0,0,0,0,0,0,1
3212,18,106f55a5d876ae85,2.071941,20.0,1,13869,1,1,0,0,1,0,0,0,0,0,0,0,0,1
3213,18,b230b5c2b1072d46,1.556572,19.770502,1,14028,1,1,0,0,1,0,0,0,0,0,0,0,0,0
3214,18,f8d8d8adc44bb262,2.213048,18.331683,1,13898,1,0,0,0,0,0,0,0,0,0,0,0,0,1
3215,18,20f0d3bb32f6f13b,1.664243,17.266189,1,13983,1,1,0,0,1,0,0,0,0,0,0,0,0,0
3216,18,6a8d869beb488128,1.250284,19.929131,1,14035,1,1,0,0,1,0,0,0,0,0,0,0,0,1
3217,18,38d4f03f658cd6b5,0.939291,18.450856,1,13912,1,1,0,0,0,0,0,0,0,0,0,0,0,1
3218,18,778f339acc9c5240,1.749308,17.340283,1,14111,1,0,0,0,1,0,0,0,0,0,0,0,0,0
3219,18,9ad5be94a1495bb6,1.315504,20.0,1,13879,1,1,0,0,1,0,0,0,0,0,0,0,0,1
3220,18,1b63866609a63433,2.031943,20.0,1,13928,2,1,0,0,1,0,0,0,0,0,0,0,0,1
3221,18,be1d7f3204c52d69,2.570176,19.994452,1,13858,1,0,0,0,0,0,0,0,0,0,0,0,0,1
3222,18,80c3934cd8b20395,1.932809,18.516614,1,13973,1,1,0,0,1,0,0,0,0,0,0,0,0,0
3223,18,ae359f7eaa3147d5,1.452047,20.0,1,13960,1,1,0,0,1,0,0,0,0,0,0,0,0,1
3224,18,6b37baef58bd0d48,2.134522,15.677746,0,13977,1,0,0,0,0,0,0,0,0,0,0,0,0,0
3225,18,9ccd685e3d50fbd0,2.64724,18.735793,1,14049,2,1,0,0,1,0,0,0,0,0,0,0,0,1
3226,18,4a5b49b34e20e814,1.990762,20.0,1,14043,1,1,0,0,1,0,0,0,0,0,0,0,0,1
3227,18,97edeee25ab2262c,2.539239,15.814519,0,13899,1,0,0,0,0,0,0,0,0,0,0,0,0,0
3228,18,189db442d45b4dba,1.907635,18.838546,1,14047,1,1,0,0,1,0,0,0,0,0,0,0,0,1
3229,18,0c095d052210a546,2.478719,17.647357,1,13878,1,0,0,0,0,0,0,0,0,0,0,0,0,1
3230,18,3bbbd8f5a7099e89,1.862169,16.736644,1,14001,1,1,0,0,1,0,0,0,0,0,0,0,0,0
3231,18,cd4cd762f1161002,1.398978,19.531304,1,14051,1,1,0,0,1,0,0,0,0,0,0,0,0,1
3232,18,c0b2cd7357d9031a,3.138307,18.151983,1,14160,2,0,0,0,0,0,0,0,0,0,0,0,0,1
3233,18,7008db858af2eeae,2.360051,17.131052,1,13990,1,1,0,0,1,0,0,0,0,0,0,0,0,0
3234,18,7c0df5440a29d319,2.816672,16.348763,1,14210,1,0,0,0,0,0,0,0,0,0,0,0,0,1
3235,18,08c3c854453b0f58,2.11606,15.761059,1,13983,1,1,0,0,1,0,0,0,0,0,0,0,0,0
3236,18,e33e2ec59b8a3942,1.591307,18.813545,1,14079,1,1,0,0,1,0,0,0,0,0,0,0,0,1
3237,18,f4b797aa8e73a3bc,2.239143,14.133913,0,14038,1,0,0,0,0,0,0,0,0,0,0,0,0,0
3238,18,a12dd495bc0c15b5,1.682185,17.575969,1,13904,1,1,0,0,1,0,0,0,0,0,0,0,0,1
3239,18,f7f186c686b71cf1,1.263762,20.0,1,13954,1,1,0,0,1,0,0,0,0,0,0,0,0,1
3240,18,f9dc543e5cb086d8,1.994518,15.162004,0,13784,1,0,0,0,0,0,0,0,0,0,0,0,0,0
3241,18,09b1dd70b524f8b6,1.498407,18.348336,1,13884,1,1,0,0,1,0,0,0,0,0,0,0,0,1
3242,18,4bbcd39d38d3c0b0,2.16935,17.263264,1,14582,1,0,0,0,0,0,0,0,0,0,0,0,0,1
3243,18,ebf6fc047500ea69,2.675533,16.462722,1,14396,2,1,0,0,1,0,0,0,0,0,0,0,0,0
3244,18,e36599f44bff2308,2.010028,19.325517,1,14344,1,1,0,0,1,0,0,0,0,0,0,0,0,1
3245,18,68d7e2dd7f04ca7c,1.510059,17.997383,1,14061,1,1,0,0,0,0,0,0,0,0,0,0,0,1
3246,18,2d244eaa0d05a136,2.178104,16.999605,1,14190,1,0,0,0,1,0,0,0,0,0,0,0,0,0
3247,18,7fc983ff58e3d769,1.637965,19.744949,1,13926,1,1,0,0,1,0,0,0,0,0,0,0,0,1
3248,18,68175ec6fb8be8df,2.274195,18.312487,1,14014,1,0,0,0,0,0,0,0,0,0,0,0,0,1
3249,18,1a84fcf1ac4acdb2,1.708518,17.236331,1,13895,1,1,0,0,1,0,0,0,0,0,0,0,0,0
3250,18,aaf84baeb3acb92d,1.28483,19.92297,1,13904,1,1,0,0,1,0,0,0,0,0,0,0,0,1
3251,18,d568457823951ea9,0.965245,14.967383,0,13932,1,1,0,0,0,0,0,0,0,0,0,0,0,0
3252,18,ad1fa2d5c578b53f,1.768806,18.202124,1,13872,1,0,0,0,1,0,0,0,0,0,0,0,0,1
3253,18,6e3bb6a9009c0c41,1.328838,17.15342,1,13921,1,1,0,0,1,0,0,0,0,0,0,0,0,0
3254,18,162ab713abaa13c2,0.999305,19.86062,1,13971,1,1,0,0,1,0,0,0,0,0,0,0,0,1
3255,18,107d0506462a3b75,1.794394,18.399386,1,13808,1,0,0,0,0,0,0,0,0,0,0,0,0,1
3256,18,5af221057714ad43,1.348061,17.301615,1,13998,1,1,0,0,1,0,0,0,0,0,0,0,0,0
3257,18,5d65d00bf9a360a2,1.013761,19.972065,1,13630,1,1,0,0,1,0,0,0,0,0,0,0,0,1
3258,18,2c8efdba77234b6d,0.761601,20.0,1,13838,1,1,0,0,1,0,0,0,0,0,0,0,0,1
3259,18,5542ee8f6a853c24,0.572162,19.97804,1,13942,1,1,0,0,1,0,0,0,0,0,0,0,0,0
3260,18,2832e5d49c9b0c4e,1.473497,18.487599,1,14023,2,1,0,0,0,0,0,0,0,0,0,0,0,1
3261,18,aee0b5e6371d63ec,2.152242,20.0,1,13825,1,0,0,0,1,0,0,0,0,0,0,0,0,1
3262,18,41e23e56ef166d68,1.616899,20.0,1,13952,1,1,0,0,1,0,0,0,0,0,0,0,0,1
3263,18,aba7f86ceeb20e78,1.214715,20.0,1,14014,1,1,0,0,1,0,0,0,0,0,0,0,0,0
3264,18,eebe19e30392d06e,0.913483,18.882815,1,13991,1,1,0,0,0,0,0,0,0,0,0,0,0,1
3265,18,af0c652477605ee9,1.729919,17.664797,1,13903,1,0,0,0,1,0,0,0,0,0,0,0,0,0
3266,18,73ba0aa13a6569d1,1.299624,20.0,1,13986,1,1,0,0,1,0,0,0,0,0,0,0,0,1
3267,18,c9fdb98c19bc5046,0.976359,20.0,1,13957,1,1,0,0,1,0,0,0,0,0,0,0,0,1
3268,18,b047f7f57469ff24,1.778386,20.0,1,13974,2,1,0,0,1,0,0,0,0,0,0,0,0,1
3269,18,a2ef07f3074323ab,2.379688,17.74605,0,14035,1,0,0,0,0,0,0,0,0,0,0,0,0,0
3270,18,7b8b07f848332940,1.787771,20.0,1,13869,1,1,0,0,1,0,0,0,0,0,0,0,0,1
3271,18,8c7fafd72aa631a8,1.344429,18.738595,1,14000,1,1,0,0,1,0,0,0,0,0,0,0,0,0
3272,18,0fb755ff114db72a,1.010019,20.0,1,13912,1,1,0,0,1,0,0,0,0,0,0,0,0,1
3273,18,cb20442e46314204,1.802443,19.281875,1,13980,1,0,0,0,0,0,0,0,0,0,0,0,0,1
3274,18,fd7428ced4dd47b5,1.354108,17.964597,1,13950,1,1,0,0,1,0,0,0,0,0,0,0,0,0
3275,18,ee09c7c1cdd66093,2.062459,16.990134,1,13996,2,1,0,0,0,0,0,0,0,0,0,0,0,1
3276,18,4ee464f3c610058c,2.593102,19.721742,1,13749,1,0,0,0,1,0,0,0,0,0,0,0,0,1
3277,18,b958bfa6c7b1c4c8,1.9481,20.0,1,14059,1,1,0,0,1,0,0,0,0,0,0,0,0,1
3278,18,1bf3c205c3ffcffd,1.464999,20.0,1,14099,1,1,0,0,1,0,0,0,0,0,0,0,0,1
3279,18,0eafdbd4655a3212,1.100599,20.0,1,13857,1,1,0,0,1,0,0,0,0,0,0,0,0,0
3280,18,33e86e38e5c3b727,1.870492,19.2627,1,13622,1,0,0,0,0,0,0,0,0,0,0,0,0,1
3281,18,7fb4d43df930dda4,2.448884,20.0,1,13498,2,1,0,0,1,0,0,0,0,0,0,0,0,1
3282,18,90fab2d2d7d4cf9d,1.841596,19.595442,1,13025,1,1,0,0,1,0,0,0,0,0,0,0,0,0
3283,18,91d0c4b6942c14d4,1.383522,20.0,1,13155,1,1,0,0,1,0,0,0,0,0,0,0,0,1
3284,18,efe864e44cd703a1,2.083042,16.286631,0,12850,1,0,0,0,0,0,0,0,0,0,0,0,0,0
3285,18,043a1d9b5802afdc,0.522327,15.728281,1,12683,0,1,0,0,1,0,0,0,0,0,0,0,0,0
3286,18,1335dfb8260e2ec3,0.392404,18.773758,1,12926,1,1,0,0,1,0,0,0,0,0,0,0,0,1
3287,18,a038d7536b939ca4,0.294799,17.582867,1,12975,1,1,0,0,1,0,0,0,0,0,0,0,0,0
3288,18,18d2377da795380e,2.308778,16.688195,1,12878,2,0,0,0,0,0,0,0,0,0,0,0,0,1
3289,18,e50b44167a542d20,1.736234,19.510764,1,12973,1,1,0,0,1,0,0,0,0,0,0,0,0,1
3290,18,c2255163bcbd8432,0.260714,18.136552,1,13035,0,1,0,0,1,0,0,0,0,0,0,0,0,0
3291,18,89cb68f1f5b3a4a4,0.195865,20.0,1,13180,1,1,0,0,1,0,0,0,0,0,0,0,0,1
3292,18,d2b460fb73eae9b3,0.147293,15.478711,0,12805,1,1,0,0,0,0,0,0,0,0,0,0,0,0
3293,18,2adafdaa3ab4ff25,1.154309,18.586266,1,13293,1,0,0,0,1,0,0,0,0,0,0,0,0,1
3294,18,37f38b754bfe3828,0.867189,17.442012,1,13173,1,1,0,0,1,0,0,0,0,0,0,0,0,0
3295,18,bc2728f1e5d84c24,1.69514,20.0,1,13239,2,1,0,0,1,0,0,0,0,0,0,0,0,1
3296,18,93ff6a163b2027e2,1.27477,20.0,1,13012,1,1,0,0,1,0,0,0,0,0,0,0,0,1
3297,18,f2319fbd1e0d9dcc,2.00134,20.0,1,13285,1,0,0,0,0,0,0,0,0,0,0,0,0,1
3298,18,19027a1f42566496,1.503532,18.535783,1,13184,1,1,0,0,1,0,0,0,0,0,0,0,0,0
3299,18,78acd2fb364c00a5,1.130678,20.0,1,13255,1,1,0,0,1,0,0,0,0,0,0,0,0,1
3300,18,b9daebd456301490,0.849436,19.180366,1,13307,1,1,0,0,1,0,0,0,0,0,0,0,0,0
3301,18,f3592912ebd8db97,1.681803,17.888336,1,13407,1,0,0,0,0,0,0,0,0,0,0,0,0,1
3302,18,8e501e84eae5bb56,2.307129,20.0,1,13246,2,1,0,0,1,0,0,0,0,0,0,0,0,1
3303,18,b0049f19b45f62e5,1.734994,20.0,1,13265,1,1,0,0,1,0,0,0,0,0,0,0,0,1
3304,18,2b022b2f0e2bce78,2.347089,20.0,1,13314,1,0,0,0,0,0,0,0,0,0,0,0,0,1
3305,18,a818e224b3af62f2,1.76328,18.678098,1,13527,1,1,0,0,1,0,0,0,0,0,0,0,0,0
3306,18,9a1638b48b93dcdd,2.370163,20.0,1,13334,2,1,0,0,1,0,0,0,0,0,0,0,0,1
3307,18,b8a422ee98ed9db5,1.780615,20.0,1,13568,1,1,0,0,1,0,0,0,0,0,0,0,0,1
3308,18,e3ca0bb1b4817483,2.381362,20.0,1,13537,1,0,0,0,0,0,0,0,0,0,0,0,0,1
3309,18,e1cd58b7f7740e6a,1.789029,20.0,1,13556,1,1,0,0,1,0,0,0,0,0,0,0,0,1
3310,18,0a055c8ce5886cd0,1.345375,16.849143,0,13495,1,1,0,0,0,0,0,0,0,0,0,0,0,0
3311,18,25c60933576c7b5a,2.054383,19.61582,1,13844,1,0,0,0,1,0,0,0,0,0,0,0,0,1
3312,18,1c619b9c877bd0f1,1.543381,20.0,1,15018,1,1,0,0,1,0,0,0,0,0,0,0,0,1
3313,18,cbadb61243f87e4f,1.160645,20.0,1,14717,1,1,0,0,1,0,0,0,0,0,0,0,0,1
3314,18,30281fc51f7588c7,2.959256,20.0,1,15748,2,0,0,0,0,0,0,0,0,0,0,0,0,1
3315,18,3c0c17b60f5363fe,2.223178,19.228926,1,15438,1,1,0,0,1,0,0,0,0,0,0,0,0,0
3316,18,2cf6ed325cb5c6db,1.670191,20.0,1,14887,1,1,0,0,1,0,0,0,0,0,0,0,0,1
3317,18,4bd2549b6cf8b993,1.256007,20.0,1,14467,1,1,0,0,1,0,0,0,0,0,0,0,0,1
3318,18,62ea9c7f484be354,1.987245,17.321759,0,14350,1,0,0,0,0,0,0,0,0,0,0,0,0,0
3319,18,37e653a8483c9ced,1.492943,19.970879,1,14114,1,1,0,0,1,0,0,0,0,0,0,0,0,1
3320,18,13e1ba58a0d336f6,3.211015,18.498887,1,14324,2,0,0,0,0,0,0,0,0,0,0,0,0,1
3321,18,7a52d31acc434d5c,2.412316,17.376367,1,14219,1,1,0,0,1,0,0,0,0,0,0,0,0,0
3322,18,bcbe418449208be8,1.812283,16.533059,1,14174,1,1,0,0,0,0,0,0,0,0,0,0,0,1
3323,18,c1b79a6a0ca6734d,2.405153,15.899514,1,13904,1,0,0,0,1,0,0,0,0,0,0,0,0,0
3324,18,e4732d1f70a945e7,1.80871,18.917665,1,13919,1,1,0,0,1,0,0,0,0,0,0,0,0,1
3325,18,d5c3106195c2dfde,2.402469,14.212134,0,13923,1,0,0,0,0,0,0,0,0,0,0,0,0,0
3326,18,816f88df7bfc3b34,1.804885,17.634734,1,13470,1,1,0,0,1,0,0,0,0,0,0,0,0,1
3327,18,c00e31d686a1e32d,2.40145,13.261571,0,13127,1,0,0,0,0,0,0,0,0,0,0,0,0,0
3328,18,48e10bd50c6ab2f5,1.80412,16.920612,1,13218,1,1,0,0,1,0,0,0,0,0,0,0,0,1
3329,18,5ef87aca0017fc45,1.355368,19.669512,1,13307,1,1,0,0,1,0,0,0,0,0,0,0,0,1
3330,18,010459e10ddcb9eb,2.06189,14.776969,0,13097,1,0,0,0,0,0,0,0,0,0,0,0,0,0
3331,18,0324f83f1b28e13c,1.550571,18.073495,1,13110,1,1,0,0,1,0,0,0,0,0,0,0,0,1
3332,19,1fd48474a6be9a50,2.208539,13.577941,0,14028,1,0,0,0,0,0,0,0,0,0,0,0,0,0
3333,19,530e0ea8d92a6d51,1.659193,17.158289,1,13992,1,1,0,0,1,0,0,0,0,0,0,0,0,1
3334,19,9d91a06f605c6d81,2.291887,12.903278,0,14108,1,0,0,0,0,0,0,0,0,0,0,0,0,0
3335,19,1bedfd585b1aa4b9,2.765463,16.651439,1,14267,2,1,0,0,1,0,0,0,0,0,0,0,0,1
3336,19,26a9669cba5af3ef,2.077589,19.467293,1,14144,1,1,0,0,1,0,0,0,0,0,0,0,0,1
3337,19,4f55c5e4b2d3c044,2.604468,18.103894,1,14256,1,0,0,0,0,0,0,0,0,0,0,0,0,1
3338,19,429a6cfc04b09590,1.958597,20.0,1,14033,1,1,0,0,1,0,0,0,0,0,0,0,0,1
3339,19,bfd1095e82cc3b3f,1.471421,18.936366,1,14034,1,1,0,0,1,0,0,0,0,0,0,0,0,0
3340,19,e8a24dfe484cb614,2.149077,17.705028,1,14088,1,0,0,0,0,0,0,0,0,0,0,0,0,1
3341,19,a8eb40163c807ab7,1.616136,16.794935,1,13894,1,1,0,0,1,0,0,0,0,0,0,0,0,0
3342,19,b734eb68cadec0ba,1.214143,19.575096,1,13940,1,1,0,0,1,0,0,0,0,0,0,0,0,1
3343,19,03ed9d518f369873,0.91214,18.184882,1,14152,1,1,0,0,1,0,0,0,0,0,0,0,0,0
3344,19,cd43fcebe8f5e6e6,1.72891,17.140467,1,13947,1,0,0,0,0,0,0,0,0,0,0,0,0,1
3345,19,338e1a6d9a9334b5,1.300165,16.370377,1,13920,1,1,0,0,1,0,0,0,0,0,0,0,0,0
3346,19,f71f04d2a5841727,0.976765,19.256141,1,13924,1,1,0,0,1,0,0,0,0,0,0,0,0,1
3347,19,dab4ff966e399802,0.733807,17.945264,1,13956,1,1,0,0,1,0,0,0,0,0,0,0,0,0
3348,19,339e340883d8ecaf,1.595984,16.975596,1,13843,1,0,0,0,0,0,0,0,0,0,0,0,0,1
3349,19,0f3eea50b2030a66,1.199003,16.231975,1,14131,1,1,0,0,1,0,0,0,0,0,0,0,0,0
3350,19,157d3461e0a7f335,1.94442,19.152165,1,14041,2,1,0,0,1,0,0,0,0,0,0,0,0,1
3351,19,f1991b9aba19249f,1.46077,20.0,1,13945,1,1,0,0,1,0,0,0,0,0,0,0,0,1
3352,19,f0cae4ef532c2023,2.14267,19.532994,1,14058,1,0,0,0,0,0,0,0,0,0,0,0,0,1
3353,19,3dc875a761d5c5ef,1.609708,18.153253,1,14090,1,1,0,0,1,0,0,0,0,0,0,0,0,0
3354,19,e90cc852e180b7a9,1.209313,20.0,1,13970,1,1,0,0,1,0,0,0,0,0,0,0,0,1
3355,19,0843c071791750a4,0.909421,18.968648,1,13924,1,1,0,0,1,0,0,0,0,0,0,0,0,0
3356,19,e7652621d19bb2aa,1.726867,17.729281,1,13960,1,0,0,0,0,0,0,0,0,0,0,0,0,1
3357,19,83403ab2ce2e5edc,1.297331,20.0,1,13888,1,1,0,0,1,0,0,0,0,0,0,0,0,1
3358,19,31f44b91b5854a60,2.01829,20.0,1,13989,2,1,0,0,1,0,0,0,0,0,0,0,0,1
3359,19,9eeb382b0724ec5e,1.517783,20.0,1,13857,1,1,0,0,1,0,0,0,0,0,0,0,0,0
3360,19,8cf44fb6a5bc2678,2.183907,18.630685,1,14007,1,0,0,0,0,0,0,0,0,0,0,0,0,1
3361,19,26302fd6db433208,1.640687,17.475382,1,13918,1,1,0,0,1,0,0,0,0,0,0,0,0,0
3362,19,212d5aa4658ea2f7,1.23382,20.0,1,14059,1,1,0,0,1,0,0,0,0,0,0,0,0,1
3363,19,37a5a18fb6caef37,0.926923,20.0,1,13913,1,1,0,0,1,0,0,0,0,0,0,0,0,1
3364,19,79c0b206a03c3fd7,1.740016,16.572948,0,13990,1,0,0,0,0,0,0,0,0,0,0,0,0,0
3365,19,c2376b0af88b997c,1.307209,19.408325,1,14014,1,1,0,0,1,0,0,0,0,0,0,0,0,1
3366,19,6484211bcaa3988b,2.02719,20.0,1,13965,2,1,0,0,1,0,0,0,0,0,0,0,0,1
3367,19,bb6c2f7a25964c84,1.522952,20.0,1,13918,1,1,0,0,1,0,0,0,0,0,0,0,0,1
3368,19,66b1f64089a6f384,2.18779,17.393354,0,14038,1,0,0,0,0,0,0,0,0,0,0,0,0,0
3369,19,ea8c132e457af786,1.64525,20.0,1,13924,1,1,0,0,1,0,0,0,0,0,0,0,0,1
3370,19,052f36be903b4c06,1.236015,18.534939,1,14030,1,1,0,0,1,0,0,0,0,0,0,0,0,0
3371,19,8e82ec90f90651e7,0.928572,17.403451,1,14126,1,1,0,0,0,0,0,0,0,0,0,0,0,1
3372,19,4f7951c9fb9652a2,1.741254,20.0,1,13942,1,0,0,0,1,0,0,0,0,0,0,0,0,1
3373,19,f016206e344ce587,1.309448,18.54504,1,13795,1,1,0,0,1,0,0,0,0,0,0,0,0,0
3374,19,5ba81e783bc90e5a,0.983739,20.0,1,14073,1,1,0,0,1,0,0,0,0,0,0,0,0,1
3375,19,9d8db8f22ff60f9d,1.7827,19.172634,1,13913,2,1,0,0,0,0,0,0,0,0,0,0,0,1
3376,19,44ad3895b244c363,2.384766,20.0,1,14041,1,0,0,0,1,0,0,0,0,0,0,0,0,1
3377,19,88629ac0345bb1c9,0.747932,19.540161,1,13950,0,1,0,0,1,0,0,0,0,0,0,0,0,0
3378,19,215465aa6c28dd49,2.6492,18.158637,1,14003,2,0,0,0,0,0,0,0,0,0,0,0,0,1
3379,19,8007f0e50cbef9ae,1.990245,17.12075,1,13966,1,1,0,0,1,0,0,0,0,0,0,0,0,0
3380,19,6a6af2333f7c7895,1.496693,19.836051,1,13790,1,1,0,0,1,0,0,0,0,0,0,0,0,1
3381,19,68115330ee6f5242,1.124409,20.0,1,13878,1,1,0,0,1,0,0,0,0,0,0,0,0,1
3382,19,a13b260188e1f3b7,1.88838,20.0,1,13879,2,1,0,0,1,0,0,0,0,0,0,0,0,1
3383,19,f54f97df93f344f4,2.464239,17.582183,0,13813,1,0,0,0,0,0,0,0,0,0,0,0,0,0
3384,19,c908fedde8991cc1,1.851291,20.0,1,14019,1,1,0,0,1,0,0,0,0,0,0,0,0,1
3385,19,1f6eb6897bd1ed9f,1.390806,20.0,1,13972,1,1,0,0,1,0,0,0,0,0,0,0,0,1
3386,19,4786cfdc0b590fbd,1.04486,20.0,1,13899,1,1,0,0,0,0,0,0,0,0,0,0,0,1
3387,19,97615c34c129a5e4,2.874051,20.0,1,13841,2,0,0,0,1,0,0,0,0,0,0,0,0,1
3388,19,66ec5d26f4a3d999,2.159167,20.0,1,13936,1,1,0,0,1,0,0,0,0,0,0,0,0,0
3389,19,da9895b8aa83e9c2,1.622101,20.0,1,13771,1,1,0,0,1,0,0,0,0,0,0,0,0,1
3390,19,9fc64beb1b6b6a41,1.219843,20.0,1,13808,1,1,0,0,1,0,0,0,0,0,0,0,0,1
3391,19,a8c5e45e033de514,1.960076,17.673302,0,13809,1,0,0,0,0,0,0,0,0,0,0,0,0,0
3392,19,e2e6cc85a627942b,2.516185,20.0,1,13941,2,1,0,0,1,0,0,0,0,0,0,0,0,1
3393,19,354946ccb8d9d391,1.890316,20.0,1,13981,1,1,0,0,1,0,0,0,0,0,0,0,0,1
3394,19,6c789d405d92b2d0,1.421545,20.0,1,13827,1,1,0,0,1,0,0,0,0,0,0,0,0,1
3395,19,fa1f29844326a435,2.111607,17.748762,0,13926,1,0,0,0,0,0,0,0,0,0,0,0,0,0
3396,19,417a3b73559fe227,1.586371,20.0,1,13971,1,1,0,0,1,0,0,0,0,0,0,0,0,1
3397,19,73de4ca456f67608,1.192974,20.0,1,13796,1,1,0,0,1,0,0,0,0,0,0,0,0,1
3398,19,2b22b550c41342a2,0.896237,20.0,1,13799,1,1,0,0,1,0,0,0,0,0,0,0,0,0
3399,19,d78247329391d4f5,1.716962,20.0,1,13875,2,1,0,0,1,0,0,0,0,0,0,0,0,1
3400,19,f3f222342b26624c,2.333543,20.0,1,14069,1,0,0,0,0,0,0,0,0,0,0,0,0,1
3401,19,7a11156482ce58b9,1.754858,20.0,1,13779,1,1,0,0,1,0,0,0,0,0,0,0,0,1
3402,19,7c363b45f80a8a46,1.318359,20.0,1,13873,1,1,0,0,1,0,0,0,0,0,0,0,0,1
3403,19,2616e6a939d0f443,0.990434,20.0,1,13884,1,1,0,0,1,0,0,0,0,0,0,0,0,0
3404,19,ff7501c9d1008261,1.788971,19.394618,1,13910,1,0,0,0,0,0,0,0,0,0,0,0,0,1
3405,19,6dbf98f9583feb6c,2.38764,20.0,1,14030,2,1,0,0,1,0,0,0,0,0,0,0,0,1
3406,19,81e265c16bc271fb,1.793745,19.652132,1,13773,1,1,0,0,0,0,0,0,0,0,0,0,0,1
3407,19,8843d87dc6278afb,2.391227,20.0,1,13802,1,0,0,0,1,0,0,0,0,0,0,0,0,1
3408,19,f06b2cc8c9faa4e1,1.798237,19.815455,1,13837,1,1,0,0,1,0,0,0,0,0,0,0,0,0
3409,19,cda13bd006d67263,2.394601,18.365455,1,13919,1,0,0,0,0,0,0,0,0,0,0,0,0,1
3410,19,7e951139e7de5e49,2.842628,20.0,1,13873,2,1,0,0,1,0,0,0,0,0,0,0,0,1
3411,19,44860ef8de7b27bb,3.181847,19.088534,1,13902,1,0,0,0,0,0,0,0,0,0,0,0,0,1
3412,19,0b07a5ec9dcccd04,2.390403,20.0,1,14068,1,1,0,0,1,0,0,0,0,0,0,0,0,1
3413,19,a0fd5b786556b247,1.79582,19.479379,1,13911,1,1,0,0,1,0,0,0,0,0,0,0,0,0
3414,19,ddc0ea1302eb3d0d,2.392786,18.112974,1,13911,1,0,0,0,0,0,0,0,0,0,0,0,0,1
3415,19,155ed443a73593e6,2.84356,20.0,1,13907,2,1,0,0,1,0,0,0,0,0,0,0,0,1
3416,19,9c220c012a2a3516,2.13626,18.941496,1,14019,1,1,0,0,1,0,0,0,0,0,0,0,0,0
3417,19,7224ce56f030f288,2.648546,17.708882,1,13822,1,0,0,0,0,0,0,0,0,0,0,0,0,1
3418,19,2be1d227850d2f24,1.991744,20.0,1,13790,1,1,0,0,1,0,0,0,0,0,0,0,0,1
3419,19,eef9e0e3b48ade08,2.539976,15.234355,0,13767,1,0,0,0,0,0,0,0,0,0,0,0,0,0
3420,19,4e298f46f70226d7,1.908189,18.402691,1,13918,1,1,0,0,1,0,0,0,0,0,0,0,0,1
3421,19,0aff54cf4962c648,1.433551,17.304098,1,13829,1,1,0,0,1,0,0,0,0,0,0,0,0,0
3422,19,be2c7fe677edbcd0,2.122201,16.49343,1,13661,1,0,0,0,0,0,0,0,0,0,0,0,0,1
3423,19,43e0bf90e1eb0d44,1.594331,15.869742,1,13659,1,1,0,0,1,0,0,0,0,0,0,0,0,0
3424,19,45f84405c97c7188,1.197761,18.880033,1,13867,1,1,0,0,1,0,0,0,0,0,0,0,0,1
3425,19,c28badb5fe966f10,1.944884,20.0,1,13899,2,1,0,0,1,0,0,0,0,0,0,0,0,1
3426,19,9bbf0363aaa4ccac,1.461119,19.374853,1,13974,1,1,0,0,0,0,0,0,0,0,0,0,0,1
3427,19,23e91ab57d250926,2.141337,18.034447,1,13937,1,0,0,0,1,0,0,0,0,0,0,0,0,0
3428,19,515c8b4db0202a24,1.608707,20.0,1,13830,1,1,0,0,1,0,0,0,0,0,0,0,0,1
3429,19,01b7969e67b3c4a4,1.20977,15.421026,0,13711,1,1,0,0,0,0,0,0,0,0,0,0,0,0
3430,19,cd59df24142f7826,1.952508,18.54293,1,13934,1,0,0,0,1,0,0,0,0,0,0,0,0,1
3431,19,bbc125857b7577d5,1.466847,17.409454,1,13909,1,1,0,0,1,0,0,0,0,0,0,0,0,0
3432,19,886f5893c6b842c1,1.10309,20.0,1,13735,1,1,0,0,1,0,0,0,0,0,0,0,0,1
3433,19,a4acb4243a3cb478,1.872363,18.544035,1,13794,1,0,0,0,0,0,0,0,0,0,0,0,0,1
3434,19,fe69a934ac92b7f1,1.406637,17.410285,1,13840,1,1,0,0,1,0,0,0,0,0,0,0,0,0
3435,19,cacc11c873729e75,1.056753,20.0,1,13898,1,1,0,0,1,0,0,0,0,0,0,0,0,1
3436,19,d301544704c5bf7e,1.838844,18.548901,1,13956,1,0,0,0,0,0,0,0,0,0,0,0,0,1
3437,19,a7e8925b378bd6c8,1.381455,17.41394,1,13863,1,1,0,0,1,0,0,0,0,0,0,0,0,0
3438,19,41dfaa5384f0d6f6,1.037835,20.0,1,13962,1,1,0,0,1,0,0,0,0,0,0,0,0,1
3439,19,3953ac3135ee574b,0.780467,18.550966,1,13901,1,1,0,0,1,0,0,0,0,0,0,0,0,0
3440,19,13027e2911575b92,0.586336,17.415492,1,13995,1,1,0,0,0,0,0,0,0,0,0,0,0,1
3441,19,d435479922017c64,2.527799,20.0,1,13789,2,0,0,0,1,0,0,0,0,0,0,0,0,1
3442,19,449ed79debca0b11,1.899041,18.535122,1,14107,1,1,0,0,1,0,0,0,0,0,0,0,0,0
3443,19,b2d1a2a8ca619bde,1.428106,20.0,1,13921,1,1,0,0,1,0,0,0,0,0,0,0,0,1
3444,19,cb866cd2870cc126,1.072882,19.179992,1,13853,1,1,0,0,1,0,0,0,0,0,0,0,0,0
3445,19,986841c734bf269f,1.84967,17.888056,1,13992,1,0,0,0,0,0,0,0,0,0,0,0,0,1
3446,19,00da6b0ed36f101f,1.390978,16.932575,1,14021,1,1,0,0,1,0,0,0,0,0,0,0,0,0
3447,19,37919797698aa70e,1.04499,16.199655,1,14069,1,1,0,0,0,0,0,0,0,0,0,0,0,1
3448,19,23a6ab37b37b2463,1.828715,15.64904,1,14114,1,0,0,0,1,0,0,0,0,0,0,0,0,0
3449,19,fd1775c28dbd3cbf,2.417499,18.714227,1,14145,2,1,0,0,1,0,0,0,0,0,0,0,0,1
3450,19,ca3e9083b7a1bd3f,1.817993,20.0,1,13915,1,1,0,0,1,0,0,0,0,0,0,0,0,1
3451,19,1fc3bfb8f5f5f22a,2.409444,19.28118,1,14073,1,0,0,0,0,0,0,0,0,0,0,0,0,1
3452,19,747f6d69d08d2561,1.810125,20.0,1,13947,1,1,0,0,1,0,0,0,0,0,0,0,0,1
3453,19,ffb3a0b2a42d3384,1.36124,19.605882,1,13972,1,1,0,0,1,0,0,0,0,0,0,0,0,0
3454,19,5c2bccb257b117d8,1.022649,20.0,1,14120,1,1,0,0,1,0,0,0,0,0,0,0,0,1
3455,19,45a5752bae37f49b,1.811931,20.0,1,13908,2,1,0,0,1,0,0,0,0,0,0,0,0,1
3456,19,b50da95e7e57dd70,2.404889,20.0,1,14085,1,0,0,0,0,0,0,0,0,0,0,0,0,1
3457,19,4c6c0cdecd0014e2,1.808511,19.232087,1,14130,1,1,0,0,1,0,0,0,0,0,0,0,0,0
3458,19,03bced9121d77ed3,1.358667,20.0,1,14142,1,1,0,0,1,0,0,0,0,0,0,0,0,1
3459,19,d283ae7708b682cb,1.020716,19.5604,1,14023,1,1,0,0,1,0,0,0,0,0,0,0,0,0
3460,19,af98f327220dc550,1.811743,18.190201,1,13745,1,0,0,0,0,0,0,0,0,0,0,0,0,1
3461,19,41fd5dbf655725de,1.361095,20.0,1,14024,1,1,0,0,1,0,0,0,0,0,0,0,0,1
3462,19,a717ea3f435e9359,1.02254,20.0,1,14006,1,1,0,0,1,0,0,0,0,0,0,0,0,1
3463,19,3ed298c33e5b3bf7,1.811849,16.866754,0,14242,2,1,0,0,0,0,0,0,0,0,0,0,0,0
3464,19,23f717d789c41174,2.406687,19.645043,1,13870,1,0,0,0,1,0,0,0,0,0,0,0,0,1
3465,19,bcb954a0bd8b4812,1.808054,20.0,1,14061,1,1,0,0,1,0,0,0,0,0,0,0,0,1
3466,19,cfc41d4b0f31f0bf,1.358323,20.0,1,14160,1,1,0,0,1,0,0,0,0,0,0,0,0,1
3467,19,ea1b8db9707bfd75,1.021479,20.0,1,14109,1,1,0,0,1,0,0,0,0,0,0,0,0,0
3468,19,03bf022cac3a68fd,1.811052,20.0,1,13875,2,1,0,0,1,0,0,0,0,0,0,0,0,1
3469,19,701d26d92b38d288,2.404229,20.0,1,14047,1,0,0,0,0,0,0,0,0,0,0,0,0,1
3470,19,449d4232696a3409,1.806207,20.0,1,13918,1,1,0,0,1,0,0,0,0,0,0,0,0,1
3471,19,6d52165157ae180f,1.358294,20.0,1,13828,1,1,0,0,1,0,0,0,0,0,0,0,0,0
3472,19,666923312e8f0024,2.064089,18.745618,1,14585,1,0,0,0,0,0,0,0,0,0,0,0,0,1
3473,19,58e4d9633948562b,2.594326,20.0,1,14402,2,1,0,0,1,0,0,0,0,0,0,0,0,1
3474,19,c82466cbc3460c14,1.95097,20.0,1,14234,1,1,0,0,1,0,0,0,0,0,0,0,0,1
3475,19,96a3597e282e6315,1.465691,20.0,1,14300,1,1,0,0,1,0,0,0,0,0,0,0,0,0
3476,19,3eb2f9439fcc89e9,1.101119,20.0,1,14298,1,1,0,0,1,0,0,0,0,0,0,0,0,1
3477,19,d076ea8d6133a11b,2.914536,20.0,1,14460,2,0,0,0,0,0,0,0,0,0,0,0,0,1
3478,19,e513dfcbadcd0330,2.191773,20.0,1,14365,1,1,0,0,1,0,0,0,0,0,0,0,0,1
3479,19,535c441640a172d5,1.646597,20.0,1,14353,1,1,0,0,1,0,0,0,0,0,0,0,0,0
3480,19,2b1d1c7cb2b47823,1.237027,20.0,1,14205,1,1,0,0,1,0,0,0,0,0,0,0,0,1
3481,19,736ed1fd12e63178,0.930262,20.0,1,14100,1,1,0,0,1,0,0,0,0,0,0,0,0,0
3482,19,383018239462e46b,1.742524,18.595427,1,14226,1,0,0,0,0,0,0,0,0,0,0,0,0,1
3483,19,27e1c0e587b339a7,1.309093,17.448894,1,14499,1,1,0,0,1,0,0,0,0,0,0,0,0,0
3484,19,1d3451a2f576e5dd,2.027126,20.0,1,14229,2,1,0,0,1,0,0,0,0,0,0,0,0,1
3485,19,3787731d7b42bc08,1.524428,20.0,1,14212,1,1,0,0,1,0,0,0,0,0,0,0,0,1
3486,19,f2f5a31a5ccc1b1c,1.145246,20.0,1,14208,1,1,0,0,1,0,0,0,0,0,0,0,0,0
3487,19,46c9ad1d77c8f613,0.86038,18.537977,1,14270,1,1,0,0,0,0,0,0,0,0,0,0,0,1
3488,19,245bc8899d63dd51,1.691169,20.0,1,13906,1,0,0,0,1,0,0,0,0,0,0,0,0,1
3489,19,ed70e2817662f04b,2.314165,20.0,1,13557,2,1,0,0,1,0,0,0,0,0,0,0,0,1
3490,19,6c8b93f1a093ba53,1.738546,17.023949,0,13486,1,1,0,0,0,0,0,0,0,0,0,0,0,0
3491,19,9b7ada76cdad0494,2.349758,19.747145,1,13521,1,0,0,0,1,0,0,0,0,0,0,0,0,1
3492,19,ddf4f0c742d54d82,1.767051,18.330637,1,13353,1,1,0,0,1,0,0,0,0,0,0,0,0,0
3493,19,e83e5abebcf25bda,1.32752,20.0,1,13494,1,1,0,0,1,0,0,0,0,0,0,0,0,1
3494,19,cb759918090aa445,0.997316,19.051625,1,13599,1,1,0,0,1,0,0,0,0,0,0,0,0,0
3495,19,3083331103ace063,2.838297,17.807596,1,13154,2,0,0,0,0,0,0,0,0,0,0,0,0,1
3496,19,819efe268dd8c1d4,2.132306,20.0,1,13440,1,1,0,0,1,0,0,0,0,0,0,0,0,1
3497,19,444f70e1f97148eb,1.601922,20.0,1,13366,1,1,0,0,1,0,0,0,0,0,0,0,0,1
3498,19,d32165480084f861,2.247117,16.704525,0,13235,1,0,0,0,0,0,0,0,0,0,0,0,0,0
3499,19,e76a3d25e775bfcb,1.689864,19.523045,1,13146,1,1,0,0,1,0,0,0,0,0,0,0,0,1
3500,19,d1a9116f380bdbc6,1.269532,18.145778,1,13401,1,1,0,0,1,0,0,0,0,0,0,0,0,0
3501,19,b8228f709e19e5fc,1.997405,17.111089,1,13470,1,0,0,0,0,0,0,0,0,0,0,0,0,1
3502,19,6ec839fe0e24760f,2.546228,19.828786,1,13297,2,1,0,0,1,0,0,0,0,0,0,0,0,1
3503,19,eb7601af2caac851,1.912886,20.0,1,13282,1,1,0,0,1,0,0,0,0,0,0,0,0,1
3504,19,99428c8fb9cbfd09,1.43708,19.897174,1,13106,1,1,0,0,1,0,0,0,0,0,0,0,0,0
3505,19,b2ce56395c32a31e,1.079624,18.426848,1,13075,1,1,0,0,0,0,0,0,0,0,0,0,0,1
3506,19,3425175602dc763d,1.856043,20.0,1,13179,1,0,0,0,1,0,0,0,0,0,0,0,0,1
3507,19,b51e581ec108f50c,1.394376,20.0,1,14357,1,1,0,0,1,0,0,0,0,0,0,0,0,1
3508,19,4c6bcf4bf21c3d09,2.091196,16.976782,0,14084,1,0,0,0,0,0,0,0,0,0,0,0,0,0
3509,19,a9693ae1d6e951c0,1.572609,19.727785,1,15781,1,1,0,0,1,0,0,0,0,0,0,0,0,1
3510,19,742e0b79e17d52c0,2.225096,18.299592,1,16038,1,0,0,0,0,0,0,0,0,0,0,0,0,1
3511,19,044c49401468b27f,1.671631,17.226644,1,15241,1,1,0,0,1,0,0,0,0,0,0,0,0,0
3512,19,86212facd96094c7,2.299487,16.420578,1,14663,1,0,0,0,0,0,0,0,0,0,0,0,0,1
3513,19,ccc96b27d4f344b3,1.729247,15.829011,1,14390,1,1,0,0,1,0,0,0,0,0,0,0,0,0
3514,19,e39f84ac5a0bcba0,1.299119,15.370588,1,14055,1,1,0,0,0,0,0,0,0,0,0,0,0,1
3515,19,c1794dc9594e72f1,2.019633,15.026193,1,14881,1,0,0,0,1,0,0,0,0,0,0,0,0,0
3516,19,eb7ce44e56ea6aa9,1.518793,18.260915,1,14345,1,1,0,0,1,0,0,0,0,0,0,0,0,1
3517,19,fcdb3f0e6a936443,2.184666,13.718743,0,14060,1,0,0,0,0,0,0,0,0,0,0,0,0,0
3518,19,0753e522d845cab2,1.641258,17.264067,1,14105,1,1,0,0,1,0,0,0,0,0,0,0,0,1
3519,19,8dc60b2329ba9531,2.276669,12.969848,0,14067,1,0,0,0,0,0,0,0,0,0,0,0,0,0
3520,19,9d51d5ae6a8d0fc5,1.712087,13.234013,1,13749,1,1,0,0,0,0,0,0,0,0,0,0,0,1
3521,19,f6ef43ac7c29feea,2.329881,13.421063,1,12873,1,0,0,0,1,0,0,0,0,0,0,0,0,0
3522,19,2b90d148c9cc0888,1.750352,13.561588,1,12460,1,1,0,0,0,0,0,0,0,0,0,0,0,1
3523,19,a0b4b2aec798e93d,2.36044,17.159511,1,12270,1,0,0,0,1,0,0,0,0,0,0,0,0,1
3524,19,da95710662d33dff,1.773311,16.370143,1,12344,1,1,0,0,1,0,0,0,0,0,0,0,0,0
3525,19,fc0e87fc50dfc248,2.375875,15.777121,1,12130,1,0,0,0,0,0,0,0,0,0,0,0,0,1
3526,19,4884b8b0c5024dbc,1.784906,15.331606,1,12070,1,1,0,0,1,0,0,0,0,0,0,0,0,0
3527,19,adb672d2e00f0800,2.386425,15.010088,1,12050,1,0,0,0,0,0,0,0,0,0,0,0,0,1
3528,19,fe00943017f00422,1.792832,14.755362,1,11965,1,1,0,0,1,0,0,0,0,0,0,0,0,0
3529,19,6145a01781dc478d,1.346888,18.042841,1,12032,1,1,0,0,1,0,0,0,0,0,0,0,0,1
3530,19,ada0cca125ee4d5a,2.057029,17.048976,1,12115,1,0,0,0,0,0,0,0,0,0,0,0,0,1
3531,19,f95903c0347aa6de,1.545369,16.287102,1,12208,1,1,0,0,1,0,0,0,0,0,0,0,0,0
3532,19,fd5c938841ceb006,1.160978,19.19358,1,12365,1,1,0,0,1,0,0,0,0,0,0,0,0,1
3533,19,88c278f8f31cc0c4,1.915853,17.898264,1,12511,1,0,0,0,0,0,0,0,0,0,0,0,0,1
3534,19,4a9bf748c5cc6108,1.440749,16.940251,1,12422,1,1,0,0,1,0,0,0,0,0,0,0,0,0
3535,19,4b93d24d0289b3da,2.126034,16.205422,1,12433,1,0,0,0,0,0,0,0,0,0,0,0,0,1
3536,19,25ef6cd1614c1a07,1.59721,15.653372,1,12611,1,1,0,0,1,0,0,0,0,0,0,0,0,0
3537,19,1f7036ddb4d18f42,1.201125,18.732562,1,12696,1,1,0,0,1,0,0,0,0,0,0,0,0,1
3538,19,8fa07c670634981a,1.946013,14.073074,0,12791,1,0,0,0,0,0,0,0,0,0,0,0,0,0
3539,19,3555ec56f6e88cbf,1.461967,17.530263,1,12536,1,1,0,0,1,0,0,0,0,0,0,0,0,1
3540,19,45a21baeb03c22b2,1.098321,16.648676,1,12552,1,1,0,0,1,0,0,0,0,0,0,0,0,0
3541,19,be4e6427df5117b8,1.870104,16.000543,1,12418,1,0,0,0,0,0,0,0,0,0,0,0,0,1
3542,19,7a05e4c9f1357f18,1.404939,15.499455,1,12482,1,1,0,0,1,0,0,0,0,0,0,0,0,0
3543,19,7d6786580c34a9ce,2.099132,15.123005,1,12317,1,0,0,0,0,0,0,0,0,0,0,0,0,1
3544,19,de0d88b7df2826f7,1.578577,14.853217,1,12554,1,1,0,0,1,0,0,0,0,0,0,0,0,0
3545,19,4b83150dc8a95d4a,1.185926,18.116356,1,12448,1,1,0,0,1,0,0,0,0,0,0,0,0,1
3546,19,8a7b92c6ec687054,2.978248,17.088985,1,12636,2,0,0,0,0,0,0,0,0,0,0,0,0,1
3547,20,1fd48474a6be9a50,2.237447,19.796005,1,13955,1,1,0,0,1,0,0,0,0,0,0,0,0,1
3548,20,530e0ea8d92a6d51,2.726742,14.886878,0,14024,1,0,0,0,0,0,0,0,0,0,0,0,0,0
3549,20,9d91a06f605c6d81,2.0485,18.141644,1,14201,1,1,0,0,1,0,0,0,0,0,0,0,0,1
3550,20,1bedfd585b1aa4b9,1.538961,17.107983,1,14152,1,1,0,0,1,0,0,0,0,0,0,0,0,0
3551,20,26a9669cba5af3ef,1.157321,16.345949,1,14219,1,1,0,0,0,0,0,0,0,0,0,0,0,1
3552,20,4f55c5e4b2d3c044,1.913105,15.758945,1,14047,1,0,0,0,1,0,0,0,0,0,0,0,0,0
3553,20,429a6cfc04b09590,1.437244,18.796795,1,14219,1,1,0,0,1,0,0,0,0,0,0,0,0,1
3554,20,bfd1095e82cc3b3f,1.079748,17.600174,1,14130,1,1,0,0,0,0,0,0,0,0,0,0,0,1
3555,20,e8a24dfe484cb614,1.856136,16.716084,1,13964,1,0,0,0,1,0,0,0,0,0,0,0,0,0
3556,20,a8eb40163c807ab7,1.394446,19.515858,1,14070,1,1,0,0,1,0,0,0,0,0,0,0,0,1
3557,20,b734eb68cadec0ba,2.091248,18.140379,1,13932,1,0,0,0,0,0,0,0,0,0,0,0,0,1
3558,20,03ed9d518f369873,1.572649,17.122325,1,13890,1,1,0,0,1,0,0,0,0,0,0,0,0,0
3559,20,cd43fcebe8f5e6e6,1.181472,19.821052,1,14095,1,1,0,0,1,0,0,0,0,0,0,0,0,1
3560,20,338e1a6d9a9334b5,1.931249,14.890815,0,14017,1,0,0,0,0,0,0,0,0,0,0,0,0,0
3561,20,f71f04d2a5841727,2.494529,18.144602,1,13888,2,1,0,0,1,0,0,0,0,0,0,0,0,1
3562,20,dab4ff966e399802,1.875921,20.0,1,13937,1,1,0,0,1,0,0,0,0,0,0,0,0,1
3563,20,339e340883d8ecaf,1.409309,18.959364,1,14039,1,1,0,0,1,0,0,0,0,0,0,0,0,0
3564,20,0f3eea50b2030a66,1.058761,20.0,1,14157,1,1,0,0,1,0,0,0,0,0,0,0,0,1
3565,20,157d3461e0a7f335,1.840354,15.943567,0,13920,1,0,0,0,0,0,0,0,0,0,0,0,0,0
3566,20,f1991b9aba19249f,1.382589,18.935495,1,14020,1,1,0,0,1,0,0,0,0,0,0,0,0,1
3567,20,f0cae4ef532c2023,1.038688,17.704374,1,14148,1,1,0,0,1,0,0,0,0,0,0,0,0,0
3568,20,3dc875a761d5c5ef,1.823981,16.779479,1,14070,1,0,0,0,0,0,0,0,0,0,0,0,0,1
3569,20,e90cc852e180b7a9,1.371659,16.098909,1,13703,1,1,0,0,1,0,0,0,0,0,0,0,0,0
3570,20,0843c071791750a4,1.030476,19.052198,1,13999,1,1,0,0,1,0,0,0,0,0,0,0,0,1
3571,20,e7652621d19bb2aa,0.774158,17.792048,1,13926,1,1,0,0,1,0,0,0,0,0,0,0,0,0
3572,20,83403ab2ce2e5edc,1.626329,16.860376,1,13953,1,0,0,0,0,0,0,0,0,0,0,0,0,1
3573,20,31f44b91b5854a60,1.2218,16.145414,1,13988,1,1,0,0,1,0,0,0,0,0,0,0,0,0
3574,20,9eeb382b0724ec5e,0.917893,19.087135,1,13961,1,1,0,0,1,0,0,0,0,0,0,0,0,1
3575,20,8cf44fb6a5bc2678,1.733232,17.818296,1,13819,2,1,0,0,0,0,0,0,0,0,0,0,0,1
3576,20,26302fd6db433208,2.347566,16.880114,1,13863,1,0,0,0,1,0,0,0,0,0,0,0,0,0
3577,20,212d5aa4658ea2f7,1.763638,19.639088,1,14028,1,1,0,0,1,0,0,0,0,0,0,0,0,1
3578,20,37a5a18fb6caef37,1.324955,20.0,1,13932,1,1,0,0,1,0,0,0,0,0,0,0,0,1
3579,20,79c0b206a03c3fd7,0.996385,16.327584,0,14075,1,1,0,0,0,0,0,0,0,0,0,0,0,0
3580,20,3073f8e12d7df25d,1.7922,19.223993,1,14099,1,0,0,0,1,0,0,0,0,0,0,0,0,1
3581,20,56f234be32ca2631,1.346413,17.921112,1,13850,1,1,0,0,1,0,0,0,0,0,0,0,0,0
3582,20,faeb10a0166eeef1,1.01151,20.0,1,13910,1,1,0,0,1,0,0,0,0,0,0,0,0,1
3583,20,0545406eba8b439b,0.76067,18.837498,1,13862,1,1,0,0,0,0,0,0,0,0,0,0,0,1
3584,20,f5167be6c40d6fa0,2.65877,20.0,1,13967,2,0,0,0,1,0,0,0,0,0,0,0,0,1
3585,20,dd4f08c5ac0e5eae,1.997434,19.337696,1,13919,1,1,0,0,1,0,0,0,0,0,0,0,0,0
3586,20,81c68fcbb91c0d4c,1.502099,20.0,1,14113,1,1,0,0,1,0,0,0,0,0,0,0,0,1
3587,20,aa9d9ee81bd482a5,1.128471,19.633414,1,13982,1,1,0,0,0,0,0,0,0,0,0,0,0,1
3588,20,88f6846f9af586b8,1.891431,18.228695,1,13921,1,0,0,0,1,0,0,0,0,0,0,0,0,0
3589,20,2a71789b17dd6e6d,1.420962,20.0,1,13863,1,1,0,0,1,0,0,0,0,0,0,0,0,1
3590,20,a2f090b3ec8eaed0,1.068583,19.01127,1,14017,1,1,0,0,1,0,0,0,0,0,0,0,0,0
3591,20,9007a34ce4271e0f,1.84644,17.761301,1,13908,1,0,0,0,0,0,0,0,0,0,0,0,0,1
3592,20,c2c7e5298355bdf1,1.387161,20.0,1,13984,1,1,0,0,1,0,0,0,0,0,0,0,0,1
3593,20,5cc48314a55c2be2,2.087316,20.0,1,13962,2,1,0,0,1,0,0,0,0,0,0,0,0,1
3594,20,aad69df5610846e3,2.611776,20.0,1,13729,1,0,0,0,0,0,0,0,0,0,0,0,0,1
3595,20,78aba4a4881a33c3,1.962129,18.637592,1,13786,1,1,0,0,1,0,0,0,0,0,0,0,0,0
3596,20,901bca4c987c5e7e,1.474074,20.0,1,13944,1,1,0,0,1,0,0,0,0,0,0,0,0,1
3597,20,f4d0147e075bf91a,2.152675,15.761779,0,13876,1,0,0,0,0,0,0,0,0,0,0,0,0,0
3598,20,5ab8f7ecbcdf7819,2.660878,18.798924,1,14130,2,1,0,0,1,0,0,0,0,0,0,0,0,1
3599,20,17da423b61dd116c,1.999018,20.0,1,13863,1,1,0,0,1,0,0,0,0,0,0,0,0,1
3600,20,853baeb215adc2c8,1.50329,19.333427,1,13897,1,1,0,0,1,0,0,0,0,0,0,0,0,0
3601,20,b84460a4dcfbf230,2.173019,18.003325,1,14126,1,0,0,0,0,0,0,0,0,0,0,0,0,1
3602,20,57f18cc396af39ed,1.632508,20.0,1,13851,1,1,0,0,1,0,0,0,0,0,0,0,0,1
3603,20,77af0fca5d2ab9d4,1.226442,18.866892,1,13913,1,1,0,0,1,0,0,0,0,0,0,0,0,0
3604,20,6dc032d9a4f530bf,1.966453,17.668674,1,13805,1,0,0,0,0,0,0,0,0,0,0,0,0,1
3605,20,699d850d1d19c557,1.477322,16.752659,1,13838,1,1,0,0,1,0,0,0,0,0,0,0,0,0
3606,20,c18ea323a7486338,2.15351,19.543335,1,13950,2,1,0,0,1,0,0,0,0,0,0,0,0,1
3607,20,a348045310e124e1,1.61947,20.0,1,13849,1,1,0,0,1,0,0,0,0,0,0,0,0,1
3608,20,4298759b47671d91,1.216648,19.749593,1,13740,1,1,0,0,0,0,0,0,0,0,0,0,0,1
3609,20,f079e95302a265cb,1.957675,20.0,1,13909,1,0,0,0,1,0,0,0,0,0,0,0,0,1
3610,20,6fb8b5718a19b4f2,2.514382,20.0,1,13946,2,1,0,0,1,0,0,0,0,0,0,0,0,1
3611,20,45ab824543f54600,1.890851,20.0,1,13615,1,1,0,0,1,0,0,0,0,0,0,0,0,0
3612,20,0cfccacfd1a330d8,2.464179,19.274884,1,13930,1,0,0,0,0,0,0,0,0,0,0,0,0,1
3613,20,f5950795130541c6,1.851245,17.959344,1,13860,1,1,0,0,1,0,0,0,0,0,0,0,0,0
3614,20,0a5a1ea3c67448e8,2.436313,16.986184,1,13847,1,0,0,0,0,0,0,0,0,0,0,0,0,1
3615,20,6751a39eb4085546,1.830311,19.718774,1,13871,1,1,0,0,1,0,0,0,0,0,0,0,0,1
3616,20,178fbaf1b049ea56,1.375044,18.292823,1,13763,1,1,0,0,1,0,0,0,0,0,0,0,0,0
3617,20,41c45aea5a0dfdc6,2.076673,20.0,1,13968,2,1,0,0,1,0,0,0,0,0,0,0,0,1
3618,20,fc25b6521148f592,1.561688,20.0,1,13697,1,1,0,0,1,0,0,0,0,0,0,0,0,1
3619,20,c51d22c7d194d0e0,2.216891,20.0,1,14085,1,0,0,0,0,0,0,0,0,0,0,0,0,1
3620,20,6ad9db8caed007c0,1.665467,18.807073,1,13870,1,1,0,0,1,0,0,0,0,0,0,0,0,0
3621,20,2f2a98846908918d,1.252455,20.0,1,13863,1,1,0,0,1,0,0,0,0,0,0,0,0,1
3622,20,6b548880f2d8fa92,1.984576,15.854789,0,13928,1,0,0,0,0,0,0,0,0,0,0,0,0,0
3623,20,184589ce6b62d29d,1.490938,18.8688,1,13902,1,1,0,0,1,0,0,0,0,0,0,0,0,1
3624,20,566bbcfd30582c41,2.163739,20.0,1,13900,2,1,0,0,1,0,0,0,0,0,0,0,0,1
3625,20,f94a471fed1b10a2,2.671313,15.892402,0,13991,1,0,0,0,0,0,0,0,0,0,0,0,0,0
3626,20,466f1c85f013bd65,2.006858,18.897057,1,13846,1,1,0,0,1,0,0,0,0,0,0,0,0,1
3627,20,1c890ca57d24380b,1.507677,17.675497,1,13926,1,1,0,0,1,0,0,0,0,0,0,0,0,0
3628,20,4c1c0696db3f5d29,2.177945,16.772727,1,13944,1,0,0,0,0,0,0,0,0,0,0,0,0,1
3629,20,5dbe1ce6ab3d2665,1.636209,16.079567,1,13726,1,1,0,0,1,0,0,0,0,0,0,0,0,0
3630,20,23310ee1aaeb8639,1.229223,19.037667,1,13860,1,1,0,0,1,0,0,0,0,0,0,0,0,1
3631,20,b49c658949802824,3.010776,17.781132,1,13997,2,0,0,0,0,0,0,0,0,0,0,0,0,1
3632,20,0116871683a8462c,2.264146,20.0,1,13831,1,1,0,0,1,0,0,0,0,0,0,0,0,1
3633,20,442b765d2eeb6306,1.700968,20.0,1,13913,1,1,0,0,1,0,0,0,0,0,0,0,0,1
3634,20,8b751dd85af18131,2.321527,16.702718,0,13741,1,0,0,0,0,0,0,0,0,0,0,0,0,0
3635,20,15870cb86978ddb3,1.745822,19.521686,1,13752,1,1,0,0,1,0,0,0,0,0,0,0,0,1
3636,20,1bac8f4cbaacf4dc,1.311571,18.144757,1,13825,1,1,0,0,1,0,0,0,0,0,0,0,0,0
3637,20,caf71b2a4fe5c69b,2.028987,17.110322,1,13553,1,0,0,0,0,0,0,0,0,0,0,0,0,1
3638,20,5109776e3d0ee90e,1.524302,16.33319,1,13514,1,1,0,0,1,0,0,0,0,0,0,0,0,0
3639,20,3f4b8cd84884981e,1.146297,19.243795,1,13540,1,1,0,0,1,0,0,0,0,0,0,0,0,1
3640,20,d9561ebf158cff78,0.86117,14.457144,0,13851,1,1,0,0,0,0,0,0,0,0,0,0,0,0
3641,20,98984085bfeee9df,1.690618,17.818801,1,13711,1,0,0,0,1,0,0,0,0,0,0,0,0,1
3642,20,31bac18f56c2d5bc,1.271369,16.880494,1,13737,1,1,0,0,1,0,0,0,0,0,0,0,0,0
3643,20,1a766d1a67354e01,0.955132,19.639373,1,13777,1,1,0,0,1,0,0,0,0,0,0,0,0,1
3644,20,fd2b02fd98055370,1.761208,18.233171,1,13783,1,0,0,0,0,0,0,0,0,0,0,0,0,1
3645,20,ade54318559972c0,2.366783,20.0,1,13806,2,1,0,0,1,0,0,0,0,0,0,0,0,1
3646,20,de9c34c3e368799e,1.779855,19.013799,1,13576,1,1,0,0,1,0,0,0,0,0,0,0,0,0
3647,20,7d8ac752b59b6a53,1.337138,20.0,1,13783,1,1,0,0,1,0,0,0,0,0,0,0,0,1
3648,20,9488ac2f9e8c2426,1.004542,15.958355,0,13733,0,0,0,0,0,0,0,0,0,0,0,0,0,0
3649,20,379f5428c1a5daf5,0.75543,18.961914,1,13587,1,1,0,0,1,0,0,0,0,0,0,0,0,1
3650,20,5a31ebf7223c44d5,0.567526,17.724221,1,13698,1,1,0,0,1,0,0,0,0,0,0,0,0,0
3651,20,225722e32e059e30,1.470015,16.794389,1,13630,1,0,0,0,0,0,0,0,0,0,0,0,0,1
3652,20,78d1253cab05704a,1.104367,19.574686,1,13688,1,1,0,0,1,0,0,0,0,0,0,0,0,1
3653,20,72d57fdc27db14fd,0.8305,18.200945,1,13636,1,1,0,0,1,0,0,0,0,0,0,0,0,0
3654,20,e98f58fe452e9df2,1.667577,17.152534,1,13633,1,0,0,0,0,0,0,0,0,0,0,0,0,1
3655,20,0f214dbbe4573a73,1.252788,19.843746,1,13764,1,1,0,0,1,0,0,0,0,0,0,0,0,1
3656,20,ebd7cf2e3e0f7557,0.942115,18.403282,1,13688,1,1,0,0,1,0,0,0,0,0,0,0,0,0
3657,20,e560175d7fdc8431,1.751429,20.0,1,13801,2,1,0,0,1,0,0,0,0,0,0,0,0,1
3658,20,f965d88c5bb5d12e,2.359436,15.613782,0,13711,1,0,0,0,0,0,0,0,0,0,0,0,0,0
3659,20,16f680dd443a96d2,1.772556,18.687739,1,13596,1,1,0,0,1,0,0,0,0,0,0,0,0,1
3660,20,1bc3f9fb113e040b,1.332988,17.533948,1,13723,1,1,0,0,1,0,0,0,0,0,0,0,0,0
3661,20,eeb4cee968db4eb6,2.045077,16.651444,1,13770,1,0,0,0,0,0,0,0,0,0,0,0,0,1
3662,20,81c289bc45ccd91d,1.53639,15.988452,1,13439,1,1,0,0,1,0,0,0,0,0,0,0,0,0
3663,20,e77d55c3c5b10576,1.155387,18.984547,1,13540,1,1,0,0,1,0,0,0,0,0,0,0,0,1
3664,20,7d1f844fa561d078,0.867999,20.0,1,13783,1,1,0,0,1,0,0,0,0,0,0,0,0,1
3665,20,79dd5154fd6edd39,0.652095,15.941845,0,13626,1,1,0,0,0,0,0,0,0,0,0,0,0,0
3666,20,bba69b1c428039fe,1.533548,18.934201,1,13555,1,0,0,0,1,0,0,0,0,0,0,0,0,1
3667,20,d5cf5f12ccbb2d89,1.15325,17.719291,1,14497,1,1,0,0,1,0,0,0,0,0,0,0,0,0
3668,20,694a1b542e6fd32d,1.910047,20.0,1,14334,2,1,0,0,1,0,0,0,0,0,0,0,0,1
3669,20,8138a9fa37b11170,1.434947,20.0,1,14697,1,1,0,0,1,0,0,0,0,0,0,0,0,1
3670,20,205f8f0e71e7a01d,2.123251,20.0,1,15890,1,0,0,0,0,0,0,0,0,0,0,0,0,1
3671,20,5c92bdf6ff00ab38,2.638773,20.0,1,16050,2,1,0,0,1,0,0,0,0,0,0,0,0,1
3672,20,a39216dd796a79a2,1.982411,20.0,1,15831,1,1,0,0,1,0,0,0,0,0,0,0,0,0
3673,20,c13ae5b429adb9b6,1.489311,20.0,1,15563,1,1,0,0,1,0,0,0,0,0,0,0,0,1
3674,20,e1d3f1dc94888fee,3.208284,20.0,1,15571,2,0,0,0,0,0,0,0,0,0,0,0,0,1
3675,20,c3fb7e00efa35921,2.410264,20.0,1,15779,1,1,0,0,1,0,0,0,0,0,0,0,0,1
3676,20,c9f49a52e856f0ee,1.810741,20.0,1,15820,1,1,0,0,1,0,0,0,0,0,0,0,0,0
3677,20,96084df86f015f24,3.450004,18.541962,1,15648,2,0,0,0,0,0,0,0,0,0,0,0,0,1
3678,20,d1d2f003e5392f41,2.591859,20.0,1,16048,1,1,0,0,1,0,0,0,0,0,0,0,0,1
3679,20,6e83dfd6ae6b3990,1.947167,20.0,1,16219,1,1,0,0,1,0,0,0,0,0,0,0,0,1
3680,20,ca3f4ba84dbfa160,2.506487,20.0,1,16216,2,1,0,0,1,0,0,0,0,0,0,0,0,1
3681,20,aa6a12cf4340d3d1,1.884914,20.0,1,16360,1,1,0,0,1,0,0,0,0,0,0,0,0,1
3682,20,1d66f09716de2991,2.459719,20.0,1,14400,1,0,0,0,0,0,0,0,0,0,0,0,0,1
3683,20,50d12954f0826ae4,2.891548,20.0,1,12940,2,1,0,0,1,0,0,0,0,0,0,0,0,1
3684,20,d16477f63ca5c05a,2.174485,20.0,1,13026,1,1,0,0,1,0,0,0,0,0,0,0,0,1
3685,20,fdc1ed46a02f3301,1.63361,20.0,1,13208,1,1,0,0,1,0,0,0,0,0,0,0,0,0
3686,20,71f8da2ee8202719,2.270923,20.0,1,13255,1,0,0,0,0,0,0,0,0,0,0,0,0,1
3687,20,a9c59d64714e79af,1.70606,18.556433,1,13345,1,1,0,0,1,0,0,0,0,0,0,0,0,0
3688,20,9277db9c6f9410c0,1.282981,20.0,1,13327,1,1,0,0,1,0,0,0,0,0,0,0,0,1
3689,20,24a53976255588ba,0.963856,15.713187,0,13058,1,1,0,0,0,0,0,0,0,0,0,0,0,0
3690,20,cab0cda823c7f271,1.767762,18.762419,1,13048,1,0,0,0,1,0,0,0,0,0,0,0,0,1
3691,20,f605fa8048bc9ebf,2.373533,20.0,1,13168,2,1,0,0,1,0,0,0,0,0,0,0,0,1
3692,20,1874ed6152678b83,1.783147,20.0,1,13069,1,1,0,0,1,0,0,0,0,0,0,0,0,1
3693,20,eab83b6b657dad7d,2.383265,17.11921,0,13366,1,0,0,0,0,0,0,0,0,0,0,0,0,0
3694,20,e205dbf54a3118fd,1.790458,19.818711,1,13350,1,1,0,0,1,0,0,0,0,0,0,0,0,1
3695,20,d39a092eb4c887c2,2.3906,20.0,1,13257,2,1,0,0,1,0,0,0,0,0,0,0,0,1
3696,20,8edda958b3ba49f2,1.795969,16.426325,0,13384,1,1,0,0,0,0,0,0,0,0,0,0,0,0
3697,20,31663900bf6e709b,2.392897,19.298173,1,13437,1,0,0,0,1,0,0,0,0,0,0,0,0,1
3698,20,312a6361e5b4b5ed,1.799493,17.993003,1,13264,1,1,0,0,1,0,0,0,0,0,0,0,0,0
3699,20,186c05fa9dd7e38f,1.351892,20.0,1,13374,1,1,0,0,1,0,0,0,0,0,0,0,0,1
3700,20,f4a024b74be72cc5,2.059279,15.382222,0,13509,1,0,0,0,0,0,0,0,0,0,0,0,0,0
3701,20,dc00fb071c805147,2.590713,18.513777,1,13426,2,1,0,0,1,0,0,0,0,0,0,0,0,1
3702,20,4e2693e5d5707aeb,1.948253,20.0,1,13330,1,1,0,0,1,0,0,0,0,0,0,0,0,1
3703,20,e38e831c05553a35,2.507303,15.689089,0,13244,1,0,0,0,0,0,0,0,0,0,0,0,0,0
3704,20,4e50c0b09f558fe6,1.883643,18.744315,1,13177,1,1,0,0,1,0,0,0,0,0,0,0,0,1
3705,20,7a0f7d36280cb876,2.460677,17.576494,1,13253,1,0,0,0,0,0,0,0,0,0,0,0,0,1
3706,20,d0faf9d3049cc81f,1.848615,16.683407,1,13322,1,1,0,0,1,0,0,0,0,0,0,0,0,0
3707,20,17b35cca3f41b555,2.432448,16.012465,1,13277,1,0,0,0,0,0,0,0,0,0,0,0,0,1
3708,20,009e885b1c17c938,1.827408,15.508411,1,13284,1,1,0,0,1,0,0,0,0,0,0,0,0,0
3709,20,957505aa1c713333,1.374237,18.623549,1,13132,1,1,0,0,1,0,0,0,0,0,0,0,0,1
3710,20,3734493c24f7ffb0,3.119719,17.470021,1,13069,2,0,0,0,0,0,0,0,0,0,0,0,0,1
3711,20,66f2c596f95c4058,2.343728,20.0,1,13357,1,1,0,0,1,0,0,0,0,0,0,0,0,1
3712,20,9f91f39a22635161,2.806668,18.582649,1,13194,1,0,0,0,0,0,0,0,0,0,0,0,0,1
3713,20,37d7ab444543f768,2.108545,17.439294,1,13423,1,1,0,0,1,0,0,0,0,0,0,0,0,0
3714,20,59b944d6bfed6fd9,1.584071,20.0,1,13224,1,1,0,0,1,0,0,0,0,0,0,0,0,1
3715,20,07ff7950dd479dbc,3.27736,18.548556,1,13185,2,0,0,0,0,0,0,0,0,0,0,0,0,1
3716,20,a61d9538ca16e1ed,2.464621,20.0,1,13052,1,1,0,0,1,0,0,0,0,0,0,0,0,1
3717,20,22b67b80133f1ccf,0.807924,19.187582,1,13294,0,1,0,0,1,0,0,0,0,0,0,0,0,0
3718,20,18dca41d384340a4,2.69427,17.893757,1,12994,2,0,0,0,0,0,0,0,0,0,0,0,0,1
3719,20,893aae12bfb707d6,2.02613,16.936862,1,13048,1,1,0,0,1,0,0,0,0,0,0,0,0,0
3720,20,c00462b94aa5e028,2.565809,16.202876,1,13107,1,0,0,0,0,0,0,0,0,0,0,0,0,1
3721,20,17051f5a892f9f44,1.927596,15.65146,1,13098,1,1,0,0,1,0,0,0,0,0,0,0,0,0
3722,20,47f3fef564e96d1e,2.491784,15.237201,1,13259,1,0,0,0,0,0,0,0,0,0,0,0,0,1
3723,20,1c5da9741e9611e3,1.873857,18.419596,1,13042,1,1,0,0,1,0,0,0,0,0,0,0,0,1
3724,20,a86695cfde272233,2.451412,13.837954,0,13073,1,0,0,0,0,0,0,0,0,0,0,0,0,0
3725,20,b4f06c28026690a8,1.841654,17.353626,1,12996,1,1,0,0,1,0,0,0,0,0,0,0,0,1
3726,20,6d23d3e57f067beb,2.429101,13.050174,0,12750,1,0,0,0,0,0,0,0,0,0,0,0,0,0
3727,20,12f1991968ffe41f,1.824893,16.761797,1,12733,1,1,0,0,1,0,0,0,0,0,0,0,0,1
3728,20,8f9cd570dad1e465,2.414627,12.592512,0,12823,1,0,0,0,0,0,0,0,0,0,0,0,0,0
3729,20,57c5c4788573b8da,1.814019,16.417972,1,13140,1,1,0,0,1,0,0,0,0,0,0,0,0,1
3730,20,c216a6176a61b228,2.408319,12.346549,0,13233,1,0,0,0,0,0,0,0,0,0,0,0,0,0
3731,20,c62433dfcd720b39,1.80928,16.23319,1,13342,1,1,0,0,1,0,0,0,0,0,0,0,0,1
3732,20,6da00e07b7d14e6b,2.402898,12.195389,0,13348,1,0,0,0,0,0,0,0,0,0,0,0,0,0
3733,20,00fab1bc302a2315,1.807013,16.13211,1,13338,1,1,0,0,1,0,0,0,0,0,0,0,0,1
3734,20,c1f0fe42d6403181,1.357542,19.07714,1,13349,1,1,0,0,1,0,0,0,0,0,0,0,0,1
3735,20,b9e7bd12c2eae4a2,1.01987,14.331942,0,13442,1,1,0,0,0,0,0,0,0,0,0,0,0,0
3736,20,dd9cb706451debe5,1.809844,17.724741,1,13291,1,0,0,0,1,0,0,0,0,0,0,0,0,1
3737,20,934ef15c4628271b,1.361028,16.80976,1,13463,1,1,0,0,1,0,0,0,0,0,0,0,0,0
3738,20,cdf38aff592182e2,1.02249,19.586233,1,13413,1,1,0,0,1,0,0,0,0,0,0,0,0,1
3739,20,e729f1fe61ff9856,0.768158,14.714405,0,13413,1,1,0,0,0,0,0,0,0,0,0,0,0,0
3740,20,6155c3eed8d20a8d,1.621816,18.026446,1,13326,1,0,0,0,1,0,0,0,0,0,0,0,0,1
3741,20,d231fb207dfddcb6,1.21841,20.0,1,13316,1,1,0,0,1,0,0,0,0,0,0,0,0,1
3742,20,8f1f94d387028d6e,1.958999,18.879941,1,13479,2,1,0,0,0,0,0,0,0,0,0,0,0,1
3743,20,621bf4145e6d5b6a,2.515376,17.662639,1,13193,1,0,0,0,1,0,0,0,0,0,0,0,0,0
3744,20,e23e9a20d2da418b,1.891599,20.0,1,13267,1,1,0,0,1,0,0,0,0,0,0,0,0,1
3745,20,7bcbbc76d1634cc3,1.421087,18.687074,1,13308,1,1,0,0,1,0,0,0,0,0,0,0,0,0
3746,20,47c0345c65d03c05,2.111263,17.517745,1,13366,1,0,0,0,0,0,0,0,0,0,0,0,0,1
3747,20,553a5e2576ff0264,1.5877,16.654095,1,13575,1,1,0,0,1,0,0,0,0,0,0,0,0,0
3748,20,a7cf576587ff4587,1.19278,19.469288,1,13485,1,1,0,0,1,0,0,0,0,0,0,0,0,1
3749,20,89099ab7cb19e2e7,1.939744,18.105393,1,13534,2,1,0,0,0,0,0,0,0,0,0,0,0,1
3750,20,4ec9965e2fbedf9f,2.500911,17.080749,1,13701,1,0,0,0,1,0,0,0,0,0,0,0,0,0
3751,20,b23a4cc7d12dd704,1.88072,19.80597,1,13554,1,1,0,0,1,0,0,0,0,0,0,0,0,1
3752,20,61698f26678515ac,1.412915,20.0,1,13552,1,1,0,0,1,0,0,0,0,0,0,0,0,1
3753,20,b11cbfda977b40f8,1.06147,16.405453,0,13579,1,1,0,0,0,0,0,0,0,0,0,0,0,0
3754,20,3a1c47bf557599ba,1.842391,19.298138,1,13704,1,0,0,0,1,0,0,0,0,0,0,0,0,1
3755,20,4f718c1c9b5c2625,1.38412,17.976814,1,13649,1,1,0,0,1,0,0,0,0,0,0,0,0,0
3756,20,6811f9e007fd7cf8,2.083491,16.984153,1,13827,1,0,0,0,0,0,0,0,0,0,0,0,0,1
3757,20,e292af7ac35acd97,1.565249,16.238404,1,13807,1,1,0,0,1,0,0,0,0,0,0,0,0,0
3758,20,e2b3b418a646f513,2.22124,19.172514,1,13684,2,1,0,0,1,0,0,0,0,0,0,0,0,1
3759,20,0b23a3c7c635eaf1,1.668734,20.0,1,13858,1,1,0,0,1,0,0,0,0,0,0,0,0,1
3760,20,9ad5e07749bbb1da,2.297311,19.526777,1,13843,1,0,0,0,0,0,0,0,0,0,0,0,0,1
3761,20,45eb4e3f0d6effad,1.727611,18.164917,1,13670,1,1,0,0,1,0,0,0,0,0,0,0,0,0
3762,20,705d92d4456e1a7a,1.297889,20.0,1,13964,1,1,0,0,1,0,0,0,0,0,0,0,0,1
3763,20,a6486756894af270,3.062362,18.958094,1,13864,2,0,0,0,0,0,0,0,0,0,0,0,0,1
3764,20,cf96243255e12a51,2.300638,17.721352,1,14059,1,1,0,0,1,0,0,0,0,0,0,0,0,0
3765,20,f9548e6cb48611fd,1.730113,20.0,1,13893,1,1,0,0,1,0,0,0,0,0,0,0,0,1
3766,20,027eecb2c7bff9d1,1.299769,20.0,1,13948,1,1,0,0,1,0,0,0,0,0,0,0,0,1
3767,20,0145e96e272d1c62,2.020121,16.677346,0,13944,1,0,0,0,0,0,0,0,0,0,0,0,0,0
3768,20,5071cf6a8335f1a8,2.563311,19.502605,1,14062,2,1,0,0,1,0,0,0,0,0,0,0,0,1
3769,20,ae03891b2667f9ba,1.925719,20.0,1,13969,1,1,0,0,1,0,0,0,0,0,0,0,0,1
3770,20,a52d4a993a89f6c9,1.446721,16.234235,0,14049,1,1,0,0,0,0,0,0,0,0,0,0,0,0
3771,20,273206081606a9b4,2.130521,19.153863,1,14158,1,0,0,0,1,0,0,0,0,0,0,0,0,1
3772,20,1e0ac32bef02ef8c,1.602182,20.0,1,14042,1,1,0,0,1,0,0,0,0,0,0,0,0,1
3773,20,387b3075e7d097d4,1.203659,19.529556,1,13609,1,1,0,0,1,0,0,0,0,0,0,0,0,0
3774,20,bd58832d595a1f38,0.904264,20.0,1,13554,1,1,0,0,1,0,0,0,0,0,0,0,0,1
3775,20,29f744d7bcdf9a50,2.768321,19.746205,1,13511,2,0,0,0,0,0,0,0,0,0,0,0,0,1
3776,20,338163cddab124bf,2.079736,18.31343,1,13867,1,1,0,0,1,0,0,0,0,0,0,0,0,0
3777,21,1fd48474a6be9a50,1.562428,20.0,1,13899,1,1,0,0,1,0,0,0,0,0,0,0,0,1
3778,21,530e0ea8d92a6d51,2.217447,19.041914,1,13886,1,0,0,0,0,0,0,0,0,0,0,0,0,1
3779,21,9d91a06f605c6d81,1.667552,17.800293,1,14114,1,1,0,0,1,0,0,0,0,0,0,0,0,0
3780,21,1bedfd585b1aa4b9,1.252769,20.0,1,14306,1,1,0,0,1,0,0,0,0,0,0,0,0,1
3781,21,26a9669cba5af3ef,0.941159,15.273457,0,14189,1,1,0,0,0,0,0,0,0,0,0,0,0,0
3782,21,4f55c5e4b2d3c044,1.751915,18.446861,1,14308,1,0,0,0,1,0,0,0,0,0,0,0,0,1
3783,21,429a6cfc04b09590,1.316148,17.337281,1,14110,1,1,0,0,1,0,0,0,0,0,0,0,0,0
3784,21,bfd1095e82cc3b3f,2.032426,16.503696,1,13979,1,0,0,0,0,0,0,0,0,0,0,0,0,1
3785,21,e8a24dfe484cb614,1.526886,15.877454,1,14022,1,1,0,0,1,0,0,0,0,0,0,0,0,0
3786,21,a8eb40163c807ab7,1.14824,18.901075,1,13997,1,1,0,0,1,0,0,0,0,0,0,0,0,1
3787,21,b734eb68cadec0ba,0.86263,14.199671,0,13907,1,1,0,0,0,0,0,0,0,0,0,0,0,0
3788,21,03ed9d518f369873,1.691715,17.625371,1,14046,1,0,0,0,1,0,0,0,0,0,0,0,0,1
3789,21,cd43fcebe8f5e6e6,1.272194,16.735032,1,13983,1,1,0,0,1,0,0,0,0,0,0,0,0,0
3790,21,338e1a6d9a9334b5,0.955752,19.530093,1,13980,1,1,0,0,1,0,0,0,0,0,0,0,0,1
3791,21,f71f04d2a5841727,0.71802,14.672229,0,14075,1,1,0,0,0,0,0,0,0,0,0,0,0,0
3792,21,dab4ff966e399802,1.583075,17.980386,1,13903,1,0,0,0,1,0,0,0,0,0,0,0,0,1
3793,21,339e340883d8ecaf,1.190495,17.002008,1,13894,1,1,0,0,1,0,0,0,0,0,0,0,0,0
3794,21,0f3eea50b2030a66,0.894375,19.730662,1,14202,1,1,0,0,1,0,0,0,0,0,0,0,0,1
3795,21,157d3461e0a7f335,1.715563,14.822909,0,14031,1,0,0,0,0,0,0,0,0,0,0,0,0,0
3796,21,f1991b9aba19249f,2.334279,18.108042,1,13977,2,1,0,0,1,0,0,0,0,0,0,0,0,1
3797,21,f0cae4ef532c2023,1.753656,20.0,1,14011,1,1,0,0,1,0,0,0,0,0,0,0,0,1
3798,21,3dc875a761d5c5ef,1.317456,20.0,1,14057,1,1,0,0,1,0,0,0,0,0,0,0,0,1
3799,21,e90cc852e180b7a9,2.033409,16.831918,0,13962,1,0,0,0,0,0,0,0,0,0,0,0,0,0
3800,21,0843c071791750a4,1.529153,19.618845,1,13988,1,1,0,0,1,0,0,0,0,0,0,0,0,1
3801,21,e7652621d19bb2aa,1.148795,18.21775,1,13897,1,1,0,0,1,0,0,0,0,0,0,0,0,0
3802,21,83403ab2ce2e5edc,0.863047,20.0,1,13961,1,1,0,0,1,0,0,0,0,0,0,0,0,1
3803,21,31f44b91b5854a60,0.649024,15.524585,0,13865,1,1,0,0,0,0,0,0,0,0,0,0,0,0
3804,21,9eeb382b0724ec5e,1.531241,18.620729,1,13899,1,0,0,0,1,0,0,0,0,0,0,0,0,1
3805,21,8cf44fb6a5bc2678,1.150364,17.467902,1,13974,1,1,0,0,1,0,0,0,0,0,0,0,0,0
3806,21,26302fd6db433208,0.864225,20.0,1,13946,1,1,0,0,1,0,0,0,0,0,0,0,0,1
3807,21,212d5aa4658ea2f7,1.69406,20.0,1,14037,2,1,0,0,1,0,0,0,0,0,0,0,0,1
3808,21,37a5a18fb6caef37,1.272684,20.0,1,13902,1,1,0,0,1,0,0,0,0,0,0,0,0,0
3809,21,79c0b206a03c3fd7,0.95612,20.0,1,14112,1,1,0,0,1,0,0,0,0,0,0,0,0,1
3810,21,066f19424897b5f9,1.763166,16.561522,0,14077,1,0,0,0,0,0,0,0,0,0,0,0,0,0
3811,21,45cd890081455bb1,1.324601,19.399741,1,14058,1,1,0,0,1,0,0,0,0,0,0,0,0,1
3812,21,750fc310f3e0ed42,2.038777,20.0,1,13960,2,1,0,0,1,0,0,0,0,0,0,0,0,1
3813,21,adc39f36c9059362,1.531657,19.655023,1,14002,1,1,0,0,1,0,0,0,0,0,0,0,0,0
3814,21,c737755f3a17e375,1.151828,20.0,1,13777,1,1,0,0,1,0,0,0,0,0,0,0,0,1
3815,21,03691bb0fd247bd6,1.908978,19.812692,1,14177,1,0,0,0,0,0,0,0,0,0,0,0,0,1
3816,21,578fb6fab2e2f3f6,1.434144,18.363379,1,13866,1,1,0,0,1,0,0,0,0,0,0,0,0,0
3817,21,6085a28dd6b7aff7,2.122647,20.0,1,14126,2,1,0,0,1,0,0,0,0,0,0,0,0,1
3818,21,be0e04b7c44ccd39,1.594666,20.0,1,13774,1,1,0,0,1,0,0,0,0,0,0,0,0,1
3819,21,7eb8737e386f83c6,2.241666,20.0,1,14174,1,0,0,0,0,0,0,0,0,0,0,0,0,1
3820,21,df10bd142829f09e,1.68408,18.826154,1,13901,1,1,0,0,1,0,0,0,0,0,0,0,0,0
3821,21,bfa76b9aa9882ae4,1.266452,20.0,1,14012,1,1,0,0,1,0,0,0,0,0,0,0,0,1
3822,21,3cbca3f7365ce076,1.995091,15.865569,0,13776,1,0,0,0,0,0,0,0,0,0,0,0,0,0
3823,21,56e4a4bf8d7a99f0,1.498838,18.876898,1,14001,1,1,0,0,1,0,0,0,0,0,0,0,0,1
3824,21,74dea8182b594738,2.171298,20.0,1,13918,2,1,0,0,1,0,0,0,0,0,0,0,0,1
3825,21,f5311adf735cf63b,1.631215,19.373082,1,13878,1,1,0,0,1,0,0,0,0,0,0,0,0,0
3826,21,072fcead16035cc8,1.225471,20.0,1,14165,1,1,0,0,1,0,0,0,0,0,0,0,0,1
3827,21,92f19af33868b99d,1.964304,16.161133,0,14090,1,0,0,0,0,0,0,0,0,0,0,0,0,0
3828,21,9d63cd8ad3fe1404,1.477184,19.114405,1,13939,1,1,0,0,1,0,0,0,0,0,0,0,0,1
3829,21,a70b639d11ec29be,1.109753,17.838783,1,14164,1,1,0,0,1,0,0,0,0,0,0,0,0,0
3830,21,c2b951f784f9b818,2.921023,16.880455,1,13968,2,0,0,0,0,0,0,0,0,0,0,0,0,1
3831,21,70fda9c2c2c57230,2.196651,19.655346,1,13948,1,1,0,0,1,0,0,0,0,0,0,0,0,1
3832,21,955f50cb3de97d4f,1.650262,20.0,1,13979,1,1,0,0,1,0,0,0,0,0,0,0,0,1
3833,21,c1857ce1d7dd4a0e,3.327087,19.799286,1,13875,2,0,0,0,0,0,0,0,0,0,0,0,0,1
3834,21,dff93ad60d5d284a,2.499516,18.353308,1,14050,1,1,0,0,1,0,0,0,0,0,0,0,0,0
3835,21,8cf4a90e45b30250,1.879672,20.0,1,13929,1,1,0,0,1,0,0,0,0,0,0,0,0,1
3836,21,9ac529a8650b551c,2.45578,19.077274,1,14078,1,0,0,0,0,0,0,0,0,0,0,0,0,1
3837,21,b754b9789c31eb18,2.888589,20.0,1,13965,2,1,0,0,1,0,0,0,0,0,0,0,0,1
3838,21,676d7f4c565399ea,2.17226,20.0,1,13948,1,1,0,0,1,0,0,0,0,0,0,0,0,1
3839,21,471854d6c3364080,1.631938,17.257393,0,13966,1,1,0,0,0,0,0,0,0,0,0,0,0,0
3840,21,84f40ee36766fab8,2.269667,19.922523,1,13908,1,0,0,0,1,0,0,0,0,0,0,0,0,1
3841,21,a4d2dffe5540e487,1.705116,20.0,1,14057,1,1,0,0,1,0,0,0,0,0,0,0,0,1
3842,21,de21a4da6284889f,2.326422,19.968216,1,13834,2,1,0,0,0,0,0,0,0,0,0,0,0,1
3843,21,e62a778fd9bc7c67,2.791407,20.0,1,13955,1,0,0,0,1,0,0,0,0,0,0,0,0,1
3844,21,5f81ebada1015b2f,2.09708,19.975868,1,13929,1,1,0,0,1,0,0,0,0,0,0,0,0,0
3845,21,738feafbfe368411,1.577034,20.0,1,13888,1,1,0,0,1,0,0,0,0,0,0,0,0,1
3846,21,9005817a26118b8d,3.272073,19.993956,1,13936,2,0,0,0,0,0,0,0,0,0,0,0,0,1
3847,21,e4aa1e53986c6162,2.458186,20.0,1,14025,1,1,0,0,1,0,0,0,0,0,0,0,0,1
3848,21,14436506dbfa4aaa,1.846744,19.990396,1,13769,1,1,0,0,1,0,0,0,0,0,0,0,0,0
3849,21,eec1da8ce647dd31,2.432928,18.513564,1,14000,1,0,0,0,0,0,0,0,0,0,0,0,0,1
3850,21,6476a162343f19dd,1.827768,17.387393,1,13995,1,1,0,0,1,0,0,0,0,0,0,0,0,0
3851,21,7bb871de1ee0b28b,1.373134,20.0,1,13884,1,1,0,0,1,0,0,0,0,0,0,0,0,1
3852,21,538dcab362c26946,2.076767,18.535968,1,13919,1,0,0,0,0,0,0,0,0,0,0,0,0,1
3853,21,f28158e482f1773d,1.560197,17.404224,1,13969,1,1,0,0,1,0,0,0,0,0,0,0,0,0
3854,21,2604305c2c3d376f,1.172118,20.0,1,13850,1,1,0,0,1,0,0,0,0,0,0,0,0,1
3855,21,04ccf6f26dc95fcb,1.924222,15.049918,0,14104,1,0,0,0,0,0,0,0,0,0,0,0,0,0
3856,21,8505e7fbc07fb8ed,2.491193,18.278756,1,13894,2,1,0,0,1,0,0,0,0,0,0,0,0,1
3857,21,e4280dc39ccf54e4,1.87154,20.0,1,13789,1,1,0,0,1,0,0,0,0,0,0,0,0,1
3858,21,74f41fc829040947,2.449671,15.5435,0,14090,1,0,0,0,0,0,0,0,0,0,0,0,0,0
3859,21,bfaa0b0b5718a760,1.842188,18.649937,1,13979,1,1,0,0,1,0,0,0,0,0,0,0,0,1
3860,21,62086a03d7fd8586,2.42762,14.011,0,14084,1,0,0,0,0,0,0,0,0,0,0,0,0,0
3861,21,55b16f2433fcd65b,1.82378,17.48363,1,14070,1,1,0,0,1,0,0,0,0,0,0,0,0,1
3862,21,c56d3e062dcd12d5,1.370138,20.0,1,13880,1,1,0,0,1,0,0,0,0,0,0,0,0,1
3863,21,3c94a3fab220972b,2.074514,15.109836,0,13906,1,0,0,0,0,0,0,0,0,0,0,0,0,0
3864,21,fd5ddd53a80c9042,2.602158,18.309144,1,13738,2,1,0,0,1,0,0,0,0,0,0,0,0,1
3865,21,5765d298baea198d,2.998557,17.23382,1,13886,1,0,0,0,0,0,0,0,0,0,0,0,0,1
3866,21,7244bc04c160072c,2.254958,19.921082,1,13726,1,1,0,0,1,0,0,0,0,0,0,0,0,1
3867,21,61b163fbf66ce324,1.694066,20.0,1,14085,1,1,0,0,1,0,0,0,0,0,0,0,0,1
3868,21,e8ee0829e0119f5d,2.316341,16.470421,0,14197,1,0,0,0,0,0,0,0,0,0,0,0,0,0
3869,21,bec80f8767eacac6,1.740181,19.331301,1,14247,1,1,0,0,1,0,0,0,0,0,0,0,0,1
3870,21,87f5085f11117587,2.352791,20.0,1,14103,2,1,0,0,1,0,0,0,0,0,0,0,0,1
3871,21,a3c85979817af726,1.767564,16.150957,0,14003,0,0,0,0,0,0,0,0,0,0,0,0,0,0
3872,21,dabbb0ba8baa4513,2.371558,19.091299,1,13894,2,1,0,0,1,0,0,0,0,0,0,0,0,1
3873,21,f5fd5bfec52e0078,0.739295,20.0,1,13966,0,1,0,0,1,0,0,0,0,0,0,0,0,1
3874,21,789fc06768225ef4,2.642711,19.49421,1,13799,2,0,0,0,0,0,0,0,0,0,0,0,0,1
3875,21,5602cd39a3523e78,1.98537,18.124116,1,13934,1,1,0,0,1,0,0,0,0,0,0,0,0,0
3876,21,e1429d3a8baaf5bf,0.447881,17.094815,1,14002,0,1,0,0,1,0,0,0,0,0,0,0,0,0
3877,21,83413fcd97e02768,2.425114,16.336046,1,13785,2,0,0,0,0,0,0,0,0,0,0,0,0,1
3878,21,61061f6cc2e7c121,1.821898,19.23035,1,13833,1,1,0,0,1,0,0,0,0,0,0,0,0,1
3879,21,6eab70669e0dbdc7,1.368723,17.925888,1,13829,1,1,0,0,1,0,0,0,0,0,0,0,0,0
3880,21,078862c9a37d0593,-0.014851,16.961025,1,13845,0,1,0,0,1,0,0,0,0,0,0,0,0,0
3881,21,87e98a0fc22e9f9e,2.07615,16.221028,1,13839,2,0,0,0,0,0,0,0,0,0,0,0,0,1
3882,21,6f7c1d231edf681a,1.559734,19.143941,1,13694,1,1,0,0,1,0,0,0,0,0,0,0,0,1
3883,21,954a3cc004d5ea17,1.17177,17.860972,1,13867,1,1,0,0,1,0,0,0,0,0,0,0,0,0
3884,21,7c6fd1de51b52112,1.925338,16.912207,1,13913,1,0,0,0,0,0,0,0,0,0,0,0,0,1
3885,21,61610235a39b1adc,1.446434,19.663198,1,13752,1,1,0,0,1,0,0,0,0,0,0,0,0,1
3886,21,5fc163949e26e332,1.086652,18.25107,1,13837,1,1,0,0,1,0,0,0,0,0,0,0,0,0
3887,21,3c51388743055255,0.817178,20.0,1,14500,1,1,0,0,1,0,0,0,0,0,0,0,0,1
3888,21,82bf91d0df49aacc,1.657569,15.54067,0,14617,1,0,0,0,0,0,0,0,0,0,0,0,0,0
3889,21,2f874b6d8a183462,1.245269,18.632813,1,14797,1,1,0,0,1,0,0,0,0,0,0,0,0,1
3890,21,3f723152fa386699,0.935524,20.0,1,14656,1,1,0,0,1,0,0,0,0,0,0,0,0,1
3891,21,97be16ec3a5edeb4,1.747678,20.0,1,14692,2,1,0,0,1,0,0,0,0,0,0,0,0,1
3892,21,5abe9fbdd75050e0,1.312965,20.0,1,14969,1,1,0,0,1,0,0,0,0,0,0,0,0,1
3893,21,b462440f36527f08,0.986382,20.0,1,15486,1,1,0,0,1,0,0,0,0,0,0,0,0,0
3894,21,f58e917f2396ca23,1.785924,19.670623,1,15507,1,0,0,0,0,0,0,0,0,0,0,0,0,1
3895,21,b8fcd53c249c4972,2.385351,20.0,1,15694,2,1,0,0,1,0,0,0,0,0,0,0,0,1
3896,21,aa8eb033bd07db79,1.792025,20.0,1,15835,1,1,0,0,1,0,0,0,0,0,0,0,0,1
3897,21,93c2e175dcf0e97c,2.389935,20.0,1,15824,2,1,0,0,1,0,0,0,0,0,0,0,0,1
3898,21,30d68efaeb612eb5,2.841416,18.38837,0,15979,1,0,0,0,0,0,0,0,0,0,0,0,0,0
3899,21,004f669cc29c8149,3.178303,20.0,1,14475,2,1,0,0,1,0,0,0,0,0,0,0,0,1
3900,21,fd192d463fde06c3,2.38774,20.0,1,13642,1,1,0,0,1,0,0,0,0,0,0,0,0,1
3901,21,7a0f7d6626ad51f1,2.839765,20.0,1,13801,1,0,0,0,0,0,0,0,0,0,0,0,0,1
3902,21,e65c098cc98a8b54,2.133409,18.840843,1,13942,1,1,0,0,1,0,0,0,0,0,0,0,0,0
3903,21,198f361e2f89aa6c,1.602751,20.0,1,13845,1,1,0,0,1,0,0,0,0,0,0,0,0,1
3904,21,4070a46cf9702004,1.204087,19.339583,1,13832,1,1,0,0,1,0,0,0,0,0,0,0,0,0
3905,21,bd420d1fb453fe25,2.993791,18.024144,1,13828,2,0,0,0,0,0,0,0,0,0,0,0,0,1
3906,21,8608271a8e8450a9,2.249124,20.0,1,13732,1,1,0,0,1,0,0,0,0,0,0,0,0,1
3907,21,38e9575e330aa577,1.689682,20.0,1,13782,1,1,0,0,1,0,0,0,0,0,0,0,0,1
3908,21,223f6099a7124985,1.270665,20.0,1,13885,1,1,0,0,1,0,0,0,0,0,0,0,0,1
3909,21,104c3254f7aae0a0,1.998257,17.860632,0,13645,1,0,0,0,0,0,0,0,0,0,0,0,0,0
3910,21,58fb1eed9fe9ea64,1.501216,20.0,1,13796,1,1,0,0,1,0,0,0,0,0,0,0,0,1
3911,21,1fc7bb8aa010ba96,2.17146,20.0,1,13893,2,1,0,0,1,0,0,0,0,0,0,0,0,1
3912,21,c4b1b855ec0d50f8,1.632969,20.0,1,14592,1,1,0,0,1,0,0,0,0,0,0,0,0,1
3913,21,be01dbd89c416ae1,1.226789,20.0,1,14385,1,1,0,0,1,0,0,0,0,0,0,0,0,1
3914,21,5c342dbc90d0d98f,1.965294,18.605908,0,14211,1,0,0,0,0,0,0,0,0,0,0,0,0,0
3915,21,216fdf48f4f7cd73,1.477929,20.0,1,14336,1,1,0,0,1,0,0,0,0,0,0,0,0,1
3916,21,d2e5e09a765d74dd,1.110313,19.219983,1,14398,1,1,0,0,1,0,0,0,0,0,0,0,0,0
3917,21,15bd1bd48d12b4b9,0.834137,20.0,1,14258,1,1,0,0,1,0,0,0,0,0,0,0,0,1
3918,21,7fc494f470133f57,2.713962,19.553569,1,14198,2,0,0,0,0,0,0,0,0,0,0,0,0,1
3919,21,afa50c2e296f8758,2.040938,20.0,1,14191,1,1,0,0,1,0,0,0,0,0,0,0,0,1
3920,21,604eb6ab297fe0b9,1.533281,19.755374,1,14107,1,1,0,0,1,0,0,0,0,0,0,0,0,0
3921,21,6699dac555d31a5f,1.151896,20.0,1,14270,1,1,0,0,1,0,0,0,0,0,0,0,0,1
3922,21,133de67399da7e06,2.954544,19.873783,1,14285,2,0,0,0,0,0,0,0,0,0,0,0,0,1
3923,21,b26253da250c4e21,2.219638,20.0,1,14079,1,1,0,0,1,0,0,0,0,0,0,0,0,1
3924,21,f00763c727f5c971,1.667531,19.92257,1,14224,1,1,0,0,1,0,0,0,0,0,0,0,0,0
3925,21,d190e212679bb610,1.252754,20.0,1,14249,1,1,0,0,1,0,0,0,0,0,0,0,0,1
3926,21,37b74ad43a916029,3.03039,19.968242,1,14091,2,0,0,0,0,0,0,0,0,0,0,0,0,1
3927,21,2112f5a762e47c9d,2.276619,20.0,1,13612,1,1,0,0,1,0,0,0,0,0,0,0,0,1
3928,21,8191e1e9ccf6307e,1.710338,19.975883,1,13074,1,1,0,0,1,0,0,0,0,0,0,0,0,0
3929,21,cb3fc3286c489288,2.330349,18.50265,1,13036,1,0,0,0,0,0,0,0,0,0,0,0,0,1
3930,21,bb467828ad466655,1.750704,20.0,1,13387,1,1,0,0,1,0,0,0,0,0,0,0,0,1
3931,21,3d36d14a965d0a11,2.358892,20.0,1,13286,2,1,0,0,1,0,0,0,0,0,0,0,0,1
3932,21,a99994d565d4b71a,1.772147,20.0,1,13398,1,1,0,0,1,0,0,0,0,0,0,0,0,0
3933,21,768071a9ce45f498,1.33268,20.0,1,13391,1,1,0,0,1,0,0,0,0,0,0,0,0,1
3934,21,1813dd3efc347462,1.001193,16.798842,0,13293,1,1,0,0,0,0,0,0,0,0,0,0,0,0
3935,21,6322aa78dfe0b90e,1.795812,19.578031,1,13338,1,0,0,0,1,0,0,0,0,0,0,0,0,1
3936,21,11c3bbcd28d0bbe4,1.350476,20.0,1,13509,1,1,0,0,1,0,0,0,0,0,0,0,0,1
3937,21,37af8d2545c4c764,1.014562,16.29035,0,13343,1,1,0,0,0,0,0,0,0,0,0,0,0,0
3938,21,f71713a1d957a91a,2.849509,19.19602,1,13555,2,0,0,0,1,0,0,0,0,0,0,0,0,1
3939,21,e600fe4bc97389a4,2.14073,20.0,1,13371,1,1,0,0,1,0,0,0,0,0,0,0,0,1
3940,21,7142cb60cb5b1d63,1.609859,20.0,1,13280,1,1,0,0,1,0,0,0,0,0,0,0,0,1
3941,21,02342e3b3c40bc0d,2.253081,17.307792,0,13155,1,0,0,0,0,0,0,0,0,0,0,0,0,0
3942,21,4112e88c0224cb95,1.692655,19.960386,1,13214,1,1,0,0,1,0,0,0,0,0,0,0,0,1
3943,21,14f3c6c8b224f296,1.272901,18.490997,1,13275,1,1,0,0,1,0,0,0,0,0,0,0,0,0
3944,21,90421c1221ac44d0,1.999936,17.370439,1,13064,1,0,0,0,0,0,0,0,0,0,0,0,0,1
3945,21,04449ffa4655daae,1.502477,20.0,1,13164,1,1,0,0,1,0,0,0,0,0,0,0,0,1
3946,21,f1408c2cf69f311b,1.128755,18.509694,1,13044,1,1,0,0,1,0,0,0,0,0,0,0,0,0
3947,21,cf3666ccd49561b6,1.89299,17.400056,1,13093,1,0,0,0,0,0,0,0,0,0,0,0,0,1
3948,21,b1f624a6bfa4c459,1.422133,20.0,1,12917,1,1,0,0,1,0,0,0,0,0,0,0,0,1
3949,21,d4b6974854d49278,1.068395,18.52641,1,13253,1,1,0,0,1,0,0,0,0,0,0,0,0,0
3950,21,b6ff8f354871d95f,1.847599,17.412626,1,13002,1,0,0,0,0,0,0,0,0,0,0,0,0,1
3951,21,fd11f4cf38245d0f,2.431685,20.0,1,13094,2,1,0,0,1,0,0,0,0,0,0,0,0,1
3952,21,f1cdb38330f13370,1.826834,15.05466,0,12952,0,0,0,0,0,0,0,0,0,0,0,0,0,0
3953,21,22aeebd87127df3d,1.372432,14.788848,1,13036,1,1,0,0,1,0,0,0,0,0,0,0,0,0
3954,21,7f75f7e854dfae74,2.076239,14.601926,1,12814,1,0,0,0,0,0,0,0,0,0,0,0,0,1
3955,21,5be77fed924cc794,1.559801,14.448726,1,12968,1,1,0,0,1,0,0,0,0,0,0,0,0,0
3956,21,19612b4eb302b839,2.215473,14.333632,1,12744,1,0,0,0,0,0,0,0,0,0,0,0,0,1
3957,21,873fbf33737870a8,1.666068,14.259597,1,12626,1,1,0,0,1,0,0,0,0,0,0,0,0,0
3958,21,d2799b93e8f126de,2.295308,14.191547,1,12841,1,0,0,0,0,0,0,0,0,0,0,0,0,1
3959,21,dbe0d4af81075c46,1.724379,14.140423,1,12688,1,1,0,0,1,0,0,0,0,0,0,0,0,0
3960,21,0fea3de3d3fc5350,2.339115,17.58086,1,12916,2,1,0,0,1,0,0,0,0,0,0,0,0,1
3961,21,c74b1b53b3af1c8d,1.759048,13.221058,0,13018,0,0,0,0,0,0,0,0,0,0,0,0,0,0
3962,21,196740f86f438372,1.321507,16.890175,1,12929,1,1,0,0,1,0,0,0,0,0,0,0,0,1
3963,21,8175054924073842,0.992799,16.167802,1,13036,1,1,0,0,1,0,0,0,0,0,0,0,0,0
3964,21,85113308fa932787,1.790749,15.638919,1,12713,1,0,0,0,0,0,0,0,0,0,0,0,0,1
3965,21,3d72a63f74df0049,2.388976,18.706624,1,12575,2,1,0,0,1,0,0,0,0,0,0,0,0,1
3966,21,d23e122f74458fdf,2.838402,14.053588,0,12692,1,0,0,0,0,0,0,0,0,0,0,0,0,0
3967,21,e6e082251f84f76a,1.088732,14.036779,1,12622,0,1,0,0,1,0,0,0,0,0,0,0,0,0
3968,21,1479ec073d39f039,1.862892,17.516862,1,12583,2,1,0,0,1,0,0,0,0,0,0,0,0,1
3969,21,4c59a34965558afd,1.399521,13.159763,0,12676,0,0,0,0,0,0,0,0,0,0,0,0,0,0
3970,21,50a07700ca9b8509,2.095061,16.844127,1,12605,2,1,0,0,1,0,0,0,0,0,0,0,0,1
3971,21,d5e07946c394343d,1.575516,19.628027,1,12683,1,1,0,0,1,0,0,0,0,0,0,0,0,1
3972,21,a44381feb069a6b1,2.22728,18.224648,1,12951,1,0,0,0,0,0,0,0,0,0,0,0,0,1
3973,21,fdbd8317dc884ef9,1.673272,20.0,1,12730,1,1,0,0,1,0,0,0,0,0,0,0,0,1
3974,21,0bde913367dc4e5a,1.257067,18.991806,1,12620,1,1,0,0,1,0,0,0,0,0,0,0,0,0
3975,21,517e18423b8b64bb,1.989483,17.76261,1,12805,1,0,0,0,0,0,0,0,0,0,0,0,0,1
3976,21,10dcfd7a5685acab,2.538277,20.0,1,13028,2,1,0,0,1,0,0,0,0,0,0,0,0,1
3977,21,f6a1f7385549d5f9,1.906913,18.731034,1,12769,1,1,0,0,0,0,0,0,0,0,0,0,0,1
3978,21,a6898429888772d6,1.434026,17.566506,1,12857,0,0,0,0,1,0,0,0,0,0,0,0,0,0
3979,21,b2035bf18698bafe,1.07733,16.675904,1,13119,1,1,0,0,1,0,0,0,0,0,0,0,0,0
3980,21,92ab5a816ce7b762,1.853011,19.485672,1,13310,2,1,0,0,1,0,0,0,0,0,0,0,0,1
3981,21,e118bb446644e184,2.435751,18.117702,1,13092,1,0,0,0,0,0,0,0,0,0,0,0,0,1
3982,21,b2b96eebf3ede9e2,1.83172,17.105272,1,13391,1,1,0,0,1,0,0,0,0,0,0,0,0,0
3983,21,72e7232bca4aae0a,1.376102,19.80824,1,13161,1,1,0,0,1,0,0,0,0,0,0,0,0,1
3984,21,5daf888fd7e76975,2.077468,18.360035,1,14317,1,0,0,0,0,0,0,0,0,0,0,0,0,1
3985,21,f553f3ed784cdf0a,1.562285,20.0,1,14312,1,1,0,0,1,0,0,0,0,0,0,0,0,1
3986,21,b52a070fa716fad6,1.173687,19.081075,1,15261,1,1,0,0,1,0,0,0,0,0,0,0,0,0
3987,21,ff350d03c62d6820,0.881747,20.0,1,15292,1,1,0,0,1,0,0,0,0,0,0,0,0,1
3988,21,962c22b7d5c7fec0,0.662423,19.475169,1,15194,1,1,0,0,1,0,0,0,0,0,0,0,0,0
3989,22,1fd48474a6be9a50,1.542302,20.0,1,14600,2,1,0,0,1,0,0,0,0,0,0,0,0,1
3990,22,530e0ea8d92a6d51,0.115021,16.232237,0,13898,0,1,0,0,0,0,0,0,0,0,0,0,0,0
3991,22,9d91a06f605c6d81,2.173718,19.152362,1,14165,2,0,0,0,1,0,0,0,0,0,0,0,0,1
3992,22,1bedfd585b1aa4b9,0.590516,20.0,1,14119,0,1,0,0,1,0,0,0,0,0,0,0,0,1
3993,22,26a9669cba5af3ef,2.530939,19.528708,1,14181,2,0,0,0,0,0,0,0,0,0,0,0,0,1
3994,22,4f55c5e4b2d3c044,1.9014,18.150033,1,14099,1,1,0,0,1,0,0,0,0,0,0,0,0,0
3995,22,429a6cfc04b09590,2.472104,17.114286,1,14097,1,0,0,0,0,0,0,0,0,0,0,0,0,1
3996,22,bfd1095e82cc3b3f,1.859058,16.350689,1,14181,1,1,0,0,1,0,0,0,0,0,0,0,0,0
3997,22,e8a24dfe484cb614,1.39664,19.24135,1,14131,1,1,0,0,1,0,0,0,0,0,0,0,0,1
3998,22,a8eb40163c807ab7,2.092897,17.934152,1,13995,1,0,0,0,0,0,0,0,0,0,0,0,0,1
3999,22,b734eb68cadec0ba,1.573888,16.967239,1,13845,1,1,0,0,1,0,0,0,0,0,0,0,0,0
4000,22,03ed9d518f369873,1.182404,19.704542,1,13957,1,1,0,0,1,0,0,0,0,0,0,0,0,1
4001,22,cd43fcebe8f5e6e6,0.888296,18.28213,1,14046,1,1,0,0,1,0,0,0,0,0,0,0,0,0
4002,22,338e1a6d9a9334b5,1.710997,17.213525,1,13970,1,0,0,0,0,0,0,0,0,0,0,0,0,1
4003,22,f71f04d2a5841727,1.286694,19.90582,1,13954,1,1,0,0,1,0,0,0,0,0,0,0,0,1
4004,22,dab4ff966e399802,0.966645,20.0,1,13966,1,1,0,0,1,0,0,0,0,0,0,0,0,1
4005,22,339e340883d8ecaf,1.769858,19.940652,1,14006,2,1,0,0,1,0,0,0,0,0,0,0,0,0
4006,22,0f3eea50b2030a66,2.375109,18.476156,1,13953,1,0,0,0,0,0,0,0,0,0,0,0,0,1
4007,22,157d3461e0a7f335,1.78433,17.35929,1,14244,1,1,0,0,1,0,0,0,0,0,0,0,0,0
4008,22,f1991b9aba19249f,1.340501,19.999075,1,14004,1,1,0,0,1,0,0,0,0,0,0,0,0,1
4009,22,f0cae4ef532c2023,1.007068,18.503402,1,14054,1,1,0,0,0,0,0,0,0,0,0,0,0,1
4010,22,3dc875a761d5c5ef,1.80148,17.395323,1,14015,1,0,0,0,1,0,0,0,0,0,0,0,0,0
4011,22,e90cc852e180b7a9,1.353385,20.0,1,13929,1,1,0,0,1,0,0,0,0,0,0,0,0,1
4012,22,0843c071791750a4,2.060401,20.0,1,13888,2,1,0,0,1,0,0,0,0,0,0,0,0,1
4013,22,e7652621d19bb2aa,2.593601,20.0,1,13944,1,0,0,0,0,0,0,0,0,0,0,0,0,1
4014,22,83403ab2ce2e5edc,1.948476,20.0,1,13858,1,1,0,0,1,0,0,0,0,0,0,0,0,1
4015,22,31f44b91b5854a60,1.463817,20.0,1,13992,1,1,0,0,1,0,0,0,0,0,0,0,0,0
4016,22,9eeb382b0724ec5e,1.099711,20.0,1,13993,1,1,0,0,1,0,0,0,0,0,0,0,0,1
4017,22,8cf44fb6a5bc2678,1.871149,20.0,1,14040,1,0,0,0,0,0,0,0,0,0,0,0,0,1
4018,22,26302fd6db433208,1.405724,18.516883,1,14057,1,1,0,0,1,0,0,0,0,0,0,0,0,0
4019,22,212d5aa4658ea2f7,2.099721,20.0,1,13919,2,1,0,0,1,0,0,0,0,0,0,0,0,1
4020,22,37a5a18fb6caef37,0.53487,19.174085,1,13917,0,1,0,0,1,0,0,0,0,0,0,0,0,0
4021,22,79c0b206a03c3fd7,1.445481,20.0,1,13935,2,1,0,0,1,0,0,0,0,0,0,0,0,1
4022,22,c2376b0af88b997c,2.129589,19.527664,1,14080,1,0,0,0,0,0,0,0,0,0,0,0,0,1
4023,22,8b0d686653d699b0,1.599881,20.0,1,14064,1,1,0,0,1,0,0,0,0,0,0,0,0,1
4024,22,1ac8c50aa7b2937d,2.247284,20.0,1,13986,2,1,0,0,1,0,0,0,0,0,0,0,0,1
4025,22,79bb4ce1697c0ce0,2.731954,20.0,1,13990,1,0,0,0,0,0,0,0,0,0,0,0,0,1
4026,22,905ac828b875270d,2.052415,19.200816,1,14097,1,1,0,0,1,0,0,0,0,0,0,0,0,0
4027,22,23d81457a60abd18,1.543445,20.0,1,14084,1,1,0,0,1,0,0,0,0,0,0,0,0,1
4028,22,2d0832d892b13c97,1.159533,20.0,1,13930,1,1,0,0,1,0,0,0,0,0,0,0,0,1
4029,22,584cc33749d643a9,1.914767,17.30528,0,13943,1,0,0,0,0,0,0,0,0,0,0,0,0,0
4030,22,822a86f61493d399,1.438493,19.958499,1,14064,1,1,0,0,1,0,0,0,0,0,0,0,0,1
4031,22,c1745adc72521e4d,2.125918,20.0,1,13899,2,1,0,0,1,0,0,0,0,0,0,0,0,1
4032,22,c9130c9252e44378,2.640776,16.505299,0,14066,1,0,0,0,0,0,0,0,0,0,0,0,0,0
4033,22,45f00d46c357b25d,1.983916,19.357503,1,13890,1,1,0,0,1,0,0,0,0,0,0,0,0,1
4034,22,abe042816fe21d82,1.491933,18.03762,1,13975,1,1,0,0,1,0,0,0,0,0,0,0,0,0
4035,22,313cbc32fac1a470,1.120834,20.0,1,13954,1,1,0,0,1,0,0,0,0,0,0,0,0,1
4036,22,af33e72c723b74e7,0.84204,18.886248,1,14038,1,1,0,0,1,0,0,0,0,0,0,0,0,0
4037,22,de386825ac235c82,1.676247,17.667377,1,13969,1,0,0,0,0,0,0,0,0,0,0,0,0,1
4038,22,c5af0416038de32f,1.260562,16.766621,1,13937,1,1,0,0,1,0,0,0,0,0,0,0,0,0
4039,22,ebfb588be099b498,1.990666,19.553824,1,13991,2,1,0,0,1,0,0,0,0,0,0,0,0,1
4040,22,603226cdd10980e3,1.495513,20.0,1,13970,1,1,0,0,1,0,0,0,0,0,0,0,0,1
4041,22,53fd8ad848919590,2.168798,19.759916,1,14040,1,0,0,0,0,0,0,0,0,0,0,0,0,1
4042,22,8fd9e6ac3354dfa2,1.629337,18.32373,1,14055,1,1,0,0,1,0,0,0,0,0,0,0,0,0
4043,22,7579e3d1fb0d4f70,1.22406,20.0,1,13945,1,1,0,0,1,0,0,0,0,0,0,0,0,1
4044,22,3d123e24c99eea8e,1.963244,20.0,1,14073,2,1,0,0,1,0,0,0,0,0,0,0,0,1
4045,22,51b3084804b401ac,2.520538,20.0,1,14139,1,0,0,0,0,0,0,0,0,0,0,0,0,1
4046,22,9c1d76b68ce9e300,1.893586,20.0,1,13970,1,1,0,0,1,0,0,0,0,0,0,0,0,1
4047,22,7998fcd05ea74331,1.42258,20.0,1,14004,1,1,0,0,1,0,0,0,0,0,0,0,0,0
4048,22,26d224c974414c27,1.069801,20.0,1,13966,1,1,0,0,1,0,0,0,0,0,0,0,0,1
4049,22,e6eba2fc678e2eec,1.847355,20.0,1,14039,1,0,0,0,0,0,0,0,0,0,0,0,0,1
4050,22,1653634225a56770,1.387848,20.0,1,14025,1,1,0,0,1,0,0,0,0,0,0,0,0,1
4051,22,140214cd32e36ada,2.086292,20.0,1,13972,2,1,0,0,1,0,0,0,0,0,0,0,0,0
4052,22,e274525e2acbf211,1.568921,20.0,1,13996,1,1,0,0,1,0,0,0,0,0,0,0,0,1
4053,22,8f953af3f6da7331,2.222325,20.0,1,13928,1,0,0,0,0,0,0,0,0,0,0,0,0,1
4054,22,5c01a50683c76e79,1.66955,20.0,1,14151,1,1,0,0,1,0,0,0,0,0,0,0,0,1
4055,22,0302eb99cffc1dda,1.255525,20.0,1,14035,1,1,0,0,1,0,0,0,0,0,0,0,0,0
4056,22,e02bc978427ff2e3,0.943229,18.533551,1,13974,1,1,0,0,0,0,0,0,0,0,0,0,0,1
4057,22,0c9d85d29e68b775,1.752266,17.402409,1,13954,1,0,0,0,1,0,0,0,0,0,0,0,0,0
4058,22,86962b7db5a4ec78,2.360065,20.0,1,14091,2,1,0,0,1,0,0,0,0,0,0,0,0,1
4059,22,92f3c04b8dc32182,1.774803,20.0,1,13864,1,1,0,0,1,0,0,0,0,0,0,0,0,1
4060,22,c22419fc2868ff19,2.376996,16.546524,0,14019,1,0,0,0,0,0,0,0,0,0,0,0,0,0
4061,22,35f7a001e5404b58,1.785749,19.388474,1,14046,1,1,0,0,1,0,0,0,0,0,0,0,0,1
4062,22,e23669ee1e1fb75c,1.342908,18.06091,1,13972,1,1,0,0,1,0,0,0,0,0,0,0,0,0
4063,22,761ec1cec0429402,3.096184,17.047331,1,14074,2,0,0,0,0,0,0,0,0,0,0,0,0,1
4064,22,50a08eeb11de5478,2.326047,19.764712,1,13966,1,1,0,0,1,0,0,0,0,0,0,0,0,1
4065,22,62a3245acbd2cdbf,1.747472,20.0,1,14089,1,1,0,0,1,0,0,0,0,0,0,0,0,1
4066,22,63f7180405568cce,2.358274,19.879058,1,13920,1,0,0,0,0,0,0,0,0,0,0,0,0,1
4067,22,3a128537ca8b5462,1.771683,18.413238,1,13926,1,1,0,0,1,0,0,0,0,0,0,0,0,0
4068,22,4e87102eaac25277,1.331,17.312022,1,14040,1,1,0,0,0,0,0,0,0,0,0,0,0,1
4069,22,4fa880a80436dd0f,2.045081,19.979891,1,13947,1,0,0,0,1,0,0,0,0,0,0,0,0,1
4070,22,36b1737267c3dd6b,2.580046,20.0,1,14079,2,1,0,0,1,0,0,0,0,0,0,0,0,1
4071,22,43b16c52dca540eb,1.938292,16.503612,0,14084,1,1,0,0,0,0,0,0,0,0,0,0,0,0
4072,22,0da3a0dfc480ec81,2.49982,19.356236,1,14019,1,0,0,0,1,0,0,0,0,0,0,0,0,1
4073,22,db9825c47a4815e8,1.8799,18.036667,1,13908,1,1,0,0,1,0,0,0,0,0,0,0,0,0
4074,22,cd7f1c6d68e5d663,2.455952,17.029118,1,13816,1,0,0,0,0,0,0,0,0,0,0,0,0,1
4075,22,9498326ca505e781,2.888718,19.751029,1,13901,2,1,0,0,1,0,0,0,0,0,0,0,0,1
4076,22,9d62e5084e91cc0c,2.172357,20.0,1,13703,1,1,0,0,1,0,0,0,0,0,0,0,0,1
4077,22,b5d5bcad4c5beb1d,2.675664,16.388087,0,13788,1,0,0,0,0,0,0,0,0,0,0,0,0,0
4078,22,f7da853079aa9723,2.010127,19.269446,1,13889,1,1,0,0,1,0,0,0,0,0,0,0,0,1
4079,22,28121a191b2f9824,2.553786,14.476414,0,13717,1,0,0,0,0,0,0,0,0,0,0,0,0,0
4080,22,bd4b91482eac8d16,1.920484,17.847473,1,13862,1,1,0,0,1,0,0,0,0,0,0,0,0,1
4081,22,6da01dd5002ec027,2.486441,20.0,1,14076,2,1,0,0,1,0,0,0,0,0,0,0,0,1
4082,22,87449e2eb0f01260,1.86797,18.77893,1,14025,1,1,0,0,1,0,0,0,0,0,0,0,0,0
4083,22,eab21fb18e318a20,2.448891,17.602525,1,13860,1,0,0,0,0,0,0,0,0,0,0,0,0,1
4084,22,9a50d8ada80fe29b,1.83976,16.702963,1,14042,1,1,0,0,1,0,0,0,0,0,0,0,0,0
4085,22,0460b89f142ae6b1,2.425796,16.027157,1,13792,1,0,0,0,0,0,0,0,0,0,0,0,0,1
4086,22,07af41f64fc08ddc,1.82241,15.519448,1,13804,1,1,0,0,1,0,0,0,0,0,0,0,0,0
4087,22,d4adcea370c346c1,2.414629,15.151348,1,13656,1,0,0,0,0,0,0,0,0,0,0,0,0,1
4088,22,725b41bf8226c47d,1.81402,18.34033,1,13830,1,1,0,0,1,0,0,0,0,0,0,0,0,1
4089,22,0bc1359a7eb5fb5b,1.362806,17.257249,1,13849,1,1,0,0,0,0,0,0,0,0,0,0,0,1
4090,22,3beb7218e0a132bd,2.069,16.458199,1,13856,1,0,0,0,1,0,0,0,0,0,0,0,0,0
4091,22,6fdefa1b775dfbd1,1.554362,19.322119,1,13780,1,1,0,0,1,0,0,0,0,0,0,0,0,1
4092,22,491caa59c10c9e1b,1.167734,17.99483,1,13729,1,1,0,0,1,0,0,0,0,0,0,0,0,0
4093,22,973f567587d3d5ba,0.877275,20.0,1,13714,1,1,0,0,1,0,0,0,0,0,0,0,0,1
4094,22,b58d21d920b39e6f,1.703874,15.398644,0,13571,1,0,0,0,0,0,0,0,0,0,0,0,0,0
4095,22,69c251ee401ffc59,1.280057,18.526115,1,13790,1,1,0,0,1,0,0,0,0,0,0,0,0,1
4096,22,85004ac578db1990,0.961659,17.396822,1,13582,1,1,0,0,1,0,0,0,0,0,0,0,0,0
4097,22,4754c705d48734b2,0.723181,16.56316,1,13870,1,1,0,0,0,0,0,0,0,0,0,0,0,1
4098,22,0f4d61109622581b,2.630606,19.400972,1,13664,2,0,0,0,1,0,0,0,0,0,0,0,0,1
4099,22,7386f581151733c6,1.976276,20.0,1,13668,1,1,0,0,1,0,0,0,0,0,0,0,0,1
4100,22,9867bfc6165ac02a,2.528355,16.176873,0,13673,1,0,0,0,0,0,0,0,0,0,0,0,0,0
4101,22,e4587e70c9a078f6,1.901359,19.126243,1,13593,1,1,0,0,1,0,0,0,0,0,0,0,0,1
4102,22,a2f6259cb24bdcfd,1.42842,20.0,1,13649,1,1,0,0,1,0,0,0,0,0,0,0,0,1
4103,22,a41d21bfaf7f7f1f,1.073119,20.0,1,13494,1,1,0,0,1,0,0,0,0,0,0,0,0,1
4104,22,6233f96287e3c94f,2.895302,20.0,1,13509,2,0,0,0,0,0,0,0,0,0,0,0,0,1
4105,22,703521dbfa658925,2.175132,19.076122,1,13543,1,1,0,0,1,0,0,0,0,0,0,0,0,0
4106,22,f9a2d321aa6624df,1.634095,20.0,1,13662,1,1,0,0,1,0,0,0,0,0,0,0,0,1
4107,22,71bf1134f1d13b87,1.227635,20.0,1,13628,1,1,0,0,1,0,0,0,0,0,0,0,0,1
4108,22,f8b5d58e2237917d,0.923199,20.0,1,13457,1,1,0,0,1,0,0,0,0,0,0,0,0,1
4109,22,5e758ea054c47d5f,1.737218,18.196066,0,13613,1,0,0,0,0,0,0,0,0,0,0,0,0,0
4110,22,db502f1ea623b957,1.305107,20.0,1,13623,1,1,0,0,1,0,0,0,0,0,0,0,0,1
4111,22,de9c17e0e19df53b,2.02561,18.992836,1,13544,1,0,0,0,0,0,0,0,0,0,0,0,0,1
4112,22,4108a608e9cf5027,1.521765,17.747452,1,13597,1,1,0,0,1,0,0,0,0,0,0,0,0,0
4113,22,2b26ec68331ca512,1.143245,20.0,1,13658,1,1,0,0,1,0,0,0,0,0,0,0,0,1
4114,22,0631b10fe9f9890e,0.858877,18.722479,1,13676,1,1,0,0,1,0,0,0,0,0,0,0,0,0
4115,22,2856d7d2c7ef6637,1.690038,17.560073,1,13639,2,1,0,0,0,0,0,0,0,0,0,0,0,1
4116,22,79f0c74bd28fa4b0,2.313316,20.0,1,13674,1,0,0,0,1,0,0,0,0,0,0,0,0,1
4117,22,798ac49ebb105b44,1.737908,20.0,1,13756,1,1,0,0,1,0,0,0,0,0,0,0,0,1
4118,22,25ab6892652f8ba4,1.306931,20.0,1,13609,1,1,0,0,1,0,0,0,0,0,0,0,0,0
4119,22,6203bb44aca70367,2.025502,18.576731,1,13701,1,0,0,0,0,0,0,0,0,0,0,0,0,1
4120,22,8b54a2787eaec574,1.521684,17.434848,1,13662,1,1,0,0,1,0,0,0,0,0,0,0,0,0
4121,22,5bb0dddd8e8986e3,1.143184,20.0,1,13599,1,1,0,0,1,0,0,0,0,0,0,0,0,1
4122,22,fc709254920171ec,1.903841,15.082277,0,13602,1,0,0,0,0,0,0,0,0,0,0,0,0,0
4123,22,dbb22e0f3319e2e9,1.430285,18.28844,1,13656,1,1,0,0,1,0,0,0,0,0,0,0,0,1
4124,22,605d77036565bf26,1.07452,20.0,1,13690,1,1,0,0,1,0,0,0,0,0,0,0,0,1
4125,22,594b3ab9a9358823,2.896355,19.045023,1,13578,2,0,0,0,0,0,0,0,0,0,0,0,0,1
4126,22,d28993a79485c75b,2.175923,17.786659,1,13690,1,1,0,0,1,0,0,0,0,0,0,0,0,0
4127,22,c4c4fa9deda5bce2,1.63469,20.0,1,13662,1,1,0,0,1,0,0,0,0,0,0,0,0,1
4128,22,c351a754d59a20b3,2.271735,18.744607,1,13399,1,0,0,0,0,0,0,0,0,0,0,0,0,1
4129,22,509d5ea0ac584717,1.708377,20.0,1,13308,1,1,0,0,1,0,0,0,0,0,0,0,0,1
4130,22,6a81d81101ce2aa7,1.28344,19.298343,1,13344,1,1,0,0,1,0,0,0,0,0,0,0,0,0
4131,22,d0d39258d0a69264,0.9642,20.0,1,13140,1,1,0,0,1,0,0,0,0,0,0,0,0,1
4132,22,e82651d564ad8d86,1.769243,19.615579,1,12994,1,0,0,0,0,0,0,0,0,0,0,0,0,1
4133,22,9bc5912c6736306d,1.329166,18.215295,1,13215,1,1,0,0,1,0,0,0,0,0,0,0,0,0
4134,22,9a32b83fb998cff5,0.998553,20.0,1,13086,1,1,0,0,1,0,0,0,0,0,0,0,0,1
4135,22,c1ddb37e58ac2c61,0.750175,20.0,1,13085,1,1,0,0,1,0,0,0,0,0,0,0,0,1
4136,22,9501f344a5920bdf,0.564143,20.0,1,13473,1,1,0,0,1,0,0,0,0,0,0,0,0,0
4137,22,2e7e132f0c84a37a,1.467473,18.785656,1,13230,1,0,0,0,0,0,0,0,0,0,0,0,0,1
4138,22,344d3a8e334fcf47,1.102457,20.0,1,13279,1,1,0,0,1,0,0,0,0,0,0,0,0,1
4139,22,8b456286a6c77f27,0.829064,19.325931,1,13365,1,1,0,0,1,0,0,0,0,0,0,0,0,0
4140,22,b643dafab0e5c18f,2.710151,17.997694,1,13425,2,0,0,0,0,0,0,0,0,0,0,0,0,1
4141,22,82ec5361b17702e5,2.036035,20.0,1,13607,1,1,0,0,1,0,0,0,0,0,0,0,0,1
4142,23,1fd48474a6be9a50,1.529597,20.0,1,14038,1,1,0,0,1,0,0,0,0,0,0,0,0,1
4143,23,530e0ea8d92a6d51,2.194429,16.801923,0,14081,1,0,0,0,0,0,0,0,0,0,0,0,0,0
4144,23,9d91a06f605c6d81,1.648593,19.580345,1,14049,1,1,0,0,1,0,0,0,0,0,0,0,0,1
4145,23,1bedfd585b1aa4b9,2.282179,14.709981,0,14244,1,0,0,0,0,0,0,0,0,0,0,0,0,0
4146,23,26a9669cba5af3ef,1.716231,18.023119,1,14101,1,1,0,0,1,0,0,0,0,0,0,0,0,1
4147,23,4f55c5e4b2d3c044,1.289341,17.01894,1,14172,1,1,0,0,1,0,0,0,0,0,0,0,0,0
4148,23,429a6cfc04b09590,2.012287,16.264538,1,14179,1,0,0,0,0,0,0,0,0,0,0,0,0,1
4149,23,bfd1095e82cc3b3f,1.511756,15.697784,1,13999,1,1,0,0,1,0,0,0,0,0,0,0,0,0
4150,23,e8a24dfe484cb614,1.136862,18.765961,1,14049,1,1,0,0,1,0,0,0,0,0,0,0,0,1
4151,23,a8eb40163c807ab7,0.854082,17.577009,1,13991,1,1,0,0,0,0,0,0,0,0,0,0,0,1
4152,23,b734eb68cadec0ba,1.685293,16.683794,1,13949,1,0,0,0,1,0,0,0,0,0,0,0,0,0
4153,23,03ed9d518f369873,1.267364,16.026953,1,14051,1,1,0,0,1,0,0,0,0,0,0,0,0,0
4154,23,cd43fcebe8f5e6e6,3.03943,15.519295,1,13973,2,0,0,0,0,0,0,0,0,0,0,0,0,1
4155,23,338e1a6d9a9334b5,2.28341,18.616755,1,13933,1,1,0,0,1,0,0,0,0,0,0,0,0,1
4156,23,f71f04d2a5841727,0.671787,17.464917,1,13884,0,1,0,0,1,0,0,0,0,0,0,0,0,0
4157,23,dab4ff966e399802,0.505194,16.614368,1,14025,1,1,0,0,1,0,0,0,0,0,0,0,0,0
4158,23,339e340883d8ecaf,1.423187,19.439443,1,13821,2,1,0,0,1,0,0,0,0,0,0,0,0,1
4159,23,0f3eea50b2030a66,1.069187,18.082971,1,14188,1,1,0,0,0,0,0,0,0,0,0,0,0,1
4160,23,157d3461e0a7f335,1.848194,20.0,1,13865,1,0,0,0,1,0,0,0,0,0,0,0,0,1
4161,23,f1991b9aba19249f,1.388479,18.924545,1,14032,1,1,0,0,1,0,0,0,0,0,0,0,0,0
4162,23,f0cae4ef532c2023,1.043113,20.0,1,14095,1,1,0,0,1,0,0,0,0,0,0,0,0,1
4163,23,7630abeab872e6cf,1.827305,15.90798,0,14113,1,0,0,0,0,0,0,0,0,0,0,0,0,0
4164,23,253c29c9cd31f14d,1.374159,18.924031,1,14000,1,1,0,0,1,0,0,0,0,0,0,0,0,1
4165,23,1bcd43f2b236da2a,1.032354,17.695762,1,13929,1,1,0,0,1,0,0,0,0,0,0,0,0,0
4166,23,190012cb2cd5517d,0.775569,20.0,1,13894,1,1,0,0,1,0,0,0,0,0,0,0,0,1
4167,23,752285f96761bfac,1.62739,15.229682,0,13867,1,0,0,0,0,0,0,0,0,0,0,0,0,0
4168,23,8ce008444b943984,1.222597,18.39918,1,13895,1,1,0,0,1,0,0,0,0,0,0,0,0,1
4169,23,815cbd6616cc478f,0.918491,17.301461,1,14075,1,1,0,0,1,0,0,0,0,0,0,0,0,0
4170,23,ea182be542b69bac,0.690028,19.95563,1,13958,1,1,0,0,1,0,0,0,0,0,0,0,0,1
4171,23,98558a7fe6a345e2,1.563062,20.0,1,13920,2,1,0,0,1,0,0,0,0,0,0,0,0,1
4172,23,ea40987dff05550d,1.17427,20.0,1,14143,1,1,0,0,1,0,0,0,0,0,0,0,0,1
4173,23,bd84d51435d6859a,1.925838,17.625648,0,13896,1,0,0,0,0,0,0,0,0,0,0,0,0,0
4174,23,b3773e59edaae1a5,1.448258,20.0,1,14026,1,1,0,0,1,0,0,0,0,0,0,0,0,1
4175,23,5dadae3439224eef,1.088022,20.0,1,13940,1,1,0,0,1,0,0,0,0,0,0,0,0,1
4176,23,bf32681d9402a0dc,1.861044,16.636726,0,13950,1,0,0,0,0,0,0,0,0,0,0,0,0,0
4177,23,f7bd4e508f328e99,2.441786,19.456239,1,14127,2,1,0,0,1,0,0,0,0,0,0,0,0,1
4178,23,7c7cf98600a1ae76,1.836258,20.0,1,13818,1,1,0,0,1,0,0,0,0,0,0,0,0,1
4179,23,4330f499d34eea83,1.379512,19.700387,1,13900,1,1,0,0,1,0,0,0,0,0,0,0,0,0
4180,23,574139667abb0c89,1.036376,20.0,1,14064,1,1,0,0,1,0,0,0,0,0,0,0,0,1
4181,23,92baeeda50fe0e26,1.82352,19.842717,1,13993,1,0,0,0,0,0,0,0,0,0,0,0,0,1
4182,23,80a0120ed18f2275,2.413596,20.0,1,13977,2,1,0,0,1,0,0,0,0,0,0,0,0,1
4183,23,8dedeb0367e4f2e3,1.813244,19.905037,1,13871,1,1,0,0,1,0,0,0,0,0,0,0,0,0
4184,23,cce480df118a4b64,1.362223,20.0,1,14111,1,1,0,0,1,0,0,0,0,0,0,0,0,1
4185,23,74af5b71dff1f83a,1.024411,19.958337,1,13854,1,1,0,0,0,0,0,0,0,0,0,0,0,1
4186,23,5a3027c7f942d721,1.813255,18.472797,1,13803,1,0,0,0,1,0,0,0,0,0,0,0,0,0
4187,23,a7f28a02bc25ffcb,1.362231,20.0,1,14101,1,1,0,0,1,0,0,0,0,0,0,0,0,1
4188,23,d5293be15af3da23,1.024417,19.149178,1,13938,1,1,0,0,1,0,0,0,0,0,0,0,0,0
4189,23,5fbd520df55a8630,1.813259,20.0,1,13820,2,1,0,0,1,0,0,0,0,0,0,0,0,1
4190,23,dfbca10fb7e44b36,2.405887,19.513606,1,13892,1,0,0,0,0,0,0,0,0,0,0,0,0,1
4191,23,44a3306df2ae7e38,1.807453,20.0,1,13866,1,1,0,0,1,0,0,0,0,0,0,0,0,1
4192,23,9078bef81c8bd0b7,1.359231,20.0,1,13852,1,1,0,0,1,0,0,0,0,0,0,0,0,1
4193,23,1c033c0b8809b97c,1.021139,20.0,1,13763,1,1,0,0,1,0,0,0,0,0,0,0,0,0
4194,23,6833178b9c2d557d,2.85445,19.196334,1,13880,2,0,0,0,0,0,0,0,0,0,0,0,0,1
4195,23,7583ae901af096b8,2.146587,20.0,1,13999,1,1,0,0,1,0,0,0,0,0,0,0,0,1
4196,23,1d689fbb7a020596,1.612651,20.0,1,13852,1,1,0,0,1,0,0,0,0,0,0,0,0,1
4197,23,00fb3c28eb0a2bb7,1.211524,20.0,1,13976,1,1,0,0,0,0,0,0,0,0,0,0,0,1
4198,23,5ed9e6b0a56757e2,2.99748,19.091751,1,13935,2,0,0,0,1,0,0,0,0,0,0,0,0,0
4199,23,2c08440b3516e038,2.254147,20.0,1,13981,1,1,0,0,1,0,0,0,0,0,0,0,0,1
4200,23,4ba366230a4cdbb9,1.693457,20.0,1,13823,1,1,0,0,1,0,0,0,0,0,0,0,0,1
