tick,episode,frame_sha16,turn,forward,attack,total_spikes,DNp20_R_10059,DNp20_L_10162,MN9_L_10331,DNa02_R_10360,DNpe017_L_10527,MDN_R_10763,DNp09_L_10783,DNp09_R_11177,MDN_L_11288,MDN_R_11332,MDN_L_12348,MN9_R_16949,DNa02_L_523769,DNpe017_R_555871
1,1,1fd48474a6be9a50,0.0,3.478845,1,13260,1,1,0,0,0,0,0,0,0,0,0,0,0,1
2,1,40ab05863d40ab6a,1.044151,6.096642,1,15449,1,0,0,0,1,0,0,0,0,0,0,0,0,0
3,1,9fa3e60e300cac94,0.784431,15.016713,1,13602,1,1,0,0,1,0,0,0,0,0,0,0,0,2
4,1,9522afc9eb92ebd2,0.589314,14.76034,1,14227,1,1,0,0,1,0,0,0,0,0,0,0,0,0
5,1,0fba0eaa5e567fe1,0.442729,18.04658,1,13959,1,1,0,0,1,0,0,0,0,0,0,0,0,1
6,1,8f9f8c22e25048df,1.377089,13.571286,0,14130,1,0,0,0,0,0,0,0,0,0,0,0,0,0
7,1,025aca0c2fc547cd,1.034556,17.153289,1,13838,1,1,0,0,1,0,0,0,0,0,0,0,0,1
8,1,ea7305c3d0c4eb0e,0.777223,16.365469,1,14234,1,1,0,0,1,0,0,0,0,0,0,0,0,0
9,1,b3bc2710b036c5b2,0.584483,19.268069,1,13983,1,1,0,0,1,0,0,0,0,0,0,0,0,1
10,1,3c254a4fca255c07,1.482753,17.954225,1,13847,1,0,0,0,0,0,0,0,0,0,0,0,0,1
11,1,7fb0256f65ce4ff6,1.113937,16.967182,1,14190,1,1,0,0,1,0,0,0,0,0,0,0,0,0
12,1,a69e89495c03d18a,0.836859,19.704499,1,14018,1,1,0,0,1,0,0,0,0,0,0,0,0,1
13,1,ba87dd4319678e85,1.673481,18.298566,1,13840,1,0,0,0,0,0,0,0,0,0,0,0,0,1
14,1,3e895dd2e76d3ae9,1.257223,17.225873,1,13962,1,1,0,0,1,0,0,0,0,0,0,0,0,0
15,1,5bfa9aaebee05047,1.988158,19.898843,1,13730,2,1,0,0,1,0,0,0,0,0,0,0,0,1
16,1,ca3938afd42b6b51,1.495123,20.0,1,14187,1,1,0,0,1,0,0,0,0,0,0,0,0,1
17,1,3840b1179d01d5ca,2.166884,19.950441,1,13920,1,0,0,0,0,0,0,0,0,0,0,0,0,1
18,1,3ad00a257add4750,1.627899,18.466865,1,14048,1,1,0,0,1,0,0,0,0,0,0,0,0,0
19,1,715e21df0f1ac6b8,1.222979,20.0,1,14046,1,1,0,0,1,0,0,0,0,0,0,0,0,1
20,1,ab882b57d80326bc,1.963848,20.0,1,14042,2,1,0,0,1,0,0,0,0,0,0,0,0,1
21,1,de121b1615b372cf,2.519019,20.0,1,13824,1,0,0,0,0,0,0,0,0,0,0,0,0,1
22,1,58b8431551715724,1.892445,18.862569,1,13976,1,1,0,0,1,0,0,0,0,0,0,0,0,0
23,1,23e17bd6c1c20f85,1.423146,20.0,1,14014,1,1,0,0,1,0,0,0,0,0,0,0,0,1
24,1,c8292701595322e6,2.112809,15.886142,0,14079,1,0,0,0,0,0,0,0,0,0,0,0,0,0
25,1,10c80b0b9d50bf2d,1.587275,18.892354,1,13954,1,1,0,0,1,0,0,0,0,0,0,0,0,1
26,1,f6d7570dbe7171fa,2.236114,20.0,1,13946,2,1,0,0,1,0,0,0,0,0,0,0,0,1
27,1,50afc0b225fbdddd,1.681589,15.905709,0,13972,1,1,0,0,0,0,0,0,0,0,0,0,0,0
28,1,77cb534e4dd68f47,2.306969,18.907054,1,13983,1,0,0,0,1,0,0,0,0,0,0,0,0,1
29,1,03a072c123c7f460,1.733139,17.683007,1,14025,1,1,0,0,1,0,0,0,0,0,0,0,0,0
30,1,6bd0da24a434c222,2.347496,20.0,1,13762,2,1,0,0,1,0,0,0,0,0,0,0,0,1
31,1,bf7b92ccf517e799,2.807239,18.698581,1,14067,1,0,0,0,0,0,0,0,0,0,0,0,0,1
32,1,225eb469aa1369a9,2.108974,20.0,1,13865,1,1,0,0,1,0,0,0,0,0,0,0,0,1
33,1,b8c60121563a9c42,1.584393,19.259292,1,13951,1,1,0,0,1,0,0,0,0,0,0,0,0,0
34,1,31aaaeb37a782f1d,1.191486,20.0,1,13916,1,1,0,0,1,0,0,0,0,0,0,0,0,1
35,1,f0b797cd11a373e7,1.938772,19.589119,1,13900,2,1,0,0,0,0,0,0,0,0,0,0,0,1
36,1,60516700b7299e83,2.500181,18.195418,1,14057,1,0,0,0,1,0,0,0,0,0,0,0,0,0
37,1,1c33476371466532,1.880171,20.0,1,13887,1,1,0,0,1,0,0,0,0,0,0,0,0,1
38,1,361947da6dbbefbb,2.456156,15.509228,0,13781,1,0,0,0,0,0,0,0,0,0,0,0,0,0
39,1,990f149db1c50dec,1.845218,18.609192,1,14010,1,1,0,0,1,0,0,0,0,0,0,0,0,1
40,1,9b192c2e98f609fc,1.386243,20.0,1,13925,1,1,0,0,1,0,0,0,0,0,0,0,0,1
41,1,0d1fbe390c17fd67,2.086625,15.745734,0,13854,1,0,0,0,0,0,0,0,0,0,0,0,0,0
42,1,b1b4c2576a151a4f,2.611257,18.786871,1,14058,2,1,0,0,1,0,0,0,0,0,0,0,0,1
43,1,106d83d369316aa0,1.96174,20.0,1,13718,1,1,0,0,1,0,0,0,0,0,0,0,0,1
44,1,4898f70c9a98d612,2.519407,15.846115,0,13875,1,0,0,0,0,0,0,0,0,0,0,0,0,0
45,1,452f8e1e87f0875e,1.892736,18.862283,1,13879,1,1,0,0,1,0,0,0,0,0,0,0,0,1
46,1,2277fbe5ae611aef,1.421942,20.0,1,13640,1,1,0,0,1,0,0,0,0,0,0,0,0,1
47,1,52125a7b9a3b7990,2.111905,15.87284,0,13668,1,0,0,0,0,0,0,0,0,0,0,0,0,0
48,1,e45468b66b74b11e,1.588183,18.897605,1,13965,1,1,0,0,1,0,0,0,0,0,0,0,0,1
49,1,f79c3d80fac8c9dd,3.280449,17.675909,1,13848,2,0,0,0,0,0,0,0,0,0,0,0,0,1
50,1,bb7aaae7947f1061,2.464479,20.0,1,13875,1,1,0,0,1,0,0,0,0,0,0,0,0,1
51,1,c559210bd8c97f4e,0.809173,18.698968,1,13778,0,1,0,0,1,0,0,0,0,0,0,0,0,0
52,1,f46f96ec76fef93b,0.607901,14.047836,0,13711,1,1,0,0,0,0,0,0,0,0,0,0,0,0
53,1,0c6e1927f35030ce,1.500347,17.511303,1,14024,1,0,0,0,1,0,0,0,0,0,0,0,0,1
54,1,f601939cce033512,1.127154,16.634432,1,13684,1,1,0,0,1,0,0,0,0,0,0,0,0,0
55,1,96d712509608c996,0.847636,19.470333,1,13853,1,1,0,0,1,0,0,0,0,0,0,0,0,1
56,1,e53c78c55c72c915,0.636797,18.106178,1,13922,1,1,0,0,1,0,0,0,0,0,0,0,0,0
57,1,51f93875e82b053a,1.522055,17.081339,1,13829,1,0,0,0,0,0,0,0,0,0,0,0,0,1
58,1,36ffb497f9699e6b,1.144607,16.325912,1,13935,1,1,0,0,1,0,0,0,0,0,0,0,0,0
59,1,181d769a80427f4a,0.859901,19.222737,1,14002,1,1,0,0,1,0,0,0,0,0,0,0,0,1
60,1,82fb85911a66d71c,0.646011,20.0,1,14265,1,1,0,0,1,0,0,0,0,0,0,0,0,1
61,1,32041dc431b3ca9f,1.528977,20.0,1,14583,2,1,0,0,1,0,0,0,0,0,0,0,0,1
62,1,f4fb88bd47b1b187,1.149813,17.321872,0,14515,1,1,0,0,0,0,0,0,0,0,0,0,0,0
63,1,ad3fa2ad8e22e331,1.907465,19.970964,1,14767,1,0,0,0,1,0,0,0,0,0,0,0,0,1
64,1,d1ca3cd392f9e482,1.433007,18.482283,1,15108,1,1,0,0,1,0,0,0,0,0,0,0,0,0
65,1,c31b7a4b424b0439,1.077642,20.0,1,14798,1,1,0,0,1,0,0,0,0,0,0,0,0,1
66,1,a24d6ca3a4fd378f,1.853245,20.0,1,14145,2,1,0,0,1,0,0,0,0,0,0,0,0,1
67,1,4b74f6af153300e9,2.435927,20.0,1,13893,1,0,0,0,0,0,0,0,0,0,0,0,0,1
68,1,0ee09fc1b94ee351,1.830021,18.864068,1,14023,1,1,0,0,1,0,0,0,0,0,0,0,0,0
69,1,dfcab755663c03e1,1.376202,20.0,1,13798,1,1,0,0,1,0,0,0,0,0,0,0,0,1
70,1,c99a482f00b6d3de,2.077542,20.0,1,13962,2,1,0,0,1,0,0,0,0,0,0,0,0,1
71,1,4344c9a0d0997c2f,1.56078,20.0,1,14069,1,1,0,0,0,0,0,0,0,0,0,0,0,1
72,1,5a9a7eaa13a38b38,2.217879,19.002976,1,13735,1,0,0,0,1,0,0,0,0,0,0,0,0,0
73,1,7eaa1850f625a2e4,1.66621,20.0,1,14125,1,1,0,0,1,0,0,0,0,0,0,0,0,1
74,1,3322a72ff4df4e1e,1.251761,20.0,1,14144,1,1,0,0,1,0,0,0,0,0,0,0,0,1
75,1,fde01c7eb5638371,0.940401,20.0,1,14031,1,1,0,0,1,0,0,0,0,0,0,0,0,0
76,1,ebef77076b91d5b1,2.795496,19.039844,1,15085,2,0,0,0,0,0,0,0,0,0,0,0,0,1
77,1,9af1e48b7025ec6c,2.100152,20.0,1,14976,1,1,0,0,1,0,0,0,0,0,0,0,0,1
78,1,f5cf98c4e29bd1e3,1.577766,20.0,1,14991,1,1,0,0,1,0,0,0,0,0,0,0,0,1
79,1,e29f46dcf1d77066,2.230653,20.0,1,14578,1,0,0,0,0,0,0,0,0,0,0,0,0,1
80,1,fa97d79e8b91b987,2.719459,19.048573,1,16009,2,1,0,0,1,0,0,0,0,0,0,0,0,0
81,1,d56a897d813c3e5e,2.043028,20.0,1,15843,1,1,0,0,1,0,0,0,0,0,0,0,0,1
82,1,5f4ed41484135956,1.534851,20.0,1,15992,1,1,0,0,1,0,0,0,0,0,0,0,0,1
83,1,03be8c32154a8e21,2.19838,17.247951,0,15891,1,0,0,0,0,0,0,0,0,0,0,0,0,0
84,1,4e0e53389c88d797,2.695214,19.91543,1,16054,2,1,0,0,1,0,0,0,0,0,0,0,0,1
85,1,0fb88b37563528de,3.068467,18.440562,1,15997,1,0,0,0,0,0,0,0,0,0,0,0,0,1
86,1,4bdc99ca1c9cb87d,2.307531,20.0,1,16010,1,1,0,0,1,0,0,0,0,0,0,0,0,1
87,1,32575b010e551c19,2.777215,19.12657,1,16135,1,0,0,0,0,0,0,0,0,0,0,0,0,1
88,1,f54c8099f3a30eed,3.130071,20.0,1,16259,2,1,0,0,1,0,0,0,0,0,0,0,0,1
89,1,1c0f3806ba804627,3.395159,19.500846,1,16346,1,0,0,0,0,0,0,0,0,0,0,0,0,1
90,1,8f4b64e84740d9fc,2.553208,20.0,1,16679,1,1,0,0,1,0,0,0,0,0,0,0,0,1
91,1,65319b6a64bd34b5,2.961783,20.0,1,16912,2,1,0,0,1,0,0,0,0,0,0,0,0,1
92,1,c5cf5b264d00bea0,3.26873,17.432623,0,15099,1,0,0,0,0,0,0,0,0,0,0,0,0,0
93,1,94d0bd279089f216,2.458132,20.0,1,13450,1,1,0,0,1,0,0,0,0,0,0,0,0,1
94,1,7908f233dc40486b,2.890356,15.07828,0,13676,1,0,0,0,0,0,0,0,0,0,0,0,0,0
95,1,f8bd787221b54927,3.21507,18.285437,1,13461,2,1,0,0,1,0,0,0,0,0,0,0,0,1
96,1,e84b76f364cdac00,1.371708,17.21601,1,13612,0,1,0,0,1,0,0,0,0,0,0,0,0,0
97,1,7a856ae061aa2f80,3.119845,16.427186,1,13583,2,0,0,0,0,0,0,0,0,0,0,0,0,1
98,1,3909d9123f1bddb5,2.343823,19.29882,1,13581,1,1,0,0,1,0,0,0,0,0,0,0,0,1
99,1,3ff5ed14aa8bba08,1.760827,20.0,1,13566,1,1,0,0,1,0,0,0,0,0,0,0,0,1
100,1,7508c7b48e4fea1c,2.368317,16.135347,0,13701,1,0,0,0,0,0,0,0,0,0,0,0,0,0
101,1,5023eab515b01e4d,1.779228,19.079572,1,13743,1,1,0,0,1,0,0,0,0,0,0,0,0,1
102,1,9ab548dcb5a79b50,1.336668,17.812613,1,13734,1,1,0,0,1,0,0,0,0,0,0,0,0,0
103,1,0ee9bcea5e9f134d,2.047842,16.860795,1,13723,1,0,0,0,0,0,0,0,0,0,0,0,0,1
104,1,521411bd8b7bfa25,1.540006,16.16006,1,13515,1,1,0,0,1,0,0,0,0,0,0,0,0,0
105,1,65d82614576038b5,1.156949,19.098138,1,13738,1,1,0,0,1,0,0,0,0,0,0,0,0,1
106,1,ccff489b4fdad662,0.869173,20.0,1,13764,1,1,0,0,1,0,0,0,0,0,0,0,0,1
107,1,2b7b497de428475e,1.697781,16.021969,0,13761,1,0,0,0,0,0,0,0,0,0,0,0,0,0
108,1,9bbb392ef255cae8,1.275479,18.994396,1,13926,1,1,0,0,1,0,0,0,0,0,0,0,0,1
109,1,98ee857f2e8c6606,0.95822,17.748624,1,13691,1,1,0,0,1,0,0,0,0,0,0,0,0,0
110,1,b89012b88de719f4,2.807181,16.812722,1,14757,2,0,0,0,0,0,0,0,0,0,0,0,0,1
111,1,5ceaaa34d29553dc,1.06689,19.60441,1,14448,0,1,0,0,1,0,0,0,0,0,0,0,0,1
112,1,5e2ee89430a91842,1.845168,18.206905,1,14317,2,1,0,0,1,0,0,0,0,0,0,0,0,0
113,1,cd7b9c143d30c724,1.386206,20.0,1,14257,1,1,0,0,1,0,0,0,0,0,0,0,0,1
114,1,57a5ab57a89dd415,1.042446,20.0,1,14951,1,1,0,0,1,0,0,0,0,0,0,0,0,1
115,1,f1cfb9d30fb10986,0.783151,20.0,1,15026,1,1,0,0,0,0,0,0,0,0,0,0,0,1
116,1,dd65d5170653d39c,1.632005,18.779678,1,14582,1,0,0,0,1,0,0,0,0,0,0,0,0,0
117,1,0329d4b49f7914b6,2.269718,20.0,1,14537,2,1,0,0,1,0,0,0,0,0,0,0,0,1
118,1,d04225684c2aa6fe,1.70686,20.0,1,14162,1,1,0,0,1,0,0,0,0,0,0,0,0,1
119,1,0c536a0e60126b4a,1.2823,20.0,1,14030,1,1,0,0,1,0,0,0,0,0,0,0,0,1
120,1,dedb9731113d1381,0.963344,20.0,1,14209,1,1,0,0,0,0,0,0,0,0,0,0,0,1
121,1,5aa052aa05f402aa,1.768599,19.70584,1,13699,1,0,0,0,1,0,0,0,0,0,0,0,0,0
122,1,16f23dfb3d2d2d0d,1.328682,20.0,1,13798,1,1,0,0,1,0,0,0,0,0,0,0,0,1
123,1,830d1a725ab1d35f,2.041843,20.0,1,13716,2,1,0,0,1,0,0,0,0,0,0,0,0,1
124,1,69e831f5a1535463,1.53396,20.0,1,13503,1,1,0,0,0,0,0,0,0,0,0,0,0,1
125,1,12282d18c5fe9673,2.19771,20.0,1,13564,1,0,0,0,1,0,0,0,0,0,0,0,0,1
126,1,9e9efb31d29a2260,1.651058,20.0,1,13687,1,1,0,0,1,0,0,0,0,0,0,0,0,0
127,1,271cefd08df5696e,2.284031,18.929242,1,13581,1,0,0,0,0,0,0,0,0,0,0,0,0,1
128,1,56bc30f0640886bf,1.717624,17.715562,1,13601,1,1,0,0,1,0,0,0,0,0,0,0,0,0
129,1,06e6e9c245464a29,2.33404,16.787884,1,13581,1,0,0,0,0,0,0,0,0,0,0,0,0,1
130,1,5fe1690b242fcc34,1.753477,16.090954,1,13743,1,1,0,0,1,0,0,0,0,0,0,0,0,0
131,1,033fa9ae5ead6635,3.404628,15.567377,1,13709,2,0,0,0,0,0,0,0,0,0,0,0,0,1
132,1,8ec59a9b2e7b8c82,2.560329,18.667893,1,13596,1,1,0,0,1,0,0,0,0,0,0,0,0,1
133,1,00a4fa45c97dfdbc,2.967133,14.02449,0,13701,1,0,0,0,0,0,0,0,0,0,0,0,0,0
134,1,a0fa188d3f8bd74b,2.229096,17.493764,1,13770,1,1,0,0,1,0,0,0,0,0,0,0,0,1
135,1,156d87e6950eabe6,1.676312,16.636062,1,13641,1,1,0,0,1,0,0,0,0,0,0,0,0,0
136,1,ced3437f0c05577a,3.346657,15.976896,1,13528,2,0,0,0,0,0,0,0,0,0,0,0,0,1
137,1,940529e694510042,2.514218,18.960534,1,13384,1,1,0,0,1,0,0,0,0,0,0,0,0,1
138,1,d45ff9fa2e2e6f26,2.932492,14.24434,0,13865,1,0,0,0,0,0,0,0,0,0,0,0,0,0
139,1,8aaaed740d6a833d,1.161125,17.67295,1,13742,0,1,0,0,1,0,0,0,0,0,0,0,0,1
140,1,f70be45230f16a2f,1.915963,20.0,1,13885,2,1,0,0,1,0,0,0,0,0,0,0,0,1
141,1,5392c98902cceb52,1.439392,18.68043,1,13815,1,1,0,0,1,0,0,0,0,0,0,0,0,0
142,1,60e7391ffdcff6d0,2.126593,17.528451,1,13736,1,0,0,0,0,0,0,0,0,0,0,0,0,1
143,1,9c84e6eb484c8051,1.59763,16.647315,1,13948,1,1,0,0,1,0,0,0,0,0,0,0,0,0
144,1,603c73125bd2cdb4,1.20024,19.464194,1,13926,1,1,0,0,1,0,0,0,0,0,0,0,0,1
145,1,7f88302449b1d236,1.945349,14.622722,0,13904,1,0,0,0,0,0,0,0,0,0,0,0,0,0
146,1,067916e12c208227,1.46293,17.957498,1,14000,1,1,0,0,1,0,0,0,0,0,0,0,0,1
147,1,ba599f87120be3d9,1.099045,16.969642,1,14000,1,1,0,0,1,0,0,0,0,0,0,0,0,0
148,1,53ae887cf4bb36b0,0.825671,19.706347,1,13799,1,1,0,0,1,0,0,0,0,0,0,0,0,1
149,1,4a0443d39415435f,0.620916,20.0,1,13860,1,1,0,0,1,0,0,0,0,0,0,0,0,1
150,1,47308944290999c4,2.553778,19.841688,1,14239,2,0,0,0,0,0,0,0,0,0,0,0,0,1
151,1,e10c3bf6fcd55eab,1.918558,20.0,1,14234,1,1,0,0,1,0,0,0,0,0,0,0,0,1
152,1,6701d078e97e70c3,1.441341,19.904456,1,14277,1,1,0,0,1,0,0,0,0,0,0,0,0,0
153,1,5140bb0287947c65,2.128059,18.448936,1,14074,1,0,0,0,0,0,0,0,0,0,0,0,0,1
154,1,f8010c030c5157c0,1.598731,20.0,1,14359,1,1,0,0,1,0,0,0,0,0,0,0,0,1
155,1,6d19927de053fd6b,1.201067,19.118393,1,14083,1,1,0,0,1,0,0,0,0,0,0,0,0,0
156,1,96fa3cdc89db5775,0.90322,17.857806,1,13885,1,1,0,0,0,0,0,0,0,0,0,0,0,1
157,1,e6e131b6f53bae8d,1.722209,16.894746,1,13919,1,0,0,0,1,0,0,0,0,0,0,0,0,0
158,1,07c20f11b8dd699b,2.337484,19.65008,1,13715,2,1,0,0,1,0,0,0,0,0,0,0,0,1
159,1,1c5a5de17eb67596,1.756065,20.0,1,13626,1,1,0,0,1,0,0,0,0,0,0,0,0,1
160,1,7fd07ae6903ee3df,2.364736,19.814296,1,13708,1,0,0,0,0,0,0,0,0,0,0,0,0,1
161,1,f11a7f184d595493,1.776538,18.364585,1,13890,1,1,0,0,1,0,0,0,0,0,0,0,0,0
162,1,428e7d2ddee40360,2.3783,20.0,1,14126,2,1,0,0,1,0,0,0,0,0,0,0,0,1
163,1,b5d351b374f0a5f6,1.788515,20.0,1,14277,1,1,0,0,1,0,0,0,0,0,0,0,0,1
164,1,4075ae19fd7d3964,2.387298,20.0,1,14371,1,0,0,0,0,0,0,0,0,0,0,0,0,1
165,1,f4fd4e3adc14fec0,1.793488,20.0,1,14623,1,1,0,0,1,0,0,0,0,0,0,0,0,1
166,1,819e2fdbd2b7e06e,1.34738,20.0,1,14409,1,1,0,0,1,0,0,0,0,0,0,0,0,0
167,1,e3d024bbbdf49fc9,2.0574,20.0,1,14423,2,1,0,0,1,0,0,0,0,0,0,0,0,1
168,1,05ab97cf653734b6,2.589301,20.0,1,14789,1,0,0,0,0,0,0,0,0,0,0,0,0,1
169,1,633bad686de7f5a9,1.945245,20.0,1,14720,1,1,0,0,1,0,0,0,0,0,0,0,0,1
170,1,b80fbd8688e06e3c,2.507002,20.0,1,14582,2,1,0,0,1,0,0,0,0,0,0,0,0,1
171,1,0e44186b7ded2dea,2.927071,20.0,1,14799,1,0,0,0,0,0,0,0,0,0,0,0,0,1
172,1,4cefd53803ee26e8,2.198999,20.0,1,14835,1,1,0,0,1,0,0,0,0,0,0,0,0,1
173,1,8ff1816f8a92c8c2,1.652026,20.0,1,14957,1,1,0,0,1,0,0,0,0,0,0,0,0,0
174,1,d9fe61bdc7705b9b,2.286497,19.020488,1,15055,1,0,0,0,0,0,0,0,0,0,0,0,0,1
175,1,3ef69c0775c1ae02,2.761413,20.0,1,15087,2,1,0,0,1,0,0,0,0,0,0,0,0,1
176,1,a28287924f073d4e,3.1182,19.440974,1,15288,1,0,0,0,0,0,0,0,0,0,0,0,0,1
177,1,ff7ebf2f26363417,2.344931,18.100392,1,15110,1,1,0,0,1,0,0,0,0,0,0,0,0,0
178,1,3a3c858dcbbd7015,1.761659,20.0,1,15260,1,1,0,0,1,0,0,0,0,0,0,0,0,1
179,1,ae83eb6ee8206a41,2.367122,15.442832,0,15231,1,0,0,0,0,0,0,0,0,0,0,0,0,0
180,1,7612d66fbabbdbad,1.77833,18.559311,1,15247,1,1,0,0,1,0,0,0,0,0,0,0,0,1
181,1,04ca27241a1674bd,2.38148,20.0,1,15206,2,1,0,0,1,0,0,0,0,0,0,0,0,1
182,1,2034293519ed251c,2.83277,15.714814,0,15279,1,0,0,0,0,0,0,0,0,0,0,0,0,0
183,2,1fd48474a6be9a50,2.128154,18.763641,1,13939,1,1,0,0,1,0,0,0,0,0,0,0,0,1
184,2,40ab05863d40ab6a,1.600402,20.0,1,14060,1,1,0,0,1,0,0,0,0,0,0,0,0,1
185,2,9fa3e60e300cac94,1.202323,19.309096,1,14270,1,1,0,0,1,0,0,0,0,0,0,0,0,0
186,2,9522afc9eb92ebd2,1.946913,17.985047,1,14001,1,0,0,0,0,0,0,0,0,0,0,0,0,1
187,2,0fba0eaa5e567fe1,1.462643,16.990338,1,14122,1,1,0,0,1,0,0,0,0,0,0,0,0,0
188,2,8f9f8c22e25048df,1.099929,19.73798,1,13913,1,1,0,0,1,0,0,0,0,0,0,0,0,1
189,2,025aca0c2fc547cd,1.869989,14.828406,0,13910,1,0,0,0,0,0,0,0,0,0,0,0,0,0
190,2,ea7305c3d0c4eb0e,1.404852,18.097716,1,14024,1,1,0,0,1,0,0,0,0,0,0,0,0,1
191,2,b3bc2710b036c5b2,1.056469,17.090242,1,13849,1,1,0,0,1,0,0,0,0,0,0,0,0,0
192,2,3c254a4fca255c07,0.793686,16.318105,1,14024,1,1,0,0,0,0,0,0,0,0,0,0,0,1
193,2,7fb0256f65ce4ff6,1.63992,15.738027,1,13994,1,0,0,0,1,0,0,0,0,0,0,0,0,0
194,2,a69e89495c03d18a,2.275664,18.78108,1,13934,2,1,0,0,1,0,0,0,0,0,0,0,0,1
195,2,ba87dd4319678e85,1.711332,20.0,1,14029,1,1,0,0,1,0,0,0,0,0,0,0,0,1
196,2,3e895dd2e76d3ae9,0.242006,19.318949,1,13913,0,1,0,0,1,0,0,0,0,0,0,0,0,0
197,2,5bfa9aaebee05047,1.225463,17.992449,1,14030,1,0,0,0,0,0,0,0,0,0,0,0,0,1
198,2,ca3938afd42b6b51,0.921566,20.0,1,13938,1,1,0,0,1,0,0,0,0,0,0,0,0,1
199,2,3840b1179d01d5ca,0.692338,18.873403,1,14041,1,1,0,0,1,0,0,0,0,0,0,0,0,0
200,2,3ad00a257add4750,0.520128,20.0,1,14090,1,1,0,0,1,0,0,0,0,0,0,0,0,1
201,2,715e21df0f1ac6b8,1.434406,20.0,1,13935,2,1,0,0,1,0,0,0,0,0,0,0,0,1
202,2,ab882b57d80326bc,2.122844,20.0,1,13901,1,0,0,0,0,0,0,0,0,0,0,0,0,1
203,2,de121b1615b372cf,1.594813,20.0,1,14063,1,1,0,0,1,0,0,0,0,0,0,0,0,1
204,2,0469b68beb7ba893,1.198124,20.0,1,14019,1,1,0,0,1,0,0,0,0,0,0,0,0,0
205,2,77ed09b9b5fdd2d5,1.945157,18.793753,1,13926,1,0,0,0,0,0,0,0,0,0,0,0,0,1
206,2,f528f75252723e1c,1.461323,20.0,1,14010,1,1,0,0,1,0,0,0,0,0,0,0,0,1
207,2,c2f4dc060312be30,1.097838,19.313006,1,13883,1,1,0,0,1,0,0,0,0,0,0,0,0,0
208,2,f6d7570dbe7171fa,0.824764,20.0,1,14056,1,1,0,0,1,0,0,0,0,0,0,0,0,1
209,2,50afc0b225fbdddd,1.664385,16.143361,0,13930,1,0,0,0,0,0,0,0,0,0,0,0,0,0
210,2,77cb534e4dd68f47,2.294044,19.085593,1,14014,2,1,0,0,1,0,0,0,0,0,0,0,0,1
211,2,03a072c123c7f460,1.723429,20.0,1,14032,1,1,0,0,1,0,0,0,0,0,0,0,0,1
212,2,40a0b4653c2b8b16,2.340194,19.495383,1,13823,1,0,0,0,0,0,0,0,0,0,0,0,0,1
213,2,8ced9c6091029967,1.7581,18.124997,1,13876,1,1,0,0,1,0,0,0,0,0,0,0,0,0
214,2,f446b42f744adfb3,2.364448,20.0,1,14178,2,1,0,0,1,0,0,0,0,0,0,0,0,1
215,2,ffdd19bd8ebe00f5,2.819975,18.935563,1,13960,1,0,0,0,0,0,0,0,0,0,0,0,0,1
216,2,b9666f9e7129180f,2.120661,20.0,1,13766,1,1,0,0,1,0,0,0,0,0,0,0,0,1
217,2,826bb28746b5aff3,1.593174,20.0,1,13879,1,1,0,0,1,0,0,0,0,0,0,0,0,1
218,2,3c2e28f559cf9803,3.284198,20.0,1,13923,2,0,0,0,0,0,0,0,0,0,0,0,0,1
219,2,f896a9eeacd54b0b,2.469764,20.0,1,13942,1,1,0,0,1,0,0,0,0,0,0,0,0,1
220,2,7e91fafbe2aeffcf,1.855441,20.0,1,13836,1,1,0,0,1,0,0,0,0,0,0,0,0,0
221,2,23f5c9c20ef02c3c,2.437577,18.794824,1,13915,1,0,0,0,0,0,0,0,0,0,0,0,0,1
222,2,9d0a03a46f7fd20e,1.831261,17.598693,1,13958,1,1,0,0,1,0,0,0,0,0,0,0,0,0
223,2,5056e413ae2ebdf0,1.377134,20.0,1,13826,1,1,0,0,1,0,0,0,0,0,0,0,0,1
224,2,b775466fa0289f2b,2.078243,15.172103,0,13919,1,0,0,0,0,0,0,0,0,0,0,0,0,0
225,2,6f4f567e5c6b8e3b,2.604959,18.355923,1,13947,2,1,0,0,1,0,0,0,0,0,0,0,0,1
226,2,16b00bbf7832de8e,3.003117,17.284417,1,13878,1,0,0,0,0,0,0,0,0,0,0,0,0,1
227,2,eeaf163d875ae366,2.25613,19.942826,1,13850,1,1,0,0,1,0,0,0,0,0,0,0,0,1
228,2,5bfc1ccc40285748,2.738599,18.461144,1,13621,1,0,0,0,0,0,0,0,0,0,0,0,0,1
229,2,80df90f9e2b88b1a,2.057407,17.348012,1,13738,1,1,0,0,1,0,0,0,0,0,0,0,0,0
230,2,0d5de1f2b9e4d1d0,1.5472,20.0,1,13959,1,1,0,0,1,0,0,0,0,0,0,0,0,1
231,2,0e8463cb0cb91196,2.206007,18.509322,1,13925,1,0,0,0,0,0,0,0,0,0,0,0,0,1
232,2,175b64759bdce0b6,1.65729,17.384206,1,13951,1,1,0,0,1,0,0,0,0,0,0,0,0,0
233,2,85a86af45c9b4375,1.246306,20.0,1,13611,1,1,0,0,1,0,0,0,0,0,0,0,0,1
234,2,6a8f80fa2f22e0af,1.979956,18.529771,1,13944,1,0,0,0,0,0,0,0,0,0,0,0,0,1
235,2,2d0439d833f0e29e,2.531121,20.0,1,13812,2,1,0,0,1,0,0,0,0,0,0,0,0,1
236,2,0602be642191006c,1.901536,19.164016,1,13963,1,1,0,0,1,0,0,0,0,0,0,0,0,0
237,2,3f5bb5e574555075,1.429982,20.0,1,13815,1,1,0,0,1,0,0,0,0,0,0,0,0,1
238,2,12459c354315abb2,1.074292,16.056448,0,13929,1,1,0,0,0,0,0,0,0,0,0,0,0,0
239,2,de98a0ac159e8a74,1.850729,19.020298,1,13792,1,0,0,0,1,0,0,0,0,0,0,0,0,1
240,2,8c45f5968a923555,1.391775,17.784037,1,13827,1,1,0,0,1,0,0,0,0,0,0,0,0,0
241,2,483fa49b5415d5fa,1.045588,20.0,1,13809,1,1,0,0,1,0,0,0,0,0,0,0,0,1
242,2,a55314afcfa1a8aa,0.785511,18.743127,1,13891,1,1,0,0,1,0,0,0,0,0,0,0,0,0
243,2,06590d45f29c9f76,1.633779,17.559855,1,14537,2,1,0,0,0,0,0,0,0,0,0,0,0,1
244,2,f0e5118acbeae710,2.272775,20.0,1,14418,1,0,0,0,1,0,0,0,0,0,0,0,0,1
245,2,b6a9a1521ce3aa15,1.707451,20.0,1,14440,1,1,0,0,1,0,0,0,0,0,0,0,0,1
246,2,656339229a691793,1.282744,20.0,1,14421,1,1,0,0,1,0,0,0,0,0,0,0,0,0
247,2,ce68d925c559c11d,0.964642,20.0,1,14301,1,1,0,0,1,0,0,0,0,0,0,0,0,1
248,2,7ddca5230ee5956b,2.812006,20.0,1,15020,2,0,0,0,0,0,0,0,0,0,0,0,0,1
249,2,8efdc1bc94547e0b,2.112555,18.546999,1,15125,1,1,0,0,1,0,0,0,0,0,0,0,0,0
250,2,c329d1816147c96e,1.587084,20.0,1,14804,1,1,0,0,1,0,0,0,0,0,0,0,0,1
251,2,1bbe3370f9c10d36,1.19351,15.710597,0,14974,1,1,0,0,0,0,0,0,0,0,0,0,0,0
252,2,9d9f1106563abd3f,2.983946,18.760474,1,14686,2,0,0,0,1,0,0,0,0,0,0,0,0,1
253,2,1ca3b469c31d03ec,2.241727,20.0,1,14805,1,1,0,0,1,0,0,0,0,0,0,0,0,1
254,2,e89886a38d2bdc91,1.685811,19.311704,1,15257,1,1,0,0,1,0,0,0,0,0,0,0,0,0
255,2,c47e4e160cdbc4a3,3.353793,17.987006,1,15361,2,0,0,0,0,0,0,0,0,0,0,0,0,1
256,2,9f8b0c4e2ca102a8,2.519579,20.0,1,15267,1,1,0,0,1,0,0,0,0,0,0,0,0,1
257,2,edc0c59c1aa2f9a3,1.892866,20.0,1,15369,1,1,0,0,1,0,0,0,0,0,0,0,0,1
258,2,6da6f27952009c0f,2.467613,20.0,1,15522,1,0,0,0,0,0,0,0,0,0,0,0,0,1
259,2,b6def8a1ec0d8d44,2.897478,20.0,1,15639,2,1,0,0,1,0,0,0,0,0,0,0,0,1
260,2,9c4e3e4a0f9d260e,2.176767,20.0,1,14418,1,1,0,0,1,0,0,0,0,0,0,0,0,0
261,2,b646abf131c248e9,1.63696,20.0,1,13831,1,1,0,0,1,0,0,0,0,0,0,0,0,1
262,2,edc2a94d01979baa,3.317094,20.0,1,13868,2,0,0,0,0,0,0,0,0,0,0,0,0,1
263,2,4fff0a35dac68ee5,2.492008,18.573738,1,13998,1,1,0,0,1,0,0,0,0,0,0,0,0,0
264,2,40c1de61cc6786fb,1.872153,20.0,1,13867,1,1,0,0,1,0,0,0,0,0,0,0,0,1
265,2,8772482d47a629a7,2.452036,15.725704,0,13968,1,0,0,0,0,0,0,0,0,0,0,0,0,0
266,2,a891da78036d556b,1.842123,18.771823,1,13961,1,1,0,0,1,0,0,0,0,0,0,0,0,1
267,2,d7b9356769a8b469,3.471225,17.581413,1,13831,2,0,0,0,0,0,0,0,0,0,0,0,0,1
268,2,9a0c08d6e5882d69,2.610411,16.701975,1,13794,1,1,0,0,1,0,0,0,0,0,0,0,0,0
269,2,41f3f73ab369b438,3.004757,16.026414,1,13841,1,0,0,0,0,0,0,0,0,0,0,0,0,1
270,2,b7d015f73489e61d,2.257362,18.997735,1,13913,1,1,0,0,1,0,0,0,0,0,0,0,0,1
271,2,e9bbb99903b90646,2.739525,14.272288,0,13853,1,0,0,0,0,0,0,0,0,0,0,0,0,0
272,2,8f87332b4944710c,2.060162,17.693967,1,13871,1,1,0,0,1,0,0,0,0,0,0,0,0,1
273,2,b80a8ec971c0423e,2.591376,13.292816,0,14049,1,0,0,0,0,0,0,0,0,0,0,0,0,0
274,2,07d54cc15efdf277,1.946804,16.944085,1,13812,1,1,0,0,1,0,0,0,0,0,0,0,0,1
275,2,3008573ea5c4b4b5,1.464024,16.222695,1,13488,1,1,0,0,1,0,0,0,0,0,0,0,0,0
276,2,0ae03c4a822fa1b3,2.14352,15.666349,1,13569,1,0,0,0,0,0,0,0,0,0,0,0,0,1
277,2,e660ac00dda02b93,1.610346,15.248387,1,13714,1,1,0,0,1,0,0,0,0,0,0,0,0,0
278,2,6043d44bd3dd9e58,1.209793,14.934387,1,13674,1,1,0,0,0,0,0,0,0,0,0,0,0,1
279,2,6b2926342cf6408a,1.953932,14.711374,1,13552,1,0,0,0,1,0,0,0,0,0,0,0,0,0
280,2,fc3c04df11702135,1.467916,18.009794,1,13642,1,1,0,0,1,0,0,0,0,0,0,0,0,1
281,2,401e98fe052b630f,1.102791,17.00893,1,13656,1,1,0,0,1,0,0,0,0,0,0,0,0,0
282,2,ef15e6a27c3f9a37,1.873465,16.271459,1,13629,2,1,0,0,0,0,0,0,0,0,0,0,0,1
283,2,fc4cffd6dfb24c5f,2.451117,19.181828,1,13747,1,0,0,0,1,0,0,0,0,0,0,0,0,1
284,2,ca484160f260b4a7,1.841433,20.0,1,13856,1,1,0,0,1,0,0,0,0,0,0,0,0,1
285,2,1c9f8b38ffd02d4a,1.3834,19.532034,1,14911,1,1,0,0,1,0,0,0,0,0,0,0,0,0
286,2,20d4f857d1f2b09e,2.084487,18.16887,1,14841,1,0,0,0,0,0,0,0,0,0,0,0,0,1
287,2,8e7c15a84f442943,1.565997,17.128437,1,16134,1,1,0,0,1,0,0,0,0,0,0,0,0,0
288,2,d2b1813ff9c91abe,1.176475,19.825644,1,15899,1,1,0,0,1,0,0,0,0,0,0,0,0,1
289,2,ba5def7eed82ee5a,0.884726,18.389668,1,15937,1,1,0,0,1,0,0,0,0,0,0,0,0,0
290,2,d41739ea48b5ea24,0.664662,20.0,1,15702,1,1,0,0,1,0,0,0,0,0,0,0,0,1
291,2,d2a71c2004289a8e,0.499335,19.084943,1,15714,1,1,0,0,1,0,0,0,0,0,0,0,0,0
292,2,3d5ffc186f89d680,2.462439,17.816648,1,15407,2,0,0,0,0,0,0,0,0,0,0,0,0,1
293,2,4170db11f7170704,1.851789,20.0,1,15782,1,1,0,0,1,0,0,0,0,0,0,0,0,1
294,2,f4a98408af53b143,1.39118,20.0,1,15620,1,1,0,0,1,0,0,0,0,0,0,0,0,1
295,2,4071a90274345d01,1.045141,20.0,1,15755,1,1,0,0,1,0,0,0,0,0,0,0,0,0
296,2,4d3754af43cfce27,0.785961,20.0,1,15553,1,1,0,0,1,0,0,0,0,0,0,0,0,1
297,2,0a24ab9bea2365b0,0.590463,20.0,1,15758,1,1,0,0,1,0,0,0,0,0,0,0,0,0
298,2,bc1ccfd4d429b06c,1.487246,18.593258,1,15683,1,0,0,0,0,0,0,0,0,0,0,0,0,1
299,2,f3c2d6cfaa0d6262,2.160966,20.0,1,14402,2,1,0,0,1,0,0,0,0,0,0,0,0,1
300,2,36df5400b59fe3b3,1.625077,20.0,1,13795,1,1,0,0,1,0,0,0,0,0,0,0,0,1
301,2,fe72658b55635d9c,1.22086,20.0,1,13752,1,1,0,0,1,0,0,0,0,0,0,0,0,1
302,2,94513545bac0d0d2,0.917186,20.0,1,13868,1,1,0,0,1,0,0,0,0,0,0,0,0,0
303,2,85d890aab9bda93a,0.689737,19.661139,1,13686,1,1,0,0,0,0,0,0,0,0,0,0,0,1
304,2,82ca03eaf7d44084,1.561827,20.0,1,13723,1,0,0,0,1,0,0,0,0,0,0,0,0,1
305,2,1a70bc421f023326,2.216996,20.0,1,13668,2,1,0,0,1,0,0,0,0,0,0,0,0,1
306,2,b5574f97ed3be0b2,2.709199,17.490445,0,13891,1,0,0,0,0,0,0,0,0,0,0,0,0,0
307,2,6f28916ad6a2e282,2.037357,20.0,1,13578,1,1,0,0,1,0,0,0,0,0,0,0,0,1
308,2,54611901b0dbd38e,1.53059,18.589791,1,13744,1,1,0,0,1,0,0,0,0,0,0,0,0,0
309,2,0cdb30bfbf11d050,2.193528,17.44466,1,13753,1,0,0,0,0,0,0,0,0,0,0,0,0,1
310,2,f9282a8e617e358c,1.649565,20.0,1,13551,1,1,0,0,1,0,0,0,0,0,0,0,0,1
311,2,24fc89d2017d0eeb,1.239256,18.563925,1,13870,1,1,0,0,1,0,0,0,0,0,0,0,0,0
312,2,a435011ea47365e1,1.97466,17.425227,1,13868,1,0,0,0,0,0,0,0,0,0,0,0,0,1
313,2,fde083dfbb50b2c2,1.483488,16.569766,1,13735,1,1,0,0,1,0,0,0,0,0,0,0,0,0
314,2,9ef0a2e3e535f43a,3.203905,15.941202,1,13768,2,0,0,0,0,0,0,0,0,0,0,0,0,1
315,2,d75fd1daf7206da2,2.406974,18.933718,1,13742,1,1,0,0,1,0,0,0,0,0,0,0,0,1
316,2,1b6781d8d19afb8c,2.851923,14.224195,0,14067,1,0,0,0,0,0,0,0,0,0,0,0,0,0
317,2,03f23231bac2de2e,2.144687,17.657801,1,13728,1,1,0,0,1,0,0,0,0,0,0,0,0,1
318,2,a04a0096195e0ee6,2.654876,13.265645,0,13510,1,0,0,0,0,0,0,0,0,0,0,0,0,0
319,2,aa8f6f27aec9cb16,1.994509,16.923673,1,13606,1,1,0,0,1,0,0,0,0,0,0,0,0,1
320,2,32c35bc985f2e5f4,1.4984,16.192967,1,13567,1,1,0,0,1,0,0,0,0,0,0,0,0,0
321,2,d5af898d9753c7db,2.170969,15.657844,1,13770,1,0,0,0,0,0,0,0,0,0,0,0,0,1
322,2,a74c85732a790463,1.630968,15.241997,1,13744,1,1,0,0,1,0,0,0,0,0,0,0,0,0
323,2,2c70014d86ee6d24,1.225285,18.408432,1,14531,1,1,0,0,1,0,0,0,0,0,0,0,0,1
324,2,8825725618b76839,0.921432,17.323905,1,14441,1,1,0,0,0,0,0,0,0,0,0,0,0,1
325,2,b261566d9f67128a,2.779544,19.972491,1,14525,2,0,0,0,1,0,0,0,0,0,0,0,0,1
326,2,89676337f17bea91,2.088168,18.48343,1,14489,1,1,0,0,1,0,0,0,0,0,0,0,0,0
327,2,e72234664e17d016,1.568762,20.0,1,14563,1,1,0,0,1,0,0,0,0,0,0,0,0,1
328,2,b95c38ba3c2bc440,2.223882,19.155186,1,15873,1,0,0,0,0,0,0,0,0,0,0,0,0,1
329,2,7bba1d4ee3315212,1.670719,20.0,1,16139,1,1,0,0,1,0,0,0,0,0,0,0,0,1
330,2,9149565d7f2d168a,2.298802,20.0,1,16137,2,1,0,0,1,0,0,0,0,0,0,0,0,1
331,2,50056d48f947193d,1.728732,20.0,1,16654,1,1,0,0,1,0,0,0,0,0,0,0,0,0
332,2,4e69ed73d0be235a,3.386039,19.085351,1,16761,2,0,0,0,0,0,0,0,0,0,0,0,0,1
333,2,1b387e93a7c7282d,2.543804,20.0,1,16747,1,1,0,0,1,0,0,0,0,0,0,0,0,1
334,2,4300e853b896942b,2.954718,20.0,1,17108,2,1,0,0,1,0,0,0,0,0,0,0,0,1
335,2,87a82776090d233c,2.22199,20.0,1,17042,1,1,0,0,1,0,0,0,0,0,0,0,0,1
336,2,3d4f805759aec2ca,3.756605,20.0,1,17222,2,0,0,0,0,0,0,0,0,0,0,0,0,1
337,2,0f1b847a92e8823f,2.822197,19.764606,1,17145,1,1,0,0,1,0,0,0,0,0,0,0,0,0
338,2,b35db46b07ee62e6,2.122332,20.0,1,17118,1,1,0,0,1,0,0,0,0,0,0,0,0,1
339,2,c595529572b23034,2.638082,19.874602,1,17269,2,1,0,0,0,0,0,0,0,0,0,0,0,1
340,2,35fb8bc755cd0fa8,3.025546,20.0,1,15234,1,0,0,0,1,0,0,0,0,0,0,0,0,1
341,2,cc5d6362170062f1,2.27298,20.0,1,13749,1,1,0,0,1,0,0,0,0,0,0,0,0,1
342,2,5e350b454696ff15,1.709313,20.0,1,14172,1,1,0,0,1,0,0,0,0,0,0,0,0,0
343,2,a22cf4d4744d8748,2.327796,19.314744,1,14221,2,1,0,0,0,0,0,0,0,0,0,0,0,1
344,2,30fc5bbe907b8d79,2.79244,20.0,1,14225,1,0,0,0,1,0,0,0,0,0,0,0,0,1
345,2,507165c019b9ca87,2.099954,20.0,1,14100,1,1,0,0,1,0,0,0,0,0,0,0,0,1
346,2,22e65ecac45634cb,1.577617,20.0,1,14299,1,1,0,0,1,0,0,0,0,0,0,0,0,1
347,2,2419c3c07410f41f,1.185205,18.267606,0,14449,1,1,0,0,0,0,0,0,0,0,0,0,0,0
348,2,cb83a857132ab038,2.977707,20.0,1,14364,2,0,0,0,1,0,0,0,0,0,0,0,0,1
349,2,97985e8724102839,2.239278,20.0,1,14284,1,1,0,0,1,0,0,0,0,0,0,0,0,1
350,2,d5c90cf8455a31c8,1.682286,20.0,1,14297,1,1,0,0,1,0,0,0,0,0,0,0,0,1
351,2,a47aa87cf7a518fb,2.307492,20.0,1,14332,2,1,0,0,1,0,0,0,0,0,0,0,0,1
352,2,621ec36a32338895,2.779417,20.0,1,14107,1,0,0,0,0,0,0,0,0,0,0,0,0,1
353,2,e1ba163ba7a355f3,2.088072,20.0,1,14140,1,1,0,0,1,0,0,0,0,0,0,0,0,1
354,2,803b086f7fd40966,1.568691,17.756176,0,14062,1,1,0,0,0,0,0,0,0,0,0,0,0,0
355,2,bb646c2f0e298863,2.222152,20.0,1,14156,1,0,0,0,1,0,0,0,0,0,0,0,0,1
356,2,33615f20ddee7c7b,1.67109,18.744316,1,13613,1,1,0,0,1,0,0,0,0,0,0,0,0,0
357,2,407b58c3a81b99a5,2.299081,17.560748,1,13833,1,0,0,0,0,0,0,0,0,0,0,0,0,1
358,2,890c81f662145af8,2.770867,20.0,1,13845,2,1,0,0,1,0,0,0,0,0,0,0,0,1
359,2,9e14fe56dc9aaa52,3.127882,15.153405,0,13871,1,0,0,0,0,0,0,0,0,0,0,0,0,0
360,2,dc910bb1ec37ca5f,2.349861,18.341876,1,14059,1,1,0,0,1,0,0,0,0,0,0,0,0,1
361,2,db8308261d847ed5,2.809016,13.779566,0,14327,1,0,0,0,0,0,0,0,0,0,0,0,0,0
362,2,14cd2b7bff159e5e,2.110309,17.309762,1,14429,1,1,0,0,1,0,0,0,0,0,0,0,0,1
363,2,8b387d36d6684ae5,1.586982,19.978191,1,14322,1,1,0,0,1,0,0,0,0,0,0,0,0,1
364,2,19ffb9198d15aa68,1.19224,18.487712,1,14350,1,1,0,0,1,0,0,0,0,0,0,0,0,0
365,2,e598a8368b8f111c,1.939339,17.367972,1,14196,1,0,0,0,0,0,0,0,0,0,0,0,0,1
366,2,e45fbe4404098a97,1.458411,16.541464,1,13987,1,1,0,0,1,0,0,0,0,0,0,0,0,0
367,2,40bf3525f7c906a6,1.095649,19.384673,1,14154,1,1,0,0,1,0,0,0,0,0,0,0,0,1
368,2,f3cc52c4f929159b,1.866774,14.56298,0,14097,1,0,0,0,0,0,0,0,0,0,0,0,0,0
369,2,a0d80bdaff86ebc7,2.446091,17.898311,1,14221,2,1,0,0,1,0,0,0,0,0,0,0,0,1
370,2,f668abc3a534b0e6,1.839495,20.0,1,14033,1,1,0,0,1,0,0,0,0,0,0,0,0,1
371,2,ad01413182fe940f,0.338291,18.82022,1,13836,0,1,0,0,1,0,0,0,0,0,0,0,0,0
372,2,8a322d28e882ae10,1.297798,17.617772,1,13915,1,0,0,0,0,0,0,0,0,0,0,0,0,1
373,2,80c093347fcba21c,0.975963,16.729317,1,13885,1,1,0,0,1,0,0,0,0,0,0,0,0,0
374,2,4529ce22a03f38c9,0.733204,19.5258,1,14235,1,1,0,0,1,0,0,0,0,0,0,0,0,1
375,2,58ef23151b38a504,0.550829,18.147848,1,14127,1,1,0,0,1,0,0,0,0,0,0,0,0,0
376,2,5692f970c26209a9,0.413817,20.0,1,14190,1,1,0,0,1,0,0,0,0,0,0,0,0,1
377,2,9976a33c06125158,0.311197,18.965595,1,14365,1,1,0,0,0,0,0,0,0,0,0,0,0,1
378,2,d7d8c163115b8bad,1.277444,17.726987,1,14132,1,0,0,0,1,0,0,0,0,0,0,0,0,0
379,2,7b457a5066dcd536,2.003349,20.0,1,14398,2,1,0,0,1,0,0,0,0,0,0,0,0,1
380,2,94b7a1c2a022d1ac,1.506547,20.0,1,14155,1,1,0,0,1,0,0,0,0,0,0,0,0,1
381,2,873fc64668178b14,1.131812,20.0,1,14334,1,1,0,0,0,0,0,0,0,0,0,0,0,1
382,2,28fa769eff48b138,1.893942,18.62665,1,14169,1,0,0,0,1,0,0,0,0,0,0,0,0,0
383,2,00e7404aeba7178b,1.422848,20.0,1,14345,1,1,0,0,1,0,0,0,0,0,0,0,0,1
384,2,c65b1889e128a689,2.114152,20.0,1,14335,2,1,0,0,1,0,0,0,0,0,0,0,0,1
385,2,08aad3efc4c403c6,1.588284,20.0,1,14354,1,1,0,0,0,0,0,0,0,0,0,0,0,1
386,2,23f17b0ca781ee36,2.236871,18.913518,1,14168,1,0,0,0,1,0,0,0,0,0,0,0,0,0
387,2,56b5f87f68401028,1.682159,20.0,1,14369,1,1,0,0,1,0,0,0,0,0,0,0,0,1
388,2,3e516705455cddb9,2.307397,20.0,1,14467,2,1,0,0,1,0,0,0,0,0,0,0,0,1
389,2,c3809fbebd13d377,1.733461,20.0,1,14219,1,1,0,0,1,0,0,0,0,0,0,0,0,0
390,2,2b1ff2529d341295,1.302284,19.001572,1,14387,1,1,0,0,0,0,0,0,0,0,0,0,0,1
391,2,b42ba38c3416580a,2.023487,20.0,1,14256,1,0,0,0,1,0,0,0,0,0,0,0,0,1
392,2,597ae9255e52d619,1.52017,19.443518,1,14306,1,1,0,0,1,0,0,0,0,0,0,0,0,0
393,2,d83d2e2546357597,1.142047,20.0,1,14384,1,1,0,0,1,0,0,0,0,0,0,0,0,1
394,2,cd9440e3e6936070,1.902986,20.0,1,14119,2,1,0,0,1,0,0,0,0,0,0,0,0,1
395,2,52c498284798b692,2.473296,17.412839,0,14359,1,0,0,0,0,0,0,0,0,0,0,0,0,0
396,3,1fd48474a6be9a50,1.858095,20.0,1,14137,1,1,0,0,1,0,0,0,0,0,0,0,0,1
397,3,40ab05863d40ab6a,1.395917,18.533624,1,14010,1,1,0,0,1,0,0,0,0,0,0,0,0,0
398,3,9fa3e60e300cac94,2.0939,17.418051,1,14120,1,0,0,0,0,0,0,0,0,0,0,0,0,1
399,3,9522afc9eb92ebd2,1.573069,16.564375,1,14218,1,1,0,0,1,0,0,0,0,0,0,0,0,0
400,3,0fba0eaa5e567fe1,1.181788,19.401885,1,13920,1,1,0,0,1,0,0,0,0,0,0,0,0,1
401,3,8f9f8c22e25048df,0.888721,18.070996,1,13998,1,1,0,0,0,0,0,0,0,0,0,0,0,1
402,3,025aca0c2fc547cd,1.711316,17.054908,1,14044,1,0,0,0,1,0,0,0,0,0,0,0,0,0
403,3,ea7305c3d0c4eb0e,1.285648,19.770404,1,13894,1,1,0,0,1,0,0,0,0,0,0,0,0,1
404,3,b3bc2710b036c5b2,0.965859,20.0,1,14037,1,1,0,0,1,0,0,0,0,0,0,0,0,1
405,3,3c254a4fca255c07,0.72634,19.882274,1,13932,1,1,0,0,1,0,0,0,0,0,0,0,0,0
406,3,7fb0256f65ce4ff6,1.589325,18.415654,1,13967,1,0,0,0,0,0,0,0,0,0,0,0,0,1
407,3,a69e89495c03d18a,1.194001,20.0,1,14095,1,1,0,0,1,0,0,0,0,0,0,0,0,1
408,3,ba87dd4319678e85,1.942056,15.636393,0,13851,2,1,0,0,0,0,0,0,0,0,0,0,0,0
409,3,3e895dd2e76d3ae9,2.502648,18.704726,1,13942,1,0,0,0,1,0,0,0,0,0,0,0,0,1
410,3,5bfa9aaebee05047,1.880146,17.531006,1,13988,1,1,0,0,1,0,0,0,0,0,0,0,0,0
411,3,ca3938afd42b6b51,1.412483,20.0,1,14063,1,1,0,0,1,0,0,0,0,0,0,0,0,1
412,3,3840b1179d01d5ca,1.062207,20.0,1,13958,1,1,0,0,1,0,0,0,0,0,0,0,0,1
413,3,3ad00a257add4750,0.797997,20.0,1,14063,1,1,0,0,1,0,0,0,0,0,0,0,0,0
414,3,715e21df0f1ac6b8,1.643158,18.56416,1,14054,1,0,0,0,0,0,0,0,0,0,0,0,0,1
415,3,ab882b57d80326bc,1.235679,17.441015,1,13991,1,1,0,0,1,0,0,0,0,0,0,0,0,0
416,3,de121b1615b372cf,1.971972,20.0,1,14037,2,1,0,0,1,0,0,0,0,0,0,0,0,1
417,3,0469b68beb7ba893,1.481469,20.0,1,13854,1,1,0,0,1,0,0,0,0,0,0,0,0,1
418,3,77ed09b9b5fdd2d5,2.156626,20.0,1,14015,1,0,0,0,0,0,0,0,0,0,0,0,0,1
419,3,f528f75252723e1c,1.621813,20.0,1,13990,1,1,0,0,1,0,0,0,0,0,0,0,0,1
420,3,c2f4dc060312be30,1.218408,20.0,1,13831,1,1,0,0,1,0,0,0,0,0,0,0,0,0
421,3,f6d7570dbe7171fa,1.958998,20.0,1,13958,2,1,0,0,1,0,0,0,0,0,0,0,0,1
422,3,50afc0b225fbdddd,2.517345,20.0,1,14006,1,0,0,0,0,0,0,0,0,0,0,0,0,1
423,3,26bf505ffeb94bbf,1.891187,20.0,1,14065,1,1,0,0,1,0,0,0,0,0,0,0,0,1
424,3,e40473ff344e55ae,1.420778,20.0,1,14045,1,1,0,0,1,0,0,0,0,0,0,0,0,1
425,3,90ecaf7479b68915,1.067377,20.0,1,13883,1,1,0,0,1,0,0,0,0,0,0,0,0,0
426,3,90f3fabff4cf81db,0.802683,20.0,1,13873,1,1,0,0,1,0,0,0,0,0,0,0,0,1
427,3,856e34ca1b879edb,2.690332,20.0,1,14043,2,0,0,0,0,0,0,0,0,0,0,0,0,1
428,3,0b681578e0b3316e,2.021146,20.0,1,13750,1,1,0,0,1,0,0,0,0,0,0,0,0,1
429,3,6a193d527ea85d93,1.519931,20.0,1,13984,1,1,0,0,1,0,0,0,0,0,0,0,0,1
430,3,6b23a3947ba22008,2.185521,17.921688,0,13840,1,0,0,0,0,0,0,0,0,0,0,0,0,0
431,3,c0daf2c2b98bb512,1.6419,20.0,1,13968,1,1,0,0,1,0,0,0,0,0,0,0,0,1
432,3,d878d127a6902a03,1.233498,20.0,1,13990,1,1,0,0,1,0,0,0,0,0,0,0,0,1
433,3,a41f643bc4f08007,1.971759,16.769663,0,13758,1,0,0,0,0,0,0,0,0,0,0,0,0,0
434,3,03d1737063f8f901,2.524962,19.55611,1,13921,2,1,0,0,1,0,0,0,0,0,0,0,0,1
435,3,640f8f0d7655f248,1.896909,18.170619,1,13923,1,1,0,0,0,0,0,0,0,0,0,0,0,1
436,3,16713a2d4c1307df,2.470653,20.0,1,13869,1,0,0,0,1,0,0,0,0,0,0,0,0,1
437,3,228066c4865d7001,1.85611,18.974063,1,13915,1,1,0,0,1,0,0,0,0,0,0,0,0,0
438,3,594d3cb690c42eeb,3.481732,17.733348,1,14015,2,0,0,0,0,0,0,0,0,0,0,0,0,1
439,3,f92c2ee1216a9568,2.615695,20.0,1,13789,1,1,0,0,1,0,0,0,0,0,0,0,0,1
440,3,2ee1be89f7dc3da8,1.96704,18.731419,1,13984,1,1,0,0,1,0,0,0,0,0,0,0,0,0
441,3,2b449090dd14131a,2.521417,17.551059,1,13702,1,0,0,0,0,0,0,0,0,0,0,0,0,1
442,3,4d8ff27cb8f5579d,1.894246,16.664299,1,13763,1,1,0,0,1,0,0,0,0,0,0,0,0,0
443,3,434e1d066d06c0be,1.4245,19.492794,1,13799,1,1,0,0,1,0,0,0,0,0,0,0,0,1
444,3,f47a40e0c1d513a9,3.157481,18.123052,1,13811,2,0,0,0,0,0,0,0,0,0,0,0,0,1
445,3,db81b6b3126b8870,2.372097,17.094016,1,13937,1,1,0,0,1,0,0,0,0,0,0,0,0,0
446,3,c5cd93750c771865,1.782068,19.799784,1,13679,1,1,0,0,1,0,0,0,0,0,0,0,0,1
447,3,3d5819ecf78afd31,1.34014,20.0,1,13883,1,1,0,0,1,0,0,0,0,0,0,0,0,1
448,3,4f972e9bacb53570,1.006797,16.415632,0,13845,1,1,0,0,0,0,0,0,0,0,0,0,0,0
449,3,ee29760cbff6315d,1.800023,19.290139,1,13846,1,0,0,0,1,0,0,0,0,0,0,0,0,1
450,3,3248fc3ab7d95c1d,1.353643,20.0,1,13884,1,1,0,0,1,0,0,0,0,0,0,0,0,1
451,3,1b130520811c05b5,1.016941,16.127703,0,13912,1,1,0,0,0,0,0,0,0,0,0,0,0,0
452,3,2fb4a3c0f691e392,1.807643,19.073829,1,13835,1,0,0,0,1,0,0,0,0,0,0,0,0,1
453,3,2b4e2f0ca79f310c,2.401668,20.0,1,14014,2,1,0,0,1,0,0,0,0,0,0,0,0,1
454,3,75fab394ce4971e4,1.806089,20.0,1,13665,1,1,0,0,1,0,0,0,0,0,0,0,0,1
455,3,6de8cf41e4a70384,2.4005,17.255931,0,13778,1,0,0,0,0,0,0,0,0,0,0,0,0,0
456,3,72f11724885a9a5a,1.803406,19.921425,1,14055,1,1,0,0,1,0,0,0,0,0,0,0,0,1
457,3,85fe4b2d4b4e16cb,1.356187,18.461697,1,13805,1,1,0,0,1,0,0,0,0,0,0,0,0,0
458,3,39c159142a9de391,1.018853,20.0,1,14128,1,1,0,0,1,0,0,0,0,0,0,0,0,1
459,3,c4ebaa3adc5d793a,1.809079,20.0,1,13900,2,1,0,0,1,0,0,0,0,0,0,0,0,1
460,3,0631e102b4139972,2.402747,20.0,1,14143,1,0,0,0,0,0,0,0,0,0,0,0,0,1
461,3,ab487b26d9be6f4b,1.8069,18.867251,1,13697,1,1,0,0,1,0,0,0,0,0,0,0,0,0
462,3,be84e26dfb922b1e,1.357456,20.0,1,13812,1,1,0,0,1,0,0,0,0,0,0,0,0,1
463,3,cca73aec3346c689,1.019806,19.354488,1,13527,1,1,0,0,1,0,0,0,0,0,0,0,0,0
464,3,6e8345678aa78b3d,0.766909,20.0,1,13634,1,1,0,0,1,0,0,0,0,0,0,0,0,1
465,3,1a23bdbadcdd5727,1.619803,19.642902,1,13480,1,0,0,0,0,0,0,0,0,0,0,0,0,1
466,3,79d920e270fe2cb1,1.216898,18.235822,1,13568,1,1,0,0,1,0,0,0,0,0,0,0,0,0
467,3,9217e5612229976f,0.91421,20.0,1,13545,1,1,0,0,1,0,0,0,0,0,0,0,0,1
468,3,134695b5eb4bd63c,1.731649,20.0,1,13437,2,1,0,0,1,0,0,0,0,0,0,0,0,1
469,3,f7a3f562cc69e32e,2.344577,16.900252,0,13459,1,0,0,0,0,0,0,0,0,0,0,0,0,0
470,3,6a0a9562773c502d,1.761393,19.654217,1,13587,1,1,0,0,1,0,0,0,0,0,0,0,0,1
471,3,eae24d1b7605565b,1.324593,20.0,1,13507,1,1,0,0,1,0,0,0,0,0,0,0,0,1
472,3,531e23b8e8e173ac,0.995117,19.812236,1,13626,1,1,0,0,1,0,0,0,0,0,0,0,0,0
473,3,3d55b7a6325cb0e8,2.834901,20.0,1,13814,2,0,0,0,0,0,0,0,0,0,0,0,0,2
474,3,ee61d6aefbb4fb3d,2.129755,19.887834,1,13670,1,1,0,0,1,0,0,0,0,0,0,0,0,0
475,3,4c21477639599fa1,1.601606,20.0,1,13778,1,1,0,0,1,0,0,0,0,0,0,0,0,1
476,3,018cf3a9258160d0,1.203227,20.0,1,13864,1,1,0,0,1,0,0,0,0,0,0,0,0,1
477,3,ec92ad99ef64a01b,1.947593,17.596873,0,13935,1,0,0,0,0,0,0,0,0,0,0,0,0,0
478,3,6350397cd72a232a,1.464617,20.0,1,13847,1,1,0,0,1,0,0,0,0,0,0,0,0,1
479,3,fef48a7aa8c5c93f,2.143966,18.649919,1,13957,2,1,0,0,0,0,0,0,0,0,0,0,0,1
480,3,f047b05933002372,2.654335,17.489831,1,13891,1,0,0,0,1,0,0,0,0,0,0,0,0,0
481,3,389f83b263ff3585,1.994102,20.0,1,14145,1,1,0,0,1,0,0,0,0,0,0,0,0,1
482,3,5cf4bf304eb0c57f,1.499593,18.593842,1,14040,1,1,0,0,1,0,0,0,0,0,0,0,0,0
483,3,1a827c8c9e08b49c,2.170242,17.447703,1,14923,1,0,0,0,0,0,0,0,0,0,0,0,0,1
484,3,49509845d3194311,1.630422,16.586651,1,14814,1,1,0,0,1,0,0,0,0,0,0,0,0,0
485,3,5cd1e251b39dd8e7,2.270251,15.9539,1,14500,1,0,0,0,0,0,0,0,0,0,0,0,0,1
486,3,4721f37aedea8e3e,1.705555,18.943258,1,14313,1,1,0,0,1,0,0,0,0,0,0,0,0,1
487,3,93e2856f5a962544,2.324973,14.231361,0,15300,1,0,0,0,0,0,0,0,0,0,0,0,0,0
488,3,56f7ea602bc7f8ee,1.746665,17.649179,1,15376,1,1,0,0,1,0,0,0,0,0,0,0,0,1
489,3,3bfb0b37ddaccb1b,1.313517,16.752936,1,14667,1,1,0,0,1,0,0,0,0,0,0,0,0,0
490,3,62d13f8700ee41b0,2.03045,16.064699,1,14720,1,0,0,0,0,0,0,0,0,0,0,0,0,1
491,3,ee75471444d42e70,1.525401,15.547652,1,14653,1,1,0,0,1,0,0,0,0,0,0,0,0,0
492,3,6ced2afae85be9a4,1.147123,18.653059,1,14184,1,1,0,0,1,0,0,0,0,0,0,0,0,1
493,3,4f6c71ca3dd9255c,1.905444,20.0,1,14973,2,1,0,0,1,0,0,0,0,0,0,0,0,1
494,3,bf7a01b8ccc69149,2.475142,19.233599,1,14903,1,0,0,0,0,0,0,0,0,0,0,0,0,1
495,3,da7e35a8ec040cf3,1.859482,20.0,1,15069,1,1,0,0,1,0,0,0,0,0,0,0,0,1
496,3,b21392916da5deb2,1.398357,19.579001,1,14659,1,1,0,0,1,0,0,0,0,0,0,0,0,0
497,3,e319b203559875e7,1.050533,20.0,1,14798,1,1,0,0,1,0,0,0,0,0,0,0,0,1
498,3,0dab56b9c929ee1d,0.789226,20.0,1,14854,1,1,0,0,1,0,0,0,0,0,0,0,0,1
499,3,0b776e9f6f21a8a6,0.593509,20.0,1,13745,1,1,0,0,1,0,0,0,0,0,0,0,0,1
500,3,461492a5611091f8,2.533188,20.0,1,13745,2,0,0,0,0,0,0,0,0,0,0,0,0,1
501,3,0ffe532718b6dbc3,1.90309,19.882859,1,13770,1,1,0,0,1,0,0,0,0,0,0,0,0,0
502,3,af22391e8fb2c5cc,1.42972,20.0,1,13959,1,1,0,0,1,0,0,0,0,0,0,0,0,1
503,3,7d75e94ecfdb5afc,1.07517,20.0,1,13642,1,1,0,0,1,0,0,0,0,0,0,0,0,1
504,3,5d51ad8bddd0dcde,1.851388,17.59931,0,13792,1,0,0,0,0,0,0,0,0,0,0,0,0,0
505,3,439217822866cd7e,2.434532,20.0,1,13498,2,1,0,0,1,0,0,0,0,0,0,0,0,1
506,3,b61c3ac9b3a72436,1.830803,20.0,1,13529,1,1,0,0,1,0,0,0,0,0,0,0,0,1
507,3,4864fb10a965950c,1.375414,16.630095,0,13582,1,1,0,0,0,0,0,0,0,0,0,0,0,0
508,3,d56e83bc4b82de74,2.07695,19.451258,1,13789,1,0,0,0,1,0,0,0,0,0,0,0,0,1
509,3,d872133f8b5886de,1.560335,20.0,1,13701,1,1,0,0,1,0,0,0,0,0,0,0,0,1
510,3,3c942df492a7a97e,1.173394,16.221468,0,13590,1,1,0,0,0,0,0,0,0,0,0,0,0,0
511,3,006be032c26e55f1,1.925181,19.144271,1,13638,1,0,0,0,1,0,0,0,0,0,0,0,0,1
512,3,5879f3bd1f7e8b01,1.446316,20.0,1,13927,1,1,0,0,1,0,0,0,0,0,0,0,0,1
513,3,f7167a70cda92187,1.08765,19.528534,1,13618,1,1,0,0,1,0,0,0,0,0,0,0,0,0
514,3,4660e8069c33e4e2,2.904418,18.149902,1,13715,2,0,0,0,0,0,0,0,0,0,0,0,0,1
515,3,bd4131175b4371b1,2.181981,20.0,1,13922,1,1,0,0,1,0,0,0,0,0,0,0,0,1
516,3,9a0bde1be34bab84,1.63924,20.0,1,13858,1,1,0,0,1,0,0,0,0,0,0,0,0,1
517,3,db591e1df06ab20d,2.276883,20.0,1,13588,1,0,0,0,0,0,0,0,0,0,0,0,0,1
518,3,f565fe76b3a55eb7,1.710537,18.764805,1,14960,1,1,0,0,1,0,0,0,0,0,0,0,0,0
519,3,8a99ef84095d67e8,2.328716,20.0,1,14084,2,1,0,0,1,0,0,0,0,0,0,0,0,1
520,3,e1d738ca7c08c6a7,1.751227,20.0,1,13927,1,1,0,0,1,0,0,0,0,0,0,0,0,1
521,3,a8542e710c1ddd79,1.315632,20.0,1,13692,1,1,0,0,1,0,0,0,0,0,0,0,0,1
522,3,446d3a67b2df5167,2.032038,18.092251,0,13864,1,0,0,0,0,0,0,0,0,0,0,0,0,0
523,3,7caf18e64d4ac095,2.570248,20.0,1,13805,2,1,0,0,1,0,0,0,0,0,0,0,0,1
524,3,11ea72c4f3a2cdb9,0.888712,18.934185,1,13681,0,1,0,0,1,0,0,0,0,0,0,0,0,0
525,3,0b590bedcb80ab45,1.71131,17.70339,1,13772,1,0,0,0,0,0,0,0,0,0,0,0,0,1
526,3,ba40351575d1be28,2.329296,20.0,1,13676,2,1,0,0,1,0,0,0,0,0,0,0,0,1
527,3,c3877ee82c25de5b,1.751664,18.714494,1,13642,1,1,0,0,1,0,0,0,0,0,0,0,0,0
528,3,570fc3b2d2b08e53,2.359613,17.538344,1,13655,1,0,0,0,0,0,0,0,0,0,0,0,0,1
529,3,e8c2cbfdd3adba74,2.816342,16.654747,1,13620,1,0,0,0,0,0,0,0,0,0,0,0,0,1
530,3,cdcb84d7540b9bca,2.115813,15.990933,1,13648,1,1,0,0,1,0,0,0,0,0,0,0,0,0
531,3,5e519f672492e305,1.591121,18.986413,1,13482,1,1,0,0,1,0,0,0,0,0,0,0,0,1
532,3,05ce32a3bbb11d68,3.282657,17.742627,1,13533,2,0,0,0,0,0,0,0,0,0,0,0,0,1
533,3,486b95b95025322b,2.466137,16.808217,1,13801,1,1,0,0,1,0,0,0,0,0,0,0,0,0
534,3,c79b50324d2d43fc,2.898721,16.12052,1,13570,1,0,0,0,0,0,0,0,0,0,0,0,0,1
535,3,1ac4dcd86ba6db03,2.177701,19.068433,1,13769,1,1,0,0,1,0,0,0,0,0,0,0,0,1
536,3,1d912ca04cb92a43,1.636025,17.804246,1,14038,1,1,0,0,1,0,0,0,0,0,0,0,0,0
537,3,a3e1ddc864ca72e2,2.272738,16.854509,1,13914,1,0,0,0,0,0,0,0,0,0,0,0,0,1
538,3,464dc852e6aed03d,1.709131,19.635834,1,13969,1,1,0,0,1,0,0,0,0,0,0,0,0,1
539,3,1abd13b6436d843d,2.32766,18.230513,1,14240,2,1,0,0,1,0,0,0,0,0,0,0,0,0
540,3,0f6df51dbb8b1fd1,1.748684,17.174747,1,14501,1,1,0,0,0,0,0,0,0,0,0,0,0,1
541,3,1f19d71997adcf5d,2.359186,19.876658,1,14413,1,0,0,0,1,0,0,0,0,0,0,0,0,1
542,3,9aac2c8eaa236f65,1.772368,18.411435,1,15059,1,1,0,0,1,0,0,0,0,0,0,0,0,0
543,3,13343e5cc94dc7da,1.331514,20.0,1,15218,1,1,0,0,1,0,0,0,0,0,0,0,0,1
544,3,4074e08ab2ab0a7f,3.087623,19.097227,1,15367,2,0,0,0,0,0,0,0,0,0,0,0,0,1
545,3,ffb373290702f448,2.321937,20.0,1,15238,1,1,0,0,1,0,0,0,0,0,0,0,0,1
546,3,73c6ee1e8a8c0422,2.788038,20.0,1,15377,2,1,0,0,1,0,0,0,0,0,0,0,0,1
547,3,1128f20c8b0f1bad,2.094548,20.0,1,15676,1,1,0,0,1,0,0,0,0,0,0,0,0,0
548,3,679885c0e022d551,3.663431,19.077396,1,14385,2,0,0,0,0,0,0,0,0,0,0,0,0,1
549,3,0556dae712f48201,2.752199,20.0,1,14214,1,1,0,0,1,0,0,0,0,0,0,0,0,1
550,3,167533a724b7863a,2.067624,20.0,1,14153,1,1,0,0,1,0,0,0,0,0,0,0,0,1
551,3,d836226da32e8484,2.596982,20.0,1,14152,2,1,0,0,1,0,0,0,0,0,0,0,0,1
552,3,5ad6c2c503bae457,2.997118,20.0,1,14324,1,0,0,0,0,0,0,0,0,0,0,0,0,1
553,3,263c3fbd45a47697,2.251623,19.766003,1,14200,1,1,0,0,1,0,0,0,0,0,0,0,0,0
554,3,7bb406fbc1e31b1d,1.69156,20.0,1,14049,1,1,0,0,1,0,0,0,0,0,0,0,0,1
555,3,70f0de6f362402ce,1.272077,19.879788,1,14140,1,1,0,0,1,0,0,0,0,0,0,0,0,0
556,3,17c577b76f99c4f6,1.999317,18.413786,1,14173,1,0,0,0,0,0,0,0,0,0,0,0,0,1
557,3,da7abe8ad8cb09b3,2.545666,20.0,1,14163,2,1,0,0,1,0,0,0,0,0,0,0,0,1
558,3,391bf268a6984f36,1.912464,20.0,1,14328,1,1,0,0,1,0,0,0,0,0,0,0,0,1
559,3,27b047f79f0e1cc5,1.4382,20.0,1,14123,1,1,0,0,0,0,0,0,0,0,0,0,0,1
560,3,3716a4add8c0fb03,2.124119,18.848947,1,14260,1,0,0,0,1,0,0,0,0,0,0,0,0,0
561,3,a9b68056f54a3ce0,1.595771,20.0,1,14368,1,1,0,0,1,0,0,0,0,0,0,0,0,1
562,3,3b7c98417b6899ec,3.288344,19.361688,1,14194,2,0,0,0,0,0,0,0,0,0,0,0,0,1
563,3,51c8b11ffb45ecac,2.47041,18.024557,1,14329,1,1,0,0,1,0,0,0,0,0,0,0,0,0
564,3,b406c0e5673883cc,1.855926,20.0,1,14515,1,1,0,0,1,0,0,0,0,0,0,0,0,1
565,3,de068d077d895194,2.437942,18.878875,1,14761,1,0,0,0,0,0,0,0,0,0,0,0,0,1
566,3,00e4f29904ee2761,1.833367,17.677685,1,14603,1,1,0,0,1,0,0,0,0,0,0,0,0,0
567,4,1fd48474a6be9a50,2.420993,20.0,1,14082,2,1,0,0,1,0,0,0,0,0,0,0,0,1
568,4,40ab05863d40ab6a,2.862455,18.683102,1,14092,1,0,0,0,0,0,0,0,0,0,0,0,0,1
569,4,9fa3e60e300cac94,2.152607,20.0,1,14093,1,1,0,0,1,0,0,0,0,0,0,0,0,1
570,4,9522afc9eb92ebd2,1.617173,19.263595,1,14067,1,1,0,0,1,0,0,0,0,0,0,0,0,0
571,4,0fba0eaa5e567fe1,1.214922,20.0,1,14045,1,1,0,0,1,0,0,0,0,0,0,0,0,1
572,4,8f9f8c22e25048df,1.956379,19.578183,1,14034,1,0,0,0,0,0,0,0,0,0,0,0,0,1
573,4,025aca0c2fc547cd,1.471225,18.203574,1,13934,1,1,0,0,1,0,0,0,0,0,0,0,0,0
574,4,ea7305c3d0c4eb0e,1.105276,20.0,1,13938,1,1,0,0,1,0,0,0,0,0,0,0,0,1
575,4,b3bc2710b036c5b2,0.830353,18.979912,1,13963,1,1,0,0,1,0,0,0,0,0,0,0,0,0
576,4,3c254a4fca255c07,1.668587,17.753666,1,13880,1,0,0,0,0,0,0,0,0,0,0,0,0,1
577,4,7fb0256f65ce4ff6,1.253547,20.0,1,14129,1,1,0,0,1,0,0,0,0,0,0,0,0,1
578,4,a69e89495c03d18a,0.941743,18.725986,1,14111,1,1,0,0,1,0,0,0,0,0,0,0,0,0
579,4,ba87dd4319678e85,0.707497,17.546978,1,13947,1,1,0,0,0,0,0,0,0,0,0,0,0,1
580,4,3e895dd2e76d3ae9,1.576198,16.676079,1,13838,1,0,0,0,1,0,0,0,0,0,0,0,0,0
581,4,5bfa9aaebee05047,1.184139,19.485804,1,13889,1,1,0,0,1,0,0,0,0,0,0,0,0,1
582,4,ca3938afd42b6b51,1.933252,20.0,1,14144,2,1,0,0,1,0,0,0,0,0,0,0,0,1
583,4,3840b1179d01d5ca,2.497984,16.240985,0,14044,1,0,0,0,0,0,0,0,0,0,0,0,0,0
584,4,3ad00a257add4750,1.876642,19.158934,1,14047,1,1,0,0,1,0,0,0,0,0,0,0,0,1
585,4,715e21df0f1ac6b8,1.409851,17.872235,1,13950,1,1,0,0,1,0,0,0,0,0,0,0,0,0
586,4,ab882b57d80326bc,1.059168,20.0,1,14145,1,1,0,0,1,0,0,0,0,0,0,0,0,1
587,4,de121b1615b372cf,0.79651,18.809885,1,13910,1,1,0,0,0,0,0,0,0,0,0,0,0,1
588,4,0469b68beb7ba893,1.642041,17.610008,1,13956,1,0,0,0,1,0,0,0,0,0,0,0,0,0
589,4,77ed09b9b5fdd2d5,2.277258,20.0,1,13922,2,1,0,0,1,0,0,0,0,0,0,0,0,1
590,4,f528f75252723e1c,1.71253,20.0,1,13952,1,1,0,0,1,0,0,0,0,0,0,0,0,1
591,4,d7ff3472159233ec,1.28656,20.0,1,13878,1,1,0,0,1,0,0,0,0,0,0,0,0,1
592,4,f6d7570dbe7171fa,2.010198,20.0,1,13926,2,1,0,0,1,0,0,0,0,0,0,0,0,1
593,4,50afc0b225fbdddd,2.55384,20.0,1,14115,1,0,0,0,0,0,0,0,0,0,0,0,0,1
594,4,77cb534e4dd68f47,1.920524,20.0,1,14016,1,1,0,0,1,0,0,0,0,0,0,0,0,1
595,4,03a072c123c7f460,1.442818,20.0,1,13976,1,1,0,0,1,0,0,0,0,0,0,0,0,0
596,4,40a0b4653c2b8b16,1.083935,20.0,1,14005,1,1,0,0,1,0,0,0,0,0,0,0,0,1
597,4,8ced9c6091029967,0.815135,20.0,1,13938,1,1,0,0,1,0,0,0,0,0,0,0,0,1
598,4,f446b42f744adfb3,2.699687,20.0,1,13968,2,0,0,0,0,0,0,0,0,0,0,0,0,1
599,4,ffdd19bd8ebe00f5,2.028174,19.71797,1,13818,1,1,0,0,1,0,0,0,0,0,0,0,0,0
600,4,b9666f9e7129180f,1.523691,20.0,1,13951,1,1,0,0,1,0,0,0,0,0,0,0,0,1
601,4,826bb28746b5aff3,2.189988,16.37215,0,13955,1,0,0,0,0,0,0,0,0,0,0,0,0,0
602,4,3c2e28f559cf9803,1.645256,19.257473,1,13810,1,1,0,0,1,0,0,0,0,0,0,0,0,1
603,4,f896a9eeacd54b0b,1.236019,17.946264,1,14064,1,1,0,0,1,0,0,0,0,0,0,0,0,0
604,4,7e91fafbe2aeffcf,3.017805,16.976348,1,13963,2,0,0,0,0,0,0,0,0,0,0,0,0,1
605,4,23f5c9c20ef02c3c,2.267164,19.711385,1,13811,1,1,0,0,1,0,0,0,0,0,0,0,0,1
606,4,a58dd937fd8efc88,1.703236,18.287271,1,13986,1,1,0,0,1,0,0,0,0,0,0,0,0,0
607,4,5320635b6f8274a1,1.279577,17.217388,1,13870,1,1,0,0,0,0,0,0,0,0,0,0,0,1
608,4,5be3b3e7f0a13351,2.006411,19.908724,1,13756,1,0,0,0,1,0,0,0,0,0,0,0,0,1
609,4,e98b0d3057414656,1.507342,20.0,1,14008,1,1,0,0,1,0,0,0,0,0,0,0,0,1
610,4,19b0b3689610e0ce,2.176063,16.463446,0,13892,1,0,0,0,0,0,0,0,0,0,0,0,0,0
611,4,8f0405fa715f723a,1.63643,19.34175,1,13860,1,1,0,0,1,0,0,0,0,0,0,0,0,1
612,4,717c08cd848d2565,1.229389,18.009578,1,13606,1,1,0,0,1,0,0,0,0,0,0,0,0,0
613,4,2fcdacff6fd5f19a,0.923594,20.0,1,13814,1,1,0,0,1,0,0,0,0,0,0,0,0,1
614,4,be92632e08fda589,1.737515,15.391577,0,14099,1,0,0,0,0,0,0,0,0,0,0,0,0,0
615,4,da9796b4d4dded73,1.306636,18.535689,1,13797,1,1,0,0,1,0,0,0,0,0,0,0,0,1
616,4,a89450d0d8fdc21d,2.02528,13.92517,0,13871,1,0,0,0,0,0,0,0,0,0,0,0,0,0
617,4,4b7d1848fe166648,1.521517,17.419149,1,13688,1,1,0,0,1,0,0,0,0,0,0,0,0,1
618,4,52aec14325aadabd,1.144203,16.57995,1,13822,1,1,0,0,1,0,0,0,0,0,0,0,0,0
619,4,1cc1ad2dab05c3da,0.859597,19.413585,1,13842,1,1,0,0,1,0,0,0,0,0,0,0,0,1
620,4,58326b8dcd4ecfed,0.645783,18.063546,1,13932,1,1,0,0,1,0,0,0,0,0,0,0,0,0
621,4,c2784a66aae91d96,0.485153,20.0,1,13953,1,1,0,0,1,0,0,0,0,0,0,0,0,1
622,4,1634f22125aaaddb,1.408992,15.437466,0,13791,1,0,0,0,0,0,0,0,0,0,0,0,0,0
623,4,c2fa137b65a08f6d,1.058523,18.55528,1,13947,1,1,0,0,1,0,0,0,0,0,0,0,0,1
624,4,9f3c46088413518d,0.795229,20.0,1,13904,1,1,0,0,1,0,0,0,0,0,0,0,0,1
625,4,3d6b81bcc44825cf,0.598023,15.715276,0,13748,1,1,0,0,0,0,0,0,0,0,0,0,0,0
626,4,d0a693f02e40683d,1.492926,18.763988,1,13792,1,0,0,0,1,0,0,0,0,0,0,0,0,1
627,4,d1387a07a43457e4,1.121579,20.0,1,13920,1,1,0,0,1,0,0,0,0,0,0,0,0,1
628,4,c4de66169094d5d7,0.842601,19.296207,1,13957,1,1,0,0,1,0,0,0,0,0,0,0,0,0
629,4,7a4b3bddda608254,1.677798,20.0,1,13932,2,1,0,0,0,0,0,0,0,0,0,0,0,2
630,4,c8313293713bf421,2.30412,19.609975,1,14072,1,0,0,0,1,0,0,0,0,0,0,0,0,0
631,4,0cdf4c2415b07f67,1.731,20.0,1,13958,1,1,0,0,1,0,0,0,0,0,0,0,0,1
632,4,72a6819c81f6a565,1.301736,19.791638,1,14133,1,1,0,0,0,0,0,0,0,0,0,0,0,1
633,4,323b8014f8ce7863,3.065253,20.0,1,14146,2,0,0,0,1,0,0,0,0,0,0,0,0,1
634,4,a2efa2e8f5f73b01,2.30281,19.876208,1,15090,1,1,0,0,1,0,0,0,0,0,0,0,0,0
635,4,bf597c526672b7b1,1.730015,20.0,1,15022,1,1,0,0,1,0,0,0,0,0,0,0,0,1
636,4,e62020f9214f838b,1.300996,16.461548,0,14613,1,1,0,0,0,0,0,0,0,0,0,0,0,0
637,4,2d7fa56c0153bae3,2.021043,19.324635,1,15979,1,0,0,0,1,0,0,0,0,0,0,0,0,1
638,4,d8dc84937b47d855,2.561987,20.0,1,15935,2,1,0,0,1,0,0,0,0,0,0,0,0,1
639,4,b3de1b073ac48f56,1.926651,20.0,1,15958,1,1,0,0,1,0,0,0,0,0,0,0,0,1
640,4,cfb30a7c393eb099,2.491074,20.0,1,15982,2,1,0,0,1,0,0,0,0,0,0,0,0,1
641,4,9e488a91b929a948,2.915104,18.270759,0,16300,1,0,0,0,0,0,0,0,0,0,0,0,0,0
642,4,f9c089e8cf7631ec,3.233662,20.0,1,16251,2,1,0,0,1,0,0,0,0,0,0,0,0,1
643,4,e0157d6bcbe75a03,3.475911,19.035035,1,16482,1,0,0,0,0,0,0,0,0,0,0,0,0,1
644,4,e37ad11b60037f34,3.654975,20.0,1,16565,2,1,0,0,1,0,0,0,0,0,0,0,0,1
645,4,30ee94611ad4e925,2.745846,19.449185,1,16551,1,1,0,0,1,0,0,0,0,0,0,0,0,0
646,4,036abe4d4f6c5d11,2.064915,18.106566,1,16606,1,1,0,0,0,0,0,0,0,0,0,0,0,1
647,4,85d337a59a9dac00,3.6386,20.0,1,16712,2,0,0,0,1,0,0,0,0,0,0,0,0,1
648,4,66ce4f7414d82a4b,2.733545,20.0,1,16717,1,1,0,0,1,0,0,0,0,0,0,0,0,1
649,4,ae7b381de65b3686,3.097263,16.831292,0,15145,1,0,0,0,0,0,0,0,0,0,0,0,0,0
650,4,2aecf54420e2a190,3.373337,20.0,1,13810,2,1,0,0,1,0,0,0,0,0,0,0,0,2
651,4,620143bfa815cbad,2.534262,20.0,1,14035,1,1,0,0,1,0,0,0,0,0,0,0,0,0
652,4,eb35514cc506b61f,2.947549,19.129273,1,13832,1,0,0,0,0,0,0,0,0,0,0,0,0,1
653,4,62069708fdad57b2,2.216599,20.0,1,13977,1,1,0,0,1,0,0,0,0,0,0,0,0,1
654,4,3ec403ca5a965708,2.708901,20.0,1,13912,2,1,0,0,1,0,0,0,0,0,0,0,0,1
655,4,ac18cdfb2212f518,3.07875,17.274914,0,14153,1,0,0,0,0,0,0,0,0,0,0,0,0,0
656,4,19b109607c8ff5b9,2.31295,19.935686,1,13798,1,1,0,0,1,0,0,0,0,0,0,0,0,1
657,4,44356c1e30ee7d35,1.739371,14.99192,0,13863,1,1,0,0,0,0,0,0,0,0,0,0,0,0
658,4,d97f0a9ed5fc89bf,2.350378,18.220558,1,13438,1,0,0,0,1,0,0,0,0,0,0,0,0,1
659,4,0b81b21305592c32,1.765751,17.167269,1,13939,1,1,0,0,1,0,0,0,0,0,0,0,0,0
660,4,c48a41a754438d99,2.37202,16.390533,1,13552,1,0,0,0,0,0,0,0,0,0,0,0,0,1
661,4,202375f6feca9736,1.78201,15.792439,1,13622,1,1,0,0,1,0,0,0,0,0,0,0,0,0
662,4,e93cd62c57c033a9,1.338758,18.821958,1,13568,1,1,0,0,1,0,0,0,0,0,0,0,0,1
663,4,c4c3ba56d580260c,1.005759,17.619078,1,13546,1,1,0,0,1,0,0,0,0,0,0,0,0,0
664,4,6d35e0b5bdc858a6,0.756345,20.0,1,13566,1,1,0,0,1,0,0,0,0,0,0,0,0,1
665,4,11c3c30b12159ceb,1.611867,15.183619,0,13668,1,0,0,0,0,0,0,0,0,0,0,0,0,0
666,4,0e174efad7937ddb,1.210935,18.364575,1,13440,1,1,0,0,1,0,0,0,0,0,0,0,0,1
667,4,ac89a6add3b3e6f0,0.910641,17.290924,1,13634,1,1,0,0,1,0,0,0,0,0,0,0,0,0
668,4,46b655a5ff7abad7,1.727784,16.468869,1,13649,2,1,0,0,0,0,0,0,0,0,0,0,0,1
669,4,7b8201bb30769700,2.341673,19.330135,1,13558,1,0,0,0,1,0,0,0,0,0,0,0,0,1
670,4,5118edfbe0a0b3fc,1.759211,18.000852,1,13610,1,1,0,0,1,0,0,0,0,0,0,0,0,0
671,4,51fb47364e989d8d,1.322952,20.0,1,13674,1,1,0,0,1,0,0,0,0,0,0,0,0,1
672,4,dc33241fe097e674,2.037538,15.399307,0,13519,1,0,0,0,0,0,0,0,0,0,0,0,0,0
673,4,244cce01b99b98c7,1.530726,18.526612,1,13889,1,1,0,0,1,0,0,0,0,0,0,0,0,1
674,4,3b65b1951a59d477,1.151128,20.0,1,13773,1,1,0,0,1,0,0,0,0,0,0,0,0,1
675,4,b850c2f315a1865b,1.908453,15.69634,0,13814,1,0,0,0,0,0,0,0,0,0,0,0,0,0
676,4,0fa353241bda36d8,1.433749,18.749763,1,13686,1,1,0,0,1,0,0,0,0,0,0,0,0,1
677,4,a17d8df0ab25af36,2.120775,20.0,1,13681,2,1,0,0,1,0,0,0,0,0,0,0,0,1
678,4,299233ead1629b2b,1.594853,20.0,1,13588,1,1,0,0,1,0,0,0,0,0,0,0,0,1
679,4,974adcccfcca391d,2.241807,17.118386,0,13597,1,0,0,0,0,0,0,0,0,0,0,0,0,0
680,4,0c843024e17538c1,1.684186,19.818092,1,13702,1,1,0,0,1,0,0,0,0,0,0,0,0,1
681,4,93d7cad56150359c,1.266532,18.38399,1,13626,1,1,0,0,1,0,0,0,0,0,0,0,0,0
682,4,06289adec5467162,1.995151,20.0,1,13529,2,1,0,0,1,0,0,0,0,0,0,0,0,1
683,4,32457a9317851d42,1.498883,19.081738,1,14074,1,1,0,0,0,0,0,0,0,0,0,0,0,1
684,4,cefec3720e578d01,2.169708,20.0,1,13646,1,0,0,0,1,0,0,0,0,0,0,0,0,1
685,4,10f0510c46f6a357,1.631651,20.0,1,13638,1,1,0,0,1,0,0,0,0,0,0,0,0,1
686,4,d2abc35df3320db8,2.269452,20.0,1,13987,2,1,0,0,1,0,0,0,0,0,0,0,0,1
687,4,43bf3dbab03c5d83,2.748608,20.0,1,13852,1,0,0,0,0,0,0,0,0,0,0,0,0,1
688,4,1dc877fe4ac4b180,2.066992,19.77827,1,13617,1,1,0,0,1,0,0,0,0,0,0,0,0,0
689,4,4d2f235fcec5fc03,1.552854,20.0,1,13854,1,1,0,0,1,0,0,0,0,0,0,0,0,1
690,4,2d50e5b12cfec82d,1.166601,19.868663,1,13740,1,1,0,0,0,0,0,0,0,0,0,0,0,1
691,4,a10d19cbb864478a,1.920077,20.0,1,13815,1,0,0,0,1,0,0,0,0,0,0,0,0,1
692,4,7ccfc13a41f10af2,2.488076,19.937787,1,13800,2,1,0,0,1,0,0,0,0,0,0,0,0,0
693,4,aa033d6dec6732d3,1.869198,20.0,1,13668,1,1,0,0,1,0,0,0,0,0,0,0,0,1
694,4,78115053c6d5aa2f,2.447912,16.479849,0,13807,1,0,0,0,0,0,0,0,0,0,0,0,0,0
695,4,9223b78ec8015401,1.840865,19.354085,1,13987,1,1,0,0,1,0,0,0,0,0,0,0,0,1
696,4,355e9621298b042e,2.426626,14.54,0,13901,1,0,0,0,0,0,0,0,0,0,0,0,0,0
697,4,45c3bce7c19dfe82,1.823034,17.881048,1,13798,1,1,0,0,1,0,0,0,0,0,0,0,0,1
698,4,d9e47eac35f7750a,2.41323,13.433363,0,13957,1,0,0,0,0,0,0,0,0,0,0,0,0,0
699,4,6e3240da0976c8ef,1.814784,17.063084,1,14015,1,1,0,0,1,0,0,0,0,0,0,0,0,1
700,4,15dd9f15a2894f77,2.407032,19.776546,1,13788,2,1,0,0,1,0,0,0,0,0,0,0,0,1
701,4,eaa43ba8eb7f7332,2.851967,18.336224,1,13776,1,0,0,0,0,0,0,0,0,0,0,0,0,1
702,4,6f9e550670fa8eec,2.14472,20.0,1,13922,1,1,0,0,1,0,0,0,0,0,0,0,0,1
703,4,33018317a1917bf9,2.654901,15.588778,0,14391,1,0,0,0,0,0,0,0,0,0,0,0,0,0
704,4,ba383bac80adefb3,1.994528,18.668956,1,14080,1,1,0,0,1,0,0,0,0,0,0,0,0,1
705,4,27bf6e48f932e47f,1.498414,20.0,1,14039,1,1,0,0,1,0,0,0,0,0,0,0,0,1
706,4,3c97e97db135ae26,2.170979,15.779498,0,13890,1,0,0,0,0,0,0,0,0,0,0,0,0,0
707,4,c4e56604953c1c24,1.630976,18.812236,1,13923,1,1,0,0,1,0,0,0,0,0,0,0,0,1
708,4,d9276ea29665c019,1.225291,20.0,1,13968,1,1,0,0,1,0,0,0,0,0,0,0,0,1
709,4,08305b2484e17d6d,0.921436,19.340948,1,13987,1,1,0,0,1,0,0,0,0,0,0,0,0,0
710,4,ee729d5ce278ce12,1.735894,18.008975,1,14015,1,0,0,0,0,0,0,0,0,0,0,0,0,1
711,4,59c7156863157a36,1.304112,17.008315,1,14044,1,1,0,0,1,0,0,0,0,0,0,0,0,0
712,4,d1ea8f8b759fc9e1,0.979731,19.7354,1,14075,1,1,0,0,1,0,0,0,0,0,0,0,0,1
713,4,7f41f83700b6ec72,0.736772,18.321804,1,14097,1,1,0,0,1,0,0,0,0,0,0,0,0,0
714,4,a0fd29a2089234b1,1.597162,17.243331,1,14262,1,0,0,0,0,0,0,0,0,0,0,0,0,1
715,4,34302495c1cb7056,2.243542,19.911959,1,14318,2,1,0,0,1,0,0,0,0,0,0,0,0,1
716,4,eb5af491a9186808,1.687175,20.0,1,14203,1,1,0,0,1,0,0,0,0,0,0,0,0,1
717,4,76aef1f83a3fe05c,1.267512,19.95785,1,14262,1,1,0,0,1,0,0,0,0,0,0,0,0,0
718,4,b6c075215fcc9a56,0.952234,18.472431,1,13961,1,1,0,0,0,0,0,0,0,0,0,0,0,1
719,4,6a122bbc37db0578,1.759031,17.356492,1,14345,1,0,0,0,1,0,0,0,0,0,0,0,0,0
720,4,94ee2cfdefe2962f,2.366967,20.0,1,14318,2,1,0,0,1,0,0,0,0,0,0,0,0,1
721,4,31259b15e3c0d688,1.778214,20.0,1,14445,1,1,0,0,1,0,0,0,0,0,0,0,0,1
722,4,cbe9e27dd9fcc496,1.335906,20.0,1,14446,1,1,0,0,1,0,0,0,0,0,0,0,0,1
723,4,ef6e9a6b8c9dedac,2.048771,20.0,1,14313,1,0,0,0,0,0,0,0,0,0,0,0,0,1
724,4,108ab896ce851076,2.582818,19.35898,1,14454,2,1,0,0,1,0,0,0,0,0,0,0,0,0
725,4,5ab748308c938d4b,1.940375,20.0,1,14437,1,1,0,0,1,0,0,0,0,0,0,0,0,1
726,4,ea9870eb0110fe66,1.457731,16.153173,0,14523,1,1,0,0,0,0,0,0,0,0,0,0,0,0
727,4,0f93f5a5c56ce4d0,2.140385,19.10842,1,14391,1,0,0,0,1,0,0,0,0,0,0,0,0,1
728,4,d47d647e87814b3c,1.607991,17.834286,1,14412,1,1,0,0,1,0,0,0,0,0,0,0,0,0
729,4,f2ec3b3dd5393045,1.208024,20.0,1,14697,1,1,0,0,1,0,0,0,0,0,0,0,0,1
730,4,227ae4cf8dece492,1.952602,18.788445,1,14589,1,0,0,0,0,0,0,0,0,0,0,0,0,1
731,4,96ad3bf04ec494ef,1.466917,17.593901,1,14726,1,1,0,0,1,0,0,0,0,0,0,0,0,0
732,4,19888b20d2fcca97,1.10204,20.0,1,14338,1,1,0,0,1,0,0,0,0,0,0,0,0,1
733,4,ae4a85d8ded1111e,0.827921,18.635815,1,14651,1,1,0,0,1,0,0,0,0,0,0,0,0,0
734,4,b5c343bc73c07e31,1.666759,17.4949,1,14458,2,1,0,0,0,0,0,0,0,0,0,0,0,1
735,4,d2584a1b87bd0bdb,2.295827,16.622109,1,14332,1,0,0,0,1,0,0,0,0,0,0,0,0,0
736,4,40e460a3d012b503,1.724769,20.0,1,14449,1,1,0,0,1,0,0,0,0,0,0,0,0,2
737,4,1ed4e450630ad4da,2.341201,17.239252,0,14366,1,0,0,0,0,0,0,0,0,0,0,0,0,0
738,4,e15713dbe218689a,1.758857,19.908895,1,14294,1,1,0,0,1,0,0,0,0,0,0,0,0,1
739,4,20ff1058688d2961,2.365017,20.0,1,14208,2,1,0,0,1,0,0,0,0,0,0,0,0,1
740,4,e189b5e4b7720b8e,1.776749,16.463543,0,14317,1,1,0,0,0,0,0,0,0,0,0,0,0,0
741,4,15c0b08e70798cde,2.380291,19.341822,1,14139,1,0,0,0,1,0,0,0,0,0,0,0,0,1
742,4,18153679ff9d16b8,1.788224,20.0,1,14266,1,1,0,0,1,0,0,0,0,0,0,0,0,1
743,4,9c632b2142868ffc,1.343426,16.143489,0,13763,1,1,0,0,0,0,0,0,0,0,0,0,0,0
744,4,25177066f9937594,2.054426,19.101138,1,13533,1,0,0,0,1,0,0,0,0,0,0,0,0,1
745,4,6c8753e93e35da38,1.543413,17.828815,1,14063,1,1,0,0,1,0,0,0,0,0,0,0,0,0
746,4,8f7e9cb986646572,1.159509,20.0,1,14014,1,1,0,0,1,0,0,0,0,0,0,0,0,1
747,4,44573aa812dd557e,1.914749,15.289555,0,13987,1,0,0,0,0,0,0,0,0,0,0,0,0,0
748,4,965767a299f94935,1.439918,18.458967,1,13674,1,1,0,0,1,0,0,0,0,0,0,0,0,1
749,4,ea3a4447d5c43313,1.081757,17.346376,1,13728,1,1,0,0,1,0,0,0,0,0,0,0,0,0
750,4,d132a8266aa653a9,0.812684,16.510528,1,13573,1,1,0,0,0,0,0,0,0,0,0,0,0,1
751,4,6fefc172199fec08,1.6553,19.377156,1,13591,1,0,0,0,1,0,0,0,0,0,0,0,0,1
752,5,1fd48474a6be9a50,1.243565,18.036178,1,13982,1,1,0,0,1,0,0,0,0,0,0,0,0,0
753,5,40ab05863d40ab6a,0.934244,20.0,1,14054,1,1,0,0,1,0,0,0,0,0,0,0,0,1
754,5,9fa3e60e300cac94,0.701863,18.885434,1,14335,1,1,0,0,1,0,0,0,0,0,0,0,0,0
755,5,9522afc9eb92ebd2,1.571961,17.682617,1,13945,1,0,0,0,0,0,0,0,0,0,0,0,0,1
756,5,0fba0eaa5e567fe1,2.224609,20.0,1,14194,2,1,0,0,1,0,0,0,0,0,0,0,0,1
757,5,8f9f8c22e25048df,2.714919,15.207042,0,13999,1,0,0,0,0,0,0,0,0,0,0,0,0,0
758,5,025aca0c2fc547cd,2.041658,18.396915,1,13923,1,1,0,0,1,0,0,0,0,0,0,0,0,1
759,5,ea7305c3d0c4eb0e,1.533821,20.0,1,13962,1,1,0,0,1,0,0,0,0,0,0,0,0,1
760,5,b3bc2710b036c5b2,2.195956,15.610188,0,13936,1,0,0,0,0,0,0,0,0,0,0,0,0,0
761,5,3c254a4fca255c07,1.64974,18.68504,1,14106,1,1,0,0,1,0,0,0,0,0,0,0,0,1
762,5,7fb0256f65ce4ff6,1.240628,17.531918,1,13901,1,1,0,0,1,0,0,0,0,0,0,0,0,0
763,5,a69e89495c03d18a,0.932037,16.649919,1,14166,1,1,0,0,0,0,0,0,0,0,0,0,0,1
764,5,ba87dd4319678e85,1.743858,19.466151,1,13850,1,0,0,0,1,0,0,0,0,0,0,0,0,1
765,5,3e895dd2e76d3ae9,2.355557,20.0,1,13868,2,1,0,0,1,0,0,0,0,0,0,0,0,1
766,5,5bfa9aaebee05047,1.769642,19.705987,1,14042,1,1,0,0,0,0,0,0,0,0,0,0,0,1
767,5,ca3938afd42b6b51,2.373119,18.283216,1,14037,1,0,0,0,1,0,0,0,0,0,0,0,0,0
768,5,3840b1179d01d5ca,1.782836,20.0,1,13979,1,1,0,0,1,0,0,0,0,0,0,0,0,1
769,5,3ad00a257add4750,1.340718,19.042072,1,14032,1,1,0,0,1,0,0,0,0,0,0,0,0,0
770,5,715e21df0f1ac6b8,1.007231,17.784441,1,14094,1,1,0,0,0,0,0,0,0,0,0,0,0,1
771,5,ab882b57d80326bc,1.800348,20.0,1,13953,1,0,0,0,1,0,0,0,0,0,0,0,0,1
772,5,de121b1615b372cf,2.398038,18.760285,1,13866,2,1,0,0,1,0,0,0,0,0,0,0,0,0
773,5,05c8759f4447da7f,1.801556,20.0,1,13965,1,1,0,0,1,0,0,0,0,0,0,0,0,1
774,5,f9da155166fdbcb3,1.353442,20.0,1,13955,1,1,0,0,1,0,0,0,0,0,0,0,0,1
775,5,cbdedca5a02ed691,2.060444,17.108474,0,14083,1,0,0,0,0,0,0,0,0,0,0,0,0,0
776,5,4f5226b5dafbe0bb,1.549483,19.82682,1,13866,1,1,0,0,1,0,0,0,0,0,0,0,0,1
777,5,4836f3002aa2c43b,2.207722,20.0,1,14090,2,1,0,0,1,0,0,0,0,0,0,0,0,1
778,5,94fd34594f25ef4c,1.658579,19.896065,1,14157,1,1,0,0,1,0,0,0,0,0,0,0,0,0
779,5,61fdc813a35b7e5c,2.291426,18.442626,1,13974,1,0,0,0,0,0,0,0,0,0,0,0,0,1
780,5,c1ff7d5e27979afc,1.721462,20.0,1,13853,1,1,0,0,1,0,0,0,0,0,0,0,0,1
781,5,4c4b32e1dd2dac14,1.29327,20.0,1,13940,1,1,0,0,1,0,0,0,0,0,0,0,0,1
782,5,18e97e0f39a9ecb7,3.058892,20.0,1,14002,2,0,0,0,0,0,0,0,0,0,0,0,0,1
783,5,fa991d1920f7a129,2.300331,20.0,1,13769,1,1,0,0,1,0,0,0,0,0,0,0,0,1
784,5,51552f91ffd096d2,1.728152,20.0,1,13962,1,1,0,0,1,0,0,0,0,0,0,0,0,0
785,5,26e88b506b571353,1.298296,20.0,1,13988,1,1,0,0,1,0,0,0,0,0,0,0,0,1
786,5,5c18f8f3cb4d4f05,3.064638,20.0,1,13667,2,0,0,0,0,0,0,0,0,0,0,0,0,1
787,5,ab4bf7a80033b35a,2.302348,20.0,1,13877,1,1,0,0,1,0,0,0,0,0,0,0,0,1
788,5,cb3af0200abf5ce2,1.729668,20.0,1,13651,1,1,0,0,1,0,0,0,0,0,0,0,0,1
789,5,267fb9baba69d22d,1.299435,20.0,1,13989,1,1,0,0,1,0,0,0,0,0,0,0,0,0
790,5,c43a99f18d83f6a3,2.021344,19.409011,1,13617,1,0,0,0,0,0,0,0,0,0,0,0,0,1
791,5,68fb7de2616ac559,1.51856,18.060109,1,13735,1,1,0,0,1,0,0,0,0,0,0,0,0,0
792,5,9ad2d9f6e4498fc7,1.140838,17.046729,1,13885,1,1,0,0,0,0,0,0,0,0,0,0,0,1
793,5,4341960f2ac3ab54,2.946227,19.780387,1,13718,2,0,0,0,1,0,0,0,0,0,0,0,0,1
794,5,7e3185205c89a13b,3.257044,18.33911,1,13877,1,0,0,0,0,0,0,0,0,0,0,0,0,1
795,5,67d7852b54324427,2.446895,17.256332,1,13879,1,1,0,0,1,0,0,0,0,0,0,0,0,0
796,5,0b46c0dac7e3156d,1.838261,19.921726,1,13685,1,1,0,0,1,0,0,0,0,0,0,0,0,1
797,5,ad0d049e4a8d9442,2.426549,18.461924,1,13530,1,0,0,0,0,0,0,0,0,0,0,0,0,1
798,5,48362f2e3d8a12bd,1.822975,17.348598,1,13471,1,1,0,0,1,0,0,0,0,0,0,0,0,0
799,5,7061691e5fb9b0ae,2.413187,16.512197,1,13660,1,0,0,0,0,0,0,0,0,0,0,0,0,1
800,5,86369afde500d1fe,1.814751,15.89791,1,13702,1,1,0,0,1,0,0,0,0,0,0,0,0,0
801,5,9256b7abc0246002,2.407008,15.42235,1,13709,1,0,0,0,0,0,0,0,0,0,0,0,0,1
802,5,9b35100af6e009da,1.808295,15.065079,1,13543,1,1,0,0,1,0,0,0,0,0,0,0,0,0
803,5,4ec6692b4957dd3d,1.358504,18.27552,1,13699,1,1,0,0,1,0,0,0,0,0,0,0,0,1
804,5,541b4b352d28fb23,1.021615,20.0,1,13561,1,1,0,0,1,0,0,0,0,0,0,0,0,1
805,5,f055ea7712d8f37a,2.854808,15.554483,0,13704,2,0,0,0,0,0,0,0,0,0,0,0,0,0
806,5,a566ce4c6958414b,2.14471,18.643191,1,13746,1,1,0,0,1,0,0,0,0,0,0,0,0,1
807,5,5fc6bcce85b21503,1.612853,17.500447,1,13507,1,1,0,0,1,0,0,0,0,0,0,0,0,0
808,5,1473f0b87b198acd,1.211676,20.0,1,13809,1,1,0,0,1,0,0,0,0,0,0,0,0,1
809,5,7fe2f95347754d37,1.95394,15.104225,0,13679,1,0,0,0,0,0,0,0,0,0,0,0,0,0
810,5,c80cbc304e74ce25,1.467922,18.304929,1,13668,1,1,0,0,1,0,0,0,0,0,0,0,0,1
811,5,fa1702dff13f3223,1.103898,17.246069,1,13813,1,1,0,0,1,0,0,0,0,0,0,0,0,0
812,5,3b64daad89c09212,0.829318,16.435172,1,13956,1,1,0,0,0,0,0,0,0,0,0,0,0,1
813,5,893902579b0c1285,1.666689,19.304819,1,14023,1,0,0,0,1,0,0,0,0,0,0,0,0,1
814,5,49f72ad0976cc5e3,1.253374,17.998001,1,13813,1,1,0,0,1,0,0,0,0,0,0,0,0,0
815,5,3fa8483855a42a18,1.985266,20.0,1,13788,2,1,0,0,1,0,0,0,0,0,0,0,0,1
816,5,87923164d21434b4,2.53511,18.863887,1,13945,1,0,0,0,0,0,0,0,0,0,0,0,0,1
817,5,bc9a0ace5374cc6a,1.904533,20.0,1,14179,1,1,0,0,1,0,0,0,0,0,0,0,0,1
818,5,34061889b2936fc6,1.432236,20.0,1,14132,1,1,0,0,1,0,0,0,0,0,0,0,0,1
819,5,b72d1814ad9ae2eb,3.163292,20.0,1,15379,2,0,0,0,0,0,0,0,0,0,0,0,0,1
820,5,b2f195b4f323ac12,2.376463,18.989164,1,15137,1,1,0,0,1,0,0,0,0,0,0,0,0,0
821,5,173395665988cd20,1.787134,20.0,1,14780,1,1,0,0,1,0,0,0,0,0,0,0,0,1
822,5,8bfa7c35a1484725,1.342607,19.436508,1,14849,1,1,0,0,1,0,0,0,0,0,0,0,0,0
823,5,520ac4c136493977,2.052304,18.080766,1,14659,1,0,0,0,0,0,0,0,0,0,0,0,0,1
824,5,8b62a6cc196ef011,2.585473,20.0,1,15846,2,1,0,0,1,0,0,0,0,0,0,0,0,1
825,5,be1f8b73a7428a12,1.944312,20.0,1,15706,1,1,0,0,1,0,0,0,0,0,0,0,0,1
826,5,8e14c5dae55bea73,1.460689,20.0,1,15470,1,1,0,0,1,0,0,0,0,0,0,0,0,1
827,5,de5e960a49572553,2.141014,17.874138,0,15263,1,0,0,0,0,0,0,0,0,0,0,0,0,0
828,5,742291f5d2e85757,2.654224,20.0,1,15209,2,1,0,0,1,0,0,0,0,0,0,0,0,1
829,5,abacdd99101f73f7,3.037673,18.806563,1,15137,1,0,0,0,0,0,0,0,0,0,0,0,0,1
830,5,62bec65dfaff8aa6,2.28209,20.0,1,15605,1,1,0,0,1,0,0,0,0,0,0,0,0,1
831,5,b12701e5e4ef1522,1.714449,19.320236,1,15446,1,1,0,0,1,0,0,0,0,0,0,0,0,0
832,5,36cffb38efd66357,2.33344,18.009595,1,15260,1,0,0,0,0,0,0,0,0,0,0,0,0,1
833,5,d5f963d2a62f535b,1.753027,17.00878,1,15294,1,1,0,0,1,0,0,0,0,0,0,0,0,0
834,5,999f9232fdb20cc2,2.360637,19.735749,1,15220,2,1,0,0,1,0,0,0,0,0,0,0,0,1
835,5,e69a77f68ff5bcd3,2.819383,18.322067,1,15372,1,0,0,0,0,0,0,0,0,0,0,0,0,1
836,5,a609558abf493445,2.118097,20.0,1,14405,1,1,0,0,1,0,0,0,0,0,0,0,0,1
837,5,5fb516e11c5d3006,1.591247,19.046788,1,13888,1,1,0,0,1,0,0,0,0,0,0,0,0,0
838,5,e846b9c95637abd0,2.239098,17.787985,1,13896,1,0,0,0,0,0,0,0,0,0,0,0,0,1
839,5,e01c701a542aaabf,1.683833,16.85732,1,13808,1,1,0,0,1,0,0,0,0,0,0,0,0,0
840,5,8da896ba095cf718,2.308654,16.143119,1,14032,1,0,0,0,0,0,0,0,0,0,0,0,0,1
841,5,a4aa80f01dbcf57e,2.778059,19.085411,1,14033,2,1,0,0,1,0,0,0,0,0,0,0,0,1
842,5,4204a14ff005f57c,2.08914,17.833003,1,13597,1,1,0,0,1,0,0,0,0,0,0,0,0,0
843,5,1304a12128dfed9c,2.613146,16.876113,1,13998,1,0,0,0,0,0,0,0,0,0,0,0,0,1
844,5,c3bf5a778df0f6a4,0.919506,16.157237,1,13861,0,1,0,0,1,0,0,0,0,0,0,0,0,0
845,5,a503ddd0922cf308,0.69079,15.617173,1,13813,1,1,0,0,1,0,0,0,0,0,0,0,0,0
846,5,1758627ae472df10,2.607785,15.224838,1,13743,2,0,0,0,0,0,0,0,0,0,0,0,0,1
847,5,615937571a4b95eb,0.915478,14.916696,1,13822,0,1,0,0,1,0,0,0,0,0,0,0,0,0
848,5,fc46f3d789b7dca1,1.731418,18.164045,1,13819,2,1,0,0,1,0,0,0,0,0,0,0,0,1
849,5,728add543d2036c0,1.302051,17.140123,1,13852,1,1,0,0,0,0,0,0,0,0,0,0,0,1
850,5,1fa2654537ffc663,2.021836,19.834422,1,13782,1,0,0,0,1,0,0,0,0,0,0,0,0,1
851,5,31f41367f84e4a32,1.518929,18.379705,1,13787,1,1,0,0,1,0,0,0,0,0,0,0,0,0
852,5,d68ef22add6732dd,1.141115,20.0,1,14016,1,1,0,0,1,0,0,0,0,0,0,0,0,1
853,5,433dc78389c8d469,1.902285,15.616083,0,13796,1,0,0,0,0,0,0,0,0,0,0,0,0,0
854,5,a5032fb42c2bd135,2.472769,18.689468,1,13906,2,1,0,0,1,0,0,0,0,0,0,0,0,1
855,5,ccc892e66441c2e5,1.857699,20.0,1,13990,1,1,0,0,1,0,0,0,0,0,0,0,0,1
856,5,a411650f58ad8f2c,1.397016,20.0,1,14018,1,1,0,0,1,0,0,0,0,0,0,0,0,1
857,5,edcc78b2e193937f,1.049526,17.092795,0,15187,1,1,0,0,0,0,0,0,0,0,0,0,0,0
858,5,6f0f58d783790561,1.832123,19.798867,1,14975,1,0,0,0,1,0,0,0,0,0,0,0,0,1
859,5,e56d1f5b9ebfb994,1.376406,18.352993,1,14562,1,1,0,0,1,0,0,0,0,0,0,0,0,0
860,5,674d116cc84d8cab,1.035077,20.0,1,14513,1,1,0,0,1,0,0,0,0,0,0,0,0,1
861,5,76e7708b68e8305c,1.821268,15.598252,0,15780,1,0,0,0,0,0,0,0,0,0,0,0,0,0
862,5,27a5642f480aafe9,2.411904,18.676073,1,15711,2,1,0,0,1,0,0,0,0,0,0,0,0,1
863,5,563f489a3f237417,1.813786,20.0,1,15439,1,1,0,0,1,0,0,0,0,0,0,0,0,1
864,5,cef65d2c5ec0bdec,1.36263,20.0,1,15405,1,1,0,0,1,0,0,0,0,0,0,0,0,1
865,5,a0becf8c7735f6c6,1.023693,20.0,1,15152,1,1,0,0,1,0,0,0,0,0,0,0,0,1
866,5,8547788618b623a5,1.812715,20.0,1,15251,2,1,0,0,1,0,0,0,0,0,0,0,0,1
867,5,869e8566e3d1d02e,1.363188,20.0,1,14824,1,1,0,0,1,0,0,0,0,0,0,0,0,0
868,5,e1c0ef6a7f6ec539,1.024112,20.0,1,14781,1,1,0,0,1,0,0,0,0,0,0,0,0,1
869,5,e92eb15c5fdf3398,0.769377,20.0,1,14886,1,1,0,0,1,0,0,0,0,0,0,0,0,0
870,5,4ccc163945dcd643,0.578583,19.490021,1,14667,1,1,0,0,0,0,0,0,0,0,0,0,0,1
871,5,b081d829f54b7340,1.478321,20.0,1,14819,1,0,0,0,1,0,0,0,0,0,0,0,0,1
872,5,2c3b0022cf066182,1.110607,19.705976,1,14815,1,1,0,0,1,0,0,0,0,0,0,0,0,0
873,5,58e1e67177ccd444,0.834358,20.0,1,14286,1,1,0,0,1,0,0,0,0,0,0,0,0,1
874,5,2db9bdfd49c2932f,1.671599,16.365374,0,13919,1,0,0,0,0,0,0,0,0,0,0,0,0,0
875,5,f28e5fccf6edf436,1.25581,19.252383,1,14110,1,1,0,0,1,0,0,0,0,0,0,0,0,1
876,5,8b440919f83fe385,1.987097,20.0,1,13805,2,1,0,0,1,0,0,0,0,0,0,0,0,1
877,5,f8c0570cdc4e6455,2.538475,19.589613,1,14029,1,0,0,0,0,0,0,0,0,0,0,0,0,1
878,5,65a5929090dee542,1.907062,18.195788,1,14079,1,1,0,0,1,0,0,0,0,0,0,0,0,0
879,5,0c5438b93e7b1ee1,2.476358,17.14866,1,14100,1,0,0,0,0,0,0,0,0,0,0,0,0,1
880,5,6130322bda0de5f0,2.904048,19.840836,1,14044,2,1,0,0,1,0,0,0,0,0,0,0,0,1
881,5,de2463bb61781049,3.228036,18.401093,1,13951,1,0,0,0,0,0,0,0,0,0,0,0,0,1
882,5,c912f3386f4213f0,2.425103,17.302898,1,14130,1,1,0,0,1,0,0,0,0,0,0,0,0,0
883,5,ee4fb6a02ecc6f6e,1.821889,16.477865,1,14164,1,1,0,0,0,0,0,0,0,0,0,0,0,1
884,5,c8279efd2de82bfe,2.414237,15.872091,1,14060,1,0,0,0,1,0,0,0,0,0,0,0,0,0
885,5,82efaaf069a73ea3,1.813726,18.881798,1,14273,1,1,0,0,1,0,0,0,0,0,0,0,0,1
886,5,6ced0f40ca029ea6,2.406238,17.664033,1,14158,2,1,0,0,0,0,0,0,0,0,0,0,0,1
887,5,0416aa9d467eb9d0,2.85137,20.0,1,14145,1,0,0,0,1,0,0,0,0,0,0,0,0,1
888,5,176c11f3001cc29c,2.144271,18.692259,1,14444,1,1,0,0,1,0,0,0,0,0,0,0,0,0
889,5,7cc365c75e08c8bf,2.654564,17.52164,1,14194,1,0,0,0,0,0,0,0,0,0,0,0,0,1
890,5,7c66b6b4cc9f5b34,1.994275,16.642197,1,14207,1,1,0,0,1,0,0,0,0,0,0,0,0,0
891,5,b5dfdefe9d4a1764,1.499723,19.476173,1,14035,1,1,0,0,1,0,0,0,0,0,0,0,0,1
892,5,8706354fe2cb6e3b,1.126686,18.110565,1,14138,1,1,0,0,1,0,0,0,0,0,0,0,0,0
893,5,763e335921caecc8,1.89009,17.084635,1,14176,1,0,0,0,0,0,0,0,0,0,0,0,0,1
894,5,57639d9454e4a2c3,1.419954,16.313892,1,13999,1,1,0,0,1,0,0,0,0,0,0,0,0,0
895,5,71957c5c5719dccd,2.111976,19.229283,1,14073,2,1,0,0,1,0,0,0,0,0,0,0,0,1
896,5,e9d62055453f4261,1.586649,20.0,1,14007,1,1,0,0,1,0,0,0,0,0,0,0,0,1
897,5,9de2189b61ab2501,1.19199,19.558817,1,14254,1,1,0,0,0,0,0,0,0,0,0,0,0,1
898,5,4de43914d14954be,1.940544,20.0,1,14118,1,0,0,0,1,0,0,0,0,0,0,0,0,1
899,5,fccefa508074d1e5,1.457858,19.758339,1,13938,1,1,0,0,1,0,0,0,0,0,0,0,0,0
900,5,a8ec08ff103aebee,1.095234,20.0,1,13756,1,1,0,0,1,0,0,0,0,0,0,0,0,1
901,5,97f494d4e55403f9,0.822809,19.857414,1,13639,1,1,0,0,1,0,0,0,0,0,0,0,0,0
902,5,bb9f2cb6cd99a4fe,0.618764,20.0,1,13750,1,1,0,0,1,0,0,0,0,0,0,0,0,1
903,5,55ce4e7a6db4a056,2.552161,19.927035,1,13787,2,0,0,0,0,0,0,0,0,0,0,0,0,1
904,5,590f28e7fa603110,1.917343,20.0,1,13848,1,1,0,0,1,0,0,0,0,0,0,0,0,1
905,5,3ee88975b1af0aab,1.441869,19.970765,1,14050,1,1,0,0,1,0,0,0,0,0,0,0,0,0
906,5,5c5b43cd39c1a20c,1.083222,20.0,1,14056,1,1,0,0,1,0,0,0,0,0,0,0,0,1
907,5,95ba8a4a86a85160,2.901091,19.977306,1,13947,2,0,0,0,0,0,0,0,0,0,0,0,0,1
908,5,5725b7487ce6fd24,2.179481,20.0,1,14193,1,1,0,0,1,0,0,0,0,0,0,0,0,1
909,5,fca62a72440e8ceb,1.639001,19.999166,1,13947,1,1,0,0,1,0,0,0,0,0,0,0,0,0
910,5,1d1f77fd4ec4fb89,1.23132,20.0,1,13841,1,1,0,0,1,0,0,0,0,0,0,0,0,1
911,5,d84da7da76c11a41,0.925045,16.514491,0,13956,1,1,0,0,0,0,0,0,0,0,0,0,0,0
912,5,1f0ebffd114a8668,1.739797,19.380136,1,13915,1,0,0,0,1,0,0,0,0,0,0,0,0,1
913,5,4e4cd45d72f4f4c9,2.350698,20.0,1,14049,2,1,0,0,1,0,0,0,0,0,0,0,0,1
914,5,87148251e31c0853,1.765992,20.0,1,14235,1,1,0,0,1,0,0,0,0,0,0,0,0,1
915,5,4899f999e8feaada,2.370377,20.0,1,14373,1,0,0,0,0,0,0,0,0,0,0,0,0,1
916,5,a80fec5b39601211,1.782557,19.160106,1,14654,1,1,0,0,1,0,0,0,0,0,0,0,0,0
917,5,3640ba8a22d7961b,1.339169,20.0,1,15545,1,1,0,0,1,0,0,0,0,0,0,0,0,1
918,5,424c105bc9eea6d9,2.049721,20.0,1,15133,2,1,0,0,1,0,0,0,0,0,0,0,0,1
919,5,5ecec063ee308d59,2.58557,17.295289,0,14985,1,0,0,0,0,0,0,0,0,0,0,0,0,0
920,5,c3d11587adb0ca69,1.942442,19.950993,1,15959,1,1,0,0,1,0,0,0,0,0,0,0,0,1
921,5,8e8c2e20e9d23ede,1.459284,20.0,1,15659,1,1,0,0,1,0,0,0,0,0,0,0,0,1
922,5,3b437c040aff1222,1.096305,19.966147,1,15375,1,1,0,0,1,0,0,0,0,0,0,0,0,0
923,5,ad2b2ccd474fda36,2.912738,18.495329,1,15723,2,0,0,0,0,0,0,0,0,0,0,0,0,1
924,5,b8f4621dfe986232,2.188231,20.0,1,15381,1,1,0,0,1,0,0,0,0,0,0,0,0,1
925,5,167458074a5f6127,1.643936,20.0,1,15325,1,1,0,0,1,0,0,0,0,0,0,0,0,1
926,5,c8276cc39e9a2c73,2.280414,20.0,1,15992,1,0,0,0,0,0,0,0,0,0,0,0,0,1
927,5,3c06a1ac1a344770,2.756843,20.0,1,16150,2,1,0,0,1,0,0,0,0,0,0,0,0,1
928,5,3da7fbd2d71d0b34,2.071113,20.0,1,17195,1,1,0,0,1,0,0,0,0,0,0,0,0,0
929,5,1fe1784dcd2dd167,2.599603,18.708751,1,17556,1,0,0,0,0,0,0,0,0,0,0,0,0,1
930,5,40280724ea75740e,2.999089,20.0,1,17370,2,1,0,0,1,0,0,0,0,0,0,0,0,1
931,5,e5e4c0bec10af6f4,2.253104,20.0,1,17338,1,1,0,0,1,0,0,0,0,0,0,0,0,1
932,5,217ce25e09eda23c,1.692673,20.0,1,17071,1,1,0,0,1,0,0,0,0,0,0,0,0,0
933,5,8bbcfe26e7ee6680,1.272914,20.0,1,16738,1,1,0,0,1,0,0,0,0,0,0,0,0,1
934,5,bee3b653c30a369d,3.043599,20.0,1,16863,2,0,0,0,0,0,0,0,0,0,0,0,0,1
935,5,1bcd2daf93b295d9,2.286542,18.753965,1,16257,1,1,0,0,1,0,0,0,0,0,0,0,0,0
936,5,0e859da3fb3a9465,1.717794,20.0,1,16215,1,1,0,0,1,0,0,0,0,0,0,0,0,1
937,5,4e091ae05afe6f62,1.291805,19.308027,1,15865,1,1,0,0,1,0,0,0,0,0,0,0,0,0
938,5,20cd85224633e4cf,0.970485,20.0,1,15769,1,1,0,0,1,0,0,0,0,0,0,0,0,1
939,6,1fd48474a6be9a50,1.772743,19.60326,1,14931,2,1,0,0,0,0,0,0,0,0,0,0,0,1
940,6,40ab05863d40ab6a,2.377278,20.0,1,13975,1,0,0,0,1,0,0,0,0,0,0,0,0,1
941,6,9fa3e60e300cac94,1.78596,19.783448,1,14163,1,1,0,0,1,0,0,0,0,0,0,0,0,0
942,6,9522afc9eb92ebd2,1.341725,20.0,1,14174,1,1,0,0,1,0,0,0,0,0,0,0,0,1
943,6,0fba0eaa5e567fe1,2.051641,19.871585,1,14108,1,0,0,0,0,0,0,0,0,0,0,0,0,1
944,6,8f9f8c22e25048df,1.542864,18.424217,1,13850,1,1,0,0,1,0,0,0,0,0,0,0,0,0
945,6,025aca0c2fc547cd,1.159096,20.0,1,14066,1,1,0,0,1,0,0,0,0,0,0,0,0,1
946,6,ea7305c3d0c4eb0e,1.914439,19.104442,1,13989,1,0,0,0,0,0,0,0,0,0,0,0,0,1
947,6,b3bc2710b036c5b2,1.439685,17.847314,1,13786,1,1,0,0,1,0,0,0,0,0,0,0,0,0
948,6,3c254a4fca255c07,1.081582,20.0,1,14011,1,1,0,0,1,0,0,0,0,0,0,0,0,1
949,6,7fb0256f65ce4ff6,0.812552,18.77884,1,14049,1,1,0,0,1,0,0,0,0,0,0,0,0,0
950,6,a69e89495c03d18a,2.697747,17.586685,1,13999,2,0,0,0,0,0,0,0,0,0,0,0,0,1
951,6,ba87dd4319678e85,2.028744,20.0,1,13973,1,1,0,0,1,0,0,0,0,0,0,0,0,1
952,6,3e895dd2e76d3ae9,1.524119,18.644163,1,13838,1,1,0,0,1,0,0,0,0,0,0,0,0,0
953,6,5bfa9aaebee05047,2.188667,17.485507,1,13986,1,0,0,0,0,0,0,0,0,0,0,0,0,1
954,6,ca3938afd42b6b51,1.645909,16.629853,1,13980,1,1,0,0,1,0,0,0,0,0,0,0,0,0
955,6,3840b1179d01d5ca,1.23651,19.451076,1,13983,1,1,0,0,1,0,0,0,0,0,0,0,0,1
956,6,3ad00a257add4750,0.928944,18.09171,1,13979,1,1,0,0,0,0,0,0,0,0,0,0,0,1
957,6,715e21df0f1ac6b8,1.741534,17.07047,1,14079,1,0,0,0,1,0,0,0,0,0,0,0,0,0
958,6,ab882b57d80326bc,1.309658,19.79824,1,13952,1,1,0,0,1,0,0,0,0,0,0,0,0,1
959,6,de121b1615b372cf,0.983897,20.0,1,14049,1,1,0,0,1,0,0,0,0,0,0,0,0,1
960,6,58b8431551715724,1.782819,20.0,1,14043,2,1,0,0,1,0,0,0,0,0,0,0,0,1
961,6,23e17bd6c1c20f85,2.384856,17.566135,0,13929,1,0,0,0,0,0,0,0,0,0,0,0,0,0
962,6,6c8b0d01b8cfd1ce,1.791653,20.0,1,13832,1,1,0,0,1,0,0,0,0,0,0,0,0,1
963,6,2551e34755c8a168,1.346002,20.0,1,13956,1,1,0,0,1,0,0,0,0,0,0,0,0,1
964,6,8c235a0ae63b488b,2.054854,20.0,1,13924,2,1,0,0,1,0,0,0,0,0,0,0,0,1
965,6,2bce3cabc81dd490,2.58943,17.71733,0,14018,1,0,0,0,0,0,0,0,0,0,0,0,0,0
966,6,308bd744ed8c33ff,1.945342,20.0,1,14037,1,1,0,0,1,0,0,0,0,0,0,0,0,1
967,6,51952867e827cf95,1.461463,20.0,1,13976,1,1,0,0,1,0,0,0,0,0,0,0,0,1
968,6,443f5748c5da71ed,2.143191,16.682927,0,13923,1,0,0,0,0,0,0,0,0,0,0,0,0,0
969,6,30f0b4f090c40f84,2.653753,19.490948,1,14008,2,1,0,0,1,0,0,0,0,0,0,0,0,1
970,6,1d09943f7d6afd36,1.993665,20.0,1,14062,1,1,0,0,1,0,0,0,0,0,0,0,0,1
971,6,38015449e0d5de60,1.497766,20.0,1,13901,1,1,0,0,1,0,0,0,0,0,0,0,0,1
972,6,7677b7c8ff211365,1.126342,20.0,1,13897,1,1,0,0,1,0,0,0,0,0,0,0,0,0
973,6,68b854b05876c65a,2.933485,19.192412,1,14032,2,0,0,0,0,0,0,0,0,0,0,0,0,1
974,6,f55bb8af336b89d3,2.203818,20.0,1,13815,1,1,0,0,1,0,0,0,0,0,0,0,0,1
975,6,2286890aaf126ddc,1.657302,20.0,1,13945,1,1,0,0,1,0,0,0,0,0,0,0,0,1
976,6,c93e1c3c6e2fa7fc,1.245069,17.306261,0,13902,1,1,0,0,0,0,0,0,0,0,0,0,0,0
977,6,bd2bf9f62f4a9287,1.979027,19.959236,1,13954,1,0,0,0,1,0,0,0,0,0,0,0,0,1
978,6,13b36e5ecd07fe80,1.486769,18.473472,1,14010,1,1,0,0,1,0,0,0,0,0,0,0,0,0
979,6,8eb6d70896fa65fb,2.162222,17.372816,1,13749,1,0,0,0,0,0,0,0,0,0,0,0,0,1
980,6,a432763ba202471b,1.624397,16.530392,1,13954,1,1,0,0,1,0,0,0,0,0,0,0,0,0
981,6,bd54a2eb1d68d3f6,2.264002,19.376355,1,13905,2,1,0,0,1,0,0,0,0,0,0,0,0,1
982,6,74a866444eca1ed2,2.746712,18.051797,1,13842,1,0,0,0,0,0,0,0,0,0,0,0,0,1
983,6,c0e1ddf7125b2dcc,2.063502,20.0,1,13853,1,1,0,0,1,0,0,0,0,0,0,0,0,1
984,6,5ed4277bc55f194a,1.550232,15.415405,0,13432,1,1,0,0,0,0,0,0,0,0,0,0,0,0
985,6,88386df31bdf01b7,2.208285,18.538706,1,13677,1,0,0,0,1,0,0,0,0,0,0,0,0,1
986,6,1afd893aa326c281,1.660662,20.0,1,13845,1,1,0,0,1,0,0,0,0,0,0,0,0,1
987,6,64a5ae986fded4b3,1.247593,19.182017,1,13847,1,1,0,0,1,0,0,0,0,0,0,0,0,0
988,6,f5cb235201830819,1.980923,17.889577,1,13800,1,0,0,0,0,0,0,0,0,0,0,0,0,1
989,6,3d71febe8792bdf6,1.489683,16.933719,1,13625,1,1,0,0,1,0,0,0,0,0,0,0,0,0
990,6,661ed08892f72ec5,1.119143,19.679359,1,13769,1,1,0,0,1,0,0,0,0,0,0,0,0,1
991,6,f4c67b84efa7888e,0.84077,20.0,1,13847,1,1,0,0,1,0,0,0,0,0,0,0,0,1
992,6,86a6acd59cd04bbe,1.675293,16.333994,0,13904,1,0,0,0,0,0,0,0,0,0,0,0,0,0
993,6,82d05ef8d17442e3,1.259844,19.244399,1,13799,1,1,0,0,1,0,0,0,0,0,0,0,0,1
994,6,c6d7a0309fd53471,0.946474,20.0,1,13852,1,1,0,0,1,0,0,0,0,0,0,0,0,1
995,6,56747215f856c564,0.71105,19.567349,1,13777,1,1,0,0,1,0,0,0,0,0,0,0,0,0
996,6,cac5e75c2da1e471,1.57887,18.195427,1,13720,1,0,0,0,0,0,0,0,0,0,0,0,0,1
997,6,c5e2187f17182c94,2.2298,20.0,1,14537,2,1,0,0,1,0,0,0,0,0,0,0,0,1
998,6,35260cd259084717,1.675165,18.975314,1,14398,1,1,0,0,1,0,0,0,0,0,0,0,0,0
999,6,434eda24f141e352,1.258489,20.0,1,15187,1,1,0,0,1,0,0,0,0,0,0,0,0,1
1000,6,afa20bb40f43cb3d,1.990552,19.43308,1,15073,1,0,0,0,0,0,0,0,0,0,0,0,0,1
1001,6,2dae86e8dd283692,2.539081,20.0,1,14872,2,1,0,0,1,0,0,0,0,0,0,0,0,1
1002,6,ebed51433251143a,1.907516,20.0,1,15152,1,1,0,0,1,0,0,0,0,0,0,0,0,1
1003,6,ab0222ee96863329,2.47863,20.0,1,14766,2,1,0,0,1,0,0,0,0,0,0,0,0,1
1004,6,abd65e30501e2caa,2.905755,20.0,1,15076,1,0,0,0,0,0,0,0,0,0,0,0,0,1
1005,6,2245e81fef6ab007,2.182985,19.847904,1,15558,1,1,0,0,1,0,0,0,0,0,0,0,0,0
1006,6,312de359f1985b85,1.639995,20.0,1,15509,1,1,0,0,1,0,0,0,0,0,0,0,0,1
1007,6,01d1b1c3e51d5caa,1.2333,20.0,1,15173,1,1,0,0,1,0,0,0,0,0,0,0,0,1
1008,6,994caa02d4d14782,1.970185,17.584474,0,15275,2,1,0,0,0,0,0,0,0,0,0,0,0,0
1009,6,67c91a93f99ee3a7,2.52378,20.0,1,15371,1,0,0,0,1,0,0,0,0,0,0,0,0,1
1010,6,b971c1c5d9ea77bc,2.942069,20.0,1,15335,2,1,0,0,1,0,0,0,0,0,0,0,0,1
1011,6,f84c8e70b54dd5d7,2.210267,20.0,1,14109,1,1,0,0,1,0,0,0,0,0,0,0,0,1
1012,6,9ba80387c2769e20,2.704144,20.0,1,13664,2,1,0,0,0,0,0,0,0,0,0,0,0,1
1013,6,51dec607a199414e,3.075176,19.401656,1,13890,1,0,0,0,1,0,0,0,0,0,0,0,0,0
1014,6,f3ae11fddb3da61f,2.312576,20.0,1,13854,1,1,0,0,1,0,0,0,0,0,0,0,0,1
1015,6,f73306305bea2918,1.737352,20.0,1,13987,1,1,0,0,1,0,0,0,0,0,0,0,0,1
1016,6,8de262a4710eb3c3,3.392514,17.390523,0,13890,2,0,0,0,0,0,0,0,0,0,0,0,0,0
1017,6,40ba3edf3f2086b6,2.551219,20.0,1,13973,1,1,0,0,1,0,0,0,0,0,0,0,0,1
1018,6,5dd82791ce91cfa4,1.916635,20.0,1,14050,1,1,0,0,1,0,0,0,0,0,0,0,0,1
1019,6,d362e64e32e49a41,1.439897,20.0,1,13888,1,1,0,0,1,0,0,0,0,0,0,0,0,0
1020,6,bd6e9446dbfd67b1,2.125394,18.515948,1,13943,1,0,0,0,0,0,0,0,0,0,0,0,0,1
1021,6,45f43a1c30b0eb0f,1.598326,20.0,1,13885,1,1,0,0,1,0,0,0,0,0,0,0,0,1
1022,6,7f177533b89dcc3e,3.28807,19.16916,1,13919,2,0,0,0,0,0,0,0,0,0,0,0,0,1
1023,6,daa093be7900d24c,2.470204,17.879918,1,13887,1,1,0,0,1,0,0,0,0,0,0,0,0,0
1024,6,4d57cc92db29d4cc,1.857628,20.0,1,13899,1,1,0,0,1,0,0,0,0,0,0,0,0,1
1025,6,a7caf4e2e12535d6,2.43922,15.330983,0,13807,1,0,0,0,0,0,0,0,0,0,0,0,0,0
1026,6,9f31e68db0d0c076,1.832495,18.475284,1,13915,1,1,0,0,1,0,0,0,0,0,0,0,0,1
1027,6,54b14a654deecdb4,1.376685,17.358635,1,13843,1,1,0,0,1,0,0,0,0,0,0,0,0,0
1028,6,b9ae912b68304e5d,2.079437,16.534442,1,14675,1,0,0,0,0,0,0,0,0,0,0,0,0,1
1029,6,735914d9725ea276,1.562203,15.900553,1,14536,1,1,0,0,1,0,0,0,0,0,0,0,0,0
1030,6,3984d39d53d71b92,1.173625,18.90318,1,14231,1,1,0,0,1,0,0,0,0,0,0,0,0,1
1031,6,5435618f3692f8dd,1.926733,14.215461,0,15859,1,0,0,0,0,0,0,0,0,0,0,0,0,0
1032,6,72aa83fa616e4fa3,2.491136,17.637233,1,15942,2,1,0,0,1,0,0,0,0,0,0,0,0,1
1033,6,e3f6f8525d79b768,1.871497,20.0,1,15690,1,1,0,0,1,0,0,0,0,0,0,0,0,1
1034,6,404993a9663217b8,2.449639,18.660272,1,15330,1,0,0,0,0,0,0,0,0,0,0,0,0,1
1035,6,10729788e5f09e33,1.842164,17.513292,1,15462,1,1,0,0,1,0,0,0,0,0,0,0,0,0
1036,6,4a969379916bc28f,1.383949,20.0,1,15263,1,1,0,0,1,0,0,0,0,0,0,0,0,1
1037,6,f60721557705008a,1.039709,18.59032,1,15469,1,1,0,0,1,0,0,0,0,0,0,0,0,0
1038,6,5b9e5f57fa65c1ee,0.781876,20.0,1,15236,1,1,0,0,1,0,0,0,0,0,0,0,0,1
1039,6,38ca2495de5f8cf4,0.587394,19.211177,1,15133,1,1,0,0,0,0,0,0,0,0,0,0,0,1
1040,6,b398c7a84a687e69,1.484941,17.911483,1,14914,1,0,0,0,1,0,0,0,0,0,0,0,0,0
1041,6,1af5f05f1c485ede,1.11558,20.0,1,14914,1,1,0,0,1,0,0,0,0,0,0,0,0,1
1042,6,4eb80c46d3093d40,1.883083,20.0,1,14556,2,1,0,0,1,0,0,0,0,0,0,0,0,1
1043,6,2f10c2084781b6ff,1.41469,20.0,1,13937,1,1,0,0,1,0,0,0,0,0,0,0,0,1
1044,6,2951f5c73ea875e2,1.062804,20.0,1,13649,1,1,0,0,1,0,0,0,0,0,0,0,0,1
1045,6,2a32c095200ebeb8,0.799243,20.0,1,13741,1,1,0,0,1,0,0,0,0,0,0,0,0,0
1046,6,badd259e4c232b61,1.644095,20.0,1,13849,1,0,0,0,0,0,0,0,0,0,0,0,0,1
1047,6,1041046f3f94b1b3,2.278801,20.0,1,13800,2,1,0,0,1,0,0,0,0,0,0,0,0,1
1048,6,bd1fa364eb7efc08,1.711978,20.0,1,13892,1,1,0,0,1,0,0,0,0,0,0,0,0,0
1049,6,29ca9ad14e5873a4,1.287432,20.0,1,13648,1,1,0,0,1,0,0,0,0,0,0,0,0,1
1050,6,2b182e81e06be681,2.010853,20.0,1,13761,1,0,0,0,0,0,0,0,0,0,0,0,0,1
1051,6,c31699c61b117301,1.510678,18.529236,1,13818,1,1,0,0,1,0,0,0,0,0,0,0,0,0
1052,6,435f18a261278526,1.136052,20.0,1,13878,1,1,0,0,1,0,0,0,0,0,0,0,0,1
1053,6,47ff9afb5d743a3c,1.897127,15.697822,0,13886,1,0,0,0,0,0,0,0,0,0,0,0,0,0
1054,6,ac524477d1bc3d38,1.42524,18.750876,1,13861,1,1,0,0,1,0,0,0,0,0,0,0,0,1
1055,6,2459b4a9cb84e842,1.07073,20.0,1,13765,1,1,0,0,1,0,0,0,0,0,0,0,0,1
1056,6,a43f9ce2eec22c4f,1.849355,19.306282,1,13932,2,1,0,0,1,0,0,0,0,0,0,0,0,0
1057,6,2f6e064816018c96,2.433004,17.982932,1,14057,1,0,0,0,0,0,0,0,0,0,0,0,0,1
1058,6,f040fb7bbd530035,1.827825,20.0,1,13909,1,1,0,0,1,0,0,0,0,0,0,0,0,1
1059,6,db355d0e6d339436,1.374551,20.0,1,14002,1,1,0,0,1,0,0,0,0,0,0,0,0,1
1060,6,08bd6811ff5c3846,2.076302,16.792917,0,13969,1,0,0,0,0,0,0,0,0,0,0,0,0,0
1061,6,457ba4fc912a8feb,1.559848,19.57358,1,13968,1,1,0,0,1,0,0,0,0,0,0,0,0,1
1062,6,cef6ca2dfae8a690,1.171855,18.183744,1,14055,1,1,0,0,1,0,0,0,0,0,0,0,0,0
1063,6,810171290d2254fe,2.969553,17.154936,1,13888,2,0,0,0,0,0,0,0,0,0,0,0,0,1
1064,6,ff69be2db44305a9,2.230914,19.845551,1,14022,1,1,0,0,1,0,0,0,0,0,0,0,0,1
1065,6,dd249c5d35144e6d,1.676002,18.388065,1,14240,1,1,0,0,0,0,0,0,0,0,0,0,0,1
1066,6,596a70ce4e1a796f,2.304528,17.308589,1,14044,1,0,0,0,1,0,0,0,0,0,0,0,0,0
1067,6,9f3c9d63f6f2e734,1.731306,19.960985,1,14224,1,1,0,0,1,0,0,0,0,0,0,0,0,1
1068,6,00f4dc20a8af2d04,2.344319,18.474786,1,14056,1,0,0,0,0,0,0,0,0,0,0,0,0,1
1069,6,8f97db38e624a6dc,1.761199,17.358261,1,14106,1,1,0,0,1,0,0,0,0,0,0,0,0,0
1070,6,4e6a545a3fa75848,2.368597,20.0,1,14328,2,1,0,0,1,0,0,0,0,0,0,0,0,1
1071,6,a170bf49da1431a0,2.823092,18.515113,1,14448,1,0,0,0,0,0,0,0,0,0,0,0,0,1
1072,6,40c78ea257e75de0,2.120883,20.0,1,14549,1,1,0,0,1,0,0,0,0,0,0,0,0,1
1073,6,e2e02cbaaa77d92a,1.594935,20.0,1,14439,1,1,0,0,1,0,0,0,0,0,0,0,0,1
1074,6,e2aeb682532b866c,2.241868,17.018793,0,14398,1,0,0,0,0,0,0,0,0,0,0,0,0,0
1075,6,f0b79e269e3be3f3,1.684232,19.743272,1,14341,1,1,0,0,1,0,0,0,0,0,0,0,0,1
1076,6,02ed09464b5558b9,1.2653,18.311226,1,14234,1,1,0,0,1,0,0,0,0,0,0,0,0,0
1077,6,0da5058a0f705d5c,0.951524,20.0,1,14146,1,1,0,0,1,0,0,0,0,0,0,0,0,1
1078,6,c97c1c8027de7332,2.802151,19.0535,1,14372,2,0,0,0,0,0,0,0,0,0,0,0,0,1
1079,6,08076f3a12a8b2c0,2.105151,20.0,1,14382,1,1,0,0,1,0,0,0,0,0,0,0,0,1
1080,6,5be1d8eaafc1b43b,1.583104,19.477252,1,14282,1,1,0,0,1,0,0,0,0,0,0,0,0,0
1081,6,d525f42b63caae50,1.189327,18.111376,1,14201,1,1,0,0,0,0,0,0,0,0,0,0,0,1
1082,6,964a36a123b4adbc,1.93715,20.0,1,14490,1,0,0,0,1,0,0,0,0,0,0,0,0,1
1083,6,b1973fa4df9d3762,1.455308,18.927876,1,14323,1,1,0,0,1,0,0,0,0,0,0,0,0,0
1084,6,5629f494962eb5fb,1.094413,20.0,1,14408,1,1,0,0,1,0,0,0,0,0,0,0,0,1
1085,6,7e1a0bcfb52a5e7d,0.822191,19.401882,1,14313,1,1,0,0,1,0,0,0,0,0,0,0,0,0
1086,6,e6377ce65dae3465,1.661335,18.054754,1,14562,1,0,0,0,0,0,0,0,0,0,0,0,0,1
1087,6,b2cd3f4719db3f19,2.293498,20.0,1,14484,2,1,0,0,1,0,0,0,0,0,0,0,0,1
1088,6,c4cf3bd4aaffaace,1.723019,20.0,1,14589,1,1,0,0,1,0,0,0,0,0,0,0,0,1
1089,6,f08c247c4f655611,1.29444,20.0,1,14494,1,1,0,0,1,0,0,0,0,0,0,0,0,0
1090,6,9645b233b7ee5ed8,0.972464,20.0,1,14670,1,1,0,0,1,0,0,0,0,0,0,0,0,1
1091,6,f11ad35494667fbb,2.819608,20.0,1,14510,2,0,0,0,0,0,0,0,0,0,0,0,0,1
1092,6,8e5aa53cf751c496,2.118266,20.0,1,14610,1,1,0,0,1,0,0,0,0,0,0,0,0,1
1093,6,c24e3162dd10b0ad,1.591374,20.0,1,14640,1,1,0,0,1,0,0,0,0,0,0,0,0,0
1094,6,ed923b302433414e,1.196736,20.0,1,14634,1,1,0,0,1,0,0,0,0,0,0,0,0,1
1095,6,c68750cc70fc9a5f,0.899063,20.0,1,14504,1,1,0,0,1,0,0,0,0,0,0,0,0,0
1096,6,8248f78f6da401cc,2.762739,18.550331,1,14716,2,0,0,0,0,0,0,0,0,0,0,0,0,1
1097,6,b08e10fe0c0353d1,2.075543,20.0,1,14716,1,1,0,0,1,0,0,0,0,0,0,0,0,1
1098,6,3a55e1f099bf3a41,1.560838,20.0,1,14788,1,1,0,0,1,0,0,0,0,0,0,0,0,1
1099,6,18dd48dc8ff5224b,1.172599,20.0,1,14789,1,1,0,0,1,0,0,0,0,0,0,0,0,1
1100,6,186b352d2db39329,1.924583,18.023864,0,14962,2,1,0,0,0,0,0,0,0,0,0,0,0,0
1101,6,814c37ff93de61cd,2.491464,20.0,1,14841,1,0,0,0,1,0,0,0,0,0,0,0,0,1
1102,6,fe5898504efbab47,1.871744,20.0,1,15139,1,1,0,0,1,0,0,0,0,0,0,0,0,1
1103,6,2848bad70d1f485a,2.449825,20.0,1,15190,2,1,0,0,1,0,0,0,0,0,0,0,0,0
1104,6,342cf9fa5029b4a4,1.840462,20.0,1,15270,1,1,0,0,1,0,0,0,0,0,0,0,0,1
1105,6,4bb161ad0e7eb39a,2.428204,20.0,1,14973,1,0,0,0,0,0,0,0,0,0,0,0,0,1
1106,6,5c826f675116e881,1.824219,18.63389,1,15368,1,1,0,0,1,0,0,0,0,0,0,0,0,0
1107,6,904e847803f77cf7,2.414121,20.0,1,15386,2,1,0,0,1,0,0,0,0,0,0,0,0,1
1108,6,277275d31ca7b8c9,1.815453,20.0,1,15316,1,1,0,0,1,0,0,0,0,0,0,0,0,1
1109,6,458e847030017807,2.407536,20.0,1,15477,1,0,0,0,0,0,0,0,0,0,0,0,0,1
1110,6,d875475b86c5f5bf,2.852345,20.0,1,15418,2,1,0,0,1,0,0,0,0,0,0,0,0,1
1111,6,c1a16e060b84be84,2.14286,20.0,1,15371,1,1,0,0,1,0,0,0,0,0,0,0,0,1
1112,6,83731a07ce145d84,1.611461,20.0,1,15600,1,1,0,0,1,0,0,0,0,0,0,0,0,1
1113,6,6ed6a5ecc47491c9,2.254284,18.665407,0,15635,1,0,0,0,0,0,0,0,0,0,0,0,0,0
1114,6,5beff155e445f316,2.737213,20.0,1,15641,2,1,0,0,1,0,0,0,0,0,0,0,0,1
1115,6,83e7cb654e121f17,2.058423,20.0,1,15670,1,1,0,0,1,0,0,0,0,0,0,0,0,1
1116,6,f2668bda8a9e8bfb,2.59007,20.0,1,15786,1,0,0,0,0,0,0,0,0,0,0,0,0,1
1117,6,bf162683746b580a,2.989476,20.0,1,15898,2,1,0,0,1,0,0,0,0,0,0,0,0,1
1118,6,3c1f57ab015dcdf4,2.245881,20.0,1,15640,1,1,0,0,1,0,0,0,0,0,0,0,0,1
1119,6,19edbe5f7df56301,1.688935,20.0,1,15704,1,1,0,0,1,0,0,0,0,0,0,0,0,0
1120,6,cfdbc80b436520a6,1.268834,19.533746,1,15424,1,1,0,0,0,0,0,0,0,0,0,0,0,1
1121,6,a7977383de76f16a,1.996881,18.153818,1,15512,1,0,0,0,1,0,0,0,0,0,0,0,0,0
1122,6,ccab811a69657daa,1.501683,20.0,1,15604,1,1,0,0,1,0,0,0,0,0,0,0,0,1
1123,6,20ffed2c257446f8,2.171811,20.0,1,15621,2,1,0,0,1,0,0,0,0,0,0,0,0,1
1124,6,d5789f599abe53af,1.631601,20.0,1,15412,1,1,0,0,1,0,0,0,0,0,0,0,0,0
1125,6,c81e4387c0bab4b1,1.225761,20.0,1,15576,1,1,0,0,1,0,0,0,0,0,0,0,0,1
1126,6,c36725e28335f3d6,0.921789,20.0,1,15357,1,1,0,0,1,0,0,0,0,0,0,0,0,1
1127,6,daa77536f627e09c,0.692506,17.793227,0,15049,1,1,0,0,0,0,0,0,0,0,0,0,0,0
1128,6,4a8c9c42205977f6,1.563907,20.0,1,15018,1,0,0,0,1,0,0,0,0,0,0,0,0,1
1129,6,0b3d5608c10f3a2b,1.176081,20.0,1,16001,1,1,0,0,1,0,0,0,0,0,0,0,0,1
1130,6,6781c700c3a68de8,0.883545,20.0,1,15975,1,1,0,0,1,0,0,0,0,0,0,0,0,0
1131,6,8444e368eda4d70b,1.707428,20.0,1,15949,2,1,0,0,1,0,0,0,0,0,0,0,0,1
1132,6,e0bd4285ecf274d4,1.282727,20.0,1,16803,1,1,0,0,1,0,0,0,0,0,0,0,0,1
1133,6,fcb30063733b2d52,2.008779,20.0,1,16658,1,0,0,0,0,0,0,0,0,0,0,0,0,1
1134,6,d7d7748fce3ca964,2.552774,20.0,1,16665,2,1,0,0,1,0,0,0,0,0,0,0,0,1
1135,6,8270f50154afc804,1.917804,20.0,1,16635,1,1,0,0,1,0,0,0,0,0,0,0,0,1
1136,6,7504c230978469b0,1.442216,20.0,1,16448,1,1,0,0,1,0,0,0,0,0,0,0,0,1
1137,6,1407427719892012,2.127136,20.0,1,16504,2,1,0,0,1,0,0,0,0,0,0,0,0,0
1138,6,15d1464ecf40482f,1.598038,20.0,1,16896,1,1,0,0,1,0,0,0,0,0,0,0,0,1
1139,6,a0646f51c504a85e,3.287853,20.0,1,16802,2,0,0,0,0,0,0,0,0,0,0,0,0,1
1140,7,1fd48474a6be9a50,2.472512,20.0,1,14907,1,1,0,0,1,0,0,0,0,0,0,0,0,1
1141,7,40ab05863d40ab6a,1.857506,20.0,1,14034,1,1,0,0,1,0,0,0,0,0,0,0,0,1
1142,7,9fa3e60e300cac94,2.439128,20.0,1,14129,2,1,0,0,1,0,0,0,0,0,0,0,0,1
1143,7,9522afc9eb92ebd2,2.87841,18.923699,0,14102,1,0,0,0,0,0,0,0,0,0,0,0,0,0
1144,7,0fba0eaa5e567fe1,1.118788,17.695512,1,14161,0,1,0,0,1,0,0,0,0,0,0,0,0,0
1145,7,8f9f8c22e25048df,1.884157,20.0,1,13811,2,1,0,0,1,0,0,0,0,0,0,0,0,1
1146,7,025aca0c2fc547cd,0.371843,15.21432,0,14012,0,1,0,0,0,0,0,0,0,0,0,0,0,0
1147,7,ea7305c3d0c4eb0e,2.367933,18.402389,1,13930,2,0,0,0,1,0,0,0,0,0,0,0,0,1
1148,7,b3bc2710b036c5b2,1.778939,20.0,1,14097,1,1,0,0,1,0,0,0,0,0,0,0,0,1
1149,7,3c254a4fca255c07,1.336451,20.0,1,13995,1,1,0,0,1,0,0,0,0,0,0,0,0,1
1150,7,7fb0256f65ce4ff6,1.00503,20.0,1,14030,1,1,0,0,1,0,0,0,0,0,0,0,0,0
1151,7,a69e89495c03d18a,1.798695,15.366468,0,13914,1,0,0,0,0,0,0,0,0,0,0,0,0,0
1152,7,ba87dd4319678e85,0.307639,18.501942,1,13982,0,1,0,0,1,0,0,0,0,0,0,0,0,1
1153,7,3e895dd2e76d3ae9,1.274771,20.0,1,13856,2,1,0,0,1,0,0,0,0,0,0,0,0,1
1154,7,5bfa9aaebee05047,0.958646,19.165644,1,13931,1,1,0,0,1,0,0,0,0,0,0,0,0,0
1155,7,ca3938afd42b6b51,1.763848,17.877276,1,13960,1,0,0,0,0,0,0,0,0,0,0,0,0,1
1156,7,3840b1179d01d5ca,1.325113,20.0,1,14068,1,1,0,0,1,0,0,0,0,0,0,0,0,1
1157,7,3ad00a257add4750,0.996504,18.812733,1,14042,1,1,0,0,1,0,0,0,0,0,0,0,0,0
1158,7,715e21df0f1ac6b8,0.748636,20.0,1,13997,1,1,0,0,1,0,0,0,0,0,0,0,0,1
1159,7,ab882b57d80326bc,1.606076,19.323718,1,14053,1,0,0,0,0,0,0,0,0,0,0,0,0,1
1160,7,de121b1615b372cf,2.250238,17.996032,1,13837,2,1,0,0,1,0,0,0,0,0,0,0,0,0
1161,7,58b8431551715724,1.692211,20.0,1,13952,1,1,0,0,1,0,0,0,0,0,0,0,0,1
1162,7,23e17bd6c1c20f85,1.271295,20.0,1,14023,1,1,0,0,1,0,0,0,0,0,0,0,0,1
1163,7,6c8b0d01b8cfd1ce,1.99873,20.0,1,13911,1,0,0,0,0,0,0,0,0,0,0,0,0,1
1164,7,2551e34755c8a168,1.503073,18.725916,1,13905,1,1,0,0,1,0,0,0,0,0,0,0,0,0
1165,7,8c235a0ae63b488b,1.129203,20.0,1,13948,1,1,0,0,1,0,0,0,0,0,0,0,0,1
1166,7,2bce3cabc81dd490,0.848328,19.27472,1,14191,1,1,0,0,1,0,0,0,0,0,0,0,0,0
1167,7,308bd744ed8c33ff,1.68097,20.0,1,13947,2,1,0,0,1,0,0,0,0,0,0,0,0,1
1168,7,51952867e827cf95,2.308264,19.602232,1,13982,1,0,0,0,0,0,0,0,0,0,0,0,0,1
1169,7,443f5748c5da71ed,1.734113,18.205269,1,13919,1,1,0,0,1,0,0,0,0,0,0,0,0,0
1170,7,30f0b4f090c40f84,1.302774,20.0,1,13945,1,1,0,0,1,0,0,0,0,0,0,0,0,1
1171,7,1d09943f7d6afd36,0.979705,18.998035,1,13910,1,1,0,0,1,0,0,0,0,0,0,0,0,0
1172,7,38015449e0d5de60,2.823322,17.751358,1,13935,2,0,0,0,0,0,0,0,0,0,0,0,0,1
1173,7,7eda3c507e379896,2.121056,20.0,1,13813,1,1,0,0,1,0,0,0,0,0,0,0,0,1
1174,7,8ddbb87888b6632c,1.59347,20.0,1,14087,1,1,0,0,1,0,0,0,0,0,0,0,0,1
1175,7,743b899e427a8843,2.242463,20.0,1,13946,1,0,0,0,0,0,0,0,0,0,0,0,0,1
1176,7,0c769c4870421458,1.684679,18.637725,1,13874,1,1,0,0,1,0,0,0,0,0,0,0,0,0
1177,7,b3cb3f9c2c374222,1.265636,20.0,1,13838,1,1,0,0,1,0,0,0,0,0,0,0,0,1
1178,7,79d4b14d63ec3f81,1.995927,19.242356,1,13982,1,0,0,0,0,0,0,0,0,0,0,0,0,1
1179,7,7941b6f480f70fb1,2.543119,20.0,1,13813,2,1,0,0,1,0,0,0,0,0,0,0,0,1
1180,7,44e2b6a536740bc0,1.91055,19.566196,1,13971,1,1,0,0,1,0,0,0,0,0,0,0,0,0
1181,7,419f91ee017e6be2,2.478978,18.178196,1,13831,1,0,0,0,0,0,0,0,0,0,0,0,0,1
1182,7,addf75071cc28465,1.864227,17.150764,1,13847,1,1,0,0,1,0,0,0,0,0,0,0,0,0
1183,7,b1a3d42f7919f3de,2.444177,16.363572,1,13807,1,0,0,0,0,0,0,0,0,0,0,0,0,1
1184,7,68b7d6167824b816,1.836219,19.251029,1,14042,1,1,0,0,1,0,0,0,0,0,0,0,0,1
1185,7,8c79014b59051ef7,1.380863,17.95755,1,13471,1,1,0,0,1,0,0,0,0,0,0,0,0,0
1186,7,ca8b1a082b684a61,2.081044,16.969681,1,14030,1,0,0,0,0,0,0,0,0,0,0,0,0,1
1187,7,2296eb66a8b293da,1.563411,16.227531,1,14106,1,1,0,0,1,0,0,0,0,0,0,0,0,0
1188,7,f8a8b4e745128f64,1.174532,19.148827,1,14012,1,1,0,0,1,0,0,0,0,0,0,0,0,1
1189,7,6c9a5be37c2c89e3,0.883265,17.880692,1,13778,1,1,0,0,1,0,0,0,0,0,0,0,0,0
1190,7,c560fdfc511ca4eb,1.707217,16.91194,1,14079,1,0,0,0,0,0,0,0,0,0,0,0,0,1
1191,7,527ec356edf24bac,1.282568,16.184153,1,14029,1,1,0,0,1,0,0,0,0,0,0,0,0,0
1192,7,d6a877f49a6f655e,0.96451,19.131717,1,13767,1,1,0,0,1,0,0,0,0,0,0,0,0,1
1193,7,2148ac7bb8563403,0.7246,14.372944,0,14004,1,1,0,0,0,0,0,0,0,0,0,0,0,0
1194,7,7f99898413223d92,1.588018,17.755544,1,14018,1,0,0,0,1,0,0,0,0,0,0,0,0,1
1195,7,f011ba1f6a819228,1.193019,16.817921,1,13977,1,1,0,0,1,0,0,0,0,0,0,0,0,0
1196,7,8a2c864ad3d62bc1,0.897167,19.60832,1,13956,1,1,0,0,1,0,0,0,0,0,0,0,0,1
1197,7,a4ca81b04e9e6513,1.717661,18.209842,1,14105,1,0,0,0,0,0,0,0,0,0,0,0,0,1
1198,7,45c2ab7ee76a401d,2.334068,20.0,1,14078,2,1,0,0,1,0,0,0,0,0,0,0,0,1
1199,7,933fdd5d9b1d53d8,1.755253,19.000619,1,14001,1,1,0,0,1,0,0,0,0,0,0,0,0,0
1200,7,24e4572c2abebe5f,1.318656,20.0,1,14160,1,1,0,0,1,0,0,0,0,0,0,0,0,1
1201,7,1591144484c32755,0.990657,19.42976,1,13954,1,1,0,0,1,0,0,0,0,0,0,0,0,0
1202,7,b6ecae13168a8da4,0.744243,18.075697,1,14097,1,1,0,0,0,0,0,0,0,0,0,0,0,1
1203,7,06951b7dcea6fcfe,1.603832,17.073684,1,14011,1,0,0,0,1,0,0,0,0,0,0,0,0,0
1204,7,5fdc5bdc275546b2,2.248552,19.784509,1,14186,2,1,0,0,1,0,0,0,0,0,0,0,0,1
1205,7,cd64b140aacfc3e2,1.689253,20.0,1,14113,1,1,0,0,1,0,0,0,0,0,0,0,0,1
1206,7,c9a72c6b06dc794a,1.270343,19.890243,1,14076,1,1,0,0,1,0,0,0,0,0,0,0,0,0
1207,7,1d632492d9a5c495,1.998014,18.421641,1,14155,1,0,0,0,0,0,0,0,0,0,0,0,0,1
1208,7,29f5024581e49afc,1.501033,20.0,1,14112,1,1,0,0,1,0,0,0,0,0,0,0,0,1
1209,7,a51905093f979b75,2.171324,20.0,1,13960,2,1,0,0,1,0,0,0,0,0,0,0,0,1
1210,7,248acb7fda94dd29,1.632866,20.0,1,14075,1,1,0,0,1,0,0,0,0,0,0,0,0,1
1211,7,8e9743a69f30a5f7,2.270365,17.987378,0,14173,1,0,0,0,0,0,0,0,0,0,0,0,0,0
1212,7,a7b49be97d6d5791,1.70564,20.0,1,14162,1,1,0,0,1,0,0,0,0,0,0,0,0,1
1213,7,358efe06964d682b,1.282666,20.0,1,14078,1,1,0,0,1,0,0,0,0,0,0,0,0,1
1214,7,f8ed293189dce49f,0.963619,20.0,1,14042,1,1,0,0,1,0,0,0,0,0,0,0,0,1
1215,7,3ea88c075c2c55a7,0.723931,20.0,1,14128,1,1,0,0,1,0,0,0,0,0,0,0,0,0
1216,7,a3014c5e19c1c1e5,1.587516,19.498171,1,14116,1,0,0,0,0,0,0,0,0,0,0,0,0,1
1217,7,3b8fa0a05954e9c4,2.237985,20.0,1,14024,2,1,0,0,1,0,0,0,0,0,0,0,0,1
1218,7,675400b9bee2de8d,1.681314,20.0,1,14395,1,1,0,0,1,0,0,0,0,0,0,0,0,1
1219,7,34dda23036446e6d,1.263109,20.0,1,14168,1,1,0,0,1,0,0,0,0,0,0,0,0,0
1220,7,41edaf51d8d6af52,0.949876,20.0,1,14383,1,1,0,0,1,0,0,0,0,0,0,0,0,1
1221,7,b0786f017685b7f8,1.757259,17.043047,0,14944,1,0,0,0,0,0,0,0,0,0,0,0,0,0
1222,7,a2945aa9bce39c70,1.320163,19.761493,1,14775,1,1,0,0,1,0,0,0,0,0,0,0,0,1
1223,7,5b1861819bce45ce,0.991789,20.0,1,14709,1,1,0,0,1,0,0,0,0,0,0,0,0,1
1224,7,bcbca6dac199b4ab,2.834141,19.87724,1,14477,2,0,0,0,0,0,0,0,0,0,0,0,0,1
1225,7,07cf8374260f2ad5,2.129184,18.411872,1,14353,1,1,0,0,1,0,0,0,0,0,0,0,0,0
1226,7,e2fee026bab06228,1.599576,20.0,1,14632,1,1,0,0,1,0,0,0,0,0,0,0,0,1
1227,7,433c206abd1db4b9,2.247055,15.634256,0,14608,1,0,0,0,0,0,0,0,0,0,0,0,0,0
1228,7,eec2418f79d573fe,1.688128,18.703121,1,14392,1,1,0,0,1,0,0,0,0,0,0,0,0,1
1229,7,dd213e5c71ec8592,2.311881,17.5298,1,14399,1,0,0,0,0,0,0,0,0,0,0,0,0,1
1230,7,717288ae5fd2726f,1.73683,16.648328,1,14187,1,1,0,0,1,0,0,0,0,0,0,0,0,0
1231,7,11eb6ae54e94f3e9,1.306121,19.480783,1,13942,1,1,0,0,1,0,0,0,0,0,0,0,0,1
1232,7,1964c08ee3a7b939,2.024893,18.114029,1,14311,1,0,0,0,0,0,0,0,0,0,0,0,0,1
1233,7,7864a86c76170bd9,1.521226,17.087237,1,14069,1,1,0,0,1,0,0,0,0,0,0,0,0,0
1234,7,1b68529551d035bb,1.143984,19.810849,1,13943,1,1,0,0,1,0,0,0,0,0,0,0,0,1
1235,7,a8a1606135ba1298,0.859432,18.361995,1,13837,1,1,0,0,1,0,0,0,0,0,0,0,0,0
1236,7,ee2c0840c8224ebe,1.689313,17.273525,1,14013,1,0,0,0,0,0,0,0,0,0,0,0,0,1
1237,7,94d7779f16b0e8d1,1.269118,16.455798,1,13962,1,1,0,0,1,0,0,0,0,0,0,0,0,0
1238,7,89b292c92350eef9,0.954394,19.335998,1,13489,1,1,0,0,1,0,0,0,0,0,0,0,0,1
1239,7,bc87e518580dcc93,1.760654,18.005257,1,13418,1,0,0,0,0,0,0,0,0,0,0,0,0,1
1240,7,fab68bb801b84bf0,1.322714,17.005521,1,13500,1,1,0,0,1,0,0,0,0,0,0,0,0,0
1241,7,8f4f18613807aa6a,0.9947,19.749398,1,13338,1,1,0,0,1,0,0,0,0,0,0,0,0,1
1242,7,fb6d6b37edb2a429,1.790934,18.315829,1,13522,1,0,0,0,0,0,0,0,0,0,0,0,0,1
1243,7,405443d10c1d33a7,2.389115,17.238842,1,13652,2,1,0,0,1,0,0,0,0,0,0,0,0,0
1244,7,67623f9d927ec2af,1.794853,19.908587,1,13634,1,1,0,0,1,0,0,0,0,0,0,0,0,1
1245,7,3923c2a1d874c61e,1.349755,18.452043,1,13375,1,1,0,0,1,0,0,0,0,0,0,0,0,0
1246,7,d01e7dce56010cfc,1.01402,13.86233,0,13674,0,0,0,0,0,0,0,0,0,0,0,0,0,0
1247,7,612833ffcaa74606,0.761796,17.371939,1,13366,1,1,0,0,1,0,0,0,0,0,0,0,0,1
1248,7,59e1b87640f10beb,0.572881,16.544448,1,13528,1,1,0,0,1,0,0,0,0,0,0,0,0,0
1249,7,3b753d8b1707969a,1.474038,19.386914,1,13415,2,1,0,0,1,0,0,0,0,0,0,0,0,1
1250,7,1ff4be8290adac60,2.151043,18.043508,1,13427,1,0,0,0,0,0,0,0,0,0,0,0,0,1
1251,7,6fd3bf2f4620c667,1.615998,20.0,1,13550,1,1,0,0,1,0,0,0,0,0,0,0,0,1
1252,7,542f73431e0a8dc4,1.215253,20.0,1,13494,1,1,0,0,1,0,0,0,0,0,0,0,0,1
1253,7,ba09ff78898cbdff,0.912975,20.0,1,13524,1,1,0,0,1,0,0,0,0,0,0,0,0,1
1254,7,0f8acd4f6853f027,1.729537,20.0,1,13612,2,1,0,0,1,0,0,0,0,0,0,0,0,0
1255,7,2da7209591eb6d20,2.344787,19.529315,1,13577,1,0,0,0,0,0,0,0,0,0,0,0,0,1
1256,7,b21a9f7dec2ae6cf,1.761551,20.0,1,13568,1,1,0,0,1,0,0,0,0,0,0,0,0,1
1257,7,e2d76e5f7d86fc1f,1.323387,20.0,1,13528,1,1,0,0,1,0,0,0,0,0,0,0,0,1
1258,7,65f73e082bfba57e,2.037865,17.434551,0,13461,1,0,0,0,0,0,0,0,0,0,0,0,0,0
1259,7,fe08d9eb136105ad,2.576654,20.0,1,13625,2,1,0,0,1,0,0,0,0,0,0,0,0,1
1260,7,a2cd32353cd08f9c,1.935744,20.0,1,13531,1,1,0,0,1,0,0,0,0,0,0,0,0,1
1261,7,05b80f9afcffcf54,1.454252,20.0,1,13571,1,1,0,0,1,0,0,0,0,0,0,0,0,1
1262,7,9d72ff59bea204f0,2.137769,20.0,1,13246,1,0,0,0,0,0,0,0,0,0,0,0,0,1
1263,7,aad2689adb011bce,1.606026,19.377698,1,13629,1,1,0,0,1,0,0,0,0,0,0,0,0,0
1264,7,d6e998f41f1d0f38,1.206547,20.0,1,13471,1,1,0,0,1,0,0,0,0,0,0,0,0,1
1265,7,92d3a85571c335a9,1.950087,16.163737,0,13559,1,0,0,0,0,0,0,0,0,0,0,0,0,0
1266,7,0f6b8ae4ddfd4c16,1.466493,19.116364,1,13450,1,1,0,0,1,0,0,0,0,0,0,0,0,1
1267,7,f7aa8f7fa08a5743,2.145375,20.0,1,13391,2,1,0,0,1,0,0,0,0,0,0,0,0,1
1268,7,a1ad5a7cefc51644,2.655393,16.016242,0,13470,1,0,0,0,0,0,0,0,0,0,0,0,0,0
1269,7,f5f199c7390c690a,1.996894,19.005446,1,13326,1,1,0,0,1,0,0,0,0,0,0,0,0,1
1270,7,f795d106ddd91257,1.500192,17.756925,1,13344,1,1,0,0,0,0,0,0,0,0,0,0,0,1
1271,7,36785fc0feb0c290,2.170691,16.818959,1,13404,1,0,0,0,1,0,0,0,0,0,0,0,0,0
1272,7,6c9e0059a587c84f,1.630759,19.593144,1,13277,1,1,0,0,1,0,0,0,0,0,0,0,0,1
1273,7,b5e60f7df1846a47,2.270505,14.734324,0,13212,1,0,0,0,0,0,0,0,0,0,0,0,0,0
1274,7,2249c0f31b2d9af8,2.749399,14.548191,1,13337,1,0,0,0,0,0,0,0,0,0,0,0,0,1
1275,7,9e3274984893107e,2.06552,14.408357,1,13621,1,1,0,0,1,0,0,0,0,0,0,0,0,0
1276,7,d3deb1fe4d296a72,1.553301,17.796293,1,13371,1,1,0,0,1,0,0,0,0,0,0,0,0,1
1277,7,2d4446f589820b7d,2.21059,13.36969,0,13228,1,0,0,0,0,0,0,0,0,0,0,0,0,0
1278,7,34d3c1c163b8a615,1.660734,17.001837,1,13516,1,1,0,0,1,0,0,0,0,0,0,0,0,1
1279,7,1b8d5ad41c925335,2.291301,12.772845,0,13634,1,0,0,0,0,0,0,0,0,0,0,0,0,0
1280,7,6794ef695ce9d89b,1.723091,16.566365,1,13586,1,1,0,0,1,0,0,0,0,0,0,0,0,1
1281,7,1c282f6ab6f0b179,2.338147,19.403379,1,13633,2,1,0,0,1,0,0,0,0,0,0,0,0,1
1282,7,57cdee4608d86350,1.756562,20.0,1,13568,1,1,0,0,1,0,0,0,0,0,0,0,0,1
1283,7,3f6ac8b70e7600a9,2.36511,16.194418,0,13786,1,0,0,0,0,0,0,0,0,0,0,0,0,0
1284,7,4e370b5b3adc8669,1.776819,19.12395,1,13785,1,1,0,0,1,0,0,0,0,0,0,0,0,1
1285,7,3f2dc4f0ffba2758,2.378511,20.0,1,13873,2,1,0,0,1,0,0,0,0,0,0,0,0,1
1286,7,cc5fd7f478480a53,2.83054,19.499368,1,14040,1,0,0,0,0,0,0,0,0,0,0,0,0,1
1287,7,766495e798b51874,2.128606,20.0,1,13973,1,1,0,0,1,0,0,0,0,0,0,0,0,1
1288,7,42e0c25e3bdf1a82,1.599142,19.724753,1,14135,1,1,0,0,1,0,0,0,0,0,0,0,0,0
1289,7,c9201e3d75e9c1f6,2.245029,18.297314,1,14027,1,0,0,0,0,0,0,0,0,0,0,0,0,1
1290,7,dc3407a2684f531b,1.688294,20.0,1,14128,1,1,0,0,1,0,0,0,0,0,0,0,0,1
1291,7,9a613d53fe5c985d,1.268352,19.04564,1,14154,1,1,0,0,1,0,0,0,0,0,0,0,0,0
1292,7,ac8b9b3660674932,1.996519,20.0,1,14214,2,1,0,0,1,0,0,0,0,0,0,0,0,1
1293,7,86b9bafa847f215e,2.543563,19.45517,1,14447,1,0,0,0,0,0,0,0,0,0,0,0,0,1
1294,7,b80b086c8cbff65a,1.912796,20.0,1,14344,1,1,0,0,1,0,0,0,0,0,0,0,0,1
1295,7,4c134b891214de2f,1.437012,20.0,1,14335,1,1,0,0,1,0,0,0,0,0,0,0,0,1
1296,7,1ad457db8ef40099,1.079573,20.0,1,14628,1,1,0,0,1,0,0,0,0,0,0,0,0,0
1297,7,0d3f33d244e15147,1.856005,20.0,1,14465,2,1,0,0,0,0,0,0,0,0,0,0,0,2
1298,7,a5c27e410c7ca89d,2.438001,20.0,1,14393,1,0,0,0,1,0,0,0,0,0,0,0,0,0
1299,7,38b35f46938b16a3,1.831579,20.0,1,14419,1,1,0,0,1,0,0,0,0,0,0,0,0,1
1300,7,3d41db6eb9ee8c47,1.375997,20.0,1,14050,1,1,0,0,1,0,0,0,0,0,0,0,0,1
1301,7,61d82832677cb341,1.034769,17.8689,0,14112,1,1,0,0,0,0,0,0,0,0,0,0,0,0
1302,7,beb444474b44fbd2,2.86469,20.0,1,14026,2,0,0,0,1,0,0,0,0,0,0,0,0,1
1303,7,d3176a33291348fa,2.152135,20.0,1,14049,1,1,0,0,1,0,0,0,0,0,0,0,0,1
1304,7,df9ea94e65331354,1.618436,20.0,1,14085,1,1,0,0,1,0,0,0,0,0,0,0,0,1
1305,7,afb37e12dec96f00,1.21587,20.0,1,14024,1,1,0,0,1,0,0,0,0,0,0,0,0,0
1306,7,f1a9a34c1ec9c501,1.957091,19.473207,1,14124,1,0,0,0,0,0,0,0,0,0,0,0,0,1
1307,7,fd3ae02b3ec2583b,1.47029,18.108337,1,14201,1,1,0,0,1,0,0,0,0,0,0,0,0,0
1308,7,e32b0ea449da3f10,1.105679,20.0,1,14407,1,1,0,0,1,0,0,0,0,0,0,0,0,1
1309,7,fdc38cb730227e86,1.874308,20.0,1,14509,2,1,0,0,1,0,0,0,0,0,0,0,0,1
1310,7,db48c9d8d80c1b9e,2.451751,20.0,1,14367,1,0,0,0,0,0,0,0,0,0,0,0,0,1
1311,7,4a419f479ebb3682,1.843752,18.761762,1,14522,1,1,0,0,1,0,0,0,0,0,0,0,0,0
1312,7,7374f09ec5e64b30,2.428795,17.573855,1,14665,1,0,0,0,0,0,0,0,0,0,0,0,0,1
1313,7,dce22ea1b7629413,2.868316,20.0,1,14789,2,1,0,0,1,0,0,0,0,0,0,0,0,1
1314,7,a34760d0ba731eb4,2.154859,18.624501,1,14828,1,1,0,0,1,0,0,0,0,0,0,0,0,0
1315,7,6402fed0b175c049,2.664635,17.486392,1,14891,1,0,0,0,0,0,0,0,0,0,0,0,0,1
1316,7,737a9391c0cfebcb,2.001841,16.615717,1,15128,1,1,0,0,1,0,0,0,0,0,0,0,0,0
1317,7,af6d2455b7648ace,2.547561,20.0,1,15283,2,1,0,0,1,0,0,0,0,0,0,0,0,2
1318,7,101addaeff2dfc0d,1.915803,20.0,1,15007,1,1,0,0,1,0,0,0,0,0,0,0,0,0
1319,7,1335a7380b26c9c8,2.482924,19.042108,1,15240,1,0,0,0,0,0,0,0,0,0,0,0,0,1
1320,7,bad11592d1b805b0,1.865328,17.784468,1,15261,1,1,0,0,1,0,0,0,0,0,0,0,0,0
1321,7,e8a529e67767ca4e,1.401351,20.0,1,16155,1,1,0,0,1,0,0,0,0,0,0,0,0,1
1322,7,58422d831bf0780d,1.053836,18.7603,1,15660,1,1,0,0,1,0,0,0,0,0,0,0,0,0
1323,7,7189ac22e381ccba,1.835361,20.0,1,14928,2,1,0,0,1,0,0,0,0,0,0,0,0,1
1324,7,67b41c16d54865f1,1.378838,20.0,1,15235,1,1,0,0,1,0,0,0,0,0,0,0,0,1
1325,7,cdbbe3bf4f608a63,1.036906,20.0,1,16424,1,1,0,0,1,0,0,0,0,0,0,0,0,1
1326,7,d294acb1a860a113,1.822642,18.095363,0,16813,1,0,0,0,0,0,0,0,0,0,0,0,0,0
1327,7,b0c8657a32b8f56e,1.369283,20.0,1,16506,1,1,0,0,1,0,0,0,0,0,0,0,0,1
1328,7,2088aaf519e6e875,1.028691,20.0,1,17052,1,1,0,0,1,0,0,0,0,0,0,0,0,1
1329,7,6bc9db505e551dfb,1.817741,20.0,1,16572,2,1,0,0,1,0,0,0,0,0,0,0,0,1
1330,7,4fc1d31a93a9e32a,1.365601,20.0,1,17181,1,1,0,0,1,0,0,0,0,0,0,0,0,1
1331,7,9f5c2c1ba30e98a2,2.069578,18.662137,0,17412,1,0,0,0,0,0,0,0,0,0,0,0,0,0
1332,7,c8c16e9b23fe9823,1.556352,20.0,1,17263,1,1,0,0,1,0,0,0,0,0,0,0,0,1
1333,7,1f4baccecff49f7a,1.169229,19.251751,1,17330,1,1,0,0,1,0,0,0,0,0,0,0,0,0
1334,7,54a210042cdcb644,1.922052,20.0,1,17820,2,1,0,0,1,0,0,0,0,0,0,0,0,1
1335,7,cf76ea4c6859e823,1.443966,20.0,1,17690,1,1,0,0,1,0,0,0,0,0,0,0,0,1
1336,7,5d887ff99631fbaf,2.130033,20.0,1,17478,2,1,0,0,1,0,0,0,0,0,0,0,0,1
1337,7,69f55ef73f773043,1.600214,20.0,1,17103,1,1,0,0,1,0,0,0,0,0,0,0,0,1
1338,7,cc5de6839f14f2ea,2.245835,20.0,1,16631,2,1,0,0,1,0,0,0,0,0,0,0,0,1
1339,7,5622533ec2f6c9bf,1.6889,20.0,1,16642,1,1,0,0,1,0,0,0,0,0,0,0,0,0
1340,7,b887e232efa991e6,2.31246,20.0,1,14901,1,0,0,0,0,0,0,0,0,0,0,0,0,1
1341,7,c4daceb99a82af26,1.737265,19.048234,1,13737,1,1,0,0,1,0,0,0,0,0,0,0,0,0
1342,7,3a42fd781043b837,1.305142,20.0,1,13954,1,1,0,0,1,0,0,0,0,0,0,0,0,1
1343,7,47a499712bd21c9d,0.981486,20.0,1,14088,1,1,0,0,1,0,0,0,0,0,0,0,0,1
1344,7,afbbd711606aa4f8,1.781007,17.245067,0,13957,1,0,0,0,0,0,0,0,0,0,0,0,0,0
1345,7,7b282730e1f262de,1.338004,19.913263,1,13838,1,1,0,0,1,0,0,0,0,0,0,0,0,1
1346,7,e8b89e53fca9fe0f,1.006198,20.0,1,14202,1,1,0,0,1,0,0,0,0,0,0,0,0,1
1347,7,e49397f368972d6d,1.799572,20.0,1,14021,2,1,0,0,1,0,0,0,0,0,0,0,0,1
1348,7,8aba262a7fcdbc36,1.351951,17.607666,0,14250,1,1,0,0,0,0,0,0,0,0,0,0,0,0
1349,8,1fd48474a6be9a50,2.059324,20.0,1,13947,1,0,0,0,1,0,0,0,0,0,0,0,0,1
1350,8,40ab05863d40ab6a,1.548641,20.0,1,14055,1,1,0,0,1,0,0,0,0,0,0,0,0,1
1351,8,9fa3e60e300cac94,1.163436,20.0,1,14296,1,1,0,0,1,0,0,0,0,0,0,0,0,1
1352,8,9522afc9eb92ebd2,0.874046,20.0,1,13983,1,1,0,0,1,0,0,0,0,0,0,0,0,0
1353,8,0fba0eaa5e567fe1,1.701446,19.424805,1,14153,1,0,0,0,0,0,0,0,0,0,0,0,0,1
1354,8,8f9f8c22e25048df,2.321886,20.0,1,13928,2,1,0,0,1,0,0,0,0,0,0,0,0,1
1355,8,025aca0c2fc547cd,1.744346,20.0,1,13993,1,1,0,0,1,0,0,0,0,0,0,0,0,1
1356,8,ea7305c3d0c4eb0e,1.310462,20.0,1,13831,1,1,0,0,0,0,0,0,0,0,0,0,0,1
1357,8,b3bc2710b036c5b2,2.029637,19.174349,1,14070,1,0,0,0,1,0,0,0,0,0,0,0,0,0
1358,8,3c254a4fca255c07,1.52479,20.0,1,14042,1,1,0,0,1,0,0,0,0,0,0,0,0,1
1359,8,7fb0256f65ce4ff6,1.145518,19.527813,1,13998,1,1,0,0,1,0,0,0,0,0,0,0,0,0
1360,8,a69e89495c03d18a,1.905596,18.165695,1,14006,1,0,0,0,0,0,0,0,0,0,0,0,0,1
1361,8,ba87dd4319678e85,2.475257,20.0,1,13941,2,1,0,0,1,0,0,0,0,0,0,0,0,1
1362,8,3e895dd2e76d3ae9,1.859568,18.958533,1,13936,1,1,0,0,1,0,0,0,0,0,0,0,0,0
1363,8,5bfa9aaebee05047,1.397024,20.0,1,14023,1,1,0,0,1,0,0,0,0,0,0,0,0,1
1364,8,ca3938afd42b6b51,1.050582,19.4236,1,13928,1,1,0,0,1,0,0,0,0,0,0,0,0,0
1365,8,3840b1179d01d5ca,1.832916,18.071069,1,13992,1,0,0,0,0,0,0,0,0,0,0,0,0,1
1366,8,3ad00a257add4750,1.377001,17.054963,1,14123,1,1,0,0,1,0,0,0,0,0,0,0,0,0
1367,8,715e21df0f1ac6b8,1.035525,19.786579,1,13941,1,1,0,0,1,0,0,0,0,0,0,0,0,1
1368,8,ab882b57d80326bc,1.821604,20.0,1,14066,2,1,0,0,1,0,0,0,0,0,0,0,0,1
1369,8,de121b1615b372cf,1.368503,19.873353,1,13977,1,1,0,0,1,0,0,0,0,0,0,0,0,0
1370,8,0469b68beb7ba893,2.071759,18.408951,1,13949,1,0,0,0,0,0,0,0,0,0,0,0,0,1
1371,8,77ed09b9b5fdd2d5,1.557992,20.0,1,14027,1,1,0,0,1,0,0,0,0,0,0,0,0,1
1372,8,f528f75252723e1c,1.170461,20.0,1,14013,1,1,0,0,1,0,0,0,0,0,0,0,0,1
1373,8,c2f4dc060312be30,1.922977,20.0,1,13848,2,1,0,0,1,0,0,0,0,0,0,0,0,1
1374,8,f6d7570dbe7171fa,2.490257,20.0,1,13894,1,0,0,0,0,0,0,0,0,0,0,0,0,1
1375,8,50afc0b225fbdddd,1.870837,19.611347,1,14079,1,1,0,0,1,0,0,0,0,0,0,0,0,0
1376,8,77cb534e4dd68f47,1.40549,20.0,1,13954,1,1,0,0,1,0,0,0,0,0,0,0,0,1
1377,8,03a072c123c7f460,1.055892,20.0,1,13958,1,1,0,0,1,0,0,0,0,0,0,0,0,1
1378,8,40a0b4653c2b8b16,0.794046,17.486811,0,13772,1,1,0,0,0,0,0,0,0,0,0,0,0,0
1379,8,8ced9c6091029967,1.64019,20.0,1,14099,1,0,0,0,1,0,0,0,0,0,0,0,0,1
1380,8,674cb12ba4ef8cda,1.232214,20.0,1,13976,1,1,0,0,1,0,0,0,0,0,0,0,0,1
1381,8,d57b64595e7c32ad,1.970793,20.0,1,13930,2,1,0,0,1,0,0,0,0,0,0,0,0,1
1382,8,9f2629b0e0b2b516,1.480583,17.689297,0,13843,1,1,0,0,0,0,0,0,0,0,0,0,0,0
1383,8,9a611700f3a2a58b,2.15596,20.0,1,13861,1,0,0,0,1,0,0,0,0,0,0,0,0,1
1384,8,594e66c63de29c67,1.619692,18.689656,1,13959,1,1,0,0,1,0,0,0,0,0,0,0,0,0
1385,8,047b3498570e614d,2.262182,17.53539,1,13879,1,0,0,0,0,0,0,0,0,0,0,0,0,1
1386,8,378d1123cbabc548,2.743146,20.0,1,13951,2,1,0,0,1,0,0,0,0,0,0,0,0,1
1387,8,918953c23da89283,2.060823,15.123947,0,13789,1,1,0,0,0,0,0,0,0,0,0,0,0,0
1388,8,85a28377aa3ab8ee,2.593919,18.334427,1,13865,1,0,0,0,1,0,0,0,0,0,0,0,0,1
1389,8,2a49890c64457c92,1.948714,17.252814,1,13813,1,1,0,0,1,0,0,0,0,0,0,0,0,0
1390,8,fe899aeeedf1baa1,2.50765,16.440239,1,14053,1,0,0,0,0,0,0,0,0,0,0,0,0,1
1391,8,360e2b3fa87eb860,1.883903,15.829781,1,13888,1,1,0,0,1,0,0,0,0,0,0,0,0,0
1392,8,db46a3761088043b,1.416722,18.865225,1,13965,1,1,0,0,1,0,0,0,0,0,0,0,0,1
1393,8,87a3b2c90966418d,2.107984,17.651583,1,13843,2,1,0,0,0,0,0,0,0,0,0,0,0,1
1394,8,cad5614b5c9dfc3f,2.627303,20.0,1,13628,1,0,0,0,1,0,0,0,0,0,0,0,0,1
1395,8,e22ab041f40f020b,1.975769,20.0,1,13676,1,1,0,0,1,0,0,0,0,0,0,0,0,1
1396,8,61f0af6d0e1750cc,2.527975,16.652282,0,14026,1,0,0,0,0,0,0,0,0,0,0,0,0,0
1397,8,db9da9e77e8b99dc,1.899173,19.467926,1,13923,1,1,0,0,1,0,0,0,0,0,0,0,0,1
1398,8,a71a150d055e2753,1.426778,20.0,1,13869,1,1,0,0,1,0,0,0,0,0,0,0,0,1
1399,8,e879f6bf53bc85bc,1.072957,16.230884,0,13730,1,1,0,0,0,0,0,0,0,0,0,0,0,0
1400,8,355e007c685b4248,1.849726,19.151346,1,13736,1,0,0,0,1,0,0,0,0,0,0,0,0,1
1401,8,e2fceaed287fd98a,1.38963,20.0,1,13947,1,1,0,0,1,0,0,0,0,0,0,0,0,1
1402,8,03d9f87247ef9a09,2.089172,19.532531,1,13815,2,1,0,0,1,0,0,0,0,0,0,0,0,0
1403,8,4cfb7e322df78772,2.61317,18.152905,1,13946,1,0,0,0,0,0,0,0,0,0,0,0,0,1
1404,8,8afb15e6c1fb3300,1.963177,17.116443,1,13891,1,1,0,0,1,0,0,0,0,0,0,0,0,0
1405,8,79c92e893e651eaf,1.474862,19.816633,1,13925,1,1,0,0,1,0,0,0,0,0,0,0,0,1
1406,8,595ccc6c4fbde60c,1.109117,20.0,1,13794,1,1,0,0,1,0,0,0,0,0,0,0,0,1
1407,8,20d2066c36568311,1.876891,16.425151,0,13915,1,0,0,0,0,0,0,0,0,0,0,0,0,0
1408,8,846e791a5efb5af8,1.410038,19.297291,1,13944,1,1,0,0,1,0,0,0,0,0,0,0,0,1
1409,8,41c1af3fe25eac0f,1.060369,20.0,1,13953,1,1,0,0,1,0,0,0,0,0,0,0,0,1
1410,8,e5b406d4325b898c,0.796616,20.0,1,13994,1,1,0,0,1,0,0,0,0,0,0,0,0,1
1411,8,7f1fc0b97c25ec33,1.642121,17.346227,0,14028,1,0,0,0,0,0,0,0,0,0,0,0,0,0
1412,8,68bc85d7fd8c5b65,1.233664,19.989261,1,13911,1,1,0,0,1,0,0,0,0,0,0,0,0,1
1413,8,1859dda8544b2f50,0.927733,20.0,1,13939,1,1,0,0,1,0,0,0,0,0,0,0,0,1
1414,8,9f238762c0a94e36,2.784278,16.522678,0,13764,2,0,0,0,0,0,0,0,0,0,0,0,0,0
1415,8,173bd4ea8a0e4f39,2.091724,19.37056,1,13292,1,1,0,0,1,0,0,0,0,0,0,0,0,1
1416,8,80ea69fc95e98f91,1.573006,20.0,1,13352,1,1,0,0,1,0,0,0,0,0,0,0,0,1
1417,8,122d1e9148dc8591,1.181741,16.173137,0,13342,1,1,0,0,0,0,0,0,0,0,0,0,0,0
1418,8,e41d0f294f3e595d,1.931451,19.107962,1,13620,1,0,0,0,1,0,0,0,0,0,0,0,0,1
1419,8,d961ceff8b00c744,1.451027,17.833942,1,13475,1,1,0,0,1,0,0,0,0,0,0,0,0,0
1420,8,cd0967d526a4c4cb,1.091193,20.0,1,13447,1,1,0,0,1,0,0,0,0,0,0,0,0,1
1421,8,71ef525f5d7c2460,0.819772,18.783854,1,13460,1,1,0,0,1,0,0,0,0,0,0,0,0,0
1422,8,f56646d6bf16981d,1.659518,17.590452,1,13441,1,0,0,0,0,0,0,0,0,0,0,0,0,1
1423,8,df5b77a899f67794,1.247981,20.0,1,13413,1,1,0,0,1,0,0,0,0,0,0,0,0,1
1424,8,5d97e3edb2db50f5,0.937561,18.646291,1,13846,1,1,0,0,1,0,0,0,0,0,0,0,0,0
1425,8,5632cc6478350c16,2.791662,17.487106,1,13632,2,0,0,0,0,0,0,0,0,0,0,0,0,1
1426,8,8eb4527d549d82be,2.097271,20.0,1,13614,1,1,0,0,1,0,0,0,0,0,0,0,0,1
1427,8,bcdf8575e6f8f5df,1.577178,20.0,1,13607,1,1,0,0,1,0,0,0,0,0,0,0,0,1
1428,8,a2160fe0996f37dd,1.184875,16.582472,0,13690,1,1,0,0,0,0,0,0,0,0,0,0,0,0
1429,8,9c2f033216906752,1.933805,19.41548,1,13823,1,0,0,0,1,0,0,0,0,0,0,0,0,1
1430,8,4df32f20926bf727,1.454249,18.08122,1,13780,1,1,0,0,1,0,0,0,0,0,0,0,0,0
1431,8,da23f33029488892,2.136176,20.0,1,13811,2,1,0,0,1,0,0,0,0,0,0,0,0,1
1432,8,e6ddb42499644dbd,2.648483,18.910856,1,13943,1,0,0,0,0,0,0,0,0,0,0,0,0,1
1433,8,37b7d4b54a60fbcc,1.989706,20.0,1,13840,1,1,0,0,1,0,0,0,0,0,0,0,0,1
1434,8,871681cb5816e47c,1.496287,20.0,1,13971,1,1,0,0,1,0,0,0,0,0,0,0,0,1
1435,8,6cf3e3c3b72b30d7,2.167758,17.186759,0,14047,1,0,0,0,0,0,0,0,0,0,0,0,0,0
1436,8,abcc795941de9020,1.628556,19.869459,1,14162,1,1,0,0,1,0,0,0,0,0,0,0,0,1
1437,8,3540b19957c0bfca,2.268848,14.942116,0,14009,1,0,0,0,0,0,0,0,0,0,0,0,0,0
1438,8,3a018196d340e490,1.7045,18.183142,1,14975,1,1,0,0,1,0,0,0,0,0,0,0,0,1
1439,8,990863ec22c317e6,2.324181,13.660315,0,14583,1,0,0,0,0,0,0,0,0,0,0,0,0,0
1440,8,559d38241bb49497,1.74607,17.220173,1,14102,1,1,0,0,1,0,0,0,0,0,0,0,0,1
1441,8,73fb5dc8f1c14ecc,1.31307,16.430317,1,14219,1,1,0,0,1,0,0,0,0,0,0,0,0,0
1442,8,d72a06614f66cec0,3.073767,15.822328,1,14267,2,0,0,0,0,0,0,0,0,0,0,0,0,1
1443,8,9c6c1e79ae1d204d,2.309206,18.844412,1,14604,1,1,0,0,1,0,0,0,0,0,0,0,0,1
1444,8,fa7c0697bfb424eb,1.736556,17.651768,1,14545,1,1,0,0,0,0,0,0,0,0,0,0,0,1
1445,8,974981d868d49c65,2.348263,16.739958,1,14289,1,0,0,0,1,0,0,0,0,0,0,0,0,0
1446,8,5aaa21f4a4002b2d,1.764162,19.533794,1,14166,1,1,0,0,1,0,0,0,0,0,0,0,0,1
1447,8,899503d012c25ef6,1.325349,20.0,1,14330,1,1,0,0,1,0,0,0,0,0,0,0,0,1
1448,8,64c0b0c2e5386859,2.040832,16.268097,0,14067,1,0,0,0,0,0,0,0,0,0,0,0,0,0
1449,8,6e8d3b461a84d72e,1.533201,19.179302,1,14538,1,1,0,0,1,0,0,0,0,0,0,0,0,1
1450,8,0f7462146210da4e,1.151836,20.0,1,14573,1,1,0,0,1,0,0,0,0,0,0,0,0,1
1451,8,0630b7c26e819e83,0.866197,19.548326,1,14296,1,1,0,0,1,0,0,0,0,0,0,0,0,0
1452,8,70d42466cb4811b4,1.694395,18.164771,1,14274,1,0,0,0,0,0,0,0,0,0,0,0,0,1
1453,8,4856c0cf66bde88d,2.316589,20.0,1,14621,2,1,0,0,1,0,0,0,0,0,0,0,0,1
1454,8,d7cd5376dfac23c8,1.740367,20.0,1,14492,1,1,0,0,1,0,0,0,0,0,0,0,0,1
1455,8,7ef6f99819f58450,1.308781,20.0,1,13798,1,1,0,0,1,0,0,0,0,0,0,0,0,1
1456,8,f942b6a0a3952955,2.026891,17.905472,0,13717,1,0,0,0,0,0,0,0,0,0,0,0,0,0
1457,8,14b93cb2018dd0ba,1.522728,20.0,1,13519,1,1,0,0,1,0,0,0,0,0,0,0,0,1
1458,8,c4ccb1c579a81772,1.145113,18.828662,1,13492,1,1,0,0,1,0,0,0,0,0,0,0,0,0
1459,8,248d7edaa1f8b0fa,1.903934,20.0,1,13615,2,1,0,0,1,0,0,0,0,0,0,0,0,1
1460,8,4939d9bdd577bd6c,1.430354,20.0,1,13543,1,1,0,0,1,0,0,0,0,0,0,0,0,1
1461,8,92f88f227cb9002b,2.118225,20.0,1,13831,1,0,0,0,0,0,0,0,0,0,0,0,0,1
1462,8,2c6414d3cf733da3,1.592935,18.984262,1,13499,1,1,0,0,1,0,0,0,0,0,0,0,0,0
1463,8,8e36b95b81e9e71c,2.240366,17.741011,1,13826,1,0,0,0,0,0,0,0,0,0,0,0,0,1
1464,8,c3557dd4e083ce38,2.726757,20.0,1,13716,2,1,0,0,1,0,0,0,0,0,0,0,0,1
1465,8,83d3324253b812e5,2.05056,18.735748,1,13668,1,1,0,0,1,0,0,0,0,0,0,0,0,0
1466,8,417f18aba77cfd05,1.540509,20.0,1,13879,1,1,0,0,1,0,0,0,0,0,0,0,0,1
1467,8,0f276cc25f9a8698,1.157327,19.280268,1,13874,1,1,0,0,0,0,0,0,0,0,0,0,0,1
1468,8,f155459671faa573,1.91311,17.963389,1,13705,1,0,0,0,1,0,0,0,0,0,0,0,0,0
1469,8,556cb4253180e452,1.438686,20.0,1,13840,1,1,0,0,1,0,0,0,0,0,0,0,0,1
1470,8,017f63431e2561cc,2.124484,18.856986,1,13856,2,1,0,0,0,0,0,0,0,0,0,0,0,1
1471,8,6a415f466931cfb7,2.639699,17.645393,1,13839,1,0,0,0,1,0,0,0,0,0,0,0,0,0
1472,8,cc8104576c0e5db9,1.985091,20.0,1,13840,1,1,0,0,1,0,0,0,0,0,0,0,0,1
1473,8,5e8debcfa51a99ee,2.534978,15.198486,0,13878,1,0,0,0,0,0,0,0,0,0,0,0,0,0
1474,8,9d1bd299f73aeff4,1.904434,18.375744,1,13553,1,1,0,0,1,0,0,0,0,0,0,0,0,1
1475,8,d632aae13bb53193,2.474384,17.283854,1,13796,2,1,0,0,0,0,0,0,0,0,0,0,0,1
1476,8,bdf655da35425329,2.904922,19.958708,1,13761,1,0,0,0,1,0,0,0,0,0,0,0,0,1
1477,8,08acbe7922891267,2.18236,18.473076,1,13861,1,1,0,0,1,0,0,0,0,0,0,0,0,0
1478,8,7c396f83870b4b1c,2.683178,17.356976,1,14033,1,0,0,0,0,0,0,0,0,0,0,0,0,1
1479,8,e6c4da9a0f99b8f9,2.017788,16.533195,1,13811,1,1,0,0,1,0,0,0,0,0,0,0,0,0
1480,8,beb23ff494f1a91c,1.515889,15.899616,1,13859,1,1,0,0,0,0,0,0,0,0,0,0,0,1
1481,8,1712b0d6dffedde1,3.226137,18.902476,1,13942,2,0,0,0,1,0,0,0,0,0,0,0,0,1
1482,8,5b077176526781e3,3.46733,14.200724,0,13991,1,0,0,0,0,0,0,0,0,0,0,0,0,0
1483,8,3bc3c7f37e2a6cf1,2.607481,17.64015,1,13801,1,1,0,0,1,0,0,0,0,0,0,0,0,1
1484,8,fbcebce527e86d35,1.958903,16.73123,1,14064,1,1,0,0,1,0,0,0,0,0,0,0,0,0
1485,8,2e14c39cc01b9084,2.515304,16.048392,1,14142,1,0,0,0,0,0,0,0,0,0,0,0,0,1
1486,8,cff4c32e47f945ae,1.891545,19.029623,1,14091,1,1,0,0,1,0,0,0,0,0,0,0,0,1
1487,8,5ab2091f84c78783,2.4647,14.296244,0,14048,1,0,0,0,0,0,0,0,0,0,0,0,0,0
1488,8,ab305b008ea7a9e0,2.89529,17.697923,1,14038,2,1,0,0,1,0,0,0,0,0,0,0,0,1
1489,8,732f346a1acbbd53,2.175123,20.0,1,14082,1,1,0,0,1,0,0,0,0,0,0,0,0,1
1490,8,686c1d8a572c4180,2.679874,18.711405,1,14074,1,0,0,0,0,0,0,0,0,0,0,0,0,1
1491,8,289f8ae12f60c3be,2.013289,17.536024,1,14159,1,1,0,0,1,0,0,0,0,0,0,0,0,0
1492,8,c277142c6f85b4b9,1.512509,20.0,1,14029,1,1,0,0,1,0,0,0,0,0,0,0,0,1
1493,8,ef67f8ecc596bd24,2.181579,15.139437,0,14130,1,0,0,0,0,0,0,0,0,0,0,0,0,0
1494,8,0e16d7abc41505e7,1.638939,18.331382,1,14183,1,1,0,0,1,0,0,0,0,0,0,0,0,1
1495,8,b7f482c222b54a06,1.231273,20.0,1,14182,1,1,0,0,1,0,0,0,0,0,0,0,0,1
1496,8,cd5042b2b43cb032,0.92501,19.052046,1,14099,1,1,0,0,1,0,0,0,0,0,0,0,0,0
1497,8,0e53ac797c3ebe90,0.69562,20.0,1,14263,1,1,0,0,1,0,0,0,0,0,0,0,0,1
1498,8,2d940601372a2340,1.566247,19.472034,1,14215,2,1,0,0,0,0,0,0,0,0,0,0,0,1
1499,8,6cac07c93c2366d6,2.220316,18.107456,1,14361,1,0,0,0,1,0,0,0,0,0,0,0,0,0
1500,8,b26dcaebed62e4b5,1.669709,20.0,1,14419,1,1,0,0,1,0,0,0,0,0,0,0,0,1
1501,8,6d2039ba7100c0ed,1.25439,20.0,1,14397,1,1,0,0,1,0,0,0,0,0,0,0,0,1
1502,8,7224c07cd65083a1,1.98603,20.0,1,14293,2,1,0,0,1,0,0,0,0,0,0,0,0,1
1503,8,1f20536718600bab,1.49203,20.0,1,14417,1,1,0,0,1,0,0,0,0,0,0,0,0,1
1504,8,09b63315ce001f04,2.166178,18.677718,0,14523,1,0,0,0,0,0,0,0,0,0,0,0,0,0
1505,8,76ea483d3cdba83f,1.627369,20.0,1,14357,1,1,0,0,1,0,0,0,0,0,0,0,0,1
1506,8,daabf42f4f28dfaa,1.222581,20.0,1,14700,1,1,0,0,1,0,0,0,0,0,0,0,0,1
1507,8,bd2b6ec5e9e7d0b1,1.963549,20.0,1,14359,2,1,0,0,0,0,0,0,0,0,0,0,0,1
1508,8,a916d9e27f69b91a,2.518794,20.0,1,14759,1,0,0,0,1,0,0,0,0,0,0,0,0,1
1509,8,412147d9abb8df1a,1.892276,20.0,1,14737,1,1,0,0,1,0,0,0,0,0,0,0,0,0
1510,8,835cdb7a5bd5dcce,1.421596,20.0,1,14838,1,1,0,0,1,0,0,0,0,0,0,0,0,1
1511,8,315e75976f7c130e,2.113211,20.0,1,14792,2,1,0,0,1,0,0,0,0,0,0,0,0,1
1512,8,502758b4744dd914,2.63123,20.0,1,14754,1,0,0,0,0,0,0,0,0,0,0,0,0,1
1513,8,c1676efaef59a1bf,1.976745,20.0,1,14624,1,1,0,0,1,0,0,0,0,0,0,0,0,1
1514,8,ea0ff4f61204f8da,2.530691,20.0,1,14483,2,1,0,0,1,0,0,0,0,0,0,0,0,1
1515,8,61c3920b11a7d73b,1.901213,20.0,1,14445,1,1,0,0,1,0,0,0,0,0,0,0,0,1
1516,8,ebfe7244cccb0815,1.42831,18.888522,0,14448,1,1,0,0,0,0,0,0,0,0,0,0,0,0
1517,8,1a58b88d308a9b42,2.11669,20.0,1,14502,1,0,0,0,1,0,0,0,0,0,0,0,0,1
1518,8,6dc48ef95be3f0c5,1.591781,19.384046,1,14663,1,1,0,0,1,0,0,0,0,0,0,0,0,0
1519,8,7da5b1dfb7759cfb,1.195845,20.0,1,14790,1,1,0,0,1,0,0,0,0,0,0,0,0,1
1520,8,7b7d0c615505dd49,1.942047,19.646165,1,14819,2,1,0,0,0,0,0,0,0,0,0,0,0,1
1521,8,3dd2bb680c8d354d,2.504598,18.254698,1,14916,1,0,0,0,1,0,0,0,0,0,0,0,0,0
1522,8,e4abcdc78991fecd,1.881611,20.0,1,14866,1,1,0,0,1,0,0,0,0,0,0,0,0,1
1523,8,e185d2b0de86f7d7,2.457237,19.008766,1,14988,1,0,0,0,0,0,0,0,0,0,0,0,0,1
1524,8,ea548b42c9f8e9c5,1.84603,17.75942,1,14980,1,1,0,0,1,0,0,0,0,0,0,0,0,0
1525,8,e9457b2d139fdd2d,1.388241,20.0,1,15250,1,1,0,0,1,0,0,0,0,0,0,0,0,1
1526,8,0925975d5ffae9eb,3.13024,18.741751,1,15119,2,0,0,0,0,0,0,0,0,0,0,0,0,1
1527,8,5ba5c9d9e5826cff,2.351633,20.0,1,15231,1,1,0,0,1,0,0,0,0,0,0,0,0,1
1528,8,08ca0a1592e8817c,1.768461,19.301127,1,15294,1,1,0,0,1,0,0,0,0,0,0,0,0,0
1529,8,520bd352a1ed3d8e,2.372232,17.979059,1,15327,1,0,0,0,0,0,0,0,0,0,0,0,0,1
1530,8,7a5d1d2130d7f41d,1.782169,20.0,1,15436,1,1,0,0,1,0,0,0,0,0,0,0,0,1
1531,8,1e5ce260bef4242e,2.382531,20.0,1,15194,2,1,0,0,1,0,0,0,0,0,0,0,0,1
1532,8,6d455fbab2856932,1.791697,20.0,1,15145,1,1,0,0,1,0,0,0,0,0,0,0,0,0
1533,8,2d3dd8cb2e698689,2.389688,18.71033,1,15168,1,0,0,0,0,0,0,0,0,0,0,0,0,1
1534,8,d84605dc2bca10de,1.795283,17.535216,1,15053,1,1,0,0,1,0,0,0,0,0,0,0,0,0
1535,8,066473449947d249,1.350079,20.0,1,14975,1,1,0,0,1,0,0,0,0,0,0,0,0,1
1536,8,6616d3689ad6d3c6,1.014264,18.615085,1,14819,1,1,0,0,1,0,0,0,0,0,0,0,0,0
1537,8,ca81dc13914d3d72,0.761978,20.0,1,14703,1,1,0,0,1,0,0,0,0,0,0,0,0,1
1538,8,8f04afb04e15a59d,1.616099,15.733322,0,14646,1,0,0,0,0,0,0,0,0,0,0,0,0,0
1539,8,b3da430c5efa3fbc,2.25948,18.792686,1,14529,2,1,0,0,1,0,0,0,0,0,0,0,0,1
1540,8,a57d76009688109a,1.697463,20.0,1,14698,1,1,0,0,1,0,0,0,0,0,0,0,0,1
1541,8,e85741d52ee7d6c5,1.27524,20.0,1,14769,1,1,0,0,1,0,0,0,0,0,0,0,0,1
1542,8,386da1065bae2c46,0.958999,20.0,1,14650,1,1,0,0,0,0,0,0,0,0,0,0,0,1
1543,8,5b8c16661b372ba8,1.764113,18.969764,1,14592,1,0,0,0,1,0,0,0,0,0,0,0,0,0
1544,8,79df0b1b6242d7ab,1.325313,20.0,1,15308,1,1,0,0,1,0,0,0,0,0,0,0,0,1
1545,8,6212ff28b666e051,0.995658,19.412346,1,15098,1,1,0,0,1,0,0,0,0,0,0,0,0,0
1546,8,7106cb5cf868a740,1.792899,20.0,1,15644,2,1,0,0,1,0,0,0,0,0,0,0,0,1
1547,8,adaae6c48d82845e,1.346938,20.0,1,15586,1,1,0,0,1,0,0,0,0,0,0,0,0,1
1548,8,cb68c42616b9150b,1.011904,20.0,1,15203,1,1,0,0,1,0,0,0,0,0,0,0,0,1
1549,8,e583d700aa7c64ff,0.760966,20.0,1,14906,1,1,0,0,1,0,0,0,0,0,0,0,0,0
1550,8,9d4b06f83f920c46,1.615339,19.851949,1,14864,1,0,0,0,0,0,0,0,0,0,0,0,0,1
1551,8,22378531d33fc4df,2.257197,20.0,1,14704,2,1,0,0,1,0,0,0,0,0,0,0,0,1
1552,8,c0b67fffb6537b6b,1.695748,19.910247,1,15125,1,1,0,0,1,0,0,0,0,0,0,0,0,0
1553,8,15c9a493dbd3592a,1.275227,20.0,1,14410,1,1,0,0,1,0,0,0,0,0,0,0,0,1
1554,8,eca4a666f5e17568,0.95803,16.478039,0,14357,1,1,0,0,0,0,0,0,0,0,0,0,0,0
1555,8,fea8e3dedaf25868,1.763386,19.337024,1,14585,1,0,0,0,1,0,0,0,0,0,0,0,0,1
1556,8,81d5ee037a4f567a,2.370242,20.0,1,14499,2,1,0,0,1,0,0,0,0,0,0,0,0,1
1557,8,3797acd5d9d32b1f,1.780674,19.633035,1,14283,1,1,0,0,1,0,0,0,0,0,0,0,0,0
1558,8,fa677570eff13ea3,1.337754,20.0,1,13563,1,1,0,0,1,0,0,0,0,0,0,0,0,1
1559,8,e44073c98a5005db,1.005004,16.307849,0,13597,1,1,0,0,0,0,0,0,0,0,0,0,0,0
1560,8,9e157d09bd137519,1.799928,19.224738,1,13461,1,0,0,0,1,0,0,0,0,0,0,0,0,1
1561,8,c5741b6dd8a05abd,1.352219,20.0,1,13819,1,1,0,0,1,0,0,0,0,0,0,0,0,1
1562,8,014203454122c95e,1.015871,19.556252,1,13774,1,1,0,0,1,0,0,0,0,0,0,0,0,0
1563,8,83018d9bfd0390d0,1.8081,18.187082,1,13610,1,0,0,0,0,0,0,0,0,0,0,0,0,1
1564,8,6a64ba931b5537af,2.402011,20.0,1,13785,2,1,0,0,1,0,0,0,0,0,0,0,0,1
1565,8,bc0c4af3821e3717,1.804541,18.970604,1,13675,1,1,0,0,1,0,0,0,0,0,0,0,0,0
1566,8,0277a63f9f08bf74,1.355685,20.0,1,13599,1,1,0,0,1,0,0,0,0,0,0,0,0,1
1567,8,afa7aa577948c720,1.019494,19.430419,1,13572,1,1,0,0,0,0,0,0,0,0,0,0,0,1
1568,8,14eb3b5ee1c50326,1.809561,18.076192,1,13578,1,0,0,0,1,0,0,0,0,0,0,0,0,0
1569,8,7b7932620a8cb2c8,1.359456,20.0,1,13376,1,1,0,0,1,0,0,0,0,0,0,0,0,1
1570,8,c3a5248df701c929,1.02233,20.0,1,13306,1,1,0,0,1,0,0,0,0,0,0,0,0,1
1571,8,49daefd5b59abfad,1.811692,16.8325,0,13443,1,0,0,0,0,0,0,0,0,0,0,0,0,0
1572,8,54ad1699123011c0,1.361056,19.603317,1,13506,1,1,0,0,1,0,0,0,0,0,0,0,0,1
1573,8,ee1ab0dd27dc5a54,1.022511,18.206084,1,13444,1,1,0,0,1,0,0,0,0,0,0,0,0,0
1574,8,9bf2096f32aa72cb,0.768943,20.0,1,13320,1,1,0,0,1,0,0,0,0,0,0,0,0,1
1575,8,0f01ec3b789d0138,2.664985,18.994099,1,13350,2,0,0,0,0,0,0,0,0,0,0,0,0,1
1576,8,be57a9d1f6570bf6,0.95845,17.748401,1,13249,0,1,0,0,1,0,0,0,0,0,0,0,0,0
1577,9,1fd48474a6be9a50,0.720768,16.827552,1,13879,1,1,0,0,1,0,0,0,0,0,0,0,0,0
1578,9,40ab05863d40ab6a,0.541486,19.5996,1,13951,1,1,0,0,1,0,0,0,0,0,0,0,0,1
1579,9,9fa3e60e300cac94,1.450452,14.724447,0,14259,1,0,0,0,0,0,0,0,0,0,0,0,0,0
1580,9,9522afc9eb92ebd2,2.133323,18.019615,1,14158,2,1,0,0,1,0,0,0,0,0,0,0,0,1
1581,9,0fba0eaa5e567fe1,1.60429,20.0,1,14034,1,1,0,0,1,0,0,0,0,0,0,0,0,1
1582,9,8f9f8c22e25048df,2.248896,18.888752,1,13818,1,0,0,0,0,0,0,0,0,0,0,0,0,1
1583,9,025aca0c2fc547cd,1.689512,17.669257,1,14079,1,1,0,0,1,0,0,0,0,0,0,0,0,0
1584,9,ea7305c3d0c4eb0e,1.270537,20.0,1,14076,1,1,0,0,1,0,0,0,0,0,0,0,0,1
1585,9,b3bc2710b036c5b2,1.99816,15.211969,0,13791,1,0,0,0,0,0,0,0,0,0,0,0,0,0
1586,9,3c254a4fca255c07,1.501143,18.385873,1,14101,1,1,0,0,1,0,0,0,0,0,0,0,0,1
1587,9,7fb0256f65ce4ff6,1.127753,20.0,1,13846,1,1,0,0,1,0,0,0,0,0,0,0,0,1
1588,9,a69e89495c03d18a,0.848086,19.100069,1,13972,1,1,0,0,1,0,0,0,0,0,0,0,0,0
1589,9,ba87dd4319678e85,0.637135,17.828012,1,13973,1,1,0,0,0,0,0,0,0,0,0,0,0,1
1590,9,3e895dd2e76d3ae9,1.522309,20.0,1,14062,1,0,0,0,1,0,0,0,0,0,0,0,0,1
1591,9,5bfa9aaebee05047,2.188949,20.0,1,13823,2,1,0,0,1,0,0,0,0,0,0,0,0,1
1592,9,ca3938afd42b6b51,1.644475,20.0,1,14112,1,1,0,0,1,0,0,0,0,0,0,0,0,0
1593,9,3840b1179d01d5ca,1.235433,20.0,1,14103,1,1,0,0,1,0,0,0,0,0,0,0,0,1
1594,9,3ad00a257add4750,1.971788,20.0,1,13924,1,0,0,0,0,0,0,0,0,0,0,0,0,1
1595,9,715e21df0f1ac6b8,1.482813,20.0,1,13947,1,1,0,0,1,0,0,0,0,0,0,0,0,1
1596,9,ab882b57d80326bc,1.113982,20.0,1,14085,1,1,0,0,1,0,0,0,0,0,0,0,0,0
1597,9,de121b1615b372cf,1.880546,18.556519,1,13881,1,0,0,0,0,0,0,0,0,0,0,0,0,1
1598,9,58b8431551715724,2.458348,20.0,1,14055,2,1,0,0,1,0,0,0,0,0,0,0,0,1
1599,9,23e17bd6c1c20f85,1.846865,19.192081,1,13951,1,1,0,0,1,0,0,0,0,0,0,0,0,0
1600,9,c8292701595322e6,1.387481,20.0,1,14134,1,1,0,0,1,0,0,0,0,0,0,0,0,1
1601,9,10c80b0b9d50bf2d,1.042362,20.0,1,14016,1,1,0,0,1,0,0,0,0,0,0,0,0,1
1602,9,f6d7570dbe7171fa,2.872172,20.0,1,13807,2,0,0,0,0,0,0,0,0,0,0,0,0,1
1603,9,50afc0b225fbdddd,2.157756,19.097115,1,13947,1,1,0,0,1,0,0,0,0,0,0,0,0,0
1604,9,26bf505ffeb94bbf,1.621041,20.0,1,14133,1,1,0,0,1,0,0,0,0,0,0,0,0,1
1605,9,e40473ff344e55ae,1.219046,19.501893,1,13886,1,1,0,0,1,0,0,0,0,0,0,0,0,0
1606,9,90ecaf7479b68915,1.959477,18.129888,1,14041,1,0,0,0,0,0,0,0,0,0,0,0,0,1
1607,9,90f3fabff4cf81db,2.515735,20.0,1,13876,2,1,0,0,1,0,0,0,0,0,0,0,0,1
1608,9,856e34ca1b879edb,1.889978,18.938324,1,14097,1,1,0,0,1,0,0,0,0,0,0,0,0,0
1609,9,0b681578e0b3316e,1.42129,20.0,1,13804,1,1,0,0,1,0,0,0,0,0,0,0,0,1
1610,9,f010d85dc887294f,2.111416,15.928941,0,13987,1,0,0,0,0,0,0,0,0,0,0,0,0,0
1611,9,64c1c78f7859fdad,1.586228,18.924507,1,13924,1,1,0,0,1,0,0,0,0,0,0,0,0,1
1612,9,c16d3e1a1b7346bd,1.192866,17.712,1,13907,1,1,0,0,1,0,0,0,0,0,0,0,0,0
1613,9,65f500e78f5a12d1,0.896155,16.785208,1,13848,1,1,0,0,0,0,0,0,0,0,0,0,0,1
1614,9,5e19057a0c8c6807,2.760555,19.567789,1,13882,2,0,0,0,1,0,0,0,0,0,0,0,0,1
1615,9,44320a4d3a956612,2.073902,20.0,1,13847,1,1,0,0,1,0,0,0,0,0,0,0,0,1
1616,9,38b796b0b0b8f2b8,2.603754,16.287303,0,13982,1,0,0,0,0,0,0,0,0,0,0,0,0,0
1617,9,c379cd949bc282f4,1.956103,19.193731,1,13882,1,1,0,0,1,0,0,0,0,0,0,0,0,1
1618,9,12d1e1e820a0d614,2.513201,14.419533,0,13984,1,0,0,0,0,0,0,0,0,0,0,0,0,0
1619,9,bf6fdb6268d4c1b5,1.889963,17.804697,1,13932,1,1,0,0,1,0,0,0,0,0,0,0,0,1
1620,9,e14f41c0f161c030,2.463512,20.0,1,13967,2,1,0,0,1,0,0,0,0,0,0,0,0,1
1621,9,7a064671f6ccdd64,2.894398,18.754788,1,13852,1,0,0,0,0,0,0,0,0,0,0,0,0,1
1622,9,9e0e0e4b61087210,2.174453,17.568615,1,13549,1,1,0,0,1,0,0,0,0,0,0,0,0,0
1623,9,716d9db5530b7837,1.635219,20.0,1,13642,1,1,0,0,1,0,0,0,0,0,0,0,0,1
1624,9,ae451b5fb0da7aba,2.272133,15.15511,0,13994,1,0,0,0,0,0,0,0,0,0,0,0,0,0
1625,9,ba71e80f7c9a028c,1.706968,18.343157,1,13854,1,1,0,0,1,0,0,0,0,0,0,0,0,1
1626,9,38fd96a5dde63ba1,1.283664,20.0,1,13942,1,1,0,0,1,0,0,0,0,0,0,0,0,1
1627,9,42ca8b1088f35298,0.964369,15.592695,0,13760,1,1,0,0,0,0,0,0,0,0,0,0,0,0
1628,9,5d2ecb2a857c5504,1.768148,18.671898,1,13797,1,0,0,0,1,0,0,0,0,0,0,0,0,1
1629,9,7948500a3de7df9e,1.328343,17.506343,1,13789,1,1,0,0,1,0,0,0,0,0,0,0,0,0
1630,9,c4e4cfc90b2a54a7,0.998933,16.645521,1,13923,1,1,0,0,0,0,0,0,0,0,0,0,0,1
1631,9,5b86726468e64b1f,1.794114,15.984003,1,13759,1,0,0,0,1,0,0,0,0,0,0,0,0,0
1632,9,d54300c993a1d377,2.391505,18.965873,1,13875,2,1,0,0,1,0,0,0,0,0,0,0,0,1
1633,9,a8570d107ec6a469,1.798445,20.0,1,13926,1,1,0,0,1,0,0,0,0,0,0,0,0,1
1634,9,1416f958c7ffa408,2.394758,19.423349,1,13825,1,0,0,0,0,0,0,0,0,0,0,0,0,1
1635,9,4abbe4b5972bd3bb,1.799092,18.070881,1,13921,1,1,0,0,1,0,0,0,0,0,0,0,0,0
1636,9,6de8cf41e4a70384,1.351591,20.0,1,13850,1,1,0,0,1,0,0,0,0,0,0,0,0,1
1637,9,72f11724885a9a5a,2.060566,15.44161,0,13833,1,0,0,0,0,0,0,0,0,0,0,0,0,0
1638,9,85fe4b2d4b4e16cb,1.548026,18.558393,1,14047,1,1,0,0,1,0,0,0,0,0,0,0,0,1
1639,9,e99135ff19c9f242,1.162974,20.0,1,14050,1,1,0,0,1,0,0,0,0,0,0,0,0,1
1640,9,3b187699726ff0b4,1.918724,15.717035,0,15024,1,0,0,0,0,0,0,0,0,0,0,0,0,0
1641,9,de71eebb0aaf0a82,2.485119,20.0,1,15094,2,1,0,0,1,0,0,0,0,0,0,0,0,2
1642,9,a2ef216287bb8fca,1.866977,20.0,1,16068,1,1,0,0,1,0,0,0,0,0,0,0,0,0
1643,9,361322600fcb0e2a,1.40259,18.646871,1,16247,1,1,0,0,0,0,0,0,0,0,0,0,0,1
1644,9,953f14b71a06a0d4,3.143069,20.0,1,15993,2,0,0,0,1,0,0,0,0,0,0,0,0,1
1645,9,394ad96e7ef83ee1,2.36127,20.0,1,15882,1,1,0,0,1,0,0,0,0,0,0,0,0,1
1646,9,4060cbeee6c78b4e,2.817587,20.0,1,15949,1,0,0,0,0,0,0,0,0,0,0,0,0,1
1647,9,fa66139b13819d2c,3.163016,20.0,1,15613,2,1,0,0,1,0,0,0,0,0,0,0,0,1
1648,9,751a2c48956d374b,2.376256,20.0,1,15732,1,1,0,0,1,0,0,0,0,0,0,0,0,1
1649,9,e8c0ed95a693b070,1.785192,20.0,1,15826,1,1,0,0,1,0,0,0,0,0,0,0,0,0
1650,9,35664dffb7095540,1.341148,19.523067,1,15737,1,1,0,0,0,0,0,0,0,0,0,0,0,1
1651,9,30b579eeb691fe62,3.096864,20.0,1,15982,2,0,0,0,1,0,0,0,0,0,0,0,0,1
1652,9,03a1848973d95919,2.326558,20.0,1,16217,1,1,0,0,1,0,0,0,0,0,0,0,0,1
1653,9,fc84d27456b84041,1.747856,20.0,1,16300,1,1,0,0,1,0,0,0,0,0,0,0,0,1
1654,9,3a12ff5e76122890,2.358563,20.0,1,14930,2,1,0,0,1,0,0,0,0,0,0,0,0,1
1655,9,074049c67f1134db,2.815554,19.014425,0,13792,1,0,0,0,0,0,0,0,0,0,0,0,0,0
1656,9,cbbf67f210b6e460,2.11522,20.0,1,13868,1,1,0,0,1,0,0,0,0,0,0,0,0,1
1657,9,d5d5ba3b825f6d3b,2.632739,15.958708,0,13845,1,0,0,0,0,0,0,0,0,0,0,0,0,0
1658,9,3534f48d3001e772,3.024008,18.962179,1,13970,2,1,0,0,1,0,0,0,0,0,0,0,0,1
1659,9,43a3519ed11613ae,2.271824,17.724421,1,14004,1,1,0,0,0,0,0,0,0,0,0,0,0,1
1660,9,23da778333d59a31,2.75039,20.0,1,13870,1,0,0,0,1,0,0,0,0,0,0,0,0,1
1661,9,a60a0a915ce5d17d,2.068332,18.726375,1,13910,1,1,0,0,1,0,0,0,0,0,0,0,0,0
1662,9,c82732590f010317,1.553861,20.0,1,14062,1,1,0,0,1,0,0,0,0,0,0,0,0,1
1663,9,e6a61824b2c59f65,3.254664,19.274979,1,14005,2,0,0,0,0,0,0,0,0,0,0,0,0,1
1664,9,9ede4ad7f282814d,2.445108,20.0,1,14088,1,1,0,0,1,0,0,0,0,0,0,0,0,1
1665,9,ef42d8f715594ad5,1.838756,19.602379,1,14006,1,1,0,0,1,0,0,0,0,0,0,0,0,0
1666,9,e80f0d88ded0cd38,2.425042,18.205379,1,14073,1,0,0,0,0,0,0,0,0,0,0,0,0,1
1667,9,f661e4ac193997e4,1.821843,17.155865,1,13675,1,1,0,0,1,0,0,0,0,0,0,0,0,0
1668,9,9a2fc479ddbebd39,2.414203,16.381957,1,13796,1,0,0,0,0,0,0,0,0,0,0,0,0,1
1669,9,da90dbdd6d624f5d,1.8137,15.785996,1,13855,1,1,0,0,1,0,0,0,0,0,0,0,0,0
1670,9,75deccf8aa24c49b,1.362565,18.817118,1,13774,1,1,0,0,1,0,0,0,0,0,0,0,0,1
1671,9,eb325938391abeb2,3.110951,17.615442,1,13867,2,0,0,0,0,0,0,0,0,0,0,0,0,1
1672,9,778892b15e06d920,2.339479,16.727565,1,13560,1,1,0,0,1,0,0,0,0,0,0,0,0,0
1673,9,a01467008deb122c,1.757563,19.524483,1,13619,1,1,0,0,1,0,0,0,0,0,0,0,0,1
1674,9,b63696168efbc4f7,2.364045,18.146859,1,13669,1,0,0,0,0,0,0,0,0,0,0,0,0,1
1675,9,dcaf23f71ba1623e,1.777796,17.127198,1,13717,1,1,0,0,1,0,0,0,0,0,0,0,0,0
1676,9,7f717cdb9e86f719,1.335591,19.824713,1,13668,1,1,0,0,1,0,0,0,0,0,0,0,0,1
1677,9,d1f035fa4196ed90,2.047033,18.37241,1,13798,1,0,0,0,0,0,0,0,0,0,0,0,0,1
1678,9,7447d371f6549eaf,1.53786,17.281349,1,13795,1,1,0,0,1,0,0,0,0,0,0,0,0,0
1679,9,f126cfe9bcd68430,1.156492,19.956825,1,13804,1,1,0,0,1,0,0,0,0,0,0,0,0,1
1680,9,c521531d9c38ce9e,0.868829,20.0,1,13909,1,1,0,0,1,0,0,0,0,0,0,0,0,1
1681,9,7efaf37869737f88,1.696372,16.490594,0,14020,1,0,0,0,0,0,0,0,0,0,0,0,0,0
1682,9,6c0a85a2d5b02ac6,2.319847,20.0,1,13708,2,1,0,0,1,0,0,0,0,0,0,0,0,2
1683,9,defe135c0e5cdb15,1.742814,20.0,1,14085,1,1,0,0,1,0,0,0,0,0,0,0,0,0
1684,9,38d3c1e4299ca3a1,1.309311,20.0,1,14863,1,1,0,0,1,0,0,0,0,0,0,0,0,1
1685,9,4935908b76a986cb,2.02729,20.0,1,14661,1,0,0,0,0,0,0,0,0,0,0,0,0,1
1686,9,5ba2a122a47d6016,1.524551,18.787633,1,15409,1,1,0,0,1,0,0,0,0,0,0,0,0,0
1687,9,964c1a4e9fd5592f,1.145338,20.0,1,15149,1,1,0,0,1,0,0,0,0,0,0,0,0,1
1688,9,b31f0c55f8210bfa,1.904103,20.0,1,15110,2,1,0,0,1,0,0,0,0,0,0,0,0,1
1689,9,3c7b0f230debcdd3,1.431913,20.0,1,14587,1,1,0,0,1,0,0,0,0,0,0,0,0,1
1690,9,8668a132856e12d3,1.075742,20.0,1,14558,1,1,0,0,1,0,0,0,0,0,0,0,0,1
1691,9,61493272707f5da5,0.808165,18.827969,0,14227,1,1,0,0,0,0,0,0,0,0,0,0,0,0
1692,9,1afa389a60f3ea2b,1.650798,20.0,1,14687,1,0,0,0,1,0,0,0,0,0,0,0,0,1
1693,9,16c6cd20d82109d7,1.241423,20.0,1,14524,1,1,0,0,1,0,0,0,0,0,0,0,0,1
1694,9,d6726e18e9347420,1.976288,20.0,1,14449,2,1,0,0,1,0,0,0,0,0,0,0,0,1
1695,9,ffe8426496e3a624,1.484711,20.0,1,14183,1,1,0,0,1,0,0,0,0,0,0,0,0,0
1696,9,796745e4abd66815,1.116524,20.0,1,14031,1,1,0,0,1,0,0,0,0,0,0,0,0,1
1697,9,4ee238639430a110,1.882456,17.427731,0,13960,1,0,0,0,0,0,0,0,0,0,0,0,0,0
1698,9,3d8ef94f6d7b4ed5,1.414219,20.0,1,13940,1,1,0,0,1,0,0,0,0,0,0,0,0,1
1699,9,db02151f3590b368,1.06245,20.0,1,13988,1,1,0,0,1,0,0,0,0,0,0,0,0,1
1700,9,8e6aaa585b37bb97,1.843128,20.0,1,13885,2,1,0,0,1,0,0,0,0,0,0,0,0,1
1701,9,2da9ec4c1c0996f5,2.428326,17.670459,0,13946,1,0,0,0,0,0,0,0,0,0,0,0,0,0
1702,9,17a78252debd6b7d,1.824311,20.0,1,13943,1,1,0,0,1,0,0,0,0,0,0,0,0,1
1703,9,8b21e938f335b56a,1.371908,18.695889,1,13870,1,1,0,0,0,0,0,0,0,0,0,0,0,1
1704,9,d1f87fc3fdfeea52,2.074316,17.524367,1,13989,1,0,0,0,1,0,0,0,0,0,0,0,0,0
1705,9,c7163235cb3c6682,1.558356,20.0,1,14027,1,1,0,0,1,0,0,0,0,0,0,0,0,1
1706,9,8c16b7fbfbac9f93,2.214388,15.117726,0,14159,1,0,0,0,0,0,0,0,0,0,0,0,0,0
1707,9,027d1f645e44b8a7,1.665252,18.329749,1,14193,1,1,0,0,1,0,0,0,0,0,0,0,0,1
1708,9,c8748aec0eb53e45,3.338348,17.2493,1,14180,2,0,0,0,0,0,0,0,0,0,0,0,0,1
1709,9,487b6edb27239977,2.507976,19.916443,1,14339,1,1,0,0,1,0,0,0,0,0,0,0,0,1
1710,9,065b44bfd048bfc9,1.886034,18.457951,1,13742,1,1,0,0,1,0,0,0,0,0,0,0,0,0
1711,9,07b66c4127efe56c,2.46056,17.345613,1,13852,1,0,0,0,0,0,0,0,0,0,0,0,0,1
1712,9,37a97e87c9530200,1.848527,16.509955,1,14359,1,1,0,0,1,0,0,0,0,0,0,0,0,0
1713,9,1550dc9429cbec6a,1.388729,19.361001,1,14266,1,1,0,0,1,0,0,0,0,0,0,0,0,1
1714,9,7f64bc9698067334,2.088495,18.04025,1,14027,1,0,0,0,0,0,0,0,0,0,0,0,0,1
1715,9,ab3cff5d030dca03,1.569008,17.03181,1,14139,1,1,0,0,1,0,0,0,0,0,0,0,0,0
1716,9,a7f1ee7e06a962d6,1.178737,19.753051,1,14009,1,1,0,0,1,0,0,0,0,0,0,0,0,1
1717,9,10d7a20a0017fa31,1.930577,14.854576,0,14023,1,0,0,0,0,0,0,0,0,0,0,0,0,0
1718,9,0984f32471eb6539,1.450371,18.117377,1,14070,1,1,0,0,1,0,0,0,0,0,0,0,0,1
1719,9,2bbc81435bd6d68e,2.133263,20.0,1,14012,2,1,0,0,1,0,0,0,0,0,0,0,0,1
1720,9,87a038b0bdeb5a39,1.60264,18.931263,1,14004,1,1,0,0,1,0,0,0,0,0,0,0,0,0
1721,9,386c529f75f7f1ea,2.249359,17.717081,1,13936,1,0,0,0,0,0,0,0,0,0,0,0,0,1
1722,9,d3e90cc5d6f8856b,1.689859,16.789025,1,14051,1,1,0,0,1,0,0,0,0,0,0,0,0,0
1723,9,8d8c17b280e3bbcf,1.269528,19.570656,1,14112,1,1,0,0,1,0,0,0,0,0,0,0,0,1
1724,9,3dd04cc7150c4763,0.954703,18.197914,1,14097,1,1,0,0,0,0,0,0,0,0,0,0,0,1
1725,9,1687f92cf255f071,1.760886,17.150257,1,14250,1,0,0,0,1,0,0,0,0,0,0,0,0,0
1726,9,ca2cb0878932d23e,1.322888,19.842036,1,14192,1,1,0,0,1,0,0,0,0,0,0,0,0,1
1727,9,e986fc21a8f774fc,2.03749,20.0,1,14123,2,1,0,0,1,0,0,0,0,0,0,0,0,1
1728,9,fd317826bc411dc4,1.532221,20.0,1,14000,1,1,0,0,1,0,0,0,0,0,0,0,0,1
1729,9,9c95ef82830ee9aa,2.194754,20.0,1,14261,1,0,0,0,0,0,0,0,0,0,0,0,0,1
1730,9,266521425f924722,1.648837,19.301057,1,14241,1,1,0,0,1,0,0,0,0,0,0,0,0,0
1731,9,9a49882b88de968f,1.239949,17.995172,1,14260,1,1,0,0,0,0,0,0,0,0,0,0,0,1
1732,9,c115208831479a11,3.018834,20.0,1,14228,2,0,0,0,1,0,0,0,0,0,0,0,0,1
1733,9,0e9bfa0c2b1d6e98,2.267937,18.862291,1,14441,1,1,0,0,1,0,0,0,0,0,0,0,0,0
1734,9,28388842e41c781d,1.703816,20.0,1,14481,1,1,0,0,1,0,0,0,0,0,0,0,0,1
1735,9,e77ab20bc78312bf,1.281294,20.0,1,15054,1,1,0,0,1,0,0,0,0,0,0,0,0,1
1736,9,604f36732a547a50,3.049895,20.0,1,14959,2,0,0,0,0,0,0,0,0,0,0,0,0,1
1737,9,7bb4b3018ac4d750,2.291272,18.988654,1,14971,1,1,0,0,1,0,0,0,0,0,0,0,0,0
1738,9,47850d939f2d5503,1.723069,20.0,1,15335,1,1,0,0,1,0,0,0,0,0,0,0,0,1
1739,9,88f3b8bd20399bb6,2.338131,15.957376,0,15424,1,0,0,0,0,0,0,0,0,0,0,0,0,0
1740,9,380051526d285e30,1.75655,18.945869,1,15281,1,1,0,0,1,0,0,0,0,0,0,0,0,1
1741,9,51c3d919eb367983,2.363284,20.0,1,15270,2,1,0,0,1,0,0,0,0,0,0,0,0,1
1742,9,3d6220bb0691578b,2.821374,19.416445,1,14500,1,0,0,0,0,0,0,0,0,0,0,0,0,1
1743,9,39995b14512a0288,3.163246,20.0,1,14654,2,1,0,0,1,0,0,0,0,0,0,0,0,1
1744,9,9303a20390443dfd,2.376428,19.664451,1,15429,1,1,0,0,1,0,0,0,0,0,0,0,0,0
1745,9,536a74eb5ac74ae7,1.787108,20.0,1,15499,1,1,0,0,1,0,0,0,0,0,0,0,0,1
1746,9,6cebc2dbe5023be0,1.342587,19.818018,1,15445,1,1,0,0,0,0,0,0,0,0,0,0,0,1
1747,9,6d44548e5401ed51,3.095943,20.0,1,15501,2,0,0,0,1,0,0,0,0,0,0,0,0,1
1748,9,e89c2fa15a16b91a,2.325866,20.0,1,15841,1,1,0,0,1,0,0,0,0,0,0,0,0,1
1749,9,3c0c2a446b747c9a,1.749084,17.574529,0,15716,1,1,0,0,0,0,0,0,0,0,0,0,0,0
1750,9,927139a879aa9494,3.401328,20.0,1,14321,2,0,0,0,1,0,0,0,0,0,0,0,0,2
1751,9,af5c3585cfe9a309,2.555291,20.0,1,13629,1,1,0,0,1,0,0,0,0,0,0,0,0,0
1752,9,3653907481762be5,1.921615,20.0,1,13852,1,1,0,0,1,0,0,0,0,0,0,0,0,1
1753,9,cf064e89d6ab8c71,3.530944,20.0,1,14179,2,0,0,0,0,0,0,0,0,0,0,0,0,1
1754,9,089f84715ef0e4f5,2.652666,19.035421,1,14295,1,1,0,0,1,0,0,0,0,0,0,0,0,0
1755,9,4ca279ddc528c356,3.036503,17.779444,1,14476,1,0,0,0,0,0,0,0,0,0,0,0,0,1
1756,9,2d7ac4d0cf2cf3c9,2.283493,20.0,1,14291,1,1,0,0,1,0,0,0,0,0,0,0,0,1
1757,9,5b66038e0282c060,1.715503,18.753065,1,14483,1,1,0,0,1,0,0,0,0,0,0,0,0,0
1758,9,da049c789f257868,1.288793,17.567321,1,14181,1,1,0,0,0,0,0,0,0,0,0,0,0,1
1759,9,64bb5b4021da3351,3.057492,20.0,1,14213,2,0,0,0,1,0,0,0,0,0,0,0,0,1
1760,9,d5b18077d17e0ee7,2.296979,20.0,1,13974,1,1,0,0,1,0,0,0,0,0,0,0,0,1
1761,9,c1ab09c376dc3a04,0.681981,20.0,1,13968,0,1,0,0,1,0,0,0,0,0,0,0,0,0
1762,9,871b3559499bb064,1.556,15.093478,0,13607,1,0,0,0,0,0,0,0,0,0,0,0,0,0
1763,9,6447808306f84c8f,2.214285,18.311514,1,13679,2,1,0,0,1,0,0,0,0,0,0,0,0,1
1764,9,39e77bf28b763eab,0.619856,17.2356,1,13709,0,1,0,0,1,0,0,0,0,0,0,0,0,0
1765,9,0cd1ba75d62981f3,0.465675,19.906151,1,13685,1,1,0,0,1,0,0,0,0,0,0,0,0,1
1766,9,b0f4c0835baadaf8,1.394345,14.969709,0,13681,1,0,0,0,0,0,0,0,0,0,0,0,0,0
1767,9,be2daa79049c1bc0,1.047519,18.203872,1,13706,1,1,0,0,1,0,0,0,0,0,0,0,0,1
1768,9,aef4e292d298c7ea,0.786962,17.154733,1,13926,1,1,0,0,1,0,0,0,0,0,0,0,0,0
1769,10,1fd48474a6be9a50,0.591215,19.845399,1,14061,1,1,0,0,1,0,0,0,0,0,0,0,0,1
1770,10,40ab05863d40ab6a,1.488753,18.404524,1,14148,1,0,0,0,0,0,0,0,0,0,0,0,0,1
1771,10,9fa3e60e300cac94,1.118444,17.305476,1,14231,1,1,0,0,1,0,0,0,0,0,0,0,0,0
1772,10,9522afc9eb92ebd2,0.840245,19.958646,1,13995,1,1,0,0,1,0,0,0,0,0,0,0,0,1
1773,10,0fba0eaa5e567fe1,1.676027,15.009186,0,13949,1,0,0,0,0,0,0,0,0,0,0,0,0,0
1774,10,8f9f8c22e25048df,1.259136,18.23353,1,13994,1,1,0,0,1,0,0,0,0,0,0,0,0,1
1775,10,025aca0c2fc547cd,0.945942,17.177014,1,13890,1,1,0,0,1,0,0,0,0,0,0,0,0,0
1776,10,ea7305c3d0c4eb0e,1.754304,16.383293,1,14134,1,0,0,0,0,0,0,0,0,0,0,0,0,1
1777,10,b3bc2710b036c5b2,1.319262,19.281473,1,13836,1,1,0,0,1,0,0,0,0,0,0,0,0,1
1778,10,3c254a4fca255c07,2.034765,20.0,1,13995,2,1,0,0,1,0,0,0,0,0,0,0,0,1
1779,10,7fb0256f65ce4ff6,1.528643,20.0,1,14095,1,1,0,0,1,0,0,0,0,0,0,0,0,1
1780,10,a69e89495c03d18a,1.149561,20.0,1,14050,1,1,0,0,1,0,0,0,0,0,0,0,0,0
1781,10,ba87dd4319678e85,0.863623,20.0,1,13928,1,1,0,0,1,0,0,0,0,0,0,0,0,1
1782,10,3e895dd2e76d3ae9,1.692461,20.0,1,13823,1,0,0,0,0,0,0,0,0,0,0,0,0,1
1783,10,5bfa9aaebee05047,1.271482,18.850228,1,13935,1,1,0,0,1,0,0,0,0,0,0,0,0,0
1784,10,ca3938afd42b6b51,0.956173,20.0,1,14102,1,1,0,0,1,0,0,0,0,0,0,0,0,1
1785,10,3840b1179d01d5ca,2.805644,19.358015,1,13941,2,0,0,0,0,0,0,0,0,0,0,0,0,1
1786,10,3ad00a257add4750,2.107775,18.021797,1,13907,1,1,0,0,1,0,0,0,0,0,0,0,0,0
1787,10,715e21df0f1ac6b8,1.585077,20.0,1,13992,1,1,0,0,1,0,0,0,0,0,0,0,0,1
1788,10,ab882b57d80326bc,1.190809,20.0,1,14124,1,1,0,0,1,0,0,0,0,0,0,0,0,1
1789,10,de121b1615b372cf,1.938264,16.804865,0,14053,1,0,0,0,0,0,0,0,0,0,0,0,0,0
1790,10,58b8431551715724,2.499798,19.582556,1,13944,2,1,0,0,1,0,0,0,0,0,0,0,0,1
1791,10,23e17bd6c1c20f85,1.879884,20.0,1,13975,1,1,0,0,1,0,0,0,0,0,0,0,0,1
1792,10,c8292701595322e6,1.412287,20.0,1,14050,1,1,0,0,1,0,0,0,0,0,0,0,0,1
1793,10,10c80b0b9d50bf2d,2.104651,17.467303,0,13848,1,0,0,0,0,0,0,0,0,0,0,0,0,0
1794,10,f6d7570dbe7171fa,1.582728,20.0,1,14014,1,1,0,0,1,0,0,0,0,0,0,0,0,1
1795,10,50afc0b225fbdddd,1.189044,18.576717,1,13952,1,1,0,0,1,0,0,0,0,0,0,0,0,0
1796,10,26bf505ffeb94bbf,0.893285,20.0,1,14036,1,1,0,0,1,0,0,0,0,0,0,0,0,1
1797,10,e40473ff344e55ae,2.758398,19.190512,1,13959,2,0,0,0,0,0,0,0,0,0,0,0,0,1
1798,10,90ecaf7479b68915,2.074355,17.91204,1,13870,1,1,0,0,1,0,0,0,0,0,0,0,0,0
1799,10,90f3fabff4cf81db,1.558385,20.0,1,14000,1,1,0,0,1,0,0,0,0,0,0,0,0,1
1800,10,856e34ca1b879edb,2.21441,15.336527,0,14004,1,0,0,0,0,0,0,0,0,0,0,0,0,0
1801,10,0b681578e0b3316e,1.665268,18.49429,1,13966,1,1,0,0,1,0,0,0,0,0,0,0,0,1
1802,10,f010d85dc887294f,1.251053,17.372913,1,13766,1,1,0,0,1,0,0,0,0,0,0,0,0,0
1803,10,64c1c78f7859fdad,3.027176,16.530465,1,13866,2,0,0,0,0,0,0,0,0,0,0,0,0,1
1804,10,c16d3e1a1b7346bd,2.274204,19.376409,1,13958,1,1,0,0,1,0,0,0,0,0,0,0,0,1
1805,10,65f500e78f5a12d1,1.710234,20.0,1,13901,1,1,0,0,1,0,0,0,0,0,0,0,0,1
1806,10,9d9a6a3fa5fc68ef,2.328488,19.655286,1,13867,1,0,0,0,0,0,0,0,0,0,0,0,0,1
1807,10,c9f741938b901a2c,1.749306,18.245126,1,13941,1,1,0,0,1,0,0,0,0,0,0,0,0,0
1808,10,ef83c37bfd8abbf8,1.315503,20.0,1,13838,1,1,0,0,1,0,0,0,0,0,0,0,0,1
1809,10,ba7b9bb2934818a3,3.075595,19.016156,1,13920,2,0,0,0,0,0,0,0,0,0,0,0,0,1
1810,10,4f2b2ce4a223fb71,2.31058,20.0,1,13929,1,1,0,0,1,0,0,0,0,0,0,0,0,1
1811,10,8ee0f215545717e4,2.779505,19.43853,1,13662,1,0,0,0,0,0,0,0,0,0,0,0,0,1
1812,10,acef73e69ba223a6,2.090228,18.098553,1,13703,1,1,0,0,1,0,0,0,0,0,0,0,0,0
1813,10,f3a319b4cb551edc,1.57031,17.075611,1,13953,1,1,0,0,0,0,0,0,0,0,0,0,0,1
1814,10,f42c00ec90478151,2.223369,16.307113,1,13570,1,0,0,0,1,0,0,0,0,0,0,0,0,0
1815,10,dc0783652a75a15b,1.672005,19.224184,1,13459,1,1,0,0,1,0,0,0,0,0,0,0,0,1
1816,10,2ae438f3ea91a622,1.256115,14.442411,0,13668,1,1,0,0,0,0,0,0,0,0,0,0,0,0
1817,10,7e5f1a0e6e0f6028,1.987325,17.807733,1,13912,1,0,0,0,1,0,0,0,0,0,0,0,0,1
1818,10,0705d71dbf0fd601,1.493003,20.0,1,13667,1,1,0,0,1,0,0,0,0,0,0,0,0,1
1819,10,949dde9f1b1e5886,3.211061,18.773443,1,13528,2,0,0,0,0,0,0,0,0,0,0,0,0,1
1820,10,7641a8807333fd70,1.368697,17.582631,1,13657,0,1,0,0,1,0,0,0,0,0,0,0,0,0
1821,10,41318af6f5549a9f,1.028251,16.688018,1,13725,1,1,0,0,1,0,0,0,0,0,0,0,0,0
1822,10,7ffc471efc72fe2f,0.773259,19.51063,1,13684,1,1,0,0,1,0,0,0,0,0,0,0,0,1
1823,10,34ff2f3961d2f99f,1.624574,14.657607,0,13984,1,0,0,0,0,0,0,0,0,0,0,0,0,0
1824,10,3c02ee8d477e9764,1.220482,17.969401,1,13754,1,1,0,0,1,0,0,0,0,0,0,0,0,1
1825,10,f73d5f0b0c1d81ff,0.916902,16.978584,1,13776,1,1,0,0,1,0,0,0,0,0,0,0,0,0
1826,10,e656d02c25db3781,1.733674,16.248639,1,13690,1,0,0,0,0,0,0,0,0,0,0,0,0,1
1827,10,2c84c8f67ae5e607,1.302445,15.68584,1,13849,1,1,0,0,1,0,0,0,0,0,0,0,0,0
1828,10,dcb27db98e89f513,2.022131,18.741874,1,13918,2,1,0,0,1,0,0,0,0,0,0,0,0,1
1829,10,8be3785daa875b8a,1.520672,20.0,1,13789,1,1,0,0,1,0,0,0,0,0,0,0,0,1
1830,10,4aaea99f6ac59e27,2.186077,15.817954,0,13919,1,0,0,0,0,0,0,0,0,0,0,0,0,0
1831,10,aec729454a9a1f18,1.642318,18.841127,1,13878,1,1,0,0,1,0,0,0,0,0,0,0,0,1
1832,10,1b41aa863285f5c1,1.233812,17.633479,1,13910,1,1,0,0,0,0,0,0,0,0,0,0,0,1
1833,10,32fd1d9e0020a202,3.016145,20.0,1,13979,2,0,0,0,1,0,0,0,0,0,0,0,0,1
1834,10,f58bfb7c7a613e57,2.265917,18.6706,1,13860,1,1,0,0,1,0,0,0,0,0,0,0,0,0
1835,10,79677f7746bd59d4,1.702299,20.0,1,13904,1,1,0,0,1,0,0,0,0,0,0,0,0,1
1836,10,7e9471a6b64ad0e1,2.324304,15.780427,0,13682,1,0,0,0,0,0,0,0,0,0,0,0,0,0
1837,10,17bf3f6a53b3acbd,1.746162,18.812934,1,14127,1,1,0,0,1,0,0,0,0,0,0,0,0,1
1838,10,ee1a1cd50f2951de,1.311826,20.0,1,14197,1,1,0,0,1,0,0,0,0,0,0,0,0,1
1839,10,8cfdd8d741f0fa72,0.985526,19.323832,1,14194,1,1,0,0,1,0,0,0,0,0,0,0,0,0
1840,10,c0be460fdcbbda7f,1.78528,18.012299,1,15018,1,0,0,0,0,0,0,0,0,0,0,0,0,1
1841,10,a6fbea34fb95680f,1.341214,20.0,1,14956,1,1,0,0,1,0,0,0,0,0,0,0,0,1
1842,10,e0932b7b1defa8c5,1.007604,18.871957,1,16312,1,1,0,0,1,0,0,0,0,0,0,0,0,0
1843,10,af4aa705dace5bec,1.801883,17.672482,1,16485,2,1,0,0,0,0,0,0,0,0,0,0,0,1
1844,10,24236b32be665c60,2.397341,20.0,1,16469,1,0,0,0,1,0,0,0,0,0,0,0,0,1
1845,10,c4097fcea9b10d06,1.801033,20.0,1,16380,1,1,0,0,1,0,0,0,0,0,0,0,0,1
1846,10,42b88000d6b2c46d,2.396702,20.0,1,16518,2,1,0,0,1,0,0,0,0,0,0,0,0,1
1847,10,58b9d8bb825ec1ac,1.802354,20.0,1,16290,1,1,0,0,1,0,0,0,0,0,0,0,0,1
1848,10,0cdcb1f8b6cb8e44,2.397694,20.0,1,17005,2,1,0,0,1,0,0,0,0,0,0,0,0,1
1849,10,d200bce1af06ee51,2.844952,19.174531,0,16978,1,0,0,0,0,0,0,0,0,0,0,0,0,0
1850,10,90d4ee6d4b59826e,2.139444,20.0,1,16837,1,1,0,0,1,0,0,0,0,0,0,0,0,1
1851,10,095ec8464e0215e8,3.694591,19.541233,1,16774,2,0,0,0,0,0,0,0,0,0,0,0,0,1
1852,10,de1e73e1c7eca292,2.775608,20.0,1,16907,1,1,0,0,1,0,0,0,0,0,0,0,0,1
1853,10,aacab051c8d72560,2.085211,20.0,1,16984,1,1,0,0,1,0,0,0,0,0,0,0,0,1
1854,10,1de3f6c8e406d342,2.612259,20.0,1,14702,1,0,0,0,0,0,0,0,0,0,0,0,0,1
1855,10,088a084ff4e6122f,3.006146,19.208446,1,13975,2,1,0,0,1,0,0,0,0,0,0,0,0,0
1856,10,f79b15cbbcee9052,2.258405,20.0,1,14085,1,1,0,0,1,0,0,0,0,0,0,0,0,1
1857,10,62d21b4e8f59b0fa,2.742503,19.56479,1,13838,1,0,0,0,0,0,0,0,0,0,0,0,0,1
1858,10,b04c07e96eb64a43,2.06034,18.17714,1,13956,1,1,0,0,1,0,0,0,0,0,0,0,0,0
1859,10,c8ae8fb1ebb69fda,2.59151,17.13465,1,13717,1,0,0,0,0,0,0,0,0,0,0,0,0,1
1860,10,025dd8421e40c787,1.946904,16.351467,1,13670,1,1,0,0,1,0,0,0,0,0,0,0,0,0
1861,10,48f48cdea5675cf0,1.4641,19.25754,1,13790,1,1,0,0,1,0,0,0,0,0,0,0,0,1
1862,10,0961120d7e2c241c,2.143577,14.46747,0,13838,1,0,0,0,0,0,0,0,0,0,0,0,0,0
1863,10,6df890320c51dd58,1.610389,17.826558,1,13603,1,1,0,0,1,0,0,0,0,0,0,0,0,1
1864,10,71ea6aae9131a580,1.211036,16.886327,1,13522,1,1,0,0,1,0,0,0,0,0,0,0,0,0
1865,10,661b5a46ca301ace,1.953459,16.164911,1,13562,1,0,0,0,0,0,0,0,0,0,0,0,0,1
1866,10,6fdc84f3bc161610,1.467561,15.622938,1,13631,1,1,0,0,1,0,0,0,0,0,0,0,0,0
1867,10,0122f23e4b3007c9,1.102524,18.694618,1,13675,1,1,0,0,1,0,0,0,0,0,0,0,0,1
1868,10,d160d46167f38e65,1.873264,17.539121,1,13755,2,1,0,0,0,0,0,0,0,0,0,0,0,1
1869,10,b929dfe110f303a0,2.450967,16.655331,1,13624,1,0,0,0,1,0,0,0,0,0,0,0,0,0
1870,10,d07e57c26ef401ff,1.84132,19.470216,1,13895,1,1,0,0,1,0,0,0,0,0,0,0,0,1
1871,10,d2586ee61d5d79ac,1.384699,18.122382,1,13703,1,1,0,0,1,0,0,0,0,0,0,0,0,0
1872,10,bcb757b2ab56eeca,2.083926,17.093513,1,13780,1,0,0,0,0,0,0,0,0,0,0,0,0,1
1873,10,7c09883a45b2f1b3,1.565575,16.320561,1,13982,1,1,0,0,1,0,0,0,0,0,0,0,0,0
1874,10,cd01dc91c96f2c80,1.176158,19.218717,1,13927,1,1,0,0,1,0,0,0,0,0,0,0,0,1
1875,10,407cb23d160672f7,1.928638,17.933251,1,13600,1,0,0,0,0,0,0,0,0,0,0,0,0,1
1876,10,495b7f2ae71e9ea0,1.448914,16.951425,1,13783,1,1,0,0,1,0,0,0,0,0,0,0,0,0
1877,10,bb2b0908a9abf78f,2.132168,19.692661,1,13785,2,1,0,0,1,0,0,0,0,0,0,0,0,1
1878,10,362a450686f85f0a,1.603421,20.0,1,13789,1,1,0,0,1,0,0,0,0,0,0,0,0,1
1879,10,ac24ffc7764b1735,2.248244,19.833956,1,13814,1,0,0,0,0,0,0,0,0,0,0,0,0,1
1880,10,ccd879853054dd57,1.689021,20.0,1,14032,1,1,0,0,1,0,0,0,0,0,0,0,0,1
1881,10,f859de6b01c88424,1.268899,19.900092,1,14025,1,1,0,0,1,0,0,0,0,0,0,0,0,0
1882,10,bfd739d4cdfa72da,1.99838,18.445655,1,13839,1,0,0,0,0,0,0,0,0,0,0,0,0,1
1883,10,4f5aad7a3f03a4ac,1.501308,20.0,1,13933,1,1,0,0,1,0,0,0,0,0,0,0,0,1
1884,10,eeb769578968f69b,1.127877,19.116541,1,13750,1,1,0,0,1,0,0,0,0,0,0,0,0,0
1885,10,502b6783c23e78b7,0.848179,20.0,1,13677,1,1,0,0,1,0,0,0,0,0,0,0,0,1
1886,10,b2e487a060b94e24,1.680859,19.508471,1,13906,1,0,0,0,0,0,0,0,0,0,0,0,0,1
1887,10,ee2e508103b6d6a5,1.262766,18.134829,1,13992,1,1,0,0,1,0,0,0,0,0,0,0,0,0
1888,10,23c3d297d4ee197c,1.992323,20.0,1,13907,2,1,0,0,1,0,0,0,0,0,0,0,0,1
1889,10,ef4233fca45a133f,1.498255,18.95824,1,13993,1,1,0,0,0,0,0,0,0,0,0,0,0,1
1890,10,3aa7e3473919d60b,2.169236,20.0,1,14051,1,0,0,0,1,0,0,0,0,0,0,0,0,1
1891,10,eddc85bfe849991a,2.67332,20.0,1,14012,2,1,0,0,1,0,0,0,0,0,0,0,0,1
1892,10,ceebec7b81634a4a,2.010374,20.0,1,14009,1,1,0,0,1,0,0,0,0,0,0,0,0,0
1893,10,9f5d87ec4e74461b,2.553972,19.022552,1,14125,1,0,0,0,0,0,0,0,0,0,0,0,0,1
1894,10,bc6cbaf5138154c9,1.918704,20.0,1,14023,1,1,0,0,1,0,0,0,0,0,0,0,0,1
1895,10,b05e035ddc8d98f6,1.441451,19.442139,1,14149,1,1,0,0,1,0,0,0,0,0,0,0,0,0
1896,10,b768ded19de9060d,2.128142,18.101268,1,14001,1,0,0,0,0,0,0,0,0,0,0,0,0,1
1897,10,5ed64908cb95e26b,2.642447,20.0,1,14095,2,1,0,0,1,0,0,0,0,0,0,0,0,1
1898,10,c6ed74ae21f8b3b8,1.985172,18.922171,1,13899,1,1,0,0,1,0,0,0,0,0,0,0,0,0
1899,10,2f341478fd8e2792,2.537028,17.710244,1,14108,1,0,0,0,0,0,0,0,0,0,0,0,0,1
1900,10,56f072d2546f4fcc,1.905974,16.783889,1,14176,1,1,0,0,1,0,0,0,0,0,0,0,0,0
1901,10,21f9efdb55ad7b46,1.431887,16.087953,1,14313,1,1,0,0,0,0,0,0,0,0,0,0,0,1
1902,10,a54b98d10b749a22,2.119377,15.565122,1,14121,1,0,0,0,1,0,0,0,0,0,0,0,0,0
1903,10,282cbd5f2ba7600d,1.593801,18.666197,1,14146,1,1,0,0,1,0,0,0,0,0,0,0,0,1
1904,10,69daaef3b0b7ceb3,1.197363,14.023216,0,14307,1,1,0,0,0,0,0,0,0,0,0,0,0,0
1905,10,fc3f8938c0596cdd,1.943188,17.492807,1,14668,1,0,0,0,1,0,0,0,0,0,0,0,0,1
1906,10,8d1fa1a01f922ad6,2.505455,20.0,1,14147,2,1,0,0,1,0,0,0,0,0,0,0,0,1
1907,10,fd6a28f15c8f50ec,2.925908,18.591126,1,14055,1,0,0,0,0,0,0,0,0,0,0,0,0,1
1908,10,38f800686de8352c,2.198126,17.445662,1,13877,1,1,0,0,1,0,0,0,0,0,0,0,0,0
1909,10,49f9c54215f141fc,0.607716,16.585118,1,14044,0,1,0,0,1,0,0,0,0,0,0,0,0,0
1910,10,cd3c9eb645524028,1.501162,19.433249,1,14169,2,1,0,0,1,0,0,0,0,0,0,0,0,1
1911,10,5f74a538f2ae9f66,2.17142,18.078318,1,14174,1,0,0,0,0,0,0,0,0,0,0,0,0,1
1912,10,4c8e6ed502692c93,1.631307,17.060409,1,13833,1,1,0,0,1,0,0,0,0,0,0,0,0,0
1913,10,0793002c6d3e96c3,1.226766,19.790674,1,14022,1,1,0,0,1,0,0,0,0,0,0,0,0,1
1914,10,9cdf8acdfc436234,0.921623,18.346838,1,14127,1,1,0,0,1,0,0,0,0,0,0,0,0,0
1915,10,768eb8188560dfb8,1.736035,17.262138,1,13933,1,0,0,0,0,0,0,0,0,0,0,0,0,1
1916,10,b4208cfa6e769a3b,1.304218,19.926088,1,14187,1,1,0,0,1,0,0,0,0,0,0,0,0,1
1917,10,851ed36e407dd93d,0.98079,18.465204,1,13879,1,1,0,0,1,0,0,0,0,0,0,0,0,0
1918,10,07870aa703a40a3a,0.736831,20.0,1,13911,1,1,0,0,1,0,0,0,0,0,0,0,0,1
1919,10,dde32ab0c247527f,0.553554,19.127575,1,13996,1,1,0,0,0,0,0,0,0,0,0,0,0,1
1920,10,13c517f921f708b3,1.460431,17.86471,1,14089,1,0,0,0,1,0,0,0,0,0,0,0,0,0
1921,10,68ff72540528a3b6,2.14082,20.0,1,14105,2,1,0,0,1,0,0,0,0,0,0,0,0,1
1922,10,11fc499b1b84b68e,1.608318,20.0,1,14000,1,1,0,0,1,0,0,0,0,0,0,0,0,1
1923,10,4c0dac783f48ef5f,1.208269,20.0,1,13995,1,1,0,0,1,0,0,0,0,0,0,0,0,1
1924,10,02ec29759fbb19a0,1.952786,20.0,1,13999,1,0,0,0,0,0,0,0,0,0,0,0,0,1
1925,10,54d8c093532a96c4,1.467055,19.475506,1,13919,1,1,0,0,1,0,0,0,0,0,0,0,0,0
1926,10,8dda4d3aeb8dfc4e,2.145797,20.0,1,13945,2,1,0,0,1,0,0,0,0,0,0,0,0,1
1927,10,6abdec8a6ccaa5f7,1.61367,19.715669,1,14016,1,1,0,0,0,0,0,0,0,0,0,0,0,1
1928,10,adf9594e124383dc,2.255943,20.0,1,14020,1,0,0,0,1,0,0,0,0,0,0,0,0,1
1929,10,88f56ba790f2bdd2,1.694806,20.0,1,14053,1,1,0,0,1,0,0,0,0,0,0,0,0,1
1930,10,8b16276669b07ea5,1.273244,20.0,1,14017,1,1,0,0,1,0,0,0,0,0,0,0,0,0
1931,10,50ae98058be71d52,2.001648,19.267094,1,14112,1,0,0,0,0,0,0,0,0,0,0,0,0,1
1932,10,7b267f30de6bbf1b,2.547417,20.0,1,13953,2,1,0,0,1,0,0,0,0,0,0,0,0,1
1933,10,2e410b438a53c718,1.913779,20.0,1,13817,1,1,0,0,1,0,0,0,0,0,0,0,0,1
1934,10,10727e2237549e23,1.439189,20.0,1,13698,1,1,0,0,1,0,0,0,0,0,0,0,0,0
1935,10,06142b997aa1e323,1.081209,20.0,1,13903,1,1,0,0,1,0,0,0,0,0,0,0,0,1
1936,10,91f4fa482863c76e,1.855925,16.978444,0,13807,1,0,0,0,0,0,0,0,0,0,0,0,0,0
1937,10,7575f751240f13fd,1.394287,19.712959,1,13808,1,1,0,0,1,0,0,0,0,0,0,0,0,1
1938,10,1cb98a6a4b8af97d,1.048524,18.304928,1,13849,1,1,0,0,1,0,0,0,0,0,0,0,0,0
1939,10,c28f50e2896a103e,2.875024,17.230653,1,13980,2,0,0,0,0,0,0,0,0,0,0,0,0,1
1940,10,8ac96d26788eb4ba,2.159898,19.902434,1,14077,1,1,0,0,1,0,0,0,0,0,0,0,0,1
1941,10,d508b3b60112075d,1.624274,20.0,1,14031,1,1,0,0,1,0,0,0,0,0,0,0,0,1
1942,10,ea9434268926f046,2.26391,16.473625,0,14036,1,0,0,0,0,0,0,0,0,0,0,0,0,0
1943,10,bf91afd7e7553a2f,1.700791,19.333707,1,13992,1,1,0,0,1,0,0,0,0,0,0,0,0,1
1944,10,8304b3f198b569b5,1.27774,18.003536,1,14023,1,1,0,0,1,0,0,0,0,0,0,0,0,0
1945,10,17e54ae5ff5a2d37,2.00503,17.019418,1,13928,1,0,0,0,0,0,0,0,0,0,0,0,0,1
1946,10,ebd50b9c79b8e4c1,1.506304,16.264897,1,13863,1,1,0,0,1,0,0,0,0,0,0,0,0,0
1947,10,6ed83de0e4a07783,2.175283,15.698053,1,14173,1,0,0,0,0,0,0,0,0,0,0,0,0,1
1948,10,ca75c1d40d7feeca,1.635844,18.766163,1,14006,1,1,0,0,1,0,0,0,0,0,0,0,0,1
1949,10,2bc48295577b28e2,2.272602,20.0,1,13836,2,1,0,0,1,0,0,0,0,0,0,0,0,1
1950,10,e1a592aece5a849f,2.750974,15.81859,0,13892,1,0,0,0,0,0,0,0,0,0,0,0,0,0
1951,10,940ec1ee10b60a61,2.066704,18.841604,1,13838,1,1,0,0,1,0,0,0,0,0,0,0,0,1
1952,10,e8127451797a4324,1.554191,17.649657,1,13772,1,1,0,0,1,0,0,0,0,0,0,0,0,0
1953,10,95500f27e2422891,2.211259,16.738372,1,13779,1,0,0,0,0,0,0,0,0,0,0,0,0,1
1954,10,d0e3f27e1f055b04,1.661236,16.053758,1,13663,1,1,0,0,1,0,0,0,0,0,0,0,0,0
1955,10,e37613992f4fd291,1.249273,19.033658,1,13582,1,1,0,0,1,0,0,0,0,0,0,0,0,1
1956,10,cf98ece0cea14c62,1.982186,14.299276,0,13493,1,0,0,0,0,0,0,0,0,0,0,0,0,0
1957,10,f089f3b57a4d0f74,1.489142,17.7002,1,13803,1,1,0,0,1,0,0,0,0,0,0,0,0,1
1958,10,a1e09a12055751f3,1.118737,20.0,1,13800,1,1,0,0,1,0,0,0,0,0,0,0,0,1
1959,10,090692e3b870af64,0.841306,18.712692,1,13775,1,1,0,0,1,0,0,0,0,0,0,0,0,0
1960,10,80d2c89c33cba964,2.719348,17.53699,1,13794,2,0,0,0,0,0,0,0,0,0,0,0,0,1
1961,10,90667e06d1fdedfb,2.042945,20.0,1,13701,1,1,0,0,1,0,0,0,0,0,0,0,0,1
1962,10,f6a9d3612372c138,1.536324,20.0,1,13630,1,1,0,0,1,0,0,0,0,0,0,0,0,1
1963,10,5dd678ca8cd28c41,1.154182,20.0,1,13979,1,1,0,0,1,0,0,0,0,0,0,0,0,1
1964,10,ad61d1e41e33f309,1.910748,17.700749,0,14040,1,0,0,0,0,0,0,0,0,0,0,0,0,0
1965,10,1b4d011e92f99b72,1.435473,20.0,1,13902,1,1,0,0,1,0,0,0,0,0,0,0,0,1
1966,10,2088ca923afd1b47,1.079496,20.0,1,13866,1,1,0,0,1,0,0,0,0,0,0,0,0,1
1967,10,6e9da6919a69c02e,1.854639,20.0,1,13882,2,1,0,0,1,0,0,0,0,0,0,0,0,1
1968,10,b776d3795485251f,2.436974,20.0,1,13958,1,0,0,0,0,0,0,0,0,0,0,0,0,1
1969,10,3a88b46349db717f,1.832639,19.447126,1,13928,1,1,0,0,1,0,0,0,0,0,0,0,0,0
1970,10,bc97d504d7395733,1.376793,20.0,1,13821,1,1,0,0,1,0,0,0,0,0,0,0,0,1
1971,10,0396e9642752b8fa,2.077987,20.0,1,14186,2,1,0,0,1,0,0,0,0,0,0,0,0,1
1972,10,ac5d4b8039e7d009,2.604767,17.399701,0,14048,1,0,0,0,0,0,0,0,0,0,0,0,0,0
1973,10,856d7df85636b8d3,1.958822,20.0,1,14220,1,1,0,0,1,0,0,0,0,0,0,0,0,1
1974,10,101d94a99483b526,1.47159,20.0,1,14237,1,1,0,0,1,0,0,0,0,0,0,0,0,1
1975,10,a5832e6e7c03ec94,1.10555,16.540827,0,14361,1,1,0,0,0,0,0,0,0,0,0,0,0,0
1976,10,b99a6b3f3fe95dfa,1.87554,19.399941,1,14038,1,0,0,0,1,0,0,0,0,0,0,0,0,1
1977,10,4675fb62415f4b1a,1.409023,20.0,1,14244,1,1,0,0,1,0,0,0,0,0,0,0,0,1
1978,10,e4b5c49e595029da,1.058546,19.655136,1,14150,1,1,0,0,1,0,0,0,0,0,0,0,0,0
1979,10,294e68b54221db19,1.8389,18.245013,1,14159,1,0,0,0,0,0,0,0,0,0,0,0,0,1
1980,10,33f332f2c8a6146f,2.427029,20.0,1,14214,2,1,0,0,1,0,0,0,0,0,0,0,0,1
1981,10,a5b87d6b1ee73aea,1.823336,20.0,1,14109,1,1,0,0,1,0,0,0,0,0,0,0,0,1
1982,10,4f6aa90010b1c290,1.369804,20.0,1,14219,1,1,0,0,1,0,0,0,0,0,0,0,0,1
1983,10,b4a84820f0de4e48,2.074263,17.941025,0,14048,1,0,0,0,0,0,0,0,0,0,0,0,0,0
1984,10,35f0e26816390ea6,2.60197,20.0,1,14514,2,1,0,0,1,0,0,0,0,0,0,0,0,1
1985,10,4da13f1f06982863,1.954762,18.831731,1,14320,1,1,0,0,0,0,0,0,0,0,0,0,0,1
1986,10,a9d30ebd9cf81830,2.512193,20.0,1,14275,1,0,0,0,1,0,0,0,0,0,0,0,0,1
1987,10,5c2ebba65cb4fa26,1.889205,19.351961,1,13966,1,1,0,0,1,0,0,0,0,0,0,0,0,0
1988,10,e417228d43b6a251,1.419289,18.01725,1,14305,1,1,0,0,0,0,0,0,0,0,0,0,0,1
1989,10,365f9e2086f0ccfe,3.153566,20.0,1,14389,2,0,0,0,1,0,0,0,0,0,0,0,0,1
1990,10,ffc6fd0f54dc2985,2.371526,18.891812,1,14434,1,1,0,0,1,0,0,0,0,0,0,0,0,0
1991,10,c82eb716a6ccd2b1,1.781639,20.0,1,14441,1,1,0,0,1,0,0,0,0,0,0,0,0,1
1992,10,d64b1dd1680b4a9e,2.382132,19.36835,1,14684,1,0,0,0,0,0,0,0,0,0,0,0,0,1
1993,10,d2856f82fc5dd939,1.789607,18.029562,1,14635,1,1,0,0,1,0,0,0,0,0,0,0,0,0
1994,10,40f5acb149b13958,1.34581,20.0,1,14692,1,1,0,0,1,0,0,0,0,0,0,0,0,1
1995,10,e6018ee5231ed57b,2.05471,15.415526,0,14217,1,0,0,0,0,0,0,0,0,0,0,0,0,0
1996,10,9991598eb2d821e3,2.58728,18.538798,1,14201,2,1,0,0,1,0,0,0,0,0,0,0,0,1
1997,10,2b65254ced56f677,1.945672,20.0,1,14391,1,1,0,0,1,0,0,0,0,0,0,0,0,1
1998,10,f42dbbf1bd95f2d9,1.46171,20.0,1,14232,1,1,0,0,1,0,0,0,0,0,0,0,0,1
1999,10,7f2a383df3f59c35,1.098128,20.0,1,14260,1,1,0,0,1,0,0,0,0,0,0,0,0,1
2000,10,bb0fb67a29edf533,1.868636,18.01677,0,14351,1,0,0,0,0,0,0,0,0,0,0,0,0,0
2001,10,9e4c2169ae4926b7,1.405241,20.0,1,14358,1,1,0,0,1,0,0,0,0,0,0,0,0,1
2002,10,4c3d4240b32e3b34,1.055705,18.887144,1,13876,1,1,0,0,1,0,0,0,0,0,0,0,0,0
2003,10,6a2fdf38948c66ca,0.793112,20.0,1,13786,1,1,0,0,1,0,0,0,0,0,0,0,0,1
2004,10,5115650a7406ca7b,0.596431,19.383268,1,13577,1,1,0,0,1,0,0,0,0,0,0,0,0,0
2005,10,f287c3b16c3508d8,1.49173,18.040769,1,13552,1,0,0,0,0,0,0,0,0,0,0,0,0,1
2006,10,0308ec9b4b06ef85,1.120681,20.0,1,13882,1,1,0,0,1,0,0,0,0,0,0,0,0,1
2007,10,0325a8fae7e2e796,0.841926,20.0,1,13764,1,1,0,0,1,0,0,0,0,0,0,0,0,1
2008,10,00a1b1ebc75d0266,0.63314,20.0,1,13646,1,1,0,0,1,0,0,0,0,0,0,0,0,0
2009,10,52c00d90994e6043,1.519308,18.730006,1,13954,2,1,0,0,0,0,0,0,0,0,0,0,0,1
2010,10,a5915d23de02da78,2.185053,17.549998,1,13975,1,0,0,0,1,0,0,0,0,0,0,0,0,0
2011,10,1177772c1fd9b0db,1.643191,20.0,1,13894,1,1,0,0,1,0,0,0,0,0,0,0,0,1
2012,10,925c98f060abb7a4,1.234468,20.0,1,14001,1,1,0,0,1,0,0,0,0,0,0,0,0,1
2013,10,635b225abfe96fe6,0.927409,20.0,1,14192,1,1,0,0,1,0,0,0,0,0,0,0,0,0
2014,10,caeef4a03e43108e,0.696728,20.0,1,14095,1,1,0,0,1,0,0,0,0,0,0,0,0,1
2015,10,59636c76c6798e52,1.5681,20.0,1,14127,1,0,0,0,0,0,0,0,0,0,0,0,0,1
2016,10,70bc1f7707701e22,1.178055,18.548526,1,14021,1,1,0,0,1,0,0,0,0,0,0,0,0,0
2017,10,ada5f1fde6feec95,1.928682,20.0,1,14099,2,1,0,0,1,0,0,0,0,0,0,0,0,1
2018,10,471ddf63f261a048,1.450396,20.0,1,14036,1,1,0,0,1,0,0,0,0,0,0,0,0,1
2019,11,1fd48474a6be9a50,1.089629,20.0,1,14082,1,1,0,0,0,0,0,0,0,0,0,0,0,1
2020,11,40ab05863d40ab6a,1.862251,20.0,1,14224,1,0,0,0,1,0,0,0,0,0,0,0,0,1
2021,11,9fa3e60e300cac94,1.399039,20.0,1,14112,1,1,0,0,1,0,0,0,0,0,0,0,0,0
2022,11,9522afc9eb92ebd2,2.096248,18.733362,1,14114,1,0,0,0,0,0,0,0,0,0,0,0,0,1
2023,11,0fba0eaa5e567fe1,1.574833,17.552519,1,14103,1,1,0,0,1,0,0,0,0,0,0,0,0,0
2024,11,8f9f8c22e25048df,1.183113,20.0,1,14013,1,1,0,0,1,0,0,0,0,0,0,0,0,1
2025,11,025aca0c2fc547cd,0.889718,18.629258,1,13831,1,1,0,0,1,0,0,0,0,0,0,0,0,0
2026,11,ea7305c3d0c4eb0e,1.712065,17.474309,1,14028,1,0,0,0,0,0,0,0,0,0,0,0,0,1
2027,11,b3bc2710b036c5b2,1.28621,16.60664,1,13803,1,1,0,0,1,0,0,0,0,0,0,0,0,0
2028,11,3c254a4fca255c07,0.966282,15.954792,1,13975,1,1,0,0,0,0,0,0,0,0,0,0,0,1
2029,11,7fb0256f65ce4ff6,1.770808,18.959235,1,14031,1,0,0,0,1,0,0,0,0,0,0,0,0,1
2030,11,a69e89495c03d18a,1.330342,17.722209,1,14076,1,1,0,0,1,0,0,0,0,0,0,0,0,0
2031,11,ba87dd4319678e85,0.999436,20.0,1,13878,1,1,0,0,1,0,0,0,0,0,0,0,0,1
2032,11,3e895dd2e76d3ae9,2.839891,18.725126,1,13929,2,0,0,0,0,0,0,0,0,0,0,0,0,1
2033,11,5bfa9aaebee05047,2.133504,20.0,1,14003,1,1,0,0,1,0,0,0,0,0,0,0,0,1
2034,11,ca3938afd42b6b51,1.602822,19.274273,1,13894,1,1,0,0,1,0,0,0,0,0,0,0,0,0
2035,11,3840b1179d01d5ca,1.20414,20.0,1,14046,1,1,0,0,1,0,0,0,0,0,0,0,0,1
2036,11,3ad00a257add4750,0.905531,19.60198,1,13917,1,1,0,0,1,0,0,0,0,0,0,0,0,0
2037,11,715e21df0f1ac6b8,0.680291,20.0,1,13994,1,1,0,0,1,0,0,0,0,0,0,0,0,1
2038,11,ab882b57d80326bc,1.554731,19.769166,1,14267,1,0,0,0,0,0,0,0,0,0,0,0,0,1
2039,11,de121b1615b372cf,2.21333,20.0,1,13860,2,1,0,0,1,0,0,0,0,0,0,0,0,1
2040,11,0469b68beb7ba893,1.662792,20.0,1,13958,1,1,0,0,1,0,0,0,0,0,0,0,0,1
2041,11,77ed09b9b5fdd2d5,1.249194,17.546507,0,13930,1,1,0,0,0,0,0,0,0,0,0,0,0,0
2042,11,f528f75252723e1c,1.982126,20.0,1,14041,1,0,0,0,1,0,0,0,0,0,0,0,0,1
2043,11,c2f4dc060312be30,1.490587,20.0,1,13885,1,1,0,0,1,0,0,0,0,0,0,0,0,1
2044,11,f6d7570dbe7171fa,1.119822,20.0,1,13929,1,1,0,0,1,0,0,0,0,0,0,0,0,0
2045,11,50afc0b225fbdddd,1.884934,20.0,1,13975,2,1,0,0,1,0,0,0,0,0,0,0,0,1
2046,11,77cb534e4dd68f47,1.417497,20.0,1,13954,1,1,0,0,0,0,0,0,0,0,0,0,0,1
2047,11,03a072c123c7f460,2.108566,20.0,1,14025,1,0,0,0,1,0,0,0,0,0,0,0,0,1
2048,11,40a0b4653c2b8b16,1.584087,20.0,1,13938,1,1,0,0,1,0,0,0,0,0,0,0,0,0
2049,11,8ced9c6091029967,1.190065,20.0,1,14047,1,1,0,0,1,0,0,0,0,0,0,0,0,1
2050,11,f446b42f744adfb3,0.894946,20.0,1,13948,1,1,0,0,1,0,0,0,0,0,0,0,0,0
2051,11,ffdd19bd8ebe00f5,2.759646,18.525055,1,13949,2,0,0,0,0,0,0,0,0,0,0,0,0,1
2052,11,b9666f9e7129180f,2.073219,20.0,1,13667,1,1,0,0,1,0,0,0,0,0,0,0,0,1
2053,11,826bb28746b5aff3,1.55909,20.0,1,13946,1,1,0,0,1,0,0,0,0,0,0,0,0,1
2054,11,3c2e28f559cf9803,1.171286,20.0,1,13875,1,1,0,0,0,0,0,0,0,0,0,0,0,1
2055,11,f896a9eeacd54b0b,1.923597,18.881123,1,13915,1,0,0,0,1,0,0,0,0,0,0,0,0,0
2056,11,7e91fafbe2aeffcf,1.445126,20.0,1,13916,1,1,0,0,1,0,0,0,0,0,0,0,0,1
2057,11,23f5c9c20ef02c3c,2.130906,15.899364,0,13903,1,0,0,0,0,0,0,0,0,0,0,0,0,0
2058,11,9d0a03a46f7fd20e,1.60087,18.902287,1,13945,1,1,0,0,1,0,0,0,0,0,0,0,0,1
2059,11,5056e413ae2ebdf0,3.289981,17.679426,1,13996,2,0,0,0,0,0,0,0,0,0,0,0,0,1
2060,11,b775466fa0289f2b,2.474112,16.775682,1,13743,1,1,0,0,1,0,0,0,0,0,0,0,0,0
2061,11,6f4f567e5c6b8e3b,2.902361,16.081787,1,13971,1,0,0,0,0,0,0,0,0,0,0,0,0,1
2062,11,137f5eeeb2623443,2.180436,15.56049,1,13836,1,1,0,0,1,0,0,0,0,0,0,0,0,0
2063,11,c56ed1fb7bd9ce7a,2.681733,15.168859,1,13837,1,0,0,0,0,0,0,0,0,0,0,0,0,1
2064,11,3fd1bd003e02a18b,2.016702,14.8877,1,13599,1,1,0,0,1,0,0,0,0,0,0,0,0,0
2065,11,6e854fd7e70e32bd,2.558726,14.663417,1,13720,1,0,0,0,0,0,0,0,0,0,0,0,0,1
2066,11,a79b79b71750715d,2.965928,17.973766,1,14056,2,1,0,0,1,0,0,0,0,0,0,0,0,1
2067,11,ddf6bafbca772346,1.18627,16.99703,1,13743,0,1,0,0,1,0,0,0,0,0,0,0,0,0
2068,11,56a401e4a7726b2e,0.8912,16.248078,1,13878,1,1,0,0,0,0,0,0,0,0,0,0,0,1
2069,11,bb28cbdf97149c5d,2.756832,15.685418,1,13832,2,0,0,0,1,0,0,0,0,0,0,0,0,0
2070,11,e3e18a9466c6fedc,2.071105,18.741557,1,13803,1,1,0,0,1,0,0,0,0,0,0,0,0,1
2071,11,c921d548169e8f60,1.5575,17.57442,1,13678,1,1,0,0,1,0,0,0,0,0,0,0,0,0
2072,11,69aafadc3fe97223,2.213745,16.681849,1,13900,1,0,0,0,0,0,0,0,0,0,0,0,0,1
2073,11,dd667997a0060278,1.663104,19.490139,1,14010,1,1,0,0,1,0,0,0,0,0,0,0,0,1
2074,11,60fc8de00e506b2f,1.250678,18.137364,1,13868,1,1,0,0,1,0,0,0,0,0,0,0,0,0
2075,11,053e8f9694566d06,1.983241,17.104768,1,13898,1,0,0,0,0,0,0,0,0,0,0,0,0,1
2076,11,90b5c2e4308a9168,1.489935,16.329017,1,13876,1,1,0,0,1,0,0,0,0,0,0,0,0,0
2077,11,a36f6dad50bd4f8a,2.162986,19.225069,1,14001,2,1,0,0,1,0,0,0,0,0,0,0,0,1
2078,11,5692d6ab7a94f716,1.626596,20.0,1,13842,1,1,0,0,1,0,0,0,0,0,0,0,0,1
2079,11,35b3b36d69533371,2.265654,19.569785,1,14739,1,0,0,0,0,0,0,0,0,0,0,0,0,1
2080,11,9c478fd94d3e9798,1.702101,20.0,1,14512,1,1,0,0,1,0,0,0,0,0,0,0,0,1
2081,11,8d1105594730167b,1.280004,19.768933,1,14419,1,1,0,0,1,0,0,0,0,0,0,0,0,0
2082,11,9c35beb5878441b5,0.961619,18.330505,1,14423,1,1,0,0,0,0,0,0,0,0,0,0,0,1
2083,11,f5f29522ce931d39,2.809735,20.0,1,14445,2,0,0,0,1,0,0,0,0,0,0,0,0,1
2084,11,ce8bafa2b4cea125,2.110849,20.0,1,14899,1,1,0,0,1,0,0,0,0,0,0,0,0,1
2085,11,fe101d3bee42534f,1.587389,20.0,1,14997,1,1,0,0,1,0,0,0,0,0,0,0,0,1
2086,11,bcf07b426549d65b,1.192546,20.0,1,14588,1,1,0,0,1,0,0,0,0,0,0,0,0,0
2087,11,21e71b54ccf262e5,1.939568,19.583783,1,14583,1,0,0,0,0,0,0,0,0,0,0,0,0,1
2088,11,eadaa5c18d35c7c0,1.458583,18.207786,1,14500,1,1,0,0,1,0,0,0,0,0,0,0,0,0
2089,11,e8a0a1e6e85c6c35,2.139432,20.0,1,14565,2,1,0,0,1,0,0,0,0,0,0,0,0,1
2090,11,d3f380907c693ce4,1.607276,20.0,1,15159,1,1,0,0,1,0,0,0,0,0,0,0,0,1
2091,11,92d280e6b4457db6,1.207486,20.0,1,14894,1,1,0,0,1,0,0,0,0,0,0,0,0,1
2092,11,d26103ce8b618b57,1.952197,17.921928,0,14940,1,0,0,0,0,0,0,0,0,0,0,0,0,0
2093,11,452a62474d02fed6,1.466613,20.0,1,14923,1,1,0,0,1,0,0,0,0,0,0,0,0,1
2094,11,846fb34737ebdce6,3.189118,18.820952,1,14864,2,0,0,0,0,0,0,0,0,0,0,0,0,1
2095,11,d81cfe464fe52a92,2.398262,17.634126,1,14536,1,1,0,0,1,0,0,0,0,0,0,0,0,0
2096,11,521895fc1c5d2a30,1.801725,20.0,1,13933,1,1,0,0,1,0,0,0,0,0,0,0,0,1
2097,11,bb5ab77e6dcb5944,1.353568,20.0,1,13727,1,1,0,0,1,0,0,0,0,0,0,0,0,1
2098,11,518d9e8c1224b1c9,2.060539,16.630973,0,13950,1,0,0,0,0,0,0,0,0,0,0,0,0,0
2099,11,59c39f1eb42bbe4d,1.549555,19.467732,1,13697,1,1,0,0,1,0,0,0,0,0,0,0,0,1
2100,11,29b3ef9aa30ec344,2.207776,14.625379,0,13797,1,0,0,0,0,0,0,0,0,0,0,0,0,0
2101,11,32a8ad249713b630,1.658619,17.94519,1,13990,1,1,0,0,1,0,0,0,0,0,0,0,0,1
2102,11,c24ee0dcac45eeb0,1.247305,16.97554,1,13608,1,1,0,0,1,0,0,0,0,0,0,0,0,0
2103,11,588eb18bae2515d6,3.024361,16.231933,1,13699,2,0,0,0,0,0,0,0,0,0,0,0,0,1
2104,11,7a53477a2fe956e3,2.272089,19.152134,1,13914,1,1,0,0,1,0,0,0,0,0,0,0,0,1
2105,11,5c3c5f8b1a3b1788,2.750589,17.867127,1,13664,1,0,0,0,0,0,0,0,0,0,0,0,0,1
2106,11,5b41c6d0153d7c3e,2.068482,16.916836,1,13739,1,1,0,0,1,0,0,0,0,0,0,0,0,0
2107,11,ed71fc77916d40ba,1.553973,19.666675,1,13507,1,1,0,0,1,0,0,0,0,0,0,0,0,1
2108,11,a24e81e85f54c3ed,2.211095,14.774838,0,13709,1,0,0,0,0,0,0,0,0,0,0,0,0,0
2109,11,a3dc4fd63c300c16,1.662775,18.071892,1,13840,1,1,0,0,1,0,0,0,0,0,0,0,0,1
2110,11,dc08cfa37f795d6b,1.249181,20.0,1,13621,1,1,0,0,1,0,0,0,0,0,0,0,0,1
2111,11,3969bee8cde69b9d,1.982116,15.426747,0,13521,1,0,0,0,0,0,0,0,0,0,0,0,0,0
2112,11,bc7a437c326988b0,1.48909,18.547227,1,13258,1,1,0,0,1,0,0,0,0,0,0,0,0,1
2113,11,a92a1f82fe09ae3d,1.119817,17.428281,1,13427,1,1,0,0,1,0,0,0,0,0,0,0,0,0
2114,11,a58e23071edaa33c,1.88493,16.57206,1,13505,1,0,0,0,0,0,0,0,0,0,0,0,0,1
2115,11,c2d30bf5a2f264fc,1.416077,15.928814,1,13481,1,1,0,0,1,0,0,0,0,0,0,0,0,0
2116,11,684009f4b79d0d28,1.06491,18.939699,1,13388,1,1,0,0,1,0,0,0,0,0,0,0,0,1
2117,11,0959b977c5a25da9,0.800027,17.707532,1,13447,1,1,0,0,1,0,0,0,0,0,0,0,0,0
2118,11,3aec1a7fa048c1bb,1.644684,16.781851,1,13377,1,0,0,0,0,0,0,0,0,0,0,0,0,1
2119,11,56615625a5bba383,1.23559,19.565267,1,13683,1,1,0,0,1,0,0,0,0,0,0,0,0,1
2120,11,03d7cd4fe7a141cb,0.929181,18.193861,1,13441,1,1,0,0,1,0,0,0,0,0,0,0,0,0
2121,11,3e05b5c4a30022c2,1.741712,20.0,1,13862,2,1,0,0,1,0,0,0,0,0,0,0,0,1
2122,11,7b96a114f0337757,2.352137,18.97443,1,13676,1,0,0,0,0,0,0,0,0,0,0,0,0,1
2123,11,0d3bcc10be77ab9c,1.76884,20.0,1,13715,1,1,0,0,1,0,0,0,0,0,0,0,0,1
2124,11,7ebf3c1fd1724ebc,1.328864,19.428184,1,13676,1,1,0,0,1,0,0,0,0,0,0,0,0,0
2125,11,148a856e2c3d0928,2.041979,18.074513,1,13787,1,0,0,0,0,0,0,0,0,0,0,0,0,1
2126,11,2ad68c4067cae2dc,1.534062,17.05755,1,13683,1,1,0,0,1,0,0,0,0,0,0,0,0,0
2127,11,1cfc1bb7eaaee275,1.153637,19.788524,1,13597,1,1,0,0,1,0,0,0,0,0,0,0,0,1
2128,11,02708e9302711043,1.910338,20.0,1,13734,2,1,0,0,1,0,0,0,0,0,0,0,0,1
2129,11,619fa9b4c4d92721,2.478819,19.874451,1,13935,1,0,0,0,0,0,0,0,0,0,0,0,0,1
2130,11,02634e69808f6647,1.864107,18.426372,1,13652,1,1,0,0,1,0,0,0,0,0,0,0,0,0
2131,11,c89a96b70b624d72,1.400434,20.0,1,14728,1,1,0,0,1,0,0,0,0,0,0,0,0,1
2132,11,360099c39190c1e9,1.052094,19.105658,1,14876,1,1,0,0,1,0,0,0,0,0,0,0,0,0
2133,11,646d62e266f98ca1,1.834052,20.0,1,14546,2,1,0,0,1,0,0,0,0,0,0,0,0,1
2134,11,af587e7c6195d134,1.379233,19.506719,1,15294,1,1,0,0,0,0,0,0,0,0,0,0,0,1
2135,11,a7df3bc002181fce,2.07982,20.0,1,15070,1,0,0,0,1,0,0,0,0,0,0,0,0,1
2136,11,08852bdbe82ffa22,1.562491,20.0,1,14896,1,1,0,0,1,0,0,0,0,0,0,0,0,1
2137,11,1377f58b134a73f3,1.175015,20.0,1,14862,1,1,0,0,1,0,0,0,0,0,0,0,0,0
2138,11,6027056bc7349fcd,0.882745,20.0,1,14917,1,1,0,0,1,0,0,0,0,0,0,0,0,1
2139,11,6d3976062cd4940d,1.706827,20.0,1,14767,2,1,0,0,1,0,0,0,0,0,0,0,0,1
2140,11,5b01cc2bd24b19b5,1.282275,20.0,1,15456,1,1,0,0,0,0,0,0,0,0,0,0,0,1
2141,11,53f2f5f031a87d35,2.00844,19.652034,1,15297,1,0,0,0,1,0,0,0,0,0,0,0,0,0
2142,11,0c4c7a9b9a67f8db,1.508866,20.0,1,15327,1,1,0,0,1,0,0,0,0,0,0,0,0,1
2143,11,cf6f0bbb2fbb878a,1.133554,19.797416,1,15342,1,1,0,0,1,0,0,0,0,0,0,0,0,0
2144,11,7e9ef6a90d691a2e,0.852449,20.0,1,14885,1,1,0,0,1,0,0,0,0,0,0,0,0,1
2145,11,ac44c05e421c6eb9,0.640413,20.0,1,14971,1,1,0,0,1,0,0,0,0,0,0,0,0,1
2146,11,daa7d19be3362470,0.481118,20.0,1,13942,1,1,0,0,1,0,0,0,0,0,0,0,0,0
2147,11,efa9cb56e0e45779,0.361446,20.0,1,13755,1,1,0,0,1,0,0,0,0,0,0,0,0,1
2148,11,cfc63af893c0fabd,1.315963,20.0,1,13748,1,0,0,0,0,0,0,0,0,0,0,0,0,1
2149,11,410e6a3da692d1d4,2.032287,18.953385,1,13654,2,1,0,0,1,0,0,0,0,0,0,0,0,0
2150,11,5e0789beeeacf02c,1.526782,20.0,1,13879,1,1,0,0,1,0,0,0,0,0,0,0,0,1
2151,11,72a59ee8c63a804d,2.192312,19.420691,1,13743,1,0,0,0,0,0,0,0,0,0,0,0,0,1
2152,11,cc634f1e453308d4,1.647002,18.068884,1,13697,1,1,0,0,1,0,0,0,0,0,0,0,0,0
2153,11,9c6b4622121fd810,1.237331,17.053321,1,13701,1,1,0,0,0,0,0,0,0,0,0,0,0,1
2154,11,7354bcee34be42d4,1.973214,16.290367,1,13474,1,0,0,0,1,0,0,0,0,0,0,0,0,0
2155,11,37872b3da31ea2b3,1.483885,19.211592,1,13560,1,1,0,0,1,0,0,0,0,0,0,0,0,1
2156,11,d30e426db75d87e6,1.114787,14.432951,0,13914,1,1,0,0,0,0,0,0,0,0,0,0,0,0
2157,11,1995cb2151a235fa,1.881151,17.800625,1,13975,1,0,0,0,1,0,0,0,0,0,0,0,0,1
2158,11,9aa97d106acdf2d1,1.414653,16.866826,1,13802,1,1,0,0,1,0,0,0,0,0,0,0,0,0
2159,11,2140005ea4d49e54,1.062776,19.629105,1,13850,1,1,0,0,1,0,0,0,0,0,0,0,0,1
2160,11,7141be3aa8718c71,1.842077,18.225457,1,13731,1,0,0,0,0,0,0,0,0,0,0,0,0,1
2161,11,ee7e86a1ca264d99,1.383884,17.170949,1,13767,1,1,0,0,1,0,0,0,0,0,0,0,0,0
2162,11,7049196df22bc76b,1.0407,19.873802,1,13930,1,1,0,0,1,0,0,0,0,0,0,0,0,1
2163,11,2b89c57d7a4327c0,1.825492,20.0,1,13741,2,1,0,0,1,0,0,0,0,0,0,0,0,1
2164,11,727c97945041d09e,2.415078,19.922581,1,13972,1,0,0,0,0,0,0,0,0,0,0,0,0,1
2165,11,c5d608156f8be1eb,1.816173,20.0,1,13954,1,1,0,0,1,0,0,0,0,0,0,0,0,1
2166,11,18b1c911e7b1666e,1.364423,19.963851,1,13846,1,1,0,0,1,0,0,0,0,0,0,0,0,0
2167,11,180617253516be9c,1.02504,20.0,1,13841,1,1,0,0,1,0,0,0,0,0,0,0,0,1
2168,11,9d1fe451ed2edd1d,1.813727,16.49456,0,14002,1,0,0,0,0,0,0,0,0,0,0,0,0,0
2169,11,ee65eaad877daa55,1.363949,19.365148,1,13822,1,1,0,0,1,0,0,0,0,0,0,0,0,1
2170,11,8bce34edf172747e,2.068337,20.0,1,14108,2,1,0,0,1,0,0,0,0,0,0,0,0,1
2171,11,b9f548ca6352fce8,2.597518,19.635499,1,14168,1,0,0,0,0,0,0,0,0,0,0,0,0,1
2172,11,77d471343a8d8091,1.95337,18.246677,1,14407,1,1,0,0,1,0,0,0,0,0,0,0,0,0
2173,11,7692bad8919710ac,1.467494,20.0,1,14704,1,1,0,0,1,0,0,0,0,0,0,0,0,1
2174,11,2819325119750346,1.102473,20.0,1,14967,1,1,0,0,1,0,0,0,0,0,0,0,0,1
2175,11,8bbcf9ae7fae4cd3,1.8719,16.8907,0,15080,1,0,0,0,0,0,0,0,0,0,0,0,0,0
2176,11,3a4e6862c82a54ff,2.451846,19.663051,1,15178,2,1,0,0,1,0,0,0,0,0,0,0,0,1
2177,11,adbd147e0cc38993,1.841981,20.0,1,15387,1,1,0,0,1,0,0,0,0,0,0,0,0,1
2178,11,b0e15467b861dd08,1.383811,20.0,1,15393,1,1,0,0,1,0,0,0,0,0,0,0,0,1
2179,11,cb3d86731902ba10,2.084796,20.0,1,15545,1,0,0,0,0,0,0,0,0,0,0,0,0,1
2180,11,7fe6ed6bcb8aaced,2.609883,20.0,1,14596,2,1,0,0,1,0,0,0,0,0,0,0,0,1
2181,11,3ce99e26310ec6a7,1.960707,20.0,1,14414,1,1,0,0,1,0,0,0,0,0,0,0,0,1
2182,11,df5b2b322d0c66a7,1.473006,20.0,1,14454,1,1,0,0,1,0,0,0,0,0,0,0,0,0
2183,11,252c705dd9c284c3,2.151872,19.673192,1,14363,1,0,0,0,0,0,0,0,0,0,0,0,0,1
2184,11,484dc4120e3024cb,2.660274,20.0,1,14624,2,1,0,0,1,0,0,0,0,0,0,0,0,1
2185,11,16e62df45d7887fa,1.998565,20.0,1,14407,1,1,0,0,1,0,0,0,0,0,0,0,0,1
2186,11,bc72a12e08862afb,1.502949,20.0,1,14395,1,1,0,0,1,0,0,0,0,0,0,0,0,1
2187,11,811d2ed29677dfe6,2.172763,18.386449,0,14339,1,0,0,0,0,0,0,0,0,0,0,0,0,0
2188,11,8cb90a28d1bc1955,1.632316,20.0,1,14493,1,1,0,0,1,0,0,0,0,0,0,0,0,1
2189,11,f7b18d8488b7f010,1.226298,20.0,1,14446,1,1,0,0,1,0,0,0,0,0,0,0,0,1
2190,11,152dcf350f805aa6,3.010494,20.0,1,14473,2,0,0,0,0,0,0,0,0,0,0,0,0,1
2191,11,b1d4a5a0aa207265,2.261672,18.84023,1,14373,1,1,0,0,1,0,0,0,0,0,0,0,0,0
2192,11,a5442c20e3cb4ef5,1.69911,20.0,1,14599,1,1,0,0,1,0,0,0,0,0,0,0,0,1
2193,11,bb41adc75b350cf2,2.321905,15.876262,0,14350,1,0,0,0,0,0,0,0,0,0,0,0,0,0
2194,11,2d5f7361f68f4970,2.788014,18.884931,1,14493,2,1,0,0,1,0,0,0,0,0,0,0,0,1
2195,11,e0a5037c41586e3a,2.094531,20.0,1,14450,1,1,0,0,1,0,0,0,0,0,0,0,0,1
2196,11,e580c25522d23cc6,2.617196,19.364467,1,14622,1,0,0,0,0,0,0,0,0,0,0,0,0,1
2197,11,8abdf326ab90aa9c,1.968169,18.042857,1,14619,1,1,0,0,1,0,0,0,0,0,0,0,0,0
2198,11,86d2871f518ba584,1.478611,17.033768,1,14618,1,1,0,0,0,0,0,0,0,0,0,0,0,1
2199,11,60094bf55e0e6dd6,2.154479,16.275678,1,14512,1,0,0,0,1,0,0,0,0,0,0,0,0,0
2200,11,96502b1fe37ec246,2.664349,19.200545,1,14444,2,1,0,0,1,0,0,0,0,0,0,0,0,1
2201,11,25e6136b4b5e9628,2.001626,20.0,1,14484,1,1,0,0,1,0,0,0,0,0,0,0,0,1
2202,11,92e2b29ef2d8f343,2.5474,19.542598,1,14228,1,0,0,0,0,0,0,0,0,0,0,0,0,1
2203,11,9115abb51c56d75e,1.913767,18.160468,1,14197,1,1,0,0,1,0,0,0,0,0,0,0,0,0
2204,11,737417a0e7584792,1.43918,20.0,1,14110,1,1,0,0,1,0,0,0,0,0,0,0,0,1
2205,11,bcdd2d31b07795e3,1.081202,18.968328,1,14085,1,1,0,0,1,0,0,0,0,0,0,0,0,0
2206,11,6997524fd92b7ecf,0.812267,17.72904,1,14014,1,1,0,0,0,0,0,0,0,0,0,0,0,1
2207,11,eaa820a64058968a,1.654987,16.812992,1,14207,1,0,0,0,1,0,0,0,0,0,0,0,0,0
2208,11,6ad40b733a547392,1.24333,19.588662,1,14022,1,1,0,0,1,0,0,0,0,0,0,0,0,1
2209,11,5f6c5e75c3fceb95,0.934067,20.0,1,13763,1,1,0,0,1,0,0,0,0,0,0,0,0,1
2210,11,1cdf96e22bbca9aa,1.745383,16.282805,0,13890,1,0,0,0,0,0,0,0,0,0,0,0,0,0
2211,11,ed832905fb29a38e,1.312553,19.205905,1,13683,1,1,0,0,1,0,0,0,0,0,0,0,0,1
2212,11,e6c4e54c93371fa6,0.986072,17.907523,1,14298,1,1,0,0,1,0,0,0,0,0,0,0,0,0
2213,11,4498244711fccbf6,0.740799,20.0,1,14321,1,1,0,0,1,0,0,0,0,0,0,0,0,1
2214,11,51defd42f2678886,1.601242,18.829821,1,14216,2,1,0,0,0,0,0,0,0,0,0,0,0,1
2215,11,3a456e1d75041040,2.246607,20.0,1,14318,1,0,0,0,1,0,0,0,0,0,0,0,0,1
2216,11,aad9eda65d2ad6ce,1.687791,19.333363,1,14205,1,1,0,0,1,0,0,0,0,0,0,0,0,0
2217,11,f21a4e8a3385f953,1.267975,20.0,1,14285,1,1,0,0,1,0,0,0,0,0,0,0,0,1
2218,11,ab2350678226aeed,1.997686,20.0,1,14363,2,1,0,0,1,0,0,0,0,0,0,0,0,1
2219,11,53d285497dfd22ea,1.500786,20.0,1,14387,1,1,0,0,1,0,0,0,0,0,0,0,0,1
2220,11,54b4087afbee7e5a,1.127485,20.0,1,14425,1,1,0,0,0,0,0,0,0,0,0,0,0,1
2221,11,e085b3113c1568bf,1.892035,20.0,1,14096,1,0,0,0,1,0,0,0,0,0,0,0,0,1
2222,11,9f7f7b9ebef7ae18,2.465069,20.0,1,13955,2,1,0,0,1,0,0,0,0,0,0,0,0,0
2223,11,4d79ef157cae1277,1.851914,20.0,1,13822,1,1,0,0,1,0,0,0,0,0,0,0,0,1
2224,11,238f12ac2298b222,1.391274,20.0,1,13762,1,1,0,0,1,0,0,0,0,0,0,0,0,0
2225,11,a3707df58da8e62b,1.046258,20.0,1,13642,1,1,0,0,1,0,0,0,0,0,0,0,0,1
2226,11,dcabf46e61c83199,1.829668,20.0,1,13534,1,0,0,0,0,0,0,0,0,0,0,0,0,1
2227,11,5ecae70a354983f8,1.374561,18.746148,1,13606,1,1,0,0,1,0,0,0,0,0,0,0,0,0
2228,11,3cde8883a96f0059,1.033689,20.0,1,13420,1,1,0,0,1,0,0,0,0,0,0,0,0,1
2229,11,9646311d2da8e80b,1.820226,19.299214,1,13383,2,1,0,0,0,0,0,0,0,0,0,0,0,1
2230,11,595c901c3cbd8640,2.411121,20.0,1,13347,1,0,0,0,1,0,0,0,0,0,0,0,0,1
2231,11,c8c6b0fc16ffc543,1.811385,20.0,1,13279,1,1,0,0,1,0,0,0,0,0,0,0,0,1
2232,11,2608063c9fb9efd7,2.406338,20.0,1,13470,2,1,0,0,1,0,0,0,0,0,0,0,0,1
2233,11,f5fb69df25affa46,2.851445,20.0,1,13494,1,0,0,0,0,0,0,0,0,0,0,0,0,1
2234,11,ac90d8cb3490a94c,2.142184,19.815836,1,13662,1,1,0,0,1,0,0,0,0,0,0,0,0,0
2235,11,c33925f5c1ba7e1a,1.610953,20.0,1,13516,1,1,0,0,1,0,0,0,0,0,0,0,0,1
2236,11,5174d7a074118b23,1.210249,19.903545,1,13371,1,1,0,0,1,0,0,0,0,0,0,0,0,0
2237,11,af1687ef16116571,1.952868,18.431634,1,13245,1,0,0,0,0,0,0,0,0,0,0,0,0,1
2238,11,e068cf37d35ec775,1.467117,17.325842,1,13092,1,1,0,0,1,0,0,0,0,0,0,0,0,0
2239,11,35c57cb24ff1f01d,1.103293,19.990283,1,13226,1,1,0,0,1,0,0,0,0,0,0,0,0,1
2240,11,d474b8222fb512dd,1.872516,18.496797,1,13287,1,0,0,0,0,0,0,0,0,0,0,0,0,1
2241,11,e38b3512a1dab71d,2.450405,20.0,1,13868,2,1,0,0,1,0,0,0,0,0,0,0,0,1
2242,11,59a8e5af75a48d66,1.842739,20.0,1,13632,1,1,0,0,1,0,0,0,0,0,0,0,0,1
2243,11,ebfbeb186a6d90c7,2.428034,17.011019,0,13836,1,0,0,0,0,0,0,0,0,0,0,0,0,0
2244,11,fd27af0d169000fc,1.824091,19.737432,1,13918,1,1,0,0,1,0,0,0,0,0,0,0,0,1
2245,11,b59f22eedf782a03,1.370372,18.306839,1,13836,1,1,0,0,1,0,0,0,0,0,0,0,0,0
2246,11,e5d2310aa7bb5b0c,1.030539,17.247506,1,13930,1,1,0,0,0,0,0,0,0,0,0,0,0,1
2247,11,9726621ede2c5548,1.817859,16.436251,1,14006,1,0,0,0,1,0,0,0,0,0,0,0,0,0
2248,11,2c3be21d8a9f3ffc,1.365689,19.30563,1,13710,1,1,0,0,1,0,0,0,0,0,0,0,0,1
2249,11,ddf09036b89ccb22,1.027018,17.99861,1,13790,1,1,0,0,1,0,0,0,0,0,0,0,0,0
2250,11,e02cd74437d202d1,1.815214,17.000528,1,13920,1,0,0,0,0,0,0,0,0,0,0,0,0,1
2251,11,b95dc381ff63df0f,1.363702,16.250705,1,13993,1,1,0,0,1,0,0,0,0,0,0,0,0,0
2252,11,97c5a326dba4e25b,1.024498,19.166237,1,13833,1,1,0,0,1,0,0,0,0,0,0,0,0,1
2253,11,3c03d880f4fb0998,0.770437,17.893785,1,13868,1,1,0,0,1,0,0,0,0,0,0,0,0,0
2254,11,ccd3a37d184b9173,1.622454,16.921776,1,13815,1,0,0,0,0,0,0,0,0,0,0,0,0,1
2255,11,1dd006210b1a8440,1.218889,16.191542,1,13835,1,1,0,0,1,0,0,0,0,0,0,0,0,0
2256,11,b1ab6127a964d4a0,0.916622,19.137274,1,13740,1,1,0,0,1,0,0,0,0,0,0,0,0,1
2257,11,359fb3ca7ca8d87d,0.688624,17.855963,1,13888,1,1,0,0,1,0,0,0,0,0,0,0,0,0
2258,11,ba808f3e11125d4e,1.560991,16.893362,1,13728,1,0,0,0,0,0,0,0,0,0,0,0,0,1
2259,11,0f6bdb354ed584e7,2.216367,19.64904,1,13914,2,1,0,0,1,0,0,0,0,0,0,0,0,1
2260,11,e626c2f3d10c2409,1.66674,18.25686,1,13834,1,1,0,0,1,0,0,0,0,0,0,0,0,0
2261,11,5a4871d6d95e1b01,1.252159,20.0,1,14009,1,1,0,0,1,0,0,0,0,0,0,0,0,1
2262,11,d71c493d41457877,1.984354,15.531142,0,14083,1,0,0,0,0,0,0,0,0,0,0,0,0,0
2263,11,6127a77664c64fb4,1.492262,18.640643,1,13901,1,1,0,0,1,0,0,0,0,0,0,0,0,1
2264,11,491de238e74ba083,1.121081,20.0,1,14056,1,1,0,0,1,0,0,0,0,0,0,0,0,1
2265,11,5e9abaf9a338fee7,0.842226,19.226592,1,13951,1,1,0,0,1,0,0,0,0,0,0,0,0,0
2266,11,a83668aeec17f27d,1.676386,17.923064,1,14064,1,0,0,0,0,0,0,0,0,0,0,0,0,1
2267,11,17ea05a9ffd02143,1.260666,16.958901,1,14108,1,1,0,0,1,0,0,0,0,0,0,0,0,0
2268,11,e786e5a3344c2939,0.947092,19.698278,1,14035,1,1,0,0,1,0,0,0,0,0,0,0,0,1
2269,11,979bd8f678be0c49,2.798821,18.277424,1,14065,2,0,0,0,0,0,0,0,0,0,0,0,0,1
2270,11,ef85185dc1c50275,2.104753,17.225385,1,13960,1,1,0,0,1,0,0,0,0,0,0,0,0,0
2271,11,cac3d7a952921127,1.581223,19.898477,1,14155,1,1,0,0,1,0,0,0,0,0,0,0,0,1
2272,11,2a6f0f6012a838bd,2.231567,20.0,1,14224,2,1,0,0,1,0,0,0,0,0,0,0,0,1
2273,11,46007f3b30fd0f24,1.676493,19.936507,1,14031,1,1,0,0,0,0,0,0,0,0,0,0,0,1
2274,11,d7ce79544231f8a4,2.304897,18.473039,1,14332,1,0,0,0,1,0,0,0,0,0,0,0,0,0
2275,11,8456fe1fdf505ba5,1.731583,20.0,1,14224,1,1,0,0,1,0,0,0,0,0,0,0,0,1
2276,11,62f3bd5673539ee9,1.300873,20.0,1,14132,1,1,0,0,1,0,0,0,0,0,0,0,0,1
2277,11,411d1963bb027abe,3.066576,20.0,1,13973,2,0,0,0,0,0,0,0,0,0,0,0,0,1
2278,11,6a2c8e5237186121,2.303804,18.867841,1,14102,1,1,0,0,1,0,0,0,0,0,0,0,0,0
2279,11,495899730897f3a9,1.730762,20.0,1,14193,1,1,0,0,1,0,0,0,0,0,0,0,0,1
2280,11,44895ddf82b81fa4,1.300257,20.0,1,14238,1,1,0,0,1,0,0,0,0,0,0,0,0,1
2281,11,cd9d2f75a2835fcd,2.021962,20.0,1,14270,1,0,0,0,0,0,0,0,0,0,0,0,0,1
2282,11,ba1bfb91d6ce50d2,2.562678,18.993727,1,14069,2,1,0,0,1,0,0,0,0,0,0,0,0,0
2283,11,22af2b3d9228a26a,2.968897,17.748122,1,14266,1,0,0,0,0,0,0,0,0,0,0,0,0,1
2284,11,2cdedf43aee49203,2.232653,20.0,1,13953,1,1,0,0,1,0,0,0,0,0,0,0,0,1
2285,11,4c0d3414fa6e948e,1.677309,18.735369,1,14332,1,1,0,0,1,0,0,0,0,0,0,0,0,0
2286,11,5fafec894f1bc8db,2.303753,17.554027,1,14221,1,0,0,0,0,0,0,0,0,0,0,0,0,1
2287,11,730cbe006d19423b,1.730723,16.666528,1,14354,1,1,0,0,1,0,0,0,0,0,0,0,0,0
2288,11,79b435582a042d73,1.301529,19.49447,1,13982,1,1,0,0,1,0,0,0,0,0,0,0,0,1
2289,11,04af40806270c7da,2.021443,14.645467,0,14033,1,0,0,0,0,0,0,0,0,0,0,0,0,0
2290,11,3836194ac5938e98,2.562288,17.960281,1,14294,2,1,0,0,1,0,0,0,0,0,0,0,0,1
2291,11,1d04767d09019f79,2.971028,16.986889,1,14132,1,0,0,0,0,0,0,0,0,0,0,0,0,1
2292,11,e55988e7fbb1581e,2.232022,19.719304,1,14231,1,1,0,0,1,0,0,0,0,0,0,0,0,1
2293,11,980147ec3539c2f3,1.676835,18.29322,1,14124,1,1,0,0,1,0,0,0,0,0,0,0,0,0
2294,11,416d250ba24d2850,2.303397,17.221857,1,13936,1,0,0,0,0,0,0,0,0,0,0,0,0,1
2295,11,ff1bacf8e7d411c6,1.732187,16.431584,1,13882,1,1,0,0,1,0,0,0,0,0,0,0,0,0
2296,11,d33f0b5dd3444daa,1.301327,19.302124,1,14144,1,1,0,0,1,0,0,0,0,0,0,0,0,1
2297,11,608ad3217c0e0680,0.977639,17.979808,1,13982,1,1,0,0,0,0,0,0,0,0,0,0,0,1
2298,11,c3a7fe1920e94385,1.779349,17.001574,1,14066,1,0,0,0,1,0,0,0,0,0,0,0,0,0
2299,11,f27ad63a43a2ed36,1.336758,19.730336,1,14067,1,1,0,0,1,0,0,0,0,0,0,0,0,1
2300,11,a5d4fd1a3144305e,1.004256,18.301508,1,14041,1,1,0,0,1,0,0,0,0,0,0,0,0,0
2301,11,1261683ba2a6c373,0.75446,20.0,1,14052,1,1,0,0,1,0,0,0,0,0,0,0,0,1
2302,11,6cbd3f9051e5b465,1.611515,15.571905,0,13994,1,0,0,0,0,0,0,0,0,0,0,0,0,0
2303,11,7cbf19e44e3461f5,2.254325,18.656279,1,13809,2,1,0,0,1,0,0,0,0,0,0,0,0,1
2304,11,fd86dd9b36750a99,1.69359,20.0,1,13987,1,1,0,0,1,0,0,0,0,0,0,0,0,1
2305,11,90fbc48eb14fcb85,1.273604,20.0,1,14055,1,1,0,0,1,0,0,0,0,0,0,0,0,1
2306,11,eac85ef0b97aa22b,0.956811,20.0,1,14043,1,1,0,0,0,0,0,0,0,0,0,0,0,1
2307,11,bb23cf05e63b1cfc,1.76247,18.922966,1,14056,1,0,0,0,1,0,0,0,0,0,0,0,0,0
2308,11,9aba0ca513386d24,1.324078,20.0,1,14093,1,1,0,0,1,0,0,0,0,0,0,0,0,1
2309,11,d56793e03c2a3f25,0.995725,19.403505,1,14026,1,1,0,0,1,0,0,0,0,0,0,0,0,0
2310,11,8a4dee47dfa170eb,1.791704,18.055973,1,14112,2,1,0,0,0,0,0,0,0,0,0,0,0,1
2311,11,4f5a1650c81a4dac,2.389694,20.0,1,13931,1,0,0,0,1,0,0,0,0,0,0,0,0,1
2312,11,178defcb47119da9,1.797084,18.913689,1,13819,1,1,0,0,1,0,0,0,0,0,0,0,0,0
2313,11,9c0a42f52e291769,1.350082,20.0,1,13995,1,1,0,0,1,0,0,0,0,0,0,0,0,1
2314,11,f73b83bffef7c306,1.014266,19.380697,1,14147,1,1,0,0,1,0,0,0,0,0,0,0,0,0
2315,11,0bbb4610cfeed692,1.805634,18.038838,1,13997,1,0,0,0,0,0,0,0,0,0,0,0,0,1
2316,11,994a5e63e82a0799,1.357862,20.0,1,14171,1,1,0,0,1,0,0,0,0,0,0,0,0,1
2317,11,8fe8bd6f9ebe7059,1.020111,18.899612,1,13973,1,1,0,0,1,0,0,0,0,0,0,0,0,0
2318,11,803f53edec9aa122,2.853678,17.677416,1,14039,2,0,0,0,0,0,0,0,0,0,0,0,0,1
2319,11,8a9021ef946b374f,2.146007,20.0,1,14090,1,1,0,0,1,0,0,0,0,0,0,0,0,1
2320,11,22c6f03f4a912de5,1.612215,20.0,1,14078,1,1,0,0,1,0,0,0,0,0,0,0,0,1
2321,11,4a807fd79a23fc4a,2.25485,16.658698,0,13899,1,0,0,0,0,0,0,0,0,0,0,0,0,0
2322,11,528cd3883e94c3ec,1.693984,19.472746,1,13804,1,1,0,0,1,0,0,0,0,0,0,0,0,1
2323,11,f1b9052469289f3e,2.318051,18.124284,1,13922,2,1,0,0,0,0,0,0,0,0,0,0,0,1
2324,11,de01086fe44b2e3f,2.785118,17.094942,1,13888,1,0,0,0,1,0,0,0,0,0,0,0,0,0
2325,11,320aadbd76da7aca,2.092355,19.80048,1,13899,1,1,0,0,1,0,0,0,0,0,0,0,0,1
2326,11,f0375a998bb3bbad,1.573481,18.370745,1,13740,1,1,0,0,1,0,0,0,0,0,0,0,0,0
2327,11,46740ac499e771a8,2.225751,17.280098,1,14043,1,0,0,0,0,0,0,0,0,0,0,0,0,1
2328,11,a40d46d6a07ea98b,1.672123,16.460736,1,13794,1,1,0,0,1,0,0,0,0,0,0,0,0,0
2329,11,776f5c6121487c8c,2.299857,15.84518,1,13833,2,1,0,0,0,0,0,0,0,0,0,0,0,1
2330,11,2c2feb95c69790ce,2.773676,18.876805,1,13911,1,0,0,0,1,0,0,0,0,0,0,0,0,1
2331,11,e925cb00a5ebeaf4,1.040106,17.660282,1,13911,0,1,0,0,1,0,0,0,0,0,0,0,0,0
2332,11,4d927f340a1e589a,1.825046,16.746354,1,13811,2,1,0,0,0,0,0,0,0,0,0,0,0,1
2333,11,45fb8983da82668f,2.416611,16.073999,1,13774,1,0,0,0,1,0,0,0,0,0,0,0,0,0
2334,11,b73d39b44812765d,1.815509,19.033484,1,13896,1,1,0,0,1,0,0,0,0,0,0,0,0,1
2335,11,0c102bc5ceee0c9a,2.407578,17.777989,1,14225,1,0,0,0,0,0,0,0,0,0,0,0,0,1
2336,11,62b0a0527a56c9b1,1.808723,16.834783,1,14165,1,1,0,0,1,0,0,0,0,0,0,0,0,0
2337,11,748bed76cd8e37b7,2.404336,16.140499,1,13967,1,0,0,0,0,0,0,0,0,0,0,0,0,1
2338,11,6f12e1fe91db0d23,1.806288,15.604598,1,13769,1,1,0,0,1,0,0,0,0,0,0,0,0,0
2339,11,728d3975017c838e,1.356997,18.68084,1,14049,1,1,0,0,1,0,0,0,0,0,0,0,0,1
2340,11,f7e7515b4a6e9d11,1.020481,17.52876,1,13688,1,1,0,0,1,0,0,0,0,0,0,0,0,0
2341,11,2b755001e02ad04e,1.810302,16.647546,1,13907,1,0,0,0,0,0,0,0,0,0,0,0,0,1
2342,11,61eac8acaaa0aa68,1.360013,15.985524,1,13938,1,1,0,0,1,0,0,0,0,0,0,0,0,0
2343,11,f698281808acc64c,1.021727,18.967015,1,13920,1,1,0,0,1,0,0,0,0,0,0,0,0,1
2344,11,a9042054c2a1a3da,0.768353,17.743968,1,13954,1,1,0,0,1,0,0,0,0,0,0,0,0,0
2345,11,c8f7d7ee0c3ecf97,1.620888,16.809224,1,13872,2,1,0,0,0,0,0,0,0,0,0,0,0,1
2346,11,82ed22582d415f00,2.261366,19.585831,1,13992,1,0,0,0,1,0,0,0,0,0,0,0,0,1
2347,11,4a7c4b3030604676,1.70058,20.0,1,13720,1,1,0,0,1,0,0,0,0,0,0,0,0,1
2348,11,980bff7f33395756,1.277582,20.0,1,13816,1,1,0,0,1,0,0,0,0,0,0,0,0,1
2349,11,60c8c37477c74d7d,2.003453,17.468693,0,14004,1,0,0,0,0,0,0,0,0,0,0,0,0,0
2350,11,cf47bdd70d23750c,2.548773,20.0,1,13970,2,1,0,0,1,0,0,0,0,0,0,0,0,2
2351,11,01df7571ee544245,1.916713,20.0,1,13993,1,1,0,0,1,0,0,0,0,0,0,0,0,0
2352,11,3025debcbb93797a,1.439955,20.0,1,14013,1,1,0,0,1,0,0,0,0,0,0,0,0,1
2353,11,957c4c4883f52e0c,2.125438,17.19113,0,13771,1,0,0,0,0,0,0,0,0,0,0,0,0,0
2354,11,5542e2be2b781b70,1.598359,19.888979,1,13748,1,1,0,0,1,0,0,0,0,0,0,0,0,1
2355,11,1970197d1e2d7c1c,1.200788,18.420691,1,13553,1,1,0,0,1,0,0,0,0,0,0,0,0,0
2356,11,1032898e257e7807,1.94576,20.0,1,12970,2,1,0,0,1,0,0,0,0,0,0,0,0,1
2357,11,3e9567dfbde63419,2.50543,19.102451,1,13156,1,0,0,0,0,0,0,0,0,0,0,0,0,1
2358,11,31a3844f0686a8ea,1.884119,20.0,1,13016,1,1,0,0,1,0,0,0,0,0,0,0,0,1
2359,11,57d5acfaa5b7a341,1.415468,19.500511,1,13162,1,1,0,0,1,0,0,0,0,0,0,0,0,0
2360,11,f8da9f5cb948ce06,1.063388,20.0,1,12899,1,1,0,0,1,0,0,0,0,0,0,0,0,1
2361,11,934616f48ac47fda,1.843834,16.249294,0,12670,1,0,0,0,0,0,0,0,0,0,0,0,0,0
2362,11,c3e29030440d996f,1.385203,19.165176,1,12841,1,1,0,0,1,0,0,0,0,0,0,0,0,1
2363,11,14b671e52440d71c,2.084305,20.0,1,13039,2,1,0,0,1,0,0,0,0,0,0,0,0,1
2364,11,6d0ea81036ba9740,1.56586,19.522636,1,13311,1,1,0,0,0,0,0,0,0,0,0,0,0,1
2365,11,6622c99eddba020f,2.2217,18.161802,1,13193,1,0,0,0,1,0,0,0,0,0,0,0,0,0
2366,11,4515b09a705f9d17,1.66908,20.0,1,13465,1,1,0,0,1,0,0,0,0,0,0,0,0,1
2367,11,12886fefbe37dbc7,1.253917,18.956336,1,13420,1,1,0,0,1,0,0,0,0,0,0,0,0,0
2368,11,110f1683742b1238,3.031265,17.735936,1,13521,2,0,0,0,0,0,0,0,0,0,0,0,0,1
2369,11,c133edeac07a2f75,2.277276,20.0,1,13310,1,1,0,0,1,0,0,0,0,0,0,0,0,1
2370,11,76898462f6785c47,1.710832,20.0,1,13587,1,1,0,0,1,0,0,0,0,0,0,0,0,1
2371,11,9f2be9822b555b63,3.372591,20.0,1,13753,2,0,0,0,0,0,0,0,0,0,0,0,0,1
2372,11,ce1036712ae4b685,2.536237,20.0,1,13662,1,1,0,0,1,0,0,0,0,0,0,0,0,1
2373,11,ae5271896c6dcb48,1.90538,20.0,1,14072,1,1,0,0,1,0,0,0,0,0,0,0,0,0
2374,11,be53929b1d64de51,2.475094,18.574731,1,13932,1,0,0,0,0,0,0,0,0,0,0,0,0,1
2375,11,7afd94931ea6b44f,1.861306,17.448964,1,13884,1,1,0,0,1,0,0,0,0,0,0,0,0,0
2376,11,54e72e2a5cfc23e3,2.441983,16.587599,1,13844,1,0,0,0,0,0,0,0,0,0,0,0,0,1
2377,11,8b5a27087692c7c0,2.878224,19.419332,1,13951,2,1,0,0,1,0,0,0,0,0,0,0,0,1
2378,11,79ea3a841c33baa6,3.205955,14.589018,0,13579,1,0,0,0,0,0,0,0,0,0,0,0,0,0
2379,11,8c488d7433e0860a,2.410924,17.932153,1,13667,1,1,0,0,1,0,0,0,0,0,0,0,0,1
2380,11,0c0e54e26060d84c,2.854891,13.471756,0,13213,1,0,0,0,0,0,0,0,0,0,0,0,0,0
2381,11,ad69694401b74ee7,2.144773,17.078516,1,13443,1,1,0,0,1,0,0,0,0,0,0,0,0,1
2382,12,1fd48474a6be9a50,1.612899,16.323789,1,14028,1,1,0,0,1,0,0,0,0,0,0,0,0,0
2383,12,40ab05863d40ab6a,1.211711,15.742297,1,14105,1,1,0,0,0,0,0,0,0,0,0,0,0,1
2384,12,9fa3e60e300cac94,1.953967,15.305444,1,14112,1,0,0,0,1,0,0,0,0,0,0,0,0,0
2385,12,9522afc9eb92ebd2,1.467942,18.456097,1,14124,1,1,0,0,1,0,0,0,0,0,0,0,0,1
2386,12,0fba0eaa5e567fe1,1.103913,17.35975,1,14097,1,1,0,0,1,0,0,0,0,0,0,0,0,0
2387,12,8f9f8c22e25048df,0.829329,16.520575,1,13932,1,1,0,0,0,0,0,0,0,0,0,0,0,1
2388,12,025aca0c2fc547cd,1.666697,15.890135,1,13890,1,0,0,0,1,0,0,0,0,0,0,0,0,0
2389,12,ea7305c3d0c4eb0e,1.25338,18.910612,1,14083,1,1,0,0,1,0,0,0,0,0,0,0,0,1
2390,12,b3bc2710b036c5b2,0.941618,17.68568,1,14032,1,1,0,0,1,0,0,0,0,0,0,0,0,0
2391,12,3c254a4fca255c07,1.751055,16.765435,1,13851,1,0,0,0,0,0,0,0,0,0,0,0,0,1
2392,12,7fb0256f65ce4ff6,1.315502,16.074089,1,14079,1,1,0,0,1,0,0,0,0,0,0,0,0,0
2393,12,a69e89495c03d18a,0.989277,19.048947,1,14033,1,1,0,0,1,0,0,0,0,0,0,0,0,1
2394,12,ba87dd4319678e85,0.743207,14.310762,0,13921,1,1,0,0,0,0,0,0,0,0,0,0,0,0
2395,12,3e895dd2e76d3ae9,1.601997,17.70883,1,13950,1,0,0,0,1,0,0,0,0,0,0,0,0,1
2396,12,5bfa9aaebee05047,2.248875,20.0,1,14052,2,1,0,0,1,0,0,0,0,0,0,0,0,1
2397,12,ca3938afd42b6b51,1.689496,18.71317,1,13896,1,1,0,0,1,0,0,0,0,0,0,0,0,0
2398,12,3840b1179d01d5ca,1.269255,20.0,1,13993,1,1,0,0,1,0,0,0,0,0,0,0,0,1
2399,12,3ad00a257add4750,1.997197,19.267525,1,14089,1,0,0,0,0,0,0,0,0,0,0,0,0,1
2400,12,715e21df0f1ac6b8,1.501921,17.969956,1,13932,1,1,0,0,1,0,0,0,0,0,0,0,0,0
2401,12,ab882b57d80326bc,1.128337,20.0,1,14029,1,1,0,0,1,0,0,0,0,0,0,0,0,1
2402,12,de121b1615b372cf,1.891331,18.848059,1,14012,2,1,0,0,0,0,0,0,0,0,0,0,0,1
2403,12,0469b68beb7ba893,2.466458,20.0,1,13801,1,0,0,0,1,0,0,0,0,0,0,0,0,1
2404,12,77ed09b9b5fdd2d5,1.852958,20.0,1,14001,1,1,0,0,1,0,0,0,0,0,0,0,0,1
2405,12,f528f75252723e1c,1.392058,20.0,1,14078,1,1,0,0,1,0,0,0,0,0,0,0,0,0
2406,12,c2f4dc060312be30,3.133108,18.9807,1,14092,2,0,0,0,0,0,0,0,0,0,0,0,0,1
2407,12,f6d7570dbe7171fa,2.356142,20.0,1,13953,1,1,0,0,1,0,0,0,0,0,0,0,0,1
2408,12,50afc0b225fbdddd,1.770081,19.431726,1,14021,1,1,0,0,1,0,0,0,0,0,0,0,0,0
2409,12,77cb534e4dd68f47,1.329796,20.0,1,13842,1,1,0,0,1,0,0,0,0,0,0,0,0,1
2410,12,03a072c123c7f460,1.000025,20.0,1,13910,1,1,0,0,1,0,0,0,0,0,0,0,0,1
2411,12,eb5f292e574f407a,0.751282,20.0,1,13944,1,1,0,0,1,0,0,0,0,0,0,0,0,0
2412,12,1097dcc3cd989fa5,1.608063,19.170225,1,14003,1,0,0,0,0,0,0,0,0,0,0,0,0,1
2413,12,2d7f5c2d850f541b,1.208078,20.0,1,13909,1,1,0,0,1,0,0,0,0,0,0,0,0,1
2414,12,ad4aa9fc0ece9d02,0.908492,19.543197,1,13948,1,1,0,0,1,0,0,0,0,0,0,0,0,0
2415,12,d2f0ddaee11e8933,1.726169,20.0,1,13918,2,1,0,0,1,0,0,0,0,0,0,0,0,1
2416,12,3d087a2798751987,1.296806,19.735989,1,14038,1,1,0,0,0,0,0,0,0,0,0,0,0,1
2417,12,bdd2eca011b0178b,2.019367,20.0,1,13857,1,0,0,0,1,0,0,0,0,0,0,0,0,1
2418,12,ffd097ac2325e2c5,1.517075,20.0,1,13920,1,1,0,0,1,0,0,0,0,0,0,0,0,1
2419,12,42e8cd62ea7de676,2.183375,17.532425,0,13866,1,0,0,0,0,0,0,0,0,0,0,0,0,0
2420,12,a45fe7444ab3685b,1.640288,20.0,1,13878,1,1,0,0,1,0,0,0,0,0,0,0,0,1
2421,12,270b3a8e0ca966f9,3.321821,18.617905,1,13907,2,0,0,0,0,0,0,0,0,0,0,0,0,1
2422,12,f872954109b121b9,2.49556,20.0,1,13911,1,1,0,0,1,0,0,0,0,0,0,0,0,1
2423,12,06b41907c966446e,1.874821,20.0,1,13978,1,1,0,0,1,0,0,0,0,0,0,0,0,1
2424,12,fadae7fa4b9c64aa,2.454043,17.065161,0,13955,1,0,0,0,0,0,0,0,0,0,0,0,0,0
2425,12,f1d21592a4411d24,1.84363,19.778107,1,13790,1,1,0,0,1,0,0,0,0,0,0,0,0,1
2426,12,121fa60a94b1758d,2.428704,20.0,1,13948,2,1,0,0,1,0,0,0,0,0,0,0,0,1
2427,12,a88d66ee8535e9b6,0.780941,19.868571,1,13597,0,1,0,0,1,0,0,0,0,0,0,0,0,0
2428,12,b993c2427635beaa,2.67558,18.42195,1,13613,2,0,0,0,0,0,0,0,0,0,0,0,0,1
2429,12,be61aa107da36ddc,2.010063,20.0,1,13971,1,1,0,0,1,0,0,0,0,0,0,0,0,1
2430,12,8f0a1cba56119420,2.553739,19.103162,1,13899,1,0,0,0,0,0,0,0,0,0,0,0,0,1
2431,12,355bd8a2f7672891,1.920448,17.846352,1,13919,1,1,0,0,1,0,0,0,0,0,0,0,0,0
2432,12,5fe441fb8bbc0223,1.442761,20.0,1,13810,1,1,0,0,1,0,0,0,0,0,0,0,0,1
2433,12,74603f62aaddf90f,2.127546,15.299453,0,13914,1,0,0,0,0,0,0,0,0,0,0,0,0,0
2434,12,b1fd141cd95e2865,1.598345,18.451596,1,13731,1,1,0,0,1,0,0,0,0,0,0,0,0,1
2435,12,6561116216e0fef9,1.201979,20.0,1,13597,1,1,0,0,1,0,0,0,0,0,0,0,0,1
2436,12,b1cceb389263d4d7,1.946655,15.653959,0,13753,1,0,0,0,0,0,0,0,0,0,0,0,0,0
2437,12,f04127e98f9942d6,1.462449,18.717923,1,13829,1,1,0,0,1,0,0,0,0,0,0,0,0,1
2438,12,a2e47a0c51354f6e,2.143933,20.0,1,13743,2,1,0,0,1,0,0,0,0,0,0,0,0,1
2439,12,610afeeaa11bf823,1.610657,20.0,1,13780,1,1,0,0,1,0,0,0,0,0,0,0,0,1
2440,12,1cd12c09a58e2ae0,2.25368,17.100324,0,13856,1,0,0,0,0,0,0,0,0,0,0,0,0,0
2441,12,2fb36167f4c57863,1.693105,19.804523,1,13849,1,1,0,0,1,0,0,0,0,0,0,0,0,1
2442,12,ba43c972493fa784,1.273239,18.373785,1,13844,1,1,0,0,1,0,0,0,0,0,0,0,0,0
2443,12,6630cc6073bfd352,0.956537,20.0,1,13993,1,1,0,0,1,0,0,0,0,0,0,0,0,1
2444,12,9f69aad6396e05ec,1.762264,15.597134,0,14350,1,0,0,0,0,0,0,0,0,0,0,0,0,0
2445,12,cb7bf712f49ea346,1.325248,18.69027,1,15050,1,1,0,0,1,0,0,0,0,0,0,0,0,1
2446,12,cf495269b965ce2b,2.039262,20.0,1,15095,2,1,0,0,1,0,0,0,0,0,0,0,0,1
2447,12,08270e760bbe39f9,2.575675,19.254601,1,16581,1,0,0,0,0,0,0,0,0,0,0,0,0,1
2448,12,8d09eeb343d64555,1.935008,17.944106,1,16685,1,1,0,0,1,0,0,0,0,0,0,0,0,0
2449,12,a4312a671ea43b52,2.499304,20.0,1,16579,2,1,0,0,1,0,0,0,0,0,0,0,0,1
2450,12,aa8ce2b20b48f05b,1.877634,20.0,1,16517,1,1,0,0,1,0,0,0,0,0,0,0,0,1
2451,12,7b189cf407a81210,2.45425,20.0,1,16903,2,1,0,0,0,0,0,0,0,0,0,0,0,1
2452,12,3a20aacd998c9d86,2.889781,20.0,1,16723,1,0,0,0,1,0,0,0,0,0,0,0,0,1
2453,12,c59afc42dd9c5a88,2.170985,20.0,1,17014,1,1,0,0,1,0,0,0,0,0,0,0,0,1
2454,12,66a50b6b9a30b0db,1.63098,20.0,1,17107,1,1,0,0,1,0,0,0,0,0,0,0,0,1
2455,12,a959faa9bf1b8fd1,1.225294,20.0,1,17226,1,1,0,0,1,0,0,0,0,0,0,0,0,0
2456,12,c28a51abe88b5313,3.00974,20.0,1,17014,2,0,0,0,0,0,0,0,0,0,0,0,0,1
2457,12,001387db0449fca9,2.261105,20.0,1,17290,1,1,0,0,1,0,0,0,0,0,0,0,0,1
2458,12,7c9046b7889ed2d8,2.742337,20.0,1,17174,2,1,0,0,1,0,0,0,0,0,0,0,0,1
2459,12,1faabd7bad29873e,2.062276,20.0,1,15341,1,1,0,0,1,0,0,0,0,0,0,0,0,1
2460,12,bf9778df58386d64,3.636618,20.0,1,13838,2,0,0,0,0,0,0,0,0,0,0,0,0,1
2461,12,955fabd230aa1904,2.732055,19.997126,1,14082,1,1,0,0,1,0,0,0,0,0,0,0,0,0
2462,12,b8b11a0b466bcbb6,2.052491,20.0,1,13953,1,1,0,0,1,0,0,0,0,0,0,0,0,1
2463,12,a6193329582d7bda,2.587653,16.529862,0,13896,1,0,0,0,0,0,0,0,0,0,0,0,0,0
2464,12,18c6dfa2d9d5101c,1.944007,19.375956,1,13910,1,1,0,0,1,0,0,0,0,0,0,0,0,1
2465,12,8d42dab7a44ce435,1.46046,18.035276,1,14030,1,1,0,0,1,0,0,0,0,0,0,0,0,0
2466,12,6514db6609dbb4af,3.186588,17.043286,1,14101,2,0,0,0,0,0,0,0,0,0,0,0,0,1
2467,12,377524702f389bcd,2.393964,19.761673,1,14155,1,1,0,0,1,0,0,0,0,0,0,0,0,1
2468,12,bb4fc5cc45a4052c,2.842149,18.325051,1,14029,1,0,0,0,0,0,0,0,0,0,0,0,0,1
2469,12,69896dca0a45a383,2.1352,17.24577,1,14134,1,1,0,0,1,0,0,0,0,0,0,0,0,0
2470,12,a03a6653c6a1f392,1.605701,19.930068,1,13840,1,1,0,0,1,0,0,0,0,0,0,0,0,1
2471,12,987982fe16bd15ef,2.249957,18.45156,1,14005,1,0,0,0,0,0,0,0,0,0,0,0,0,1
2472,12,344bff5cac4e3393,2.733962,17.340812,1,13622,2,1,0,0,1,0,0,0,0,0,0,0,0,0
2473,12,ae94088bb47b3a00,2.055978,20.0,1,13598,1,1,0,0,1,0,0,0,0,0,0,0,0,1
2474,12,a41862601cf92566,2.588233,18.505254,1,13810,1,0,0,0,0,0,0,0,0,0,0,0,0,1
2475,12,e9250efd2fbf164a,1.944443,17.38115,1,13781,1,1,0,0,1,0,0,0,0,0,0,0,0,0
2476,12,07c4a9f7042c26e5,1.460787,20.0,1,13808,1,1,0,0,1,0,0,0,0,0,0,0,0,1
2477,12,bbfddf2ad458220b,2.142683,15.051939,0,13504,1,0,0,0,0,0,0,0,0,0,0,0,0,0
2478,12,ff5ebe7fd8cbfb47,1.609718,18.265649,1,13634,1,1,0,0,1,0,0,0,0,0,0,0,0,1
2479,12,5c6b3e5bc51f659c,1.209321,17.201143,1,13549,1,1,0,0,1,0,0,0,0,0,0,0,0,0
2480,12,4c7805c5449b8b89,0.909426,19.896508,1,13630,1,1,0,0,1,0,0,0,0,0,0,0,0,1
2481,12,b5501baf1169afe0,0.683218,14.947503,0,13641,1,1,0,0,0,0,0,0,0,0,0,0,0,0
2482,12,368d925a5e6fa991,1.55693,18.187189,1,13498,1,0,0,0,1,0,0,0,0,0,0,0,0,1
2483,12,b0474fa992d123ce,1.169663,17.1422,1,13720,1,1,0,0,1,0,0,0,0,0,0,0,0,0
2484,12,539c0f2276de49c2,0.879603,19.852182,1,13523,1,1,0,0,1,0,0,0,0,0,0,0,0,1
2485,12,cc041ca0f2ea5100,1.704466,14.914202,0,13670,1,0,0,0,0,0,0,0,0,0,0,0,0,0
2486,12,35a47e73798d618f,2.324155,18.162172,1,13661,2,1,0,0,1,0,0,0,0,0,0,0,0,1
2487,12,017f5f872adfc07b,1.747798,20.0,1,13717,1,1,0,0,1,0,0,0,0,0,0,0,0,1
2488,12,8923df1cfc9ba64b,1.313055,18.96929,1,13693,1,1,0,0,0,0,0,0,0,0,0,0,0,1
2489,12,eecbd1a0fa3822d6,2.030103,20.0,1,13612,1,0,0,0,1,0,0,0,0,0,0,0,0,1
2490,12,7f07d2c6c3ee1e95,1.52514,19.412079,1,13802,1,1,0,0,1,0,0,0,0,0,0,0,0,0
2491,12,6a257a1500642e72,1.146927,20.0,1,13600,1,1,0,0,1,0,0,0,0,0,0,0,0,1
2492,12,5f81dc4bb18be805,1.905297,19.675438,1,13716,1,0,0,0,0,0,0,0,0,0,0,0,0,1
2493,12,fbe86a4157156ed2,2.475032,20.0,1,13506,2,1,0,0,1,0,0,0,0,0,0,0,0,1
2494,12,9d8cbe4b7f17870f,1.861259,19.828622,1,13474,1,1,0,0,1,0,0,0,0,0,0,0,0,0
2495,12,b5f4c0d4f9a80339,2.441948,18.375347,1,13574,1,0,0,0,0,0,0,0,0,0,0,0,0,1
2496,12,d9e89eb40c107b14,1.834544,20.0,1,13619,1,1,0,0,1,0,0,0,0,0,0,0,0,1
2497,12,467c6d3091f46a3b,1.378224,19.07686,1,13601,1,1,0,0,1,0,0,0,0,0,0,0,0,0
2498,12,95ee1ef35af21a97,2.080595,17.826572,1,13638,2,1,0,0,0,0,0,0,0,0,0,0,0,1
2499,12,0c47909e1560cbd2,2.606727,20.0,1,13746,1,0,0,0,1,0,0,0,0,0,0,0,0,1
2500,12,66ec86f086aadbd1,1.958336,20.0,1,13793,1,1,0,0,1,0,0,0,0,0,0,0,0,1
2501,12,2bc90454022493cc,1.472697,20.0,1,13672,1,1,0,0,1,0,0,0,0,0,0,0,0,0
2502,12,81f55d72b4fbf8ec,2.150035,18.661708,1,13753,1,0,0,0,0,0,0,0,0,0,0,0,0,1
2503,12,8499d1d0f66fb42b,1.615241,20.0,1,13864,1,1,0,0,1,0,0,0,0,0,0,0,0,1
2504,12,25bf61f18cdba6d8,2.257124,20.0,1,13763,2,1,0,0,1,0,0,0,0,0,0,0,0,1
2505,12,4101fbf32aa49097,1.697389,20.0,1,13748,1,1,0,0,1,0,0,0,0,0,0,0,0,1
2506,12,8f5f4745a3680092,2.318838,18.063926,0,13667,1,0,0,0,0,0,0,0,0,0,0,0,0,0
2507,12,897830bc9fb60781,1.742057,20.0,1,13815,1,1,0,0,1,0,0,0,0,0,0,0,0,1
2508,12,dcc1d97081b6aad2,1.310051,18.918182,1,13566,1,1,0,0,1,0,0,0,0,0,0,0,0,0
2509,12,c5c254fdd47aa728,0.984193,17.691368,1,13759,1,1,0,0,0,0,0,0,0,0,0,0,0,1
2510,12,7e1d534cde549f63,2.826694,20.0,1,13838,2,0,0,0,1,0,0,0,0,0,0,0,0,1
2511,12,557b6cb59687722a,2.123589,20.0,1,13768,1,1,0,0,1,0,0,0,0,0,0,0,0,1
2512,12,3d8eddbb6e002260,1.59697,16.671907,0,13788,1,1,0,0,0,0,0,0,0,0,0,0,0,0
2513,12,f965ef709752711b,2.243397,19.48267,1,13613,1,0,0,0,1,0,0,0,0,0,0,0,0,1
2514,12,b0e881429bf29f76,1.68538,20.0,1,13684,1,1,0,0,1,0,0,0,0,0,0,0,0,1
2515,12,e15437a0dcc0f75e,2.31158,16.239214,0,13795,1,0,0,0,0,0,0,0,0,0,0,0,0,0
2516,12,1c83664b3641c1e9,1.736604,19.157604,1,13540,1,1,0,0,1,0,0,0,0,0,0,0,0,1
2517,12,3527f343eb7aca5c,3.391952,17.871236,1,13724,2,0,0,0,0,0,0,0,0,0,0,0,0,1
2518,12,787dc9be07d167d6,2.548247,20.0,1,13795,1,1,0,0,1,0,0,0,0,0,0,0,0,1
2519,12,6a3bdd3b99af793d,2.960469,15.328818,0,13828,1,0,0,0,0,0,0,0,0,0,0,0,0,0
2520,12,d3ebd5af51b5cde3,2.224089,18.473657,1,13924,1,1,0,0,1,0,0,0,0,0,0,0,0,1
2521,12,8f016b10e7a2401a,1.670875,20.0,1,14400,1,1,0,0,1,0,0,0,0,0,0,0,0,1
2522,12,fef06b08603ec549,2.300672,19.149664,1,14665,1,0,0,0,0,0,0,0,0,0,0,0,0,1
2523,12,28c8175569ffb7ba,1.728409,17.865271,1,14040,1,1,0,0,1,0,0,0,0,0,0,0,0,0
2524,12,32e98a0cd8baec7e,1.298489,20.0,1,13564,1,1,0,0,1,0,0,0,0,0,0,0,0,1
2525,12,5d903bfd0fd620ef,0.975506,20.0,1,13684,1,1,0,0,1,0,0,0,0,0,0,0,0,1
2526,12,01d475b2c3277b1b,1.777745,16.745718,0,13602,1,0,0,0,0,0,0,0,0,0,0,0,0,0
2527,12,3b6f13097083ce39,1.335554,19.538121,1,13659,1,1,0,0,1,0,0,0,0,0,0,0,0,1
2528,12,0fefdbd30a42f6a9,1.003351,18.157104,1,13748,1,1,0,0,1,0,0,0,0,0,0,0,0,0
2529,12,3745cce01dc0c17f,1.798685,17.134903,1,13799,1,0,0,0,0,0,0,0,0,0,0,0,0,1
2530,12,ca52109a94317a6f,2.394938,19.830501,1,13906,2,1,0,0,1,0,0,0,0,0,0,0,0,1
2531,12,433b8e928e1c6508,1.799228,20.0,1,13964,1,1,0,0,1,0,0,0,0,0,0,0,0,1
2532,12,668ecb65224c3500,1.351692,20.0,1,13987,1,1,0,0,1,0,0,0,0,0,0,0,0,1
2533,12,a3eabadb774b9bfd,2.060642,17.579827,0,14007,1,0,0,0,0,0,0,0,0,0,0,0,0,0
2534,12,14aa5ecdbdc0f108,1.548084,20.0,1,14165,1,1,0,0,1,0,0,0,0,0,0,0,0,1
2535,12,bd6999a14217f167,1.163017,20.0,1,13945,1,1,0,0,1,0,0,0,0,0,0,0,0,1
2536,13,1fd48474a6be9a50,1.918756,16.624566,0,13832,1,0,0,0,0,0,0,0,0,0,0,0,0,0
2537,13,40ab05863d40ab6a,1.44149,19.447104,1,14234,1,1,0,0,1,0,0,0,0,0,0,0,0,1
2538,13,9fa3e60e300cac94,2.126591,20.0,1,14252,2,1,0,0,1,0,0,0,0,0,0,0,0,1
2539,13,9522afc9eb92ebd2,2.641281,16.20291,0,14115,1,0,0,0,0,0,0,0,0,0,0,0,0,0
2540,13,0fba0eaa5e567fe1,1.986281,19.145823,1,14060,1,1,0,0,1,0,0,0,0,0,0,0,0,1
2541,13,8f9f8c22e25048df,1.492219,17.862385,1,13955,1,1,0,0,1,0,0,0,0,0,0,0,0,0
2542,13,025aca0c2fc547cd,1.121048,13.419342,0,13994,0,0,0,0,0,0,0,0,0,0,0,0,0,0
2543,13,ea7305c3d0c4eb0e,0.843044,17.05254,1,13745,1,1,0,0,1,0,0,0,0,0,0,0,0,1
2544,13,b3bc2710b036c5b2,0.633348,16.28978,1,13990,1,1,0,0,1,0,0,0,0,0,0,0,0,0
2545,13,3c254a4fca255c07,1.519464,19.195592,1,14021,2,1,0,0,1,0,0,0,0,0,0,0,0,1
2546,13,7fb0256f65ce4ff6,2.18517,17.899775,1,14096,1,0,0,0,0,0,0,0,0,0,0,0,0,1
2547,13,a69e89495c03d18a,1.643279,16.941388,1,13948,1,1,0,0,1,0,0,0,0,0,0,0,0,0
2548,13,ba87dd4319678e85,1.234534,19.68512,1,13961,1,1,0,0,1,0,0,0,0,0,0,0,0,1
2549,13,3e895dd2e76d3ae9,1.971113,18.26754,1,13914,1,0,0,0,0,0,0,0,0,0,0,0,0,1
2550,13,5bfa9aaebee05047,1.482305,17.217952,1,13931,1,1,0,0,1,0,0,0,0,0,0,0,0,0
2551,13,ca3938afd42b6b51,1.1136,19.892893,1,14054,1,1,0,0,1,0,0,0,0,0,0,0,0,1
2552,13,3840b1179d01d5ca,0.836606,18.423631,1,14065,1,1,0,0,1,0,0,0,0,0,0,0,0,0
2553,13,3ad00a257add4750,0.628511,17.31983,1,14024,1,1,0,0,0,0,0,0,0,0,0,0,0,1
2554,13,715e21df0f1ac6b8,1.5168,19.985762,1,13914,1,0,0,0,1,0,0,0,0,0,0,0,0,1
2555,13,ab882b57d80326bc,1.139515,18.493401,1,13963,1,1,0,0,1,0,0,0,0,0,0,0,0,0
2556,13,de121b1615b372cf,1.899728,20.0,1,13990,2,1,0,0,1,0,0,0,0,0,0,0,0,2
2557,13,58b8431551715724,2.472773,18.296457,0,13883,1,0,0,0,0,0,0,0,0,0,0,0,0,0
2558,13,23e17bd6c1c20f85,1.857702,20.0,1,14096,1,1,0,0,1,0,0,0,0,0,0,0,0,1
2559,13,c8292701595322e6,1.395622,20.0,1,14028,1,1,0,0,1,0,0,0,0,0,0,0,0,1
2560,13,10c80b0b9d50bf2d,1.048479,16.911807,0,14077,1,1,0,0,0,0,0,0,0,0,0,0,0,0
2561,13,f6d7570dbe7171fa,2.876772,19.678924,1,13791,2,0,0,0,1,0,0,0,0,0,0,0,0,1
2562,13,50afc0b225fbdddd,2.161211,20.0,1,13959,1,1,0,0,1,0,0,0,0,0,0,0,0,1
2563,13,77cb534e4dd68f47,1.623637,20.0,1,13982,1,1,0,0,1,0,0,0,0,0,0,0,0,1
2564,13,03a072c123c7f460,2.265149,20.0,1,13874,1,0,0,0,0,0,0,0,0,0,0,0,0,1
2565,13,40a0b4653c2b8b16,1.701722,19.25235,1,14019,1,1,0,0,1,0,0,0,0,0,0,0,0,0
2566,13,8ced9c6091029967,2.322093,20.0,1,14051,2,1,0,0,1,0,0,0,0,0,0,0,0,1
2567,13,f446b42f744adfb3,2.788155,19.571836,1,13936,1,0,0,0,0,0,0,0,0,0,0,0,0,1
2568,13,ffdd19bd8ebe00f5,2.096732,20.0,1,14002,1,1,0,0,1,0,0,0,0,0,0,0,0,1
2569,13,b9666f9e7129180f,1.575197,20.0,1,13791,1,1,0,0,1,0,0,0,0,0,0,0,0,1
2570,13,826bb28746b5aff3,1.183386,17.462753,0,13918,1,1,0,0,0,0,0,0,0,0,0,0,0,0
2571,13,3c2e28f559cf9803,1.934074,20.0,1,13980,1,0,0,0,1,0,0,0,0,0,0,0,0,1
2572,13,f896a9eeacd54b0b,1.452997,20.0,1,13851,1,1,0,0,1,0,0,0,0,0,0,0,0,1
2573,13,7e91fafbe2aeffcf,2.135236,20.0,1,13729,2,1,0,0,1,0,0,0,0,0,0,0,0,0
2574,13,23f5c9c20ef02c3c,2.647776,18.53898,1,13965,1,0,0,0,0,0,0,0,0,0,0,0,0,1
2575,13,9d0a03a46f7fd20e,1.991166,20.0,1,13914,1,1,0,0,1,0,0,0,0,0,0,0,0,1
2576,13,5056e413ae2ebdf0,1.495888,19.182172,1,13912,1,1,0,0,1,0,0,0,0,0,0,0,0,0
2577,13,b775466fa0289f2b,2.167458,17.889693,1,13852,1,0,0,0,0,0,0,0,0,0,0,0,0,1
2578,13,6f4f567e5c6b8e3b,1.62996,20.0,1,13900,1,1,0,0,1,0,0,0,0,0,0,0,0,1
2579,13,16b00bbf7832de8e,3.311834,18.815351,1,13883,2,0,0,0,0,0,0,0,0,0,0,0,0,1
2580,13,eeaf163d875ae366,2.488057,17.614114,1,13898,1,1,0,0,1,0,0,0,0,0,0,0,0,0
2581,13,5bfc1ccc40285748,1.869184,20.0,1,13550,1,1,0,0,1,0,0,0,0,0,0,0,0,1
2582,13,80df90f9e2b88b1a,2.449804,15.183555,0,13696,1,0,0,0,0,0,0,0,0,0,0,0,0,0
2583,13,0d5de1f2b9e4d1d0,1.840446,18.364526,1,13940,1,1,0,0,1,0,0,0,0,0,0,0,0,1
2584,13,0e8463cb0cb91196,1.382658,20.0,1,13983,1,1,0,0,1,0,0,0,0,0,0,0,0,1
2585,13,175b64759bdce0b6,2.083929,15.607508,0,13852,1,0,0,0,0,0,0,0,0,0,0,0,0,0
2586,13,85a86af45c9b4375,1.565578,18.683026,1,13854,1,1,0,0,1,0,0,0,0,0,0,0,0,1
2587,13,6a8f80fa2f22e0af,1.17616,17.514704,1,13705,1,1,0,0,1,0,0,0,0,0,0,0,0,0
2588,13,2d0439d833f0e29e,0.883605,20.0,1,13875,1,1,0,0,1,0,0,0,0,0,0,0,0,1
2589,13,0602be642191006c,1.708634,15.127392,0,13832,1,0,0,0,0,0,0,0,0,0,0,0,0,0
2590,13,3f5bb5e574555075,1.283633,18.322333,1,13819,1,1,0,0,1,0,0,0,0,0,0,0,0,1
2591,13,51fdf3e349c44f67,0.964346,17.243728,1,13960,1,1,0,0,1,0,0,0,0,0,0,0,0,0
2592,13,635787ccca70b179,1.769352,16.448031,1,14018,1,0,0,0,0,0,0,0,0,0,0,0,0,1
2593,13,3a5d47ef15c48fb3,1.329248,15.835635,1,13724,1,1,0,0,1,0,0,0,0,0,0,0,0,0
2594,13,79d847e304a25099,0.998614,18.85441,1,13916,1,1,0,0,1,0,0,0,0,0,0,0,0,1
2595,13,af3616e8269c09e5,0.750222,17.643458,1,13925,1,1,0,0,0,0,0,0,0,0,0,0,0,1
2596,13,a64acf831da8278b,2.652478,20.0,1,13842,2,0,0,0,1,0,0,0,0,0,0,0,0,1
2597,13,267932c0dbb5b5e5,1.992708,18.676238,1,14122,1,1,0,0,1,0,0,0,0,0,0,0,0,0
2598,13,a2c144e0692e4062,1.497047,20.0,1,13898,1,1,0,0,1,0,0,0,0,0,0,0,0,1
2599,13,68c11af7a8324509,1.125801,19.264114,1,14852,1,1,0,0,1,0,0,0,0,0,0,0,0,0
2600,13,3f3ac5e28475b01c,1.889425,17.951253,1,14627,1,0,0,0,0,0,0,0,0,0,0,0,0,1
2601,13,741f90f967f3af8b,1.419455,20.0,1,14544,1,1,0,0,1,0,0,0,0,0,0,0,0,1
2602,13,8a3191e836747e0b,1.066383,18.837503,1,14523,1,1,0,0,1,0,0,0,0,0,0,0,0,0
2603,13,ebf04cc6bd69ec5e,0.801935,20.0,1,14570,1,1,0,0,1,0,0,0,0,0,0,0,0,1
2604,13,a946b975f85cf57d,2.689771,19.350826,1,15035,2,0,0,0,0,0,0,0,0,0,0,0,0,1
2605,13,b1786c6a8f32f8e6,2.020724,18.016396,1,15413,1,1,0,0,1,0,0,0,0,0,0,0,0,0
2606,13,b49dec0288c637ed,1.519613,20.0,1,14944,1,1,0,0,1,0,0,0,0,0,0,0,0,1
2607,13,fa6daf6e22a785d3,1.141629,20.0,1,15259,1,1,0,0,1,0,0,0,0,0,0,0,0,1
2608,13,10500ab49bade161,2.94497,20.0,1,14963,2,0,0,0,0,0,0,0,0,0,0,0,0,1
2609,13,449bc3dc8afedc9e,2.212446,18.715515,1,14758,1,1,0,0,1,0,0,0,0,0,0,0,0,0
2610,13,9bee25f4808c394d,1.663791,20.0,1,15507,1,1,0,0,1,0,0,0,0,0,0,0,0,1
2611,13,4e276b0f9b3dd11c,3.33725,19.281907,1,15451,2,0,0,0,0,0,0,0,0,0,0,0,0,1
2612,13,15d7f637c78ca41f,2.507152,20.0,1,15394,1,1,0,0,1,0,0,0,0,0,0,0,0,1
2613,13,b00fe8212c617a17,1.885414,19.606293,1,15626,1,1,0,0,1,0,0,0,0,0,0,0,0,0
2614,13,af732596a8471456,2.460094,20.0,1,15621,2,1,0,0,1,0,0,0,0,0,0,0,0,1
2615,13,64709916f3ad104e,2.89183,19.7716,1,15620,1,0,0,0,0,0,0,0,0,0,0,0,0,1
2616,13,591ffb5f36efc89d,2.172524,18.332509,1,14407,1,1,0,0,1,0,0,0,0,0,0,0,0,0
2617,13,d031112afb7a47e9,2.677919,17.266809,1,13810,2,1,0,0,0,0,0,0,0,0,0,0,0,1
2618,13,69f9d78919fe45c2,3.055474,19.929598,1,13973,1,0,0,0,1,0,0,0,0,0,0,0,0,1
2619,13,ee24da20361adc73,2.295463,20.0,1,13856,1,1,0,0,1,0,0,0,0,0,0,0,0,1
2620,13,da2c642234444ca6,1.726221,19.972212,1,13937,1,1,0,0,0,0,0,0,0,0,0,0,0,1
2621,13,83b7591dd7996cfb,2.340499,18.483221,1,13606,1,0,0,0,1,0,0,0,0,0,0,0,0,0
2622,13,54b0f4890b698aed,2.801983,20.0,1,13836,2,1,0,0,1,0,0,0,0,0,0,0,0,1
2623,13,093addf60a95565f,3.148678,19.137743,1,13805,1,0,0,0,0,0,0,0,0,0,0,0,0,1
2624,13,2e91831e7e038800,2.367851,17.872357,1,13830,1,1,0,0,1,0,0,0,0,0,0,0,0,0
2625,13,3e76223166e4d2d3,1.778878,16.905679,1,13866,1,1,0,0,0,0,0,0,0,0,0,0,0,1
2626,13,05496648f82750ff,2.380058,19.658293,1,13895,1,0,0,0,1,0,0,0,0,0,0,0,0,1
2627,13,d1ef5f4a52392ca7,1.789837,18.263819,1,13684,1,1,0,0,1,0,0,0,0,0,0,0,0,0
2628,13,01e3c4f48d313ddd,2.388291,17.199769,1,13561,1,0,0,0,0,0,0,0,0,0,0,0,0,1
2629,13,7af4675804292e1f,1.794234,19.879232,1,13527,1,1,0,0,1,0,0,0,0,0,0,0,0,1
2630,13,56f2ab9f452689a8,1.347941,18.413369,1,13582,1,1,0,0,1,0,0,0,0,0,0,0,0,0
2631,13,847b2456abcd0c05,2.057821,17.327617,1,13478,1,0,0,0,0,0,0,0,0,0,0,0,0,1
2632,13,3a33a4c4b51fdf4b,1.545964,16.496436,1,13672,1,1,0,0,1,0,0,0,0,0,0,0,0,0
2633,13,ae3427a44395ba45,1.161425,19.350844,1,13253,1,1,0,0,1,0,0,0,0,0,0,0,0,1
2634,13,3252b434450254ec,1.917559,14.552111,0,13313,1,0,0,0,0,0,0,0,0,0,0,0,0,0
2635,13,96093dfa310dd93d,2.484244,17.890146,1,13486,2,1,0,0,1,0,0,0,0,0,0,0,0,1
2636,13,6dc796e7af448e49,1.866319,20.0,1,13330,1,1,0,0,1,0,0,0,0,0,0,0,0,1
2637,13,65be46ddfad4243a,2.445749,18.803014,1,13626,1,0,0,0,0,0,0,0,0,0,0,0,0,1
2638,13,c4eab6edd7effbe6,1.839238,17.620637,1,13405,1,1,0,0,1,0,0,0,0,0,0,0,0,0
2639,13,a54be8b4e84ddd6b,1.381751,20.0,1,13526,1,1,0,0,1,0,0,0,0,0,0,0,0,1
2640,13,5621c5f1e30adaa1,1.038058,15.17206,0,13374,1,1,0,0,0,0,0,0,0,0,0,0,0,0
2641,13,fc352b8d79264632,1.824785,18.370609,1,13486,1,0,0,0,1,0,0,0,0,0,0,0,0,1
2642,13,e4cd759dfaf5fa96,1.370893,20.0,1,13480,1,1,0,0,1,0,0,0,0,0,0,0,0,1
2643,13,fe62f50d844ac6a0,2.073554,19.074185,1,13550,2,1,0,0,0,0,0,0,0,0,0,0,0,1
2644,13,4bcbdebf29637cea,2.601437,17.808567,1,13609,1,0,0,0,1,0,0,0,0,0,0,0,0,0
2645,13,46250f30c0e00ffc,1.956318,20.0,1,13503,1,1,0,0,1,0,0,0,0,0,0,0,0,1
2646,13,448336b7e02670be,1.469708,18.769518,1,13562,1,1,0,0,1,0,0,0,0,0,0,0,0,0
2647,13,5ad0cbb3d6afc675,2.14779,17.579681,1,13800,1,0,0,0,0,0,0,0,0,0,0,0,0,1
2648,13,21fdb6d283a90ebb,2.659319,20.0,1,13747,2,1,0,0,1,0,0,0,0,0,0,0,0,1
2649,13,f92d9694293934bc,1.997847,20.0,1,13848,1,1,0,0,1,0,0,0,0,0,0,0,0,1
2650,13,46943f41de1c4176,1.500908,20.0,1,13786,1,1,0,0,1,0,0,0,0,0,0,0,0,1
2651,13,dfb1692852d680fa,2.171229,17.710945,0,13724,1,0,0,0,0,0,0,0,0,0,0,0,0,0
2652,13,6124afc01652c2ed,1.632795,20.0,1,13616,1,1,0,0,1,0,0,0,0,0,0,0,0,1
2653,13,d1f1f03032d2b876,2.270312,20.0,1,13780,2,1,0,0,1,0,0,0,0,0,0,0,0,1
2654,13,dd89965b89974aaf,2.749254,20.0,1,13947,1,0,0,0,0,0,0,0,0,0,0,0,0,1
2655,13,ab123278e93e0bfe,2.067478,20.0,1,13569,1,1,0,0,1,0,0,0,0,0,0,0,0,1
2656,13,022f9036eb93dcfc,2.596872,20.0,1,13875,2,1,0,0,1,0,0,0,0,0,0,0,0,1
2657,13,52d834af11383681,1.950933,20.0,1,13868,1,1,0,0,1,0,0,0,0,0,0,0,0,0
2658,13,5e1fa96332b8670b,1.465663,19.396403,1,13745,1,1,0,0,0,0,0,0,0,0,0,0,0,1
2659,13,a8dbe835725df1d0,2.14635,18.066874,1,13564,1,0,0,0,1,0,0,0,0,0,0,0,0,0
2660,13,a9461e00face2980,1.612473,20.0,1,13582,1,1,0,0,1,0,0,0,0,0,0,0,0,1
2661,13,f6db0ad5de2c4aa1,1.21139,20.0,1,13608,1,1,0,0,1,0,0,0,0,0,0,0,0,1
2662,13,5646bc96e437a277,1.955133,16.831285,0,13557,1,0,0,0,0,0,0,0,0,0,0,0,0,0
2663,13,6ebf57eb394ff741,2.512472,19.602404,1,13710,2,1,0,0,1,0,0,0,0,0,0,0,0,1
2664,13,8a1dafcfcd31e875,1.887526,20.0,1,13709,1,1,0,0,1,0,0,0,0,0,0,0,0,1
2665,13,452e2c9704c0b58a,2.461681,16.290561,0,14006,1,0,0,0,0,0,0,0,0,0,0,0,0,0
2666,13,af94e4aa7022b322,1.851219,19.211737,1,13808,1,1,0,0,1,0,0,0,0,0,0,0,0,1
2667,13,283438a3572b6d94,1.390752,17.911904,1,13734,1,1,0,0,0,0,0,0,0,0,0,0,0,1
2668,13,94e4977d358ecc03,2.088473,16.935389,1,13871,1,0,0,0,1,0,0,0,0,0,0,0,0,0
2669,13,f64f7a848db401b0,1.570562,19.696657,1,13702,1,1,0,0,1,0,0,0,0,0,0,0,0,1
2670,13,5ffb3989e0d7cd28,3.267211,18.276207,1,13653,2,0,0,0,0,0,0,0,0,0,0,0,0,1
2671,13,08627f6d40108dba,2.454533,20.0,1,13485,1,1,0,0,1,0,0,0,0,0,0,0,0,1
2672,13,5d72b15d75d25880,2.887653,15.542061,0,13305,1,0,0,0,0,0,0,0,0,0,0,0,0,0
2673,13,104b4a8483beb326,2.171556,18.648855,1,13725,1,1,0,0,1,0,0,0,0,0,0,0,0,1
2674,13,ef2772dec0b4a5d1,1.631409,17.489032,1,13782,1,1,0,0,1,0,0,0,0,0,0,0,0,0
2675,13,5fba3125b59cafba,2.26927,16.6177,1,13820,1,0,0,0,0,0,0,0,0,0,0,0,0,1
2676,13,692a067da8f6aff3,1.706523,15.977249,1,13603,1,1,0,0,1,0,0,0,0,0,0,0,0,0
2677,13,411845ebd32780ef,1.282047,18.960799,1,14333,1,1,0,0,1,0,0,0,0,0,0,0,0,1
2678,13,bdef2a2c948aa952,3.050461,17.723384,1,14590,2,0,0,0,0,0,0,0,0,0,0,0,0,1
2679,13,4a3953476cd046f6,2.291697,20.0,1,14490,1,1,0,0,1,0,0,0,0,0,0,0,0,1
2680,13,0faa61e7569eb3fb,1.723389,20.0,1,14676,1,1,0,0,1,0,0,0,0,0,0,0,0,1
2681,13,fd914725e4055ecb,1.294718,16.682756,0,14110,1,1,0,0,0,0,0,0,0,0,0,0,0,0
2682,13,d441efdf78ff30e5,2.016326,19.49082,1,14085,1,0,0,0,1,0,0,0,0,0,0,0,0,1
2683,13,c6a91263206a459a,1.516306,20.0,1,13883,1,1,0,0,1,0,0,0,0,0,0,0,0,1
2684,13,4f55425cd2cbc680,2.182797,20.0,1,14113,2,1,0,0,1,0,0,0,0,0,0,0,0,1
2685,13,188d45c149a80eb8,1.639854,20.0,1,14084,1,1,0,0,0,0,0,0,0,0,0,0,0,1
2686,13,86b15044ce74b560,2.275614,19.185651,1,14072,1,0,0,0,1,0,0,0,0,0,0,0,0,0
2687,13,f3dedcc652ea3805,1.711295,20.0,1,13971,1,1,0,0,1,0,0,0,0,0,0,0,0,1
2688,13,218c8e37ff096e0d,1.285632,20.0,1,14106,1,1,0,0,1,0,0,0,0,0,0,0,0,1
2689,13,eb39a7693ac12740,2.0095,20.0,1,14209,2,1,0,0,1,0,0,0,0,0,0,0,0,1
2690,13,59a404d332ee7359,2.555323,18.241258,0,14136,1,0,0,0,0,0,0,0,0,0,0,0,0,0
2691,13,22c01e73b007c0d2,1.919719,20.0,1,14332,1,1,0,0,1,0,0,0,0,0,0,0,0,1
2692,13,90fb80d03e6abfb3,1.442213,20.0,1,14233,1,1,0,0,1,0,0,0,0,0,0,0,0,1
2693,13,1771e4f80a950ae0,1.083481,20.0,1,14298,1,1,0,0,1,0,0,0,0,0,0,0,0,1
2694,13,c68b48a88518dcb4,1.858943,17.932601,0,14198,1,0,0,0,0,0,0,0,0,0,0,0,0,0
2695,13,d54556391f3921e8,1.396555,20.0,1,14261,1,1,0,0,1,0,0,0,0,0,0,0,0,1
2696,13,5f91abde0f060229,2.092833,20.0,1,14245,2,1,0,0,1,0,0,0,0,0,0,0,0,1
2697,13,c45286409757fc5d,1.57384,20.0,1,14280,1,1,0,0,0,0,0,0,0,0,0,0,0,1
2698,13,a53c3348c96ede05,2.226021,20.0,1,14665,1,0,0,0,1,0,0,0,0,0,0,0,0,1
2699,13,5cd16b14da146900,1.672326,20.0,1,14500,1,1,0,0,1,0,0,0,0,0,0,0,0,0
2700,13,ee2b610d810084dd,1.256356,20.0,1,14753,1,1,0,0,1,0,0,0,0,0,0,0,0,1
2701,13,85a4d9687b872125,0.944798,16.609231,0,15283,1,1,0,0,0,0,0,0,0,0,0,0,0,0
2702,13,2b5337dcb9e1ff26,2.797098,19.435583,1,15232,2,0,0,0,1,0,0,0,0,0,0,0,0,1
2703,13,9a9e24d2003a8523,2.101355,20.0,1,15087,1,1,0,0,1,0,0,0,0,0,0,0,0,1
2704,13,222ab66042d3c105,2.624399,19.693114,1,15789,1,0,0,0,0,0,0,0,0,0,0,0,0,1
2705,13,7ef745779d06ada8,1.971613,18.273545,1,15737,1,1,0,0,1,0,0,0,0,0,0,0,0,0
2706,13,a1bc0545abcc5d5e,2.524853,20.0,1,15233,2,1,0,0,1,0,0,0,0,0,0,0,0,1
2707,13,d87bd86011cdf42f,2.940481,19.019403,1,15196,1,0,0,0,0,0,0,0,0,0,0,0,0,1
2708,13,79ebbf1a7482d5f1,2.211283,20.0,1,14943,1,1,0,0,1,0,0,0,0,0,0,0,0,1
2709,13,c038b50308eef982,1.661255,19.453592,1,14915,1,1,0,0,1,0,0,0,0,0,0,0,0,0
2710,13,b55e7dd484a07c15,2.291692,18.093601,1,15136,1,0,0,0,0,0,0,0,0,0,0,0,0,1
2711,13,c9aa77f254880a52,2.767535,20.0,1,15021,2,1,0,0,1,0,0,0,0,0,0,0,0,1
2712,13,64e0ff2ec615be16,2.079146,20.0,1,14936,1,1,0,0,1,0,0,0,0,0,0,0,0,1
2713,13,828677954c50888c,2.605638,16.835341,0,14818,1,0,0,0,0,0,0,0,0,0,0,0,0,0
2714,13,c589d46623a0cafb,1.957518,19.605451,1,15012,1,1,0,0,1,0,0,0,0,0,0,0,0,1
2715,13,032b1d8de4bc4a7d,2.516232,18.22408,1,14721,1,0,0,0,0,0,0,0,0,0,0,0,0,1
2716,13,8aef59f11b69c197,2.934005,20.0,1,14874,2,1,0,0,1,0,0,0,0,0,0,0,0,1
2717,13,0a99d34662a856e9,2.204208,18.991486,1,14575,1,1,0,0,1,0,0,0,0,0,0,0,0,0
2718,13,32c95f6fe26c79ea,2.701746,17.76237,1,14351,1,0,0,0,0,0,0,0,0,0,0,0,0,1
2719,13,1d55147633c7aae8,2.029721,16.823049,1,14274,1,1,0,0,1,0,0,0,0,0,0,0,0,0
2720,13,03a65e6d4c149a33,1.524854,19.596217,1,14097,1,1,0,0,1,0,0,0,0,0,0,0,0,1
2721,13,dd8301ef8ab9b0ca,1.145565,18.20075,1,13926,1,1,0,0,1,0,0,0,0,0,0,0,0,0
2722,13,a924cdecf00d232a,1.905632,17.167725,1,13908,1,0,0,0,0,0,0,0,0,0,0,0,0,1
2723,13,e4bc8612f47993ce,1.43163,16.376314,1,13738,1,1,0,0,1,0,0,0,0,0,0,0,0,0
2724,13,015ecb420047363f,1.07553,19.260602,1,13783,1,1,0,0,1,0,0,0,0,0,0,0,0,1
2725,13,e73113b55b3eebc3,0.808814,17.964749,1,13830,1,1,0,0,1,0,0,0,0,0,0,0,0,0
2726,13,00f6b755b1d032b0,1.651285,16.975089,1,13973,1,0,0,0,0,0,0,0,0,0,0,0,0,1
2727,13,9e827dc0fcdc93d5,1.240549,16.231594,1,13967,1,1,0,0,1,0,0,0,0,0,0,0,0,0
2728,13,43f001ba2d274306,0.931978,19.151879,1,13884,1,1,0,0,1,0,0,0,0,0,0,0,0,1
2729,13,fd30a284c76f7dc7,1.745011,17.882988,1,13906,1,0,0,0,0,0,0,0,0,0,0,0,0,1
2730,13,0b9613e4f0a37b59,1.310962,16.913665,1,13667,1,1,0,0,1,0,0,0,0,0,0,0,0,0
2731,13,df502cd325b5ed39,2.02853,19.664293,1,13697,2,1,0,0,1,0,0,0,0,0,0,0,0,1
2732,13,fe118167dc85ab02,1.525483,20.0,1,13608,1,1,0,0,1,0,0,0,0,0,0,0,0,1
2733,13,aea472aac3afbcf1,1.146039,19.817929,1,13669,1,1,0,0,1,0,0,0,0,0,0,0,0,0
2734,13,c1adf9c336152624,1.904629,18.367314,1,13819,1,0,0,0,0,0,0,0,0,0,0,0,0,1
2735,13,459e9ada8b1f936c,1.430877,17.277521,1,13913,1,1,0,0,1,0,0,0,0,0,0,0,0,0
2736,13,e82023bcf15456c6,1.07604,19.953945,1,13547,1,1,0,0,1,0,0,0,0,0,0,0,0,1
2737,13,3d2fa00e0d21fdb5,0.808388,18.469498,1,13849,1,1,0,0,1,0,0,0,0,0,0,0,0,0
2738,13,9c2af751ece37db6,2.694619,17.354288,1,13926,2,0,0,0,0,0,0,0,0,0,0,0,0,1
2739,13,61f2c29cfc35d548,2.026392,20.0,1,13976,1,1,0,0,1,0,0,0,0,0,0,0,0,1
2740,13,6798be182fb324b2,1.522352,20.0,1,13895,1,1,0,0,1,0,0,0,0,0,0,0,0,1
2741,13,8e5400bfd45c6290,2.18734,16.521551,0,14747,1,0,0,0,0,0,0,0,0,0,0,0,0,0
2742,13,d4d756ca6b78f56e,1.643267,19.369713,1,14554,1,1,0,0,1,0,0,0,0,0,0,0,0,1
2743,13,c56229639215584e,2.27991,20.0,1,14772,2,1,0,0,1,0,0,0,0,0,0,0,0,1
2744,13,2e21a7391d65f097,1.712811,20.0,1,14524,1,1,0,0,1,0,0,0,0,0,0,0,0,1
2745,13,486bdc4ea809b70e,1.286771,17.376965,0,14309,1,1,0,0,0,0,0,0,0,0,0,0,0,0
2746,13,e9d5ed98b0ac47e5,2.011821,20.0,1,15189,1,0,0,0,1,0,0,0,0,0,0,0,0,1
2747,13,bf850360b4a05391,1.511406,20.0,1,15227,1,1,0,0,1,0,0,0,0,0,0,0,0,1
2748,13,0d45c2657f6e14cb,1.135463,20.0,1,14918,1,1,0,0,1,0,0,0,0,0,0,0,0,0
2749,13,686b7480bcecb897,0.853031,20.0,1,14672,1,1,0,0,1,0,0,0,0,0,0,0,0,1
2750,13,b0c81497e478c33b,0.641491,20.0,1,14241,1,1,0,0,1,0,0,0,0,0,0,0,0,1
2751,13,36ba10f7371a1719,1.525582,20.0,1,14142,2,1,0,0,1,0,0,0,0,0,0,0,0,1
2752,13,82c658e142d1a28e,2.189766,20.0,1,13818,1,0,0,0,0,0,0,0,0,0,0,0,0,1
2753,13,ede2d07d203e5d89,1.646735,20.0,1,13875,1,1,0,0,1,0,0,0,0,0,0,0,0,0
2754,13,ec7d2b8bc633676d,1.237131,20.0,1,13838,1,1,0,0,1,0,0,0,0,0,0,0,0,1
2755,13,e0a9179111025ba9,0.92941,19.994293,1,13950,1,1,0,0,0,0,0,0,0,0,0,0,0,1
2756,13,d4a0a1eb663284fe,2.785538,20.0,1,13836,2,0,0,0,1,0,0,0,0,0,0,0,0,1
2757,13,d079cdf1df281afc,2.094764,20.0,1,13750,1,1,0,0,1,0,0,0,0,0,0,0,0,0
2758,13,bdb44fe5024fd0d5,1.573718,20.0,1,13907,1,1,0,0,1,0,0,0,0,0,0,0,0,1
2759,13,35b82598dd5c1f55,2.225929,16.519908,0,13739,1,0,0,0,0,0,0,0,0,0,0,0,0,0
2760,13,278daa2bb0ba188f,1.67393,19.384209,1,13625,1,1,0,0,1,0,0,0,0,0,0,0,0,1
2761,13,bb31c50ff50318c9,1.257561,18.041476,1,13495,1,1,0,0,1,0,0,0,0,0,0,0,0,0
2762,13,d6b254309112939f,1.988412,17.032731,1,13558,1,0,0,0,0,0,0,0,0,0,0,0,0,1
2763,13,a5775ed5d1374a8e,1.49382,16.274899,1,13962,1,1,0,0,1,0,0,0,0,0,0,0,0,0
2764,13,5c5d126315602cd7,1.123374,19.199959,1,13854,1,1,0,0,1,0,0,0,0,0,0,0,0,1
2765,13,5c851da4363a721e,1.887602,14.424212,0,13587,1,0,0,0,0,0,0,0,0,0,0,0,0,0
2766,13,409c33d5b895e958,1.418085,17.79406,1,13561,1,1,0,0,1,0,0,0,0,0,0,0,0,1
2767,13,db731d590892c4ab,1.06642,16.861888,1,13675,1,1,0,0,1,0,0,0,0,0,0,0,0,0
2768,13,2bce2bc01c061853,1.844815,16.146551,1,13661,1,0,0,0,0,0,0,0,0,0,0,0,0,1
2769,13,2d27357fcd2c6c14,2.429594,19.087989,1,13699,2,1,0,0,1,0,0,0,0,0,0,0,0,1
2770,14,1fd48474a6be9a50,1.825263,17.818937,1,13820,1,1,0,0,1,0,0,0,0,0,0,0,0,0
2771,14,40ab05863d40ab6a,2.416774,16.880596,1,14207,1,0,0,0,0,0,0,0,0,0,0,0,0,1
2772,14,9fa3e60e300cac94,1.815632,16.160606,1,14183,1,1,0,0,1,0,0,0,0,0,0,0,0,0
2773,14,9522afc9eb92ebd2,1.364017,19.098548,1,14159,1,1,0,0,1,0,0,0,0,0,0,0,0,1
2774,14,0fba0eaa5e567fe1,1.02576,17.842882,1,14029,1,1,0,0,0,0,0,0,0,0,0,0,0,1
2775,14,8f9f8c22e25048df,1.814268,16.883535,1,13967,1,0,0,0,1,0,0,0,0,0,0,0,0,0
2776,14,025aca0c2fc547cd,1.362992,19.641658,1,13898,1,1,0,0,1,0,0,0,0,0,0,0,0,1
2777,14,ea7305c3d0c4eb0e,1.023965,18.234888,1,13943,1,1,0,0,1,0,0,0,0,0,0,0,0,0
2778,14,b3bc2710b036c5b2,0.770036,17.193397,1,13885,1,1,0,0,0,0,0,0,0,0,0,0,0,1
2779,14,3c254a4fca255c07,1.622153,19.874446,1,14004,1,0,0,0,1,0,0,0,0,0,0,0,0,1
2780,14,7fb0256f65ce4ff6,1.218663,18.409772,1,14017,1,1,0,0,1,0,0,0,0,0,0,0,0,0
2781,14,a69e89495c03d18a,0.916452,17.324913,1,13995,1,1,0,0,0,0,0,0,0,0,0,0,0,1
2782,14,ba87dd4319678e85,1.732149,19.973249,1,13998,1,0,0,0,1,0,0,0,0,0,0,0,0,1
2783,14,3e895dd2e76d3ae9,1.301299,18.483999,1,14002,1,1,0,0,1,0,0,0,0,0,0,0,0,0
2784,14,5bfa9aaebee05047,0.977617,20.0,1,13955,1,1,0,0,1,0,0,0,0,0,0,0,0,1
2785,14,ca3938afd42b6b51,0.735182,20.0,1,14078,1,1,0,0,1,0,0,0,0,0,0,0,0,1
2786,14,3840b1179d01d5ca,1.595968,20.0,1,13951,2,1,0,0,0,0,0,0,0,0,0,0,0,1
2787,14,3ad00a257add4750,2.242645,18.868032,1,14011,1,0,0,0,1,0,0,0,0,0,0,0,0,0
2788,14,715e21df0f1ac6b8,1.686501,20.0,1,13982,1,1,0,0,1,0,0,0,0,0,0,0,0,1
2789,14,ab882b57d80326bc,1.267005,19.368073,1,14054,1,1,0,0,1,0,0,0,0,0,0,0,0,0
2790,14,de121b1615b372cf,1.995507,18.029354,1,14017,1,0,0,0,0,0,0,0,0,0,0,0,0,1
2791,14,0469b68beb7ba893,1.49915,20.0,1,13946,1,1,0,0,1,0,0,0,0,0,0,0,0,1
2792,14,77ed09b9b5fdd2d5,2.171532,20.0,1,13953,2,1,0,0,1,0,0,0,0,0,0,0,0,1
2793,14,f528f75252723e1c,2.675044,16.81262,0,13940,1,0,0,0,0,0,0,0,0,0,0,0,0,0
2794,14,c2f4dc060312be30,2.009661,19.588382,1,13916,1,1,0,0,1,0,0,0,0,0,0,0,0,1
2795,14,f6d7570dbe7171fa,1.511294,18.211244,1,13774,1,1,0,0,1,0,0,0,0,0,0,0,0,0
2796,14,50afc0b225fbdddd,1.135378,20.0,1,14157,1,1,0,0,1,0,0,0,0,0,0,0,0,1
2797,14,77cb534e4dd68f47,1.896621,18.984241,1,13910,1,0,0,0,0,0,0,0,0,0,0,0,0,1
2798,14,03a072c123c7f460,1.42486,17.740995,1,13992,1,1,0,0,1,0,0,0,0,0,0,0,0,0
2799,14,e644619daa66b701,1.071515,20.0,1,13809,1,1,0,0,1,0,0,0,0,0,0,0,0,1
2800,14,d4129c9ce8813e06,0.804989,18.731342,1,14092,1,1,0,0,0,0,0,0,0,0,0,0,0,1
2801,14,696331196397db3f,1.648412,17.551002,1,13830,1,0,0,0,1,0,0,0,0,0,0,0,0,0
2802,14,9f9f981168cfe119,2.28378,20.0,1,13980,2,1,0,0,1,0,0,0,0,0,0,0,0,1
2803,14,e5f2b57345d2996a,2.759372,18.624003,1,13848,1,0,0,0,0,0,0,0,0,0,0,0,0,1
2804,14,0a15fe6e02f55e53,2.073013,20.0,1,14023,1,1,0,0,1,0,0,0,0,0,0,0,0,1
2805,14,242024efcb39cc6b,1.557377,20.0,1,13768,1,1,0,0,1,0,0,0,0,0,0,0,0,1
2806,14,8099ca04e120ab38,2.21532,20.0,1,13827,1,0,0,0,0,0,0,0,0,0,0,0,0,1
2807,14,582cbbca4234bde0,2.707941,18.915977,1,13945,2,1,0,0,1,0,0,0,0,0,0,0,0,0
2808,14,232ef5f950d63e96,2.034375,20.0,1,13834,1,1,0,0,1,0,0,0,0,0,0,0,0,1
2809,14,2584f3bce8fc2d38,2.574029,19.399557,1,13845,1,0,0,0,0,0,0,0,0,0,0,0,0,1
2810,14,2cda024226657f5c,1.933772,20.0,1,13960,1,1,0,0,1,0,0,0,0,0,0,0,0,1
2811,14,b23732d8b87af8a4,1.452771,20.0,1,14094,1,1,0,0,1,0,0,0,0,0,0,0,0,1
2812,14,c208e195e78c2069,3.178719,20.0,1,13946,2,0,0,0,0,0,0,0,0,0,0,0,0,1
2813,14,f8679ed460c91ac0,2.390442,19.166298,1,13825,1,1,0,0,1,0,0,0,0,0,0,0,0,0
2814,14,45517c7da3c91956,1.79585,20.0,1,13701,1,1,0,0,1,0,0,0,0,0,0,0,0,1
2815,14,7914bd28219cbd81,2.392808,16.044424,0,13784,1,0,0,0,0,0,0,0,0,0,0,0,0,0
2816,14,03cd3dbddab94bff,1.799426,19.026639,1,13710,1,1,0,0,1,0,0,0,0,0,0,0,0,1
2817,14,b82209ddfc3514fe,1.351841,17.772847,1,13947,1,1,0,0,1,0,0,0,0,0,0,0,0,0
2818,14,d546d109c1511604,2.059241,16.83092,1,13970,1,0,0,0,0,0,0,0,0,0,0,0,0,1
2819,14,37742cda28a36989,1.547031,16.123286,1,14013,1,1,0,0,1,0,0,0,0,0,0,0,0,0
2820,14,4f373c578a3d3fe0,1.163389,19.085944,1,13657,1,1,0,0,1,0,0,0,0,0,0,0,0,1
2821,14,6a822c35e0a73ed8,1.917664,14.338556,0,13957,1,0,0,0,0,0,0,0,0,0,0,0,0,0
2822,14,1ff840683257356e,1.440669,17.72971,1,13773,1,1,0,0,1,0,0,0,0,0,0,0,0,1
2823,14,76d5a042315d1b4f,1.083404,16.813497,1,13885,1,1,0,0,1,0,0,0,0,0,0,0,0,0
2824,14,402f071b2215fda8,0.813921,19.589041,1,13926,1,1,0,0,1,0,0,0,0,0,0,0,0,1
2825,14,0757ea4a34ff873f,2.698775,18.195358,1,13916,2,0,0,0,0,0,0,0,0,0,0,0,0,1
2826,14,8781398288d36629,2.027489,17.148337,1,14173,1,1,0,0,1,0,0,0,0,0,0,0,0,0
2827,14,9a005b7b90aee222,1.5247,16.376296,1,14208,1,1,0,0,0,0,0,0,0,0,0,0,0,1
2828,14,e3e824ff69850607,2.189104,19.260588,1,14281,1,0,0,0,1,0,0,0,0,0,0,0,0,1
2829,14,bd83d48c64e0adca,1.644592,17.948604,1,15004,1,1,0,0,1,0,0,0,0,0,0,0,0,0
2830,14,3b0bb7cf2e107d37,2.280907,20.0,1,15063,2,1,0,0,1,0,0,0,0,0,0,0,0,1
2831,14,cfddd42781563b38,2.757214,18.848633,1,15299,1,0,0,0,0,0,0,0,0,0,0,0,0,1
2832,14,7ece2e4c7b47e496,2.071391,20.0,1,15368,1,1,0,0,1,0,0,0,0,0,0,0,0,1
2833,14,119d18bdada59e9f,2.599812,20.0,1,15626,2,1,0,0,1,0,0,0,0,0,0,0,0,1
2834,14,a6e8b97a3a916406,1.955096,20.0,1,15486,1,1,0,0,1,0,0,0,0,0,0,0,0,1
2835,14,6ef44f47d110fcc6,2.512444,20.0,1,14466,1,0,0,0,0,0,0,0,0,0,0,0,0,1
2836,14,a768a669ae5d6c28,2.931158,19.7079,1,13933,2,1,0,0,1,0,0,0,0,0,0,0,0,0
2837,14,c5a8ecb5f9e188e2,2.204273,20.0,1,13792,1,1,0,0,1,0,0,0,0,0,0,0,0,1
2838,14,357a8ed5d257c405,1.655988,19.842565,1,13787,1,1,0,0,1,0,0,0,0,0,0,0,0,0
2839,14,e3163d28c38a6db4,1.244082,20.0,1,13570,1,1,0,0,1,0,0,0,0,0,0,0,0,1
2840,14,d61aefea7b64b0c5,1.978285,16.426107,0,13789,1,0,0,0,0,0,0,0,0,0,0,0,0,0
2841,14,0dc0872bb5dd3fc7,1.487699,19.31367,1,13613,1,1,0,0,1,0,0,0,0,0,0,0,0,1
2842,14,64597798c1021cda,2.161306,20.0,1,13782,2,1,0,0,1,0,0,0,0,0,0,0,0,1
2843,14,049053b951caa2b9,1.623708,19.606445,1,13701,1,1,0,0,1,0,0,0,0,0,0,0,0,0
2844,14,fd4d2a1dfed8d533,2.265202,18.224828,1,13788,1,0,0,0,0,0,0,0,0,0,0,0,0,1
2845,14,3dc2c7fdbbf448f0,1.701762,20.0,1,14005,1,1,0,0,1,0,0,0,0,0,0,0,0,1
2846,14,4de344186694b583,1.27847,18.991907,1,13966,1,1,0,0,1,0,0,0,0,0,0,0,0,0
2847,14,8bfff03de43ba19d,2.00412,20.0,1,14196,2,1,0,0,1,0,0,0,0,0,0,0,0,1
2848,14,634b0379defd6d1f,2.551277,19.442455,1,13712,1,0,0,0,0,0,0,0,0,0,0,0,0,1
2849,14,8868f28d2c2005d0,1.916679,18.085234,1,14136,1,1,0,0,1,0,0,0,0,0,0,0,0,0
2850,14,7cba02b05020cc05,1.43993,20.0,1,13967,1,1,0,0,1,0,0,0,0,0,0,0,0,1
2851,14,44366dff728748a9,1.082848,20.0,1,13984,1,1,0,0,1,0,0,0,0,0,0,0,0,1
2852,14,4ba12b407821d7d3,1.857156,16.836338,0,14081,1,0,0,0,0,0,0,0,0,0,0,0,0,0
2853,14,7306be04bf81b840,1.395212,19.6062,1,14035,1,1,0,0,1,0,0,0,0,0,0,0,0,1
2854,14,dd685059ff430bdb,2.091824,20.0,1,14094,2,1,0,0,1,0,0,0,0,0,0,0,0,1
2855,14,94cedd0aa17a558e,2.617232,16.309004,0,13973,1,0,0,0,0,0,0,0,0,0,0,0,0,0
2856,14,b69424d165317804,1.966229,19.210034,1,14042,1,1,0,0,1,0,0,0,0,0,0,0,0,1
2857,14,c5579abcec97b6b1,2.520807,14.43178,0,14125,1,0,0,0,0,0,0,0,0,0,0,0,0,0
2858,14,af54ddfd933b2bd8,1.895683,17.813908,1,13985,1,1,0,0,1,0,0,0,0,0,0,0,0,1
2859,14,58bcadb27dded969,2.467809,13.382923,0,14012,1,0,0,0,0,0,0,0,0,0,0,0,0,0
2860,14,27d8b64e0e70eece,1.853973,17.011779,1,13807,1,1,0,0,1,0,0,0,0,0,0,0,0,1
2861,14,58b5eae27e4698af,1.39282,12.780314,0,13861,1,1,0,0,0,0,0,0,0,0,0,0,0,0
2862,14,809632e345703a0e,2.091571,16.571981,1,13941,1,0,0,0,1,0,0,0,0,0,0,0,0,1
2863,14,07383c051658c247,1.571319,15.928755,1,14015,1,1,0,0,1,0,0,0,0,0,0,0,0,0
2864,14,e730129378347d57,1.180473,15.445522,1,13865,1,1,0,0,0,0,0,0,0,0,0,0,0,1
2865,14,531543649b69cf7b,1.931883,15.095755,1,13775,1,0,0,0,1,0,0,0,0,0,0,0,0,0
2866,14,b7e8d24ef89f7204,1.451352,18.298565,1,14658,1,1,0,0,1,0,0,0,0,0,0,0,0,1
2867,14,ad84aa13e184107e,1.090346,17.225873,1,14426,1,1,0,0,1,0,0,0,0,0,0,0,0,0
2868,14,46b3ae27bda5af5c,0.819136,19.898843,1,14053,1,1,0,0,1,0,0,0,0,0,0,0,0,1
2869,14,b97848b04826fe9f,1.660153,14.964214,0,13960,1,0,0,0,0,0,0,0,0,0,0,0,0,0
2870,14,fb7bd3c473672dc8,1.247211,18.199743,1,14816,1,1,0,0,1,0,0,0,0,0,0,0,0,1
2871,14,266ba637dc0311ac,0.936983,20.0,1,14840,1,1,0,0,1,0,0,0,0,0,0,0,0,1
2872,14,e8ce959e487951c5,1.748775,20.0,1,14410,2,1,0,0,1,0,0,0,0,0,0,0,0,1
2873,14,16b5f41f4c490fb9,2.357443,20.0,1,14311,1,0,0,0,0,0,0,0,0,0,0,0,0,1
2874,14,3a413e58a5f07684,1.771058,18.777394,1,14287,1,1,0,0,1,0,0,0,0,0,0,0,0,0
2875,14,ad62e020d867b4f3,1.33053,20.0,1,14286,1,1,0,0,1,0,0,0,0,0,0,0,0,1
2876,14,164d4b862d4973e5,1.000578,20.0,1,14582,1,1,0,0,1,0,0,0,0,0,0,0,0,1
2877,14,2a3e554e0298a3a7,0.751697,17.130114,0,14397,1,1,0,0,0,0,0,0,0,0,0,0,0,0
2878,14,63fa9f240b19e41b,1.608375,19.826903,1,14593,1,0,0,0,1,0,0,0,0,0,0,0,0,1
2879,14,24287c3b1dc04246,1.209521,20.0,1,14370,1,1,0,0,1,0,0,0,0,0,0,0,0,1
2880,14,f85e27c7f3eb00f2,0.908668,19.909797,1,14529,1,1,0,0,1,0,0,0,0,0,0,0,0,0
2881,14,18f8c63dff81d8a6,0.682648,20.0,1,14483,1,1,0,0,1,0,0,0,0,0,0,0,0,1
2882,14,690926ce68b19179,1.556501,20.0,1,13729,2,1,0,0,1,0,0,0,0,0,0,0,0,1
2883,14,b053fe1b9bf279c1,2.214662,20.0,1,13639,1,0,0,0,0,0,0,0,0,0,0,0,0,1
2884,14,aab6ff5e87a14584,1.663793,20.0,1,13808,1,1,0,0,1,0,0,0,0,0,0,0,0,1
2885,14,1329eba36b2f0846,1.249945,20.0,1,13820,1,1,0,0,1,0,0,0,0,0,0,0,0,0
2886,14,95662b6aed50dbb1,1.984127,18.980453,1,13770,1,0,0,0,0,0,0,0,0,0,0,0,0,1
2887,14,72c674e6c50f4413,1.490601,20.0,1,13887,1,1,0,0,1,0,0,0,0,0,0,0,0,1
2888,14,3b3a86a0983a8ccb,2.163486,20.0,1,13958,2,1,0,0,1,0,0,0,0,0,0,0,0,1
2889,14,0102626685d6ef3c,1.625346,20.0,1,14066,1,1,0,0,1,0,0,0,0,0,0,0,0,0
2890,14,934a29d109765a52,2.266434,19.032662,1,13904,1,0,0,0,0,0,0,0,0,0,0,0,0,1
2891,14,f69048d7d07a3611,1.702687,20.0,1,13950,1,1,0,0,1,0,0,0,0,0,0,0,0,1
2892,14,1765907f4e4f5190,1.279165,19.447845,1,13862,1,1,0,0,1,0,0,0,0,0,0,0,0,0
2893,14,cd85aecb535faffe,2.006101,18.105559,1,13968,1,0,0,0,0,0,0,0,0,0,0,0,0,1
2894,14,a820467cf510bb61,1.507109,17.080874,1,13877,1,1,0,0,1,0,0,0,0,0,0,0,0,0
2895,14,d4d879ff193b677b,1.132234,19.789911,1,13863,1,1,0,0,1,0,0,0,0,0,0,0,0,1
2896,14,4156a2c2014dacde,2.937912,18.346265,1,13897,2,0,0,0,0,0,0,0,0,0,0,0,0,1
2897,14,47bb0f8f5457e348,2.209352,17.277154,1,13983,1,1,0,0,1,0,0,0,0,0,0,0,0,0
2898,14,b57592670ada3d7d,2.703457,16.458525,1,14180,1,0,0,0,0,0,0,0,0,0,0,0,0,1
2899,14,82c8ed09c3d1bcdb,2.031006,19.322363,1,14032,1,1,0,0,1,0,0,0,0,0,0,0,0,1
2900,14,d2ff862e8986166a,1.527345,18.011194,1,13920,1,1,0,0,1,0,0,0,0,0,0,0,0,0
2901,14,8e17bbdf69a2aa4e,3.234744,17.009982,1,14184,2,0,0,0,0,0,0,0,0,0,0,0,0,1
2902,14,437b8ca3ca531f06,2.430142,19.736652,1,14034,1,1,0,0,1,0,0,0,0,0,0,0,0,1
2903,14,a22f62650dd954a5,1.825675,20.0,1,14020,1,1,0,0,1,0,0,0,0,0,0,0,0,1
2904,14,6ad897e4b2219839,2.417084,16.382704,0,14034,1,0,0,0,0,0,0,0,0,0,0,0,0,0
2905,14,6bbd9c57889ae6ef,1.815865,19.265402,1,14206,1,1,0,0,1,0,0,0,0,0,0,0,0,1
2906,14,94d112d30cc2efea,2.407845,14.473377,0,14312,1,0,0,0,0,0,0,0,0,0,0,0,0,0
2907,14,4607ae9561b5e4e6,1.810734,17.845189,1,14202,1,1,0,0,1,0,0,0,0,0,0,0,0,1
2908,14,9114ae85acb6aa3f,1.360337,20.0,1,14057,1,1,0,0,1,0,0,0,0,0,0,0,0,1
2909,14,5a9937d9f2a05e1e,2.065623,15.298796,0,13989,1,0,0,0,0,0,0,0,0,0,0,0,0,0
2910,14,4b72459104c41e8d,1.551826,18.451103,1,14192,1,1,0,0,1,0,0,0,0,0,0,0,0,1
2911,14,144c026651983cbd,1.166995,20.0,1,13960,1,1,0,0,1,0,0,0,0,0,0,0,0,1
2912,14,fc789012c38f333a,0.87672,19.132525,1,14127,1,1,0,0,1,0,0,0,0,0,0,0,0,0
2913,14,f01a6d43f91578f2,1.7023,17.852395,1,14033,2,1,0,0,0,0,0,0,0,0,0,0,0,1
2914,14,05ddf94578ae2098,2.324304,20.0,1,14043,1,0,0,0,1,0,0,0,0,0,0,0,0,1
2915,14,2370468175bcfc57,1.746163,20.0,1,14161,1,1,0,0,1,0,0,0,0,0,0,0,0,1
2916,14,2df5ee75166741ce,1.311827,20.0,1,14306,1,1,0,0,1,0,0,0,0,0,0,0,0,0
2917,14,e7b134331901b39d,2.02918,18.663221,1,14169,1,0,0,0,0,0,0,0,0,0,0,0,0,1
2918,14,b30871325d5dce1d,1.525972,17.51551,1,14227,1,1,0,0,1,0,0,0,0,0,0,0,0,0
2919,14,ac811a58ae6ad1ee,1.146406,20.0,1,14259,1,1,0,0,1,0,0,0,0,0,0,0,0,1
2920,14,3189fe7a0fae2e94,1.904905,18.591572,1,14226,2,1,0,0,0,0,0,0,0,0,0,0,0,1
2921,14,ebbf325497a30ed5,2.476666,20.0,1,14261,1,0,0,0,1,0,0,0,0,0,0,0,0,1
2922,14,df62b315a6716627,1.860627,20.0,1,14363,1,1,0,0,1,0,0,0,0,0,0,0,0,1
2923,14,8f3197fb29b5ebe8,1.397819,20.0,1,14367,1,1,0,0,1,0,0,0,0,0,0,0,0,0
2924,14,6535c686f8297d89,1.050129,20.0,1,14484,1,1,0,0,1,0,0,0,0,0,0,0,0,1
2925,14,a429eabbb15bb272,1.833863,20.0,1,14443,2,1,0,0,1,0,0,0,0,0,0,0,0,1
2926,14,5f89696cfb35a7a4,2.421366,20.0,1,14359,1,0,0,0,0,0,0,0,0,0,0,0,0,1
2927,14,12d7ddd7694bbed3,1.819082,19.519,1,14229,1,1,0,0,1,0,0,0,0,0,0,0,0,0
2928,14,5b739d7d171d752e,1.367975,20.0,1,14198,1,1,0,0,1,0,0,0,0,0,0,0,0,1
2929,14,061c0cc587c5d275,2.071362,19.735844,1,14088,2,1,0,0,0,0,0,0,0,0,0,0,0,1
2930,14,f0e155390a4199cf,2.59979,18.305647,1,14038,1,0,0,0,1,0,0,0,0,0,0,0,0,0
2931,14,9389e6c969a6df63,1.953125,20.0,1,14027,1,1,0,0,1,0,0,0,0,0,0,0,0,1
2932,14,75f5ef1736e58110,1.468778,19.054745,1,14167,1,1,0,0,1,0,0,0,0,0,0,0,0,0
2933,14,e0ae76a3f066076b,2.147091,17.793962,1,14002,1,0,0,0,0,0,0,0,0,0,0,0,0,1
2934,14,41b160f6a31b9cad,1.613029,16.846783,1,13984,1,1,0,0,1,0,0,0,0,0,0,0,0,0
2935,14,86d5b84071c92216,1.213021,16.149523,1,14208,1,1,0,0,0,0,0,0,0,0,0,0,0,1
2936,14,793ff2d8cc53da87,1.954951,15.611377,1,14343,1,0,0,0,1,0,0,0,0,0,0,0,0,0
2937,14,26e3755d243f7a43,1.468681,18.685933,1,14439,1,1,0,0,1,0,0,0,0,0,0,0,0,1
2938,14,8f16ee29de65fdfb,2.147019,20.0,1,14542,2,1,0,0,1,0,0,0,0,0,0,0,0,1
2939,14,0d8d2ee8d67fecb1,1.614589,20.0,1,14348,1,1,0,0,1,0,0,0,0,0,0,0,0,1
2940,14,426d9f406a297973,2.256634,20.0,1,14573,1,0,0,0,0,0,0,0,0,0,0,0,0,1
2941,14,44da05b37ee3b230,1.695324,18.932421,1,14641,1,1,0,0,1,0,0,0,0,0,0,0,0,0
2942,14,4f609a7224ffeb07,2.319059,20.0,1,14528,2,1,0,0,1,0,0,0,0,0,0,0,0,1
2943,14,df56fd91abf1e5c0,2.785875,19.40445,1,14701,1,0,0,0,0,0,0,0,0,0,0,0,0,1
2944,14,b94f2259f43489f5,2.092924,18.056683,1,14793,1,1,0,0,1,0,0,0,0,0,0,0,0,0
2945,14,c800fef2ef7d0d8b,2.615989,17.044155,1,14599,1,0,0,0,0,0,0,0,0,0,0,0,0,1
2946,14,e2f93aeb6912a92a,1.967261,16.297949,1,14592,1,1,0,0,1,0,0,0,0,0,0,0,0,0
2947,14,ddb79452fe718b0f,2.521583,19.201729,1,14939,2,1,0,0,1,0,0,0,0,0,0,0,0,1
2948,14,6f3a6211df293f73,2.938024,17.904386,1,14814,1,0,0,0,0,0,0,0,0,0,0,0,0,1
2949,14,2792be0f5f488460,2.209436,20.0,1,14567,1,1,0,0,1,0,0,0,0,0,0,0,0,1
2950,14,29ab8853c3b8b833,1.659867,18.823651,1,14706,1,1,0,0,1,0,0,0,0,0,0,0,0,0
2951,14,c18150e00b5a6196,1.246996,20.0,1,14864,1,1,0,0,1,0,0,0,0,0,0,0,0,1
2952,14,c6bb999728365f9d,1.980475,19.329881,1,14838,1,0,0,0,0,0,0,0,0,0,0,0,0,1
2953,14,86d44c7e3dc862d4,1.489345,18.016848,1,14568,1,1,0,0,1,0,0,0,0,0,0,0,0,0
2954,14,65db1870c61ac44c,1.118889,20.0,1,14681,1,1,0,0,1,0,0,0,0,0,0,0,0,1
2955,14,1bd8bc95a2e74076,1.884233,20.0,1,14653,2,1,0,0,1,0,0,0,0,0,0,0,0,1
2956,14,66e444d31237543a,1.41697,20.0,1,14454,1,1,0,0,1,0,0,0,0,0,0,0,0,0
2957,14,083929f1728e2e3f,1.064517,20.0,1,14431,1,1,0,0,1,0,0,0,0,0,0,0,0,1
2958,14,b8b8de59a45f75a1,1.843385,20.0,1,14430,1,0,0,0,0,0,0,0,0,0,0,0,0,1
2959,14,2ca76177b0dcbac0,1.384866,18.622641,1,14298,1,1,0,0,1,0,0,0,0,0,0,0,0,0
2960,14,31b790fb0b394e67,1.041439,20.0,1,14170,1,1,0,0,1,0,0,0,0,0,0,0,0,1
2961,14,d6edd737e89f7c4e,0.782394,20.0,1,14289,1,1,0,0,1,0,0,0,0,0,0,0,0,1
2962,14,e99b8dfa257dd66d,0.587784,20.0,1,14407,1,1,0,0,1,0,0,0,0,0,0,0,0,0
2963,14,604072e6f4b7228b,0.442022,20.0,1,14092,1,1,0,0,1,0,0,0,0,0,0,0,0,1
2964,14,bf8fb807718a26a5,0.332074,20.0,1,14234,1,1,0,0,1,0,0,0,0,0,0,0,0,0
2965,14,d43d58aa21b266a0,1.293128,18.738453,1,14207,1,0,0,0,0,0,0,0,0,0,0,0,0,1
2966,14,4ee8f94e2b4bc610,0.971479,17.556344,1,14078,1,1,0,0,1,0,0,0,0,0,0,0,0,0
2967,15,1fd48474a6be9a50,0.730566,20.0,1,14101,1,1,0,0,1,0,0,0,0,0,0,0,0,1
2968,15,40ab05863d40ab6a,1.5925,20.0,1,14035,2,1,0,0,1,0,0,0,0,0,0,0,0,1
2969,15,9fa3e60e300cac94,2.240039,20.0,1,14244,1,0,0,0,0,0,0,0,0,0,0,0,0,1
2970,15,9522afc9eb92ebd2,1.684542,18.585577,1,14105,1,1,0,0,1,0,0,0,0,0,0,0,0,0
2971,15,0fba0eaa5e567fe1,1.265533,20.0,1,14010,1,1,0,0,1,0,0,0,0,0,0,0,0,1
2972,15,8f9f8c22e25048df,1.994401,15.716668,0,13842,1,0,0,0,0,0,0,0,0,0,0,0,0,0
2973,15,025aca0c2fc547cd,1.498319,18.765034,1,13951,1,1,0,0,1,0,0,0,0,0,0,0,0,1
2974,15,ea7305c3d0c4eb0e,1.126757,17.592075,1,13970,1,1,0,0,1,0,0,0,0,0,0,0,0,0
2975,15,b3bc2710b036c5b2,0.846491,20.0,1,13894,1,1,0,0,1,0,0,0,0,0,0,0,0,1
2976,15,3c254a4fca255c07,1.67959,15.15594,0,14109,1,0,0,0,0,0,0,0,0,0,0,0,0,0
2977,15,7fb0256f65ce4ff6,1.263076,18.358486,1,14091,1,1,0,0,1,0,0,0,0,0,0,0,0,1
2978,15,a69e89495c03d18a,0.948902,20.0,1,14122,1,1,0,0,1,0,0,0,0,0,0,0,0,1
2979,15,ba87dd4319678e85,1.756528,15.588499,0,13837,1,0,0,0,0,0,0,0,0,0,0,0,0,0
2980,15,3e895dd2e76d3ae9,2.363267,18.668746,1,13825,2,1,0,0,1,0,0,0,0,0,0,0,0,1
2981,15,5bfa9aaebee05047,1.77721,20.0,1,13902,1,1,0,0,1,0,0,0,0,0,0,0,0,1
2982,15,ca3938afd42b6b51,2.378805,19.255484,1,14105,1,0,0,0,0,0,0,0,0,0,0,0,0,1
2983,15,3840b1179d01d5ca,0.743454,17.94477,1,13995,0,1,0,0,1,0,0,0,0,0,0,0,0,0
2984,15,3ad00a257add4750,1.603238,20.0,1,13945,2,1,0,0,1,0,0,0,0,0,0,0,0,1
2985,15,715e21df0f1ac6b8,1.204453,18.846467,1,13999,1,1,0,0,1,0,0,0,0,0,0,0,0,0
2986,15,ab882b57d80326bc,0.904861,20.0,1,14041,1,1,0,0,1,0,0,0,0,0,0,0,0,1
2987,15,de121b1615b372cf,1.723441,15.863913,0,14000,1,0,0,0,0,0,0,0,0,0,0,0,0,0
2988,15,0469b68beb7ba893,2.340203,18.890892,1,13828,2,1,0,0,1,0,0,0,0,0,0,0,0,1
2989,15,77ed09b9b5fdd2d5,1.758107,20.0,1,14166,1,1,0,0,1,0,0,0,0,0,0,0,0,1
2990,15,f528f75252723e1c,1.3208,19.367831,1,13855,1,1,0,0,1,0,0,0,0,0,0,0,0,0
2991,15,c2f4dc060312be30,2.037411,18.045387,1,13954,1,0,0,0,0,0,0,0,0,0,0,0,0,1
2992,15,f6d7570dbe7171fa,1.530631,17.035669,1,14051,1,1,0,0,1,0,0,0,0,0,0,0,0,0
2993,15,50afc0b225fbdddd,1.149906,19.75595,1,14098,1,1,0,0,1,0,0,0,0,0,0,0,0,1
2994,15,77cb534e4dd68f47,1.907534,20.0,1,14003,2,1,0,0,1,0,0,0,0,0,0,0,0,1
2995,15,03a072c123c7f460,2.478644,16.393607,0,13908,1,0,0,0,0,0,0,0,0,0,0,0,0,0
2996,15,40a0b4653c2b8b16,1.862112,19.273593,1,13837,1,1,0,0,1,0,0,0,0,0,0,0,0,1
2997,15,8ced9c6091029967,1.398935,17.958374,1,13988,1,1,0,0,1,0,0,0,0,0,0,0,0,0
2998,15,674cb12ba4ef8cda,1.052019,20.0,1,13840,1,1,0,0,1,0,0,0,0,0,0,0,0,1
2999,15,d57b64595e7c32ad,1.833996,15.375308,0,13938,1,0,0,0,0,0,0,0,0,0,0,0,0,0
3000,15,5b15648740495c29,2.421466,18.508583,1,13825,2,1,0,0,1,0,0,0,0,0,0,0,0,1
3001,15,d02881b065edd25a,1.819157,20.0,1,13874,1,1,0,0,1,0,0,0,0,0,0,0,0,1
3002,15,8c5cd90f2f3554f9,1.368032,20.0,1,14035,1,1,0,0,1,0,0,0,0,0,0,0,0,1
3003,15,125a99079cc63c13,2.071405,17.016021,0,14013,1,0,0,0,0,0,0,0,0,0,0,0,0,0
3004,15,cee6b3b43fe920fb,1.556169,19.74119,1,13897,1,1,0,0,1,0,0,0,0,0,0,0,0,1
3005,15,6bada9fe2074d6a7,1.170261,14.845656,0,13773,1,1,0,0,0,0,0,0,0,0,0,0,0,0
3006,15,38f85d6f46b140c3,2.96648,20.0,1,13861,2,0,0,0,1,0,0,0,0,0,0,0,0,2
3007,15,a99b557064d4186e,2.228606,19.698244,1,13810,1,1,0,0,1,0,0,0,0,0,0,0,0,0
3008,15,9ecd2712fd28056d,2.717921,18.277399,1,14026,1,0,0,0,0,0,0,0,0,0,0,0,0,1
3009,15,89ffbeb061e11906,2.043916,20.0,1,13837,1,1,0,0,1,0,0,0,0,0,0,0,0,1
3010,15,a7c6ed1d7669abc7,1.535517,19.034389,1,13665,1,1,0,0,1,0,0,0,0,0,0,0,0,0
3011,15,3c5e49259495a702,2.19723,17.778669,1,13724,1,0,0,0,0,0,0,0,0,0,0,0,0,1
3012,15,63474c69cea9e4c0,2.696499,20.0,1,13506,2,1,0,0,1,0,0,0,0,0,0,0,0,1
3013,15,502cf3540f440fbe,2.025779,15.273782,0,13435,1,1,0,0,0,0,0,0,0,0,0,0,0,0
3014,15,db8c39d1373b46de,2.565545,18.432311,1,13753,1,0,0,0,1,0,0,0,0,0,0,0,0,1
3015,15,b17313cb737f1e46,1.927398,17.32635,1,13675,1,1,0,0,1,0,0,0,0,0,0,0,0,0
3016,15,19c11f632c69c6c4,1.449431,19.990666,1,13724,1,1,0,0,1,0,0,0,0,0,0,0,0,1
3017,15,cbc36d5012b87d36,2.132557,15.01824,0,13601,1,0,0,0,0,0,0,0,0,0,0,0,0,0
3018,15,b799e14e5305a1e6,1.60211,18.240331,1,13518,1,1,0,0,1,0,0,0,0,0,0,0,0,1
3019,15,25fcaf4ca2336b70,1.20481,17.197491,1,13593,1,1,0,0,1,0,0,0,0,0,0,0,0,0
3020,15,34a01f1a926d62ee,1.948782,16.398676,1,13714,1,0,0,0,0,0,0,0,0,0,0,0,0,1
3021,15,e7131b20cedfd302,1.464047,19.277402,1,13630,1,1,0,0,1,0,0,0,0,0,0,0,0,1
3022,15,dac5bd03db63857b,2.143537,14.482391,0,13713,1,0,0,0,0,0,0,0,0,0,0,0,0,0
3023,15,43a7fa487e108dda,1.61197,17.851968,1,13631,1,1,0,0,1,0,0,0,0,0,0,0,0,1
3024,15,21142fb0a9b2eb84,2.254666,20.0,1,13981,2,1,0,0,1,0,0,0,0,0,0,0,0,1
3025,15,22d2dc4a6ea0e5a4,1.693847,20.0,1,14691,1,1,0,0,1,0,0,0,0,0,0,0,0,1
3026,15,6e004cff58a1b573,2.317947,20.0,1,14729,1,0,0,0,0,0,0,0,0,0,0,0,0,1
3027,15,ef8cd9766666d65a,1.741387,18.669805,1,15835,1,1,0,0,1,0,0,0,0,0,0,0,0,0
3028,15,d8ce71d66670d86e,1.308239,20.0,1,15908,1,1,0,0,1,0,0,0,0,0,0,0,0,1
3029,15,5f2a9542e98da3f4,2.026484,20.0,1,15276,2,1,0,0,1,0,0,0,0,0,0,0,0,1
3030,15,dbeb688fd72b339e,1.523945,17.087189,0,15042,1,1,0,0,0,0,0,0,0,0,0,0,0,0
3031,15,5de6d0c0c72d6e2f,2.188536,19.794655,1,14678,1,0,0,0,1,0,0,0,0,0,0,0,0,1
3032,15,03378377b90b7572,1.644166,20.0,1,14761,1,1,0,0,1,0,0,0,0,0,0,0,0,1
3033,15,84082a5cd95bdd8a,1.236436,19.895975,1,15158,1,1,0,0,1,0,0,0,0,0,0,0,0,0
3034,15,14223007fd6c0393,1.972541,20.0,1,15105,2,1,0,0,1,0,0,0,0,0,0,0,0,1
3035,15,668038cb2d01cc48,2.52555,19.935096,1,14934,1,0,0,0,0,0,0,0,0,0,0,0,0,1
3036,15,3e9d9382550212d4,1.897351,20.0,1,14858,1,1,0,0,1,0,0,0,0,0,0,0,0,1
3037,15,13706af309de365d,1.426835,20.0,1,14430,1,1,0,0,1,0,0,0,0,0,0,0,0,1
3038,15,21007bacaaf915ef,2.115581,17.621481,0,14299,1,0,0,0,0,0,0,0,0,0,0,0,0,0
3039,15,7f3a8422381d83f8,1.589357,20.0,1,13678,1,1,0,0,1,0,0,0,0,0,0,0,0,1
3040,15,791c0deb857f38af,1.195219,20.0,1,13581,1,1,0,0,1,0,0,0,0,0,0,0,0,1
3041,15,37a704e0b2bc36de,1.941577,20.0,1,13540,2,1,0,0,0,0,0,0,0,0,0,0,0,1
3042,15,58128419f046960f,2.502287,20.0,1,13743,1,0,0,0,1,0,0,0,0,0,0,0,0,1
3043,15,06a9f725091a8fde,1.879875,20.0,1,13758,1,1,0,0,1,0,0,0,0,0,0,0,0,0
3044,15,7c34306e5dcc6ea1,1.413693,20.0,1,13900,1,1,0,0,1,0,0,0,0,0,0,0,0,1
3045,15,32d96cdba0f5c9bd,2.105708,16.562984,0,13964,1,0,0,0,0,0,0,0,0,0,0,0,0,0
3046,15,e0359699e27890d7,1.58194,19.400839,1,13804,1,1,0,0,1,0,0,0,0,0,0,0,0,1
3047,15,3800620ed8469b87,2.233792,14.589708,0,13774,1,0,0,0,0,0,0,0,0,0,0,0,0,0
3048,15,ccb57bc635739759,2.721818,17.918391,1,13867,2,1,0,0,1,0,0,0,0,0,0,0,0,1
3049,15,21eec37f5be9e882,2.0448,16.940262,1,13833,1,1,0,0,0,0,0,0,0,0,0,0,0,1
3050,15,61e61485a76b2386,2.579835,19.684275,1,13837,1,0,0,0,1,0,0,0,0,0,0,0,0,1
3051,15,8a4afcfbd6566a4c,1.940073,18.283357,1,13794,1,1,0,0,1,0,0,0,0,0,0,0,0,0
3052,15,cdcb883470c001fa,2.501157,17.214447,1,13780,1,0,0,0,0,0,0,0,0,0,0,0,0,1
3053,15,56c639718db06aa8,1.879026,16.411415,1,13822,1,1,0,0,1,0,0,0,0,0,0,0,0,0
3054,15,3fc1c515ce24ca31,3.501355,15.82212,1,13702,2,0,0,0,0,0,0,0,0,0,0,0,0,1
3055,15,cd8012c2dd597409,2.630437,18.844256,1,13705,1,1,0,0,1,0,0,0,0,0,0,0,0,1
3056,15,09cfeb9a9909a9df,3.019803,17.63583,1,13857,1,0,0,0,0,0,0,0,0,0,0,0,0,1
3057,15,ba0eb5cfa90684ca,2.268665,16.727984,1,13729,1,1,0,0,1,0,0,0,0,0,0,0,0,0
3058,15,54cc31ce3b41f302,1.706068,16.060184,1,13704,1,1,0,0,0,0,0,0,0,0,0,0,0,1
3059,15,f7b9f8577c976078,2.325359,15.54426,1,13599,1,0,0,0,1,0,0,0,0,0,0,0,0,0
3060,15,e1dca6c9ba827098,0.703302,15.156666,1,13505,0,1,0,0,1,0,0,0,0,0,0,0,0,0
3061,15,459b2283334b652a,2.617194,14.878531,1,13570,2,0,0,0,0,0,0,0,0,0,0,0,0,1
3062,15,c6d7bc0c62737249,1.9662,18.135373,1,13707,1,1,0,0,1,0,0,0,0,0,0,0,0,1
3063,15,8e9f54945efe6f51,1.477133,17.103272,1,13586,1,1,0,0,1,0,0,0,0,0,0,0,0,0
3064,15,1570d2c8255f357e,1.109714,19.806738,1,13922,1,1,0,0,1,0,0,0,0,0,0,0,0,1
3065,15,15a41a30302924d5,1.878672,14.894949,0,13588,1,0,0,0,0,0,0,0,0,0,0,0,0,0
3066,15,e03d13f6db2fafe4,1.411376,18.147708,1,14981,1,1,0,0,1,0,0,0,0,0,0,0,0,1
3067,15,7b445bfe8606c025,1.060314,20.0,1,14935,1,1,0,0,1,0,0,0,0,0,0,0,0,1
3068,15,bb4e75ae2d42c9d9,0.797371,18.965516,1,14710,1,1,0,0,1,0,0,0,0,0,0,0,0,0
3069,15,c39bcf587bd7204d,2.686342,17.726927,1,15952,2,0,0,0,0,0,0,0,0,0,0,0,0,1
3070,15,9e8787f2b3ae748e,2.018148,20.0,1,16051,1,1,0,0,1,0,0,0,0,0,0,0,0,1
3071,15,bd85770e8cf72e14,1.516159,18.710895,1,15880,1,1,0,0,1,0,0,0,0,0,0,0,0,0
3072,15,ac8bd1951d545e47,1.140173,20.0,1,15679,1,1,0,0,1,0,0,0,0,0,0,0,0,1
3073,15,ace583561ef0057a,0.85657,20.0,1,15691,1,1,0,0,1,0,0,0,0,0,0,0,0,1
3074,15,20fb211f50fdb34f,0.643509,20.0,1,15414,1,1,0,0,1,0,0,0,0,0,0,0,0,0
3075,15,b9f1b35253411443,0.483928,18.954086,1,15606,1,1,0,0,0,0,0,0,0,0,0,0,0,1
3076,15,c811136815ce45f6,1.40721,17.718341,1,15350,1,0,0,0,1,0,0,0,0,0,0,0,0,0
3077,15,0e3e04007c6ca9ac,2.100838,20.0,1,15382,2,1,0,0,1,0,0,0,0,0,0,0,0,1
3078,15,2b1e7bfbcc593369,1.578281,20.0,1,15316,1,1,0,0,1,0,0,0,0,0,0,0,0,1
3079,15,ccb1f16f23afe350,1.18689,20.0,1,15305,1,1,0,0,1,0,0,0,0,0,0,0,0,1
3080,15,54ef4a352c0eeff9,0.891666,20.0,1,15349,1,1,0,0,1,0,0,0,0,0,0,0,0,0
3081,15,b09a26b2455e66f2,0.669875,19.437141,1,14660,1,1,0,0,0,0,0,0,0,0,0,0,0,1
3082,15,416c8404bdbc495c,2.592057,20.0,1,14005,2,0,0,0,1,0,0,0,0,0,0,0,0,1
3083,15,c4e064aac7f7d4dd,1.947315,19.689597,1,14093,1,1,0,0,1,0,0,0,0,0,0,0,0,0
3084,15,fd9ee34ddd68ef69,1.462945,20.0,1,13972,1,1,0,0,1,0,0,0,0,0,0,0,0,1
3085,15,9dead88d1c62fb5e,1.099056,19.818617,1,14103,1,1,0,0,1,0,0,0,0,0,0,0,0,0
3086,15,8599ce73076271fb,2.914807,18.384384,1,14046,2,0,0,0,0,0,0,0,0,0,0,0,0,1
3087,15,b090d1aa2066674d,2.189785,20.0,1,14070,1,1,0,0,1,0,0,0,0,0,0,0,0,1
3088,15,5dff536d40476d17,1.645104,19.08196,1,14099,1,1,0,0,1,0,0,0,0,0,0,0,0,0
3089,15,80a0023ee18c8a09,2.281292,17.830408,1,13974,1,0,0,0,0,0,0,0,0,0,0,0,0,1
3090,15,49d29a84ee54fe35,2.757503,20.0,1,14290,2,1,0,0,1,0,0,0,0,0,0,0,0,1
3091,15,3499199e5e901e82,2.071609,20.0,1,14070,1,1,0,0,1,0,0,0,0,0,0,0,0,1
3092,15,59a3dbd2d60eb725,2.599976,20.0,1,14230,1,0,0,0,0,0,0,0,0,0,0,0,0,1
3093,15,3d1be909c358c64e,1.955219,20.0,1,14058,1,1,0,0,1,0,0,0,0,0,0,0,0,1
3094,15,a846ec016aa1b72e,2.512536,20.0,1,14328,1,0,0,0,0,0,0,0,0,0,0,0,0,1
3095,15,fe20b35f9dfa53c7,2.931228,18.591733,1,14235,2,1,0,0,1,0,0,0,0,0,0,0,0,0
3096,15,805d63cbfb5d2e79,3.248476,17.46175,1,14105,1,0,0,0,0,0,0,0,0,0,0,0,0,1
3097,15,038ae13902d88473,2.440458,20.0,1,14426,1,1,0,0,1,0,0,0,0,0,0,0,0,1
3098,15,148ace24a496fcba,2.877078,18.561229,1,14387,1,0,0,0,0,0,0,0,0,0,0,0,0,1
3099,15,57be5de0b9e27a37,2.161441,17.423202,1,14407,1,1,0,0,1,0,0,0,0,0,0,0,0,0
3100,15,ba8fda7bf13a4311,1.625435,20.0,1,14704,1,1,0,0,1,0,0,0,0,0,0,0,0,1
3101,15,56897ab5b0bd8de4,3.308435,18.551802,1,14546,2,0,0,0,0,0,0,0,0,0,0,0,0,1
3102,15,3f7c2b2bd62673de,2.485504,20.0,1,14477,1,1,0,0,1,0,0,0,0,0,0,0,0,1
3103,15,fe65623477ac640e,1.869134,19.193813,1,14169,1,1,0,0,1,0,0,0,0,0,0,0,0,0
3104,15,f42d22f2d800fd8f,2.447864,17.898438,1,14303,1,0,0,0,0,0,0,0,0,0,0,0,0,1
3105,15,2bb4637e82e940d1,1.838989,16.925272,1,14192,1,1,0,0,1,0,0,0,0,0,0,0,0,0
3106,15,5fc0f1e339fdb7ef,1.381563,19.673013,1,14506,1,1,0,0,1,0,0,0,0,0,0,0,0,1
3107,15,ce83cb66a43427ae,1.038955,18.274888,1,14173,1,1,0,0,0,0,0,0,0,0,0,0,0,1
3108,15,352bbe27e246a412,1.824182,17.208085,1,14285,1,0,0,0,1,0,0,0,0,0,0,0,0,0
3109,15,3007bd0bd9d17000,1.37044,19.88548,1,17958,1,1,0,0,1,0,0,0,0,0,0,0,0,1
3110,15,f096d128564abd28,2.074741,20.0,1,17197,2,1,0,0,1,0,0,0,0,0,0,0,0,1
3111,15,1401a21573e2840d,2.602328,19.942891,1,17852,1,0,0,0,0,0,0,0,0,0,0,0,0,1
3112,15,943bdc8303d053ed,2.998685,20.0,1,17701,2,1,0,0,1,0,0,0,0,0,0,0,0,1
3113,15,a0c4dbeb118fe56e,2.2528,20.0,1,17415,1,1,0,0,1,0,0,0,0,0,0,0,0,1
3114,15,f924a3e491d9fb1a,2.738288,20.0,1,15928,2,1,0,0,1,0,0,0,0,0,0,0,0,1
3115,15,f675805ae37b3a36,2.057174,20.0,1,14257,1,1,0,0,1,0,0,0,0,0,0,0,0,1
3116,15,02f9ff4a30ae8a14,2.589131,20.0,1,14442,1,0,0,0,0,0,0,0,0,0,0,0,0,1
3117,15,fa68e0d8689dea18,1.947063,20.0,1,14276,1,1,0,0,1,0,0,0,0,0,0,0,0,0
3118,15,e39e68fe3ec3f606,2.506409,20.0,1,14587,2,1,0,0,1,0,0,0,0,0,0,0,0,1
3119,15,a6ae548ba0c30a6f,1.882972,20.0,1,14545,1,1,0,0,1,0,0,0,0,0,0,0,0,1
3120,15,ed7932b11ea03cc9,2.45826,20.0,1,14375,1,0,0,0,0,0,0,0,0,0,0,0,0,1
3121,15,eedd3568b933b4e3,1.848646,20.0,1,14627,1,1,0,0,1,0,0,0,0,0,0,0,0,1
3122,15,e43d8ede91f66ca7,1.388819,20.0,1,15418,1,1,0,0,1,0,0,0,0,0,0,0,0,0
3123,15,ccb456cb1e9abb40,1.043368,20.0,1,15381,1,1,0,0,1,0,0,0,0,0,0,0,0,1
3124,15,a6d0f36b3ac280c0,1.828778,20.0,1,15426,2,1,0,0,1,0,0,0,0,0,0,0,0,1
3125,15,c97570238b251a6b,1.373892,17.966268,0,15160,1,1,0,0,0,0,0,0,0,0,0,0,0,0
3126,15,0bc41efbdb44d63c,2.075807,20.0,1,16252,1,0,0,0,1,0,0,0,0,0,0,0,0,1
3127,15,dffe92475bee6de3,2.60313,20.0,1,16508,2,1,0,0,1,0,0,0,0,0,0,0,0,1
3128,15,259a9b23905cad13,1.957591,20.0,1,16325,1,1,0,0,1,0,0,0,0,0,0,0,0,1
3129,15,00f3872e5e664235,1.470665,20.0,1,16139,1,1,0,0,1,0,0,0,0,0,0,0,0,1
3130,15,389f1fcc64b09151,3.192162,20.0,1,16293,2,0,0,0,0,0,0,0,0,0,0,0,0,1
3131,15,8a4eaac021814533,2.400551,20.0,1,15914,1,1,0,0,1,0,0,0,0,0,0,0,0,0
3132,15,abcc760ce1543bd4,1.803445,20.0,1,16856,1,1,0,0,1,0,0,0,0,0,0,0,0,1
3133,15,c9f855a795cc6e7e,2.398514,20.0,1,16529,2,1,0,0,1,0,0,0,0,0,0,0,0,1
3134,15,831632d4be8045c4,2.845567,17.67974,0,16389,1,0,0,0,0,0,0,0,0,0,0,0,0,0
3135,15,0fd67acf47c249a9,2.139907,20.0,1,16304,1,1,0,0,1,0,0,0,0,0,0,0,0,1
3136,15,ef000335a7f2d146,1.607632,18.696736,1,16113,1,1,0,0,1,0,0,0,0,0,0,0,0,0
3137,15,840c33b66397ffa2,2.251407,17.525003,1,15992,1,0,0,0,0,0,0,0,0,0,0,0,0,1
3138,15,e6d1ead99b55320b,2.737241,20.0,1,15025,2,1,0,0,1,0,0,0,0,0,0,0,0,1
3139,15,aaf93df6c210670b,2.056387,20.0,1,14349,1,1,0,0,1,0,0,0,0,0,0,0,0,1
3140,15,6c7aa819fe4a3f21,2.58854,20.0,1,14629,1,0,0,0,0,0,0,0,0,0,0,0,0,1
3141,15,470598f10329b9c8,1.944673,18.558829,1,14759,1,1,0,0,1,0,0,0,0,0,0,0,0,0
3142,16,1fd48474a6be9a50,2.506572,20.0,1,13908,2,1,0,0,1,0,0,0,0,0,0,0,0,1
3143,16,40ab05863d40ab6a,1.883094,19.193386,1,14151,1,1,0,0,0,0,0,0,0,0,0,0,0,1
3144,16,9fa3e60e300cac94,2.458352,20.0,1,14226,1,0,0,0,1,0,0,0,0,0,0,0,0,1
3145,16,9522afc9eb92ebd2,1.848715,19.556282,1,14092,1,1,0,0,1,0,0,0,0,0,0,0,0,0
3146,16,0fba0eaa5e567fe1,1.388871,20.0,1,14109,1,1,0,0,1,0,0,0,0,0,0,0,0,1
3147,16,8f9f8c22e25048df,2.08706,16.26453,0,13826,1,0,0,0,0,0,0,0,0,0,0,0,0,0
3148,16,025aca0c2fc547cd,1.56793,19.176622,1,14082,1,1,0,0,1,0,0,0,0,0,0,0,0,1
3149,16,ea7305c3d0c4eb0e,1.179106,17.901595,1,13914,1,1,0,0,1,0,0,0,0,0,0,0,0,0
3150,16,b3bc2710b036c5b2,1.929472,16.927644,1,14012,1,0,0,0,0,0,0,0,0,0,0,0,0,1
3151,16,3c254a4fca255c07,1.44954,19.674795,1,13893,1,1,0,0,1,0,0,0,0,0,0,0,0,1
3152,16,7fb0256f65ce4ff6,2.134225,20.0,1,13967,2,1,0,0,1,0,0,0,0,0,0,0,0,1
3153,16,a69e89495c03d18a,1.603364,19.823862,1,14069,1,1,0,0,1,0,0,0,0,0,0,0,0,0
3154,16,ba87dd4319678e85,1.204547,18.371771,1,13911,1,1,0,0,0,0,0,0,0,0,0,0,0,1
3155,16,3e895dd2e76d3ae9,1.948585,17.280869,1,13964,1,0,0,0,1,0,0,0,0,0,0,0,0,0
3156,16,5bfa9aaebee05047,1.465363,19.956463,1,13947,1,1,0,0,1,0,0,0,0,0,0,0,0,1
3157,16,ca3938afd42b6b51,1.100873,20.0,1,13969,1,1,0,0,1,0,0,0,0,0,0,0,0,1
3158,16,3840b1179d01d5ca,1.870698,16.49039,0,14005,1,0,0,0,0,0,0,0,0,0,0,0,0,0
3159,16,3ad00a257add4750,2.450942,19.362012,1,13977,2,1,0,0,1,0,0,0,0,0,0,0,0,1
3160,16,715e21df0f1ac6b8,1.841301,20.0,1,13955,1,1,0,0,1,0,0,0,0,0,0,0,0,1
3161,16,ab882b57d80326bc,1.383301,19.633729,1,14125,1,1,0,0,0,0,0,0,0,0,0,0,0,1
3162,16,de121b1615b372cf,2.082875,20.0,1,14050,1,0,0,0,1,0,0,0,0,0,0,0,0,1
3163,16,0469b68beb7ba893,1.566352,19.805058,1,13811,1,1,0,0,1,0,0,0,0,0,0,0,0,0
3164,16,77ed09b9b5fdd2d5,1.176742,20.0,1,14009,1,1,0,0,1,0,0,0,0,0,0,0,0,1
3165,16,f528f75252723e1c,1.927695,19.883782,1,13988,1,0,0,0,0,0,0,0,0,0,0,0,0,1
3166,16,c2f4dc060312be30,2.493805,20.0,1,13788,2,1,0,0,1,0,0,0,0,0,0,0,0,1
3167,16,f6d7570dbe7171fa,1.873502,20.0,1,13944,1,1,0,0,1,0,0,0,0,0,0,0,0,1
3168,16,50afc0b225fbdddd,1.407492,20.0,1,14134,1,1,0,0,1,0,0,0,0,0,0,0,0,0
3169,16,77cb534e4dd68f47,2.10105,19.310952,1,14101,1,0,0,0,0,0,0,0,0,0,0,0,0,1
3170,16,03a072c123c7f460,1.580019,20.0,1,13841,1,1,0,0,1,0,0,0,0,0,0,0,0,1
3171,16,40a0b4653c2b8b16,2.230663,20.0,1,14007,2,1,0,0,1,0,0,0,0,0,0,0,0,1
3172,16,8ced9c6091029967,1.675814,20.0,1,14051,1,1,0,0,1,0,0,0,0,0,0,0,0,1
3173,16,f446b42f744adfb3,2.304386,18.281252,0,13949,1,0,0,0,0,0,0,0,0,0,0,0,0,0
3174,16,ffdd19bd8ebe00f5,1.731199,20.0,1,13767,1,1,0,0,1,0,0,0,0,0,0,0,0,1
3175,16,b9666f9e7129180f,1.300585,20.0,1,13751,1,1,0,0,1,0,0,0,0,0,0,0,0,1
3176,16,826bb28746b5aff3,3.064388,20.0,1,13972,2,0,0,0,0,0,0,0,0,0,0,0,0,1
3177,16,3c2e28f559cf9803,2.304463,18.809714,1,13922,1,1,0,0,1,0,0,0,0,0,0,0,0,0
3178,16,f896a9eeacd54b0b,1.731257,20.0,1,13974,1,1,0,0,1,0,0,0,0,0,0,0,0,1
3179,16,7e91fafbe2aeffcf,2.344282,15.84317,0,13820,1,0,0,0,0,0,0,0,0,0,0,0,0,0
3180,16,23f5c9c20ef02c3c,1.762934,18.875293,1,13882,1,1,0,0,1,0,0,0,0,0,0,0,0,1
3181,16,9d0a03a46f7fd20e,1.324426,17.659147,1,13990,1,1,0,0,1,0,0,0,0,0,0,0,0,0
3182,16,5056e413ae2ebdf0,2.038645,16.745501,1,13917,1,0,0,0,0,0,0,0,0,0,0,0,0,1
3183,16,b775466fa0289f2b,2.575211,19.537958,1,13934,2,1,0,0,1,0,0,0,0,0,0,0,0,1
3184,16,6f4f567e5c6b8e3b,1.936596,18.173325,1,13892,1,1,0,0,0,0,0,0,0,0,0,0,0,1
3185,16,16b00bbf7832de8e,2.498545,17.131784,1,13894,1,0,0,0,1,0,0,0,0,0,0,0,0,0
3186,16,eeaf163d875ae366,1.877064,19.828158,1,13941,1,1,0,0,1,0,0,0,0,0,0,0,0,1
3187,16,5bfc1ccc40285748,1.411579,14.911057,0,13526,1,1,0,0,0,0,0,0,0,0,0,0,0,0
3188,16,80df90f9e2b88b1a,2.10412,18.159809,1,13819,1,0,0,0,1,0,0,0,0,0,0,0,0,1
3189,16,0d5de1f2b9e4d1d0,1.580746,17.12163,1,13943,1,1,0,0,1,0,0,0,0,0,0,0,0,0
3190,16,0e8463cb0cb91196,1.187556,16.341685,1,13853,1,1,0,0,0,0,0,0,0,0,0,0,0,1
3191,16,175b64759bdce0b6,1.937209,15.769682,1,13839,1,0,0,0,1,0,0,0,0,0,0,0,0,0
3192,16,85a86af45c9b4375,1.455353,18.804862,1,13773,1,1,0,0,1,0,0,0,0,0,0,0,0,1
3193,16,6a8f80fa2f22e0af,1.093352,17.606234,1,13903,1,1,0,0,1,0,0,0,0,0,0,0,0,0
3194,16,2d0439d833f0e29e,0.822216,20.0,1,13775,1,1,0,0,1,0,0,0,0,0,0,0,0,1
3195,16,0602be642191006c,0.6177,15.176363,0,13853,1,1,0,0,0,0,0,0,0,0,0,0,0,0
3196,16,3f5bb5e574555075,1.507709,18.359123,1,13889,1,0,0,0,1,0,0,0,0,0,0,0,0,1
3197,16,12459c354315abb2,1.132685,17.271367,1,13962,1,1,0,0,1,0,0,0,0,0,0,0,0,0
3198,16,76647cf605cb42c1,1.895946,16.468816,1,14091,1,0,0,0,0,0,0,0,0,0,0,0,0,1
3199,16,d46d747cb5ad305b,1.424353,15.851251,1,14303,1,1,0,0,1,0,0,0,0,0,0,0,0,0
3200,16,8190a794178db729,1.070063,18.866141,1,14379,1,1,0,0,1,0,0,0,0,0,0,0,0,1
3201,16,b19e174a187f6522,0.804703,17.668109,1,14291,1,1,0,0,1,0,0,0,0,0,0,0,0,0
3202,16,3c7e33bbe18d0697,1.648197,16.752234,1,15138,1,0,0,0,0,0,0,0,0,0,0,0,0,1
3203,16,2c53cd7b3e3c9d33,1.238228,16.064172,1,15719,1,1,0,0,1,0,0,0,0,0,0,0,0,0
3204,16,7af1ae3630f1fca0,0.930235,19.026101,1,15606,1,1,0,0,1,0,0,0,0,0,0,0,0,1
3205,16,cac42ec0c0a0a276,1.7437,17.788401,1,15785,2,1,0,0,0,0,0,0,0,0,0,0,0,1
3206,16,4655d56bbed133f7,2.35363,20.0,1,15702,1,0,0,0,1,0,0,0,0,0,0,0,0,1
3207,16,33f293def37d0b11,1.768194,20.0,1,15956,1,1,0,0,1,0,0,0,0,0,0,0,0,1
3208,16,52cb31545891f93b,2.373858,20.0,1,16210,2,1,0,0,1,0,0,0,0,0,0,0,0,1
3209,16,facdbe30f468fd73,1.783391,17.785462,0,16054,1,1,0,0,0,0,0,0,0,0,0,0,0,0
3210,16,83c713bcef5eb287,3.427101,20.0,1,15771,2,0,0,0,1,0,0,0,0,0,0,0,0,1
3211,16,6621a1c0595f7288,2.574653,20.0,1,15982,1,1,0,0,1,0,0,0,0,0,0,0,0,1
3212,16,886886b92d82b51f,1.936176,20.0,1,15646,1,1,0,0,0,0,0,0,0,0,0,0,0,1
3213,16,b0dfbbb5fb56420e,3.541883,20.0,1,15900,2,0,0,0,1,0,0,0,0,0,0,0,0,1
3214,16,5835e4f1b2ff916f,2.660885,20.0,1,14669,1,1,0,0,1,0,0,0,0,0,0,0,0,1
3215,16,220cb56b1ed34baf,3.045174,20.0,1,13624,2,1,0,0,1,0,0,0,0,0,0,0,0,1
3216,16,0d5a582bcc77719e,2.287725,18.551987,0,13839,1,1,0,0,0,0,0,0,0,0,0,0,0,0
3217,16,091a9d9146c3d469,2.762336,20.0,1,13959,1,0,0,0,1,0,0,0,0,0,0,0,0,1
3218,16,06dd375cc76bd6b1,2.07524,19.176554,1,14060,1,1,0,0,1,0,0,0,0,0,0,0,0,0
3219,16,f7a567ab5c7b1181,1.56061,20.0,1,13868,1,1,0,0,1,0,0,0,0,0,0,0,0,1
3220,16,c82e482e237d3500,1.172428,19.542376,1,14157,1,1,0,0,1,0,0,0,0,0,0,0,0,0
3221,16,57f7b78afe3fd5e5,1.924454,18.160301,1,14029,1,0,0,0,0,0,0,0,0,0,0,0,0,1
3222,16,23e30ccd1ad72704,2.491368,20.0,1,13933,2,1,0,0,1,0,0,0,0,0,0,0,0,1
3223,16,9394c5a40e9ca133,2.915325,18.968233,1,14127,1,0,0,0,0,0,0,0,0,0,0,0,0,1
3224,16,ae433f3eff5f9b97,2.190175,17.728969,1,14091,1,1,0,0,1,0,0,0,0,0,0,0,0,0
3225,16,352e8ad80db98458,1.645396,20.0,1,14072,1,1,0,0,1,0,0,0,0,0,0,0,0,1
3226,16,6362bc5a97284856,2.281512,18.728945,1,14066,1,0,0,0,0,0,0,0,0,0,0,0,0,1
3227,16,56060daa06a6c497,1.714015,17.549201,1,14054,1,1,0,0,1,0,0,0,0,0,0,0,0,0
3228,16,5d3490b46de9339b,2.331328,16.662903,1,14072,1,0,0,0,0,0,0,0,0,0,0,0,0,1
3229,16,118be8bdc96ac01d,1.753192,19.491744,1,14247,1,1,0,0,1,0,0,0,0,0,0,0,0,1
3230,16,3cc4cac73c71ac36,2.360761,20.0,1,14070,2,1,0,0,1,0,0,0,0,0,0,0,0,1
3231,16,c1f41b7c4c6141b3,2.817205,19.706949,1,14173,1,0,0,0,0,0,0,0,0,0,0,0,0,1
3232,16,61462c98d01b157f,2.116461,18.283939,1,13782,1,1,0,0,1,0,0,0,0,0,0,0,0,0
3233,16,cf667c2c5bf4a563,1.591609,20.0,1,13807,1,1,0,0,1,0,0,0,0,0,0,0,0,1
3234,16,08b585f5cf5062fc,2.239369,15.559239,0,14124,1,0,0,0,0,0,0,0,0,0,0,0,0,0
3235,16,000e37f8f334762a,1.682355,18.646764,1,14022,1,1,0,0,1,0,0,0,0,0,0,0,0,1
3236,16,7a6162f19d37746b,1.265155,17.503134,1,13865,1,1,0,0,1,0,0,0,0,0,0,0,0,0
3237,16,d0c3193b05de97b1,0.950463,16.628295,1,13915,1,1,0,0,0,0,0,0,0,0,0,0,0,1
3238,16,dfd3db0a3d191df9,1.757701,19.449905,1,13901,1,0,0,0,1,0,0,0,0,0,0,0,0,1
3239,16,6bd21846073229a7,1.320495,18.090831,1,13938,1,1,0,0,1,0,0,0,0,0,0,0,0,0
3240,16,8494e6cba9a2386d,0.993031,20.0,1,14587,1,1,0,0,1,0,0,0,0,0,0,0,0,1
3241,16,31ea939c01fbf832,1.78968,15.450141,0,14522,1,0,0,0,0,0,0,0,0,0,0,0,0,0
3242,16,00b057c7bf484efc,1.34452,18.564803,1,14515,1,1,0,0,1,0,0,0,0,0,0,0,0,1
3243,16,6c74232714346fd9,2.055249,20.0,1,14381,2,1,0,0,1,0,0,0,0,0,0,0,0,1
3244,16,28b6821c22e6acb8,1.544032,19.196761,1,15457,1,1,0,0,1,0,0,0,0,0,0,0,0,0
3245,16,1ce4f7426bde3dbc,1.159973,20.0,1,15623,1,1,0,0,1,0,0,0,0,0,0,0,0,1
3246,16,732ae6e380a9724d,0.871444,19.540462,1,15395,1,1,0,0,1,0,0,0,0,0,0,0,0,0
3247,16,83d44b7fad1e05a7,0.655339,18.175208,1,15081,1,1,0,0,0,0,0,0,0,0,0,0,0,1
3248,16,ae7c44907a206199,1.535985,17.133199,1,15149,1,0,0,0,1,0,0,0,0,0,0,0,0,0
3249,16,f2d7a54f6ac57ceb,1.153928,19.829221,1,15017,1,1,0,0,1,0,0,0,0,0,0,0,0,1
3250,16,008f1f0d3938fc11,1.911921,20.0,1,14820,2,1,0,0,1,0,0,0,0,0,0,0,0,1
3251,16,ce075e63b4d5199d,1.436355,19.911106,1,14562,1,1,0,0,1,0,0,0,0,0,0,0,0,0
3252,16,eb84e5f5b0c515a2,1.07908,20.0,1,14613,1,1,0,0,1,0,0,0,0,0,0,0,0,1
3253,16,d7badffdd97ca8fd,0.810672,20.0,1,14487,1,1,0,0,1,0,0,0,0,0,0,0,0,1
3254,16,ef4e161b0030db84,0.609637,20.0,1,14377,1,1,0,0,1,0,0,0,0,0,0,0,0,0
3255,16,5a3fa6433188b2f3,0.457997,20.0,1,14301,1,1,0,0,1,0,0,0,0,0,0,0,0,1
3256,16,795cf05ca80f081b,0.344076,17.132716,0,13969,1,1,0,0,0,0,0,0,0,0,0,0,0,0
3257,16,70004bace7917e73,2.347051,19.84505,1,13578,2,0,0,0,1,0,0,0,0,0,0,0,0,1
3258,16,3636c428841ccfa7,1.763252,20.0,1,13730,1,1,0,0,1,0,0,0,0,0,0,0,0,1
3259,16,0bd22a5ed0072594,1.324665,20.0,1,13856,1,1,0,0,1,0,0,0,0,0,0,0,0,1
3260,16,6f5036279656c888,0.995171,20.0,1,14056,1,1,0,0,1,0,0,0,0,0,0,0,0,1
3261,16,47b0260b367fbd4e,1.792534,18.443987,0,13784,1,0,0,0,0,0,0,0,0,0,0,0,0,0
3262,16,01cc91b5b9bf80c4,1.346664,20.0,1,13957,1,1,0,0,1,0,0,0,0,0,0,0,0,1
3263,16,cd9b31202705e029,2.055351,20.0,1,13855,2,1,0,0,1,0,0,0,0,0,0,0,0,1
3264,16,1346e1ed0b99c6ec,2.589804,16.991344,0,13802,1,0,0,0,0,0,0,0,0,0,0,0,0,0
3265,16,38f2b971cef58a66,1.945623,19.722651,1,13843,1,1,0,0,1,0,0,0,0,0,0,0,0,1
3266,16,c7f679fcbfec232e,1.461674,18.295735,1,13867,1,1,0,0,1,0,0,0,0,0,0,0,0,0
3267,16,cc5282ff2d68e2a2,1.098101,20.0,1,13812,1,1,0,0,1,0,0,0,0,0,0,0,0,1
3268,16,a1306249f2a23df6,1.869938,15.568643,0,13755,1,0,0,0,0,0,0,0,0,0,0,0,0,0
3269,16,091dadeaae388c28,1.404815,18.653829,1,13945,1,1,0,0,1,0,0,0,0,0,0,0,0,1
3270,16,6ccc3c82d360b3f5,3.142691,17.492769,1,13832,2,0,0,0,0,0,0,0,0,0,0,0,0,1
3271,16,b9d7e54cd91a1332,2.363349,16.635313,1,13891,1,1,0,0,1,0,0,0,0,0,0,0,0,0
3272,16,409cc6fd061ce55d,1.775496,15.976333,1,13953,1,1,0,0,0,0,0,0,0,0,0,0,0,1
3273,16,4efc0f22aa649c74,2.377517,18.960111,1,14021,1,0,0,0,1,0,0,0,0,0,0,0,0,1
3274,16,4f2aca31b26e447e,1.786139,20.0,1,13858,1,1,0,0,1,0,0,0,0,0,0,0,0,1
3275,16,15371138c4f8d256,2.387353,19.424491,1,13721,2,1,0,0,1,0,0,0,0,0,0,0,0,0
3276,16,e919c07ca7d67b2a,1.793529,14.592894,0,13660,0,0,0,0,0,0,0,0,0,0,0,0,0,0
3277,16,32b04373210d6c1d,2.391065,17.920785,1,14229,2,1,0,0,1,0,0,0,0,0,0,0,0,1
3278,16,26ebf931a81a676a,1.798115,20.0,1,14182,1,1,0,0,1,0,0,0,0,0,0,0,0,1
3279,16,06ff328523a838bb,2.39451,18.832916,1,13951,1,0,0,0,0,0,0,0,0,0,0,0,0,1
3280,16,de8af9bad12f2381,1.798906,17.62731,1,13938,1,1,0,0,1,0,0,0,0,0,0,0,0,0
3281,16,59ec845cc2239284,1.351451,20.0,1,13919,1,1,0,0,1,0,0,0,0,0,0,0,0,1
3282,16,49bf43a07574dc24,1.01631,20.0,1,13747,1,1,0,0,1,0,0,0,0,0,0,0,0,1
3283,16,7689b4cf7f6b6415,1.807169,16.64198,0,13890,1,0,0,0,0,0,0,0,0,0,0,0,0,0
3284,16,db688125e90c90ba,2.401312,19.460186,1,14048,2,1,0,0,1,0,0,0,0,0,0,0,0,1
3285,16,881a8b9e79cc061a,1.805821,20.0,1,13939,1,1,0,0,1,0,0,0,0,0,0,0,0,1
3286,16,deff12c5efbe17b6,1.356646,20.0,1,14034,1,1,0,0,1,0,0,0,0,0,0,0,0,1
3287,16,724c422827a739cd,2.062851,20.0,1,14172,1,0,0,0,0,0,0,0,0,0,0,0,0,1
3288,16,1f225749f4be08df,1.549742,19.175883,1,14028,1,1,0,0,1,0,0,0,0,0,0,0,0,0
3289,16,a84d416f467be0c8,1.165428,20.0,1,14086,1,1,0,0,1,0,0,0,0,0,0,0,0,1
3290,16,5f2a6e4b75108f71,0.875543,20.0,1,14066,1,1,0,0,1,0,0,0,0,0,0,0,0,1
3291,16,623c767d4fecea80,2.745069,20.0,1,13900,2,0,0,0,0,0,0,0,0,0,0,0,0,1
3292,16,7b48e568d9669346,2.064331,19.102501,1,13969,1,1,0,0,1,0,0,0,0,0,0,0,0,0
3293,16,96e98ba509829fc0,1.550855,20.0,1,14189,1,1,0,0,1,0,0,0,0,0,0,0,0,1
3294,16,1b3ebc89cc76cbe1,1.165099,19.487262,1,14308,1,1,0,0,1,0,0,0,0,0,0,0,0,0
3295,16,96ac19c0edcc11cb,1.918949,18.118896,1,14375,1,0,0,0,0,0,0,0,0,0,0,0,0,1
3296,16,a6532a4f8cdf8022,2.487227,20.0,1,14476,2,1,0,0,1,0,0,0,0,0,0,0,0,1
3297,16,a021e2a50b6e5e91,1.868561,20.0,1,14464,1,1,0,0,1,0,0,0,0,0,0,0,0,1
3298,16,c7b5a55256bc54ed,1.40378,20.0,1,14505,1,1,0,0,1,0,0,0,0,0,0,0,0,1
3299,16,35321beaf18f28d8,2.099813,17.900771,0,14785,1,0,0,0,0,0,0,0,0,0,0,0,0,0
3300,16,689b5c51dabc8a0c,1.577511,20.0,1,14978,1,1,0,0,1,0,0,0,0,0,0,0,0,1
3301,16,d7f732a78b6a3ebe,1.185125,20.0,1,14974,1,1,0,0,1,0,0,0,0,0,0,0,0,1
3302,16,fb782a560845ec09,2.977647,20.0,1,14979,2,0,0,0,0,0,0,0,0,0,0,0,0,1
3303,16,dd4f7962bcdf3b11,2.239233,20.0,1,15015,1,1,0,0,1,0,0,0,0,0,0,0,0,1
3304,16,fa90016fc7aba3c4,2.725905,20.0,1,15226,2,1,0,0,1,0,0,0,0,0,0,0,0,1
3305,16,17b9069ddeea6cdc,3.091524,17.739077,0,14404,1,0,0,0,0,0,0,0,0,0,0,0,0,0
3306,16,e6ed288f41b5e849,2.32487,20.0,1,14152,1,1,0,0,1,0,0,0,0,0,0,0,0,1
3307,16,eb4a93c16b3b0e7b,1.746588,18.730259,1,14323,1,1,0,0,1,0,0,0,0,0,0,0,0,0
3308,16,2d07c2b806e53028,2.3558,20.0,1,14150,2,1,0,0,1,0,0,0,0,0,0,0,0,1
3309,16,500248b0fcd9b162,1.769824,20.0,1,14232,1,1,0,0,1,0,0,0,0,0,0,0,0,1
3310,16,e5d67d33877fd5dd,2.375084,20.0,1,14191,1,0,0,0,0,0,0,0,0,0,0,0,0,1
3311,16,abbda619226728fe,1.784311,20.0,1,14165,1,1,0,0,1,0,0,0,0,0,0,0,0,1
3312,16,6987b8f5e24123bc,1.340487,20.0,1,14234,1,1,0,0,1,0,0,0,0,0,0,0,0,0
3313,16,187fec932b4781c0,2.052215,18.767966,1,14078,1,0,0,0,0,0,0,0,0,0,0,0,0,1
3314,16,84263feb056c1724,1.541753,17.578516,1,13892,1,1,0,0,1,0,0,0,0,0,0,0,0,0
3315,16,4af362e4c4d3ec1b,2.201915,16.684927,1,13877,1,0,0,0,0,0,0,0,0,0,0,0,0,1
3316,16,e0a181c970565c4a,1.654216,16.013606,1,14090,1,1,0,0,1,0,0,0,0,0,0,0,0,0
3317,16,0f37c7d728814bed,2.288145,19.003463,1,13972,2,1,0,0,1,0,0,0,0,0,0,0,0,1
3318,16,6c5790ab123ea94a,2.762651,17.755436,1,13919,1,0,0,0,0,0,0,0,0,0,0,0,0,1
3319,16,eb21b1dd2cca03aa,2.075476,20.0,1,13582,1,1,0,0,1,0,0,0,0,0,0,0,0,1
3320,16,321d4d19d4fc3111,1.560788,20.0,1,13547,1,1,0,0,1,0,0,0,0,0,0,0,0,1
3321,16,3f078cfe44769846,2.216215,16.69636,0,13802,1,0,0,0,0,0,0,0,0,0,0,0,0,0
3322,16,de6c5a97142e81b2,1.664959,19.501041,1,13993,1,1,0,0,1,0,0,0,0,0,0,0,0,1
3323,16,d08e8df9801b02e7,1.250822,18.129247,1,14155,1,1,0,0,1,0,0,0,0,0,0,0,0,0
3324,16,19d01d93e94d778c,3.028937,17.113954,1,14097,2,0,0,0,0,0,0,0,0,0,0,0,0,1
3325,16,a8f4a03f4273cf16,2.275527,19.814763,1,14138,1,1,0,0,1,0,0,0,0,0,0,0,0,1
3326,16,0b50e9d299d4859e,1.709518,18.364935,1,14069,1,1,0,0,1,0,0,0,0,0,0,0,0,0
3327,16,b4c4b48da47bdca1,1.285582,20.0,1,14030,1,1,0,0,1,0,0,0,0,0,0,0,0,1
3328,16,1e6e79342fbf406a,2.009463,15.604999,0,14155,1,0,0,0,0,0,0,0,0,0,0,0,0,0
3329,16,eec8a198b383fbd0,1.509635,18.681141,1,13986,1,1,0,0,1,0,0,0,0,0,0,0,0,1
3330,16,00206254773748e8,1.134132,20.0,1,14141,1,1,0,0,1,0,0,0,0,0,0,0,0,1
3331,16,36bdd59f11bd6bde,0.852883,19.266884,1,14010,1,1,0,0,1,0,0,0,0,0,0,0,0,0
3332,16,9f1b1b9ca333f6ab,0.640739,17.953334,1,14056,1,1,0,0,0,0,0,0,0,0,0,0,0,1
3333,16,a1321b3aeee1c905,1.525017,16.966514,1,14112,1,0,0,0,1,0,0,0,0,0,0,0,0,0
3334,16,5eca1b200874ca10,1.146834,19.720063,1,14058,1,1,0,0,1,0,0,0,0,0,0,0,0,1
3335,16,d9d2f6ca4b1b0691,0.861574,18.293791,1,13881,1,1,0,0,1,0,0,0,0,0,0,0,0,0
3336,16,a5a167f383d4b00a,0.647268,17.222286,1,13983,1,1,0,0,0,0,0,0,0,0,0,0,0,1
3337,16,a67107297767a660,1.529922,19.896149,1,13986,1,0,0,0,1,0,0,0,0,0,0,0,0,1
3338,16,8f1a9aef80b38075,2.194674,20.0,1,13832,2,1,0,0,1,0,0,0,0,0,0,0,0,1
3339,16,73bce97bd8458e4c,1.648776,20.0,1,13908,1,1,0,0,1,0,0,0,0,0,0,0,0,1
3340,16,2818efdf46f634fb,1.238664,17.600402,0,13948,1,1,0,0,0,0,0,0,0,0,0,0,0,0
3341,16,2c5d3db2a6f1fd6a,1.975643,20.0,1,13806,1,0,0,0,1,0,0,0,0,0,0,0,0,1
3342,16,d61c90d371b2961b,1.484227,20.0,1,13887,1,1,0,0,1,0,0,0,0,0,0,0,0,1
3343,16,48874c556967f4b7,1.115044,20.0,1,13674,1,1,0,0,1,0,0,0,0,0,0,0,0,0
3344,16,235072f78ffb0663,1.881344,18.582871,1,13811,1,0,0,0,0,0,0,0,0,0,0,0,0,1
3345,16,44227b6b9d019ca6,2.458948,20.0,1,13538,2,1,0,0,1,0,0,0,0,0,0,0,0,1
3346,16,05085145a9e51bc6,1.847316,19.206968,1,13377,1,1,0,0,1,0,0,0,0,0,0,0,0,0
3347,16,00084a93917fd777,1.387819,20.0,1,13466,1,1,0,0,1,0,0,0,0,0,0,0,0,1
3348,16,2d0dc63b06cdc1a8,2.087811,16.083454,0,13418,1,0,0,0,0,0,0,0,0,0,0,0,0,0
3349,16,114bf1a664ee8b6f,1.568494,19.040587,1,13812,1,1,0,0,1,0,0,0,0,0,0,0,0,1
3350,16,b4c9fbc91682856f,2.222004,14.304481,0,13954,1,0,0,0,0,0,0,0,0,0,0,0,0,0
3351,16,155a3abeacde9e09,1.669309,17.704111,1,13651,1,1,0,0,1,0,0,0,0,0,0,0,0,1
3352,16,f1754adbd489b9f4,1.255344,16.794245,1,13859,1,1,0,0,1,0,0,0,0,0,0,0,0,0
3353,16,a739cbf0fe867b15,0.943093,19.574578,1,13800,1,1,0,0,1,0,0,0,0,0,0,0,0,1
3354,16,180ab9ae04218312,1.752164,18.184493,1,13797,1,0,0,0,0,0,0,0,0,0,0,0,0,1
3355,16,44795c756c5ea0a3,1.317652,17.1555,1,13726,1,1,0,0,1,0,0,0,0,0,0,0,0,0
3356,16,2fe37092ebd6db90,0.989903,19.845975,1,13588,1,1,0,0,1,0,0,0,0,0,0,0,0,1
3357,16,34e9c05b2a8d8d61,1.78733,20.0,1,13940,2,1,0,0,1,0,0,0,0,0,0,0,0,1
3358,16,5d9e38c23d0d3243,2.386408,16.428031,0,13689,1,0,0,0,0,0,0,0,0,0,0,0,0,0
3359,16,4d0b5108496b3168,1.794613,19.315117,1,13667,1,1,0,0,1,0,0,0,0,0,0,0,0,1
3360,16,d8ea4063f7f848f2,1.348225,20.0,1,13777,1,1,0,0,1,0,0,0,0,0,0,0,0,1
3361,16,c13d0f69e39bb6d1,1.012871,16.128417,0,13602,1,1,0,0,0,0,0,0,0,0,0,0,0,0
3362,16,3df3faa1cfcbba70,1.805844,19.089803,1,13480,1,0,0,0,1,0,0,0,0,0,0,0,0,1
3363,16,3e93e7d8819e0cb9,1.356663,17.8203,1,13479,1,1,0,0,1,0,0,0,0,0,0,0,0,0
3364,16,94f427be4ae751b1,2.062864,16.86657,1,13352,1,0,0,0,0,0,0,0,0,0,0,0,0,1
3365,16,16fe9fd96c73994e,1.549752,16.150068,1,13334,1,1,0,0,1,0,0,0,0,0,0,0,0,0
3366,16,82657b6f1d7f90cf,2.209586,15.625583,1,13277,1,0,0,0,0,0,0,0,0,0,0,0,0,1
3367,16,9d8dc562637ad990,2.703633,18.696605,1,13397,2,1,0,0,1,0,0,0,0,0,0,0,0,1
3368,16,5d51a9b1fd6a4e8b,3.074792,14.046061,0,12623,1,0,0,0,0,0,0,0,0,0,0,0,0,0
3369,16,efb7c3f78c969462,2.312287,17.523841,1,12446,1,1,0,0,1,0,0,0,0,0,0,0,0,1
3370,16,f21ea2a981754581,1.737135,16.643851,1,12249,1,1,0,0,1,0,0,0,0,0,0,0,0,0
3371,16,36509259d61727f6,1.305045,15.982748,1,12455,1,1,0,0,0,0,0,0,0,0,0,0,0,1
3372,16,f0638093f9d3848f,2.024085,15.486085,1,12466,1,0,0,0,1,0,0,0,0,0,0,0,0,0
3373,16,fba9297745560c30,0.47799,15.126259,1,12038,0,1,0,0,1,0,0,0,0,0,0,0,0,0
3374,17,1fd48474a6be9a50,0.359096,18.321482,1,14049,1,1,0,0,1,0,0,0,0,0,0,0,0,1
3375,17,40ab05863d40ab6a,1.313429,13.764244,0,13988,1,0,0,0,0,0,0,0,0,0,0,0,0,0
3376,17,9fa3e60e300cac94,0.987717,17.311911,1,14222,1,1,0,0,1,0,0,0,0,0,0,0,0,1
3377,17,9522afc9eb92ebd2,2.829342,16.484636,1,14287,2,0,0,0,0,0,0,0,0,0,0,0,0,1
3378,17,0fba0eaa5e567fe1,2.125579,15.863136,1,14023,1,1,0,0,1,0,0,0,0,0,0,0,0,0
3379,17,8f9f8c22e25048df,1.596868,15.396225,1,13988,1,1,0,0,0,0,0,0,0,0,0,0,0,1
3380,17,025aca0c2fc547cd,2.245018,18.539184,1,13951,1,0,0,0,1,0,0,0,0,0,0,0,0,1
3381,17,ea7305c3d0c4eb0e,1.686598,17.406641,1,13841,1,1,0,0,1,0,0,0,0,0,0,0,0,0
3382,17,b3bc2710b036c5b2,1.267078,20.0,1,14097,1,1,0,0,1,0,0,0,0,0,0,0,0,1
3383,17,3c254a4fca255c07,0.952861,20.0,1,14005,1,1,0,0,1,0,0,0,0,0,0,0,0,1
3384,17,7fb0256f65ce4ff6,0.715849,16.54832,0,13997,1,1,0,0,0,0,0,0,0,0,0,0,0,0
3385,17,a69e89495c03d18a,1.581444,19.389823,1,14143,1,0,0,0,1,0,0,0,0,0,0,0,0,1
3386,17,ba87dd4319678e85,1.18808,20.0,1,13927,1,1,0,0,1,0,0,0,0,0,0,0,0,1
3387,17,3e895dd2e76d3ae9,0.893453,19.667261,1,13774,1,1,0,0,1,0,0,0,0,0,0,0,0,0
3388,17,5bfa9aaebee05047,1.714871,18.254123,1,14064,1,0,0,0,0,0,0,0,0,0,0,0,0,1
3389,17,ca3938afd42b6b51,1.288318,17.192485,1,13930,1,1,0,0,1,0,0,0,0,0,0,0,0,0
3390,17,3840b1179d01d5ca,0.968834,19.889997,1,13898,1,1,0,0,1,0,0,0,0,0,0,0,0,1
3391,17,3ad00a257add4750,0.727849,18.421456,1,14054,1,1,0,0,1,0,0,0,0,0,0,0,0,0
3392,17,715e21df0f1ac6b8,0.546805,17.318195,1,14018,1,1,0,0,0,0,0,0,0,0,0,0,0,1
3393,17,ab882b57d80326bc,2.498101,19.968202,1,14028,2,0,0,0,1,0,0,0,0,0,0,0,0,1
3394,17,de121b1615b372cf,1.878608,18.496874,1,14048,1,1,0,0,1,0,0,0,0,0,0,0,0,0
3395,17,0469b68beb7ba893,1.411328,20.0,1,13935,1,1,0,0,1,0,0,0,0,0,0,0,0,1
3396,17,77ed09b9b5fdd2d5,1.060278,20.0,1,14015,1,1,0,0,1,0,0,0,0,0,0,0,0,1
3397,17,f528f75252723e1c,0.797344,20.0,1,13975,1,1,0,0,0,0,0,0,0,0,0,0,0,1
3398,17,c2f4dc060312be30,2.686321,18.875441,1,13881,2,0,0,0,1,0,0,0,0,0,0,0,0,0
3399,17,f6d7570dbe7171fa,2.018133,20.0,1,13962,1,1,0,0,1,0,0,0,0,0,0,0,0,1
3400,17,50afc0b225fbdddd,1.516148,20.0,1,13941,1,1,0,0,1,0,0,0,0,0,0,0,0,1
3401,17,77cb534e4dd68f47,2.184315,17.174468,0,13846,1,0,0,0,0,0,0,0,0,0,0,0,0,0
3402,17,03a072c123c7f460,2.684648,19.860225,1,14036,2,1,0,0,1,0,0,0,0,0,0,0,0,1
3403,17,40a0b4653c2b8b16,3.060529,18.399089,1,14065,1,0,0,0,0,0,0,0,0,0,0,0,0,1
3404,17,8ced9c6091029967,2.301561,20.0,1,13836,1,1,0,0,1,0,0,0,0,0,0,0,0,1
3405,17,f446b42f744adfb3,1.729077,20.0,1,14019,1,1,0,0,1,0,0,0,0,0,0,0,0,1
3406,17,ffdd19bd8ebe00f5,1.298991,20.0,1,13882,1,1,0,0,1,0,0,0,0,0,0,0,0,0
3407,17,b9666f9e7129180f,2.019537,18.837541,1,13824,1,0,0,0,0,0,0,0,0,0,0,0,0,1
3408,17,826bb28746b5aff3,1.51872,20.0,1,13916,1,1,0,0,1,0,0,0,0,0,0,0,0,1
3409,17,904c9b3439175fce,1.140958,19.350847,1,13972,1,1,0,0,1,0,0,0,0,0,0,0,0,0
3410,17,1692fe8c28139cee,1.900812,18.016412,1,13962,1,0,0,0,0,0,0,0,0,0,0,0,0,1
3411,17,c5fbebc1b3542dcc,2.473588,20.0,1,13769,2,1,0,0,1,0,0,0,0,0,0,0,0,1
3412,17,0dea3622f92cb749,1.858315,18.886942,1,13899,1,1,0,0,1,0,0,0,0,0,0,0,0,0
3413,17,38bb467cbdfb53b6,2.439736,17.667898,1,14061,1,0,0,0,0,0,0,0,0,0,0,0,0,1
3414,17,dc76cd2fb1ac0664,1.832882,20.0,1,13846,1,1,0,0,1,0,0,0,0,0,0,0,0,1
3415,17,17e51f480da9fb5d,1.378354,15.21394,0,13898,1,1,0,0,0,0,0,0,0,0,0,0,0,0
3416,17,0c7c1e639bef0d9a,3.122812,18.387354,1,13923,2,0,0,0,1,0,0,0,0,0,0,0,0,1
3417,17,7522a695f85ba017,2.346052,20.0,1,13990,1,1,0,0,1,0,0,0,0,0,0,0,0,1
3418,17,e7db39782777aee0,2.808415,19.100906,1,13639,1,0,0,0,0,0,0,0,0,0,0,0,0,1
3419,17,f95c2ef29527e1f2,2.109857,17.828641,1,13648,1,1,0,0,1,0,0,0,0,0,0,0,0,0
3420,17,cd2a99ccedfbf36f,1.585057,20.0,1,13798,1,1,0,0,1,0,0,0,0,0,0,0,0,1
3421,17,780bd23bab59cb21,2.234447,15.289457,0,14002,1,0,0,0,0,0,0,0,0,0,0,0,0,0
3422,17,380774ff4b075c35,1.680336,18.458893,1,13914,1,1,0,0,1,0,0,0,0,0,0,0,0,1
3423,17,c21a67aecad00824,1.262374,20.0,1,13994,1,1,0,0,1,0,0,0,0,0,0,0,0,1
3424,17,8a093accbbbbcf59,0.948374,15.645168,0,13824,1,1,0,0,0,0,0,0,0,0,0,0,0,0
3425,17,13fb579714cf6542,2.801492,18.726393,1,13718,2,0,0,0,1,0,0,0,0,0,0,0,0,1
3426,17,6a2ba284a7888bc3,2.104656,20.0,1,13778,1,1,0,0,1,0,0,0,0,0,0,0,0,1
3427,17,1dfc954740661f98,2.624803,19.274988,1,13805,1,0,0,0,0,0,0,0,0,0,0,0,0,1
3428,17,8984fd7a446e3d71,1.971916,17.959423,1,14039,1,1,0,0,1,0,0,0,0,0,0,0,0,0
3429,17,dce17db9a788620b,1.482909,20.0,1,13815,1,1,0,0,1,0,0,0,0,0,0,0,0,1
3430,17,a1dfa3e35f385f57,2.157708,15.375901,0,13884,1,0,0,0,0,0,0,0,0,0,0,0,0,0
3431,17,6e3840358feb0d49,1.621005,18.509028,1,14082,1,1,0,0,1,0,0,0,0,0,0,0,0,1
3432,17,ae3b8372de433f9b,1.219019,17.399555,1,13693,1,1,0,0,1,0,0,0,0,0,0,0,0,0
3433,17,e9d104bacff3207b,0.915803,20.0,1,13965,1,1,0,0,1,0,0,0,0,0,0,0,0,1
3434,17,77fad0520de53508,1.731662,18.526127,1,13812,1,0,0,0,0,0,0,0,0,0,0,0,0,1
3435,17,568c29b949996e56,1.300933,17.396831,1,14105,1,1,0,0,1,0,0,0,0,0,0,0,0,0
3436,17,06cf3630d560570a,0.97832,20.0,1,13932,1,1,0,0,1,0,0,0,0,0,0,0,0,1
3437,17,70e7f99df93c772f,0.734975,20.0,1,13914,1,1,0,0,1,0,0,0,0,0,0,0,0,1
3438,17,b1c19172bbc78af6,1.595813,16.539608,0,13830,1,0,0,0,0,0,0,0,0,0,0,0,0,0
3439,17,b70e50f508f7dc25,2.244225,19.399025,1,13801,2,1,0,0,1,0,0,0,0,0,0,0,0,1
3440,17,907e75f5d77fa50f,1.686002,20.0,1,13434,1,1,0,0,1,0,0,0,0,0,0,0,0,1
3441,17,f162ed7063b38082,1.26663,20.0,1,13259,1,1,0,0,1,0,0,0,0,0,0,0,0,1
3442,17,13d0016c1ef4a726,1.995225,20.0,1,13390,1,0,0,0,0,0,0,0,0,0,0,0,0,1
3443,17,96a1f51b3cbe1288,1.500438,19.166128,1,13235,1,1,0,0,1,0,0,0,0,0,0,0,0,0
3444,17,80fa6595011a0ce8,1.127223,20.0,1,13428,1,1,0,0,1,0,0,0,0,0,0,0,0,1
3445,17,512cf6e8c6354236,0.84684,20.0,1,13161,1,1,0,0,1,0,0,0,0,0,0,0,0,1
3446,17,25df3bfb56f3fab3,1.680987,17.297845,0,13157,1,0,0,0,0,0,0,0,0,0,0,0,0,0
3447,17,9573c19961003d42,1.262862,19.952913,1,13128,1,1,0,0,1,0,0,0,0,0,0,0,0,1
3448,17,c4e26092198efe1f,0.948741,18.468723,1,13036,1,1,0,0,1,0,0,0,0,0,0,0,0,0
3449,17,a25848465a979b10,0.712754,20.0,1,13336,1,1,0,0,1,0,0,0,0,0,0,0,0,1
3450,17,b0771cb8c31b1ec3,1.580152,19.146876,1,13489,1,0,0,0,0,0,0,0,0,0,0,0,0,1
3451,17,0e0204738f8337b5,2.230762,17.863177,1,13647,2,1,0,0,1,0,0,0,0,0,0,0,0,0
3452,17,a75c587a78452ea5,1.675888,20.0,1,13723,1,1,0,0,1,0,0,0,0,0,0,0,0,1
3453,17,6316d4738f947131,1.260292,18.804767,1,13696,1,1,0,0,0,0,0,0,0,0,0,0,0,1
3454,17,3b10a52448b43f2b,1.990463,17.606163,1,13848,1,0,0,0,1,0,0,0,0,0,0,0,0,0
3455,17,0f75fa8b650babf0,1.495361,20.0,1,13842,1,1,0,0,1,0,0,0,0,0,0,0,0,1
3456,17,591476c1992a82ce,1.123409,15.163891,0,13821,1,1,0,0,0,0,0,0,0,0,0,0,0,0
3457,17,c927b77d51cdecfd,2.93312,18.364466,1,13674,2,0,0,0,1,0,0,0,0,0,0,0,0,1
3458,17,2de204bda7ab3706,2.203544,20.0,1,13861,1,1,0,0,1,0,0,0,0,0,0,0,0,1
3459,17,5f2ca2c52a047708,1.65544,20.0,1,13915,1,1,0,0,1,0,0,0,0,0,0,0,0,1
3460,17,cf7ceb80bda31cbb,2.289065,20.0,1,13822,1,0,0,0,0,0,0,0,0,0,0,0,0,1
3461,17,7534cae6f92b565c,1.719689,18.833221,1,14013,1,1,0,0,1,0,0,0,0,0,0,0,0,0
3462,17,c6ecb88cb28e84e9,2.335591,17.627539,1,13840,1,0,0,0,0,0,0,0,0,0,0,0,0,1
3463,17,1294619a869761ec,1.754642,16.721756,1,13704,1,1,0,0,1,0,0,0,0,0,0,0,0,0
3464,17,ea49407a63117d84,1.319516,19.536002,1,13729,1,1,0,0,1,0,0,0,0,0,0,0,0,1
3465,17,06c7865482ba5be7,3.07861,18.155513,1,13630,2,0,0,0,0,0,0,0,0,0,0,0,0,1
3466,17,95d10af32866b272,2.312845,17.118402,1,13788,1,1,0,0,1,0,0,0,0,0,0,0,0,0
3467,17,aee0464c0f421eb0,1.739292,19.834286,1,13560,1,1,0,0,1,0,0,0,0,0,0,0,0,1
3468,17,e1340e63177f9af1,1.306665,18.379602,1,13666,1,1,0,0,0,0,0,0,0,0,0,0,0,1
3469,17,6de606b8c8ed2e2a,2.025302,17.286753,1,13533,1,0,0,0,1,0,0,0,0,0,0,0,0,0
3470,17,d155c48d50cb0ec7,1.521534,19.94458,1,13415,1,1,0,0,1,0,0,0,0,0,0,0,0,1
3471,17,77e0a6dd59462272,1.144215,18.47911,1,13493,1,1,0,0,1,0,0,0,0,0,0,0,0,0
3472,17,82aa62613d563bc3,1.903259,17.361509,1,13585,1,0,0,0,0,0,0,0,0,0,0,0,0,1
3473,17,04cf2b6ba4d844c6,1.429848,16.521897,1,13648,1,1,0,0,1,0,0,0,0,0,0,0,0,0
3474,17,4bfb02d15544d248,1.075266,19.385706,1,13467,1,1,0,0,1,0,0,0,0,0,0,0,0,1
3475,17,b1ffeacaf8413da5,0.807807,18.0426,1,13661,1,1,0,0,1,0,0,0,0,0,0,0,0,0
3476,17,fba16f3e8328bd0e,1.650529,17.033576,1,13612,1,0,0,0,0,0,0,0,0,0,0,0,0,1
3477,17,6d49f5fa0045fda6,2.283634,19.754378,1,13763,2,1,0,0,1,0,0,0,0,0,0,0,0,1
3478,17,0b0564be27313b9d,1.717325,18.336075,1,13638,1,1,0,0,1,0,0,0,0,0,0,0,0,0
3479,17,58d9728101f76f34,1.290162,20.0,1,13963,1,1,0,0,1,0,0,0,0,0,0,0,0,1
3480,17,988b4577a0f257c7,0.969251,20.0,1,13746,1,1,0,0,1,0,0,0,0,0,0,0,0,1
3481,17,ea94959b8689389f,0.72889,16.945543,0,13784,1,1,0,0,0,0,0,0,0,0,0,0,0,0
3482,17,e32f9439422b8750,1.591241,19.688242,1,13510,1,0,0,0,1,0,0,0,0,0,0,0,0,1
3483,17,b815fba295dcf92e,1.19544,20.0,1,13601,1,1,0,0,1,0,0,0,0,0,0,0,0,1
3484,17,0d045a1c9d9513db,1.941743,20.0,1,13434,2,1,0,0,1,0,0,0,0,0,0,0,0,1
3485,17,b521be51fa419254,2.504369,17.519448,0,13587,1,0,0,0,0,0,0,0,0,0,0,0,0,0
3486,17,c5651c263198afa1,1.881439,20.0,1,13406,1,1,0,0,1,0,0,0,0,0,0,0,0,1
3487,17,d00f8c5baeffe0d5,1.413455,18.593794,1,13572,1,1,0,0,1,0,0,0,0,0,0,0,0,0
3488,17,1a2d14ef50f79123,1.062938,20.0,1,13632,1,1,0,0,1,0,0,0,0,0,0,0,0,1
3489,17,041b4a4a2573f9d1,1.842199,15.734295,0,13669,1,0,0,0,0,0,0,0,0,0,0,0,0,0
3490,17,2a6e2499c600568f,2.427629,18.778277,1,13783,2,1,0,0,1,0,0,0,0,0,0,0,0,1
3491,17,1feffd89b37e4a67,2.86744,17.586262,1,13958,1,0,0,0,0,0,0,0,0,0,0,0,0,1
3492,17,b03be18da37f5838,2.156356,20.0,1,13846,1,1,0,0,1,0,0,0,0,0,0,0,0,1
3493,17,091c7e8843d18ffb,1.619989,18.643924,1,14245,1,1,0,0,1,0,0,0,0,0,0,0,0,0
3494,17,2e95c70250fae9aa,1.217037,20.0,1,14050,1,1,0,0,1,0,0,0,0,0,0,0,0,1
3495,17,182c9bc148a32bac,1.95938,20.0,1,14098,2,1,0,0,1,0,0,0,0,0,0,0,0,1
3496,17,9873ecfbc90631ad,2.515662,17.073464,0,14469,1,0,0,0,0,0,0,0,0,0,0,0,0,0
3497,17,3c5a49325d870b92,1.889923,19.784345,1,14270,1,1,0,0,1,0,0,0,0,0,0,0,0,1
3498,17,dc025c2405062f02,1.419829,20.0,1,13777,1,1,0,0,1,0,0,0,0,0,0,0,0,1
3499,17,f879e97ba4aee629,2.111882,20.0,1,13657,2,1,0,0,1,0,0,0,0,0,0,0,0,1
3500,17,bcd9d541090d6caa,1.586578,20.0,1,13801,1,1,0,0,1,0,0,0,0,0,0,0,0,0
3501,17,c0628b1069332986,2.23559,19.282662,1,13841,1,0,0,0,0,0,0,0,0,0,0,0,0,1
3502,17,b0360ff09917651a,1.681196,17.981338,1,13741,1,1,0,0,1,0,0,0,0,0,0,0,0,0
3503,17,f0c50da51782d55e,2.306673,16.987552,1,13936,1,0,0,0,0,0,0,0,0,0,0,0,0,1
3504,17,d6e059bf5bc50f76,1.732917,19.719802,1,13895,1,1,0,0,1,0,0,0,0,0,0,0,0,1
3505,17,d7582becc322f7f9,2.345529,14.81475,0,13762,1,0,0,0,0,0,0,0,0,0,0,0,0,0
3506,17,ab00ee0cf5babd65,2.808022,18.101906,1,13885,2,1,0,0,1,0,0,0,0,0,0,0,0,1
3507,17,9df901843ec2f17a,2.109562,20.0,1,13885,1,1,0,0,1,0,0,0,0,0,0,0,0,1
3508,17,b1790c25413d78e9,2.628488,18.922531,1,13837,1,0,0,0,0,0,0,0,0,0,0,0,0,1
3509,17,441a6b882f071f95,1.976661,17.710515,1,13626,1,1,0,0,1,0,0,0,0,0,0,0,0,0
3510,17,ebd2090a9425fa38,1.484991,20.0,1,14001,1,1,0,0,1,0,0,0,0,0,0,0,0,1
3511,17,e2299b4a3b166eaa,2.159272,15.222787,0,14089,1,0,0,0,0,0,0,0,0,0,0,0,0,0
3512,17,efc8c2f81f2a8f6f,1.62218,18.394,1,14064,1,1,0,0,1,0,0,0,0,0,0,0,0,1
3513,17,afe975336f1a39fc,1.219903,17.313052,1,13987,1,1,0,0,1,0,0,0,0,0,0,0,0,0
3514,17,aa4ae9ce222a2db8,1.960121,16.485493,1,13980,1,0,0,0,0,0,0,0,0,0,0,0,0,1
3515,17,f44163b254f10f45,1.472565,19.342624,1,13963,1,1,0,0,1,0,0,0,0,0,0,0,0,1
3516,17,aef388b22f0029c4,2.151541,18.02643,1,13985,2,1,0,0,1,0,0,0,0,0,0,0,0,0
3517,17,2b618c3221fd3d05,0.572719,20.0,1,14071,0,1,0,0,1,0,0,0,0,0,0,0,0,1
3518,17,0f2a6849f2d50e85,2.517569,18.879933,1,14100,2,0,0,0,0,0,0,0,0,0,0,0,0,1
3519,17,4a51d780fa7f3e57,1.891355,17.662632,1,14107,1,1,0,0,1,0,0,0,0,0,0,0,0,0
3520,17,da72d4bd483180bb,1.422326,20.0,1,14336,1,1,0,0,1,0,0,0,0,0,0,0,0,1
3521,17,2e2701ba1ca1f81e,1.06854,18.68707,1,14347,1,1,0,0,1,0,0,0,0,0,0,0,0,0
3522,17,a44c8c958af819ab,0.802755,20.0,1,14061,1,1,0,0,1,0,0,0,0,0,0,0,0,1
3523,17,22e59135715fc89b,1.647833,15.789732,0,14363,1,0,0,0,0,0,0,0,0,0,0,0,0,0
3524,17,b314567f7d2f542e,1.237956,18.819925,1,14235,1,1,0,0,1,0,0,0,0,0,0,0,0,1
3525,17,6bc05b18c2f54e96,0.93003,17.61755,1,14338,1,1,0,0,1,0,0,0,0,0,0,0,0,0
3526,17,0e17b85425f0ab0a,0.698697,20.0,1,14423,1,1,0,0,1,0,0,0,0,0,0,0,0,1
3527,17,217e9f6bda668e01,1.56958,20.0,1,14418,2,1,0,0,1,0,0,0,0,0,0,0,0,1
3528,17,361a91b3f98beede,1.179167,20.0,1,14374,1,1,0,0,1,0,0,0,0,0,0,0,0,1
3529,17,ee08da17e478eff0,0.885864,20.0,1,14616,1,1,0,0,0,0,0,0,0,0,0,0,0,1
3530,17,484de6876e641473,1.710333,19.427175,1,14443,1,0,0,0,1,0,0,0,0,0,0,0,0,0
3531,17,c97ba04a17880a13,1.284909,20.0,1,14405,1,1,0,0,1,0,0,0,0,0,0,0,0,1
3532,17,38cca9ca70956d79,0.965304,20.0,1,14231,1,1,0,0,1,0,0,0,0,0,0,0,0,1
3533,17,562834916efe0e6b,1.76885,17.391242,0,14436,1,0,0,0,0,0,0,0,0,0,0,0,0,0
3534,17,8656fd5c9255b00d,2.374351,20.0,1,14355,2,1,0,0,1,0,0,0,0,0,0,0,0,1
3535,17,7079c15f2eb1c2c9,1.783761,20.0,1,14672,1,1,0,0,1,0,0,0,0,0,0,0,0,1
3536,17,613ef1b75767463c,1.340073,20.0,1,14679,1,1,0,0,1,0,0,0,0,0,0,0,0,1
3537,17,db2866ccc42c746a,1.007754,20.0,1,14548,1,1,0,0,1,0,0,0,0,0,0,0,0,1
3538,17,38d1c12631a21bf7,1.800741,20.0,1,14726,1,0,0,0,0,0,0,0,0,0,0,0,0,1
3539,17,ca5d339333685bae,2.396483,20.0,1,14951,2,1,0,0,1,0,0,0,0,0,0,0,0,1
3540,17,acf4736ec7c02e7b,1.800388,20.0,1,15012,1,1,0,0,1,0,0,0,0,0,0,0,0,0
3541,17,1da87b7aa0bb047f,2.398068,19.357392,1,14967,1,0,0,0,0,0,0,0,0,0,0,0,0,1
3542,17,ecc2368d8b9dd704,1.801579,20.0,1,15007,1,1,0,0,1,0,0,0,0,0,0,0,0,1
3543,17,164fa4bcf6b1a27b,2.397112,19.631121,1,15018,2,1,0,0,1,0,0,0,0,0,0,0,0,0
3544,17,fcaf7e63768c1c2f,1.802663,20.0,1,15003,1,1,0,0,1,0,0,0,0,0,0,0,0,1
3545,17,1f5e0584f993e2fb,2.397926,16.320344,0,15102,1,0,0,0,0,0,0,0,0,0,0,0,0,0
3546,17,bce4b2fcca89722c,2.845126,19.218553,1,15161,2,1,0,0,1,0,0,0,0,0,0,0,0,1
3547,17,789603275cc285d5,2.137437,20.0,1,16200,1,1,0,0,1,0,0,0,0,0,0,0,0,1
3548,17,f33f73bc26a18676,2.651533,19.570501,1,15927,1,0,0,0,0,0,0,0,0,0,0,0,0,1
3549,17,435f9c85ecc897aa,1.991998,18.18143,1,17140,1,1,0,0,1,0,0,0,0,0,0,0,0,0
3550,17,5aba37f58cd424d0,1.496514,20.0,1,17221,1,1,0,0,1,0,0,0,0,0,0,0,0,1
3551,17,8eecf08d14d420af,2.16955,20.0,1,16733,2,1,0,0,1,0,0,0,0,0,0,0,0,1
3552,17,cd9ceee2a1605b40,2.673555,20.0,1,16487,1,0,0,0,0,0,0,0,0,0,0,0,0,1
3553,17,60cbb618a3c04d65,2.008542,18.771555,1,16926,1,1,0,0,1,0,0,0,0,0,0,0,0,0
3554,17,98d041ce87417737,1.508943,20.0,1,17391,1,1,0,0,1,0,0,0,0,0,0,0,0,1
3555,17,2c198aa8fe057b36,2.178897,20.0,1,17565,2,1,0,0,1,0,0,0,0,0,0,0,0,1
3556,17,7022c8ec511c8283,2.680577,20.0,1,17485,1,0,0,0,0,0,0,0,0,0,0,0,0,1
3557,17,3ee0e92ca9649f63,2.013817,18.959722,1,17404,1,1,0,0,1,0,0,0,0,0,0,0,0,0
3558,17,f1289b935b122319,1.514419,20.0,1,17582,1,1,0,0,1,0,0,0,0,0,0,0,0,1
3559,17,5537982d2f9d2565,2.18138,20.0,1,17312,2,1,0,0,1,0,0,0,0,0,0,0,0,1
3560,17,29aafe370b0a33c2,1.638789,20.0,1,17092,1,1,0,0,1,0,0,0,0,0,0,0,0,1
3561,17,37729396bed1b210,1.231161,20.0,1,15648,1,1,0,0,1,0,0,0,0,0,0,0,0,0
3562,17,bbf0c5fed403c60e,0.925851,20.0,1,14511,1,1,0,0,1,0,0,0,0,0,0,0,0,1
3563,17,e00c01c643c9a9be,0.695557,17.449535,0,14641,1,1,0,0,0,0,0,0,0,0,0,0,0,0
3564,17,e3d0f9709ed0e702,1.566199,20.0,1,14811,1,0,0,0,1,0,0,0,0,0,0,0,0,1
3565,17,560e829e98aea7c4,1.177804,20.0,1,14623,1,1,0,0,1,0,0,0,0,0,0,0,0,1
3566,17,559c35ba4df5306e,1.928494,20.0,1,14783,2,1,0,0,1,0,0,0,0,0,0,0,0,1
3567,17,19577650ca052e53,1.448805,20.0,1,14677,1,1,0,0,1,0,0,0,0,0,0,0,0,0
3568,17,efedf628419df1cf,1.088433,20.0,1,14600,1,1,0,0,1,0,0,0,0,0,0,0,0,1
3569,17,1d15968c912b54a1,0.818517,20.0,1,14672,1,1,0,0,1,0,0,0,0,0,0,0,0,1
3570,17,da65ece7e13581d4,0.614921,20.0,1,14448,1,1,0,0,1,0,0,0,0,0,0,0,0,0
3571,17,aad5b089b1715f9f,1.505621,19.71866,1,14388,1,0,0,0,0,0,0,0,0,0,0,0,0,1
3572,17,074958bada15b1a7,1.132248,18.309215,1,14965,1,1,0,0,1,0,0,0,0,0,0,0,0,0
3573,17,4473e2abc0ff43cf,0.850616,20.0,1,14720,1,1,0,0,1,0,0,0,0,0,0,0,0,1
3574,17,73c88b21773fd30a,0.639036,20.0,1,15944,1,1,0,0,1,0,0,0,0,0,0,0,0,1
3575,17,57aaeff54f1e7a94,1.523737,16.917217,0,15807,1,0,0,0,0,0,0,0,0,0,0,0,0,0
3576,17,02ae038dbf0ad7c2,1.145872,19.682992,1,15686,1,1,0,0,1,0,0,0,0,0,0,0,0,1
3577,17,589838640b74f485,0.860851,20.0,1,15710,1,1,0,0,1,0,0,0,0,0,0,0,0,1
3578,17,daed6a451015e5eb,0.646725,19.814889,1,15905,1,1,0,0,1,0,0,0,0,0,0,0,0,0
3579,17,ee6418a0a11888a0,0.486346,20.0,1,15704,1,1,0,0,1,0,0,0,0,0,0,0,0,1
3580,17,aae6a9e1b5c2780d,1.409027,20.0,1,15830,2,1,0,0,1,0,0,0,0,0,0,0,0,1
3581,17,c0276e2673a414ed,1.05855,20.0,1,15620,1,1,0,0,1,0,0,0,0,0,0,0,0,0
3582,18,1fd48474a6be9a50,0.795249,20.0,1,14665,1,1,0,0,1,0,0,0,0,0,0,0,0,1
3583,18,40ab05863d40ab6a,0.598038,17.121732,0,13965,1,1,0,0,0,0,0,0,0,0,0,0,0,0
3584,18,9fa3e60e300cac94,1.492937,19.820606,1,14161,1,0,0,0,1,0,0,0,0,0,0,0,0,1
3585,18,9522afc9eb92ebd2,1.121588,18.369325,1,14128,1,1,0,0,1,0,0,0,0,0,0,0,0,0
3586,18,0fba0eaa5e567fe1,0.84345,17.294496,1,14105,1,1,0,0,0,0,0,0,0,0,0,0,0,1
3587,18,8f9f8c22e25048df,2.720959,19.950397,1,13912,2,0,0,0,1,0,0,0,0,0,0,0,0,1
3588,18,025aca0c2fc547cd,2.044155,20.0,1,14027,1,1,0,0,1,0,0,0,0,0,0,0,0,1
3589,18,ea7305c3d0c4eb0e,1.535697,19.965811,1,13963,1,1,0,0,1,0,0,0,0,0,0,0,0,0
3590,18,b3bc2710b036c5b2,2.199017,18.495076,1,13824,1,0,0,0,0,0,0,0,0,0,0,0,0,1
3591,18,3c254a4fca255c07,1.652039,17.373504,1,14061,1,1,0,0,1,0,0,0,0,0,0,0,0,0
3592,18,7fb0256f65ce4ff6,1.241115,20.0,1,13968,1,1,0,0,1,0,0,0,0,0,0,0,0,1
3593,18,a69e89495c03d18a,0.933336,18.528121,1,14137,1,1,0,0,1,0,0,0,0,0,0,0,0,0
3594,18,ba87dd4319678e85,1.744834,17.398329,1,13938,1,0,0,0,0,0,0,0,0,0,0,0,0,1
3595,18,3e895dd2e76d3ae9,1.310829,20.0,1,13856,1,1,0,0,1,0,0,0,0,0,0,0,0,1
3596,18,5bfa9aaebee05047,0.984777,18.525435,1,14028,1,1,0,0,1,0,0,0,0,0,0,0,0,0
3597,18,ca3938afd42b6b51,0.740566,17.411893,1,14013,1,1,0,0,0,0,0,0,0,0,0,0,0,1
3598,18,3840b1179d01d5ca,1.600013,20.0,1,13891,1,0,0,0,1,0,0,0,0,0,0,0,0,1
3599,18,3ad00a257add4750,1.20203,18.533091,1,14034,1,1,0,0,1,0,0,0,0,0,0,0,0,0
3600,18,715e21df0f1ac6b8,0.903944,20.0,1,14082,1,1,0,0,1,0,0,0,0,0,0,0,0,1
3601,18,ab882b57d80326bc,1.722752,20.0,1,13883,2,1,0,0,1,0,0,0,0,0,0,0,0,1
3602,18,de121b1615b372cf,2.337893,17.021875,0,14109,1,0,0,0,0,0,0,0,0,0,0,0,0,0
3603,18,05c8759f4447da7f,1.756371,19.745587,1,13853,1,1,0,0,1,0,0,0,0,0,0,0,0,1
3604,18,f9da155166fdbcb3,1.320816,20.0,1,14092,1,1,0,0,1,0,0,0,0,0,0,0,0,1
3605,18,cbdedca5a02ed691,2.035933,16.385012,0,13955,1,0,0,0,0,0,0,0,0,0,0,0,0,0
3606,18,69d6d48dcba42deb,1.529521,19.267136,1,13843,1,1,0,0,1,0,0,0,0,0,0,0,0,1
3607,18,4836f3002aa2c43b,1.150221,20.0,1,13882,1,1,0,0,1,0,0,0,0,0,0,0,0,1
3608,18,94fd34594f25ef4c,2.951425,19.593551,1,14141,2,0,0,0,0,0,0,0,0,0,0,0,0,1
3609,18,61fdc813a35b7e5c,2.217295,20.0,1,13936,1,1,0,0,1,0,0,0,0,0,0,0,0,1
3610,18,c1ff7d5e27979afc,1.665771,19.764409,1,14041,1,1,0,0,1,0,0,0,0,0,0,0,0,0
3611,18,1d6ebc1b2e581348,1.252684,20.0,1,13915,1,1,0,0,1,0,0,0,0,0,0,0,0,1
3612,18,7773761e6dec3adc,1.984748,20.0,1,14188,2,1,0,0,1,0,0,0,0,0,0,0,0,1
3613,18,fb02264cebeb0e70,1.491067,20.0,1,13990,1,1,0,0,1,0,0,0,0,0,0,0,0,0
3614,18,c28a313bf74ee613,2.165454,19.290347,1,13788,1,0,0,0,0,0,0,0,0,0,0,0,0,1
3615,18,b5a2965320b75fa2,1.626825,20.0,1,13794,1,1,0,0,1,0,0,0,0,0,0,0,0,1
3616,18,3ffe08dfd1bfaf0d,1.222173,19.593282,1,13781,1,1,0,0,1,0,0,0,0,0,0,0,0,0
3617,18,d4d55fb8ad04be87,1.961826,20.0,1,13876,2,1,0,0,1,0,0,0,0,0,0,0,0,1
3618,18,3a6c2889bf8dd3fe,2.519472,19.782207,1,13751,1,0,0,0,0,0,0,0,0,0,0,0,0,1
3619,18,a1a2e91140dcc85e,1.892785,20.0,1,13875,1,1,0,0,1,0,0,0,0,0,0,0,0,1
3620,18,120f765ed5986ef6,1.421978,19.870885,1,13783,1,1,0,0,1,0,0,0,0,0,0,0,0,0
3621,18,7da99e20fee3a3f4,1.069348,18.423691,1,13814,1,1,0,0,0,0,0,0,0,0,0,0,0,1
3622,18,e9f79a57fcf62025,1.847015,17.319875,1,13636,1,0,0,0,1,0,0,0,0,0,0,0,0,0
3623,18,c95cf3ba67a49dbc,2.431246,19.969463,1,13797,2,1,0,0,1,0,0,0,0,0,0,0,0,1
3624,18,8a8e66059b448c12,2.870158,18.481156,1,13657,1,0,0,0,0,0,0,0,0,0,0,0,0,1
3625,18,305d9b896605f9ab,2.1584,20.0,1,13669,1,1,0,0,1,0,0,0,0,0,0,0,0,1
3626,18,c24d4fcdaee4a895,1.621525,20.0,1,13705,1,1,0,0,1,0,0,0,0,0,0,0,0,1
3627,18,635ed14c3cd6fbbc,1.218191,20.0,1,13659,1,1,0,0,1,0,0,0,0,0,0,0,0,0
3628,18,942e4e9ac467d0b8,1.960248,18.880758,1,13610,1,0,0,0,0,0,0,0,0,0,0,0,0,1
3629,18,96124731009db66b,1.472661,17.663252,1,13639,1,1,0,0,1,0,0,0,0,0,0,0,0,0
3630,18,e516b4b394c3199c,1.106355,16.748586,1,13665,1,1,0,0,0,0,0,0,0,0,0,0,0,1
3631,18,c865c4c1cf371955,1.874816,16.061431,1,13512,1,0,0,0,1,0,0,0,0,0,0,0,0,0
3632,18,7c440a9fc7258c73,1.409889,19.039428,1,13510,1,1,0,0,1,0,0,0,0,0,0,0,0,1
3633,18,6210121c9b856740,2.10285,17.782455,1,13654,1,0,0,0,0,0,0,0,0,0,0,0,0,1
3634,18,81485fe11e62b210,1.579793,16.838138,1,13640,1,1,0,0,1,0,0,0,0,0,0,0,0,0
3635,18,dae0517d7a095db5,1.188027,19.623523,1,13561,1,1,0,0,1,0,0,0,0,0,0,0,0,1
3636,18,3f31a096f3b28122,0.89252,18.221264,1,13742,1,1,0,0,1,0,0,0,0,0,0,0,0,0
3637,18,ed5ab89cda1fa68d,1.71417,17.167799,1,13724,1,0,0,0,0,0,0,0,0,0,0,0,0,1
3638,18,2d8541037b875d1f,2.331445,19.855215,1,13890,2,1,0,0,1,0,0,0,0,0,0,0,0,1
3639,18,02ca3c7a70782c12,1.75328,20.0,1,13560,1,1,0,0,1,0,0,0,0,0,0,0,0,1
3640,18,da75bab709a8d556,2.360827,16.446948,0,13971,1,0,0,0,0,0,0,0,0,0,0,0,0,0
3641,18,b6f30036ec2aabfd,1.773601,19.313666,1,13846,1,1,0,0,1,0,0,0,0,0,0,0,0,1
3642,18,8930331a02a08fc7,1.333773,20.0,1,13839,1,1,0,0,1,0,0,0,0,0,0,0,0,1
3643,18,3efe62d3591cc51f,1.002014,20.0,1,13987,1,1,0,0,1,0,0,0,0,0,0,0,0,1
3644,18,0e2aa521bab56cb1,1.796429,17.353177,0,13821,1,0,0,0,0,0,0,0,0,0,0,0,0,0
3645,18,6e667b0863527d2a,1.34959,19.994482,1,13554,1,1,0,0,1,0,0,0,0,0,0,0,0,1
3646,18,6931bf406b952a42,1.014911,18.516637,1,13305,1,1,0,0,1,0,0,0,0,0,0,0,0,0
3647,18,b4c768e767610944,0.762465,20.0,1,13221,1,1,0,0,1,0,0,0,0,0,0,0,0,1
3648,18,178bae3922674d69,0.572811,19.156603,1,13413,1,1,0,0,1,0,0,0,0,0,0,0,0,0
3649,18,8732aaaaf78a22ee,2.519063,17.886541,1,13247,2,0,0,0,0,0,0,0,0,0,0,0,0,1
3650,18,1ac041a1e9ef0548,1.892478,20.0,1,13253,1,1,0,0,1,0,0,0,0,0,0,0,0,1
3651,18,ebcc15fa94ae6a1d,1.421748,20.0,1,13271,1,1,0,0,1,0,0,0,0,0,0,0,0,1
3652,18,fb3112d5447e2b4f,1.068106,20.0,1,13007,1,1,0,0,1,0,0,0,0,0,0,0,0,1
3653,18,9e4e737f6968dc92,1.847382,17.819495,0,13066,1,0,0,0,0,0,0,0,0,0,0,0,0,0
3654,18,5ec4ae81eecef524,1.387869,20.0,1,13547,1,1,0,0,1,0,0,0,0,0,0,0,0,1
3655,18,b41903033eef62d1,1.042654,18.763139,1,13358,1,1,0,0,1,0,0,0,0,0,0,0,0,0
3656,18,6e337c85e3c177c9,0.784091,20.0,1,13630,1,1,0,0,1,0,0,0,0,0,0,0,0,1
3657,18,5b34ea2eb9d63d9a,2.676365,19.308813,1,13693,2,0,0,0,0,0,0,0,0,0,0,0,0,1
3658,18,69be2d630f9d6b6b,2.010653,17.984834,1,13892,1,1,0,0,1,0,0,0,0,0,0,0,0,0
3659,18,e1c8305afef78ce7,1.510528,20.0,1,13594,1,1,0,0,1,0,0,0,0,0,0,0,0,1
3660,18,2cc24a17babd2c29,2.180089,15.392997,0,13813,1,0,0,0,0,0,0,0,0,0,0,0,0,0
3661,18,687c68d269b49b4a,1.63782,18.521872,1,13833,1,1,0,0,1,0,0,0,0,0,0,0,0,1
3662,18,4f464a2b6aa022ae,1.230433,20.0,1,13726,1,1,0,0,1,0,0,0,0,0,0,0,0,1
3663,18,aa914c5d8bd05aa6,1.969453,15.696402,0,13860,1,0,0,0,0,0,0,0,0,0,0,0,0,0
3664,18,f830196b3c588142,1.479577,18.749809,1,13874,1,1,0,0,1,0,0,0,0,0,0,0,0,1
3665,18,fcceb830262396d5,1.111551,17.564875,1,13965,1,1,0,0,1,0,0,0,0,0,0,0,0,0
3666,18,242e561e9f02789f,1.87872,16.674679,1,13999,1,0,0,0,0,0,0,0,0,0,0,0,0,1
3667,18,f606b34fa3b3e25c,1.412824,16.020098,1,14157,1,1,0,0,1,0,0,0,0,0,0,0,0,0
3668,18,2b3c3a2a95b65d8d,2.105055,15.514145,1,13864,1,0,0,0,0,0,0,0,0,0,0,0,0,1
3669,18,e5cd714ced066f1e,2.625103,18.612886,1,14101,2,1,0,0,1,0,0,0,0,0,0,0,0,1
3670,18,680efd3aff59854c,3.018265,17.477657,1,13855,1,0,0,0,0,0,0,0,0,0,0,0,0,1
3671,18,51ad7cb8b693c378,2.26751,16.609155,1,13945,1,1,0,0,1,0,0,0,0,0,0,0,0,0
3672,18,568ba9092446f642,1.703495,19.435526,1,13829,1,1,0,0,1,0,0,0,0,0,0,0,0,1
3673,18,1db7ffdd97d3ec2d,2.323426,14.601184,0,14936,1,0,0,0,0,0,0,0,0,0,0,0,0,0
3674,18,5fa093790d7dfe65,1.747249,17.941302,1,14482,1,1,0,0,1,0,0,0,0,0,0,0,0,1
3675,18,22f7a07946b2dd86,1.312643,16.957474,1,15426,1,1,0,0,1,0,0,0,0,0,0,0,0,0
3676,18,bf67de5418153c78,2.029793,16.218361,1,15259,1,0,0,0,0,0,0,0,0,0,0,0,0,1
3677,18,9be16ad48379b4f0,1.526433,19.157442,1,14547,1,1,0,0,1,0,0,0,0,0,0,0,0,1
3678,18,8eaf02a518f506e3,1.146752,17.871115,1,14368,1,1,0,0,1,0,0,0,0,0,0,0,0,0
3679,18,8521baea20169992,0.861512,16.904745,1,14291,1,1,0,0,0,0,0,0,0,0,0,0,0,1
3680,18,ac255635452fd266,2.734529,19.657592,1,14190,2,0,0,0,1,0,0,0,0,0,0,0,0,1
3681,18,b6bb391ae977fe4a,2.056404,20.0,1,14566,1,1,0,0,1,0,0,0,0,0,0,0,0,1
3682,18,a07a1342e877d7ba,1.5449,19.814143,1,14519,1,1,0,0,1,0,0,0,0,0,0,0,0,0
3683,18,01655673532a9b8d,1.160625,20.0,1,14504,1,1,0,0,1,0,0,0,0,0,0,0,0,1
3684,18,4fe7aef236392174,1.916957,16.426484,0,14397,1,0,0,0,0,0,0,0,0,0,0,0,0,0
3685,18,cc2252b8ff7451b1,1.440138,19.298292,1,14499,1,1,0,0,1,0,0,0,0,0,0,0,0,1
3686,18,b04c4fe94f1175c7,1.081922,20.0,1,14463,1,1,0,0,1,0,0,0,0,0,0,0,0,1
3687,18,acf81c7c694f5252,0.812808,20.0,1,13701,1,1,0,0,1,0,0,0,0,0,0,0,0,1
3688,18,304b9ba82c495407,1.655393,20.0,1,13453,2,1,0,0,1,0,0,0,0,0,0,0,0,0
3689,18,d4c9463b18fe6dfd,2.287289,19.130982,1,13394,1,0,0,0,0,0,0,0,0,0,0,0,0,1
3690,18,5e70001997d8cb6d,1.718354,20.0,1,13470,1,1,0,0,1,0,0,0,0,0,0,0,0,1
3691,18,57e4447126217aa0,1.292227,20.0,1,13491,1,1,0,0,1,0,0,0,0,0,0,0,0,1
3692,18,c5760653ee62174e,3.058109,20.0,1,13438,2,0,0,0,0,0,0,0,0,0,0,0,0,1
3693,18,92b88848ef308c51,2.297443,20.0,1,13618,1,1,0,0,1,0,0,0,0,0,0,0,0,1
3694,18,beea929c168a171a,1.725983,20.0,1,13744,1,1,0,0,1,0,0,0,0,0,0,0,0,0
3695,18,0eb64148783faa5f,1.297964,18.838288,1,13756,1,1,0,0,0,0,0,0,0,0,0,0,0,1
3696,18,800f9b58da81d304,2.018765,20.0,1,13854,1,0,0,0,1,0,0,0,0,0,0,0,0,1
3697,18,ad622a238e6600d3,1.516623,19.338142,1,13952,1,1,0,0,1,0,0,0,0,0,0,0,0,0
3698,18,ca76f6fd0a4074a5,2.184672,20.0,1,13680,2,1,0,0,1,0,0,0,0,0,0,0,0,1
3699,18,e4fa28c3b421f5c4,1.641263,20.0,1,13857,1,1,0,0,1,0,0,0,0,0,0,0,0,1
3700,18,498023ccaed37b46,2.276673,20.0,1,13825,1,0,0,0,0,0,0,0,0,0,0,0,0,1
3701,18,2e18831798eb72f2,1.710379,19.136968,1,13916,1,1,0,0,1,0,0,0,0,0,0,0,0,0
3702,18,89eca362bce36892,2.33038,20.0,1,13916,2,1,0,0,1,0,0,0,0,0,0,0,0,1
3703,18,9682da7bf3da96d9,1.750727,19.520011,1,13997,1,1,0,0,0,0,0,0,0,0,0,0,0,1
3704,18,354fb149cfdf92e0,2.358909,20.0,1,13960,1,0,0,0,1,0,0,0,0,0,0,0,0,1
3705,18,07a9871527ded584,1.773933,19.740812,1,13762,1,1,0,0,1,0,0,0,0,0,0,0,0,0
3706,18,e75c776f4b4e19f8,2.376343,18.309379,1,13801,1,0,0,0,0,0,0,0,0,0,0,0,0,1
3707,18,1499f4a194d138c3,2.828911,20.0,1,13772,2,1,0,0,1,0,0,0,0,0,0,0,0,1
3708,18,9bf93fa8d0bdb2cc,3.168909,15.560783,0,13945,1,0,0,0,0,0,0,0,0,0,0,0,0,0
3709,18,fd77e62c97a5faf2,2.383064,18.662934,1,13732,1,1,0,0,1,0,0,0,0,0,0,0,0,1
3710,18,46497f7d2f0652c5,2.833961,14.020765,0,13834,1,0,0,0,0,0,0,0,0,0,0,0,0,0
3711,18,2869fcff984d0d4a,2.129049,17.490965,1,14116,1,1,0,0,1,0,0,0,0,0,0,0,0,1
3712,18,0cb6aef6d2dfbdb4,1.601075,16.633957,1,13913,1,1,0,0,1,0,0,0,0,0,0,0,0,0
3713,18,bea3e6ec20ea281e,2.246481,15.975315,1,14017,1,0,0,0,0,0,0,0,0,0,0,0,0,1
3714,18,3dca5d4bef8255e7,2.731351,18.959346,1,14089,2,1,0,0,1,0,0,0,0,0,0,0,0,1
3715,18,fd6a082643791c36,2.051962,20.0,1,13999,1,1,0,0,1,0,0,0,0,0,0,0,0,1
3716,18,65cefee8ecd51c71,2.587255,19.424059,1,13785,1,0,0,0,0,0,0,0,0,0,0,0,0,1
3717,18,3738b1017c435d4a,1.943708,18.071414,1,14729,1,1,0,0,1,0,0,0,0,0,0,0,0,0
3718,18,3ad6c83d57d45ff3,1.460235,20.0,1,14240,1,1,0,0,1,0,0,0,0,0,0,0,0,1
3719,18,2ab3f2fb0ab34ce5,2.142268,15.441911,0,14109,1,0,0,0,0,0,0,0,0,0,0,0,0,0
3720,18,1fe5b98e4c2d5e89,1.609406,18.558619,1,14258,1,1,0,0,1,0,0,0,0,0,0,0,0,1
3721,18,9e5cb46ab156130e,1.209087,17.421241,1,14008,1,1,0,0,1,0,0,0,0,0,0,0,0,0
3722,18,c9fd185360ae9778,2.995648,16.566772,1,14165,2,0,0,0,0,0,0,0,0,0,0,0,0,1
3723,18,5535d99fc56af2b0,2.25277,19.419452,1,14244,1,1,0,0,1,0,0,0,0,0,0,0,0,1
3724,18,20598094f68840a6,1.692422,18.067953,1,14203,1,1,0,0,1,0,0,0,0,0,0,0,0,0
3725,18,701741020018015b,1.271453,20.0,1,14157,1,1,0,0,1,0,0,0,0,0,0,0,0,1
3726,18,d9da923fb8e424a4,2.000302,15.439956,0,14052,1,0,0,0,0,0,0,0,0,0,0,0,0,0
3727,18,d3915ee9d637f27e,1.502752,18.55715,1,14281,1,1,0,0,1,0,0,0,0,0,0,0,0,1
3728,18,321c66e31feacdcb,1.128961,17.420138,1,14412,1,1,0,0,1,0,0,0,0,0,0,0,0,0
3729,18,ac59187201b88ef1,1.8918,16.565943,1,14335,1,0,0,0,0,0,0,0,0,0,0,0,0,1
3730,18,af88f6920009af3f,2.466811,19.418829,1,14323,2,1,0,0,1,0,0,0,0,0,0,0,0,1
3731,18,33bed9c222525c33,1.853223,18.067485,1,14501,1,1,0,0,1,0,0,0,0,0,0,0,0,0
3732,18,333d11e420ca1909,1.392257,20.0,1,14477,1,1,0,0,1,0,0,0,0,0,0,0,0,1
3733,18,eb047712fdcc3d05,1.046997,20.0,1,14384,1,1,0,0,1,0,0,0,0,0,0,0,0,1
3734,18,0e4c1685bffd3c60,1.830223,20.0,1,14575,2,1,0,0,0,0,0,0,0,0,0,0,0,1
3735,18,5ed96e330ff5e37b,2.418632,20.0,1,14468,1,0,0,0,1,0,0,0,0,0,0,0,0,1
3736,18,cdba1f8e6de8f3f9,1.817027,20.0,1,14336,1,1,0,0,1,0,0,0,0,0,0,0,0,0
3737,18,383027d84219da7f,1.366431,20.0,1,14353,1,1,0,0,1,0,0,0,0,0,0,0,0,1
3738,18,1f192c153e9251f6,2.070202,20.0,1,14331,1,0,0,0,0,0,0,0,0,0,0,0,0,1
3739,18,1414c53cc49ef8d5,1.555265,18.580867,1,14287,1,1,0,0,1,0,0,0,0,0,0,0,0,0
3740,18,952f864c7dc38f1d,2.213732,20.0,1,14439,2,1,0,0,1,0,0,0,0,0,0,0,0,1
3741,18,33c6b12926b1d0fc,1.663094,20.0,1,14512,1,1,0,0,1,0,0,0,0,0,0,0,0,1
3742,18,4b907b7df22d9973,2.293074,17.042153,0,14629,1,0,0,0,0,0,0,0,0,0,0,0,0,0
3743,18,b459f5ea2ef638b2,1.722701,19.760821,1,14515,1,1,0,0,1,0,0,0,0,0,0,0,0,1
3744,18,d30eb141441fe5ec,2.339646,20.0,1,14755,2,1,0,0,1,0,0,0,0,0,0,0,0,1
3745,18,a59554ce9fd72d3c,1.757689,20.0,1,14866,1,1,0,0,1,0,0,0,0,0,0,0,0,1
3746,18,921c9bc568e9aff3,1.320486,20.0,1,15100,1,1,0,0,1,0,0,0,0,0,0,0,0,1
3747,18,5f8669e4ca006f10,2.037175,20.0,1,14768,1,0,0,0,0,0,0,0,0,0,0,0,0,1
3748,18,5f26667a7bfc2da8,2.574106,20.0,1,15177,2,1,0,0,1,0,0,0,0,0,0,0,0,1
3749,18,83dde537fc3fbcbf,1.93383,20.0,1,15275,1,1,0,0,1,0,0,0,0,0,0,0,0,0
3750,18,9f54cdbc88f10091,2.496468,19.307327,1,15139,1,0,0,0,0,0,0,0,0,0,0,0,0,1
3751,18,68321c501031aad7,1.877379,17.999887,1,15372,1,1,0,0,1,0,0,0,0,0,0,0,0,0
3752,18,4444f3b837b96ed5,2.454058,20.0,1,15248,2,1,0,0,1,0,0,0,0,0,0,0,0,1
3753,18,78222c1543e72b4a,2.887295,18.864952,1,15461,1,0,0,0,0,0,0,0,0,0,0,0,0,1
3754,18,8cefc4298d71f0e9,2.171287,20.0,1,15424,1,1,0,0,1,0,0,0,0,0,0,0,0,1
3755,18,1a9998e5bbc3fdd2,2.67486,19.366333,1,15529,2,1,0,0,1,0,0,0,0,0,0,0,0,0
3756,18,1aa242d1d204c13c,2.009523,20.0,1,15901,1,1,0,0,1,0,0,0,0,0,0,0,0,1
3757,18,e949c93948b2aa5f,2.553333,19.636168,1,15691,1,0,0,0,0,0,0,0,0,0,0,0,0,1
3758,18,6ca77b6eabae7390,2.964293,20.0,1,15927,2,1,0,0,1,0,0,0,0,0,0,0,0,1
3759,18,d48a137d779f8a0a,2.226963,19.802039,1,15960,1,1,0,0,0,0,0,0,0,0,0,0,0,1
3760,19,1fd48474a6be9a50,2.716687,18.355376,1,14000,1,0,0,0,1,0,0,0,0,0,0,0,0,0
3761,19,40ab05863d40ab6a,2.042987,20.0,1,14114,1,1,0,0,1,0,0,0,0,0,0,0,0,1
3762,19,9fa3e60e300cac94,1.53482,19.078443,1,14138,1,1,0,0,1,0,0,0,0,0,0,0,0,0
3763,19,9522afc9eb92ebd2,2.196706,20.0,1,14031,2,1,0,0,1,0,0,0,0,0,0,0,0,1
3764,19,0fba0eaa5e567fe1,2.693957,19.473684,1,14059,1,0,0,0,0,0,0,0,0,0,0,0,0,1
3765,19,8f9f8c22e25048df,2.025894,18.12499,1,14013,1,1,0,0,1,0,0,0,0,0,0,0,0,0
3766,19,025aca0c2fc547cd,1.521978,20.0,1,13892,1,1,0,0,1,0,0,0,0,0,0,0,0,1
3767,19,ea7305c3d0c4eb0e,1.143405,15.456715,0,14160,1,1,0,0,0,0,0,0,0,0,0,0,0,0
3768,19,b3bc2710b036c5b2,1.904008,18.584673,1,13836,1,0,0,0,1,0,0,0,0,0,0,0,0,1
3769,19,3c254a4fca255c07,1.43041,20.0,1,13989,1,1,0,0,1,0,0,0,0,0,0,0,0,1
3770,19,7fb0256f65ce4ff6,1.074613,19.195002,1,13950,1,1,0,0,1,0,0,0,0,0,0,0,0,0
3771,19,a69e89495c03d18a,0.807317,20.0,1,14065,1,1,0,0,1,0,0,0,0,0,0,0,0,1
3772,19,ba87dd4319678e85,0.607114,20.0,1,13932,1,1,0,0,1,0,0,0,0,0,0,0,0,1
3773,19,3e895dd2e76d3ae9,1.499755,17.307361,0,13975,1,0,0,0,0,0,0,0,0,0,0,0,0,0
3774,19,5bfa9aaebee05047,1.12671,19.960062,1,13893,1,1,0,0,1,0,0,0,0,0,0,0,0,1
3775,19,ca3938afd42b6b51,1.891453,20.0,1,14045,2,1,0,0,1,0,0,0,0,0,0,0,0,1
3776,19,3840b1179d01d5ca,2.464631,16.506182,0,14027,1,0,0,0,0,0,0,0,0,0,0,0,0,0
3777,19,3ad00a257add4750,1.851585,19.358167,1,13986,1,1,0,0,1,0,0,0,0,0,0,0,0,1
3778,19,715e21df0f1ac6b8,1.391027,20.0,1,14013,1,1,0,0,1,0,0,0,0,0,0,0,0,1
3779,19,ab882b57d80326bc,2.090222,20.0,1,13827,2,1,0,0,1,0,0,0,0,0,0,0,0,1
3780,19,de121b1615b372cf,1.570306,17.376613,0,14071,1,1,0,0,0,0,0,0,0,0,0,0,0,0
3781,19,0469b68beb7ba893,2.223366,20.0,1,13909,1,0,0,0,1,0,0,0,0,0,0,0,0,1
3782,19,77ed09b9b5fdd2d5,1.672003,18.529878,1,13870,1,1,0,0,1,0,0,0,0,0,0,0,0,0
3783,19,f45c2f458d50995d,1.256113,20.0,1,14147,1,1,0,0,1,0,0,0,0,0,0,0,0,1
3784,19,970cba8aa9e83add,0.943671,20.0,1,13905,1,1,0,0,1,0,0,0,0,0,0,0,0,1
3785,19,8c235a0ae63b488b,1.752598,20.0,1,14022,2,1,0,0,1,0,0,0,0,0,0,0,0,1
3786,19,2bce3cabc81dd490,2.362129,18.02463,0,14026,1,0,0,0,0,0,0,0,0,0,0,0,0,0
3787,19,308bd744ed8c33ff,1.774579,20.0,1,14036,1,1,0,0,1,0,0,0,0,0,0,0,0,1
3788,19,51952867e827cf95,1.333175,18.878917,1,13886,1,1,0,0,1,0,0,0,0,0,0,0,0,0
3789,19,443f5748c5da71ed,3.090868,17.677716,1,13850,2,0,0,0,0,0,0,0,0,0,0,0,0,1
3790,19,30f0b4f090c40f84,2.322053,20.0,1,14045,1,1,0,0,1,0,0,0,0,0,0,0,0,1
3791,19,1d09943f7d6afd36,1.744472,20.0,1,13934,1,1,0,0,1,0,0,0,0,0,0,0,0,1
3792,19,38015449e0d5de60,2.35421,20.0,1,13986,1,0,0,0,0,0,0,0,0,0,0,0,0,1
3793,19,0aa8eb1fa4174cec,1.770399,18.61727,1,13716,1,1,0,0,1,0,0,0,0,0,0,0,0,0
3794,19,c2ce5426e8cb1884,2.373688,20.0,1,13833,2,1,0,0,1,0,0,0,0,0,0,0,0,1
3795,19,c9dc82573c2df3cf,1.783263,20.0,1,13799,1,1,0,0,1,0,0,0,0,0,0,0,0,1
3796,19,bbcfcbe99e6bbf4c,1.341039,20.0,1,13691,1,1,0,0,1,0,0,0,0,0,0,0,0,1
3797,19,64006fe84f928857,2.051126,18.049757,0,13543,1,0,0,0,0,0,0,0,0,0,0,0,0,0
3798,19,c9bd102f551668a0,1.540934,20.0,1,13886,1,1,0,0,1,0,0,0,0,0,0,0,0,1
3799,19,89bcfc46545eb1fe,3.244953,18.893098,1,13873,2,0,0,0,0,0,0,0,0,0,0,0,0,1
3800,19,b6826c3626ab11c0,2.440251,17.688381,1,13844,1,1,0,0,1,0,0,0,0,0,0,0,0,0
3801,19,875cb912c92fde5c,1.833269,20.0,1,13871,1,1,0,0,1,0,0,0,0,0,0,0,0,1
3802,19,a550f74ee3fbf7db,2.42092,18.689139,1,13908,1,0,0,0,0,0,0,0,0,0,0,0,0,1
3803,19,8074ccb92386ffb3,1.820566,17.535001,1,13763,1,1,0,0,1,0,0,0,0,0,0,0,0,0
3804,19,018889d97ed20bd4,1.367723,20.0,1,13720,1,1,0,0,1,0,0,0,0,0,0,0,0,1
3805,19,7c8ee0c0273a6f37,2.071173,15.123727,0,13633,1,0,0,0,0,0,0,0,0,0,0,0,0,0
3806,19,a2461c73f96c3fb8,1.555995,18.31958,1,13561,1,1,0,0,1,0,0,0,0,0,0,0,0,1
3807,19,49e9f70fe4d0cee0,1.17013,13.776585,0,13706,1,1,0,0,0,0,0,0,0,0,0,0,0,0
3808,19,1e382182a1979b62,1.922728,17.307523,1,13804,1,0,0,0,1,0,0,0,0,0,0,0,0,1
3809,19,f1875dddd24a01a6,1.444474,19.960184,1,13727,1,1,0,0,1,0,0,0,0,0,0,0,0,1
3810,19,e3d87f480299c471,1.086265,18.490844,1,13585,1,1,0,0,1,0,0,0,0,0,0,0,0,0
3811,19,b1e92a86797c6860,0.81607,20.0,1,13867,1,1,0,0,1,0,0,0,0,0,0,0,0,1
3812,19,ea077ab52e860221,0.613083,15.663201,0,13871,1,1,0,0,0,0,0,0,0,0,0,0,0,0
3813,19,e149c612cd4208a5,1.50424,18.724867,1,13865,1,0,0,0,1,0,0,0,0,0,0,0,0,1
3814,19,6ed0c4a07e63e1a1,2.17536,20.0,1,13740,2,1,0,0,1,0,0,0,0,0,0,0,0,1
3815,19,1356e7dd4525054b,1.634267,19.287191,1,13876,1,1,0,0,0,0,0,0,0,0,0,0,0,1
3816,19,be3020cd317ef712,2.271417,17.96859,1,13922,1,0,0,0,1,0,0,0,0,0,0,0,0,0
3817,19,525883dcfa853102,1.708138,20.0,1,13876,1,1,0,0,1,0,0,0,0,0,0,0,0,1
3818,19,95cc87440b0105d9,1.28326,20.0,1,13976,1,1,0,0,1,0,0,0,0,0,0,0,0,1
3819,19,25bfd20738a4a016,0.964065,20.0,1,13725,1,1,0,0,1,0,0,0,0,0,0,0,0,0
3820,19,a6cf667e3dbfac80,0.724266,20.0,1,14032,1,1,0,0,1,0,0,0,0,0,0,0,0,1
3821,19,c929c6d91d2e8127,2.63296,20.0,1,13972,2,0,0,0,0,0,0,0,0,0,0,0,0,1
3822,19,9867532399361408,1.978044,20.0,1,14059,1,1,0,0,1,0,0,0,0,0,0,0,0,1
3823,19,225cc3b5ba587ba9,1.486031,20.0,1,14045,1,1,0,0,1,0,0,0,0,0,0,0,0,1
3824,19,a683c9983dfed13b,2.161667,17.719471,0,14018,1,0,0,0,0,0,0,0,0,0,0,0,0,0
3825,19,8d9b71bb72f4406f,2.667633,20.0,1,14044,2,1,0,0,1,0,0,0,0,0,0,0,0,1
3826,19,ac9a68909547035a,2.004093,20.0,1,14062,1,1,0,0,1,0,0,0,0,0,0,0,0,1
3827,19,0be32d6a5e03d2a4,1.5056,20.0,1,13973,1,1,0,0,1,0,0,0,0,0,0,0,0,0
3828,19,7c4c25f3a9e9e25a,2.176383,18.630584,1,13972,1,0,0,0,0,0,0,0,0,0,0,0,0,1
3829,19,7bcdc850dd06b5b4,1.635035,20.0,1,13722,1,1,0,0,1,0,0,0,0,0,0,0,0,1
3830,19,8bcaa73c4863e620,1.228341,20.0,1,13755,1,1,0,0,1,0,0,0,0,0,0,0,0,1
3831,19,854c8af35ff468e8,1.96788,17.070542,0,13533,2,1,0,0,0,0,0,0,0,0,0,0,0,0
3832,19,ccdc9b2357048c54,2.522048,19.782149,1,13514,1,0,0,0,1,0,0,0,0,0,0,0,0,1
3833,19,4a845126eebf9367,1.894721,18.340434,1,13377,1,1,0,0,1,0,0,0,0,0,0,0,0,0
3834,19,95769102f30e7718,1.423433,20.0,1,13352,1,1,0,0,1,0,0,0,0,0,0,0,0,1
3835,19,ddd242edd95daf05,1.070442,20.0,1,13462,1,1,0,0,1,0,0,0,0,0,0,0,0,1
3836,19,4e3a66086b013232,1.847836,16.944653,0,13625,1,0,0,0,0,0,0,0,0,0,0,0,0,0
3837,19,5bd4082f05473405,1.38821,19.687573,1,13553,1,1,0,0,1,0,0,0,0,0,0,0,0,1
3838,19,bb1118387e5acd8c,1.043954,20.0,1,13730,1,1,0,0,1,0,0,0,0,0,0,0,0,1
3839,19,d86d87bdd8bbb3f9,1.827937,20.0,1,14077,2,1,0,0,1,0,0,0,0,0,0,0,0,1
3840,19,d157af6115943b69,2.416914,17.511876,0,13863,1,0,0,0,0,0,0,0,0,0,0,0,0,0
3841,19,a845ef9445885260,1.815737,20.0,1,14053,1,1,0,0,1,0,0,0,0,0,0,0,0,1
3842,19,840c7a3e90d51962,2.409611,18.606296,1,13917,1,0,0,0,0,0,0,0,0,0,0,0,0,1
3843,19,f12d2e20472dc4d1,1.81025,20.0,1,14160,1,1,0,0,1,0,0,0,0,0,0,0,0,1
3844,19,e2bc66001fdcd91c,1.359973,19.207206,1,14456,1,1,0,0,0,0,0,0,0,0,0,0,0,1
3845,19,d8ff42f65a4504e1,2.06687,17.924595,1,15110,1,0,0,0,1,0,0,0,0,0,0,0,0,0
3846,19,02dfb24fef8ff3b2,2.596415,20.0,1,15029,2,1,0,0,1,0,0,0,0,0,0,0,0,1
3847,19,7f2b616c06261948,2.994243,15.343613,0,16297,1,0,0,0,0,0,0,0,0,0,0,0,0,0
3848,19,8f793373c9685963,2.249463,18.484772,1,16235,1,1,0,0,1,0,0,0,0,0,0,0,0,1
3849,19,08da257a83eeb454,3.779929,17.381313,1,15925,2,0,0,0,0,0,0,0,0,0,0,0,0,1
3850,19,a639c3c6a63f7fcc,2.83972,20.0,1,15818,1,1,0,0,1,0,0,0,0,0,0,0,0,1
3851,19,d9e25813f48fec33,2.133375,18.515832,1,15857,1,1,0,0,0,0,0,0,0,0,0,0,0,1
3852,19,9015cc0a32717932,2.648479,17.404671,1,15787,1,0,0,0,1,0,0,0,0,0,0,0,0,0
3853,19,c4cd7f89c4c77892,3.033357,20.0,1,16624,2,1,0,0,1,0,0,0,0,0,0,0,0,1
3854,19,9de9db690e04dc7e,2.278847,20.0,1,16340,1,1,0,0,1,0,0,0,0,0,0,0,0,1
3855,19,8cbf0d972271d707,2.755666,20.0,1,16320,1,0,0,0,0,0,0,0,0,0,0,0,0,1
3856,19,aa084e76eb1ec727,3.116451,20.0,1,16030,2,1,0,0,1,0,0,0,0,0,0,0,0,1
3857,19,20d53f683e5923df,2.341273,20.0,1,16101,1,1,0,0,1,0,0,0,0,0,0,0,0,1
3858,19,664a282da5d02405,2.802564,20.0,1,15913,1,0,0,0,0,0,0,0,0,0,0,0,0,1
3859,19,ac4d32b2f60eba89,3.151719,20.0,1,14091,2,1,0,0,1,0,0,0,0,0,0,0,0,1
3860,19,c25194900e321227,2.367768,20.0,1,13541,1,1,0,0,1,0,0,0,0,0,0,0,0,1
3861,19,80123b140c61e541,2.822469,18.123513,0,13345,1,0,0,0,0,0,0,0,0,0,0,0,0,0
3862,19,4bcc8c03cfa66425,2.120416,20.0,1,13522,1,1,0,0,1,0,0,0,0,0,0,0,0,1
3863,19,67092c594570d6c3,1.594583,20.0,1,13548,1,1,0,0,1,0,0,0,0,0,0,0,0,1
3864,19,2e745b600a804de3,2.241604,16.852585,0,13757,1,0,0,0,0,0,0,0,0,0,0,0,0,0
3865,19,59629e1a52c1173a,2.727687,19.618406,1,13849,2,1,0,0,1,0,0,0,0,0,0,0,0,1
3866,19,31f0b0e2dda7694d,2.051259,20.0,1,13617,1,1,0,0,1,0,0,0,0,0,0,0,0,1
3867,19,0ccdfdc5174f2e6b,2.584688,19.792005,1,13694,1,0,0,0,0,0,0,0,0,0,0,0,0,1
3868,19,71e535bf734d1f9b,1.941779,18.347838,1,13694,1,1,0,0,1,0,0,0,0,0,0,0,0,0
3869,19,c87487c22ad3245f,1.458786,20.0,1,13625,1,1,0,0,1,0,0,0,0,0,0,0,0,1
3870,19,a0df8717d79dfeca,2.141178,15.598079,0,13650,1,0,0,0,0,0,0,0,0,0,0,0,0,0
3871,19,16897aa8b16c2225,1.608587,18.675943,1,13700,1,1,0,0,1,0,0,0,0,0,0,0,0,1
3872,19,3598548755ed4241,1.208472,20.0,1,13460,1,1,0,0,1,0,0,0,0,0,0,0,0,1
3873,19,3ce0f1987e90febd,0.908788,20.0,1,13615,1,1,0,0,1,0,0,0,0,0,0,0,0,1
3874,19,174b1ba446d11fcf,1.726392,20.0,1,13685,2,1,0,0,1,0,0,0,0,0,0,0,0,1
3875,19,4214208bd4921e8f,2.340627,18.063917,0,13612,1,0,0,0,0,0,0,0,0,0,0,0,0,0
3876,19,be32a196991e6bcb,1.758425,20.0,1,13545,1,1,0,0,1,0,0,0,0,0,0,0,0,1
3877,19,d92cff3db3567d7e,1.322361,18.918177,1,13721,1,1,0,0,1,0,0,0,0,0,0,0,0,0
3878,19,a13b48c123d78a09,0.99344,20.0,1,13621,1,1,0,0,1,0,0,0,0,0,0,0,0,1
3879,19,156dbd46a943f40a,0.746335,15.904386,0,13591,1,1,0,0,0,0,0,0,0,0,0,0,0,0
3880,19,8e83cdec121c2be9,1.605405,18.921328,1,13550,1,0,0,0,1,0,0,0,0,0,0,0,0,1
3881,19,c883e13bb863d839,1.206081,17.693731,1,13737,1,1,0,0,1,0,0,0,0,0,0,0,0,0
3882,19,7d82dd11924d2e62,0.906083,20.0,1,13588,1,1,0,0,1,0,0,0,0,0,0,0,0,1
3883,19,c2de4a14bf57e874,2.768013,18.692159,1,13740,2,0,0,0,0,0,0,0,0,0,0,0,0,1
3884,19,890df85f500ad2ca,2.081585,17.537272,1,13565,1,1,0,0,1,0,0,0,0,0,0,0,0,0
3885,19,78d82f4b1445a7af,1.563817,20.0,1,13645,1,1,0,0,1,0,0,0,0,0,0,0,0,1
3886,19,af6769ce55582a4b,2.218491,18.603854,1,13456,1,0,0,0,0,0,0,0,0,0,0,0,0,1
3887,19,7ad52bb44ccca57d,1.668337,17.470865,1,13515,1,1,0,0,1,0,0,0,0,0,0,0,0,0
3888,19,e133e683b3a3bf75,1.253359,20.0,1,13609,1,1,0,0,1,0,0,0,0,0,0,0,0,1
3889,19,454709357d9aedba,1.985255,15.08753,0,13661,1,0,0,0,0,0,0,0,0,0,0,0,0,0
3890,19,6eb92eeb8ab9d487,1.491448,18.292386,1,13562,1,1,0,0,1,0,0,0,0,0,0,0,0,1
3891,19,4145fdc9cb93cc08,2.165741,20.0,1,13516,2,1,0,0,1,0,0,0,0,0,0,0,0,1
3892,19,b1059cbdfdb77194,2.670693,15.564012,0,13564,1,0,0,0,0,0,0,0,0,0,0,0,0,0
3893,19,de96d9cc38067468,2.006392,18.650349,1,13576,1,1,0,0,1,0,0,0,0,0,0,0,0,1
3894,19,c45256968617ab3e,2.552986,14.025328,0,13505,1,0,0,0,0,0,0,0,0,0,0,0,0,0
3895,19,b87817cd6f02f773,1.917963,17.494394,1,13552,1,1,0,0,1,0,0,0,0,0,0,0,0,1
3896,19,ee21f17229356cae,1.440894,13.142884,0,13573,1,1,0,0,0,0,0,0,0,0,0,0,0,0
3897,19,c64f059a9f303588,2.126143,16.831447,1,13436,1,0,0,0,1,0,0,0,0,0,0,0,0,1
3898,19,b5904d82bb17141d,1.59889,16.137989,1,13622,1,1,0,0,1,0,0,0,0,0,0,0,0,0
3899,19,572f5fb11a337661,1.201186,19.081557,1,13586,1,1,0,0,1,0,0,0,0,0,0,0,0,1
3900,19,1b7828c24210f758,0.902406,17.814105,1,13687,1,1,0,0,0,0,0,0,0,0,0,0,0,1
3901,19,be3e749f6014944c,1.722773,16.876963,1,13603,1,0,0,0,1,0,0,0,0,0,0,0,0,0
3902,19,869ce0f3af8978b0,1.294255,19.63672,1,13799,1,1,0,0,1,0,0,0,0,0,0,0,0,1
3903,19,2dc09930b27ff16e,2.015979,18.231178,1,13777,1,0,0,0,0,0,0,0,0,0,0,0,0,1
3904,19,36e33018d39a8051,1.514529,17.175247,1,13683,1,1,0,0,1,0,0,0,0,0,0,0,0,0
3905,19,acb09c488922d336,1.138948,19.877034,1,13755,1,1,0,0,1,0,0,0,0,0,0,0,0,1
3906,19,d54fb8def02908b5,1.899302,20.0,1,13912,2,1,0,0,1,0,0,0,0,0,0,0,0,1
3907,19,e6d3d3ae8a1fe0f6,2.470528,16.445561,0,14049,1,0,0,0,0,0,0,0,0,0,0,0,0,0
3908,19,72083b0248a41659,1.857872,19.328299,1,13752,1,1,0,0,1,0,0,0,0,0,0,0,0,1
3909,19,51bd2902bb7f9e06,1.39575,20.0,1,14075,1,1,0,0,1,0,0,0,0,0,0,0,0,1
3910,19,46e75e26a6a10c3a,2.092228,16.135857,0,13905,1,0,0,0,0,0,0,0,0,0,0,0,0,0
3911,19,96f296e60b38588b,1.571813,19.079955,1,14153,1,1,0,0,1,0,0,0,0,0,0,0,0,1
3912,19,3f147ed0c60e8fd4,1.182026,17.8289,1,13786,1,1,0,0,1,0,0,0,0,0,0,0,0,0
3913,19,ca02d5efd9a8629d,2.975318,16.873031,1,14034,2,0,0,0,0,0,0,0,0,0,0,0,0,1
3914,19,8861b897acf90580,2.235245,19.633766,1,14136,1,1,0,0,1,0,0,0,0,0,0,0,0,1
3915,19,59d92f3656dce0ac,1.680936,20.0,1,14020,1,1,0,0,1,0,0,0,0,0,0,0,0,1
3916,19,fbb3f8b5de87a3da,1.262825,19.800683,1,14366,1,1,0,0,1,0,0,0,0,0,0,0,0,0
3917,19,0e4907377e07db9e,3.03602,18.354357,1,14393,2,0,0,0,0,0,0,0,0,0,0,0,0,1
3918,19,5f5e749d3b2c3370,2.280848,20.0,1,14237,1,1,0,0,1,0,0,0,0,0,0,0,0,1
3919,19,db5bb81ea985fb78,1.71523,20.0,1,14346,1,1,0,0,1,0,0,0,0,0,0,0,0,1
3920,19,4550937b7340214d,1.288588,20.0,1,14384,1,1,0,0,1,0,0,0,0,0,0,0,0,0
3921,19,61e27ccd7e68f2c3,2.011722,18.826694,1,14427,1,0,0,0,0,0,0,0,0,0,0,0,0,1
3922,19,86f76ae0bc27159c,1.512843,17.638444,1,14465,1,1,0,0,1,0,0,0,0,0,0,0,0,0
3923,19,d0c5721d9bdf4340,1.136543,20.0,1,14417,1,1,0,0,1,0,0,0,0,0,0,0,0,1
3924,19,277cfd13128aefcd,0.853842,18.660955,1,14614,1,1,0,0,1,0,0,0,0,0,0,0,0,0
3925,19,255dd1efda437f53,2.728766,17.498122,1,14750,2,0,0,0,0,0,0,0,0,0,0,0,0,1
3926,19,ec386017f0341806,2.052071,20.0,1,14436,1,1,0,0,1,0,0,0,0,0,0,0,0,1
3927,19,474a81085f70e1a0,1.541644,18.594129,1,14806,1,1,0,0,1,0,0,0,0,0,0,0,0,0
3928,19,de5313258ef02f88,1.15818,20.0,1,14614,1,1,0,0,1,0,0,0,0,0,0,0,0,1
3929,19,c63ab3a3abdca0f2,1.915118,15.737224,0,14525,1,0,0,0,0,0,0,0,0,0,0,0,0,0
3930,19,1f5c4c702c24d344,1.438757,18.780477,1,14559,1,1,0,0,1,0,0,0,0,0,0,0,0,1
3931,19,b55ebbf1375c1430,1.080884,20.0,1,14367,1,1,0,0,1,0,0,0,0,0,0,0,0,1
3932,19,7e124636fc4e88b8,1.855681,15.826669,0,14246,1,0,0,0,0,0,0,0,0,0,0,0,0,0
3933,19,f73d1d5f3106bb9d,2.439649,18.862884,1,14414,2,1,0,0,1,0,0,0,0,0,0,0,0,1
3934,19,e5ba36a1a988dbb5,2.876471,17.649824,1,14422,1,0,0,0,0,0,0,0,0,0,0,0,0,1
3935,19,d4c4c067f2125264,2.160985,20.0,1,14572,1,1,0,0,1,0,0,0,0,0,0,0,0,1
3936,19,b9f93df10b402b99,1.625091,18.684231,1,14526,1,1,0,0,1,0,0,0,0,0,0,0,0,0
3937,19,08c284872d373b00,2.264524,17.515609,1,14787,1,0,0,0,0,0,0,0,0,0,0,0,0,1
3938,19,673dae826b713c77,1.701252,16.637667,1,14929,1,1,0,0,1,0,0,0,0,0,0,0,0,0
3939,19,ed44bcaf8c6e183e,1.278087,19.456946,1,14975,1,1,0,0,1,0,0,0,0,0,0,0,0,1
3940,19,ee0720ed1372f605,3.049441,18.112402,1,14947,2,0,0,0,0,0,0,0,0,0,0,0,0,1
3941,19,50f34592703d18be,2.290931,17.086015,1,14666,1,1,0,0,1,0,0,0,0,0,0,0,0,0
3942,19,bfecb4d7c1353840,1.721091,19.793774,1,14714,1,1,0,0,1,0,0,0,0,0,0,0,0,1
3943,19,ae6157874d995eb8,1.294285,14.8852,0,14695,1,1,0,0,0,0,0,0,0,0,0,0,0,0
3944,19,1cda1a60fae83159,2.016001,18.140383,1,14452,1,0,0,0,1,0,0,0,0,0,0,0,0,1
3945,19,640f0210486826c5,1.514546,20.0,1,14262,1,1,0,0,1,0,0,0,0,0,0,0,0,1
3946,19,946753e8528a4742,1.137822,18.944247,1,14434,1,1,0,0,1,0,0,0,0,0,0,0,0,0
3947,19,7ea724ac4fa5a36d,0.855658,17.726846,1,14333,1,1,0,0,0,0,0,0,0,0,0,0,0,1
3948,19,c22e79716a5ac234,1.686477,16.796361,1,14473,1,0,0,0,1,0,0,0,0,0,0,0,0,0
3949,19,72539429e36f2989,1.266987,19.576167,1,14422,1,1,0,0,1,0,0,0,0,0,0,0,0,1
3950,19,7c071c46d6f80d33,0.952793,18.202058,1,14167,1,1,0,0,1,0,0,0,0,0,0,0,0,0
3951,19,5ea4b6ff0ef92622,0.715797,20.0,1,14186,1,1,0,0,1,0,0,0,0,0,0,0,0,1
3952,19,0f14aaaacb415560,0.537752,18.979056,1,13771,1,1,0,0,1,0,0,0,0,0,0,0,0,0
3953,19,5c0cae862e7a23cc,0.403993,20.0,1,13875,1,1,0,0,1,0,0,0,0,0,0,0,0,1
3954,19,75b219acc20a8629,1.347959,15.954693,0,13838,1,0,0,0,0,0,0,0,0,0,0,0,0,0
3955,19,7bf135a4b29f0f03,1.012671,18.943853,1,13773,1,1,0,0,1,0,0,0,0,0,0,0,0,1
3956,19,0b131bd9c897623b,0.760782,20.0,1,13804,1,1,0,0,1,0,0,0,0,0,0,0,0,1
3957,19,bace3560a0fe8d52,0.572119,19.415306,1,14080,1,1,0,0,1,0,0,0,0,0,0,0,0,0
3958,19,1e4af2d0083db375,0.429812,20.0,1,14130,1,1,0,0,1,0,0,0,0,0,0,0,0,1
3959,19,8387acb2fc19b0d9,1.366555,20.0,1,13768,2,1,0,0,1,0,0,0,0,0,0,0,0,1
3960,19,d35b405b8bbecb06,1.026641,20.0,1,13799,1,1,0,0,0,0,0,0,0,0,0,0,0,1
3961,19,3af1f6851f3045b2,1.8162,19.17132,1,13821,1,0,0,0,1,0,0,0,0,0,0,0,0,0
3962,19,e704528479ce959e,1.364443,20.0,1,13556,1,1,0,0,1,0,0,0,0,0,0,0,0,1
3963,19,3d2d7993b6a01d57,1.025055,19.526103,1,13748,1,1,0,0,1,0,0,0,0,0,0,0,0,0
3964,19,06ab485861cbaa82,0.770856,20.0,1,13360,1,1,0,0,1,0,0,0,0,0,0,0,0,1
3965,19,bdf48a634373fe59,0.579115,19.739857,1,13810,1,1,0,0,1,0,0,0,0,0,0,0,0,0
3966,19,3cf83dc48d6ca973,1.478721,18.308661,1,13679,1,0,0,0,0,0,0,0,0,0,0,0,0,1
3967,20,1fd48474a6be9a50,1.110908,17.233457,1,14039,1,1,0,0,1,0,0,0,0,0,0,0,0,0
3968,20,40ab05863d40ab6a,0.835418,19.920809,1,14095,1,1,0,0,1,0,0,0,0,0,0,0,0,1
3969,20,9fa3e60e300cac94,1.671272,14.965759,0,14237,1,0,0,0,0,0,0,0,0,0,0,0,0,0
3970,20,9522afc9eb92ebd2,1.255564,18.200904,1,14321,1,1,0,0,1,0,0,0,0,0,0,0,0,1
3971,20,0fba0eaa5e567fe1,0.944202,17.167841,1,13825,1,1,0,0,1,0,0,0,0,0,0,0,0,0
3972,20,8f9f8c22e25048df,1.752997,16.376402,1,14004,1,0,0,0,0,0,0,0,0,0,0,0,0,1
3973,20,025aca0c2fc547cd,1.316961,15.781823,1,13834,1,1,0,0,1,0,0,0,0,0,0,0,0,0
3974,20,ea7305c3d0c4eb0e,0.989384,18.813983,1,13887,1,1,0,0,1,0,0,0,0,0,0,0,0,1
3975,20,b3bc2710b036c5b2,0.744031,20.0,1,13837,1,1,0,0,1,0,0,0,0,0,0,0,0,1
3976,20,3c254a4fca255c07,2.646269,19.337538,1,13994,2,0,0,0,0,0,0,0,0,0,0,0,0,1
3977,20,7fb0256f65ce4ff6,1.988043,18.006414,1,14197,1,1,0,0,1,0,0,0,0,0,0,0,0,0
3978,20,a69e89495c03d18a,1.495037,20.0,1,13930,1,1,0,0,1,0,0,0,0,0,0,0,0,1
3979,20,ba87dd4319678e85,1.123165,20.0,1,13975,1,1,0,0,1,0,0,0,0,0,0,0,0,1
3980,20,3e895dd2e76d3ae9,1.887445,16.798335,0,14013,1,0,0,0,0,0,0,0,0,0,0,0,0,0
3981,20,5bfa9aaebee05047,1.417967,19.577651,1,13993,1,1,0,0,1,0,0,0,0,0,0,0,0,1
3982,20,ca3938afd42b6b51,1.066332,18.203174,1,13981,1,1,0,0,1,0,0,0,0,0,0,0,0,0
3983,20,3840b1179d01d5ca,0.801095,17.154209,1,13911,1,1,0,0,0,0,0,0,0,0,0,0,0,1
3984,20,3ad00a257add4750,1.645486,16.36616,1,14014,1,0,0,0,1,0,0,0,0,0,0,0,0,0
3985,20,715e21df0f1ac6b8,2.28158,19.268589,1,13996,2,1,0,0,1,0,0,0,0,0,0,0,0,1
3986,20,ab882b57d80326bc,1.714065,17.954615,1,13977,1,1,0,0,0,0,0,0,0,0,0,0,0,1
3987,20,de121b1615b372cf,2.331367,20.0,1,14063,1,0,0,0,1,0,0,0,0,0,0,0,0,1
3988,20,58b8431551715724,1.751469,18.839401,1,13995,1,1,0,0,1,0,0,0,0,0,0,0,0,0
3989,20,23e17bd6c1c20f85,2.36128,20.0,1,14037,2,1,0,0,1,0,0,0,0,0,0,0,0,1
3990,20,c8292701595322e6,2.817595,19.351898,1,14005,1,0,0,0,0,0,0,0,0,0,0,0,0,1
3991,20,10c80b0b9d50bf2d,2.116754,20.0,1,13914,1,1,0,0,1,0,0,0,0,0,0,0,0,1
3992,20,f6d7570dbe7171fa,1.591829,19.645835,1,13790,1,1,0,0,1,0,0,0,0,0,0,0,0,0
3993,20,50afc0b225fbdddd,1.195881,20.0,1,14052,1,1,0,0,1,0,0,0,0,0,0,0,0,1
3994,20,26bf505ffeb94bbf,1.942074,16.315073,0,14004,1,0,0,0,0,0,0,0,0,0,0,0,0,0
3995,20,e40473ff344e55ae,1.459008,19.214593,1,13954,1,1,0,0,1,0,0,0,0,0,0,0,0,1
3996,20,90ecaf7479b68915,1.097195,17.93015,1,13891,1,1,0,0,1,0,0,0,0,0,0,0,0,0
3997,20,90f3fabff4cf81db,0.824281,20.0,1,14079,1,1,0,0,1,0,0,0,0,0,0,0,0,1
3998,20,856e34ca1b879edb,2.706559,18.825592,1,14063,2,0,0,0,0,0,0,0,0,0,0,0,0,1
3999,20,0b681578e0b3316e,2.035371,20.0,1,13872,1,1,0,0,1,0,0,0,0,0,0,0,0,1
4000,20,f010d85dc887294f,1.529098,19.344097,1,13967,1,1,0,0,1,0,0,0,0,0,0,0,0,0
4001,20,64c1c78f7859fdad,2.192407,18.011341,1,13845,1,0,0,0,0,0,0,0,0,0,0,0,0,1
4002,20,c16d3e1a1b7346bd,1.647074,20.0,1,13912,1,1,0,0,1,0,0,0,0,0,0,0,0,1
4003,20,65f500e78f5a12d1,2.282773,18.888474,1,13920,2,1,0,0,1,0,0,0,0,0,0,0,0,0
4004,20,811240a78b55f242,1.714962,17.669049,1,13892,1,1,0,0,0,0,0,0,0,0,0,0,0,1
4005,20,32b4bea4d7d6baaf,2.33204,20.0,1,13992,1,0,0,0,1,0,0,0,0,0,0,0,0,1
4006,20,84817e19b30071d4,1.753728,18.695092,1,14076,1,1,0,0,1,0,0,0,0,0,0,0,0,0
4007,20,ffff0e217c7ba340,1.31751,17.523768,1,13851,1,1,0,0,0,0,0,0,0,0,0,0,0,1
4008,20,e77698fe30e0fd3f,2.033449,20.0,1,13814,1,0,0,0,1,0,0,0,0,0,0,0,0,1
4009,20,483bce6195dc1714,2.571308,20.0,1,14098,2,1,0,0,1,0,0,0,0,0,0,0,0,1
4010,20,6f3b69ddd5319319,2.977811,16.600773,0,13740,1,0,0,0,0,0,0,0,0,0,0,0,0,0
4011,20,0d6c5b42aec46e2c,2.237118,19.429229,1,13902,1,1,0,0,1,0,0,0,0,0,0,0,0,1
4012,20,02d4b83032120bb5,2.724316,14.596453,0,13662,1,0,0,0,0,0,0,0,0,0,0,0,0,0
4013,20,9dc3ce7482887633,2.048725,17.937744,1,13586,1,1,0,0,1,0,0,0,0,0,0,0,0,1
4014,20,4e10b4a0485f11b4,1.53913,16.954801,1,13902,1,1,0,0,1,0,0,0,0,0,0,0,0,0
4015,20,c033fd1015dccd90,2.199944,16.216353,1,13836,1,0,0,0,0,0,0,0,0,0,0,0,0,1
4016,20,8fe8537645ef107b,1.652736,15.661584,1,13869,1,1,0,0,1,0,0,0,0,0,0,0,0,0
4017,20,66d8090f329f9d7b,1.242881,18.738738,1,13723,1,1,0,0,1,0,0,0,0,0,0,0,0,1
4018,20,ccd668b915866e24,1.977383,14.077713,0,13763,1,0,0,0,0,0,0,0,0,0,0,0,0,0
4019,20,ecd374312e2f6a72,1.485534,17.533749,1,13769,1,1,0,0,1,0,0,0,0,0,0,0,0,1
4020,20,b8618cc3fe3250e1,2.161293,20.0,1,13687,2,1,0,0,1,0,0,0,0,0,0,0,0,1
4021,20,890b28456faa84ec,2.667352,15.135412,0,13949,1,0,0,0,0,0,0,0,0,0,0,0,0,0
4022,20,dd3eb8b1b971766b,2.003882,18.328358,1,13913,1,1,0,0,1,0,0,0,0,0,0,0,0,1
4023,20,6abe1abfafa761f2,1.505442,17.248255,1,13896,1,1,0,0,1,0,0,0,0,0,0,0,0,0
4024,20,9ef00307ff62c37f,1.132114,19.931937,1,13752,1,1,0,0,1,0,0,0,0,0,0,0,0,1
4025,20,47bfae3986bb929c,1.894168,14.974119,0,13859,1,0,0,0,0,0,0,0,0,0,0,0,0,0
4026,20,b3bb2135a5d7ffc4,1.423018,18.207185,1,13959,1,1,0,0,1,0,0,0,0,0,0,0,0,1
4027,20,207ebbd3de2799c3,1.07013,20.0,1,13782,1,1,0,0,1,0,0,0,0,0,0,0,0,1
4028,20,5d922b9eeb3cffba,1.847602,15.515876,0,13989,1,0,0,0,0,0,0,0,0,0,0,0,0,0
4029,20,d239da90fbfc8ce0,1.388034,18.614187,1,13876,1,1,0,0,1,0,0,0,0,0,0,0,0,1
4030,20,f7517e48ee97ae72,2.086431,20.0,1,13825,2,1,0,0,1,0,0,0,0,0,0,0,0,1
4031,20,18326e5d764fe154,1.569026,20.0,1,13703,1,1,0,0,1,0,0,0,0,0,0,0,0,1
4032,20,874256a1c864cb0f,1.178751,20.0,1,13435,1,1,0,0,1,0,0,0,0,0,0,0,0,0
4033,20,1947d60825c78d76,1.929205,18.909544,1,13313,1,0,0,0,0,0,0,0,0,0,0,0,0,1
4034,20,98ecf49507910d30,1.450789,17.700748,1,13259,1,1,0,0,1,0,0,0,0,0,0,0,0,0
4035,20,4d2defb4214b8212,1.089924,20.0,1,13300,1,1,0,0,1,0,0,0,0,0,0,0,0,1
4036,20,beb1df623fe41b7f,0.818819,15.217275,0,13141,1,1,0,0,0,0,0,0,0,0,0,0,0,0
4037,20,fdacc20f6d820e1e,1.658802,18.389859,1,13229,1,0,0,0,1,0,0,0,0,0,0,0,0,1
4038,20,97134b8de2500cf9,2.291593,20.0,1,13027,2,1,0,0,1,0,0,0,0,0,0,0,0,1
4039,20,4c139fcfa138794b,1.721588,20.0,1,13039,1,1,0,0,1,0,0,0,0,0,0,0,0,1
4040,20,881ed49173f73806,1.293365,20.0,1,13296,1,1,0,0,1,0,0,0,0,0,0,0,0,0
4041,20,2ea2d2d2ad8fe259,0.972629,20.0,1,13311,1,1,0,0,1,0,0,0,0,0,0,0,0,1
4042,20,6364948125c79ff5,1.774353,16.777287,0,13663,1,0,0,0,0,0,0,0,0,0,0,0,0,0
4043,20,4bac1c068695a732,1.333005,19.561837,1,13555,1,1,0,0,1,0,0,0,0,0,0,0,0,1
4044,20,6ea802f9f5899e43,1.001437,18.174922,1,13742,1,1,0,0,1,0,0,0,0,0,0,0,0,0
4045,20,cabae1f0bd3e82aa,0.753095,17.148302,1,13708,1,1,0,0,0,0,0,0,0,0,0,0,0,1
4046,20,3c118b2b3c6e4927,1.609425,16.361723,1,13773,1,0,0,0,1,0,0,0,0,0,0,0,0,0
4047,20,b4fc49470f795645,2.252754,19.24964,1,13580,2,1,0,0,1,0,0,0,0,0,0,0,0,1
4048,20,9f64db58546470f4,2.738254,17.956505,1,13752,1,0,0,0,0,0,0,0,0,0,0,0,0,1
4049,20,9724d2c09da1c23b,2.057148,20.0,1,13863,1,1,0,0,1,0,0,0,0,0,0,0,0,1
4050,20,6887c6b3c1d5f9a2,1.545458,20.0,1,13777,1,1,0,0,1,0,0,0,0,0,0,0,0,1
4051,20,fe46bfd90552e7e3,2.204698,16.767665,0,13904,1,0,0,0,0,0,0,0,0,0,0,0,0,0
4052,20,48c6727f77fd545e,1.657965,19.570526,1,13762,1,1,0,0,1,0,0,0,0,0,0,0,0,1
4053,20,a1add026588ef739,2.28922,18.181449,1,13895,1,0,0,0,0,0,0,0,0,0,0,0,0,1
4054,20,ada4e4932743d8bc,1.719806,17.137888,1,13830,1,1,0,0,1,0,0,0,0,0,0,0,0,0
4055,20,8a52f361c1ee2595,2.337469,16.368437,1,13696,1,0,0,0,0,0,0,0,0,0,0,0,0,1
4056,20,cf245031666deb83,2.799706,19.254684,1,13547,2,1,0,0,1,0,0,0,0,0,0,0,0,1
4057,20,fd04e01d247f0cb2,2.103315,20.0,1,14052,1,1,0,0,1,0,0,0,0,0,0,0,0,1
4058,20,c6e2de16025a3967,1.580142,16.094309,0,13924,1,1,0,0,0,0,0,0,0,0,0,0,0,0
4059,20,a24ad7a4b0e007ee,2.23244,19.064153,1,13818,1,0,0,0,1,0,0,0,0,0,0,0,0,1
4060,20,3453eb339dbf255e,1.677148,20.0,1,13911,1,1,0,0,1,0,0,0,0,0,0,0,0,1
4061,20,5f96e80d1597e201,2.303632,15.986774,0,13566,1,0,0,0,0,0,0,0,0,0,0,0,0,0
4062,20,ab1df89c6f82676f,1.732364,18.983286,1,13548,1,1,0,0,1,0,0,0,0,0,0,0,0,1
4063,20,ddac93a13f450c7a,1.301461,17.740277,1,13596,1,1,0,0,1,0,0,0,0,0,0,0,0,0
4064,20,fa0b930e02107747,0.977739,16.806452,1,13832,1,1,0,0,0,0,0,0,0,0,0,0,0,1
4065,20,55e788c721ac76e2,1.778192,16.104903,1,13747,1,0,0,0,1,0,0,0,0,0,0,0,0,0
4066,20,d2c23452c9a55682,1.337226,19.07212,1,13709,1,1,0,0,1,0,0,0,0,0,0,0,0,1
4067,20,eefc7d50381b5bc0,1.004608,20.0,1,14069,1,1,0,0,1,0,0,0,0,0,0,0,0,1
4068,20,f3f2c082ab5aa537,0.754724,19.470115,1,13840,1,1,0,0,1,0,0,0,0,0,0,0,0,0
4069,20,fac3ca5c89f81867,2.655864,18.122306,1,14070,2,0,0,0,0,0,0,0,0,0,0,0,0,1
4070,20,4ebc00c60ea795f2,1.995252,20.0,1,13925,1,1,0,0,1,0,0,0,0,0,0,0,0,1
4071,20,0c94558fa5b5a83c,1.498958,20.0,1,13990,1,1,0,0,1,0,0,0,0,0,0,0,0,1
4072,20,b9dd1715a0a4fef6,2.169764,16.837966,0,13794,1,0,0,0,0,0,0,0,0,0,0,0,0,0
4073,20,c44535d999876efb,2.675844,19.623394,1,13912,2,1,0,0,1,0,0,0,0,0,0,0,0,1
4074,20,616c966e23f8d41a,2.010262,20.0,1,13964,1,1,0,0,1,0,0,0,0,0,0,0,0,1
4075,20,ba6508be13d0ecd5,1.510235,20.0,1,13980,1,1,0,0,1,0,0,0,0,0,0,0,0,1
4076,20,344e862b30b848d1,2.179868,17.491924,0,13829,1,0,0,0,0,0,0,0,0,0,0,0,0,0
4077,20,15157566c55797fa,1.637654,20.0,1,13977,1,1,0,0,1,0,0,0,0,0,0,0,0,1
4078,20,7d55485e9369f6f5,1.230308,20.0,1,13985,1,1,0,0,1,0,0,0,0,0,0,0,0,1
4079,20,5ebb74d2d98077b2,1.967938,20.0,1,14002,2,1,0,0,0,0,0,0,0,0,0,0,0,1
4080,20,81e00313d9610ef8,2.524068,18.558028,1,13997,1,0,0,0,1,0,0,0,0,0,0,0,0,0
4081,20,878f31942d2c53d1,1.896238,20.0,1,13979,1,1,0,0,1,0,0,0,0,0,0,0,0,1
4082,20,ecaf86ee9d9289ad,1.424573,19.179964,1,14090,1,1,0,0,1,0,0,0,0,0,0,0,0,0
4083,20,1c1fce3de514c65d,1.071299,17.904108,1,14129,1,1,0,0,0,0,0,0,0,0,0,0,0,1
4084,20,1a756c999592d66a,1.84848,20.0,1,13964,1,0,0,0,1,0,0,0,0,0,0,0,0,1
4085,20,72f01246c1845b84,1.388694,18.810895,1,14002,1,1,0,0,1,0,0,0,0,0,0,0,0,0
4086,20,27075aa156c6ecf2,2.086927,20.0,1,14247,2,1,0,0,1,0,0,0,0,0,0,0,0,2
4087,20,5e6619e93c7facd8,1.569399,18.475829,0,13919,1,1,0,0,0,0,0,0,0,0,0,0,0,0
4088,20,e522cfb32dd6e0de,2.222684,20.0,1,14162,1,0,0,0,1,0,0,0,0,0,0,0,0,1
4089,20,e445963c2c0cb1bf,1.66982,20.0,1,14183,1,1,0,0,1,0,0,0,0,0,0,0,0,1
4090,20,0292fdee6ccf8853,2.299879,20.0,1,13895,2,1,0,0,1,0,0,0,0,0,0,0,0,1
4091,20,12686065ec7baab7,2.771466,18.004656,0,14261,1,0,0,0,0,0,0,0,0,0,0,0,0,0
4092,20,753c4e22140b7142,2.082099,20.0,1,14026,1,1,0,0,1,0,0,0,0,0,0,0,0,1
4093,20,f68aed789b62debc,1.564203,18.867644,1,14337,1,1,0,0,1,0,0,0,0,0,0,0,0,0
4094,20,abab74c9c6089c20,2.220454,17.669239,1,13994,1,0,0,0,0,0,0,0,0,0,0,0,0,1
4095,20,890ceaca3c5cf0f3,2.711797,20.0,1,14110,2,1,0,0,1,0,0,0,0,0,0,0,0,1
4096,20,5f3e9bc28f9f5cdb,2.037272,18.678335,1,14059,1,1,0,0,0,0,0,0,0,0,0,0,0,1
4097,20,2016ebb651a1c17e,2.576208,20.0,1,14164,1,0,0,0,1,0,0,0,0,0,0,0,0,1
4098,20,ab0476b8533a7694,1.935409,19.260902,1,14345,1,1,0,0,1,0,0,0,0,0,0,0,0,0
4099,20,69d8776e0a2c7ab6,2.497654,17.94884,1,14442,1,0,0,0,0,0,0,0,0,0,0,0,0,1
4100,20,648cac4d9dff32a9,1.876394,16.963137,1,14341,1,1,0,0,1,0,0,0,0,0,0,0,0,0
4101,20,8ff0ae6817e2d5ef,2.455225,16.237023,1,14285,1,0,0,0,0,0,0,0,0,0,0,0,0,1
4102,20,c3a9019a237a3c3d,1.844519,15.677113,1,14445,1,1,0,0,1,0,0,0,0,0,0,0,0,0
4103,20,5273495d9e3494f7,1.385718,18.735318,1,14067,1,1,0,0,1,0,0,0,0,0,0,0,0,1
4104,20,9d547d55959fabd3,2.08623,14.089226,0,14139,1,0,0,0,0,0,0,0,0,0,0,0,0,0
4105,20,038b148739b387aa,1.567307,17.542398,1,14066,1,1,0,0,1,0,0,0,0,0,0,0,0,1
4106,20,87769cefbabe9178,1.177459,16.657792,1,14178,1,1,0,0,1,0,0,0,0,0,0,0,0,0
4107,20,1d00b676f32195e7,0.884581,19.472066,1,14184,1,1,0,0,1,0,0,0,0,0,0,0,0,1
4108,20,8a7bb2a1aaad560c,1.709368,14.643271,0,14005,1,0,0,0,0,0,0,0,0,0,0,0,0,0
4109,20,b453ab791ab53a54,2.327838,17.958631,1,14129,2,1,0,0,1,0,0,0,0,0,0,0,0,1
4110,20,9e84c0cc01ddd3e1,1.748817,20.0,1,14112,1,1,0,0,1,0,0,0,0,0,0,0,0,1
4111,20,c38510c92c1f9d25,1.315136,20.0,1,14075,1,1,0,0,1,0,0,0,0,0,0,0,0,1
4112,20,a3e40993a534d114,0.988012,20.0,1,13954,1,1,0,0,0,0,0,0,0,0,0,0,0,1
4113,20,6e4e830ac1d9f593,1.78591,18.700513,1,14294,1,0,0,0,1,0,0,0,0,0,0,0,0,0
4114,20,782b14914f3154e1,1.341687,20.0,1,14174,1,1,0,0,1,0,0,0,0,0,0,0,0,1
4115,20,7802a9492e4817fc,1.008968,20.0,1,14193,1,1,0,0,1,0,0,0,0,0,0,0,0,1
4116,20,851040173825d6e6,0.758,20.0,1,14350,1,1,0,0,0,0,0,0,0,0,0,0,0,1
4117,20,bdb7064435dc36ec,2.656764,18.93707,1,14270,2,0,0,0,1,0,0,0,0,0,0,0,0,0
4118,20,1acd768efcf8b053,1.997924,20.0,1,14384,1,1,0,0,1,0,0,0,0,0,0,0,0,1
4119,20,d50cb3fe3309e5c5,1.500966,19.407077,1,14437,1,1,0,0,1,0,0,0,0,0,0,0,0,0
4120,20,fe6d56f2ee8e038b,1.127619,20.0,1,14434,1,1,0,0,1,0,0,0,0,0,0,0,0,1
4121,20,466ec1bb0cf1ad06,1.890792,20.0,1,14430,2,1,0,0,1,0,0,0,0,0,0,0,0,1
4122,20,94f50bede3c971fb,2.466053,20.0,1,14263,1,0,0,0,0,0,0,0,0,0,0,0,0,1
4123,20,576d22a35c5e7cfe,1.852653,19.165669,1,14604,1,1,0,0,1,0,0,0,0,0,0,0,0,0
4124,20,42d57a5a4c8f4e6d,1.391829,20.0,1,14628,1,1,0,0,1,0,0,0,0,0,0,0,0,1
4125,20,e9c65c4d743c8afb,1.046675,19.540623,1,14285,1,1,0,0,1,0,0,0,0,0,0,0,0,0
4126,20,949f2550bf5c6dcd,1.829981,20.0,1,14607,2,1,0,0,1,0,0,0,0,0,0,0,0,1
4127,20,72891bfeef13fc57,1.374797,19.734536,1,14590,1,1,0,0,0,0,0,0,0,0,0,0,0,1
4128,20,f85df2858ad0c949,2.076487,20.0,1,14714,1,0,0,0,1,0,0,0,0,0,0,0,0,1
4129,20,95f7c12dcde17478,1.561548,20.0,1,14545,1,1,0,0,1,0,0,0,0,0,0,0,0,1
4130,20,c0061898953c4096,2.216786,20.0,1,14631,2,1,0,0,1,0,0,0,0,0,0,0,0,1
4131,20,ebc6bf75b4638d99,1.665388,18.401461,0,14603,1,1,0,0,0,0,0,0,0,0,0,0,0,0
4132,20,49fc03c17c0ca2be,2.296546,20.0,1,14499,1,0,0,0,1,0,0,0,0,0,0,0,0,1
4133,20,30ed59f40c06db8a,1.725309,19.104479,1,14757,1,1,0,0,1,0,0,0,0,0,0,0,0,0
4134,20,d508cccebb164231,1.29616,20.0,1,14521,1,1,0,0,1,0,0,0,0,0,0,0,0,1
4135,20,daa01fd42e66b51e,3.061064,19.488379,1,14380,2,0,0,0,0,0,0,0,0,0,0,0,0,1
4136,20,a46ab1d31ffa5983,2.301963,20.0,1,14184,1,1,0,0,1,0,0,0,0,0,0,0,0,1
4137,20,d1af8cc49ef27be8,1.729379,20.0,1,13875,1,1,0,0,1,0,0,0,0,0,0,0,0,1
4138,20,64fbff085e7ced25,1.299218,17.427331,0,14077,1,1,0,0,0,0,0,0,0,0,0,0,0,0
4139,20,815521d9a9030959,2.021181,20.0,1,14177,1,0,0,0,1,0,0,0,0,0,0,0,0,1
4140,20,637db841f11a0d63,1.518438,18.554135,1,14278,1,1,0,0,1,0,0,0,0,0,0,0,0,0
4141,20,3dba3b80a7f983bb,2.184399,17.417872,1,14173,1,0,0,0,0,0,0,0,0,0,0,0,0,1
4142,20,bb548aaac64eeb30,1.641057,16.564241,1,14165,1,1,0,0,1,0,0,0,0,0,0,0,0,0
4143,20,e823cd2304efefb1,1.234098,19.417549,1,14301,1,1,0,0,1,0,0,0,0,0,0,0,0,1
4144,20,3c9676a593e7cf92,1.970785,14.587678,0,14158,1,0,0,0,0,0,0,0,0,0,0,0,0,0
4145,20,817ab814edc35ed6,1.480577,17.916866,1,14128,1,1,0,0,1,0,0,0,0,0,0,0,0,1
4146,20,dfb741d4e20dff88,1.113415,20.0,1,14232,1,1,0,0,1,0,0,0,0,0,0,0,0,1
4147,20,83f075e69b21ccf2,1.880121,15.351858,0,14093,1,0,0,0,0,0,0,0,0,0,0,0,0,0
4148,20,452d37338c0447fc,1.412464,18.490966,1,14006,1,1,0,0,1,0,0,0,0,0,0,0,0,1
4149,20,e1db65820be303cd,1.061132,17.370416,1,14215,1,1,0,0,1,0,0,0,0,0,0,0,0,0
4150,20,42a1a4536e25c2fa,1.842137,16.543302,1,13798,1,0,0,0,0,0,0,0,0,0,0,0,0,1
4151,20,c9bef040264e3a66,1.383928,15.907209,1,13591,1,1,0,0,1,0,0,0,0,0,0,0,0,0
4152,20,04ec3b12c3812cb1,1.039694,15.429336,1,13950,1,1,0,0,0,0,0,0,0,0,0,0,0,1
4153,20,0ad740c3eef026ee,0.781864,15.083582,1,13829,0,0,0,0,1,0,0,0,0,0,0,0,0,0
4154,20,c3814a9bf80fe2fe,0.587386,14.810576,1,13603,1,1,0,0,1,0,0,0,0,0,0,0,0,0
4155,20,73b346333eb067ef,0.441281,18.084321,1,14422,1,1,0,0,1,0,0,0,0,0,0,0,0,1
4156,20,33daf35ee8e916f3,0.331518,13.586074,0,13989,1,1,0,0,0,0,0,0,0,0,0,0,0,0
4157,20,71a0690cfa3393c0,0.249306,17.177925,1,13958,1,1,0,0,1,0,0,0,0,0,0,0,0,1
4158,20,a803ba8b81db2421,1.230948,16.383977,1,13642,1,0,0,0,1,0,0,0,0,0,0,0,0,0
4159,20,a941868b47af0524,0.924765,19.266359,1,13716,1,1,0,0,1,0,0,0,0,0,0,0,0,1
4160,20,d900df819d8563ff,0.695436,17.969078,1,13432,1,1,0,0,1,0,0,0,0,0,0,0,0,0
4161,20,816e9c6ac4a6e3f6,0.522455,20.0,1,13454,1,1,0,0,1,0,0,0,0,0,0,0,0,1
4162,20,e6b2630605d5c6fc,0.392501,18.847563,1,13361,1,1,0,0,1,0,0,0,0,0,0,0,0,0
4163,20,8785b047ec90527b,1.338525,17.638314,1,13103,1,0,0,0,0,0,0,0,0,0,0,0,0,1
4164,20,065a8b2271b3656e,1.00659,16.744765,1,13005,1,1,0,0,1,0,0,0,0,0,0,0,0,0
4165,20,74b92cad2db17027,0.756213,19.537405,1,13143,1,1,0,0,1,0,0,0,0,0,0,0,0,1
4166,20,7b9c66a39de5e674,0.568115,18.156567,1,12867,1,1,0,0,1,0,0,0,0,0,0,0,0,0
4167,20,703bb92e05828900,1.471381,17.134499,1,12951,1,0,0,0,0,0,0,0,0,0,0,0,0,1
4168,20,5a30b8183705195d,1.105393,16.351353,1,12847,1,1,0,0,1,0,0,0,0,0,0,0,0,0
4169,20,1713d174f8adeeb2,0.830441,19.241849,1,12971,1,1,0,0,1,0,0,0,0,0,0,0,0,1
4170,21,1fd48474a6be9a50,0.623879,17.934526,1,13954,1,1,0,0,1,0,0,0,0,0,0,0,0,0
4171,21,40ab05863d40ab6a,1.513316,16.967521,1,14213,1,0,0,0,0,0,0,0,0,0,0,0,0,1
4172,21,9fa3e60e300cac94,1.136898,16.225909,1,13996,1,1,0,0,1,0,0,0,0,0,0,0,0,0
4173,21,9522afc9eb92ebd2,0.854109,19.147608,1,14160,1,1,0,0,1,0,0,0,0,0,0,0,0,1
4174,21,0fba0eaa5e567fe1,0.642302,17.879776,1,14061,1,1,0,0,1,0,0,0,0,0,0,0,0,0
4175,21,8f9f8c22e25048df,2.569844,16.911252,1,13926,2,0,0,0,0,0,0,0,0,0,0,0,0,1
4176,21,025aca0c2fc547cd,1.930628,19.66248,1,14092,1,1,0,0,1,0,0,0,0,0,0,0,0,1
4177,21,ea7305c3d0c4eb0e,1.450409,20.0,1,13996,1,1,0,0,1,0,0,0,0,0,0,0,0,1
4178,21,b3bc2710b036c5b2,2.134878,19.821302,1,13847,1,0,0,0,0,0,0,0,0,0,0,0,0,1
4179,21,3c254a4fca255c07,1.603854,18.369848,1,14013,1,1,0,0,1,0,0,0,0,0,0,0,0,0
4180,21,7fb0256f65ce4ff6,1.204916,20.0,1,13957,1,1,0,0,1,0,0,0,0,0,0,0,0,1
4181,21,a69e89495c03d18a,0.906114,19.091016,1,13977,1,1,0,0,1,0,0,0,0,0,0,0,0,0
4182,21,ba87dd4319678e85,1.724383,17.821211,1,13950,1,0,0,0,0,0,0,0,0,0,0,0,0,1
4183,21,3e895dd2e76d3ae9,1.295464,16.867254,1,13889,1,1,0,0,1,0,0,0,0,0,0,0,0,0
4184,21,5bfa9aaebee05047,0.973234,19.629426,1,14001,1,1,0,0,1,0,0,0,0,0,0,0,0,1
4185,21,ca3938afd42b6b51,1.776036,14.761609,0,13928,1,0,0,0,0,0,0,0,0,0,0,0,0,0
4186,21,3840b1179d01d5ca,2.377923,18.047534,1,14116,2,1,0,0,1,0,0,0,0,0,0,0,0,1
4187,21,3ad00a257add4750,1.786445,20.0,1,14197,1,1,0,0,1,0,0,0,0,0,0,0,0,1
4188,21,715e21df0f1ac6b8,1.343432,18.908921,1,13756,1,1,0,0,1,0,0,0,0,0,0,0,0,0
4189,21,ab882b57d80326bc,1.00927,20.0,1,14004,1,1,0,0,1,0,0,0,0,0,0,0,0,1
4190,21,de121b1615b372cf,0.758227,20.0,1,14033,1,1,0,0,1,0,0,0,0,0,0,0,0,1
4191,21,58b8431551715724,1.613281,17.171498,0,13827,1,0,0,0,0,0,0,0,0,0,0,0,0,0
4192,21,23e17bd6c1c20f85,2.257361,19.874214,1,14090,2,1,0,0,1,0,0,0,0,0,0,0,0,1
4193,21,c8292701595322e6,1.695871,20.0,1,14056,1,1,0,0,1,0,0,0,0,0,0,0,0,1
4194,21,10c80b0b9d50bf2d,1.274044,20.0,1,14062,1,1,0,0,1,0,0,0,0,0,0,0,0,1
4195,21,f6d7570dbe7171fa,0.958099,17.598381,0,13868,1,1,0,0,0,0,0,0,0,0,0,0,0,0
4196,21,50afc0b225fbdddd,1.763438,20.0,1,14029,1,0,0,0,1,0,0,0,0,0,0,0,0,1
4197,21,77cb534e4dd68f47,1.324805,20.0,1,14034,1,1,0,0,1,0,0,0,0,0,0,0,0,1
4198,21,03a072c123c7f460,0.995276,20.0,1,13908,1,1,0,0,1,0,0,0,0,0,0,0,0,1
4199,21,40a0b4653c2b8b16,1.792612,17.727612,0,13878,2,1,0,0,0,0,0,0,0,0,0,0,0,0
4200,21,8ced9c6091029967,2.390376,20.0,1,14062,1,0,0,0,1,0,0,0,0,0,0,0,0,1
