tick,episode,frame_sha16,turn,forward,attack,total_spikes,DNp20_R_10059,DNp20_L_10162,MN9_L_10331,DNa02_R_10360,DNpe017_L_10527,MDN_R_10763,DNp09_L_10783,DNp09_R_11177,MDN_L_11288,MDN_R_11332,MDN_L_12348,MN9_R_16949,DNa02_L_523769,DNpe017_R_555871
1,1,1fd48474a6be9a50,0.0,3.478845,1,13262,1,1,0,0,0,0,0,0,0,0,0,0,0,1
2,1,530e0ea8d92a6d51,1.044151,6.096642,1,15287,1,0,0,0,1,0,0,0,0,0,0,0,0,0
3,1,9d91a06f605c6d81,0.784431,15.016713,1,13209,1,1,0,0,1,0,0,0,0,0,0,0,0,2
4,1,1bedfd585b1aa4b9,0.589314,14.76034,1,14078,1,1,0,0,1,0,0,0,0,0,0,0,0,0
5,1,26a9669cba5af3ef,1.486383,14.567736,1,14024,1,0,0,0,0,0,0,0,0,0,0,0,0,1
6,1,4f55c5e4b2d3c044,1.117781,17.916148,1,13964,1,1,0,0,1,0,0,0,0,0,0,0,0,1
7,1,429a6cfc04b09590,0.839747,16.938577,1,13790,1,1,0,0,1,0,0,0,0,0,0,0,0,0
8,1,bfd1095e82cc3b3f,0.630871,16.204164,1,14325,1,1,0,0,0,0,0,0,0,0,0,0,0,1
9,1,e8a24dfe484cb614,1.518574,15.666264,1,13770,1,0,0,0,1,0,0,0,0,0,0,0,0,0
10,1,a8eb40163c807ab7,1.140848,18.727168,1,13800,1,1,0,0,1,0,0,0,0,0,0,0,0,1
11,1,b734eb68cadec0ba,1.90073,14.069021,0,14165,1,0,0,0,0,0,0,0,0,0,0,0,0,0
12,1,03ed9d518f369873,1.427947,17.527219,1,14045,1,1,0,0,1,0,0,0,0,0,0,0,0,1
13,1,cd43fcebe8f5e6e6,2.117987,16.66122,1,13556,1,0,0,0,0,0,0,0,0,0,0,0,0,1
14,1,338e1a6d9a9334b5,2.634818,19.474641,1,14136,2,1,0,0,1,0,0,0,0,0,0,0,0,1
15,1,f71f04d2a5841727,3.023094,18.109414,1,13741,1,0,0,0,0,0,0,0,0,0,0,0,0,1
16,1,dab4ff966e399802,2.273409,17.099039,1,14275,1,1,0,0,1,0,0,0,0,0,0,0,0,0
17,1,339e340883d8ecaf,2.751581,16.324713,1,13827,1,0,0,0,0,0,0,0,0,0,0,0,0,1
18,1,0f3eea50b2030a66,2.06716,15.742991,1,13819,1,1,0,0,1,0,0,0,0,0,0,0,0,0
19,1,157d3461e0a7f335,3.640287,15.305965,1,14006,2,0,0,0,0,0,0,0,0,0,0,0,0,1
20,1,f1991b9aba19249f,2.737547,18.471308,1,13753,1,1,0,0,1,0,0,0,0,0,0,0,0,1
21,1,f0cae4ef532c2023,2.056617,17.355647,1,13998,1,1,0,0,1,0,0,0,0,0,0,0,0,0
22,1,7630abeab872e6cf,2.588713,16.517494,1,14215,1,0,0,0,0,0,0,0,0,0,0,0,0,1
23,1,253c29c9cd31f14d,1.946749,15.901892,1,13623,1,1,0,0,1,0,0,0,0,0,0,0,0,0
24,1,1bcd43f2b236da2a,2.506173,15.425342,1,13650,1,0,0,0,0,0,0,0,0,0,0,0,0,1
25,1,190012cb2cd5517d,1.882794,18.546172,1,14603,1,1,0,0,1,0,0,0,0,0,0,0,0,1
26,1,752285f96761bfac,2.458126,13.933045,0,13399,1,0,0,0,0,0,0,0,0,0,0,0,0,0
27,1,8ce008444b943984,1.848546,17.438852,1,14195,1,1,0,0,1,0,0,0,0,0,0,0,0,1
28,1,815cbd6616cc478f,2.432397,16.580002,1,14190,1,0,0,0,0,0,0,0,0,0,0,0,0,1
29,1,ea182be542b69bac,1.827369,19.413625,1,13571,1,1,0,0,1,0,0,0,0,0,0,0,0,1
30,1,98558a7fe6a345e2,2.418358,18.079824,1,14145,2,1,0,0,1,0,0,0,0,0,0,0,0,0
31,1,d0c4a3176ddba144,2.860475,17.061541,1,13813,1,0,0,0,0,0,0,0,0,0,0,0,0,1
32,1,dd1e5f78efae9bca,2.148968,16.296542,1,13958,1,1,0,0,1,0,0,0,0,0,0,0,0,0
33,1,16a5a908ff857a66,2.658093,15.721827,1,14033,1,0,0,0,0,0,0,0,0,0,0,0,0,1
34,1,95f8390a45c16b78,1.998924,15.30354,1,13737,1,1,0,0,1,0,0,0,0,0,0,0,0,0
35,1,321bea6b7b9ab820,1.501717,18.454667,1,13904,1,1,0,0,1,0,0,0,0,0,0,0,0,1
36,1,efab16a3f850c112,2.171837,17.343146,1,14187,1,0,0,0,0,0,0,0,0,0,0,0,0,1
37,1,fcf876800c3a11ef,1.633252,20.0,1,13931,1,1,0,0,1,0,0,0,0,0,0,0,0,1
38,1,9361b30e7e3e095d,1.227001,18.506573,1,13552,1,1,0,0,1,0,0,0,0,0,0,0,0,0
39,1,4fc09ccdfceeee4c,3.009107,17.382141,1,14235,2,0,0,0,0,0,0,0,0,0,0,0,0,1
40,1,4ef7db5f3482d200,2.26063,20.0,1,13921,1,1,0,0,1,0,0,0,0,0,0,0,0,1
41,1,c24e971eb40ebdcb,2.744176,15.052499,0,13987,1,0,0,0,0,0,0,0,0,0,0,0,0,0
42,1,50b58e94d9a75050,1.017944,14.787224,1,14100,0,1,0,0,1,0,0,0,0,0,0,0,0,0
43,1,c3c1345bc3e41d62,0.764743,18.066778,1,13663,1,1,0,0,1,0,0,0,0,0,0,0,0,1
44,1,93e448e997f9674c,1.619248,13.586475,0,14147,1,0,0,0,0,0,0,0,0,0,0,0,0,0
45,1,79d0b93330795135,1.216481,17.164699,1,13848,1,1,0,0,1,0,0,0,0,0,0,0,0,1
46,1,a17e85c3a7206bdb,1.95755,12.895197,0,13818,1,0,0,0,0,0,0,0,0,0,0,0,0,0
47,1,74f0d14071a71444,2.514287,16.645369,1,14347,2,1,0,0,1,0,0,0,0,0,0,0,0,1
48,1,2e5ad07a3fae2d37,1.89078,19.478558,1,13478,1,1,0,0,1,0,0,0,0,0,0,0,0,1
49,1,d6bdeb391b56bdfb,2.464126,18.112357,1,13779,1,0,0,0,0,0,0,0,0,0,0,0,0,1
50,1,9626e12cdf28095d,1.851205,20.0,1,14329,1,1,0,0,1,0,0,0,0,0,0,0,0,1
51,1,30166c328dfa6df8,2.436283,15.465042,0,13459,1,0,0,0,0,0,0,0,0,0,0,0,0,0
52,1,d1ff4a599011bac4,1.830289,18.575997,1,14517,1,1,0,0,1,0,0,0,0,0,0,0,0,1
53,1,906fc9d835fb656f,1.375027,17.434297,1,13883,1,1,0,0,1,0,0,0,0,0,0,0,0,0
54,1,7482b0b0d79326ab,2.07666,16.57658,1,13528,1,0,0,0,0,0,0,0,0,0,0,0,0,1
55,1,b3c5d7421909e6ec,1.561678,15.946326,1,14003,1,1,0,0,1,0,0,0,0,0,0,0,0,0
56,1,8ab44e98d2a44c66,1.17323,18.937568,1,14200,1,1,0,0,1,0,0,0,0,0,0,0,0,1
57,1,40c0606a670612e3,1.925057,14.227087,0,13752,1,0,0,0,0,0,0,0,0,0,0,0,0,0
58,1,e0296e3919734320,1.447671,17.659975,1,13956,1,1,0,0,1,0,0,0,0,0,0,0,0,1
59,1,ca7c6bb117b7a7d6,2.131234,13.267279,0,13762,1,0,0,0,0,0,0,0,0,0,0,0,0,0
60,1,50569e31dab4c1c4,1.601117,16.9249,1,13980,1,1,0,0,1,0,0,0,0,0,0,0,0,1
61,1,1ecfc493176928e9,1.202859,19.672734,1,14103,1,1,0,0,1,0,0,0,0,0,0,0,0,1
62,1,d4be6d1da1c19111,2.992868,18.274678,1,13711,2,0,0,0,0,0,0,0,0,0,0,0,0,1
63,1,1f6373f92af416cc,2.24843,17.207927,1,14267,1,1,0,0,1,0,0,0,0,0,0,0,0,0
64,1,6692a7484e93ebdd,0.645508,16.406517,1,13716,0,1,0,0,1,0,0,0,0,0,0,0,0,0
65,1,02b475e2e674816c,2.573732,15.818436,1,13870,2,0,0,0,0,0,0,0,0,0,0,0,0,1
66,1,febca64d4e8b1d25,1.933549,18.841489,1,14122,1,1,0,0,1,0,0,0,0,0,0,0,0,1
67,1,581003a1b23a5126,2.496256,14.154906,0,13760,1,0,0,0,0,0,0,0,0,0,0,0,0,0
68,1,de21ab0c6f541ec0,1.875344,17.591741,1,13975,1,1,0,0,1,0,0,0,0,0,0,0,0,1
69,1,233bb445d9172344,2.454436,13.22924,0,13934,1,0,0,0,0,0,0,0,0,0,0,0,0,0
70,1,1169031e115b1548,1.843926,16.896322,1,14123,1,1,0,0,1,0,0,0,0,0,0,0,0,1
71,1,b99f2faf3b32e1e2,1.385273,16.17242,1,13590,1,1,0,0,1,0,0,0,0,0,0,0,0,0
72,1,48cf456730a62b23,2.085895,15.642392,1,14357,1,0,0,0,0,0,0,0,0,0,0,0,0,1
73,1,2c94b98315c46893,2.610709,18.709233,1,13609,2,1,0,0,1,0,0,0,0,0,0,0,0,1
74,1,cefb9e8e92b1425f,1.961328,17.534392,1,13792,1,1,0,0,1,0,0,0,0,0,0,0,0,0
75,1,69899cc78830ec9d,2.517126,16.651778,1,14165,1,0,0,0,0,0,0,0,0,0,0,0,0,1
76,1,7fdd4357ed62f313,1.892914,19.483378,1,13437,1,1,0,0,1,0,0,0,0,0,0,0,0,1
77,1,36c9756092c48e33,1.422076,18.115978,1,14773,1,1,0,0,1,0,0,0,0,0,0,0,0,0
78,1,fc68b0a37430b7ba,2.112006,17.088701,1,13622,1,0,0,0,0,0,0,0,0,0,0,0,0,1
79,1,b8ce31a8338b810f,1.588258,16.331449,1,13472,1,1,0,0,1,0,0,0,0,0,0,0,0,0
80,1,a395bdcff1b03e91,1.193199,19.226896,1,14298,1,1,0,0,1,0,0,0,0,0,0,0,0,1
81,1,a77fc21cf4838abd,1.940059,14.444448,0,14066,1,0,0,0,0,0,0,0,0,0,0,0,0,0
82,1,9b9ee74dbb311458,1.457494,17.809263,1,13681,1,1,0,0,1,0,0,0,0,0,0,0,0,1
83,1,5c9c0a752fd80c1d,2.140207,13.39282,0,13900,1,0,0,0,0,0,0,0,0,0,0,0,0,0
84,1,979d3893f2d900d5,2.651511,17.019214,1,13819,2,1,0,0,1,0,0,0,0,0,0,0,0,1
85,1,cec91f567207e8db,0.948328,19.743588,1,14061,0,1,0,0,1,0,0,0,0,0,0,0,0,1
86,1,f3241cb2cf0c3430,2.801457,18.327961,1,14031,2,0,0,0,0,0,0,0,0,0,0,0,0,1
87,1,981261949b38d1a1,2.10463,17.247957,1,13835,1,1,0,0,1,0,0,0,0,0,0,0,0,0
88,1,8eb3ba7cf5917a1c,1.58113,19.915434,1,14220,1,1,0,0,1,0,0,0,0,0,0,0,0,1
89,1,f72f95d576e92ed6,2.231497,14.961721,0,13747,1,0,0,0,0,0,0,0,0,0,0,0,0,0
90,1,5d611da0dd8ff17b,1.678118,18.212431,1,13741,1,1,0,0,1,0,0,0,0,0,0,0,0,1
91,1,30a9c8de2de71f12,1.260707,17.161163,1,14345,1,1,0,0,1,0,0,0,0,0,0,0,0,0
92,1,a846ff1e8bb32b07,1.990775,16.371385,1,13534,1,0,0,0,0,0,0,0,0,0,0,0,0,1
93,1,c85b67d4fd66ab39,1.497091,15.792016,1,13984,1,1,0,0,1,0,0,0,0,0,0,0,0,0
94,1,f34554075296143c,2.168362,15.342796,1,13928,1,0,0,0,0,0,0,0,0,0,0,0,0,1
95,1,7d880eeea7e68e8b,1.629009,15.005314,1,13936,1,1,0,0,1,0,0,0,0,0,0,0,0,0
96,1,447acb7895747c53,1.223814,14.751776,1,13644,1,1,0,0,0,0,0,0,0,0,0,0,0,1
97,1,3cc4616709d78b38,1.964476,14.574047,1,14540,1,0,0,0,1,0,0,0,0,0,0,0,0,0
98,1,d40acf7f88c12a79,1.475837,17.906626,1,13601,1,1,0,0,1,0,0,0,0,0,0,0,0,1
99,1,45f69545057b1924,2.152395,20.0,1,14264,2,1,0,0,1,0,0,0,0,0,0,0,0,1
100,1,841dfbc09b3ee637,2.662782,18.829314,1,13764,1,0,0,0,0,0,0,0,0,0,0,0,0,1
101,1,ef611aa95ed31685,2.000449,17.624604,1,13644,1,1,0,0,1,0,0,0,0,0,0,0,0,0
102,1,26bc9ce30fce805c,2.546516,16.719551,1,14642,1,0,0,0,0,0,0,0,0,0,0,0,0,1
103,1,fd71a161a7bf5d9e,1.913102,19.518463,1,13592,1,1,0,0,1,0,0,0,0,0,0,0,0,1
104,1,db845c2db14717e8,3.526981,18.158664,1,13503,2,0,0,0,0,0,0,0,0,0,0,0,0,1
105,1,53b0e1a8751eb1df,2.649689,17.12077,1,14787,1,1,0,0,1,0,0,0,0,0,0,0,0,0
106,1,67035b6aefc07498,1.990612,19.819883,1,13518,1,1,0,0,1,0,0,0,0,0,0,0,0,1
107,1,8b6b2265a10408bf,2.541119,14.904835,0,13696,1,0,0,0,0,0,0,0,0,0,0,0,0,0
108,1,704bd80ad0bb85b7,1.909048,18.155134,1,14124,1,1,0,0,1,0,0,0,0,0,0,0,0,1
109,1,aee88d62d128a803,1.434196,20.0,1,14078,1,1,0,0,1,0,0,0,0,0,0,0,0,1
110,1,07e557288d804247,2.121111,15.473728,0,14077,1,0,0,0,0,0,0,0,0,0,0,0,0,0
111,1,5c91d0e8fad1e860,1.595106,18.597467,1,13593,1,1,0,0,1,0,0,0,0,0,0,0,0,1
112,1,7cd7fb418c174d19,2.241997,17.450427,1,14033,1,0,0,0,0,0,0,0,0,0,0,0,0,1
113,1,0357a418be9ba997,1.684328,16.588698,1,14078,1,1,0,0,1,0,0,0,0,0,0,0,0,0
114,1,718341e131f37352,2.31079,15.955439,1,13717,1,0,0,0,0,0,0,0,0,0,0,0,0,1
115,1,a86249c331b0a905,1.73601,15.465569,1,13793,1,1,0,0,1,0,0,0,0,0,0,0,0,0
116,1,960265aeed2cc185,1.304199,18.576393,1,14241,1,1,0,0,1,0,0,0,0,0,0,0,0,1
117,1,9922c61a95f949e5,3.067103,17.434594,1,13808,2,0,0,0,0,0,0,0,0,0,0,0,0,1
118,1,3353b37d733bc257,2.306505,16.591565,1,13862,1,1,0,0,1,0,0,0,0,0,0,0,0,0
119,1,b72d2cd567702414,2.776444,15.943467,1,14200,1,0,0,0,0,0,0,0,0,0,0,0,0,1
120,1,23b82419a91f4c95,2.085839,18.93542,1,13802,1,1,0,0,1,0,0,0,0,0,0,0,0,1
121,1,283ea77910f4c69b,1.568581,17.720207,1,13743,1,1,0,0,1,0,0,0,0,0,0,0,0,0
122,1,9b8d0dc9dd911f31,1.178416,16.791374,1,14275,1,1,0,0,0,0,0,0,0,0,0,0,0,1
123,1,7ee0086d82cd4f82,1.928953,16.093576,1,13715,1,0,0,0,1,0,0,0,0,0,0,0,0,0
124,1,9ba1b87fd220b987,1.44915,19.048191,1,14415,1,1,0,0,1,0,0,0,0,0,0,0,0,1
125,1,d37460187c747f69,2.133932,14.324511,0,13723,1,0,0,0,0,0,0,0,0,0,0,0,0,0
126,1,a20ebff0664b63e6,1.603144,17.719159,1,13574,1,1,0,0,1,0,0,0,0,0,0,0,0,1
127,1,7b0d8e03a325d91b,1.204382,16.790586,1,14680,1,1,0,0,1,0,0,0,0,0,0,0,0,0
128,1,2358ff3fcfbf1797,2.994013,16.107262,1,13404,2,0,0,0,0,0,0,0,0,0,0,0,0,1
129,1,d9b74896ac4dd198,2.24929,19.058473,1,13829,1,1,0,0,1,0,0,0,0,0,0,0,0,1
130,1,6c8f31635c64f5e8,1.689808,20.0,1,14446,1,1,0,0,1,0,0,0,0,0,0,0,0,1
131,1,50011319c3c5018e,2.313143,19.462413,1,13735,1,0,0,0,0,0,0,0,0,0,0,0,0,1
132,1,9ce58abaa9192081,1.739516,18.116514,1,13467,1,1,0,0,1,0,0,0,0,0,0,0,0,0
133,1,bf5dbfead29ffcfe,1.306834,17.089104,1,14711,1,1,0,0,0,0,0,0,0,0,0,0,0,1
134,1,873ff94fb62bb4bf,2.025429,19.796094,1,13564,1,0,0,0,1,0,0,0,0,0,0,0,0,1
135,1,c650d0e9bfa1c2e6,2.567302,20.0,1,13894,2,1,0,0,1,0,0,0,0,0,0,0,0,1
136,1,baf598fa5e78dbb0,1.928718,20.0,1,13949,1,1,0,0,1,0,0,0,0,0,0,0,0,1
137,1,9088cced34d1fc66,2.492627,17.557936,0,14072,1,0,0,0,0,0,0,0,0,0,0,0,0,0
138,1,5e015c2472e7a43f,1.872617,20.0,1,14088,1,1,0,0,1,0,0,0,0,0,0,0,0,1
139,1,08da6ec375f07f1c,2.452385,18.632318,1,13439,1,0,0,0,0,0,0,0,0,0,0,0,0,1
140,1,5748f9389fd3a2be,1.842386,17.476608,1,14006,1,1,0,0,1,0,0,0,0,0,0,0,0,0
141,1,46f4e3cbafa0b940,1.384115,20.0,1,14145,1,1,0,0,1,0,0,0,0,0,0,0,0,1
142,1,0829654dec94ec49,2.085025,18.586371,1,13823,2,1,0,0,0,0,0,0,0,0,0,0,0,1
143,1,4ccf14adc1e20bea,1.566401,17.44209,1,13585,0,0,0,0,1,0,0,0,0,0,0,0,0,0
144,1,2351dcaa79bd379a,2.220432,20.0,1,14385,2,1,0,0,1,0,0,0,0,0,0,0,0,1
145,1,2e026e135f7c77e0,2.711781,18.550134,1,13643,1,0,0,0,0,0,0,0,0,0,0,0,0,1
146,1,0c5a8b041029700f,2.039298,17.430467,1,14228,1,1,0,0,1,0,0,0,0,0,0,0,0,0
147,1,da1c5cae9115a2e8,1.532048,16.573703,1,13895,1,1,0,0,0,0,0,0,0,0,0,0,0,1
148,1,39fc785c7aa86839,2.194624,19.408892,1,13606,1,0,0,0,1,0,0,0,0,0,0,0,0,1
149,1,a24e4671b18519de,2.694539,20.0,1,14519,2,1,0,0,1,0,0,0,0,0,0,0,0,1
150,1,fd5764c5afdf1175,3.06796,19.673638,1,13603,1,0,0,0,0,0,0,0,0,0,0,0,0,1
151,1,353214f9691effbf,2.304844,18.258913,1,13690,1,1,0,0,1,0,0,0,0,0,0,0,0,0
152,1,9846fb8620c26c3c,1.731543,20.0,1,14391,1,1,0,0,1,0,0,0,0,0,0,0,0,1
153,1,27d52b88105fecdb,2.346295,15.54784,0,13455,1,0,0,0,0,0,0,0,0,0,0,0,0,0
154,1,e0f45957a6cf66e9,2.806337,18.6382,1,13956,2,1,0,0,1,0,0,0,0,0,0,0,0,1
155,1,03059e4eb4a27fe7,2.108296,20.0,1,14482,1,1,0,0,1,0,0,0,0,0,0,0,0,1
156,1,b77625461b03c66c,2.629619,19.242624,1,13363,1,0,0,0,0,0,0,0,0,0,0,0,0,1
157,1,3617625228556cc8,1.975535,17.935109,1,13776,1,1,0,0,1,0,0,0,0,0,0,0,0,0
158,1,0617f04b0db14ccd,2.527799,16.952821,1,14610,1,0,0,0,0,0,0,0,0,0,0,0,0,1
159,2,1fd48474a6be9a50,1.899041,19.69371,1,13696,1,1,0,0,1,0,0,0,0,0,0,0,0,1
160,2,530e0ea8d92a6d51,2.472256,14.809951,0,13847,2,1,0,0,0,0,0,0,0,0,0,0,0,0
161,2,9d91a06f605c6d81,2.900967,18.083851,1,13997,1,0,0,0,1,0,0,0,0,0,0,0,0,1
162,2,1bedfd585b1aa4b9,2.179388,17.064566,1,13920,1,1,0,0,1,0,0,0,0,0,0,0,0,0
163,2,26a9669cba5af3ef,2.683081,16.313299,1,14133,1,0,0,0,0,0,0,0,0,0,0,0,0,1
164,2,4f55c5e4b2d3c044,2.015699,19.21326,1,13821,1,1,0,0,1,0,0,0,0,0,0,0,0,1
165,2,429a6cfc04b09590,1.514319,20.0,1,13857,1,1,0,0,1,0,0,0,0,0,0,0,0,1
166,2,bfd1095e82cc3b3f,2.181305,16.07093,0,14040,1,0,0,0,0,0,0,0,0,0,0,0,0,0
167,2,e8a24dfe484cb614,1.640372,19.046572,1,14032,1,1,0,0,1,0,0,0,0,0,0,0,0,1
168,2,a8eb40163c807ab7,1.23235,17.787822,1,13460,1,1,0,0,1,0,0,0,0,0,0,0,0,0
169,2,b734eb68cadec0ba,1.969472,16.84217,1,14445,1,0,0,0,0,0,0,0,0,0,0,0,0,1
170,2,03ed9d518f369873,1.481071,16.146054,1,13714,1,1,0,0,1,0,0,0,0,0,0,0,0,0
171,2,cd43fcebe8f5e6e6,2.156327,15.608771,1,14224,1,0,0,0,0,0,0,0,0,0,0,0,0,1
172,2,338e1a6d9a9334b5,1.619968,15.205131,1,13785,1,1,0,0,1,0,0,0,0,0,0,0,0,0
173,2,f71f04d2a5841727,1.217021,14.901891,1,13740,1,1,0,0,0,0,0,0,0,0,0,0,0,1
174,2,dab4ff966e399802,1.959368,14.686936,1,14483,1,0,0,0,1,0,0,0,0,0,0,0,0,0
175,2,339e340883d8ecaf,1.472,17.991435,1,13432,1,1,0,0,1,0,0,0,0,0,0,0,0,1
176,2,0f3eea50b2030a66,2.149512,16.995137,1,13678,1,0,0,0,0,0,0,0,0,0,0,0,0,1
177,2,157d3461e0a7f335,2.660614,19.741589,1,14353,2,1,0,0,1,0,0,0,0,0,0,0,0,1
178,2,f1991b9aba19249f,1.99882,18.309962,1,13734,1,1,0,0,0,0,0,0,0,0,0,0,0,1
179,2,f0cae4ef532c2023,2.545292,17.234435,1,13844,1,0,0,0,1,0,0,0,0,0,0,0,0,0
180,2,7630abeab872e6cf,1.912183,19.905275,1,14521,1,1,0,0,1,0,0,0,0,0,0,0,0,1
181,2,253c29c9cd31f14d,1.437989,18.449553,1,13276,1,1,0,0,0,0,0,0,0,0,0,0,0,1
182,2,1bcd43f2b236da2a,2.12396,17.339304,1,14397,1,0,0,0,1,0,0,0,0,0,0,0,0,0
183,2,190012cb2cd5517d,1.595652,19.98406,1,13881,1,1,0,0,1,0,0,0,0,0,0,0,0,1
184,2,752285f96761bfac,2.244104,15.028298,0,13631,1,0,0,0,0,0,0,0,0,0,0,0,0,0
185,2,8ce008444b943984,1.685911,18.247887,1,14102,1,1,0,0,1,0,0,0,0,0,0,0,0,1
186,2,815cbd6616cc478f,2.310215,13.708956,0,14085,1,0,0,0,0,0,0,0,0,0,0,0,0,0
187,2,ea182be542b69bac,2.779232,17.256715,1,13614,2,1,0,0,1,0,0,0,0,0,0,0,0,1
188,2,98558a7fe6a345e2,2.090022,19.938299,1,14115,1,1,0,0,1,0,0,0,0,0,0,0,0,1
189,2,ea40987dff05550d,2.613809,18.457743,1,13786,1,0,0,0,0,0,0,0,0,0,0,0,0,1
190,2,bd84d51435d6859a,1.963657,17.345457,1,14015,1,1,0,0,1,0,0,0,0,0,0,0,0,0
191,2,b3773e59edaae1a5,2.520848,16.524533,1,13817,1,0,0,0,0,0,0,0,0,0,0,0,0,1
192,2,5dadae3439224eef,1.893819,15.893108,1,14017,1,1,0,0,1,0,0,0,0,0,0,0,0,0
193,2,999d3e32bf8ac332,1.422756,18.897587,1,13667,1,1,0,0,1,0,0,0,0,0,0,0,0,1
194,2,93ca203daad1e765,1.068863,14.197051,0,14513,1,1,0,0,0,0,0,0,0,0,0,0,0,0
195,2,47a61ba2d2334474,1.847951,17.637388,1,13557,1,0,0,0,1,0,0,0,0,0,0,0,0,1
196,2,94215aa925f7efc2,1.388296,20.0,1,14042,1,1,0,0,1,0,0,0,0,0,0,0,0,1
197,2,7547707c30185d74,1.042975,18.660359,1,13864,1,1,0,0,1,0,0,0,0,0,0,0,0,0
198,2,eae6455ec5d55694,1.828483,17.513358,1,13824,1,0,0,0,0,0,0,0,0,0,0,0,0,1
199,2,0c29e9d5d45ec48c,1.373671,20.0,1,14281,1,1,0,0,1,0,0,0,0,0,0,0,0,1
200,2,7635b5de22136fcf,2.075641,18.590357,1,13710,1,0,0,0,0,0,0,0,0,0,0,0,0,1
201,2,71731bc3fb924e4c,2.603005,17.445085,1,13598,2,1,0,0,1,0,0,0,0,0,0,0,0,0
202,2,2bfeb5059efc1bca,1.957497,20.0,1,14500,1,1,0,0,1,0,0,0,0,0,0,0,0,1
203,2,b84c55d6df92b6a5,2.514247,18.564165,1,13558,1,0,0,0,0,0,0,0,0,0,0,0,0,1
204,2,b07e028a9e352328,1.88886,17.425407,1,13861,1,1,0,0,1,0,0,0,0,0,0,0,0,0
205,2,e17f3acca75a88d8,1.42045,16.584656,1,14078,1,1,0,0,0,0,0,0,0,0,0,0,0,1
206,2,ff76efff97b12b4e,2.110784,15.938277,1,13704,1,0,0,0,1,0,0,0,0,0,0,0,0,0
207,2,c49c67da2ea37a66,1.585753,18.931521,1,14371,1,1,0,0,1,0,0,0,0,0,0,0,0,1
208,2,678f59b0c5f3aec0,1.191317,20.0,1,13832,1,1,0,0,1,0,0,0,0,0,0,0,0,1
209,2,2d8c48b7ac050995,2.984188,19.408339,1,13655,2,0,0,0,0,0,0,0,0,0,0,0,0,1
210,2,356d473c9c04caa4,2.241909,18.059604,1,14227,1,1,0,0,1,0,0,0,0,0,0,0,0,0
211,2,889dcc97d5f39ba3,2.727916,17.04635,1,13970,1,0,0,0,0,0,0,0,0,0,0,0,0,1
212,2,f7cfe82027b13a7b,2.051432,19.780101,1,13628,1,1,0,0,1,0,0,0,0,0,0,0,0,1
213,2,b7cef79c5b903f68,1.541164,14.860051,0,14078,1,1,0,0,0,0,0,0,0,0,0,0,0,0
214,2,c7e666ff6e84440b,2.201472,18.12149,1,14243,1,0,0,0,1,0,0,0,0,0,0,0,0,1
215,2,346242252b228ef4,1.653884,20.0,1,13614,1,1,0,0,1,0,0,0,0,0,0,0,0,1
216,2,119018cce592c38e,2.287895,15.470202,0,13941,1,0,0,0,0,0,0,0,0,0,0,0,0,0
217,2,75111a681bbe18e5,1.71881,18.579873,1,14050,1,1,0,0,1,0,0,0,0,0,0,0,0,1
218,2,52ce7c260f45af03,3.378584,17.437209,1,14135,2,0,0,0,0,0,0,0,0,0,0,0,0,1
219,2,509b55e2dbb320cb,2.540743,20.0,1,13800,1,1,0,0,1,0,0,0,0,0,0,0,0,1
220,2,e7e50176d3d6433d,2.952419,15.08087,0,13686,1,0,0,0,0,0,0,0,0,0,0,0,0,0
221,2,b7b47c451ab2719e,2.218042,18.287383,1,14238,1,1,0,0,1,0,0,0,0,0,0,0,0,1
222,2,4f409d4a8f320d71,2.709985,13.738627,0,13897,1,0,0,0,0,0,0,0,0,0,0,0,0,0
223,2,cef7fa9615666658,2.037948,17.292647,1,13851,1,1,0,0,1,0,0,0,0,0,0,0,0,1
224,2,d861e0d3bb0b313e,1.531034,12.991319,0,14269,1,1,0,0,0,0,0,0,0,0,0,0,0,0
225,2,35ce60bcb9367e8c,2.193862,16.717582,1,13706,1,0,0,0,1,0,0,0,0,0,0,0,0,1
226,2,d5d4ca5d7193f9d2,1.649815,16.052361,1,13607,1,1,0,0,1,0,0,0,0,0,0,0,0,0
227,2,1df33c4cedadb90b,2.283098,15.538383,1,14333,1,0,0,0,0,0,0,0,0,0,0,0,0,1
228,2,819b35a1b8a50a4e,1.715206,18.631096,1,13658,1,1,0,0,1,0,0,0,0,0,0,0,0,1
229,2,fc0954fec58d599e,2.332224,13.996846,0,14468,1,0,0,0,0,0,0,0,0,0,0,0,0,0
230,2,ab1f1d2a0cc343a3,1.753865,17.486831,1,13474,1,1,0,0,1,0,0,0,0,0,0,0,0,1
231,2,02ed6277af9aacf1,2.361267,20.0,1,13839,2,1,0,0,1,0,0,0,0,0,0,0,0,1
232,2,0e5b1338f6ccd1b1,2.817585,15.096541,0,14292,1,0,0,0,0,0,0,0,0,0,0,0,0,0
233,2,c841b7ed3fa313df,2.118864,18.313817,1,13778,1,1,0,0,1,0,0,0,0,0,0,0,0,1
234,2,62a0d170303a97b0,1.591823,13.758486,0,13548,1,1,0,0,0,0,0,0,0,0,0,0,0,0
235,2,93380ee8dc7566a6,2.239531,17.293925,1,14449,1,0,0,0,1,0,0,0,0,0,0,0,0,1
236,2,0026d175ffe59c8c,1.682476,16.471124,1,13632,1,1,0,0,1,0,0,0,0,0,0,0,0,0
237,2,de5ff8ee6cc78f3c,2.309396,15.867022,1,13908,1,0,0,0,0,0,0,0,0,0,0,0,0,1
238,2,757a867f668527e5,1.734963,15.399145,1,13974,1,1,0,0,1,0,0,0,0,0,0,0,0,0
239,2,5906bd726cf35d91,2.347066,15.047646,1,14147,1,0,0,0,0,0,0,0,0,0,0,0,0,1
240,2,2dd1c4d34e2f4b07,1.765027,14.796546,1,13667,1,1,0,0,1,0,0,0,0,0,0,0,0,0
241,2,ed05a6487f2a968f,1.325999,18.073781,1,13866,1,1,0,0,1,0,0,0,0,0,0,0,0,1
242,2,450546ea3d6ded5a,2.039827,13.578156,0,14007,1,0,0,0,0,0,0,0,0,0,0,0,0,0
243,2,42592e988524149c,1.532446,17.15845,1,14429,1,1,0,0,1,0,0,0,0,0,0,0,0,1
244,2,5bb540058da5417c,2.196571,12.903399,0,13673,1,0,0,0,0,0,0,0,0,0,0,0,0,0
245,2,3d7690ceb6ff145c,1.650202,16.65153,1,13693,1,1,0,0,1,0,0,0,0,0,0,0,0,1
246,2,dacd8651f6d4eeaa,1.239735,15.988517,1,14114,1,1,0,0,0,0,0,0,0,0,0,0,0,1
247,2,0c1fab33a5bb62cc,1.976449,15.504094,1,13943,1,0,0,0,1,0,0,0,0,0,0,0,0,0
248,2,071ca574f097f677,2.528486,18.605335,1,13833,2,1,0,0,1,0,0,0,0,0,0,0,0,1
249,2,0110b699ee0b157d,2.94321,17.456338,1,14278,1,0,0,0,0,0,0,0,0,0,0,0,0,1
250,2,5ad0ff9fd47e13d1,2.211124,20.0,1,13661,1,1,0,0,1,0,0,0,0,0,0,0,0,1
251,2,3820153c05cebaca,1.662797,20.0,1,13955,1,1,0,0,1,0,0,0,0,0,0,0,0,1
252,2,e80566419ff4abc2,1.249197,16.569413,0,14296,1,1,0,0,0,0,0,0,0,0,0,0,0,0
253,2,1454d91fbd307241,1.982128,19.40567,1,13575,1,0,0,0,1,0,0,0,0,0,0,0,0,1
254,2,049d36c4861a73c0,1.490589,18.073842,1,14293,1,1,0,0,1,0,0,0,0,0,0,0,0,0
255,2,9853d069e1bd2d5d,2.163477,17.057046,1,13855,1,0,0,0,0,0,0,0,0,0,0,0,0,1
256,2,749db8f749512260,1.625339,16.293166,1,13762,1,1,0,0,1,0,0,0,0,0,0,0,0,0
257,2,e043e86364ae103b,1.221057,19.198135,1,14429,1,1,0,0,1,0,0,0,0,0,0,0,0,1
258,2,5c1dc8b3f0434580,1.962403,14.437271,0,13581,1,0,0,0,0,0,0,0,0,0,0,0,0,0
259,2,237644f97a35ee73,2.517933,17.803871,1,13585,2,1,0,0,1,0,0,0,0,0,0,0,0,1
260,2,8a3be677ed714fb0,2.935282,16.854228,1,14590,1,0,0,0,0,0,0,0,0,0,0,0,0,1
261,2,f5502357c6d6c6de,2.207374,16.155121,1,13491,1,1,0,0,1,0,0,0,0,0,0,0,0,0
262,2,d0d65d020a48c8f8,2.701971,15.615583,1,13564,1,0,0,0,0,0,0,0,0,0,0,0,0,1
263,2,93d462513749c7fd,3.073543,15.210248,1,14231,1,0,0,0,0,0,0,0,0,0,0,0,0,1
264,2,93c3066689f9bec1,2.309038,14.905735,1,14148,1,1,0,0,1,0,0,0,0,0,0,0,0,0
265,2,53cb5cad4b378720,1.73643,14.689827,1,13842,1,1,0,0,0,0,0,0,0,0,0,0,0,1
266,2,df2ee62ed8096f9d,2.348168,14.514763,1,13883,1,0,0,0,1,0,0,0,0,0,0,0,0,0
267,2,53cc2eb1fd746701,1.764091,17.862088,1,14090,1,1,0,0,1,0,0,0,0,0,0,0,0,1
268,2,5c542c18e111147d,2.370772,16.913046,1,13927,1,0,0,0,0,0,0,0,0,0,0,0,0,1
269,2,a4179e7fbf747f31,1.781072,16.184984,1,13852,1,1,0,0,1,0,0,0,0,0,0,0,0,0
270,2,3bdfd819fd095778,2.381706,15.638018,1,13524,2,1,0,0,0,0,0,0,0,0,0,0,0,1
271,2,870380458fe1faaa,2.83294,18.705947,1,14685,1,0,0,0,1,0,0,0,0,0,0,0,0,1
272,2,94a57ec4d5414d77,1.086261,17.547641,1,13385,0,1,0,0,1,0,0,0,0,0,0,0,0,0
273,2,a42dc048d46bc74e,1.859721,16.661731,1,13805,1,0,0,0,0,0,0,0,0,0,0,0,0,1
274,2,9321c95b9ea34035,2.440792,19.475025,1,14340,2,1,0,0,1,0,0,0,0,0,0,0,0,1
275,2,2b0f4727becf88cb,1.83551,18.125998,1,13739,1,1,0,0,0,0,0,0,0,0,0,0,0,1
276,2,fc0142b0b3345148,2.422604,20.0,1,13803,1,0,0,0,1,0,0,0,0,0,0,0,0,1
277,2,35f10eb454fbbe5a,1.820012,18.936128,1,14158,1,1,0,0,1,0,0,0,0,0,0,0,0,0
278,2,76da5bff87ccdfd3,2.41096,17.70485,1,13727,1,0,0,0,0,0,0,0,0,0,0,0,0,1
279,2,547fda052358d6d9,1.813076,20.0,1,14509,1,1,0,0,1,0,0,0,0,0,0,0,0,1
280,2,a256a8b8e6c7a3a7,1.362096,18.710922,1,13530,1,1,0,0,1,0,0,0,0,0,0,0,0,0
281,2,8fa1b7feebbb0857,3.110599,17.53566,1,13866,2,0,0,0,0,0,0,0,0,0,0,0,0,1
282,2,00e5d43f687ffb7c,2.339215,20.0,1,14061,1,1,0,0,1,0,0,0,0,0,0,0,0,1
283,2,aaf022466ae35eeb,1.757365,20.0,1,13656,1,1,0,0,1,0,0,0,0,0,0,0,0,1
284,2,c186e17a93f13b48,2.363896,16.598532,0,13783,1,0,0,0,0,0,0,0,0,0,0,0,0,0
285,2,7068a58121578ff3,1.775906,19.427546,1,14677,1,1,0,0,1,0,0,0,0,0,0,0,0,1
286,2,08147b368e5bf8d5,2.379657,14.609791,0,13431,1,0,0,0,0,0,0,0,0,0,0,0,0,0
287,2,ccc4c39ff633c428,1.787748,17.933479,1,13960,1,1,0,0,1,0,0,0,0,0,0,0,0,1
288,2,0c1ad1570243595d,2.386721,20.0,1,14240,2,1,0,0,1,0,0,0,0,0,0,0,0,1
289,2,41f76c53260c9fe5,2.838999,18.844485,1,13660,1,0,0,0,0,0,0,0,0,0,0,0,0,1
290,2,a5a75c4e3bdc51eb,2.132834,17.636002,1,14009,1,1,0,0,1,0,0,0,0,0,0,0,0,0
291,2,635984fc5a4a9bf5,2.645972,16.728113,1,13946,1,0,0,0,0,0,0,0,0,0,0,0,0,1
292,2,551362013780f06f,1.98782,16.046051,1,13903,1,1,0,0,1,0,0,0,0,0,0,0,0,0
293,2,745722a69a6e1f7e,1.494869,19.027862,1,13953,1,1,0,0,1,0,0,0,0,0,0,0,0,1
294,2,6fd23ebcf9fa6a99,2.166692,14.294922,0,13842,1,0,0,0,0,0,0,0,0,0,0,0,0,0
295,2,97536d621ddb1fcf,1.627755,17.696929,1,13981,1,1,0,0,1,0,0,0,0,0,0,0,0,1
296,2,11f02d7e1f1a513f,1.224095,16.788845,1,14280,1,1,0,0,1,0,0,0,0,0,0,0,0,0
297,2,472e33621e0a06b1,1.96327,16.091676,1,13475,1,0,0,0,0,0,0,0,0,0,0,0,0,1
298,2,cc27b1fc42548463,1.474931,15.567919,1,13734,1,1,0,0,1,0,0,0,0,0,0,0,0,0
299,2,f26115f7b8d0c088,3.195368,15.17444,1,14337,2,0,0,0,0,0,0,0,0,0,0,0,0,1
300,2,a1330f8bc97388b3,2.402962,18.372399,1,13632,1,1,0,0,1,0,0,0,0,0,0,0,0,1
301,2,4a9cbf782f1f18cc,1.805255,17.281341,1,14387,1,1,0,0,1,0,0,0,0,0,0,0,0,0
302,2,3fc60f677903adad,2.399874,16.46167,1,13687,1,0,0,0,0,0,0,0,0,0,0,0,0,1
303,2,9c39954f7b1cd57b,1.80474,19.340414,1,13717,1,1,0,0,1,0,0,0,0,0,0,0,0,1
304,2,b8bf698efdad9239,1.355833,18.008574,1,14373,1,1,0,0,1,0,0,0,0,0,0,0,0,0
305,2,f496c61a76370ba3,2.06224,17.008013,1,13637,1,0,0,0,0,0,0,0,0,0,0,0,0,1
306,2,66eeefc20bd5aabc,1.549284,16.256329,1,13657,1,1,0,0,1,0,0,0,0,0,0,0,0,0
307,2,1bc0212746c25bc6,1.165084,19.185995,1,14397,1,1,0,0,1,0,0,0,0,0,0,0,0,1
308,2,a5eaa14961f6527b,1.918937,14.41372,0,13638,1,0,0,0,0,0,0,0,0,0,0,0,0,0
309,2,9c6b1952159ed0b5,1.441626,17.786178,1,13772,1,1,0,0,1,0,0,0,0,0,0,0,0,1
310,2,3e7c7e675724268d,2.128274,13.37546,0,14434,1,0,0,0,0,0,0,0,0,0,0,0,0,0
311,2,100fb9633b3a17bc,1.598892,17.006172,1,13537,1,1,0,0,1,0,0,0,0,0,0,0,0,1
312,2,59942da638de1424,2.244841,12.776101,0,13882,1,0,0,0,0,0,0,0,0,0,0,0,0,0
313,2,8080b0a76120e674,1.686465,16.555896,1,14324,1,1,0,0,1,0,0,0,0,0,0,0,0,1
314,2,5b38acb0f0f7125d,2.312397,12.45027,0,13673,1,0,0,0,0,0,0,0,0,0,0,0,0,0
315,2,fd853ca8ad307d01,1.737217,16.311111,1,13967,1,1,0,0,1,0,0,0,0,0,0,0,0,1
316,2,0e1b1bae58d0ff40,1.305106,12.253928,0,14232,1,1,0,0,0,0,0,0,0,0,0,0,0,0
317,2,0f051bf7d04c2d9e,2.025609,16.176132,1,13538,1,0,0,0,1,0,0,0,0,0,0,0,0,1
318,2,a5b7faa72475a43e,2.565418,19.110212,1,14124,2,1,0,0,1,0,0,0,0,0,0,0,0,1
319,2,79950ca608194299,1.927302,14.356788,0,13869,0,0,0,0,0,0,0,0,0,0,0,0,0,0
320,2,2bef0495337f9760,1.44791,17.743407,1,14060,1,1,0,0,1,0,0,0,0,0,0,0,0,1
321,2,40bd02f4726cc6ed,3.17715,16.823797,1,14183,2,0,0,0,0,0,0,0,0,0,0,0,0,1
322,2,a9bf56e0d0df8415,2.386874,16.117934,1,13695,1,1,0,0,1,0,0,0,0,0,0,0,0,0
323,2,87d2d098eafb5e00,2.836823,15.587646,1,13582,1,0,0,0,0,0,0,0,0,0,0,0,0,1
324,2,14d1278d31a9f672,2.133331,15.202634,1,14566,1,1,0,0,1,0,0,0,0,0,0,0,0,0
325,2,2cccb0c8b448a24c,2.646345,14.900015,1,13388,1,0,0,0,0,0,0,0,0,0,0,0,0,1
326,2,8a92ace11e03f5f2,3.031754,18.151513,1,14540,2,1,0,0,1,0,0,0,0,0,0,0,0,1
327,2,4719c101e01b1ac3,2.277643,17.115398,1,13594,1,1,0,0,1,0,0,0,0,0,0,0,0,0
328,2,2b40720a3bfbecd6,1.71282,12.871023,0,13913,0,0,0,0,0,0,0,0,0,0,0,0,0,0
329,2,eaad653381c250e5,1.286778,16.627208,1,14260,1,1,0,0,1,0,0,0,0,0,0,0,0,1
330,2,f9e743d6c8333200,0.966708,15.970244,1,13546,1,1,0,0,1,0,0,0,0,0,0,0,0,0
331,2,f69362f1c7dce9c0,2.815279,15.490353,1,13802,2,0,0,0,0,0,0,0,0,0,0,0,0,1
332,2,17cb5371750ada05,2.115014,18.595012,1,14522,1,1,0,0,1,0,0,0,0,0,0,0,0,1
333,2,db19894352bae4f4,1.588931,17.448582,1,13376,1,1,0,0,1,0,0,0,0,0,0,0,0,0
334,2,a79052343b825ddb,2.237358,16.587312,1,13876,1,0,0,0,0,0,0,0,0,0,0,0,0,1
335,2,9af0343fec1c6622,1.682525,15.954397,1,14229,1,1,0,0,1,0,0,0,0,0,0,0,0,0
336,2,0acc7f7c382e8067,1.264018,15.464786,1,13986,1,1,0,0,0,0,0,0,0,0,0,0,0,1
337,2,a73244b57de0879e,1.993263,15.09696,1,13952,1,0,0,0,1,0,0,0,0,0,0,0,0,0
338,2,c9aff476cf94cb4f,1.498962,18.314133,1,13862,1,1,0,0,1,0,0,0,0,0,0,0,0,1
339,2,de9420f69c44e298,2.169768,13.758723,0,13674,1,0,0,0,0,0,0,0,0,0,0,0,0,0
340,2,831a88c127a06e07,1.630065,17.294104,1,14160,1,1,0,0,1,0,0,0,0,0,0,0,0,1
341,2,7fcdf86fb81f6fad,2.26826,12.992413,0,14200,1,0,0,0,0,0,0,0,0,0,0,0,0,0
342,2,7ba93d8f9ee482bb,1.705764,16.731483,1,13360,1,1,0,0,1,0,0,0,0,0,0,0,0,1
343,2,9f2d3c165f60d30f,1.281477,16.048583,1,14131,1,1,0,0,1,0,0,0,0,0,0,0,0,0
344,2,57c4f87db22e83cd,2.006379,15.535545,1,14074,1,0,0,0,0,0,0,0,0,0,0,0,0,1
345,2,deef31a29bd5fbd6,1.508826,15.163453,1,13731,1,1,0,0,1,0,0,0,0,0,0,0,0,0
346,2,7d3e0efbe36b70a2,1.133524,18.349424,1,14109,1,1,0,0,1,0,0,0,0,0,0,0,0,1
347,2,d5d84380de4c0b10,1.895228,13.785236,0,13842,1,0,0,0,0,0,0,0,0,0,0,0,0,0
348,2,672f539f5f5b9288,1.423814,17.314022,1,14163,1,1,0,0,1,0,0,0,0,0,0,0,0,1
349,2,6ebf7b7c637af4ac,1.070728,16.500893,1,13824,1,1,0,0,1,0,0,0,0,0,0,0,0,0
350,2,4918d6aa7f178ecd,1.848051,15.875349,1,13920,1,0,0,0,0,0,0,0,0,0,0,0,0,1
351,2,cd3bfc059ac72511,1.388372,15.4054,1,14278,1,1,0,0,1,0,0,0,0,0,0,0,0,0
352,2,aa62de24033ed8de,1.044076,18.546084,1,13640,1,1,0,0,1,0,0,0,0,0,0,0,0,1
353,2,5a457246216d91a9,1.828028,13.93298,0,13525,1,0,0,0,0,0,0,0,0,0,0,0,0,0
354,2,608b53cd5413fb48,1.373329,17.425016,1,14370,1,1,0,0,1,0,0,0,0,0,0,0,0,1
355,2,5fe5e9835b1237be,1.031731,16.569607,1,13765,1,1,0,0,1,0,0,0,0,0,0,0,0,0
356,2,f910689096c4cb13,0.775876,19.421584,1,13722,1,1,0,0,1,0,0,0,0,0,0,0,0,1
357,2,6cb1a8b6baee0e01,1.62654,14.59071,0,14624,1,0,0,0,0,0,0,0,0,0,0,0,0,0
358,2,6dd8292dc1b0a6c2,2.265612,17.919144,1,13425,2,1,0,0,1,0,0,0,0,0,0,0,0,1
359,3,1fd48474a6be9a50,2.747923,16.955954,1,13911,1,0,0,0,0,0,0,0,0,0,0,0,0,1
360,3,530e0ea8d92a6d51,2.064412,19.696063,1,14427,1,1,0,0,1,0,0,0,0,0,0,0,0,1
361,3,9d91a06f605c6d81,1.550916,20.0,1,13595,1,1,0,0,1,0,0,0,0,0,0,0,0,1
362,3,1bedfd585b1aa4b9,1.165145,16.343421,0,14157,1,1,0,0,0,0,0,0,0,0,0,0,0,0
363,3,26a9669cba5af3ef,1.920356,19.251489,1,13702,1,0,0,0,1,0,0,0,0,0,0,0,0,1
364,3,4f55c5e4b2d3c044,1.442692,20.0,1,13976,1,1,0,0,1,0,0,0,0,0,0,0,0,1
365,3,429a6cfc04b09590,2.127494,16.092506,0,13790,1,0,0,0,0,0,0,0,0,0,0,0,0,0
366,3,bfd1095e82cc3b3f,1.599906,19.062797,1,14334,1,1,0,0,1,0,0,0,0,0,0,0,0,1
367,3,e8a24dfe484cb614,2.245603,17.800011,1,13473,1,0,0,0,0,0,0,0,0,0,0,0,0,1
368,3,a8eb40163c807ab7,2.730691,20.0,1,14211,2,1,0,0,1,0,0,0,0,0,0,0,0,1
369,3,b734eb68cadec0ba,2.051466,18.752143,1,13983,1,1,0,0,1,0,0,0,0,0,0,0,0,0
370,3,03ed9d518f369873,1.542732,20.0,1,13478,1,1,0,0,1,0,0,0,0,0,0,0,0,1
371,3,cd43fcebe8f5e6e6,2.20265,15.823756,0,14286,1,0,0,0,0,0,0,0,0,0,0,0,0,0
372,3,338e1a6d9a9334b5,1.654769,18.845485,1,13943,1,1,0,0,1,0,0,0,0,0,0,0,0,1
373,3,f71f04d2a5841727,2.28856,17.652575,1,14025,1,0,0,0,0,0,0,0,0,0,0,0,0,1
374,3,dab4ff966e399802,1.71931,16.740564,1,13803,1,1,0,0,1,0,0,0,0,0,0,0,0,0
375,3,339e340883d8ecaf,1.291653,19.534249,1,13964,1,1,0,0,1,0,0,0,0,0,0,0,0,1
376,3,0f3eea50b2030a66,2.014024,18.154196,1,14309,1,0,0,0,0,0,0,0,0,0,0,0,0,1
377,3,157d3461e0a7f335,1.514575,17.132716,1,13623,1,1,0,0,1,0,0,0,0,0,0,0,0,0
378,3,f1991b9aba19249f,1.137843,16.350013,1,13840,1,1,0,0,0,0,0,0,0,0,0,0,0,1
379,3,f0cae4ef532c2023,1.898473,15.761998,1,14020,1,0,0,0,1,0,0,0,0,0,0,0,0,0
380,3,3dc875a761d5c5ef,1.427678,18.814251,1,13872,1,1,0,0,1,0,0,0,0,0,0,0,0,1
381,3,e90cc852e180b7a9,2.116215,14.134443,0,13758,1,0,0,0,0,0,0,0,0,0,0,0,0,0
382,3,0843c071791750a4,2.633486,17.576368,1,14267,2,1,0,0,1,0,0,0,0,0,0,0,0,1
383,3,e7652621d19bb2aa,1.97844,20.0,1,13700,1,1,0,0,1,0,0,0,0,0,0,0,0,1
384,3,83403ab2ce2e5edc,2.531966,18.642731,1,14194,1,0,0,0,0,0,0,0,0,0,0,0,0,1
385,3,31f44b91b5854a60,1.902171,20.0,1,13998,1,1,0,0,1,0,0,0,0,0,0,0,0,1
386,3,9eeb382b0724ec5e,1.42903,15.748926,0,13630,1,1,0,0,0,0,0,0,0,0,0,0,0,0
387,3,8cf44fb6a5bc2678,2.118801,18.80442,1,14074,1,0,0,0,1,0,0,0,0,0,0,0,0,1
388,3,26302fd6db433208,1.591776,20.0,1,13666,1,1,0,0,1,0,0,0,0,0,0,0,0,1
389,3,212d5aa4658ea2f7,2.239495,15.840182,0,14115,1,0,0,0,0,0,0,0,0,0,0,0,0,0
390,3,37a5a18fb6caef37,1.682449,18.857826,1,14133,1,1,0,0,1,0,0,0,0,0,0,0,0,1
391,3,79c0b206a03c3fd7,2.309376,14.181354,0,13876,1,0,0,0,0,0,0,0,0,0,0,0,0,0
392,3,c2376b0af88b997c,1.734948,17.61161,1,13508,1,1,0,0,1,0,0,0,0,0,0,0,0,1
393,3,6484211bcaa3988b,1.303402,16.709789,1,14245,1,1,0,0,1,0,0,0,0,0,0,0,0,0
394,3,bb6c2f7a25964c84,2.024327,16.046501,1,14181,1,0,0,0,0,0,0,0,0,0,0,0,0,1
395,3,66b1f64089a6f384,2.564455,19.012825,1,13299,2,1,0,0,1,0,0,0,0,0,0,0,0,1
396,3,ea8c132e457af786,2.970232,17.762469,1,14400,1,0,0,0,0,0,0,0,0,0,0,0,0,1
397,3,052f36be903b4c06,2.231424,16.823124,1,13792,1,1,0,0,1,0,0,0,0,0,0,0,0,0
398,3,8e82ec90f90651e7,1.678063,19.612232,1,14016,1,1,0,0,1,0,0,0,0,0,0,0,0,1
399,3,4f7951c9fb9652a2,2.304319,14.733937,0,13850,1,0,0,0,0,0,0,0,0,0,0,0,0,0
400,3,f016206e344ce587,1.731149,18.026745,1,13598,1,1,0,0,1,0,0,0,0,0,0,0,0,1
401,3,5ced2d58e360e784,2.345999,17.036871,1,14586,1,0,0,0,0,0,0,0,0,0,0,0,0,1
402,3,27c66233913871e4,2.806115,19.756853,1,13499,2,1,0,0,1,0,0,0,0,0,0,0,0,1
403,3,b04dc5fbe548eb36,3.151783,14.842585,0,13875,1,0,0,0,0,0,0,0,0,0,0,0,0,0
404,3,92badb4797e556aa,2.367816,18.108369,1,14139,1,1,0,0,1,0,0,0,0,0,0,0,0,1
405,3,a92b91e3e3eb2719,1.780632,17.098253,1,13703,1,1,0,0,0,0,0,0,0,0,0,0,0,1
406,3,c26da11a2d778a09,2.381375,19.802967,1,13943,1,0,0,0,1,0,0,0,0,0,0,0,0,1
407,3,3295862e40a5a313,1.789038,18.356074,1,14124,1,1,0,0,1,0,0,0,0,0,0,0,0,0
408,3,508e562ad7204104,1.345382,20.0,1,13554,1,1,0,0,1,0,0,0,0,0,0,0,0,1
409,3,a8b42c6fb244fb23,2.054389,15.599993,0,14480,1,0,0,0,0,0,0,0,0,0,0,0,0,0
410,3,9c3019aa61f10730,1.543385,18.67738,1,13601,1,1,0,0,1,0,0,0,0,0,0,0,0,1
411,3,d2589d24a9f0cfca,1.159488,14.031618,0,13906,1,1,0,0,0,0,0,0,0,0,0,0,0,0
412,3,1dbb1075c65864e9,1.916102,17.51298,1,13939,1,0,0,0,1,0,0,0,0,0,0,0,0,1
413,3,5c6e7a0e10fc8612,1.439496,20.0,1,14187,1,1,0,0,1,0,0,0,0,0,0,0,0,1
414,3,16d8a9528bdedf17,3.168746,15.111299,0,13632,2,0,0,0,0,0,0,0,0,0,0,0,0,0
415,3,82d07b5e598d7315,2.382942,18.324916,1,14217,1,1,0,0,1,0,0,0,0,0,0,0,0,1
416,3,8caf2ec1e9c9e1b1,1.790215,20.0,1,13721,1,1,0,0,1,0,0,0,0,0,0,0,0,1
417,3,bd35018e83a338ab,1.344922,15.569552,0,13683,1,1,0,0,0,0,0,0,0,0,0,0,0,0
418,3,f13b4ae8e3ac9cfb,2.054043,18.654511,1,14177,1,0,0,0,1,0,0,0,0,0,0,0,0,1
419,3,c4603ee7d449a90d,1.54467,17.50896,1,13970,1,1,0,0,1,0,0,0,0,0,0,0,0,0
420,3,dd8b4fb1952b1ccb,2.204106,16.632672,1,14031,1,0,0,0,0,0,0,0,0,0,0,0,0,1
421,3,548e365b4fbe82fc,1.655862,15.974349,1,13934,1,1,0,0,1,0,0,0,0,0,0,0,0,0
422,3,2f6151d16b59d1d0,2.289383,15.49344,1,13806,1,0,0,0,0,0,0,0,0,0,0,0,0,1
423,3,0f8e792e8be12cdc,1.719928,18.597331,1,14291,1,1,0,0,1,0,0,0,0,0,0,0,0,1
424,3,e644c6b1ea35b903,2.335771,13.97148,0,13466,1,0,0,0,0,0,0,0,0,0,0,0,0,0
425,3,136cec730ee9b786,2.798431,17.453939,1,14058,2,1,0,0,1,0,0,0,0,0,0,0,0,1
426,3,0a7eca882991cb1d,2.10446,20.0,1,14043,1,1,0,0,1,0,0,0,0,0,0,0,0,1
427,3,4d85c3ed0200b43b,2.624655,18.569167,1,13809,1,0,0,0,0,0,0,0,0,0,0,0,0,1
428,3,10f7befbcb490e43,1.971805,20.0,1,13689,1,1,0,0,1,0,0,0,0,0,0,0,0,1
429,3,2846eb3c300a9955,1.482826,19.203623,1,14501,1,1,0,0,1,0,0,0,0,0,0,0,0,0
430,3,90212b786a0d96d4,2.157645,17.905809,1,13469,1,0,0,0,0,0,0,0,0,0,0,0,0,1
431,3,fa07a56d810f77ed,1.620958,16.930809,1,13947,1,1,0,0,1,0,0,0,0,0,0,0,0,0
432,3,292e122b030f6131,1.217765,19.677173,1,14067,1,1,0,0,1,0,0,0,0,0,0,0,0,1
433,3,5f50b6dc444c4e3b,1.959927,14.797515,0,13930,1,0,0,0,0,0,0,0,0,0,0,0,0,0
434,3,e9dbac9f7e4e3def,1.47242,18.074509,1,14416,1,1,0,0,1,0,0,0,0,0,0,0,0,1
435,3,b39a2b0cb61bc115,2.149828,13.578703,0,13246,1,0,0,0,0,0,0,0,0,0,0,0,0,0
436,3,0783e4636732b453,1.616701,17.172381,1,14071,1,1,0,0,1,0,0,0,0,0,0,0,0,1
437,3,d1c2aac9c452539a,1.214567,16.379813,1,14237,1,1,0,0,1,0,0,0,0,0,0,0,0,0
438,3,a55f3e6b4ea25e63,1.956112,15.784385,1,13784,1,0,0,0,0,0,0,0,0,0,0,0,0,1
439,3,c3b488c178849f9c,1.469554,18.815908,1,13576,1,1,0,0,1,0,0,0,0,0,0,0,0,1
440,3,d07fe4da74ae592c,2.149276,14.149831,0,14300,1,0,0,0,0,0,0,0,0,0,0,0,0,0
441,3,ee0c0ba6e5273133,1.614671,17.587928,1,14003,1,1,0,0,1,0,0,0,0,0,0,0,0,1
442,3,0413813b2417e088,2.256695,13.213153,0,13588,1,0,0,0,0,0,0,0,0,0,0,0,0,0
443,3,9f9d897994051f4e,1.697067,16.897483,1,14349,1,1,0,0,1,0,0,0,0,0,0,0,0,1
444,3,e9ddea751f477542,1.274943,16.173292,1,13650,1,1,0,0,1,0,0,0,0,0,0,0,0,0
445,3,c1d68523a27fb88e,2.00147,15.629234,1,14121,1,0,0,0,0,0,0,0,0,0,0,0,0,1
446,3,46781a87e06cecff,2.547283,18.699348,1,13791,2,1,0,0,1,0,0,0,0,0,0,0,0,1
447,3,18067cc0699ef92b,2.959744,14.062176,0,13575,1,0,0,0,0,0,0,0,0,0,0,0,0,0
448,3,6abed7f8ab586a1d,2.223545,17.522076,1,14433,1,1,0,0,1,0,0,0,0,0,0,0,0,1
449,3,1b9182f399ed5313,1.670466,20.0,1,13522,1,1,0,0,1,0,0,0,0,0,0,0,0,1
450,3,eeb96892a467eac9,1.256214,18.612059,1,14086,1,1,0,0,1,0,0,0,0,0,0,0,0,0
451,3,f34b33624adf03dd,1.9874,17.461389,1,14245,1,0,0,0,0,0,0,0,0,0,0,0,0,1
452,3,9ae3a6ddb12564bd,1.493059,16.596933,1,13604,1,1,0,0,1,0,0,0,0,0,0,0,0,0
453,3,ad2fa6021f2ad322,1.12168,15.9475,1,13875,1,1,0,0,0,0,0,0,0,0,0,0,0,1
454,3,1d1c700300ad8b75,1.88767,15.473249,1,14215,1,0,0,0,1,0,0,0,0,0,0,0,0,0
455,3,6db962aec6859630,1.418136,18.582162,1,13552,1,1,0,0,1,0,0,0,0,0,0,0,0,1
456,3,c0a47a280212b9c1,2.109046,20.0,1,14228,2,1,0,0,1,0,0,0,0,0,0,0,0,1
457,3,181cbd97e2791854,1.586032,20.0,1,13921,1,1,0,0,1,0,0,0,0,0,0,0,0,1
458,3,0b6ccf3312acc01e,2.23518,17.047251,0,13779,1,0,0,0,0,0,0,0,0,0,0,0,0,0
459,3,dfce78429dd965d5,1.679207,19.764651,1,14384,1,1,0,0,1,0,0,0,0,0,0,0,0,1
460,3,c88bbc6dd158c55b,1.261526,18.327288,1,13472,1,1,0,0,1,0,0,0,0,0,0,0,0,0
461,3,37a5728422eb2cc2,1.992836,17.262884,1,13844,1,0,0,0,0,0,0,0,0,0,0,0,0,1
462,3,af19ac75cc826345,1.497143,16.447804,1,14333,1,1,0,0,1,0,0,0,0,0,0,0,0,0
463,3,6c24ab278b3b84de,1.124748,19.314309,1,13637,1,1,0,0,1,0,0,0,0,0,0,0,0,1
464,3,dfa01c72bbe4cfbb,2.934127,18.005137,1,13574,2,0,0,0,0,0,0,0,0,0,0,0,0,1
465,3,af5d7f2c4ac307b3,2.2043,20.0,1,14387,1,1,0,0,1,0,0,0,0,0,0,0,0,1
466,3,813b497f09095e90,1.656008,20.0,1,13964,1,1,0,0,1,0,0,0,0,0,0,0,0,1
467,3,fd74a9fa189a8ad2,2.28775,16.788285,0,13979,1,0,0,0,0,0,0,0,0,0,0,0,0,0
468,3,6a1674d02813706a,1.720421,19.586033,1,14058,1,1,0,0,1,0,0,0,0,0,0,0,0,1
469,3,59fe21d5da758557,1.292488,14.714254,0,13630,1,1,0,0,0,0,0,0,0,0,0,0,0,0
470,3,9c5689691850936b,2.014651,18.011958,1,14079,1,0,0,0,1,0,0,0,0,0,0,0,0,1
471,3,51c68a482155290a,2.559197,13.545249,0,13912,1,0,0,0,0,0,0,0,0,0,0,0,0,0
472,3,a0765370ba45ebe4,1.922629,17.133729,1,13659,1,1,0,0,1,0,0,0,0,0,0,0,0,1
473,3,301682a5ee3a0d77,1.444399,19.829619,1,14279,1,1,0,0,1,0,0,0,0,0,0,0,0,1
474,3,0f13f84e387dd82a,2.128777,14.897251,0,13631,1,0,0,0,0,0,0,0,0,0,0,0,0,0
475,3,9b6bf77ebc87f3d6,2.645021,18.163949,1,13947,2,1,0,0,1,0,0,0,0,0,0,0,0,1
476,3,52e34b041aac78e7,1.987105,20.0,1,14253,1,1,0,0,1,0,0,0,0,0,0,0,0,1
477,3,1f6d57c0b1017e80,2.536491,15.478703,0,13565,1,0,0,0,0,0,0,0,0,0,0,0,0,0
478,3,c14e798b32689966,1.907478,18.601209,1,14000,1,1,0,0,1,0,0,0,0,0,0,0,0,1
479,3,e9ebae96716c6d20,2.47667,17.453237,1,14106,1,0,0,0,0,0,0,0,0,0,0,0,0,1
480,3,d28cc9f3770e3889,1.86063,16.590809,1,13542,1,1,0,0,1,0,0,0,0,0,0,0,0,0
481,3,557b258f89df5886,1.397821,19.421744,1,14394,1,1,0,0,1,0,0,0,0,0,0,0,0,1
482,3,b8624807bfc7466d,2.095332,14.605428,0,13720,1,0,0,0,0,0,0,0,0,0,0,0,0,0
483,3,1f8fa3e3b523480d,1.574145,17.930201,1,13777,1,1,0,0,1,0,0,0,0,0,0,0,0,1
484,3,8fc92e5e549dca6a,1.182596,16.949134,1,14144,1,1,0,0,1,0,0,0,0,0,0,0,0,0
485,3,e16a860b922758ef,1.93348,16.226492,1,13719,1,0,0,0,0,0,0,0,0,0,0,0,0,1
486,3,16120c0924ae605a,2.496204,19.148046,1,14042,2,1,0,0,1,0,0,0,0,0,0,0,0,1
487,3,672d32c34078a12e,2.918958,14.385211,0,14241,1,0,0,0,0,0,0,0,0,0,0,0,0,0
488,3,062ba6c1a8106e18,2.192904,17.764761,1,13755,1,1,0,0,1,0,0,0,0,0,0,0,0,1
489,3,0b0ae5324090b240,2.693246,16.839855,1,13618,1,0,0,0,0,0,0,0,0,0,0,0,0,1
490,3,515b0f1e384d8bda,2.023335,16.129998,1,14340,1,1,0,0,1,0,0,0,0,0,0,0,0,0
491,3,600d5ccc5903184c,1.520056,19.075553,1,13778,1,1,0,0,1,0,0,0,0,0,0,0,0,1
492,3,7d799427d07f75b3,2.187254,14.345088,0,13831,1,0,0,0,0,0,0,0,0,0,0,0,0,0
493,3,238dc2de07a8a801,1.643202,17.734618,1,14231,1,1,0,0,1,0,0,0,0,0,0,0,0,1
494,3,1eb05de850e3e756,1.234476,13.323355,0,13704,1,1,0,0,0,0,0,0,0,0,0,0,0,0
495,3,dc1dac9146c9f0f4,3.014723,16.967028,1,14030,2,0,0,0,1,0,0,0,0,0,0,0,0,1
496,3,607cdd237d17a49b,2.267114,19.72045,1,14026,1,1,0,0,1,0,0,0,0,0,0,0,0,1
497,3,c399d2ed4f6654ff,2.746852,18.294081,1,13541,1,0,0,0,0,0,0,0,0,0,0,0,0,1
498,3,3bb6e61e867af003,2.063607,20.0,1,14415,1,1,0,0,1,0,0,0,0,0,0,0,0,1
499,3,13f04fa9caccb88b,2.596012,15.567709,0,13517,1,0,0,0,0,0,0,0,0,0,0,0,0,0
500,3,83e00d4c505f57d6,1.950287,18.653127,1,13846,1,1,0,0,1,0,0,0,0,0,0,0,0,1
501,3,f8095f8a5d26f873,1.465178,17.492242,1,14213,1,1,0,0,1,0,0,0,0,0,0,0,0,0
502,3,f924dbf997a29af1,2.144387,16.620112,1,13844,1,0,0,0,0,0,0,0,0,0,0,0,0,1
503,3,84e5b5149e37d265,1.612609,15.979063,1,14334,1,1,0,0,1,0,0,0,0,0,0,0,0,0
504,3,37d0280a3df29427,2.255146,15.483317,1,13789,1,0,0,0,0,0,0,0,0,0,0,0,0,1
505,3,612a97086fdbf167,2.737861,18.589726,1,13445,2,1,0,0,1,0,0,0,0,0,0,0,0,1
506,3,4d06f9abd38022c4,3.103061,13.979739,0,14649,1,0,0,0,0,0,0,0,0,0,0,0,0,0
507,3,2d15e09a60ee3966,2.331213,17.460144,1,13488,1,1,0,0,1,0,0,0,0,0,0,0,0,1
508,3,dc0c1f7b13bbdd63,1.751354,20.0,1,13772,1,1,0,0,1,0,0,0,0,0,0,0,0,1
509,3,8972031db3d8ddb6,2.35938,15.081479,0,14405,1,0,0,0,0,0,0,0,0,0,0,0,0,0
510,3,bc5973d8b2136712,1.774287,18.302491,1,13618,1,1,0,0,1,0,0,0,0,0,0,0,0,1
511,3,2b3dfecd405e6903,1.332956,13.749977,0,13770,1,1,0,0,0,0,0,0,0,0,0,0,0,0
512,3,f57d5e918159ad97,2.045053,17.287533,1,14316,1,0,0,0,1,0,0,0,0,0,0,0,0,1
513,3,962a424c3cb34eef,1.537909,16.480973,1,13590,1,1,0,0,1,0,0,0,0,0,0,0,0,0
514,3,662764e507d75819,1.155374,19.339228,1,13908,1,1,0,0,1,0,0,0,0,0,0,0,0,1
515,3,cb07508dbccef423,1.911642,14.528839,0,14231,1,0,0,0,0,0,0,0,0,0,0,0,0,0
516,3,8cdd6ba0d6c7e8c7,1.436145,17.872663,1,13722,1,1,0,0,1,0,0,0,0,0,0,0,0,1
517,3,cbe6ea3e14a7b3e3,2.124152,13.440497,0,13949,1,0,0,0,0,0,0,0,0,0,0,0,0,0
518,3,2793ffccc4b6b36e,1.595796,17.055032,1,14196,1,1,0,0,1,0,0,0,0,0,0,0,0,1
519,3,654b0af9344a69b8,1.198862,16.291652,1,13473,1,1,0,0,1,0,0,0,0,0,0,0,0,0
520,3,fdcd7b6d94a60cd3,0.901561,19.212558,1,13932,1,1,0,0,1,0,0,0,0,0,0,0,0,1
521,3,26ce6c4c4c6cab0c,1.720963,17.912521,1,14164,1,0,0,0,0,0,0,0,0,0,0,0,0,1
522,3,f33b59e159a4e7b2,1.292895,16.935852,1,13871,1,1,0,0,1,0,0,0,0,0,0,0,0,0
523,3,39a911730c211e46,2.014957,16.202117,1,14176,1,0,0,0,0,0,0,0,0,0,0,0,0,1
524,3,67061e8c68b9f45f,1.515276,15.664725,1,13653,1,1,0,0,1,0,0,0,0,0,0,0,0,0
525,3,e382cbc034491143,1.138371,18.726011,1,13602,1,1,0,0,1,0,0,0,0,0,0,0,0,1
526,3,60ab893d9ede959e,2.942522,17.546997,1,14229,2,0,0,0,0,0,0,0,0,0,0,0,0,1
527,3,e0a4ce1c79a31ea1,2.212818,20.0,1,13958,1,1,0,0,1,0,0,0,0,0,0,0,0,1
528,3,eabbe59e02cec09b,1.662408,15.142896,0,14149,1,1,0,0,0,0,0,0,0,0,0,0,0,0
529,3,797c79e72c358f55,2.292558,18.333981,1,13813,1,0,0,0,1,0,0,0,0,0,0,0,0,1
530,3,eec51c80e71c8674,1.722313,17.252479,1,13649,1,1,0,0,1,0,0,0,0,0,0,0,0,0
531,3,ed05ce25372e3cbf,2.339355,16.454612,1,14559,1,0,0,0,0,0,0,0,0,0,0,0,0,1
532,3,f0b2ac213cc95cdd,1.75747,15.840579,1,13545,1,1,0,0,1,0,0,0,0,0,0,0,0,0
533,3,a7cd66fe9ed41f1f,2.363975,15.37928,1,13770,1,0,0,0,0,0,0,0,0,0,0,0,0,1
534,3,e4bbadba08e14d63,1.777743,18.526441,1,14081,1,1,0,0,1,0,0,0,0,0,0,0,0,1
535,3,aa14dd0b8608ae3d,2.379205,13.918222,0,13820,1,0,0,0,0,0,0,0,0,0,0,0,0,0
536,3,606892dd3b9be2a6,1.787408,17.413929,1,13884,1,1,0,0,1,0,0,0,0,0,0,0,0,1
537,3,59bc54d260153390,1.342813,16.561279,1,14182,1,1,0,0,1,0,0,0,0,0,0,0,0,0
538,3,fa00f6dcca1f99b8,1.009814,15.934819,1,13837,1,1,0,0,0,0,0,0,0,0,0,0,0,1
539,3,d2c885ec5b76dd75,1.802289,15.450079,1,14259,1,0,0,0,1,0,0,0,0,0,0,0,0,0
540,3,811bb49c8ac5e587,1.353992,18.564755,1,13793,1,1,0,0,1,0,0,0,0,0,0,0,0,1
541,3,0e5a01c862079543,2.062372,13.960961,0,13626,1,0,0,0,0,0,0,0,0,0,0,0,0,0
542,3,fad30bc024b90e12,1.549383,13.967192,1,14087,1,1,0,0,0,0,0,0,0,0,0,0,0,1
543,3,1aeeb449fd621ff7,2.207647,17.450719,1,14319,1,0,0,0,1,0,0,0,0,0,0,0,0,1
544,3,eb84ae6176dfa550,1.658523,16.588917,1,13558,1,1,0,0,1,0,0,0,0,0,0,0,0,0
545,3,fc17bb71c17e6d2b,2.291383,15.955604,1,14084,1,0,0,0,0,0,0,0,0,0,0,0,0,1
546,3,8ee5c338f452331d,2.765084,18.944538,1,13960,2,1,0,0,1,0,0,0,0,0,0,0,0,1
547,3,5c3aff62d91a47f6,3.120957,17.711167,1,13774,1,0,0,0,0,0,0,0,0,0,0,0,0,1
548,3,b04689e2cf504a8b,2.347005,16.799552,1,14024,1,1,0,0,1,0,0,0,0,0,0,0,0,0
549,3,b1bdf6259ccc6921,1.763217,19.578565,1,14064,1,1,0,0,1,0,0,0,0,0,0,0,0,1
550,3,8a91a2b17d51ac74,2.368292,14.708644,0,13502,1,0,0,0,0,0,0,0,0,0,0,0,0,0
551,4,1fd48474a6be9a50,1.779209,18.007743,1,14320,1,1,0,0,1,0,0,0,0,0,0,0,0,1
552,4,530e0ea8d92a6d51,2.382141,13.54208,0,13751,1,0,0,0,0,0,0,0,0,0,0,0,0,0
553,4,9d91a06f605c6d81,1.789614,17.131347,1,14310,1,1,0,0,1,0,0,0,0,0,0,0,0,1
554,4,1bedfd585b1aa4b9,1.34447,16.348985,1,13536,1,1,0,0,1,0,0,0,0,0,0,0,0,0
555,4,26a9669cba5af3ef,2.055211,15.775172,1,13929,1,0,0,0,0,0,0,0,0,0,0,0,0,1
556,4,4f55c5e4b2d3c044,1.544003,18.808986,1,14339,1,1,0,0,1,0,0,0,0,0,0,0,0,1
557,4,429a6cfc04b09590,1.159952,17.609332,1,13559,1,1,0,0,1,0,0,0,0,0,0,0,0,0
558,4,bfd1095e82cc3b3f,1.915082,16.708078,1,13970,1,0,0,0,0,0,0,0,0,0,0,0,0,1
559,4,e8a24dfe484cb614,1.440169,16.045214,1,14068,1,1,0,0,1,0,0,0,0,0,0,0,0,0
560,4,a8eb40163c807ab7,2.125598,15.533014,1,13669,1,0,0,0,0,0,0,0,0,0,0,0,0,1
561,4,b734eb68cadec0ba,2.640536,18.627062,1,13861,2,1,0,0,1,0,0,0,0,0,0,0,0,1
562,4,03ed9d518f369873,1.985721,14.007816,0,14131,1,1,0,0,0,0,0,0,0,0,0,0,0,0
563,4,cd43fcebe8f5e6e6,2.535451,17.481238,1,14073,1,0,0,0,1,0,0,0,0,0,0,0,0,1
564,4,338e1a6d9a9334b5,1.90479,16.611845,1,14048,1,1,0,0,1,0,0,0,0,0,0,0,0,0
565,4,f71f04d2a5841727,2.474651,15.958703,1,13913,1,0,0,0,0,0,0,0,0,0,0,0,0,1
566,4,dab4ff966e399802,1.860973,18.962175,1,13691,1,1,0,0,1,0,0,0,0,0,0,0,0,1
567,4,339e340883d8ecaf,2.441732,14.245573,0,14338,1,0,0,0,0,0,0,0,0,0,0,0,0,0
568,4,0f3eea50b2030a66,1.834382,17.659856,1,13817,1,1,0,0,1,0,0,0,0,0,0,0,0,1
569,4,157d3461e0a7f335,2.423632,16.760965,1,13474,1,0,0,0,0,0,0,0,0,0,0,0,0,1
570,4,f1991b9aba19249f,1.820784,16.070731,1,14432,1,1,0,0,1,0,0,0,0,0,0,0,0,0
571,4,f0cae4ef532c2023,1.367887,19.031028,1,14020,1,1,0,0,1,0,0,0,0,0,0,0,0,1
572,4,7630abeab872e6cf,2.071296,14.2973,0,13528,1,0,0,0,0,0,0,0,0,0,0,0,0,0
573,4,253c29c9cd31f14d,2.601794,17.712777,1,14235,2,1,0,0,1,0,0,0,0,0,0,0,0,1
574,4,1bcd43f2b236da2a,1.954631,16.785792,1,13857,0,0,0,0,0,0,0,0,0,0,0,0,0,1
575,4,190012cb2cd5517d,2.512095,16.089382,1,14110,2,1,0,0,1,0,0,0,0,0,0,0,0,0
576,4,752285f96761bfac,1.889131,19.060448,1,13726,1,1,0,0,1,0,0,0,0,0,0,0,0,1
577,4,8ce008444b943984,2.462887,17.798247,1,13771,1,0,0,0,0,0,0,0,0,0,0,0,0,1
578,4,815cbd6616cc478f,1.850275,16.850002,1,14238,1,1,0,0,1,0,0,0,0,0,0,0,0,0
579,4,ea182be542b69bac,1.390042,16.137621,1,13808,1,1,0,0,0,0,0,0,0,0,0,0,0,1
580,4,98558a7fe6a345e2,2.089482,19.096724,1,13981,1,0,0,0,1,0,0,0,0,0,0,0,0,1
581,4,ea40987dff05550d,1.56975,17.8255,1,14167,1,1,0,0,1,0,0,0,0,0,0,0,0,0
582,4,bd84d51435d6859a,2.222948,16.870476,1,13467,1,0,0,0,0,0,0,0,0,0,0,0,0,1
583,4,b3773e59edaae1a5,1.671688,16.16734,1,13999,1,1,0,0,1,0,0,0,0,0,0,0,0,0
584,4,5dadae3439224eef,1.255877,19.103607,1,14317,1,1,0,0,1,0,0,0,0,0,0,0,0,1
585,4,bf32681d9402a0dc,1.987147,14.351826,0,13555,1,0,0,0,0,0,0,0,0,0,0,0,0,0
586,4,f7bd4e508f328e99,1.492869,17.739679,1,14357,1,1,0,0,1,0,0,0,0,0,0,0,0,1
587,4,7c7cf98600a1ae76,1.122659,16.820993,1,13629,1,1,0,0,1,0,0,0,0,0,0,0,0,0
588,4,4330f499d34eea83,2.930718,16.115828,1,14006,2,0,0,0,0,0,0,0,0,0,0,0,0,1
589,4,574139667abb0c89,2.201739,19.064908,1,14064,1,1,0,0,1,0,0,0,0,0,0,0,0,1
590,4,92baeeda50fe0e26,1.655739,20.0,1,13814,1,1,0,0,1,0,0,0,0,0,0,0,0,1
591,4,80a0120ed18f2275,2.287548,19.4793,1,13798,1,0,0,0,0,0,0,0,0,0,0,0,0,1
592,4,8dedeb0367e4f2e3,1.71855,18.112915,1,13988,1,1,0,0,1,0,0,0,0,0,0,0,0,0
593,4,cce480df118a4b64,2.334735,17.0864,1,13825,1,0,0,0,0,0,0,0,0,0,0,0,0,1
594,4,74af5b71dff1f83a,1.755754,16.329718,1,13638,1,1,0,0,1,0,0,0,0,0,0,0,0,0
595,4,5a3027c7f942d721,1.319033,19.225596,1,14557,1,1,0,0,1,0,0,0,0,0,0,0,0,1
596,4,a7f28a02bc25ffcb,2.034593,14.443471,0,13558,1,0,0,0,0,0,0,0,0,0,0,0,0,0
597,4,d5293be15af3da23,1.530043,17.8227,1,13747,1,1,0,0,1,0,0,0,0,0,0,0,0,1
598,4,5fbd520df55a8630,2.193118,20.0,1,14125,2,1,0,0,1,0,0,0,0,0,0,0,0,1
599,4,3bdfbc512c496928,2.691261,18.764948,1,14090,1,0,0,0,0,0,0,0,0,0,0,0,0,1
600,4,1951e40916662b8e,2.021843,17.576249,1,14220,1,1,0,0,1,0,0,0,0,0,0,0,0,0
601,4,907c65a13f795e16,2.564606,16.698091,1,13685,1,0,0,0,0,0,0,0,0,0,0,0,0,1
602,4,5acd553b9d7683bb,1.926692,16.023496,1,13735,1,1,0,0,1,0,0,0,0,0,0,0,0,0
603,4,1092b989fed9604c,2.491105,15.516698,1,14295,1,0,0,0,0,0,0,0,0,0,0,0,0,1
604,4,0cd99c2508491f4d,1.873347,18.629782,1,13518,1,1,0,0,1,0,0,0,0,0,0,0,0,1
605,4,f5ecba85c3d44a61,2.451029,13.995858,0,14033,1,0,0,0,0,0,0,0,0,0,0,0,0,0
606,4,6909b0fbd85f93b4,1.841366,17.472254,1,14074,1,1,0,0,1,0,0,0,0,0,0,0,0,1
607,4,c3b33a0555f7ba33,1.38335,16.605096,1,13762,1,1,0,0,1,0,0,0,0,0,0,0,0,0
608,4,827b434043f4964e,2.084449,15.967771,1,13993,1,0,0,0,0,0,0,0,0,0,0,0,0,1
609,4,11385a7444372124,2.609622,18.953678,1,14212,2,1,0,0,1,0,0,0,0,0,0,0,0,1
610,4,c8195c0fd4249d3f,0.916858,17.718034,1,13610,0,1,0,0,1,0,0,0,0,0,0,0,0,0
611,4,51e269a22f38096a,1.733641,13.324214,0,14166,1,0,0,0,0,0,0,0,0,0,0,0,0,0
612,4,35db90f1d130ec05,2.346073,16.967673,1,13787,2,1,0,0,1,0,0,0,0,0,0,0,0,1
613,4,4f55ed2486312fd2,1.762517,19.704868,1,13840,1,1,0,0,1,0,0,0,0,0,0,0,0,1
614,4,355d9367d5ba0cb3,2.367766,18.282375,1,14221,1,0,0,0,0,0,0,0,0,0,0,0,0,1
615,4,fc1fc1d0898ec396,1.780594,17.229108,1,13676,1,1,0,0,1,0,0,0,0,0,0,0,0,0
616,4,9fe2b489a847289b,1.337694,16.422429,1,13832,1,1,0,0,0,0,0,0,0,0,0,0,0,1
617,4,a430de40e1c20213,2.048613,19.295246,1,14366,1,0,0,0,1,0,0,0,0,0,0,0,0,1
618,4,c12b4f05790372b4,1.540586,17.990802,1,13690,1,1,0,0,1,0,0,0,0,0,0,0,0,0
619,4,614e4d2b1a2514c4,2.201038,16.994662,1,13646,1,0,0,0,0,0,0,0,0,0,0,0,0,1
620,4,28b7f09f97db9afe,1.653558,19.725143,1,14572,1,1,0,0,1,0,0,0,0,0,0,0,0,1
621,4,08983b2c075f5163,1.242256,18.297607,1,13442,1,1,0,0,1,0,0,0,0,0,0,0,0,0
622,4,4abc2efcfa8d07cf,1.978345,17.240563,1,13932,1,0,0,0,0,0,0,0,0,0,0,0,0,1
623,4,b8a0db1ddc95a340,1.486256,19.90988,1,14016,1,1,0,0,1,0,0,0,0,0,0,0,0,1
624,4,f6958a499ea66994,1.116569,14.957548,0,13996,1,1,0,0,0,0,0,0,0,0,0,0,0,0
625,4,4e9f28886ead2dd3,1.883826,18.209293,1,14057,1,0,0,0,1,0,0,0,0,0,0,0,0,1
626,4,c155268ee10081e0,2.458902,20.0,1,13907,2,1,0,0,1,0,0,0,0,0,0,0,0,1
627,4,590e68b029f19bcd,1.847281,20.0,1,13513,1,1,0,0,1,0,0,0,0,0,0,0,0,1
628,4,599580c24e5f6ef4,2.431446,16.874849,0,14566,1,0,0,0,0,0,0,0,0,0,0,0,0,0
629,4,140dbdc241533353,1.828482,19.65113,1,13461,1,1,0,0,1,0,0,0,0,0,0,0,0,1
630,4,1725d2874b813441,2.417324,14.76316,0,14119,1,0,0,0,0,0,0,0,0,0,0,0,0,0
631,4,507896d8cf390987,1.816045,18.048699,1,13973,1,1,0,0,1,0,0,0,0,0,0,0,0,1
632,4,2dcdf0d2087f3e6d,2.409842,17.053381,1,13779,1,0,0,0,0,0,0,0,0,0,0,0,0,1
633,4,fe25c3145e5e7ae6,1.810424,16.290412,1,14101,1,1,0,0,1,0,0,0,0,0,0,0,0,0
634,4,5db15f647d09f074,1.360104,19.196066,1,14059,1,1,0,0,1,0,0,0,0,0,0,0,0,1
635,4,1b9600db42f883a0,2.065449,14.421287,0,13722,1,0,0,0,0,0,0,0,0,0,0,0,0,0
636,4,e0c6572184c269a7,2.597397,17.806017,1,14444,2,1,0,0,1,0,0,0,0,0,0,0,0,1
637,4,bbee4797dd4a42fb,1.951328,20.0,1,13661,1,1,0,0,1,0,0,0,0,0,0,0,0,1
638,4,d5bcdda2ed57a3b0,2.509613,15.276688,0,13693,1,0,0,0,0,0,0,0,0,0,0,0,0,0
639,4,ace5c4b1aebeba7c,1.887265,18.44929,1,14088,1,1,0,0,1,0,0,0,0,0,0,0,0,1
640,4,46252c684e301e3a,2.461485,13.860262,0,13973,1,0,0,0,0,0,0,0,0,0,0,0,0,0
641,4,6f5a681068fdc2ef,1.849221,17.370386,1,13646,1,1,0,0,1,0,0,0,0,0,0,0,0,1
642,4,55548a980d6fb167,1.389251,13.049722,0,14331,1,1,0,0,0,0,0,0,0,0,0,0,0,0
643,4,d06d1ede93cb5c7d,2.088887,16.77458,1,13601,1,0,0,0,1,0,0,0,0,0,0,0,0,1
644,4,91582df11b595276,1.569303,16.080959,1,13968,1,1,0,0,1,0,0,0,0,0,0,0,0,0
645,4,212c883ce6be1ec0,2.222612,15.559868,1,14283,1,0,0,0,0,0,0,0,0,0,0,0,0,1
646,4,3fdd42ad881bc2dd,1.671436,15.181744,1,13465,1,1,0,0,1,0,0,0,0,0,0,0,0,0
647,4,f4ace81864a8670b,2.299341,18.363166,1,14132,2,1,0,0,1,0,0,0,0,0,0,0,0,1
648,4,6fd920ab1364e5c3,2.771062,17.274405,1,14114,1,0,0,0,0,0,0,0,0,0,0,0,0,1
649,4,d9e9c8247dfec9be,2.081795,19.935304,1,13596,1,1,0,0,1,0,0,0,0,0,0,0,0,1
650,4,3af1275904426620,1.56554,18.472134,1,14321,1,1,0,0,1,0,0,0,0,0,0,0,0,0
651,4,9c070f7c4029965e,2.219785,17.356268,1,13755,1,0,0,0,0,0,0,0,0,0,0,0,0,1
652,4,cd13dd21f44f4a1e,1.667641,16.51796,1,13906,1,1,0,0,1,0,0,0,0,0,0,0,0,0
653,4,1006a569a32ea238,2.298241,15.902243,1,14223,1,0,0,0,0,0,0,0,0,0,0,0,0,1
654,4,24a680cf6118e524,1.726582,18.90445,1,13590,1,1,0,0,1,0,0,0,0,0,0,0,0,1
655,4,e6ef03d32689b62b,1.297117,17.681051,1,13975,1,1,0,0,1,0,0,0,0,0,0,0,0,0
656,4,95df3e787da6ff05,3.061782,16.761957,1,14241,2,0,0,0,0,0,0,0,0,0,0,0,0,1
657,4,db344f8c196824c0,2.302504,19.566234,1,13319,1,1,0,0,1,0,0,0,0,0,0,0,0,1
658,4,bad657e1b818a26d,1.729785,20.0,1,14646,1,1,0,0,1,0,0,0,0,0,0,0,0,1
659,4,ffa869edd5521486,2.343176,16.270147,0,13558,1,0,0,0,0,0,0,0,0,0,0,0,0,0
660,4,226bd1365c51a1da,1.762102,19.196385,1,13944,1,1,0,0,1,0,0,0,0,0,0,0,0,1
661,4,6d03386997c5cbf3,2.367455,14.421527,0,14205,1,0,0,0,0,0,0,0,0,0,0,0,0,0
662,4,17e6d47843b58709,1.77858,17.792043,1,13807,1,1,0,0,1,0,0,0,0,0,0,0,0,1
663,4,34417e828e4e07d3,2.379834,13.366497,0,13690,1,0,0,0,0,0,0,0,0,0,0,0,0,0
664,4,281f9efc8d219d12,2.83382,17.012799,1,14342,2,1,0,0,1,0,0,0,0,0,0,0,0,1
665,4,600deb331ca51a52,2.128943,19.738769,1,14011,1,1,0,0,1,0,0,0,0,0,0,0,0,1
666,4,b6ca2385ec283e38,2.643048,14.828999,0,13353,1,0,0,0,0,0,0,0,0,0,0,0,0,0
667,4,39b4e1e8d2e80afc,1.98761,18.112622,1,14263,1,1,0,0,1,0,0,0,0,0,0,0,0,1
668,4,52058bc17d61d9a9,1.493217,17.086181,1,13789,1,1,0,0,1,0,0,0,0,0,0,0,0,0
669,4,678f05a8dbda2b0c,2.165452,16.315053,1,13875,1,0,0,0,0,0,0,0,0,0,0,0,0,1
670,4,8c7f503bb0f02c9e,2.670476,19.214579,1,14439,2,1,0,0,1,0,0,0,0,0,0,0,0,1
671,4,559aae2a6b89546b,2.008236,17.930139,1,13515,1,1,0,0,0,0,0,0,0,0,0,0,0,1
672,4,c62046bb1f5139dd,2.552366,16.949087,1,14269,1,0,0,0,1,0,0,0,0,0,0,0,0,0
673,4,fc0b7129fd488a35,1.917497,19.690905,1,13923,1,1,0,0,1,0,0,0,0,0,0,0,0,1
674,4,e2ef551721558fbf,2.486136,14.807841,0,13361,1,0,0,0,0,0,0,0,0,0,0,0,0,0
675,4,796d4a2d980fb089,1.867741,18.082267,1,14122,1,1,0,0,1,0,0,0,0,0,0,0,0,1
676,4,371846c1e4f0deef,2.446817,17.063375,1,14146,1,0,0,0,0,0,0,0,0,0,0,0,0,1
677,4,1e1ceb7e516ce972,1.838202,16.297921,1,13561,1,1,0,0,1,0,0,0,0,0,0,0,0,0
678,4,468b18d834e71a91,2.426505,15.73677,1,14108,1,0,0,0,0,0,0,0,0,0,0,0,0,1
679,4,671c72427eb7b553,1.822942,15.301292,1,14049,1,1,0,0,1,0,0,0,0,0,0,0,0,0
680,4,bc2657eecf61f3cc,1.369508,18.452978,1,13883,1,1,0,0,1,0,0,0,0,0,0,0,0,1
681,4,ac6102baf6bc3e9f,2.07404,13.876902,0,13962,1,0,0,0,0,0,0,0,0,0,0,0,0,0
682,4,7b82eeb26a610601,1.558149,17.382887,1,13369,1,1,0,0,1,0,0,0,0,0,0,0,0,1
683,4,82648ad9503f38fb,2.214232,20.0,1,14665,2,1,0,0,1,0,0,0,0,0,0,0,0,1
684,4,9ebc1834bd5ff9ea,2.707123,15.037875,0,13477,1,0,0,0,0,0,0,0,0,0,0,0,0,0
685,4,6bb4c38c44bd3eeb,2.035795,18.2697,1,13824,1,1,0,0,1,0,0,0,0,0,0,0,0,1
686,4,4088e016e9e1c720,1.529417,17.204187,1,14519,1,1,0,0,1,0,0,0,0,0,0,0,0,0
687,4,ba03d8d1381ca1fb,2.192647,16.403707,1,13394,1,0,0,0,0,0,0,0,0,0,0,0,0,1
688,4,5c63f10ad74a7664,1.648902,15.816323,1,13884,1,1,0,0,1,0,0,0,0,0,0,0,0,0
689,4,89ba1c28d5ae0eb1,1.238758,15.361057,1,14297,1,1,0,0,0,0,0,0,0,0,0,0,0,1
690,4,ffd71024e7a317eb,1.974286,15.019032,1,13913,1,0,0,0,1,0,0,0,0,0,0,0,0,0
691,4,ecd515e7acf7951d,1.483207,18.240927,1,13375,1,1,0,0,1,0,0,0,0,0,0,0,0,1
692,4,2f4b3a76e1870f40,1.115393,20.0,1,14329,1,1,0,0,1,0,0,0,0,0,0,0,0,1
693,4,7a85218b15a5bed6,1.881607,15.534939,0,13960,1,0,0,0,0,0,0,0,0,0,0,0,0,0
694,4,7f7eded669bd7025,1.413581,18.628508,1,14159,1,1,0,0,1,0,0,0,0,0,0,0,0,1
695,4,b01cccb653143cc2,1.063033,17.489405,1,13768,1,1,0,0,0,0,0,0,0,0,0,0,0,1
696,4,61b6ecaf4b846787,1.84227,16.617981,1,13710,1,0,0,0,1,0,0,0,0,0,0,0,0,0
697,4,6f203f3936875e08,1.384029,19.442157,1,14400,1,1,0,0,1,0,0,0,0,0,0,0,0,1
698,4,799bc911da657005,1.039769,18.08501,1,13814,1,1,0,0,0,0,0,0,0,0,0,0,0,1
699,4,1e9f4ead292e5259,2.870222,20.0,1,13485,2,0,0,0,1,0,0,0,0,0,0,0,0,1
700,4,9c2989cfd6edb997,2.156291,18.925697,1,14443,1,1,0,0,1,0,0,0,0,0,0,0,0,0
701,4,eb885094c9c0e2cf,2.663594,17.697013,1,13850,1,0,0,0,0,0,0,0,0,0,0,0,0,1
702,4,bbda585d026d8ff7,2.003061,16.788908,1,13685,1,1,0,0,1,0,0,0,0,0,0,0,0,0
703,4,70b559f7cda05bfa,1.504825,19.570568,1,13946,1,1,0,0,1,0,0,0,0,0,0,0,0,1
704,4,458d3c401dad43e5,2.174172,18.181481,1,14132,1,0,0,0,0,0,0,0,0,0,0,0,0,1
705,4,63a8493a6fe6419c,1.633374,17.137911,1,14318,1,1,0,0,1,0,0,0,0,0,0,0,0,0
706,4,07fa0dc196fd3ba9,1.228321,19.848957,1,13501,1,1,0,0,1,0,0,0,0,0,0,0,0,1
707,4,406f8d487d1c08ad,1.966445,14.911779,0,13800,1,0,0,0,0,0,0,0,0,0,0,0,0,0
708,4,ed9f613d8d821911,1.477316,18.160351,1,14332,1,1,0,0,1,0,0,0,0,0,0,0,0,1
709,4,be8856801b7fd801,1.110963,17.137345,1,13605,1,1,0,0,1,0,0,0,0,0,0,0,0,0
710,4,aaa5a9c15f2b0457,2.921932,16.353491,1,13880,2,0,0,0,0,0,0,0,0,0,0,0,0,1
711,4,b784b10c663764d2,2.195138,19.243456,1,14239,1,1,0,0,1,0,0,0,0,0,0,0,0,1
712,4,427f96911351b356,1.649125,20.0,1,13702,1,1,0,0,1,0,0,0,0,0,0,0,0,1
713,4,0bd6122e0ce341ac,1.240166,20.0,1,13737,1,1,0,0,1,0,0,0,0,0,0,0,0,1
714,4,470103cf26cae096,1.975343,17.327926,0,14519,1,0,0,0,0,0,0,0,0,0,0,0,0,0
715,4,1df778485d4838dc,1.484002,19.975512,1,13655,1,1,0,0,1,0,0,0,0,0,0,0,0,1
716,4,e280bae25965601c,1.11599,18.502371,1,13400,1,1,0,0,0,0,0,0,0,0,0,0,0,1
717,4,de09487d1ecb00bd,1.882055,17.378984,1,14491,1,0,0,0,1,0,0,0,0,0,0,0,0,0
718,4,c23ca503212c3dbc,1.413918,20.0,1,13740,1,1,0,0,1,0,0,0,0,0,0,0,0,1
719,4,a219c63372a87a49,1.062224,18.514517,1,14229,1,1,0,0,0,0,0,0,0,0,0,0,0,1
720,4,1a0341e44416bead,1.842958,17.403682,1,13693,1,0,0,0,1,0,0,0,0,0,0,0,0,0
721,4,4966c9a23eba8eee,1.384545,20.0,1,14072,1,1,0,0,1,0,0,0,0,0,0,0,0,1
722,4,2c68a2220e7dda10,2.08381,18.528457,1,14099,1,0,0,0,0,0,0,0,0,0,0,0,0,1
723,4,d3cbdb4de5f10428,2.611206,20.0,1,13911,2,1,0,0,1,0,0,0,0,0,0,0,0,1
724,4,5f52ebb79ae5fe4d,1.961701,19.176227,1,13350,1,1,0,0,1,0,0,0,0,0,0,0,0,0
725,4,e31cd60c426df3fd,2.517406,17.885227,1,14480,1,0,0,0,0,0,0,0,0,0,0,0,0,1
726,4,aa059ab8e70ee3ce,1.891233,16.915347,1,13814,1,1,0,0,1,0,0,0,0,0,0,0,0,0
727,4,94f2ef8e54a9e609,1.422234,16.201084,1,13592,1,1,0,0,0,0,0,0,0,0,0,0,0,1
728,4,7681e1e270510d78,2.112125,15.650113,1,14362,1,0,0,0,1,0,0,0,0,0,0,0,0,0
729,4,917568eb59d6685e,1.58676,18.715034,1,13888,1,1,0,0,1,0,0,0,0,0,0,0,0,1
730,4,f33af47a53fa0ffc,2.237417,14.073972,0,14089,1,0,0,0,0,0,0,0,0,0,0,0,0,0
731,4,07cfc2050ca96879,1.680888,17.530938,1,13684,1,1,0,0,1,0,0,0,0,0,0,0,0,1
732,4,85bd4f8029a075a1,2.306441,16.649183,1,14146,1,0,0,0,0,0,0,0,0,0,0,0,0,1
733,4,eb134def3aa62950,1.732743,15.986753,1,14265,1,1,0,0,1,0,0,0,0,0,0,0,0,0
734,4,9e0b9488232b712a,2.347198,18.98327,1,13481,2,1,0,0,1,0,0,0,0,0,0,0,0,1
735,4,e9b0dc6b62ba72ac,2.807016,17.740265,1,14049,1,0,0,0,0,0,0,0,0,0,0,0,0,1
736,4,f330838d4727c097,2.108806,20.0,1,14089,1,1,0,0,1,0,0,0,0,0,0,0,0,1
737,4,ea3a22cd5c263f74,1.585852,18.735327,1,13901,1,1,0,0,1,0,0,0,0,0,0,0,0,0
738,4,593f028fbdd10edf,2.235045,17.553995,1,13635,1,0,0,0,0,0,0,0,0,0,0,0,0,1
739,4,859bfeda3b30483c,1.679106,20.0,1,14312,1,1,0,0,1,0,0,0,0,0,0,0,0,1
740,4,5dc716f6d3c0daf6,1.261449,20.0,1,13607,1,1,0,0,1,0,0,0,0,0,0,0,0,1
741,4,c600c2729bee2415,1.992778,16.613602,0,14253,1,0,0,0,0,0,0,0,0,0,0,0,0,0
742,4,25d6ccda1149ba47,1.4971,19.438867,1,13952,1,1,0,0,1,0,0,0,0,0,0,0,0,1
743,4,fe39fa63a73e0ddd,2.168369,14.603694,0,13765,1,0,0,0,0,0,0,0,0,0,0,0,0,0
744,4,bdcd3b608ddd2175,1.630644,17.94319,1,13951,1,1,0,0,1,0,0,0,0,0,0,0,0,1
745,4,c93a1680c8acc679,2.268695,13.480048,0,14053,1,0,0,0,0,0,0,0,0,0,0,0,0,0
746,4,30f363ed4af208af,1.704386,17.084745,1,13755,1,1,0,0,1,0,0,0,0,0,0,0,0,1
747,4,e9421d6d66845f29,1.280441,16.313975,1,14234,1,1,0,0,1,0,0,0,0,0,0,0,0,0
748,5,1fd48474a6be9a50,2.007061,15.748843,1,13598,1,0,0,0,0,0,0,0,0,0,0,0,0,1
749,5,530e0ea8d92a6d51,1.50783,15.310362,1,13841,1,1,0,0,1,0,0,0,0,0,0,0,0,0
750,5,9d91a06f605c6d81,1.132776,18.459791,1,14226,1,1,0,0,1,0,0,0,0,0,0,0,0,1
751,5,1bedfd585b1aa4b9,1.896014,17.362528,1,13840,1,0,0,0,0,0,0,0,0,0,0,0,0,1
752,5,26a9669cba5af3ef,1.424405,16.522663,1,13629,1,1,0,0,1,0,0,0,0,0,0,0,0,0
753,5,4f55c5e4b2d3c044,1.070102,15.891703,1,14425,1,1,0,0,0,0,0,0,0,0,0,0,0,1
754,5,429a6cfc04b09590,1.847581,15.417687,1,13706,1,0,0,0,1,0,0,0,0,0,0,0,0,0
755,5,bfd1095e82cc3b3f,1.389407,18.555324,1,14142,1,1,0,0,1,0,0,0,0,0,0,0,0,1
756,5,e8a24dfe484cb614,2.087463,13.939921,0,13712,1,0,0,0,0,0,0,0,0,0,0,0,0,0
757,5,a8eb40163c807ab7,1.568233,17.430231,1,14048,1,1,0,0,1,0,0,0,0,0,0,0,0,1
758,5,b734eb68cadec0ba,2.223484,13.107782,0,14168,1,0,0,0,0,0,0,0,0,0,0,0,0,0
759,5,03ed9d518f369873,1.67042,16.805076,1,13363,1,1,0,0,1,0,0,0,0,0,0,0,0,1
760,5,cd43fcebe8f5e6e6,2.298578,19.582714,1,14236,2,1,0,0,1,0,0,0,0,0,0,0,0,1
761,5,338e1a6d9a9334b5,2.770489,14.711761,0,13998,1,0,0,0,0,0,0,0,0,0,0,0,0,0
762,5,f71f04d2a5841727,2.083447,14.543956,1,13989,1,1,0,0,1,0,0,0,0,0,0,0,0,0
763,5,dab4ff966e399802,1.565216,17.884019,1,13581,1,1,0,0,1,0,0,0,0,0,0,0,0,1
764,5,339e340883d8ecaf,2.219542,16.91444,1,14317,1,0,0,0,0,0,0,0,0,0,0,0,0,1
765,5,0f3eea50b2030a66,1.669127,19.680903,1,13621,1,1,0,0,1,0,0,0,0,0,0,0,0,1
766,5,157d3461e0a7f335,2.297606,14.785527,0,14347,1,0,0,0,0,0,0,0,0,0,0,0,0,0
767,5,f1991b9aba19249f,1.726106,18.065503,1,13973,1,1,0,0,1,0,0,0,0,0,0,0,0,1
768,5,f0cae4ef532c2023,2.340412,17.050781,1,13425,1,0,0,0,0,0,0,0,0,0,0,0,0,1
769,5,7630abeab872e6cf,1.760023,16.302932,1,14225,1,1,0,0,1,0,0,0,0,0,0,0,0,0
770,5,253c29c9cd31f14d,2.365893,15.726628,1,14016,2,1,0,0,0,0,0,0,0,0,0,0,0,1
771,5,1bcd43f2b236da2a,2.82106,18.772517,1,13528,1,0,0,0,1,0,0,0,0,0,0,0,0,1
772,5,190012cb2cd5517d,2.121478,20.0,1,14448,1,1,0,0,1,0,0,0,0,0,0,0,0,1
773,5,752285f96761bfac,2.63744,15.835266,0,13532,1,0,0,0,0,0,0,0,0,0,0,0,0,0
774,5,8ce008444b943984,1.98141,18.854133,1,13916,1,1,0,0,1,0,0,0,0,0,0,0,0,1
775,5,815cbd6616cc478f,1.488559,17.64325,1,14446,1,1,0,0,1,0,0,0,0,0,0,0,0,0
776,5,ea182be542b69bac,2.163568,16.748477,1,13541,1,0,0,0,0,0,0,0,0,0,0,0,0,1
777,5,98558a7fe6a345e2,1.625408,16.061349,1,14098,1,1,0,0,1,0,0,0,0,0,0,0,0,0
778,5,d0c4a3176ddba144,1.221108,19.02398,1,14008,1,1,0,0,1,0,0,0,0,0,0,0,0,1
779,5,dd1e5f78efae9bca,0.918291,14.306304,0,13692,1,1,0,0,0,0,0,0,0,0,0,0,0,0
780,5,16a5a908ff857a66,1.733531,17.705481,1,14118,1,0,0,0,1,0,0,0,0,0,0,0,0,1
781,5,95f8390a45c16b78,1.302337,20.0,1,13795,1,1,0,0,1,0,0,0,0,0,0,0,0,1
782,5,19bc916e0d18e327,3.065704,18.69879,1,14008,2,0,0,0,0,0,0,0,0,0,0,0,0,1
783,5,917ea3f24291f013,2.305453,17.542258,1,14030,1,1,0,0,1,0,0,0,0,0,0,0,0,0
784,5,348da937a7d4307f,1.732001,16.657687,1,13668,1,1,0,0,0,0,0,0,0,0,0,0,0,1
785,5,640dfa32a706e2eb,2.344841,15.993142,1,14096,1,0,0,0,1,0,0,0,0,0,0,0,0,0
786,5,029ef519e99e1b01,1.763354,18.988074,1,14085,1,1,0,0,1,0,0,0,0,0,0,0,0,1
787,5,02a6dc965886850a,2.368395,14.26503,0,13794,1,0,0,0,0,0,0,0,0,0,0,0,0,0
788,5,534cc916790ecb89,1.779287,17.674473,1,13771,1,1,0,0,1,0,0,0,0,0,0,0,0,1
789,5,535d3d6cdf62dd24,1.336712,16.757015,1,14232,1,1,0,0,1,0,0,0,0,0,0,0,0,0
790,5,683aa3ef9fea1994,1.005226,12.601515,0,13727,0,0,0,0,0,0,0,0,0,0,0,0,0,0
791,5,09824303c417f357,0.755189,16.424736,1,14386,1,1,0,0,1,0,0,0,0,0,0,0,0,1
792,5,bd8c9d35243af573,1.610998,15.818135,1,13668,2,1,0,0,0,0,0,0,0,0,0,0,0,1
793,5,cdd2e73c3dc9fd46,2.255644,15.375964,1,13734,1,0,0,0,1,0,0,0,0,0,0,0,0,0
794,5,1794af5e9b422570,1.694581,18.509076,1,14215,1,1,0,0,1,0,0,0,0,0,0,0,0,1
795,5,7787f9ec6f8cb5ee,1.273076,20.0,1,14013,1,1,0,0,1,0,0,0,0,0,0,0,0,1
796,5,cb38324ee7829c3c,2.000067,15.673491,0,13527,1,0,0,0,0,0,0,0,0,0,0,0,0,0
797,5,3e0363c9588a642a,1.504079,18.747692,1,14345,1,1,0,0,1,0,0,0,0,0,0,0,0,1
798,5,a334a8527ade45d4,2.173612,14.08444,0,13777,1,0,0,0,0,0,0,0,0,0,0,0,0,0
799,5,138a27011e2db29e,1.632953,17.538803,1,13595,1,1,0,0,1,0,0,0,0,0,0,0,0,1
800,5,d30f8730fde55895,1.228004,16.669931,1,14360,1,1,0,0,1,0,0,0,0,0,0,0,0,0
801,5,0ed840a5f06fa1a5,1.966207,16.002341,1,13615,1,0,0,0,0,0,0,0,0,0,0,0,0,1
802,5,bd0a57e317a75d2c,1.477138,15.500805,1,14565,1,1,0,0,1,0,0,0,0,0,0,0,0,0
803,5,59312ce0927659a5,2.153372,15.12402,1,13619,1,0,0,0,0,0,0,0,0,0,0,0,0,1
804,5,27b8bc9cdb40cc84,1.619366,14.85398,1,13581,1,1,0,0,1,0,0,0,0,0,0,0,0,0
805,5,9ccfe455513c06bb,1.216569,18.116929,1,14268,1,1,0,0,1,0,0,0,0,0,0,0,0,1
806,5,b0935f554c89af66,1.957616,17.089416,1,13735,1,0,0,0,0,0,0,0,0,0,0,0,0,1
807,5,b914eea3d13fa916,1.472155,16.331986,1,14037,1,1,0,0,1,0,0,0,0,0,0,0,0,0
808,5,b3fd9f0e60427045,1.105975,19.2273,1,14009,1,1,0,0,1,0,0,0,0,0,0,0,0,1
809,5,48176576d09981b8,1.874531,17.923596,1,13829,1,0,0,0,0,0,0,0,0,0,0,0,0,1
810,5,0689438d8e99ed3e,1.408265,16.944172,1,14039,1,1,0,0,1,0,0,0,0,0,0,0,0,0
811,5,abbb7837f6f1aa60,1.059036,16.222761,1,13803,1,1,0,0,0,0,0,0,0,0,0,0,0,1
812,5,7883239ed58133d7,1.839267,19.145243,1,13863,1,0,0,0,1,0,0,0,0,0,0,0,0,1
813,5,0cc399bd6318e860,1.381773,17.86195,1,14238,1,1,0,0,1,0,0,0,0,0,0,0,0,0
814,5,80dbdc313ac24a14,1.039113,16.912942,1,13805,1,1,0,0,0,0,0,0,0,0,0,0,0,1
815,5,017dcc90838402fc,1.8243,19.66375,1,13588,1,0,0,0,1,0,0,0,0,0,0,0,0,1
816,5,832d003772f94809,1.370528,18.251485,1,14503,1,1,0,0,1,0,0,0,0,0,0,0,0,0
817,5,1f0856ef8813fb4c,2.07328,17.190503,1,13865,1,0,0,0,0,0,0,0,0,0,0,0,0,1
818,5,6b2520495f008149,2.603287,19.888507,1,13567,2,1,0,0,1,0,0,0,0,0,0,0,0,1
819,5,3b2ced347bc5d8e4,1.955752,14.941492,0,14135,1,1,0,0,0,0,0,0,0,0,0,0,0,0
820,5,c75a532fa44080bf,2.512937,18.182673,1,13721,1,0,0,0,1,0,0,0,0,0,0,0,0,1
821,5,67c321b439d7cb83,1.889764,20.0,1,13591,1,1,0,0,1,0,0,0,0,0,0,0,0,1
822,5,9f55f0d732aa01c5,2.463363,15.502028,0,14628,1,0,0,0,0,0,0,0,0,0,0,0,0,0
823,5,68cc83c2ee9e4353,1.850632,18.603783,1,13734,1,1,0,0,1,0,0,0,0,0,0,0,0,1
824,5,82d066426bef34de,1.390311,17.455171,1,14007,1,1,0,0,1,0,0,0,0,0,0,0,0,0
825,5,d30647ef1fe57b43,2.089684,16.607039,1,13914,1,0,0,0,0,0,0,0,0,0,0,0,0,1
826,5,874df85641ce7d82,1.569901,19.433937,1,13813,1,1,0,0,1,0,0,0,0,0,0,0,0,1
827,5,2ac3a4c7d20ba310,1.179408,18.078835,1,14359,1,1,0,0,1,0,0,0,0,0,0,0,0,0
828,5,198c6d4238c44977,2.975233,17.076043,1,13778,2,0,0,0,0,0,0,0,0,0,0,0,0,1
829,5,45865ef06760a501,2.235181,16.307437,1,13318,1,1,0,0,1,0,0,0,0,0,0,0,0,0
830,5,cda3cfc07c857e15,2.722861,15.730013,1,14591,1,0,0,0,0,0,0,0,0,0,0,0,0,1
831,5,27f34fbf70c6fd5e,2.045584,18.775059,1,13822,1,1,0,0,1,0,0,0,0,0,0,0,0,1
832,5,8ec05878b6fd3ce5,2.582459,14.119112,0,13758,1,0,0,0,0,0,0,0,0,0,0,0,0,0
833,5,d67fe1b3f4dac46a,1.940105,17.56485,1,13982,1,1,0,0,1,0,0,0,0,0,0,0,0,1
834,5,cab5af4452644b8d,1.457528,16.67466,1,13966,1,1,0,0,1,0,0,0,0,0,0,0,0,0
835,5,030e334e062c2987,2.140232,16.020084,1,13879,1,0,0,0,0,0,0,0,0,0,0,0,0,1
836,5,1188b8eb1da97757,2.65153,18.992979,1,14128,2,1,0,0,1,0,0,0,0,0,0,0,0,1
837,5,888a18f69df54106,1.991995,17.74756,1,13729,1,1,0,0,1,0,0,0,0,0,0,0,0,0
838,5,fb70b0684588b99a,2.540165,16.811923,1,14372,1,0,0,0,0,0,0,0,0,0,0,0,0,1
839,5,b513b2a0d8918911,1.91024,16.123307,1,13448,1,1,0,0,1,0,0,0,0,0,0,0,0,0
840,5,abd3b9157c28f144,2.478745,15.591682,1,13817,1,0,0,0,0,0,0,0,0,0,0,0,0,1
841,5,e44af2bf104e6548,1.862189,15.192293,1,14257,1,1,0,0,1,0,0,0,0,0,0,0,0,0
842,5,24f2a571096c80f8,2.444543,14.905322,1,13781,1,0,0,0,0,0,0,0,0,0,0,0,0,1
843,5,eaca14a852f8f0bc,1.836494,14.676656,1,13778,1,1,0,0,1,0,0,0,0,0,0,0,0,0
844,5,555277eab7f97d98,1.379689,17.983712,1,14358,1,1,0,0,1,0,0,0,0,0,0,0,0,1
845,5,83da619799e8c297,2.080162,13.510491,0,13798,1,0,0,0,0,0,0,0,0,0,0,0,0,0
846,5,012cb8b7519062ff,1.564312,17.121085,1,13469,1,1,0,0,1,0,0,0,0,0,0,0,0,1
847,5,d337979599d7b5e7,2.218862,12.862431,0,14527,1,0,0,0,0,0,0,0,0,0,0,0,0,0
848,5,f58cc74a18ca6f5e,1.666948,16.620753,1,13715,1,1,0,0,1,0,0,0,0,0,0,0,0,1
849,5,55f5229639b6154f,1.253569,15.979545,1,13906,1,1,0,0,1,0,0,0,0,0,0,0,0,0
850,5,fc5b0585ddcf0fa5,1.985413,15.483679,1,13887,1,0,0,0,0,0,0,0,0,0,0,0,0,1
851,5,784d948f8e47bd92,1.491566,15.111154,1,13850,1,1,0,0,1,0,0,0,0,0,0,0,0,0
852,5,f4587264a61a5c6a,3.207865,14.831289,1,14288,2,0,0,0,0,0,0,0,0,0,0,0,0,1
853,5,7f03e1d1a2d79f7a,2.41236,18.114344,1,13802,1,1,0,0,1,0,0,0,0,0,0,0,0,1
854,5,f382d28b35b35aba,1.812316,20.0,1,13498,1,1,0,0,1,0,0,0,0,0,0,0,0,1
855,5,ac5a68f06eb231c5,2.405179,18.929551,1,14654,1,0,0,0,0,0,0,0,0,0,0,0,0,1
856,5,72e5ed2ee4a6ce2d,1.808729,17.715794,1,13572,1,1,0,0,1,0,0,0,0,0,0,0,0,0
857,5,20462e454ea2294e,1.35883,20.0,1,13882,1,1,0,0,1,0,0,0,0,0,0,0,0,1
858,5,daea530305e3900a,3.108145,18.704611,1,14026,2,0,0,0,0,0,0,0,0,0,0,0,0,1
859,5,a6e888f1ebd4028f,2.335033,20.0,1,14275,1,1,0,0,1,0,0,0,0,0,0,0,0,1
860,5,c4f8b36b115b45b7,1.755978,19.280144,1,13861,1,1,0,0,1,0,0,0,0,0,0,0,0,0
861,5,9db8cab8d5871e85,1.319201,17.963296,1,13862,1,1,0,0,0,0,0,0,0,0,0,0,0,1
862,5,e742e6069af38ad4,2.03472,16.973997,1,13796,1,0,0,0,1,0,0,0,0,0,0,0,0,0
863,5,e38814be82db23bd,1.530138,19.725691,1,14323,1,1,0,0,1,0,0,0,0,0,0,0,0,1
864,5,2778e2c116ffae02,2.193189,18.298019,1,13567,1,0,0,0,0,0,0,0,0,0,0,0,0,1
865,5,7ff8cbcc1c43fc77,1.647661,17.225462,1,13713,1,1,0,0,1,0,0,0,0,0,0,0,0,0
866,5,66b9601f7bca2a76,2.281479,19.898535,1,14343,2,1,0,0,1,0,0,0,0,0,0,0,0,1
867,5,5462061aadc02247,2.759856,18.444483,1,13862,1,0,0,0,0,0,0,0,0,0,0,0,0,1
868,5,c2d96802efe527b7,2.073376,20.0,1,13415,1,1,0,0,1,0,0,0,0,0,0,0,0,1
869,5,2b97266cf694bd67,1.55765,19.11588,1,14701,1,1,0,0,1,0,0,0,0,0,0,0,0,0
870,5,c644a93415a98514,2.215526,17.855916,1,13626,1,0,0,0,0,0,0,0,0,0,0,0,0,1
871,5,aa017d1a0e7ab923,1.664442,20.0,1,13704,1,1,0,0,1,0,0,0,0,0,0,0,0,1
872,5,1aa6e7ec6b193cd4,1.250433,20.0,1,14277,1,1,0,0,1,0,0,0,0,0,0,0,0,1
873,5,940d0272a1287599,0.939403,16.725014,0,13875,1,1,0,0,0,0,0,0,0,0,0,0,0,0
874,5,a36473885b5e4ac4,1.750595,19.538452,1,14029,1,0,0,0,1,0,0,0,0,0,0,0,0,1
875,5,5a290ee1f72ee88c,1.315157,20.0,1,13996,1,1,0,0,1,0,0,0,0,0,0,0,0,1
876,5,a10f0f0225898746,2.031681,16.254467,0,13555,1,0,0,0,0,0,0,0,0,0,0,0,0,0
877,5,ad22d363ab4cc2c9,1.527853,19.184594,1,14216,1,1,0,0,1,0,0,0,0,0,0,0,0,1
878,5,7b19815b3f4dabed,2.191473,20.0,1,13635,2,1,0,0,1,0,0,0,0,0,0,0,0,1
879,5,a674938663301333,2.690025,19.533595,1,13928,1,0,0,0,0,0,0,0,0,0,0,0,0,1
880,5,509198b5786d02b7,2.020915,18.153704,1,14300,1,1,0,0,1,0,0,0,0,0,0,0,0,0
881,5,c04e7b977b55ea13,1.519757,20.0,1,13655,1,1,0,0,1,0,0,0,0,0,0,0,0,1
882,5,acb85824b82ffa50,1.141737,15.485662,0,13987,0,0,0,0,0,0,0,0,0,0,0,0,0,0
883,5,e6d2bf79596f1c93,0.857744,15.112643,1,14115,1,1,0,0,1,0,0,0,0,0,0,0,0,0
884,5,2a2a91cc369a5136,1.689186,18.325927,1,14052,2,1,0,0,1,0,0,0,0,0,0,0,0,1
885,5,8af4c63aced1d663,1.269022,20.0,1,13812,1,1,0,0,1,0,0,0,0,0,0,0,0,1
886,5,12b3e36bb7ef90bc,1.997022,19.048967,1,13699,1,0,0,0,0,0,0,0,0,0,0,0,0,1
887,5,1ea515a056bbd47b,1.500288,17.789621,1,14228,1,1,0,0,1,0,0,0,0,0,0,0,0,0
888,5,73741215fbafab10,2.172389,16.858551,1,14027,1,0,0,0,0,0,0,0,0,0,0,0,0,1
889,5,6dfd1d71173fe614,1.632034,19.622888,1,13823,1,1,0,0,1,0,0,0,0,0,0,0,0,1
890,5,ee8840b771c42f67,1.226086,18.220787,1,13692,1,1,0,0,1,0,0,0,0,0,0,0,0,0
891,5,46e0ffa69c93eac1,1.966185,17.182793,1,14189,1,0,0,0,0,0,0,0,0,0,0,0,0,1
892,5,e8f460e26a0c1019,1.477121,19.866479,1,13649,1,1,0,0,1,0,0,0,0,0,0,0,0,1
893,5,1debe50370343041,2.153359,14.924943,0,13706,1,0,0,0,0,0,0,0,0,0,0,0,0,0
894,5,4eac2d2acb409d6d,1.617738,18.170241,1,14588,1,1,0,0,1,0,0,0,0,0,0,0,0,1
895,5,d8865e29a90b6ae6,2.260713,17.144782,1,13630,2,1,0,0,0,0,0,0,0,0,0,0,0,1
896,5,65395ab990da92e2,2.742042,16.359078,1,13987,1,0,0,0,1,0,0,0,0,0,0,0,0,0
897,5,7ea00bada446457a,2.059994,19.247653,1,14159,1,1,0,0,1,0,0,0,0,0,0,0,0,1
898,5,2e7fdfb118cd4287,1.549145,17.955011,1,13542,1,1,0,0,1,0,0,0,0,0,0,0,0,0
899,5,9619c40bdfb6999f,2.207468,16.967773,1,14243,1,0,0,0,0,0,0,0,0,0,0,0,0,1
900,5,a7a7cff7d1109694,1.658388,19.704943,1,13890,1,1,0,0,1,0,0,0,0,0,0,0,0,1
901,5,c3f323de486ccb58,1.245885,20.0,1,13764,1,1,0,0,1,0,0,0,0,0,0,0,0,1
902,5,38a5ea27c4706cd4,1.981074,16.36479,0,14090,1,0,0,0,0,0,0,0,0,0,0,0,0,0
903,5,624b3acf06e776d4,1.488307,19.251944,1,13936,1,1,0,0,1,0,0,0,0,0,0,0,0,1
904,5,4bc8614871f0f4da,2.161763,14.463266,0,13920,1,0,0,0,0,0,0,0,0,0,0,0,0,0
905,5,12eab71e36da7061,1.625676,17.837585,1,13888,1,1,0,0,1,0,0,0,0,0,0,0,0,1
906,5,c75488bae5731956,1.22131,16.879556,1,13697,1,1,0,0,1,0,0,0,0,0,0,0,0,0
907,5,88364bfd4c5071c5,1.961178,16.159824,1,13894,1,0,0,0,0,0,0,0,0,0,0,0,0,1
908,5,f89559e733ee429f,1.47336,15.619116,1,14423,1,1,0,0,1,0,0,0,0,0,0,0,0,0
909,5,370907e7cb610152,3.196288,15.226299,1,13664,2,0,0,0,0,0,0,0,0,0,0,0,0,1
910,5,c24a37abf74ffb45,2.401252,18.396639,1,14193,1,1,0,0,1,0,0,0,0,0,0,0,0,1
911,5,5ac26bc8b31127eb,1.803971,17.299551,1,13874,1,1,0,0,1,0,0,0,0,0,0,0,0,0
912,5,6d7e93e7ff794862,2.400762,16.490011,1,13811,1,0,0,0,0,0,0,0,0,0,0,0,0,1
913,5,e6b316e0c79d7b46,1.803603,19.346018,1,14148,1,1,0,0,1,0,0,0,0,0,0,0,0,1
914,5,6251c049662823b2,1.354979,18.012784,1,13613,1,1,0,0,1,0,0,0,0,0,0,0,0,0
915,5,ac15f015a62f5915,2.061599,17.011176,1,13979,1,0,0,0,0,0,0,0,0,0,0,0,0,1
916,5,75892b70c4b210b9,1.550352,16.273149,1,14208,1,1,0,0,1,0,0,0,0,0,0,0,0,0
917,5,e8665a968af89674,2.208375,15.704253,1,13702,1,0,0,0,0,0,0,0,0,0,0,0,0,1
918,5,cbe4a78dc67802cd,1.659069,18.755707,1,13820,1,1,0,0,1,0,0,0,0,0,0,0,0,1
919,5,16f59889293a3d87,2.291794,14.104559,0,14265,1,0,0,0,0,0,0,0,0,0,0,0,0,0
920,5,1dc14614baa6abcd,1.721739,17.553917,1,13559,1,1,0,0,1,0,0,0,0,0,0,0,0,1
921,5,c13633922eee2a49,1.293478,16.666446,1,14205,1,1,0,0,1,0,0,0,0,0,0,0,0,0
922,5,9aa33291c4acdd7a,2.015395,15.999722,1,14068,1,0,0,0,0,0,0,0,0,0,0,0,0,1
923,5,cd9a9148e8b7c63a,1.515606,15.512521,1,13421,1,1,0,0,1,0,0,0,0,0,0,0,0,0
924,5,42d41844aa56896a,2.182272,18.611666,1,14441,2,1,0,0,1,0,0,0,0,0,0,0,0,1
925,5,ab4db5e10fbf2b0c,2.683112,17.461094,1,13914,1,0,0,0,0,0,0,0,0,0,0,0,0,1
926,5,f0ec99096bdf573d,2.017739,20.0,1,13495,1,1,0,0,1,0,0,0,0,0,0,0,0,1
927,5,75050f378a325b37,2.559505,18.573209,1,14450,1,0,0,0,0,0,0,0,0,0,0,0,0,1
928,5,807360432d8a9607,1.92286,17.432202,1,13712,1,1,0,0,1,0,0,0,0,0,0,0,0,0
929,5,80ecbe36cb9f9166,2.488227,16.575006,1,14147,1,0,0,0,0,0,0,0,0,0,0,0,0,1
930,5,cb43a7c979c84c0d,2.915332,19.425644,1,13748,2,1,0,0,1,0,0,0,0,0,0,0,0,1
931,5,67ce27cf4d3e4717,3.233834,14.59376,0,13876,1,0,0,0,0,0,0,0,0,0,0,0,0,0
932,5,84ed367b2d19d4b2,1.385805,14.442591,1,14149,0,1,0,0,1,0,0,0,0,0,0,0,0,0
933,5,279cf82fe54d4b55,1.042145,14.341536,1,13766,1,1,0,0,0,0,0,0,0,0,0,0,0,1
934,5,aad337ed708a8e95,1.826578,14.253104,1,13848,1,0,0,0,1,0,0,0,0,0,0,0,0,0
935,5,bba8fb88658a23c2,2.415893,14.186669,1,14131,2,1,0,0,0,0,0,0,0,0,0,0,0,1
936,5,e43858fabc48d5f0,2.858624,17.615603,1,13881,1,0,0,0,1,0,0,0,0,0,0,0,0,1
937,5,ab176606e175fa0c,2.149726,16.727686,1,13926,1,1,0,0,1,0,0,0,0,0,0,0,0,0
938,5,894f1315742165e7,2.658662,16.04573,1,13908,1,0,0,0,0,0,0,0,0,0,0,0,0,1
939,6,1fd48474a6be9a50,1.997353,15.533402,1,13713,1,1,0,0,1,0,0,0,0,0,0,0,0,0
940,6,530e0ea8d92a6d51,2.546189,15.161841,1,13912,1,0,0,0,0,0,0,0,0,0,0,0,0,1
941,6,9d91a06f605c6d81,1.912856,18.348213,1,14151,1,1,0,0,1,0,0,0,0,0,0,0,0,1
942,6,1bedfd585b1aa4b9,1.437057,17.263171,1,13711,1,1,0,0,1,0,0,0,0,0,0,0,0,0
943,6,26a9669cba5af3ef,3.166914,16.44802,1,14229,2,0,0,0,0,0,0,0,0,0,0,0,0,1
944,6,4f55c5e4b2d3c044,2.381565,19.330149,1,13931,1,1,0,0,1,0,0,0,0,0,0,0,0,1
945,6,429a6cfc04b09590,1.789181,20.0,1,13662,1,1,0,0,1,0,0,0,0,0,0,0,0,1
946,6,bfd1095e82cc3b3f,2.387798,16.136901,0,14192,1,0,0,0,0,0,0,0,0,0,0,0,0,0
947,6,e8a24dfe484cb614,1.795658,19.096183,1,13843,1,1,0,0,1,0,0,0,0,0,0,0,0,1
948,6,a8eb40163c807ab7,2.392664,14.346248,0,13542,1,0,0,0,0,0,0,0,0,0,0,0,0,0
949,6,b734eb68cadec0ba,1.797519,17.735489,1,14417,1,1,0,0,1,0,0,0,0,0,0,0,0,1
950,6,03ed9d518f369873,1.350409,20.0,1,13903,1,1,0,0,1,0,0,0,0,0,0,0,0,1
951,6,cd43fcebe8f5e6e6,2.059677,15.252127,0,13425,1,0,0,0,0,0,0,0,0,0,0,0,0,0
952,6,338e1a6d9a9334b5,1.547359,18.416042,1,14657,1,1,0,0,1,0,0,0,0,0,0,0,0,1
953,6,f71f04d2a5841727,1.162473,17.314128,1,13448,1,1,0,0,1,0,0,0,0,0,0,0,0,0
954,6,dab4ff966e399802,1.918346,16.500973,1,13990,1,0,0,0,0,0,0,0,0,0,0,0,0,1
955,6,339e340883d8ecaf,1.441182,15.875409,1,13872,1,1,0,0,1,0,0,0,0,0,0,0,0,0
956,6,0f3eea50b2030a66,2.12636,15.405446,1,13866,1,0,0,0,0,0,0,0,0,0,0,0,0,1
957,6,157d3461e0a7f335,1.597454,15.05238,1,14494,1,1,0,0,1,0,0,0,0,0,0,0,0,0
958,6,f1991b9aba19249f,1.201308,18.280608,1,13568,1,1,0,0,1,0,0,0,0,0,0,0,0,1
959,6,f0cae4ef532c2023,1.946152,13.733537,0,13838,1,0,0,0,0,0,0,0,0,0,0,0,0,0
960,6,7630abeab872e6cf,1.462071,17.275182,1,14300,1,1,0,0,1,0,0,0,0,0,0,0,0,1
961,6,253c29c9cd31f14d,1.099498,12.991183,0,13664,1,1,0,0,0,0,0,0,0,0,0,0,0,0
962,6,1bcd43f2b236da2a,1.869665,16.717479,1,13848,1,0,0,0,1,0,0,0,0,0,0,0,0,1
963,6,190012cb2cd5517d,1.40461,19.516906,1,14096,1,1,0,0,1,0,0,0,0,0,0,0,0,1
964,6,752285f96761bfac,3.142537,18.141167,1,13982,2,0,0,0,0,0,0,0,0,0,0,0,0,1
965,6,8ce008444b943984,2.363233,17.122918,1,13765,1,1,0,0,1,0,0,0,0,0,0,0,0,0
966,6,815cbd6616cc478f,1.775409,12.863808,0,14084,0,0,0,0,0,0,0,0,0,0,0,0,0,0
967,6,ea182be542b69bac,2.377451,16.621787,1,13671,2,1,0,0,1,0,0,0,0,0,0,0,0,1
968,6,98558a7fe6a345e2,2.832028,15.980322,1,14549,1,0,0,0,0,0,0,0,0,0,0,0,0,1
969,6,ea40987dff05550d,2.127597,15.484263,1,13677,1,1,0,0,1,0,0,0,0,0,0,0,0,0
970,6,bd84d51435d6859a,1.598384,18.590437,1,13615,1,1,0,0,1,0,0,0,0,0,0,0,0,1
971,6,b3773e59edaae1a5,1.200806,13.966301,0,14401,1,1,0,0,0,0,0,0,0,0,0,0,0,0
972,6,5dadae3439224eef,1.947174,17.46386,1,13805,1,0,0,0,1,0,0,0,0,0,0,0,0,1
973,6,bf32681d9402a0dc,1.462839,20.0,1,13550,1,1,0,0,1,0,0,0,0,0,0,0,0,1
974,6,f7bd4e508f328e99,2.142629,15.083576,0,14413,1,0,0,0,0,0,0,0,0,0,0,0,0,0
975,6,7c7cf98600a1ae76,1.611288,18.304068,1,13569,1,1,0,0,1,0,0,0,0,0,0,0,0,1
976,6,4330f499d34eea83,1.2105,13.751162,0,13554,1,1,0,0,0,0,0,0,0,0,0,0,0,0
977,6,574139667abb0c89,1.953057,17.288423,1,14513,1,0,0,0,1,0,0,0,0,0,0,0,0,1
978,6,92baeeda50fe0e26,1.467259,16.46699,1,13611,1,1,0,0,1,0,0,0,0,0,0,0,0,0
979,6,80a0120ed18f2275,2.14755,15.863913,1,14249,1,0,0,0,0,0,0,0,0,0,0,0,0,1
980,6,6c101f580b712b70,1.613374,15.396809,1,14022,1,1,0,0,1,0,0,0,0,0,0,0,0,0
981,6,b15e4f2a53c46617,1.212068,18.524736,1,13643,1,1,0,0,1,0,0,0,0,0,0,0,0,1
982,6,24ffb1d0a2680279,1.955643,13.930866,0,14210,1,0,0,0,0,0,0,0,0,0,0,0,0,0
983,6,68121a43e0cae420,1.469201,17.423428,1,13540,1,1,0,0,1,0,0,0,0,0,0,0,0,1
984,6,aaf35ef966d09fb9,2.147409,20.0,1,13923,2,1,0,0,1,0,0,0,0,0,0,0,0,1
985,6,e83ec1fc7d0af0b2,1.613268,15.060756,0,14272,1,1,0,0,0,0,0,0,0,0,0,0,0,0
986,6,30145d94870288c8,2.257351,18.286907,1,13674,1,0,0,0,1,0,0,0,0,0,0,0,0,1
987,6,48b19f1f0393bd84,1.695864,17.217114,1,13790,1,1,0,0,1,0,0,0,0,0,0,0,0,0
988,6,660e55ed3e8f8b1b,2.317692,16.413419,1,14302,1,0,0,0,0,0,0,0,0,0,0,0,0,1
989,6,113af7560806643d,1.742938,19.304128,1,13935,1,1,0,0,1,0,0,0,0,0,0,0,0,1
990,6,06dd42b45c17fb2e,1.309404,17.981314,1,13747,1,1,0,0,1,0,0,0,0,0,0,0,0,0
991,6,f0f5ccd4e7e38638,2.02736,16.987534,1,13989,1,0,0,0,0,0,0,0,0,0,0,0,0,1
992,6,85cd675ac93b42a6,1.523079,19.719788,1,13840,1,1,0,0,1,0,0,0,0,0,0,0,0,1
993,6,ce6a6d19048593a2,1.145377,18.310063,1,14298,1,1,0,0,1,0,0,0,0,0,0,0,0,0
994,6,67c217e0526ee573,1.904133,17.234511,1,13778,1,0,0,0,0,0,0,0,0,0,0,0,0,1
995,6,91d6c2f2c8a79719,1.430504,16.426488,1,13613,1,1,0,0,1,0,0,0,0,0,0,0,0,0
996,6,646f9ddf48439184,1.075759,19.313957,1,14478,1,1,0,0,1,0,0,0,0,0,0,0,0,1
997,6,e5f7cec101ed80fc,1.851831,14.509854,0,13807,1,0,0,0,0,0,0,0,0,0,0,0,0,0
998,6,c95924f2dada814a,2.434865,17.8584,1,13589,2,1,0,0,1,0,0,0,0,0,0,0,0,1
999,6,b7ed42519a241519,1.829223,20.0,1,14681,1,1,0,0,1,0,0,0,0,0,0,0,0,1
1000,6,d96a487923810329,2.419752,18.802068,1,13403,1,0,0,0,0,0,0,0,0,0,0,0,0,1
1001,6,f72baef4e89e2969,1.817869,17.604135,1,13882,1,1,0,0,1,0,0,0,0,0,0,0,0,0
1002,6,73af4bb8bd0cf539,1.365697,20.0,1,14239,1,1,0,0,1,0,0,0,0,0,0,0,0,1
1003,6,df30ee7102124b2d,2.071174,15.177917,0,13730,1,0,0,0,0,0,0,0,0,0,0,0,0,0
1004,6,452eb05f77d9e798,1.555996,18.360291,1,14285,1,1,0,0,1,0,0,0,0,0,0,0,0,1
1005,6,b85f9a778089111c,2.212615,13.7934,0,13810,1,0,0,0,0,0,0,0,0,0,0,0,0,0
1006,6,a04656e015169539,1.662255,17.320155,1,13709,1,1,0,0,1,0,0,0,0,0,0,0,0,1
1007,6,0605c6c3dd607c22,1.250039,19.986007,1,14168,1,1,0,0,1,0,0,0,0,0,0,0,0,1
1008,6,5c3327d5d04b3bf2,1.982761,15.01474,0,13833,1,0,0,0,0,0,0,0,0,0,0,0,0,0
1009,6,d1490ef626d88642,1.489574,18.237702,1,13836,1,1,0,0,1,0,0,0,0,0,0,0,0,1
1010,6,c5b822502994eb6b,1.120181,17.195513,1,14118,1,1,0,0,0,0,0,0,0,0,0,0,0,1
1011,6,d176629312e94df7,1.885204,16.397191,1,13825,1,0,0,0,1,0,0,0,0,0,0,0,0,0
1012,6,f7bd93d0fbad3cc4,1.416283,19.276286,1,13701,1,1,0,0,1,0,0,0,0,0,0,0,0,1
1013,6,bb17d40cf0ce3b10,1.064,14.481553,0,14327,1,1,0,0,0,0,0,0,0,0,0,0,0,0
1014,6,09db8c22003cafc4,1.844294,17.851337,1,13712,1,0,0,0,1,0,0,0,0,0,0,0,0,1
1015,6,a922dd8e3be979be,2.429203,20.0,1,14279,2,1,0,0,1,0,0,0,0,0,0,0,0,1
1016,6,ca742c3564ca89ec,2.868622,15.302267,0,13697,1,0,0,0,0,0,0,0,0,0,0,0,0,0
1017,6,ee07ef875cb8222f,2.157245,18.468526,1,13844,1,1,0,0,1,0,0,0,0,0,0,0,0,1
1018,6,44a937e25d5fe97a,1.620657,17.353558,1,14261,1,1,0,0,1,0,0,0,0,0,0,0,0,0
1019,6,a7c0fe6af49c7498,2.261193,16.515924,1,13560,1,0,0,0,0,0,0,0,0,0,0,0,0,1
1020,6,5031b017df760d5c,1.69875,15.886641,1,13654,1,1,0,0,1,0,0,0,0,0,0,0,0,0
1021,6,41e3da41dfcb9e13,1.277484,15.427482,1,14609,1,1,0,0,0,0,0,0,0,0,0,0,0,1
1022,6,172a8f65a83e640a,2.003379,18.547779,1,13709,1,0,0,0,1,0,0,0,0,0,0,0,0,1
1023,6,e1b8beb0c0dd2987,1.505064,13.934253,0,13430,1,1,0,0,0,0,0,0,0,0,0,0,0,0
1024,6,f0f021c24f5e2b20,2.17598,17.43976,1,14562,1,0,0,0,1,0,0,0,0,0,0,0,0,1
1025,6,2f2cf70214a6091e,1.634732,16.580685,1,13655,1,1,0,0,1,0,0,0,0,0,0,0,0,0
1026,6,c99e72d92b2de080,1.228113,15.935293,1,13738,1,1,0,0,0,0,0,0,0,0,0,0,0,1
1027,6,7c45149b17e73278,1.966289,15.450434,1,14277,1,0,0,0,1,0,0,0,0,0,0,0,0,0
1028,6,3e652989d156f2f8,1.478677,18.57995,1,13696,1,1,0,0,1,0,0,0,0,0,0,0,0,1
1029,6,8f20ca8584974132,1.110875,20.0,1,14248,1,1,0,0,1,0,0,0,0,0,0,0,0,1
1030,6,92bf4b78bba19027,1.878212,15.713492,0,13936,1,0,0,0,0,0,0,0,0,0,0,0,0,0
1031,6,e0761c1f106e21d7,1.412442,18.777774,1,13775,1,1,0,0,1,0,0,0,0,0,0,0,0,1
1032,6,c4e91514cdd0fcd1,1.061115,20.0,1,13953,1,1,0,0,1,0,0,0,0,0,0,0,0,1
1033,6,29509561683bfd50,1.84083,15.825143,0,14053,1,0,0,0,0,0,0,0,0,0,0,0,0,0
1034,6,ee526894400b0647,1.382946,18.846527,1,13711,1,1,0,0,1,0,0,0,0,0,0,0,0,1
1035,6,28226f2b4c7ddc17,2.084146,20.0,1,14155,2,1,0,0,1,0,0,0,0,0,0,0,0,1
1036,6,5f954bdc53ac9ad0,2.609394,19.355924,1,13929,1,0,0,0,0,0,0,0,0,0,0,0,0,1
1037,6,35ace00b1b3ee9f3,1.96034,18.020227,1,13676,1,1,0,0,1,0,0,0,0,0,0,0,0,0
1038,6,8411077b8132e874,2.518354,17.031969,1,14141,1,0,0,0,0,0,0,0,0,0,0,0,0,1
1039,6,b74f8f1cbf1c5eb5,1.891946,16.274326,1,13920,1,1,0,0,1,0,0,0,0,0,0,0,0,0
1040,6,b531610733e8f3c6,2.465001,15.705137,1,14015,1,0,0,0,0,0,0,0,0,0,0,0,0,1
1041,6,ee48be9611444222,1.851863,18.756372,1,13930,1,1,0,0,1,0,0,0,0,0,0,0,0,1
1042,6,d7c9f5333d7e3e8e,1.392628,17.585561,1,13833,1,1,0,0,1,0,0,0,0,0,0,0,0,0
1043,6,5aac1634ee087123,2.089882,16.690219,1,14100,1,0,0,0,0,0,0,0,0,0,0,0,0,1
1044,6,1f5fb04f2d30e60f,2.613704,19.496426,1,13715,2,1,0,0,1,0,0,0,0,0,0,0,0,1
1045,6,80fbc94f5f124f27,1.965543,18.142092,1,13831,1,1,0,0,1,0,0,0,0,0,0,0,0,0
1046,6,3abd7f2475c904a3,2.520292,17.10832,1,14240,1,0,0,0,0,0,0,0,0,0,0,0,0,1
1047,6,8e20f99e37aec77f,1.893401,16.331686,1,13852,1,1,0,0,1,0,0,0,0,0,0,0,0,0
1048,6,621cec5633205274,1.422442,19.227074,1,13372,1,1,0,0,1,0,0,0,0,0,0,0,0,1
1049,6,68bef83a594e463a,1.069696,14.459034,0,14877,1,1,0,0,0,0,0,0,0,0,0,0,0,0
1050,6,76898ebe01745a8e,1.847276,17.820221,1,13479,1,0,0,0,1,0,0,0,0,0,0,0,0,1
1051,6,5245f060d5801535,1.38779,20.0,1,14272,1,1,0,0,1,0,0,0,0,0,0,0,0,1
1052,6,b379b584f8cc7af9,2.087788,15.299997,0,13734,1,0,0,0,0,0,0,0,0,0,0,0,0,0
1053,6,efbf8dfe05edc2d7,1.568477,18.452005,1,13701,1,1,0,0,1,0,0,0,0,0,0,0,0,1
1054,6,5b7aff6c682acec0,2.221992,17.341146,1,14252,1,0,0,0,0,0,0,0,0,0,0,0,0,1
1055,6,0bb8a497c5ced9cc,1.669299,16.506599,1,13643,1,1,0,0,1,0,0,0,0,0,0,0,0,0
1056,6,7b26cf3a79e8ecc1,1.255337,19.374201,1,13971,1,1,0,0,1,0,0,0,0,0,0,0,0,1
1057,6,5c5d3d0f620846f9,1.986741,18.033958,1,14082,1,0,0,0,0,0,0,0,0,0,0,0,0,1
1058,6,8b40b8621c4963e5,1.492564,17.027083,1,13793,1,1,0,0,1,0,0,0,0,0,0,0,0,0
1059,6,efbbd87fa07b45be,2.16658,16.285111,1,13908,1,0,0,0,0,0,0,0,0,0,0,0,0,1
1060,6,c29f603f7ca72451,2.671324,19.192084,1,14050,2,1,0,0,1,0,0,0,0,0,0,0,0,1
1061,6,6c425378e4cd8d5a,2.006866,20.0,1,14038,1,1,0,0,1,0,0,0,0,0,0,0,0,1
1062,6,124e03af296e5b99,2.551337,16.058978,0,13966,1,0,0,0,0,0,0,0,0,0,0,0,0,0
1063,6,d61b05ab74d73cfd,1.918642,19.037584,1,13628,1,1,0,0,1,0,0,0,0,0,0,0,0,1
1064,6,512fe5da77e3d32e,2.485057,17.781069,1,14019,1,0,0,0,0,0,0,0,0,0,0,0,0,1
1065,6,4f897115e2d61f4f,1.86693,20.0,1,14171,1,1,0,0,1,0,0,0,0,0,0,0,0,1
1066,6,3e66d4f892d2fef0,3.492259,18.758379,1,13886,2,0,0,0,0,0,0,0,0,0,0,0,0,1
1067,6,00715d58a6e20e18,2.623604,20.0,1,13655,1,1,0,0,1,0,0,0,0,0,0,0,0,1
1068,6,844413bae0fe591d,1.971016,19.293042,1,14008,1,1,0,0,1,0,0,0,0,0,0,0,0,0
1069,6,a270046605ea97aa,2.524404,17.972985,1,13811,1,0,0,0,0,0,0,0,0,0,0,0,0,1
1070,6,d13d0260a15ec7a9,1.898388,16.996443,1,13979,1,1,0,0,1,0,0,0,0,0,0,0,0,0
1071,6,aa2febf1daccb956,1.426188,19.726481,1,14146,1,1,0,0,1,0,0,0,0,0,0,0,0,1
1072,6,f1ae066b9d76215b,2.115095,14.819768,0,13563,1,0,0,0,0,0,0,0,0,0,0,0,0,0
1073,6,9c2623559087f0da,1.590581,18.10568,1,13679,1,1,0,0,1,0,0,0,0,0,0,0,0,1
1074,6,8739e4d540c0cca9,2.238598,13.602121,0,14572,1,0,0,0,0,0,0,0,0,0,0,0,0,0
1075,6,fd907ade50c6a83c,1.681775,17.176454,1,13615,1,1,0,0,1,0,0,0,0,0,0,0,0,1
1076,6,37f9e37298b51d45,1.263455,19.861717,1,14208,1,1,0,0,1,0,0,0,0,0,0,0,0,1
1077,6,1ac8b421ceb33792,1.994286,14.936294,0,13849,1,0,0,0,0,0,0,0,0,0,0,0,0,0
1078,6,7d6e24e9d110ef61,1.498233,18.178768,1,13691,1,1,0,0,1,0,0,0,0,0,0,0,0,1
1079,6,cd961e8fde3d6f47,1.125566,20.0,1,14215,1,1,0,0,1,0,0,0,0,0,0,0,0,1
1080,6,76c3328e0713fd8a,1.890592,15.502562,0,13783,1,0,0,0,0,0,0,0,0,0,0,0,0,0
1081,6,58626d37ac2080a9,1.420331,18.604184,1,13719,1,1,0,0,1,0,0,0,0,0,0,0,0,1
1082,6,94df50c941e66911,2.110695,20.0,1,14303,2,1,0,0,1,0,0,0,0,0,0,0,0,1
1083,6,f919bc8525164d85,2.62934,15.72717,0,13827,1,0,0,0,0,0,0,0,0,0,0,0,0,0
1084,6,484dbaaa1901227b,1.977301,18.788059,1,13800,1,1,0,0,1,0,0,0,0,0,0,0,0,1
1085,6,5b59901993a96ce5,2.529126,14.114767,0,14236,1,0,0,0,0,0,0,0,0,0,0,0,0,0
1086,6,991b005d8699e0b4,1.900038,17.561586,1,13944,1,1,0,0,1,0,0,0,0,0,0,0,0,1
1087,6,88cb8314c08e0de9,1.428855,16.687064,1,14075,1,1,0,0,1,0,0,0,0,0,0,0,0,0
1088,6,9a9c5836d4be306e,1.073446,19.494057,1,13764,1,1,0,0,1,0,0,0,0,0,0,0,0,1
1089,6,d643143d75a45644,1.850093,14.645156,0,13727,1,0,0,0,0,0,0,0,0,0,0,0,0,0
1090,6,66ecbab330cf9d85,1.389906,17.960047,1,14337,1,1,0,0,1,0,0,0,0,0,0,0,0,1
1091,6,5426c15cec268367,1.045229,16.986713,1,13720,1,1,0,0,1,0,0,0,0,0,0,0,0,0
1092,6,92b256786c14c63f,1.828895,16.240327,1,13900,1,0,0,0,0,0,0,0,0,0,0,0,0,1
1093,6,175052bff5cfc737,1.37398,15.679595,1,13976,1,1,0,0,1,0,0,0,0,0,0,0,0,0
1094,6,5e935628a31b72be,2.077403,15.271781,1,14082,1,0,0,0,0,0,0,0,0,0,0,0,0,1
1095,6,3831b4173b809bfe,1.560675,14.951963,1,13624,1,1,0,0,1,0,0,0,0,0,0,0,0,0
1096,6,4b19322e55771695,1.172477,18.19054,1,14315,1,1,0,0,1,0,0,0,0,0,0,0,0,1
1097,6,cc9666cbf5339614,2.968145,17.144717,1,13442,2,0,0,0,0,0,0,0,0,0,0,0,0,1
1098,6,c54f99c37e349594,2.232087,16.373573,1,14417,1,1,0,0,1,0,0,0,0,0,0,0,0,0
1099,6,e843b01d69cb03af,1.676884,19.258542,1,13764,1,1,0,0,1,0,0,0,0,0,0,0,0,1
1100,6,5637135595d75478,1.25978,17.947068,1,13691,1,1,0,0,1,0,0,0,0,0,0,0,0,0
1101,6,2265450d7b5d4e3d,1.991523,16.976952,1,14472,1,0,0,0,0,0,0,0,0,0,0,0,0,1
1102,6,78a48da787ddd569,1.496157,19.711839,1,13651,1,1,0,0,1,0,0,0,0,0,0,0,0,1
1103,6,1c808514c90a08b9,2.16766,14.808767,0,13662,1,0,0,0,0,0,0,0,0,0,0,0,0,0
1104,6,d7c884544c5f3040,1.628482,18.082962,1,14234,1,1,0,0,1,0,0,0,0,0,0,0,0,1
1105,6,168ecbfccb17624f,1.224642,20.0,1,13820,1,1,0,0,1,0,0,0,0,0,0,0,0,1
1106,6,1465cd7785ad4ed1,1.963681,15.445696,0,13915,1,0,0,0,0,0,0,0,0,0,0,0,0,0
1107,6,76370a22930995eb,1.47524,15.082618,1,13853,1,1,0,0,0,0,0,0,0,0,0,0,0,1
1108,6,5bd6a734054cf9be,2.153552,14.822846,1,13835,1,0,0,0,1,0,0,0,0,0,0,0,0,0
1109,6,4eb0e70be216b8a1,1.617883,18.093539,1,13919,1,1,0,0,1,0,0,0,0,0,0,0,0,1
1110,6,85d6562bcd50fa96,2.259108,13.592999,0,14212,1,0,0,0,0,0,0,0,0,0,0,0,0,0
1111,6,74ace1f01470d742,1.697184,17.169601,1,13980,1,1,0,0,1,0,0,0,0,0,0,0,0,1
1112,6,07ea457c42b8ae96,2.320457,12.911785,0,13961,1,0,0,0,0,0,0,0,0,0,0,0,0,0
1113,6,6be4609552c6d999,2.786926,16.65783,1,13665,2,1,0,0,1,0,0,0,0,0,0,0,0,1
1114,6,8c3fcab5c4defc45,2.093713,19.472094,1,13844,1,1,0,0,1,0,0,0,0,0,0,0,0,1
1115,6,ac4fc3af7cc6626f,2.618653,14.643292,0,14050,1,0,0,0,0,0,0,0,0,0,0,0,0,0
1116,6,4c807ad2b6b0ebdd,1.967296,17.958647,1,13786,1,1,0,0,1,0,0,0,0,0,0,0,0,1
1117,6,46e6ca122d617fd3,2.521609,16.970505,1,13939,1,0,0,0,0,0,0,0,0,0,0,0,0,1
1118,6,8cc59a12f603fb5d,1.894391,16.22815,1,14041,1,1,0,0,1,0,0,0,0,0,0,0,0,0
1119,6,bd32d7faa6435175,2.468759,15.684302,1,13942,1,0,0,0,0,0,0,0,0,0,0,0,0,1
1120,6,f9f4bfb86fd0bc6e,1.854687,15.261874,1,13596,1,1,0,0,1,0,0,0,0,0,0,0,0,0
1121,6,1ef79d5316c7fe2f,1.393357,18.423365,1,14319,1,1,0,0,1,0,0,0,0,0,0,0,0,1
1122,6,bdff616b69310a56,2.091975,13.854633,0,13654,1,0,0,0,0,0,0,0,0,0,0,0,0,0
1123,6,d53a5c05a0794985,1.571622,17.366157,1,14341,1,1,0,0,1,0,0,0,0,0,0,0,0,1
1124,6,ccfe014c232d66b5,2.224354,13.046544,0,13812,1,0,0,0,0,0,0,0,0,0,0,0,0,0
1125,6,45f24fc75e80ed8a,1.671074,16.75907,1,13451,1,1,0,0,1,0,0,0,0,0,0,0,0,1
1126,6,70c17b89b74df729,2.300822,12.60306,0,14795,1,0,0,0,0,0,0,0,0,0,0,0,0,0
1127,6,31ec7a62f3104872,1.728522,16.425897,1,13712,1,1,0,0,1,0,0,0,0,0,0,0,0,1
1128,6,6eed02f8eca338c1,2.342227,12.340162,0,13412,1,0,0,0,0,0,0,0,0,0,0,0,0,0
1129,6,52829a1b3ff8d79b,2.805539,16.240981,1,14333,2,1,0,0,1,0,0,0,0,0,0,0,0,1
1130,6,865fbbfb601a1471,2.107696,15.680087,1,13884,1,1,0,0,0,0,0,0,0,0,0,0,0,1
1131,6,be21134c5bebfeed,2.627087,18.737552,1,13787,1,0,0,0,1,0,0,0,0,0,0,0,0,1
1132,6,ed68c0f900df6822,1.973632,17.555667,1,14137,1,1,0,0,1,0,0,0,0,0,0,0,0,0
1133,6,3f2b67df178a03c7,1.484199,20.0,1,13730,1,1,0,0,1,0,0,0,0,0,0,0,0,1
1134,6,cc0d003152c9740b,2.158677,15.147795,0,14437,1,0,0,0,0,0,0,0,0,0,0,0,0,0
1135,6,0e1882fd5a4a7950,1.621733,18.337661,1,13570,1,1,0,0,1,0,0,0,0,0,0,0,0,1
1136,6,ea10a2ea3a9e18ab,2.263717,17.270684,1,13888,1,0,0,0,0,0,0,0,0,0,0,0,0,1
1137,6,0cefa1568bbcab6e,2.744299,19.932508,1,14190,2,1,0,0,1,0,0,0,0,0,0,0,0,1
1138,6,78f7c49ee0892d4e,2.06169,18.453393,1,13770,1,1,0,0,1,0,0,0,0,0,0,0,0,0
1139,6,b0245e993bda2ea0,1.54887,17.342189,1,13799,1,1,0,0,0,0,0,0,0,0,0,0,0,1
1140,6,bc218e883f13e4cf,2.208923,16.522075,1,14236,1,0,0,0,1,0,0,0,0,0,0,0,0,0
1141,6,32d1dc8901108ff5,1.659481,19.370106,1,13577,1,1,0,0,1,0,0,0,0,0,0,0,0,1
1142,7,1fd48474a6be9a50,2.29036,14.552037,0,13948,1,0,0,0,0,0,0,0,0,0,0,0,0,0
1143,7,530e0ea8d92a6d51,1.722383,17.904342,1,13979,1,1,0,0,1,0,0,0,0,0,0,0,0,1
1144,7,9d91a06f605c6d81,1.293962,20.0,1,13836,1,1,0,0,1,0,0,0,0,0,0,0,0,1
1145,7,1bedfd585b1aa4b9,2.015759,15.332182,0,13733,1,0,0,0,0,0,0,0,0,0,0,0,0,0
1146,7,26a9669cba5af3ef,2.558017,18.476184,1,14414,2,1,0,0,1,0,0,0,0,0,0,0,0,1
1147,7,4f55c5e4b2d3c044,2.967816,17.374856,1,13847,1,0,0,0,0,0,0,0,0,0,0,0,0,1
1148,7,429a6cfc04b09590,1.185956,16.531924,1,14365,0,1,0,0,1,0,0,0,0,0,0,0,0,0
1149,7,bfd1095e82cc3b3f,0.890964,19.377506,1,13622,1,1,0,0,1,0,0,0,0,0,0,0,0,1
1150,7,e8a24dfe484cb614,1.714168,14.57216,0,13520,1,0,0,0,0,0,0,0,0,0,0,0,0,0
1151,7,a8eb40163c807ab7,2.331444,14.426364,1,14616,2,1,0,0,0,0,0,0,0,0,0,0,0,1
1152,7,b734eb68cadec0ba,2.79518,17.795677,1,13554,1,0,0,0,1,0,0,0,0,0,0,0,0,1
1153,7,03ed9d518f369873,2.099914,20.0,1,13616,1,1,0,0,1,0,0,0,0,0,0,0,0,1
1154,7,cd43fcebe8f5e6e6,1.579165,15.28613,0,14301,1,1,0,0,0,0,0,0,0,0,0,0,0,0
1155,7,338e1a6d9a9334b5,2.230021,18.441587,1,14030,1,0,0,0,1,0,0,0,0,0,0,0,0,1
1156,7,f71f04d2a5841727,1.675332,20.0,1,13546,1,1,0,0,1,0,0,0,0,0,0,0,0,1
1157,7,dab4ff966e399802,2.304024,15.651044,0,14275,1,0,0,0,0,0,0,0,0,0,0,0,0,0
1158,7,339e340883d8ecaf,1.730927,18.715733,1,13629,1,1,0,0,1,0,0,0,0,0,0,0,0,1
1159,7,0f3eea50b2030a66,1.300381,17.539275,1,14413,1,1,0,0,1,0,0,0,0,0,0,0,0,0
1160,7,157d3461e0a7f335,2.020581,16.655446,1,13740,1,0,0,0,0,0,0,0,0,0,0,0,0,1
1161,7,f1991b9aba19249f,1.519506,16.005635,1,13853,1,1,0,0,1,0,0,0,0,0,0,0,0,0
1162,7,f0cae4ef532c2023,1.141548,15.50328,1,14119,1,1,0,0,0,0,0,0,0,0,0,0,0,1
1163,7,7630abeab872e6cf,2.944909,18.604723,1,13846,2,0,0,0,1,0,0,0,0,0,0,0,0,1
1164,7,253c29c9cd31f14d,2.214613,20.0,1,13704,1,1,0,0,1,0,0,0,0,0,0,0,0,1
1165,7,1bcd43f2b236da2a,1.663756,19.219314,1,14054,1,1,0,0,0,0,0,0,0,0,0,0,0,1
1166,7,190012cb2cd5517d,2.293571,17.917597,1,13920,1,0,0,0,1,0,0,0,0,0,0,0,0,0
1167,7,752285f96761bfac,1.723074,20.0,1,13864,1,1,0,0,1,0,0,0,0,0,0,0,0,1
1168,7,8ce008444b943984,1.295776,18.835512,1,14199,1,1,0,0,0,0,0,0,0,0,0,0,0,1
1169,7,815cbd6616cc478f,2.017122,17.629261,1,13664,1,0,0,0,1,0,0,0,0,0,0,0,0,0
1170,7,ea182be542b69bac,1.515388,20.0,1,14032,1,1,0,0,1,0,0,0,0,0,0,0,0,1
1171,7,98558a7fe6a345e2,2.183744,18.672614,1,14049,1,0,0,0,0,0,0,0,0,0,0,0,0,1
1172,7,ea40987dff05550d,1.640565,17.506881,1,13485,1,1,0,0,1,0,0,0,0,0,0,0,0,0
1173,7,bd84d51435d6859a,1.232495,20.0,1,14624,1,1,0,0,1,0,0,0,0,0,0,0,0,1
1174,7,b3773e59edaae1a5,1.969581,15.107857,0,13583,1,0,0,0,0,0,0,0,0,0,0,0,0,0
1175,7,5dadae3439224eef,1.481153,18.322327,1,13594,1,1,0,0,1,0,0,0,0,0,0,0,0,1
1176,7,bf32681d9402a0dc,2.156388,13.764879,0,14680,1,0,0,0,0,0,0,0,0,0,0,0,0,0
1177,7,f7bd4e508f328e99,1.620014,17.298728,1,13477,1,1,0,0,1,0,0,0,0,0,0,0,0,1
1178,7,7c7cf98600a1ae76,2.262424,16.489392,1,13628,2,1,0,0,0,0,0,0,0,0,0,0,0,1
1179,7,4330f499d34eea83,2.743328,15.866708,1,14548,1,0,0,0,1,0,0,0,0,0,0,0,0,0
1180,7,574139667abb0c89,2.06096,18.877754,1,13637,1,1,0,0,1,0,0,0,0,0,0,0,0,1
1181,7,92baeeda50fe0e26,2.591975,17.660995,1,14097,1,0,0,0,0,0,0,0,0,0,0,0,0,1
1182,7,80a0120ed18f2275,1.949202,16.761822,1,13860,1,1,0,0,1,0,0,0,0,0,0,0,0,0
1183,7,9d84e6efc962d46c,1.464363,16.071375,1,14054,1,1,0,0,0,0,0,0,0,0,0,0,0,1
1184,7,7e27000adda5a2ae,2.143774,19.031512,1,13798,1,0,0,0,1,0,0,0,0,0,0,0,0,1
1185,7,d6305ecf789aa604,1.612149,17.79247,1,13974,1,1,0,0,1,0,0,0,0,0,0,0,0,0
1186,7,0dfeeb2fafb97a29,1.211147,20.0,1,13625,1,1,0,0,1,0,0,0,0,0,0,0,0,1
1187,7,28f425ac2b388d3c,1.953543,15.269042,0,14392,1,0,0,0,0,0,0,0,0,0,0,0,0,0
1188,7,f910b70780c7b8f7,1.467624,18.42875,1,13802,1,1,0,0,1,0,0,0,0,0,0,0,0,1
1189,7,79eecec24ccd7024,2.147825,20.0,1,13695,2,1,0,0,1,0,0,0,0,0,0,0,0,1
1190,7,69189b788a8d342d,1.61358,19.119896,1,14118,1,1,0,0,1,0,0,0,0,0,0,0,0,0
1191,7,f1e96ea7a36e0d03,2.255876,17.842908,1,14113,1,0,0,0,0,0,0,0,0,0,0,0,0,1
1192,7,c8a578fd7d03b1de,1.696451,20.0,1,13399,1,1,0,0,1,0,0,0,0,0,0,0,0,1
1193,7,a55b3aacea87068c,2.318133,18.788919,1,14372,1,0,0,0,0,0,0,0,0,0,0,0,0,1
1194,7,4484329fed67d255,1.741527,17.594257,1,13652,1,1,0,0,1,0,0,0,0,0,0,0,0,0
1195,7,a94a01c146d24e8a,2.351997,20.0,1,14437,2,1,0,0,1,0,0,0,0,0,0,0,0,1
1196,7,7cc803e032517fd4,2.812886,18.652838,1,13532,1,0,0,0,0,0,0,0,0,0,0,0,0,1
1197,7,732ddc3193e49959,2.113216,20.0,1,13826,1,1,0,0,1,0,0,0,0,0,0,0,0,1
1198,7,974532203b2dee49,1.58758,20.0,1,14402,1,1,0,0,1,0,0,0,0,0,0,0,0,1
1199,7,969a5d705d59b0ed,2.238034,17.079987,0,13690,1,0,0,0,0,0,0,0,0,0,0,0,0,0
1200,7,e9eff07273e48409,1.681351,19.789245,1,13721,1,1,0,0,1,0,0,0,0,0,0,0,0,1
1201,7,61d999bd71db7b91,2.306789,18.345765,1,14275,1,0,0,0,0,0,0,0,0,0,0,0,0,1
1202,7,5424022e44216fc3,1.733005,20.0,1,13742,1,1,0,0,1,0,0,0,0,0,0,0,0,1
1203,7,330c2feb0ab7284f,1.303244,15.596908,0,13799,1,1,0,0,0,0,0,0,0,0,0,0,0,0
1204,7,1b3fdb45d19951f0,3.066385,18.675063,1,14427,2,0,0,0,1,0,0,0,0,0,0,0,0,1
1205,7,98ec77d651a8c607,2.303661,17.508721,1,13474,1,1,0,0,1,0,0,0,0,0,0,0,0,0
1206,7,51c723f9d312e950,2.776536,16.64731,1,14148,1,0,0,0,0,0,0,0,0,0,0,0,0,1
1207,7,72b5eef91abfa8f2,2.085908,19.46419,1,14091,1,1,0,0,1,0,0,0,0,0,0,0,0,1
1208,7,af4bdc7657d656d9,1.567065,14.622719,0,13868,1,1,0,0,0,0,0,0,0,0,0,0,0,0
1209,7,64e02c5680bbeb9e,2.22093,17.943191,1,13992,1,0,0,0,1,0,0,0,0,0,0,0,0,1
1210,7,c6cbd4c8a183ae14,1.670171,16.974037,1,13671,1,1,0,0,1,0,0,0,0,0,0,0,0,0
1211,7,a9c881e6c1eaeca6,2.298391,16.230804,1,13978,1,0,0,0,0,0,0,0,0,0,0,0,0,1
1212,7,bc083e652dd131e6,1.726695,15.672441,1,14057,1,1,0,0,1,0,0,0,0,0,0,0,0,0
1213,7,afeac3465f716053,1.298499,18.746902,1,13804,1,1,0,0,1,0,0,0,0,0,0,0,0,1
1214,7,9de7917f73f5665f,3.062821,17.562691,1,13757,2,0,0,0,0,0,0,0,0,0,0,0,0,1
1215,7,fa68a4506a00c801,2.300983,20.0,1,14158,1,1,0,0,1,0,0,0,0,0,0,0,0,1
1216,7,60e4b7f70ad8149c,1.728642,15.139356,0,14142,1,1,0,0,0,0,0,0,0,0,0,0,0,0
1217,7,540ee59e39a43a58,2.344114,18.346015,1,13841,1,0,0,0,1,0,0,0,0,0,0,0,0,1
1218,7,ae27dfec4119893f,1.761045,20.0,1,13981,1,1,0,0,1,0,0,0,0,0,0,0,0,1
1219,7,50d9b441d6e1303a,2.366661,19.060305,1,13808,1,0,0,0,0,0,0,0,0,0,0,0,0,1
1220,7,00d1374a9a22da3a,1.779763,17.814123,1,14042,1,1,0,0,1,0,0,0,0,0,0,0,0,0
1221,7,255f7fa8fedc16bc,2.380723,16.861929,1,13892,1,0,0,0,0,0,0,0,0,0,0,0,0,1
1222,7,106f463ddcb05122,1.788548,16.146581,1,13602,1,1,0,0,1,0,0,0,0,0,0,0,0,0
1223,7,160b940953158132,1.343669,19.088012,1,14517,1,1,0,0,1,0,0,0,0,0,0,0,0,1
1224,7,3a7d11d2ae8e7e6b,2.054609,14.354457,0,13563,1,0,0,0,0,0,0,0,0,0,0,0,0,0
1225,7,75742d04a12d83c0,2.587204,17.741656,1,13808,2,1,0,0,1,0,0,0,0,0,0,0,0,1
1226,7,4bed84dc4c67ccd1,2.987323,16.807487,1,14319,1,0,0,0,0,0,0,0,0,0,0,0,0,1
1227,7,3d1a5c1bfce1c0e9,2.24651,19.600474,1,13533,1,1,0,0,1,0,0,0,0,0,0,0,0,1
1228,7,0a81783084cc7bee,1.687719,20.0,1,13751,1,1,0,0,1,0,0,0,0,0,0,0,0,1
1229,7,82c8873e16e2d8c7,1.26792,16.289471,0,14365,1,1,0,0,0,0,0,0,0,0,0,0,0,0
1230,7,1e94440a71993a93,1.996194,19.19536,1,13523,1,0,0,0,1,0,0,0,0,0,0,0,0,1
1231,7,84d750ed6334295f,1.501167,20.0,1,14204,1,1,0,0,1,0,0,0,0,0,0,0,0,1
1232,7,dc367c6223a7016b,2.171424,16.074156,0,14026,1,0,0,0,0,0,0,0,0,0,0,0,0,0
1233,7,2cc0200773afddc0,1.631309,19.033601,1,13788,1,1,0,0,1,0,0,0,0,0,0,0,0,1
1234,7,48468e111a9bca6f,1.226768,20.0,1,13923,1,1,0,0,1,0,0,0,0,0,0,0,0,1
1235,7,32ed8e3557a324d1,1.965278,15.982769,0,13839,1,0,0,0,0,0,0,0,0,0,0,0,0,0
1236,7,909201e3ffb2aa73,1.47644,18.964946,1,13976,1,1,0,0,1,0,0,0,0,0,0,0,0,1
1237,7,9963bb2f62f94f48,3.196501,17.726499,1,14342,2,0,0,0,0,0,0,0,0,0,0,0,0,1
1238,7,f566322e418e3713,2.403814,20.0,1,13577,1,1,0,0,1,0,0,0,0,0,0,0,0,1
1239,7,81ccc786a751bde3,1.805896,18.723153,1,13785,1,1,0,0,1,0,0,0,0,0,0,0,0,0
1240,7,6abce400cba3fa18,2.400355,17.544849,1,14030,1,0,0,0,0,0,0,0,0,0,0,0,0,1
1241,7,092c96675640792a,1.805101,16.674478,1,14017,1,1,0,0,1,0,0,0,0,0,0,0,0,0
1242,7,ce20d5d3416f5826,2.399759,16.005757,1,14211,1,0,0,0,0,0,0,0,0,0,0,0,0,1
1243,7,cac2813cd650699b,1.802849,15.503371,1,13825,1,1,0,0,1,0,0,0,0,0,0,0,0,0
1244,7,a342a6829d486d03,1.354413,18.604792,1,13941,1,1,0,0,1,0,0,0,0,0,0,0,0,1
1245,7,fcfb852747fd0717,2.062688,13.991069,0,13767,1,0,0,0,0,0,0,0,0,0,0,0,0,0
1246,7,48c167b5a0d69323,1.549621,17.468656,1,14132,1,1,0,0,1,0,0,0,0,0,0,0,0,1
1247,7,60b670de169e4c59,2.207825,13.123548,0,13610,1,0,0,0,0,0,0,0,0,0,0,0,0,0
1248,7,80c2c09cddb27c91,2.704467,16.830099,1,14444,2,1,0,0,1,0,0,0,0,0,0,0,0,1
1249,7,fc3f48c4974eb858,2.031765,19.601513,1,13744,1,1,0,0,1,0,0,0,0,0,0,0,0,1
1250,7,0291a4c2c6e09e68,2.570042,18.204729,1,13733,1,0,0,0,0,0,0,0,0,0,0,0,0,1
1251,7,dea37740a700acad,1.930777,20.0,1,14091,1,1,0,0,1,0,0,0,0,0,0,0,0,1
1252,7,7895974d20ddf32b,2.496122,15.517228,0,13778,1,0,0,0,0,0,0,0,0,0,0,0,0,0
1253,7,f587c97b6a920315,1.875243,18.615203,1,14369,1,1,0,0,1,0,0,0,0,0,0,0,0,1
1254,7,95a9bc36364b0cab,1.4088,20.0,1,13616,1,1,0,0,1,0,0,0,0,0,0,0,0,1
1255,7,6911e95e9de89087,2.103588,15.74913,0,13705,1,0,0,0,0,0,0,0,0,0,0,0,0,0
1256,7,accc69e0bdf806d8,1.580347,18.789422,1,14261,1,1,0,0,1,0,0,0,0,0,0,0,0,1
1257,7,9fbf6995f3f131e8,2.230909,14.11579,0,13793,1,0,0,0,0,0,0,0,0,0,0,0,0,0
1258,7,7cea65775ed85ad8,2.719652,17.562354,1,13637,2,1,0,0,1,0,0,0,0,0,0,0,0,1
1259,7,a5026f7538a1d289,1.001067,16.687643,1,14144,0,1,0,0,1,0,0,0,0,0,0,0,0,0
1260,7,8b34f894b45e9a39,2.839371,16.015647,1,14078,2,0,0,0,0,0,0,0,0,0,0,0,0,1
1261,7,725fe4ebd64bcf0d,2.133113,18.989646,1,13716,1,1,0,0,1,0,0,0,0,0,0,0,0,1
1262,7,a82b3b2413b0efc1,1.604131,20.0,1,14062,1,1,0,0,1,0,0,0,0,0,0,0,0,1
1263,7,2812551e77d6a616,2.248777,15.957935,0,13855,1,0,0,0,0,0,0,0,0,0,0,0,0,0
1264,7,46333a9e411e1fcf,1.689422,18.946289,1,13894,1,1,0,0,1,0,0,0,0,0,0,0,0,1
1265,7,45cb7289975ea1d6,1.2692,14.233639,0,13991,1,1,0,0,0,0,0,0,0,0,0,0,0,0
1266,7,89296aa1e5a1b005,1.998607,17.664903,1,13907,1,0,0,0,1,0,0,0,0,0,0,0,0,1
1267,7,e5e2c38e41aac85a,1.501479,16.749826,1,14107,1,1,0,0,1,0,0,0,0,0,0,0,0,0
1268,7,158f1c213f718720,2.171658,16.062362,1,13856,1,0,0,0,0,0,0,0,0,0,0,0,0,1
1269,7,c9446554e18f8de4,1.633118,15.559627,1,13690,1,1,0,0,1,0,0,0,0,0,0,0,0,0
1270,7,fc74780a20ab1e4f,2.270554,15.168211,1,14114,1,0,0,0,0,0,0,0,0,0,0,0,0,1
1271,7,d98fe72f501a5492,2.749436,18.352999,1,13910,2,1,0,0,1,0,0,0,0,0,0,0,0,1
1272,7,86242f34aaac0281,2.065548,20.0,1,13990,1,1,0,0,1,0,0,0,0,0,0,0,0,1
1273,7,c27558c0747d6a27,1.553322,15.600995,0,14131,1,1,0,0,0,0,0,0,0,0,0,0,0,0
1274,7,5bce455c89b56689,2.210606,18.678133,1,13777,1,0,0,0,1,0,0,0,0,0,0,0,0,1
1275,7,44e5d36a8b7f88d7,1.660746,20.0,1,13601,1,1,0,0,1,0,0,0,0,0,0,0,0,1
1276,7,d1e80d30eaf3be9e,2.293055,15.784683,0,14445,1,0,0,0,0,0,0,0,0,0,0,0,0,0
1277,7,e162e8b48e942c98,1.722686,18.816132,1,13499,1,1,0,0,1,0,0,0,0,0,0,0,0,1
1278,7,8f015dba11cf00de,2.337843,14.135856,0,14702,1,0,0,0,0,0,0,0,0,0,0,0,0,0
1279,7,7675b0896c0a468b,1.756334,17.577429,1,13405,1,1,0,0,1,0,0,0,0,0,0,0,0,1
1280,7,be2df9cd74ca56ba,2.364939,13.218477,0,13702,1,0,0,0,0,0,0,0,0,0,0,0,0,0
1281,7,225ee142cd1e6db7,1.77669,16.888237,1,14496,1,1,0,0,1,0,0,0,0,0,0,0,0,1
1282,7,57b41a9ef376bbb0,2.378414,19.64519,1,13732,2,1,0,0,1,0,0,0,0,0,0,0,0,1
1283,7,654c574a2a1e27ff,2.832752,14.773463,0,13498,1,0,0,0,0,0,0,0,0,0,0,0,0,0
1284,7,d537be5639c69b1f,2.128141,18.05644,1,14337,1,1,0,0,1,0,0,0,0,0,0,0,0,1
1285,7,72779cb5e9871f22,2.642446,13.565128,0,13822,1,0,0,0,0,0,0,0,0,0,0,0,0,0
1286,7,62846244ef5dd3a0,1.985171,17.148663,1,13948,1,1,0,0,1,0,0,0,0,0,0,0,0,1
1287,7,e1e720fdfd88da72,1.492877,19.857042,1,13730,1,1,0,0,1,0,0,0,0,0,0,0,0,1
1288,7,0517a3ebf3a52bfc,2.165196,14.917853,0,14372,1,0,0,0,0,0,0,0,0,0,0,0,0,0
1289,7,9e367f6e0995bd02,1.626631,18.164915,1,13934,1,1,0,0,1,0,0,0,0,0,0,0,0,1
1290,7,ec27ae94916dfb19,1.223249,20.0,1,13600,1,1,0,0,1,0,0,0,0,0,0,0,0,1
1291,8,1fd48474a6be9a50,1.962635,15.491995,0,13810,1,0,0,0,0,0,0,0,0,0,0,0,0,0
1292,8,530e0ea8d92a6d51,1.474454,18.596246,1,14311,1,1,0,0,1,0,0,0,0,0,0,0,0,1
1293,8,9d91a06f605c6d81,3.195009,17.449509,1,13825,2,0,0,0,0,0,0,0,0,0,0,0,0,1
1294,8,1bedfd585b1aa4b9,2.402692,16.602781,1,13668,1,1,0,0,1,0,0,0,0,0,0,0,0,0
1295,8,26a9669cba5af3ef,1.805053,19.430738,1,14448,1,1,0,0,1,0,0,0,0,0,0,0,0,1
1296,8,4f55c5e4b2d3c044,2.399722,14.597587,0,13698,1,0,0,0,0,0,0,0,0,0,0,0,0,0
1297,8,429a6cfc04b09590,1.804625,17.938597,1,13696,1,1,0,0,1,0,0,0,0,0,0,0,0,1
1298,8,bfd1095e82cc3b3f,1.355748,13.476597,0,14191,1,1,0,0,0,0,0,0,0,0,0,0,0,0
1299,8,e8a24dfe484cb614,2.062176,17.082153,1,13718,1,0,0,0,1,0,0,0,0,0,0,0,0,1
1300,8,a8eb40163c807ab7,1.549236,16.312027,1,14222,1,1,0,0,1,0,0,0,0,0,0,0,0,0
1301,8,b734eb68cadec0ba,1.165047,19.22788,1,13824,1,1,0,0,1,0,0,0,0,0,0,0,0,1
1302,8,03ed9d518f369873,1.91891,14.445188,0,13891,1,0,0,0,0,0,0,0,0,0,0,0,0,0
1303,8,cd43fcebe8f5e6e6,1.441605,17.809819,1,14354,1,1,0,0,1,0,0,0,0,0,0,0,0,1
1304,8,338e1a6d9a9334b5,2.128258,16.873739,1,13512,1,0,0,0,0,0,0,0,0,0,0,0,0,1
1305,8,f71f04d2a5841727,1.598881,16.155454,1,13809,1,1,0,0,1,0,0,0,0,0,0,0,0,0
1306,8,dab4ff966e399802,2.244833,19.094678,1,14281,2,1,0,0,1,0,0,0,0,0,0,0,0,1
1307,8,339e340883d8ecaf,2.730112,17.823962,1,13734,1,0,0,0,0,0,0,0,0,0,0,0,0,1
1308,8,0f3eea50b2030a66,2.053083,20.0,1,13401,1,1,0,0,1,0,0,0,0,0,0,0,0,1
1309,8,157d3461e0a7f335,1.542405,18.778215,1,14804,1,1,0,0,1,0,0,0,0,0,0,0,0,0
1310,8,f1991b9aba19249f,2.202404,17.586216,1,13606,1,0,0,0,0,0,0,0,0,0,0,0,0,1
1311,8,f0cae4ef532c2023,1.656239,16.705587,1,13582,1,1,0,0,1,0,0,0,0,0,0,0,0,0
1312,8,7630abeab872e6cf,2.287924,16.029127,1,14215,1,0,0,0,0,0,0,0,0,0,0,0,0,1
1313,8,253c29c9cd31f14d,1.718832,15.520929,1,14072,1,1,0,0,1,0,0,0,0,0,0,0,0,0
1314,8,1bcd43f2b236da2a,1.291294,18.617982,1,14062,1,1,0,0,1,0,0,0,0,0,0,0,0,1
1315,8,190012cb2cd5517d,2.015222,14.000988,0,13483,1,0,0,0,0,0,0,0,0,0,0,0,0,0
1316,8,752285f96761bfac,1.513961,17.476108,1,14042,1,1,0,0,1,0,0,0,0,0,0,0,0,1
1317,8,8ce008444b943984,2.181036,16.607991,1,14138,1,0,0,0,0,0,0,0,0,0,0,0,0,1
1318,8,815cbd6616cc478f,1.64017,15.969948,1,13620,1,1,0,0,1,0,0,0,0,0,0,0,0,0
1319,8,ea182be542b69bac,1.232198,18.955314,1,13560,1,1,0,0,1,0,0,0,0,0,0,0,0,1
1320,8,98558a7fe6a345e2,1.969358,17.719263,1,14513,1,0,0,0,0,0,0,0,0,0,0,0,0,1
1321,8,ea40987dff05550d,2.523158,20.0,1,13711,2,1,0,0,1,0,0,0,0,0,0,0,0,1
1322,8,bd84d51435d6859a,2.941602,15.24296,0,13697,1,0,0,0,0,0,0,0,0,0,0,0,0,0
1323,8,b3773e59edaae1a5,2.209915,18.409155,1,14386,1,1,0,0,1,0,0,0,0,0,0,0,0,1
1324,8,5dadae3439224eef,2.70388,17.308954,1,13461,1,0,0,0,0,0,0,0,0,0,0,0,0,1
1325,8,3a65bdaf7fd2e05b,2.033356,16.497082,1,14485,1,1,0,0,1,0,0,0,0,0,0,0,0,0
1326,8,9c942d99de55188c,1.527585,19.35133,1,13482,1,1,0,0,1,0,0,0,0,0,0,0,0,1
1327,8,30873601b573427a,2.191271,14.537931,0,13717,1,0,0,0,0,0,0,0,0,0,0,0,0,0
1328,8,1aeffc9998f43d0f,1.64622,17.879493,1,14520,1,1,0,0,1,0,0,0,0,0,0,0,0,1
1329,8,151cbd0be88935fb,1.237981,16.926135,1,13673,1,1,0,0,1,0,0,0,0,0,0,0,0,0
1330,8,73d5539c1889c3b4,1.973702,16.194817,1,13910,1,0,0,0,0,0,0,0,0,0,0,0,0,1
1331,8,d1ebb173c5c63af2,1.482768,15.645405,1,14328,1,1,0,0,1,0,0,0,0,0,0,0,0,0
1332,8,77b5c38872296fa3,1.115063,15.246069,1,13425,1,1,0,0,0,0,0,0,0,0,0,0,0,1
1333,8,d80b9172be2a12d8,1.881359,14.932647,1,13768,1,0,0,0,1,0,0,0,0,0,0,0,0,0
1334,8,f4f032b1f9c37973,1.413394,18.176028,1,14385,1,1,0,0,1,0,0,0,0,0,0,0,0,1
1335,8,ff62a6d754c2d78c,2.105484,20.0,1,13637,2,1,0,0,1,0,0,0,0,0,0,0,0,1
1336,8,886eda82314f66c9,2.627504,15.501014,0,13930,1,0,0,0,0,0,0,0,0,0,0,0,0,0
1337,8,bdf35c76ee169e43,1.973946,18.603021,1,14266,1,1,0,0,1,0,0,0,0,0,0,0,0,1
1338,8,1d5692c033d330d0,1.482952,13.975754,0,13744,1,1,0,0,0,0,0,0,0,0,0,0,0,0
1339,8,17add1e00223f913,2.159351,17.47097,1,13883,1,0,0,0,1,0,0,0,0,0,0,0,0,1
1340,8,1aaadfc52927b688,1.62224,16.604131,1,14076,1,1,0,0,1,0,0,0,0,0,0,0,0,0
1341,8,aea3b106fdc66c30,2.262382,15.952907,1,13884,1,0,0,0,0,0,0,0,0,0,0,0,0,1
1342,8,3ded3997f419a726,1.699643,15.463668,1,13975,1,1,0,0,1,0,0,0,0,0,0,0,0,0
1343,8,6e0ece93dd5b4aab,1.278156,18.589902,1,13786,1,1,0,0,1,0,0,0,0,0,0,0,0,1
1344,8,e0ae1e5b216e0e1d,2.003884,13.965898,0,13753,1,0,0,0,0,0,0,0,0,0,0,0,0,0
1345,8,babc87e9c4446047,1.505443,17.449746,1,14360,1,1,0,0,1,0,0,0,0,0,0,0,0,1
1346,8,89863576d84bd081,2.176265,13.122458,0,13572,1,0,0,0,0,0,0,0,0,0,0,0,0,0
1347,8,158acc439312efd7,1.634947,16.816101,1,13554,1,1,0,0,1,0,0,0,0,0,0,0,0,1
1348,8,6096a3ca8bee074b,2.271928,19.590997,1,14472,2,1,0,0,1,0,0,0,0,0,0,0,0,1
1349,8,100feb87bb36438a,2.750468,18.196828,1,13711,1,0,0,0,0,0,0,0,0,0,0,0,0,1
1350,8,9a3f4186455c38d8,2.068391,20.0,1,14433,1,1,0,0,1,0,0,0,0,0,0,0,0,1
1351,8,9caa04ced0e9a069,2.597558,15.510025,0,13525,1,0,0,0,0,0,0,0,0,0,0,0,0,0
1352,8,19ae6afb19a64d19,1.951448,18.609791,1,13725,1,1,0,0,1,0,0,0,0,0,0,0,0,1
1353,8,77e96a547dd28f94,2.511667,20.0,1,14348,2,1,0,0,1,0,0,0,0,0,0,0,0,1
1354,8,05d092e1bca11d4c,2.930575,19.222177,1,13660,1,0,0,0,0,0,0,0,0,0,0,0,0,1
1355,8,3ddc0b2379a7aafb,2.201632,17.919748,1,13790,1,1,0,0,1,0,0,0,0,0,0,0,0,0
1356,8,1d8b7973bc9543cd,0.61035,16.941281,1,14410,0,1,0,0,1,0,0,0,0,0,0,0,0,0
1357,8,d9b952cbad788a8e,1.503143,16.220587,1,13680,1,0,0,0,0,0,0,0,0,0,0,0,0,1
1358,8,084240d094492738,1.129255,15.664765,1,13752,1,1,0,0,1,0,0,0,0,0,0,0,0,0
1359,8,0b62003d91fe1b84,0.848367,18.726041,1,14352,1,1,0,0,1,0,0,0,0,0,0,0,0,1
1360,8,8f4333bc415824bb,2.726285,17.562752,1,13558,2,0,0,0,0,0,0,0,0,0,0,0,0,1
1361,8,9a5a4f188bd22302,1.004503,16.673083,1,14242,0,1,0,0,1,0,0,0,0,0,0,0,0,0
1362,8,1870fd0d1a70351e,0.754645,12.525864,0,13810,1,1,0,0,0,0,0,0,0,0,0,0,0,0
1363,8,1e8d4862819e0143,1.61059,16.367903,1,13899,1,0,0,0,1,0,0,0,0,0,0,0,0,1
1364,8,0fe61b016f4823bb,1.211187,15.789398,1,13830,1,1,0,0,1,0,0,0,0,0,0,0,0,0
1365,8,5a561bf54b48ab1d,0.909919,15.340829,1,14270,1,1,0,0,0,0,0,0,0,0,0,0,0,1
1366,8,7f29f0aa6e590fa7,2.770895,18.48268,1,13696,2,0,0,0,1,0,0,0,0,0,0,0,0,1
1367,8,51811ff1088637ba,2.083753,20.0,1,14014,1,1,0,0,1,0,0,0,0,0,0,0,0,1
1368,8,221bd9296b06e569,2.609099,15.67152,0,13910,1,0,0,0,0,0,0,0,0,0,0,0,0,0
1369,8,2c0dd3853383616e,1.960118,18.731116,1,14000,1,1,0,0,1,0,0,0,0,0,0,0,0,1
1370,8,3ddd1377776c155d,1.472564,17.550832,1,14195,1,1,0,0,1,0,0,0,0,0,0,0,0,0
1371,8,f143c05ff86bc1cf,2.151539,16.678978,1,13628,1,0,0,0,0,0,0,0,0,0,0,0,0,1
1372,8,7d5e9e610682f9f5,1.616371,16.009137,1,13955,1,1,0,0,1,0,0,0,0,0,0,0,0,0
1373,8,eaabdd9009c56cc9,2.257973,15.505911,1,14095,1,0,0,0,0,0,0,0,0,0,0,0,0,1
1374,8,f9c5ac96956ec31c,1.698028,15.141167,1,13421,1,1,0,0,1,0,0,0,0,0,0,0,0,0
1375,8,4a4cf35c5ff9274b,1.275665,18.332682,1,14527,1,1,0,0,1,0,0,0,0,0,0,0,0,1
1376,8,b16e42d9f6fc7e21,2.002012,13.772659,0,13669,1,0,0,0,0,0,0,0,0,0,0,0,0,0
1377,8,9c42ded24325e355,1.504037,17.304573,1,13630,1,1,0,0,1,0,0,0,0,0,0,0,0,1
1378,8,c4c8968aabe394d2,1.131057,16.493787,1,14498,1,1,0,0,1,0,0,0,0,0,0,0,0,0
1379,8,3c36b1b5995cec37,1.893374,15.87001,1,13594,1,0,0,0,0,0,0,0,0,0,0,0,0,1
1380,8,480049e90ff50122,1.422421,18.880234,1,13799,1,1,0,0,1,0,0,0,0,0,0,0,0,1
1381,8,059eed1e545761f6,2.113832,17.678707,1,14286,2,1,0,0,0,0,0,0,0,0,0,0,0,1
1382,8,d41fea9b3939dc9c,2.631696,16.760196,1,13569,1,0,0,0,1,0,0,0,0,0,0,0,0,0
1383,8,30fe94d4b4d18fa3,1.977095,19.548998,1,13955,1,1,0,0,1,0,0,0,0,0,0,0,0,1
1384,8,92db016c1aaf5b77,2.528971,18.165276,1,14296,1,0,0,0,0,0,0,0,0,0,0,0,0,1
1385,8,ce947c10ebc52100,1.901822,17.141048,1,13752,1,1,0,0,1,0,0,0,0,0,0,0,0,0
1386,8,fde5c5dd8b3ac818,1.428768,19.835118,1,14180,1,1,0,0,1,0,0,0,0,0,0,0,0,1
1387,8,e7d194c07d691da1,2.117033,14.901382,0,13795,1,0,0,0,0,0,0,0,0,0,0,0,0,0
1388,8,781fb0e9d6e1d18d,1.592039,18.167055,1,13903,1,1,0,0,1,0,0,0,0,0,0,0,0,1
1389,8,5073e52be71e5d55,2.239693,13.64823,0,13877,1,0,0,0,0,0,0,0,0,0,0,0,0,0
1390,8,9a98202ed12d2863,1.682598,17.211094,1,14276,1,1,0,0,1,0,0,0,0,0,0,0,0,1
1391,8,2c3e914c8cc4b55b,1.264073,16.408896,1,13419,1,1,0,0,1,0,0,0,0,0,0,0,0,0
1392,8,03ac9934541c0b73,1.994751,15.820225,1,14015,1,0,0,0,0,0,0,0,0,0,0,0,0,1
1393,8,cfc2c9d500d3ce27,1.498582,15.363988,1,13945,1,1,0,0,1,0,0,0,0,0,0,0,0,0
1394,8,702bed25791d8fa2,2.169482,15.021235,1,13780,2,1,0,0,0,0,0,0,0,0,0,0,0,1
1395,8,6fb2b1c3e306f91e,2.675632,18.257186,1,14367,1,0,0,0,1,0,0,0,0,0,0,0,0,1
1396,8,7c3969a4124bb5bf,2.010102,20.0,1,13695,1,1,0,0,1,0,0,0,0,0,0,0,0,1
1397,8,c988fbb9c4873576,1.510115,15.531326,0,14143,1,1,0,0,0,0,0,0,0,0,0,0,0,0
1398,8,debc39435491e638,1.134493,15.146949,1,14033,0,0,0,0,1,0,0,0,0,0,0,0,0,0
1399,8,457a5c052f0819a5,0.853155,18.351725,1,13599,1,1,0,0,1,0,0,0,0,0,0,0,0,1
1400,8,7cb4dead3afa39da,2.72825,17.265809,1,14302,2,0,0,0,0,0,0,0,0,0,0,0,0,1
1401,8,b2317dacc58e1114,2.049632,19.928846,1,13731,1,1,0,0,1,0,0,0,0,0,0,0,0,1
1402,8,38b3fc714536e8ff,1.541353,18.467278,1,13880,1,1,0,0,1,0,0,0,0,0,0,0,0,0
1403,8,55b2d419601aaca3,2.201614,17.35262,1,14175,1,0,0,0,0,0,0,0,0,0,0,0,0,1
1404,8,e34a06efa19242cb,1.65399,19.994064,1,13877,1,1,0,0,1,0,0,0,0,0,0,0,0,1
1405,8,570906e5b461051d,1.242581,18.499637,1,13663,1,1,0,0,1,0,0,0,0,0,0,0,0,0
1406,8,4fc14a1659654b28,3.02274,17.392493,1,14323,2,0,0,0,0,0,0,0,0,0,0,0,0,1
1407,8,dc5ddadfbf71bad7,2.270871,20.0,1,13519,1,1,0,0,1,0,0,0,0,0,0,0,0,1
1408,8,507447c8e40cbe20,2.749674,18.522141,1,14277,1,0,0,0,0,0,0,0,0,0,0,0,0,1
1409,8,ac51653a488cd425,2.067794,17.409416,1,13830,1,1,0,0,1,0,0,0,0,0,0,0,0,0
1410,8,68a9ba6cbd59ea15,1.553456,16.557888,1,13871,1,1,0,0,0,0,0,0,0,0,0,0,0,1
1411,8,d1cfe82a9ed2b151,2.210707,15.918167,1,14280,1,0,0,0,1,0,0,0,0,0,0,0,0,0
1412,8,533eb9a837c22723,1.660822,18.916413,1,13691,1,1,0,0,1,0,0,0,0,0,0,0,0,1
1413,8,b36cca4a8db888c2,1.248962,14.225412,0,13731,1,1,0,0,0,0,0,0,0,0,0,0,0,0
1414,8,2d70a230c48ba238,1.981951,17.644709,1,14095,1,0,0,0,1,0,0,0,0,0,0,0,0,1
1415,8,1b9429903921e1ca,1.488966,16.734655,1,14142,1,1,0,0,1,0,0,0,0,0,0,0,0,0
1416,8,25fa56499db4526a,3.208025,16.065201,1,13472,2,0,0,0,0,0,0,0,0,0,0,0,0,1
1417,8,a1dd144609b97469,1.366416,19.026874,1,13985,0,1,0,0,1,0,0,0,0,0,0,0,0,1
1418,8,3d6541b4eeb1de03,1.026537,17.773024,1,14247,1,1,0,0,1,0,0,0,0,0,0,0,0,0
1419,8,66e87a3d554f380e,2.858506,16.831053,1,13972,2,0,0,0,0,0,0,0,0,0,0,0,0,1
1420,8,dfe1c1676a692900,2.149637,19.618195,1,13845,1,1,0,0,1,0,0,0,0,0,0,0,0,1
1421,8,7b9049f8ab9c8008,2.658595,18.217261,1,13708,1,0,0,0,0,0,0,0,0,0,0,0,0,1
1422,8,dca4584c37be2c1a,1.997303,20.0,1,14404,1,1,0,0,1,0,0,0,0,0,0,0,0,1
1423,8,88665c86bcab0e81,1.502,19.00481,1,13578,1,1,0,0,1,0,0,0,0,0,0,0,0,0
1424,8,c86a50bf547ce105,2.17205,17.756448,1,13729,1,0,0,0,0,0,0,0,0,0,0,0,0,1
1425,8,5fbb62f9954d7bdb,1.63178,20.0,1,14365,1,1,0,0,1,0,0,0,0,0,0,0,0,1
1426,8,04668a20bacfd68f,1.225895,18.727556,1,13684,1,1,0,0,1,0,0,0,0,0,0,0,0,0
1427,8,0a0c2c9285f3e317,1.966041,17.563891,1,13728,1,0,0,0,0,0,0,0,0,0,0,0,0,1
1428,8,affb649caeebbb9a,1.477013,20.0,1,14236,1,1,0,0,1,0,0,0,0,0,0,0,0,1
1429,8,ba05c4a13797c328,3.196932,18.618877,1,13644,2,0,0,0,0,0,0,0,0,0,0,0,0,1
1430,8,27378726e6d14d7b,2.404138,20.0,1,13947,1,1,0,0,1,0,0,0,0,0,0,0,0,1
1431,8,62cdd9ac858bce3d,2.849792,15.748466,0,14179,1,0,0,0,0,0,0,0,0,0,0,0,0,0
1432,8,8c12a1efc80faf75,2.140943,18.788923,1,13706,1,1,0,0,1,0,0,0,0,0,0,0,0,1
1433,8,0fdd316da31408b9,1.60841,17.59426,1,14383,1,1,0,0,1,0,0,0,0,0,0,0,0,0
1434,8,ee57a3f890c065d9,1.209547,20.0,1,13563,1,1,0,0,1,0,0,0,0,0,0,0,0,1
1435,8,4d1403f4995693b2,1.952341,15.169598,0,13826,1,0,0,0,0,0,0,0,0,0,0,0,0,0
1436,8,188336e7ef534b81,1.466721,18.354041,1,14232,1,1,0,0,1,0,0,0,0,0,0,0,0,1
1437,8,4b5b382bf615a1f1,2.147145,17.283002,1,13810,1,0,0,0,0,0,0,0,0,0,0,0,0,1
1438,8,5aab4d04366b8efa,1.61307,16.462918,1,13860,1,1,0,0,1,0,0,0,0,0,0,0,0,0
1439,8,9e446aa56d8b7cb2,2.255493,19.325664,1,14162,2,1,0,0,1,0,0,0,0,0,0,0,0,1
1440,8,603da7470fa4bd5d,2.738121,17.997493,1,13976,1,0,0,0,0,0,0,0,0,0,0,0,0,1
1441,8,0f0318a3d4ece8b5,2.059106,17.014873,1,13568,1,1,0,0,1,0,0,0,0,0,0,0,0,0
1442,8,e5e52f870c52a86d,1.546929,19.740327,1,14258,1,1,0,0,1,0,0,0,0,0,0,0,0,1
1443,8,cd0b666839fbab7d,2.205803,14.83017,0,14004,1,0,0,0,0,0,0,0,0,0,0,0,0,0
1444,8,ae202cc35c2aeb7a,1.658796,18.113503,1,13889,1,1,0,0,1,0,0,0,0,0,0,0,0,1
1445,8,5a71743fb2b70fa3,1.246191,17.086842,1,14024,1,1,0,0,1,0,0,0,0,0,0,0,0,0
1446,8,152de56ca1abf7dc,0.936217,12.836705,0,13750,0,0,0,0,0,0,0,0,0,0,0,0,0,0
1447,8,884217a02f3b4be8,1.746998,16.601426,1,14418,2,1,0,0,1,0,0,0,0,0,0,0,0,1
1448,8,1d447a986741451f,2.357918,15.965011,1,13585,1,0,0,0,0,0,0,0,0,0,0,0,0,1
1449,8,b85a3456f636bab5,1.771416,18.951605,1,13651,1,1,0,0,1,0,0,0,0,0,0,0,0,1
1450,8,797e301b280d97b1,2.374452,14.237632,0,14517,1,0,0,0,0,0,0,0,0,0,0,0,0,0
1451,8,1028125eb6c08948,1.785622,17.667906,1,13585,1,1,0,0,1,0,0,0,0,0,0,0,0,1
1452,8,05578c481214b1d9,1.341471,20.0,1,13664,1,1,0,0,1,0,0,0,0,0,0,0,0,1
1453,8,f0b77858a3acbd1d,3.095103,18.677583,1,14042,2,0,0,0,0,0,0,0,0,0,0,0,0,1
1454,8,6c63ab0d5755d5a1,2.325236,14.03177,0,13933,1,1,0,0,0,0,0,0,0,0,0,0,0,0
1455,8,0cfc0a3281de0dae,2.792761,17.513094,1,14332,1,0,0,0,1,0,0,0,0,0,0,0,0,1
1456,8,7250743c791e8016,2.098097,16.635778,1,13835,1,1,0,0,1,0,0,0,0,0,0,0,0,0
1457,8,1509a0b823f793ac,2.619875,15.976682,1,13629,1,0,0,0,0,0,0,0,0,0,0,0,0,1
1458,8,0c39d1c2403c6bd5,1.970183,15.495195,1,14451,1,1,0,0,1,0,0,0,0,0,0,0,0,0
1459,8,84f1ca4dc19f7a24,1.480125,18.598649,1,13449,1,1,0,0,1,0,0,0,0,0,0,0,0,1
1460,8,42c494f5f0dbb22b,2.155616,17.451315,1,13982,1,0,0,0,0,0,0,0,0,0,0,0,0,1
1461,8,c0e5116cf51b1097,1.619434,16.589365,1,14280,1,1,0,0,1,0,0,0,0,0,0,0,0,0
1462,8,7dca2a90738952e5,1.217837,19.436442,1,13582,1,1,0,0,1,0,0,0,0,0,0,0,0,1
1463,8,8ed2655df8a48067,1.958569,18.080717,1,13868,1,0,0,0,0,0,0,0,0,0,0,0,0,1
1464,8,8283f471acc61ef0,1.4714,17.062211,1,14366,1,1,0,0,1,0,0,0,0,0,0,0,0,0
1465,8,ad07b00b1e58a484,2.150664,16.311528,1,13644,1,0,0,0,0,0,0,0,0,0,0,0,0,1
1466,8,5cc8ba96e0d47497,1.615713,15.733086,1,13621,1,1,0,0,1,0,0,0,0,0,0,0,0,0
1467,8,17b5e9230e01a85f,2.257478,15.298524,1,14444,1,0,0,0,0,0,0,0,0,0,0,0,0,1
1468,8,af443e4f4c3ae8b4,1.695959,14.972053,1,13896,1,1,0,0,1,0,0,0,0,0,0,0,0,0
1469,8,285dcff2a81aa4b3,2.319536,14.739699,1,13888,2,1,0,0,0,0,0,0,0,0,0,0,0,1
1470,8,3267b9a56e84d1bf,1.742581,18.031074,1,13797,0,0,0,0,1,0,0,0,0,0,0,0,0,1
1471,8,81ac4b73b043d921,2.352789,20.0,1,13970,2,1,0,0,1,0,0,0,0,0,0,0,0,1
1472,8,304cddad63979d30,2.813481,15.41912,0,14257,1,0,0,0,0,0,0,0,0,0,0,0,0,0
1473,8,455fd31bca8fb01d,2.113663,18.541498,1,13531,1,1,0,0,1,0,0,0,0,0,0,0,0,1
1474,8,144bbca378b8b707,2.63157,13.929534,0,13918,1,0,0,0,0,0,0,0,0,0,0,0,0,0
1475,8,a2a706d88b7c86ef,1.977,17.422427,1,14375,1,1,0,0,1,0,0,0,0,0,0,0,0,1
1476,8,1b8f436fd45fcbef,2.530883,13.101914,0,13548,1,0,0,0,0,0,0,0,0,0,0,0,0,0
1477,8,0a847da962b49b21,1.901358,16.800667,1,13909,1,1,0,0,1,0,0,0,0,0,0,0,0,1
1478,8,297c6e1a17f9aadf,1.428419,16.100558,1,14218,1,1,0,0,1,0,0,0,0,0,0,0,0,0
1479,8,0f487e0fd8ad1489,2.118342,15.588351,1,13653,1,0,0,0,0,0,0,0,0,0,0,0,0,1
1480,8,38dcc0864d407e8d,1.591431,15.18979,1,14318,1,1,0,0,1,0,0,0,0,0,0,0,0,0
1481,8,2cc5f1926215a345,1.195583,18.36921,1,13637,1,1,0,0,1,0,0,0,0,0,0,0,0,1
1482,8,46129cd32c2b8f7d,2.985503,17.278945,1,13688,2,0,0,0,0,0,0,0,0,0,0,0,0,1
1483,8,5123ca24f0cf90e2,2.245141,16.474515,1,14549,1,1,0,0,1,0,0,0,0,0,0,0,0,0
1484,8,691a1dbf16af6de8,2.730344,15.855532,1,13417,1,0,0,0,0,0,0,0,0,0,0,0,0,1
1485,8,215bdbba9a5ab721,2.051205,15.390513,1,13809,1,1,0,0,1,0,0,0,0,0,0,0,0,0
1486,8,a070d656b385eb8a,2.586686,15.054387,1,14068,1,0,0,0,0,0,0,0,0,0,0,0,0,1
1487,8,37d4022d92a1192b,1.943281,18.267487,1,13911,1,1,0,0,1,0,0,0,0,0,0,0,0,1
1488,8,17bc66eb952a26e9,2.503567,13.72368,0,13617,1,0,0,0,0,0,0,0,0,0,0,0,0,0
1489,8,77e3505a44d41cc0,1.880837,17.267777,1,14551,1,1,0,0,1,0,0,0,0,0,0,0,0,1
1490,8,fa2dddc80a7a66eb,1.414416,16.466116,1,13607,1,1,0,0,1,0,0,0,0,0,0,0,0,0
1491,8,a1d3626485820de0,2.106251,15.849222,1,14155,1,0,0,0,0,0,0,0,0,0,0,0,0,1
1492,8,280f5e1674973474,1.582348,15.385772,1,14193,1,1,0,0,1,0,0,0,0,0,0,0,0,0
1493,9,1fd48474a6be9a50,1.189948,18.531324,1,13436,1,1,0,0,1,0,0,0,0,0,0,0,0,1
1494,9,530e0ea8d92a6d51,1.937617,17.400735,1,14010,1,0,0,0,0,0,0,0,0,0,0,0,0,1
1495,9,9d91a06f605c6d81,2.499312,16.551366,1,14147,2,1,0,0,1,0,0,0,0,0,0,0,0,0
1496,9,1bedfd585b1aa4b9,2.921293,15.913267,1,13752,1,0,0,0,0,0,0,0,0,0,0,0,0,1
1497,9,26a9669cba5af3ef,2.196854,15.447506,1,14201,1,1,0,0,1,0,0,0,0,0,0,0,0,0
1498,9,4f55c5e4b2d3c044,1.650414,18.562822,1,13470,1,1,0,0,1,0,0,0,0,0,0,0,0,1
1499,9,429a6cfc04b09590,2.283548,17.424399,1,14173,1,0,0,0,0,0,0,0,0,0,0,0,0,1
1500,9,bfd1095e82cc3b3f,1.717261,16.583898,1,14178,1,1,0,0,1,0,0,0,0,0,0,0,0,0
1501,9,e8a24dfe484cb614,1.290114,19.416552,1,13513,1,1,0,0,1,0,0,0,0,0,0,0,0,1
1502,9,a8eb40163c807ab7,2.012868,18.065774,1,14007,1,0,0,0,0,0,0,0,0,0,0,0,0,1
1503,9,b734eb68cadec0ba,1.512192,17.050985,1,14452,1,1,0,0,1,0,0,0,0,0,0,0,0,0
1504,9,03ed9d518f369873,1.13719,19.783587,1,13317,1,1,0,0,1,0,0,0,0,0,0,0,0,1
1505,9,cd43fcebe8f5e6e6,1.897982,14.86267,0,14430,1,0,0,0,0,0,0,0,0,0,0,0,0,0
1506,9,338e1a6d9a9334b5,1.425883,18.123457,1,13698,1,1,0,0,1,0,0,0,0,0,0,0,0,1
1507,9,f71f04d2a5841727,1.072284,17.1096,1,14026,1,1,0,0,1,0,0,0,0,0,0,0,0,0
1508,9,dab4ff966e399802,1.84922,16.332647,1,14119,1,0,0,0,0,0,0,0,0,0,0,0,0,1
1509,9,339e340883d8ecaf,1.38925,15.748952,1,13742,1,1,0,0,1,0,0,0,0,0,0,0,0,0
1510,9,0f3eea50b2030a66,1.043692,18.789288,1,13878,1,1,0,0,1,0,0,0,0,0,0,0,0,1
1511,9,3e985a0bd30d703c,2.873172,17.610314,1,14390,2,0,0,0,0,0,0,0,0,0,0,0,0,1
1512,9,d3664dba52f12bb7,2.158507,16.708815,1,13846,1,1,0,0,1,0,0,0,0,0,0,0,0,0
1513,9,c246d2e3c31b3ae9,1.621605,19.510397,1,13538,1,1,0,0,1,0,0,0,0,0,0,0,0,1
1514,9,635cd0467a27e5a7,2.263621,18.152598,1,14100,1,0,0,0,0,0,0,0,0,0,0,0,0,1
1515,9,56d771fdebc6f2d0,1.700574,20.0,1,13903,1,1,0,0,1,0,0,0,0,0,0,0,0,1
1516,9,4385c4802bd992a1,2.321231,15.472297,0,13934,1,0,0,0,0,0,0,0,0,0,0,0,0,0
1517,9,8aba10677e53b1b7,1.743854,18.581447,1,14161,1,1,0,0,1,0,0,0,0,0,0,0,0,1
1518,9,49192243e8cbaa76,1.311403,17.454015,1,13586,1,1,0,0,1,0,0,0,0,0,0,0,0,0
1519,9,bab3e108e1f9bce4,2.028861,16.591393,1,14336,1,0,0,0,0,0,0,0,0,0,0,0,0,1
1520,9,7a93b2fc68a46685,1.524208,15.943338,1,13849,1,1,0,0,1,0,0,0,0,0,0,0,0,0
1521,9,9343a49525c06e8b,1.146226,18.950621,1,13715,1,1,0,0,1,0,0,0,0,0,0,0,0,1
1522,9,404bc81199b9cb31,1.90477,14.236893,0,13966,1,0,0,0,0,0,0,0,0,0,0,0,0,0
1523,9,0928d693aed6555f,1.430983,17.653335,1,13875,1,1,0,0,1,0,0,0,0,0,0,0,0,1
1524,9,7418e99e7085b246,2.118697,20.0,1,13904,2,1,0,0,1,0,0,0,0,0,0,0,0,1
1525,9,eb8011c3605ecbc3,2.637441,18.686214,1,14116,1,0,0,0,0,0,0,0,0,0,0,0,0,1
1526,9,10a55c60c28fb871,1.981411,20.0,1,13676,1,1,0,0,1,0,0,0,0,0,0,0,0,1
1527,9,9142a53c8ea3eea3,2.532213,15.773467,0,14331,1,0,0,0,0,0,0,0,0,0,0,0,0,0
1528,9,5b98d08642d6c5c1,1.90426,18.822876,1,13793,1,1,0,0,1,0,0,0,0,0,0,0,0,1
1529,9,9babb0f7babc91be,1.4306,20.0,1,13314,1,1,0,0,1,0,0,0,0,0,0,0,0,1
1530,9,6b628ace3a80b66e,2.118409,15.850598,0,14599,1,0,0,0,0,0,0,0,0,0,0,0,0,0
1531,9,1fb15d63bb00c795,1.591482,18.865651,1,13713,1,1,0,0,1,0,0,0,0,0,0,0,0,1
1532,9,60552f072be99c0b,2.240967,17.66774,1,13710,1,0,0,0,0,0,0,0,0,0,0,0,0,1
1533,9,653bb80aa2cb1b55,2.727208,20.0,1,14306,2,1,0,0,1,0,0,0,0,0,0,0,0,1
1534,9,67aeb0127098f2b6,3.092503,15.198645,0,13664,1,0,0,0,0,0,0,0,0,0,0,0,0,0
1535,9,776a3e8dce0f20a3,2.325606,18.390601,1,13650,1,1,0,0,1,0,0,0,0,0,0,0,0,1
1536,9,8afd65f8be41818a,1.747141,17.295016,1,14527,1,1,0,0,1,0,0,0,0,0,0,0,0,0
1537,9,f496528534e83a16,2.356215,16.471943,1,13714,1,0,0,0,0,0,0,0,0,0,0,0,0,1
1538,9,963123a06e59acba,1.770136,15.8536,1,14240,1,1,0,0,1,0,0,0,0,0,0,0,0,0
1539,9,a608e4e19fe1510d,2.375318,15.402635,1,13706,1,0,0,0,0,0,0,0,0,0,0,0,0,1
1540,9,94b4bf74b4c0d654,1.784488,15.050268,1,13936,1,1,0,0,1,0,0,0,0,0,0,0,0,0
1541,9,e05e194a83d5999d,2.384272,14.785548,1,13962,1,0,0,0,0,0,0,0,0,0,0,0,0,1
1542,9,0df3e21ca1dea29a,1.793007,18.079946,1,14102,1,1,0,0,1,0,0,0,0,0,0,0,0,1
1543,9,2b91f8621bf2b3dc,1.347019,17.061632,1,13327,1,1,0,0,1,0,0,0,0,0,0,0,0,0
1544,9,96f88e570c2288e4,2.055618,16.296611,1,14454,1,0,0,0,0,0,0,0,0,0,0,0,0,1
1545,9,ccf1990136212d60,1.544309,19.200724,1,14109,1,1,0,0,1,0,0,0,0,0,0,0,0,1
1546,9,8fc2f36428e2b239,2.205493,17.91972,1,13558,2,1,0,0,0,0,0,0,0,0,0,0,0,1
1547,9,fac81b5222b15fd8,2.700558,16.94126,1,14208,1,0,0,0,1,0,0,0,0,0,0,0,0,0
1548,9,d2741c0108e8c3e1,2.028828,19.685024,1,13806,1,1,0,0,1,0,0,0,0,0,0,0,0,1
1549,9,f021d52cba66659e,2.569858,14.803419,0,13717,1,0,0,0,0,0,0,0,0,0,0,0,0,0
1550,9,62740c2edf4f9c1a,1.930638,18.078944,1,14095,1,1,0,0,1,0,0,0,0,0,0,0,0,1
1551,9,dd85b5e3c54a4675,1.450416,17.06088,1,13826,1,1,0,0,1,0,0,0,0,0,0,0,0,0
1552,9,292f2ca6c3c277da,2.133297,16.296046,1,14538,1,0,0,0,0,0,0,0,0,0,0,0,0,1
1553,9,590046d69c2f0697,1.60427,15.73536,1,13535,1,1,0,0,1,0,0,0,0,0,0,0,0,0
1554,9,49c01972c05b2cde,3.292535,15.300232,1,13550,2,0,0,0,0,0,0,0,0,0,0,0,0,1
1555,9,5bd2c5f9e3d81695,2.473558,18.452182,1,14308,1,1,0,0,1,0,0,0,0,0,0,0,0,1
1556,9,e99160ebd3ad6017,2.904302,17.356805,1,13713,1,0,0,0,0,0,0,0,0,0,0,0,0,1
1557,9,9fb6e26db137d769,2.181893,19.997208,1,13714,1,1,0,0,1,0,0,0,0,0,0,0,0,1
1558,9,f7cdcffb3f24f59f,1.639175,18.501999,1,14167,1,1,0,0,1,0,0,0,0,0,0,0,0,0
1559,9,d54ff3cf1a04e66a,2.275104,17.378705,1,13834,1,0,0,0,0,0,0,0,0,0,0,0,0,1
1560,9,6206b48ce68492cb,1.710911,20.0,1,13764,1,1,0,0,1,0,0,0,0,0,0,0,0,1
1561,9,57e8e7bc76011386,2.328997,15.047818,0,14317,1,0,0,0,0,0,0,0,0,0,0,0,0,0
1562,9,228f719959c2101f,1.749688,18.262552,1,13731,1,1,0,0,1,0,0,0,0,0,0,0,0,1
1563,9,1a270b61bf1671e3,2.359941,17.214201,1,14136,1,0,0,0,0,0,0,0,0,0,0,0,0,1
1564,9,b0a02e896059d753,1.772935,16.41123,1,13775,1,1,0,0,1,0,0,0,0,0,0,0,0,0
1565,9,4e61135f67626e48,1.33194,19.286833,1,13863,1,1,0,0,1,0,0,0,0,0,0,0,0,1
1566,9,211453f6310a450f,2.04429,17.968321,1,14139,1,0,0,0,0,0,0,0,0,0,0,0,0,1
1567,9,1c86ab86440e5988,1.537335,16.992935,1,13859,1,1,0,0,1,0,0,0,0,0,0,0,0,0
1568,9,bf2b99a3f8e66fb1,3.242249,16.245002,1,13663,2,0,0,0,0,0,0,0,0,0,0,0,0,1
1569,9,fddeb604a2f2db05,2.435781,19.161951,1,14066,1,1,0,0,1,0,0,0,0,0,0,0,0,1
1570,9,6c7be738b9512dda,1.831742,20.0,1,14080,1,1,0,0,1,0,0,0,0,0,0,0,0,1
1571,9,3364a3725f8a7e25,2.419772,16.055281,0,13518,1,0,0,0,0,0,0,0,0,0,0,0,0,0
1572,9,6a9861ac05854b23,1.817885,19.019422,1,14476,1,1,0,0,1,0,0,0,0,0,0,0,0,1
1573,9,f250a6f1de9c260b,1.365709,20.0,1,14005,1,1,0,0,1,0,0,0,0,0,0,0,0,1
1574,9,07f9789d6b811bdd,2.071183,15.977498,0,13814,1,0,0,0,0,0,0,0,0,0,0,0,0,0
1575,9,78007fb687fa46b4,1.556002,18.960986,1,13865,1,1,0,0,1,0,0,0,0,0,0,0,0,1
1576,9,6b77131f79a52b62,2.21262,14.24468,0,13730,1,0,0,0,0,0,0,0,0,0,0,0,0,0
1577,9,c3283c7dca258ca9,1.663922,17.673206,1,14316,1,1,0,0,1,0,0,0,0,0,0,0,0,1
1578,9,5556ef939b3b497f,2.293695,16.756063,1,13569,1,0,0,0,0,0,0,0,0,0,0,0,0,1
1579,9,48a0b8c2e1de9d2c,1.723168,16.067048,1,13756,1,1,0,0,1,0,0,0,0,0,0,0,0,0
1580,9,a8f4c6a49c652fbf,2.338205,19.028262,1,14618,2,1,0,0,1,0,0,0,0,0,0,0,0,1
1581,9,0307d2fd08e11f6a,2.802514,17.790026,1,13437,1,0,0,0,0,0,0,0,0,0,0,0,0,1
1582,9,80318d0601fa540b,2.105424,20.0,1,14040,1,1,0,0,1,0,0,0,0,0,0,0,0,1
1583,9,a0fb2a1396b3c59a,1.581726,18.746507,1,14048,1,1,0,0,1,0,0,0,0,0,0,0,0,0
1584,9,201d27b2994e2c0d,2.233631,17.578142,1,13862,1,0,0,0,0,0,0,0,0,0,0,0,0,1
1585,9,7a19f77d96a57e36,1.678044,16.684646,1,13557,1,1,0,0,1,0,0,0,0,0,0,0,0,0
1586,9,7ba6b3cfd74971b8,2.304305,16.013395,1,14200,1,0,0,0,0,0,0,0,0,0,0,0,0,1
1587,9,15989a07dafa1e42,1.731138,15.50911,1,13875,1,1,0,0,1,0,0,0,0,0,0,0,0,0
1588,9,dbb44ff84a7343e0,2.345991,15.143573,1,14181,1,0,0,0,0,0,0,0,0,0,0,0,0,1
1589,9,342934978c0ddfb2,1.762455,14.855645,1,13961,1,1,0,0,1,0,0,0,0,0,0,0,0,0
1590,9,6569d3cf1bd89d19,1.324067,18.11818,1,13535,1,1,0,0,1,0,0,0,0,0,0,0,0,1
1591,9,808c87280efdce7c,2.039868,13.625129,0,14305,1,0,0,0,0,0,0,0,0,0,0,0,0,0
1592,9,a9ef1ef850dece1a,1.532476,17.193739,1,14004,1,1,0,0,1,0,0,0,0,0,0,0,0,1
1593,9,1e6cdcb1f64629d1,2.194946,19.874703,1,13433,2,1,0,0,1,0,0,0,0,0,0,0,0,1
1594,9,a6a62f01c80481be,1.64898,14.931121,0,14440,1,1,0,0,0,0,0,0,0,0,0,0,0,0
1595,9,e0168fa87c68601f,1.240057,14.708918,1,13689,0,0,0,0,1,0,0,0,0,0,0,0,0,0
1596,9,0003274111c2dc33,1.975262,18.007949,1,13953,2,1,0,0,1,0,0,0,0,0,0,0,0,1
1597,9,d9c25b3e911987af,2.527594,17.007543,1,14130,1,0,0,0,0,0,0,0,0,0,0,0,0,1
1598,9,ae086c67f5f0ff3c,1.900786,19.750918,1,13943,1,1,0,0,1,0,0,0,0,0,0,0,0,1
1599,9,995a1d4cf554c3da,2.471643,14.838127,0,13938,1,0,0,0,0,0,0,0,0,0,0,0,0,0
1600,9,2aee1afd2026fab3,1.856853,18.105019,1,13965,1,1,0,0,1,0,0,0,0,0,0,0,0,1
1601,9,9aad1b661d0c24f4,1.394984,13.601624,0,13840,1,1,0,0,0,0,0,0,0,0,0,0,0,0
1602,9,e3f02318fdcd84e8,2.093199,17.189618,1,14177,1,0,0,0,1,0,0,0,0,0,0,0,0,1
1603,9,26dc2b307aadaa65,1.572542,16.392762,1,13431,1,1,0,0,1,0,0,0,0,0,0,0,0,0
1604,9,c59a1fc10a320885,2.225045,15.794114,1,14184,1,0,0,0,0,0,0,0,0,0,0,0,0,1
1605,9,6cfe12d7eb05d4ff,1.673266,18.838402,1,14071,1,1,0,0,1,0,0,0,0,0,0,0,0,1
1606,9,fd78923e3481f25b,1.257062,17.631432,1,13678,1,1,0,0,1,0,0,0,0,0,0,0,0,0
1607,9,c4f2c5f95344180a,3.03169,16.72468,1,13858,2,0,0,0,0,0,0,0,0,0,0,0,0,1
1608,9,65b58d5fbb206542,1.233942,16.043472,1,14220,0,1,0,0,1,0,0,0,0,0,0,0,0,0
1609,9,0b470023f39fc867,0.927942,19.025923,1,13754,1,1,0,0,1,0,0,0,0,0,0,0,0,1
1610,9,11cd553fea99c617,1.740782,17.772309,1,14283,2,1,0,0,0,0,0,0,0,0,0,0,0,1
1611,9,f08799d7d8e20c3e,2.351438,16.830516,1,13454,1,0,0,0,1,0,0,0,0,0,0,0,0,0
1612,9,492ff17185c26dce,1.768315,19.617791,1,13973,1,1,0,0,1,0,0,0,0,0,0,0,0,1
1613,9,493b6fdfc7170f21,1.328469,18.216958,1,14261,1,1,0,0,0,0,0,0,0,0,0,0,0,1
1614,9,9debe871bb17c9c9,2.041682,17.164564,1,13750,1,0,0,0,1,0,0,0,0,0,0,0,0,0
1615,9,cc187f0163101843,1.533839,19.852784,1,13693,1,1,0,0,1,0,0,0,0,0,0,0,0,1
1616,9,f657872f4560d256,2.19762,18.410078,1,14063,1,0,0,0,0,0,0,0,0,0,0,0,0,1
1617,9,5d5c2a78d09b711c,1.650989,17.309648,1,14212,1,1,0,0,1,0,0,0,0,0,0,0,0,0
1618,9,7e1c099208006c2d,2.28398,16.482936,1,13362,1,0,0,0,0,0,0,0,0,0,0,0,0,1
1619,9,6c90da086f53b3eb,1.717586,15.875905,1,14504,1,1,0,0,1,0,0,0,0,0,0,0,0,0
1620,9,d35fcc87952f5bfd,1.290358,18.884663,1,13528,1,1,0,0,1,0,0,0,0,0,0,0,0,1
1621,9,ce570ffe6b098752,2.013051,14.187341,0,13996,1,0,0,0,0,0,0,0,0,0,0,0,0,0
1622,9,606b165f09693323,1.51233,17.616108,1,14206,1,1,0,0,1,0,0,0,0,0,0,0,0,1
1623,9,5de7da077992c8c1,1.137294,16.728066,1,13826,1,1,0,0,0,0,0,0,0,0,0,0,0,1
1624,9,c485e46c1c193d01,1.89806,16.046015,1,14121,1,0,0,0,1,0,0,0,0,0,0,0,0,0
1625,9,def4bb8c5a138af5,1.425941,19.01246,1,13778,1,1,0,0,1,0,0,0,0,0,0,0,0,1
1626,9,6cf0ebcbc699be4c,1.072328,14.297641,0,13752,1,1,0,0,0,0,0,0,0,0,0,0,0,0
1627,9,8a49e015ab644f74,1.849253,17.698972,1,14252,1,0,0,0,1,0,0,0,0,0,0,0,0,1
1628,9,263d9e91258d239e,1.389275,20.0,1,13621,1,1,0,0,1,0,0,0,0,0,0,0,0,1
1629,9,2ecdfd843d02bb20,2.087364,15.216272,0,14078,1,0,0,0,0,0,0,0,0,0,0,0,0,0
1630,9,f882f8e70ca9429a,1.569727,18.403857,1,13978,1,1,0,0,1,0,0,0,0,0,0,0,0,1
1631,9,894c070c7fb646fe,3.266584,17.304974,1,13700,2,0,0,0,0,0,0,0,0,0,0,0,0,1
1632,9,c33d57dff7a9a713,2.454063,19.958269,1,13949,1,1,0,0,1,0,0,0,0,0,0,0,0,1
1633,9,b3da68e503eee2e0,1.84549,18.489405,1,14446,1,1,0,0,1,0,0,0,0,0,0,0,0,0
1634,9,d598b3ff822f8925,1.386448,20.0,1,13593,1,1,0,0,1,0,0,0,0,0,0,0,0,1
1635,9,427048af47b26a63,2.08524,15.662389,0,14266,1,0,0,0,0,0,0,0,0,0,0,0,0,0
1636,9,bd11ef30b91e9de9,1.566563,18.724256,1,13436,1,1,0,0,1,0,0,0,0,0,0,0,0,1
1637,9,a40d6fbea1680ccf,2.222228,17.561409,1,13983,1,0,0,0,0,0,0,0,0,0,0,0,0,1
1638,9,5b6e5ceb378110b7,1.669477,16.672075,1,14244,1,1,0,0,1,0,0,0,0,0,0,0,0,0
1639,9,b524042394cc0dfa,1.254215,19.482796,1,13740,1,1,0,0,1,0,0,0,0,0,0,0,0,1
1640,9,79c4362e3a4ddd3b,1.987338,18.131842,1,13648,1,0,0,0,0,0,0,0,0,0,0,0,0,1
1641,9,f43b72fcda62f623,1.493013,17.100619,1,14609,1,1,0,0,1,0,0,0,0,0,0,0,0,0
1642,9,7f21d556dd17f339,1.121645,19.804745,1,13741,1,1,0,0,1,0,0,0,0,0,0,0,0,1
1643,9,46ebac9a8e52f558,1.886303,18.357409,1,13536,1,0,0,0,0,0,0,0,0,0,0,0,0,1
1644,9,600fdef80a231003,1.418527,17.285535,1,14390,1,1,0,0,1,0,0,0,0,0,0,0,0,0
1645,9,2648275d8acf998c,1.065686,19.943665,1,13760,1,1,0,0,1,0,0,0,0,0,0,0,0,1
1646,9,c5ca41b94715a60b,1.844264,14.98293,0,14036,1,0,0,0,0,0,0,0,0,0,0,0,0,0
1647,9,e38dc39e24330719,1.386913,18.22838,1,13814,1,1,0,0,1,0,0,0,0,0,0,0,0,1
1648,9,42ed1acadce4d958,1.041936,17.173145,1,13726,1,1,0,0,0,0,0,0,0,0,0,0,0,1
1649,9,5707b3e677a8eb92,2.870074,16.380387,1,14328,2,0,0,0,1,0,0,0,0,0,0,0,0,0
1650,9,bb9602653f9ada17,2.156179,19.263661,1,13708,1,1,0,0,1,0,0,0,0,0,0,0,0,1
1651,9,97f0df338729e3ee,2.665628,14.486548,0,13629,1,0,0,0,0,0,0,0,0,0,0,0,0,0
1652,9,99fa9a276e994cd6,2.002587,17.840891,1,14401,1,1,0,0,1,0,0,0,0,0,0,0,0,1
1653,9,99eb80c1ea99fa2e,1.504469,20.0,1,13690,1,1,0,0,1,0,0,0,0,0,0,0,0,1
1654,9,0fb01201ae00d249,2.175532,15.311675,0,14103,1,0,0,0,0,0,0,0,0,0,0,0,0,0
1655,9,3e237dcc2850d86b,1.634396,18.460778,1,13863,1,1,0,0,1,0,0,0,0,0,0,0,0,1
1656,9,46cd062c36d03d04,1.227861,13.868892,0,13633,1,1,0,0,0,0,0,0,0,0,0,0,0,0
1657,9,7ff34d565b6b9b94,1.966099,17.376869,1,14524,1,0,0,0,1,0,0,0,0,0,0,0,0,1
1658,9,7194a16360246826,1.478535,16.548155,1,13654,1,1,0,0,1,0,0,0,0,0,0,0,0,0
1659,9,397474967d612c55,2.154421,15.910855,1,13807,1,0,0,0,0,0,0,0,0,0,0,0,0,1
1660,9,d691509c077ec1ab,2.662189,18.910919,1,14117,2,1,0,0,1,0,0,0,0,0,0,0,0,1
1661,9,18876ec757a4ab56,3.046155,17.701783,1,13922,1,0,0,0,0,0,0,0,0,0,0,0,0,1
1662,9,4192bbc3674b6104,2.288462,16.777532,1,13752,1,1,0,0,1,0,0,0,0,0,0,0,0,0
1663,9,8d56705f678a28b7,1.719236,19.562022,1,14141,1,1,0,0,1,0,0,0,0,0,0,0,0,1
1664,9,5e1d1d68b06e3cb2,2.335251,14.696216,0,13778,1,0,0,0,0,0,0,0,0,0,0,0,0,0
1665,9,96bda16ce085d7f3,1.756142,18.012767,1,13631,1,1,0,0,1,0,0,0,0,0,0,0,0,1
1666,9,c6bdcafd4e7bba4c,2.362977,13.532318,0,14535,1,0,0,0,0,0,0,0,0,0,0,0,0,0
1667,9,dd45cfb800015522,1.775217,17.124014,1,13620,1,1,0,0,1,0,0,0,0,0,0,0,0,1
1668,9,c93a039256c9a264,1.334988,16.358004,1,13760,1,1,0,0,1,0,0,0,0,0,0,0,0,0
1669,9,4db5a4312141e7d0,2.04658,15.768002,1,14435,1,0,0,0,0,0,0,0,0,0,0,0,0,1
1670,9,fd3f22932529094c,1.537519,15.324755,1,13640,1,1,0,0,1,0,0,0,0,0,0,0,0,0
1671,9,22e9c9cf8fdb863f,2.198734,14.99176,1,13985,1,0,0,0,0,0,0,0,0,0,0,0,0,1
1672,9,1a21c11059677c7c,1.653479,14.754519,1,13939,1,1,0,0,1,0,0,0,0,0,0,0,0,0
1673,9,645694277dddbbbc,2.285851,14.563363,1,13836,1,0,0,0,0,0,0,0,0,0,0,0,0,1
1674,9,054b0b5ce15c8416,2.760927,17.898599,1,14282,2,1,0,0,1,0,0,0,0,0,0,0,0,1
1675,9,81cb2b9b42fdf90e,2.076257,20.0,1,13591,1,1,0,0,1,0,0,0,0,0,0,0,0,1
1676,9,cbae15652f673db8,2.603467,18.820382,1,13569,1,0,0,0,0,0,0,0,0,0,0,0,0,1
1677,9,c41f2783ce19a4d9,1.955888,17.617894,1,14513,1,1,0,0,1,0,0,0,0,0,0,0,0,0
1678,9,de04dffe8f80458f,1.469385,20.0,1,13565,1,1,0,0,1,0,0,0,0,0,0,0,0,1
1679,9,42df76ec771db93a,2.149149,15.18569,0,13951,1,0,0,0,0,0,0,0,0,0,0,0,0,0
1680,10,1fd48474a6be9a50,1.614575,18.36613,1,14148,1,1,0,0,1,0,0,0,0,0,0,0,0,1
1681,10,530e0ea8d92a6d51,2.256624,13.797787,0,13675,1,0,0,0,0,0,0,0,0,0,0,0,0,0
1682,10,9d91a06f605c6d81,1.697013,17.337136,1,14496,1,1,0,0,1,0,0,0,0,0,0,0,0,1
1683,10,1bedfd585b1aa4b9,1.274902,19.982431,1,13575,1,1,0,0,1,0,0,0,0,0,0,0,0,1
1684,10,26a9669cba5af3ef,3.045093,18.490898,1,13602,2,0,0,0,0,0,0,0,0,0,0,0,0,1
1685,10,4f55c5e4b2d3c044,2.287665,17.370365,1,14434,1,1,0,0,1,0,0,0,0,0,0,0,0,0
1686,10,429a6cfc04b09590,1.720357,20.0,1,13637,1,1,0,0,1,0,0,0,0,0,0,0,0,1
1687,10,bfd1095e82cc3b3f,2.336093,15.043106,0,13785,1,0,0,0,0,0,0,0,0,0,0,0,0,0
1688,10,e8a24dfe484cb614,1.755019,18.259013,1,14217,1,1,0,0,1,0,0,0,0,0,0,0,0,1
1689,10,a8eb40163c807ab7,1.319799,20.0,1,13948,1,1,0,0,1,0,0,0,0,0,0,0,0,1
1690,10,b734eb68cadec0ba,2.035169,15.545157,0,13650,1,0,0,0,0,0,0,0,0,0,0,0,0,0
1691,10,03ed9d518f369873,1.528947,18.636184,1,14298,1,1,0,0,1,0,0,0,0,0,0,0,0,1
1692,10,cd43fcebe8f5e6e6,2.192294,14.000669,0,13580,1,0,0,0,0,0,0,0,0,0,0,0,0,0
1693,10,338e1a6d9a9334b5,1.648636,17.489706,1,14073,1,1,0,0,1,0,0,0,0,0,0,0,0,1
1694,10,f71f04d2a5841727,1.238559,13.139362,0,14046,1,1,0,0,0,0,0,0,0,0,0,0,0,0
1695,10,dab4ff966e399802,1.974136,16.828801,1,13786,1,0,0,0,1,0,0,0,0,0,0,0,0,1
1696,10,339e340883d8ecaf,2.528729,19.616501,1,13846,2,1,0,0,1,0,0,0,0,0,0,0,0,1
1697,10,0f3eea50b2030a66,2.943393,18.215989,1,14200,1,0,0,0,0,0,0,0,0,0,0,0,0,1
1698,10,157d3461e0a7f335,2.211261,17.163836,1,13703,1,1,0,0,1,0,0,0,0,0,0,0,0,0
1699,10,f1991b9aba19249f,2.704891,16.373393,1,14253,1,0,0,0,0,0,0,0,0,0,0,0,0,1
1700,10,f0cae4ef532c2023,2.034117,15.793526,1,13802,1,1,0,0,1,0,0,0,0,0,0,0,0,0
1701,10,7630abeab872e6cf,1.528156,18.822775,1,13596,1,1,0,0,1,0,0,0,0,0,0,0,0,1
1702,10,253c29c9cd31f14d,2.1917,17.619692,1,14430,1,0,0,0,0,0,0,0,0,0,0,0,0,1
1703,10,1bcd43f2b236da2a,2.69234,20.0,1,13703,2,1,0,0,1,0,0,0,0,0,0,0,0,1
1704,10,07cd2395bea1fc0d,2.022654,18.662811,1,13722,1,1,0,0,1,0,0,0,0,0,0,0,0,0
1705,10,efe66ad00f7df50d,2.563198,17.499516,1,14013,1,0,0,0,0,0,0,0,0,0,0,0,0,1
1706,10,1f35b63e79410329,1.925635,16.625577,1,13747,1,1,0,0,1,0,0,0,0,0,0,0,0,0
1707,10,a637ef64c585caf8,2.492255,15.983173,1,14540,1,0,0,0,0,0,0,0,0,0,0,0,0,1
1708,10,e1eb8ab23b264e7c,1.872338,15.486405,1,13588,1,1,0,0,1,0,0,0,0,0,0,0,0,0
1709,10,5dfbe5c41ee53492,1.406618,18.592046,1,13758,1,1,0,0,1,0,0,0,0,0,0,0,0,1
1710,10,782cb32d36d440f6,3.146098,17.461985,1,14408,2,0,0,0,0,0,0,0,0,0,0,0,0,1
1711,10,1e14345f3ff5d902,2.363546,20.0,1,13655,1,1,0,0,1,0,0,0,0,0,0,0,0,1
1712,10,60f6e05beacc7a2b,1.775643,15.082518,0,13846,1,1,0,0,0,0,0,0,0,0,0,0,0,0
1713,10,2e7ae0e1f687a135,2.377628,18.288621,1,14080,1,0,0,0,1,0,0,0,0,0,0,0,0,1
1714,10,73bbba7089e313a2,1.78801,17.233805,1,14153,1,1,0,0,1,0,0,0,0,0,0,0,0,0
1715,10,2ede5f7a162c2503,1.343265,16.425958,1,13388,1,1,0,0,0,0,0,0,0,0,0,0,0,1
1716,10,52429a8eefa39544,2.052798,15.819053,1,14494,1,0,0,0,1,0,0,0,0,0,0,0,0,0
1717,10,de70778fddfafb55,1.543734,18.857157,1,13661,1,1,0,0,1,0,0,0,0,0,0,0,0,1
1718,10,21bb9e22f51d50f8,2.203403,17.645521,1,14332,1,0,0,0,0,0,0,0,0,0,0,0,0,1
1719,10,6989f4869eab7b85,1.655334,16.735265,1,13770,1,1,0,0,1,0,0,0,0,0,0,0,0,0
1720,10,38f0f067426d2fb1,2.287244,16.051424,1,13766,1,0,0,0,0,0,0,0,0,0,0,0,0,1
1721,10,2c2df23b60d1bdca,1.72004,19.031903,1,14002,1,1,0,0,1,0,0,0,0,0,0,0,0,1
1722,10,e04aa6a828d08473,2.335855,14.297957,0,14059,1,0,0,0,0,0,0,0,0,0,0,0,0,0
1723,10,9ce7781af19fcf90,1.754841,17.69921,1,13621,1,1,0,0,1,0,0,0,0,0,0,0,0,1
1724,10,cb8db8ea883f6947,1.319665,16.79056,1,14275,1,1,0,0,1,0,0,0,0,0,0,0,0,0
1725,10,ef43ef57f181947f,2.035068,16.092964,1,13806,1,0,0,0,0,0,0,0,0,0,0,0,0,1
1726,10,d30b08a743e3c595,2.572524,19.047732,1,13822,2,1,0,0,1,0,0,0,0,0,0,0,0,1
1727,10,da378c2f3ab45972,1.932641,17.788693,1,14021,1,1,0,0,1,0,0,0,0,0,0,0,0,0
1728,10,94c3b08afe3b7349,2.497524,16.857852,1,13871,1,0,0,0,0,0,0,0,0,0,0,0,0,1
1729,10,b05099a43a54ce54,1.876297,16.143519,1,14186,1,1,0,0,1,0,0,0,0,0,0,0,0,0
1730,10,0a515e98151b1fa4,2.453245,15.606867,1,13773,1,0,0,0,0,0,0,0,0,0,0,0,0,1
1731,10,3c9533ab6d2e591f,1.844875,18.69759,1,13729,1,1,0,0,1,0,0,0,0,0,0,0,0,1
1732,10,1723431a3a02afad,2.429639,14.0468,0,14396,1,0,0,0,0,0,0,0,0,0,0,0,0,0
1733,10,100a4dd53a413ce3,1.825297,17.510525,1,13398,1,1,0,0,1,0,0,0,0,0,0,0,0,1
1734,10,d44f557a64f59e52,1.371277,13.155003,0,14186,1,1,0,0,0,0,0,0,0,0,0,0,0,0
1735,10,e6663264d2c74de5,2.075371,16.853753,1,14267,1,0,0,0,1,0,0,0,0,0,0,0,0,1
1736,10,53c61a15ccbedce9,1.559148,12.661595,0,13495,1,1,0,0,0,0,0,0,0,0,0,0,0,0
1737,10,909fc3f69f48e9f0,2.214983,16.469872,1,13540,1,0,0,0,1,0,0,0,0,0,0,0,0,1
1738,10,608ce0b0e561a4f5,1.665699,19.346582,1,14358,1,1,0,0,1,0,0,0,0,0,0,0,0,1
1739,10,e3a26d23572d521d,2.295031,14.534364,0,13887,1,0,0,0,0,0,0,0,0,0,0,0,0,0
1740,10,352a1f2a2bf0c7a3,1.724171,17.876813,1,13571,1,1,0,0,1,0,0,0,0,0,0,0,0,1
1741,10,26a0d2e79ccf56fd,2.338958,20.0,1,14506,2,1,0,0,1,0,0,0,0,0,0,0,0,1
1742,10,47e7159641575cbb,2.803081,15.331969,0,13822,1,0,0,0,0,0,0,0,0,0,0,0,0,0
1743,10,a4f7a2ef8cb2a040,2.10585,18.476024,1,14275,1,1,0,0,1,0,0,0,0,0,0,0,0,1
1744,10,d024683043f8d7ce,2.625699,13.880346,0,13652,1,0,0,0,0,0,0,0,0,0,0,0,0,0
1745,10,cd70a9b16d6acf9a,1.974563,17.399222,1,13661,1,1,0,0,1,0,0,0,0,0,0,0,0,1
1746,10,b33362791ca12fa9,2.527069,16.550229,1,14324,1,0,0,0,0,0,0,0,0,0,0,0,0,1
1747,10,a76af4400a29db09,1.898493,15.912413,1,13865,1,1,0,0,1,0,0,0,0,0,0,0,0,0
1748,10,e8ba00607b28d21f,1.426266,18.91209,1,13554,1,1,0,0,1,0,0,0,0,0,0,0,0,1
1749,10,5d24570ea1ca975c,3.160874,17.702663,1,14410,2,0,0,0,0,0,0,0,0,0,0,0,0,1
1750,10,1c5849856934c0f3,2.374646,16.778194,1,13979,1,1,0,0,1,0,0,0,0,0,0,0,0,0
1751,10,e0396365f5b157e8,1.783983,19.562519,1,13641,1,1,0,0,1,0,0,0,0,0,0,0,0,1
1752,10,9f4f15fbff4bf2dd,2.385731,18.191795,1,14127,1,0,0,0,0,0,0,0,0,0,0,0,0,1
1753,10,50cb7adf74945a24,1.792311,17.14566,1,13793,1,1,0,0,1,0,0,0,0,0,0,0,0,0
1754,10,bf2edf01d0f91f04,1.346496,19.838582,1,14418,1,1,0,0,1,0,0,0,0,0,0,0,0,1
1755,10,7cde15046967029c,2.055225,18.38283,1,13451,1,0,0,0,0,0,0,0,0,0,0,0,0,1
1756,10,b5f9f3057458d1f8,2.589709,20.0,1,14018,2,1,0,0,1,0,0,0,0,0,0,0,0,1
1757,10,3b43f8a2dc00c981,2.989205,15.615109,0,13974,1,0,0,0,0,0,0,0,0,0,0,0,0,0
1758,10,9a55801b42f5bc65,2.245678,18.688736,1,13686,1,1,0,0,1,0,0,0,0,0,0,0,0,1
1759,10,572295d1c466d5df,2.732932,14.054196,0,13999,1,0,0,0,0,0,0,0,0,0,0,0,0,0
1760,10,ee2c1acb1bc13b79,1.009497,14.037237,1,14184,0,1,0,0,1,0,0,0,0,0,0,0,0,0
1761,10,6666be57cd0f4ed8,2.845704,14.024496,1,13908,2,0,0,0,0,0,0,0,0,0,0,0,0,1
1762,10,210d4b2c89944bf4,2.137871,17.493768,1,13629,1,1,0,0,1,0,0,0,0,0,0,0,0,1
1763,10,03fea89c47214716,2.65186,13.155563,0,14299,1,0,0,0,0,0,0,0,0,0,0,0,0,0
1764,10,a4fdf7c969f151f3,1.992243,16.840972,1,13703,1,1,0,0,1,0,0,0,0,0,0,0,0,1
1765,10,7a638c661a3463f8,1.496698,16.130837,1,14025,1,1,0,0,1,0,0,0,0,0,0,0,0,0
1766,10,4d5efd8b5f7fa39d,2.169689,15.611121,1,13888,1,0,0,0,0,0,0,0,0,0,0,0,0,1
1767,10,07eb93251cc5b2e0,1.630006,15.206896,1,13909,1,1,0,0,1,0,0,0,0,0,0,0,0,0
1768,10,78b6109cbbf8144c,2.268216,14.903217,1,14145,1,0,0,0,0,0,0,0,0,0,0,0,0,1
1769,10,328345435f6f68b6,1.704026,14.675074,1,13994,1,1,0,0,1,0,0,0,0,0,0,0,0,0
1770,10,60842fbba578f9f1,1.281452,17.996869,1,13633,1,1,0,0,1,0,0,0,0,0,0,0,0,1
1771,10,98ba46654e6ad8b6,2.00636,13.520375,0,14279,1,0,0,0,0,0,0,0,0,0,0,0,0,0
1772,10,ea2e51d75208e289,1.507303,17.115041,1,13738,1,1,0,0,1,0,0,0,0,0,0,0,0,1
1773,10,eefbf44f49039041,2.177664,12.870755,0,13430,1,0,0,0,0,0,0,0,0,0,0,0,0,0
1774,10,5df9a5a56e259522,1.635998,16.627006,1,14315,1,1,0,0,1,0,0,0,0,0,0,0,0,1
1775,10,d15d54ac71c5b13a,2.272717,12.491248,0,14007,1,0,0,0,0,0,0,0,0,0,0,0,0,0
1776,10,cec63487a9d58b58,2.751061,16.341897,1,14227,2,1,0,0,1,0,0,0,0,0,0,0,0,1
1777,10,9b97fec0f07f2c63,2.068837,19.250343,1,13698,1,1,0,0,1,0,0,0,0,0,0,0,0,1
1778,10,8c733360325e10cd,2.597893,17.940907,1,13814,1,0,0,0,0,0,0,0,0,0,0,0,0,1
1779,10,1d708f8ea0dc4084,1.9517,20.0,1,14316,1,1,0,0,1,0,0,0,0,0,0,0,0,1
1780,10,0c8f8439ec268d21,1.467706,15.36818,0,13380,1,1,0,0,0,0,0,0,0,0,0,0,0,0
1781,10,e981a25e147fa759,2.146286,18.503228,1,14197,1,0,0,0,1,0,0,0,0,0,0,0,0,1
1782,10,e7437d8ca69f5d17,1.612425,17.379628,1,14006,1,1,0,0,1,0,0,0,0,0,0,0,0,0
1783,10,5f898f1ae938a5c8,2.255008,16.535509,1,13575,1,0,0,0,0,0,0,0,0,0,0,0,0,1
1784,10,147a7a4288092699,1.695798,15.91544,1,14097,1,1,0,0,1,0,0,0,0,0,0,0,0,0
1785,10,667cbb91d16091be,2.317643,15.43552,1,14110,1,0,0,0,0,0,0,0,0,0,0,0,0,1
1786,10,5c35a98638fcf184,2.784812,18.553818,1,13837,2,1,0,0,1,0,0,0,0,0,0,0,0,1
1787,10,0bb5e8912cce6b4a,2.094218,20.0,1,13680,1,1,0,0,1,0,0,0,0,0,0,0,0,1
1788,10,eb8ad50937779256,2.616961,19.190555,1,14342,1,0,0,0,0,0,0,0,0,0,0,0,0,1
1789,10,18f8051c31dc8b68,1.966025,17.895991,1,13553,1,1,0,0,1,0,0,0,0,0,0,0,0,0
1790,10,0aca18529ec07dc0,1.477001,20.0,1,14411,1,1,0,0,1,0,0,0,0,0,0,0,0,1
1791,10,5158bf147a878f37,2.154876,15.342804,0,13737,1,0,0,0,0,0,0,0,0,0,0,0,0,0
1792,10,8f07cd6696d5620b,1.618878,18.484164,1,13858,1,1,0,0,1,0,0,0,0,0,0,0,0,1
1793,10,b7b94a1d8b27f4fb,2.259856,13.886461,0,14193,1,0,0,0,0,0,0,0,0,0,0,0,0,0
1794,10,37f8e86b92240e5d,1.699444,17.40382,1,13629,1,1,0,0,1,0,0,0,0,0,0,0,0,1
1795,10,ee261b203f602f15,2.320382,13.07484,0,13780,1,0,0,0,0,0,0,0,0,0,0,0,0,0
1796,10,7913cd79d0e31fd5,1.743216,16.780327,1,14426,1,1,0,0,1,0,0,0,0,0,0,0,0,1
1797,10,41623bcdac62294d,1.309613,16.085277,1,13660,1,1,0,0,1,0,0,0,0,0,0,0,0,0
1798,10,1873ef2e4653eaee,3.073149,15.576859,1,13513,2,0,0,0,0,0,0,0,0,0,0,0,0,1
1799,10,d90579daf7ceb3f5,2.308742,18.660001,1,14502,1,1,0,0,1,0,0,0,0,0,0,0,0,1
1800,10,49b9c353415cb665,2.778125,17.497406,1,13820,1,0,0,0,0,0,0,0,0,0,0,0,0,1
1801,10,639bb22b306f53cd,2.089189,16.6388,1,13830,1,1,0,0,1,0,0,0,0,0,0,0,0,0
1802,10,82e07f7f926831e9,2.613183,15.978953,1,13911,1,0,0,0,0,0,0,0,0,0,0,0,0,1
1803,10,7ed125ad08c94102,1.963187,15.483235,1,14007,1,1,0,0,1,0,0,0,0,0,0,0,0,0
1804,10,b237cdc38fdf250a,1.474869,18.589664,1,14218,1,1,0,0,1,0,0,0,0,0,0,0,0,1
1805,10,447b1c35edd9d7cd,2.153273,13.979693,0,13524,1,0,0,0,0,0,0,0,0,0,0,0,0,0
1806,10,f6c6426ba84ac254,2.661327,17.46011,1,14089,2,1,0,0,1,0,0,0,0,0,0,0,0,1
1807,10,2316e09ae10089d0,3.043009,16.595972,1,14181,1,0,0,0,0,0,0,0,0,0,0,0,0,1
1808,10,ee7abd26d63871e8,2.288386,19.441411,1,13437,1,1,0,0,1,0,0,0,0,0,0,0,0,1
1809,10,338c5cdf55244901,1.719179,20.0,1,14061,1,1,0,0,1,0,0,0,0,0,0,0,0,1
1810,10,6e20a1fdbe282207,2.335208,16.199697,0,14007,1,0,0,0,0,0,0,0,0,0,0,0,0,0
1811,10,985baeee48988a72,1.754355,19.127916,1,14047,1,1,0,0,1,0,0,0,0,0,0,0,0,1
1812,10,64dc1b3dcf022564,3.407601,17.864967,1,14024,2,0,0,0,0,0,0,0,0,0,0,0,0,1
1813,10,3869bc2130df123e,2.560003,16.900126,1,13953,1,1,0,0,1,0,0,0,0,0,0,0,0,0
1814,10,6b20a2f41ddc1162,1.923235,16.175278,1,13435,1,1,0,0,0,0,0,0,0,0,0,0,0,1
1815,10,c57d555c97718765,2.49045,15.644541,1,14595,1,0,0,0,1,0,0,0,0,0,0,0,0,0
1816,10,8aff92d33132b8eb,1.870982,18.710848,1,13713,1,1,0,0,1,0,0,0,0,0,0,0,0,1
1817,10,8324754547ab086a,1.405599,17.535605,1,13690,1,1,0,0,1,0,0,0,0,0,0,0,0,0
1818,10,8998b3258ac25d5a,2.099627,16.652689,1,14151,1,0,0,0,0,0,0,0,0,0,0,0,0,1
1819,10,22edcb08f69beed6,1.57895,16.003561,1,13847,1,1,0,0,1,0,0,0,0,0,0,0,0,0
1820,10,2f8a2bd02dba0042,2.229859,15.501722,1,13681,1,0,0,0,0,0,0,0,0,0,0,0,0,1
1821,10,7fb6544b6a8fada7,1.67521,18.603553,1,14451,1,1,0,0,1,0,0,0,0,0,0,0,0,1
1822,10,408b8bae439b7f05,2.303932,13.990137,0,13500,1,0,0,0,0,0,0,0,0,0,0,0,0,0
1823,10,ab9b2d0610ff5a0c,1.730858,17.467956,1,13689,1,1,0,0,1,0,0,0,0,0,0,0,0,1
1824,10,57386fa5700089f1,1.300329,16.601867,1,14685,1,1,0,0,1,0,0,0,0,0,0,0,0,0
1825,10,6670b9f466aee1ea,2.020542,15.951207,1,13489,1,0,0,0,0,0,0,0,0,0,0,0,0,1
1826,10,c0c8dfb4590ac9be,1.519476,15.476036,1,14180,1,1,0,0,1,0,0,0,0,0,0,0,0,0
1827,10,ff258a706d865047,1.141526,18.584257,1,13876,1,1,0,0,1,0,0,0,0,0,0,0,0,1
1828,10,aaa44f2469d5c244,0.857586,13.961657,0,13798,1,1,0,0,0,0,0,0,0,0,0,0,0,0
1829,10,a943c7922868043b,2.733218,17.460369,1,14064,2,0,0,0,1,0,0,0,0,0,0,0,0,1
1830,10,1953d5c4207445d4,1.009711,16.596167,1,13546,0,1,0,0,1,0,0,0,0,0,0,0,0,0
1831,10,a6c6b8d0f9b42770,2.845865,15.946924,1,14326,2,0,0,0,0,0,0,0,0,0,0,0,0,1
1832,10,f9165b38943fbf57,2.137992,18.938017,1,14015,1,1,0,0,1,0,0,0,0,0,0,0,0,1
1833,10,779e32fec11bc36d,1.6078,20.0,1,13470,1,1,0,0,1,0,0,0,0,0,0,0,0,1
1834,10,a0707afebc29bf54,2.251534,15.928767,0,14159,1,0,0,0,0,0,0,0,0,0,0,0,0,0
1835,10,1820cfc64f9094b0,1.691493,18.924377,1,14012,1,1,0,0,1,0,0,0,0,0,0,0,0,1
1836,10,b1929f9c26f2edf1,2.316177,17.711903,1,13746,2,1,0,0,0,0,0,0,0,0,0,0,0,1
1837,10,a79ee86220ef835e,2.783711,16.785135,1,14275,1,0,0,0,1,0,0,0,0,0,0,0,0,0
1838,10,7a2c4a97d62bfccc,2.091298,16.088889,1,13761,1,1,0,0,0,0,0,0,0,0,0,0,0,1
1839,10,8f94eadc2721b657,2.614767,15.565825,1,13767,1,0,0,0,1,0,0,0,0,0,0,0,0,0
1840,10,5f8b6802de3200b2,1.966342,18.666726,1,14295,1,1,0,0,1,0,0,0,0,0,0,0,0,1
1841,10,e2ee8d2ed82ba750,2.520893,14.023613,0,13828,1,0,0,0,0,0,0,0,0,0,0,0,0,0
1842,10,2f25056b6e65c05c,1.893853,17.493105,1,13507,1,1,0,0,1,0,0,0,0,0,0,0,0,1
1843,10,43b483eea7a12a25,1.424204,20.0,1,14328,1,1,0,0,1,0,0,0,0,0,0,0,0,1
1844,10,dc603e77f788ec0f,2.113605,18.591294,1,13830,1,0,0,0,0,0,0,0,0,0,0,0,0,1
1845,10,a3f0e08b1a1781eb,1.587872,17.445789,1,13617,1,1,0,0,1,0,0,0,0,0,0,0,0,0
1846,10,d2006de506700da8,1.192909,20.0,1,14477,1,1,0,0,1,0,0,0,0,0,0,0,0,1
1847,10,96a7c9c7226b90a9,1.941235,15.088458,0,13463,1,0,0,0,0,0,0,0,0,0,0,0,0,0
1848,10,bc4caa397e3f449b,2.502031,18.293083,1,14201,2,1,0,0,1,0,0,0,0,0,0,0,0,1
1849,10,a11190439f8dade4,1.879682,13.74291,0,14163,1,1,0,0,0,0,0,0,0,0,0,0,0,0
1850,10,d0e8f76deb7682be,2.457698,20.0,1,13467,1,0,0,0,1,0,0,0,0,0,0,0,0,2
1851,10,7a13de6a86efd7e2,1.846377,19.087354,1,14175,1,1,0,0,1,0,0,0,0,0,0,0,0,0
1852,10,c715ce083d9887ff,2.430767,17.81846,1,14029,1,0,0,0,0,0,0,0,0,0,0,0,0,1
1853,10,9d7be728db82f7ef,1.826145,16.865187,1,13500,1,1,0,0,1,0,0,0,0,0,0,0,0,0
1854,10,1e97c0f7f6def2a0,1.373287,19.643865,1,14186,1,1,0,0,1,0,0,0,0,0,0,0,0,1
1855,10,53b7d15b85140aae,2.075352,14.757701,0,13838,1,0,0,0,0,0,0,0,0,0,0,0,0,0
1856,10,bc2034ef19334ab9,1.559135,18.044598,1,13955,1,1,0,0,1,0,0,0,0,0,0,0,0,1
1857,10,715f7b8f44a8597f,2.216642,17.050297,1,13929,1,0,0,0,0,0,0,0,0,0,0,0,0,1
1858,10,f07d11f069918ae2,1.66528,16.288095,1,13710,1,1,0,0,1,0,0,0,0,0,0,0,0,0
1859,10,ec168b8c81012a4f,2.294716,15.715481,1,13922,1,0,0,0,0,0,0,0,0,0,0,0,0,1
1860,10,97db82715d08cbb7,1.723934,15.285298,1,14286,1,1,0,0,1,0,0,0,0,0,0,0,0,0
1861,10,603862a7addf0b41,1.296423,14.975264,1,13541,1,1,0,0,0,0,0,0,0,0,0,0,0,1
1862,10,ce1b005d72e18c52,3.061261,18.208045,1,14348,2,0,0,0,1,0,0,0,0,0,0,0,0,1
1863,10,f8f6056c3cedf7e1,2.299811,17.157868,1,13515,1,1,0,0,1,0,0,0,0,0,0,0,0,0
1864,10,f737459a9c7382ec,2.773641,16.383463,1,13850,1,0,0,0,0,0,0,0,0,0,0,0,0,1
1865,10,75559a32d8c031cc,2.083733,19.265972,1,14298,1,1,0,0,1,0,0,0,0,0,0,0,0,1
1866,10,65cc86e5cf90643a,1.565431,17.952649,1,13953,1,1,0,0,1,0,0,0,0,0,0,0,0,0
1867,10,dad019c60b8bed01,2.219703,16.965999,1,13699,1,0,0,0,0,0,0,0,0,0,0,0,0,1
1868,10,90aaf687ed021db4,1.669248,16.239175,1,14296,1,1,0,0,1,0,0,0,0,0,0,0,0,0
1869,10,9728e54db1452e2d,1.254044,19.157574,1,13927,1,1,0,0,1,0,0,0,0,0,0,0,0,1
1870,10,fa9f3fbead877ee0,1.98577,14.392369,0,13457,1,0,0,0,0,0,0,0,0,0,0,0,0,0
1871,10,a7f27cd681ddecdc,2.537478,17.78427,1,14295,2,1,0,0,1,0,0,0,0,0,0,0,0,1
1872,10,9dedc777a493105f,2.949965,16.839502,1,13751,1,0,0,0,0,0,0,0,0,0,0,0,0,1
1873,10,b3eff97d403f970b,2.216199,19.608577,1,14250,1,1,0,0,1,0,0,0,0,0,0,0,0,1
1874,10,2c0a7227f731e6cd,1.664947,18.210036,1,13979,1,1,0,0,1,0,0,0,0,0,0,0,0,0
1875,10,14d0d43f72dffca0,2.296215,17.174708,1,13563,1,0,0,0,0,0,0,0,0,0,0,0,0,1
1876,10,7453a6cea13d87ef,1.72506,16.381561,1,14473,1,1,0,0,1,0,0,0,0,0,0,0,0,0
1877,10,37bdfc7dd16ac7ec,1.295973,19.264543,1,13698,1,1,0,0,1,0,0,0,0,0,0,0,0,1
1878,10,9172c42294538880,2.018741,14.487211,0,13503,1,0,0,0,0,0,0,0,0,0,0,0,0,0
1879,10,abd48e3889b09177,2.560258,14.362545,1,14190,1,0,0,0,0,0,0,0,0,0,0,0,0,1
1880,10,88e036c970be79ff,1.923426,14.268887,1,13841,1,1,0,0,1,0,0,0,0,0,0,0,0,0
1881,10,c1ca359e4b9d97ba,1.444998,14.198526,1,13911,1,1,0,0,0,0,0,0,0,0,0,0,0,1
1882,10,5ee6a1e2c51f9859,2.13081,17.638497,1,13830,1,0,0,0,1,0,0,0,0,0,0,0,0,1
1883,10,7ab7cdda5c3ea225,1.600798,13.251144,0,14137,1,1,0,0,0,0,0,0,0,0,0,0,0,0
1884,10,9c655571a120862d,2.246273,16.912778,1,14185,1,0,0,0,1,0,0,0,0,0,0,0,0,1
1885,10,93ac4dd807aac88d,2.73338,19.679654,1,13694,2,1,0,0,1,0,0,0,0,0,0,0,0,1
1886,10,eb5f1ee2a4ef9236,1.009833,18.263433,1,13646,0,1,0,0,1,0,0,0,0,0,0,0,0,0
1887,10,226dc20cff35b4a5,2.845956,17.199479,1,14269,2,0,0,0,0,0,0,0,0,0,0,0,0,1
1888,10,9150a6195776a24d,2.13806,19.879014,1,13635,1,1,0,0,1,0,0,0,0,0,0,0,0,1
1889,10,eed6424bf14ecf46,1.607852,14.949302,0,13765,1,1,0,0,0,0,0,0,0,0,0,0,0,0
1890,11,1fd48474a6be9a50,2.251572,18.188541,1,14306,1,0,0,0,1,0,0,0,0,0,0,0,0,1
1891,11,530e0ea8d92a6d51,1.691522,20.0,1,13729,1,1,0,0,1,0,0,0,0,0,0,0,0,1
1892,11,9d91a06f605c6d81,1.272049,15.508083,0,13722,1,1,0,0,0,0,0,0,0,0,0,0,0,0
1893,11,1bedfd585b1aa4b9,1.999296,18.608332,1,14253,1,0,0,0,1,0,0,0,0,0,0,0,0,1
1894,11,26a9669cba5af3ef,1.501996,17.458589,1,13899,1,1,0,0,1,0,0,0,0,0,0,0,0,0
1895,11,4f55c5e4b2d3c044,2.172047,16.59483,1,13926,1,0,0,0,0,0,0,0,0,0,0,0,0,1
1896,11,429a6cfc04b09590,1.63341,15.96005,1,14065,1,1,0,0,1,0,0,0,0,0,0,0,0,0
1897,11,bfd1095e82cc3b3f,1.22712,18.947878,1,13748,1,1,0,0,1,0,0,0,0,0,0,0,0,1
1898,11,e8a24dfe484cb614,1.965543,14.234832,0,14086,1,0,0,0,0,0,0,0,0,0,0,0,0,0
1899,11,a8eb40163c807ab7,1.478116,17.6658,1,13776,1,1,0,0,1,0,0,0,0,0,0,0,0,1
1900,11,b734eb68cadec0ba,1.110453,16.7505,1,13505,1,1,0,0,0,0,0,0,0,0,0,0,0,1
1901,11,03ed9d518f369873,1.877896,16.062869,1,14629,1,0,0,0,1,0,0,0,0,0,0,0,0,0
1902,11,cd43fcebe8f5e6e6,1.410793,19.025122,1,13741,1,1,0,0,1,0,0,0,0,0,0,0,0,1
1903,11,338e1a6d9a9334b5,1.060936,17.787665,1,13606,1,1,0,0,1,0,0,0,0,0,0,0,0,0
1904,11,f71f04d2a5841727,1.840695,16.842052,1,14545,1,0,0,0,0,0,0,0,0,0,0,0,0,1
1905,11,dab4ff966e399802,1.382845,16.131649,1,13453,1,1,0,0,1,0,0,0,0,0,0,0,0,0
1906,11,339e340883d8ecaf,1.039919,19.092233,1,13827,1,1,0,0,1,0,0,0,0,0,0,0,0,1
1907,11,0f3eea50b2030a66,1.824906,14.343281,0,14083,1,0,0,0,0,0,0,0,0,0,0,0,0,0
1908,11,157d3461e0a7f335,1.370984,17.73326,1,14184,1,1,0,0,1,0,0,0,0,0,0,0,0,1
1909,11,f1991b9aba19249f,2.073622,16.80118,1,14050,2,1,0,0,0,0,0,0,0,0,0,0,0,1
1910,11,f0cae4ef532c2023,2.603544,19.59573,1,13693,1,0,0,0,1,0,0,0,0,0,0,0,0,1
1911,11,3dc875a761d5c5ef,1.955945,18.200384,1,14174,1,1,0,0,1,0,0,0,0,0,0,0,0,0
1912,11,e90cc852e180b7a9,2.513082,17.152113,1,14063,1,0,0,0,0,0,0,0,0,0,0,0,0,1
1913,11,0843c071791750a4,1.889873,16.379135,1,13716,1,1,0,0,1,0,0,0,0,0,0,0,0,0
1914,11,e7652621d19bb2aa,1.419791,19.262721,1,13533,1,1,0,0,1,0,0,0,0,0,0,0,0,1
1915,11,83403ab2ce2e5edc,2.110289,17.950207,1,14285,1,0,0,0,0,0,0,0,0,0,0,0,0,1
1916,11,31f44b91b5854a60,1.585382,16.964164,1,13806,1,1,0,0,1,0,0,0,0,0,0,0,0,0
1917,11,9eeb382b0724ec5e,2.23638,16.237795,1,13654,1,0,0,0,0,0,0,0,0,0,0,0,0,1
1918,11,8cf44fb6a5bc2678,1.680109,15.677693,1,14548,1,1,0,0,1,0,0,0,0,0,0,0,0,0
1919,11,26302fd6db433208,1.262203,15.256909,1,13484,1,1,0,0,0,0,0,0,0,0,0,0,0,1
1920,11,212d5aa4658ea2f7,1.993345,14.953915,1,14029,1,0,0,0,1,0,0,0,0,0,0,0,0,0
1921,11,37a5a18fb6caef37,1.497526,18.192006,1,13954,1,1,0,0,1,0,0,0,0,0,0,0,0,1
1922,11,79c0b206a03c3fd7,1.125035,20.0,1,13791,1,1,0,0,1,0,0,0,0,0,0,0,0,1
1923,11,c2376b0af88b997c,2.932503,18.973383,1,14142,2,0,0,0,0,0,0,0,0,0,0,0,0,1
1924,11,6484211bcaa3988b,2.205284,17.748756,1,13759,1,1,0,0,1,0,0,0,0,0,0,0,0,0
1925,11,bb6c2f7a25964c84,2.700401,16.812821,1,13842,1,0,0,0,0,0,0,0,0,0,0,0,0,1
1926,11,66b1f64089a6f384,2.02871,16.109689,1,14143,1,1,0,0,1,0,0,0,0,0,0,0,0,0
1927,11,ea8c132e457af786,2.56977,15.595217,1,13768,1,0,0,0,0,0,0,0,0,0,0,0,0,1
1928,11,052f36be903b4c06,1.930572,15.194948,1,13761,1,1,0,0,1,0,0,0,0,0,0,0,0,0
1929,11,8e82ec90f90651e7,1.450366,18.373086,1,14330,1,1,0,0,1,0,0,0,0,0,0,0,0,1
1930,11,4f7951c9fb9652a2,3.176913,17.281857,1,13690,2,0,0,0,0,0,0,0,0,0,0,0,0,1
1931,11,f016206e344ce587,1.344933,16.476704,1,14127,0,1,0,0,1,0,0,0,0,0,0,0,0,0
1932,11,5ba81e783bc90e5a,1.010398,15.857177,1,13760,1,1,0,0,1,0,0,0,0,0,0,0,0,0
1933,11,9d8db8f22ff60f9d,2.846381,15.391749,1,14144,2,0,0,0,0,0,0,0,0,0,0,0,0,1
1934,11,44ad3895b244c363,2.140519,18.535818,1,13832,1,1,0,0,1,0,0,0,0,0,0,0,0,1
1935,11,cc16e3530e32ee8b,1.608092,13.925267,0,13546,1,1,0,0,0,0,0,0,0,0,0,0,0,0
1936,11,95452af7553c0133,2.251753,17.419221,1,14059,1,0,0,0,1,0,0,0,0,0,0,0,0,1
1937,11,2e6d374222f73db6,1.691658,16.565254,1,14194,1,1,0,0,1,0,0,0,0,0,0,0,0,0
1938,11,608bf612bfc52405,2.316301,15.937809,1,13753,1,0,0,0,0,0,0,0,0,0,0,0,0,1
1939,11,758d8a2ae1333514,1.74015,18.931169,1,13872,1,1,0,0,1,0,0,0,0,0,0,0,0,1
1940,11,bb57d5d6b5031988,2.350963,14.22228,0,14112,1,0,0,0,0,0,0,0,0,0,0,0,0,0
1941,11,40a994be4c9833b6,1.767958,17.65636,1,13792,1,1,0,0,1,0,0,0,0,0,0,0,0,1
1942,11,7a87c9864933bd97,2.371854,20.0,1,13630,2,1,0,0,1,0,0,0,0,0,0,0,0,1
1943,11,b17ee36b57063304,2.825539,15.192222,0,14329,1,0,0,0,0,0,0,0,0,0,0,0,0,0
1944,11,d16904caca12bdc5,2.122722,18.371038,1,13600,1,1,0,0,1,0,0,0,0,0,0,0,0,1
1945,11,405feb5ad846f68c,2.640467,13.815282,0,14269,1,0,0,0,0,0,0,0,0,0,0,0,0,0
1946,11,4bf3619e34d0ac81,1.983684,17.336594,1,14237,1,1,0,0,1,0,0,0,0,0,0,0,0,1
1947,11,14a07418a65d7f77,1.490268,19.982024,1,13421,1,1,0,0,1,0,0,0,0,0,0,0,0,1
1948,11,0e3b20ca4800dc75,2.164853,15.026767,0,14216,1,0,0,0,0,0,0,0,0,0,0,0,0,0
1949,11,bf7d0e1a502257a1,1.626373,18.246737,1,13905,1,1,0,0,1,0,0,0,0,0,0,0,0,1
1950,11,70f957e877d800be,2.265487,17.186936,1,13557,1,0,0,0,0,0,0,0,0,0,0,0,0,1
1951,11,8712803a110e88db,1.701976,16.390747,1,14396,1,1,0,0,1,0,0,0,0,0,0,0,0,0
1952,11,7a520e3e28d57b33,1.27991,19.287079,1,13395,1,1,0,0,1,0,0,0,0,0,0,0,0,1
1953,11,50be05e6fbc0a419,2.005202,14.489661,0,14165,1,0,0,0,0,0,0,0,0,0,0,0,0,0
1954,11,4fe12e4458e29e5f,1.506433,17.84323,1,13965,1,1,0,0,1,0,0,0,0,0,0,0,0,1
1955,11,d29f43d0f75613e6,2.17701,13.418363,0,13786,1,0,0,0,0,0,0,0,0,0,0,0,0,0
1956,11,852e6924b6fdd9fe,1.635506,17.038404,1,14109,1,1,0,0,1,0,0,0,0,0,0,0,0,1
1957,11,39e5294c4fff933b,1.228695,12.800316,0,13994,1,1,0,0,0,0,0,0,0,0,0,0,0,0
1958,11,bb0a823fea513c20,1.966726,16.574088,1,13892,1,0,0,0,1,0,0,0,0,0,0,0,0,1
1959,11,6195266281aa8e1f,1.479006,15.944452,1,13909,1,1,0,0,1,0,0,0,0,0,0,0,0,0
1960,11,d64483c707d268bd,2.154775,15.457315,1,13617,1,0,0,0,0,0,0,0,0,0,0,0,0,1
1961,11,dbb93a0338025b46,1.618802,18.570192,1,13927,1,1,0,0,1,0,0,0,0,0,0,0,0,1
1962,11,a3f36def327c8cf8,1.217362,13.965049,0,14115,1,1,0,0,0,0,0,0,0,0,0,0,0,0
1963,11,ed50bc2c25dca899,1.958212,17.449108,1,13665,1,0,0,0,1,0,0,0,0,0,0,0,0,1
1964,11,dfc69e6d229c78cb,1.471131,16.587707,1,14043,1,1,0,0,1,0,0,0,0,0,0,0,0,0
1965,11,3bdfaf5cb39e3e91,2.148859,15.940569,1,14150,1,0,0,0,0,0,0,0,0,0,0,0,0,1
1966,11,77e1ae7b7fc60099,1.615973,15.468037,1,13641,1,1,0,0,1,0,0,0,0,0,0,0,0,0
1967,11,7509e39a735d586d,2.257673,15.099402,1,14349,1,0,0,0,0,0,0,0,0,0,0,0,0,1
1968,11,cdb5d6908db19639,1.696106,18.301306,1,13875,1,1,0,0,1,0,0,0,0,0,0,0,0,1
1969,11,de9d6b346cf6c702,2.319646,20.0,1,13722,2,1,0,0,1,0,0,0,0,0,0,0,0,1
1970,11,450ee3754dcc66be,2.786317,15.569051,0,14236,1,0,0,0,0,0,0,0,0,0,0,0,0,0
1971,11,7fb7c51477e59c6f,2.093256,18.654135,1,13890,1,1,0,0,1,0,0,0,0,0,0,0,0,1
1972,11,89e90233881411bd,1.572585,20.0,1,13673,1,1,0,0,1,0,0,0,0,0,0,0,0,1
1973,11,1c34042e65e9d952,2.226757,19.251627,1,14268,1,0,0,0,0,0,0,0,0,0,0,0,0,1
1974,11,090d669b8eb48b47,1.672879,17.941872,1,13949,1,1,0,0,1,0,0,0,0,0,0,0,0,0
1975,11,aa46e1386cbcb2d8,2.300425,16.957902,1,13370,1,0,0,0,0,0,0,0,0,0,0,0,0,1
1976,11,a703dcbfe43c9094,1.729952,19.713588,1,14279,1,1,0,0,1,0,0,0,0,0,0,0,0,1
1977,11,e9893cd0331a68f6,1.299648,18.288926,1,13741,1,1,0,0,1,0,0,0,0,0,0,0,0,0
1978,11,99d7e6e7e965e1df,3.063684,17.218631,1,13947,2,0,0,0,0,0,0,0,0,0,0,0,0,1
1979,11,de8aeae70ef568fe,2.301631,19.893403,1,14142,1,1,0,0,1,0,0,0,0,0,0,0,0,1
1980,11,b5c2e13c314156a5,0.686709,14.960122,0,13670,0,1,0,0,0,0,0,0,0,0,0,0,0,0
1981,11,f3a1deef1eed2a32,1.559552,14.717825,1,14345,1,0,0,0,1,0,0,0,0,0,0,0,0,0
1982,11,01bd8ccda4b5a87f,1.171633,18.014641,1,13820,1,1,0,0,1,0,0,0,0,0,0,0,0,1
1983,11,b0118edd2f2e2ec7,2.969386,17.027768,1,13734,2,0,0,0,0,0,0,0,0,0,0,0,0,1
1984,11,749d8db69b1c0c70,2.230789,19.750015,1,13921,1,1,0,0,1,0,0,0,0,0,0,0,0,1
1985,11,9ffd20adc9353801,1.675908,18.316292,1,14042,1,1,0,0,1,0,0,0,0,0,0,0,0,0
1986,11,ca30993af21f52b3,2.3027,17.23919,1,13912,1,0,0,0,0,0,0,0,0,0,0,0,0,1
1987,11,d6872e0f89eb2d37,1.731664,19.92512,1,14004,1,1,0,0,1,0,0,0,0,0,0,0,0,1
1988,11,36772866a3603432,1.300934,14.968998,0,13704,1,1,0,0,0,0,0,0,0,0,0,0,0,0
1989,11,bd0bc4661a6ec162,2.020997,18.203338,1,14054,1,0,0,0,1,0,0,0,0,0,0,0,0,1
1990,11,9469ffba31218deb,1.519818,20.0,1,14143,1,1,0,0,1,0,0,0,0,0,0,0,0,1
1991,11,c7d8eebce0caa6a9,2.185436,20.0,1,13454,2,1,0,0,1,0,0,0,0,0,0,0,0,1
1992,11,60de7c638987cfc4,2.68549,20.0,1,14511,1,0,0,0,0,0,0,0,0,0,0,0,0,1
1993,11,bb5eb43a9d16e24f,2.017508,18.775123,1,13907,1,1,0,0,1,0,0,0,0,0,0,0,0,0
1994,11,60ee1f77e2920155,2.561345,17.599662,1,13419,1,0,0,0,0,0,0,0,0,0,0,0,0,1
1995,11,87c333d4b216c8e0,1.924243,20.0,1,14388,1,1,0,0,1,0,0,0,0,0,0,0,0,1
1996,11,5e079b8d97b60e1e,1.445612,15.160222,0,13906,1,1,0,0,0,0,0,0,0,0,0,0,0,0
1997,11,76a4cfd026339cdd,2.131271,18.361706,1,13538,1,0,0,0,1,0,0,0,0,0,0,0,0,1
1998,11,33e0c0fe625a5409,2.644798,20.0,1,14523,2,1,0,0,1,0,0,0,0,0,0,0,0,1
1999,11,0ce08f8f0de6d99c,3.030591,15.590317,0,13700,1,0,0,0,0,0,0,0,0,0,0,0,0,0
2000,11,902b52f9870e04e5,2.27677,18.670111,1,13373,1,1,0,0,1,0,0,0,0,0,0,0,0,1
2001,11,a5403904baca4e07,2.756314,14.04019,0,14517,1,0,0,0,0,0,0,0,0,0,0,0,0,0
2002,11,51b85b00b8c4e556,2.070716,17.505559,1,13579,1,1,0,0,1,0,0,0,0,0,0,0,0,1
2003,11,107a7c39312ff4cd,1.555651,16.630116,1,14435,1,1,0,0,1,0,0,0,0,0,0,0,0,0
2004,11,4eef428587a04c35,2.214022,15.986586,1,13744,1,0,0,0,0,0,0,0,0,0,0,0,0,1
2005,11,0026b6df710aab87,1.663312,18.967814,1,13475,1,1,0,0,1,0,0,0,0,0,0,0,0,1
2006,11,39a19a87466faf37,2.293238,14.249809,0,14660,1,0,0,0,0,0,0,0,0,0,0,0,0,0
2007,11,f4100f58dc85ee81,1.722824,17.663038,1,13589,1,1,0,0,1,0,0,0,0,0,0,0,0,1
2008,11,d2de8aad0abb02f3,1.295588,20.0,1,13755,1,1,0,0,1,0,0,0,0,0,0,0,0,1
2009,11,338158322e3b8108,2.01698,15.208455,0,14148,1,0,0,0,0,0,0,0,0,0,0,0,0,0
2010,11,a8dba758fda8029d,1.515282,18.383233,1,13888,1,1,0,0,1,0,0,0,0,0,0,0,0,1
2011,11,5c2fa7fdf12aceed,1.139514,20.0,1,13839,1,1,0,0,1,0,0,0,0,0,0,0,0,1
2012,11,edf4bedf46764e28,2.943381,19.094181,1,14103,2,0,0,0,0,0,0,0,0,0,0,0,0,1
2013,11,827f8d74cb983c49,2.211252,17.823589,1,13701,1,1,0,0,1,0,0,0,0,0,0,0,0,0
2014,11,bcdfffb3fe43af91,1.661231,20.0,1,14479,1,1,0,0,1,0,0,0,0,0,0,0,0,1
2015,11,77d746a3c57cb485,2.29342,15.3019,0,13553,1,0,0,0,0,0,0,0,0,0,0,0,0,0
2016,11,6b3879a62b3f40b8,1.722961,18.453434,1,13709,1,1,0,0,1,0,0,0,0,0,0,0,0,1
2017,11,e883875b743cdffb,1.294396,17.34222,1,14430,1,1,0,0,1,0,0,0,0,0,0,0,0,0
2018,11,11bdd60f78ce5763,2.017555,16.522098,1,13927,1,0,0,0,0,0,0,0,0,0,0,0,0,1
2019,11,21f121f02a739dca,1.515713,15.891279,1,13485,1,1,0,0,1,0,0,0,0,0,0,0,0,0
2020,11,7c931c8a7ecf1804,2.182352,15.417369,1,14480,1,0,0,0,0,0,0,0,0,0,0,0,0,1
2021,11,06c03662777a8a8a,1.63952,15.061337,1,13809,1,1,0,0,1,0,0,0,0,0,0,0,0,0
2022,11,00d3e70d575c1cc8,2.277093,14.806842,1,13550,1,0,0,0,0,0,0,0,0,0,0,0,0,1
2023,11,a97e2dc923884b5c,1.710695,14.602671,1,14406,1,1,0,0,1,0,0,0,0,0,0,0,0,0
2024,11,1ff6e02adfcb271f,3.372488,14.449286,1,13618,2,0,0,0,0,0,0,0,0,0,0,0,0,1
2025,11,7a7a5388b9e1339f,2.536159,17.827072,1,13501,1,1,0,0,1,0,0,0,0,0,0,0,0,1
2026,11,2bd8158f7001cf94,1.905321,13.392813,0,14498,1,1,0,0,0,0,0,0,0,0,0,0,0,0
2027,11,119c6557b567d0d3,2.47505,17.019209,1,13744,1,0,0,0,1,0,0,0,0,0,0,0,0,1
2028,11,60f53b043f0c969a,1.859413,16.26474,1,14177,1,1,0,0,1,0,0,0,0,0,0,0,0,0
2029,11,b14412ce9c3c380e,2.442455,15.711818,1,13629,1,0,0,0,0,0,0,0,0,0,0,0,0,1
2030,11,1045370e9a364a0b,1.834925,15.282546,1,14001,1,1,0,0,1,0,0,0,0,0,0,0,0,0
2031,11,54086a9ffbc47c99,1.378511,18.438894,1,14137,1,1,0,0,1,0,0,0,0,0,0,0,0,1
2032,11,ee74c7cb445bf718,2.08081,13.866311,0,13836,1,0,0,0,0,0,0,0,0,0,0,0,0,0
2033,11,c4369b3d231a8a21,1.563235,17.37493,1,13574,1,1,0,0,1,0,0,0,0,0,0,0,0,1
2034,11,dafe06c768657ba9,1.1744,20.0,1,14352,1,1,0,0,1,0,0,0,0,0,0,0,0,1
2035,11,787094a570406405,1.925936,15.033385,0,13814,1,0,0,0,0,0,0,0,0,0,0,0,0,0
2036,11,dbe7aa482146fb15,1.448331,18.266323,1,13597,1,1,0,0,1,0,0,0,0,0,0,0,0,1
2037,11,4c070e3fedb570ba,2.131731,13.722806,0,14067,1,0,0,0,0,0,0,0,0,0,0,0,0,0
2038,11,ef1139ebb7f9d84c,1.60149,17.26712,1,13921,1,1,0,0,1,0,0,0,0,0,0,0,0,1
2039,11,f746b493787f8a3f,1.204343,16.465622,1,14287,1,1,0,0,1,0,0,0,0,0,0,0,0,0
2040,11,a71581b1771f4af3,1.948431,15.848851,1,13748,2,1,0,0,0,0,0,0,0,0,0,0,0,1
2041,11,16ed345d52e0ecbb,2.507437,18.864338,1,13605,1,0,0,0,1,0,0,0,0,0,0,0,0,1
2042,11,58be4a86983d1e51,1.883744,17.650917,1,14640,1,1,0,0,1,0,0,0,0,0,0,0,0,0
2043,11,befb2691adff752a,2.460753,16.754243,1,13563,1,0,0,0,0,0,0,0,0,0,0,0,0,1
2044,11,fbbd69a82364ea51,1.848671,19.544525,1,13685,1,1,0,0,1,0,0,0,0,0,0,0,0,1
2045,11,914dc062cb5f30f4,2.432491,14.683071,0,14386,1,0,0,0,0,0,0,0,0,0,0,0,0,0
2046,11,da412f040fb815de,1.829268,18.002882,1,13816,1,1,0,0,1,0,0,0,0,0,0,0,0,1
2047,11,040c87c9bb351b86,1.374261,17.003737,1,13455,1,1,0,0,1,0,0,0,0,0,0,0,0,0
2048,11,baa0a51dbfb35e10,2.076084,16.253116,1,14691,1,0,0,0,0,0,0,0,0,0,0,0,0,1
2049,11,33da2dbe4819cf4a,1.559684,15.689203,1,13520,1,1,0,0,1,0,0,0,0,0,0,0,0,0
2050,11,5dc98b0dc635d04e,1.172905,18.759508,1,14326,1,1,0,0,1,0,0,0,0,0,0,0,0,1
2051,11,f2e252402c3851af,1.924813,14.093317,0,13781,1,0,0,0,0,0,0,0,0,0,0,0,0,0
2052,11,36e9d6aa6d837ef9,1.44604,17.545471,1,13623,1,1,0,0,1,0,0,0,0,0,0,0,0,1
2053,11,8f967b6ca3488b4d,2.131593,20.0,1,14221,2,1,0,0,1,0,0,0,0,0,0,0,0,1
2054,11,e5c13195d7b4a50c,2.64504,18.620879,1,13952,1,0,0,0,0,0,0,0,0,0,0,0,0,1
2055,11,c84f9429392f3c36,1.987119,17.468015,1,13609,1,1,0,0,1,0,0,0,0,0,0,0,0,0
2056,11,12f94bae65ca7288,2.536502,16.601911,1,14358,1,0,0,0,0,0,0,0,0,0,0,0,0,1
2057,11,0af5416e230828ed,1.907486,15.965375,1,13656,1,1,0,0,1,0,0,0,0,0,0,0,0,0
2058,11,219007d8eace7291,1.433023,18.951879,1,13826,1,1,0,0,1,0,0,0,0,0,0,0,0,1
2059,11,41d01bf676ff6f6e,2.12023,14.237838,0,14266,1,0,0,0,0,0,0,0,0,0,0,0,0,0
2060,11,31524e107587d129,1.594443,17.668061,1,13797,1,1,0,0,1,0,0,0,0,0,0,0,0,1
2061,11,f9868fd7d8f84a5c,1.197845,16.752198,1,13656,1,1,0,0,1,0,0,0,0,0,0,0,0,0
2062,11,339143e749733910,1.94355,16.064145,1,14215,1,0,0,0,0,0,0,0,0,0,0,0,0,1
2063,11,0a8711fd3c06f17b,1.460116,15.547236,1,14038,1,1,0,0,1,0,0,0,0,0,0,0,0,0
2064,11,cadf637f4d1e6748,2.142179,15.172245,1,13893,1,0,0,0,0,0,0,0,0,0,0,0,0,1
2065,11,2ed8dd7fadaea44c,1.609339,18.356029,1,13791,1,1,0,0,1,0,0,0,0,0,0,0,0,1
2066,11,03f2e07b0e82cefc,2.252689,20.0,1,14046,2,1,0,0,1,0,0,0,0,0,0,0,0,1
2067,11,d64249ecffab4fb5,2.738205,15.602707,0,14005,1,0,0,0,0,0,0,0,0,0,0,0,0,0
2068,11,3f2736ee82e61839,2.057111,18.67942,1,13764,1,1,0,0,1,0,0,0,0,0,0,0,0,1
2069,11,13a5f0293c2732f4,1.545431,17.511994,1,13650,1,1,0,0,0,0,0,0,0,0,0,0,0,1
2070,11,2dea54f93c7a32c4,2.204678,20.0,1,14390,1,0,0,0,1,0,0,0,0,0,0,0,0,1
2071,11,e8b739c1ffdbb2df,1.657949,18.606363,1,13750,1,1,0,0,1,0,0,0,0,0,0,0,0,0
2072,11,d5fcbc0f2d56db52,2.289208,17.457109,1,13427,1,0,0,0,0,0,0,0,0,0,0,0,0,1
2073,11,a24678b460336f70,1.719797,20.0,1,14780,1,1,0,0,1,0,0,0,0,0,0,0,0,1
2074,11,17ad021c50292562,1.293312,18.575355,1,13384,1,1,0,0,1,0,0,0,0,0,0,0,0,0
2075,11,beefa74121978524,2.01527,17.433814,1,14486,1,0,0,0,0,0,0,0,0,0,0,0,0,1
2076,11,4290a3175471a419,1.513997,16.576217,1,13697,1,1,0,0,1,0,0,0,0,0,0,0,0,0
2077,11,91c029e73d74cbbc,1.137409,19.410782,1,13782,1,1,0,0,1,0,0,0,0,0,0,0,0,1
2078,12,1fd48474a6be9a50,1.899499,14.597184,0,14178,1,0,0,0,0,0,0,0,0,0,0,0,0,0
2079,12,530e0ea8d92a6d51,1.427022,17.924008,1,13871,1,1,0,0,1,0,0,0,0,0,0,0,0,1
2080,12,9d91a06f605c6d81,1.072068,16.944482,1,13873,1,1,0,0,1,0,0,0,0,0,0,0,0,0
2081,12,1bedfd585b1aa4b9,2.894512,16.222993,1,13986,2,0,0,0,0,0,0,0,0,0,0,0,0,1
2082,12,26a9669cba5af3ef,2.174539,19.145418,1,13799,1,1,0,0,1,0,0,0,0,0,0,0,0,1
2083,12,4f55c5e4b2d3c044,2.677303,17.862081,1,13847,1,0,0,0,0,0,0,0,0,0,0,0,0,1
2084,12,429a6cfc04b09590,2.011358,20.0,1,14317,1,1,0,0,1,0,0,0,0,0,0,0,0,1
2085,12,bfd1095e82cc3b3f,2.55672,15.323646,0,13748,1,0,0,0,0,0,0,0,0,0,0,0,0,0
2086,12,e8a24dfe484cb614,1.920768,18.469772,1,14025,1,1,0,0,1,0,0,0,0,0,0,0,0,1
2087,12,a8eb40163c807ab7,1.443001,17.354493,1,13938,1,1,0,0,1,0,0,0,0,0,0,0,0,0
2088,12,b734eb68cadec0ba,2.129308,16.531328,1,13732,1,0,0,0,0,0,0,0,0,0,0,0,0,1
2089,12,03ed9d518f369873,1.59967,15.898213,1,14081,1,1,0,0,1,0,0,0,0,0,0,0,0,0
2090,12,cd43fcebe8f5e6e6,1.201772,18.901422,1,13642,1,1,0,0,1,0,0,0,0,0,0,0,0,1
2091,12,338e1a6d9a9334b5,1.9465,14.199932,0,14220,1,0,0,0,0,0,0,0,0,0,0,0,0,0
2092,12,f71f04d2a5841727,2.507946,17.639555,1,13952,2,1,0,0,1,0,0,0,0,0,0,0,0,1
2093,12,dab4ff966e399802,2.927779,16.730783,1,13713,1,0,0,0,0,0,0,0,0,0,0,0,0,1
2094,12,339e340883d8ecaf,2.199531,19.526901,1,13822,1,1,0,0,1,0,0,0,0,0,0,0,0,1
2095,12,0f3eea50b2030a66,1.654079,18.165009,1,14382,1,1,0,0,1,0,0,0,0,0,0,0,0,0
2096,12,157d3461e0a7f335,2.286301,17.125537,1,13654,1,0,0,0,0,0,0,0,0,0,0,0,0,1
2097,12,f1991b9aba19249f,1.717612,16.34462,1,13572,1,1,0,0,1,0,0,0,0,0,0,0,0,0
2098,12,f0cae4ef532c2023,1.290378,19.236791,1,14466,1,1,0,0,1,0,0,0,0,0,0,0,0,1
2099,12,3dc875a761d5c5ef,2.014533,14.466341,0,13580,1,0,0,0,0,0,0,0,0,0,0,0,0,0
2100,12,e90cc852e180b7a9,1.513443,17.82571,1,14314,1,1,0,0,1,0,0,0,0,0,0,0,0,1
2101,12,0843c071791750a4,2.180647,16.870634,1,13849,1,0,0,0,0,0,0,0,0,0,0,0,0,1
2102,12,e7652621d19bb2aa,2.684028,16.167459,1,13427,2,1,0,0,1,0,0,0,0,0,0,0,0,0
2103,12,83403ab2ce2e5edc,3.060063,15.624852,1,14520,1,0,0,0,0,0,0,0,0,0,0,0,0,1
2104,12,31f44b91b5854a60,2.298911,15.217212,1,13715,1,1,0,0,1,0,0,0,0,0,0,0,0,0
2105,12,9eeb382b0724ec5e,1.727086,18.389811,1,14000,1,1,0,0,1,0,0,0,0,0,0,0,0,1
2106,12,8cf44fb6a5bc2678,2.342944,13.8294,0,13903,1,0,0,0,0,0,0,0,0,0,0,0,0,0
2107,12,26302fd6db433208,1.760166,17.347201,1,13946,1,1,0,0,1,0,0,0,0,0,0,0,0,1
2108,12,212d5aa4658ea2f7,2.366,13.032303,0,13760,1,0,0,0,0,0,0,0,0,0,0,0,0,0
2109,12,37a5a18fb6caef37,1.779266,16.761481,1,13946,1,1,0,0,1,0,0,0,0,0,0,0,0,1
2110,12,79c0b206a03c3fd7,2.380349,12.592274,0,13893,1,0,0,0,0,0,0,0,0,0,0,0,0,0
2111,12,c2376b0af88b997c,1.788267,16.417794,1,14324,1,1,0,0,1,0,0,0,0,0,0,0,0,1
2112,12,6484211bcaa3988b,1.343459,15.812919,1,13806,1,1,0,0,1,0,0,0,0,0,0,0,0,0
2113,12,bb6c2f7a25964c84,2.05445,15.372042,1,13773,1,0,0,0,0,0,0,0,0,0,0,0,0,1
2114,12,66b1f64089a6f384,1.543432,18.50613,1,14193,1,1,0,0,1,0,0,0,0,0,0,0,0,1
2115,12,ea8c132e457af786,1.159523,17.381808,1,13916,1,1,0,0,1,0,0,0,0,0,0,0,0,0
2116,12,052f36be903b4c06,2.960279,16.551869,1,13824,2,0,0,0,0,0,0,0,0,0,0,0,0,1
2117,12,8e82ec90f90651e7,2.223947,19.39249,1,13783,1,1,0,0,1,0,0,0,0,0,0,0,0,1
2118,12,4f7951c9fb9652a2,1.670768,20.0,1,14143,1,1,0,0,1,0,0,0,0,0,0,0,0,1
2119,12,f016206e344ce587,2.298839,16.172086,0,13953,1,0,0,0,0,0,0,0,0,0,0,0,0,0
2120,12,5ba81e783bc90e5a,1.72876,19.122642,1,14122,1,1,0,0,1,0,0,0,0,0,0,0,0,1
2121,12,7a07c461c79b1e53,2.342406,14.366126,0,13674,1,0,0,0,0,0,0,0,0,0,0,0,0,0
2122,12,08f4476ffa31dac3,1.759762,17.750423,1,14139,1,1,0,0,1,0,0,0,0,0,0,0,0,1
2123,12,a69e4e6735ff3977,1.323366,16.829073,1,13969,1,1,0,0,1,0,0,0,0,0,0,0,0,0
2124,12,260e5aa1d8f47503,0.994195,16.121898,1,13472,1,1,0,0,0,0,0,0,0,0,0,0,0,1
2125,12,9dfac611e041007e,1.790555,15.590624,1,14561,1,0,0,0,1,0,0,0,0,0,0,0,0,0
2126,12,721de4ec54375ef7,1.345177,18.670342,1,13632,1,1,0,0,1,0,0,0,0,0,0,0,0,1
2127,12,6f8d7911e0b9e753,2.055743,14.040363,0,13594,1,0,0,0,0,0,0,0,0,0,0,0,0,0
2128,12,404b6574dd021f5d,1.544403,17.505689,1,14157,1,1,0,0,1,0,0,0,0,0,0,0,0,1
2129,12,e35a6455d78bafd7,1.160252,16.630214,1,13918,1,1,0,0,1,0,0,0,0,0,0,0,0,0
2130,12,501ee790029bb4ef,1.916677,15.98666,1,13728,1,0,0,0,0,0,0,0,0,0,0,0,0,1
2131,12,70389cda45c93358,1.439927,15.489024,1,14327,1,1,0,0,1,0,0,0,0,0,0,0,0,0
2132,12,754645a6b7b4ca0c,1.081764,15.11517,1,13684,1,1,0,0,0,0,0,0,0,0,0,0,0,1
2133,12,cdb83f84a87dfa0d,1.856342,14.834306,1,14348,1,0,0,0,1,0,0,0,0,0,0,0,0,0
2134,12,c4cf83697eb30892,1.395996,18.116613,1,13435,1,1,0,0,1,0,0,0,0,0,0,0,0,1
2135,12,7f5b7996849c02f2,3.136066,17.089179,1,14164,2,0,0,0,0,0,0,0,0,0,0,0,0,1
2136,12,098f274bf4d8b821,2.356009,16.317306,1,14082,1,1,0,0,1,0,0,0,0,0,0,0,0,0
2137,12,77668fe9943ec14d,1.771752,19.23185,1,13696,1,1,0,0,1,0,0,0,0,0,0,0,0,1
2138,12,9334baa4842ce81e,2.374705,14.44817,0,13758,1,0,0,0,0,0,0,0,0,0,0,0,0,0
2139,12,1fc1f7c0eea9b018,1.784027,17.812059,1,14380,1,1,0,0,1,0,0,0,0,0,0,0,0,1
2140,12,6b4c103366534787,1.340273,16.860379,1,13875,1,1,0,0,0,0,0,0,0,0,0,0,0,1
2141,12,2ac01b460a9fb2d1,2.052055,16.159747,1,13778,1,0,0,0,1,0,0,0,0,0,0,0,0,0
2142,12,be65dd4e30de95ed,1.541632,19.097903,1,13980,1,1,0,0,1,0,0,0,0,0,0,0,0,1
2143,12,01fd73c5ec40b8f5,2.201824,14.34754,0,13998,1,0,0,0,0,0,0,0,0,0,0,0,0,0
2144,12,208fcfb3800a27c3,1.655803,17.750558,1,13630,1,1,0,0,1,0,0,0,0,0,0,0,0,1
2145,12,fb4a956a68d20f66,2.287596,13.335331,0,14421,1,0,0,0,0,0,0,0,0,0,0,0,0,0
2146,12,238d2c959efc4974,1.718585,16.976025,1,13411,1,1,0,0,1,0,0,0,0,0,0,0,0,1
2147,12,dc498bc00718d94f,1.291109,19.711142,1,14714,1,1,0,0,1,0,0,0,0,0,0,0,0,1
2148,12,bdd45bc796f1d786,2.015083,14.82306,0,13726,1,0,0,0,0,0,0,0,0,0,0,0,0,0
2149,12,df104888f2f6eca1,2.55751,18.0937,1,13544,2,1,0,0,1,0,0,0,0,0,0,0,0,1
2150,12,934693e62bbe62b9,1.921362,17.071965,1,14504,1,1,0,0,0,0,0,0,0,0,0,0,0,1
2151,12,3854cc71182b2b21,2.489042,19.799364,1,13397,1,0,0,0,1,0,0,0,0,0,0,0,0,1
2152,12,cd5d537970712c70,1.869924,18.353367,1,13769,1,1,0,0,1,0,0,0,0,0,0,0,0,0
2153,12,e93208213ce684ad,2.448457,17.267043,1,14284,1,0,0,0,0,0,0,0,0,0,0,0,0,1
2154,12,f416bec425c5f2f4,1.839434,16.450928,1,13926,1,1,0,0,1,0,0,0,0,0,0,0,0,0
2155,12,914cbe8d38a61aa6,2.427431,15.851834,1,13463,1,0,0,0,0,0,0,0,0,0,0,0,0,1
2156,12,1302bfc3c8b28812,1.823639,15.387735,1,14554,1,1,0,0,1,0,0,0,0,0,0,0,0,0
2157,12,baff74c7fb1631bb,1.370031,18.517919,1,13391,1,1,0,0,1,0,0,0,0,0,0,0,0,1
2158,12,60088fbfee3e6905,2.074434,13.925739,0,14238,1,0,0,0,0,0,0,0,0,0,0,0,0,0
2159,12,b892c11b0181a7f8,1.558444,17.419576,1,13832,1,1,0,0,1,0,0,0,0,0,0,0,0,1
2160,12,6e7204e34c7241fe,1.170801,16.565521,1,13992,1,1,0,0,0,0,0,0,0,0,0,0,0,1
2161,12,0f46b37f71c42729,1.923232,15.923901,1,14170,1,0,0,0,1,0,0,0,0,0,0,0,0,0
2162,12,1ee4a057d32eca18,1.446298,18.936004,1,13448,1,1,0,0,1,0,0,0,0,0,0,0,0,1
2163,12,42b45be1bcdc983b,3.173856,17.704756,1,13867,2,0,0,0,0,0,0,0,0,0,0,0,0,1
2164,12,db54b2fda90ab011,2.3844,20.0,1,14312,1,1,0,0,1,0,0,0,0,0,0,0,0,1
2165,12,2a054642e13bf486,2.837253,15.234764,0,13744,1,0,0,0,0,0,0,0,0,0,0,0,0,0
2166,12,731d6d699dedfc7d,2.131522,18.402998,1,13773,1,1,0,0,1,0,0,0,0,0,0,0,0,1
2167,12,740961c33dbc06f4,2.644986,17.304329,1,14149,1,0,0,0,0,0,0,0,0,0,0,0,0,1
2168,12,525b7977e04d9a32,1.987079,19.957784,1,14223,1,1,0,0,1,0,0,0,0,0,0,0,0,1
2169,12,bcc9854d01a15ce0,1.494312,18.48904,1,13768,1,1,0,0,1,0,0,0,0,0,0,0,0,0
2170,12,506670075915e7f5,2.166274,17.368969,1,13992,1,0,0,0,0,0,0,0,0,0,0,0,0,1
2171,12,c178160524d28ab4,1.627441,16.527502,1,13463,1,1,0,0,1,0,0,0,0,0,0,0,0,0
2172,12,34e815d9da5cb94d,1.223859,19.38992,1,14568,1,1,0,0,1,0,0,0,0,0,0,0,0,1
2173,12,3f41fa3c34a41848,1.963093,14.566922,0,13766,1,0,0,0,0,0,0,0,0,0,0,0,0,0
2174,12,7803ff4bbe6df398,1.474798,17.901273,1,13467,1,1,0,0,1,0,0,0,0,0,0,0,0,1
2175,12,035e83338ff6365d,1.107961,16.927402,1,14800,1,1,0,0,1,0,0,0,0,0,0,0,0,0
2176,12,68e66662f2518cb0,0.833202,19.690651,1,13651,1,1,0,0,1,0,0,0,0,0,0,0,0,1
2177,12,a90480009d2ea223,0.625954,18.271694,1,13632,1,1,0,0,1,0,0,0,0,0,0,0,0,0
2178,12,fca8f58bb0588f1c,2.557562,17.205685,1,14259,2,0,0,0,0,0,0,0,0,0,0,0,0,1
2179,12,cfb06e35ccfe31fa,1.923323,19.899924,1,13725,1,1,0,0,1,0,0,0,0,0,0,0,0,1
2180,12,6ab9814d1e629e92,2.488574,18.428914,1,13740,1,0,0,0,0,0,0,0,0,0,0,0,0,1
2181,12,0e7c314b65536c42,1.869573,20.0,1,14209,1,1,0,0,1,0,0,0,0,0,0,0,0,1
2182,12,8a3de91e21510cdf,2.448194,15.628248,0,13935,1,0,0,0,0,0,0,0,0,0,0,0,0,0
2183,12,167f84c5dbfa515e,1.841076,18.713669,1,14008,1,1,0,0,1,0,0,0,0,0,0,0,0,1
2184,12,67a12a636db72dd6,2.426785,14.05888,0,13779,1,0,0,0,0,0,0,0,0,0,0,0,0,0
2185,12,60dc085c9bdd05e4,1.823153,17.5196,1,13762,1,1,0,0,1,0,0,0,0,0,0,0,0,1
2186,12,855237d3b27a9a4f,1.371037,13.174989,0,14272,1,1,0,0,0,0,0,0,0,0,0,0,0,0
2187,12,c4cafe876f3375fd,2.073662,16.855566,1,13663,1,0,0,0,1,0,0,0,0,0,0,0,0,1
2188,12,e22bb81afaabce90,1.557865,16.141801,1,13964,1,1,0,0,1,0,0,0,0,0,0,0,0,0
2189,12,86d09df9c5563c46,1.170366,19.084421,1,14157,1,1,0,0,1,0,0,0,0,0,0,0,0,1
2190,12,08632e5e45220f6f,1.924282,17.832258,1,13591,1,0,0,0,0,0,0,0,0,0,0,0,0,1
2191,12,26fbe292279e0ddb,1.445641,16.875553,1,13782,1,1,0,0,1,0,0,0,0,0,0,0,0,0
2192,12,71cc91bc99221901,1.086056,16.156817,1,14321,1,1,0,0,0,0,0,0,0,0,0,0,0,1
2193,12,d08c0bd104cbf415,1.86088,15.630658,1,13680,1,0,0,0,1,0,0,0,0,0,0,0,0,0
2194,12,312e68e8dc0f9bf6,2.441663,18.700418,1,14181,2,1,0,0,1,0,0,0,0,0,0,0,0,1
2195,12,5a71db88453b349a,2.877984,17.52777,1,13832,1,0,0,0,0,0,0,0,0,0,0,0,0,1
2196,12,73322fd6fc50ed24,2.162121,20.0,1,13945,1,1,0,0,1,0,0,0,0,0,0,0,0,1
2197,12,d9561df4314c8bc9,1.625946,18.615275,1,14361,1,1,0,0,1,0,0,0,0,0,0,0,0,0
2198,12,026885893b5f1a25,2.265166,17.463805,1,13543,1,0,0,0,0,0,0,0,0,0,0,0,0,1
2199,12,c514912a2dcbbcb9,1.701734,16.598748,1,13535,1,1,0,0,1,0,0,0,0,0,0,0,0,0
2200,12,a14ab18374f99279,1.279729,19.443499,1,14708,1,1,0,0,1,0,0,0,0,0,0,0,0,1
2201,12,9b530a9b785b955c,2.005066,14.607174,0,13480,1,0,0,0,0,0,0,0,0,0,0,0,0,0
2202,12,18f457ef6a00a28a,2.549984,17.931513,1,13820,2,1,0,0,1,0,0,0,0,0,0,0,0,1
2203,12,a38050aef2fdfe5c,1.915708,20.0,1,14408,1,1,0,0,1,0,0,0,0,0,0,0,0,1
2204,12,4d412a4789f5986f,2.48479,18.843374,1,13681,1,0,0,0,0,0,0,0,0,0,0,0,0,1
2205,12,f140a3a5ab1b3ae1,1.86673,17.635167,1,14286,1,1,0,0,1,0,0,0,0,0,0,0,0,0
2206,12,51810fca3be873b5,1.402404,20.0,1,13724,1,1,0,0,1,0,0,0,0,0,0,0,0,1
2207,12,64d8ff1d0ec4d27a,2.098779,15.195449,0,13898,1,0,0,0,0,0,0,0,0,0,0,0,0,0
2208,12,8a712e89dee9ed50,1.576734,18.373462,1,14056,1,1,0,0,1,0,0,0,0,0,0,0,0,1
2209,12,9d0e18a1e7b5a902,1.184541,17.282139,1,13710,1,1,0,0,1,0,0,0,0,0,0,0,0,0
2210,12,a220b2f194e8e17e,1.933555,16.46227,1,13836,1,0,0,0,0,0,0,0,0,0,0,0,0,1
2211,12,3a54f87fc5d887ef,1.454061,15.860363,1,14341,1,1,0,0,1,0,0,0,0,0,0,0,0,0
2212,12,8f2673b6e0594d64,1.092382,15.394142,1,13926,1,1,0,0,0,0,0,0,0,0,0,0,0,1
2213,12,f345a065bf720e01,1.864319,18.522733,1,13567,1,0,0,0,1,0,0,0,0,0,0,0,0,1
2214,12,edc7c2bb985f3641,1.401994,17.409861,1,14058,1,1,0,0,1,0,0,0,0,0,0,0,0,0
2215,12,1f39122c6cc21a0b,2.096919,16.558222,1,13809,1,0,0,0,0,0,0,0,0,0,0,0,0,1
2216,12,29f82d491c4b1418,1.575337,15.918418,1,13801,1,1,0,0,1,0,0,0,0,0,0,0,0,0
2217,12,cf1e4f229c6777b5,2.227145,18.916601,1,14384,2,1,0,0,1,0,0,0,0,0,0,0,0,1
2218,12,d5ec8ef48dec96f5,2.718995,17.706055,1,13556,1,0,0,0,0,0,0,0,0,0,0,0,0,1
2219,12,51ae9ddc4d3ace86,2.04268,16.780742,1,14198,1,1,0,0,1,0,0,0,0,0,0,0,0,0
2220,12,41f9d9c4c4dd77b2,1.534589,19.564433,1,14079,1,1,0,0,1,0,0,0,0,0,0,0,0,1
2221,12,d0c311d857fc65c9,1.154033,18.193234,1,13541,1,1,0,0,1,0,0,0,0,0,0,0,0,0
2222,12,60810bb282dabea2,1.910635,17.146741,1,14489,1,0,0,0,0,0,0,0,0,0,0,0,0,1
2223,12,ac4f71a0ba2540cf,1.435389,16.36055,1,13477,1,1,0,0,1,0,0,0,0,0,0,0,0,0
2224,12,ef14f86184452beb,2.122007,15.769914,1,13597,1,0,0,0,0,0,0,0,0,0,0,0,0,1
2225,12,74bfce39db61dd9c,1.59578,15.339702,1,14611,1,1,0,0,1,0,0,0,0,0,0,0,0,0
2226,12,61ef57200da6a91d,2.242503,15.002989,1,13525,1,0,0,0,0,0,0,0,0,0,0,0,0,1
2227,12,970588b5348596d4,2.728362,18.228874,1,13639,2,1,0,0,1,0,0,0,0,0,0,0,0,1
2228,12,8cc0fdd2695fe3b1,2.051767,20.0,1,14586,1,1,0,0,1,0,0,0,0,0,0,0,0,1
2229,12,1f012cdf92b23e1a,2.585069,15.52813,0,13475,1,0,0,0,0,0,0,0,0,0,0,0,0,0
2230,12,5567f6dd3ae7ce76,1.942066,18.623393,1,14428,1,1,0,0,1,0,0,0,0,0,0,0,0,1
2231,12,30ffe72018c4b5d0,1.459002,17.469903,1,13789,1,1,0,0,1,0,0,0,0,0,0,0,0,0
2232,12,e2ba7a32659ad80f,1.09719,13.137616,0,13801,0,0,0,0,0,0,0,0,0,0,0,0,0,0
2233,12,c78ff72558b80a63,0.824278,16.827489,1,14126,1,1,0,0,1,0,0,0,0,0,0,0,0,1
2234,12,b58f8b6a78f18afb,2.706556,16.120708,1,13806,2,0,0,0,0,0,0,0,0,0,0,0,0,1
2235,12,b30c8d44ae1900d8,2.035369,15.603504,1,13816,1,1,0,0,1,0,0,0,0,0,0,0,0,0
2236,12,dff65b16a198b458,2.57275,15.201174,1,14117,1,0,0,0,0,0,0,0,0,0,0,0,0,1
2237,12,a022aa907a73d24f,1.932811,14.898918,1,13863,1,1,0,0,1,0,0,0,0,0,0,0,0,0
2238,12,79a9c06978b6976b,1.452048,18.150689,1,13739,1,1,0,0,1,0,0,0,0,0,0,0,0,1
2239,12,83f8135790c82eab,2.136112,13.649577,0,14024,1,0,0,0,0,0,0,0,0,0,0,0,0,0
2240,12,c3c15221622a8499,1.604781,17.212106,1,14096,1,1,0,0,1,0,0,0,0,0,0,0,0,1
2241,12,acbc8d40a688ca81,1.205612,16.409656,1,14075,1,1,0,0,1,0,0,0,0,0,0,0,0,0
2242,12,0711327c2d3aba00,1.950788,15.820797,1,13946,1,0,0,0,0,0,0,0,0,0,0,0,0,1
2243,12,9eb19790c48267a5,1.465554,15.364418,1,13738,1,1,0,0,1,0,0,0,0,0,0,0,0,0
2244,12,03f53ac9af4576e1,2.144669,15.021557,1,13944,1,0,0,0,0,0,0,0,0,0,0,0,0,1
2245,12,9c1d60eb6bb51682,1.61121,14.763979,1,13929,1,1,0,0,1,0,0,0,0,0,0,0,0,0
2246,12,fdce3a9c1659ab92,1.211653,18.063726,1,13761,1,1,0,0,1,0,0,0,0,0,0,0,0,1
2247,12,ba4181c05282c159,2.997576,17.049447,1,14389,2,0,0,0,0,0,0,0,0,0,0,0,0,1
2248,12,509a177157437b4c,1.208314,16.287456,1,13481,0,1,0,0,1,0,0,0,0,0,0,0,0,0
2249,12,dd05a46802e2b8cc,1.95282,19.209403,1,14088,2,1,0,0,1,0,0,0,0,0,0,0,0,1
2250,12,a3b73c049d962aba,2.510734,17.910151,1,14107,1,0,0,0,0,0,0,0,0,0,0,0,0,1
2251,12,c59767823f979783,1.88622,20.0,1,13624,1,1,0,0,1,0,0,0,0,0,0,0,0,1
2252,12,0e906495139299c4,2.4607,15.33546,0,14132,1,0,0,0,0,0,0,0,0,0,0,0,0,0
2253,12,5f9f52d7217194ba,1.850482,18.493488,1,14089,1,1,0,0,1,0,0,0,0,0,0,0,0,1
2254,12,a5c9ee1c2f8da7f3,1.390198,17.372311,1,13687,1,1,0,0,1,0,0,0,0,0,0,0,0,0
2255,12,0a415431177124b2,2.088057,16.530012,1,14242,1,0,0,0,0,0,0,0,0,0,0,0,0,1
2256,12,6e4db7732c2b0420,1.570249,19.391808,1,13880,1,1,0,0,1,0,0,0,0,0,0,0,0,1
2257,12,f33c166d0a828441,1.179669,18.047185,1,13706,1,1,0,0,1,0,0,0,0,0,0,0,0,0
2258,12,a622a0f536635ed4,1.929895,17.03702,1,14144,1,0,0,0,0,0,0,0,0,0,0,0,0,1
2259,12,5175897adbd43335,1.449858,16.278121,1,13712,1,1,0,0,1,0,0,0,0,0,0,0,0,0
2260,12,3165de6716fb4c8a,2.134464,15.721881,1,13730,1,0,0,0,0,0,0,0,0,0,0,0,0,1
2261,12,5de6506e91db9d27,2.647196,18.76895,1,14327,2,1,0,0,1,0,0,0,0,0,0,0,0,1
2262,13,1fd48474a6be9a50,1.98874,17.579255,1,13912,1,1,0,0,1,0,0,0,0,0,0,0,0,0
2263,13,530e0ea8d92a6d51,2.539711,16.700352,1,13707,1,0,0,0,0,0,0,0,0,0,0,0,0,1
2264,13,9d91a06f605c6d81,1.90799,16.025195,1,13884,1,1,0,0,1,0,0,0,0,0,0,0,0,0
2265,13,1bedfd585b1aa4b9,2.477055,15.517974,1,14180,1,0,0,0,0,0,0,0,0,0,0,0,0,1
2266,13,26a9669cba5af3ef,1.860919,18.615763,1,13859,1,1,0,0,1,0,0,0,0,0,0,0,0,1
2267,13,4f55c5e4b2d3c044,1.399437,17.479821,1,14027,1,1,0,0,1,0,0,0,0,0,0,0,0,0
2268,13,429a6cfc04b09590,2.094998,16.61078,1,13766,1,0,0,0,0,0,0,0,0,0,0,0,0,1
2269,13,bfd1095e82cc3b3f,2.617547,19.436747,1,14117,2,1,0,0,1,0,0,0,0,0,0,0,0,1
2270,13,e8a24dfe484cb614,3.012583,18.097213,1,13891,1,0,0,0,0,0,0,0,0,0,0,0,0,1
2271,13,a8eb40163c807ab7,2.263241,17.074604,1,13606,1,1,0,0,1,0,0,0,0,0,0,0,0,0
2272,13,b734eb68cadec0ba,1.700289,19.785201,1,14286,1,1,0,0,1,0,0,0,0,0,0,0,0,1
2273,13,03ed9d518f369873,2.321017,14.863882,0,13748,1,0,0,0,0,0,0,0,0,0,0,0,0,0
2274,13,cd43fcebe8f5e6e6,1.745438,18.138854,1,13817,1,1,0,0,1,0,0,0,0,0,0,0,0,1
2275,13,338e1a6d9a9334b5,1.311282,17.105888,1,14300,1,1,0,0,1,0,0,0,0,0,0,0,0,0
2276,13,f71f04d2a5841727,2.028771,16.329858,1,13505,1,0,0,0,0,0,0,0,0,0,0,0,0,1
2277,13,dab4ff966e399802,1.525664,19.24129,1,14501,1,1,0,0,1,0,0,0,0,0,0,0,0,1
2278,13,339e340883d8ecaf,2.189828,14.455262,0,13648,1,0,0,0,0,0,0,0,0,0,0,0,0,0
2279,13,0f3eea50b2030a66,1.645136,17.817387,1,13608,1,1,0,0,1,0,0,0,0,0,0,0,0,1
2280,13,157d3461e0a7f335,1.235929,16.864381,1,14281,1,1,0,0,1,0,0,0,0,0,0,0,0,0
2281,13,f1991b9aba19249f,1.973587,16.162757,1,14017,1,0,0,0,0,0,0,0,0,0,0,0,0,1
2282,13,f0cae4ef532c2023,1.482682,19.100164,1,13877,1,1,0,0,1,0,0,0,0,0,0,0,0,1
2283,13,7630abeab872e6cf,2.157537,14.349239,0,13989,1,0,0,0,0,0,0,0,0,0,0,0,0,0
2284,13,253c29c9cd31f14d,1.622499,17.751836,1,13741,1,1,0,0,1,0,0,0,0,0,0,0,0,1
2285,13,1bcd43f2b236da2a,1.218922,16.815135,1,13933,1,1,0,0,1,0,0,0,0,0,0,0,0,0
2286,13,190012cb2cd5517d,1.959384,16.111427,1,14019,1,0,0,0,0,0,0,0,0,0,0,0,0,1
2287,13,752285f96761bfac,1.472012,19.061602,1,13791,1,1,0,0,1,0,0,0,0,0,0,0,0,1
2288,13,8ce008444b943984,2.151125,14.334596,0,14072,1,0,0,0,0,0,0,0,0,0,0,0,0,0
2289,13,815cbd6616cc478f,1.61606,17.726735,1,13787,1,1,0,0,1,0,0,0,0,0,0,0,0,1
2290,13,ea182be542b69bac,1.214085,16.796278,1,14037,1,1,0,0,1,0,0,0,0,0,0,0,0,0
2291,13,98558a7fe6a345e2,3.00131,16.111542,1,14151,2,0,0,0,0,0,0,0,0,0,0,0,0,1
2292,13,ea40987dff05550d,2.254772,19.061688,1,13688,1,1,0,0,1,0,0,0,0,0,0,0,0,1
2293,13,bd84d51435d6859a,1.693926,17.799178,1,14018,1,1,0,0,1,0,0,0,0,0,0,0,0,0
2294,13,b3773e59edaae1a5,2.316237,16.850702,1,14028,1,0,0,0,0,0,0,0,0,0,0,0,0,1
2295,13,5dadae3439224eef,1.741843,19.632971,1,13800,1,1,0,0,1,0,0,0,0,0,0,0,0,1
2296,13,bf32681d9402a0dc,2.352235,14.749517,0,13918,1,0,0,0,0,0,0,0,0,0,0,0,0,0
2297,13,f7bd4e508f328e99,1.767146,18.03845,1,14205,1,1,0,0,1,0,0,0,0,0,0,0,0,1
2298,13,7c7cf98600a1ae76,2.37307,20.0,1,13673,2,1,0,0,1,0,0,0,0,0,0,0,0,1
2299,13,4330f499d34eea83,2.826452,15.420548,0,13663,1,0,0,0,0,0,0,0,0,0,0,0,0,0
2300,13,574139667abb0c89,2.123408,18.54257,1,14271,1,1,0,0,1,0,0,0,0,0,0,0,0,1
2301,13,92baeeda50fe0e26,0.551583,17.409184,1,13542,0,1,0,0,1,0,0,0,0,0,0,0,0,0
2302,13,80a0120ed18f2275,2.5031,16.572456,1,14798,2,0,0,0,0,0,0,0,0,0,0,0,0,1
2303,13,8dedeb0367e4f2e3,1.880485,15.929112,1,13519,1,1,0,0,1,0,0,0,0,0,0,0,0,0
2304,13,cce480df118a4b64,1.412738,18.924635,1,13550,1,1,0,0,1,0,0,0,0,0,0,0,0,1
2305,13,74af5b71dff1f83a,2.10655,14.231595,0,14441,1,0,0,0,0,0,0,0,0,0,0,0,0,0
2306,13,5a3027c7f942d721,1.582572,17.649355,1,13792,1,1,0,0,1,0,0,0,0,0,0,0,0,1
2307,13,a7f28a02bc25ffcb,1.188927,16.738145,1,13662,1,1,0,0,1,0,0,0,0,0,0,0,0,0
2308,13,d5293be15af3da23,0.893197,19.532432,1,14140,1,1,0,0,1,0,0,0,0,0,0,0,0,1
2309,13,5fbd520df55a8630,1.715847,14.688667,0,13751,1,0,0,0,0,0,0,0,0,0,0,0,0,0
2310,13,3bdfbc512c496928,1.289052,17.992735,1,14015,1,1,0,0,1,0,0,0,0,0,0,0,0,1
2311,13,1951e40916662b8e,0.968416,16.996114,1,14089,1,1,0,0,1,0,0,0,0,0,0,0,0,0
2312,13,a0ba5e1a0f5a1c2d,0.728263,19.742323,1,13824,1,1,0,0,1,0,0,0,0,0,0,0,0,1
2313,13,c597591453fa9ebc,1.59077,18.310514,1,14097,1,0,0,0,0,0,0,0,0,0,0,0,0,1
2314,13,cf0611fcffeec57a,1.195086,17.234849,1,13834,1,1,0,0,1,0,0,0,0,0,0,0,0,0
2315,13,ca931cfc3949c763,0.897824,19.905587,1,13855,1,1,0,0,1,0,0,0,0,0,0,0,0,1
2316,13,b4e5a7941d20a8af,1.719327,14.969285,0,13969,1,0,0,0,0,0,0,0,0,0,0,0,0,0
2317,13,eae0499212ad45b4,2.335319,18.203553,1,14042,2,1,0,0,1,0,0,0,0,0,0,0,0,1
2318,13,044c207ce1d7c610,1.754438,20.0,1,13708,1,1,0,0,1,0,0,0,0,0,0,0,0,1
2319,13,5f8c4e99abae2b41,2.363513,15.516564,0,14324,1,0,0,0,0,0,0,0,0,0,0,0,0,0
2320,13,262cc59f57771fd3,1.775619,18.614704,1,13594,1,1,0,0,1,0,0,0,0,0,0,0,0,1
2321,13,afe7df028eb314b2,2.377609,13.984531,0,13760,1,0,0,0,0,0,0,0,0,0,0,0,0,0
2322,13,84dc78341735dfe9,1.786209,17.463744,1,14313,1,1,0,0,1,0,0,0,0,0,0,0,0,1
2323,13,ec35adbc9bd2a253,2.387405,16.613486,1,13663,1,0,0,0,0,0,0,0,0,0,0,0,0,1
2324,13,5ddcfab55913ee74,1.793568,15.959936,1,14226,1,1,0,0,1,0,0,0,0,0,0,0,0,0
2325,13,313cc2c20162c678,2.391094,15.468948,1,13847,1,0,0,0,0,0,0,0,0,0,0,0,0,1
2326,13,6a6afdc499c2b9d4,2.842287,18.593873,1,13692,2,1,0,0,1,0,0,0,0,0,0,0,0,1
2327,13,7521c447915156b3,2.135304,17.447726,1,14595,1,1,0,0,0,0,0,0,0,0,0,0,0,1
2328,13,90428e5d64d7b1fe,2.647828,16.586669,1,13496,1,0,0,0,1,0,0,0,0,0,0,0,0,0
2329,13,ac71c198b11cd18d,1.989214,19.418633,1,13664,1,1,0,0,1,0,0,0,0,0,0,0,0,1
2330,13,0590b15e4575ce7b,2.540068,18.083591,1,14418,1,0,0,0,0,0,0,0,0,0,0,0,0,1
2331,13,8aff38744727ae3b,1.908258,17.06437,1,13841,1,1,0,0,1,0,0,0,0,0,0,0,0,0
2332,13,e1342d5b9e0cbffe,2.477256,16.298668,1,13538,1,0,0,0,0,0,0,0,0,0,0,0,0,1
2333,13,faf46b990c8af894,1.862932,19.217834,1,14194,1,1,0,0,1,0,0,0,0,0,0,0,0,1
2334,13,b10a7ae98c7ccc2c,1.399551,17.916485,1,13887,1,1,0,0,0,0,0,0,0,0,0,0,0,1
2335,13,90bcce8be493b476,2.095084,16.93883,1,13727,1,0,0,0,1,0,0,0,0,0,0,0,0,0
2336,13,60a1d1ce04cffebb,2.617612,16.204354,1,14262,1,0,0,0,0,0,0,0,0,0,0,0,0,1
2337,13,9ef90dc35f553699,1.968481,15.666407,1,13807,1,1,0,0,1,0,0,0,0,0,0,0,0,0
2338,13,988c6246d9d7d6eb,1.478846,18.727275,1,14166,1,1,0,0,1,0,0,0,0,0,0,0,0,1
2339,13,e9ea508e2f50783f,2.154655,14.069102,0,13710,1,0,0,0,0,0,0,0,0,0,0,0,0,0
2340,13,6803561a8022a4a0,2.664482,17.541168,1,13874,2,1,0,0,1,0,0,0,0,0,0,0,0,1
2341,13,d82e2a1b722eddbc,3.045379,16.656869,1,14026,1,0,0,0,0,0,0,0,0,0,0,0,0,1
2342,13,29c3b3aa3b1cada4,2.287879,15.992527,1,13961,1,1,0,0,1,0,0,0,0,0,0,0,0,0
2343,13,bd0d0b43c6e3178c,1.718798,18.972277,1,13717,1,1,0,0,1,0,0,0,0,0,0,0,0,1
2344,13,addb792200e55a76,2.336711,14.267423,0,14255,1,0,0,0,0,0,0,0,0,0,0,0,0,0
2345,13,f9d203ddd67143d1,1.755484,17.67627,1,13492,1,1,0,0,1,0,0,0,0,0,0,0,0,1
2346,13,9b668065475ae05a,1.318829,16.758366,1,13878,1,1,0,0,1,0,0,0,0,0,0,0,0,0
2347,13,b1553a2c9d11491b,2.035929,16.083032,1,14189,1,0,0,0,0,0,0,0,0,0,0,0,0,1
2348,13,b2685704ce56dbf8,1.529517,19.040269,1,13625,1,1,0,0,1,0,0,0,0,0,0,0,0,1
2349,13,cfafef027785f148,2.192723,14.304243,0,14529,1,0,0,0,0,0,0,0,0,0,0,0,0,0
2350,13,64e4c480cb1b181e,1.64731,17.703932,1,13768,1,1,0,0,1,0,0,0,0,0,0,0,0,1
2351,13,7ee1e2f37de87e6a,2.282951,13.313609,0,13528,1,0,0,0,0,0,0,0,0,0,0,0,0,0
2352,13,bb335eb9a9a763a4,1.715096,16.959706,1,14467,1,1,0,0,1,0,0,0,0,0,0,0,0,1
2353,13,0fa3f8bff32213c1,1.288488,16.220037,1,13547,1,1,0,0,1,0,0,0,0,0,0,0,0,0
2354,13,24c2fb866adefc4a,3.057262,15.678201,1,13917,2,0,0,0,0,0,0,0,0,0,0,0,0,1
2355,13,dd0bd3e67ab11c31,2.296807,18.736135,1,14322,1,1,0,0,1,0,0,0,0,0,0,0,0,1
2356,13,c6c9b0f8b4506f3e,1.725505,20.0,1,13521,1,1,0,0,1,0,0,0,0,0,0,0,0,1
2357,13,aff6f4a1abb08a4b,2.339961,15.801643,0,13654,1,0,0,0,0,0,0,0,0,0,0,0,0,0
2358,13,723fa851fc413d56,1.759684,18.844064,1,14618,1,1,0,0,1,0,0,0,0,0,0,0,0,1
2359,13,471a06b83de448bc,2.365638,14.156841,0,13604,1,0,0,0,0,0,0,0,0,0,0,0,0,0
2360,13,50c3eb0a0766bc4d,1.777215,17.593194,1,14038,1,1,0,0,1,0,0,0,0,0,0,0,0,1
2361,13,84246d0ce84f795a,1.336491,13.230333,0,13792,1,1,0,0,0,0,0,0,0,0,0,0,0,0
2362,13,81cb80826c9cde6d,2.047709,16.897144,1,14011,1,0,0,0,1,0,0,0,0,0,0,0,0,1
2363,13,df7a4b8304b845f9,1.538367,16.173037,1,14170,1,1,0,0,1,0,0,0,0,0,0,0,0,0
2364,13,511afb63746af33a,2.199371,15.629042,1,13841,1,0,0,0,0,0,0,0,0,0,0,0,0,1
2365,13,e90078e6257eef07,1.653959,15.233764,1,13729,1,1,0,0,1,0,0,0,0,0,0,0,0,0
2366,13,87118e9185450adf,1.242557,18.402247,1,14128,1,1,0,0,1,0,0,0,0,0,0,0,0,1
2367,13,99660e4c5f39c7d5,1.97714,13.82492,0,13824,1,0,0,0,0,0,0,0,0,0,0,0,0,0
2368,13,855c59113a6b9412,2.530988,17.35754,1,13559,2,1,0,0,1,0,0,0,0,0,0,0,0,1
2369,13,e9e6bd18f5733516,1.901437,16.518916,1,14472,1,1,0,0,0,0,0,0,0,0,0,0,0,1
2370,13,89dc5f9c34aa8a37,2.472132,19.367733,1,13746,1,0,0,0,1,0,0,0,0,0,0,0,0,1
2371,13,1f2a8662438c87e0,1.85722,18.029098,1,14069,1,1,0,0,1,0,0,0,0,0,0,0,0,0
2372,13,44248020b30f5e37,2.440807,17.038641,1,14021,1,0,0,0,0,0,0,0,0,0,0,0,0,1
2373,13,ccfbb9ca61e901bb,1.833687,16.279338,1,13602,1,1,0,0,1,0,0,0,0,0,0,0,0,0
2374,13,c1727fc601bf3708,2.421234,19.187747,1,14514,2,1,0,0,1,0,0,0,0,0,0,0,0,1
2375,13,f82a4a6b477e9ab2,2.864953,17.909961,1,13473,1,0,0,0,0,0,0,0,0,0,0,0,0,1
2376,13,d0858715cfb5a9a5,2.152332,16.933929,1,13722,1,1,0,0,1,0,0,0,0,0,0,0,0,0
2377,13,73d3c0fa442c8739,2.66062,16.200672,1,14438,1,0,0,0,0,0,0,0,0,0,0,0,0,1
2378,13,4cbc716514f0fd8f,1.998824,15.649804,1,13541,1,1,0,0,1,0,0,0,0,0,0,0,0,0
2379,13,19cdd5bbc16a0367,2.547295,15.249377,1,13891,1,0,0,0,0,0,0,0,0,0,0,0,0,1
2380,13,888683a4ba7db3b8,1.913687,14.935132,1,14146,1,1,0,0,1,0,0,0,0,0,0,0,0,0
2381,13,51d268e27a0c77c6,1.437682,18.177895,1,13565,1,1,0,0,1,0,0,0,0,0,0,0,0,1
2382,13,0da9cb9f2cef4df0,2.125308,17.150538,1,13786,1,0,0,0,0,0,0,0,0,0,0,0,0,1
2383,13,b1c4b74d235d380a,1.596664,16.363403,1,14511,1,1,0,0,1,0,0,0,0,0,0,0,0,0
2384,13,35bc761428654bf1,1.199514,19.250902,1,13759,1,1,0,0,1,0,0,0,0,0,0,0,0,1
2385,13,40a6f885964371d2,1.944803,17.941327,1,14071,1,0,0,0,0,0,0,0,0,0,0,0,0,1
2386,13,004a0f1c3d9c7ec1,1.46252,16.972636,1,13781,1,1,0,0,1,0,0,0,0,0,0,0,0,0
2387,13,57a8215a47cd65c9,2.14239,16.229751,1,14093,1,0,0,0,0,0,0,0,0,0,0,0,0,1
2388,13,e5307e1506744cf0,1.609497,15.67165,1,13847,1,1,0,0,1,0,0,0,0,0,0,0,0,0
2389,13,af6cf7ba77acb31c,1.210365,18.746307,1,13996,1,1,0,0,1,0,0,0,0,0,0,0,0,1
2390,13,e75ffd3b79cbc3fe,1.952955,14.0834,0,13617,1,0,0,0,0,0,0,0,0,0,0,0,0,0
2391,13,618037fe03149b0f,2.510836,14.059176,1,14194,2,1,0,0,0,0,0,0,0,0,0,0,0,1
2392,13,c7c8b9e76ac6f376,2.92995,17.519823,1,13969,1,0,0,0,1,0,0,0,0,0,0,0,0,1
2393,13,b84ab68b218af8fe,2.203364,20.0,1,13454,1,1,0,0,1,0,0,0,0,0,0,0,0,1
2394,13,19c7606633ccb703,1.655305,18.606389,1,14465,1,1,0,0,1,0,0,0,0,0,0,0,0,0
2395,13,7e4a31a5a8782e2f,1.243569,13.978284,0,13709,0,0,0,0,0,0,0,0,0,0,0,0,0,0
2396,13,c0d75b6e2cb62c0b,0.935182,17.472872,1,13990,1,1,0,0,1,0,0,0,0,0,0,0,0,1
2397,13,bf996fafa960607b,2.789874,16.60556,1,14197,2,0,0,0,0,0,0,0,0,0,0,0,0,1
2398,13,8000b8d1a6305cee,2.095928,19.432826,1,13325,1,1,0,0,1,0,0,0,0,0,0,0,0,1
2399,13,ecdf58baf0f6ee4e,2.618246,14.599156,0,14727,1,0,0,0,0,0,0,0,0,0,0,0,0,0
2400,13,9c8bfb98c14d6ba9,1.968958,17.939776,1,13398,1,1,0,0,1,0,0,0,0,0,0,0,0,1
2401,13,dcf1ee1dec3cd8ef,1.479205,20.0,1,13975,1,1,0,0,1,0,0,0,0,0,0,0,0,1
2402,13,f92777b7794fb720,2.154924,15.352181,0,14167,1,0,0,0,0,0,0,0,0,0,0,0,0,0
2403,13,a4ac73f817464b9d,1.620534,18.506062,1,13713,1,1,0,0,1,0,0,0,0,0,0,0,0,1
2404,13,1b53ac7150e1a61c,1.217447,20.0,1,13691,1,1,0,0,1,0,0,0,0,0,0,0,0,1
2405,13,6a60be2beec9faea,1.958275,15.67179,0,14331,1,0,0,0,0,0,0,0,0,0,0,0,0,0
2406,13,b666151254508d0e,1.471179,18.731319,1,13490,1,1,0,0,1,0,0,0,0,0,0,0,0,1
2407,13,ca25d431ed80dda5,1.106348,17.566721,1,14272,1,1,0,0,0,0,0,0,0,0,0,0,0,1
2408,13,02bdd2d7d5015ced,1.874811,16.676065,1,14064,1,0,0,0,1,0,0,0,0,0,0,0,0,0
2409,13,663e30c8bbbdcf15,1.408475,19.485793,1,13542,1,1,0,0,1,0,0,0,0,0,0,0,0,1
2410,13,88944a25d078a166,2.103344,14.653594,0,14171,1,0,0,0,0,0,0,0,0,0,0,0,0,0
2411,13,955899c506057723,1.580164,17.966387,1,13905,1,1,0,0,1,0,0,0,0,0,0,0,0,1
2412,13,065cf94428147bfa,2.230771,16.976319,1,13939,2,1,0,0,0,0,0,0,0,0,0,0,0,1
2413,13,004be452ed84eaaa,1.675895,16.232519,1,13911,0,0,0,0,1,0,0,0,0,0,0,0,0,0
2414,13,ed29b52fdfffef5d,2.304448,19.168089,1,13846,2,1,0,0,1,0,0,0,0,0,0,0,0,1
2415,13,9466d34ff80a7f50,2.774899,14.400268,0,13876,1,0,0,0,0,0,0,0,0,0,0,0,0,0
2416,13,b0ffc4c8ed03a4ac,2.084678,17.776072,1,13976,1,1,0,0,1,0,0,0,0,0,0,0,0,1
2417,13,8af50ae6b3278f7c,1.567707,20.0,1,13804,1,1,0,0,1,0,0,0,0,0,0,0,0,1
2418,13,2c6ee613a41c1c94,2.221413,15.272315,0,13721,1,0,0,0,0,0,0,0,0,0,0,0,0,0
2419,13,66469db9a2776722,1.668865,18.431208,1,14542,1,1,0,0,1,0,0,0,0,0,0,0,0,1
2420,13,6780db5ee5c664cb,1.253756,20.0,1,13791,1,1,0,0,1,0,0,0,0,0,0,0,0,1
2421,13,ab3dc6d2da30ef85,1.986993,15.64518,0,13864,1,0,0,0,0,0,0,0,0,0,0,0,0,0
2422,13,1bcead1ead7550a3,2.536407,18.711328,1,13972,2,1,0,0,1,0,0,0,0,0,0,0,0,1
2423,13,2ffbc17a66855630,1.905507,17.535966,1,13909,1,1,0,0,0,0,0,0,0,0,0,0,0,1
2424,13,af0639c70bcc98f9,2.477119,20.0,1,14063,1,0,0,0,1,0,0,0,0,0,0,0,0,1
2425,13,e6114d523ca6cd06,1.860967,18.615509,1,13830,1,1,0,0,1,0,0,0,0,0,0,0,0,0
2426,13,93d2db69219a9416,2.441728,17.46398,1,13799,1,0,0,0,0,0,0,0,0,0,0,0,0,1
2427,13,bc8f013cef7b31d6,1.834379,16.59888,1,14317,1,1,0,0,1,0,0,0,0,0,0,0,0,0
2428,13,21a8398e5f9d829d,1.379479,19.443598,1,13733,1,1,0,0,1,0,0,0,0,0,0,0,0,1
2429,13,de2edf6cf2984000,2.080005,18.086093,1,13835,1,0,0,0,0,0,0,0,0,0,0,0,0,1
2430,13,e02c9286f9f4ef90,1.56263,17.06625,1,14146,1,1,0,0,1,0,0,0,0,0,0,0,0,0
2431,13,f55af22ad41f95df,2.21927,16.314565,1,13689,1,0,0,0,0,0,0,0,0,0,0,0,0,1
2432,13,cc978a7f98cf7016,1.667255,15.735367,1,14330,1,1,0,0,1,0,0,0,0,0,0,0,0,0
2433,13,2bff42f374a83beb,1.252546,18.779082,1,13852,1,1,0,0,1,0,0,0,0,0,0,0,0,1
2434,13,7231c96a80d0d8cd,0.940991,17.586867,1,13857,1,1,0,0,1,0,0,0,0,0,0,0,0,0
2435,13,ab7294611b3be90d,1.751789,16.706076,1,13981,1,0,0,0,0,0,0,0,0,0,0,0,0,1
2436,13,4be0051077acec50,1.316054,16.029495,1,14074,1,1,0,0,1,0,0,0,0,0,0,0,0,0
2437,13,bcb6480adc97bee4,3.076009,15.521205,1,13642,2,0,0,0,0,0,0,0,0,0,0,0,0,1
2438,13,b2773cdfee038acb,2.313202,18.633171,1,13862,1,1,0,0,1,0,0,0,0,0,0,0,0,1
2439,13,4a255ef6e890d206,2.781476,17.477249,1,14250,1,0,0,0,0,0,0,0,0,0,0,0,0,1
2440,14,1fd48474a6be9a50,2.089619,16.608848,1,13427,1,1,0,0,1,0,0,0,0,0,0,0,0,0
2441,14,530e0ea8d92a6d51,1.569853,19.435296,1,14093,1,1,0,0,1,0,0,0,0,0,0,0,0,1
2442,14,9d91a06f605c6d81,1.180551,18.096121,1,13885,1,1,0,0,0,0,0,0,0,0,0,0,0,1
2443,14,1bedfd585b1aa4b9,1.930558,17.073784,1,14239,1,0,0,0,1,0,0,0,0,0,0,0,0,0
2444,14,26a9669cba5af3ef,1.450356,19.784585,1,13966,1,1,0,0,1,0,0,0,0,0,0,0,0,1
2445,14,4f55c5e4b2d3c044,2.134839,14.87829,0,13564,1,0,0,0,0,0,0,0,0,0,0,0,0,0
2446,14,429a6cfc04b09590,1.603824,18.135192,1,14231,1,1,0,0,1,0,0,0,0,0,0,0,0,1
2447,14,bfd1095e82cc3b3f,2.248547,13.624292,0,13969,1,0,0,0,0,0,0,0,0,0,0,0,0,0
2448,14,e8a24dfe484cb614,1.689249,17.19311,1,13759,1,1,0,0,1,0,0,0,0,0,0,0,0,1
2449,14,a8eb40163c807ab7,1.270339,19.890467,1,14114,1,1,0,0,1,0,0,0,0,0,0,0,0,1
2450,14,b734eb68cadec0ba,0.954359,18.421809,1,13666,1,1,0,0,1,0,0,0,0,0,0,0,0,0
2451,14,03ed9d518f369873,2.804281,17.318461,1,13831,2,0,0,0,0,0,0,0,0,0,0,0,0,1
2452,14,cd43fcebe8f5e6e6,2.108859,16.504231,1,14145,1,1,0,0,1,0,0,0,0,0,0,0,0,0
2453,14,338e1a6d9a9334b5,2.62796,15.877856,1,13767,1,0,0,0,0,0,0,0,0,0,0,0,0,1
2454,14,f71f04d2a5841727,1.974288,18.886129,1,13965,1,1,0,0,1,0,0,0,0,0,0,0,0,1
2455,14,dab4ff966e399802,2.526862,17.667287,1,14205,1,0,0,0,0,0,0,0,0,0,0,0,0,1
2456,14,339e340883d8ecaf,1.900237,16.766554,1,13490,1,1,0,0,1,0,0,0,0,0,0,0,0,0
2457,14,0f3eea50b2030a66,1.427577,19.553774,1,14647,1,1,0,0,1,0,0,0,0,0,0,0,0,1
2458,14,157d3461e0a7f335,2.116138,14.690019,0,13598,1,0,0,0,0,0,0,0,0,0,0,0,0,0
2459,14,f1991b9aba19249f,1.591366,18.008107,1,13576,1,1,0,0,1,0,0,0,0,0,0,0,0,1
2460,14,f0cae4ef532c2023,1.195534,13.528818,0,14364,1,1,0,0,0,0,0,0,0,0,0,0,0,0
2461,14,7630abeab872e6cf,2.985467,20.0,1,13925,2,0,0,0,1,0,0,0,0,0,0,0,0,2
2462,14,253c29c9cd31f14d,2.242869,18.955026,1,13825,1,1,0,0,1,0,0,0,0,0,0,0,0,0
2463,14,1bcd43f2b236da2a,2.73082,17.734952,1,13965,1,0,0,0,0,0,0,0,0,0,0,0,0,1
2464,14,190012cb2cd5517d,2.051563,20.0,1,14173,1,1,0,0,1,0,0,0,0,0,0,0,0,1
2465,14,752285f96761bfac,1.541263,18.715423,1,13604,1,1,0,0,1,0,0,0,0,0,0,0,0,0
2466,14,8ce008444b943984,1.159052,17.554767,1,13934,1,1,0,0,0,0,0,0,0,0,0,0,0,1
2467,14,815cbd6616cc478f,1.914405,20.0,1,13998,1,0,0,0,1,0,0,0,0,0,0,0,0,1
2468,14,ea182be542b69bac,1.438221,18.613728,1,14142,1,1,0,0,1,0,0,0,0,0,0,0,0,0
2469,14,98558a7fe6a345e2,2.124135,17.462642,1,13796,1,0,0,0,0,0,0,0,0,0,0,0,0,1
2470,14,ea40987dff05550d,1.59738,16.612658,1,13462,1,1,0,0,1,0,0,0,0,0,0,0,0,0
2471,14,bd84d51435d6859a,1.200052,19.438158,1,14465,1,1,0,0,1,0,0,0,0,0,0,0,0,1
2472,14,b3773e59edaae1a5,1.945207,14.603161,0,13716,1,0,0,0,0,0,0,0,0,0,0,0,0,0
2473,14,ef03f0f6b8ee73d8,1.462824,17.942789,1,13687,1,1,0,0,1,0,0,0,0,0,0,0,0,1
2474,14,5b5e71f08e7b859a,2.142618,20.0,1,14324,2,1,0,0,1,0,0,0,0,0,0,0,0,1
2475,14,74c8ee075a14494b,2.653322,15.353881,0,13614,1,0,0,0,0,0,0,0,0,0,0,0,0,0
2476,14,2db1e7caff6c7193,1.993342,18.492486,1,14021,1,1,0,0,1,0,0,0,0,0,0,0,0,1
2477,14,f8298b588a1d819b,2.543172,13.906613,0,14095,1,0,0,0,0,0,0,0,0,0,0,0,0,0
2478,14,c33422a156a65495,1.91059,17.405208,1,13849,1,1,0,0,1,0,0,0,0,0,0,0,0,1
2479,14,67675728d602d91d,2.479008,13.075882,0,14261,1,0,0,0,0,0,0,0,0,0,0,0,0,0
2480,14,0fbb313bc3acb09f,2.9084,16.794253,1,13839,2,1,0,0,1,0,0,0,0,0,0,0,0,1
2481,14,0433c0352374962e,2.184972,19.574583,1,13486,1,1,0,0,1,0,0,0,0,0,0,0,0,1
2482,14,82139217e3d3c37e,2.685141,18.184497,1,14526,1,0,0,0,0,0,0,0,0,0,0,0,0,1
2483,14,67c0f5ab729a15db,2.017246,20.0,1,13530,1,1,0,0,1,0,0,0,0,0,0,0,0,1
2484,14,5ca54fe8b527b909,1.516998,18.9863,1,13836,1,1,0,0,1,0,0,0,0,0,0,0,0,0
2485,14,37711dbb721070dd,2.183317,17.742542,1,14348,1,0,0,0,0,0,0,0,0,0,0,0,0,1
2486,14,4c07353b12ddaa1c,1.640245,16.808153,1,13740,1,1,0,0,1,0,0,0,0,0,0,0,0,0
2487,14,89d565ff7b51dafa,1.233487,19.600974,1,13571,1,1,0,0,1,0,0,0,0,0,0,0,0,1
2488,14,a465d8a380f823a0,1.970326,14.725479,0,14344,1,0,0,0,0,0,0,0,0,0,0,0,0,0
2489,14,bfa25ee87f069a13,1.480232,18.020391,1,13905,1,1,0,0,1,0,0,0,0,0,0,0,0,1
2490,14,b9a1d420ef9928a4,1.112043,17.016891,1,14007,1,1,0,0,0,0,0,0,0,0,0,0,0,1
2491,14,e4bda5eede26b424,1.880423,16.277446,1,13742,1,0,0,0,1,0,0,0,0,0,0,0,0,0
2492,14,799efb9142cfb760,2.456345,19.186326,1,14172,2,1,0,0,1,0,0,0,0,0,0,0,0,1
2493,14,ed81fcbadbd00d60,2.889013,17.892814,1,13977,1,0,0,0,0,0,0,0,0,0,0,0,0,1
2494,14,c7014b238bc4027b,2.172579,20.0,1,13660,1,1,0,0,1,0,0,0,0,0,0,0,0,1
2495,14,9209e303023c528a,1.632178,18.817114,1,13597,1,1,0,0,1,0,0,0,0,0,0,0,0,0
2496,14,bf1e7e86fac04411,2.269847,17.615439,1,14659,1,0,0,0,0,0,0,0,0,0,0,0,0,1
2497,14,17f0c877ea9aae17,1.705251,16.712665,1,13671,1,1,0,0,1,0,0,0,0,0,0,0,0,0
2498,14,1eecdd2d4ae6f253,1.282373,19.529166,1,13739,1,1,0,0,1,0,0,0,0,0,0,0,0,1
2499,14,fae87ca8f93f4b38,2.007053,14.671532,0,14452,1,0,0,0,0,0,0,0,0,0,0,0,0,0
2500,14,ca5aa0272cac9717,1.507824,17.979863,1,13525,1,1,0,0,1,0,0,0,0,0,0,0,0,1
2501,14,383c3a634b8249ca,2.178055,17.001615,1,14011,2,1,0,0,0,0,0,0,0,0,0,0,0,1
2502,14,662814a050cefa9f,2.679945,16.251522,1,13975,1,0,0,0,1,0,0,0,0,0,0,0,0,0
2503,14,cee691eb38681aff,2.013342,19.16685,1,13716,1,1,0,0,1,0,0,0,0,0,0,0,0,1
2504,14,b1d73b7f9848b7fe,1.512549,14.399338,0,14620,1,1,0,0,0,0,0,0,0,0,0,0,0,0
2505,14,81ca135c74ecc980,2.181609,17.789511,1,13529,1,0,0,0,1,0,0,0,0,0,0,0,0,1
2506,14,3be0b65ab8fdefe1,1.638961,16.843439,1,13738,1,1,0,0,1,0,0,0,0,0,0,0,0,0
2507,14,18211b07f5208b8a,2.274944,16.132691,1,14494,1,0,0,0,0,0,0,0,0,0,0,0,0,1
2508,14,15813e1fd739b215,1.71079,19.093017,1,13560,1,1,0,0,1,0,0,0,0,0,0,0,0,1
2509,14,dfce7687d860af37,2.328906,14.34387,0,13766,1,0,0,0,0,0,0,0,0,0,0,0,0,0
2510,14,86893995d58bfbd6,1.74962,17.733702,1,14364,1,1,0,0,1,0,0,0,0,0,0,0,0,1
2511,14,85e98c7e99f1cac8,2.358077,13.322667,0,13763,1,0,0,0,0,0,0,0,0,0,0,0,0,0
2512,14,5e8c48f384765fd7,1.773308,16.979839,1,13619,1,1,0,0,1,0,0,0,0,0,0,0,0,1
2513,14,e300a801df3d6d86,1.33222,12.756318,0,14564,1,1,0,0,0,0,0,0,0,0,0,0,0,0
2514,14,8d1619abddd3d114,2.0445,16.541034,1,13638,1,0,0,0,1,0,0,0,0,0,0,0,0,1
2515,14,a3614d043fd9dcd2,2.581644,19.400097,1,14041,2,1,0,0,1,0,0,0,0,0,0,0,0,1
2516,14,cb581d3857e4fad5,2.983146,18.053412,1,14084,1,0,0,0,0,0,0,0,0,0,0,0,0,1
2517,14,b70a28a23c57229b,2.241126,17.041698,1,13714,1,1,0,0,1,0,0,0,0,0,0,0,0,0
2518,14,d9bb782a96eed06b,1.683674,19.76048,1,14185,1,1,0,0,1,0,0,0,0,0,0,0,0,1
2519,14,d6586e229bdcafef,2.310297,14.860162,0,13727,1,0,0,0,0,0,0,0,0,0,0,0,0,0
2520,14,38e915bcb37dbc32,1.73564,18.121574,1,13862,1,1,0,0,1,0,0,0,0,0,0,0,0,1
2521,14,a4837e74142c511e,2.347575,13.614061,0,14248,1,0,0,0,0,0,0,0,0,0,0,0,0,0
2522,14,1561318a2cabaaa2,1.76541,17.198971,1,13398,1,1,0,0,1,0,0,0,0,0,0,0,0,1
2523,14,660c3a5967c64bf1,1.326286,16.399789,1,13839,1,1,0,0,1,0,0,0,0,0,0,0,0,0
2524,14,5d8aaf760c990c2a,2.040043,15.799393,1,14447,1,0,0,0,0,0,0,0,0,0,0,0,0,1
2525,14,4e1f0f9435993f00,1.532608,15.348338,1,13770,1,1,0,0,1,0,0,0,0,0,0,0,0,0
2526,14,36666632dd281844,2.196693,15.02267,1,14288,1,0,0,0,0,0,0,0,0,0,0,0,0,1
2527,14,4397969a21d3bc4f,1.650294,14.764815,1,13871,1,1,0,0,1,0,0,0,0,0,0,0,0,0
2528,14,e7d78d80a862534a,1.239804,14.571098,1,13607,1,1,0,0,0,0,0,0,0,0,0,0,0,1
2529,14,8a148944508e3cf8,1.976501,17.918677,1,14194,1,0,0,0,1,0,0,0,0,0,0,0,0,1
2530,14,6c5e111229163437,1.484871,16.940477,1,13681,1,1,0,0,1,0,0,0,0,0,0,0,0,0
2531,14,ba8841c9c19502b1,2.159182,16.205591,1,13804,1,0,0,0,0,0,0,0,0,0,0,0,0,1
2532,14,245ad75c33c1c5b6,2.665766,19.132344,1,14348,2,1,0,0,1,0,0,0,0,0,0,0,0,1
2533,14,525b6810f4e31690,3.048844,14.387795,0,13668,1,0,0,0,0,0,0,0,0,0,0,0,0,0
2534,14,ad35f1b018a11d13,2.290483,17.766702,1,13889,1,1,0,0,1,0,0,0,0,0,0,0,0,1
2535,14,c277e1074930b4d1,2.764407,16.826303,1,14170,1,0,0,0,0,0,0,0,0,0,0,0,0,1
2536,14,62b4e890cdefbe6a,2.078874,16.134122,1,13669,1,1,0,0,1,0,0,0,0,0,0,0,0,0
2537,14,e4f75db643d598b7,1.56178,19.078652,1,13550,1,1,0,0,1,0,0,0,0,0,0,0,0,1
2538,14,cd1814f00dd9d4c9,2.21696,14.333078,0,14354,1,0,0,0,0,0,0,0,0,0,0,0,0,0
2539,14,a6fd9f1fcc63c592,1.665519,17.725595,1,13852,1,1,0,0,1,0,0,0,0,0,0,0,0,1
2540,14,d9970d849c2cd359,2.296645,20.0,1,14134,2,1,0,0,1,0,0,0,0,0,0,0,0,1
2541,14,ed7384511cb4feb7,2.769037,15.243797,0,14290,1,0,0,0,0,0,0,0,0,0,0,0,0,0
2542,14,38b565cbcded0ee7,2.080274,18.409784,1,13492,1,1,0,0,1,0,0,0,0,0,0,0,0,1
2543,14,da299a1f18dbb076,1.564396,17.324922,1,14009,1,1,0,0,0,0,0,0,0,0,0,0,0,1
2544,14,cc06a27c8f7c0b9a,2.218925,16.49441,1,13717,1,0,0,0,1,0,0,0,0,0,0,0,0,0
2545,14,70c5553916a9ec10,1.666996,19.349323,1,13864,1,1,0,0,1,0,0,0,0,0,0,0,0,1
2546,14,b92aa1e7dfef7e0f,1.252351,14.536423,0,14297,1,1,0,0,0,0,0,0,0,0,0,0,0,0
2547,14,32da3616981a64d6,1.985937,17.892601,1,13560,1,0,0,0,1,0,0,0,0,0,0,0,0,1
2548,14,5ce9d073150c7fec,1.49196,16.920887,1,13970,1,1,0,0,1,0,0,0,0,0,0,0,0,0
2549,14,31ea2098222dda4b,2.164507,16.190874,1,14268,1,0,0,0,0,0,0,0,0,0,0,0,0,1
2550,14,57ece583ab11a61a,1.62774,15.65627,1,13500,1,1,0,0,1,0,0,0,0,0,0,0,0,0
2551,14,eb849129bd5cc271,1.22286,18.719659,1,14264,1,1,0,0,1,0,0,0,0,0,0,0,0,1
2552,14,185b14ebde695980,1.962343,17.542225,1,13935,1,0,0,0,0,0,0,0,0,0,0,0,0,1
2553,14,a63e52348e115266,1.474235,16.657662,1,13542,1,1,0,0,1,0,0,0,0,0,0,0,0,0
2554,14,b4290370a203ce6f,2.152796,16.007301,1,14566,1,0,0,0,0,0,0,0,0,0,0,0,0,1
2555,14,23248fda9f400b9e,1.617315,15.504531,1,13627,1,1,0,0,1,0,0,0,0,0,0,0,0,0
2556,14,355a8bd9aca035a6,2.258682,15.126819,1,13797,1,0,0,0,0,0,0,0,0,0,0,0,0,1
2557,14,481cbad08152f8d0,1.698561,14.856085,1,14243,1,1,0,0,1,0,0,0,0,0,0,0,0,0
2558,14,cd49e4825720a7c5,1.276065,18.118511,1,13563,1,1,0,0,1,0,0,0,0,0,0,0,0,1
2559,14,1b5e2e7e746bf5e7,2.002314,17.090604,1,13833,1,0,0,0,0,0,0,0,0,0,0,0,0,1
2560,14,0da4a7c234f82be9,1.504263,16.318377,1,14324,1,1,0,0,1,0,0,0,0,0,0,0,0,0
2561,14,e514c070df0f175c,3.219528,15.752154,1,13877,2,0,0,0,0,0,0,0,0,0,0,0,0,1
2562,14,92a451b0b4c59df0,2.418711,18.791693,1,14056,1,1,0,0,1,0,0,0,0,0,0,0,0,1
2563,14,4f90b5b3ff25a0dc,1.817087,17.596341,1,13749,1,1,0,0,0,0,0,0,0,0,0,0,0,1
2564,14,498e991e871ad8ff,2.410626,16.713201,1,13805,1,0,0,0,1,0,0,0,0,0,0,0,0,0
2565,14,d01f2eeea99c73c0,1.811013,19.513692,1,13986,1,1,0,0,1,0,0,0,0,0,0,0,0,1
2566,14,f94c84e53288c031,2.4042,14.659907,0,14284,1,0,0,0,0,0,0,0,0,0,0,0,0,0
2567,14,80cb97b0f9b6f28d,1.806186,17.971129,1,13450,1,1,0,0,1,0,0,0,0,0,0,0,0,1
2568,14,ad75d928bcec0a76,1.358277,16.995047,1,14128,1,1,0,0,1,0,0,0,0,0,0,0,0,0
2569,14,0321dac97e30fa51,2.064076,16.246588,1,14122,1,0,0,0,0,0,0,0,0,0,0,0,0,1
2570,14,3cba4131db78011b,1.550663,19.163143,1,13664,1,1,0,0,1,0,0,0,0,0,0,0,0,1
2571,14,dfc1dfd166be4118,1.166121,14.410957,0,14127,1,1,0,0,0,0,0,0,0,0,0,0,0,0
2572,14,311738e65f55fbb9,1.919716,17.784102,1,13569,1,0,0,0,1,0,0,0,0,0,0,0,0,1
2573,14,47052bb7d466b9cd,1.442211,20.0,1,13843,1,1,0,0,1,0,0,0,0,0,0,0,0,1
2574,14,49bab70b85936bf8,2.127133,15.264319,0,14304,1,0,0,0,0,0,0,0,0,0,0,0,0,0
2575,14,269c3828c974022c,1.599634,18.439989,1,13787,1,1,0,0,1,0,0,0,0,0,0,0,0,1
2576,14,5cfbb9c8f4b0d23c,1.201745,17.332119,1,14226,1,1,0,0,1,0,0,0,0,0,0,0,0,0
2577,14,c54f315cc56e74eb,1.94648,16.499818,1,14132,1,0,0,0,0,0,0,0,0,0,0,0,0,1
2578,14,f0823e845fb50855,1.46378,15.8886,1,13305,1,1,0,0,1,0,0,0,0,0,0,0,0,0
2579,14,653386780ab5b5d0,1.099684,18.8942,1,14508,1,1,0,0,1,0,0,0,0,0,0,0,0,1
2580,14,893109b53b610599,2.913458,17.673351,1,13571,2,0,0,0,0,0,0,0,0,0,0,0,0,1
2581,14,5258bc716d22ba3e,2.188772,16.756172,1,13789,1,1,0,0,1,0,0,0,0,0,0,0,0,0
2582,14,b1e44d83bb0f1646,2.690138,16.081382,1,14125,1,0,0,0,0,0,0,0,0,0,0,0,0,1
2583,14,607fb9beb7f9e44f,2.021,19.03903,1,13807,1,1,0,0,1,0,0,0,0,0,0,0,0,1
2584,14,daec6e00c2d99a07,1.518302,17.782156,1,13794,1,1,0,0,1,0,0,0,0,0,0,0,0,0
2585,14,658b74788c131940,2.185935,16.852937,1,14423,1,0,0,0,0,0,0,0,0,0,0,0,0,1
2586,14,8386adfb031c592c,1.642211,19.61867,1,13662,1,1,0,0,1,0,0,0,0,0,0,0,0,1
2587,14,7ab3313993b3c74f,2.277385,14.738774,0,14291,1,0,0,0,0,0,0,0,0,0,0,0,0,0
2588,14,c588a6b5240198a8,2.754568,20.0,1,13795,2,1,0,0,1,0,0,0,0,0,0,0,0,2
2589,14,e3c320a0f39bb143,2.071474,19.655744,1,13760,1,1,0,0,1,0,0,0,0,0,0,0,0,0
2590,14,9f1843c5a2925704,2.599875,18.24547,1,13868,1,0,0,0,0,0,0,0,0,0,0,0,0,1
2591,14,09d77e4589bde218,1.953189,20.0,1,14191,1,1,0,0,1,0,0,0,0,0,0,0,0,1
2592,14,688b468a0a5425c1,1.468826,15.540246,0,13420,1,1,0,0,0,0,0,0,0,0,0,0,0,0
2593,14,9d7276ac17b24012,2.147127,18.632495,1,14168,1,0,0,0,1,0,0,0,0,0,0,0,0,1
2594,14,3615a198b8fa5bff,1.613056,17.476741,1,14245,1,1,0,0,1,0,0,0,0,0,0,0,0,0
2595,14,417baf4d875cff54,2.255482,16.608467,1,13484,1,0,0,0,0,0,0,0,0,0,0,0,0,1
2596,14,53083666c63fb1ff,1.696155,15.970306,1,14223,1,1,0,0,1,0,0,0,0,0,0,0,0,0
2597,14,6c8e52bdce72bb20,1.274258,18.955583,1,13785,1,1,0,0,1,0,0,0,0,0,0,0,0,1
2598,14,3bed6cf4ad43d235,2.000956,14.240621,0,14054,1,0,0,0,0,0,0,0,0,0,0,0,0,0
2599,14,5ef7525cdeec14a9,1.504747,17.670153,1,13782,1,1,0,0,1,0,0,0,0,0,0,0,0,1
2600,14,aa81c972dfde668b,2.174114,13.274925,0,13887,1,0,0,0,0,0,0,0,0,0,0,0,0,0
2601,14,319327dd03aa9cec,1.63333,16.930644,1,14460,1,1,0,0,1,0,0,0,0,0,0,0,0,1
2602,14,85d06ec888017552,1.22706,12.71936,0,13724,1,1,0,0,0,0,0,0,0,0,0,0,0,0
2603,14,bdb24d5ac30b85f3,1.966917,16.526143,1,13564,1,0,0,0,1,0,0,0,0,0,0,0,0,1
2604,14,2dcb95ec6870e32c,1.477671,15.894318,1,14311,1,1,0,0,1,0,0,0,0,0,0,0,0,0
2605,14,3e9ba9bc63e14dfe,2.153773,15.419652,1,13803,1,0,0,0,0,0,0,0,0,0,0,0,0,1
2606,14,4b81a5da666fb960,1.619668,15.0763,1,13906,1,1,0,0,1,0,0,0,0,0,0,0,0,0
2607,14,75f7874468b1b6b6,1.216796,18.283949,1,13938,1,1,0,0,1,0,0,0,0,0,0,0,0,1
2608,14,89aba9213aae64c4,1.957787,13.736048,0,13792,1,0,0,0,0,0,0,0,0,0,0,0,0,0
2609,14,4f6125e84757fce8,2.514465,20.0,1,14240,2,1,0,0,1,0,0,0,0,0,0,0,0,2
2610,14,6b38d48610b10901,2.935064,15.608742,0,13822,1,0,0,0,0,0,0,0,0,0,0,0,0,0
2611,14,25b0d9917f7bd924,2.205004,18.683954,1,13793,1,1,0,0,1,0,0,0,0,0,0,0,0,1
2612,14,02dedf6ee52961d5,1.656537,17.5154,1,14197,1,1,0,0,1,0,0,0,0,0,0,0,0,0
2613,14,77d6eaca9c2a5a77,2.28989,16.652332,1,13802,1,0,0,0,0,0,0,0,0,0,0,0,0,1
2614,14,ae49bfb91e03dd57,1.720309,15.989119,1,13634,1,1,0,0,1,0,0,0,0,0,0,0,0,0
2615,14,abd34b3320d99bd2,2.336057,15.490872,1,14215,1,0,0,0,0,0,0,0,0,0,0,0,0,1
2616,15,1fd48474a6be9a50,1.754992,18.595402,1,14003,1,1,0,0,1,0,0,0,0,0,0,0,0,1
2617,15,530e0ea8d92a6d51,1.319779,17.464509,1,13377,1,1,0,0,1,0,0,0,0,0,0,0,0,0
2618,15,9d91a06f605c6d81,0.991501,16.599277,1,14386,1,1,0,0,0,0,0,0,0,0,0,0,0,1
2619,15,1bedfd585b1aa4b9,1.788531,19.428106,1,13996,1,0,0,0,1,0,0,0,0,0,0,0,0,1
2620,15,26a9669cba5af3ef,1.345001,18.090714,1,13532,1,1,0,0,1,0,0,0,0,0,0,0,0,0
2621,15,4f55c5e4b2d3c044,2.054102,20.0,1,14151,2,1,0,0,1,0,0,0,0,0,0,0,0,1
2622,15,429a6cfc04b09590,2.586823,18.916214,1,14214,1,0,0,0,0,0,0,0,0,0,0,0,0,1
2623,15,bfd1095e82cc3b3f,1.943384,20.0,1,13998,1,1,0,0,1,0,0,0,0,0,0,0,0,1
2624,15,e8a24dfe484cb614,2.505603,15.919189,0,13453,1,0,0,0,0,0,0,0,0,0,0,0,0,0
2625,15,a8eb40163c807ab7,1.882366,18.917181,1,13792,1,1,0,0,1,0,0,0,0,0,0,0,0,1
2626,15,b734eb68cadec0ba,1.414151,20.0,1,14640,1,1,0,0,1,0,0,0,0,0,0,0,0,1
2627,15,03ed9d518f369873,2.107612,15.919736,0,13674,1,0,0,0,0,0,0,0,0,0,0,0,0,0
2628,15,cd43fcebe8f5e6e6,1.58337,18.917591,1,13644,1,1,0,0,1,0,0,0,0,0,0,0,0,1
2629,15,338e1a6d9a9334b5,2.23318,14.212079,0,14438,1,0,0,0,0,0,0,0,0,0,0,0,0,0
2630,15,f71f04d2a5841727,1.677705,17.634693,1,13603,1,1,0,0,1,0,0,0,0,0,0,0,0,1
2631,15,dab4ff966e399802,1.261658,20.0,1,13884,1,1,0,0,1,0,0,0,0,0,0,0,0,1
2632,15,339e340883d8ecaf,1.99149,15.192441,0,14039,1,0,0,0,0,0,0,0,0,0,0,0,0,0
2633,15,0f3eea50b2030a66,1.496132,18.371202,1,13743,1,1,0,0,1,0,0,0,0,0,0,0,0,1
2634,15,157d3461e0a7f335,1.125112,13.815406,0,14386,1,1,0,0,0,0,0,0,0,0,0,0,0,0
2635,15,f1991b9aba19249f,1.888908,17.336687,1,13674,1,0,0,0,1,0,0,0,0,0,0,0,0,1
2636,15,f0cae4ef532c2023,2.46272,19.982094,1,13953,2,1,0,0,1,0,0,0,0,0,0,0,0,1
2637,15,7630abeab872e6cf,1.850149,18.490645,1,13982,1,1,0,0,0,0,0,0,0,0,0,0,0,1
2638,15,253c29c9cd31f14d,2.435489,17.38573,1,14036,1,0,0,0,1,0,0,0,0,0,0,0,0,0
2639,15,1bcd43f2b236da2a,1.829692,20.0,1,13498,1,1,0,0,1,0,0,0,0,0,0,0,0,1
2640,15,190012cb2cd5517d,1.374579,15.03948,0,14301,1,1,0,0,0,0,0,0,0,0,0,0,0,0
2641,15,752285f96761bfac,2.077854,18.270907,1,13842,1,0,0,0,1,0,0,0,0,0,0,0,0,1
2642,15,8ce008444b943984,2.604667,20.0,1,13424,2,1,0,0,1,0,0,0,0,0,0,0,0,1
2643,15,815cbd6616cc478f,3.000442,15.539069,0,14535,1,0,0,0,0,0,0,0,0,0,0,0,0,0
2644,15,ea182be542b69bac,2.25412,18.631611,1,13664,1,1,0,0,1,0,0,0,0,0,0,0,0,1
2645,15,98558a7fe6a345e2,2.739281,14.011237,0,14070,1,0,0,0,0,0,0,0,0,0,0,0,0,0
2646,15,ea40987dff05550d,2.057919,17.483808,1,13828,1,1,0,0,1,0,0,0,0,0,0,0,0,1
2647,15,bd84d51435d6859a,1.546038,16.613776,1,14165,1,1,0,0,1,0,0,0,0,0,0,0,0,0
2648,15,b3773e59edaae1a5,2.206793,15.974298,1,14133,1,0,0,0,0,0,0,0,0,0,0,0,0,1
2649,15,5dadae3439224eef,1.657881,15.479737,1,13450,1,1,0,0,1,0,0,0,0,0,0,0,0,0
2650,15,bf32681d9402a0dc,1.245504,18.587037,1,13995,1,1,0,0,1,0,0,0,0,0,0,0,0,1
2651,15,f7bd4e508f328e99,1.979354,13.963746,0,14182,1,0,0,0,0,0,0,0,0,0,0,0,0,0
2652,15,7c7cf98600a1ae76,1.488502,17.461939,1,13569,1,1,0,0,1,0,0,0,0,0,0,0,0,1
2653,15,4330f499d34eea83,2.16191,13.118502,0,13980,1,0,0,0,0,0,0,0,0,0,0,0,0,0
2654,15,845cf8bbfb4cdff1,1.624162,16.813129,1,14260,1,1,0,0,1,0,0,0,0,0,0,0,0,1
2655,15,b0e135ff280b7893,2.265543,12.643713,0,13553,1,0,0,0,0,0,0,0,0,0,0,0,0,0
2656,15,789d57edeb55ec88,1.702018,16.456438,1,13831,1,1,0,0,1,0,0,0,0,0,0,0,0,1
2657,15,6979b739abf8bb34,3.365969,15.841951,1,14204,2,0,0,0,0,0,0,0,0,0,0,0,0,1
2658,15,c2bea933f494d4c2,2.528727,15.38031,1,13871,1,1,0,0,1,0,0,0,0,0,0,0,0,0
2659,15,fc8afc999d432daa,2.945789,15.046714,1,14318,1,0,0,0,0,0,0,0,0,0,0,0,0,1
2660,15,54f85808e32b19ad,2.213061,18.261723,1,13429,1,1,0,0,1,0,0,0,0,0,0,0,0,1
2661,15,fb36f5410e15ae96,2.706244,13.71935,0,13811,1,0,0,0,0,0,0,0,0,0,0,0,0,0
2662,15,84816ba9c8e952dd,2.035134,17.27815,1,14509,1,1,0,0,1,0,0,0,0,0,0,0,0,1
2663,15,76c0f2d8b913df5d,2.572573,16.459273,1,13880,1,0,0,0,0,0,0,0,0,0,0,0,0,1
2664,15,379263227d5a2182,1.932678,15.844081,1,13551,1,1,0,0,1,0,0,0,0,0,0,0,0,0
2665,15,3d54c4b4e6b2c134,1.451949,18.860755,1,14414,1,1,0,0,1,0,0,0,0,0,0,0,0,1
2666,15,0a132d657e0ab93f,2.136037,14.183556,0,13809,1,0,0,0,0,0,0,0,0,0,0,0,0,0
2667,15,0ca8cb191a6821f3,1.604725,17.613265,1,13344,1,1,0,0,1,0,0,0,0,0,0,0,0,1
2668,15,d838c0af6c1f6e31,2.249223,16.711032,1,14651,1,0,0,0,0,0,0,0,0,0,0,0,0,1
2669,15,c5f1b9cc089c76e1,1.691448,16.047436,1,13417,1,1,0,0,1,0,0,0,0,0,0,0,0,0
2670,15,a84b4c40935e1429,1.270721,19.013528,1,14298,1,1,0,0,1,0,0,0,0,0,0,0,0,1
2671,15,12c24a9f707ab663,1.998299,14.284153,0,13887,1,0,0,0,0,0,0,0,0,0,0,0,0,0
2672,15,d1623d603cb706ea,1.501247,17.688839,1,13797,1,1,0,0,1,0,0,0,0,0,0,0,0,1
2673,15,2ef6e7dfc3903c46,2.17311,20.0,1,14195,2,1,0,0,1,0,0,0,0,0,0,0,0,1
2674,15,f6d8e5e5d116b8b6,2.67623,15.223031,0,14019,1,0,0,0,0,0,0,0,0,0,0,0,0,0
2675,15,3a4152be0edb5cdd,0.966898,14.915339,1,13571,0,1,0,0,1,0,0,0,0,0,0,0,0,0
2676,15,229037c542b3d26a,0.727121,18.177551,1,14203,1,1,0,0,1,0,0,0,0,0,0,0,0,1
2677,15,1baa70ad574dd542,0.546259,13.656114,0,13461,1,1,0,0,0,0,0,0,0,0,0,0,0,0
2678,15,fe2999c8230c21cb,1.454037,17.217017,1,14146,1,0,0,0,1,0,0,0,0,0,0,0,0,1
2679,15,5a4e00b217e916ea,1.092364,16.413346,1,14303,1,1,0,0,1,0,0,0,0,0,0,0,0,0
2680,15,2d670e015457bea4,1.865624,15.823572,1,13395,2,1,0,0,0,0,0,0,0,0,0,0,0,1
2681,15,7c3877f890af3431,2.445227,18.845347,1,14532,1,0,0,0,1,0,0,0,0,0,0,0,0,1
2682,15,42359bb73286961f,1.837007,20.0,1,13930,1,1,0,0,1,0,0,0,0,0,0,0,0,1
2683,15,f9c576b63d0ec3f4,1.381456,15.879152,0,13751,1,1,0,0,0,0,0,0,0,0,0,0,0,0
2684,15,7778937d1c31d200,2.081489,18.887103,1,14025,1,0,0,0,1,0,0,0,0,0,0,0,0,1
2685,15,fa19488426be1e5e,1.563745,17.668019,1,13710,1,1,0,0,1,0,0,0,0,0,0,0,0,0
2686,15,6128a815417b1164,2.218437,16.752166,1,13825,1,0,0,0,0,0,0,0,0,0,0,0,0,1
2687,15,440638ec1b42ab61,1.668296,16.07837,1,14191,1,1,0,0,1,0,0,0,0,0,0,0,0,0
2688,15,b0089a09c9a9ca56,1.253328,19.036767,1,13842,1,1,0,0,1,0,0,0,0,0,0,0,0,1
2689,15,4d030cf729e97403,1.985232,14.301611,0,13596,1,0,0,0,0,0,0,0,0,0,0,0,0,0
2690,15,af15e5f0ad1916ce,1.492923,17.716019,1,14343,1,1,0,0,1,0,0,0,0,0,0,0,0,1
2691,15,3638f81de7602669,2.16523,16.788227,1,13895,1,0,0,0,0,0,0,0,0,0,0,0,0,1
2692,15,d7dd1851d975b741,1.626657,16.091212,1,13408,1,1,0,0,1,0,0,0,0,0,0,0,0,0
2693,15,b5cf4ebc3c580f16,1.222046,19.046415,1,14642,1,1,0,0,1,0,0,0,0,0,0,0,0,1
2694,15,58a194aa1db78174,1.963147,17.803677,1,13339,1,0,0,0,0,0,0,0,0,0,0,0,0,1
2695,15,c476f5533c8ae5c0,1.474839,16.854082,1,14299,1,1,0,0,1,0,0,0,0,0,0,0,0,0
2696,15,1cd54c89942f20b9,2.151645,16.140686,1,13804,1,0,0,0,0,0,0,0,0,0,0,0,0,1
2697,15,63d8512d1df2a966,1.618067,15.618528,1,13957,1,1,0,0,1,0,0,0,0,0,0,0,0,0
2698,15,7915471971ffab09,1.215594,18.691305,1,14031,1,1,0,0,1,0,0,0,0,0,0,0,0,1
2699,15,d3b0b5e4970362bf,1.956883,17.520923,1,13897,1,0,0,0,0,0,0,0,0,0,0,0,0,1
2700,15,4925b5f8e64e429e,2.513787,16.641659,1,13857,2,1,0,0,1,0,0,0,0,0,0,0,0,0
2701,15,e509cbb09192f5db,1.890403,19.475768,1,14079,1,1,0,0,1,0,0,0,0,0,0,0,0,1
2702,15,a8a2d40c98a915ed,2.463843,18.110261,1,13604,1,0,0,0,0,0,0,0,0,0,0,0,0,1
2703,15,49c2051aa5e1ebc1,1.850993,20.0,1,14051,1,1,0,0,1,0,0,0,0,0,0,0,0,1
2704,15,d702ed9e82f24b25,2.436124,15.463858,0,14013,1,0,0,0,0,0,0,0,0,0,0,0,0,0
2705,15,f214e47536c492c8,1.830169,18.575108,1,13604,1,1,0,0,1,0,0,0,0,0,0,0,0,1
2706,15,33ac14d0de9d95c4,2.418591,13.954784,0,14579,1,0,0,0,0,0,0,0,0,0,0,0,0,0
2707,15,6f3bf1575a71bb4d,1.816997,17.441396,1,13746,1,1,0,0,1,0,0,0,0,0,0,0,0,1
2708,15,d90a0ddd9f1fba73,1.366407,16.59668,1,13857,1,1,0,0,1,0,0,0,0,0,0,0,0,0
2709,15,0e8d9f5186003278,2.070184,15.94731,1,14245,1,0,0,0,0,0,0,0,0,0,0,0,0,1
2710,15,b92023e98b3cc202,1.555252,18.938307,1,13583,1,1,0,0,1,0,0,0,0,0,0,0,0,1
2711,15,dc16a1f2992f7d17,1.169572,14.241877,0,13803,1,1,0,0,0,0,0,0,0,0,0,0,0,0
2712,15,2c00435d50c4a3b3,2.965962,17.657079,1,14114,2,0,0,0,1,0,0,0,0,0,0,0,0,1
2713,15,33deaab6465147f7,2.228217,20.0,1,13771,1,1,0,0,1,0,0,0,0,0,0,0,0,1
2714,15,42b83afff543466a,2.717629,18.671472,1,13662,1,0,0,0,0,0,0,0,0,0,0,0,0,1
2715,15,bb83f91877406b74,2.043696,17.521715,1,14511,1,1,0,0,1,0,0,0,0,0,0,0,0,0
2716,15,34af298f79c84c53,1.535352,20.0,1,13736,1,1,0,0,1,0,0,0,0,0,0,0,0,1
2717,15,f266372298c8a9b5,2.197106,15.116229,0,14146,1,0,0,0,0,0,0,0,0,0,0,0,0,0
2718,15,b08e7d5627a488ca,1.652255,18.328623,1,13881,1,1,0,0,1,0,0,0,0,0,0,0,0,1
2719,15,5c71c445b7d924b7,2.284931,13.769609,0,13607,1,0,0,0,0,0,0,0,0,0,0,0,0,0
2720,15,fc50ed93ede180e5,1.716583,17.302282,1,14090,1,1,0,0,1,0,0,0,0,0,0,0,0,1
2721,15,9f42b3c916688a6f,1.289605,16.477402,1,14099,1,1,0,0,1,0,0,0,0,0,0,0,0,0
2722,15,5da00a23d38278f0,0.969801,19.352245,1,13359,1,1,0,0,1,0,0,0,0,0,0,0,0,1
2723,15,079d0658278eddd7,1.772229,14.538618,0,14534,1,0,0,0,0,0,0,0,0,0,0,0,0,0
2724,15,34fc7c6a1e0c0c11,1.331409,17.880009,1,13747,1,1,0,0,1,0,0,0,0,0,0,0,0,1
2725,15,574fe74e8609ac70,1.001239,16.926523,1,13586,1,1,0,0,1,0,0,0,0,0,0,0,0,0
2726,15,7eb4a8c2977b3b9e,2.8395,16.195109,1,14302,2,0,0,0,0,0,0,0,0,0,0,0,0,1
2727,15,06db6edd9dc3a0bd,2.13321,19.124469,1,13851,1,1,0,0,1,0,0,0,0,0,0,0,0,1
2728,15,2a5d0720c8a926ba,2.646254,17.846343,1,14228,1,0,0,0,0,0,0,0,0,0,0,0,0,1
2729,15,17005c124a6e190e,1.990021,16.901206,1,13666,1,1,0,0,1,0,0,0,0,0,0,0,0,0
2730,15,fc54debdd470ece5,1.495028,19.654933,1,13604,1,1,0,0,1,0,0,0,0,0,0,0,0,1
2731,15,4b91129b21e84a36,2.166812,18.244861,1,14659,1,0,0,0,0,0,0,0,0,0,0,0,0,1
2732,15,5182188f8c90ec5d,1.629474,17.200897,1,13519,1,1,0,0,1,0,0,0,0,0,0,0,0,0
2733,15,b185eee898353b3e,2.267816,19.88008,1,13771,2,1,0,0,1,0,0,0,0,0,0,0,0,1
2734,15,e880c87a71629f2c,2.747379,18.414006,1,14226,1,0,0,0,0,0,0,0,0,0,0,0,0,1
2735,15,b6287ecdce753495,2.064003,20.0,1,14014,1,1,0,0,1,0,0,0,0,0,0,0,0,1
2736,15,018bcf6112ba84c9,1.55216,19.115963,1,13592,1,1,0,0,1,0,0,0,0,0,0,0,0,0
2737,15,851f5e9740a5c449,2.209733,17.839953,1,14267,1,0,0,0,0,0,0,0,0,0,0,0,0,1
2738,15,f318302066d5b4a8,1.66009,20.0,1,13873,1,1,0,0,1,0,0,0,0,0,0,0,0,1
2739,15,d853d98b9cf39401,2.292562,15.311145,0,13556,1,0,0,0,0,0,0,0,0,0,0,0,0,0
2740,15,264b6cedf6b18f72,1.722316,18.46038,1,14251,1,1,0,0,1,0,0,0,0,0,0,0,0,1
2741,15,13b34a96e6917c19,1.293912,17.347438,1,13696,1,1,0,0,1,0,0,0,0,0,0,0,0,0
2742,15,fd84a657ae752ee7,2.015721,19.99017,1,14418,2,1,0,0,1,0,0,0,0,0,0,0,0,1
2743,15,0449fe8ea1821fd4,2.560001,18.513395,1,13849,1,0,0,0,0,0,0,0,0,0,0,0,0,1
2744,15,b4da042c63e1fdc8,1.923233,17.387266,1,13610,1,1,0,0,1,0,0,0,0,0,0,0,0,0
2745,15,b807fcf2a4581910,2.488507,16.541247,1,13919,1,0,0,0,0,0,0,0,0,0,0,0,0,1
2746,15,375c247dcba0eb7f,1.871392,19.400257,1,14052,1,1,0,0,1,0,0,0,0,0,0,0,0,1
2747,15,85e10ef8603fccb5,2.449561,14.574688,0,13656,1,0,0,0,0,0,0,0,0,0,0,0,0,0
2748,15,f4ef21d0c1eceebc,1.840263,17.907107,1,14282,1,1,0,0,1,0,0,0,0,0,0,0,0,1
2749,15,eed4924a40e6e706,1.382521,16.931785,1,13942,1,1,0,0,1,0,0,0,0,0,0,0,0,0
2750,15,91abdea65d065334,2.083826,16.213445,1,13562,1,0,0,0,0,0,0,0,0,0,0,0,0,1
2751,15,27d150448305d6d3,1.565501,19.138244,1,14282,1,1,0,0,1,0,0,0,0,0,0,0,0,1
2752,15,958f2969141cff73,1.176102,17.856692,1,13774,1,1,0,0,1,0,0,0,0,0,0,0,0,0
2753,15,195aa62b883845ba,0.884446,20.0,1,14228,1,1,0,0,1,0,0,0,0,0,0,0,0,1
2754,15,af70f7c644c23edd,1.708104,18.796706,1,13661,1,0,0,0,0,0,0,0,0,0,0,0,0,1
2755,15,0bfec0a83fe03a5d,1.283235,17.600107,1,14039,1,1,0,0,1,0,0,0,0,0,0,0,0,0
2756,15,56d24bf64217a4df,2.0077,16.701147,1,14306,1,0,0,0,0,0,0,0,0,0,0,0,0,1
2757,15,bfb769426058dc48,1.509819,16.040002,1,13416,1,1,0,0,1,0,0,0,0,0,0,0,0,0
2758,15,a786f0e152ff045d,2.177924,15.529099,1,13900,1,0,0,0,0,0,0,0,0,0,0,0,0,1
2759,15,a91b48ffca964246,1.636193,18.62412,1,14233,1,1,0,0,1,0,0,0,0,0,0,0,0,1
2760,15,5986db46f55826a4,1.23044,14.005604,0,13814,1,1,0,0,0,0,0,0,0,0,0,0,0,0
2761,15,751477056cde9c27,1.968037,17.479576,1,13625,1,0,0,0,1,0,0,0,0,0,0,0,0,1
2762,15,1565e7e06deaadf0,1.478513,16.610596,1,14101,1,1,0,0,1,0,0,0,0,0,0,0,0,0
2763,15,3091f205d4bfa5e2,2.154405,15.957765,1,14202,1,0,0,0,0,0,0,0,0,0,0,0,0,1
2764,15,d19d0eb3bd3574ef,2.664294,18.96147,1,13759,2,1,0,0,1,0,0,0,0,0,0,0,0,1
2765,15,4a9f091058ad16e2,3.045237,14.245043,0,14099,1,0,0,0,0,0,0,0,0,0,0,0,0,0
2766,15,802e88fe7077dbca,2.287773,17.659458,1,13311,1,1,0,0,1,0,0,0,0,0,0,0,0,1
2767,15,79359000d1d01c79,2.764588,13.280164,0,14471,1,0,0,0,0,0,0,0,0,0,0,0,0,0
2768,15,ce0e0139fbcd4f8b,2.076932,16.93458,1,13870,1,1,0,0,1,0,0,0,0,0,0,0,0,1
2769,15,e70c6d11d873dfa7,1.560321,19.680006,1,13773,1,1,0,0,1,0,0,0,0,0,0,0,0,1
2770,15,491d56a6888ccb68,2.215864,14.784853,0,14168,1,0,0,0,0,0,0,0,0,0,0,0,0,0
2771,15,2e832a9f8b793634,1.666362,18.079423,1,13760,1,1,0,0,1,0,0,0,0,0,0,0,0,1
2772,15,8ae62c98a6e8548a,2.295529,17.061239,1,13829,1,0,0,0,0,0,0,0,0,0,0,0,0,1
2773,15,5fb66525c041fde4,2.768198,19.77516,1,14102,2,1,0,0,1,0,0,0,0,0,0,0,0,1
2774,15,d4479311672b275a,3.125875,14.871202,0,13878,1,0,0,0,0,0,0,0,0,0,0,0,0,0
2775,15,9cb375b4ff119623,2.348353,18.129868,1,13596,1,1,0,0,1,0,0,0,0,0,0,0,0,1
2776,15,910f91c5b4297439,1.76423,13.620292,0,14414,1,1,0,0,0,0,0,0,0,0,0,0,0,0
2777,15,7009afd28e6346cd,2.369053,17.190105,1,13927,1,0,0,0,1,0,0,0,0,0,0,0,0,1
2778,15,e1521cc91f936c0e,1.781562,16.407706,1,14087,1,1,0,0,1,0,0,0,0,0,0,0,0,0
2779,15,6d730dd28e487d96,1.338421,15.80534,1,13611,1,1,0,0,0,0,0,0,0,0,0,0,0,1
2780,15,e0d568c59f619598,2.049159,15.352806,1,13877,1,0,0,0,1,0,0,0,0,0,0,0,0,0
2781,15,69eea651ce204cd0,1.540997,18.506532,1,14364,1,1,0,0,1,0,0,0,0,0,0,0,0,1
2782,15,ef3aedc05b77a5e9,2.201347,13.903266,0,13349,1,0,0,0,0,0,0,0,0,0,0,0,0,0
2783,15,a2f63d573a4d2d04,1.653789,17.402693,1,14186,1,1,0,0,1,0,0,0,0,0,0,0,0,1
2784,15,b2f281cb78a4a7d2,2.286083,13.073993,0,14353,1,0,0,0,0,0,0,0,0,0,0,0,0,0
2785,15,307419f7a95fd327,1.719167,16.792832,1,13750,1,1,0,0,1,0,0,0,0,0,0,0,0,1
2786,15,1ee7a425ddb23789,1.291546,19.573516,1,13760,1,1,0,0,1,0,0,0,0,0,0,0,0,1
2787,15,aca061d26f57afd6,3.057597,18.183695,1,14013,2,0,0,0,0,0,0,0,0,0,0,0,0,1
2788,15,bb0611075d30786d,2.299357,17.1549,1,13879,1,1,0,0,1,0,0,0,0,0,0,0,0,0
2789,15,95942481b26ba761,2.771074,16.366679,1,14096,1,0,0,0,0,0,0,0,0,0,0,0,0,1
2790,15,9728251fe3c00355,2.081804,19.253364,1,13886,1,1,0,0,1,0,0,0,0,0,0,0,0,1
2791,15,60d17337b8aad8d5,1.563982,17.943177,1,13872,1,1,0,0,1,0,0,0,0,0,0,0,0,0
2792,15,bd9fdf0a2843205a,1.176137,20.0,1,14067,1,1,0,0,1,0,0,0,0,0,0,0,0,1
2793,15,62408031a36deed5,1.927241,15.366722,0,13940,1,0,0,0,0,0,0,0,0,0,0,0,0,0
2794,15,60cec0262d3bd598,1.447864,18.502133,1,13384,1,1,0,0,1,0,0,0,0,0,0,0,0,1
2795,15,994b26146f4ed86b,1.088814,17.394369,1,14299,1,1,0,0,1,0,0,0,0,0,0,0,0,0
2796,15,8a2243d42ddf0715,1.861639,16.546584,1,14081,1,0,0,0,0,0,0,0,0,0,0,0,0,1
2797,15,1a6895d208963c02,1.39858,19.388519,1,13434,1,1,0,0,1,0,0,0,0,0,0,0,0,1
2798,15,1602cd8f9b309d2e,1.050701,18.044714,1,14409,1,1,0,0,1,0,0,0,0,0,0,0,0,0
2799,15,cc725c7d4456206a,1.834292,17.050384,1,13789,1,0,0,0,0,0,0,0,0,0,0,0,0,1
2800,15,48a67c3d0196e367,1.378035,19.767005,1,14302,1,1,0,0,1,0,0,0,0,0,0,0,0,1
2801,15,6d33116d26b32132,1.035266,18.329056,1,13570,1,1,0,0,1,0,0,0,0,0,0,0,0,0
2802,15,64f9d2b095a04701,1.822686,17.264213,1,13831,1,0,0,0,0,0,0,0,0,0,0,0,0,1
2803,15,5ed115823d7e4e05,1.369316,16.448803,1,14187,1,1,0,0,1,0,0,0,0,0,0,0,0,0
2804,16,1fd48474a6be9a50,1.028716,19.31506,1,13807,1,1,0,0,1,0,0,0,0,0,0,0,0,1
2805,16,530e0ea8d92a6d51,2.860142,17.989527,1,14140,2,0,0,0,0,0,0,0,0,0,0,0,0,1
2806,16,9d91a06f605c6d81,2.150868,17.008882,1,13954,1,1,0,0,1,0,0,0,0,0,0,0,0,0
2807,16,1bedfd585b1aa4b9,2.65952,16.256982,1,13612,1,0,0,0,0,0,0,0,0,0,0,0,0,1
2808,16,26a9669cba5af3ef,1.997998,19.170952,1,14118,1,1,0,0,1,0,0,0,0,0,0,0,0,1
2809,16,4f55c5e4b2d3c044,1.502523,17.897331,1,14076,1,1,0,0,1,0,0,0,0,0,0,0,0,0
2810,16,429a6cfc04b09590,2.172443,16.92444,1,13749,1,0,0,0,0,0,0,0,0,0,0,0,0,1
2811,16,bfd1095e82cc3b3f,1.632075,16.193544,1,13568,1,1,0,0,1,0,0,0,0,0,0,0,0,0
2812,16,e8a24dfe484cb614,1.226117,19.123293,1,14715,1,1,0,0,1,0,0,0,0,0,0,0,0,1
2813,16,a8eb40163c807ab7,1.966208,17.861491,1,13368,1,0,0,0,0,0,0,0,0,0,0,0,0,1
2814,16,b734eb68cadec0ba,1.477138,16.897515,1,14501,1,1,0,0,1,0,0,0,0,0,0,0,0,0
2815,16,03ed9d518f369873,2.153372,16.173316,1,13639,1,0,0,0,0,0,0,0,0,0,0,0,0,1
2816,16,cd43fcebe8f5e6e6,1.619367,19.123567,1,13841,1,1,0,0,1,0,0,0,0,0,0,0,0,1
2817,16,338e1a6d9a9334b5,2.260223,14.366821,0,14155,1,0,0,0,0,0,0,0,0,0,0,0,0,0
2818,16,f71f04d2a5841727,2.741674,17.750945,1,13812,2,1,0,0,1,0,0,0,0,0,0,0,0,1
2819,16,dab4ff966e399802,2.059717,13.335621,0,13598,1,1,0,0,0,0,0,0,0,0,0,0,0,0
2820,16,339e340883d8ecaf,1.548937,13.509079,1,14347,0,0,0,0,1,0,0,0,0,0,0,0,0,0
2821,16,0f3eea50b2030a66,2.207312,17.106555,1,13680,2,1,0,0,1,0,0,0,0,0,0,0,0,1
2822,16,157d3461e0a7f335,2.701924,16.33036,1,13548,1,0,0,0,0,0,0,0,0,0,0,0,0,1
2823,16,f1991b9aba19249f,2.031885,19.241667,1,14348,1,1,0,0,1,0,0,0,0,0,0,0,0,1
2824,16,f0cae4ef532c2023,1.52648,17.934389,1,13969,1,1,0,0,1,0,0,0,0,0,0,0,0,0
2825,16,3dc875a761d5c5ef,2.19044,16.952281,1,14285,1,0,0,0,0,0,0,0,0,0,0,0,0,1
2826,16,e90cc852e180b7a9,1.645596,19.693304,1,13727,1,1,0,0,1,0,0,0,0,0,0,0,0,1
2827,16,0843c071791750a4,1.237512,18.290147,1,13619,1,1,0,0,1,0,0,0,0,0,0,0,0,0
2828,16,e7652621d19bb2aa,3.017003,17.219548,1,14440,2,0,0,0,0,0,0,0,0,0,0,0,0,1
2829,16,83403ab2ce2e5edc,2.266562,19.894092,1,13443,1,1,0,0,1,0,0,0,0,0,0,0,0,1
2830,16,31f44b91b5854a60,2.748637,18.441142,1,13957,1,0,0,0,0,0,0,0,0,0,0,0,0,1
2831,16,9eeb382b0724ec5e,2.064948,17.332985,1,14224,1,1,0,0,1,0,0,0,0,0,0,0,0,0
2832,16,8cf44fb6a5bc2678,1.551318,16.500468,1,13503,1,1,0,0,0,0,0,0,0,0,0,0,0,1
2833,16,26302fd6db433208,2.209101,15.87503,1,14303,1,0,0,0,1,0,0,0,0,0,0,0,0,0
2834,16,212d5aa4658ea2f7,1.661275,18.899252,1,13969,1,1,0,0,1,0,0,0,0,0,0,0,0,1
2835,16,37a5a18fb6caef37,2.291707,14.198301,0,13954,1,0,0,0,0,0,0,0,0,0,0,0,0,0
2836,16,79c0b206a03c3fd7,1.721674,17.624342,1,13986,1,1,0,0,1,0,0,0,0,0,0,0,0,1
2837,16,066f19424897b5f9,3.383025,16.734258,1,13910,2,0,0,0,0,0,0,0,0,0,0,0,0,1
2838,16,45cd890081455bb1,2.54154,16.050667,1,13600,1,1,0,0,1,0,0,0,0,0,0,0,0,0
2839,16,750fc310f3e0ed42,2.953017,15.537111,1,14349,1,0,0,0,0,0,0,0,0,0,0,0,0,1
2840,16,adc39f36c9059362,2.218491,15.151295,1,13921,1,1,0,0,1,0,0,0,0,0,0,0,0,0
2841,16,693f8e80d696f528,1.668337,18.354993,1,13713,1,1,0,0,1,0,0,0,0,0,0,0,0,1
2842,16,5f8694262bdec3db,2.297013,17.268265,1,14062,1,0,0,0,0,0,0,0,0,0,0,0,0,1
2843,16,be87caf26ae80d84,1.72566,16.451846,1,13859,1,1,0,0,1,0,0,0,0,0,0,0,0,0
2844,16,4b1d73b558ff518d,1.297721,15.852525,1,13626,1,1,0,0,0,0,0,0,0,0,0,0,0,1
2845,16,f36ec1ebfb66065a,2.018582,18.867098,1,14488,1,0,0,0,1,0,0,0,0,0,0,0,0,1
2846,16,8bcb0108c5b59465,1.516486,17.65299,1,13724,1,1,0,0,1,0,0,0,0,0,0,0,0,0
2847,16,144d658975f33c99,2.182932,16.740876,1,13783,1,0,0,0,0,0,0,0,0,0,0,0,0,1
2848,16,7cc0640289db4a08,2.685747,19.550381,1,14086,2,1,0,0,1,0,0,0,0,0,0,0,0,1
2849,16,8ae13877ca477144,2.017701,20.0,1,14050,1,1,0,0,1,0,0,0,0,0,0,0,0,1
2850,16,89273edfc1fcab3b,2.559477,16.261199,0,13973,1,0,0,0,0,0,0,0,0,0,0,0,0,0
2851,16,ff509d4937e6c5a2,1.924763,19.189657,1,13824,1,1,0,0,1,0,0,0,0,0,0,0,0,1
2852,16,a525ba8c6fda05e0,2.489656,17.895316,1,13575,1,0,0,0,0,0,0,0,0,0,0,0,0,1
2853,16,9c34e789ab177fd0,1.870385,16.922927,1,14401,1,1,0,0,1,0,0,0,0,0,0,0,0,0
2854,16,5806e9698a0d2317,1.405151,19.671251,1,13510,1,1,0,0,1,0,0,0,0,0,0,0,0,1
2855,16,65bf1cd447797f08,2.100844,14.793061,0,13898,1,0,0,0,0,0,0,0,0,0,0,0,0,0
2856,16,b06c22a10c518c04,1.578285,18.071163,1,14199,1,1,0,0,1,0,0,0,0,0,0,0,0,1
2857,16,f0f1f40ae0008ff0,1.185707,20.0,1,13579,1,1,0,0,1,0,0,0,0,0,0,0,0,1
2858,16,954e472fdb2cd921,1.935819,15.441769,0,14259,1,0,0,0,0,0,0,0,0,0,0,0,0,0
2859,16,f17697aa27d40f0a,2.497962,18.558513,1,13867,2,1,0,0,1,0,0,0,0,0,0,0,0,1
2860,16,76320273c53705ec,1.876625,20.0,1,13890,1,1,0,0,1,0,0,0,0,0,0,0,0,1
2861,16,22fed034d49683cc,2.453492,19.180238,1,14344,1,0,0,0,0,0,0,0,0,0,0,0,0,1
2862,16,f0b9c73bce37e583,1.845061,20.0,1,13826,1,1,0,0,1,0,0,0,0,0,0,0,0,1
2863,16,222567fb1694f051,2.429779,16.065612,0,13698,1,0,0,0,0,0,0,0,0,0,0,0,0,0
2864,16,3208e0e284c2bc4f,1.825402,19.027183,1,14246,1,1,0,0,1,0,0,0,0,0,0,0,0,1
2865,16,9bcaeb3483fcd7c2,2.416879,14.308713,0,13863,1,0,0,0,0,0,0,0,0,0,0,0,0,0
2866,16,fe8a26206423eacd,1.815711,17.70729,1,13587,1,1,0,0,1,0,0,0,0,0,0,0,0,1
2867,16,f2f2d3b60e90ed71,2.407729,13.302825,0,14274,1,0,0,0,0,0,0,0,0,0,0,0,0,0
2868,16,0e84052fedb16a60,1.808837,16.951604,1,13677,1,1,0,0,1,0,0,0,0,0,0,0,0,1
2869,16,7d4cff386e8cd48b,2.404421,19.708851,1,13992,2,1,0,0,1,0,0,0,0,0,0,0,0,1
2870,16,908c9916fafe99d6,2.850005,14.806523,0,14325,1,0,0,0,0,0,0,0,0,0,0,0,0,0
2871,16,809fdbdd03a6a08e,2.141102,18.081276,1,13587,1,1,0,0,1,0,0,0,0,0,0,0,0,1
2872,16,dfaf84098e2a0182,1.61014,13.597378,0,14028,1,1,0,0,0,0,0,0,0,0,0,0,0,0
2873,16,de1f003b45222f03,2.253291,17.172891,1,14125,1,0,0,0,1,0,0,0,0,0,0,0,0,1
2874,16,b928254cb0f4ce7a,1.692813,16.380195,1,13499,1,1,0,0,1,0,0,0,0,0,0,0,0,0
2875,16,1de35e8a0580f8e1,2.315401,15.784673,1,14329,1,0,0,0,0,0,0,0,0,0,0,0,0,1
2876,16,07888ab35aca9b86,1.741214,15.350801,1,13770,1,1,0,0,1,0,0,0,0,0,0,0,0,0
2877,16,7959d0cfdd200be5,2.351763,15.011327,1,13714,1,0,0,0,0,0,0,0,0,0,0,0,0,1
2878,16,8ee1148c88e1bb7f,1.766791,14.756293,1,14273,1,1,0,0,1,0,0,0,0,0,0,0,0,0
2879,16,c3b38ff5a4e5fd45,1.328652,18.057946,1,13630,1,1,0,0,1,0,0,0,0,0,0,0,0,1
2880,16,23996e353325a823,2.04182,13.56626,0,13906,1,0,0,0,0,0,0,0,0,0,0,0,0,0
2881,16,4584c5993c4c5792,1.533943,17.149513,1,14114,1,1,0,0,1,0,0,0,0,0,0,0,0,1
2882,16,f7ac0f33bd696ad1,1.152394,16.362633,1,13829,1,1,0,0,1,0,0,0,0,0,0,0,0,0
2883,16,77fbdef6be6829bf,1.910767,15.785435,1,14192,1,0,0,0,0,0,0,0,0,0,0,0,0,1
2884,16,9c5e6348dade8270,1.435488,15.337851,1,13778,1,1,0,0,1,0,0,0,0,0,0,0,0,0
2885,16,23cd70ca33890fed,1.078429,18.480443,1,13891,1,1,0,0,1,0,0,0,0,0,0,0,0,1
2886,16,c5b9567e4cb54a21,1.855144,13.897557,0,14386,1,0,0,0,0,0,0,0,0,0,0,0,0,0
2887,16,296ea2e5506d5457,1.3937,17.398404,1,13544,1,1,0,0,1,0,0,0,0,0,0,0,0,1
2888,16,684018b2db8b4c75,1.047035,16.549615,1,13768,1,1,0,0,0,0,0,0,0,0,0,0,0,1
2889,16,73ddc3e0978d9377,1.830252,15.911952,1,14324,1,0,0,0,1,0,0,0,0,0,0,0,0,0
2890,16,1bab5d6ba36c8504,1.376375,15.446516,1,13852,1,1,0,0,0,0,0,0,0,0,0,0,0,1
2891,16,14ac4711baf922b6,2.077673,18.562079,1,13585,1,0,0,0,1,0,0,0,0,0,0,0,0,1
2892,16,f9faff44a9a40529,2.604531,13.944996,0,14184,1,0,0,0,0,0,0,0,0,0,0,0,0,0
2893,16,b7c368fe10dbe2aa,1.958645,17.447839,1,13932,1,1,0,0,1,0,0,0,0,0,0,0,0,1
2894,16,fbcff011c750f16f,1.471456,16.586754,1,13622,1,1,0,0,1,0,0,0,0,0,0,0,0,0
2895,16,1cf7a548c1332fbf,2.149104,19.418697,1,14401,2,1,0,0,1,0,0,0,0,0,0,0,0,1
2896,16,c7dca34fe5c74b52,2.658195,18.067386,1,13813,1,0,0,0,0,0,0,0,0,0,0,0,0,1
2897,16,8da81b453a9b00d0,1.999,17.067433,1,14092,1,1,0,0,1,0,0,0,0,0,0,0,0,0
2898,16,c14d15e31b26ee2d,1.501774,19.779814,1,14192,1,1,0,0,1,0,0,0,0,0,0,0,0,1
2899,16,8ab4c35dac7feb1b,2.17188,14.859835,0,13375,1,0,0,0,0,0,0,0,0,0,0,0,0,0
2900,16,41ee9386bfbef383,1.633285,18.135811,1,14273,1,1,0,0,1,0,0,0,0,0,0,0,0,1
2901,16,2f0a789f4dc10e25,2.270679,17.103601,1,14039,1,0,0,0,0,0,0,0,0,0,0,0,0,1
2902,16,0069be2d171f535e,1.705876,16.328141,1,13405,1,1,0,0,1,0,0,0,0,0,0,0,0,0
2903,16,70999c15fa208bfb,1.281561,19.224411,1,14460,1,1,0,0,1,0,0,0,0,0,0,0,0,1
2904,16,03719d390724baea,2.007903,14.457031,0,13669,1,0,0,0,0,0,0,0,0,0,0,0,0,0
2905,16,b45eeaba0f2389b6,1.508462,17.818716,1,14088,1,1,0,0,1,0,0,0,0,0,0,0,0,1
2906,16,2db91c5a3da641d6,1.133251,16.86538,1,13848,1,1,0,0,1,0,0,0,0,0,0,0,0,0
2907,16,dc0959974c8f1f78,1.896372,16.163508,1,13969,1,0,0,0,0,0,0,0,0,0,0,0,0,1
2908,16,31c82bc6cd07a1d0,1.424673,19.100728,1,14082,1,1,0,0,1,0,0,0,0,0,0,0,0,1
2909,16,e7cccb8d090b0eb6,1.070304,14.349663,0,13693,1,1,0,0,0,0,0,0,0,0,0,0,0,0
2910,16,9c439ee943f16500,2.891386,17.738054,1,13803,2,0,0,0,1,0,0,0,0,0,0,0,0,1
2911,16,a215fd0c41d342d4,2.174363,20.0,1,14430,1,1,0,0,1,0,0,0,0,0,0,0,0,1
2912,16,918d60c328662234,1.633518,18.729681,1,13544,1,1,0,0,1,0,0,0,0,0,0,0,0,0
2913,16,6b08a4c55c22e69e,2.270854,17.549754,1,13859,1,0,0,0,0,0,0,0,0,0,0,0,0,1
2914,16,255207cc2c8fdde7,1.707715,20.0,1,14177,1,1,0,0,1,0,0,0,0,0,0,0,0,1
2915,16,1c5997354e79f0ad,1.282942,18.623298,1,13803,1,1,0,0,1,0,0,0,0,0,0,0,0,0
2916,16,6cdfb743375db81c,2.00748,17.469832,1,13612,1,0,0,0,0,0,0,0,0,0,0,0,0,1
2917,16,f03940c82ac8d2fb,1.508145,20.0,1,14148,1,1,0,0,1,0,0,0,0,0,0,0,0,1
2918,16,64f7a2ca4e49b5b3,1.134146,18.582543,1,14011,1,1,0,0,1,0,0,0,0,0,0,0,0,0
2919,16,2ae90ab38b0ea59d,1.895695,17.439214,1,14060,1,0,0,0,0,0,0,0,0,0,0,0,0,1
2920,16,15754ef0ce4bc799,1.424165,20.0,1,14124,1,1,0,0,1,0,0,0,0,0,0,0,0,1
2921,16,6f5469b0eb145b76,2.115143,15.084743,0,13552,1,0,0,0,0,0,0,0,0,0,0,0,0,0
2922,16,e6417c56124f5ce9,2.632681,18.290293,1,14271,2,1,0,0,1,0,0,0,0,0,0,0,0,1
2923,16,3a9cc99052507137,1.977835,17.219658,1,13750,1,1,0,0,0,0,0,0,0,0,0,0,0,1
2924,16,5318af782f0df987,2.529527,16.41533,1,13591,1,0,0,0,1,0,0,0,0,0,0,0,0,0
2925,16,d56662e0b1518202,1.90224,19.305565,1,14278,1,1,0,0,1,0,0,0,0,0,0,0,0,1
2926,16,a1dbf0bfd939327d,2.472735,14.503549,0,14026,1,0,0,0,0,0,0,0,0,0,0,0,0,0
2927,16,15b4cfb8dc7370b0,1.857674,17.853664,1,13620,1,1,0,0,1,0,0,0,0,0,0,0,0,1
2928,16,ab2a636f3472785e,1.396997,16.906711,1,14272,1,1,0,0,1,0,0,0,0,0,0,0,0,0
2929,16,47fc2d2b25b94248,1.049512,16.180225,1,13589,1,1,0,0,0,0,0,0,0,0,0,0,0,1
2930,16,bb515cc179bc7bcd,1.832112,19.113287,1,13940,1,0,0,0,1,0,0,0,0,0,0,0,0,1
2931,16,bd25a83921ffaf06,1.376397,17.837942,1,14009,1,1,0,0,1,0,0,0,0,0,0,0,0,0
2932,16,973dcd557efd70a4,2.079221,16.894889,1,14189,1,0,0,0,0,0,0,0,0,0,0,0,0,1
2933,16,f4acecc7d91f8a60,2.605694,19.650187,1,13895,2,1,0,0,1,0,0,0,0,0,0,0,0,1
2934,16,cb51cfd5bc8e0866,1.957561,20.0,1,13945,1,1,0,0,1,0,0,0,0,0,0,0,0,1
2935,16,26f518e116ce1d14,2.516264,16.333855,0,13796,1,0,0,0,0,0,0,0,0,0,0,0,0,0
2936,16,813ae52b4f5cd4c6,1.890375,19.228704,1,14130,1,1,0,0,1,0,0,0,0,0,0,0,0,1
2937,16,070a8e8cc658521e,1.420168,14.445806,0,13828,1,1,0,0,0,0,0,0,0,0,0,0,0,0
2938,16,19ad95fa85965f03,2.110573,17.810283,1,13907,1,0,0,0,1,0,0,0,0,0,0,0,0,1
2939,16,7cab6bd0eb8c018f,1.587181,16.874089,1,14226,1,1,0,0,1,0,0,0,0,0,0,0,0,0
2940,16,9496b5c371c50574,1.19239,16.155716,1,13666,1,1,0,0,0,0,0,0,0,0,0,0,0,1
2941,16,e02b163a14fb1811,1.939451,15.61603,1,13679,1,0,0,0,1,0,0,0,0,0,0,0,0,0
2942,16,5922081e930533f2,1.458495,18.704481,1,14468,1,1,0,0,1,0,0,0,0,0,0,0,0,1
2943,16,06a14ba7d2b407cb,2.139366,14.051977,0,13806,1,0,0,0,0,0,0,0,0,0,0,0,0,0
2944,16,521450f85fc10c7e,1.607226,17.514414,1,13937,1,1,0,0,1,0,0,0,0,0,0,0,0,1
2945,16,486b1bc027108779,2.251102,13.157925,0,14014,1,0,0,0,0,0,0,0,0,0,0,0,0,0
2946,16,51558366bffde1b8,1.692861,16.85595,1,13822,1,1,0,0,1,0,0,0,0,0,0,0,0,1
2947,16,357d4ce80897be32,3.35909,16.14209,1,14040,2,0,0,0,0,0,0,0,0,0,0,0,0,1
2948,16,92bf06a3be0edbb2,2.523559,19.084638,1,13868,1,1,0,0,1,0,0,0,0,0,0,0,0,1
2949,16,d41dbc8be39f297e,1.897752,17.832421,1,13475,1,1,0,0,1,0,0,0,0,0,0,0,0,0
2950,16,af032e4a56af0158,2.469363,16.875676,1,14553,1,0,0,0,0,0,0,0,0,0,0,0,0,1
2951,16,1cb696b44fd26f94,1.85514,16.156909,1,13705,1,1,0,0,1,0,0,0,0,0,0,0,0,0
2952,16,c46e084988a2ec3f,1.393698,19.095771,1,13643,1,1,0,0,1,0,0,0,0,0,0,0,0,1
2953,16,93600c942ffb563a,2.092231,17.840794,1,14163,1,0,0,0,0,0,0,0,0,0,0,0,0,1
2954,16,503c76479d54cfec,1.571815,16.881966,1,13844,1,1,0,0,1,0,0,0,0,0,0,0,0,0
2955,16,1d51d065c4ea76f0,2.224499,16.161634,1,14409,1,0,0,0,0,0,0,0,0,0,0,0,0,1
2956,16,ff155b6f0ba1f912,1.672855,19.114783,1,13582,1,1,0,0,1,0,0,0,0,0,0,0,0,1
2957,16,f60d8bb3753234df,2.300407,20.0,1,14154,2,1,0,0,1,0,0,0,0,0,0,0,0,1
2958,16,3b3a1e9b142071ce,2.771863,16.015349,0,14191,1,0,0,0,0,0,0,0,0,0,0,0,0,0
2959,16,769abeac29d2fd42,2.082397,18.989422,1,13535,1,1,0,0,1,0,0,0,0,0,0,0,0,1
2960,16,379d4efdb2ffeb79,1.565992,17.760818,1,13888,1,1,0,0,1,0,0,0,0,0,0,0,0,0
2961,16,fe4ae894cdbf1639,2.220125,16.821883,1,14040,1,0,0,0,0,0,0,0,0,0,0,0,0,1
2962,16,36b5457f9890dff0,1.667897,19.595341,1,13910,1,1,0,0,1,0,0,0,0,0,0,0,0,1
2963,16,b098bbb4102479c4,1.254282,18.216477,1,13704,1,1,0,0,1,0,0,0,0,0,0,0,0,0
2964,16,9cfbc522f9cec8b7,1.985949,17.164203,1,14204,1,0,0,0,0,0,0,0,0,0,0,0,0,1
2965,16,ab155ace67538cd9,1.491969,19.852513,1,13712,1,1,0,0,1,0,0,0,0,0,0,0,0,1
2966,16,943d6fbaa57a6325,2.164514,20.0,1,14445,2,1,0,0,1,0,0,0,0,0,0,0,0,1
2967,16,06d166aa76747abb,1.627745,16.448161,0,13936,1,1,0,0,0,0,0,0,0,0,0,0,0,0
2968,16,01acb05666a560bb,2.266518,19.314578,1,13530,1,0,0,0,1,0,0,0,0,0,0,0,0,1
2969,16,5326a647843da347,1.70275,17.989165,1,14198,1,1,0,0,1,0,0,0,0,0,0,0,0,0
2970,16,2ca5ae76cf13fb39,1.280492,17.00861,1,13740,1,1,0,0,0,0,0,0,0,0,0,0,0,1
2971,16,900199d7114c3ff6,2.005639,16.256777,1,13782,1,0,0,0,1,0,0,0,0,0,0,0,0,0
2972,16,5bd93c5b6d78c671,1.506762,19.170798,1,14289,1,1,0,0,1,0,0,0,0,0,0,0,0,1
2973,16,8ffb28eee156db55,2.175627,17.881148,1,13885,1,0,0,0,0,0,0,0,0,0,0,0,0,1
2974,16,18b55b1a8fcdd5d6,1.636103,20.0,1,13653,1,1,0,0,1,0,0,0,0,0,0,0,0,1
2975,16,d82738fe564d0f13,1.229143,18.810523,1,14294,1,1,0,0,1,0,0,0,0,0,0,0,0,0
2976,16,d0a5c3e057a920e8,1.967062,17.610487,1,13606,1,0,0,0,0,0,0,0,0,0,0,0,0,1
2977,16,896caafc140503c5,1.479259,16.723839,1,13837,1,1,0,0,1,0,0,0,0,0,0,0,0,0
2978,16,f9014a2278fe991d,2.154965,16.04284,1,14271,1,0,0,0,0,0,0,0,0,0,0,0,0,1
2979,16,ee18f306c06ff068,1.618945,15.53123,1,13727,1,1,0,0,1,0,0,0,0,0,0,0,0,0
2980,17,1fd48474a6be9a50,2.259906,15.146877,1,14240,2,1,0,0,0,0,0,0,0,0,0,0,0,1
2981,17,530e0ea8d92a6d51,2.743632,18.351671,1,13687,1,0,0,0,1,0,0,0,0,0,0,0,0,1
2982,17,9d91a06f605c6d81,2.061188,20.0,1,14104,1,1,0,0,1,0,0,0,0,0,0,0,0,1
2983,17,1bedfd585b1aa4b9,1.548494,19.063497,1,14075,1,1,0,0,1,0,0,0,0,0,0,0,0,0
2984,17,26a9669cba5af3ef,2.20864,17.816523,1,13521,1,0,0,0,0,0,0,0,0,0,0,0,0,1
2985,17,4f55c5e4b2d3c044,1.659269,16.863732,1,13962,1,1,0,0,1,0,0,0,0,0,0,0,0,0
2986,17,429a6cfc04b09590,1.246546,19.626781,1,14328,1,1,0,0,1,0,0,0,0,0,0,0,0,1
2987,17,bfd1095e82cc3b3f,1.980137,14.744867,0,13644,1,0,0,0,0,0,0,0,0,0,0,0,0,0
2988,17,e8a24dfe484cb614,1.489091,18.049353,1,13566,1,1,0,0,1,0,0,0,0,0,0,0,0,1
2989,17,a8eb40163c807ab7,2.162352,20.0,1,14381,2,1,0,0,1,0,0,0,0,0,0,0,0,1
2990,17,b734eb68cadec0ba,2.668148,15.414026,0,13781,1,0,0,0,0,0,0,0,0,0,0,0,0,0
2991,17,03ed9d518f369873,2.006485,18.552571,1,14295,1,1,0,0,1,0,0,0,0,0,0,0,0,1
2992,17,cd43fcebe8f5e6e6,1.507397,20.0,1,14082,1,1,0,0,1,0,0,0,0,0,0,0,0,1
2993,17,338e1a6d9a9334b5,1.132451,19.176884,1,13468,1,1,0,0,1,0,0,0,0,0,0,0,0,0
2994,17,f71f04d2a5841727,1.894422,17.88572,1,14166,1,0,0,0,0,0,0,0,0,0,0,0,0,1
2995,17,dab4ff966e399802,1.424632,20.0,1,13913,1,1,0,0,1,0,0,0,0,0,0,0,0,1
2996,17,339e340883d8ecaf,2.113926,15.334262,0,13595,1,0,0,0,0,0,0,0,0,0,0,0,0,0
2997,17,0f3eea50b2030a66,1.588114,18.477747,1,14188,1,1,0,0,1,0,0,0,0,0,0,0,0,1
2998,17,157d3461e0a7f335,1.194284,13.895529,0,13893,1,1,0,0,0,0,0,0,0,0,0,0,0,0
2999,17,f1991b9aba19249f,1.940874,17.39688,1,13595,1,0,0,0,1,0,0,0,0,0,0,0,0,1
3000,17,f0cae4ef532c2023,1.458106,16.54847,1,14503,1,1,0,0,1,0,0,0,0,0,0,0,0,0
3001,17,3dc875a761d5c5ef,1.095421,15.911092,1,13664,1,1,0,0,0,0,0,0,0,0,0,0,0,1
3002,17,e90cc852e180b7a9,1.867923,18.926371,1,14180,1,0,0,0,1,0,0,0,0,0,0,0,0,1
3003,17,0843c071791750a4,1.4033,17.69752,1,13800,1,1,0,0,1,0,0,0,0,0,0,0,0,0
3004,17,e7652621d19bb2aa,1.054247,16.774329,1,13934,1,1,0,0,0,0,0,0,0,0,0,0,0,1
3005,17,83403ab2ce2e5edc,1.836959,16.095037,1,14108,1,0,0,0,1,0,0,0,0,0,0,0,0,0
3006,17,31f44b91b5854a60,1.380039,19.049288,1,13651,1,1,0,0,1,0,0,0,0,0,0,0,0,1
3007,17,9eeb382b0724ec5e,3.124078,17.789863,1,14130,2,0,0,0,0,0,0,0,0,0,0,0,0,1
3008,17,8cf44fb6a5bc2678,2.347003,16.843703,1,14026,1,1,0,0,1,0,0,0,0,0,0,0,0,0
3009,17,26302fd6db433208,2.80913,16.147207,1,13629,1,0,0,0,0,0,0,0,0,0,0,0,0,1
3010,17,212d5aa4658ea2f7,2.110395,15.609637,1,14020,1,1,0,0,1,0,0,0,0,0,0,0,0,0
3011,17,37a5a18fb6caef37,1.585461,18.684626,1,14182,1,1,0,0,1,0,0,0,0,0,0,0,0,1
3012,17,79c0b206a03c3fd7,2.236439,14.051105,0,13714,1,0,0,0,0,0,0,0,0,0,0,0,0,0
3013,17,c2376b0af88b997c,1.680153,17.513759,1,13872,1,1,0,0,1,0,0,0,0,0,0,0,0,1
3014,17,6484211bcaa3988b,0.218583,13.157432,0,14052,0,1,0,0,0,0,0,0,0,0,0,0,0,0
3015,17,bb6c2f7a25964c84,1.207867,13.363532,1,13835,1,0,0,0,1,0,0,0,0,0,0,0,0,0
3016,17,66b1f64089a6f384,0.908333,17.01057,1,14266,1,1,0,0,1,0,0,0,0,0,0,0,0,1
3017,17,ea8c132e457af786,2.769703,16.25825,1,13999,2,0,0,0,0,0,0,0,0,0,0,0,0,1
3018,17,052f36be903b4c06,2.080775,15.69306,1,13492,1,1,0,0,1,0,0,0,0,0,0,0,0,0
3019,17,8e82ec90f90651e7,2.608923,15.281906,1,14406,1,0,0,0,0,0,0,0,0,0,0,0,0,1
3020,17,4f7951c9fb9652a2,0.916333,14.959569,1,13812,0,1,0,0,1,0,0,0,0,0,0,0,0,0
3021,17,d7844e8c8ba22263,1.73206,18.196254,1,13587,2,1,0,0,1,0,0,0,0,0,0,0,0,1
3022,17,6924a5f6007e7c0e,2.344885,13.670166,0,14176,1,0,0,0,0,0,0,0,0,0,0,0,0,0
3023,17,989e039664e0383c,1.763387,17.241163,1,13757,1,1,0,0,1,0,0,0,0,0,0,0,0,1
3024,17,b83094f7827bc2cc,1.324767,19.91033,1,13606,1,1,0,0,1,0,0,0,0,0,0,0,0,1
3025,17,d70399cdf9ed2253,2.038901,18.436731,1,14470,1,0,0,0,0,0,0,0,0,0,0,0,0,1
3026,17,ffe0a7377361fbe8,1.533283,17.345186,1,13432,1,1,0,0,1,0,0,0,0,0,0,0,0,0
3027,17,6bacbc7497219c94,2.195551,16.509635,1,14683,1,0,0,0,0,0,0,0,0,0,0,0,0,1
3028,17,766c142925e80d9b,1.649436,19.36076,1,13725,1,1,0,0,1,0,0,0,0,0,0,0,0,1
3029,17,d6e4501b7407447d,2.282813,14.545015,0,13796,1,0,0,0,0,0,0,0,0,0,0,0,0,0
3030,17,93c90bd1b22461a4,2.760858,17.899062,1,14125,2,1,0,0,1,0,0,0,0,0,0,0,0,1
3031,17,32134b765ccf6fa2,3.117783,16.925741,1,13762,1,0,0,0,0,0,0,0,0,0,0,0,0,1
3032,17,edbb1b237f6f8141,2.342274,19.673365,1,13870,1,1,0,0,1,0,0,0,0,0,0,0,0,1
3033,17,c4739f05c1ff2efd,1.761423,18.275153,1,14027,1,1,0,0,0,0,0,0,0,0,0,0,0,1
3034,17,ca0971b523ab45b2,2.366945,17.208284,1,13690,1,0,0,0,1,0,0,0,0,0,0,0,0,0
3035,17,f18e9c00f8624c51,1.778197,19.885629,1,14061,1,1,0,0,1,0,0,0,0,0,0,0,0,1
3036,17,fe74e5da29b347fd,1.335893,14.93933,0,14235,1,1,0,0,0,0,0,0,0,0,0,0,0,0
3037,17,10d496b4663bc6b6,2.048761,18.195592,1,13586,1,0,0,0,1,0,0,0,0,0,0,0,0,1
3038,17,c1eea8f9c0febeb8,1.539158,17.148513,1,14396,1,1,0,0,1,0,0,0,0,0,0,0,0,0
3039,17,8c5bfe3716835382,2.199965,16.361881,1,13792,1,0,0,0,0,0,0,0,0,0,0,0,0,1
3040,17,26d9ffb64b6de79c,1.654405,19.265371,1,13525,1,1,0,0,1,0,0,0,0,0,0,0,0,1
3041,17,99ad9bbd22202199,1.242893,17.952198,1,14590,1,1,0,0,1,0,0,0,0,0,0,0,0,0
3042,17,ba04675233c68b3b,1.977392,16.96566,1,13642,1,0,0,0,0,0,0,0,0,0,0,0,0,1
3043,17,4a56fa8141c32c19,1.485541,16.22451,1,13783,1,1,0,0,1,0,0,0,0,0,0,0,0,0
3044,17,eff3cb35f31610fa,3.205449,15.681565,1,14153,2,0,0,0,0,0,0,0,0,0,0,0,0,1
3045,17,ebb096da8b7ace62,2.408134,18.738662,1,13934,1,1,0,0,1,0,0,0,0,0,0,0,0,1
3046,17,e58be22c083ad9d6,2.852794,14.077657,0,13350,1,0,0,0,0,0,0,0,0,0,0,0,0,0
3047,17,520794db6a32a2b5,2.145342,17.547602,1,14668,1,1,0,0,1,0,0,0,0,0,0,0,0,1
3048,17,cceec8060cea538f,1.611715,20.0,1,13699,1,1,0,0,1,0,0,0,0,0,0,0,0,1
3049,17,51287a1f4ea9b00d,2.254475,15.130839,0,13651,1,0,0,0,0,0,0,0,0,0,0,0,0,0
3050,17,e1d9642a02a27189,1.693703,18.324923,1,14367,1,1,0,0,1,0,0,0,0,0,0,0,0,1
3051,17,a294c2535d512897,1.273689,17.261105,1,13654,1,1,0,0,1,0,0,0,0,0,0,0,0,0
3052,17,c5c7533053b0103a,0.956875,16.446467,1,14441,1,1,0,0,0,0,0,0,0,0,0,0,0,1
3053,17,3c6c0b16ea2997da,1.762517,15.834461,1,13572,1,0,0,0,1,0,0,0,0,0,0,0,0,0
3054,17,857b7b015db309af,1.325438,18.868744,1,13712,1,1,0,0,1,0,0,0,0,0,0,0,0,1
3055,17,02dbfe7f533b644f,2.039406,17.654226,1,14480,1,0,0,0,0,0,0,0,0,0,0,0,0,1
3056,17,0e9197a312c3b827,1.532129,16.741805,1,13774,1,1,0,0,1,0,0,0,0,0,0,0,0,0
3057,17,ba8b6815578568b9,1.151031,19.535181,1,13659,1,1,0,0,1,0,0,0,0,0,0,0,0,1
3058,17,66dd7853064cd037,1.909742,14.690735,0,14025,1,0,0,0,0,0,0,0,0,0,0,0,0,0
3059,17,a4838235ae942aab,1.434718,17.994289,1,14151,1,1,0,0,1,0,0,0,0,0,0,0,0,1
3060,17,e74d447dc0606f75,1.07785,16.997281,1,13679,1,1,0,0,1,0,0,0,0,0,0,0,0,0
3061,17,10df9a39134a9d50,1.854709,16.262699,1,14092,1,0,0,0,0,0,0,0,0,0,0,0,0,1
3062,17,5208ab4461b62341,1.393374,15.696403,1,13866,1,1,0,0,1,0,0,0,0,0,0,0,0,0
3063,17,198ab552bfc6be66,1.04679,18.749809,1,14365,1,1,0,0,1,0,0,0,0,0,0,0,0,1
3064,17,0e2ceaabe15fdb7c,2.873721,17.564875,1,13645,2,0,0,0,0,0,0,0,0,0,0,0,0,1
3065,17,a0be1849b97be760,2.161079,16.689538,1,13538,1,1,0,0,1,0,0,0,0,0,0,0,0,0
3066,17,b627c0acc6f5dd72,1.623538,16.017071,1,14430,1,1,0,0,0,0,0,0,0,0,0,0,0,1
3067,17,2ad5a832140df023,2.263357,15.511871,1,13754,1,0,0,0,1,0,0,0,0,0,0,0,0,0
3068,17,011c101988854854,1.702076,18.626152,1,13707,1,1,0,0,1,0,0,0,0,0,0,0,0,1
3069,17,d7d94676931b9984,1.278706,17.471976,1,14217,1,1,0,0,1,0,0,0,0,0,0,0,0,0
3070,17,ce19fd079223db6e,2.004298,16.604887,1,13941,1,0,0,0,0,0,0,0,0,0,0,0,0,1
3071,17,2ac0390fdaf55632,1.505754,15.953475,1,13269,1,1,0,0,1,0,0,0,0,0,0,0,0,0
3072,17,13fa3d717cc4f173,2.176499,15.477742,1,14645,1,0,0,0,0,0,0,0,0,0,0,0,0,1
3073,17,2a366df43b8821bd,1.635122,15.106694,1,13673,1,1,0,0,1,0,0,0,0,0,0,0,0,0
3074,17,28107cb270c234e3,2.27206,14.827939,1,14073,1,0,0,0,0,0,0,0,0,0,0,0,0,1
3075,17,e6ad969e736378d7,1.708621,14.631323,1,13826,1,1,0,0,1,0,0,0,0,0,0,0,0,0
3076,17,f5bbe3eb080ea665,2.327277,14.470811,1,13768,1,0,0,0,0,0,0,0,0,0,0,0,0,1
3077,17,7792770896f59847,2.792049,17.829068,1,14331,2,1,0,0,1,0,0,0,0,0,0,0,0,1
3078,17,221eed2ed29237f8,2.097562,16.873157,1,13659,1,1,0,0,0,0,0,0,0,0,0,0,0,1
3079,17,3342864d32dd55de,2.621547,16.169356,1,13708,1,0,0,0,1,0,0,0,0,0,0,0,0,0
3080,17,47738e6b5bd1ea26,1.96947,19.105122,1,14417,1,1,0,0,1,0,0,0,0,0,0,0,0,1
3081,17,878a68f20d79c0df,1.479589,17.831808,1,13695,1,1,0,0,1,0,0,0,0,0,0,0,0,0
3082,17,cbeb2a05194d7bf3,2.156823,16.890276,1,13669,1,0,0,0,0,0,0,0,0,0,0,0,0,1
3083,17,ae6512f2b25ff6ed,1.62034,19.646722,1,14212,1,1,0,0,1,0,0,0,0,0,0,0,0,1
3084,17,7c65d4740e45b470,2.260955,14.759848,0,13979,1,0,0,0,0,0,0,0,0,0,0,0,0,0
3085,17,fa41aa6d89f87074,2.742224,18.046211,1,14072,2,1,0,0,1,0,0,0,0,0,0,0,0,1
3086,17,9145d2dacd7747d5,2.062192,20.0,1,13759,1,1,0,0,1,0,0,0,0,0,0,0,0,1
3087,17,95f5a831367f055d,1.549247,18.903777,1,14068,1,1,0,0,0,0,0,0,0,0,0,0,0,1
3088,17,a427938b8be938d0,2.207545,17.680545,1,14112,1,0,0,0,1,0,0,0,0,0,0,0,0,0
3089,17,6098d79621b7c524,1.660105,20.0,1,13845,1,1,0,0,1,0,0,0,0,0,0,0,0,1
3090,17,f1980cc91441882c,2.290828,15.218346,0,13413,1,0,0,0,0,0,0,0,0,0,0,0,0,0
3091,17,15e526d13416f243,1.721014,18.390664,1,14444,1,1,0,0,1,0,0,0,0,0,0,0,0,1
3092,17,a16211d44f069988,2.336587,17.295063,1,13745,1,0,0,0,0,0,0,0,0,0,0,0,0,1
3093,17,29581ba4c913c1fe,1.757146,16.486635,1,13600,1,1,0,0,1,0,0,0,0,0,0,0,0,0
3094,17,755c9388f5dafc75,1.320078,19.343482,1,14382,1,1,0,0,1,0,0,0,0,0,0,0,0,1
3095,17,1520c005ea6b66f4,2.035379,18.010879,1,13658,1,0,0,0,0,0,0,0,0,0,0,0,0,1
3096,17,9b7c5e5875b1588b,1.530634,17.02494,1,13720,1,1,0,0,1,0,0,0,0,0,0,0,0,0
3097,17,34ee1a73cdab6a93,2.193561,19.74789,1,14590,2,1,0,0,1,0,0,0,0,0,0,0,0,1
3098,17,b72aaa34b04a2c18,1.647941,18.314696,1,13617,1,1,0,0,0,0,0,0,0,0,0,0,0,1
3099,17,68dbb92fe2e4410b,2.28169,20.0,1,14291,1,0,0,0,1,0,0,0,0,0,0,0,0,1
3100,17,bb220bcc948af029,1.715863,19.059857,1,13880,1,1,0,0,1,0,0,0,0,0,0,0,0,0
3101,17,2a281ba623121173,2.332717,17.797803,1,13636,1,0,0,0,0,0,0,0,0,0,0,0,0,1
3102,17,3af233fe0a613c97,1.752483,16.849668,1,14081,1,1,0,0,1,0,0,0,0,0,0,0,0,0
3103,17,419d1de992372adf,1.317892,19.632194,1,13665,1,1,0,0,1,0,0,0,0,0,0,0,0,1
3104,17,9652945413efd964,2.033737,14.748934,0,13924,1,0,0,0,0,0,0,0,0,0,0,0,0,0
3105,17,3a61ee94ea5d0001,1.52787,18.038011,1,14258,1,1,0,0,1,0,0,0,0,0,0,0,0,1
3106,17,cb1366acab0aef81,2.191485,17.030128,1,13872,1,0,0,0,0,0,0,0,0,0,0,0,0,1
3107,17,99d9e7dd98a9bf3d,1.648028,16.287401,1,13639,1,1,0,0,1,0,0,0,0,0,0,0,0,0
3108,17,cf6b2b9cad388626,1.238102,19.193804,1,14476,1,1,0,0,1,0,0,0,0,0,0,0,0,1
3109,17,4d5a2deca2ca1790,1.973793,14.419588,0,13762,1,0,0,0,0,0,0,0,0,0,0,0,0,0
3110,17,0366df9a5651536c,1.48432,17.804739,1,13863,1,1,0,0,1,0,0,0,0,0,0,0,0,1
3111,17,a2c1298d7e1f0d6a,1.115114,13.376035,0,13613,1,1,0,0,0,0,0,0,0,0,0,0,0,0
3112,17,7ca9575b6d9b0f15,1.881397,17.006604,1,14495,1,0,0,0,1,0,0,0,0,0,0,0,0,1
3113,17,e0b44a62a495148a,1.413423,16.25527,1,13930,1,1,0,0,1,0,0,0,0,0,0,0,0,0
3114,17,0e57eb802e9b645a,1.062915,19.185198,1,13720,1,1,0,0,1,0,0,0,0,0,0,0,0,1
3115,17,57abc37f68a6d307,1.842181,14.413122,0,13908,1,0,0,0,0,0,0,0,0,0,0,0,0,0
3116,17,2ff0029cf6eb1869,1.383962,17.785729,1,14024,1,1,0,0,1,0,0,0,0,0,0,0,0,1
3117,17,72ba4ea9e64ae97e,2.08491,13.375122,0,13575,1,0,0,0,0,0,0,0,0,0,0,0,0,0
3118,17,b3943dfb76c172c8,1.566315,17.005918,1,13765,1,1,0,0,1,0,0,0,0,0,0,0,0,1
3119,17,a345f09891a513cf,2.220367,19.7336,1,14354,2,1,0,0,1,0,0,0,0,0,0,0,0,1
3120,17,79c3e739e96fc4af,2.711732,18.30396,1,13954,1,0,0,0,0,0,0,0,0,0,0,0,0,1
3121,17,7ac283d757c77319,2.039261,17.245341,1,13869,1,1,0,0,1,0,0,0,0,0,0,0,0,0
3122,17,8e535cb10809aceb,1.532021,19.913469,1,14347,1,1,0,0,1,0,0,0,0,0,0,0,0,1
3123,17,f562d8dd4ddf18c2,2.194603,14.960245,0,13349,1,0,0,0,0,0,0,0,0,0,0,0,0,0
3124,17,f5c7fe91cf031bb0,1.650373,18.211321,1,14481,1,1,0,0,1,0,0,0,0,0,0,0,0,1
3125,17,669f46a110a31f82,2.283517,17.160329,1,13521,1,0,0,0,0,0,0,0,0,0,0,0,0,1
3126,17,ec8e3ce753eec99d,1.715521,16.370758,1,13721,1,1,0,0,1,0,0,0,0,0,0,0,0,0
3127,17,3a3fbcb151845e70,1.288807,19.256428,1,14264,1,1,0,0,1,0,0,0,0,0,0,0,0,1
3128,17,97e005eb07344a5c,2.013351,17.96161,1,13755,1,0,0,0,0,0,0,0,0,0,0,0,0,1
3129,17,f22432a8f96d3e2c,2.556209,20.0,1,13978,2,1,0,0,1,0,0,0,0,0,0,0,0,1
3130,17,2f6c75b31688d740,1.920384,18.843348,1,14011,1,1,0,0,1,0,0,0,0,0,0,0,0,0
3131,17,7605f8eaee537d23,2.488307,17.650968,1,13820,1,0,0,0,0,0,0,0,0,0,0,0,0,1
3132,17,ed68bd676421f029,1.869372,16.739357,1,13858,1,1,0,0,1,0,0,0,0,0,0,0,0,0
3133,17,12c831804415f678,1.404389,19.533342,1,14216,1,1,0,0,1,0,0,0,0,0,0,0,0,1
3134,17,6f8a800bce277825,2.098719,14.67467,0,14035,1,0,0,0,0,0,0,0,0,0,0,0,0,0
3135,17,de87318c571bf485,1.578266,17.996564,1,13907,1,1,0,0,1,0,0,0,0,0,0,0,0,1
3136,17,2c73347c17cd2efe,1.185692,16.99899,1,13981,1,1,0,0,0,0,0,0,0,0,0,0,0,1
3137,17,f69de7f148390bdd,1.93442,16.249551,1,13687,1,0,0,0,1,0,0,0,0,0,0,0,0,0
3138,17,f675cd235f32f14c,1.454711,19.180897,1,14233,1,1,0,0,1,0,0,0,0,0,0,0,0,1
3139,17,0e09fc423c5dca21,2.136524,14.409891,0,13572,1,0,0,0,0,0,0,0,0,0,0,0,0,0
3140,17,12a00da87496696f,1.60509,17.783301,1,14247,1,1,0,0,1,0,0,0,0,0,0,0,0,1
3141,17,d0d10bcb58a70397,2.249498,13.35993,0,14049,1,0,0,0,0,0,0,0,0,0,0,0,0,0
3142,17,4c1bb360cd0c1de9,1.691654,17.007861,1,13616,1,1,0,0,1,0,0,0,0,0,0,0,0,1
3143,17,4545f841f8d87924,1.270877,12.77737,0,13945,1,1,0,0,0,0,0,0,0,0,0,0,0,0
3144,17,0c41a3a58635c657,1.998415,16.556849,1,14259,1,0,0,0,1,0,0,0,0,0,0,0,0,1
3145,17,6ada593448b49e90,1.502837,15.931489,1,13627,1,1,0,0,1,0,0,0,0,0,0,0,0,0
3146,17,530fe57b57393246,2.172679,15.447576,1,14088,1,0,0,0,0,0,0,0,0,0,0,0,0,1
3147,17,5466ee51ade3da13,2.675906,18.562876,1,14040,2,1,0,0,1,0,0,0,0,0,0,0,0,1
3148,17,eb3f09a38e17a154,3.053961,13.945595,0,13641,1,0,0,0,0,0,0,0,0,0,0,0,0,0
3149,17,7cc5541adc965029,2.296622,17.448289,1,14551,1,1,0,0,1,0,0,0,0,0,0,0,0,1
3150,17,c617f4287e52b524,2.76902,13.108247,0,13613,1,0,0,0,0,0,0,0,0,0,0,0,0,0
3151,17,4d936e408510bb2d,2.080261,16.805425,1,13505,1,1,0,0,1,0,0,0,0,0,0,0,0,1
3152,18,1fd48474a6be9a50,1.564386,12.637919,0,14117,1,1,0,0,0,0,0,0,0,0,0,0,0,0
3153,18,530e0ea8d92a6d51,2.218918,16.452085,1,13796,1,0,0,0,1,0,0,0,0,0,0,0,0,1
3154,18,9d91a06f605c6d81,1.66699,15.838681,1,13960,1,1,0,0,1,0,0,0,0,0,0,0,0,0
3155,18,1bedfd585b1aa4b9,2.296001,15.377854,1,14130,1,0,0,0,0,0,0,0,0,0,0,0,0,1
3156,18,26a9669cba5af3ef,1.726625,15.044867,1,13635,1,1,0,0,1,0,0,0,0,0,0,0,0,0
3157,18,4f55c5e4b2d3c044,1.297149,14.781491,1,14439,1,1,0,0,0,0,0,0,0,0,0,0,0,1
3158,18,429a6cfc04b09590,2.018153,18.06247,1,13624,1,0,0,0,1,0,0,0,0,0,0,0,0,1
3159,18,bfd1095e82cc3b3f,1.51768,20.0,1,13972,1,1,0,0,1,0,0,0,0,0,0,0,0,1
3160,18,e8a24dfe484cb614,3.227483,15.434118,0,13759,2,0,0,0,0,0,0,0,0,0,0,0,0,0
3161,18,a8eb40163c807ab7,2.424687,18.552765,1,13919,1,1,0,0,1,0,0,0,0,0,0,0,0,1
3162,18,b734eb68cadec0ba,1.821577,17.416843,1,13954,1,1,0,0,1,0,0,0,0,0,0,0,0,0
3163,18,03ed9d518f369873,2.414002,16.578216,1,14067,1,0,0,0,0,0,0,0,0,0,0,0,0,1
3164,18,cd43fcebe8f5e6e6,1.81355,19.412283,1,13699,1,1,0,0,1,0,0,0,0,0,0,0,0,1
3165,18,338e1a6d9a9334b5,2.406105,14.583723,0,14033,1,0,0,0,0,0,0,0,0,0,0,0,0,0
3166,18,f71f04d2a5841727,2.853576,17.928171,1,13918,2,1,0,0,1,0,0,0,0,0,0,0,0,1
3167,18,dab4ff966e399802,3.187438,16.947609,1,13966,1,0,0,0,0,0,0,0,0,0,0,0,0,1
3168,18,339e340883d8ecaf,2.394603,16.21095,1,13721,1,1,0,0,1,0,0,0,0,0,0,0,0,0
3169,18,0f3eea50b2030a66,2.842629,15.657525,1,14444,1,0,0,0,0,0,0,0,0,0,0,0,0,1
3170,18,157d3461e0a7f335,2.137698,15.255184,1,13396,1,1,0,0,1,0,0,0,0,0,0,0,0,0
3171,18,f1991b9aba19249f,1.605972,14.939494,1,14420,1,1,0,0,0,0,0,0,0,0,0,0,0,1
3172,18,f0cae4ef532c2023,2.25016,14.702328,1,13794,1,0,0,0,1,0,0,0,0,0,0,0,0,0
3173,18,3dc875a761d5c5ef,1.692153,18.017363,1,13727,1,1,0,0,1,0,0,0,0,0,0,0,0,1
3174,18,e90cc852e180b7a9,2.314904,13.535772,0,14396,1,0,0,0,0,0,0,0,0,0,0,0,0,0
3175,18,0843c071791750a4,1.739101,17.126608,1,13661,1,1,0,0,1,0,0,0,0,0,0,0,0,1
3176,18,e7652621d19bb2aa,2.350175,16.345425,1,13781,1,0,0,0,0,0,0,0,0,0,0,0,0,1
3177,18,83403ab2ce2e5edc,1.767365,15.772494,1,14250,1,1,0,0,1,0,0,0,0,0,0,0,0,0
3178,18,31f44b91b5854a60,1.327755,18.806974,1,13652,1,1,0,0,1,0,0,0,0,0,0,0,0,1
3179,18,9eeb382b0724ec5e,2.041146,17.607821,1,13709,1,0,0,0,0,0,0,0,0,0,0,0,0,1
3180,18,8cf44fb6a5bc2678,1.534971,16.721834,1,14131,1,1,0,0,1,0,0,0,0,0,0,0,0,0
3181,18,26302fd6db433208,2.19682,20.0,1,13893,2,1,0,0,1,0,0,0,0,0,0,0,0,2
3182,18,212d5aa4658ea2f7,2.694042,17.278306,0,14399,1,0,0,0,0,0,0,0,0,0,0,0,0,0
3183,18,37a5a18fb6caef37,2.023933,19.938234,1,13578,1,1,0,0,1,0,0,0,0,0,0,0,0,1
3184,18,79c0b206a03c3fd7,1.522026,18.474338,1,13955,1,1,0,0,1,0,0,0,0,0,0,0,0,0
3185,18,c2376b0af88b997c,2.187095,17.357924,1,14331,1,0,0,0,0,0,0,0,0,0,0,0,0,1
3186,18,6484211bcaa3988b,1.643083,19.998049,1,13507,1,1,0,0,1,0,0,0,0,0,0,0,0,1
3187,18,bb6c2f7a25964c84,2.279772,18.519319,1,13959,1,0,0,0,0,0,0,0,0,0,0,0,0,1
3188,18,f466ea3e27881dcb,1.712708,17.391717,1,14101,1,1,0,0,1,0,0,0,0,0,0,0,0,0
3189,18,8ee71a2f84ad9e11,1.286693,20.0,1,13926,1,1,0,0,1,0,0,0,0,0,0,0,0,1
3190,18,831e682f06209d94,0.966644,15.042859,0,13853,1,1,0,0,0,0,0,0,0,0,0,0,0,0
3191,18,13070a4d1d516b5a,1.771081,18.273448,1,13883,1,0,0,0,1,0,0,0,0,0,0,0,0,1
3192,18,b4a7747b9ea2a33b,1.330547,17.207003,1,13901,1,1,0,0,1,0,0,0,0,0,0,0,0,0
3193,18,b5c8f90ae8f713ac,3.086897,16.405822,1,14285,2,0,0,0,0,0,0,0,0,0,0,0,0,1
3194,18,5146b576adaaaecf,2.32139,19.298416,1,13812,1,1,0,0,1,0,0,0,0,0,0,0,0,1
3195,18,6582a72f0b630679,2.787627,14.498178,0,13667,1,0,0,0,0,0,0,0,0,0,0,0,0,0
3196,18,b40d1b22d6b1cd91,2.09424,17.849628,1,14528,1,1,0,0,1,0,0,0,0,0,0,0,0,1
3197,18,63b42876cdc021c6,1.573324,13.409758,0,13759,1,1,0,0,0,0,0,0,0,0,0,0,0,0
3198,18,9420ee3eaa337cb4,2.227313,17.045333,1,13422,1,0,0,0,1,0,0,0,0,0,0,0,0,1
3199,18,3785343bf90ad03b,1.673297,19.76321,1,14469,1,1,0,0,1,0,0,0,0,0,0,0,0,1
3200,18,ca1cd686e1be0b6e,2.300739,14.847361,0,13573,1,0,0,0,0,0,0,0,0,0,0,0,0,0
3201,18,4bef6431765ec49e,2.774339,18.126431,1,13841,2,1,0,0,1,0,0,0,0,0,0,0,0,1
3202,18,3470a039844d0a69,2.084257,20.0,1,14220,1,1,0,0,1,0,0,0,0,0,0,0,0,1
3203,18,d518e4dbd53e5059,2.609478,15.457528,0,13835,1,0,0,0,0,0,0,0,0,0,0,0,0,0
3204,18,1a847b388865ff47,1.960403,18.570352,1,14079,1,1,0,0,1,0,0,0,0,0,0,0,0,1
3205,18,03cfcaa9035e4e59,2.518402,17.445671,1,14006,1,0,0,0,0,0,0,0,0,0,0,0,0,1
3206,18,a2cf50b1b231b827,1.891981,16.585125,1,13724,1,1,0,0,1,0,0,0,0,0,0,0,0,0
3207,18,8ac5bb007fe7c1a1,3.508681,15.938629,1,14153,2,0,0,0,0,0,0,0,0,0,0,0,0,1
3208,18,22dd7eb789d4562f,2.638578,18.94708,1,13674,1,1,0,0,1,0,0,0,0,0,0,0,0,1
3209,18,069a9fbefe13cddc,1.982265,20.0,1,13769,1,1,0,0,1,0,0,0,0,0,0,0,0,1
3210,18,812c81a3455de134,2.532855,19.399543,1,14214,1,0,0,0,0,0,0,0,0,0,0,0,0,1
3211,18,ee0b347b118b70fc,1.902839,18.052996,1,13825,1,1,0,0,1,0,0,0,0,0,0,0,0,0
3212,18,106f55a5d876ae85,1.430962,20.0,1,13846,1,1,0,0,1,0,0,0,0,0,0,0,0,1
3213,18,b230b5c2b1072d46,2.118682,18.90761,1,14301,1,0,0,0,0,0,0,0,0,0,0,0,0,1
3214,18,f8d8d8adc44bb262,1.591686,17.683425,1,13902,1,1,0,0,1,0,0,0,0,0,0,0,0,0
3215,18,20f0d3bb32f6f13b,1.196971,20.0,1,13580,1,1,0,0,1,0,0,0,0,0,0,0,0,1
3216,18,6a8d869beb488128,1.942893,15.219973,0,13989,1,0,0,0,0,0,0,0,0,0,0,0,0,0
3217,18,38d4f03f658cd6b5,1.459623,18.391886,1,13814,1,1,0,0,1,0,0,0,0,0,0,0,0,1
3218,18,778f339acc9c5240,1.09656,17.295981,1,14210,1,1,0,0,1,0,0,0,0,0,0,0,0,0
3219,18,9ad5be94a1495bb6,2.91293,16.487326,1,13795,2,0,0,0,0,0,0,0,0,0,0,0,0,1
3220,18,1b63866609a63433,1.144722,19.344001,1,13620,0,1,0,0,1,0,0,0,0,0,0,0,0,1
3221,18,be1d7f3204c52d69,2.947293,18.011269,1,14648,2,0,0,0,0,0,0,0,0,0,0,0,0,1
3222,18,80c3934cd8b20395,2.216407,17.025233,1,13548,1,1,0,0,1,0,0,0,0,0,0,0,0,0
3223,18,ae359f7eaa3147d5,2.708757,16.269265,1,13459,1,0,0,0,0,0,0,0,0,0,0,0,0,1
3224,18,6b37baef58bd0d48,2.034988,15.701335,1,14677,1,1,0,0,1,0,0,0,0,0,0,0,0,0
3225,18,9ccd685e3d50fbd0,1.52881,18.753515,1,13617,1,1,0,0,1,0,0,0,0,0,0,0,0,1
3226,18,4a5b49b34e20e814,2.193838,14.102911,0,13729,1,0,0,0,0,0,0,0,0,0,0,0,0,0
3227,18,97edeee25ab2262c,1.648148,17.552679,1,14293,1,1,0,0,1,0,0,0,0,0,0,0,0,1
3228,18,189db442d45b4dba,2.281845,16.665516,1,13604,1,0,0,0,0,0,0,0,0,0,0,0,0,1
3229,18,0c095d052210a546,1.71598,16.013207,1,14288,1,1,0,0,1,0,0,0,0,0,0,0,0,0
3230,18,3bbbd8f5a7099e89,2.332805,15.508968,1,13861,1,0,0,0,0,0,0,0,0,0,0,0,0,1
3231,18,cd4cd762f1161002,2.796203,18.608997,1,13885,2,1,0,0,1,0,0,0,0,0,0,0,0,1
3232,18,c0b2cd7357d9031a,2.100683,17.459089,1,14200,1,1,0,0,1,0,0,0,0,0,0,0,0,0
3233,18,7008db858af2eeae,2.623894,16.609985,1,13723,1,0,0,0,0,0,0,0,0,0,0,0,0,1
3234,18,7c0df5440a29d319,1.971233,15.957305,1,13797,1,1,0,0,1,0,0,0,0,0,0,0,0,0
3235,18,08c3c854453b0f58,1.480914,18.945816,1,14219,1,1,0,0,1,0,0,0,0,0,0,0,0,1
3236,18,e33e2ec59b8a3942,2.157819,14.247524,0,13812,1,0,0,0,0,0,0,0,0,0,0,0,0,0
3237,18,f4b797aa8e73a3bc,1.621089,17.661321,1,13577,1,1,0,0,1,0,0,0,0,0,0,0,0,1
3238,18,a12dd495bc0c15b5,1.217863,16.747135,1,14302,1,1,0,0,0,0,0,0,0,0,0,0,0,1
3239,18,f7f186c686b71cf1,3.002242,19.539185,1,13825,2,0,0,0,1,0,0,0,0,0,0,0,0,1
3240,18,f9dc543e5cb086d8,2.257729,18.174248,1,13997,1,1,0,0,1,0,0,0,0,0,0,0,0,0
3241,18,09b1dd70b524f8b6,2.739801,17.132477,1,13884,1,0,0,0,0,0,0,0,0,0,0,0,0,1
3242,18,4bbcd39d38d3c0b0,2.05831,19.828679,1,13999,1,1,0,0,1,0,0,0,0,0,0,0,0,1
3243,18,ebf6fc047500ea69,1.547878,14.911449,0,13956,1,1,0,0,0,0,0,0,0,0,0,0,0,0
3244,18,e36599f44bff2308,2.206516,18.160103,1,13835,1,0,0,0,1,0,0,0,0,0,0,0,0,1
3245,18,68d7e2dd7f04ca7c,1.657673,17.121851,1,13651,1,1,0,0,1,0,0,0,0,0,0,0,0,0
3246,18,2d244eaa0d05a136,2.289001,16.341851,1,14703,1,0,0,0,0,0,0,0,0,0,0,0,0,1
3247,18,7fc983ff58e3d769,1.721362,19.250309,1,13506,1,1,0,0,1,0,0,0,0,0,0,0,0,1
3248,18,68175ec6fb8be8df,2.336848,14.462037,0,13644,1,0,0,0,0,0,0,0,0,0,0,0,0,0
3249,18,1a84fcf1ac4acdb2,2.79924,17.822477,1,14406,2,1,0,0,1,0,0,0,0,0,0,0,0,1
3250,18,aaf84baeb3acb92d,2.105068,16.883258,1,13732,1,1,0,0,0,0,0,0,0,0,0,0,0,1
3251,18,d568457823951ea9,2.625112,19.64145,1,13505,1,0,0,0,1,0,0,0,0,0,0,0,0,1
3252,18,ad1fa2d5c578b53f,1.972149,18.234732,1,14550,1,1,0,0,1,0,0,0,0,0,0,0,0,0
3253,18,6e3bb6a9009c0c41,2.525255,17.177917,1,13534,1,0,0,0,0,0,0,0,0,0,0,0,0,1
3254,18,162ab713abaa13c2,1.899028,16.39854,1,14152,1,1,0,0,1,0,0,0,0,0,0,0,0,0
3255,18,107d0506462a3b75,2.470322,15.798455,1,13927,1,0,0,0,0,0,0,0,0,0,0,0,0,1
3256,18,5af221057714ad43,1.855861,18.826477,1,13848,1,1,0,0,1,0,0,0,0,0,0,0,0,1
3257,18,5d65d00bf9a360a2,1.395634,17.638281,1,13891,1,1,0,0,1,0,0,0,0,0,0,0,0,0
3258,18,2c8efdba77234b6d,2.092141,16.729826,1,14057,1,0,0,0,0,0,0,0,0,0,0,0,0,1
3259,18,5542ee8f6a853c24,2.6154,19.526182,1,13735,2,1,0,0,1,0,0,0,0,0,0,0,0,1
3260,18,2832e5d49c9b0c4e,1.964853,18.148135,1,14175,1,1,0,0,0,0,0,0,0,0,0,0,0,1
3261,18,aee0b5e6371d63ec,2.521748,17.128158,1,13748,1,0,0,0,1,0,0,0,0,0,0,0,0,0
3262,18,41e23e56ef166d68,1.894495,19.825434,1,13837,1,1,0,0,1,0,0,0,0,0,0,0,0,1
3263,18,aba7f86ceeb20e78,2.466916,18.372952,1,14095,1,0,0,0,0,0,0,0,0,0,0,0,0,1
3264,18,eebe19e30392d06e,1.855156,20.0,1,13977,1,1,0,0,1,0,0,0,0,0,0,0,0,1
3265,18,af0c652477605ee9,1.39371,19.088373,1,13992,1,1,0,0,1,0,0,0,0,0,0,0,0,0
3266,18,73ba0aa13a6569d1,1.047042,20.0,1,13979,1,1,0,0,1,0,0,0,0,0,0,0,0,1
3267,18,c9fdb98c19bc5046,1.830257,19.479288,1,14012,1,0,0,0,0,0,0,0,0,0,0,0,0,1
3268,18,b047f7f57469ff24,1.376379,18.129204,1,13816,1,1,0,0,1,0,0,0,0,0,0,0,0,0
3269,18,a2ef07f3074323ab,1.034022,17.098638,1,13881,1,1,0,0,0,0,0,0,0,0,0,0,0,1
3270,18,7b8b07f848332940,1.820476,16.324412,1,13896,1,0,0,0,1,0,0,0,0,0,0,0,0,0
3271,18,8c7fafd72aa631a8,1.369024,19.237194,1,14253,1,1,0,0,1,0,0,0,0,0,0,0,0,1
3272,18,0fb755ff114db72a,1.028496,17.931029,1,13454,1,1,0,0,1,0,0,0,0,0,0,0,0,0
3273,18,cb20442e46314204,1.816324,16.949756,1,13694,1,0,0,0,0,0,0,0,0,0,0,0,0,1
3274,18,fd7428ced4dd47b5,1.364536,16.212563,1,14556,1,1,0,0,1,0,0,0,0,0,0,0,0,0
3275,18,ee09c7c1cdd66093,2.070301,19.153082,1,13437,2,1,0,0,1,0,0,0,0,0,0,0,0,1
3276,18,4ee464f3c610058c,2.598993,17.867839,1,14232,1,0,0,0,0,0,0,0,0,0,0,0,0,1
3277,18,b958bfa6c7b1c4c8,1.952527,16.902284,1,14052,1,1,0,0,1,0,0,0,0,0,0,0,0,0
3278,18,1bf3c205c3ffcffd,1.468328,16.19126,1,13693,1,1,0,0,0,0,0,0,0,0,0,0,0,1
3279,18,0eafdbd4655a3212,2.146753,15.642733,1,14167,1,0,0,0,1,0,0,0,0,0,0,0,0,0
3280,18,33e86e38e5c3b727,1.612775,18.70949,1,13790,1,1,0,0,1,0,0,0,0,0,0,0,0,1
3281,18,7fb4d43df930dda4,1.211618,17.534585,1,13901,1,1,0,0,1,0,0,0,0,0,0,0,0,0
3282,18,90fab2d2d7d4cf9d,1.955304,16.666759,1,14149,1,0,0,0,0,0,0,0,0,0,0,0,0,1
3283,18,91d0c4b6942c14d4,1.468947,15.999958,1,13770,1,1,0,0,1,0,0,0,0,0,0,0,0,0
3284,18,efe864e44cd703a1,2.147218,15.499015,1,13885,1,0,0,0,0,0,0,0,0,0,0,0,0,1
3285,18,043a1d9b5802afdc,1.614739,18.616483,1,13985,1,1,0,0,1,0,0,0,0,0,0,0,0,1
3286,18,1335dfb8260e2ec3,1.213093,17.464712,1,14123,1,1,0,0,1,0,0,0,0,0,0,0,0,0
3287,18,a038d7536b939ca4,1.955005,16.59943,1,13647,1,0,0,0,0,0,0,0,0,0,0,0,0,1
3288,18,18d2377da795380e,1.468722,15.949376,1,14113,1,1,0,0,1,0,0,0,0,0,0,0,0,0
3289,18,e50b44167a542d20,1.1045,18.955161,1,13866,1,1,0,0,1,0,0,0,0,0,0,0,0,1
3290,18,c2255163bcbd8432,2.917076,17.719149,1,14063,2,0,0,0,0,0,0,0,0,0,0,0,0,1
3291,18,89cb68f1f5b3a4a4,2.19149,16.790578,1,13913,1,1,0,0,1,0,0,0,0,0,0,0,0,0
3292,18,d2b460fb73eae9b3,2.692182,16.107256,1,13726,1,0,0,0,0,0,0,0,0,0,0,0,0,1
3293,18,2adafdaa3ab4ff25,2.022536,15.579624,1,13965,1,1,0,0,1,0,0,0,0,0,0,0,0,0
3294,18,37f38b754bfe3828,1.519456,18.662078,1,13975,1,1,0,0,1,0,0,0,0,0,0,0,0,1
3295,18,bc2728f1e5d84c24,2.185164,17.498966,1,13978,1,0,0,0,0,0,0,0,0,0,0,0,0,1
3296,18,93ff6a163b2027e2,1.643274,16.639974,1,14232,1,1,0,0,1,0,0,0,0,0,0,0,0,0
3297,18,f2319fbd1e0d9dcc,2.278184,15.979835,1,13424,1,0,0,0,0,0,0,0,0,0,0,0,0,1
3298,18,19027a1f42566496,1.711514,15.483897,1,14004,1,1,0,0,1,0,0,0,0,0,0,0,0,0
3299,18,78acd2fb364c00a5,1.287083,18.605115,1,14242,1,1,0,0,1,0,0,0,0,0,0,0,0,1
3300,18,b9daebd456301490,2.010591,13.977327,0,13593,1,0,0,0,0,0,0,0,0,0,0,0,0,0
3301,18,f3592912ebd8db97,1.510482,17.458332,1,14125,1,1,0,0,1,0,0,0,0,0,0,0,0,1
3302,18,8e501e84eae5bb56,2.178422,16.594637,1,14025,1,0,0,0,0,0,0,0,0,0,0,0,0,1
3303,18,b0049f19b45f62e5,2.682355,19.440407,1,13592,2,1,0,0,1,0,0,0,0,0,0,0,0,1
3304,18,2b022b2f0e2bce78,2.015153,18.083695,1,14201,1,1,0,0,1,0,0,0,0,0,0,0,0,0
3305,18,a818e224b3af62f2,2.557562,17.064449,1,14026,1,0,0,0,0,0,0,0,0,0,0,0,0,1
3306,18,9a1638b48b93dcdd,1.923323,19.793712,1,13558,1,1,0,0,1,0,0,0,0,0,0,0,0,1
3307,18,b8a422ee98ed9db5,1.444921,20.0,1,14145,1,1,0,0,1,0,0,0,0,0,0,0,0,1
3308,18,e3ca0bb1b4817483,2.129168,16.398534,0,13855,1,0,0,0,0,0,0,0,0,0,0,0,0,0
3309,18,e1cd58b7f7740e6a,1.599565,19.277295,1,13721,1,1,0,0,1,0,0,0,0,0,0,0,0,1
3310,18,0a055c8ce5886cd0,2.247046,14.4968,0,14009,1,0,0,0,0,0,0,0,0,0,0,0,0,0
3311,18,25c60933576c7b5a,1.688122,17.848593,1,14222,1,1,0,0,1,0,0,0,0,0,0,0,0,1
3312,18,1c619b9c877bd0f1,2.311876,13.408981,0,14240,1,0,0,0,0,0,0,0,0,0,0,0,0,0
3313,18,cbadb61243f87e4f,1.738564,17.044748,1,13571,1,1,0,0,1,0,0,0,0,0,0,0,0,1
3314,18,30281fc51f7588c7,2.349771,12.805082,0,13761,1,0,0,0,0,0,0,0,0,0,0,0,0,0
3315,18,3c0c17b60f5363fe,1.765295,16.577669,1,14168,1,1,0,0,1,0,0,0,0,0,0,0,0,1
3316,18,2cf6ed325cb5c6db,2.369854,19.411872,1,14049,2,1,0,0,1,0,0,0,0,0,0,0,0,1
3317,18,4bd2549b6cf8b993,1.782164,18.078506,1,13626,1,1,0,0,1,0,0,0,0,0,0,0,0,0
3318,18,62ea9c7f484be354,2.382526,17.06055,1,13962,1,0,0,0,0,0,0,0,0,0,0,0,0,1
3319,18,37e653a8483c9ced,1.789903,19.774643,1,14106,1,1,0,0,1,0,0,0,0,0,0,0,0,1
3320,18,13e1ba58a0d336f6,2.390183,18.351315,1,13760,1,0,0,0,0,0,0,0,0,0,0,0,0,1
3321,18,7a52d31acc434d5c,1.795655,17.265501,1,14262,1,1,0,0,1,0,0,0,0,0,0,0,0,0
3322,18,bcbe418449208be8,1.349009,19.928615,1,13517,1,1,0,0,1,0,0,0,0,0,0,0,0,1
3323,18,c1b79a6a0ca6734d,2.057113,20.0,1,14473,2,1,0,0,1,0,0,0,0,0,0,0,0,1
3324,18,e4732d1f70a945e7,1.546978,16.491155,0,13813,0,0,0,0,0,0,0,0,0,0,0,0,0,0
3325,18,d5c3106195c2dfde,2.20584,19.346878,1,13496,2,1,0,0,1,0,0,0,0,0,0,0,0,1
3326,18,816f88df7bfc3b34,0.613512,14.534586,0,14527,0,1,0,0,0,0,0,0,0,0,0,0,0,0
3327,18,c00e31d686a1e32d,2.549671,17.891219,1,13546,2,0,0,0,1,0,0,0,0,0,0,0,0,1
3328,18,48e10bd50c6ab2f5,1.915472,16.919849,1,13692,1,1,0,0,1,0,0,0,0,0,0,0,0,0
3329,18,5ef87aca0017fc45,2.482676,16.190094,1,14307,1,0,0,0,0,0,0,0,0,0,0,0,0,1
3330,18,010459e10ddcb9eb,1.865142,15.641857,1,13999,1,1,0,0,1,0,0,0,0,0,0,0,0,0
3331,18,0324f83f1b28e13c,1.402613,18.723903,1,13747,1,1,0,0,1,0,0,0,0,0,0,0,0,1
3332,19,1fd48474a6be9a50,2.097384,14.066568,0,13954,1,0,0,0,0,0,0,0,0,0,0,0,0,0
3333,19,530e0ea8d92a6d51,1.575686,17.525376,1,13865,1,1,0,0,1,0,0,0,0,0,0,0,0,1
3334,19,9d91a06f605c6d81,1.184939,16.659834,1,13618,1,1,0,0,1,0,0,0,0,0,0,0,0,0
3335,19,1bedfd585b1aa4b9,0.8902,19.4736,1,14085,1,1,0,0,1,0,0,0,0,0,0,0,0,1
3336,19,26a9669cba5af3ef,0.668774,14.629787,0,14038,1,1,0,0,0,0,0,0,0,0,0,0,0,0
3337,19,4f55c5e4b2d3c044,1.546078,17.948501,1,14215,1,0,0,0,1,0,0,0,0,0,0,0,0,1
3338,19,429a6cfc04b09590,1.162673,20.0,1,13565,1,1,0,0,1,0,0,0,0,0,0,0,0,1
3339,19,bfd1095e82cc3b3f,1.917126,15.369731,0,14233,1,0,0,0,0,0,0,0,0,0,0,0,0,0
3340,19,e8a24dfe484cb614,1.440265,18.504393,1,13986,1,1,0,0,1,0,0,0,0,0,0,0,0,1
3341,19,a8eb40163c807ab7,2.12725,17.396069,1,13855,1,0,0,0,0,0,0,0,0,0,0,0,0,1
3342,19,b734eb68cadec0ba,2.641777,20.0,1,13671,2,1,0,0,1,0,0,0,0,0,0,0,0,1
3343,19,03ed9d518f369873,1.984668,15.045315,0,14364,1,1,0,0,0,0,0,0,0,0,0,0,0,0
3344,19,cd43fcebe8f5e6e6,2.534661,18.260672,1,13773,1,0,0,0,1,0,0,0,0,0,0,0,0,1
3345,19,338e1a6d9a9334b5,1.906101,17.212787,1,13553,1,1,0,0,1,0,0,0,0,0,0,0,0,0
3346,19,f71f04d2a5841727,1.431982,16.410168,1,14211,1,1,0,0,0,0,0,0,0,0,0,0,0,1
3347,19,dab4ff966e399802,2.119448,19.286035,1,13855,1,0,0,0,1,0,0,0,0,0,0,0,0,1
3348,19,339e340883d8ecaf,1.593855,17.983875,1,14149,1,1,0,0,1,0,0,0,0,0,0,0,0,0
3349,19,0f3eea50b2030a66,2.241057,16.989457,1,13824,1,0,0,0,0,0,0,0,0,0,0,0,0,1
3350,19,157d3461e0a7f335,1.683622,19.721233,1,13580,1,1,0,0,1,0,0,0,0,0,0,0,0,1
3351,19,f1991b9aba19249f,2.308496,14.815825,0,14646,1,0,0,0,0,0,0,0,0,0,0,0,0,0
3352,19,f0cae4ef532c2023,1.736022,18.102715,1,13515,1,1,0,0,1,0,0,0,0,0,0,0,0,1
3353,19,3dc875a761d5c5ef,2.347862,20.0,1,13644,2,1,0,0,1,0,0,0,0,0,0,0,0,1
3354,19,e90cc852e180b7a9,1.763861,18.922988,1,14286,1,1,0,0,1,0,0,0,0,0,0,0,0,0
3355,19,0843c071791750a4,2.370599,17.710858,1,13885,1,0,0,0,0,0,0,0,0,0,0,0,0,1
3356,19,e7652621d19bb2aa,1.780942,20.0,1,13748,1,1,0,0,1,0,0,0,0,0,0,0,0,1
3357,19,83403ab2ce2e5edc,1.337955,18.701825,1,14299,1,1,0,0,1,0,0,0,0,0,0,0,0,0
3358,19,31f44b91b5854a60,2.048809,17.528827,1,13723,1,0,0,0,0,0,0,0,0,0,0,0,0,1
3359,19,9eeb382b0724ec5e,1.540734,16.662429,1,14231,1,1,0,0,1,0,0,0,0,0,0,0,0,0
3360,19,8cf44fb6a5bc2678,1.157496,15.996705,1,13674,1,1,0,0,0,0,0,0,0,0,0,0,0,1
3361,19,26302fd6db433208,1.913237,15.496571,1,13683,1,0,0,0,1,0,0,0,0,0,0,0,0,0
3362,19,212d5aa4658ea2f7,1.438781,18.614645,1,14229,1,1,0,0,1,0,0,0,0,0,0,0,0,1
3363,19,37a5a18fb6caef37,1.080903,13.984487,0,13813,1,1,0,0,0,0,0,0,0,0,0,0,0,0
3364,19,79c0b206a03c3fd7,1.855695,17.463712,1,14038,1,0,0,0,1,0,0,0,0,0,0,0,0,1
3365,19,c2376b0af88b997c,1.394114,20.0,1,14053,1,1,0,0,1,0,0,0,0,0,0,0,0,1
3366,19,6484211bcaa3988b,3.136695,18.579085,1,13831,2,0,0,0,0,0,0,0,0,0,0,0,0,1
3367,19,bb6c2f7a25964c84,2.356482,17.436616,1,13806,1,1,0,0,1,0,0,0,0,0,0,0,0,0
3368,19,66b1f64089a6f384,1.770337,20.0,1,14273,1,1,0,0,1,0,0,0,0,0,0,0,0,1
3369,19,ea8c132e457af786,2.375469,15.083276,0,13529,1,0,0,0,0,0,0,0,0,0,0,0,0,0
3370,19,052f36be903b4c06,1.784601,18.28919,1,13668,1,1,0,0,1,0,0,0,0,0,0,0,0,1
3371,19,8e82ec90f90651e7,1.340704,13.739985,0,14404,1,1,0,0,0,0,0,0,0,0,0,0,0,0
3372,19,4f7951c9fb9652a2,2.050874,17.280026,1,13786,1,0,0,0,1,0,0,0,0,0,0,0,0,1
3373,19,f016206e344ce587,1.542287,16.475328,1,14252,1,1,0,0,1,0,0,0,0,0,0,0,0,0
3374,19,5ba81e783bc90e5a,2.202316,15.856142,1,13620,1,0,0,0,0,0,0,0,0,0,0,0,0,1
3375,19,9d8db8f22ff60f9d,1.654517,15.390971,1,13542,1,1,0,0,1,0,0,0,0,0,0,0,0,0
3376,19,44ad3895b244c363,2.288371,18.535233,1,14564,2,1,0,0,1,0,0,0,0,0,0,0,0,1
3377,19,88629ac0345bb1c9,2.762821,17.403672,1,13574,1,0,0,0,0,0,0,0,0,0,0,0,0,1
3378,19,215465aa6c28dd49,2.075604,16.553573,1,13791,1,1,0,0,1,0,0,0,0,0,0,0,0,0
3379,19,8007f0e50cbef9ae,2.602977,15.914925,1,14340,1,0,0,0,0,0,0,0,0,0,0,0,0,1
3380,19,6a6af2333f7c7895,1.957476,15.448752,1,13759,1,1,0,0,1,0,0,0,0,0,0,0,0,0
3381,19,68115330ee6f5242,2.514232,15.084915,1,13676,1,0,0,0,0,0,0,0,0,0,0,0,0,1
3382,19,a13b260188e1f3b7,1.888848,18.290421,1,14302,1,1,0,0,1,0,0,0,0,0,0,0,0,1
3383,19,f54f97df93f344f4,1.420441,17.235159,1,13762,1,1,0,0,1,0,0,0,0,0,0,0,0,0
3384,19,c908fedde8991cc1,3.154431,16.426975,1,14255,2,0,0,0,0,0,0,0,0,0,0,0,0,1
3385,19,1f6eb6897bd1ed9f,2.369806,19.298662,1,13595,1,1,0,0,1,0,0,0,0,0,0,0,0,1
3386,19,4786cfdc0b590fbd,2.824,17.977208,1,13917,1,0,0,0,0,0,0,0,0,0,0,0,0,1
3387,19,97615c34c129a5e4,2.123688,20.0,1,13950,1,1,0,0,1,0,0,0,0,0,0,0,0,1
3388,19,66ec5d26f4a3d999,1.595448,18.864793,1,14096,1,1,0,0,1,0,0,0,0,0,0,0,0,0
3389,19,da9895b8aa83e9c2,2.242253,17.651258,1,13560,2,1,0,0,0,0,0,0,0,0,0,0,0,1
3390,19,9fc64beb1b6b6a41,2.730357,20.0,1,14260,1,0,0,0,1,0,0,0,0,0,0,0,0,1
3391,19,a8c5e45e033de514,2.051215,20.0,1,13849,1,1,0,0,1,0,0,0,0,0,0,0,0,1
3392,19,e2e6cc85a627942b,2.584655,20.0,1,13860,1,0,0,0,0,0,0,0,0,0,0,0,0,1
3393,19,354946ccb8d9d391,1.941754,18.599087,1,14460,1,1,0,0,1,0,0,0,0,0,0,0,0,0
3394,19,6c789d405d92b2d0,1.460227,20.0,1,13489,1,1,0,0,1,0,0,0,0,0,0,0,0,1
3395,19,fa1f29844326a435,2.140667,15.737285,0,13986,1,0,0,0,0,0,0,0,0,0,0,0,0,0
3396,19,417a3b73559fe227,1.608203,18.780523,1,14019,1,1,0,0,1,0,0,0,0,0,0,0,0,1
3397,19,73de4ca456f67608,3.297693,17.603723,1,13595,2,0,0,0,0,0,0,0,0,0,0,0,0,1
3398,19,2b22b550c41342a2,2.477433,20.0,1,14409,1,1,0,0,1,0,0,0,0,0,0,0,0,1
3399,19,d78247329391d4f5,2.904856,15.162514,0,13667,1,0,0,0,0,0,0,0,0,0,0,0,0,0
3400,19,f3f222342b26624c,2.18231,18.348719,1,13788,1,1,0,0,1,0,0,0,0,0,0,0,0,1
3401,19,7a11156482ce58b9,1.641128,17.279,1,14469,1,1,0,0,1,0,0,0,0,0,0,0,0,0
3402,19,7c363b45f80a8a46,2.276572,16.459911,1,13591,1,0,0,0,0,0,0,0,0,0,0,0,0,1
3403,19,2616e6a939d0f443,1.710303,15.84456,1,13642,1,1,0,0,1,0,0,0,0,0,0,0,0,0
3404,19,ff7501c9d1008261,2.330323,15.395837,1,14479,1,0,0,0,0,0,0,0,0,0,0,0,0,1
3405,19,6dbf98f9583feb6c,1.750684,15.045161,1,13559,1,1,0,0,1,0,0,0,0,0,0,0,0,0
3406,19,81e265c16bc271fb,2.358877,14.781712,1,13760,1,0,0,0,0,0,0,0,0,0,0,0,0,1
3407,19,8843d87dc6278afb,1.772136,14.583792,1,14577,1,1,0,0,1,0,0,0,0,0,0,0,0,0
3408,19,f06b2cc8c9faa4e1,1.332672,17.928223,1,13651,1,1,0,0,1,0,0,0,0,0,0,0,0,1
3409,19,cda13bd006d67263,2.04484,13.468804,0,14095,1,0,0,0,0,0,0,0,0,0,0,0,0,0
3410,19,7e951139e7de5e49,1.536212,17.076298,1,13742,1,1,0,0,1,0,0,0,0,0,0,0,0,1
3411,19,44860ef8de7b27bb,2.199404,12.841619,0,13911,1,0,0,0,0,0,0,0,0,0,0,0,0,0
3412,19,0b07a5ec9dcccd04,1.65233,16.605118,1,14001,1,1,0,0,1,0,0,0,0,0,0,0,0,1
3413,19,a0fd5b786556b247,2.284987,19.432493,1,14130,2,1,0,0,1,0,0,0,0,0,0,0,0,1
3414,19,ddc0ea1302eb3d0d,2.760279,18.07775,1,13642,1,0,0,0,0,0,0,0,0,0,0,0,0,1
3415,19,155ed443a73593e6,2.075769,17.075227,1,13953,1,1,0,0,1,0,0,0,0,0,0,0,0,0
3416,19,9c220c012a2a3516,2.603101,16.306825,1,14108,1,0,0,0,0,0,0,0,0,0,0,0,0,1
3417,19,7224ce56f030f288,1.955612,15.729552,1,13401,1,1,0,0,1,0,0,0,0,0,0,0,0,0
3418,19,2be1d227850d2f24,1.470648,18.789851,1,14316,1,1,0,0,1,0,0,0,0,0,0,0,0,1
3419,19,eef9e0e3b48ade08,2.148497,14.116113,0,13870,1,0,0,0,0,0,0,0,0,0,0,0,0,0
3420,19,4e298f46f70226d7,1.614085,17.562597,1,14267,1,1,0,0,1,0,0,0,0,0,0,0,0,1
3421,19,0aff54cf4962c648,2.256255,13.194122,0,13860,1,0,0,0,0,0,0,0,0,0,0,0,0,0
3422,19,be2c7fe677edbcd0,1.696736,16.883171,1,13377,1,1,0,0,1,0,0,0,0,0,0,0,0,1
3423,19,43e0bf90e1eb0d44,2.318348,12.683696,0,14423,1,0,0,0,0,0,0,0,0,0,0,0,0,0
3424,19,45f84405c97c7188,1.741688,16.486475,1,13730,1,1,0,0,1,0,0,0,0,0,0,0,0,1
3425,19,c28badb5fe966f10,2.353925,19.359068,1,13798,2,1,0,0,1,0,0,0,0,0,0,0,0,1
3426,19,9bbf0363aaa4ccac,1.768416,14.543744,0,14186,0,0,0,0,0,0,0,0,0,0,0,0,0,0
3427,19,23e91ab57d250926,2.372198,17.88386,1,13812,2,1,0,0,1,0,0,0,0,0,0,0,0,1
3428,19,515c8b4db0202a24,2.825797,13.435476,0,14040,1,0,0,0,0,0,0,0,0,0,0,0,0,0
3429,19,01b7969e67b3c4a4,2.12504,17.064673,1,14186,1,1,0,0,1,0,0,0,0,0,0,0,0,1
3430,19,cd59df24142f7826,1.596463,19.77774,1,13662,1,1,0,0,1,0,0,0,0,0,0,0,0,1
3431,19,bbc125857b7577d5,2.243016,14.858276,0,13842,1,0,0,0,0,0,0,0,0,0,0,0,0,0
3432,19,886f5893c6b842c1,1.68678,18.134639,1,14338,1,1,0,0,1,0,0,0,0,0,0,0,0,1
3433,19,a4acb4243a3cb478,1.267215,17.102721,1,13727,1,1,0,0,1,0,0,0,0,0,0,0,0,0
3434,19,fe69a934ac92b7f1,1.995665,16.327479,1,14092,1,0,0,0,0,0,0,0,0,0,0,0,0,1
3435,19,cacc11c873729e75,1.499268,12.266225,0,13759,1,1,0,0,0,0,0,0,0,0,0,0,0,0
3436,19,d301544704c5bf7e,2.171622,16.185379,1,14022,1,0,0,0,1,0,0,0,0,0,0,0,0,1
3437,19,a7e8925b378bd6c8,1.631458,15.638315,1,13982,1,1,0,0,1,0,0,0,0,0,0,0,0,0
3438,19,41dfaa5384f0d6f6,1.225653,18.70617,1,14041,1,1,0,0,1,0,0,0,0,0,0,0,0,1
3439,19,3953ac3135ee574b,1.965859,14.067307,0,13433,1,0,0,0,0,0,0,0,0,0,0,0,0,0
3440,19,13027e2911575b92,1.476877,17.525931,1,14163,1,1,0,0,1,0,0,0,0,0,0,0,0,1
3441,19,d435479922017c64,2.153176,13.166577,0,14065,1,0,0,0,0,0,0,0,0,0,0,0,0,0
3442,19,449ed79debca0b11,1.6176,16.849246,1,14044,1,1,0,0,1,0,0,0,0,0,0,0,0,1
3443,19,b2d1a2a8ca619bde,1.216458,12.670873,0,13865,1,1,0,0,0,0,0,0,0,0,0,0,0,0
3444,19,cb866cd2870cc126,3.001187,16.476842,1,13941,2,0,0,0,1,0,0,0,0,0,0,0,0,1
3445,19,986841c734bf269f,1.211026,19.336125,1,14072,0,1,0,0,1,0,0,0,0,0,0,0,0,1
3446,19,00da6b0ed36f101f,1.954859,14.541041,0,13844,1,0,0,0,0,0,0,0,0,0,0,0,0,0
3447,19,37919797698aa70e,1.468613,17.88183,1,13508,1,1,0,0,1,0,0,0,0,0,0,0,0,1
3448,19,23a6ab37b37b2463,3.190621,16.912795,1,14582,2,0,0,0,0,0,0,0,0,0,0,0,0,1
3449,19,fd1775c28dbd3cbf,2.396994,16.184795,1,13530,1,1,0,0,1,0,0,0,0,0,0,0,0,0
3450,19,ca3e9083b7a1bd3f,1.802574,19.1322,1,13724,1,1,0,0,1,0,0,0,0,0,0,0,0,1
3451,19,1fc3bfb8f5f5f22a,2.39786,17.852151,1,14258,1,0,0,0,0,0,0,0,0,0,0,0,0,1
3452,19,747f6d69d08d2561,1.801422,16.890498,1,13702,1,1,0,0,1,0,0,0,0,0,0,0,0,0
3453,19,ffb3a0b2a42d3384,1.354695,19.662899,1,14065,1,1,0,0,1,0,0,0,0,0,0,0,0,1
3454,19,5c2bccb257b117d8,2.061385,14.772001,0,14138,1,0,0,0,0,0,0,0,0,0,0,0,0,0
3455,19,45a5752bae37f49b,1.548642,18.055341,1,13426,1,1,0,0,1,0,0,0,0,0,0,0,0,1
3456,19,b50da95e7e57dd70,1.163437,17.043147,1,14202,1,1,0,0,1,0,0,0,0,0,0,0,0,0
3457,19,4c6c0cdecd0014e2,1.919071,19.777693,1,14066,2,1,0,0,1,0,0,0,0,0,0,0,0,1
3458,19,03bced9121d77ed3,2.48538,18.337086,1,13737,1,0,0,0,0,0,0,0,0,0,0,0,0,1
3459,19,d283ae7708b682cb,1.867173,20.0,1,14105,1,1,0,0,1,0,0,0,0,0,0,0,0,1
3460,19,af98f327220dc550,1.404141,20.0,1,13787,1,1,0,0,1,0,0,0,0,0,0,0,0,1
3461,19,41fd5dbf655725de,2.098532,16.943232,0,13871,1,0,0,0,0,0,0,0,0,0,0,0,0,0
3462,19,a717ea3f435e9359,1.576548,19.686506,1,14046,1,1,0,0,1,0,0,0,0,0,0,0,0,1
3463,19,3ed298c33e5b3bf7,2.228055,14.789736,0,14148,1,0,0,0,0,0,0,0,0,0,0,0,0,0
3464,19,23f717d789c41174,1.675529,18.083096,1,13555,1,1,0,0,1,0,0,0,0,0,0,0,0,1
3465,19,bcb954a0bd8b4812,2.302416,20.0,1,14194,2,1,0,0,1,0,0,0,0,0,0,0,0,1
3466,19,cfc41d4b0f31f0bf,2.773372,15.43307,0,13945,1,0,0,0,0,0,0,0,0,0,0,0,0,0
3467,19,ea1b8db9707bfd75,2.085616,18.566892,1,13973,1,1,0,0,1,0,0,0,0,0,0,0,0,1
3468,19,03bf022cac3a68fd,2.610498,17.427456,1,13657,1,0,0,0,0,0,0,0,0,0,0,0,0,1
3469,19,701d26d92b38d288,1.96117,16.571441,1,13980,1,1,0,0,1,0,0,0,0,0,0,0,0,0
3470,19,449d4232696a3409,1.473354,19.407193,1,14113,1,1,0,0,1,0,0,0,0,0,0,0,0,1
3471,19,6d52165157ae180f,2.152133,14.594486,0,13814,1,0,0,0,0,0,0,0,0,0,0,0,0,0
3472,19,666923312e8f0024,2.660471,17.921981,1,13833,2,1,0,0,1,0,0,0,0,0,0,0,0,1
3473,19,58e4d9633948562b,3.042366,16.942959,1,14277,1,0,0,0,0,0,0,0,0,0,0,0,0,1
3474,19,c82466cbc3460c14,2.287902,19.70235,1,13675,1,1,0,0,1,0,0,0,0,0,0,0,0,1
3475,19,96a3597e282e6315,1.718815,18.280483,1,13615,1,1,0,0,1,0,0,0,0,0,0,0,0,0
3476,19,3eb2f9439fcc89e9,1.291282,17.212288,1,14320,1,1,0,0,0,0,0,0,0,0,0,0,0,1
3477,19,d076ea8d6133a11b,2.013745,16.409793,1,13845,1,0,0,0,1,0,0,0,0,0,0,0,0,0
3478,19,e513dfcbadcd0330,1.514365,19.301402,1,14470,1,1,0,0,1,0,0,0,0,0,0,0,0,1
3479,19,535c441640a172d5,1.137686,17.979266,1,13687,1,1,0,0,0,0,0,0,0,0,0,0,0,1
3480,19,2b1d1c7cb2b47823,2.942008,20.0,1,13418,2,0,0,0,1,0,0,0,0,0,0,0,0,1
3481,19,736ed1fd12e63178,2.212432,18.870353,1,14591,1,1,0,0,1,0,0,0,0,0,0,0,0,0
3482,19,383018239462e46b,1.662117,17.655435,1,13558,1,1,0,0,0,0,0,0,0,0,0,0,0,1
3483,19,27e1c0e587b339a7,2.29234,20.0,1,13756,1,0,0,0,1,0,0,0,0,0,0,0,0,1
3484,19,1d3451a2f576e5dd,1.722149,18.670545,1,14100,1,1,0,0,1,0,0,0,0,0,0,0,0,0
3485,19,3787731d7b42bc08,2.339231,17.521017,1,14018,1,0,0,0,0,0,0,0,0,0,0,0,0,1
3486,19,f2f5a31a5ccc1b1c,1.757377,20.0,1,13809,1,1,0,0,1,0,0,0,0,0,0,0,0,1
3487,19,46c9ad1d77c8f613,1.320252,18.59468,1,13991,1,1,0,0,1,0,0,0,0,0,0,0,0,0
3488,19,245bc8899d63dd51,0.992848,17.463966,1,13950,1,1,0,0,0,0,0,0,0,0,0,0,0,1
3489,19,ed70e2817662f04b,1.789543,16.598869,1,13726,1,0,0,0,1,0,0,0,0,0,0,0,0,0
3490,19,6c8b93f1a093ba53,1.344417,19.427799,1,14095,1,1,0,0,1,0,0,0,0,0,0,0,0,1
3491,19,9b7ada76cdad0494,2.053663,14.595379,0,13824,1,0,0,0,0,0,0,0,0,0,0,0,0,0
3492,19,ddf4f0c742d54d82,1.544384,17.936937,1,14140,1,1,0,0,1,0,0,0,0,0,0,0,0,1
3493,19,e83e5abebcf25bda,1.160238,13.47535,0,14111,1,1,0,0,0,0,0,0,0,0,0,0,0,0
3494,19,cb759918090aa445,1.915297,17.081216,1,13393,1,0,0,0,1,0,0,0,0,0,0,0,0,1
3495,19,3083331103ace063,1.440331,19.806321,1,14389,1,1,0,0,1,0,0,0,0,0,0,0,0,1
3496,19,819efe268dd8c1d4,3.169373,14.879749,0,13585,2,0,0,0,0,0,0,0,0,0,0,0,0,0
3497,19,444f70e1f97148eb,2.381032,18.136288,1,13877,1,1,0,0,1,0,0,0,0,0,0,0,0,1
3498,19,d32165480084f861,1.78878,13.625115,0,14290,1,1,0,0,0,0,0,0,0,0,0,0,0,0
3499,19,e76a3d25e775bfcb,2.389339,17.207284,1,13681,1,0,0,0,1,0,0,0,0,0,0,0,0,1
3500,19,d1a9116f380bdbc6,1.795021,16.406034,1,13894,1,1,0,0,1,0,0,0,0,0,0,0,0,0
3501,19,b8228f709e19e5fc,2.392185,15.804084,1,14329,1,0,0,0,0,0,0,0,0,0,0,0,0,1
3502,19,6ec839fe0e24760f,1.798957,15.365398,1,13625,1,1,0,0,1,0,0,0,0,0,0,0,0,0
3503,19,eb7601af2caac851,1.35149,15.022294,1,14233,1,1,0,0,0,0,0,0,0,0,0,0,0,1
3504,19,99428c8fb9cbfd09,2.058977,14.764532,1,13682,1,0,0,0,1,0,0,0,0,0,0,0,0,0
3505,19,b2ce56395c32a31e,1.546832,18.04973,1,13714,1,1,0,0,1,0,0,0,0,0,0,0,0,1
3506,19,3425175602dc763d,2.207391,13.573654,0,14565,1,0,0,0,0,0,0,0,0,0,0,0,0,0
3507,19,b51e581ec108f50c,1.65833,17.155068,1,13492,1,1,0,0,1,0,0,0,0,0,0,0,0,1
3508,19,4c6bcf4bf21c3d09,2.289495,19.845651,1,13695,2,1,0,0,1,0,0,0,0,0,0,0,0,1
3509,19,a9693ae1d6e951c0,2.765883,18.404714,1,14439,1,0,0,0,0,0,0,0,0,0,0,0,0,1
3510,19,742e0b79e17d52c0,2.077905,17.305618,1,13787,1,1,0,0,1,0,0,0,0,0,0,0,0,0
3511,19,044c49401468b27f,1.561052,19.958753,1,13525,1,1,0,0,1,0,0,0,0,0,0,0,0,1
3512,19,86212facd96094c7,2.216413,14.994265,0,14023,1,0,0,0,0,0,0,0,0,0,0,0,0,0
3513,19,ccc96b27d4f344b3,1.666774,18.236904,1,14193,1,1,0,0,1,0,0,0,0,0,0,0,0,1
3514,19,e39f84ac5a0bcba0,1.252185,17.179549,1,14114,1,1,0,0,1,0,0,0,0,0,0,0,0,0
3515,19,c1794dc9594e72f1,1.984373,16.385197,1,13634,1,0,0,0,0,0,0,0,0,0,0,0,0,1
3516,19,eb7ce44e56ea6aa9,1.492277,15.802404,1,14055,1,1,0,0,1,0,0,0,0,0,0,0,0,0
3517,19,fcdb3f0e6a936443,1.121092,18.829444,1,14058,1,1,0,0,1,0,0,0,0,0,0,0,0,1
3518,19,0753e522d845cab2,1.885888,17.624702,1,13927,1,0,0,0,0,0,0,0,0,0,0,0,0,1
3519,19,8dc60b2329ba9531,1.416797,16.719624,1,13689,1,1,0,0,1,0,0,0,0,0,0,0,0,0
3520,19,9d51d5ae6a8d0fc5,3.153753,16.053897,1,14379,2,0,0,0,0,0,0,0,0,0,0,0,0,1
3521,19,f6ef43ac7c29feea,2.369296,19.018382,1,13708,1,1,0,0,1,0,0,0,0,0,0,0,0,1
3522,19,2b90d148c9cc0888,2.823617,17.766644,1,13657,1,0,0,0,0,0,0,0,0,0,0,0,0,1
3523,19,a0b4b2aec798e93d,2.1234,16.841271,1,14201,1,1,0,0,1,0,0,0,0,0,0,0,0,0
3524,19,da95710662d33dff,1.595231,19.609907,1,13661,1,1,0,0,1,0,0,0,0,0,0,0,0,1
3525,19,fc0e87fc50dfc248,2.242091,14.73219,0,14156,1,0,0,0,0,0,0,0,0,0,0,0,0,0
3526,19,4884b8b0c5024dbc,1.684399,18.025432,1,13948,1,1,0,0,1,0,0,0,0,0,0,0,0,1
3527,19,adb672d2e00f0800,3.354993,17.035884,1,13758,2,0,0,0,0,0,0,0,0,0,0,0,0,1
3528,19,fe00943017f00422,2.520481,16.277267,1,14404,1,1,0,0,1,0,0,0,0,0,0,0,0,0
3529,19,6145a01781dc478d,2.937196,15.707347,1,13652,1,0,0,0,0,0,0,0,0,0,0,0,0,1
3530,19,ada0cca125ee4d5a,2.208814,18.773152,1,13598,1,1,0,0,1,0,0,0,0,0,0,0,0,1
3531,19,f95903c0347aa6de,1.659399,17.582412,1,14343,1,1,0,0,1,0,0,0,0,0,0,0,0,0
3532,19,fd5c938841ceb006,2.290298,16.687853,1,13550,1,0,0,0,0,0,0,0,0,0,0,0,0,1
3533,19,88c278f8f31cc0c4,1.720615,19.494649,1,13884,1,1,0,0,1,0,0,0,0,0,0,0,0,1
3534,19,4a9bf748c5cc6108,1.293927,18.140756,1,14472,1,1,0,0,1,0,0,0,0,0,0,0,0,0
3535,19,4b93d24d0289b3da,2.015732,17.107316,1,13779,1,0,0,0,0,0,0,0,0,0,0,0,0,1
3536,19,25ef6cd1614c1a07,1.514344,16.330932,1,13492,1,1,0,0,1,0,0,0,0,0,0,0,0,0
3537,19,1f7036ddb4d18f42,2.182959,15.761595,1,14233,1,0,0,0,0,0,0,0,0,0,0,0,0,1
3538,19,8fa07c670634981a,1.639976,15.319942,1,13823,1,1,0,0,1,0,0,0,0,0,0,0,0,0
3539,19,3555ec56f6e88cbf,1.232052,18.466989,1,14175,1,1,0,0,1,0,0,0,0,0,0,0,0,1
3540,19,45a21baeb03c22b2,1.969248,17.352403,1,13927,1,0,0,0,0,0,0,0,0,0,0,0,0,1
3541,19,be4e6427df5117b8,1.480903,16.529756,1,13594,1,1,0,0,1,0,0,0,0,0,0,0,0,0
3542,19,7a05e4c9f1357f18,2.1562,15.897032,1,14426,1,0,0,0,0,0,0,0,0,0,0,0,0,1
3543,19,7d6786580c34a9ce,1.619873,18.900535,1,13620,1,1,0,0,1,0,0,0,0,0,0,0,0,1
3544,19,de0d88b7df2826f7,1.218167,20.0,1,13728,1,1,0,0,1,0,0,0,0,0,0,0,0,1
3545,19,4b83150dc8a95d4a,3.00247,15.907592,0,14538,2,0,0,0,0,0,0,0,0,0,0,0,0,0
3546,19,8a7b92c6ec687054,2.255644,18.908468,1,13664,1,1,0,0,1,0,0,0,0,0,0,0,0,1
3547,20,1fd48474a6be9a50,1.694581,20.0,1,13621,1,1,0,0,1,0,0,0,0,0,0,0,0,1
3548,20,530e0ea8d92a6d51,2.318499,15.914813,0,14391,1,0,0,0,0,0,0,0,0,0,0,0,0,0
3549,20,9d91a06f605c6d81,1.741802,18.913893,1,13705,1,1,0,0,1,0,0,0,0,0,0,0,0,1
3550,20,1bedfd585b1aa4b9,2.352204,14.209301,0,14340,1,0,0,0,0,0,0,0,0,0,0,0,0,0
3551,20,26a9669cba5af3ef,1.768891,17.6466,1,13607,1,1,0,0,1,0,0,0,0,0,0,0,0,1
3552,20,4f55c5e4b2d3c044,2.372555,16.736076,1,13741,1,0,0,0,0,0,0,0,0,0,0,0,0,1
3553,20,429a6cfc04b09590,1.782412,16.052032,1,14374,1,1,0,0,1,0,0,0,0,0,0,0,0,0
3554,20,bfd1095e82cc3b3f,2.382713,15.538136,1,13802,1,0,0,0,0,0,0,0,0,0,0,0,0,1
3555,20,e8a24dfe484cb614,2.835984,18.645903,1,13647,2,1,0,0,1,0,0,0,0,0,0,0,0,1
3556,20,a8eb40163c807ab7,1.086916,14.00797,0,14365,0,1,0,0,0,0,0,0,0,0,0,0,0,0
3557,20,b734eb68cadec0ba,2.903866,17.481353,1,13495,2,0,0,0,1,0,0,0,0,0,0,0,0,1
3558,20,03ed9d518f369873,2.183749,20.0,1,13852,1,1,0,0,1,0,0,0,0,0,0,0,0,1
3559,20,cd43fcebe8f5e6e6,2.684222,18.584655,1,14364,1,0,0,0,0,0,0,0,0,0,0,0,0,1
3560,20,338e1a6d9a9334b5,2.016556,17.440801,1,13685,1,1,0,0,1,0,0,0,0,0,0,0,0,0
3561,20,f71f04d2a5841727,2.558616,16.581466,1,14115,1,0,0,0,0,0,0,0,0,0,0,0,0,1
3562,20,dab4ff966e399802,1.924116,15.950001,1,14022,1,1,0,0,1,0,0,0,0,0,0,0,0,0
3563,20,339e340883d8ecaf,2.48917,15.461484,1,13750,1,0,0,0,0,0,0,0,0,0,0,0,0,1
3564,20,0f3eea50b2030a66,1.87002,15.094479,1,14024,1,1,0,0,1,0,0,0,0,0,0,0,0,0
3565,20,157d3461e0a7f335,2.450432,14.831765,1,13935,1,0,0,0,0,0,0,0,0,0,0,0,0,1
3566,20,f1991b9aba19249f,2.884572,18.10024,1,13823,2,1,0,0,1,0,0,0,0,0,0,0,0,1
3567,20,f0cae4ef532c2023,2.167071,17.076878,1,14017,1,1,0,0,1,0,0,0,0,0,0,0,0,0
3568,20,3dc875a761d5c5ef,2.671693,16.308065,1,14086,1,0,0,0,0,0,0,0,0,0,0,0,0,1
3569,20,e90cc852e180b7a9,2.009151,19.2249,1,13655,1,1,0,0,1,0,0,0,0,0,0,0,0,1
3570,20,0843c071791750a4,1.5094,17.921794,1,14371,1,1,0,0,1,0,0,0,0,0,0,0,0,0
3571,20,e7652621d19bb2aa,2.177609,16.942818,1,13778,1,0,0,0,0,0,0,0,0,0,0,0,0,1
3572,20,83403ab2ce2e5edc,1.637593,19.702244,1,13508,1,1,0,0,1,0,0,0,0,0,0,0,0,1
3573,20,31f44b91b5854a60,2.273916,14.801559,0,14352,1,0,0,0,0,0,0,0,0,0,0,0,0,0
3574,20,9eeb382b0724ec5e,1.708308,18.077547,1,13840,1,1,0,0,1,0,0,0,0,0,0,0,0,1
3575,20,8cf44fb6a5bc2678,1.283388,17.05983,1,14238,1,1,0,0,1,0,0,0,0,0,0,0,0,0
3576,20,26302fd6db433208,2.009277,16.309737,1,13761,1,0,0,0,0,0,0,0,0,0,0,0,0,1
3577,20,212d5aa4658ea2f7,1.509494,19.210585,1,13532,1,1,0,0,1,0,0,0,0,0,0,0,0,1
3578,20,37a5a18fb6caef37,2.17768,14.432194,0,14564,1,0,0,0,0,0,0,0,0,0,0,0,0,0
3579,20,79c0b206a03c3fd7,1.637646,17.814219,1,13504,1,1,0,0,1,0,0,0,0,0,0,0,0,1
3580,20,3073f8e12d7df25d,1.230303,16.862001,1,13879,1,1,0,0,1,0,0,0,0,0,0,0,0,0
3581,20,56f234be32ca2631,3.011587,16.146636,1,14337,2,0,0,0,0,0,0,0,0,0,0,0,0,1
3582,20,faeb10a0166eeef1,2.262493,19.088053,1,13699,1,1,0,0,1,0,0,0,0,0,0,0,0,1
3583,20,0545406eba8b439b,1.701427,20.0,1,13535,1,1,0,0,1,0,0,0,0,0,0,0,0,1
3584,20,f5167be6c40d6fa0,2.321872,16.013532,0,14363,1,0,0,0,0,0,0,0,0,0,0,0,0,0
3585,20,dd4f08c5ac0e5eae,1.744335,18.988057,1,13715,1,1,0,0,1,0,0,0,0,0,0,0,0,1
3586,20,81c68fcbb91c0d4c,1.311765,17.759791,1,14111,1,1,0,0,1,0,0,0,0,0,0,0,0,0
3587,20,aa9d9ee81bd482a5,2.029133,16.821112,1,13949,1,0,0,0,0,0,0,0,0,0,0,0,0,1
3588,20,88f6846f9af586b8,1.524412,16.115917,1,13776,1,1,0,0,1,0,0,0,0,0,0,0,0,0
3589,20,2a71789b17dd6e6d,1.145234,15.58613,1,14074,1,1,0,0,0,0,0,0,0,0,0,0,0,1
3590,20,a2f090b3ec8eaed0,1.905383,18.681996,1,14072,1,0,0,0,1,0,0,0,0,0,0,0,0,1
3591,20,9007a34ce4271e0f,1.431443,14.035085,0,13604,1,1,0,0,0,0,0,0,0,0,0,0,0,0
3592,20,c2c7e5298355bdf1,2.119043,17.501724,1,14100,1,0,0,0,1,0,0,0,0,0,0,0,0,1
3593,20,5cc48314a55c2be2,2.637701,20.0,1,13901,2,1,0,0,1,0,0,0,0,0,0,0,0,1
3594,20,aad69df5610846e3,0.937953,15.117319,0,13699,0,1,0,0,0,0,0,0,0,0,0,0,0,0
3595,20,78aba4a4881a33c3,2.791956,18.314766,1,14486,2,0,0,0,1,0,0,0,0,0,0,0,0,1
3596,20,901bca4c987c5e7e,2.097492,20.0,1,13616,1,1,0,0,1,0,0,0,0,0,0,0,0,1
3597,20,f4d0147e075bf91a,2.621494,15.579395,0,14140,1,0,0,0,0,0,0,0,0,0,0,0,0,0
3598,20,5ab8f7ecbcdf7819,1.969431,18.661906,1,13888,1,1,0,0,1,0,0,0,0,0,0,0,0,1
3599,20,17da423b61dd116c,2.523213,14.019992,0,13934,1,0,0,0,0,0,0,0,0,0,0,0,0,0
3600,20,853baeb215adc2c8,1.897492,17.504237,1,14053,1,1,0,0,1,0,0,0,0,0,0,0,0,1
3601,20,b84460a4dcfbf230,1.425515,16.629124,1,13751,1,1,0,0,1,0,0,0,0,0,0,0,0,0
3602,20,57f18cc396af39ed,2.114589,15.971684,1,13521,1,0,0,0,0,0,0,0,0,0,0,0,0,1
3603,20,77af0fca5d2ab9d4,1.588612,18.956618,1,14476,1,1,0,0,1,0,0,0,0,0,0,0,0,1
3604,20,6dc032d9a4f530bf,2.238809,20.0,1,13650,2,1,0,0,1,0,0,0,0,0,0,0,0,1
3605,20,699d850d1d19c557,2.725587,15.939276,0,13878,1,0,0,0,0,0,0,0,0,0,0,0,0,0
3606,20,c18ea323a7486338,2.047632,18.932271,1,14349,1,1,0,0,1,0,0,0,0,0,0,0,0,1
3607,20,a348045310e124e1,1.539848,17.71784,1,13522,1,1,0,0,1,0,0,0,0,0,0,0,0,0
3608,20,4298759b47671d91,2.200484,16.789595,1,13929,1,0,0,0,0,0,0,0,0,0,0,0,0,1
3609,20,f079e95302a265cb,1.653141,19.571084,1,14104,1,1,0,0,1,0,0,0,0,0,0,0,0,1
3610,20,6fb8b5718a19b4f2,1.241943,14.703024,0,13859,1,1,0,0,0,0,0,0,0,0,0,0,0,0
3611,20,45ab824543f54600,1.978109,18.017887,1,14084,1,0,0,0,1,0,0,0,0,0,0,0,0,1
3612,20,0cfccacfd1a330d8,1.48608,20.0,1,13853,1,1,0,0,1,0,0,0,0,0,0,0,0,1
3613,20,f5950795130541c6,2.160089,15.396266,0,13832,1,0,0,0,0,0,0,0,0,0,0,0,0,0
3614,20,0a5a1ea3c67448e8,2.668569,18.539215,1,14001,2,1,0,0,1,0,0,0,0,0,0,0,0,1
3615,20,6751a39eb4085546,2.004796,20.0,1,14376,1,1,0,0,1,0,0,0,0,0,0,0,0,1
3616,20,178fbaf1b049ea56,2.549782,19.169346,1,13386,1,0,0,0,0,0,0,0,0,0,0,0,0,1
3617,20,41c45aea5a0dfdc6,1.915556,20.0,1,14127,1,1,0,0,1,0,0,0,0,0,0,0,0,1
3618,20,fc25b6521148f592,1.440525,19.542701,1,13828,1,1,0,0,1,0,0,0,0,0,0,0,0,0
3619,20,c51d22c7d194d0e0,2.125866,18.160545,1,13851,1,0,0,0,0,0,0,0,0,0,0,0,0,1
3620,20,6ad9db8caed007c0,1.597084,17.122183,1,14262,1,1,0,0,1,0,0,0,0,0,0,0,0,0
3621,20,2f2a98846908918d,1.20103,19.837129,1,13648,1,1,0,0,1,0,0,0,0,0,0,0,0,1
3622,20,6b548880f2d8fa92,1.945942,14.902893,0,14210,1,0,0,0,0,0,0,0,0,0,0,0,0,0
3623,20,184589ce6b62d29d,1.461914,18.153676,1,13747,1,1,0,0,1,0,0,0,0,0,0,0,0,1
3624,20,566bbcfd30582c41,1.098281,17.117023,1,13944,1,1,0,0,1,0,0,0,0,0,0,0,0,0
3625,20,f94a471fed1b10a2,1.870073,16.352747,1,13952,1,0,0,0,0,0,0,0,0,0,0,0,0,1
3626,20,466f1c85f013bd65,1.404916,15.764052,1,13835,1,1,0,0,1,0,0,0,0,0,0,0,0,0
3627,20,1c890ca57d24380b,2.099114,15.321787,1,13739,2,1,0,0,0,0,0,0,0,0,0,0,0,1
3628,20,4c1c0696db3f5d29,2.622714,18.483206,1,14364,1,0,0,0,1,0,0,0,0,0,0,0,0,1
3629,20,5dbe1ce6ab3d2665,1.970347,20.0,1,13646,1,1,0,0,1,0,0,0,0,0,0,0,0,1
3630,20,23310ee1aaeb8639,2.523902,15.65889,0,13920,1,0,0,0,0,0,0,0,0,0,0,0,0,0
3631,20,b49c658949802824,1.896113,18.721628,1,14248,1,1,0,0,1,0,0,0,0,0,0,0,0,1
3632,20,0116871683a8462c,1.425904,17.559433,1,13374,1,1,0,0,1,0,0,0,0,0,0,0,0,0
3633,20,442b765d2eeb6306,2.114882,16.67059,1,14403,1,0,0,0,0,0,0,0,0,0,0,0,0,1
3634,20,8b751dd85af18131,1.588832,19.48168,1,13728,1,1,0,0,1,0,0,0,0,0,0,0,0,1
3635,20,15870cb86978ddb3,1.194824,18.131003,1,14020,1,1,0,0,1,0,0,0,0,0,0,0,0,0
3636,20,1bac8f4cbaacf4dc,0.897627,17.099989,1,14191,1,1,0,0,0,0,0,0,0,0,0,0,0,1
3637,20,caf71b2a4fe5c69b,1.718007,19.804272,1,13783,1,0,0,0,1,0,0,0,0,0,0,0,0,1
3638,20,5109776e3d0ee90e,1.290674,18.357053,1,13707,1,1,0,0,1,0,0,0,0,0,0,0,0,0
3639,20,3f4b8cd84884981e,2.014756,17.285268,1,14078,1,0,0,0,0,0,0,0,0,0,0,0,0,1
3640,20,d9561ebf158cff78,1.513611,19.943464,1,14114,1,1,0,0,1,0,0,0,0,0,0,0,0,1
3641,20,98984085bfeee9df,1.137119,18.461624,1,13595,1,1,0,0,1,0,0,0,0,0,0,0,0,0
3642,20,31bac18f56c2d5bc,1.89928,17.363906,1,14117,1,0,0,0,0,0,0,0,0,0,0,0,0,1
3643,20,1a766d1a67354e01,1.426858,16.523698,1,14032,1,1,0,0,1,0,0,0,0,0,0,0,0,0
3644,20,fd2b02fd98055370,1.071945,19.371326,1,13613,1,1,0,0,1,0,0,0,0,0,0,0,0,1
3645,20,ade54318559972c0,1.848966,14.552953,0,14129,1,0,0,0,0,0,0,0,0,0,0,0,0,0
3646,20,de9c34c3e368799e,1.390449,17.905031,1,13685,1,1,0,0,1,0,0,0,0,0,0,0,0,1
3647,20,7d8ac752b59b6a53,2.088245,16.930225,1,14522,1,0,0,0,0,0,0,0,0,0,0,0,0,1
3648,20,9488ac2f9e8c2426,1.568821,16.19789,1,13619,1,1,0,0,1,0,0,0,0,0,0,0,0,0
3649,20,379f5428c1a5daf5,2.223926,19.142047,1,13811,2,1,0,0,1,0,0,0,0,0,0,0,0,1
3650,20,5a31ebf7223c44d5,2.714406,17.859549,1,14365,1,0,0,0,0,0,0,0,0,0,0,0,0,1
3651,20,225722e32e059e30,2.039232,20.0,1,13690,1,1,0,0,1,0,0,0,0,0,0,0,0,1
3652,20,78d1253cab05704a,2.575652,15.306901,0,13832,1,0,0,0,0,0,0,0,0,0,0,0,0,0
3653,20,72d57fdc27db14fd,1.936927,18.472011,1,13983,1,1,0,0,1,0,0,0,0,0,0,0,0,1
3654,20,e98f58fe452e9df2,2.498794,13.877332,0,13893,1,0,0,0,0,0,0,0,0,0,0,0,0,0
3655,20,0f214dbbe4573a73,1.877251,17.383209,1,13948,1,1,0,0,1,0,0,0,0,0,0,0,0,1
3656,20,ebd7cf2e3e0f7557,1.411719,16.552923,1,14085,1,1,0,0,1,0,0,0,0,0,0,0,0,0
3657,20,e560175d7fdc8431,2.104225,15.914437,1,13606,1,0,0,0,0,0,0,0,0,0,0,0,0,1
3658,20,f965d88c5bb5d12e,1.580826,15.434766,1,14371,1,1,0,0,1,0,0,0,0,0,0,0,0,0
3659,20,16f680dd443a96d2,2.231269,15.074407,1,13728,1,0,0,0,0,0,0,0,0,0,0,0,0,1
3660,20,1bc3f9fb113e040b,1.677946,14.816671,1,13730,1,1,0,0,1,0,0,0,0,0,0,0,0,0
3661,20,eeb4cee968db4eb6,1.260578,18.0889,1,14303,1,1,0,0,1,0,0,0,0,0,0,0,0,1
3662,20,81c289bc45ccd91d,1.990678,13.589514,0,13778,1,0,0,0,0,0,0,0,0,0,0,0,0,0
3663,20,e77d55c3c5b10576,2.541169,17.180512,1,13598,2,1,0,0,1,0,0,0,0,0,0,0,0,1
3664,20,7d1f844fa561d078,1.909085,19.864765,1,14202,1,1,0,0,1,0,0,0,0,0,0,0,0,1
3665,20,79dd5154fd6edd39,2.477878,18.4025,1,14020,1,0,0,0,0,0,0,0,0,0,0,0,0,1
3666,20,bba69b1c428039fe,2.90519,13.82511,0,13457,1,0,0,0,0,0,0,0,0,0,0,0,0,0
3667,20,d5cf5f12ccbb2d89,2.184745,17.357683,1,14406,1,1,0,0,1,0,0,0,0,0,0,0,0,1
3668,20,694a1b542e6fd32d,1.641317,16.519023,1,13978,1,1,0,0,1,0,0,0,0,0,0,0,0,0
3669,20,8138a9fa37b11170,2.276713,15.888969,1,13942,1,0,0,0,0,0,0,0,0,0,0,0,0,1
3670,20,205f8f0e71e7a01d,1.712121,15.429233,1,13737,1,1,0,0,1,0,0,0,0,0,0,0,0,0
3671,20,5c92bdf6ff00ab38,1.286252,18.549095,1,14229,1,1,0,0,1,0,0,0,0,0,0,0,0,1
3672,20,a39216dd796a79a2,2.009967,13.935242,0,14087,1,0,0,0,0,0,0,0,0,0,0,0,0,0
3673,20,c13ae5b429adb9b6,1.510013,17.426715,1,13523,1,1,0,0,1,0,0,0,0,0,0,0,0,1
3674,20,e1d3f1dc94888fee,1.135551,16.58564,1,13665,1,1,0,0,1,0,0,0,0,0,0,0,0,0
3675,20,c3fb7e00efa35921,1.896751,15.939016,1,14642,1,0,0,0,0,0,0,0,0,0,0,0,0,1
3676,20,c9f49a52e856f0ee,2.468611,18.932076,1,13589,2,1,0,0,1,0,0,0,0,0,0,0,0,1
3677,20,96084df86f015f24,2.900581,14.237191,0,13782,1,0,0,0,0,0,0,0,0,0,0,0,0,0
3678,20,d1d2f003e5392f41,2.179098,17.653558,1,14176,1,1,0,0,1,0,0,0,0,0,0,0,0,1
3679,20,6e83dfd6ae6b3990,1.637075,13.262458,0,13682,1,1,0,0,0,0,0,0,0,0,0,0,0,0
3680,20,ca3f4ba84dbfa160,2.273527,16.921278,1,14408,1,0,0,0,1,0,0,0,0,0,0,0,0,1
3681,20,aa6a12cf4340d3d1,1.709724,16.205544,1,13523,1,1,0,0,1,0,0,0,0,0,0,0,0,0
3682,20,1d66f09716de2991,2.328105,15.653464,1,13846,1,0,0,0,0,0,0,0,0,0,0,0,0,1
3683,20,50d12954f0826ae4,1.749019,15.238707,1,14458,1,1,0,0,1,0,0,0,0,0,0,0,0,0
3684,20,d16477f63ca5c05a,2.359437,14.940226,1,13392,1,0,0,0,0,0,0,0,0,0,0,0,0,1
3685,20,fdc1ed46a02f3301,1.772557,14.702878,1,13946,1,1,0,0,1,0,0,0,0,0,0,0,0,0
3686,20,71f8da2ee8202719,1.331656,18.003412,1,14400,1,1,0,0,1,0,0,0,0,0,0,0,0,1
3687,20,a9c59d64714e79af,2.044077,17.004135,1,13611,1,0,0,0,0,0,0,0,0,0,0,0,0,1
3688,20,9277db9c6f9410c0,1.537175,16.267853,1,13720,1,1,0,0,1,0,0,0,0,0,0,0,0,0
3689,20,24a53976255588ba,3.242129,15.700275,1,14299,2,0,0,0,0,0,0,0,0,0,0,0,0,1
3690,20,cab0cda823c7f271,2.43569,18.752718,1,13897,1,1,0,0,1,0,0,0,0,0,0,0,0,1
3691,20,f605fa8048bc9ebf,2.875824,17.582813,1,13298,1,0,0,0,0,0,0,0,0,0,0,0,0,1
3692,20,1874ed6152678b83,2.160499,16.688155,1,14593,1,1,0,0,1,0,0,0,0,0,0,0,0,0
3693,20,eab83b6b657dad7d,1.623102,19.494876,1,13698,1,1,0,0,1,0,0,0,0,0,0,0,0,1
3694,20,e205dbf54a3118fd,2.263029,14.645771,0,14247,1,0,0,0,0,0,0,0,0,0,0,0,0,0
3695,20,d39a092eb4c887c2,1.70183,17.974832,1,13455,1,1,0,0,1,0,0,0,0,0,0,0,0,1
3696,20,8edda958b3ba49f2,2.322175,16.982664,1,14126,1,0,0,0,0,0,0,0,0,0,0,0,0,1
3697,20,31663900bf6e709b,1.744563,16.237285,1,14082,1,1,0,0,1,0,0,0,0,0,0,0,0,0
3698,20,312a6361e5b4b5ed,2.356087,19.171673,1,13569,2,1,0,0,1,0,0,0,0,0,0,0,0,1
3699,20,186c05fa9dd7e38f,2.813693,17.881806,1,13819,1,0,0,0,0,0,0,0,0,0,0,0,0,1
3700,20,f4a024b74be72cc5,2.113823,20.0,1,14477,1,1,0,0,1,0,0,0,0,0,0,0,0,1
3701,20,dc00fb071c805147,1.588036,18.798307,1,13576,1,1,0,0,1,0,0,0,0,0,0,0,0,0
3702,20,4e2693e5d5707aeb,2.238376,17.617097,1,13941,1,0,0,0,0,0,0,0,0,0,0,0,0,1
3703,20,e38e831c05553a35,1.681608,16.713911,1,14162,1,1,0,0,1,0,0,0,0,0,0,0,0,0
3704,20,4e50c0b09f558fe6,2.306983,16.035381,1,13766,1,0,0,0,0,0,0,0,0,0,0,0,0,1
3705,20,7a0f7d36280cb876,1.734884,15.539337,1,14186,1,1,0,0,1,0,0,0,0,0,0,0,0,0
3706,20,d0faf9d3049cc81f,2.347007,18.631812,1,13760,2,1,0,0,1,0,0,0,0,0,0,0,0,1
3707,20,17b35cca3f41b555,2.806872,17.476228,1,13863,1,0,0,0,0,0,0,0,0,0,0,0,0,1
3708,20,009e885b1c17c938,2.108698,20.0,1,14276,1,1,0,0,1,0,0,0,0,0,0,0,0,1
3709,20,957505aa1c713333,1.585771,15.105655,0,13634,1,1,0,0,0,0,0,0,0,0,0,0,0,0
3710,20,3734493c24f7ffb0,2.234984,18.306003,1,13868,1,0,0,0,1,0,0,0,0,0,0,0,0,1
3711,20,66f2c596f95c4058,1.67906,17.23146,1,14229,1,1,0,0,1,0,0,0,0,0,0,0,0,0
3712,20,9f91f39a22635161,2.306827,16.438805,1,13920,1,0,0,0,0,0,0,0,0,0,0,0,0,1
3713,20,37d7ab444543f768,1.733033,15.828704,1,13538,1,1,0,0,1,0,0,0,0,0,0,0,0,0
3714,20,59b944d6bfed6fd9,1.301963,15.370358,1,14304,1,1,0,0,0,0,0,0,0,0,0,0,0,1
3715,20,07ff7950dd479dbc,2.02177,15.02602,1,13757,1,0,0,0,1,0,0,0,0,0,0,0,0,0
3716,20,a61d9538ca16e1ed,1.520399,18.260785,1,13921,1,1,0,0,1,0,0,0,0,0,0,0,0,1
3717,20,22b67b80133f1ccf,2.185873,13.718645,0,14419,1,0,0,0,0,0,0,0,0,0,0,0,0,0
3718,20,18dca41d384340a4,1.642164,17.263994,1,13341,1,1,0,0,1,0,0,0,0,0,0,0,0,1
3719,20,893aae12bfb707d6,2.279082,12.98277,0,14149,1,0,0,0,0,0,0,0,0,0,0,0,0,0
3720,20,c00462b94aa5e028,1.712189,16.711159,1,14007,1,1,0,0,1,0,0,0,0,0,0,0,0,1
3721,20,17051f5a892f9f44,2.329957,12.554469,0,13887,1,0,0,0,0,0,0,0,0,0,0,0,0,0
3722,20,47f3fef564e96d1e,1.750409,16.389392,1,14194,1,1,0,0,1,0,0,0,0,0,0,0,0,1
3723,20,1c5da9741e9611e3,1.316333,15.805558,1,13447,1,1,0,0,1,0,0,0,0,0,0,0,0,0
3724,20,a86695cfde272233,3.076218,15.352969,1,14032,2,0,0,0,0,0,0,0,0,0,0,0,0,1
3725,20,b4f06c28026690a8,2.311048,18.491801,1,14133,1,1,0,0,1,0,0,0,0,0,0,0,0,1
3726,20,6d23d3e57f067beb,2.782091,17.3866,1,13567,1,0,0,0,0,0,0,0,0,0,0,0,0,1
3727,20,12f1991968ffe41f,2.090081,16.540747,1,13876,1,1,0,0,1,0,0,0,0,0,0,0,0,0
3728,20,8f9cd570dad1e465,2.613853,15.905289,1,14541,1,0,0,0,0,0,0,0,0,0,0,0,0,1
3729,20,57c5c4788573b8da,1.96369,18.906738,1,13604,1,1,0,0,1,0,0,0,0,0,0,0,0,1
3730,20,c216a6176a61b228,2.520874,14.218137,0,14308,1,0,0,0,0,0,0,0,0,0,0,0,0,0
3731,20,c62433dfcd720b39,1.893838,17.639244,1,13566,1,1,0,0,1,0,0,0,0,0,0,0,0,1
3732,20,6da00e07b7d14e6b,1.42277,16.730549,1,13838,1,1,0,0,0,0,0,0,0,0,0,0,0,1
3733,20,00fab1bc302a2315,2.114094,16.062113,1,14248,1,0,0,0,1,0,0,0,0,0,0,0,0,0
3734,20,c1f0fe42d6403181,1.58824,19.024554,1,13374,1,1,0,0,1,0,0,0,0,0,0,0,0,1
3735,20,b9e7bd12c2eae4a2,3.280492,17.771281,1,14201,2,0,0,0,0,0,0,0,0,0,0,0,0,1
3736,20,dd9cb706451debe5,2.464511,16.829743,1,14272,1,1,0,0,1,0,0,0,0,0,0,0,0,0
3737,20,934ef15c4628271b,1.853347,19.61721,1,13693,1,1,0,0,1,0,0,0,0,0,0,0,0,1
3738,20,cdf38aff592182e2,2.436004,18.216521,1,13809,1,0,0,0,0,0,0,0,0,0,0,0,0,1
3739,20,e729f1fe61ff9856,1.830079,17.164236,1,14191,1,1,0,0,1,0,0,0,0,0,0,0,0,0
3740,20,6155c3eed8d20a8d,1.376245,19.868753,1,13688,1,1,0,0,1,0,0,0,0,0,0,0,0,1
3741,20,d231fb207dfddcb6,2.077575,18.405496,1,14148,1,0,0,0,0,0,0,0,0,0,0,0,0,1
3742,20,8f1f94d387028d6e,1.560804,17.306206,1,14072,1,1,0,0,1,0,0,0,0,0,0,0,0,0
3743,20,621bf4145e6d5b6a,2.216227,16.48035,1,13562,1,0,0,0,0,0,0,0,0,0,0,0,0,1
3744,20,e23e9a20d2da418b,1.666635,15.87396,1,14111,1,1,0,0,1,0,0,0,0,0,0,0,0,0
3745,20,7bcbbc76d1634cc3,1.25208,18.883202,1,14229,1,1,0,0,1,0,0,0,0,0,0,0,0,1
3746,20,47c0345c65d03c05,1.984294,14.186243,0,13459,1,0,0,0,0,0,0,0,0,0,0,0,0,0
3747,20,553a5e2576ff0264,1.492218,17.629261,1,14214,1,1,0,0,1,0,0,0,0,0,0,0,0,1
3748,20,a7cf576587ff4587,1.121047,16.723049,1,13813,1,1,0,0,1,0,0,0,0,0,0,0,0,0
3749,20,89099ab7cb19e2e7,1.885854,16.042246,1,13685,1,0,0,0,0,0,0,0,0,0,0,0,0,1
3750,20,4ec9965e2fbedf9f,1.416772,15.530784,1,14204,1,1,0,0,1,0,0,0,0,0,0,0,0,0
3751,20,b23a4cc7d12dd704,3.153734,15.159873,1,13697,2,0,0,0,0,0,0,0,0,0,0,0,0,1
3752,20,61698f26678515ac,2.369282,18.346735,1,14404,1,1,0,0,1,0,0,0,0,0,0,0,0,1
3753,20,b11cbfda977b40f8,1.779953,17.262061,1,13633,1,1,0,0,0,0,0,0,0,0,0,0,0,1
3754,20,3a1c47bf557599ba,2.382701,19.942319,1,13677,1,0,0,0,1,0,0,0,0,0,0,0,0,1
3755,20,4f718c1c9b5c2625,1.790034,18.460763,1,14446,1,1,0,0,1,0,0,0,0,0,0,0,0,0
3756,20,6811f9e007fd7cf8,2.388439,17.347726,1,13832,1,0,0,0,0,0,0,0,0,0,0,0,0,1
3757,20,e292af7ac35acd97,1.794345,16.511542,1,13836,1,1,0,0,1,0,0,0,0,0,0,0,0,0
3758,20,e2b3b418a646f513,3.437674,15.897417,1,14078,2,0,0,0,0,0,0,0,0,0,0,0,0,1
3759,20,0b23a3c7c635eaf1,2.582596,18.900824,1,13692,1,1,0,0,1,0,0,0,0,0,0,0,0,1
3760,20,9ad5e07749bbb1da,1.940208,14.199483,0,13912,1,1,0,0,0,0,0,0,0,0,0,0,0,0
3761,20,45eb4e3f0d6effad,2.503214,17.639217,1,14074,1,0,0,0,1,0,0,0,0,0,0,0,0,1
3762,20,705d92d4456e1a7a,1.880571,16.730529,1,13963,1,1,0,0,1,0,0,0,0,0,0,0,0,0
3763,20,a6486756894af270,2.456456,16.047865,1,13523,1,0,0,0,0,0,0,0,0,0,0,0,0,1
3764,20,cf96243255e12a51,1.845444,19.01385,1,14524,1,1,0,0,1,0,0,0,0,0,0,0,0,1
3765,20,f9548e6cb48611fd,1.3878,17.779188,1,13599,1,1,0,0,1,0,0,0,0,0,0,0,0,0
3766,20,027eecb2c7bff9d1,2.086256,16.835684,1,14400,1,0,0,0,0,0,0,0,0,0,0,0,0,1
3767,20,0145e96e272d1c62,1.567326,16.126864,1,13696,1,1,0,0,1,0,0,0,0,0,0,0,0,0
3768,20,5071cf6a8335f1a8,2.222802,15.608134,1,13584,1,0,0,0,0,0,0,0,0,0,0,0,0,1
3769,20,ae03891b2667f9ba,1.669908,18.683496,1,14210,1,1,0,0,1,0,0,0,0,0,0,0,0,1
3770,20,a52d4a993a89f6c9,2.298193,14.036212,0,14113,2,1,0,0,0,0,0,0,0,0,0,0,0,0
3771,20,273206081606a9b4,2.7702,17.502571,1,13640,1,0,0,0,1,0,0,0,0,0,0,0,0,1
3772,20,1e0ac32bef02ef8c,2.08323,16.642684,1,14176,1,1,0,0,1,0,0,0,0,0,0,0,0,0
3773,20,387b3075e7d097d4,2.608706,15.981871,1,14078,1,0,0,0,0,0,0,0,0,0,0,0,0,1
3774,20,bd58832d595a1f38,1.959823,18.964271,1,13481,1,1,0,0,1,0,0,0,0,0,0,0,0,1
3775,20,29f744d7bcdf9a50,2.517966,14.261402,0,14149,1,0,0,0,0,0,0,0,0,0,0,0,0,0
3776,20,338163cddab124bf,1.891653,17.671748,1,13698,1,1,0,0,1,0,0,0,0,0,0,0,0,1
3777,21,1fd48474a6be9a50,2.464782,13.276123,0,14426,1,0,0,0,0,0,0,0,0,0,0,0,0,0
3778,21,530e0ea8d92a6d51,1.851698,16.931544,1,13754,1,1,0,0,1,0,0,0,0,0,0,0,0,1
3779,21,9d91a06f605c6d81,1.392504,16.213264,1,13735,1,1,0,0,1,0,0,0,0,0,0,0,0,0
3780,21,1bedfd585b1aa4b9,2.089789,15.659264,1,14446,1,0,0,0,0,0,0,0,0,0,0,0,0,1
3781,21,26a9669cba5af3ef,1.569981,18.721909,1,13712,1,1,0,0,1,0,0,0,0,0,0,0,0,1
3782,21,4f55c5e4b2d3c044,3.268949,14.079142,0,13858,2,0,0,0,0,0,0,0,0,0,0,0,0,0
3783,21,429a6cfc04b09590,2.455839,17.534822,1,14027,1,1,0,0,1,0,0,0,0,0,0,0,0,1
3784,21,bfd1095e82cc3b3f,1.84498,16.652101,1,13738,1,1,0,0,1,0,0,0,0,0,0,0,0,0
3785,21,e8a24dfe484cb614,2.429718,15.988945,1,13989,1,0,0,0,0,0,0,0,0,0,0,0,0,1
3786,21,a8eb40163c807ab7,1.827182,15.504417,1,13996,1,1,0,0,1,0,0,0,0,0,0,0,0,0
3787,21,b734eb68cadec0ba,2.416347,15.126733,1,13899,1,0,0,0,0,0,0,0,0,0,0,0,0,1
3788,21,03ed9d518f369873,1.815311,14.842994,1,14056,1,1,0,0,1,0,0,0,0,0,0,0,0,0
3789,21,cd43fcebe8f5e6e6,1.36514,18.123146,1,14105,1,1,0,0,1,0,0,0,0,0,0,0,0,1
3790,21,338e1a6d9a9334b5,2.069232,13.615242,0,13433,1,0,0,0,0,0,0,0,0,0,0,0,0,0
3791,21,f71f04d2a5841727,1.554537,17.186312,1,14457,1,1,0,0,1,0,0,0,0,0,0,0,0,1
3792,21,dab4ff966e399802,2.211519,16.390278,1,13896,1,0,0,0,0,0,0,0,0,0,0,0,0,1
3793,21,339e340883d8ecaf,1.663094,15.806224,1,13666,1,1,0,0,1,0,0,0,0,0,0,0,0,0
3794,21,0f3eea50b2030a66,3.336727,15.35347,1,14129,2,0,0,0,0,0,0,0,0,0,0,0,0,1
3795,21,157d3461e0a7f335,1.463105,18.492177,1,13945,0,1,0,0,1,0,0,0,0,0,0,0,0,1
3796,21,f1991b9aba19249f,2.144426,20.0,1,13490,2,1,0,0,1,0,0,0,0,0,0,0,0,1
3797,21,f0cae4ef532c2023,2.654681,15.676886,0,14381,1,0,0,0,0,0,0,0,0,0,0,0,0,0
3798,21,3dc875a761d5c5ef,1.994362,18.735147,1,14014,1,1,0,0,1,0,0,0,0,0,0,0,0,1
3799,21,e90cc852e180b7a9,1.49829,20.0,1,13859,1,1,0,0,1,0,0,0,0,0,0,0,0,1
3800,21,0843c071791750a4,2.170886,19.297395,1,13838,1,0,0,0,0,0,0,0,0,0,0,0,0,1
3801,21,e7652621d19bb2aa,1.630905,17.976256,1,13948,1,1,0,0,1,0,0,0,0,0,0,0,0,0
3802,21,83403ab2ce2e5edc,2.268892,16.983734,1,14267,1,0,0,0,0,0,0,0,0,0,0,0,0,1
3803,21,31f44b91b5854a60,1.706239,16.252512,1,13456,1,1,0,0,1,0,0,0,0,0,0,0,0,0
3804,21,9eeb382b0724ec5e,1.281833,15.688749,1,13767,1,1,0,0,0,0,0,0,0,0,0,0,0,1
3805,21,8cf44fb6a5bc2678,2.006647,15.265215,1,14441,1,0,0,0,1,0,0,0,0,0,0,0,0,0
3806,21,26302fd6db433208,1.507519,18.425875,1,13506,1,1,0,0,1,0,0,0,0,0,0,0,0,1
3807,21,212d5aa4658ea2f7,2.177826,17.337022,1,13991,1,0,0,0,0,0,0,0,0,0,0,0,0,1
3808,21,37a5a18fb6caef37,2.679773,16.503501,1,14052,2,1,0,0,1,0,0,0,0,0,0,0,0,0
3809,21,79c0b206a03c3fd7,2.013213,12.398463,0,13991,0,0,0,0,0,0,0,0,0,0,0,0,0,0
3810,21,066f19424897b5f9,2.558115,16.284825,1,13617,2,1,0,0,1,0,0,0,0,0,0,0,0,1
3811,21,45cd890081455bb1,1.921816,19.191869,1,13957,1,1,0,0,1,0,0,0,0,0,0,0,0,1
3812,21,750fc310f3e0ed42,2.487442,14.418134,0,13961,1,0,0,0,0,0,0,0,0,0,0,0,0,0
3813,21,adc39f36c9059362,1.868722,17.789494,1,14175,1,1,0,0,1,0,0,0,0,0,0,0,0,1
3814,21,c737755f3a17e375,2.449456,13.377953,0,13961,1,0,0,0,0,0,0,0,0,0,0,0,0,0
3815,21,03691bb0fd247bd6,1.840185,17.008045,1,13595,1,1,0,0,1,0,0,0,0,0,0,0,0,1
3816,21,578fb6fab2e2f3f6,2.426116,16.256353,1,14098,1,0,0,0,0,0,0,0,0,0,0,0,0,1
3817,21,6085a28dd6b7aff7,1.824473,15.705511,1,14192,1,1,0,0,1,0,0,0,0,0,0,0,0,0
3818,21,be0e04b7c44ccd39,1.370659,18.756652,1,13563,1,1,0,0,1,0,0,0,0,0,0,0,0,1
3819,21,7eb8737e386f83c6,2.073378,14.091172,0,14298,1,0,0,0,0,0,0,0,0,0,0,0,0,0
3820,21,df10bd142829f09e,1.557651,17.54386,1,13755,1,1,0,0,1,0,0,0,0,0,0,0,0,1
3821,21,bfa76b9aa9882ae4,3.259677,16.673734,1,13692,2,0,0,0,0,0,0,0,0,0,0,0,0,1
3822,21,3cbca3f7365ce076,2.448874,16.005198,1,14329,1,1,0,0,1,0,0,0,0,0,0,0,0,0
3823,21,56e4a4bf8d7a99f0,1.839747,15.502951,1,13873,1,1,0,0,0,0,0,0,0,0,0,0,0,1
3824,21,74dea8182b594738,2.427667,18.619444,1,14129,1,0,0,0,1,0,0,0,0,0,0,0,0,1
3825,21,f5311adf735cf63b,1.823815,17.466936,1,13794,1,1,0,0,1,0,0,0,0,0,0,0,0,0
3826,21,072fcead16035cc8,2.413817,16.601101,1,13906,1,0,0,0,0,0,0,0,0,0,0,0,0,1
3827,21,92f19af33868b99d,1.813411,15.950631,1,14203,1,1,0,0,1,0,0,0,0,0,0,0,0,0
3828,21,9d63cd8ad3fe1404,1.363711,18.956105,1,13536,1,1,0,0,1,0,0,0,0,0,0,0,0,1
3829,21,a70b639d11ec29be,2.068158,17.719858,1,14007,1,0,0,0,0,0,0,0,0,0,0,0,0,1
3830,21,c2b951f784f9b818,1.55373,16.791111,1,14113,1,1,0,0,1,0,0,0,0,0,0,0,0,0
3831,21,70fda9c2c2c57230,1.168427,16.107657,1,13581,1,1,0,0,0,0,0,0,0,0,0,0,0,1
3832,21,955f50cb3de97d4f,1.921449,15.579925,1,13923,1,0,0,0,1,0,0,0,0,0,0,0,0,0
3833,21,c1857ce1d7dd4a0e,1.443513,18.662304,1,14296,1,1,0,0,1,0,0,0,0,0,0,0,0,1
3834,21,dff93ad60d5d284a,2.128111,14.020291,0,13876,1,0,0,0,0,0,0,0,0,0,0,0,0,0
3835,21,8cf4a90e45b30250,1.600369,17.504462,1,14035,1,1,0,0,1,0,0,0,0,0,0,0,0,1
3836,21,9ac529a8650b551c,2.245951,20.0,1,13635,2,1,0,0,1,0,0,0,0,0,0,0,0,1
3837,21,b754b9789c31eb18,2.730952,18.585336,1,14037,1,0,0,0,0,0,0,0,0,0,0,0,0,1
3838,21,676d7f4c565399ea,2.053715,20.0,1,14247,1,1,0,0,1,0,0,0,0,0,0,0,0,1
3839,21,471854d6c3364080,1.542879,19.208361,1,13502,1,1,0,0,1,0,0,0,0,0,0,0,0,0
3840,21,84f40ee36766fab8,2.202761,17.909368,1,13908,1,0,0,0,0,0,0,0,0,0,0,0,0,1
3841,21,a4d2dffe5540e487,1.654852,20.0,1,14022,1,1,0,0,1,0,0,0,0,0,0,0,0,1
3842,21,de21a4da6284889f,1.244472,18.830863,1,14092,1,1,0,0,1,0,0,0,0,0,0,0,0,0
3843,21,e62a778fd9bc7c67,1.978579,17.625768,1,13563,1,0,0,0,0,0,0,0,0,0,0,0,0,1
3844,21,5f81ebada1015b2f,1.486432,16.720425,1,14326,1,1,0,0,1,0,0,0,0,0,0,0,0,0
3845,21,738feafbfe368411,1.117818,19.535002,1,13785,1,1,0,0,1,0,0,0,0,0,0,0,0,1
3846,21,9005817a26118b8d,1.883428,14.675916,0,13477,1,0,0,0,0,0,0,0,0,0,0,0,0,0
3847,21,e4aa1e53986c6162,2.458603,17.983156,1,14334,2,1,0,0,1,0,0,0,0,0,0,0,0,1
3848,21,14436506dbfa4aaa,2.89071,16.988918,1,13813,1,0,0,0,0,0,0,0,0,0,0,0,0,1
3849,21,eec1da8ce647dd31,2.173855,19.736912,1,14105,1,1,0,0,1,0,0,0,0,0,0,0,0,1
3850,21,6476a162343f19dd,1.633136,14.827604,0,14023,1,1,0,0,0,0,0,0,0,0,0,0,0,0
3851,21,7bb871de1ee0b28b,2.270567,18.097114,1,13782,1,0,0,0,1,0,0,0,0,0,0,0,0,1
3852,21,538dcab362c26946,1.707499,17.089789,1,14289,1,1,0,0,1,0,0,0,0,0,0,0,0,0
3853,21,f28158e482f1773d,2.326434,16.317764,1,13507,1,0,0,0,0,0,0,0,0,0,0,0,0,1
3854,21,2604305c2c3d376f,1.747763,19.216615,1,14129,1,1,0,0,1,0,0,0,0,0,0,0,0,1
3855,21,04ccf6f26dc95fcb,1.313029,17.915569,1,13907,1,1,0,0,1,0,0,0,0,0,0,0,0,0
3856,21,8505e7fbc07fb8ed,2.031567,16.953265,1,13514,1,0,0,0,0,0,0,0,0,0,0,0,0,1
3857,21,e4280dc39ccf54e4,1.52624,16.215199,1,14150,1,1,0,0,1,0,0,0,0,0,0,0,0,0
3858,21,74f41fc829040947,2.190261,15.660717,1,14119,1,0,0,0,0,0,0,0,0,0,0,0,0,1
3859,21,bfaa0b0b5718a760,1.647107,15.257584,1,13840,1,1,0,0,1,0,0,0,0,0,0,0,0,0
3860,21,62086a03d7fd8586,1.23741,18.420142,1,14106,1,1,0,0,1,0,0,0,0,0,0,0,0,1
3861,21,55b16f2433fcd65b,1.973273,17.317208,1,13959,2,1,0,0,0,0,0,0,0,0,0,0,0,1
3862,21,c56d3e062dcd12d5,2.5261,16.488616,1,13734,1,0,0,0,1,0,0,0,0,0,0,0,0,0
3863,21,3c94a3fab220972b,1.899663,19.360678,1,14198,1,1,0,0,1,0,0,0,0,0,0,0,0,1
3864,21,fd5ddd53a80c9042,2.470799,18.023798,1,13748,1,0,0,0,0,0,0,0,0,0,0,0,0,1
3865,21,5765d298baea198d,1.856219,17.01945,1,13680,1,1,0,0,1,0,0,0,0,0,0,0,0,0
3866,21,7244bc04c160072c,2.440054,16.279371,1,14423,1,0,0,0,0,0,0,0,0,0,0,0,0,1
3867,21,61b163fbf66ce324,1.833121,15.708927,1,13692,1,1,0,0,1,0,0,0,0,0,0,0,0,0
3868,21,e8ee0829e0119f5d,1.377155,18.759219,1,13719,1,1,0,0,1,0,0,0,0,0,0,0,0,1
3869,21,bec80f8767eacac6,2.078259,14.0931,0,14503,1,0,0,0,0,0,0,0,0,0,0,0,0,0
3870,21,87f5085f11117587,1.56288,17.559215,1,13711,1,1,0,0,1,0,0,0,0,0,0,0,0,1
3871,21,a3c85979817af726,3.26144,16.670427,1,14055,2,0,0,0,0,0,0,0,0,0,0,0,0,1
3872,21,dabbb0ba8baa4513,2.450198,19.481557,1,14014,1,1,0,0,1,0,0,0,0,0,0,0,0,1
3873,21,f5fd5bfec52e0078,2.886734,14.650409,0,13491,1,0,0,0,0,0,0,0,0,0,0,0,0,0
3874,21,789fc06768225ef4,1.125042,14.485149,1,14410,0,1,0,0,1,0,0,0,0,0,0,0,0,0
3875,21,5602cd39a3523e78,1.888856,17.83984,1,13694,2,1,0,0,1,0,0,0,0,0,0,0,0,1
3876,21,e1429d3a8baaf5bf,1.419027,16.881249,1,13870,1,1,0,0,0,0,0,0,0,0,0,0,0,1
3877,21,83413fcd97e02768,2.111279,19.655944,1,13989,1,0,0,0,1,0,0,0,0,0,0,0,0,1
3878,21,61061f6cc2e7c121,1.586125,18.24562,1,13905,1,1,0,0,1,0,0,0,0,0,0,0,0,0
3879,21,6eab70669e0dbdc7,2.23525,17.186097,1,14000,1,0,0,0,0,0,0,0,0,0,0,0,0,1
3880,21,078862c9a37d0593,1.68094,16.404691,1,14081,1,1,0,0,1,0,0,0,0,0,0,0,0,0
3881,21,87e98a0fc22e9f9e,1.262827,19.28192,1,13183,1,1,0,0,1,0,0,0,0,0,0,0,0,1
3882,21,6f7c1d231edf681a,1.992368,14.485786,0,14404,1,0,0,0,0,0,0,0,0,0,0,0,0,0
3883,21,954a3cc004d5ea17,1.496792,17.840319,1,14066,1,1,0,0,1,0,0,0,0,0,0,0,0,1
3884,21,7c6fd1de51b52112,2.169759,16.896676,1,13782,1,0,0,0,0,0,0,0,0,0,0,0,0,1
3885,21,61610235a39b1adc,1.630059,16.172685,1,14263,1,1,0,0,1,0,0,0,0,0,0,0,0,0
3886,21,5fc163949e26e332,1.224602,19.107623,1,13924,1,1,0,0,1,0,0,0,0,0,0,0,0,1
3887,21,3c51388743055255,1.965069,14.369205,0,13721,1,0,0,0,0,0,0,0,0,0,0,0,0,0
3888,21,82bf91d0df49aacc,1.476283,17.752735,1,14134,1,1,0,0,1,0,0,0,0,0,0,0,0,1
3889,21,2f874b6d8a183462,1.109076,13.336966,0,13790,1,1,0,0,0,0,0,0,0,0,0,0,0,0
3890,21,3f723152fa386699,1.876861,16.977253,1,13782,1,0,0,0,1,0,0,0,0,0,0,0,0,1
3891,21,97be16ec3a5edeb4,1.411426,16.247638,1,14075,1,1,0,0,1,0,0,0,0,0,0,0,0,0
3892,21,5abe9fbdd75050e0,3.147658,15.685088,1,13798,2,0,0,0,0,0,0,0,0,0,0,0,0,1
3893,21,b462440f36527f08,2.364718,18.741309,1,13722,1,1,0,0,1,0,0,0,0,0,0,0,0,1
3894,21,f58e917f2396ca23,1.778302,17.574233,1,14542,1,1,0,0,1,0,0,0,0,0,0,0,0,0
3895,21,b8fcd53c249c4972,2.379625,16.681709,1,13516,1,0,0,0,0,0,0,0,0,0,0,0,0,1
3896,21,aa8eb033bd07db79,1.787723,16.011189,1,14039,1,1,0,0,1,0,0,0,0,0,0,0,0,0
3897,21,93c2e175dcf0e97c,2.386703,15.507452,1,14118,1,0,0,0,0,0,0,0,0,0,0,0,0,1
3898,21,30d68efaeb612eb5,1.794835,15.142327,1,13372,1,1,0,0,1,0,0,0,0,0,0,0,0,0
3899,21,004f669cc29c8149,1.348392,18.333553,1,14352,1,1,0,0,1,0,0,0,0,0,0,0,0,1
3900,21,fd192d463fde06c3,1.012997,13.773313,0,14090,1,1,0,0,0,0,0,0,0,0,0,0,0,0
3901,21,7a0f7d6626ad51f1,1.805938,17.318731,1,13340,1,0,0,0,1,0,0,0,0,0,0,0,0,1
3902,21,e65c098cc98a8b54,1.356734,16.48976,1,14441,1,1,0,0,1,0,0,0,0,0,0,0,0,0
3903,21,198f361e2f89aa6c,2.062917,15.866985,1,13573,1,0,0,0,0,0,0,0,0,0,0,0,0,1
3904,21,4070a46cf9702004,2.593446,18.877961,1,14141,2,1,0,0,1,0,0,0,0,0,0,0,0,1
3905,21,bd420d1fb453fe25,2.994459,14.196496,0,13895,1,0,0,0,0,0,0,0,0,0,0,0,0,0
3906,21,8608271a8e8450a9,1.205971,14.144141,1,13756,0,1,0,0,1,0,0,0,0,0,0,0,0,0
3907,21,38e9575e330aa577,1.949655,14.104809,1,14396,1,0,0,0,0,0,0,0,0,0,0,0,0,1
3908,21,223f6099a7124985,2.510319,17.568021,1,13549,2,1,0,0,1,0,0,0,0,0,0,0,0,1
3909,21,104c3254f7aae0a0,2.929562,13.198197,0,13729,1,0,0,0,0,0,0,0,0,0,0,0,0,0
3910,21,58fb1eed9fe9ea64,2.20087,16.873001,1,14383,1,1,0,0,1,0,0,0,0,0,0,0,0,1
3911,21,1fc7bb8aa010ba96,2.697085,16.1549,1,13733,1,0,0,0,0,0,0,0,0,0,0,0,0,1
3912,21,c4b1b855ec0d50f8,2.028246,15.629217,1,13565,1,1,0,0,1,0,0,0,0,0,0,0,0,0
3913,21,be01dbd89c416ae1,1.523746,18.699335,1,14414,1,1,0,0,1,0,0,0,0,0,0,0,0,1
3914,21,5c342dbc90d0d98f,2.188386,14.048111,0,13921,1,0,0,0,0,0,0,0,0,0,0,0,0,0
3915,21,216fdf48f4f7cd73,1.645698,17.525383,1,13568,1,1,0,0,1,0,0,0,0,0,0,0,0,1
3916,21,d2e5e09a765d74dd,1.236351,16.64501,1,14022,1,1,0,0,1,0,0,0,0,0,0,0,0,0
3917,21,15bd1bd48d12b4b9,3.016131,15.983618,1,13860,2,0,0,0,0,0,0,0,0,0,0,0,0,1
3918,21,7fc494f470133f57,1.222253,15.486739,1,14282,0,1,0,0,1,0,0,0,0,0,0,0,0,0
3919,21,afa50c2e296f8758,0.919152,18.607252,1,14034,1,1,0,0,1,0,0,0,0,0,0,0,0,1
3920,21,604eb6ab297fe0b9,1.734178,13.978933,0,13589,1,0,0,0,0,0,0,0,0,0,0,0,0,0
3921,21,6699dac555d31a5f,2.346476,17.459539,1,14216,2,1,0,0,1,0,0,0,0,0,0,0,0,1
3922,21,133de67399da7e06,2.808734,16.610324,1,14000,1,0,0,0,0,0,0,0,0,0,0,0,0,1
3923,21,b26253da250c4e21,2.110097,19.436404,1,13580,1,1,0,0,1,0,0,0,0,0,0,0,0,1
3924,21,f00763c727f5c971,2.62889,14.601844,0,14052,1,0,0,0,0,0,0,0,0,0,0,0,0,0
3925,21,d190e212679bb610,1.974987,17.927509,1,14056,1,1,0,0,1,0,0,0,0,0,0,0,0,1
3926,21,37b74ad43a916029,2.529369,13.481742,0,13379,1,0,0,0,0,0,0,0,0,0,0,0,0,0
3927,21,2112f5a762e47c9d,1.90022,17.086018,1,14459,1,1,0,0,1,0,0,0,0,0,0,0,0,1
3928,21,8191e1e9ccf6307e,1.427564,16.314931,1,13956,1,1,0,0,1,0,0,0,0,0,0,0,0,0
3929,21,cb3fc3286c489288,2.117699,15.749562,1,13812,1,0,0,0,0,0,0,0,0,0,0,0,0,1
3930,21,bb467828ad466655,1.590948,18.789746,1,13882,1,1,0,0,1,0,0,0,0,0,0,0,0,1
3931,21,3d36d14a965d0a11,1.19522,14.116034,0,14068,1,1,0,0,0,0,0,0,0,0,0,0,0,0
3932,21,a99994d565d4b71a,1.941577,17.562538,1,14308,1,0,0,0,1,0,0,0,0,0,0,0,0,1
3933,21,768071a9ce45f498,1.460094,16.68778,1,13355,1,1,0,0,1,0,0,0,0,0,0,0,0,0
3934,21,1813dd3efc347462,1.096914,19.494595,1,13740,1,1,0,0,1,0,0,0,0,0,0,0,0,1
3935,21,6322aa78dfe0b90e,1.867724,14.64556,0,14475,1,0,0,0,0,0,0,0,0,0,0,0,0,0
3936,21,11c3bbcd28d0bbe4,1.404555,17.974673,1,13648,1,1,0,0,1,0,0,0,0,0,0,0,0,1
3937,21,37af8d2545c4c764,2.098843,13.5037,0,13765,1,0,0,0,0,0,0,0,0,0,0,0,0,0
3938,21,f71713a1d957a91a,1.576782,17.102514,1,14111,1,1,0,0,1,0,0,0,0,0,0,0,0,1
3939,21,e600fe4bc97389a4,2.228231,12.84848,0,14134,1,0,0,0,0,0,0,0,0,0,0,0,0,0
3940,21,7142cb60cb5b1d63,1.675661,16.623243,1,13457,1,1,0,0,1,0,0,0,0,0,0,0,0,1
3941,21,02342e3b3c40bc0d,2.302515,12.488421,0,14279,1,0,0,0,0,0,0,0,0,0,0,0,0,0
3942,21,4112e88c0224cb95,1.729794,16.339773,1,13629,1,1,0,0,1,0,0,0,0,0,0,0,0,1
3943,21,14f3c6c8b224f296,2.34498,19.248746,1,14224,2,1,0,0,1,0,0,0,0,0,0,0,0,1
3944,21,90421c1221ac44d0,1.761696,14.460863,0,14111,0,0,0,0,0,0,0,0,0,0,0,0,0,0
3945,21,04449ffa4655daae,1.323496,17.821595,1,13520,1,1,0,0,1,0,0,0,0,0,0,0,0,1
3946,21,f1408c2cf69f311b,2.037947,13.388698,0,14518,1,0,0,0,0,0,0,0,0,0,0,0,0,0
3947,21,cf3666ccd49561b6,1.532565,17.029495,1,13822,1,1,0,0,1,0,0,0,0,0,0,0,0,1
3948,21,b1f624a6bfa4c459,2.195012,12.793623,0,13595,1,0,0,0,0,0,0,0,0,0,0,0,0,0
3949,21,d4b6974854d49278,2.692684,20.0,1,14385,2,1,0,0,1,0,0,0,0,0,0,0,0,2
3950,21,b6ff8f354871d95f,3.069087,15.07631,0,13743,1,0,0,0,0,0,0,0,0,0,0,0,0,0
3951,21,fd11f4cf38245d0f,2.30569,18.283957,1,13626,1,1,0,0,1,0,0,0,0,0,0,0,0,1
3952,21,f1cdb38330f13370,1.732179,17.214898,1,14248,1,1,0,0,1,0,0,0,0,0,0,0,0,0
3953,21,22aeebd87127df3d,2.344975,16.411754,1,13835,1,0,0,0,0,0,0,0,0,0,0,0,0,1
3954,21,7f75f7e854dfae74,1.763454,15.822374,1,14085,1,1,0,0,1,0,0,0,0,0,0,0,0,0
3955,21,5be77fed924cc794,2.368471,15.365603,1,13831,2,1,0,0,0,0,0,0,0,0,0,0,0,1
3956,21,19612b4eb302b839,2.822997,18.501292,1,14000,1,0,0,0,1,0,0,0,0,0,0,0,0,1
3957,21,873fbf33737870a8,2.122934,20.0,1,14164,1,1,0,0,1,0,0,0,0,0,0,0,0,1
3958,21,d2799b93e8f126de,2.638534,19.16088,1,13493,1,0,0,0,0,0,0,0,0,0,0,0,0,1
3959,21,dbe0d4af81075c46,1.982232,17.873697,1,14040,1,1,0,0,1,0,0,0,0,0,0,0,0,0
3960,21,0fea3de3d3fc5350,1.489177,20.0,1,14340,1,1,0,0,1,0,0,0,0,0,0,0,0,1
3961,21,c74b1b53b3af1c8d,2.164033,15.330209,0,13500,1,0,0,0,0,0,0,0,0,0,0,0,0,0
3962,21,196740f86f438372,1.625757,18.474702,1,13792,1,1,0,0,1,0,0,0,0,0,0,0,0,1
3963,21,8175054924073842,2.265024,13.879353,0,14241,1,0,0,0,0,0,0,0,0,0,0,0,0,0
3964,21,85113308fa932787,1.70333,17.398475,1,13801,1,1,0,0,1,0,0,0,0,0,0,0,0,1
3965,21,3d72a63f74df0049,2.323302,16.549668,1,13594,1,0,0,0,0,0,0,0,0,0,0,0,0,1
3966,21,d23e122f74458fdf,2.789063,19.390836,1,14423,2,1,0,0,1,0,0,0,0,0,0,0,0,1
3967,21,e6e082251f84f76a,2.095319,18.046455,1,13829,1,1,0,0,1,0,0,0,0,0,0,0,0,0
3968,21,1479ec073d39f039,2.61986,17.051693,1,14051,1,0,0,0,0,0,0,0,0,0,0,0,0,1
3969,21,4c59a34965558afd,1.968203,16.289144,1,14008,1,1,0,0,1,0,0,0,0,0,0,0,0,0
3970,21,50a07700ca9b8509,1.478637,15.716269,1,13557,1,1,0,0,0,0,0,0,0,0,0,0,0,1
3971,21,d5e07946c394343d,2.156107,15.29936,1,14391,1,0,0,0,1,0,0,0,0,0,0,0,0,0
3972,21,a44381feb069a6b1,1.619802,18.451527,1,13737,1,1,0,0,1,0,0,0,0,0,0,0,0,1
3973,21,fdbd8317dc884ef9,2.26055,13.861942,0,13520,1,0,0,0,0,0,0,0,0,0,0,0,0,0
3974,21,0bde913367dc4e5a,1.698267,17.371648,1,14355,1,1,0,0,1,0,0,0,0,0,0,0,0,1
3975,21,517e18423b8b64bb,2.321272,20.0,1,14005,2,1,0,0,1,0,0,0,0,0,0,0,0,1
3976,21,10dcfd7a5685acab,2.787538,18.522676,1,13567,1,0,0,0,0,0,0,0,0,0,0,0,0,1
3977,21,f6a1f7385549d5f9,2.094173,17.394238,1,14060,1,1,0,0,1,0,0,0,0,0,0,0,0,0
3978,21,a6898429888772d6,1.574848,20.0,1,13754,1,1,0,0,1,0,0,0,0,0,0,0,0,1
3979,21,b2035bf18698bafe,2.226778,18.535438,1,14485,1,0,0,0,0,0,0,0,0,0,0,0,0,1
3980,21,92ab5a816ce7b762,1.672895,17.403827,1,13538,1,1,0,0,1,0,0,0,0,0,0,0,0,0
3981,21,e118bb446644e184,2.300437,16.553689,1,14246,1,0,0,0,0,0,0,0,0,0,0,0,0,1
3982,21,b2b96eebf3ede9e2,1.729961,15.929112,1,13861,1,1,0,0,1,0,0,0,0,0,0,0,0,0
3983,21,72e7232bca4aae0a,1.299655,18.924635,1,13719,1,1,0,0,1,0,0,0,0,0,0,0,0,1
3984,21,5daf888fd7e76975,2.020036,14.217371,0,13858,1,0,0,0,0,0,0,0,0,0,0,0,0,0
3985,21,f553f3ed784cdf0a,1.519096,17.652669,1,14190,1,1,0,0,1,0,0,0,0,0,0,0,0,1
3986,21,b52a070fa716fad6,1.14124,16.740635,1,13870,1,1,0,0,0,0,0,0,0,0,0,0,0,1
3987,21,ff350d03c62d6820,1.901024,16.055458,1,13796,1,0,0,0,1,0,0,0,0,0,0,0,0,0
3988,21,962c22b7d5c7fec0,1.428168,19.019554,1,14312,1,1,0,0,1,0,0,0,0,0,0,0,0,1
3989,22,1fd48474a6be9a50,2.118153,14.302976,0,13659,1,0,0,0,0,0,0,0,0,0,0,0,0,0
3990,22,530e0ea8d92a6d51,1.59129,17.70298,1,14146,1,1,0,0,1,0,0,0,0,0,0,0,0,1
3991,22,9d91a06f605c6d81,3.282783,16.778432,1,13755,2,0,0,0,0,0,0,0,0,0,0,0,0,1
3992,22,1bedfd585b1aa4b9,2.4687,16.098121,1,13668,1,1,0,0,1,0,0,0,0,0,0,0,0,0
3993,22,26a9669cba5af3ef,2.898295,15.572761,1,14165,1,0,0,0,0,0,0,0,0,0,0,0,0,1
3994,22,4f55c5e4b2d3c044,2.177381,15.178078,1,13814,1,1,0,0,1,0,0,0,0,0,0,0,0,0
3995,22,429a6cfc04b09590,2.679438,14.881567,1,13881,1,0,0,0,0,0,0,0,0,0,0,0,0,1
3996,22,bfd1095e82cc3b3f,2.014976,18.152154,1,14167,1,1,0,0,1,0,0,0,0,0,0,0,0,1
3997,22,e8a24dfe484cb614,1.513776,17.115879,1,13916,1,1,0,0,1,0,0,0,0,0,0,0,0,0
3998,22,a8eb40163c807ab7,2.180897,16.337365,1,13405,1,0,0,0,0,0,0,0,0,0,0,0,0,1
3999,22,b734eb68cadec0ba,1.640065,19.246935,1,14501,1,1,0,0,1,0,0,0,0,0,0,0,0,1
4000,22,03ed9d518f369873,1.23212,17.938347,1,13599,1,1,0,0,1,0,0,0,0,0,0,0,0,0
4001,22,cd43fcebe8f5e6e6,1.969299,16.955254,1,13916,1,0,0,0,0,0,0,0,0,0,0,0,0,1
4002,22,338e1a6d9a9334b5,1.479461,16.216693,1,14050,1,1,0,0,1,0,0,0,0,0,0,0,0,0
4003,22,f71f04d2a5841727,2.156726,15.675686,1,13644,1,0,0,0,0,0,0,0,0,0,0,0,0,1
4004,22,dab4ff966e399802,1.620268,15.255401,1,14533,1,1,0,0,1,0,0,0,0,0,0,0,0,0
4005,22,339e340883d8ecaf,2.2609,18.418502,1,13387,2,1,0,0,1,0,0,0,0,0,0,0,0,1
4006,22,0f3eea50b2030a66,2.744379,17.331478,1,14046,1,0,0,0,0,0,0,0,0,0,0,0,0,1
4007,22,157d3461e0a7f335,2.06175,19.97818,1,14106,1,1,0,0,1,0,0,0,0,0,0,0,0,1
4008,22,f1991b9aba19249f,2.592569,15.00886,0,13685,1,0,0,0,0,0,0,0,0,0,0,0,0,0
4009,22,f0cae4ef532c2023,1.9477,18.233284,1,14137,1,1,0,0,1,0,0,0,0,0,0,0,0,1
4010,22,3dc875a761d5c5ef,2.508849,13.71169,0,13887,1,0,0,0,0,0,0,0,0,0,0,0,0,0
4011,22,e90cc852e180b7a9,1.884804,17.258769,1,13756,1,1,0,0,1,0,0,0,0,0,0,0,0,1
4012,22,0843c071791750a4,1.415983,19.923557,1,13927,1,1,0,0,1,0,0,0,0,0,0,0,0,1
4013,22,e7652621d19bb2aa,1.064839,14.982799,0,14169,1,1,0,0,0,0,0,0,0,0,0,0,0,0
4014,22,83403ab2ce2e5edc,1.843627,18.213706,1,13842,1,0,0,0,1,0,0,0,0,0,0,0,0,1
4015,22,31f44b91b5854a60,1.385048,20.0,1,14228,1,1,0,0,1,0,0,0,0,0,0,0,0,1
4016,22,9eeb382b0724ec5e,1.040535,20.0,1,14055,1,1,0,0,1,0,0,0,0,0,0,0,0,1
4017,22,8cf44fb6a5bc2678,2.870798,16.893605,0,13404,2,0,0,0,0,0,0,0,0,0,0,0,0,0
4018,22,26302fd6db433208,2.156723,19.649223,1,14393,1,1,0,0,1,0,0,0,0,0,0,0,0,1
4019,22,212d5aa4658ea2f7,2.663919,14.761727,0,13632,1,0,0,0,0,0,0,0,0,0,0,0,0,0
4020,22,37a5a18fb6caef37,2.003305,18.062032,1,13986,1,1,0,0,1,0,0,0,0,0,0,0,0,1
4021,22,79c0b206a03c3fd7,1.505008,20.0,1,14085,1,1,0,0,1,0,0,0,0,0,0,0,0,1
4022,22,c2376b0af88b997c,2.17431,15.421182,0,13719,1,0,0,0,0,0,0,0,0,0,0,0,0,0
4023,22,8b0d686653d699b0,1.633478,18.543046,1,13645,1,1,0,0,1,0,0,0,0,0,0,0,0,1
4024,22,1ac8c50aa7b2937d,1.228398,17.425137,1,14539,1,1,0,0,1,0,0,0,0,0,0,0,0,0
4025,22,79bb4ce1697c0ce0,1.966503,16.569698,1,13633,1,0,0,0,0,0,0,0,0,0,0,0,0,1
4026,22,905ac828b875270d,1.47736,15.92704,1,14258,1,1,0,0,1,0,0,0,0,0,0,0,0,0
4027,22,23d81457a60abd18,2.155147,15.457862,1,13592,1,0,0,0,0,0,0,0,0,0,0,0,0,1
4028,22,2d0832d892b13c97,1.619081,18.570603,1,13884,1,1,0,0,1,0,0,0,0,0,0,0,0,1
4029,22,584cc33749d643a9,1.216355,17.430245,1,14188,1,1,0,0,1,0,0,0,0,0,0,0,0,0
4030,22,822a86f61493d399,1.957455,16.573536,1,13855,1,0,0,0,0,0,0,0,0,0,0,0,0,1
4031,22,c1745adc72521e4d,1.472034,19.424538,1,13795,1,1,0,0,1,0,0,0,0,0,0,0,0,1
4032,22,c9130c9252e44378,2.149538,20.0,1,14325,2,1,0,0,1,0,0,0,0,0,0,0,0,1
4033,22,45f00d46c357b25d,2.658521,16.190174,0,13567,1,0,0,0,0,0,0,0,0,0,0,0,0,0
4034,22,abe042816fe21d82,1.999245,19.136245,1,13814,1,1,0,0,1,0,0,0,0,0,0,0,0,1
4035,22,313cbc32fac1a470,1.501958,17.85519,1,14066,1,1,0,0,1,0,0,0,0,0,0,0,0,0
4036,22,af33e72c723b74e7,2.172019,16.892781,1,13994,1,0,0,0,0,0,0,0,0,0,0,0,0,1
4037,22,de386825ac235c82,1.631756,19.648604,1,14289,1,1,0,0,1,0,0,0,0,0,0,0,0,1
4038,22,c5af0416038de32f,3.315405,18.256532,1,13420,2,0,0,0,0,0,0,0,0,0,0,0,0,1
4039,22,ebfb588be099b498,2.49074,17.194295,1,13802,1,1,0,0,1,0,0,0,0,0,0,0,0,0
4040,22,603226cdd10980e3,1.8712,19.87512,1,14336,1,1,0,0,1,0,0,0,0,0,0,0,0,1
4041,22,53fd8ad848919590,2.451319,14.946373,0,13834,1,0,0,0,0,0,0,0,0,0,0,0,0,0
4042,22,8fd9e6ac3354dfa2,1.841585,18.186341,1,13613,1,1,0,0,1,0,0,0,0,0,0,0,0,1
4043,22,7579e3d1fb0d4f70,1.383514,13.662718,0,14433,1,1,0,0,0,0,0,0,0,0,0,0,0,0
4044,22,3d123e24c99eea8e,2.083035,17.221978,1,13810,1,0,0,0,1,0,0,0,0,0,0,0,0,1
4045,22,51b3084804b401ac,1.566472,16.431675,1,13653,1,1,0,0,1,0,0,0,0,0,0,0,0,0
4046,22,9c1d76b68ce9e300,2.220485,15.823348,1,14360,1,0,0,0,0,0,0,0,0,0,0,0,0,1
4047,22,7998fcd05ea74331,1.668168,18.845179,1,13538,1,1,0,0,1,0,0,0,0,0,0,0,0,1
4048,22,26d224c974414c27,2.298636,14.171843,0,13770,1,0,0,0,0,0,0,0,0,0,0,0,0,0
4049,22,e6eba2fc678e2eec,1.72688,17.604465,1,14401,1,1,0,0,1,0,0,0,0,0,0,0,0,1
4050,22,1653634225a56770,1.29734,16.704421,1,13505,1,1,0,0,1,0,0,0,0,0,0,0,0,0
4051,22,140214cd32e36ada,2.018296,16.028251,1,14590,1,0,0,0,0,0,0,0,0,0,0,0,0,1
4052,22,e274525e2acbf211,1.517788,15.533975,1,13814,1,1,0,0,1,0,0,0,0,0,0,0,0,0
4053,22,8f953af3f6da7331,1.140257,18.627784,1,13637,1,1,0,0,1,0,0,0,0,0,0,0,0,1
4054,22,5c01a50683c76e79,1.900286,13.994358,0,14260,1,0,0,0,0,0,0,0,0,0,0,0,0,0
4055,22,0302eb99cffc1dda,1.429042,17.48496,1,13680,1,1,0,0,1,0,0,0,0,0,0,0,0,1
4056,22,e02bc978427ff2e3,1.073586,16.614641,1,13988,1,1,0,0,0,0,0,0,0,0,0,0,0,1
4057,22,0c9d85d29e68b775,1.850198,15.960803,1,13966,1,0,0,0,1,0,0,0,0,0,0,0,0,0
4058,22,86962b7db5a4ec78,1.389985,18.948444,1,13804,1,1,0,0,1,0,0,0,0,0,0,0,0,1
4059,22,92f3c04b8dc32182,1.045288,14.2495,0,13836,1,1,0,0,0,0,0,0,0,0,0,0,0,0
4060,22,c22419fc2868ff19,2.872593,17.662806,1,14231,2,0,0,0,1,0,0,0,0,0,0,0,0,1
4061,22,35f7a001e5404b58,2.158072,16.74825,1,13774,1,1,0,0,0,0,0,0,0,0,0,0,0,1
4062,22,e23669ee1e1fb75c,2.667051,16.075425,1,14202,1,0,0,0,1,0,0,0,0,0,0,0,0,0
4063,22,761ec1cec0429402,2.003656,19.034555,1,13438,1,1,0,0,1,0,0,0,0,0,0,0,0,1
4064,22,50a08eeb11de5478,2.548925,14.299949,0,13956,1,0,0,0,0,0,0,0,0,0,0,0,0,0
4065,22,62a3245acbd2cdbf,1.914912,17.700706,1,14257,1,1,0,0,1,0,0,0,0,0,0,0,0,1
4066,22,63f7180405568cce,1.440041,20.0,1,13903,1,1,0,0,1,0,0,0,0,0,0,0,0,1
4067,22,3a128537ca8b5462,2.125502,15.229736,0,13427,1,0,0,0,0,0,0,0,0,0,0,0,0,0
4068,22,4e87102eaac25277,1.596811,18.39922,1,14418,1,1,0,0,1,0,0,0,0,0,0,0,0,1
4069,22,4fa880a80436dd0f,1.200824,17.316978,1,13843,1,1,0,0,1,0,0,0,0,0,0,0,0,0
4070,22,36b1737267c3dd6b,1.945788,16.488443,1,13502,1,0,0,0,0,0,0,0,0,0,0,0,0,1
4071,22,43b16c52dca540eb,1.461798,15.865995,1,14432,1,1,0,0,1,0,0,0,0,0,0,0,0,0
4072,22,0da3a0dfc480ec81,1.098194,18.877218,1,13718,1,1,0,0,1,0,0,0,0,0,0,0,0,1
4073,22,db9825c47a4815e8,1.870008,17.676439,1,14142,1,0,0,0,0,0,0,0,0,0,0,0,0,1
4074,22,cd7f1c6d68e5d663,2.44852,16.758492,1,14053,2,1,0,0,1,0,0,0,0,0,0,0,0,0
4075,22,9498326ca505e781,1.839482,19.547718,1,13499,1,1,0,0,1,0,0,0,0,0,0,0,0,1
4076,22,9d62e5084e91cc0c,2.427467,18.180664,1,14526,1,0,0,0,0,0,0,0,0,0,0,0,0,1
4077,22,b5d5bcad4c5beb1d,1.823665,17.137298,1,13876,1,1,0,0,1,0,0,0,0,0,0,0,0,0
4078,22,f7da853079aa9723,1.370052,19.8323,1,13603,1,1,0,0,1,0,0,0,0,0,0,0,0,1
4079,22,28121a191b2f9824,2.072922,14.899266,0,14114,1,0,0,0,0,0,0,0,0,0,0,0,0,0
4080,22,bd4b91482eac8d16,1.558867,18.165464,1,13953,1,1,0,0,1,0,0,0,0,0,0,0,0,1
4081,22,6da01dd5002ec027,1.171118,20.0,1,13909,1,1,0,0,1,0,0,0,0,0,0,0,0,1
4082,22,87449e2eb0f01260,1.923471,15.479558,0,13907,1,0,0,0,0,0,0,0,0,0,0,0,0,0
4083,22,eab21fb18e318a20,1.446477,18.601852,1,13816,1,1,0,0,1,0,0,0,0,0,0,0,0,1
4084,22,9a50d8ada80fe29b,1.086684,20.0,1,13718,1,1,0,0,1,0,0,0,0,0,0,0,0,1
4085,22,0460b89f142ae6b1,1.860039,15.725853,0,14341,1,0,0,0,0,0,0,0,0,0,0,0,0,0
4086,22,07af41f64fc08ddc,1.397378,18.771935,1,13820,1,1,0,0,1,0,0,0,0,0,0,0,0,1
4087,22,d4adcea370c346c1,1.050848,14.116763,0,14424,1,1,0,0,0,0,0,0,0,0,0,0,0,0
4088,22,725b41bf8226c47d,1.833116,17.563085,1,13550,1,0,0,0,1,0,0,0,0,0,0,0,0,1
4089,22,0bc1359a7eb5fb5b,1.377152,16.673334,1,13766,1,1,0,0,1,0,0,0,0,0,0,0,0,0
4090,22,3beb7218e0a132bd,2.079788,16.019086,1,14462,1,0,0,0,0,0,0,0,0,0,0,0,0,1
4091,22,6fdefa1b775dfbd1,1.562467,18.99223,1,13553,1,1,0,0,1,0,0,0,0,0,0,0,0,1
4092,22,491caa59c10c9e1b,2.217476,14.268152,0,13563,1,0,0,0,0,0,0,0,0,0,0,0,0,0
4093,22,973f567587d3d5ba,1.665907,17.676818,1,14449,1,1,0,0,1,0,0,0,0,0,0,0,0,1
4094,22,b58d21d920b39e6f,3.341087,16.773721,1,13957,2,0,0,0,0,0,0,0,0,0,0,0,0,1
4095,22,69c251ee401ffc59,2.510034,19.559159,1,13488,1,1,0,0,1,0,0,0,0,0,0,0,0,1
4096,22,85004ac578db1990,1.885694,18.172909,1,14407,1,1,0,0,1,0,0,0,0,0,0,0,0,0
4097,22,4754c705d48734b2,2.46222,17.146788,1,13611,1,0,0,0,0,0,0,0,0,0,0,0,0,1
4098,22,0f4d61109622581b,1.849774,16.360586,1,14219,1,1,0,0,1,0,0,0,0,0,0,0,0,0
4099,22,7386f581151733c6,1.389666,19.248785,1,13703,1,1,0,0,1,0,0,0,0,0,0,0,0,1
4100,22,9867bfc6165ac02a,2.087657,14.460893,0,13631,1,0,0,0,0,0,0,0,0,0,0,0,0,0
4101,22,e4587e70c9a078f6,1.569948,17.835801,1,14581,1,1,0,0,1,0,0,0,0,0,0,0,0,1
4102,22,a2f6259cb24bdcfd,1.179443,16.878215,1,13736,1,1,0,0,1,0,0,0,0,0,0,0,0,0
4103,22,a41d21bfaf7f7f1f,1.929725,16.158817,1,13712,1,0,0,0,0,0,0,0,0,0,0,0,0,1
4104,22,6233f96287e3c94f,1.451181,15.632162,1,14237,1,1,0,0,1,0,0,0,0,0,0,0,0,0
4105,22,703521dbfa658925,2.133871,15.222703,1,13940,1,0,0,0,0,0,0,0,0,0,0,0,0,1
4106,22,f9a2d321aa6624df,1.603098,18.393937,1,13671,1,1,0,0,1,0,0,0,0,0,0,0,0,1
4107,22,71bf1134f1d13b87,1.204347,17.297522,1,13965,1,1,0,0,0,0,0,0,0,0,0,0,0,1
4108,22,f8b5d58e2237917d,2.993987,16.488485,1,13940,2,0,0,0,1,0,0,0,0,0,0,0,0,0
4109,22,5e758ea054c47d5f,2.249271,19.344871,1,14151,1,1,0,0,1,0,0,0,0,0,0,0,0,1
4110,22,db502f1ea623b957,2.733446,18.011923,1,13477,1,0,0,0,0,0,0,0,0,0,0,0,0,1
4111,22,de9c17e0e19df53b,2.055591,17.025725,1,14182,1,1,0,0,1,0,0,0,0,0,0,0,0,0
4112,22,4108a608e9cf5027,1.544288,19.748479,1,14034,1,1,0,0,1,0,0,0,0,0,0,0,0,1
4113,22,2b26ec68331ca512,2.20382,18.315139,1,14071,1,0,0,0,0,0,0,0,0,0,0,0,0,1
4114,22,0631b10fe9f9890e,1.655647,17.238324,1,13532,1,1,0,0,1,0,0,0,0,0,0,0,0,0
4115,22,2856d7d2c7ef6637,1.24507,19.924469,1,14353,1,1,0,0,1,0,0,0,0,0,0,0,0,1
4116,22,79f0c74bd28fa4b0,1.979028,14.968508,0,13584,1,0,0,0,0,0,0,0,0,0,0,0,0,0
4117,22,798ac49ebb105b44,1.48677,18.20297,1,13625,1,1,0,0,1,0,0,0,0,0,0,0,0,1
4118,22,25ab6892652f8ba4,1.118072,20.0,1,14479,1,1,0,0,1,0,0,0,0,0,0,0,0,1
4119,22,6203bb44aca70367,1.883619,15.513495,0,13632,1,0,0,0,0,0,0,0,0,0,0,0,0,0
4120,22,8b54a2787eaec574,1.415093,18.612398,1,13453,1,1,0,0,1,0,0,0,0,0,0,0,0,1
4121,22,5bb0dddd8e8986e3,2.10676,17.461643,1,14818,1,0,0,0,0,0,0,0,0,0,0,0,0,1
4122,22,fc709254920171ec,2.628464,20.0,1,13695,2,1,0,0,1,0,0,0,0,0,0,0,0,1
4123,22,dbb22e0f3319e2e9,0.931013,18.57352,1,14195,0,1,0,0,1,0,0,0,0,0,0,0,0,0
4124,22,605d77036565bf26,2.786742,17.432435,1,13622,2,0,0,0,0,0,0,0,0,0,0,0,0,1
4125,22,594b3ab9a9358823,1.051519,16.589942,1,13743,0,1,0,0,1,0,0,0,0,0,0,0,0,0
4126,22,d28993a79485c75b,2.877274,15.942247,1,14209,2,0,0,0,0,0,0,0,0,0,0,0,0,1
4127,22,c4c4fa9deda5bce2,1.117935,15.455659,1,13824,0,1,0,0,1,0,0,0,0,0,0,0,0,0
4128,22,c351a754d59a20b3,0.839863,15.090103,1,13542,1,1,0,0,1,0,0,0,0,0,0,0,0,0
4129,22,509d5ea0ac584717,1.675739,14.828475,1,14458,1,0,0,0,0,0,0,0,0,0,0,0,0,1
4130,22,6a81d81101ce2aa7,2.302574,18.097768,1,13806,2,1,0,0,1,0,0,0,0,0,0,0,0,1
4131,22,d0d39258d0a69264,1.729837,13.596176,0,13568,1,1,0,0,0,0,0,0,0,0,0,0,0,0
4132,22,e82651d564ad8d86,2.345013,17.185522,1,14089,1,0,0,0,1,0,0,0,0,0,0,0,0,1
4133,22,9bc5912c6736306d,0.718067,16.389685,1,14126,0,1,0,0,1,0,0,0,0,0,0,0,0,0
4134,22,9a32b83fb998cff5,2.626764,15.791802,1,14067,2,0,0,0,0,0,0,0,0,0,0,0,0,1
4135,22,c1ddb37e58ac2c61,1.973389,15.342635,1,13512,1,1,0,0,1,0,0,0,0,0,0,0,0,0
4136,22,9501f344a5920bdf,1.484017,18.498884,1,14128,1,1,0,0,1,0,0,0,0,0,0,0,0,1
4137,22,2e7e132f0c84a37a,2.15854,17.376364,1,14196,1,0,0,0,0,0,0,0,0,0,0,0,0,1
4138,22,344d3a8e334fcf47,1.62163,16.533057,1,13744,1,1,0,0,1,0,0,0,0,0,0,0,0,0
4139,22,8b456286a6c77f27,2.26364,15.913596,1,13663,1,0,0,0,0,0,0,0,0,0,0,0,0,1
4140,22,b643dafab0e5c18f,1.700588,15.434135,1,14137,1,1,0,0,1,0,0,0,0,0,0,0,0,0
4141,22,82ec5361b17702e5,1.277588,15.073933,1,13825,1,1,0,0,0,0,0,0,0,0,0,0,0,1
4142,23,1fd48474a6be9a50,2.003457,14.803327,1,13874,1,0,0,0,1,0,0,0,0,0,0,0,0,0
4143,23,530e0ea8d92a6d51,1.506629,18.093316,1,14317,1,1,0,0,1,0,0,0,0,0,0,0,0,1
4144,23,9d91a06f605c6d81,2.175527,13.592832,0,13735,1,0,0,0,0,0,0,0,0,0,0,0,0,0
4145,23,1bedfd585b1aa4b9,1.634392,17.169476,1,13953,1,1,0,0,1,0,0,0,0,0,0,0,0,1
4146,23,26a9669cba5af3ef,2.273237,12.91169,0,14064,1,0,0,0,0,0,0,0,0,0,0,0,0,0
4147,23,4f55c5e4b2d3c044,2.751451,16.657759,1,13643,2,1,0,0,1,0,0,0,0,0,0,0,0,1
4148,23,429a6cfc04b09590,2.067062,19.472041,1,14386,1,1,0,0,1,0,0,0,0,0,0,0,0,1
4149,23,bfd1095e82cc3b3f,2.59656,18.107461,1,13690,1,0,0,0,0,0,0,0,0,0,0,0,0,1
4150,23,e8a24dfe484cb614,1.95265,17.09757,1,13938,1,1,0,0,1,0,0,0,0,0,0,0,0,0
4151,23,a8eb40163c807ab7,2.510606,16.32361,1,14167,1,0,0,0,0,0,0,0,0,0,0,0,0,1
4152,23,b734eb68cadec0ba,0.842471,15.742163,1,13704,0,1,0,0,1,0,0,0,0,0,0,0,0,0
4153,23,03ed9d518f369873,0.63355,15.318832,1,13753,1,1,0,0,1,0,0,0,0,0,0,0,0,0
4154,23,cd43fcebe8f5e6e6,2.56327,14.987311,1,14188,2,0,0,0,0,0,0,0,0,0,0,0,0,1
4155,23,338e1a6d9a9334b5,1.925689,18.217095,1,13760,1,1,0,0,1,0,0,0,0,0,0,0,0,1
4156,23,f71f04d2a5841727,2.490351,17.164667,1,14129,1,0,0,0,0,0,0,0,0,0,0,0,0,1
4157,23,dab4ff966e399802,1.87278,16.388576,1,13703,1,1,0,0,1,0,0,0,0,0,0,0,0,0
4158,23,339e340883d8ecaf,1.406949,19.269814,1,14200,1,1,0,0,1,0,0,0,0,0,0,0,0,1
4159,23,0f3eea50b2030a66,2.100642,14.476691,0,13870,1,0,0,0,0,0,0,0,0,0,0,0,0,0
4160,23,157d3461e0a7f335,1.579713,17.847681,1,13443,1,1,0,0,1,0,0,0,0,0,0,0,0,1
4161,23,f1991b9aba19249f,1.186779,16.88714,1,14127,1,1,0,0,1,0,0,0,0,0,0,0,0,0
4162,23,f0cae4ef532c2023,1.935236,16.165522,1,14326,1,0,0,0,0,0,0,0,0,0,0,0,0,1
4163,23,7630abeab872e6cf,1.45387,19.102241,1,13664,1,1,0,0,1,0,0,0,0,0,0,0,0,1
4164,23,253c29c9cd31f14d,1.093331,17.845659,1,13750,1,1,0,0,1,0,0,0,0,0,0,0,0,0
4165,23,1bcd43f2b236da2a,1.865032,16.885621,1,14179,1,0,0,0,0,0,0,0,0,0,0,0,0,1
4166,23,190012cb2cd5517d,1.401129,16.16438,1,13977,1,1,0,0,1,0,0,0,0,0,0,0,0,0
4167,23,752285f96761bfac,2.09782,15.636346,1,13507,1,0,0,0,0,0,0,0,0,0,0,0,0,1
4168,23,8ce008444b943984,1.576013,15.225847,1,14361,1,1,0,0,1,0,0,0,0,0,0,0,0,0
4169,23,815cbd6616cc478f,1.184,18.396299,1,13605,1,1,0,0,1,0,0,0,0,0,0,0,0,1
4170,23,ea182be542b69bac,1.933148,13.820451,0,14344,1,0,0,0,0,0,0,0,0,0,0,0,0,0
4171,23,98558a7fe6a345e2,1.453755,17.35418,1,13935,1,1,0,0,1,0,0,0,0,0,0,0,0,1
4172,23,ea40987dff05550d,1.092152,16.516391,1,13570,1,1,0,0,1,0,0,0,0,0,0,0,0,0
4173,23,bd84d51435d6859a,1.864146,15.886992,1,14418,1,0,0,0,0,0,0,0,0,0,0,0,0,1
4174,23,b3773e59edaae1a5,1.401865,15.427746,1,13760,1,1,0,0,1,0,0,0,0,0,0,0,0,0
4175,23,5dadae3439224eef,2.096822,15.069133,1,13623,1,0,0,0,0,0,0,0,0,0,0,0,0,1
4176,23,bf32681d9402a0dc,1.575264,18.278566,1,14388,1,1,0,0,1,0,0,0,0,0,0,0,0,1
4177,23,f7bd4e508f328e99,3.270744,17.210848,1,13520,2,0,0,0,0,0,0,0,0,0,0,0,0,1
4178,23,7c7cf98600a1ae76,2.459646,19.903806,1,14059,1,1,0,0,1,0,0,0,0,0,0,0,0,1
4179,23,4330f499d34eea83,1.84784,18.43183,1,14009,1,1,0,0,1,0,0,0,0,0,0,0,0,0
4180,23,574139667abb0c89,2.431866,17.325989,1,13637,1,0,0,0,0,0,0,0,0,0,0,0,0,1
4181,23,92baeeda50fe0e26,1.828798,19.990394,1,14210,1,1,0,0,1,0,0,0,0,0,0,0,0,1
4182,23,80a0120ed18f2275,2.417561,15.018036,0,13832,1,0,0,0,0,0,0,0,0,0,0,0,0,0
4183,23,8dedeb0367e4f2e3,1.816223,18.240178,1,14038,1,1,0,0,1,0,0,0,0,0,0,0,0,1
4184,23,cce480df118a4b64,2.408114,17.182008,1,13994,1,0,0,0,0,0,0,0,0,0,0,0,0,1
4185,23,74af5b71dff1f83a,1.810936,16.401617,1,13708,1,1,0,0,1,0,0,0,0,0,0,0,0,0
4186,23,5a3027c7f942d721,1.360489,15.800766,1,14006,1,1,0,0,0,0,0,0,0,0,0,0,0,1
4187,23,a7f28a02bc25ffcb,2.065738,18.828214,1,14086,1,0,0,0,1,0,0,0,0,0,0,0,0,1
4188,23,d5293be15af3da23,1.553464,17.639587,1,13618,1,1,0,0,1,0,0,0,0,0,0,0,0,0
4189,23,5fbd520df55a8630,2.210713,16.730807,1,13950,1,0,0,0,0,0,0,0,0,0,0,0,0,1
4190,23,dfbca10fb7e44b36,1.660826,16.048074,1,14051,1,1,0,0,1,0,0,0,0,0,0,0,0,0
4191,23,44a3306df2ae7e38,1.247716,19.014007,1,13877,1,1,0,0,1,0,0,0,0,0,0,0,0,1
4192,23,9078bef81c8bd0b7,1.982451,14.298805,0,14232,1,0,0,0,0,0,0,0,0,0,0,0,0,0
4193,23,1c033c0b8809b97c,2.532995,17.699846,1,13846,2,1,0,0,1,0,0,0,0,0,0,0,0,1
4194,23,6833178b9c2d557d,2.946598,16.776077,1,13847,1,0,0,0,0,0,0,0,0,0,0,0,0,1
4195,23,7583ae901af096b8,2.215883,19.576853,1,14132,1,1,0,0,1,0,0,0,0,0,0,0,0,1
4196,23,1d689fbb7a020596,1.66471,20.0,1,13912,1,1,0,0,1,0,0,0,0,0,0,0,0,1
4197,23,00fb3c28eb0a2bb7,1.250635,16.27614,0,13602,1,1,0,0,0,0,0,0,0,0,0,0,0,0
4198,23,5ed9e6b0a56757e2,1.983208,19.185344,1,14652,1,0,0,0,1,0,0,0,0,0,0,0,0,1
4199,23,2c08440b3516e038,1.491401,17.908154,1,13599,1,1,0,0,1,0,0,0,0,0,0,0,0,0
4200,23,4ba366230a4cdbb9,2.164087,16.932571,1,13721,1,0,0,0,0,0,0,0,0,0,0,0,0,1
