tick,episode,frame_sha16,turn,forward,attack,total_spikes,DNp20_R_10059,DNp20_L_10162,MN9_L_10331,DNa02_R_10360,DNpe017_L_10527,MDN_R_10763,DNp09_L_10783,DNp09_R_11177,MDN_L_11288,MDN_R_11332,MDN_L_12348,MN9_R_16949,DNa02_L_523769,DNpe017_R_555871
1,1,1fd48474a6be9a50,0.0,3.478845,1,13260,1,1,0,0,0,0,0,0,0,0,0,0,0,1
2,1,40ab05863d40ab6a,1.044151,6.096642,1,15465,1,0,0,0,1,0,0,0,0,0,0,0,0,0
3,1,9fa3e60e300cac94,0.784431,15.016713,1,13609,1,1,0,0,1,0,0,0,0,0,0,0,0,2
4,1,9522afc9eb92ebd2,0.589314,14.76034,1,14166,1,1,0,0,1,0,0,0,0,0,0,0,0,0
5,1,0fba0eaa5e567fe1,1.486383,14.567736,1,14006,1,0,0,0,0,0,0,0,0,0,0,0,0,1
6,1,8f9f8c22e25048df,1.117781,17.916148,1,14085,1,1,0,0,1,0,0,0,0,0,0,0,0,1
7,1,025aca0c2fc547cd,0.839747,16.938577,1,13760,1,1,0,0,1,0,0,0,0,0,0,0,0,0
8,1,ea7305c3d0c4eb0e,0.630871,19.683009,1,14256,1,1,0,0,1,0,0,0,0,0,0,0,0,1
9,1,b3bc2710b036c5b2,0.474424,18.282405,1,14095,1,1,0,0,0,0,0,0,0,0,0,0,0,1
10,1,3c254a4fca255c07,1.40007,17.213732,1,13855,1,0,0,0,1,0,0,0,0,0,0,0,0,0
11,1,7fb0256f65ce4ff6,1.05182,19.889722,1,14347,1,1,0,0,1,0,0,0,0,0,0,0,0,1
12,1,a69e89495c03d18a,0.790193,18.421249,1,13826,1,1,0,0,1,0,0,0,0,0,0,0,0,0
13,1,ba87dd4319678e85,1.638387,17.333544,1,13886,1,0,0,0,0,0,0,0,0,0,0,0,0,1
14,1,3e895dd2e76d3ae9,1.230859,16.500888,1,14029,1,1,0,0,1,0,0,0,0,0,0,0,0,0
15,1,5bfa9aaebee05047,0.924698,19.354189,1,13705,1,1,0,0,1,0,0,0,0,0,0,0,0,1
16,1,ca3938afd42b6b51,1.739537,14.554626,0,14091,1,0,0,0,0,0,0,0,0,0,0,0,0,0
17,1,3840b1179d01d5ca,1.306849,17.892036,1,13949,1,1,0,0,1,0,0,0,0,0,0,0,0,1
18,1,3ad00a257add4750,0.981787,20.0,1,14094,1,1,0,0,1,0,0,0,0,0,0,0,0,1
19,1,715e21df0f1ac6b8,2.824886,18.804081,1,13972,2,0,0,0,0,0,0,0,0,0,0,0,0,1
20,1,ab882b57d80326bc,2.124355,17.621439,1,14050,1,1,0,0,1,0,0,0,0,0,0,0,0,0
21,1,de121b1615b372cf,1.595948,20.0,1,13958,1,1,0,0,1,0,0,0,0,0,0,0,0,1
22,1,58b8431551715724,1.198976,20.0,1,14020,1,1,0,0,1,0,0,0,0,0,0,0,0,1
23,1,23e17bd6c1c20f85,1.945798,20.0,1,13928,1,0,0,0,0,0,0,0,0,0,0,0,0,1
24,1,c8292701595322e6,1.461805,18.596298,1,14121,1,1,0,0,1,0,0,0,0,0,0,0,0,0
25,1,10c80b0b9d50bf2d,1.0982,20.0,1,13883,1,1,0,0,1,0,0,0,0,0,0,0,0,1
26,1,f6d7570dbe7171fa,1.86869,20.0,1,13984,2,1,0,0,1,0,0,0,0,0,0,0,0,1
27,1,50afc0b225fbdddd,2.449432,17.05599,0,13927,1,0,0,0,0,0,0,0,0,0,0,0,0,0
28,1,77cb534e4dd68f47,1.840167,19.771217,1,14080,1,1,0,0,1,0,0,0,0,0,0,0,0,1
29,1,03a072c123c7f460,1.382448,20.0,1,14094,1,1,0,0,1,0,0,0,0,0,0,0,0,1
30,1,6bd0da24a434c222,1.039621,19.882734,1,13641,1,1,0,0,1,0,0,0,0,0,0,0,0,0
31,1,bf7b92ccf517e799,0.781028,20.0,1,14119,1,1,0,0,1,0,0,0,0,0,0,0,0,1
32,1,225eb469aa1369a9,1.630411,19.927622,1,13942,1,0,0,0,0,0,0,0,0,0,0,0,0,1
33,1,b8c60121563a9c42,2.26852,20.0,1,13938,2,1,0,0,1,0,0,0,0,0,0,0,0,1
34,1,31aaaeb37a782f1d,1.705959,19.971096,1,13723,1,1,0,0,1,0,0,0,0,0,0,0,0,0
35,1,f0b797cd11a373e7,1.281623,18.482383,1,14002,1,1,0,0,0,0,0,0,0,0,0,0,0,1
36,1,60516700b7299e83,2.006489,20.0,1,13964,1,0,0,0,1,0,0,0,0,0,0,0,0,1
37,1,1c33476371466532,1.508908,19.154594,1,13952,1,1,0,0,1,0,0,0,0,0,0,0,0,0
38,1,361947da6dbbefbb,1.133587,20.0,1,13821,1,1,0,0,1,0,0,0,0,0,0,0,0,1
39,1,990f149db1c50dec,2.938928,19.516663,1,13879,2,0,0,0,0,0,0,0,0,0,0,0,0,1
40,1,9b192c2e98f609fc,2.207907,18.140984,1,13990,1,1,0,0,1,0,0,0,0,0,0,0,0,0
41,1,0d1fbe390c17fd67,1.660377,17.12278,1,13825,1,1,0,0,0,0,0,0,0,0,0,0,0,1
42,1,b1b4c2576a151a4f,2.291033,16.342549,1,13918,1,0,0,0,1,0,0,0,0,0,0,0,0,0
43,1,106d83d369316aa0,1.721167,19.235235,1,13850,1,1,0,0,1,0,0,0,0,0,0,0,0,1
44,1,4898f70c9a98d612,1.294342,14.465171,0,13961,1,1,0,0,0,0,0,0,0,0,0,0,0,0
45,1,452f8e1e87f0875e,2.016044,17.824831,1,13841,1,0,0,0,1,0,0,0,0,0,0,0,0,1
46,1,2277fbe5ae611aef,1.514579,16.869974,1,13544,1,1,0,0,1,0,0,0,0,0,0,0,0,0
47,1,52125a7b9a3b7990,1.137846,16.152625,1,13748,1,1,0,0,0,0,0,0,0,0,0,0,0,1
48,1,e45468b66b74b11e,2.943978,19.108008,1,13974,2,0,0,0,1,0,0,0,0,0,0,0,0,1
49,1,f79c3d80fac8c9dd,2.2117,20.0,1,13786,1,1,0,0,1,0,0,0,0,0,0,0,0,1
50,1,bb7aaae7947f1061,1.661568,19.49037,1,13975,1,1,0,0,1,0,0,0,0,0,0,0,0,0
51,1,c559210bd8c97f4e,1.249523,20.0,1,13775,1,1,0,0,1,0,0,0,0,0,0,0,0,1
52,1,f46f96ec76fef93b,1.982373,19.71967,1,13807,1,0,0,0,0,0,0,0,0,0,0,0,0,1
53,1,0c6e1927f35030ce,1.489283,20.0,1,13982,1,1,0,0,1,0,0,0,0,0,0,0,0,1
54,1,f601939cce033512,1.118842,19.835589,1,13695,1,1,0,0,1,0,0,0,0,0,0,0,0,0
55,1,96d712509608c996,1.885536,18.397148,1,13882,1,0,0,0,0,0,0,0,0,0,0,0,0,1
56,1,e53c78c55c72c915,1.416533,17.299934,1,13893,1,1,0,0,1,0,0,0,0,0,0,0,0,0
57,1,51f93875e82b053a,1.064188,19.954483,1,13940,1,1,0,0,1,0,0,0,0,0,0,0,0,1
58,1,36ffb497f9699e6b,0.800285,15.006055,0,13896,1,1,0,0,0,0,0,0,0,0,0,0,0,0
59,1,181d769a80427f4a,1.644877,18.231177,1,13924,1,0,0,0,1,0,0,0,0,0,0,0,0,1
60,1,82fb85911a66d71c,2.279388,20.0,1,14406,2,1,0,0,1,0,0,0,0,0,0,0,0,1
61,1,32041dc431b3ca9f,1.712419,20.0,1,14606,1,1,0,0,1,0,0,0,0,0,0,0,0,1
62,1,f4fb88bd47b1b187,2.331914,20.0,1,14564,1,0,0,0,0,0,0,0,0,0,0,0,0,1
63,1,ad3fa2ad8e22e331,1.75188,18.79072,1,14885,1,1,0,0,1,0,0,0,0,0,0,0,0,0
64,1,d1ca3cd392f9e482,1.316122,20.0,1,14948,1,1,0,0,1,0,0,0,0,0,0,0,0,1
65,1,c31b7a4b424b0439,2.033893,20.0,1,14738,2,1,0,0,1,0,0,0,0,0,0,0,0,1
66,1,a24d6ca3a4fd378f,2.571641,20.0,1,14281,1,0,0,0,0,0,0,0,0,0,0,0,0,1
67,1,4b74f6af153300e9,1.931978,20.0,1,13836,1,1,0,0,1,0,0,0,0,0,0,0,0,1
68,1,0ee09fc1b94ee351,2.495076,20.0,1,14085,2,1,0,0,1,0,0,0,0,0,0,0,0,1
69,1,dfcab755663c03e1,1.876333,20.0,1,13748,1,1,0,0,1,0,0,0,0,0,0,0,0,0
70,1,c99a482f00b6d3de,1.409619,19.550705,1,14026,1,1,0,0,0,0,0,0,0,0,0,0,0,1
71,1,4344c9a0d0997c2f,2.102647,18.166559,1,13973,1,0,0,0,1,0,0,0,0,0,0,0,0,0
72,1,5a9a7eaa13a38b38,1.581221,20.0,1,13799,1,1,0,0,1,0,0,0,0,0,0,0,0,1
73,1,7eaa1850f625a2e4,1.187912,18.971769,1,14155,1,1,0,0,1,0,0,0,0,0,0,0,0,0
74,1,3322a72ff4df4e1e,1.936087,17.731625,1,14047,1,0,0,0,0,0,0,0,0,0,0,0,0,1
75,1,fde01c7eb5638371,2.498163,20.0,1,13995,2,1,0,0,1,0,0,0,0,0,0,0,0,1
76,1,ebef77076b91d5b1,1.878654,18.730445,1,15050,1,1,0,0,1,0,0,0,0,0,0,0,0,0
77,1,9af1e48b7025ec6c,1.411363,20.0,1,15091,1,1,0,0,1,0,0,0,0,0,0,0,0,1
78,1,f5cf98c4e29bd1e3,2.103957,19.277276,1,14921,1,0,0,0,0,0,0,0,0,0,0,0,0,1
79,1,e29f46dcf1d77066,2.626357,20.0,1,14668,2,1,0,0,1,0,0,0,0,0,0,0,0,1
80,1,fa97d79e8b91b987,1.973083,19.59928,1,16060,1,1,0,0,1,0,0,0,0,0,0,0,0,0
81,1,d56a897d813c3e5e,1.482304,20.0,1,15790,1,1,0,0,1,0,0,0,0,0,0,0,0,1
82,1,5f4ed41484135956,3.200906,19.767642,1,16003,2,0,0,0,0,0,0,0,0,0,0,0,0,1
83,1,03be8c32154a8e21,2.407127,20.0,1,15836,1,1,0,0,1,0,0,0,0,0,0,0,0,1
84,1,4e0e53389c88d797,1.808385,19.876317,1,16057,1,1,0,0,1,0,0,0,0,0,0,0,0,0
85,1,0fb88b37563528de,2.402225,18.411178,1,15984,1,0,0,0,0,0,0,0,0,0,0,0,0,1
86,1,4bdc99ca1c9cb87d,2.850658,20.0,1,15936,2,1,0,0,1,0,0,0,0,0,0,0,0,1
87,1,32575b010e551c19,2.141593,20.0,1,16218,1,1,0,0,1,0,0,0,0,0,0,0,0,1
88,1,f54c8099f3a30eed,3.696205,20.0,1,16443,2,0,0,0,0,0,0,0,0,0,0,0,0,1
89,1,1c0f3806ba804627,2.776821,18.841396,1,16378,1,1,0,0,1,0,0,0,0,0,0,0,0,0
90,1,8f4b64e84740d9fc,3.132359,17.6495,1,16712,1,0,0,0,0,0,0,0,0,0,0,0,0,1
91,1,65319b6a64bd34b5,3.396878,20.0,1,16884,2,1,0,0,1,0,0,0,0,0,0,0,0,1
92,1,c5cf5b264d00bea0,3.595601,18.667195,1,15106,1,0,0,0,0,0,0,0,0,0,0,0,0,1
93,1,94d0bd279089f216,2.703943,17.518498,1,13406,1,1,0,0,1,0,0,0,0,0,0,0,0,0
94,1,7908f233dc40486b,3.075025,20.0,1,13673,2,1,0,0,1,0,0,0,0,0,0,0,0,1
95,1,f8bd787221b54927,3.353804,18.593258,1,13516,1,0,0,0,0,0,0,0,0,0,0,0,0,1
96,1,e84b76f364cdac00,2.519588,20.0,1,13697,1,1,0,0,1,0,0,0,0,0,0,0,0,1
97,1,7a856ae061aa2f80,1.894766,19.217234,1,13490,1,1,0,0,1,0,0,0,0,0,0,0,0,0
98,1,3909d9123f1bddb5,2.46712,17.916034,1,13651,1,0,0,0,0,0,0,0,0,0,0,0,0,1
99,1,3ff5ed14aa8bba08,1.853455,16.938491,1,13508,1,1,0,0,1,0,0,0,0,0,0,0,0,0
100,1,7508c7b48e4fea1c,1.393825,19.69899,1,13730,1,1,0,0,1,0,0,0,0,0,0,0,0,1
101,1,5023eab515b01e4d,2.090782,18.277959,1,13586,1,0,0,0,0,0,0,0,0,0,0,0,0,1
102,1,9ab548dcb5a79b50,1.570726,17.210392,1,13652,1,1,0,0,1,0,0,0,0,0,0,0,0,0
103,1,0ee9bcea5e9f134d,1.180028,19.887213,1,13836,1,1,0,0,1,0,0,0,0,0,0,0,0,1
104,1,521411bd8b7bfa25,1.931548,14.955468,0,13527,1,0,0,0,0,0,0,0,0,0,0,0,0,0
105,1,65d82614576038b5,1.4511,18.193173,1,13769,1,1,0,0,1,0,0,0,0,0,0,0,0,1
106,1,ccff489b4fdad662,1.090157,17.146695,1,13829,1,1,0,0,1,0,0,0,0,0,0,0,0,0
107,1,2b7b497de428475e,0.819814,19.855563,1,13650,1,1,0,0,1,0,0,0,0,0,0,0,0,1
108,1,9bbb392ef255cae8,1.659549,20.0,1,13894,2,1,0,0,1,0,0,0,0,0,0,0,0,1
109,1,98ee857f2e8c6606,2.29041,19.912287,1,13651,1,0,0,0,0,0,0,0,0,0,0,0,0,1
110,1,b89012b88de719f4,1.7207,18.438201,1,14834,1,1,0,0,1,0,0,0,0,0,0,0,0,0
111,1,5ceaaa34d29553dc,1.293991,20.0,1,14450,1,1,0,0,1,0,0,0,0,0,0,0,0,1
112,1,5e2ee89430a91842,2.01578,20.0,1,14361,2,1,0,0,1,0,0,0,0,0,0,0,0,1
113,1,cd7b9c143d30c724,1.51438,16.981601,0,14333,1,1,0,0,0,0,0,0,0,0,0,0,0,0
114,1,57a5ab57a89dd415,2.182986,19.731409,1,15009,1,0,0,0,1,0,0,0,0,0,0,0,0,1
115,1,f1cfb9d30fb10986,1.639996,20.0,1,14953,1,1,0,0,1,0,0,0,0,0,0,0,0,1
116,1,dd65d5170653d39c,1.232068,19.842215,1,14649,1,1,0,0,1,0,0,0,0,0,0,0,0,0
117,1,0329d4b49f7914b6,0.925606,20.0,1,14434,1,1,0,0,1,0,0,0,0,0,0,0,0,1
118,1,d04225684c2aa6fe,1.74022,19.922845,1,14049,1,0,0,0,0,0,0,0,0,0,0,0,0,1
119,1,0c536a0e60126b4a,1.307362,18.446133,1,14030,1,1,0,0,1,0,0,0,0,0,0,0,0,0
120,1,dedb9731113d1381,0.982172,20.0,1,14246,1,1,0,0,1,0,0,0,0,0,0,0,0,1
121,1,5aa052aa05f402aa,1.782758,20.0,1,13654,2,1,0,0,1,0,0,0,0,0,0,0,0,1
122,1,16f23dfb3d2d2d0d,1.339319,20.0,1,13863,1,1,0,0,1,0,0,0,0,0,0,0,0,1
123,1,830d1a725ab1d35f,1.006181,20.0,1,13621,1,1,0,0,1,0,0,0,0,0,0,0,0,0
124,1,69e831f5a1535463,0.755906,19.608065,1,13673,1,1,0,0,0,0,0,0,0,0,0,0,0,1
125,1,12282d18c5fe9673,1.612603,18.226046,1,13423,1,0,0,0,1,0,0,0,0,0,0,0,0,0
126,1,9e9efb31d29a2260,1.211488,20.0,1,13727,1,1,0,0,1,0,0,0,0,0,0,0,0,1
127,1,271cefd08df5696e,1.953799,18.992595,1,13640,1,0,0,0,0,0,0,0,0,0,0,0,0,1
128,1,56bc30f0640886bf,1.469285,17.763204,1,13569,1,1,0,0,1,0,0,0,0,0,0,0,0,0
129,1,06e6e9c245464a29,2.147472,16.823676,1,13494,1,0,0,0,0,0,0,0,0,0,0,0,0,1
130,1,5fe1690b242fcc34,1.613315,16.117843,1,13857,1,1,0,0,1,0,0,0,0,0,0,0,0,0
131,1,033fa9ae5ead6635,3.29933,15.587577,1,13759,2,0,0,0,0,0,0,0,0,0,0,0,0,1
132,1,8ec59a9b2e7b8c82,2.481143,18.683084,1,13591,1,1,0,0,1,0,0,0,0,0,0,0,0,1
133,1,00a4fa45c97dfdbc,2.907644,14.035902,0,13635,1,0,0,0,0,0,0,0,0,0,0,0,0,0
134,1,a0fa188d3f8bd74b,2.184404,17.502338,1,13771,1,1,0,0,1,0,0,0,0,0,0,0,0,1
135,1,156d87e6950eabe6,1.642703,16.642509,1,13730,1,1,0,0,1,0,0,0,0,0,0,0,0,0
136,1,ced3437f0c05577a,2.277755,15.98174,1,13521,1,0,0,0,0,0,0,0,0,0,0,0,0,1
137,1,940529e694510042,1.711192,15.485328,1,13443,1,1,0,0,1,0,0,0,0,0,0,0,0,0
138,1,d45ff9fa2e2e6f26,1.285555,18.591237,1,13851,1,1,0,0,1,0,0,0,0,0,0,0,0,1
139,1,8aaaed740d6a833d,0.966755,17.461377,1,13759,1,1,0,0,0,0,0,0,0,0,0,0,0,1
140,1,f70be45230f16a2f,1.76994,16.596924,1,13823,1,0,0,0,1,0,0,0,0,0,0,0,0,0
141,1,5392c98902cceb52,2.373343,19.426338,1,13736,2,1,0,0,1,0,0,0,0,0,0,0,0,1
142,1,60e7391ffdcff6d0,1.784788,20.0,1,13823,1,1,0,0,1,0,0,0,0,0,0,0,0,1
143,1,9c84e6eb484c8051,2.384498,19.683494,1,13985,1,0,0,0,0,0,0,0,0,0,0,0,0,1
144,1,603c73125bd2cdb4,1.791384,20.0,1,14018,1,1,0,0,1,0,0,0,0,0,0,0,0,1
145,1,7f88302449b1d236,1.3458,19.815172,1,13820,1,1,0,0,1,0,0,0,0,0,0,0,0,0
146,1,067916e12c208227,2.056211,18.381793,1,13914,1,0,0,0,0,0,0,0,0,0,0,0,0,1
147,1,ba599f87120be3d9,2.588408,20.0,1,14077,2,1,0,0,1,0,0,0,0,0,0,0,0,1
148,1,53ae887cf4bb36b0,1.944574,19.080498,1,13823,1,1,0,0,1,0,0,0,0,0,0,0,0,0
149,1,4a0443d39415435f,1.462347,20.0,1,14032,1,1,0,0,1,0,0,0,0,0,0,0,0,1
150,1,47308944290999c4,2.14226,19.488108,1,14129,1,0,0,0,0,0,0,0,0,0,0,0,0,1
151,1,e10c3bf6fcd55eab,2.653053,20.0,1,14311,2,1,0,0,1,0,0,0,0,0,0,0,0,1
152,1,6701d078e97e70c3,0.949487,19.704897,1,14273,0,1,0,0,1,0,0,0,0,0,0,0,0,0
153,1,5140bb0287947c65,1.758178,20.0,1,14154,2,1,0,0,1,0,0,0,0,0,0,0,0,1
154,1,f8010c030c5157c0,1.320853,16.362024,0,14190,1,1,0,0,0,0,0,0,0,0,0,0,0,0
155,1,6d19927de053fd6b,2.035961,19.249866,1,13984,1,0,0,0,1,0,0,0,0,0,0,0,0,1
156,1,96fa3cdc89db5775,1.531072,20.0,1,13888,1,1,0,0,1,0,0,0,0,0,0,0,0,1
157,1,e6e131b6f53bae8d,2.19389,20.0,1,13994,2,1,0,0,1,0,0,0,0,0,0,0,0,1
158,1,07c20f11b8dd699b,1.648188,20.0,1,13655,1,1,0,0,1,0,0,0,0,0,0,0,0,0
159,1,1c5a5de17eb67596,2.281875,19.10882,1,13839,1,0,0,0,0,0,0,0,0,0,0,0,0,1
160,1,7fd07ae6903ee3df,1.716003,17.850607,1,13708,1,1,0,0,1,0,0,0,0,0,0,0,0,0
161,1,f11a7f184d595493,1.289169,20.0,1,13952,1,1,0,0,1,0,0,0,0,0,0,0,0,1
162,1,428e7d2ddee40360,2.012158,18.780699,1,13998,1,0,0,0,0,0,0,0,0,0,0,0,0,1
163,1,b5d351b374f0a5f6,1.513171,17.603855,1,14110,1,1,0,0,1,0,0,0,0,0,0,0,0,0
164,1,4075ae19fd7d3964,2.180442,20.0,1,14521,2,1,0,0,1,0,0,0,0,0,0,0,0,1
165,1,f4fd4e3adc14fec0,2.681738,18.641433,1,14519,1,0,0,0,0,0,0,0,0,0,0,0,0,1
166,1,819e2fdbd2b7e06e,2.01469,17.483456,1,14319,1,1,0,0,1,0,0,0,0,0,0,0,0,0
167,1,e3d024bbbdf49fc9,1.515075,20.0,1,14532,1,1,0,0,1,0,0,0,0,0,0,0,0,1
168,1,05ab97cf653734b6,2.181873,15.106998,0,14639,1,0,0,0,0,0,0,0,0,0,0,0,0,0
169,1,633bad686de7f5a9,1.639159,18.307012,1,14735,1,1,0,0,1,0,0,0,0,0,0,0,0,1
170,1,b80fbd8688e06e3c,1.232671,17.247636,1,14709,1,1,0,0,1,0,0,0,0,0,0,0,0,0
171,1,0e44186b7ded2dea,3.013367,16.436349,1,14700,2,0,0,0,0,0,0,0,0,0,0,0,0,1
172,1,4cefd53803ee26e8,2.26383,19.305703,1,15019,1,1,0,0,1,0,0,0,0,0,0,0,0,1
173,1,8ff1816f8a92c8c2,1.700731,17.982498,1,14881,1,1,0,0,1,0,0,0,0,0,0,0,0,0
174,1,d9fe61bdc7705b9b,1.278974,17.003596,1,15044,1,1,0,0,0,0,0,0,0,0,0,0,0,1
175,1,3ef69c0775c1ae02,2.004498,19.731855,1,14967,1,0,0,0,1,0,0,0,0,0,0,0,0,1
176,1,a28287924f073d4e,2.549558,20.0,1,15345,2,1,0,0,1,0,0,0,0,0,0,0,0,1
177,1,ff7ebf2f26363417,1.917304,19.860496,1,15030,1,1,0,0,1,0,0,0,0,0,0,0,0,0
178,1,3a3c858dcbbd7015,2.484052,18.399293,1,15343,1,0,0,0,0,0,0,0,0,0,0,0,0,1
179,1,ae83eb6ee8206a41,1.866176,20.0,1,15322,1,1,0,0,1,0,0,0,0,0,0,0,0,1
180,1,7612d66fbabbdbad,2.445641,19.090375,1,15248,2,1,0,0,0,0,0,0,0,0,0,0,0,1
181,1,04ca27241a1674bd,2.883308,17.836735,1,15273,1,0,0,0,1,0,0,0,0,0,0,0,0,0
182,1,2034293519ed251c,2.166121,20.0,1,15105,1,1,0,0,1,0,0,0,0,0,0,0,0,1
183,2,1fd48474a6be9a50,1.627326,20.0,1,14016,1,1,0,0,1,0,0,0,0,0,0,0,0,1
184,2,40ab05863d40ab6a,1.223772,16.733606,0,14017,1,1,0,0,0,0,0,0,0,0,0,0,0,0
185,2,9fa3e60e300cac94,1.963028,19.529022,1,14332,1,0,0,0,1,0,0,0,0,0,0,0,0,1
186,2,9522afc9eb92ebd2,1.474749,18.150269,1,14095,1,1,0,0,1,0,0,0,0,0,0,0,0,0
187,2,0fba0eaa5e567fe1,1.107924,20.0,1,14124,1,1,0,0,1,0,0,0,0,0,0,0,0,1
188,2,8f9f8c22e25048df,1.877325,18.966962,1,13928,1,0,0,0,0,0,0,0,0,0,0,0,0,1
189,2,025aca0c2fc547cd,1.410364,17.728014,1,13959,1,1,0,0,1,0,0,0,0,0,0,0,0,0
190,2,ea7305c3d0c4eb0e,1.059554,20.0,1,13930,1,1,0,0,1,0,0,0,0,0,0,0,0,1
191,2,b3bc2710b036c5b2,1.84095,18.728405,1,13867,1,0,0,0,0,0,0,0,0,0,0,0,0,1
192,2,3c254a4fca255c07,1.383037,17.548795,1,14048,1,1,0,0,1,0,0,0,0,0,0,0,0,0
193,2,7fb0256f65ce4ff6,1.039024,20.0,1,14078,1,1,0,0,1,0,0,0,0,0,0,0,0,1
194,2,a69e89495c03d18a,0.78058,15.131513,0,13991,1,1,0,0,0,0,0,0,0,0,0,0,0,0
195,2,ba87dd4319678e85,1.631158,18.340117,1,13980,1,0,0,0,1,0,0,0,0,0,0,0,0,1
196,2,3e895dd2e76d3ae9,1.225428,17.257089,1,13894,1,1,0,0,1,0,0,0,0,0,0,0,0,0
197,2,5bfa9aaebee05047,0.920618,19.922295,1,14013,1,1,0,0,1,0,0,0,0,0,0,0,0,1
198,2,ca3938afd42b6b51,1.736468,14.98185,0,13923,1,0,0,0,0,0,0,0,0,0,0,0,0,0
199,2,3840b1179d01d5ca,2.348197,18.212993,1,13941,2,1,0,0,1,0,0,0,0,0,0,0,0,1
200,2,3ad00a257add4750,1.764113,17.161585,1,14149,1,1,0,0,0,0,0,0,0,0,0,0,0,1
201,2,715e21df0f1ac6b8,2.368965,19.850546,1,13933,1,0,0,0,1,0,0,0,0,0,0,0,0,1
202,2,ab882b57d80326bc,1.781496,18.408395,1,13984,1,1,0,0,1,0,0,0,0,0,0,0,0,0
203,2,de121b1615b372cf,1.338371,20.0,1,14035,1,1,0,0,1,0,0,0,0,0,0,0,0,1
204,2,0469b68beb7ba893,1.005468,19.095512,1,13976,1,1,0,0,1,0,0,0,0,0,0,0,0,0
205,2,77ed09b9b5fdd2d5,1.800277,17.840599,1,14023,1,0,0,0,0,0,0,0,0,0,0,0,0,1
206,2,f528f75252723e1c,1.352481,20.0,1,14077,1,1,0,0,1,0,0,0,0,0,0,0,0,1
207,2,c2f4dc060312be30,2.059722,20.0,1,13832,2,1,0,0,1,0,0,0,0,0,0,0,0,1
208,2,f6d7570dbe7171fa,1.547392,20.0,1,14150,1,1,0,0,1,0,0,0,0,0,0,0,0,0
209,2,50afc0b225fbdddd,2.207811,18.669207,1,13879,1,0,0,0,0,0,0,0,0,0,0,0,0,1
210,2,77cb534e4dd68f47,1.658646,17.504322,1,13827,1,1,0,0,1,0,0,0,0,0,0,0,0,0
211,2,03a072c123c7f460,1.246079,20.0,1,14048,1,1,0,0,1,0,0,0,0,0,0,0,0,1
212,2,40a0b4653c2b8b16,0.937069,20.0,1,13998,1,1,0,0,1,0,0,0,0,0,0,0,0,1
213,2,8ced9c6091029967,1.747638,20.0,1,13904,1,0,0,0,0,0,0,0,0,0,0,0,0,1
214,2,f446b42f744adfb3,2.356589,18.555651,1,14086,2,1,0,0,1,0,0,0,0,0,0,0,0,0
215,2,ffdd19bd8ebe00f5,1.770417,20.0,1,13852,1,1,0,0,1,0,0,0,0,0,0,0,0,1
216,2,b9666f9e7129180f,2.375529,19.195987,1,13812,1,0,0,0,0,0,0,0,0,0,0,0,0,1
217,2,826bb28746b5aff3,1.784646,20.0,1,13932,1,1,0,0,1,0,0,0,0,0,0,0,0,1
218,2,3c2e28f559cf9803,2.384391,20.0,1,13816,2,1,0,0,1,0,0,0,0,0,0,0,0,1
219,2,f896a9eeacd54b0b,2.837247,17.310518,0,13960,1,0,0,0,0,0,0,0,0,0,0,0,0,0
220,2,7e91fafbe2aeffcf,2.131518,19.962434,1,13785,1,1,0,0,1,0,0,0,0,0,0,0,0,1
221,2,23f5c9c20ef02c3c,2.644983,14.997031,0,13961,1,0,0,0,0,0,0,0,0,0,0,0,0,0
222,2,9d0a03a46f7fd20e,1.987077,18.224398,1,13983,1,1,0,0,1,0,0,0,0,0,0,0,0,1
223,2,5056e413ae2ebdf0,1.49431,20.0,1,13937,1,1,0,0,1,0,0,0,0,0,0,0,0,1
224,2,b775466fa0289f2b,2.166273,15.525601,0,13869,1,0,0,0,0,0,0,0,0,0,0,0,0,0
225,2,6f4f567e5c6b8e3b,1.62744,18.621493,1,14011,1,1,0,0,1,0,0,0,0,0,0,0,0,1
226,2,16b00bbf7832de8e,2.268008,20.0,1,13786,2,1,0,0,1,0,0,0,0,0,0,0,0,1
227,2,eeaf163d875ae366,2.747523,15.749944,0,13842,1,0,0,0,0,0,0,0,0,0,0,0,0,0
228,2,5bfc1ccc40285748,2.064111,18.790033,1,13754,1,1,0,0,1,0,0,0,0,0,0,0,0,1
229,2,80df90f9e2b88b1a,1.55069,20.0,1,13747,1,1,0,0,1,0,0,0,0,0,0,0,0,1
230,2,0d5de1f2b9e4d1d0,2.210291,15.847902,0,13966,1,0,0,0,0,0,0,0,0,0,0,0,0,0
231,2,0e8463cb0cb91196,1.660509,18.863625,1,13855,1,1,0,0,1,0,0,0,0,0,0,0,0,1
232,2,175b64759bdce0b6,1.247479,17.650381,1,14025,1,1,0,0,1,0,0,0,0,0,0,0,0,0
233,2,85a86af45c9b4375,1.982272,16.75384,1,13586,1,0,0,0,0,0,0,0,0,0,0,0,0,1
234,2,6a8f80fa2f22e0af,1.489207,16.065378,1,14030,1,1,0,0,1,0,0,0,0,0,0,0,0,0
235,2,2d0439d833f0e29e,1.118786,19.027007,1,13705,1,1,0,0,1,0,0,0,0,0,0,0,0,1
236,2,0602be642191006c,1.884155,14.294279,0,13939,1,0,0,0,0,0,0,0,0,0,0,0,0,0
237,2,3f5bb5e574555075,1.416911,17.710505,1,13819,1,1,0,0,1,0,0,0,0,0,0,0,0,1
238,2,12459c354315abb2,2.108126,13.30524,0,13925,1,0,0,0,0,0,0,0,0,0,0,0,0,0
239,2,de98a0ac159e8a74,1.583756,16.953419,1,13894,1,1,0,0,1,0,0,0,0,0,0,0,0,1
240,2,8c45f5968a923555,1.191007,16.229714,1,13855,1,1,0,0,1,0,0,0,0,0,0,0,0,0
241,2,483fa49b5415d5fa,1.938413,15.671622,1,13800,2,1,0,0,0,0,0,0,0,0,0,0,0,1
242,2,a55314afcfa1a8aa,1.456257,15.252348,1,14024,0,0,0,0,1,0,0,0,0,0,0,0,0,0
243,2,06590d45f29c9f76,2.137685,18.416208,1,14499,2,1,0,0,1,0,0,0,0,0,0,0,0,1
244,2,f0e5118acbeae710,1.607569,17.329753,1,14430,1,1,0,0,0,0,0,0,0,0,0,0,0,1
245,2,b6a9a1521ce3aa15,2.25136,19.976884,1,14257,1,0,0,0,1,0,0,0,0,0,0,0,0,1
246,2,656339229a691793,1.691363,18.486731,1,14536,1,1,0,0,1,0,0,0,0,0,0,0,0,0
247,2,ce68d925c559c11d,1.271929,20.0,1,14354,1,1,0,0,1,0,0,0,0,0,0,0,0,1
248,2,7ddca5230ee5956b,1.999206,20.0,1,14900,2,1,0,0,1,0,0,0,0,0,0,0,0,1
249,2,8efdc1bc94547e0b,2.545582,20.0,1,15138,1,0,0,0,0,0,0,0,0,0,0,0,0,1
250,2,c329d1816147c96e,1.912401,20.0,1,14989,1,1,0,0,1,0,0,0,0,0,0,0,0,1
251,2,1bbe3370f9c10d36,2.482303,20.0,1,14862,2,1,0,0,1,0,0,0,0,0,0,0,0,1
252,2,9d9f1106563abd3f,1.864861,20.0,1,14699,1,1,0,0,1,0,0,0,0,0,0,0,0,0
253,2,1ca3b469c31d03ec,2.444654,19.504811,1,14912,1,0,0,0,0,0,0,0,0,0,0,0,0,1
254,2,e89886a38d2bdc91,1.838415,20.0,1,15069,1,1,0,0,1,0,0,0,0,0,0,0,0,1
255,2,c47e4e160cdbc4a3,2.424786,20.0,1,15347,2,1,0,0,1,0,0,0,0,0,0,0,0,1
256,2,9f8b0c4e2ca102a8,1.821651,20.0,1,15375,1,1,0,0,0,0,0,0,0,0,0,0,0,1
257,2,edc0c59c1aa2f9a3,2.412191,20.0,1,15365,1,0,0,0,1,0,0,0,0,0,0,0,0,1
258,2,6da6f27952009c0f,2.858153,20.0,1,15560,2,1,0,0,1,0,0,0,0,0,0,0,0,1
259,2,b6def8a1ec0d8d44,2.147223,20.0,1,15635,1,1,0,0,1,0,0,0,0,0,0,0,0,1
260,2,9c4e3e4a0f9d260e,2.656782,18.777275,0,14384,1,0,0,0,0,0,0,0,0,0,0,0,0,0
261,2,b646abf131c248e9,3.042088,20.0,1,13956,2,1,0,0,1,0,0,0,0,0,0,0,0,1
262,2,edc2a94d01979baa,2.285407,20.0,1,13907,1,1,0,0,1,0,0,0,0,0,0,0,0,1
263,2,4fff0a35dac68ee5,2.760594,17.125515,0,13871,1,0,0,0,0,0,0,0,0,0,0,0,0,0
264,2,40c1de61cc6786fb,3.117585,19.823448,1,13945,2,1,0,0,1,0,0,0,0,0,0,0,0,1
265,2,8772482d47a629a7,2.344468,20.0,1,13899,1,1,0,0,1,0,0,0,0,0,0,0,0,1
266,2,a891da78036d556b,2.804965,19.907845,1,14074,1,0,0,0,0,0,0,0,0,0,0,0,0,1
267,2,d7b9356769a8b469,2.107265,18.434864,1,13873,1,1,0,0,1,0,0,0,0,0,0,0,0,0
268,2,9a0c08d6e5882d69,1.584693,20.0,1,13849,1,1,0,0,1,0,0,0,0,0,0,0,0,1
269,2,41f3f73ab369b438,2.234174,19.123351,1,13920,1,0,0,0,0,0,0,0,0,0,0,0,0,1
270,2,b7d015f73489e61d,1.678452,14.366659,0,13845,1,1,0,0,0,0,0,0,0,0,0,0,0,0
271,2,e9bbb99903b90646,2.304611,17.750823,1,13841,1,0,0,0,1,0,0,0,0,0,0,0,0,1
272,2,8f87332b4944710c,1.733101,16.829373,1,13770,1,1,0,0,1,0,0,0,0,0,0,0,0,0
273,2,b80a8ec971c0423e,2.345667,16.122124,1,13885,1,0,0,0,0,0,0,0,0,0,0,0,0,1
274,2,07d54cc15efdf277,1.762212,15.590793,1,13882,1,1,0,0,1,0,0,0,0,0,0,0,0,0
275,2,3008573ea5c4b4b5,2.369359,15.205,1,13568,1,0,0,0,0,0,0,0,0,0,0,0,0,1
276,2,0ae03c4a822fa1b3,1.780011,14.901793,1,13559,1,1,0,0,1,0,0,0,0,0,0,0,0,0
277,2,e660ac00dda02b93,1.337256,18.152849,1,13736,1,1,0,0,1,0,0,0,0,0,0,0,0,1
278,2,6043d44bd3dd9e58,3.091937,17.116401,1,13723,2,0,0,0,0,0,0,0,0,0,0,0,0,1
279,2,6b2926342cf6408a,2.325181,19.832781,1,13656,1,1,0,0,1,0,0,0,0,0,0,0,0,1
280,2,fc3c04df11702135,1.746821,18.378472,1,13612,1,1,0,0,1,0,0,0,0,0,0,0,0,0
281,2,401e98fe052b630f,1.312322,20.0,1,13644,1,1,0,0,1,0,0,0,0,0,0,0,0,1
282,2,ef15e6a27c3f9a37,0.986884,15.615386,0,13745,0,0,0,0,0,0,0,0,0,0,0,0,0,0
283,2,fc4cffd6dfb24c5f,0.741409,18.688945,1,13682,1,1,0,0,1,0,0,0,0,0,0,0,0,1
284,2,ca484160f260b4a7,0.556993,17.51915,1,13857,1,1,0,0,1,0,0,0,0,0,0,0,0,0
285,2,1c9f8b38ffd02d4a,0.418448,20.0,1,14855,1,1,0,0,1,0,0,0,0,0,0,0,0,1
286,2,20d4f857d1f2b09e,1.358829,15.129904,0,14886,1,0,0,0,0,0,0,0,0,0,0,0,0,0
287,2,8e7c15a84f442943,2.064491,18.32422,1,16100,2,1,0,0,1,0,0,0,0,0,0,0,0,1
288,2,d2b1813ff9c91abe,1.550975,20.0,1,16092,1,1,0,0,1,0,0,0,0,0,0,0,0,1
289,2,ba5def7eed82ee5a,1.166355,19.065238,1,15913,1,1,0,0,1,0,0,0,0,0,0,0,0,0
290,2,d41739ea48b5ea24,0.876239,20.0,1,15689,1,1,0,0,1,0,0,0,0,0,0,0,0,1
291,2,d2a71c2004289a8e,0.658286,19.466231,1,15659,1,1,0,0,1,0,0,0,0,0,0,0,0,0
292,2,3d5ffc186f89d680,0.494545,20.0,1,15516,1,1,0,0,1,0,0,0,0,0,0,0,0,1
293,2,4170db11f7170704,0.371905,20.0,1,15757,1,1,0,0,1,0,0,0,0,0,0,0,0,1
294,2,f4a98408af53b143,0.279398,20.0,1,15742,1,1,0,0,1,0,0,0,0,0,0,0,0,0
295,2,4071a90274345d01,0.209902,19.181228,1,15833,1,1,0,0,0,0,0,0,0,0,0,0,0,1
296,2,4d3754af43cfce27,1.202,20.0,1,15467,1,0,0,0,1,0,0,0,0,0,0,0,0,1
297,2,0a24ab9bea2365b0,1.946671,19.545016,1,15669,2,1,0,0,1,0,0,0,0,0,0,0,0,0
298,2,bc1ccfd4d429b06c,1.462461,20.0,1,15760,1,1,0,0,1,0,0,0,0,0,0,0,0,1
299,2,f3c2d6cfaa0d6262,1.098692,20.0,1,14378,1,1,0,0,1,0,0,0,0,0,0,0,0,1
300,2,36df5400b59fe3b3,0.826232,20.0,1,13753,1,1,0,0,1,0,0,0,0,0,0,0,0,0
301,2,fe72658b55635d9c,2.708024,19.209652,1,13794,2,0,0,0,0,0,0,0,0,0,0,0,0,1
302,2,94513545bac0d0d2,2.034437,20.0,1,13883,1,1,0,0,1,0,0,0,0,0,0,0,0,1
303,2,85d890aab9bda93a,1.529926,20.0,1,13826,1,1,0,0,1,0,0,0,0,0,0,0,0,1
304,2,82ca03eaf7d44084,2.193029,17.313578,0,13619,1,0,0,0,0,0,0,0,0,0,0,0,0,0
305,2,1a70bc421f023326,1.647541,19.964733,1,13780,1,1,0,0,1,0,0,0,0,0,0,0,0,1
306,2,b5574f97ed3be0b2,2.281389,20.0,1,13887,2,1,0,0,1,0,0,0,0,0,0,0,0,1
307,2,6f28916ad6a2e282,2.759788,16.511561,0,13596,1,0,0,0,0,0,0,0,0,0,0,0,0,0
308,2,54611901b0dbd38e,2.073325,19.362208,1,13660,1,1,0,0,1,0,0,0,0,0,0,0,0,1
309,2,0cdb30bfbf11d050,1.557612,20.0,1,13730,1,1,0,0,1,0,0,0,0,0,0,0,0,1
310,2,f9282a8e617e358c,2.215497,19.65166,1,13705,1,0,0,0,0,0,0,0,0,0,0,0,0,1
311,2,24fc89d2017d0eeb,1.66442,18.242402,1,13890,1,1,0,0,1,0,0,0,0,0,0,0,0,0
312,2,a435011ea47365e1,1.250416,20.0,1,13816,1,1,0,0,1,0,0,0,0,0,0,0,0,1
313,2,fde083dfbb50b2c2,3.026698,19.001826,1,13800,2,0,0,0,0,0,0,0,0,0,0,0,0,1
314,2,9ef0a2e3e535f43a,2.27612,20.0,1,13704,1,1,0,0,1,0,0,0,0,0,0,0,0,1
315,2,d75fd1daf7206da2,1.709964,15.964817,0,13659,0,0,0,0,0,0,0,0,0,0,0,0,0,0
316,2,1b6781d8d19afb8c,1.284632,15.472615,1,14005,1,1,0,0,1,0,0,0,0,0,0,0,0,0
317,2,03f23231bac2de2e,3.054363,15.116128,1,13657,2,0,0,0,0,0,0,0,0,0,0,0,0,1
318,2,a04a0096195e0ee6,2.294628,18.313871,1,13576,1,1,0,0,1,0,0,0,0,0,0,0,0,1
319,2,aa8f6f27aec9cb16,2.767522,13.758527,0,13505,1,0,0,0,0,0,0,0,0,0,0,0,0,0
320,2,32c35bc985f2e5f4,2.079136,17.293956,1,13754,1,1,0,0,1,0,0,0,0,0,0,0,0,1
321,2,d5af898d9753c7db,1.56354,16.485803,1,13767,1,1,0,0,1,0,0,0,0,0,0,0,0,0
322,2,a74c85732a790463,2.218282,15.864012,1,13934,1,0,0,0,0,0,0,0,0,0,0,0,0,1
323,2,2c70014d86ee6d24,1.666513,18.875728,1,14368,1,1,0,0,1,0,0,0,0,0,0,0,0,1
324,2,8825725618b76839,1.253241,20.0,1,14386,1,1,0,0,1,0,0,0,0,0,0,0,0,1
325,2,b261566d9f67128a,3.02882,15.893577,0,14578,2,0,0,0,0,0,0,0,0,0,0,0,0,0
326,2,89676337f17bea91,2.275439,18.897939,1,14470,1,1,0,0,1,0,0,0,0,0,0,0,0,1
327,2,e72234664e17d016,1.709452,20.0,1,14516,1,1,0,0,1,0,0,0,0,0,0,0,0,1
328,2,b95c38ba3c2bc440,1.285533,19.389366,1,15921,1,1,0,0,1,0,0,0,0,0,0,0,0,0
329,2,7bba1d4ee3315212,2.009426,18.045351,1,16095,1,0,0,0,0,0,0,0,0,0,0,0,0,1
330,2,9149565d7f2d168a,2.55326,20.0,1,16321,2,1,0,0,1,0,0,0,0,0,0,0,0,1
331,2,50056d48f947193d,1.920088,20.0,1,16551,1,1,0,0,1,0,0,0,0,0,0,0,0,1
332,2,4e69ed73d0be235a,1.44249,20.0,1,16771,1,1,0,0,1,0,0,0,0,0,0,0,0,0
333,2,1b387e93a7c7282d,1.083689,18.728164,1,16728,1,1,0,0,0,0,0,0,0,0,0,0,0,1
334,2,4300e853b896942b,2.901442,20.0,1,17122,2,0,0,0,1,0,0,0,0,0,0,0,0,1
335,2,87a82776090d233c,2.181926,20.0,1,17087,1,1,0,0,1,0,0,0,0,0,0,0,0,1
336,2,3d4f805759aec2ca,2.682852,20.0,1,17335,2,1,0,0,1,0,0,0,0,0,0,0,0,1
337,2,0f1b847a92e8823f,2.015527,20.0,1,17199,1,1,0,0,0,0,0,0,0,0,0,0,0,1
338,2,b35db46b07ee62e6,2.559855,20.0,1,17315,1,0,0,0,1,0,0,0,0,0,0,0,0,1
339,2,c595529572b23034,1.923124,20.0,1,17365,1,1,0,0,1,0,0,0,0,0,0,0,0,1
340,2,35fb8bc755cd0fa8,2.488424,20.0,1,15099,2,1,0,0,1,0,0,0,0,0,0,0,0,0
341,2,cc5d6362170062f1,2.913113,19.845245,1,13835,1,0,0,0,0,0,0,0,0,0,0,0,0,1
342,2,5e350b454696ff15,2.190703,20.0,1,14096,1,1,0,0,1,0,0,0,0,0,0,0,0,1
343,2,a22cf4d4744d8748,1.645793,20.0,1,14162,1,1,0,0,1,0,0,0,0,0,0,0,0,1
344,2,30fc5bbe907b8d79,1.236423,17.578797,0,14208,1,1,0,0,0,0,0,0,0,0,0,0,0,0
345,2,507165c019b9ca87,3.018109,20.0,1,14201,2,0,0,0,1,0,0,0,0,0,0,0,0,1
346,2,22e65ecac45634cb,2.267392,20.0,1,14260,1,1,0,0,1,0,0,0,0,0,0,0,0,1
347,2,2419c3c07410f41f,1.703407,20.0,1,14290,1,1,0,0,0,0,0,0,0,0,0,0,0,1
348,2,cb83a857132ab038,2.323359,20.0,1,14559,1,0,0,0,1,0,0,0,0,0,0,0,0,1
349,2,97985e8724102839,1.747199,20.0,1,14144,1,1,0,0,1,0,0,0,0,0,0,0,0,0
350,2,d5c90cf8455a31c8,2.356259,20.0,1,14449,2,1,0,0,1,0,0,0,0,0,0,0,0,1
351,2,a47aa87cf7a518fb,1.770169,20.0,1,14192,1,1,0,0,0,0,0,0,0,0,0,0,0,1
352,2,621ec36a32338895,2.375343,18.544161,1,14098,1,0,0,0,1,0,0,0,0,0,0,0,0,0
353,2,e1ba163ba7a355f3,1.784506,20.0,1,14122,1,1,0,0,1,0,0,0,0,0,0,0,0,1
354,2,803b086f7fd40966,2.384286,19.172138,1,14033,1,0,0,0,0,0,0,0,0,0,0,0,0,1
355,2,bb646c2f0e298863,1.791225,17.882155,1,14235,1,1,0,0,1,0,0,0,0,0,0,0,0,0
356,2,33615f20ddee7c7b,2.391177,20.0,1,13748,2,1,0,0,1,0,0,0,0,0,0,0,0,1
357,2,407b58c3a81b99a5,1.796402,18.811092,1,13894,1,1,0,0,0,0,0,0,0,0,0,0,0,1
358,2,890c81f662145af8,2.393223,20.0,1,13801,1,0,0,0,1,0,0,0,0,0,0,0,0,1
359,2,9e14fe56dc9aaa52,1.799738,20.0,1,13919,1,1,0,0,1,0,0,0,0,0,0,0,0,1
360,2,dc910bb1ec37ca5f,2.395729,17.144416,0,14036,1,0,0,0,0,0,0,0,0,0,0,0,0,0
361,2,db8308261d847ed5,2.843475,19.837648,1,14313,2,1,0,0,1,0,0,0,0,0,0,0,0,1
362,2,14cd2b7bff159e5e,2.136197,20.0,1,14423,1,1,0,0,1,0,0,0,0,0,0,0,0,1
363,2,8b387d36d6684ae5,2.650601,19.920265,1,14292,1,0,0,0,0,0,0,0,0,0,0,0,0,1
364,2,19ffb9198d15aa68,1.991297,20.0,1,14345,1,1,0,0,1,0,0,0,0,0,0,0,0,1
365,2,e598a8368b8f111c,1.495987,19.948804,1,14187,1,1,0,0,1,0,0,0,0,0,0,0,0,0
366,2,e45fbe4404098a97,2.169154,18.482287,1,14128,1,0,0,0,0,0,0,0,0,0,0,0,0,1
367,2,40bf3525f7c906a6,1.629604,17.363896,1,14167,1,1,0,0,1,0,0,0,0,0,0,0,0,0
368,2,f3cc52c4f929159b,1.224261,20.0,1,14150,1,1,0,0,1,0,0,0,0,0,0,0,0,1
369,2,a0d80bdaff86ebc7,0.919741,18.506001,1,13971,1,1,0,0,1,0,0,0,0,0,0,0,0,0
370,2,f668abc3a534b0e6,0.691659,20.0,1,13949,1,1,0,0,1,0,0,0,0,0,0,0,0,1
371,2,ad01413182fe940f,1.563271,19.16354,1,13987,1,0,0,0,0,0,0,0,0,0,0,0,0,1
372,2,8a322d28e882ae10,1.174427,17.875696,1,13804,1,1,0,0,1,0,0,0,0,0,0,0,0,0
373,2,80c093347fcba21c,0.883186,20.0,1,13924,1,1,0,0,1,0,0,0,0,0,0,0,0,1
374,2,4529ce22a03f38c9,1.707158,18.807443,1,14337,2,1,0,0,0,0,0,0,0,0,0,0,0,1
375,2,58ef23151b38a504,2.326177,17.608173,1,14168,1,0,0,0,1,0,0,0,0,0,0,0,0,0
376,2,5692f970c26209a9,1.74757,20.0,1,14330,1,1,0,0,1,0,0,0,0,0,0,0,0,1
377,2,9976a33c06125158,1.314198,20.0,1,14166,1,1,0,0,1,0,0,0,0,0,0,0,0,1
378,2,d7d8c163115b8bad,0.987307,16.633857,0,14334,1,1,0,0,0,0,0,0,0,0,0,0,0,0
379,2,7b457a5066dcd536,1.785381,19.454084,1,14240,2,1,0,0,1,0,0,0,0,0,0,0,0,1
380,2,94b7a1c2a022d1ac,2.386782,20.0,1,14120,1,0,0,0,1,0,0,0,0,0,0,0,0,1
381,2,873fc64668178b14,1.7931,20.0,1,14211,1,1,0,0,1,0,0,0,0,0,0,0,0,1
382,2,28fa769eff48b138,1.347089,20.0,1,14322,1,1,0,0,1,0,0,0,0,0,0,0,0,1
383,2,00e7404aeba7178b,1.012018,20.0,1,14352,1,1,0,0,1,0,0,0,0,0,0,0,0,0
384,2,c65b1889e128a689,1.805202,20.0,1,14290,2,1,0,0,1,0,0,0,0,0,0,0,0,1
385,2,08aad3efc4c403c6,2.399834,20.0,1,14319,1,0,0,0,0,0,0,0,0,0,0,0,0,1
386,2,23f17b0ca781ee36,1.802906,19.268458,1,14274,1,1,0,0,1,0,0,0,0,0,0,0,0,0
387,2,56b5f87f68401028,1.355811,20.0,1,14349,1,1,0,0,1,0,0,0,0,0,0,0,0,1
388,2,3e516705455cddb9,1.01857,19.594298,1,14380,1,1,0,0,1,0,0,0,0,0,0,0,0,0
389,2,c3809fbebd13d377,2.85252,18.199308,1,14293,2,0,0,0,0,0,0,0,0,0,0,0,0,1
390,2,2b1ff2529d341295,2.142992,20.0,1,14322,1,1,0,0,1,0,0,0,0,0,0,0,0,1
391,2,b42ba38c3416580a,1.61156,20.0,1,14259,1,1,0,0,1,0,0,0,0,0,0,0,0,1
392,2,597ae9255e52d619,1.210705,20.0,1,14295,1,1,0,0,1,0,0,0,0,0,0,0,0,0
393,2,d83d2e2546357597,2.996864,18.777255,1,14467,2,0,0,0,0,0,0,0,0,0,0,0,0,1
394,2,cd9440e3e6936070,2.253685,20.0,1,14089,1,1,0,0,1,0,0,0,0,0,0,0,0,1
395,2,52c498284798b692,1.693109,20.0,1,14509,1,1,0,0,1,0,0,0,0,0,0,0,0,1
396,3,1fd48474a6be9a50,1.271969,17.125507,0,13971,1,1,0,0,0,0,0,0,0,0,0,0,0,0
397,3,40ab05863d40ab6a,1.999236,19.823442,1,14116,1,0,0,0,1,0,0,0,0,0,0,0,0,1
398,3,9fa3e60e300cac94,1.503454,18.388013,1,14067,1,1,0,0,1,0,0,0,0,0,0,0,0,0
399,3,9522afc9eb92ebd2,2.173142,17.293071,1,14220,1,0,0,0,0,0,0,0,0,0,0,0,0,1
400,3,0fba0eaa5e567fe1,1.632601,16.470482,1,13971,1,1,0,0,1,0,0,0,0,0,0,0,0,0
401,3,8f9f8c22e25048df,1.227739,19.347041,1,13895,1,1,0,0,1,0,0,0,0,0,0,0,0,1
402,3,025aca0c2fc547cd,0.922354,18.013553,1,13888,1,1,0,0,1,0,0,0,0,0,0,0,0,0
403,3,ea7305c3d0c4eb0e,1.736584,17.011754,1,14015,1,0,0,0,0,0,0,0,0,0,0,0,0,1
404,3,b3bc2710b036c5b2,1.30463,16.259139,1,14063,1,1,0,0,1,0,0,0,0,0,0,0,0,0
405,3,3c254a4fca255c07,0.981101,19.188108,1,13951,1,1,0,0,1,0,0,0,0,0,0,0,0,1
406,3,7fb0256f65ce4ff6,0.737064,17.894152,1,14018,1,1,0,0,1,0,0,0,0,0,0,0,0,0
407,3,a69e89495c03d18a,1.597382,16.922052,1,14119,1,0,0,0,0,0,0,0,0,0,0,0,0,1
408,3,ba87dd4319678e85,2.245405,19.686628,1,13945,2,1,0,0,1,0,0,0,0,0,0,0,0,1
409,3,3e895dd2e76d3ae9,1.686889,18.268672,1,13840,1,1,0,0,1,0,0,0,0,0,0,0,0,0
410,3,5bfa9aaebee05047,1.267296,20.0,1,14086,1,1,0,0,1,0,0,0,0,0,0,0,0,1
411,3,ca3938afd42b6b51,1.995726,15.537808,0,13915,1,0,0,0,0,0,0,0,0,0,0,0,0,0
412,3,3840b1179d01d5ca,1.500814,18.645657,1,14045,1,1,0,0,1,0,0,0,0,0,0,0,0,1
413,3,3ad00a257add4750,1.127506,20.0,1,14046,1,1,0,0,1,0,0,0,0,0,0,0,0,1
414,3,715e21df0f1ac6b8,0.847053,19.229421,1,14092,1,1,0,0,1,0,0,0,0,0,0,0,0,0
415,3,ab882b57d80326bc,2.725297,17.941301,1,13977,2,0,0,0,0,0,0,0,0,0,0,0,0,1
416,3,de121b1615b372cf,2.047414,20.0,1,14119,1,1,0,0,1,0,0,0,0,0,0,0,0,1
417,3,0469b68beb7ba893,1.538145,20.0,1,13845,1,1,0,0,1,0,0,0,0,0,0,0,0,1
418,3,77ed09b9b5fdd2d5,1.155551,20.0,1,13934,1,1,0,0,1,0,0,0,0,0,0,0,0,0
419,3,f528f75252723e1c,1.913141,18.701317,1,14014,1,0,0,0,0,0,0,0,0,0,0,0,0,1
420,3,c2f4dc060312be30,1.437272,17.528445,1,13929,1,1,0,0,1,0,0,0,0,0,0,0,0,0
421,3,f6d7570dbe7171fa,1.079768,20.0,1,13942,1,1,0,0,1,0,0,0,0,0,0,0,0,1
422,3,50afc0b225fbdddd,0.812001,20.0,1,14024,1,1,0,0,1,0,0,0,0,0,0,0,0,1
423,3,26bf505ffeb94bbf,0.610026,20.0,1,14115,1,1,0,0,1,0,0,0,0,0,0,0,0,0
424,3,e40473ff344e55ae,1.501943,18.563343,1,14054,1,0,0,0,0,0,0,0,0,0,0,0,0,1
425,3,90ecaf7479b68915,2.172007,20.0,1,13931,2,1,0,0,1,0,0,0,0,0,0,0,0,1
426,3,90f3fabff4cf81db,1.63338,20.0,1,14002,1,1,0,0,1,0,0,0,0,0,0,0,0,1
427,3,856e34ca1b879edb,2.270751,17.039263,0,13930,1,0,0,0,0,0,0,0,0,0,0,0,0,0
428,3,0b681578e0b3316e,1.70593,19.758651,1,13799,1,1,0,0,1,0,0,0,0,0,0,0,0,1
429,3,6a193d527ea85d93,1.282884,18.339289,1,13958,1,1,0,0,1,0,0,0,0,0,0,0,0,0
430,3,6b23a3947ba22008,0.963783,20.0,1,13933,1,1,0,0,1,0,0,0,0,0,0,0,0,1
431,3,c0daf2c2b98bb512,1.767707,19.056508,1,14013,1,0,0,0,0,0,0,0,0,0,0,0,0,1
432,3,d878d127a6902a03,2.371666,20.0,1,13941,2,1,0,0,1,0,0,0,0,0,0,0,0,1
433,3,a41f643bc4f08007,2.827677,15.99845,0,13734,1,0,0,0,0,0,0,0,0,0,0,0,0,0
434,3,03d1737063f8f901,2.124328,18.976727,1,14002,1,1,0,0,1,0,0,0,0,0,0,0,0,1
435,3,640f8f0d7655f248,1.595928,20.0,1,13797,1,1,0,0,1,0,0,0,0,0,0,0,0,1
436,3,16713a2d4c1307df,2.244311,15.953377,0,13888,1,0,0,0,0,0,0,0,0,0,0,0,0,0
437,3,228066c4865d7001,1.686067,18.942864,1,14076,1,1,0,0,1,0,0,0,0,0,0,0,0,1
438,3,594d3cb690c42eeb,1.266679,17.70991,1,13945,1,1,0,0,1,0,0,0,0,0,0,0,0,0
439,3,f92c2ee1216a9568,3.038915,16.783638,1,13826,2,0,0,0,0,0,0,0,0,0,0,0,0,1
440,3,2ee1be89f7dc3da8,2.285308,19.582539,1,13817,1,1,0,0,1,0,0,0,0,0,0,0,0,1
441,3,2b449090dd14131a,2.76052,18.190474,1,13641,1,0,0,0,0,0,0,0,0,0,0,0,0,1
442,3,4d8ff27cb8f5579d,2.073875,20.0,1,13788,1,1,0,0,1,0,0,0,0,0,0,0,0,1
443,3,434e1d066d06c0be,1.559584,18.989677,1,13940,1,1,0,0,1,0,0,0,0,0,0,0,0,0
444,3,f47a40e0c1d513a9,1.171657,17.745079,1,13828,1,1,0,0,0,0,0,0,0,0,0,0,0,1
445,3,db81b6b3126b8870,1.923875,20.0,1,13952,1,0,0,0,1,0,0,0,0,0,0,0,0,1
446,3,c5cd93750c771865,1.445336,18.721139,1,13611,1,1,0,0,1,0,0,0,0,0,0,0,0,0
447,3,3d5819ecf78afd31,1.086913,20.0,1,13812,1,1,0,0,1,0,0,0,0,0,0,0,0,1
448,3,4f972e9bacb53570,0.816557,15.80624,0,13815,1,1,0,0,0,0,0,0,0,0,0,0,0,0
449,3,ee29760cbff6315d,1.657102,18.832326,1,13929,1,0,0,0,1,0,0,0,0,0,0,0,0,1
450,3,3248fc3ab7d95c1d,1.246164,17.64268,1,13819,1,1,0,0,1,0,0,0,0,0,0,0,0,0
451,3,1b130520811c05b5,0.936197,20.0,1,14030,1,1,0,0,1,0,0,0,0,0,0,0,0,1
452,3,2fb4a3c0f691e392,0.70333,20.0,1,13821,1,1,0,0,1,0,0,0,0,0,0,0,0,1
453,3,2b4e2f0ca79f310c,1.572039,16.6346,0,13969,1,0,0,0,0,0,0,0,0,0,0,0,0,0
454,3,75fab394ce4971e4,1.182195,19.470459,1,13754,1,1,0,0,1,0,0,0,0,0,0,0,0,1
455,3,6de8cf41e4a70384,1.931793,20.0,1,13756,2,1,0,0,1,0,0,0,0,0,0,0,0,1
456,3,72f11724885a9a5a,1.451284,19.694936,1,14034,1,1,0,0,1,0,0,0,0,0,0,0,0,0
457,3,85fe4b2d4b4e16cb,2.135536,18.291374,1,13996,1,0,0,0,0,0,0,0,0,0,0,0,0,1
458,3,39c159142a9de391,1.604349,20.0,1,14073,1,1,0,0,1,0,0,0,0,0,0,0,0,1
459,3,c4ebaa3adc5d793a,1.205287,19.029466,1,13870,1,1,0,0,1,0,0,0,0,0,0,0,0,0
460,3,0631e102b4139972,1.949141,17.774971,1,14066,2,1,0,0,0,0,0,0,0,0,0,0,0,1
461,3,ab487b26d9be6f4b,2.509932,20.0,1,13716,1,0,0,0,1,0,0,0,0,0,0,0,0,1
462,3,be84e26dfb922b1e,1.885618,20.0,1,13808,1,1,0,0,1,0,0,0,0,0,0,0,0,1
463,3,cca73aec3346c689,1.416594,20.0,1,13678,1,1,0,0,1,0,0,0,0,0,0,0,0,1
464,3,6e8345678aa78b3d,2.10945,17.790997,0,13490,1,0,0,0,0,0,0,0,0,0,0,0,0,0
465,3,1a23bdbadcdd5727,1.584751,20.0,1,13466,1,1,0,0,1,0,0,0,0,0,0,0,0,1
466,3,79d920e270fe2cb1,2.234217,20.0,1,13431,2,1,0,0,1,0,0,0,0,0,0,0,0,1
467,3,9217e5612229976f,1.678484,20.0,1,13588,1,1,0,0,1,0,0,0,0,0,0,0,0,1
468,3,134695b5eb4bd63c,1.262244,20.0,1,13505,1,1,0,0,1,0,0,0,0,0,0,0,0,1
469,3,f7a3f562cc69e32e,1.99193,18.593775,0,13667,1,0,0,0,0,0,0,0,0,0,0,0,0,0
470,3,6a0a9562773c502d,1.496463,20.0,1,13448,1,1,0,0,1,0,0,0,0,0,0,0,0,1
471,3,eae24d1b7605565b,1.125361,20.0,1,13591,1,1,0,0,1,0,0,0,0,0,0,0,0,1
472,3,531e23b8e8e173ac,2.932748,20.0,1,13683,2,0,0,0,0,0,0,0,0,0,0,0,0,1
473,3,3d55b7a6325cb0e8,2.203264,18.903035,1,13803,1,1,0,0,1,0,0,0,0,0,0,0,0,0
474,3,ee61d6aefbb4fb3d,1.65523,20.0,1,13655,1,1,0,0,1,0,0,0,0,0,0,0,0,1
475,3,4c21477639599fa1,2.288907,15.911744,0,13586,1,0,0,0,0,0,0,0,0,0,0,0,0,0
476,3,018cf3a9258160d0,1.71957,18.911587,1,13901,1,1,0,0,1,0,0,0,0,0,0,0,0,1
477,3,ec92ad99ef64a01b,2.335502,20.0,1,13954,2,1,0,0,1,0,0,0,0,0,0,0,0,1
478,3,6350397cd72a232a,1.756331,20.0,1,14093,1,1,0,0,1,0,0,0,0,0,0,0,0,1
479,3,fef48a7aa8c5c93f,2.363119,20.0,1,13966,1,0,0,0,0,0,0,0,0,0,0,0,0,1
480,3,f047b05933002372,1.775323,19.004373,1,14001,1,1,0,0,1,0,0,0,0,0,0,0,0,0
481,3,389f83b263ff3585,1.333734,20.0,1,14135,1,1,0,0,1,0,0,0,0,0,0,0,0,1
482,3,5cf4bf304eb0c57f,2.047137,15.968996,0,13985,1,0,0,0,0,0,0,0,0,0,0,0,0,0
483,3,1a827c8c9e08b49c,1.537938,18.954599,1,14948,1,1,0,0,1,0,0,0,0,0,0,0,0,1
484,3,49509845d3194311,3.242702,17.718726,1,14742,2,0,0,0,0,0,0,0,0,0,0,0,0,1
485,3,5cd1e251b39dd8e7,2.438558,16.805236,1,14567,1,1,0,0,1,0,0,0,0,0,0,0,0,0
486,3,4721f37aedea8e3e,1.831997,19.582835,1,14266,1,1,0,0,1,0,0,0,0,0,0,0,0,1
487,3,93e2856f5a962544,2.419965,14.711852,0,15304,1,0,0,0,0,0,0,0,0,0,0,0,0,0
488,3,56f7ea602bc7f8ee,1.818029,18.010153,1,15288,1,1,0,0,1,0,0,0,0,0,0,0,0,1
489,3,3bfb0b37ddaccb1b,1.367184,17.024394,1,14834,1,1,0,0,1,0,0,0,0,0,0,0,0,0
490,3,62d13f8700ee41b0,1.027114,16.268635,1,14714,1,1,0,0,0,0,0,0,0,0,0,0,0,1
491,3,ee75471444d42e70,1.815286,15.700862,1,14664,1,0,0,0,1,0,0,0,0,0,0,0,0,0
492,3,6ced2afae85be9a4,1.365121,18.768275,1,14105,1,1,0,0,1,0,0,0,0,0,0,0,0,1
493,3,4f6c71ca3dd9255c,2.069218,14.099904,0,14978,1,0,0,0,0,0,0,0,0,0,0,0,0,0
494,3,bf7a01b8ccc69149,1.554526,17.55042,1,14874,1,1,0,0,1,0,0,0,0,0,0,0,0,1
495,3,da7e35a8ec040cf3,1.167857,16.663819,1,14872,1,1,0,0,1,0,0,0,0,0,0,0,0,0
496,3,b21392916da5deb2,0.878245,19.492433,1,14872,1,1,0,0,1,0,0,0,0,0,0,0,0,1
497,3,e319b203559875e7,0.659793,18.12278,1,14787,1,1,0,0,1,0,0,0,0,0,0,0,0,0
498,3,0dab56b9c929ee1d,0.495678,20.0,1,14861,1,1,0,0,1,0,0,0,0,0,0,0,0,1
499,3,0b776e9f6f21a8a6,0.372757,18.951433,1,13715,1,1,0,0,1,0,0,0,0,0,0,0,0,0
500,3,461492a5611091f8,0.280038,17.716347,1,13663,1,1,0,0,0,0,0,0,0,0,0,0,0,1
501,3,0ffe532718b6dbc3,1.254036,20.0,1,13828,1,0,0,0,1,0,0,0,0,0,0,0,0,1
502,3,af22391e8fb2c5cc,1.985763,18.704923,1,13829,2,1,0,0,1,0,0,0,0,0,0,0,0,0
503,3,7d75e94ecfdb5afc,1.493322,17.546871,1,13681,1,1,0,0,0,0,0,0,0,0,0,0,0,1
504,3,5d51ad8bddd0dcde,2.165531,20.0,1,13736,1,0,0,0,1,0,0,0,0,0,0,0,0,1
505,3,439217822866cd7e,1.626882,18.609271,1,13615,1,1,0,0,1,0,0,0,0,0,0,0,0,0
506,3,b61c3ac9b3a72436,1.223439,20.0,1,13566,1,1,0,0,1,0,0,0,0,0,0,0,0,1
507,3,4864fb10a965950c,0.919124,19.221884,1,13610,1,1,0,0,1,0,0,0,0,0,0,0,0,0
508,3,d56e83bc4b82de74,2.77781,17.919527,1,13777,2,0,0,0,0,0,0,0,0,0,0,0,0,1
509,3,d872133f8b5886de,2.086865,20.0,1,13665,1,1,0,0,1,0,0,0,0,0,0,0,0,1
510,3,3c942df492a7a97e,2.613503,18.836603,1,13433,1,0,0,0,0,0,0,0,0,0,0,0,0,1
511,3,006be032c26e55f1,1.963427,20.0,1,13702,1,1,0,0,1,0,0,0,0,0,0,0,0,1
512,3,5879f3bd1f7e8b01,1.475049,15.858346,0,13860,1,1,0,0,0,0,0,0,0,0,0,0,0,0
513,3,f7167a70cda92187,2.153408,18.886705,1,13704,1,0,0,0,1,0,0,0,0,0,0,0,0,1
514,3,4660e8069c33e4e2,2.661429,20.0,1,13833,2,1,0,0,1,0,0,0,0,0,0,0,0,1
515,3,bd4131175b4371b1,1.999432,20.0,1,13935,1,1,0,0,1,0,0,0,0,0,0,0,0,1
516,3,9a0bde1be34bab84,2.545752,20.0,1,13767,1,0,0,0,0,0,0,0,0,0,0,0,0,1
517,3,db591e1df06ab20d,1.914442,19.00277,1,13676,1,1,0,0,1,0,0,0,0,0,0,0,0,0
518,3,f565fe76b3a55eb7,2.481902,20.0,1,14975,2,1,0,0,1,0,0,0,0,0,0,0,0,1
519,3,8a99ef84095d67e8,1.86456,20.0,1,14184,1,1,0,0,1,0,0,0,0,0,0,0,0,1
520,3,e1d738ca7c08c6a7,1.402176,20.0,1,13700,1,1,0,0,1,0,0,0,0,0,0,0,0,1
521,3,a8542e710c1ddd79,2.097056,20.0,1,13792,1,0,0,0,0,0,0,0,0,0,0,0,0,1
522,3,446d3a67b2df5167,1.575439,19.744823,1,13920,1,1,0,0,1,0,0,0,0,0,0,0,0,0
523,3,7caf18e64d4ac095,1.183569,20.0,1,13794,1,1,0,0,1,0,0,0,0,0,0,0,0,1
524,3,11ea72c4f3a2cdb9,1.934211,16.387321,0,13663,1,0,0,0,0,0,0,0,0,0,0,0,0,0
525,3,0b590bedcb80ab45,2.496754,19.26887,1,13643,2,1,0,0,1,0,0,0,0,0,0,0,0,1
526,3,ba40351575d1be28,2.919371,17.954827,1,13693,1,0,0,0,0,0,0,0,0,0,0,0,0,1
527,3,c3877ee82c25de5b,2.195409,20.0,1,13551,1,1,0,0,1,0,0,0,0,0,0,0,0,1
528,3,570fc3b2d2b08e53,2.692982,15.373304,0,13685,1,0,0,0,0,0,0,0,0,0,0,0,0,0
529,3,e8c2cbfdd3adba74,2.023137,18.507078,1,13690,1,1,0,0,1,0,0,0,0,0,0,0,0,1
530,3,cdcb84d7540b9bca,1.519907,20.0,1,13679,1,1,0,0,1,0,0,0,0,0,0,0,0,1
531,3,5e519f672492e305,2.187142,20.0,1,13602,2,1,0,0,1,0,0,0,0,0,0,0,0,1
532,3,05ce32a3bbb11d68,2.686772,17.015382,0,13484,1,0,0,0,0,0,0,0,0,0,0,0,0,0
533,3,486b95b95025322b,2.018471,19.74071,1,13732,1,1,0,0,1,0,0,0,0,0,0,0,0,1
534,3,c79b50324d2d43fc,1.517919,18.325797,1,13666,1,1,0,0,1,0,0,0,0,0,0,0,0,0
535,3,1ac4dcd86ba6db03,2.184009,17.246331,1,13724,1,0,0,0,0,0,0,0,0,0,0,0,0,1
536,3,1d912ca04cb92a43,1.640764,19.914212,1,14097,1,1,0,0,1,0,0,0,0,0,0,0,0,1
537,3,a3e1ddc864ca72e2,2.276298,14.960803,0,13849,1,0,0,0,0,0,0,0,0,0,0,0,0,0
538,3,464dc852e6aed03d,1.711809,18.211741,1,14046,1,1,0,0,1,0,0,0,0,0,0,0,0,1
539,3,1abd13b6436d843d,1.286018,17.160645,1,14329,1,1,0,0,1,0,0,0,0,0,0,0,0,0
540,3,0f6df51dbb8b1fd1,2.009791,16.370995,1,14510,1,0,0,0,0,0,0,0,0,0,0,0,0,1
541,3,1f19d71997adcf5d,2.555542,19.272225,1,14402,2,1,0,0,1,0,0,0,0,0,0,0,0,1
542,3,9aac2c8eaa236f65,1.919883,20.0,1,15092,1,1,0,0,1,0,0,0,0,0,0,0,0,1
543,3,13343e5cc94dc7da,1.442336,19.583054,1,15264,1,1,0,0,1,0,0,0,0,0,0,0,0,0
544,3,4074e08ab2ab0a7f,2.127227,18.190861,1,15238,2,1,0,0,0,0,0,0,0,0,0,0,0,1
545,3,ffb373290702f448,2.643855,20.0,1,15409,1,0,0,0,1,0,0,0,0,0,0,0,0,1
546,3,73c6ee1e8a8c0422,3.029883,20.0,1,15443,2,1,0,0,1,0,0,0,0,0,0,0,0,1
547,3,1128f20c8b0f1bad,3.319891,20.0,1,15576,1,0,0,0,0,0,0,0,0,0,0,0,0,1
548,3,679885c0e022d551,2.496605,18.788102,1,14459,1,1,0,0,1,0,0,0,0,0,0,0,0,0
549,3,0556dae712f48201,2.91926,20.0,1,14128,2,1,0,0,1,0,0,0,0,0,0,0,0,1
550,3,167533a724b7863a,2.193131,20.0,1,14161,1,1,0,0,1,0,0,0,0,0,0,0,0,1
551,3,d836226da32e8484,1.647617,20.0,1,14172,1,1,0,0,1,0,0,0,0,0,0,0,0,1
552,3,5ad6c2c503bae457,2.283182,20.0,1,14198,1,0,0,0,0,0,0,0,0,0,0,0,0,1
553,3,263c3fbd45a47697,1.715269,19.696703,1,14121,1,1,0,0,1,0,0,0,0,0,0,0,0,0
554,3,7bb406fbc1e31b1d,1.288618,20.0,1,14253,1,1,0,0,1,0,0,0,0,0,0,0,0,1
555,3,70f0de6f362402ce,0.969059,19.840636,1,14253,1,1,0,0,1,0,0,0,0,0,0,0,0,0
556,3,17c577b76f99c4f6,0.728018,18.384373,1,14158,1,1,0,0,0,0,0,0,0,0,0,0,0,1
557,3,da7abe8ad8cb09b3,1.590586,17.290337,1,14144,1,0,0,0,1,0,0,0,0,0,0,0,0,0
558,3,391bf268a6984f36,1.194948,19.947273,1,14334,1,1,0,0,1,0,0,0,0,0,0,0,0,1
559,3,27b047f79f0e1cc5,1.942768,20.0,1,13981,2,1,0,0,1,0,0,0,0,0,0,0,0,1
560,3,3716a4add8c0fb03,2.503182,16.498957,0,14238,1,0,0,0,0,0,0,0,0,0,0,0,0,0
561,3,a9b68056f54a3ce0,1.880547,19.352738,1,14296,1,1,0,0,1,0,0,0,0,0,0,0,0,1
562,3,3b7c98417b6899ec,1.414198,20.0,1,14253,1,1,0,0,1,0,0,0,0,0,0,0,0,1
563,3,51c8b11ffb45ecac,2.106088,19.641913,1,14247,2,1,0,0,0,0,0,0,0,0,0,0,0,1
564,3,b406c0e5673883cc,2.625878,18.235079,1,14558,1,0,0,0,1,0,0,0,0,0,0,0,0,0
565,3,de068d077d895194,1.972724,20.0,1,14756,1,1,0,0,1,0,0,0,0,0,0,0,0,1
566,3,00e4f29904ee2761,1.483517,15.534375,0,14604,1,1,0,0,0,0,0,0,0,0,0,0,0,0
567,4,1fd48474a6be9a50,2.158164,18.628085,1,14073,1,0,0,0,1,0,0,0,0,0,0,0,0,1
568,4,40ab05863d40ab6a,1.621348,20.0,1,14113,1,1,0,0,1,0,0,0,0,0,0,0,0,1
569,4,9fa3e60e300cac94,1.219277,19.236909,1,14128,1,1,0,0,1,0,0,0,0,0,0,0,0,0
570,4,9522afc9eb92ebd2,1.95965,17.930815,1,14069,1,0,0,0,0,0,0,0,0,0,0,0,0,1
571,4,0fba0eaa5e567fe1,1.472212,16.949596,1,14033,1,1,0,0,1,0,0,0,0,0,0,0,0,0
572,4,8f9f8c22e25048df,1.106018,19.691287,1,13860,1,1,0,0,1,0,0,0,0,0,0,0,0,1
573,4,025aca0c2fc547cd,1.875892,14.808128,0,14114,1,0,0,0,0,0,0,0,0,0,0,0,0,0
574,4,ea7305c3d0c4eb0e,1.409287,18.082482,1,13903,1,1,0,0,1,0,0,0,0,0,0,0,0,1
575,4,b3bc2710b036c5b2,1.058745,17.063537,1,13923,1,1,0,0,1,0,0,0,0,0,0,0,0,0
576,4,3c254a4fca255c07,1.840342,16.312525,1,14010,1,0,0,0,0,0,0,0,0,0,0,0,0,1
577,4,7fb0256f65ce4ff6,1.38258,15.733835,1,14147,1,1,0,0,1,0,0,0,0,0,0,0,0,0
578,4,a69e89495c03d18a,1.038681,18.777931,1,14146,1,1,0,0,1,0,0,0,0,0,0,0,0,1
579,4,ba87dd4319678e85,0.780322,17.586002,1,13839,1,1,0,0,1,0,0,0,0,0,0,0,0,0
580,4,3e895dd2e76d3ae9,1.630964,16.705426,1,13880,1,0,0,0,0,0,0,0,0,0,0,0,0,1
581,4,5bfa9aaebee05047,1.225282,16.029007,1,13820,1,1,0,0,1,0,0,0,0,0,0,0,0,0
582,4,ca3938afd42b6b51,1.964162,15.520838,1,14120,1,0,0,0,0,0,0,0,0,0,0,0,0,1
583,4,3840b1179d01d5ca,2.521228,18.632895,1,13907,2,1,0,0,1,0,0,0,0,0,0,0,0,1
584,4,3ad00a257add4750,1.894105,17.477042,1,14062,1,1,0,0,1,0,0,0,0,0,0,0,0,0
585,4,715e21df0f1ac6b8,2.466623,16.608693,1,14092,1,0,0,0,0,0,0,0,0,0,0,0,0,1
586,4,ab882b57d80326bc,1.853082,15.956334,1,14058,1,1,0,0,1,0,0,0,0,0,0,0,0,0
587,4,de121b1615b372cf,1.393544,18.960394,1,13755,1,1,0,0,1,0,0,0,0,0,0,0,0,1
588,4,0469b68beb7ba893,1.046918,17.72308,1,13996,1,1,0,0,0,0,0,0,0,0,0,0,0,1
589,4,77ed09b9b5fdd2d5,1.830163,16.793532,1,13891,1,0,0,0,1,0,0,0,0,0,0,0,0,0
590,4,f528f75252723e1c,1.376309,19.589979,1,14049,1,1,0,0,1,0,0,0,0,0,0,0,0,1
591,4,d7ff3472159233ec,2.077623,20.0,1,13920,2,1,0,0,1,0,0,0,0,0,0,0,0,1
592,4,f6d7570dbe7171fa,1.56084,20.0,1,14019,1,1,0,0,1,0,0,0,0,0,0,0,0,1
593,4,50afc0b225fbdddd,1.172601,20.0,1,14012,1,1,0,0,1,0,0,0,0,0,0,0,0,1
594,4,77cb534e4dd68f47,0.881813,18.362655,0,13923,1,1,0,0,0,0,0,0,0,0,0,0,0,0
595,4,03a072c123c7f460,1.706126,20.0,1,13978,1,0,0,0,1,0,0,0,0,0,0,0,0,1
596,4,40a0b4653c2b8b16,1.281749,19.069696,1,13971,1,1,0,0,1,0,0,0,0,0,0,0,0,0
597,4,8ced9c6091029967,2.008044,20.0,1,13972,2,1,0,0,1,0,0,0,0,0,0,0,0,1
598,4,f446b42f744adfb3,1.508568,20.0,1,13818,1,1,0,0,1,0,0,0,0,0,0,0,0,1
599,4,ffdd19bd8ebe00f5,2.176984,20.0,1,13866,1,0,0,0,0,0,0,0,0,0,0,0,0,1
600,4,b9666f9e7129180f,1.635487,20.0,1,13914,1,1,0,0,1,0,0,0,0,0,0,0,0,1
601,4,826bb28746b5aff3,2.27406,20.0,1,14040,2,1,0,0,1,0,0,0,0,0,0,0,0,0
602,4,3c2e28f559cf9803,1.708416,18.82229,1,13761,1,1,0,0,0,0,0,0,0,0,0,0,0,1
603,4,f896a9eeacd54b0b,2.327123,20.0,1,14077,1,0,0,0,1,0,0,0,0,0,0,0,0,1
604,4,7e91fafbe2aeffcf,1.750029,19.346628,1,13892,1,1,0,0,1,0,0,0,0,0,0,0,0,0
605,4,23f5c9c20ef02c3c,2.358385,18.013243,1,13816,1,0,0,0,0,0,0,0,0,0,0,0,0,1
606,4,a58dd937fd8efc88,1.771767,17.01152,1,13971,1,1,0,0,1,0,0,0,0,0,0,0,0,0
607,4,5320635b6f8274a1,2.374715,16.258964,1,13924,1,0,0,0,0,0,0,0,0,0,0,0,0,1
608,4,5be3b3e7f0a13351,2.82997,19.187976,1,13893,2,1,0,0,1,0,0,0,0,0,0,0,0,1
609,4,e98b0d3057414656,2.126051,20.0,1,13879,1,1,0,0,1,0,0,0,0,0,0,0,0,1
610,4,19b0b3689610e0ce,2.640876,16.056659,0,13979,1,0,0,0,0,0,0,0,0,0,0,0,0,0
611,4,8f0405fa715f723a,1.985976,19.03584,1,13800,1,1,0,0,1,0,0,0,0,0,0,0,0,1
612,4,717c08cd848d2565,2.535643,14.300915,0,13662,1,0,0,0,0,0,0,0,0,0,0,0,0,0
613,4,2fcdacff6fd5f19a,2.948587,17.701432,1,13782,2,1,0,0,1,0,0,0,0,0,0,0,0,1
614,4,be92632e08fda589,2.215163,20.0,1,13918,1,1,0,0,1,0,0,0,0,0,0,0,0,1
615,4,da9796b4d4dded73,1.665834,20.0,1,13928,1,1,0,0,1,0,0,0,0,0,0,0,0,1
616,4,a89450d0d8fdc21d,2.295132,16.673439,0,13873,1,0,0,0,0,0,0,0,0,0,0,0,0,0
617,4,4b7d1848fe166648,1.724247,19.483821,1,13756,1,1,0,0,1,0,0,0,0,0,0,0,0,1
618,4,52aec14325aadabd,1.296659,18.132613,1,13726,1,1,0,0,1,0,0,0,0,0,0,0,0,0
619,4,1cc1ad2dab05c3da,0.974131,20.0,1,14002,1,1,0,0,1,0,0,0,0,0,0,0,0,1
620,4,58326b8dcd4ecfed,1.775482,18.939861,1,13982,1,0,0,0,0,0,0,0,0,0,0,0,0,1
621,4,c2784a66aae91d96,1.333853,17.707654,1,13872,1,1,0,0,1,0,0,0,0,0,0,0,0,0
622,4,1634f22125aaaddb,1.003076,20.0,1,13818,1,1,0,0,1,0,0,0,0,0,0,0,0,1
623,4,c2fa137b65a08f6d,0.753574,20.0,1,13962,1,1,0,0,1,0,0,0,0,0,0,0,0,1
624,4,9f3c46088413518d,2.653439,20.0,1,13920,2,0,0,0,0,0,0,0,0,0,0,0,0,1
625,4,3d6b81bcc44825cf,1.995424,18.633872,1,13774,1,1,0,0,1,0,0,0,0,0,0,0,0,0
626,4,d0a693f02e40683d,1.499087,20.0,1,13819,1,1,0,0,1,0,0,0,0,0,0,0,0,1
627,4,d1387a07a43457e4,1.126208,19.22277,1,13830,1,1,0,0,1,0,0,0,0,0,0,0,0,0
628,4,c4de66169094d5d7,1.889731,17.920193,1,14053,1,0,0,0,0,0,0,0,0,0,0,0,0,1
629,4,7a4b3bddda608254,1.421105,20.0,1,13972,1,1,0,0,1,0,0,0,0,0,0,0,0,1
630,4,c8313293713bf421,2.111276,20.0,1,14001,2,1,0,0,1,0,0,0,0,0,0,0,0,1
631,4,0cdf4c2415b07f67,2.629776,20.0,1,13986,1,0,0,0,0,0,0,0,0,0,0,0,0,1
632,4,72a6819c81f6a565,1.977629,18.70171,1,13969,1,1,0,0,1,0,0,0,0,0,0,0,0,0
633,4,323b8014f8ce7863,1.485719,20.0,1,14134,1,1,0,0,1,0,0,0,0,0,0,0,0,1
634,4,a2efa2e8f5f73b01,2.159818,19.261058,1,15219,2,1,0,0,0,0,0,0,0,0,0,0,0,1
635,4,bf597c526672b7b1,2.666244,20.0,1,15006,1,0,0,0,1,0,0,0,0,0,0,0,0,1
636,4,e62020f9214f838b,2.005054,20.0,1,14787,1,1,0,0,1,0,0,0,0,0,0,0,0,1
637,4,2d7fa56c0153bae3,1.506322,20.0,1,15878,1,1,0,0,1,0,0,0,0,0,0,0,0,0
638,4,d8dc84937b47d855,2.175297,19.115806,1,15867,1,0,0,0,0,0,0,0,0,0,0,0,0,1
639,4,b3de1b073ac48f56,2.680005,20.0,1,16028,2,1,0,0,1,0,0,0,0,0,0,0,0,1
640,4,cfb30a7c393eb099,2.013387,19.508056,1,16031,1,1,0,0,1,0,0,0,0,0,0,0,0,0
641,4,9e488a91b929a948,1.512583,18.134517,1,16250,1,1,0,0,0,0,0,0,0,0,0,0,0,1
642,4,f9c089e8cf7631ec,3.223653,20.0,1,16232,2,0,0,0,1,0,0,0,0,0,0,0,0,1
643,4,e0157d6bcbe75a03,2.424233,20.0,1,16639,1,1,0,0,1,0,0,0,0,0,0,0,0,1
644,4,e37ad11b60037f34,1.821236,20.0,1,16575,1,1,0,0,1,0,0,0,0,0,0,0,0,0
645,4,30ee94611ad4e925,2.41188,20.0,1,16566,2,1,0,0,1,0,0,0,0,0,0,0,0,1
646,4,036abe4d4f6c5d11,2.857919,20.0,1,16642,1,0,0,0,0,0,0,0,0,0,0,0,0,1
647,4,85d337a59a9dac00,2.147047,20.0,1,16711,1,1,0,0,1,0,0,0,0,0,0,0,0,1
648,4,66ce4f7414d82a4b,1.612996,20.0,1,16635,1,1,0,0,1,0,0,0,0,0,0,0,0,0
649,4,ae7b381de65b3686,3.299091,18.585039,1,15214,2,0,0,0,0,0,0,0,0,0,0,0,0,1
650,4,2aecf54420e2a190,2.480963,20.0,1,13803,1,1,0,0,1,0,0,0,0,0,0,0,0,1
651,4,620143bfa815cbad,2.907508,19.208193,1,13894,1,0,0,0,0,0,0,0,0,0,0,0,0,1
652,4,eb35514cc506b61f,2.184302,17.909242,1,14050,1,1,0,0,1,0,0,0,0,0,0,0,0,0
653,4,62069708fdad57b2,1.642626,16.948507,1,13753,1,1,0,0,0,0,0,0,0,0,0,0,0,1
654,4,3ec403ca5a965708,3.321351,19.690469,1,14098,2,0,0,0,1,0,0,0,0,0,0,0,0,1
655,4,ac18cdfb2212f518,2.495206,18.271558,1,14120,1,1,0,0,1,0,0,0,0,0,0,0,0,0
656,4,19b109607c8ff5b9,2.918209,17.205583,1,13905,1,0,0,0,0,0,0,0,0,0,0,0,0,1
657,4,44356c1e30ee7d35,2.194535,16.419345,1,13756,1,1,0,0,1,0,0,0,0,0,0,0,0,0
658,4,d97f0a9ed5fc89bf,1.648672,19.292929,1,13535,1,1,0,0,1,0,0,0,0,0,0,0,0,1
659,4,0b81b21305592c32,2.282239,14.494056,0,13777,1,0,0,0,0,0,0,0,0,0,0,0,0,0
660,4,c48a41a754438d99,1.716276,17.86074,1,13691,1,1,0,0,1,0,0,0,0,0,0,0,0,1
661,4,202375f6feca9736,1.289374,13.418107,0,13584,1,1,0,0,0,0,0,0,0,0,0,0,0,0
662,4,e93cd62c57c033a9,2.012312,17.038211,1,13592,1,0,0,0,1,0,0,0,0,0,0,0,0,1
663,4,c4c3ba56d580260c,1.511775,16.279015,1,13600,1,1,0,0,1,0,0,0,0,0,0,0,0,0
664,4,6d35e0b5bdc858a6,1.136876,19.203055,1,13623,1,1,0,0,1,0,0,0,0,0,0,0,0,1
665,4,11c3c30b12159ceb,0.854093,17.905382,1,13502,1,1,0,0,1,0,0,0,0,0,0,0,0,0
666,4,0e174efad7937ddb,0.641648,20.0,1,13496,1,1,0,0,1,0,0,0,0,0,0,0,0,1
667,4,ac89a6add3b3e6f0,1.526679,18.828611,1,13774,2,1,0,0,0,0,0,0,0,0,0,0,0,1
668,4,46b655a5ff7abad7,2.19059,20.0,1,13544,1,0,0,0,1,0,0,0,0,0,0,0,0,1
669,4,7b8201bb30769700,1.645708,20.0,1,13493,1,1,0,0,1,0,0,0,0,0,0,0,0,1
670,4,5118edfbe0a0b3fc,1.236359,20.0,1,13681,1,1,0,0,1,0,0,0,0,0,0,0,0,0
671,4,51fb47364e989d8d,1.97391,18.984246,1,13650,1,0,0,0,0,0,0,0,0,0,0,0,0,1
672,4,dc33241fe097e674,1.482925,20.0,1,13660,1,1,0,0,1,0,0,0,0,0,0,0,0,1
673,4,244cce01b99b98c7,2.157719,20.0,1,13816,2,1,0,0,1,0,0,0,0,0,0,0,0,1
674,4,3b65b1951a59d477,2.666786,20.0,1,13818,1,0,0,0,0,0,0,0,0,0,0,0,0,1
675,4,b850c2f315a1865b,2.003457,19.030844,1,13878,1,1,0,0,1,0,0,0,0,0,0,0,0,0
676,4,0fa353241bda36d8,1.505122,20.0,1,13577,1,1,0,0,1,0,0,0,0,0,0,0,0,1
677,4,a17d8df0ab25af36,1.130742,20.0,1,13772,1,1,0,0,1,0,0,0,0,0,0,0,0,1
678,4,299233ead1629b2b,1.894485,17.240426,0,13519,1,0,0,0,0,0,0,0,0,0,0,0,0,0
679,4,974adcccfcca391d,2.466909,20.0,1,13701,2,1,0,0,1,0,0,0,0,0,0,0,0,2
680,4,0c843024e17538c1,1.853296,20.0,1,13564,1,1,0,0,1,0,0,0,0,0,0,0,0,0
681,4,93d7cad56150359c,2.437856,19.310282,1,13716,1,0,0,0,0,0,0,0,0,0,0,0,0,1
682,4,06289adec5467162,1.83147,20.0,1,13569,1,1,0,0,1,0,0,0,0,0,0,0,0,1
683,4,32457a9317851d42,1.375915,19.604533,1,14142,1,1,0,0,1,0,0,0,0,0,0,0,0,0
684,4,cefec3720e578d01,1.033673,20.0,1,13656,1,1,0,0,1,0,0,0,0,0,0,0,0,1
685,4,10f0510c46f6a357,2.865638,19.788564,1,13777,2,0,0,0,0,0,0,0,0,0,0,0,0,1
686,4,d2abc35df3320db8,2.152847,18.345253,1,13956,1,1,0,0,1,0,0,0,0,0,0,0,0,0
687,4,43bf3dbab03c5d83,1.617353,20.0,1,13839,1,1,0,0,1,0,0,0,0,0,0,0,0,1
688,4,1dc877fe4ac4b180,1.216273,20.0,1,13528,1,1,0,0,1,0,0,0,0,0,0,0,0,1
689,4,4d2f235fcec5fc03,1.957394,16.946698,0,13910,1,0,0,0,0,0,0,0,0,0,0,0,0,0
690,4,2d50e5b12cfec82d,1.470517,19.68911,1,13691,1,1,0,0,1,0,0,0,0,0,0,0,0,1
691,4,a10d19cbb864478a,2.148398,20.0,1,13739,2,1,0,0,1,0,0,0,0,0,0,0,0,1
692,4,7ccfc13a41f10af2,1.615626,20.0,1,13907,1,1,0,0,1,0,0,0,0,0,0,0,0,1
693,4,aa033d6dec6732d3,2.257412,17.517076,0,13813,1,0,0,0,0,0,0,0,0,0,0,0,0,0
694,4,78115053c6d5aa2f,1.69591,20.0,1,13829,1,1,0,0,1,0,0,0,0,0,0,0,0,1
695,4,9223b78ec8015401,1.275348,18.609234,1,13873,1,1,0,0,1,0,0,0,0,0,0,0,0,0
696,4,355e9621298b042e,3.045428,17.459266,1,13922,2,0,0,0,0,0,0,0,0,0,0,0,0,1
697,4,45c3bce7c19dfe82,2.287916,20.0,1,13854,1,1,0,0,1,0,0,0,0,0,0,0,0,1
698,4,d9e47eac35f7750a,1.718826,20.0,1,13941,1,1,0,0,1,0,0,0,0,0,0,0,0,1
699,4,6e3240da0976c8ef,2.336732,16.573396,0,13959,1,0,0,0,0,0,0,0,0,0,0,0,0,0
700,4,15dd9f15a2894f77,1.7555,19.408662,1,13931,1,1,0,0,1,0,0,0,0,0,0,0,0,1
701,4,eaa43ba8eb7f7332,2.362495,14.581002,0,13764,1,0,0,0,0,0,0,0,0,0,0,0,0,0
702,4,6f9e550670fa8eec,1.77663,17.926125,1,14058,1,1,0,0,1,0,0,0,0,0,0,0,0,1
703,4,33018317a1917bf9,2.378369,13.467227,0,14208,1,0,0,0,0,0,0,0,0,0,0,0,0,0
704,4,ba383bac80adefb3,1.78678,17.075114,1,14178,1,1,0,0,1,0,0,0,0,0,0,0,0,1
705,4,27bf6e48f932e47f,1.342341,16.306739,1,13933,1,1,0,0,1,0,0,0,0,0,0,0,0,0
706,4,3c97e97db135ae26,1.009459,15.743402,1,13961,1,1,0,0,0,0,0,0,0,0,0,0,0,1
707,4,c4e56604953c1c24,1.802022,15.306274,1,13873,1,0,0,0,1,0,0,0,0,0,0,0,0,0
708,4,d9276ea29665c019,1.353792,18.45672,1,13991,1,1,0,0,1,0,0,0,0,0,0,0,0,1
709,4,08305b2484e17d6d,1.018071,17.360218,1,13994,1,1,0,0,1,0,0,0,0,0,0,0,0,0
710,4,ee729d5ce278ce12,1.808492,16.520928,1,13961,1,0,0,0,0,0,0,0,0,0,0,0,0,1
711,4,59c7156863157a36,1.358652,19.369244,1,14162,1,1,0,0,1,0,0,0,0,0,0,0,0,1
712,4,d1ea8f8b759fc9e1,1.020705,18.030234,1,14161,1,1,0,0,1,0,0,0,0,0,0,0,0,0
713,4,7f41f83700b6ec72,0.767585,20.0,1,14192,1,1,0,0,1,0,0,0,0,0,0,0,0,1
714,4,a0fd29a2089234b1,0.576658,18.894751,1,14103,1,1,0,0,1,0,0,0,0,0,0,0,0,0
715,4,34302495c1cb7056,1.476875,20.0,1,14273,2,1,0,0,1,0,0,0,0,0,0,0,0,1
716,4,eb5af491a9186808,1.110631,19.387565,1,14132,1,1,0,0,0,0,0,0,0,0,0,0,0,1
717,4,76aef1f83a3fe05c,1.878029,20.0,1,14179,1,0,0,0,1,0,0,0,0,0,0,0,0,1
718,4,b6c075215fcc9a56,1.410893,19.648151,1,14058,1,1,0,0,1,0,0,0,0,0,0,0,0,0
719,4,6a122bbc37db0578,1.059951,20.0,1,14418,1,1,0,0,1,0,0,0,0,0,0,0,0,1
720,4,94ee2cfdefe2962f,1.841249,20.0,1,14454,2,1,0,0,1,0,0,0,0,0,0,0,0,1
721,4,31259b15e3c0d688,1.383261,20.0,1,14416,1,1,0,0,0,0,0,0,0,0,0,0,0,1
722,4,cbe9e27dd9fcc496,2.082846,20.0,1,14447,1,0,0,0,1,0,0,0,0,0,0,0,0,1
723,4,ef6e9a6b8c9dedac,1.56633,20.0,1,14310,1,1,0,0,1,0,0,0,0,0,0,0,0,0
724,4,108ab896ce851076,1.176725,20.0,1,14375,1,1,0,0,1,0,0,0,0,0,0,0,0,1
725,4,5ab748308c938d4b,1.927683,20.0,1,14334,2,1,0,0,1,0,0,0,0,0,0,0,0,1
726,4,ea9870eb0110fe66,1.448196,17.873615,0,14525,1,1,0,0,0,0,0,0,0,0,0,0,0,0
727,4,0f93f5a5c56ce4d0,2.133215,20.0,1,14536,1,0,0,0,1,0,0,0,0,0,0,0,0,1
728,4,d47d647e87814b3c,2.646258,20.0,1,14515,2,1,0,0,1,0,0,0,0,0,0,0,0,1
729,4,f2ec3b3dd5393045,1.988035,20.0,1,14603,1,1,0,0,1,0,0,0,0,0,0,0,0,1
730,4,227ae4cf8dece492,1.49503,20.0,1,14475,1,1,0,0,1,0,0,0,0,0,0,0,0,1
731,4,96ad3bf04ec494ef,1.12316,18.618906,0,14706,1,1,0,0,0,0,0,0,0,0,0,0,0,0
732,4,19888b20d2fcca97,1.887442,20.0,1,14418,1,0,0,0,1,0,0,0,0,0,0,0,0,1
733,4,ae4a85d8ded1111e,1.417964,19.214323,1,14509,1,1,0,0,1,0,0,0,0,0,0,0,0,0
734,4,b5c343bc73c07e31,1.066329,20.0,1,14558,1,1,0,0,1,0,0,0,0,0,0,0,0,1
735,4,d2584a1b87bd0bdb,0.801093,19.563714,1,14497,1,1,0,0,1,0,0,0,0,0,0,0,0,0
736,4,40e460a3d012b503,2.689138,18.176332,1,14550,2,0,0,0,0,0,0,0,0,0,0,0,0,1
737,4,1ed4e450630ad4da,2.02227,20.0,1,14500,1,1,0,0,1,0,0,0,0,0,0,0,0,1
738,4,e15713dbe218689a,1.519256,20.0,1,14497,1,1,0,0,1,0,0,0,0,0,0,0,0,1
739,4,20ff1058688d2961,2.185014,16.870454,0,14049,1,0,0,0,0,0,0,0,0,0,0,0,0,0
740,4,e189b5e4b7720b8e,1.641519,19.631831,1,14222,1,1,0,0,1,0,0,0,0,0,0,0,0,1
741,4,15c0b08e70798cde,1.234446,18.243918,1,14150,1,1,0,0,1,0,0,0,0,0,0,0,0,0
742,4,18153679ff9d16b8,1.971046,17.184818,1,14145,1,0,0,0,0,0,0,0,0,0,0,0,0,1
743,4,9c632b2142868ffc,1.480773,16.389156,1,13751,1,1,0,0,1,0,0,0,0,0,0,0,0,0
744,4,25177066f9937594,1.113563,19.285882,1,13696,1,1,0,0,1,0,0,0,0,0,0,0,0,1
745,4,6c8753e93e35da38,0.836578,17.967607,1,14047,1,1,0,0,1,0,0,0,0,0,0,0,0,0
746,4,8f7e9cb986646572,1.672143,16.977236,1,14115,1,0,0,0,0,0,0,0,0,0,0,0,0,1
747,4,44573aa812dd557e,1.256219,16.233207,1,13951,1,1,0,0,1,0,0,0,0,0,0,0,0,0
748,4,965767a299f94935,0.944694,19.168607,1,13801,1,1,0,0,1,0,0,0,0,0,0,0,0,1
749,4,ea3a4447d5c43313,0.709714,14.400658,0,13679,1,1,0,0,0,0,0,0,0,0,0,0,0,0
750,4,d132a8266aa653a9,2.620488,17.776365,1,13442,2,0,0,0,1,0,0,0,0,0,0,0,0,1
751,4,6fefc172199fec08,0.926494,20.0,1,13643,0,1,0,0,1,0,0,0,0,0,0,0,0,1
752,5,1fd48474a6be9a50,0.69604,18.751325,1,14007,1,1,0,0,1,0,0,0,0,0,0,0,0,0
753,5,40ab05863d40ab6a,0.522909,20.0,1,14077,1,1,0,0,1,0,0,0,0,0,0,0,0,1
754,5,9fa3e60e300cac94,1.436495,15.810215,0,14296,1,0,0,0,0,0,0,0,0,0,0,0,0,0
755,5,9522afc9eb92ebd2,2.124415,18.850511,1,14110,2,1,0,0,1,0,0,0,0,0,0,0,0,1
756,5,0fba0eaa5e567fe1,0.552341,17.640528,1,14119,0,1,0,0,1,0,0,0,0,0,0,0,0,0
757,5,8f9f8c22e25048df,1.458606,16.731514,1,13858,1,0,0,0,0,0,0,0,0,0,0,0,0,1
758,5,025aca0c2fc547cd,2.141043,19.54334,1,13831,2,1,0,0,1,0,0,0,0,0,0,0,0,1
759,5,ea7305c3d0c4eb0e,1.608486,20.0,1,14014,1,1,0,0,1,0,0,0,0,0,0,0,0,1
760,5,b3bc2710b036c5b2,1.208395,20.0,1,14010,1,1,0,0,1,0,0,0,0,0,0,0,0,1
761,5,3c254a4fca255c07,0.907822,17.440497,0,14006,1,1,0,0,0,0,0,0,0,0,0,0,0,0
762,5,7fb0256f65ce4ff6,1.726846,20.0,1,13960,1,0,0,0,1,0,0,0,0,0,0,0,0,1
763,5,a69e89495c03d18a,1.297315,18.561573,1,14025,1,1,0,0,1,0,0,0,0,0,0,0,0,0
764,5,ba87dd4319678e85,2.018277,20.0,1,13986,2,1,0,0,1,0,0,0,0,0,0,0,0,1
765,5,3e895dd2e76d3ae9,1.517773,20.0,1,13897,1,1,0,0,1,0,0,0,0,0,0,0,0,1
766,5,5bfa9aaebee05047,2.1839,17.038512,0,13945,1,0,0,0,0,0,0,0,0,0,0,0,0,0
767,5,ca3938afd42b6b51,1.640682,19.758086,1,13900,1,1,0,0,1,0,0,0,0,0,0,0,0,1
768,5,3840b1179d01d5ca,1.232583,20.0,1,14022,1,1,0,0,1,0,0,0,0,0,0,0,0,1
769,5,3ad00a257add4750,0.92692,16.394814,0,14130,1,1,0,0,0,0,0,0,0,0,0,0,0,0
770,5,715e21df0f1ac6b8,1.740014,19.2745,1,14022,1,0,0,0,1,0,0,0,0,0,0,0,0,1
771,5,ab882b57d80326bc,1.307207,17.959056,1,14029,1,1,0,0,1,0,0,0,0,0,0,0,0,0
772,5,de121b1615b372cf,0.983039,20.0,1,14013,1,1,0,0,1,0,0,0,0,0,0,0,0,1
773,5,05c8759f4447da7f,1.782173,20.0,1,13918,2,1,0,0,1,0,0,0,0,0,0,0,0,1
774,5,f9da155166fdbcb3,1.33888,20.0,1,13999,1,1,0,0,1,0,0,0,0,0,0,0,0,1
775,5,cbdedca5a02ed691,1.005851,17.831913,0,14069,1,1,0,0,0,0,0,0,0,0,0,0,0,0
776,5,4f5226b5dafbe0bb,1.800565,20.0,1,13982,1,0,0,0,1,0,0,0,0,0,0,0,0,1
777,5,4836f3002aa2c43b,1.352697,18.782707,1,13903,1,1,0,0,1,0,0,0,0,0,0,0,0,0
778,5,94fd34594f25ef4c,1.016231,20.0,1,13973,1,1,0,0,1,0,0,0,0,0,0,0,0,1
779,5,61fdc813a35b7e5c,1.80837,20.0,1,13916,2,1,0,0,1,0,0,0,0,0,0,0,0,1
780,5,c1ff7d5e27979afc,2.402214,20.0,1,14012,1,0,0,0,0,0,0,0,0,0,0,0,0,1
781,5,4c4b32e1dd2dac14,1.804694,18.963278,1,13952,1,1,0,0,1,0,0,0,0,0,0,0,0,0
782,5,18e97e0f39a9ecb7,1.355799,20.0,1,14082,1,1,0,0,1,0,0,0,0,0,0,0,0,1
783,5,fa991d1920f7a129,2.063731,15.945779,0,13786,1,0,0,0,0,0,0,0,0,0,0,0,0,0
784,5,51552f91ffd096d2,2.594057,18.937157,1,13982,2,1,0,0,1,0,0,0,0,0,0,0,0,1
785,5,26e88b506b571353,1.948818,20.0,1,14042,1,1,0,0,1,0,0,0,0,0,0,0,0,1
786,5,5c18f8f3cb4d4f05,1.465539,20.0,1,13704,1,1,0,0,1,0,0,0,0,0,0,0,0,1
787,5,ab4bf7a80033b35a,1.101005,17.197922,0,13783,1,1,0,0,0,0,0,0,0,0,0,0,0,0
788,5,cb3af0200abf5ce2,1.870797,19.877845,1,13713,1,0,0,0,1,0,0,0,0,0,0,0,0,1
789,5,267fb9baba69d22d,1.40546,18.412326,1,13732,1,1,0,0,1,0,0,0,0,0,0,0,0,0
790,5,c43a99f18d83f6a3,2.101076,17.326834,1,13818,1,0,0,0,0,0,0,0,0,0,0,0,0,1
791,5,68fb7de2616ac559,2.622113,19.974691,1,13775,2,1,0,0,1,0,0,0,0,0,0,0,0,1
792,5,9ad2d9f6e4498fc7,1.969896,20.0,1,13921,1,1,0,0,1,0,0,0,0,0,0,0,0,1
793,5,4341960f2ac3ab54,2.52554,16.517187,0,13684,1,0,0,0,0,0,0,0,0,0,0,0,0,0
794,5,7e3185205c89a13b,1.897344,19.366434,1,13884,1,1,0,0,1,0,0,0,0,0,0,0,0,1
795,5,67d7852b54324427,2.469057,14.549278,0,13819,1,0,0,0,0,0,0,0,0,0,0,0,0,0
796,5,0b46c0dac7e3156d,1.85491,17.888018,1,13596,1,1,0,0,1,0,0,0,0,0,0,0,0,1
797,5,ad0d049e4a8d9442,1.394919,20.0,1,13518,1,1,0,0,1,0,0,0,0,0,0,0,0,1
798,5,48362f2e3d8a12bd,2.091604,15.33556,0,13552,1,0,0,0,0,0,0,0,0,0,0,0,0,0
799,5,7061691e5fb9b0ae,1.571344,18.478722,1,13699,1,1,0,0,1,0,0,0,0,0,0,0,0,1
800,5,86369afde500d1fe,1.181673,17.376764,1,13782,1,1,0,0,1,0,0,0,0,0,0,0,0,0
801,5,9256b7abc0246002,1.9314,16.533358,1,13715,1,0,0,0,0,0,0,0,0,0,0,0,0,1
802,5,9b35100af6e009da,1.450989,19.378583,1,13595,1,1,0,0,1,0,0,0,0,0,0,0,0,1
803,5,4ec6692b4957dd3d,2.133727,18.037249,1,13681,2,1,0,0,1,0,0,0,0,0,0,0,0,0
804,5,541b4b352d28fb23,1.604593,20.0,1,13389,1,1,0,0,1,0,0,0,0,0,0,0,0,1
805,5,f055ea7712d8f37a,2.249124,15.419869,0,13769,1,0,0,0,0,0,0,0,0,0,0,0,0,0
806,5,a566ce4c6958414b,1.689683,18.54206,1,13706,1,1,0,0,1,0,0,0,0,0,0,0,0,1
807,5,5fc6bcce85b21503,1.270666,20.0,1,13709,1,1,0,0,1,0,0,0,0,0,0,0,0,1
808,5,1473f0b87b198acd,1.998257,15.705068,0,13786,1,0,0,0,0,0,0,0,0,0,0,0,0,0
809,5,7fe2f95347754d37,1.501216,18.756319,1,13810,1,1,0,0,1,0,0,0,0,0,0,0,0,1
810,5,c80cbc304e74ce25,1.127807,20.0,1,13711,1,1,0,0,1,0,0,0,0,0,0,0,0,1
811,5,fa1702dff13f3223,1.892278,19.309357,1,13775,2,1,0,0,0,0,0,0,0,0,0,0,0,1
812,5,3b64daad89c09212,2.465251,20.0,1,13681,1,0,0,0,1,0,0,0,0,0,0,0,0,1
813,5,893902579b0c1285,1.852051,19.604011,1,13962,1,1,0,0,1,0,0,0,0,0,0,0,0,0
814,5,49f72ad0976cc5e3,1.392769,20.0,1,13899,1,1,0,0,1,0,0,0,0,0,0,0,0,1
815,5,3fa8483855a42a18,1.046335,19.783872,1,13843,1,1,0,0,0,0,0,0,0,0,0,0,0,1
816,5,87923164d21434b4,2.873379,20.0,1,13939,2,0,0,0,1,0,0,0,0,0,0,0,0,1
817,5,bc9a0ace5374cc6a,2.158662,20.0,1,14145,1,1,0,0,1,0,0,0,0,0,0,0,0,1
818,5,34061889b2936fc6,1.623345,20.0,1,14270,1,1,0,0,1,0,0,0,0,0,0,0,0,0
819,5,b72d1814ad9ae2eb,2.263212,19.285814,1,15302,1,0,0,0,0,0,0,0,0,0,0,0,0,1
820,5,b2f195b4f323ac12,1.700266,20.0,1,15136,1,1,0,0,1,0,0,0,0,0,0,0,0,1
821,5,173395665988cd20,2.322775,20.0,1,14786,2,1,0,0,1,0,0,0,0,0,0,0,0,1
822,5,8bfa7c35a1484725,1.745014,20.0,1,14783,1,1,0,0,1,0,0,0,0,0,0,0,0,0
823,5,520ac4c136493977,1.310964,19.1237,1,14662,1,1,0,0,0,0,0,0,0,0,0,0,0,1
824,5,8b62a6cc196ef011,3.072185,20.0,1,15819,2,0,0,0,1,0,0,0,0,0,0,0,0,1
825,5,be1f8b73a7428a12,2.310327,19.516912,1,15775,1,1,0,0,1,0,0,0,0,0,0,0,0,0
826,5,8e14c5dae55bea73,1.735662,20.0,1,15498,1,1,0,0,1,0,0,0,0,0,0,0,0,1
827,5,de5e960a49572553,3.391245,19.721154,1,15405,2,0,0,0,0,0,0,0,0,0,0,0,0,1
828,5,742291f5d2e85757,2.550264,20.0,1,15154,1,1,0,0,1,0,0,0,0,0,0,0,0,1
829,5,abacdd99101f73f7,1.915918,19.850053,1,15117,1,1,0,0,1,0,0,0,0,0,0,0,0,0
830,5,62bec65dfaff8aa6,2.483011,18.391447,1,15682,1,0,0,0,0,0,0,0,0,0,0,0,0,1
831,5,b12701e5e4ef1522,2.909047,20.0,1,15299,2,1,0,0,1,0,0,0,0,0,0,0,0,1
832,5,36cffb38efd66357,2.187645,19.103219,1,15311,1,1,0,0,1,0,0,0,0,0,0,0,0,0
833,5,d5f963d2a62f535b,2.687149,17.830379,1,15332,1,0,0,0,0,0,0,0,0,0,0,0,0,1
834,5,999f9232fdb20cc2,2.018755,20.0,1,15225,1,1,0,0,1,0,0,0,0,0,0,0,0,1
835,5,e69a77f68ff5bcd3,2.562283,20.0,1,15279,2,1,0,0,1,0,0,0,0,0,0,0,0,1
836,5,a609558abf493445,2.968601,16.728169,0,14332,1,0,0,0,0,0,0,0,0,0,0,0,0,0
837,5,5fb516e11c5d3006,2.230199,19.524937,1,13957,1,1,0,0,1,0,0,0,0,0,0,0,0,1
838,5,e846b9c95637abd0,2.719118,14.668355,0,13886,1,0,0,0,0,0,0,0,0,0,0,0,0,0
839,5,e01c701a542aaabf,2.044816,17.991815,1,13899,1,1,0,0,1,0,0,0,0,0,0,0,0,1
840,5,8da896ba095cf718,2.579847,13.516578,0,14103,1,0,0,0,0,0,0,0,0,0,0,0,0,0
841,5,a4aa80f01dbcf57e,2.981796,17.112189,1,14040,2,1,0,0,1,0,0,0,0,0,0,0,0,1
842,5,4204a14ff005f57c,3.286504,16.349112,1,13683,1,0,0,0,0,0,0,0,0,0,0,0,0,1
843,5,1304a12128dfed9c,2.469027,15.761321,1,13831,1,1,0,0,1,0,0,0,0,0,0,0,0,0
844,5,c3bf5a778df0f6a4,2.898541,15.319736,1,13877,1,0,0,0,0,0,0,0,0,0,0,0,0,1
845,5,a503ddd0922cf308,2.177566,18.466834,1,13720,1,1,0,0,1,0,0,0,0,0,0,0,0,1
846,5,1758627ae472df10,1.63756,20.0,1,13819,1,1,0,0,1,0,0,0,0,0,0,0,0,1
847,5,615937571a4b95eb,1.230238,15.662568,0,13632,1,1,0,0,0,0,0,0,0,0,0,0,0,0
848,5,fc46f3d789b7dca1,1.967885,18.724391,1,13820,1,0,0,0,1,0,0,0,0,0,0,0,0,1
849,5,728add543d2036c0,2.524028,20.0,1,13855,2,1,0,0,1,0,0,0,0,0,0,0,0,1
850,5,1fa2654537ffc663,2.939861,19.286922,1,13789,1,0,0,0,0,0,0,0,0,0,0,0,0,1
851,5,31f41367f84e4a32,2.208608,20.0,1,13843,1,1,0,0,1,0,0,0,0,0,0,0,0,1
852,5,d68ef22add6732dd,1.659245,19.591348,1,14091,1,1,0,0,1,0,0,0,0,0,0,0,0,0
853,5,433dc78389c8d469,1.247776,20.0,1,13816,1,1,0,0,1,0,0,0,0,0,0,0,0,1
854,5,a5032fb42c2bd135,0.937407,20.0,1,13998,1,1,0,0,1,0,0,0,0,0,0,0,0,1
855,5,ccc892e66441c2e5,2.791546,20.0,1,13971,2,0,0,0,0,0,0,0,0,0,0,0,0,1
856,5,a411650f58ad8f2c,2.099282,20.0,1,14054,1,1,0,0,1,0,0,0,0,0,0,0,0,1
857,5,edcc78b2e193937f,1.577112,20.0,1,15101,1,1,0,0,1,0,0,0,0,0,0,0,0,0
858,5,6f0f58d783790561,1.184825,20.0,1,14879,1,1,0,0,1,0,0,0,0,0,0,0,0,1
859,5,e56d1f5b9ebfb994,1.933768,20.0,1,14625,2,1,0,0,0,0,0,0,0,0,0,0,0,1
860,5,674d116cc84d8cab,2.498372,20.0,1,14626,1,0,0,0,1,0,0,0,0,0,0,0,0,1
861,5,76e7708b68e8305c,1.876933,20.0,1,15711,1,1,0,0,1,0,0,0,0,0,0,0,0,0
862,5,27a5642f480aafe9,1.41007,20.0,1,15643,1,1,0,0,1,0,0,0,0,0,0,0,0,1
863,5,563f489a3f237417,1.060393,20.0,1,15512,1,1,0,0,1,0,0,0,0,0,0,0,0,0
864,5,cef65d2c5ec0bdec,0.796633,20.0,1,15252,1,1,0,0,1,0,0,0,0,0,0,0,0,1
865,5,a0becf8c7735f6c6,0.598481,20.0,1,15224,1,1,0,0,1,0,0,0,0,0,0,0,0,1
866,5,8547788618b623a5,0.449616,20.0,1,15084,1,1,0,0,1,0,0,0,0,0,0,0,0,0
867,5,869e8566e3d1d02e,1.382268,20.0,1,14834,2,1,0,0,1,0,0,0,0,0,0,0,0,1
868,5,e1c0ef6a7f6ec539,1.038447,20.0,1,14741,1,1,0,0,0,0,0,0,0,0,0,0,0,1
869,5,e92eb15c5fdf3398,1.823799,20.0,1,14931,1,0,0,0,1,0,0,0,0,0,0,0,0,1
870,5,4ccc163945dcd643,1.371523,20.0,1,14697,1,1,0,0,1,0,0,0,0,0,0,0,0,1
871,5,b081d829f54b7340,1.030374,20.0,1,14773,1,1,0,0,1,0,0,0,0,0,0,0,0,0
872,5,2c3b0022cf066182,1.817735,19.562921,1,14942,2,1,0,0,0,0,0,0,0,0,0,0,0,1
873,5,58e1e67177ccd444,2.40925,20.0,1,14217,1,0,0,0,1,0,0,0,0,0,0,0,0,1
874,5,2db9bdfd49c2932f,1.81179,20.0,1,13923,1,1,0,0,1,0,0,0,0,0,0,0,0,1
875,5,f28e5fccf6edf436,1.36113,20.0,1,13958,1,1,0,0,1,0,0,0,0,0,0,0,0,0
876,5,8b440919f83fe385,1.022566,20.0,1,14061,1,1,0,0,1,0,0,0,0,0,0,0,0,1
877,5,f8c0570cdc4e6455,2.857285,20.0,1,13969,2,0,0,0,0,0,0,0,0,0,0,0,0,1
878,5,65a5929090dee542,2.146572,18.913072,1,14040,1,1,0,0,1,0,0,0,0,0,0,0,0,0
879,5,0c5438b93e7b1ee1,2.656292,17.687529,1,14099,1,0,0,0,0,0,0,0,0,0,0,0,0,1
880,5,6130322bda0de5f0,1.995573,16.766824,1,14076,1,1,0,0,1,0,0,0,0,0,0,0,0,0
881,5,de2463bb61781049,1.500699,19.569894,1,14022,1,1,0,0,1,0,0,0,0,0,0,0,0,1
882,5,c912f3386f4213f0,3.214726,18.180974,1,14206,2,0,0,0,0,0,0,0,0,0,0,0,0,1
883,5,ee4fb6a02ecc6f6e,2.415104,17.137531,1,14068,1,1,0,0,1,0,0,0,0,0,0,0,0,0
884,5,c8279efd2de82bfe,1.816192,16.368169,1,14191,1,1,0,0,0,0,0,0,0,0,0,0,0,1
885,5,82efaaf069a73ea3,2.408091,19.254483,1,14159,1,0,0,0,1,0,0,0,0,0,0,0,0,1
886,5,6ced0f40ca029ea6,1.809109,17.944017,1,14332,1,1,0,0,1,0,0,0,0,0,0,0,0,0
887,5,0416aa9d467eb9d0,3.446422,16.959514,1,14259,2,0,0,0,0,0,0,0,0,0,0,0,0,1
888,5,176c11f3001cc29c,2.591759,19.7148,1,14299,1,1,0,0,1,0,0,0,0,0,0,0,0,1
889,5,7cc365c75e08c8bf,1.947091,20.0,1,14213,1,1,0,0,1,0,0,0,0,0,0,0,0,1
890,5,7c66b6b4cc9f5b34,2.50643,19.832841,1,14261,1,0,0,0,0,0,0,0,0,0,0,0,0,1
891,5,b5dfdefe9d4a1764,1.884871,18.395081,1,13950,1,1,0,0,1,0,0,0,0,0,0,0,0,0
892,5,8706354fe2cb6e3b,1.416033,20.0,1,14175,1,1,0,0,1,0,0,0,0,0,0,0,0,1
893,5,763e335921caecc8,1.063813,19.087997,1,14017,1,1,0,0,0,0,0,0,0,0,0,0,0,1
894,5,57639d9454e4a2c3,1.842856,17.818943,1,14098,1,0,0,0,1,0,0,0,0,0,0,0,0,0
895,5,71957c5c5719dccd,2.430005,20.0,1,14045,2,1,0,0,1,0,0,0,0,0,0,0,0,1
896,5,e9d62055453f4261,1.825572,20.0,1,14011,1,1,0,0,1,0,0,0,0,0,0,0,0,1
897,5,9de2189b61ab2501,1.371484,20.0,1,14253,1,1,0,0,1,0,0,0,0,0,0,0,0,1
898,5,4de43914d14954be,1.031375,17.805032,0,14144,1,1,0,0,0,0,0,0,0,0,0,0,0,0
899,5,fccefa508074d1e5,1.818487,20.0,1,13975,1,0,0,0,1,0,0,0,0,0,0,0,0,1
900,5,a8ec08ff103aebee,1.366161,20.0,1,13750,1,1,0,0,1,0,0,0,0,0,0,0,0,1
901,5,97f494d4e55403f9,1.026346,20.0,1,13733,1,1,0,0,1,0,0,0,0,0,0,0,0,0
902,5,bb9f2cb6cd99a4fe,1.815977,20.0,1,13766,2,1,0,0,1,0,0,0,0,0,0,0,0,1
903,5,55ce4e7a6db4a056,2.407929,20.0,1,13749,1,0,0,0,0,0,0,0,0,0,0,0,0,1
904,5,590f28e7fa603110,1.808987,20.0,1,13713,1,1,0,0,1,0,0,0,0,0,0,0,0,1
905,5,3ee88975b1af0aab,1.360384,20.0,1,14075,1,1,0,0,1,0,0,0,0,0,0,0,0,0
906,5,5c5b43cd39c1a20c,1.022006,20.0,1,14147,1,1,0,0,1,0,0,0,0,0,0,0,0,1
907,5,95ba8a4a86a85160,2.855101,20.0,1,13959,2,0,0,0,0,0,0,0,0,0,0,0,0,1
908,5,5725b7487ce6fd24,2.144931,18.531014,1,14308,1,1,0,0,1,0,0,0,0,0,0,0,0,0
909,5,fca62a72440e8ceb,1.613019,20.0,1,13807,1,1,0,0,1,0,0,0,0,0,0,0,0,1
910,5,1d1f77fd4ec4fb89,1.211801,20.0,1,13833,1,1,0,0,1,0,0,0,0,0,0,0,0,1
911,5,d84da7da76c11a41,1.954034,20.0,1,13900,1,0,0,0,0,0,0,0,0,0,0,0,0,1
912,5,1f0ebffd114a8668,2.513612,18.896672,1,13874,2,1,0,0,1,0,0,0,0,0,0,0,0,0
913,5,4e4cd45d72f4f4c9,1.888383,20.0,1,14111,1,1,0,0,1,0,0,0,0,0,0,0,0,1
914,5,87148251e31c0853,1.418671,19.371093,1,14391,1,1,0,0,1,0,0,0,0,0,0,0,0,0
915,5,4899f999e8feaada,2.109448,18.031623,1,14328,1,0,0,0,0,0,0,0,0,0,0,0,0,1
916,5,a80fec5b39601211,1.586335,20.0,1,14550,1,1,0,0,1,0,0,0,0,0,0,0,0,1
917,5,3640ba8a22d7961b,1.191754,18.895535,1,15597,1,1,0,0,1,0,0,0,0,0,0,0,0,0
918,5,424c105bc9eea6d9,1.938974,20.0,1,15130,2,1,0,0,1,0,0,0,0,0,0,0,0,1
919,5,5ecec063ee308d59,2.502286,19.388008,1,14973,1,0,0,0,0,0,0,0,0,0,0,0,0,1
920,5,c3d11587adb0ca69,1.879874,20.0,1,15953,1,1,0,0,1,0,0,0,0,0,0,0,0,1
921,5,8e8c2e20e9d23ede,1.412279,19.648401,1,15803,1,1,0,0,1,0,0,0,0,0,0,0,0,0
922,5,3b437c040aff1222,1.060993,20.0,1,15353,1,1,0,0,1,0,0,0,0,0,0,0,0,1
923,5,ad2b2ccd474fda36,2.886183,19.813348,1,15644,2,0,0,0,0,0,0,0,0,0,0,0,0,1
924,5,b8f4621dfe986232,2.168281,18.363872,1,15430,1,1,0,0,1,0,0,0,0,0,0,0,0,0
925,5,167458074a5f6127,1.628949,20.0,1,15470,1,1,0,0,1,0,0,0,0,0,0,0,0,1
926,5,c8276cc39e9a2c73,2.269143,15.607138,0,15924,1,0,0,0,0,0,0,0,0,0,0,0,0,0
927,5,3c06a1ac1a344770,1.704722,18.682748,1,16213,1,1,0,0,1,0,0,0,0,0,0,0,0,1
928,5,3da7fbd2d71d0b34,1.280694,20.0,1,17282,1,1,0,0,1,0,0,0,0,0,0,0,0,1
929,5,1fe1784dcd2dd167,3.049444,19.250356,1,17497,2,0,0,0,0,0,0,0,0,0,0,0,0,1
930,5,40280724ea75740e,2.293226,20.0,1,17358,1,1,0,0,1,0,0,0,0,0,0,0,0,1
931,5,e5e4c0bec10af6f4,1.722815,19.584071,1,17498,1,1,0,0,1,0,0,0,0,0,0,0,0,0
932,5,217ce25e09eda23c,2.33794,20.0,1,16978,2,1,0,0,1,0,0,0,0,0,0,0,0,1
933,5,8bbcfe26e7ee6680,2.802314,19.777004,1,16587,1,0,0,0,0,0,0,0,0,0,0,0,0,1
934,5,bee3b653c30a369d,2.105274,18.336568,1,16796,1,1,0,0,1,0,0,0,0,0,0,0,0,0
935,5,1bcd2daf93b295d9,1.581614,20.0,1,16252,1,1,0,0,1,0,0,0,0,0,0,0,0,1
936,5,0e859da3fb3a9465,2.231861,20.0,1,16404,2,1,0,0,1,0,0,0,0,0,0,0,0,1
937,5,4e091ae05afe6f62,1.678391,20.0,1,15904,1,1,0,0,1,0,0,0,0,0,0,0,0,1
938,5,20cd85224633e4cf,1.260912,20.0,1,15869,1,1,0,0,1,0,0,0,0,0,0,0,0,1
939,6,1fd48474a6be9a50,0.947276,18.719917,0,14904,1,1,0,0,0,0,0,0,0,0,0,0,0,0
940,6,40ab05863d40ab6a,1.756516,20.0,1,13990,1,0,0,0,1,0,0,0,0,0,0,0,0,1
941,6,9fa3e60e300cac94,2.363258,20.0,1,14230,2,1,0,0,1,0,0,0,0,0,0,0,0,1
942,6,9522afc9eb92ebd2,1.775427,20.0,1,14170,1,1,0,0,1,0,0,0,0,0,0,0,0,1
943,6,0fba0eaa5e567fe1,2.377466,18.074522,0,14142,1,0,0,0,0,0,0,0,0,0,0,0,0,0
944,6,8f9f8c22e25048df,1.787888,20.0,1,13793,1,1,0,0,1,0,0,0,0,0,0,0,0,1
945,6,025aca0c2fc547cd,1.343173,18.919771,1,14033,1,1,0,0,1,0,0,0,0,0,0,0,0,0
946,6,ea7305c3d0c4eb0e,1.009076,20.0,1,14058,1,1,0,0,1,0,0,0,0,0,0,0,0,1
947,6,b3bc2710b036c5b2,0.75884,20.0,1,13865,1,1,0,0,1,0,0,0,0,0,0,0,0,1
948,6,3c254a4fca255c07,1.613741,17.190543,0,13993,1,0,0,0,0,0,0,0,0,0,0,0,0,0
949,6,7fb0256f65ce4ff6,1.212343,19.872302,1,14015,1,1,0,0,1,0,0,0,0,0,0,0,0,1
950,6,a69e89495c03d18a,0.910788,14.929317,0,13948,1,1,0,0,0,0,0,0,0,0,0,0,0,0
951,6,ba87dd4319678e85,1.729076,18.188063,1,14008,1,0,0,0,1,0,0,0,0,0,0,0,0,1
952,6,3e895dd2e76d3ae9,1.29899,17.142856,1,13907,1,1,0,0,1,0,0,0,0,0,0,0,0,0
953,6,5bfa9aaebee05047,0.975883,19.836476,1,13932,1,1,0,0,1,0,0,0,0,0,0,0,0,1
954,6,ca3938afd42b6b51,0.733878,18.397814,1,14116,1,1,0,0,1,0,0,0,0,0,0,0,0,0
955,6,3840b1179d01d5ca,1.594988,17.300435,1,14025,1,0,0,0,0,0,0,0,0,0,0,0,0,1
956,6,3ad00a257add4750,2.241908,19.954859,1,14043,2,1,0,0,1,0,0,0,0,0,0,0,0,1
957,6,715e21df0f1ac6b8,1.684262,20.0,1,13988,1,1,0,0,1,0,0,0,0,0,0,0,0,1
958,6,ab882b57d80326bc,1.266589,20.0,1,13948,1,1,0,0,1,0,0,0,0,0,0,0,0,1
959,6,de121b1615b372cf,1.995194,17.629869,0,14085,1,0,0,0,0,0,0,0,0,0,0,0,0,0
960,6,58b8431551715724,2.542568,20.0,1,13923,2,1,0,0,1,0,0,0,0,0,0,0,0,1
961,6,23e17bd6c1c20f85,1.912048,20.0,1,13950,1,1,0,0,1,0,0,0,0,0,0,0,0,1
962,6,6c8b0d01b8cfd1ce,1.43645,20.0,1,14047,1,1,0,0,0,0,0,0,0,0,0,0,0,1
963,6,2551e34755c8a168,2.122804,18.595683,1,13981,1,0,0,0,1,0,0,0,0,0,0,0,0,0
964,6,8c235a0ae63b488b,1.594784,20.0,1,13927,1,1,0,0,1,0,0,0,0,0,0,0,0,1
965,6,2bce3cabc81dd490,1.1993,19.218604,1,13936,1,1,0,0,1,0,0,0,0,0,0,0,0,0
966,6,308bd744ed8c33ff,1.944643,20.0,1,14126,2,1,0,0,1,0,0,0,0,0,0,0,0,1
967,6,51952867e827cf95,1.460937,20.0,1,13972,1,1,0,0,1,0,0,0,0,0,0,0,0,1
968,6,443f5748c5da71ed,2.142796,20.0,1,13830,1,0,0,0,0,0,0,0,0,0,0,0,0,1
969,6,30f0b4f090c40f84,1.609803,19.105572,1,13940,1,1,0,0,1,0,0,0,0,0,0,0,0,0
970,6,1d09943f7d6afd36,2.253038,17.832147,1,14134,1,0,0,0,0,0,0,0,0,0,0,0,0,1
971,6,38015449e0d5de60,1.692623,16.87547,1,13792,1,1,0,0,1,0,0,0,0,0,0,0,0,0
972,6,7677b7c8ff211365,2.317027,19.651597,1,13989,2,1,0,0,1,0,0,0,0,0,0,0,0,1
973,6,68b854b05876c65a,1.740696,20.0,1,14074,1,1,0,0,1,0,0,0,0,0,0,0,0,1
974,6,f55bb8af336b89d3,2.351373,19.79717,1,13848,1,0,0,0,0,0,0,0,0,0,0,0,0,1
975,6,2286890aaf126ddc,1.768266,18.368255,1,13933,1,1,0,0,1,0,0,0,0,0,0,0,0,0
976,6,c93e1c3c6e2fa7fc,1.328432,20.0,1,13854,1,1,0,0,1,0,0,0,0,0,0,0,0,1
977,6,bd2bf9f62f4a9287,2.041655,15.594013,0,13891,1,0,0,0,0,0,0,0,0,0,0,0,0,0
978,6,13b36e5ecd07fe80,1.533819,18.672888,1,13964,1,1,0,0,1,0,0,0,0,0,0,0,0,1
979,6,8eb6d70896fa65fb,2.197604,14.042278,0,13780,1,0,0,0,0,0,0,0,0,0,0,0,0,0
980,6,a432763ba202471b,1.650978,17.507127,1,13997,1,1,0,0,1,0,0,0,0,0,0,0,0,1
981,6,bd54a2eb1d68d3f6,2.283971,20.0,1,14068,2,1,0,0,1,0,0,0,0,0,0,0,0,1
982,6,74a866444eca1ed2,2.76173,15.123112,0,13858,1,0,0,0,0,0,0,0,0,0,0,0,0,0
983,6,c0e1ddf7125b2dcc,2.074784,18.319117,1,13735,1,1,0,0,1,0,0,0,0,0,0,0,0,1
984,6,5ed4277bc55f194a,2.602361,13.762468,0,13379,1,0,0,0,0,0,0,0,0,0,0,0,0,0
985,6,88386df31bdf01b7,1.955057,17.296917,1,13704,1,1,0,0,1,0,0,0,0,0,0,0,0,1
986,6,1afd893aa326c281,1.47023,19.968531,1,13862,1,1,0,0,1,0,0,0,0,0,0,0,0,1
987,6,64a5ae986fded4b3,1.104529,15.001611,0,13837,1,1,0,0,0,0,0,0,0,0,0,0,0,0
988,6,f5cb235201830819,1.873445,18.227839,1,13845,1,0,0,0,1,0,0,0,0,0,0,0,0,1
989,6,3d71febe8792bdf6,1.408857,20.0,1,13657,1,1,0,0,1,0,0,0,0,0,0,0,0,1
990,6,661ed08892f72ec5,1.058422,19.006389,1,13789,1,1,0,0,1,0,0,0,0,0,0,0,0,0
991,6,f4c67b84efa7888e,1.838806,17.757634,1,13906,1,0,0,0,0,0,0,0,0,0,0,0,0,1
992,6,86a6acd59cd04bbe,1.381426,20.0,1,13769,1,1,0,0,1,0,0,0,0,0,0,0,0,1
993,6,82d05ef8d17442e3,1.038852,18.74514,1,13836,1,1,0,0,1,0,0,0,0,0,0,0,0,0
994,6,c6d7a0309fd53471,2.867758,17.561367,1,13815,2,0,0,0,0,0,0,0,0,0,0,0,0,1
995,6,56747215f856c564,2.154439,20.0,1,13788,1,1,0,0,1,0,0,0,0,0,0,0,0,1
996,6,cac5e75c2da1e471,1.620169,20.0,1,13839,1,1,0,0,1,0,0,0,0,0,0,0,0,1
997,6,c5e2187f17182c94,1.217172,20.0,1,14579,1,1,0,0,1,0,0,0,0,0,0,0,0,0
998,6,35260cd259084717,1.958069,18.573841,1,14196,1,0,0,0,0,0,0,0,0,0,0,0,0,1
999,6,434eda24f141e352,1.471024,20.0,1,15107,1,1,0,0,1,0,0,0,0,0,0,0,0,1
1000,6,afa20bb40f43cb3d,2.150382,19.206264,1,15220,2,1,0,0,1,0,0,0,0,0,0,0,0,0
1001,6,2dae86e8dd283692,1.615501,17.907792,1,14914,1,1,0,0,0,0,0,0,0,0,0,0,0,1
1002,6,ebed51433251143a,2.257319,20.0,1,15085,1,0,0,0,1,0,0,0,0,0,0,0,0,1
1003,6,ab0222ee96863329,2.741687,20.0,1,14832,2,1,0,0,1,0,0,0,0,0,0,0,0,1
1004,6,abd65e30501e2caa,3.10338,20.0,1,15101,1,0,0,0,0,0,0,0,0,0,0,0,0,1
1005,6,2245e81fef6ab007,2.331453,20.0,1,15616,1,1,0,0,1,0,0,0,0,0,0,0,0,1
1006,6,312de359f1985b85,2.795187,20.0,1,15343,2,1,0,0,1,0,0,0,0,0,0,0,0,1
1007,6,01d1b1c3e51d5caa,2.102021,20.0,1,15219,1,1,0,0,1,0,0,0,0,0,0,0,0,0
1008,6,994caa02d4d14782,1.579169,20.0,1,15261,1,1,0,0,1,0,0,0,0,0,0,0,0,1
1009,6,67c91a93f99ee3a7,3.273678,20.0,1,15391,2,0,0,0,0,0,0,0,0,0,0,0,0,1
1010,6,b971c1c5d9ea77bc,2.461852,19.039914,1,15537,1,1,0,0,1,0,0,0,0,0,0,0,0,0
1011,6,f84c8e70b54dd5d7,1.849498,20.0,1,14260,1,1,0,0,1,0,0,0,0,0,0,0,0,1
1012,6,9ba80387c2769e20,3.476765,19.451938,1,13522,2,0,0,0,0,0,0,0,0,0,0,0,0,1
1013,6,51dec607a199414e,2.611964,18.092358,1,13851,1,1,0,0,1,0,0,0,0,0,0,0,0,0
1014,6,f3ae11fddb3da61f,1.964234,20.0,1,13789,1,1,0,0,1,0,0,0,0,0,0,0,0,1
1015,6,f73306305bea2918,1.475656,18.929849,1,13992,1,1,0,0,1,0,0,0,0,0,0,0,0,0
1016,6,8de262a4710eb3c3,1.108605,17.700132,1,13886,1,1,0,0,0,0,0,0,0,0,0,0,0,1
1017,6,40ba3edf3f2086b6,2.921988,20.0,1,13977,2,0,0,0,1,0,0,0,0,0,0,0,0,1
1018,6,5dd82791ce91cfa4,2.19518,20.0,1,14031,1,1,0,0,1,0,0,0,0,0,0,0,0,1
1019,6,d362e64e32e49a41,1.649157,16.668339,0,14000,1,1,0,0,0,0,0,0,0,0,0,0,0,0
1020,6,bd6e9446dbfd67b1,2.282603,19.479989,1,14034,1,0,0,0,1,0,0,0,0,0,0,0,0,1
1021,6,45f43a1c30b0eb0f,1.71655,18.129731,1,13871,1,1,0,0,1,0,0,0,0,0,0,0,0,0
1022,6,7f177533b89dcc3e,2.333233,17.099034,1,13884,1,0,0,0,0,0,0,0,0,0,0,0,0,1
1023,6,daa093be7900d24c,1.752871,16.324709,1,13896,1,1,0,0,1,0,0,0,0,0,0,0,0,0
1024,6,4d57cc92db29d4cc,2.362334,15.756916,1,13943,1,0,0,0,0,0,0,0,0,0,0,0,0,1
1025,6,a7caf4e2e12535d6,1.774734,18.795271,1,13854,1,1,0,0,1,0,0,0,0,0,0,0,0,1
1026,6,9f31e68db0d0c076,2.376944,14.120184,0,13986,1,0,0,0,0,0,0,0,0,0,0,0,0,0
1027,6,54b14a654deecdb4,1.785709,17.565656,1,13756,1,1,0,0,1,0,0,0,0,0,0,0,0,1
1028,6,b9ae912b68304e5d,1.342879,13.209624,0,14657,1,1,0,0,0,0,0,0,0,0,0,0,0,0
1029,6,735914d9725ea276,3.096161,16.881585,1,14681,2,0,0,0,1,0,0,0,0,0,0,0,0,1
1030,6,3984d39d53d71b92,2.32603,19.640193,1,14159,1,1,0,0,1,0,0,0,0,0,0,0,0,1
1031,6,5435618f3692f8dd,2.793358,14.769705,0,15760,1,0,0,0,0,0,0,0,0,0,0,0,0,0
1032,6,72aa83fa616e4fa3,2.098546,18.053616,1,16103,1,1,0,0,1,0,0,0,0,0,0,0,0,1
1033,6,e3f6f8525d79b768,1.576559,17.041852,1,15648,1,1,0,0,1,0,0,0,0,0,0,0,0,0
1034,6,404993a9663217b8,1.18441,19.760595,1,15406,1,1,0,0,1,0,0,0,0,0,0,0,0,1
1035,6,10729788e5f09e33,1.934844,14.860249,0,15405,1,0,0,0,0,0,0,0,0,0,0,0,0,0
1036,6,4a969379916bc28f,1.453576,18.121639,1,15254,1,1,0,0,1,0,0,0,0,0,0,0,0,1
1037,6,f60721557705008a,1.092017,17.092954,1,15645,1,1,0,0,1,0,0,0,0,0,0,0,0,0
1038,6,5b9e5f57fa65c1ee,0.821212,19.815149,1,15203,1,1,0,0,1,0,0,0,0,0,0,0,0,1
1039,6,38ca2495de5f8cf4,0.616946,18.365225,1,15160,1,1,0,0,1,0,0,0,0,0,0,0,0,0
1040,6,b398c7a84a687e69,1.507142,17.275951,1,14935,1,0,0,0,0,0,0,0,0,0,0,0,0,1
1041,6,1af5f05f1c485ede,1.132259,19.936466,1,14872,1,1,0,0,1,0,0,0,0,0,0,0,0,1
1042,6,4eb80c46d3093d40,0.851475,18.473008,1,14450,1,1,0,0,1,0,0,0,0,0,0,0,0,0
1043,6,2f10c2084781b6ff,0.639681,20.0,1,14014,1,1,0,0,1,0,0,0,0,0,0,0,0,1
1044,6,2951f5c73ea875e2,0.480569,19.131979,1,13758,1,1,0,0,1,0,0,0,0,0,0,0,0,0
1045,6,2a32c095200ebeb8,0.361395,17.868023,1,13685,1,1,0,0,0,0,0,0,0,0,0,0,0,1
1046,6,badd259e4c232b61,2.358809,20.0,1,13857,2,0,0,0,1,0,0,0,0,0,0,0,0,1
1047,6,1041046f3f94b1b3,1.772085,18.790528,1,13810,1,1,0,0,1,0,0,0,0,0,0,0,0,0
1048,6,bd1fa364eb7efc08,1.331301,20.0,1,13890,1,1,0,0,1,0,0,0,0,0,0,0,0,1
1049,6,29ca9ad14e5873a4,2.045308,19.328684,1,13639,1,0,0,0,0,0,0,0,0,0,0,0,0,1
1050,6,2b182e81e06be681,1.536563,20.0,1,13798,1,1,0,0,1,0,0,0,0,0,0,0,0,1
1051,6,c31699c61b117301,1.154363,19.614919,1,13875,1,1,0,0,1,0,0,0,0,0,0,0,0,0
1052,6,435f18a261278526,2.956398,18.2312,1,13846,2,0,0,0,0,0,0,0,0,0,0,0,0,1
1053,6,47ff9afb5d743a3c,2.221031,20.0,1,13803,1,1,0,0,1,0,0,0,0,0,0,0,0,1
1054,6,ac524477d1bc3d38,1.668578,20.0,1,13914,1,1,0,0,1,0,0,0,0,0,0,0,0,1
1055,6,2459b4a9cb84e842,1.25354,20.0,1,13870,1,1,0,0,1,0,0,0,0,0,0,0,0,0
1056,6,a43f9ce2eec22c4f,1.986831,18.793755,1,13855,1,0,0,0,0,0,0,0,0,0,0,0,0,1
1057,6,2f6e064816018c96,1.492632,17.59789,1,13955,1,1,0,0,1,0,0,0,0,0,0,0,0,0
1058,6,f040fb7bbd530035,1.121358,20.0,1,13863,1,1,0,0,1,0,0,0,0,0,0,0,0,1
1059,6,db355d0e6d339436,2.931578,18.65489,1,13866,2,0,0,0,0,0,0,0,0,0,0,0,0,1
1060,6,08bd6811ff5c3846,2.202385,20.0,1,14062,1,1,0,0,1,0,0,0,0,0,0,0,0,1
1061,6,457ba4fc912a8feb,1.65457,19.234633,1,14011,1,1,0,0,0,0,0,0,0,0,0,0,0,1
1062,6,cef6ca2dfae8a690,2.28667,17.929105,1,14142,1,0,0,0,1,0,0,0,0,0,0,0,0,0
1063,6,810171290d2254fe,2.763759,20.0,1,13946,2,1,0,0,1,0,0,0,0,0,0,0,0,1
1064,6,ff69be2db44305a9,2.076309,20.0,1,14012,1,1,0,0,1,0,0,0,0,0,0,0,0,1
1065,6,dd249c5d35144e6d,2.603506,20.0,1,14158,1,0,0,0,0,0,0,0,0,0,0,0,0,1
1066,6,596a70ce4e1a796f,1.957874,20.0,1,14046,1,1,0,0,1,0,0,0,0,0,0,0,0,1
1067,6,9f3c9d63f6f2e734,2.514531,16.666804,0,14048,1,0,0,0,0,0,0,0,0,0,0,0,0,0
1068,6,00f4dc20a8af2d04,1.889073,19.478835,1,14217,1,1,0,0,1,0,0,0,0,0,0,0,0,1
1069,6,8f97db38e624a6dc,2.462843,20.0,1,14174,2,1,0,0,1,0,0,0,0,0,0,0,0,1
1070,6,4e6a545a3fa75848,2.896244,19.71755,1,14349,1,0,0,0,0,0,0,0,0,0,0,0,0,1
1071,6,a170bf49da1431a0,2.17584,18.291903,1,14464,1,1,0,0,1,0,0,0,0,0,0,0,0,0
1072,6,40c78ea257e75de0,2.67828,17.220867,1,14578,1,0,0,0,0,0,0,0,0,0,0,0,0,1
1073,6,e2e02cbaaa77d92a,2.014105,16.430839,1,14424,1,1,0,0,1,0,0,0,0,0,0,0,0,0
1074,6,e2aeb682532b866c,2.556775,15.82272,1,14400,2,1,0,0,0,0,0,0,0,0,0,0,0,1
1075,6,f0b79e269e3be3f3,2.964463,18.844707,1,14275,1,0,0,0,1,0,0,0,0,0,0,0,0,1
1076,6,02ed09464b5558b9,2.22709,20.0,1,14169,1,1,0,0,1,0,0,0,0,0,0,0,0,1
1077,6,0da5058a0f705d5c,1.674804,20.0,1,14182,1,1,0,0,1,0,0,0,0,0,0,0,0,1
1078,6,c97c1c8027de7332,2.301871,17.158683,0,14405,1,0,0,0,0,0,0,0,0,0,0,0,0,0
1079,6,08076f3a12a8b2c0,1.729309,19.848366,1,14429,1,1,0,0,1,0,0,0,0,0,0,0,0,1
1080,6,5be1d8eaafc1b43b,2.344616,20.0,1,14263,2,1,0,0,1,0,0,0,0,0,0,0,0,1
1081,6,d525f42b63caae50,1.761422,19.921923,1,14291,1,1,0,0,1,0,0,0,0,0,0,0,0,0
1082,6,964a36a123b4adbc,2.366944,18.445441,1,14427,1,0,0,0,0,0,0,0,0,0,0,0,0,1
1083,6,b1973fa4df9d3762,1.778197,17.336215,1,14378,1,1,0,0,1,0,0,0,0,0,0,0,0,0
1084,6,5629f494962eb5fb,1.337229,19.998084,1,14390,1,1,0,0,1,0,0,0,0,0,0,0,0,1
1085,6,7e1a0bcfb52a5e7d,1.00461,18.502657,1,14377,1,1,0,0,1,0,0,0,0,0,0,0,0,0
1086,6,e6377ce65dae3465,2.842033,17.379199,1,14487,2,0,0,0,0,0,0,0,0,0,0,0,0,1
1087,6,b2cd3f4719db3f19,2.137249,20.0,1,14588,1,1,0,0,1,0,0,0,0,0,0,0,0,1
1088,6,c4cf3bd4aaffaace,1.605635,20.0,1,14508,1,1,0,0,1,0,0,0,0,0,0,0,0,1
1089,6,f08c247c4f655611,1.206254,20.0,1,14630,1,1,0,0,1,0,0,0,0,0,0,0,0,0
1090,6,9645b233b7ee5ed8,1.949867,18.512338,1,14667,1,0,0,0,0,0,0,0,0,0,0,0,0,1
1091,6,f11ad35494667fbb,1.466328,17.402043,1,14504,1,1,0,0,1,0,0,0,0,0,0,0,0,0
1092,6,8e5aa53cf751c496,1.101597,20.0,1,14637,1,1,0,0,1,0,0,0,0,0,0,0,0,1
1093,6,c24e3162dd10b0ad,1.871242,20.0,1,14633,2,1,0,0,1,0,0,0,0,0,0,0,0,1
1094,6,ed923b302433414e,2.451351,20.0,1,14540,1,0,0,0,0,0,0,0,0,0,0,0,0,1
1095,6,c68750cc70fc9a5f,1.841609,20.0,1,14542,1,1,0,0,1,0,0,0,0,0,0,0,0,1
1096,6,8248f78f6da401cc,1.383532,20.0,1,14746,1,1,0,0,1,0,0,0,0,0,0,0,0,0
1097,6,b08e10fe0c0353d1,1.039396,20.0,1,14816,1,1,0,0,1,0,0,0,0,0,0,0,0,1
1098,6,3a55e1f099bf3a41,0.78164,20.0,1,14766,1,1,0,0,1,0,0,0,0,0,0,0,0,1
1099,6,18dd48dc8ff5224b,1.630871,20.0,1,14864,2,1,0,0,1,0,0,0,0,0,0,0,0,1
1100,6,186b352d2db39329,2.268865,18.489461,0,14837,1,0,0,0,0,0,0,0,0,0,0,0,0,0
1101,6,814c37ff93de61cd,1.706219,20.0,1,14973,1,1,0,0,1,0,0,0,0,0,0,0,0,1
1102,6,fe5898504efbab47,1.281819,19.154196,1,14957,1,1,0,0,1,0,0,0,0,0,0,0,0,0
1103,6,2848bad70d1f485a,0.962982,20.0,1,15254,1,1,0,0,1,0,0,0,0,0,0,0,0,1
1104,6,342cf9fa5029b4a4,0.723453,20.0,1,15152,1,1,0,0,1,0,0,0,0,0,0,0,0,1
1105,6,4bb161ad0e7eb39a,2.632348,20.0,1,15125,2,0,0,0,0,0,0,0,0,0,0,0,0,1
1106,6,5c826f675116e881,1.977584,19.085035,1,15371,1,1,0,0,1,0,0,0,0,0,0,0,0,0
1107,6,904e847803f77cf7,2.529339,20.0,1,15390,2,1,0,0,1,0,0,0,0,0,0,0,0,1
1108,6,277275d31ca7b8c9,2.946249,19.495068,1,15156,1,0,0,0,0,0,0,0,0,0,0,0,0,1
1109,6,458e847030017807,2.213407,20.0,1,15574,1,1,0,0,1,0,0,0,0,0,0,0,0,1
1110,6,d875475b86c5f5bf,2.706503,20.0,1,15411,2,1,0,0,1,0,0,0,0,0,0,0,0,1
1111,6,c1a16e060b84be84,3.076948,20.0,1,15434,1,0,0,0,0,0,0,0,0,0,0,0,0,1
1112,6,83731a07ce145d84,2.313909,19.196753,1,15588,1,1,0,0,1,0,0,0,0,0,0,0,0,0
1113,6,6ed6a5ecc47491c9,1.738353,20.0,1,15632,1,1,0,0,1,0,0,0,0,0,0,0,0,1
1114,6,5beff155e445f316,1.30596,20.0,1,15639,1,1,0,0,1,0,0,0,0,0,0,0,0,1
1115,6,83e7cb654e121f17,3.070401,17.310843,0,15683,2,0,0,0,0,0,0,0,0,0,0,0,0,0
1116,6,f2668bda8a9e8bfb,2.306678,19.962678,1,15767,1,1,0,0,1,0,0,0,0,0,0,0,0,1
1117,6,bf162683746b580a,1.732921,20.0,1,15931,1,1,0,0,1,0,0,0,0,0,0,0,0,1
1118,6,3c1f57ab015dcdf4,1.301879,19.972742,1,15574,1,1,0,0,1,0,0,0,0,0,0,0,0,0
1119,6,19edbe5f7df56301,3.067332,20.0,1,15699,2,0,0,0,0,0,0,0,0,0,0,0,0,2
1120,6,cfdbc80b436520a6,2.304372,19.992191,1,15427,1,1,0,0,1,0,0,0,0,0,0,0,0,0
1121,6,a7977383de76f16a,1.731189,20.0,1,15468,1,1,0,0,1,0,0,0,0,0,0,0,0,1
1122,6,ccab811a69657daa,2.346029,20.0,1,15674,2,1,0,0,1,0,0,0,0,0,0,0,0,1
1123,6,20ffed2c257446f8,1.762484,20.0,1,15811,1,1,0,0,1,0,0,0,0,0,0,0,0,1
1124,6,d5789f599abe53af,2.367742,20.0,1,15305,1,0,0,0,0,0,0,0,0,0,0,0,0,1
1125,6,c81e4387c0bab4b1,1.778796,19.978421,1,15792,1,1,0,0,1,0,0,0,0,0,0,0,0,0
1126,6,c36725e28335f3d6,1.33768,20.0,1,15249,1,1,0,0,1,0,0,0,0,0,0,0,0,1
1127,6,daa77536f627e09c,1.004949,20.0,1,15108,1,1,0,0,1,0,0,0,0,0,0,0,0,1
1128,6,4a8c9c42205977f6,0.75498,20.0,1,14931,1,1,0,0,1,0,0,0,0,0,0,0,0,0
1129,6,0b3d5608c10f3a2b,0.567756,20.0,1,15994,1,1,0,0,1,0,0,0,0,0,0,0,0,1
1130,6,6781c700c3a68de8,2.513841,20.0,1,15949,2,0,0,0,0,0,0,0,0,0,0,0,0,1
1131,6,8444e368eda4d70b,1.888554,18.982688,1,15921,1,1,0,0,1,0,0,0,0,0,0,0,0,0
1132,6,e0bd4285ecf274d4,1.4188,20.0,1,16840,1,1,0,0,1,0,0,0,0,0,0,0,0,1
1133,6,fcb30063733b2d52,2.111109,20.0,1,16886,2,1,0,0,1,0,0,0,0,0,0,0,0,1
1134,6,d7d7748fce3ca964,1.585997,20.0,1,16591,1,1,0,0,1,0,0,0,0,0,0,0,0,1
1135,6,8270f50154afc804,1.1915,20.0,1,16672,1,1,0,0,1,0,0,0,0,0,0,0,0,1
1136,6,7504c230978469b0,0.896025,20.0,1,16568,1,1,0,0,1,0,0,0,0,0,0,0,0,0
1137,6,1407427719892012,1.716804,20.0,1,16473,2,1,0,0,1,0,0,0,0,0,0,0,0,1
1138,6,15d1464ecf40482f,1.28977,20.0,1,16861,1,1,0,0,0,0,0,0,0,0,0,0,0,1
1139,6,a0646f51c504a85e,0.968956,20.0,1,16916,1,1,0,0,1,0,0,0,0,0,0,0,0,1
1140,7,1fd48474a6be9a50,2.81697,20.0,1,14792,2,0,0,0,1,0,0,0,0,0,0,0,0,1
1141,7,40ab05863d40ab6a,2.116284,20.0,1,14096,1,1,0,0,1,0,0,0,0,0,0,0,0,1
1142,7,9fa3e60e300cac94,1.589885,20.0,1,14243,1,1,0,0,1,0,0,0,0,0,0,0,0,1
1143,7,9522afc9eb92ebd2,2.239767,19.453446,0,13911,1,0,0,0,0,0,0,0,0,0,0,0,0,0
1144,7,0fba0eaa5e567fe1,1.682653,20.0,1,14223,1,1,0,0,1,0,0,0,0,0,0,0,0,1
1145,7,8f9f8c22e25048df,1.264114,19.685334,1,13792,1,1,0,0,1,0,0,0,0,0,0,0,0,0
1146,7,025aca0c2fc547cd,1.993335,18.2677,1,13939,1,0,0,0,0,0,0,0,0,0,0,0,0,1
1147,7,ea7305c3d0c4eb0e,2.543167,20.0,1,13959,2,1,0,0,1,0,0,0,0,0,0,0,0,1
1148,7,b3bc2710b036c5b2,1.910586,19.02891,1,14087,1,1,0,0,1,0,0,0,0,0,0,0,0,0
1149,7,3c254a4fca255c07,1.435352,17.774553,1,14023,1,1,0,0,0,0,0,0,0,0,0,0,0,1
1150,7,7fb0256f65ce4ff6,2.123556,16.847219,1,14112,1,0,0,0,1,0,0,0,0,0,0,0,0,0
1151,7,a69e89495c03d18a,1.595348,19.614375,1,13895,1,1,0,0,1,0,0,0,0,0,0,0,0,1
1152,7,ba87dd4319678e85,1.198525,20.0,1,14060,1,1,0,0,1,0,0,0,0,0,0,0,0,1
1153,7,3e895dd2e76d3ae9,1.944061,16.297317,0,13821,1,0,0,0,0,0,0,0,0,0,0,0,0,0
1154,7,5bfa9aaebee05047,1.461961,19.216818,1,13983,1,1,0,0,1,0,0,0,0,0,0,0,0,1
1155,7,ca3938afd42b6b51,1.098317,20.0,1,14058,1,1,0,0,1,0,0,0,0,0,0,0,0,1
1156,7,3840b1179d01d5ca,1.868778,16.072938,0,14001,1,0,0,0,0,0,0,0,0,0,0,0,0,0
1157,7,3ad00a257add4750,1.405348,19.048082,1,14084,1,1,0,0,1,0,0,0,0,0,0,0,0,1
1158,7,715e21df0f1ac6b8,2.099438,20.0,1,13949,2,1,0,0,1,0,0,0,0,0,0,0,0,1
1159,7,ab882b57d80326bc,2.620883,15.977704,0,14141,1,0,0,0,0,0,0,0,0,0,0,0,0,0
1160,7,de121b1615b372cf,1.968971,18.96114,1,14041,1,1,0,0,1,0,0,0,0,0,0,0,0,1
1161,7,58b8431551715724,1.480695,17.73955,1,13822,1,1,0,0,1,0,0,0,0,0,0,0,0,0
1162,7,23e17bd6c1c20f85,1.11239,20.0,1,14050,1,1,0,0,1,0,0,0,0,0,0,0,0,1
1163,7,6c8b0d01b8cfd1ce,0.835697,20.0,1,13876,1,1,0,0,1,0,0,0,0,0,0,0,0,1
1164,7,2551e34755c8a168,1.672607,16.692357,0,13941,1,0,0,0,0,0,0,0,0,0,0,0,0,0
1165,7,8c235a0ae63b488b,1.256567,19.498033,1,13857,1,1,0,0,1,0,0,0,0,0,0,0,0,1
1166,7,2bce3cabc81dd490,0.944012,20.0,1,14250,1,1,0,0,1,0,0,0,0,0,0,0,0,1
1167,7,308bd744ed8c33ff,1.752854,20.0,1,13939,2,1,0,0,1,0,0,0,0,0,0,0,0,1
1168,7,51952867e827cf95,2.362322,17.438717,0,13973,1,0,0,0,0,0,0,0,0,0,0,0,0,0
1169,7,443f5748c5da71ed,1.774724,20.0,1,13953,1,1,0,0,1,0,0,0,0,0,0,0,0,1
1170,7,30f0b4f090c40f84,1.333284,20.0,1,14055,1,1,0,0,1,0,0,0,0,0,0,0,0,1
1171,7,1d09943f7d6afd36,2.046799,20.0,1,13875,1,0,0,0,0,0,0,0,0,0,0,0,0,1
1172,7,38015449e0d5de60,2.581337,18.538036,1,13902,2,1,0,0,1,0,0,0,0,0,0,0,0,0
1173,7,7eda3c507e379896,1.939262,20.0,1,13798,1,1,0,0,1,0,0,0,0,0,0,0,0,1
1174,7,8ddbb87888b6632c,1.456895,20.0,1,14011,1,1,0,0,1,0,0,0,0,0,0,0,0,1
1175,7,743b899e427a8843,2.139756,17.031262,0,13919,1,0,0,0,0,0,0,0,0,0,0,0,0,0
1176,7,0c769c4870421458,1.607519,19.752639,1,13990,1,1,0,0,1,0,0,0,0,0,0,0,0,1
1177,7,b3cb3f9c2c374222,1.207669,20.0,1,13777,1,1,0,0,1,0,0,0,0,0,0,0,0,1
1178,7,79d4b14d63ec3f81,1.952335,16.391736,0,14005,1,0,0,0,0,0,0,0,0,0,0,0,0,0
1179,7,7941b6f480f70fb1,1.466716,19.272188,1,13780,1,1,0,0,1,0,0,0,0,0,0,0,0,1
1180,7,44e2b6a536740bc0,2.145542,17.957319,1,13903,1,0,0,0,0,0,0,0,0,0,0,0,0,1
1181,7,419f91ee017e6be2,2.655519,16.969507,1,13887,2,1,0,0,1,0,0,0,0,0,0,0,0,0
1182,7,addf75071cc28465,1.996988,19.722314,1,13934,1,1,0,0,1,0,0,0,0,0,0,0,0,1
1183,7,b1a3d42f7919f3de,2.543916,14.816637,0,13895,1,0,0,0,0,0,0,0,0,0,0,0,0,0
1184,7,68b7d6167824b816,1.911149,18.088875,1,13860,1,1,0,0,1,0,0,0,0,0,0,0,0,1
1185,7,8c79014b59051ef7,2.481362,13.603092,0,13531,1,0,0,0,0,0,0,0,0,0,0,0,0,0
1186,7,ca8b1a082b684a61,1.864154,17.177183,1,14010,1,1,0,0,1,0,0,0,0,0,0,0,0,1
1187,7,2296eb66a8b293da,1.400469,16.38342,1,14075,1,1,0,0,1,0,0,0,0,0,0,0,0,0
1188,7,f8a8b4e745128f64,2.095774,15.787096,1,14013,1,0,0,0,0,0,0,0,0,0,0,0,0,1
1189,7,6c9a5be37c2c89e3,1.576052,15.352623,1,13784,1,1,0,0,1,0,0,0,0,0,0,0,0,0
1190,7,c560fdfc511ca4eb,2.227682,18.491541,1,14096,2,1,0,0,1,0,0,0,0,0,0,0,0,1
1191,7,527ec356edf24bac,1.673574,20.0,1,13930,1,1,0,0,1,0,0,0,0,0,0,0,0,1
1192,7,d6a877f49a6f655e,2.302702,19.159767,1,13940,1,0,0,0,0,0,0,0,0,0,0,0,0,1
1193,7,2148ac7bb8563403,1.729934,17.872862,1,13994,1,1,0,0,1,0,0,0,0,0,0,0,0,0
1194,7,7f99898413223d92,1.299635,20.0,1,13993,1,1,0,0,1,0,0,0,0,0,0,0,0,1
1195,7,f011ba1f6a819228,2.02002,15.314415,0,13934,1,0,0,0,0,0,0,0,0,0,0,0,0,0
1196,7,8a2c864ad3d62bc1,1.519084,18.477661,1,14016,1,1,0,0,1,0,0,0,0,0,0,0,0,1
1197,7,a4ca81b04e9e6513,1.141231,17.360421,1,14064,1,1,0,0,1,0,0,0,0,0,0,0,0,0
1198,7,45c2ab7ee76a401d,0.857364,19.999924,1,14088,1,1,0,0,1,0,0,0,0,0,0,0,0,1
1199,7,933fdd5d9b1d53d8,0.64475,15.040228,0,14082,1,1,0,0,0,0,0,0,0,0,0,0,0,0
1200,7,24e4572c2abebe5f,1.52803,18.25685,1,14190,1,0,0,0,1,0,0,0,0,0,0,0,0,1
1201,7,1591144484c32755,1.147952,20.0,1,13964,1,1,0,0,1,0,0,0,0,0,0,0,0,1
1202,7,b6ecae13168a8da4,0.862413,19.009981,1,14103,1,1,0,0,1,0,0,0,0,0,0,0,0,0
1203,7,06951b7dcea6fcfe,0.648547,20.0,1,13986,1,1,0,0,1,0,0,0,0,0,0,0,0,1
1204,7,5fdc5bdc275546b2,1.530883,15.969424,0,14201,1,0,0,0,0,0,0,0,0,0,0,0,0,0
1205,7,cd64b140aacfc3e2,1.150095,18.95492,1,14158,1,1,0,0,1,0,0,0,0,0,0,0,0,1
1206,7,c9a72c6b06dc794a,1.909038,20.0,1,14080,2,1,0,0,1,0,0,0,0,0,0,0,0,1
1207,7,1d632492d9a5c495,1.434189,19.417162,1,14323,1,1,0,0,1,0,0,0,0,0,0,0,0,0
1208,7,29f5024581e49afc,1.077453,20.0,1,14010,1,1,0,0,1,0,0,0,0,0,0,0,0,1
1209,7,a51905093f979b75,1.853103,19.664855,1,14055,1,0,0,0,0,0,0,0,0,0,0,0,0,1
1210,7,248acb7fda94dd29,1.39356,18.268753,1,14101,1,1,0,0,1,0,0,0,0,0,0,0,0,0
1211,7,8e9743a69f30a5f7,1.04693,20.0,1,14055,1,1,0,0,1,0,0,0,0,0,0,0,0,1
1212,7,a7b49be97d6d5791,1.830172,19.016699,1,14191,2,1,0,0,0,0,0,0,0,0,0,0,0,1
1213,7,358efe06964d682b,2.420466,17.78133,1,14096,1,0,0,0,1,0,0,0,0,0,0,0,0,0
1214,7,f8ed293189dce49f,1.818406,20.0,1,14093,1,1,0,0,1,0,0,0,0,0,0,0,0,1
1215,7,3ea88c075c2c55a7,1.3661,20.0,1,14071,1,1,0,0,1,0,0,0,0,0,0,0,0,1
1216,7,a3014c5e19c1c1e5,1.0263,20.0,1,14211,1,1,0,0,1,0,0,0,0,0,0,0,0,0
1217,7,3b8fa0a05954e9c4,2.860093,18.650309,1,14209,2,0,0,0,0,0,0,0,0,0,0,0,0,1
1218,7,675400b9bee2de8d,2.148681,20.0,1,14271,1,1,0,0,1,0,0,0,0,0,0,0,0,1
1219,7,34dda23036446e6d,1.614224,19.232047,1,14143,1,1,0,0,1,0,0,0,0,0,0,0,0,0
1220,7,41edaf51d8d6af52,1.213919,17.943275,1,14352,1,1,0,0,0,0,0,0,0,0,0,0,0,1
1221,7,b0786f017685b7f8,1.955626,16.958956,1,15100,1,0,0,0,1,0,0,0,0,0,0,0,0,0
1222,7,a2945aa9bce39c70,1.469188,19.698319,1,14787,1,1,0,0,1,0,0,0,0,0,0,0,0,1
1223,7,5b1861819bce45ce,1.103746,18.277455,1,14617,1,1,0,0,0,0,0,0,0,0,0,0,0,1
1224,7,bcbca6dac199b4ab,1.874183,17.225408,1,14446,1,0,0,0,1,0,0,0,0,0,0,0,0,0
1225,7,07cf8374260f2ad5,2.451657,19.898495,1,14317,2,1,0,0,1,0,0,0,0,0,0,0,0,1
1226,7,e2fee026bab06228,2.885492,18.42784,1,14753,1,0,0,0,0,0,0,0,0,0,0,0,0,1
1227,7,433c206abd1db4b9,2.169931,20.0,1,14474,1,1,0,0,1,0,0,0,0,0,0,0,0,1
1228,7,eec2418f79d573fe,1.630188,20.0,1,14412,1,1,0,0,1,0,0,0,0,0,0,0,0,1
1229,7,dd213e5c71ec8592,2.268353,16.977203,0,14290,1,0,0,0,0,0,0,0,0,0,0,0,0,0
1230,7,717288ae5fd2726f,1.704129,19.712027,1,14244,1,1,0,0,1,0,0,0,0,0,0,0,0,1
1231,7,11eb6ae54e94f3e9,1.281529,14.823725,0,14095,1,1,0,0,0,0,0,0,0,0,0,0,0,0
1232,7,1964c08ee3a7b939,2.006418,18.0942,1,14187,1,0,0,0,1,0,0,0,0,0,0,0,0,1
1233,7,7864a86c76170bd9,1.507347,17.07234,1,14009,1,1,0,0,1,0,0,0,0,0,0,0,0,0
1234,7,1b68529551d035bb,2.177697,16.319145,1,14038,1,0,0,0,0,0,0,0,0,0,0,0,0,1
1235,7,a8a1606135ba1298,1.636022,15.738808,1,13964,1,1,0,0,1,0,0,0,0,0,0,0,0,0
1236,7,ee2c0840c8224ebe,1.229082,18.781667,1,13945,1,1,0,0,1,0,0,0,0,0,0,0,0,1
1237,7,94d7779f16b0e8d1,0.923364,20.0,1,13880,1,1,0,0,1,0,0,0,0,0,0,0,0,1
1238,7,89b292c92350eef9,1.738533,19.323677,1,13528,1,0,0,0,0,0,0,0,0,0,0,0,0,1
1239,7,bc87e518580dcc93,1.306095,17.996001,1,13434,1,1,0,0,1,0,0,0,0,0,0,0,0,0
1240,7,fab68bb801b84bf0,2.024874,20.0,1,13503,2,1,0,0,1,0,0,0,0,0,0,0,0,1
1241,7,8f4f18613807aa6a,2.566884,15.399306,0,13331,1,0,0,0,0,0,0,0,0,0,0,0,0,0
1242,7,fb6d6b37edb2a429,1.928404,18.526612,1,13605,1,1,0,0,1,0,0,0,0,0,0,0,0,1
1243,7,405443d10c1d33a7,1.448738,20.0,1,13555,1,1,0,0,1,0,0,0,0,0,0,0,0,1
1244,7,67623f9d927ec2af,2.132036,15.683388,0,13717,1,0,0,0,0,0,0,0,0,0,0,0,0,0
1245,7,3923c2a1d874c61e,1.603322,18.755135,1,13353,1,1,0,0,1,0,0,0,0,0,0,0,0,1
1246,7,d01e7dce56010cfc,1.204516,17.568876,1,13552,1,1,0,0,1,0,0,0,0,0,0,0,0,0
1247,7,612833ffcaa74606,0.904907,20.0,1,13571,1,1,0,0,1,0,0,0,0,0,0,0,0,1
1248,7,59e1b87640f10beb,0.680503,18.638499,1,13330,1,1,0,0,1,0,0,0,0,0,0,0,0,0
1249,7,3b753d8b1707969a,1.55489,17.481252,1,13480,1,0,0,0,0,0,0,0,0,0,0,0,0,1
1250,7,1ff4be8290adac60,1.168131,16.611856,1,13497,1,1,0,0,1,0,0,0,0,0,0,0,0,0
1251,7,6fd3bf2f4620c667,0.877573,19.437555,1,13439,1,1,0,0,1,0,0,0,0,0,0,0,0,1
1252,7,542f73431e0a8dc4,1.704098,18.09782,1,13558,2,1,0,0,0,0,0,0,0,0,0,0,0,1
1253,7,ba09ff78898cbdff,2.323878,20.0,1,13525,1,0,0,0,1,0,0,0,0,0,0,0,0,1
1254,7,0f8acd4f6853f027,1.745843,20.0,1,13579,1,1,0,0,1,0,0,0,0,0,0,0,0,1
1255,7,2da7209591eb6d20,1.312899,20.0,1,13433,1,1,0,0,1,0,0,0,0,0,0,0,0,0
1256,7,b21a9f7dec2ae6cf,2.029985,18.748198,1,13630,1,0,0,0,0,0,0,0,0,0,0,0,0,1
1257,7,e2d76e5f7d86fc1f,1.525052,20.0,1,13565,1,1,0,0,1,0,0,0,0,0,0,0,0,1
1258,7,65f73e082bfba57e,2.189368,20.0,1,13489,2,1,0,0,1,0,0,0,0,0,0,0,0,1
1259,7,fe08d9eb136105ad,2.690586,17.120462,0,13578,1,0,0,0,0,0,0,0,0,0,0,0,0,0
1260,7,a2cd32353cd08f9c,2.021337,19.819652,1,13557,1,1,0,0,1,0,0,0,0,0,0,0,0,1
1261,7,05b80f9afcffcf54,1.518555,18.368608,1,13504,1,1,0,0,1,0,0,0,0,0,0,0,0,0
1262,7,9d72ff59bea204f0,3.230276,17.293957,1,13399,2,0,0,0,0,0,0,0,0,0,0,0,0,1
1263,7,aad2689adb011bce,1.383132,19.949992,1,13533,0,1,0,0,1,0,0,0,0,0,0,0,0,1
1264,7,d6e998f41f1d0f38,1.039096,18.466528,1,13540,1,1,0,0,1,0,0,0,0,0,0,0,0,0
1265,7,92d3a85571c335a9,2.86794,17.352057,1,13495,2,0,0,0,0,0,0,0,0,0,0,0,0,1
1266,7,0f6b8ae4ddfd4c16,2.156732,20.0,1,13470,1,1,0,0,1,0,0,0,0,0,0,0,0,1
1267,7,f7aa8f7fa08a5743,1.620272,20.0,1,13424,1,1,0,0,1,0,0,0,0,0,0,0,0,1
1268,7,a1ad5a7cefc51644,2.260903,19.999449,1,13439,1,0,0,0,0,0,0,0,0,0,0,0,0,1
1269,7,f5f199c7390c690a,2.744382,15.039871,0,13299,1,0,0,0,0,0,0,0,0,0,0,0,0,0
1270,7,f795d106ddd91257,2.061752,18.256582,1,13343,1,1,0,0,1,0,0,0,0,0,0,0,0,1
1271,7,36785fc0feb0c290,1.548917,13.715487,0,13436,1,1,0,0,0,0,0,0,0,0,0,0,0,0
1272,7,6c9e0059a587c84f,2.207297,17.261622,1,13309,1,0,0,0,1,0,0,0,0,0,0,0,0,1
1273,7,b5e60f7df1846a47,2.704069,19.941989,1,13321,2,1,0,0,1,0,0,0,0,0,0,0,0,1
1274,7,2249c0f31b2d9af8,2.031466,14.981671,0,13446,0,0,0,0,0,0,0,0,0,0,0,0,0,0
1275,7,9e3274984893107e,1.526164,14.734014,1,13621,1,1,0,0,1,0,0,0,0,0,0,0,0,0
1276,7,d3deb1fe4d296a72,2.191848,14.56069,1,13449,1,0,0,0,0,0,0,0,0,0,0,0,0,1
1277,7,2d4446f589820b7d,2.690307,17.896591,1,13296,2,1,0,0,1,0,0,0,0,0,0,0,0,1
1278,7,34d3c1c163b8a615,3.06478,16.923884,1,13451,1,0,0,0,0,0,0,0,0,0,0,0,0,1
1279,7,1b8d5ad41c925335,2.302455,16.193126,1,13564,1,1,0,0,1,0,0,0,0,0,0,0,0,0
1280,7,6794ef695ce9d89b,1.731479,19.138465,1,13556,1,1,0,0,1,0,0,0,0,0,0,0,0,1
1281,7,1c282f6ab6f0b179,1.300795,20.0,1,13679,1,1,0,0,1,0,0,0,0,0,0,0,0,1
1282,7,57cdee4608d86350,2.020892,19.50756,1,13626,2,1,0,0,0,0,0,0,0,0,0,0,0,1
1283,7,3f6ac8b70e7600a9,2.56389,18.150465,1,13725,1,0,0,0,1,0,0,0,0,0,0,0,0,0
1284,7,4e370b5b3adc8669,1.926155,20.0,1,13757,1,1,0,0,1,0,0,0,0,0,0,0,0,1
1285,7,3f2dc4f0ffba2758,1.447048,18.949937,1,13983,1,1,0,0,1,0,0,0,0,0,0,0,0,0
1286,7,cc5fd7f478480a53,2.130767,17.715224,1,14069,1,0,0,0,0,0,0,0,0,0,0,0,0,1
1287,7,766495e798b51874,1.602367,20.0,1,13946,1,1,0,0,1,0,0,0,0,0,0,0,0,1
1288,7,42e0c25e3bdf1a82,1.203798,18.716783,1,14039,1,1,0,0,1,0,0,0,0,0,0,0,0,0
1289,7,c9201e3d75e9c1f6,1.948022,17.540064,1,14093,1,0,0,0,0,0,0,0,0,0,0,0,0,1
1290,7,dc3407a2684f531b,2.509091,20.0,1,14090,2,1,0,0,1,0,0,0,0,0,0,0,0,1
1291,7,9a613d53fe5c985d,1.884986,18.617824,1,14272,1,1,0,0,1,0,0,0,0,0,0,0,0,0
1292,7,ac8b9b3660674932,1.41612,20.0,1,14226,1,1,0,0,1,0,0,0,0,0,0,0,0,1
1293,7,86b9bafa847f215e,2.107531,15.734868,0,14410,1,0,0,0,0,0,0,0,0,0,0,0,0,0
1294,7,b80b086c8cbff65a,1.584893,18.793848,1,14331,1,1,0,0,1,0,0,0,0,0,0,0,0,1
1295,7,4c134b891214de2f,1.190671,17.59796,1,14412,1,1,0,0,1,0,0,0,0,0,0,0,0,0
1296,7,1ad457db8ef40099,1.93816,16.699534,1,14494,1,0,0,0,0,0,0,0,0,0,0,0,0,1
1297,7,0d3f33d244e15147,1.457524,19.519291,1,14584,1,1,0,0,1,0,0,0,0,0,0,0,0,1
1298,7,a5c27e410c7ca89d,1.094983,18.142958,1,14491,1,1,0,0,1,0,0,0,0,0,0,0,0,0
1299,7,38b35f46938b16a3,1.866273,17.108971,1,14271,2,1,0,0,0,0,0,0,0,0,0,0,0,1
1300,7,3d41db6eb9ee8c47,2.445715,19.811019,1,14153,1,0,0,0,1,0,0,0,0,0,0,0,0,1
1301,7,61d82832677cb341,1.839212,20.0,1,14119,1,1,0,0,1,0,0,0,0,0,0,0,0,1
1302,7,beb444474b44fbd2,2.425385,20.0,1,14004,2,1,0,0,1,0,0,0,0,0,0,0,0,1
1303,7,d3176a33291348fa,2.865754,20.0,1,14119,1,0,0,0,0,0,0,0,0,0,0,0,0,1
1304,7,df9ea94e65331354,2.155088,19.305224,1,14025,1,1,0,0,1,0,0,0,0,0,0,0,0,0
1305,7,afb37e12dec96f00,1.619037,20.0,1,14070,1,1,0,0,1,0,0,0,0,0,0,0,0,1
1306,7,f1a9a34c1ec9c501,1.216322,16.122834,0,14149,1,1,0,0,0,0,0,0,0,0,0,0,0,0
1307,7,fd3ae02b3ec2583b,1.957431,19.070171,1,14268,1,0,0,0,1,0,0,0,0,0,0,0,0,1
1308,7,e32b0ea449da3f10,1.472016,20.0,1,14314,1,1,0,0,1,0,0,0,0,0,0,0,0,1
1309,7,fdc38cb730227e86,2.149524,20.0,1,14601,2,1,0,0,1,0,0,0,0,0,0,0,0,1
1310,7,db48c9d8d80c1b9e,2.65851,17.24983,0,14358,1,0,0,0,0,0,0,0,0,0,0,0,0,0
1311,7,4a419f479ebb3682,1.999238,19.933121,1,14513,1,1,0,0,1,0,0,0,0,0,0,0,0,1
1312,7,7374f09ec5e64b30,2.545606,14.975009,0,14652,1,0,0,0,0,0,0,0,0,0,0,0,0,0
1313,7,dce22ea1b7629413,1.912418,18.207853,1,14777,1,1,0,0,1,0,0,0,0,0,0,0,0,1
1314,7,a34760d0ba731eb4,2.480382,17.157724,1,14738,2,1,0,0,0,0,0,0,0,0,0,0,0,1
1315,7,6402fed0b175c049,2.909433,16.383355,1,15035,1,0,0,0,1,0,0,0,0,0,0,0,0,0
1316,7,737a9391c0cfebcb,2.185748,19.265891,1,15199,1,1,0,0,1,0,0,0,0,0,0,0,0,1
1317,7,af6d2455b7648ace,2.685724,20.0,1,15277,2,1,0,0,1,0,0,0,0,0,0,0,0,1
1318,7,101addaeff2dfc0d,3.063853,19.597245,1,14949,1,0,0,0,0,0,0,0,0,0,0,0,0,1
1319,7,1335a7380b26c9c8,2.301759,18.201522,1,15207,1,1,0,0,1,0,0,0,0,0,0,0,0,0
1320,7,bad11592d1b805b0,1.729225,20.0,1,15164,1,1,0,0,1,0,0,0,0,0,0,0,0,1
1321,7,e8a529e67767ca4e,1.299102,15.499909,0,16136,1,1,0,0,0,0,0,0,0,0,0,0,0,0
1322,7,58422d831bf0780d,2.021094,18.617156,1,15739,1,0,0,0,1,0,0,0,0,0,0,0,0,1
1323,7,7189ac22e381ccba,1.518372,20.0,1,14975,1,1,0,0,1,0,0,0,0,0,0,0,0,1
1324,7,67b41c16d54865f1,2.18435,20.0,1,15171,2,1,0,0,1,0,0,0,0,0,0,0,0,1
1325,7,cdbbe3bf4f608a63,1.642662,20.0,1,16501,1,1,0,0,1,0,0,0,0,0,0,0,0,0
1326,7,d294acb1a860a113,1.234071,18.913794,1,16884,1,1,0,0,0,0,0,0,0,0,0,0,0,1
1327,7,b0c8657a32b8f56e,1.970764,17.688071,1,16419,1,0,0,0,1,0,0,0,0,0,0,0,0,0
1328,7,2088aaf519e6e875,1.480562,20.0,1,17084,1,1,0,0,1,0,0,0,0,0,0,0,0,1
1329,7,6bc9db505e551dfb,1.113403,20.0,1,16557,1,1,0,0,1,0,0,0,0,0,0,0,0,1
1330,7,4fc1d31a93a9e32a,1.880112,20.0,1,17187,2,1,0,0,1,0,0,0,0,0,0,0,0,1
1331,7,9f5c2c1ba30e98a2,1.412458,20.0,1,17294,1,1,0,0,1,0,0,0,0,0,0,0,0,1
1332,7,c8c16e9b23fe9823,3.150489,20.0,1,17387,2,0,0,0,0,0,0,0,0,0,0,0,0,1
1333,7,1f4baccecff49f7a,2.366845,20.0,1,17318,1,1,0,0,1,0,0,0,0,0,0,0,0,0
1334,7,54a210042cdcb644,1.778122,20.0,1,17825,1,1,0,0,1,0,0,0,0,0,0,0,0,1
1335,7,cf76ea4c6859e823,1.335837,20.0,1,17736,1,1,0,0,1,0,0,0,0,0,0,0,0,0
1336,7,5d887ff99631fbaf,2.048719,20.0,1,17482,2,1,0,0,1,0,0,0,0,0,0,0,0,1
1337,7,69f55ef73f773043,1.539126,20.0,1,17107,1,1,0,0,1,0,0,0,0,0,0,0,0,2
1338,7,cc5de6839f14f2ea,2.199941,20.0,1,16674,2,1,0,0,1,0,0,0,0,0,0,0,0,0
1339,7,5622533ec2f6c9bf,1.654387,20.0,1,16453,1,1,0,0,1,0,0,0,0,0,0,0,0,1
1340,7,b887e232efa991e6,1.242879,20.0,1,14949,1,1,0,0,0,0,0,0,0,0,0,0,0,1
1341,7,c4daceb99a82af26,3.021035,20.0,1,13808,2,0,0,0,1,0,0,0,0,0,0,0,0,0
1342,7,3a42fd781043b837,2.269591,20.0,1,14041,1,1,0,0,1,0,0,0,0,0,0,0,0,1
1343,7,47a499712bd21c9d,1.706765,20.0,1,14181,1,1,0,0,1,0,0,0,0,0,0,0,0,0
1344,7,afbbd711606aa4f8,1.282229,18.555546,1,13911,1,1,0,0,0,0,0,0,0,0,0,0,0,1
1345,7,7b282730e1f262de,2.006944,20.0,1,13927,1,0,0,0,1,0,0,0,0,0,0,0,0,1
1346,7,e8b89e53fca9fe0f,2.553401,20.0,1,14175,2,1,0,0,1,0,0,0,0,0,0,0,0,1
1347,7,e49397f368972d6d,1.918275,20.0,1,14154,1,1,0,0,1,0,0,0,0,0,0,0,0,0
1348,7,8aba262a7fcdbc36,1.441128,20.0,1,14206,1,1,0,0,1,0,0,0,0,0,0,0,0,1
1349,8,1fd48474a6be9a50,1.082666,16.805512,0,13961,1,1,0,0,0,0,0,0,0,0,0,0,0,0
1350,8,40ab05863d40ab6a,1.85833,19.598988,1,14118,1,0,0,0,1,0,0,0,0,0,0,0,0,1
1351,8,9fa3e60e300cac94,1.396094,18.202831,1,14348,1,1,0,0,1,0,0,0,0,0,0,0,0,0
1352,8,9522afc9eb92ebd2,1.048833,20.0,1,14132,1,1,0,0,1,0,0,0,0,0,0,0,0,1
1353,8,0fba0eaa5e567fe1,1.832888,15.516157,0,13862,1,0,0,0,0,0,0,0,0,0,0,0,0,0
1354,8,8f9f8c22e25048df,1.37698,18.614397,1,13950,1,1,0,0,1,0,0,0,0,0,0,0,0,1
1355,8,025aca0c2fc547cd,1.034474,17.463145,1,14000,1,1,0,0,1,0,0,0,0,0,0,0,0,0
1356,8,ea7305c3d0c4eb0e,1.820815,16.598253,1,13919,1,0,0,0,0,0,0,0,0,0,0,0,0,1
1357,8,b3bc2710b036c5b2,1.369279,15.962624,1,13979,1,1,0,0,1,0,0,0,0,0,0,0,0,0
1358,8,3c254a4fca255c07,1.028688,18.949812,1,13997,1,1,0,0,1,0,0,0,0,0,0,0,0,1
1359,8,7fb0256f65ce4ff6,0.772815,20.0,1,14062,1,1,0,0,1,0,0,0,0,0,0,0,0,1
1360,8,a69e89495c03d18a,0.581168,15.938171,0,14033,1,1,0,0,0,0,0,0,0,0,0,0,0,0
1361,8,ba87dd4319678e85,1.480263,18.931441,1,13964,1,0,0,0,1,0,0,0,0,0,0,0,0,1
1362,8,3e895dd2e76d3ae9,1.112066,17.701328,1,14036,1,1,0,0,1,0,0,0,0,0,0,0,0,0
1363,8,5bfa9aaebee05047,0.835454,20.0,1,13987,1,1,0,0,1,0,0,0,0,0,0,0,0,1
1364,8,ca3938afd42b6b51,1.672424,15.232827,0,13971,1,0,0,0,0,0,0,0,0,0,0,0,0,0
1365,8,3840b1179d01d5ca,1.256429,18.401543,1,13982,1,1,0,0,1,0,0,0,0,0,0,0,0,1
1366,8,3ad00a257add4750,1.987562,20.0,1,13879,2,1,0,0,1,0,0,0,0,0,0,0,0,1
1367,8,715e21df0f1ac6b8,1.494675,19.108922,1,14035,1,1,0,0,1,0,0,0,0,0,0,0,0,0
1368,8,ab882b57d80326bc,2.166547,17.834663,1,14027,1,0,0,0,0,0,0,0,0,0,0,0,0,1
1369,8,de121b1615b372cf,1.627646,20.0,1,14071,1,1,0,0,1,0,0,0,0,0,0,0,0,1
1370,8,0469b68beb7ba893,1.222789,18.7717,1,13906,1,1,0,0,1,0,0,0,0,0,0,0,0,0
1371,8,77ed09b9b5fdd2d5,0.919555,20.0,1,13990,1,1,0,0,1,0,0,0,0,0,0,0,0,1
1372,8,f528f75252723e1c,2.778134,19.31365,1,13930,2,0,0,0,0,0,0,0,0,0,0,0,0,1
1373,8,c2f4dc060312be30,2.087108,17.988467,1,13961,1,1,0,0,1,0,0,0,0,0,0,0,0,0
1374,8,f6d7570dbe7171fa,1.569535,20.0,1,13812,1,1,0,0,1,0,0,0,0,0,0,0,0,1
1375,8,50afc0b225fbdddd,2.222786,15.39231,0,14146,1,0,0,0,0,0,0,0,0,0,0,0,0,0
1376,8,77cb534e4dd68f47,1.669896,18.521356,1,13939,1,1,0,0,1,0,0,0,0,0,0,0,0,1
1377,8,03a072c123c7f460,2.298184,20.0,1,14030,2,1,0,0,1,0,0,0,0,0,0,0,0,1
1378,8,40a0b4653c2b8b16,1.728267,20.0,1,13823,1,1,0,0,1,0,0,0,0,0,0,0,0,1
1379,8,8ced9c6091029967,1.298383,17.021442,0,14112,1,1,0,0,0,0,0,0,0,0,0,0,0,0
1380,8,674cb12ba4ef8cda,2.01908,19.745262,1,13885,1,0,0,0,1,0,0,0,0,0,0,0,0,1
1381,8,d57b64595e7c32ad,1.518377,18.329221,1,13973,1,1,0,0,1,0,0,0,0,0,0,0,0,0
1382,8,9f2629b0e0b2b516,2.184353,20.0,1,13868,2,1,0,0,1,0,0,0,0,0,0,0,0,1
1383,8,9a611700f3a2a58b,2.684676,19.050826,1,13737,1,0,0,0,0,0,0,0,0,0,0,0,0,1
1384,8,594e66c63de29c67,2.016897,20.0,1,14078,1,1,0,0,1,0,0,0,0,0,0,0,0,1
1385,8,047b3498570e614d,1.516735,19.475742,1,13783,1,1,0,0,1,0,0,0,0,0,0,0,0,0
1386,8,378d1123cbabc548,2.18312,18.110241,1,13846,1,0,0,0,0,0,0,0,0,0,0,0,0,1
1387,8,918953c23da89283,1.640096,20.0,1,14053,1,1,0,0,1,0,0,0,0,0,0,0,0,1
1388,8,85a28377aa3ab8ee,1.233376,18.944348,1,13767,1,1,0,0,1,0,0,0,0,0,0,0,0,0
1389,8,2a49890c64457c92,3.013896,17.711025,1,13921,2,0,0,0,0,0,0,0,0,0,0,0,0,1
1390,8,fe899aeeedf1baa1,2.264227,20.0,1,13987,1,1,0,0,1,0,0,0,0,0,0,0,0,1
1391,8,360e2b3fa87eb860,2.744683,18.701919,1,13896,1,0,0,0,0,0,0,0,0,0,0,0,0,1
1392,8,db46a3761088043b,2.06404,17.544612,1,13878,1,1,0,0,1,0,0,0,0,0,0,0,0,0
1393,8,87a3b2c90966418d,2.59429,16.659455,1,13798,1,0,0,0,0,0,0,0,0,0,0,0,0,1
1394,8,cad5614b5c9dfc3f,1.948993,15.994471,1,13634,1,1,0,0,1,0,0,0,0,0,0,0,0,0
1395,8,e22ab041f40f020b,1.46567,15.508572,1,13655,1,1,0,0,0,0,0,0,0,0,0,0,0,1
1396,8,61f0af6d0e1750cc,2.144757,15.129855,1,14093,1,0,0,0,1,0,0,0,0,0,0,0,0,0
1397,8,db9da9e77e8b99dc,1.611276,18.324183,1,14010,1,1,0,0,1,0,0,0,0,0,0,0,0,1
1398,8,a71a150d055e2753,1.210491,17.245118,1,13855,1,1,0,0,1,0,0,0,0,0,0,0,0,0
1399,8,e879f6bf53bc85bc,1.954457,16.449077,1,13783,1,0,0,0,0,0,0,0,0,0,0,0,0,1
1400,8,355e007c685b4248,1.468311,15.836421,1,13746,1,1,0,0,1,0,0,0,0,0,0,0,0,0
1401,8,e2fceaed287fd98a,1.103087,18.855,1,13814,1,1,0,0,1,0,0,0,0,0,0,0,0,1
1402,8,03d9f87247ef9a09,0.829537,20.0,1,13834,1,1,0,0,1,0,0,0,0,0,0,0,0,1
1403,8,4cfb7e322df78772,1.666854,15.881866,0,13918,1,0,0,0,0,0,0,0,0,0,0,0,0,0
1404,8,8afb15e6c1fb3300,1.252245,18.889141,1,13830,1,1,0,0,1,0,0,0,0,0,0,0,0,1
1405,8,79c92e893e651eaf,1.984418,20.0,1,13959,2,1,0,0,1,0,0,0,0,0,0,0,0,1
1406,8,595ccc6c4fbde60c,1.492311,20.0,1,13907,1,1,0,0,1,0,0,0,0,0,0,0,0,1
1407,8,20d2066c36568311,2.164771,17.177543,0,13896,1,0,0,0,0,0,0,0,0,0,0,0,0,0
1408,8,846e791a5efb5af8,1.626311,19.862535,1,13779,1,1,0,0,1,0,0,0,0,0,0,0,0,1
1409,8,41c1af3fe25eac0f,1.223009,20.0,1,13795,1,1,0,0,1,0,0,0,0,0,0,0,0,1
1410,8,e5b406d4325b898c,0.918801,19.929928,1,14077,1,1,0,0,1,0,0,0,0,0,0,0,0,0
1411,8,7f1fc0b97c25ec33,1.733914,18.451454,1,13986,1,0,0,0,0,0,0,0,0,0,0,0,0,1
1412,8,68bc85d7fd8c5b65,2.346278,20.0,1,13903,2,1,0,0,1,0,0,0,0,0,0,0,0,1
1413,8,1859dda8544b2f50,1.764435,20.0,1,13968,1,1,0,0,1,0,0,0,0,0,0,0,0,1
1414,8,9f238762c0a94e36,1.325554,20.0,1,13910,1,1,0,0,1,0,0,0,0,0,0,0,0,0
1415,8,173bd4ea8a0e4f39,2.039492,18.857655,1,13341,1,0,0,0,0,0,0,0,0,0,0,0,0,1
1416,8,80ea69fc95e98f91,1.533727,20.0,1,13362,1,1,0,0,1,0,0,0,0,0,0,0,0,1
1417,8,122d1e9148dc8591,1.152232,19.362211,1,13306,1,1,0,0,1,0,0,0,0,0,0,0,0,0
1418,8,e41d0f294f3e595d,1.909282,20.0,1,13516,2,1,0,0,1,0,0,0,0,0,0,0,0,1
1419,8,d961ceff8b00c744,1.434372,20.0,1,13452,1,1,0,0,1,0,0,0,0,0,0,0,0,1
1420,8,cd0967d526a4c4cb,1.078668,20.0,1,13435,1,1,0,0,1,0,0,0,0,0,0,0,0,1
1421,8,71ef525f5d7c2460,0.810363,18.287289,0,13555,1,1,0,0,0,0,0,0,0,0,0,0,0,0
1422,8,f56646d6bf16981d,1.652449,20.0,1,13556,1,0,0,0,1,0,0,0,0,0,0,0,0,1
1423,8,df5b77a899f67794,1.242665,19.044373,1,13374,1,1,0,0,1,0,0,0,0,0,0,0,0,0
1424,8,5d97e3edb2db50f5,0.933568,20.0,1,13872,1,1,0,0,1,0,0,0,0,0,0,0,0,1
1425,8,5632cc6478350c16,1.745008,15.975611,0,13692,1,0,0,0,0,0,0,0,0,0,0,0,0,0
1426,8,8eb4527d549d82be,1.310959,18.959568,1,13605,1,1,0,0,1,0,0,0,0,0,0,0,0,1
1427,8,bcdf8575e6f8f5df,2.030011,20.0,1,13602,2,1,0,0,1,0,0,0,0,0,0,0,0,1
1428,8,a2160fe0996f37dd,2.568724,19.419787,1,13770,1,0,0,0,0,0,0,0,0,0,0,0,0,1
1429,8,9c2f033216906752,1.929787,20.0,1,13851,1,1,0,0,1,0,0,0,0,0,0,0,0,1
1430,8,4df32f20926bf727,1.451227,19.68419,1,13790,1,1,0,0,1,0,0,0,0,0,0,0,0,0
1431,8,da23f33029488892,2.133906,18.266841,1,13874,1,0,0,0,0,0,0,0,0,0,0,0,0,1
1432,8,e6ddb42499644dbd,1.603124,20.0,1,13931,1,1,0,0,1,0,0,0,0,0,0,0,0,1
1433,8,37b7d4b54a60fbcc,1.204367,19.015619,1,13929,1,1,0,0,1,0,0,0,0,0,0,0,0,0
1434,8,871681cb5816e47c,1.949852,17.780518,1,13964,1,0,0,0,0,0,0,0,0,0,0,0,0,1
1435,8,6cf3e3c3b72b30d7,1.464851,16.836683,1,14082,1,1,0,0,1,0,0,0,0,0,0,0,0,0
1436,8,abcc795941de9020,1.100488,16.127615,1,14100,1,1,0,0,0,0,0,0,0,0,0,0,0,1
1437,8,3540b19957c0bfca,2.915883,19.0892,1,14045,2,0,0,0,1,0,0,0,0,0,0,0,0,1
1438,8,3a018196d340e490,2.190594,17.819847,1,14801,1,1,0,0,1,0,0,0,0,0,0,0,0,0
1439,8,990863ec22c317e6,1.645711,16.866229,1,14702,1,1,0,0,0,0,0,0,0,0,0,0,0,1
1440,8,559d38241bb49497,2.280015,19.628657,1,14131,1,0,0,0,1,0,0,0,0,0,0,0,0,1
1441,8,73fb5dc8f1c14ecc,1.714604,18.241531,1,14392,1,1,0,0,1,0,0,0,0,0,0,0,0,0
1442,8,d72a06614f66cec0,2.331771,17.183025,1,14201,1,0,0,0,0,0,0,0,0,0,0,0,0,1
1443,8,9c6c1e79ae1d204d,1.751772,16.387809,1,14756,1,1,0,0,1,0,0,0,0,0,0,0,0,0
1444,8,fa7c0697bfb424eb,1.317358,19.284869,1,14332,1,1,0,0,1,0,0,0,0,0,0,0,0,1
1445,8,974981d868d49c65,0.989682,14.488001,0,14279,1,1,0,0,0,0,0,0,0,0,0,0,0,0
1446,8,5aaa21f4a4002b2d,1.787164,17.841983,1,14277,1,0,0,0,1,0,0,0,0,0,0,0,0,1
1447,8,899503d012c25ef6,1.34263,20.0,1,14180,1,1,0,0,1,0,0,0,0,0,0,0,0,1
1448,8,64c0b0c2e5386859,1.009677,18.792793,1,13975,1,1,0,0,1,0,0,0,0,0,0,0,0,0
1449,8,6e8d3b461a84d72e,1.802186,17.597167,1,14650,1,0,0,0,0,0,0,0,0,0,0,0,0,1
1450,8,0f7462146210da4e,1.353915,16.698939,1,14567,1,1,0,0,1,0,0,0,0,0,0,0,0,0
1451,8,0630b7c26e819e83,1.018163,19.518843,1,14374,1,1,0,0,1,0,0,0,0,0,0,0,0,1
1452,8,70d42466cb4811b4,0.764908,18.142622,1,14257,1,1,0,0,1,0,0,0,0,0,0,0,0,0
1453,8,4856c0cf66bde88d,1.6183,20.0,1,14543,2,1,0,0,1,0,0,0,0,0,0,0,0,2
1454,8,d7cd5376dfac23c8,1.215768,20.0,1,14449,1,1,0,0,1,0,0,0,0,0,0,0,0,0
1455,8,7ef6f99819f58450,1.958426,19.693204,1,13779,1,0,0,0,0,0,0,0,0,0,0,0,0,1
1456,8,f942b6a0a3952955,2.514945,20.0,1,13708,2,1,0,0,1,0,0,0,0,0,0,0,0,1
1457,8,14b93cb2018dd0ba,1.889384,20.0,1,13603,1,1,0,0,1,0,0,0,0,0,0,0,0,1
1458,8,c4ccb1c579a81772,1.420844,20.0,1,13508,1,1,0,0,1,0,0,0,0,0,0,0,0,0
1459,8,248d7edaa1f8b0fa,2.11108,19.256904,1,13498,1,0,0,0,0,0,0,0,0,0,0,0,0,1
1460,8,4939d9bdd577bd6c,1.585976,17.945836,1,13533,1,1,0,0,1,0,0,0,0,0,0,0,0,0
1461,8,92f88f227cb9002b,1.191484,20.0,1,13796,1,1,0,0,1,0,0,0,0,0,0,0,0,1
1462,8,2c6414d3cf733da3,0.896013,20.0,1,13623,1,1,0,0,1,0,0,0,0,0,0,0,0,1
1463,8,8e36b95b81e9e71c,2.760448,20.0,1,13757,2,0,0,0,0,0,0,0,0,0,0,0,0,1
1464,8,c3557dd4e083ce38,2.073821,20.0,1,13818,1,1,0,0,1,0,0,0,0,0,0,0,0,1
1465,8,83d3324253b812e5,1.559543,20.0,1,13700,1,1,0,0,1,0,0,0,0,0,0,0,0,0
1466,8,417f18aba77cfd05,1.171627,20.0,1,13936,1,1,0,0,1,0,0,0,0,0,0,0,0,1
1467,8,0f276cc25f9a8698,1.923853,16.603361,0,13783,1,0,0,0,0,0,0,0,0,0,0,0,0,0
1468,8,f155459671faa573,1.445318,19.431174,1,13817,1,1,0,0,1,0,0,0,0,0,0,0,0,1
1469,8,556cb4253180e452,1.0869,18.093021,1,13805,1,1,0,0,1,0,0,0,0,0,0,0,0,0
1470,8,017f63431e2561cc,1.860201,20.0,1,13880,2,1,0,0,1,0,0,0,0,0,0,0,0,1
1471,8,6a415f466931cfb7,2.441153,18.917516,1,13881,1,0,0,0,0,0,0,0,0,0,0,0,0,1
1472,8,cc8104576c0e5db9,1.835782,20.0,1,13817,1,1,0,0,1,0,0,0,0,0,0,0,0,1
1473,8,5e8debcfa51a99ee,1.379154,20.0,1,13846,1,1,0,0,1,0,0,0,0,0,0,0,0,1
1474,8,9d1bd299f73aeff4,2.07976,17.185038,0,13651,1,0,0,0,0,0,0,0,0,0,0,0,0,0
1475,8,d632aae13bb53193,1.562446,19.868166,1,13848,1,1,0,0,1,0,0,0,0,0,0,0,0,1
1476,8,bdf655da35425329,2.219132,18.421645,1,13699,1,0,0,0,0,0,0,0,0,0,0,0,0,1
1477,8,08acbe7922891267,1.667151,17.318338,1,13885,1,1,0,0,1,0,0,0,0,0,0,0,0,0
1478,8,7c396f83870b4b1c,1.252468,19.968309,1,14019,1,1,0,0,1,0,0,0,0,0,0,0,0,1
1479,8,e6c4da9a0f99b8f9,3.030175,18.496955,1,13935,2,0,0,0,0,0,0,0,0,0,0,0,0,1
1480,8,beb23ff494f1a91c,2.276457,20.0,1,13847,1,1,0,0,1,0,0,0,0,0,0,0,0,1
1481,8,1712b0d6dffedde1,2.753871,15.66665,0,14034,1,0,0,0,0,0,0,0,0,0,0,0,0,0
1482,8,5b077176526781e3,2.06888,18.727458,1,13882,1,1,0,0,1,0,0,0,0,0,0,0,0,1
1483,8,3bc3c7f37e2a6cf1,2.599978,14.083315,0,13724,1,0,0,0,0,0,0,0,0,0,0,0,0,0
1484,8,fbcebce527e86d35,2.996919,17.537957,1,14097,2,1,0,0,1,0,0,0,0,0,0,0,0,1
1485,8,2e14c39cc01b9084,2.251474,20.0,1,14207,1,1,0,0,1,0,0,0,0,0,0,0,0,1
1486,8,cff4c32e47f945ae,1.69314,18.621031,1,14091,1,1,0,0,0,0,0,0,0,0,0,0,0,1
1487,8,5ab2091f84c78783,2.315646,20.0,1,14240,1,0,0,0,1,0,0,0,0,0,0,0,0,1
1488,8,ab305b008ea7a9e0,1.739658,19.215523,1,13945,1,1,0,0,1,0,0,0,0,0,0,0,0,0
1489,8,732f346a1acbbd53,1.30694,20.0,1,13982,1,1,0,0,1,0,0,0,0,0,0,0,0,1
1490,8,686c1d8a572c4180,2.026988,16.088287,0,14060,1,0,0,0,0,0,0,0,0,0,0,0,0,0
1491,8,289f8ae12f60c3be,2.566454,19.044217,1,14123,2,1,0,0,1,0,0,0,0,0,0,0,0,1
1492,8,c277142c6f85b4b9,1.928081,20.0,1,14055,1,1,0,0,1,0,0,0,0,0,0,0,0,1
1493,8,ef67f8ecc596bd24,1.449944,19.472008,1,14154,1,1,0,0,1,0,0,0,0,0,0,0,0,0
1494,8,0e16d7abc41505e7,2.132942,18.107436,1,14186,1,0,0,0,0,0,0,0,0,0,0,0,0,1
1495,8,b7f482c222b54a06,1.6024,20.0,1,14306,1,1,0,0,1,0,0,0,0,0,0,0,0,1
1496,8,cd5042b2b43cb032,1.203823,18.925652,1,14186,1,1,0,0,1,0,0,0,0,0,0,0,0,0
1497,8,0e53ac797c3ebe90,0.905292,20.0,1,14189,1,1,0,0,1,0,0,0,0,0,0,0,0,1
1498,8,2d940601372a2340,0.680112,19.400626,1,14198,1,1,0,0,1,0,0,0,0,0,0,0,0,0
1499,8,6cac07c93c2366d6,2.59825,18.05381,1,14217,2,0,0,0,0,0,0,0,0,0,0,0,0,1
1500,8,b26dcaebed62e4b5,1.953921,20.0,1,14466,1,1,0,0,1,0,0,0,0,0,0,0,0,1
1501,8,6d2039ba7100c0ed,1.467908,20.0,1,14450,1,1,0,0,1,0,0,0,0,0,0,0,0,1
1502,8,7224c07cd65083a1,1.102784,20.0,1,14430,1,1,0,0,1,0,0,0,0,0,0,0,0,0
1503,8,1f20536718600bab,1.872134,18.727445,1,14428,1,0,0,0,0,0,0,0,0,0,0,0,0,1
1504,8,09b63315ce001f04,2.452022,20.0,1,14543,2,1,0,0,1,0,0,0,0,0,0,0,0,1
1505,8,76ea483d3cdba83f,1.842112,19.288647,1,14334,1,1,0,0,1,0,0,0,0,0,0,0,0,0
1506,8,daabf42f4f28dfaa,1.38391,20.0,1,14676,1,1,0,0,1,0,0,0,0,0,0,0,0,1
1507,8,bd2b6ec5e9e7d0b1,2.084871,19.610101,1,14561,1,0,0,0,0,0,0,0,0,0,0,0,0,1
1508,8,a916d9e27f69b91a,1.566285,18.21118,1,14653,1,1,0,0,1,0,0,0,0,0,0,0,0,0
1509,8,412147d9abb8df1a,1.176692,20.0,1,14704,1,1,0,0,1,0,0,0,0,0,0,0,0,1
1510,8,835cdb7a5bd5dcce,0.884004,20.0,1,14819,1,1,0,0,1,0,0,0,0,0,0,0,0,1
1511,8,315e75976f7c130e,1.708934,20.0,1,14780,2,1,0,0,1,0,0,0,0,0,0,0,0,0
1512,8,502758b4744dd914,2.327512,18.784344,1,14755,1,0,0,0,0,0,0,0,0,0,0,0,0,1
1513,8,c1676efaef59a1bf,1.748573,20.0,1,14622,1,1,0,0,1,0,0,0,0,0,0,0,0,1
1514,8,ea0ff4f61204f8da,1.314952,19.32519,1,14561,1,1,0,0,1,0,0,0,0,0,0,0,0,0
1515,8,61c3920b11a7d73b,2.031527,20.0,1,14450,2,1,0,0,1,0,0,0,0,0,0,0,0,1
1516,8,ebfe7244cccb0815,1.526211,20.0,1,14417,1,1,0,0,1,0,0,0,0,0,0,0,0,1
1517,8,1a58b88d308a9b42,2.190238,17.347999,0,14522,1,0,0,0,0,0,0,0,0,0,0,0,0,0
1518,8,6dc48ef95be3f0c5,1.64709,20.0,1,14593,1,1,0,0,1,0,0,0,0,0,0,0,0,1
1519,8,7da5b1dfb7759cfb,2.281051,20.0,1,14640,2,1,0,0,1,0,0,0,0,0,0,0,0,1
1520,8,7b7d0c615505dd49,1.713668,19.997727,1,14835,1,1,0,0,1,0,0,0,0,0,0,0,0,0
1521,8,3dd2bb680c8d354d,2.332853,18.519077,1,15135,1,0,0,0,0,0,0,0,0,0,0,0,0,1
1522,8,e4abcdc78991fecd,1.752586,17.391535,1,14828,1,1,0,0,1,0,0,0,0,0,0,0,0,0
1523,8,e185d2b0de86f7d7,2.360305,20.0,1,15069,2,1,0,0,1,0,0,0,0,0,0,0,0,1
1524,8,ea548b42c9f8e9c5,2.816863,18.521601,1,15031,1,0,0,0,0,0,0,0,0,0,0,0,0,1
1525,8,e9457b2d139fdd2d,2.118321,20.0,1,15244,1,1,0,0,1,0,0,0,0,0,0,0,0,1
1526,8,0925975d5ffae9eb,1.591415,19.172353,1,15083,1,1,0,0,1,0,0,0,0,0,0,0,0,0
1527,8,5ba5c9d9e5826cff,2.239224,17.882317,1,15124,1,0,0,0,0,0,0,0,0,0,0,0,0,1
1528,8,08ca0a1592e8817c,1.683928,16.928259,1,15284,1,1,0,0,1,0,0,0,0,0,0,0,0,0
1529,8,520bd352a1ed3d8e,2.308726,19.675257,1,15254,2,1,0,0,1,0,0,0,0,0,0,0,0,1
1530,8,7a5d1d2130d7f41d,1.734459,20.0,1,15475,1,1,0,0,1,0,0,0,0,0,0,0,0,1
1531,8,1e5ce260bef4242e,2.346688,19.810523,1,15158,1,0,0,0,0,0,0,0,0,0,0,0,0,1
1532,8,6d455fbab2856932,1.764743,20.0,1,15327,1,1,0,0,1,0,0,0,0,0,0,0,0,1
1533,8,2d3dd8cb2e698689,1.325785,19.900543,1,15227,1,1,0,0,1,0,0,0,0,0,0,0,0,0
1534,8,d84605dc2bca10de,0.996013,18.429379,1,14941,1,1,0,0,0,0,0,0,0,0,0,0,0,1
1535,8,066473449947d249,1.793166,17.339657,1,14937,1,0,0,0,1,0,0,0,0,0,0,0,0,0
1536,8,6616d3689ad6d3c6,1.347139,19.984325,1,14668,1,1,0,0,1,0,0,0,0,0,0,0,0,1
1537,8,ca81dc13914d3d72,2.055708,20.0,1,14546,2,1,0,0,1,0,0,0,0,0,0,0,0,1
1538,8,8f04afb04e15a59d,1.544377,19.98496,1,14729,1,1,0,0,1,0,0,0,0,0,0,0,0,0
1539,8,b3da430c5efa3fbc,1.161393,20.0,1,14548,1,1,0,0,1,0,0,0,0,0,0,0,0,1
1540,8,a57d76009688109a,0.872511,20.0,1,14780,1,1,0,0,1,0,0,0,0,0,0,0,0,1
1541,8,e85741d52ee7d6c5,0.655485,17.638097,0,14728,1,1,0,0,0,0,0,0,0,0,0,0,0,0
1542,8,386da1065bae2c46,1.537085,20.0,1,14652,1,0,0,0,1,0,0,0,0,0,0,0,0,1
1543,8,5b8c16661b372ba8,1.154754,18.673209,1,14628,1,1,0,0,1,0,0,0,0,0,0,0,0,0
1544,8,79df0b1b6242d7ab,0.867524,20.0,1,15188,1,1,0,0,1,0,0,0,0,0,0,0,0,1
1545,8,6212ff28b666e051,0.651738,19.244972,1,15064,1,1,0,0,1,0,0,0,0,0,0,0,0,0
1546,8,7106cb5cf868a740,0.490116,20.0,1,15744,1,1,0,0,1,0,0,0,0,0,0,0,0,1
1547,8,adaae6c48d82845e,0.368206,19.581029,1,15635,1,1,0,0,1,0,0,0,0,0,0,0,0,0
1548,8,cb68c42616b9150b,1.320273,18.18934,1,15259,1,0,0,0,0,0,0,0,0,0,0,0,0,1
1549,8,e583d700aa7c64ff,2.037015,20.0,1,14910,2,1,0,0,1,0,0,0,0,0,0,0,0,1
1550,8,9d4b06f83f920c46,1.530333,20.0,1,14799,1,1,0,0,1,0,0,0,0,0,0,0,0,1
1551,8,22378531d33fc4df,1.149682,20.0,1,14738,1,1,0,0,1,0,0,0,0,0,0,0,0,0
1552,8,c0b67fffb6537b6b,0.863713,18.77066,1,15079,1,1,0,0,0,0,0,0,0,0,0,0,0,1
1553,8,15c9a493dbd3592a,1.693675,17.596305,1,14493,1,0,0,0,1,0,0,0,0,0,0,0,0,0
1554,8,eca4a666f5e17568,1.272395,20.0,1,14348,1,1,0,0,1,0,0,0,0,0,0,0,0,1
1555,8,fea8e3dedaf25868,1.999556,20.0,1,14655,2,1,0,0,1,0,0,0,0,0,0,0,0,1
1556,8,81d5ee037a4f567a,1.503695,20.0,1,14482,1,1,0,0,1,0,0,0,0,0,0,0,0,1
1557,8,3797acd5d9d32b1f,1.12967,20.0,1,14411,1,1,0,0,1,0,0,0,0,0,0,0,0,0
1558,8,fa677570eff13ea3,1.892332,19.407907,1,13576,1,0,0,0,0,0,0,0,0,0,0,0,0,1
1559,8,e44073c98a5005db,1.421638,20.0,1,13653,1,1,0,0,1,0,0,0,0,0,0,0,0,1
1560,8,9e157d09bd137519,1.069092,20.0,1,13551,1,1,0,0,1,0,0,0,0,0,0,0,0,1
1561,8,c5741b6dd8a05abd,1.846822,17.397725,0,13794,1,0,0,0,0,0,0,0,0,0,0,0,0,0
1562,8,014203454122c95e,2.431102,20.0,1,13619,2,1,0,0,1,0,0,0,0,0,0,0,0,1
1563,8,83018d9bfd0390d0,1.828223,20.0,1,13557,1,1,0,0,1,0,0,0,0,0,0,0,0,1
1564,8,6a64ba931b5537af,2.417129,20.0,1,13837,1,0,0,0,0,0,0,0,0,0,0,0,0,1
1565,8,bc0c4af3821e3717,1.815899,18.521662,1,13599,1,1,0,0,1,0,0,0,0,0,0,0,0,0
1566,8,0277a63f9f08bf74,1.364217,20.0,1,13727,1,1,0,0,1,0,0,0,0,0,0,0,0,1
1567,8,afa7aa577948c720,2.070061,15.696283,0,13554,1,0,0,0,0,0,0,0,0,0,0,0,0,0
1568,8,14eb3b5ee1c50326,1.555159,18.74972,1,13586,1,1,0,0,1,0,0,0,0,0,0,0,0,1
1569,8,7b7932620a8cb2c8,1.168333,17.564808,1,13360,1,1,0,0,1,0,0,0,0,0,0,0,0,0
1570,8,c3a5248df701c929,1.922754,20.0,1,13315,2,1,0,0,1,0,0,0,0,0,0,0,0,1
1571,8,49daefd5b59abfad,2.488146,18.631803,1,13412,1,0,0,0,0,0,0,0,0,0,0,0,0,1
1572,8,54ad1699123011c0,1.869251,17.476222,1,13525,1,1,0,0,1,0,0,0,0,0,0,0,0,0
1573,8,ee1ab0dd27dc5a54,1.404299,20.0,1,13404,1,1,0,0,1,0,0,0,0,0,0,0,0,1
1574,8,9bf2096f32aa72cb,2.100203,15.105651,0,13358,1,0,0,0,0,0,0,0,0,0,0,0,0,0
1575,8,0f01ec3b789d0138,1.577804,18.306,1,13288,1,1,0,0,1,0,0,0,0,0,0,0,0,1
1576,8,be57a9d1f6570bf6,1.185345,20.0,1,13162,1,1,0,0,1,0,0,0,0,0,0,0,0,1
1577,9,1fd48474a6be9a50,1.935547,15.574443,0,13996,1,0,0,0,0,0,0,0,0,0,0,0,0,0
1578,9,40ab05863d40ab6a,1.454104,18.658186,1,14096,1,1,0,0,1,0,0,0,0,0,0,0,0,1
1579,9,9fa3e60e300cac94,1.092414,20.0,1,14330,1,1,0,0,1,0,0,0,0,0,0,0,0,1
1580,9,9522afc9eb92ebd2,1.864343,15.757648,0,13927,1,0,0,0,0,0,0,0,0,0,0,0,0,0
1581,9,0fba0eaa5e567fe1,1.402013,18.810979,1,14086,1,1,0,0,1,0,0,0,0,0,0,0,0,1
1582,9,8f9f8c22e25048df,2.096933,20.0,1,13925,2,1,0,0,1,0,0,0,0,0,0,0,0,1
1583,9,025aca0c2fc547cd,2.619001,19.322729,1,14066,1,0,0,0,0,0,0,0,0,0,0,0,0,1
1584,9,ea7305c3d0c4eb0e,1.969526,18.011469,1,13913,1,1,0,0,1,0,0,0,0,0,0,0,0,0
1585,9,b3bc2710b036c5b2,1.479631,20.0,1,14004,1,1,0,0,1,0,0,0,0,0,0,0,0,1
1586,9,3c254a4fca255c07,2.155245,15.392644,0,14111,1,0,0,0,0,0,0,0,0,0,0,0,0,0
1587,9,7fb0256f65ce4ff6,1.619155,18.521607,1,13958,1,1,0,0,1,0,0,0,0,0,0,0,0,1
1588,9,a69e89495c03d18a,1.217628,13.928513,0,13966,1,1,0,0,0,0,0,0,0,0,0,0,0,0
1589,9,ba87dd4319678e85,1.958411,17.42166,1,13967,1,0,0,0,1,0,0,0,0,0,0,0,0,1
1590,9,3e895dd2e76d3ae9,1.471281,20.0,1,13903,1,1,0,0,1,0,0,0,0,0,0,0,0,1
1591,9,5bfa9aaebee05047,1.106425,18.555327,1,13915,1,1,0,0,1,0,0,0,0,0,0,0,0,0
1592,9,ca3938afd42b6b51,0.831215,17.418768,1,14101,1,1,0,0,0,0,0,0,0,0,0,0,0,1
1593,9,3840b1179d01d5ca,1.668114,16.564914,1,14029,1,0,0,0,1,0,0,0,0,0,0,0,0,0
1594,9,3ad00a257add4750,1.253192,19.40229,1,13978,1,1,0,0,1,0,0,0,0,0,0,0,0,1
1595,9,715e21df0f1ac6b8,1.986569,20.0,1,14107,2,1,0,0,1,0,0,0,0,0,0,0,0,1
1596,9,ab882b57d80326bc,1.492435,20.0,1,13992,1,1,0,0,1,0,0,0,0,0,0,0,0,1
1597,9,de121b1615b372cf,1.12121,20.0,1,14013,1,1,0,0,1,0,0,0,0,0,0,0,0,1
1598,9,58b8431551715724,1.887317,18.310405,0,13991,1,0,0,0,0,0,0,0,0,0,0,0,0,0
1599,9,23e17bd6c1c20f85,1.417871,20.0,1,13843,1,1,0,0,1,0,0,0,0,0,0,0,0,1
1600,9,c8292701595322e6,2.108846,20.0,1,14166,2,1,0,0,1,0,0,0,0,0,0,0,0,1
1601,9,10c80b0b9d50bf2d,1.584298,16.917721,0,14010,1,1,0,0,0,0,0,0,0,0,0,0,0,0
1602,9,f6d7570dbe7171fa,2.235565,19.683371,1,13874,1,0,0,0,1,0,0,0,0,0,0,0,0,1
1603,9,50afc0b225fbdddd,1.679496,20.0,1,14013,1,1,0,0,1,0,0,0,0,0,0,0,0,1
1604,9,26bf505ffeb94bbf,2.305396,20.0,1,14075,2,1,0,0,1,0,0,0,0,0,0,0,0,1
1605,9,e40473ff344e55ae,1.733691,20.0,1,14018,1,1,0,0,1,0,0,0,0,0,0,0,0,0
1606,9,90ecaf7479b68915,1.302457,20.0,1,13898,1,1,0,0,1,0,0,0,0,0,0,0,0,1
1607,9,90f3fabff4cf81db,2.022141,17.078162,0,13999,1,0,0,0,0,0,0,0,0,0,0,0,0,0
1608,9,856e34ca1b879edb,1.519159,19.787874,1,13909,1,1,0,0,1,0,0,0,0,0,0,0,0,1
1609,9,0b681578e0b3316e,1.142429,20.0,1,13995,1,1,0,0,1,0,0,0,0,0,0,0,0,1
1610,9,f010d85dc887294f,1.901918,16.408903,0,13807,1,0,0,0,0,0,0,0,0,0,0,0,0,0
1611,9,64c1c78f7859fdad,2.472493,19.285084,1,13988,2,1,0,0,1,0,0,0,0,0,0,0,0,1
1612,9,c16d3e1a1b7346bd,1.85935,20.0,1,13939,1,1,0,0,1,0,0,0,0,0,0,0,0,1
1613,9,65f500e78f5a12d1,2.440513,19.603691,1,13915,1,0,0,0,0,0,0,0,0,0,0,0,0,1
1614,9,5e19057a0c8c6807,1.833467,20.0,1,13818,1,1,0,0,1,0,0,0,0,0,0,0,0,1
1615,9,44320a4d3a956612,2.421068,16.291287,0,13986,1,0,0,0,0,0,0,0,0,0,0,0,0,0
1616,9,38b796b0b0b8f2b8,1.820678,19.212283,1,13963,1,1,0,0,1,0,0,0,0,0,0,0,0,1
1617,9,c379cd949bc282f4,2.411461,20.0,1,13924,2,1,0,0,1,0,0,0,0,0,0,0,0,1
1618,9,12d1e1e820a0d614,2.855294,16.070378,0,13886,1,0,0,0,0,0,0,0,0,0,0,0,0,0
1619,9,bf6fdb6268d4c1b5,2.147221,19.046157,1,13875,1,1,0,0,1,0,0,0,0,0,0,0,0,1
1620,9,e14f41c0f161c030,1.613127,17.78751,1,13889,1,1,0,0,0,0,0,0,0,0,0,0,0,1
1621,9,7a064671f6ccdd64,2.255536,16.841936,1,13847,1,0,0,0,1,0,0,0,0,0,0,0,0,0
1622,9,9e0e0e4b61087210,1.6945,19.610406,1,13736,1,1,0,0,1,0,0,0,0,0,0,0,0,1
1623,9,716d9db5530b7837,2.318438,18.227807,1,13607,2,1,0,0,0,0,0,0,0,0,0,0,0,1
1624,9,ae451b5fb0da7aba,1.741756,17.172714,1,14088,0,0,0,0,1,0,0,0,0,0,0,0,0,0
1625,9,ba71e80f7c9a028c,1.308516,19.858907,1,13873,1,1,0,0,1,0,0,0,0,0,0,0,0,1
1626,9,38fd96a5dde63ba1,0.984023,18.414683,1,13809,1,1,0,0,1,0,0,0,0,0,0,0,0,0
1627,9,42ca8b1088f35298,2.826566,17.313107,1,13836,2,0,0,0,0,0,0,0,0,0,0,0,0,1
1628,9,5d2ecb2a857c5504,2.123494,19.964379,1,13863,1,1,0,0,1,0,0,0,0,0,0,0,0,1
1629,9,7948500a3de7df9e,1.595301,18.477336,1,13864,1,1,0,0,1,0,0,0,0,0,0,0,0,0
1630,9,c4e4cfc90b2a54a7,1.199689,20.0,1,13806,1,1,0,0,1,0,0,0,0,0,0,0,0,1
1631,9,5b86726468e64b1f,1.944935,15.668501,0,13788,1,0,0,0,0,0,0,0,0,0,0,0,0,0
1632,9,d54300c993a1d377,1.461157,18.728848,1,13871,1,1,0,0,1,0,0,0,0,0,0,0,0,1
1633,9,a8570d107ec6a469,1.098811,20.0,1,13896,1,1,0,0,1,0,0,0,0,0,0,0,0,1
1634,9,1416f958c7ffa408,0.825496,19.28944,1,13826,1,1,0,0,1,0,0,0,0,0,0,0,0,0
1635,9,4abbe4b5972bd3bb,1.663817,17.97028,1,13926,1,0,0,0,0,0,0,0,0,0,0,0,0,1
1636,9,6de8cf41e4a70384,1.249964,16.979244,1,13835,1,1,0,0,1,0,0,0,0,0,0,0,0,0
1637,9,72f11724885a9a5a,0.939991,19.729637,1,13847,1,1,0,0,1,0,0,0,0,0,0,0,0,1
1638,9,85fe4b2d4b4e16cb,0.70618,20.0,1,14013,1,1,0,0,1,0,0,0,0,0,0,0,0,1
1639,9,e99135ff19c9f242,2.617833,16.36237,0,13996,2,0,0,0,0,0,0,0,0,0,0,0,0,0
1640,9,3b187699726ff0b4,1.968648,19.265739,1,15113,1,1,0,0,1,0,0,0,0,0,0,0,0,1
1641,9,de71eebb0aaf0a82,1.478972,14.47363,0,15068,1,1,0,0,0,0,0,0,0,0,0,0,0,0
1642,9,a2ef216287bb8fca,2.154749,17.831186,1,16090,1,0,0,0,1,0,0,0,0,0,0,0,0,1
1643,9,361322600fcb0e2a,2.662436,20.0,1,16162,2,1,0,0,1,0,0,0,0,0,0,0,0,1
1644,9,953f14b71a06a0d4,2.00219,20.0,1,16086,1,1,0,0,1,0,0,0,0,0,0,0,0,1
1645,9,394ad96e7ef83ee1,2.547824,16.728511,0,15700,1,0,0,0,0,0,0,0,0,0,0,0,0,0
1646,9,4060cbeee6c78b4e,2.957738,19.525194,1,15927,2,1,0,0,1,0,0,0,0,0,0,0,0,1
1647,9,fa66139b13819d2c,2.224261,20.0,1,15595,1,1,0,0,1,0,0,0,0,0,0,0,0,1
1648,9,751a2c48956d374b,2.714658,20.0,1,15755,2,1,0,0,1,0,0,0,0,0,0,0,0,1
1649,9,e8c0ed95a693b070,3.083074,20.0,1,15937,1,0,0,0,0,0,0,0,0,0,0,0,0,1
1650,9,35664dffb7095540,2.316198,20.0,1,15905,1,1,0,0,1,0,0,0,0,0,0,0,0,1
1651,9,30b579eeb691fe62,2.785965,20.0,1,15830,2,1,0,0,1,0,0,0,0,0,0,0,0,1
1652,9,03a1848973d95919,2.092991,18.040272,0,16290,1,1,0,0,0,0,0,0,0,0,0,0,0,0
1653,9,fc84d27456b84041,2.616039,20.0,1,16289,1,0,0,0,1,0,0,0,0,0,0,0,0,1
1654,9,3a12ff5e76122890,3.011449,20.0,1,14874,2,1,0,0,1,0,0,0,0,0,0,0,0,1
1655,9,074049c67f1134db,2.262389,20.0,1,13856,1,1,0,0,1,0,0,0,0,0,0,0,0,1
1656,9,cbbf67f210b6e460,1.699649,17.861226,0,14025,1,1,0,0,0,0,0,0,0,0,0,0,0,0
1657,9,d5d5ba3b825f6d3b,3.364189,20.0,1,13660,2,0,0,0,1,0,0,0,0,0,0,0,0,1
1658,9,3534f48d3001e772,2.529918,20.0,1,14157,1,1,0,0,1,0,0,0,0,0,0,0,0,1
1659,9,43a3519ed11613ae,2.944286,20.0,1,13794,1,0,0,0,0,0,0,0,0,0,0,0,0,1
1660,9,23da778333d59a31,2.211932,20.0,1,13928,1,1,0,0,1,0,0,0,0,0,0,0,0,1
1661,9,a60a0a915ce5d17d,1.663405,20.0,1,13935,1,1,0,0,1,0,0,0,0,0,0,0,0,0
1662,9,c82732590f010317,3.33696,18.606522,1,14075,2,0,0,0,0,0,0,0,0,0,0,0,0,1
1663,9,e6a61824b2c59f65,2.506934,20.0,1,14007,1,1,0,0,1,0,0,0,0,0,0,0,0,1
1664,9,9ede4ad7f282814d,1.883365,20.0,1,14010,1,1,0,0,1,0,0,0,0,0,0,0,0,1
1665,9,ef42d8f715594ad5,2.460468,17.06033,0,14124,1,0,0,0,0,0,0,0,0,0,0,0,0,0
1666,9,e80f0d88ded0cd38,1.848458,19.774477,1,14066,1,1,0,0,1,0,0,0,0,0,0,0,0,1
1667,9,f661e4ac193997e4,2.432331,14.855825,0,13870,1,0,0,0,0,0,0,0,0,0,0,0,0,0
1668,9,9a2fc479ddbebd39,1.829147,18.132796,1,13643,1,1,0,0,1,0,0,0,0,0,0,0,0,1
1669,9,da90dbdd6d624f5d,1.37417,20.0,1,13971,1,1,0,0,1,0,0,0,0,0,0,0,0,1
1670,9,75deccf8aa24c49b,1.032363,18.939965,1,13776,1,1,0,0,1,0,0,0,0,0,0,0,0,0
1671,9,eb325938391abeb2,1.819229,17.707732,1,13824,1,0,0,0,0,0,0,0,0,0,0,0,0,1
1672,9,778892b15e06d920,1.368086,16.796969,1,13608,1,1,0,0,1,0,0,0,0,0,0,0,0,0
1673,9,a01467008deb122c,1.027792,19.576624,1,13650,1,1,0,0,1,0,0,0,0,0,0,0,0,1
1674,9,b63696168efbc4f7,1.815795,18.18603,1,13655,2,1,0,0,0,0,0,0,0,0,0,0,0,1
1675,9,dcaf23f71ba1623e,2.409654,20.0,1,13572,1,0,0,0,1,0,0,0,0,0,0,0,0,1
1676,9,7f717cdb9e86f719,1.810283,18.982769,1,13784,1,1,0,0,1,0,0,0,0,0,0,0,0,0
1677,9,d1f035fa4196ed90,1.359998,20.0,1,13780,1,1,0,0,1,0,0,0,0,0,0,0,0,1
1678,9,7447d371f6549eaf,1.021716,20.0,1,13790,1,1,0,0,1,0,0,0,0,0,0,0,0,1
1679,9,f126cfe9bcd68430,1.812495,17.220021,0,13782,1,0,0,0,0,0,0,0,0,0,0,0,0,0
1680,9,c521531d9c38ce9e,1.36166,19.894447,1,13858,1,1,0,0,1,0,0,0,0,0,0,0,0,1
1681,9,7efaf37869737f88,1.022964,18.424799,1,13949,1,1,0,0,1,0,0,0,0,0,0,0,0,0
1682,9,6c0a85a2d5b02ac6,1.813434,20.0,1,13886,2,1,0,0,1,0,0,0,0,0,0,0,0,1
1683,9,defe135c0e5cdb15,2.406019,19.117664,1,13972,1,0,0,0,0,0,0,0,0,0,0,0,0,1
1684,9,38d3c1e4299ca3a1,1.807552,17.841231,1,14834,1,1,0,0,1,0,0,0,0,0,0,0,0,0
1685,9,4935908b76a986cb,1.357946,20.0,1,14784,1,1,0,0,1,0,0,0,0,0,0,0,0,1
1686,9,5ba2a122a47d6016,1.021195,18.792368,1,15385,1,1,0,0,1,0,0,0,0,0,0,0,0,0
1687,9,964c1a4e9fd5592f,0.767186,20.0,1,15291,1,1,0,0,1,0,0,0,0,0,0,0,0,1
1688,9,b31f0c55f8210bfa,0.576358,15.83338,0,15064,1,1,0,0,0,0,0,0,0,0,0,0,0,0
1689,9,3c7b0f230debcdd3,0.433429,18.867931,1,14536,1,1,0,0,1,0,0,0,0,0,0,0,0,1
1690,9,8668a132856e12d3,2.412926,20.0,1,14615,2,0,0,0,1,0,0,0,0,0,0,0,0,1
1691,9,61493272707f5da5,0.769088,19.354872,1,14207,0,1,0,0,1,0,0,0,0,0,0,0,0,0
1692,9,1afa389a60f3ea2b,1.62144,20.0,1,14812,2,1,0,0,1,0,0,0,0,0,0,0,0,1
1693,9,16c6cd20d82109d7,1.219346,19.647515,1,14520,1,1,0,0,1,0,0,0,0,0,0,0,0,0
1694,9,d6726e18e9347420,0.916049,18.239288,1,14460,1,1,0,0,0,0,0,0,0,0,0,0,0,1
1695,9,ffe8426496e3a624,1.731847,20.0,1,14236,1,0,0,0,1,0,0,0,0,0,0,0,0,1
1696,9,796745e4abd66815,1.302374,19.017255,1,14059,1,1,0,0,1,0,0,0,0,0,0,0,0,0
1697,9,4ee238639430a110,2.022078,20.0,1,13908,2,1,0,0,1,0,0,0,0,0,0,0,0,1
1698,9,3d8ef94f6d7b4ed5,1.519112,19.43915,1,13987,1,1,0,0,0,0,0,0,0,0,0,0,0,1
1699,9,db02151f3590b368,2.184905,20.0,1,13868,1,0,0,0,1,0,0,0,0,0,0,0,0,1
1700,9,8e6aaa585b37bb97,1.64308,20.0,1,14039,1,1,0,0,1,0,0,0,0,0,0,0,0,1
1701,9,2da9ec4c1c0996f5,1.234384,17.410985,0,13890,1,1,0,0,0,0,0,0,0,0,0,0,0,0
1702,9,17a78252debd6b7d,3.014654,20.0,1,13963,2,0,0,0,1,0,0,0,0,0,0,0,0,1
1703,9,8b21e938f335b56a,2.267062,20.0,1,13847,1,1,0,0,1,0,0,0,0,0,0,0,0,1
1704,9,d1f87fc3fdfeea52,1.703159,16.550164,0,14098,1,1,0,0,0,0,0,0,0,0,0,0,0,0
1705,9,c7163235cb3c6682,2.323173,19.391208,1,13913,1,0,0,0,1,0,0,0,0,0,0,0,0,1
1706,9,8c16b7fbfbac9f93,1.745313,20.0,1,14175,1,1,0,0,1,0,0,0,0,0,0,0,0,1
1707,9,027d1f645e44b8a7,2.356651,16.187542,0,14265,1,0,0,0,0,0,0,0,0,0,0,0,0,0
1708,9,c8748aec0eb53e45,1.770464,19.118784,1,14191,1,1,0,0,1,0,0,0,0,0,0,0,0,1
1709,9,487b6edb27239977,2.373737,14.363228,0,14127,1,0,0,0,0,0,0,0,0,0,0,0,0,0
1710,9,065b44bfd048bfc9,1.785084,17.762356,1,13994,1,1,0,0,1,0,0,0,0,0,0,0,0,1
1711,9,07b66c4127efe56c,1.341067,16.823038,1,13991,1,1,0,0,1,0,0,0,0,0,0,0,0,0
1712,9,37a97e87c9530200,2.051147,16.117364,1,14354,1,0,0,0,0,0,0,0,0,0,0,0,0,1
1713,9,1550dc9429cbec6a,1.54095,19.066062,1,14271,1,1,0,0,1,0,0,0,0,0,0,0,0,1
1714,9,7f64bc9698067334,1.158816,17.818452,1,14084,1,1,0,0,1,0,0,0,0,0,0,0,0,0
1715,9,ab3cff5d030dca03,1.914229,16.865182,1,14101,2,1,0,0,0,0,0,0,0,0,0,0,0,1
1716,9,a7f1ee7e06a962d6,2.481742,19.62787,1,14054,1,0,0,0,1,0,0,0,0,0,0,0,0,1
1717,9,10d7a20a0017fa31,1.866305,18.240939,1,13869,1,1,0,0,1,0,0,0,0,0,0,0,0,0
1718,9,0984f32471eb6539,1.402085,20.0,1,14079,1,1,0,0,1,0,0,0,0,0,0,0,0,1
1719,9,2bbc81435bd6d68e,1.053334,20.0,1,14089,1,1,0,0,1,0,0,0,0,0,0,0,0,1
1720,9,87a038b0bdeb5a39,1.834984,16.888267,0,14146,1,0,0,0,0,0,0,0,0,0,0,0,0,0
1721,9,386c529f75f7f1ea,1.379934,19.661221,1,14038,1,1,0,0,1,0,0,0,0,0,0,0,0,1
1722,9,d3e90cc5d6f8856b,1.036693,18.249585,1,13964,1,1,0,0,1,0,0,0,0,0,0,0,0,0
1723,9,8d8c17b280e3bbcf,0.778829,20.0,1,14091,1,1,0,0,1,0,0,0,0,0,0,0,0,1
1724,9,3dd04cc7150c4763,0.58569,19.023072,1,14036,1,1,0,0,1,0,0,0,0,0,0,0,0,0
1725,9,1687f92cf255f071,1.483661,17.770167,1,14264,1,0,0,0,0,0,0,0,0,0,0,0,0,1
1726,9,ca2cb0878932d23e,1.114619,20.0,1,14161,1,1,0,0,1,0,0,0,0,0,0,0,0,1
1727,9,e986fc21a8f774fc,1.881025,20.0,1,14175,2,1,0,0,1,0,0,0,0,0,0,0,0,1
1728,9,fd317826bc411dc4,1.414557,20.0,1,14205,1,1,0,0,1,0,0,0,0,0,0,0,0,0
1729,9,9c95ef82830ee9aa,1.062704,20.0,1,14362,1,1,0,0,1,0,0,0,0,0,0,0,0,1
1730,9,266521425f924722,1.842023,20.0,1,14057,1,0,0,0,0,0,0,0,0,0,0,0,0,1
1731,9,9a49882b88de968f,1.385228,18.595012,1,14148,1,1,0,0,1,0,0,0,0,0,0,0,0,0
1732,9,c115208831479a11,1.04067,20.0,1,14342,1,1,0,0,1,0,0,0,0,0,0,0,0,1
1733,9,0e9bfa0c2b1d6e98,1.82547,20.0,1,14341,2,1,0,0,1,0,0,0,0,0,0,0,0,1
1734,9,28388842e41c781d,1.371407,20.0,1,14548,1,1,0,0,1,0,0,0,0,0,0,0,0,0
1735,9,e77ab20bc78312bf,1.031318,20.0,1,15148,1,1,0,0,1,0,0,0,0,0,0,0,0,1
1736,9,604f36732a547a50,1.818444,16.820967,0,14877,1,0,0,0,0,0,0,0,0,0,0,0,0,0
1737,9,7bb4b3018ac4d750,1.366129,19.594652,1,15038,1,1,0,0,1,0,0,0,0,0,0,0,0,1
1738,9,47850d939f2d5503,2.071499,20.0,1,15329,2,1,0,0,1,0,0,0,0,0,0,0,0,1
1739,9,88f3b8bd20399bb6,2.599893,19.778585,1,15418,1,0,0,0,0,0,0,0,0,0,0,0,0,1
1740,9,380051526d285e30,1.953202,20.0,1,15161,1,1,0,0,1,0,0,0,0,0,0,0,0,1
1741,9,51c3d919eb367983,2.511021,20.0,1,15136,2,1,0,0,1,0,0,0,0,0,0,0,0,1
1742,9,3d6220bb0691578b,2.932474,17.557792,0,14559,1,0,0,0,0,0,0,0,0,0,0,0,0,0
1743,9,39995b14512a0288,2.203058,20.0,1,14676,1,1,0,0,1,0,0,0,0,0,0,0,0,1
1744,9,9303a20390443dfd,1.655075,18.615435,1,15512,1,1,0,0,1,0,0,0,0,0,0,0,0,0
1745,9,536a74eb5ac74ae7,2.288791,17.479575,1,15464,2,1,0,0,0,0,0,0,0,0,0,0,0,1
1746,9,6cebc2dbe5023be0,2.763136,20.0,1,15566,1,0,0,0,1,0,0,0,0,0,0,0,0,1
1747,9,6d44548e5401ed51,2.075841,20.0,1,15595,1,1,0,0,1,0,0,0,0,0,0,0,0,1
1748,9,e89c2fa15a16b91a,1.559502,20.0,1,15806,1,1,0,0,1,0,0,0,0,0,0,0,0,0
1749,9,3c0c2a446b747c9a,3.261069,18.554091,1,15665,2,0,0,0,0,0,0,0,0,0,0,0,0,1
1750,9,927139a879aa9494,2.449919,20.0,1,14375,1,1,0,0,1,0,0,0,0,0,0,0,0,1
1751,9,af5c3585cfe9a309,1.840532,20.0,1,13657,1,1,0,0,1,0,0,0,0,0,0,0,0,1
1752,9,3653907481762be5,3.472408,20.0,1,13898,2,0,0,0,0,0,0,0,0,0,0,0,0,1
1753,9,cf064e89d6ab8c71,2.60869,18.893685,1,14198,1,1,0,0,1,0,0,0,0,0,0,0,0,0
1754,9,089f84715ef0e4f5,1.959811,20.0,1,14409,1,1,0,0,1,0,0,0,0,0,0,0,0,1
1755,9,4ca279ddc528c356,2.515986,19.369407,1,14325,1,0,0,0,0,0,0,0,0,0,0,0,0,1
1756,9,2d7ac4d0cf2cf3c9,1.892058,20.0,1,14388,1,1,0,0,1,0,0,0,0,0,0,0,0,1
1757,9,5b66038e0282c060,2.465085,20.0,1,14359,2,1,0,0,1,0,0,0,0,0,0,0,0,1
1758,9,da049c789f257868,2.89558,17.376836,0,14267,1,0,0,0,0,0,0,0,0,0,0,0,0,0
1759,9,64bb5b4021da3351,2.177517,20.0,1,14188,1,1,0,0,1,0,0,0,0,0,0,0,0,1
1760,9,d5b18077d17e0ee7,1.635887,18.525607,1,13943,1,1,0,0,1,0,0,0,0,0,0,0,0,0
1761,9,c1ab09c376dc3a04,2.272634,17.39644,1,14006,1,0,0,0,0,0,0,0,0,0,0,0,0,1
1762,9,871b3559499bb064,1.707345,20.0,1,13726,1,1,0,0,1,0,0,0,0,0,0,0,0,1
1763,9,6447808306f84c8f,1.283948,20.0,1,13555,1,1,0,0,1,0,0,0,0,0,0,0,0,1
1764,9,39e77bf28b763eab,0.964582,20.0,1,13894,1,1,0,0,1,0,0,0,0,0,0,0,0,0
1765,9,0cd1ba75d62981f3,1.768308,15.042407,0,13646,1,0,0,0,0,0,0,0,0,0,0,0,0,0
1766,9,b0f4c0835baadaf8,1.329793,18.273108,1,13619,1,1,0,0,1,0,0,0,0,0,0,0,0,1
1767,9,be2daa79049c1bc0,0.999024,20.0,1,13669,1,1,0,0,1,0,0,0,0,0,0,0,0,1
1768,9,aef4e292d298c7ea,1.794182,19.019157,1,13745,2,1,0,0,1,0,0,0,0,0,0,0,0,0
1769,10,1fd48474a6be9a50,1.347902,20.0,1,13978,1,1,0,0,1,0,0,0,0,0,0,0,0,1
1770,10,40ab05863d40ab6a,2.057792,19.457849,1,14214,1,0,0,0,0,0,0,0,0,0,0,0,0,1
1771,10,9fa3e60e300cac94,1.545942,18.096799,1,14288,1,1,0,0,1,0,0,0,0,0,0,0,0,0
1772,10,9522afc9eb92ebd2,1.161409,20.0,1,14012,1,1,0,0,1,0,0,0,0,0,0,0,0,1
1773,10,0fba0eaa5e567fe1,0.873396,18.936754,1,14043,1,1,0,0,1,0,0,0,0,0,0,0,0,0
1774,10,8f9f8c22e25048df,1.699803,17.70532,1,13990,1,0,0,0,0,0,0,0,0,0,0,0,0,1
1775,10,025aca0c2fc547cd,1.276998,16.78019,1,13942,1,1,0,0,1,0,0,0,0,0,0,0,0,0
1776,10,ea7305c3d0c4eb0e,0.959361,19.564018,1,13982,1,1,0,0,1,0,0,0,0,0,0,0,0,1
1777,10,b3bc2710b036c5b2,-0.322697,18.192922,1,13917,0,1,0,0,1,0,0,0,0,0,0,0,0,0
1778,10,3c254a4fca255c07,0.801223,13.667662,0,13966,1,0,0,0,0,0,0,0,0,0,0,0,0,0
1779,10,7fb0256f65ce4ff6,0.601929,17.225693,1,14105,1,1,0,0,1,0,0,0,0,0,0,0,0,1
1780,10,a69e89495c03d18a,0.452659,16.434468,1,14042,1,1,0,0,1,0,0,0,0,0,0,0,0,0
1781,10,ba87dd4319678e85,0.340066,19.304291,1,13981,1,1,0,0,1,0,0,0,0,0,0,0,0,1
1782,10,3e895dd2e76d3ae9,1.299132,17.981436,1,13905,2,1,0,0,0,0,0,0,0,0,0,0,0,1
1783,10,5bfa9aaebee05047,2.019643,20.0,1,14073,1,0,0,0,1,0,0,0,0,0,0,0,0,1
1784,10,ca3938afd42b6b51,1.5188,18.871579,1,13950,1,1,0,0,1,0,0,0,0,0,0,0,0,0
1785,10,3840b1179d01d5ca,1.141018,20.0,1,14023,1,1,0,0,1,0,0,0,0,0,0,0,0,1
1786,10,3ad00a257add4750,0.857204,19.356931,1,13955,1,1,0,0,1,0,0,0,0,0,0,0,0,0
1787,10,715e21df0f1ac6b8,1.68878,18.03719,1,14027,1,0,0,0,0,0,0,0,0,0,0,0,0,1
1788,10,ab882b57d80326bc,1.268717,17.029511,1,14044,1,1,0,0,1,0,0,0,0,0,0,0,0,0
1789,10,de121b1615b372cf,0.95314,19.751324,1,14058,1,1,0,0,1,0,0,0,0,0,0,0,0,1
1790,10,58b8431551715724,1.759712,20.0,1,13973,2,1,0,0,1,0,0,0,0,0,0,0,0,1
1791,10,23e17bd6c1c20f85,1.323328,19.871495,1,13942,1,1,0,0,0,0,0,0,0,0,0,0,0,1
1792,10,c8292701595322e6,2.03782,18.407556,1,13938,1,0,0,0,1,0,0,0,0,0,0,0,0,0
1793,10,10c80b0b9d50bf2d,1.530938,20.0,1,13969,1,1,0,0,1,0,0,0,0,0,0,0,0,1
1794,10,f6d7570dbe7171fa,1.151287,19.112319,1,13945,1,1,0,0,1,0,0,0,0,0,0,0,0,0
1795,10,50afc0b225fbdddd,0.864919,20.0,1,14022,1,1,0,0,1,0,0,0,0,0,0,0,0,1
1796,10,26bf505ffeb94bbf,2.737088,19.492804,1,13985,2,0,0,0,0,0,0,0,0,0,0,0,0,1
1797,10,e40473ff344e55ae,2.056272,18.123059,1,14187,1,1,0,0,1,0,0,0,0,0,0,0,0,0
1798,10,90ecaf7479b68915,1.546346,20.0,1,13722,1,1,0,0,1,0,0,0,0,0,0,0,0,1
1799,10,90f3fabff4cf81db,1.161712,18.947193,1,14064,1,1,0,0,1,0,0,0,0,0,0,0,0,0
1800,10,856e34ca1b879edb,1.916404,20.0,1,14055,2,1,0,0,1,0,0,0,0,0,0,0,0,2
1801,10,0b681578e0b3316e,1.441163,18.552832,0,14016,1,1,0,0,0,0,0,0,0,0,0,0,0,0
1802,10,f010d85dc887294f,2.126345,20.0,1,13806,1,0,0,0,1,0,0,0,0,0,0,0,0,1
1803,10,64c1c78f7859fdad,1.597444,19.177031,1,13902,1,1,0,0,1,0,0,0,0,0,0,0,0,0
1804,10,c16d3e1a1b7346bd,1.2001,17.885831,1,13926,1,1,0,0,0,0,0,0,0,0,0,0,0,1
1805,10,65f500e78f5a12d1,1.946643,16.930902,1,13896,1,0,0,0,1,0,0,0,0,0,0,0,0,0
1806,10,9d9a6a3fa5fc68ef,1.46244,19.677243,1,13940,1,1,0,0,1,0,0,0,0,0,0,0,0,1
1807,10,c9f741938b901a2c,1.098676,18.261621,1,14000,1,1,0,0,0,0,0,0,0,0,0,0,0,1
1808,10,ef83c37bfd8abbf8,1.870371,17.213501,1,13811,1,0,0,0,1,0,0,0,0,0,0,0,0,0
1809,10,ba7b9bb2934818a3,2.448793,19.889549,1,13861,2,1,0,0,1,0,0,0,0,0,0,0,0,1
1810,10,4f2b2ce4a223fb71,2.88334,18.421119,1,13889,1,0,0,0,0,0,0,0,0,0,0,0,0,1
1811,10,8ee0f215545717e4,2.166146,17.317943,1,13723,1,1,0,0,1,0,0,0,0,0,0,0,0,0
1812,10,acef73e69ba223a6,1.628972,19.984343,1,13688,1,1,0,0,1,0,0,0,0,0,0,0,0,1
1813,10,f3a319b4cb551edc,2.267439,15.01349,0,13942,1,0,0,0,0,0,0,0,0,0,0,0,0,0
1814,10,f42c00ec90478151,1.703442,18.236763,1,13579,1,1,0,0,1,0,0,0,0,0,0,0,0,1
1815,10,dc0783652a75a15b,2.325164,13.714306,0,13488,1,0,0,0,0,0,0,0,0,0,0,0,0,0
1816,10,2ae438f3ea91a622,1.746808,17.260734,1,13756,1,1,0,0,1,0,0,0,0,0,0,0,0,1
1817,10,7e5f1a0e6e0f6028,1.312312,16.446189,1,13861,1,1,0,0,1,0,0,0,0,0,0,0,0,0
1818,10,0705d71dbf0fd601,0.985891,19.313096,1,13625,1,1,0,0,1,0,0,0,0,0,0,0,0,1
1819,10,949dde9f1b1e5886,1.785554,14.523723,0,13610,1,0,0,0,0,0,0,0,0,0,0,0,0,0
1820,10,7641a8807333fd70,1.34142,17.86882,1,13699,1,1,0,0,1,0,0,0,0,0,0,0,0,1
1821,10,41318af6f5549a9f,2.051412,16.903021,1,13671,1,0,0,0,0,0,0,0,0,0,0,0,0,1
1822,10,7ffc471efc72fe2f,1.542691,16.191814,1,13560,1,1,0,0,1,0,0,0,0,0,0,0,0,0
1823,10,34ff2f3961d2f99f,2.20262,19.121994,1,14004,2,1,0,0,1,0,0,0,0,0,0,0,0,1
1824,10,3c02ee8d477e9764,1.654746,20.0,1,13841,1,1,0,0,1,0,0,0,0,0,0,0,0,1
1825,10,f73d5f0b0c1d81ff,2.286802,19.498264,1,13753,1,0,0,0,0,0,0,0,0,0,0,0,0,1
1826,10,e656d02c25db3781,1.719708,20.0,1,13662,1,1,0,0,1,0,0,0,0,0,0,0,0,1
1827,10,2c84c8f67ae5e607,1.291952,19.724129,1,13863,1,1,0,0,1,0,0,0,0,0,0,0,0,0
1828,10,dcb27db98e89f513,0.970595,18.296845,1,13814,1,1,0,0,0,0,0,0,0,0,0,0,0,1
1829,10,8be3785daa875b8a,1.774052,17.23999,1,13790,1,0,0,0,1,0,0,0,0,0,0,0,0,0
1830,10,4aaea99f6ac59e27,1.332779,19.909449,1,13990,1,1,0,0,1,0,0,0,0,0,0,0,0,1
1831,10,aec729454a9a1f18,2.04492,20.0,1,13954,2,1,0,0,1,0,0,0,0,0,0,0,0,1
1832,10,1b41aa863285f5c1,1.536272,19.9427,1,13975,1,1,0,0,1,0,0,0,0,0,0,0,0,0
1833,10,32fd1d9e0020a202,2.199449,18.477696,1,13920,1,0,0,0,0,0,0,0,0,0,0,0,0,1
1834,10,f58bfb7c7a613e57,1.652364,17.360447,1,13845,1,1,0,0,1,0,0,0,0,0,0,0,0,0
1835,10,79677f7746bd59d4,1.241359,19.999944,1,13951,1,1,0,0,1,0,0,0,0,0,0,0,0,1
1836,10,7e9471a6b64ad0e1,0.93352,18.520745,1,13790,1,1,0,0,1,0,0,0,0,0,0,0,0,0
1837,10,17bf3f6a53b3acbd,1.744972,17.392788,1,14036,1,0,0,0,0,0,0,0,0,0,0,0,0,1
1838,10,ee1a1cd50f2951de,1.310932,16.545396,1,14136,1,1,0,0,1,0,0,0,0,0,0,0,0,0
1839,10,8cfdd8d741f0fa72,0.984854,19.387626,1,14371,1,1,0,0,1,0,0,0,0,0,0,0,0,1
1840,10,c0be460fdcbbda7f,1.784775,18.060273,1,14908,2,1,0,0,0,0,0,0,0,0,0,0,0,1
1841,10,a6fbea34fb95680f,2.384488,20.0,1,14937,1,0,0,0,1,0,0,0,0,0,0,0,0,1
1842,10,e0932b7b1defa8c5,1.791377,20.0,1,16305,1,1,0,0,1,0,0,0,0,0,0,0,0,1
1843,10,af4aa705dace5bec,1.347141,20.0,1,16378,1,1,0,0,1,0,0,0,0,0,0,0,0,0
1844,10,24236b32be665c60,3.099363,18.736226,1,16525,2,0,0,0,0,0,0,0,0,0,0,0,0,1
1845,10,c4097fcea9b10d06,2.328436,20.0,1,16385,1,1,0,0,1,0,0,0,0,0,0,0,0,1
1846,10,42b88000d6b2c46d,1.749267,19.280538,1,16526,1,1,0,0,0,0,0,0,0,0,0,0,0,1
1847,10,58b9d8bb825ec1ac,3.403775,20.0,1,16289,2,0,0,0,1,0,0,0,0,0,0,0,0,1
1848,10,0cdcb1f8b6cb8e44,2.557129,20.0,1,17016,1,1,0,0,1,0,0,0,0,0,0,0,0,1
1849,10,d200bce1af06ee51,2.964728,20.0,1,16982,2,1,0,0,1,0,0,0,0,0,0,0,0,1
1850,10,90d4ee6d4b59826e,3.273669,20.0,1,16817,1,0,0,0,0,0,0,0,0,0,0,0,0,1
1851,10,095ec8464e0215e8,3.503038,20.0,1,16780,2,1,0,0,1,0,0,0,0,0,0,0,0,1
1852,10,de1e73e1c7eca292,3.675355,17.503809,0,16908,1,0,0,0,0,0,0,0,0,0,0,0,0,0
1853,10,aacab051c8d72560,2.761157,20.0,1,16876,1,1,0,0,1,0,0,0,0,0,0,0,0,1
1854,10,1de3f6c8e406d342,3.12058,20.0,1,14728,2,1,0,0,1,0,0,0,0,0,0,0,0,1
1855,10,088a084ff4e6122f,3.388028,20.0,1,14052,1,0,0,0,0,0,0,0,0,0,0,0,0,1
1856,10,f79b15cbbcee9052,2.545299,20.0,1,14034,1,1,0,0,1,0,0,0,0,0,0,0,0,1
1857,10,62d21b4e8f59b0fa,4.002402,20.0,1,13958,2,0,0,0,0,0,0,0,0,0,0,0,0,1
1858,10,b04c07e96eb64a43,1.963202,18.542136,1,13893,0,1,0,0,1,0,0,0,0,0,0,0,0,0
1859,10,c8ae8fb1ebb69fda,1.47488,20.0,1,13774,1,1,0,0,1,0,0,0,0,0,0,0,0,1
1860,10,025dd8421e40c787,2.151676,19.170995,1,13602,2,1,0,0,1,0,0,0,0,0,0,0,0,0
1861,10,48f48cdea5675cf0,2.662241,17.897363,1,13753,1,0,0,0,0,0,0,0,0,0,0,0,0,1
1862,10,0961120d7e2c241c,2.000042,16.924464,1,13677,1,1,0,0,1,0,0,0,0,0,0,0,0,0
1863,10,6df890320c51dd58,0.458904,16.193562,1,13681,0,1,0,0,1,0,0,0,0,0,0,0,0,0
1864,10,71ea6aae9131a580,2.433403,15.658291,1,13575,2,0,0,0,0,0,0,0,0,0,0,0,0,1
1865,10,661b5a46ca301ace,1.828125,18.721178,1,13650,1,1,0,0,1,0,0,0,0,0,0,0,0,1
1866,10,6fdc84f3bc161610,1.373402,20.0,1,13705,1,1,0,0,1,0,0,0,0,0,0,0,0,1
1867,10,0122f23e4b3007c9,2.075439,15.7932,0,13806,1,0,0,0,0,0,0,0,0,0,0,0,0,0
1868,10,d160d46167f38e65,1.56076,18.837715,1,13654,1,1,0,0,1,0,0,0,0,0,0,0,0,1
1869,10,b929dfe110f303a0,1.17254,17.630916,1,13689,1,1,0,0,1,0,0,0,0,0,0,0,0,0
1870,10,d07e57c26ef401ff,0.880886,20.0,1,13792,1,1,0,0,1,0,0,0,0,0,0,0,0,1
1871,10,d2586ee61d5d79ac,1.706589,15.193047,0,13662,1,0,0,0,0,0,0,0,0,0,0,0,0,0
1872,10,bcb757b2ab56eeca,1.282097,18.371657,1,13833,1,1,0,0,1,0,0,0,0,0,0,0,0,1
1873,10,7c09883a45b2f1b3,0.963191,20.0,1,13931,1,1,0,0,1,0,0,0,0,0,0,0,0,1
1874,10,cd01dc91c96f2c80,1.767263,15.595933,0,13908,1,0,0,0,0,0,0,0,0,0,0,0,0,0
1875,10,407cb23d160672f7,1.329007,18.689367,1,13663,1,1,0,0,1,0,0,0,0,0,0,0,0,1
1876,10,495b7f2ae71e9ea0,0.998433,17.519467,1,13842,1,1,0,0,1,0,0,0,0,0,0,0,0,0
1877,10,bb2b0908a9abf78f,1.793739,16.640565,1,13840,2,1,0,0,0,0,0,0,0,0,0,0,0,1
1878,10,362a450686f85f0a,2.393068,19.474946,1,13844,1,0,0,0,1,0,0,0,0,0,0,0,0,1
1879,10,ac24ffc7764b1735,1.797822,20.0,1,13816,1,1,0,0,1,0,0,0,0,0,0,0,0,1
1880,10,ccd879853054dd57,1.350637,19.697468,1,14012,1,1,0,0,1,0,0,0,0,0,0,0,0,0
1881,10,f859de6b01c88424,3.10199,18.276816,1,13969,2,0,0,0,0,0,0,0,0,0,0,0,0,1
1882,10,bfd739d4cdfa72da,2.33274,20.0,1,13857,1,1,0,0,1,0,0,0,0,0,0,0,0,1
1883,10,4f5aad7a3f03a4ac,1.752501,20.0,1,13926,1,1,0,0,1,0,0,0,0,0,0,0,0,1
1884,10,eeb769578968f69b,1.316588,20.0,1,13763,1,1,0,0,1,0,0,0,0,0,0,0,0,1
1885,10,502b6783c23e78b7,2.034244,17.951176,0,13671,1,0,0,0,0,0,0,0,0,0,0,0,0,0
1886,10,b2e487a060b94e24,1.528251,20.0,1,13905,1,1,0,0,1,0,0,0,0,0,0,0,0,1
1887,10,ee2e508103b6d6a5,1.148118,18.83746,1,13870,1,1,0,0,1,0,0,0,0,0,0,0,0,0
1888,10,23c3d297d4ee197c,0.862538,20.0,1,13946,1,1,0,0,1,0,0,0,0,0,0,0,0,1
1889,10,ef4233fca45a133f,0.648641,20.0,1,13883,1,1,0,0,1,0,0,0,0,0,0,0,0,1
1890,10,3aa7e3473919d60b,1.530953,17.155607,0,14067,2,1,0,0,0,0,0,0,0,0,0,0,0,0
1891,10,eddc85bfe849991a,2.193801,19.846056,1,13989,1,0,0,0,1,0,0,0,0,0,0,0,0,1
1892,10,ceebec7b81634a4a,1.64977,20.0,1,13924,1,1,0,0,1,0,0,0,0,0,0,0,0,1
1893,10,9f5d87ec4e74461b,1.23941,20.0,1,14194,1,1,0,0,1,0,0,0,0,0,0,0,0,1
1894,10,bc6cbaf5138154c9,0.931123,17.579141,0,13989,1,1,0,0,0,0,0,0,0,0,0,0,0,0
1895,10,b05e035ddc8d98f6,1.743171,20.0,1,14255,1,0,0,0,1,0,0,0,0,0,0,0,0,1
1896,10,b768ded19de9060d,1.310889,20.0,1,13907,1,1,0,0,1,0,0,0,0,0,0,0,0,1
1897,10,5ed64908cb95e26b,2.028476,20.0,1,14098,2,1,0,0,1,0,0,0,0,0,0,0,0,1
1898,10,c6ed74ae21f8b3b8,2.567571,17.71419,0,14044,1,0,0,0,0,0,0,0,0,0,0,0,0,0
1899,10,2f341478fd8e2792,1.93085,20.0,1,14095,1,1,0,0,1,0,0,0,0,0,0,0,0,1
1900,10,56f072d2546f4fcc,2.494229,15.237354,0,14089,1,0,0,0,0,0,0,0,0,0,0,0,0,0
1901,10,21f9efdb55ad7b46,2.917474,18.404943,1,14328,2,1,0,0,1,0,0,0,0,0,0,0,0,1
1902,10,a54b98d10b749a22,2.191789,20.0,1,14105,1,1,0,0,1,0,0,0,0,0,0,0,0,1
1903,10,282cbd5f2ba7600d,2.692407,19.110843,1,14111,1,0,0,0,0,0,0,0,0,0,0,0,0,1
1904,10,69daaef3b0b7ceb3,2.022705,17.836107,1,14284,1,1,0,0,1,0,0,0,0,0,0,0,0,0
1905,10,fc3f8938c0596cdd,1.519583,20.0,1,14639,1,1,0,0,1,0,0,0,0,0,0,0,0,1
1906,10,8d1fa1a01f922ad6,1.142748,18.789473,1,14302,1,1,0,0,0,0,0,0,0,0,0,0,0,1
1907,10,fd6a28f15c8f50ec,1.902157,17.594673,1,14008,1,0,0,0,1,0,0,0,0,0,0,0,0,0
1908,10,38f800686de8352c,1.429019,20.0,1,13904,1,1,0,0,1,0,0,0,0,0,0,0,0,1
1909,10,49f9c54215f141fc,1.073569,18.636251,1,14052,1,1,0,0,1,0,0,0,0,0,0,0,0,0
1910,10,cd3c9eb645524028,0.807339,17.495228,1,14059,1,1,0,0,0,0,0,0,0,0,0,0,0,1
1911,10,5f74a538f2ae9f66,1.650177,20.0,1,14141,1,0,0,0,1,0,0,0,0,0,0,0,0,1
1912,10,4c8e6ed502692c93,1.239716,18.580125,1,14060,1,1,0,0,1,0,0,0,0,0,0,0,0,0
1913,10,0793002c6d3e96c3,0.932284,20.0,1,14075,1,1,0,0,1,0,0,0,0,0,0,0,0,1
1914,10,9cdf8acdfc436234,1.744044,15.726572,0,14059,1,0,0,0,0,0,0,0,0,0,0,0,0,0
1915,10,768eb8188560dfb8,1.310235,18.772475,1,14091,1,1,0,0,1,0,0,0,0,0,0,0,0,1
1916,10,b4208cfa6e769a3b,0.98433,17.581903,1,14017,1,1,0,0,1,0,0,0,0,0,0,0,0,0
1917,10,851ed36e407dd93d,0.740231,20.0,1,14001,1,1,0,0,1,0,0,0,0,0,0,0,0,1
1918,10,07870aa703a40a3a,0.556108,18.641462,1,13909,1,1,0,0,0,0,0,0,0,0,0,0,0,1
1919,10,dde32ab0c247527f,1.461436,17.483478,1,14062,1,0,0,0,1,0,0,0,0,0,0,0,0,0
1920,10,13c517f921f708b3,1.099021,20.0,1,13771,1,1,0,0,1,0,0,0,0,0,0,0,0,1
1921,10,68ff72540528a3b6,0.825653,18.585855,1,14086,1,1,0,0,1,0,0,0,0,0,0,0,0,0
1922,10,11fc499b1b84b68e,0.620282,20.0,1,13942,1,1,0,0,1,0,0,0,0,0,0,0,0,1
1923,10,4c0dac783f48ef5f,2.553302,19.19567,1,13962,2,0,0,0,0,0,0,0,0,0,0,0,0,1
1924,10,02ec29759fbb19a0,1.920119,17.915919,1,14199,1,1,0,0,1,0,0,0,0,0,0,0,0,0
1925,10,54d8c093532a96c4,1.442514,20.0,1,13990,1,1,0,0,1,0,0,0,0,0,0,0,0,1
1926,10,8dda4d3aeb8dfc4e,1.083707,20.0,1,14035,1,1,0,0,1,0,0,0,0,0,0,0,0,1
1927,10,6abdec8a6ccaa5f7,0.814963,20.0,1,13980,1,1,0,0,1,0,0,0,0,0,0,0,0,0
1928,10,adf9594e124383dc,1.655905,18.690197,1,13948,1,0,0,0,0,0,0,0,0,0,0,0,0,1
1929,10,88f56ba790f2bdd2,1.244019,17.520091,1,13979,1,1,0,0,1,0,0,0,0,0,0,0,0,0
1930,10,8b16276669b07ea5,0.934585,20.0,1,14016,1,1,0,0,1,0,0,0,0,0,0,0,0,1
1931,10,50ae98058be71d52,0.702821,15.130435,0,14133,1,1,0,0,0,0,0,0,0,0,0,0,0,0
1932,10,7b267f30de6bbf1b,1.571657,18.324619,1,13971,1,0,0,0,1,0,0,0,0,0,0,0,0,1
1933,10,2e410b438a53c718,2.22438,20.0,1,13890,2,1,0,0,1,0,0,0,0,0,0,0,0,1
1934,10,10727e2237549e23,1.672766,19.065464,1,13708,1,1,0,0,1,0,0,0,0,0,0,0,0,0
1935,10,06142b997aa1e323,2.30034,17.802015,1,13949,1,0,0,0,0,0,0,0,0,0,0,0,0,1
1936,10,91f4fa482863c76e,1.728159,20.0,1,13938,1,1,0,0,1,0,0,0,0,0,0,0,0,1
1937,10,7575f751240f13fd,1.298301,20.0,1,13783,1,1,0,0,1,0,0,0,0,0,0,0,0,1
1938,10,1cb98a6a4b8af97d,2.020492,20.0,1,13926,2,1,0,0,1,0,0,0,0,0,0,0,0,1
1939,10,c28f50e2896a103e,1.51792,17.789803,0,14011,1,1,0,0,0,0,0,0,0,0,0,0,0,0
1940,10,8ac96d26788eb4ba,2.18401,20.0,1,14006,1,0,0,0,1,0,0,0,0,0,0,0,0,1
1941,10,d508b3b60112075d,1.642407,18.763314,1,13964,1,1,0,0,1,0,0,0,0,0,0,0,0,0
1942,10,ea9434268926f046,1.233879,20.0,1,13964,1,1,0,0,1,0,0,0,0,0,0,0,0,1
1943,10,bf91afd7e7553a2f,1.97062,15.816982,0,14143,1,0,0,0,0,0,0,0,0,0,0,0,0,0
1944,10,8304b3f198b569b5,2.524107,18.840396,1,13899,2,1,0,0,1,0,0,0,0,0,0,0,0,1
1945,10,17e54ae5ff5a2d37,1.898164,20.0,1,13994,1,1,0,0,1,0,0,0,0,0,0,0,0,1
1946,10,ebd50b9c79b8e4c1,1.42602,19.35246,1,13874,1,1,0,0,1,0,0,0,0,0,0,0,0,0
1947,10,6ed83de0e4a07783,2.114969,18.017624,1,14215,1,0,0,0,0,0,0,0,0,0,0,0,0,1
1948,10,ca75c1d40d7feeca,1.590487,17.030012,1,13995,1,1,0,0,1,0,0,0,0,0,0,0,0,0
1949,10,2bc48295577b28e2,2.238527,16.272856,1,13839,1,0,0,0,0,0,0,0,0,0,0,0,0,1
1950,10,e1a592aece5a849f,1.681721,19.182877,1,13904,1,1,0,0,1,0,0,0,0,0,0,0,0,1
1951,10,940ec1ee10b60a61,1.263414,17.890223,1,13863,1,1,0,0,1,0,0,0,0,0,0,0,0,0
1952,10,e8127451797a4324,1.994256,16.934205,1,13753,1,0,0,0,0,0,0,0,0,0,0,0,0,1
1953,10,95500f27e2422891,2.541863,19.679724,1,13762,2,1,0,0,1,0,0,0,0,0,0,0,0,1
1954,10,d0e3f27e1f055b04,0.865954,18.263485,1,13737,0,1,0,0,1,0,0,0,0,0,0,0,0,0
1955,10,e37613992f4fd291,1.69536,17.214903,1,13469,1,0,0,0,0,0,0,0,0,0,0,0,0,1
1956,10,cf98ece0cea14c62,1.273661,16.411758,1,13750,1,1,0,0,1,0,0,0,0,0,0,0,0,0
1957,10,f089f3b57a4d0f74,0.956854,15.808384,1,13698,1,1,0,0,0,0,0,0,0,0,0,0,0,1
1958,10,a1e09a12055751f3,1.762502,15.355093,1,13641,1,0,0,0,1,0,0,0,0,0,0,0,0,0
1959,10,090692e3b870af64,2.369577,18.508252,1,13819,2,1,0,0,1,0,0,0,0,0,0,0,0,1
1960,10,80d2c89c33cba964,0.736521,17.383402,1,13916,0,1,0,0,1,0,0,0,0,0,0,0,0,0
1961,10,90667e06d1fdedfb,1.596974,20.0,1,13791,2,1,0,0,1,0,0,0,0,0,0,0,0,1
1962,10,f6a9d3612372c138,1.200947,20.0,1,13719,1,1,0,0,1,0,0,0,0,0,0,0,0,1
1963,10,5dd678ca8cd28c41,1.94588,20.0,1,13963,1,0,0,0,0,0,0,0,0,0,0,0,0,1
1964,10,ad61d1e41e33f309,1.461867,20.0,1,13829,1,1,0,0,1,0,0,0,0,0,0,0,0,1
1965,10,1b4d011e92f99b72,1.098246,20.0,1,13887,1,1,0,0,1,0,0,0,0,0,0,0,0,0
1966,10,2088ca923afd1b47,0.825897,18.523473,1,13902,1,1,0,0,0,0,0,0,0,0,0,0,0,1
1967,10,6e9da6919a69c02e,1.664119,17.394837,1,13961,1,0,0,0,1,0,0,0,0,0,0,0,0,0
1968,10,b776d3795485251f,1.25019,20.0,1,13865,1,1,0,0,1,0,0,0,0,0,0,0,0,1
1969,10,3a88b46349db717f,1.984311,20.0,1,13921,2,1,0,0,1,0,0,0,0,0,0,0,0,1
1970,10,bc97d504d7395733,1.490739,20.0,1,13901,1,1,0,0,1,0,0,0,0,0,0,0,0,1
1971,10,0396e9642752b8fa,1.119936,17.655422,0,14231,1,1,0,0,0,0,0,0,0,0,0,0,0,0
1972,10,ac5d4b8039e7d009,1.88502,20.0,1,14064,1,0,0,0,1,0,0,0,0,0,0,0,0,1
1973,10,856d7df85636b8d3,2.461712,20.0,1,14101,2,1,0,0,1,0,0,0,0,0,0,0,0,1
1974,10,101d94a99483b526,1.849392,20.0,1,14215,1,1,0,0,1,0,0,0,0,0,0,0,0,1
1975,10,a5832e6e7c03ec94,1.389379,20.0,1,14245,1,1,0,0,1,0,0,0,0,0,0,0,0,0
1976,10,b99a6b3f3fe95dfa,2.088984,19.436257,1,14149,1,0,0,0,0,0,0,0,0,0,0,0,0,1
1977,10,4675fb62415f4b1a,1.569375,18.080578,1,14164,1,1,0,0,1,0,0,0,0,0,0,0,0,0
1978,10,e4b5c49e595029da,1.179013,20.0,1,14290,1,1,0,0,1,0,0,0,0,0,0,0,0,1
1979,10,294e68b54221db19,0.885748,18.910493,1,14137,1,1,0,0,0,0,0,0,0,0,0,0,0,1
1980,10,33f332f2c8a6146f,2.754396,20.0,1,14199,2,0,0,0,1,0,0,0,0,0,0,0,0,1
1981,10,a5b87d6b1ee73aea,2.069275,20.0,1,14112,1,1,0,0,1,0,0,0,0,0,0,0,0,1
1982,10,4f6aa90010b1c290,1.554569,17.182057,0,14026,1,1,0,0,0,0,0,0,0,0,0,0,0,0
1983,10,b4a84820f0de4e48,2.213209,19.882155,1,14268,1,0,0,0,1,0,0,0,0,0,0,0,0,1
1984,10,35f0e26816390ea6,2.706354,20.0,1,14385,2,1,0,0,1,0,0,0,0,0,0,0,0,1
1985,10,4da13f1f06982863,3.076836,16.448451,0,14358,1,0,0,0,0,0,0,0,0,0,0,0,0,0
1986,10,a9d30ebd9cf81830,2.311512,19.314795,1,14266,1,1,0,0,1,0,0,0,0,0,0,0,0,1
1987,10,5c2ebba65cb4fa26,1.73829,20.0,1,14100,1,1,0,0,1,0,0,0,0,0,0,0,0,1
1988,10,e417228d43b6a251,3.393219,19.620477,1,14239,2,0,0,0,0,0,0,0,0,0,0,0,0,1
1989,10,365f9e2086f0ccfe,2.549199,20.0,1,14391,1,1,0,0,1,0,0,0,0,0,0,0,0,1
1990,10,ffc6fd0f54dc2985,2.961184,16.31707,0,14449,1,0,0,0,0,0,0,0,0,0,0,0,0,0
1991,10,c82eb716a6ccd2b1,2.224627,19.216094,1,14465,1,1,0,0,1,0,0,0,0,0,0,0,0,1
1992,10,d64b1dd1680b4a9e,1.671279,20.0,1,14647,1,1,0,0,1,0,0,0,0,0,0,0,0,1
1993,10,d2856f82fc5dd939,2.299223,16.072529,0,14550,1,0,0,0,0,0,0,0,0,0,0,0,0,0
1994,10,40f5acb149b13958,1.729048,19.047774,1,14666,1,1,0,0,1,0,0,0,0,0,0,0,0,1
1995,10,e6018ee5231ed57b,2.342623,20.0,1,14421,2,1,0,0,1,0,0,0,0,0,0,0,0,1
1996,10,9991598eb2d821e3,0.716272,19.456375,1,14221,0,1,0,0,1,0,0,0,0,0,0,0,0,0
1997,10,2b65254ced56f677,1.582797,14.631471,0,14365,1,0,0,0,0,0,0,0,0,0,0,0,0,0
1998,10,f42dbbf1bd95f2d9,1.189096,17.949766,1,14295,1,1,0,0,1,0,0,0,0,0,0,0,0,1
1999,10,7f2a383df3f59c35,0.893323,16.963833,1,14174,1,1,0,0,1,0,0,0,0,0,0,0,0,0
2000,10,bb0fb67a29edf533,1.714774,19.701983,1,14380,2,1,0,0,1,0,0,0,0,0,0,0,0,1
2001,10,9e4c2169ae4926b7,2.333685,18.296673,1,14314,1,0,0,0,0,0,0,0,0,0,0,0,0,1
2002,10,4c3d4240b32e3b34,1.75321,20.0,1,13805,1,1,0,0,1,0,0,0,0,0,0,0,0,1
2003,10,6a2fdf38948c66ca,1.317121,20.0,1,13793,1,1,0,0,1,0,0,0,0,0,0,0,0,1
2004,10,5115650a7406ca7b,0.990494,20.0,1,13622,1,1,0,0,1,0,0,0,0,0,0,0,0,0
2005,10,f287c3b16c3508d8,0.744121,20.0,1,13558,1,1,0,0,1,0,0,0,0,0,0,0,0,1
2006,10,0308ec9b4b06ef85,1.602684,16.745981,0,13855,1,0,0,0,0,0,0,0,0,0,0,0,0,0
2007,10,0325a8fae7e2e796,1.204036,19.538319,1,13737,1,1,0,0,1,0,0,0,0,0,0,0,0,1
2008,10,00a1b1ebc75d0266,0.905453,18.173596,1,13824,1,1,0,0,1,0,0,0,0,0,0,0,0,0
2009,10,52c00d90994e6043,1.723886,20.0,1,14008,2,1,0,0,1,0,0,0,0,0,0,0,0,1
2010,10,a5915d23de02da78,1.295091,18.962992,1,13956,1,1,0,0,0,0,0,0,0,0,0,0,0,1
2011,10,1177772c1fd9b0db,2.018077,20.0,1,13930,1,0,0,0,1,0,0,0,0,0,0,0,0,1
2012,10,925c98f060abb7a4,1.516106,19.421722,1,14166,1,1,0,0,1,0,0,0,0,0,0,0,0,0
2013,10,635b225abfe96fe6,1.138994,20.0,1,13908,1,1,0,0,1,0,0,0,0,0,0,0,0,1
2014,10,caeef4a03e43108e,1.899337,20.0,1,14138,2,1,0,0,1,0,0,0,0,0,0,0,0,1
2015,10,59636c76c6798e52,1.428328,20.0,1,14241,1,1,0,0,1,0,0,0,0,0,0,0,0,0
2016,10,70bc1f7707701e22,1.07305,19.170339,1,13959,1,1,0,0,0,0,0,0,0,0,0,0,0,1
2017,10,ada5f1fde6feec95,1.849796,17.880803,1,14173,1,0,0,0,1,0,0,0,0,0,0,0,0,0
2018,10,471ddf63f261a048,1.391073,20.0,1,14036,1,1,0,0,1,0,0,0,0,0,0,0,0,1
2019,11,1fd48474a6be9a50,2.088714,20.0,1,14021,2,1,0,0,1,0,0,0,0,0,0,0,0,1
2020,11,40ab05863d40ab6a,1.569173,20.0,1,14275,1,1,0,0,1,0,0,0,0,0,0,0,0,1
2021,11,9fa3e60e300cac94,2.222514,20.0,1,14218,1,0,0,0,0,0,0,0,0,0,0,0,0,1
2022,11,9522afc9eb92ebd2,1.671362,19.487731,1,14005,1,1,0,0,1,0,0,0,0,0,0,0,0,0
2023,11,0fba0eaa5e567fe1,1.255632,20.0,1,14064,1,1,0,0,1,0,0,0,0,0,0,0,0,1
2024,11,8f9f8c22e25048df,1.986963,19.704684,1,14049,1,0,0,0,0,0,0,0,0,0,0,0,0,1
2025,11,025aca0c2fc547cd,1.494224,18.298705,1,13825,1,1,0,0,1,0,0,0,0,0,0,0,0,0
2026,11,ea7305c3d0c4eb0e,1.122555,20.0,1,14041,1,1,0,0,1,0,0,0,0,0,0,0,0,1
2027,11,b3bc2710b036c5b2,0.843334,20.0,1,13909,1,1,0,0,1,0,0,0,0,0,0,0,0,1
2028,11,3c254a4fca255c07,1.677218,16.91276,0,13981,1,0,0,0,0,0,0,0,0,0,0,0,0,0
2029,11,7fb0256f65ce4ff6,1.261292,19.67964,1,14021,1,1,0,0,1,0,0,0,0,0,0,0,0,1
2030,11,a69e89495c03d18a,0.947562,18.263423,1,14048,1,1,0,0,1,0,0,0,0,0,0,0,0,0
2031,11,ba87dd4319678e85,0.711868,20.0,1,13945,1,1,0,0,1,0,0,0,0,0,0,0,0,1
2032,11,3e895dd2e76d3ae9,0.535335,19.03089,1,13945,1,1,0,0,1,0,0,0,0,0,0,0,0,0
2033,11,5bfa9aaebee05047,2.489484,17.776041,1,13995,2,0,0,0,0,0,0,0,0,0,0,0,0,1
2034,11,ca3938afd42b6b51,1.870256,20.0,1,13950,1,1,0,0,1,0,0,0,0,0,0,0,0,1
2035,11,3840b1179d01d5ca,1.405053,20.0,1,14113,1,1,0,0,1,0,0,0,0,0,0,0,0,1
2036,11,3ad00a257add4750,1.05662,20.0,1,13891,1,1,0,0,1,0,0,0,0,0,0,0,0,1
2037,11,715e21df0f1ac6b8,1.837453,17.781521,0,14053,1,0,0,0,0,0,0,0,0,0,0,0,0,0
2038,11,ab882b57d80326bc,1.380409,20.0,1,14033,1,1,0,0,1,0,0,0,0,0,0,0,0,1
2039,11,de121b1615b372cf,1.038088,18.758635,1,13900,1,1,0,0,1,0,0,0,0,0,0,0,0,0
2040,11,0469b68beb7ba893,2.867183,17.571506,1,14038,2,0,0,0,0,0,0,0,0,0,0,0,0,1
2041,11,77ed09b9b5fdd2d5,2.154007,20.0,1,14040,1,1,0,0,1,0,0,0,0,0,0,0,0,1
2042,11,f528f75252723e1c,1.618225,20.0,1,14127,1,1,0,0,1,0,0,0,0,0,0,0,0,1
2043,11,c2f4dc060312be30,1.216928,20.0,1,13807,1,1,0,0,1,0,0,0,0,0,0,0,0,0
2044,11,f6d7570dbe7171fa,1.957886,18.580377,1,13946,2,1,0,0,0,0,0,0,0,0,0,0,0,1
2045,11,50afc0b225fbdddd,2.51454,20.0,1,14103,1,0,0,0,1,0,0,0,0,0,0,0,0,1
2046,11,77cb534e4dd68f47,1.89097,20.0,1,13906,1,1,0,0,1,0,0,0,0,0,0,0,0,1
2047,11,03a072c123c7f460,1.420615,20.0,1,13893,1,1,0,0,1,0,0,0,0,0,0,0,0,1
2048,11,40a0b4653c2b8b16,1.067255,20.0,1,13926,1,1,0,0,1,0,0,0,0,0,0,0,0,0
2049,11,8ced9c6091029967,1.845442,19.640223,1,14160,1,0,0,0,0,0,0,0,0,0,0,0,0,1
2050,11,f446b42f744adfb3,1.387799,18.250229,1,13956,1,1,0,0,1,0,0,0,0,0,0,0,0,0
2051,11,ffdd19bd8ebe00f5,2.086255,20.0,1,13968,2,1,0,0,1,0,0,0,0,0,0,0,0,1
2052,11,b9666f9e7129180f,1.567325,20.0,1,13793,1,1,0,0,1,0,0,0,0,0,0,0,0,1
2053,11,826bb28746b5aff3,2.222801,20.0,1,13904,1,0,0,0,0,0,0,0,0,0,0,0,0,1
2054,11,3c2e28f559cf9803,1.669908,18.796795,1,13912,1,1,0,0,1,0,0,0,0,0,0,0,0,0
2055,11,f896a9eeacd54b0b,2.298192,20.0,1,13954,2,1,0,0,1,0,0,0,0,0,0,0,0,1
2056,11,7e91fafbe2aeffcf,1.726546,20.0,1,13875,1,1,0,0,1,0,0,0,0,0,0,0,0,1
2057,11,23f5c9c20ef02c3c,2.342538,20.0,1,13908,1,0,0,0,0,0,0,0,0,0,0,0,0,1
2058,11,9d0a03a46f7fd20e,1.759861,20.0,1,13897,1,1,0,0,1,0,0,0,0,0,0,0,0,1
2059,11,5056e413ae2ebdf0,2.365771,16.865784,0,13956,1,0,0,0,0,0,0,0,0,0,0,0,0,0
2060,11,b775466fa0289f2b,1.779094,19.644314,1,13766,1,1,0,0,1,0,0,0,0,0,0,0,0,1
2061,11,6f4f567e5c6b8e3b,1.336567,14.758038,0,14050,1,1,0,0,0,0,0,0,0,0,0,0,0,0
2062,11,137f5eeeb2623443,2.047766,18.044852,1,13763,1,0,0,0,1,0,0,0,0,0,0,0,0,1
2063,11,c56ed1fb7bd9ce7a,1.53841,17.035267,1,13864,1,1,0,0,1,0,0,0,0,0,0,0,0,0
2064,11,3fd1bd003e02a18b,3.245207,16.291265,1,13604,2,0,0,0,0,0,0,0,0,0,0,0,0,1
2065,11,6e854fd7e70e32bd,2.438003,19.196708,1,13870,1,1,0,0,1,0,0,0,0,0,0,0,0,1
2066,11,a79b79b71750715d,0.787927,17.900613,1,13917,0,1,0,0,1,0,0,0,0,0,0,0,0,0
2067,11,ddf6bafbca772346,0.592532,16.942018,1,13820,1,1,0,0,0,0,0,0,0,0,0,0,0,1
2068,11,56a401e4a7726b2e,1.488801,19.685594,1,13941,1,0,0,0,1,0,0,0,0,0,0,0,0,1
2069,11,bb28cbdf97149c5d,2.162134,20.0,1,13861,2,1,0,0,1,0,0,0,0,0,0,0,0,1
2070,11,e3e18a9466c6fedc,1.62433,19.816357,1,13749,1,1,0,0,1,0,0,0,0,0,0,0,0,0
2071,11,c921d548169e8f60,2.26567,18.382685,1,13753,1,0,0,0,0,0,0,0,0,0,0,0,0,1
2072,11,69aafadc3fe97223,1.702113,20.0,1,13847,1,1,0,0,1,0,0,0,0,0,0,0,0,1
2073,11,dd667997a0060278,1.278734,19.081001,1,14009,1,1,0,0,1,0,0,0,0,0,0,0,0,0
2074,11,60fc8de00e506b2f,0.961626,20.0,1,13821,1,1,0,0,1,0,0,0,0,0,0,0,0,1
2075,11,053e8f9694566d06,2.809741,19.488392,1,13963,2,0,0,0,0,0,0,0,0,0,0,0,0,1
2076,11,90b5c2e4308a9168,2.110853,18.119745,1,13939,1,1,0,0,1,0,0,0,0,0,0,0,0,0
2077,11,a36f6dad50bd4f8a,1.585805,20.0,1,13999,1,1,0,0,1,0,0,0,0,0,0,0,0,1
2078,11,5692d6ab7a94f716,1.192548,18.949718,1,13766,1,1,0,0,1,0,0,0,0,0,0,0,0,0
2079,11,35b3b36d69533371,1.93957,17.715059,1,14846,1,0,0,0,0,0,0,0,0,0,0,0,0,1
2080,11,9c478fd94d3e9798,1.457126,20.0,1,14602,1,1,0,0,1,0,0,0,0,0,0,0,0,1
2081,11,8d1105594730167b,1.09578,18.721086,1,14369,1,1,0,0,1,0,0,0,0,0,0,0,0,0
2082,11,9c35beb5878441b5,0.823218,17.543297,1,14426,1,1,0,0,0,0,0,0,0,0,0,0,0,1
2083,11,f5f29522ce931d39,1.662107,20.0,1,14429,1,0,0,0,1,0,0,0,0,0,0,0,0,1
2084,11,ce8bafa2b4cea125,1.248679,18.607254,1,14990,1,1,0,0,1,0,0,0,0,0,0,0,0,0
2085,11,fe101d3bee42534f,1.983175,20.0,1,14948,2,1,0,0,1,0,0,0,0,0,0,0,0,1
2086,11,bcf07b426549d65b,1.489885,20.0,1,14522,1,1,0,0,1,0,0,0,0,0,0,0,0,1
2087,11,21e71b54ccf262e5,2.162948,17.053352,0,14507,1,0,0,0,0,0,0,0,0,0,0,0,0,0
2088,11,eadaa5c18d35c7c0,1.626568,19.785367,1,14560,1,1,0,0,1,0,0,0,0,0,0,0,0,1
2089,11,e8a0a1e6e85c6c35,1.22198,18.342851,1,14644,1,1,0,0,1,0,0,0,0,0,0,0,0,0
2090,11,d3f380907c693ce4,3.005334,17.259143,1,15188,2,0,0,0,0,0,0,0,0,0,0,0,0,1
2091,11,92d280e6b4457db6,2.257795,19.923838,1,14946,1,1,0,0,1,0,0,0,0,0,0,0,0,1
2092,11,d26103ce8b618b57,1.697894,20.0,1,15007,1,1,0,0,1,0,0,0,0,0,0,0,0,1
2093,11,452a62474d02fed6,2.319218,16.485717,0,14846,1,0,0,0,0,0,0,0,0,0,0,0,0,0
2094,11,846fb34737ebdce6,1.742342,19.342792,1,14758,1,1,0,0,1,0,0,0,0,0,0,0,0,1
2095,11,d81cfe464fe52a92,1.310266,20.0,1,14644,1,1,0,0,1,0,0,0,0,0,0,0,0,1
2096,11,521895fc1c5d2a30,2.028007,19.636294,1,13892,2,1,0,0,0,0,0,0,0,0,0,0,0,1
2097,11,bb5ab77e6dcb5944,2.567219,18.230858,1,13779,1,0,0,0,1,0,0,0,0,0,0,0,0,0
2098,11,518d9e8c1224b1c9,1.928656,20.0,1,13966,1,1,0,0,1,0,0,0,0,0,0,0,0,1
2099,11,59c39f1eb42bbe4d,1.450377,20.0,1,13772,1,1,0,0,1,0,0,0,0,0,0,0,0,1
2100,11,29b3ef9aa30ec344,2.133267,16.898145,0,13880,1,0,0,0,0,0,0,0,0,0,0,0,0,0
2101,11,32a8ad249713b630,1.602644,19.652634,1,13783,1,1,0,0,1,0,0,0,0,0,0,0,0,1
2102,11,c24ee0dcac45eeb0,1.205211,18.259563,1,13704,1,1,0,0,1,0,0,0,0,0,0,0,0,0
2103,11,588eb18bae2515d6,1.949083,17.196571,1,13830,1,0,0,0,0,0,0,0,0,0,0,0,0,1
2104,11,7a53477a2fe956e3,1.464273,16.397986,1,13803,1,1,0,0,1,0,0,0,0,0,0,0,0,0
2105,11,5c3c5f8b1a3b1788,2.143707,15.798038,1,13646,1,0,0,0,0,0,0,0,0,0,0,0,0,1
2106,11,5b41c6d0153d7c3e,2.656249,18.841353,1,13759,2,1,0,0,1,0,0,0,0,0,0,0,0,1
2107,11,ed71fc77916d40ba,1.995541,17.633649,1,13615,1,1,0,0,0,0,0,0,0,0,0,0,0,1
2108,11,a24e81e85f54c3ed,2.542828,16.726346,1,13630,1,0,0,0,1,0,0,0,0,0,0,0,0,0
2109,11,a3dc4fd63c300c16,1.912243,19.539454,1,13790,1,1,0,0,1,0,0,0,0,0,0,0,0,1
2110,11,dc08cfa37f795d6b,1.436597,14.679261,0,13590,0,0,0,0,0,0,0,0,0,0,0,0,0,0
2111,11,3969bee8cde69b9d,2.122915,17.985669,1,13460,2,1,0,0,1,0,0,0,0,0,0,0,0,1
2112,11,bc7a437c326988b0,1.594867,16.990805,1,13411,1,1,0,0,1,0,0,0,0,0,0,0,0,0
2113,11,a92a1f82fe09ae3d,2.243513,16.25783,1,13460,1,0,0,0,0,0,0,0,0,0,0,0,0,1
2114,11,a58e23071edaa33c,1.685467,15.692744,1,13536,1,1,0,0,1,0,0,0,0,0,0,0,0,0
2115,11,c2d30bf5a2f264fc,1.266229,18.747061,1,13402,1,1,0,0,1,0,0,0,0,0,0,0,0,1
2116,11,684009f4b79d0d28,0.952222,20.0,1,13447,1,1,0,0,1,0,0,0,0,0,0,0,0,1
2117,11,0959b977c5a25da9,1.759022,15.820885,0,13467,1,0,0,0,0,0,0,0,0,0,0,0,0,0
2118,11,3aec1a7fa048c1bb,1.321488,18.843328,1,13432,1,1,0,0,1,0,0,0,0,0,0,0,0,1
2119,11,56615625a5bba383,0.992784,20.0,1,13492,1,1,0,0,1,0,0,0,0,0,0,0,0,1
2120,11,03d7cd4fe7a141cb,1.790738,15.878012,0,13594,1,0,0,0,0,0,0,0,0,0,0,0,0,0
2121,11,3e05b5c4a30022c2,1.345315,18.886246,1,13783,1,1,0,0,1,0,0,0,0,0,0,0,0,1
2122,11,7b96a114f0337757,1.010685,17.667375,1,13560,1,1,0,0,1,0,0,0,0,0,0,0,0,0
2123,11,0d3bcc10be77ab9c,0.760049,20.0,1,13740,1,1,0,0,1,0,0,0,0,0,0,0,0,1
2124,11,7ebf3c1fd1724ebc,0.570997,18.68975,1,13600,1,1,0,0,0,0,0,0,0,0,0,0,0,1
2125,11,148a856e2c3d0928,2.516275,20.0,1,13869,2,0,0,0,1,0,0,0,0,0,0,0,0,1
2126,11,2ad68c4067cae2dc,1.890383,20.0,1,13684,1,1,0,0,1,0,0,0,0,0,0,0,0,1
2127,11,1cfc1bb7eaaee275,1.421595,20.0,1,13597,1,1,0,0,1,0,0,0,0,0,0,0,0,0
2128,11,02708e9302711043,2.111645,18.936941,1,13878,1,0,0,0,0,0,0,0,0,0,0,0,0,1
2129,11,619fa9b4c4d92721,1.5864,20.0,1,13742,1,1,0,0,1,0,0,0,0,0,0,0,0,1
2130,11,02634e69808f6647,2.237146,19.411401,1,13751,2,1,0,0,0,0,0,0,0,0,0,0,0,1
2131,11,c89a96b70b624d72,2.724337,20.0,1,14722,1,0,0,0,1,0,0,0,0,0,0,0,0,1
2132,11,360099c39190c1e9,2.046693,19.661604,1,14856,1,1,0,0,1,0,0,0,0,0,0,0,0,0
2133,11,646d62e266f98ca1,1.537604,20.0,1,14627,1,1,0,0,1,0,0,0,0,0,0,0,0,1
2134,11,af587e7c6195d134,1.1563,19.820807,1,15299,1,1,0,0,1,0,0,0,0,0,0,0,0,0
2135,11,a7df3bc002181fce,1.912338,20.0,1,15104,2,1,0,0,1,0,0,0,0,0,0,0,0,1
2136,11,08852bdbe82ffa22,1.436668,19.892671,1,14976,1,1,0,0,0,0,0,0,0,0,0,0,0,1
2137,11,1377f58b134a73f3,2.124546,18.440074,1,14779,1,0,0,0,1,0,0,0,0,0,0,0,0,0
2138,11,6027056bc7349fcd,1.596092,20.0,1,14861,1,1,0,0,1,0,0,0,0,0,0,0,0,1
2139,11,6d3976062cd4940d,1.199084,19.113391,1,14922,1,1,0,0,1,0,0,0,0,0,0,0,0,0
2140,11,5b01cc2bd24b19b5,1.94448,20.0,1,15392,2,1,0,0,1,0,0,0,0,0,0,0,0,1
2141,11,53f2f5f031a87d35,1.462277,20.0,1,15252,1,1,0,0,1,0,0,0,0,0,0,0,0,1
2142,11,0c4c7a9b9a67f8db,2.142207,20.0,1,15338,1,0,0,0,0,0,0,0,0,0,0,0,0,1
2143,11,cf6f0bbb2fbb878a,1.60936,19.068721,1,15284,1,1,0,0,1,0,0,0,0,0,0,0,0,0
2144,11,7e9ef6a90d691a2e,1.210262,20.0,1,14953,1,1,0,0,1,0,0,0,0,0,0,0,0,1
2145,11,ac44c05e421c6eb9,1.952878,20.0,1,14989,2,1,0,0,1,0,0,0,0,0,0,0,0,1
2146,11,daa7d19be3362470,1.467124,20.0,1,13978,1,1,0,0,1,0,0,0,0,0,0,0,0,0
2147,11,efa9cb56e0e45779,1.102196,20.0,1,13649,1,1,0,0,1,0,0,0,0,0,0,0,0,1
2148,11,cfc63af893c0fabd,1.873017,20.0,1,13735,1,0,0,0,0,0,0,0,0,0,0,0,0,1
2149,11,410e6a3da692d1d4,1.407128,20.0,1,13752,1,1,0,0,1,0,0,0,0,0,0,0,0,1
2150,11,5e0789beeeacf02c,2.100776,16.753877,0,13809,1,0,0,0,0,0,0,0,0,0,0,0,0,0
2151,11,72a59ee8c63a804d,1.579813,19.560158,1,13700,1,1,0,0,1,0,0,0,0,0,0,0,0,1
2152,11,cc634f1e453308d4,1.186855,20.0,1,13768,1,1,0,0,1,0,0,0,0,0,0,0,0,1
2153,11,9c6b4622121fd810,1.935293,16.266717,0,13796,1,0,0,0,0,0,0,0,0,0,0,0,0,0
2154,11,7354bcee34be42d4,2.497567,19.178265,1,13445,2,1,0,0,1,0,0,0,0,0,0,0,0,1
2155,11,37872b3da31ea2b3,1.878206,17.902831,1,13600,1,1,0,0,0,0,0,0,0,0,0,0,0,1
2156,11,d30e426db75d87e6,2.454679,20.0,1,13994,1,0,0,0,1,0,0,0,0,0,0,0,0,1
2157,11,1995cb2151a235fa,1.844109,20.0,1,13999,1,1,0,0,1,0,0,0,0,0,0,0,0,1
2158,11,9aa97d106acdf2d1,1.386796,20.0,1,13800,1,1,0,0,1,0,0,0,0,0,0,0,0,0
2159,11,2140005ea4d49e54,2.085501,18.686023,1,13761,1,0,0,0,0,0,0,0,0,0,0,0,0,1
2160,11,7141be3aa8718c71,1.566759,17.516955,1,13812,1,1,0,0,1,0,0,0,0,0,0,0,0,0
2161,11,ee7e86a1ca264d99,1.177048,20.0,1,13805,1,1,0,0,1,0,0,0,0,0,0,0,0,1
2162,11,7049196df22bc76b,2.973458,18.609166,1,14004,2,0,0,0,0,0,0,0,0,0,0,0,0,1
2163,11,2b89c57d7a4327c0,2.233848,17.459215,1,13837,1,1,0,0,1,0,0,0,0,0,0,0,0,0
2164,11,727c97945041d09e,1.678206,20.0,1,13945,1,1,0,0,1,0,0,0,0,0,0,0,0,1
2165,11,c5d608156f8be1eb,1.262035,15.096043,0,13881,1,1,0,0,0,0,0,0,0,0,0,0,0,0
2166,11,18b1c911e7b1666e,1.991773,18.298782,1,13819,1,0,0,0,1,0,0,0,0,0,0,0,0,1
2167,11,180617253516be9c,1.496345,20.0,1,13814,1,1,0,0,1,0,0,0,0,0,0,0,0,1
2168,11,9d1fe451ed2edd1d,1.124148,19.033647,1,13848,1,1,0,0,1,0,0,0,0,0,0,0,0,0
2169,11,ee65eaad877daa55,1.889526,17.794075,1,13926,1,0,0,0,0,0,0,0,0,0,0,0,0,1
2170,11,8bce34edf172747e,1.41953,16.846868,1,14117,1,1,0,0,1,0,0,0,0,0,0,0,0,0
2171,11,b9f548ca6352fce8,2.110093,19.614111,1,14203,2,1,0,0,1,0,0,0,0,0,0,0,0,1
2172,11,77d471343a8d8091,2.630971,18.230593,1,14467,1,0,0,0,0,0,0,0,0,0,0,0,0,1
2173,11,7692bad8919710ac,1.97655,20.0,1,14715,1,1,0,0,1,0,0,0,0,0,0,0,0,1
2174,11,2819325119750346,1.484908,18.995161,1,14884,1,1,0,0,1,0,0,0,0,0,0,0,0,0
2175,11,8bbcf9ae7fae4cd3,1.115556,20.0,1,15123,1,1,0,0,1,0,0,0,0,0,0,0,0,1
2176,11,3a4e6862c82a54ff,2.927215,19.444293,1,15153,2,0,0,0,0,0,0,0,0,0,0,0,0,1
2177,11,adbd147e0cc38993,2.199107,18.086615,1,15248,1,1,0,0,1,0,0,0,0,0,0,0,0,0
2178,11,b0e15467b861dd08,2.69576,20.0,1,15518,2,1,0,0,1,0,0,0,0,0,0,0,0,1
2179,11,cb3d86731902ba10,2.02725,20.0,1,15526,1,1,0,0,1,0,0,0,0,0,0,0,0,1
2180,11,7fe6ed6bcb8aaced,2.566651,20.0,1,14594,1,0,0,0,0,0,0,0,0,0,0,0,0,1
2181,11,3ce99e26310ec6a7,1.928229,18.741322,1,14320,1,1,0,0,1,0,0,0,0,0,0,0,0,0
2182,11,df5b2b322d0c66a7,2.492259,20.0,1,14526,2,1,0,0,1,0,0,0,0,0,0,0,0,1
2183,11,252c705dd9c284c3,2.918365,19.300884,1,14478,1,0,0,0,0,0,0,0,0,0,0,0,0,1
2184,11,484dc4120e3024cb,2.192459,20.0,1,14499,1,1,0,0,1,0,0,0,0,0,0,0,0,1
2185,11,16e62df45d7887fa,1.647112,19.599229,1,14642,1,1,0,0,1,0,0,0,0,0,0,0,0,0
2186,11,bc72a12e08862afb,1.238652,18.219401,1,14321,1,1,0,0,0,0,0,0,0,0,0,0,0,1
2187,11,811d2ed29677dfe6,3.01786,20.0,1,14487,2,0,0,0,1,0,0,0,0,0,0,0,0,1
2188,11,8cb90a28d1bc1955,2.267205,20.0,1,14418,1,1,0,0,1,0,0,0,0,0,0,0,0,1
2189,11,f7b18d8488b7f010,1.703266,20.0,1,14525,1,1,0,0,1,0,0,0,0,0,0,0,0,0
2190,11,152dcf350f805aa6,2.325031,18.789992,1,14404,1,0,0,0,0,0,0,0,0,0,0,0,0,1
2191,11,b1d4a5a0aa207265,1.746709,17.595063,1,14427,1,1,0,0,1,0,0,0,0,0,0,0,0,0
2192,11,a5442c20e3cb4ef5,1.312237,16.697358,1,14649,1,1,0,0,0,0,0,0,0,0,0,0,0,1
2193,11,bb41adc75b350cf2,2.030972,19.517654,1,14282,1,0,0,0,1,0,0,0,0,0,0,0,0,1
2194,11,2d5f7361f68f4970,2.569446,20.0,1,14550,2,1,0,0,1,0,0,0,0,0,0,0,0,1
2195,11,e0a5037c41586e3a,1.930329,20.0,1,14625,1,1,0,0,1,0,0,0,0,0,0,0,0,1
2196,11,e580c25522d23cc6,2.493837,17.429606,0,14518,1,0,0,0,0,0,0,0,0,0,0,0,0,0
2197,11,8abdf326ab90aa9c,1.875401,20.0,1,14638,1,1,0,0,1,0,0,0,0,0,0,0,0,1
2198,11,86d2871f518ba584,1.408919,20.0,1,14605,1,1,0,0,1,0,0,0,0,0,0,0,0,1
2199,11,60094bf55e0e6dd6,2.102121,20.0,1,14601,2,1,0,0,1,0,0,0,0,0,0,0,0,1
2200,11,96502b1fe37ec246,2.624976,17.680764,0,14357,1,0,0,0,0,0,0,0,0,0,0,0,0,0
2201,11,25e6136b4b5e9628,1.972046,20.0,1,14451,1,1,0,0,1,0,0,0,0,0,0,0,0,1
2202,11,92e2b29ef2d8f343,1.481525,18.68484,1,14218,1,1,0,0,1,0,0,0,0,0,0,0,0,0
2203,11,9115abb51c56d75e,1.113014,20.0,1,14211,1,1,0,0,1,0,0,0,0,0,0,0,0,1
2204,11,737417a0e7584792,1.881153,15.788472,0,14134,1,0,0,0,0,0,0,0,0,0,0,0,0,0
2205,11,bcdd2d31b07795e3,1.41324,18.818978,1,14182,1,1,0,0,1,0,0,0,0,0,0,0,0,1
2206,11,6997524fd92b7ecf,1.061714,17.616839,1,13964,1,1,0,0,1,0,0,0,0,0,0,0,0,0
2207,11,eaa820a64058968a,0.798424,20.0,1,14110,1,1,0,0,1,0,0,0,0,0,0,0,0,1
2208,11,6ad40b733a547392,0.599826,18.661199,1,14168,1,1,0,0,0,0,0,0,0,0,0,0,0,1
2209,11,5f6c5e75c3fceb95,1.49428,17.498306,1,13790,1,0,0,0,1,0,0,0,0,0,0,0,0,0
2210,11,1cdf96e22bbca9aa,1.122597,20.0,1,13783,1,1,0,0,1,0,0,0,0,0,0,0,0,1
2211,11,ed832905fb29a38e,1.888359,18.598629,1,13815,2,1,0,0,0,0,0,0,0,0,0,0,0,1
2212,11,e6c4e54c93371fa6,2.462307,20.0,1,14303,1,0,0,0,1,0,0,0,0,0,0,0,0,1
2213,11,4498244711fccbf6,1.849839,19.202879,1,14281,1,1,0,0,1,0,0,0,0,0,0,0,0,0
2214,11,51defd42f2678886,1.391106,20.0,1,14296,1,1,0,0,1,0,0,0,0,0,0,0,0,1
2215,11,3a456e1d75041040,1.045086,16.078404,0,14238,1,1,0,0,0,0,0,0,0,0,0,0,0,0
2216,11,aad9eda65d2ad6ce,1.828787,19.036793,1,14291,1,0,0,0,1,0,0,0,0,0,0,0,0,1
2217,11,f21a4e8a3385f953,1.373899,20.0,1,14225,1,1,0,0,1,0,0,0,0,0,0,0,0,1
2218,11,ab2350678226aeed,2.077342,20.0,1,14314,2,1,0,0,1,0,0,0,0,0,0,0,0,1
2219,11,53d285497dfd22ea,2.604283,17.240211,0,14378,1,0,0,0,0,0,0,0,0,0,0,0,0,0
2220,11,54b4087afbee7e5a,1.956501,19.909615,1,14475,1,1,0,0,1,0,0,0,0,0,0,0,0,1
2221,11,e085b3113c1568bf,1.471316,20.0,1,14122,1,1,0,0,1,0,0,0,0,0,0,0,0,1
2222,11,9f7f7b9ebef7ae18,1.105345,20.0,1,13881,1,1,0,0,1,0,0,0,0,0,0,0,0,1
2223,11,4d79ef157cae1277,1.874058,17.606118,0,13983,1,0,0,0,0,0,0,0,0,0,0,0,0,0
2224,11,238f12ac2298b222,1.407909,20.0,1,13747,1,1,0,0,1,0,0,0,0,0,0,0,0,1
2225,11,a3707df58da8e62b,1.058768,18.659539,1,13483,1,1,0,0,1,0,0,0,0,0,0,0,0,0
2226,11,dcabf46e61c83199,1.839066,20.0,1,13485,2,1,0,0,1,0,0,0,0,0,0,0,0,1
2227,11,5ecae70a354983f8,0.337968,19.237256,1,13662,0,1,0,0,1,0,0,0,0,0,0,0,0,0
2228,11,3cde8883a96f0059,2.342458,17.947193,1,13544,2,0,0,0,0,0,0,0,0,0,0,0,0,1
2229,11,9646311d2da8e80b,1.759801,20.0,1,13373,1,1,0,0,1,0,0,0,0,0,0,0,0,1
2230,11,595c901c3cbd8640,1.322073,20.0,1,13273,1,1,0,0,1,0,0,0,0,0,0,0,0,1
2231,11,c8c6b0fc16ffc543,0.993224,20.0,1,13322,1,1,0,0,1,0,0,0,0,0,0,0,0,0
2232,11,2608063c9fb9efd7,0.746919,20.0,1,13606,1,1,0,0,1,0,0,0,0,0,0,0,0,1
2233,11,f5fb69df25affa46,1.604785,16.665783,0,13388,1,0,0,0,0,0,0,0,0,0,0,0,0,0
2234,11,ac90d8cb3490a94c,2.249269,19.478068,1,13697,2,1,0,0,1,0,0,0,0,0,0,0,0,1
2235,11,c33925f5c1ba7e1a,1.691482,20.0,1,13468,1,1,0,0,1,0,0,0,0,0,0,0,0,1
2236,11,5174d7a074118b23,2.314401,19.71272,1,13436,1,0,0,0,0,0,0,0,0,0,0,0,0,1
2237,11,af1687ef16116571,1.738723,18.288274,1,13189,1,1,0,0,1,0,0,0,0,0,0,0,0,0
2238,11,e068cf37d35ec775,2.349891,20.0,1,13146,2,1,0,0,1,0,0,0,0,0,0,0,0,1
2239,11,35c57cb24ff1f01d,2.811302,19.04493,1,13348,1,0,0,0,0,0,0,0,0,0,0,0,0,1
2240,11,d474b8222fb512dd,2.112026,20.0,1,13285,1,1,0,0,1,0,0,0,0,0,0,0,0,1
2241,11,e38b3512a1dab71d,2.630339,15.975925,0,13898,1,0,0,0,0,0,0,0,0,0,0,0,0,0
2242,11,59a8e5af75a48d66,1.978053,18.975126,1,13666,1,1,0,0,1,0,0,0,0,0,0,0,0,1
2243,11,ebfbeb186a6d90c7,2.52969,20.0,1,13771,2,1,0,0,1,0,0,0,0,0,0,0,0,1
2244,11,fd27af0d169000fc,2.944115,19.415373,1,13999,1,0,0,0,0,0,0,0,0,0,0,0,0,1
2245,11,b59f22eedf782a03,2.211804,20.0,1,13821,1,1,0,0,1,0,0,0,0,0,0,0,0,1
2246,11,e5d2310aa7bb5b0c,1.663308,19.681696,1,13938,1,1,0,0,1,0,0,0,0,0,0,0,0,0
2247,11,9726621ede2c5548,2.293234,18.264967,1,13967,1,0,0,0,0,0,0,0,0,0,0,0,0,1
2248,11,2c3be21d8a9f3ffc,1.722821,17.200631,1,13888,1,1,0,0,1,0,0,0,0,0,0,0,0,0
2249,11,ddf09036b89ccb22,1.295586,19.896123,1,13752,1,1,0,0,1,0,0,0,0,0,0,0,0,1
2250,11,e02cd74437d202d1,0.973325,18.426058,1,13972,1,1,0,0,1,0,0,0,0,0,0,0,0,0
2251,11,b95dc381ff63df0f,0.731223,20.0,1,13719,1,1,0,0,1,0,0,0,0,0,0,0,0,1
2252,11,97c5a326dba4e25b,0.549341,19.105481,1,13878,1,1,0,0,1,0,0,0,0,0,0,0,0,0
2253,11,3c03d880f4fb0998,0.413112,17.848096,1,13819,1,1,0,0,0,0,0,0,0,0,0,0,0,1
2254,11,ccd3a37d184b9173,1.354009,20.0,1,13760,1,0,0,0,1,0,0,0,0,0,0,0,0,1
2255,11,1dd006210b1a8440,1.017216,18.779281,1,14048,1,1,0,0,1,0,0,0,0,0,0,0,0,0
2256,11,b1ab6127a964d4a0,0.764961,20.0,1,13696,1,1,0,0,1,0,0,0,0,0,0,0,0,1
2257,11,359fb3ca7ca8d87d,0.574687,19.317933,1,13834,1,1,0,0,1,0,0,0,0,0,0,0,0,0
2258,11,ba808f3e11125d4e,0.431741,20.0,1,13883,1,1,0,0,1,0,0,0,0,0,0,0,0,1
2259,11,0f6bdb354ed584e7,0.324351,19.608851,1,13901,1,1,0,0,1,0,0,0,0,0,0,0,0,0
2260,11,e626c2f3d10c2409,0.243916,18.226637,1,13791,1,1,0,0,0,0,0,0,0,0,0,0,0,1
2261,11,5a4871d6d95e1b01,1.226899,17.171836,1,14009,1,0,0,0,1,0,0,0,0,0,0,0,0,0
2262,11,d71c493d41457877,0.921723,19.858247,1,13966,1,1,0,0,1,0,0,0,0,0,0,0,0,1
2263,11,6127a77664c64fb4,0.693149,20.0,1,13887,1,1,0,0,1,0,0,0,0,0,0,0,0,1
2264,11,491de238e74ba083,1.56439,20.0,1,14011,2,1,0,0,1,0,0,0,0,0,0,0,0,1
2265,11,5e9abaf9a338fee7,1.175268,20.0,1,14177,1,1,0,0,1,0,0,0,0,0,0,0,0,1
2266,11,a83668aeec17f27d,1.926588,18.437491,0,13982,1,0,0,0,0,0,0,0,0,0,0,0,0,0
2267,11,17ea05a9ffd02143,1.448822,20.0,1,14165,1,1,0,0,1,0,0,0,0,0,0,0,0,1
2268,11,e786e5a3344c2939,1.088446,20.0,1,14057,1,1,0,0,1,0,0,0,0,0,0,0,0,1
2269,11,979bd8f678be0c49,1.861362,20.0,1,14032,2,1,0,0,1,0,0,0,0,0,0,0,0,1
2270,11,ef85185dc1c50275,2.443921,18.00246,0,13957,1,0,0,0,0,0,0,0,0,0,0,0,0,0
2271,11,cac3d7a952921127,1.836027,20.0,1,14198,1,1,0,0,1,0,0,0,0,0,0,0,0,1
2272,11,2a6f0f6012a838bd,1.379338,18.866404,1,13993,1,1,0,0,1,0,0,0,0,0,0,0,0,0
2273,11,46007f3b30fd0f24,1.036245,20.0,1,14289,1,1,0,0,1,0,0,0,0,0,0,0,0,1
2274,11,d7ce79544231f8a4,1.823422,19.37155,1,14221,1,0,0,0,0,0,0,0,0,0,0,0,0,1
2275,11,8456fe1fdf505ba5,2.413522,20.0,1,14334,2,1,0,0,1,0,0,0,0,0,0,0,0,1
2276,11,62f3bd5673539ee9,1.813189,20.0,1,14182,1,1,0,0,1,0,0,0,0,0,0,0,0,1
2277,11,411d1963bb027abe,1.363544,20.0,1,13931,1,1,0,0,1,0,0,0,0,0,0,0,0,0
2278,11,6a2c8e5237186121,2.068033,19.154341,1,14148,1,0,0,0,0,0,0,0,0,0,0,0,0,1
2279,11,495899730897f3a9,2.597289,20.0,1,14198,2,1,0,0,1,0,0,0,0,0,0,0,0,1
2280,11,44895ddf82b81fa4,1.951246,19.51652,1,14244,1,1,0,0,1,0,0,0,0,0,0,0,0,0
2281,11,cd9d2f75a2835fcd,2.511515,18.157203,1,14188,1,0,0,0,0,0,0,0,0,0,0,0,0,1
2282,11,ba1bfb91d6ce50d2,1.886808,20.0,1,14122,1,1,0,0,1,0,0,0,0,0,0,0,0,1
2283,11,22af2b3d9228a26a,2.461141,20.0,1,14318,2,1,0,0,1,0,0,0,0,0,0,0,0,1
2284,11,2cdedf43aee49203,2.894964,16.869624,0,14026,1,0,0,0,0,0,0,0,0,0,0,0,0,0
2285,11,4c0d3414fa6e948e,2.174878,19.631207,1,14376,1,1,0,0,1,0,0,0,0,0,0,0,0,1
2286,11,5fafec894f1bc8db,1.633905,18.227036,1,14145,1,1,0,0,1,0,0,0,0,0,0,0,0,0
2287,11,730cbe006d19423b,2.271145,17.172135,1,14202,1,0,0,0,0,0,0,0,0,0,0,0,0,1
2288,11,79b435582a042d73,1.707933,19.874694,1,14100,1,1,0,0,1,0,0,0,0,0,0,0,0,1
2289,11,04af40806270c7da,2.32676,14.931115,0,14034,1,0,0,0,0,0,0,0,0,0,0,0,0,0
2290,11,3836194ac5938e98,1.748008,18.174877,1,14348,1,1,0,0,1,0,0,0,0,0,0,0,0,1
2291,11,1d04767d09019f79,3.402828,17.148268,1,14200,2,0,0,0,0,0,0,0,0,0,0,0,0,1
2292,11,e55988e7fbb1581e,2.556417,19.840542,1,14118,1,1,0,0,1,0,0,0,0,0,0,0,0,1
2293,11,980147ec3539c2f3,1.920541,18.384302,1,14135,1,1,0,0,1,0,0,0,0,0,0,0,0,0
2294,11,416d250ba24d2850,2.486484,17.290283,1,14112,1,0,0,0,0,0,0,0,0,0,0,0,0,1
2295,11,ff1bacf8e7d411c6,1.869871,16.483041,1,14057,1,1,0,0,1,0,0,0,0,0,0,0,0,0
2296,11,d33f0b5dd3444daa,1.404764,19.340782,1,13942,1,1,0,0,1,0,0,0,0,0,0,0,0,1
2297,11,608ad3217c0e0680,1.055347,18.008851,1,14097,1,1,0,0,1,0,0,0,0,0,0,0,0,0
2298,11,c3a7fe1920e94385,0.793636,20.0,1,13937,1,1,0,0,1,0,0,0,0,0,0,0,0,1
2299,11,f27ad63a43a2ed36,0.596229,20.0,1,14108,1,1,0,0,1,0,0,0,0,0,0,0,0,1
2300,11,a5d4fd1a3144305e,1.491578,16.79937,0,14054,1,0,0,0,0,0,0,0,0,0,0,0,0,0
2301,11,1261683ba2a6c373,1.120567,19.578428,1,13946,1,1,0,0,1,0,0,0,0,0,0,0,0,1
2302,11,6cbd3f9051e5b465,1.886833,20.0,1,14018,2,1,0,0,1,0,0,0,0,0,0,0,0,1
2303,11,7cbf19e44e3461f5,1.417507,20.0,1,13981,1,1,0,0,1,0,0,0,0,0,0,0,0,1
2304,11,fd86dd9b36750a99,1.06492,20.0,1,14065,1,1,0,0,1,0,0,0,0,0,0,0,0,0
2305,11,90fbc48eb14fcb85,1.844985,19.230986,1,13845,1,0,0,0,0,0,0,0,0,0,0,0,0,1
2306,11,eac85ef0b97aa22b,1.386069,17.926365,1,14048,1,1,0,0,1,0,0,0,0,0,0,0,0,0
2307,11,bb23cf05e63b1cfc,1.041302,20.0,1,13951,1,1,0,0,1,0,0,0,0,0,0,0,0,1
2308,11,9aba0ca513386d24,0.782291,18.823456,1,14129,1,1,0,0,0,0,0,0,0,0,0,0,0,1
2309,11,d56793e03c2a3f25,1.632444,17.636009,1,14021,1,0,0,0,1,0,0,0,0,0,0,0,0,0
2310,11,8a4dee47dfa170eb,1.226394,20.0,1,14147,1,1,0,0,1,0,0,0,0,0,0,0,0,1
2311,11,4f5a1650c81a4dac,1.964998,20.0,1,14107,2,1,0,0,1,0,0,0,0,0,0,0,0,1
2312,11,178defcb47119da9,1.477706,16.648411,0,13839,1,1,0,0,0,0,0,0,0,0,0,0,0,0
2313,11,9c0a42f52e291769,2.153799,19.465018,1,14025,1,0,0,0,1,0,0,0,0,0,0,0,0,1
2314,11,f73b83bffef7c306,1.618069,18.102185,1,14094,1,1,0,0,1,0,0,0,0,0,0,0,0,0
2315,11,0bbb4610cfeed692,2.259248,17.078339,1,13999,1,0,0,0,0,0,0,0,0,0,0,0,0,1
2316,11,994a5e63e82a0799,1.698987,16.323656,1,14156,1,1,0,0,1,0,0,0,0,0,0,0,0,0
2317,11,8fe8bd6f9ebe7059,1.276385,19.221042,1,14015,1,1,0,0,1,0,0,0,0,0,0,0,0,1
2318,11,803f53edec9aa122,2.002554,17.918895,1,14095,1,0,0,0,0,0,0,0,0,0,0,0,0,1
2319,11,8a9021ef946b374f,2.550099,20.0,1,14112,2,1,0,0,1,0,0,0,0,0,0,0,0,1
2320,11,22c6f03f4a912de5,1.915794,18.831848,1,14053,1,1,0,0,1,0,0,0,0,0,0,0,0,0
2321,11,4a807fd79a23fc4a,1.439265,17.626508,1,14063,1,1,0,0,0,0,0,0,0,0,0,0,0,1
2322,11,528cd3883e94c3ec,2.124919,16.720981,1,13792,1,0,0,0,1,0,0,0,0,0,0,0,0,0
2323,11,f1b9052469289f3e,1.597969,19.53542,1,13901,1,1,0,0,1,0,0,0,0,0,0,0,0,1
2324,11,de01086fe44b2e3f,1.200495,20.0,1,13758,1,1,0,0,1,0,0,0,0,0,0,0,0,1
2325,11,320aadbd76da7aca,2.989194,19.731599,1,13905,2,0,0,0,0,0,0,0,0,0,0,0,0,1
2326,11,f0375a998bb3bbad,2.247916,20.0,1,13743,1,1,0,0,1,0,0,0,0,0,0,0,0,1
2327,11,46740ac499e771a8,1.688775,16.37711,0,13926,1,1,0,0,0,0,0,0,0,0,0,0,0,0
2328,11,a40d46d6a07ea98b,2.312367,19.2612,1,13890,1,0,0,0,1,0,0,0,0,0,0,0,0,1
2329,11,776f5c6121487c8c,1.737195,20.0,1,13935,1,1,0,0,1,0,0,0,0,0,0,0,0,1
2330,11,2c2feb95c69790ce,2.350546,20.0,1,13903,2,1,0,0,1,0,0,0,0,0,0,0,0,1
2331,11,e925cb00a5ebeaf4,2.809531,17.335457,0,13847,1,0,0,0,0,0,0,0,0,0,0,0,0,0
2332,11,4d927f340a1e589a,2.110695,19.98117,1,13794,1,1,0,0,1,0,0,0,0,0,0,0,0,1
2333,11,45fb8983da82668f,2.631423,15.026124,0,13724,1,0,0,0,0,0,0,0,0,0,0,0,0,0
2334,11,b73d39b44812765d,1.97689,18.246255,1,13962,1,1,0,0,1,0,0,0,0,0,0,0,0,1
2335,11,0c102bc5ceee0c9a,1.485164,20.0,1,14196,1,1,0,0,1,0,0,0,0,0,0,0,0,1
2336,11,62b0a0527a56c9b1,2.159401,15.525156,0,14157,1,0,0,0,0,0,0,0,0,0,0,0,0,0
2337,11,748bed76cd8e37b7,1.623901,18.636142,1,13992,1,1,0,0,1,0,0,0,0,0,0,0,0,1
2338,11,6f12e1fe91db0d23,1.219976,17.479481,1,13839,1,1,0,0,1,0,0,0,0,0,0,0,0,0
2339,11,728d3975017c838e,1.960176,16.610525,1,13859,1,0,0,0,0,0,0,0,0,0,0,0,0,1
2340,11,f7e7515b4a6e9d11,1.47408,15.971854,1,13799,1,1,0,0,1,0,0,0,0,0,0,0,0,0
2341,11,2b755001e02ad04e,1.107421,18.956746,1,13923,1,1,0,0,1,0,0,0,0,0,0,0,0,1
2342,11,61eac8acaaa0aa68,0.831964,17.720339,1,13982,1,1,0,0,1,0,0,0,0,0,0,0,0,0
2343,11,f698281808acc64c,2.71233,16.791473,1,14041,2,0,0,0,0,0,0,0,0,0,0,0,0,1
2344,11,a9042054c2a1a3da,2.039711,19.58843,1,13906,1,1,0,0,1,0,0,0,0,0,0,0,0,1
2345,11,c8f7d7ee0c3ecf97,1.532359,20.0,1,13901,1,1,0,0,1,0,0,0,0,0,0,0,0,1
2346,11,82ed22582d415f00,1.151204,16.282674,0,13971,1,1,0,0,0,0,0,0,0,0,0,0,0,0
2347,11,4a7c4b3030604676,1.909872,19.205806,1,13688,1,0,0,0,1,0,0,0,0,0,0,0,0,1
2348,11,980bff7f33395756,1.434816,20.0,1,13902,1,1,0,0,1,0,0,0,0,0,0,0,0,1
2349,11,60c8c37477c74d7d,2.121577,20.0,1,13958,2,1,0,0,1,0,0,0,0,0,0,0,0,1
2350,11,cf47bdd70d23750c,2.637515,20.0,1,13918,1,0,0,0,0,0,0,0,0,0,0,0,0,1
2351,11,01df7571ee544245,1.983449,19.104519,1,14061,1,1,0,0,1,0,0,0,0,0,0,0,0,0
2352,11,3025debcbb93797a,1.490091,20.0,1,13962,1,1,0,0,1,0,0,0,0,0,0,0,0,1
2353,11,957c4c4883f52e0c,1.119449,20.0,1,13691,1,1,0,0,1,0,0,0,0,0,0,0,0,1
2354,11,5542e2be2b781b70,1.885992,20.0,1,13842,2,1,0,0,0,0,0,0,0,0,0,0,0,1
2355,11,1970197d1e2d7c1c,2.460529,19.069195,1,13635,1,0,0,0,1,0,0,0,0,0,0,0,0,0
2356,11,1032898e257e7807,1.848503,20.0,1,13031,1,1,0,0,1,0,0,0,0,0,0,0,0,1
2357,11,3e9567dfbde63419,1.388712,19.468464,1,12939,1,1,0,0,1,0,0,0,0,0,0,0,0,0
2358,11,31a3844f0686a8ea,1.044331,20.0,1,13179,1,1,0,0,1,0,0,0,0,0,0,0,0,1
2359,11,57d5acfaa5b7a341,1.82822,19.707294,1,13043,1,0,0,0,0,0,0,0,0,0,0,0,0,1
2360,11,f8da9f5cb948ce06,1.373473,18.284197,1,12974,1,1,0,0,1,0,0,0,0,0,0,0,0,0
2361,11,934616f48ac47fda,1.032872,20.0,1,12589,1,1,0,0,1,0,0,0,0,0,0,0,0,1
2362,11,c3e29030440d996f,0.775958,15.559385,0,13068,1,1,0,0,0,0,0,0,0,0,0,0,0,0
2363,11,14b671e52440d71c,1.626601,18.646874,1,12983,1,0,0,0,1,0,0,0,0,0,0,0,0,1
2364,11,6d0ea81036ba9740,1.222005,17.487544,1,13269,1,1,0,0,1,0,0,0,0,0,0,0,0,0
2365,11,6622c99eddba020f,1.963116,20.0,1,13291,2,1,0,0,1,0,0,0,0,0,0,0,0,1
2366,11,4515b09a705f9d17,2.518469,18.588152,1,13466,1,0,0,0,0,0,0,0,0,0,0,0,0,1
2367,11,12886fefbe37dbc7,1.892031,20.0,1,13408,1,1,0,0,1,0,0,0,0,0,0,0,0,1
2368,11,110f1683742b1238,1.422835,19.214349,1,13387,1,1,0,0,1,0,0,0,0,0,0,0,0,0
2369,11,c133edeac07a2f75,1.068922,20.0,1,13388,1,1,0,0,1,0,0,0,0,0,0,0,0,1
2370,11,76898462f6785c47,2.890348,19.550389,1,13435,2,0,0,0,0,0,0,0,0,0,0,0,0,1
2371,11,9f2be9822b555b63,2.171411,20.0,1,13722,1,1,0,0,1,0,0,0,0,0,0,0,0,1
2372,11,ce1036712ae4b685,1.632932,19.757975,1,13914,1,1,0,0,1,0,0,0,0,0,0,0,0,0
2373,11,ae5271896c6dcb48,1.226761,20.0,1,13871,1,1,0,0,1,0,0,0,0,0,0,0,0,1
2374,11,be53929b1d64de51,1.965273,16.378364,0,14050,1,0,0,0,0,0,0,0,0,0,0,0,0,0
2375,11,7afd94931ea6b44f,1.477913,19.277767,1,13805,1,1,0,0,1,0,0,0,0,0,0,0,0,1
2376,11,54e72e2a5cfc23e3,2.153954,17.96151,1,13993,2,1,0,0,0,0,0,0,0,0,0,0,0,1
2377,11,8b5a27087692c7c0,2.661839,16.972655,1,13743,1,0,0,0,1,0,0,0,0,0,0,0,0,0
2378,11,79ea3a841c33baa6,1.99974,19.708611,1,13787,1,1,0,0,1,0,0,0,0,0,0,0,0,1
2379,11,8c488d7433e0860a,2.547983,14.821156,0,13603,1,0,0,0,0,0,0,0,0,0,0,0,0,0
2380,11,0c0e54e26060d84c,1.914205,18.09227,1,13280,1,1,0,0,1,0,0,0,0,0,0,0,0,1
2381,11,ad69694401b74ee7,2.481724,17.07089,1,13422,1,0,0,0,0,0,0,0,0,0,0,0,0,1
2382,12,1fd48474a6be9a50,1.866292,16.318055,1,14129,1,1,0,0,1,0,0,0,0,0,0,0,0,0
2383,12,40ab05863d40ab6a,1.402075,19.216833,1,14023,1,1,0,0,1,0,0,0,0,0,0,0,0,1
2384,12,9fa3e60e300cac94,2.09698,14.436889,0,14149,1,0,0,0,0,0,0,0,0,0,0,0,0,0
2385,12,9522afc9eb92ebd2,1.575383,17.803584,1,14232,1,1,0,0,1,0,0,0,0,0,0,0,0,1
2386,12,0fba0eaa5e567fe1,1.18471,16.86905,1,14121,1,1,0,0,1,0,0,0,0,0,0,0,0,0
2387,12,8f9f8c22e25048df,0.890029,19.630776,1,13914,1,1,0,0,1,0,0,0,0,0,0,0,0,1
2388,12,025aca0c2fc547cd,0.668645,14.747868,0,13946,1,1,0,0,0,0,0,0,0,0,0,0,0,0
2389,12,ea7305c3d0c4eb0e,1.546981,18.05161,1,14025,1,0,0,0,1,0,0,0,0,0,0,0,0,1
2390,12,b3bc2710b036c5b2,1.162189,17.040345,1,13890,1,1,0,0,1,0,0,0,0,0,0,0,0,0
2391,12,3c254a4fca255c07,0.873109,19.759463,1,14010,1,1,0,0,1,0,0,0,0,0,0,0,0,1
2392,12,7fb0256f65ce4ff6,0.655934,18.32339,1,14117,1,1,0,0,0,0,0,0,0,0,0,0,0,1
2393,12,a69e89495c03d18a,1.537422,17.259952,1,14002,1,0,0,0,1,0,0,0,0,0,0,0,0,0
2394,12,ba87dd4319678e85,1.155008,19.924446,1,13878,1,1,0,0,1,0,0,0,0,0,0,0,0,1
2395,12,3e895dd2e76d3ae9,0.867714,20.0,1,13898,1,1,0,0,1,0,0,0,0,0,0,0,0,1
2396,12,5bfa9aaebee05047,1.696684,16.4888,0,13854,1,0,0,0,0,0,0,0,0,0,0,0,0,0
2397,12,ca3938afd42b6b51,2.318309,19.345108,1,14107,2,1,0,0,1,0,0,0,0,0,0,0,0,1
2398,12,3840b1179d01d5ca,1.741659,20.0,1,13963,1,1,0,0,1,0,0,0,0,0,0,0,0,1
2399,12,3ad00a257add4750,1.308443,20.0,1,14090,1,1,0,0,1,0,0,0,0,0,0,0,0,1
2400,12,715e21df0f1ac6b8,0.983968,20.0,1,13979,1,1,0,0,1,0,0,0,0,0,0,0,0,1
2401,12,ab882b57d80326bc,0.739218,20.0,1,13929,1,1,0,0,1,0,0,0,0,0,0,0,0,0
2402,12,de121b1615b372cf,2.642654,19.82683,1,14034,2,0,0,0,0,0,0,0,0,0,0,0,0,1
2403,12,0469b68beb7ba893,1.987313,20.0,1,13953,1,1,0,0,1,0,0,0,0,0,0,0,0,1
2404,12,77ed09b9b5fdd2d5,1.492994,20.0,1,14023,1,1,0,0,1,0,0,0,0,0,0,0,0,1
2405,12,f528f75252723e1c,2.165284,20.0,1,13964,1,0,0,0,0,0,0,0,0,0,0,0,0,1
2406,12,c2f4dc060312be30,1.626697,19.292792,1,14106,1,1,0,0,1,0,0,0,0,0,0,0,0,0
2407,12,f6d7570dbe7171fa,1.223299,20.0,1,13736,1,1,0,0,1,0,0,0,0,0,0,0,0,1
2408,12,50afc0b225fbdddd,1.962672,20.0,1,14020,2,1,0,0,1,0,0,0,0,0,0,0,0,1
2409,12,77cb534e4dd68f47,1.474482,20.0,1,13995,1,1,0,0,1,0,0,0,0,0,0,0,0,1
2410,12,03a072c123c7f460,1.108832,18.275455,0,13943,1,1,0,0,0,0,0,0,0,0,0,0,0,0
2411,12,eb5f292e574f407a,1.876677,20.0,1,14050,1,0,0,0,1,0,0,0,0,0,0,0,0,1
2412,12,1097dcc3cd989fa5,1.409877,19.020481,1,14021,1,1,0,0,1,0,0,0,0,0,0,0,0,0
2413,12,2d7f5c2d850f541b,2.102842,20.0,1,13950,2,1,0,0,1,0,0,0,0,0,0,0,0,1
2414,12,ad4aa9fc0ece9d02,2.625517,19.458598,1,13848,1,0,0,0,0,0,0,0,0,0,0,0,0,1
2415,12,d2f0ddaee11e8933,1.972453,20.0,1,13941,1,1,0,0,1,0,0,0,0,0,0,0,0,1
2416,12,3d087a2798751987,1.48183,20.0,1,13863,1,1,0,0,1,0,0,0,0,0,0,0,0,1
2417,12,bdd2eca011b0178b,2.158508,17.421979,0,13865,1,0,0,0,0,0,0,0,0,0,0,0,0,0
2418,12,ffd097ac2325e2c5,1.621606,20.0,1,13901,1,1,0,0,1,0,0,0,0,0,0,0,0,1
2419,12,42e8cd62ea7de676,1.218252,18.538783,1,13894,1,1,0,0,1,0,0,0,0,0,0,0,0,0
2420,12,a45fe7444ab3685b,1.958881,17.406339,1,13835,1,0,0,0,0,0,0,0,0,0,0,0,0,1
2421,12,270b3a8e0ca966f9,1.473106,16.570317,1,13893,1,1,0,0,1,0,0,0,0,0,0,0,0,0
2422,12,f872954109b121b9,2.150343,15.927504,1,13999,1,0,0,0,0,0,0,0,0,0,0,0,0,1
2423,12,06b41907c966446e,1.615472,15.444583,1,13951,1,1,0,0,1,0,0,0,0,0,0,0,0,0
2424,12,fadae7fa4b9c64aa,1.214858,15.095048,1,13979,1,1,0,0,0,0,0,0,0,0,0,0,0,1
2425,12,f1d21592a4411d24,2.999984,18.298034,1,13876,2,0,0,0,1,0,0,0,0,0,0,0,0,1
2426,12,121fa60a94b1758d,2.253776,17.225474,1,13923,1,1,0,0,1,0,0,0,0,0,0,0,0,0
2427,12,a88d66ee8535e9b6,2.736831,16.419699,1,13583,1,0,0,0,0,0,0,0,0,0,0,0,0,1
2428,12,b993c2427635beaa,2.058136,15.828349,1,13643,1,1,0,0,1,0,0,0,0,0,0,0,0,0
2429,12,be61aa107da36ddc,1.546201,18.848936,1,14046,1,1,0,0,1,0,0,0,0,0,0,0,0,1
2430,12,8f0a1cba56119420,2.205256,14.160501,0,13925,1,0,0,0,0,0,0,0,0,0,0,0,0,0
2431,12,355bd8a2f7672891,1.658384,17.609902,1,13820,1,1,0,0,1,0,0,0,0,0,0,0,0,1
2432,12,5fe441fb8bbc0223,1.245882,13.229661,0,13762,1,1,0,0,0,0,0,0,0,0,0,0,0,0
2433,12,74603f62aaddf90f,1.979638,16.896639,1,13753,1,0,0,0,1,0,0,0,0,0,0,0,0,1
2434,12,b1fd141cd95e2865,1.487228,19.651502,1,13743,1,1,0,0,1,0,0,0,0,0,0,0,0,1
2435,12,6561116216e0fef9,1.118417,20.0,1,13742,1,1,0,0,1,0,0,0,0,0,0,0,0,1
2436,12,b1cceb389263d4d7,1.883878,16.331858,0,13752,1,0,0,0,0,0,0,0,0,0,0,0,0,0
2437,12,f04127e98f9942d6,1.415287,19.227204,1,13857,1,1,0,0,1,0,0,0,0,0,0,0,0,1
2438,12,a2e47a0c51354f6e,2.108467,20.0,1,13772,2,1,0,0,1,0,0,0,0,0,0,0,0,1
2439,12,610afeeaa11bf823,1.584012,20.0,1,13698,1,1,0,0,1,0,0,0,0,0,0,0,0,1
2440,12,1cd12c09a58e2ae0,1.190009,17.31648,0,13931,1,1,0,0,0,0,0,0,0,0,0,0,0,0
2441,12,2fb36167f4c57863,1.937663,19.966913,1,13836,1,0,0,0,1,0,0,0,0,0,0,0,0,1
2442,12,ba43c972493fa784,1.45715,18.495905,1,14016,1,1,0,0,1,0,0,0,0,0,0,0,0,0
2443,12,6630cc6073bfd352,2.138356,17.374126,1,13841,1,0,0,0,0,0,0,0,0,0,0,0,0,1
2444,12,9f69aad6396e05ec,1.606467,16.531376,1,14359,1,1,0,0,1,0,0,0,0,0,0,0,0,0
2445,12,cb7bf712f49ea346,1.208086,19.392834,1,15066,1,1,0,0,1,0,0,0,0,0,0,0,0,1
2446,12,cf495269b965ce2b,1.951243,20.0,1,15204,2,1,0,0,1,0,0,0,0,0,0,0,0,1
2447,12,08270e760bbe39f9,2.509549,19.651125,1,16591,1,0,0,0,0,0,0,0,0,0,0,0,0,1
2448,12,8d09eeb343d64555,1.885331,18.242,1,16654,1,1,0,0,1,0,0,0,0,0,0,0,0,0
2449,12,a4312a671ea43b52,2.461946,20.0,1,16657,2,1,0,0,1,0,0,0,0,0,0,0,0,1
2450,12,aa8ce2b20b48f05b,1.849568,20.0,1,16552,1,1,0,0,1,0,0,0,0,0,0,0,0,1
2451,12,7b189cf407a81210,1.389511,20.0,1,16764,1,1,0,0,0,0,0,0,0,0,0,0,0,1
2452,12,3a20aacd998c9d86,2.089083,20.0,1,16646,1,0,0,0,1,0,0,0,0,0,0,0,0,1
2453,12,c59afc42dd9c5a88,2.613103,20.0,1,17139,2,1,0,0,1,0,0,0,0,0,0,0,0,1
2454,12,66a50b6b9a30b0db,1.963127,20.0,1,16989,1,1,0,0,1,0,0,0,0,0,0,0,0,1
2455,12,a959faa9bf1b8fd1,3.56213,20.0,1,17190,2,0,0,0,0,0,0,0,0,0,0,0,0,1
2456,12,c28a51abe88b5313,2.678773,20.0,1,17028,1,1,0,0,1,0,0,0,0,0,0,0,0,1
2457,12,001387db0449fca9,2.012462,20.0,1,17303,1,1,0,0,1,0,0,0,0,0,0,0,0,1
2458,12,7c9046b7889ed2d8,2.555541,20.0,1,17297,2,1,0,0,1,0,0,0,0,0,0,0,0,0
2459,12,1faabd7bad29873e,2.965954,20.0,1,15146,1,0,0,0,0,0,0,0,0,0,0,0,0,1
2460,12,bf9778df58386d64,3.271863,20.0,1,13955,2,1,0,0,1,0,0,0,0,0,0,0,0,1
2461,12,955fabd230aa1904,2.458029,20.0,1,13961,1,1,0,0,1,0,0,0,0,0,0,0,0,0
2462,12,b8b11a0b466bcbb6,1.846625,20.0,1,13970,1,1,0,0,1,0,0,0,0,0,0,0,0,1
2463,12,a6193329582d7bda,2.432839,20.0,1,14026,1,0,0,0,0,0,0,0,0,0,0,0,0,1
2464,12,18c6dfa2d9d5101c,2.871354,20.0,1,13881,2,1,0,0,1,0,0,0,0,0,0,0,0,1
2465,12,8d42dab7a44ce435,3.200794,16.525154,0,14014,1,0,0,0,0,0,0,0,0,0,0,0,0,0
2466,12,6514db6609dbb4af,2.407043,19.388154,1,14233,1,1,0,0,1,0,0,0,0,0,0,0,0,1
2467,12,377524702f389bcd,2.851975,18.04444,1,14062,1,0,0,0,0,0,0,0,0,0,0,0,0,1
2468,12,bb4fc5cc45a4052c,2.142582,17.034958,1,13979,1,1,0,0,1,0,0,0,0,0,0,0,0,0
2469,12,69896dca0a45a383,2.653295,16.276572,1,14103,1,0,0,0,0,0,0,0,0,0,0,0,0,1
2470,12,a03a6653c6a1f392,3.039466,19.201217,1,13780,2,1,0,0,1,0,0,0,0,0,0,0,0,1
2471,12,987982fe16bd15ef,2.283437,20.0,1,13982,1,1,0,0,1,0,0,0,0,0,0,0,0,1
2472,12,344bff5cac4e3393,2.759115,16.064133,0,13631,1,0,0,0,0,0,0,0,0,0,0,0,0,0
2473,12,ae94088bb47b3a00,2.074893,19.04146,1,13696,1,1,0,0,1,0,0,0,0,0,0,0,0,1
2474,12,a41862601cf92566,1.55879,17.783982,1,13801,1,1,0,0,1,0,0,0,0,0,0,0,0,0
2475,12,e9250efd2fbf164a,1.171061,20.0,1,13812,1,1,0,0,1,0,0,0,0,0,0,0,0,1
2476,12,07c4a9f7042c26e5,1.923427,18.743096,1,13626,1,0,0,0,0,0,0,0,0,0,0,0,0,1
2477,12,bbfddf2ad458220b,1.446445,17.575577,1,13682,1,1,0,0,1,0,0,0,0,0,0,0,0,0
2478,12,ff5ebe7fd8cbfb47,1.08666,20.0,1,13483,1,1,0,0,1,0,0,0,0,0,0,0,0,1
2479,12,5c6b3e5bc51f659c,1.86002,15.146629,0,13705,1,0,0,0,0,0,0,0,0,0,0,0,0,0
2480,12,4c7805c5449b8b89,1.398762,18.351484,1,13594,1,1,0,0,1,0,0,0,0,0,0,0,0,1
2481,12,b5501baf1169afe0,1.050837,17.265628,1,13474,1,1,0,0,1,0,0,0,0,0,0,0,0,0
2482,12,368d925a5e6fa991,0.789455,19.92871,1,13673,1,1,0,0,1,0,0,0,0,0,0,0,0,1
2483,12,b0474fa992d123ce,0.593088,20.0,1,13650,1,1,0,0,1,0,0,0,0,0,0,0,0,1
2484,12,539c0f2276de49c2,1.490161,16.491209,0,13661,1,0,0,0,0,0,0,0,0,0,0,0,0,0
2485,12,cc041ca0f2ea5100,1.119502,19.346918,1,13565,1,1,0,0,1,0,0,0,0,0,0,0,0,1
2486,12,35a47e73798d618f,0.84104,20.0,1,13576,1,1,0,0,1,0,0,0,0,0,0,0,0,1
2487,12,017f5f872adfc07b,1.676625,16.16252,0,13656,1,0,0,0,0,0,0,0,0,0,0,0,0,0
2488,12,8923df1cfc9ba64b,1.259586,19.099986,1,13534,1,1,0,0,1,0,0,0,0,0,0,0,0,1
2489,12,eecbd1a0fa3822d6,1.989933,20.0,1,13690,2,1,0,0,1,0,0,0,0,0,0,0,0,1
2490,12,7f07d2c6c3ee1e95,1.494962,20.0,1,13860,1,1,0,0,1,0,0,0,0,0,0,0,0,1
2491,12,6a257a1500642e72,2.168383,20.0,1,13656,1,0,0,0,0,0,0,0,0,0,0,0,0,1
2492,12,5f81dc4bb18be805,2.672679,20.0,1,13613,2,1,0,0,1,0,0,0,0,0,0,0,0,1
2493,12,fbe86a4157156ed2,2.007884,20.0,1,13636,1,1,0,0,1,0,0,0,0,0,0,0,0,0
2494,12,9d8cbe4b7f17870f,1.509957,20.0,1,13504,1,1,0,0,1,0,0,0,0,0,0,0,0,1
2495,12,b5f4c0d4f9a80339,1.134374,16.76448,0,13551,1,1,0,0,0,0,0,0,0,0,0,0,0,0
2496,12,d9e89eb40c107b14,1.895866,19.552216,1,13616,1,0,0,0,1,0,0,0,0,0,0,0,0,1
2497,12,467c6d3091f46a3b,2.467947,20.0,1,13696,2,1,0,0,1,0,0,0,0,0,0,0,0,1
2498,12,95ee1ef35af21a97,1.855931,20.0,1,13494,1,1,0,0,1,0,0,0,0,0,0,0,0,1
2499,12,0c47909e1560cbd2,1.394292,20.0,1,13897,1,1,0,0,1,0,0,0,0,0,0,0,0,1
2500,12,66ec86f086aadbd1,2.091133,18.343326,0,13834,1,0,0,0,0,0,0,0,0,0,0,0,0,0
2501,12,2bc90454022493cc,1.572562,20.0,1,13810,1,1,0,0,1,0,0,0,0,0,0,0,0,1
2502,12,81f55d72b4fbf8ec,2.22506,20.0,1,13776,2,1,0,0,1,0,0,0,0,0,0,0,0,1
2503,12,8499d1d0f66fb42b,2.715258,20.0,1,13804,1,0,0,0,0,0,0,0,0,0,0,0,0,1
2504,12,25bf61f18cdba6d8,2.039872,20.0,1,13812,1,1,0,0,1,0,0,0,0,0,0,0,0,1
2505,12,4101fbf32aa49097,1.534013,20.0,1,13729,1,1,0,0,1,0,0,0,0,0,0,0,0,0
2506,12,8f5f4745a3680092,1.152446,20.0,1,13842,1,1,0,0,1,0,0,0,0,0,0,0,0,1
2507,12,897830bc9fb60781,1.909443,16.655705,0,13656,1,0,0,0,0,0,0,0,0,0,0,0,0,0
2508,12,dcc1d97081b6aad2,1.435928,19.486331,1,13616,1,1,0,0,1,0,0,0,0,0,0,0,0,1
2509,12,c5c254fdd47aa728,2.122413,14.639352,0,13782,1,0,0,0,0,0,0,0,0,0,0,0,0,0
2510,12,7e1d534cde549f63,1.594489,17.955687,1,13823,1,1,0,0,1,0,0,0,0,0,0,0,0,1
2511,12,557b6cb59687722a,2.241534,20.0,1,13814,2,1,0,0,1,0,0,0,0,0,0,0,0,1
2512,12,3d8eddbb6e002260,2.729816,15.37653,0,13718,1,0,0,0,0,0,0,0,0,0,0,0,0,0
2513,12,f965ef709752711b,2.050809,18.509501,1,13685,1,1,0,0,1,0,0,0,0,0,0,0,0,1
2514,12,b0e881429bf29f76,1.540696,13.905496,0,13599,1,1,0,0,0,0,0,0,0,0,0,0,0,0
2515,12,e15437a0dcc0f75e,2.202776,17.418135,1,13707,1,0,0,0,1,0,0,0,0,0,0,0,0,1
2516,12,1c83664b3641c1e9,2.698516,20.0,1,13596,2,1,0,0,1,0,0,0,0,0,0,0,0,1
2517,12,3527f343eb7aca5c,2.027294,18.536613,1,13923,1,1,0,0,1,0,0,0,0,0,0,0,0,0
2518,12,787dc9be07d167d6,2.566684,17.404709,1,13828,1,0,0,0,0,0,0,0,0,0,0,0,0,1
2519,12,6a3bdd3b99af793d,1.930183,16.569091,1,13716,1,1,0,0,1,0,0,0,0,0,0,0,0,0
2520,12,d3ebd5af51b5cde3,1.450074,15.926583,1,14030,1,1,0,0,1,0,0,0,0,0,0,0,0,0
2521,12,8f016b10e7a2401a,2.13304,15.443891,1,14441,1,0,0,0,0,0,0,0,0,0,0,0,0,1
2522,12,fef06b08603ec549,1.604076,18.57503,1,14640,1,1,0,0,1,0,0,0,0,0,0,0,0,1
2523,12,28c8175569ffb7ba,1.205083,17.43357,1,13911,1,1,0,0,1,0,0,0,0,0,0,0,0,0
2524,12,32e98a0cd8baec7e,1.948987,16.576034,1,13626,1,0,0,0,0,0,0,0,0,0,0,0,0,1
2525,12,5d903bfd0fd620ef,1.464201,15.931799,1,13698,1,1,0,0,1,0,0,0,0,0,0,0,0,0
2526,12,01d475b2c3277b1b,1.1011,18.941943,1,13527,1,1,0,0,1,0,0,0,0,0,0,0,0,1
2527,12,3b6f13097083ce39,0.827215,20.0,1,13763,1,1,0,0,1,0,0,0,0,0,0,0,0,1
2528,12,0fefdbd30a42f6a9,1.665109,15.9178,0,13728,1,0,0,0,0,0,0,0,0,0,0,0,0,0
2529,12,3745cce01dc0c17f,1.252186,18.931416,1,13876,1,1,0,0,1,0,0,0,0,0,0,0,0,1
2530,12,ca52109a94317a6f,1.984374,17.701309,1,13919,2,1,0,0,0,0,0,0,0,0,0,0,0,1
2531,12,433b8e928e1c6508,2.534439,20.0,1,13980,1,0,0,0,1,0,0,0,0,0,0,0,0,1
2532,12,668ecb65224c3500,1.904029,20.0,1,14094,1,1,0,0,1,0,0,0,0,0,0,0,0,1
2533,12,a3eabadb774b9bfd,1.431857,20.0,1,13943,1,1,0,0,1,0,0,0,0,0,0,0,0,0
2534,12,14aa5ecdbdc0f108,2.119354,18.621766,1,14139,1,0,0,0,0,0,0,0,0,0,0,0,0,1
2535,12,bd6999a14217f167,1.592192,20.0,1,13986,1,1,0,0,1,0,0,0,0,0,0,0,0,1
2536,13,1fd48474a6be9a50,1.197351,19.23334,1,13937,1,1,0,0,1,0,0,0,0,0,0,0,0,0
2537,13,40ab05863d40ab6a,1.943178,20.0,1,14131,2,1,0,0,1,0,0,0,0,0,0,0,0,1
2538,13,9fa3e60e300cac94,2.503491,19.561107,1,14162,1,0,0,0,0,0,0,0,0,0,0,0,0,1
2539,13,9522afc9eb92ebd2,1.880779,18.174373,1,14113,1,1,0,0,1,0,0,0,0,0,0,0,0,0
2540,13,0fba0eaa5e567fe1,0.370222,17.147889,1,14099,0,1,0,0,1,0,0,0,0,0,0,0,0,0
2541,13,8f9f8c22e25048df,1.321787,16.361413,1,13951,2,1,0,0,0,0,0,0,0,0,0,0,0,1
2542,13,025aca0c2fc547cd,2.036663,19.249407,1,13972,1,0,0,0,1,0,0,0,0,0,0,0,0,1
2543,13,ea7305c3d0c4eb0e,1.531599,17.95633,1,13864,1,1,0,0,1,0,0,0,0,0,0,0,0,0
2544,13,b3bc2710b036c5b2,1.150633,20.0,1,14062,1,1,0,0,1,0,0,0,0,0,0,0,0,1
2545,13,3c254a4fca255c07,0.864428,18.840368,1,13990,1,1,0,0,1,0,0,0,0,0,0,0,0,0
2546,13,7fb0256f65ce4ff6,1.693066,17.632909,1,14115,1,0,0,0,0,0,0,0,0,0,0,0,0,1
2547,13,a69e89495c03d18a,1.27321,16.740701,1,13980,1,1,0,0,1,0,0,0,0,0,0,0,0,0
2548,13,ba87dd4319678e85,0.956515,19.534352,1,13996,1,1,0,0,1,0,0,0,0,0,0,0,0,1
2549,13,3e895dd2e76d3ae9,1.762247,20.0,1,13899,2,1,0,0,1,0,0,0,0,0,0,0,0,1
2550,13,5bfa9aaebee05047,2.369385,19.748914,1,14002,1,0,0,0,0,0,0,0,0,0,0,0,0,1
2551,13,ca3938afd42b6b51,1.780031,18.315465,1,13899,1,1,0,0,1,0,0,0,0,0,0,0,0,0
2552,13,3840b1179d01d5ca,1.337271,20.0,1,14108,1,1,0,0,1,0,0,0,0,0,0,0,0,1
2553,13,3ad00a257add4750,2.048295,15.564218,0,13890,1,0,0,0,0,0,0,0,0,0,0,0,0,0
2554,13,715e21df0f1ac6b8,1.540347,18.665517,1,14014,1,1,0,0,1,0,0,0,0,0,0,0,0,1
2555,13,ab882b57d80326bc,1.157205,20.0,1,14044,1,1,0,0,1,0,0,0,0,0,0,0,0,1
2556,13,de121b1615b372cf,1.913018,19.240631,1,14043,2,1,0,0,1,0,0,0,0,0,0,0,0,0
2557,13,58b8431551715724,1.438617,17.94973,1,13903,1,1,0,0,0,0,0,0,0,0,0,0,0,1
2558,13,23e17bd6c1c20f85,2.124432,16.963806,1,14091,1,0,0,0,1,0,0,0,0,0,0,0,0,0
2559,13,c8292701595322e6,1.596007,19.701962,1,13898,1,1,0,0,1,0,0,0,0,0,0,0,0,1
2560,13,10c80b0b9d50bf2d,1.19902,18.280192,1,14012,1,1,0,0,1,0,0,0,0,0,0,0,0,0
2561,13,f6d7570dbe7171fa,1.945831,17.227467,1,13820,1,0,0,0,0,0,0,0,0,0,0,0,0,1
2562,13,50afc0b225fbdddd,1.46183,19.900041,1,14057,1,1,0,0,1,0,0,0,0,0,0,0,0,1
2563,13,77cb534e4dd68f47,1.098218,18.429001,1,13923,1,1,0,0,1,0,0,0,0,0,0,0,0,0
2564,13,03a072c123c7f460,2.914177,17.339373,1,13941,2,0,0,0,0,0,0,0,0,0,0,0,0,1
2565,13,40a0b4653c2b8b16,2.189312,19.984112,1,14021,1,1,0,0,1,0,0,0,0,0,0,0,0,1
2566,13,8ced9c6091029967,1.644748,20.0,1,14008,1,1,0,0,1,0,0,0,0,0,0,0,0,1
2567,13,f446b42f744adfb3,1.235638,20.0,1,13964,1,1,0,0,1,0,0,0,0,0,0,0,0,1
2568,13,ffdd19bd8ebe00f5,1.973368,17.645025,0,13824,1,0,0,0,0,0,0,0,0,0,0,0,0,0
2569,13,b9666f9e7129180f,1.482517,20.0,1,13811,1,1,0,0,1,0,0,0,0,0,0,0,0,1
2570,13,826bb28746b5aff3,2.157413,20.0,1,13941,2,1,0,0,1,0,0,0,0,0,0,0,0,1
2571,13,3c2e28f559cf9803,2.666556,16.652238,0,14009,1,0,0,0,0,0,0,0,0,0,0,0,0,0
2572,13,f896a9eeacd54b0b,2.003284,19.467893,1,13827,1,1,0,0,1,0,0,0,0,0,0,0,0,1
2573,13,7e91fafbe2aeffcf,1.504992,20.0,1,13959,1,1,0,0,1,0,0,0,0,0,0,0,0,1
2574,13,23f5c9c20ef02c3c,3.217951,19.693488,1,13886,2,0,0,0,0,0,0,0,0,0,0,0,0,1
2575,13,9d0a03a46f7fd20e,2.419945,20.0,1,13808,1,1,0,0,1,0,0,0,0,0,0,0,0,1
2576,13,5056e413ae2ebdf0,1.818014,19.834423,1,13988,1,1,0,0,1,0,0,0,0,0,0,0,0,0
2577,13,b775466fa0289f2b,2.40946,18.379705,1,13946,1,0,0,0,0,0,0,0,0,0,0,0,0,1
2578,13,6f4f567e5c6b8e3b,1.811948,20.0,1,13836,1,1,0,0,1,0,0,0,0,0,0,0,0,1
2579,13,16b00bbf7832de8e,2.404902,15.613343,0,14003,1,0,0,0,0,0,0,0,0,0,0,0,0,0
2580,13,eeaf163d875ae366,2.850366,18.68741,1,13792,2,1,0,0,1,0,0,0,0,0,0,0,0,1
2581,13,5bfc1ccc40285748,2.141374,17.517997,1,13716,1,1,0,0,0,0,0,0,0,0,0,0,0,1
2582,13,80df90f9e2b88b1a,1.610344,16.654285,1,13781,0,0,0,0,1,0,0,0,0,0,0,0,0,0
2583,13,0d5de1f2b9e4d1d0,1.209791,19.469431,1,13846,1,1,0,0,1,0,0,0,0,0,0,0,0,1
2584,13,0e8463cb0cb91196,0.908871,20.0,1,13940,1,1,0,0,1,0,0,0,0,0,0,0,0,1
2585,13,175b64759bdce0b6,1.727634,19.712237,1,13836,2,1,0,0,0,0,0,0,0,0,0,0,0,1
2586,13,85a86af45c9b4375,2.34156,20.0,1,13812,1,0,0,0,1,0,0,0,0,0,0,0,0,1
2587,13,6a8f80fa2f22e0af,1.759127,19.831394,1,13723,1,1,0,0,1,0,0,0,0,0,0,0,0,0
2588,13,2d0439d833f0e29e,2.36522,18.37743,1,13841,1,0,0,0,0,0,0,0,0,0,0,0,0,1
2589,13,0602be642191006c,1.778679,17.300591,1,13816,1,1,0,0,1,0,0,0,0,0,0,0,0,0
2590,13,3f5bb5e574555075,1.336255,19.954976,1,13897,1,1,0,0,1,0,0,0,0,0,0,0,0,1
2591,13,51fdf3e349c44f67,1.003878,18.470272,1,13947,1,1,0,0,1,0,0,0,0,0,0,0,0,0
2592,13,635787ccca70b179,0.754931,17.37041,1,14078,1,1,0,0,0,0,0,0,0,0,0,0,0,1
2593,13,3a5d47ef15c48fb3,1.610805,16.528584,1,13952,1,0,0,0,1,0,0,0,0,0,0,0,0,0
2594,13,79d847e304a25099,1.210137,19.374996,1,13766,1,1,0,0,1,0,0,0,0,0,0,0,0,1
2595,13,af3616e8269c09e5,0.909131,20.0,1,13842,1,1,0,0,1,0,0,0,0,0,0,0,0,1
2596,13,a64acf831da8278b,0.683679,19.658885,1,13847,1,1,0,0,0,0,0,0,0,0,0,0,0,1
2597,13,267932c0dbb5b5e5,1.557276,20.0,1,13902,1,0,0,0,1,0,0,0,0,0,0,0,0,1
2598,13,a2c144e0692e4062,2.213577,20.0,1,13968,2,1,0,0,1,0,0,0,0,0,0,0,0,1
2599,13,68c11af7a8324509,1.664641,20.0,1,14865,1,1,0,0,1,0,0,0,0,0,0,0,0,0
2600,13,3f3ac5e28475b01c,2.294236,19.245961,1,14705,1,0,0,0,0,0,0,0,0,0,0,0,0,1
2601,13,741f90f967f3af8b,2.767227,20.0,1,14588,2,1,0,0,1,0,0,0,0,0,0,0,0,1
2602,13,8a3191e836747e0b,2.078914,20.0,1,14579,1,1,0,0,1,0,0,0,0,0,0,0,0,1
2603,13,ebf04cc6bd69ec5e,1.563373,20.0,1,14564,1,1,0,0,1,0,0,0,0,0,0,0,0,0
2604,13,a946b975f85cf57d,2.218157,19.114295,1,15036,1,0,0,0,0,0,0,0,0,0,0,0,0,1
2605,13,b1786c6a8f32f8e6,1.666419,17.8387,1,15249,1,1,0,0,1,0,0,0,0,0,0,0,0,0
2606,13,b49dec0288c637ed,2.297321,20.0,1,15062,2,1,0,0,1,0,0,0,0,0,0,0,0,1
2607,13,fa6daf6e22a785d3,1.725891,20.0,1,15240,1,1,0,0,1,0,0,0,0,0,0,0,0,1
2608,13,10500ab49bade161,2.340251,20.0,1,14869,1,0,0,0,0,0,0,0,0,0,0,0,0,1
2609,13,449bc3dc8afedc9e,2.801796,20.0,1,14894,2,1,0,0,1,0,0,0,0,0,0,0,0,1
2610,13,9bee25f4808c394d,2.106991,20.0,1,15539,1,1,0,0,1,0,0,0,0,0,0,0,0,1
2611,13,4e276b0f9b3dd11c,1.582903,20.0,1,15404,1,1,0,0,1,0,0,0,0,0,0,0,0,1
2612,13,15d7f637c78ca41f,2.23283,18.551791,0,15559,1,0,0,0,0,0,0,0,0,0,0,0,0,0
2613,13,b00fe8212c617a17,1.67912,20.0,1,15603,1,1,0,0,1,0,0,0,0,0,0,0,0,1
2614,13,af732596a8471456,3.348767,19.18941,1,15546,2,0,0,0,0,0,0,0,0,0,0,0,0,1
2615,13,64709916f3ad104e,2.515803,17.895131,1,15647,1,1,0,0,1,0,0,0,0,0,0,0,0,0
2616,13,591ffb5f36efc89d,2.933682,20.0,1,14502,2,1,0,0,1,0,0,0,0,0,0,0,0,1
2617,13,d031112afb7a47e9,2.206171,20.0,1,13872,1,1,0,0,1,0,0,0,0,0,0,0,0,1
2618,13,69f9d78919fe45c2,2.701067,20.0,1,13976,1,0,0,0,0,0,0,0,0,0,0,0,0,1
2619,13,ee24da20361adc73,2.029211,20.0,1,13958,1,1,0,0,1,0,0,0,0,0,0,0,0,1
2620,13,da2c642234444ca6,1.525995,20.0,1,13852,1,1,0,0,0,0,0,0,0,0,0,0,0,1
2621,13,83b7591dd7996cfb,3.23373,18.61263,1,13696,2,0,0,0,1,0,0,0,0,0,0,0,0,0
2622,13,54b0f4890b698aed,2.42938,20.0,1,13770,1,1,0,0,1,0,0,0,0,0,0,0,0,1
2623,13,093addf60a95565f,2.868756,15.731937,0,13725,1,0,0,0,0,0,0,0,0,0,0,0,0,0
2624,13,2e91831e7e038800,2.157345,18.791644,1,13663,1,1,0,0,1,0,0,0,0,0,0,0,0,1
2625,13,3e76223166e4d2d3,2.664386,17.596304,1,14044,1,0,0,0,0,0,0,0,0,0,0,0,0,1
2626,13,05496648f82750ff,2.001654,16.69829,1,13895,1,1,0,0,1,0,0,0,0,0,0,0,0,0
2627,13,d1ef5f4a52392ca7,1.505272,16.037854,1,13676,1,1,0,0,0,0,0,0,0,0,0,0,0,1
2628,13,01e3c4f48d313ddd,2.174508,15.527485,1,13401,1,0,0,0,1,0,0,0,0,0,0,0,0,0
2629,13,7af4675804292e1f,1.633627,18.622908,1,13655,1,1,0,0,1,0,0,0,0,0,0,0,0,1
2630,13,56f2ab9f452689a8,2.270936,13.990694,0,13394,1,0,0,0,0,0,0,0,0,0,0,0,0,0
2631,13,847b2456abcd0c05,1.707776,17.482205,1,13477,1,1,0,0,1,0,0,0,0,0,0,0,0,1
2632,13,3a33a4c4b51fdf4b,1.282988,16.612572,1,13560,1,1,0,0,1,0,0,0,0,0,0,0,0,0
2633,13,ae3427a44395ba45,2.007515,15.959249,1,13306,1,0,0,0,0,0,0,0,0,0,0,0,0,1
2634,13,3252b434450254ec,1.50968,15.482084,1,13341,1,1,0,0,1,0,0,0,0,0,0,0,0,0
2635,13,96093dfa310dd93d,2.177819,18.5888,1,13600,2,1,0,0,1,0,0,0,0,0,0,0,0,1
2636,13,6dc796e7af448e49,1.636114,20.0,1,13522,1,1,0,0,1,0,0,0,0,0,0,0,0,1
2637,13,65be46ddfad4243a,2.272805,15.718487,0,13491,1,0,0,0,0,0,0,0,0,0,0,0,0,0
2638,13,c4eab6edd7effbe6,1.709182,18.78153,1,13366,1,1,0,0,1,0,0,0,0,0,0,0,0,1
2639,13,a54be8b4e84ddd6b,1.284044,20.0,1,13447,1,1,0,0,1,0,0,0,0,0,0,0,0,1
2640,13,5621c5f1e30adaa1,0.964654,20.0,1,13327,1,1,0,0,1,0,0,0,0,0,0,0,0,1
2641,13,fc352b8d79264632,0.725434,17.134609,0,13478,1,1,0,0,0,0,0,0,0,0,0,0,0,0
2642,13,e4cd759dfaf5fa96,1.588645,19.83028,1,13525,1,0,0,0,1,0,0,0,0,0,0,0,0,1
2643,13,fe62f50d844ac6a0,1.193489,20.0,1,13488,1,1,0,0,1,0,0,0,0,0,0,0,0,1
2644,13,4bcbdebf29637cea,1.940277,20.0,1,13782,2,1,0,0,1,0,0,0,0,0,0,0,0,1
2645,13,46250f30c0e00ffc,2.503267,17.579733,0,13637,1,0,0,0,0,0,0,0,0,0,0,0,0,0
2646,13,448336b7e02670be,1.880611,20.0,1,13635,1,1,0,0,1,0,0,0,0,0,0,0,0,1
2647,13,5ad0cbb3d6afc675,1.412833,20.0,1,13798,1,1,0,0,1,0,0,0,0,0,0,0,0,1
2648,13,21fdb6d283a90ebb,1.06247,20.0,1,13692,1,1,0,0,1,0,0,0,0,0,0,0,0,1
2649,13,f92d9694293934bc,2.885501,20.0,1,13805,2,0,0,0,0,0,0,0,0,0,0,0,0,1
2650,13,46943f41de1c4176,2.167769,20.0,1,13683,1,1,0,0,1,0,0,0,0,0,0,0,0,1
2651,13,dfb1692852d680fa,1.628564,20.0,1,13688,1,1,0,0,1,0,0,0,0,0,0,0,0,0
2652,13,6124afc01652c2ed,2.268854,19.024503,1,13759,1,0,0,0,0,0,0,0,0,0,0,0,0,1
2653,13,d1f1f03032d2b876,1.704505,20.0,1,13813,1,1,0,0,1,0,0,0,0,0,0,0,0,1
2654,13,dd89965b89974aaf,1.280531,19.443241,1,13886,1,1,0,0,1,0,0,0,0,0,0,0,0,0
2655,13,ab123278e93e0bfe,0.962977,18.102096,1,13708,1,1,0,0,0,0,0,0,0,0,0,0,0,1
2656,13,022f9036eb93dcfc,2.810756,20.0,1,13851,2,0,0,0,1,0,0,0,0,0,0,0,0,1
2657,13,52d834af11383681,2.111616,20.0,1,13696,1,1,0,0,1,0,0,0,0,0,0,0,0,1
2658,13,5e1fa96332b8670b,1.586378,20.0,1,13704,1,1,0,0,1,0,0,0,0,0,0,0,0,1
2659,13,a8dbe835725df1d0,1.192979,17.888227,0,13645,1,1,0,0,0,0,0,0,0,0,0,0,0,0
2660,13,a9461e00face2980,1.939894,20.0,1,13619,1,0,0,0,1,0,0,0,0,0,0,0,0,1
2661,13,f6db0ad5de2c4aa1,2.501023,20.0,1,13550,2,1,0,0,1,0,0,0,0,0,0,0,0,1
2662,13,5646bc96e437a277,2.924955,20.0,1,13667,1,0,0,0,0,0,0,0,0,0,0,0,0,1
2663,13,6ebf57eb394ff741,2.19741,20.0,1,13672,1,1,0,0,1,0,0,0,0,0,0,0,0,1
2664,13,8a1dafcfcd31e875,1.650832,16.648138,0,13835,1,1,0,0,0,0,0,0,0,0,0,0,0,0
2665,13,452e2c9704c0b58a,2.283862,19.464813,1,13933,1,0,0,0,1,0,0,0,0,0,0,0,0,1
2666,13,af94e4aa7022b322,1.717496,18.118319,1,13768,1,1,0,0,1,0,0,0,0,0,0,0,0,0
2667,13,283438a3572b6d94,2.333944,17.09046,1,13688,1,0,0,0,0,0,0,0,0,0,0,0,0,1
2668,13,94e4977d358ecc03,2.797058,19.797113,1,13748,2,1,0,0,1,0,0,0,0,0,0,0,0,1
2669,13,f64f7a848db401b0,2.103428,14.887711,0,13608,1,1,0,0,0,0,0,0,0,0,0,0,0,0
2670,13,5ffb3989e0d7cd28,2.62388,18.14227,1,13723,1,0,0,0,1,0,0,0,0,0,0,0,0,1
2671,13,08627f6d40108dba,1.971223,20.0,1,13456,1,1,0,0,1,0,0,0,0,0,0,0,0,1
2672,13,5d72b15d75d25880,2.524559,15.466467,0,13378,1,0,0,0,0,0,0,0,0,0,0,0,0,0
2673,13,104b4a8483beb326,1.898505,18.592007,1,13785,1,1,0,0,1,0,0,0,0,0,0,0,0,1
2674,13,ef2772dec0b4a5d1,1.426276,17.446325,1,13768,1,1,0,0,1,0,0,0,0,0,0,0,0,0
2675,13,5fba3125b59cafba,1.071508,20.0,1,13880,1,1,0,0,1,0,0,0,0,0,0,0,0,1
2676,13,692a067da8f6aff3,0.805789,20.0,1,13557,1,1,0,0,1,0,0,0,0,0,0,0,0,1
2677,13,411845ebd32780ef,2.692666,20.0,1,14463,2,0,0,0,0,0,0,0,0,0,0,0,0,1
2678,13,bdef2a2c948aa952,2.022899,18.537158,1,14414,1,1,0,0,1,0,0,0,0,0,0,0,0,0
2679,13,4a3953476cd046f6,1.519729,20.0,1,14493,1,1,0,0,1,0,0,0,0,0,0,0,0,1
2680,13,0faa61e7569eb3fb,1.142858,19.18554,1,14648,1,1,0,0,1,0,0,0,0,0,0,0,0,0
2681,13,fd914725e4055ecb,1.902239,17.892223,1,14186,1,0,0,0,0,0,0,0,0,0,0,0,0,1
2682,13,d441efdf78ff30e5,1.429081,20.0,1,14076,1,1,0,0,1,0,0,0,0,0,0,0,0,1
2683,13,c6a91263206a459a,2.11884,18.821177,1,14009,2,1,0,0,1,0,0,0,0,0,0,0,0,0
2684,13,4f55425cd2cbc680,1.591805,17.618491,1,14059,1,1,0,0,0,0,0,0,0,0,0,0,0,1
2685,13,188d45c149a80eb8,2.239517,16.714958,1,13995,1,0,0,0,1,0,0,0,0,0,0,0,0,0
2686,13,86b15044ce74b560,1.682466,19.515012,1,14076,1,1,0,0,1,0,0,0,0,0,0,0,0,1
2687,13,f3dedcc652ea3805,1.265238,18.156069,1,13955,1,1,0,0,1,0,0,0,0,0,0,0,0,0
2688,13,218c8e37ff096e0d,3.037833,17.118821,1,14110,2,0,0,0,0,0,0,0,0,0,0,0,0,1
2689,13,eb39a7693ac12740,2.28221,19.818419,1,14132,1,1,0,0,1,0,0,0,0,0,0,0,0,1
2690,13,59a404d332ee7359,1.716255,20.0,1,14253,1,1,0,0,1,0,0,0,0,0,0,0,0,1
2691,13,22c01e73b007c0d2,1.289358,20.0,1,14132,1,1,0,0,1,0,0,0,0,0,0,0,0,1
2692,13,90fb80d03e6abfb3,0.968646,20.0,1,14347,1,1,0,0,1,0,0,0,0,0,0,0,0,0
2693,13,1771e4f80a950ae0,1.771361,19.29011,1,14266,1,0,0,0,0,0,0,0,0,0,0,0,0,1
2694,13,c68b48a88518dcb4,1.332089,20.0,1,14210,1,1,0,0,1,0,0,0,0,0,0,0,0,1
2695,13,d54556391f3921e8,2.044402,20.0,1,14257,2,1,0,0,1,0,0,0,0,0,0,0,0,1
2696,13,5f91abde0f060229,1.535883,20.0,1,14321,1,1,0,0,1,0,0,0,0,0,0,0,0,1
2697,13,c45286409757fc5d,1.155006,18.274599,0,14302,1,1,0,0,0,0,0,0,0,0,0,0,0,0
2698,13,a53c3348c96ede05,1.911366,20.0,1,14527,1,0,0,0,1,0,0,0,0,0,0,0,0,1
2699,13,5cd16b14da146900,2.479591,20.0,1,14710,2,1,0,0,1,0,0,0,0,0,0,0,0,1
2700,13,ee2b610d810084dd,1.862824,20.0,1,14708,1,1,0,0,1,0,0,0,0,0,0,0,0,0
2701,13,85a4d9687b872125,1.40087,20.0,1,15205,1,1,0,0,1,0,0,0,0,0,0,0,0,1
2702,13,2b5337dcb9e1ff26,1.052421,20.0,1,15137,1,1,0,0,0,0,0,0,0,0,0,0,0,1
2703,13,9a9e24d2003a8523,2.877952,20.0,1,15142,2,0,0,0,1,0,0,0,0,0,0,0,0,1
2704,13,222ab66042d3c105,2.164261,20.0,1,15773,1,1,0,0,1,0,0,0,0,0,0,0,0,1
2705,13,7ef745779d06ada8,1.625928,17.743701,0,15713,1,1,0,0,0,0,0,0,0,0,0,0,0,0
2706,13,a1bc0545abcc5d5e,3.308806,20.0,1,15289,2,0,0,0,1,0,0,0,0,0,0,0,0,1
2707,13,d87bd86011cdf42f,2.485782,20.0,1,15282,1,1,0,0,1,0,0,0,0,0,0,0,0,1
2708,13,79ebbf1a7482d5f1,1.869344,20.0,1,14824,1,1,0,0,1,0,0,0,0,0,0,0,0,1
2709,13,c038b50308eef982,2.448021,20.0,1,14960,1,0,0,0,0,0,0,0,0,0,0,0,0,1
2710,13,b55e7dd484a07c15,2.88276,20.0,1,15144,2,1,0,0,1,0,0,0,0,0,0,0,0,1
2711,13,c9aa77f254880a52,3.212027,17.237716,0,14962,1,0,0,0,0,0,0,0,0,0,0,0,0,0
2712,13,64e0ff2ec615be16,2.413076,19.907741,1,14897,1,1,0,0,1,0,0,0,0,0,0,0,0,1
2713,13,828677954c50888c,1.812854,18.434786,1,14862,1,1,0,0,1,0,0,0,0,0,0,0,0,0
2714,13,c589d46623a0cafb,2.405583,17.32821,1,15070,1,0,0,0,0,0,0,0,0,0,0,0,0,1
2715,13,032b1d8de4bc4a7d,1.809032,16.511563,1,14889,1,1,0,0,1,0,0,0,0,0,0,0,0,0
2716,13,8aef59f11b69c197,1.359058,19.362209,1,14815,1,1,0,0,1,0,0,0,0,0,0,0,0,1
2717,13,0a99d34662a856e9,2.064663,14.546104,0,14526,1,0,0,0,0,0,0,0,0,0,0,0,0,0
2718,13,32c95f6fe26c79ea,1.552656,17.899881,1,14342,1,1,0,0,1,0,0,0,0,0,0,0,0,1
2719,13,1d55147633c7aae8,1.166453,16.926356,1,14247,1,1,0,0,1,0,0,0,0,0,0,0,0,0
2720,13,03a65e6d4c149a33,1.919966,16.194983,1,14127,1,0,0,0,0,0,0,0,0,0,0,0,0,1
2721,13,dd8301ef8ab9b0ca,1.442398,15.64553,1,13843,1,1,0,0,1,0,0,0,0,0,0,0,0,0
2722,13,a924cdecf00d232a,1.084704,18.726665,1,13970,1,1,0,0,1,0,0,0,0,0,0,0,0,1
2723,13,e4bc8612f47993ce,0.814898,14.068643,0,13792,1,1,0,0,0,0,0,0,0,0,0,0,0,0
2724,13,015ecb420047363f,1.655855,17.526935,1,13772,1,0,0,0,1,0,0,0,0,0,0,0,0,1
2725,13,e73113b55b3eebc3,1.245227,16.661006,1,13765,1,1,0,0,1,0,0,0,0,0,0,0,0,0
2726,13,00f6b755b1d032b0,0.935492,19.47448,1,14013,1,1,0,0,1,0,0,0,0,0,0,0,0,1
2727,13,9e827dc0fcdc93d5,1.746454,20.0,1,13901,2,1,0,0,1,0,0,0,0,0,0,0,0,1
2728,13,43f001ba2d274306,2.355699,19.697206,1,13934,1,0,0,0,0,0,0,0,0,0,0,0,0,1
2729,13,fd30a284c76f7dc7,1.771519,18.293081,1,13846,1,1,0,0,1,0,0,0,0,0,0,0,0,0
2730,13,0b9613e4f0a37b59,1.330876,20.0,1,13676,1,1,0,0,1,0,0,0,0,0,0,0,0,1
2731,13,df502cd325b5ed39,0.999837,20.0,1,13766,1,1,0,0,1,0,0,0,0,0,0,0,0,1
2732,13,fe118167dc85ab02,0.751892,20.0,1,13572,1,1,0,0,1,0,0,0,0,0,0,0,0,0
2733,13,aea472aac3afbcf1,1.608522,18.810459,1,13755,1,0,0,0,0,0,0,0,0,0,0,0,0,1
2734,13,c1adf9c336152624,1.208422,17.610439,1,13762,1,1,0,0,1,0,0,0,0,0,0,0,0,0
2735,13,459e9ada8b1f936c,1.951496,20.0,1,13954,2,1,0,0,1,0,0,0,0,0,0,0,0,1
2736,13,e82023bcf15456c6,1.467553,20.0,1,13506,1,1,0,0,1,0,0,0,0,0,0,0,0,1
2737,13,3d2fa00e0d21fdb5,1.102517,20.0,1,13806,1,1,0,0,0,0,0,0,0,0,0,0,0,1
2738,13,9c2af751ece37db6,1.871934,18.589488,1,13858,1,0,0,0,1,0,0,0,0,0,0,0,0,0
2739,13,61f2c29cfc35d548,1.407721,20.0,1,13882,1,1,0,0,1,0,0,0,0,0,0,0,0,1
2740,13,6798be182fb324b2,1.057568,20.0,1,13892,1,1,0,0,1,0,0,0,0,0,0,0,0,1
2741,13,8e5400bfd45c6290,1.838165,20.0,1,14628,1,0,0,0,0,0,0,0,0,0,0,0,0,1
2742,13,d4d756ca6b78f56e,2.424598,18.898252,1,14787,2,1,0,0,1,0,0,0,0,0,0,0,0,0
2743,13,c56229639215584e,1.823332,20.0,1,14748,1,1,0,0,1,0,0,0,0,0,0,0,0,1
2744,13,2e21a7391d65f097,1.369801,19.385146,1,14592,1,1,0,0,0,0,0,0,0,0,0,0,0,1
2745,13,486bdc4ea809b70e,3.116387,20.0,1,14447,2,0,0,0,1,0,0,0,0,0,0,0,0,1
2746,13,e9d5ed98b0ac47e5,2.343568,20.0,1,15062,1,1,0,0,1,0,0,0,0,0,0,0,0,1
2747,13,bf850360b4a05391,1.760635,20.0,1,15188,1,1,0,0,1,0,0,0,0,0,0,0,0,0
2748,13,0d45c2657f6e14cb,1.322699,20.0,1,14907,1,1,0,0,1,0,0,0,0,0,0,0,0,1
2749,13,686b7480bcecb897,0.993694,20.0,1,14620,1,1,0,0,1,0,0,0,0,0,0,0,0,0
2750,13,b0c81497e478c33b,0.747272,20.0,1,14172,1,1,0,0,1,0,0,0,0,0,0,0,0,1
2751,13,36ba10f7371a1719,0.561398,20.0,1,14309,1,1,0,0,1,0,0,0,0,0,0,0,0,1
2752,13,82c658e142d1a28e,2.509064,20.0,1,13799,2,0,0,0,0,0,0,0,0,0,0,0,0,1
2753,13,ede2d07d203e5d89,1.886852,19.519734,1,13851,1,1,0,0,1,0,0,0,0,0,0,0,0,0
2754,13,ec7d2b8bc633676d,1.417521,20.0,1,13730,1,1,0,0,1,0,0,0,0,0,0,0,0,1
2755,13,e0a9179111025ba9,2.108584,16.243902,0,13969,1,0,0,0,0,0,0,0,0,0,0,0,0,0
2756,13,d4a0a1eb663284fe,1.5841,19.161126,1,13760,1,1,0,0,1,0,0,0,0,0,0,0,0,1
2757,13,d079cdf1df281afc,1.191266,20.0,1,13818,1,1,0,0,1,0,0,0,0,0,0,0,0,1
2758,13,bdb44fe5024fd0d5,1.938607,16.054815,0,13856,1,0,0,0,0,0,0,0,0,0,0,0,0,0
2759,13,35b82598dd5c1f55,1.456403,19.019071,1,13775,1,1,0,0,1,0,0,0,0,0,0,0,0,1
2760,13,278daa2bb0ba188f,3.183537,17.783114,1,13675,2,0,0,0,0,0,0,0,0,0,0,0,0,1
2761,13,bb31c50ff50318c9,2.391672,16.838634,1,13710,1,1,0,0,1,0,0,0,0,0,0,0,0,0
2762,13,d6b254309112939f,1.796774,19.607925,1,13557,1,1,0,0,1,0,0,0,0,0,0,0,0,1
2763,13,a5775ed5d1374a8e,1.349849,20.0,1,13832,1,1,0,0,1,0,0,0,0,0,0,0,0,1
2764,13,5c5d126315602cd7,2.059256,16.309978,0,13733,1,0,0,0,0,0,0,0,0,0,0,0,0,0
2765,13,5c851da4363a721e,1.547042,19.210766,1,13620,1,1,0,0,1,0,0,0,0,0,0,0,0,1
2766,13,409c33d5b895e958,1.162235,17.911175,1,13608,1,1,0,0,1,0,0,0,0,0,0,0,0,0
2767,13,db731d590892c4ab,1.918168,16.949961,1,13642,1,0,0,0,0,0,0,0,0,0,0,0,0,1
2768,13,2bce2bc01c061853,1.441048,16.212716,1,13646,1,1,0,0,1,0,0,0,0,0,0,0,0,0
2769,13,2d27357fcd2c6c14,1.082605,19.137697,1,13581,1,1,0,0,1,0,0,0,0,0,0,0,0,1
2770,14,1fd48474a6be9a50,0.813321,17.856281,1,14039,1,1,0,0,1,0,0,0,0,0,0,0,0,0
2771,14,40ab05863d40ab6a,1.655779,16.908679,1,14196,1,0,0,0,0,0,0,0,0,0,0,0,0,1
2772,14,9fa3e60e300cac94,1.243925,16.181703,1,14197,1,1,0,0,1,0,0,0,0,0,0,0,0,0
2773,14,9522afc9eb92ebd2,0.934514,19.114398,1,14205,1,1,0,0,1,0,0,0,0,0,0,0,0,1
2774,14,0fba0eaa5e567fe1,1.746919,14.3743,0,13978,1,0,0,0,0,0,0,0,0,0,0,0,0,0
2775,14,8f9f8c22e25048df,1.312395,17.756563,1,13967,1,1,0,0,1,0,0,0,0,0,0,0,0,1
2776,14,025aca0c2fc547cd,0.985953,16.818686,1,13930,1,1,0,0,1,0,0,0,0,0,0,0,0,0
2777,14,ea7305c3d0c4eb0e,0.74071,19.592939,1,14030,1,1,0,0,1,0,0,0,0,0,0,0,0,1
2778,14,b3bc2710b036c5b2,1.601175,14.73417,0,13873,1,0,0,0,0,0,0,0,0,0,0,0,0,0
2779,14,3c254a4fca255c07,1.202903,18.02692,1,14106,1,1,0,0,1,0,0,0,0,0,0,0,0,1
2780,14,7fb0256f65ce4ff6,1.947349,20.0,1,14035,2,1,0,0,1,0,0,0,0,0,0,0,0,1
2781,14,a69e89495c03d18a,2.508585,15.416774,0,14165,1,0,0,0,0,0,0,0,0,0,0,0,0,0
2782,14,ba87dd4319678e85,1.884606,18.539735,1,13918,1,1,0,0,1,0,0,0,0,0,0,0,0,1
2783,14,3e895dd2e76d3ae9,1.415834,17.407054,1,13985,1,1,0,0,1,0,0,0,0,0,0,0,0,0
2784,14,5bfa9aaebee05047,1.063663,20.0,1,13955,1,1,0,0,1,0,0,0,0,0,0,0,0,1
2785,14,ca3938afd42b6b51,0.79989,18.547076,1,14007,1,1,0,0,1,0,0,0,0,0,0,0,0,0
2786,14,3840b1179d01d5ca,0.600927,17.412569,1,13898,1,1,0,0,0,0,0,0,0,0,0,0,0,1
2787,14,3ad00a257add4750,1.495108,16.560257,1,14085,1,0,0,0,1,0,0,0,0,0,0,0,0,0
2788,14,715e21df0f1ac6b8,1.124342,19.414553,1,13964,1,1,0,0,1,0,0,0,0,0,0,0,0,1
2789,14,ab882b57d80326bc,0.844676,20.0,1,14007,1,1,0,0,1,0,0,0,0,0,0,0,0,1
2790,14,de121b1615b372cf,1.678227,19.663383,1,14092,2,1,0,0,0,0,0,0,0,0,0,0,0,1
2791,14,0469b68beb7ba893,2.304443,18.251209,1,13860,1,0,0,0,1,0,0,0,0,0,0,0,0,0
2792,14,77ed09b9b5fdd2d5,1.732974,20.0,1,14033,1,1,0,0,1,0,0,0,0,0,0,0,0,1
2793,14,f528f75252723e1c,1.301918,19.019593,1,14014,1,1,0,0,1,0,0,0,0,0,0,0,0,0
2794,14,c2f4dc060312be30,2.021736,17.767553,1,13907,1,0,0,0,0,0,0,0,0,0,0,0,0,1
2795,14,f6d7570dbe7171fa,2.564525,20.0,1,13868,2,1,0,0,1,0,0,0,0,0,0,0,0,1
2796,14,50afc0b225fbdddd,1.926632,20.0,1,14153,1,1,0,0,1,0,0,0,0,0,0,0,0,1
2797,14,77cb534e4dd68f47,2.49106,20.0,1,13946,1,0,0,0,0,0,0,0,0,0,0,0,0,1
2798,14,03a072c123c7f460,2.915093,20.0,1,13949,2,1,0,0,1,0,0,0,0,0,0,0,0,1
2799,14,e644619daa66b701,2.192192,20.0,1,13896,1,1,0,0,1,0,0,0,0,0,0,0,0,0
2800,14,d4129c9ce8813e06,1.646912,20.0,1,14035,1,1,0,0,1,0,0,0,0,0,0,0,0,1
2801,14,696331196397db3f,1.237263,16.577783,0,13903,1,1,0,0,0,0,0,0,0,0,0,0,0,0
2802,14,9f9f981168cfe119,1.97459,19.427733,1,14033,1,0,0,0,1,0,0,0,0,0,0,0,0,1
2803,14,e5f2b57345d2996a,1.483436,20.0,1,13805,1,1,0,0,1,0,0,0,0,0,0,0,0,1
2804,14,0a15fe6e02f55e53,2.158103,20.0,1,14049,2,1,0,0,1,0,0,0,0,0,0,0,0,1
2805,14,242024efcb39cc6b,2.664956,20.0,1,13768,1,0,0,0,0,0,0,0,0,0,0,0,0,1
2806,14,8099ca04e120ab38,2.004085,19.175282,1,13987,1,1,0,0,1,0,0,0,0,0,0,0,0,0
2807,14,582cbbca4234bde0,1.505594,20.0,1,13842,1,1,0,0,1,0,0,0,0,0,0,0,0,1
2808,14,232ef5f950d63e96,2.17475,16.049495,0,13835,1,0,0,0,0,0,0,0,0,0,0,0,0,0
2809,14,2584f3bce8fc2d38,1.635443,19.030452,1,13843,1,1,0,0,1,0,0,0,0,0,0,0,0,1
2810,14,2cda024226657f5c,2.2723,14.296867,0,13902,1,0,0,0,0,0,0,0,0,0,0,0,0,0
2811,14,b23732d8b87af8a4,1.707094,17.698391,1,13982,1,1,0,0,1,0,0,0,0,0,0,0,0,1
2812,14,c208e195e78c2069,2.32613,20.0,1,13937,2,1,0,0,1,0,0,0,0,0,0,0,0,1
2813,14,f8679ed460c91ac0,1.749283,15.231168,0,13918,0,0,0,0,0,0,0,0,0,0,0,0,0,0
2814,14,45517c7da3c91956,2.357824,18.400296,1,13884,2,1,0,0,1,0,0,0,0,0,0,0,0,1
2815,14,7914bd28219cbd81,1.771345,17.302299,1,13546,1,1,0,0,0,0,0,0,0,0,0,0,0,1
2816,14,03cd3dbddab94bff,2.376227,16.492077,1,13728,1,0,0,0,1,0,0,0,0,0,0,0,0,0
2817,14,b82209ddfc3514fe,1.785171,19.34757,1,14023,1,1,0,0,1,0,0,0,0,0,0,0,0,1
2818,14,d546d109c1511604,1.341132,20.0,1,13931,1,1,0,0,1,0,0,0,0,0,0,0,0,1
2819,14,37742cda28a36989,2.051196,16.146734,0,13968,1,0,0,0,0,0,0,0,0,0,0,0,0,0
2820,14,4f373c578a3d3fe0,1.542528,19.103577,1,13639,1,1,0,0,1,0,0,0,0,0,0,0,0,1
2821,14,6a822c35e0a73ed8,1.158844,17.830648,1,13932,1,1,0,0,1,0,0,0,0,0,0,0,0,0
2822,14,1ff840683257356e,1.914249,16.874344,1,13849,1,0,0,0,0,0,0,0,0,0,0,0,0,1
2823,14,76d5a042315d1b4f,1.439543,16.170249,1,13779,1,1,0,0,1,0,0,0,0,0,0,0,0,0
2824,14,402f071b2215fda8,1.081475,19.105792,1,14006,1,1,0,0,1,0,0,0,0,0,0,0,0,1
2825,14,0757ea4a34ff873f,0.812472,20.0,1,14054,1,1,0,0,1,0,0,0,0,0,0,0,0,1
2826,14,8781398288d36629,2.697686,19.48912,1,14188,2,0,0,0,0,0,0,0,0,0,0,0,0,1
2827,14,9a005b7b90aee222,2.028698,18.136598,1,14109,1,1,0,0,1,0,0,0,0,0,0,0,0,0
2828,14,e3e824ff69850607,1.524085,20.0,1,14326,1,1,0,0,1,0,0,0,0,0,0,0,0,1
2829,14,bd83d48c64e0adca,1.144988,18.942111,1,15017,1,1,0,0,1,0,0,0,0,0,0,0,0,0
2830,14,3b0bb7cf2e107d37,1.905198,17.725239,1,15156,1,0,0,0,0,0,0,0,0,0,0,0,0,1
2831,14,cfddd42781563b38,2.474957,20.0,1,15254,2,1,0,0,1,0,0,0,0,0,0,0,0,1
2832,14,7ece2e4c7b47e496,1.859343,20.0,1,15552,1,1,0,0,1,0,0,0,0,0,0,0,0,1
2833,14,119d18bdada59e9f,1.396855,20.0,1,15472,1,1,0,0,1,0,0,0,0,0,0,0,0,0
2834,14,a6e8b97a3a916406,1.050455,20.0,1,15442,1,1,0,0,1,0,0,0,0,0,0,0,0,1
2835,14,6ef44f47d110fcc6,1.832821,20.0,1,14478,2,1,0,0,1,0,0,0,0,0,0,0,0,1
2836,14,a768a669ae5d6c28,2.420583,20.0,1,13893,1,0,0,0,0,0,0,0,0,0,0,0,0,1
2837,14,c5a8ecb5f9e188e2,1.820313,19.412925,1,13664,1,1,0,0,1,0,0,0,0,0,0,0,0,0
2838,14,357a8ed5d257c405,1.367533,20.0,1,13951,1,1,0,0,1,0,0,0,0,0,0,0,0,1
2839,14,e3163d28c38a6db4,2.07103,20.0,1,13618,2,1,0,0,1,0,0,0,0,0,0,0,0,1
2840,14,d61aefea7b64b0c5,2.599541,17.3852,0,13729,1,0,0,0,0,0,0,0,0,0,0,0,0,0
2841,14,0dc0872bb5dd3fc7,1.954892,20.0,1,13503,1,1,0,0,1,0,0,0,0,0,0,0,0,1
2842,14,64597798c1021cda,1.468637,18.530332,1,13703,1,1,0,0,1,0,0,0,0,0,0,0,0,0
2843,14,049053b951caa2b9,1.103332,20.0,1,13778,1,1,0,0,1,0,0,0,0,0,0,0,0,1
2844,14,fd4d2a1dfed8d533,1.873872,15.701181,0,13868,1,0,0,0,0,0,0,0,0,0,0,0,0,0
2845,14,3dc2c7fdbbf448f0,1.40777,18.7534,1,13998,1,1,0,0,1,0,0,0,0,0,0,0,0,1
2846,14,4de344186694b583,2.101258,20.0,1,14033,2,1,0,0,1,0,0,0,0,0,0,0,0,1
2847,14,8bfff03de43ba19d,1.578597,20.0,1,14087,1,1,0,0,1,0,0,0,0,0,0,0,0,1
2848,14,634b0379defd6d1f,1.187127,20.0,1,13869,1,1,0,0,1,0,0,0,0,0,0,0,0,1
2849,14,8868f28d2c2005d0,1.935498,18.093163,0,13949,1,0,0,0,0,0,0,0,0,0,0,0,0,0
2850,14,7cba02b05020cc05,2.49772,20.0,1,14130,2,1,0,0,1,0,0,0,0,0,0,0,0,1
2851,14,44366dff728748a9,1.878321,20.0,1,13812,1,1,0,0,1,0,0,0,0,0,0,0,0,1
2852,14,4ba12b407821d7d3,1.411113,20.0,1,14083,1,1,0,0,0,0,0,0,0,0,0,0,0,1
2853,14,7306be04bf81b840,2.10377,18.74341,1,14062,1,0,0,0,1,0,0,0,0,0,0,0,0,0
2854,14,dd685059ff430bdb,1.580483,20.0,1,14086,1,1,0,0,1,0,0,0,0,0,0,0,0,1
2855,14,94cedd0aa17a558e,3.276847,19.302063,1,13990,2,0,0,0,0,0,0,0,0,0,0,0,0,1
2856,14,b69424d165317804,2.461773,17.979763,1,14073,1,1,0,0,1,0,0,0,0,0,0,0,0,0
2857,14,c5579abcec97b6b1,2.893091,16.986368,1,14108,1,0,0,0,0,0,0,0,0,0,0,0,0,1
2858,14,af54ddfd933b2bd8,2.175646,19.734995,1,14025,1,1,0,0,1,0,0,0,0,0,0,0,0,1
2859,14,58bcadb27dded969,1.634481,18.305008,1,14040,1,1,0,0,0,0,0,0,0,0,0,0,0,1
2860,14,27d8b64e0e70eece,3.315231,20.0,1,13855,2,0,0,0,1,0,0,0,0,0,0,0,0,1
2861,14,58b5eae27e4698af,2.490609,19.037161,1,13894,1,1,0,0,1,0,0,0,0,0,0,0,0,0
2862,14,809632e345703a0e,2.917124,17.796718,1,13983,1,0,0,0,0,0,0,0,0,0,0,0,0,1
2863,14,07383c051658c247,2.191526,16.848853,1,13962,1,1,0,0,1,0,0,0,0,0,0,0,0,0
2864,14,e730129378347d57,1.646412,19.615603,1,13957,1,1,0,0,1,0,0,0,0,0,0,0,0,1
2865,14,531543649b69cf7b,1.238125,18.231715,1,13699,1,1,0,0,1,0,0,0,0,0,0,0,0,0
2866,14,b7e8d24ef89f7204,1.973811,17.17565,1,14653,1,0,0,0,0,0,0,0,0,0,0,0,0,1
2867,14,ad84aa13e184107e,1.48285,16.382268,1,14441,1,1,0,0,1,0,0,0,0,0,0,0,0,0
2868,14,46b3ae27bda5af5c,1.11401,19.265075,1,13985,1,1,0,0,1,0,0,0,0,0,0,0,0,1
2869,14,b97848b04826fe9f,1.881902,14.487611,0,13865,1,0,0,0,0,0,0,0,0,0,0,0,0,0
2870,14,fb7bd3c473672dc8,1.413802,17.84169,1,14926,1,1,0,0,1,0,0,0,0,0,0,0,0,1
2871,14,266ba637dc0311ac,2.10579,20.0,1,14908,2,1,0,0,1,0,0,0,0,0,0,0,0,1
2872,14,e8ce959e487951c5,1.583584,18.792627,1,14421,1,1,0,0,1,0,0,0,0,0,0,0,0,0
2873,14,16b5f41f4c490fb9,1.189688,20.0,1,14532,1,1,0,0,1,0,0,0,0,0,0,0,0,1
2874,14,3a413e58a5f07684,1.937421,15.833526,0,14183,1,0,0,0,0,0,0,0,0,0,0,0,0,0
2875,14,ad62e020d867b4f3,1.455512,18.852826,1,14404,1,1,0,0,1,0,0,0,0,0,0,0,0,1
2876,14,164d4b862d4973e5,1.094566,20.0,1,14576,1,1,0,0,1,0,0,0,0,0,0,0,0,1
2877,14,2a3e554e0298a3a7,0.822306,19.359482,1,14338,1,1,0,0,1,0,0,0,0,0,0,0,0,0
2878,14,63fa9f240b19e41b,0.617768,20.0,1,14659,1,1,0,0,1,0,0,0,0,0,0,0,0,1
2879,14,24287c3b1dc04246,1.508721,19.65012,1,14396,1,0,0,0,0,0,0,0,0,0,0,0,0,1
2880,14,f85e27c7f3eb00f2,2.177099,20.0,1,14350,2,1,0,0,1,0,0,0,0,0,0,0,0,1
2881,14,18f8c63dff81d8a6,1.635573,20.0,1,14433,1,1,0,0,1,0,0,0,0,0,0,0,0,1
2882,14,690926ce68b19179,1.228745,20.0,1,13894,1,1,0,0,1,0,0,0,0,0,0,0,0,0
2883,14,b053fe1b9bf279c1,0.924034,20.0,1,13532,1,1,0,0,1,0,0,0,0,0,0,0,0,1
2884,14,aab6ff5e87a14584,0.694192,20.0,1,13870,1,1,0,0,1,0,0,0,0,0,0,0,0,0
2885,14,1329eba36b2f0846,2.608827,18.919215,1,13807,2,0,0,0,0,0,0,0,0,0,0,0,0,1
2886,14,95662b6aed50dbb1,1.961875,20.0,1,13845,1,1,0,0,1,0,0,0,0,0,0,0,0,1
2887,14,72c674e6c50f4413,1.473884,20.0,1,13827,1,1,0,0,1,0,0,0,0,0,0,0,0,1
2888,14,3b3a86a0983a8ccb,1.107274,20.0,1,14035,1,1,0,0,1,0,0,0,0,0,0,0,0,0
2889,14,0102626685d6ef3c,0.831853,20.0,1,13984,1,1,0,0,1,0,0,0,0,0,0,0,0,1
2890,14,934a29d109765a52,2.713867,20.0,1,13834,2,0,0,0,0,0,0,0,0,0,0,0,0,1
2891,14,f69048d7d07a3611,2.038826,18.795182,1,13979,1,1,0,0,1,0,0,0,0,0,0,0,0,0
2892,14,1765907f4e4f5190,1.531694,20.0,1,13971,1,1,0,0,1,0,0,0,0,0,0,0,0,1
2893,14,cd85aecb535faffe,1.151856,19.331313,1,13869,1,1,0,0,0,0,0,0,0,0,0,0,0,1
2894,14,a820467cf510bb61,1.909,18.001737,1,13854,1,0,0,0,1,0,0,0,0,0,0,0,0,0
2895,14,d4d879ff193b677b,1.43416,20.0,1,13906,1,1,0,0,1,0,0,0,0,0,0,0,0,1
2896,14,4156a2c2014dacde,1.077431,20.0,1,13829,1,1,0,0,1,0,0,0,0,0,0,0,0,1
2897,14,47bb0f8f5457e348,1.854394,16.803639,0,13964,1,0,0,0,0,0,0,0,0,0,0,0,0,0
2898,14,b57592670ada3d7d,2.43679,19.581635,1,13967,2,1,0,0,1,0,0,0,0,0,0,0,0,1
2899,14,82c8ed09c3d1bcdb,2.874323,18.189795,1,14038,1,0,0,0,0,0,0,0,0,0,0,0,0,1
2900,14,d2ff862e8986166a,2.161532,20.0,1,13975,1,1,0,0,1,0,0,0,0,0,0,0,0,1
2901,14,8e17bbdf69a2aa4e,2.667531,18.984896,1,14160,1,0,0,0,0,0,0,0,0,0,0,0,0,1
2902,14,437b8ca3ca531f06,2.004017,17.741487,1,14022,1,1,0,0,1,0,0,0,0,0,0,0,0,0
2903,14,a22f62650dd954a5,2.549196,20.0,1,14046,2,1,0,0,1,0,0,0,0,0,0,0,0,1
2904,14,6ad897e4b2219839,2.961182,18.736017,1,14158,1,0,0,0,0,0,0,0,0,0,0,0,0,1
2905,14,6bbd9c57889ae6ef,2.224626,20.0,1,14129,1,1,0,0,1,0,0,0,0,0,0,0,0,1
2906,14,94d112d30cc2efea,2.714931,19.28042,1,14262,1,0,0,0,0,0,0,0,0,0,0,0,0,1
2907,14,4607ae9561b5e4e6,2.041667,17.979653,1,14315,1,1,0,0,1,0,0,0,0,0,0,0,0,0
2908,14,9114ae85acb6aa3f,1.533828,20.0,1,13898,1,1,0,0,1,0,0,0,0,0,0,0,0,1
2909,14,5a9937d9f2a05e1e,1.152308,18.853532,1,13980,1,1,0,0,1,0,0,0,0,0,0,0,0,0
2910,14,4b72459104c41e8d,2.952992,17.642798,1,14347,2,0,0,0,0,0,0,0,0,0,0,0,0,1
2911,14,144c026651983cbd,2.220692,20.0,1,13835,1,1,0,0,1,0,0,0,0,0,0,0,0,1
2912,14,fc789012c38f333a,1.668323,20.0,1,14216,1,1,0,0,1,0,0,0,0,0,0,0,0,1
2913,14,f01a6d43f91578f2,1.253349,20.0,1,14069,1,1,0,0,1,0,0,0,0,0,0,0,0,0
2914,14,05ddf94578ae2098,0.942536,20.0,1,14038,1,1,0,0,1,0,0,0,0,0,0,0,0,1
2915,14,2370468175bcfc57,0.708092,20.0,1,14130,1,1,0,0,1,0,0,0,0,0,0,0,0,1
2916,14,2df5ee75166741ce,1.575617,20.0,1,14228,2,1,0,0,0,0,0,0,0,0,0,0,0,1
2917,14,e7b134331901b39d,2.227355,19.387181,1,14249,1,0,0,0,1,0,0,0,0,0,0,0,0,0
2918,14,b30871325d5dce1d,1.675003,20.0,1,14297,1,1,0,0,1,0,0,0,0,0,0,0,0,1
2919,14,ac811a58ae6ad1ee,1.258367,19.661372,1,14289,1,1,0,0,1,0,0,0,0,0,0,0,0,0
2920,14,3189fe7a0fae2e94,0.945364,20.0,1,14096,1,1,0,0,1,0,0,0,0,0,0,0,0,1
2921,14,ebbf325497a30ed5,0.710927,19.820675,1,14291,1,1,0,0,0,0,0,0,0,0,0,0,0,1
2922,14,df62b315a6716627,2.6214,20.0,1,14248,2,0,0,0,1,0,0,0,0,0,0,0,0,1
2923,14,8f3197fb29b5ebe8,1.96936,20.0,1,14483,1,1,0,0,1,0,0,0,0,0,0,0,0,1
2924,14,6535c686f8297d89,1.479506,20.0,1,14400,1,1,0,0,1,0,0,0,0,0,0,0,0,0
2925,14,a429eabbb15bb272,1.11261,20.0,1,14583,1,1,0,0,1,0,0,0,0,0,0,0,0,1
2926,14,5f89696cfb35a7a4,0.835862,20.0,1,14500,1,1,0,0,1,0,0,0,0,0,0,0,0,1
2927,14,12d7ddd7694bbed3,2.715259,20.0,1,14177,2,0,0,0,0,0,0,0,0,0,0,0,0,1
2928,14,5b739d7d171d752e,2.041913,19.696512,1,14152,1,1,0,0,1,0,0,0,0,0,0,0,0,0
2929,14,061c0cc587c5d275,1.534013,20.0,1,14082,1,1,0,0,1,0,0,0,0,0,0,0,0,1
2930,14,f0e155390a4199cf,1.152447,19.822519,1,14155,1,1,0,0,1,0,0,0,0,0,0,0,0,0
2931,14,9389e6c969a6df63,0.86579,20.0,1,14052,1,1,0,0,1,0,0,0,0,0,0,0,0,1
2932,14,75f5ef1736e58110,1.695237,19.911717,1,13855,1,0,0,0,0,0,0,0,0,0,0,0,0,1
2933,14,e0ae76a3f066076b,1.273568,18.437773,1,14096,1,1,0,0,1,0,0,0,0,0,0,0,0,0
2934,14,41b160f6a31b9cad,2.000438,20.0,1,13969,2,1,0,0,1,0,0,0,0,0,0,0,0,1
2935,14,86d5b84071c92216,1.504358,19.129391,1,14240,1,1,0,0,0,0,0,0,0,0,0,0,0,1
2936,14,793ff2d8cc53da87,2.173821,20.0,1,14397,1,0,0,0,1,0,0,0,0,0,0,0,0,1
2937,14,26e3755d243f7a43,1.63311,19.502439,1,14503,1,1,0,0,1,0,0,0,0,0,0,0,0,0
2938,14,8f16ee29de65fdfb,2.270548,18.130298,1,14578,2,1,0,0,0,0,0,0,0,0,0,0,0,1
2939,14,0d8d2ee8d67fecb1,2.751635,20.0,1,14412,1,0,0,0,1,0,0,0,0,0,0,0,0,1
2940,14,426d9f406a297973,2.067201,18.951283,1,14397,1,1,0,0,1,0,0,0,0,0,0,0,0,0
2941,14,44da05b37ee3b230,1.553011,20.0,1,14559,1,1,0,0,1,0,0,0,0,0,0,0,0,1
2942,14,4f609a7224ffeb07,1.167886,19.419503,1,14504,1,1,0,0,1,0,0,0,0,0,0,0,0,0
2943,14,df56fd91abf1e5c0,1.921042,18.067991,1,14609,1,0,0,0,0,0,0,0,0,0,0,0,0,1
2944,14,b94f2259f43489f5,1.443207,20.0,1,14829,1,1,0,0,1,0,0,0,0,0,0,0,0,1
2945,14,c800fef2ef7d0d8b,2.127881,15.424545,0,14698,1,0,0,0,0,0,0,0,0,0,0,0,0,0
2946,14,e2f93aeb6912a92a,1.600197,18.560481,1,14790,1,1,0,0,1,0,0,0,0,0,0,0,0,1
2947,14,ddb79452fe718b0f,2.245821,13.943796,0,14960,1,0,0,0,0,0,0,0,0,0,0,0,0,0
2948,14,6f3a6211df293f73,2.730855,17.433141,1,14682,2,1,0,0,1,0,0,0,0,0,0,0,0,1
2949,14,2792be0f5f488460,2.053642,20.0,1,14479,1,1,0,0,1,0,0,0,0,0,0,0,0,1
2950,14,29ab8853c3b8b833,1.542824,20.0,1,14704,1,1,0,0,1,0,0,0,0,0,0,0,0,1
2951,14,c18150e00b5a6196,2.20272,20.0,1,14813,2,1,0,0,1,0,0,0,0,0,0,0,0,1
2952,14,c6bb999728365f9d,1.654821,17.664219,0,14793,1,1,0,0,0,0,0,0,0,0,0,0,0,0
2953,14,86d44c7e3dc862d4,2.288599,20.0,1,14713,1,0,0,0,1,0,0,0,0,0,0,0,0,1
2954,14,65db1870c61ac44c,1.719339,18.687967,1,14726,1,1,0,0,1,0,0,0,0,0,0,0,0,0
2955,14,1bd8bc95a2e74076,1.291675,20.0,1,14526,1,1,0,0,1,0,0,0,0,0,0,0,0,1
2956,14,66e444d31237543a,0.971358,20.0,1,14404,1,1,0,0,1,0,0,0,0,0,0,0,0,1
2957,14,083929f1728e2e3f,0.729745,20.0,1,14491,1,1,0,0,1,0,0,0,0,0,0,0,0,0
2958,14,b8b8de59a45f75a1,0.54823,20.0,1,14396,1,1,0,0,1,0,0,0,0,0,0,0,0,1
2959,14,2ca76177b0dcbac0,0.411865,20.0,1,14232,1,1,0,0,0,0,0,0,0,0,0,0,0,1
2960,14,31b790fb0b394e67,1.353879,18.758482,1,14273,1,0,0,0,1,0,0,0,0,0,0,0,0,0
2961,14,d6edd737e89f7c4e,2.060772,20.0,1,14367,2,1,0,0,1,0,0,0,0,0,0,0,0,1
2962,14,e99b8dfa257dd66d,1.548181,20.0,1,14357,1,1,0,0,1,0,0,0,0,0,0,0,0,1
2963,14,604072e6f4b7228b,1.164254,20.0,1,14185,1,1,0,0,1,0,0,0,0,0,0,0,0,1
2964,14,bf8fb807718a26a5,0.874661,18.094783,0,14194,1,1,0,0,0,0,0,0,0,0,0,0,0,0
2965,14,d43d58aa21b266a0,1.700753,20.0,1,14197,1,0,0,0,1,0,0,0,0,0,0,0,0,1
2966,14,4ee8f94e2b4bc610,1.277712,18.918511,1,14117,1,1,0,0,1,0,0,0,0,0,0,0,0,0
2967,15,1fd48474a6be9a50,0.960858,20.0,1,14024,1,1,0,0,1,0,0,0,0,0,0,0,0,1
2968,15,40ab05863d40ab6a,0.721857,20.0,1,14037,1,1,0,0,1,0,0,0,0,0,0,0,0,1
2969,15,9fa3e60e300cac94,1.585957,20.0,1,14256,2,1,0,0,1,0,0,0,0,0,0,0,0,1
2970,15,9522afc9eb92ebd2,2.236813,18.155992,0,14179,1,0,0,0,0,0,0,0,0,0,0,0,0,0
2971,15,0fba0eaa5e567fe1,1.680434,20.0,1,14037,1,1,0,0,1,0,0,0,0,0,0,0,0,1
2972,15,8f9f8c22e25048df,1.262447,15.474212,0,13962,1,1,0,0,0,0,0,0,0,0,0,0,0,0
2973,15,025aca0c2fc547cd,1.992083,18.582886,1,13991,1,0,0,0,1,0,0,0,0,0,0,0,0,1
2974,15,ea7305c3d0c4eb0e,1.498075,17.455097,1,13951,1,1,0,0,1,0,0,0,0,0,0,0,0,0
2975,15,b3bc2710b036c5b2,1.125447,20.0,1,13832,1,1,0,0,1,0,0,0,0,0,0,0,0,1
2976,15,3c254a4fca255c07,0.845507,20.0,1,14097,1,1,0,0,1,0,0,0,0,0,0,0,0,1
2977,15,7fb0256f65ce4ff6,0.635833,20.0,1,13964,1,1,0,0,1,0,0,0,0,0,0,0,0,0
2978,15,a69e89495c03d18a,1.521331,18.543259,1,13937,1,0,0,0,0,0,0,0,0,0,0,0,0,1
2979,15,ba87dd4319678e85,1.142919,17.409702,1,14013,1,1,0,0,1,0,0,0,0,0,0,0,0,0
2980,15,3e895dd2e76d3ae9,0.858632,20.0,1,13924,1,1,0,0,1,0,0,0,0,0,0,0,0,1
2981,15,5bfa9aaebee05047,0.645704,18.548571,1,13922,1,1,0,0,1,0,0,0,0,0,0,0,0,0
2982,15,ca3938afd42b6b51,2.5724,17.413693,1,14133,2,0,0,0,0,0,0,0,0,0,0,0,0,1
2983,15,3840b1179d01d5ca,0.888894,20.0,1,14068,0,1,0,0,1,0,0,0,0,0,0,0,0,1
2984,15,3ad00a257add4750,1.712612,20.0,1,13861,2,1,0,0,1,0,0,0,0,0,0,0,0,1
2985,15,715e21df0f1ac6b8,1.286621,20.0,1,14011,1,1,0,0,1,0,0,0,0,0,0,0,0,1
2986,15,ab882b57d80326bc,2.010244,17.661434,0,13970,1,0,0,0,0,0,0,0,0,0,0,0,0,0
2987,15,de121b1615b372cf,1.510221,20.0,1,14084,1,1,0,0,1,0,0,0,0,0,0,0,0,1
2988,15,0469b68beb7ba893,1.135708,20.0,1,13802,1,1,0,0,1,0,0,0,0,0,0,0,0,1
2989,15,77ed09b9b5fdd2d5,2.940521,20.0,1,14250,2,0,0,0,0,0,0,0,0,0,0,0,0,1
2990,15,f528f75252723e1c,2.209104,20.0,1,14038,1,1,0,0,1,0,0,0,0,0,0,0,0,1
2991,15,c2f4dc060312be30,1.661278,20.0,1,13836,1,1,0,0,1,0,0,0,0,0,0,0,0,0
2992,15,f6d7570dbe7171fa,1.248056,20.0,1,13929,1,1,0,0,1,0,0,0,0,0,0,0,0,1
2993,15,50afc0b225fbdddd,0.937618,20.0,1,14036,1,1,0,0,0,0,0,0,0,0,0,0,0,1
2994,15,77cb534e4dd68f47,2.791704,20.0,1,13990,2,0,0,0,1,0,0,0,0,0,0,0,0,1
2995,15,03a072c123c7f460,2.099401,20.0,1,13990,1,1,0,0,1,0,0,0,0,0,0,0,0,0
2996,15,40a0b4653c2b8b16,1.577202,20.0,1,13835,1,1,0,0,1,0,0,0,0,0,0,0,0,1
2997,15,8ced9c6091029967,1.184893,20.0,1,14173,1,1,0,0,1,0,0,0,0,0,0,0,0,1
2998,15,674cb12ba4ef8cda,1.935207,17.667339,0,13850,1,0,0,0,0,0,0,0,0,0,0,0,0,0
2999,15,d57b64595e7c32ad,1.453848,20.0,1,13914,1,1,0,0,1,0,0,0,0,0,0,0,0,1
3000,15,5b15648740495c29,1.092222,18.677263,1,13936,1,1,0,0,1,0,0,0,0,0,0,0,0,0
3001,15,d02881b065edd25a,1.864199,20.0,1,13861,2,1,0,0,1,0,0,0,0,0,0,0,0,1
3002,15,8c5cd90f2f3554f9,2.446055,19.264693,1,13964,1,0,0,0,0,0,0,0,0,0,0,0,0,1
3003,15,125a99079cc63c13,1.837629,20.0,1,13841,1,1,0,0,1,0,0,0,0,0,0,0,0,1
3004,15,cee6b3b43fe920fb,1.380542,19.578803,1,13928,1,1,0,0,1,0,0,0,0,0,0,0,0,0
3005,15,6bada9fe2074d6a7,1.038187,18.20404,1,13926,1,1,0,0,0,0,0,0,0,0,0,0,0,1
3006,15,38f85d6f46b140c3,1.823605,17.15486,1,14085,1,0,0,0,1,0,0,0,0,0,0,0,0,0
3007,15,a99b557064d4186e,1.370006,19.845494,1,13705,1,1,0,0,1,0,0,0,0,0,0,0,0,1
3008,15,9ecd2712fd28056d,2.072888,14.909178,0,13976,1,0,0,0,0,0,0,0,0,0,0,0,0,0
3009,15,89ffbeb061e11906,1.558841,18.172917,1,13885,1,1,0,0,1,0,0,0,0,0,0,0,0,1
3010,15,a7c6ed1d7669abc7,3.258406,17.131478,1,13796,2,0,0,0,0,0,0,0,0,0,0,0,0,1
3011,15,3c5e49259495a702,2.447918,16.349084,1,13627,1,1,0,0,1,0,0,0,0,0,0,0,0,0
3012,15,63474c69cea9e4c0,2.88502,15.775246,1,13553,1,0,0,0,0,0,0,0,0,0,0,0,0,1
3013,15,502cf3540f440fbe,2.167408,15.330197,1,13398,1,1,0,0,1,0,0,0,0,0,0,0,0,0
3014,15,db8c39d1373b46de,1.628292,18.474693,1,13748,1,1,0,0,1,0,0,0,0,0,0,0,0,1
3015,15,b17313cb737f1e46,1.223275,13.879346,0,13655,1,1,0,0,0,0,0,0,0,0,0,0,0,0
3016,15,19c11f632c69c6c4,1.964071,17.398469,1,13694,1,0,0,0,1,0,0,0,0,0,0,0,0,1
3017,15,cbc36d5012b87d36,1.475533,16.549664,1,13769,1,1,0,0,1,0,0,0,0,0,0,0,0,0
3018,15,b799e14e5305a1e6,1.108513,15.911989,1,13618,1,1,0,0,0,0,0,0,0,0,0,0,0,1
3019,15,25fcaf4ca2336b70,1.877768,15.446544,1,13499,1,0,0,0,1,0,0,0,0,0,0,0,0,0
3020,15,34a01f1a926d62ee,1.410697,18.5621,1,13793,1,1,0,0,1,0,0,0,0,0,0,0,0,1
3021,15,e7131b20cedfd302,2.103457,20.0,1,13593,2,1,0,0,1,0,0,0,0,0,0,0,0,1
3022,15,dac5bd03db63857b,2.623902,15.703418,0,13670,1,0,0,0,0,0,0,0,0,0,0,0,0,0
3023,15,43a7fa487e108dda,1.973212,18.770197,1,13737,1,1,0,0,1,0,0,0,0,0,0,0,0,1
3024,15,21142fb0a9b2eb84,1.4824,17.580192,1,13936,1,1,0,0,1,0,0,0,0,0,0,0,0,0
3025,15,22d2dc4a6ea0e5a4,1.113672,20.0,1,14757,1,1,0,0,1,0,0,0,0,0,0,0,0,1
3026,15,6e004cff58a1b573,1.881648,15.16439,0,14561,1,0,0,0,0,0,0,0,0,0,0,0,0,0
3027,15,ef8cd9766666d65a,1.413612,18.350128,1,16051,1,1,0,0,1,0,0,0,0,0,0,0,0,1
3028,15,d8ce71d66670d86e,2.105647,20.0,1,15760,2,1,0,0,1,0,0,0,0,0,0,0,0,1
3029,15,5f2a9542e98da3f4,1.581894,19.062626,1,15306,1,1,0,0,0,0,0,0,0,0,0,0,0,1
3030,15,dbeb688fd72b339e,2.233757,20.0,1,14977,1,0,0,0,1,0,0,0,0,0,0,0,0,1
3031,15,5de6d0c0c72d6e2f,1.678138,19.478011,1,14809,1,1,0,0,1,0,0,0,0,0,0,0,0,0
3032,15,03378377b90b7572,2.304376,20.0,1,14656,2,1,0,0,1,0,0,0,0,0,0,0,0,1
3033,15,84082a5cd95bdd8a,1.732924,20.0,1,15327,1,1,0,0,1,0,0,0,0,0,0,0,0,1
3034,15,14223007fd6c0393,2.345534,20.0,1,15070,1,0,0,0,0,0,0,0,0,0,0,0,0,1
3035,15,668038cb2d01cc48,1.762112,20.0,1,14999,1,1,0,0,1,0,0,0,0,0,0,0,0,1
3036,15,3e9d9382550212d4,1.323809,20.0,1,14762,1,1,0,0,1,0,0,0,0,0,0,0,0,0
3037,15,13706af309de365d,2.039674,20.0,1,14488,2,1,0,0,1,0,0,0,0,0,0,0,0,1
3038,15,21007bacaaf915ef,2.575984,20.0,1,14286,1,0,0,0,0,0,0,0,0,0,0,0,0,1
3039,15,7f3a8422381d83f8,1.93524,20.0,1,13836,1,1,0,0,1,0,0,0,0,0,0,0,0,1
3040,15,791c0deb857f38af,1.455328,20.0,1,13637,1,1,0,0,1,0,0,0,0,0,0,0,0,1
3041,15,37a704e0b2bc36de,1.093334,20.0,1,13483,1,1,0,0,1,0,0,0,0,0,0,0,0,0
3042,15,58128419f046960f,1.865034,19.444878,1,13725,1,0,0,0,0,0,0,0,0,0,0,0,0,1
3043,15,06a9f725091a8fde,2.444784,20.0,1,13949,2,1,0,0,1,0,0,0,0,0,0,0,0,1
3044,15,7c34306e5dcc6ea1,1.838512,20.0,1,13900,1,1,0,0,1,0,0,0,0,0,0,0,0,1
3045,15,32d96cdba0f5c9bd,2.424859,17.413416,0,13923,1,0,0,0,0,0,0,0,0,0,0,0,0,0
3046,15,e0359699e27890d7,1.821706,20.0,1,13838,1,1,0,0,1,0,0,0,0,0,0,0,0,1
3047,15,3800620ed8469b87,1.369949,18.55067,1,13869,1,1,0,0,1,0,0,0,0,0,0,0,0,0
3048,15,ccb57bc635739759,3.116498,17.415269,1,13738,2,0,0,0,0,0,0,0,0,0,0,0,0,1
3049,15,21eec37f5be9e882,2.341308,20.0,1,13895,1,1,0,0,1,0,0,0,0,0,0,0,0,1
3050,15,61e61485a76b2386,1.758938,20.0,1,13765,1,1,0,0,1,0,0,0,0,0,0,0,0,1
3051,15,8a4afcfbd6566a4c,2.366897,16.554722,0,13659,1,0,0,0,0,0,0,0,0,0,0,0,0,0
3052,15,cdcb883470c001fa,1.778161,19.394633,1,13810,1,1,0,0,1,0,0,0,0,0,0,0,0,1
3053,15,56c639718db06aa8,2.379519,14.570463,0,13946,1,0,0,0,0,0,0,0,0,0,0,0,0,0
3054,15,3fc1c515ce24ca31,1.789432,17.918199,1,13723,1,1,0,0,1,0,0,0,0,0,0,0,0,1
3055,15,cd8012c2dd597409,2.387987,13.461273,0,13715,1,0,0,0,0,0,0,0,0,0,0,0,0,0
3056,15,09cfeb9a9909a9df,2.837659,17.07064,1,13844,2,1,0,0,1,0,0,0,0,0,0,0,0,1
3057,15,ba0eb5cfa90684ca,2.131827,12.824534,0,13758,0,0,0,0,0,0,0,0,0,0,0,0,0,0
3058,15,54cc31ce3b41f302,2.647315,16.605236,1,13659,2,1,0,0,1,0,0,0,0,0,0,0,0,1
3059,15,f7b9f8577c976078,1.988829,15.953737,1,13584,1,1,0,0,0,0,0,0,0,0,0,0,0,1
3060,15,e1dca6c9ba827098,2.537786,15.464291,1,13517,1,0,0,0,1,0,0,0,0,0,0,0,0,0
3061,15,459b2283334b652a,1.908451,18.590371,1,13619,1,1,0,0,1,0,0,0,0,0,0,0,0,1
3062,15,c6d7bc0c62737249,0.390095,13.96625,0,13671,0,1,0,0,0,0,0,0,0,0,0,0,0,0
3063,15,8e9f54945efe6f51,1.336717,13.971166,1,13741,1,0,0,0,1,0,0,0,0,0,0,0,0,0
3064,15,1570d2c8255f357e,2.047879,17.453704,1,13631,2,1,0,0,1,0,0,0,0,0,0,0,0,1
3065,15,15a41a30302924d5,1.540034,20.0,1,13682,1,1,0,0,1,0,0,0,0,0,0,0,0,1
3066,15,e03d13f6db2fafe4,1.15697,18.569034,1,15008,1,1,0,0,0,0,0,0,0,0,0,0,0,1
3067,15,7b445bfe8606c025,1.912842,20.0,1,14953,1,0,0,0,1,0,0,0,0,0,0,0,0,1
3068,15,bb4e75ae2d42c9d9,1.438484,19.203548,1,14739,1,1,0,0,1,0,0,0,0,0,0,0,0,0
3069,15,c39bcf587bd7204d,1.080679,17.905752,1,16020,1,1,0,0,1,0,0,0,0,0,0,0,0,0
3070,15,9e8787f2b3ae748e,1.855527,20.0,1,16099,2,1,0,0,1,0,0,0,0,0,0,0,0,1
3071,15,bd85770e8cf72e14,1.393988,20.0,1,15821,1,1,0,0,1,0,0,0,0,0,0,0,0,1
3072,15,ac8bd1951d545e47,2.09245,20.0,1,15681,1,0,0,0,0,0,0,0,0,0,0,0,0,1
3073,15,ace583561ef0057a,1.571979,18.686955,1,15675,1,1,0,0,1,0,0,0,0,0,0,0,0,0
3074,15,20fb211f50fdb34f,1.180969,20.0,1,15431,1,1,0,0,1,0,0,0,0,0,0,0,0,1
3075,15,b9f1b35253411443,1.932256,20.0,1,15602,2,1,0,0,1,0,0,0,0,0,0,0,0,1
3076,15,c811136815ce45f6,1.451632,20.0,1,15395,1,1,0,0,1,0,0,0,0,0,0,0,0,0
3077,15,0e3e04007c6ca9ac,1.090557,20.0,1,15377,1,1,0,0,1,0,0,0,0,0,0,0,0,1
3078,15,2b1e7bfbcc593369,0.819294,16.836991,0,15333,1,1,0,0,0,0,0,0,0,0,0,0,0,0
3079,15,ccb1f16f23afe350,1.660272,19.62266,1,15245,1,0,0,0,1,0,0,0,0,0,0,0,0,1
3080,15,54ef4a352c0eeff9,1.2473,18.220616,1,15377,1,1,0,0,1,0,0,0,0,0,0,0,0,0
3081,15,b09a26b2455e66f2,0.93705,20.0,1,14461,1,1,0,0,1,0,0,0,0,0,0,0,0,1
3082,15,416c8404bdbc495c,1.748825,20.0,1,14064,2,1,0,0,1,0,0,0,0,0,0,0,0,1
3083,15,c4e064aac7f7d4dd,1.313827,20.0,1,14092,1,1,0,0,0,0,0,0,0,0,0,0,0,1
3084,15,fd9ee34ddd68ef69,2.030683,18.784049,1,14071,1,0,0,0,1,0,0,0,0,0,0,0,0,0
3085,15,9dead88d1c62fb5e,1.525576,20.0,1,14027,1,1,0,0,1,0,0,0,0,0,0,0,0,1
3086,15,8599ce73076271fb,1.147255,19.325023,1,14082,1,1,0,0,1,0,0,0,0,0,0,0,0,0
3087,15,b090d1aa2066674d,1.905543,17.997012,1,14092,1,0,0,0,0,0,0,0,0,0,0,0,0,1
3088,15,5dff536d40476d17,1.431563,20.0,1,14072,1,1,0,0,1,0,0,0,0,0,0,0,0,1
3089,15,80a0023ee18c8a09,2.120706,18.880379,1,14055,2,1,0,0,0,0,0,0,0,0,0,0,0,1
3090,15,49d29a84ee54fe35,2.636861,17.662967,1,14249,1,0,0,0,1,0,0,0,0,0,0,0,0,0
3091,15,3499199e5e901e82,1.980975,20.0,1,14223,1,1,0,0,1,0,0,0,0,0,0,0,0,1
3092,15,59a3dbd2d60eb725,1.488232,18.674796,1,14215,1,1,0,0,0,0,0,0,0,0,0,0,0,1
3093,15,3d1be909c358c64e,2.163323,17.524214,1,14252,1,0,0,0,1,0,0,0,0,0,0,0,0,0
3094,15,a846ec016aa1b72e,1.625223,20.0,1,14183,1,1,0,0,1,0,0,0,0,0,0,0,0,1
3095,15,fe20b35f9dfa53c7,3.308276,18.596484,1,14124,2,0,0,0,0,0,0,0,0,0,0,0,0,1
3096,15,805d63cbfb5d2e79,2.487871,17.465323,1,14197,1,1,0,0,1,0,0,0,0,0,0,0,0,0
3097,15,038ae13902d88473,2.912698,16.599889,1,14297,1,0,0,0,0,0,0,0,0,0,0,0,0,1
3098,15,148ace24a496fcba,2.188201,19.428565,1,14456,1,1,0,0,1,0,0,0,0,0,0,0,0,1
3099,15,57be5de0b9e27a37,3.73122,18.074799,1,14470,2,0,0,0,0,0,0,0,0,0,0,0,0,1
3100,15,ba8fda7bf13a4311,2.805931,20.0,1,14579,1,1,0,0,1,0,0,0,0,0,0,0,0,1
3101,15,56897ab5b0bd8de4,2.107991,18.919928,1,14642,1,1,0,0,1,0,0,0,0,0,0,0,0,0
3102,15,3f7c2b2bd62673de,2.627308,17.692679,1,14496,1,0,0,0,0,0,0,0,0,0,0,0,0,1
3103,15,fe65623477ac640e,1.975773,16.785649,1,14168,1,1,0,0,1,0,0,0,0,0,0,0,0,0
3104,15,f42d22f2d800fd8f,1.484325,19.568119,1,14289,1,1,0,0,1,0,0,0,0,0,0,0,0,1
3105,15,2bb4637e82e940d1,2.158771,14.700797,0,14292,1,0,0,0,0,0,0,0,0,0,0,0,0,0
3106,15,5fc0f1e339fdb7ef,1.621804,18.001848,1,14371,1,1,0,0,1,0,0,0,0,0,0,0,0,1
3107,15,ce83cb66a43427ae,1.21962,17.018148,1,14225,1,1,0,0,1,0,0,0,0,0,0,0,0,0
3108,15,352bbe27e246a412,0.916255,19.742787,1,14241,1,1,0,0,1,0,0,0,0,0,0,0,0,1
3109,15,3007bd0bd9d17000,0.688348,18.310863,1,17987,1,1,0,0,1,0,0,0,0,0,0,0,0,0
3110,15,f096d128564abd28,2.605948,17.250531,1,17159,2,0,0,0,0,0,0,0,0,0,0,0,0,1
3111,15,1401a21573e2840d,1.957752,19.917368,1,17830,1,1,0,0,1,0,0,0,0,0,0,0,0,1
3112,15,943bdc8303d053ed,1.470786,18.442019,1,17672,1,1,0,0,1,0,0,0,0,0,0,0,0,0
3113,15,a0c4dbeb118fe56e,2.1486,20.0,1,17506,2,1,0,0,1,0,0,0,0,0,0,0,0,1
3114,15,f924a3e491d9fb1a,1.615778,20.0,1,15811,1,1,0,0,1,0,0,0,0,0,0,0,0,1
3115,15,f675805ae37b3a36,2.257527,20.0,1,14385,2,1,0,0,1,0,0,0,0,0,0,0,0,1
3116,15,02f9ff4a30ae8a14,1.695995,17.989328,0,14496,1,1,0,0,0,0,0,0,0,0,0,0,0,0
3117,15,fa68e0d8689dea18,2.319563,20.0,1,14340,1,0,0,0,1,0,0,0,0,0,0,0,0,1
3118,15,e39e68fe3ec3f606,1.742601,20.0,1,14583,1,1,0,0,1,0,0,0,0,0,0,0,0,1
3119,15,a6ae548ba0c30a6f,1.309151,20.0,1,14617,1,1,0,0,1,0,0,0,0,0,0,0,0,0
3120,15,ed7932b11ea03cc9,0.983516,20.0,1,14397,1,1,0,0,1,0,0,0,0,0,0,0,0,1
3121,15,eedd3568b933b4e3,0.739618,20.0,1,14632,1,1,0,0,1,0,0,0,0,0,0,0,0,1
3122,15,e43d8ede91f66ca7,1.599301,20.0,1,15419,2,1,0,0,1,0,0,0,0,0,0,0,0,1
3123,15,ccb456cb1e9abb40,2.245148,20.0,1,15363,1,0,0,0,0,0,0,0,0,0,0,0,0,1
3124,15,a6d0f36b3ac280c0,1.688384,20.0,1,15367,1,1,0,0,1,0,0,0,0,0,0,0,0,0
3125,15,c97570238b251a6b,2.312073,20.0,1,15225,2,1,0,0,1,0,0,0,0,0,0,0,0,1
3126,15,0bc41efbdb44d63c,1.736974,20.0,1,16227,1,1,0,0,1,0,0,0,0,0,0,0,0,1
3127,15,dffe92475bee6de3,2.348577,20.0,1,16514,1,0,0,0,0,0,0,0,0,0,0,0,0,1
3128,15,259a9b23905cad13,1.766163,19.377903,1,16377,1,1,0,0,1,0,0,0,0,0,0,0,0,0
3129,15,00f3872e5e664235,1.326852,20.0,1,16325,1,1,0,0,1,0,0,0,0,0,0,0,0,1
3130,15,389f1fcc64b09151,2.040468,20.0,1,16141,2,1,0,0,1,0,0,0,0,0,0,0,0,1
3131,15,8a4eaac021814533,1.534461,20.0,1,16089,1,1,0,0,0,0,0,0,0,0,0,0,0,1
3132,15,abcc760ce1543bd4,2.196437,19.156366,1,16786,1,0,0,0,1,0,0,0,0,0,0,0,0,0
3133,15,c9f855a795cc6e7e,2.693754,20.0,1,16440,2,1,0,0,1,0,0,0,0,0,0,0,0,1
3134,15,831632d4be8045c4,2.023717,20.0,1,16430,1,1,0,0,1,0,0,0,0,0,0,0,0,1
3135,15,0fd67acf47c249a9,1.521864,20.0,1,16257,1,1,0,0,0,0,0,0,0,0,0,0,0,1
3136,15,ef000335a7f2d146,2.186973,20.0,1,16059,1,0,0,0,1,0,0,0,0,0,0,0,0,1
3137,15,840c33b66397ffa2,2.686644,20.0,1,15969,2,1,0,0,1,0,0,0,0,0,0,0,0,0
3138,15,e6d1ead99b55320b,2.020395,20.0,1,15078,1,1,0,0,1,0,0,0,0,0,0,0,0,1
3139,15,aaf93df6c210670b,2.5615,20.0,1,14562,1,0,0,0,0,0,0,0,0,0,0,0,0,1
3140,15,6c7aa819fe4a3f21,1.924359,18.692629,1,14570,1,1,0,0,1,0,0,0,0,0,0,0,0,0
3141,15,470598f10329b9c8,2.489353,17.521918,1,14777,1,0,0,0,0,0,0,0,0,0,0,0,0,1
3142,16,1fd48474a6be9a50,2.916179,20.0,1,14079,2,1,0,0,1,0,0,0,0,0,0,0,0,1
3143,16,40ab05863d40ab6a,1.147163,18.607573,1,14123,0,1,0,0,1,0,0,0,0,0,0,0,0,0
3144,16,9fa3e60e300cac94,2.949127,17.458018,1,14172,2,0,0,0,0,0,0,0,0,0,0,0,0,1
3145,16,9522afc9eb92ebd2,2.217786,20.0,1,14150,1,1,0,0,1,0,0,0,0,0,0,0,0,1
3146,16,0fba0eaa5e567fe1,0.622486,18.571471,1,14039,0,1,0,0,1,0,0,0,0,0,0,0,0,0
3147,16,8f9f8c22e25048df,1.511304,17.430897,1,13938,2,1,0,0,0,0,0,0,0,0,0,0,0,1
3148,16,025aca0c2fc547cd,2.17904,20.0,1,14003,1,0,0,0,1,0,0,0,0,0,0,0,0,1
3149,16,ea7305c3d0c4eb0e,1.638669,20.0,1,13768,1,1,0,0,1,0,0,0,0,0,0,0,0,1
3150,16,b3bc2710b036c5b2,1.231071,20.0,1,14020,1,1,0,0,1,0,0,0,0,0,0,0,0,0
3151,16,3c254a4fca255c07,1.968511,18.532239,1,13957,1,0,0,0,0,0,0,0,0,0,0,0,0,1
3152,16,7fb0256f65ce4ff6,1.480348,20.0,1,14005,1,1,0,0,1,0,0,0,0,0,0,0,0,1
3153,16,a69e89495c03d18a,1.11213,19.178363,1,14111,1,1,0,0,1,0,0,0,0,0,0,0,0,0
3154,16,ba87dd4319678e85,0.835502,20.0,1,14091,1,1,0,0,1,0,0,0,0,0,0,0,0,1
3155,16,3e895dd2e76d3ae9,1.671335,16.051234,0,13875,1,0,0,0,0,0,0,0,0,0,0,0,0,0
3156,16,5bfa9aaebee05047,1.256867,19.03176,1,13947,1,1,0,0,1,0,0,0,0,0,0,0,0,1
3157,16,ca3938afd42b6b51,0.944238,20.0,1,13946,1,1,0,0,1,0,0,0,0,0,0,0,0,1
3158,16,3840b1179d01d5ca,1.753024,20.0,1,14016,2,1,0,0,1,0,0,0,0,0,0,0,0,1
3159,16,3ad00a257add4750,2.362449,17.240815,0,13980,1,0,0,0,0,0,0,0,0,0,0,0,0,0
3160,16,715e21df0f1ac6b8,1.77482,19.910069,1,14086,1,1,0,0,1,0,0,0,0,0,0,0,0,1
3161,16,ab882b57d80326bc,1.333356,20.0,1,13966,1,1,0,0,1,0,0,0,0,0,0,0,0,1
3162,16,de121b1615b372cf,1.0017,20.0,1,14139,1,1,0,0,1,0,0,0,0,0,0,0,0,1
3163,16,0469b68beb7ba893,2.841594,20.0,1,13909,2,0,0,0,0,0,0,0,0,0,0,0,0,1
3164,16,77ed09b9b5fdd2d5,2.134783,19.326053,1,13922,1,1,0,0,1,0,0,0,0,0,0,0,0,0
3165,16,f528f75252723e1c,1.603783,20.0,1,14066,1,1,0,0,1,0,0,0,0,0,0,0,0,1
3166,16,c2f4dc060312be30,1.206068,20.0,1,13820,1,1,0,0,1,0,0,0,0,0,0,0,0,1
3167,16,f6d7570dbe7171fa,1.949727,20.0,1,13861,1,0,0,0,0,0,0,0,0,0,0,0,0,1
3168,16,50afc0b225fbdddd,2.50841,20.0,1,14115,2,1,0,0,1,0,0,0,0,0,0,0,0,1
3169,16,77cb534e4dd68f47,1.884475,20.0,1,14138,1,1,0,0,1,0,0,0,0,0,0,0,0,0
3170,16,03a072c123c7f460,2.461302,18.873429,1,13898,1,0,0,0,0,0,0,0,0,0,0,0,0,1
3171,16,40a0b4653c2b8b16,1.849085,17.657746,1,13958,1,1,0,0,1,0,0,0,0,0,0,0,0,0
3172,16,8ced9c6091029967,1.389148,20.0,1,14109,1,1,0,0,1,0,0,0,0,0,0,0,0,1
3173,16,f446b42f744adfb3,2.08881,18.688707,1,13907,1,0,0,0,0,0,0,0,0,0,0,0,0,1
3174,16,ffdd19bd8ebe00f5,1.569245,20.0,1,13917,1,1,0,0,1,0,0,0,0,0,0,0,0,1
3175,16,b9666f9e7129180f,2.222568,20.0,1,13735,2,1,0,0,1,0,0,0,0,0,0,0,0,1
3176,16,826bb28746b5aff3,1.669732,17.078125,0,14041,1,1,0,0,0,0,0,0,0,0,0,0,0,0
3177,16,3c2e28f559cf9803,2.299813,19.803997,1,13835,1,0,0,0,1,0,0,0,0,0,0,0,0,1
3178,16,f896a9eeacd54b0b,1.727764,20.0,1,13990,1,1,0,0,1,0,0,0,0,0,0,0,0,1
3179,16,7e91fafbe2aeffcf,2.341658,20.0,1,13844,2,1,0,0,1,0,0,0,0,0,0,0,0,1
3180,16,23f5c9c20ef02c3c,2.80511,20.0,1,13891,1,0,0,0,0,0,0,0,0,0,0,0,0,1
3181,16,9d0a03a46f7fd20e,2.107375,19.292231,1,13922,1,1,0,0,1,0,0,0,0,0,0,0,0,0
3182,16,5056e413ae2ebdf0,1.583192,17.972377,1,13837,1,1,0,0,0,0,0,0,0,0,0,0,0,1
3183,16,b775466fa0289f2b,2.233046,20.0,1,13975,1,0,0,0,1,0,0,0,0,0,0,0,0,1
3184,16,6f4f567e5c6b8e3b,2.723433,15.385959,0,13895,1,0,0,0,0,0,0,0,0,0,0,0,0,0
3185,16,16b00bbf7832de8e,2.046013,18.516585,1,13956,1,1,0,0,1,0,0,0,0,0,0,0,0,1
3186,16,eeaf163d875ae366,2.580747,20.0,1,13857,2,1,0,0,1,0,0,0,0,0,0,0,0,1
3187,16,5bfc1ccc40285748,2.984909,15.693415,0,13642,1,0,0,0,0,0,0,0,0,0,0,0,0,0
3188,16,80df90f9e2b88b1a,2.24245,18.747565,1,13756,1,1,0,0,1,0,0,0,0,0,0,0,0,1
3189,16,0d5de1f2b9e4d1d0,1.684669,17.563189,1,14012,1,1,0,0,1,0,0,0,0,0,0,0,0,0
3190,16,0e8463cb0cb91196,2.309282,16.673412,1,13803,1,0,0,0,0,0,0,0,0,0,0,0,0,1
3191,16,175b64759bdce0b6,1.736613,16.019145,1,13942,1,1,0,0,1,0,0,0,0,0,0,0,0,0
3192,16,85a86af45c9b4375,1.304653,15.513429,1,13752,1,1,0,0,0,0,0,0,0,0,0,0,0,1
3193,16,6a8f80fa2f22e0af,2.02379,15.133504,1,13912,1,0,0,0,1,0,0,0,0,0,0,0,0,0
3194,16,2d0439d833f0e29e,1.521919,18.341614,1,13829,1,1,0,0,1,0,0,0,0,0,0,0,0,1
3195,16,0602be642191006c,1.143361,17.258214,1,13935,1,1,0,0,1,0,0,0,0,0,0,0,0,0
3196,16,3f5bb5e574555075,0.858964,19.92314,1,13877,1,1,0,0,1,0,0,0,0,0,0,0,0,1
3197,16,12459c354315abb2,1.688961,18.446355,1,13895,1,0,0,0,0,0,0,0,0,0,0,0,0,1
3198,16,76647cf605cb42c1,1.270123,17.352423,1,14227,1,1,0,0,1,0,0,0,0,0,0,0,0,0
3199,16,d46d747cb5ad305b,1.997849,19.993916,1,14229,2,1,0,0,1,0,0,0,0,0,0,0,0,1
3200,16,8190a794178db729,2.544563,18.499526,1,14378,1,0,0,0,0,0,0,0,0,0,0,0,0,1
3201,16,b19e174a187f6522,1.913547,17.392409,1,14301,1,1,0,0,1,0,0,0,0,0,0,0,0,0
3202,16,3c7e33bbe18d0697,1.437577,20.0,1,15188,1,1,0,0,1,0,0,0,0,0,0,0,0,1
3203,16,2c53cd7b3e3c9d33,1.079998,20.0,1,15629,1,1,0,0,1,0,0,0,0,0,0,0,0,1
3204,16,7af1ae3630f1fca0,2.898669,20.0,1,15696,2,0,0,0,0,0,0,0,0,0,0,0,0,1
3205,16,cac42ec0c0a0a276,2.17984,20.0,1,15759,1,1,0,0,1,0,0,0,0,0,0,0,0,1
3206,16,4655d56bbed133f7,2.681286,20.0,1,15968,2,1,0,0,1,0,0,0,0,0,0,0,0,1
3207,16,33f293def37d0b11,2.01435,20.0,1,15950,1,1,0,0,1,0,0,0,0,0,0,0,0,0
3208,16,52cb31545891f93b,1.51482,19.367882,1,16161,1,1,0,0,0,0,0,0,0,0,0,0,0,1
3209,16,facdbe30f468fd73,3.225334,20.0,1,15975,2,0,0,0,1,0,0,0,0,0,0,0,0,1
3210,16,83c713bcef5eb287,2.423073,20.0,1,15848,1,1,0,0,1,0,0,0,0,0,0,0,0,1
3211,16,6621a1c0595f7288,2.864017,20.0,1,15995,2,1,0,0,1,0,0,0,0,0,0,0,0,1
3212,16,886886b92d82b51f,2.153782,20.0,1,15712,1,1,0,0,1,0,0,0,0,0,0,0,0,1
3213,16,b0dfbbb5fb56420e,1.618056,20.0,1,15775,1,1,0,0,1,0,0,0,0,0,0,0,0,0
3214,16,5835e4f1b2ff916f,2.259238,20.0,1,14752,2,1,0,0,1,0,0,0,0,0,0,0,0,1
3215,16,220cb56b1ed34baf,2.74313,20.0,1,13637,1,0,0,0,0,0,0,0,0,0,0,0,0,1
3216,16,0d5a582bcc77719e,3.104464,20.0,1,13752,2,1,0,0,1,0,0,0,0,0,0,0,0,1
3217,16,091a9d9146c3d469,2.332268,20.0,1,13992,1,1,0,0,1,0,0,0,0,0,0,0,0,1
3218,16,06dd375cc76bd6b1,2.795799,18.226187,0,14084,1,0,0,0,0,0,0,0,0,0,0,0,0,0
3219,16,f7a567ab5c7b1181,2.102481,20.0,1,13838,1,1,0,0,1,0,0,0,0,0,0,0,0,1
3220,16,c82e482e237d3500,1.579515,20.0,1,14296,1,1,0,0,1,0,0,0,0,0,0,0,0,1
3221,16,57f7b78afe3fd5e5,1.186631,20.0,1,13917,1,1,0,0,1,0,0,0,0,0,0,0,0,0
3222,16,23e30ccd1ad72704,1.936514,18.799378,1,14026,2,1,0,0,0,0,0,0,0,0,0,0,0,1
3223,16,9394c5a40e9ca133,2.498484,20.0,1,14179,1,0,0,0,1,0,0,0,0,0,0,0,0,1
3224,16,ae433f3eff5f9b97,1.877017,20.0,1,13975,1,1,0,0,1,0,0,0,0,0,0,0,0,1
3225,16,352e8ad80db98458,2.453786,17.12505,0,14167,1,0,0,0,0,0,0,0,0,0,0,0,0,0
3226,16,6362bc5a97284856,1.845282,19.839285,1,14027,1,1,0,0,1,0,0,0,0,0,0,0,0,1
3227,16,56060daa06a6c497,2.429945,14.904513,0,14147,1,0,0,0,0,0,0,0,0,0,0,0,0,0
3228,16,5d3490b46de9339b,1.825527,18.154893,1,14104,1,1,0,0,1,0,0,0,0,0,0,0,0,1
3229,16,118be8bdc96ac01d,1.372822,17.13324,1,14191,1,1,0,0,0,0,0,0,0,0,0,0,0,1
3230,16,3cc4cac73c71ac36,2.075003,16.350407,1,14124,1,0,0,0,1,0,0,0,0,0,0,0,0,0
3231,16,c1f41b7c4c6141b3,2.602526,19.241139,1,14154,2,1,0,0,1,0,0,0,0,0,0,0,0,1
3232,16,61462c98d01b157f,2.998834,17.933993,1,13857,1,0,0,0,0,0,0,0,0,0,0,0,0,1
3233,16,cf667c2c5bf4a563,2.255166,20.0,1,13756,1,1,0,0,1,0,0,0,0,0,0,0,0,1
3234,16,08b585f5cf5062fc,1.694222,18.840378,1,14171,1,1,0,0,1,0,0,0,0,0,0,0,0,0
3235,16,000e37f8f334762a,1.272805,20.0,1,14101,1,1,0,0,1,0,0,0,0,0,0,0,0,1
3236,16,7a6162f19d37746b,2.001318,15.876345,0,13900,1,0,0,0,0,0,0,0,0,0,0,0,0,0
3237,16,d0c3193b05de97b1,1.503516,18.884994,1,13870,1,1,0,0,1,0,0,0,0,0,0,0,0,1
3238,16,dfd3db0a3d191df9,1.129535,17.666434,1,13889,1,1,0,0,1,0,0,0,0,0,0,0,0,0
3239,16,6bd21846073229a7,0.848577,20.0,1,13910,1,1,0,0,1,0,0,0,0,0,0,0,0,1
3240,16,8494e6cba9a2386d,1.682293,15.213114,0,14671,1,0,0,0,0,0,0,0,0,0,0,0,0,0
3241,16,31ea939c01fbf832,1.263844,18.386733,1,14443,1,1,0,0,1,0,0,0,0,0,0,0,0,1
3242,16,00b057c7bf484efc,0.949479,17.292109,1,14535,1,1,0,0,1,0,0,0,0,0,0,0,0,0
3243,16,6c74232714346fd9,0.714021,19.964916,1,14465,1,1,0,0,1,0,0,0,0,0,0,0,0,1
3244,16,28b6821c22e6acb8,0.536418,18.47774,1,15407,1,1,0,0,1,0,0,0,0,0,0,0,0,0
3245,16,1ce4f7426bde3dbc,0.40299,17.36048,1,15699,1,1,0,0,0,0,0,0,0,0,0,0,0,1
3246,16,732ae6e380a9724d,2.390058,19.999968,1,15442,2,0,0,0,1,0,0,0,0,0,0,0,0,1
3247,16,83d44b7fad1e05a7,1.797358,20.0,1,15062,1,1,0,0,1,0,0,0,0,0,0,0,0,1
3248,16,ae7c44907a206199,1.350288,20.0,1,15049,1,1,0,0,1,0,0,0,0,0,0,0,0,0
3249,16,f2d7a54f6ac57ceb,1.014421,20.0,1,15198,1,1,0,0,1,0,0,0,0,0,0,0,0,1
3250,16,008f1f0d3938fc11,0.762859,16.535763,0,14730,1,1,0,0,0,0,0,0,0,0,0,0,0,0
3251,16,ce075e63b4d5199d,1.616761,19.38039,1,14561,1,0,0,0,1,0,0,0,0,0,0,0,0,1
3252,16,eb84e5f5b0c515a2,1.214612,18.038607,1,14578,1,1,0,0,1,0,0,0,0,0,0,0,0,0
3253,16,d7badffdd97ca8fd,1.956146,20.0,1,14492,2,1,0,0,1,0,0,0,0,0,0,0,0,1
3254,16,ef4e161b0030db84,1.47105,20.0,1,14340,1,1,0,0,1,0,0,0,0,0,0,0,0,1
3255,16,5a3fa6433188b2f3,1.105145,20.0,1,14527,1,1,0,0,1,0,0,0,0,0,0,0,0,0
3256,16,795cf05ca80f081b,0.830254,20.0,1,13857,1,1,0,0,1,0,0,0,0,0,0,0,0,1
3257,16,70004bace7917e73,0.624363,16.69837,0,13621,1,1,0,0,0,0,0,0,0,0,0,0,0,0
3258,16,3636c428841ccfa7,1.512714,19.50255,1,13826,1,0,0,0,1,0,0,0,0,0,0,0,0,1
3259,16,0bd22a5ed0072594,1.136445,20.0,1,13932,1,1,0,0,1,0,0,0,0,0,0,0,0,1
3260,16,6f5036279656c888,1.897422,20.0,1,13859,2,1,0,0,1,0,0,0,0,0,0,0,0,1
3261,16,47b0260b367fbd4e,2.471039,17.440634,0,13883,1,0,0,0,0,0,0,0,0,0,0,0,0,0
3262,16,01cc91b5b9bf80c4,1.856399,20.0,1,14053,1,1,0,0,1,0,0,0,0,0,0,0,0,1
3263,16,cd9b31202705e029,1.394643,20.0,1,13730,1,1,0,0,1,0,0,0,0,0,0,0,0,1
3264,16,1346e1ed0b99c6ec,2.092942,20.0,1,13870,2,1,0,0,1,0,0,0,0,0,0,0,0,1
3265,16,38f2b971cef58a66,2.616003,20.0,1,13872,1,0,0,0,0,0,0,0,0,0,0,0,0,1
3266,16,c7f679fcbfec232e,1.965305,19.370616,1,14016,1,1,0,0,1,0,0,0,0,0,0,0,0,0
3267,16,cc5282ff2d68e2a2,1.47646,18.031265,1,13602,1,1,0,0,0,0,0,0,0,0,0,0,0,1
3268,16,a1306249f2a23df6,2.15447,17.04027,1,13812,1,0,0,0,1,0,0,0,0,0,0,0,0,0
3269,16,091dadeaae388c28,2.662226,19.759407,1,13994,2,1,0,0,1,0,0,0,0,0,0,0,0,1
3270,16,6ccc3c82d360b3f5,3.043684,18.323348,1,13930,1,0,0,0,0,0,0,0,0,0,0,0,0,1
3271,16,b9d7e54cd91a1332,2.288894,20.0,1,13764,1,1,0,0,1,0,0,0,0,0,0,0,0,1
3272,16,409cc6fd061ce55d,1.71956,19.060348,1,13863,1,1,0,0,1,0,0,0,0,0,0,0,0,0
3273,16,4efc0f22aa649c74,2.335495,17.798172,1,13942,1,0,0,0,0,0,0,0,0,0,0,0,0,1
3274,16,4f2aca31b26e447e,1.75457,16.849946,1,14000,1,1,0,0,1,0,0,0,0,0,0,0,0,0
3275,16,15371138c4f8d256,2.363612,16.151901,1,13558,1,0,0,0,0,0,0,0,0,0,0,0,0,1
3276,16,e919c07ca7d67b2a,1.775693,19.092008,1,13762,1,1,0,0,1,0,0,0,0,0,0,0,0,1
3277,16,32b04373210d6c1d,2.377665,14.343112,0,14201,1,0,0,0,0,0,0,0,0,0,0,0,0,0
3278,16,26ebf931a81a676a,2.832189,17.747228,1,14264,2,1,0,0,1,0,0,0,0,0,0,0,0,1
3279,16,06ff328523a838bb,2.127718,20.0,1,13916,1,1,0,0,1,0,0,0,0,0,0,0,0,1
3280,16,de8af9bad12f2381,1.598475,18.722352,1,13895,1,1,0,0,0,0,0,0,0,0,0,0,0,1
3281,16,59ec845cc2239284,2.244528,17.544248,1,13816,1,0,0,0,1,0,0,0,0,0,0,0,0,0
3282,16,49bf43a07574dc24,1.687917,20.0,1,13837,1,1,0,0,1,0,0,0,0,0,0,0,0,1
3283,16,7689b4cf7f6b6415,1.268069,18.620188,1,13917,1,1,0,0,1,0,0,0,0,0,0,0,0,0
3284,16,db688125e90c90ba,0.952653,20.0,1,14085,1,1,0,0,1,0,0,0,0,0,0,0,0,1
3285,16,881a8b9e79cc061a,1.760559,19.232448,1,13883,1,0,0,0,0,0,0,0,0,0,0,0,0,1
3286,16,deff12c5efbe17b6,2.366295,20.0,1,14053,2,1,0,0,1,0,0,0,0,0,0,0,0,1
3287,16,724c422827a739cd,0.734056,19.560604,1,14125,0,1,0,0,1,0,0,0,0,0,0,0,0,0
3288,16,1f225749f4be08df,0.551469,18.173995,1,13961,1,1,0,0,1,0,0,0,0,0,0,0,0,0
3289,16,a84d416f467be0c8,1.458863,20.0,1,14181,2,1,0,0,1,0,0,0,0,0,0,0,0,1
3290,16,5f2a6e4b75108f71,1.095989,20.0,1,14034,1,1,0,0,1,0,0,0,0,0,0,0,0,1
3291,16,623c767d4fecea80,1.867029,20.0,1,13978,1,0,0,0,0,0,0,0,0,0,0,0,0,1
3292,16,7b48e568d9669346,1.404032,18.782719,1,14099,1,1,0,0,1,0,0,0,0,0,0,0,0,0
3293,16,96e98ba509829fc0,1.054797,20.0,1,14242,1,1,0,0,1,0,0,0,0,0,0,0,0,1
3294,16,1b3ebc89cc76cbe1,0.79243,20.0,1,14395,1,1,0,0,1,0,0,0,0,0,0,0,0,1
3295,16,96ac19c0edcc11cb,0.595323,20.0,1,14302,1,1,0,0,1,0,0,0,0,0,0,0,0,0
3296,16,a6532a4f8cdf8022,0.447691,20.0,1,14337,1,1,0,0,1,0,0,0,0,0,0,0,0,1
3297,16,a021e2a50b6e5e91,2.42364,20.0,1,14474,2,0,0,0,0,0,0,0,0,0,0,0,0,1
3298,16,c7b5a55256bc54ed,1.82079,18.763114,1,14549,1,1,0,0,1,0,0,0,0,0,0,0,0,0
3299,16,35321beaf18f28d8,1.36926,20.0,1,14794,1,1,0,0,1,0,0,0,0,0,0,0,0,1
3300,16,689b5c51dabc8a0c,1.028674,20.0,1,14995,1,1,0,0,1,0,0,0,0,0,0,0,0,1
3301,16,d7f732a78b6a3ebe,2.860111,20.0,1,15017,2,0,0,0,0,0,0,0,0,0,0,0,0,1
3302,16,fb782a560845ec09,2.148695,20.0,1,15019,1,1,0,0,1,0,0,0,0,0,0,0,0,1
3303,16,dd4f7962bcdf3b11,1.615849,20.0,1,15117,1,1,0,0,1,0,0,0,0,0,0,0,0,0
3304,16,fa90016fc7aba3c4,2.25758,20.0,1,15087,2,1,0,0,1,0,0,0,0,0,0,0,0,1
3305,16,17b9069ddeea6cdc,2.739689,20.0,1,14473,1,0,0,0,0,0,0,0,0,0,0,0,0,1
3306,16,e6ed288f41b5e849,2.060285,20.0,1,14181,1,1,0,0,1,0,0,0,0,0,0,0,0,1
3307,16,eb4a93c16b3b0e7b,1.547815,20.0,1,14245,1,1,0,0,1,0,0,0,0,0,0,0,0,1
3308,16,2d07c2b806e53028,3.250122,20.0,1,14111,2,0,0,0,0,0,0,0,0,0,0,0,0,1
3309,16,500248b0fcd9b162,2.441695,19.409027,1,14366,1,1,0,0,1,0,0,0,0,0,0,0,0,0
3310,16,e5d67d33877fd5dd,1.83619,20.0,1,14131,1,1,0,0,1,0,0,0,0,0,0,0,0,1
3311,16,abbda619226728fe,1.379461,19.673714,1,14362,1,1,0,0,1,0,0,0,0,0,0,0,0,0
3312,16,6987b8f5e24123bc,1.036337,20.0,1,14191,1,1,0,0,1,0,0,0,0,0,0,0,0,1
3313,16,187fec932b4781c0,2.867641,19.827648,1,14108,2,0,0,0,0,0,0,0,0,0,0,0,0,1
3314,16,84263feb056c1724,2.154352,20.0,1,13981,1,1,0,0,1,0,0,0,0,0,0,0,0,1
3315,16,4af362e4c4d3ec1b,1.618484,16.417687,0,13813,1,1,0,0,0,0,0,0,0,0,0,0,0,0
3316,16,e0a181c970565c4a,2.25956,19.291684,1,14139,1,0,0,0,1,0,0,0,0,0,0,0,0,1
3317,16,0f37c7d728814bed,1.699221,17.988123,1,13833,1,1,0,0,1,0,0,0,0,0,0,0,0,0
3318,16,6c5790ab123ea94a,1.276561,16.992649,1,14022,1,1,0,0,0,0,0,0,0,0,0,0,0,1
3319,16,eb21b1dd2cca03aa,2.002686,16.244786,1,13515,1,0,0,0,1,0,0,0,0,0,0,0,0,0
3320,16,321d4d19d4fc3111,1.506049,19.177314,1,13568,1,1,0,0,1,0,0,0,0,0,0,0,0,1
3321,16,3f078cfe44769846,2.175091,14.407199,0,13911,1,0,0,0,0,0,0,0,0,0,0,0,0,0
3322,16,de6c5a97142e81b2,2.677718,17.781279,1,13906,2,1,0,0,1,0,0,0,0,0,0,0,0,1
3323,16,d08e8df9801b02e7,2.01167,20.0,1,14196,1,1,0,0,1,0,0,0,0,0,0,0,0,1
3324,16,19d01d93e94d778c,2.556955,18.758498,1,14188,1,0,0,0,0,0,0,0,0,0,0,0,0,1
3325,16,a8f4a03f4273cf16,1.920944,17.571403,1,14121,1,1,0,0,1,0,0,0,0,0,0,0,0,0
3326,16,0b50e9d299d4859e,1.443134,20.0,1,14080,1,1,0,0,1,0,0,0,0,0,0,0,0,1
3327,16,b4c4b48da47bdca1,2.129408,15.159425,0,14182,1,0,0,0,0,0,0,0,0,0,0,0,0,0
3328,16,1e6e79342fbf406a,1.599744,18.346398,1,14083,1,1,0,0,1,0,0,0,0,0,0,0,0,1
3329,16,eec8a198b383fbd0,1.201828,20.0,1,14013,1,1,0,0,1,0,0,0,0,0,0,0,0,1
3330,16,00206254773748e8,0.902889,15.581677,0,14156,1,1,0,0,0,0,0,0,0,0,0,0,0,0
3331,16,36bdd59f11bd6bde,1.723136,18.678646,1,14141,1,0,0,0,1,0,0,0,0,0,0,0,0,1
3332,16,9f1b1b9ca333f6ab,1.294527,20.0,1,14061,1,1,0,0,1,0,0,0,0,0,0,0,0,1
3333,16,a1321b3aeee1c905,0.97253,19.24804,1,14102,1,1,0,0,1,0,0,0,0,0,0,0,0,0
3334,16,5eca1b200874ca10,1.775507,17.955302,1,14022,1,0,0,0,0,0,0,0,0,0,0,0,0,1
3335,16,d9d2f6ca4b1b0691,2.377525,20.0,1,13879,2,1,0,0,1,0,0,0,0,0,0,0,0,1
3336,16,a5a167f383d4b00a,1.786146,18.839788,1,14016,1,1,0,0,1,0,0,0,0,0,0,0,0,0
3337,16,a67107297767a660,1.341865,20.0,1,14019,1,1,0,0,1,0,0,0,0,0,0,0,0,1
3338,16,8f1a9aef80b38075,1.009101,19.356514,1,13776,1,1,0,0,1,0,0,0,0,0,0,0,0,0
3339,16,73bce97bd8458e4c,1.801753,18.02067,1,13928,1,0,0,0,0,0,0,0,0,0,0,0,0,1
3340,16,2818efdf46f634fb,1.35359,17.0171,1,14003,1,1,0,0,1,0,0,0,0,0,0,0,0,0
3341,16,2c5d3db2a6f1fd6a,1.017919,19.758105,1,13775,1,1,0,0,1,0,0,0,0,0,0,0,0,1
3342,16,d61c90d371b2961b,1.808378,20.0,1,13893,2,1,0,0,1,0,0,0,0,0,0,0,0,1
3343,16,48874c556967f4b7,2.40222,19.857282,1,13754,1,0,0,0,0,0,0,0,0,0,0,0,0,1
3344,16,235072f78ffb0663,1.804698,20.0,1,13748,1,1,0,0,1,0,0,0,0,0,0,0,0,1
3345,16,44227b6b9d019ca6,1.357159,19.931357,1,13408,1,1,0,0,1,0,0,0,0,0,0,0,0,0
3346,16,05085145a9e51bc6,1.019583,20.0,1,13491,1,1,0,0,1,0,0,0,0,0,0,0,0,1
3347,16,00084a93917fd777,0.765974,16.47622,0,13404,1,1,0,0,0,0,0,0,0,0,0,0,0,0
3348,16,2d0dc63b06cdc1a8,2.664325,19.351356,1,13407,2,0,0,0,1,0,0,0,0,0,0,0,0,1
3349,16,114bf1a664ee8b6f,2.001607,20.0,1,13889,1,1,0,0,1,0,0,0,0,0,0,0,0,1
3350,16,b4c9fbc91682856f,2.547386,19.627715,1,13941,1,0,0,0,0,0,0,0,0,0,0,0,0,1
3351,16,155a3abeacde9e09,1.913756,18.224413,1,13734,1,1,0,0,1,0,0,0,0,0,0,0,0,0
3352,16,f1754adbd489b9f4,1.439172,20.0,1,13803,1,1,0,0,1,0,0,0,0,0,0,0,0,1
3353,16,a739cbf0fe867b15,1.081196,20.0,1,13717,1,1,0,0,1,0,0,0,0,0,0,0,0,1
3354,16,180ab9ae04218312,1.855915,16.890862,0,13855,1,0,0,0,0,0,0,0,0,0,0,0,0,0
3355,16,44795c756c5ea0a3,1.395675,19.663172,1,13827,1,1,0,0,1,0,0,0,0,0,0,0,0,1
3356,16,2fe37092ebd6db90,3.135825,18.251051,1,13800,2,0,0,0,0,0,0,0,0,0,0,0,0,1
3357,16,34e9c05b2a8d8d61,2.355828,20.0,1,13740,1,1,0,0,1,0,0,0,0,0,0,0,0,1
3358,16,5d9e38c23d0d3243,1.769846,20.0,1,13709,1,1,0,0,1,0,0,0,0,0,0,0,0,1
3359,16,4d0b5108496b3168,2.3751,16.909456,0,13510,1,0,0,0,0,0,0,0,0,0,0,0,0,0
3360,16,d8ea4063f7f848f2,1.784324,19.661131,1,13817,1,1,0,0,1,0,0,0,0,0,0,0,0,1
3361,16,c13d0f69e39bb6d1,1.340496,20.0,1,13592,1,1,0,0,1,0,0,0,0,0,0,0,0,1
3362,16,3df3faa1cfcbba70,2.052222,16.340038,0,13485,1,0,0,0,0,0,0,0,0,0,0,0,0,0
3363,16,3e93e7d8819e0cb9,1.541758,19.233349,1,13583,1,1,0,0,1,0,0,0,0,0,0,0,0,1
3364,16,94f427be4ae751b1,1.158265,14.449296,0,13469,1,1,0,0,0,0,0,0,0,0,0,0,0,0
3365,16,16fe9fd96c73994e,1.913815,17.812905,1,13380,1,0,0,0,1,0,0,0,0,0,0,0,0,1
3366,16,82657b6f1d7f90cf,1.439216,16.87606,1,13307,1,1,0,0,1,0,0,0,0,0,0,0,0,0
3367,16,9d8dc562637ad990,2.124882,16.157198,1,13243,1,0,0,0,0,0,0,0,0,0,0,0,0,1
3368,16,5d51a9b1fd6a4e8b,1.596345,15.617143,1,12782,1,1,0,0,1,0,0,0,0,0,0,0,0,0
3369,16,efb7c3f78c969462,1.200474,15.224816,1,12309,1,1,0,0,0,0,0,0,0,0,0,0,0,1
3370,16,f21ea2a981754581,1.945525,14.91668,1,12173,1,0,0,0,1,0,0,0,0,0,0,0,0,0
3371,16,36509259d61727f6,1.4616,18.164033,1,12396,1,1,0,0,1,0,0,0,0,0,0,0,0,1
3372,16,f0638093f9d3848f,1.098045,17.124803,1,12476,1,1,0,0,1,0,0,0,0,0,0,0,0,0
3373,16,fba9297745560c30,0.825746,12.878096,0,12205,0,0,0,0,0,0,0,0,0,0,0,0,0,0
3374,17,1fd48474a6be9a50,0.620352,16.632521,1,14126,1,1,0,0,1,0,0,0,0,0,0,0,0,1
3375,17,40ab05863d40ab6a,0.466047,15.974236,1,14129,1,1,0,0,1,0,0,0,0,0,0,0,0,0
3376,17,9fa3e60e300cac94,0.350474,18.973857,1,14186,1,1,0,0,1,0,0,0,0,0,0,0,0,1
3377,17,9522afc9eb92ebd2,1.306951,14.254349,0,14161,1,0,0,0,0,0,0,0,0,0,0,0,0,0
3378,17,0fba0eaa5e567fe1,0.981864,17.666449,1,13973,1,1,0,0,1,0,0,0,0,0,0,0,0,1
3379,17,8f9f8c22e25048df,0.737638,16.750987,1,13926,1,1,0,0,1,0,0,0,0,0,0,0,0,0
3380,17,025aca0c2fc547cd,1.598864,16.077483,1,13927,1,0,0,0,0,0,0,0,0,0,0,0,0,1
3381,17,ea7305c3d0c4eb0e,1.201167,15.557256,1,13954,1,1,0,0,1,0,0,0,0,0,0,0,0,0
3382,17,b3bc2710b036c5b2,0.902392,18.645274,1,14001,1,1,0,0,1,0,0,0,0,0,0,0,0,1
3383,17,3c254a4fca255c07,0.678612,17.502014,1,13952,1,1,0,0,1,0,0,0,0,0,0,0,0,0
3384,17,7fb0256f65ce4ff6,1.553469,16.627453,1,13969,2,1,0,0,0,0,0,0,0,0,0,0,0,1
3385,17,a69e89495c03d18a,2.210716,19.449273,1,14090,1,0,0,0,1,0,0,0,0,0,0,0,0,1
3386,17,ba87dd4319678e85,1.660829,20.0,1,14002,1,1,0,0,1,0,0,0,0,0,0,0,0,1
3387,17,3e895dd2e76d3ae9,1.248967,19.700848,1,13864,1,1,0,0,1,0,0,0,0,0,0,0,0,0
3388,17,5bfa9aaebee05047,0.938302,20.0,1,14039,1,1,0,0,1,0,0,0,0,0,0,0,0,1
3389,17,ca3938afd42b6b51,1.748565,16.346122,0,14116,1,0,0,0,0,0,0,0,0,0,0,0,0,0
3390,17,3840b1179d01d5ca,1.314946,19.25352,1,13927,1,1,0,0,1,0,0,0,0,0,0,0,0,1
3391,17,3ad00a257add4750,0.987869,20.0,1,14241,1,1,0,0,1,0,0,0,0,0,0,0,0,1
3392,17,715e21df0f1ac6b8,1.785803,20.0,1,13900,2,1,0,0,1,0,0,0,0,0,0,0,0,1
3393,17,ab882b57d80326bc,2.38526,17.317611,0,14167,1,0,0,0,0,0,0,0,0,0,0,0,0,0
3394,17,de121b1615b372cf,1.79375,19.984094,1,13923,1,1,0,0,1,0,0,0,0,0,0,0,0,1
3395,17,0469b68beb7ba893,1.347577,18.492147,1,13816,1,1,0,0,1,0,0,0,0,0,0,0,0,0
3396,17,77ed09b9b5fdd2d5,1.012384,17.371303,1,13880,1,1,0,0,0,0,0,0,0,0,0,0,0,1
3397,17,f528f75252723e1c,1.805478,20.0,1,13999,1,0,0,0,1,0,0,0,0,0,0,0,0,1
3398,17,c2f4dc060312be30,2.400041,20.0,1,13969,2,1,0,0,1,0,0,0,0,0,0,0,0,1
3399,17,f6d7570dbe7171fa,1.803061,20.0,1,13998,1,1,0,0,1,0,0,0,0,0,0,0,0,0
3400,17,50afc0b225fbdddd,1.354573,18.50982,1,14093,1,1,0,0,0,0,0,0,0,0,0,0,0,1
3401,17,77cb534e4dd68f47,2.062808,17.40015,1,13926,1,0,0,0,1,0,0,0,0,0,0,0,0,0
3402,17,03a072c123c7f460,1.549711,20.0,1,14129,1,1,0,0,1,0,0,0,0,0,0,0,0,1
3403,17,40a0b4653c2b8b16,1.16424,20.0,1,13866,1,1,0,0,1,0,0,0,0,0,0,0,0,1
3404,17,8ced9c6091029967,0.875525,16.548305,0,13830,1,1,0,0,0,0,0,0,0,0,0,0,0,0
3405,17,f446b42f744adfb3,2.745056,19.389812,1,14043,2,0,0,0,1,0,0,0,0,0,0,0,0,1
3406,17,ffdd19bd8ebe00f5,2.062258,20.0,1,13855,1,1,0,0,1,0,0,0,0,0,0,0,0,1
3407,17,b9666f9e7129180f,1.549297,20.0,1,13710,1,1,0,0,1,0,0,0,0,0,0,0,0,1
3408,17,826bb28746b5aff3,2.209244,20.0,1,13955,1,0,0,0,0,0,0,0,0,0,0,0,0,1
3409,17,904c9b3439175fce,1.659723,19.160164,1,13985,1,1,0,0,1,0,0,0,0,0,0,0,0,0
3410,17,1692fe8c28139cee,2.290541,20.0,1,14003,2,1,0,0,1,0,0,0,0,0,0,0,0,1
3411,17,c5fbebc1b3542dcc,2.76667,19.537513,1,13842,1,0,0,0,0,0,0,0,0,0,0,0,0,1
3412,17,0dea3622f92cb749,2.078496,20.0,1,13823,1,1,0,0,1,0,0,0,0,0,0,0,0,1
3413,17,38bb467cbdfb53b6,1.561496,20.0,1,13951,1,1,0,0,1,0,0,0,0,0,0,0,0,1
3414,17,dc76cd2fb1ac0664,1.173094,17.438026,0,13965,1,1,0,0,0,0,0,0,0,0,0,0,0,0
3415,17,17e51f480da9fb5d,1.926334,20.0,1,13944,1,0,0,0,1,0,0,0,0,0,0,0,0,1
3416,17,0c7c1e639bef0d9a,2.490836,20.0,1,13878,2,1,0,0,1,0,0,0,0,0,0,0,0,1
3417,17,7522a695f85ba017,2.914925,20.0,1,13917,1,0,0,0,0,0,0,0,0,0,0,0,0,1
3418,17,e7db39782777aee0,2.192065,18.547812,1,13759,1,1,0,0,1,0,0,0,0,0,0,0,0,0
3419,17,f95c2ef29527e1f2,2.69047,17.413123,1,13564,1,0,0,0,0,0,0,0,0,0,0,0,0,1
3420,17,cd2a99ccedfbf36f,2.02125,16.560673,1,13808,1,1,0,0,1,0,0,0,0,0,0,0,0,0
3421,17,780bd23bab59cb21,1.518489,15.920259,1,13995,1,1,0,0,0,0,0,0,0,0,0,0,0,1
3422,17,380774ff4b075c35,2.186076,15.452763,1,13904,1,0,0,0,1,0,0,0,0,0,0,0,0,0
3423,17,c21a67aecad00824,1.642317,18.566772,1,13871,1,1,0,0,1,0,0,0,0,0,0,0,0,1
3424,17,8a093accbbbbcf59,1.233812,17.427366,1,13828,1,1,0,0,1,0,0,0,0,0,0,0,0,0
3425,17,13fb579714cf6542,1.971994,16.58613,1,13899,1,0,0,0,0,0,0,0,0,0,0,0,0,1
3426,17,6a2ba284a7888bc3,1.481486,15.939384,1,13892,1,1,0,0,1,0,0,0,0,0,0,0,0,0
3427,17,1dfc954740661f98,1.112985,18.932352,1,13820,1,1,0,0,1,0,0,0,0,0,0,0,0,1
3428,17,8984fd7a446e3d71,0.836144,17.702013,1,13960,1,1,0,0,1,0,0,0,0,0,0,0,0,0
3429,17,dce17db9a788620b,1.672943,20.0,1,13931,2,1,0,0,1,0,0,0,0,0,0,0,0,1
3430,17,a1dfa3e35f385f57,1.256819,20.0,1,13850,1,1,0,0,1,0,0,0,0,0,0,0,0,1
3431,17,6e3840358feb0d49,1.987855,16.669138,0,13911,1,0,0,0,0,0,0,0,0,0,0,0,0,0
3432,17,ae3b8372de433f9b,1.494895,19.496433,1,13780,1,1,0,0,1,0,0,0,0,0,0,0,0,1
3433,17,e9d104bacff3207b,1.123059,18.125785,1,13897,1,1,0,0,1,0,0,0,0,0,0,0,0,0
3434,17,77fad0520de53508,0.843712,20.0,1,13950,1,1,0,0,1,0,0,0,0,0,0,0,0,1
3435,17,568c29b949996e56,1.677503,18.936008,1,14005,1,0,0,0,0,0,0,0,0,0,0,0,0,1
3436,17,06cf3630d560570a,2.305656,20.0,1,14022,2,1,0,0,1,0,0,0,0,0,0,0,0,1
3437,17,70e7f99df93c772f,1.732153,19.406477,1,13988,1,1,0,0,1,0,0,0,0,0,0,0,0,0
3438,17,b1c19172bbc78af6,2.344956,18.058205,1,13978,1,0,0,0,0,0,0,0,0,0,0,0,0,1
3439,17,b70e50f508f7dc25,1.76344,17.060529,1,13663,1,1,0,0,1,0,0,0,0,0,0,0,0,0
3440,17,907e75f5d77fa50f,1.324807,19.774627,1,13440,1,1,0,0,1,0,0,0,0,0,0,0,0,1
3441,17,f162ed7063b38082,0.995278,18.334783,1,13228,1,1,0,0,1,0,0,0,0,0,0,0,0,0
3442,17,13d0016c1ef4a726,1.791368,17.253081,1,13257,1,0,0,0,0,0,0,0,0,0,0,0,0,1
3443,17,96a1f51b3cbe1288,1.347134,16.455065,1,13156,1,1,0,0,1,0,0,0,0,0,0,0,0,0
3444,17,80fa6595011a0ce8,1.012052,19.319764,1,13389,1,1,0,0,1,0,0,0,0,0,0,0,0,1
3445,17,512cf6e8c6354236,0.760317,17.993061,1,13307,1,1,0,0,1,0,0,0,0,0,0,0,0,0
3446,17,25df3bfb56f3fab3,2.66007,17.01154,1,13140,2,0,0,0,0,0,0,0,0,0,0,0,0,1
3447,17,9573c19961003d42,1.998411,19.737823,1,13218,1,1,0,0,1,0,0,0,0,0,0,0,0,1
3448,17,c4e26092198efe1f,1.501332,20.0,1,13013,1,1,0,0,1,0,0,0,0,0,0,0,0,1
3449,17,a25848465a979b10,1.127894,16.366991,0,13520,1,1,0,0,0,0,0,0,0,0,0,0,0,0
3450,17,b0771cb8c31b1ec3,1.892343,19.269214,1,13260,1,0,0,0,1,0,0,0,0,0,0,0,0,1
3451,17,0e0204738f8337b5,1.421647,17.955084,1,13598,1,1,0,0,1,0,0,0,0,0,0,0,0,0
3452,17,a75c587a78452ea5,2.111683,16.967828,1,13575,1,0,0,0,0,0,0,0,0,0,0,0,0,1
3453,17,6316d4738f947131,1.588016,16.24055,1,13741,1,1,0,0,1,0,0,0,0,0,0,0,0,0
3454,17,3b10a52448b43f2b,1.193017,19.158607,1,13840,1,1,0,0,1,0,0,0,0,0,0,0,0,1
3455,17,0f75fa8b650babf0,1.939922,17.87199,1,13879,1,0,0,0,0,0,0,0,0,0,0,0,0,1
3456,17,591476c1992a82ce,1.457391,16.905403,1,13853,1,1,0,0,1,0,0,0,0,0,0,0,0,0
3457,17,c927b77d51cdecfd,3.18428,16.193605,1,13702,2,0,0,0,0,0,0,0,0,0,0,0,0,1
3458,17,2de204bda7ab3706,2.392231,19.123339,1,13834,1,1,0,0,1,0,0,0,0,0,0,0,0,1
3459,17,5f2ca2c52a047708,1.797193,14.36665,0,13841,1,1,0,0,0,0,0,0,0,0,0,0,0,0
3460,17,cf7ceb80bda31cbb,2.395666,17.764929,1,13864,1,0,0,0,1,0,0,0,0,0,0,0,0,1
3461,17,7534cae6f92b565c,1.799774,20.0,1,13873,1,1,0,0,1,0,0,0,0,0,0,0,0,1
3462,17,c6ecb88cb28e84e9,2.395756,15.253498,0,13928,1,0,0,0,0,0,0,0,0,0,0,0,0,0
3463,17,1294619a869761ec,1.799842,18.417072,1,13768,1,1,0,0,1,0,0,0,0,0,0,0,0,1
3464,17,ea49407a63117d84,2.397657,20.0,1,13830,2,1,0,0,1,0,0,0,0,0,0,0,0,1
3465,17,06c7865482ba5be7,1.80127,15.634454,0,13731,0,0,0,0,0,0,0,0,0,0,0,0,0,0
3466,17,95d10af32866b272,1.353227,18.70327,1,13783,1,1,0,0,1,0,0,0,0,0,0,0,0,1
3467,17,aee0464c0f421eb0,1.017646,17.545627,1,13578,1,1,0,0,1,0,0,0,0,0,0,0,0,0
3468,17,e1340e63177f9af1,1.808173,16.660218,1,13719,1,0,0,0,0,0,0,0,0,0,0,0,0,1
3469,17,6de606b8c8ed2e2a,1.358413,15.995044,1,13439,1,1,0,0,1,0,0,0,0,0,0,0,0,0
3470,17,d155c48d50cb0ec7,2.064178,18.974168,1,13393,2,1,0,0,1,0,0,0,0,0,0,0,0,1
3471,17,77e0a6dd59462272,1.552291,17.749346,1,13437,0,0,0,0,0,0,0,0,0,0,0,0,0,1
3472,17,82aa62613d563bc3,2.209832,20.0,1,13742,2,1,0,0,1,0,0,0,0,0,0,0,0,1
3473,17,04cf2b6ba4d844c6,1.660164,18.723548,1,13564,1,1,0,0,1,0,0,0,0,0,0,0,0,0
3474,17,4bfb02d15544d248,1.248467,17.560876,1,13548,1,1,0,0,0,0,0,0,0,0,0,0,0,1
3475,17,b1ffeacaf8413da5,1.98158,16.671674,1,13665,1,0,0,0,1,0,0,0,0,0,0,0,0,0
3476,17,fba16f3e8328bd0e,1.488687,19.482495,1,13565,1,1,0,0,1,0,0,0,0,0,0,0,0,1
3477,17,6d49f5fa0045fda6,1.118395,18.115315,1,13668,1,1,0,0,1,0,0,0,0,0,0,0,0,0
3478,17,0b0564be27313b9d,1.885199,17.103476,1,13626,1,0,0,0,0,0,0,0,0,0,0,0,0,1
3479,17,58d9728101f76f34,1.41628,16.328047,1,13894,1,1,0,0,1,0,0,0,0,0,0,0,0,0
3480,17,988b4577a0f257c7,1.063998,19.22434,1,13872,1,1,0,0,1,0,0,0,0,0,0,0,0,1
3481,17,ea94959b8689389f,0.800142,17.93748,1,13814,1,1,0,0,1,0,0,0,0,0,0,0,0,0
3482,17,e32f9439422b8750,1.64477,16.954602,1,13624,1,0,0,0,0,0,0,0,0,0,0,0,0,1
3483,17,b815fba295dcf92e,2.279308,19.695048,1,13620,2,1,0,0,1,0,0,0,0,0,0,0,0,1
3484,17,0d045a1c9d9513db,1.712359,20.0,1,13333,1,1,0,0,1,0,0,0,0,0,0,0,0,1
3485,17,b521be51fa419254,1.287718,19.839701,1,13508,1,1,0,0,1,0,0,0,0,0,0,0,0,0
3486,17,c5651c263198afa1,0.967414,18.38367,1,13514,1,1,0,0,0,0,0,0,0,0,0,0,0,1
3487,17,d00f8c5baeffe0d5,2.814089,20.0,1,13534,2,0,0,0,1,0,0,0,0,0,0,0,0,1
3488,17,1a2d14ef50f79123,2.116235,20.0,1,13576,1,1,0,0,1,0,0,0,0,0,0,0,0,1
3489,17,041b4a4a2573f9d1,1.589848,20.0,1,13836,1,1,0,0,1,0,0,0,0,0,0,0,0,1
3490,17,2a6e2499c600568f,2.238047,17.970723,0,13905,1,0,0,0,0,0,0,0,0,0,0,0,0,0
3491,17,1feffd89b37e4a67,2.725014,20.0,1,13927,2,1,0,0,1,0,0,0,0,0,0,0,0,1
3492,17,b03be18da37f5838,2.04925,20.0,1,13777,1,1,0,0,1,0,0,0,0,0,0,0,0,1
3493,17,091c7e8843d18ffb,1.539525,20.0,1,14340,1,1,0,0,1,0,0,0,0,0,0,0,0,1
3494,17,2e95c70250fae9aa,1.156587,20.0,1,13967,1,1,0,0,1,0,0,0,0,0,0,0,0,1
3495,17,182c9bc148a32bac,1.913921,18.647501,0,14031,1,0,0,0,0,0,0,0,0,0,0,0,0,0
3496,17,9873ecfbc90631ad,1.437857,20.0,1,14413,1,1,0,0,1,0,0,0,0,0,0,0,0,1
3497,17,3c5a49325d870b92,2.123862,20.0,1,14308,2,1,0,0,1,0,0,0,0,0,0,0,0,1
3498,17,dc025c2405062f02,0.551924,20.0,1,13850,0,1,0,0,1,0,0,0,0,0,0,0,0,0
3499,17,f879e97ba4aee629,1.459206,20.0,1,13707,2,1,0,0,1,0,0,0,0,0,0,0,0,2
3500,17,bcd9d541090d6caa,2.1399,19.448311,0,13830,1,0,0,0,0,0,0,0,0,0,0,0,0,0
3501,17,c0628b1069332986,1.607627,20.0,1,13822,1,1,0,0,1,0,0,0,0,0,0,0,0,1
3502,17,b0360ff09917651a,2.253109,20.0,1,13754,2,1,0,0,1,0,0,0,0,0,0,0,0,1
3503,17,f0c50da51782d55e,1.692676,20.0,1,13837,1,1,0,0,0,0,0,0,0,0,0,0,0,1
3504,17,d6e059bf5bc50f76,2.315298,19.175514,1,13903,1,0,0,0,1,0,0,0,0,0,0,0,0,0
3505,17,d7582becc322f7f9,1.739397,20.0,1,13682,1,1,0,0,1,0,0,0,0,0,0,0,0,1
3506,17,ab00ee0cf5babd65,2.352202,16.065683,0,13984,1,0,0,0,0,0,0,0,0,0,0,0,0,0
3507,17,9df901843ec2f17a,1.767121,19.027236,1,13894,1,1,0,0,1,0,0,0,0,0,0,0,0,1
3508,17,b1790c25413d78e9,2.371225,14.294451,0,13919,1,0,0,0,0,0,0,0,0,0,0,0,0,0
3509,17,441a6b882f071f95,1.783195,17.710635,1,13662,1,1,0,0,1,0,0,0,0,0,0,0,0,1
3510,17,ebd2090a9425fa38,1.339648,16.784182,1,13938,1,1,0,0,1,0,0,0,0,0,0,0,0,0
3511,17,e2299b4a3b166eaa,1.006427,16.088173,1,13997,1,1,0,0,0,0,0,0,0,0,0,0,0,1
3512,17,efc8c2f81f2a8f6f,1.799745,15.565288,1,14122,1,0,0,0,1,0,0,0,0,0,0,0,0,0
3513,17,afe975336f1a39fc,1.353434,18.666322,1,14032,1,1,0,0,1,0,0,0,0,0,0,0,0,1
3514,17,aa4ae9ce222a2db8,1.016784,17.502154,1,13909,1,1,0,0,1,0,0,0,0,0,0,0,0,0
3515,17,f44163b254f10f45,1.807525,20.0,1,14005,2,1,0,0,1,0,0,0,0,0,0,0,0,1
3516,17,aef388b22f0029c4,1.359285,20.0,1,13971,1,1,0,0,1,0,0,0,0,0,0,0,0,1
3517,17,2b618c3221fd3d05,2.064833,16.588859,0,14209,1,0,0,0,0,0,0,0,0,0,0,0,0,0
3518,17,0f2a6849f2d50e85,1.551232,19.420279,1,14148,1,1,0,0,1,0,0,0,0,0,0,0,0,1
3519,17,4a51d780fa7f3e57,1.165383,18.068574,1,14054,1,1,0,0,1,0,0,0,0,0,0,0,0,0
3520,17,da72d4bd483180bb,0.876384,20.0,1,14305,1,1,0,0,1,0,0,0,0,0,0,0,0,1
3521,17,2e2701ba1ca1f81e,2.745701,18.916411,1,14318,2,0,0,0,0,0,0,0,0,0,0,0,0,1
3522,17,a44c8c958af819ab,2.062743,20.0,1,14117,1,1,0,0,1,0,0,0,0,0,0,0,0,1
3523,17,22e59135715fc89b,1.551212,20.0,1,14255,1,1,0,0,1,0,0,0,0,0,0,0,0,1
3524,17,b314567f7d2f542e,1.165368,20.0,1,14186,1,1,0,0,1,0,0,0,0,0,0,0,0,0
3525,17,6bc05b18c2f54e96,0.875497,20.0,1,14374,1,1,0,0,1,0,0,0,0,0,0,0,0,1
3526,17,0e17b85425f0ab0a,1.701382,20.0,1,14522,2,1,0,0,0,0,0,0,0,0,0,0,0,1
3527,17,217e9f6bda668e01,2.323614,20.0,1,14476,1,0,0,0,1,0,0,0,0,0,0,0,0,1
3528,17,361a91b3f98beede,1.745644,20.0,1,14469,1,1,0,0,1,0,0,0,0,0,0,0,0,1
3529,17,ee08da17e478eff0,2.355091,17.801861,0,14514,1,0,0,0,0,0,0,0,0,0,0,0,0,0
3530,17,484de6876e641473,2.815212,20.0,1,14337,2,1,0,0,1,0,0,0,0,0,0,0,0,1
3531,17,c97ba04a17880a13,2.114964,20.0,1,14391,1,1,0,0,1,0,0,0,0,0,0,0,0,1
3532,17,38cca9ca70956d79,2.632546,20.0,1,14252,1,0,0,0,0,0,0,0,0,0,0,0,0,1
3533,17,562834916efe0e6b,1.977734,20.0,1,14308,1,1,0,0,1,0,0,0,0,0,0,0,0,1
3534,17,8656fd5c9255b00d,1.487284,20.0,1,14473,1,1,0,0,1,0,0,0,0,0,0,0,0,0
3535,17,7079c15f2eb1c2c9,3.204648,18.593898,1,14658,2,0,0,0,0,0,0,0,0,0,0,0,0,1
3536,17,613ef1b75767463c,2.407532,20.0,1,14605,1,1,0,0,1,0,0,0,0,0,0,0,0,1
3537,17,db2866ccc42c746a,1.810498,20.0,1,14668,1,1,0,0,1,0,0,0,0,0,0,0,0,1
3538,17,38d1c12631a21bf7,1.36016,20.0,1,14635,1,1,0,0,1,0,0,0,0,0,0,0,0,1
3539,17,ca5d339333685bae,3.109144,20.0,1,14889,2,0,0,0,0,0,0,0,0,0,0,0,0,1
3540,17,acf4736ec7c02e7b,2.335784,20.0,1,14964,1,1,0,0,1,0,0,0,0,0,0,0,0,1
3541,17,1da87b7aa0bb047f,1.756543,20.0,1,14893,1,1,0,0,1,0,0,0,0,0,0,0,0,0
3542,17,ecc2368d8b9dd704,2.363278,20.0,1,14998,2,1,0,0,1,0,0,0,0,0,0,0,0,1
3543,17,164fa4bcf6b1a27b,2.819096,20.0,1,15045,1,0,0,0,0,0,0,0,0,0,0,0,0,1
3544,17,fcaf7e63768c1c2f,2.12,20.0,1,15082,1,1,0,0,1,0,0,0,0,0,0,0,0,1
3545,17,1f5e0584f993e2fb,1.592677,20.0,1,15164,1,1,0,0,0,0,0,0,0,0,0,0,0,1
3546,17,bce4b2fcca89722c,2.240172,18.715291,1,15182,1,0,0,0,1,0,0,0,0,0,0,0,0,0
3547,17,789603275cc285d5,1.682957,20.0,1,16226,1,1,0,0,1,0,0,0,0,0,0,0,0,1
3548,17,f33f73bc26a18676,3.353909,19.286178,1,15901,2,0,0,0,0,0,0,0,0,0,0,0,0,1
3549,17,435f9c85ecc897aa,2.519666,20.0,1,17074,1,1,0,0,1,0,0,0,0,0,0,0,0,1
3550,17,5aba37f58cd424d0,1.892931,20.0,1,17132,1,1,0,0,1,0,0,0,0,0,0,0,0,1
3551,17,8eecf08d14d420af,1.423511,20.0,1,16786,1,1,0,0,1,0,0,0,0,0,0,0,0,0
3552,17,cd9ceee2a1605b40,2.113084,19.127119,1,16546,1,0,0,0,0,0,0,0,0,0,0,0,0,1
3553,17,60cbb618a3c04d65,2.631134,20.0,1,17041,2,1,0,0,1,0,0,0,0,0,0,0,0,1
3554,17,98d041ce87417737,1.976673,19.501156,1,17525,1,1,0,0,1,0,0,0,0,0,0,0,0,0
3555,17,2c198aa8fe057b36,1.486486,20.0,1,17555,1,1,0,0,1,0,0,0,0,0,0,0,0,1
3556,17,7022c8ec511c8283,2.160395,19.725763,1,17442,1,0,0,0,0,0,0,0,0,0,0,0,0,1
3557,17,3ee0e92ca9649f63,1.623024,18.298073,1,17437,1,1,0,0,1,0,0,0,0,0,0,0,0,0
3558,17,f1289b935b122319,2.264688,20.0,1,17429,2,1,0,0,1,0,0,0,0,0,0,0,0,1
3559,17,5537982d2f9d2565,1.701375,20.0,1,17254,1,1,0,0,1,0,0,0,0,0,0,0,0,1
3560,17,29aafe370b0a33c2,2.321833,20.0,1,17148,2,1,0,0,1,0,0,0,0,0,0,0,0,1
3561,17,37729396bed1b210,1.744306,20.0,1,15623,1,1,0,0,1,0,0,0,0,0,0,0,0,1
3562,17,bbf0c5fed403c60e,1.311743,20.0,1,14583,1,1,0,0,1,0,0,0,0,0,0,0,0,1
3563,17,e00c01c643c9a9be,0.985464,20.0,1,14725,1,1,0,0,0,0,0,0,0,0,0,0,0,1
3564,17,e3d0f9709ed0e702,1.783995,20.0,1,14805,1,0,0,0,1,0,0,0,0,0,0,0,0,1
3565,17,560e829e98aea7c4,2.38574,20.0,1,14588,2,1,0,0,1,0,0,0,0,0,0,0,0,0
3566,17,559c35ba4df5306e,1.792318,20.0,1,14704,1,1,0,0,1,0,0,0,0,0,0,0,0,1
3567,17,19577650ca052e53,1.346501,20.0,1,14495,1,1,0,0,1,0,0,0,0,0,0,0,0,1
3568,17,efedf628419df1cf,1.011576,18.303858,0,14581,1,1,0,0,0,0,0,0,0,0,0,0,0,0
3569,17,1d15968c912b54a1,1.80487,20.0,1,14686,1,0,0,0,1,0,0,0,0,0,0,0,0,1
3570,17,da65ece7e13581d4,1.355931,20.0,1,14500,1,1,0,0,1,0,0,0,0,0,0,0,0,1
3571,17,aad5b089b1715f9f,1.018661,20.0,1,14451,1,1,0,0,1,0,0,0,0,0,0,0,0,0
3572,17,074958bada15b1a7,0.766047,20.0,1,15041,1,1,0,0,1,0,0,0,0,0,0,0,0,1
3573,17,4473e2abc0ff43cf,0.575503,20.0,1,14819,1,1,0,0,1,0,0,0,0,0,0,0,0,0
3574,17,73c88b21773fd30a,0.432354,20.0,1,15838,1,1,0,0,1,0,0,0,0,0,0,0,0,1
3575,17,57aaeff54f1e7a94,1.368464,16.647882,0,15945,1,0,0,0,0,0,0,0,0,0,0,0,0,0
3576,17,02ae038dbf0ad7c2,1.029105,19.480448,1,15623,1,1,0,0,1,0,0,0,0,0,0,0,0,1
3577,17,589838640b74f485,1.816781,20.0,1,15652,2,1,0,0,1,0,0,0,0,0,0,0,0,1
3578,17,daed6a451015e5eb,1.36488,19.700574,1,15940,1,1,0,0,1,0,0,0,0,0,0,0,0,0
3579,17,ee6418a0a11888a0,1.026409,20.0,1,15670,1,1,0,0,1,0,0,0,0,0,0,0,0,1
3580,17,aae6a9e1b5c2780d,0.771103,20.0,1,15859,1,1,0,0,1,0,0,0,0,0,0,0,0,1
3581,17,c0276e2673a414ed,0.579301,20.0,1,15775,1,1,0,0,1,0,0,0,0,0,0,0,0,1
3582,18,1fd48474a6be9a50,0.435207,20.0,1,14572,1,1,0,0,1,0,0,0,0,0,0,0,0,0
3583,18,40ab05863d40ab6a,0.327282,19.92409,1,14097,1,1,0,0,0,0,0,0,0,0,0,0,0,1
3584,18,9fa3e60e300cac94,1.289528,18.447069,1,14156,1,0,0,0,1,0,0,0,0,0,0,0,0,0
3585,18,9522afc9eb92ebd2,2.012428,20.0,1,14101,2,1,0,0,1,0,0,0,0,0,0,0,0,1
3586,18,0fba0eaa5e567fe1,1.513374,19.134642,1,14077,1,1,0,0,0,0,0,0,0,0,0,0,0,1
3587,18,8f9f8c22e25048df,2.180595,17.853986,1,13971,1,0,0,0,1,0,0,0,0,0,0,0,0,0
3588,18,025aca0c2fc547cd,1.638199,20.0,1,14007,1,1,0,0,1,0,0,0,0,0,0,0,0,1
3589,18,ea7305c3d0c4eb0e,1.230718,20.0,1,14089,1,1,0,0,1,0,0,0,0,0,0,0,0,1
3590,18,b3bc2710b036c5b2,1.969668,16.740928,0,13896,1,0,0,0,0,0,0,0,0,0,0,0,0,0
3591,18,3c254a4fca255c07,1.479738,19.534522,1,13974,1,1,0,0,1,0,0,0,0,0,0,0,0,1
3592,18,7fb0256f65ce4ff6,1.111672,20.0,1,14114,1,1,0,0,1,0,0,0,0,0,0,0,0,1
3593,18,a69e89495c03d18a,1.880144,16.268509,0,13911,1,0,0,0,0,0,0,0,0,0,0,0,0,0
3594,18,ba87dd4319678e85,1.412482,19.179612,1,14023,1,1,0,0,1,0,0,0,0,0,0,0,0,1
3595,18,3e895dd2e76d3ae9,1.061145,17.88777,1,13833,1,1,0,0,1,0,0,0,0,0,0,0,0,0
3596,18,5bfa9aaebee05047,1.840852,20.0,1,14031,2,1,0,0,1,0,0,0,0,0,0,0,0,1
3597,18,ca3938afd42b6b51,2.428497,18.818661,1,13991,1,0,0,0,0,0,0,0,0,0,0,0,0,1
3598,18,3840b1179d01d5ca,1.824439,20.0,1,14000,1,1,0,0,1,0,0,0,0,0,0,0,0,1
3599,18,3ad00a257add4750,1.370633,20.0,1,14103,1,1,0,0,1,0,0,0,0,0,0,0,0,1
3600,18,715e21df0f1ac6b8,2.074886,17.150368,0,13910,1,0,0,0,0,0,0,0,0,0,0,0,0,0
3601,18,ab882b57d80326bc,2.602438,19.84212,1,13951,2,1,0,0,1,0,0,0,0,0,0,0,0,1
3602,18,de121b1615b372cf,1.955114,20.0,1,14087,1,1,0,0,1,0,0,0,0,0,0,0,0,1
3603,18,05c8759f4447da7f,1.468804,20.0,1,13835,1,1,0,0,1,0,0,0,0,0,0,0,0,1
3604,18,f9da155166fdbcb3,1.104562,20.0,1,14025,1,1,0,0,1,0,0,0,0,0,0,0,0,1
3605,18,cbdedca5a02ed691,1.873469,18.440313,0,14034,1,0,0,0,0,0,0,0,0,0,0,0,0,0
3606,18,69d6d48dcba42deb,1.407467,20.0,1,13937,1,1,0,0,1,0,0,0,0,0,0,0,0,1
3607,18,4836f3002aa2c43b,2.102586,20.0,1,13979,2,1,0,0,1,0,0,0,0,0,0,0,0,1
3608,18,94fd34594f25ef4c,1.579594,20.0,1,14169,1,1,0,0,1,0,0,0,0,0,0,0,0,1
3609,18,61fdc813a35b7e5c,1.18669,20.0,1,13897,1,1,0,0,1,0,0,0,0,0,0,0,0,0
3610,18,c1ff7d5e27979afc,0.891516,19.606671,1,13993,1,1,0,0,0,0,0,0,0,0,0,0,0,1
3611,18,1d6ebc1b2e581348,1.714583,18.224998,1,13860,1,0,0,0,1,0,0,0,0,0,0,0,0,0
3612,18,7773761e6dec3adc,1.288102,20.0,1,14252,1,1,0,0,1,0,0,0,0,0,0,0,0,1
3613,18,fb02264cebeb0e70,0.967703,20.0,1,13936,1,1,0,0,1,0,0,0,0,0,0,0,0,1
3614,18,c28a313bf74ee613,1.771877,16.898398,0,13935,1,0,0,0,0,0,0,0,0,0,0,0,0,0
3615,18,b5a2965320b75fa2,2.374798,19.652824,1,13778,2,1,0,0,1,0,0,0,0,0,0,0,0,1
3616,18,3ffe08dfd1bfaf0d,1.784097,20.0,1,13870,1,1,0,0,1,0,0,0,0,0,0,0,0,1
3617,18,d4d55fb8ad04be87,1.340326,20.0,1,13820,1,1,0,0,1,0,0,0,0,0,0,0,0,1
3618,18,3a6c2889bf8dd3fe,1.007944,20.0,1,13758,1,1,0,0,1,0,0,0,0,0,0,0,0,1
3619,18,a1a2e91140dcc85e,1.800884,18.379954,0,13863,1,0,0,0,0,0,0,0,0,0,0,0,0,0
3620,18,120f765ed5986ef6,1.352937,20.0,1,13774,1,1,0,0,1,0,0,0,0,0,0,0,0,1
3621,18,7da99e20fee3a3f4,1.017428,15.616224,0,13795,1,1,0,0,0,0,0,0,0,0,0,0,0,0
3622,18,e9f79a57fcf62025,2.851662,18.689574,1,13673,2,0,0,0,1,0,0,0,0,0,0,0,0,1
3623,18,c95cf3ba67a49dbc,2.142347,20.0,1,13716,1,1,0,0,1,0,0,0,0,0,0,0,0,1
3624,18,8a8e66059b448c12,2.653119,15.775364,0,13778,1,0,0,0,0,0,0,0,0,0,0,0,0,0
3625,18,305d9b896605f9ab,1.995183,18.824302,1,13735,1,1,0,0,1,0,0,0,0,0,0,0,0,1
3626,18,c24d4fcdaee4a895,1.498906,17.620839,1,13621,1,1,0,0,1,0,0,0,0,0,0,0,0,0
3627,18,635ed14c3cd6fbbc,2.169726,16.716722,1,13697,1,0,0,0,0,0,0,0,0,0,0,0,0,1
3628,18,942e4e9ac467d0b8,1.631665,16.051715,1,13440,1,1,0,0,1,0,0,0,0,0,0,0,0,0
3629,18,96124731009db66b,1.225809,19.016742,1,13617,1,1,0,0,1,0,0,0,0,0,0,0,0,1
3630,18,e516b4b394c3199c,1.964558,14.286568,0,13681,1,0,0,0,0,0,0,0,0,0,0,0,0,0
3631,18,c865c4c1cf371955,1.475899,17.690653,1,13516,1,1,0,0,1,0,0,0,0,0,0,0,0,1
3632,18,7c440a9fc7258c73,1.109897,16.784125,1,13581,1,1,0,0,1,0,0,0,0,0,0,0,0,0
3633,18,6210121c9b856740,1.877477,16.08813,1,13752,1,0,0,0,0,0,0,0,0,0,0,0,0,1
3634,18,81485fe11e62b210,1.410479,19.0441,1,13626,1,1,0,0,1,0,0,0,0,0,0,0,0,1
3635,18,dae0517d7a095db5,2.10485,20.0,1,13667,2,1,0,0,1,0,0,0,0,0,0,0,0,1
3636,18,3f31a096f3b28122,1.581295,15.9887,0,13602,0,0,0,0,0,0,0,0,0,0,0,0,0,0
3637,18,ed5ab89cda1fa68d,2.231622,18.969402,1,13746,2,1,0,0,1,0,0,0,0,0,0,0,0,1
3638,18,2d8541037b875d1f,1.676534,17.729847,1,13816,1,1,0,0,1,0,0,0,0,0,0,0,0,0
3639,18,02ca3c7a70782c12,1.260777,16.813599,1,13706,1,1,0,0,0,0,0,0,0,0,0,0,0,1
3640,18,da75bab709a8d556,1.990828,19.589118,1,13833,1,0,0,0,1,0,0,0,0,0,0,0,0,1
3641,18,b6f30036ec2aabfd,1.495635,18.195416,1,13995,1,1,0,0,1,0,0,0,0,0,0,0,0,0
3642,18,8930331a02a08fc7,1.124739,20.0,1,13778,1,1,0,0,1,0,0,0,0,0,0,0,0,1
3643,18,3efe62d3591cc51f,1.888628,20.0,1,13954,2,1,0,0,1,0,0,0,0,0,0,0,0,1
3644,18,0e2aa521bab56cb1,2.462509,20.0,1,13807,1,0,0,0,0,0,0,0,0,0,0,0,0,1
3645,18,6e667b0863527d2a,1.849991,18.772597,1,13680,1,1,0,0,1,0,0,0,0,0,0,0,0,0
3646,18,6931bf406b952a42,1.391219,20.0,1,13170,1,1,0,0,1,0,0,0,0,0,0,0,0,1
3647,18,b4c768e767610944,1.045171,19.314156,1,13346,1,1,0,0,1,0,0,0,0,0,0,0,0,0
3648,18,178bae3922674d69,1.828851,17.988848,1,13380,1,0,0,0,0,0,0,0,0,0,0,0,0,1
3649,18,8732aaaaf78a22ee,1.375322,20.0,1,13253,1,1,0,0,1,0,0,0,0,0,0,0,0,1
3650,18,1ac041a1e9ef0548,2.076882,20.0,1,13340,2,1,0,0,1,0,0,0,0,0,0,0,0,1
3651,18,ebcc15fa94ae6a1d,1.560283,20.0,1,13157,1,1,0,0,1,0,0,0,0,0,0,0,0,1
3652,18,fb3112d5447e2b4f,2.215836,17.841412,0,13143,1,0,0,0,0,0,0,0,0,0,0,0,0,0
3653,18,9e4e737f6968dc92,1.66634,20.0,1,13241,1,1,0,0,1,0,0,0,0,0,0,0,0,1
3654,18,5ec4ae81eecef524,1.251859,18.788074,1,13339,1,1,0,0,1,0,0,0,0,0,0,0,0,0
3655,18,b41903033eef62d1,0.940475,20.0,1,13395,1,1,0,0,1,0,0,0,0,0,0,0,0,1
3656,18,6e337c85e3c177c9,0.707251,19.327297,1,13641,1,1,0,0,1,0,0,0,0,0,0,0,0,0
3657,18,5b34ea2eb9d63d9a,1.574984,17.99872,1,13736,1,0,0,0,0,0,0,0,0,0,0,0,0,1
3658,18,69be2d630f9d6b6b,1.183227,20.0,1,13836,1,1,0,0,1,0,0,0,0,0,0,0,0,1
3659,18,e1c8305afef78ce7,1.932567,18.864293,1,13720,2,1,0,0,1,0,0,0,0,0,0,0,0,0
3660,18,2cc24a17babd2c29,2.497469,17.666719,1,13683,1,0,0,0,0,0,0,0,0,0,0,0,0,1
3661,18,687c68d269b49b4a,1.876255,20.0,1,13809,1,1,0,0,1,0,0,0,0,0,0,0,0,1
3662,18,4f464a2b6aa022ae,1.40956,18.676913,1,13954,1,1,0,0,1,0,0,0,0,0,0,0,0,0
3663,18,aa914c5d8bd05aa6,2.10416,17.525807,1,13703,1,0,0,0,0,0,0,0,0,0,0,0,0,1
3664,18,f830196b3c588142,1.580777,20.0,1,13912,1,1,0,0,1,0,0,0,0,0,0,0,0,1
3665,18,fcceb830262396d5,2.231232,18.597383,1,13936,2,1,0,0,1,0,0,0,0,0,0,0,0,0
3666,18,242e561e9f02789f,2.719894,17.450363,1,13999,1,0,0,0,0,0,0,0,0,0,0,0,0,1
3667,18,f606b34fa3b3e25c,2.045399,20.0,1,14097,1,1,0,0,1,0,0,0,0,0,0,0,0,1
3668,18,2b3c3a2a95b65d8d,1.536632,15.088302,0,13989,1,1,0,0,0,0,0,0,0,0,0,0,0,0
3669,18,e5cd714ced066f1e,2.198068,18.292966,1,13940,1,0,0,0,1,0,0,0,0,0,0,0,0,1
3670,18,680efd3aff59854c,1.652978,17.237073,1,13986,1,1,0,0,1,0,0,0,0,0,0,0,0,0
3671,18,51ad7cb8b693c378,2.285474,16.428413,1,13997,1,0,0,0,0,0,0,0,0,0,0,0,0,1
3672,18,568ba9092446f642,1.716991,15.820897,1,13817,1,1,0,0,1,0,0,0,0,0,0,0,0,0
3673,18,1db7ffdd97d3ec2d,2.333565,15.364493,1,14918,1,0,0,0,0,0,0,0,0,0,0,0,0,1
3674,18,5fa093790d7dfe65,1.754874,18.515321,1,14418,1,1,0,0,1,0,0,0,0,0,0,0,0,1
3675,18,22f7a07946b2dd86,1.318371,17.388713,1,15500,1,1,0,0,1,0,0,0,0,0,0,0,0,0
3676,18,bf67de5418153c78,0.990443,16.542335,1,15266,1,1,0,0,0,0,0,0,0,0,0,0,0,1
3677,18,9be16ad48379b4f0,1.788978,15.920573,1,14676,1,0,0,0,1,0,0,0,0,0,0,0,0,0
3678,18,8eaf02a518f506e3,1.343992,18.918221,1,14379,1,1,0,0,1,0,0,0,0,0,0,0,0,1
3679,18,8521baea20169992,1.009691,17.691396,1,14168,1,1,0,0,1,0,0,0,0,0,0,0,0,0
3680,18,ac255635452fd266,1.802196,16.769729,1,14214,1,0,0,0,0,0,0,0,0,0,0,0,0,1
3681,18,b6bb391ae977fe4a,2.399428,19.572079,1,14511,2,1,0,0,1,0,0,0,0,0,0,0,0,1
3682,18,a07a1342e877d7ba,1.802601,20.0,1,14590,1,1,0,0,1,0,0,0,0,0,0,0,0,1
3683,18,01655673532a9b8d,1.354226,16.273445,0,14421,1,1,0,0,0,0,0,0,0,0,0,0,0,0
3684,18,4fe7aef236392174,2.062548,19.198866,1,14476,1,0,0,0,1,0,0,0,0,0,0,0,0,1
3685,18,cc2252b8ff7451b1,1.549515,17.902235,1,14577,1,1,0,0,1,0,0,0,0,0,0,0,0,0
3686,18,b04c4fe94f1175c7,1.164093,20.0,1,14312,1,1,0,0,1,0,0,0,0,0,0,0,0,1
3687,18,acf81c7c694f5252,0.874539,20.0,1,13794,1,1,0,0,1,0,0,0,0,0,0,0,0,1
3688,18,304b9ba82c495407,1.701817,20.0,1,13492,2,1,0,0,0,0,0,0,0,0,0,0,0,1
3689,18,d4c9463b18fe6dfd,2.322165,18.685833,1,13415,1,0,0,0,1,0,0,0,0,0,0,0,0,0
3690,18,5e70001997d8cb6d,1.744555,20.0,1,13516,1,1,0,0,1,0,0,0,0,0,0,0,0,1
3691,18,57e4447126217aa0,1.311931,19.269535,1,13647,1,1,0,0,1,0,0,0,0,0,0,0,0,0
3692,18,c5760653ee62174e,2.029258,17.955326,1,13338,1,0,0,0,0,0,0,0,0,0,0,0,0,1
3693,18,92b88848ef308c51,1.524505,20.0,1,13647,1,1,0,0,1,0,0,0,0,0,0,0,0,1
3694,18,beea929c168a171a,1.145304,20.0,1,13709,1,1,0,0,1,0,0,0,0,0,0,0,0,1
3695,18,0eb64148783faa5f,1.905435,20.0,1,13786,2,1,0,0,1,0,0,0,0,0,0,0,0,1
3696,18,800f9b58da81d304,2.475136,17.838688,0,13806,1,0,0,0,0,0,0,0,0,0,0,0,0,0
3697,18,ad622a238e6600d3,1.859477,20.0,1,13958,1,1,0,0,1,0,0,0,0,0,0,0,0,1
3698,18,ca76f6fd0a4074a5,2.442504,15.31043,0,13810,1,0,0,0,0,0,0,0,0,0,0,0,0,0
3699,18,e4fa28c3b421f5c4,1.834962,18.459843,1,13786,1,1,0,0,1,0,0,0,0,0,0,0,0,1
3700,18,498023ccaed37b46,2.422191,20.0,1,13958,2,1,0,0,1,0,0,0,0,0,0,0,0,1
3701,18,2e18831798eb72f2,1.819702,19.124549,1,13874,1,1,0,0,1,0,0,0,0,0,0,0,0,0
3702,18,89eca362bce36892,2.412592,17.862435,1,13861,1,0,0,0,0,0,0,0,0,0,0,0,0,1
3703,18,9682da7bf3da96d9,1.81249,20.0,1,14091,1,1,0,0,1,0,0,0,0,0,0,0,0,1
3704,18,354fb149cfdf92e0,1.361656,18.787374,1,13962,1,1,0,0,0,0,0,0,0,0,0,0,0,1
3705,18,07a9871527ded584,3.112286,20.0,1,13659,2,0,0,0,1,0,0,0,0,0,0,0,0,1
3706,18,e75c776f4b4e19f8,2.338144,19.322505,1,13894,1,1,0,0,1,0,0,0,0,0,0,0,0,0
3707,18,1499f4a194d138c3,1.75656,17.99512,1,13802,1,1,0,0,0,0,0,0,0,0,0,0,0,1
3708,18,9bf93fa8d0bdb2cc,2.363291,16.997906,1,13892,1,0,0,0,1,0,0,0,0,0,0,0,0,0
3709,18,fd77e62c97a5faf2,1.777229,19.743671,1,13745,1,1,0,0,1,0,0,0,0,0,0,0,0,1
3710,18,46497f7d2f0652c5,3.422472,18.311526,1,13930,2,0,0,0,0,0,0,0,0,0,0,0,0,1
3711,18,2869fcff984d0d4a,2.571175,20.0,1,14063,1,1,0,0,1,0,0,0,0,0,0,0,0,1
3712,18,0cb6aef6d2dfbdb4,2.977711,15.577565,0,13879,1,0,0,0,0,0,0,0,0,0,0,0,0,0
3713,18,bea3e6ec20ea281e,2.237043,18.660531,1,14101,1,1,0,0,1,0,0,0,0,0,0,0,0,1
3714,18,3dca5d4bef8255e7,1.680607,17.497804,1,14082,1,1,0,0,1,0,0,0,0,0,0,0,0,0
3715,18,fd6a082643791c36,2.30623,16.624291,1,13996,1,0,0,0,0,0,0,0,0,0,0,0,0,1
3716,18,65cefee8ecd51c71,1.734318,15.982205,1,13821,1,1,0,0,1,0,0,0,0,0,0,0,0,0
3717,18,3738b1017c435d4a,2.346582,15.485678,1,14668,1,0,0,0,0,0,0,0,0,0,0,0,0,1
3718,18,3ad6c83d57d45ff3,1.762899,15.112655,1,14294,1,1,0,0,1,0,0,0,0,0,0,0,0,0
3719,18,2ab3f2fb0ab34ce5,2.369876,18.325936,1,14070,2,1,0,0,1,0,0,0,0,0,0,0,0,1
3720,18,1fe5b98e4c2d5e89,0.736746,17.246435,1,14156,0,1,0,0,1,0,0,0,0,0,0,0,0,0
3721,18,9e5cb46ab156130e,2.640796,16.435446,1,14208,2,0,0,0,0,0,0,0,0,0,0,0,0,1
3722,18,c9fd185360ae9778,1.983931,19.305025,1,14138,1,1,0,0,1,0,0,0,0,0,0,0,0,1
3723,18,5535d99fc56af2b0,1.491945,20.0,1,14204,1,1,0,0,1,0,0,0,0,0,0,0,0,1
3724,18,20598094f68840a6,1.120842,16.136113,0,14162,1,1,0,0,0,0,0,0,0,0,0,0,0,0
3725,18,701741020018015b,1.8857,19.080147,1,14165,1,0,0,0,1,0,0,0,0,0,0,0,0,1
3726,18,d9da923fb8e424a4,1.418074,17.829044,1,14224,1,1,0,0,1,0,0,0,0,0,0,0,0,0
3727,18,d3915ee9d637f27e,1.065346,20.0,1,14310,1,1,0,0,1,0,0,0,0,0,0,0,0,1
3728,18,321c66e31feacdcb,0.800354,20.0,1,14337,1,1,0,0,1,0,0,0,0,0,0,0,0,1
3729,18,ac59187201b88ef1,1.64493,16.71362,0,14322,1,0,0,0,0,0,0,0,0,0,0,0,0,0
3730,18,af88f6920009af3f,2.281161,19.529884,1,14406,2,1,0,0,1,0,0,0,0,0,0,0,0,1
3731,18,33bed9c222525c33,1.713751,20.0,1,14450,1,1,0,0,1,0,0,0,0,0,0,0,0,1
3732,18,333d11e420ca1909,1.287477,20.0,1,14408,1,1,0,0,1,0,0,0,0,0,0,0,0,1
3733,18,eb047712fdcc3d05,0.968201,20.0,1,14355,1,1,0,0,1,0,0,0,0,0,0,0,0,1
3734,18,0e4c1685bffd3c60,1.771027,20.0,1,14491,2,1,0,0,0,0,0,0,0,0,0,0,0,1
3735,18,5ed96e330ff5e37b,2.374159,19.871093,1,14640,1,0,0,0,1,0,0,0,0,0,0,0,0,0
3736,18,cdba1f8e6de8f3f9,1.783617,20.0,1,14418,1,1,0,0,1,0,0,0,0,0,0,0,0,1
3737,18,383027d84219da7f,1.341306,19.93916,1,14426,1,1,0,0,1,0,0,0,0,0,0,0,0,0
3738,18,1f192c153e9251f6,1.007673,20.0,1,14258,1,1,0,0,1,0,0,0,0,0,0,0,0,1
3739,18,1414c53cc49ef8d5,0.757027,19.959468,1,14339,1,1,0,0,1,0,0,0,0,0,0,0,0,0
3740,18,952f864c7dc38f1d,1.613446,18.490307,1,14311,1,0,0,0,0,0,0,0,0,0,0,0,0,1
3741,18,33c6b12926b1d0fc,1.212121,17.369921,1,14497,1,1,0,0,1,0,0,0,0,0,0,0,0,0
3742,18,4b907b7df22d9973,1.954275,20.0,1,14499,2,1,0,0,1,0,0,0,0,0,0,0,0,1
3743,18,b459f5ea2ef638b2,1.468174,20.0,1,14649,1,1,0,0,1,0,0,0,0,0,0,0,0,1
3744,18,d30eb141441fe5ec,1.104087,20.0,1,14795,1,1,0,0,1,0,0,0,0,0,0,0,0,1
3745,18,a59554ce9fd72d3c,0.82946,20.0,1,14933,1,1,0,0,0,0,0,0,0,0,0,0,0,1
3746,18,921c9bc568e9aff3,2.710449,20.0,1,15116,2,0,0,0,1,0,0,0,0,0,0,0,0,1
3747,18,5f8669e4ca006f10,2.038296,20.0,1,14883,1,1,0,0,1,0,0,0,0,0,0,0,0,1
3748,18,5f26667a7bfc2da8,1.531296,20.0,1,15067,1,1,0,0,1,0,0,0,0,0,0,0,0,0
3749,18,83dde537fc3fbcbf,1.150405,19.712016,1,15246,1,1,0,0,0,0,0,0,0,0,0,0,0,1
3750,18,9f54cdbc88f10091,2.951563,20.0,1,15131,2,0,0,0,1,0,0,0,0,0,0,0,0,1
3751,18,68321c501031aad7,2.219618,20.0,1,15281,1,1,0,0,1,0,0,0,0,0,0,0,0,1
3752,18,4444f3b837b96ed5,2.711169,20.0,1,15257,1,0,0,0,0,0,0,0,0,0,0,0,0,1
3753,18,78222c1543e72b4a,2.0368,19.259599,1,15556,1,1,0,0,1,0,0,0,0,0,0,0,0,0
3754,18,8cefc4298d71f0e9,1.531703,20.0,1,15567,1,1,0,0,1,0,0,0,0,0,0,0,0,1
3755,18,1a9998e5bbc3fdd2,2.194364,19.589293,1,15438,2,1,0,0,0,0,0,0,0,0,0,0,0,1
3756,18,1aa242d1d204c13c,2.692197,20.0,1,15785,1,0,0,0,1,0,0,0,0,0,0,0,0,1
3757,18,e949c93948b2aa5f,3.0662,20.0,1,15589,2,1,0,0,1,0,0,0,0,0,0,0,0,1
3758,18,6ca77b6eabae7390,2.305826,20.0,1,15820,1,1,0,0,1,0,0,0,0,0,0,0,0,0
3759,18,d48a137d779f8a0a,1.732281,19.22377,1,15952,1,1,0,0,0,0,0,0,0,0,0,0,0,1
3760,19,1fd48474a6be9a50,2.345051,17.920945,1,14081,1,0,0,0,1,0,0,0,0,0,0,0,0,0
3761,19,40ab05863d40ab6a,1.763512,20.0,1,14137,1,1,0,0,1,0,0,0,0,0,0,0,0,1
3762,19,9fa3e60e300cac94,2.368514,20.0,1,14144,2,1,0,0,1,0,0,0,0,0,0,0,0,1
3763,19,9522afc9eb92ebd2,2.823029,16.76206,0,14048,1,0,0,0,0,0,0,0,0,0,0,0,0,0
3764,19,0fba0eaa5e567fe1,2.120836,19.550398,1,14172,1,1,0,0,1,0,0,0,0,0,0,0,0,1
3765,19,8f9f8c22e25048df,1.594899,18.18268,1,13862,1,1,0,0,1,0,0,0,0,0,0,0,0,0
3766,19,025aca0c2fc547cd,1.198188,17.138812,1,13925,1,1,0,0,0,0,0,0,0,0,0,0,0,1
3767,19,ea7305c3d0c4eb0e,1.943807,19.833438,1,14127,1,0,0,0,1,0,0,0,0,0,0,0,0,1
3768,19,b3bc2710b036c5b2,1.461771,18.39553,1,13830,1,1,0,0,1,0,0,0,0,0,0,0,0,0
3769,19,3c254a4fca255c07,1.098174,20.0,1,14093,1,1,0,0,1,0,0,0,0,0,0,0,0,1
3770,19,7fb0256f65ce4ff6,1.86867,15.609406,0,14106,1,0,0,0,0,0,0,0,0,0,0,0,0,0
3771,19,a69e89495c03d18a,1.403862,18.684452,1,13894,1,1,0,0,1,0,0,0,0,0,0,0,0,1
3772,19,ba87dd4319678e85,1.055724,17.531476,1,14081,1,1,0,0,1,0,0,0,0,0,0,0,0,0
3773,19,3e895dd2e76d3ae9,0.793126,20.0,1,13912,1,1,0,0,1,0,0,0,0,0,0,0,0,1
3774,19,5bfa9aaebee05047,1.639499,18.600583,1,13916,1,0,0,0,0,0,0,0,0,0,0,0,0,1
3775,19,ca3938afd42b6b51,2.277077,20.0,1,14019,2,1,0,0,1,0,0,0,0,0,0,0,0,1
3776,19,3840b1179d01d5ca,1.710683,19.216975,1,14042,1,1,0,0,1,0,0,0,0,0,0,0,0,0
3777,19,3ad00a257add4750,2.328826,17.915839,1,13912,1,0,0,0,0,0,0,0,0,0,0,0,0,1
3778,19,715e21df0f1ac6b8,1.74956,16.938345,1,14215,1,1,0,0,1,0,0,0,0,0,0,0,0,0
3779,19,ab882b57d80326bc,1.315694,19.69888,1,13899,1,1,0,0,1,0,0,0,0,0,0,0,0,1
3780,19,de121b1615b372cf,0.988432,18.277877,1,14010,1,1,0,0,1,0,0,0,0,0,0,0,0,0
3781,19,0469b68beb7ba893,0.742572,17.21033,1,13902,1,1,0,0,0,0,0,0,0,0,0,0,0,1
3782,19,77ed09b9b5fdd2d5,2.646726,19.903417,1,13950,2,0,0,0,1,0,0,0,0,0,0,0,0,1
3783,19,f45c2f458d50995d,1.988386,18.431538,1,14045,1,1,0,0,1,0,0,0,0,0,0,0,0,0
3784,19,970cba8aa9e83add,1.4938,20.0,1,13945,1,1,0,0,1,0,0,0,0,0,0,0,0,1
3785,19,8c235a0ae63b488b,1.122236,20.0,1,13892,1,1,0,0,1,0,0,0,0,0,0,0,0,1
3786,19,2bce3cabc81dd490,2.932239,20.0,1,14074,2,0,0,0,0,0,0,0,0,0,0,0,0,1
3787,19,308bd744ed8c33ff,2.202881,20.0,1,13958,1,1,0,0,1,0,0,0,0,0,0,0,0,1
3788,19,51952867e827cf95,1.654942,20.0,1,14023,1,1,0,0,1,0,0,0,0,0,0,0,0,0
3789,19,443f5748c5da71ed,1.24454,20.0,1,13924,1,1,0,0,1,0,0,0,0,0,0,0,0,1
3790,19,30f0b4f090c40f84,1.97863,16.674015,0,13995,1,0,0,0,0,0,0,0,0,0,0,0,0,0
3791,19,1d09943f7d6afd36,2.530124,19.484253,1,13977,2,1,0,0,1,0,0,0,0,0,0,0,0,1
3792,19,38015449e0d5de60,1.900788,20.0,1,13869,1,1,0,0,1,0,0,0,0,0,0,0,0,1
3793,19,0aa8eb1fa4174cec,1.429419,19.720611,1,13686,1,1,0,0,0,0,0,0,0,0,0,0,0,1
3794,19,c2ce5426e8cb1884,2.117523,20.0,1,13913,1,0,0,0,1,0,0,0,0,0,0,0,0,1
3795,19,c9dc82573c2df3cf,1.590816,19.83612,1,13763,1,1,0,0,1,0,0,0,0,0,0,0,0,0
3796,19,bbcfcbe99e6bbf4c,1.196316,20.0,1,13704,1,1,0,0,1,0,0,0,0,0,0,0,0,1
3797,19,64006fe84f928857,1.942401,16.43616,0,13679,1,0,0,0,0,0,0,0,0,0,0,0,0,0
3798,19,c9bd102f551668a0,1.459253,19.305562,1,13913,1,1,0,0,1,0,0,0,0,0,0,0,0,1
3799,19,89bcfc46545eb1fe,2.139936,20.0,1,13947,2,1,0,0,1,0,0,0,0,0,0,0,0,1
3800,19,b6826c3626ab11c0,2.653413,16.139155,0,13819,1,0,0,0,0,0,0,0,0,0,0,0,0,0
3801,19,875cb912c92fde5c,1.99341,19.082433,1,13837,1,1,0,0,1,0,0,0,0,0,0,0,0,1
3802,19,a550f74ee3fbf7db,2.541228,17.814763,1,13943,1,0,0,0,0,0,0,0,0,0,0,0,0,1
3803,19,8074ccb92386ffb3,1.911039,20.0,1,13732,1,1,0,0,1,0,0,0,0,0,0,0,0,1
3804,19,018889d97ed20bd4,1.435692,18.773018,1,13659,1,1,0,0,1,0,0,0,0,0,0,0,0,0
3805,19,7c8ee0c0273a6f37,3.165889,17.582311,1,13579,2,0,0,0,0,0,0,0,0,0,0,0,0,1
3806,19,a2461c73f96c3fb8,2.378414,20.0,1,13621,1,1,0,0,1,0,0,0,0,0,0,0,0,1
3807,19,49e9f70fe4d0cee0,1.788601,20.0,1,13742,1,1,0,0,1,0,0,0,0,0,0,0,0,1
3808,19,1e382182a1979b62,1.343709,20.0,1,13883,1,1,0,0,1,0,0,0,0,0,0,0,0,1
3809,19,f1875dddd24a01a6,2.053132,17.7152,0,13683,1,0,0,0,0,0,0,0,0,0,0,0,0,0
3810,19,e3d87f480299c471,1.543984,20.0,1,13524,1,1,0,0,1,0,0,0,0,0,0,0,0,1
3811,19,b1e92a86797c6860,1.159938,20.0,1,13884,1,1,0,0,1,0,0,0,0,0,0,0,0,1
3812,19,ea077ab52e860221,0.871418,16.674735,0,13711,1,1,0,0,0,0,0,0,0,0,0,0,0,0
3813,19,e149c612cd4208a5,1.698317,19.484794,1,13925,1,0,0,0,1,0,0,0,0,0,0,0,0,1
3814,19,6ed0c4a07e63e1a1,1.277159,20.0,1,13892,1,1,0,0,1,0,0,0,0,0,0,0,0,1
3815,19,1356e7dd4525054b,2.003135,16.237675,0,13926,1,0,0,0,0,0,0,0,0,0,0,0,0,0
3816,19,be3020cd317ef712,1.50488,19.156447,1,13988,1,1,0,0,1,0,0,0,0,0,0,0,0,1
3817,19,525883dcfa853102,1.131691,20.0,1,13855,1,1,0,0,1,0,0,0,0,0,0,0,0,1
3818,19,95cc87440b0105d9,1.893851,20.0,1,14031,2,1,0,0,1,0,0,0,0,0,0,0,0,1
3819,19,25bfd20738a4a016,1.422779,20.0,1,13814,1,1,0,0,1,0,0,0,0,0,0,0,0,0
3820,19,a6cf667e3dbfac80,2.112534,19.079033,1,13898,1,0,0,0,0,0,0,0,0,0,0,0,0,1
3821,19,c929c6d91d2e8127,1.588656,17.828206,1,13933,1,1,0,0,1,0,0,0,0,0,0,0,0,0
3822,19,9867532399361408,1.193498,20.0,1,14112,1,1,0,0,1,0,0,0,0,0,0,0,0,1
3823,19,225cc3b5ba587ba9,0.89663,20.0,1,13984,1,1,0,0,1,0,0,0,0,0,0,0,0,1
3824,19,a683c9983dfed13b,1.718429,20.0,1,14111,2,1,0,0,1,0,0,0,0,0,0,0,0,1
3825,19,8d9b71bb72f4406f,1.290992,17.798155,0,14109,1,1,0,0,0,0,0,0,0,0,0,0,0,0
3826,19,ac9a68909547035a,2.013527,20.0,1,14177,1,0,0,0,1,0,0,0,0,0,0,0,0,1
3827,19,0be32d6a5e03d2a4,1.512688,18.751095,1,13943,1,1,0,0,1,0,0,0,0,0,0,0,0,0
3828,19,7c4c25f3a9e9e25a,2.181713,20.0,1,13957,2,1,0,0,1,0,0,0,0,0,0,0,0,1
3829,19,7bcdc850dd06b5b4,1.63904,20.0,1,13750,1,1,0,0,1,0,0,0,0,0,0,0,0,1
3830,19,8bcaa73c4863e620,2.275003,17.114403,0,13659,1,0,0,0,0,0,0,0,0,0,0,0,0,0
3831,19,854c8af35ff468e8,1.710834,19.831279,1,13549,1,1,0,0,1,0,0,0,0,0,0,0,0,1
3832,19,ccdc9b2357048c54,1.285286,20.0,1,13532,1,1,0,0,1,0,0,0,0,0,0,0,0,1
3833,19,4a845126eebf9367,0.965587,16.419736,0,13386,1,1,0,0,0,0,0,0,0,0,0,0,0,0
3834,19,95769102f30e7718,2.812716,19.293223,1,13540,2,0,0,0,1,0,0,0,0,0,0,0,0,1
3835,19,ddd242edd95daf05,2.115203,20.0,1,13401,1,1,0,0,1,0,0,0,0,0,0,0,0,1
3836,19,4e3a66086b013232,1.589073,20.0,1,13592,1,1,0,0,1,0,0,0,0,0,0,0,0,1
3837,19,5bd4082f05473405,2.237464,20.0,1,13736,1,0,0,0,0,0,0,0,0,0,0,0,0,1
3838,19,bb1118387e5acd8c,1.682605,19.139954,1,13653,1,1,0,0,1,0,0,0,0,0,0,0,0,0
3839,19,d86d87bdd8bbb3f9,1.264078,20.0,1,13844,1,1,0,0,1,0,0,0,0,0,0,0,0,1
3840,19,d157af6115943b69,1.993308,16.029556,0,13992,1,0,0,0,0,0,0,0,0,0,0,0,0,0
3841,19,a845ef9445885260,2.541151,19.000095,1,13970,2,1,0,0,1,0,0,0,0,0,0,0,0,1
3842,19,840c7a3e90d51962,1.910982,20.0,1,13948,1,1,0,0,1,0,0,0,0,0,0,0,0,1
3843,19,f12d2e20472dc4d1,2.479303,15.963839,0,14179,1,0,0,0,0,0,0,0,0,0,0,0,0,0
3844,19,e2bc66001fdcd91c,1.862607,18.950725,1,14490,1,1,0,0,1,0,0,0,0,0,0,0,0,1
3845,19,d8ff42f65a4504e1,1.400707,17.731717,1,15057,1,1,0,0,1,0,0,0,0,0,0,0,0,0
3846,19,02dfb24fef8ff3b2,2.095952,16.80002,1,15049,2,1,0,0,0,0,0,0,0,0,0,0,0,1
3847,19,7f2b616c06261948,2.618264,19.578916,1,16276,1,0,0,0,1,0,0,0,0,0,0,0,0,1
3848,19,8f793373c9685963,1.967004,20.0,1,16211,1,1,0,0,1,0,0,0,0,0,0,0,0,1
3849,19,08da257a83eeb454,3.567516,19.774091,1,15925,2,0,0,0,0,0,0,0,0,0,0,0,0,1
3850,19,a639c3c6a63f7fcc,2.680141,18.33438,1,15926,1,1,0,0,1,0,0,0,0,0,0,0,0,0
3851,19,d9e25813f48fec33,2.01349,20.0,1,15689,1,1,0,0,1,0,0,0,0,0,0,0,0,1
3852,19,9015cc0a32717932,2.558324,19.070978,1,16039,1,0,0,0,0,0,0,0,0,0,0,0,0,1
3853,19,c4cd7f89c4c77892,2.965626,20.0,1,16571,2,1,0,0,1,0,0,0,0,0,0,0,0,1
3854,19,9de9db690e04dc7e,2.227964,19.469471,1,16296,1,1,0,0,1,0,0,0,0,0,0,0,0,0
3855,19,8cbf0d972271d707,2.71744,18.10553,1,16274,1,0,0,0,0,0,0,0,0,0,0,0,0,1
3856,19,aa084e76eb1ec727,3.087704,20.0,1,16059,2,1,0,0,1,0,0,0,0,0,0,0,0,1
3857,19,20d53f683e5923df,2.319676,18.93729,1,16006,1,1,0,0,1,0,0,0,0,0,0,0,0,0
3858,19,664a282da5d02405,2.78634,17.705723,1,15903,1,0,0,0,0,0,0,0,0,0,0,0,0,1
3859,19,ac4d32b2f60eba89,3.139518,20.0,1,14182,2,1,0,0,1,0,0,0,0,0,0,0,0,1
3860,19,c25194900e321227,1.314949,18.711415,1,13511,0,1,0,0,1,0,0,0,0,0,0,0,0,0
3861,19,80123b140c61e541,2.031525,20.0,1,13419,2,1,0,0,1,0,0,0,0,0,0,0,0,1
3862,19,4bcc8c03cfa66425,2.569862,15.78769,0,13613,1,0,0,0,0,0,0,0,0,0,0,0,0,0
3863,19,67092c594570d6c3,1.932573,18.833571,1,13535,1,1,0,0,1,0,0,0,0,0,0,0,0,1
3864,19,2e745b600a804de3,1.45187,20.0,1,13718,1,1,0,0,1,0,0,0,0,0,0,0,0,1
3865,19,59629e1a52c1173a,1.090736,19.33548,1,13703,1,1,0,0,1,0,0,0,0,0,0,0,0,0
3866,19,31f0b0e2dda7694d,1.864399,18.021058,1,13598,1,0,0,0,0,0,0,0,0,0,0,0,0,1
3867,19,0ccdfdc5174f2e6b,1.400653,17.017392,1,13761,1,1,0,0,1,0,0,0,0,0,0,0,0,0
3868,19,71e535bf734d1f9b,1.052259,16.263375,1,13635,1,1,0,0,0,0,0,0,0,0,0,0,0,1
3869,19,c87487c22ad3245f,1.834176,15.69691,1,13675,1,0,0,0,1,0,0,0,0,0,0,0,0,0
3870,19,a0df8717d79dfeca,1.379326,18.765303,1,13799,1,1,0,0,1,0,0,0,0,0,0,0,0,1
3871,19,16897aa8b16c2225,2.07989,17.576515,1,13675,2,1,0,0,0,0,0,0,0,0,0,0,0,1
3872,19,3598548755ed4241,2.606197,20.0,1,13523,1,0,0,0,1,0,0,0,0,0,0,0,0,1
3873,19,3ce0f1987e90febd,1.959897,20.0,1,13606,1,1,0,0,1,0,0,0,0,0,0,0,0,1
3874,19,174b1ba446d11fcf,1.472397,20.0,1,13739,1,1,0,0,1,0,0,0,0,0,0,0,0,0
3875,19,4214208bd4921e8f,2.149811,20.0,1,13715,2,1,0,0,1,0,0,0,0,0,0,0,0,1
3876,19,be32a196991e6bcb,2.658726,20.0,1,13499,1,0,0,0,0,0,0,0,0,0,0,0,0,1
3877,19,d92cff3db3567d7e,1.9994,20.0,1,13605,1,1,0,0,1,0,0,0,0,0,0,0,0,1
3878,19,a13b48c123d78a09,1.502074,20.0,1,13639,1,1,0,0,1,0,0,0,0,0,0,0,0,1
3879,19,156dbd46a943f40a,2.172106,17.66563,0,13687,1,0,0,0,0,0,0,0,0,0,0,0,0,0
3880,19,8e83cdec121c2be9,1.633454,20.0,1,13513,1,1,0,0,1,0,0,0,0,0,0,0,0,1
3881,19,c883e13bb863d839,1.227153,18.688764,1,13812,1,1,0,0,1,0,0,0,0,0,0,0,0,0
3882,19,7d82dd11924d2e62,1.965568,17.519014,1,13575,1,0,0,0,0,0,0,0,0,0,0,0,0,1
3883,19,c2de4a14bf57e874,1.476657,16.640225,1,13599,1,1,0,0,1,0,0,0,0,0,0,0,0,0
3884,19,890df85f500ad2ca,2.154618,19.47469,1,13530,2,1,0,0,1,0,0,0,0,0,0,0,0,1
3885,19,78d82f4b1445a7af,1.618684,20.0,1,13643,1,1,0,0,1,0,0,0,0,0,0,0,0,1
3886,19,af6769ce55582a4b,2.25971,19.697324,1,13617,1,0,0,0,0,0,0,0,0,0,0,0,0,1
3887,19,7ad52bb44ccca57d,1.699334,20.0,1,13619,1,1,0,0,1,0,0,0,0,0,0,0,0,1
3888,19,e133e683b3a3bf75,1.276646,19.83659,1,13527,1,1,0,0,1,0,0,0,0,0,0,0,0,0
3889,19,454709357d9aedba,2.00275,18.381333,1,13640,1,0,0,0,0,0,0,0,0,0,0,0,0,1
3890,19,6eb92eeb8ab9d487,2.548245,20.0,1,13677,2,1,0,0,1,0,0,0,0,0,0,0,0,1
3891,19,4145fdc9cb93cc08,1.916316,19.097505,1,13394,1,1,0,0,1,0,0,0,0,0,0,0,0,0
3892,19,b1059cbdfdb77194,2.48331,17.826086,1,13569,1,0,0,0,0,0,0,0,0,0,0,0,0,1
3893,19,de96d9cc38067468,1.865618,16.870916,1,13555,1,1,0,0,1,0,0,0,0,0,0,0,0,0
3894,19,c45256968617ab3e,2.447122,16.167671,1,13493,1,0,0,0,0,0,0,0,0,0,0,0,0,1
3895,19,b87817cd6f02f773,1.838431,15.625012,1,13582,1,1,0,0,1,0,0,0,0,0,0,0,0,0
3896,19,ee21f17229356cae,1.381145,18.696176,1,13595,1,1,0,0,1,0,0,0,0,0,0,0,0,1
3897,19,c64f059a9f303588,2.081256,17.524583,1,13528,1,0,0,0,0,0,0,0,0,0,0,0,0,1
3898,19,b5904d82bb17141d,1.565134,16.659238,1,13698,1,1,0,0,1,0,0,0,0,0,0,0,0,0
3899,19,572f5fb11a337661,1.175827,19.473152,1,13567,1,1,0,0,1,0,0,0,0,0,0,0,0,1
3900,19,1b7828c24210f758,0.883355,14.629451,0,13659,1,1,0,0,0,0,0,0,0,0,0,0,0,0
3901,19,be3e749f6014944c,1.708446,17.962559,1,13563,1,0,0,0,1,0,0,0,0,0,0,0,0,1
3902,19,869ce0f3af8978b0,1.283491,16.973444,1,13655,1,1,0,0,1,0,0,0,0,0,0,0,0,0
3903,19,2dc09930b27ff16e,0.964239,19.709203,1,13889,1,1,0,0,1,0,0,0,0,0,0,0,0,1
3904,19,36e33018d39a8051,1.76805,14.806787,0,13836,1,0,0,0,0,0,0,0,0,0,0,0,0,0
3905,19,acb09c488922d336,2.373749,18.095918,1,13749,2,1,0,0,1,0,0,0,0,0,0,0,0,1
3906,19,d54fb8def02908b5,1.783309,20.0,1,14009,1,1,0,0,1,0,0,0,0,0,0,0,0,1
3907,19,e6d3d3ae8a1fe0f6,2.383387,18.919151,1,13952,1,0,0,0,0,0,0,0,0,0,0,0,0,1
3908,19,72083b0248a41659,1.792341,17.707973,1,13806,1,1,0,0,1,0,0,0,0,0,0,0,0,0
3909,19,51bd2902bb7f9e06,2.390172,20.0,1,13871,2,1,0,0,1,0,0,0,0,0,0,0,0,1
3910,19,46e75e26a6a10c3a,1.795647,20.0,1,13867,1,1,0,0,1,0,0,0,0,0,0,0,0,1
3911,19,96f296e60b38588b,1.349002,20.0,1,14216,1,1,0,0,1,0,0,0,0,0,0,0,0,0
3912,19,3f147ed0c60e8fd4,2.05862,18.626918,1,14054,1,0,0,0,0,0,0,0,0,0,0,0,0,1
3913,19,ca02d5efd9a8629d,1.546564,20.0,1,14026,1,1,0,0,1,0,0,0,0,0,0,0,0,1
3914,19,8861b897acf90580,1.161876,19.218845,1,14134,1,1,0,0,1,0,0,0,0,0,0,0,0,0
3915,19,59d92f3656dce0ac,0.873747,20.0,1,14145,1,1,0,0,1,0,0,0,0,0,0,0,0,1
3916,19,fbb3f8b5de87a3da,2.74372,19.566269,1,14368,2,0,0,0,0,0,0,0,0,0,0,0,0,1
3917,19,0e4907377e07db9e,2.061254,20.0,1,14279,1,1,0,0,1,0,0,0,0,0,0,0,0,1
3918,19,5f5e749d3b2c3370,1.548543,20.0,1,14284,1,1,0,0,1,0,0,0,0,0,0,0,0,1
3919,19,db5bb81ea985fb78,2.208677,20.0,1,14432,2,1,0,0,1,0,0,0,0,0,0,0,0,1
3920,19,4550937b7340214d,1.659297,20.0,1,14362,1,1,0,0,1,0,0,0,0,0,0,0,0,1
3921,19,61e27ccd7e68f2c3,1.246568,20.0,1,14475,1,1,0,0,1,0,0,0,0,0,0,0,0,0
3922,19,86f76ae0bc27159c,3.025738,20.0,1,14429,2,0,0,0,0,0,0,0,0,0,0,0,0,1
3923,19,d0c5721d9bdf4340,2.273124,20.0,1,14428,1,1,0,0,1,0,0,0,0,0,0,0,0,1
3924,19,277cfd13128aefcd,1.707713,20.0,1,14579,1,1,0,0,1,0,0,0,0,0,0,0,0,1
3925,19,255dd1efda437f53,2.326594,20.0,1,14666,1,0,0,0,0,0,0,0,0,0,0,0,0,1
3926,19,ec386017f0341806,1.749632,19.483964,1,14537,1,1,0,0,1,0,0,0,0,0,0,0,0,0
3927,19,474a81085f70e1a0,1.314433,20.0,1,14662,1,1,0,0,1,0,0,0,0,0,0,0,0,1
3928,19,de5313258ef02f88,0.987484,20.0,1,14746,1,1,0,0,1,0,0,0,0,0,0,0,0,1
3929,19,c63ab3a3abdca0f2,1.786753,17.432745,0,14501,1,0,0,0,0,0,0,0,0,0,0,0,0,0
3930,19,1f5c4c702c24d344,2.385974,20.0,1,14473,2,1,0,0,1,0,0,0,0,0,0,0,0,1
3931,19,b55ebbf1375c1430,1.792493,20.0,1,14418,1,1,0,0,1,0,0,0,0,0,0,0,0,1
3932,19,7e124636fc4e88b8,2.390286,16.545586,0,14203,1,0,0,0,0,0,0,0,0,0,0,0,0,0
3933,19,f73d1d5f3106bb9d,1.797529,19.40352,1,14391,1,1,0,0,1,0,0,0,0,0,0,0,0,1
3934,19,e5ba36a1a988dbb5,2.39407,18.055983,1,14396,1,0,0,0,0,0,0,0,0,0,0,0,0,1
3935,19,d4c4c067f2125264,1.798575,17.04363,1,14582,1,1,0,0,1,0,0,0,0,0,0,0,0,0
3936,19,b9f93df10b402b99,2.396705,20.0,1,14725,2,1,0,0,1,0,0,0,0,0,0,0,0,2
3937,19,08c284872d373b00,2.844208,17.473285,0,14673,1,0,0,0,0,0,0,0,0,0,0,0,0,0
3938,19,673dae826b713c77,2.136747,20.0,1,14874,1,1,0,0,1,0,0,0,0,0,0,0,0,1
3939,19,ed44bcaf8c6e183e,1.605258,20.0,1,15056,1,1,0,0,1,0,0,0,0,0,0,0,0,1
3940,19,ee0720ed1372f605,3.295478,20.0,1,14858,2,0,0,0,0,0,0,0,0,0,0,0,0,1
3941,19,50f34592703d18be,2.47577,18.549058,1,14776,1,1,0,0,1,0,0,0,0,0,0,0,0,0
3942,19,bfecb4d7c1353840,1.859953,20.0,1,14689,1,1,0,0,1,0,0,0,0,0,0,0,0,1
3943,19,ae6157874d995eb8,1.398711,15.711761,0,14699,1,1,0,0,0,0,0,0,0,0,0,0,0,0
3944,19,1cda1a60fae83159,2.094453,18.761348,1,14370,1,0,0,0,1,0,0,0,0,0,0,0,0,1
3945,19,640f0210486826c5,1.573484,20.0,1,14392,1,1,0,0,1,0,0,0,0,0,0,0,0,1
3946,19,946753e8528a4742,2.225753,20.0,1,14201,2,1,0,0,1,0,0,0,0,0,0,0,0,1
3947,19,7ea724ac4fa5a36d,2.717949,17.126043,0,14450,1,0,0,0,0,0,0,0,0,0,0,0,0,0
3948,19,c22e79716a5ac234,2.041893,19.823845,1,14548,1,1,0,0,1,0,0,0,0,0,0,0,0,1
3949,19,72539429e36f2989,1.533998,18.371758,1,14342,1,1,0,0,1,0,0,0,0,0,0,0,0,0
3950,19,7c071c46d6f80d33,1.153588,20.0,1,14238,1,1,0,0,1,0,0,0,0,0,0,0,0,1
3951,19,5ea4b6ff0ef92622,0.866648,20.0,1,14079,1,1,0,0,1,0,0,0,0,0,0,0,0,1
3952,19,0f14aaaacb415560,1.694733,16.9534,0,13825,1,0,0,0,0,0,0,0,0,0,0,0,0,0
3953,19,5c0cae862e7a23cc,1.27319,19.694145,1,13942,1,1,0,0,1,0,0,0,0,0,0,0,0,1
3954,19,75b219acc20a8629,0.957457,18.290779,1,13727,1,1,0,0,1,0,0,0,0,0,0,0,0,0
3955,19,7bf135a4b29f0f03,0.719302,20.0,1,13832,1,1,0,0,1,0,0,0,0,0,0,0,0,1
3956,19,0b131bd9c897623b,0.540384,19.02913,1,13735,1,1,0,0,1,0,0,0,0,0,0,0,0,0
3957,19,bace3560a0fe8d52,1.450527,20.0,1,14143,2,1,0,0,1,0,0,0,0,0,0,0,0,1
3958,19,1e4af2d0083db375,1.089727,19.459087,1,13994,1,1,0,0,0,0,0,0,0,0,0,0,0,1
3959,19,8387acb2fc19b0d9,1.862324,20.0,1,13879,1,0,0,0,1,0,0,0,0,0,0,0,0,1
3960,19,d35b405b8bbecb06,1.399095,20.0,1,13683,1,1,0,0,1,0,0,0,0,0,0,0,0,1
3961,19,3af1f6851f3045b2,1.052139,20.0,1,13895,1,1,0,0,1,0,0,0,0,0,0,0,0,0
3962,19,e704528479ce959e,1.834086,19.182253,1,13585,1,0,0,0,0,0,0,0,0,0,0,0,0,1
3963,19,3d2d7993b6a01d57,1.37788,20.0,1,13643,1,1,0,0,1,0,0,0,0,0,0,0,0,1
3964,19,06ab485861cbaa82,1.036186,19.549992,1,13441,1,1,0,0,1,0,0,0,0,0,0,0,0,0
3965,19,bdf48a634373fe59,1.822101,20.0,1,13910,2,1,0,0,1,0,0,0,0,0,0,0,0,1
3966,19,3cf83dc48d6ca973,1.368876,20.0,1,13603,1,1,0,0,1,0,0,0,0,0,0,0,0,1
3967,20,1fd48474a6be9a50,2.072039,20.0,1,14108,1,0,0,0,0,0,0,0,0,0,0,0,0,1
3968,20,40ab05863d40ab6a,1.558203,20.0,1,14108,1,1,0,0,1,0,0,0,0,0,0,0,0,1
3969,20,9fa3e60e300cac94,1.17062,20.0,1,14344,1,1,0,0,1,0,0,0,0,0,0,0,0,0
3970,20,9522afc9eb92ebd2,1.923096,18.901196,1,14093,1,0,0,0,0,0,0,0,0,0,0,0,0,1
3971,20,0fba0eaa5e567fe1,1.446196,17.69447,1,13927,1,1,0,0,1,0,0,0,0,0,0,0,0,0
3972,20,8f9f8c22e25048df,1.086473,20.0,1,13998,1,1,0,0,1,0,0,0,0,0,0,0,0,1
3973,20,025aca0c2fc547cd,0.816226,18.692576,1,13890,1,1,0,0,1,0,0,0,0,0,0,0,0,0
3974,20,ea7305c3d0c4eb0e,0.6132,20.0,1,14023,1,1,0,0,1,0,0,0,0,0,0,0,0,1
3975,20,b3bc2710b036c5b2,1.505286,19.273344,1,13896,1,0,0,0,0,0,0,0,0,0,0,0,0,1
3976,20,3c254a4fca255c07,1.130865,17.958188,1,14125,1,1,0,0,1,0,0,0,0,0,0,0,0,0
3977,20,7fb0256f65ce4ff6,0.849577,16.97016,1,14112,1,1,0,0,0,0,0,0,0,0,0,0,0,1
3978,20,a69e89495c03d18a,1.683044,16.242304,1,14089,1,0,0,0,1,0,0,0,0,0,0,0,0,0
3979,20,ba87dd4319678e85,1.264408,19.159925,1,13828,1,1,0,0,1,0,0,0,0,0,0,0,0,1
3980,20,3e895dd2e76d3ae9,0.949903,17.87298,1,13978,1,1,0,0,1,0,0,0,0,0,0,0,0,0
3981,20,5bfa9aaebee05047,0.713626,20.0,1,13792,1,1,0,0,1,0,0,0,0,0,0,0,0,1
3982,20,ca3938afd42b6b51,2.624958,18.810305,1,14139,2,0,0,0,0,0,0,0,0,0,0,0,0,1
3983,20,3840b1179d01d5ca,1.972033,20.0,1,13903,1,1,0,0,1,0,0,0,0,0,0,0,0,1
3984,20,3ad00a257add4750,1.481515,19.322348,1,14063,1,1,0,0,1,0,0,0,0,0,0,0,0,0
3985,20,715e21df0f1ac6b8,1.11412,20.0,1,14122,1,1,0,0,1,0,0,0,0,0,0,0,0,1
3986,20,ab882b57d80326bc,1.88065,19.624744,1,14028,1,0,0,0,0,0,0,0,0,0,0,0,0,1
3987,20,de121b1615b372cf,1.412862,20.0,1,14059,1,1,0,0,1,0,0,0,0,0,0,0,0,1
3988,20,58b8431551715724,2.105084,20.0,1,13854,2,1,0,0,1,0,0,0,0,0,0,0,0,1
3989,20,23e17bd6c1c20f85,1.583053,20.0,1,13977,1,1,0,0,1,0,0,0,0,0,0,0,0,1
3990,20,c8292701595322e6,2.232942,18.371001,0,14072,1,0,0,0,0,0,0,0,0,0,0,0,0,0
3991,20,10c80b0b9d50bf2d,1.677526,20.0,1,13992,1,1,0,0,1,0,0,0,0,0,0,0,0,1
3992,20,f6d7570dbe7171fa,1.261523,20.0,1,13775,1,1,0,0,1,0,0,0,0,0,0,0,0,1
3993,20,50afc0b225fbdddd,0.947735,20.0,1,14075,1,1,0,0,1,0,0,0,0,0,0,0,0,0
3994,20,26bf505ffeb94bbf,2.799305,18.832001,1,14152,2,0,0,0,0,0,0,0,0,0,0,0,0,1
3995,20,e40473ff344e55ae,2.103013,20.0,1,14075,1,1,0,0,1,0,0,0,0,0,0,0,0,1
3996,20,90ecaf7479b68915,1.581496,20.0,1,13929,1,1,0,0,1,0,0,0,0,0,0,0,0,1
3997,20,90f3fabff4cf81db,1.188119,20.0,1,13928,1,1,0,0,1,0,0,0,0,0,0,0,0,0
3998,20,856e34ca1b879edb,1.936243,18.978996,1,13905,1,0,0,0,0,0,0,0,0,0,0,0,0,1
3999,20,0b681578e0b3316e,2.500232,20.0,1,13941,2,1,0,0,1,0,0,0,0,0,0,0,0,1
4000,20,f010d85dc887294f,1.878331,19.430764,1,13847,1,1,0,0,1,0,0,0,0,0,0,0,0,0
4001,20,64c1c78f7859fdad,1.41112,20.0,1,13958,1,1,0,0,1,0,0,0,0,0,0,0,0,1
4002,20,c16d3e1a1b7346bd,2.103775,19.672532,1,13989,1,0,0,0,0,0,0,0,0,0,0,0,0,1
4003,20,65f500e78f5a12d1,1.582069,18.274526,1,13871,1,1,0,0,1,0,0,0,0,0,0,0,0,0
4004,20,811240a78b55f242,1.188549,20.0,1,13967,1,1,0,0,1,0,0,0,0,0,0,0,0,1
4005,20,32b4bea4d7d6baaf,0.892913,15.541112,0,13952,1,1,0,0,0,0,0,0,0,0,0,0,0,0
4006,20,84817e19b30071d4,1.715633,18.648141,1,13873,1,0,0,0,1,0,0,0,0,0,0,0,0,1
4007,20,ffff0e217c7ba340,1.288891,17.488496,1,13891,1,1,0,0,1,0,0,0,0,0,0,0,0,0
4008,20,e77698fe30e0fd3f,2.011949,16.617298,1,13849,1,0,0,0,0,0,0,0,0,0,0,0,0,1
4009,20,483bce6195dc1714,2.555156,19.441644,1,14110,2,1,0,0,1,0,0,0,0,0,0,0,0,1
4010,20,6f3b69ddd5319319,1.921513,14.620393,0,13840,1,1,0,0,0,0,0,0,0,0,0,0,0,0
4011,20,0d6c5b42aec46e2c,2.487215,17.941444,1,13901,1,0,0,0,1,0,0,0,0,0,0,0,0,1
4012,20,02d4b83032120bb5,1.868551,20.0,1,13727,1,1,0,0,1,0,0,0,0,0,0,0,0,1
4013,20,9dc3ce7482887633,2.449328,15.368483,0,13653,1,0,0,0,0,0,0,0,0,0,0,0,0,0
4014,20,4e10b4a0485f11b4,1.840088,18.503456,1,13851,1,1,0,0,1,0,0,0,0,0,0,0,0,1
4015,20,c033fd1015dccd90,1.38239,17.379799,1,13933,1,1,0,0,1,0,0,0,0,0,0,0,0,0
4016,20,8fe8537645ef107b,2.082191,16.535638,1,13715,1,0,0,0,0,0,0,0,0,0,0,0,0,1
4017,20,66d8090f329f9d7b,1.565837,15.915537,1,13739,1,1,0,0,1,0,0,0,0,0,0,0,0,0
4018,20,ccd668b915866e24,1.176355,18.914437,1,13872,1,1,0,0,1,0,0,0,0,0,0,0,0,1
4019,20,ecd374312e2f6a72,0.883752,14.209709,0,13765,1,1,0,0,0,0,0,0,0,0,0,0,0,0
4020,20,b8618cc3fe3250e1,1.708744,17.646907,1,13958,1,0,0,0,1,0,0,0,0,0,0,0,0,1
4021,20,890b28456faa84ec,1.283716,16.736306,1,13863,1,1,0,0,1,0,0,0,0,0,0,0,0,0
4022,20,dd3eb8b1b971766b,2.008061,19.53105,1,13934,2,1,0,0,1,0,0,0,0,0,0,0,0,1
4023,20,6abe1abfafa761f2,1.508581,18.151793,1,13672,1,1,0,0,0,0,0,0,0,0,0,0,0,1
4024,20,9ef00307ff62c37f,1.134475,17.130908,1,13655,0,0,0,0,1,0,0,0,0,0,0,0,0,0
4025,20,47bfae3986bb929c,1.895942,19.8275,1,13978,2,1,0,0,1,0,0,0,0,0,0,0,0,1
4026,20,b3bb2135a5d7ffc4,1.42435,18.374504,1,13948,1,1,0,0,1,0,0,0,0,0,0,0,0,0
4027,20,207ebbd3de2799c3,1.071132,20.0,1,13906,1,1,0,0,1,0,0,0,0,0,0,0,0,1
4028,20,5d922b9eeb3cffba,0.804701,20.0,1,13916,1,1,0,0,1,0,0,0,0,0,0,0,0,1
4029,20,d239da90fbfc8ce0,1.648195,16.954565,0,14004,1,0,0,0,0,0,0,0,0,0,0,0,0,0
4030,20,f7517e48ee97ae72,2.281881,19.69502,1,13856,2,1,0,0,1,0,0,0,0,0,0,0,0,1
4031,20,18326e5d764fe154,2.760157,18.291438,1,13542,1,0,0,0,0,0,0,0,0,0,0,0,0,1
4032,20,874256a1c864cb0f,2.073603,17.220518,1,13295,1,1,0,0,1,0,0,0,0,0,0,0,0,0
4033,20,1947d60825c78d76,1.55782,19.89482,1,13233,1,1,0,0,1,0,0,0,0,0,0,0,0,1
4034,20,98ecf49507910d30,1.171503,20.0,1,13295,1,1,0,0,1,0,0,0,0,0,0,0,0,1
4035,20,4d2defb4214b8212,1.92376,16.469323,0,13339,1,0,0,0,0,0,0,0,0,0,0,0,0,0
4036,20,beb1df623fe41b7f,1.445249,19.330476,1,13210,1,1,0,0,1,0,0,0,0,0,0,0,0,1
4037,20,fdacc20f6d820e1e,1.085761,20.0,1,13171,1,1,0,0,1,0,0,0,0,0,0,0,0,1
4038,20,97134b8de2500cf9,0.816508,19.633733,1,13148,1,1,0,0,1,0,0,0,0,0,0,0,0,0
4039,20,4c139fcfa138794b,1.657065,18.228934,1,13070,1,0,0,0,0,0,0,0,0,0,0,0,0,1
4040,20,881ed49173f73806,1.244891,20.0,1,13203,1,1,0,0,1,0,0,0,0,0,0,0,0,1
4041,20,2ea2d2d2ad8fe259,0.936176,19.011405,1,13183,1,1,0,0,1,0,0,0,0,0,0,0,0,0
4042,20,6364948125c79ff5,0.703314,20.0,1,13709,1,1,0,0,1,0,0,0,0,0,0,0,0,1
4043,20,4bac1c068695a732,2.61568,19.435848,1,13557,2,0,0,0,0,0,0,0,0,0,0,0,0,1
4044,20,6ea802f9f5899e43,1.965063,20.0,1,13723,1,1,0,0,1,0,0,0,0,0,0,0,0,1
4045,20,cabae1f0bd3e82aa,1.477755,19.693264,1,13719,1,1,0,0,1,0,0,0,0,0,0,0,0,0
4046,20,3c118b2b3c6e4927,1.110182,20.0,1,13900,1,1,0,0,1,0,0,0,0,0,0,0,0,1
4047,20,b4fc49470f795645,0.834038,16.341841,0,13803,1,1,0,0,0,0,0,0,0,0,0,0,0,0
4048,20,9f64db58546470f4,1.671359,19.250301,1,13784,1,0,0,0,1,0,0,0,0,0,0,0,0,1
4049,20,9724d2c09da1c23b,1.25563,17.940876,1,13880,1,1,0,0,1,0,0,0,0,0,0,0,0,0
4050,20,6887c6b3c1d5f9a2,1.986961,16.957154,1,13709,1,0,0,0,0,0,0,0,0,0,0,0,0,1
4051,20,fe46bfd90552e7e3,1.49273,16.21812,1,13829,1,1,0,0,1,0,0,0,0,0,0,0,0,0
4052,20,48c6727f77fd545e,1.122554,19.157261,1,13856,1,1,0,0,1,0,0,0,0,0,0,0,0,1
4053,20,a1add026588ef739,2.93064,17.870979,1,13916,2,0,0,0,0,0,0,0,0,0,0,0,0,1
4054,20,ada4e4932743d8bc,2.20168,16.904643,1,13992,1,1,0,0,1,0,0,0,0,0,0,0,0,0
4055,20,8a52f361c1ee2595,1.655695,19.673536,1,13663,1,1,0,0,1,0,0,0,0,0,0,0,0,1
4056,20,cf245031666deb83,2.287515,18.258836,1,13609,1,0,0,0,0,0,0,0,0,0,0,0,0,1
4057,20,fd04e01d247f0cb2,1.718524,17.196026,1,14014,1,1,0,0,1,0,0,0,0,0,0,0,0,0
4058,20,c6e2de16025a3967,1.291063,19.87642,1,14022,1,1,0,0,1,0,0,0,0,0,0,0,0,1
4059,20,a24ad7a4b0e007ee,0.970898,18.427853,1,13719,1,1,0,0,1,0,0,0,0,0,0,0,0,0
4060,20,3453eb339dbf255e,2.816706,17.323002,1,13841,2,0,0,0,0,0,0,0,0,0,0,0,0,1
4061,20,5f96e80d1597e201,2.116086,19.971813,1,13592,1,1,0,0,1,0,0,0,0,0,0,0,0,1
4062,20,ab1df89c6f82676f,1.591327,18.499589,1,13703,1,1,0,0,1,0,0,0,0,0,0,0,0,0
4063,20,ddac93a13f450c7a,2.239158,17.376895,1,13591,1,0,0,0,0,0,0,0,0,0,0,0,0,1
4064,20,fa0b930e02107747,1.682195,16.533456,1,13865,1,1,0,0,1,0,0,0,0,0,0,0,0,0
4065,20,55e788c721ac76e2,1.263771,19.378656,1,13746,1,1,0,0,1,0,0,0,0,0,0,0,0,1
4066,20,d2c23452c9a55682,1.994524,20.0,1,13727,2,1,0,0,1,0,0,0,0,0,0,0,0,1
4067,20,eefc7d50381b5bc0,2.542065,19.656556,1,13870,1,0,0,0,0,0,0,0,0,0,0,0,0,1
4068,20,f3f2c082ab5aa537,1.909758,18.24608,1,13977,1,1,0,0,1,0,0,0,0,0,0,0,0,0
4069,20,fac3ca5c89f81867,1.436165,20.0,1,13957,1,1,0,0,1,0,0,0,0,0,0,0,0,1
4070,20,4ebc00c60ea795f2,2.122591,15.53785,0,14059,1,0,0,0,0,0,0,0,0,0,0,0,0,0
4071,20,0c94558fa5b5a83c,1.594623,18.630695,1,13964,1,1,0,0,1,0,0,0,0,0,0,0,0,1
4072,20,b9dd1715a0a4fef6,1.197981,17.475389,1,13908,1,1,0,0,1,0,0,0,0,0,0,0,0,0
4073,20,c44535d999876efb,0.900899,20.0,1,13863,1,1,0,0,1,0,0,0,0,0,0,0,0,1
4074,20,616c966e23f8d41a,2.764118,18.581286,1,13971,2,0,0,0,0,0,0,0,0,0,0,0,0,1
4075,20,ba6508be13d0ecd5,2.076579,20.0,1,13947,1,1,0,0,1,0,0,0,0,0,0,0,0,1
4076,20,344e862b30b848d1,1.561617,19.21047,1,13899,1,1,0,0,1,0,0,0,0,0,0,0,0,0
4077,20,15157566c55797fa,1.173184,17.910952,1,13897,1,1,0,0,0,0,0,0,0,0,0,0,0,1
4078,20,7d55485e9369f6f5,1.925023,20.0,1,14122,1,0,0,0,1,0,0,0,0,0,0,0,0,1
4079,20,5ebb74d2d98077b2,1.446198,18.814757,1,13904,1,1,0,0,1,0,0,0,0,0,0,0,0,0
4080,20,81e00313d9610ef8,2.131712,20.0,1,14113,2,1,0,0,1,0,0,0,0,0,0,0,0,1
4081,20,878f31942d2c53d1,1.601475,19.337975,1,13927,1,1,0,0,0,0,0,0,0,0,0,0,0,1
4082,20,ecaf86ee9d9289ad,2.246782,20.0,1,14134,1,0,0,0,1,0,0,0,0,0,0,0,0,1
4083,20,1c1fce3de514c65d,2.733763,20.0,1,14114,2,1,0,0,1,0,0,0,0,0,0,0,0,1
4084,20,1a756c999592d66a,2.053774,20.0,1,13917,1,1,0,0,1,0,0,0,0,0,0,0,0,1
4085,20,72f01246c1845b84,1.542923,20.0,1,13971,1,1,0,0,1,0,0,0,0,0,0,0,0,0
4086,20,27075aa156c6ecf2,2.202794,19.821705,1,14182,1,0,0,0,0,0,0,0,0,0,0,0,0,1
4087,20,5e6619e93c7facd8,2.700683,20.0,1,14004,2,1,0,0,1,0,0,0,0,0,0,0,0,1
4088,20,e522cfb32dd6e0de,2.028922,20.0,1,14219,1,1,0,0,1,0,0,0,0,0,0,0,0,1
4089,20,e445963c2c0cb1bf,2.567907,17.568806,0,14088,1,0,0,0,0,0,0,0,0,0,0,0,0,0
4090,20,0292fdee6ccf8853,1.931102,20.0,1,14010,1,1,0,0,1,0,0,0,0,0,0,0,0,1
4091,20,12686065ec7baab7,1.450765,18.634062,1,14118,1,1,0,0,1,0,0,0,0,0,0,0,0,0
4092,20,753c4e22140b7142,2.133559,17.477919,1,13960,2,1,0,0,0,0,0,0,0,0,0,0,0,1
4093,20,f68aed789b62debc,2.646516,20.0,1,14394,1,0,0,0,1,0,0,0,0,0,0,0,0,1
4094,20,abab74c9c6089c20,1.990218,20.0,1,13951,1,1,0,0,1,0,0,0,0,0,0,0,0,1
4095,20,890ceaca3c5cf0f3,2.53883,16.578573,0,14129,1,0,0,0,0,0,0,0,0,0,0,0,0,0
4096,20,5f3e9bc28f9f5cdb,1.907328,19.412551,1,14156,1,1,0,0,1,0,0,0,0,0,0,0,0,1
4097,20,2016ebb651a1c17e,2.478488,18.079017,1,14212,1,0,0,0,0,0,0,0,0,0,0,0,0,1
4098,20,ab0476b8533a7694,1.861996,17.060934,1,14209,1,1,0,0,1,0,0,0,0,0,0,0,0,0
4099,20,69d8776e0a2c7ab6,3.486154,16.296086,1,14440,2,0,0,0,0,0,0,0,0,0,0,0,0,1
4100,20,648cac4d9dff32a9,2.619017,19.20033,1,14276,1,1,0,0,1,0,0,0,0,0,0,0,0,1
4101,20,8ff0ae6817e2d5ef,3.013689,17.919423,1,14386,1,0,0,0,0,0,0,0,0,0,0,0,0,1
4102,20,c3a9019a237a3c3d,2.264072,20.0,1,14392,1,1,0,0,1,0,0,0,0,0,0,0,0,1
4103,20,5273495d9e3494f7,1.700913,18.819538,1,14065,1,1,0,0,1,0,0,0,0,0,0,0,0,0
4104,20,9d547d55959fabd3,2.323261,17.633063,1,14207,1,0,0,0,0,0,0,0,0,0,0,0,0,1
4105,20,038b148739b387aa,1.745379,20.0,1,14048,1,1,0,0,1,0,0,0,0,0,0,0,0,1
4106,20,87769cefbabe9178,1.311238,18.657918,1,14139,1,1,0,0,1,0,0,0,0,0,0,0,0,0
4107,20,1d00b676f32195e7,0.985084,20.0,1,14197,1,1,0,0,1,0,0,0,0,0,0,0,0,1
4108,20,8a7bb2a1aaad560c,1.784948,15.773262,0,14181,1,0,0,0,0,0,0,0,0,0,0,0,0,0
4109,20,b453ab791ab53a54,1.340965,18.807551,1,14137,1,1,0,0,1,0,0,0,0,0,0,0,0,1
4110,20,9e84c0cc01ddd3e1,1.007417,17.608255,1,14136,1,1,0,0,1,0,0,0,0,0,0,0,0,0
4111,20,c38510c92c1f9d25,0.757592,20.0,1,14115,1,1,0,0,1,0,0,0,0,0,0,0,0,1
4112,20,a3e40993a534d114,0.56915,20.0,1,13994,1,1,0,0,1,0,0,0,0,0,0,0,0,1
4113,20,6e4e830ac1d9f593,1.471235,20.0,1,14237,2,1,0,0,0,0,0,0,0,0,0,0,0,1
4114,20,782b14914f3154e1,2.148937,18.585375,1,14147,1,0,0,0,1,0,0,0,0,0,0,0,0,0
4115,20,7802a9492e4817fc,1.616031,20.0,1,14238,1,1,0,0,1,0,0,0,0,0,0,0,0,1
4116,20,851040173825d6e6,1.214064,20.0,1,14272,1,1,0,0,1,0,0,0,0,0,0,0,0,1
4117,20,bdb7064435dc36ec,0.912081,20.0,1,14467,1,1,0,0,1,0,0,0,0,0,0,0,0,0
4118,20,1acd768efcf8b053,0.685898,18.914023,1,14334,1,1,0,0,0,0,0,0,0,0,0,0,0,1
4119,20,d50cb3fe3309e5c5,1.558943,17.688243,1,14243,1,0,0,0,1,0,0,0,0,0,0,0,0,0
4120,20,fe6d56f2ee8e038b,1.171175,20.0,1,14431,1,1,0,0,1,0,0,0,0,0,0,0,0,1
4121,20,466ec1bb0cf1ad06,0.87986,18.689061,1,14479,1,1,0,0,1,0,0,0,0,0,0,0,0,0
4122,20,94f50bede3c971fb,1.705818,20.0,1,14236,2,1,0,0,1,0,0,0,0,0,0,0,0,1
4123,20,576d22a35c5e7cfe,1.281517,20.0,1,14562,1,1,0,0,1,0,0,0,0,0,0,0,0,1
4124,20,42d57a5a4c8f4e6d,0.962756,20.0,1,14563,1,1,0,0,1,0,0,0,0,0,0,0,0,1
4125,20,e9c65c4d743c8afb,1.768157,20.0,1,14468,1,0,0,0,0,0,0,0,0,0,0,0,0,1
4126,20,949f2550bf5c6dcd,1.32835,19.678514,1,14661,1,1,0,0,1,0,0,0,0,0,0,0,0,0
4127,20,72891bfeef13fc57,0.99794,20.0,1,14623,1,1,0,0,1,0,0,0,0,0,0,0,0,1
4128,20,f85df2858ad0c949,0.749715,19.812362,1,14618,1,1,0,0,1,0,0,0,0,0,0,0,0,0
4129,20,95f7c12dcde17478,1.607947,18.37968,1,14516,1,0,0,0,0,0,0,0,0,0,0,0,0,1
4130,20,c0061898953c4096,2.251644,20.0,1,14521,2,1,0,0,1,0,0,0,0,0,0,0,0,1
4131,20,ebc6bf75b4638d99,1.691576,20.0,1,14632,1,1,0,0,1,0,0,0,0,0,0,0,0,1
4132,20,49fc03c17c0ca2be,1.272089,20.0,1,14498,1,1,0,0,1,0,0,0,0,0,0,0,0,0
4133,20,30ed59f40c06db8a,0.955673,18.838072,1,14642,1,1,0,0,0,0,0,0,0,0,0,0,0,1
4134,20,d508cccebb164231,1.761615,17.631184,1,14701,1,0,0,0,1,0,0,0,0,0,0,0,0,0
4135,20,daa01fd42e66b51e,2.367089,20.0,1,14300,2,1,0,0,1,0,0,0,0,0,0,0,0,1
4136,20,a46ab1d31ffa5983,1.780084,20.0,1,14218,1,1,0,0,1,0,0,0,0,0,0,0,0,1
4137,20,d1af8cc49ef27be8,1.337311,20.0,1,13895,1,1,0,0,0,0,0,0,0,0,0,0,0,1
4138,20,64fbff085e7ced25,2.048325,18.596103,1,13941,1,0,0,0,1,0,0,0,0,0,0,0,0,0
4139,20,815521d9a9030959,1.54037,20.0,1,14085,1,1,0,0,1,0,0,0,0,0,0,0,0,1
4140,20,637db841f11a0d63,1.157222,19.214444,1,14275,1,1,0,0,1,0,0,0,0,0,0,0,0,0
4141,20,3dba3b80a7f983bb,1.913031,17.913938,1,14309,1,0,0,0,0,0,0,0,0,0,0,0,0,1
4142,20,bb548aaac64eeb30,1.437189,16.936916,1,14370,1,1,0,0,1,0,0,0,0,0,0,0,0,0
4143,20,e823cd2304efefb1,1.080786,16.217304,1,14289,1,1,0,0,0,0,0,0,0,0,0,0,0,1
4144,20,3c9676a593e7cf92,1.855608,15.662299,1,14327,1,0,0,0,1,0,0,0,0,0,0,0,0,0
4145,20,817ab814edc35ed6,1.394049,18.724189,1,14029,1,1,0,0,1,0,0,0,0,0,0,0,0,1
4146,20,dfb741d4e20dff88,2.092495,14.080857,0,13952,1,0,0,0,0,0,0,0,0,0,0,0,0,0
4147,20,83f075e69b21ccf2,1.572013,17.53611,1,14107,1,1,0,0,1,0,0,0,0,0,0,0,0,1
4148,20,452d37338c0447fc,1.180995,16.653069,1,14108,1,1,0,0,1,0,0,0,0,0,0,0,0,0
4149,20,e1db65820be303cd,0.887237,19.468517,1,14087,1,1,0,0,1,0,0,0,0,0,0,0,0,1
4150,20,42a1a4536e25c2fa,1.711366,14.640602,0,13820,1,0,0,0,0,0,0,0,0,0,0,0,0,0
4151,20,c9bef040264e3a66,1.285685,17.956626,1,13628,1,1,0,0,1,0,0,0,0,0,0,0,0,1
4152,20,04ec3b12c3812cb1,0.965887,16.968987,1,14034,1,1,0,0,1,0,0,0,0,0,0,0,0,0
4153,20,0ad740c3eef026ee,-0.31779,16.241421,1,13785,0,1,0,0,1,0,0,0,0,0,0,0,0,0
4154,20,c3814a9bf80fe2fe,0.80491,15.680417,1,13532,1,0,0,0,0,0,0,0,0,0,0,0,0,1
4155,20,73b346333eb067ef,0.604699,15.258956,1,14448,1,1,0,0,1,0,0,0,0,0,0,0,0,0
4156,20,33daf35ee8e916f3,0.454288,18.421172,1,14025,1,1,0,0,1,0,0,0,0,0,0,0,0,1
4157,20,71a0690cfa3393c0,0.341631,17.333486,1,13943,1,1,0,0,1,0,0,0,0,0,0,0,0,0
4158,20,a803ba8b81db2421,0.256654,19.979689,1,13581,1,1,0,0,1,0,0,0,0,0,0,0,0,1
4159,20,a941868b47af0524,0.192815,18.488838,1,13571,1,1,0,0,1,0,0,0,0,0,0,0,0,0
4160,20,d900df819d8563ff,0.145,17.384371,1,13646,1,1,0,0,0,0,0,0,0,0,0,0,0,1
4161,20,816e9c6ac4a6e3f6,1.152586,16.539073,1,13353,1,0,0,0,1,0,0,0,0,0,0,0,0,0
4162,20,e6b2630605d5c6fc,0.865895,19.382876,1,13389,1,1,0,0,1,0,0,0,0,0,0,0,0,1
4163,20,8785b047ec90527b,0.650514,18.040475,1,13264,1,1,0,0,1,0,0,0,0,0,0,0,0,0
4164,20,065a8b2271b3656e,0.489196,20.0,1,12971,1,1,0,0,1,0,0,0,0,0,0,0,0,1
4165,20,74b92cad2db17027,0.367515,18.900536,1,13080,1,1,0,0,1,0,0,0,0,0,0,0,0,0
4166,20,7b9c66a39de5e674,1.319753,20.0,1,12662,2,1,0,0,1,0,0,0,0,0,0,0,0,1
4167,20,703bb92e05828900,2.036624,19.390834,1,12954,1,0,0,0,0,0,0,0,0,0,0,0,0,1
4168,20,5a30b8183705195d,1.530039,20.0,1,12845,1,1,0,0,1,0,0,0,0,0,0,0,0,1
4169,20,1713d174f8adeeb2,1.149461,19.649996,1,13039,1,1,0,0,1,0,0,0,0,0,0,0,0,0
4170,21,1fd48474a6be9a50,0.863547,20.0,1,14120,1,1,0,0,1,0,0,0,0,0,0,0,0,1
4171,21,40ab05863d40ab6a,0.6494,19.814249,1,14159,1,1,0,0,1,0,0,0,0,0,0,0,0,0
4172,21,9fa3e60e300cac94,0.48787,18.364549,1,14119,1,1,0,0,0,0,0,0,0,0,0,0,0,1
4173,21,9522afc9eb92ebd2,1.410172,17.275443,1,14168,1,0,0,0,1,0,0,0,0,0,0,0,0,0
4174,21,0fba0eaa5e567fe1,1.060469,19.952383,1,13959,1,1,0,0,1,0,0,0,0,0,0,0,0,1
4175,21,8f9f8c22e25048df,0.796691,18.468324,1,13964,1,1,0,0,1,0,0,0,0,0,0,0,0,0
4176,21,025aca0c2fc547cd,1.642177,17.353406,1,14025,1,0,0,0,0,0,0,0,0,0,0,0,0,1
4177,21,ea7305c3d0c4eb0e,2.27736,19.994654,1,13944,2,1,0,0,1,0,0,0,0,0,0,0,0,1
4178,21,b3bc2710b036c5b2,1.712607,20.0,1,13866,1,1,0,0,1,0,0,0,0,0,0,0,0,1
4179,21,3c254a4fca255c07,1.286618,16.525725,0,13911,1,1,0,0,0,0,0,0,0,0,0,0,0,0
4180,21,7fb0256f65ce4ff6,2.010241,19.372849,1,14099,1,0,0,0,1,0,0,0,0,0,0,0,0,1
4181,21,a69e89495c03d18a,1.51173,18.04916,1,14120,1,1,0,0,1,0,0,0,0,0,0,0,0,0
4182,21,ba87dd4319678e85,1.135706,20.0,1,13908,1,1,0,0,1,0,0,0,0,0,0,0,0,1
4183,21,3e895dd2e76d3ae9,1.896867,15.413917,0,13786,1,0,0,0,0,0,0,0,0,0,0,0,0,0
4184,21,5bfa9aaebee05047,1.425045,18.537588,1,14053,1,1,0,0,1,0,0,0,0,0,0,0,0,1
4185,21,ca3938afd42b6b51,1.071654,17.421032,1,13917,1,1,0,0,1,0,0,0,0,0,0,0,0,0
4186,21,3840b1179d01d5ca,0.805094,16.566615,1,14101,1,1,0,0,0,0,0,0,0,0,0,0,0,1
4187,21,3ad00a257add4750,1.64849,15.924723,1,14004,1,0,0,0,1,0,0,0,0,0,0,0,0,0
4188,21,715e21df0f1ac6b8,1.239688,18.936622,1,13873,1,1,0,0,1,0,0,0,0,0,0,0,0,1
4189,21,ab882b57d80326bc,0.931331,17.705221,1,14053,1,1,0,0,1,0,0,0,0,0,0,0,0,0
4190,21,de121b1615b372cf,2.786981,16.780115,1,14129,2,0,0,0,0,0,0,0,0,0,0,0,0,1
4191,21,58b8431551715724,2.093755,19.563962,1,13925,1,1,0,0,1,0,0,0,0,0,0,0,0,1
4192,21,23e17bd6c1c20f85,1.574533,20.0,1,13989,1,1,0,0,1,0,0,0,0,0,0,0,0,1
4193,21,c8292701595322e6,1.182888,19.761246,1,14046,1,1,0,0,1,0,0,0,0,0,0,0,0,0
4194,21,10c80b0b9d50bf2d,1.932313,18.32473,1,13898,1,0,0,0,0,0,0,0,0,0,0,0,0,1
4195,21,f6d7570dbe7171fa,1.453127,20.0,1,13804,1,1,0,0,1,0,0,0,0,0,0,0,0,1
4196,21,50afc0b225fbdddd,1.09168,19.061129,1,14096,1,1,0,0,1,0,0,0,0,0,0,0,0,0
4197,21,77cb534e4dd68f47,0.820138,20.0,1,13919,1,1,0,0,1,0,0,0,0,0,0,0,0,1
4198,21,03a072c123c7f460,1.659793,19.463912,1,14077,1,0,0,0,0,0,0,0,0,0,0,0,0,1
4199,21,40a0b4653c2b8b16,2.292338,20.0,1,13868,2,1,0,0,1,0,0,0,0,0,0,0,0,1
4200,21,8ced9c6091029967,1.722148,20.0,1,14066,1,1,0,0,1,0,0,0,0,0,0,0,0,1
