tick,episode,frame_sha16,turn,forward,attack,total_spikes,DNp20_R_10059,DNp20_L_10162,MN9_L_10331,DNa02_R_10360,DNpe017_L_10527,MDN_R_10763,DNp09_L_10783,DNp09_R_11177,MDN_L_11288,MDN_R_11332,MDN_L_12348,MN9_R_16949,DNa02_L_523769,DNpe017_R_555871
1,1,1fd48474a6be9a50,0.0,3.478845,1,13260,1,1,0,0,0,0,0,0,0,0,0,0,0,1
2,1,530e0ea8d92a6d51,1.044151,6.096642,1,15419,1,0,0,0,1,0,0,0,0,0,0,0,0,0
3,1,9d91a06f605c6d81,0.784431,15.016713,1,13368,1,1,0,0,1,0,0,0,0,0,0,0,0,2
4,1,1bedfd585b1aa4b9,0.589314,14.76034,1,14401,1,1,0,0,1,0,0,0,0,0,0,0,0,0
5,1,26a9669cba5af3ef,0.442729,18.04658,1,14204,1,1,0,0,1,0,0,0,0,0,0,0,0,1
6,1,4f55c5e4b2d3c044,1.377089,17.051787,1,14289,1,0,0,0,0,0,0,0,0,0,0,0,0,1
7,1,429a6cfc04b09590,1.034556,16.289215,1,13929,1,1,0,0,1,0,0,0,0,0,0,0,0,0
8,1,bfd1095e82cc3b3f,0.777223,19.195167,1,14370,1,1,0,0,1,0,0,0,0,0,0,0,0,1
9,1,e8a24dfe484cb614,0.584483,17.915541,1,14068,1,1,0,0,1,0,0,0,0,0,0,0,0,0
10,1,a8eb40163c807ab7,1.482753,16.938121,1,13806,1,0,0,0,0,0,0,0,0,0,0,0,0,1
11,1,b734eb68cadec0ba,1.113937,16.203821,1,14053,1,1,0,0,1,0,0,0,0,0,0,0,0,0
12,1,03ed9d518f369873,0.836859,15.65217,1,13984,1,1,0,0,0,0,0,0,0,0,0,0,0,1
13,1,cd43fcebe8f5e6e6,1.673481,18.731658,1,13938,1,0,0,0,1,0,0,0,0,0,0,0,0,1
14,1,338e1a6d9a9334b5,1.257223,17.551239,1,14102,1,1,0,0,1,0,0,0,0,0,0,0,0,0
15,1,f71f04d2a5841727,0.944505,20.0,1,13832,1,1,0,0,1,0,0,0,0,0,0,0,0,1
16,1,dab4ff966e399802,1.754432,20.0,1,13978,2,1,0,0,1,0,0,0,0,0,0,0,0,1
17,1,339e340883d8ecaf,1.318039,16.609692,0,14129,0,0,0,0,0,0,0,0,0,0,0,0,0,0
18,1,0f3eea50b2030a66,0.990193,19.43593,1,13984,1,1,0,0,1,0,0,0,0,0,0,0,0,1
19,1,157d3461e0a7f335,1.787549,20.0,1,13845,2,1,0,0,1,0,0,0,0,0,0,0,0,1
20,1,f1991b9aba19249f,1.344262,19.69331,1,14119,1,1,0,0,1,0,0,0,0,0,0,0,0,0
21,1,f0cae4ef532c2023,2.053547,18.273692,1,13947,1,0,0,0,0,0,0,0,0,0,0,0,0,1
22,1,7630abeab872e6cf,1.542753,20.0,1,14160,1,1,0,0,1,0,0,0,0,0,0,0,0,1
23,1,253c29c9cd31f14d,1.160172,19.036692,1,13858,1,1,0,0,1,0,0,0,0,0,0,0,0,0
24,1,1bcd43f2b236da2a,1.915248,17.780399,1,13960,1,0,0,0,0,0,0,0,0,0,0,0,0,1
25,1,190012cb2cd5517d,1.438854,20.0,1,13997,1,1,0,0,1,0,0,0,0,0,0,0,0,1
26,1,752285f96761bfac,1.080957,18.741074,1,13923,1,1,0,0,1,0,0,0,0,0,0,0,0,0
27,1,8ce008444b943984,1.857046,17.574056,1,13779,1,0,0,0,0,0,0,0,0,0,0,0,0,1
28,1,815cbd6616cc478f,2.438782,20.0,1,13991,2,1,0,0,1,0,0,0,0,0,0,0,0,1
29,1,ea182be542b69bac,1.832166,20.0,1,14069,1,1,0,0,1,0,0,0,0,0,0,0,0,1
30,1,98558a7fe6a345e2,1.377815,20.0,1,13906,1,1,0,0,1,0,0,0,0,0,0,0,0,1
31,1,d0c4a3176ddba144,1.035101,20.0,1,14088,1,1,0,0,1,0,0,0,0,0,0,0,0,0
32,1,dd1e5f78efae9bca,1.821286,19.402578,1,13935,1,0,0,0,0,0,0,0,0,0,0,0,0,1
33,1,16a5a908ff857a66,1.368264,20.0,1,14079,1,1,0,0,1,0,0,0,0,0,0,0,0,1
34,1,95f8390a45c16b78,1.028954,19.674467,1,13936,1,1,0,0,1,0,0,0,0,0,0,0,0,0
35,1,321bea6b7b9ab820,0.773015,20.0,1,13954,1,1,0,0,1,0,0,0,0,0,0,0,0,1
36,1,efab16a3f850c112,1.62439,20.0,1,14135,2,1,0,0,1,0,0,0,0,0,0,0,0,1
37,1,fcf876800c3a11ef,2.265715,17.513601,0,13836,1,0,0,0,0,0,0,0,0,0,0,0,0,0
38,1,9361b30e7e3e095d,1.702147,20.0,1,14057,1,1,0,0,1,0,0,0,0,0,0,0,0,1
39,1,4fc09ccdfceeee4c,1.27876,18.590494,1,14014,1,1,0,0,1,0,0,0,0,0,0,0,0,0
40,1,4ef7db5f3482d200,0.960684,17.445188,1,14047,1,1,0,0,0,0,0,0,0,0,0,0,0,1
41,1,c24e971eb40ebdcb,1.766599,16.599532,1,14058,1,0,0,0,1,0,0,0,0,0,0,0,0,0
42,1,50b58e94d9a75050,1.32718,19.428297,1,13930,1,1,0,0,1,0,0,0,0,0,0,0,0,1
43,1,c3c1345bc3e41d62,0.99706,20.0,1,14038,1,1,0,0,1,0,0,0,0,0,0,0,0,1
44,1,93e448e997f9674c,1.793954,16.208496,0,14190,1,0,0,0,0,0,0,0,0,0,0,0,0,0
45,1,79d0b93330795135,1.347731,19.134526,1,14025,1,1,0,0,1,0,0,0,0,0,0,0,0,1
46,1,a17e85c3a7206bdb,2.056153,20.0,1,14073,2,1,0,0,1,0,0,0,0,0,0,0,0,1
47,1,74f0d14071a71444,1.544711,19.505337,1,14215,1,1,0,0,0,0,0,0,0,0,0,0,0,1
48,1,2e5ad07a3fae2d37,2.205795,20.0,1,13893,1,0,0,0,1,0,0,0,0,0,0,0,0,1
49,1,d6bdeb391b56bdfb,1.657131,19.728125,1,14123,1,1,0,0,1,0,0,0,0,0,0,0,0,0
50,1,9626e12cdf28095d,1.244941,20.0,1,13988,1,1,0,0,1,0,0,0,0,0,0,0,0,1
51,1,30166c328dfa6df8,3.024514,19.858388,1,14031,2,0,0,0,0,0,0,0,0,0,0,0,0,1
52,1,d1ff4a599011bac4,2.272205,20.0,1,14102,1,1,0,0,1,0,0,0,0,0,0,0,0,1
53,1,906fc9d835fb656f,1.707022,20.0,1,14120,1,1,0,0,1,0,0,0,0,0,0,0,0,1
54,1,7482b0b0d79326ab,1.282422,20.0,1,14144,1,1,0,0,1,0,0,0,0,0,0,0,0,0
55,1,b3c5d7421909e6ec,3.052701,19.312602,1,14100,2,0,0,0,0,0,0,0,0,0,0,0,0,1
56,1,8ab44e98d2a44c66,2.29338,20.0,1,13980,1,1,0,0,1,0,0,0,0,0,0,0,0,1
57,1,40c0606a670612e3,1.722931,19.605842,1,14285,1,1,0,0,1,0,0,0,0,0,0,0,0,0
58,1,e0296e3919734320,1.295668,20.0,1,14037,1,1,0,0,1,0,0,0,0,0,0,0,0,1
59,1,ca7c6bb117b7a7d6,0.973387,19.784906,1,14187,1,1,0,0,0,0,0,0,0,0,0,0,0,1
60,1,50569e31dab4c1c4,1.774923,18.342505,1,14116,1,0,0,0,1,0,0,0,0,0,0,0,0,0
61,1,1ecfc493176928e9,1.333433,20.0,1,14054,1,1,0,0,1,0,0,0,0,0,0,0,0,1
62,1,d4be6d1da1c19111,1.002761,20.0,1,14018,1,1,0,0,1,0,0,0,0,0,0,0,0,1
63,1,1f6373f92af416cc,0.753337,20.0,1,13943,1,1,0,0,1,0,0,0,0,0,0,0,0,0
64,1,6692a7484e93ebdd,2.65326,18.822915,1,14124,2,0,0,0,0,0,0,0,0,0,0,0,0,1
65,1,02b475e2e674816c,1.99529,20.0,1,14132,1,1,0,0,1,0,0,0,0,0,0,0,0,1
66,1,febca64d4e8b1d25,1.498987,20.0,1,14039,1,1,0,0,1,0,0,0,0,0,0,0,0,1
67,1,581003a1b23a5126,1.126133,20.0,1,14039,1,1,0,0,1,0,0,0,0,0,0,0,0,1
68,1,de21ab0c6f541ec0,1.889675,18.107364,0,14163,1,0,0,0,0,0,0,0,0,0,0,0,0,0
69,1,233bb445d9172344,2.465213,20.0,1,14039,2,1,0,0,1,0,0,0,0,0,0,0,0,1
70,1,1169031e115b1548,1.852022,20.0,1,14045,1,1,0,0,1,0,0,0,0,0,0,0,0,1
71,1,b99f2faf3b32e1e2,1.391355,20.0,1,14120,1,1,0,0,1,0,0,0,0,0,0,0,0,1
72,1,48cf456730a62b23,2.090469,20.0,1,14160,1,0,0,0,0,0,0,0,0,0,0,0,0,1
73,1,2c94b98315c46893,2.614145,20.0,1,14122,2,1,0,0,1,0,0,0,0,0,0,0,0,1
74,1,cefb9e8e92b1425f,3.007563,20.0,1,14201,1,0,0,0,0,0,0,0,0,0,0,0,0,1
75,1,69899cc78830ec9d,2.259469,19.083556,1,14225,1,1,0,0,1,0,0,0,0,0,0,0,0,0
76,1,7fdd4357ed62f313,1.699153,20.0,1,14071,1,1,0,0,1,0,0,0,0,0,0,0,0,1
77,1,36c9756092c48e33,3.363817,19.489836,1,14198,2,0,0,0,0,0,0,0,0,0,0,0,0,1
78,1,fc68b0a37430b7ba,2.52711,20.0,1,14234,1,1,0,0,1,0,0,0,0,0,0,0,0,1
79,1,b8ce31a8338b810f,2.944573,19.723764,1,14122,1,0,0,0,0,0,0,0,0,0,0,0,0,1
80,1,a395bdcff1b03e91,2.212148,18.296571,1,14284,1,1,0,0,1,0,0,0,0,0,0,0,0,0
81,1,a77fc21cf4838abd,1.661904,20.0,1,14253,1,1,0,0,1,0,0,0,0,0,0,0,0,1
82,1,9b9ee74dbb311458,2.29218,19.032399,1,14160,1,0,0,0,0,0,0,0,0,0,0,0,0,1
83,1,5c9c0a752fd80c1d,1.723752,17.793137,1,14202,1,1,0,0,1,0,0,0,0,0,0,0,0,0
84,1,979d3893f2d900d5,2.338644,16.846163,1,14367,1,0,0,0,0,0,0,0,0,0,0,0,0,1
85,1,cec91f567207e8db,2.800589,19.613582,1,14229,2,1,0,0,1,0,0,0,0,0,0,0,0,1
86,1,f3241cb2cf0c3430,2.106083,18.230195,1,14266,1,1,0,0,1,0,0,0,0,0,0,0,0,0
87,1,981261949b38d1a1,2.625875,17.174508,1,14386,1,0,0,0,0,0,0,0,0,0,0,0,0,1
88,1,8eb3ba7cf5917a1c,1.972721,19.860255,1,14511,1,1,0,0,1,0,0,0,0,0,0,0,0,1
89,1,f72f95d576e92ed6,3.569339,18.399112,1,14603,2,0,0,0,0,0,0,0,0,0,0,0,0,1
90,1,5d611da0dd8ff17b,2.684193,20.0,1,14359,1,1,0,0,1,0,0,0,0,0,0,0,0,1
91,1,30a9c8de2de71f12,2.016534,19.103152,1,14182,1,1,0,0,1,0,0,0,0,0,0,0,0,0
92,1,a846ff1e8bb32b07,1.514947,20.0,1,14190,1,1,0,0,1,0,0,0,0,0,0,0,0,1
93,1,c85b67d4fd66ab39,3.227563,19.505303,1,14154,2,0,0,0,0,0,0,0,0,0,0,0,0,1
94,1,f34554075296143c,2.424747,20.0,1,14249,1,1,0,0,1,0,0,0,0,0,0,0,0,1
95,1,7d880eeea7e68e8b,1.821622,19.714602,1,14167,1,1,0,0,1,0,0,0,0,0,0,0,0,0
96,1,447acb7895747c53,1.368516,20.0,1,14064,1,1,0,0,1,0,0,0,0,0,0,0,0,1
97,1,3cc4616709d78b38,2.073294,19.850749,1,14014,1,0,0,0,0,0,0,0,0,0,0,0,0,1
98,1,d40acf7f88c12a79,1.557589,20.0,1,14173,1,1,0,0,1,0,0,0,0,0,0,0,0,1
99,1,45f69545057b1924,1.170158,19.90957,1,14127,1,1,0,0,1,0,0,0,0,0,0,0,0,0
100,1,841dfbc09b3ee637,1.924126,18.452782,1,14135,1,0,0,0,0,0,0,0,0,0,0,0,0,1
101,1,ef611aa95ed31685,1.445524,17.34173,1,13962,1,1,0,0,1,0,0,0,0,0,0,0,0,0
102,1,26bc9ce30fce805c,1.085968,19.985882,1,14046,1,1,0,0,1,0,0,0,0,0,0,0,0,1
103,1,fd71a161a7bf5d9e,0.815847,18.493491,1,14083,1,1,0,0,1,0,0,0,0,0,0,0,0,0
104,1,db845c2db14717e8,0.613529,17.38787,1,13851,1,1,0,0,0,0,0,0,0,0,0,0,0,1
105,1,53b0e1a8751eb1df,1.504575,16.541702,1,14131,1,0,0,0,1,0,0,0,0,0,0,0,0,0
106,1,67035b6aefc07498,1.130331,19.384851,1,13785,1,1,0,0,1,0,0,0,0,0,0,0,0,1
107,1,8b6b2265a10408bf,1.894175,20.0,1,13909,2,1,0,0,1,0,0,0,0,0,0,0,0,1
108,1,704bd80ad0bb85b7,2.466676,19.660055,1,13765,1,0,0,0,0,0,0,0,0,0,0,0,0,1
109,1,aee88d62d128a803,1.853122,18.248709,1,13807,1,1,0,0,1,0,0,0,0,0,0,0,0,0
110,1,07e557288d804247,1.392181,20.0,1,13704,1,1,0,0,1,0,0,0,0,0,0,0,0,1
111,1,5c91d0e8fad1e860,1.04694,15.542076,0,13692,1,1,0,0,0,0,0,0,0,0,0,0,0,0
112,1,7cd7fb418c174d19,1.83018,18.633869,1,13670,1,0,0,0,1,0,0,0,0,0,0,0,0,1
113,1,0357a418be9ba997,1.374946,17.477774,1,13738,1,1,0,0,1,0,0,0,0,0,0,0,0,0
114,1,718341e131f37352,2.07813,16.624037,1,13602,1,0,0,0,0,0,0,0,0,0,0,0,0,1
115,1,a86249c331b0a905,1.561221,15.967862,1,13529,1,1,0,0,1,0,0,0,0,0,0,0,0,0
116,1,960265aeed2cc185,1.172887,18.953747,1,13915,1,1,0,0,1,0,0,0,0,0,0,0,0,1
117,1,9922c61a95f949e5,0.881146,20.0,1,13612,1,1,0,0,1,0,0,0,0,0,0,0,0,1
118,1,3353b37d733bc257,1.706785,15.940394,0,13568,1,0,0,0,0,0,0,0,0,0,0,0,0,0
119,1,b72d2cd567702414,1.282244,18.933111,1,13530,1,1,0,0,1,0,0,0,0,0,0,0,0,1
120,1,23b82419a91f4c95,0.963302,20.0,1,13315,1,1,0,0,1,0,0,0,0,0,0,0,0,1
121,1,283ea77910f4c69b,0.724417,19.409237,1,13377,1,1,0,0,1,0,0,0,0,0,0,0,0,0
122,1,9b8d0dc9dd911f31,0.544227,20.0,1,13011,1,1,0,0,1,0,0,0,0,0,0,0,0,1
123,1,7ee0086d82cd4f82,1.452511,19.660383,1,13037,1,0,0,0,0,0,0,0,0,0,0,0,0,1
124,1,9ba1b87fd220b987,1.091217,18.248955,1,13191,1,1,0,0,1,0,0,0,0,0,0,0,0,0
125,1,d37460187c747f69,0.820611,20.0,1,13030,1,1,0,0,1,0,0,0,0,0,0,0,0,1
126,1,a20ebff0664b63e6,0.616494,19.018319,1,13115,1,1,0,0,1,0,0,0,0,0,0,0,0,0
127,1,7b0d8e03a325d91b,0.463149,20.0,1,13015,1,1,0,0,1,0,0,0,0,0,0,0,0,1
128,1,2358ff3fcfbf1797,1.392445,15.976875,0,13611,1,0,0,0,0,0,0,0,0,0,0,0,0,0
129,1,d9b74896ac4dd198,1.046092,18.960518,1,13652,1,1,0,0,1,0,0,0,0,0,0,0,0,1
130,1,6c8f31635c64f5e8,0.78589,20.0,1,13531,1,1,0,0,1,0,0,0,0,0,0,0,0,1
131,1,50011319c3c5018e,2.677716,19.407127,1,13353,2,0,0,0,0,0,0,0,0,0,0,0,0,1
132,1,9ce58abaa9192081,2.013681,18.074938,1,13181,1,1,0,0,1,0,0,0,0,0,0,0,0,0
133,1,bf5dbfead29ffcfe,1.512803,20.0,1,12993,1,1,0,0,1,0,0,0,0,0,0,0,0,1
134,1,873ff94fb62bb4bf,1.136512,20.0,1,12892,1,1,0,0,1,0,0,0,0,0,0,0,0,1
135,1,c650d0e9bfa1c2e6,1.898824,16.834708,0,12770,1,0,0,0,0,0,0,0,0,0,0,0,0,0
136,1,baf598fa5e78dbb0,1.426516,19.604976,1,12882,1,1,0,0,1,0,0,0,0,0,0,0,0,1
137,1,9088cced34d1fc66,1.071688,18.20733,1,12815,1,1,0,0,1,0,0,0,0,0,0,0,0,0
138,1,5e015c2472e7a43f,0.805119,20.0,1,12942,1,1,0,0,1,0,0,0,0,0,0,0,0,1
139,1,08da6ec375f07f1c,0.605461,15.518698,0,12663,1,1,0,0,0,0,0,0,0,0,0,0,0,0
140,1,5748f9389fd3a2be,1.498514,18.616307,1,12757,1,0,0,0,1,0,0,0,0,0,0,0,0,1
141,1,46f4e3cbafa0b940,1.125777,17.46458,1,12641,1,1,0,0,1,0,0,0,0,0,0,0,0,0
142,1,0829654dec94ec49,0.846601,20.0,1,12421,1,1,0,0,1,0,0,0,0,0,0,0,0,1
143,1,4ccf14adc1e20bea,0.636019,18.575179,1,12438,1,1,0,0,1,0,0,0,0,0,0,0,0,0
144,1,2351dcaa79bd379a,0.477818,17.433682,1,12487,1,1,0,0,0,0,0,0,0,0,0,0,0,1
145,1,2e026e135f7c77e0,1.40262,20.0,1,12659,1,0,0,0,1,0,0,0,0,0,0,0,0,1
146,1,0c5a8b041029700f,1.05479,18.562119,1,12665,1,1,0,0,1,0,0,0,0,0,0,0,0,0
147,1,da1c5cae9115a2e8,0.792424,20.0,1,12568,1,1,0,0,1,0,0,0,0,0,0,0,0,1
148,1,39fc785c7aa86839,1.638972,19.182273,1,12535,1,0,0,0,0,0,0,0,0,0,0,0,0,1
149,1,a24e4671b18519de,1.23253,17.905845,1,12408,1,1,0,0,1,0,0,0,0,0,0,0,0,0
150,1,fd5764c5afdf1175,0.925954,20.0,1,12961,1,1,0,0,1,0,0,0,0,0,0,0,0,1
151,1,353214f9691effbf,0.695635,18.811875,1,12625,1,1,0,0,1,0,0,0,0,0,0,0,0,0
152,1,9846fb8620c26c3c,1.566258,17.611503,1,13047,1,0,0,0,0,0,0,0,0,0,0,0,0,1
153,1,27d52b88105fecdb,1.177848,16.724603,1,12789,1,1,0,0,1,0,0,0,0,0,0,0,0,0
154,1,e0f45957a6cf66e9,1.928527,19.522258,1,12900,2,1,0,0,1,0,0,0,0,0,0,0,0,1
155,1,03059e4eb4a27fe7,1.44883,20.0,1,12719,1,1,0,0,1,0,0,0,0,0,0,0,0,1
156,1,b77625461b03c66c,1.089541,19.742082,1,13110,1,1,0,0,1,0,0,0,0,0,0,0,0,0
157,1,3617625228556cc8,1.862185,18.310332,1,13246,1,0,0,0,0,0,0,0,0,0,0,0,0,1
158,1,0617f04b0db14ccd,1.39899,20.0,1,13465,1,1,0,0,1,0,0,0,0,0,0,0,0,1
159,2,1fd48474a6be9a50,1.051009,19.040166,1,14104,1,1,0,0,1,0,0,0,0,0,0,0,0,0
160,2,530e0ea8d92a6d51,1.834524,17.798978,1,14044,1,0,0,0,0,0,0,0,0,0,0,0,0,1
161,2,9d91a06f605c6d81,1.378209,20.0,1,14205,1,1,0,0,1,0,0,0,0,0,0,0,0,1
162,2,1bedfd585b1aa4b9,1.035397,18.75156,1,14155,1,1,0,0,1,0,0,0,0,0,0,0,0,0
163,2,26a9669cba5af3ef,1.822784,17.581942,1,14100,1,0,0,0,0,0,0,0,0,0,0,0,0,1
164,2,4f55c5e4b2d3c044,2.413043,20.0,1,14242,2,1,0,0,1,0,0,0,0,0,0,0,0,1
165,2,429a6cfc04b09590,1.812829,18.629065,1,14095,1,1,0,0,1,0,0,0,0,0,0,0,0,0
166,2,bfd1095e82cc3b3f,2.405564,17.474165,1,14024,1,0,0,0,0,0,0,0,0,0,0,0,0,1
167,2,e8a24dfe484cb614,1.809018,16.621323,1,14063,1,1,0,0,1,0,0,0,0,0,0,0,0,0
168,2,a8eb40163c807ab7,1.359048,19.444667,1,13955,1,1,0,0,1,0,0,0,0,0,0,0,0,1
169,2,b734eb68cadec0ba,1.021002,18.086896,1,13935,1,1,0,0,1,0,0,0,0,0,0,0,0,0
170,2,03ed9d518f369873,1.811958,17.082106,1,14027,1,0,0,0,0,0,0,0,0,0,0,0,0,1
171,2,cd43fcebe8f5e6e6,1.361257,19.790836,1,14128,1,1,0,0,1,0,0,0,0,0,0,0,0,1
172,2,338e1a6d9a9334b5,1.022661,18.34696,1,14003,1,1,0,0,1,0,0,0,0,0,0,0,0,0
173,2,f71f04d2a5841727,0.768287,20.0,1,13952,1,1,0,0,1,0,0,0,0,0,0,0,0,1
174,2,dab4ff966e399802,1.621913,19.078085,1,13912,1,0,0,0,0,0,0,0,0,0,0,0,0,1
175,2,339e340883d8ecaf,1.218483,17.811497,1,13993,1,1,0,0,1,0,0,0,0,0,0,0,0,0
176,2,0f3eea50b2030a66,0.915401,20.0,1,13959,1,1,0,0,1,0,0,0,0,0,0,0,0,1
177,2,157d3461e0a7f335,1.732545,15.295068,0,14043,1,0,0,0,0,0,0,0,0,0,0,0,0,0
178,2,f1991b9aba19249f,1.301596,18.448302,1,14084,1,1,0,0,1,0,0,0,0,0,0,0,0,1
179,2,f0cae4ef532c2023,0.977841,17.338364,1,13930,1,1,0,0,1,0,0,0,0,0,0,0,0,0
180,2,7630abeab872e6cf,0.734615,19.983354,1,14103,1,1,0,0,1,0,0,0,0,0,0,0,0,1
181,2,253c29c9cd31f14d,0.552441,18.508269,1,14014,1,1,0,0,1,0,0,0,0,0,0,0,0,0
182,2,1bcd43f2b236da2a,1.458682,17.383415,1,14029,1,0,0,0,0,0,0,0,0,0,0,0,0,1
183,2,190012cb2cd5517d,1.095853,16.538354,1,13862,1,1,0,0,1,0,0,0,0,0,0,0,0,0
184,2,752285f96761bfac,0.824097,19.398082,1,13851,1,1,0,0,1,0,0,0,0,0,0,0,0,1
185,2,8ce008444b943984,0.619113,18.051898,1,13915,1,1,0,0,1,0,0,0,0,0,0,0,0,0
186,2,815cbd6616cc478f,1.50877,17.040561,1,13960,1,0,0,0,0,0,0,0,0,0,0,0,0,1
187,2,ea182be542b69bac,1.133483,16.280781,1,14064,1,1,0,0,1,0,0,0,0,0,0,0,0,0
188,2,98558a7fe6a345e2,0.852395,19.204383,1,13980,1,1,0,0,1,0,0,0,0,0,0,0,0,1
189,2,ea40987dff05550d,0.640373,20.0,1,13933,1,1,0,0,1,0,0,0,0,0,0,0,0,1
190,2,bd84d51435d6859a,2.568395,19.544764,1,14134,2,0,0,0,0,0,0,0,0,0,0,0,0,1
191,2,b3773e59edaae1a5,1.931469,20.0,1,13898,1,1,0,0,1,0,0,0,0,0,0,0,0,1
192,2,5dadae3439224eef,1.451041,20.0,1,13961,1,1,0,0,1,0,0,0,0,0,0,0,0,1
193,2,999d3e32bf8ac332,2.133766,20.0,1,14037,2,1,0,0,1,0,0,0,0,0,0,0,0,0
194,2,93ca203daad1e765,2.646672,19.202852,1,13999,1,0,0,0,0,0,0,0,0,0,0,0,0,1
195,2,47a61ba2d2334474,1.990335,17.92132,1,13858,1,1,0,0,1,0,0,0,0,0,0,0,0,0
196,2,94215aa925f7efc2,1.495264,20.0,1,14087,1,1,0,0,1,0,0,0,0,0,0,0,0,1
197,2,7547707c30185d74,1.123336,18.820609,1,13997,1,1,0,0,1,0,0,0,0,0,0,0,0,0
198,2,eae6455ec5d55694,0.844765,20.0,1,14057,1,1,0,0,1,0,0,0,0,0,0,0,0,1
199,2,0c29e9d5d45ec48c,2.721947,19.341281,1,13888,2,0,0,0,0,0,0,0,0,0,0,0,0,1
200,2,7635b5de22136fcf,2.044897,20.0,1,13910,1,1,0,0,1,0,0,0,0,0,0,0,0,1
201,2,71731bc3fb924e4c,1.536255,19.622029,1,14119,1,1,0,0,1,0,0,0,0,0,0,0,0,0
202,2,2bfeb5059efc1bca,2.199436,18.236547,1,13948,1,0,0,0,0,0,0,0,0,0,0,0,0,1
203,2,b84c55d6df92b6a5,2.696007,20.0,1,13976,2,1,0,0,1,0,0,0,0,0,0,0,0,1
204,2,b07e028a9e352328,2.02541,20.0,1,13856,1,1,0,0,1,0,0,0,0,0,0,0,0,1
205,2,e17f3acca75a88d8,1.523137,20.0,1,14065,1,1,0,0,1,0,0,0,0,0,0,0,0,0
206,2,ff76efff97b12b4e,1.144276,20.0,1,13993,1,1,0,0,1,0,0,0,0,0,0,0,0,1
207,2,c49c67da2ea37a66,0.859652,16.731578,0,14120,1,1,0,0,0,0,0,0,0,0,0,0,0,0
208,2,678f59b0c5f3aec0,1.689477,19.527498,1,13995,1,0,0,0,1,0,0,0,0,0,0,0,0,1
209,2,2d8c48b7ac050995,1.270511,20.0,1,13998,1,1,0,0,1,0,0,0,0,0,0,0,0,1
210,2,356d473c9c04caa4,0.954488,20.0,1,13937,1,1,0,0,1,0,0,0,0,0,0,0,0,1
211,2,889dcc97d5f39ba3,2.804378,17.443935,0,14086,2,0,0,0,0,0,0,0,0,0,0,0,0,0
212,2,f7cfe82027b13a7b,2.108932,20.0,1,13928,1,1,0,0,1,0,0,0,0,0,0,0,0,1
213,2,b7cef79c5b903f68,1.584362,18.563515,1,14050,1,1,0,0,1,0,0,0,0,0,0,0,0,0
214,2,c7e666ff6e84440b,1.190272,20.0,1,13934,1,1,0,0,1,0,0,0,0,0,0,0,0,1
215,2,346242252b228ef4,2.981513,19.183061,1,14075,2,0,0,0,0,0,0,0,0,0,0,0,0,1
216,2,119018cce592c38e,2.242141,20.0,1,14006,1,1,0,0,1,0,0,0,0,0,0,0,0,1
217,2,75111a681bbe18e5,1.684436,19.546052,1,14025,1,1,0,0,1,0,0,0,0,0,0,0,0,0
218,2,52ce7c260f45af03,2.309107,18.163063,1,13774,1,0,0,0,0,0,0,0,0,0,0,0,0,1
219,2,509b55e2dbb320cb,1.736482,17.139384,1,13979,1,1,0,0,1,0,0,0,0,0,0,0,0,0
220,2,e7e50176d3d6433d,2.348207,19.833867,1,13979,2,1,0,0,1,0,0,0,0,0,0,0,0,1
221,2,b7b47c451ab2719e,2.807774,18.379288,1,13907,1,0,0,0,0,0,0,0,0,0,0,0,0,1
222,2,4f409d4a8f320d71,2.109375,17.286516,1,13753,1,1,0,0,1,0,0,0,0,0,0,0,0,0
223,2,cef7fa9615666658,1.58628,19.96071,1,13883,1,1,0,0,1,0,0,0,0,0,0,0,0,1
224,2,d861e0d3bb0b313e,2.235366,20.0,1,13962,2,1,0,0,1,0,0,0,0,0,0,0,0,1
225,2,35ce60bcb9367e8c,1.679347,20.0,1,13871,1,1,0,0,1,0,0,0,0,0,0,0,0,1
226,2,d5d4ca5d7193f9d2,2.307044,20.0,1,13955,1,0,0,0,0,0,0,0,0,0,0,0,0,1
227,2,1df33c4cedadb90b,1.733196,19.342201,1,13810,1,1,0,0,1,0,0,0,0,0,0,0,0,0
228,2,819b35a1b8a50a4e,1.302085,20.0,1,13843,1,1,0,0,1,0,0,0,0,0,0,0,0,1
229,2,fc0954fec58d599e,3.065515,19.622548,1,13868,2,0,0,0,0,0,0,0,0,0,0,0,0,1
230,2,ab1f1d2a0cc343a3,2.305311,18.236937,1,13947,1,1,0,0,1,0,0,0,0,0,0,0,0,0
231,2,02ed6277af9aacf1,1.731894,20.0,1,13916,1,1,0,0,1,0,0,0,0,0,0,0,0,1
232,2,0e5b1338f6ccd1b1,2.34476,18.998742,1,13887,1,0,0,0,0,0,0,0,0,0,0,0,0,1
233,2,c841b7ed3fa313df,1.763293,17.767826,1,13898,1,1,0,0,1,0,0,0,0,0,0,0,0,0
234,2,62a0d170303a97b0,2.36835,16.827148,1,14044,1,0,0,0,0,0,0,0,0,0,0,0,0,1
235,2,93380ee8dc7566a6,1.779253,16.120452,1,14057,1,1,0,0,1,0,0,0,0,0,0,0,0,0
236,2,0026d175ffe59c8c,2.380339,19.068382,1,13824,2,1,0,0,1,0,0,0,0,0,0,0,0,1
237,2,de5ff8ee6cc78f3c,1.790049,20.0,1,13836,1,1,0,0,1,0,0,0,0,0,0,0,0,1
238,2,757a867f668527e5,2.38845,16.002418,0,13872,1,0,0,0,0,0,0,0,0,0,0,0,0,0
239,2,5906bd726cf35d91,1.794353,18.979708,1,13733,1,1,0,0,1,0,0,0,0,0,0,0,0,1
240,2,2dd1c4d34e2f4b07,2.39353,14.273011,0,13705,1,0,0,0,0,0,0,0,0,0,0,0,0,0
241,2,ed05a6487f2a968f,1.79817,17.680468,1,13895,1,1,0,0,1,0,0,0,0,0,0,0,0,1
242,2,450546ea3d6ded5a,3.438204,16.76152,1,13596,2,0,0,0,0,0,0,0,0,0,0,0,0,1
243,2,42592e988524149c,2.582994,19.549992,1,13771,1,1,0,0,1,0,0,0,0,0,0,0,0,1
244,2,5bb540058da5417c,1.942449,20.0,1,13857,1,1,0,0,1,0,0,0,0,0,0,0,0,1
245,2,3d7690ceb6ff145c,2.502942,16.274509,0,13866,1,0,0,0,0,0,0,0,0,0,0,0,0,0
246,2,dacd8651f6d4eeaa,1.880367,19.184119,1,13745,1,1,0,0,1,0,0,0,0,0,0,0,0,1
247,2,0c1fab33a5bb62cc,1.414063,17.907233,1,13678,1,1,0,0,1,0,0,0,0,0,0,0,0,0
248,2,071ca574f097f677,2.105986,16.931879,1,13639,1,0,0,0,0,0,0,0,0,0,0,0,0,1
249,2,0110b699ee0b157d,2.625802,19.677977,1,13508,2,1,0,0,1,0,0,0,0,0,0,0,0,1
250,2,5ad0ff9fd47e13d1,1.972667,18.262173,1,13556,1,1,0,0,1,0,0,0,0,0,0,0,0,0
251,2,3820153c05cebaca,1.483474,17.213916,1,13521,1,1,0,0,0,0,0,0,0,0,0,0,0,1
252,2,e80566419ff4abc2,2.158132,16.411016,1,13830,1,0,0,0,1,0,0,0,0,0,0,0,0,0
253,2,1454d91fbd307241,1.621324,19.286672,1,13839,1,1,0,0,1,0,0,0,0,0,0,0,0,1
254,2,049d36c4861a73c0,1.219258,17.984354,1,13859,1,1,0,0,1,0,0,0,0,0,0,0,0,0
255,2,9853d069e1bd2d5d,1.959637,16.989817,1,13900,1,0,0,0,0,0,0,0,0,0,0,0,0,1
256,2,749db8f749512260,1.472202,16.242659,1,13779,1,1,0,0,1,0,0,0,0,0,0,0,0,0
257,2,e043e86364ae103b,1.10601,19.160192,1,13893,1,1,0,0,1,0,0,0,0,0,0,0,0,1
258,2,5c1dc8b3f0434580,1.875886,14.408737,0,13774,1,0,0,0,0,0,0,0,0,0,0,0,0,0
259,2,237644f97a35ee73,1.409283,17.782435,1,13757,1,1,0,0,1,0,0,0,0,0,0,0,0,1
260,2,8a3be677ed714fb0,1.058742,16.838123,1,13816,1,1,0,0,1,0,0,0,0,0,0,0,0,0
261,2,f5502357c6d6c6de,0.796189,16.14301,1,13665,1,1,0,0,0,0,0,0,0,0,0,0,0,1
262,2,d0d65d020a48c8f8,1.6418,15.606485,1,13950,1,0,0,0,1,0,0,0,0,0,0,0,0,0
263,2,93d462513749c7fd,1.233423,18.682257,1,13829,1,1,0,0,1,0,0,0,0,0,0,0,0,1
264,2,93c3066689f9bec1,0.926625,20.0,1,13763,1,1,0,0,1,0,0,0,0,0,0,0,0,1
265,2,53cb5cad4b378720,0.696835,15.787013,0,13776,1,1,0,0,0,0,0,0,0,0,0,0,0,0
266,2,df2ee62ed8096f9d,2.610813,18.817882,1,13819,2,0,0,0,1,0,0,0,0,0,0,0,0,1
267,2,53cc2eb1fd746701,1.961406,20.0,1,13855,1,1,0,0,1,0,0,0,0,0,0,0,0,1
268,2,5c542c18e111147d,1.475005,20.0,1,13908,1,1,0,0,1,0,0,0,0,0,0,0,0,1
269,2,a4179e7fbf747f31,1.108116,20.0,1,13806,1,1,0,0,0,0,0,0,0,0,0,0,0,1
270,2,3bdfd819fd095778,1.87614,18.974494,1,13909,1,0,0,0,1,0,0,0,0,0,0,0,0,0
271,2,870380458fe1faaa,1.409474,20.0,1,13962,1,1,0,0,1,0,0,0,0,0,0,0,0,1
272,2,94a57ec4d5414d77,1.059944,20.0,1,13841,1,1,0,0,1,0,0,0,0,0,0,0,0,1
273,2,a42dc048d46bc74e,1.83995,20.0,1,13727,1,0,0,0,0,0,0,0,0,0,0,0,0,1
274,2,9321c95b9ea34035,2.425939,19.024432,1,13672,2,1,0,0,1,0,0,0,0,0,0,0,0,0
275,2,2b0f4727becf88cb,1.824341,20.0,1,13741,1,1,0,0,1,0,0,0,0,0,0,0,0,1
276,2,fc0142b0b3345148,1.370559,19.456433,1,13783,1,1,0,0,1,0,0,0,0,0,0,0,0,0
277,2,35f10eb454fbbe5a,2.073303,18.095735,1,13794,1,0,0,0,0,0,0,0,0,0,0,0,0,1
278,2,76da5bff87ccdfd3,1.557595,20.0,1,13823,1,1,0,0,1,0,0,0,0,0,0,0,0,1
279,2,547fda052358d6d9,1.171334,15.455651,0,13687,1,1,0,0,0,0,0,0,0,0,0,0,0,0
280,2,a256a8b8e6c7a3a7,1.923633,18.568942,1,13648,1,0,0,0,1,0,0,0,0,0,0,0,0,1
281,2,8fa1b7feebbb0857,1.445153,17.428997,1,14013,1,1,0,0,1,0,0,0,0,0,0,0,0,0
282,2,00e5d43f687ffb7c,1.086776,20.0,1,13765,1,1,0,0,1,0,0,0,0,0,0,0,0,1
283,2,aaf022466ae35eeb,1.860107,15.076231,0,13881,1,0,0,0,0,0,0,0,0,0,0,0,0,0
284,2,c186e17a93f13b48,1.397429,18.283898,1,13803,1,1,0,0,1,0,0,0,0,0,0,0,0,1
285,2,7068a58121578ff3,2.09349,20.0,1,13807,2,1,0,0,1,0,0,0,0,0,0,0,0,1
286,2,08147b368e5bf8d5,1.574334,15.561956,0,13784,1,1,0,0,0,0,0,0,0,0,0,0,0,0
287,2,ccc4c39ff633c428,2.226392,18.648805,1,13857,1,0,0,0,1,0,0,0,0,0,0,0,0,1
288,2,0c1ad1570243595d,1.672605,17.488994,1,13759,1,1,0,0,1,0,0,0,0,0,0,0,0,0
289,2,41f76c53260c9fe5,1.257823,20.0,1,13787,1,1,0,0,1,0,0,0,0,0,0,0,0,1
290,2,a5a75c4e3bdc51eb,0.944955,20.0,1,13622,1,1,0,0,1,0,0,0,0,0,0,0,0,1
291,2,635984fc5a4a9bf5,1.753563,16.578725,0,13697,1,0,0,0,0,0,0,0,0,0,0,0,0,0
292,2,551362013780f06f,1.317386,19.412666,1,13532,1,1,0,0,1,0,0,0,0,0,0,0,0,1
293,2,745722a69a6e1f7e,0.990693,18.079103,1,13545,1,1,0,0,1,0,0,0,0,0,0,0,0,0
294,2,6fd23ebcf9fa6a99,0.744271,20.0,1,13586,1,1,0,0,1,0,0,0,0,0,0,0,0,1
295,2,97536d621ddb1fcf,1.602796,15.430816,0,13315,1,0,0,0,0,0,0,0,0,0,0,0,0,0
296,2,11f02d7e1f1a513f,1.205326,18.565197,1,13397,1,1,0,0,1,0,0,0,0,0,0,0,0,1
297,2,472e33621e0a06b1,0.905516,17.426183,1,13192,1,1,0,0,1,0,0,0,0,0,0,0,0,0
298,2,cc27b1fc42548463,0.68028,20.0,1,13225,1,1,0,0,1,0,0,0,0,0,0,0,0,1
299,2,f26115f7b8d0c088,0.511069,15.062311,0,13032,1,1,0,0,0,0,0,0,0,0,0,0,0,0
300,2,a1330f8bc97388b3,1.428482,18.288076,1,13100,1,0,0,0,1,0,0,0,0,0,0,0,0,1
301,2,4a9cbf782f1f18cc,2.116818,20.0,1,12861,2,1,0,0,1,0,0,0,0,0,0,0,0,1
302,2,3fc60f677903adad,0.546633,15.54876,0,12902,0,1,0,0,0,0,0,0,0,0,0,0,0,0
303,2,9c39954f7b1cd57b,1.455226,18.653893,1,12710,1,0,0,0,1,0,0,0,0,0,0,0,0,1
304,2,b8bf698efdad9239,1.093257,17.492817,1,12877,1,1,0,0,1,0,0,0,0,0,0,0,0,0
305,2,f496c61a76370ba3,0.821323,20.0,1,12726,1,1,0,0,1,0,0,0,0,0,0,0,0,1
306,2,66eeefc20bd5aabc,1.660683,18.578764,1,12621,2,1,0,0,0,0,0,0,0,0,0,0,0,1
307,2,1bc0212746c25bc6,2.293008,17.451997,1,12609,1,0,0,0,1,0,0,0,0,0,0,0,0,0
308,2,a5eaa14961f6527b,1.722651,20.0,1,12390,1,1,0,0,1,0,0,0,0,0,0,0,0,1
309,2,9c6b1952159ed0b5,1.294163,18.555725,1,13325,1,1,0,0,1,0,0,0,0,0,0,0,0,0
310,2,3e7c7e675724268d,2.01738,17.434671,1,13462,1,0,0,0,0,0,0,0,0,0,0,0,0,1
311,2,100fb9633b3a17bc,1.515582,20.0,1,13780,1,1,0,0,1,0,0,0,0,0,0,0,0,1
312,2,59942da638de1424,1.1386,18.545947,1,15274,1,1,0,0,1,0,0,0,0,0,0,0,0,0
313,2,8080b0a76120e674,0.855388,17.411721,1,14841,1,1,0,0,0,0,0,0,0,0,0,0,0,1
314,2,5b38acb0f0f7125d,2.731565,20.0,1,14607,2,0,0,0,1,0,0,0,0,0,0,0,0,1
315,2,fd853ca8ad307d01,2.052122,20.0,1,14594,1,1,0,0,1,0,0,0,0,0,0,0,0,1
316,2,0e1b1bae58d0ff40,1.541683,20.0,1,15992,1,1,0,0,1,0,0,0,0,0,0,0,0,0
317,2,0f051bf7d04c2d9e,2.203518,18.539416,1,15820,1,0,0,0,0,0,0,0,0,0,0,0,0,1
318,2,a5b7faa72475a43e,2.699074,20.0,1,15636,2,1,0,0,1,0,0,0,0,0,0,0,0,1
319,2,79950ca608194299,2.027713,20.0,1,15596,1,1,0,0,1,0,0,0,0,0,0,0,0,1
320,2,2bef0495337f9760,1.523345,20.0,1,15302,1,1,0,0,1,0,0,0,0,0,0,0,0,0
321,2,40bd02f4726cc6ed,1.145577,20.0,1,14900,1,1,0,0,1,0,0,0,0,0,0,0,0,1
322,2,a9bf56e0d0df8415,2.947936,20.0,1,16031,2,0,0,0,0,0,0,0,0,0,0,0,0,1
323,2,87d2d098eafb5e00,2.214674,18.719329,1,15687,1,1,0,0,1,0,0,0,0,0,0,0,0,0
324,2,14d1278d31a9f672,1.665467,20.0,1,15581,1,1,0,0,1,0,0,0,0,0,0,0,0,1
325,2,2cccb0c8b448a24c,2.294856,19.284062,1,15272,1,0,0,0,0,0,0,0,0,0,0,0,0,1
326,2,8a92ace11e03f5f2,1.72404,17.966239,1,15222,1,1,0,0,1,0,0,0,0,0,0,0,0,0
327,2,4719c101e01b1ac3,2.33886,16.976208,1,14999,2,1,0,0,0,0,0,0,0,0,0,0,0,1
328,2,2b40720a3bfbecd6,2.803006,19.727354,1,13740,1,0,0,0,1,0,0,0,0,0,0,0,0,1
329,2,eaad653381c250e5,2.105794,18.299268,1,12614,1,1,0,0,1,0,0,0,0,0,0,0,0,0
330,2,f9e743d6c8333200,2.625658,17.226401,1,12887,1,0,0,0,0,0,0,0,0,0,0,0,0,1
331,2,f69362f1c7dce9c0,1.974532,16.435,1,12709,1,1,0,0,1,0,0,0,0,0,0,0,0,0
332,2,17cb5371750ada05,2.527045,15.825846,1,12788,1,0,0,0,0,0,0,0,0,0,0,0,0,1
333,2,db19894352bae4f4,1.898475,18.847056,1,12899,1,1,0,0,1,0,0,0,0,0,0,0,0,1
334,2,a79052343b825ddb,1.426253,17.637933,1,12841,1,1,0,0,1,0,0,0,0,0,0,0,0,0
335,2,9af0343fec1c6622,3.160864,16.744479,1,12620,2,0,0,0,0,0,0,0,0,0,0,0,0,1
336,2,0acc7f7c382e8067,2.374639,19.53719,1,12714,1,1,0,0,1,0,0,0,0,0,0,0,0,1
337,2,a73244b57de0879e,1.783977,14.67756,0,12493,0,0,0,0,0,0,0,0,0,0,0,0,0,0
338,2,c9aff476cf94cb4f,1.341576,17.998738,1,12689,1,1,0,0,1,0,0,0,0,0,0,0,0,1
339,2,de9420f69c44e298,1.007876,20.0,1,12860,1,1,0,0,1,0,0,0,0,0,0,0,0,1
340,2,831a88c127a06e07,1.800833,15.385459,0,12747,1,0,0,0,0,0,0,0,0,0,0,0,0,0
341,2,7fcdf86fb81f6fad,1.352899,18.516209,1,12879,1,1,0,0,1,0,0,0,0,0,0,0,0,1
342,2,7ba93d8f9ee482bb,1.017399,13.924453,0,12933,1,1,0,0,0,0,0,0,0,0,0,0,0,0
343,2,9f2d3c165f60d30f,1.807987,17.41861,1,12968,1,0,0,0,1,0,0,0,0,0,0,0,0,1
344,2,57c4f87db22e83cd,1.358273,16.564795,1,13029,1,1,0,0,1,0,0,0,0,0,0,0,0,0
345,2,deef31a29bd5fbd6,2.065591,15.937464,1,12859,1,0,0,0,0,0,0,0,0,0,0,0,0,1
346,2,7d3e0efbe36b70a2,1.551802,15.452065,1,12833,1,1,0,0,1,0,0,0,0,0,0,0,0,0
347,2,d5d84380de4c0b10,1.16581,18.566248,1,12826,1,1,0,0,1,0,0,0,0,0,0,0,0,1
348,2,672f539f5f5b9288,1.919483,13.948128,0,12734,1,0,0,0,0,0,0,0,0,0,0,0,0,0
349,2,6ebf7b7c637af4ac,1.443479,17.450195,1,12772,1,1,0,0,1,0,0,0,0,0,0,0,0,1
350,2,4918d6aa7f178ecd,2.128085,16.588523,1,12981,2,1,0,0,0,0,0,0,0,0,0,0,0,1
351,2,cd3bfc059ac72511,2.642404,15.941182,1,12781,1,0,0,0,1,0,0,0,0,0,0,0,0,0
352,2,aa62de24033ed8de,0.942975,15.468498,1,12644,0,1,0,0,1,0,0,0,0,0,0,0,0,0
353,2,5a457246216d91a9,0.708422,15.099749,1,12950,1,1,0,0,0,0,0,0,0,0,0,0,0,1
354,2,608b53cd5413fb48,1.575864,14.822721,1,12767,1,0,0,0,1,0,0,0,0,0,0,0,0,0
355,2,5fe5e9835b1237be,1.183888,18.093445,1,12837,1,1,0,0,1,0,0,0,0,0,0,0,0,1
356,2,f910689096c4cb13,1.934451,13.606529,0,12831,1,0,0,0,0,0,0,0,0,0,0,0,0,0
357,2,6cb1a8b6baee0e01,1.453281,17.179765,1,12919,1,1,0,0,1,0,0,0,0,0,0,0,0,1
358,2,6dd8292dc1b0a6c2,1.091796,16.38536,1,13049,1,1,0,0,1,0,0,0,0,0,0,0,0,0
359,3,1fd48474a6be9a50,0.821046,19.283028,1,13919,1,1,0,0,1,0,0,0,0,0,0,0,0,1
360,3,530e0ea8d92a6d51,1.660474,14.486618,0,13961,1,0,0,0,0,0,0,0,0,0,0,0,0,0
361,3,9d91a06f605c6d81,1.247452,17.840943,1,14064,1,1,0,0,1,0,0,0,0,0,0,0,0,1
362,3,1bedfd585b1aa4b9,0.937164,13.403234,0,14287,1,1,0,0,0,0,0,0,0,0,0,0,0,0
363,3,26a9669cba5af3ef,1.748911,17.040426,1,14061,1,0,0,0,1,0,0,0,0,0,0,0,0,1
364,3,4f55c5e4b2d3c044,2.357545,19.759524,1,14320,2,1,0,0,1,0,0,0,0,0,0,0,0,1
365,3,429a6cfc04b09590,1.771136,20.0,1,14145,1,1,0,0,1,0,0,0,0,0,0,0,0,1
366,3,bfd1095e82cc3b3f,2.37607,16.395626,0,14161,1,0,0,0,0,0,0,0,0,0,0,0,0,0
367,3,e8a24dfe484cb614,1.785052,19.27511,1,13806,1,1,0,0,1,0,0,0,0,0,0,0,0,1
368,3,a8eb40163c807ab7,1.341043,17.959514,1,14046,1,1,0,0,1,0,0,0,0,0,0,0,0,0
369,3,b734eb68cadec0ba,2.051129,16.971156,1,13975,1,0,0,0,0,0,0,0,0,0,0,0,0,1
370,3,03ed9d518f369873,1.542478,19.723555,1,13997,1,1,0,0,1,0,0,0,0,0,0,0,0,1
371,3,cd43fcebe8f5e6e6,1.158806,18.296414,1,13923,1,1,0,0,1,0,0,0,0,0,0,0,0,0
372,3,338e1a6d9a9334b5,0.870568,20.0,1,13922,1,1,0,0,1,0,0,0,0,0,0,0,0,1
373,3,f71f04d2a5841727,1.69883,19.049529,1,14098,1,0,0,0,0,0,0,0,0,0,0,0,0,1
374,3,dab4ff966e399802,1.276267,17.790043,1,13936,1,1,0,0,1,0,0,0,0,0,0,0,0,0
375,3,339e340883d8ecaf,0.958812,20.0,1,13901,1,1,0,0,1,0,0,0,0,0,0,0,0,1
376,3,0f3eea50b2030a66,0.72032,20.0,1,14225,1,1,0,0,1,0,0,0,0,0,0,0,0,1
377,3,157d3461e0a7f335,1.585841,16.713789,0,13817,1,0,0,0,0,0,0,0,0,0,0,0,0,0
378,3,f1991b9aba19249f,1.191383,19.514134,1,14114,1,1,0,0,1,0,0,0,0,0,0,0,0,1
379,3,f0cae4ef532c2023,0.895042,20.0,1,14065,1,1,0,0,1,0,0,0,0,0,0,0,0,1
380,3,3dc875a761d5c5ef,0.673084,19.737492,1,13919,1,1,0,0,1,0,0,0,0,0,0,0,0,0
381,3,e90cc852e180b7a9,2.59297,18.306884,1,14010,2,0,0,0,0,0,0,0,0,0,0,0,0,1
382,3,0843c071791750a4,1.948001,20.0,1,14076,1,1,0,0,1,0,0,0,0,0,0,0,0,1
383,3,e7652621d19bb2aa,1.46346,20.0,1,13884,1,1,0,0,1,0,0,0,0,0,0,0,0,1
384,3,83403ab2ce2e5edc,2.144694,16.933153,0,13949,1,0,0,0,0,0,0,0,0,0,0,0,0,0
385,3,31f44b91b5854a60,1.611228,19.678934,1,13898,1,1,0,0,1,0,0,0,0,0,0,0,0,1
386,3,9eeb382b0724ec5e,1.210455,18.262892,1,13929,1,1,0,0,1,0,0,0,0,0,0,0,0,0
387,3,8cf44fb6a5bc2678,0.91028,20.0,1,14025,1,1,0,0,1,0,0,0,0,0,0,0,0,1
388,3,26302fd6db433208,0.683859,19.026193,1,13831,1,1,0,0,0,0,0,0,0,0,0,0,0,1
389,3,212d5aa4658ea2f7,2.601065,20.0,1,14086,2,0,0,0,1,0,0,0,0,0,0,0,0,1
390,3,37a5a18fb6caef37,1.954083,19.444194,1,14058,1,1,0,0,1,0,0,0,0,0,0,0,0,0
391,3,79c0b206a03c3fd7,1.469498,20.0,1,13985,1,1,0,0,1,0,0,0,0,0,0,0,0,1
392,3,c2376b0af88b997c,2.147632,16.214737,0,13981,1,0,0,0,0,0,0,0,0,0,0,0,0,0
393,3,6484211bcaa3988b,1.613436,19.139215,1,14002,1,1,0,0,1,0,0,0,0,0,0,0,0,1
394,3,bb6c2f7a25964c84,1.213327,20.0,1,13902,1,1,0,0,1,0,0,0,0,0,0,0,0,1
395,3,66b1f64089a6f384,1.95518,16.042436,0,14155,1,0,0,0,0,0,0,0,0,0,0,0,0,0
396,3,ea8c132e457af786,1.468854,19.009772,1,13842,1,1,0,0,1,0,0,0,0,0,0,0,0,1
397,3,052f36be903b4c06,1.103495,20.0,1,14032,1,1,0,0,1,0,0,0,0,0,0,0,0,1
398,3,8e82ec90f90651e7,1.873995,19.452547,1,13998,1,0,0,0,0,0,0,0,0,0,0,0,0,1
399,3,4f7951c9fb9652a2,2.451515,18.092816,1,13911,2,1,0,0,1,0,0,0,0,0,0,0,0,0
400,3,f016206e344ce587,1.841732,20.0,1,13873,1,1,0,0,1,0,0,0,0,0,0,0,0,1
401,3,5ced2d58e360e784,1.385009,18.934504,1,14179,1,1,0,0,1,0,0,0,0,0,0,0,0,0
402,3,27c66233913871e4,1.040505,20.0,1,13874,1,1,0,0,1,0,0,0,0,0,0,0,0,1
403,3,b04dc5fbe548eb36,1.825346,19.392445,1,14026,1,0,0,0,0,0,0,0,0,0,0,0,0,1
404,3,92badb4797e556aa,1.371314,18.047664,1,13960,1,1,0,0,1,0,0,0,0,0,0,0,0,0
405,3,a92b91e3e3eb2719,1.031248,20.0,1,13713,1,1,0,0,1,0,0,0,0,0,0,0,0,1
406,3,c26da11a2d778a09,0.774738,18.904598,1,13940,1,1,0,0,1,0,0,0,0,0,0,0,0,0
407,3,3295862e40a5a313,0.582032,17.681162,1,13829,1,1,0,0,0,0,0,0,0,0,0,0,0,1
408,3,508e562ad7204104,2.525997,20.0,1,13976,2,0,0,0,1,0,0,0,0,0,0,0,0,1
409,3,a8b42c6fb244fb23,1.897687,20.0,1,14030,1,1,0,0,1,0,0,0,0,0,0,0,0,1
410,3,9c3019aa61f10730,1.425661,20.0,1,14041,1,1,0,0,1,0,0,0,0,0,0,0,0,0
411,3,d2589d24a9f0cfca,2.1147,18.608622,1,14077,2,1,0,0,0,0,0,0,0,0,0,0,0,1
412,3,1dbb1075c65864e9,2.634435,20.0,1,13940,1,0,0,0,1,0,0,0,0,0,0,0,0,1
413,3,5c6e7a0e10fc8612,1.979152,20.0,1,14006,1,1,0,0,1,0,0,0,0,0,0,0,0,1
414,3,16d8a9528bdedf17,1.486863,20.0,1,14218,1,1,0,0,1,0,0,0,0,0,0,0,0,1
415,3,82d07b5e598d7315,1.118142,20.0,1,14056,1,1,0,0,1,0,0,0,0,0,0,0,0,0
416,3,8caf2ec1e9c9e1b1,1.883672,19.659226,1,14067,1,0,0,0,0,0,0,0,0,0,0,0,0,1
417,3,bd35018e83a338ab,2.458786,20.0,1,14118,2,1,0,0,1,0,0,0,0,0,0,0,0,1
418,3,f13b4ae8e3ac9cfb,1.847194,20.0,1,14145,1,1,0,0,1,0,0,0,0,0,0,0,0,1
419,3,c4603ee7d449a90d,1.389116,17.507132,0,14129,1,1,0,0,0,0,0,0,0,0,0,0,0,0
420,3,dd8b4fb1952b1ccb,2.087244,20.0,1,14195,1,0,0,0,1,0,0,0,0,0,0,0,0,1
421,3,548e365b4fbe82fc,1.568069,18.586843,1,14175,1,1,0,0,1,0,0,0,0,0,0,0,0,0
422,3,2f6151d16b59d1d0,1.17921,17.458073,1,13916,1,1,0,0,0,0,0,0,0,0,0,0,0,1
423,3,0f8e792e8be12cdc,1.92955,20.0,1,14115,1,0,0,0,1,0,0,0,0,0,0,0,0,1
424,3,e644c6b1ea35b903,1.449599,20.0,1,14078,1,1,0,0,1,0,0,0,0,0,0,0,0,1
425,3,136cec730ee9b786,3.176336,16.556325,0,14005,2,0,0,0,0,0,0,0,0,0,0,0,0,0
426,3,0a7eca882991cb1d,2.38865,19.411595,1,13816,1,1,0,0,1,0,0,0,0,0,0,0,0,1
427,3,4d85c3ed0200b43b,1.794503,20.0,1,13963,1,1,0,0,1,0,0,0,0,0,0,0,0,1
428,3,10f7befbcb490e43,1.348143,19.661714,1,14006,1,1,0,0,0,0,0,0,0,0,0,0,0,1
429,3,2846eb3c300a9955,3.102124,20.0,1,13913,2,0,0,0,1,0,0,0,0,0,0,0,0,1
430,3,90212b786a0d96d4,2.33051,19.816472,1,13933,1,1,0,0,1,0,0,0,0,0,0,0,0,0
431,3,fa07a56d810f77ed,2.794478,18.366219,1,13966,1,0,0,0,0,0,0,0,0,0,0,0,0,1
432,3,292e122b030f6131,2.099387,17.276698,1,13936,1,1,0,0,1,0,0,0,0,0,0,0,0,0
433,3,5f50b6dc444c4e3b,1.578769,19.953327,1,13881,1,1,0,0,1,0,0,0,0,0,0,0,0,1
434,3,e9dbac9f7e4e3def,2.229723,18.469033,1,14116,1,0,0,0,0,0,0,0,0,0,0,0,0,1
435,3,b39a2b0cb61bc115,1.675108,17.353939,1,13874,1,1,0,0,1,0,0,0,0,0,0,0,0,0
436,3,0783e4636732b453,1.259705,20.0,1,14067,1,1,0,0,1,0,0,0,0,0,0,0,0,1
437,3,d1c2aac9c452539a,1.990023,18.512671,1,13902,1,0,0,0,0,0,0,0,0,0,0,0,0,1
438,3,a55f3e6b4ea25e63,1.49503,17.386722,1,14212,1,1,0,0,1,0,0,0,0,0,0,0,0,0
439,3,c3b488c178849f9c,2.166813,20.0,1,13944,2,1,0,0,1,0,0,0,0,0,0,0,0,1
440,3,d07fe4da74ae592c,2.673625,18.535589,1,13909,1,0,0,0,0,0,0,0,0,0,0,0,0,1
441,3,ee0c0ba6e5273133,2.008594,20.0,1,13888,1,1,0,0,1,0,0,0,0,0,0,0,0,1
442,3,0413813b2417e088,1.508982,20.0,1,14048,1,1,0,0,1,0,0,0,0,0,0,0,0,1
443,3,9f9d897994051f4e,2.178926,17.030223,0,13835,1,0,0,0,0,0,0,0,0,0,0,0,0,0
444,3,e9ddea751f477542,1.636946,19.751859,1,13927,1,1,0,0,1,0,0,0,0,0,0,0,0,1
445,3,c1d68523a27fb88e,2.27343,20.0,1,13777,2,1,0,0,1,0,0,0,0,0,0,0,0,1
446,3,46781a87e06cecff,2.751596,19.853757,1,13924,1,0,0,0,0,0,0,0,0,0,0,0,0,1
447,3,18067cc0699ef92b,2.069239,20.0,1,13707,1,1,0,0,1,0,0,0,0,0,0,0,0,1
448,3,6abed7f8ab586a1d,1.554542,19.924969,1,13879,1,1,0,0,1,0,0,0,0,0,0,0,0,0
449,3,1b9182f399ed5313,2.211523,18.447729,1,13629,1,0,0,0,0,0,0,0,0,0,0,0,0,1
450,3,eeb96892a467eac9,1.663097,17.353457,1,13700,1,1,0,0,1,0,0,0,0,0,0,0,0,0
451,3,f34b33624adf03dd,1.249422,19.994692,1,13748,1,1,0,0,1,0,0,0,0,0,0,0,0,1
452,3,9ae3a6ddb12564bd,1.982298,15.021265,0,13917,1,0,0,0,0,0,0,0,0,0,0,0,0,0
453,3,ad2fa6021f2ad322,1.489226,18.242604,1,13906,1,1,0,0,1,0,0,0,0,0,0,0,0,1
454,3,1d1c700300ad8b75,1.119919,17.1992,1,13713,1,1,0,0,1,0,0,0,0,0,0,0,0,0
455,3,6db962aec6859630,1.885007,16.39996,1,13848,1,0,0,0,0,0,0,0,0,0,0,0,0,1
456,3,c0a47a280212b9c1,1.416135,15.799522,1,13881,1,1,0,0,1,0,0,0,0,0,0,0,0,0
457,3,181cbd97e2791854,1.064954,18.842469,1,13753,1,1,0,0,1,0,0,0,0,0,0,0,0,1
458,3,0b6ccf3312acc01e,2.887367,17.634487,1,13708,2,0,0,0,0,0,0,0,0,0,0,0,0,1
459,3,dfce78429dd965d5,1.125517,16.726975,1,13663,0,1,0,0,1,0,0,0,0,0,0,0,0,0
460,3,c88bbc6dd158c55b,0.845559,16.045196,1,13803,1,1,0,0,1,0,0,0,0,0,0,0,0,0
461,3,37a5728422eb2cc2,1.680023,15.546718,1,13608,1,0,0,0,0,0,0,0,0,0,0,0,0,1
462,3,af19ac75cc826345,1.262138,15.158512,1,13794,1,1,0,0,1,0,0,0,0,0,0,0,0,0
463,3,6c24ab278b3b84de,0.948197,18.345713,1,13709,1,1,0,0,1,0,0,0,0,0,0,0,0,1
464,3,dfa01c72bbe4cfbb,0.713058,13.796237,0,13767,1,1,0,0,0,0,0,0,0,0,0,0,0,0
465,3,af5d7f2c4ac307b3,2.623001,17.322286,1,13817,2,0,0,0,1,0,0,0,0,0,0,0,0,1
466,3,813b497f09095e90,1.970562,19.971275,1,13773,1,1,0,0,1,0,0,0,0,0,0,0,0,1
467,3,fd74a9fa189a8ad2,1.48041,20.0,1,13823,1,1,0,0,1,0,0,0,0,0,0,0,0,1
468,3,6a1674d02813706a,2.15744,16.515257,0,13651,1,0,0,0,0,0,0,0,0,0,0,0,0,0
469,3,59fe21d5da758557,1.620804,19.364984,1,13797,1,1,0,0,1,0,0,0,0,0,0,0,0,1
470,3,9c5689691850936b,1.217649,18.027033,1,13705,1,1,0,0,1,0,0,0,0,0,0,0,0,0
471,3,51c68a482155290a,0.91569,20.0,1,14167,1,1,0,0,1,0,0,0,0,0,0,0,0,1
472,3,a0765370ba45ebe4,0.687923,18.892942,1,14118,1,1,0,0,0,0,0,0,0,0,0,0,0,1
473,3,301682a5ee3a0d77,1.560464,17.672406,1,14164,1,0,0,0,1,0,0,0,0,0,0,0,0,0
474,3,0f13f84e387dd82a,1.172319,20.0,1,14077,1,1,0,0,1,0,0,0,0,0,0,0,0,1
475,3,9b6bf77ebc87f3d6,0.8816,20.0,1,14070,1,1,0,0,1,0,0,0,0,0,0,0,0,1
476,3,52e34b041aac78e7,1.705967,20.0,1,14173,2,1,0,0,1,0,0,0,0,0,0,0,0,1
477,3,1f6d57c0b1017e80,1.281629,20.0,1,14504,1,1,0,0,1,0,0,0,0,0,0,0,0,0
478,3,c14e798b32689966,2.007954,19.440329,1,14894,1,0,0,0,0,0,0,0,0,0,0,0,0,1
479,3,e9ebae96716c6d20,1.508501,20.0,1,14847,1,1,0,0,1,0,0,0,0,0,0,0,0,1
480,3,d28cc9f3770e3889,2.176933,20.0,1,15002,2,1,0,0,1,0,0,0,0,0,0,0,0,1
481,3,557b258f89df5886,1.635449,20.0,1,14931,1,1,0,0,1,0,0,0,0,0,0,0,0,1
482,3,b8624807bfc7466d,3.318182,20.0,1,15167,2,0,0,0,0,0,0,0,0,0,0,0,0,1
483,3,1f8fa3e3b523480d,2.492826,20.0,1,14140,1,1,0,0,1,0,0,0,0,0,0,0,0,1
484,3,8fc92e5e549dca6a,1.872767,20.0,1,13609,1,1,0,0,1,0,0,0,0,0,0,0,0,1
485,3,e16a860b922758ef,1.408347,20.0,1,13585,1,1,0,0,1,0,0,0,0,0,0,0,0,0
486,3,16120c0924ae605a,2.101692,19.927225,1,13787,1,0,0,0,0,0,0,0,0,0,0,0,0,1
487,3,672d32c34078a12e,1.578923,20.0,1,13305,1,1,0,0,1,0,0,0,0,0,0,0,0,1
488,3,062ba6c1a8106e18,1.186186,19.952732,1,13157,1,1,0,0,1,0,0,0,0,0,0,0,0,0
489,3,0b0ae5324090b240,0.892028,20.0,1,13229,1,1,0,0,1,0,0,0,0,0,0,0,0,1
490,3,515b0f1e384d8bda,1.713801,16.502041,0,12838,1,0,0,0,0,0,0,0,0,0,0,0,0,0
491,3,600d5ccc5903184c,1.287515,19.355056,1,12667,1,1,0,0,1,0,0,0,0,0,0,0,0,1
492,3,7d799427d07f75b3,0.968229,18.035779,1,12579,1,1,0,0,1,0,0,0,0,0,0,0,0,0
493,3,238dc2de07a8a801,0.727395,17.028451,1,13046,1,1,0,0,0,0,0,0,0,0,0,0,0,1
494,3,1eb05de850e3e756,1.590118,16.271683,1,13181,1,0,0,0,1,0,0,0,0,0,0,0,0,0
495,3,dc1dac9146c9f0f4,1.194596,19.181997,1,12799,1,1,0,0,1,0,0,0,0,0,0,0,0,1
496,3,607cdd237d17a49b,0.898353,20.0,1,12962,1,1,0,0,1,0,0,0,0,0,0,0,0,1
497,3,c399d2ed4f6654ff,0.674899,19.545451,1,12947,1,1,0,0,1,0,0,0,0,0,0,0,0,0
498,3,3bb6e61e867af003,0.507027,20.0,1,13097,1,1,0,0,1,0,0,0,0,0,0,0,0,1
499,3,13f04fa9caccb88b,1.425442,19.755185,1,12982,1,0,0,0,0,0,0,0,0,0,0,0,0,1
500,3,83e00d4c505f57d6,2.114534,20.0,1,12970,2,1,0,0,1,0,0,0,0,0,0,0,0,1
501,3,f8095f8a5d26f873,1.588571,19.855634,1,12440,1,1,0,0,1,0,0,0,0,0,0,0,0,0
502,3,f924dbf997a29af1,1.193434,20.0,1,12670,1,1,0,0,1,0,0,0,0,0,0,0,0,1
503,3,84e5b5149e37d265,1.94163,16.449924,0,12347,1,0,0,0,0,0,0,0,0,0,0,0,0,0
504,3,37d0280a3df29427,1.458674,19.315902,1,12498,1,1,0,0,1,0,0,0,0,0,0,0,0,1
505,3,612a97086fdbf167,1.095847,17.99016,1,12538,1,1,0,0,1,0,0,0,0,0,0,0,0,0
506,3,4d06f9abd38022c4,0.824093,20.0,1,12503,1,1,0,0,1,0,0,0,0,0,0,0,0,1
507,3,2d15e09a60ee3966,0.61911,20.0,1,12771,1,1,0,0,1,0,0,0,0,0,0,0,0,1
508,3,dc0c1f7b13bbdd63,1.508768,20.0,1,12952,1,0,0,0,0,0,0,0,0,0,0,0,0,1
509,3,8972031db3d8ddb6,1.133481,18.707149,1,13021,1,1,0,0,1,0,0,0,0,0,0,0,0,0
510,3,bc5973d8b2136712,1.896544,17.548544,1,12842,1,0,0,0,0,0,0,0,0,0,0,0,0,1
511,3,2b3dfecd405e6903,1.424803,16.66241,1,12996,1,1,0,0,1,0,0,0,0,0,0,0,0,0
512,3,f57d5e918159ad97,1.070401,19.475535,1,13062,1,1,0,0,1,0,0,0,0,0,0,0,0,1
513,3,962a424c3cb34eef,1.849107,18.126381,1,12974,2,1,0,0,0,0,0,0,0,0,0,0,0,1
514,3,662764e507d75819,2.432819,17.096517,1,13197,1,0,0,0,1,0,0,0,0,0,0,0,0,0
515,3,cb07508dbccef423,1.827686,19.801663,1,12983,1,1,0,0,1,0,0,0,0,0,0,0,0,1
516,3,8cdd6ba0d6c7e8c7,1.373072,18.355094,1,13136,1,1,0,0,1,0,0,0,0,0,0,0,0,0
517,3,cbe6ea3e14a7b3e3,1.03257,20.0,1,12927,1,1,0,0,1,0,0,0,0,0,0,0,0,1
518,3,2793ffccc4b6b36e,0.775731,19.078284,1,13057,1,1,0,0,0,0,0,0,0,0,0,0,0,1
519,3,654b0af9344a69b8,1.626431,17.811646,1,12827,1,0,0,0,1,0,0,0,0,0,0,0,0,0
520,3,fdcd7b6d94a60cd3,1.223099,20.0,1,12896,1,1,0,0,1,0,0,0,0,0,0,0,0,1
521,3,26ce6c4c4c6cab0c,1.962522,18.771257,1,13096,2,1,0,0,0,0,0,0,0,0,0,0,0,1
522,3,f33b59e159a4e7b2,2.518023,20.0,1,13129,1,0,0,0,1,0,0,0,0,0,0,0,0,1
523,3,39a911730c211e46,1.891696,19.30031,1,13211,1,1,0,0,1,0,0,0,0,0,0,0,0,0
524,3,67061e8c68b9f45f,1.422583,20.0,1,12956,1,1,0,0,1,0,0,0,0,0,0,0,0,1
525,3,e382cbc034491143,2.112387,16.133448,0,13152,1,0,0,0,0,0,0,0,0,0,0,0,0,0
526,3,60ab893d9ede959e,1.586957,19.078146,1,13214,1,1,0,0,1,0,0,0,0,0,0,0,0,1
527,3,e0a4ce1c79a31ea1,1.193414,14.347037,0,13077,1,1,0,0,0,0,0,0,0,0,0,0,0,0
528,3,eabbe59e02cec09b,1.940221,17.736082,1,13294,1,0,0,0,1,0,0,0,0,0,0,0,0,1
529,3,797c79e72c358f55,2.501269,20.0,1,12704,2,1,0,0,1,0,0,0,0,0,0,0,0,1
530,3,eec51c80e71c8674,2.922763,18.716061,1,12874,1,0,0,0,0,0,0,0,0,0,0,0,0,1
531,3,ed05ce25372e3cbf,2.19796,17.555247,1,12818,1,1,0,0,1,0,0,0,0,0,0,0,0,0
532,3,f0b2ac213cc95cdd,1.651245,20.0,1,12852,1,1,0,0,1,0,0,0,0,0,0,0,0,1
533,3,a7cd66fe9ed41f1f,2.284172,15.135154,0,13045,1,0,0,0,0,0,0,0,0,0,0,0,0,0
534,3,e4bbadba08e14d63,1.71773,18.342855,1,12867,1,1,0,0,1,0,0,0,0,0,0,0,0,1
535,3,aa14dd0b8608ae3d,1.290466,17.259146,1,12864,1,1,0,0,1,0,0,0,0,0,0,0,0,0
536,3,606892dd3b9be2a6,2.013132,16.444996,1,12546,1,0,0,0,0,0,0,0,0,0,0,0,0,1
537,3,59bc54d260153390,2.556044,12.35451,0,12661,1,0,0,0,0,0,0,0,0,0,0,0,0,0
538,3,fa00f6dcca1f99b8,1.922182,16.251771,1,12653,1,1,0,0,1,0,0,0,0,0,0,0,0,1
539,3,d2c885ec5b76dd75,2.487717,12.209348,0,12412,1,0,0,0,0,0,0,0,0,0,0,0,0,0
540,3,811bb49c8ac5e587,1.868929,16.130116,1,12716,1,1,0,0,1,0,0,0,0,0,0,0,0,1
541,3,0e5a01c862079543,2.449611,12.130077,0,12564,1,0,0,0,0,0,0,0,0,0,0,0,0,0
542,3,fad30bc024b90e12,1.840301,16.070563,1,12895,1,1,0,0,1,0,0,0,0,0,0,0,0,1
543,3,1aeeb449fd621ff7,1.38255,15.552057,1,12939,1,1,0,0,1,0,0,0,0,0,0,0,0,0
544,3,eb84ae6176dfa550,2.082311,15.162524,1,12947,1,0,0,0,0,0,0,0,0,0,0,0,0,1
545,3,fc17bb71c17e6d2b,1.565928,14.882936,1,12868,1,1,0,0,1,0,0,0,0,0,0,0,0,0
546,3,8ee5c338f452331d,1.176423,14.659838,1,12925,1,1,0,0,0,0,0,0,0,0,0,0,0,1
547,3,5c3aff62d91a47f6,1.927456,17.971077,1,12795,1,0,0,0,1,0,0,0,0,0,0,0,0,1
548,3,b04689e2cf504a8b,2.493625,20.0,1,12816,2,1,0,0,1,0,0,0,0,0,0,0,0,1
549,3,b1bdf6259ccc6921,2.917021,15.382485,0,12914,1,0,0,0,0,0,0,0,0,0,0,0,0,0
550,3,8a91a2b17d51ac74,2.191448,18.513975,1,12942,1,1,0,0,1,0,0,0,0,0,0,0,0,1
551,4,1fd48474a6be9a50,1.646353,17.387702,1,13854,1,1,0,0,1,0,0,0,0,0,0,0,0,0
552,4,530e0ea8d92a6d51,2.282232,16.556301,1,14060,1,0,0,0,0,0,0,0,0,0,0,0,0,1
553,4,9d91a06f605c6d81,1.714555,15.916975,1,14095,1,1,0,0,1,0,0,0,0,0,0,0,0,0
554,4,1bedfd585b1aa4b9,1.288081,15.436673,1,14286,1,1,0,0,0,0,0,0,0,0,0,0,0,1
555,4,26a9669cba5af3ef,2.012806,15.0891,1,14157,1,0,0,0,1,0,0,0,0,0,0,0,0,0
556,4,4f55c5e4b2d3c044,1.512146,18.293565,1,14076,1,1,0,0,1,0,0,0,0,0,0,0,0,1
557,4,429a6cfc04b09590,1.136019,17.222116,1,14188,1,1,0,0,1,0,0,0,0,0,0,0,0,0
558,4,bfd1095e82cc3b3f,1.897102,16.417177,1,14027,1,0,0,0,0,0,0,0,0,0,0,0,0,1
559,4,e8a24dfe484cb614,1.426648,15.826453,1,13929,1,1,0,0,1,0,0,0,0,0,0,0,0,0
560,4,a8eb40163c807ab7,2.11544,18.847511,1,14157,2,1,0,0,1,0,0,0,0,0,0,0,0,1
561,4,b734eb68cadec0ba,2.632905,17.638275,1,13881,1,0,0,0,0,0,0,0,0,0,0,0,0,1
562,4,03ed9d518f369873,1.979982,20.0,1,14039,1,1,0,0,1,0,0,0,0,0,0,0,0,1
563,4,cd43fcebe8f5e6e6,1.487486,18.67331,1,14135,1,1,0,0,1,0,0,0,0,0,0,0,0,0
564,4,338e1a6d9a9334b5,2.161146,17.507404,1,13768,1,0,0,0,0,0,0,0,0,0,0,0,0,1
565,4,f71f04d2a5841727,1.623588,16.631503,1,13954,1,1,0,0,1,0,0,0,0,0,0,0,0,0
566,4,dab4ff966e399802,1.220962,19.46813,1,14016,1,1,0,0,1,0,0,0,0,0,0,0,0,1
567,4,339e340883d8ecaf,0.917263,20.0,1,13859,1,1,0,0,1,0,0,0,0,0,0,0,0,1
568,4,0f3eea50b2030a66,1.732759,16.214777,0,14137,1,0,0,0,0,0,0,0,0,0,0,0,0,0
569,4,157d3461e0a7f335,1.303059,19.154747,1,13796,1,1,0,0,1,0,0,0,0,0,0,0,0,1
570,4,f1991b9aba19249f,0.97894,17.86909,1,14265,1,1,0,0,1,0,0,0,0,0,0,0,0,0
571,4,f0cae4ef532c2023,1.779094,20.0,1,14169,2,1,0,0,1,0,0,0,0,0,0,0,0,1
572,4,7630abeab872e6cf,2.38022,18.79113,1,13917,1,0,0,0,0,0,0,0,0,0,0,0,0,1
573,4,253c29c9cd31f14d,1.78996,20.0,1,14064,1,1,0,0,1,0,0,0,0,0,0,0,0,1
574,4,1bcd43f2b236da2a,1.34473,19.324627,1,13935,1,1,0,0,1,0,0,0,0,0,0,0,0,0
575,4,190012cb2cd5517d,2.053899,17.996714,1,13986,1,0,0,0,0,0,0,0,0,0,0,0,0,1
576,4,752285f96761bfac,1.544561,20.0,1,13950,1,1,0,0,1,0,0,0,0,0,0,0,0,1
577,4,8ce008444b943984,1.160371,18.875813,1,13782,1,1,0,0,1,0,0,0,0,0,0,0,0,0
578,4,815cbd6616cc478f,0.871743,20.0,1,14142,1,1,0,0,1,0,0,0,0,0,0,0,0,1
579,4,ea182be542b69bac,0.654908,15.880476,0,13979,1,1,0,0,0,0,0,0,0,0,0,0,0,0
580,4,98558a7fe6a345e2,1.536651,18.903348,1,13790,1,0,0,0,1,0,0,0,0,0,0,0,0,1
581,4,ea40987dff05550d,1.154428,17.680223,1,14072,1,1,0,0,1,0,0,0,0,0,0,0,0,0
582,4,bd84d51435d6859a,1.910932,20.0,1,14076,2,1,0,0,1,0,0,0,0,0,0,0,0,1
583,4,b3773e59edaae1a5,2.481199,18.701405,1,13877,1,0,0,0,0,0,0,0,0,0,0,0,0,1
584,4,5dadae3439224eef,1.864032,20.0,1,13992,1,1,0,0,1,0,0,0,0,0,0,0,0,1
585,4,bf32681d9402a0dc,1.400377,19.260886,1,13992,1,1,0,0,1,0,0,0,0,0,0,0,0,0
586,4,f7bd4e508f328e99,1.052051,20.0,1,14093,1,1,0,0,1,0,0,0,0,0,0,0,0,1
587,4,7c7cf98600a1ae76,0.791158,19.594417,1,13872,1,1,0,0,1,0,0,0,0,0,0,0,0,0
588,4,4330f499d34eea83,0.594367,18.199397,1,13983,1,1,0,0,0,0,0,0,0,0,0,0,0,1
589,4,574139667abb0c89,1.490179,20.0,1,14035,1,0,0,0,1,0,0,0,0,0,0,0,0,1
590,4,92baeeda50fe0e26,2.164786,20.0,1,13956,2,1,0,0,1,0,0,0,0,0,0,0,0,1
591,4,80a0120ed18f2275,1.626323,20.0,1,14056,1,1,0,0,1,0,0,0,0,0,0,0,0,0
592,4,8dedeb0367e4f2e3,2.265449,18.777284,1,13980,1,0,0,0,0,0,0,0,0,0,0,0,0,1
593,4,cce480df118a4b64,1.701947,20.0,1,14011,1,1,0,0,1,0,0,0,0,0,0,0,0,1
594,4,74af5b71dff1f83a,2.324039,19.321201,1,13907,2,1,0,0,1,0,0,0,0,0,0,0,0,0
595,4,5a3027c7f942d721,1.745964,17.99414,1,13905,1,1,0,0,0,0,0,0,0,0,0,0,0,1
596,4,a7f28a02bc25ffcb,2.355331,20.0,1,13941,1,0,0,0,1,0,0,0,0,0,0,0,0,1
597,4,d5293be15af3da23,1.771242,18.878756,1,13874,1,1,0,0,1,0,0,0,0,0,0,0,0,0
598,4,5fbd520df55a8630,2.374321,20.0,1,13944,2,1,0,0,1,0,0,0,0,0,0,0,0,1
599,4,3bdfbc512c496928,1.783739,20.0,1,13921,1,1,0,0,1,0,0,0,0,0,0,0,0,1
600,4,1951e40916662b8e,1.340056,17.158708,0,13986,1,1,0,0,0,0,0,0,0,0,0,0,0,0
601,4,907c65a13f795e16,2.051892,19.864596,1,13758,1,0,0,0,1,0,0,0,0,0,0,0,0,1
602,4,5acd553b9d7683bb,1.54151,20.0,1,13951,1,1,0,0,1,0,0,0,0,0,0,0,0,1
603,4,1092b989fed9604c,2.201732,20.0,1,14048,2,1,0,0,1,0,0,0,0,0,0,0,0,1
604,4,0cd99c2508491f4d,1.655734,20.0,1,13929,1,1,0,0,0,0,0,0,0,0,0,0,0,1
605,4,f5ecba85c3d44a61,2.287544,19.311554,1,13931,1,0,0,0,1,0,0,0,0,0,0,0,0,0
606,4,6909b0fbd85f93b4,1.718547,20.0,1,14023,1,1,0,0,1,0,0,0,0,0,0,0,0,1
607,4,c3b33a0555f7ba33,1.29108,20.0,1,13958,1,1,0,0,1,0,0,0,0,0,0,0,0,1
608,4,827b434043f4964e,3.059211,17.359569,0,13959,2,0,0,0,0,0,0,0,0,0,0,0,0,0
609,4,11385a7444372124,2.298271,19.999284,1,13988,1,1,0,0,1,0,0,0,0,0,0,0,0,1
610,4,c8195c0fd4249d3f,1.726605,20.0,1,13824,1,1,0,0,1,0,0,0,0,0,0,0,0,1
611,4,51e269a22f38096a,2.342582,20.0,1,13911,1,0,0,0,0,0,0,0,0,0,0,0,0,1
612,4,35db90f1d130ec05,1.759894,18.512798,1,13997,1,1,0,0,1,0,0,0,0,0,0,0,0,0
613,4,4f55ed2486312fd2,2.365796,20.0,1,13829,2,1,0,0,1,0,0,0,0,0,0,0,0,1
614,4,355d9367d5ba0cb3,2.820988,19.154437,1,14092,1,0,0,0,0,0,0,0,0,0,0,0,0,1
615,4,fc1fc1d0898ec396,2.121423,20.0,1,13861,1,1,0,0,1,0,0,0,0,0,0,0,0,1
616,4,9fe2b489a847289b,1.593746,20.0,1,13940,1,1,0,0,1,0,0,0,0,0,0,0,0,1
617,4,a430de40e1c20213,1.197322,17.285595,0,13901,1,1,0,0,0,0,0,0,0,0,0,0,0,0
618,4,c12b4f05790372b4,1.944553,19.960017,1,13764,1,0,0,0,1,0,0,0,0,0,0,0,0,1
619,4,614e4d2b1a2514c4,1.46087,18.474059,1,13985,1,1,0,0,1,0,0,0,0,0,0,0,0,0
620,4,28b7f09f97db9afe,1.097497,20.0,1,13826,1,1,0,0,1,0,0,0,0,0,0,0,0,1
621,4,08983b2c075f5163,1.868162,15.653728,0,13909,1,0,0,0,0,0,0,0,0,0,0,0,0,0
622,4,4abc2efcfa8d07cf,2.449035,18.73283,1,13786,2,1,0,0,1,0,0,0,0,0,0,0,0,1
623,4,b8a0db1ddc95a340,1.839868,20.0,1,13958,1,1,0,0,1,0,0,0,0,0,0,0,0,1
624,4,f6958a499ea66994,1.382224,20.0,1,13922,1,1,0,0,1,0,0,0,0,0,0,0,0,1
625,4,4e9f28886ead2dd3,2.083603,20.0,1,13913,1,0,0,0,0,0,0,0,0,0,0,0,0,1
626,4,c155268ee10081e0,1.565333,18.950678,1,13755,1,1,0,0,1,0,0,0,0,0,0,0,0,0
627,4,590e68b029f19bcd,1.175976,20.0,1,13943,1,1,0,0,1,0,0,0,0,0,0,0,0,1
628,4,599580c24e5f6ef4,1.92712,19.401574,1,13944,1,0,0,0,0,0,0,0,0,0,0,0,0,1
629,4,140dbdc241533353,2.493372,18.070762,1,13938,2,1,0,0,1,0,0,0,0,0,0,0,0,0
630,4,1725d2874b813441,1.873177,20.0,1,13793,1,1,0,0,1,0,0,0,0,0,0,0,0,1
631,4,507896d8cf390987,2.450902,18.904953,1,13941,1,0,0,0,0,0,0,0,0,0,0,0,0,1
632,4,2dcdf0d2087f3e6d,1.843113,17.697296,1,13869,1,1,0,0,1,0,0,0,0,0,0,0,0,0
633,4,fe25c3145e5e7ae6,2.428315,16.774161,1,13950,1,0,0,0,0,0,0,0,0,0,0,0,0,1
634,4,5db15f647d09f074,1.824302,16.080645,1,14049,1,1,0,0,1,0,0,0,0,0,0,0,0,0
635,4,1b9600db42f883a0,2.414184,19.038476,1,14042,2,1,0,0,1,0,0,0,0,0,0,0,0,1
636,4,e0c6572184c269a7,2.859651,17.797707,1,13822,1,0,0,0,0,0,0,0,0,0,0,0,0,1
637,4,bbee4797dd4a42fb,2.148349,16.849597,1,13733,1,1,0,0,1,0,0,0,0,0,0,0,0,0
638,4,d5bcdda2ed57a3b0,1.613974,16.137317,1,13869,1,1,0,0,0,0,0,0,0,0,0,0,0,1
639,4,ace5c4b1aebeba7c,2.257882,15.615994,1,13783,1,0,0,0,1,0,0,0,0,0,0,0,0,0
640,4,46252c684e301e3a,1.696262,18.689401,1,13829,1,1,0,0,1,0,0,0,0,0,0,0,0,1
641,4,6f5a681068fdc2ef,3.361645,17.519493,1,13700,2,0,0,0,0,0,0,0,0,0,0,0,0,1
642,4,55548a980d6fb167,2.525478,20.0,1,13750,1,1,0,0,1,0,0,0,0,0,0,0,0,1
643,4,d06d1ede93cb5c7d,0.855045,18.610599,1,13782,0,1,0,0,1,0,0,0,0,0,0,0,0,0
644,4,91582df11b595276,1.686017,13.981448,0,13896,1,0,0,0,0,0,0,0,0,0,0,0,0,0
645,4,212c883ce6be1ec0,2.310295,17.461428,1,13873,2,1,0,0,1,0,0,0,0,0,0,0,0,1
646,4,3fdd42ad881bc2dd,0.693224,16.611744,1,13892,0,1,0,0,1,0,0,0,0,0,0,0,0,0
647,4,f4ace81864a8670b,1.564447,15.958627,1,13791,1,0,0,0,0,0,0,0,0,0,0,0,0,1
648,4,6fd920ab1364e5c3,1.17531,15.467964,1,13954,1,1,0,0,1,0,0,0,0,0,0,0,0,0
649,4,d9e9c8247dfec9be,0.882967,18.578193,1,13926,1,1,0,0,1,0,0,0,0,0,0,0,0,1
650,4,3af1275904426620,0.664004,17.451567,1,13759,1,1,0,0,1,0,0,0,0,0,0,0,0,0
651,4,9c070f7c4029965e,1.542494,16.589555,1,13705,1,0,0,0,0,0,0,0,0,0,0,0,0,1
652,4,cd13dd21f44f4a1e,1.158818,15.941957,1,13880,1,1,0,0,1,0,0,0,0,0,0,0,0,0
653,4,1006a569a32ea238,0.871448,18.949582,1,13655,1,1,0,0,1,0,0,0,0,0,0,0,0,1
654,4,24a680cf6118e524,1.69834,14.236113,0,13761,1,0,0,0,0,0,0,0,0,0,0,0,0,0
655,4,e6ef03d32689b62b,1.275899,17.652748,1,13732,1,1,0,0,1,0,0,0,0,0,0,0,0,1
656,4,95df3e787da6ff05,0.958535,16.740694,1,13711,1,1,0,0,1,0,0,0,0,0,0,0,0,0
657,4,db344f8c196824c0,1.764983,19.550244,1,13967,2,1,0,0,1,0,0,0,0,0,0,0,0,1
658,4,bad657e1b818a26d,2.369619,18.166212,1,13793,1,0,0,0,0,0,0,0,0,0,0,0,0,1
659,4,ffa869edd5521486,1.780206,20.0,1,13727,1,1,0,0,1,0,0,0,0,0,0,0,0,1
660,4,226bd1365c51a1da,1.33874,18.97597,1,13859,1,1,0,0,1,0,0,0,0,0,0,0,0,0
661,4,6d03386997c5cbf3,2.049399,17.734781,1,13684,1,0,0,0,0,0,0,0,0,0,0,0,0,1
662,4,17e6d47843b58709,1.539637,20.0,1,13910,1,1,0,0,1,0,0,0,0,0,0,0,0,1
663,4,34417e828e4e07d3,1.156672,18.715327,1,13670,1,1,0,0,1,0,0,0,0,0,0,0,0,0
664,4,281f9efc8d219d12,2.958135,17.554695,1,13785,2,0,0,0,0,0,0,0,0,0,0,0,0,1
665,4,600deb331ca51a52,2.222336,20.0,1,13789,1,1,0,0,1,0,0,0,0,0,0,0,0,1
666,4,b6ca2385ec283e38,1.669558,20.0,1,13598,1,1,0,0,1,0,0,0,0,0,0,0,0,1
667,4,39b4e1e8d2e80afc,2.299682,20.0,1,13718,1,0,0,0,0,0,0,0,0,0,0,0,0,1
668,4,52058bc17d61d9a9,1.727665,18.575016,1,13871,1,1,0,0,1,0,0,0,0,0,0,0,0,0
669,4,678f05a8dbda2b0c,1.29793,20.0,1,13736,1,1,0,0,1,0,0,0,0,0,0,0,0,1
670,4,8c7f503bb0f02c9e,0.975086,20.0,1,13739,1,1,0,0,1,0,0,0,0,0,0,0,0,1
671,4,559aae2a6b89546b,1.777429,17.046957,0,13764,1,0,0,0,0,0,0,0,0,0,0,0,0,0
672,4,c62046bb1f5139dd,1.335316,19.764431,1,13784,1,1,0,0,1,0,0,0,0,0,0,0,0,1
673,4,fc0b7129fd488a35,2.046827,20.0,1,14609,2,1,0,0,1,0,0,0,0,0,0,0,0,1
674,4,e2ef551721558fbf,1.539243,20.0,1,14512,1,1,0,0,1,0,0,0,0,0,0,0,0,1
675,4,796d4a2d980fb089,1.156376,20.0,1,14532,1,1,0,0,1,0,0,0,0,0,0,0,0,1
676,4,371846c1e4f0deef,1.912395,18.410993,0,14556,1,0,0,0,0,0,0,0,0,0,0,0,0,0
677,4,1e1ceb7e516ce972,1.436711,20.0,1,15556,1,1,0,0,1,0,0,0,0,0,0,0,0,1
678,4,468b18d834e71a91,1.080427,20.0,1,15631,1,1,0,0,1,0,0,0,0,0,0,0,0,1
679,4,671c72427eb7b553,2.898991,20.0,1,15572,2,0,0,0,0,0,0,0,0,0,0,0,0,1
680,4,bc2657eecf61f3cc,2.177904,20.0,1,15864,1,1,0,0,1,0,0,0,0,0,0,0,0,1
681,4,ac6102baf6bc3e9f,1.637815,20.0,1,15718,1,1,0,0,1,0,0,0,0,0,0,0,0,0
682,4,7b82eeb26a610601,2.274082,20.0,1,15525,2,1,0,0,1,0,0,0,0,0,0,0,0,1
683,4,82648ad9503f38fb,2.752086,20.0,1,15732,1,0,0,0,0,0,0,0,0,0,0,0,0,1
684,4,9ebc1834bd5ff9ea,3.111193,20.0,1,15465,2,1,0,0,1,0,0,0,0,0,0,0,0,1
685,4,6bb4c38c44bd3eeb,2.339661,20.0,1,15121,1,1,0,0,1,0,0,0,0,0,0,0,0,1
686,4,4088e016e9e1c720,1.7577,20.0,1,15177,1,1,0,0,1,0,0,0,0,0,0,0,0,0
687,4,ba03d8d1381ca1fb,2.364148,20.0,1,15091,2,1,0,0,1,0,0,0,0,0,0,0,0,1
688,4,5c63f10ad74a7664,1.777873,20.0,1,14976,1,1,0,0,1,0,0,0,0,0,0,0,0,1
689,4,89ba1c28d5ae0eb1,1.335649,20.0,1,13867,1,1,0,0,0,0,0,0,0,0,0,0,0,1
690,4,ffd71024e7a317eb,3.09073,20.0,1,13176,2,0,0,0,1,0,0,0,0,0,0,0,0,1
691,4,ecd515e7acf7951d,1.278297,20.0,1,13115,0,1,0,0,1,0,0,0,0,0,0,0,0,0
692,4,2f4b3a76e1870f40,0.961297,20.0,1,13141,1,1,0,0,1,0,0,0,0,0,0,0,0,1
693,4,7a85218b15a5bed6,2.809493,20.0,1,13347,2,0,0,0,0,0,0,0,0,0,0,0,0,1
694,4,7f7eded669bd7025,2.110667,18.898288,1,13134,1,1,0,0,1,0,0,0,0,0,0,0,0,0
695,4,b01cccb653143cc2,1.587252,20.0,1,13525,1,1,0,0,1,0,0,0,0,0,0,0,0,1
696,4,61b6ecaf4b846787,1.192443,19.385167,1,13737,1,1,0,0,1,0,0,0,0,0,0,0,0,0
697,4,6f203f3936875e08,1.939491,18.042195,1,13816,1,0,0,0,0,0,0,0,0,0,0,0,0,1
698,4,799bc911da657005,1.457067,20.0,1,14930,1,1,0,0,1,0,0,0,0,0,0,0,0,1
699,4,1e9f4ead292e5259,1.095735,20.0,1,14497,1,1,0,0,1,0,0,0,0,0,0,0,0,1
700,4,9c2989cfd6edb997,0.823185,20.0,1,14544,1,1,0,0,1,0,0,0,0,0,0,0,0,0
701,4,eb885094c9c0e2cf,2.705735,18.727158,1,14421,2,0,0,0,0,0,0,0,0,0,0,0,0,1
702,4,bbda585d026d8ff7,2.034751,20.0,1,14348,1,1,0,0,1,0,0,0,0,0,0,0,0,1
703,4,70b559f7cda05bfa,1.528632,20.0,1,15424,1,1,0,0,1,0,0,0,0,0,0,0,0,1
704,4,458d3c401dad43e5,1.148404,20.0,1,15395,1,1,0,0,0,0,0,0,0,0,0,0,0,1
705,4,63a8493a6fe6419c,1.906407,18.942149,1,15176,1,0,0,0,1,0,0,0,0,0,0,0,0,0
706,4,07fa0dc196fd3ba9,2.477796,20.0,1,15081,2,1,0,0,1,0,0,0,0,0,0,0,0,1
707,4,406f8d487d1c08ad,1.861475,19.409946,1,15276,1,1,0,0,0,0,0,0,0,0,0,0,0,1
708,4,ed9f613d8d821911,2.44211,20.0,1,15164,1,0,0,0,1,0,0,0,0,0,0,0,0,1
709,4,be8856801b7fd801,1.836502,20.0,1,15431,1,1,0,0,1,0,0,0,0,0,0,0,0,1
710,4,aaa5a9c15f2b0457,2.423348,20.0,1,15188,2,1,0,0,1,0,0,0,0,0,0,0,0,1
711,4,b784b10c663764d2,1.820571,20.0,1,15330,1,1,0,0,0,0,0,0,0,0,0,0,0,1
712,4,427f96911351b356,2.41138,19.838945,1,14959,1,0,0,0,1,0,0,0,0,0,0,0,0,0
713,4,0bd6122e0ce341ac,2.857543,20.0,1,15195,2,1,0,0,1,0,0,0,0,0,0,0,0,1
714,4,470103cf26cae096,2.146765,19.9166,1,15445,1,1,0,0,0,0,0,0,0,0,0,0,0,1
715,4,1df778485d4838dc,2.656438,20.0,1,14046,1,0,0,0,1,0,0,0,0,0,0,0,0,1
716,4,e280bae25965601c,1.997679,20.0,1,12553,1,1,0,0,1,0,0,0,0,0,0,0,0,1
717,4,de09487d1ecb00bd,1.500782,17.613631,0,12941,1,1,0,0,0,0,0,0,0,0,0,0,0,0
718,4,c23ca503212c3dbc,3.214788,20.0,1,12762,2,0,0,0,1,0,0,0,0,0,0,0,0,1
719,4,a219c63372a87a49,2.41515,20.0,1,13004,1,1,0,0,1,0,0,0,0,0,0,0,0,1
720,4,1a0341e44416bead,2.860378,20.0,1,13132,1,0,0,0,0,0,0,0,0,0,0,0,0,1
721,4,4966c9a23eba8eee,2.148895,20.0,1,13347,1,1,0,0,1,0,0,0,0,0,0,0,0,1
722,4,2c68a2220e7dda10,3.701691,20.0,1,13679,2,0,0,0,0,0,0,0,0,0,0,0,0,1
723,4,d3cbdb4de5f10428,2.783724,18.566813,1,14852,1,1,0,0,1,0,0,0,0,0,0,0,0,0
724,4,5f52ebb79ae5fe4d,2.091308,20.0,1,14613,1,1,0,0,1,0,0,0,0,0,0,0,0,1
725,4,e31cd60c426df3fd,2.614775,15.706078,0,14378,1,0,0,0,0,0,0,0,0,0,0,0,0,0
726,4,aa059ab8e70ee3ce,1.964383,18.757078,1,16016,1,1,0,0,1,0,0,0,0,0,0,0,0,1
727,4,94f2ef8e54a9e609,1.477244,20.0,1,16398,1,1,0,0,1,0,0,0,0,0,0,0,0,1
728,4,7681e1e270510d78,2.153451,15.826544,0,16181,1,0,0,0,0,0,0,0,0,0,0,0,0,0
729,4,917568eb59d6685e,2.661461,18.84758,1,15997,2,1,0,0,1,0,0,0,0,0,0,0,0,1
730,4,f33af47a53fa0ffc,2.001457,20.0,1,15824,1,1,0,0,1,0,0,0,0,0,0,0,0,1
731,4,07cfc2050ca96879,2.547273,19.356519,1,15687,1,0,0,0,0,0,0,0,0,0,0,0,0,1
732,4,85bd4f8029a075a1,1.913671,20.0,1,16502,1,1,0,0,1,0,0,0,0,0,0,0,0,1
733,4,eb134def3aa62950,3.524976,16.151784,0,16344,2,0,0,0,0,0,0,0,0,0,0,0,0,0
734,4,9e0b9488232b712a,2.650832,19.107375,1,16236,1,1,0,0,1,0,0,0,0,0,0,0,0,1
735,4,e9b0dc6b62ba72ac,3.035125,17.833501,1,16146,1,0,0,0,0,0,0,0,0,0,0,0,0,1
736,4,f330838d4727c097,2.280176,20.0,1,15904,1,1,0,0,1,0,0,0,0,0,0,0,0,1
737,4,ea3a22cd5c263f74,3.803026,15.3075,0,15878,2,0,0,0,0,0,0,0,0,0,0,0,0,0
738,4,593f028fbdd10edf,2.857071,18.457641,1,13945,1,1,0,0,1,0,0,0,0,0,0,0,0,1
739,4,859bfeda3b30483c,2.146411,17.34538,1,12749,1,1,0,0,1,0,0,0,0,0,0,0,0,0
740,4,5dc716f6d3c0daf6,2.656171,16.50978,1,12944,1,0,0,0,0,0,0,0,0,0,0,0,0,1
741,4,c600c2729bee2415,1.997479,15.896092,1,12785,1,1,0,0,1,0,0,0,0,0,0,0,0,0
742,4,25d6ccda1149ba47,2.544284,15.420984,1,12911,1,0,0,0,0,0,0,0,0,0,0,0,0,1
743,4,fe39fa63a73e0ddd,1.911426,15.064053,1,12832,1,1,0,0,1,0,0,0,0,0,0,0,0,0
744,4,bdcd3b608ddd2175,1.437419,14.808885,1,12893,1,1,0,0,0,0,0,0,0,0,0,0,0,1
745,4,c93a1680c8acc679,2.123533,18.08305,1,13006,1,0,0,0,1,0,0,0,0,0,0,0,0,1
746,4,30f363ed4af208af,1.595331,17.063964,1,12975,1,1,0,0,1,0,0,0,0,0,0,0,0,0
747,4,e9421d6d66845f29,1.198512,16.298363,1,13018,1,1,0,0,0,0,0,0,0,0,0,0,0,1
748,5,1fd48474a6be9a50,1.945449,19.217605,1,13950,1,0,0,0,1,0,0,0,0,0,0,0,0,1
749,5,530e0ea8d92a6d51,1.461543,17.916312,1,14027,1,1,0,0,1,0,0,0,0,0,0,0,0,0
750,5,9d91a06f605c6d81,1.098003,20.0,1,14161,1,1,0,0,1,0,0,0,0,0,0,0,0,1
751,5,1bedfd585b1aa4b9,1.869864,15.354285,0,14149,1,0,0,0,0,0,0,0,0,0,0,0,0,0
752,5,26a9669cba5af3ef,1.404759,18.492789,1,14214,1,1,0,0,1,0,0,0,0,0,0,0,0,1
753,5,4f55c5e4b2d3c044,1.055343,17.371786,1,14145,1,1,0,0,1,0,0,0,0,0,0,0,0,0
754,5,429a6cfc04b09590,0.79284,16.529618,1,14006,1,1,0,0,0,0,0,0,0,0,0,0,0,1
755,5,bfd1095e82cc3b3f,1.640377,15.91101,1,14218,1,0,0,0,1,0,0,0,0,0,0,0,0,0
756,5,e8a24dfe484cb614,1.232354,18.911036,1,13950,1,1,0,0,1,0,0,0,0,0,0,0,0,1
757,5,a8eb40163c807ab7,1.969475,20.0,1,13988,2,1,0,0,1,0,0,0,0,0,0,0,0,1
758,5,b734eb68cadec0ba,1.481073,19.396766,1,13949,1,1,0,0,1,0,0,0,0,0,0,0,0,0
759,5,03ed9d518f369873,2.156328,18.050909,1,13984,1,0,0,0,0,0,0,0,0,0,0,0,0,1
760,5,cd43fcebe8f5e6e6,1.619969,17.039818,1,14052,1,1,0,0,1,0,0,0,0,0,0,0,0,0
761,5,338e1a6d9a9334b5,0.173369,16.280223,1,13907,0,1,0,0,1,0,0,0,0,0,0,0,0,0
762,5,f71f04d2a5841727,0.130376,19.203963,1,14043,1,1,0,0,1,0,0,0,0,0,0,0,0,1
763,5,dab4ff966e399802,2.185253,17.906064,1,13919,2,0,0,0,0,0,0,0,0,0,0,0,0,1
764,5,339e340883d8ecaf,1.641699,16.931001,1,14035,1,1,0,0,1,0,0,0,0,0,0,0,0,0
765,5,0f3eea50b2030a66,1.234581,19.693357,1,14037,1,1,0,0,1,0,0,0,0,0,0,0,0,1
766,5,157d3461e0a7f335,0.927495,20.0,1,13988,1,1,0,0,1,0,0,0,0,0,0,0,0,1
767,5,f1991b9aba19249f,1.740445,16.341894,0,14022,1,0,0,0,0,0,0,0,0,0,0,0,0,0
768,5,f0cae4ef532c2023,1.307532,19.234743,1,14099,1,1,0,0,1,0,0,0,0,0,0,0,0,1
769,5,7630abeab872e6cf,0.983282,17.945303,1,13906,1,1,0,0,1,0,0,0,0,0,0,0,0,0
770,5,253c29c9cd31f14d,0.738703,20.0,1,14038,1,1,0,0,1,0,0,0,0,0,0,0,0,1
771,5,1bcd43f2b236da2a,0.55496,18.834145,1,14079,1,1,0,0,1,0,0,0,0,0,0,0,0,0
772,5,190012cb2cd5517d,1.461488,17.644047,1,13856,1,0,0,0,0,0,0,0,0,0,0,0,0,1
773,5,752285f96761bfac,1.097962,16.734157,1,13898,1,1,0,0,1,0,0,0,0,0,0,0,0,0
774,5,8ce008444b943984,1.868511,19.529436,1,14109,2,1,0,0,1,0,0,0,0,0,0,0,0,1
775,5,815cbd6616cc478f,2.447396,18.15058,1,13922,1,0,0,0,0,0,0,0,0,0,0,0,0,1
776,5,ea182be542b69bac,1.840476,20.0,1,13902,1,1,0,0,1,0,0,0,0,0,0,0,0,1
777,5,98558a7fe6a345e2,1.382681,20.0,1,13855,1,1,0,0,1,0,0,0,0,0,0,0,0,1
778,5,d0c4a3176ddba144,1.038757,20.0,1,14083,1,1,0,0,1,0,0,0,0,0,0,0,0,0
779,5,dd1e5f78efae9bca,0.78116,20.0,1,13895,1,1,0,0,1,0,0,0,0,0,0,0,0,1
780,5,16a5a908ff857a66,2.674163,20.0,1,14025,2,0,0,0,0,0,0,0,0,0,0,0,0,1
781,5,95f8390a45c16b78,2.008999,20.0,1,14146,1,1,0,0,1,0,0,0,0,0,0,0,0,1
782,5,19bc916e0d18e327,1.509286,20.0,1,13941,1,1,0,0,1,0,0,0,0,0,0,0,0,1
783,5,917ea3f24291f013,1.135004,20.0,1,13896,1,1,0,0,1,0,0,0,0,0,0,0,0,0
784,5,348da937a7d4307f,2.939993,19.418104,1,14060,2,0,0,0,0,0,0,0,0,0,0,0,0,1
785,5,640dfa32a706e2eb,2.208707,20.0,1,13983,1,1,0,0,1,0,0,0,0,0,0,0,0,1
786,5,029ef519e99e1b01,1.660979,20.0,1,13957,1,1,0,0,1,0,0,0,0,0,0,0,0,1
787,5,02a6dc965886850a,2.291485,20.0,1,13992,1,0,0,0,0,0,0,0,0,0,0,0,0,1
788,5,534cc916790ecb89,1.721507,19.165882,1,14123,1,1,0,0,1,0,0,0,0,0,0,0,0,0
789,5,535d3d6cdf62dd24,2.336957,20.0,1,13842,2,1,0,0,1,0,0,0,0,0,0,0,0,1
790,5,683aa3ef9fea1994,1.757425,20.0,1,13968,1,1,0,0,1,0,0,0,0,0,0,0,0,1
791,5,09824303c417f357,1.320288,20.0,1,13993,1,1,0,0,1,0,0,0,0,0,0,0,0,1
792,5,bd8c9d35243af573,2.035536,20.0,1,13723,1,0,0,0,0,0,0,0,0,0,0,0,0,1
793,5,cdd2e73c3dc9fd46,1.530752,19.798447,1,14019,1,1,0,0,1,0,0,0,0,0,0,0,0,0
794,5,1794af5e9b422570,1.149997,20.0,1,13885,1,1,0,0,1,0,0,0,0,0,0,0,0,1
795,5,7787f9ec6f8cb5ee,0.86395,19.880051,1,13976,1,1,0,0,1,0,0,0,0,0,0,0,0,0
796,5,cb38324ee7829c3c,1.692706,18.413984,1,13809,1,0,0,0,0,0,0,0,0,0,0,0,0,1
797,5,3e0363c9588a642a,1.272939,17.32808,1,14134,1,1,0,0,1,0,0,0,0,0,0,0,0,0
798,5,a334a8527ade45d4,1.999965,19.975628,1,14306,2,1,0,0,1,0,0,0,0,0,0,0,0,1
799,5,138a27011e2db29e,1.502499,18.485787,1,14029,1,1,0,0,0,0,0,0,0,0,0,0,0,1
800,5,d30f8730fde55895,2.174051,20.0,1,14122,1,0,0,0,1,0,0,0,0,0,0,0,0,1
801,5,0ed840a5f06fa1a5,1.633283,20.0,1,13902,1,1,0,0,1,0,0,0,0,0,0,0,0,1
802,5,bd0a57e317a75d2c,2.270678,20.0,1,14011,2,1,0,0,1,0,0,0,0,0,0,0,0,1
803,5,59312ce0927659a5,1.705876,20.0,1,13987,1,1,0,0,1,0,0,0,0,0,0,0,0,0
804,5,27b8bc9cdb40cc84,2.326993,19.632799,1,14028,1,0,0,0,0,0,0,0,0,0,0,0,0,1
805,5,9ccfe455513c06bb,1.748183,18.228232,1,13896,1,1,0,0,1,0,0,0,0,0,0,0,0,0
806,5,b0935f554c89af66,1.313345,20.0,1,14047,1,1,0,0,1,0,0,0,0,0,0,0,0,1
807,5,b914eea3d13fa916,2.031804,19.011009,1,13889,2,1,0,0,0,0,0,0,0,0,0,0,0,1
808,5,b3fd9f0e60427045,2.570072,20.0,1,13968,1,0,0,0,1,0,0,0,0,0,0,0,0,1
809,5,48176576d09981b8,1.930799,20.0,1,13828,1,1,0,0,1,0,0,0,0,0,0,0,0,1
810,5,0689438d8e99ed3e,1.450537,20.0,1,13987,1,1,0,0,1,0,0,0,0,0,0,0,0,0
811,5,abbb7837f6f1aa60,2.134975,19.042405,1,13614,1,0,0,0,0,0,0,0,0,0,0,0,0,1
812,5,7883239ed58133d7,1.603927,17.784692,1,14006,1,1,0,0,1,0,0,0,0,0,0,0,0,0
813,5,0cc399bd6318e860,2.248624,20.0,1,13822,2,1,0,0,1,0,0,0,0,0,0,0,0,1
814,5,80dbdc313ac24a14,1.690997,20.0,1,13859,1,1,0,0,1,0,0,0,0,0,0,0,0,1
815,5,017dcc90838402fc,2.314036,20.0,1,13772,1,0,0,0,0,0,0,0,0,0,0,0,0,1
816,5,832d003772f94809,1.738449,18.64505,1,13896,1,1,0,0,1,0,0,0,0,0,0,0,0,0
817,5,1f0856ef8813fb4c,1.306032,20.0,1,13856,1,1,0,0,1,0,0,0,0,0,0,0,0,1
818,5,6b2520495f008149,2.026305,19.246494,1,13781,1,0,0,0,0,0,0,0,0,0,0,0,0,1
819,5,3b2ced347bc5d8e4,2.565941,20.0,1,13921,2,1,0,0,1,0,0,0,0,0,0,0,0,1
820,5,c75a532fa44080bf,1.927695,19.568531,1,13858,1,1,0,0,1,0,0,0,0,0,0,0,0,0
821,5,67c321b439d7cb83,1.449654,20.0,1,13752,1,1,0,0,1,0,0,0,0,0,0,0,0,1
822,5,9f55f0d732aa01c5,2.132724,16.284983,0,13898,1,0,0,0,0,0,0,0,0,0,0,0,0,0
823,5,68cc83c2ee9e4353,1.602236,19.191988,1,13823,1,1,0,0,1,0,0,0,0,0,0,0,0,1
824,5,82d066426bef34de,1.2037,17.897068,1,13915,1,1,0,0,1,0,0,0,0,0,0,0,0,0
825,5,d30647ef1fe57b43,1.94935,16.939352,1,13825,1,0,0,0,0,0,0,0,0,0,0,0,0,1
826,5,874df85641ce7d82,1.464474,16.204746,1,13906,1,1,0,0,1,0,0,0,0,0,0,0,0,0
827,5,2ac3a4c7d20ba310,3.187511,15.652865,1,13723,2,0,0,0,0,0,0,0,0,0,0,0,0,1
828,5,198c6d4238c44977,2.397054,18.732181,1,13724,1,1,0,0,1,0,0,0,0,0,0,0,0,1
829,5,45865ef06760a501,1.800817,14.072787,0,13770,1,1,0,0,0,0,0,0,0,0,0,0,0,0
830,5,cda3cfc07c857e15,2.39654,17.530048,1,13752,1,0,0,0,1,0,0,0,0,0,0,0,0,1
831,5,27f34fbf70c6fd5e,1.800431,20.0,1,13888,1,1,0,0,1,0,0,0,0,0,0,0,0,1
832,5,8ec05878b6fd3ce5,1.35395,20.0,1,13695,1,1,0,0,1,0,0,0,0,0,0,0,0,1
833,5,d67fe1b3f4dac46a,2.060825,20.0,1,13945,1,0,0,0,0,0,0,0,0,0,0,0,0,1
834,5,cab5af4452644b8d,1.548221,18.563854,1,13898,1,1,0,0,1,0,0,0,0,0,0,0,0,0
835,5,030e334e062c2987,1.164284,20.0,1,13717,1,1,0,0,1,0,0,0,0,0,0,0,0,1
836,5,1188b8eb1da97757,1.918337,15.71738,0,13847,1,0,0,0,0,0,0,0,0,0,0,0,0,0
837,5,888a18f69df54106,2.484828,18.765569,1,13449,2,1,0,0,1,0,0,0,0,0,0,0,0,1
838,5,fb70b0684588b99a,1.866758,20.0,1,13533,1,1,0,0,1,0,0,0,0,0,0,0,0,1
839,5,b513b2a0d8918911,2.447979,15.834081,0,13556,1,0,0,0,0,0,0,0,0,0,0,0,0,0
840,5,abd3b9157c28f144,1.839075,18.853242,1,13534,1,1,0,0,1,0,0,0,0,0,0,0,0,1
841,5,e44af2bf104e6548,2.425282,14.163736,0,13665,1,0,0,0,0,0,0,0,0,0,0,0,0,0
842,5,24f2a571096c80f8,1.823847,17.612335,1,13630,1,1,0,0,1,0,0,0,0,0,0,0,0,1
843,5,eaca14a852f8f0bc,1.370188,16.710333,1,13808,1,1,0,0,1,0,0,0,0,0,0,0,0,0
844,5,555277eab7f97d98,1.029371,16.032693,1,13722,1,1,0,0,0,0,0,0,0,0,0,0,0,1
845,5,83da619799e8c297,1.816981,15.523608,1,13747,1,0,0,0,1,0,0,0,0,0,0,0,0,0
846,5,012cb8b7519062ff,1.366396,18.634978,1,13647,1,1,0,0,1,0,0,0,0,0,0,0,0,1
847,5,d337979599d7b5e7,1.026522,17.478607,1,13498,1,1,0,0,1,0,0,0,0,0,0,0,0,0
848,5,f58cc74a18ca6f5e,1.814841,16.609868,1,13558,1,0,0,0,0,0,0,0,0,0,0,0,0,1
849,5,55f5229639b6154f,1.364786,15.971359,1,13437,1,1,0,0,1,0,0,0,0,0,0,0,0,0
850,5,fc5b0585ddcf0fa5,1.025313,18.956374,1,13609,1,1,0,0,1,0,0,0,0,0,0,0,0,1
851,5,784d948f8e47bd92,1.813933,14.241215,0,13615,1,0,0,0,0,0,0,0,0,0,0,0,0,0
852,5,f4587264a61a5c6a,1.36274,17.656582,1,13516,1,1,0,0,1,0,0,0,0,0,0,0,0,1
853,5,7f03e1d1a2d79f7a,1.0248,20.0,1,13588,1,1,0,0,1,0,0,0,0,0,0,0,0,1
854,5,f382d28b35b35aba,1.813547,15.204807,0,13524,1,0,0,0,0,0,0,0,0,0,0,0,0,0
855,5,ac5a68f06eb231c5,1.36245,18.380493,1,13640,1,1,0,0,1,0,0,0,0,0,0,0,0,1
856,5,72e5ed2ee4a6ce2d,1.024582,17.302894,1,13510,1,1,0,0,1,0,0,0,0,0,0,0,0,0
857,5,20462e454ea2294e,0.76973,19.956707,1,13569,1,1,0,0,1,0,0,0,0,0,0,0,0,1
858,5,daea530305e3900a,0.578269,14.992728,0,13641,1,1,0,0,0,0,0,0,0,0,0,0,0,0
859,5,a6e888f1ebd4028f,1.478086,18.221165,1,13521,1,0,0,0,1,0,0,0,0,0,0,0,0,1
860,5,c4f8b36b115b45b7,1.111541,17.183077,1,13503,1,1,0,0,1,0,0,0,0,0,0,0,0,0
861,5,9db8cab8d5871e85,0.83506,16.387848,1,13500,1,1,0,0,0,0,0,0,0,0,0,0,0,1
862,5,e742e6069af38ad4,2.714656,19.269267,1,13695,2,0,0,0,1,0,0,0,0,0,0,0,0,1
863,5,e38814be82db23bd,2.04146,17.971265,1,13394,1,1,0,0,1,0,0,0,0,0,0,0,0,0
864,5,2778e2c116ffae02,1.533672,20.0,1,13496,1,1,0,0,1,0,0,0,0,0,0,0,0,1
865,5,7ff8cbcc1c43fc77,2.195844,15.369953,0,13639,1,0,0,0,0,0,0,0,0,0,0,0,0,0
866,5,66b9601f7bca2a76,1.649656,18.50456,1,13578,1,1,0,0,1,0,0,0,0,0,0,0,0,1
867,5,5462061aadc02247,1.240565,17.396195,1,13550,1,1,0,0,1,0,0,0,0,0,0,0,0,0
868,5,c2d96802efe527b7,1.975643,16.547955,1,13518,1,0,0,0,0,0,0,0,0,0,0,0,0,1
869,5,2b97266cf694bd67,1.484227,15.910705,1,13653,1,1,0,0,1,0,0,0,0,0,0,0,0,0
870,5,c644a93415a98514,1.11616,18.92608,1,13634,1,1,0,0,1,0,0,0,0,0,0,0,0,1
871,5,aa017d1a0e7ab923,0.838529,20.0,1,13706,1,1,0,0,1,0,0,0,0,0,0,0,0,1
872,5,1aa6e7ec6b193cd4,1.673609,15.908846,0,13522,1,0,0,0,0,0,0,0,0,0,0,0,0,0
873,5,940d0272a1287599,1.25732,18.909411,1,13632,1,1,0,0,1,0,0,0,0,0,0,0,0,1
874,5,a36473885b5e4ac4,1.989673,20.0,1,13613,2,1,0,0,1,0,0,0,0,0,0,0,0,1
875,5,5a290ee1f72ee88c,2.53842,15.912606,0,13616,1,0,0,0,0,0,0,0,0,0,0,0,0,0
876,5,a10f0f0225898746,1.90702,18.912235,1,13639,1,1,0,0,1,0,0,0,0,0,0,0,0,1
877,5,ad22d363ab4cc2c9,1.434106,20.0,1,13590,1,1,0,0,1,0,0,0,0,0,0,0,0,1
878,5,7b19815b3f4dabed,1.077391,19.393046,1,13849,1,1,0,0,1,0,0,0,0,0,0,0,0,0
879,5,a674938663301333,1.853057,18.048115,1,13959,1,0,0,0,0,0,0,0,0,0,0,0,0,1
880,5,509198b5786d02b7,1.392132,17.037719,1,14655,1,1,0,0,1,0,0,0,0,0,0,0,0,0
881,5,c04e7b977b55ea13,2.091054,19.773611,1,14668,2,1,0,0,1,0,0,0,0,0,0,0,0,1
882,5,acb85824b82ffa50,1.57093,20.0,1,14720,1,1,0,0,1,0,0,0,0,0,0,0,0,1
883,5,e6d2bf79596f1c93,2.223835,16.387189,0,14744,1,0,0,0,0,0,0,0,0,0,0,0,0,0
884,5,2a2a91cc369a5136,1.672355,19.284403,1,16028,1,1,0,0,1,0,0,0,0,0,0,0,0,1
885,5,8af4c63aced1d663,2.300031,20.0,1,16214,2,1,0,0,1,0,0,0,0,0,0,0,0,1
886,5,12b3e36bb7ef90bc,1.727928,20.0,1,16140,1,1,0,0,1,0,0,0,0,0,0,0,0,1
887,5,1ea515a056bbd47b,1.298127,17.330706,0,16401,1,1,0,0,0,0,0,0,0,0,0,0,0,0
888,5,73741215fbafab10,2.020361,19.993941,1,16571,1,0,0,0,1,0,0,0,0,0,0,0,0,1
889,5,6dfd1d71173fe614,2.561475,20.0,1,16804,2,1,0,0,1,0,0,0,0,0,0,0,0,1
890,5,ee8840b771c42f67,1.92434,20.0,1,16962,1,1,0,0,1,0,0,0,0,0,0,0,0,1
891,5,46e0ffa69c93eac1,1.447131,20.0,1,17180,1,1,0,0,1,0,0,0,0,0,0,0,0,1
892,5,e8f460e26a0c1019,2.130829,20.0,1,16974,2,1,0,0,0,0,0,0,0,0,0,0,0,1
893,5,1debe50370343041,2.644466,19.982257,1,16960,1,0,0,0,1,0,0,0,0,0,0,0,0,0
894,5,4eac2d2acb409d6d,3.030341,20.0,1,17181,2,1,0,0,1,0,0,0,0,0,0,0,0,1
895,5,d8865e29a90b6ae6,2.27886,20.0,1,17125,1,1,0,0,1,0,0,0,0,0,0,0,0,1
896,5,65395ab990da92e2,2.755676,20.0,1,14864,2,1,0,0,1,0,0,0,0,0,0,0,0,1
897,5,7ea00bada446457a,2.070236,18.480449,0,13099,1,1,0,0,0,0,0,0,0,0,0,0,0,0
898,5,2e7fdfb118cd4287,2.600998,20.0,1,13300,1,0,0,0,1,0,0,0,0,0,0,0,0,1
899,5,9619c40bdfb6999f,1.954032,20.0,1,13187,1,1,0,0,1,0,0,0,0,0,0,0,0,1
900,5,a7a7cff7d1109694,2.511645,20.0,1,13313,2,1,0,0,1,0,0,0,0,0,0,0,0,0
901,5,c3f323de486ccb58,2.930558,18.863483,1,13576,1,0,0,0,0,0,0,0,0,0,0,0,0,1
902,5,38a5ea27c4706cd4,2.203822,20.0,1,13426,1,1,0,0,1,0,0,0,0,0,0,0,0,1
903,5,624b3acf06e776d4,1.655649,19.365503,1,13755,1,1,0,0,1,0,0,0,0,0,0,0,0,0
904,5,4bc8614871f0f4da,1.243827,20.0,1,13655,1,1,0,0,1,0,0,0,0,0,0,0,0,1
905,5,12eab71e36da7061,0.935376,19.653522,1,13425,1,1,0,0,0,0,0,0,0,0,0,0,0,1
906,5,c75488bae5731956,1.746366,18.243801,1,13693,1,0,0,0,1,0,0,0,0,0,0,0,0,0
907,5,88364bfd4c5071c5,2.355633,20.0,1,13625,2,1,0,0,1,0,0,0,0,0,0,0,0,1
908,5,f89559e733ee429f,2.813352,19.002616,1,13343,1,0,0,0,0,0,0,0,0,0,0,0,0,1
909,5,370907e7cb610152,2.115681,17.770739,1,13458,1,1,0,0,1,0,0,0,0,0,0,0,0,0
910,5,c24a37abf74ffb45,1.589432,20.0,1,13318,1,1,0,0,1,0,0,0,0,0,0,0,0,1
911,5,5ac26bc8b31127eb,2.237734,18.735622,1,13207,1,0,0,0,0,0,0,0,0,0,0,0,0,1
912,5,6d7e93e7ff794862,1.682808,17.569956,1,13227,1,1,0,0,1,0,0,0,0,0,0,0,0,0
913,5,e6b316e0c79d7b46,1.264231,16.678496,1,13366,1,1,0,0,0,0,0,0,0,0,0,0,0,1
914,5,6251c049662823b2,1.993423,19.48762,1,13340,1,0,0,0,1,0,0,0,0,0,0,0,0,1
915,5,ac15f015a62f5915,3.584891,18.119165,1,13357,2,0,0,0,0,0,0,0,0,0,0,0,0,1
916,5,75892b70c4b210b9,2.695889,20.0,1,13169,1,1,0,0,1,0,0,0,0,0,0,0,0,1
917,5,e8665a968af89674,2.025321,15.466148,0,13145,1,1,0,0,0,0,0,0,0,0,0,0,0,0
918,5,cbe4a78dc67802cd,2.565201,18.576828,1,13416,1,0,0,0,1,0,0,0,0,0,0,0,0,1
919,5,16f59889293a3d87,1.929068,20.0,1,13201,1,1,0,0,1,0,0,0,0,0,0,0,0,1
920,5,1dc14614baa6abcd,3.536543,19.203555,1,13395,2,0,0,0,0,0,0,0,0,0,0,0,0,1
921,5,c13633922eee2a49,2.656873,17.905757,1,13168,1,1,0,0,1,0,0,0,0,0,0,0,0,0
922,5,9aa33291c4acdd7a,1.996009,16.930771,1,13277,1,1,0,0,0,0,0,0,0,0,0,0,0,1
923,5,cd9a9148e8b7c63a,2.545178,16.212682,1,13291,1,0,0,0,1,0,0,0,0,0,0,0,0,0
924,5,42d41844aa56896a,2.95575,15.658827,1,13342,1,0,0,0,0,0,0,0,0,0,0,0,0,1
925,5,ab4db5e10fbf2b0c,2.220545,15.242736,1,13303,1,1,0,0,1,0,0,0,0,0,0,0,0,0
926,5,f0ec99096bdf573d,2.714032,14.943256,1,13474,1,0,0,0,0,0,0,0,0,0,0,0,0,1
927,5,75050f378a325b37,2.038951,14.705154,1,13641,1,1,0,0,1,0,0,0,0,0,0,0,0,0
928,5,807360432d8a9607,1.531787,18.005122,1,13474,1,1,0,0,1,0,0,0,0,0,0,0,0,1
929,5,80ecbe36cb9f9166,2.194428,13.526575,0,13385,1,0,0,0,0,0,0,0,0,0,0,0,0,0
930,5,cb43a7c979c84c0d,1.650241,17.13318,1,13090,1,1,0,0,1,0,0,0,0,0,0,0,0,1
931,5,67ce27cf4d3e4717,1.239764,16.350363,1,13260,1,1,0,0,1,0,0,0,0,0,0,0,0,0
932,5,84ed367b2d19d4b2,1.975042,15.762261,1,13156,1,0,0,0,0,0,0,0,0,0,0,0,0,1
933,5,279cf82fe54d4b55,1.48526,15.333946,1,13052,1,1,0,0,1,0,0,0,0,0,0,0,0,0
934,5,aad337ed708a8e95,1.11582,14.998665,1,13142,1,1,0,0,0,0,0,0,0,0,0,0,0,1
935,5,bba8fb88658a23c2,1.881927,14.746781,1,13193,1,0,0,0,1,0,0,0,0,0,0,0,0,0
936,5,e43858fabc48d5f0,1.413822,18.036394,1,13163,1,1,0,0,1,0,0,0,0,0,0,0,0,1
937,5,ab176606e175fa0c,2.107365,17.044127,1,13415,1,0,0,0,0,0,0,0,0,0,0,0,0,1
938,5,894f1315742165e7,2.626838,19.762305,1,13166,2,1,0,0,1,0,0,0,0,0,0,0,0,1
939,6,1fd48474a6be9a50,1.973445,18.325525,1,13963,1,1,0,0,1,0,0,0,0,0,0,0,0,0
940,6,530e0ea8d92a6d51,2.528209,17.261558,1,13999,1,0,0,0,0,0,0,0,0,0,0,0,0,1
941,6,9d91a06f605c6d81,1.899349,16.446808,1,14254,1,1,0,0,1,0,0,0,0,0,0,0,0,0
942,6,1bedfd585b1aa4b9,1.42691,19.313561,1,14306,1,1,0,0,1,0,0,0,0,0,0,0,0,1
943,6,26a9669cba5af3ef,2.115637,14.509556,0,14148,1,0,0,0,0,0,0,0,0,0,0,0,0,0
944,6,4f55c5e4b2d3c044,1.59099,17.872397,1,14236,1,1,0,0,1,0,0,0,0,0,0,0,0,1
945,6,429a6cfc04b09590,2.238904,13.426863,0,13989,1,0,0,0,0,0,0,0,0,0,0,0,0,0
946,6,bfd1095e82cc3b3f,1.682005,17.04479,1,14060,1,1,0,0,1,0,0,0,0,0,0,0,0,1
947,6,e8a24dfe484cb614,1.264892,16.298426,1,13991,1,1,0,0,1,0,0,0,0,0,0,0,0,0
948,6,a8eb40163c807ab7,1.993919,15.723243,1,13951,1,0,0,0,0,0,0,0,0,0,0,0,0,1
949,6,b734eb68cadec0ba,1.497957,15.291129,1,13949,1,1,0,0,1,0,0,0,0,0,0,0,0,0
950,6,03ed9d518f369873,1.125359,18.445343,1,14176,1,1,0,0,1,0,0,0,0,0,0,0,0,1
951,6,cd43fcebe8f5e6e6,0.846286,13.871161,0,13927,1,1,0,0,0,0,0,0,0,0,0,0,0,0
952,6,338e1a6d9a9334b5,1.679436,17.378574,1,14025,1,0,0,0,1,0,0,0,0,0,0,0,0,1
953,6,f71f04d2a5841727,1.261698,16.534717,1,13893,1,1,0,0,1,0,0,0,0,0,0,0,0,0
954,6,dab4ff966e399802,1.992965,19.395346,1,13936,2,1,0,0,1,0,0,0,0,0,0,0,0,1
955,6,339e340883d8ecaf,2.540894,18.049843,1,13959,1,0,0,0,0,0,0,0,0,0,0,0,0,1
956,6,0f3eea50b2030a66,1.908878,17.039017,1,14102,1,1,0,0,1,0,0,0,0,0,0,0,0,0
957,6,157d3461e0a7f335,1.434069,19.758466,1,14063,1,1,0,0,1,0,0,0,0,0,0,0,0,1
958,6,f1991b9aba19249f,1.07844,18.339149,1,13954,1,1,0,0,0,0,0,0,0,0,0,0,0,1
959,6,f0cae4ef532c2023,1.853845,17.256362,1,14096,1,0,0,0,1,0,0,0,0,0,0,0,0,0
960,6,7630abeab872e6cf,1.392725,19.921749,1,14138,1,1,0,0,1,0,0,0,0,0,0,0,0,1
961,6,253c29c9cd31f14d,1.047349,18.461941,1,13817,1,1,0,0,1,0,0,0,0,0,0,0,0,0
962,6,1bcd43f2b236da2a,0.786834,17.34861,1,14036,1,1,0,0,0,0,0,0,0,0,0,0,0,1
963,6,190012cb2cd5517d,1.634772,16.512207,1,13909,1,0,0,0,1,0,0,0,0,0,0,0,0,0
964,6,752285f96761bfac,1.228143,19.362693,1,13948,1,1,0,0,1,0,0,0,0,0,0,0,0,1
965,6,8ce008444b943984,0.923581,18.041523,1,13971,1,1,0,0,1,0,0,0,0,0,0,0,0,0
966,6,815cbd6616cc478f,0.693852,20.0,1,13879,1,1,0,0,1,0,0,0,0,0,0,0,0,1
967,6,ea182be542b69bac,2.608572,18.888451,1,14057,2,0,0,0,0,0,0,0,0,0,0,0,0,1
968,6,98558a7fe6a345e2,1.961683,20.0,1,13988,1,1,0,0,1,0,0,0,0,0,0,0,0,1
969,6,ea40987dff05550d,1.473739,20.0,1,13991,1,1,0,0,1,0,0,0,0,0,0,0,0,1
970,6,bd84d51435d6859a,1.107165,20.0,1,14001,1,1,0,0,1,0,0,0,0,0,0,0,0,0
971,6,b3773e59edaae1a5,1.875425,18.993579,1,13958,1,0,0,0,0,0,0,0,0,0,0,0,0,1
972,6,5dadae3439224eef,1.410346,20.0,1,13956,1,1,0,0,1,0,0,0,0,0,0,0,0,1
973,6,bf32681d9402a0dc,1.059541,19.439002,1,14010,1,1,0,0,1,0,0,0,0,0,0,0,0,0
974,6,f7bd4e508f328e99,0.795993,20.0,1,13913,1,1,0,0,1,0,0,0,0,0,0,0,0,1
975,6,7c7cf98600a1ae76,1.642749,16.214544,0,14016,1,0,0,0,0,0,0,0,0,0,0,0,0,0
976,6,4330f499d34eea83,2.277789,19.13907,1,13925,2,1,0,0,1,0,0,0,0,0,0,0,0,1
977,6,574139667abb0c89,1.711218,20.0,1,14009,1,1,0,0,1,0,0,0,0,0,0,0,0,1
978,6,92baeeda50fe0e26,1.285574,19.507901,1,14164,1,1,0,0,1,0,0,0,0,0,0,0,0,0
979,6,80a0120ed18f2275,0.96677,18.150722,1,13831,1,1,0,0,0,0,0,0,0,0,0,0,0,1
980,6,6c101f580b712b70,1.769951,17.114803,1,14036,1,0,0,0,1,0,0,0,0,0,0,0,0,0
981,6,b15e4f2a53c46617,1.329698,19.815401,1,13989,1,1,0,0,1,0,0,0,0,0,0,0,0,1
982,6,24ffb1d0a2680279,2.044103,20.0,1,13961,2,1,0,0,1,0,0,0,0,0,0,0,0,1
983,6,68121a43e0cae420,1.535658,19.903299,1,13977,1,1,0,0,0,0,0,0,0,0,0,0,0,1
984,6,aaf35ef966d09fb9,2.197336,18.431449,1,14123,1,0,0,0,1,0,0,0,0,0,0,0,0,0
985,6,e83ec1fc7d0af0b2,1.650776,20.0,1,14057,1,1,0,0,1,0,0,0,0,0,0,0,0,1
986,6,30145d94870288c8,2.285558,20.0,1,13982,2,1,0,0,1,0,0,0,0,0,0,0,0,1
987,6,48b19f1f0393bd84,1.717054,16.983283,0,13981,1,1,0,0,0,0,0,0,0,0,0,0,0,0
988,6,660e55ed3e8f8b1b,2.333612,19.716595,1,14012,1,0,0,0,1,0,0,0,0,0,0,0,0,1
989,6,113af7560806643d,1.754909,18.307662,1,13943,1,1,0,0,1,0,0,0,0,0,0,0,0,0
990,6,06dd42b45c17fb2e,2.362051,17.232706,1,14155,1,0,0,0,0,0,0,0,0,0,0,0,0,1
991,6,f0f5ccd4e7e38638,1.774521,16.425133,1,14118,1,1,0,0,1,0,0,0,0,0,0,0,0,0
992,6,85cd675ac93b42a6,1.333131,19.297277,1,14118,1,1,0,0,1,0,0,0,0,0,0,0,0,1
993,6,ce6a6d19048593a2,2.046684,14.511828,0,14163,1,0,0,0,0,0,0,0,0,0,0,0,0,0
994,6,67c217e0526ee573,2.581251,17.859883,1,14001,2,1,0,0,1,0,0,0,0,0,0,0,0,1
995,6,91d6c2f2c8a79719,1.939197,20.0,1,14196,1,1,0,0,1,0,0,0,0,0,0,0,0,1
996,6,646f9ddf48439184,1.458304,18.802906,1,13967,1,1,0,0,0,0,0,0,0,0,0,0,0,1
997,6,e5f7cec101ed80fc,2.139223,17.604765,1,14099,1,0,0,0,1,0,0,0,0,0,0,0,0,0
998,6,c95924f2dada814a,1.607118,20.0,1,14167,1,1,0,0,1,0,0,0,0,0,0,0,0,1
999,6,b7ed42519a241519,1.207368,18.641947,1,14197,1,1,0,0,1,0,0,0,0,0,0,0,0,0
1000,6,d96a487923810329,2.996259,17.499511,1,14036,2,0,0,0,0,0,0,0,0,0,0,0,0,1
1001,6,f72baef4e89e2969,2.250977,20.0,1,14096,1,1,0,0,1,0,0,0,0,0,0,0,0,1
1002,6,73af4bb8bd0cf539,1.691075,20.0,1,14150,1,1,0,0,1,0,0,0,0,0,0,0,0,1
1003,6,df30ee7102124b2d,1.271712,20.0,1,13933,1,1,0,0,1,0,0,0,0,0,0,0,0,0
1004,6,452eb05f77d9e798,1.999043,20.0,1,14146,2,1,0,0,1,0,0,0,0,0,0,0,0,1
1005,6,b85f9a778089111c,2.54546,20.0,1,13945,1,0,0,0,0,0,0,0,0,0,0,0,0,1
1006,6,a04656e015169539,1.912309,18.52954,1,14263,1,1,0,0,1,0,0,0,0,0,0,0,0,0
1007,6,0605c6c3dd607c22,1.438084,20.0,1,13898,1,1,0,0,1,0,0,0,0,0,0,0,0,1
1008,6,5c3327d5d04b3bf2,2.124032,19.176838,1,14064,1,0,0,0,0,0,0,0,0,0,0,0,0,1
1009,6,d1490ef626d88642,1.595706,20.0,1,14266,1,1,0,0,1,0,0,0,0,0,0,0,0,1
1010,6,c5b822502994eb6b,1.199993,19.546933,1,14219,1,1,0,0,1,0,0,0,0,0,0,0,0,0
1011,6,d176629312e94df7,1.945164,18.163725,1,14104,1,0,0,0,0,0,0,0,0,0,0,0,0,1
1012,6,f7bd93d0fbad3cc4,2.504982,20.0,1,14325,2,1,0,0,1,0,0,0,0,0,0,0,0,1
1013,6,bb17d40cf0ce3b10,1.881899,20.0,1,14151,1,1,0,0,1,0,0,0,0,0,0,0,0,1
1014,6,09db8c22003cafc4,2.459366,20.0,1,14189,1,0,0,0,0,0,0,0,0,0,0,0,0,1
1015,6,a922dd8e3be979be,1.847629,20.0,1,14081,1,1,0,0,1,0,0,0,0,0,0,0,0,1
1016,6,ca742c3564ca89ec,3.475362,16.714133,0,14046,2,0,0,0,0,0,0,0,0,0,0,0,0,0
1017,6,ee07ef875cb8222f,2.613522,19.53027,1,14180,1,1,0,0,1,0,0,0,0,0,0,0,0,1
1018,6,44a937e25d5fe97a,1.963441,18.151206,1,14210,1,1,0,0,1,0,0,0,0,0,0,0,0,0
1019,6,a7c0fe6af49c7498,2.518713,17.115167,1,14313,1,0,0,0,0,0,0,0,0,0,0,0,0,1
1020,6,5031b017df760d5c,1.892215,19.815674,1,14350,1,1,0,0,1,0,0,0,0,0,0,0,0,1
1021,6,41e3da41dfcb9e13,2.467123,14.90167,0,14335,1,0,0,0,0,0,0,0,0,0,0,0,0,0
1022,6,172a8f65a83e640a,1.853457,18.152756,1,14326,1,1,0,0,1,0,0,0,0,0,0,0,0,1
1023,6,e1b8beb0c0dd2987,2.436087,20.0,1,14398,2,1,0,0,1,0,0,0,0,0,0,0,0,1
1024,6,f0f021c24f5e2b20,1.831972,15.487866,0,14270,0,0,0,0,0,0,0,0,0,0,0,0,0,0
1025,6,2f2cf70214a6091e,2.419945,18.593144,1,14555,2,1,0,0,1,0,0,0,0,0,0,0,0,1
1026,6,c99e72d92b2de080,2.861668,17.447178,1,14496,1,0,0,0,0,0,0,0,0,0,0,0,0,1
1027,6,7c45149b17e73278,2.149864,20.0,1,14677,1,1,0,0,1,0,0,0,0,0,0,0,0,1
1028,6,3e652989d156f2f8,1.616728,18.569744,1,14384,1,1,0,0,1,0,0,0,0,0,0,0,0,0
1029,6,8f20ca8584974132,2.258241,17.429599,1,14308,1,0,0,0,0,0,0,0,0,0,0,0,0,1
1030,6,92bf4b78bba19027,1.696532,20.0,1,14382,1,1,0,0,1,0,0,0,0,0,0,0,0,1
1031,6,e0761c1f106e21d7,1.275816,18.559813,1,14058,1,1,0,0,1,0,0,0,0,0,0,0,0,0
1032,6,c4e91514cdd0fcd1,0.958473,20.0,1,14341,1,1,0,0,1,0,0,0,0,0,0,0,0,1
1033,6,29509561683bfd50,1.763718,15.702127,0,14154,1,0,0,0,0,0,0,0,0,0,0,0,0,0
1034,6,ee526894400b0647,1.325016,18.75411,1,14117,1,1,0,0,1,0,0,0,0,0,0,0,0,1
1035,6,28226f2b4c7ddc17,0.996431,20.0,1,14024,1,1,0,0,1,0,0,0,0,0,0,0,0,1
1036,6,5f954bdc53ac9ad0,0.748581,15.824867,0,14248,1,1,0,0,0,0,0,0,0,0,0,0,0,0
1037,6,35ace00b1b3ee9f3,1.606034,15.367476,1,14141,1,0,0,0,1,0,0,0,0,0,0,0,0,0
1038,6,8411077b8132e874,2.251911,18.517564,1,14129,2,1,0,0,1,0,0,0,0,0,0,0,0,1
1039,6,b74f8f1cbf1c5eb5,1.691777,20.0,1,14185,1,1,0,0,1,0,0,0,0,0,0,0,0,1
1040,6,b531610733e8f3c6,1.270969,20.0,1,14074,1,1,0,0,1,0,0,0,0,0,0,0,0,1
1041,6,ee48be9611444222,0.954831,20.0,1,14128,1,1,0,0,1,0,0,0,0,0,0,0,0,0
1042,6,d7c9f5333d7e3e8e,1.762197,18.885065,1,14012,1,0,0,0,0,0,0,0,0,0,0,0,0,1
1043,6,5aac1634ee087123,1.323873,17.666488,1,13991,1,1,0,0,1,0,0,0,0,0,0,0,0,0
1044,6,1f5fb04f2d30e60f,0.994576,20.0,1,13879,1,1,0,0,1,0,0,0,0,0,0,0,0,1
1045,6,80fbc94f5f124f27,1.792086,15.213144,0,14048,1,0,0,0,0,0,0,0,0,0,0,0,0,0
1046,6,3abd7f2475c904a3,1.346327,18.386755,1,14025,1,1,0,0,1,0,0,0,0,0,0,0,0,1
1047,6,8e20f99e37aec77f,1.011445,17.292126,1,14030,1,1,0,0,1,0,0,0,0,0,0,0,0,0
1048,6,621cec5633205274,0.759861,19.948617,1,14155,1,1,0,0,1,0,0,0,0,0,0,0,0,1
1049,6,68bef83a594e463a,0.571426,18.482146,1,13802,1,1,0,0,1,0,0,0,0,0,0,0,0,0
1050,6,76898ebe01745a8e,1.472945,17.36379,1,14047,1,0,0,0,0,0,0,0,0,0,0,0,0,1
1051,6,5245f060d5801535,1.106568,16.523611,1,13950,1,1,0,0,1,0,0,0,0,0,0,0,0,0
1052,6,b379b584f8cc7af9,0.832155,19.386994,1,13815,1,1,0,0,1,0,0,0,0,0,0,0,0,1
1053,6,efbf8dfe05edc2d7,0.625167,18.043569,1,14053,1,1,0,0,1,0,0,0,0,0,0,0,0,0
1054,6,5b7aff6c682acec0,0.469665,20.0,1,14105,1,1,0,0,1,0,0,0,0,0,0,0,0,1
1055,6,0bb8a497c5ced9cc,0.352841,18.889605,1,14207,1,1,0,0,1,0,0,0,0,0,0,0,0,0
1056,6,7b26cf3a79e8ecc1,1.309492,17.685754,1,13917,1,0,0,0,0,0,0,0,0,0,0,0,0,1
1057,6,5c5d3d0f620846f9,0.983773,16.765491,1,14105,1,1,0,0,1,0,0,0,0,0,0,0,0,0
1058,6,8b40b8621c4963e5,0.739072,19.552975,1,14026,1,1,0,0,1,0,0,0,0,0,0,0,0,1
1059,6,efbbd87fa07b45be,1.599943,14.704116,0,13912,1,0,0,0,0,0,0,0,0,0,0,0,0,0
1060,6,c29f603f7ca72451,1.201977,18.004342,1,13937,1,1,0,0,1,0,0,0,0,0,0,0,0,1
1061,6,6c425378e4cd8d5a,0.903001,17.004833,1,14127,1,1,0,0,1,0,0,0,0,0,0,0,0,0
1062,6,124e03af296e5b99,0.678391,19.732785,1,13895,1,1,0,0,1,0,0,0,0,0,0,0,0,1
1063,6,d61b05ab74d73cfd,0.510159,18.319837,1,13824,1,1,0,0,0,0,0,0,0,0,0,0,0,1
1064,6,512fe5da77e3d32e,0.383264,17.241853,1,14134,1,1,0,0,1,0,0,0,0,0,0,0,0,0
1065,6,4f897115e2d61f4f,2.375238,19.910849,1,14124,2,0,0,0,1,0,0,0,0,0,0,0,0,1
1066,6,3e66d4f892d2fef0,1.786213,20.0,1,13966,1,1,0,0,1,0,0,0,0,0,0,0,0,1
1067,6,00715d58a6e20e18,1.341915,20.0,1,13855,1,1,0,0,1,0,0,0,0,0,0,0,0,1
1068,6,844413bae0fe591d,3.095437,20.0,1,13949,2,0,0,0,0,0,0,0,0,0,0,0,0,1
1069,6,a270046605ea97aa,2.325486,20.0,1,13853,1,1,0,0,1,0,0,0,0,0,0,0,0,1
1070,6,d13d0260a15ec7a9,1.748799,20.0,1,13916,1,1,0,0,1,0,0,0,0,0,0,0,0,0
1071,6,aa2febf1daccb956,1.313807,18.973819,1,13962,1,1,0,0,0,0,0,0,0,0,0,0,0,1
1072,6,f1ae066b9d76215b,2.030668,17.733165,1,13820,1,0,0,0,1,0,0,0,0,0,0,0,0,0
1073,6,9c2623559087f0da,1.527091,20.0,1,14193,1,1,0,0,1,0,0,0,0,0,0,0,0,1
1074,6,8739e4d540c0cca9,2.1909,20.0,1,14027,2,1,0,0,1,0,0,0,0,0,0,0,0,1
1075,6,fd907ade50c6a83c,1.645941,20.0,1,13754,1,1,0,0,0,0,0,0,0,0,0,0,0,1
1076,6,37f9e37298b51d45,2.280187,18.625204,1,13849,1,0,0,0,1,0,0,0,0,0,0,0,0,0
1077,6,1ac8b421ceb33792,1.714733,20.0,1,13480,1,1,0,0,1,0,0,0,0,0,0,0,0,1
1078,6,7d6e24e9d110ef61,1.288215,19.230885,1,13421,1,1,0,0,1,0,0,0,0,0,0,0,0,0
1079,6,cd961e8fde3d6f47,0.967788,20.0,1,13964,1,1,0,0,1,0,0,0,0,0,0,0,0,1
1080,6,76c3328e0713fd8a,1.771941,19.577468,1,13696,1,0,0,0,0,0,0,0,0,0,0,0,0,1
1081,6,58626d37ac2080a9,1.331193,18.186664,1,13594,1,1,0,0,1,0,0,0,0,0,0,0,0,0
1082,6,94df50c941e66911,1.000075,20.0,1,14204,1,1,0,0,1,0,0,0,0,0,0,0,0,1
1083,6,f919bc8525164d85,0.751319,18.970368,1,14039,1,1,0,0,1,0,0,0,0,0,0,0,0,0
1084,6,484dbaaa1901227b,0.565003,17.746489,1,13921,1,1,0,0,0,0,0,0,0,0,0,0,0,1
1085,6,5b59901993a96ce5,2.511772,20.0,1,13974,2,0,0,0,1,0,0,0,0,0,0,0,0,1
1086,6,991b005d8699e0b4,1.887001,18.721935,1,13854,1,1,0,0,1,0,0,0,0,0,0,0,0,0
1087,6,88cb8314c08e0de9,1.419051,20.0,1,14074,1,1,0,0,1,0,0,0,0,0,0,0,0,1
1088,6,9a9c5836d4be306e,2.109734,15.80669,0,13816,1,0,0,0,0,0,0,0,0,0,0,0,0,0
1089,6,d643143d75a45644,1.584964,18.832664,1,13934,1,1,0,0,1,0,0,0,0,0,0,0,0,1
1090,6,66ecbab330cf9d85,1.190724,20.0,1,13763,1,1,0,0,1,0,0,0,0,0,0,0,0,1
1091,6,5426c15cec268367,0.895442,19.352489,1,13625,1,1,0,0,1,0,0,0,0,0,0,0,0,0
1092,6,92b256786c14c63f,1.716365,18.017646,1,13504,1,0,0,0,0,0,0,0,0,0,0,0,0,1
1093,6,175052bff5cfc737,2.333094,20.0,1,13282,2,1,0,0,1,0,0,0,0,0,0,0,0,1
1094,6,5e935628a31b72be,0.71037,18.892036,1,12905,0,1,0,0,1,0,0,0,0,0,0,0,0,0
1095,6,3831b4173b809bfe,0.533674,20.0,1,12991,1,1,0,0,1,0,0,0,0,0,0,0,0,1
1096,6,4b19322e55771695,1.444583,15.889632,0,12838,1,0,0,0,0,0,0,0,0,0,0,0,0,0
1097,6,cc9666cbf5339614,2.128914,18.894976,1,12847,2,1,0,0,1,0,0,0,0,0,0,0,0,1
1098,6,c54f99c37e349594,1.600974,20.0,1,12929,1,1,0,0,1,0,0,0,0,0,0,0,0,1
1099,6,e843b01d69cb03af,2.246405,19.383295,1,13018,1,0,0,0,0,0,0,0,0,0,0,0,0,1
1100,6,5637135595d75478,1.68764,18.04079,1,12748,1,1,0,0,1,0,0,0,0,0,0,0,0,0
1101,6,2265450d7b5d4e3d,1.26913,20.0,1,13617,1,1,0,0,1,0,0,0,0,0,0,0,0,1
1102,6,78a48da787ddd569,0.95345,15.42187,0,13541,1,1,0,0,0,0,0,0,0,0,0,0,0,0
1103,6,1c808514c90a08b9,1.759944,18.543563,1,14514,1,0,0,0,1,0,0,0,0,0,0,0,0,1
1104,6,d7c884544c5f3040,2.365834,20.0,1,14423,2,1,0,0,1,0,0,0,0,0,0,0,0,1
1105,6,168ecbfccb17624f,2.823291,19.189158,1,14089,1,0,0,0,0,0,0,0,0,0,0,0,0,1
1106,6,1465cd7785ad4ed1,2.121033,17.894942,1,14058,1,1,0,0,1,0,0,0,0,0,0,0,0,0
1107,6,76370a22930995eb,2.637106,16.922645,1,14249,1,0,0,0,0,0,0,0,0,0,0,0,0,1
1108,6,5bd6a734054cf9be,1.983142,19.687074,1,14707,1,1,0,0,1,0,0,0,0,0,0,0,0,1
1109,6,4eb0e70be216b8a1,1.48986,14.790163,0,14614,1,1,0,0,0,0,0,0,0,0,0,0,0,0
1110,6,85d6562bcd50fa96,3.206583,18.068985,1,14354,2,0,0,0,1,0,0,0,0,0,0,0,0,1
1111,6,74ace1f01470d742,2.408986,20.0,1,14142,1,1,0,0,1,0,0,0,0,0,0,0,0,1
1112,6,07ea457c42b8ae96,2.855742,18.921041,1,13563,1,0,0,0,0,0,0,0,0,0,0,0,0,1
1113,6,6be4609552c6d999,2.145412,17.693515,1,13934,1,1,0,0,1,0,0,0,0,0,0,0,0,0
1114,6,8c3fcab5c4defc45,2.655421,16.771321,1,14222,1,0,0,0,0,0,0,0,0,0,0,0,0,1
1115,6,ac4fc3af7cc6626f,1.996915,16.092774,1,14121,1,1,0,0,1,0,0,0,0,0,0,0,0,0
1116,6,4c807ad2b6b0ebdd,2.543861,15.568744,1,13732,1,0,0,0,0,0,0,0,0,0,0,0,0,1
1117,6,46e6ca122d617fd3,1.911108,18.653904,1,13406,1,1,0,0,1,0,0,0,0,0,0,0,0,1
1118,6,8cc59a12f603fb5d,1.435744,17.492826,1,13112,1,1,0,0,1,0,0,0,0,0,0,0,0,0
1119,6,bd32d7faa6435175,2.12385,16.635356,1,13056,1,0,0,0,0,0,0,0,0,0,0,0,0,1
1120,6,f9f4bfb86fd0bc6e,1.595569,15.976366,1,12278,1,1,0,0,1,0,0,0,0,0,0,0,0,0
1121,6,1ef79d5316c7fe2f,2.242345,15.481291,1,12295,1,0,0,0,0,0,0,0,0,0,0,0,0,1
1122,6,bdff616b69310a56,2.730426,18.603155,1,12116,2,1,0,0,1,0,0,0,0,0,0,0,0,1
1123,6,d53a5c05a0794985,2.051267,13.975855,0,12121,1,1,0,0,0,0,0,0,0,0,0,0,0,0
1124,6,ccfe014c232d66b5,1.54104,13.978382,1,12467,0,0,0,0,1,0,0,0,0,0,0,0,0,0
1125,6,45f24fc75e80ed8a,1.157726,17.459125,1,12704,1,1,0,0,1,0,0,0,0,0,0,0,0,1
1126,6,70c17b89b74df729,0.870626,16.610012,1,13019,1,1,0,0,1,0,0,0,0,0,0,0,0,0
1127,6,31ec7a62f3104872,1.697722,15.957326,1,12921,1,0,0,0,0,0,0,0,0,0,0,0,0,1
1128,6,6eed02f8eca338c1,1.275435,15.466987,1,13125,1,1,0,0,1,0,0,0,0,0,0,0,0,0
1129,6,52829a1b3ff8d79b,0.959146,15.111896,1,12856,1,1,0,0,0,0,0,0,0,0,0,0,0,1
1130,6,865fbbfb601a1471,1.764224,14.831847,1,12933,1,0,0,0,1,0,0,0,0,0,0,0,0,0
1131,6,be21134c5bebfeed,1.325395,18.100301,1,12988,1,1,0,0,1,0,0,0,0,0,0,0,0,1
1132,6,ed68c0f900df6822,0.99572,13.59808,0,12966,1,1,0,0,0,0,0,0,0,0,0,0,0,0
1133,6,3f2b67df178a03c7,1.792946,17.186953,1,12608,1,0,0,0,1,0,0,0,0,0,0,0,0,1
1134,6,cc0d003152c9740b,1.346973,16.39076,1,12825,1,1,0,0,1,0,0,0,0,0,0,0,0,0
1135,6,0e1882fd5a4a7950,2.055584,15.79261,1,12740,1,0,0,0,0,0,0,0,0,0,0,0,0,1
1136,6,ea10a2ea3a9e18ab,1.545829,18.837271,1,12881,1,1,0,0,1,0,0,0,0,0,0,0,0,1
1137,6,0cefa1568bbcab6e,1.161323,14.151738,0,12834,1,1,0,0,0,0,0,0,0,0,0,0,0,0
1138,6,78f7c49ee0892d4e,2.959765,17.58936,1,12968,2,0,0,0,1,0,0,0,0,0,0,0,0,1
1139,6,b0245e993bda2ea0,2.223561,16.693073,1,12800,1,1,0,0,1,0,0,0,0,0,0,0,0,0
1140,6,bc218e883f13e4cf,1.67215,16.033931,1,12847,1,1,0,0,0,0,0,0,0,0,0,0,0,1
1141,6,32d1dc8901108ff5,2.299877,19.003382,1,12928,1,0,0,0,1,0,0,0,0,0,0,0,0,1
1142,7,1fd48474a6be9a50,1.727812,20.0,1,13963,1,1,0,0,1,0,0,0,0,0,0,0,0,1
1143,7,530e0ea8d92a6d51,1.299339,19.448937,1,14130,1,1,0,0,1,0,0,0,0,0,0,0,0,0
1144,7,9d91a06f605c6d81,0.976145,18.090104,1,14013,1,1,0,0,0,0,0,0,0,0,0,0,0,1
1145,7,1bedfd585b1aa4b9,1.776994,17.069263,1,14249,1,0,0,0,1,0,0,0,0,0,0,0,0,0
1146,7,26a9669cba5af3ef,1.334989,19.781189,1,14374,1,1,0,0,1,0,0,0,0,0,0,0,0,1
1147,7,4f55c5e4b2d3c044,2.048082,14.875736,0,13952,1,0,0,0,0,0,0,0,0,0,0,0,0,0
1148,7,429a6cfc04b09590,1.538647,18.133273,1,14103,1,1,0,0,1,0,0,0,0,0,0,0,0,1
1149,7,bfd1095e82cc3b3f,1.155928,17.101695,1,14199,1,1,0,0,1,0,0,0,0,0,0,0,0,0
1150,7,e8a24dfe484cb614,0.869274,19.821722,1,13842,1,1,0,0,1,0,0,0,0,0,0,0,0,1
1151,7,a8eb40163c807ab7,0.653053,18.370163,1,14010,1,1,0,0,1,0,0,0,0,0,0,0,0,0
1152,7,b734eb68cadec0ba,1.534268,17.279661,1,14018,1,0,0,0,0,0,0,0,0,0,0,0,0,1
1153,7,03ed9d518f369873,1.152638,16.460408,1,13960,1,1,0,0,1,0,0,0,0,0,0,0,0,0
1154,7,cd43fcebe8f5e6e6,0.8668,19.339465,1,13952,1,1,0,0,1,0,0,0,0,0,0,0,0,1
1155,7,338e1a6d9a9334b5,1.694848,20.0,1,14029,2,1,0,0,1,0,0,0,0,0,0,0,0,1
1156,7,f71f04d2a5841727,1.273276,16.142159,0,13889,0,0,0,0,0,0,0,0,0,0,0,0,0,0
1157,7,dab4ff966e399802,2.001672,19.100137,1,13938,2,1,0,0,1,0,0,0,0,0,0,0,0,1
1158,7,339e340883d8ecaf,1.503781,17.828063,1,14031,1,1,0,0,1,0,0,0,0,0,0,0,0,0
1159,7,0f3eea50b2030a66,1.129735,20.0,1,14019,1,1,0,0,1,0,0,0,0,0,0,0,0,1
1160,7,157d3461e0a7f335,0.848728,15.289131,0,14103,1,1,0,0,0,0,0,0,0,0,0,0,0,0
1161,7,f1991b9aba19249f,1.682406,18.458648,1,13878,1,0,0,0,1,0,0,0,0,0,0,0,0,1
1162,7,f0cae4ef532c2023,1.263929,20.0,1,14191,1,1,0,0,1,0,0,0,0,0,0,0,0,1
1163,7,7630abeab872e6cf,0.949542,19.123874,1,13992,1,1,0,0,1,0,0,0,0,0,0,0,0,0
1164,7,253c29c9cd31f14d,1.75822,17.861928,1,13802,1,0,0,0,0,0,0,0,0,0,0,0,0,1
1165,7,1bcd43f2b236da2a,1.320885,20.0,1,14044,1,1,0,0,1,0,0,0,0,0,0,0,0,1
1166,7,190012cb2cd5517d,0.992331,18.787088,1,13963,1,1,0,0,1,0,0,0,0,0,0,0,0,0
1167,7,752285f96761bfac,0.745501,17.592882,1,13849,1,1,0,0,0,0,0,0,0,0,0,0,0,1
1168,7,8ce008444b943984,1.604778,20.0,1,13962,1,0,0,0,1,0,0,0,0,0,0,0,0,1
1169,7,815cbd6616cc478f,1.20561,18.647664,1,13997,1,1,0,0,1,0,0,0,0,0,0,0,0,0
1170,7,ea182be542b69bac,0.90573,20.0,1,13952,1,1,0,0,1,0,0,0,0,0,0,0,0,1
1171,7,98558a7fe6a345e2,0.681122,15.767469,0,13968,1,1,0,0,0,0,0,0,0,0,0,0,0,0
1172,7,ea40987dff05550d,2.599008,18.803199,1,14006,2,0,0,0,1,0,0,0,0,0,0,0,0,1
1173,7,bd84d51435d6859a,1.952537,20.0,1,13965,1,1,0,0,1,0,0,0,0,0,0,0,0,1
1174,7,b3773e59edaae1a5,1.466868,20.0,1,14091,1,1,0,0,1,0,0,0,0,0,0,0,0,1
1175,7,5dadae3439224eef,2.147256,17.143806,0,13905,1,0,0,0,0,0,0,0,0,0,0,0,0,0
1176,7,bf32681d9402a0dc,1.613154,19.83719,1,13949,1,1,0,0,1,0,0,0,0,0,0,0,0,1
1177,7,f7bd4e508f328e99,1.211902,18.381783,1,14129,1,1,0,0,1,0,0,0,0,0,0,0,0,0
1178,7,7c7cf98600a1ae76,0.911368,17.303865,1,13957,1,1,0,0,0,0,0,0,0,0,0,0,0,1
1179,7,4330f499d34eea83,2.771983,19.957436,1,13852,2,0,0,0,1,0,0,0,0,0,0,0,0,1
1180,7,574139667abb0c89,2.082487,18.47212,1,14131,1,1,0,0,1,0,0,0,0,0,0,0,0,0
1181,7,92baeeda50fe0e26,1.564495,20.0,1,13938,1,1,0,0,1,0,0,0,0,0,0,0,0,1
1182,7,80a0120ed18f2275,2.220673,19.148796,1,14068,1,0,0,0,0,0,0,0,0,0,0,0,0,1
1183,7,9d84e6efc962d46c,2.711962,20.0,1,13943,2,1,0,0,1,0,0,0,0,0,0,0,0,1
1184,7,7e27000adda5a2ae,2.037396,19.513391,1,13984,1,1,0,0,1,0,0,0,0,0,0,0,0,0
1185,7,d6305ecf789aa604,1.532151,20.0,1,13801,1,1,0,0,1,0,0,0,0,0,0,0,0,1
1186,7,0dfeeb2fafb97a29,1.151047,20.0,1,14034,1,1,0,0,1,0,0,0,0,0,0,0,0,1
1187,7,28f425ac2b388d3c,0.864739,17.437947,0,13989,1,1,0,0,0,0,0,0,0,0,0,0,0,0
1188,7,f910b70780c7b8f7,1.693299,20.0,1,14103,1,0,0,0,1,0,0,0,0,0,0,0,0,1
1189,7,79eecec24ccd7024,1.273385,20.0,1,13843,1,1,0,0,1,0,0,0,0,0,0,0,0,1
1190,7,69189b788a8d342d,2.0003,20.0,1,13882,2,1,0,0,1,0,0,0,0,0,0,0,0,0
1191,7,f1e96ea7a36e0d03,1.502751,20.0,1,13993,1,1,0,0,1,0,0,0,0,0,0,0,0,1
1192,7,c8a578fd7d03b1de,2.17424,16.554339,0,13849,1,0,0,0,0,0,0,0,0,0,0,0,0,0
1193,7,a55b3aacea87068c,1.633426,19.394345,1,13982,1,1,0,0,1,0,0,0,0,0,0,0,0,1
1194,7,4484329fed67d255,1.227132,18.049091,1,13886,1,1,0,0,1,0,0,0,0,0,0,0,0,0
1195,7,a94a01c146d24e8a,1.965551,17.038452,1,14088,1,0,0,0,0,0,0,0,0,0,0,0,0,1
1196,7,7cc803e032517fd4,1.478123,16.29366,1,13899,1,1,0,0,1,0,0,0,0,0,0,0,0,0
1197,7,732ddc3193e49959,1.110458,19.198507,1,13942,1,1,0,0,1,0,0,0,0,0,0,0,0,1
1198,7,974532203b2dee49,2.921553,17.901965,1,13773,2,0,0,0,0,0,0,0,0,0,0,0,0,1
1199,7,969a5d705d59b0ed,2.197049,20.0,1,13782,1,1,0,0,1,0,0,0,0,0,0,0,0,1
1200,7,e9eff07273e48409,1.650561,18.822284,1,13874,1,1,0,0,1,0,0,0,0,0,0,0,0,0
1201,7,61d999bd71db7b91,1.240005,20.0,1,13858,1,1,0,0,1,0,0,0,0,0,0,0,0,1
1202,7,5424022e44216fc3,1.975223,15.850264,0,13900,1,0,0,0,0,0,0,0,0,0,0,0,0,0
1203,7,330c2feb0ab7284f,2.529546,18.880628,1,13698,2,1,0,0,1,0,0,0,0,0,0,0,0,1
1204,7,1b3fdb45d19951f0,1.900353,20.0,1,13970,1,1,0,0,1,0,0,0,0,0,0,0,0,1
1205,7,98ec77d651a8c607,1.427664,20.0,1,13837,1,1,0,0,1,0,0,0,0,0,0,0,0,1
1206,7,51c723f9d312e950,2.117775,20.0,1,13768,1,0,0,0,0,0,0,0,0,0,0,0,0,1
1207,7,72b5eef91abfa8f2,2.634658,20.0,1,13676,2,1,0,0,1,0,0,0,0,0,0,0,0,1
1208,7,af4bdc7657d656d9,3.022974,20.0,1,13731,1,0,0,0,0,0,0,0,0,0,0,0,0,1
1209,7,64e02c5680bbeb9e,2.271047,18.778091,1,13861,1,1,0,0,1,0,0,0,0,0,0,0,0,0
1210,7,c6cbd4c8a183ae14,1.70786,20.0,1,13634,1,1,0,0,1,0,0,0,0,0,0,0,0,1
1211,7,a9c881e6c1eaeca6,2.326705,19.31726,1,14088,1,0,0,0,0,0,0,0,0,0,0,0,0,1
1212,7,bc083e652dd131e6,1.747966,20.0,1,13867,1,1,0,0,1,0,0,0,0,0,0,0,0,1
1213,7,afeac3465f716053,2.358646,19.626266,1,13771,2,1,0,0,1,0,0,0,0,0,0,0,0,0
1214,7,9de7917f73f5665f,2.815616,18.223324,1,13723,1,0,0,0,0,0,0,0,0,0,0,0,0,1
1215,7,fa68a4506a00c801,2.115267,17.169347,1,13686,1,1,0,0,1,0,0,0,0,0,0,0,0,0
1216,7,60e4b7f70ad8149c,1.589121,19.856378,1,13842,1,1,0,0,1,0,0,0,0,0,0,0,0,1
1217,7,540ee59e39a43a58,2.239192,18.412781,1,13742,1,0,0,0,0,0,0,0,0,0,0,0,0,1
1218,7,ae27dfec4119893f,2.725875,20.0,1,13616,2,1,0,0,1,0,0,0,0,0,0,0,0,1
1219,7,50d9b441d6e1303a,2.047848,20.0,1,14078,1,1,0,0,1,0,0,0,0,0,0,0,0,1
1220,7,00d1374a9a22da3a,1.540011,16.978099,0,13654,1,1,0,0,0,0,0,0,0,0,0,0,0,0
1221,7,255f7fa8fedc16bc,2.200606,19.7127,1,13759,1,0,0,0,1,0,0,0,0,0,0,0,0,1
1222,7,106f463ddcb05122,1.653233,20.0,1,13946,1,1,0,0,1,0,0,0,0,0,0,0,0,1
1223,7,160b940953158132,2.285665,16.352811,0,13851,1,0,0,0,0,0,0,0,0,0,0,0,0,0
1224,7,3a7d11d2ae8e7e6b,1.718853,19.258551,1,13720,1,1,0,0,1,0,0,0,0,0,0,0,0,1
1225,7,75742d04a12d83c0,2.334963,17.947074,1,13876,1,0,0,0,0,0,0,0,0,0,0,0,0,1
1226,7,4bed84dc4c67ccd1,2.797824,20.0,1,13713,2,1,0,0,1,0,0,0,0,0,0,0,0,1
1227,7,3d1a5c1bfce1c0e9,2.104004,18.852165,1,13685,1,1,0,0,1,0,0,0,0,0,0,0,0,0
1228,7,0a81783084cc7bee,2.624313,17.641772,1,13720,1,0,0,0,0,0,0,0,0,0,0,0,0,1
1229,7,82c8873e16e2d8c7,1.971548,20.0,1,13894,1,1,0,0,1,0,0,0,0,0,0,0,0,1
1230,7,1e94440a71993a93,1.48115,20.0,1,13797,1,1,0,0,1,0,0,0,0,0,0,0,0,1
1231,7,84d750ed6334295f,2.157997,16.650857,0,13719,1,0,0,0,0,0,0,0,0,0,0,0,0,0
1232,7,dc367c6223a7016b,1.621222,19.466856,1,13422,1,1,0,0,1,0,0,0,0,0,0,0,0,1
1233,7,2cc0200773afddc0,2.261617,14.624721,0,13537,1,0,0,0,0,0,0,0,0,0,0,0,0,0
1234,7,48468e111a9bca6f,1.700768,17.959002,1,13344,1,1,0,0,1,0,0,0,0,0,0,0,0,1
1235,7,32ed8e3557a324d1,2.321377,13.491927,0,13653,1,0,0,0,0,0,0,0,0,0,0,0,0,0
1236,7,909201e3ffb2aa73,1.743964,17.093669,1,13608,1,1,0,0,1,0,0,0,0,0,0,0,0,1
1237,7,9963bb2f62f94f48,1.310175,16.320679,1,13630,1,1,0,0,1,0,0,0,0,0,0,0,0,0
1238,7,f566322e418e3713,2.029421,15.753885,1,13621,1,0,0,0,0,0,0,0,0,0,0,0,0,1
1239,7,81ccc786a751bde3,1.524628,15.314149,1,13785,1,1,0,0,1,0,0,0,0,0,0,0,0,0
1240,7,6abce400cba3fa18,1.145396,18.462637,1,13873,1,1,0,0,1,0,0,0,0,0,0,0,0,1
1241,7,092c96675640792a,0.861354,17.364668,1,13454,1,1,0,0,1,0,0,0,0,0,0,0,0,0
1242,7,ce20d5d3416f5826,0.647103,20.0,1,13654,1,1,0,0,1,0,0,0,0,0,0,0,0,1
1243,7,cac2813cd650699b,1.529798,15.027592,0,13694,1,0,0,0,0,0,0,0,0,0,0,0,0,0
1244,7,a342a6829d486d03,1.14928,18.247357,1,13480,1,1,0,0,1,0,0,0,0,0,0,0,0,1
1245,7,fcfb852747fd0717,0.864275,13.722273,0,13400,1,1,0,0,0,0,0,0,0,0,0,0,0,0
1246,7,48c167b5a0d69323,1.692951,17.26672,1,13725,1,0,0,0,1,0,0,0,0,0,0,0,0,1
1247,7,60b670de169e4c59,1.271851,16.450686,1,13683,1,1,0,0,1,0,0,0,0,0,0,0,0,0
1248,7,80c2c09cddb27c91,0.95645,19.332153,1,13768,1,1,0,0,1,0,0,0,0,0,0,0,0,1
1249,7,fc3f48c4974eb858,0.718545,18.002369,1,13691,1,1,0,0,0,0,0,0,0,0,0,0,0,1
1250,7,0291a4c2c6e09e68,1.583469,17.003351,1,13741,1,0,0,0,1,0,0,0,0,0,0,0,0,0
1251,7,dea37740a700acad,2.233255,19.731671,1,13651,2,1,0,0,1,0,0,0,0,0,0,0,0,1
1252,7,7895974d20ddf32b,1.679439,20.0,1,13884,1,1,0,0,1,0,0,0,0,0,0,0,0,1
1253,7,f587c97b6a920315,1.2617,20.0,1,13699,1,1,0,0,1,0,0,0,0,0,0,0,0,1
1254,7,95a9bc36364b0cab,1.991521,17.530593,0,13748,1,0,0,0,0,0,0,0,0,0,0,0,0,0
1255,7,6911e95e9de89087,1.497652,20.0,1,13645,1,1,0,0,1,0,0,0,0,0,0,0,0,1
1256,7,accc69e0bdf806d8,1.12513,18.612473,1,13583,1,1,0,0,1,0,0,0,0,0,0,0,0,0
1257,7,9fbf6995f3f131e8,0.845268,20.0,1,13757,1,1,0,0,1,0,0,0,0,0,0,0,0,1
1258,7,7cea65775ed85ad8,1.678672,15.731848,0,13950,1,0,0,0,0,0,0,0,0,0,0,0,0,0
1259,7,a5026f7538a1d289,1.262385,18.791577,1,13806,1,1,0,0,1,0,0,0,0,0,0,0,0,1
1260,7,8b34f894b45e9a39,0.948383,20.0,1,13850,1,1,0,0,1,0,0,0,0,0,0,0,0,1
1261,7,725fe4ebd64bcf0d,2.799791,19.311778,1,13886,2,0,0,0,0,0,0,0,0,0,0,0,0,1
1262,7,a82b3b2413b0efc1,2.105483,20.0,1,13696,1,1,0,0,1,0,0,0,0,0,0,0,0,1
1263,7,2812551e77d6a616,1.581771,19.618772,1,13729,1,1,0,0,1,0,0,0,0,0,0,0,0,0
1264,7,46333a9e411e1fcf,1.188325,20.0,1,13762,1,1,0,0,1,0,0,0,0,0,0,0,0,1
1265,7,45cb7289975ea1d6,1.936398,19.778643,1,13543,1,0,0,0,0,0,0,0,0,0,0,0,0,1
1266,7,89296aa1e5a1b005,1.456199,18.354323,1,13468,1,1,0,0,1,0,0,0,0,0,0,0,0,0
1267,7,e5e2c38e41aac85a,1.093988,20.0,1,13809,1,1,0,0,1,0,0,0,0,0,0,0,0,1
1268,7,158f1c213f718720,0.821872,20.0,1,13733,1,1,0,0,1,0,0,0,0,0,0,0,0,1
1269,7,c9446554e18f8de4,0.618059,20.0,1,13634,1,1,0,0,1,0,0,0,0,0,0,0,0,0
1270,7,fc74780a20ab1e4f,0.464325,20.0,1,13913,1,1,0,0,1,0,0,0,0,0,0,0,0,1
1271,7,d98fe72f501a5492,2.436137,20.0,1,13742,2,0,0,0,0,0,0,0,0,0,0,0,0,1
1272,7,86242f34aaac0281,1.830178,18.683375,1,13855,1,1,0,0,1,0,0,0,0,0,0,0,0,0
1273,7,c27558c0747d6a27,1.37632,20.0,1,13868,1,1,0,0,1,0,0,0,0,0,0,0,0,1
1274,7,5bce455c89b56689,1.033978,20.0,1,13717,1,1,0,0,1,0,0,0,0,0,0,0,0,1
1275,7,44e5d36a8b7f88d7,1.820442,17.08566,0,13392,1,0,0,0,0,0,0,0,0,0,0,0,0,0
1276,7,d1e80d30eaf3be9e,1.368999,19.809664,1,13260,1,1,0,0,1,0,0,0,0,0,0,0,0,1
1277,7,e162e8b48e942c98,1.028477,18.361104,1,13213,1,1,0,0,1,0,0,0,0,0,0,0,0,0
1278,7,8f015dba11cf00de,0.772657,20.0,1,13072,1,1,0,0,1,0,0,0,0,0,0,0,0,1
1279,7,7675b0896c0a468b,1.624121,15.589977,0,13236,1,0,0,0,0,0,0,0,0,0,0,0,0,0
1280,7,be2df9cd74ca56ba,1.221362,18.684888,1,13155,1,1,0,0,1,0,0,0,0,0,0,0,0,1
1281,7,225ee142cd1e6db7,1.961217,20.0,1,13135,2,1,0,0,1,0,0,0,0,0,0,0,0,1
1282,7,57b41a9ef376bbb0,1.473389,20.0,1,13225,1,1,0,0,1,0,0,0,0,0,0,0,0,1
1283,7,654c574a2a1e27ff,2.15216,17.093591,0,13568,1,0,0,0,0,0,0,0,0,0,0,0,0,0
1284,7,d537be5639c69b1f,1.616838,19.799465,1,13783,1,1,0,0,1,0,0,0,0,0,0,0,0,1
1285,7,72779cb5e9871f22,1.21467,18.353442,1,13997,1,1,0,0,1,0,0,0,0,0,0,0,0,0
1286,7,62846244ef5dd3a0,0.912536,20.0,1,14930,1,1,0,0,1,0,0,0,0,0,0,0,0,1
1287,7,e1e720fdfd88da72,1.73039,19.081747,1,14325,1,0,0,0,0,0,0,0,0,0,0,0,0,1
1288,7,0517a3ebf3a52bfc,2.343631,20.0,1,15258,2,1,0,0,1,0,0,0,0,0,0,0,0,1
1289,7,9e367f6e0995bd02,1.760682,19.475549,1,15466,1,1,0,0,1,0,0,0,0,0,0,0,0,0
1290,7,ec27ae94916dfb19,1.324058,18.126392,1,14941,1,1,0,0,0,0,0,0,0,0,0,0,0,1
1291,8,1fd48474a6be9a50,2.038369,17.096525,1,14598,1,0,0,0,1,0,0,0,0,0,0,0,0,0
1292,8,530e0ea8d92a6d51,2.575004,19.801669,1,14008,2,1,0,0,1,0,0,0,0,0,0,0,0,1
1293,8,9d91a06f605c6d81,2.978157,18.355098,1,14192,1,0,0,0,0,0,0,0,0,0,0,0,0,1
1294,8,1bedfd585b1aa4b9,2.239617,20.0,1,14097,1,1,0,0,1,0,0,0,0,0,0,0,0,1
1295,8,26a9669cba5af3ef,1.68254,19.078286,1,14256,1,1,0,0,1,0,0,0,0,0,0,0,0,0
1296,8,4f55c5e4b2d3c044,1.26403,17.811648,1,14302,1,1,0,0,0,0,0,0,0,0,0,0,0,1
1297,8,429a6cfc04b09590,1.994719,16.875115,1,13914,1,0,0,0,1,0,0,0,0,0,0,0,0,0
1298,8,bfd1095e82cc3b3f,1.498558,19.635332,1,14090,1,1,0,0,1,0,0,0,0,0,0,0,0,1
1299,8,e8a24dfe484cb614,1.12581,14.751291,0,14147,1,1,0,0,0,0,0,0,0,0,0,0,0,0
1300,8,a8eb40163c807ab7,1.889433,18.039782,1,13914,1,0,0,0,1,0,0,0,0,0,0,0,0,1
1301,8,b734eb68cadec0ba,1.42088,17.046675,1,13965,1,1,0,0,1,0,0,0,0,0,0,0,0,0
1302,8,03ed9d518f369873,1.067454,19.764219,1,14057,1,1,0,0,1,0,0,0,0,0,0,0,0,1
1303,8,cd43fcebe8f5e6e6,0.801938,18.326963,1,13914,1,1,0,0,1,0,0,0,0,0,0,0,0,0
1304,8,338e1a6d9a9334b5,1.64722,17.262639,1,13908,2,1,0,0,0,0,0,0,0,0,0,0,0,1
1305,8,f71f04d2a5841727,2.281148,19.926465,1,14024,1,0,0,0,1,0,0,0,0,0,0,0,0,1
1306,8,dab4ff966e399802,1.713741,18.448852,1,13930,1,1,0,0,1,0,0,0,0,0,0,0,0,0
1307,8,339e340883d8ecaf,1.28747,20.0,1,14007,1,1,0,0,1,0,0,0,0,0,0,0,0,1
1308,8,0f3eea50b2030a66,2.012346,15.655149,0,13946,1,0,0,0,0,0,0,0,0,0,0,0,0,0
1309,8,157d3461e0a7f335,1.5118,18.718817,1,14092,1,1,0,0,1,0,0,0,0,0,0,0,0,1
1310,8,f1991b9aba19249f,1.135759,17.541592,1,14120,1,1,0,0,1,0,0,0,0,0,0,0,0,0
1311,8,f0cae4ef532c2023,0.854107,16.672029,1,14033,1,1,0,0,0,0,0,0,0,0,0,0,0,1
1312,8,7630abeab872e6cf,1.685312,19.482761,1,14001,1,0,0,0,1,0,0,0,0,0,0,0,0,1
1313,8,253c29c9cd31f14d,1.266112,18.115515,1,13934,1,1,0,0,1,0,0,0,0,0,0,0,0,0
1314,8,1bcd43f2b236da2a,0.951183,20.0,1,14011,1,1,0,0,1,0,0,0,0,0,0,0,0,1
1315,8,190012cb2cd5517d,0.715303,20.0,1,13905,1,1,0,0,1,0,0,0,0,0,0,0,0,1
1316,8,752285f96761bfac,1.581034,16.84919,0,13803,1,0,0,0,0,0,0,0,0,0,0,0,0,0
1317,8,8ce008444b943984,1.187771,19.615855,1,13891,1,1,0,0,1,0,0,0,0,0,0,0,0,1
1318,8,815cbd6616cc478f,0.893221,20.0,1,14026,1,1,0,0,1,0,0,0,0,0,0,0,0,1
1319,8,ea182be542b69bac,2.75835,16.311719,0,13936,2,0,0,0,0,0,0,0,0,0,0,0,0,0
1320,8,98558a7fe6a345e2,2.072245,19.212074,1,13885,1,1,0,0,1,0,0,0,0,0,0,0,0,1
1321,8,ea40987dff05550d,1.556801,17.912157,1,14009,1,1,0,0,1,0,0,0,0,0,0,0,0,0
1322,8,bd84d51435d6859a,1.170736,20.0,1,13977,1,1,0,0,1,0,0,0,0,0,0,0,0,1
1323,8,b3773e59edaae1a5,0.87953,18.828042,1,14018,1,1,0,0,1,0,0,0,0,0,0,0,0,0
1324,8,5dadae3439224eef,0.660758,20.0,1,13886,1,1,0,0,1,0,0,0,0,0,0,0,0,1
1325,8,3a65bdaf7fd2e05b,1.54105,19.349877,1,13944,1,0,0,0,0,0,0,0,0,0,0,0,0,1
1326,8,9c942d99de55188c,1.157733,18.015684,1,14036,1,1,0,0,1,0,0,0,0,0,0,0,0,0
1327,8,30873601b573427a,0.869762,20.0,1,13953,1,1,0,0,1,0,0,0,0,0,0,0,0,1
1328,8,1aeffc9998f43d0f,1.697073,18.873868,1,14165,2,1,0,0,0,0,0,0,0,0,0,0,0,1
1329,8,151cbd0be88935fb,2.320374,17.673919,1,14007,1,0,0,0,1,0,0,0,0,0,0,0,0,0
1330,8,73d5539c1889c3b4,1.74321,20.0,1,13993,1,1,0,0,1,0,0,0,0,0,0,0,0,1
1331,8,d1ebb173c5c63af2,1.309608,18.680977,1,14063,1,1,0,0,1,0,0,0,0,0,0,0,0,0
1332,8,77b5c38872296fa3,0.984844,20.0,1,14010,1,1,0,0,1,0,0,0,0,0,0,0,0,1
1333,8,d80b9172be2a12d8,1.78353,15.78355,0,13886,1,0,0,0,0,0,0,0,0,0,0,0,0,0
1334,8,f4f032b1f9c37973,1.339899,18.81528,1,14109,1,1,0,0,1,0,0,0,0,0,0,0,0,1
1335,8,ff62a6d754c2d78c,1.006616,17.614061,1,14009,1,1,0,0,1,0,0,0,0,0,0,0,0,0
1336,8,886eda82314f66c9,0.75699,20.0,1,13970,1,1,0,0,1,0,0,0,0,0,0,0,0,1
1337,8,bdf35c76ee169e43,1.612352,18.65963,1,14029,2,1,0,0,0,0,0,0,0,0,0,0,0,1
1338,8,1d5692c033d330d0,2.254953,17.497127,1,14015,1,0,0,0,1,0,0,0,0,0,0,0,0,0
1339,8,17add1e00223f913,1.695757,20.0,1,13984,1,1,0,0,1,0,0,0,0,0,0,0,0,1
1340,8,1aaadfc52927b688,1.273959,20.0,1,14084,1,1,0,0,1,0,0,0,0,0,0,0,0,1
1341,8,aea3b106fdc66c30,3.044384,20.0,1,13947,2,0,0,0,0,0,0,0,0,0,0,0,0,1
1342,8,3ded3997f419a726,2.287132,20.0,1,13947,1,1,0,0,1,0,0,0,0,0,0,0,0,1
1343,8,6e0ece93dd5b4aab,1.719956,20.0,1,14008,1,1,0,0,1,0,0,0,0,0,0,0,0,1
1344,8,e0ae1e5b216e0e1d,1.292139,20.0,1,13949,1,1,0,0,1,0,0,0,0,0,0,0,0,0
1345,8,babc87e9c4446047,2.014389,19.370883,1,14181,1,0,0,0,0,0,0,0,0,0,0,0,0,1
1346,8,89863576d84bd081,2.559,20.0,1,13947,2,1,0,0,1,0,0,0,0,0,0,0,0,1
1347,8,158acc439312efd7,1.922481,20.0,1,13980,1,1,0,0,1,0,0,0,0,0,0,0,0,1
1348,8,6096a3ca8bee074b,2.487941,17.377462,0,13976,1,0,0,0,0,0,0,0,0,0,0,0,0,0
1349,8,100feb87bb36438a,1.869097,20.0,1,14083,1,1,0,0,1,0,0,0,0,0,0,0,0,1
1350,8,9a3f4186455c38d8,1.405588,18.530357,1,13922,1,1,0,0,1,0,0,0,0,0,0,0,0,0
1351,8,9caa04ced0e9a069,1.055966,20.0,1,14013,1,1,0,0,1,0,0,0,0,0,0,0,0,1
1352,8,19ae6afb19a64d19,0.793307,15.685502,0,14105,1,1,0,0,0,0,0,0,0,0,0,0,0,0
1353,8,77e96a547dd28f94,2.68488,18.756725,1,13886,2,0,0,0,1,0,0,0,0,0,0,0,0,1
1354,8,05d092e1bca11d4c,2.01705,20.0,1,14024,1,1,0,0,1,0,0,0,0,0,0,0,0,1
1355,8,3ddc0b2379a7aafb,1.515334,20.0,1,14069,1,1,0,0,1,0,0,0,0,0,0,0,0,1
1356,8,1d8b7973bc9543cd,2.182067,17.106965,0,14057,1,0,0,0,0,0,0,0,0,0,0,0,0,0
1357,8,d9b952cbad788a8e,1.640946,19.825685,1,13991,1,1,0,0,1,0,0,0,0,0,0,0,0,1
1358,8,084240d094492738,1.232781,18.37314,1,13950,1,1,0,0,1,0,0,0,0,0,0,0,0,0
1359,8,0b62003d91fe1b84,1.969796,17.281898,1,13990,1,0,0,0,0,0,0,0,0,0,0,0,0,1
1360,8,8f4333bc415824bb,1.481314,16.476735,1,14056,1,1,0,0,1,0,0,0,0,0,0,0,0,0
1361,8,9a5a4f188bd22302,2.15651,20.0,1,13953,2,1,0,0,1,0,0,0,0,0,0,0,0,2
1362,8,1870fd0d1a70351e,2.663758,17.139973,0,14190,1,0,0,0,0,0,0,0,0,0,0,0,0,0
1363,8,1e8d4862819e0143,2.001182,19.83431,1,13909,1,1,0,0,1,0,0,0,0,0,0,0,0,1
1364,8,0fe61b016f4823bb,2.549068,20.0,1,14010,2,1,0,0,1,0,0,0,0,0,0,0,0,1
1365,8,5a561bf54b48ab1d,1.915019,20.0,1,14021,1,1,0,0,1,0,0,0,0,0,0,0,0,1
1366,8,7f29f0aa6e590fa7,2.482336,17.574156,0,14003,1,0,0,0,0,0,0,0,0,0,0,0,0,0
1367,8,51811ff1088637ba,1.866752,20.0,1,14134,1,1,0,0,1,0,0,0,0,0,0,0,0,1
1368,8,221bd9296b06e569,2.446074,15.15824,0,14112,1,0,0,0,0,0,0,0,0,0,0,0,0,0
1369,8,2c0dd3853383616e,1.837644,18.345508,1,14083,1,1,0,0,1,0,0,0,0,0,0,0,0,1
1370,8,3ddd1377776c155d,3.46786,17.261139,1,14077,2,0,0,0,0,0,0,0,0,0,0,0,0,1
1371,8,f143c05ff86bc1cf,2.60788,19.941626,1,13956,1,1,0,0,1,0,0,0,0,0,0,0,0,1
1372,8,7d5e9e610682f9f5,1.959203,20.0,1,14091,1,1,0,0,1,0,0,0,0,0,0,0,0,1
1373,8,eaabdd9009c56cc9,2.515529,16.482016,0,14243,1,0,0,0,0,0,0,0,0,0,0,0,0,0
1374,8,f9c5ac96956ec31c,1.891714,19.355714,1,14141,1,1,0,0,1,0,0,0,0,0,0,0,0,1
1375,8,4a4cf35c5ff9274b,1.421174,18.020069,1,14247,1,1,0,0,1,0,0,0,0,0,0,0,0,0
1376,8,b16e42d9f6fc7e21,2.111328,17.016649,1,13964,1,0,0,0,0,0,0,0,0,0,0,0,0,1
1377,8,9c42ded24325e355,2.629815,19.741661,1,14022,2,1,0,0,1,0,0,0,0,0,0,0,0,1
1378,8,c4c8968aabe394d2,3.021809,14.846011,0,13998,1,0,0,0,0,0,0,0,0,0,0,0,0,0
1379,8,3c36b1b5995cec37,2.270172,18.110942,1,14098,1,1,0,0,1,0,0,0,0,0,0,0,0,1
1380,8,480049e90ff50122,1.705496,20.0,1,14334,1,1,0,0,1,0,0,0,0,0,0,0,0,1
1381,8,059eed1e545761f6,2.326707,18.944744,1,14517,1,0,0,0,0,0,0,0,0,0,0,0,0,1
1382,8,d41fea9b3939dc9c,1.747968,17.711323,1,14216,1,1,0,0,1,0,0,0,0,0,0,0,0,0
1383,8,30fe94d4b4d18fa3,1.313183,20.0,1,14194,1,1,0,0,1,0,0,0,0,0,0,0,0,1
1384,8,92db016c1aaf5b77,2.030199,15.223243,0,14133,1,0,0,0,0,0,0,0,0,0,0,0,0,0
1385,8,ce947c10ebc52100,1.526738,18.409099,1,14077,1,1,0,0,1,0,0,0,0,0,0,0,0,1
1386,8,fde5c5dd8b3ac818,1.146982,17.308912,1,14145,1,1,0,0,1,0,0,0,0,0,0,0,0,0
1387,8,e7d194c07d691da1,0.861684,16.482383,1,14083,1,1,0,0,0,0,0,0,0,0,0,0,0,1
1388,8,781fb0e9d6e1d18d,2.7363,19.355991,1,13970,2,0,0,0,1,0,0,0,0,0,0,0,0,1
1389,8,5073e52be71e5d55,2.05568,20.0,1,13993,1,1,0,0,1,0,0,0,0,0,0,0,0,1
1390,8,9a98202ed12d2863,1.544355,19.630331,1,14115,1,1,0,0,1,0,0,0,0,0,0,0,0,0
1391,8,2c3e914c8cc4b55b,2.20387,18.226378,1,13934,1,0,0,0,0,0,0,0,0,0,0,0,0,1
1392,8,03ac9934541c0b73,1.657342,20.0,1,13973,1,1,0,0,1,0,0,0,0,0,0,0,0,1
1393,8,cfc2c9d500d3ce27,1.245099,20.0,1,13845,1,1,0,0,1,0,0,0,0,0,0,0,0,1
1394,8,702bed25791d8fa2,0.935396,20.0,1,14124,1,1,0,0,1,0,0,0,0,0,0,0,0,0
1395,8,6fb2b1c3e306f91e,0.703431,20.0,1,13865,1,1,0,0,1,0,0,0,0,0,0,0,0,1
1396,8,7c3969a4124bb5bf,1.572115,16.738086,0,13982,1,0,0,0,0,0,0,0,0,0,0,0,0,0
1397,8,c988fbb9c4873576,1.181071,19.532387,1,13971,1,1,0,0,1,0,0,0,0,0,0,0,0,1
1398,8,debc39435491e638,0.887295,18.152797,1,13829,1,1,0,0,1,0,0,0,0,0,0,0,0,0
1399,8,457a5c052f0819a5,1.711409,20.0,1,13966,2,1,0,0,1,0,0,0,0,0,0,0,0,1
1400,8,7cb4dead3afa39da,2.329371,18.963994,1,13894,1,0,0,0,0,0,0,0,0,0,0,0,0,1
1401,8,b2317dacc58e1114,1.749969,20.0,1,14015,1,1,0,0,1,0,0,0,0,0,0,0,0,1
1402,8,38b3fc714536e8ff,1.316002,20.0,1,14168,1,1,0,0,1,0,0,0,0,0,0,0,0,1
1403,8,55b2d419601aaca3,0.988663,20.0,1,13893,1,1,0,0,1,0,0,0,0,0,0,0,0,0
1404,8,e34a06efa19242cb,0.742745,20.0,1,14195,1,1,0,0,1,0,0,0,0,0,0,0,0,1
1405,8,570906e5b461051d,1.60165,16.903355,0,13906,1,0,0,0,0,0,0,0,0,0,0,0,0,0
1406,8,4fc14a1659654b28,1.204464,19.672567,1,13993,1,1,0,0,1,0,0,0,0,0,0,0,0,1
1407,8,dc5ddadfbf71bad7,1.948522,20.0,1,14001,2,1,0,0,1,0,0,0,0,0,0,0,0,1
1408,8,507447c8e40cbe20,1.463852,19.809005,1,14035,1,1,0,0,1,0,0,0,0,0,0,0,0,0
1409,8,ac51653a488cd425,2.144988,18.377156,1,14028,1,0,0,0,0,0,0,0,0,0,0,0,0,1
1410,8,68a9ba6cbd59ea15,1.611449,17.284915,1,14126,1,1,0,0,1,0,0,0,0,0,0,0,0,0
1411,8,d1cfe82a9ed2b151,1.210622,19.943199,1,14054,1,1,0,0,1,0,0,0,0,0,0,0,0,1
1412,8,533eb9a837c22723,0.909495,18.461425,1,14000,1,1,0,0,1,0,0,0,0,0,0,0,0,0
1413,8,b36cca4a8db888c2,0.683953,20.0,1,14045,1,1,0,0,1,0,0,0,0,0,0,0,0,1
1414,8,2d70a230c48ba238,0.513828,19.138356,1,13923,1,1,0,0,1,0,0,0,0,0,0,0,0,0
1415,8,1b9429903921e1ca,1.429673,20.0,1,14204,2,1,0,0,1,0,0,0,0,0,0,0,0,1
1416,8,25fa56499db4526a,1.075135,19.525193,1,13870,1,1,0,0,0,0,0,0,0,0,0,0,0,1
1417,8,a1dd144609b97469,1.851362,20.0,1,14150,1,0,0,0,1,0,0,0,0,0,0,0,0,1
1418,8,3d6541b4eeb1de03,1.390859,20.0,1,14082,1,1,0,0,1,0,0,0,0,0,0,0,0,1
1419,8,66e87a3d554f380e,1.0449,20.0,1,14117,1,1,0,0,1,0,0,0,0,0,0,0,0,0
1420,8,dfe1c1676a692900,2.874081,19.206358,1,14038,2,0,0,0,0,0,0,0,0,0,0,0,0,1
1421,8,7b9049f8ab9c8008,2.15919,20.0,1,13993,1,1,0,0,1,0,0,0,0,0,0,0,0,1
1422,8,dca4584c37be2c1a,1.622118,20.0,1,14197,1,1,0,0,1,0,0,0,0,0,0,0,0,1
1423,8,88665c86bcab0e81,1.219856,20.0,1,14032,1,1,0,0,1,0,0,0,0,0,0,0,0,1
1424,8,c86a50bf547ce105,3.003739,20.0,1,14095,2,0,0,0,0,0,0,0,0,0,0,0,0,1
1425,8,5fbb62f9954d7bdb,2.256597,19.793593,1,14031,1,1,0,0,1,0,0,0,0,0,0,0,0,0
1426,8,04668a20bacfd68f,1.695297,20.0,1,14064,1,1,0,0,1,0,0,0,0,0,0,0,0,1
1427,8,0a0c2c9285f3e317,2.319038,16.414873,0,14097,1,0,0,0,0,0,0,0,0,0,0,0,0,0
1428,8,affb649caeebbb9a,1.742206,19.28957,1,14219,1,1,0,0,1,0,0,0,0,0,0,0,0,1
1429,8,ba05c4a13797c328,1.308855,20.0,1,14169,1,1,0,0,1,0,0,0,0,0,0,0,0,1
1430,8,27378726e6d14d7b,0.984277,19.610622,1,14286,1,1,0,0,1,0,0,0,0,0,0,0,0,0
1431,8,62cdd9ac858bce3d,2.826757,18.211572,1,14160,2,0,0,0,0,0,0,0,0,0,0,0,0,1
1432,8,8c12a1efc80faf75,2.123637,20.0,1,14176,1,1,0,0,1,0,0,0,0,0,0,0,0,1
1433,8,0fdd316da31408b9,1.595409,20.0,1,14237,1,1,0,0,1,0,0,0,0,0,0,0,0,1
1434,8,ee57a3f890c065d9,2.243921,20.0,1,13987,1,0,0,0,0,0,0,0,0,0,0,0,0,1
1435,8,4d1403f4995693b2,1.685774,18.784469,1,14193,1,1,0,0,1,0,0,0,0,0,0,0,0,0
1436,8,188336e7ef534b81,1.266459,20.0,1,14314,1,1,0,0,1,0,0,0,0,0,0,0,0,1
1437,8,4b5b382bf615a1f1,1.996546,20.0,1,14250,2,1,0,0,1,0,0,0,0,0,0,0,0,1
1438,8,5aab4d04366b8efa,1.49993,20.0,1,14111,1,1,0,0,1,0,0,0,0,0,0,0,0,1
1439,8,9e446aa56d8b7cb2,2.170495,20.0,1,14366,1,0,0,0,0,0,0,0,0,0,0,0,0,1
1440,8,603da7470fa4bd5d,1.630612,19.689113,1,14247,1,1,0,0,1,0,0,0,0,0,0,0,0,0
1441,8,0f0318a3d4ece8b5,1.226243,20.0,1,14394,1,1,0,0,1,0,0,0,0,0,0,0,0,1
1442,8,e5e52f870c52a86d,1.964884,20.0,1,14273,2,1,0,0,1,0,0,0,0,0,0,0,0,1
1443,8,cd0b666839fbab7d,2.519797,20.0,1,14163,1,0,0,0,0,0,0,0,0,0,0,0,0,1
1444,8,ae202cc35c2aeb7a,1.894923,20.0,1,14265,1,1,0,0,1,0,0,0,0,0,0,0,0,1
1445,8,5a71743fb2b70fa3,1.423585,20.0,1,14134,1,1,0,0,1,0,0,0,0,0,0,0,0,0
1446,8,152de56ca1abf7dc,1.069486,18.930571,1,14170,1,1,0,0,0,0,0,0,0,0,0,0,0,1
1447,8,884217a02f3b4be8,1.847118,20.0,1,14288,1,0,0,0,1,0,0,0,0,0,0,0,0,1
1448,8,1d447a986741451f,2.43321,20.0,1,14221,2,1,0,0,1,0,0,0,0,0,0,0,0,1
1449,8,b85a3456f636bab5,1.82798,20.0,1,14141,1,1,0,0,1,0,0,0,0,0,0,0,0,0
1450,8,797e301b280d97b1,2.416946,19.010427,1,14403,1,0,0,0,0,0,0,0,0,0,0,0,0,1
1451,8,1028125eb6c08948,1.817578,17.776613,1,14042,1,1,0,0,1,0,0,0,0,0,0,0,0,0
1452,8,05578c481214b1d9,1.365478,20.0,1,14224,1,1,0,0,1,0,0,0,0,0,0,0,0,1
1453,8,f0b77858a3acbd1d,3.11314,18.738937,1,14197,2,0,0,0,0,0,0,0,0,0,0,0,0,1
1454,8,6c63ab0d5755d5a1,2.338785,20.0,1,14251,1,1,0,0,1,0,0,0,0,0,0,0,0,1
1455,8,0cfc0a3281de0dae,1.7588,15.819035,0,14158,1,1,0,0,0,0,0,0,0,0,0,0,0,0
1456,8,7250743c791e8016,2.364974,18.841939,1,14323,1,0,0,0,1,0,0,0,0,0,0,0,0,1
1457,8,1509a0b823f793ac,1.776717,17.634089,1,14368,1,1,0,0,1,0,0,0,0,0,0,0,0,0
1458,8,0c39d1c2403c6bd5,2.380267,16.741588,1,14233,1,0,0,0,0,0,0,0,0,0,0,0,0,1
1459,8,84f1ca4dc19f7a24,1.788205,19.535018,1,14213,1,1,0,0,1,0,0,0,0,0,0,0,0,1
1460,8,42c494f5f0dbb22b,3.430719,18.154773,1,14239,2,0,0,0,0,0,0,0,0,0,0,0,0,1
1461,8,c0e5116cf51b1097,2.577371,17.117847,1,14260,1,1,0,0,1,0,0,0,0,0,0,0,0,0
1462,8,7dca2a90738952e5,1.938219,19.833868,1,14451,1,1,0,0,1,0,0,0,0,0,0,0,0,1
1463,8,8ed2655df8a48067,2.499765,14.900444,0,14304,1,0,0,0,0,0,0,0,0,0,0,0,0,0
1464,8,8283f471acc61ef0,1.87798,18.151835,1,14339,1,1,0,0,1,0,0,0,0,0,0,0,0,1
1465,8,ad07b00b1e58a484,2.456418,17.130941,1,14329,1,0,0,0,0,0,0,0,0,0,0,0,0,1
1466,8,5cc8ba96e0d47497,1.845415,16.34868,1,14306,1,1,0,0,1,0,0,0,0,0,0,0,0,0
1467,8,17b5e9230e01a85f,2.430045,19.239841,1,14225,2,1,0,0,1,0,0,0,0,0,0,0,0,1
1468,8,af443e4f4c3ae8b4,2.869255,17.933018,1,14213,1,0,0,0,0,0,0,0,0,0,0,0,0,1
1469,8,285dcff2a81aa4b3,2.157721,16.966387,1,14065,1,1,0,0,1,0,0,0,0,0,0,0,0,0
1470,8,3267b9a56e84d1bf,1.621015,19.703901,1,14228,1,1,0,0,1,0,0,0,0,0,0,0,0,1
1471,8,81ac4b73b043d921,2.261461,18.281649,1,13882,1,0,0,0,0,0,0,0,0,0,0,0,0,1
1472,8,304cddad63979d30,1.700651,17.228562,1,14293,1,1,0,0,1,0,0,0,0,0,0,0,0,0
1473,8,455fd31bca8fb01d,2.321289,19.900864,1,14345,2,1,0,0,1,0,0,0,0,0,0,0,0,1
1474,8,144bbca378b8b707,1.743898,18.42962,1,14351,0,0,0,0,0,0,0,0,0,0,0,0,0,1
1475,8,a2a706d88b7c86ef,2.353778,20.0,1,14119,2,1,0,0,1,0,0,0,0,0,0,0,0,1
1476,8,1b8f436fd45fcbef,1.770075,19.124785,1,13930,1,1,0,0,1,0,0,0,0,0,0,0,0,0
1477,8,0a847da962b49b21,2.373445,17.84658,1,14044,1,0,0,0,0,0,0,0,0,0,0,0,0,1
1478,8,297c6e1a17f9aadf,0.739427,16.886313,1,13898,0,1,0,0,1,0,0,0,0,0,0,0,0,0
1479,8,0f487e0fd8ad1489,0.556059,16.17925,1,13929,1,1,0,0,1,0,0,0,0,0,0,0,0,0
1480,8,38dcc0864d407e8d,0.417747,19.112555,1,13887,1,1,0,0,1,0,0,0,0,0,0,0,0,1
1481,8,2cc5f1926215a345,2.401144,17.837392,1,13851,2,0,0,0,0,0,0,0,0,0,0,0,0,1
1482,8,46129cd32c2b8f7d,0.760237,16.879411,1,13768,0,1,0,0,1,0,0,0,0,0,0,0,0,0
1483,8,5123ca24f0cf90e2,0.571709,16.174059,1,13858,1,1,0,0,1,0,0,0,0,0,0,0,0,0
1484,8,691a1dbf16af6de8,0.429503,19.108655,1,14086,1,1,0,0,1,0,0,0,0,0,0,0,0,1
1485,8,215bdbba9a5ab721,1.366323,14.355618,0,13776,1,0,0,0,0,0,0,0,0,0,0,0,0,0
1486,8,a070d656b385eb8a,1.027495,17.756633,1,13512,1,1,0,0,1,0,0,0,0,0,0,0,0,1
1487,8,37d4022d92a1192b,0.771918,16.818739,1,13012,1,1,0,0,1,0,0,0,0,0,0,0,0,0
1488,8,17bc66eb952a26e9,1.623567,16.114134,1,13185,1,0,0,0,0,0,0,0,0,0,0,0,0,1
1489,8,77e3505a44d41cc0,1.219725,15.584791,1,13429,1,1,0,0,1,0,0,0,0,0,0,0,0,0
1490,8,fa2dddc80a7a66eb,0.917251,18.680989,1,13383,1,1,0,0,1,0,0,0,0,0,0,0,0,1
1491,8,a1d3626485820de0,0.689096,14.034328,0,13520,1,1,0,0,0,0,0,0,0,0,0,0,0,0
1492,8,280f5e1674973474,1.561345,17.501155,1,13378,1,0,0,0,1,0,0,0,0,0,0,0,0,1
1493,9,1fd48474a6be9a50,1.174154,16.64162,1,13978,1,1,0,0,1,0,0,0,0,0,0,0,0,0
1494,9,530e0ea8d92a6d51,0.882098,19.459916,1,14070,1,1,0,0,1,0,0,0,0,0,0,0,0,1
1495,9,9d91a06f605c6d81,0.662687,18.098352,1,14173,1,1,0,0,1,0,0,0,0,0,0,0,0,0
1496,9,1bedfd585b1aa4b9,1.541506,17.07546,1,14207,1,0,0,0,0,0,0,0,0,0,0,0,0,1
1497,9,26a9669cba5af3ef,2.203385,19.801993,1,14148,2,1,0,0,1,0,0,0,0,0,0,0,0,1
1498,9,4f55c5e4b2d3c044,0.611667,18.355341,1,14170,0,1,0,0,1,0,0,0,0,0,0,0,0,0
1499,9,429a6cfc04b09590,1.503176,17.268526,1,14088,1,0,0,0,0,0,0,0,0,0,0,0,0,1
1500,9,bfd1095e82cc3b3f,1.13041,16.46668,1,14063,1,1,0,0,1,0,0,0,0,0,0,0,0,0
1501,9,e8a24dfe484cb614,0.849235,15.849645,1,14130,1,1,0,0,0,0,0,0,0,0,0,0,0,1
1502,9,a8eb40163c807ab7,2.725305,18.864935,1,13998,2,0,0,0,1,0,0,0,0,0,0,0,0,1
1503,9,b734eb68cadec0ba,2.04742,17.651365,1,14033,1,1,0,0,1,0,0,0,0,0,0,0,0,0
1504,9,03ed9d518f369873,1.539689,20.0,1,13961,1,1,0,0,1,0,0,0,0,0,0,0,0,1
1505,9,cd43fcebe8f5e6e6,2.200364,18.680705,1,14045,1,0,0,0,0,0,0,0,0,0,0,0,0,1
1506,9,338e1a6d9a9334b5,1.653051,17.51296,1,14015,1,1,0,0,1,0,0,0,0,0,0,0,0,0
1507,9,f71f04d2a5841727,1.243118,20.0,1,13827,1,1,0,0,1,0,0,0,0,0,0,0,0,1
1508,9,dab4ff966e399802,0.933908,15.123667,0,13961,1,1,0,0,0,0,0,0,0,0,0,0,0,0
1509,9,339e340883d8ecaf,1.745264,18.319534,1,14007,1,0,0,0,1,0,0,0,0,0,0,0,0,1
1510,9,0f3eea50b2030a66,1.311151,17.241626,1,14062,1,1,0,0,1,0,0,0,0,0,0,0,0,0
1511,9,3e985a0bd30d703c,0.986004,19.926952,1,13895,1,1,0,0,1,0,0,0,0,0,0,0,0,1
1512,9,d3664dba52f12bb7,0.740748,18.449219,1,14155,1,1,0,0,1,0,0,0,0,0,0,0,0,0
1513,9,c246d2e3c31b3ae9,0.556497,17.339053,1,13947,1,1,0,0,0,0,0,0,0,0,0,0,0,1
1514,9,635cd0467a27e5a7,1.462644,16.519716,1,14074,1,0,0,0,1,0,0,0,0,0,0,0,0,0
1515,9,56d771fdebc6f2d0,1.09883,19.368334,1,13848,1,1,0,0,1,0,0,0,0,0,0,0,0,1
1516,9,4385c4802bd992a1,0.82551,20.0,1,13967,1,1,0,0,1,0,0,0,0,0,0,0,0,1
1517,9,8aba10677e53b1b7,1.663828,16.158453,0,14030,1,0,0,0,0,0,0,0,0,0,0,0,0,0
1518,9,49192243e8cbaa76,1.251222,19.11239,1,13759,1,1,0,0,1,0,0,0,0,0,0,0,0,1
1519,9,bab3e108e1f9bce4,0.939997,17.837269,1,14031,1,1,0,0,1,0,0,0,0,0,0,0,0,0
1520,9,7a93b2fc68a46685,0.706184,16.879318,1,14057,1,1,0,0,0,0,0,0,0,0,0,0,0,1
1521,9,9343a49525c06e8b,2.619362,19.654491,1,13888,2,0,0,0,1,0,0,0,0,0,0,0,0,1
1522,9,404bc81199b9cb31,1.967828,18.244529,1,13940,1,1,0,0,1,0,0,0,0,0,0,0,0,0
1523,9,0928d693aed6555f,1.478356,17.185277,1,14079,1,1,0,0,0,0,0,0,0,0,0,0,0,1
1524,9,7418e99e7085b246,2.154287,16.389501,1,13805,1,0,0,0,1,0,0,0,0,0,0,0,0,0
1525,9,eb8011c3605ecbc3,1.620054,19.286142,1,14038,1,1,0,0,1,0,0,0,0,0,0,0,0,1
1526,9,10a55c60c28fb871,1.217086,20.0,1,14037,1,1,0,0,1,0,0,0,0,0,0,0,0,1
1527,9,9142a53c8ea3eea3,0.914351,19.590908,1,14063,1,1,0,0,1,0,0,0,0,0,0,0,0,0
1528,9,5b98d08642d6c5c1,1.731756,18.213144,1,13993,1,0,0,0,0,0,0,0,0,0,0,0,0,1
1529,9,9babb0f7babc91be,1.301003,17.161699,1,13987,1,1,0,0,1,0,0,0,0,0,0,0,0,0
1530,9,6b628ace3a80b66e,0.977395,19.850632,1,14015,1,1,0,0,1,0,0,0,0,0,0,0,0,1
1531,9,1fb15d63bb00c795,1.777934,20.0,1,14032,2,1,0,0,1,0,0,0,0,0,0,0,0,1
1532,9,60552f072be99c0b,2.381182,19.9276,1,13846,1,0,0,0,0,0,0,0,0,0,0,0,0,1
1533,9,653bb80aa2cb1b55,1.788893,18.449705,1,14045,1,1,0,0,1,0,0,0,0,0,0,0,0,0
1534,9,67aeb0127098f2b6,1.343929,20.0,1,13900,1,1,0,0,1,0,0,0,0,0,0,0,0,1
1535,9,776a3e8dce0f20a3,2.054804,20.0,1,13968,2,1,0,0,1,0,0,0,0,0,0,0,0,1
1536,9,8afd65f8be41818a,1.543697,20.0,1,13768,1,1,0,0,1,0,0,0,0,0,0,0,0,1
1537,9,f496528534e83a16,1.159722,20.0,1,13925,1,1,0,0,1,0,0,0,0,0,0,0,0,0
1538,9,963123a06e59acba,0.871256,19.608921,1,13977,1,1,0,0,0,0,0,0,0,0,0,0,0,1
1539,9,a608e4e19fe1510d,1.699347,18.22669,1,14037,1,0,0,0,1,0,0,0,0,0,0,0,0,0
1540,9,94b4bf74b4c0d654,1.276656,20.0,1,13911,1,1,0,0,1,0,0,0,0,0,0,0,0,1
1541,9,e05e194a83d5999d,0.959104,20.0,1,13863,1,1,0,0,1,0,0,0,0,0,0,0,0,1
1542,9,0df3e21ca1dea29a,1.76541,16.899116,0,13888,1,0,0,0,0,0,0,0,0,0,0,0,0,0
1543,9,2b91f8621bf2b3dc,1.326287,19.653363,1,13969,1,1,0,0,1,0,0,0,0,0,0,0,0,1
1544,9,96f88e570c2288e4,2.040043,20.0,1,13974,2,1,0,0,1,0,0,0,0,0,0,0,0,1
1545,9,ccf1990136212d60,1.532608,19.798166,1,13960,1,1,0,0,1,0,0,0,0,0,0,0,0,0
1546,9,8fc2f36428e2b239,1.152543,18.369005,1,13980,1,1,0,0,0,0,0,0,0,0,0,0,0,1
1547,9,fac81b5222b15fd8,1.909516,20.0,1,14010,1,0,0,0,1,0,0,0,0,0,0,0,0,1
1548,9,d2741c0108e8c3e1,2.478201,20.0,1,13947,2,1,0,0,1,0,0,0,0,0,0,0,0,1
1549,9,f021d52cba66659e,1.863643,20.0,1,13894,1,1,0,0,1,0,0,0,0,0,0,0,0,1
1550,9,62740c2edf4f9c1a,2.443738,17.970594,0,13808,1,0,0,0,0,0,0,0,0,0,0,0,0,0
1551,9,dd85b5e3c54a4675,1.835889,20.0,1,13795,1,1,0,0,1,0,0,0,0,0,0,0,0,1
1552,9,292f2ca6c3c277da,1.379235,20.0,1,13976,1,1,0,0,1,0,0,0,0,0,0,0,0,1
1553,9,590046d69c2f0697,1.037204,20.0,1,13927,1,1,0,0,1,0,0,0,0,0,0,0,0,0
1554,9,49c01972c05b2cde,0.779213,20.0,1,13849,1,1,0,0,1,0,0,0,0,0,0,0,0,1
1555,9,5bd2c5f9e3d81695,1.629047,20.0,1,13866,1,0,0,0,0,0,0,0,0,0,0,0,0,1
1556,9,e99160ebd3ad6017,1.225066,18.631118,1,13672,1,1,0,0,1,0,0,0,0,0,0,0,0,0
1557,9,9fb6e26db137d769,0.920347,20.0,1,13868,1,1,0,0,1,0,0,0,0,0,0,0,0,1
1558,9,f7cdcffb3f24f59f,2.778729,19.221216,1,13868,2,0,0,0,0,0,0,0,0,0,0,0,0,1
1559,9,d54ff3cf1a04e66a,2.087555,20.0,1,14575,1,1,0,0,1,0,0,0,0,0,0,0,0,1
1560,9,6206b48ce68492cb,1.569871,20.0,1,13973,1,1,0,0,1,0,0,0,0,0,0,0,0,1
1561,9,57e8e7bc76011386,1.179385,20.0,1,14174,1,1,0,0,1,0,0,0,0,0,0,0,0,1
1562,9,228f719959c2101f,1.929682,20.0,1,14645,2,1,0,0,1,0,0,0,0,0,0,0,0,0
1563,9,1a270b61bf1671e3,1.451148,20.0,1,15432,1,1,0,0,1,0,0,0,0,0,0,0,0,1
1564,9,b0a02e896059d753,2.133847,20.0,1,15816,1,0,0,0,0,0,0,0,0,0,0,0,0,1
1565,9,4e61135f67626e48,1.603079,20.0,1,16038,1,1,0,0,1,0,0,0,0,0,0,0,0,1
1566,9,211453f6310a450f,1.204333,20.0,1,15653,1,1,0,0,1,0,0,0,0,0,0,0,0,0
1567,9,1c86ab86440e5988,0.905676,20.0,1,16252,1,1,0,0,1,0,0,0,0,0,0,0,0,1
1568,9,bf2b99a3f8e66fb1,0.6804,20.0,1,16058,1,1,0,0,1,0,0,0,0,0,0,0,0,0
1569,9,fddeb604a2f2db05,0.511159,20.0,1,16730,1,1,0,0,1,0,0,0,0,0,0,0,0,1
1570,9,6c7be738b9512dda,1.42855,20.0,1,16903,2,1,0,0,1,0,0,0,0,0,0,0,0,1
1571,9,3364a3725f8a7e25,1.073216,20.0,1,17082,1,1,0,0,1,0,0,0,0,0,0,0,0,1
1572,9,6a9861ac05854b23,0.806267,20.0,1,17176,1,1,0,0,1,0,0,0,0,0,0,0,0,0
1573,9,f250a6f1de9c260b,1.649372,20.0,1,17219,2,1,0,0,1,0,0,0,0,0,0,0,0,1
1574,9,07f9789d6b811bdd,1.240351,20.0,1,17320,1,1,0,0,1,0,0,0,0,0,0,0,0,1
1575,9,78007fb687fa46b4,1.975483,20.0,1,15290,2,1,0,0,1,0,0,0,0,0,0,0,0,1
1576,9,6b77131f79a52b62,1.484106,20.0,1,13759,1,1,0,0,1,0,0,0,0,0,0,0,0,0
1577,9,c3283c7dca258ca9,2.16022,20.0,1,13538,1,0,0,0,0,0,0,0,0,0,0,0,0,1
1578,9,5556ef939b3b497f,1.622892,18.875049,1,13828,1,1,0,0,1,0,0,0,0,0,0,0,0,0
1579,9,48a0b8c2e1de9d2c,2.262872,17.658964,1,13857,1,0,0,0,0,0,0,0,0,0,0,0,0,1
1580,9,a8f4c6a49c652fbf,1.700011,16.745364,1,13834,1,1,0,0,1,0,0,0,0,0,0,0,0,0
1581,9,0307d2fd08e11f6a,1.278432,19.553756,1,13650,1,1,0,0,1,0,0,0,0,0,0,0,0,1
1582,9,80318d0601fa540b,2.004092,18.16885,1,13639,1,0,0,0,0,0,0,0,0,0,0,0,0,1
1583,9,a0fb2a1396b3c59a,2.549253,13.649578,0,13669,1,0,0,0,0,0,0,0,0,0,0,0,0,0
1584,9,201d27b2994e2c0d,2.961225,17.22568,1,13635,2,1,0,0,1,0,0,0,0,0,0,0,0,1
1585,9,7a19f77d96a57e36,2.224658,16.419854,1,13435,1,1,0,0,1,0,0,0,0,0,0,0,0,0
1586,9,7ba6b3cfd74971b8,2.714955,15.814467,1,13527,1,0,0,0,0,0,0,0,0,0,0,0,0,1
1587,9,15989a07dafa1e42,2.039644,15.359663,1,13841,1,1,0,0,1,0,0,0,0,0,0,0,0,0
1588,9,dbb44ff84a7343e0,1.533842,18.511689,1,13552,1,1,0,0,1,0,0,0,0,0,0,0,0,1
1589,9,342934978c0ddfb2,1.152318,17.385984,1,13780,1,1,0,0,1,0,0,0,0,0,0,0,0,0
1590,9,6569d3cf1bd89d19,1.909347,16.540284,1,13810,1,0,0,0,0,0,0,0,0,0,0,0,0,1
1591,9,808c87280efdce7c,1.435856,19.399533,1,13713,1,1,0,0,1,0,0,0,0,0,0,0,0,1
1592,9,a9ef1ef850dece1a,1.078705,18.052988,1,13594,1,1,0,0,1,0,0,0,0,0,0,0,0,0
1593,9,1e6cdcb1f64629d1,1.854044,17.04138,1,13735,1,0,0,0,0,0,0,0,0,0,0,0,0,1
1594,9,a6a62f01c80481be,1.392874,16.281396,1,13627,1,1,0,0,1,0,0,0,0,0,0,0,0,0
1595,9,e0168fa87c68601f,1.047461,19.204845,1,13491,1,1,0,0,1,0,0,0,0,0,0,0,0,1
1596,9,0003274111c2dc33,2.874225,17.906727,1,13573,2,0,0,0,0,0,0,0,0,0,0,0,0,1
1597,9,d9c25b3e911987af,2.159298,16.931499,1,13680,1,1,0,0,1,0,0,0,0,0,0,0,0,0
1598,9,ae086c67f5f0ff3c,1.623823,19.693732,1,13609,1,1,0,0,1,0,0,0,0,0,0,0,0,1
1599,9,995a1d4cf554c3da,1.219917,14.795165,0,13692,1,1,0,0,0,0,0,0,0,0,0,0,0,0
1600,9,2aee1afd2026fab3,1.960132,18.072743,1,13791,1,0,0,0,1,0,0,0,0,0,0,0,0,1
1601,9,9aad1b661d0c24f4,1.472574,20.0,1,13811,1,1,0,0,1,0,0,0,0,0,0,0,0,1
1602,9,e3f02318fdcd84e8,1.107396,18.923164,1,13627,1,1,0,0,1,0,0,0,0,0,0,0,0,0
1603,9,26dc2b307aadaa65,0.831945,17.69511,1,13533,1,1,0,0,0,0,0,0,0,0,0,0,0,1
1604,9,c59a1fc10a320885,1.668663,16.772519,1,13511,1,0,0,0,1,0,0,0,0,0,0,0,0,0
1605,9,6cfe12d7eb05d4ff,1.254858,19.574177,1,13465,1,1,0,0,1,0,0,0,0,0,0,0,0,1
1606,9,fd78923e3481f25b,0.942728,18.184192,1,13510,1,1,0,0,1,0,0,0,0,0,0,0,0,0
1607,9,c4f2c5f95344180a,0.708236,17.139948,1,13635,1,1,0,0,0,0,0,0,0,0,0,0,0,1
1608,9,65b58d5fbb206542,1.575725,16.355447,1,13707,1,0,0,0,1,0,0,0,0,0,0,0,0,0
1609,9,0b470023f39fc867,1.184968,19.260532,1,13750,1,1,0,0,1,0,0,0,0,0,0,0,0,1
1610,9,11cd553fea99c617,0.890222,14.469718,0,13754,1,1,0,0,0,0,0,0,0,0,0,0,0,0
1611,9,f08799d7d8e20c3e,2.756097,17.828247,1,13681,2,0,0,0,1,0,0,0,0,0,0,0,0,1
1612,9,492ff17185c26dce,2.072624,20.0,1,13584,1,1,0,0,1,0,0,0,0,0,0,0,0,1
1613,9,493b6fdfc7170f21,1.557085,20.0,1,13702,1,1,0,0,1,0,0,0,0,0,0,0,0,1
1614,9,9debe871bb17c9c9,1.16978,20.0,1,13581,1,1,0,0,1,0,0,0,0,0,0,0,0,0
1615,9,cc187f0163101843,1.922465,18.655522,1,12710,1,0,0,0,0,0,0,0,0,0,0,0,0,1
1616,9,f657872f4560d256,1.445721,17.50972,1,12700,1,1,0,0,1,0,0,0,0,0,0,0,0,0
1617,9,5d5c2a78d09b711c,0.042463,16.633242,1,12740,0,1,0,0,1,0,0,0,0,0,0,0,0,0
1618,9,7e1c099208006c2d,0.031901,19.453622,1,13326,1,1,0,0,1,0,0,0,0,0,0,0,0,1
1619,9,6c90da086f53b3eb,2.112291,18.109903,1,13031,2,0,0,0,0,0,0,0,0,0,0,0,0,1
1620,9,d35fcc87952f5bfd,1.586885,17.084138,1,13146,1,1,0,0,1,0,0,0,0,0,0,0,0,0
1621,9,ce570ffe6b098752,1.192168,19.792363,1,13044,1,1,0,0,1,0,0,0,0,0,0,0,0,1
1622,9,606b165f09693323,0.895631,20.0,1,13014,1,1,0,0,1,0,0,0,0,0,0,0,0,1
1623,9,5de7da077992c8c1,1.717678,19.89468,1,13020,1,0,0,0,0,0,0,0,0,0,0,0,0,1
1624,9,c485e46c1c193d01,1.290427,18.424974,1,12967,1,1,0,0,1,0,0,0,0,0,0,0,0,0
1625,9,def4bb8c5a138af5,0.96945,20.0,1,13175,1,1,0,0,1,0,0,0,0,0,0,0,0,1
1626,9,6cf0ebcbc699be4c,0.72904,19.12216,1,12812,1,1,0,0,0,0,0,0,0,0,0,0,0,1
1627,9,8a49e015ab644f74,1.591354,17.844608,1,13052,1,0,0,0,1,0,0,0,0,0,0,0,0,0
1628,9,263d9e91258d239e,1.195525,20.0,1,12809,1,1,0,0,1,0,0,0,0,0,0,0,0,1
1629,9,2ecdfd843d02bb20,0.898153,18.777313,1,12740,1,1,0,0,1,0,0,0,0,0,0,0,0,0
1630,9,f882f8e70ca9429a,0.675424,20.0,1,12778,1,1,0,0,1,0,0,0,0,0,0,0,0,1
1631,9,894c070c7fb646fe,1.551074,15.837976,0,12775,1,0,0,0,0,0,0,0,0,0,0,0,0,0
1632,9,c33d57dff7a9a713,1.165264,18.856168,1,12634,1,1,0,0,1,0,0,0,0,0,0,0,0,1
1633,9,b3da68e503eee2e0,0.876295,17.660609,1,12714,1,1,0,0,1,0,0,0,0,0,0,0,0,0
1634,9,d598b3ff822f8925,0.658328,20.0,1,13641,1,1,0,0,1,0,0,0,0,0,0,0,0,1
1635,9,427048af47b26a63,0.494577,15.19462,0,13792,1,1,0,0,0,0,0,0,0,0,0,0,0,0
1636,9,bd11ef30b91e9de9,1.415211,18.372839,1,13983,1,0,0,0,1,0,0,0,0,0,0,0,0,1
1637,9,a40d6fbea1680ccf,1.064259,17.297139,1,14941,1,1,0,0,1,0,0,0,0,0,0,0,0,0
1638,9,5b6e5ceb378110b7,2.886844,16.473538,1,14750,2,0,0,0,0,0,0,0,0,0,0,0,0,1
1639,9,b524042394cc0dfa,2.168778,19.333642,1,14320,1,1,0,0,1,0,0,0,0,0,0,0,0,1
1640,9,79c4362e3a4ddd3b,1.630952,20.0,1,15839,1,1,0,0,1,0,0,0,0,0,0,0,0,1
1641,9,f43b72fcda62f623,2.268927,19.631125,1,15716,2,1,0,0,0,0,0,0,0,0,0,0,0,1
1642,9,7f21d556dd17f339,2.748213,20.0,1,15613,1,0,0,0,1,0,0,0,0,0,0,0,0,1
1643,9,46ebac9a8e52f558,2.06463,19.785615,1,15537,1,1,0,0,1,0,0,0,0,0,0,0,0,0
1644,9,600fdef80a231003,1.552631,20.0,1,15590,1,1,0,0,1,0,0,0,0,0,0,0,0,1
1645,9,2648275d8acf998c,2.210087,20.0,1,15613,2,1,0,0,1,0,0,0,0,0,0,0,0,1
1646,9,c5ca41b94715a60b,2.704009,20.0,1,16018,1,0,0,0,0,0,0,0,0,0,0,0,0,1
1647,9,e38dc39e24330719,2.033453,20.0,1,15820,1,1,0,0,1,0,0,0,0,0,0,0,0,1
1648,9,42ed1acadce4d958,2.571311,20.0,1,15969,2,1,0,0,1,0,0,0,0,0,0,0,0,1
1649,9,5707b3e677a8eb92,1.93173,20.0,1,15911,1,1,0,0,1,0,0,0,0,0,0,0,0,1
1650,9,bb9602653f9ada17,3.538543,20.0,1,15983,2,0,0,0,0,0,0,0,0,0,0,0,0,1
1651,9,97f0df338729e3ee,2.661035,20.0,1,15991,1,1,0,0,1,0,0,0,0,0,0,0,0,1
1652,9,99fa9a276e994cd6,1.999136,20.0,1,14175,1,1,0,0,1,0,0,0,0,0,0,0,0,0
1653,9,99eb80c1ea99fa2e,2.545529,19.482051,1,13178,2,1,0,0,0,0,0,0,0,0,0,0,0,1
1654,9,0fb01201ae00d249,2.958425,20.0,1,13327,1,0,0,0,1,0,0,0,0,0,0,0,0,1
1655,9,3e237dcc2850d86b,2.222554,20.0,1,13279,1,1,0,0,1,0,0,0,0,0,0,0,0,1
1656,9,46cd062c36d03d04,1.669722,20.0,1,13320,1,1,0,0,1,0,0,0,0,0,0,0,0,0
1657,9,7ff34d565b6b9b94,2.298053,19.182855,1,13304,1,0,0,0,0,0,0,0,0,0,0,0,0,1
1658,9,7194a16360246826,1.728169,17.906282,1,13492,1,1,0,0,1,0,0,0,0,0,0,0,0,0
1659,9,397474967d612c55,2.341962,16.931165,1,13437,1,0,0,0,0,0,0,0,0,0,0,0,0,1
1660,9,d691509c077ec1ab,1.759428,16.198596,1,13464,1,1,0,0,1,0,0,0,0,0,0,0,0,0
1661,9,18876ec757a4ab56,3.411416,15.662077,1,13547,2,0,0,0,0,0,0,0,0,0,0,0,0,1
1662,9,4192bbc3674b6104,2.562869,18.724022,1,14464,1,1,0,0,1,0,0,0,0,0,0,0,0,1
1663,9,8d56705f678a28b7,1.925388,17.545502,1,14332,1,1,0,0,1,0,0,0,0,0,0,0,0,0
1664,9,5e1d1d68b06e3cb2,2.490125,16.660124,1,13885,1,0,0,0,0,0,0,0,0,0,0,0,0,1
1665,9,96bda16ce085d7f3,1.87261,16.009153,1,15355,1,1,0,0,1,0,0,0,0,0,0,0,0,0
1666,9,c6bdcafd4e7bba4c,2.450475,15.505922,1,15147,1,0,0,0,0,0,0,0,0,0,0,0,0,1
1667,9,dd45cfb800015522,1.84095,15.127864,1,14941,1,1,0,0,1,0,0,0,0,0,0,0,0,0
1668,9,c93a039256c9a264,1.384421,18.337373,1,14662,1,1,0,0,1,0,0,0,0,0,0,0,0,1
1669,9,4db5a4312141e7d0,1.040064,13.776183,0,14593,1,1,0,0,0,0,0,0,0,0,0,0,0,0
1670,9,fd3f22932529094c,1.825014,17.30722,1,14452,1,0,0,0,1,0,0,0,0,0,0,0,0,1
1671,9,22e9c9cf8fdb863f,1.371065,16.481112,1,15116,1,1,0,0,1,0,0,0,0,0,0,0,0,0
1672,9,1a21c11059677c7c,2.075211,15.874533,1,14929,1,0,0,0,0,0,0,0,0,0,0,0,0,1
1673,9,645694277dddbbbc,1.559028,15.404788,1,14821,1,1,0,0,1,0,0,0,0,0,0,0,0,0
1674,9,054b0b5ce15c8416,2.214893,18.53073,1,14783,2,1,0,0,1,0,0,0,0,0,0,0,0,1
1675,9,81cb2b9b42fdf90e,1.665631,20.0,1,14729,1,1,0,0,1,0,0,0,0,0,0,0,0,1
1676,9,cbae15652f673db8,1.251326,20.0,1,14550,1,1,0,0,1,0,0,0,0,0,0,0,0,1
1677,9,c41f2783ce19a4d9,-0.103579,20.0,1,13500,0,1,0,0,1,0,0,0,0,0,0,0,0,0
1678,9,de04dffe8f80458f,0.965839,15.400671,0,13111,1,0,0,0,0,0,0,0,0,0,0,0,0,0
1679,9,42df76ec771db93a,1.770475,18.542528,1,13178,2,1,0,0,1,0,0,0,0,0,0,0,0,1
1680,10,1fd48474a6be9a50,1.330092,17.409152,1,14026,1,1,0,0,0,0,0,0,0,0,0,0,0,1
1681,10,530e0ea8d92a6d51,2.042901,20.0,1,14058,1,0,0,0,1,0,0,0,0,0,0,0,0,1
1682,10,9d91a06f605c6d81,1.536291,18.548261,1,14011,1,1,0,0,1,0,0,0,0,0,0,0,0,0
1683,10,1bedfd585b1aa4b9,2.197811,17.41346,1,14322,1,0,0,0,0,0,0,0,0,0,0,0,0,1
1684,10,26a9669cba5af3ef,1.651134,16.560926,1,14161,1,1,0,0,1,0,0,0,0,0,0,0,0,0
1685,10,4f55c5e4b2d3c044,1.240435,19.399294,1,14249,1,1,0,0,1,0,0,0,0,0,0,0,0,1
1686,10,429a6cfc04b09590,1.976975,14.588545,0,14173,1,0,0,0,0,0,0,0,0,0,0,0,0,0
1687,10,bfd1095e82cc3b3f,1.485228,17.917518,1,13975,1,1,0,0,1,0,0,0,0,0,0,0,0,1
1688,10,e8a24dfe484cb614,1.115796,16.939606,1,13979,1,1,0,0,1,0,0,0,0,0,0,0,0,0
1689,10,a8eb40163c807ab7,1.883245,16.219327,1,13935,1,0,0,0,0,0,0,0,0,0,0,0,0,1
1690,10,b734eb68cadec0ba,1.414812,15.663818,1,14006,1,1,0,0,1,0,0,0,0,0,0,0,0,0
1691,10,03ed9d518f369873,2.106548,18.72533,1,13959,2,1,0,0,1,0,0,0,0,0,0,0,0,1
1692,10,cd43fcebe8f5e6e6,1.582571,20.0,1,14088,1,1,0,0,1,0,0,0,0,0,0,0,0,1
1693,10,338e1a6d9a9334b5,1.190116,19.291849,1,13943,1,1,0,0,0,0,0,0,0,0,0,0,0,1
1694,10,f71f04d2a5841727,1.937743,20.0,1,13913,1,0,0,0,1,0,0,0,0,0,0,0,0,1
1695,10,dab4ff966e399802,1.455754,19.594129,1,13958,1,1,0,0,1,0,0,0,0,0,0,0,0,0
1696,10,339e340883d8ecaf,1.094748,20.0,1,13993,1,1,0,0,1,0,0,0,0,0,0,0,0,1
1697,10,0f3eea50b2030a66,0.822443,16.299445,0,14018,1,1,0,0,0,0,0,0,0,0,0,0,0,0
1698,10,157d3461e0a7f335,1.661524,19.202853,1,14082,1,0,0,0,1,0,0,0,0,0,0,0,0,1
1699,10,f1991b9aba19249f,1.248241,17.90523,1,13925,1,1,0,0,1,0,0,0,0,0,0,0,0,0
1700,10,f0cae4ef532c2023,0.938695,20.0,1,14218,1,1,0,0,1,0,0,0,0,0,0,0,0,1
1701,10,7630abeab872e6cf,1.74886,15.345284,0,13879,1,0,0,0,0,0,0,0,0,0,0,0,0,0
1702,10,253c29c9cd31f14d,1.313853,18.486027,1,14134,1,1,0,0,1,0,0,0,0,0,0,0,0,1
1703,10,1bcd43f2b236da2a,0.988036,17.382258,1,13847,1,1,0,0,1,0,0,0,0,0,0,0,0,0
1704,10,07cd2395bea1fc0d,0.742275,20.0,1,13884,1,1,0,0,1,0,0,0,0,0,0,0,0,1
1705,10,efe66ad00f7df50d,0.557643,15.03752,0,13893,1,1,0,0,0,0,0,0,0,0,0,0,0,0
1706,10,1f35b63e79410329,1.46259,18.254816,1,13966,1,0,0,0,1,0,0,0,0,0,0,0,0,1
1707,10,a637ef64c585caf8,1.099888,17.208383,1,13987,1,1,0,0,1,0,0,0,0,0,0,0,0,0
1708,10,e1eb8ab23b264e7c,0.826305,16.40686,1,13973,1,1,0,0,0,0,0,0,0,0,0,0,0,1
1709,10,5dfbe5c41ee53492,1.664425,15.804705,1,13938,1,0,0,0,1,0,0,0,0,0,0,0,0,0
1710,10,782cb32d36d440f6,1.251672,18.846367,1,13949,1,1,0,0,1,0,0,0,0,0,0,0,0,1
1711,10,1e14345f3ff5d902,1.983987,20.0,1,13957,2,1,0,0,1,0,0,0,0,0,0,0,0,1
1712,10,60f6e05beacc7a2b,1.490496,20.0,1,14083,1,1,0,0,1,0,0,0,0,0,0,0,0,1
1713,10,2e7ae0e1f687a135,1.119754,20.0,1,13939,1,1,0,0,1,0,0,0,0,0,0,0,0,0
1714,10,73bbba7089e313a2,1.886221,18.989907,1,13853,1,0,0,0,0,0,0,0,0,0,0,0,0,1
1715,10,2ede5f7a162c2503,1.417047,17.745252,1,14180,1,1,0,0,1,0,0,0,0,0,0,0,0,0
1716,10,52429a8eefa39544,1.064575,20.0,1,14026,1,1,0,0,1,0,0,0,0,0,0,0,0,1
1717,10,de70778fddfafb55,0.800575,20.0,1,13893,1,1,0,0,1,0,0,0,0,0,0,0,0,1
1718,10,21bb9e22f51d50f8,1.645096,20.0,1,13997,2,1,0,0,0,0,0,0,0,0,0,0,0,1
1719,10,6989f4869eab7b85,2.279552,20.0,1,14177,1,0,0,0,1,0,0,0,0,0,0,0,0,1
1720,10,38f0f067426d2fb1,1.712542,20.0,1,13950,1,1,0,0,1,0,0,0,0,0,0,0,0,0
1721,10,2c2df23b60d1bdca,1.287856,20.0,1,13738,1,1,0,0,1,0,0,0,0,0,0,0,0,1
1722,10,e04aa6a828d08473,0.967518,20.0,1,14016,1,1,0,0,1,0,0,0,0,0,0,0,0,0
1723,10,9ce7781af19fcf90,0.72686,20.0,1,13913,1,1,0,0,1,0,0,0,0,0,0,0,0,1
1724,10,cb8db8ea883f6947,1.59076,16.56458,0,13955,1,0,0,0,0,0,0,0,0,0,0,0,0,0
1725,10,ef43ef57f181947f,1.195078,19.402039,1,13958,1,1,0,0,1,0,0,0,0,0,0,0,0,1
1726,10,d30b08a743e3c595,1.941471,20.0,1,13940,2,1,0,0,1,0,0,0,0,0,0,0,0,1
1727,10,da378c2f3ab45972,1.458555,19.65632,1,13990,1,1,0,0,1,0,0,0,0,0,0,0,0,0
1728,10,94c3b08afe3b7349,1.096854,18.262334,1,13900,1,1,0,0,0,0,0,0,0,0,0,0,0,1
1729,10,b05099a43a54ce54,1.867679,20.0,1,13918,1,0,0,0,1,0,0,0,0,0,0,0,0,1
1730,10,0a515e98151b1fa4,1.403117,19.013076,1,13869,1,1,0,0,1,0,0,0,0,0,0,0,0,0
1731,10,3c9533ab6d2e591f,1.055164,20.0,1,13889,1,1,0,0,1,0,0,0,0,0,0,0,0,1
1732,10,1723431a3a02afad,2.880012,19.450017,1,14050,2,0,0,0,0,0,0,0,0,0,0,0,0,1
1733,10,100a4dd53a413ce3,2.163645,20.0,1,14110,1,1,0,0,1,0,0,0,0,0,0,0,0,1
1734,10,d44f557a64f59e52,1.625466,20.0,1,13984,1,1,0,0,1,0,0,0,0,0,0,0,0,1
1735,10,e6663264d2c74de5,1.222374,20.0,1,14023,1,1,0,0,1,0,0,0,0,0,0,0,0,0
1736,10,53c61a15ccbedce9,3.00563,19.179361,1,13952,2,0,0,0,0,0,0,0,0,0,0,0,0,1
1737,10,909fc3f69f48e9f0,2.258018,20.0,1,14023,1,1,0,0,1,0,0,0,0,0,0,0,0,1
1738,10,608ce0b0e561a4f5,1.698061,20.0,1,13786,1,1,0,0,1,0,0,0,0,0,0,0,0,1
1739,10,e3a26d23572d521d,1.27569,20.0,1,13953,1,1,0,0,1,0,0,0,0,0,0,0,0,0
1740,10,352a1f2a2bf0c7a3,2.002032,19.089756,1,13875,1,0,0,0,0,0,0,0,0,0,0,0,0,1
1741,10,26a0d2e79ccf56fd,2.547705,20.0,1,13915,2,1,0,0,1,0,0,0,0,0,0,0,0,1
1742,10,47e7159641575cbb,1.91591,19.497735,1,13929,1,1,0,0,1,0,0,0,0,0,0,0,0,0
1743,10,a4f7a2ef8cb2a040,2.483005,18.126764,1,14003,1,0,0,0,0,0,0,0,0,0,0,0,0,1
1744,10,d024683043f8d7ce,1.865389,20.0,1,14098,1,1,0,0,1,0,0,0,0,0,0,0,0,1
1745,10,cd70a9b16d6acf9a,1.402799,18.953683,1,13878,1,1,0,0,1,0,0,0,0,0,0,0,0,0
1746,10,b33362791ca12fa9,1.053871,17.718038,1,14011,1,1,0,0,0,0,0,0,0,0,0,0,0,1
1747,10,a76af4400a29db09,2.87904,20.0,1,13909,2,0,0,0,1,0,0,0,0,0,0,0,0,1
1748,10,e8ba00607b28d21f,2.162915,18.705878,1,14097,1,1,0,0,1,0,0,0,0,0,0,0,0,0
1749,10,5d24570ea1ca975c,1.626543,20.0,1,13956,1,1,0,0,1,0,0,0,0,0,0,0,0,1
1750,10,1c5849856934c0f3,2.265614,19.276462,1,14027,1,0,0,0,0,0,0,0,0,0,0,0,0,1
1751,10,e0396365f5b157e8,2.745725,20.0,1,14175,2,1,0,0,1,0,0,0,0,0,0,0,0,1
1752,10,9f4f15fbff4bf2dd,2.064824,20.0,1,13937,1,1,0,0,1,0,0,0,0,0,0,0,0,1
1753,10,50cb7adf74945a24,1.551225,20.0,1,14129,1,1,0,0,0,0,0,0,0,0,0,0,0,1
1754,10,bf2edf01d0f91f04,2.209031,19.120718,1,14103,1,0,0,0,1,0,0,0,0,0,0,0,0,0
1755,10,7cde15046967029c,1.659562,20.0,1,13961,1,1,0,0,1,0,0,0,0,0,0,0,0,1
1756,10,b5f9f3057458d1f8,2.292165,19.515228,1,13936,1,0,0,0,0,0,0,0,0,0,0,0,0,1
1757,10,3b43f8a2dc00c981,1.722018,18.139905,1,13990,1,1,0,0,1,0,0,0,0,0,0,0,0,0
1758,10,9a55801b42f5bc65,3.380994,17.106677,1,13979,2,0,0,0,0,0,0,0,0,0,0,0,0,1
1759,10,572295d1c466d5df,2.542556,19.825469,1,13858,1,1,0,0,1,0,0,0,0,0,0,0,0,1
1760,10,ee2c1acb1bc13b79,1.910127,20.0,1,13958,1,1,0,0,1,0,0,0,0,0,0,0,0,1
1761,10,6666be57cd0f4ed8,2.478661,19.895302,1,14097,1,0,0,0,0,0,0,0,0,0,0,0,0,1
1762,10,210d4b2c89944bf4,1.862125,18.425441,1,14155,1,1,0,0,1,0,0,0,0,0,0,0,0,0
1763,10,03fea89c47214716,2.444495,17.336696,1,14139,2,1,0,0,0,0,0,0,0,0,0,0,0,1
1764,10,a4fdf7c969f151f3,2.880111,19.982101,1,14092,1,0,0,0,1,0,0,0,0,0,0,0,0,1
1765,10,7a638c661a3463f8,2.16372,20.0,1,13801,1,1,0,0,1,0,0,0,0,0,0,0,0,1
1766,10,4d5efd8b5f7fa39d,1.627148,20.0,1,13924,1,1,0,0,1,0,0,0,0,0,0,0,0,0
1767,10,07eb93251cc5b2e0,2.266069,18.505505,1,13981,1,0,0,0,0,0,0,0,0,0,0,0,0,1
1768,10,78b6109cbbf8144c,2.746066,20.0,1,13794,2,1,0,0,1,0,0,0,0,0,0,0,0,1
1769,10,328345435f6f68b6,3.10667,15.671476,0,14083,1,0,0,0,0,0,0,0,0,0,0,0,0,0
1770,10,60842fbba578f9f1,2.33626,18.746177,1,14284,1,1,0,0,1,0,0,0,0,0,0,0,0,1
1771,10,98ba46654e6ad8b6,1.755145,20.0,1,14296,1,1,0,0,1,0,0,0,0,0,0,0,0,1
1772,10,ea2e51d75208e289,2.362228,19.286154,1,14141,1,0,0,0,0,0,0,0,0,0,0,0,0,1
1773,10,eefbf44f49039041,1.776429,17.983965,1,14051,1,1,0,0,1,0,0,0,0,0,0,0,0,0
1774,10,5df9a5a56e259522,1.334565,20.0,1,13973,1,1,0,0,1,0,0,0,0,0,0,0,0,1
1775,10,d15d54ac71c5b13a,2.046262,18.855965,1,14010,1,0,0,0,0,0,0,0,0,0,0,0,0,1
1776,10,cec63487a9d58b58,1.53728,17.644626,1,14040,1,1,0,0,1,0,0,0,0,0,0,0,0,0
1777,10,9b97fec0f07f2c63,1.156057,16.749512,1,13847,1,1,0,0,0,0,0,0,0,0,0,0,0,1
1778,10,8c733360325e10cd,2.955809,19.540971,1,14061,2,0,0,0,1,0,0,0,0,0,0,0,0,1
1779,10,1d708f8ea0dc4084,2.220589,20.0,1,13856,1,1,0,0,1,0,0,0,0,0,0,0,0,1
1780,10,0c8f8439ec268d21,1.669914,19.752654,1,13787,1,1,0,0,1,0,0,0,0,0,0,0,0,0
1781,10,e981a25e147fa759,1.254544,18.318275,1,13926,1,1,0,0,0,0,0,0,0,0,0,0,0,1
1782,10,e7437d8ca69f5d17,1.986146,17.24068,1,13841,1,0,0,0,1,0,0,0,0,0,0,0,0,0
1783,10,5f898f1ae938a5c8,1.492117,19.909967,1,13806,1,1,0,0,1,0,0,0,0,0,0,0,0,1
1784,10,147a7a4288092699,1.122093,18.453081,1,13803,1,1,0,0,1,0,0,0,0,0,0,0,0,0
1785,10,667cbb91d16091be,1.88664,17.341954,1,13877,1,0,0,0,0,0,0,0,0,0,0,0,0,1
1786,10,5c35a98638fcf184,1.417362,16.507207,1,13887,1,1,0,0,1,0,0,0,0,0,0,0,0,0
1787,10,0bb5e8912cce6b4a,1.065877,19.374658,1,13832,1,1,0,0,1,0,0,0,0,0,0,0,0,1
1788,10,eb8ad50937779256,0.800753,18.034301,1,13807,1,1,0,0,1,0,0,0,0,0,0,0,0,0
1789,10,18f8051c31dc8b68,1.645229,17.027341,1,13899,1,0,0,0,0,0,0,0,0,0,0,0,0,1
1790,10,0aca18529ec07dc0,1.235999,16.270849,1,13834,1,1,0,0,1,0,0,0,0,0,0,0,0,0
1791,10,5158bf147a878f37,0.929489,19.196914,1,13876,1,1,0,0,1,0,0,0,0,0,0,0,0,1
1792,10,8f07cd6696d5620b,0.69829,20.0,1,13944,1,1,0,0,1,0,0,0,0,0,0,0,0,1
1793,10,b7b94a1d8b27f4fb,1.568253,16.061704,0,13697,1,0,0,0,0,0,0,0,0,0,0,0,0,0
1794,10,37f8e86b92240e5d,1.179348,19.039634,1,13861,1,1,0,0,1,0,0,0,0,0,0,0,0,1
1795,10,ee261b203f602f15,0.886,17.782609,1,13866,1,1,0,0,1,0,0,0,0,0,0,0,0,0
1796,10,7913cd79d0e31fd5,0.665619,20.0,1,13882,1,1,0,0,1,0,0,0,0,0,0,0,0,1
1797,10,41623bcdac62294d,1.543708,15.263477,0,13930,1,0,0,0,0,0,0,0,0,0,0,0,0,0
1798,10,1873ef2e4653eaee,1.16089,18.439355,1,13784,1,1,0,0,1,0,0,0,0,0,0,0,0,1
1799,10,d90579daf7ceb3f5,1.915787,20.0,1,13928,2,1,0,0,1,0,0,0,0,0,0,0,0,1
1800,10,49b9c353415cb665,1.439259,19.112986,1,13906,1,1,0,0,1,0,0,0,0,0,0,0,0,0
1801,10,639bb22b306f53cd,1.082343,20.0,1,13731,1,1,0,0,1,0,0,0,0,0,0,0,0,1
1802,10,82e07f7f926831e9,0.813124,16.027618,0,13642,1,1,0,0,0,0,0,0,0,0,0,0,0,0
1803,10,7ed125ad08c94102,1.654523,18.998639,1,13857,1,0,0,0,1,0,0,0,0,0,0,0,0,1
1804,10,b237cdc38fdf250a,1.242981,20.0,1,13932,1,1,0,0,1,0,0,0,0,0,0,0,0,1
1805,10,447b1c35edd9d7cd,0.93474,19.446258,1,13817,1,1,0,0,1,0,0,0,0,0,0,0,0,0
1806,10,f6c6426ba84ac254,0.702235,20.0,1,13917,1,1,0,0,1,0,0,0,0,0,0,0,0,1
1807,10,2316e09ae10089d0,1.571216,19.681277,1,13906,2,1,0,0,0,0,0,0,0,0,0,0,0,1
1808,10,ee7abd26d63871e8,2.225728,20.0,1,13865,1,0,0,0,1,0,0,0,0,0,0,0,0,1
1809,10,338c5cdf55244901,1.672106,19.827524,1,13839,1,1,0,0,1,0,0,0,0,0,0,0,0,0
1810,10,6e20a1fdbe282207,1.256191,20.0,1,13956,1,1,0,0,1,0,0,0,0,0,0,0,0,1
1811,10,985baeee48988a72,0.943729,20.0,1,13289,1,1,0,0,1,0,0,0,0,0,0,0,0,1
1812,10,64dc1b3dcf022564,1.753848,17.578564,0,13221,1,0,0,0,0,0,0,0,0,0,0,0,0,0
1813,10,3869bc2130df123e,1.317601,20.0,1,13161,1,1,0,0,1,0,0,0,0,0,0,0,0,1
1814,10,6b20a2f41ddc1162,0.989864,18.627159,1,13515,1,1,0,0,1,0,0,0,0,0,0,0,0,0
1815,10,c57d555c97718765,0.744392,20.0,1,13252,1,1,0,0,1,0,0,0,0,0,0,0,0,1
1816,10,8aff92d33132b8eb,1.602887,20.0,1,13385,2,1,0,0,1,0,0,0,0,0,0,0,0,1
1817,10,8324754547ab086a,1.204189,20.0,1,13352,1,1,0,0,1,0,0,0,0,0,0,0,0,1
1818,10,8998b3258ac25d5a,1.948316,18.044945,0,13072,1,0,0,0,0,0,0,0,0,0,0,0,0,0
1819,10,22edcb08f69beed6,1.465161,20.0,1,13076,1,1,0,0,1,0,0,0,0,0,0,0,0,1
1820,10,2f8a2bd02dba0042,1.100721,18.903062,1,13297,1,1,0,0,1,0,0,0,0,0,0,0,0,0
1821,10,7fb6544b6a8fada7,0.82693,20.0,1,13162,1,1,0,0,1,0,0,0,0,0,0,0,0,1
1822,10,408b8bae439b7f05,1.666014,15.911759,0,12809,1,0,0,0,0,0,0,0,0,0,0,0,0,0
1823,10,ab9b2d0610ff5a0c,1.251614,18.911599,1,12688,1,1,0,0,1,0,0,0,0,0,0,0,0,1
1824,10,57386fa5700089f1,0.940291,17.686422,1,12617,1,1,0,0,1,0,0,0,0,0,0,0,0,0
1825,10,6670b9f466aee1ea,1.750059,16.765992,1,12714,1,0,0,0,0,0,0,0,0,0,0,0,0,1
1826,10,c0c8dfb4590ac9be,1.316069,16.088767,1,12534,1,1,0,0,1,0,0,0,0,0,0,0,0,0
1827,10,ff258a706d865047,0.988714,19.044578,1,12637,1,1,0,0,1,0,0,0,0,0,0,0,0,1
1828,10,aaa44f2469d5c244,1.786437,14.307479,0,12750,1,0,0,0,0,0,0,0,0,0,0,0,0,0
1829,10,a943c7922868043b,1.343426,17.720432,1,12848,1,1,0,0,1,0,0,0,0,0,0,0,0,1
1830,10,1953d5c4207445d4,1.009266,20.0,1,13465,1,1,0,0,1,0,0,0,0,0,0,0,0,1
1831,10,a6c6b8d0f9b42770,1.801877,18.707229,1,13532,2,1,0,0,0,0,0,0,0,0,0,0,0,1
1832,10,f9165b38943fbf57,2.397336,20.0,1,14032,1,0,0,0,1,0,0,0,0,0,0,0,0,1
1833,10,779e32fec11bc36d,1.802831,19.281623,1,14998,1,1,0,0,1,0,0,0,0,0,0,0,0,0
1834,10,a0707afebc29bf54,1.3544,20.0,1,14768,1,1,0,0,1,0,0,0,0,0,0,0,0,1
1835,10,1820cfc64f9094b0,1.01751,20.0,1,16235,1,1,0,0,1,0,0,0,0,0,0,0,0,1
1836,10,b1929f9c26f2edf1,2.853483,20.0,1,16391,2,0,0,0,0,0,0,0,0,0,0,0,0,1
1837,10,a79ee86220ef835e,2.143715,20.0,1,15857,1,1,0,0,1,0,0,0,0,0,0,0,0,1
1838,10,7a2c4a97d62bfccc,2.654146,20.0,1,15542,2,1,0,0,1,0,0,0,0,0,0,0,0,1
1839,10,8f94eadc2721b657,3.037614,17.984936,0,15451,1,0,0,0,0,0,0,0,0,0,0,0,0,0
1840,10,5f8b6802de3200b2,2.284329,20.0,1,15144,1,1,0,0,1,0,0,0,0,0,0,0,0,1
1841,10,e2ee8d2ed82ba750,1.716131,18.869159,1,16074,1,1,0,0,1,0,0,0,0,0,0,0,0,0
1842,10,2f25056b6e65c05c,1.289265,17.654539,1,15863,1,1,0,0,0,0,0,0,0,0,0,0,0,1
1843,10,43b483eea7a12a25,3.057847,20.0,1,15610,2,0,0,0,1,0,0,0,0,0,0,0,0,1
1844,10,dc603e77f788ec0f,2.297246,20.0,1,15627,1,1,0,0,1,0,0,0,0,0,0,0,0,1
1845,10,a3f0e08b1a1781eb,1.725835,20.0,1,15349,1,1,0,0,1,0,0,0,0,0,0,0,0,1
1846,10,d2006de506700da8,2.340209,17.734814,0,15299,1,0,0,0,0,0,0,0,0,0,0,0,0,0
1847,10,96a7c9c7226b90a9,1.75987,20.0,1,13973,1,1,0,0,1,0,0,0,0,0,0,0,0,1
1848,10,bc4caa397e3f449b,2.365778,20.0,1,13279,2,1,0,0,1,0,0,0,0,0,0,0,0,1
1849,10,a11190439f8dade4,2.820974,20.0,1,13331,1,0,0,0,0,0,0,0,0,0,0,0,0,1
1850,10,d0e8f76deb7682be,2.121413,20.0,1,13349,1,1,0,0,1,0,0,0,0,0,0,0,0,1
1851,10,7a13de6a86efd7e2,1.593738,20.0,1,13371,1,1,0,0,1,0,0,0,0,0,0,0,0,0
1852,10,c715ce083d9887ff,2.240969,18.578516,1,13574,1,0,0,0,0,0,0,0,0,0,0,0,0,1
1853,10,9d7be728db82f7ef,2.72721,20.0,1,13309,2,1,0,0,1,0,0,0,0,0,0,0,0,1
1854,10,1e97c0f7f6def2a0,3.095051,15.728404,0,13521,1,0,0,0,0,0,0,0,0,0,0,0,0,0
1855,10,53b7d15b85140aae,2.325196,18.773851,1,13236,1,1,0,0,1,0,0,0,0,0,0,0,0,1
1856,10,bc2034ef19334ab9,1.746833,17.582937,1,13198,1,1,0,0,1,0,0,0,0,0,0,0,0,0
1857,10,715f7b8f44a8597f,2.357794,16.703121,1,13293,1,0,0,0,0,0,0,0,0,0,0,0,0,1
1858,10,f07d11f069918ae2,2.814976,12.54843,0,13144,1,0,0,0,0,0,0,0,0,0,0,0,0,0
1859,10,ec168b8c81012a4f,1.071133,12.906011,1,13303,0,1,0,0,1,0,0,0,0,0,0,0,0,0
1860,10,97db82715d08cbb7,1.848355,13.174648,1,13147,1,0,0,0,0,0,0,0,0,0,0,0,0,1
1861,10,603862a7addf0b41,1.38999,13.388025,1,13030,1,1,0,0,1,0,0,0,0,0,0,0,0,0
1862,10,ce1b005d72e18c52,2.087901,13.536767,1,13012,1,0,0,0,0,0,0,0,0,0,0,0,0,1
1863,10,f8f6056c3cedf7e1,1.568562,13.648512,1,13193,1,1,0,0,1,0,0,0,0,0,0,0,0,0
1864,10,f737459a9c7382ec,1.179581,13.744377,1,12932,1,1,0,0,0,0,0,0,0,0,0,0,0,1
1865,10,75559a32d8c031cc,1.929828,13.804481,1,13121,1,0,0,0,1,0,0,0,0,0,0,0,0,0
1866,10,65cc86e5cf90643a,1.449808,17.32848,1,13028,1,1,0,0,1,0,0,0,0,0,0,0,0,1
1867,10,dad019c60b8bed01,2.13284,13.018239,0,13027,1,0,0,0,0,0,0,0,0,0,0,0,0,0
1868,10,90aaf687ed021db4,1.603926,16.750905,1,12877,1,1,0,0,1,0,0,0,0,0,0,0,0,1
1869,10,9728e54db1452e2d,1.20497,12.584328,0,13008,1,1,0,0,0,0,0,0,0,0,0,0,0,0
1870,10,fa9f3fbead877ee0,1.948902,16.411825,1,13073,1,0,0,0,1,0,0,0,0,0,0,0,0,1
1871,10,a7f27cd681ddecdc,1.465602,15.822428,1,12914,1,1,0,0,1,0,0,0,0,0,0,0,0,0
1872,10,9dedc777a493105f,2.144705,15.365643,1,12999,1,0,0,0,0,0,0,0,0,0,0,0,0,1
1873,10,b3eff97d403f970b,1.611237,15.022478,1,13025,1,1,0,0,1,0,0,0,0,0,0,0,0,0
1874,10,2c0a7227f731e6cd,3.297769,14.76467,1,13115,2,0,0,0,0,0,0,0,0,0,0,0,0,1
1875,10,14d0d43f72dffca0,2.479969,18.064246,1,13211,1,1,0,0,1,0,0,0,0,0,0,0,0,1
1876,10,7453a6cea13d87ef,1.863108,20.0,1,13042,1,1,0,0,1,0,0,0,0,0,0,0,0,1
1877,10,37bdfc7dd16ac7ec,2.443337,15.422431,0,13224,1,0,0,0,0,0,0,0,0,0,0,0,0,0
1878,10,9172c42294538880,1.837424,18.558891,1,13076,1,1,0,0,1,0,0,0,0,0,0,0,0,1
1879,10,abd48e3889b09177,1.380388,17.421446,1,13395,1,1,0,0,1,0,0,0,0,0,0,0,0,0
1880,10,88e036c970be79ff,2.080687,16.566926,1,13210,1,0,0,0,0,0,0,0,0,0,0,0,0,1
1881,10,c1ca359e4b9d97ba,1.563143,19.403801,1,13350,1,1,0,0,1,0,0,0,0,0,0,0,0,1
1882,10,5ee6a1e2c51f9859,2.219656,20.0,1,13234,2,1,0,0,1,0,0,0,0,0,0,0,0,1
1883,10,7ab7cdda5c3ea225,2.711198,16.191917,0,13404,1,0,0,0,0,0,0,0,0,0,0,0,0,0
1884,10,9c655571a120862d,2.036822,19.122071,1,13269,1,1,0,0,1,0,0,0,0,0,0,0,0,1
1885,10,93ac4dd807aac88d,1.531719,17.860572,1,13268,1,1,0,0,1,0,0,0,0,0,0,0,0,0
1886,10,eb5f1ee2a4ef9236,2.194377,16.896824,1,13424,1,0,0,0,0,0,0,0,0,0,0,0,0,1
1887,10,226dc20cff35b4a5,1.648553,16.172797,1,13321,1,1,0,0,1,0,0,0,0,0,0,0,0,0
1888,10,9150a6195776a24d,1.238496,15.628862,1,13437,1,1,0,0,0,0,0,0,0,0,0,0,0,1
1889,10,eed6424bf14ecf46,1.975517,15.233629,1,13482,1,0,0,0,1,0,0,0,0,0,0,0,0,0
1890,11,1fd48474a6be9a50,1.484132,18.402145,1,13865,1,1,0,0,1,0,0,0,0,0,0,0,0,1
1891,11,530e0ea8d92a6d51,1.114973,20.0,1,14001,1,1,0,0,1,0,0,0,0,0,0,0,0,1
1892,11,9d91a06f605c6d81,1.882626,15.628761,0,14201,1,0,0,0,0,0,0,0,0,0,0,0,0,0
1893,11,1bedfd585b1aa4b9,1.414347,18.698993,1,14275,1,1,0,0,1,0,0,0,0,0,0,0,0,1
1894,11,26a9669cba5af3ef,1.062546,20.0,1,14215,1,1,0,0,1,0,0,0,0,0,0,0,0,1
1895,11,4f55c5e4b2d3c044,0.798251,19.259524,1,14252,1,1,0,0,1,0,0,0,0,0,0,0,0,0
1896,11,429a6cfc04b09590,1.644447,17.963938,1,14091,1,0,0,0,0,0,0,0,0,0,0,0,0,1
1897,11,bfd1095e82cc3b3f,1.235411,20.0,1,14190,1,1,0,0,1,0,0,0,0,0,0,0,0,1
1898,11,e8a24dfe484cb614,0.928118,18.844662,1,13953,1,1,0,0,1,0,0,0,0,0,0,0,0,0
1899,11,a8eb40163c807ab7,1.742109,17.651956,1,13876,1,0,0,0,0,0,0,0,0,0,0,0,0,1
1900,11,b734eb68cadec0ba,2.352434,20.0,1,13936,2,1,0,0,1,0,0,0,0,0,0,0,0,1
1901,11,03ed9d518f369873,1.767296,20.0,1,14134,1,1,0,0,1,0,0,0,0,0,0,0,0,1
1902,11,cd43fcebe8f5e6e6,1.327703,20.0,1,13905,1,1,0,0,1,0,0,0,0,0,0,0,0,0
1903,11,338e1a6d9a9334b5,2.042602,18.609056,1,14014,1,0,0,0,0,0,0,0,0,0,0,0,0,1
1904,11,f71f04d2a5841727,1.534531,17.459133,1,13956,1,1,0,0,1,0,0,0,0,0,0,0,0,0
1905,11,dab4ff966e399802,1.152836,20.0,1,14038,1,1,0,0,1,0,0,0,0,0,0,0,0,1
1906,11,339e340883d8ecaf,0.866949,18.576498,1,14018,1,1,0,0,1,0,0,0,0,0,0,0,0,0
1907,11,0f3eea50b2030a66,1.69496,17.434673,1,13889,1,0,0,0,0,0,0,0,0,0,0,0,0,1
1908,11,157d3461e0a7f335,1.27336,20.0,1,13948,1,1,0,0,1,0,0,0,0,0,0,0,0,1
1909,11,f1991b9aba19249f,0.956628,18.545948,1,14125,1,1,0,0,1,0,0,0,0,0,0,0,0,0
1910,11,f0cae4ef532c2023,0.719398,20.0,1,14046,1,1,0,0,1,0,0,0,0,0,0,0,0,1
1911,11,3dc875a761d5c5ef,1.58411,15.707264,0,14036,1,0,0,0,0,0,0,0,0,0,0,0,0,0
1912,11,e90cc852e180b7a9,1.190083,18.757969,1,14140,1,1,0,0,1,0,0,0,0,0,0,0,0,1
1913,11,0843c071791750a4,0.894959,17.586762,1,13790,1,1,0,0,1,0,0,0,0,0,0,0,0,0
1914,11,e7652621d19bb2aa,0.672349,20.0,1,13971,1,1,0,0,1,0,0,0,0,0,0,0,0,1
1915,11,83403ab2ce2e5edc,1.548764,15.152941,0,13754,1,0,0,0,0,0,0,0,0,0,0,0,0,0
1916,11,31f44b91b5854a60,1.163529,18.341527,1,13897,1,1,0,0,1,0,0,0,0,0,0,0,0,1
1917,11,9eeb382b0724ec5e,0.87499,20.0,1,14011,1,1,0,0,1,0,0,0,0,0,0,0,0,1
1918,11,8cf44fb6a5bc2678,0.657347,19.070619,1,13957,1,1,0,0,1,0,0,0,0,0,0,0,0,0
1919,11,26302fd6db433208,2.581147,17.805888,1,13858,2,0,0,0,0,0,0,0,0,0,0,0,0,1
1920,11,212d5aa4658ea2f7,1.94106,20.0,1,14011,1,1,0,0,1,0,0,0,0,0,0,0,0,1
1921,11,37a5a18fb6caef37,1.458245,20.0,1,13923,1,1,0,0,1,0,0,0,0,0,0,0,0,1
1922,11,79c0b206a03c3fd7,1.095525,20.0,1,14056,1,1,0,0,1,0,0,0,0,0,0,0,0,0
1923,11,c2376b0af88b997c,0.823027,18.648392,1,14180,1,1,0,0,0,0,0,0,0,0,0,0,0,1
1924,11,6484211bcaa3988b,1.663079,17.504358,1,13981,1,0,0,0,1,0,0,0,0,0,0,0,0,0
1925,11,bb6c2f7a25964c84,1.249409,20.0,1,13809,1,1,0,0,1,0,0,0,0,0,0,0,0,1
1926,11,66b1f64089a6f384,1.982288,20.0,1,14078,2,1,0,0,1,0,0,0,0,0,0,0,0,1
1927,11,ea8c132e457af786,1.490708,20.0,1,13940,1,1,0,0,0,0,0,0,0,0,0,0,0,1
1928,11,052f36be903b4c06,2.163567,18.558966,1,14107,1,0,0,0,1,0,0,0,0,0,0,0,0,0
1929,11,8e82ec90f90651e7,1.625407,20.0,1,14079,1,1,0,0,1,0,0,0,0,0,0,0,0,1
1930,11,4f7951c9fb9652a2,1.221107,19.180493,1,13990,1,1,0,0,1,0,0,0,0,0,0,0,0,0
1931,11,f016206e344ce587,0.91829,20.0,1,13814,1,1,0,0,1,0,0,0,0,0,0,0,0,1
1932,11,5ba81e783bc90e5a,0.689877,19.544602,1,14059,1,1,0,0,0,0,0,0,0,0,0,0,0,1
1933,11,9d8db8f22ff60f9d,2.605586,20.0,1,13881,2,0,0,0,1,0,0,0,0,0,0,0,0,1
1934,11,44ad3895b244c363,1.959438,19.754705,1,13873,1,1,0,0,1,0,0,0,0,0,0,0,0,0
1935,11,cc16e3530e32ee8b,1.472052,20.0,1,13932,1,1,0,0,1,0,0,0,0,0,0,0,0,1
1936,11,95452af7553c0133,1.105898,16.376519,0,13885,1,1,0,0,0,0,0,0,0,0,0,0,0,0
1937,11,2e6d374222f73db6,1.874473,19.260755,1,14068,1,0,0,0,1,0,0,0,0,0,0,0,0,1
1938,11,608bf612bfc52405,1.40963,20.0,1,13825,1,1,0,0,1,0,0,0,0,0,0,0,0,1
1939,11,758d8a2ae1333514,1.059003,16.111102,0,14079,1,1,0,0,0,0,0,0,0,0,0,0,0,0
1940,11,bb57d5d6b5031988,2.882896,19.061357,1,13804,2,0,0,0,1,0,0,0,0,0,0,0,0,1
1941,11,40a994be4c9833b6,2.167979,20.0,1,13809,1,1,0,0,1,0,0,0,0,0,0,0,0,1
1942,11,7a87c9864933bd97,1.628721,20.0,1,13949,1,1,0,0,1,0,0,0,0,0,0,0,0,1
1943,11,b17ee36b57063304,1.223597,17.246089,0,13988,1,1,0,0,0,0,0,0,0,0,0,0,0,0
1944,11,d16904caca12bdc5,1.962896,19.914031,1,13958,1,0,0,0,1,0,0,0,0,0,0,0,0,1
1945,11,405feb5ad846f68c,1.476126,18.456137,1,13834,1,1,0,0,1,0,0,0,0,0,0,0,0,0
1946,11,4bf3619e34d0ac81,2.152612,20.0,1,14033,2,1,0,0,1,0,0,0,0,0,0,0,0,1
1947,11,14a07418a65d7f77,1.617177,20.0,1,13882,1,1,0,0,1,0,0,0,0,0,0,0,0,1
1948,11,0e3b20ca4800dc75,2.26029,20.0,1,13891,1,0,0,0,0,0,0,0,0,0,0,0,0,1
1949,11,bf7d0e1a502257a1,1.698072,18.862451,1,13822,1,1,0,0,1,0,0,0,0,0,0,0,0,0
1950,11,70f957e877d800be,1.275698,20.0,1,13959,1,1,0,0,1,0,0,0,0,0,0,0,0,1
1951,11,8712803a110e88db,2.002037,20.0,1,13818,2,1,0,0,1,0,0,0,0,0,0,0,0,1
1952,11,7a520e3e28d57b33,2.549711,17.168954,0,13908,1,0,0,0,0,0,0,0,0,0,0,0,0,0
1953,11,50be05e6fbc0a419,1.915503,19.856083,1,13905,1,1,0,0,1,0,0,0,0,0,0,0,0,1
1954,11,4fe12e4458e29e5f,1.439046,20.0,1,13818,1,1,0,0,1,0,0,0,0,0,0,0,0,1
1955,11,d29f43d0f75613e6,1.082183,20.0,1,13829,1,1,0,0,1,0,0,0,0,0,0,0,0,1
1956,11,852e6924b6fdd9fe,1.856657,17.587945,0,13721,1,0,0,0,0,0,0,0,0,0,0,0,0,0
1957,11,39e5294c4fff933b,2.43849,20.0,1,13665,2,1,0,0,1,0,0,0,0,0,0,0,0,1
1958,11,bb0a823fea513c20,1.831947,18.632454,1,13817,1,1,0,0,0,0,0,0,0,0,0,0,0,1
1959,11,6195266281aa8e1f,2.4218,20.0,1,13903,1,0,0,0,1,0,0,0,0,0,0,0,0,1
1960,11,d64483c707d268bd,1.819408,19.234981,1,13834,1,1,0,0,1,0,0,0,0,0,0,0,0,0
1961,11,dbb93a0338025b46,2.410507,20.0,1,14026,2,1,0,0,1,0,0,0,0,0,0,0,0,1
1962,11,a3f36def327c8cf8,2.856886,19.579782,1,13799,1,0,0,0,0,0,0,0,0,0,0,0,0,1
1963,11,ed50bc2c25dca899,2.146272,18.188402,1,13997,1,1,0,0,1,0,0,0,0,0,0,0,0,0
1964,11,dfc69e6d229c78cb,1.612414,20.0,1,13970,1,1,0,0,1,0,0,0,0,0,0,0,0,1
1965,11,3bdfaf5cb39e3e91,2.254999,15.492505,0,14019,1,0,0,0,0,0,0,0,0,0,0,0,0,0
1966,11,77e1ae7b7fc60099,1.695792,18.611588,1,13954,1,1,0,0,1,0,0,0,0,0,0,0,0,1
1967,11,7509e39a735d586d,1.273985,17.461035,1,13858,1,1,0,0,1,0,0,0,0,0,0,0,0,0
1968,11,cdb5d6908db19639,3.044404,16.596667,1,13869,2,0,0,0,0,0,0,0,0,0,0,0,0,1
1969,11,de9d6b346cf6c702,2.289435,19.441934,1,13952,1,1,0,0,1,0,0,0,0,0,0,0,0,1
1970,11,450ee3754dcc66be,2.76362,18.084842,1,13877,1,0,0,0,0,0,0,0,0,0,0,0,0,1
1971,11,7fb7c51477e59c6f,2.076205,17.065311,1,13883,1,1,0,0,1,0,0,0,0,0,0,0,0,0
1972,11,89e90233881411bd,1.559775,19.778219,1,13909,1,1,0,0,1,0,0,0,0,0,0,0,0,1
1973,11,1c34042e65e9d952,1.172973,20.0,1,13800,1,1,0,0,1,0,0,0,0,0,0,0,0,1
1974,11,090d669b8eb48b47,1.924864,16.403448,0,14085,1,0,0,0,0,0,0,0,0,0,0,0,0,0
1975,11,aa46e1386cbcb2d8,1.446078,19.280986,1,13812,1,1,0,0,1,0,0,0,0,0,0,0,0,1
1976,11,a703dcbfe43c9094,2.131622,14.499577,0,13827,1,0,0,0,0,0,0,0,0,0,0,0,0,0
1977,11,e9893cd0331a68f6,2.645061,17.850679,1,13656,2,1,0,0,1,0,0,0,0,0,0,0,0,1
1978,11,99d7e6e7e965e1df,3.030789,16.889392,1,13836,1,0,0,0,0,0,0,0,0,0,0,0,0,1
1979,11,de8aeae70ef568fe,2.276919,16.167214,1,13697,1,1,0,0,1,0,0,0,0,0,0,0,0,0
1980,11,b5c2e13c314156a5,1.712275,19.118978,1,13669,1,1,0,0,1,0,0,0,0,0,0,0,0,1
1981,11,f3a1deef1eed2a32,2.330022,14.363374,0,13387,1,0,0,0,0,0,0,0,0,0,0,0,0,0
1982,11,01bd8ccda4b5a87f,1.750458,17.748355,1,13798,1,1,0,0,1,0,0,0,0,0,0,0,0,1
1983,11,b0118edd2f2e2ec7,2.36052,13.347016,0,13882,1,0,0,0,0,0,0,0,0,0,0,0,0,0
1984,11,749d8db69b1c0c70,1.77337,16.984803,1,13809,1,1,0,0,1,0,0,0,0,0,0,0,0,1
1985,11,9ffd20adc9353801,1.332267,16.238892,1,13943,1,1,0,0,1,0,0,0,0,0,0,0,0,0
1986,11,ca30993af21f52b3,2.044536,15.678517,1,13750,1,0,0,0,0,0,0,0,0,0,0,0,0,1
1987,11,d6872e0f89eb2d37,1.53752,15.27097,1,13898,1,1,0,0,1,0,0,0,0,0,0,0,0,0
1988,11,36772866a3603432,1.155081,18.430198,1,13662,1,1,0,0,1,0,0,0,0,0,0,0,0,1
1989,11,bd0bc4661a6ec162,0.867769,13.845919,0,13854,0,0,0,0,0,0,0,0,0,0,0,0,0,0
1990,11,9469ffba31218deb,0.652575,13.89283,1,13739,1,1,0,0,1,0,0,0,0,0,0,0,0,0
1991,11,c7d8eebce0caa6a9,0.490255,17.394853,1,13777,1,1,0,0,1,0,0,0,0,0,0,0,0,1
1992,11,60de7c638987cfc4,1.411964,20.0,1,13859,2,1,0,0,1,0,0,0,0,0,0,0,0,1
1993,11,bb5eb43a9d16e24f,1.060756,15.044629,0,13635,0,0,0,0,0,0,0,0,0,0,0,0,0,0
1994,11,60ee1f77e2920155,0.797703,14.794277,1,13752,1,1,0,0,1,0,0,0,0,0,0,0,0,0
1995,11,87c333d4b216c8e0,1.642938,18.072076,1,13623,2,1,0,0,1,0,0,0,0,0,0,0,0,1
1996,11,5e079b8d97b60e1e,1.234278,20.0,1,13741,1,1,0,0,1,0,0,0,0,0,0,0,0,1
1997,11,76a4cfd026339cdd,0.928195,18.922787,1,13519,1,1,0,0,0,0,0,0,0,0,0,0,0,1
1998,11,33e0c0fe625a5409,1.740971,17.694827,1,13821,1,0,0,0,1,0,0,0,0,0,0,0,0,0
1999,11,0ce08f8f0de6d99c,1.307927,20.0,1,13738,1,1,0,0,1,0,0,0,0,0,0,0,0,1
2000,11,902b52f9870e04e5,2.02625,15.213933,0,13816,1,0,0,0,0,0,0,0,0,0,0,0,0,0
2001,11,a5403904baca4e07,1.523769,18.402098,1,13615,1,1,0,0,1,0,0,0,0,0,0,0,0,1
2002,11,51b85b00b8c4e556,1.14475,17.303653,1,13828,1,1,0,0,1,0,0,0,0,0,0,0,0,0
2003,11,107a7c39312ff4cd,0.860008,19.957276,1,13828,1,1,0,0,1,0,0,0,0,0,0,0,0,1
2004,11,4eef428587a04c35,1.690889,18.488658,1,13722,1,0,0,0,0,0,0,0,0,0,0,0,0,1
2005,11,0026b6df710aab87,1.270302,17.368682,1,13695,1,1,0,0,1,0,0,0,0,0,0,0,0,0
2006,11,39a19a87466faf37,1.997984,20.0,1,13513,2,1,0,0,1,0,0,0,0,0,0,0,0,1
2007,11,f4100f58dc85ee81,1.50101,20.0,1,13766,1,1,0,0,1,0,0,0,0,0,0,0,0,1
2008,11,d2de8aad0abb02f3,1.128781,20.0,1,13576,1,1,0,0,1,0,0,0,0,0,0,0,0,1
2009,11,338158322e3b8108,1.891664,17.651631,0,13649,1,0,0,0,0,0,0,0,0,0,0,0,0,0
2010,11,a8dba758fda8029d,1.421137,20.0,1,13699,1,1,0,0,1,0,0,0,0,0,0,0,0,1
2011,11,5c2fa7fdf12aceed,1.068715,18.685252,1,13701,1,1,0,0,1,0,0,0,0,0,0,0,0,0
2012,11,edf4bedf46764e28,0.802886,20.0,1,13673,1,1,0,0,1,0,0,0,0,0,0,0,0,1
2013,11,827f8d74cb983c49,0.603178,20.0,1,13658,1,1,0,0,1,0,0,0,0,0,0,0,0,1
2014,11,bcdfffb3fe43af91,1.496798,17.07666,0,13663,1,0,0,0,0,0,0,0,0,0,0,0,0,0
2015,11,77d746a3c57cb485,1.125614,19.802895,1,13600,1,1,0,0,1,0,0,0,0,0,0,0,0,1
2016,11,6b3879a62b3f40b8,0.845632,20.0,1,14981,1,1,0,0,1,0,0,0,0,0,0,0,0,1
2017,11,e883875b743cdffb,0.635291,19.882561,1,14918,1,1,0,0,1,0,0,0,0,0,0,0,0,0
2018,11,11bdd60f78ce5763,1.521899,18.432471,1,14512,1,0,0,0,0,0,0,0,0,0,0,0,0,1
2019,11,21f121f02a739dca,1.143346,20.0,1,14564,1,1,0,0,1,0,0,0,0,0,0,0,0,1
2020,11,7c931c8a7ecf1804,1.902606,20.0,1,14561,2,1,0,0,1,0,0,0,0,0,0,0,0,1
2021,11,06c03662777a8a8a,1.429357,20.0,1,15293,1,1,0,0,1,0,0,0,0,0,0,0,0,0
2022,11,00d3e70d575c1cc8,1.074897,20.0,1,15454,1,1,0,0,1,0,0,0,0,0,0,0,0,1
2023,11,a97e2dc923884b5c,1.851183,16.78203,0,15469,1,0,0,0,0,0,0,0,0,0,0,0,0,0
2024,11,1ff6e02adfcb271f,2.434378,19.565401,1,15247,2,1,0,0,1,0,0,0,0,0,0,0,0,1
2025,11,7a7a5388b9e1339f,1.830687,18.193962,1,15466,1,1,0,0,0,0,0,0,0,0,0,0,0,1
2026,11,2bd8158f7001cf94,2.41898,20.0,1,15460,1,0,0,0,1,0,0,0,0,0,0,0,0,1
2027,11,119c6557b567d0d3,2.860943,20.0,1,15784,2,1,0,0,1,0,0,0,0,0,0,0,0,1
2028,11,60f53b043f0c969a,2.149319,20.0,1,15648,1,1,0,0,1,0,0,0,0,0,0,0,0,1
2029,11,b14412ce9c3c380e,1.616319,20.0,1,15732,1,1,0,0,1,0,0,0,0,0,0,0,0,0
2030,11,1045370e9a364a0b,3.301587,19.554378,1,15554,2,0,0,0,0,0,0,0,0,0,0,0,0,1
2031,11,54086a9ffbc47c99,2.480359,20.0,1,15393,1,1,0,0,1,0,0,0,0,0,0,0,0,1
2032,11,ee74c7cb445bf718,2.909415,20.0,1,15668,2,1,0,0,1,0,0,0,0,0,0,0,0,1
2033,11,c4369b3d231a8a21,2.185735,20.0,1,14253,1,1,0,0,1,0,0,0,0,0,0,0,0,1
2034,11,dafe06c768657ba9,2.685714,20.0,1,13294,1,0,0,0,0,0,0,0,0,0,0,0,0,1
2035,11,787094a570406405,2.017677,19.873544,1,13391,1,1,0,0,1,0,0,0,0,0,0,0,0,0
2036,11,dbe7aa482146fb15,1.517322,20.0,1,13484,1,1,0,0,1,0,0,0,0,0,0,0,0,1
2037,11,4c070e3fedb570ba,2.18356,20.0,1,13383,2,1,0,0,1,0,0,0,0,0,0,0,0,1
2038,11,ef1139ebb7f9d84c,2.684081,20.0,1,13675,1,0,0,0,0,0,0,0,0,0,0,0,0,1
2039,11,f746b493787f8a3f,2.018467,19.325181,1,13442,1,1,0,0,1,0,0,0,0,0,0,0,0,0
2040,11,a71581b1771f4af3,0.472745,17.99713,1,13732,0,1,0,0,1,0,0,0,0,0,0,0,0,0
2041,11,16ed345d52e0ecbb,1.398809,16.999416,1,13849,1,0,0,0,0,0,0,0,0,0,0,0,0,1
2042,11,58be4a86983d1e51,2.094526,19.728715,1,13961,2,1,0,0,1,0,0,0,0,0,0,0,0,1
2043,11,befb2691adff752a,1.575114,18.316776,1,14844,1,1,0,0,1,0,0,0,0,0,0,0,0,0
2044,11,fbbd69a82364ea51,1.183324,20.0,1,14793,1,1,0,0,1,0,0,0,0,0,0,0,0,1
2045,11,914dc062cb5f30f4,1.932641,19.043803,1,16464,1,0,0,0,0,0,0,0,0,0,0,0,0,1
2046,11,da412f040fb815de,2.497524,20.0,1,16616,2,1,0,0,1,0,0,0,0,0,0,0,0,1
2047,11,040c87c9bb351b86,1.876296,20.0,1,16775,1,1,0,0,1,0,0,0,0,0,0,0,0,1
2048,11,baa0a51dbfb35e10,2.453245,20.0,1,16693,1,0,0,0,0,0,0,0,0,0,0,0,0,1
2049,11,33da2dbe4819cf4a,2.886684,20.0,1,16769,2,1,0,0,1,0,0,0,0,0,0,0,0,1
2050,11,5dc98b0dc635d04e,2.170828,20.0,1,16590,1,1,0,0,1,0,0,0,0,0,0,0,0,1
2051,11,f2e252402c3851af,2.674515,20.0,1,17009,2,1,0,0,0,0,0,0,0,0,0,0,0,1
2052,11,36e9d6aa6d837ef9,3.052917,19.580203,1,16866,1,0,0,0,1,0,0,0,0,0,0,0,0,0
2053,11,8f967b6ca3488b4d,2.295837,20.0,1,16833,1,1,0,0,1,0,0,0,0,0,0,0,0,1
2054,11,e5c13195d7b4a50c,2.76843,20.0,1,17069,2,1,0,0,1,0,0,0,0,0,0,0,0,1
2055,11,c84f9429392f3c36,2.079818,20.0,1,16751,1,1,0,0,1,0,0,0,0,0,0,0,0,0
2056,11,12f94bae65ca7288,1.562489,20.0,1,16717,1,1,0,0,1,0,0,0,0,0,0,0,0,1
2057,11,0af5416e230828ed,2.219165,17.065457,0,14592,1,0,0,0,0,0,0,0,0,0,0,0,0,0
2058,11,219007d8eace7291,1.667176,19.778329,1,13133,1,1,0,0,1,0,0,0,0,0,0,0,0,1
2059,11,41d01bf676ff6f6e,2.29614,20.0,1,13296,2,1,0,0,1,0,0,0,0,0,0,0,0,1
2060,11,31524e107587d129,2.770881,16.40625,0,13039,1,0,0,0,0,0,0,0,0,0,0,0,0,0
2061,11,f9868fd7d8f84a5c,2.081659,19.283091,1,13289,1,1,0,0,1,0,0,0,0,0,0,0,0,1
2062,11,339143e749733910,1.563873,20.0,1,13335,1,1,0,0,1,0,0,0,0,0,0,0,0,1
2063,11,0a8711fd3c06f17b,2.218532,16.110342,0,13409,1,0,0,0,0,0,0,0,0,0,0,0,0,0
2064,11,cadf637f4d1e6748,2.712518,15.595708,1,13233,1,0,0,0,0,0,0,0,0,0,0,0,0,1
2065,11,2ed8dd7fadaea44c,2.037814,18.674162,1,13322,1,1,0,0,1,0,0,0,0,0,0,0,0,1
2066,11,03f2e07b0e82cefc,2.574587,14.0292,0,13189,1,0,0,0,0,0,0,0,0,0,0,0,0,0
2067,11,d64249ecffab4fb5,1.936126,17.511162,1,13217,1,1,0,0,1,0,0,0,0,0,0,0,0,1
2068,11,3f2736ee82e61839,2.498192,13.155481,0,12909,1,0,0,0,0,0,0,0,0,0,0,0,0,0
2069,11,13a5f0293c2732f4,1.876798,16.84091,1,13260,1,1,0,0,1,0,0,0,0,0,0,0,0,1
2070,11,2dea54f93c7a32c4,2.453622,12.651946,0,13084,1,0,0,0,0,0,0,0,0,0,0,0,0,0
2071,11,e8b739c1ffdbb2df,1.845159,16.475447,1,12884,1,1,0,0,1,0,0,0,0,0,0,0,0,1
2072,11,d5fcbc0f2d56db52,2.429852,12.377388,0,13281,1,0,0,0,0,0,0,0,0,0,0,0,0,0
2073,11,a24678b460336f70,1.825457,16.256358,1,13399,1,1,0,0,1,0,0,0,0,0,0,0,0,1
2074,11,17ad021c50292562,2.41692,12.225013,0,13373,1,0,0,0,0,0,0,0,0,0,0,0,0,0
2075,11,beefa74121978524,2.859395,16.141884,1,13441,2,1,0,0,1,0,0,0,0,0,0,0,0,1
2076,11,4290a3175471a419,2.148157,15.605639,1,13291,1,1,0,0,0,0,0,0,0,0,0,0,0,1
2077,11,91c029e73d74cbbc,2.657483,18.681622,1,13312,1,0,0,0,1,0,0,0,0,0,0,0,0,1
2078,12,1fd48474a6be9a50,1.998465,17.529348,1,13935,1,1,0,0,1,0,0,0,0,0,0,0,0,0
2079,12,530e0ea8d92a6d51,2.545026,16.647988,1,14032,1,0,0,0,0,0,0,0,0,0,0,0,0,1
2080,12,9d91a06f605c6d81,1.911983,15.985856,1,14063,1,1,0,0,1,0,0,0,0,0,0,0,0,0
2081,12,1bedfd585b1aa4b9,1.437838,18.982595,1,14255,1,1,0,0,1,0,0,0,0,0,0,0,0,1
2082,12,26a9669cba5af3ef,1.080194,14.260914,0,14193,1,1,0,0,0,0,0,0,0,0,0,0,0,0
2083,12,4f55c5e4b2d3c044,1.855163,17.67138,1,14267,1,0,0,0,1,0,0,0,0,0,0,0,0,1
2084,12,429a6cfc04b09590,1.393714,16.754692,1,14095,1,1,0,0,1,0,0,0,0,0,0,0,0,0
2085,12,bfd1095e82cc3b3f,2.092244,16.080269,1,14092,1,0,0,0,0,0,0,0,0,0,0,0,0,1
2086,12,e8a24dfe484cb614,1.571824,15.559349,1,13961,1,1,0,0,1,0,0,0,0,0,0,0,0,0
2087,12,a8eb40163c807ab7,1.180853,18.646847,1,13875,1,1,0,0,1,0,0,0,0,0,0,0,0,1
2088,12,b734eb68cadec0ba,0.888018,17.503196,1,13853,1,1,0,0,1,0,0,0,0,0,0,0,0,0
2089,12,03ed9d518f369873,1.710788,16.628341,1,14055,1,0,0,0,0,0,0,0,0,0,0,0,0,1
2090,12,cd43fcebe8f5e6e6,1.285251,15.971096,1,14064,1,1,0,0,1,0,0,0,0,0,0,0,0,0
2091,12,338e1a6d9a9334b5,0.965561,18.956176,1,14063,1,1,0,0,1,0,0,0,0,0,0,0,0,1
2092,12,f71f04d2a5841727,1.770266,14.255315,0,13909,1,0,0,0,0,0,0,0,0,0,0,0,0,0
2093,12,dab4ff966e399802,1.329935,17.667174,1,14149,1,1,0,0,1,0,0,0,0,0,0,0,0,1
2094,12,339e340883d8ecaf,0.99913,20.0,1,13910,1,1,0,0,1,0,0,0,0,0,0,0,0,1
2095,12,0f3eea50b2030a66,1.795511,20.0,1,14048,2,1,0,0,1,0,0,0,0,0,0,0,0,1
2096,12,157d3461e0a7f335,1.3489,20.0,1,13934,1,1,0,0,1,0,0,0,0,0,0,0,0,1
2097,12,f1991b9aba19249f,2.057032,17.74226,0,13942,1,0,0,0,0,0,0,0,0,0,0,0,0,0
2098,12,f0cae4ef532c2023,1.545371,20.0,1,14210,1,1,0,0,1,0,0,0,0,0,0,0,0,1
2099,12,3dc875a761d5c5ef,1.162141,20.0,1,13992,1,1,0,0,1,0,0,0,0,0,0,0,0,1
2100,12,e90cc852e180b7a9,0.873073,20.0,1,14001,1,1,0,0,1,0,0,0,0,0,0,0,0,0
2101,12,0843c071791750a4,1.699561,18.63152,1,14013,1,0,0,0,0,0,0,0,0,0,0,0,0,1
2102,12,e7652621d19bb2aa,2.322244,20.0,1,13892,2,1,0,0,1,0,0,0,0,0,0,0,0,1
2103,12,83403ab2ce2e5edc,1.744615,20.0,1,13864,1,1,0,0,1,0,0,0,0,0,0,0,0,1
2104,12,31f44b91b5854a60,2.354318,17.063652,0,14010,1,0,0,0,0,0,0,0,0,0,0,0,0,0
2105,12,9eeb382b0724ec5e,1.768711,19.776973,1,14056,1,1,0,0,1,0,0,0,0,0,0,0,0,1
2106,12,8cf44fb6a5bc2678,1.330096,20.0,1,13808,1,1,0,0,1,0,0,0,0,0,0,0,0,1
2107,12,26302fd6db433208,0.999251,19.881589,1,13878,1,1,0,0,1,0,0,0,0,0,0,0,0,0
2108,12,212d5aa4658ea2f7,0.7507,20.0,1,13968,1,1,0,0,1,0,0,0,0,0,0,0,0,1
2109,12,37a5a18fb6caef37,1.608688,16.464587,0,13957,1,0,0,0,0,0,0,0,0,0,0,0,0,0
2110,12,79c0b206a03c3fd7,2.2522,19.326918,1,14069,2,1,0,0,1,0,0,0,0,0,0,0,0,1
2111,12,c2376b0af88b997c,1.691994,20.0,1,14135,1,1,0,0,1,0,0,0,0,0,0,0,0,1
2112,12,6484211bcaa3988b,1.271132,19.613922,1,13968,1,1,0,0,1,0,0,0,0,0,0,0,0,0
2113,12,bb6c2f7a25964c84,0.955909,18.230451,1,13929,1,1,0,0,0,0,0,0,0,0,0,0,0,1
2114,12,66b1f64089a6f384,1.761792,17.174701,1,13983,1,0,0,0,1,0,0,0,0,0,0,0,0,0
2115,12,ea8c132e457af786,1.323569,19.8604,1,13833,1,1,0,0,1,0,0,0,0,0,0,0,0,1
2116,12,052f36be903b4c06,0.995342,18.415805,1,14050,1,1,0,0,1,0,0,0,0,0,0,0,0,0
2117,12,8e82ec90f90651e7,2.83507,20.0,1,14138,2,0,0,0,0,0,0,0,0,0,0,0,0,2
2118,12,4f7951c9fb9652a2,2.129882,19.099694,1,13932,1,1,0,0,1,0,0,0,0,0,0,0,0,0
2119,12,f016206e344ce587,1.600101,20.0,1,14005,1,1,0,0,1,0,0,0,0,0,0,0,0,1
2120,12,5ba81e783bc90e5a,1.203299,19.50335,1,13957,1,1,0,0,1,0,0,0,0,0,0,0,0,0
2121,12,7a07c461c79b1e53,2.9913,18.130982,1,13886,2,0,0,0,0,0,0,0,0,0,0,0,0,1
2122,12,08f4476ffa31dac3,2.247252,20.0,1,14116,1,1,0,0,1,0,0,0,0,0,0,0,0,1
2123,12,a69e4e6735ff3977,1.689965,18.956066,1,13799,1,1,0,0,1,0,0,0,0,0,0,0,0,0
2124,12,260e5aa1d8f47503,1.269608,20.0,1,14023,1,1,0,0,1,0,0,0,0,0,0,0,0,1
2125,12,9dfac611e041007e,0.953809,20.0,1,13848,1,1,0,0,1,0,0,0,0,0,0,0,0,1
2126,12,721de4ec54375ef7,2.803868,17.191488,0,13920,2,0,0,0,0,0,0,0,0,0,0,0,0,0
2127,12,6f8d7911e0b9e753,2.108548,19.889247,1,13968,1,1,0,0,1,0,0,0,0,0,0,0,0,1
2128,12,404b6574dd021f5d,1.584074,20.0,1,13948,1,1,0,0,1,0,0,0,0,0,0,0,0,1
2129,12,e35a6455d78bafd7,1.190055,19.931298,1,13918,1,1,0,0,1,0,0,0,0,0,0,0,0,0
2130,12,501ee790029bb4ef,0.894939,20.0,1,13944,1,1,0,0,1,0,0,0,0,0,0,0,0,1
2131,12,70389cda45c93358,0.672334,16.489932,0,13975,1,1,0,0,0,0,0,0,0,0,0,0,0,0
2132,12,754645a6b7b4ca0c,1.548753,19.345958,1,13912,1,0,0,0,1,0,0,0,0,0,0,0,0,1
2133,12,cdb83f84a87dfa0d,2.207173,20.0,1,13828,2,1,0,0,1,0,0,0,0,0,0,0,0,1
2134,12,c4cf83697eb30892,1.659826,20.0,1,13944,1,1,0,0,1,0,0,0,0,0,0,0,0,1
2135,12,7f5b7996849c02f2,2.290618,20.0,1,13805,1,0,0,0,0,0,0,0,0,0,0,0,0,1
2136,12,098f274bf4d8b821,1.720856,19.142877,1,13991,1,1,0,0,1,0,0,0,0,0,0,0,0,0
2137,12,77668fe9943ec14d,1.294108,17.876218,1,13894,1,1,0,0,0,0,0,0,0,0,0,0,0,1
2138,12,9334baa4842ce81e,2.015869,16.908579,1,14016,1,0,0,0,1,0,0,0,0,0,0,0,0,0
2139,12,1fc1f7c0eea9b018,2.5581,19.660472,1,13744,2,1,0,0,1,0,0,0,0,0,0,0,0,1
2140,12,6b4c103366534787,1.921805,20.0,1,13876,1,1,0,0,1,0,0,0,0,0,0,0,0,1
2141,12,2ac01b460a9fb2d1,1.445225,20.0,1,13795,1,1,0,0,1,0,0,0,0,0,0,0,0,1
2142,12,be65dd4e30de95ed,2.129397,17.504922,0,13793,1,0,0,0,0,0,0,0,0,0,0,0,0,0
2143,12,01fd73c5ec40b8f5,1.599736,20.0,1,13801,1,1,0,0,1,0,0,0,0,0,0,0,0,1
2144,12,208fcfb3800a27c3,1.203024,20.0,1,13736,1,1,0,0,1,0,0,0,0,0,0,0,0,1
2145,12,fb4a956a68d20f66,0.903787,20.0,1,13792,1,1,0,0,1,0,0,0,0,0,0,0,0,0
2146,12,238d2c959efc4974,2.766288,20.0,1,13901,2,0,0,0,0,0,0,0,0,0,0,0,0,2
2147,12,dc498bc00718d94f,2.078209,20.0,1,13815,1,1,0,0,1,0,0,0,0,0,0,0,0,0
2148,12,bdd45bc796f1d786,1.562843,20.0,1,13800,1,1,0,0,1,0,0,0,0,0,0,0,0,1
2149,12,df104888f2f6eca1,2.217759,16.547209,0,13758,1,0,0,0,0,0,0,0,0,0,0,0,0,0
2150,12,934693e62bbe62b9,1.666119,19.388989,1,13586,1,1,0,0,1,0,0,0,0,0,0,0,0,1
2151,12,3854cc71182b2b21,2.297096,20.0,1,13732,2,1,0,0,1,0,0,0,0,0,0,0,0,1
2152,12,cd5d537970712c70,1.725722,19.662393,1,13718,1,1,0,0,1,0,0,0,0,0,0,0,0,0
2153,12,e93208213ce684ad,2.340124,18.250465,1,13802,1,0,0,0,0,0,0,0,0,0,0,0,0,1
2154,12,f416bec425c5f2f4,1.758048,20.0,1,13714,1,1,0,0,1,0,0,0,0,0,0,0,0,1
2155,12,914cbe8d38a61aa6,1.322077,20.0,1,13734,1,1,0,0,1,0,0,0,0,0,0,0,0,1
2156,12,1302bfc3c8b28812,2.03688,16.906467,0,13552,1,0,0,0,0,0,0,0,0,0,0,0,0,0
2157,12,baff74c7fb1631bb,2.573885,19.658886,1,13645,2,1,0,0,1,0,0,0,0,0,0,0,0,1
2158,12,60088fbfee3e6905,1.935599,20.0,1,13574,1,1,0,0,1,0,0,0,0,0,0,0,0,1
2159,12,b892c11b0181a7f8,1.454143,20.0,1,13610,1,1,0,0,1,0,0,0,0,0,0,0,0,1
2160,12,6e7204e34c7241fe,2.136096,17.4997,0,13522,1,0,0,0,0,0,0,0,0,0,0,0,0,0
2161,12,0f46b37f71c42729,1.604769,20.0,1,13583,1,1,0,0,1,0,0,0,0,0,0,0,0,1
2162,12,1ee4a057d32eca18,1.206809,18.599417,1,13352,1,1,0,0,1,0,0,0,0,0,0,0,0,0
2163,12,42b45be1bcdc983b,1.950284,17.451891,1,13601,1,0,0,0,0,0,0,0,0,0,0,0,0,1
2164,12,db54b2fda90ab011,1.465176,20.0,1,13650,1,1,0,0,1,0,0,0,0,0,0,0,0,1
2165,12,2a054642e13bf486,3.190134,18.572407,1,13397,2,0,0,0,0,0,0,0,0,0,0,0,0,1
2166,12,731d6d699dedfc7d,2.396628,17.4316,1,13724,1,1,0,0,1,0,0,0,0,0,0,0,0,0
2167,12,740961c33dbc06f4,1.800497,20.0,1,13690,1,1,0,0,1,0,0,0,0,0,0,0,0,1
2168,12,525b7977e04d9a32,2.3963,15.065368,0,13709,1,0,0,0,0,0,0,0,0,0,0,0,0,0
2169,12,bcc9854d01a15ce0,0.757901,14.809873,1,13350,0,1,0,0,1,0,0,0,0,0,0,0,0,0
2170,12,506670075915e7f5,1.613036,18.083793,1,13473,2,1,0,0,1,0,0,0,0,0,0,0,0,1
2171,12,c178160524d28ab4,2.255467,17.064522,1,13325,1,0,0,0,0,0,0,0,0,0,0,0,0,1
2172,12,34e815d9da5cb94d,1.696143,16.313266,1,13288,1,1,0,0,1,0,0,0,0,0,0,0,0,0
2173,12,3f41fa3c34a41848,1.274249,19.213236,1,13245,1,1,0,0,1,0,0,0,0,0,0,0,0,1
2174,12,7803ff4bbe6df398,2.000949,14.434186,0,13353,1,0,0,0,0,0,0,0,0,0,0,0,0,0
2175,12,035e83338ff6365d,1.503238,17.801553,1,13261,1,1,0,0,1,0,0,0,0,0,0,0,0,1
2176,12,68e66662f2518cb0,1.130457,16.867523,1,13526,1,1,0,0,1,0,0,0,0,0,0,0,0,0
2177,12,a90480009d2ea223,1.892923,16.150784,1,13313,1,0,0,0,0,0,0,0,0,0,0,0,0,1
2178,12,fca8f58bb0588f1c,1.422082,19.09117,1,13379,1,1,0,0,1,0,0,0,0,0,0,0,0,1
2179,12,cfb06e35ccfe31fa,1.069426,17.837333,1,13431,1,1,0,0,1,0,0,0,0,0,0,0,0,0
2180,12,6ab9814d1e629e92,1.847073,16.879366,1,13388,1,0,0,0,0,0,0,0,0,0,0,0,0,1
2181,12,0e7c314b65536c42,1.387637,16.159681,1,13441,1,1,0,0,1,0,0,0,0,0,0,0,0,0
2182,12,8a3de91e21510cdf,1.04248,19.097854,1,13321,1,1,0,0,1,0,0,0,0,0,0,0,0,1
2183,12,167f84c5dbfa515e,0.78396,14.361858,0,13255,1,1,0,0,0,0,0,0,0,0,0,0,0,0
2184,12,67a12a636db72dd6,1.632613,17.747216,1,13342,1,0,0,0,1,0,0,0,0,0,0,0,0,1
2185,12,60dc085c9bdd05e4,1.226521,16.811665,1,13422,1,1,0,0,1,0,0,0,0,0,0,0,0,0
2186,12,855237d3b27a9a4f,0.922361,19.603615,1,13358,1,1,0,0,1,0,0,0,0,0,0,0,0,1
2187,12,c4cafe876f3375fd,0.692936,18.206307,1,13340,1,1,0,0,0,0,0,0,0,0,0,0,0,1
2188,12,e22bb81afaabce90,1.56423,17.156563,1,13364,1,0,0,0,1,0,0,0,0,0,0,0,0,0
2189,12,86d09df9c5563c46,1.175148,19.846773,1,13466,1,1,0,0,1,0,0,0,0,0,0,0,0,1
2190,12,08632e5e45220f6f,0.883728,18.405558,1,13310,1,1,0,0,1,0,0,0,0,0,0,0,0,0
2191,12,26fbe292279e0ddb,1.707565,17.306252,1,13466,1,0,0,0,0,0,0,0,0,0,0,0,0,1
2192,12,71cc91bc99221901,1.28283,16.480385,1,13365,1,1,0,0,1,0,0,0,0,0,0,0,0,0
2193,12,d08c0bd104cbf415,0.964706,19.354488,1,13371,1,1,0,0,1,0,0,0,0,0,0,0,0,1
2194,12,312e68e8dc0f9bf6,0.724748,14.540303,0,13454,1,1,0,0,0,0,0,0,0,0,0,0,0,0
2195,12,5a71db88453b349a,1.588129,17.881275,1,13461,1,0,0,0,1,0,0,0,0,0,0,0,0,1
2196,12,73322fd6fc50ed24,2.236755,20.0,1,13794,2,1,0,0,1,0,0,0,0,0,0,0,0,1
2197,12,d9561df4314c8bc9,0.637921,18.814992,1,14703,0,1,0,0,1,0,0,0,0,0,0,0,0,0
2198,12,026885893b5f1a25,2.566553,17.613844,1,14878,2,0,0,0,0,0,0,0,0,0,0,0,0,1
2199,12,c514912a2dcbbcb9,1.928156,16.711467,1,14465,1,1,0,0,1,0,0,0,0,0,0,0,0,0
2200,12,a14ab18374f99279,1.45,19.528265,1,14495,1,1,0,0,1,0,0,0,0,0,0,0,0,1
2201,12,9b530a9b785b955c,1.089331,14.670856,0,15886,1,1,0,0,0,0,0,0,0,0,0,0,0,0
2202,12,18f457ef6a00a28a,2.90568,17.979354,1,15810,2,0,0,0,1,0,0,0,0,0,0,0,0,1
2203,12,a38050aef2fdfe5c,2.182929,20.0,1,16063,1,1,0,0,1,0,0,0,0,0,0,0,0,1
2204,12,4d412a4789f5986f,1.641594,20.0,1,15791,1,1,0,0,1,0,0,0,0,0,0,0,0,1
2205,12,f140a3a5ab1b3ae1,1.233268,16.791399,0,15854,1,1,0,0,0,0,0,0,0,0,0,0,0,0
2206,12,51810fca3be873b5,1.970162,19.572439,1,15970,1,0,0,0,1,0,0,0,0,0,0,0,0,1
2207,12,64d8ff1d0ec4d27a,2.52574,20.0,1,16287,2,1,0,0,1,0,0,0,0,0,0,0,0,1
2208,12,8a712e89dee9ed50,1.897494,20.0,1,16124,1,1,0,0,1,0,0,0,0,0,0,0,0,1
2209,12,9d0e18a1e7b5a902,2.46917,20.0,1,16262,2,1,0,0,1,0,0,0,0,0,0,0,0,1
2210,12,a220b2f194e8e17e,2.898648,18.346358,0,16053,1,0,0,0,0,0,0,0,0,0,0,0,0,0
2211,12,3a54f87fc5d887ef,2.179825,20.0,1,16054,1,1,0,0,1,0,0,0,0,0,0,0,0,1
2212,12,8f2673b6e0594d64,2.681274,20.0,1,16341,2,1,0,0,1,0,0,0,0,0,0,0,0,1
2213,12,f345a065bf720e01,2.014341,20.0,1,14679,1,1,0,0,1,0,0,0,0,0,0,0,0,1
2214,12,edc7c2bb985f3641,3.603114,20.0,1,13195,2,0,0,0,0,0,0,0,0,0,0,0,0,1
2215,12,1f39122c6cc21a0b,2.706885,20.0,1,13563,1,1,0,0,1,0,0,0,0,0,0,0,0,1
2216,12,29f82d491c4b1418,2.033582,20.0,1,13712,1,1,0,0,1,0,0,0,0,0,0,0,0,0
2217,12,cf1e4f229c6777b5,2.571407,19.1159,1,13854,1,0,0,0,0,0,0,0,0,0,0,0,0,1
2218,12,d5ec8ef48dec96f5,2.977885,20.0,1,13518,2,1,0,0,1,0,0,0,0,0,0,0,0,1
2219,12,51ae9ddc4d3ace86,2.237174,19.508109,1,13759,1,1,0,0,1,0,0,0,0,0,0,0,0,0
2220,12,41f9d9c4c4dd77b2,1.680705,18.134557,1,13820,1,1,0,0,0,0,0,0,0,0,0,0,0,1
2221,12,d0c311d857fc65c9,2.308065,17.117947,1,13610,1,0,0,0,1,0,0,0,0,0,0,0,0,0
2222,12,60810bb282dabea2,1.733963,19.817763,1,13738,1,1,0,0,1,0,0,0,0,0,0,0,0,1
2223,12,ac4f71a0ba2540cf,1.302661,20.0,1,13734,1,1,0,0,1,0,0,0,0,0,0,0,0,1
2224,12,ef14f86184452beb,0.978641,16.412108,0,13603,1,1,0,0,0,0,0,0,0,0,0,0,0,0
2225,12,74bfce39db61dd9c,1.780102,19.303143,1,13637,1,0,0,0,1,0,0,0,0,0,0,0,0,1
2226,12,61ef57200da6a91d,1.337324,20.0,1,13734,1,1,0,0,1,0,0,0,0,0,0,0,0,1
2227,12,970588b5348596d4,1.004682,19.600503,1,13743,1,1,0,0,1,0,0,0,0,0,0,0,0,0
2228,12,8cc0fdd2695fe3b1,1.799686,20.0,1,13775,2,1,0,0,1,0,0,0,0,0,0,0,0,1
2229,12,1f012cdf92b23e1a,1.352036,19.78189,1,13516,1,1,0,0,0,0,0,0,0,0,0,0,0,1
2230,12,5567f6dd3ae7ce76,2.059388,20.0,1,13270,1,0,0,0,1,0,0,0,0,0,0,0,0,1
2231,12,30ffe72018c4b5d0,1.547141,19.870707,1,13311,1,1,0,0,1,0,0,0,0,0,0,0,0,0
2232,12,e2ba7a32659ad80f,2.207623,18.423556,1,13027,1,0,0,0,0,0,0,0,0,0,0,0,0,1
2233,12,c78ff72558b80a63,1.658504,17.319774,1,13037,1,1,0,0,1,0,0,0,0,0,0,0,0,0
2234,12,b58f8b6a78f18afb,2.289626,16.490543,1,13081,1,0,0,0,0,0,0,0,0,0,0,0,0,1
2235,12,b30c8d44ae1900d8,1.721831,15.881625,1,12842,1,1,0,0,1,0,0,0,0,0,0,0,0,0
2236,12,dff65b16a198b458,2.337201,15.410116,1,12824,1,0,0,0,0,0,0,0,0,0,0,0,0,1
2237,12,a022aa907a73d24f,1.755852,15.055888,1,13063,1,1,0,0,1,0,0,0,0,0,0,0,0,0
2238,12,79a9c06978b6976b,1.319106,18.268615,1,12997,1,1,0,0,1,0,0,0,0,0,0,0,0,1
2239,12,83f8135790c82eab,2.036137,13.738259,0,12909,1,0,0,0,0,0,0,0,0,0,0,0,0,0
2240,12,c3c15221622a8499,1.529673,17.278729,1,12870,1,1,0,0,1,0,0,0,0,0,0,0,0,1
2241,12,acbc8d40a688ca81,1.149186,19.938553,1,12757,1,1,0,0,1,0,0,0,0,0,0,0,0,1
2242,12,0711327c2d3aba00,1.908355,14.994076,0,12492,1,0,0,0,0,0,0,0,0,0,0,0,0,0
2243,12,9eb19790c48267a5,1.433676,14.743333,1,13434,1,1,0,0,1,0,0,0,0,0,0,0,0,0
2244,12,03f53ac9af4576e1,2.12072,14.55496,1,13512,1,0,0,0,0,0,0,0,0,0,0,0,0,1
2245,12,9c1d60eb6bb51682,1.593218,17.892286,1,13245,1,1,0,0,1,0,0,0,0,0,0,0,0,1
2246,12,fdce3a9c1659ab92,2.242273,13.455254,0,13315,1,0,0,0,0,0,0,0,0,0,0,0,0,0
2247,12,ba4181c05282c159,1.684536,17.066118,1,13123,1,1,0,0,1,0,0,0,0,0,0,0,0,1
2248,12,509a177157437b4c,2.309182,12.821137,0,13024,1,0,0,0,0,0,0,0,0,0,0,0,0,0
2249,12,dd05a46802e2b8cc,1.736538,16.602681,1,12841,1,1,0,0,1,0,0,0,0,0,0,0,0,1
2250,12,a3b73c049d962aba,1.304596,15.951818,1,12942,1,1,0,0,1,0,0,0,0,0,0,0,0,0
2251,12,c59767823f979783,2.023748,15.462849,1,12797,1,0,0,0,0,0,0,0,0,0,0,0,0,1
2252,12,0e906495139299c4,1.520366,18.57435,1,12924,1,1,0,0,1,0,0,0,0,0,0,0,0,1
2253,12,5f9f52d7217194ba,2.187487,13.968176,0,12804,1,0,0,0,0,0,0,0,0,0,0,0,0,0
2254,12,a5c9ee1c2f8da7f3,1.643377,17.451457,1,12338,1,1,0,0,1,0,0,0,0,0,0,0,0,1
2255,12,0a415431177124b2,1.234608,16.589472,1,12301,1,1,0,0,1,0,0,0,0,0,0,0,0,0
2256,12,6e4db7732c2b0420,1.972593,15.956021,1,11989,1,0,0,0,0,0,0,0,0,0,0,0,0,1
2257,12,f33c166d0a828441,1.481936,15.466007,1,12112,1,1,0,0,1,0,0,0,0,0,0,0,0,0
2258,12,a622a0f536635ed4,1.113323,11.619033,0,12413,0,0,0,0,0,0,0,0,0,0,0,0,0,0
2259,12,5175897adbd43335,0.836398,15.686634,1,12428,1,1,0,0,1,0,0,0,0,0,0,0,0,1
2260,12,3165de6716fb4c8a,1.673134,11.796572,0,12334,1,0,0,0,0,0,0,0,0,0,0,0,0,0
2261,12,5de6506e91db9d27,1.256963,15.820013,1,12359,1,1,0,0,1,0,0,0,0,0,0,0,0,1
2262,13,1fd48474a6be9a50,1.987962,11.884984,0,14026,1,0,0,0,0,0,0,0,0,0,0,0,0,0
2263,13,530e0ea8d92a6d51,1.494976,15.898681,1,14087,1,1,0,0,1,0,0,0,0,0,0,0,0,1
2264,13,9d91a06f605c6d81,1.12312,15.422929,1,14106,1,1,0,0,1,0,0,0,0,0,0,0,0,0
2265,13,1bedfd585b1aa4b9,0.843758,15.065515,1,14375,1,1,0,0,0,0,0,0,0,0,0,0,0,1
2266,13,26a9669cba5af3ef,1.677537,18.275847,1,14308,1,0,0,0,1,0,0,0,0,0,0,0,0,1
2267,13,4f55c5e4b2d3c044,2.305682,20.0,1,14121,2,1,0,0,1,0,0,0,0,0,0,0,0,1
2268,13,429a6cfc04b09590,1.732173,19.033512,1,14208,1,1,0,0,1,0,0,0,0,0,0,0,0,0
2269,13,bfd1095e82cc3b3f,1.301317,14.299166,0,13979,0,0,0,0,0,0,0,0,0,0,0,0,0,0
2270,13,e8a24dfe484cb614,2.022759,17.71418,1,13941,2,1,0,0,1,0,0,0,0,0,0,0,0,1
2271,13,a8eb40163c807ab7,1.519623,20.0,1,14083,1,1,0,0,1,0,0,0,0,0,0,0,0,1
2272,13,b734eb68cadec0ba,2.18529,15.224856,0,13737,1,0,0,0,0,0,0,0,0,0,0,0,0,0
2273,13,03ed9d518f369873,1.641726,18.395554,1,14064,1,1,0,0,1,0,0,0,0,0,0,0,0,1
2274,13,cd43fcebe8f5e6e6,1.234602,17.31422,1,14007,1,1,0,0,1,0,0,0,0,0,0,0,0,0
2275,13,338e1a6d9a9334b5,1.971163,16.486371,1,14129,1,0,0,0,0,0,0,0,0,0,0,0,0,1
2276,13,f71f04d2a5841727,1.480861,15.864439,1,14044,1,1,0,0,1,0,0,0,0,0,0,0,0,0
2277,13,dab4ff966e399802,0.069478,18.891287,1,13789,0,1,0,0,1,0,0,0,0,0,0,0,0,1
2278,13,339e340883d8ecaf,0.052196,17.671163,1,13954,1,1,0,0,1,0,0,0,0,0,0,0,0,0
2279,13,0f3eea50b2030a66,1.082867,16.754528,1,14030,1,0,0,0,0,0,0,0,0,0,0,0,0,1
2280,13,157d3461e0a7f335,0.813517,16.065895,1,13910,1,1,0,0,1,0,0,0,0,0,0,0,0,0
2281,13,f1991b9aba19249f,0.611777,19.042786,1,14036,1,1,0,0,1,0,0,0,0,0,0,0,0,1
2282,13,f0cae4ef532c2023,0.459605,17.784978,1,14077,1,1,0,0,1,0,0,0,0,0,0,0,0,0
2283,13,7630abeab872e6cf,0.345284,16.840033,1,14036,1,1,0,0,0,0,0,0,0,0,0,0,0,1
2284,13,253c29c9cd31f14d,1.303809,19.624948,1,14018,1,0,0,0,1,0,0,0,0,0,0,0,0,1
2285,13,1bcd43f2b236da2a,2.023156,18.222335,1,13939,2,1,0,0,1,0,0,0,0,0,0,0,0,0
2286,13,190012cb2cd5517d,0.476268,20.0,1,13932,0,1,0,0,1,0,0,0,0,0,0,0,0,1
2287,13,752285f96761bfac,2.445109,15.511656,0,13834,2,0,0,0,0,0,0,0,0,0,0,0,0,0
2288,13,8ce008444b943984,1.838757,18.62599,1,13869,1,1,0,0,1,0,0,0,0,0,0,0,0,1
2289,13,815cbd6616cc478f,1.381389,17.471854,1,13981,1,1,0,0,1,0,0,0,0,0,0,0,0,0
2290,13,ea182be542b69bac,1.037786,16.604795,1,14092,1,1,0,0,0,0,0,0,0,0,0,0,0,1
2291,13,98558a7fe6a345e2,1.824581,19.448046,1,13860,1,0,0,0,1,0,0,0,0,0,0,0,0,1
2292,13,ea40987dff05550d,1.370739,18.089435,1,14069,1,1,0,0,1,0,0,0,0,0,0,0,0,0
2293,13,bd84d51435d6859a,1.029785,20.0,1,14018,1,1,0,0,1,0,0,0,0,0,0,0,0,1
2294,13,b3773e59edaae1a5,0.773639,15.436648,0,14043,1,1,0,0,0,0,0,0,0,0,0,0,0,0
2295,13,5dadae3439224eef,2.670089,18.569582,1,14066,2,0,0,0,1,0,0,0,0,0,0,0,0,1
2296,13,bf32681d9402a0dc,2.005938,20.0,1,13901,1,1,0,0,1,0,0,0,0,0,0,0,0,1
2297,13,f7bd4e508f328e99,1.506986,20.0,1,13956,1,1,0,0,1,0,0,0,0,0,0,0,0,1
2298,13,7c7cf98600a1ae76,1.133275,20.0,1,13933,1,1,0,0,1,0,0,0,0,0,0,0,0,1
2299,13,4330f499d34eea83,0.851387,18.034551,0,13999,1,1,0,0,0,0,0,0,0,0,0,0,0,0
2300,13,574139667abb0c89,1.683269,20.0,1,14046,1,0,0,0,1,0,0,0,0,0,0,0,0,1
2301,13,92baeeda50fe0e26,2.30823,20.0,1,14059,2,1,0,0,1,0,0,0,0,0,0,0,0,1
2302,13,80a0120ed18f2275,1.735822,20.0,1,14056,1,1,0,0,1,0,0,0,0,0,0,0,0,1
2303,13,8dedeb0367e4f2e3,1.304058,20.0,1,13890,1,1,0,0,1,0,0,0,0,0,0,0,0,1
2304,13,cce480df118a4b64,0.97969,18.64757,0,14047,1,1,0,0,0,0,0,0,0,0,0,0,0,0
2305,13,74af5b71dff1f83a,1.780891,20.0,1,13890,1,0,0,0,1,0,0,0,0,0,0,0,0,1
2306,13,5a3027c7f942d721,1.337917,20.0,1,13815,1,1,0,0,1,0,0,0,0,0,0,0,0,1
2307,13,a7f28a02bc25ffcb,2.048781,20.0,1,13897,2,1,0,0,1,0,0,0,0,0,0,0,0,0
2308,13,d5293be15af3da23,1.539172,20.0,1,14080,1,1,0,0,1,0,0,0,0,0,0,0,0,1
2309,13,5fbd520df55a8630,1.157479,20.0,1,13836,1,1,0,0,1,0,0,0,0,0,0,0,0,1
2310,13,3bdfbc512c496928,1.913224,17.882173,0,13976,1,0,0,0,0,0,0,0,0,0,0,0,0,0
2311,13,1951e40916662b8e,2.480987,20.0,1,13992,2,1,0,0,1,0,0,0,0,0,0,0,0,1
2312,13,a0ba5e1a0f5a1c2d,1.865738,20.0,1,13809,1,1,0,0,1,0,0,0,0,0,0,0,0,1
2313,13,c597591453fa9ebc,1.401659,20.0,1,14038,1,1,0,0,0,0,0,0,0,0,0,0,0,1
2314,13,cf0611fcffeec57a,2.096667,20.0,1,13994,1,0,0,0,1,0,0,0,0,0,0,0,0,1
2315,13,ca931cfc3949c763,1.575148,20.0,1,13918,1,1,0,0,1,0,0,0,0,0,0,0,0,0
2316,13,b4e5a7941d20a8af,1.184534,20.0,1,13972,1,1,0,0,1,0,0,0,0,0,0,0,0,1
2317,13,eae0499212ad45b4,1.933549,20.0,1,13949,2,1,0,0,1,0,0,0,0,0,0,0,0,1
2318,13,044c207ce1d7c610,1.452603,20.0,1,14079,1,1,0,0,0,0,0,0,0,0,0,0,0,1
2319,13,5f8c4e99abae2b41,2.136529,20.0,1,13994,1,0,0,0,1,0,0,0,0,0,0,0,0,1
2320,13,262cc59f57771fd3,1.605094,20.0,1,14272,1,1,0,0,1,0,0,0,0,0,0,0,0,0
2321,13,afe7df028eb314b2,2.249501,19.008743,1,13926,2,1,0,0,0,0,0,0,0,0,0,0,0,1
2322,13,84dc78341735dfe9,2.733619,20.0,1,14097,1,0,0,0,1,0,0,0,0,0,0,0,0,1
2323,13,ec35adbc9bd2a253,2.055721,20.0,1,13951,1,1,0,0,1,0,0,0,0,0,0,0,0,1
2324,13,5ddcfab55913ee74,1.544386,20.0,1,14144,1,1,0,0,1,0,0,0,0,0,0,0,0,1
2325,13,313cc2c20162c678,2.203893,18.170034,0,13964,1,0,0,0,0,0,0,0,0,0,0,0,0,0
2326,13,6a6afdc499c2b9d4,1.657359,20.0,1,14091,1,1,0,0,1,0,0,0,0,0,0,0,0,1
2327,13,7521c447915156b3,1.245112,20.0,1,14084,1,1,0,0,1,0,0,0,0,0,0,0,0,1
2328,13,90428e5d64d7b1fe,1.979059,20.0,1,14071,2,1,0,0,1,0,0,0,0,0,0,0,0,1
2329,13,ac71c198b11cd18d,2.530447,20.0,1,14152,1,0,0,0,0,0,0,0,0,0,0,0,0,1
2330,13,0590b15e4575ce7b,1.902932,19.557085,1,14000,1,1,0,0,1,0,0,0,0,0,0,0,0,0
2331,13,8aff38744727ae3b,1.429602,20.0,1,14134,1,1,0,0,1,0,0,0,0,0,0,0,0,1
2332,13,e1342d5b9e0cbffe,2.11766,19.743827,1,14279,1,0,0,0,0,0,0,0,0,0,0,0,0,1
2333,13,faf46b990c8af894,1.59251,18.328141,1,14085,1,1,0,0,1,0,0,0,0,0,0,0,0,0
2334,13,b10a7ae98c7ccc2c,2.240047,20.0,1,14038,2,1,0,0,1,0,0,0,0,0,0,0,0,1
2335,13,90bcce8be493b476,2.726517,19.050217,1,14236,1,0,0,0,0,0,0,0,0,0,0,0,0,1
2336,13,60a1d1ce04cffebb,2.04833,20.0,1,14209,1,1,0,0,1,0,0,0,0,0,0,0,0,1
2337,13,9ef90dc35f553699,1.540373,19.475397,1,14091,1,1,0,0,0,0,0,0,0,0,0,0,0,1
2338,13,988c6246d9d7d6eb,2.200878,18.109982,1,14122,1,0,0,0,1,0,0,0,0,0,0,0,0,0
2339,13,e9ea508e2f50783f,1.653438,20.0,1,14203,1,1,0,0,1,0,0,0,0,0,0,0,0,1
2340,13,6803561a8022a4a0,3.33171,18.944202,1,14341,2,0,0,0,0,0,0,0,0,0,0,0,0,1
2341,13,d82e2a1b722eddbc,2.502989,20.0,1,14025,1,1,0,0,1,0,0,0,0,0,0,0,0,1
2342,13,29c3b3aa3b1cada4,2.924055,19.397919,1,14195,1,0,0,0,0,0,0,0,0,0,0,0,0,1
2343,13,bd0d0b43c6e3178c,2.196733,18.051776,1,14313,1,1,0,0,1,0,0,0,0,0,0,0,0,0
2344,13,addb792200e55a76,2.696125,20.0,1,14243,2,1,0,0,1,0,0,0,0,0,0,0,0,1
2345,13,f9d203ddd67143d1,3.069152,18.906921,1,14253,1,0,0,0,0,0,0,0,0,0,0,0,0,1
2346,13,9b668065475ae05a,2.305739,17.682907,1,14488,1,1,0,0,1,0,0,0,0,0,0,0,0,0
2347,13,b1553a2c9d11491b,2.778099,16.7783,1,14431,1,0,0,0,0,0,0,0,0,0,0,0,0,1
2348,13,b2685704ce56dbf8,2.087082,16.083754,1,14447,1,1,0,0,1,0,0,0,0,0,0,0,0,0
2349,13,cfafef027785f148,2.6116,15.561968,1,14395,1,0,0,0,0,0,0,0,0,0,0,0,0,1
2350,13,64e4c480cb1b181e,1.961997,15.169969,1,14604,1,1,0,0,1,0,0,0,0,0,0,0,0,0
2351,13,7ee1e2f37de87e6a,1.47545,18.369036,1,14292,1,1,0,0,1,0,0,0,0,0,0,0,0,1
2352,13,bb335eb9a9a763a4,2.152104,17.278815,1,14305,1,0,0,0,0,0,0,0,0,0,0,0,0,1
2353,13,0fa3f8bff32213c1,1.616795,16.459772,1,14326,1,1,0,0,1,0,0,0,0,0,0,0,0,0
2354,13,24c2fb866adefc4a,1.215853,19.338987,1,14027,1,1,0,0,1,0,0,0,0,0,0,0,0,1
2355,13,dd0bd3e67ab11c31,0.913425,20.0,1,14222,1,1,0,0,1,0,0,0,0,0,0,0,0,1
2356,13,c6c9b0f8b4506f3e,0.686222,19.620734,1,14164,1,1,0,0,1,0,0,0,0,0,0,0,0,0
2357,13,aff6f4a1abb08a4b,0.515533,20.0,1,14290,1,1,0,0,1,0,0,0,0,0,0,0,0,1
2358,13,723fa851fc413d56,1.431839,16.317215,0,14117,1,0,0,0,0,0,0,0,0,0,0,0,0,0
2359,13,471a06b83de448bc,1.075687,19.216203,1,14001,1,1,0,0,1,0,0,0,0,0,0,0,0,1
2360,13,50c3eb0a0766bc4d,1.851777,20.0,1,14108,2,1,0,0,1,0,0,0,0,0,0,0,0,1
2361,13,84246d0ce84f795a,1.392562,19.569173,1,14124,1,1,0,0,1,0,0,0,0,0,0,0,0,0
2362,13,81cb80826c9cde6d,1.04618,20.0,1,14072,1,1,0,0,1,0,0,0,0,0,0,0,0,1
2363,13,df7a4b8304b845f9,1.829609,19.75065,1,14187,1,0,0,0,0,0,0,0,0,0,0,0,0,1
2364,13,511afb63746af33a,1.374517,18.316769,1,14136,1,1,0,0,1,0,0,0,0,0,0,0,0,0
2365,13,e90078e6257eef07,1.033656,20.0,1,13983,1,1,0,0,1,0,0,0,0,0,0,0,0,1
2366,13,87118e9185450adf,0.776547,15.577787,0,14010,1,1,0,0,0,0,0,0,0,0,0,0,0,0
2367,13,99660e4c5f39c7d5,1.627044,18.660698,1,14086,1,0,0,0,1,0,0,0,0,0,0,0,0,1
2368,13,855c59113a6b9412,1.223561,17.513613,1,13483,1,1,0,0,1,0,0,0,0,0,0,0,0,0
2369,13,e9e6bd18f5733516,0.919215,16.636167,1,13291,1,1,0,0,0,0,0,0,0,0,0,0,0,1
2370,13,89dc5f9c34aa8a37,1.734225,15.976975,1,13150,1,0,0,0,1,0,0,0,0,0,0,0,0,0
2371,13,1f2a8662438c87e0,1.302859,18.960593,1,13594,1,1,0,0,1,0,0,0,0,0,0,0,0,1
2372,13,44248020b30f5e37,0.979768,17.739138,1,13639,1,1,0,0,1,0,0,0,0,0,0,0,0,0
2373,13,ccfbb9ca61e901bb,0.736063,20.0,1,13554,1,1,0,0,1,0,0,0,0,0,0,0,0,1
2374,13,c1727fc601bf3708,1.59663,15.238942,0,13483,1,0,0,0,0,0,0,0,0,0,0,0,0,0
2375,13,f82a4a6b477e9ab2,1.200689,18.420905,1,13377,1,1,0,0,1,0,0,0,0,0,0,0,0,1
2376,13,d0858715cfb5a9a5,0.902033,20.0,1,13396,1,1,0,0,1,0,0,0,0,0,0,0,0,1
2377,13,73d3c0fa442c8739,0.677663,19.102572,1,13679,1,1,0,0,1,0,0,0,0,0,0,0,0,0
2378,13,4cbc716514f0fd8f,0.509103,20.0,1,13474,1,1,0,0,1,0,0,0,0,0,0,0,0,1
2379,13,19cdd5bbc16a0367,0.382853,20.0,1,13671,1,1,0,0,1,0,0,0,0,0,0,0,0,1
2380,13,888683a4ba7db3b8,0.287623,17.26813,0,13813,1,1,0,0,0,0,0,0,0,0,0,0,0,0
2381,13,51d268e27a0c77c6,2.303387,20.0,1,13704,2,0,0,0,1,0,0,0,0,0,0,0,0,2
2382,13,0da9cb9f2cef4df0,1.73218,20.0,1,13548,1,1,0,0,1,0,0,0,0,0,0,0,0,0
2383,13,b1c4b74d235d380a,1.301322,20.0,1,13795,1,1,0,0,1,0,0,0,0,0,0,0,0,1
2384,13,35bc761428654bf1,2.021288,17.127179,0,13859,1,0,0,0,0,0,0,0,0,0,0,0,0,0
2385,13,40a6f885964371d2,1.518518,19.824698,1,13839,1,1,0,0,1,0,0,0,0,0,0,0,0,1
2386,13,004a0f1c3d9c7ec1,1.141947,18.388957,1,13594,1,1,0,0,1,0,0,0,0,0,0,0,0,0
2387,13,57a8215a47cd65c9,2.945209,20.0,1,13940,2,0,0,0,0,0,0,0,0,0,0,0,0,2
2388,13,e5307e1506744cf0,2.212625,19.084541,1,13875,1,1,0,0,1,0,0,0,0,0,0,0,0,0
2389,13,af6cf7ba77acb31c,1.663926,20.0,1,13810,1,1,0,0,1,0,0,0,0,0,0,0,0,1
2390,13,e75ffd3b79cbc3fe,1.250045,20.0,1,13931,1,1,0,0,1,0,0,0,0,0,0,0,0,1
2391,13,618037fe03149b0f,0.939112,20.0,1,13741,1,1,0,0,1,0,0,0,0,0,0,0,0,0
2392,13,c7c8b9e76ac6f376,0.70552,19.056105,1,14087,1,1,0,0,0,0,0,0,0,0,0,0,0,1
2393,13,b84ab68b218af8fe,1.574712,20.0,1,13677,1,0,0,0,1,0,0,0,0,0,0,0,0,1
2394,13,19c7606633ccb703,2.226675,20.0,1,13782,2,1,0,0,1,0,0,0,0,0,0,0,0,1
2395,13,7e4a31a5a8782e2f,1.672818,20.0,1,13790,1,1,0,0,1,0,0,0,0,0,0,0,0,0
2396,13,c0d75b6e2cb62c0b,1.257983,20.0,1,13870,1,1,0,0,1,0,0,0,0,0,0,0,0,1
2397,13,bf996fafa960607b,1.988729,16.937045,0,13950,1,0,0,0,0,0,0,0,0,0,0,0,0,0
2398,13,8000b8d1a6305cee,1.494058,19.681857,1,13863,1,1,0,0,1,0,0,0,0,0,0,0,0,1
2399,13,ecdf58baf0f6ee4e,1.12243,20.0,1,13879,1,1,0,0,1,0,0,0,0,0,0,0,0,1
2400,13,9c8bfb98c14d6ba9,0.844083,19.832249,1,13846,1,1,0,0,0,0,0,0,0,0,0,0,0,1
2401,13,dcf1ee1dec3cd8ef,2.721435,18.378072,1,13798,2,0,0,0,1,0,0,0,0,0,0,0,0,0
2402,13,f92777b7794fb720,2.044512,20.0,1,13984,1,1,0,0,1,0,0,0,0,0,0,0,0,1
2403,13,a4ac73f817464b9d,1.537502,19.095662,1,13885,1,1,0,0,1,0,0,0,0,0,0,0,0,0
2404,13,1b53ac7150e1a61c,2.198721,17.824702,1,14081,1,0,0,0,0,0,0,0,0,0,0,0,0,1
2405,13,6a60be2beec9faea,2.695471,20.0,1,14190,2,1,0,0,1,0,0,0,0,0,0,0,0,1
2406,13,b666151254508d0e,2.025006,20.0,1,14207,1,1,0,0,1,0,0,0,0,0,0,0,0,1
2407,13,ca25d431ed80dda5,1.522834,20.0,1,14141,1,1,0,0,1,0,0,0,0,0,0,0,0,1
2408,13,02bdd2d7d5015ced,2.187701,17.797037,0,14255,1,0,0,0,0,0,0,0,0,0,0,0,0,0
2409,13,663e30c8bbbdcf15,1.643538,20.0,1,14316,1,1,0,0,1,0,0,0,0,0,0,0,0,1
2410,13,88944a25d078a166,2.280115,20.0,1,14303,2,1,0,0,1,0,0,0,0,0,0,0,0,1
2411,13,955899c506057723,1.712965,20.0,1,14159,1,1,0,0,1,0,0,0,0,0,0,0,0,1
2412,13,065cf94428147bfa,1.286886,20.0,1,14211,1,1,0,0,0,0,0,0,0,0,0,0,0,1
2413,13,004be452ed84eaaa,2.010443,19.452575,1,14137,1,0,0,0,1,0,0,0,0,0,0,0,0,0
2414,13,ed29b52fdfffef5d,2.556032,20.0,1,14120,2,1,0,0,1,0,0,0,0,0,0,0,0,1
2415,13,9466d34ff80a7f50,2.963905,19.698317,1,14230,1,0,0,0,0,0,0,0,0,0,0,0,0,1
2416,13,b0ffc4c8ed03a4ac,2.226671,20.0,1,14256,1,1,0,0,1,0,0,0,0,0,0,0,0,1
2417,13,8af50ae6b3278f7c,1.674488,20.0,1,13933,1,1,0,0,1,0,0,0,0,0,0,0,0,1
2418,13,2c6ee613a41c1c94,3.345287,20.0,1,14467,2,0,0,0,0,0,0,0,0,0,0,0,0,1
2419,13,66469db9a2776722,2.513189,19.255231,1,14222,1,1,0,0,1,0,0,0,0,0,0,0,0,0
2420,13,6780db5ee5c664cb,2.931718,17.94458,1,14285,1,0,0,0,0,0,0,0,0,0,0,0,0,1
2421,13,ab3dc6d2da30ef85,2.204694,16.975081,1,14229,1,1,0,0,1,0,0,0,0,0,0,0,0,0
2422,13,1bcead1ead7550a3,2.699958,16.231589,1,14111,1,0,0,0,0,0,0,0,0,0,0,0,0,1
2423,13,2ffbc17a66855630,2.028377,19.151875,1,14141,1,1,0,0,1,0,0,0,0,0,0,0,0,1
2424,13,af0639c70bcc98f9,2.569519,14.402483,0,14044,1,0,0,0,0,0,0,0,0,0,0,0,0,0
2425,13,e6114d523ca6cd06,1.930384,17.777736,1,13985,1,1,0,0,1,0,0,0,0,0,0,0,0,1
2426,13,93d2db69219a9416,3.537532,16.834593,1,14165,2,0,0,0,0,0,0,0,0,0,0,0,0,1
2427,13,bc8f013cef7b31d6,2.657615,19.604889,1,14164,1,1,0,0,1,0,0,0,0,0,0,0,0,1
2428,13,21a8398e5f9d829d,1.998565,20.0,1,14108,1,1,0,0,1,0,0,0,0,0,0,0,0,1
2429,13,de2edf6cf2984000,2.5451,16.305524,0,14251,1,0,0,0,0,0,0,0,0,0,0,0,0,0
2430,13,e02c9286f9f4ef90,1.912039,19.20742,1,14097,1,1,0,0,1,0,0,0,0,0,0,0,0,1
2431,13,f55af22ad41f95df,1.43788,14.444253,0,14129,1,1,0,0,0,0,0,0,0,0,0,0,0,0
2432,13,cc978a7f98cf7016,2.123879,17.809117,1,14183,1,0,0,0,1,0,0,0,0,0,0,0,0,1
2433,13,2bff42f374a83beb,1.595591,13.379323,0,14089,1,1,0,0,0,0,0,0,0,0,0,0,0,0
2434,13,7231c96a80d0d8cd,3.286015,17.009075,1,14194,2,0,0,0,1,0,0,0,0,0,0,0,0,1
2435,13,ab7294611b3be90d,2.47113,16.271568,1,14154,1,1,0,0,0,0,0,0,0,0,0,0,0,1
2436,13,4be0051077acec50,2.900121,15.703065,1,14073,1,0,0,0,1,0,0,0,0,0,0,0,0,0
2437,13,bcb6480adc97bee4,2.178752,18.754815,1,14301,1,1,0,0,1,0,0,0,0,0,0,0,0,1
2438,13,b2773cdfee038acb,1.638453,17.58439,1,14110,1,1,0,0,1,0,0,0,0,0,0,0,0,0
2439,13,4a255ef6e890d206,2.274562,16.689339,1,14080,1,0,0,0,0,0,0,0,0,0,0,0,0,1
2440,14,1fd48474a6be9a50,1.708793,16.016921,1,14071,1,1,0,0,1,0,0,0,0,0,0,0,0,0
2441,14,530e0ea8d92a6d51,2.327406,15.511759,1,13924,1,0,0,0,0,0,0,0,0,0,0,0,0,1
2442,14,9d91a06f605c6d81,1.750242,18.626067,1,14203,1,1,0,0,1,0,0,0,0,0,0,0,0,1
2443,14,1bedfd585b1aa4b9,1.314892,17.471912,1,14355,1,1,0,0,1,0,0,0,0,0,0,0,0,0
2444,14,26a9669cba5af3ef,0.987829,16.604839,1,14218,1,1,0,0,0,0,0,0,0,0,0,0,0,1
2445,14,4f55c5e4b2d3c044,1.787012,15.967577,1,14232,1,0,0,0,1,0,0,0,0,0,0,0,0,0
2446,14,429a6cfc04b09590,1.342515,18.953533,1,14072,1,1,0,0,1,0,0,0,0,0,0,0,0,1
2447,14,bfd1095e82cc3b3f,1.008582,14.239081,0,14030,1,1,0,0,0,0,0,0,0,0,0,0,0,0
2448,14,e8a24dfe484cb614,1.801363,17.654978,1,13927,1,0,0,0,1,0,0,0,0,0,0,0,0,1
2449,14,a8eb40163c807ab7,1.354651,16.757297,1,13872,1,1,0,0,1,0,0,0,0,0,0,0,0,0
2450,14,b734eb68cadec0ba,1.017698,19.54682,1,13923,1,1,0,0,1,0,0,0,0,0,0,0,0,1
2451,14,03ed9d518f369873,1.808212,14.684795,0,14034,1,0,0,0,0,0,0,0,0,0,0,0,0,0
2452,14,cd43fcebe8f5e6e6,1.359801,18.004179,1,14011,1,1,0,0,1,0,0,0,0,0,0,0,0,1
2453,14,338e1a6d9a9334b5,1.021568,17.004711,1,14044,1,1,0,0,1,0,0,0,0,0,0,0,0,0
2454,14,f71f04d2a5841727,0.767466,19.732693,1,14017,1,1,0,0,1,0,0,0,0,0,0,0,0,1
2455,14,dab4ff966e399802,0.576568,14.824434,0,14053,1,1,0,0,0,0,0,0,0,0,0,0,0,0
2456,14,339e340883d8ecaf,1.477738,18.109189,1,13796,1,0,0,0,1,0,0,0,0,0,0,0,0,1
2457,14,0f3eea50b2030a66,1.110169,17.083601,1,14042,1,1,0,0,1,0,0,0,0,0,0,0,0,0
2458,14,157d3461e0a7f335,0.834029,16.313116,1,13975,1,1,0,0,0,0,0,0,0,0,0,0,0,1
2459,14,f1991b9aba19249f,1.671352,19.228699,1,13949,1,0,0,0,1,0,0,0,0,0,0,0,0,1
2460,14,f0cae4ef532c2023,1.255624,17.924647,1,14074,1,1,0,0,1,0,0,0,0,0,0,0,0,0
2461,14,7630abeab872e6cf,0.943304,20.0,1,14096,1,1,0,0,1,0,0,0,0,0,0,0,0,1
2462,14,253c29c9cd31f14d,1.752322,15.343642,0,13982,1,0,0,0,0,0,0,0,0,0,0,0,0,0
2463,14,1bcd43f2b236da2a,1.317771,18.499641,1,13900,1,1,0,0,1,0,0,0,0,0,0,0,0,1
2464,14,190012cb2cd5517d,0.989992,17.376933,1,13923,1,1,0,0,1,0,0,0,0,0,0,0,0,0
2465,14,752285f96761bfac,0.743744,16.533485,1,13781,1,1,0,0,0,0,0,0,0,0,0,0,0,1
2466,14,8ce008444b943984,1.603457,15.913918,1,13976,1,0,0,0,1,0,0,0,0,0,0,0,0,0
2467,14,815cbd6616cc478f,1.204617,18.913221,1,13905,1,1,0,0,1,0,0,0,0,0,0,0,0,1
2468,14,ea182be542b69bac,0.904984,20.0,1,14100,1,1,0,0,1,0,0,0,0,0,0,0,0,1
2469,14,98558a7fe6a345e2,0.67988,19.380433,1,13912,1,1,0,0,1,0,0,0,0,0,0,0,0,0
2470,14,ea40987dff05550d,1.55543,18.054864,1,14054,1,0,0,0,0,0,0,0,0,0,0,0,0,1
2471,14,bd84d51435d6859a,2.21219,20.0,1,13967,2,1,0,0,1,0,0,0,0,0,0,0,0,1
2472,14,b3773e59edaae1a5,1.661936,20.0,1,14067,1,1,0,0,1,0,0,0,0,0,0,0,0,1
2473,14,ef03f0f6b8ee73d8,1.249799,20.0,1,14016,1,1,0,0,1,0,0,0,0,0,0,0,0,0
2474,14,5b5e71f08e7b859a,1.982581,18.734501,1,13865,1,0,0,0,0,0,0,0,0,0,0,0,0,1
2475,14,74c8ee075a14494b,1.489439,17.553375,1,14028,1,1,0,0,1,0,0,0,0,0,0,0,0,0
2476,14,2db1e7caff6c7193,1.11896,20.0,1,13990,1,1,0,0,1,0,0,0,0,0,0,0,0,1
2477,14,f8298b588a1d819b,0.841474,18.629741,1,13974,1,1,0,0,0,0,0,0,0,0,0,0,0,1
2478,14,c33422a156a65495,2.719474,20.0,1,13993,2,0,0,0,1,0,0,0,0,0,0,0,0,1
2479,14,67675728d602d91d,2.043039,19.220439,1,14163,1,1,0,0,1,0,0,0,0,0,0,0,0,0
2480,14,0fbb313bc3acb09f,1.536395,20.0,1,13967,1,1,0,0,1,0,0,0,0,0,0,0,0,1
2481,14,0433c0352374962e,1.154236,20.0,1,13973,1,1,0,0,1,0,0,0,0,0,0,0,0,1
2482,14,82139217e3d3c37e,2.954441,20.0,1,13896,2,0,0,0,0,0,0,0,0,0,0,0,0,1
2483,14,67c0f5ab729a15db,2.219561,20.0,1,13814,1,1,0,0,1,0,0,0,0,0,0,0,0,1
2484,14,5ca54fe8b527b909,1.669142,20.0,1,13996,1,1,0,0,1,0,0,0,0,0,0,0,0,0
2485,14,37711dbb721070dd,0.21031,15.370601,0,13964,0,1,0,0,0,0,0,0,0,0,0,0,0,0
2486,14,4c07353b12ddaa1c,2.245305,18.505047,1,14048,2,0,0,0,1,0,0,0,0,0,0,0,0,1
2487,14,89d565ff7b51dafa,1.688501,20.0,1,14062,1,1,0,0,1,0,0,0,0,0,0,0,0,1
2488,14,a465d8a380f823a0,2.312161,20.0,1,13799,2,1,0,0,1,0,0,0,0,0,0,0,0,1
2489,14,bfa25ee87f069a13,1.73704,20.0,1,13995,1,1,0,0,1,0,0,0,0,0,0,0,0,1
2490,14,b9a1d420ef9928a4,2.348627,18.006008,0,13832,1,0,0,0,0,0,0,0,0,0,0,0,0,0
2491,14,e4bda5eede26b424,1.766201,20.0,1,13857,1,1,0,0,1,0,0,0,0,0,0,0,0,1
2492,14,799efb9142cfb760,1.326881,18.881064,1,14031,1,1,0,0,1,0,0,0,0,0,0,0,0,0
2493,14,ed81fcbadbd00d60,2.040489,17.663482,1,14009,1,0,0,0,0,0,0,0,0,0,0,0,0,1
2494,14,c7014b238bc4027b,2.578627,20.0,1,13970,2,1,0,0,1,0,0,0,0,0,0,0,0,1
2495,14,9209e303023c528a,1.937226,18.68755,1,13999,1,1,0,0,1,0,0,0,0,0,0,0,0,0
2496,14,bf1e7e86fac04411,1.455366,20.0,1,14104,1,1,0,0,1,0,0,0,0,0,0,0,0,1
2497,14,17f0c877ea9aae17,2.137015,15.774221,0,13913,1,0,0,0,0,0,0,0,0,0,0,0,0,0
2498,14,1eecdd2d4ae6f253,1.607066,18.823443,1,13924,1,1,0,0,1,0,0,0,0,0,0,0,0,1
2499,14,fae87ca8f93f4b38,2.250982,20.0,1,13903,2,1,0,0,1,0,0,0,0,0,0,0,0,1
2500,14,ca5aa0272cac9717,1.691079,20.0,1,14041,1,1,0,0,1,0,0,0,0,0,0,0,0,1
2501,14,383c3a634b8249ca,2.315866,17.152398,0,14016,1,0,0,0,0,0,0,0,0,0,0,0,0,0
2502,14,662814a050cefa9f,1.739823,19.843644,1,13931,1,1,0,0,1,0,0,0,0,0,0,0,0,1
2503,14,cee691eb38681aff,1.307064,20.0,1,13962,1,1,0,0,1,0,0,0,0,0,0,0,0,1
2504,14,b1d73b7f9848b7fe,0.981948,16.426716,0,13976,1,1,0,0,0,0,0,0,0,0,0,0,0,0
2505,14,81ca135c74ecc980,1.78259,19.314128,1,13800,1,0,0,0,1,0,0,0,0,0,0,0,0,1
2506,14,3be0b65ab8fdefe1,1.339193,20.0,1,13836,1,1,0,0,1,0,0,0,0,0,0,0,0,1
2507,14,18211b07f5208b8a,1.006086,19.606703,1,13903,1,1,0,0,1,0,0,0,0,0,0,0,0,0
2508,14,15813e1fd739b215,0.756591,20.0,1,13802,1,1,0,0,1,0,0,0,0,0,0,0,0,1
2509,14,dfce7687d860af37,2.655705,19.785393,1,13905,2,0,0,0,0,0,0,0,0,0,0,0,0,1
2510,14,86893995d58bfbd6,1.995132,18.342871,1,14016,1,1,0,0,1,0,0,0,0,0,0,0,0,0
2511,14,85e98c7e99f1cac8,1.498868,20.0,1,13824,1,1,0,0,1,0,0,0,0,0,0,0,0,1
2512,14,5e8c48f384765fd7,2.171321,19.075775,1,13972,1,0,0,0,0,0,0,0,0,0,0,0,0,1
2513,14,e300a801df3d6d86,1.631232,17.809761,1,13919,1,1,0,0,1,0,0,0,0,0,0,0,0,0
2514,14,8d1619abddd3d114,1.225484,20.0,1,14103,1,1,0,0,1,0,0,0,0,0,0,0,0,1
2515,14,a3614d043fd9dcd2,3.009882,18.774589,1,13885,2,0,0,0,0,0,0,0,0,0,0,0,0,1
2516,14,cb581d3857e4fad5,2.261212,17.583491,1,13994,1,1,0,0,1,0,0,0,0,0,0,0,0,0
2517,14,b70a28a23c57229b,1.698764,20.0,1,13915,1,1,0,0,1,0,0,0,0,0,0,0,0,1
2518,14,d9bb782a96eed06b,2.319871,18.62994,1,13879,1,0,0,0,0,0,0,0,0,0,0,0,0,1
2519,14,d6586e229bdcafef,1.744576,17.490482,1,13787,1,1,0,0,1,0,0,0,0,0,0,0,0,0
2520,14,38e915bcb37dbc32,1.310635,20.0,1,13843,1,1,0,0,1,0,0,0,0,0,0,0,0,1
2521,14,a4837e74142c511e,2.028284,15.098601,0,14040,1,0,0,0,0,0,0,0,0,0,0,0,0,0
2522,14,1561318a2cabaaa2,1.525299,18.315367,1,13878,1,1,0,0,1,0,0,0,0,0,0,0,0,1
2523,14,660c3a5967c64bf1,2.189553,20.0,1,14020,2,1,0,0,1,0,0,0,0,0,0,0,0,1
2524,14,5d8aaf760c990c2a,2.688583,19.043007,1,13974,1,0,0,0,0,0,0,0,0,0,0,0,0,1
2525,14,4e1f0f9435993f00,2.019832,17.785144,1,13835,1,1,0,0,1,0,0,0,0,0,0,0,0,0
2526,14,36666632dd281844,1.518942,20.0,1,13789,1,1,0,0,1,0,0,0,0,0,0,0,0,1
2527,14,4397969a21d3bc4f,2.184778,15.27744,0,13847,1,0,0,0,0,0,0,0,0,0,0,0,0,0
2528,14,e7d78d80a862534a,1.641342,18.435059,1,13943,1,1,0,0,1,0,0,0,0,0,0,0,0,1
2529,14,8a148944508e3cf8,1.234313,17.343929,1,13718,1,1,0,0,1,0,0,0,0,0,0,0,0,0
2530,14,6c5e111229163437,1.970946,16.50869,1,13713,1,0,0,0,0,0,0,0,0,0,0,0,0,1
2531,14,ba8841c9c19502b1,1.480698,15.881206,1,13678,1,1,0,0,1,0,0,0,0,0,0,0,0,0
2532,14,245ad75c33c1c5b6,1.112393,18.888645,1,13729,1,1,0,0,1,0,0,0,0,0,0,0,0,1
2533,14,525b6810f4e31690,0.836536,17.685032,1,13917,1,1,0,0,1,0,0,0,0,0,0,0,0,0
2534,14,ad35f1b018a11d13,1.672111,16.764948,1,13920,1,0,0,0,0,0,0,0,0,0,0,0,0,1
2535,14,c277e1074930b4d1,2.299848,19.552568,1,13873,2,1,0,0,1,0,0,0,0,0,0,0,0,1
2536,14,62b4e890cdefbe6a,1.729519,18.184311,1,13887,1,1,0,0,1,0,0,0,0,0,0,0,0,0
2537,14,e4f75db643d598b7,1.299323,20.0,1,13964,1,1,0,0,1,0,0,0,0,0,0,0,0,1
2538,14,cd1814f00dd9d4c9,2.019786,15.490196,0,13723,1,0,0,0,0,0,0,0,0,0,0,0,0,0
2539,14,a6fd9f1fcc63c592,1.51739,18.594894,1,13791,1,1,0,0,1,0,0,0,0,0,0,0,0,1
2540,14,d9970d849c2cd359,1.141099,17.464127,1,13740,1,1,0,0,1,0,0,0,0,0,0,0,0,0
2541,14,ed7384511cb4feb7,0.857265,20.0,1,13642,1,1,0,0,1,0,0,0,0,0,0,0,0,1
2542,14,38b565cbcded0ee7,0.644031,18.562571,1,13776,1,1,0,0,1,0,0,0,0,0,0,0,0,0
2543,14,da299a1f18dbb076,1.528471,17.43982,1,13720,1,0,0,0,0,0,0,0,0,0,0,0,0,1
2544,14,cc06a27c8f7c0b9a,1.148283,16.580729,1,13707,1,1,0,0,1,0,0,0,0,0,0,0,0,0
2545,14,70c5553916a9ec10,0.862662,19.414171,1,13773,1,1,0,0,1,0,0,0,0,0,0,0,0,1
2546,14,b92aa1e7dfef7e0f,0.648086,18.063985,1,13819,1,1,0,0,1,0,0,0,0,0,0,0,0,0
2547,14,32da3616981a64d6,0.48737,20.0,1,13544,1,1,0,0,1,0,0,0,0,0,0,0,0,1
2548,14,5ce9d073150c7fec,1.409796,15.434974,0,13790,1,0,0,0,0,0,0,0,0,0,0,0,0,0
2549,14,31ea2098222dda4b,1.059127,18.553408,1,13699,1,1,0,0,1,0,0,0,0,0,0,0,0,1
2550,14,57ece583ab11a61a,0.796479,17.432929,1,13765,1,1,0,0,1,0,0,0,0,0,0,0,0,0
2551,14,eb849129bd5cc271,0.598365,16.575553,1,13690,1,1,0,0,0,0,0,0,0,0,0,0,0,1
2552,14,185b14ebde695980,1.493182,15.931437,1,13715,1,0,0,0,1,0,0,0,0,0,0,0,0,0
2553,14,a63e52348e115266,1.121772,18.926382,1,13592,1,1,0,0,1,0,0,0,0,0,0,0,0,1
2554,14,b4290370a203ce6f,0.843589,20.0,1,13596,1,1,0,0,1,0,0,0,0,0,0,0,0,1
2555,14,23248fda9f400b9e,0.633757,15.922194,0,13642,1,1,0,0,0,0,0,0,0,0,0,0,0,0
2556,14,355a8bd9aca035a6,1.519771,18.919438,1,13736,1,0,0,0,1,0,0,0,0,0,0,0,0,1
2557,14,481cbad08152f8d0,1.142889,17.708189,1,13429,1,1,0,0,1,0,0,0,0,0,0,0,0,0
2558,14,cd49e4825720a7c5,0.85861,20.0,1,13552,1,1,0,0,1,0,0,0,0,0,0,0,0,1
2559,14,1b5e2e7e746bf5e7,0.645042,18.700319,1,13585,1,1,0,0,1,0,0,0,0,0,0,0,0,0
2560,14,0da4a7c234f82be9,2.571902,17.527695,1,13528,2,0,0,0,0,0,0,0,0,0,0,0,0,1
2561,14,e514c070df0f175c,1.934107,20.0,1,13531,1,1,0,0,1,0,0,0,0,0,0,0,0,1
2562,14,92a451b0b4c59df0,1.453022,15.131992,0,13597,1,1,0,0,0,0,0,0,0,0,0,0,0,0
2563,14,4f90b5b3ff25a0dc,2.135255,18.325789,1,13544,1,0,0,0,1,0,0,0,0,0,0,0,0,1
2564,14,498e991e871ad8ff,1.605742,20.0,1,13562,1,1,0,0,1,0,0,0,0,0,0,0,0,1
2565,14,d01f2eeea99c73c0,1.206334,20.0,1,13550,1,1,0,0,1,0,0,0,0,0,0,0,0,1
2566,14,f94c84e53288c031,1.949927,16.933889,0,13764,1,0,0,0,0,0,0,0,0,0,0,0,0,0
2567,14,80cb97b0f9b6f28d,1.464907,19.679487,1,13652,1,1,0,0,1,0,0,0,0,0,0,0,0,1
2568,14,ad75d928bcec0a76,2.145782,20.0,1,13615,2,1,0,0,1,0,0,0,0,0,0,0,0,1
2569,14,0321dac97e30fa51,1.612046,20.0,1,13432,1,1,0,0,1,0,0,0,0,0,0,0,0,1
2570,14,3cba4131db78011b,1.21107,17.508444,0,13541,1,1,0,0,0,0,0,0,0,0,0,0,0,0
2571,14,dfc1dfd166be4118,1.954892,20.0,1,13347,1,0,0,0,1,0,0,0,0,0,0,0,0,1
2572,14,311738e65f55fbb9,1.468637,18.59996,1,13544,1,1,0,0,1,0,0,0,0,0,0,0,0,0
2573,14,47052bb7d466b9cd,1.103332,20.0,1,13306,1,1,0,0,1,0,0,0,0,0,0,0,0,1
2574,14,49bab70b85936bf8,1.872546,19.20363,1,13234,1,0,0,0,0,0,0,0,0,0,0,0,0,1
2575,14,269c3828c974022c,1.408181,17.921905,1,13243,1,1,0,0,1,0,0,0,0,0,0,0,0,0
2576,14,5cfbb9c8f4b0d23c,1.057914,20.0,1,13048,1,1,0,0,1,0,0,0,0,0,0,0,0,1
2577,14,c54f315cc56e74eb,0.794771,18.820939,1,13175,1,1,0,0,1,0,0,0,0,0,0,0,0,0
2578,14,f0823e845fb50855,0.597679,20.0,1,12981,1,1,0,0,1,0,0,0,0,0,0,0,0,1
2579,14,653386780ab5b5d0,1.492667,19.341468,1,12904,2,1,0,0,0,0,0,0,0,0,0,0,0,1
2580,14,893109b53b610599,2.165039,20.0,1,12588,1,0,0,0,1,0,0,0,0,0,0,0,0,1
2581,14,5258bc716d22ba3e,1.626513,19.622134,1,12912,1,1,0,0,1,0,0,0,0,0,0,0,0,0
2582,14,b1e44d83bb0f1646,2.267311,18.236626,1,12769,1,0,0,0,0,0,0,0,0,0,0,0,0,1
2583,14,607fb9beb7f9e44f,1.703346,17.17934,1,12933,1,1,0,0,1,0,0,0,0,0,0,0,0,0
2584,14,daec6e00c2d99a07,1.27966,19.863885,1,13108,1,1,0,0,1,0,0,0,0,0,0,0,0,1
2585,14,658b74788c131940,0.962323,18.418426,1,13210,1,1,0,0,1,0,0,0,0,0,0,0,0,0
2586,14,8386adfb031c592c,1.76661,17.31592,1,13225,1,0,0,0,0,0,0,0,0,0,0,0,0,1
2587,14,7ab3313993b3c74f,1.327188,16.487648,1,13144,1,1,0,0,1,0,0,0,0,0,0,0,0,0
2588,14,c588a6b5240198a8,2.04072,19.344242,1,13238,2,1,0,0,1,0,0,0,0,0,0,0,0,1
2589,14,e3c320a0f39bb143,2.578801,18.027648,1,13223,1,0,0,0,0,0,0,0,0,0,0,0,0,1
2590,14,9f1843c5a2925704,1.937357,17.022342,1,13273,1,1,0,0,1,0,0,0,0,0,0,0,0,0
2591,14,09d77e4589bde218,1.455464,19.745938,1,13320,1,1,0,0,1,0,0,0,0,0,0,0,0,1
2592,14,688b468a0a5425c1,2.13868,14.849227,0,14322,1,0,0,0,0,0,0,0,0,0,0,0,0,0
2593,14,9d7276ac17b24012,1.60671,18.113358,1,13946,1,1,0,0,1,0,0,0,0,0,0,0,0,1
2594,14,3615a198b8fa5bff,1.207061,17.086733,1,13710,1,1,0,0,0,0,0,0,0,0,0,0,0,1
2595,14,417baf4d875cff54,1.950474,19.794313,1,13701,1,0,0,0,1,0,0,0,0,0,0,0,0,1
2596,14,53083666c63fb1ff,2.510934,18.366107,1,13475,2,1,0,0,1,0,0,0,0,0,0,0,0,0
2597,14,6c8e52bdce72bb20,1.886371,20.0,1,14315,1,1,0,0,1,0,0,0,0,0,0,0,0,1
2598,14,3bed6cf4ad43d235,2.460813,15.5928,0,14066,1,0,0,0,0,0,0,0,0,0,0,0,0,0
2599,14,5ef7525cdeec14a9,1.850567,18.687012,1,13896,1,1,0,0,1,0,0,0,0,0,0,0,0,1
2600,14,aa81c972dfde668b,2.433915,14.038853,0,13601,1,0,0,0,0,0,0,0,0,0,0,0,0,0
2601,14,319327dd03aa9cec,1.828509,17.504555,1,13618,1,1,0,0,1,0,0,0,0,0,0,0,0,1
2602,14,85d06ec888017552,2.417344,13.150517,0,13361,1,0,0,0,0,0,0,0,0,0,0,0,0,0
2603,14,bdb24d5ac30b85f3,2.862028,16.85038,1,14041,2,1,0,0,1,0,0,0,0,0,0,0,0,1
2604,14,2dcb95ec6870e32c,3.193788,16.137905,1,13684,1,0,0,0,0,0,0,0,0,0,0,0,0,1
2605,14,3e9ba9bc63e14dfe,2.399373,19.081494,1,13874,1,1,0,0,1,0,0,0,0,0,0,0,0,1
2606,14,4b81a5da666fb960,1.804363,17.830057,1,13550,1,1,0,0,1,0,0,0,0,0,0,0,0,0
2607,14,75f7874468b1b6b6,2.399204,16.8739,1,13343,1,0,0,0,0,0,0,0,0,0,0,0,0,1
2608,14,89aba9213aae64c4,1.802432,16.155575,1,13398,1,1,0,0,1,0,0,0,0,0,0,0,0,0
2609,14,4f6125e84757fce8,2.397753,15.615924,1,12835,1,0,0,0,0,0,0,0,0,0,0,0,0,1
2610,14,6b38d48610b10901,1.803145,15.223899,1,12715,1,1,0,0,1,0,0,0,0,0,0,0,0,0
2611,14,25b0d9917f7bd924,1.354635,11.437146,0,12753,0,0,0,0,0,0,0,0,0,0,0,0,0,0
2612,14,02dedf6ee52961d5,2.06134,15.549989,1,12664,2,1,0,0,1,0,0,0,0,0,0,0,0,1
2613,14,77d6eaca9c2a5a77,0.506007,15.174315,1,12656,0,1,0,0,1,0,0,0,0,0,0,0,0,0
2614,14,ae49bfb91e03dd57,2.467451,14.87874,1,12642,2,0,0,0,0,0,0,0,0,0,0,0,0,1
2615,14,abd34b3320d99bd2,1.853703,18.135531,1,12589,1,1,0,0,1,0,0,0,0,0,0,0,0,1
2616,15,1fd48474a6be9a50,1.392618,17.103391,1,13960,1,1,0,0,0,0,0,0,0,0,0,0,0,1
2617,15,530e0ea8d92a6d51,2.091419,16.342495,1,13864,1,0,0,0,1,0,0,0,0,0,0,0,0,0
2618,15,9d91a06f605c6d81,1.571205,19.235195,1,14133,1,1,0,0,1,0,0,0,0,0,0,0,0,1
2619,15,1bedfd585b1aa4b9,1.180388,17.929527,1,14239,1,1,0,0,1,0,0,0,0,0,0,0,0,0
2620,15,26a9669cba5af3ef,1.931819,16.963762,1,14056,1,0,0,0,0,0,0,0,0,0,0,0,0,1
2621,15,4f55c5e4b2d3c044,1.451303,16.223085,1,14237,1,1,0,0,1,0,0,0,0,0,0,0,0,0
2622,15,429a6cfc04b09590,1.09031,15.666641,1,14268,1,1,0,0,0,0,0,0,0,0,0,0,0,1
2623,15,bfd1095e82cc3b3f,1.862762,15.248607,1,14070,1,0,0,0,1,0,0,0,0,0,0,0,0,0
2624,15,e8a24dfe484cb614,1.400824,14.947671,1,13918,1,1,0,0,1,0,0,0,0,0,0,0,0,0
2625,15,a8eb40163c807ab7,0.008733,18.187316,1,14146,0,1,0,0,1,0,0,0,0,0,0,0,0,1
2626,15,b734eb68cadec0ba,0.006561,20.0,1,13899,1,1,0,0,1,0,0,0,0,0,0,0,0,1
2627,15,03ed9d518f369873,0.004934,15.507391,0,13991,1,1,0,0,0,0,0,0,0,0,0,0,0,0
2628,15,cd43fcebe8f5e6e6,1.04736,18.607812,1,14004,1,0,0,0,1,0,0,0,0,0,0,0,0,1
2629,15,338e1a6d9a9334b5,0.786842,17.458198,1,14017,1,1,0,0,1,0,0,0,0,0,0,0,0,0
2630,15,f71f04d2a5841727,0.591125,16.594536,1,13850,1,1,0,0,1,0,0,0,0,0,0,0,0,0
2631,15,dab4ff966e399802,1.488685,15.959829,1,13984,1,0,0,0,0,0,0,0,0,0,0,0,0,1
2632,15,339e340883d8ecaf,2.162047,18.947712,1,13969,2,1,0,0,1,0,0,0,0,0,0,0,0,1
2633,15,0f3eea50b2030a66,1.624265,17.713552,1,14010,1,1,0,0,1,0,0,0,0,0,0,0,0,0
2634,15,157d3461e0a7f335,1.22147,20.0,1,14005,1,1,0,0,1,0,0,0,0,0,0,0,0,1
2635,15,f1991b9aba19249f,1.961298,15.236994,0,14087,1,0,0,0,0,0,0,0,0,0,0,0,0,0
2636,15,f0cae4ef532c2023,1.47345,18.404673,1,14079,1,1,0,0,1,0,0,0,0,0,0,0,0,1
2637,15,7630abeab872e6cf,1.106948,17.305587,1,14050,1,1,0,0,1,0,0,0,0,0,0,0,0,0
2638,15,253c29c9cd31f14d,0.832441,19.975052,1,14002,1,1,0,0,1,0,0,0,0,0,0,0,0,1
2639,15,1bcd43f2b236da2a,0.625382,18.485354,1,13935,1,1,0,0,1,0,0,0,0,0,0,0,0,0
2640,15,190012cb2cd5517d,1.513479,17.3662,1,13984,1,0,0,0,0,0,0,0,0,0,0,0,0,1
2641,15,752285f96761bfac,1.138158,16.540132,1,13817,1,1,0,0,1,0,0,0,0,0,0,0,0,0
2642,15,8ce008444b943984,0.855055,19.383672,1,13987,1,1,0,0,1,0,0,0,0,0,0,0,0,1
2643,15,815cbd6616cc478f,0.642371,18.041072,1,13997,1,1,0,0,1,0,0,0,0,0,0,0,0,0
2644,15,ea182be542b69bac,0.482589,17.032428,1,13924,1,1,0,0,0,0,0,0,0,0,0,0,0,1
2645,15,98558a7fe6a345e2,1.407065,16.28913,1,13924,1,0,0,0,1,0,0,0,0,0,0,0,0,0
2646,15,ea40987dff05550d,1.057075,19.195104,1,14042,1,1,0,0,1,0,0,0,0,0,0,0,0,1
2647,15,bd84d51435d6859a,0.794141,17.899408,1,14000,1,1,0,0,0,0,0,0,0,0,0,0,0,1
2648,15,b3773e59edaae1a5,1.641356,16.941112,1,14082,1,0,0,0,1,0,0,0,0,0,0,0,0,0
2649,15,5dadae3439224eef,2.276743,19.684913,1,14008,2,1,0,0,1,0,0,0,0,0,0,0,0,1
2650,15,bf32681d9402a0dc,1.710432,20.0,1,13965,1,1,0,0,1,0,0,0,0,0,0,0,0,1
2651,15,f7bd4e508f328e99,1.284983,20.0,1,14067,1,1,0,0,1,0,0,0,0,0,0,0,0,1
2652,15,7c7cf98600a1ae76,0.966326,20.0,1,13832,1,1,0,0,1,0,0,0,0,0,0,0,0,1
2653,15,4330f499d34eea83,2.813271,20.0,1,14062,2,0,0,0,0,0,0,0,0,0,0,0,0,1
2654,15,845cf8bbfb4cdff1,2.113505,19.90823,1,13866,1,1,0,0,1,0,0,0,0,0,0,0,0,0
2655,15,b0e135ff280b7893,1.589386,20.0,1,13879,1,1,0,0,1,0,0,0,0,0,0,0,0,1
2656,15,789d57edeb55ec88,2.2377,19.955744,1,14031,1,0,0,0,0,0,0,0,0,0,0,0,0,1
2657,15,6979b739abf8bb34,1.6811,18.470849,1,14065,1,1,0,0,1,0,0,0,0,0,0,0,0,0
2658,15,c2bea933f494d4c2,1.262948,20.0,1,14130,1,1,0,0,1,0,0,0,0,0,0,0,0,1
2659,15,fc8afc999d432daa,0.949755,19.148077,1,13742,1,1,0,0,1,0,0,0,0,0,0,0,0,0
2660,15,54f85808e32b19ad,1.757169,20.0,1,14120,2,1,0,0,1,0,0,0,0,0,0,0,0,1
2661,15,fb36f5410e15ae96,2.363748,19.512985,1,13976,1,0,0,0,0,0,0,0,0,0,0,0,0,1
2662,15,84816ba9c8e952dd,1.777573,20.0,1,14083,1,1,0,0,1,0,0,0,0,0,0,0,0,1
2663,15,76c0f2d8b913df5d,1.335424,20.0,1,13930,1,1,0,0,1,0,0,0,0,0,0,0,0,1
2664,15,379263227d5a2182,2.046907,20.0,1,13932,2,1,0,0,1,0,0,0,0,0,0,0,0,1
2665,15,3d54c4b4e6b2c134,2.581418,20.0,1,13892,1,0,0,0,0,0,0,0,0,0,0,0,0,1
2666,15,0a132d657e0ab93f,1.941263,19.879108,1,14038,1,1,0,0,1,0,0,0,0,0,0,0,0,0
2667,15,0ca8cb191a6821f3,1.458399,20.0,1,13899,1,1,0,0,1,0,0,0,0,0,0,0,0,1
2668,15,d838c0af6c1f6e31,1.09564,19.925576,1,14161,1,1,0,0,1,0,0,0,0,0,0,0,0,0
2669,15,c5f1b9cc089c76e1,2.912238,18.464819,1,13965,2,0,0,0,0,0,0,0,0,0,0,0,0,1
2670,15,a84b4c40935e1429,2.187856,20.0,1,14082,1,1,0,0,1,0,0,0,0,0,0,0,0,1
2671,15,12c24a9f707ab663,1.643654,20.0,1,13977,1,1,0,0,1,0,0,0,0,0,0,0,0,1
2672,15,d1623d603cb706ea,1.234816,20.0,1,14006,1,1,0,0,1,0,0,0,0,0,0,0,0,0
2673,15,2ef6e7dfc3903c46,0.928599,20.0,1,14031,1,1,0,0,1,0,0,0,0,0,0,0,0,1
2674,15,f6d8e5e5d116b8b6,1.741275,20.0,1,14065,1,0,0,0,0,0,0,0,0,0,0,0,0,1
2675,15,3a4152be0edb5cdd,2.351808,20.0,1,13932,2,1,0,0,1,0,0,0,0,0,0,0,0,1
2676,15,229037c542b3d26a,1.768593,20.0,1,13995,1,1,0,0,1,0,0,0,0,0,0,0,0,0
2677,15,1baa70ad574dd542,2.372331,18.627115,1,14106,1,0,0,0,0,0,0,0,0,0,0,0,0,1
2678,15,fe2999c8230c21cb,1.782244,17.4727,1,14000,1,1,0,0,1,0,0,0,0,0,0,0,0,0
2679,15,5a4e00b217e916ea,1.338933,20.0,1,13928,1,1,0,0,1,0,0,0,0,0,0,0,0,1
2680,15,2d670e015457bea4,1.006897,20.0,1,13852,1,1,0,0,1,0,0,0,0,0,0,0,0,1
2681,15,7c3877f890af3431,2.843751,20.0,1,14048,2,0,0,0,0,0,0,0,0,0,0,0,0,1
2682,15,42359bb73286961f,2.136404,18.545568,1,13750,1,1,0,0,1,0,0,0,0,0,0,0,0,0
2683,15,f9c576b63d0ec3f4,1.606606,20.0,1,13896,1,1,0,0,1,0,0,0,0,0,0,0,0,1
2684,15,7778937d1c31d200,2.250636,15.707049,0,13786,1,0,0,0,0,0,0,0,0,0,0,0,0,0
2685,15,fa19488426be1e5e,1.690819,18.757808,1,14110,1,1,0,0,1,0,0,0,0,0,0,0,0,1
2686,15,6128a815417b1164,1.270249,17.570885,1,13679,1,1,0,0,0,0,0,0,0,0,0,0,0,1
2687,15,440638ec1b42ab61,1.999396,20.0,1,13845,1,0,0,0,1,0,0,0,0,0,0,0,0,1
2688,15,b0089a09c9a9ca56,2.545725,18.635237,1,13737,2,1,0,0,1,0,0,0,0,0,0,0,0,0
2689,15,4d030cf729e97403,1.912508,20.0,1,13944,1,1,0,0,1,0,0,0,0,0,0,0,0,1
2690,15,af15e5f0ad1916ce,2.482384,19.24095,1,13799,1,0,0,0,0,0,0,0,0,0,0,0,0,1
2691,15,3638f81de7602669,1.864922,20.0,1,13800,1,1,0,0,1,0,0,0,0,0,0,0,0,1
2692,15,d7dd1851d975b741,2.4447,20.0,1,13920,2,1,0,0,1,0,0,0,0,0,0,0,0,1
2693,15,b5cf4ebc3c580f16,2.880265,17.312281,0,14035,1,0,0,0,0,0,0,0,0,0,0,0,0,0
2694,15,58a194aa1db78174,2.166,19.980085,1,13612,1,1,0,0,1,0,0,0,0,0,0,0,0,1
2695,15,c476f5533c8ae5c0,2.670888,18.489136,1,13867,1,0,0,0,0,0,0,0,0,0,0,0,0,1
2696,15,1cd54c89942f20b9,2.006539,20.0,1,13968,1,1,0,0,1,0,0,0,0,0,0,0,0,1
2697,15,63d8512d1df2a966,2.553096,20.0,1,13770,2,1,0,0,1,0,0,0,0,0,0,0,0,1
2698,15,7915471971ffab09,2.961699,17.007767,0,13787,1,0,0,0,0,0,0,0,0,0,0,0,0,0
2699,15,d3b0b5e4970362bf,2.225014,19.734989,1,13720,1,1,0,0,1,0,0,0,0,0,0,0,0,1
2700,15,4925b5f8e64e429e,1.67157,18.305004,1,13935,1,1,0,0,1,0,0,0,0,0,0,0,0,0
2701,15,e509cbb09192f5db,2.301195,17.246125,1,13821,1,0,0,0,0,0,0,0,0,0,0,0,0,1
2702,15,a8a2d40c98a915ed,2.772455,16.435214,1,13794,2,1,0,0,0,0,0,0,0,0,0,0,0,1
2703,15,49c2051aa5e1ebc1,3.126495,19.304851,1,13843,1,0,0,0,1,0,0,0,0,0,0,0,0,1
2704,15,d702ed9e82f24b25,2.351169,20.0,1,13679,1,1,0,0,1,0,0,0,0,0,0,0,0,1
2705,15,f214e47536c492c8,1.766345,19.614858,1,13351,1,1,0,0,1,0,0,0,0,0,0,0,0,0
2706,15,33ac14d0de9d95c4,2.370643,18.214754,1,13678,1,0,0,0,0,0,0,0,0,0,0,0,0,1
2707,15,6f3bf1575a71bb4d,1.780975,17.162909,1,13518,1,1,0,0,1,0,0,0,0,0,0,0,0,0
2708,15,d90a0ddd9f1fba73,2.383469,16.387254,1,13569,1,0,0,0,0,0,0,0,0,0,0,0,0,1
2709,15,0e8d9f5186003278,1.790611,15.789976,1,13599,1,1,0,0,1,0,0,0,0,0,0,0,0,0
2710,15,b92023e98b3cc202,1.345219,18.820107,1,13655,1,1,0,0,1,0,0,0,0,0,0,0,0,1
2711,15,dc16a1f2992f7d17,1.011624,17.633491,1,13752,1,1,0,0,1,0,0,0,0,0,0,0,0,0
2712,15,2c00435d50c4a3b3,1.803649,16.726227,1,13715,1,0,0,0,0,0,0,0,0,0,0,0,0,1
2713,15,33deaab6465147f7,1.355014,16.044634,1,13501,1,1,0,0,1,0,0,0,0,0,0,0,0,0
2714,15,42b83afff543466a,-0.025682,15.532578,1,13666,0,1,0,0,1,0,0,0,0,0,0,0,0,0
2715,15,bb83f91877406b74,1.024837,15.161222,1,13572,1,0,0,0,0,0,0,0,0,0,0,0,0,1
2716,15,34af298f79c84c53,0.769922,14.868904,1,13681,1,1,0,0,1,0,0,0,0,0,0,0,0,0
2717,15,f266372298c8a9b5,0.578414,18.12814,1,13561,1,1,0,0,1,0,0,0,0,0,0,0,0,1
2718,15,b08e7d5627a488ca,2.523276,17.113122,1,13632,2,0,0,0,0,0,0,0,0,0,0,0,0,1
2719,15,5c71c445b7d924b7,1.895643,16.335293,1,13538,1,1,0,0,1,0,0,0,0,0,0,0,0,0
2720,15,fc50ed93ede180e5,1.424126,19.229784,1,13544,1,1,0,0,1,0,0,0,0,0,0,0,0,1
2721,15,9f42b3c916688a6f,2.113546,14.446618,0,13628,1,0,0,0,0,0,0,0,0,0,0,0,0,0
2722,15,5da00a23d38278f0,1.589417,17.825066,1,13718,1,1,0,0,1,0,0,0,0,0,0,0,0,1
2723,15,079d0658278eddd7,1.194069,20.0,1,13526,1,1,0,0,1,0,0,0,0,0,0,0,0,1
2724,15,34fc7c6a1e0c0c11,0.89706,18.766284,1,13552,1,1,0,0,1,0,0,0,0,0,0,0,0,0
2725,15,574fe74e8609ac70,0.674602,17.593014,1,13673,1,1,0,0,0,0,0,0,0,0,0,0,0,1
2726,15,7eb4a8c2977b3b9e,1.550456,20.0,1,13638,1,0,0,0,1,0,0,0,0,0,0,0,0,1
2727,15,06db6edd9dc3a0bd,1.1648,18.635315,1,13641,1,1,0,0,1,0,0,0,0,0,0,0,0,0
2728,15,2a5d0720c8a926ba,0.875071,20.0,1,13618,1,1,0,0,1,0,0,0,0,0,0,0,0,1
2729,15,17005c124a6e190e,1.702216,20.0,1,13537,2,1,0,0,1,0,0,0,0,0,0,0,0,1
2730,15,fc54debdd470ece5,2.322465,20.0,1,13505,1,0,0,0,0,0,0,0,0,0,0,0,0,1
2731,15,4b91129b21e84a36,1.744781,18.916281,1,13390,1,1,0,0,1,0,0,0,0,0,0,0,0,0
2732,15,5182188f8c90ec5d,1.3121,20.0,1,13522,1,1,0,0,1,0,0,0,0,0,0,0,0,1
2733,15,b185eee898353b3e,0.985732,19.395332,1,13582,1,1,0,0,1,0,0,0,0,0,0,0,0,0
2734,15,e880c87a71629f2c,1.784197,18.049832,1,15062,1,0,0,0,0,0,0,0,0,0,0,0,0,1
2735,15,b6287ecdce753495,1.3404,17.039009,1,15227,1,1,0,0,1,0,0,0,0,0,0,0,0,0
2736,15,018bcf6112ba84c9,1.008,19.774581,1,15931,1,1,0,0,1,0,0,0,0,0,0,0,0,1
2737,15,851f5e9740a5c449,1.800926,20.0,1,16231,2,1,0,0,1,0,0,0,0,0,0,0,0,1
2738,15,f318302066d5b4a8,2.396622,19.866581,1,15977,1,0,0,0,0,0,0,0,0,0,0,0,0,1
2739,15,d853d98b9cf39401,1.802294,18.420454,1,15877,1,1,0,0,1,0,0,0,0,0,0,0,0,0
2740,15,264b6cedf6b18f72,2.397649,20.0,1,15616,2,1,0,0,1,0,0,0,0,0,0,0,0,1
2741,15,13b34a96e6917c19,1.801264,20.0,1,15784,1,1,0,0,1,0,0,0,0,0,0,0,0,1
2742,15,fd84a657ae752ee7,2.396876,20.0,1,16096,1,0,0,0,0,0,0,0,0,0,0,0,0,1
2743,15,0449fe8ea1821fd4,2.846635,20.0,1,16010,2,1,0,0,1,0,0,0,0,0,0,0,0,1
2744,15,b4da042c63e1fdc8,2.138571,20.0,1,15783,1,1,0,0,1,0,0,0,0,0,0,0,0,1
2745,15,b807fcf2a4581910,2.650282,20.0,1,15668,2,1,0,0,1,0,0,0,0,0,0,0,0,1
2746,15,375c247dcba0eb7f,3.0372,18.642651,0,15458,1,0,0,0,0,0,0,0,0,0,0,0,0,0
2747,15,85e10ef8603fccb5,2.281735,20.0,1,15402,1,1,0,0,1,0,0,0,0,0,0,0,0,1
2748,15,f4ef21d0c1eceebc,2.757835,20.0,1,13924,2,1,0,0,1,0,0,0,0,0,0,0,0,1
2749,15,eed4924a40e6e706,2.071859,17.058597,0,12741,1,1,0,0,0,0,0,0,0,0,0,0,0,0
2750,15,91abdea65d065334,2.602218,19.789311,1,13171,1,0,0,0,1,0,0,0,0,0,0,0,0,1
2751,15,27d150448305d6d3,1.954949,18.345814,1,12912,1,1,0,0,1,0,0,0,0,0,0,0,0,0
2752,15,958f2969141cff73,1.46868,20.0,1,13120,1,1,0,0,1,0,0,0,0,0,0,0,0,1
2753,15,195aa62b883845ba,2.148619,15.596936,0,12858,1,0,0,0,0,0,0,0,0,0,0,0,0,0
2754,15,af70f7c644c23edd,2.65783,18.675084,1,13291,2,1,0,0,1,0,0,0,0,0,0,0,0,1
2755,15,0bfec0a83fe03a5d,1.996729,20.0,1,13381,1,1,0,0,1,0,0,0,0,0,0,0,0,1
2756,15,56d24bf64217a4df,2.543721,19.24603,1,13474,1,0,0,0,0,0,0,0,0,0,0,0,0,1
2757,15,bfb769426058dc48,1.912914,17.953791,1,13455,1,1,0,0,1,0,0,0,0,0,0,0,0,0
2758,15,a786f0e152ff045d,1.437101,20.0,1,13904,1,1,0,0,1,0,0,0,0,0,0,0,0,1
2759,15,a91b48ffca964246,1.07964,20.0,1,14632,1,1,0,0,1,0,0,0,0,0,0,0,0,1
2760,15,5986db46f55826a4,1.856055,16.783288,0,14701,1,0,0,0,0,0,0,0,0,0,0,0,0,0
2761,15,751477056cde9c27,1.394385,19.566346,1,14370,1,1,0,0,1,0,0,0,0,0,0,0,0,1
2762,15,1565e7e06deaadf0,2.091203,20.0,1,14381,2,1,0,0,1,0,0,0,0,0,0,0,0,1
2763,15,3091f205d4bfa5e2,1.571042,20.0,1,14389,1,1,0,0,1,0,0,0,0,0,0,0,0,1
2764,15,d19d0eb3bd3574ef,2.225597,17.467711,0,15919,1,0,0,0,0,0,0,0,0,0,0,0,0,0
2765,15,4a9f091058ad16e2,2.715661,20.0,1,15757,2,1,0,0,1,0,0,0,0,0,0,0,0,1
2766,15,802e88fe7077dbca,2.040175,20.0,1,15678,1,1,0,0,1,0,0,0,0,0,0,0,0,1
2767,15,79359000d1d01c79,1.53424,20.0,1,15373,1,1,0,0,1,0,0,0,0,0,0,0,0,1
2768,15,ce0e0139fbcd4f8b,1.152617,20.0,1,15151,1,1,0,0,1,0,0,0,0,0,0,0,0,0
2769,15,e70c6d11d873dfa7,2.953225,19.377103,1,15012,2,0,0,0,0,0,0,0,0,0,0,0,0,1
2770,15,491d56a6888ccb68,2.218648,20.0,1,15624,1,1,0,0,1,0,0,0,0,0,0,0,0,1
2771,15,2e832a9f8b793634,1.668455,19.660075,1,15482,1,1,0,0,0,0,0,0,0,0,0,0,0,1
2772,15,8ae62c98a6e8548a,2.297101,20.0,1,15411,1,0,0,0,1,0,0,0,0,0,0,0,0,1
2773,15,5fb66525c041fde4,2.769379,20.0,1,15279,2,1,0,0,1,0,0,0,0,0,0,0,0,1
2774,15,d4479311672b275a,3.126763,20.0,1,14952,1,0,0,0,0,0,0,0,0,0,0,0,0,1
2775,15,9cb375b4ff119623,2.34902,19.24634,1,14970,1,1,0,0,1,0,0,0,0,0,0,0,0,0
2776,15,910f91c5b4297439,2.808385,17.9379,1,13873,1,0,0,0,0,0,0,0,0,0,0,0,0,1
2777,15,7009afd28e6346cd,2.109834,20.0,1,13301,1,1,0,0,1,0,0,0,0,0,0,0,0,1
2778,15,e1521cc91f936c0e,1.586625,15.366481,0,13304,1,1,0,0,0,0,0,0,0,0,0,0,0,0
2779,15,6d730dd28e487d96,3.279279,18.501952,1,13360,2,0,0,0,1,0,0,0,0,0,0,0,0,1
2780,15,e0d568c59f619598,2.4636,20.0,1,13482,1,1,0,0,1,0,0,0,0,0,0,0,0,1
2781,15,69eea651ce204cd0,2.896813,15.685148,0,13089,1,0,0,0,0,0,0,0,0,0,0,0,0,0
2782,15,ef3aedc05b77a5e9,2.176267,18.741354,1,13492,1,1,0,0,1,0,0,0,0,0,0,0,0,1
2783,15,a2f63d573a4d2d04,2.678601,14.079679,0,13233,1,0,0,0,0,0,0,0,0,0,0,0,0,0
2784,15,b2f281cb78a4a7d2,2.012333,17.535225,1,13105,1,1,0,0,1,0,0,0,0,0,0,0,0,1
2785,15,307419f7a95fd327,1.513303,16.667241,1,13179,1,1,0,0,1,0,0,0,0,0,0,0,0,0
2786,15,1ee7a425ddb23789,2.180541,16.00032,1,13194,1,0,0,0,0,0,0,0,0,0,0,0,0,1
2787,15,aca061d26f57afd6,1.638159,15.499287,1,13191,1,1,0,0,1,0,0,0,0,0,0,0,0,0
2788,15,bb0611075d30786d,2.27607,15.136186,1,13261,1,0,0,0,0,0,0,0,0,0,0,0,0,1
2789,15,95942481b26ba761,1.709926,14.850095,1,13291,1,1,0,0,1,0,0,0,0,0,0,0,0,0
2790,15,9728251fe3c00355,2.328257,14.635166,1,14261,1,0,0,0,0,0,0,0,0,0,0,0,0,1
2791,15,60d17337b8aad8d5,1.749132,14.473698,1,13988,1,1,0,0,1,0,0,0,0,0,0,0,0,0
2792,15,bd9fdf0a2843205a,2.359523,14.364929,1,15771,1,0,0,0,0,0,0,0,0,0,0,0,0,1
2793,15,62408031a36deed5,1.772621,14.270678,1,15933,1,1,0,0,1,0,0,0,0,0,0,0,0,0
2794,15,60cec0262d3bd598,2.375358,14.199872,1,15441,1,0,0,0,0,0,0,0,0,0,0,0,0,1
2795,15,994b26146f4ed86b,1.786303,14.159008,1,14912,1,1,0,0,1,0,0,0,0,0,0,0,0,0
2796,15,8a2243d42ddf0715,3.429289,14.115978,1,14708,2,0,0,0,0,0,0,0,0,0,0,0,0,1
2797,15,1a6895d208963c02,1.532643,17.562495,1,14514,0,1,0,0,1,0,0,0,0,0,0,0,0,1
2798,15,1602cd8f9b309d2e,2.195071,13.194046,0,15337,1,0,0,0,0,0,0,0,0,0,0,0,0,0
2799,15,cc725c7d4456206a,2.694875,16.883114,1,14580,2,1,0,0,1,0,0,0,0,0,0,0,0,1
2800,15,48a67c3d0196e367,3.068212,16.162497,1,14322,1,0,0,0,0,0,0,0,0,0,0,0,0,1
2801,15,6d33116d26b32132,2.305033,19.099969,1,14201,1,1,0,0,1,0,0,0,0,0,0,0,0,1
2802,15,64f9d2b095a04701,2.777568,14.363449,0,14159,1,0,0,0,0,0,0,0,0,0,0,0,0,0
2803,15,5ed115823d7e4e05,2.086683,17.748411,1,14109,1,1,0,0,1,0,0,0,0,0,0,0,0,1
2804,16,1fd48474a6be9a50,1.567647,16.812562,1,14201,1,1,0,0,1,0,0,0,0,0,0,0,0,0
2805,16,530e0ea8d92a6d51,1.177715,16.109494,1,14104,1,1,0,0,0,0,0,0,0,0,0,0,0,1
2806,16,9d91a06f605c6d81,1.929809,19.075573,1,13927,1,0,0,0,1,0,0,0,0,0,0,0,0,1
2807,16,1bedfd585b1aa4b9,1.449793,17.809609,1,14321,1,1,0,0,1,0,0,0,0,0,0,0,0,0
2808,16,26a9669cba5af3ef,1.089175,20.0,1,14211,1,1,0,0,1,0,0,0,0,0,0,0,0,1
2809,16,4f55c5e4b2d3c044,1.863226,18.774503,1,14058,1,0,0,0,0,0,0,0,0,0,0,0,0,1
2810,16,429a6cfc04b09590,1.399772,17.583427,1,14208,1,1,0,0,1,0,0,0,0,0,0,0,0,0
2811,16,bfd1095e82cc3b3f,1.051596,20.0,1,14140,1,1,0,0,1,0,0,0,0,0,0,0,0,1
2812,16,e8a24dfe484cb614,1.833678,15.151059,0,14088,1,0,0,0,0,0,0,0,0,0,0,0,0,0
2813,16,a8eb40163c807ab7,1.378952,18.354816,1,13939,1,1,0,0,1,0,0,0,0,0,0,0,0,1
2814,16,b734eb68cadec0ba,1.035955,17.268131,1,13861,1,1,0,0,1,0,0,0,0,0,0,0,0,0
2815,16,03ed9d518f369873,1.821928,16.451746,1,14076,1,0,0,0,0,0,0,0,0,0,0,0,0,1
2816,16,cd43fcebe8f5e6e6,1.370116,15.852449,1,13951,1,1,0,0,1,0,0,0,0,0,0,0,0,0
2817,16,338e1a6d9a9334b5,1.029317,18.867042,1,14049,1,1,0,0,1,0,0,0,0,0,0,0,0,1
2818,16,f71f04d2a5841727,0.773287,17.652948,1,13948,1,1,0,0,1,0,0,0,0,0,0,0,0,0
2819,16,dab4ff966e399802,0.580942,20.0,1,14058,1,1,0,0,1,0,0,0,0,0,0,0,0,1
2820,16,339e340883d8ecaf,0.436876,18.685996,1,13983,1,1,0,0,0,0,0,0,0,0,0,0,0,1
2821,16,0f3eea50b2030a66,2.415516,17.516935,1,14085,2,0,0,0,1,0,0,0,0,0,0,0,0,0
2822,16,157d3461e0a7f335,1.814687,20.0,1,13961,1,1,0,0,1,0,0,0,0,0,0,0,0,1
2823,16,f1991b9aba19249f,1.36467,18.609154,1,13937,1,1,0,0,1,0,0,0,0,0,0,0,0,0
2824,16,f0cae4ef532c2023,2.068879,17.459206,1,14058,1,0,0,0,0,0,0,0,0,0,0,0,0,1
2825,16,3dc875a761d5c5ef,1.554272,16.595293,1,14054,1,1,0,0,1,0,0,0,0,0,0,0,0,0
2826,16,e90cc852e180b7a9,1.167666,19.425113,1,13936,1,1,0,0,1,0,0,0,0,0,0,0,0,1
2827,16,0843c071791750a4,0.878102,18.088463,1,14077,1,1,0,0,1,0,0,0,0,0,0,0,0,0
2828,16,e7652621d19bb2aa,1.703338,17.068031,1,13821,1,0,0,0,0,0,0,0,0,0,0,0,0,1
2829,16,83403ab2ce2e5edc,1.279654,16.301418,1,13934,1,1,0,0,1,0,0,0,0,0,0,0,0,0
2830,16,31f44b91b5854a60,2.006469,19.219902,1,13894,2,1,0,0,1,0,0,0,0,0,0,0,0,1
2831,16,9eeb382b0724ec5e,0.463732,20.0,1,13961,0,1,0,0,1,0,0,0,0,0,0,0,0,1
2832,16,8cf44fb6a5bc2678,2.435691,19.553523,1,14010,2,0,0,0,0,0,0,0,0,0,0,0,0,1
2833,16,26302fd6db433208,1.829844,18.168675,1,13945,1,1,0,0,1,0,0,0,0,0,0,0,0,0
2834,16,212d5aa4658ea2f7,1.376068,20.0,1,13872,1,1,0,0,1,0,0,0,0,0,0,0,0,1
2835,16,37a5a18fb6caef37,1.033789,18.972964,1,14118,1,1,0,0,1,0,0,0,0,0,0,0,0,0
2836,16,79c0b206a03c3fd7,1.8203,17.732523,1,14069,1,0,0,0,0,0,0,0,0,0,0,0,0,1
2837,16,066f19424897b5f9,1.368892,20.0,1,13906,1,1,0,0,1,0,0,0,0,0,0,0,0,1
2838,16,45cd890081455bb1,1.028397,18.726556,1,14118,1,1,0,0,1,0,0,0,0,0,0,0,0,0
2839,16,750fc310f3e0ed42,0.772596,20.0,1,13865,1,1,0,0,1,0,0,0,0,0,0,0,0,1
2840,16,adc39f36c9059362,1.624076,15.796236,0,14041,1,0,0,0,0,0,0,0,0,0,0,0,0,0
2841,16,693f8e80d696f528,1.221328,18.839998,1,13967,1,1,0,0,1,0,0,0,0,0,0,0,0,1
2842,16,5f8694262bdec3db,1.961192,20.0,1,13958,2,1,0,0,1,0,0,0,0,0,0,0,0,1
2843,16,be87caf26ae80d84,2.517023,15.860262,0,13942,1,0,0,0,0,0,0,0,0,0,0,0,0,0
2844,16,4b1d73b558ff518d,1.892837,18.888147,1,13914,1,1,0,0,1,0,0,0,0,0,0,0,0,1
2845,16,f36ec1ebfb66065a,1.422018,17.668803,1,13907,1,1,0,0,1,0,0,0,0,0,0,0,0,0
2846,16,8bcb0108c5b59465,1.068309,20.0,1,13835,1,1,0,0,1,0,0,0,0,0,0,0,0,1
2847,16,144d658975f33c99,1.846234,18.678089,1,13924,1,0,0,0,0,0,0,0,0,0,0,0,0,1
2848,16,7cc0640289db4a08,2.432545,20.0,1,13978,2,1,0,0,1,0,0,0,0,0,0,0,0,1
2849,16,8ae13877ca477144,1.82748,19.260763,1,13920,1,1,0,0,1,0,0,0,0,0,0,0,0,0
2850,16,89273edfc1fcab3b,1.372917,20.0,1,13985,1,1,0,0,1,0,0,0,0,0,0,0,0,1
2851,16,ff509d4937e6c5a2,1.032453,19.594348,1,13690,1,1,0,0,1,0,0,0,0,0,0,0,0,0
2852,16,a525ba8c6fda05e0,0.775644,20.0,1,13935,1,1,0,0,1,0,0,0,0,0,0,0,0,1
2853,16,9c34e789ab177fd0,1.626365,19.764858,1,13883,2,1,0,0,0,0,0,0,0,0,0,0,0,1
2854,16,5806e9698a0d2317,2.265481,20.0,1,13919,1,0,0,0,1,0,0,0,0,0,0,0,0,1
2855,16,65bf1cd447797f08,1.703674,20.0,1,13778,1,1,0,0,1,0,0,0,0,0,0,0,0,1
2856,16,b06c22a10c518c04,1.279907,20.0,1,13951,1,1,0,0,1,0,0,0,0,0,0,0,0,0
2857,16,f0f1f40ae0008ff0,0.961546,20.0,1,13875,1,1,0,0,1,0,0,0,0,0,0,0,0,1
2858,16,954e472fdb2cd921,1.767247,17.112304,0,13952,1,0,0,0,0,0,0,0,0,0,0,0,0,0
2859,16,f17697aa27d40f0a,1.327666,19.813524,1,13898,1,1,0,0,1,0,0,0,0,0,0,0,0,1
2860,16,76320273c53705ec,2.04108,20.0,1,13931,2,1,0,0,1,0,0,0,0,0,0,0,0,1
2861,16,22fed034d49683cc,1.533387,19.88856,1,13907,1,1,0,0,1,0,0,0,0,0,0,0,0,0
2862,16,f0b9c73bce37e583,1.153129,20.0,1,13712,1,1,0,0,1,0,0,0,0,0,0,0,0,1
2863,16,222567fb1694f051,1.909956,19.944631,1,13779,1,0,0,0,0,0,0,0,0,0,0,0,0,1
2864,16,3208e0e284c2bc4f,1.434878,20.0,1,13855,1,1,0,0,1,0,0,0,0,0,0,0,0,1
2865,16,9bcaeb3483fcd7c2,1.079049,16.500204,0,13754,1,1,0,0,0,0,0,0,0,0,0,0,0,0
2866,16,fe8a26206423eacd,1.854303,19.353675,1,13768,1,0,0,0,1,0,0,0,0,0,0,0,0,1
2867,16,f2f2d3b60e90ed71,2.436722,20.0,1,13825,2,1,0,0,1,0,0,0,0,0,0,0,0,1
2868,16,0e84052fedb16a60,1.830618,19.629024,1,13876,1,1,0,0,1,0,0,0,0,0,0,0,0,0
2869,16,7d4cff386e8cd48b,1.376651,18.241807,1,13715,1,1,0,0,0,0,0,0,0,0,0,0,0,1
2870,16,908c9916fafe99d6,2.07788,20.0,1,13807,1,0,0,0,1,0,0,0,0,0,0,0,0,1
2871,16,809fdbdd03a6a08e,1.561033,19.001491,1,13744,1,1,0,0,1,0,0,0,0,0,0,0,0,0
2872,16,dfaf84098e2a0182,1.173919,20.0,1,13778,1,1,0,0,1,0,0,0,0,0,0,0,0,1
2873,16,de1f003b45222f03,1.925575,15.964627,0,13749,1,0,0,0,0,0,0,0,0,0,0,0,0,0
2874,16,b928254cb0f4ce7a,1.446613,18.951317,1,13911,1,1,0,0,1,0,0,0,0,0,0,0,0,1
2875,16,1de35e8a0580f8e1,2.130439,20.0,1,13805,2,1,0,0,1,0,0,0,0,0,0,0,0,1
2876,16,07888ab35aca9b86,2.646271,19.419523,1,13703,1,0,0,0,0,0,0,0,0,0,0,0,0,1
2877,16,7959d0cfdd200be5,1.988045,18.068006,1,13817,1,1,0,0,1,0,0,0,0,0,0,0,0,0
2878,16,8ee1148c88e1bb7f,1.493544,20.0,1,13787,1,1,0,0,1,0,0,0,0,0,0,0,0,1
2879,16,c3b38ff5a4e5fd45,2.167317,18.920487,1,13831,1,0,0,0,0,0,0,0,0,0,0,0,0,1
2880,16,23996e353325a823,1.628224,17.693099,1,13802,1,1,0,0,1,0,0,0,0,0,0,0,0,0
2881,16,4584c5993c4c5792,2.266877,16.771009,1,13777,1,0,0,0,0,0,0,0,0,0,0,0,0,1
2882,16,f7ac0f33bd696ad1,2.746673,19.557121,1,13626,2,1,0,0,1,0,0,0,0,0,0,0,0,1
2883,16,77fbdef6be6829bf,2.065538,20.0,1,13640,1,1,0,0,1,0,0,0,0,0,0,0,0,1
2884,16,9c5e6348dade8270,2.595415,19.757381,1,13738,1,0,0,0,0,0,0,0,0,0,0,0,0,1
2885,16,23cd70ca33890fed,1.949838,18.321826,1,13697,1,1,0,0,1,0,0,0,0,0,0,0,0,0
2886,16,c5b9567e4cb54a21,2.510456,17.258776,1,13585,1,0,0,0,0,0,0,0,0,0,0,0,0,1
2887,16,296ea2e5506d5457,1.886012,19.923562,1,13785,1,1,0,0,1,0,0,0,0,0,0,0,0,1
2888,16,684018b2db8b4c75,2.460544,14.967828,0,13695,1,0,0,0,0,0,0,0,0,0,0,0,0,0
2889,16,73ddc3e0978d9377,1.848514,18.202458,1,13772,1,1,0,0,1,0,0,0,0,0,0,0,0,1
2890,16,1bab5d6ba36c8504,1.390109,20.0,1,13843,1,1,0,0,1,0,0,0,0,0,0,0,0,1
2891,16,14ac4711baf922b6,3.131644,15.513206,0,13816,2,0,0,0,0,0,0,0,0,0,0,0,0,0
2892,16,f9faff44a9a40529,2.352687,18.612181,1,13619,1,1,0,0,1,0,0,0,0,0,0,0,0,1
2893,16,b7c368fe10dbe2aa,1.769254,13.996625,0,13508,1,1,0,0,0,0,0,0,0,0,0,0,0,0
2894,16,fbcff011c750f16f,2.372828,17.47283,1,13674,1,0,0,0,1,0,0,0,0,0,0,0,0,1
2895,16,1cf7a548c1332fbf,1.782617,16.605529,1,13576,1,1,0,0,1,0,0,0,0,0,0,0,0,0
2896,16,c7dca34fe5c74b52,1.339213,15.953958,1,13524,1,1,0,0,0,0,0,0,0,0,0,0,0,1
2897,16,8da81b453a9b00d0,2.051258,15.478105,1,13540,1,0,0,0,1,0,0,0,0,0,0,0,0,0
2898,16,c14d15e31b26ee2d,1.541034,18.585811,1,13621,1,1,0,0,1,0,0,0,0,0,0,0,0,1
2899,16,8ab4c35dac7feb1b,2.201374,17.441669,1,13639,1,0,0,0,0,0,0,0,0,0,0,0,0,1
2900,16,41ee9386bfbef383,1.655465,16.596886,1,13587,1,1,0,0,1,0,0,0,0,0,0,0,0,0
2901,16,2f0a789f4dc10e25,1.243689,19.426309,1,13427,1,1,0,0,1,0,0,0,0,0,0,0,0,1
2902,16,0069be2d171f535e,1.97799,18.073104,1,13560,1,0,0,0,0,0,0,0,0,0,0,0,0,1
2903,16,70999c15fa208bfb,1.48599,17.056492,1,13601,1,1,0,0,1,0,0,0,0,0,0,0,0,0
2904,16,03719d390724baea,1.117486,19.787729,1,13640,1,1,0,0,1,0,0,0,0,0,0,0,0,1
2905,16,b45eeaba0f2389b6,1.883179,18.344625,1,13636,1,0,0,0,0,0,0,0,0,0,0,0,0,1
2906,16,2db91c5a3da641d6,1.414762,17.260476,1,13605,1,1,0,0,1,0,0,0,0,0,0,0,0,0
2907,16,dc0959974c8f1f78,1.063921,19.941127,1,13638,1,1,0,0,1,0,0,0,0,0,0,0,0,1
2908,16,31c82bc6cd07a1d0,1.842937,18.459868,1,13436,1,0,0,0,0,0,0,0,0,0,0,0,0,1
2909,16,e7cccb8d090b0eb6,2.428183,20.0,1,13684,2,1,0,0,1,0,0,0,0,0,0,0,0,1
2910,16,9c439ee943f16500,1.824203,20.0,1,13644,1,1,0,0,1,0,0,0,0,0,0,0,0,1
2911,16,a215fd0c41d342d4,1.371827,20.0,1,13658,1,1,0,0,1,0,0,0,0,0,0,0,0,0
2912,16,918d60c328662234,2.074256,18.863641,1,13521,1,0,0,0,0,0,0,0,0,0,0,0,0,1
2913,16,6b08a4c55c22e69e,1.558311,17.650393,1,13734,1,1,0,0,1,0,0,0,0,0,0,0,0,0
2914,16,255207cc2c8fdde7,1.171872,20.0,1,13637,1,1,0,0,1,0,0,0,0,0,0,0,0,1
2915,16,1c5997354e79f0ad,0.880384,15.201311,0,13863,1,1,0,0,0,0,0,0,0,0,0,0,0,0
2916,16,6cdfb743375db81c,1.705053,18.377866,1,13738,1,0,0,0,1,0,0,0,0,0,0,0,0,1
2917,16,f03940c82ac8d2fb,1.280942,17.285448,1,13667,1,1,0,0,1,0,0,0,0,0,0,0,0,0
2918,16,64f7a2ca4e49b5b3,2.007437,16.479405,1,13735,2,1,0,0,0,0,0,0,0,0,0,0,0,1
2919,16,2ae90ab38b0ea59d,2.551766,19.33805,1,13768,1,0,0,0,1,0,0,0,0,0,0,0,0,1
2920,16,15754ef0ce4bc799,1.917046,20.0,1,13869,1,1,0,0,1,0,0,0,0,0,0,0,0,1
2921,16,6f5469b0eb145b76,1.441646,20.0,1,13886,1,1,0,0,1,0,0,0,0,0,0,0,0,1
2922,16,e6417c56124f5ce9,1.083055,20.0,1,13850,1,1,0,0,1,0,0,0,0,0,0,0,0,0
2923,16,3a9cc99052507137,2.900965,19.140356,1,13932,2,0,0,0,0,0,0,0,0,0,0,0,0,1
2924,16,5318af782f0df987,2.179387,20.0,1,13962,1,1,0,0,1,0,0,0,0,0,0,0,0,1
2925,16,d56662e0b1518202,1.63893,20.0,1,13906,1,1,0,0,1,0,0,0,0,0,0,0,0,1
2926,16,a1dbf0bfd939327d,1.231267,20.0,1,13938,1,1,0,0,1,0,0,0,0,0,0,0,0,1
2927,16,15b4cfb8dc7370b0,0.925005,18.212,0,14031,1,1,0,0,0,0,0,0,0,0,0,0,0,0
2928,16,ab2a636f3472785e,1.739767,20.0,1,13852,1,0,0,0,1,0,0,0,0,0,0,0,0,1
2929,16,47fc2d2b25b94248,2.350675,20.0,1,14069,2,1,0,0,1,0,0,0,0,0,0,0,0,1
2930,16,bb515cc179bc7bcd,1.765975,20.0,1,13927,1,1,0,0,1,0,0,0,0,0,0,0,0,1
2931,16,bd25a83921ffaf06,1.326711,17.912567,0,14042,1,1,0,0,0,0,0,0,0,0,0,0,0,0
2932,16,973dcd557efd70a4,2.041856,20.0,1,13977,1,0,0,0,1,0,0,0,0,0,0,0,0,1
2933,16,f4acecc7d91f8a60,1.53397,18.828273,1,14038,1,1,0,0,1,0,0,0,0,0,0,0,0,0
2934,16,cb51cfd5bc8e0866,1.152414,20.0,1,14095,1,1,0,0,1,0,0,0,0,0,0,0,0,1
2935,16,26f518e116ce1d14,1.910782,19.350008,1,13905,1,0,0,0,0,0,0,0,0,0,0,0,0,1
2936,16,813ae52b4f5cd4c6,2.479153,20.0,1,14063,2,1,0,0,1,0,0,0,0,0,0,0,0,1
2937,16,070a8e8cc658521e,1.862495,19.626954,1,14168,1,1,0,0,1,0,0,0,0,0,0,0,0,0
2938,16,19ad95fa85965f03,1.399223,20.0,1,13981,1,1,0,0,1,0,0,0,0,0,0,0,0,1
2939,16,7cab6bd0eb8c018f,2.096386,16.320729,0,14056,1,0,0,0,0,0,0,0,0,0,0,0,0,0
2940,16,9496b5c371c50574,1.574936,19.218843,1,14191,1,1,0,0,1,0,0,0,0,0,0,0,0,1
2941,16,e02b163a14fb1811,1.183191,20.0,1,14242,1,1,0,0,1,0,0,0,0,0,0,0,0,1
2942,16,5922081e930533f2,1.933927,20.0,1,14082,2,1,0,0,1,0,0,0,0,0,0,0,0,1
2943,16,06a14ba7d2b407cb,1.452887,20.0,1,14228,1,1,0,0,1,0,0,0,0,0,0,0,0,0
2944,16,521450f85fc10c7e,2.135153,19.102345,1,14391,1,0,0,0,0,0,0,0,0,0,0,0,0,1
2945,16,486b1bc027108779,1.604061,20.0,1,14359,1,1,0,0,1,0,0,0,0,0,0,0,0,1
2946,16,51558366bffde1b8,1.206276,20.0,1,14358,1,1,0,0,1,0,0,0,0,0,0,0,0,1
2947,16,357d4ce80897be32,0.90623,20.0,1,14446,1,1,0,0,1,0,0,0,0,0,0,0,0,0
2948,16,92bf06a3be0edbb2,2.768124,19.065199,1,14472,2,0,0,0,0,0,0,0,0,0,0,0,0,1
2949,16,d41dbc8be39f297e,2.081669,20.0,1,14479,1,1,0,0,1,0,0,0,0,0,0,0,0,1
2950,16,af032e4a56af0158,1.56388,20.0,1,14561,1,1,0,0,1,0,0,0,0,0,0,0,0,1
2951,16,1cb696b44fd26f94,1.174884,20.0,1,14403,1,1,0,0,1,0,0,0,0,0,0,0,0,1
2952,16,c46e084988a2ec3f,2.969953,20.0,1,14679,2,0,0,0,0,0,0,0,0,0,0,0,0,1
2953,16,93600c942ffb563a,2.233447,20.0,1,14501,1,1,0,0,1,0,0,0,0,0,0,0,0,1
2954,16,503c76479d54cfec,1.677905,20.0,1,14661,1,1,0,0,1,0,0,0,0,0,0,0,0,0
2955,16,1d51d065c4ea76f0,2.304201,19.215828,1,14540,1,0,0,0,0,0,0,0,0,0,0,0,0,1
2956,16,ff155b6f0ba1f912,1.732792,17.931079,1,14537,1,1,0,0,1,0,0,0,0,0,0,0,0,0
2957,16,f60d8bb3753234df,1.301782,20.0,1,14487,1,1,0,0,1,0,0,0,0,0,0,0,0,1
2958,16,3b3a1e9b142071ce,0.97798,18.826117,1,14774,1,1,0,0,1,0,0,0,0,0,0,0,0,0
2959,16,769abeac29d2fd42,0.73472,20.0,1,14652,1,1,0,0,1,0,0,0,0,0,0,0,0,1
2960,16,379d4efdb2ffeb79,1.59667,20.0,1,14762,2,1,0,0,1,0,0,0,0,0,0,0,0,1
2961,16,fe4ae894cdbf1639,2.243172,20.0,1,14725,1,0,0,0,0,0,0,0,0,0,0,0,0,1
2962,16,36b5457f9890dff0,1.685211,18.97712,1,14750,1,1,0,0,1,0,0,0,0,0,0,0,0,0
2963,16,b098bbb4102479c4,1.267303,20.0,1,14868,1,1,0,0,1,0,0,0,0,0,0,0,0,1
2964,16,9cfbc522f9cec8b7,1.995731,15.950859,0,14685,1,0,0,0,0,0,0,0,0,0,0,0,0,0
2965,16,ab155ace67538cd9,1.499318,18.940973,1,14774,1,1,0,0,1,0,0,0,0,0,0,0,0,1
2966,16,943d6fbaa57a6325,2.170035,20.0,1,14955,2,1,0,0,1,0,0,0,0,0,0,0,0,1
2967,16,06d166aa76747abb,1.631897,19.413679,1,14884,1,1,0,0,0,0,0,0,0,0,0,0,0,1
2968,16,01acb05666a560bb,2.269637,18.063616,1,14830,1,0,0,0,1,0,0,0,0,0,0,0,0,0
2969,16,5326a647843da347,1.705093,20.0,1,14945,1,1,0,0,1,0,0,0,0,0,0,0,0,1
2970,16,2ca5ae76cf13fb39,1.282254,15.437505,0,14973,1,1,0,0,0,0,0,0,0,0,0,0,0,0
2971,16,900199d7114c3ff6,2.006963,18.55531,1,14797,1,0,0,0,1,0,0,0,0,0,0,0,0,1
2972,16,5bd93c5b6d78c671,2.55141,20.0,1,14929,2,1,0,0,1,0,0,0,0,0,0,0,0,1
2973,16,8ffb28eee156db55,2.960432,15.699585,0,14919,1,0,0,0,0,0,0,0,0,0,0,0,0,0
2974,16,18b55b1a8fcdd5d6,2.226287,18.767315,1,14871,1,1,0,0,1,0,0,0,0,0,0,0,0,1
2975,16,d82738fe564d0f13,2.71618,20.0,1,14889,2,1,0,0,1,0,0,0,0,0,0,0,0,1
2976,16,d0a5c3e057a920e8,3.084218,19.298085,1,14917,1,0,0,0,0,0,0,0,0,0,0,0,0,1
2977,16,896caafc140503c5,2.319376,20.0,1,15022,1,1,0,0,1,0,0,0,0,0,0,0,0,1
2978,16,f9014a2278fe991d,1.74246,19.611036,1,15161,1,1,0,0,1,0,0,0,0,0,0,0,0,0
2979,16,ee18f306c06ff068,1.309045,18.211883,1,15081,1,1,0,0,0,0,0,0,0,0,0,0,0,1
2980,17,1fd48474a6be9a50,2.02709,20.0,1,14024,1,0,0,0,1,0,0,0,0,0,0,0,0,1
2981,17,530e0ea8d92a6d51,1.524401,19.001772,1,14063,1,1,0,0,1,0,0,0,0,0,0,0,0,0
2982,17,9d91a06f605c6d81,2.188879,17.754165,1,14109,1,0,0,0,0,0,0,0,0,0,0,0,0,1
2983,17,1bedfd585b1aa4b9,1.644423,16.816885,1,14277,1,1,0,0,1,0,0,0,0,0,0,0,0,0
2984,17,26a9669cba5af3ef,1.236629,19.607541,1,14274,1,1,0,0,1,0,0,0,0,0,0,0,0,1
2985,17,4f55c5e4b2d3c044,1.972687,18.209257,1,14027,2,1,0,0,0,0,0,0,0,0,0,0,0,1
2986,17,429a6cfc04b09590,2.525659,17.158779,1,14117,1,0,0,0,1,0,0,0,0,0,0,0,0,0
2987,17,bfd1095e82cc3b3f,1.897433,19.848438,1,14223,1,1,0,0,1,0,0,0,0,0,0,0,0,1
2988,17,e8a24dfe484cb614,0.382746,18.40681,1,13897,0,1,0,0,1,0,0,0,0,0,0,0,0,0
2989,17,a8eb40163c807ab7,1.331196,13.828348,0,14033,1,0,0,0,0,0,0,0,0,0,0,0,0,0
2990,17,b734eb68cadec0ba,1.000078,17.34641,1,13955,1,1,0,0,1,0,0,0,0,0,0,0,0,1
2991,17,03ed9d518f369873,0.752073,16.525249,1,13907,1,1,0,0,1,0,0,0,0,0,0,0,0,0
2992,17,cd43fcebe8f5e6e6,1.608658,15.893647,1,14098,1,0,0,0,0,0,0,0,0,0,0,0,0,1
2993,17,338e1a6d9a9334b5,1.208524,18.897992,1,13875,1,1,0,0,1,0,0,0,0,0,0,0,0,1
2994,17,f71f04d2a5841727,0.907919,17.676199,1,14082,1,1,0,0,1,0,0,0,0,0,0,0,0,0
2995,17,dab4ff966e399802,1.726919,20.0,1,13931,2,1,0,0,1,0,0,0,0,0,0,0,0,1
2996,17,339e340883d8ecaf,2.341023,15.215891,0,14031,1,0,0,0,0,0,0,0,0,0,0,0,0,0
2997,17,0f3eea50b2030a66,1.758723,18.388819,1,14105,1,1,0,0,1,0,0,0,0,0,0,0,0,1
2998,17,157d3461e0a7f335,1.322585,20.0,1,13938,1,1,0,0,1,0,0,0,0,0,0,0,0,1
2999,17,f1991b9aba19249f,0.993608,19.097337,1,13945,1,1,0,0,1,0,0,0,0,0,0,0,0,0
3000,17,f0cae4ef532c2023,1.790114,17.82596,1,14103,1,0,0,0,0,0,0,0,0,0,0,0,0,1
3001,17,3dc875a761d5c5ef,1.344846,16.870822,1,13984,1,1,0,0,1,0,0,0,0,0,0,0,0,0
3002,17,e90cc852e180b7a9,2.055494,19.648102,1,13949,2,1,0,0,1,0,0,0,0,0,0,0,0,1
3003,17,0843c071791750a4,2.587869,18.239729,1,14000,1,0,0,0,0,0,0,0,0,0,0,0,0,1
3004,17,e7652621d19bb2aa,1.944169,17.181671,1,13963,1,1,0,0,1,0,0,0,0,0,0,0,0,0
3005,17,83403ab2ce2e5edc,1.462043,19.881865,1,13883,1,1,0,0,1,0,0,0,0,0,0,0,0,1
3006,17,31f44b91b5854a60,1.098378,20.0,1,13974,1,1,0,0,1,0,0,0,0,0,0,0,0,1
3007,17,9eeb382b0724ec5e,1.868824,16.448287,0,13994,1,0,0,0,0,0,0,0,0,0,0,0,0,0
3008,17,8cf44fb6a5bc2678,1.403978,19.314672,1,14034,1,1,0,0,1,0,0,0,0,0,0,0,0,1
3009,17,26302fd6db433208,1.055811,18.005411,1,13882,1,1,0,0,1,0,0,0,0,0,0,0,0,0
3010,17,212d5aa4658ea2f7,2.880498,17.005636,1,13922,2,0,0,0,0,0,0,0,0,0,0,0,0,1
3011,17,37a5a18fb6caef37,2.164011,19.733388,1,14176,1,1,0,0,1,0,0,0,0,0,0,0,0,1
3012,17,79c0b206a03c3fd7,1.627367,20.0,1,13909,1,1,0,0,1,0,0,0,0,0,0,0,0,1
3013,17,c2376b0af88b997c,1.22258,19.856965,1,13993,1,1,0,0,1,0,0,0,0,0,0,0,0,0
3014,17,6484211bcaa3988b,0.918479,18.39664,1,14020,1,1,0,0,0,0,0,0,0,0,0,0,0,1
3015,17,bb6c2f7a25964c84,1.733672,17.299552,1,14059,1,0,0,0,1,0,0,0,0,0,0,0,0,0
3016,17,66b1f64089a6f384,1.303746,19.970513,1,13890,1,1,0,0,1,0,0,0,0,0,0,0,0,1
3017,17,ea8c132e457af786,2.023109,20.0,1,14074,2,1,0,0,1,0,0,0,0,0,0,0,0,1
3018,17,052f36be903b4c06,2.56354,19.977164,1,13917,1,0,0,0,0,0,0,0,0,0,0,0,0,1
3019,17,8e82ec90f90651e7,1.927818,18.503614,1,13996,1,1,0,0,1,0,0,0,0,0,0,0,0,0
3020,17,4f7951c9fb9652a2,1.448298,20.0,1,13873,1,1,0,0,1,0,0,0,0,0,0,0,0,1
3021,17,d7844e8c8ba22263,2.131705,15.670409,0,13959,1,0,0,0,0,0,0,0,0,0,0,0,0,0
3022,17,6924a5f6007e7c0e,1.601471,18.730281,1,14088,1,1,0,0,1,0,0,0,0,0,0,0,0,1
3023,17,989e039664e0383c,1.204329,20.0,1,13866,1,1,0,0,1,0,0,0,0,0,0,0,0,1
3024,17,b83094f7827bc2cc,1.94842,19.290249,1,13966,2,1,0,0,0,0,0,0,0,0,0,0,0,1
3025,17,d70399cdf9ed2253,2.507429,20.0,1,14050,1,0,0,0,1,0,0,0,0,0,0,0,0,1
3026,17,ffe0a7377361fbe8,1.885622,19.611006,1,13985,1,1,0,0,1,0,0,0,0,0,0,0,0,0
3027,17,6bacbc7497219c94,1.416597,20.0,1,13782,1,1,0,0,1,0,0,0,0,0,0,0,0,1
3028,17,766c142925e80d9b,1.064237,20.0,1,14025,1,1,0,0,1,0,0,0,0,0,0,0,0,1
3029,17,d6e4501b7407447d,1.843175,17.469188,0,13940,1,0,0,0,0,0,0,0,0,0,0,0,0,0
3030,17,93c90bd1b22461a4,1.386094,20.0,1,13897,1,1,0,0,1,0,0,0,0,0,0,0,0,1
3031,17,32134b765ccf6fa2,2.084974,20.0,1,13947,2,1,0,0,1,0,0,0,0,0,0,0,0,1
3032,17,edbb1b237f6f8141,1.566363,20.0,1,14081,1,1,0,0,1,0,0,0,0,0,0,0,0,0
3033,17,c4739f05c1ff2efd,2.222078,18.557759,1,13927,1,0,0,0,0,0,0,0,0,0,0,0,0,1
3034,17,ca0971b523ab45b2,1.669364,20.0,1,14107,1,1,0,0,1,0,0,0,0,0,0,0,0,1
3035,17,f18e9c00f8624c51,2.297784,20.0,1,13923,2,1,0,0,1,0,0,0,0,0,0,0,0,1
3036,17,fe74e5da29b347fd,2.769893,17.022602,0,14014,1,0,0,0,0,0,0,0,0,0,0,0,0,0
3037,17,10d496b4663bc6b6,2.082999,19.762242,1,13805,1,1,0,0,1,0,0,0,0,0,0,0,0,1
3038,17,c1eea8f9c0febeb8,1.564879,18.325478,1,13936,1,1,0,0,1,0,0,0,0,0,0,0,0,0
3039,17,8c5bfe3716835382,1.175635,20.0,1,13901,1,1,0,0,1,0,0,0,0,0,0,0,0,1
3040,17,26d9ffb64b6de79c,1.928245,15.585447,0,13926,1,0,0,0,0,0,0,0,0,0,0,0,0,0
3041,17,99ad9bbd22202199,2.492272,18.666453,1,14098,2,1,0,0,1,0,0,0,0,0,0,0,0,1
3042,17,ba04675233c68b3b,1.872351,20.0,1,14066,1,1,0,0,1,0,0,0,0,0,0,0,0,1
3043,17,4a56fa8141c32c19,1.406627,20.0,1,13943,1,1,0,0,1,0,0,0,0,0,0,0,0,1
3044,17,eff3cb35f31610fa,1.057804,20.0,1,13867,1,1,0,0,1,0,0,0,0,0,0,0,0,0
3045,17,ebb096da8b7ace62,1.838342,18.929513,1,13925,1,0,0,0,0,0,0,0,0,0,0,0,0,1
3046,17,e58be22c083ad9d6,1.381077,17.69988,1,13941,1,1,0,0,1,0,0,0,0,0,0,0,0,0
3047,17,520794db6a32a2b5,1.03859,20.0,1,13698,1,1,0,0,1,0,0,0,0,0,0,0,0,1
3048,17,cceec8060cea538f,1.823907,18.708114,1,13953,1,0,0,0,0,0,0,0,0,0,0,0,0,1
3049,17,51287a1f4ea9b00d,2.413887,17.533551,1,13921,2,1,0,0,1,0,0,0,0,0,0,0,0,0
3050,17,e1d9642a02a27189,1.813463,20.0,1,13920,1,1,0,0,1,0,0,0,0,0,0,0,0,1
3051,17,a294c2535d512897,2.4079,18.618541,1,13942,1,0,0,0,0,0,0,0,0,0,0,0,0,1
3052,17,c5c7533053b0103a,1.808966,20.0,1,13986,1,1,0,0,1,0,0,0,0,0,0,0,0,1
3053,17,3c6c0b16ea2997da,2.402662,20.0,1,13810,2,1,0,0,1,0,0,0,0,0,0,0,0,1
3054,17,857b7b015db309af,1.806836,20.0,1,13923,1,1,0,0,1,0,0,0,0,0,0,0,0,1
3055,17,02dbfe7f533b644f,2.401061,18.050162,0,13952,1,0,0,0,0,0,0,0,0,0,0,0,0,0
3056,17,0e9197a312c3b827,1.803828,20.0,1,13860,1,1,0,0,1,0,0,0,0,0,0,0,0,1
3057,17,ba8b6815578568b9,2.398802,18.893327,1,14039,1,0,0,0,0,0,0,0,0,0,0,0,0,1
3058,17,66dd7853064cd037,1.803933,17.688553,1,13925,1,1,0,0,1,0,0,0,0,0,0,0,0,0
3059,17,a4838235ae942aab,3.442534,16.767593,1,14032,2,0,0,0,0,0,0,0,0,0,0,0,0,1
3060,17,e74d447dc0606f75,2.586247,19.554555,1,14093,1,1,0,0,1,0,0,0,0,0,0,0,0,1
3061,17,10df9a39134a9d50,2.989045,18.185806,1,13980,1,0,0,0,0,0,0,0,0,0,0,0,0,1
3062,17,5208ab4461b62341,2.245558,20.0,1,13882,1,1,0,0,1,0,0,0,0,0,0,0,0,1
3063,17,198ab552bfc6be66,1.687004,18.969883,1,13890,1,1,0,0,1,0,0,0,0,0,0,0,0,0
3064,17,0e2ceaabe15fdb7c,2.311036,17.730209,1,13949,1,0,0,0,0,0,0,0,0,0,0,0,0,1
3065,17,a0be1849b97be760,1.737932,16.813871,1,13845,1,1,0,0,1,0,0,0,0,0,0,0,0,0
3066,17,b627c0acc6f5dd72,1.305643,19.589322,1,13793,1,1,0,0,1,0,0,0,0,0,0,0,0,1
3067,17,2ad5a832140df023,2.024534,14.716725,0,13893,1,0,0,0,0,0,0,0,0,0,0,0,0,0
3068,17,011c101988854854,2.566629,18.028191,1,13982,2,1,0,0,1,0,0,0,0,0,0,0,0,1
3069,17,d7d94676931b9984,1.928213,20.0,1,13749,1,1,0,0,1,0,0,0,0,0,0,0,0,1
3070,17,ce19fd079223db6e,2.492247,18.880926,1,13643,1,0,0,0,0,0,0,0,0,0,0,0,0,1
3071,17,2ac0390fdaf55632,1.872332,20.0,1,13470,1,1,0,0,1,0,0,0,0,0,0,0,0,1
3072,17,13fa3d717cc4f173,2.452171,15.899253,0,13856,1,0,0,0,0,0,0,0,0,0,0,0,0,0
3073,17,2a366df43b8821bd,1.842224,18.902204,1,13917,1,1,0,0,1,0,0,0,0,0,0,0,0,1
3074,17,28107cb270c234e3,1.383994,20.0,1,13898,1,1,0,0,1,0,0,0,0,0,0,0,0,1
3075,17,e6ad969e736378d7,1.040784,20.0,1,13822,1,1,0,0,1,0,0,0,0,0,0,0,0,1
3076,17,f5bbe3eb080ea665,1.825555,20.0,1,14108,2,1,0,0,1,0,0,0,0,0,0,0,0,0
3077,17,7792770896f59847,2.415125,19.001381,1,13805,1,0,0,0,0,0,0,0,0,0,0,0,0,1
3078,17,221eed2ed29237f8,1.814393,17.753872,1,13945,1,1,0,0,1,0,0,0,0,0,0,0,0,0
3079,17,3342864d32dd55de,0.320299,16.831666,1,13701,0,1,0,0,1,0,0,0,0,0,0,0,0,0
3080,17,47738e6b5bd1ea26,0.240629,19.602691,1,13782,1,1,0,0,1,0,0,0,0,0,0,0,0,1
3081,17,878a68f20d79c0df,1.224429,14.726769,0,13803,1,0,0,0,0,0,0,0,0,0,0,0,0,0
3082,17,cbeb2a05194d7bf3,0.920788,18.035743,1,13717,1,1,0,0,1,0,0,0,0,0,0,0,0,1
3083,17,ae6512f2b25ff6ed,0.691753,17.028424,1,13786,1,1,0,0,1,0,0,0,0,0,0,0,0,0
3084,17,7c65d4740e45b470,1.563342,16.271663,1,13753,1,0,0,0,0,0,0,0,0,0,0,0,0,1
3085,17,fa41aa6d89f87074,1.17448,15.703137,1,13849,1,1,0,0,1,0,0,0,0,0,0,0,0,0
3086,17,9145d2dacd7747d5,0.883226,18.769986,1,13625,1,1,0,0,1,0,0,0,0,0,0,0,0,1
3087,17,95f5a831367f055d,2.750841,17.580033,1,13758,2,0,0,0,0,0,0,0,0,0,0,0,0,1
3088,17,a427938b8be938d0,2.066604,20.0,1,13819,1,1,0,0,1,0,0,0,0,0,0,0,0,1
3089,17,6098d79621b7c524,1.554116,18.644802,1,13584,1,1,0,0,1,0,0,0,0,0,0,0,0,0
3090,17,f1980cc91441882c,1.167549,20.0,1,13851,1,1,0,0,1,0,0,0,0,0,0,0,0,1
3091,17,15e526d13416f243,1.920789,15.750094,0,13731,1,0,0,0,0,0,0,0,0,0,0,0,0,0
3092,17,a16211d44f069988,1.443017,18.790146,1,13762,1,1,0,0,1,0,0,0,0,0,0,0,0,1
3093,17,29581ba4c913c1fe,1.08517,17.610959,1,13856,1,1,0,0,1,0,0,0,0,0,0,0,0,0
3094,17,755c9388f5dafc75,1.858901,16.7093,1,13772,1,0,0,0,0,0,0,0,0,0,0,0,0,1
3095,17,1520c005ea6b66f4,1.396523,16.031917,1,13772,1,1,0,0,1,0,0,0,0,0,0,0,0,0
3096,17,9b7c5e5875b1588b,1.050205,19.017233,1,13676,1,1,0,0,1,0,0,0,0,0,0,0,0,1
3097,17,34ee1a73cdab6a93,0.78898,20.0,1,13694,1,1,0,0,1,0,0,0,0,0,0,0,0,1
3098,17,b72aaa34b04a2c18,1.636384,15.960293,0,13671,1,0,0,0,0,0,0,0,0,0,0,0,0,0
3099,17,68dbb92fe2e4410b,1.229354,18.948061,1,13495,1,1,0,0,1,0,0,0,0,0,0,0,0,1
3100,17,bb220bcc948af029,1.968642,20.0,1,13510,2,1,0,0,1,0,0,0,0,0,0,0,0,1
3101,17,2a281ba623121173,1.478968,20.0,1,13612,1,1,0,0,1,0,0,0,0,0,0,0,0,1
3102,17,3af233fe0a613c97,2.154746,17.198002,0,13974,1,0,0,0,0,0,0,0,0,0,0,0,0,0
3103,17,419d1de992372adf,1.6204,19.894146,1,13607,1,1,0,0,1,0,0,0,0,0,0,0,0,1
3104,17,9652945413efd964,1.217346,18.424573,1,13882,1,1,0,0,1,0,0,0,0,0,0,0,0,0
3105,17,3a61ee94ea5d0001,0.914546,20.0,1,13875,1,1,0,0,1,0,0,0,0,0,0,0,0,1
3106,17,cb1366acab0aef81,0.687065,20.0,1,13659,1,1,0,0,1,0,0,0,0,0,0,0,0,1
3107,17,99d9e7dd98a9bf3d,0.516682,20.0,1,13754,1,1,0,0,1,0,0,0,0,0,0,0,0,0
3108,17,cf6b2b9cad388626,0.388164,20.0,1,13162,1,1,0,0,1,0,0,0,0,0,0,0,0,1
3109,17,4d5a2deca2ca1790,1.335267,16.776619,0,12935,1,0,0,0,0,0,0,0,0,0,0,0,0,0
3110,17,0366df9a5651536c,1.004139,19.57726,1,12802,1,1,0,0,1,0,0,0,0,0,0,0,0,1
3111,17,a2c1298d7e1f0d6a,0.754372,18.186508,1,13218,1,1,0,0,1,0,0,0,0,0,0,0,0,0
3112,17,7ca9575b6d9b0f15,0.566732,20.0,1,13150,1,1,0,0,1,0,0,0,0,0,0,0,0,1
3113,17,e0b44a62a495148a,0.425764,15.491435,0,13249,1,1,0,0,0,0,0,0,0,0,0,0,0,0
3114,17,0e57eb802e9b645a,1.364331,18.610784,1,13098,1,0,0,0,1,0,0,0,0,0,0,0,0,1
3115,17,57abc37f68a6d307,1.024971,20.0,1,13096,1,1,0,0,1,0,0,0,0,0,0,0,0,1
3116,17,2ff0029cf6eb1869,0.770023,19.209739,1,12966,1,1,0,0,1,0,0,0,0,0,0,0,0,0
3117,17,72ba4ea9e64ae97e,1.623218,17.926499,1,12976,1,0,0,0,0,0,0,0,0,0,0,0,0,1
3118,17,b3943dfb76c172c8,1.219463,16.946353,1,13246,1,1,0,0,1,0,0,0,0,0,0,0,0,0
3119,17,a345f09891a513cf,0.916137,19.688851,1,12747,1,1,0,0,1,0,0,0,0,0,0,0,0,1
3120,17,79c3e739e96fc4af,1.731913,20.0,1,12670,2,1,0,0,1,0,0,0,0,0,0,0,0,1
3121,17,7ac283d757c77319,2.346574,16.355698,0,12628,1,0,0,0,0,0,0,0,0,0,0,0,0,0
3122,17,8e535cb10809aceb,1.762893,19.245114,1,12603,1,1,0,0,1,0,0,0,0,0,0,0,0,1
3123,17,f562d8dd4ddf18c2,1.324396,20.0,1,12557,1,1,0,0,1,0,0,0,0,0,0,0,0,1
3124,17,f5c7fe91cf031bb0,0.995964,20.0,1,12583,1,1,0,0,1,0,0,0,0,0,0,0,0,1
3125,17,669f46a110a31f82,1.791884,17.32863,0,12551,1,0,0,0,0,0,0,0,0,0,0,0,0,0
3126,17,ec8e3ce753eec99d,1.346176,19.976041,1,12668,1,1,0,0,1,0,0,0,0,0,0,0,0,1
3127,17,3a3fbcb151845e70,1.011331,20.0,1,12678,1,1,0,0,1,0,0,0,0,0,0,0,0,1
3128,17,97e005eb07344a5c,0.760536,19.998451,1,12932,1,1,0,0,1,0,0,0,0,0,0,0,0,0
3129,17,f22432a8f96d3e2c,1.615015,20.0,1,13215,2,1,0,0,1,0,0,0,0,0,0,0,0,1
3130,17,2f6c75b31688d740,2.256954,19.992932,1,13230,1,0,0,0,0,0,0,0,0,0,0,0,0,1
3131,17,7605f8eaee537d23,1.697262,20.0,1,13096,1,1,0,0,1,0,0,0,0,0,0,0,0,1
3132,17,ed68bd676421f029,1.275089,20.0,1,13205,1,1,0,0,1,0,0,0,0,0,0,0,0,0
3133,17,12c831804415f678,0.957927,20.0,1,13323,1,1,0,0,1,0,0,0,0,0,0,0,0,1
3134,17,6f8a800bce277825,1.763308,16.516992,0,13220,1,0,0,0,0,0,0,0,0,0,0,0,0,0
3135,17,de87318c571bf485,2.370183,19.382017,1,13199,2,1,0,0,1,0,0,0,0,0,0,0,0,1
3136,17,2c73347c17cd2efe,1.78063,20.0,1,13463,1,1,0,0,1,0,0,0,0,0,0,0,0,1
3137,17,f69de7f148390bdd,1.337721,20.0,1,13642,1,1,0,0,1,0,0,0,0,0,0,0,0,1
3138,17,f675cd235f32f14c,1.005985,20.0,1,13399,1,1,0,0,0,0,0,0,0,0,0,0,0,1
3139,17,0e09fc423c5dca21,1.799412,19.157678,1,13377,1,0,0,0,1,0,0,0,0,0,0,0,0,0
3140,17,12a00da87496696f,1.351831,20.0,1,13552,1,1,0,0,1,0,0,0,0,0,0,0,0,1
3141,17,d0d10bcb58a70397,1.01558,19.518404,1,13417,1,1,0,0,1,0,0,0,0,0,0,0,0,0
3142,17,4c1bb360cd0c1de9,1.807881,18.15862,1,13248,1,0,0,0,0,0,0,0,0,0,0,0,0,1
3143,17,4545f841f8d87924,2.401847,20.0,1,13479,2,1,0,0,1,0,0,0,0,0,0,0,0,1
3144,17,0c41a3a58635c657,2.848071,18.95454,1,13112,1,0,0,0,0,0,0,0,0,0,0,0,0,1
3145,17,6ada593448b49e90,2.14179,17.734586,1,12998,1,1,0,0,1,0,0,0,0,0,0,0,0,0
3146,17,530fe57b57393246,1.609047,16.802176,1,13159,1,1,0,0,0,0,0,0,0,0,0,0,0,1
3147,17,5466ee51ade3da13,2.25247,16.101691,1,12983,1,0,0,0,1,0,0,0,0,0,0,0,0,0
3148,17,eb3f09a38e17a154,1.692197,19.054288,1,13213,1,1,0,0,1,0,0,0,0,0,0,0,0,1
3149,17,7cc5541adc965029,1.272556,14.329096,0,12928,1,1,0,0,0,0,0,0,0,0,0,0,0,0
3150,17,c617f4287e52b524,3.04333,17.722603,1,13052,2,0,0,0,1,0,0,0,0,0,0,0,0,1
3151,17,4d936e408510bb2d,2.28634,20.0,1,13310,1,1,0,0,1,0,0,0,0,0,0,0,0,1
3152,18,1fd48474a6be9a50,2.763511,15.244847,0,13960,1,0,0,0,0,0,0,0,0,0,0,0,0,0
3153,18,530e0ea8d92a6d51,2.076123,18.410572,1,14122,1,1,0,0,1,0,0,0,0,0,0,0,0,1
3154,18,9d91a06f605c6d81,1.559713,20.0,1,14123,1,1,0,0,1,0,0,0,0,0,0,0,0,1
3155,18,1bedfd585b1aa4b9,2.215408,15.617896,0,14341,1,0,0,0,0,0,0,0,0,0,0,0,0,0
3156,18,26a9669cba5af3ef,1.666018,18.705884,1,14109,1,1,0,0,1,0,0,0,0,0,0,0,0,1
3157,18,4f55c5e4b2d3c044,1.251617,17.531876,1,14358,1,1,0,0,1,0,0,0,0,0,0,0,0,0
3158,18,429a6cfc04b09590,0.940293,20.0,1,13990,1,1,0,0,1,0,0,0,0,0,0,0,0,1
3159,18,bfd1095e82cc3b3f,1.751264,15.137093,0,13954,1,0,0,0,0,0,0,0,0,0,0,0,0,0
3160,18,e8a24dfe484cb614,1.315659,18.329621,1,13987,1,1,0,0,1,0,0,0,0,0,0,0,0,1
3161,18,a8eb40163c807ab7,0.988406,17.249204,1,13904,1,1,0,0,0,0,0,0,0,0,0,0,0,1
3162,18,b734eb68cadec0ba,1.786206,16.437527,1,14104,1,0,0,0,1,0,0,0,0,0,0,0,0,0
3163,18,03ed9d518f369873,2.387403,19.322258,1,14078,2,1,0,0,1,0,0,0,0,0,0,0,0,1
3164,18,cd43fcebe8f5e6e6,0.749913,20.0,1,13938,0,1,0,0,1,0,0,0,0,0,0,0,0,1
3165,18,338e1a6d9a9334b5,1.607035,20.0,1,13932,2,1,0,0,1,0,0,0,0,0,0,0,0,1
3166,18,f71f04d2a5841727,2.252664,20.0,1,14064,1,0,0,0,0,0,0,0,0,0,0,0,0,1
3167,18,dab4ff966e399802,1.692342,19.138623,1,13879,1,1,0,0,1,0,0,0,0,0,0,0,0,0
3168,18,339e340883d8ecaf,1.271393,20.0,1,14146,1,1,0,0,1,0,0,0,0,0,0,0,0,1
3169,18,0f3eea50b2030a66,0.95515,20.0,1,14028,1,1,0,0,1,0,0,0,0,0,0,0,0,1
3170,18,157d3461e0a7f335,0.718287,20.0,1,13909,1,1,0,0,1,0,0,0,0,0,0,0,0,0
3171,18,f1991b9aba19249f,1.583275,19.080069,1,14060,1,0,0,0,0,0,0,0,0,0,0,0,0,1
3172,18,f0cae4ef532c2023,1.189455,17.812987,1,14048,1,1,0,0,1,0,0,0,0,0,0,0,0,0
3173,18,3dc875a761d5c5ef,0.894487,20.0,1,13975,1,1,0,0,1,0,0,0,0,0,0,0,0,1
3174,18,e90cc852e180b7a9,2.759302,18.772015,1,14066,2,0,0,0,0,0,0,0,0,0,0,0,0,1
3175,18,0843c071791750a4,2.07296,17.581558,1,13932,1,1,0,0,1,0,0,0,0,0,0,0,0,0
3176,18,e7652621d19bb2aa,1.557338,20.0,1,13981,1,1,0,0,1,0,0,0,0,0,0,0,0,1
3177,18,83403ab2ce2e5edc,2.215291,15.165162,0,13865,1,0,0,0,0,0,0,0,0,0,0,0,0,0
3178,18,31f44b91b5854a60,1.664265,18.350708,1,13899,1,1,0,0,1,0,0,0,0,0,0,0,0,1
3179,18,9eeb382b0724ec5e,1.2503,17.265045,1,13977,1,1,0,0,1,0,0,0,0,0,0,0,0,0
3180,18,8cf44fb6a5bc2678,0.940243,16.464062,1,13943,1,1,0,0,0,0,0,0,0,0,0,0,0,1
3181,18,26302fd6db433208,1.750023,15.847679,1,14056,1,0,0,0,1,0,0,0,0,0,0,0,0,0
3182,18,212d5aa4658ea2f7,1.314727,18.863458,1,14004,1,1,0,0,1,0,0,0,0,0,0,0,0,1
3183,18,37a5a18fb6caef37,0.987705,17.650255,1,13910,1,1,0,0,1,0,0,0,0,0,0,0,0,0
3184,18,79c0b206a03c3fd7,0.742768,16.753745,1,13922,1,1,0,0,0,0,0,0,0,0,0,0,0,1
3185,18,c2376b0af88b997c,1.601667,19.544151,1,14073,1,0,0,0,1,0,0,0,0,0,0,0,0,1
3186,18,6484211bcaa3988b,2.246926,18.161635,1,14058,2,1,0,0,1,0,0,0,0,0,0,0,0,0
3187,18,bb6c2f7a25964c84,1.689721,20.0,1,13941,1,1,0,0,1,0,0,0,0,0,0,0,0,1
3188,18,f466ea3e27881dcb,2.313077,18.968987,1,14016,1,0,0,0,0,0,0,0,0,0,0,0,0,1
3189,18,8ee71a2f84ad9e11,1.737728,17.729535,1,13880,1,1,0,0,1,0,0,0,0,0,0,0,0,0
3190,18,831e682f06209d94,1.30549,20.0,1,14177,1,1,0,0,1,0,0,0,0,0,0,0,0,1
3191,18,13070a4d1d516b5a,0.981747,18.729265,1,14035,1,1,0,0,1,0,0,0,0,0,0,0,0,0
3192,18,b4a7747b9ea2a33b,1.781203,17.549441,1,14044,1,0,0,0,0,0,0,0,0,0,0,0,0,1
3193,18,b5c8f90ae8f713ac,1.338152,20.0,1,13921,1,1,0,0,1,0,0,0,0,0,0,0,0,1
3194,18,5146b576adaaaecf,1.006309,20.0,1,13917,1,1,0,0,1,0,0,0,0,0,0,0,0,1
3195,18,6582a72f0b630679,1.799656,16.608929,0,13956,2,1,0,0,0,0,0,0,0,0,0,0,0,0
3196,18,b40d1b22d6b1cd91,2.395667,19.435357,1,13951,1,0,0,0,1,0,0,0,0,0,0,0,0,1
3197,18,63b42876cdc021c6,1.799775,20.0,1,13853,1,1,0,0,1,0,0,0,0,0,0,0,0,1
3198,18,9420ee3eaa337cb4,1.353457,19.692986,1,14028,1,1,0,0,1,0,0,0,0,0,0,0,0,0
3199,18,3785343bf90ad03b,1.016801,20.0,1,14026,1,1,0,0,1,0,0,0,0,0,0,0,0,1
3200,18,ca1cd686e1be0b6e,1.807538,20.0,1,13932,2,1,0,0,1,0,0,0,0,0,0,0,0,1
3201,18,4bef6431765ec49e,2.403445,20.0,1,13936,1,0,0,0,0,0,0,0,0,0,0,0,0,1
3202,18,3470a039844d0a69,1.805618,19.256834,1,14030,1,1,0,0,1,0,0,0,0,0,0,0,0,0
3203,18,d518e4dbd53e5059,1.356494,20.0,1,14067,1,1,0,0,1,0,0,0,0,0,0,0,0,1
3204,18,1a847b388865ff47,1.019083,19.574367,1,13923,1,1,0,0,1,0,0,0,0,0,0,0,0,0
3205,18,03cfcaa9035e4e59,2.854666,18.200705,1,13919,2,0,0,0,0,0,0,0,0,0,0,0,0,1
3206,18,a2cf50b1b231b827,2.144604,20.0,1,14075,1,1,0,0,1,0,0,0,0,0,0,0,0,1
3207,18,8ac5bb007fe7c1a1,1.611161,20.0,1,13883,1,1,0,0,1,0,0,0,0,0,0,0,0,1
3208,18,22dd7eb789d4562f,1.211616,20.0,1,14016,1,1,0,0,1,0,0,0,0,0,0,0,0,0
3209,18,069a9fbefe13cddc,1.953895,18.781004,1,14125,1,0,0,0,0,0,0,0,0,0,0,0,0,1
3210,18,812c81a3455de134,1.467888,17.588311,1,14074,1,1,0,0,1,0,0,0,0,0,0,0,0,0
3211,18,ee0b347b118b70fc,1.10277,20.0,1,14210,1,1,0,0,1,0,0,0,0,0,0,0,0,1
3212,18,106f55a5d876ae85,1.873449,20.0,1,13792,2,1,0,0,1,0,0,0,0,0,0,0,0,1
3213,18,b230b5c2b1072d46,2.451106,20.0,1,14016,1,0,0,0,0,0,0,0,0,0,0,0,0,1
3214,18,f8d8d8adc44bb262,1.841424,18.582432,1,14028,1,1,0,0,1,0,0,0,0,0,0,0,0,0
3215,18,20f0d3bb32f6f13b,1.384777,20.0,1,13987,1,1,0,0,1,0,0,0,0,0,0,0,0,1
3216,18,6a8d869beb488128,3.127638,19.206721,1,13983,2,0,0,0,0,0,0,0,0,0,0,0,0,1
3217,18,38d4f03f658cd6b5,2.349677,20.0,1,13897,1,1,0,0,1,0,0,0,0,0,0,0,0,1
3218,18,778f339acc9c5240,1.765225,20.0,1,14080,1,1,0,0,1,0,0,0,0,0,0,0,0,1
3219,18,9ad5be94a1495bb6,1.327474,20.0,1,13923,1,1,0,0,1,0,0,0,0,0,0,0,0,0
3220,18,1b63866609a63433,0.997282,20.0,1,14088,1,1,0,0,1,0,0,0,0,0,0,0,0,1
3221,18,be1d7f3204c52d69,1.792874,16.963981,0,13769,1,0,0,0,0,0,0,0,0,0,0,0,0,0
3222,18,80c3934cd8b20395,1.348267,19.718159,1,13926,1,1,0,0,1,0,0,0,0,0,0,0,0,1
3223,18,ae359f7eaa3147d5,2.056556,20.0,1,13974,2,1,0,0,1,0,0,0,0,0,0,0,0,1
3224,18,6b37baef58bd0d48,2.588667,19.834737,1,13917,1,0,0,0,0,0,0,0,0,0,0,0,0,1
3225,18,9ccd685e3d50fbd0,1.944769,18.379941,1,13950,1,1,0,0,1,0,0,0,0,0,0,0,0,0
3226,18,4a5b49b34e20e814,2.506644,17.302479,1,14028,1,0,0,0,0,0,0,0,0,0,0,0,0,1
3227,18,97edeee25ab2262c,2.926801,19.956395,1,14112,2,1,0,0,1,0,0,0,0,0,0,0,0,1
3228,18,189db442d45b4dba,2.198797,18.471338,1,14023,1,1,0,0,1,0,0,0,0,0,0,0,0,0
3229,18,0c095d052210a546,1.653526,17.371211,1,13898,1,1,0,0,0,0,0,0,0,0,0,0,0,1
3230,18,3bbbd8f5a7099e89,2.285886,20.0,1,13952,1,0,0,0,1,0,0,0,0,0,0,0,0,1
3231,18,cd4cd762f1161002,1.717301,18.51013,1,14028,1,1,0,0,1,0,0,0,0,0,0,0,0,0
3232,18,c0b2cd7357d9031a,2.333797,17.384813,1,13926,1,0,0,0,0,0,0,0,0,0,0,0,0,1
3233,18,7008db858af2eeae,1.755049,16.554129,1,14067,1,1,0,0,1,0,0,0,0,0,0,0,0,0
3234,18,7c0df5440a29d319,2.362156,15.915343,1,14310,1,0,0,0,0,0,0,0,0,0,0,0,0,1
3235,18,08c3c854453b0f58,1.774599,15.435447,1,14039,1,1,0,0,1,0,0,0,0,0,0,0,0,0
3236,18,e33e2ec59b8a3942,2.378675,15.088178,1,14051,1,0,0,0,0,0,0,0,0,0,0,0,0,1
3237,18,f4b797aa8e73a3bc,1.787009,14.814028,1,14077,1,1,0,0,1,0,0,0,0,0,0,0,0,0
3238,18,a12dd495bc0c15b5,1.342513,18.086915,1,13986,1,1,0,0,1,0,0,0,0,0,0,0,0,1
3239,18,f7f186c686b71cf1,3.095887,17.066867,1,13910,2,0,0,0,0,0,0,0,0,0,0,0,0,1
3240,18,f9dc543e5cb086d8,2.328151,19.795531,1,13843,1,1,0,0,1,0,0,0,0,0,0,0,0,1
3241,18,09b1dd70b524f8b6,1.749053,18.350487,1,13849,1,1,0,0,1,0,0,0,0,0,0,0,0,0
3242,18,4bbcd39d38d3c0b0,1.313998,20.0,1,14364,1,1,0,0,1,0,0,0,0,0,0,0,0,1
3243,18,ebf6fc047500ea69,2.032296,15.599576,0,14399,1,0,0,0,0,0,0,0,0,0,0,0,0,0
3244,18,e36599f44bff2308,1.526788,18.677067,1,14347,1,1,0,0,1,0,0,0,0,0,0,0,0,1
3245,18,68d7e2dd7f04ca7c,1.147019,17.510227,1,14061,1,1,0,0,1,0,0,0,0,0,0,0,0,0
3246,18,2d244eaa0d05a136,1.905366,16.633623,1,14243,1,0,0,0,0,0,0,0,0,0,0,0,0,1
3247,18,7fc983ff58e3d769,1.432862,15.989224,1,14004,1,1,0,0,1,0,0,0,0,0,0,0,0,0
3248,18,68175ec6fb8be8df,3.163762,15.490951,1,13963,2,0,0,0,0,0,0,0,0,0,0,0,0,1
3249,18,1a84fcf1ac4acdb2,1.333163,18.595461,1,13989,0,1,0,0,1,0,0,0,0,0,0,0,0,1
3250,18,aaf84baeb3acb92d,1.002558,17.464553,1,13808,1,1,0,0,1,0,0,0,0,0,0,0,0,0
3251,18,d568457823951ea9,2.840491,16.599311,1,13915,2,0,0,0,0,0,0,0,0,0,0,0,0,1
3252,18,ad1fa2d5c578b53f,2.133955,19.428131,1,14055,1,1,0,0,1,0,0,0,0,0,0,0,0,1
3253,18,6e3bb6a9009c0c41,1.60316,20.0,1,13744,1,1,0,0,1,0,0,0,0,0,0,0,0,1
3254,18,162ab713abaa13c2,1.205599,20.0,1,13937,1,1,0,0,1,0,0,0,0,0,0,0,0,1
3255,18,107d0506462a3b75,1.949375,17.406308,0,13877,1,0,0,0,0,0,0,0,0,0,0,0,0,0
3256,18,5af221057714ad43,1.464493,20.0,1,14061,1,1,0,0,1,0,0,0,0,0,0,0,0,1
3257,18,5d65d00bf9a360a2,1.101319,18.546654,1,13851,1,1,0,0,1,0,0,0,0,0,0,0,0,0
3258,18,2c8efdba77234b6d,0.82738,20.0,1,13869,1,1,0,0,1,0,0,0,0,0,0,0,0,1
3259,18,5542ee8f6a853c24,1.665233,15.6947,0,13760,1,0,0,0,0,0,0,0,0,0,0,0,0,0
3260,18,2832e5d49c9b0c4e,1.251027,18.748531,1,14019,1,1,0,0,1,0,0,0,0,0,0,0,0,1
3261,18,aee0b5e6371d63ec,0.94079,20.0,1,13829,1,1,0,0,1,0,0,0,0,0,0,0,0,1
3262,18,41e23e56ef166d68,1.750434,15.821715,0,13919,1,0,0,0,0,0,0,0,0,0,0,0,0,0
3263,18,aba7f86ceeb20e78,1.315036,18.843952,1,14020,1,1,0,0,1,0,0,0,0,0,0,0,0,1
3264,18,eebe19e30392d06e,0.988926,20.0,1,13923,1,1,0,0,1,0,0,0,0,0,0,0,0,1
3265,18,af0c652477605ee9,0.742943,19.354469,1,14049,1,1,0,0,1,0,0,0,0,0,0,0,0,0
3266,18,73ba0aa13a6569d1,1.601799,18.019134,1,13974,2,1,0,0,0,0,0,0,0,0,0,0,0,1
3267,18,c9fdb98c19bc5046,2.247025,20.0,1,13989,1,0,0,0,1,0,0,0,0,0,0,0,0,1
3268,18,b047f7f57469ff24,0.645644,18.892876,1,14015,0,1,0,0,1,0,0,0,0,0,0,0,0,0
3269,18,a2ef07f3074323ab,1.528702,20.0,1,13995,2,1,0,0,1,0,0,0,0,0,0,0,0,1
3270,18,7b8b07f848332940,1.148456,20.0,1,13961,1,1,0,0,1,0,0,0,0,0,0,0,0,1
3271,18,8c7fafd72aa631a8,1.907806,20.0,1,13972,1,0,0,0,0,0,0,0,0,0,0,0,0,1
3272,18,0fb755ff114db72a,1.433263,19.00171,1,13950,1,1,0,0,1,0,0,0,0,0,0,0,0,0
3273,18,cb20442e46314204,1.076757,20.0,1,13962,1,1,0,0,1,0,0,0,0,0,0,0,0,1
3274,18,fd7428ced4dd47b5,0.808927,19.430376,1,14009,1,1,0,0,1,0,0,0,0,0,0,0,0,0
3275,18,ee09c7c1cdd66093,0.608325,20.0,1,14014,1,1,0,0,1,0,0,0,0,0,0,0,0,1
3276,18,4ee464f3c610058c,1.500665,20.0,1,13868,2,1,0,0,1,0,0,0,0,0,0,0,0,1
3277,18,b958bfa6c7b1c4c8,2.171047,20.0,1,13968,1,0,0,0,0,0,0,0,0,0,0,0,0,1
3278,18,1bf3c205c3ffcffd,1.632658,20.0,1,14089,1,1,0,0,1,0,0,0,0,0,0,0,0,1
3279,18,0eafdbd4655a3212,1.226555,20.0,1,13831,1,1,0,0,1,0,0,0,0,0,0,0,0,0
3280,18,33e86e38e5c3b727,0.921465,20.0,1,13692,1,1,0,0,1,0,0,0,0,0,0,0,0,1
3281,18,7fb4d43df930dda4,1.735916,20.0,1,13475,2,1,0,0,1,0,0,0,0,0,0,0,0,1
3282,18,90fab2d2d7d4cf9d,2.349584,20.0,1,13148,1,0,0,0,0,0,0,0,0,0,0,0,0,1
3283,18,91d0c4b6942c14d4,1.765154,19.515956,1,13140,1,1,0,0,1,0,0,0,0,0,0,0,0,0
3284,18,efe864e44cd703a1,1.326095,20.0,1,12819,1,1,0,0,1,0,0,0,0,0,0,0,0,1
3285,18,043a1d9b5802afdc,0.997242,19.738521,1,12757,1,1,0,0,1,0,0,0,0,0,0,0,0,0
3286,18,1335dfb8260e2ec3,0.749191,20.0,1,12821,1,1,0,0,1,0,0,0,0,0,0,0,0,1
3287,18,a038d7536b939ca4,1.606492,16.367385,0,13061,1,0,0,0,0,0,0,0,0,0,0,0,0,0
3288,18,18d2377da795380e,1.206898,19.253893,1,12902,1,1,0,0,1,0,0,0,0,0,0,0,0,1
3289,18,e50b44167a542d20,0.907604,17.959704,1,12976,1,1,0,0,1,0,0,0,0,0,0,0,0,0
3290,18,c2255163bcbd8432,-0.361804,16.971299,1,13026,0,1,0,0,1,0,0,0,0,0,0,0,0,0
3291,18,89cb68f1f5b3a4a4,0.771843,16.228747,1,13040,1,0,0,0,0,0,0,0,0,0,0,0,0,1
3292,18,d2b460fb73eae9b3,0.580437,15.684751,1,12880,1,1,0,0,1,0,0,0,0,0,0,0,0,0
3293,18,2adafdaa3ab4ff25,0.436061,18.741056,1,13448,1,1,0,0,1,0,0,0,0,0,0,0,0,1
3294,18,37f38b754bfe3828,1.37125,20.0,1,13127,2,1,0,0,1,0,0,0,0,0,0,0,0,1
3295,18,bc2728f1e5d84c24,2.073822,15.80442,0,13153,1,0,0,0,0,0,0,0,0,0,0,0,0,0
3296,18,93ff6a163b2027e2,1.559544,18.846152,1,13065,1,1,0,0,1,0,0,0,0,0,0,0,0,1
3297,18,f2319fbd1e0d9dcc,1.171627,20.0,1,13245,1,1,0,0,1,0,0,0,0,0,0,0,0,1
3298,18,19027a1f42566496,0.880199,20.0,1,13119,1,1,0,0,1,0,0,0,0,0,0,0,0,1
3299,18,78acd2fb364c00a5,1.706073,17.162037,0,13319,1,0,0,0,0,0,0,0,0,0,0,0,0,0
3300,18,b9daebd456301490,1.281709,19.850886,1,13305,1,1,0,0,1,0,0,0,0,0,0,0,0,1
3301,18,f3592912ebd8db97,0.9629,18.392073,1,13450,1,1,0,0,1,0,0,0,0,0,0,0,0,0
3302,18,8e501e84eae5bb56,0.723391,20.0,1,13273,1,1,0,0,1,0,0,0,0,0,0,0,0,1
3303,18,b0049f19b45f62e5,1.588151,15.62307,0,13269,1,0,0,0,0,0,0,0,0,0,0,0,0,0
3304,18,2b022b2f0e2bce78,2.236772,18.694718,1,13333,2,1,0,0,1,0,0,0,0,0,0,0,0,1
3305,18,a818e224b3af62f2,1.680403,20.0,1,13501,1,1,0,0,1,0,0,0,0,0,0,0,0,1
3306,18,9a1638b48b93dcdd,1.263687,20.0,1,13483,1,1,0,0,1,0,0,0,0,0,0,0,0,1
3307,18,b8a422ee98ed9db5,1.993014,20.0,1,13516,1,0,0,0,0,0,0,0,0,0,0,0,0,1
3308,18,e3ca0bb1b4817483,1.497277,18.935222,1,13519,1,1,0,0,1,0,0,0,0,0,0,0,0,0
3309,18,e1cd58b7f7740e6a,2.168502,20.0,1,13522,2,1,0,0,1,0,0,0,0,0,0,0,0,1
3310,18,0a055c8ce5886cd0,2.674895,19.41043,1,13528,1,0,0,0,0,0,0,0,0,0,0,0,0,1
3311,18,25c60933576c7b5a,2.009548,20.0,1,13922,1,1,0,0,1,0,0,0,0,0,0,0,0,1
3312,18,1c619b9c877bd0f1,1.509699,19.661056,1,14971,1,1,0,0,1,0,0,0,0,0,0,0,0,0
3313,18,cbadb61243f87e4f,3.223616,18.265896,1,14733,2,0,0,0,0,0,0,0,0,0,0,0,0,1
3314,18,30281fc51f7588c7,2.421782,20.0,1,15713,1,1,0,0,1,0,0,0,0,0,0,0,0,1
3315,18,3c0c17b60f5363fe,1.819394,19.015086,1,15399,1,1,0,0,1,0,0,0,0,0,0,0,0,0
3316,18,2cf6ed325cb5c6db,2.410496,17.764168,1,14923,1,0,0,0,0,0,0,0,0,0,0,0,0,1
3317,18,4bd2549b6cf8b993,1.812728,20.0,1,14506,1,1,0,0,1,0,0,0,0,0,0,0,0,1
3318,18,62ea9c7f484be354,2.405488,15.265589,0,14381,1,0,0,0,0,0,0,0,0,0,0,0,0,0
3319,18,37e653a8483c9ced,1.807153,18.426156,1,14065,1,1,0,0,1,0,0,0,0,0,0,0,0,1
3320,18,13e1ba58a0d336f6,2.403155,13.856732,0,14310,1,0,0,0,0,0,0,0,0,0,0,0,0,0
3321,18,7a52d31acc434d5c,1.805401,17.367734,1,14103,1,1,0,0,1,0,0,0,0,0,0,0,0,1
3322,18,bcbe418449208be8,2.399983,20.0,1,14249,2,1,0,0,1,0,0,0,0,0,0,0,0,1
3323,18,c1b79a6a0ca6734d,2.846671,18.508167,1,13976,1,0,0,0,0,0,0,0,0,0,0,0,0,1
3324,18,e4732d1f70a945e7,2.140737,20.0,1,13839,1,1,0,0,1,0,0,0,0,0,0,0,0,1
3325,18,d5c3106195c2dfde,1.608256,19.164764,1,14061,1,1,0,0,1,0,0,0,0,0,0,0,0,0
3326,18,816f88df7bfc3b34,2.251876,17.876615,1,13429,1,0,0,0,0,0,0,0,0,0,0,0,0,1
3327,18,c00e31d686a1e32d,1.693443,16.923971,1,13070,1,1,0,0,1,0,0,0,0,0,0,0,0,0
3328,18,48e10bd50c6ab2f5,2.315874,16.193191,1,13298,1,0,0,0,0,0,0,0,0,0,0,0,0,1
3329,18,5ef87aca0017fc45,1.739829,15.644184,1,13156,1,1,0,0,1,0,0,0,0,0,0,0,0,0
3330,18,010459e10ddcb9eb,2.350722,15.231735,1,13273,1,0,0,0,0,0,0,0,0,0,0,0,0,1
3331,18,0324f83f1b28e13c,1.767776,18.415485,1,13059,1,1,0,0,1,0,0,0,0,0,0,0,0,1
3332,19,1fd48474a6be9a50,2.371718,13.834866,0,13891,1,0,0,0,0,0,0,0,0,0,0,0,0,0
3333,19,530e0ea8d92a6d51,1.781783,17.351306,1,14097,1,1,0,0,1,0,0,0,0,0,0,0,0,1
3334,19,9d91a06f605c6d81,1.339926,13.04843,0,14234,1,1,0,0,0,0,0,0,0,0,0,0,0,0
3335,19,1bedfd585b1aa4b9,2.05029,16.760487,1,14172,1,0,0,0,1,0,0,0,0,0,0,0,0,1
3336,19,26a9669cba5af3ef,1.540306,16.070371,1,14255,1,1,0,0,1,0,0,0,0,0,0,0,0,0
3337,19,4f55c5e4b2d3c044,1.157174,19.030758,1,14139,1,1,0,0,1,0,0,0,0,0,0,0,0,1
3338,19,429a6cfc04b09590,1.914362,14.311402,0,14072,1,0,0,0,0,0,0,0,0,0,0,0,0,0
3339,19,bfd1095e82cc3b3f,1.438189,17.70931,1,14006,1,1,0,0,1,0,0,0,0,0,0,0,0,1
3340,19,e8a24dfe484cb614,1.080457,16.783187,1,14148,1,1,0,0,1,0,0,0,0,0,0,0,0,0
3341,19,a8eb40163c807ab7,1.85667,16.101698,1,13936,1,0,0,0,0,0,0,0,0,0,0,0,0,1
3342,19,b734eb68cadec0ba,1.394847,15.575448,1,13915,1,1,0,0,1,0,0,0,0,0,0,0,0,0
3343,19,03ed9d518f369873,1.047896,18.658941,1,14135,1,1,0,0,1,0,0,0,0,0,0,0,0,1
3344,19,cd43fcebe8f5e6e6,1.830899,17.496609,1,13950,1,0,0,0,0,0,0,0,0,0,0,0,0,1
3345,19,338e1a6d9a9334b5,1.376862,16.638201,1,13872,1,1,0,0,1,0,0,0,0,0,0,0,0,0
3346,19,f71f04d2a5841727,1.034385,19.457348,1,13999,1,1,0,0,1,0,0,0,0,0,0,0,0,1
3347,19,dab4ff966e399802,0.777095,20.0,1,14054,1,1,0,0,1,0,0,0,0,0,0,0,0,1
3348,19,339e340883d8ecaf,0.584386,19.70541,1,13826,1,1,0,0,1,0,0,0,0,0,0,0,0,0
3349,19,0f3eea50b2030a66,1.482681,18.282782,1,14203,1,0,0,0,0,0,0,0,0,0,0,0,0,1
3350,19,157d3461e0a7f335,1.113883,20.0,1,13983,1,1,0,0,1,0,0,0,0,0,0,0,0,1
3351,19,f1991b9aba19249f,1.880472,19.024617,1,14080,2,1,0,0,1,0,0,0,0,0,0,0,0,0
3352,19,f0cae4ef532c2023,2.458292,17.787285,1,14027,1,0,0,0,0,0,0,0,0,0,0,0,0,1
3353,19,3dc875a761d5c5ef,1.846823,16.841766,1,14029,1,1,0,0,1,0,0,0,0,0,0,0,0,0
3354,19,e90cc852e180b7a9,1.387449,19.610279,1,13951,1,1,0,0,1,0,0,0,0,0,0,0,0,1
3355,19,0843c071791750a4,1.043381,20.0,1,13864,1,1,0,0,1,0,0,0,0,0,0,0,0,1
3356,19,e7652621d19bb2aa,1.827507,19.787413,1,14058,1,0,0,0,0,0,0,0,0,0,0,0,0,1
3357,19,83403ab2ce2e5edc,1.372938,18.344388,1,13879,1,1,0,0,1,0,0,0,0,0,0,0,0,0
3358,19,31f44b91b5854a60,1.031437,20.0,1,13980,1,1,0,0,1,0,0,0,0,0,0,0,0,1
3359,19,9eeb382b0724ec5e,0.775655,19.076632,1,13915,1,1,0,0,0,0,0,0,0,0,0,0,0,1
3360,19,8cf44fb6a5bc2678,1.626374,17.810405,1,14009,1,0,0,0,1,0,0,0,0,0,0,0,0,0
3361,19,26302fd6db433208,1.221834,20.0,1,13902,1,1,0,0,1,0,0,0,0,0,0,0,0,1
3362,19,212d5aa4658ea2f7,1.962987,20.0,1,13955,2,1,0,0,1,0,0,0,0,0,0,0,0,1
3363,19,37a5a18fb6caef37,2.518372,20.0,1,13970,1,0,0,0,0,0,0,0,0,0,0,0,0,1
3364,19,79c0b206a03c3fd7,1.891959,20.0,1,14032,1,1,0,0,1,0,0,0,0,0,0,0,0,1
3365,19,c2376b0af88b997c,1.421358,20.0,1,14006,1,1,0,0,1,0,0,0,0,0,0,0,0,0
3366,19,6484211bcaa3988b,1.068881,18.600394,1,13936,1,1,0,0,0,0,0,0,0,0,0,0,0,1
3367,19,bb6c2f7a25964c84,1.846664,20.0,1,13954,1,0,0,0,1,0,0,0,0,0,0,0,0,1
3368,19,66b1f64089a6f384,2.430983,20.0,1,14075,2,1,0,0,1,0,0,0,0,0,0,0,0,1
3369,19,ea8c132e457af786,1.828134,20.0,1,13905,1,1,0,0,1,0,0,0,0,0,0,0,0,0
3370,19,052f36be903b4c06,1.373409,20.0,1,13957,1,1,0,0,1,0,0,0,0,0,0,0,0,1
3371,19,8e82ec90f90651e7,2.075444,16.818737,0,14124,1,0,0,0,0,0,0,0,0,0,0,0,0,0
3372,19,4f7951c9fb9652a2,1.559203,19.592977,1,13920,1,1,0,0,1,0,0,0,0,0,0,0,0,1
3373,19,f016206e344ce587,1.172543,18.2147,1,13773,1,1,0,0,1,0,0,0,0,0,0,0,0,0
3374,19,5ba81e783bc90e5a,0.880888,20.0,1,14086,1,1,0,0,1,0,0,0,0,0,0,0,0,1
3375,19,9d8db8f22ff60f9d,1.705431,15.507347,0,13839,1,0,0,0,0,0,0,0,0,0,0,0,0,0
3376,19,44ad3895b244c363,1.282509,18.622749,1,14031,1,1,0,0,1,0,0,0,0,0,0,0,0,1
3377,19,88629ac0345bb1c9,0.963501,20.0,1,13912,1,1,0,0,1,0,0,0,0,0,0,0,0,1
3378,19,215465aa6c28dd49,1.767496,20.0,1,13995,2,1,0,0,1,0,0,0,0,0,0,0,0,1
3379,19,8007f0e50cbef9ae,2.371507,20.0,1,13839,1,0,0,0,0,0,0,0,0,0,0,0,0,1
3380,19,6a6af2333f7c7895,1.783407,18.918604,1,13989,1,1,0,0,1,0,0,0,0,0,0,0,0,0
3381,19,68115330ee6f5242,1.339807,20.0,1,13906,1,1,0,0,1,0,0,0,0,0,0,0,0,1
3382,19,a13b260188e1f3b7,2.0502,20.0,1,13854,2,1,0,0,1,0,0,0,0,0,0,0,0,1
3383,19,f54f97df93f344f4,1.54178,20.0,1,13790,1,1,0,0,1,0,0,0,0,0,0,0,0,1
3384,19,c908fedde8991cc1,2.201935,20.0,1,13962,1,0,0,0,0,0,0,0,0,0,0,0,0,1
3385,19,1f6eb6897bd1ed9f,1.654231,19.724662,1,14045,1,1,0,0,1,0,0,0,0,0,0,0,0,0
3386,19,4786cfdc0b590fbd,1.242762,20.0,1,13746,1,1,0,0,1,0,0,0,0,0,0,0,0,1
3387,19,97615c34c129a5e4,1.978725,20.0,1,13982,2,1,0,0,1,0,0,0,0,0,0,0,0,1
3388,19,66ec5d26f4a3d999,2.530196,17.532166,0,13927,1,0,0,0,0,0,0,0,0,0,0,0,0,0
3389,19,da9895b8aa83e9c2,1.900841,20.0,1,13892,1,1,0,0,1,0,0,0,0,0,0,0,0,1
3390,19,9fc64beb1b6b6a41,2.47361,20.0,1,13765,2,1,0,0,1,0,0,0,0,0,0,0,0,1
3391,19,a8c5e45e033de514,1.858331,20.0,1,13847,1,1,0,0,1,0,0,0,0,0,0,0,0,1
3392,19,e2e6cc85a627942b,2.439748,20.0,1,14040,1,0,0,0,0,0,0,0,0,0,0,0,0,1
3393,19,354946ccb8d9d391,1.832891,19.389126,1,13886,1,1,0,0,1,0,0,0,0,0,0,0,0,0
3394,19,6c789d405d92b2d0,1.37836,20.0,1,13790,1,1,0,0,1,0,0,0,0,0,0,0,0,1
3395,19,fa1f29844326a435,2.079164,19.66247,1,13935,2,1,0,0,0,0,0,0,0,0,0,0,0,1
3396,19,417a3b73559fe227,2.605652,18.250524,1,14057,1,0,0,0,1,0,0,0,0,0,0,0,0,0
3397,19,73de4ca456f67608,1.959487,20.0,1,13940,1,1,0,0,1,0,0,0,0,0,0,0,0,1
3398,19,2b22b550c41342a2,1.472089,19.019206,1,13815,1,1,0,0,1,0,0,0,0,0,0,0,0,0
3399,19,d78247329391d4f5,3.193232,17.767263,1,13790,2,0,0,0,0,0,0,0,0,0,0,0,0,1
3400,19,f3f222342b26624c,2.398956,20.0,1,13939,1,1,0,0,1,0,0,0,0,0,0,0,0,1
3401,19,7a11156482ce58b9,1.804049,18.750579,1,13866,1,1,0,0,1,0,0,0,0,0,0,0,0,0
3402,19,7c363b45f80a8a46,1.355315,17.565454,1,13820,1,1,0,0,0,0,0,0,0,0,0,0,0,1
3403,19,2616e6a939d0f443,3.105504,20.0,1,13908,2,0,0,0,1,0,0,0,0,0,0,0,0,1
3404,19,ff7501c9d1008261,2.335383,20.0,1,13887,1,1,0,0,1,0,0,0,0,0,0,0,0,1
3405,19,6dbf98f9583feb6c,1.754486,20.0,1,13925,1,1,0,0,1,0,0,0,0,0,0,0,0,0
3406,19,81e265c16bc271fb,2.361733,18.575144,1,13930,1,0,0,0,0,0,0,0,0,0,0,0,0,1
3407,19,8843d87dc6278afb,1.774282,17.433656,1,13957,1,1,0,0,1,0,0,0,0,0,0,0,0,0
3408,19,f06b2cc8c9faa4e1,1.334285,20.0,1,13812,1,1,0,0,1,0,0,0,0,0,0,0,0,1
3409,19,cda13bd006d67263,2.046052,15.078863,0,13825,1,0,0,0,0,0,0,0,0,0,0,0,0,0
3410,19,7e951139e7de5e49,1.537122,18.285875,1,13931,1,1,0,0,1,0,0,0,0,0,0,0,0,1
3411,19,44860ef8de7b27bb,1.155938,20.0,1,13891,1,1,0,0,1,0,0,0,0,0,0,0,0,1
3412,19,0b07a5ec9dcccd04,2.95572,15.560333,0,14060,2,0,0,0,0,0,0,0,0,0,0,0,0,0
3413,19,a0fd5b786556b247,2.220522,18.647586,1,13841,1,1,0,0,1,0,0,0,0,0,0,0,0,1
3414,19,ddc0ea1302eb3d0d,2.711848,17.488079,1,13935,1,0,0,0,0,0,0,0,0,0,0,0,0,1
3415,19,155ed443a73593e6,2.039349,16.631786,1,13832,1,1,0,0,1,0,0,0,0,0,0,0,0,0
3416,19,9c220c012a2a3516,1.532086,15.973684,1,14078,1,1,0,0,0,0,0,0,0,0,0,0,0,1
3417,19,7224ce56f030f288,3.238306,18.95812,1,13931,2,0,0,0,1,0,0,0,0,0,0,0,0,1
3418,19,2be1d227850d2f24,3.479403,14.256777,0,13841,1,0,0,0,0,0,0,0,0,0,0,0,0,0
3419,19,eef9e0e3b48ade08,2.613945,17.668272,1,13744,1,1,0,0,1,0,0,0,0,0,0,0,0,1
3420,19,4e298f46f70226d7,3.007413,13.273513,0,13812,1,0,0,0,0,0,0,0,0,0,0,0,0,0
3421,19,0aff54cf4962c648,2.259357,16.929583,1,13760,1,1,0,0,1,0,0,0,0,0,0,0,0,1
3422,19,be2c7fe677edbcd0,1.699068,16.211789,1,13768,1,1,0,0,1,0,0,0,0,0,0,0,0,0
3423,19,43e0bf90e1eb0d44,2.3201,15.658156,1,13670,1,0,0,0,0,0,0,0,0,0,0,0,0,1
3424,19,45f84405c97c7188,1.743004,15.242232,1,13841,1,1,0,0,1,0,0,0,0,0,0,0,0,0
3425,19,c28badb5fe966f10,2.354915,18.423379,1,13899,2,1,0,0,1,0,0,0,0,0,0,0,0,1
3426,19,9bbf0363aaa4ccac,2.812813,17.31964,1,13862,1,0,0,0,0,0,0,0,0,0,0,0,0,1
3427,19,23e91ab57d250926,1.069508,16.490443,1,14039,0,1,0,0,1,0,0,0,0,0,0,0,0,0
3428,19,515c8b4db0202a24,2.890788,15.867498,1,13776,2,0,0,0,0,0,0,0,0,0,0,0,0,1
3429,19,01b7969e67b3c4a4,2.173914,15.413086,1,13760,1,1,0,0,1,0,0,0,0,0,0,0,0,0
3430,19,cd59df24142f7826,1.63318,18.536965,1,13900,1,1,0,0,1,0,0,0,0,0,0,0,0,1
3431,19,bbc125857b7577d5,2.2706,13.926128,0,13863,1,0,0,0,0,0,0,0,0,0,0,0,0,0
3432,19,886f5893c6b842c1,1.707524,17.43365,1,13725,1,1,0,0,1,0,0,0,0,0,0,0,0,1
3433,19,a4acb4243a3cb478,0.239146,16.576094,1,13838,0,1,0,0,1,0,0,0,0,0,0,0,0,0
3434,19,fe69a934ac92b7f1,0.179661,15.931845,1,13888,1,1,0,0,1,0,0,0,0,0,0,0,0,0
3435,19,cacc11c873729e75,0.134973,15.447844,1,14059,1,1,0,0,0,0,0,0,0,0,0,0,0,1
3436,19,d301544704c5bf7e,2.189802,18.578002,1,13807,2,0,0,0,1,0,0,0,0,0,0,0,0,1
3437,19,a7e8925b378bd6c8,1.645117,17.435803,1,13762,1,1,0,0,1,0,0,0,0,0,0,0,0,0
3438,19,41dfaa5384f0d6f6,1.235915,20.0,1,13900,1,1,0,0,1,0,0,0,0,0,0,0,0,1
3439,19,3953ac3135ee574b,1.973576,15.082816,0,14001,1,0,0,0,0,0,0,0,0,0,0,0,0,0
3440,19,13027e2911575b92,1.482674,18.288845,1,13961,1,1,0,0,1,0,0,0,0,0,0,0,0,1
3441,19,d435479922017c64,1.113877,20.0,1,13779,1,1,0,0,1,0,0,0,0,0,0,0,0,1
3442,19,449ed79debca0b11,1.880468,15.549194,0,14054,1,0,0,0,0,0,0,0,0,0,0,0,0,0
3443,19,b2d1a2a8ca619bde,1.414139,18.654219,1,14049,1,1,0,0,1,0,0,0,0,0,0,0,0,1
3444,19,cb866cd2870cc126,2.106043,20.0,1,13903,2,1,0,0,1,0,0,0,0,0,0,0,0,1
3445,19,986841c734bf269f,1.582191,19.234254,1,13928,1,1,0,0,1,0,0,0,0,0,0,0,0,0
3446,19,00da6b0ed36f101f,1.18983,20.0,1,13986,1,1,0,0,1,0,0,0,0,0,0,0,0,1
3447,19,37919797698aa70e,1.937528,16.096129,0,14005,1,0,0,0,0,0,0,0,0,0,0,0,0,0
3448,19,23a6ab37b37b2463,1.455593,19.050109,1,14077,1,1,0,0,1,0,0,0,0,0,0,0,0,1
3449,19,fd1775c28dbd3cbf,1.093532,17.790479,1,14115,1,1,0,0,1,0,0,0,0,0,0,0,0,0
3450,19,ca3e9083b7a1bd3f,0.822352,20.0,1,14011,1,1,0,0,1,0,0,0,0,0,0,0,0,1
3451,19,1fc3bfb8f5f5f22a,1.661456,15.280454,0,14210,1,0,0,0,0,0,0,0,0,0,0,0,0,0
3452,19,747f6d69d08d2561,1.248189,18.437323,1,14003,1,1,0,0,1,0,0,0,0,0,0,0,0,1
3453,19,ffb3a0b2a42d3384,0.938656,17.345632,1,13951,1,1,0,0,1,0,0,0,0,0,0,0,0,0
3454,19,5c2bccb257b117d8,1.748831,19.988814,1,14119,2,1,0,0,1,0,0,0,0,0,0,0,0,1
3455,19,45a5752bae37f49b,2.357485,18.495693,1,13889,1,0,0,0,0,0,0,0,0,0,0,0,0,1
3456,19,b50da95e7e57dd70,1.77109,20.0,1,14031,1,1,0,0,1,0,0,0,0,0,0,0,0,1
3457,19,4c6c0cdecd0014e2,1.331885,19.162113,1,13997,1,1,0,0,1,0,0,0,0,0,0,0,0,0
3458,19,03bced9121d77ed3,1.000595,20.0,1,14160,1,1,0,0,1,0,0,0,0,0,0,0,0,1
3459,19,d283ae7708b682cb,0.75171,16.042063,0,14000,1,1,0,0,0,0,0,0,0,0,0,0,0,0
3460,19,af98f327220dc550,1.609447,19.024863,1,13963,1,0,0,0,1,0,0,0,0,0,0,0,0,1
3461,19,41fd5dbf655725de,2.252771,20.0,1,14062,2,1,0,0,1,0,0,0,0,0,0,0,0,1
3462,19,a717ea3f435e9359,1.692422,20.0,1,14014,1,1,0,0,1,0,0,0,0,0,0,0,0,1
3463,19,3ed298c33e5b3bf7,1.271454,20.0,1,14034,1,1,0,0,1,0,0,0,0,0,0,0,0,0
3464,19,23f717d789c41174,2.000302,19.046823,1,13997,1,0,0,0,0,0,0,0,0,0,0,0,0,1
3465,19,bcb954a0bd8b4812,1.502752,20.0,1,13986,1,1,0,0,1,0,0,0,0,0,0,0,0,1
3466,19,cfc41d4b0f31f0bf,2.172615,20.0,1,14243,2,1,0,0,1,0,0,0,0,0,0,0,0,1
3467,19,ea1b8db9707bfd75,1.633837,20.0,1,13934,1,1,0,0,1,0,0,0,0,0,0,0,0,0
3468,19,03bf022cac3a68fd,1.227441,19.050798,1,13998,1,1,0,0,0,0,0,0,0,0,0,0,0,1
3469,19,701d26d92b38d288,1.965784,17.790997,1,14139,1,0,0,0,1,0,0,0,0,0,0,0,0,0
3470,19,449d4232696a3409,1.47682,20.0,1,13980,1,1,0,0,1,0,0,0,0,0,0,0,0,1
3471,19,6d52165157ae180f,2.15474,20.0,1,14026,2,1,0,0,1,0,0,0,0,0,0,0,0,1
3472,19,666923312e8f0024,1.618776,20.0,1,14522,1,1,0,0,1,0,0,0,0,0,0,0,0,0
3473,19,58e4d9633948562b,2.259779,18.647061,1,14381,1,0,0,0,0,0,0,0,0,0,0,0,0,1
3474,19,c82466cbc3460c14,1.699386,20.0,1,14295,1,1,0,0,1,0,0,0,0,0,0,0,0,1
3475,19,96a3597e282e6315,3.363992,19.243233,1,14287,2,0,0,0,0,0,0,0,0,0,0,0,0,1
3476,19,3eb2f9439fcc89e9,2.527241,20.0,1,14239,1,1,0,0,1,0,0,0,0,0,0,0,0,1
3477,19,d076ea8d6133a11b,1.898622,19.566691,1,14495,1,1,0,0,1,0,0,0,0,0,0,0,0,0
3478,19,e513dfcbadcd0330,1.427791,20.0,1,14389,1,1,0,0,1,0,0,0,0,0,0,0,0,1
3479,19,535c441640a172d5,2.116299,16.283943,0,14290,1,0,0,0,0,0,0,0,0,0,0,0,0,0
3480,19,2b1d1c7cb2b47823,1.589896,19.191207,1,14268,1,1,0,0,1,0,0,0,0,0,0,0,0,1
3481,19,736ed1fd12e63178,2.239775,20.0,1,14167,2,1,0,0,1,0,0,0,0,0,0,0,0,1
3482,19,383018239462e46b,0.639006,19.550654,1,14216,0,1,0,0,1,0,0,0,0,0,0,0,0,0
3483,19,27e1c0e587b339a7,0.480061,14.687676,0,14429,1,1,0,0,0,0,0,0,0,0,0,0,0,0
3484,19,1d3451a2f576e5dd,2.447959,17.991991,1,14217,2,0,0,0,1,0,0,0,0,0,0,0,0,1
3485,19,3787731d7b42bc08,1.8409,20.0,1,14278,1,1,0,0,1,0,0,0,0,0,0,0,0,1
3486,19,f2f5a31a5ccc1b1c,1.382999,20.0,1,14216,1,1,0,0,1,0,0,0,0,0,0,0,0,1
3487,19,46c9ad1d77c8f613,1.038996,20.0,1,14248,1,1,0,0,1,0,0,0,0,0,0,0,0,0
3488,19,245bc8899d63dd51,1.82549,18.724627,1,13916,1,0,0,0,0,0,0,0,0,0,0,0,0,1
3489,19,ed70e2817662f04b,1.371422,17.545956,1,13597,1,1,0,0,1,0,0,0,0,0,0,0,0,0
3490,19,6c8b93f1a093ba53,2.073952,20.0,1,13410,2,1,0,0,1,0,0,0,0,0,0,0,0,1
3491,19,9b7ada76cdad0494,1.558082,20.0,1,13485,1,1,0,0,1,0,0,0,0,0,0,0,0,1
3492,19,ddf4f0c742d54d82,1.1717,20.0,1,13456,1,1,0,0,1,0,0,0,0,0,0,0,0,1
3493,19,e83e5abebcf25bda,1.923908,17.708156,0,13477,1,0,0,0,0,0,0,0,0,0,0,0,0,0
3494,19,cb759918090aa445,1.44536,20.0,1,13590,1,1,0,0,1,0,0,0,0,0,0,0,0,1
3495,19,3083331103ace063,1.086931,18.717187,1,13213,1,1,0,0,1,0,0,0,0,0,0,0,0,0
3496,19,819efe268dd8c1d4,0.816571,17.540367,1,13530,1,1,0,0,0,0,0,0,0,0,0,0,0,1
3497,19,444f70e1f97148eb,1.657113,16.656267,1,13227,1,0,0,0,1,0,0,0,0,0,0,0,0,0
3498,19,d32165480084f861,1.244927,19.470919,1,13304,1,1,0,0,1,0,0,0,0,0,0,0,0,1
3499,19,e76a3d25e775bfcb,0.936203,18.122911,1,13175,1,1,0,0,1,0,0,0,0,0,0,0,0,0
3500,19,d1a9116f380bdbc6,1.746987,17.09391,1,13346,1,0,0,0,0,0,0,0,0,0,0,0,0,1
3501,19,b8228f709e19e5fc,2.3561,19.799704,1,13521,2,1,0,0,1,0,0,0,0,0,0,0,0,1
3502,19,6ec839fe0e24760f,2.815971,18.370162,1,13168,1,0,0,0,0,0,0,0,0,0,0,0,0,1
3503,19,eb7601af2caac851,2.115534,17.27966,1,13359,1,1,0,0,1,0,0,0,0,0,0,0,0,0
3504,19,99428c8fb9cbfd09,1.589321,19.939252,1,13125,1,1,0,0,1,0,0,0,0,0,0,0,0,1
3505,19,b2ce56395c32a31e,2.237651,14.979614,0,13104,1,0,0,0,0,0,0,0,0,0,0,0,0,0
3506,19,3425175602dc763d,1.682746,18.225887,1,13142,1,1,0,0,1,0,0,0,0,0,0,0,0,1
3507,19,b51e581ec108f50c,2.307837,13.692428,0,14479,1,0,0,0,0,0,0,0,0,0,0,0,0,0
3508,19,4c6bcf4bf21c3d09,1.733792,17.244298,1,13968,1,1,0,0,1,0,0,0,0,0,0,0,0,1
3509,19,a9693ae1d6e951c0,2.347987,12.967958,0,15916,1,0,0,0,0,0,0,0,0,0,0,0,0,0
3510,19,742e0b79e17d52c0,1.763955,16.700031,1,16103,1,1,0,0,1,0,0,0,0,0,0,0,0,1
3511,19,044c49401468b27f,3.4125,16.024954,1,15118,2,0,0,0,0,0,0,0,0,0,0,0,0,1
3512,19,86212facd96094c7,2.563684,15.517793,1,14689,1,1,0,0,1,0,0,0,0,0,0,0,0,0
3513,19,ccc96b27d4f344b3,1.927927,15.150103,1,14363,1,1,0,0,0,0,0,0,0,0,0,0,0,1
3514,19,e39f84ac5a0bcba0,2.492033,14.860551,1,14055,1,0,0,0,1,0,0,0,0,0,0,0,0,0
3515,19,c1794dc9594e72f1,1.872171,18.121865,1,14825,1,1,0,0,1,0,0,0,0,0,0,0,0,1
3516,19,eb7ce44e56ea6aa9,2.45205,13.627901,0,14325,1,0,0,0,0,0,0,0,0,0,0,0,0,0
3517,19,fcdb3f0e6a936443,1.842133,13.716977,1,14060,1,1,0,0,0,0,0,0,0,0,0,0,0,1
3518,19,0753e522d845cab2,2.427579,13.783897,1,14161,1,0,0,0,1,0,0,0,0,0,0,0,0,0
3519,19,8dc60b2329ba9531,2.867403,13.834171,1,14018,1,0,0,0,0,0,0,0,0,0,0,0,0,1
3520,19,9d51d5ae6a8d0fc5,2.156328,13.883995,1,13838,1,1,0,0,1,0,0,0,0,0,0,0,0,0
3521,19,f6ef43ac7c29feea,2.663622,13.909371,1,12895,1,0,0,0,0,0,0,0,0,0,0,0,0,1
3522,19,2b90d148c9cc0888,2.00108,13.928435,1,12402,1,1,0,0,1,0,0,0,0,0,0,0,0,0
3523,19,a0b4b2aec798e93d,2.548991,13.954883,1,12322,1,0,0,0,0,0,0,0,0,0,0,0,0,1
3524,19,da95710662d33dff,1.914962,13.962627,1,12309,1,1,0,0,1,0,0,0,0,0,0,0,0,0
3525,19,fc0e87fc50dfc248,1.438639,17.447289,1,11982,1,1,0,0,1,0,0,0,0,0,0,0,0,1
3526,19,4884b8b0c5024dbc,2.124449,13.107496,0,12159,1,0,0,0,0,0,0,0,0,0,0,0,0,0
3527,19,adb672d2e00f0800,1.597616,16.818027,1,11974,1,1,0,0,1,0,0,0,0,0,0,0,0,1
3528,19,fe00943017f00422,2.243883,12.634755,0,11936,1,0,0,0,0,0,0,0,0,0,0,0,0,0
3529,19,6145a01781dc478d,1.685745,16.449708,1,12101,1,1,0,0,1,0,0,0,0,0,0,0,0,1
3530,19,ada0cca125ee4d5a,1.267704,15.850917,1,12101,1,1,0,0,1,0,0,0,0,0,0,0,0,0
3531,19,f95903c0347aa6de,1.996032,15.387046,1,12192,1,0,0,0,0,0,0,0,0,0,0,0,0,1
3532,19,fd5c938841ceb006,1.499544,15.038557,1,12353,1,1,0,0,1,0,0,0,0,0,0,0,0,0
3533,19,88c278f8f31cc0c4,1.126552,18.255595,1,12479,1,1,0,0,1,0,0,0,0,0,0,0,0,1
3534,19,4a9bf748c5cc6108,1.891333,17.208969,1,12334,1,0,0,0,0,0,0,0,0,0,0,0,0,1
3535,19,4b93d24d0289b3da,1.420888,16.4073,1,12577,1,1,0,0,1,0,0,0,0,0,0,0,0,0
3536,19,25ef6cd1614c1a07,1.06746,19.28388,1,12682,1,1,0,0,1,0,0,0,0,0,0,0,0,1
3537,19,1f7036ddb4d18f42,1.846896,14.501753,0,12778,1,0,0,0,0,0,0,0,0,0,0,0,0,0
3538,19,8fa07c670634981a,1.387504,17.852314,1,12688,1,1,0,0,1,0,0,0,0,0,0,0,0,1
3539,19,3555ec56f6e88cbf,2.086033,13.411776,0,12493,1,0,0,0,0,0,0,0,0,0,0,0,0,0
3540,19,45a21baeb03c22b2,1.567159,17.033455,1,12536,1,1,0,0,1,0,0,0,0,0,0,0,0,1
3541,19,be4e6427df5117b8,1.178526,16.289903,1,12427,1,1,0,0,1,0,0,0,0,0,0,0,0,0
3542,19,7a05e4c9f1357f18,2.972689,15.716839,1,12400,2,0,0,0,0,0,0,0,0,0,0,0,0,1
3543,19,7d6786580c34a9ce,2.23327,18.765163,1,12486,1,1,0,0,1,0,0,0,0,0,0,0,0,1
3544,19,de0d88b7df2826f7,1.679451,20.0,1,12573,1,1,0,0,1,0,0,0,0,0,0,0,0,1
3545,19,4b83150dc8a95d4a,1.261709,20.0,1,12575,1,1,0,0,1,0,0,0,0,0,0,0,0,1
3546,19,8a7b92c6ec687054,1.991528,17.120374,0,12603,1,0,0,0,0,0,0,0,0,0,0,0,0,0
3547,20,1fd48474a6be9a50,1.49616,19.819586,1,14031,1,1,0,0,1,0,0,0,0,0,0,0,0,1
3548,20,530e0ea8d92a6d51,1.125134,18.385113,1,13837,1,1,0,0,0,0,0,0,0,0,0,0,0,1
3549,20,9d91a06f605c6d81,1.888924,17.290893,1,14319,1,0,0,0,1,0,0,0,0,0,0,0,0,0
3550,20,1bedfd585b1aa4b9,1.419078,19.94769,1,14141,1,1,0,0,1,0,0,0,0,0,0,0,0,1
3551,20,26a9669cba5af3ef,1.067167,20.0,1,14100,1,1,0,0,1,0,0,0,0,0,0,0,0,1
3552,20,4f55c5e4b2d3c044,2.88903,19.978037,1,14033,2,0,0,0,0,0,0,0,0,0,0,0,0,1
3553,20,429a6cfc04b09590,2.17042,18.487597,1,14271,1,1,0,0,1,0,0,0,0,0,0,0,0,0
3554,20,bfd1095e82cc3b3f,1.630555,20.0,1,13988,1,1,0,0,1,0,0,0,0,0,0,0,0,1
3555,20,e8a24dfe484cb614,2.270351,15.677038,0,14031,1,0,0,0,0,0,0,0,0,0,0,0,0,0
3556,20,a8eb40163c807ab7,1.70563,18.735261,1,14029,1,1,0,0,1,0,0,0,0,0,0,0,0,1
3557,20,b734eb68cadec0ba,1.281376,17.553946,1,13965,1,1,0,0,1,0,0,0,0,0,0,0,0,0
3558,20,03ed9d518f369873,0.963613,20.0,1,13994,1,1,0,0,1,0,0,0,0,0,0,0,0,1
3559,20,cd43fcebe8f5e6e6,1.76758,15.146822,0,13929,1,0,0,0,0,0,0,0,0,0,0,0,0,0
3560,20,338e1a6d9a9334b5,1.327917,18.336931,1,14053,1,1,0,0,1,0,0,0,0,0,0,0,0,1
3561,20,f71f04d2a5841727,0.997614,20.0,1,13839,1,1,0,0,1,0,0,0,0,0,0,0,0,1
3562,20,dab4ff966e399802,1.794371,15.591917,0,14042,1,0,0,0,0,0,0,0,0,0,0,0,0,0
3563,20,339e340883d8ecaf,1.348044,18.671314,1,13886,1,1,0,0,1,0,0,0,0,0,0,0,0,1
3564,20,0f3eea50b2030a66,1.012735,20.0,1,14108,1,1,0,0,1,0,0,0,0,0,0,0,0,1
3565,20,157d3461e0a7f335,0.761591,19.261332,1,13968,1,1,0,0,1,0,0,0,0,0,0,0,0,0
3566,20,f1991b9aba19249f,0.572155,17.949163,1,14002,1,1,0,0,0,0,0,0,0,0,0,0,0,1
3567,20,f0cae4ef532c2023,1.473492,20.0,1,14082,1,0,0,0,1,0,0,0,0,0,0,0,0,1
3568,20,3dc875a761d5c5ef,1.106979,18.836323,1,14071,1,1,0,0,1,0,0,0,0,0,0,0,0,0
3569,20,e90cc852e180b7a9,0.832464,20.0,1,13802,1,1,0,0,1,0,0,0,0,0,0,0,0,1
3570,20,0843c071791750a4,0.625399,19.350159,1,13982,1,1,0,0,1,0,0,0,0,0,0,0,0,0
3571,20,e7652621d19bb2aa,1.513492,18.015896,1,14021,1,0,0,0,0,0,0,0,0,0,0,0,0,1
3572,20,83403ab2ce2e5edc,2.182318,20.0,1,13866,2,1,0,0,1,0,0,0,0,0,0,0,0,1
3573,20,31f44b91b5854a60,1.639494,20.0,1,14005,1,1,0,0,1,0,0,0,0,0,0,0,0,1
3574,20,9eeb382b0724ec5e,1.231691,20.0,1,13918,1,1,0,0,1,0,0,0,0,0,0,0,0,0
3575,20,8cf44fb6a5bc2678,1.968977,18.715355,1,13979,1,0,0,0,0,0,0,0,0,0,0,0,0,1
3576,20,26302fd6db433208,1.480698,17.554716,1,13868,1,1,0,0,1,0,0,0,0,0,0,0,0,0
3577,20,212d5aa4658ea2f7,1.112393,20.0,1,14056,1,1,0,0,1,0,0,0,0,0,0,0,0,1
3578,20,37a5a18fb6caef37,0.8357,15.134855,0,14031,1,1,0,0,0,0,0,0,0,0,0,0,0,0
3579,20,79c0b206a03c3fd7,1.672608,18.34263,1,14044,1,0,0,0,1,0,0,0,0,0,0,0,0,1
3580,20,3073f8e12d7df25d,2.300222,20.0,1,13977,2,1,0,0,1,0,0,0,0,0,0,0,0,1
3581,20,56f234be32ca2631,1.72807,19.058394,1,14014,1,1,0,0,1,0,0,0,0,0,0,0,0,0
3582,20,faeb10a0166eeef1,1.298235,17.796704,1,13755,1,1,0,0,0,0,0,0,0,0,0,0,0,1
3583,20,0545406eba8b439b,2.020442,20.0,1,13896,1,0,0,0,1,0,0,0,0,0,0,0,0,1
3584,20,f5167be6c40d6fa0,2.561536,20.0,1,14007,2,1,0,0,1,0,0,0,0,0,0,0,0,1
3585,20,dd4f08c5ac0e5eae,1.924386,20.0,1,13909,1,1,0,0,1,0,0,0,0,0,0,0,0,1
3586,20,81c68fcbb91c0d4c,1.447166,20.0,1,13919,1,1,0,0,1,0,0,0,0,0,0,0,0,0
3587,20,aa9d9ee81bd482a5,1.087201,20.0,1,14003,1,1,0,0,1,0,0,0,0,0,0,0,0,1
3588,20,88f6846f9af586b8,2.904081,20.0,1,13849,2,0,0,0,0,0,0,0,0,0,0,0,0,1
3589,20,2a71789b17dd6e6d,2.181727,20.0,1,13990,1,1,0,0,1,0,0,0,0,0,0,0,0,1
3590,20,a2f090b3ec8eaed0,1.64069,20.0,1,13868,1,1,0,0,1,0,0,0,0,0,0,0,0,0
3591,20,9007a34ce4271e0f,2.276242,18.816721,1,14058,1,0,0,0,0,0,0,0,0,0,0,0,0,1
3592,20,c2c7e5298355bdf1,1.710056,17.615143,1,13887,1,1,0,0,1,0,0,0,0,0,0,0,0,0
3593,20,5cc48314a55c2be2,1.285986,20.0,1,14006,1,1,0,0,1,0,0,0,0,0,0,0,0,1
3594,20,aad69df5610846e3,2.009767,20.0,1,13836,2,1,0,0,1,0,0,0,0,0,0,0,0,1
3595,20,78aba4a4881a33c3,2.553516,20.0,1,13856,1,0,0,0,0,0,0,0,0,0,0,0,0,1
3596,20,901bca4c987c5e7e,1.918361,20.0,1,13933,1,1,0,0,1,0,0,0,0,0,0,0,0,1
3597,20,f4d0147e075bf91a,1.442635,20.0,1,13764,1,1,0,0,1,0,0,0,0,0,0,0,0,0
3598,20,5ab8f7ecbcdf7819,2.127451,20.0,1,14017,2,1,0,0,1,0,0,0,0,0,0,0,0,1
3599,20,17da423b61dd116c,1.598274,20.0,1,13802,1,1,0,0,1,0,0,0,0,0,0,0,0,1
3600,20,853baeb215adc2c8,2.246076,20.0,1,13970,1,0,0,0,0,0,0,0,0,0,0,0,0,1
3601,20,b84460a4dcfbf230,1.687393,19.378567,1,14054,1,1,0,0,1,0,0,0,0,0,0,0,0,0
3602,20,57f18cc396af39ed,2.311328,20.0,1,14007,2,1,0,0,1,0,0,0,0,0,0,0,0,1
3603,20,77af0fca5d2ab9d4,2.780068,19.643073,1,13938,1,0,0,0,0,0,0,0,0,0,0,0,0,1
3604,20,6dc032d9a4f530bf,2.090651,20.0,1,13719,1,1,0,0,1,0,0,0,0,0,0,0,0,1
3605,20,699d850d1d19c557,1.570628,19.80594,1,13780,1,1,0,0,1,0,0,0,0,0,0,0,0,0
3606,20,c18ea323a7486338,1.179954,20.0,1,13983,1,1,0,0,1,0,0,0,0,0,0,0,0,1
3607,20,a348045310e124e1,1.931493,16.421849,0,13937,1,0,0,0,0,0,0,0,0,0,0,0,0,0
3608,20,4298759b47671d91,1.451058,19.294811,1,13901,1,1,0,0,1,0,0,0,0,0,0,0,0,1
3609,20,f079e95302a265cb,2.133779,20.0,1,13767,2,1,0,0,1,0,0,0,0,0,0,0,0,1
3610,20,6fb8b5718a19b4f2,1.603029,19.595801,1,13948,1,1,0,0,0,0,0,0,0,0,0,0,0,1
3611,20,45ab824543f54600,2.249651,18.216823,1,13721,1,0,0,0,1,0,0,0,0,0,0,0,0,0
3612,20,0cfccacfd1a330d8,1.690079,20.0,1,13881,1,1,0,0,1,0,0,0,0,0,0,0,0,1
3613,20,f5950795130541c6,1.269693,18.98739,1,13781,1,1,0,0,1,0,0,0,0,0,0,0,0,0
3614,20,0a5a1ea3c67448e8,1.998978,17.759289,1,13814,1,0,0,0,0,0,0,0,0,0,0,0,0,1
3615,20,6751a39eb4085546,1.501757,16.820735,1,13797,1,1,0,0,1,0,0,0,0,0,0,0,0,0
3616,20,178fbaf1b049ea56,2.171867,19.594478,1,13853,2,1,0,0,1,0,0,0,0,0,0,0,0,1
3617,20,41c45aea5a0dfdc6,1.631643,18.199443,1,13943,1,1,0,0,0,0,0,0,0,0,0,0,0,1
3618,20,fc25b6521148f592,2.271169,20.0,1,13901,1,0,0,0,1,0,0,0,0,0,0,0,0,1
3619,20,c51d22c7d194d0e0,1.706244,20.0,1,13731,1,1,0,0,1,0,0,0,0,0,0,0,0,1
3620,20,6ad9db8caed007c0,1.281838,16.880264,0,14002,1,1,0,0,0,0,0,0,0,0,0,0,0,0
3621,20,2f2a98846908918d,3.052261,19.655202,1,13952,2,0,0,0,1,0,0,0,0,0,0,0,0,1
3622,20,6b548880f2d8fa92,2.29305,20.0,1,13846,1,1,0,0,1,0,0,0,0,0,0,0,0,1
3623,20,184589ce6b62d29d,1.722683,19.799204,1,13786,1,1,0,0,1,0,0,0,0,0,0,0,0,0
3624,20,566bbcfd30582c41,2.33784,18.353247,1,13891,1,0,0,0,0,0,0,0,0,0,0,0,0,1
3625,20,f94a471fed1b10a2,1.758089,20.0,1,13891,1,1,0,0,1,0,0,0,0,0,0,0,0,1
3626,20,466f1c85f013bd65,1.320787,15.598395,0,13878,1,1,0,0,0,0,0,0,0,0,0,0,0,0
3627,20,1c890ca57d24380b,2.035911,18.67618,1,14065,1,0,0,0,1,0,0,0,0,0,0,0,0,1
3628,20,4c1c0696db3f5d29,1.531034,20.0,1,13834,1,1,0,0,1,0,0,0,0,0,0,0,0,1
3629,20,5dbe1ce6ab3d2665,2.193862,20.0,1,13867,2,1,0,0,1,0,0,0,0,0,0,0,0,1
3630,20,23310ee1aaeb8639,2.69182,17.082607,0,13784,1,0,0,0,0,0,0,0,0,0,0,0,0,0
3631,20,b49c658949802824,2.022264,19.791213,1,13977,1,1,0,0,1,0,0,0,0,0,0,0,0,1
3632,20,0116871683a8462c,1.520771,14.883274,0,13832,1,1,0,0,0,0,0,0,0,0,0,0,0,0
3633,20,442b765d2eeb6306,2.186152,18.138937,1,13813,1,0,0,0,1,0,0,0,0,0,0,0,0,1
3634,20,8b751dd85af18131,1.642374,20.0,1,13744,1,1,0,0,1,0,0,0,0,0,0,0,0,1
3635,20,15870cb86978ddb3,2.279239,15.480059,0,13914,1,0,0,0,0,0,0,0,0,0,0,0,0,0
3636,20,1bac8f4cbaacf4dc,1.712307,18.587278,1,13826,1,1,0,0,1,0,0,0,0,0,0,0,0,1
3637,20,caf71b2a4fe5c69b,1.286392,17.442772,1,13477,1,1,0,0,1,0,0,0,0,0,0,0,0,0
3638,20,5109776e3d0ee90e,2.010072,16.582947,1,13525,1,0,0,0,0,0,0,0,0,0,0,0,0,1
3639,20,3f4b8cd84884981e,1.511603,15.951114,1,13620,1,1,0,0,1,0,0,0,0,0,0,0,0,0
3640,20,d9561ebf158cff78,1.135611,18.941165,1,13775,1,1,0,0,1,0,0,0,0,0,0,0,0,1
3641,20,98984085bfeee9df,1.896795,17.708634,1,13709,1,0,0,0,0,0,0,0,0,0,0,0,0,1
3642,20,31bac18f56c2d5bc,1.426417,20.0,1,13746,1,1,0,0,1,0,0,0,0,0,0,0,0,1
3643,20,1a766d1a67354e01,1.071614,18.713059,1,13920,1,1,0,0,1,0,0,0,0,0,0,0,0,0
3644,20,fd2b02fd98055370,1.848717,14.058422,0,13786,1,0,0,0,0,0,0,0,0,0,0,0,0,0
3645,20,ade54318559972c0,1.388872,17.519256,1,13710,1,1,0,0,1,0,0,0,0,0,0,0,0,1
3646,20,de9c34c3e368799e,1.044451,16.655232,1,13675,1,1,0,0,1,0,0,0,0,0,0,0,0,0
3647,20,7d8ac752b59b6a53,0.784657,15.991298,1,13783,1,1,0,0,0,0,0,0,0,0,0,0,0,1
3648,20,9488ac2f9e8c2426,1.633137,15.492509,1,13595,1,0,0,0,1,0,0,0,0,0,0,0,0,0
3649,20,379f5428c1a5daf5,1.228142,18.611591,1,13645,1,1,0,0,1,0,0,0,0,0,0,0,0,1
3650,20,5a31ebf7223c44d5,0.922657,17.461037,1,13682,1,1,0,0,1,0,0,0,0,0,0,0,0,0
3651,20,225722e32e059e30,1.736811,16.596669,1,13844,1,0,0,0,0,0,0,0,0,0,0,0,0,1
3652,20,78d1253cab05704a,2.348455,19.426146,1,13675,2,1,0,0,1,0,0,0,0,0,0,0,0,1
3653,20,72d57fdc27db14fd,1.766072,20.0,1,13699,1,1,0,0,1,0,0,0,0,0,0,0,0,1
3654,20,e98f58fe452e9df2,0.28313,19.683385,1,13693,0,1,0,0,1,0,0,0,0,0,0,0,0,0
3655,20,0f214dbbe4573a73,0.212705,14.787392,0,13693,1,1,0,0,0,0,0,0,0,0,0,0,0,0
3656,20,ebd7cf2e3e0f7557,1.204108,18.081333,1,13650,1,0,0,0,1,0,0,0,0,0,0,0,0,1
3657,20,e560175d7fdc8431,1.948255,20.0,1,13685,2,1,0,0,1,0,0,0,0,0,0,0,0,1
3658,20,f965d88c5bb5d12e,1.463651,18.910919,1,13711,1,1,0,0,1,0,0,0,0,0,0,0,0,0
3659,20,16f680dd443a96d2,1.099586,20.0,1,13643,1,1,0,0,1,0,0,0,0,0,0,0,0,1
3660,20,1bc3f9fb113e040b,1.871055,15.916198,0,13529,1,0,0,0,0,0,0,0,0,0,0,0,0,0
3661,20,eeb4cee968db4eb6,1.405654,18.914934,1,13831,1,1,0,0,1,0,0,0,0,0,0,0,0,1
3662,20,81c289bc45ccd91d,2.099668,17.688927,1,13521,1,0,0,0,0,0,0,0,0,0,0,0,0,1
3663,20,e77d55c3c5b10576,1.578981,16.782827,1,13461,1,1,0,0,1,0,0,0,0,0,0,0,0,0
3664,20,7d1f844fa561d078,1.186229,19.566,1,13833,1,1,0,0,1,0,0,0,0,0,0,0,0,1
3665,20,79dd5154fd6edd39,2.978476,18.178049,1,13687,2,0,0,0,0,0,0,0,0,0,0,0,0,1
3666,20,bba69b1c428039fe,2.237618,17.135333,1,13528,1,1,0,0,1,0,0,0,0,0,0,0,0,0
3667,20,d5cf5f12ccbb2d89,1.682721,19.847018,1,14393,1,1,0,0,1,0,0,0,0,0,0,0,0,1
3668,20,694a1b542e6fd32d,1.264165,20.0,1,14402,1,1,0,0,1,0,0,0,0,0,0,0,0,1
3669,20,8138a9fa37b11170,0.94972,19.907464,1,14634,1,1,0,0,1,0,0,0,0,0,0,0,0,0
3670,20,205f8f0e71e7a01d,1.758353,18.451199,1,15922,1,0,0,0,0,0,0,0,0,0,0,0,0,1
3671,20,5c92bdf6ff00ab38,2.364639,20.0,1,16070,2,1,0,0,1,0,0,0,0,0,0,0,0,1
3672,20,a39216dd796a79a2,1.776465,20.0,1,15861,1,1,0,0,1,0,0,0,0,0,0,0,0,1
3673,20,c13ae5b429adb9b6,2.378245,20.0,1,15533,1,0,0,0,0,0,0,0,0,0,0,0,0,1
3674,20,e1d3f1dc94888fee,2.832624,18.863904,1,15514,2,1,0,0,1,0,0,0,0,0,0,0,0,0
3675,20,c3fb7e00efa35921,2.128045,20.0,1,15777,1,1,0,0,1,0,0,0,0,0,0,0,0,1
3676,20,c9f49a52e856f0ee,3.686027,19.352599,1,15740,2,0,0,0,0,0,0,0,0,0,0,0,0,1
3677,20,96084df86f015f24,2.771945,18.033932,1,15772,1,1,0,0,1,0,0,0,0,0,0,0,0,0
3678,20,d1d2f003e5392f41,2.082459,20.0,1,16082,1,1,0,0,1,0,0,0,0,0,0,0,0,1
3679,20,6e83dfd6ae6b3990,2.608127,20.0,1,16104,2,1,0,0,1,0,0,0,0,0,0,0,0,1
3680,20,ca3f4ba84dbfa160,1.959388,20.0,1,16381,1,1,0,0,1,0,0,0,0,0,0,0,0,1
3681,20,aa6a12cf4340d3d1,3.561789,20.0,1,16371,2,0,0,0,0,0,0,0,0,0,0,0,0,1
3682,20,1d66f09716de2991,2.675839,19.516043,1,14364,1,1,0,0,1,0,0,0,0,0,0,0,0,0
3683,20,50d12954f0826ae4,2.010258,20.0,1,13031,1,1,0,0,1,0,0,0,0,0,0,0,0,1
3684,20,d16477f63ca5c05a,1.511742,19.738571,1,13035,1,1,0,0,0,0,0,0,0,0,0,0,0,1
3685,20,fdc1ed46a02f3301,3.223022,20.0,1,13181,2,0,0,0,1,0,0,0,0,0,0,0,0,1
3686,20,71f8da2ee8202719,2.421336,19.846257,1,13201,1,1,0,0,1,0,0,0,0,0,0,0,0,0
3687,20,a9c59d64714e79af,1.819059,18.388596,1,13289,1,1,0,0,0,0,0,0,0,0,0,0,0,1
3688,20,9277db9c6f9410c0,2.412109,20.0,1,13400,1,0,0,0,1,0,0,0,0,0,0,0,0,1
3689,20,24a53976255588ba,1.812127,19.097211,1,13045,1,1,0,0,1,0,0,0,0,0,0,0,0,0
3690,20,cab0cda823c7f271,1.361384,20.0,1,13229,1,1,0,0,1,0,0,0,0,0,0,0,0,1
3691,20,f605fa8048bc9ebf,3.112081,19.501947,1,13115,2,0,0,0,0,0,0,0,0,0,0,0,0,1
3692,20,1874ed6152678b83,2.33799,18.129928,1,13130,1,1,0,0,1,0,0,0,0,0,0,0,0,0
3693,20,eab83b6b657dad7d,1.756444,20.0,1,13236,1,1,0,0,1,0,0,0,0,0,0,0,0,1
3694,20,e205dbf54a3118fd,1.319551,18.938346,1,13240,1,1,0,0,1,0,0,0,0,0,0,0,0,0
3695,20,d39a092eb4c887c2,2.036472,17.722408,1,13267,1,0,0,0,0,0,0,0,0,0,0,0,0,1
3696,20,8edda958b3ba49f2,1.529925,16.793027,1,13319,1,1,0,0,1,0,0,0,0,0,0,0,0,0
3697,20,31663900bf6e709b,1.149376,19.573663,1,13509,1,1,0,0,1,0,0,0,0,0,0,0,0,1
3698,20,312a6361e5b4b5ed,0.864347,14.719673,0,13403,1,1,0,0,0,0,0,0,0,0,0,0,0,0
3699,20,186c05fa9dd7e38f,1.693005,18.016029,1,13366,1,0,0,0,1,0,0,0,0,0,0,0,0,1
3700,20,f4a024b74be72cc5,1.271891,20.0,1,13546,1,1,0,0,1,0,0,0,0,0,0,0,0,1
3701,20,dc00fb071c805147,0.955524,15.395218,0,13397,1,1,0,0,0,0,0,0,0,0,0,0,0,0
3702,20,4e2693e5d5707aeb,2.806869,18.538427,1,13405,2,0,0,0,1,0,0,0,0,0,0,0,0,1
3703,20,e38e831c05553a35,2.108696,20.0,1,13210,1,1,0,0,1,0,0,0,0,0,0,0,0,1
3704,20,4e50c0b09f558fe6,1.584184,20.0,1,13137,1,1,0,0,1,0,0,0,0,0,0,0,0,1
3705,20,7a0f7d36280cb876,2.23548,20.0,1,13260,1,0,0,0,0,0,0,0,0,0,0,0,0,1
3706,20,d0faf9d3049cc81f,1.679432,18.88869,1,13452,1,1,0,0,1,0,0,0,0,0,0,0,0,0
3707,20,17b35cca3f41b555,2.305348,20.0,1,13144,2,1,0,0,1,0,0,0,0,0,0,0,0,1
3708,20,009e885b1c17c938,2.775575,19.366588,1,13264,1,0,0,0,0,0,0,0,0,0,0,0,0,1
3709,20,957505aa1c713333,2.087272,20.0,1,13269,1,1,0,0,1,0,0,0,0,0,0,0,0,1
3710,20,3734493c24f7ffb0,1.568089,20.0,1,13131,1,1,0,0,1,0,0,0,0,0,0,0,0,1
3711,20,66f2c596f95c4058,2.2217,17.375639,0,13309,1,0,0,0,0,0,0,0,0,0,0,0,0,0
3712,20,9f91f39a22635161,1.67075,20.0,1,13201,1,1,0,0,1,0,0,0,0,0,0,0,0,1
3713,20,37d7ab444543f768,2.298826,20.0,1,13345,2,1,0,0,1,0,0,0,0,0,0,0,0,1
3714,20,59b944d6bfed6fd9,2.770675,16.530614,0,13072,1,0,0,0,0,0,0,0,0,0,0,0,0,0
3715,20,07ff7950dd479dbc,2.081505,19.376521,1,13318,1,1,0,0,1,0,0,0,0,0,0,0,0,1
3716,20,a61d9538ca16e1ed,1.565321,18.051922,1,12999,1,1,0,0,1,0,0,0,0,0,0,0,0,0
3717,20,22b67b80133f1ccf,2.219621,17.040579,1,13192,1,0,0,0,0,0,0,0,0,0,0,0,0,1
3718,20,18dca41d384340a4,1.667518,19.759639,1,13139,1,1,0,0,1,0,0,0,0,0,0,0,0,1
3719,20,893aae12bfb707d6,1.253997,14.85953,0,13168,1,1,0,0,0,0,0,0,0,0,0,0,0,0
3720,20,c00462b94aa5e028,1.985735,18.121098,1,13072,1,0,0,0,1,0,0,0,0,0,0,0,0,1
3721,20,17051f5a892f9f44,1.491808,17.092548,1,12992,1,1,0,0,1,0,0,0,0,0,0,0,0,0
3722,20,47f3fef564e96d1e,2.164393,16.319837,1,13151,1,0,0,0,0,0,0,0,0,0,0,0,0,1
3723,20,1c5da9741e9611e3,1.627654,19.233754,1,13136,1,1,0,0,1,0,0,0,0,0,0,0,0,1
3724,20,a86695cfde272233,2.266449,14.4496,0,12993,1,0,0,0,0,0,0,0,0,0,0,0,0,0
3725,20,b4f06c28026690a8,1.702699,17.813133,1,13022,1,1,0,0,1,0,0,0,0,0,0,0,0,1
3726,20,6d23d3e57f067beb,3.368755,16.876232,1,12821,2,0,0,0,0,0,0,0,0,0,0,0,0,1
3727,20,12f1991968ffe41f,1.487166,16.157327,1,12847,0,1,0,0,1,0,0,0,0,0,0,0,0,0
3728,20,8f9cd570dad1e465,2.160906,12.138395,0,12821,1,0,0,0,0,0,0,0,0,0,0,0,0,0
3729,20,57c5c4788573b8da,1.623408,16.076812,1,13025,1,1,0,0,1,0,0,0,0,0,0,0,0,1
3730,20,c216a6176a61b228,1.220826,15.570493,1,13201,1,1,0,0,1,0,0,0,0,0,0,0,0,0
3731,20,c62433dfcd720b39,1.960814,15.176374,1,13255,1,0,0,0,0,0,0,0,0,0,0,0,0,1
3732,20,6da00e07b7d14e6b,2.51674,18.359132,1,13450,2,1,0,0,1,0,0,0,0,0,0,0,0,1
3733,20,00fab1bc302a2315,1.892624,20.0,1,13245,1,1,0,0,1,0,0,0,0,0,0,0,0,1
3734,20,c1f0fe42d6403181,2.465511,15.60172,0,13416,1,0,0,0,0,0,0,0,0,0,0,0,0,0
3735,20,b9e7bd12c2eae4a2,1.852246,18.678678,1,13363,1,1,0,0,1,0,0,0,0,0,0,0,0,1
3736,20,dd9cb706451debe5,1.391523,17.511437,1,13411,1,1,0,0,1,0,0,0,0,0,0,0,0,0
3737,20,934ef15c4628271b,1.046445,20.0,1,13485,1,1,0,0,1,0,0,0,0,0,0,0,0,1
3738,20,cdf38aff592182e2,1.829809,18.601651,1,13488,1,0,0,0,0,0,0,0,0,0,0,0,0,1
3739,20,e729f1fe61ff9856,1.374667,17.45357,1,13312,1,1,0,0,1,0,0,0,0,0,0,0,0,0
3740,20,6155c3eed8d20a8d,2.07792,16.605835,1,13230,1,0,0,0,0,0,0,0,0,0,0,0,0,1
3741,20,d231fb207dfddcb6,1.561063,19.433032,1,13406,1,1,0,0,1,0,0,0,0,0,0,0,0,1
3742,20,8f1f94d387028d6e,1.172769,18.078155,1,13398,1,1,0,0,1,0,0,0,0,0,0,0,0,0
3743,20,621bf4145e6d5b6a,1.92471,17.060287,1,13130,1,0,0,0,0,0,0,0,0,0,0,0,0,1
3744,20,e23e9a20d2da418b,1.44741,16.31008,1,13297,1,1,0,0,1,0,0,0,0,0,0,0,0,0
3745,20,7bcbbc76d1634cc3,1.087385,19.210843,1,13412,1,1,0,0,1,0,0,0,0,0,0,0,0,1
3746,20,47c0345c65d03c05,0.816912,17.911232,1,13430,1,1,0,0,0,0,0,0,0,0,0,0,0,1
3747,20,553a5e2576ff0264,2.70263,16.950004,1,13329,2,0,0,0,1,0,0,0,0,0,0,0,0,0
3748,20,a7cf576587ff4587,2.030385,19.691593,1,13495,1,1,0,0,1,0,0,0,0,0,0,0,0,1
3749,20,89099ab7cb19e2e7,1.525352,20.0,1,13548,1,1,0,0,1,0,0,0,0,0,0,0,0,1
3750,20,4ec9965e2fbedf9f,2.189594,19.819743,1,13717,1,0,0,0,0,0,0,0,0,0,0,0,0,1
3751,20,b23a4cc7d12dd704,1.646606,20.0,1,13577,1,1,0,0,1,0,0,0,0,0,0,0,0,1
3752,20,61698f26678515ac,2.280687,19.905752,1,13606,2,1,0,0,1,0,0,0,0,0,0,0,0,0
3753,20,b11cbfda977b40f8,2.757048,18.433292,1,13600,1,0,0,0,0,0,0,0,0,0,0,0,0,1
3754,20,3a1c47bf557599ba,2.073339,17.3426,1,13871,1,1,0,0,1,0,0,0,0,0,0,0,0,0
3755,20,4f718c1c9b5c2625,1.557622,19.986536,1,13542,1,1,0,0,1,0,0,0,0,0,0,0,0,1
3756,20,6811f9e007fd7cf8,2.213837,18.493982,1,13806,1,0,0,0,0,0,0,0,0,0,0,0,0,1
3757,20,e292af7ac35acd97,2.706826,20.0,1,13732,2,1,0,0,1,0,0,0,0,0,0,0,0,1
3758,20,e2b3b418a646f513,2.035572,19.161147,1,13642,1,1,0,0,1,0,0,0,0,0,0,0,0,0
3759,20,0b23a3c7c635eaf1,1.529249,20.0,1,13789,1,1,0,0,1,0,0,0,0,0,0,0,0,1
3760,20,9ad5e07749bbb1da,2.192521,16.041517,0,13836,1,0,0,0,0,0,0,0,0,0,0,0,0,0
3761,20,45eb4e3f0d6effad,1.648807,19.024453,1,13837,1,1,0,0,1,0,0,0,0,0,0,0,0,1
3762,20,705d92d4456e1a7a,2.28234,20.0,1,13967,2,1,0,0,1,0,0,0,0,0,0,0,0,1
3763,20,a6486756894af270,1.714637,20.0,1,13898,1,1,0,0,1,0,0,0,0,0,0,0,0,1
3764,20,cf96243255e12a51,2.331796,20.0,1,13973,1,0,0,0,0,0,0,0,0,0,0,0,0,1
3765,20,f9548e6cb48611fd,1.753544,19.046692,1,14072,1,1,0,0,1,0,0,0,0,0,0,0,0,0
3766,20,027eecb2c7bff9d1,2.361025,20.0,1,13960,2,1,0,0,1,0,0,0,0,0,0,0,0,1
3767,20,0145e96e272d1c62,2.817403,19.455764,1,13714,1,0,0,0,0,0,0,0,0,0,0,0,0,1
3768,20,5071cf6a8335f1a8,2.118728,18.111513,1,14128,1,1,0,0,1,0,0,0,0,0,0,0,0,0
3769,20,ae03891b2667f9ba,3.679028,17.085347,1,14015,2,0,0,0,0,0,0,0,0,0,0,0,0,1
3770,20,a52d4a993a89f6c9,2.763916,19.793272,1,14029,1,1,0,0,1,0,0,0,0,0,0,0,0,1
3771,20,273206081606a9b4,2.076427,18.34879,1,14332,1,1,0,0,1,0,0,0,0,0,0,0,0,0
3772,20,1e0ac32bef02ef8c,1.561502,20.0,1,14019,1,1,0,0,1,0,0,0,0,0,0,0,0,1
3773,20,387b3075e7d097d4,2.216752,19.074722,1,13543,1,0,0,0,0,0,0,0,0,0,0,0,0,1
3774,20,bd58832d595a1f38,1.665363,17.80897,1,13625,1,1,0,0,1,0,0,0,0,0,0,0,0,0
3775,20,29f744d7bcdf9a50,1.252377,20.0,1,13524,1,1,0,0,1,0,0,0,0,0,0,0,0,1
3776,20,338163cddab124bf,1.984517,18.769745,1,13761,1,0,0,0,0,0,0,0,0,0,0,0,0,1
3777,21,1fd48474a6be9a50,2.534547,20.0,1,13957,2,1,0,0,1,0,0,0,0,0,0,0,0,1
3778,21,530e0ea8d92a6d51,1.90411,20.0,1,13980,1,1,0,0,1,0,0,0,0,0,0,0,0,1
3779,21,9d91a06f605c6d81,2.476069,17.129607,0,14182,1,0,0,0,0,0,0,0,0,0,0,0,0,0
3780,21,1bedfd585b1aa4b9,1.860178,19.826522,1,14271,1,1,0,0,1,0,0,0,0,0,0,0,0,1
3781,21,26a9669cba5af3ef,1.397482,18.37377,1,14188,1,1,0,0,1,0,0,0,0,0,0,0,0,0
3782,21,4f55c5e4b2d3c044,1.050926,13.817337,0,14349,0,0,0,0,0,0,0,0,0,0,0,0,0,0
3783,21,429a6cfc04b09590,0.789522,17.338138,1,14008,1,1,0,0,1,0,0,0,0,0,0,0,0,1
3784,21,bfd1095e82cc3b3f,0.593138,16.504339,1,13935,1,1,0,0,1,0,0,0,0,0,0,0,0,0
3785,21,e8a24dfe484cb614,1.489256,15.877938,1,14047,1,0,0,0,0,0,0,0,0,0,0,0,0,1
3786,21,a8eb40163c807ab7,2.164092,18.901439,1,13864,2,1,0,0,1,0,0,0,0,0,0,0,0,1
3787,21,b734eb68cadec0ba,1.625802,17.678789,1,14046,1,1,0,0,1,0,0,0,0,0,0,0,0,0
3788,21,03ed9d518f369873,0.177751,13.281413,0,14132,0,1,0,0,0,0,0,0,0,0,0,0,0,0
3789,21,cd43fcebe8f5e6e6,1.177821,16.948815,1,13906,1,0,0,0,1,0,0,0,0,0,0,0,0,1
3790,21,338e1a6d9a9334b5,0.884853,16.211856,1,14038,1,1,0,0,1,0,0,0,0,0,0,0,0,0
3791,21,f71f04d2a5841727,1.708411,19.13705,1,14005,2,1,0,0,1,0,0,0,0,0,0,0,0,1
3792,21,dab4ff966e399802,2.327118,17.855795,1,14087,1,0,0,0,0,0,0,0,0,0,0,0,0,1
3793,21,339e340883d8ecaf,1.750026,16.908314,1,13844,1,1,0,0,1,0,0,0,0,0,0,0,0,0
3794,21,0f3eea50b2030a66,1.314729,19.660273,1,13978,1,1,0,0,1,0,0,0,0,0,0,0,0,1
3795,21,157d3461e0a7f335,0.987707,20.0,1,13977,1,1,0,0,1,0,0,0,0,0,0,0,0,1
3796,21,f1991b9aba19249f,1.78692,19.820055,1,13998,1,0,0,0,0,0,0,0,0,0,0,0,0,1
3797,21,f0cae4ef532c2023,1.342446,18.368911,1,14011,1,1,0,0,1,0,0,0,0,0,0,0,0,0
3798,21,3dc875a761d5c5ef,1.00853,20.0,1,13959,1,1,0,0,1,0,0,0,0,0,0,0,0,1
3799,21,e90cc852e180b7a9,1.801324,19.073227,1,14071,2,1,0,0,0,0,0,0,0,0,0,0,0,1
3800,21,0843c071791750a4,2.398772,17.82384,1,14078,1,0,0,0,1,0,0,0,0,0,0,0,0,0
3801,21,e7652621d19bb2aa,1.802108,20.0,1,13834,1,1,0,0,1,0,0,0,0,0,0,0,0,1
3802,21,83403ab2ce2e5edc,1.353856,18.765592,1,13908,1,1,0,0,1,0,0,0,0,0,0,0,0,0
3803,21,31f44b91b5854a60,1.018119,20.0,1,13927,1,1,0,0,1,0,0,0,0,0,0,0,0,1
3804,21,9eeb382b0724ec5e,0.764875,19.310199,1,13975,1,1,0,0,1,0,0,0,0,0,0,0,0,0
3805,21,8cf44fb6a5bc2678,1.618275,17.985875,1,13957,1,0,0,0,0,0,0,0,0,0,0,0,0,1
3806,21,26302fd6db433208,1.21575,20.0,1,13933,1,1,0,0,1,0,0,0,0,0,0,0,0,1
3807,21,212d5aa4658ea2f7,0.914261,18.874086,1,13933,1,1,0,0,1,0,0,0,0,0,0,0,0,0
3808,21,37a5a18fb6caef37,1.730504,20.0,1,14064,2,1,0,0,1,0,0,0,0,0,0,0,0,1
3809,21,79c0b206a03c3fd7,1.300063,19.358346,1,13995,0,0,0,0,0,0,0,0,0,0,0,0,0,1
3810,21,066f19424897b5f9,0.977666,18.038254,1,14120,1,1,0,0,1,0,0,0,0,0,0,0,0,0
3811,21,45cd890081455bb1,1.778137,20.0,1,13935,2,1,0,0,1,0,0,0,0,0,0,0,0,1
3812,21,750fc310f3e0ed42,1.335848,20.0,1,13982,1,1,0,0,1,0,0,0,0,0,0,0,0,1
3813,21,adc39f36c9059362,2.047226,20.0,1,13991,1,0,0,0,0,0,0,0,0,0,0,0,0,1
3814,21,c737755f3a17e375,1.539543,20.0,1,13782,1,1,0,0,1,0,0,0,0,0,0,0,0,1
3815,21,03691bb0fd247bd6,1.156601,20.0,1,14216,1,1,0,0,1,0,0,0,0,0,0,0,0,0
3816,21,578fb6fab2e2f3f6,0.868911,20.0,1,13923,1,1,0,0,1,0,0,0,0,0,0,0,0,1
3817,21,6085a28dd6b7aff7,1.697584,20.0,1,14078,2,1,0,0,1,0,0,0,0,0,0,0,0,1
3818,21,be0e04b7c44ccd39,2.318985,17.719671,0,13900,1,0,0,0,0,0,0,0,0,0,0,0,0,0
3819,21,7eb8737e386f83c6,1.742167,20.0,1,14107,1,1,0,0,1,0,0,0,0,0,0,0,0,1
3820,21,df10bd142829f09e,1.308825,18.706799,1,13748,1,1,0,0,1,0,0,0,0,0,0,0,0,0
3821,21,bfa76b9aa9882ae4,2.028405,17.548281,1,13874,1,0,0,0,0,0,0,0,0,0,0,0,0,1
3822,21,3cbca3f7365ce076,1.523865,16.662212,1,13969,1,1,0,0,1,0,0,0,0,0,0,0,0,0
3823,21,56e4a4bf8d7a99f0,1.144823,19.475386,1,13969,1,1,0,0,1,0,0,0,0,0,0,0,0,1
3824,21,74dea8182b594738,1.905074,20.0,1,13865,2,1,0,0,1,0,0,0,0,0,0,0,0,1
3825,21,f5311adf735cf63b,1.431211,19.711204,1,13867,1,1,0,0,1,0,0,0,0,0,0,0,0,0
3826,21,072fcead16035cc8,2.118868,18.287135,1,14164,1,0,0,0,0,0,0,0,0,0,0,0,0,1
3827,21,92f19af33868b99d,1.591827,17.217286,1,14005,1,1,0,0,1,0,0,0,0,0,0,0,0,0
3828,21,9d63cd8ad3fe1404,1.197076,19.908648,1,13959,1,1,0,0,1,0,0,0,0,0,0,0,0,1
3829,21,a70b639d11ec29be,0.899319,14.956623,0,14175,1,1,0,0,0,0,0,0,0,0,0,0,0,0
3830,21,c2b951f784f9b818,1.719278,18.194041,1,13926,1,0,0,0,1,0,0,0,0,0,0,0,0,1
3831,21,70fda9c2c2c57230,2.337072,20.0,1,13930,2,1,0,0,1,0,0,0,0,0,0,0,0,1
3832,21,955f50cb3de97d4f,1.755755,18.987295,1,13954,1,1,0,0,1,0,0,0,0,0,0,0,0,0
3833,21,c1857ce1d7dd4a0e,1.319033,20.0,1,13943,1,1,0,0,1,0,0,0,0,0,0,0,0,1
3834,21,dff93ad60d5d284a,0.99094,19.42224,1,14055,1,1,0,0,0,0,0,0,0,0,0,0,0,1
3835,21,8cf4a90e45b30250,1.789352,18.086303,1,13964,1,0,0,0,1,0,0,0,0,0,0,0,0,0
3836,21,9ac529a8650b551c,1.344273,20.0,1,13978,1,1,0,0,1,0,0,0,0,0,0,0,0,1
3837,21,b754b9789c31eb18,1.009902,20.0,1,13971,1,1,0,0,1,0,0,0,0,0,0,0,0,1
3838,21,676d7f4c565399ea,2.847762,20.0,1,14007,2,0,0,0,0,0,0,0,0,0,0,0,0,1
3839,21,471854d6c3364080,2.139417,18.744526,1,13944,1,1,0,0,1,0,0,0,0,0,0,0,0,0
3840,21,84f40ee36766fab8,1.607264,20.0,1,13975,1,1,0,0,1,0,0,0,0,0,0,0,0,1
3841,21,a4d2dffe5540e487,1.207477,19.285222,1,13947,1,1,0,0,1,0,0,0,0,0,0,0,0,0
3842,21,de21a4da6284889f,0.90804,17.983264,1,13855,1,1,0,0,0,0,0,0,0,0,0,0,0,1
3843,21,e62a778fd9bc7c67,2.769483,20.0,1,13890,2,0,0,0,1,0,0,0,0,0,0,0,0,1
3844,21,5f81ebada1015b2f,1.036956,18.85557,1,13958,0,1,0,0,1,0,0,0,0,0,0,0,0,0
3845,21,738feafbfe368411,1.823956,20.0,1,13893,2,1,0,0,1,0,0,0,0,0,0,0,0,2
3846,21,9005817a26118b8d,2.413923,18.496959,0,14044,1,0,0,0,0,0,0,0,0,0,0,0,0,0
3847,21,e4aa1e53986c6162,1.81349,20.0,1,13899,1,1,0,0,1,0,0,0,0,0,0,0,0,1
3848,21,14436506dbfa4aaa,2.406061,20.0,1,13923,2,1,0,0,1,0,0,0,0,0,0,0,0,1
3849,21,eec1da8ce647dd31,2.853543,20.0,1,13984,1,0,0,0,0,0,0,0,0,0,0,0,0,1
3850,21,6476a162343f19dd,2.14376,20.0,1,14034,1,1,0,0,1,0,0,0,0,0,0,0,0,1
3851,21,7bb871de1ee0b28b,1.610527,20.0,1,13838,1,1,0,0,1,0,0,0,0,0,0,0,0,0
3852,21,538dcab362c26946,2.25529,18.725939,1,13936,1,0,0,0,0,0,0,0,0,0,0,0,0,1
3853,21,f28158e482f1773d,2.737968,20.0,1,14055,2,1,0,0,1,0,0,0,0,0,0,0,0,1
3854,21,2604305c2c3d376f,2.056933,19.274732,1,13909,1,1,0,0,1,0,0,0,0,0,0,0,0,0
3855,21,04ccf6f26dc95fcb,2.58895,17.95923,1,13953,1,0,0,0,0,0,0,0,0,0,0,0,0,1
3856,21,8505e7fbc07fb8ed,1.946928,20.0,1,13902,1,1,0,0,1,0,0,0,0,0,0,0,0,1
3857,21,e4280dc39ccf54e4,1.462654,18.854636,1,13916,1,1,0,0,1,0,0,0,0,0,0,0,0,0
3858,21,74f41fc829040947,2.142491,17.643628,1,14042,1,0,0,0,0,0,0,0,0,0,0,0,0,1
3859,21,bfaa0b0b5718a760,1.611183,20.0,1,14039,1,1,0,0,1,0,0,0,0,0,0,0,0,1
3860,21,62086a03d7fd8586,2.254075,15.197489,0,14090,1,0,0,0,0,0,0,0,0,0,0,0,0,0
3861,21,55b16f2433fcd65b,2.737056,18.374995,1,14044,2,1,0,0,1,0,0,0,0,0,0,0,0,1
3862,21,c56d3e062dcd12d5,2.056248,20.0,1,13822,1,1,0,0,1,0,0,0,0,0,0,0,0,1
3863,21,3c94a3fab220972b,2.590478,19.093924,1,13865,1,0,0,0,0,0,0,0,0,0,0,0,0,1
3864,21,fd5ddd53a80c9042,1.946129,17.823395,1,13821,1,1,0,0,1,0,0,0,0,0,0,0,0,0
3865,21,5765d298baea198d,1.462054,20.0,1,13867,1,1,0,0,1,0,0,0,0,0,0,0,0,1
3866,21,7244bc04c160072c,2.143636,15.30179,0,13751,1,0,0,0,0,0,0,0,0,0,0,0,0,0
3867,21,61b163fbf66ce324,1.610434,18.453352,1,14044,1,1,0,0,1,0,0,0,0,0,0,0,0,1
3868,21,e8ee0829e0119f5d,1.209859,17.342158,1,14226,1,1,0,0,1,0,0,0,0,0,0,0,0,0
3869,21,bec80f8767eacac6,1.952575,16.50736,1,14193,1,0,0,0,0,0,0,0,0,0,0,0,0,1
3870,21,87f5085f11117587,1.468364,15.894271,1,14133,1,1,0,0,1,0,0,0,0,0,0,0,0,0
3871,21,a3c85979817af726,1.103127,18.898461,1,14119,1,1,0,0,1,0,0,0,0,0,0,0,0,1
3872,21,dabbb0ba8baa4513,1.872392,14.197707,0,13842,1,0,0,0,0,0,0,0,0,0,0,0,0,0
3873,21,f5fd5bfec52e0078,1.408065,17.637882,1,13981,1,1,0,0,1,0,0,0,0,0,0,0,0,1
3874,21,789fc06768225ef4,1.057827,16.729526,1,13872,1,1,0,0,1,0,0,0,0,0,0,0,0,0
3875,21,5602cd39a3523e78,1.838359,16.047112,1,13851,1,0,0,0,0,0,0,0,0,0,0,0,0,1
3876,21,e1429d3a8baaf5bf,1.38109,19.013284,1,13901,1,1,0,0,1,0,0,0,0,0,0,0,0,1
3877,21,83413fcd97e02768,1.0386,17.778762,1,13734,1,1,0,0,1,0,0,0,0,0,0,0,0,0
3878,21,61061f6cc2e7c121,0.780261,20.0,1,13844,1,1,0,0,1,0,0,0,0,0,0,0,0,1
3879,21,6eab70669e0dbdc7,1.629834,18.74015,1,13935,1,0,0,0,0,0,0,0,0,0,0,0,0,1
3880,21,078862c9a37d0593,1.225659,17.573362,1,13799,1,1,0,0,1,0,0,0,0,0,0,0,0,0
3881,21,87e98a0fc22e9f9e,0.920792,20.0,1,13883,1,1,0,0,1,0,0,0,0,0,0,0,0,1
3882,21,6f7c1d231edf681a,0.691756,18.624223,1,13795,1,1,0,0,1,0,0,0,0,0,0,0,0,0
3883,21,954a3cc004d5ea17,1.563344,17.470527,1,13785,1,0,0,0,0,0,0,0,0,0,0,0,0,1
3884,21,7c6fd1de51b52112,2.219807,20.0,1,13732,2,1,0,0,1,0,0,0,0,0,0,0,0,1
3885,21,61610235a39b1adc,1.667658,20.0,1,13864,1,1,0,0,1,0,0,0,0,0,0,0,0,1
3886,21,5fc163949e26e332,2.296503,16.570887,0,13953,1,0,0,0,0,0,0,0,0,0,0,0,0,0
3887,21,3c51388743055255,1.727003,19.422547,1,14381,1,1,0,0,1,0,0,0,0,0,0,0,0,1
3888,21,82bf91d0df49aacc,1.297433,20.0,1,14700,1,1,0,0,1,0,0,0,0,0,0,0,0,1
3889,21,2f874b6d8a183462,0.974713,19.667895,1,14635,1,1,0,0,1,0,0,0,0,0,0,0,0,0
3890,21,3f723152fa386699,0.732265,20.0,1,14833,1,1,0,0,1,0,0,0,0,0,0,0,0,1
3891,21,97be16ec3a5edeb4,2.638975,19.824361,1,14685,2,0,0,0,0,0,0,0,0,0,0,0,0,1
3892,21,5abe9fbdd75050e0,1.982563,20.0,1,14928,1,1,0,0,1,0,0,0,0,0,0,0,0,1
3893,21,b462440f36527f08,1.489426,20.0,1,15456,1,1,0,0,1,0,0,0,0,0,0,0,0,1
3894,21,f58e917f2396ca23,1.120069,20.0,1,15601,1,1,0,0,1,0,0,0,0,0,0,0,0,0
3895,21,b8fcd53c249c4972,1.88512,20.0,1,15702,2,1,0,0,1,0,0,0,0,0,0,0,0,1
3896,21,aa8eb033bd07db79,2.459873,20.0,1,15758,1,0,0,0,0,0,0,0,0,0,0,0,0,1
3897,21,93c2e175dcf0e97c,1.848011,18.947928,1,15830,1,1,0,0,1,0,0,0,0,0,0,0,0,0
3898,21,30d68efaeb612eb5,2.433881,20.0,1,15826,2,1,0,0,1,0,0,0,0,0,0,0,0,1
3899,21,004f669cc29c8149,1.828484,20.0,1,14611,1,1,0,0,1,0,0,0,0,0,0,0,0,1
3900,21,fd192d463fde06c3,1.373671,20.0,1,13647,1,1,0,0,1,0,0,0,0,0,0,0,0,1
3901,21,7a0f7d6626ad51f1,3.121322,20.0,1,13720,2,0,0,0,0,0,0,0,0,0,0,0,0,1
3902,21,e65c098cc98a8b54,2.344932,20.0,1,13902,1,1,0,0,1,0,0,0,0,0,0,0,0,1
3903,21,198f361e2f89aa6c,1.76166,20.0,1,13899,1,1,0,0,1,0,0,0,0,0,0,0,0,0
3904,21,4070a46cf9702004,1.323469,20.0,1,13901,1,1,0,0,1,0,0,0,0,0,0,0,0,1
3905,21,bd420d1fb453fe25,0.995268,20.0,1,13789,1,1,0,0,1,0,0,0,0,0,0,0,0,0
3906,21,8608271a8e8450a9,1.791361,18.904742,1,13782,1,0,0,0,0,0,0,0,0,0,0,0,0,1
3907,21,38e9575e330aa577,2.389436,20.0,1,13822,2,1,0,0,1,0,0,0,0,0,0,0,0,1
3908,21,223f6099a7124985,1.79689,20.0,1,13888,1,1,0,0,1,0,0,0,0,0,0,0,0,1
3909,21,104c3254f7aae0a0,2.393589,17.184164,0,13614,1,0,0,0,0,0,0,0,0,0,0,0,0,0
3910,21,58fb1eed9fe9ea64,1.798214,19.867509,1,13820,1,1,0,0,1,0,0,0,0,0,0,0,0,1
3911,21,1fc7bb8aa010ba96,1.350931,18.404562,1,13714,1,1,0,0,1,0,0,0,0,0,0,0,0,0
3912,21,c4b1b855ec0d50f8,1.015919,20.0,1,14697,1,1,0,0,1,0,0,0,0,0,0,0,0,1
3913,21,be01dbd89c416ae1,0.763222,20.0,1,14377,1,1,0,0,1,0,0,0,0,0,0,0,0,1
3914,21,5c342dbc90d0d98f,1.617034,20.0,1,14377,2,1,0,0,1,0,0,0,0,0,0,0,0,1
3915,21,216fdf48f4f7cd73,2.260183,20.0,1,14202,1,0,0,0,0,0,0,0,0,0,0,0,0,1
3916,21,d2e5e09a765d74dd,1.697991,19.610295,1,14498,1,1,0,0,1,0,0,0,0,0,0,0,0,0
3917,21,15bd1bd48d12b4b9,1.275637,20.0,1,14108,1,1,0,0,1,0,0,0,0,0,0,0,0,1
3918,21,7fc494f470133f57,0.958338,19.773859,1,14247,1,1,0,0,1,0,0,0,0,0,0,0,0,0
3919,21,afa50c2e296f8758,1.764835,18.350725,1,14182,1,0,0,0,0,0,0,0,0,0,0,0,0,1
3920,21,604eb6ab297fe0b9,2.369508,20.0,1,14064,2,1,0,0,1,0,0,0,0,0,0,0,0,1
3921,21,6699dac555d31a5f,1.780123,15.584119,0,14302,1,1,0,0,0,0,0,0,0,0,0,0,0,0
3922,21,133de67399da7e06,2.382828,18.680483,1,14126,1,0,0,0,1,0,0,0,0,0,0,0,0,1
3923,21,b26253da250c4e21,1.79013,20.0,1,14189,1,1,0,0,1,0,0,0,0,0,0,0,0,1
3924,21,f00763c727f5c971,1.344857,19.249077,1,14289,1,1,0,0,1,0,0,0,0,0,0,0,0,0
3925,21,d190e212679bb610,1.010341,20.0,1,14111,1,1,0,0,1,0,0,0,0,0,0,0,0,1
3926,21,37b74ad43a916029,0.759791,19.587745,1,14107,1,1,0,0,1,0,0,0,0,0,0,0,0,0
3927,21,2112f5a762e47c9d,1.614456,18.194385,1,13669,1,0,0,0,0,0,0,0,0,0,0,0,0,1
3928,21,8191e1e9ccf6307e,1.21288,20.0,1,13039,1,1,0,0,1,0,0,0,0,0,0,0,0,1
3929,21,cb3fc3286c489288,1.956254,20.0,1,13078,2,1,0,0,1,0,0,0,0,0,0,0,0,1
3930,21,bb467828ad466655,2.513314,16.882665,0,13449,1,0,0,0,0,0,0,0,0,0,0,0,0,0
3931,21,3d36d14a965d0a11,1.888159,19.641004,1,13282,1,1,0,0,1,0,0,0,0,0,0,0,0,1
3932,21,a99994d565d4b71a,1.418503,20.0,1,13222,1,1,0,0,1,0,0,0,0,0,0,0,0,1
3933,21,768071a9ce45f498,2.110885,16.328667,0,13486,1,0,0,0,0,0,0,0,0,0,0,0,0,0
3934,21,1813dd3efc347462,1.585829,19.224806,1,13230,1,1,0,0,1,0,0,0,0,0,0,0,0,1
3935,21,6322aa78dfe0b90e,2.235027,20.0,1,13497,2,1,0,0,1,0,0,0,0,0,0,0,0,1
3936,21,11c3bbcd28d0bbe4,2.724923,16.093532,0,13621,1,0,0,0,0,0,0,0,0,0,0,0,0,0
3937,21,37af8d2545c4c764,2.047133,19.048158,1,13262,1,1,0,0,1,0,0,0,0,0,0,0,0,1
3938,21,f71713a1d957a91a,1.537934,20.0,1,13420,1,1,0,0,1,0,0,0,0,0,0,0,0,1
3939,21,e600fe4bc97389a4,1.155393,20.0,1,13454,1,1,0,0,1,0,0,0,0,0,0,0,0,1
3940,21,7142cb60cb5b1d63,1.913022,17.247774,0,13235,1,0,0,0,0,0,0,0,0,0,0,0,0,0
3941,21,02342e3b3c40bc0d,1.437182,19.915297,1,13146,1,1,0,0,1,0,0,0,0,0,0,0,0,1
3942,21,4112e88c0224cb95,2.123355,18.440463,1,13266,1,0,0,0,0,0,0,0,0,0,0,0,0,1
3943,21,14f3c6c8b224f296,1.596793,17.347993,1,13235,1,1,0,0,1,0,0,0,0,0,0,0,0,0
3944,21,90421c1221ac44d0,1.199611,19.990587,1,13245,1,1,0,0,1,0,0,0,0,0,0,0,0,1
3945,21,04449ffa4655daae,1.944876,15.018181,0,13096,1,0,0,0,0,0,0,0,0,0,0,0,0,0
3946,21,f1408c2cf69f311b,1.461113,18.240287,1,13003,1,1,0,0,1,0,0,0,0,0,0,0,0,1
3947,21,cf3666ccd49561b6,3.187079,17.197458,1,13159,2,0,0,0,0,0,0,0,0,0,0,0,0,1
3948,21,b1f624a6bfa4c459,2.394333,16.398651,1,12938,1,1,0,0,1,0,0,0,0,0,0,0,0,0
3949,21,d4b6974854d49278,1.798773,19.277383,1,13195,1,1,0,0,1,0,0,0,0,0,0,0,0,1
3950,21,b6ff8f354871d95f,2.396853,17.977368,1,13092,1,0,0,0,0,0,0,0,0,0,0,0,0,1
3951,21,fd11f4cf38245d0f,1.800666,16.984569,1,13019,1,1,0,0,1,0,0,0,0,0,0,0,0,0
3952,21,f1cdb38330f13370,1.352773,19.717561,1,12891,1,1,0,0,1,0,0,0,0,0,0,0,0,1
3953,21,22aeebd87127df3d,1.016288,14.813066,0,12909,0,0,0,0,0,0,0,0,0,0,0,0,0,0
3954,21,7f75f7e854dfae74,1.808414,18.100641,1,12825,2,1,0,0,1,0,0,0,0,0,0,0,0,1
3955,21,5be77fed924cc794,1.358594,17.077179,1,12958,1,1,0,0,1,0,0,0,0,0,0,0,0,0
3956,21,19612b4eb302b839,2.064314,16.308291,1,12761,1,0,0,0,0,0,0,0,0,0,0,0,0,1
3957,21,873fbf33737870a8,1.552393,15.744569,1,12694,1,1,0,0,1,0,0,0,0,0,0,0,0,0
3958,21,d2799b93e8f126de,0.122602,18.785995,1,12869,0,1,0,0,1,0,0,0,0,0,0,0,0,1
3959,21,dbe0d4af81075c46,1.13576,14.113216,0,12791,1,0,0,0,0,0,0,0,0,0,0,0,0,0
3960,21,0fea3de3d3fc5350,0.853254,17.56042,1,12863,1,1,0,0,1,0,0,0,0,0,0,0,0,1
3961,21,c74b1b53b3af1c8d,0.641659,16.686188,1,13038,1,1,0,0,1,0,0,0,0,0,0,0,0,0
3962,21,196740f86f438372,1.525708,16.014554,1,12819,1,0,0,0,0,0,0,0,0,0,0,0,0,1
3963,21,8175054924073842,1.146207,15.50998,1,12941,1,1,0,0,1,0,0,0,0,0,0,0,0,0
3964,21,85113308fa932787,0.861964,15.144228,1,12797,1,1,0,0,0,0,0,0,0,0,0,0,0,1
3965,21,3d72a63f74df0049,1.691215,14.856137,1,12599,1,0,0,0,1,0,0,0,0,0,0,0,0,0
3966,21,d23e122f74458fdf,1.270546,18.118549,1,12789,1,1,0,0,1,0,0,0,0,0,0,0,0,1
3967,21,e6e082251f84f76a,1.998167,13.611789,0,12574,1,0,0,0,0,0,0,0,0,0,0,0,0,0
3968,21,1479ec073d39f039,1.50265,17.197263,1,12567,1,1,0,0,1,0,0,0,0,0,0,0,0,1
3969,21,4c59a34965558afd,1.128885,19.877349,1,12464,1,1,0,0,1,0,0,0,0,0,0,0,0,1
3970,21,50a07700ca9b8509,1.891742,14.93311,0,12708,1,0,0,0,0,0,0,0,0,0,0,0,0,0
3971,21,d5e07946c394343d,1.422617,18.190915,1,12697,1,1,0,0,1,0,0,0,0,0,0,0,0,1
3972,21,a44381feb069a6b1,1.068759,17.144999,1,12793,1,1,0,0,0,0,0,0,0,0,0,0,0,1
3973,21,fdbd8317dc884ef9,1.846572,16.359241,1,12794,1,0,0,0,1,0,0,0,0,0,0,0,0,0
3974,21,0bde913367dc4e5a,1.387261,19.247775,1,12654,1,1,0,0,1,0,0,0,0,0,0,0,0,1
3975,21,517e18423b8b64bb,2.08739,14.474601,0,12878,1,0,0,0,0,0,0,0,0,0,0,0,0,0
3976,21,10dcfd7a5685acab,1.568178,17.831916,1,13030,1,1,0,0,1,0,0,0,0,0,0,0,0,1
3977,21,f6a1f7385549d5f9,2.221767,20.0,1,12836,2,1,0,0,1,0,0,0,0,0,0,0,0,1
3978,21,a6898429888772d6,2.714951,18.787106,1,12910,1,0,0,0,0,0,0,0,0,0,0,0,0,1
3979,21,b2035bf18698bafe,2.039641,17.592895,1,13042,1,1,0,0,1,0,0,0,0,0,0,0,0,0
3980,21,92ab5a816ce7b762,1.532306,20.0,1,13212,1,1,0,0,1,0,0,0,0,0,0,0,0,1
3981,21,e118bb446644e184,1.151164,20.0,1,13254,1,1,0,0,1,0,0,0,0,0,0,0,0,1
3982,21,b2b96eebf3ede9e2,1.909843,16.630112,0,13293,1,0,0,0,0,0,0,0,0,0,0,0,0,0
3983,21,72e7232bca4aae0a,1.434793,19.451271,1,13262,1,1,0,0,1,0,0,0,0,0,0,0,0,1
3984,21,5daf888fd7e76975,1.077907,20.0,1,14236,1,1,0,0,1,0,0,0,0,0,0,0,0,1
3985,21,f553f3ed784cdf0a,0.810601,19.701977,1,14217,1,1,0,0,1,0,0,0,0,0,0,0,0,0
3986,21,b52a070fa716fad6,1.652628,18.280203,1,15251,1,0,0,0,0,0,0,0,0,0,0,0,0,1
3987,21,ff350d03c62d6820,1.241557,17.212078,1,15253,1,1,0,0,1,0,0,0,0,0,0,0,0,0
3988,21,962c22b7d5c7fec0,1.976389,19.88848,1,15266,2,1,0,0,1,0,0,0,0,0,0,0,0,1
3989,22,1fd48474a6be9a50,0.442122,18.436922,1,14543,0,1,0,0,1,0,0,0,0,0,0,0,0,0
3990,22,530e0ea8d92a6d51,0.33215,20.0,1,13920,1,1,0,0,1,0,0,0,0,0,0,0,0,1
3991,22,9d91a06f605c6d81,0.249532,19.111612,1,14162,1,1,0,0,1,0,0,0,0,0,0,0,0,0
3992,22,1bedfd585b1aa4b9,0.187651,20.0,1,14162,1,1,0,0,1,0,0,0,0,0,0,0,0,1
3993,22,26a9669cba5af3ef,2.228282,19.505686,1,14290,2,0,0,0,0,0,0,0,0,0,0,0,0,1
3994,22,4f55c5e4b2d3c044,1.674025,18.132737,1,14051,1,1,0,0,1,0,0,0,0,0,0,0,0,0
3995,22,429a6cfc04b09590,1.257633,20.0,1,14129,1,1,0,0,1,0,0,0,0,0,0,0,0,1
3996,22,bfd1095e82cc3b3f,1.989908,18.957058,1,14032,1,0,0,0,0,0,0,0,0,0,0,0,0,1
3997,22,e8a24dfe484cb614,1.494944,17.720573,1,13862,1,1,0,0,1,0,0,0,0,0,0,0,0,0
3998,22,a8eb40163c807ab7,1.123095,20.0,1,14024,1,1,0,0,1,0,0,0,0,0,0,0,0,1
3999,22,b734eb68cadec0ba,0.844584,18.724202,1,13969,1,1,0,0,1,0,0,0,0,0,0,0,0,0
4000,22,03ed9d518f369873,1.678157,17.545637,1,14086,1,0,0,0,0,0,0,0,0,0,0,0,0,1
4001,22,cd43fcebe8f5e6e6,1.260737,20.0,1,13994,1,1,0,0,1,0,0,0,0,0,0,0,0,1
4002,22,338e1a6d9a9334b5,0.947145,18.608575,1,14017,1,1,0,0,1,0,0,0,0,0,0,0,0,0
4003,22,f71f04d2a5841727,0.712266,20.0,1,13889,1,1,0,0,1,0,0,0,0,0,0,0,0,1
4004,22,dab4ff966e399802,1.578752,15.742646,0,13973,1,0,0,0,0,0,0,0,0,0,0,0,0,0
4005,22,339e340883d8ecaf,1.186058,18.78455,1,14035,1,1,0,0,1,0,0,0,0,0,0,0,0,1
4006,22,0f3eea50b2030a66,0.891932,17.606751,1,13908,1,1,0,0,1,0,0,0,0,0,0,0,0,0
4007,22,157d3461e0a7f335,1.713729,16.706139,1,14016,1,0,0,0,0,0,0,0,0,0,0,0,0,1
4008,22,f1991b9aba19249f,1.28746,16.029542,1,14081,1,1,0,0,1,0,0,0,0,0,0,0,0,0
4009,22,f0cae4ef532c2023,0.967221,19.000085,1,14057,1,1,0,0,1,0,0,0,0,0,0,0,0,1
4010,22,3dc875a761d5c5ef,0.727364,14.288335,0,14025,1,1,0,0,0,0,0,0,0,0,0,0,0,0
4011,22,e90cc852e180b7a9,1.590095,17.691981,1,13950,1,0,0,0,1,0,0,0,0,0,0,0,0,1
4012,22,0843c071791750a4,1.194579,16.770168,1,13977,1,1,0,0,1,0,0,0,0,0,0,0,0,0
4013,22,e7652621d19bb2aa,0.89834,19.572409,1,13936,1,1,0,0,1,0,0,0,0,0,0,0,0,1
4014,22,83403ab2ce2e5edc,0.674889,18.182864,1,13913,1,1,0,0,1,0,0,0,0,0,0,0,0,0
4015,22,31f44b91b5854a60,0.507019,17.13895,1,13909,1,1,0,0,0,0,0,0,0,0,0,0,0,1
4016,22,9eeb382b0724ec5e,1.424558,16.354697,1,13955,1,0,0,0,1,0,0,0,0,0,0,0,0,0
4017,22,8cf44fb6a5bc2678,1.071288,19.259969,1,13982,1,1,0,0,1,0,0,0,0,0,0,0,0,1
4018,22,26302fd6db433208,0.804819,17.948139,1,13974,1,1,0,0,1,0,0,0,0,0,0,0,0,0
4019,22,212d5aa4658ea2f7,1.648283,20.0,1,14060,2,1,0,0,1,0,0,0,0,0,0,0,0,1
4020,22,37a5a18fb6caef37,2.283683,18.852767,1,14022,1,0,0,0,0,0,0,0,0,0,0,0,0,1
4021,22,79c0b206a03c3fd7,1.715646,20.0,1,14103,1,1,0,0,1,0,0,0,0,0,0,0,0,1
4022,22,c2376b0af88b997c,1.288901,20.0,1,13965,1,1,0,0,1,0,0,0,0,0,0,0,0,1
4023,22,8b0d686653d699b0,2.011956,17.147688,0,13916,1,0,0,0,0,0,0,0,0,0,0,0,0,0
4024,22,1ac8c50aa7b2937d,1.51302,19.856309,1,13882,1,1,0,0,1,0,0,0,0,0,0,0,0,1
4025,22,79bb4ce1697c0ce0,1.136675,18.396147,1,14046,1,1,0,0,1,0,0,0,0,0,0,0,0,0
4026,22,905ac828b875270d,0.853942,20.0,1,14090,1,1,0,0,1,0,0,0,0,0,0,0,0,1
4027,22,23d81457a60abd18,0.642176,15.625372,0,14125,1,1,0,0,0,0,0,0,0,0,0,0,0,0
4028,22,2d0832d892b13c97,2.56975,18.696447,1,13950,2,0,0,0,1,0,0,0,0,0,0,0,0,1
4029,22,584cc33749d643a9,1.930557,20.0,1,13965,1,1,0,0,1,0,0,0,0,0,0,0,0,1
4030,22,822a86f61493d399,1.450355,20.0,1,13963,1,1,0,0,1,0,0,0,0,0,0,0,0,1
4031,22,c1745adc72521e4d,1.090688,20.0,1,14011,1,1,0,0,1,0,0,0,0,0,0,0,0,1
4032,22,c9130c9252e44378,1.863046,18.075003,0,14009,1,0,0,0,0,0,0,0,0,0,0,0,0,0
4033,22,45f00d46c357b25d,2.44329,20.0,1,13877,2,1,0,0,1,0,0,0,0,0,0,0,0,1
4034,22,abe042816fe21d82,1.837389,20.0,1,13900,1,1,0,0,1,0,0,0,0,0,0,0,0,1
4035,22,313cbc32fac1a470,2.424015,20.0,1,14010,1,0,0,0,0,0,0,0,0,0,0,0,0,1
4036,22,af33e72c723b74e7,1.821072,18.737619,1,13969,1,1,0,0,1,0,0,0,0,0,0,0,0,0
4037,22,de386825ac235c82,1.368103,17.555717,1,14125,1,1,0,0,0,0,0,0,0,0,0,0,0,1
4038,22,c5af0416038de32f,2.072984,20.0,1,13911,1,0,0,0,1,0,0,0,0,0,0,0,0,1
4039,22,ebfb588be099b498,1.557355,18.626668,1,13996,1,1,0,0,1,0,0,0,0,0,0,0,0,0
4040,22,603226cdd10980e3,1.169983,20.0,1,13874,1,1,0,0,1,0,0,0,0,0,0,0,0,1
4041,22,53fd8ad848919590,1.923994,20.0,1,14022,2,1,0,0,1,0,0,0,0,0,0,0,0,1
4042,22,8fd9e6ac3354dfa2,1.445425,20.0,1,13933,1,1,0,0,1,0,0,0,0,0,0,0,0,1
4043,22,7579e3d1fb0d4f70,2.129547,18.048205,0,13966,1,0,0,0,0,0,0,0,0,0,0,0,0,0
4044,22,3d123e24c99eea8e,1.599849,20.0,1,14073,1,1,0,0,1,0,0,0,0,0,0,0,0,1
4045,22,51b3084804b401ac,2.24726,20.0,1,14074,2,1,0,0,1,0,0,0,0,0,0,0,0,1
4046,22,9c1d76b68ce9e300,1.688282,20.0,1,13993,1,1,0,0,1,0,0,0,0,0,0,0,0,1
4047,22,7998fcd05ea74331,2.311997,20.0,1,14035,1,0,0,0,0,0,0,0,0,0,0,0,0,1
4048,22,26d224c974414c27,1.738655,19.530441,1,13986,1,1,0,0,1,0,0,0,0,0,0,0,0,0
4049,22,e6eba2fc678e2eec,1.306186,20.0,1,14053,1,1,0,0,1,0,0,0,0,0,0,0,0,1
4050,22,1653634225a56770,0.981289,20.0,1,13908,1,1,0,0,1,0,0,0,0,0,0,0,0,1
4051,22,140214cd32e36ada,1.780859,20.0,1,13946,1,0,0,0,0,0,0,0,0,0,0,0,0,1
4052,22,e274525e2acbf211,2.383382,20.0,1,14046,2,1,0,0,1,0,0,0,0,0,0,0,0,1
4053,22,8f953af3f6da7331,1.790546,20.0,1,13866,1,1,0,0,1,0,0,0,0,0,0,0,0,0
4054,22,5c01a50683c76e79,1.34517,20.0,1,14132,1,1,0,0,1,0,0,0,0,0,0,0,0,1
4055,22,0302eb99cffc1dda,2.055738,20.0,1,13973,1,0,0,0,0,0,0,0,0,0,0,0,0,1
4056,22,e02bc978427ff2e3,2.588052,20.0,1,13951,2,1,0,0,1,0,0,0,0,0,0,0,0,1
4057,22,0c9d85d29e68b775,1.944307,20.0,1,14046,1,1,0,0,1,0,0,0,0,0,0,0,0,0
4058,22,86962b7db5a4ec78,1.460685,20.0,1,14054,1,1,0,0,1,0,0,0,0,0,0,0,0,1
4059,22,92f3c04b8dc32182,2.142606,16.626184,0,13959,1,0,0,0,0,0,0,0,0,0,0,0,0,0
4060,22,c22419fc2868ff19,1.60966,19.44832,1,13981,1,1,0,0,1,0,0,0,0,0,0,0,0,1
4061,22,35f7a001e5404b58,1.209277,20.0,1,13884,1,1,0,0,1,0,0,0,0,0,0,0,0,1
4062,22,e23669ee1e1fb75c,1.953544,16.219808,0,13990,1,0,0,0,0,0,0,0,0,0,0,0,0,0
4063,22,761ec1cec0429402,2.511278,19.143024,1,13974,2,1,0,0,1,0,0,0,0,0,0,0,0,1
4064,22,50a08eeb11de5478,1.886629,20.0,1,13990,1,1,0,0,1,0,0,0,0,0,0,0,0,1
4065,22,62a3245acbd2cdbf,2.461008,19.510133,1,14060,1,0,0,0,0,0,0,0,0,0,0,0,0,1
4066,22,63f7180405568cce,1.850713,20.0,1,13988,1,1,0,0,1,0,0,0,0,0,0,0,0,1
4067,22,3a128537ca8b5462,1.390371,19.730835,1,13983,1,1,0,0,1,0,0,0,0,0,0,0,0,0
4068,22,4e87102eaac25277,2.088187,18.301883,1,13943,1,0,0,0,0,0,0,0,0,0,0,0,0,1
4069,22,4fa880a80436dd0f,1.570347,20.0,1,13859,1,1,0,0,1,0,0,0,0,0,0,0,0,1
4070,22,36b1737267c3dd6b,2.223396,15.569377,0,14106,1,0,0,0,0,0,0,0,0,0,0,0,0,0
4071,22,43b16c52dca540eb,2.714008,18.65438,1,14088,2,1,0,0,1,0,0,0,0,0,0,0,0,1
4072,22,0da3a0dfc480ec81,2.038933,20.0,1,13990,1,1,0,0,1,0,0,0,0,0,0,0,0,1
4073,22,db9825c47a4815e8,2.577457,19.251765,1,13922,1,0,0,0,0,0,0,0,0,0,0,0,0,1
4074,22,cd7f1c6d68e5d663,1.936347,20.0,1,13938,1,1,0,0,1,0,0,0,0,0,0,0,0,1
4075,22,9498326ca505e781,1.454705,19.571506,1,13976,1,1,0,0,1,0,0,0,0,0,0,0,0,0
4076,22,9d62e5084e91cc0c,1.093959,18.198553,1,13684,1,1,0,0,0,0,0,0,0,0,0,0,0,1
4077,22,b5d5bcad4c5beb1d,1.865504,20.0,1,13733,1,0,0,0,1,0,0,0,0,0,0,0,0,1
4078,22,f7da853079aa9723,1.401483,18.977078,1,13877,1,1,0,0,1,0,0,0,0,0,0,0,0,0
4079,22,28121a191b2f9824,2.096535,17.735614,1,13677,1,0,0,0,0,0,0,0,0,0,0,0,0,1
4080,22,bd4b91482eac8d16,1.576624,16.817936,1,14013,1,1,0,0,1,0,0,0,0,0,0,0,0,0
4081,22,6da01dd5002ec027,1.184459,16.113531,1,13964,1,1,0,0,0,0,0,0,0,0,0,0,0,1
4082,22,87449e2eb0f01260,1.933493,15.584338,1,14025,1,0,0,0,1,0,0,0,0,0,0,0,0,0
4083,22,eab21fb18e318a20,1.454014,18.680648,1,13964,1,1,0,0,1,0,0,0,0,0,0,0,0,1
4084,22,9a50d8ada80fe29b,1.092347,17.512917,1,13989,1,1,0,0,1,0,0,0,0,0,0,0,0,0
4085,22,0460b89f142ae6b1,0.820639,20.0,1,13905,1,1,0,0,1,0,0,0,0,0,0,0,0,1
4086,22,07af41f64fc08ddc,1.660169,15.111263,0,13758,1,0,0,0,0,0,0,0,0,0,0,0,0,0
4087,22,d4adcea370c346c1,1.248471,18.324889,1,13704,1,1,0,0,1,0,0,0,0,0,0,0,0,1
4088,22,725b41bf8226c47d,0.937929,17.245649,1,13706,1,1,0,0,1,0,0,0,0,0,0,0,0,0
4089,22,0bc1359a7eb5fb5b,1.748285,16.434856,1,13879,1,0,0,0,0,0,0,0,0,0,0,0,0,1
4090,22,3beb7218e0a132bd,1.314735,19.320249,1,13754,1,1,0,0,1,0,0,0,0,0,0,0,0,1
4091,22,6fdefa1b775dfbd1,0.987711,17.993425,1,13838,1,1,0,0,1,0,0,0,0,0,0,0,0,0
4092,22,491caa59c10c9e1b,0.742031,20.0,1,13752,1,1,0,0,1,0,0,0,0,0,0,0,0,1
4093,22,973f567587d3d5ba,1.601113,15.38246,0,13672,1,0,0,0,0,0,0,0,0,0,0,0,0,0
4094,22,b58d21d920b39e6f,1.20406,18.528833,1,13697,1,1,0,0,1,0,0,0,0,0,0,0,0,1
4095,22,69c251ee401ffc59,0.904565,17.398864,1,13738,1,1,0,0,1,0,0,0,0,0,0,0,0,0
4096,22,85004ac578db1990,0.679566,20.0,1,13495,1,1,0,0,1,0,0,0,0,0,0,0,0,1
4097,22,4754c705d48734b2,0.511043,15.061947,0,13679,1,1,0,0,0,0,0,0,0,0,0,0,0,0
4098,22,0f4d61109622581b,2.471234,18.273167,1,13651,2,0,0,0,1,0,0,0,0,0,0,0,0,1
4099,22,7386f581151733c6,1.856546,20.0,1,13717,1,1,0,0,1,0,0,0,0,0,0,0,0,1
4100,22,9867bfc6165ac02a,1.394754,20.0,1,13784,1,1,0,0,1,0,0,0,0,0,0,0,0,1
4101,22,e4587e70c9a078f6,1.048875,16.918842,0,13555,1,1,0,0,0,0,0,0,0,0,0,0,0,0
4102,22,a2f6259cb24bdcfd,1.831634,19.668183,1,13806,1,0,0,0,1,0,0,0,0,0,0,0,0,1
4103,22,a41d21bfaf7f7f1f,1.376038,18.254815,1,13478,1,1,0,0,1,0,0,0,0,0,0,0,0,0
4104,22,6233f96287e3c94f,1.0348,20.0,1,13400,1,1,0,0,1,0,0,0,0,0,0,0,0,1
4105,22,703521dbfa658925,0.777407,19.02163,1,13530,1,1,0,0,1,0,0,0,0,0,0,0,0,0
4106,22,f9a2d321aa6624df,1.62769,17.769084,1,13425,1,0,0,0,0,0,0,0,0,0,0,0,0,1
4107,22,71bf1134f1d13b87,1.222823,20.0,1,13561,1,1,0,0,1,0,0,0,0,0,0,0,0,1
4108,22,f8b5d58e2237917d,0.91958,18.751608,1,13637,1,1,0,0,1,0,0,0,0,0,0,0,0,0
4109,22,5e758ea054c47d5f,1.734499,17.566227,1,13613,1,0,0,0,0,0,0,0,0,0,0,0,0,1
4110,22,db502f1ea623b957,2.346718,20.0,1,13703,2,1,0,0,1,0,0,0,0,0,0,0,0,1
4111,22,de9c17e0e19df53b,1.764765,18.637002,1,13566,1,1,0,0,1,0,0,0,0,0,0,0,0,0
4112,22,4108a608e9cf5027,1.325802,17.480127,1,13562,1,1,0,0,0,0,0,0,0,0,0,0,0,1
4113,22,2b26ec68331ca512,2.039679,16.611011,1,13527,1,0,0,0,1,0,0,0,0,0,0,0,0,0
4114,22,0631b10fe9f9890e,1.532335,19.43692,1,13594,1,1,0,0,1,0,0,0,0,0,0,0,0,1
4115,22,2856d7d2c7ef6637,1.152337,18.097343,1,13584,1,1,0,0,1,0,0,0,0,0,0,0,0,0
4116,22,79f0c74bd28fa4b0,0.865708,20.0,1,13872,1,1,0,0,1,0,0,0,0,0,0,0,0,1
4117,22,798ac49ebb105b44,1.694027,15.441111,0,13750,1,0,0,0,0,0,0,0,0,0,0,0,0,0
4118,22,25ab6892652f8ba4,1.273933,18.572939,1,13727,1,1,0,0,1,0,0,0,0,0,0,0,0,1
4119,22,6203bb44aca70367,0.957058,20.0,1,13584,1,1,0,0,1,0,0,0,0,0,0,0,0,1
4120,22,8b54a2787eaec574,0.719002,19.18838,1,13661,1,1,0,0,1,0,0,0,0,0,0,0,0,0
4121,22,5bb0dddd8e8986e3,0.540159,20.0,1,13701,1,1,0,0,1,0,0,0,0,0,0,0,0,1
4122,22,fc709254920171ec,1.450358,16.072952,0,13491,1,0,0,0,0,0,0,0,0,0,0,0,0,0
4123,22,dbb22e0f3319e2e9,1.0896,19.032697,1,13686,1,1,0,0,1,0,0,0,0,0,0,0,0,1
4124,22,605d77036565bf26,0.818576,17.777398,1,13613,1,1,0,0,1,0,0,0,0,0,0,0,0,0
4125,22,594b3ab9a9358823,0.61558,20.0,1,13724,1,1,0,0,1,0,0,0,0,0,0,0,0,1
4126,22,d28993a79485c75b,1.506116,15.273064,0,13543,1,0,0,0,0,0,0,0,0,0,0,0,0,0
4127,22,c4c4fa9deda5bce2,1.131489,18.431771,1,13650,1,1,0,0,1,0,0,0,0,0,0,0,0,1
4128,22,c351a754d59a20b3,1.893698,20.0,1,13429,2,1,0,0,1,0,0,0,0,0,0,0,0,1
4129,22,509d5ea0ac584717,2.468239,15.645498,0,13268,1,0,0,0,0,0,0,0,0,0,0,0,0,0
4130,22,6a81d81101ce2aa7,1.854295,18.711567,1,13393,1,1,0,0,1,0,0,0,0,0,0,0,0,1
4131,22,d0d39258d0a69264,1.393063,20.0,1,13213,1,1,0,0,1,0,0,0,0,0,0,0,0,1
4132,22,e82651d564ad8d86,1.047603,19.284074,1,13045,1,1,0,0,1,0,0,0,0,0,0,0,0,0
4133,22,9bc5912c6736306d,1.830678,17.966248,1,13114,1,0,0,0,0,0,0,0,0,0,0,0,0,1
4134,22,9a32b83fb998cff5,1.37532,16.976215,1,13124,1,1,0,0,1,0,0,0,0,0,0,0,0,0
4135,22,c1ddb37e58ac2c61,1.033227,19.711285,1,13028,1,1,0,0,1,0,0,0,0,0,0,0,0,1
4136,22,9501f344a5920bdf,0.777001,20.0,1,13246,1,1,0,0,1,0,0,0,0,0,0,0,0,1
4137,22,2e7e132f0c84a37a,1.627385,16.365633,0,13326,1,0,0,0,0,0,0,0,0,0,0,0,0,0
4138,22,344d3a8e334fcf47,1.222594,19.252577,1,13316,1,1,0,0,1,0,0,0,0,0,0,0,0,1
4139,22,8b456286a6c77f27,0.919408,17.958714,1,13352,1,1,0,0,1,0,0,0,0,0,0,0,0,0
4140,22,b643dafab0e5c18f,1.73437,20.0,1,13526,2,1,0,0,1,0,0,0,0,0,0,0,0,1
4141,22,82ec5361b17702e5,2.346621,18.841714,1,13540,1,0,0,0,0,0,0,0,0,0,0,0,0,1
4142,23,1fd48474a6be9a50,1.762929,20.0,1,13925,1,1,0,0,1,0,0,0,0,0,0,0,0,1
4143,23,530e0ea8d92a6d51,1.325747,19.357602,1,14098,1,1,0,0,1,0,0,0,0,0,0,0,0,0
4144,23,9d91a06f605c6d81,0.995984,18.021487,1,14143,1,1,0,0,0,0,0,0,0,0,0,0,0,1
4145,23,1bedfd585b1aa4b9,1.791899,17.017714,1,14262,1,0,0,0,1,0,0,0,0,0,0,0,0,0
4146,23,26a9669cba5af3ef,1.347534,19.758567,1,14037,1,1,0,0,1,0,0,0,0,0,0,0,0,1
4147,23,4f55c5e4b2d3c044,1.012352,18.322717,1,14354,1,1,0,0,1,0,0,0,0,0,0,0,0,0
4148,23,429a6cfc04b09590,1.804195,17.244017,1,14083,1,0,0,0,0,0,0,0,0,0,0,0,0,1
4149,23,bfd1095e82cc3b3f,1.355425,16.43363,1,13955,1,1,0,0,1,0,0,0,0,0,0,0,0,0
4150,23,e8a24dfe484cb614,1.019299,19.319327,1,14008,1,1,0,0,1,0,0,0,0,0,0,0,0,1
4151,23,a8eb40163c807ab7,1.809414,14.513888,0,13951,1,0,0,0,0,0,0,0,0,0,0,0,0,0
4152,23,b734eb68cadec0ba,2.402999,17.861431,1,14133,2,1,0,0,1,0,0,0,0,0,0,0,0,1
4153,23,03ed9d518f369873,1.807089,20.0,1,13988,1,1,0,0,1,0,0,0,0,0,0,0,0,1
4154,23,cd43fcebe8f5e6e6,1.357599,20.0,1,13967,1,1,0,0,1,0,0,0,0,0,0,0,0,1
4155,23,338e1a6d9a9334b5,2.063566,16.7368,0,14004,1,0,0,0,0,0,0,0,0,0,0,0,0,0
4156,23,f71f04d2a5841727,1.55028,19.531421,1,13970,1,1,0,0,1,0,0,0,0,0,0,0,0,1
4157,23,dab4ff966e399802,1.165833,18.168409,1,13919,1,1,0,0,1,0,0,0,0,0,0,0,0,0
4158,23,339e340883d8ecaf,0.875847,20.0,1,13889,1,1,0,0,1,0,0,0,0,0,0,0,0,1
4159,23,0f3eea50b2030a66,1.701644,15.48122,0,14162,1,0,0,0,0,0,0,0,0,0,0,0,0,0
4160,23,157d3461e0a7f335,1.279661,18.603102,1,13943,1,1,0,0,1,0,0,0,0,0,0,0,0,1
4161,23,f1991b9aba19249f,0.961361,17.454659,1,13934,1,1,0,0,1,0,0,0,0,0,0,0,0,0
4162,23,f0cae4ef532c2023,0.722235,20.0,1,14096,1,1,0,0,1,0,0,0,0,0,0,0,0,1
4163,23,7630abeab872e6cf,1.586241,18.557228,1,14101,1,0,0,0,0,0,0,0,0,0,0,0,0,1
4164,23,253c29c9cd31f14d,1.192876,17.435801,1,13980,1,1,0,0,1,0,0,0,0,0,0,0,0,0
4165,23,1bcd43f2b236da2a,1.939817,20.0,1,13938,2,1,0,0,1,0,0,0,0,0,0,0,0,1
4166,23,190012cb2cd5517d,1.457312,20.0,1,14015,1,1,0,0,1,0,0,0,0,0,0,0,0,1
4167,23,752285f96761bfac,1.095919,20.0,1,13810,1,1,0,0,0,0,0,0,0,0,0,0,0,1
4168,23,8ce008444b943984,1.866976,18.537106,1,14057,1,0,0,0,1,0,0,0,0,0,0,0,0,0
4169,23,815cbd6616cc478f,1.40259,20.0,1,14018,1,1,0,0,1,0,0,0,0,0,0,0,0,1
4170,23,ea182be542b69bac,1.053713,19.168156,1,13858,1,1,0,0,1,0,0,0,0,0,0,0,0,0
4171,23,98558a7fe6a345e2,0.792407,20.0,1,13887,1,1,0,0,1,0,0,0,0,0,0,0,0,1
4172,23,ea40987dff05550d,1.638959,16.058787,0,14119,1,0,0,0,0,0,0,0,0,0,0,0,0,0
4173,23,bd84d51435d6859a,2.274942,19.022055,1,13952,2,1,0,0,1,0,0,0,0,0,0,0,0,1
4174,23,b3773e59edaae1a5,1.710789,20.0,1,13968,1,1,0,0,1,0,0,0,0,0,0,0,0,1
4175,23,5dadae3439224eef,1.285252,20.0,1,13929,1,1,0,0,1,0,0,0,0,0,0,0,0,1
4176,23,bf32681d9402a0dc,0.965562,17.229408,0,13980,1,1,0,0,0,0,0,0,0,0,0,0,0,0
4177,23,f7bd4e508f328e99,1.769044,19.901499,1,14198,1,0,0,0,1,0,0,0,0,0,0,0,0,1
4178,23,7c7cf98600a1ae76,1.330346,18.446713,1,13924,1,1,0,0,1,0,0,0,0,0,0,0,0,0
4179,23,4330f499d34eea83,0.999439,20.0,1,13952,1,1,0,0,1,0,0,0,0,0,0,0,0,1
4180,23,574139667abb0c89,0.750841,19.117138,1,14037,1,1,0,0,1,0,0,0,0,0,0,0,0,0
4181,23,92baeeda50fe0e26,1.608794,20.0,1,13973,2,1,0,0,1,0,0,0,0,0,0,0,0,1
4182,23,80a0120ed18f2275,2.25228,19.508808,1,14140,1,0,0,0,0,0,0,0,0,0,0,0,0,1
4183,23,8dedeb0367e4f2e3,1.692054,20.0,1,13879,1,1,0,0,1,0,0,0,0,0,0,0,0,1
4184,23,cce480df118a4b64,1.271177,20.0,1,14069,1,1,0,0,1,0,0,0,0,0,0,0,0,1
4185,23,74af5b71dff1f83a,0.955943,20.0,1,13802,1,1,0,0,1,0,0,0,0,0,0,0,0,0
4186,23,5a3027c7f942d721,1.761818,20.0,1,13844,2,1,0,0,1,0,0,0,0,0,0,0,0,1
4187,23,a7f28a02bc25ffcb,2.367241,20.0,1,13945,1,0,0,0,0,0,0,0,0,0,0,0,0,1
4188,23,d5293be15af3da23,1.780199,20.0,1,14039,1,1,0,0,1,0,0,0,0,0,0,0,0,1
4189,23,5fbd520df55a8630,1.337397,20.0,1,13856,1,1,0,0,1,0,0,0,0,0,0,0,0,1
4190,23,dfbca10fb7e44b36,1.004736,20.0,1,13877,1,1,0,0,1,0,0,0,0,0,0,0,0,1
4191,23,44a3306df2ae7e38,2.842128,18.646964,0,13871,2,0,0,0,0,0,0,0,0,0,0,0,0,0
4192,23,9078bef81c8bd0b7,2.13732,20.0,1,13831,1,1,0,0,1,0,0,0,0,0,0,0,0,1
4193,23,1c033c0b8809b97c,1.605689,19.243179,1,13986,1,1,0,0,1,0,0,0,0,0,0,0,0,0
4194,23,6833178b9c2d557d,1.206294,20.0,1,13838,1,1,0,0,1,0,0,0,0,0,0,0,0,1
4195,23,7583ae901af096b8,0.90715,16.103911,0,13922,1,1,0,0,0,0,0,0,0,0,0,0,0,0
4196,23,1d689fbb7a020596,2.768815,19.055956,1,13884,2,0,0,0,1,0,0,0,0,0,0,0,0,1
4197,23,00fb3c28eb0a2bb7,2.080107,20.0,1,13966,1,1,0,0,1,0,0,0,0,0,0,0,0,1
4198,23,5ed9e6b0a56757e2,1.562707,19.460992,1,13851,1,1,0,0,0,0,0,0,0,0,0,0,0,1
4199,23,2c08440b3516e038,3.263479,20.0,1,14062,2,0,0,0,1,0,0,0,0,0,0,0,0,1
4200,23,4ba366230a4cdbb9,2.45173,19.703072,1,13834,1,1,0,0,1,0,0,0,0,0,0,0,0,0
