tick,episode,frame_sha16,turn,forward,attack,total_spikes,DNp20_R_10059,DNp20_L_10162,MN9_L_10331,DNa02_R_10360,DNpe017_L_10527,MDN_R_10763,DNp09_L_10783,DNp09_R_11177,MDN_L_11288,MDN_R_11332,MDN_L_12348,MN9_R_16949,DNa02_L_523769,DNpe017_R_555871
1,1,1fd48474a6be9a50,0.0,0.0,0,13261,1,1,0,0,0,0,0,0,0,0,0,0,0,0
2,1,40ab05863d40ab6a,1.044151,0.0,0,15446,1,0,0,0,0,0,0,0,0,0,0,0,0,0
3,1,9fa3e60e300cac94,0.784431,0.0,0,13606,1,1,0,0,0,0,0,0,0,0,0,0,0,0
4,1,9522afc9eb92ebd2,0.589314,0.0,0,14219,1,1,0,0,0,0,0,0,0,0,0,0,0,0
5,1,0fba0eaa5e567fe1,0.442729,0.0,0,13958,1,1,0,0,0,0,0,0,0,0,0,0,0,0
6,1,8f9f8c22e25048df,1.377089,0.0,0,14188,1,0,0,0,0,0,0,0,0,0,0,0,0,0
7,1,025aca0c2fc547cd,1.034556,0.0,0,13804,1,1,0,0,0,0,0,0,0,0,0,0,0,0
8,1,ea7305c3d0c4eb0e,0.777223,0.0,0,14246,1,1,0,0,0,0,0,0,0,0,0,0,0,0
9,1,b3bc2710b036c5b2,1.628633,0.0,0,14010,1,0,0,0,0,0,0,0,0,0,0,0,0,0
10,1,3c254a4fca255c07,1.223531,0.0,0,13850,1,1,0,0,0,0,0,0,0,0,0,0,0,0
11,1,7fb0256f65ce4ff6,0.919193,0.0,0,14235,1,1,0,0,0,0,0,0,0,0,0,0,0,0
12,1,a69e89495c03d18a,0.690556,0.0,0,13852,1,1,0,0,0,0,0,0,0,0,0,0,0,0
13,1,ba87dd4319678e85,1.563458,0.0,0,13917,1,0,0,0,0,0,0,0,0,0,0,0,0,0
14,1,3e895dd2e76d3ae9,1.174568,0.0,0,14021,1,1,0,0,0,0,0,0,0,0,0,0,0,0
15,1,5bfa9aaebee05047,0.882409,0.0,0,13794,1,1,0,0,0,0,0,0,0,0,0,0,0,0
16,1,ca3938afd42b6b51,1.707734,0.0,0,14141,2,1,0,0,0,0,0,0,0,0,0,0,0,0
17,1,3840b1179d01d5ca,2.32661,0.0,0,14008,1,0,0,0,0,0,0,0,0,0,0,0,0,0
18,1,3ad00a257add4750,1.747895,0.0,0,13949,1,1,0,0,0,0,0,0,0,0,0,0,0,0
19,1,715e21df0f1ac6b8,1.313129,0.0,0,14037,1,1,0,0,0,0,0,0,0,0,0,0,0,0
20,1,ab882b57d80326bc,0.987491,0.0,0,14067,1,1,0,0,0,0,0,0,0,0,0,0,0,0
21,1,de121b1615b372cf,2.829172,0.0,0,13904,2,0,0,0,0,0,0,0,0,0,0,0,0,0
22,1,58b8431551715724,2.125451,0.0,0,14006,1,1,0,0,0,0,0,0,0,0,0,0,0,0
23,1,23e17bd6c1c20f85,1.59837,0.0,0,13901,1,1,0,0,0,0,0,0,0,0,0,0,0,0
24,1,c8292701595322e6,2.244449,0.0,0,14112,1,0,0,0,0,0,0,0,0,0,0,0,0,0
25,1,10c80b0b9d50bf2d,1.68617,0.0,0,13976,1,1,0,0,0,0,0,0,0,0,0,0,0,0
26,1,f6d7570dbe7171fa,1.266757,0.0,0,13922,1,1,0,0,0,0,0,0,0,0,0,0,0,0
27,1,50afc0b225fbdddd,0.952619,0.0,0,14018,1,1,0,0,0,0,0,0,0,0,0,0,0,0
28,1,77cb534e4dd68f47,0.715667,0.0,0,14016,1,1,0,0,0,0,0,0,0,0,0,0,0,0
29,1,03a072c123c7f460,1.581307,0.0,0,13940,1,0,0,0,0,0,0,0,0,0,0,0,0,0
30,1,6bd0da24a434c222,1.189166,0.0,0,13763,1,1,0,0,0,0,0,0,0,0,0,0,0,0
31,1,bf7b92ccf517e799,1.937029,0.0,0,14170,2,1,0,0,0,0,0,0,0,0,0,0,0,0
32,1,225eb469aa1369a9,1.455218,0.0,0,13833,1,1,0,0,0,0,0,0,0,0,0,0,0,0
33,1,b8c60121563a9c42,2.136904,0.0,0,13911,1,0,0,0,0,0,0,0,0,0,0,0,0,0
34,1,31aaaeb37a782f1d,1.606982,0.0,0,13916,1,1,0,0,0,0,0,0,0,0,0,0,0,0
35,1,f0b797cd11a373e7,1.207266,0.0,0,13937,1,1,0,0,0,0,0,0,0,0,0,0,0,0
36,1,60516700b7299e83,0.906974,0.0,0,14040,1,1,0,0,0,0,0,0,0,0,0,0,0,0
37,1,1c33476371466532,1.726208,0.0,0,13906,1,0,0,0,0,0,0,0,0,0,0,0,0,0
38,1,361947da6dbbefbb,2.340489,0.0,0,13774,2,1,0,0,0,0,0,0,0,0,0,0,0,0
39,1,990f149db1c50dec,1.758322,0.0,0,13912,1,1,0,0,0,0,0,0,0,0,0,0,0,0
40,1,9b192c2e98f609fc,2.364615,0.0,0,13907,1,0,0,0,0,0,0,0,0,0,0,0,0,0
41,1,0d1fbe390c17fd67,1.778224,0.0,0,13715,1,1,0,0,0,0,0,0,0,0,0,0,0,0
42,1,b1b4c2576a151a4f,2.379566,0.0,0,13980,1,0,0,0,0,0,0,0,0,0,0,0,0,0
43,1,106d83d369316aa0,1.787679,0.0,0,13984,1,1,0,0,0,0,0,0,0,0,0,0,0,0
44,1,4898f70c9a98d612,2.388511,0.0,0,13873,1,0,0,0,0,0,0,0,0,0,0,0,0,0
45,1,452f8e1e87f0875e,2.838052,0.0,0,13896,2,1,0,0,0,0,0,0,0,0,0,0,0,0
46,1,2277fbe5ae611aef,2.132123,0.0,0,13437,1,1,0,0,0,0,0,0,0,0,0,0,0,0
47,1,52125a7b9a3b7990,2.645437,0.0,0,13889,1,0,0,0,0,0,0,0,0,0,0,0,0,0
48,1,e45468b66b74b11e,1.989407,0.0,0,13916,1,1,0,0,0,0,0,0,0,0,0,0,0,0
49,1,f79c3d80fac8c9dd,1.494567,0.0,0,13916,1,1,0,0,0,0,0,0,0,0,0,0,0,0
50,1,bb7aaae7947f1061,2.166466,0.0,0,13767,1,0,0,0,0,0,0,0,0,0,0,0,0,0
51,1,c559210bd8c97f4e,1.629213,0.0,0,13678,1,1,0,0,0,0,0,0,0,0,0,0,0,0
52,1,f46f96ec76fef93b,1.223967,0.0,0,13860,1,1,0,0,0,0,0,0,0,0,0,0,0,0
53,1,0c6e1927f35030ce,1.963174,0.0,0,13940,1,0,0,0,0,0,0,0,0,0,0,0,0,0
54,1,f601939cce033512,1.474859,0.0,0,13732,1,1,0,0,0,0,0,0,0,0,0,0,0,0
55,1,96d712509608c996,1.109115,0.0,0,13993,1,1,0,0,0,0,0,0,0,0,0,0,0,0
56,1,e53c78c55c72c915,1.87689,0.0,0,13797,1,0,0,0,0,0,0,0,0,0,0,0,0,0
57,1,51f93875e82b053a,2.453691,0.0,0,13925,2,1,0,0,0,0,0,0,0,0,0,0,0,0
58,1,36ffb497f9699e6b,1.84521,0.0,0,13966,1,1,0,0,0,0,0,0,0,0,0,0,0,0
59,1,181d769a80427f4a,1.386238,0.0,0,13988,1,1,0,0,0,0,0,0,0,0,0,0,0,0
60,1,82fb85911a66d71c,2.085082,0.0,0,14337,1,0,0,0,0,0,0,0,0,0,0,0,0,0
61,1,32041dc431b3ca9f,1.566444,0.0,0,14496,1,1,0,0,0,0,0,0,0,0,0,0,0,0
62,1,f4fb88bd47b1b187,1.177988,0.0,0,14535,1,1,0,0,0,0,0,0,0,0,0,0,0,0
63,1,ad3fa2ad8e22e331,1.928632,0.0,0,14680,1,0,0,0,0,0,0,0,0,0,0,0,0,0
64,1,d1ca3cd392f9e482,1.448909,0.0,0,14977,1,1,0,0,0,0,0,0,0,0,0,0,0,0
65,1,c31b7a4b424b0439,2.133751,0.0,0,14746,2,1,0,0,0,0,0,0,0,0,0,0,0,0
66,1,a24d6ca3a4fd378f,1.603007,0.0,0,14204,1,1,0,0,0,0,0,0,0,0,0,0,0,0
67,1,4b74f6af153300e9,1.204279,0.0,0,13881,1,1,0,0,0,0,0,0,0,0,0,0,0,0
68,1,0ee09fc1b94ee351,1.948383,0.0,0,13947,1,0,0,0,0,0,0,0,0,0,0,0,0,0
69,1,dfcab755663c03e1,1.465212,0.0,0,13835,1,1,0,0,0,0,0,0,0,0,0,0,0,0
70,1,c99a482f00b6d3de,1.100759,0.0,0,13939,1,1,0,0,0,0,0,0,0,0,0,0,0,0
71,1,4344c9a0d0997c2f,2.914266,0.0,0,13998,2,0,0,0,0,0,0,0,0,0,0,0,0,0
72,1,5a9a7eaa13a38b38,2.191569,0.0,0,13823,1,1,0,0,0,0,0,0,0,0,0,0,0,0
73,1,7eaa1850f625a2e4,1.646444,0.0,0,14157,1,1,0,0,0,0,0,0,0,0,0,0,0,0
74,1,3322a72ff4df4e1e,1.236912,0.0,0,14053,1,1,0,0,0,0,0,0,0,0,0,0,0,0
75,1,fde01c7eb5638371,1.972899,0.0,0,13998,1,0,0,0,0,0,0,0,0,0,0,0,0,0
76,1,ebef77076b91d5b1,2.527799,0.0,0,15032,2,1,0,0,0,0,0,0,0,0,0,0,0,0
77,1,9af1e48b7025ec6c,1.899041,0.0,0,14878,1,1,0,0,0,0,0,0,0,0,0,0,0,0
78,1,f5cf98c4e29bd1e3,2.470332,0.0,0,14912,1,0,0,0,0,0,0,0,0,0,0,0,0,0
79,1,e29f46dcf1d77066,1.857725,0.0,0,14730,1,1,0,0,0,0,0,0,0,0,0,0,0,0
80,1,fa97d79e8b91b987,1.395639,0.0,0,15992,1,1,0,0,0,0,0,0,0,0,0,0,0,0
81,1,d56a897d813c3e5e,3.135798,0.0,0,15862,2,0,0,0,0,0,0,0,0,0,0,0,0,0
82,1,5f4ed41484135956,2.355808,0.0,0,15930,1,1,0,0,0,0,0,0,0,0,0,0,0,0
83,1,03be8c32154a8e21,1.771601,0.0,0,15915,1,1,0,0,0,0,0,0,0,0,0,0,0,0
84,1,4e0e53389c88d797,3.418244,0.0,0,15914,2,0,0,0,0,0,0,0,0,0,0,0,0,0
85,1,0fb88b37563528de,2.567999,0.0,0,16032,1,1,0,0,0,0,0,0,0,0,0,0,0,0
86,1,4bdc99ca1c9cb87d,4.019473,0.0,0,16029,2,0,0,0,0,0,0,0,0,0,0,0,0,0
87,1,32575b010e551c19,3.01968,0.0,0,16221,1,1,0,0,0,0,0,0,0,0,0,0,0,0
88,1,f54c8099f3a30eed,2.268573,0.0,0,16344,1,1,0,0,0,0,0,0,0,0,0,0,0,0
89,1,1c0f3806ba804627,3.7916,0.0,0,16490,2,0,0,0,0,0,0,0,0,0,0,0,0,0
90,1,8f4b64e84740d9fc,2.851338,0.0,0,16629,1,1,0,0,0,0,0,0,0,0,0,0,0,0
91,1,65319b6a64bd34b5,4.22941,0.0,0,16831,2,0,0,0,0,0,0,0,0,0,0,0,0,0
92,1,c5cf5b264d00bea0,3.177398,0.0,0,15037,1,1,0,0,0,0,0,0,0,0,0,0,0,0
93,1,94d0bd279089f216,3.433599,0.0,0,13378,1,0,0,0,0,0,0,0,0,0,0,0,0,0
94,1,7908f233dc40486b,2.579534,0.0,0,13674,1,1,0,0,0,0,0,0,0,0,0,0,0,0
95,1,f8bd787221b54927,1.937908,0.0,0,13531,1,1,0,0,0,0,0,0,0,0,0,0,0,0
96,1,e84b76f364cdac00,1.455878,0.0,0,13699,1,1,0,0,0,0,0,0,0,0,0,0,0,0
97,1,7a856ae061aa2f80,2.138991,0.0,0,13605,1,0,0,0,0,0,0,0,0,0,0,0,0,0
98,1,3909d9123f1bddb5,1.606944,0.0,0,13704,1,1,0,0,0,0,0,0,0,0,0,0,0,0
99,1,3ff5ed14aa8bba08,1.207237,0.0,0,13491,1,1,0,0,0,0,0,0,0,0,0,0,0,0
100,1,7508c7b48e4fea1c,0.90786,0.0,0,13508,1,1,0,0,0,0,0,0,0,0,0,0,0,0
101,1,5023eab515b01e4d,1.725694,0.0,0,13666,1,0,0,0,0,0,0,0,0,0,0,0,0,0
102,1,9ab548dcb5a79b50,1.29645,0.0,0,13700,1,1,0,0,0,0,0,0,0,0,0,0,0,0
103,1,0ee9bcea5e9f134d,0.973974,0.0,0,13807,1,1,0,0,0,0,0,0,0,0,0,0,0,0
104,1,521411bd8b7bfa25,1.776593,0.0,0,13496,2,1,0,0,0,0,0,0,0,0,0,0,0,0
105,1,65d82614576038b5,1.334688,0.0,0,13848,0,0,0,0,0,0,0,0,0,0,0,0,0,0
106,1,ccff489b4fdad662,1.002701,0.0,0,13699,1,1,0,0,0,0,0,0,0,0,0,0,0,0
107,1,2b7b497de428475e,0.754046,0.0,0,13745,1,1,0,0,0,0,0,0,0,0,0,0,0,0
108,1,9bbb392ef255cae8,0.566486,0.0,0,13777,1,1,0,0,0,0,0,0,0,0,0,0,0,0
109,1,98ee857f2e8c6606,2.512887,0.0,0,13805,2,0,0,0,0,0,0,0,0,0,0,0,0,0
110,1,b89012b88de719f4,1.887838,0.0,0,14709,1,1,0,0,0,0,0,0,0,0,0,0,0,0
111,1,5ceaaa34d29553dc,1.419681,0.0,0,14339,1,1,0,0,0,0,0,0,0,0,0,0,0,0
112,1,5e2ee89430a91842,2.110207,0.0,0,14268,1,0,0,0,0,0,0,0,0,0,0,0,0,0
113,1,cd7b9c143d30c724,1.585319,0.0,0,14325,1,1,0,0,0,0,0,0,0,0,0,0,0,0
114,1,57a5ab57a89dd415,1.192183,0.0,0,14997,1,1,0,0,0,0,0,0,0,0,0,0,0,0
115,1,f1cfb9d30fb10986,0.895642,0.0,0,15023,1,1,0,0,0,0,0,0,0,0,0,0,0,0
116,1,dd65d5170653d39c,1.716516,0.0,0,14616,2,1,0,0,0,0,0,0,0,0,0,0,0,0
117,1,0329d4b49f7914b6,1.289554,0.0,0,14495,1,1,0,0,0,0,0,0,0,0,0,0,0,0
118,1,d04225684c2aa6fe,0.969763,0.0,0,14182,1,1,0,0,0,0,0,0,0,0,0,0,0,0
119,1,0c536a0e60126b4a,0.728547,0.0,0,14055,1,1,0,0,0,0,0,0,0,0,0,0,0,0
120,1,dedb9731113d1381,1.590983,0.0,0,14135,1,0,0,0,0,0,0,0,0,0,0,0,0,0
121,1,5aa052aa05f402aa,2.240593,0.0,0,13692,2,1,0,0,0,0,0,0,0,0,0,0,0,0
122,1,16f23dfb3d2d2d0d,1.683274,0.0,0,13792,1,1,0,0,0,0,0,0,0,0,0,0,0,0
123,1,830d1a725ab1d35f,1.26458,0.0,0,13735,1,1,0,0,0,0,0,0,0,0,0,0,0,0
124,1,69e831f5a1535463,1.993685,0.0,0,13653,1,0,0,0,0,0,0,0,0,0,0,0,0,0
125,1,12282d18c5fe9673,1.49928,0.0,0,13602,1,1,0,0,0,0,0,0,0,0,0,0,0,0
126,1,9e9efb31d29a2260,1.126353,0.0,0,13518,1,1,0,0,0,0,0,0,0,0,0,0,0,0
127,1,271cefd08df5696e,1.88984,0.0,0,13699,1,0,0,0,0,0,0,0,0,0,0,0,0,0
128,1,56bc30f0640886bf,1.421187,0.0,0,13461,1,1,0,0,0,0,0,0,0,0,0,0,0,0
129,1,06e6e9c245464a29,2.111338,0.0,0,13632,1,0,0,0,0,0,0,0,0,0,0,0,0,0
130,1,5fe1690b242fcc34,1.586169,0.0,0,13751,1,1,0,0,0,0,0,0,0,0,0,0,0,0
131,1,033fa9ae5ead6635,2.235283,0.0,0,13683,2,1,0,0,0,0,0,0,0,0,0,0,0,0
132,1,8ec59a9b2e7b8c82,2.725115,0.0,0,13546,1,0,0,0,0,0,0,0,0,0,0,0,0,0
133,1,00a4fa45c97dfdbc,2.047277,0.0,0,13745,1,1,0,0,0,0,0,0,0,0,0,0,0,0
134,1,a0fa188d3f8bd74b,2.581696,0.0,0,13854,1,0,0,0,0,0,0,0,0,0,0,0,0,0
135,1,156d87e6950eabe6,1.941472,0.0,0,13535,1,1,0,0,0,0,0,0,0,0,0,0,0,0
136,1,ced3437f0c05577a,2.502209,0.0,0,13479,1,0,0,0,0,0,0,0,0,0,0,0,0,0
137,1,940529e694510042,1.879816,0.0,0,13509,1,1,0,0,0,0,0,0,0,0,0,0,0,0
138,1,d45ff9fa2e2e6f26,1.412235,0.0,0,13760,1,1,0,0,0,0,0,0,0,0,0,0,0,0
139,1,8aaaed740d6a833d,2.106172,0.0,0,13660,1,0,0,0,0,0,0,0,0,0,0,0,0,0
140,1,f70be45230f16a2f,1.582288,0.0,0,13879,1,1,0,0,0,0,0,0,0,0,0,0,0,0
141,1,5392c98902cceb52,3.276021,0.0,0,13787,2,0,0,0,0,0,0,0,0,0,0,0,0,0
142,1,60e7391ffdcff6d0,2.463614,0.0,0,13818,1,1,0,0,0,0,0,0,0,0,0,0,0,0
143,1,9c84e6eb484c8051,1.850821,0.0,0,13983,1,1,0,0,0,0,0,0,0,0,0,0,0,0
144,1,603c73125bd2cdb4,1.390453,0.0,0,14015,1,1,0,0,0,0,0,0,0,0,0,0,0,0
145,1,7f88302449b1d236,2.088249,0.0,0,13753,1,0,0,0,0,0,0,0,0,0,0,0,0,0
146,1,067916e12c208227,1.570393,0.0,0,13886,1,1,0,0,0,0,0,0,0,0,0,0,0,0
147,1,ba599f87120be3d9,1.179777,0.0,0,13970,1,1,0,0,0,0,0,0,0,0,0,0,0,0
148,1,53ae887cf4bb36b0,0.886323,0.0,0,13870,1,1,0,0,0,0,0,0,0,0,0,0,0,0
149,1,4a0443d39415435f,2.754828,0.0,0,14037,2,0,0,0,0,0,0,0,0,0,0,0,0,0
150,1,47308944290999c4,2.069599,0.0,0,14148,1,1,0,0,0,0,0,0,0,0,0,0,0,0
151,1,e10c3bf6fcd55eab,1.554813,0.0,0,14226,1,1,0,0,0,0,0,0,0,0,0,0,0,0
152,1,6701d078e97e70c3,1.168073,0.0,0,14252,1,1,0,0,0,0,0,0,0,0,0,0,0,0
153,1,5140bb0287947c65,0.878407,0.0,0,14021,1,1,0,0,0,0,0,0,0,0,0,0,0,0
154,1,f8010c030c5157c0,1.703568,0.0,0,14274,1,0,0,0,0,0,0,0,0,0,0,0,0,0
155,1,6d19927de053fd6b,1.279827,0.0,0,14122,1,1,0,0,0,0,0,0,0,0,0,0,0,0
156,1,96fa3cdc89db5775,0.962448,0.0,0,13780,1,1,0,0,0,0,0,0,0,0,0,0,0,0
157,1,e6e131b6f53bae8d,1.766705,0.0,0,13936,1,0,0,0,0,0,0,0,0,0,0,0,0,0
158,1,07c20f11b8dd699b,2.370912,0.0,0,13635,2,1,0,0,0,0,0,0,0,0,0,0,0,0
159,1,1c5a5de17eb67596,1.781178,0.0,0,13757,1,1,0,0,0,0,0,0,0,0,0,0,0,0
160,1,7fd07ae6903ee3df,1.339471,0.0,0,13762,1,1,0,0,0,0,0,0,0,0,0,0,0,0
161,1,f11a7f184d595493,2.049948,0.0,0,13939,1,0,0,0,0,0,0,0,0,0,0,0,0,0
162,1,428e7d2ddee40360,1.540049,0.0,0,14080,1,1,0,0,0,0,0,0,0,0,0,0,0,0
163,1,b5d351b374f0a5f6,2.20229,0.0,0,14289,2,1,0,0,0,0,0,0,0,0,0,0,0,0
164,1,4075ae19fd7d3964,1.654498,0.0,0,14381,1,1,0,0,0,0,0,0,0,0,0,0,0,0
165,1,f4fd4e3adc14fec0,2.286616,0.0,0,14425,1,0,0,0,0,0,0,0,0,0,0,0,0,0
166,1,819e2fdbd2b7e06e,1.717849,0.0,0,14354,1,1,0,0,0,0,0,0,0,0,0,0,0,0
167,1,e3d024bbbdf49fc9,1.291847,0.0,0,14496,1,1,0,0,0,0,0,0,0,0,0,0,0,0
168,1,05ab97cf653734b6,3.057823,0.0,0,14744,2,0,0,0,0,0,0,0,0,0,0,0,0,0
169,1,633bad686de7f5a9,2.297228,0.0,0,14716,1,1,0,0,0,0,0,0,0,0,0,0,0,0
170,1,b80fbd8688e06e3c,1.727548,0.0,0,14718,1,1,0,0,0,0,0,0,0,0,0,0,0,0
171,1,0e44186b7ded2dea,2.341496,0.0,0,14734,1,0,0,0,0,0,0,0,0,0,0,0,0,0
172,1,4cefd53803ee26e8,1.759078,0.0,0,14880,1,1,0,0,0,0,0,0,0,0,0,0,0,0
173,1,8ff1816f8a92c8c2,2.365183,0.0,0,14879,1,0,0,0,0,0,0,0,0,0,0,0,0,0
174,1,d9fe61bdc7705b9b,1.778651,0.0,0,15055,1,1,0,0,0,0,0,0,0,0,0,0,0,0
175,1,3ef69c0775c1ae02,2.379888,0.0,0,14989,2,1,0,0,0,0,0,0,0,0,0,0,0,0
176,1,a28287924f073d4e,2.831574,0.0,0,15314,1,0,0,0,0,0,0,0,0,0,0,0,0,0
177,1,ff7ebf2f26363417,2.129384,0.0,0,15119,1,1,0,0,0,0,0,0,0,0,0,0,0,0
178,1,3a3c858dcbbd7015,2.64338,0.0,0,15316,1,0,0,0,0,0,0,0,0,0,0,0,0,0
179,1,ae83eb6ee8206a41,3.029526,0.0,0,15216,2,1,0,0,0,0,0,0,0,0,0,0,0,0
180,1,7612d66fbabbdbad,2.27597,0.0,0,15284,1,1,0,0,0,0,0,0,0,0,0,0,0,0
181,1,04ca27241a1674bd,2.755712,0.0,0,15199,1,0,0,0,0,0,0,0,0,0,0,0,0,0
182,1,2034293519ed251c,2.070263,0.0,0,15114,1,1,0,0,0,0,0,0,0,0,0,0,0,0
183,2,1fd48474a6be9a50,1.555312,0.0,0,13895,1,1,0,0,0,0,0,0,0,0,0,0,0,0
184,2,40ab05863d40ab6a,3.257917,0.0,0,14108,2,0,0,0,0,0,0,0,0,0,0,0,0,0
185,2,9fa3e60e300cac94,2.447552,0.0,0,14247,1,1,0,0,0,0,0,0,0,0,0,0,0,0
186,2,9522afc9eb92ebd2,1.838754,0.0,0,14122,1,1,0,0,0,0,0,0,0,0,0,0,0,0
187,2,0fba0eaa5e567fe1,0.337734,0.0,0,14246,0,1,0,0,0,0,0,0,0,0,0,0,0,0
188,2,8f9f8c22e25048df,2.342282,0.0,0,13893,2,0,0,0,0,0,0,0,0,0,0,0,0,0
189,2,025aca0c2fc547cd,0.716015,0.0,0,13867,0,1,0,0,0,0,0,0,0,0,0,0,0,0
190,2,ea7305c3d0c4eb0e,0.537916,0.0,0,13974,1,1,0,0,0,0,0,0,0,0,0,0,0,0
191,2,b3bc2710b036c5b2,0.40452,0.0,0,13959,1,1,0,0,0,0,0,0,0,0,0,0,0,0
192,2,3c254a4fca255c07,1.347554,0.0,0,13946,1,0,0,0,0,0,0,0,0,0,0,0,0,0
193,2,7fb0256f65ce4ff6,1.012367,0.0,0,14019,1,1,0,0,0,0,0,0,0,0,0,0,0,0
194,2,a69e89495c03d18a,1.804207,0.0,0,14175,2,1,0,0,0,0,0,0,0,0,0,0,0,0
195,2,ba87dd4319678e85,1.356789,0.0,0,13974,1,1,0,0,0,0,0,0,0,0,0,0,0,0
196,2,3e895dd2e76d3ae9,2.062958,0.0,0,13907,1,0,0,0,0,0,0,0,0,0,0,0,0,0
197,2,5bfa9aaebee05047,1.549824,0.0,0,13979,1,1,0,0,0,0,0,0,0,0,0,0,0,0
198,2,ca3938afd42b6b51,1.165489,0.0,0,13887,1,1,0,0,0,0,0,0,0,0,0,0,0,0
199,2,3840b1179d01d5ca,0.875589,0.0,0,13981,1,1,0,0,0,0,0,0,0,0,0,0,0,0
200,2,3ad00a257add4750,1.70145,0.0,0,14050,1,0,0,0,0,0,0,0,0,0,0,0,0,0
201,2,715e21df0f1ac6b8,1.278236,0.0,0,13972,1,1,0,0,0,0,0,0,0,0,0,0,0,0
202,2,ab882b57d80326bc,2.005402,0.0,0,13970,2,1,0,0,0,0,0,0,0,0,0,0,0,0
203,2,de121b1615b372cf,1.506584,0.0,0,14069,1,1,0,0,0,0,0,0,0,0,0,0,0,0
204,2,0469b68beb7ba893,2.175493,0.0,0,13948,1,0,0,0,0,0,0,0,0,0,0,0,0,0
205,2,77ed09b9b5fdd2d5,1.636002,0.0,0,13994,1,1,0,0,0,0,0,0,0,0,0,0,0,0
206,2,f528f75252723e1c,2.272721,0.0,0,14058,2,1,0,0,0,0,0,0,0,0,0,0,0,0
207,2,c2f4dc060312be30,2.751063,0.0,0,13925,1,0,0,0,0,0,0,0,0,0,0,0,0,0
208,2,f6d7570dbe7171fa,2.066771,0.0,0,13924,1,1,0,0,0,0,0,0,0,0,0,0,0,0
209,2,50afc0b225fbdddd,1.554241,0.0,0,14028,1,1,0,0,0,0,0,0,0,0,0,0,0,0
210,2,77cb534e4dd68f47,1.167643,0.0,0,13928,1,1,0,0,0,0,0,0,0,0,0,0,0,0
211,2,03a072c123c7f460,1.92086,0.0,0,14003,1,0,0,0,0,0,0,0,0,0,0,0,0,0
212,2,40a0b4653c2b8b16,2.488665,0.0,0,13851,2,1,0,0,0,0,0,0,0,0,0,0,0,0
213,2,8ced9c6091029967,1.869641,0.0,0,13980,1,1,0,0,0,0,0,0,0,0,0,0,0,0
214,2,f446b42f744adfb3,2.448245,0.0,0,14009,1,0,0,0,0,0,0,0,0,0,0,0,0,0
215,2,ffdd19bd8ebe00f5,1.839275,0.0,0,13947,1,1,0,0,0,0,0,0,0,0,0,0,0,0
216,2,b9666f9e7129180f,1.383161,0.0,0,13856,1,1,0,0,0,0,0,0,0,0,0,0,0,0
217,2,826bb28746b5aff3,2.08277,0.0,0,13819,2,1,0,0,0,0,0,0,0,0,0,0,0,0
218,2,3c2e28f559cf9803,2.608361,0.0,0,13902,1,0,0,0,0,0,0,0,0,0,0,0,0,0
219,2,f896a9eeacd54b0b,1.961525,0.0,0,14073,1,1,0,0,0,0,0,0,0,0,0,0,0,0
220,2,7e91fafbe2aeffcf,1.47362,0.0,0,13758,1,1,0,0,0,0,0,0,0,0,0,0,0,0
221,2,23f5c9c20ef02c3c,2.150729,0.0,0,13943,1,0,0,0,0,0,0,0,0,0,0,0,0,0
222,2,9d0a03a46f7fd20e,1.615762,0.0,0,13930,1,1,0,0,0,0,0,0,0,0,0,0,0,0
223,2,5056e413ae2ebdf0,2.259227,0.0,0,13962,1,0,0,0,0,0,0,0,0,0,0,0,0,0
224,2,b775466fa0289f2b,2.740926,0.0,0,13863,2,1,0,0,0,0,0,0,0,0,0,0,0,0
225,2,6f4f567e5c6b8e3b,2.059155,0.0,0,13874,1,1,0,0,0,0,0,0,0,0,0,0,0,0
226,2,16b00bbf7832de8e,2.592665,0.0,0,13876,1,0,0,0,0,0,0,0,0,0,0,0,0,0
227,2,eeaf163d875ae366,1.947772,0.0,0,13762,1,1,0,0,0,0,0,0,0,0,0,0,0,0
228,2,5bfc1ccc40285748,1.463288,0.0,0,13809,0,0,0,0,0,0,0,0,0,0,0,0,0,0
229,2,80df90f9e2b88b1a,1.099314,0.0,0,13656,1,1,0,0,0,0,0,0,0,0,0,0,0,0
230,2,0d5de1f2b9e4d1d0,1.87085,0.0,0,13964,2,1,0,0,0,0,0,0,0,0,0,0,0,0
231,2,0e8463cb0cb91196,1.4055,0.0,0,13870,1,1,0,0,0,0,0,0,0,0,0,0,0,0
232,2,175b64759bdce0b6,2.099553,0.0,0,13941,1,0,0,0,0,0,0,0,0,0,0,0,0,0
233,2,85a86af45c9b4375,1.578894,0.0,0,13679,1,1,0,0,0,0,0,0,0,0,0,0,0,0
234,2,6a8f80fa2f22e0af,1.186164,0.0,0,13845,1,1,0,0,0,0,0,0,0,0,0,0,0,0
235,2,2d0439d833f0e29e,0.89112,0.0,0,13746,1,1,0,0,0,0,0,0,0,0,0,0,0,0
236,2,0602be642191006c,1.713119,0.0,0,13895,1,0,0,0,0,0,0,0,0,0,0,0,0,0
237,2,3f5bb5e574555075,1.28829,0.0,0,13774,1,1,0,0,0,0,0,0,0,0,0,0,0,0
238,2,12459c354315abb2,0.967844,0.0,0,13886,1,1,0,0,0,0,0,0,0,0,0,0,0,0
239,2,de98a0ac159e8a74,0.727105,0.0,0,13843,1,1,0,0,0,0,0,0,0,0,0,0,0,0
240,2,8c45f5968a923555,1.590944,0.0,0,13961,1,0,0,0,0,0,0,0,0,0,0,0,0,0
241,2,483fa49b5415d5fa,1.195217,0.0,0,13871,1,1,0,0,0,0,0,0,0,0,0,0,0,0
242,2,a55314afcfa1a8aa,0.897922,0.0,0,13834,1,1,0,0,0,0,0,0,0,0,0,0,0,0
243,2,06590d45f29c9f76,1.718228,0.0,0,14510,1,0,0,0,0,0,0,0,0,0,0,0,0,0
244,2,f0e5118acbeae710,2.336283,0.0,0,14302,2,1,0,0,0,0,0,0,0,0,0,0,0,0
245,2,b6a9a1521ce3aa15,1.755162,0.0,0,14365,1,1,0,0,0,0,0,0,0,0,0,0,0,0
246,2,656339229a691793,2.362241,0.0,0,14562,1,0,0,0,0,0,0,0,0,0,0,0,0,0
247,2,ce68d925c559c11d,1.776439,0.0,0,14384,1,1,0,0,0,0,0,0,0,0,0,0,0,0
248,2,7ddca5230ee5956b,1.334572,0.0,0,14893,1,1,0,0,0,0,0,0,0,0,0,0,0,0
249,2,8efdc1bc94547e0b,2.046267,0.0,0,15173,2,1,0,0,0,0,0,0,0,0,0,0,0,0
250,2,c329d1816147c96e,2.580938,0.0,0,15058,1,0,0,0,0,0,0,0,0,0,0,0,0,0
251,2,1bbe3370f9c10d36,2.985052,0.0,0,14806,2,1,0,0,0,0,0,0,0,0,0,0,0,0
252,2,9d9f1106563abd3f,2.242558,0.0,0,14660,1,1,0,0,0,0,0,0,0,0,0,0,0,0
253,2,1ca3b469c31d03ec,1.68475,0.0,0,14810,1,1,0,0,0,0,0,0,0,0,0,0,0,0
254,2,e89886a38d2bdc91,2.311107,0.0,0,15086,1,0,0,0,0,0,0,0,0,0,0,0,0,0
255,2,c47e4e160cdbc4a3,1.736248,0.0,0,15317,1,1,0,0,0,0,0,0,0,0,0,0,0,0
256,2,9f8b0c4e2ca102a8,2.348032,0.0,0,15353,2,1,0,0,0,0,0,0,0,0,0,0,0,0
257,2,edc0c59c1aa2f9a3,2.807642,0.0,0,15413,1,0,0,0,0,0,0,0,0,0,0,0,0,0
258,2,6da6f27952009c0f,2.111387,0.0,0,15676,1,1,0,0,0,0,0,0,0,0,0,0,0,0
259,2,b6def8a1ec0d8d44,2.629859,0.0,0,15588,2,1,0,0,0,0,0,0,0,0,0,0,0,0
260,2,9c4e3e4a0f9d260e,3.019368,0.0,0,14276,1,0,0,0,0,0,0,0,0,0,0,0,0,0
261,2,b646abf131c248e9,2.270608,0.0,0,13892,1,1,0,0,0,0,0,0,0,0,0,0,0,0
262,2,edc2a94d01979baa,1.705823,0.0,0,13926,1,1,0,0,0,0,0,0,0,0,0,0,0,0
263,2,4fff0a35dac68ee5,1.281521,0.0,0,13899,1,1,0,0,0,0,0,0,0,0,0,0,0,0
264,2,40c1de61cc6786fb,3.050066,0.0,0,13974,2,0,0,0,0,0,0,0,0,0,0,0,0,0
265,2,8772482d47a629a7,2.293693,0.0,0,13933,1,1,0,0,0,0,0,0,0,0,0,0,0,0
266,2,a891da78036d556b,1.723166,0.0,0,13924,1,1,0,0,0,0,0,0,0,0,0,0,0,0
267,2,d7b9356769a8b469,1.29455,0.0,0,13872,1,1,0,0,0,0,0,0,0,0,0,0,0,0
268,2,9a0c08d6e5882d69,2.01767,0.0,0,13866,1,0,0,0,0,0,0,0,0,0,0,0,0,0
269,2,41f3f73ab369b438,1.5158,0.0,0,13870,1,1,0,0,0,0,0,0,0,0,0,0,0,0
270,2,b7d015f73489e61d,2.182418,0.0,0,13835,1,0,0,0,0,0,0,0,0,0,0,0,0,0
271,2,e9bbb99903b90646,1.639569,0.0,0,13866,1,1,0,0,0,0,0,0,0,0,0,0,0,0
272,2,8f87332b4944710c,2.27713,0.0,0,13855,2,1,0,0,0,0,0,0,0,0,0,0,0,0
273,2,b80a8ec971c0423e,2.754376,0.0,0,13878,1,0,0,0,0,0,0,0,0,0,0,0,0,0
274,2,07d54cc15efdf277,2.069259,0.0,0,13866,1,1,0,0,0,0,0,0,0,0,0,0,0,0
275,2,3008573ea5c4b4b5,1.556113,0.0,0,13467,1,1,0,0,0,0,0,0,0,0,0,0,0,0
276,2,0ae03c4a822fa1b3,1.169049,0.0,0,13568,1,1,0,0,0,0,0,0,0,0,0,0,0,0
277,2,e660ac00dda02b93,1.921916,0.0,0,13807,1,0,0,0,0,0,0,0,0,0,0,0,0,0
278,2,6043d44bd3dd9e58,1.443864,0.0,0,13686,1,1,0,0,0,0,0,0,0,0,0,0,0,0
279,2,6b2926342cf6408a,1.085806,0.0,0,13539,1,1,0,0,0,0,0,0,0,0,0,0,0,0
280,2,fc3c04df11702135,0.815726,0.0,0,13677,1,1,0,0,0,0,0,0,0,0,0,0,0,0
281,2,401e98fe052b630f,1.656478,0.0,0,13576,1,0,0,0,0,0,0,0,0,0,0,0,0,0
282,2,ef15e6a27c3f9a37,1.245695,0.0,0,13637,1,1,0,0,0,0,0,0,0,0,0,0,0,0
283,2,fc4cffd6dfb24c5f,0.935844,0.0,0,13777,1,1,0,0,0,0,0,0,0,0,0,0,0,0
284,2,ca484160f260b4a7,1.746718,0.0,0,13869,1,0,0,0,0,0,0,0,0,0,0,0,0,0
285,2,1c9f8b38ffd02d4a,1.312244,0.0,0,14826,1,1,0,0,0,0,0,0,0,0,0,0,0,0
286,2,20d4f857d1f2b09e,2.030977,0.0,0,14930,2,1,0,0,0,0,0,0,0,0,0,0,0,0
287,2,8e7c15a84f442943,0.482143,0.0,0,16144,0,1,0,0,0,0,0,0,0,0,0,0,0,0
288,2,d2b1813ff9c91abe,2.449523,0.0,0,16034,2,0,0,0,0,0,0,0,0,0,0,0,0,0
289,2,ba5def7eed82ee5a,1.842076,0.0,0,15881,1,1,0,0,0,0,0,0,0,0,0,0,0,0
290,2,d41739ea48b5ea24,1.383883,0.0,0,15748,1,1,0,0,0,0,0,0,0,0,0,0,0,0
291,2,d2a71c2004289a8e,1.03966,0.0,0,15681,1,1,0,0,0,0,0,0,0,0,0,0,0,0
292,2,3d5ffc186f89d680,0.781057,0.0,0,15450,1,1,0,0,0,0,0,0,0,0,0,0,0,0
293,2,4170db11f7170704,1.631517,0.0,0,15717,2,1,0,0,0,0,0,0,0,0,0,0,0,0
294,2,f4a98408af53b143,1.225698,0.0,0,15840,1,1,0,0,0,0,0,0,0,0,0,0,0,0
295,2,4071a90274345d01,0.920821,0.0,0,15708,1,1,0,0,0,0,0,0,0,0,0,0,0,0
296,2,4d3754af43cfce27,0.69247,0.0,0,15630,1,1,0,0,0,0,0,0,0,0,0,0,0,0
297,2,0a24ab9bea2365b0,0.520227,0.0,0,15749,1,1,0,0,0,0,0,0,0,0,0,0,0,0
298,2,bc1ccfd4d429b06c,0.390827,0.0,0,15577,1,1,0,0,0,0,0,0,0,0,0,0,0,0
299,2,f3c2d6cfaa0d6262,0.293614,0.0,0,14326,1,1,0,0,0,0,0,0,0,0,0,0,0,0
300,2,36df5400b59fe3b3,0.220802,0.0,0,13795,1,1,0,0,0,0,0,0,0,0,0,0,0,0
301,2,fe72658b55635d9c,2.253187,0.0,0,13844,2,0,0,0,0,0,0,0,0,0,0,0,0,0
302,2,94513545bac0d0d2,1.692735,0.0,0,13866,1,1,0,0,0,0,0,0,0,0,0,0,0,0
303,2,85d890aab9bda93a,1.272961,0.0,0,13837,1,1,0,0,0,0,0,0,0,0,0,0,0,0
304,2,82ca03eaf7d44084,1.999981,0.0,0,13794,1,0,0,0,0,0,0,0,0,0,0,0,0,0
305,2,1a70bc421f023326,2.546165,0.0,0,13695,2,1,0,0,0,0,0,0,0,0,0,0,0,0
306,2,b5574f97ed3be0b2,1.912838,0.0,0,13854,1,1,0,0,0,0,0,0,0,0,0,0,0,0
307,2,6f28916ad6a2e282,2.482632,0.0,0,13590,1,0,0,0,0,0,0,0,0,0,0,0,0,0
308,2,54611901b0dbd38e,1.865109,0.0,0,13590,1,1,0,0,0,0,0,0,0,0,0,0,0,0
309,2,0cdb30bfbf11d050,1.401186,0.0,0,13661,1,1,0,0,0,0,0,0,0,0,0,0,0,0
310,2,f9282a8e617e358c,2.097863,0.0,0,13762,1,0,0,0,0,0,0,0,0,0,0,0,0,0
311,2,24fc89d2017d0eeb,1.576046,0.0,0,13909,1,1,0,0,0,0,0,0,0,0,0,0,0,0
312,2,a435011ea47365e1,3.271331,0.0,0,13832,2,0,0,0,0,0,0,0,0,0,0,0,0,0
313,2,fde083dfbb50b2c2,2.457629,0.0,0,13835,1,1,0,0,0,0,0,0,0,0,0,0,0,0
314,2,9ef0a2e3e535f43a,1.848172,0.0,0,13817,1,1,0,0,0,0,0,0,0,0,0,0,0,0
315,2,d75fd1daf7206da2,2.432116,0.0,0,13632,1,0,0,0,0,0,0,0,0,0,0,0,0,0
316,2,1b6781d8d19afb8c,2.870811,0.0,0,14038,2,1,0,0,0,0,0,0,0,0,0,0,0,0
317,2,03f23231bac2de2e,2.158891,0.0,0,13702,0,0,0,0,0,0,0,0,0,0,0,0,0,0
318,2,a04a0096195e0ee6,1.621894,0.0,0,13435,1,1,0,0,0,0,0,0,0,0,0,0,0,0
319,2,aa8f6f27aec9cb16,2.262122,0.0,0,13535,2,1,0,0,0,0,0,0,0,0,0,0,0,0
320,2,32c35bc985f2e5f4,2.743101,0.0,0,13666,1,0,0,0,0,0,0,0,0,0,0,0,0,0
321,2,d5af898d9753c7db,1.0187,0.0,0,13721,0,1,0,0,0,0,0,0,0,0,0,0,0,0
322,2,a74c85732a790463,1.808965,0.0,0,13800,2,1,0,0,0,0,0,0,0,0,0,0,0,0
323,2,2c70014d86ee6d24,1.359008,0.0,0,14558,1,1,0,0,0,0,0,0,0,0,0,0,0,0
324,2,8825725618b76839,2.066144,0.0,0,14241,1,0,0,0,0,0,0,0,0,0,0,0,0,0
325,2,b261566d9f67128a,1.552216,0.0,0,14523,1,1,0,0,0,0,0,0,0,0,0,0,0,0
326,2,89676337f17bea91,1.166122,0.0,0,14482,1,1,0,0,0,0,0,0,0,0,0,0,0,0
327,2,e72234664e17d016,1.919717,0.0,0,14531,1,0,0,0,0,0,0,0,0,0,0,0,0,0
328,2,b95c38ba3c2bc440,1.443655,0.0,0,15902,1,1,0,0,0,0,0,0,0,0,0,0,0,0
329,2,7bba1d4ee3315212,2.128217,0.0,0,16128,2,1,0,0,0,0,0,0,0,0,0,0,0,0
330,2,9149565d7f2d168a,2.642503,0.0,0,16120,1,0,0,0,0,0,0,0,0,0,0,0,0,0
331,2,50056d48f947193d,1.9872,0.0,0,16655,1,1,0,0,0,0,0,0,0,0,0,0,0,0
332,2,4e69ed73d0be235a,1.492909,0.0,0,16786,1,1,0,0,0,0,0,0,0,0,0,0,0,0
333,2,1b387e93a7c7282d,2.16522,0.0,0,16795,2,1,0,0,0,0,0,0,0,0,0,0,0,0
334,2,4300e853b896942b,2.670302,0.0,0,17038,1,0,0,0,0,0,0,0,0,0,0,0,0,0
335,2,87a82776090d233c,3.052256,0.0,0,17048,2,1,0,0,0,0,0,0,0,0,0,0,0,0
336,2,3d4f805759aec2ca,2.293046,0.0,0,17187,1,1,0,0,0,0,0,0,0,0,0,0,0,0
337,2,0f1b847a92e8823f,2.766333,0.0,0,17213,2,1,0,0,0,0,0,0,0,0,0,0,0,0
338,2,b35db46b07ee62e6,2.080322,0.0,0,17151,1,1,0,0,0,0,0,0,0,0,0,0,0,0
339,2,c595529572b23034,2.606521,0.0,0,17409,1,0,0,0,0,0,0,0,0,0,0,0,0,0
340,2,35fb8bc755cd0fa8,1.958182,0.0,0,15134,1,1,0,0,0,0,0,0,0,0,0,0,0,0
341,2,cc5d6362170062f1,2.514762,0.0,0,13824,2,1,0,0,0,0,0,0,0,0,0,0,0,0
342,2,5e350b454696ff15,1.891137,0.0,0,14096,1,1,0,0,0,0,0,0,0,0,0,0,0,0
343,2,a22cf4d4744d8748,1.420741,0.0,0,14178,1,1,0,0,0,0,0,0,0,0,0,0,0,0
344,2,30fc5bbe907b8d79,3.154656,0.0,0,14089,2,0,0,0,0,0,0,0,0,0,0,0,0,0
345,2,507165c019b9ca87,2.372346,0.0,0,14314,1,1,0,0,0,0,0,0,0,0,0,0,0,0
346,2,22e65ecac45634cb,1.782255,0.0,0,14145,1,1,0,0,0,0,0,0,0,0,0,0,0,0
347,2,2419c3c07410f41f,2.382595,0.0,0,14431,1,0,0,0,0,0,0,0,0,0,0,0,0,0
348,2,cb83a857132ab038,1.789955,0.0,0,14419,1,1,0,0,0,0,0,0,0,0,0,0,0,0
349,2,97985e8724102839,1.346071,0.0,0,14292,1,1,0,0,0,0,0,0,0,0,0,0,0,0
350,2,d5c90cf8455a31c8,1.011253,0.0,0,14337,1,1,0,0,0,0,0,0,0,0,0,0,0,0
351,2,a47aa87cf7a518fb,2.847023,0.0,0,14266,2,0,0,0,0,0,0,0,0,0,0,0,0,0
352,2,621ec36a32338895,2.141002,0.0,0,13988,1,1,0,0,0,0,0,0,0,0,0,0,0,0
353,2,e1ba163ba7a355f3,1.608455,0.0,0,14150,1,1,0,0,0,0,0,0,0,0,0,0,0,0
354,2,803b086f7fd40966,2.252025,0.0,0,14101,1,0,0,0,0,0,0,0,0,0,0,0,0,0
355,2,bb646c2f0e298863,1.691862,0.0,0,14133,1,1,0,0,0,0,0,0,0,0,0,0,0,0
356,2,33615f20ddee7c7b,1.272305,0.0,0,13790,1,1,0,0,0,0,0,0,0,0,0,0,0,0
357,2,407b58c3a81b99a5,1.999488,0.0,0,13809,1,0,0,0,0,0,0,0,0,0,0,0,0,0
358,2,890c81f662145af8,1.502141,0.0,0,13904,1,1,0,0,0,0,0,0,0,0,0,0,0,0
359,2,9e14fe56dc9aaa52,2.173782,0.0,0,13816,1,0,0,0,0,0,0,0,0,0,0,0,0,0
360,2,dc910bb1ec37ca5f,2.676734,0.0,0,13995,2,1,0,0,0,0,0,0,0,0,0,0,0,0
361,2,db8308261d847ed5,2.01093,0.0,0,14273,1,1,0,0,0,0,0,0,0,0,0,0,0,0
362,2,14cd2b7bff159e5e,2.55439,0.0,0,14486,1,0,0,0,0,0,0,0,0,0,0,0,0,0
363,2,8b387d36d6684ae5,1.920938,0.0,0,14429,1,1,0,0,0,0,0,0,0,0,0,0,0,0
364,2,19ffb9198d15aa68,1.443129,0.0,0,14116,1,1,0,0,0,0,0,0,0,0,0,0,0,0
365,2,e598a8368b8f111c,1.084169,0.0,0,14410,1,1,0,0,0,0,0,0,0,0,0,0,0,0
366,2,e45fbe4404098a97,1.859461,0.0,0,14119,1,0,0,0,0,0,0,0,0,0,0,0,0,0
367,2,40bf3525f7c906a6,1.396943,0.0,0,14160,1,1,0,0,0,0,0,0,0,0,0,0,0,0
368,2,f3cc52c4f929159b,1.049471,0.0,0,14067,1,1,0,0,0,0,0,0,0,0,0,0,0,0
369,2,a0d80bdaff86ebc7,1.832082,0.0,0,14028,2,1,0,0,0,0,0,0,0,0,0,0,0,0
370,2,f668abc3a534b0e6,2.421902,0.0,0,13889,1,0,0,0,0,0,0,0,0,0,0,0,0,0
371,2,ad01413182fe940f,1.819485,0.0,0,14104,1,1,0,0,0,0,0,0,0,0,0,0,0,0
372,2,8a322d28e882ae10,1.366911,0.0,0,13844,1,1,0,0,0,0,0,0,0,0,0,0,0,0
373,2,80c093347fcba21c,1.027936,0.0,0,13928,1,1,0,0,0,0,0,0,0,0,0,0,0,0
374,2,4529ce22a03f38c9,1.815904,0.0,0,14333,1,0,0,0,0,0,0,0,0,0,0,0,0,0
375,2,58ef23151b38a504,1.36422,0.0,0,14227,1,1,0,0,0,0,0,0,0,0,0,0,0,0
376,2,5692f970c26209a9,1.024888,0.0,0,14173,1,1,0,0,0,0,0,0,0,0,0,0,0,0
377,2,9976a33c06125158,1.814881,0.0,0,14245,1,0,0,0,0,0,0,0,0,0,0,0,0,0
378,2,d7d8c163115b8bad,2.407105,0.0,0,14155,2,1,0,0,0,0,0,0,0,0,0,0,0,0
379,2,7b457a5066dcd536,1.808368,0.0,0,14254,1,1,0,0,0,0,0,0,0,0,0,0,0,0
380,2,94b7a1c2a022d1ac,1.359919,0.0,0,14097,1,1,0,0,0,0,0,0,0,0,0,0,0,0
381,2,873fc64668178b14,1.021656,0.0,0,14311,1,1,0,0,0,0,0,0,0,0,0,0,0,0
382,2,28fa769eff48b138,1.811185,0.0,0,14244,1,0,0,0,0,0,0,0,0,0,0,0,0,0
383,2,00e7404aeba7178b,1.360676,0.0,0,14578,1,1,0,0,0,0,0,0,0,0,0,0,0,0
384,2,c65b1889e128a689,1.023248,0.0,0,14190,1,1,0,0,0,0,0,0,0,0,0,0,0,0
385,2,08aad3efc4c403c6,1.812381,0.0,0,14419,1,0,0,0,0,0,0,0,0,0,0,0,0,0
386,2,23f17b0ca781ee36,1.361574,0.0,0,14113,1,1,0,0,0,0,0,0,0,0,0,0,0,0
387,2,56b5f87f68401028,1.023923,0.0,0,14357,1,1,0,0,0,0,0,0,0,0,0,0,0,0
388,2,3e516705455cddb9,1.812889,0.0,0,14332,2,1,0,0,0,0,0,0,0,0,0,0,0,0
389,2,c3809fbebd13d377,1.361955,0.0,0,14208,1,1,0,0,0,0,0,0,0,0,0,0,0,0
390,2,2b1ff2529d341295,2.06684,0.0,0,14318,1,0,0,0,0,0,0,0,0,0,0,0,0,0
391,2,b42ba38c3416580a,1.554293,0.0,0,14438,1,1,0,0,0,0,0,0,0,0,0,0,0,0
392,2,597ae9255e52d619,1.167682,0.0,0,14431,1,1,0,0,0,0,0,0,0,0,0,0,0,0
393,2,d83d2e2546357597,0.877236,0.0,0,14309,1,1,0,0,0,0,0,0,0,0,0,0,0,0
394,2,cd9440e3e6936070,1.703844,0.0,0,14166,1,0,0,0,0,0,0,0,0,0,0,0,0,0
395,2,52c498284798b692,2.323688,0.0,0,14330,2,1,0,0,0,0,0,0,0,0,0,0,0,0
396,3,1fd48474a6be9a50,1.7457,0.0,0,13950,1,1,0,0,0,0,0,0,0,0,0,0,0,0
397,3,40ab05863d40ab6a,1.311479,0.0,0,14008,1,1,0,0,0,0,0,0,0,0,0,0,0,0
398,3,9fa3e60e300cac94,2.030401,0.0,0,14206,1,0,0,0,0,0,0,0,0,0,0,0,0,0
399,3,9522afc9eb92ebd2,1.525365,0.0,0,14108,1,1,0,0,0,0,0,0,0,0,0,0,0,0
400,3,0fba0eaa5e567fe1,1.145949,0.0,0,14024,1,1,0,0,0,0,0,0,0,0,0,0,0,0
401,3,8f9f8c22e25048df,0.86177,0.0,0,13979,1,1,0,0,0,0,0,0,0,0,0,0,0,0
402,3,025aca0c2fc547cd,1.691069,0.0,0,13942,1,0,0,0,0,0,0,0,0,0,0,0,0,0
403,3,ea7305c3d0c4eb0e,1.270437,0.0,0,13941,1,1,0,0,0,0,0,0,0,0,0,0,0,0
404,3,b3bc2710b036c5b2,0.954432,0.0,0,14001,1,1,0,0,0,0,0,0,0,0,0,0,0,0
405,3,3c254a4fca255c07,0.717746,0.0,0,13866,1,1,0,0,0,0,0,0,0,0,0,0,0,0
406,3,7fb0256f65ce4ff6,1.582869,0.0,0,14085,1,0,0,0,0,0,0,0,0,0,0,0,0,0
407,3,a69e89495c03d18a,1.189151,0.0,0,14098,1,1,0,0,0,0,0,0,0,0,0,0,0,0
408,3,ba87dd4319678e85,0.894258,0.0,0,13874,1,1,0,0,0,0,0,0,0,0,0,0,0,0
409,3,3e895dd2e76d3ae9,0.671823,0.0,0,14024,1,1,0,0,0,0,0,0,0,0,0,0,0,0
410,3,5bfa9aaebee05047,2.592022,0.0,0,13975,2,0,0,0,0,0,0,0,0,0,0,0,0,0
411,3,ca3938afd42b6b51,1.947289,0.0,0,13989,1,1,0,0,0,0,0,0,0,0,0,0,0,0
412,3,3840b1179d01d5ca,1.464389,0.0,0,13952,1,1,0,0,0,0,0,0,0,0,0,0,0,0
413,3,3ad00a257add4750,1.100141,0.0,0,14044,1,1,0,0,0,0,0,0,0,0,0,0,0,0
414,3,715e21df0f1ac6b8,1.870148,0.0,0,14041,1,0,0,0,0,0,0,0,0,0,0,0,0,0
415,3,ab882b57d80326bc,1.406378,0.0,0,13937,1,1,0,0,0,0,0,0,0,0,0,0,0,0
416,3,de121b1615b372cf,2.100213,0.0,0,13978,2,1,0,0,0,0,0,0,0,0,0,0,0,0
417,3,0469b68beb7ba893,1.577811,0.0,0,13959,1,1,0,0,0,0,0,0,0,0,0,0,0,0
418,3,77ed09b9b5fdd2d5,1.185351,0.0,0,13854,1,1,0,0,0,0,0,0,0,0,0,0,0,0
419,3,f528f75252723e1c,1.935551,0.0,0,14155,1,0,0,0,0,0,0,0,0,0,0,0,0,0
420,3,c2f4dc060312be30,1.454107,0.0,0,13884,1,1,0,0,0,0,0,0,0,0,0,0,0,0
421,3,f6d7570dbe7171fa,1.092416,0.0,0,13938,1,1,0,0,0,0,0,0,0,0,0,0,0,0
422,3,50afc0b225fbdddd,1.865663,0.0,0,13923,2,1,0,0,0,0,0,0,0,0,0,0,0,0
423,3,26bf505ffeb94bbf,2.445256,0.0,0,13968,1,0,0,0,0,0,0,0,0,0,0,0,0,0
424,3,e40473ff344e55ae,1.83703,0.0,0,14160,1,1,0,0,0,0,0,0,0,0,0,0,0,0
425,3,90ecaf7479b68915,1.380092,0.0,0,13860,1,1,0,0,0,0,0,0,0,0,0,0,0,0
426,3,90f3fabff4cf81db,2.081999,0.0,0,13979,1,0,0,0,0,0,0,0,0,0,0,0,0,0
427,3,856e34ca1b879edb,1.564128,0.0,0,14046,1,1,0,0,0,0,0,0,0,0,0,0,0,0
428,3,0b681578e0b3316e,2.218724,0.0,0,13785,2,1,0,0,0,0,0,0,0,0,0,0,0,0
429,3,6a193d527ea85d93,1.668512,0.0,0,13916,1,1,0,0,0,0,0,0,0,0,0,0,0,0
430,3,6b23a3947ba22008,2.297144,0.0,0,13836,1,0,0,0,0,0,0,0,0,0,0,0,0,0
431,3,c0daf2c2b98bb512,1.725759,0.0,0,14039,1,1,0,0,0,0,0,0,0,0,0,0,0,0
432,3,d878d127a6902a03,1.296498,0.0,0,13859,1,1,0,0,0,0,0,0,0,0,0,0,0,0
433,3,a41f643bc4f08007,2.019135,0.0,0,13846,1,0,0,0,0,0,0,0,0,0,0,0,0,0
434,3,03d1737063f8f901,1.516901,0.0,0,13920,1,1,0,0,0,0,0,0,0,0,0,0,0,0
435,3,640f8f0d7655f248,2.183244,0.0,0,13986,2,1,0,0,0,0,0,0,0,0,0,0,0,0
436,3,16713a2d4c1307df,2.685981,0.0,0,13856,1,0,0,0,0,0,0,0,0,0,0,0,0,0
437,3,228066c4865d7001,2.017877,0.0,0,13933,1,1,0,0,0,0,0,0,0,0,0,0,0,0
438,3,594d3cb690c42eeb,2.559609,0.0,0,14065,1,0,0,0,0,0,0,0,0,0,0,0,0,0
439,3,f92c2ee1216a9568,1.922939,0.0,0,13889,1,1,0,0,0,0,0,0,0,0,0,0,0,0
440,3,2ee1be89f7dc3da8,1.446077,0.0,0,13782,1,1,0,0,0,0,0,0,0,0,0,0,0,0
441,3,2b449090dd14131a,3.173691,0.0,0,13648,2,0,0,0,0,0,0,0,0,0,0,0,0,0
442,3,4d8ff27cb8f5579d,2.384275,0.0,0,13715,1,1,0,0,0,0,0,0,0,0,0,0,0,0
443,3,434e1d066d06c0be,1.793009,0.0,0,13945,1,1,0,0,0,0,0,0,0,0,0,0,0,0
444,3,f47a40e0c1d513a9,2.390674,0.0,0,13915,1,0,0,0,0,0,0,0,0,0,0,0,0,0
445,3,db81b6b3126b8870,1.796024,0.0,0,13937,1,1,0,0,0,0,0,0,0,0,0,0,0,0
446,3,c5cd93750c771865,1.349286,0.0,0,13728,1,1,0,0,0,0,0,0,0,0,0,0,0,0
447,3,3d5819ecf78afd31,2.058833,0.0,0,13866,1,0,0,0,0,0,0,0,0,0,0,0,0,0
448,3,4f972e9bacb53570,1.546724,0.0,0,13739,1,1,0,0,0,0,0,0,0,0,0,0,0,0
449,3,ee29760cbff6315d,1.161996,0.0,0,13808,1,1,0,0,0,0,0,0,0,0,0,0,0,0
450,3,3248fc3ab7d95c1d,0.873837,0.0,0,13896,1,1,0,0,0,0,0,0,0,0,0,0,0,0
451,3,1b130520811c05b5,0.656481,0.0,0,13945,1,1,0,0,0,0,0,0,0,0,0,0,0,0
452,3,2fb4a3c0f691e392,1.536843,0.0,0,13859,1,0,0,0,0,0,0,0,0,0,0,0,0,0
453,3,2b4e2f0ca79f310c,1.154573,0.0,0,13845,1,1,0,0,0,0,0,0,0,0,0,0,0,0
454,3,75fab394ce4971e4,0.868255,0.0,0,13747,1,1,0,0,0,0,0,0,0,0,0,0,0,0
455,3,6de8cf41e4a70384,0.652288,0.0,0,13873,1,1,0,0,0,0,0,0,0,0,0,0,0,0
456,3,72f11724885a9a5a,1.533693,0.0,0,13963,1,0,0,0,0,0,0,0,0,0,0,0,0,0
457,3,85fe4b2d4b4e16cb,2.197509,0.0,0,13954,2,1,0,0,0,0,0,0,0,0,0,0,0,0
458,3,39c159142a9de391,1.650907,0.0,0,13846,1,1,0,0,0,0,0,0,0,0,0,0,0,0
459,3,c4ebaa3adc5d793a,2.283918,0.0,0,14016,1,0,0,0,0,0,0,0,0,0,0,0,0,0
460,3,0631e102b4139972,1.715822,0.0,0,14027,1,1,0,0,0,0,0,0,0,0,0,0,0,0
461,3,ab487b26d9be6f4b,1.290323,0.0,0,13632,1,1,0,0,0,0,0,0,0,0,0,0,0,0
462,3,be84e26dfb922b1e,0.969371,0.0,0,13852,1,1,0,0,0,0,0,0,0,0,0,0,0,0
463,3,cca73aec3346c689,1.771906,0.0,0,13635,1,0,0,0,0,0,0,0,0,0,0,0,0,0
464,3,6e8345678aa78b3d,1.332498,0.0,0,13768,1,1,0,0,0,0,0,0,0,0,0,0,0,0
465,3,1a23bdbadcdd5727,2.04471,0.0,0,13449,2,1,0,0,0,0,0,0,0,0,0,0,0,0
466,3,79d920e270fe2cb1,1.536114,0.0,0,13560,1,1,0,0,0,0,0,0,0,0,0,0,0,0
467,3,9217e5612229976f,2.197678,0.0,0,13332,1,0,0,0,0,0,0,0,0,0,0,0,0,0
468,3,134695b5eb4bd63c,1.652685,0.0,0,13457,1,1,0,0,0,0,0,0,0,0,0,0,0,0
469,3,f7a3f562cc69e32e,1.241601,0.0,0,13591,1,1,0,0,0,0,0,0,0,0,0,0,0,0
470,3,6a0a9562773c502d,0.932768,0.0,0,13465,1,1,0,0,0,0,0,0,0,0,0,0,0,0
471,3,eae24d1b7605565b,1.745606,0.0,0,13579,1,0,0,0,0,0,0,0,0,0,0,0,0,0
472,3,531e23b8e8e173ac,1.311408,0.0,0,13576,1,1,0,0,0,0,0,0,0,0,0,0,0,0
473,3,3d55b7a6325cb0e8,2.028865,0.0,0,13924,2,1,0,0,0,0,0,0,0,0,0,0,0,0
474,3,ee61d6aefbb4fb3d,2.567864,0.0,0,13656,1,0,0,0,0,0,0,0,0,0,0,0,0,0
475,3,4c21477639599fa1,1.93107,0.0,0,13721,1,1,0,0,0,0,0,0,0,0,0,0,0,0
476,3,018cf3a9258160d0,1.450741,0.0,0,13787,1,1,0,0,0,0,0,0,0,0,0,0,0,0
477,3,ec92ad99ef64a01b,2.133541,0.0,0,13897,1,0,0,0,0,0,0,0,0,0,0,0,0,0
478,3,6350397cd72a232a,1.604453,0.0,0,13970,1,1,0,0,0,0,0,0,0,0,0,0,0,0
479,3,fef48a7aa8c5c93f,2.249019,0.0,0,14019,2,1,0,0,0,0,0,0,0,0,0,0,0,0
480,3,f047b05933002372,2.733257,0.0,0,13917,1,0,0,0,0,0,0,0,0,0,0,0,0,0
481,3,389f83b263ff3585,2.053394,0.0,0,14137,1,1,0,0,0,0,0,0,0,0,0,0,0,0
482,3,5cf4bf304eb0c57f,1.544182,0.0,0,14142,1,1,0,0,0,0,0,0,0,0,0,0,0,0
483,3,1a827c8c9e08b49c,1.160086,0.0,0,14920,1,1,0,0,0,0,0,0,0,0,0,0,0,0
484,3,49509845d3194311,1.915183,0.0,0,14800,1,0,0,0,0,0,0,0,0,0,0,0,0,0
485,3,5cd1e251b39dd8e7,2.484395,0.0,0,14457,2,1,0,0,0,0,0,0,0,0,0,0,0,0
486,3,4721f37aedea8e3e,2.910086,0.0,0,14184,1,0,0,0,0,0,0,0,0,0,0,0,0,0
487,3,93e2856f5a962544,2.186239,0.0,0,15298,1,1,0,0,0,0,0,0,0,0,0,0,0,0
488,3,56f7ea602bc7f8ee,1.64244,0.0,0,15257,1,1,0,0,0,0,0,0,0,0,0,0,0,0
489,3,3bfb0b37ddaccb1b,2.279289,0.0,0,14783,1,0,0,0,0,0,0,0,0,0,0,0,0,0
490,3,62d13f8700ee41b0,1.712344,0.0,0,14644,1,1,0,0,0,0,0,0,0,0,0,0,0,0
491,3,ee75471444d42e70,2.330074,0.0,0,14831,1,0,0,0,0,0,0,0,0,0,0,0,0,0
492,3,6ced2afae85be9a4,1.752249,0.0,0,14181,1,1,0,0,0,0,0,0,0,0,0,0,0,0
493,3,4f6c71ca3dd9255c,1.316399,0.0,0,15067,1,1,0,0,0,0,0,0,0,0,0,0,0,0
494,3,bf7a01b8ccc69149,0.988961,0.0,0,14935,1,1,0,0,0,0,0,0,0,0,0,0,0,0
495,3,da7e35a8ec040cf3,0.74297,0.0,0,14945,1,1,0,0,0,0,0,0,0,0,0,0,0,0
496,3,b21392916da5deb2,1.602874,0.0,0,14710,1,0,0,0,0,0,0,0,0,0,0,0,0,0
497,3,e319b203559875e7,1.20418,0.0,0,14678,1,1,0,0,0,0,0,0,0,0,0,0,0,0
498,3,0dab56b9c929ee1d,0.904655,0.0,0,14798,1,1,0,0,0,0,0,0,0,0,0,0,0,0
499,3,0b776e9f6f21a8a6,0.680313,0.0,0,13868,1,1,0,0,0,0,0,0,0,0,0,0,0,0
500,3,461492a5611091f8,1.554747,0.0,0,13757,2,1,0,0,0,0,0,0,0,0,0,0,0,0
501,3,0ffe532718b6dbc3,2.211677,0.0,0,13825,1,0,0,0,0,0,0,0,0,0,0,0,0,0
502,3,af22391e8fb2c5cc,1.66155,0.0,0,13759,1,1,0,0,0,0,0,0,0,0,0,0,0,0
503,3,7d75e94ecfdb5afc,1.249509,0.0,0,13664,1,1,0,0,0,0,0,0,0,0,0,0,0,0
504,3,5d51ad8bddd0dcde,1.982363,0.0,0,13741,2,1,0,0,0,0,0,0,0,0,0,0,0,0
505,3,439217822866cd7e,2.532929,0.0,0,13629,1,0,0,0,0,0,0,0,0,0,0,0,0,0
506,3,b61c3ac9b3a72436,1.904798,0.0,0,13512,1,1,0,0,0,0,0,0,0,0,0,0,0,0
507,3,4864fb10a965950c,1.431004,0.0,0,13557,1,1,0,0,0,0,0,0,0,0,0,0,0,0
508,3,d56e83bc4b82de74,1.07506,0.0,0,13870,1,1,0,0,0,0,0,0,0,0,0,0,0,0
509,3,d872133f8b5886de,1.851306,0.0,0,13819,1,0,0,0,0,0,0,0,0,0,0,0,0,0
510,3,3c942df492a7a97e,2.436359,0.0,0,13506,2,1,0,0,0,0,0,0,0,0,0,0,0,0
511,3,006be032c26e55f1,2.873999,0.0,0,13788,1,0,0,0,0,0,0,0,0,0,0,0,0,0
512,3,5879f3bd1f7e8b01,2.159128,0.0,0,13818,1,1,0,0,0,0,0,0,0,0,0,0,0,0
513,3,f7167a70cda92187,1.623695,0.0,0,13565,1,1,0,0,0,0,0,0,0,0,0,0,0,0
514,3,4660e8069c33e4e2,1.219821,0.0,0,13690,1,1,0,0,0,0,0,0,0,0,0,0,0,0
515,3,bd4131175b4371b1,1.960059,0.0,0,13935,1,0,0,0,0,0,0,0,0,0,0,0,0,0
516,3,9a0bde1be34bab84,2.516173,0.0,0,13894,2,1,0,0,0,0,0,0,0,0,0,0,0,0
517,3,db591e1df06ab20d,1.892198,0.0,0,13597,1,1,0,0,0,0,0,0,0,0,0,0,0,0
518,3,f565fe76b3a55eb7,1.421537,0.0,0,15017,1,1,0,0,0,0,0,0,0,0,0,0,0,0
519,3,8a99ef84095d67e8,2.111601,0.0,0,14195,1,0,0,0,0,0,0,0,0,0,0,0,0,0
520,3,e1d738ca7c08c6a7,2.632105,0.0,0,13813,2,1,0,0,0,0,0,0,0,0,0,0,0,0
521,3,a8542e710c1ddd79,1.977402,0.0,0,13698,1,1,0,0,0,0,0,0,0,0,0,0,0,0
522,3,446d3a67b2df5167,1.485548,0.0,0,13794,1,1,0,0,0,0,0,0,0,0,0,0,0,0
523,3,7caf18e64d4ac095,2.15969,0.0,0,13891,1,0,0,0,0,0,0,0,0,0,0,0,0,0
524,3,11ea72c4f3a2cdb9,1.624118,0.0,0,13559,1,1,0,0,0,0,0,0,0,0,0,0,0,0
525,3,0b590bedcb80ab45,1.220139,0.0,0,13776,1,1,0,0,0,0,0,0,0,0,0,0,0,0
526,3,ba40351575d1be28,1.960298,0.0,0,13542,1,0,0,0,0,0,0,0,0,0,0,0,0,0
527,3,c3877ee82c25de5b,1.474172,0.0,0,13702,1,1,0,0,0,0,0,0,0,0,0,0,0,0
528,3,570fc3b2d2b08e53,2.151144,0.0,0,13720,1,0,0,0,0,0,0,0,0,0,0,0,0,0
529,3,e8c2cbfdd3adba74,1.616074,0.0,0,13618,1,1,0,0,0,0,0,0,0,0,0,0,0,0
530,3,cdcb84d7540b9bca,2.257749,0.0,0,13665,1,0,0,0,0,0,0,0,0,0,0,0,0,0
531,3,5e519f672492e305,1.69786,0.0,0,13570,1,1,0,0,0,0,0,0,0,0,0,0,0,0
532,3,05ce32a3bbb11d68,2.319192,0.0,0,13399,2,1,0,0,0,0,0,0,0,0,0,0,0,0
533,3,486b95b95025322b,2.785975,0.0,0,13645,1,0,0,0,0,0,0,0,0,0,0,0,0,0
534,3,c79b50324d2d43fc,2.095093,0.0,0,13629,1,1,0,0,0,0,0,0,0,0,0,0,0,0
535,3,1ac4dcd86ba6db03,1.573965,0.0,0,13849,1,1,0,0,0,0,0,0,0,0,0,0,0,0
536,3,1d912ca04cb92a43,1.182461,0.0,0,13941,1,1,0,0,0,0,0,0,0,0,0,0,0,0
537,3,a3e1ddc864ca72e2,1.931992,0.0,0,13940,1,0,0,0,0,0,0,0,0,0,0,0,0,0
538,3,464dc852e6aed03d,1.452886,0.0,0,14070,1,1,0,0,0,0,0,0,0,0,0,0,0,0
539,3,1abd13b6436d843d,1.091499,0.0,0,14377,1,1,0,0,0,0,0,0,0,0,0,0,0,0
540,3,0f6df51dbb8b1fd1,1.863656,0.0,0,14515,1,0,0,0,0,0,0,0,0,0,0,0,0,0
541,3,1f19d71997adcf5d,1.401496,0.0,0,14389,1,1,0,0,0,0,0,0,0,0,0,0,0,0
542,3,9aac2c8eaa236f65,1.052891,0.0,0,15030,1,1,0,0,0,0,0,0,0,0,0,0,0,0
543,3,13343e5cc94dc7da,1.834651,0.0,0,15265,2,1,0,0,0,0,0,0,0,0,0,0,0,0
544,3,4074e08ab2ab0a7f,2.421958,0.0,0,15180,1,0,0,0,0,0,0,0,0,0,0,0,0,0
545,3,ffb373290702f448,1.821347,0.0,0,15478,1,1,0,0,0,0,0,0,0,0,0,0,0,0
546,3,73c6ee1e8a8c0422,1.36831,0.0,0,15528,1,1,0,0,0,0,0,0,0,0,0,0,0,0
547,3,1128f20c8b0f1bad,2.071613,0.0,0,15582,2,1,0,0,0,0,0,0,0,0,0,0,0,0
548,3,679885c0e022d551,1.557883,0.0,0,14377,1,1,0,0,0,0,0,0,0,0,0,0,0,0
549,3,0556dae712f48201,3.257686,0.0,0,14313,2,0,0,0,0,0,0,0,0,0,0,0,0,0
550,3,167533a724b7863a,2.447378,0.0,0,14041,1,1,0,0,0,0,0,0,0,0,0,0,0,0
551,3,d836226da32e8484,1.838623,0.0,0,14112,1,1,0,0,0,0,0,0,0,0,0,0,0,0
552,3,5ad6c2c503bae457,1.382671,0.0,0,14136,1,1,0,0,0,0,0,0,0,0,0,0,0,0
553,3,263c3fbd45a47697,2.082402,0.0,0,14284,1,0,0,0,0,0,0,0,0,0,0,0,0,0
554,3,7bb406fbc1e31b1d,2.608084,0.0,0,14180,2,1,0,0,0,0,0,0,0,0,0,0,0,0
555,3,70f0de6f362402ce,1.961317,0.0,0,14272,1,1,0,0,0,0,0,0,0,0,0,0,0,0
556,3,17c577b76f99c4f6,2.517117,0.0,0,14075,1,0,0,0,0,0,0,0,0,0,0,0,0,0
557,3,da7abe8ad8cb09b3,1.891016,0.0,0,14211,1,1,0,0,0,0,0,0,0,0,0,0,0,0
558,3,391bf268a6984f36,1.42065,0.0,0,14177,1,1,0,0,0,0,0,0,0,0,0,0,0,0
559,3,27b047f79f0e1cc5,3.15665,0.0,0,13872,2,0,0,0,0,0,0,0,0,0,0,0,0,0
560,3,3716a4add8c0fb03,2.371473,0.0,0,14225,1,1,0,0,0,0,0,0,0,0,0,0,0,0
561,3,a9b68056f54a3ce0,1.781599,0.0,0,14234,1,1,0,0,0,0,0,0,0,0,0,0,0,0
562,3,3b7c98417b6899ec,1.339788,0.0,0,14341,1,1,0,0,0,0,0,0,0,0,0,0,0,0
563,3,51c8b11ffb45ecac,2.050186,0.0,0,14260,1,0,0,0,0,0,0,0,0,0,0,0,0,0
564,3,b406c0e5673883cc,1.540228,0.0,0,14708,1,1,0,0,0,0,0,0,0,0,0,0,0,0
565,3,de068d077d895194,2.200769,0.0,0,14688,2,1,0,0,0,0,0,0,0,0,0,0,0,0
566,3,00e4f29904ee2761,2.69916,0.0,0,14609,1,0,0,0,0,0,0,0,0,0,0,0,0,0
567,4,1fd48474a6be9a50,2.027778,0.0,0,13952,1,1,0,0,0,0,0,0,0,0,0,0,0,0
568,4,40ab05863d40ab6a,2.567047,0.0,0,14049,1,0,0,0,0,0,0,0,0,0,0,0,0,0
569,4,9fa3e60e300cac94,1.930456,0.0,0,14215,1,1,0,0,0,0,0,0,0,0,0,0,0,0
570,4,9522afc9eb92ebd2,2.493933,0.0,0,14104,1,0,0,0,0,0,0,0,0,0,0,0,0,0
571,4,0fba0eaa5e567fe1,1.873599,0.0,0,14115,1,1,0,0,0,0,0,0,0,0,0,0,0,0
572,4,8f9f8c22e25048df,2.451218,0.0,0,14016,2,1,0,0,0,0,0,0,0,0,0,0,0,0
573,4,025aca0c2fc547cd,1.843351,0.0,0,13908,0,0,0,0,0,0,0,0,0,0,0,0,0,0
574,4,ea7305c3d0c4eb0e,2.428494,0.0,0,14019,2,1,0,0,0,0,0,0,0,0,0,0,0,0
575,4,b3bc2710b036c5b2,1.824437,0.0,0,13972,1,1,0,0,0,0,0,0,0,0,0,0,0,0
576,4,3c254a4fca255c07,1.372002,0.0,0,13944,1,1,0,0,0,0,0,0,0,0,0,0,0,0
577,4,7fb0256f65ce4ff6,2.074387,0.0,0,14008,1,0,0,0,0,0,0,0,0,0,0,0,0,0
578,4,a69e89495c03d18a,1.55841,0.0,0,14050,1,1,0,0,0,0,0,0,0,0,0,0,0,0
579,4,ba87dd4319678e85,1.170775,0.0,0,13886,1,1,0,0,0,0,0,0,0,0,0,0,0,0
580,4,3e895dd2e76d3ae9,0.880439,0.0,0,13907,1,1,0,0,0,0,0,0,0,0,0,0,0,0
581,4,5bfa9aaebee05047,1.705095,0.0,0,13884,1,0,0,0,0,0,0,0,0,0,0,0,0,0
582,4,ca3938afd42b6b51,1.280974,0.0,0,14188,1,1,0,0,0,0,0,0,0,0,0,0,0,0
583,4,3840b1179d01d5ca,0.963311,0.0,0,14005,1,1,0,0,0,0,0,0,0,0,0,0,0,0
584,4,3ad00a257add4750,0.723699,0.0,0,13913,1,1,0,0,0,0,0,0,0,0,0,0,0,0
585,4,715e21df0f1ac6b8,1.587342,0.0,0,13940,1,0,0,0,0,0,0,0,0,0,0,0,0,0
586,4,ab882b57d80326bc,1.19251,0.0,0,13999,1,1,0,0,0,0,0,0,0,0,0,0,0,0
587,4,de121b1615b372cf,1.940935,0.0,0,13925,2,1,0,0,0,0,0,0,0,0,0,0,0,0
588,4,0469b68beb7ba893,2.501805,0.0,0,14099,1,0,0,0,0,0,0,0,0,0,0,0,0,0
589,4,77ed09b9b5fdd2d5,1.879513,0.0,0,13849,1,1,0,0,0,0,0,0,0,0,0,0,0,0
590,4,f528f75252723e1c,1.413421,0.0,0,14091,1,1,0,0,0,0,0,0,0,0,0,0,0,0
591,4,d7ff3472159233ec,1.06185,0.0,0,13856,1,1,0,0,0,0,0,0,0,0,0,0,0,0
592,4,f6d7570dbe7171fa,1.841382,0.0,0,13968,2,1,0,0,0,0,0,0,0,0,0,0,0,0
593,4,50afc0b225fbdddd,2.427014,0.0,0,13996,1,0,0,0,0,0,0,0,0,0,0,0,0,0
594,4,77cb534e4dd68f47,1.825149,0.0,0,13882,1,1,0,0,0,0,0,0,0,0,0,0,0,0
595,4,03a072c123c7f460,2.41482,0.0,0,13977,2,1,0,0,0,0,0,0,0,0,0,0,0,0
596,4,40a0b4653c2b8b16,1.814164,0.0,0,13964,1,1,0,0,0,0,0,0,0,0,0,0,0,0
597,4,8ced9c6091029967,2.408428,0.0,0,13989,1,0,0,0,0,0,0,0,0,0,0,0,0,0
598,4,f446b42f744adfb3,1.809362,0.0,0,13972,1,1,0,0,0,0,0,0,0,0,0,0,0,0
599,4,ffdd19bd8ebe00f5,1.359306,0.0,0,13913,1,1,0,0,0,0,0,0,0,0,0,0,0,0
600,4,b9666f9e7129180f,1.021196,0.0,0,13840,1,1,0,0,0,0,0,0,0,0,0,0,0,0
601,4,826bb28746b5aff3,1.812104,0.0,0,13922,1,0,0,0,0,0,0,0,0,0,0,0,0,0
602,4,3c2e28f559cf9803,2.405019,0.0,0,13827,2,1,0,0,0,0,0,0,0,0,0,0,0,0
603,4,f896a9eeacd54b0b,1.806801,0.0,0,14001,1,1,0,0,0,0,0,0,0,0,0,0,0,0
604,4,7e91fafbe2aeffcf,2.402891,0.0,0,13820,1,0,0,0,0,0,0,0,0,0,0,0,0,0
605,4,23f5c9c20ef02c3c,1.805202,0.0,0,13825,1,1,0,0,0,0,0,0,0,0,0,0,0,0
606,4,a58dd937fd8efc88,1.356181,0.0,0,13965,1,1,0,0,0,0,0,0,0,0,0,0,0,0
607,4,5320635b6f8274a1,2.062501,0.0,0,13833,1,0,0,0,0,0,0,0,0,0,0,0,0,0
608,4,5be3b3e7f0a13351,1.55103,0.0,0,13993,1,1,0,0,0,0,0,0,0,0,0,0,0,0
609,4,e98b0d3057414656,2.208884,0.0,0,13904,1,0,0,0,0,0,0,0,0,0,0,0,0,0
610,4,19b0b3689610e0ce,1.659452,0.0,0,13872,1,1,0,0,0,0,0,0,0,0,0,0,0,0
611,4,8f0405fa715f723a,1.247932,0.0,0,13924,1,1,0,0,0,0,0,0,0,0,0,0,0,0
612,4,717c08cd848d2565,1.981178,0.0,0,13703,1,0,0,0,0,0,0,0,0,0,0,0,0,0
613,4,2fcdacff6fd5f19a,1.488385,0.0,0,13687,1,1,0,0,0,0,0,0,0,0,0,0,0,0
614,4,be92632e08fda589,1.118168,0.0,0,13866,1,1,0,0,0,0,0,0,0,0,0,0,0,0
615,4,da9796b4d4dded73,1.885029,0.0,0,13899,1,0,0,0,0,0,0,0,0,0,0,0,0,0
616,4,a89450d0d8fdc21d,1.416152,0.0,0,13807,1,1,0,0,0,0,0,0,0,0,0,0,0,0
617,4,4b7d1848fe166648,2.107555,0.0,0,13818,2,1,0,0,0,0,0,0,0,0,0,0,0,0
618,4,52aec14325aadabd,2.629062,0.0,0,13851,1,0,0,0,0,0,0,0,0,0,0,0,0,0
619,4,1cc1ad2dab05c3da,1.975116,0.0,0,13917,1,1,0,0,0,0,0,0,0,0,0,0,0,0
620,4,58326b8dcd4ecfed,1.483831,0.0,0,13987,1,1,0,0,0,0,0,0,0,0,0,0,0,0
621,4,c2784a66aae91d96,2.1584,0.0,0,13869,1,0,0,0,0,0,0,0,0,0,0,0,0,0
622,4,1634f22125aaaddb,1.623148,0.0,0,13829,1,1,0,0,0,0,0,0,0,0,0,0,0,0
623,4,c2fa137b65a08f6d,1.21941,0.0,0,13921,1,1,0,0,0,0,0,0,0,0,0,0,0,0
624,4,9f3c46088413518d,0.916097,0.0,0,13741,1,1,0,0,0,0,0,0,0,0,0,0,0,0
625,4,3d6b81bcc44825cf,1.733069,0.0,0,13842,1,0,0,0,0,0,0,0,0,0,0,0,0,0
626,4,d0a693f02e40683d,1.30199,0.0,0,13791,1,1,0,0,0,0,0,0,0,0,0,0,0,0
627,4,d1387a07a43457e4,2.02179,0.0,0,13923,2,1,0,0,0,0,0,0,0,0,0,0,0,0
628,4,c4de66169094d5d7,1.518895,0.0,0,14126,1,1,0,0,0,0,0,0,0,0,0,0,0,0
629,4,7a4b3bddda608254,2.186381,0.0,0,13893,1,0,0,0,0,0,0,0,0,0,0,0,0,0
630,4,c8313293713bf421,1.642546,0.0,0,13899,1,1,0,0,0,0,0,0,0,0,0,0,0,0
631,4,0cdf4c2415b07f67,1.233984,0.0,0,13991,1,1,0,0,0,0,0,0,0,0,0,0,0,0
632,4,72a6819c81f6a565,0.927973,0.0,0,14010,1,1,0,0,0,0,0,0,0,0,0,0,0,0
633,4,323b8014f8ce7863,2.784458,0.0,0,14237,2,0,0,0,0,0,0,0,0,0,0,0,0,0
634,4,a2efa2e8f5f73b01,2.091859,0.0,0,15134,1,1,0,0,0,0,0,0,0,0,0,0,0,0
635,4,bf597c526672b7b1,1.571536,0.0,0,14885,1,1,0,0,0,0,0,0,0,0,0,0,0,0
636,4,e62020f9214f838b,1.181817,0.0,0,14816,1,1,0,0,0,0,0,0,0,0,0,0,0,0
637,4,2d7fa56c0153bae3,0.887855,0.0,0,15922,1,1,0,0,0,0,0,0,0,0,0,0,0,0
638,4,d8dc84937b47d855,1.710666,0.0,0,15769,2,1,0,0,0,0,0,0,0,0,0,0,0,0
639,4,b3de1b073ac48f56,2.330596,0.0,0,16014,1,0,0,0,0,0,0,0,0,0,0,0,0,0
640,4,cfb30a7c393eb099,1.750889,0.0,0,16016,1,1,0,0,0,0,0,0,0,0,0,0,0,0
641,4,9e488a91b929a948,2.359031,0.0,0,16232,2,1,0,0,0,0,0,0,0,0,0,0,0,0
642,4,f9c089e8cf7631ec,1.772252,0.0,0,16234,1,1,0,0,0,0,0,0,0,0,0,0,0,0
643,4,e0157d6bcbe75a03,2.376909,0.0,0,16417,1,0,0,0,0,0,0,0,0,0,0,0,0,0
644,4,e37ad11b60037f34,1.785683,0.0,0,16703,1,1,0,0,0,0,0,0,0,0,0,0,0,0
645,4,30ee94611ad4e925,2.38517,0.0,0,16606,2,1,0,0,0,0,0,0,0,0,0,0,0,0
646,4,036abe4d4f6c5d11,2.837833,0.0,0,16657,1,0,0,0,0,0,0,0,0,0,0,0,0,0
647,4,85d337a59a9dac00,2.131957,0.0,0,16696,1,1,0,0,0,0,0,0,0,0,0,0,0,0
648,4,66ce4f7414d82a4b,1.60166,0.0,0,16604,1,1,0,0,0,0,0,0,0,0,0,0,0,0
649,4,ae7b381de65b3686,2.246921,0.0,0,15159,2,1,0,0,0,0,0,0,0,0,0,0,0,0
650,4,2aecf54420e2a190,2.733867,0.0,0,13707,1,0,0,0,0,0,0,0,0,0,0,0,0,0
651,4,620143bfa815cbad,2.053852,0.0,0,13916,1,1,0,0,0,0,0,0,0,0,0,0,0,0
652,4,eb35514cc506b61f,3.630289,0.0,0,13957,2,0,0,0,0,0,0,0,0,0,0,0,0,0
653,4,62069708fdad57b2,2.730029,0.0,0,13878,1,1,0,0,0,0,0,0,0,0,0,0,0,0
654,4,3ec403ca5a965708,3.094622,0.0,0,14098,1,0,0,0,0,0,0,0,0,0,0,0,0,0
655,4,ac18cdfb2212f518,2.324874,0.0,0,14128,1,1,0,0,0,0,0,0,0,0,0,0,0,0
656,4,19b109607c8ff5b9,1.746591,0.0,0,13932,1,1,0,0,0,0,0,0,0,0,0,0,0,0
657,4,44356c1e30ee7d35,2.357612,0.0,0,13715,1,0,0,0,0,0,0,0,0,0,0,0,0,0
658,4,d97f0a9ed5fc89bf,1.771186,0.0,0,13588,1,1,0,0,0,0,0,0,0,0,0,0,0,0
659,4,0b81b21305592c32,2.374279,0.0,0,13761,1,0,0,0,0,0,0,0,0,0,0,0,0,0
660,4,c48a41a754438d99,1.785492,0.0,0,13614,1,1,0,0,0,0,0,0,0,0,0,0,0,0
661,4,202375f6feca9736,1.341373,0.0,0,13557,1,1,0,0,0,0,0,0,0,0,0,0,0,0
662,4,e93cd62c57c033a9,2.051377,0.0,0,13565,1,0,0,0,0,0,0,0,0,0,0,0,0,0
663,4,c4c3ba56d580260c,1.541123,0.0,0,13618,1,1,0,0,0,0,0,0,0,0,0,0,0,0
664,4,6d35e0b5bdc858a6,1.158946,0.0,0,13472,1,1,0,0,0,0,0,0,0,0,0,0,0,0
665,4,11c3c30b12159ceb,0.870673,0.0,0,13625,1,1,0,0,0,0,0,0,0,0,0,0,0,0
666,4,0e174efad7937ddb,1.697757,0.0,0,13537,1,0,0,0,0,0,0,0,0,0,0,0,0,0
667,4,ac89a6add3b3e6f0,1.276738,0.0,0,13626,1,1,0,0,0,0,0,0,0,0,0,0,0,0
668,4,46b655a5ff7abad7,0.959165,0.0,0,13517,1,1,0,0,0,0,0,0,0,0,0,0,0,0
669,4,7b8201bb30769700,0.720585,0.0,0,13588,1,1,0,0,0,0,0,0,0,0,0,0,0,0
670,4,5118edfbe0a0b3fc,2.628655,0.0,0,13626,2,0,0,0,0,0,0,0,0,0,0,0,0,0
671,4,51fb47364e989d8d,1.976786,0.0,0,13755,1,1,0,0,0,0,0,0,0,0,0,0,0,0
672,4,dc33241fe097e674,1.485086,0.0,0,13697,1,1,0,0,0,0,0,0,0,0,0,0,0,0
673,4,244cce01b99b98c7,2.159343,0.0,0,13740,1,0,0,0,0,0,0,0,0,0,0,0,0,0
674,4,3b65b1951a59d477,1.623856,0.0,0,13825,1,1,0,0,0,0,0,0,0,0,0,0,0,0
675,4,b850c2f315a1865b,1.219943,0.0,0,13817,1,1,0,0,0,0,0,0,0,0,0,0,0,0
676,4,0fa353241bda36d8,0.916497,0.0,0,13502,1,1,0,0,0,0,0,0,0,0,0,0,0,0
677,4,a17d8df0ab25af36,1.732184,0.0,0,13695,1,0,0,0,0,0,0,0,0,0,0,0,0,0
678,4,299233ead1629b2b,2.346777,0.0,0,13706,2,1,0,0,0,0,0,0,0,0,0,0,0,0
679,4,974adcccfcca391d,1.763046,0.0,0,13572,1,1,0,0,0,0,0,0,0,0,0,0,0,0
680,4,0c843024e17538c1,2.368164,0.0,0,13662,1,0,0,0,0,0,0,0,0,0,0,0,0,0
681,4,93d7cad56150359c,1.780893,0.0,0,13682,1,1,0,0,0,0,0,0,0,0,0,0,0,0
682,4,06289adec5467162,2.381572,0.0,0,13611,1,0,0,0,0,0,0,0,0,0,0,0,0,0
683,4,32457a9317851d42,1.789186,0.0,0,14034,1,1,0,0,0,0,0,0,0,0,0,0,0,0
684,4,cefec3720e578d01,2.387802,0.0,0,13671,2,1,0,0,0,0,0,0,0,0,0,0,0,0
685,4,10f0510c46f6a357,2.839811,0.0,0,13705,1,0,0,0,0,0,0,0,0,0,0,0,0,0
686,4,d2abc35df3320db8,2.133444,0.0,0,13987,1,1,0,0,0,0,0,0,0,0,0,0,0,0
687,4,43bf3dbab03c5d83,1.602777,0.0,0,13680,1,1,0,0,0,0,0,0,0,0,0,0,0,0
688,4,1dc877fe4ac4b180,1.205311,0.0,0,13593,1,1,0,0,0,0,0,0,0,0,0,0,0,0
689,4,4d2f235fcec5fc03,0.905505,0.0,0,13806,1,1,0,0,0,0,0,0,0,0,0,0,0,0
690,4,2d50e5b12cfec82d,1.723926,0.0,0,13865,1,0,0,0,0,0,0,0,0,0,0,0,0,0
691,4,a10d19cbb864478a,2.338774,0.0,0,13745,2,1,0,0,0,0,0,0,0,0,0,0,0,0
692,4,7ccfc13a41f10af2,1.758791,0.0,0,13761,1,1,0,0,0,0,0,0,0,0,0,0,0,0
693,4,aa033d6dec6732d3,2.364968,0.0,0,13804,1,0,0,0,0,0,0,0,0,0,0,0,0,0
694,4,78115053c6d5aa2f,1.776712,0.0,0,13790,1,1,0,0,0,0,0,0,0,0,0,0,0,0
695,4,9223b78ec8015401,2.380263,0.0,0,13840,1,0,0,0,0,0,0,0,0,0,0,0,0,0
696,4,355e9621298b042e,1.788203,0.0,0,14016,1,1,0,0,0,0,0,0,0,0,0,0,0,0
697,4,45c3bce7c19dfe82,1.34341,0.0,0,13646,1,1,0,0,0,0,0,0,0,0,0,0,0,0
698,4,d9e47eac35f7750a,2.052907,0.0,0,13954,1,0,0,0,0,0,0,0,0,0,0,0,0,0
699,4,6e3240da0976c8ef,1.543815,0.0,0,13938,1,1,0,0,0,0,0,0,0,0,0,0,0,0
700,4,15dd9f15a2894f77,2.203464,0.0,0,13847,1,0,0,0,0,0,0,0,0,0,0,0,0,0
701,4,eaa43ba8eb7f7332,2.699034,0.0,0,13768,2,1,0,0,0,0,0,0,0,0,0,0,0,0
702,4,6f9e550670fa8eec,2.029712,0.0,0,14111,1,1,0,0,0,0,0,0,0,0,0,0,0,0
703,4,33018317a1917bf9,2.5685,0.0,0,14180,1,0,0,0,0,0,0,0,0,0,0,0,0,0
704,4,ba383bac80adefb3,1.929618,0.0,0,14154,1,1,0,0,0,0,0,0,0,0,0,0,0,0
705,4,27bf6e48f932e47f,1.44965,0.0,0,13948,1,1,0,0,0,0,0,0,0,0,0,0,0,0
706,4,3c97e97db135ae26,2.134308,0.0,0,13959,1,0,0,0,0,0,0,0,0,0,0,0,0,0
707,4,c4e56604953c1c24,1.603426,0.0,0,13820,1,1,0,0,0,0,0,0,0,0,0,0,0,0
708,4,d9276ea29665c019,1.204594,0.0,0,13996,1,1,0,0,0,0,0,0,0,0,0,0,0,0
709,4,08305b2484e17d6d,0.905872,0.0,0,14067,1,1,0,0,0,0,0,0,0,0,0,0,0,0
710,4,ee729d5ce278ce12,0.680548,0.0,0,14033,1,1,0,0,0,0,0,0,0,0,0,0,0,0
711,4,59c7156863157a36,2.598577,0.0,0,14080,2,0,0,0,0,0,0,0,0,0,0,0,0,0
712,4,d1ea8f8b759fc9e1,1.952213,0.0,0,14036,1,1,0,0,0,0,0,0,0,0,0,0,0,0
713,4,7f41f83700b6ec72,1.468092,0.0,0,14072,1,1,0,0,0,0,0,0,0,0,0,0,0,0
714,4,a0fd29a2089234b1,1.102923,0.0,0,14204,1,1,0,0,0,0,0,0,0,0,0,0,0,0
715,4,34302495c1cb7056,0.828585,0.0,0,14269,1,1,0,0,0,0,0,0,0,0,0,0,0,0
716,4,eb5af491a9186808,1.667258,0.0,0,14089,1,0,0,0,0,0,0,0,0,0,0,0,0,0
717,4,76aef1f83a3fe05c,1.252549,0.0,0,14258,1,1,0,0,0,0,0,0,0,0,0,0,0,0
718,4,b6c075215fcc9a56,1.984646,0.0,0,14111,2,1,0,0,0,0,0,0,0,0,0,0,0,0
719,4,6a122bbc37db0578,1.490991,0.0,0,14353,1,1,0,0,0,0,0,0,0,0,0,0,0,0
720,4,94ee2cfdefe2962f,2.165397,0.0,0,14293,1,0,0,0,0,0,0,0,0,0,0,0,0,0
721,4,31259b15e3c0d688,1.626782,0.0,0,14437,1,1,0,0,0,0,0,0,0,0,0,0,0,0
722,4,cbe9e27dd9fcc496,1.22214,0.0,0,14367,1,1,0,0,0,0,0,0,0,0,0,0,0,0
723,4,ef6e9a6b8c9dedac,0.919067,0.0,0,14264,1,1,0,0,0,0,0,0,0,0,0,0,0,0
724,4,108ab896ce851076,0.690461,0.0,0,14397,1,1,0,0,0,0,0,0,0,0,0,0,0,0
725,4,5ab748308c938d4b,1.562371,0.0,0,14387,1,0,0,0,0,0,0,0,0,0,0,0,0,0
726,4,ea9870eb0110fe66,2.217404,0.0,0,14552,2,1,0,0,0,0,0,0,0,0,0,0,0,0
727,4,0f93f5a5c56ce4d0,1.667519,0.0,0,14511,1,1,0,0,0,0,0,0,0,0,0,0,0,0
728,4,d47d647e87814b3c,1.252745,0.0,0,14474,1,1,0,0,0,0,0,0,0,0,0,0,0,0
729,4,f2ec3b3dd5393045,0.94114,0.0,0,14638,1,1,0,0,0,0,0,0,0,0,0,0,0,0
730,4,227ae4cf8dece492,1.751902,0.0,0,14567,1,0,0,0,0,0,0,0,0,0,0,0,0,0
731,4,96ad3bf04ec494ef,2.359792,0.0,0,14585,2,1,0,0,0,0,0,0,0,0,0,0,0,0
732,4,19888b20d2fcca97,1.772823,0.0,0,14394,1,1,0,0,0,0,0,0,0,0,0,0,0,0
733,4,ae4a85d8ded1111e,2.375509,0.0,0,14582,1,0,0,0,0,0,0,0,0,0,0,0,0,0
734,4,b5c343bc73c07e31,1.786417,0.0,0,14527,1,1,0,0,0,0,0,0,0,0,0,0,0,0
735,4,d2584a1b87bd0bdb,1.342068,0.0,0,14508,1,1,0,0,0,0,0,0,0,0,0,0,0,0
736,4,40e460a3d012b503,2.051899,0.0,0,14617,2,1,0,0,0,0,0,0,0,0,0,0,0,0
737,4,1ed4e450630ad4da,1.543057,0.0,0,14431,0,0,0,0,0,0,0,0,0,0,0,0,0,0
738,4,e15713dbe218689a,2.202895,0.0,0,14377,2,1,0,0,0,0,0,0,0,0,0,0,0,0
739,4,20ff1058688d2961,1.654952,0.0,0,14134,1,1,0,0,0,0,0,0,0,0,0,0,0,0
740,4,e189b5e4b7720b8e,1.243304,0.0,0,14175,1,1,0,0,0,0,0,0,0,0,0,0,0,0
741,4,15c0b08e70798cde,1.979133,0.0,0,14187,1,0,0,0,0,0,0,0,0,0,0,0,0,0
742,4,18153679ff9d16b8,1.486848,0.0,0,14152,1,1,0,0,0,0,0,0,0,0,0,0,0,0
743,4,9c632b2142868ffc,1.117014,0.0,0,13807,1,1,0,0,0,0,0,0,0,0,0,0,0,0
744,4,25177066f9937594,1.884161,0.0,0,13633,1,0,0,0,0,0,0,0,0,0,0,0,0,0
745,4,6c8753e93e35da38,1.415499,0.0,0,14119,1,1,0,0,0,0,0,0,0,0,0,0,0,0
746,4,8f7e9cb986646572,1.063412,0.0,0,14007,1,1,0,0,0,0,0,0,0,0,0,0,0,0
747,4,44573aa812dd557e,1.842555,0.0,0,13912,1,0,0,0,0,0,0,0,0,0,0,0,0,0
748,4,965767a299f94935,1.385628,0.0,0,13579,1,1,0,0,0,0,0,0,0,0,0,0,0,0
749,4,ea3a4447d5c43313,1.04097,0.0,0,13778,1,1,0,0,0,0,0,0,0,0,0,0,0,0
750,4,d132a8266aa653a9,0.782042,0.0,0,13513,1,1,0,0,0,0,0,0,0,0,0,0,0,0
751,4,6fefc172199fec08,1.632257,0.0,0,13508,1,0,0,0,0,0,0,0,0,0,0,0,0,0
752,5,1fd48474a6be9a50,1.226254,0.0,0,13972,1,1,0,0,0,0,0,0,0,0,0,0,0,0
753,5,40ab05863d40ab6a,0.921239,0.0,0,14099,1,1,0,0,0,0,0,0,0,0,0,0,0,0
754,5,9fa3e60e300cac94,0.692092,0.0,0,14298,1,1,0,0,0,0,0,0,0,0,0,0,0,0
755,5,9522afc9eb92ebd2,1.564614,0.0,0,14101,1,0,0,0,0,0,0,0,0,0,0,0,0,0
756,5,0fba0eaa5e567fe1,1.175436,0.0,0,13991,1,1,0,0,0,0,0,0,0,0,0,0,0,0
757,5,8f9f8c22e25048df,0.883061,0.0,0,13940,1,1,0,0,0,0,0,0,0,0,0,0,0,0
758,5,025aca0c2fc547cd,1.708225,0.0,0,13839,2,1,0,0,0,0,0,0,0,0,0,0,0,0
759,5,ea7305c3d0c4eb0e,2.326979,0.0,0,14086,1,0,0,0,0,0,0,0,0,0,0,0,0,0
760,5,b3bc2710b036c5b2,1.748172,0.0,0,13897,1,1,0,0,0,0,0,0,0,0,0,0,0,0
761,5,3c254a4fca255c07,1.313336,0.0,0,14103,1,1,0,0,0,0,0,0,0,0,0,0,0,0
762,5,7fb0256f65ce4ff6,0.987648,0.0,0,14029,1,1,0,0,0,0,0,0,0,0,0,0,0,0
763,5,a69e89495c03d18a,1.785636,0.0,0,13984,1,0,0,0,0,0,0,0,0,0,0,0,0,0
764,5,ba87dd4319678e85,2.385135,0.0,0,13948,2,1,0,0,0,0,0,0,0,0,0,0,0,0
765,5,3e895dd2e76d3ae9,2.837806,0.0,0,13909,1,0,0,0,0,0,0,0,0,0,0,0,0,0
766,5,5bfa9aaebee05047,2.131938,0.0,0,13943,1,1,0,0,0,0,0,0,0,0,0,0,0,0
767,5,ca3938afd42b6b51,1.601645,0.0,0,13976,1,1,0,0,0,0,0,0,0,0,0,0,0,0
768,5,3840b1179d01d5ca,1.203256,0.0,0,14034,1,1,0,0,0,0,0,0,0,0,0,0,0,0
769,5,3ad00a257add4750,1.949016,0.0,0,14081,1,0,0,0,0,0,0,0,0,0,0,0,0,0
770,5,715e21df0f1ac6b8,1.464223,0.0,0,14010,1,1,0,0,0,0,0,0,0,0,0,0,0,0
771,5,ab882b57d80326bc,2.143669,0.0,0,14059,2,1,0,0,0,0,0,0,0,0,0,0,0,0
772,5,de121b1615b372cf,1.61207,0.0,0,14010,1,1,0,0,0,0,0,0,0,0,0,0,0,0
773,5,05c8759f4447da7f,1.211088,0.0,0,13955,1,1,0,0,0,0,0,0,0,0,0,0,0,0
774,5,f9da155166fdbcb3,1.953498,0.0,0,13878,1,0,0,0,0,0,0,0,0,0,0,0,0,0
775,5,cbdedca5a02ed691,1.46759,0.0,0,14037,1,1,0,0,0,0,0,0,0,0,0,0,0,0
776,5,4f5226b5dafbe0bb,1.103649,0.0,0,13866,1,1,0,0,0,0,0,0,0,0,0,0,0,0
777,5,4836f3002aa2c43b,1.872783,0.0,0,13929,1,0,0,0,0,0,0,0,0,0,0,0,0,0
778,5,94fd34594f25ef4c,2.450606,0.0,0,14116,2,1,0,0,0,0,0,0,0,0,0,0,0,0
779,5,61fdc813a35b7e5c,1.84289,0.0,0,14022,1,1,0,0,0,0,0,0,0,0,0,0,0,0
780,5,c1ff7d5e27979afc,1.384495,0.0,0,14004,1,1,0,0,0,0,0,0,0,0,0,0,0,0
781,5,4c4b32e1dd2dac14,1.040119,0.0,0,14025,1,1,0,0,0,0,0,0,0,0,0,0,0,0
782,5,18e97e0f39a9ecb7,1.825056,0.0,0,13933,1,0,0,0,0,0,0,0,0,0,0,0,0,0
783,5,fa991d1920f7a129,2.416619,0.0,0,13841,2,1,0,0,0,0,0,0,0,0,0,0,0,0
784,5,51552f91ffd096d2,1.815515,0.0,0,13890,1,1,0,0,0,0,0,0,0,0,0,0,0,0
785,5,26e88b506b571353,2.407582,0.0,0,13890,1,0,0,0,0,0,0,0,0,0,0,0,0,0
786,5,5c18f8f3cb4d4f05,1.810536,0.0,0,13714,1,1,0,0,0,0,0,0,0,0,0,0,0,0
787,5,ab4bf7a80033b35a,1.360188,0.0,0,13848,1,1,0,0,0,0,0,0,0,0,0,0,0,0
788,5,cb3af0200abf5ce2,1.021858,0.0,0,13667,1,1,0,0,0,0,0,0,0,0,0,0,0,0
789,5,267fb9baba69d22d,1.811337,0.0,0,13861,1,0,0,0,0,0,0,0,0,0,0,0,0,0
790,5,c43a99f18d83f6a3,2.406302,0.0,0,13802,2,1,0,0,0,0,0,0,0,0,0,0,0,0
791,5,68fb7de2616ac559,1.807765,0.0,0,13622,1,1,0,0,0,0,0,0,0,0,0,0,0,0
792,5,9ad2d9f6e4498fc7,2.401759,0.0,0,14008,1,0,0,0,0,0,0,0,0,0,0,0,0,0
793,5,4341960f2ac3ab54,1.806157,0.0,0,13663,1,1,0,0,0,0,0,0,0,0,0,0,0,0
794,5,7e3185205c89a13b,1.356898,0.0,0,13928,1,1,0,0,0,0,0,0,0,0,0,0,0,0
795,5,67d7852b54324427,2.06304,0.0,0,13887,1,0,0,0,0,0,0,0,0,0,0,0,0,0
796,5,0b46c0dac7e3156d,1.549885,0.0,0,13611,1,1,0,0,0,0,0,0,0,0,0,0,0,0
797,5,ad0d049e4a8d9442,1.165536,0.0,0,13513,1,1,0,0,0,0,0,0,0,0,0,0,0,0
798,5,48362f2e3d8a12bd,1.919277,0.0,0,13617,1,0,0,0,0,0,0,0,0,0,0,0,0,0
799,5,7061691e5fb9b0ae,1.441881,0.0,0,13576,1,1,0,0,0,0,0,0,0,0,0,0,0,0
800,5,86369afde500d1fe,2.128466,0.0,0,13778,1,0,0,0,0,0,0,0,0,0,0,0,0,0
801,5,9256b7abc0246002,1.599037,0.0,0,13618,1,1,0,0,0,0,0,0,0,0,0,0,0,0
802,5,9b35100af6e009da,1.201296,0.0,0,13657,1,1,0,0,0,0,0,0,0,0,0,0,0,0
803,5,4ec6692b4957dd3d,1.946142,0.0,0,13761,1,0,0,0,0,0,0,0,0,0,0,0,0,0
804,5,541b4b352d28fb23,1.463527,0.0,0,13437,1,1,0,0,0,0,0,0,0,0,0,0,0,0
805,5,f055ea7712d8f37a,1.099493,0.0,0,13689,1,1,0,0,0,0,0,0,0,0,0,0,0,0
806,5,a566ce4c6958414b,2.913315,0.0,0,13695,2,0,0,0,0,0,0,0,0,0,0,0,0,0
807,5,5fc6bcce85b21503,1.146704,0.0,0,13733,0,1,0,0,0,0,0,0,0,0,0,0,0,0
808,5,1473f0b87b198acd,0.861476,0.0,0,13666,1,1,0,0,0,0,0,0,0,0,0,0,0,0
809,5,7fe2f95347754d37,1.690848,0.0,0,13822,1,0,0,0,0,0,0,0,0,0,0,0,0,0
810,5,c80cbc304e74ce25,2.313924,0.0,0,13796,2,1,0,0,0,0,0,0,0,0,0,0,0,0
811,5,fa1702dff13f3223,1.740104,0.0,0,13639,1,1,0,0,0,0,0,0,0,0,0,0,0,0
812,5,3b64daad89c09212,1.307275,0.0,0,13874,1,1,0,0,0,0,0,0,0,0,0,0,0,0
813,5,893902579b0c1285,2.02576,0.0,0,13947,1,0,0,0,0,0,0,0,0,0,0,0,0,0
814,5,49f72ad0976cc5e3,1.523401,0.0,0,13897,1,1,0,0,0,0,0,0,0,0,0,0,0,0
815,5,3fa8483855a42a18,1.144474,0.0,0,13882,1,1,0,0,0,0,0,0,0,0,0,0,0,0
816,5,87923164d21434b4,2.947107,0.0,0,13979,2,0,0,0,0,0,0,0,0,0,0,0,0,0
817,5,bc9a0ace5374cc6a,2.214051,0.0,0,14131,1,1,0,0,0,0,0,0,0,0,0,0,0,0
818,5,34061889b2936fc6,1.664998,0.0,0,14175,1,1,0,0,0,0,0,0,0,0,0,0,0,0
819,5,b72d1814ad9ae2eb,2.294504,0.0,0,15306,1,0,0,0,0,0,0,0,0,0,0,0,0,0
820,5,b2f195b4f323ac12,1.723775,0.0,0,15240,1,1,0,0,0,0,0,0,0,0,0,0,0,0
821,5,173395665988cd20,1.296304,0.0,0,14637,1,1,0,0,0,0,0,0,0,0,0,0,0,0
822,5,8bfa7c35a1484725,3.061171,0.0,0,14938,2,0,0,0,0,0,0,0,0,0,0,0,0,0
823,5,520ac4c136493977,2.299743,0.0,0,14699,1,1,0,0,0,0,0,0,0,0,0,0,0,0
824,5,8b62a6cc196ef011,1.727711,0.0,0,15904,1,1,0,0,0,0,0,0,0,0,0,0,0,0
825,5,be1f8b73a7428a12,2.343414,0.0,0,15756,2,1,0,0,0,0,0,0,0,0,0,0,0,0
826,5,8e14c5dae55bea73,1.760519,0.0,0,15527,1,1,0,0,0,0,0,0,0,0,0,0,0,0
827,5,de5e960a49572553,2.366266,0.0,0,15299,1,0,0,0,0,0,0,0,0,0,0,0,0,0
828,5,742291f5d2e85757,1.779466,0.0,0,15140,1,1,0,0,0,0,0,0,0,0,0,0,0,0
829,5,abacdd99101f73f7,2.380499,0.0,0,14948,2,1,0,0,0,0,0,0,0,0,0,0,0,0
830,5,62bec65dfaff8aa6,2.832033,0.0,0,15760,1,0,0,0,0,0,0,0,0,0,0,0,0,0
831,5,b12701e5e4ef1522,2.127601,0.0,0,15400,1,1,0,0,0,0,0,0,0,0,0,0,0,0
832,5,36cffb38efd66357,1.599986,0.0,0,15299,1,1,0,0,0,0,0,0,0,0,0,0,0,0
833,5,d5f963d2a62f535b,3.289317,0.0,0,15370,2,0,0,0,0,0,0,0,0,0,0,0,0,0
834,5,999f9232fdb20cc2,2.471141,0.0,0,15284,1,1,0,0,0,0,0,0,0,0,0,0,0,0
835,5,e69a77f68ff5bcd3,1.858333,0.0,0,15201,1,1,0,0,0,0,0,0,0,0,0,0,0,0
836,5,a609558abf493445,2.439749,0.0,0,14317,1,0,0,0,0,0,0,0,0,0,0,0,0,0
837,5,5fb516e11c5d3006,1.832893,0.0,0,13835,1,1,0,0,0,0,0,0,0,0,0,0,0,0
838,5,e846b9c95637abd0,3.46429,0.0,0,13860,2,0,0,0,0,0,0,0,0,0,0,0,0,0
839,5,e01c701a542aaabf,2.605196,0.0,0,13944,1,1,0,0,0,0,0,0,0,0,0,0,0,0
840,5,8da896ba095cf718,3.00084,0.0,0,14155,1,0,0,0,0,0,0,0,0,0,0,0,0,0
841,5,a4aa80f01dbcf57e,2.254419,0.0,0,13939,1,1,0,0,0,0,0,0,0,0,0,0,0,0
842,5,4204a14ff005f57c,1.695355,0.0,0,13751,1,1,0,0,0,0,0,0,0,0,0,0,0,0
843,5,1304a12128dfed9c,2.31731,0.0,0,13963,1,0,0,0,0,0,0,0,0,0,0,0,0,0
844,5,c3bf5a778df0f6a4,1.740908,0.0,0,13715,1,1,0,0,0,0,0,0,0,0,0,0,0,0
845,5,a503ddd0922cf308,1.307879,0.0,0,13758,1,1,0,0,0,0,0,0,0,0,0,0,0,0
846,5,1758627ae472df10,2.027694,0.0,0,13739,1,0,0,0,0,0,0,0,0,0,0,0,0,0
847,5,615937571a4b95eb,1.523331,0.0,0,13792,1,1,0,0,0,0,0,0,0,0,0,0,0,0
848,5,fc46f3d789b7dca1,1.144422,0.0,0,13685,1,1,0,0,0,0,0,0,0,0,0,0,0,0
849,5,728add543d2036c0,0.860621,0.0,0,13981,1,1,0,0,0,0,0,0,0,0,0,0,0,0
850,5,1fa2654537ffc663,1.690206,0.0,0,13867,1,0,0,0,0,0,0,0,0,0,0,0,0,0
851,5,31f41367f84e4a32,1.269789,0.0,0,13859,1,1,0,0,0,0,0,0,0,0,0,0,0,0
852,5,d68ef22add6732dd,0.953945,0.0,0,13834,1,1,0,0,0,0,0,0,0,0,0,0,0,0
853,5,433dc78389c8d469,0.71738,0.0,0,13801,1,1,0,0,0,0,0,0,0,0,0,0,0,0
854,5,a5032fb42c2bd135,1.582594,0.0,0,13825,1,0,0,0,0,0,0,0,0,0,0,0,0,0
855,5,ccc892e66441c2e5,1.188944,0.0,0,14055,1,1,0,0,0,0,0,0,0,0,0,0,0,0
856,5,a411650f58ad8f2c,0.894103,0.0,0,14013,1,1,0,0,0,0,0,0,0,0,0,0,0,0
857,5,edcc78b2e193937f,1.715359,0.0,0,15215,1,0,0,0,0,0,0,0,0,0,0,0,0,0
858,5,6f0f58d783790561,1.288685,0.0,0,14947,1,1,0,0,0,0,0,0,0,0,0,0,0,0
859,5,e56d1f5b9ebfb994,0.968141,0.0,0,14636,1,1,0,0,0,0,0,0,0,0,0,0,0,0
860,5,674d116cc84d8cab,1.772206,0.0,0,14514,2,1,0,0,0,0,0,0,0,0,0,0,0,0
861,5,76e7708b68e8305c,2.375046,0.0,0,15793,1,0,0,0,0,0,0,0,0,0,0,0,0,0
862,5,27a5642f480aafe9,1.784283,0.0,0,15561,1,1,0,0,0,0,0,0,0,0,0,0,0,0
863,5,563f489a3f237417,1.341806,0.0,0,15478,1,1,0,0,0,0,0,0,0,0,0,0,0,0
864,5,cef65d2c5ec0bdec,1.008049,0.0,0,15196,1,1,0,0,0,0,0,0,0,0,0,0,0,0
865,5,a0becf8c7735f6c6,0.757309,0.0,0,15204,1,1,0,0,0,0,0,0,0,0,0,0,0,0
866,5,8547788618b623a5,0.568938,0.0,0,15169,1,1,0,0,0,0,0,0,0,0,0,0,0,0
867,5,869e8566e3d1d02e,1.472,0.0,0,14947,2,1,0,0,0,0,0,0,0,0,0,0,0,0
868,5,e1c0ef6a7f6ec539,1.105859,0.0,0,14794,1,1,0,0,0,0,0,0,0,0,0,0,0,0
869,5,e92eb15c5fdf3398,1.874444,0.0,0,14734,1,0,0,0,0,0,0,0,0,0,0,0,0,0
870,5,4ccc163945dcd643,1.409608,0.0,0,14691,1,1,0,0,0,0,0,0,0,0,0,0,0,0
871,5,b081d829f54b7340,1.058986,0.0,0,14759,1,1,0,0,0,0,0,0,0,0,0,0,0,0
872,5,2c3b0022cf066182,0.795577,0.0,0,14818,1,1,0,0,0,0,0,0,0,0,0,0,0,0
873,5,58e1e67177ccd444,0.597687,0.0,0,14233,1,1,0,0,0,0,0,0,0,0,0,0,0,0
874,5,2db9bdfd49c2932f,2.53777,0.0,0,13945,2,0,0,0,0,0,0,0,0,0,0,0,0,0
875,5,f28e5fccf6edf436,1.906532,0.0,0,14044,1,1,0,0,0,0,0,0,0,0,0,0,0,0
876,5,8b440919f83fe385,1.432306,0.0,0,14047,1,1,0,0,0,0,0,0,0,0,0,0,0,0
877,5,f8c0570cdc4e6455,1.077115,0.0,0,13998,1,1,0,0,0,0,0,0,0,0,0,0,0,0
878,5,65a5929090dee542,1.852849,0.0,0,14119,1,0,0,0,0,0,0,0,0,0,0,0,0,0
879,5,0c5438b93e7b1ee1,2.43563,0.0,0,14009,2,1,0,0,0,0,0,0,0,0,0,0,0,0
880,5,6130322bda0de5f0,2.873451,0.0,0,14036,1,0,0,0,0,0,0,0,0,0,0,0,0,0
881,5,de2463bb61781049,2.160876,0.0,0,14023,1,1,0,0,0,0,0,0,0,0,0,0,0,0
882,5,c912f3386f4213f0,1.623385,0.0,0,14166,1,1,0,0,0,0,0,0,0,0,0,0,0,0
883,5,ee4fb6a02ecc6f6e,2.263242,0.0,0,14130,1,0,0,0,0,0,0,0,0,0,0,0,0,0
884,5,c8279efd2de82bfe,1.70199,0.0,0,14174,1,1,0,0,0,0,0,0,0,0,0,0,0,0
885,5,82efaaf069a73ea3,1.278642,0.0,0,14245,1,1,0,0,0,0,0,0,0,0,0,0,0,0
886,5,6ced0f40ca029ea6,2.004249,0.0,0,14262,1,0,0,0,0,0,0,0,0,0,0,0,0,0
887,5,0416aa9d467eb9d0,2.549371,0.0,0,14286,2,1,0,0,0,0,0,0,0,0,0,0,0,0
888,5,176c11f3001cc29c,1.917163,0.0,0,14239,1,1,0,0,0,0,0,0,0,0,0,0,0,0
889,5,7cc365c75e08c8bf,1.440293,0.0,0,14244,1,1,0,0,0,0,0,0,0,0,0,0,0,0
890,5,7c66b6b4cc9f5b34,2.125692,0.0,0,14175,1,0,0,0,0,0,0,0,0,0,0,0,0,0
891,5,b5dfdefe9d4a1764,1.59855,0.0,0,13894,1,1,0,0,0,0,0,0,0,0,0,0,0,0
892,5,8706354fe2cb6e3b,1.200931,0.0,0,14172,1,1,0,0,0,0,0,0,0,0,0,0,0,0
893,5,763e335921caecc8,1.945868,0.0,0,14147,1,0,0,0,0,0,0,0,0,0,0,0,0,0
894,5,57639d9454e4a2c3,1.461858,0.0,0,14194,1,1,0,0,0,0,0,0,0,0,0,0,0,0
895,5,71957c5c5719dccd,1.099338,0.0,0,14008,1,1,0,0,0,0,0,0,0,0,0,0,0,0
896,5,e9d62055453f4261,0.825892,0.0,0,14038,1,1,0,0,0,0,0,0,0,0,0,0,0,0
897,5,9de2189b61ab2501,0.620461,0.0,0,14090,1,1,0,0,0,0,0,0,0,0,0,0,0,0
898,5,4de43914d14954be,0.466596,0.0,0,13946,1,1,0,0,0,0,0,0,0,0,0,0,0,0
899,5,fccefa508074d1e5,2.437843,0.0,0,14030,2,0,0,0,0,0,0,0,0,0,0,0,0,0
900,5,a8ec08ff103aebee,1.83146,0.0,0,13793,1,1,0,0,0,0,0,0,0,0,0,0,0,0
901,5,97f494d4e55403f9,1.375908,0.0,0,13811,1,1,0,0,0,0,0,0,0,0,0,0,0,0
902,5,bb9f2cb6cd99a4fe,1.034702,0.0,0,13817,1,1,0,0,0,0,0,0,0,0,0,0,0,0
903,5,55ce4e7a6db4a056,0.777333,0.0,0,13787,1,1,0,0,0,0,0,0,0,0,0,0,0,0
904,5,590f28e7fa603110,1.627635,0.0,0,13846,2,1,0,0,0,0,0,0,0,0,0,0,0,0
905,5,3ee88975b1af0aab,1.224004,0.0,0,14110,1,1,0,0,0,0,0,0,0,0,0,0,0,0
906,5,5c5b43cd39c1a20c,1.963202,0.0,0,14096,1,0,0,0,0,0,0,0,0,0,0,0,0,0
907,5,95ba8a4a86a85160,1.47488,0.0,0,13909,1,1,0,0,0,0,0,0,0,0,0,0,0,0
908,5,5725b7487ce6fd24,1.108022,0.0,0,14062,1,1,0,0,0,0,0,0,0,0,0,0,0,0
909,5,fca62a72440e8ceb,0.833249,0.0,0,13944,1,1,0,0,0,0,0,0,0,0,0,0,0,0
910,5,1d1f77fd4ec4fb89,2.713295,0.0,0,13750,2,0,0,0,0,0,0,0,0,0,0,0,0,0
911,5,d84da7da76c11a41,2.038397,0.0,0,14061,1,1,0,0,0,0,0,0,0,0,0,0,0,0
912,5,1f0ebffd114a8668,1.532904,0.0,0,13951,1,1,0,0,0,0,0,0,0,0,0,0,0,0
913,5,4e4cd45d72f4f4c9,1.151613,0.0,0,14105,1,1,0,0,0,0,0,0,0,0,0,0,0,0
914,5,87148251e31c0853,1.908817,0.0,0,14385,1,0,0,0,0,0,0,0,0,0,0,0,0,0
915,5,4899f999e8feaada,1.434023,0.0,0,14462,1,1,0,0,0,0,0,0,0,0,0,0,0,0
916,5,a80fec5b39601211,1.078406,0.0,0,14438,1,1,0,0,0,0,0,0,0,0,0,0,0,0
917,5,3640ba8a22d7961b,1.853819,0.0,0,15526,1,0,0,0,0,0,0,0,0,0,0,0,0,0
918,5,424c105bc9eea6d9,1.392705,0.0,0,15003,1,1,0,0,0,0,0,0,0,0,0,0,0,0
919,5,5ecec063ee308d59,1.047334,0.0,0,15134,1,1,0,0,0,0,0,0,0,0,0,0,0,0
920,5,c3d11587adb0ca69,0.786823,0.0,0,15949,1,1,0,0,0,0,0,0,0,0,0,0,0,0
921,5,8e8c2e20e9d23ede,0.591111,0.0,0,15848,1,1,0,0,0,0,0,0,0,0,0,0,0,0
922,5,3b437c040aff1222,1.487733,0.0,0,15248,1,0,0,0,0,0,0,0,0,0,0,0,0,0
923,5,ad2b2ccd474fda36,2.162947,0.0,0,15652,2,1,0,0,0,0,0,0,0,0,0,0,0,0
924,5,b8f4621dfe986232,1.624941,0.0,0,15378,1,1,0,0,0,0,0,0,0,0,0,0,0,0
925,5,167458074a5f6127,2.264411,0.0,0,15338,1,0,0,0,0,0,0,0,0,0,0,0,0,0
926,5,c8276cc39e9a2c73,1.702869,0.0,0,15988,1,1,0,0,0,0,0,0,0,0,0,0,0,0
927,5,3c06a1ac1a344770,2.322955,0.0,0,16278,2,1,0,0,0,0,0,0,0,0,0,0,0,0
928,5,3da7fbd2d71d0b34,2.788803,0.0,0,17211,1,0,0,0,0,0,0,0,0,0,0,0,0,0
929,5,1fe1784dcd2dd167,2.095123,0.0,0,17431,1,1,0,0,0,0,0,0,0,0,0,0,0,0
930,5,40280724ea75740e,2.619713,0.0,0,17417,2,1,0,0,0,0,0,0,0,0,0,0,0,0
931,5,e5e4c0bec10af6f4,1.968093,0.0,0,17348,1,1,0,0,0,0,0,0,0,0,0,0,0,0
932,5,217ce25e09eda23c,1.478554,0.0,0,17047,1,1,0,0,0,0,0,0,0,0,0,0,0,0
933,5,8bbcfe26e7ee6680,1.111894,0.0,0,16754,1,1,0,0,0,0,0,0,0,0,0,0,0,0
934,5,bee3b653c30a369d,1.878978,0.0,0,16702,2,1,0,0,0,0,0,0,0,0,0,0,0,0
935,5,1bcd2daf93b295d9,2.455259,0.0,0,16218,1,0,0,0,0,0,0,0,0,0,0,0,0,0
936,5,0e859da3fb3a9465,1.844544,0.0,0,16262,1,1,0,0,0,0,0,0,0,0,0,0,0,0
937,5,4e091ae05afe6f62,1.387124,0.0,0,15909,1,1,0,0,0,0,0,0,0,0,0,0,0,0
938,5,20cd85224633e4cf,2.085747,0.0,0,15783,2,1,0,0,0,0,0,0,0,0,0,0,0,0
939,6,1fd48474a6be9a50,1.566944,0.0,0,15052,1,1,0,0,0,0,0,0,0,0,0,0,0,0
940,6,40ab05863d40ab6a,1.178364,0.0,0,13947,1,1,0,0,0,0,0,0,0,0,0,0,0,0
941,6,9fa3e60e300cac94,0.885261,0.0,0,14142,1,1,0,0,0,0,0,0,0,0,0,0,0,0
942,6,9522afc9eb92ebd2,1.708717,0.0,0,14155,1,0,0,0,0,0,0,0,0,0,0,0,0,0
943,6,0fba0eaa5e567fe1,1.283695,0.0,0,14001,1,1,0,0,0,0,0,0,0,0,0,0,0,0
944,6,8f9f8c22e25048df,0.965357,0.0,0,13891,1,1,0,0,0,0,0,0,0,0,0,0,0,0
945,6,025aca0c2fc547cd,1.76889,0.0,0,13954,1,0,0,0,0,0,0,0,0,0,0,0,0,0
946,6,ea7305c3d0c4eb0e,1.328901,0.0,0,13960,1,1,0,0,0,0,0,0,0,0,0,0,0,0
947,6,b3bc2710b036c5b2,0.999352,0.0,0,13945,1,1,0,0,0,0,0,0,0,0,0,0,0,0
948,6,3c254a4fca255c07,0.750776,0.0,0,14015,1,1,0,0,0,0,0,0,0,0,0,0,0,0
949,6,7fb0256f65ce4ff6,0.56403,0.0,0,14088,1,1,0,0,0,0,0,0,0,0,0,0,0,0
950,6,a69e89495c03d18a,1.467388,0.0,0,13992,1,0,0,0,0,0,0,0,0,0,0,0,0,0
951,6,ba87dd4319678e85,1.103497,0.0,0,13918,1,1,0,0,0,0,0,0,0,0,0,0,0,0
952,6,3e895dd2e76d3ae9,0.829016,0.0,0,13896,1,1,0,0,0,0,0,0,0,0,0,0,0,0
953,6,5bfa9aaebee05047,1.666462,0.0,0,13913,1,0,0,0,0,0,0,0,0,0,0,0,0,0
954,6,ca3938afd42b6b51,1.253203,0.0,0,13933,1,1,0,0,0,0,0,0,0,0,0,0,0,0
955,6,3840b1179d01d5ca,0.941485,0.0,0,14079,1,1,0,0,0,0,0,0,0,0,0,0,0,0
956,6,3ad00a257add4750,1.750956,0.0,0,13977,2,1,0,0,0,0,0,0,0,0,0,0,0,0
957,6,715e21df0f1ac6b8,2.359081,0.0,0,14049,1,0,0,0,0,0,0,0,0,0,0,0,0,0
958,6,ab882b57d80326bc,1.774062,0.0,0,13796,1,1,0,0,0,0,0,0,0,0,0,0,0,0
959,6,de121b1615b372cf,1.332787,0.0,0,14047,1,1,0,0,0,0,0,0,0,0,0,0,0,0
960,6,58b8431551715724,1.001273,0.0,0,14061,1,1,0,0,0,0,0,0,0,0,0,0,0,0
961,6,23e17bd6c1c20f85,1.797122,0.0,0,13791,1,0,0,0,0,0,0,0,0,0,0,0,0,0
962,6,6c8b0d01b8cfd1ce,1.350111,0.0,0,14098,1,1,0,0,0,0,0,0,0,0,0,0,0,0
963,6,2551e34755c8a168,1.014288,0.0,0,14015,1,1,0,0,0,0,0,0,0,0,0,0,0,0
964,6,8c235a0ae63b488b,1.80565,0.0,0,13811,2,1,0,0,0,0,0,0,0,0,0,0,0,0
965,6,2bce3cabc81dd490,2.402025,0.0,0,14179,1,0,0,0,0,0,0,0,0,0,0,0,0,0
966,6,308bd744ed8c33ff,1.804551,0.0,0,14013,1,1,0,0,0,0,0,0,0,0,0,0,0,0
967,6,51952867e827cf95,1.355692,0.0,0,13909,1,1,0,0,0,0,0,0,0,0,0,0,0,0
968,6,443f5748c5da71ed,2.06365,0.0,0,13902,2,1,0,0,0,0,0,0,0,0,0,0,0,0
969,6,30f0b4f090c40f84,2.593997,0.0,0,13945,1,0,0,0,0,0,0,0,0,0,0,0,0,0
970,6,1d09943f7d6afd36,1.948773,0.0,0,13962,1,1,0,0,0,0,0,0,0,0,0,0,0,0
971,6,38015449e0d5de60,1.46404,0.0,0,14039,1,1,0,0,0,0,0,0,0,0,0,0,0,0
972,6,7677b7c8ff211365,2.14513,0.0,0,13865,1,0,0,0,0,0,0,0,0,0,0,0,0,0
973,6,68b854b05876c65a,1.611556,0.0,0,14006,1,1,0,0,0,0,0,0,0,0,0,0,0,0
974,6,f55bb8af336b89d3,1.210701,0.0,0,13939,1,1,0,0,0,0,0,0,0,0,0,0,0,0
975,6,2286890aaf126ddc,1.954615,0.0,0,13789,1,0,0,0,0,0,0,0,0,0,0,0,0,0
976,6,c93e1c3c6e2fa7fc,2.512083,0.0,0,13917,2,1,0,0,0,0,0,0,0,0,0,0,0,0
977,6,bd2bf9f62f4a9287,1.887234,0.0,0,13877,1,1,0,0,0,0,0,0,0,0,0,0,0,0
978,6,13b36e5ecd07fe80,2.461462,0.0,0,13925,1,0,0,0,0,0,0,0,0,0,0,0,0,0
979,6,8eb6d70896fa65fb,1.851054,0.0,0,13820,1,1,0,0,0,0,0,0,0,0,0,0,0,0
980,6,a432763ba202471b,1.390628,0.0,0,14072,1,1,0,0,0,0,0,0,0,0,0,0,0,0
981,6,bd54a2eb1d68d3f6,2.08838,0.0,0,13984,1,0,0,0,0,0,0,0,0,0,0,0,0,0
982,6,74a866444eca1ed2,1.570492,0.0,0,13738,1,1,0,0,0,0,0,0,0,0,0,0,0,0
983,6,c0e1ddf7125b2dcc,3.267158,0.0,0,13805,2,0,0,0,0,0,0,0,0,0,0,0,0,0
984,6,5ed4277bc55f194a,2.454494,0.0,0,13372,1,1,0,0,0,0,0,0,0,0,0,0,0,0
985,6,88386df31bdf01b7,1.84397,0.0,0,13687,1,1,0,0,0,0,0,0,0,0,0,0,0,0
986,6,1afd893aa326c281,2.430842,0.0,0,13861,1,0,0,0,0,0,0,0,0,0,0,0,0,0
987,6,64a5ae986fded4b3,1.826201,0.0,0,13707,1,1,0,0,0,0,0,0,0,0,0,0,0,0
988,6,f5cb235201830819,1.371956,0.0,0,13966,1,1,0,0,0,0,0,0,0,0,0,0,0,0
989,6,3d71febe8792bdf6,2.075881,0.0,0,13647,1,0,0,0,0,0,0,0,0,0,0,0,0,0
990,6,661ed08892f72ec5,1.559532,0.0,0,13813,1,1,0,0,0,0,0,0,0,0,0,0,0,0
991,6,f4c67b84efa7888e,1.171618,0.0,0,13798,1,1,0,0,0,0,0,0,0,0,0,0,0,0
992,6,86a6acd59cd04bbe,0.880193,0.0,0,13800,1,1,0,0,0,0,0,0,0,0,0,0,0,0
993,6,82d05ef8d17442e3,1.706068,0.0,0,13982,2,1,0,0,0,0,0,0,0,0,0,0,0,0
994,6,c6d7a0309fd53471,2.325359,0.0,0,13762,1,0,0,0,0,0,0,0,0,0,0,0,0,0
995,6,56747215f856c564,1.746955,0.0,0,13809,1,1,0,0,0,0,0,0,0,0,0,0,0,0
996,6,cac5e75c2da1e471,2.357886,0.0,0,13796,1,0,0,0,0,0,0,0,0,0,0,0,0,0
997,6,c5e2187f17182c94,1.771391,0.0,0,14484,1,1,0,0,0,0,0,0,0,0,0,0,0,0
998,6,35260cd259084717,1.33078,0.0,0,14304,1,1,0,0,0,0,0,0,0,0,0,0,0,0
999,6,434eda24f141e352,3.087072,0.0,0,15083,2,0,0,0,0,0,0,0,0,0,0,0,0,0
1000,6,afa20bb40f43cb3d,2.321522,0.0,0,15171,1,1,0,0,0,0,0,0,0,0,0,0,0,0
1001,6,2dae86e8dd283692,1.744073,0.0,0,14929,1,1,0,0,0,0,0,0,0,0,0,0,0,0
1002,6,ebed51433251143a,1.310257,0.0,0,15161,1,1,0,0,0,0,0,0,0,0,0,0,0,0
1003,6,ab0222ee96863329,3.073633,0.0,0,14855,2,0,0,0,0,0,0,0,0,0,0,0,0,0
1004,6,abd65e30501e2caa,2.309105,0.0,0,15084,1,1,0,0,0,0,0,0,0,0,0,0,0,0
1005,6,2245e81fef6ab007,1.734745,0.0,0,15614,1,1,0,0,0,0,0,0,0,0,0,0,0,0
1006,6,312de359f1985b85,2.346902,0.0,0,15397,2,1,0,0,0,0,0,0,0,0,0,0,0,0
1007,6,01d1b1c3e51d5caa,2.809054,0.0,0,15242,1,0,0,0,0,0,0,0,0,0,0,0,0,0
1008,6,994caa02d4d14782,3.153991,0.0,0,15238,2,1,0,0,0,0,0,0,0,0,0,0,0,0
1009,6,67c91a93f99ee3a7,2.369475,0.0,0,15255,1,1,0,0,0,0,0,0,0,0,0,0,0,0
1010,6,b971c1c5d9ea77bc,1.781879,0.0,0,15495,1,1,0,0,0,0,0,0,0,0,0,0,0,0
1011,6,f84c8e70b54dd5d7,2.382313,0.0,0,14158,2,1,0,0,0,0,0,0,0,0,0,0,0,0
1012,6,9ba80387c2769e20,2.833396,0.0,0,13711,1,0,0,0,0,0,0,0,0,0,0,0,0,0
1013,6,51dec607a199414e,2.128624,0.0,0,13854,1,1,0,0,0,0,0,0,0,0,0,0,0,0
1014,6,f3ae11fddb3da61f,2.644906,0.0,0,13883,1,0,0,0,0,0,0,0,0,0,0,0,0,0
1015,6,f73306305bea2918,1.987019,0.0,0,13858,1,1,0,0,0,0,0,0,0,0,0,0,0,0
1016,6,8de262a4710eb3c3,2.536427,0.0,0,13971,2,1,0,0,0,0,0,0,0,0,0,0,0,0
1017,6,40ba3edf3f2086b6,1.907429,0.0,0,13899,1,1,0,0,0,0,0,0,0,0,0,0,0,0
1018,6,5dd82791ce91cfa4,2.476633,0.0,0,14030,1,0,0,0,0,0,0,0,0,0,0,0,0,0
1019,6,d362e64e32e49a41,1.860602,0.0,0,13886,1,1,0,0,0,0,0,0,0,0,0,0,0,0
1020,6,bd6e9446dbfd67b1,1.397801,0.0,0,14100,1,1,0,0,0,0,0,0,0,0,0,0,0,0
1021,6,45f43a1c30b0eb0f,2.095317,0.0,0,13894,1,0,0,0,0,0,0,0,0,0,0,0,0,0
1022,6,7f177533b89dcc3e,1.574133,0.0,0,13815,1,1,0,0,0,0,0,0,0,0,0,0,0,0
1023,6,daa093be7900d24c,2.226241,0.0,0,13864,1,0,0,0,0,0,0,0,0,0,0,0,0,0
1024,6,4d57cc92db29d4cc,2.718315,0.0,0,13895,2,1,0,0,0,0,0,0,0,0,0,0,0,0
1025,6,a7caf4e2e12535d6,2.042169,0.0,0,13823,1,1,0,0,0,0,0,0,0,0,0,0,0,0
1026,6,9f31e68db0d0c076,2.577858,0.0,0,13946,1,0,0,0,0,0,0,0,0,0,0,0,0,0
1027,6,54b14a654deecdb4,1.936649,0.0,0,13828,1,1,0,0,0,0,0,0,0,0,0,0,0,0
1028,6,b9ae912b68304e5d,2.500538,0.0,0,14698,1,0,0,0,0,0,0,0,0,0,0,0,0,0
1029,6,735914d9725ea276,1.878561,0.0,0,14671,1,1,0,0,0,0,0,0,0,0,0,0,0,0
1030,6,3984d39d53d71b92,1.411292,0.0,0,14193,1,1,0,0,0,0,0,0,0,0,0,0,0,0
1031,6,5435618f3692f8dd,2.105462,0.0,0,15855,1,0,0,0,0,0,0,0,0,0,0,0,0,0
1032,6,72aa83fa616e4fa3,1.581755,0.0,0,15952,1,1,0,0,0,0,0,0,0,0,0,0,0,0
1033,6,e3f6f8525d79b768,1.188314,0.0,0,15606,1,1,0,0,0,0,0,0,0,0,0,0,0,0
1034,6,404993a9663217b8,1.936389,0.0,0,15480,1,0,0,0,0,0,0,0,0,0,0,0,0,0
1035,6,10729788e5f09e33,1.456192,0.0,0,15373,1,1,0,0,0,0,0,0,0,0,0,0,0,0
1036,6,4a969379916bc28f,1.093983,0.0,0,15309,1,1,0,0,0,0,0,0,0,0,0,0,0,0
1037,6,f60721557705008a,1.865522,0.0,0,15515,2,1,0,0,0,0,0,0,0,0,0,0,0,0
1038,6,5b9e5f57fa65c1ee,1.402899,0.0,0,15255,1,1,0,0,0,0,0,0,0,0,0,0,0,0
1039,6,38ca2495de5f8cf4,1.053945,0.0,0,15077,1,1,0,0,0,0,0,0,0,0,0,0,0,0
1040,6,b398c7a84a687e69,0.79179,0.0,0,14872,1,1,0,0,0,0,0,0,0,0,0,0,0,0
1041,6,1af5f05f1c485ede,0.594842,0.0,0,14854,1,1,0,0,0,0,0,0,0,0,0,0,0,0
1042,6,4eb80c46d3093d40,1.49148,0.0,0,14457,1,0,0,0,0,0,0,0,0,0,0,0,0,0
1043,6,2f10c2084781b6ff,1.120493,0.0,0,14031,1,1,0,0,0,0,0,0,0,0,0,0,0,0
1044,6,2951f5c73ea875e2,1.885438,0.0,0,13583,2,1,0,0,0,0,0,0,0,0,0,0,0,0
1045,6,2a32c095200ebeb8,1.417876,0.0,0,13879,1,1,0,0,0,0,0,0,0,0,0,0,0,0
1046,6,badd259e4c232b61,2.108851,0.0,0,13763,1,0,0,0,0,0,0,0,0,0,0,0,0,0
1047,6,1041046f3f94b1b3,1.584301,0.0,0,13764,1,1,0,0,0,0,0,0,0,0,0,0,0,0
1048,6,bd1fa364eb7efc08,1.190226,0.0,0,13861,1,1,0,0,0,0,0,0,0,0,0,0,0,0
1049,6,29ca9ad14e5873a4,1.939217,0.0,0,13664,1,0,0,0,0,0,0,0,0,0,0,0,0,0
1050,6,2b182e81e06be681,1.456862,0.0,0,13696,1,1,0,0,0,0,0,0,0,0,0,0,0,0
1051,6,c31699c61b117301,1.094486,0.0,0,13934,1,1,0,0,0,0,0,0,0,0,0,0,0,0
1052,6,435f18a261278526,2.91137,0.0,0,13851,2,0,0,0,0,0,0,0,0,0,0,0,0,0
1053,6,47ff9afb5d743a3c,2.187203,0.0,0,13770,1,1,0,0,0,0,0,0,0,0,0,0,0,0
1054,6,ac524477d1bc3d38,1.643164,0.0,0,14026,1,1,0,0,0,0,0,0,0,0,0,0,0,0
1055,6,2459b4a9cb84e842,1.234448,0.0,0,13771,1,1,0,0,0,0,0,0,0,0,0,0,0,0
1056,6,a43f9ce2eec22c4f,1.972473,0.0,0,13841,1,0,0,0,0,0,0,0,0,0,0,0,0,0
1057,6,2f6e064816018c96,1.481845,0.0,0,13993,1,1,0,0,0,0,0,0,0,0,0,0,0,0
1058,6,f040fb7bbd530035,1.113255,0.0,0,14064,1,1,0,0,0,0,0,0,0,0,0,0,0,0
1059,6,db355d0e6d339436,1.881334,0.0,0,13724,2,1,0,0,0,0,0,0,0,0,0,0,0,0
1060,6,08bd6811ff5c3846,2.457029,0.0,0,14133,1,0,0,0,0,0,0,0,0,0,0,0,0,0
1061,6,457ba4fc912a8feb,1.845874,0.0,0,13974,1,1,0,0,0,0,0,0,0,0,0,0,0,0
1062,6,cef6ca2dfae8a690,2.43039,0.0,0,14024,1,0,0,0,0,0,0,0,0,0,0,0,0,0
1063,6,810171290d2254fe,1.827688,0.0,0,13898,1,1,0,0,0,0,0,0,0,0,0,0,0,0
1064,6,ff69be2db44305a9,3.46038,0.0,0,14078,2,0,0,0,0,0,0,0,0,0,0,0,0,0
1065,6,dd249c5d35144e6d,2.599654,0.0,0,14251,1,1,0,0,0,0,0,0,0,0,0,0,0,0
1066,6,596a70ce4e1a796f,1.954977,0.0,0,14000,1,1,0,0,0,0,0,0,0,0,0,0,0,0
1067,6,9f3c9d63f6f2e734,2.512355,0.0,0,14227,1,0,0,0,0,0,0,0,0,0,0,0,0,0
1068,6,00f4dc20a8af2d04,1.887438,0.0,0,14080,1,1,0,0,0,0,0,0,0,0,0,0,0,0
1069,6,8f97db38e624a6dc,1.417962,0.0,0,14072,1,1,0,0,0,0,0,0,0,0,0,0,0,0
1070,6,4e6a545a3fa75848,2.110478,0.0,0,14329,1,0,0,0,0,0,0,0,0,0,0,0,0,0
1071,6,a170bf49da1431a0,1.585523,0.0,0,14415,1,1,0,0,0,0,0,0,0,0,0,0,0,0
1072,6,40c78ea257e75de0,3.278451,0.0,0,14496,2,0,0,0,0,0,0,0,0,0,0,0,0,0
1073,6,e2e02cbaaa77d92a,2.465442,0.0,0,14546,1,1,0,0,0,0,0,0,0,0,0,0,0,0
1074,6,e2aeb682532b866c,1.852194,0.0,0,14307,1,1,0,0,0,0,0,0,0,0,0,0,0,0
1075,6,f0b79e269e3be3f3,1.391484,0.0,0,14333,1,1,0,0,0,0,0,0,0,0,0,0,0,0
1076,6,02ed09464b5558b9,2.089024,0.0,0,14157,1,0,0,0,0,0,0,0,0,0,0,0,0,0
1077,6,0da5058a0f705d5c,1.570975,0.0,0,14143,1,1,0,0,0,0,0,0,0,0,0,0,0,0
1078,6,c97c1c8027de7332,1.180215,0.0,0,14279,1,1,0,0,0,0,0,0,0,0,0,0,0,0
1079,6,08076f3a12a8b2c0,1.930305,0.0,0,14361,1,0,0,0,0,0,0,0,0,0,0,0,0,0
1080,6,5be1d8eaafc1b43b,1.451617,0.0,0,14354,1,1,0,0,0,0,0,0,0,0,0,0,0,0
1081,6,d525f42b63caae50,1.090545,0.0,0,14278,1,1,0,0,0,0,0,0,0,0,0,0,0,0
1082,6,964a36a123b4adbc,0.819286,0.0,0,14428,1,1,0,0,0,0,0,0,0,0,0,0,0,0
1083,6,b1973fa4df9d3762,1.659152,0.0,0,14338,1,0,0,0,0,0,0,0,0,0,0,0,0,0
1084,6,5629f494962eb5fb,1.247706,0.0,0,14242,1,1,0,0,0,0,0,0,0,0,0,0,0,0
1085,6,7e1a0bcfb52a5e7d,1.981008,0.0,0,14381,2,1,0,0,0,0,0,0,0,0,0,0,0,0
1086,6,e6377ce65dae3465,1.488258,0.0,0,14492,1,1,0,0,0,0,0,0,0,0,0,0,0,0
1087,6,b2cd3f4719db3f19,1.119191,0.0,0,14434,1,1,0,0,0,0,0,0,0,0,0,0,0,0
1088,6,c4cf3bd4aaffaace,1.88446,0.0,0,14556,1,0,0,0,0,0,0,0,0,0,0,0,0,0
1089,6,f08c247c4f655611,1.415724,0.0,0,14642,1,1,0,0,0,0,0,0,0,0,0,0,0,0
1090,6,9645b233b7ee5ed8,1.063581,0.0,0,14650,1,1,0,0,0,0,0,0,0,0,0,0,0,0
1091,6,f11ad35494667fbb,1.843978,0.0,0,14617,2,1,0,0,0,0,0,0,0,0,0,0,0,0
1092,6,8e5aa53cf751c496,1.385312,0.0,0,14521,1,1,0,0,0,0,0,0,0,0,0,0,0,0
1093,6,c24e3162dd10b0ad,1.040733,0.0,0,14609,1,1,0,0,0,0,0,0,0,0,0,0,0,0
1094,6,ed923b302433414e,0.782646,0.0,0,14533,1,1,0,0,0,0,0,0,0,0,0,0,0,0
1095,6,c68750cc70fc9a5f,1.631626,0.0,0,14420,1,0,0,0,0,0,0,0,0,0,0,0,0,0
1096,6,8248f78f6da401cc,2.269433,0.0,0,14755,2,1,0,0,0,0,0,0,0,0,0,0,0,0
1097,6,b08e10fe0c0353d1,1.70494,0.0,0,14696,1,1,0,0,0,0,0,0,0,0,0,0,0,0
1098,6,3a55e1f099bf3a41,2.32629,0.0,0,14858,1,0,0,0,0,0,0,0,0,0,0,0,0,0
1099,6,18dd48dc8ff5224b,1.747655,0.0,0,14901,1,1,0,0,0,0,0,0,0,0,0,0,0,0
1100,6,186b352d2db39329,2.356601,0.0,0,14955,2,1,0,0,0,0,0,0,0,0,0,0,0,0
1101,6,814c37ff93de61cd,1.772197,0.0,0,14932,1,1,0,0,0,0,0,0,0,0,0,0,0,0
1102,6,fe5898504efbab47,1.331386,0.0,0,14970,1,1,0,0,0,0,0,0,0,0,0,0,0,0
1103,6,2848bad70d1f485a,2.043874,0.0,0,15282,2,1,0,0,0,0,0,0,0,0,0,0,0,0
1104,6,342cf9fa5029b4a4,2.579139,0.0,0,15127,1,0,0,0,0,0,0,0,0,0,0,0,0,0
1105,6,4bb161ad0e7eb39a,1.939549,0.0,0,15150,1,1,0,0,0,0,0,0,0,0,0,0,0,0
1106,6,5c826f675116e881,1.457111,0.0,0,15324,1,1,0,0,0,0,0,0,0,0,0,0,0,0
1107,6,904e847803f77cf7,2.138326,0.0,0,15494,2,1,0,0,0,0,0,0,0,0,0,0,0,0
1108,6,277275d31ca7b8c9,2.652202,0.0,0,15234,1,0,0,0,0,0,0,0,0,0,0,0,0,0
1109,6,458e847030017807,1.992501,0.0,0,15453,1,1,0,0,0,0,0,0,0,0,0,0,0,0
1110,6,d875475b86c5f5bf,2.540545,0.0,0,15464,2,1,0,0,0,0,0,0,0,0,0,0,0,0
1111,6,c1a16e060b84be84,2.952269,0.0,0,15376,1,0,0,0,0,0,0,0,0,0,0,0,0,0
1112,6,83731a07ce145d84,2.220149,0.0,0,15480,1,1,0,0,0,0,0,0,0,0,0,0,0,0
1113,6,6ed6a5ecc47491c9,1.667915,0.0,0,15599,1,1,0,0,0,0,0,0,0,0,0,0,0,0
1114,6,5beff155e445f316,2.296695,0.0,0,15686,1,0,0,0,0,0,0,0,0,0,0,0,0,0
1115,6,83e7cb654e121f17,2.771298,0.0,0,15819,2,1,0,0,0,0,0,0,0,0,0,0,0,0
1116,6,f2668bda8a9e8bfb,2.081973,0.0,0,15652,1,1,0,0,0,0,0,0,0,0,0,0,0,0
1117,6,bf162683746b580a,2.607762,0.0,0,15990,1,0,0,0,0,0,0,0,0,0,0,0,0,0
1118,6,3c1f57ab015dcdf4,1.959114,0.0,0,15672,1,1,0,0,0,0,0,0,0,0,0,0,0,0
1119,6,19edbe5f7df56301,2.517432,0.0,0,15678,2,1,0,0,0,0,0,0,0,0,0,0,0,0
1120,6,cfdbc80b436520a6,1.891253,0.0,0,15440,1,1,0,0,0,0,0,0,0,0,0,0,0,0
1121,6,a7977383de76f16a,1.420827,0.0,0,15371,1,1,0,0,0,0,0,0,0,0,0,0,0,0
1122,6,ccab811a69657daa,1.068482,0.0,0,15593,1,1,0,0,0,0,0,0,0,0,0,0,0,0
1123,6,20ffed2c257446f8,1.846364,0.0,0,15704,1,0,0,0,0,0,0,0,0,0,0,0,0,0
1124,6,d5789f599abe53af,1.387104,0.0,0,15513,1,1,0,0,0,0,0,0,0,0,0,0,0,0
1125,6,c81e4387c0bab4b1,1.04208,0.0,0,15567,1,1,0,0,0,0,0,0,0,0,0,0,0,0
1126,6,c36725e28335f3d6,1.827809,0.0,0,15320,2,1,0,0,0,0,0,0,0,0,0,0,0,0
1127,6,daa77536f627e09c,2.416818,0.0,0,15048,1,0,0,0,0,0,0,0,0,0,0,0,0,0
1128,6,4a8c9c42205977f6,1.815665,0.0,0,14999,1,1,0,0,0,0,0,0,0,0,0,0,0,0
1129,6,0b3d5608c10f3a2b,1.365406,0.0,0,15977,1,1,0,0,0,0,0,0,0,0,0,0,0,0
1130,6,6781c700c3a68de8,1.025779,0.0,0,15966,1,1,0,0,0,0,0,0,0,0,0,0,0,0
1131,6,8444e368eda4d70b,0.770629,0.0,0,15853,1,1,0,0,0,0,0,0,0,0,0,0,0,0
1132,6,e0bd4285ecf274d4,2.666252,0.0,0,16838,2,0,0,0,0,0,0,0,0,0,0,0,0,0
1133,6,fcb30063733b2d52,2.005059,0.0,0,16777,1,1,0,0,0,0,0,0,0,0,0,0,0,0
1134,6,d7d7748fce3ca964,1.506326,0.0,0,16595,1,1,0,0,0,0,0,0,0,0,0,0,0,0
1135,6,8270f50154afc804,2.1753,0.0,0,16655,2,1,0,0,0,0,0,0,0,0,0,0,0,0
1136,6,7504c230978469b0,1.635856,0.0,0,16432,1,1,0,0,0,0,0,0,0,0,0,0,0,0
1137,6,1407427719892012,1.228958,0.0,0,16624,1,1,0,0,0,0,0,0,0,0,0,0,0,0
1138,6,15d1464ecf40482f,0.92327,0.0,0,16899,1,1,0,0,0,0,0,0,0,0,0,0,0,0
1139,6,a0646f51c504a85e,1.737272,0.0,0,16835,2,1,0,0,0,0,0,0,0,0,0,0,0,0
1140,7,1fd48474a6be9a50,1.306453,0.0,0,14660,1,1,0,0,0,0,0,0,0,0,0,0,0,0
1141,7,40ab05863d40ab6a,2.025143,0.0,0,14003,1,0,0,0,0,0,0,0,0,0,0,0,0,0
1142,7,9fa3e60e300cac94,1.521414,0.0,0,14254,1,1,0,0,0,0,0,0,0,0,0,0,0,0
1143,7,9522afc9eb92ebd2,1.144125,0.0,0,13934,1,1,0,0,0,0,0,0,0,0,0,0,0,0
1144,7,0fba0eaa5e567fe1,0.859538,0.0,0,14285,1,1,0,0,0,0,0,0,0,0,0,0,0,0
1145,7,8f9f8c22e25048df,1.689392,0.0,0,13843,1,0,0,0,0,0,0,0,0,0,0,0,0,0
1146,7,025aca0c2fc547cd,1.269177,0.0,0,13878,1,1,0,0,0,0,0,0,0,0,0,0,0,0
1147,7,ea7305c3d0c4eb0e,0.954439,0.0,0,13975,1,1,0,0,0,0,0,0,0,0,0,0,0,0
1148,7,b3bc2710b036c5b2,1.760688,0.0,0,14033,1,0,0,0,0,0,0,0,0,0,0,0,0,0
1149,7,3c254a4fca255c07,1.322739,0.0,0,14087,1,1,0,0,0,0,0,0,0,0,0,0,0,0
1150,7,7fb0256f65ce4ff6,2.038869,0.0,0,13854,2,1,0,0,0,0,0,0,0,0,0,0,0,0
1151,7,a69e89495c03d18a,1.531726,0.0,0,14019,1,1,0,0,0,0,0,0,0,0,0,0,0,0
1152,7,ba87dd4319678e85,2.194382,0.0,0,14004,1,0,0,0,0,0,0,0,0,0,0,0,0,0
1153,7,3e895dd2e76d3ae9,1.648557,0.0,0,13973,1,1,0,0,0,0,0,0,0,0,0,0,0,0
1154,7,5bfa9aaebee05047,1.239738,0.0,0,13983,1,1,0,0,0,0,0,0,0,0,0,0,0,0
1155,7,ca3938afd42b6b51,0.931369,0.0,0,13960,1,1,0,0,0,0,0,0,0,0,0,0,0,0
1156,7,3840b1179d01d5ca,1.743356,0.0,0,13988,1,0,0,0,0,0,0,0,0,0,0,0,0,0
1157,7,3ad00a257add4750,1.311029,0.0,0,13972,1,1,0,0,0,0,0,0,0,0,0,0,0,0
1158,7,715e21df0f1ac6b8,0.984927,0.0,0,13971,1,1,0,0,0,0,0,0,0,0,0,0,0,0
1159,7,ab882b57d80326bc,0.739939,0.0,0,14122,1,1,0,0,0,0,0,0,0,0,0,0,0,0
1160,7,de121b1615b372cf,2.643195,0.0,0,13931,2,0,0,0,0,0,0,0,0,0,0,0,0,0
1161,7,58b8431551715724,1.98772,0.0,0,13837,1,1,0,0,0,0,0,0,0,0,0,0,0,0
1162,7,23e17bd6c1c20f85,1.4933,0.0,0,14070,1,1,0,0,0,0,0,0,0,0,0,0,0,0
1163,7,6c8b0d01b8cfd1ce,1.12186,0.0,0,13887,1,1,0,0,0,0,0,0,0,0,0,0,0,0
1164,7,2551e34755c8a168,0.843655,0.0,0,13886,1,1,0,0,0,0,0,0,0,0,0,0,0,0
1165,7,8c235a0ae63b488b,1.67746,0.0,0,13872,1,0,0,0,0,0,0,0,0,0,0,0,0,0
1166,7,2bce3cabc81dd490,1.260213,0.0,0,14179,1,1,0,0,0,0,0,0,0,0,0,0,0,0
1167,7,308bd744ed8c33ff,0.946751,0.0,0,14017,1,1,0,0,0,0,0,0,0,0,0,0,0,0
1168,7,51952867e827cf95,0.71197,0.0,0,14008,1,1,0,0,0,0,0,0,0,0,0,0,0,0
1169,7,443f5748c5da71ed,1.57853,0.0,0,14051,1,0,0,0,0,0,0,0,0,0,0,0,0,0
1170,7,30f0b4f090c40f84,1.18589,0.0,0,14050,1,1,0,0,0,0,0,0,0,0,0,0,0,0
1171,7,1d09943f7d6afd36,0.891807,0.0,0,13935,1,1,0,0,0,0,0,0,0,0,0,0,0,0
1172,7,38015449e0d5de60,1.713634,0.0,0,13848,2,1,0,0,0,0,0,0,0,0,0,0,0,0
1173,7,7eda3c507e379896,1.287389,0.0,0,13814,1,1,0,0,0,0,0,0,0,0,0,0,0,0
1174,7,8ddbb87888b6632c,2.010821,0.0,0,14046,1,0,0,0,0,0,0,0,0,0,0,0,0,0
1175,7,743b899e427a8843,1.512166,0.0,0,13794,1,1,0,0,0,0,0,0,0,0,0,0,0,0
1176,7,0c769c4870421458,2.179687,0.0,0,14017,1,0,0,0,0,0,0,0,0,0,0,0,0,0
1177,7,b3cb3f9c2c374222,2.681171,0.0,0,13875,2,1,0,0,0,0,0,0,0,0,0,0,0,0
1178,7,79d4b14d63ec3f81,2.016279,0.0,0,13931,1,1,0,0,0,0,0,0,0,0,0,0,0,0
1179,7,7941b6f480f70fb1,2.558408,0.0,0,13869,1,0,0,0,0,0,0,0,0,0,0,0,0,0
1180,7,44e2b6a536740bc0,1.922036,0.0,0,13917,1,1,0,0,0,0,0,0,0,0,0,0,0,0
1181,7,419f91ee017e6be2,1.443954,0.0,0,13848,1,1,0,0,0,0,0,0,0,0,0,0,0,0
1182,7,addf75071cc28465,3.174175,0.0,0,13848,2,0,0,0,0,0,0,0,0,0,0,0,0,0
1183,7,b1a3d42f7919f3de,2.384639,0.0,0,13930,1,1,0,0,0,0,0,0,0,0,0,0,0,0
1184,7,68b7d6167824b816,2.835144,0.0,0,13929,1,0,0,0,0,0,0,0,0,0,0,0,0,0
1185,7,8c79014b59051ef7,2.132068,0.0,0,13511,1,1,0,0,0,0,0,0,0,0,0,0,0,0
1186,7,ca8b1a082b684a61,1.601743,0.0,0,13888,1,1,0,0,0,0,0,0,0,0,0,0,0,0
1187,7,2296eb66a8b293da,2.246983,0.0,0,14203,1,0,0,0,0,0,0,0,0,0,0,0,0,0
1188,7,f8a8b4e745128f64,1.688074,0.0,0,14017,1,1,0,0,0,0,0,0,0,0,0,0,0,0
1189,7,6c9a5be37c2c89e3,1.269456,0.0,0,13937,1,1,0,0,0,0,0,0,0,0,0,0,0,0
1190,7,c560fdfc511ca4eb,0.953695,0.0,0,13958,1,1,0,0,0,0,0,0,0,0,0,0,0,0
1191,7,527ec356edf24bac,1.760129,0.0,0,13958,1,0,0,0,0,0,0,0,0,0,0,0,0,0
1192,7,d6a877f49a6f655e,1.323642,0.0,0,13648,1,1,0,0,0,0,0,0,0,0,0,0,0,0
1193,7,2148ac7bb8563403,0.994403,0.0,0,14054,1,1,0,0,0,0,0,0,0,0,0,0,0,0
1194,7,7f99898413223d92,0.747058,0.0,0,14010,1,1,0,0,0,0,0,0,0,0,0,0,0,0
1195,7,f011ba1f6a819228,1.60489,0.0,0,14036,1,0,0,0,0,0,0,0,0,0,0,0,0,0
1196,7,8a2c864ad3d62bc1,1.2069,0.0,0,13972,1,1,0,0,0,0,0,0,0,0,0,0,0,0
1197,7,a4ca81b04e9e6513,1.950352,0.0,0,14029,2,1,0,0,0,0,0,0,0,0,0,0,0,0
1198,7,45c2ab7ee76a401d,1.465227,0.0,0,14186,1,1,0,0,0,0,0,0,0,0,0,0,0,0
1199,7,933fdd5d9b1d53d8,1.101871,0.0,0,14116,1,1,0,0,0,0,0,0,0,0,0,0,0,0
1200,7,24e4572c2abebe5f,1.871448,0.0,0,14109,1,0,0,0,0,0,0,0,0,0,0,0,0,0
1201,7,1591144484c32755,1.405949,0.0,0,13952,1,1,0,0,0,0,0,0,0,0,0,0,0,0
1202,7,b6ecae13168a8da4,1.056237,0.0,0,14081,1,1,0,0,0,0,0,0,0,0,0,0,0,0
1203,7,06951b7dcea6fcfe,1.838456,0.0,0,14051,1,0,0,0,0,0,0,0,0,0,0,0,0,0
1204,7,5fdc5bdc275546b2,1.381163,0.0,0,14229,1,1,0,0,0,0,0,0,0,0,0,0,0,0
1205,7,cd64b140aacfc3e2,1.037616,0.0,0,14074,1,1,0,0,0,0,0,0,0,0,0,0,0,0
1206,7,c9a72c6b06dc794a,1.824453,0.0,0,14133,2,1,0,0,0,0,0,0,0,0,0,0,0,0
1207,7,1d632492d9a5c495,1.370643,0.0,0,14154,1,1,0,0,0,0,0,0,0,0,0,0,0,0
1208,7,29f5024581e49afc,2.073366,0.0,0,14149,1,0,0,0,0,0,0,0,0,0,0,0,0,0
1209,7,a51905093f979b75,1.557643,0.0,0,13976,1,1,0,0,0,0,0,0,0,0,0,0,0,0
1210,7,248acb7fda94dd29,2.21552,0.0,0,14166,2,1,0,0,0,0,0,0,0,0,0,0,0,0
1211,7,8e9743a69f30a5f7,2.708091,0.0,0,13998,1,0,0,0,0,0,0,0,0,0,0,0,0,0
1212,7,a7b49be97d6d5791,2.034487,0.0,0,14173,1,1,0,0,0,0,0,0,0,0,0,0,0,0
1213,7,358efe06964d682b,1.529963,0.0,0,14033,1,1,0,0,0,0,0,0,0,0,0,0,0,0
1214,7,f8ed293189dce49f,2.193058,0.0,0,14014,2,1,0,0,0,0,0,0,0,0,0,0,0,0
1215,7,3ea88c075c2c55a7,2.691216,0.0,0,14196,1,0,0,0,0,0,0,0,0,0,0,0,0,0
1216,7,a3014c5e19c1c1e5,2.02181,0.0,0,14027,1,1,0,0,0,0,0,0,0,0,0,0,0,0
1217,7,3b8fa0a05954e9c4,1.52043,0.0,0,14236,1,1,0,0,0,0,0,0,0,0,0,0,0,0
1218,7,675400b9bee2de8d,1.142242,0.0,0,14356,1,1,0,0,0,0,0,0,0,0,0,0,0,0
1219,7,34dda23036446e6d,2.94543,0.0,0,14260,2,0,0,0,0,0,0,0,0,0,0,0,0,0
1220,7,41edaf51d8d6af52,2.215006,0.0,0,14254,1,1,0,0,0,0,0,0,0,0,0,0,0,0
1221,7,b0786f017685b7f8,1.664051,0.0,0,15012,1,1,0,0,0,0,0,0,0,0,0,0,0,0
1222,7,a2945aa9bce39c70,1.250139,0.0,0,14800,1,1,0,0,0,0,0,0,0,0,0,0,0,0
1223,7,5b1861819bce45ce,1.982836,0.0,0,14824,1,0,0,0,0,0,0,0,0,0,0,0,0,0
1224,7,bcbca6dac199b4ab,1.491121,0.0,0,14357,1,1,0,0,0,0,0,0,0,0,0,0,0,0
1225,7,07cf8374260f2ad5,3.20753,0.0,0,14329,2,0,0,0,0,0,0,0,0,0,0,0,0,0
1226,7,e2fee026bab06228,2.409698,0.0,0,14697,1,1,0,0,0,0,0,0,0,0,0,0,0,0
1227,7,433c206abd1db4b9,1.812127,0.0,0,14760,1,1,0,0,0,0,0,0,0,0,0,0,0,0
1228,7,eec2418f79d573fe,2.405037,0.0,0,14237,1,0,0,0,0,0,0,0,0,0,0,0,0,0
1229,7,dd213e5c71ec8592,1.806814,0.0,0,14306,1,1,0,0,0,0,0,0,0,0,0,0,0,0
1230,7,717288ae5fd2726f,2.401045,0.0,0,14194,1,0,0,0,0,0,0,0,0,0,0,0,0,0
1231,7,11eb6ae54e94f3e9,1.80562,0.0,0,13992,1,1,0,0,0,0,0,0,0,0,0,0,0,0
1232,7,1964c08ee3a7b939,2.400148,0.0,0,14210,1,0,0,0,0,0,0,0,0,0,0,0,0,0
1233,7,7864a86c76170bd9,1.803142,0.0,0,14150,1,1,0,0,0,0,0,0,0,0,0,0,0,0
1234,7,1b68529551d035bb,1.355988,0.0,0,13979,1,1,0,0,0,0,0,0,0,0,0,0,0,0
1235,7,a8a1606135ba1298,2.062357,0.0,0,13944,1,0,0,0,0,0,0,0,0,0,0,0,0,0
1236,7,ee2c0840c8224ebe,1.549371,0.0,0,13968,1,1,0,0,0,0,0,0,0,0,0,0,0,0
1237,7,94d7779f16b0e8d1,1.163985,0.0,0,13889,1,1,0,0,0,0,0,0,0,0,0,0,0,0
1238,7,89b292c92350eef9,2.963634,0.0,0,13491,2,0,0,0,0,0,0,0,0,0,0,0,0,0
1239,7,bc87e518580dcc93,2.226468,0.0,0,13498,1,1,0,0,0,0,0,0,0,0,0,0,0,0
1240,7,fab68bb801b84bf0,1.672662,0.0,0,13509,1,1,0,0,0,0,0,0,0,0,0,0,0,0
1241,7,8f4f18613807aa6a,0.213715,0.0,0,13352,0,1,0,0,0,0,0,0,0,0,0,0,0,0
1242,7,fb6d6b37edb2a429,2.247863,0.0,0,13585,2,0,0,0,0,0,0,0,0,0,0,0,0,0
1243,7,405443d10c1d33a7,1.688735,0.0,0,13643,1,1,0,0,0,0,0,0,0,0,0,0,0,0
1244,7,67623f9d927ec2af,2.312337,0.0,0,13615,1,0,0,0,0,0,0,0,0,0,0,0,0,0
1245,7,3923c2a1d874c61e,1.73891,0.0,0,13365,1,1,0,0,0,0,0,0,0,0,0,0,0,0
1246,7,d01e7dce56010cfc,1.306378,0.0,0,13551,1,1,0,0,0,0,0,0,0,0,0,0,0,0
1247,7,612833ffcaa74606,0.981433,0.0,0,13405,1,1,0,0,0,0,0,0,0,0,0,0,0,0
1248,7,59e1b87640f10beb,1.782202,0.0,0,13349,1,0,0,0,0,0,0,0,0,0,0,0,0,0
1249,7,3b753d8b1707969a,1.338902,0.0,0,13498,1,1,0,0,0,0,0,0,0,0,0,0,0,0
1250,7,1ff4be8290adac60,1.005867,0.0,0,13551,1,1,0,0,0,0,0,0,0,0,0,0,0,0
1251,7,6fd3bf2f4620c667,0.75567,0.0,0,13572,1,1,0,0,0,0,0,0,0,0,0,0,0,0
1252,7,542f73431e0a8dc4,1.612425,0.0,0,13600,1,0,0,0,0,0,0,0,0,0,0,0,0,0
1253,7,ba09ff78898cbdff,1.211355,0.0,0,13522,1,1,0,0,0,0,0,0,0,0,0,0,0,0
1254,7,0f8acd4f6853f027,1.953699,0.0,0,13442,2,1,0,0,0,0,0,0,0,0,0,0,0,0
1255,7,2da7209591eb6d20,2.51336,0.0,0,13597,1,0,0,0,0,0,0,0,0,0,0,0,0,0
1256,7,b21a9f7dec2ae6cf,1.888193,0.0,0,13532,1,1,0,0,0,0,0,0,0,0,0,0,0,0
1257,7,e2d76e5f7d86fc1f,1.418529,0.0,0,13638,1,1,0,0,0,0,0,0,0,0,0,0,0,0
1258,7,65f73e082bfba57e,1.065688,0.0,0,13504,1,1,0,0,0,0,0,0,0,0,0,0,0,0
1259,7,fe08d9eb136105ad,2.889714,0.0,0,13534,2,0,0,0,0,0,0,0,0,0,0,0,0,0
1260,7,a2cd32353cd08f9c,2.170934,0.0,0,13615,1,1,0,0,0,0,0,0,0,0,0,0,0,0
1261,7,05b80f9afcffcf54,1.630941,0.0,0,13538,1,1,0,0,0,0,0,0,0,0,0,0,0,0
1262,7,9d72ff59bea204f0,1.226491,0.0,0,13293,1,1,0,0,0,0,0,0,0,0,0,0,0,0
1263,7,aad2689adb011bce,1.96507,0.0,0,13514,1,0,0,0,0,0,0,0,0,0,0,0,0,0
1264,7,d6e998f41f1d0f38,2.519937,0.0,0,13496,2,1,0,0,0,0,0,0,0,0,0,0,0,0
1265,7,92d3a85571c335a9,1.893135,0.0,0,13525,1,1,0,0,0,0,0,0,0,0,0,0,0,0
1266,7,0f6b8ae4ddfd4c16,1.423664,0.0,0,13429,1,1,0,0,0,0,0,0,0,0,0,0,0,0
1267,7,f7aa8f7fa08a5743,2.113199,0.0,0,13425,1,0,0,0,0,0,0,0,0,0,0,0,0,0
1268,7,a1ad5a7cefc51644,1.587567,0.0,0,13541,1,1,0,0,0,0,0,0,0,0,0,0,0,0
1269,7,f5f199c7390c690a,1.193873,0.0,0,13360,1,1,0,0,0,0,0,0,0,0,0,0,0,0
1270,7,f795d106ddd91257,1.940566,0.0,0,13316,1,0,0,0,0,0,0,0,0,0,0,0,0,0
1271,7,36785fc0feb0c290,1.457875,0.0,0,13325,1,1,0,0,0,0,0,0,0,0,0,0,0,0
1272,7,6c9e0059a587c84f,2.1389,0.0,0,13243,1,0,0,0,0,0,0,0,0,0,0,0,0,0
1273,7,b5e60f7df1846a47,1.608483,0.0,0,13283,1,1,0,0,0,0,0,0,0,0,0,0,0,0
1274,7,2249c0f31b2d9af8,2.252047,0.0,0,13329,1,0,0,0,0,0,0,0,0,0,0,0,0,0
1275,7,9e3274984893107e,1.691879,0.0,0,13704,1,1,0,0,0,0,0,0,0,0,0,0,0,0
1276,7,d3deb1fe4d296a72,2.316467,0.0,0,13418,2,1,0,0,0,0,0,0,0,0,0,0,0,0
1277,7,2d4446f589820b7d,2.783929,0.0,0,13285,1,0,0,0,0,0,0,0,0,0,0,0,0,0
1278,7,34d3c1c163b8a615,2.091461,0.0,0,13416,1,1,0,0,0,0,0,0,0,0,0,0,0,0
1279,7,1b8d5ad41c925335,2.61489,0.0,0,13671,1,0,0,0,0,0,0,0,0,0,0,0,0,0
1280,7,6794ef695ce9d89b,1.966435,0.0,0,13569,1,1,0,0,0,0,0,0,0,0,0,0,0,0
1281,7,1c282f6ab6f0b179,1.477309,0.0,0,13682,1,1,0,0,0,0,0,0,0,0,0,0,0,0
1282,7,57cdee4608d86350,1.109847,0.0,0,13556,1,1,0,0,0,0,0,0,0,0,0,0,0,0
1283,7,3f6ac8b70e7600a9,1.878771,0.0,0,13881,1,0,0,0,0,0,0,0,0,0,0,0,0,0
1284,7,4e370b5b3adc8669,1.411451,0.0,0,13697,1,1,0,0,0,0,0,0,0,0,0,0,0,0
1285,7,3f2dc4f0ffba2758,1.06037,0.0,0,13925,1,1,0,0,0,0,0,0,0,0,0,0,0,0
1286,7,cc5fd7f478480a53,1.84027,0.0,0,13872,1,0,0,0,0,0,0,0,0,0,0,0,0,0
1287,7,766495e798b51874,1.383909,0.0,0,14069,1,1,0,0,0,0,0,0,0,0,0,0,0,0
1288,7,42e0c25e3bdf1a82,1.039679,0.0,0,14076,1,1,0,0,0,0,0,0,0,0,0,0,0,0
1289,7,c9201e3d75e9c1f6,1.824725,0.0,0,14118,2,1,0,0,0,0,0,0,0,0,0,0,0,0
1290,7,dc3407a2684f531b,2.41637,0.0,0,14097,1,0,0,0,0,0,0,0,0,0,0,0,0,0
1291,7,9a613d53fe5c985d,1.815328,0.0,0,14174,1,1,0,0,0,0,0,0,0,0,0,0,0,0
1292,7,ac8b9b3660674932,1.363788,0.0,0,14244,1,1,0,0,0,0,0,0,0,0,0,0,0,0
1293,7,86b9bafa847f215e,2.068217,0.0,0,14470,2,1,0,0,0,0,0,0,0,0,0,0,0,0
1294,7,b80b086c8cbff65a,2.599479,0.0,0,14267,1,0,0,0,0,0,0,0,0,0,0,0,0,0
1295,7,4c134b891214de2f,1.952891,0.0,0,14467,1,1,0,0,0,0,0,0,0,0,0,0,0,0
1296,7,1ad457db8ef40099,1.467134,0.0,0,14484,1,1,0,0,0,0,0,0,0,0,0,0,0,0
1297,7,0d3f33d244e15147,1.103306,0.0,0,14415,1,1,0,0,0,0,0,0,0,0,0,0,0,0
1298,7,a5c27e410c7ca89d,1.872526,0.0,0,14431,2,1,0,0,0,0,0,0,0,0,0,0,0,0
1299,7,38b35f46938b16a3,2.450412,0.0,0,14317,1,0,0,0,0,0,0,0,0,0,0,0,0,0
1300,7,3d41db6eb9ee8c47,1.840903,0.0,0,14220,1,1,0,0,0,0,0,0,0,0,0,0,0,0
1301,7,61d82832677cb341,2.428536,0.0,0,14070,2,1,0,0,0,0,0,0,0,0,0,0,0,0
1302,7,beb444474b44fbd2,2.868121,0.0,0,14014,1,0,0,0,0,0,0,0,0,0,0,0,0,0
1303,7,d3176a33291348fa,2.154712,0.0,0,14109,1,1,0,0,0,0,0,0,0,0,0,0,0,0
1304,7,df9ea94e65331354,1.620374,0.0,0,13996,1,1,0,0,0,0,0,0,0,0,0,0,0,0
1305,7,afb37e12dec96f00,3.304633,0.0,0,14092,2,0,0,0,0,0,0,0,0,0,0,0,0,0
1306,7,f1a9a34c1ec9c501,2.482648,0.0,0,14176,1,1,0,0,0,0,0,0,0,0,0,0,0,0
1307,7,fd3ae02b3ec2583b,1.86512,0.0,0,14146,1,1,0,0,0,0,0,0,0,0,0,0,0,0
1308,7,e32b0ea449da3f10,2.446748,0.0,0,14421,1,0,0,0,0,0,0,0,0,0,0,0,0,0
1309,7,fdc38cb730227e86,1.83815,0.0,0,14491,1,1,0,0,0,0,0,0,0,0,0,0,0,0
1310,7,db48c9d8d80c1b9e,1.380933,0.0,0,14420,1,1,0,0,0,0,0,0,0,0,0,0,0,0
1311,7,4a419f479ebb3682,2.082632,0.0,0,14485,1,0,0,0,0,0,0,0,0,0,0,0,0,0
1312,7,7374f09ec5e64b30,2.608257,0.0,0,14707,2,1,0,0,0,0,0,0,0,0,0,0,0,0
1313,7,dce22ea1b7629413,1.959486,0.0,0,14798,1,1,0,0,0,0,0,0,0,0,0,0,0,0
1314,7,a34760d0ba731eb4,2.515742,0.0,0,14868,1,0,0,0,0,0,0,0,0,0,0,0,0,0
1315,7,6402fed0b175c049,1.891874,0.0,0,14963,1,1,0,0,0,0,0,0,0,0,0,0,0,0
1316,7,737a9391c0cfebcb,2.464947,0.0,0,15160,2,1,0,0,0,0,0,0,0,0,0,0,0,0
1317,7,af6d2455b7648ace,1.851823,0.0,0,15117,1,1,0,0,0,0,0,0,0,0,0,0,0,0
1318,7,101addaeff2dfc0d,1.392597,0.0,0,15038,1,1,0,0,0,0,0,0,0,0,0,0,0,0
1319,7,1335a7380b26c9c8,2.08986,0.0,0,15137,1,0,0,0,0,0,0,0,0,0,0,0,0,0
1320,7,bad11592d1b805b0,1.570033,0.0,0,15272,1,1,0,0,0,0,0,0,0,0,0,0,0,0
1321,7,e8a529e67767ca4e,2.223161,0.0,0,16144,2,1,0,0,0,0,0,0,0,0,0,0,0,0
1322,7,58422d831bf0780d,1.671849,0.0,0,15669,1,1,0,0,0,0,0,0,0,0,0,0,0,0
1323,7,7189ac22e381ccba,2.299651,0.0,0,15069,1,0,0,0,0,0,0,0,0,0,0,0,0,0
1324,7,67b41c16d54865f1,1.727642,0.0,0,15030,1,1,0,0,0,0,0,0,0,0,0,0,0,0
1325,7,cdbbe3bf4f608a63,1.299211,0.0,0,16367,1,1,0,0,0,0,0,0,0,0,0,0,0,0
1326,7,d294acb1a860a113,0.976049,0.0,0,16768,1,1,0,0,0,0,0,0,0,0,0,0,0,0
1327,7,b0c8657a32b8f56e,2.820576,0.0,0,16443,2,0,0,0,0,0,0,0,0,0,0,0,0,0
1328,7,2088aaf519e6e875,2.118993,0.0,0,17133,1,1,0,0,0,0,0,0,0,0,0,0,0,0
1329,7,6bc9db505e551dfb,1.593513,0.0,0,16709,1,1,0,0,0,0,0,0,0,0,0,0,0,0
1330,7,4fc1d31a93a9e32a,1.197147,0.0,0,17162,1,1,0,0,0,0,0,0,0,0,0,0,0,0
1331,7,9f5c2c1ba30e98a2,0.899372,0.0,0,17356,1,1,0,0,0,0,0,0,0,0,0,0,0,0
1332,7,c8c16e9b23fe9823,1.720491,0.0,0,17392,2,1,0,0,0,0,0,0,0,0,0,0,0,0
1333,7,1f4baccecff49f7a,1.29254,0.0,0,17337,1,1,0,0,0,0,0,0,0,0,0,0,0,0
1334,7,54a210042cdcb644,0.971037,0.0,0,17603,1,1,0,0,0,0,0,0,0,0,0,0,0,0
1335,7,cf76ea4c6859e823,2.816811,0.0,0,17781,2,0,0,0,0,0,0,0,0,0,0,0,0,0
1336,7,5d887ff99631fbaf,2.118282,0.0,0,17549,1,1,0,0,0,0,0,0,0,0,0,0,0,0
1337,7,69f55ef73f773043,1.591386,0.0,0,17122,1,1,0,0,0,0,0,0,0,0,0,0,0,0
1338,7,cc5de6839f14f2ea,1.195549,0.0,0,16725,1,1,0,0,0,0,0,0,0,0,0,0,0,0
1339,7,5622533ec2f6c9bf,1.94322,0.0,0,16585,2,1,0,0,0,0,0,0,0,0,0,0,0,0
1340,7,b887e232efa991e6,1.459869,0.0,0,14898,1,1,0,0,0,0,0,0,0,0,0,0,0,0
1341,7,c4daceb99a82af26,2.140398,0.0,0,13785,2,1,0,0,0,0,0,0,0,0,0,0,0,0
1342,7,3a42fd781043b837,2.651654,0.0,0,14029,1,0,0,0,0,0,0,0,0,0,0,0,0,0
1343,7,47a499712bd21c9d,1.994082,0.0,0,14030,1,1,0,0,0,0,0,0,0,0,0,0,0,0
1344,7,afbbd711606aa4f8,1.498079,0.0,0,13891,1,1,0,0,0,0,0,0,0,0,0,0,0,0
1345,7,7b282730e1f262de,1.125451,0.0,0,13974,1,1,0,0,0,0,0,0,0,0,0,0,0,0
1346,7,e8b89e53fca9fe0f,1.890506,0.0,0,14028,1,0,0,0,0,0,0,0,0,0,0,0,0,0
1347,7,e49397f368972d6d,1.420266,0.0,0,14147,1,1,0,0,0,0,0,0,0,0,0,0,0,0
1348,7,8aba262a7fcdbc36,1.066993,0.0,0,14148,1,1,0,0,0,0,0,0,0,0,0,0,0,0
1349,8,1fd48474a6be9a50,1.845245,0.0,0,14004,2,1,0,0,0,0,0,0,0,0,0,0,0,0
1350,8,40ab05863d40ab6a,2.431801,0.0,0,14024,1,0,0,0,0,0,0,0,0,0,0,0,0,0
1351,8,9fa3e60e300cac94,1.826921,0.0,0,14333,1,1,0,0,0,0,0,0,0,0,0,0,0,0
1352,8,9522afc9eb92ebd2,1.372498,0.0,0,14108,1,1,0,0,0,0,0,0,0,0,0,0,0,0
1353,8,0fba0eaa5e567fe1,2.076288,0.0,0,13943,1,0,0,0,0,0,0,0,0,0,0,0,0,0
1354,8,8f9f8c22e25048df,1.559838,0.0,0,13990,1,1,0,0,0,0,0,0,0,0,0,0,0,0
1355,8,025aca0c2fc547cd,1.171848,0.0,0,13974,1,1,0,0,0,0,0,0,0,0,0,0,0,0
1356,8,ea7305c3d0c4eb0e,1.924019,0.0,0,13964,1,0,0,0,0,0,0,0,0,0,0,0,0,0
1357,8,b3bc2710b036c5b2,1.44689,0.0,0,13906,1,1,0,0,0,0,0,0,0,0,0,0,0,0
1358,8,3c254a4fca255c07,1.086994,0.0,0,14030,1,1,0,0,0,0,0,0,0,0,0,0,0,0
1359,8,7fb0256f65ce4ff6,0.816618,0.0,0,14080,1,1,0,0,0,0,0,0,0,0,0,0,0,0
1360,8,a69e89495c03d18a,1.658259,0.0,0,14007,1,0,0,0,0,0,0,0,0,0,0,0,0,0
1361,8,ba87dd4319678e85,1.245788,0.0,0,13789,1,1,0,0,0,0,0,0,0,0,0,0,0,0
1362,8,3e895dd2e76d3ae9,0.935914,0.0,0,14085,1,1,0,0,0,0,0,0,0,0,0,0,0,0
1363,8,5bfa9aaebee05047,0.703117,0.0,0,13946,1,1,0,0,0,0,0,0,0,0,0,0,0,0
1364,8,ca3938afd42b6b51,1.572905,0.0,0,14022,1,0,0,0,0,0,0,0,0,0,0,0,0,0
1365,8,3840b1179d01d5ca,2.225318,0.0,0,14012,2,1,0,0,0,0,0,0,0,0,0,0,0,0
1366,8,3ad00a257add4750,1.671798,0.0,0,14065,1,1,0,0,0,0,0,0,0,0,0,0,0,0
1367,8,715e21df0f1ac6b8,1.257216,0.0,0,13947,1,1,0,0,0,0,0,0,0,0,0,0,0,0
1368,8,ab882b57d80326bc,1.988153,0.0,0,14125,1,0,0,0,0,0,0,0,0,0,0,0,0,0
1369,8,de121b1615b372cf,1.493625,0.0,0,13863,1,1,0,0,0,0,0,0,0,0,0,0,0,0
1370,8,0469b68beb7ba893,2.165758,0.0,0,13871,2,1,0,0,0,0,0,0,0,0,0,0,0,0
1371,8,77ed09b9b5fdd2d5,2.672831,0.0,0,14020,1,0,0,0,0,0,0,0,0,0,0,0,0,0
1372,8,f528f75252723e1c,2.007998,0.0,0,13917,1,1,0,0,0,0,0,0,0,0,0,0,0,0
1373,8,c2f4dc060312be30,1.508534,0.0,0,13967,1,1,0,0,0,0,0,0,0,0,0,0,0,0
1374,8,f6d7570dbe7171fa,1.134439,0.0,0,13866,1,1,0,0,0,0,0,0,0,0,0,0,0,0
1375,8,50afc0b225fbdddd,1.895915,0.0,0,14146,1,0,0,0,0,0,0,0,0,0,0,0,0,0
1376,8,77cb534e4dd68f47,2.467983,0.0,0,13834,2,1,0,0,0,0,0,0,0,0,0,0,0,0
1377,8,03a072c123c7f460,1.854104,0.0,0,14028,1,1,0,0,0,0,0,0,0,0,0,0,0,0
1378,8,40a0b4653c2b8b16,1.394312,0.0,0,13829,1,1,0,0,0,0,0,0,0,0,0,0,0,0
1379,8,8ced9c6091029967,1.047495,0.0,0,14023,1,1,0,0,0,0,0,0,0,0,0,0,0,0
1380,8,674cb12ba4ef8cda,1.830597,0.0,0,13969,1,0,0,0,0,0,0,0,0,0,0,0,0,0
1381,8,d57b64595e7c32ad,2.420786,0.0,0,13879,2,1,0,0,0,0,0,0,0,0,0,0,0,0
1382,8,9f2629b0e0b2b516,1.818646,0.0,0,13794,1,1,0,0,0,0,0,0,0,0,0,0,0,0
1383,8,9a611700f3a2a58b,1.366281,0.0,0,13960,1,1,0,0,0,0,0,0,0,0,0,0,0,0
1384,8,594e66c63de29c67,2.070089,0.0,0,14031,1,0,0,0,0,0,0,0,0,0,0,0,0,0
1385,8,047b3498570e614d,1.556736,0.0,0,13836,1,1,0,0,0,0,0,0,0,0,0,0,0,0
1386,8,378d1123cbabc548,1.169518,0.0,0,13845,1,1,0,0,0,0,0,0,0,0,0,0,0,0
1387,8,918953c23da89283,1.922268,0.0,0,13948,1,0,0,0,0,0,0,0,0,0,0,0,0,0
1388,8,85a28377aa3ab8ee,2.489724,0.0,0,13776,2,1,0,0,0,0,0,0,0,0,0,0,0,0
1389,8,2a49890c64457c92,1.870436,0.0,0,13787,1,1,0,0,0,0,0,0,0,0,0,0,0,0
1390,8,fe899aeeedf1baa1,2.448842,0.0,0,14031,1,0,0,0,0,0,0,0,0,0,0,0,0,0
1391,8,360e2b3fa87eb860,1.839724,0.0,0,13865,1,1,0,0,0,0,0,0,0,0,0,0,0,0
1392,8,db46a3761088043b,2.427649,0.0,0,13820,1,0,0,0,0,0,0,0,0,0,0,0,0,0
1393,8,87a3b2c90966418d,1.823802,0.0,0,13910,1,1,0,0,0,0,0,0,0,0,0,0,0,0
1394,8,cad5614b5c9dfc3f,1.370154,0.0,0,13611,1,1,0,0,0,0,0,0,0,0,0,0,0,0
1395,8,e22ab041f40f020b,2.074526,0.0,0,13816,1,0,0,0,0,0,0,0,0,0,0,0,0,0
1396,8,61f0af6d0e1750cc,1.558514,0.0,0,14005,1,1,0,0,0,0,0,0,0,0,0,0,0,0
1397,8,db9da9e77e8b99dc,2.214507,0.0,0,13817,1,0,0,0,0,0,0,0,0,0,0,0,0,0
1398,8,a71a150d055e2753,1.663676,0.0,0,13888,1,1,0,0,0,0,0,0,0,0,0,0,0,0
1399,8,e879f6bf53bc85bc,1.251108,0.0,0,13787,1,1,0,0,0,0,0,0,0,0,0,0,0,0
1400,8,355e007c685b4248,1.983564,0.0,0,13739,1,0,0,0,0,0,0,0,0,0,0,0,0,0
1401,8,e2fceaed287fd98a,1.490178,0.0,0,13867,1,1,0,0,0,0,0,0,0,0,0,0,0,0
1402,8,03d9f87247ef9a09,2.164785,0.0,0,13826,2,1,0,0,0,0,0,0,0,0,0,0,0,0
1403,8,4cfb7e322df78772,2.669976,0.0,0,13946,1,0,0,0,0,0,0,0,0,0,0,0,0,0
1404,8,8afb15e6c1fb3300,2.005853,0.0,0,13789,1,1,0,0,0,0,0,0,0,0,0,0,0,0
1405,8,79c92e893e651eaf,1.506922,0.0,0,13903,1,1,0,0,0,0,0,0,0,0,0,0,0,0
1406,8,595ccc6c4fbde60c,1.133227,0.0,0,13827,1,1,0,0,0,0,0,0,0,0,0,0,0,0
1407,8,20d2066c36568311,0.851351,0.0,0,13845,1,1,0,0,0,0,0,0,0,0,0,0,0,0
1408,8,846e791a5efb5af8,1.683242,0.0,0,13914,1,0,0,0,0,0,0,0,0,0,0,0,0,0
1409,8,41c1af3fe25eac0f,1.265822,0.0,0,13907,1,1,0,0,0,0,0,0,0,0,0,0,0,0
1410,8,e5b406d4325b898c,0.950965,0.0,0,14116,1,1,0,0,0,0,0,0,0,0,0,0,0,0
1411,8,7f1fc0b97c25ec33,1.758077,0.0,0,13913,1,0,0,0,0,0,0,0,0,0,0,0,0,0
1412,8,68bc85d7fd8c5b65,1.320778,0.0,0,13938,1,1,0,0,0,0,0,0,0,0,0,0,0,0
1413,8,1859dda8544b2f50,0.993244,0.0,0,14014,1,1,0,0,0,0,0,0,0,0,0,0,0,0
1414,8,9f238762c0a94e36,0.746187,0.0,0,13756,1,1,0,0,0,0,0,0,0,0,0,0,0,0
1415,8,173bd4ea8a0e4f39,1.604236,0.0,0,13265,1,0,0,0,0,0,0,0,0,0,0,0,0,0
1416,8,80ea69fc95e98f91,1.206408,0.0,0,13125,1,1,0,0,0,0,0,0,0,0,0,0,0,0
1417,8,122d1e9148dc8591,1.949983,0.0,0,13313,1,0,0,0,0,0,0,0,0,0,0,0,0,0
1418,8,e41d0f294f3e595d,2.508602,0.0,0,13528,2,1,0,0,0,0,0,0,0,0,0,0,0,0
1419,8,d961ceff8b00c744,1.884619,0.0,0,13511,1,1,0,0,0,0,0,0,0,0,0,0,0,0
1420,8,cd0967d526a4c4cb,1.417261,0.0,0,13426,1,1,0,0,0,0,0,0,0,0,0,0,0,0
1421,8,71ef525f5d7c2460,2.108388,0.0,0,13522,1,0,0,0,0,0,0,0,0,0,0,0,0,0
1422,8,f56646d6bf16981d,1.583953,0.0,0,13543,1,1,0,0,0,0,0,0,0,0,0,0,0,0
1423,8,df5b77a899f67794,1.191155,0.0,0,13451,1,1,0,0,0,0,0,0,0,0,0,0,0,0
1424,8,5d97e3edb2db50f5,0.894871,0.0,0,13711,1,1,0,0,0,0,0,0,0,0,0,0,0,0
1425,8,5632cc6478350c16,0.672283,0.0,0,13595,1,1,0,0,0,0,0,0,0,0,0,0,0,0
1426,8,8eb4527d549d82be,1.548714,0.0,0,13755,1,0,0,0,0,0,0,0,0,0,0,0,0,0
1427,8,bcdf8575e6f8f5df,2.208806,0.0,0,13564,2,1,0,0,0,0,0,0,0,0,0,0,0,0
1428,8,a2160fe0996f37dd,1.659393,0.0,0,13676,1,1,0,0,0,0,0,0,0,0,0,0,0,0
1429,8,9c2f033216906752,2.290293,0.0,0,13852,1,0,0,0,0,0,0,0,0,0,0,0,0,0
1430,8,4df32f20926bf727,1.722333,0.0,0,13734,1,1,0,0,0,0,0,0,0,0,0,0,0,0
1431,8,da23f33029488892,1.293925,0.0,0,13824,1,1,0,0,0,0,0,0,0,0,0,0,0,0
1432,8,e6ddb42499644dbd,3.059384,0.0,0,13943,2,0,0,0,0,0,0,0,0,0,0,0,0,0
1433,8,37b7d4b54a60fbcc,2.298401,0.0,0,13861,1,1,0,0,0,0,0,0,0,0,0,0,0,0
1434,8,871681cb5816e47c,2.772581,0.0,0,14052,1,0,0,0,0,0,0,0,0,0,0,0,0,0
1435,8,6cf3e3c3b72b30d7,2.082936,0.0,0,13983,1,1,0,0,0,0,0,0,0,0,0,0,0,0
1436,8,abcc795941de9020,2.608485,0.0,0,14202,1,0,0,0,0,0,0,0,0,0,0,0,0,0
1437,8,3540b19957c0bfca,1.961618,0.0,0,14139,1,1,0,0,0,0,0,0,0,0,0,0,0,0
1438,8,3a018196d340e490,2.517344,0.0,0,14855,2,1,0,0,0,0,0,0,0,0,0,0,0,0
1439,8,990863ec22c317e6,2.93484,0.0,0,14620,1,0,0,0,0,0,0,0,0,0,0,0,0,0
1440,8,559d38241bb49497,2.204835,0.0,0,14054,1,1,0,0,0,0,0,0,0,0,0,0,0,0
1441,8,73fb5dc8f1c14ecc,1.658068,0.0,0,14300,1,1,0,0,0,0,0,0,0,0,0,0,0,0
1442,8,d72a06614f66cec0,2.289298,0.0,0,14119,1,0,0,0,0,0,0,0,0,0,0,0,0,0
1443,8,9c6c1e79ae1d204d,1.719864,0.0,0,14647,1,1,0,0,0,0,0,0,0,0,0,0,0,0
1444,8,fa7c0697bfb424eb,1.293362,0.0,0,14509,1,1,0,0,0,0,0,0,0,0,0,0,0,0
1445,8,974981d868d49c65,2.015308,0.0,0,14206,1,0,0,0,0,0,0,0,0,0,0,0,0,0
1446,8,5aaa21f4a4002b2d,1.514025,0.0,0,14200,1,1,0,0,0,0,0,0,0,0,0,0,0,0
1447,8,899503d012c25ef6,1.137431,0.0,0,14160,1,1,0,0,0,0,0,0,0,0,0,0,0,0
1448,8,64c0b0c2e5386859,2.943665,0.0,0,14059,2,0,0,0,0,0,0,0,0,0,0,0,0,0
1449,8,6e8d3b461a84d72e,2.211466,0.0,0,14555,1,1,0,0,0,0,0,0,0,0,0,0,0,0
1450,8,0f7462146210da4e,1.661391,0.0,0,14548,1,1,0,0,0,0,0,0,0,0,0,0,0,0
1451,8,0630b7c26e819e83,1.24939,0.0,0,14378,1,1,0,0,0,0,0,0,0,0,0,0,0,0
1452,8,70d42466cb4811b4,0.93862,0.0,0,14301,1,1,0,0,0,0,0,0,0,0,0,0,0,0
1453,8,4856c0cf66bde88d,0.70515,0.0,0,14579,1,1,0,0,0,0,0,0,0,0,0,0,0,0
1454,8,d7cd5376dfac23c8,0.529753,0.0,0,14511,1,1,0,0,0,0,0,0,0,0,0,0,0,0
1455,8,7ef6f99819f58450,1.442532,0.0,0,13799,1,0,0,0,0,0,0,0,0,0,0,0,0,0
1456,8,f942b6a0a3952955,1.083721,0.0,0,13616,1,1,0,0,0,0,0,0,0,0,0,0,0,0
1457,8,14b93cb2018dd0ba,0.814159,0.0,0,13566,1,1,0,0,0,0,0,0,0,0,0,0,0,0
1458,8,c4ccb1c579a81772,0.612259,0.0,0,13402,1,1,0,0,0,0,0,0,0,0,0,0,0,0
1459,8,248d7edaa1f8b0fa,0.459967,0.0,0,13655,1,1,0,0,0,0,0,0,0,0,0,0,0,0
1460,8,4939d9bdd577bd6c,1.38921,0.0,0,13589,2,1,0,0,0,0,0,0,0,0,0,0,0,0
1461,8,92f88f227cb9002b,2.087315,0.0,0,13756,1,0,0,0,0,0,0,0,0,0,0,0,0,0
1462,8,2c6414d3cf733da3,1.56969,0.0,0,13588,1,1,0,0,0,0,0,0,0,0,0,0,0,0
1463,8,8e36b95b81e9e71c,1.17925,0.0,0,13812,1,1,0,0,0,0,0,0,0,0,0,0,0,0
1464,8,c3557dd4e083ce38,1.92958,0.0,0,13859,1,0,0,0,0,0,0,0,0,0,0,0,0,0
1465,8,83d3324253b812e5,1.451071,0.0,0,13673,1,1,0,0,0,0,0,0,0,0,0,0,0,0
1466,8,417f18aba77cfd05,1.090136,0.0,0,13851,1,1,0,0,0,0,0,0,0,0,0,0,0,0
1467,8,0f276cc25f9a8698,0.818978,0.0,0,13769,1,1,0,0,0,0,0,0,0,0,0,0,0,0
1468,8,f155459671faa573,1.658921,0.0,0,13900,1,0,0,0,0,0,0,0,0,0,0,0,0,0
1469,8,556cb4253180e452,1.247532,0.0,0,13650,1,1,0,0,0,0,0,0,0,0,0,0,0,0
1470,8,017f63431e2561cc,0.937224,0.0,0,13920,1,1,0,0,0,0,0,0,0,0,0,0,0,0
1471,8,6a415f466931cfb7,0.704102,0.0,0,13802,1,1,0,0,0,0,0,0,0,0,0,0,0,0
1472,8,cc8104576c0e5db9,2.617795,0.0,0,13891,2,0,0,0,0,0,0,0,0,0,0,0,0,0
1473,8,5e8debcfa51a99ee,1.966652,0.0,0,13890,1,1,0,0,0,0,0,0,0,0,0,0,0,0
1474,8,9d1bd299f73aeff4,1.477472,0.0,0,13664,1,1,0,0,0,0,0,0,0,0,0,0,0,0
1475,8,d632aae13bb53193,2.153623,0.0,0,13832,1,0,0,0,0,0,0,0,0,0,0,0,0,0
1476,8,bdf655da35425329,1.619555,0.0,0,13650,1,1,0,0,0,0,0,0,0,0,0,0,0,0
1477,8,08acbe7922891267,2.260365,0.0,0,13896,2,1,0,0,0,0,0,0,0,0,0,0,0,0
1478,8,7c396f83870b4b1c,2.741781,0.0,0,13933,1,0,0,0,0,0,0,0,0,0,0,0,0,0
1479,8,e6c4da9a0f99b8f9,2.061858,0.0,0,13783,1,1,0,0,0,0,0,0,0,0,0,0,0,0
1480,8,beb23ff494f1a91c,2.59265,0.0,0,13946,1,0,0,0,0,0,0,0,0,0,0,0,0,0
1481,8,1712b0d6dffedde1,1.947761,0.0,0,13972,1,1,0,0,0,0,0,0,0,0,0,0,0,0
1482,8,5b077176526781e3,2.506934,0.0,0,13981,1,0,0,0,0,0,0,0,0,0,0,0,0,0
1483,8,3bc3c7f37e2a6cf1,1.88525,0.0,0,13802,1,1,0,0,0,0,0,0,0,0,0,0,0,0
1484,8,fbcebce527e86d35,2.459971,0.0,0,14068,1,0,0,0,0,0,0,0,0,0,0,0,0,0
1485,8,2e14c39cc01b9084,1.848084,0.0,0,14117,1,1,0,0,0,0,0,0,0,0,0,0,0,0
1486,8,cff4c32e47f945ae,1.389786,0.0,0,14090,1,1,0,0,0,0,0,0,0,0,0,0,0,0
1487,8,5ab2091f84c78783,2.087747,0.0,0,14133,1,0,0,0,0,0,0,0,0,0,0,0,0,0
1488,8,ab305b008ea7a9e0,1.568447,0.0,0,14009,1,1,0,0,0,0,0,0,0,0,0,0,0,0
1489,8,732f346a1acbbd53,1.178315,0.0,0,14022,1,1,0,0,0,0,0,0,0,0,0,0,0,0
1490,8,686c1d8a572c4180,2.974411,0.0,0,14130,2,0,0,0,0,0,0,0,0,0,0,0,0,0
1491,8,289f8ae12f60c3be,2.234564,0.0,0,14103,1,1,0,0,0,0,0,0,0,0,0,0,0,0
1492,8,c277142c6f85b4b9,1.678744,0.0,0,14197,1,1,0,0,0,0,0,0,0,0,0,0,0,0
1493,8,ef67f8ecc596bd24,1.26244,0.0,0,14061,1,1,0,0,0,0,0,0,0,0,0,0,0,0
1494,8,0e16d7abc41505e7,1.992077,0.0,0,14081,1,0,0,0,0,0,0,0,0,0,0,0,0,0
1495,8,b7f482c222b54a06,1.496573,0.0,0,14295,1,1,0,0,0,0,0,0,0,0,0,0,0,0
1496,8,cd5042b2b43cb032,1.124319,0.0,0,14131,1,1,0,0,0,0,0,0,0,0,0,0,0,0
1497,8,0e53ac797c3ebe90,0.845504,0.0,0,14267,1,1,0,0,0,0,0,0,0,0,0,0,0,0
1498,8,2d940601372a2340,1.678849,0.0,0,14264,2,1,0,0,0,0,0,0,0,0,0,0,0,0
1499,8,6cac07c93c2366d6,1.261257,0.0,0,14293,1,1,0,0,0,0,0,0,0,0,0,0,0,0
1500,8,b26dcaebed62e4b5,1.992633,0.0,0,14389,1,0,0,0,0,0,0,0,0,0,0,0,0,0
1501,8,6d2039ba7100c0ed,1.496991,0.0,0,14285,1,1,0,0,0,0,0,0,0,0,0,0,0,0
1502,8,7224c07cd65083a1,1.124633,0.0,0,14308,1,1,0,0,0,0,0,0,0,0,0,0,0,0
1503,8,1f20536718600bab,2.932202,0.0,0,14361,2,0,0,0,0,0,0,0,0,0,0,0,0,0
1504,8,09b63315ce001f04,2.205057,0.0,0,14515,1,1,0,0,0,0,0,0,0,0,0,0,0,0
1505,8,76ea483d3cdba83f,1.656577,0.0,0,14399,1,1,0,0,0,0,0,0,0,0,0,0,0,0
1506,8,daabf42f4f28dfaa,1.244525,0.0,0,14827,1,1,0,0,0,0,0,0,0,0,0,0,0,0
1507,8,bd2b6ec5e9e7d0b1,0.9359,0.0,0,14389,1,1,0,0,0,0,0,0,0,0,0,0,0,0
1508,8,a916d9e27f69b91a,1.74676,0.0,0,14751,1,0,0,0,0,0,0,0,0,0,0,0,0,0
1509,8,412147d9abb8df1a,1.312276,0.0,0,14730,1,1,0,0,0,0,0,0,0,0,0,0,0,0
1510,8,835cdb7a5bd5dcce,2.029517,0.0,0,14863,2,1,0,0,0,0,0,0,0,0,0,0,0,0
1511,8,315e75976f7c130e,1.526226,0.0,0,14698,1,1,0,0,0,0,0,0,0,0,0,0,0,0
1512,8,502758b4744dd914,1.146596,0.0,0,14820,1,1,0,0,0,0,0,0,0,0,0,0,0,0
1513,8,c1676efaef59a1bf,1.905048,0.0,0,14728,1,0,0,0,0,0,0,0,0,0,0,0,0,0
1514,8,ea0ff4f61204f8da,2.476774,0.0,0,14532,2,1,0,0,0,0,0,0,0,0,0,0,0,0
1515,8,61c3920b11a7d73b,1.860708,0.0,0,14364,1,1,0,0,0,0,0,0,0,0,0,0,0,0
1516,8,ebfe7244cccb0815,2.441533,0.0,0,14392,1,0,0,0,0,0,0,0,0,0,0,0,0,0
1517,8,1a58b88d308a9b42,1.834233,0.0,0,14508,1,1,0,0,0,0,0,0,0,0,0,0,0,0
1518,8,6dc48ef95be3f0c5,2.42352,0.0,0,14638,2,1,0,0,0,0,0,0,0,0,0,0,0,0
1519,8,7da5b1dfb7759cfb,1.8207,0.0,0,14769,1,1,0,0,0,0,0,0,0,0,0,0,0,0
1520,8,7b7d0c615505dd49,2.411477,0.0,0,14837,1,0,0,0,0,0,0,0,0,0,0,0,0,0
1521,8,3dd2bb680c8d354d,2.857616,0.0,0,14888,2,1,0,0,0,0,0,0,0,0,0,0,0,0
1522,8,e4abcdc78991fecd,2.14682,0.0,0,14944,1,1,0,0,0,0,0,0,0,0,0,0,0,0
1523,8,e185d2b0de86f7d7,2.656479,0.0,0,15045,1,0,0,0,0,0,0,0,0,0,0,0,0,0
1524,8,ea548b42c9f8e9c5,1.995713,0.0,0,15085,1,1,0,0,0,0,0,0,0,0,0,0,0,0
1525,8,e9457b2d139fdd2d,2.544955,0.0,0,15112,2,1,0,0,0,0,0,0,0,0,0,0,0,0
1526,8,0925975d5ffae9eb,2.955583,0.0,0,15167,1,0,0,0,0,0,0,0,0,0,0,0,0,0
1527,8,5ba5c9d9e5826cff,2.220419,0.0,0,15272,1,1,0,0,0,0,0,0,0,0,0,0,0,0
1528,8,08ca0a1592e8817c,2.713937,0.0,0,15234,1,0,0,0,0,0,0,0,0,0,0,0,0,0
1529,8,520bd352a1ed3d8e,2.03888,0.0,0,15389,1,1,0,0,0,0,0,0,0,0,0,0,0,0
1530,8,7a5d1d2130d7f41d,2.575387,0.0,0,15394,2,1,0,0,0,0,0,0,0,0,0,0,0,0
1531,8,1e5ce260bef4242e,1.934792,0.0,0,15231,1,1,0,0,0,0,0,0,0,0,0,0,0,0
1532,8,6d455fbab2856932,1.454991,0.0,0,15188,1,1,0,0,0,0,0,0,0,0,0,0,0,0
1533,8,2d3dd8cb2e698689,1.093081,0.0,0,15051,1,1,0,0,0,0,0,0,0,0,0,0,0,0
1534,8,d84605dc2bca10de,0.821191,0.0,0,15032,1,1,0,0,0,0,0,0,0,0,0,0,0,0
1535,8,066473449947d249,0.617547,0.0,0,14886,1,1,0,0,0,0,0,0,0,0,0,0,0,0
1536,8,6616d3689ad6d3c6,0.46394,0.0,0,14679,1,1,0,0,0,0,0,0,0,0,0,0,0,0
1537,8,ca81dc13914d3d72,1.392194,0.0,0,14865,1,0,0,0,0,0,0,0,0,0,0,0,0,0
1538,8,8f04afb04e15a59d,1.045903,0.0,0,14632,1,1,0,0,0,0,0,0,0,0,0,0,0,0
1539,8,b3da430c5efa3fbc,1.830685,0.0,0,14599,2,1,0,0,0,0,0,0,0,0,0,0,0,0
1540,8,a57d76009688109a,1.375325,0.0,0,14627,1,1,0,0,0,0,0,0,0,0,0,0,0,0
1541,8,e85741d52ee7d6c5,1.03323,0.0,0,14679,1,1,0,0,0,0,0,0,0,0,0,0,0,0
1542,8,386da1065bae2c46,0.777004,0.0,0,14597,1,1,0,0,0,0,0,0,0,0,0,0,0,0
1543,8,5b8c16661b372ba8,1.627387,0.0,0,14698,1,0,0,0,0,0,0,0,0,0,0,0,0,0
1544,8,79df0b1b6242d7ab,1.222595,0.0,0,15286,1,1,0,0,0,0,0,0,0,0,0,0,0,0
1545,8,6212ff28b666e051,0.91849,0.0,0,15119,1,1,0,0,0,0,0,0,0,0,0,0,0,0
1546,8,7106cb5cf868a740,0.690718,0.0,0,15469,1,1,0,0,0,0,0,0,0,0,0,0,0,0
1547,8,adaae6c48d82845e,0.51891,0.0,0,15687,1,1,0,0,0,0,0,0,0,0,0,0,0,0
1548,8,cb68c42616b9150b,0.389838,0.0,0,15174,1,1,0,0,0,0,0,0,0,0,0,0,0,0
1549,8,e583d700aa7c64ff,0.293164,0.0,0,14872,1,1,0,0,0,0,0,0,0,0,0,0,0,0
1550,8,9d4b06f83f920c46,1.263896,0.0,0,14837,1,0,0,0,0,0,0,0,0,0,0,0,0,0
1551,8,22378531d33fc4df,0.949518,0.0,0,14832,1,1,0,0,0,0,0,0,0,0,0,0,0,0
1552,8,c0b67fffb6537b6b,1.756991,0.0,0,15065,2,1,0,0,0,0,0,0,0,0,0,0,0,0
1553,8,15c9a493dbd3592a,1.321282,0.0,0,14455,1,1,0,0,0,0,0,0,0,0,0,0,0,0
1554,8,eca4a666f5e17568,0.99263,0.0,0,14404,1,1,0,0,0,0,0,0,0,0,0,0,0,0
1555,8,fea8e3dedaf25868,1.789379,0.0,0,14553,1,0,0,0,0,0,0,0,0,0,0,0,0,0
1556,8,81d5ee037a4f567a,1.345639,0.0,0,14535,1,1,0,0,0,0,0,0,0,0,0,0,0,0
1557,8,3797acd5d9d32b1f,1.010928,0.0,0,14282,1,1,0,0,0,0,0,0,0,0,0,0,0,0
1558,8,fa677570eff13ea3,0.759472,0.0,0,13587,1,1,0,0,0,0,0,0,0,0,0,0,0,0
1559,8,e44073c98a5005db,0.570563,0.0,0,13644,1,1,0,0,0,0,0,0,0,0,0,0,0,0
1560,8,9e157d09bd137519,2.517373,0.0,0,13361,2,0,0,0,0,0,0,0,0,0,0,0,0,0
1561,8,c5741b6dd8a05abd,1.891208,0.0,0,13732,1,1,0,0,0,0,0,0,0,0,0,0,0,0
1562,8,014203454122c95e,1.420794,0.0,0,13730,1,1,0,0,0,0,0,0,0,0,0,0,0,0
1563,8,83018d9bfd0390d0,2.112608,0.0,0,13646,1,0,0,0,0,0,0,0,0,0,0,0,0,0
1564,8,6a64ba931b5537af,1.587123,0.0,0,13809,1,1,0,0,0,0,0,0,0,0,0,0,0,0
1565,8,bc0c4af3821e3717,1.192346,0.0,0,13730,1,1,0,0,0,0,0,0,0,0,0,0,0,0
1566,8,0277a63f9f08bf74,0.895765,0.0,0,13678,1,1,0,0,0,0,0,0,0,0,0,0,0,0
1567,8,afa7aa577948c720,1.717779,0.0,0,13592,1,0,0,0,0,0,0,0,0,0,0,0,0,0
1568,8,14eb3b5ee1c50326,1.290503,0.0,0,13432,1,1,0,0,0,0,0,0,0,0,0,0,0,0
1569,8,7b7932620a8cb2c8,2.01316,0.0,0,13392,2,1,0,0,0,0,0,0,0,0,0,0,0,0
1570,8,c3a5248df701c929,1.513925,0.0,0,13328,1,1,0,0,0,0,0,0,0,0,0,0,0,0
1571,8,49daefd5b59abfad,2.181009,0.0,0,13465,1,0,0,0,0,0,0,0,0,0,0,0,0,0
1572,8,54ad1699123011c0,1.63851,0.0,0,13483,1,1,0,0,0,0,0,0,0,0,0,0,0,0
1573,8,ee1ab0dd27dc5a54,1.230951,0.0,0,13453,1,1,0,0,0,0,0,0,0,0,0,0,0,0
1574,8,9bf2096f32aa72cb,1.969844,0.0,0,13320,1,0,0,0,0,0,0,0,0,0,0,0,0,0
1575,8,0f01ec3b789d0138,1.47987,0.0,0,13214,1,1,0,0,0,0,0,0,0,0,0,0,0,0
1576,8,be57a9d1f6570bf6,2.155424,0.0,0,13339,1,0,0,0,0,0,0,0,0,0,0,0,0,0
1577,9,1fd48474a6be9a50,1.62091,0.0,0,13842,1,1,0,0,0,0,0,0,0,0,0,0,0,0
1578,9,40ab05863d40ab6a,1.217729,0.0,0,14077,1,1,0,0,0,0,0,0,0,0,0,0,0,0
1579,9,9fa3e60e300cac94,1.958488,0.0,0,14241,1,0,0,0,0,0,0,0,0,0,0,0,0,0
1580,9,9522afc9eb92ebd2,1.471338,0.0,0,14081,1,1,0,0,0,0,0,0,0,0,0,0,0,0
1581,9,0fba0eaa5e567fe1,1.106468,0.0,0,14044,1,1,0,0,0,0,0,0,0,0,0,0,0,0
1582,9,8f9f8c22e25048df,0.831248,0.0,0,13867,1,1,0,0,0,0,0,0,0,0,0,0,0,0
1583,9,025aca0c2fc547cd,1.668139,0.0,0,14022,1,0,0,0,0,0,0,0,0,0,0,0,0,0
1584,9,ea7305c3d0c4eb0e,2.298615,0.0,0,13875,2,1,0,0,0,0,0,0,0,0,0,0,0,0
1585,9,b3bc2710b036c5b2,1.726863,0.0,0,13976,1,1,0,0,0,0,0,0,0,0,0,0,0,0
1586,9,3c254a4fca255c07,1.297328,0.0,0,14144,1,1,0,0,0,0,0,0,0,0,0,0,0,0
1587,9,7fb0256f65ce4ff6,2.018287,0.0,0,13940,1,0,0,0,0,0,0,0,0,0,0,0,0,0
1588,9,a69e89495c03d18a,1.517781,0.0,0,13934,1,1,0,0,0,0,0,0,0,0,0,0,0,0
1589,9,ba87dd4319678e85,1.140252,0.0,0,14068,1,1,0,0,0,0,0,0,0,0,0,0,0,0
1590,9,3e895dd2e76d3ae9,2.943935,0.0,0,13950,2,0,0,0,0,0,0,0,0,0,0,0,0,0
1591,9,5bfa9aaebee05047,2.213881,0.0,0,13888,1,1,0,0,0,0,0,0,0,0,0,0,0,0
1592,9,ca3938afd42b6b51,1.663206,0.0,0,13995,1,1,0,0,0,0,0,0,0,0,0,0,0,0
1593,9,3840b1179d01d5ca,1.249505,0.0,0,13946,1,1,0,0,0,0,0,0,0,0,0,0,0,0
1594,9,3ad00a257add4750,1.98236,0.0,0,14018,1,0,0,0,0,0,0,0,0,0,0,0,0,0
1595,9,715e21df0f1ac6b8,1.490763,0.0,0,14040,1,1,0,0,0,0,0,0,0,0,0,0,0,0
1596,9,ab882b57d80326bc,1.119954,0.0,0,13946,1,1,0,0,0,0,0,0,0,0,0,0,0,0
1597,9,de121b1615b372cf,2.928686,0.0,0,14055,2,0,0,0,0,0,0,0,0,0,0,0,0,0
1598,9,58b8431551715724,2.202414,0.0,0,13867,1,1,0,0,0,0,0,0,0,0,0,0,0,0
1599,9,23e17bd6c1c20f85,1.654591,0.0,0,14046,1,1,0,0,0,0,0,0,0,0,0,0,0,0
1600,9,c8292701595322e6,1.243033,0.0,0,13985,1,1,0,0,0,0,0,0,0,0,0,0,0,0
1601,9,10c80b0b9d50bf2d,0.933844,0.0,0,13927,1,1,0,0,0,0,0,0,0,0,0,0,0,0
1602,9,f6d7570dbe7171fa,1.746414,0.0,0,13795,1,0,0,0,0,0,0,0,0,0,0,0,0,0
1603,9,50afc0b225fbdddd,1.312016,0.0,0,14183,1,1,0,0,0,0,0,0,0,0,0,0,0,0
1604,9,26bf505ffeb94bbf,0.985668,0.0,0,14141,1,1,0,0,0,0,0,0,0,0,0,0,0,0
1605,9,e40473ff344e55ae,1.785387,0.0,0,13872,2,1,0,0,0,0,0,0,0,0,0,0,0,0
1606,9,90ecaf7479b68915,2.384948,0.0,0,13999,1,0,0,0,0,0,0,0,0,0,0,0,0,0
1607,9,90f3fabff4cf81db,1.791722,0.0,0,14075,1,1,0,0,0,0,0,0,0,0,0,0,0,0
1608,9,856e34ca1b879edb,1.346054,0.0,0,13870,1,1,0,0,0,0,0,0,0,0,0,0,0,0
1609,9,0b681578e0b3316e,1.012252,0.0,0,13871,1,1,0,0,0,0,0,0,0,0,0,0,0,0
1610,9,f010d85dc887294f,2.847774,0.0,0,13916,2,0,0,0,0,0,0,0,0,0,0,0,0,0
1611,9,64c1c78f7859fdad,2.139426,0.0,0,13942,1,1,0,0,0,0,0,0,0,0,0,0,0,0
1612,9,c16d3e1a1b7346bd,1.608879,0.0,0,13770,1,1,0,0,0,0,0,0,0,0,0,0,0,0
1613,9,65f500e78f5a12d1,1.20869,0.0,0,13837,1,1,0,0,0,0,0,0,0,0,0,0,0,0
1614,9,5e19057a0c8c6807,2.995351,0.0,0,13981,2,0,0,0,0,0,0,0,0,0,0,0,0,0
1615,9,44320a4d3a956612,2.250295,0.0,0,14101,1,1,0,0,0,0,0,0,0,0,0,0,0,0
1616,9,38b796b0b0b8f2b8,1.692254,0.0,0,13918,1,1,0,0,0,0,0,0,0,0,0,0,0,0
1617,9,c379cd949bc282f4,2.31498,0.0,0,13859,1,0,0,0,0,0,0,0,0,0,0,0,0,0
1618,9,12d1e1e820a0d614,1.739158,0.0,0,13878,1,1,0,0,0,0,0,0,0,0,0,0,0,0
1619,9,bf6fdb6268d4c1b5,2.352022,0.0,0,13891,1,0,0,0,0,0,0,0,0,0,0,0,0,0
1620,9,e14f41c0f161c030,1.766986,0.0,0,13833,1,1,0,0,0,0,0,0,0,0,0,0,0,0
1621,9,7a064671f6ccdd64,1.327471,0.0,0,13852,1,1,0,0,0,0,0,0,0,0,0,0,0,0
1622,9,9e0e0e4b61087210,3.084586,0.0,0,13664,2,0,0,0,0,0,0,0,0,0,0,0,0,0
1623,9,716d9db5530b7837,2.319653,0.0,0,13625,1,1,0,0,0,0,0,0,0,0,0,0,0,0
1624,9,ae451b5fb0da7aba,2.786322,0.0,0,14153,1,0,0,0,0,0,0,0,0,0,0,0,0,0
1625,9,ba71e80f7c9a028c,2.093259,0.0,0,13899,1,1,0,0,0,0,0,0,0,0,0,0,0,0
1626,9,38fd96a5dde63ba1,1.574161,0.0,0,13862,1,1,0,0,0,0,0,0,0,0,0,0,0,0
1627,9,42ca8b1088f35298,1.182608,0.0,0,13711,1,1,0,0,0,0,0,0,0,0,0,0,0,0
1628,9,5d2ecb2a857c5504,1.932103,0.0,0,13791,1,0,0,0,0,0,0,0,0,0,0,0,0,0
1629,9,7948500a3de7df9e,1.451517,0.0,0,13757,1,1,0,0,0,0,0,0,0,0,0,0,0,0
1630,9,c4e4cfc90b2a54a7,1.091561,0.0,0,13955,1,1,0,0,0,0,0,0,0,0,0,0,0,0
1631,9,5b86726468e64b1f,1.863702,0.0,0,13882,1,0,0,0,0,0,0,0,0,0,0,0,0,0
1632,9,d54300c993a1d377,1.40013,0.0,0,13884,1,1,0,0,0,0,0,0,0,0,0,0,0,0
1633,9,a8570d107ec6a469,1.052918,0.0,0,13795,1,1,0,0,0,0,0,0,0,0,0,0,0,0
1634,9,1416f958c7ffa408,0.791018,0.0,0,13989,1,1,0,0,0,0,0,0,0,0,0,0,0,0
1635,9,4abbe4b5972bd3bb,0.594262,0.0,0,13886,1,1,0,0,0,0,0,0,0,0,0,0,0,0
1636,9,6de8cf41e4a70384,1.4901,0.0,0,13827,1,0,0,0,0,0,0,0,0,0,0,0,0,0
1637,9,72f11724885a9a5a,1.120577,0.0,0,13850,1,1,0,0,0,0,0,0,0,0,0,0,0,0
1638,9,85fe4b2d4b4e16cb,0.841847,0.0,0,14070,1,1,0,0,0,0,0,0,0,0,0,0,0,0
1639,9,e99135ff19c9f242,1.676102,0.0,0,13951,2,1,0,0,0,0,0,0,0,0,0,0,0,0
1640,9,3b187699726ff0b4,2.304603,0.0,0,15056,1,0,0,0,0,0,0,0,0,0,0,0,0,0
1641,9,de71eebb0aaf0a82,1.731362,0.0,0,15031,1,1,0,0,0,0,0,0,0,0,0,0,0,0
1642,9,a2ef216287bb8fca,1.300708,0.0,0,16245,1,1,0,0,0,0,0,0,0,0,0,0,0,0
1643,9,361322600fcb0e2a,2.020826,0.0,0,16184,2,1,0,0,0,0,0,0,0,0,0,0,0,0
1644,9,953f14b71a06a0d4,2.563841,0.0,0,16028,1,0,0,0,0,0,0,0,0,0,0,0,0,0
1645,9,394ad96e7ef83ee1,1.926118,0.0,0,15848,1,1,0,0,0,0,0,0,0,0,0,0,0,0
1646,9,4060cbeee6c78b4e,2.490674,0.0,0,15949,2,1,0,0,0,0,0,0,0,0,0,0,0,0
1647,9,fa66139b13819d2c,2.917173,0.0,0,15496,1,0,0,0,0,0,0,0,0,0,0,0,0,0
1648,9,751a2c48956d374b,3.235216,0.0,0,15703,2,1,0,0,0,0,0,0,0,0,0,0,0,0
1649,9,e8c0ed95a693b070,2.430497,0.0,0,16064,1,1,0,0,0,0,0,0,0,0,0,0,0,0
1650,9,35664dffb7095540,1.825941,0.0,0,15749,1,1,0,0,0,0,0,0,0,0,0,0,0,0
1651,9,30b579eeb691fe62,2.417284,0.0,0,15954,2,1,0,0,0,0,0,0,0,0,0,0,0,0
1652,9,03a1848973d95919,2.859669,0.0,0,16208,1,0,0,0,0,0,0,0,0,0,0,0,0,0
1653,9,fc84d27456b84041,2.148362,0.0,0,16323,1,1,0,0,0,0,0,0,0,0,0,0,0,0
1654,9,3a12ff5e76122890,1.615599,0.0,0,14999,1,1,0,0,0,0,0,0,0,0,0,0,0,0
1655,9,074049c67f1134db,2.257393,0.0,0,13716,2,1,0,0,0,0,0,0,0,0,0,0,0,0
1656,9,cbbf67f210b6e460,1.695895,0.0,0,13915,1,1,0,0,0,0,0,0,0,0,0,0,0,0
1657,9,d5d5ba3b825f6d3b,2.317716,0.0,0,13828,1,0,0,0,0,0,0,0,0,0,0,0,0,0
1658,9,3534f48d3001e772,2.787106,0.0,0,13972,2,1,0,0,0,0,0,0,0,0,0,0,0,0
1659,9,43a3519ed11613ae,2.093848,0.0,0,13919,1,1,0,0,0,0,0,0,0,0,0,0,0,0
1660,9,23da778333d59a31,2.616683,0.0,0,13979,1,0,0,0,0,0,0,0,0,0,0,0,0,0
1661,9,a60a0a915ce5d17d,1.967783,0.0,0,13901,1,1,0,0,0,0,0,0,0,0,0,0,0,0
1662,9,c82732590f010317,2.521975,0.0,0,14047,1,0,0,0,0,0,0,0,0,0,0,0,0,0
1663,9,e6a61824b2c59f65,1.894666,0.0,0,13927,1,1,0,0,0,0,0,0,0,0,0,0,0,0
1664,9,9ede4ad7f282814d,1.423392,0.0,0,14012,1,1,0,0,0,0,0,0,0,0,0,0,0,0
1665,9,ef42d8f715594ad5,2.114561,0.0,0,13941,1,0,0,0,0,0,0,0,0,0,0,0,0,0
1666,9,e80f0d88ded0cd38,1.588591,0.0,0,14029,1,1,0,0,0,0,0,0,0,0,0,0,0,0
1667,9,f661e4ac193997e4,3.280756,0.0,0,13777,2,0,0,0,0,0,0,0,0,0,0,0,0,0
1668,9,9a2fc479ddbebd39,2.467175,0.0,0,13805,1,1,0,0,0,0,0,0,0,0,0,0,0,0
1669,9,da90dbdd6d624f5d,1.853496,0.0,0,13823,1,1,0,0,0,0,0,0,0,0,0,0,0,0
1670,9,75deccf8aa24c49b,2.436116,0.0,0,13946,1,0,0,0,0,0,0,0,0,0,0,0,0,0
1671,9,eb325938391abeb2,1.830163,0.0,0,13647,1,1,0,0,0,0,0,0,0,0,0,0,0,0
1672,9,778892b15e06d920,1.376308,0.0,0,13570,1,1,0,0,0,0,0,0,0,0,0,0,0,0
1673,9,a01467008deb122c,2.077622,0.0,0,13669,1,0,0,0,0,0,0,0,0,0,0,0,0,0
1674,9,b63696168efbc4f7,1.56084,0.0,0,13713,1,1,0,0,0,0,0,0,0,0,0,0,0,0
1675,9,dcaf23f71ba1623e,1.173774,0.0,0,13661,1,1,0,0,0,0,0,0,0,0,0,0,0,0
1676,9,7f717cdb9e86f719,0.881813,0.0,0,13777,1,1,0,0,0,0,0,0,0,0,0,0,0,0
1677,9,d1f035fa4196ed90,1.706126,0.0,0,13801,1,0,0,0,0,0,0,0,0,0,0,0,0,0
1678,9,7447d371f6549eaf,1.281749,0.0,0,13832,1,1,0,0,0,0,0,0,0,0,0,0,0,0
1679,9,f126cfe9bcd68430,0.963893,0.0,0,13787,1,1,0,0,0,0,0,0,0,0,0,0,0,0
1680,9,c521531d9c38ce9e,1.76779,0.0,0,13844,1,0,0,0,0,0,0,0,0,0,0,0,0,0
1681,9,7efaf37869737f88,2.371728,0.0,0,13922,2,1,0,0,0,0,0,0,0,0,0,0,0,0
1682,9,6c0a85a2d5b02ac6,1.783573,0.0,0,13907,1,1,0,0,0,0,0,0,0,0,0,0,0,0
1683,9,defe135c0e5cdb15,2.383585,0.0,0,13953,1,0,0,0,0,0,0,0,0,0,0,0,0,0
1684,9,38d3c1e4299ca3a1,1.790699,0.0,0,14741,1,1,0,0,0,0,0,0,0,0,0,0,0,0
1685,9,4935908b76a986cb,1.345285,0.0,0,14722,1,1,0,0,0,0,0,0,0,0,0,0,0,0
1686,9,5ba2a122a47d6016,1.011673,0.0,0,15489,1,1,0,0,0,0,0,0,0,0,0,0,0,0
1687,9,964c1a4e9fd5592f,0.760032,0.0,0,15192,1,1,0,0,0,0,0,0,0,0,0,0,0,0
1688,9,b31f0c55f8210bfa,0.570984,0.0,0,15073,1,1,0,0,0,0,0,0,0,0,0,0,0,0
1689,9,3c7b0f230debcdd3,1.473539,0.0,0,14602,2,1,0,0,0,0,0,0,0,0,0,0,0,0
1690,9,8668a132856e12d3,2.150668,0.0,0,14554,1,0,0,0,0,0,0,0,0,0,0,0,0,0
1691,9,61493272707f5da5,1.615716,0.0,0,14294,1,1,0,0,0,0,0,0,0,0,0,0,0,0
1692,9,1afa389a60f3ea2b,1.213827,0.0,0,14720,1,1,0,0,0,0,0,0,0,0,0,0,0,0
1693,9,16c6cd20d82109d7,0.912815,0.0,0,14403,1,1,0,0,0,0,0,0,0,0,0,0,0,0
1694,9,d6726e18e9347420,1.729417,0.0,0,14602,2,1,0,0,0,0,0,0,0,0,0,0,0,0
1695,9,ffe8426496e3a624,1.299247,0.0,0,14067,1,1,0,0,0,0,0,0,0,0,0,0,0,0
1696,9,796745e4abd66815,2.021203,0.0,0,14067,1,0,0,0,0,0,0,0,0,0,0,0,0,0
1697,9,4ee238639430a110,1.518454,0.0,0,13935,1,1,0,0,0,0,0,0,0,0,0,0,0,0
1698,9,3d8ef94f6d7b4ed5,1.140758,0.0,0,14002,1,1,0,0,0,0,0,0,0,0,0,0,0,0
1699,9,db02151f3590b368,1.900662,0.0,0,13978,1,0,0,0,0,0,0,0,0,0,0,0,0,0
1700,9,8e6aaa585b37bb97,1.429325,0.0,0,13924,1,1,0,0,0,0,0,0,0,0,0,0,0,0
1701,9,2da9ec4c1c0996f5,2.117452,0.0,0,13859,2,1,0,0,0,0,0,0,0,0,0,0,0,0
1702,9,17a78252debd6b7d,2.634416,0.0,0,13886,1,0,0,0,0,0,0,0,0,0,0,0,0,0
1703,9,8b21e938f335b56a,1.981118,0.0,0,13860,1,1,0,0,0,0,0,0,0,0,0,0,0,0
1704,9,d1f87fc3fdfeea52,1.48834,0.0,0,13986,1,1,0,0,0,0,0,0,0,0,0,0,0,0
1705,9,c7163235cb3c6682,2.161788,0.0,0,13937,2,1,0,0,0,0,0,0,0,0,0,0,0,0
1706,9,8c16b7fbfbac9f93,2.667724,0.0,0,14260,1,0,0,0,0,0,0,0,0,0,0,0,0,0
1707,9,027d1f645e44b8a7,2.006166,0.0,0,14191,1,1,0,0,0,0,0,0,0,0,0,0,0,0
1708,9,c8748aec0eb53e45,2.550811,0.0,0,14309,1,0,0,0,0,0,0,0,0,0,0,0,0,0
1709,9,487b6edb27239977,1.916329,0.0,0,14108,1,1,0,0,0,0,0,0,0,0,0,0,0,0
1710,9,065b44bfd048bfc9,2.485257,0.0,0,13972,2,1,0,0,0,0,0,0,0,0,0,0,0,0
1711,9,07b66c4127efe56c,2.910734,0.0,0,13835,1,0,0,0,0,0,0,0,0,0,0,0,0,0
1712,9,37a97e87c9530200,2.186726,0.0,0,14454,1,1,0,0,0,0,0,0,0,0,0,0,0,0
1713,9,1550dc9429cbec6a,2.686459,0.0,0,14125,1,0,0,0,0,0,0,0,0,0,0,0,0,0
1714,9,7f64bc9698067334,2.020255,0.0,0,14060,1,1,0,0,0,0,0,0,0,0,0,0,0,0
1715,9,ab3cff5d030dca03,2.561396,0.0,0,14069,1,0,0,0,0,0,0,0,0,0,0,0,0,0
1716,9,a7f1ee7e06a962d6,1.924281,0.0,0,14112,1,1,0,0,0,0,0,0,0,0,0,0,0,0
1717,9,10d7a20a0017fa31,1.447087,0.0,0,14019,1,1,0,0,0,0,0,0,0,0,0,0,0,0
1718,9,0984f32471eb6539,2.130795,0.0,0,14146,2,1,0,0,0,0,0,0,0,0,0,0,0,0
1719,9,2bbc81435bd6d68e,1.600787,0.0,0,13930,1,1,0,0,0,0,0,0,0,0,0,0,0,0
1720,9,87a038b0bdeb5a39,2.246265,0.0,0,14043,1,0,0,0,0,0,0,0,0,0,0,0,0,0
1721,9,386c529f75f7f1ea,1.689223,0.0,0,13843,1,1,0,0,0,0,0,0,0,0,0,0,0,0
1722,9,d3e90cc5d6f8856b,1.26905,0.0,0,14127,1,1,0,0,0,0,0,0,0,0,0,0,0,0
1723,9,8d8c17b280e3bbcf,0.95339,0.0,0,14199,1,1,0,0,0,0,0,0,0,0,0,0,0,0
1724,9,3dd04cc7150c4763,1.761113,0.0,0,14067,1,0,0,0,0,0,0,0,0,0,0,0,0,0
1725,9,1687f92cf255f071,1.323059,0.0,0,14198,1,1,0,0,0,0,0,0,0,0,0,0,0,0
1726,9,ca2cb0878932d23e,2.037618,0.0,0,14277,2,1,0,0,0,0,0,0,0,0,0,0,0,0
1727,9,e986fc21a8f774fc,2.574439,0.0,0,14094,1,0,0,0,0,0,0,0,0,0,0,0,0,0
1728,9,fd317826bc411dc4,1.936015,0.0,0,13993,1,1,0,0,0,0,0,0,0,0,0,0,0,0
1729,9,9c95ef82830ee9aa,1.454456,0.0,0,14311,1,1,0,0,0,0,0,0,0,0,0,0,0,0
1730,9,266521425f924722,1.092678,0.0,0,14125,1,1,0,0,0,0,0,0,0,0,0,0,0,0
1731,9,9a49882b88de968f,0.82171,0.0,0,14158,1,1,0,0,0,0,0,0,0,0,0,0,0,0
1732,9,c115208831479a11,1.660973,0.0,0,14201,1,0,0,0,0,0,0,0,0,0,0,0,0,0
1733,9,0e9bfa0c2b1d6e98,1.247827,0.0,0,14467,1,1,0,0,0,0,0,0,0,0,0,0,0,0
1734,9,28388842e41c781d,0.937446,0.0,0,14445,1,1,0,0,0,0,0,0,0,0,0,0,0,0
1735,9,e77ab20bc78312bf,1.749123,0.0,0,15130,1,0,0,0,0,0,0,0,0,0,0,0,0,0
1736,9,604f36732a547a50,2.357704,0.0,0,14947,2,1,0,0,0,0,0,0,0,0,0,0,0,0
1737,9,7bb4b3018ac4d750,1.771255,0.0,0,14947,1,1,0,0,0,0,0,0,0,0,0,0,0,0
1738,9,47850d939f2d5503,1.332009,0.0,0,15340,1,1,0,0,0,0,0,0,0,0,0,0,0,0
1739,9,88f3b8bd20399bb6,2.044342,0.0,0,15427,1,0,0,0,0,0,0,0,0,0,0,0,0,0
1740,9,380051526d285e30,1.535838,0.0,0,15175,1,1,0,0,0,0,0,0,0,0,0,0,0,0
1741,9,51c3d919eb367983,2.197471,0.0,0,15166,2,1,0,0,0,0,0,0,0,0,0,0,0,0
1742,9,3d6220bb0691578b,2.69668,0.0,0,14530,1,0,0,0,0,0,0,0,0,0,0,0,0,0
1743,9,39995b14512a0288,2.025915,0.0,0,14601,1,1,0,0,0,0,0,0,0,0,0,0,0,0
1744,9,9303a20390443dfd,1.521994,0.0,0,15620,1,1,0,0,0,0,0,0,0,0,0,0,0,0
1745,9,536a74eb5ac74ae7,2.188712,0.0,0,15517,2,1,0,0,0,0,0,0,0,0,0,0,0,0
1746,9,6cebc2dbe5023be0,2.687951,0.0,0,15314,1,0,0,0,0,0,0,0,0,0,0,0,0,0
1747,9,6d44548e5401ed51,2.019357,0.0,0,15622,1,1,0,0,0,0,0,0,0,0,0,0,0,0
1748,9,e89c2fa15a16b91a,2.560721,0.0,0,15831,2,1,0,0,0,0,0,0,0,0,0,0,0,0
1749,9,3c0c2a446b747c9a,2.969849,0.0,0,15809,1,0,0,0,0,0,0,0,0,0,0,0,0,0
1750,9,927139a879aa9494,2.231136,0.0,0,14392,1,1,0,0,0,0,0,0,0,0,0,0,0,0
1751,9,af5c3585cfe9a309,2.719823,0.0,0,13591,2,1,0,0,0,0,0,0,0,0,0,0,0,0
1752,9,3653907481762be5,3.089496,0.0,0,13792,1,0,0,0,0,0,0,0,0,0,0,0,0,0
1753,9,cf064e89d6ab8c71,2.321023,0.0,0,14243,1,1,0,0,0,0,0,0,0,0,0,0,0,0
1754,9,089f84715ef0e4f5,1.743698,0.0,0,14375,1,1,0,0,0,0,0,0,0,0,0,0,0,0
1755,9,4ca279ddc528c356,2.353628,0.0,0,14347,1,0,0,0,0,0,0,0,0,0,0,0,0,0
1756,9,2d7ac4d0cf2cf3c9,2.814113,0.0,0,14461,2,1,0,0,0,0,0,0,0,0,0,0,0,0
1757,9,5b66038e0282c060,2.114138,0.0,0,14445,1,1,0,0,0,0,0,0,0,0,0,0,0,0
1758,9,da049c789f257868,2.631926,0.0,0,14233,1,0,0,0,0,0,0,0,0,0,0,0,0,0
1759,9,64bb5b4021da3351,1.979246,0.0,0,14098,1,1,0,0,0,0,0,0,0,0,0,0,0,0
1760,9,d5b18077d17e0ee7,1.486933,0.0,0,13999,1,1,0,0,0,0,0,0,0,0,0,0,0,0
1761,9,c1ab09c376dc3a04,2.160731,0.0,0,13865,1,0,0,0,0,0,0,0,0,0,0,0,0,0
1762,9,871b3559499bb064,1.623276,0.0,0,13746,1,1,0,0,0,0,0,0,0,0,0,0,0,0
1763,9,6447808306f84c8f,1.220727,0.0,0,13652,1,1,0,0,0,0,0,0,0,0,0,0,0,0
1764,9,39e77bf28b763eab,1.96074,0.0,0,13664,2,1,0,0,0,0,0,0,0,0,0,0,0,0
1765,9,0cd1ba75d62981f3,2.516684,0.0,0,13818,1,0,0,0,0,0,0,0,0,0,0,0,0,0
1766,9,b0f4c0835baadaf8,1.892582,0.0,0,13668,1,1,0,0,0,0,0,0,0,0,0,0,0,0
1767,9,be2daa79049c1bc0,2.46548,0.0,0,13769,1,0,0,0,0,0,0,0,0,0,0,0,0,0
1768,9,aef4e292d298c7ea,1.852223,0.0,0,13810,1,1,0,0,0,0,0,0,0,0,0,0,0,0
1769,10,1fd48474a6be9a50,1.391506,0.0,0,14003,1,1,0,0,0,0,0,0,0,0,0,0,0,0
1770,10,40ab05863d40ab6a,1.046432,0.0,0,14090,1,1,0,0,0,0,0,0,0,0,0,0,0,0
1771,10,9fa3e60e300cac94,1.829799,0.0,0,14280,1,0,0,0,0,0,0,0,0,0,0,0,0,0
1772,10,9522afc9eb92ebd2,1.374659,0.0,0,14057,1,1,0,0,0,0,0,0,0,0,0,0,0,0
1773,10,0fba0eaa5e567fe1,1.033763,0.0,0,13995,1,1,0,0,0,0,0,0,0,0,0,0,0,0
1774,10,8f9f8c22e25048df,2.863935,0.0,0,13968,2,0,0,0,0,0,0,0,0,0,0,0,0,0
1775,10,025aca0c2fc547cd,1.107914,0.0,0,14061,0,1,0,0,0,0,0,0,0,0,0,0,0,0
1776,10,ea7305c3d0c4eb0e,1.875987,0.0,0,14036,2,1,0,0,0,0,0,0,0,0,0,0,0,0
1777,10,b3bc2710b036c5b2,1.410769,0.0,0,13810,1,1,0,0,0,0,0,0,0,0,0,0,0,0
1778,10,3c254a4fca255c07,2.103512,0.0,0,13942,1,0,0,0,0,0,0,0,0,0,0,0,0,0
1779,10,7fb0256f65ce4ff6,1.58029,0.0,0,14139,1,1,0,0,0,0,0,0,0,0,0,0,0,0
1780,10,a69e89495c03d18a,1.1884,0.0,0,13937,1,1,0,0,0,0,0,0,0,0,0,0,0,0
1781,10,ba87dd4319678e85,0.892801,0.0,0,13944,1,1,0,0,0,0,0,0,0,0,0,0,0,0
1782,10,3e895dd2e76d3ae9,1.714381,0.0,0,13961,1,0,0,0,0,0,0,0,0,0,0,0,0,0
1783,10,5bfa9aaebee05047,1.28795,0.0,0,13894,1,1,0,0,0,0,0,0,0,0,0,0,0,0
1784,10,ca3938afd42b6b51,0.968557,0.0,0,13949,1,1,0,0,0,0,0,0,0,0,0,0,0,0
1785,10,3840b1179d01d5ca,0.727641,0.0,0,14002,1,1,0,0,0,0,0,0,0,0,0,0,0,0
1786,10,3ad00a257add4750,0.546649,0.0,0,14069,1,1,0,0,0,0,0,0,0,0,0,0,0,0
1787,10,715e21df0f1ac6b8,2.499389,0.0,0,13909,2,0,0,0,0,0,0,0,0,0,0,0,0,0
1788,10,ab882b57d80326bc,1.877698,0.0,0,14161,1,1,0,0,0,0,0,0,0,0,0,0,0,0
1789,10,de121b1615b372cf,1.410644,0.0,0,14053,1,1,0,0,0,0,0,0,0,0,0,0,0,0
1790,10,58b8431551715724,1.059764,0.0,0,13912,1,1,0,0,0,0,0,0,0,0,0,0,0,0
1791,10,23e17bd6c1c20f85,1.841108,0.0,0,13851,1,0,0,0,0,0,0,0,0,0,0,0,0,0
1792,10,c8292701595322e6,1.383156,0.0,0,14077,1,1,0,0,0,0,0,0,0,0,0,0,0,0
1793,10,10c80b0b9d50bf2d,1.039113,0.0,0,13947,1,1,0,0,0,0,0,0,0,0,0,0,0,0
1794,10,f6d7570dbe7171fa,1.825578,0.0,0,13856,1,0,0,0,0,0,0,0,0,0,0,0,0,0
1795,10,50afc0b225fbdddd,1.371489,0.0,0,14002,1,1,0,0,0,0,0,0,0,0,0,0,0,0
1796,10,26bf505ffeb94bbf,2.074002,0.0,0,14146,2,1,0,0,0,0,0,0,0,0,0,0,0,0
1797,10,e40473ff344e55ae,1.55812,0.0,0,14089,1,1,0,0,0,0,0,0,0,0,0,0,0,0
1798,10,90ecaf7479b68915,2.215879,0.0,0,13784,1,0,0,0,0,0,0,0,0,0,0,0,0,0
1799,10,90f3fabff4cf81db,1.664707,0.0,0,14108,1,1,0,0,0,0,0,0,0,0,0,0,0,0
1800,10,856e34ca1b879edb,1.250632,0.0,0,13967,1,1,0,0,0,0,0,0,0,0,0,0,0,0
1801,10,0b681578e0b3316e,1.984644,0.0,0,13899,2,1,0,0,0,0,0,0,0,0,0,0,0,0
1802,10,f010d85dc887294f,2.534642,0.0,0,13879,1,0,0,0,0,0,0,0,0,0,0,0,0,0
1803,10,64c1c78f7859fdad,1.904182,0.0,0,13888,1,1,0,0,0,0,0,0,0,0,0,0,0,0
1804,10,c16d3e1a1b7346bd,1.430541,0.0,0,13861,1,1,0,0,0,0,0,0,0,0,0,0,0,0
1805,10,65f500e78f5a12d1,1.075787,0.0,0,13928,1,1,0,0,0,0,0,0,0,0,0,0,0,0
1806,10,9d9a6a3fa5fc68ef,1.851852,0.0,0,13935,1,0,0,0,0,0,0,0,0,0,0,0,0,0
1807,10,c9f741938b901a2c,1.391227,0.0,0,14073,1,1,0,0,0,0,0,0,0,0,0,0,0,0
1808,10,ef83c37bfd8abbf8,2.090373,0.0,0,13869,2,1,0,0,0,0,0,0,0,0,0,0,0,0
1809,10,ba7b9bb2934818a3,2.614073,0.0,0,13847,1,0,0,0,0,0,0,0,0,0,0,0,0,0
1810,10,4f2b2ce4a223fb71,1.963855,0.0,0,13955,1,1,0,0,0,0,0,0,0,0,0,0,0,0
1811,10,8ee0f215545717e4,1.475371,0.0,0,13647,1,1,0,0,0,0,0,0,0,0,0,0,0,0
1812,10,acef73e69ba223a6,2.15365,0.0,0,13686,1,0,0,0,0,0,0,0,0,0,0,0,0,0
1813,10,f3a319b4cb551edc,1.617957,0.0,0,13870,1,1,0,0,0,0,0,0,0,0,0,0,0,0
1814,10,f42c00ec90478151,1.215511,0.0,0,13469,1,1,0,0,0,0,0,0,0,0,0,0,0,0
1815,10,dc0783652a75a15b,3.002382,0.0,0,13538,2,0,0,0,0,0,0,0,0,0,0,0,0,0
1816,10,2ae438f3ea91a622,2.255578,0.0,0,13762,1,1,0,0,0,0,0,0,0,0,0,0,0,0
1817,10,7e5f1a0e6e0f6028,2.738184,0.0,0,13836,1,0,0,0,0,0,0,0,0,0,0,0,0,0
1818,10,0705d71dbf0fd601,2.057096,0.0,0,13654,1,1,0,0,0,0,0,0,0,0,0,0,0,0
1819,10,949dde9f1b1e5886,1.546965,0.0,0,13687,1,1,0,0,0,0,0,0,0,0,0,0,0,0
1820,10,7641a8807333fd70,2.205831,0.0,0,13597,1,0,0,0,0,0,0,0,0,0,0,0,0,0
1821,10,41318af6f5549a9f,1.657158,0.0,0,13724,1,1,0,0,0,0,0,0,0,0,0,0,0,0
1822,10,7ffc471efc72fe2f,2.290357,0.0,0,13619,1,0,0,0,0,0,0,0,0,0,0,0,0,0
1823,10,34ff2f3961d2f99f,1.72066,0.0,0,14052,1,1,0,0,0,0,0,0,0,0,0,0,0,0
1824,10,3c02ee8d477e9764,1.292667,0.0,0,13643,1,1,0,0,0,0,0,0,0,0,0,0,0,0
1825,10,f73d5f0b0c1d81ff,2.014786,0.0,0,13867,1,0,0,0,0,0,0,0,0,0,0,0,0,0
1826,10,e656d02c25db3781,1.515148,0.0,0,13772,1,1,0,0,0,0,0,0,0,0,0,0,0,0
1827,10,2c84c8f67ae5e607,1.138274,0.0,0,13780,1,1,0,0,0,0,0,0,0,0,0,0,0,0
1828,10,dcb27db98e89f513,1.898796,0.0,0,13888,2,1,0,0,0,0,0,0,0,0,0,0,0,0
1829,10,8be3785daa875b8a,1.427922,0.0,0,13732,1,1,0,0,0,0,0,0,0,0,0,0,0,0
1830,10,4aaea99f6ac59e27,2.116397,0.0,0,14019,1,0,0,0,0,0,0,0,0,0,0,0,0,0
1831,10,aec729454a9a1f18,1.58997,0.0,0,13993,1,1,0,0,0,0,0,0,0,0,0,0,0,0
1832,10,1b41aa863285f5c1,1.194485,0.0,0,13901,1,1,0,0,0,0,0,0,0,0,0,0,0,0
1833,10,32fd1d9e0020a202,1.94242,0.0,0,13895,1,0,0,0,0,0,0,0,0,0,0,0,0,0
1834,10,f58bfb7c7a613e57,2.502921,0.0,0,14055,2,1,0,0,0,0,0,0,0,0,0,0,0,0
1835,10,79677f7746bd59d4,1.880351,0.0,0,13773,1,1,0,0,0,0,0,0,0,0,0,0,0,0
1836,10,7e9471a6b64ad0e1,2.458201,0.0,0,13799,1,0,0,0,0,0,0,0,0,0,0,0,0,0
1837,10,17bf3f6a53b3acbd,1.846755,0.0,0,14071,1,1,0,0,0,0,0,0,0,0,0,0,0,0
1838,10,ee1a1cd50f2951de,1.387398,0.0,0,14151,1,1,0,0,0,0,0,0,0,0,0,0,0,0
1839,10,8cfdd8d741f0fa72,2.085953,0.0,0,14387,2,1,0,0,0,0,0,0,0,0,0,0,0,0
1840,10,c0be460fdcbbda7f,2.612817,0.0,0,14931,1,0,0,0,0,0,0,0,0,0,0,0,0,0
1841,10,a6fbea34fb95680f,1.962912,0.0,0,14847,1,1,0,0,0,0,0,0,0,0,0,0,0,0
1842,10,e0932b7b1defa8c5,1.474662,0.0,0,16327,1,1,0,0,0,0,0,0,0,0,0,0,0,0
1843,10,af4aa705dace5bec,2.153118,0.0,0,16384,1,0,0,0,0,0,0,0,0,0,0,0,0,0
1844,10,24236b32be665c60,1.617557,0.0,0,16529,1,1,0,0,0,0,0,0,0,0,0,0,0,0
1845,10,c4097fcea9b10d06,2.258863,0.0,0,16386,2,1,0,0,0,0,0,0,0,0,0,0,0,0
1846,10,42b88000d6b2c46d,2.740653,0.0,0,16495,1,0,0,0,0,0,0,0,0,0,0,0,0,0
1847,10,58b9d8bb825ec1ac,2.06101,0.0,0,16380,1,1,0,0,0,0,0,0,0,0,0,0,0,0
1848,10,0cdcb1f8b6cb8e44,2.592013,0.0,0,16976,2,1,0,0,0,0,0,0,0,0,0,0,0,0
1849,10,d200bce1af06ee51,2.990936,0.0,0,17062,1,0,0,0,0,0,0,0,0,0,0,0,0,0
1850,10,90d4ee6d4b59826e,3.293377,0.0,0,16631,2,1,0,0,0,0,0,0,0,0,0,0,0,0
1851,10,095ec8464e0215e8,2.474191,0.0,0,16856,1,1,0,0,0,0,0,0,0,0,0,0,0,0
1852,10,de1e73e1c7eca292,1.858767,0.0,0,16884,1,1,0,0,0,0,0,0,0,0,0,0,0,0
1853,10,aacab051c8d72560,3.483729,0.0,0,16778,2,0,0,0,0,0,0,0,0,0,0,0,0,0
1854,10,1de3f6c8e406d342,2.619814,0.0,0,14923,1,1,0,0,0,0,0,0,0,0,0,0,0,0
1855,10,088a084ff4e6122f,3.011822,0.0,0,13891,1,0,0,0,0,0,0,0,0,0,0,0,0,0
1856,10,f79b15cbbcee9052,2.262669,0.0,0,14032,1,1,0,0,0,0,0,0,0,0,0,0,0,0
1857,10,62d21b4e8f59b0fa,2.74571,0.0,0,13823,2,1,0,0,0,0,0,0,0,0,0,0,0,0
1858,10,b04c07e96eb64a43,3.106403,0.0,0,14000,1,0,0,0,0,0,0,0,0,0,0,0,0,0
1859,10,c8ae8fb1ebb69fda,2.333724,0.0,0,13727,1,1,0,0,0,0,0,0,0,0,0,0,0,0
1860,10,025dd8421e40c787,1.75324,0.0,0,13585,1,1,0,0,0,0,0,0,0,0,0,0,0,0
1861,10,48f48cdea5675cf0,2.362612,0.0,0,13827,1,0,0,0,0,0,0,0,0,0,0,0,0,0
1862,10,0961120d7e2c241c,1.774942,0.0,0,13864,1,1,0,0,0,0,0,0,0,0,0,0,0,0
1863,10,6df890320c51dd58,1.333447,0.0,0,13731,1,1,0,0,0,0,0,0,0,0,0,0,0,0
1864,10,71ea6aae9131a580,1.002772,0.0,0,13507,1,1,0,0,0,0,0,0,0,0,0,0,0,0
1865,10,661b5a46ca301ace,0.753345,0.0,0,13664,1,1,0,0,0,0,0,0,0,0,0,0,0,0
1866,10,6fdc84f3bc161610,1.609613,0.0,0,13496,1,0,0,0,0,0,0,0,0,0,0,0,0,0
1867,10,0122f23e4b3007c9,1.209242,0.0,0,13603,1,1,0,0,0,0,0,0,0,0,0,0,0,0
1868,10,d160d46167f38e65,0.909367,0.0,0,13833,1,1,0,0,0,0,0,0,0,0,0,0,0,0
1869,10,b929dfe110f303a0,0.683174,0.0,0,13743,1,1,0,0,0,0,0,0,0,0,0,0,0,0
1870,10,d07e57c26ef401ff,1.556896,0.0,0,13869,1,0,0,0,0,0,0,0,0,0,0,0,0,0
1871,10,d2586ee61d5d79ac,1.170808,0.0,0,13755,1,1,0,0,0,0,0,0,0,0,0,0,0,0
1872,10,bcb757b2ab56eeca,0.879584,0.0,0,13890,1,1,0,0,0,0,0,0,0,0,0,0,0,0
1873,10,7c09883a45b2f1b3,0.660799,0.0,0,13870,1,1,0,0,0,0,0,0,0,0,0,0,0,0
1874,10,cd01dc91c96f2c80,1.540087,0.0,0,13858,1,0,0,0,0,0,0,0,0,0,0,0,0,0
1875,10,407cb23d160672f7,1.158167,0.0,0,13660,1,1,0,0,0,0,0,0,0,0,0,0,0,0
1876,10,495b7f2ae71e9ea0,0.870088,0.0,0,13717,1,1,0,0,0,0,0,0,0,0,0,0,0,0
1877,10,bb2b0908a9abf78f,1.697318,0.0,0,13885,1,0,0,0,0,0,0,0,0,0,0,0,0,0
1878,10,362a450686f85f0a,2.320558,0.0,0,13823,2,1,0,0,0,0,0,0,0,0,0,0,0,0
1879,10,ac24ffc7764b1735,1.743348,0.0,0,13856,1,1,0,0,0,0,0,0,0,0,0,0,0,0
1880,10,ccd879853054dd57,2.353366,0.0,0,13873,1,0,0,0,0,0,0,0,0,0,0,0,0,0
1881,10,f859de6b01c88424,1.767996,0.0,0,14115,1,1,0,0,0,0,0,0,0,0,0,0,0,0
1882,10,bfd739d4cdfa72da,2.373708,0.0,0,13851,2,1,0,0,0,0,0,0,0,0,0,0,0,0
1883,10,4f5aad7a3f03a4ac,2.826932,0.0,0,13882,1,0,0,0,0,0,0,0,0,0,0,0,0,0
1884,10,eeb769578968f69b,2.123768,0.0,0,13701,1,1,0,0,0,0,0,0,0,0,0,0,0,0
1885,10,502b6783c23e78b7,1.597104,0.0,0,13652,1,1,0,0,0,0,0,0,0,0,0,0,0,0
1886,10,b2e487a060b94e24,1.199844,0.0,0,13897,1,1,0,0,0,0,0,0,0,0,0,0,0,0
1887,10,ee2e508103b6d6a5,1.945052,0.0,0,13970,1,0,0,0,0,0,0,0,0,0,0,0,0,0
1888,10,23c3d297d4ee197c,1.461245,0.0,0,13980,1,1,0,0,0,0,0,0,0,0,0,0,0,0
1889,10,ef4233fca45a133f,2.143027,0.0,0,13998,1,0,0,0,0,0,0,0,0,0,0,0,0,0
1890,10,3aa7e3473919d60b,2.65363,0.0,0,13902,2,1,0,0,0,0,0,0,0,0,0,0,0,0
1891,10,eddc85bfe849991a,1.993573,0.0,0,14021,1,1,0,0,0,0,0,0,0,0,0,0,0,0
1892,10,ceebec7b81634a4a,2.543346,0.0,0,13877,1,0,0,0,0,0,0,0,0,0,0,0,0,0
1893,10,9f5d87ec4e74461b,1.91072,0.0,0,14137,1,1,0,0,0,0,0,0,0,0,0,0,0,0
1894,10,bc6cbaf5138154c9,1.435453,0.0,0,13915,1,1,0,0,0,0,0,0,0,0,0,0,0,0
1895,10,b05e035ddc8d98f6,2.122055,0.0,0,14244,1,0,0,0,0,0,0,0,0,0,0,0,0,0
1896,10,b768ded19de9060d,1.595816,0.0,0,14114,1,1,0,0,0,0,0,0,0,0,0,0,0,0
1897,10,5ed64908cb95e26b,1.198877,0.0,0,14072,1,1,0,0,0,0,0,0,0,0,0,0,0,0
1898,10,c6ed74ae21f8b3b8,2.987978,0.0,0,14058,2,0,0,0,0,0,0,0,0,0,0,0,0,0
1899,10,2f341478fd8e2792,2.247002,0.0,0,13936,1,1,0,0,0,0,0,0,0,0,0,0,0,0
1900,10,56f072d2546f4fcc,2.731742,0.0,0,14168,1,0,0,0,0,0,0,0,0,0,0,0,0,0
1901,10,21f9efdb55ad7b46,2.052256,0.0,0,14102,1,1,0,0,0,0,0,0,0,0,0,0,0,0
1902,10,a54b98d10b749a22,1.541783,0.0,0,14287,1,1,0,0,0,0,0,0,0,0,0,0,0,0
1903,10,282cbd5f2ba7600d,3.247744,0.0,0,14019,2,0,0,0,0,0,0,0,0,0,0,0,0,0
1904,10,69daaef3b0b7ceb3,2.439908,0.0,0,14434,1,1,0,0,0,0,0,0,0,0,0,0,0,0
1905,10,fc3f8938c0596cdd,1.833012,0.0,0,14660,1,1,0,0,0,0,0,0,0,0,0,0,0,0
1906,10,8d1fa1a01f922ad6,2.422602,0.0,0,14197,1,0,0,0,0,0,0,0,0,0,0,0,0,0
1907,10,fd6a28f15c8f50ec,1.82001,0.0,0,14015,1,1,0,0,0,0,0,0,0,0,0,0,0,0
1908,10,38f800686de8352c,1.367306,0.0,0,14022,1,1,0,0,0,0,0,0,0,0,0,0,0,0
1909,10,49f9c54215f141fc,1.027206,0.0,0,14007,1,1,0,0,0,0,0,0,0,0,0,0,0,0
1910,10,cd3c9eb645524028,1.816624,0.0,0,14083,1,0,0,0,0,0,0,0,0,0,0,0,0,0
1911,10,5f74a538f2ae9f66,1.364761,0.0,0,14115,1,1,0,0,0,0,0,0,0,0,0,0,0,0
1912,10,4c8e6ed502692c93,1.025294,0.0,0,14094,1,1,0,0,0,0,0,0,0,0,0,0,0,0
1913,10,0793002c6d3e96c3,1.815186,0.0,0,13949,2,1,0,0,0,0,0,0,0,0,0,0,0,0
1914,10,9cdf8acdfc436234,2.407335,0.0,0,14102,1,0,0,0,0,0,0,0,0,0,0,0,0,0
1915,10,768eb8188560dfb8,1.808541,0.0,0,13986,1,1,0,0,0,0,0,0,0,0,0,0,0,0
1916,10,b4208cfa6e769a3b,1.358689,0.0,0,14162,1,1,0,0,0,0,0,0,0,0,0,0,0,0
1917,10,851ed36e407dd93d,1.021754,0.0,0,13832,1,1,0,0,0,0,0,0,0,0,0,0,0,0
1918,10,07870aa703a40a3a,0.767605,0.0,0,13876,1,1,0,0,0,0,0,0,0,0,0,0,0,0
1919,10,dde32ab0c247527f,1.620327,0.0,0,14056,1,0,0,0,0,0,0,0,0,0,0,0,0,0
1920,10,13c517f921f708b3,2.262659,0.0,0,13956,2,1,0,0,0,0,0,0,0,0,0,0,0,0
1921,10,68ff72540528a3b6,1.699851,0.0,0,14129,1,1,0,0,0,0,0,0,0,0,0,0,0,0
1922,10,11fc499b1b84b68e,1.277035,0.0,0,13945,1,1,0,0,0,0,0,0,0,0,0,0,0,0
1923,10,4c0dac783f48ef5f,0.959388,0.0,0,14154,1,1,0,0,0,0,0,0,0,0,0,0,0,0
1924,10,02ec29759fbb19a0,1.765624,0.0,0,14143,1,0,0,0,0,0,0,0,0,0,0,0,0,0
1925,10,54d8c093532a96c4,1.326448,0.0,0,13934,1,1,0,0,0,0,0,0,0,0,0,0,0,0
1926,10,8dda4d3aeb8dfc4e,0.99651,0.0,0,13997,1,1,0,0,0,0,0,0,0,0,0,0,0,0
1927,10,6abdec8a6ccaa5f7,0.74939,0.0,0,13992,1,1,0,0,0,0,0,0,0,0,0,0,0,0
1928,10,adf9594e124383dc,1.606642,0.0,0,13980,1,0,0,0,0,0,0,0,0,0,0,0,0,0
1929,10,88f56ba790f2bdd2,1.20701,0.0,0,13919,1,1,0,0,0,0,0,0,0,0,0,0,0,0
1930,10,8b16276669b07ea5,1.950435,0.0,0,14068,2,1,0,0,0,0,0,0,0,0,0,0,0,0
1931,10,50ae98058be71d52,1.466755,0.0,0,14040,1,1,0,0,0,0,0,0,0,0,0,0,0,0
1932,10,7b267f30de6bbf1b,2.145571,0.0,0,13962,1,0,0,0,0,0,0,0,0,0,0,0,0,0
1933,10,2e410b438a53c718,1.611888,0.0,0,13857,1,1,0,0,0,0,0,0,0,0,0,0,0,0
1934,10,10727e2237549e23,1.212162,0.0,0,13805,1,1,0,0,0,0,0,0,0,0,0,0,0,0
1935,10,06142b997aa1e323,1.954306,0.0,0,13912,1,0,0,0,0,0,0,0,0,0,0,0,0,0
1936,10,91f4fa482863c76e,2.51185,0.0,0,13938,2,1,0,0,0,0,0,0,0,0,0,0,0,0
1937,10,7575f751240f13fd,1.887059,0.0,0,13779,1,1,0,0,0,0,0,0,0,0,0,0,0,0
1938,10,1cb98a6a4b8af97d,1.419095,0.0,0,13783,1,1,0,0,0,0,0,0,0,0,0,0,0,0
1939,10,c28f50e2896a103e,2.109767,0.0,0,13871,1,0,0,0,0,0,0,0,0,0,0,0,0,0
1940,10,8ac96d26788eb4ba,1.584989,0.0,0,14038,1,1,0,0,0,0,0,0,0,0,0,0,0,0
1941,10,d508b3b60112075d,2.236085,0.0,0,14082,1,0,0,0,0,0,0,0,0,0,0,0,0,0
1942,10,ea9434268926f046,2.72354,0.0,0,14008,2,1,0,0,0,0,0,0,0,0,0,0,0,0
1943,10,bf91afd7e7553a2f,2.046094,0.0,0,14020,1,1,0,0,0,0,0,0,0,0,0,0,0,0
1944,10,8304b3f198b569b5,2.580807,0.0,0,14065,1,0,0,0,0,0,0,0,0,0,0,0,0,0
1945,10,17e54ae5ff5a2d37,1.940804,0.0,0,13848,1,1,0,0,0,0,0,0,0,0,0,0,0,0
1946,10,ebd50b9c79b8e4c1,1.458053,0.0,0,13939,1,1,0,0,0,0,0,0,0,0,0,0,0,0
1947,10,6ed83de0e4a07783,2.139034,0.0,0,14081,1,0,0,0,0,0,0,0,0,0,0,0,0,0
1948,10,ca75c1d40d7feeca,1.608584,0.0,0,13865,1,1,0,0,0,0,0,0,0,0,0,0,0,0
1949,10,2bc48295577b28e2,2.252123,0.0,0,13883,1,0,0,0,0,0,0,0,0,0,0,0,0,0
1950,10,e1a592aece5a849f,1.691936,0.0,0,13827,1,1,0,0,0,0,0,0,0,0,0,0,0,0
1951,10,940ec1ee10b60a61,1.271088,0.0,0,13957,1,1,0,0,0,0,0,0,0,0,0,0,0,0
1952,10,e8127451797a4324,2.000027,0.0,0,13797,1,0,0,0,0,0,0,0,0,0,0,0,0,0
1953,10,95500f27e2422891,1.502545,0.0,0,13727,1,1,0,0,0,0,0,0,0,0,0,0,0,0
1954,10,d0e3f27e1f055b04,2.172459,0.0,0,13610,1,0,0,0,0,0,0,0,0,0,0,0,0,0
1955,10,e37613992f4fd291,1.633721,0.0,0,13541,1,1,0,0,0,0,0,0,0,0,0,0,0,0
1956,10,cf98ece0cea14c62,1.227353,0.0,0,13474,1,1,0,0,0,0,0,0,0,0,0,0,0,0
1957,10,f089f3b57a4d0f74,1.965718,0.0,0,13695,1,0,0,0,0,0,0,0,0,0,0,0,0,0
1958,10,a1e09a12055751f3,1.47677,0.0,0,13801,1,1,0,0,0,0,0,0,0,0,0,0,0,0
1959,10,090692e3b870af64,1.110552,0.0,0,13805,1,1,0,0,0,0,0,0,0,0,0,0,0,0
1960,10,80d2c89c33cba964,1.87797,0.0,0,13749,1,0,0,0,0,0,0,0,0,0,0,0,0,0
1961,10,90667e06d1fdedfb,1.410849,0.0,0,13831,1,1,0,0,0,0,0,0,0,0,0,0,0,0
1962,10,f6a9d3612372c138,1.060978,0.0,0,13677,1,1,0,0,0,0,0,0,0,0,0,0,0,0
1963,10,5dd678ca8cd28c41,0.797073,0.0,0,13935,1,1,0,0,0,0,0,0,0,0,0,0,0,0
1964,10,ad61d1e41e33f309,2.686118,0.0,0,14007,2,0,0,0,0,0,0,0,0,0,0,0,0,0
1965,10,1b4d011e92f99b72,2.01798,0.0,0,13817,1,1,0,0,0,0,0,0,0,0,0,0,0,0
1966,10,2088ca923afd1b47,1.51755,0.0,0,13940,1,1,0,0,0,0,0,0,0,0,0,0,0,0
1967,10,6e9da6919a69c02e,1.140078,0.0,0,13920,1,1,0,0,0,0,0,0,0,0,0,0,0,0
1968,10,b776d3795485251f,2.943805,0.0,0,13912,2,0,0,0,0,0,0,0,0,0,0,0,0,0
1969,10,3a88b46349db717f,2.213783,0.0,0,13934,1,1,0,0,0,0,0,0,0,0,0,0,0,0
1970,10,bc97d504d7395733,1.663133,0.0,0,14036,1,1,0,0,0,0,0,0,0,0,0,0,0,0
1971,10,0396e9642752b8fa,1.249449,0.0,0,13915,1,1,0,0,0,0,0,0,0,0,0,0,0,0
1972,10,ac5d4b8039e7d009,3.025971,0.0,0,14121,2,0,0,0,0,0,0,0,0,0,0,0,0,0
1973,10,856d7df85636b8d3,2.275574,0.0,0,13982,1,1,0,0,0,0,0,0,0,0,0,0,0,0
1974,10,101d94a99483b526,1.709553,0.0,0,14217,1,1,0,0,0,0,0,0,0,0,0,0,0,0
1975,10,a5832e6e7c03ec94,1.284324,0.0,0,14317,1,1,0,0,0,0,0,0,0,0,0,0,0,0
1976,10,b99a6b3f3fe95dfa,0.96583,0.0,0,14181,1,1,0,0,0,0,0,0,0,0,0,0,0,0
1977,10,4675fb62415f4b1a,1.769245,0.0,0,14194,1,0,0,0,0,0,0,0,0,0,0,0,0,0
1978,10,e4b5c49e595029da,2.372821,0.0,0,14112,2,1,0,0,0,0,0,0,0,0,0,0,0,0
1979,10,294e68b54221db19,1.782612,0.0,0,14092,1,1,0,0,0,0,0,0,0,0,0,0,0,0
1980,10,33f332f2c8a6146f,1.340549,0.0,0,14168,1,1,0,0,0,0,0,0,0,0,0,0,0,0
1981,10,a5b87d6b1ee73aea,2.050758,0.0,0,14081,1,0,0,0,0,0,0,0,0,0,0,0,0,0
1982,10,4f6aa90010b1c290,1.540658,0.0,0,14161,1,1,0,0,0,0,0,0,0,0,0,0,0,0
1983,10,b4a84820f0de4e48,2.202747,0.0,0,14193,2,1,0,0,0,0,0,0,0,0,0,0,0,0
1984,10,35f0e26816390ea6,2.698495,0.0,0,14281,1,0,0,0,0,0,0,0,0,0,0,0,0,0
1985,10,4da13f1f06982863,2.027278,0.0,0,14389,1,1,0,0,0,0,0,0,0,0,0,0,0,0
1986,10,a9d30ebd9cf81830,1.523018,0.0,0,14334,1,1,0,0,0,0,0,0,0,0,0,0,0,0
1987,10,5c2ebba65cb4fa26,2.189482,0.0,0,14030,1,0,0,0,0,0,0,0,0,0,0,0,0,0
1988,10,e417228d43b6a251,1.644876,0.0,0,14371,1,1,0,0,0,0,0,0,0,0,0,0,0,0
1989,10,365f9e2086f0ccfe,1.235734,0.0,0,14234,1,1,0,0,0,0,0,0,0,0,0,0,0,0
1990,10,ffc6fd0f54dc2985,3.017591,0.0,0,14484,2,0,0,0,0,0,0,0,0,0,0,0,0,0
1991,10,c82eb716a6ccd2b1,2.267003,0.0,0,14464,1,1,0,0,0,0,0,0,0,0,0,0,0,0
1992,10,d64b1dd1680b4a9e,2.746768,0.0,0,14613,1,0,0,0,0,0,0,0,0,0,0,0,0,0
1993,10,d2856f82fc5dd939,2.063544,0.0,0,14736,1,1,0,0,0,0,0,0,0,0,0,0,0,0
1994,10,40f5acb149b13958,1.551815,0.0,0,14612,1,1,0,0,0,0,0,0,0,0,0,0,0,0
1995,10,e6018ee5231ed57b,2.209474,0.0,0,14281,1,0,0,0,0,0,0,0,0,0,0,0,0,0
1996,10,9991598eb2d821e3,1.659895,0.0,0,14224,1,1,0,0,0,0,0,0,0,0,0,0,0,0
1997,10,2b65254ced56f677,1.248265,0.0,0,14324,1,1,0,0,0,0,0,0,0,0,0,0,0,0
1998,10,f42dbbf1bd95f2d9,0.937775,0.0,0,14291,1,1,0,0,0,0,0,0,0,0,0,0,0,0
1999,10,7f2a383df3f59c35,2.791822,0.0,0,14189,2,0,0,0,0,0,0,0,0,0,0,0,0,0
2000,10,bb0fb67a29edf533,2.097391,0.0,0,14355,1,1,0,0,0,0,0,0,0,0,0,0,0,0
2001,10,9e4c2169ae4926b7,1.577268,0.0,0,14393,1,1,0,0,0,0,0,0,0,0,0,0,0,0
2002,10,4c3d4240b32e3b34,1.184943,0.0,0,13837,1,1,0,0,0,0,0,0,0,0,0,0,0,0
2003,10,6a2fdf38948c66ca,1.933856,0.0,0,13818,1,0,0,0,0,0,0,0,0,0,0,0,0,0
2004,10,5115650a7406ca7b,1.454288,0.0,0,13512,1,1,0,0,0,0,0,0,0,0,0,0,0,0
2005,10,f287c3b16c3508d8,2.136205,0.0,0,13482,2,1,0,0,0,0,0,0,0,0,0,0,0,0
2006,10,0308ec9b4b06ef85,1.604851,0.0,0,13915,1,1,0,0,0,0,0,0,0,0,0,0,0,0
2007,10,0325a8fae7e2e796,2.249318,0.0,0,13840,1,0,0,0,0,0,0,0,0,0,0,0,0,0
2008,10,00a1b1ebc75d0266,1.691519,0.0,0,13840,1,1,0,0,0,0,0,0,0,0,0,0,0,0
2009,10,52c00d90994e6043,1.270775,0.0,0,13942,1,1,0,0,0,0,0,0,0,0,0,0,0,0
2010,10,a5915d23de02da78,0.954686,0.0,0,13972,1,1,0,0,0,0,0,0,0,0,0,0,0,0
2011,10,1177772c1fd9b0db,0.717937,0.0,0,13846,1,1,0,0,0,0,0,0,0,0,0,0,0,0
2012,10,925c98f060abb7a4,1.583013,0.0,0,14054,1,0,0,0,0,0,0,0,0,0,0,0,0,0
2013,10,635b225abfe96fe6,1.189258,0.0,0,13999,1,1,0,0,0,0,0,0,0,0,0,0,0,0
2014,10,caeef4a03e43108e,1.937099,0.0,0,14064,2,1,0,0,0,0,0,0,0,0,0,0,0,0
2015,10,59636c76c6798e52,2.500876,0.0,0,14083,1,0,0,0,0,0,0,0,0,0,0,0,0,0
2016,10,70bc1f7707701e22,1.878815,0.0,0,14159,1,1,0,0,0,0,0,0,0,0,0,0,0,0
2017,10,ada5f1fde6feec95,1.411483,0.0,0,14103,1,1,0,0,0,0,0,0,0,0,0,0,0,0
2018,10,471ddf63f261a048,1.061456,0.0,0,13977,1,1,0,0,0,0,0,0,0,0,0,0,0,0
2019,11,1fd48474a6be9a50,1.841085,0.0,0,14064,1,0,0,0,0,0,0,0,0,0,0,0,0,0
2020,11,40ab05863d40ab6a,2.426792,0.0,0,14165,2,1,0,0,0,0,0,0,0,0,0,0,0,0
2021,11,9fa3e60e300cac94,0.779505,0.0,0,14226,0,1,0,0,0,0,0,0,0,0,0,0,0,0
2022,11,9522afc9eb92ebd2,2.6745,0.0,0,14119,2,0,0,0,0,0,0,0,0,0,0,0,0,0
2023,11,0fba0eaa5e567fe1,2.009252,0.0,0,13994,1,1,0,0,0,0,0,0,0,0,0,0,0,0
2024,11,8f9f8c22e25048df,1.509476,0.0,0,13906,1,1,0,0,0,0,0,0,0,0,0,0,0,0
2025,11,025aca0c2fc547cd,1.135147,0.0,0,13881,1,1,0,0,0,0,0,0,0,0,0,0,0,0
2026,11,ea7305c3d0c4eb0e,0.852794,0.0,0,13958,1,1,0,0,0,0,0,0,0,0,0,0,0,0
2027,11,b3bc2710b036c5b2,1.684325,0.0,0,14040,1,0,0,0,0,0,0,0,0,0,0,0,0,0
2028,11,3c254a4fca255c07,1.265371,0.0,0,13973,1,1,0,0,0,0,0,0,0,0,0,0,0,0
2029,11,7fb0256f65ce4ff6,0.951577,0.0,0,14047,1,1,0,0,0,0,0,0,0,0,0,0,0,0
2030,11,a69e89495c03d18a,0.714884,0.0,0,14064,1,1,0,0,0,0,0,0,0,0,0,0,0,0
2031,11,ba87dd4319678e85,2.624372,0.0,0,13925,2,0,0,0,0,0,0,0,0,0,0,0,0,0
2032,11,3e895dd2e76d3ae9,1.973565,0.0,0,13853,1,1,0,0,0,0,0,0,0,0,0,0,0,0
2033,11,5bfa9aaebee05047,1.482666,0.0,0,13867,1,1,0,0,0,0,0,0,0,0,0,0,0,0
2034,11,ca3938afd42b6b51,2.157525,0.0,0,14135,1,0,0,0,0,0,0,0,0,0,0,0,0,0
2035,11,3840b1179d01d5ca,1.620868,0.0,0,14055,1,1,0,0,0,0,0,0,0,0,0,0,0,0
2036,11,3ad00a257add4750,1.218916,0.0,0,13922,1,1,0,0,0,0,0,0,0,0,0,0,0,0
2037,11,715e21df0f1ac6b8,1.959379,0.0,0,13998,2,1,0,0,0,0,0,0,0,0,0,0,0,0
2038,11,ab882b57d80326bc,1.472008,0.0,0,14121,1,1,0,0,0,0,0,0,0,0,0,0,0,0
2039,11,de121b1615b372cf,2.151122,0.0,0,13944,1,0,0,0,0,0,0,0,0,0,0,0,0,0
2040,11,0469b68beb7ba893,1.616057,0.0,0,13922,1,1,0,0,0,0,0,0,0,0,0,0,0,0
2041,11,77ed09b9b5fdd2d5,1.214083,0.0,0,13959,1,1,0,0,0,0,0,0,0,0,0,0,0,0
2042,11,f528f75252723e1c,0.912096,0.0,0,14007,1,1,0,0,0,0,0,0,0,0,0,0,0,0
2043,11,c2f4dc060312be30,0.685909,0.0,0,13997,1,1,0,0,0,0,0,0,0,0,0,0,0,0
2044,11,f6d7570dbe7171fa,1.558951,0.0,0,13736,1,0,0,0,0,0,0,0,0,0,0,0,0,0
2045,11,50afc0b225fbdddd,2.214835,0.0,0,14162,2,1,0,0,0,0,0,0,0,0,0,0,0,0
2046,11,77cb534e4dd68f47,1.665587,0.0,0,13969,1,1,0,0,0,0,0,0,0,0,0,0,0,0
2047,11,03a072c123c7f460,1.251294,0.0,0,14013,1,1,0,0,0,0,0,0,0,0,0,0,0,0
2048,11,40a0b4653c2b8b16,1.983703,0.0,0,13824,1,0,0,0,0,0,0,0,0,0,0,0,0,0
2049,11,8ced9c6091029967,1.490282,0.0,0,14035,1,1,0,0,0,0,0,0,0,0,0,0,0,0
2050,11,f446b42f744adfb3,1.120713,0.0,0,13906,1,1,0,0,0,0,0,0,0,0,0,0,0,0
2051,11,ffdd19bd8ebe00f5,1.885604,0.0,0,13972,1,0,0,0,0,0,0,0,0,0,0,0,0,0
2052,11,b9666f9e7129180f,1.416583,0.0,0,13763,1,1,0,0,0,0,0,0,0,0,0,0,0,0
2053,11,826bb28746b5aff3,2.109441,0.0,0,13801,2,1,0,0,0,0,0,0,0,0,0,0,0,0
2054,11,3c2e28f559cf9803,1.584744,0.0,0,13980,1,1,0,0,0,0,0,0,0,0,0,0,0,0
2055,11,f896a9eeacd54b0b,2.234213,0.0,0,13918,1,0,0,0,0,0,0,0,0,0,0,0,0,0
2056,11,7e91fafbe2aeffcf,1.67848,0.0,0,13970,1,1,0,0,0,0,0,0,0,0,0,0,0,0
2057,11,23f5c9c20ef02c3c,1.262241,0.0,0,13971,1,1,0,0,0,0,0,0,0,0,0,0,0,0
2058,11,9d0a03a46f7fd20e,1.991928,0.0,0,13882,1,0,0,0,0,0,0,0,0,0,0,0,0,0
2059,11,5056e413ae2ebdf0,2.540114,0.0,0,13936,2,1,0,0,0,0,0,0,0,0,0,0,0,0
2060,11,b775466fa0289f2b,2.954353,0.0,0,13736,1,0,0,0,0,0,0,0,0,0,0,0,0,0
2061,11,6f4f567e5c6b8e3b,2.219495,0.0,0,13962,1,1,0,0,0,0,0,0,0,0,0,0,0,0
2062,11,137f5eeeb2623443,2.711077,0.0,0,13755,1,0,0,0,0,0,0,0,0,0,0,0,0,0
2063,11,c56ed1fb7bd9ce7a,2.036731,0.0,0,13952,1,1,0,0,0,0,0,0,0,0,0,0,0,0
2064,11,3fd1bd003e02a18b,1.53165,0.0,0,13663,1,1,0,0,0,0,0,0,0,0,0,0,0,0
2065,11,6e854fd7e70e32bd,2.194325,0.0,0,13766,1,0,0,0,0,0,0,0,0,0,0,0,0,0
2066,11,a79b79b71750715d,1.648514,0.0,0,13956,1,1,0,0,0,0,0,0,0,0,0,0,0,0
2067,11,ddf6bafbca772346,2.283857,0.0,0,13877,2,1,0,0,0,0,0,0,0,0,0,0,0,0
2068,11,56a401e4a7726b2e,2.75943,0.0,0,13915,1,0,0,0,0,0,0,0,0,0,0,0,0,0
2069,11,bb28cbdf97149c5d,2.073056,0.0,0,13571,1,1,0,0,0,0,0,0,0,0,0,0,0,0
2070,11,e3e18a9466c6fedc,1.55741,0.0,0,13886,1,1,0,0,0,0,0,0,0,0,0,0,0,0
2071,11,c921d548169e8f60,2.215345,0.0,0,13720,1,0,0,0,0,0,0,0,0,0,0,0,0,0
2072,11,69aafadc3fe97223,1.664306,0.0,0,13919,1,1,0,0,0,0,0,0,0,0,0,0,0,0
2073,11,dd667997a0060278,1.250331,0.0,0,13982,1,1,0,0,0,0,0,0,0,0,0,0,0,0
2074,11,60fc8de00e506b2f,0.940266,0.0,0,13902,1,1,0,0,0,0,0,0,0,0,0,0,0,0
2075,11,053e8f9694566d06,1.75004,0.0,0,13928,1,0,0,0,0,0,0,0,0,0,0,0,0,0
2076,11,90b5c2e4308a9168,1.31474,0.0,0,13831,1,1,0,0,0,0,0,0,0,0,0,0,0,0
2077,11,a36f6dad50bd4f8a,2.031368,0.0,0,13910,2,1,0,0,0,0,0,0,0,0,0,0,0,0
2078,11,5692d6ab7a94f716,1.527618,0.0,0,13880,1,1,0,0,0,0,0,0,0,0,0,0,0,0
2079,11,35b3b36d69533371,2.191296,0.0,0,14923,1,0,0,0,0,0,0,0,0,0,0,0,0,0
2080,11,9c478fd94d3e9798,1.646238,0.0,0,14570,1,1,0,0,0,0,0,0,0,0,0,0,0,0
2081,11,8d1105594730167b,1.237995,0.0,0,14249,1,1,0,0,0,0,0,0,0,0,0,0,0,0
2082,11,9c35beb5878441b5,1.973713,0.0,0,14403,1,0,0,0,0,0,0,0,0,0,0,0,0,0
2083,11,f5f29522ce931d39,1.482776,0.0,0,14470,1,1,0,0,0,0,0,0,0,0,0,0,0,0
2084,11,ce8bafa2b4cea125,2.157608,0.0,0,14836,2,1,0,0,0,0,0,0,0,0,0,0,0,0
2085,11,fe101d3bee42534f,1.622552,0.0,0,14958,1,1,0,0,0,0,0,0,0,0,0,0,0,0
2086,11,bcf07b426549d65b,2.262616,0.0,0,14536,1,0,0,0,0,0,0,0,0,0,0,0,0,0
2087,11,21e71b54ccf262e5,2.743472,0.0,0,14676,2,1,0,0,0,0,0,0,0,0,0,0,0,0
2088,11,eadaa5c18d35c7c0,2.06313,0.0,0,14420,1,1,0,0,0,0,0,0,0,0,0,0,0,0
2089,11,e8a0a1e6e85c6c35,2.593606,0.0,0,14652,1,0,0,0,0,0,0,0,0,0,0,0,0,0
2090,11,d3f380907c693ce4,1.948479,0.0,0,15173,1,1,0,0,0,0,0,0,0,0,0,0,0,0
2091,11,92d280e6b4457db6,1.46382,0.0,0,14998,1,1,0,0,0,0,0,0,0,0,0,0,0,0
2092,11,d26103ce8b618b57,3.189114,0.0,0,14898,2,0,0,0,0,0,0,0,0,0,0,0,0,0
2093,11,452a62474d02fed6,2.395862,0.0,0,14928,1,1,0,0,0,0,0,0,0,0,0,0,0,0
2094,11,846fb34737ebdce6,1.799922,0.0,0,14722,1,1,0,0,0,0,0,0,0,0,0,0,0,0
2095,11,d81cfe464fe52a92,2.397717,0.0,0,14571,1,0,0,0,0,0,0,0,0,0,0,0,0,0
2096,11,521895fc1c5d2a30,1.801315,0.0,0,13897,1,1,0,0,0,0,0,0,0,0,0,0,0,0
2097,11,bb5ab77e6dcb5944,1.353261,0.0,0,13735,1,1,0,0,0,0,0,0,0,0,0,0,0,0
2098,11,518d9e8c1224b1c9,1.016654,0.0,0,14008,1,1,0,0,0,0,0,0,0,0,0,0,0,0
2099,11,59c39f1eb42bbe4d,0.764539,0.0,0,13763,1,1,0,0,0,0,0,0,0,0,0,0,0,0
2100,11,29b3ef9aa30ec344,2.661676,0.0,0,13816,2,0,0,0,0,0,0,0,0,0,0,0,0,0
2101,11,32a8ad249713b630,1.999618,0.0,0,13919,1,1,0,0,0,0,0,0,0,0,0,0,0,0
2102,11,c24ee0dcac45eeb0,2.547891,0.0,0,13671,1,0,0,0,0,0,0,0,0,0,0,0,0,0
2103,11,588eb18bae2515d6,1.914136,0.0,0,13622,1,1,0,0,0,0,0,0,0,0,0,0,0,0
2104,11,7a53477a2fe956e3,1.438019,0.0,0,13871,1,1,0,0,0,0,0,0,0,0,0,0,0,0
2105,11,5c3c5f8b1a3b1788,2.123983,0.0,0,13711,1,0,0,0,0,0,0,0,0,0,0,0,0,0
2106,11,5b41c6d0153d7c3e,1.597265,0.0,0,13764,1,1,0,0,0,0,0,0,0,0,0,0,0,0
2107,11,ed71fc77916d40ba,3.287273,0.0,0,13623,2,0,0,0,0,0,0,0,0,0,0,0,0,0
2108,11,a24e81e85f54c3ed,2.469605,0.0,0,13718,1,1,0,0,0,0,0,0,0,0,0,0,0,0
2109,11,a3dc4fd63c300c16,1.857178,0.0,0,13639,0,0,0,0,0,0,0,0,0,0,0,0,0,0
2110,11,dc08cfa37f795d6b,1.395229,0.0,0,13658,1,1,0,0,0,0,0,0,0,0,0,0,0,0
2111,11,3969bee8cde69b9d,1.048183,0.0,0,13503,1,1,0,0,0,0,0,0,0,0,0,0,0,0
2112,11,bc7a437c326988b0,1.831114,0.0,0,13408,1,0,0,0,0,0,0,0,0,0,0,0,0,0
2113,11,a92a1f82fe09ae3d,1.377024,0.0,0,13330,1,1,0,0,0,0,0,0,0,0,0,0,0,0
2114,11,a58e23071edaa33c,2.07816,0.0,0,13458,2,1,0,0,0,0,0,0,0,0,0,0,0,0
2115,11,c2d30bf5a2f264fc,2.604897,0.0,0,13566,1,0,0,0,0,0,0,0,0,0,0,0,0,0
2116,11,684009f4b79d0d28,1.95892,0.0,0,13339,1,1,0,0,0,0,0,0,0,0,0,0,0,0
2117,11,0959b977c5a25da9,1.471663,0.0,0,13392,1,1,0,0,0,0,0,0,0,0,0,0,0,0
2118,11,3aec1a7fa048c1bb,2.149259,0.0,0,13570,1,0,0,0,0,0,0,0,0,0,0,0,0,0
2119,11,56615625a5bba383,1.614658,0.0,0,13482,1,1,0,0,0,0,0,0,0,0,0,0,0,0
2120,11,03d7cd4fe7a141cb,1.214246,0.0,0,13455,1,1,0,0,0,0,0,0,0,0,0,0,0,0
2121,11,3e05b5c4a30022c2,0.912217,0.0,0,13837,1,1,0,0,0,0,0,0,0,0,0,0,0,0
2122,11,7b96a114f0337757,1.728968,0.0,0,13611,1,0,0,0,0,0,0,0,0,0,0,0,0,0
2123,11,0d3bcc10be77ab9c,2.344359,0.0,0,13735,2,1,0,0,0,0,0,0,0,0,0,0,0,0
2124,11,7ebf3c1fd1724ebc,1.761229,0.0,0,13640,1,1,0,0,0,0,0,0,0,0,0,0,0,0
2125,11,148a856e2c3d0928,2.366799,0.0,0,13852,1,0,0,0,0,0,0,0,0,0,0,0,0,0
2126,11,2ad68c4067cae2dc,1.778088,0.0,0,13558,1,1,0,0,0,0,0,0,0,0,0,0,0,0
2127,11,1cfc1bb7eaaee275,1.337147,0.0,0,13743,1,1,0,0,0,0,0,0,0,0,0,0,0,0
2128,11,02708e9302711043,2.048202,0.0,0,13804,1,0,0,0,0,0,0,0,0,0,0,0,0,0
2129,11,619fa9b4c4d92721,1.538738,0.0,0,13844,1,1,0,0,0,0,0,0,0,0,0,0,0,0
2130,11,02634e69808f6647,1.157153,0.0,0,13656,1,1,0,0,0,0,0,0,0,0,0,0,0,0
2131,11,c89a96b70b624d72,0.869326,0.0,0,14819,1,1,0,0,0,0,0,0,0,0,0,0,0,0
2132,11,360099c39190c1e9,0.653092,0.0,0,14718,1,1,0,0,0,0,0,0,0,0,0,0,0,0
2133,11,646d62e266f98ca1,2.57795,0.0,0,14661,2,0,0,0,0,0,0,0,0,0,0,0,0,0
2134,11,af587e7c6195d134,1.938655,0.0,0,15082,1,1,0,0,0,0,0,0,0,0,0,0,0,0
2135,11,a7df3bc002181fce,1.456439,0.0,0,15257,1,1,0,0,0,0,0,0,0,0,0,0,0,0
2136,11,08852bdbe82ffa22,1.094168,0.0,0,14959,1,1,0,0,0,0,0,0,0,0,0,0,0,0
2137,11,1377f58b134a73f3,0.82283,0.0,0,14805,1,1,0,0,0,0,0,0,0,0,0,0,0,0
2138,11,6027056bc7349fcd,0.618162,0.0,0,14810,1,1,0,0,0,0,0,0,0,0,0,0,0,0
2139,11,6d3976062cd4940d,1.508055,0.0,0,15009,2,1,0,0,0,0,0,0,0,0,0,0,0,0
2140,11,5b01cc2bd24b19b5,1.132945,0.0,0,15335,1,1,0,0,0,0,0,0,0,0,0,0,0,0
2141,11,53f2f5f031a87d35,0.851991,0.0,0,15159,1,1,0,0,0,0,0,0,0,0,0,0,0,0
2142,11,0c4c7a9b9a67f8db,1.683722,0.0,0,15328,1,0,0,0,0,0,0,0,0,0,0,0,0,0
2143,11,cf6f0bbb2fbb878a,1.264918,0.0,0,15338,1,1,0,0,0,0,0,0,0,0,0,0,0,0
2144,11,7e9ef6a90d691a2e,0.951236,0.0,0,14966,1,1,0,0,0,0,0,0,0,0,0,0,0,0
2145,11,ac44c05e421c6eb9,1.758282,0.0,0,15036,2,1,0,0,0,0,0,0,0,0,0,0,0,0
2146,11,daa7d19be3362470,1.320931,0.0,0,13940,1,1,0,0,0,0,0,0,0,0,0,0,0,0
2147,11,efa9cb56e0e45779,0.992366,0.0,0,13633,1,1,0,0,0,0,0,0,0,0,0,0,0,0
2148,11,cfc63af893c0fabd,1.790424,0.0,0,13669,1,0,0,0,0,0,0,0,0,0,0,0,0,0
2149,11,410e6a3da692d1d4,1.345079,0.0,0,13755,1,1,0,0,0,0,0,0,0,0,0,0,0,0
2150,11,5e0789beeeacf02c,2.054161,0.0,0,13762,1,0,0,0,0,0,0,0,0,0,0,0,0,0
2151,11,72a59ee8c63a804d,2.588909,0.0,0,13806,2,1,0,0,0,0,0,0,0,0,0,0,0,0
2152,11,cc634f1e453308d4,1.94495,0.0,0,13682,1,1,0,0,0,0,0,0,0,0,0,0,0,0
2153,11,9c6b4622121fd810,2.504822,0.0,0,13718,1,0,0,0,0,0,0,0,0,0,0,0,0,0
2154,11,7354bcee34be42d4,1.881779,0.0,0,13500,1,1,0,0,0,0,0,0,0,0,0,0,0,0
2155,11,37872b3da31ea2b3,1.415125,0.0,0,13641,1,1,0,0,0,0,0,0,0,0,0,0,0,0
2156,11,d30e426db75d87e6,1.06313,0.0,0,13855,1,1,0,0,0,0,0,0,0,0,0,0,0,0
2157,11,1995cb2151a235fa,1.842343,0.0,0,13759,1,0,0,0,0,0,0,0,0,0,0,0,0,0
2158,11,9aa97d106acdf2d1,1.385468,0.0,0,13892,1,1,0,0,0,0,0,0,0,0,0,0,0,0
2159,11,2140005ea4d49e54,2.084504,0.0,0,13885,1,0,0,0,0,0,0,0,0,0,0,0,0,0
2160,11,7141be3aa8718c71,1.56601,0.0,0,13790,1,1,0,0,0,0,0,0,0,0,0,0,0,0
2161,11,ee7e86a1ca264d99,1.176485,0.0,0,13733,1,1,0,0,0,0,0,0,0,0,0,0,0,0
2162,11,7049196df22bc76b,1.928884,0.0,0,13882,1,0,0,0,0,0,0,0,0,0,0,0,0,0
2163,11,2b89c57d7a4327c0,1.449098,0.0,0,13867,1,1,0,0,0,0,0,0,0,0,0,0,0,0
2164,11,727c97945041d09e,1.088653,0.0,0,13927,1,1,0,0,0,0,0,0,0,0,0,0,0,0
2165,11,c5d608156f8be1eb,1.862833,0.0,0,13920,1,0,0,0,0,0,0,0,0,0,0,0,0,0
2166,11,18b1c911e7b1666e,1.399477,0.0,0,13849,1,1,0,0,0,0,0,0,0,0,0,0,0,0
2167,11,180617253516be9c,1.051375,0.0,0,13929,1,1,0,0,0,0,0,0,0,0,0,0,0,0
2168,11,9d1fe451ed2edd1d,1.833512,0.0,0,13867,2,1,0,0,0,0,0,0,0,0,0,0,0,0
2169,11,ee65eaad877daa55,2.422978,0.0,0,13816,1,0,0,0,0,0,0,0,0,0,0,0,0,0
2170,11,8bce34edf172747e,1.820293,0.0,0,14082,1,1,0,0,0,0,0,0,0,0,0,0,0,0
2171,11,b9f548ca6352fce8,1.367518,0.0,0,14366,1,1,0,0,0,0,0,0,0,0,0,0,0,0
2172,11,77d471343a8d8091,1.028393,0.0,0,14522,1,1,0,0,0,0,0,0,0,0,0,0,0,0
2173,11,7692bad8919710ac,2.8599,0.0,0,14539,2,0,0,0,0,0,0,0,0,0,0,0,0,0
2174,11,2819325119750346,2.148536,0.0,0,14914,1,1,0,0,0,0,0,0,0,0,0,0,0,0
2175,11,8bbcf9ae7fae4cd3,1.614115,0.0,0,15103,1,1,0,0,0,0,0,0,0,0,0,0,0,0
2176,11,3a4e6862c82a54ff,2.257988,0.0,0,15155,2,1,0,0,0,0,0,0,0,0,0,0,0,0
2177,11,adbd147e0cc38993,1.696342,0.0,0,15454,1,1,0,0,0,0,0,0,0,0,0,0,0,0
2178,11,b0e15467b861dd08,2.318052,0.0,0,15537,1,0,0,0,0,0,0,0,0,0,0,0,0,0
2179,11,cb3d86731902ba10,2.787358,0.0,0,15584,2,1,0,0,0,0,0,0,0,0,0,0,0,0
2180,11,7fe6ed6bcb8aaced,2.094038,0.0,0,14521,1,1,0,0,0,0,0,0,0,0,0,0,0,0
2181,11,3ce99e26310ec6a7,2.616826,0.0,0,14337,1,0,0,0,0,0,0,0,0,0,0,0,0,0
2182,11,df5b2b322d0c66a7,1.965923,0.0,0,14326,1,1,0,0,0,0,0,0,0,0,0,0,0,0
2183,11,252c705dd9c284c3,1.478402,0.0,0,14449,1,1,0,0,0,0,0,0,0,0,0,0,0,0
2184,11,484dc4120e3024cb,2.154322,0.0,0,14574,2,1,0,0,0,0,0,0,0,0,0,0,0,0
2185,11,16e62df45d7887fa,2.662115,0.0,0,14567,1,0,0,0,0,0,0,0,0,0,0,0,0,0
2186,11,bc72a12e08862afb,2.001948,0.0,0,14344,1,1,0,0,0,0,0,0,0,0,0,0,0,0
2187,11,811d2ed29677dfe6,1.503989,0.0,0,14443,1,1,0,0,0,0,0,0,0,0,0,0,0,0
2188,11,8cb90a28d1bc1955,2.173544,0.0,0,14466,1,0,0,0,0,0,0,0,0,0,0,0,0,0
2189,11,f7b18d8488b7f010,2.676556,0.0,0,14540,2,1,0,0,0,0,0,0,0,0,0,0,0,0
2190,11,152dcf350f805aa6,2.012808,0.0,0,14337,1,1,0,0,0,0,0,0,0,0,0,0,0,0
2191,11,b1d4a5a0aa207265,1.512147,0.0,0,14439,1,1,0,0,0,0,0,0,0,0,0,0,0,0
2192,11,a5442c20e3cb4ef5,2.179673,0.0,0,14526,1,0,0,0,0,0,0,0,0,0,0,0,0,0
2193,11,bb41adc75b350cf2,1.639145,0.0,0,14346,1,1,0,0,0,0,0,0,0,0,0,0,0,0
2194,11,2d5f7361f68f4970,1.231429,0.0,0,14581,1,1,0,0,0,0,0,0,0,0,0,0,0,0
2195,11,e0a5037c41586e3a,3.012433,0.0,0,14611,2,0,0,0,0,0,0,0,0,0,0,0,0,0
2196,11,e580c25522d23cc6,2.263128,0.0,0,14545,1,1,0,0,0,0,0,0,0,0,0,0,0,0
2197,11,8abdf326ab90aa9c,2.746055,0.0,0,14571,1,0,0,0,0,0,0,0,0,0,0,0,0,0
2198,11,86d2871f518ba584,2.063009,0.0,0,14680,1,1,0,0,0,0,0,0,0,0,0,0,0,0
2199,11,60094bf55e0e6dd6,1.549861,0.0,0,14471,1,1,0,0,0,0,0,0,0,0,0,0,0,0
2200,11,96502b1fe37ec246,2.209668,0.0,0,14463,1,0,0,0,0,0,0,0,0,0,0,0,0,0
2201,11,25e6136b4b5e9628,1.660041,0.0,0,14362,1,1,0,0,0,0,0,0,0,0,0,0,0,0
2202,11,92e2b29ef2d8f343,2.29078,0.0,0,14143,2,1,0,0,0,0,0,0,0,0,0,0,0,0
2203,11,9115abb51c56d75e,2.764631,0.0,0,14271,1,0,0,0,0,0,0,0,0,0,0,0,0,0
2204,11,737417a0e7584792,1.034891,0.0,0,14069,0,1,0,0,0,0,0,0,0,0,0,0,0,0
2205,11,bcdd2d31b07795e3,1.821129,0.0,0,14247,2,1,0,0,0,0,0,0,0,0,0,0,0,0
2206,11,6997524fd92b7ecf,1.368146,0.0,0,13971,1,1,0,0,0,0,0,0,0,0,0,0,0,0
2207,11,eaa820a64058968a,2.073016,0.0,0,14217,1,0,0,0,0,0,0,0,0,0,0,0,0,0
2208,11,6ad40b733a547392,1.557379,0.0,0,14005,1,1,0,0,0,0,0,0,0,0,0,0,0,0
2209,11,5f6c5e75c3fceb95,1.170001,0.0,0,13876,1,1,0,0,0,0,0,0,0,0,0,0,0,0
2210,11,1cdf96e22bbca9aa,0.878978,0.0,0,13778,1,1,0,0,0,0,0,0,0,0,0,0,0,0
2211,11,ed832905fb29a38e,0.661004,0.0,0,13715,1,1,0,0,0,0,0,0,0,0,0,0,0,0
2212,11,e6c4e54c93371fa6,1.540241,0.0,0,14240,1,0,0,0,0,0,0,0,0,0,0,0,0,0
2213,11,4498244711fccbf6,1.157125,0.0,0,14280,1,1,0,0,0,0,0,0,0,0,0,0,0,0
2214,11,51defd42f2678886,0.870175,0.0,0,14299,1,1,0,0,0,0,0,0,0,0,0,0,0,0
2215,11,3a456e1d75041040,0.65373,0.0,0,14295,1,1,0,0,0,0,0,0,0,0,0,0,0,0
2216,11,aad9eda65d2ad6ce,0.491123,0.0,0,14272,1,1,0,0,0,0,0,0,0,0,0,0,0,0
2217,11,f21a4e8a3385f953,1.412616,0.0,0,14267,1,0,0,0,0,0,0,0,0,0,0,0,0,0
2218,11,ab2350678226aeed,1.062307,0.0,0,14307,1,1,0,0,0,0,0,0,0,0,0,0,0,0
2219,11,53d285497dfd22ea,1.841725,0.0,0,14342,2,1,0,0,0,0,0,0,0,0,0,0,0,0
2220,11,54b4087afbee7e5a,1.383619,0.0,0,14446,1,1,0,0,0,0,0,0,0,0,0,0,0,0
2221,11,e085b3113c1568bf,1.040501,0.0,0,14096,1,1,0,0,0,0,0,0,0,0,0,0,0,0
2222,11,9f7f7b9ebef7ae18,0.78169,0.0,0,13933,1,1,0,0,0,0,0,0,0,0,0,0,0,0
2223,11,4d79ef157cae1277,1.630908,0.0,0,13880,1,0,0,0,0,0,0,0,0,0,0,0,0,0
2224,11,238f12ac2298b222,1.22524,0.0,0,13837,1,1,0,0,0,0,0,0,0,0,0,0,0,0
2225,11,a3707df58da8e62b,0.921398,0.0,0,13592,1,1,0,0,0,0,0,0,0,0,0,0,0,0
2226,11,dcabf46e61c83199,0.692212,0.0,0,13433,1,1,0,0,0,0,0,0,0,0,0,0,0,0
2227,11,5ecae70a354983f8,1.563686,0.0,0,13497,1,0,0,0,0,0,0,0,0,0,0,0,0,0
2228,11,3cde8883a96f0059,2.220065,0.0,0,13522,2,1,0,0,0,0,0,0,0,0,0,0,0,0
2229,11,9646311d2da8e80b,1.667852,0.0,0,13408,1,1,0,0,0,0,0,0,0,0,0,0,0,0
2230,11,595c901c3cbd8640,1.252995,0.0,0,13179,1,1,0,0,0,0,0,0,0,0,0,0,0,0
2231,11,c8c6b0fc16ffc543,1.984981,0.0,0,13365,1,0,0,0,0,0,0,0,0,0,0,0,0,0
2232,11,2608063c9fb9efd7,2.536885,0.0,0,13441,2,1,0,0,0,0,0,0,0,0,0,0,0,0
2233,11,f5fb69df25affa46,1.905867,0.0,0,13573,1,1,0,0,0,0,0,0,0,0,0,0,0,0
2234,11,ac90d8cb3490a94c,2.47546,0.0,0,13644,1,0,0,0,0,0,0,0,0,0,0,0,0,0
2235,11,c33925f5c1ba7e1a,2.905732,0.0,0,13471,2,1,0,0,0,0,0,0,0,0,0,0,0,0
2236,11,5174d7a074118b23,2.182967,0.0,0,13335,1,1,0,0,0,0,0,0,0,0,0,0,0,0
2237,11,af1687ef16116571,1.639982,0.0,0,13131,1,1,0,0,0,0,0,0,0,0,0,0,0,0
2238,11,e068cf37d35ec775,2.27571,0.0,0,13071,1,0,0,0,0,0,0,0,0,0,0,0,0,0
2239,11,35c57cb24ff1f01d,1.711367,0.0,0,13434,1,1,0,0,0,0,0,0,0,0,0,0,0,0
2240,11,d474b8222fb512dd,2.329339,0.0,0,13273,1,0,0,0,0,0,0,0,0,0,0,0,0,0
2241,11,e38b3512a1dab71d,1.749945,0.0,0,13963,1,1,0,0,0,0,0,0,0,0,0,0,0,0
2242,11,59a8e5af75a48d66,1.315984,0.0,0,13599,1,1,0,0,0,0,0,0,0,0,0,0,0,0
2243,11,ebfbeb186a6d90c7,2.032303,0.0,0,13822,1,0,0,0,0,0,0,0,0,0,0,0,0,0
2244,11,fd27af0d169000fc,1.526793,0.0,0,13955,1,1,0,0,0,0,0,0,0,0,0,0,0,0
2245,11,b59f22eedf782a03,1.147023,0.0,0,13889,1,1,0,0,0,0,0,0,0,0,0,0,0,0
2246,11,e5d2310aa7bb5b0c,1.906728,0.0,0,13802,1,0,0,0,0,0,0,0,0,0,0,0,0,0
2247,11,9726621ede2c5548,2.476107,0.0,0,13963,2,1,0,0,0,0,0,0,0,0,0,0,0,0
2248,11,2c3be21d8a9f3ffc,0.816553,0.0,0,13924,0,1,0,0,0,0,0,0,0,0,0,0,0,0
2249,11,ddf09036b89ccb22,2.702361,0.0,0,13778,2,0,0,0,0,0,0,0,0,0,0,0,0,0
2250,11,e02cd74437d202d1,2.030182,0.0,0,14040,1,1,0,0,0,0,0,0,0,0,0,0,0,0
2251,11,b95dc381ff63df0f,0.481547,0.0,0,13774,0,1,0,0,0,0,0,0,0,0,0,0,0,0
2252,11,97c5a326dba4e25b,0.361768,0.0,0,13853,1,1,0,0,0,0,0,0,0,0,0,0,0,0
2253,11,3c03d880f4fb0998,2.360356,0.0,0,13815,2,0,0,0,0,0,0,0,0,0,0,0,0,0
2254,11,ccd3a37d184b9173,1.773247,0.0,0,13783,1,1,0,0,0,0,0,0,0,0,0,0,0,0
2255,11,1dd006210b1a8440,1.332174,0.0,0,13857,1,1,0,0,0,0,0,0,0,0,0,0,0,0
2256,11,b1ab6127a964d4a0,-0.042336,0.0,0,13742,0,1,0,0,0,0,0,0,0,0,0,0,0,0
2257,11,359fb3ca7ca8d87d,2.055501,0.0,0,13841,2,0,0,0,0,0,0,0,0,0,0,0,0,0
2258,11,ba808f3e11125d4e,1.544221,0.0,0,13682,1,1,0,0,0,0,0,0,0,0,0,0,0,0
2259,11,0f6bdb354ed584e7,1.160115,0.0,0,13981,1,1,0,0,0,0,0,0,0,0,0,0,0,0
2260,11,e626c2f3d10c2409,0.872423,0.0,0,13816,1,1,0,0,0,0,0,0,0,0,0,0,0,0
2261,11,5a4871d6d95e1b01,0.655419,0.0,0,14031,1,1,0,0,0,0,0,0,0,0,0,0,0,0
2262,11,d71c493d41457877,1.536045,0.0,0,14009,1,0,0,0,0,0,0,0,0,0,0,0,0,0
2263,11,6127a77664c64fb4,1.155128,0.0,0,13789,1,1,0,0,0,0,0,0,0,0,0,0,0,0
2264,11,491de238e74ba083,0.867804,0.0,0,14001,1,1,0,0,0,0,0,0,0,0,0,0,0,0
2265,11,5e9abaf9a338fee7,1.695602,0.0,0,14074,2,1,0,0,0,0,0,0,0,0,0,0,0,0
2266,11,a83668aeec17f27d,2.317496,0.0,0,14114,1,0,0,0,0,0,0,0,0,0,0,0,0,0
2267,11,17ea05a9ffd02143,1.74279,0.0,0,14106,1,1,0,0,0,0,0,0,0,0,0,0,0,0
2268,11,e786e5a3344c2939,1.309293,0.0,0,14123,1,1,0,0,0,0,0,0,0,0,0,0,0,0
2269,11,979bd8f678be0c49,0.983623,0.0,0,14041,1,1,0,0,0,0,0,0,0,0,0,0,0,0
2270,11,ef85185dc1c50275,0.739698,0.0,0,14055,1,1,0,0,0,0,0,0,0,0,0,0,0,0
2271,11,cac3d7a952921127,2.643015,0.0,0,14067,2,0,0,0,0,0,0,0,0,0,0,0,0,0
2272,11,2a6f0f6012a838bd,1.985598,0.0,0,14080,1,1,0,0,0,0,0,0,0,0,0,0,0,0
2273,11,46007f3b30fd0f24,1.491706,0.0,0,14121,1,1,0,0,0,0,0,0,0,0,0,0,0,0
2274,11,d7ce79544231f8a4,1.121784,0.0,0,14253,1,1,0,0,0,0,0,0,0,0,0,0,0,0
2275,11,8456fe1fdf505ba5,1.886408,0.0,0,14332,1,0,0,0,0,0,0,0,0,0,0,0,0,0
2276,11,62f3bd5673539ee9,1.417188,0.0,0,14108,1,1,0,0,0,0,0,0,0,0,0,0,0,0
2277,11,411d1963bb027abe,2.109896,0.0,0,14143,2,1,0,0,0,0,0,0,0,0,0,0,0,0
2278,11,6a2c8e5237186121,1.585086,0.0,0,14085,1,1,0,0,0,0,0,0,0,0,0,0,0,0
2279,11,495899730897f3a9,1.190816,0.0,0,14142,1,1,0,0,0,0,0,0,0,0,0,0,0,0
2280,11,44895ddf82b81fa4,1.938269,0.0,0,14183,1,0,0,0,0,0,0,0,0,0,0,0,0,0
2281,11,cd9d2f75a2835fcd,1.457606,0.0,0,14112,1,1,0,0,0,0,0,0,0,0,0,0,0,0
2282,11,ba1bfb91d6ce50d2,1.095045,0.0,0,14073,1,1,0,0,0,0,0,0,0,0,0,0,0,0
2283,11,22af2b3d9228a26a,2.909973,0.0,0,14293,2,0,0,0,0,0,0,0,0,0,0,0,0,0
2284,11,2cdedf43aee49203,2.188341,0.0,0,14104,1,1,0,0,0,0,0,0,0,0,0,0,0,0
2285,11,4c0d3414fa6e948e,1.644019,0.0,0,14391,1,1,0,0,0,0,0,0,0,0,0,0,0,0
2286,11,5fafec894f1bc8db,2.278743,0.0,0,14423,1,0,0,0,0,0,0,0,0,0,0,0,0,0
2287,11,730cbe006d19423b,1.711935,0.0,0,14196,1,1,0,0,0,0,0,0,0,0,0,0,0,0
2288,11,79b435582a042d73,2.33155,0.0,0,14014,1,0,0,0,0,0,0,0,0,0,0,0,0,0
2289,11,04af40806270c7da,1.751606,0.0,0,14005,1,1,0,0,0,0,0,0,0,0,0,0,0,0
2290,11,3836194ac5938e98,2.35957,0.0,0,14297,1,0,0,0,0,0,0,0,0,0,0,0,0,0
2291,11,1d04767d09019f79,1.77443,0.0,0,14134,1,1,0,0,0,0,0,0,0,0,0,0,0,0
2292,11,e55988e7fbb1581e,1.333063,0.0,0,14220,1,1,0,0,0,0,0,0,0,0,0,0,0,0
2293,11,980147ec3539c2f3,3.088787,0.0,0,14078,2,0,0,0,0,0,0,0,0,0,0,0,0,0
2294,11,416d250ba24d2850,2.32049,0.0,0,14131,1,1,0,0,0,0,0,0,0,0,0,0,0,0
2295,11,ff1bacf8e7d411c6,0.700891,0.0,0,14031,0,1,0,0,0,0,0,0,0,0,0,0,0,0
2296,11,d33f0b5dd3444daa,2.61386,0.0,0,13881,2,0,0,0,0,0,0,0,0,0,0,0,0,0
2297,11,608ad3217c0e0680,1.963695,0.0,0,14099,1,1,0,0,0,0,0,0,0,0,0,0,0,0
2298,11,c3a7fe1920e94385,1.476727,0.0,0,13786,1,1,0,0,0,0,0,0,0,0,0,0,0,0
2299,11,f27ad63a43a2ed36,1.10941,0.0,0,14130,1,1,0,0,0,0,0,0,0,0,0,0,0,0
2300,11,a5d4fd1a3144305e,1.877111,0.0,0,14075,1,0,0,0,0,0,0,0,0,0,0,0,0,0
2301,11,1261683ba2a6c373,1.410204,0.0,0,13942,1,1,0,0,0,0,0,0,0,0,0,0,0,0
2302,11,6cbd3f9051e5b465,1.060493,0.0,0,13814,1,1,0,0,0,0,0,0,0,0,0,0,0,0
2303,11,7cbf19e44e3461f5,0.796709,0.0,0,13996,1,1,0,0,0,0,0,0,0,0,0,0,0,0
2304,11,fd86dd9b36750a99,1.642191,0.0,0,14178,1,0,0,0,0,0,0,0,0,0,0,0,0,0
2305,11,90fbc48eb14fcb85,1.234951,0.0,0,13838,1,1,0,0,0,0,0,0,0,0,0,0,0,0
2306,11,eac85ef0b97aa22b,0.927773,0.0,0,13951,1,1,0,0,0,0,0,0,0,0,0,0,0,0
2307,11,bb23cf05e63b1cfc,2.784308,0.0,0,13958,2,0,0,0,0,0,0,0,0,0,0,0,0,0
2308,11,9aba0ca513386d24,2.091746,0.0,0,14212,1,1,0,0,0,0,0,0,0,0,0,0,0,0
2309,11,d56793e03c2a3f25,0.528872,0.0,0,13986,0,1,0,0,0,0,0,0,0,0,0,0,0,0
2310,11,8a4dee47dfa170eb,1.440975,0.0,0,14072,2,1,0,0,0,0,0,0,0,0,0,0,0,0
2311,11,4f5a1650c81a4dac,1.082551,0.0,0,13980,1,1,0,0,0,0,0,0,0,0,0,0,0,0
2312,11,178defcb47119da9,1.858244,0.0,0,14045,1,0,0,0,0,0,0,0,0,0,0,0,0,0
2313,11,9c0a42f52e291769,1.396029,0.0,0,14057,1,1,0,0,0,0,0,0,0,0,0,0,0,0
2314,11,f73b83bffef7c306,1.048785,0.0,0,14048,1,1,0,0,0,0,0,0,0,0,0,0,0,0
2315,11,0bbb4610cfeed692,0.787913,0.0,0,13970,1,1,0,0,0,0,0,0,0,0,0,0,0,0
2316,11,994a5e63e82a0799,2.680823,0.0,0,14064,2,0,0,0,0,0,0,0,0,0,0,0,0,0
2317,11,8fe8bd6f9ebe7059,2.014002,0.0,0,14016,1,1,0,0,0,0,0,0,0,0,0,0,0,0
2318,11,803f53edec9aa122,1.513044,0.0,0,14083,1,1,0,0,0,0,0,0,0,0,0,0,0,0
2319,11,8a9021ef946b374f,1.137831,0.0,0,14156,1,1,0,0,0,0,0,0,0,0,0,0,0,0
2320,11,22c6f03f4a912de5,1.898463,0.0,0,14061,1,0,0,0,0,0,0,0,0,0,0,0,0,0
2321,11,4a807fd79a23fc4a,2.469898,0.0,0,14045,2,1,0,0,0,0,0,0,0,0,0,0,0,0
2322,11,528cd3883e94c3ec,1.855542,0.0,0,13848,1,1,0,0,0,0,0,0,0,0,0,0,0,0
2323,11,f1b9052469289f3e,2.439544,0.0,0,13925,1,0,0,0,0,0,0,0,0,0,0,0,0,0
2324,11,de01086fe44b2e3f,1.832739,0.0,0,13780,1,1,0,0,0,0,0,0,0,0,0,0,0,0
2325,11,320aadbd76da7aca,1.376868,0.0,0,13898,1,1,0,0,0,0,0,0,0,0,0,0,0,0
2326,11,f0375a998bb3bbad,2.079575,0.0,0,13734,1,0,0,0,0,0,0,0,0,0,0,0,0,0
2327,11,46740ac499e771a8,1.562307,0.0,0,13933,1,1,0,0,0,0,0,0,0,0,0,0,0,0
2328,11,a40d46d6a07ea98b,2.217356,0.0,0,13845,2,1,0,0,0,0,0,0,0,0,0,0,0,0
2329,11,776f5c6121487c8c,1.665817,0.0,0,13950,1,1,0,0,0,0,0,0,0,0,0,0,0,0
2330,11,2c2feb95c69790ce,2.296868,0.0,0,13928,1,0,0,0,0,0,0,0,0,0,0,0,0,0
2331,11,e925cb00a5ebeaf4,1.725551,0.0,0,13900,1,1,0,0,0,0,0,0,0,0,0,0,0,0
2332,11,4d927f340a1e589a,2.339996,0.0,0,13910,1,0,0,0,0,0,0,0,0,0,0,0,0,0
2333,11,45fb8983da82668f,1.75971,0.0,0,13847,1,1,0,0,0,0,0,0,0,0,0,0,0,0
2334,11,b73d39b44812765d,2.365658,0.0,0,13807,1,0,0,0,0,0,0,0,0,0,0,0,0,0
2335,11,0c102bc5ceee0c9a,2.820884,0.0,0,14195,2,1,0,0,0,0,0,0,0,0,0,0,0,0
2336,11,62b0a0527a56c9b1,1.075571,0.0,0,14034,0,1,0,0,0,0,0,0,0,0,0,0,0,0
2337,11,748bed76cd8e37b7,1.852995,0.0,0,13912,1,0,0,0,0,0,0,0,0,0,0,0,0,0
2338,11,6f12e1fe91db0d23,1.392086,0.0,0,14006,1,1,0,0,0,0,0,0,0,0,0,0,0,0
2339,11,728d3975017c838e,1.045822,0.0,0,13983,1,1,0,0,0,0,0,0,0,0,0,0,0,0
2340,11,f7e7515b4a6e9d11,0.786473,0.0,0,13747,1,1,0,0,0,0,0,0,0,0,0,0,0,0
2341,11,2b755001e02ad04e,1.634501,0.0,0,13892,1,0,0,0,0,0,0,0,0,0,0,0,0,0
2342,11,61eac8acaaa0aa68,1.22794,0.0,0,13848,1,1,0,0,0,0,0,0,0,0,0,0,0,0
2343,11,f698281808acc64c,0.922505,0.0,0,13833,1,1,0,0,0,0,0,0,0,0,0,0,0,0
2344,11,a9042054c2a1a3da,0.693737,0.0,0,13967,1,1,0,0,0,0,0,0,0,0,0,0,0,0
2345,11,c8f7d7ee0c3ecf97,2.608485,0.0,0,13788,2,0,0,0,0,0,0,0,0,0,0,0,0,0
2346,11,82ed22582d415f00,1.959658,0.0,0,14078,1,1,0,0,0,0,0,0,0,0,0,0,0,0
2347,11,4a7c4b3030604676,1.47369,0.0,0,13752,1,1,0,0,0,0,0,0,0,0,0,0,0,0
2348,11,980bff7f33395756,2.150782,0.0,0,13949,1,0,0,0,0,0,0,0,0,0,0,0,0,0
2349,11,60c8c37477c74d7d,1.615802,0.0,0,14061,1,1,0,0,0,0,0,0,0,0,0,0,0,0
2350,11,cf47bdd70d23750c,1.213892,0.0,0,13813,1,1,0,0,0,0,0,0,0,0,0,0,0,0
2351,11,01df7571ee544245,0.912864,0.0,0,13959,1,1,0,0,0,0,0,0,0,0,0,0,0,0
2352,11,3025debcbb93797a,1.729454,0.0,0,13966,1,0,0,0,0,0,0,0,0,0,0,0,0,0
2353,11,957c4c4883f52e0c,1.299274,0.0,0,13763,1,1,0,0,0,0,0,0,0,0,0,0,0,0
2354,11,5542e2be2b781b70,2.021223,0.0,0,13657,2,1,0,0,0,0,0,0,0,0,0,0,0,0
2355,11,1970197d1e2d7c1c,2.562123,0.0,0,13562,1,0,0,0,0,0,0,0,0,0,0,0,0,0
2356,11,1032898e257e7807,1.924827,0.0,0,13107,1,1,0,0,0,0,0,0,0,0,0,0,0,0
2357,11,3e9567dfbde63419,1.446051,0.0,0,13117,1,1,0,0,0,0,0,0,0,0,0,0,0,0
2358,11,31a3844f0686a8ea,2.131601,0.0,0,13137,1,0,0,0,0,0,0,0,0,0,0,0,0,0
2359,11,57d5acfaa5b7a341,1.601392,0.0,0,13012,1,1,0,0,0,0,0,0,0,0,0,0,0,0
2360,11,f8da9f5cb948ce06,1.203066,0.0,0,12892,1,1,0,0,0,0,0,0,0,0,0,0,0,0
2361,11,934616f48ac47fda,0.904723,0.0,0,12666,1,1,0,0,0,0,0,0,0,0,0,0,0,0
2362,11,c3e29030440d996f,1.723338,0.0,0,13004,1,0,0,0,0,0,0,0,0,0,0,0,0,0
2363,11,14b671e52440d71c,1.294679,0.0,0,12938,1,1,0,0,0,0,0,0,0,0,0,0,0,0
2364,11,6d0ea81036ba9740,0.972644,0.0,0,13361,1,1,0,0,0,0,0,0,0,0,0,0,0,0
2365,11,6622c99eddba020f,0.731442,0.0,0,13371,1,1,0,0,0,0,0,0,0,0,0,0,0,0
2366,11,4515b09a705f9d17,0.549505,0.0,0,13526,1,1,0,0,0,0,0,0,0,0,0,0,0,0
2367,11,12886fefbe37dbc7,2.500129,0.0,0,13392,2,0,0,0,0,0,0,0,0,0,0,0,0,0
2368,11,110f1683742b1238,1.880133,0.0,0,13450,1,1,0,0,0,0,0,0,0,0,0,0,0,0
2369,11,c133edeac07a2f75,2.456127,0.0,0,13211,1,0,0,0,0,0,0,0,0,0,0,0,0,0
2370,11,76898462f6785c47,1.845196,0.0,0,13472,1,1,0,0,0,0,0,0,0,0,0,0,0,0
2371,11,9f2be9822b555b63,1.386227,0.0,0,13762,1,1,0,0,0,0,0,0,0,0,0,0,0,0
2372,11,ce1036712ae4b685,1.042463,0.0,0,13863,1,1,0,0,0,0,0,0,0,0,0,0,0,0
2373,11,ae5271896c6dcb48,1.826816,0.0,0,14065,1,0,0,0,0,0,0,0,0,0,0,0,0,0
2374,11,be53929b1d64de51,1.372419,0.0,0,14001,1,1,0,0,0,0,0,0,0,0,0,0,0,0
2375,11,7afd94931ea6b44f,2.076229,0.0,0,13884,2,1,0,0,0,0,0,0,0,0,0,0,0,0
2376,11,54e72e2a5cfc23e3,2.603447,0.0,0,13801,1,0,0,0,0,0,0,0,0,0,0,0,0,0
2377,11,8b5a27087692c7c0,1.955872,0.0,0,13874,1,1,0,0,0,0,0,0,0,0,0,0,0,0
2378,11,79ea3a841c33baa6,1.469374,0.0,0,13669,1,1,0,0,0,0,0,0,0,0,0,0,0,0
2379,11,8c488d7433e0860a,2.14914,0.0,0,13475,1,0,0,0,0,0,0,0,0,0,0,0,0,0
2380,11,0c0e54e26060d84c,1.614569,0.0,0,13358,1,1,0,0,0,0,0,0,0,0,0,0,0,0
2381,11,ad69694401b74ee7,1.212965,0.0,0,13403,1,1,0,0,0,0,0,0,0,0,0,0,0,0
2382,12,1fd48474a6be9a50,1.956318,0.0,0,14003,1,0,0,0,0,0,0,0,0,0,0,0,0,0
2383,12,40ab05863d40ab6a,1.469708,0.0,0,14102,1,1,0,0,0,0,0,0,0,0,0,0,0,0
2384,12,9fa3e60e300cac94,2.14779,0.0,0,14280,2,1,0,0,0,0,0,0,0,0,0,0,0,0
2385,12,9522afc9eb92ebd2,2.657208,0.0,0,13996,1,0,0,0,0,0,0,0,0,0,0,0,0,0
2386,12,0fba0eaa5e567fe1,1.998258,0.0,0,14084,1,1,0,0,0,0,0,0,0,0,0,0,0,0
2387,12,8f9f8c22e25048df,1.501217,0.0,0,13943,1,1,0,0,0,0,0,0,0,0,0,0,0,0
2388,12,025aca0c2fc547cd,1.127808,0.0,0,13918,1,1,0,0,0,0,0,0,0,0,0,0,0,0
2389,12,ea7305c3d0c4eb0e,1.892278,0.0,0,13985,1,0,0,0,0,0,0,0,0,0,0,0,0,0
2390,12,b3bc2710b036c5b2,1.421598,0.0,0,13957,1,1,0,0,0,0,0,0,0,0,0,0,0,0
2391,12,3c254a4fca255c07,1.067993,0.0,0,14094,1,1,0,0,0,0,0,0,0,0,0,0,0,0
2392,12,7fb0256f65ce4ff6,0.802343,0.0,0,14011,1,1,0,0,0,0,0,0,0,0,0,0,0,0
2393,12,a69e89495c03d18a,1.647524,0.0,0,13930,1,0,0,0,0,0,0,0,0,0,0,0,0,0
2394,12,ba87dd4319678e85,1.237723,0.0,0,13961,1,1,0,0,0,0,0,0,0,0,0,0,0,0
2395,12,3e895dd2e76d3ae9,0.929855,0.0,0,13909,1,1,0,0,0,0,0,0,0,0,0,0,0,0
2396,12,5bfa9aaebee05047,1.743415,0.0,0,13952,1,0,0,0,0,0,0,0,0,0,0,0,0,0
2397,12,ca3938afd42b6b51,1.309762,0.0,0,14020,1,1,0,0,0,0,0,0,0,0,0,0,0,0
2398,12,3840b1179d01d5ca,2.027629,0.0,0,14002,2,1,0,0,0,0,0,0,0,0,0,0,0,0
2399,12,3ad00a257add4750,1.523282,0.0,0,14169,1,1,0,0,0,0,0,0,0,0,0,0,0,0
2400,12,715e21df0f1ac6b8,1.14553,0.0,0,13915,1,1,0,0,0,0,0,0,0,0,0,0,0,0
2401,12,ab882b57d80326bc,1.904247,0.0,0,14021,1,0,0,0,0,0,0,0,0,0,0,0,0,0
2402,12,de121b1615b372cf,1.43059,0.0,0,13952,1,1,0,0,0,0,0,0,0,0,0,0,0,0
2403,12,0469b68beb7ba893,2.119974,0.0,0,13944,2,1,0,0,0,0,0,0,0,0,0,0,0,0
2404,12,77ed09b9b5fdd2d5,2.636311,0.0,0,13846,1,0,0,0,0,0,0,0,0,0,0,0,0,0
2405,12,f528f75252723e1c,1.980562,0.0,0,14089,1,1,0,0,0,0,0,0,0,0,0,0,0,0
2406,12,c2f4dc060312be30,1.487922,0.0,0,13897,1,1,0,0,0,0,0,0,0,0,0,0,0,0
2407,12,f6d7570dbe7171fa,2.163089,0.0,0,13982,1,0,0,0,0,0,0,0,0,0,0,0,0,0
2408,12,50afc0b225fbdddd,1.625048,0.0,0,13975,1,1,0,0,0,0,0,0,0,0,0,0,0,0
2409,12,77cb534e4dd68f47,1.220838,0.0,0,14027,1,1,0,0,0,0,0,0,0,0,0,0,0,0
2410,12,03a072c123c7f460,1.962238,0.0,0,14021,2,1,0,0,0,0,0,0,0,0,0,0,0,0
2411,12,eb5f292e574f407a,2.517809,0.0,0,13940,1,0,0,0,0,0,0,0,0,0,0,0,0,0
2412,12,1097dcc3cd989fa5,1.891536,0.0,0,13994,1,1,0,0,0,0,0,0,0,0,0,0,0,0
2413,12,2d7f5c2d850f541b,1.42104,0.0,0,13913,1,1,0,0,0,0,0,0,0,0,0,0,0,0
2414,12,ad4aa9fc0ece9d02,1.068643,0.0,0,13988,1,1,0,0,0,0,0,0,0,0,0,0,0,0
2415,12,d2f0ddaee11e8933,2.890138,0.0,0,13871,2,0,0,0,0,0,0,0,0,0,0,0,0,0
2416,12,3d087a2798751987,2.171253,0.0,0,13913,1,1,0,0,0,0,0,0,0,0,0,0,0,0
2417,12,bdd2eca011b0178b,1.632813,0.0,0,14006,1,1,0,0,0,0,0,0,0,0,0,0,0,0
2418,12,ffd097ac2325e2c5,2.270325,0.0,0,13968,1,0,0,0,0,0,0,0,0,0,0,0,0,0
2419,12,42e8cd62ea7de676,1.70561,0.0,0,13711,1,1,0,0,0,0,0,0,0,0,0,0,0,0
2420,12,a45fe7444ab3685b,2.325014,0.0,0,13816,1,0,0,0,0,0,0,0,0,0,0,0,0,0
2421,12,270b3a8e0ca966f9,2.792594,0.0,0,13826,2,1,0,0,0,0,0,0,0,0,0,0,0,0
2422,12,f872954109b121b9,3.141625,0.0,0,13866,1,0,0,0,0,0,0,0,0,0,0,0,0,0
2423,12,06b41907c966446e,2.360186,0.0,0,14030,1,1,0,0,0,0,0,0,0,0,0,0,0,0
2424,12,fadae7fa4b9c64aa,1.774893,0.0,0,13916,1,1,0,0,0,0,0,0,0,0,0,0,0,0
2425,12,f1d21592a4411d24,2.377064,0.0,0,13928,1,0,0,0,0,0,0,0,0,0,0,0,0,0
2426,12,121fa60a94b1758d,1.7858,0.0,0,13814,1,1,0,0,0,0,0,0,0,0,0,0,0,0
2427,12,a88d66ee8535e9b6,2.385258,0.0,0,13688,1,0,0,0,0,0,0,0,0,0,0,0,0,0
2428,12,b993c2427635beaa,1.793748,0.0,0,13568,1,1,0,0,0,0,0,0,0,0,0,0,0,0
2429,12,be61aa107da36ddc,1.347576,0.0,0,14053,1,1,0,0,0,0,0,0,0,0,0,0,0,0
2430,12,8f0a1cba56119420,1.012383,0.0,0,13883,1,1,0,0,0,0,0,0,0,0,0,0,0,0
2431,12,355bd8a2f7672891,0.761327,0.0,0,13878,1,1,0,0,0,0,0,0,0,0,0,0,0,0
2432,12,5fe441fb8bbc0223,2.659263,0.0,0,13791,2,0,0,0,0,0,0,0,0,0,0,0,0,0
2433,12,74603f62aaddf90f,1.997805,0.0,0,13850,1,1,0,0,0,0,0,0,0,0,0,0,0,0
2434,12,b1fd141cd95e2865,1.500876,0.0,0,13701,1,1,0,0,0,0,0,0,0,0,0,0,0,0
2435,12,6561116216e0fef9,1.12868,0.0,0,13692,1,1,0,0,0,0,0,0,0,0,0,0,0,0
2436,12,b1cceb389263d4d7,1.891589,0.0,0,13842,1,0,0,0,0,0,0,0,0,0,0,0,0,0
2437,12,f04127e98f9942d6,1.42108,0.0,0,13839,1,1,0,0,0,0,0,0,0,0,0,0,0,0
2438,12,a2e47a0c51354f6e,1.068672,0.0,0,13656,1,1,0,0,0,0,0,0,0,0,0,0,0,0
2439,12,610afeeaa11bf823,0.802854,0.0,0,13866,1,1,0,0,0,0,0,0,0,0,0,0,0,0
2440,12,1cd12c09a58e2ae0,1.646807,0.0,0,13758,1,0,0,0,0,0,0,0,0,0,0,0,0,0
2441,12,2fb36167f4c57863,1.237185,0.0,0,13845,1,1,0,0,0,0,0,0,0,0,0,0,0,0
2442,12,ba43c972493fa784,1.974531,0.0,0,14016,2,1,0,0,0,0,0,0,0,0,0,0,0,0
2443,12,6630cc6073bfd352,1.483391,0.0,0,13863,1,1,0,0,0,0,0,0,0,0,0,0,0,0
2444,12,9f69aad6396e05ec,1.114416,0.0,0,14396,1,1,0,0,0,0,0,0,0,0,0,0,0,0
2445,12,cb7bf712f49ea346,1.882208,0.0,0,14987,1,0,0,0,0,0,0,0,0,0,0,0,0,0
2446,12,cf495269b965ce2b,1.414032,0.0,0,15323,1,1,0,0,0,0,0,0,0,0,0,0,0,0
2447,12,08270e760bbe39f9,2.105963,0.0,0,16536,2,1,0,0,0,0,0,0,0,0,0,0,0,0
2448,12,8d09eeb343d64555,1.582131,0.0,0,16686,1,1,0,0,0,0,0,0,0,0,0,0,0,0
2449,12,a4312a671ea43b52,3.278086,0.0,0,16516,2,0,0,0,0,0,0,0,0,0,0,0,0,0
2450,12,aa8ce2b20b48f05b,2.462704,0.0,0,16667,1,1,0,0,0,0,0,0,0,0,0,0,0,0
2451,12,7b189cf407a81210,1.850137,0.0,0,16762,1,1,0,0,0,0,0,0,0,0,0,0,0,0
2452,12,3a20aacd998c9d86,2.43548,0.0,0,16725,2,1,0,0,0,0,0,0,0,0,0,0,0,0
2453,12,c59afc42dd9c5a88,2.873338,0.0,0,17147,1,0,0,0,0,0,0,0,0,0,0,0,0,0
2454,12,66a50b6b9a30b0db,3.202285,0.0,0,16908,2,1,0,0,0,0,0,0,0,0,0,0,0,0
2455,12,a959faa9bf1b8fd1,2.405757,0.0,0,17168,1,1,0,0,0,0,0,0,0,0,0,0,0,0
2456,12,c28a51abe88b5313,1.809164,0.0,0,17028,1,1,0,0,0,0,0,0,0,0,0,0,0,0
2457,12,001387db0449fca9,3.446464,0.0,0,17189,2,0,0,0,0,0,0,0,0,0,0,0,0,0
2458,12,7c9046b7889ed2d8,2.589199,0.0,0,17213,1,1,0,0,0,0,0,0,0,0,0,0,0,0
2459,12,1faabd7bad29873e,1.947115,0.0,0,15155,1,1,0,0,0,0,0,0,0,0,0,0,0,0
2460,12,bf9778df58386d64,2.506448,0.0,0,13936,2,1,0,0,0,0,0,0,0,0,0,0,0,0
2461,12,955fabd230aa1904,2.926654,0.0,0,14075,1,0,0,0,0,0,0,0,0,0,0,0,0,0
2462,12,b8b11a0b466bcbb6,2.198686,0.0,0,13900,1,1,0,0,0,0,0,0,0,0,0,0,0,0
2463,12,a6193329582d7bda,2.697594,0.0,0,14052,1,0,0,0,0,0,0,0,0,0,0,0,0,0
2464,12,18c6dfa2d9d5101c,2.026601,0.0,0,13875,1,1,0,0,0,0,0,0,0,0,0,0,0,0
2465,12,8d42dab7a44ce435,2.566163,0.0,0,13932,1,0,0,0,0,0,0,0,0,0,0,0,0,0
2466,12,6514db6609dbb4af,1.929791,0.0,0,14126,1,1,0,0,0,0,0,0,0,0,0,0,0,0
2467,12,377524702f389bcd,1.44978,0.0,0,14160,1,1,0,0,0,0,0,0,0,0,0,0,0,0
2468,12,bb4fc5cc45a4052c,3.176472,0.0,0,13949,2,0,0,0,0,0,0,0,0,0,0,0,0,0
2469,12,69896dca0a45a383,2.386365,0.0,0,14271,1,1,0,0,0,0,0,0,0,0,0,0,0,0
2470,12,a03a6653c6a1f392,2.838731,0.0,0,13947,1,0,0,0,0,0,0,0,0,0,0,0,0,0
2471,12,987982fe16bd15ef,2.132632,0.0,0,13855,1,1,0,0,0,0,0,0,0,0,0,0,0,0
2472,12,344bff5cac4e3393,2.64582,0.0,0,13598,1,0,0,0,0,0,0,0,0,0,0,0,0,0
2473,12,ae94088bb47b3a00,1.989695,0.0,0,13652,1,1,0,0,0,0,0,0,0,0,0,0,0,0
2474,12,a41862601cf92566,1.494783,0.0,0,13747,1,1,0,0,0,0,0,0,0,0,0,0,0,0
2475,12,e9250efd2fbf164a,2.166628,0.0,0,13738,1,0,0,0,0,0,0,0,0,0,0,0,0,0
2476,12,07c4a9f7042c26e5,1.627707,0.0,0,13763,1,1,0,0,0,0,0,0,0,0,0,0,0,0
2477,12,bbfddf2ad458220b,1.224059,0.0,0,13563,1,1,0,0,0,0,0,0,0,0,0,0,0,0
2478,12,ff5ebe7fd8cbfb47,0.919589,0.0,0,13581,1,1,0,0,0,0,0,0,0,0,0,0,0,0
2479,12,5c6b3e5bc51f659c,1.734507,0.0,0,13578,1,0,0,0,0,0,0,0,0,0,0,0,0,0
2480,12,4c7805c5449b8b89,1.304374,0.0,0,13633,1,1,0,0,0,0,0,0,0,0,0,0,0,0
2481,12,b5501baf1169afe0,2.023581,0.0,0,13574,2,1,0,0,0,0,0,0,0,0,0,0,0,0
2482,12,368d925a5e6fa991,1.52024,0.0,0,13620,1,1,0,0,0,0,0,0,0,0,0,0,0,0
2483,12,b0474fa992d123ce,2.185753,0.0,0,13736,1,0,0,0,0,0,0,0,0,0,0,0,0,0
2484,12,539c0f2276de49c2,1.643718,0.0,0,13538,1,1,0,0,0,0,0,0,0,0,0,0,0,0
2485,12,cc041ca0f2ea5100,1.234864,0.0,0,13731,1,1,0,0,0,0,0,0,0,0,0,0,0,0
2486,12,35a47e73798d618f,0.927707,0.0,0,13639,1,1,0,0,0,0,0,0,0,0,0,0,0,0
2487,12,017f5f872adfc07b,1.741799,0.0,0,13641,1,0,0,0,0,0,0,0,0,0,0,0,0,0
2488,12,8923df1cfc9ba64b,2.352202,0.0,0,13534,2,1,0,0,0,0,0,0,0,0,0,0,0,0
2489,12,eecbd1a0fa3822d6,1.767121,0.0,0,13793,1,1,0,0,0,0,0,0,0,0,0,0,0,0
2490,12,7f07d2c6c3ee1e95,1.327572,0.0,0,13781,1,1,0,0,0,0,0,0,0,0,0,0,0,0
2491,12,6a257a1500642e72,0.998353,0.0,0,13594,1,1,0,0,0,0,0,0,0,0,0,0,0,0
2492,12,5f81dc4bb18be805,1.793679,0.0,0,13802,1,0,0,0,0,0,0,0,0,0,0,0,0,0
2493,12,fbe86a4157156ed2,2.391177,0.0,0,13694,2,1,0,0,0,0,0,0,0,0,0,0,0,0
2494,12,9d8cbe4b7f17870f,1.798199,0.0,0,13479,1,1,0,0,0,0,0,0,0,0,0,0,0,0
2495,12,b5f4c0d4f9a80339,1.35092,0.0,0,13511,1,1,0,0,0,0,0,0,0,0,0,0,0,0
2496,12,d9e89eb40c107b14,2.058549,0.0,0,13769,1,0,0,0,0,0,0,0,0,0,0,0,0,0
2497,12,467c6d3091f46a3b,1.546511,0.0,0,13550,1,1,0,0,0,0,0,0,0,0,0,0,0,0
2498,12,95ee1ef35af21a97,2.207149,0.0,0,13498,2,1,0,0,0,0,0,0,0,0,0,0,0,0
2499,12,0c47909e1560cbd2,1.658148,0.0,0,13721,1,1,0,0,0,0,0,0,0,0,0,0,0,0
2500,12,66ec86f086aadbd1,2.289358,0.0,0,13894,1,0,0,0,0,0,0,0,0,0,0,0,0,0
2501,12,2bc90454022493cc,1.72163,0.0,0,13711,1,1,0,0,0,0,0,0,0,0,0,0,0,0
2502,12,81f55d72b4fbf8ec,1.293396,0.0,0,13743,1,1,0,0,0,0,0,0,0,0,0,0,0,0
2503,12,8499d1d0f66fb42b,2.015334,0.0,0,13844,2,1,0,0,0,0,0,0,0,0,0,0,0,0
2504,12,25bf61f18cdba6d8,1.514045,0.0,0,13828,1,1,0,0,0,0,0,0,0,0,0,0,0,0
2505,12,4101fbf32aa49097,2.182734,0.0,0,13781,1,0,0,0,0,0,0,0,0,0,0,0,0,0
2506,12,8f5f4745a3680092,1.639806,0.0,0,13776,1,1,0,0,0,0,0,0,0,0,0,0,0,0
2507,12,897830bc9fb60781,1.231925,0.0,0,13580,1,1,0,0,0,0,0,0,0,0,0,0,0,0
2508,12,dcc1d97081b6aad2,1.970576,0.0,0,13646,1,0,0,0,0,0,0,0,0,0,0,0,0,0
2509,12,c5c254fdd47aa728,1.48042,0.0,0,13739,1,1,0,0,0,0,0,0,0,0,0,0,0,0
2510,12,7e1d534cde549f63,3.199491,0.0,0,13807,2,0,0,0,0,0,0,0,0,0,0,0,0,0
2511,12,557b6cb59687722a,2.403658,0.0,0,13692,1,1,0,0,0,0,0,0,0,0,0,0,0,0
2512,12,3d8eddbb6e002260,2.851735,0.0,0,13751,1,0,0,0,0,0,0,0,0,0,0,0,0,0
2513,12,f965ef709752711b,2.142402,0.0,0,13645,1,1,0,0,0,0,0,0,0,0,0,0,0,0
2514,12,b0e881429bf29f76,1.609507,0.0,0,13648,1,1,0,0,0,0,0,0,0,0,0,0,0,0
2515,12,e15437a0dcc0f75e,2.254523,0.0,0,13774,1,0,0,0,0,0,0,0,0,0,0,0,0,0
2516,12,1c83664b3641c1e9,1.693738,0.0,0,13653,1,1,0,0,0,0,0,0,0,0,0,0,0,0
2517,12,3527f343eb7aca5c,2.316096,0.0,0,13847,1,0,0,0,0,0,0,0,0,0,0,0,0,0
2518,12,787dc9be07d167d6,1.739996,0.0,0,13681,1,1,0,0,0,0,0,0,0,0,0,0,0,0
2519,12,6a3bdd3b99af793d,2.352652,0.0,0,13793,1,0,0,0,0,0,0,0,0,0,0,0,0,0
2520,12,d3ebd5af51b5cde3,1.76746,0.0,0,14085,1,1,0,0,0,0,0,0,0,0,0,0,0,0
2521,12,8f016b10e7a2401a,1.327826,0.0,0,14289,1,1,0,0,0,0,0,0,0,0,0,0,0,0
2522,12,fef06b08603ec549,3.086845,0.0,0,14632,2,0,0,0,0,0,0,0,0,0,0,0,0,0
2523,12,28c8175569ffb7ba,2.319032,0.0,0,13952,1,1,0,0,0,0,0,0,0,0,0,0,0,0
2524,12,32e98a0cd8baec7e,1.742202,0.0,0,13686,1,1,0,0,0,0,0,0,0,0,0,0,0,0
2525,12,5d903bfd0fd620ef,2.352504,0.0,0,13656,1,0,0,0,0,0,0,0,0,0,0,0,0,0
2526,12,01d475b2c3277b1b,1.769117,0.0,0,13580,1,1,0,0,0,0,0,0,0,0,0,0,0,0
2527,12,3b6f13097083ce39,1.329071,0.0,0,13713,1,1,0,0,0,0,0,0,0,0,0,0,0,0
2528,12,0fefdbd30a42f6a9,3.085788,0.0,0,13681,2,0,0,0,0,0,0,0,0,0,0,0,0,0
2529,12,3745cce01dc0c17f,1.276406,0.0,0,13784,0,1,0,0,0,0,0,0,0,0,0,0,0,0
2530,12,ca52109a94317a6f,2.00257,0.0,0,13896,2,1,0,0,0,0,0,0,0,0,0,0,0,0
2531,12,433b8e928e1c6508,2.548109,0.0,0,14088,1,0,0,0,0,0,0,0,0,0,0,0,0,0
2532,12,668ecb65224c3500,1.914299,0.0,0,13922,1,1,0,0,0,0,0,0,0,0,0,0,0,0
2533,12,a3eabadb774b9bfd,1.43958,0.0,0,14013,1,1,0,0,0,0,0,0,0,0,0,0,0,0
2534,12,14aa5ecdbdc0f108,2.125156,0.0,0,14206,1,0,0,0,0,0,0,0,0,0,0,0,0,0
2535,12,bd6999a14217f167,2.640204,0.0,0,13899,2,1,0,0,0,0,0,0,0,0,0,0,0,0
2536,13,1fd48474a6be9a50,1.985471,0.0,0,13912,1,1,0,0,0,0,0,0,0,0,0,0,0,0
2537,13,40ab05863d40ab6a,1.49161,0.0,0,14055,1,1,0,0,0,0,0,0,0,0,0,0,0,0
2538,13,9fa3e60e300cac94,2.164244,0.0,0,14281,1,0,0,0,0,0,0,0,0,0,0,0,0,0
2539,13,9522afc9eb92ebd2,1.625916,0.0,0,14112,1,1,0,0,0,0,0,0,0,0,0,0,0,0
2540,13,0fba0eaa5e567fe1,1.222712,0.0,0,14048,1,1,0,0,0,0,0,0,0,0,0,0,0,0
2541,13,8f9f8c22e25048df,1.962231,0.0,0,14027,1,0,0,0,0,0,0,0,0,0,0,0,0,0
2542,13,025aca0c2fc547cd,1.474151,0.0,0,13923,1,1,0,0,0,0,0,0,0,0,0,0,0,0
2543,13,ea7305c3d0c4eb0e,1.108582,0.0,0,13755,1,1,0,0,0,0,0,0,0,0,0,0,0,0
2544,13,b3bc2710b036c5b2,1.87649,0.0,0,13973,1,0,0,0,0,0,0,0,0,0,0,0,0,0
2545,13,3c254a4fca255c07,1.409737,0.0,0,14002,1,1,0,0,0,0,0,0,0,0,0,0,0,0
2546,13,7fb0256f65ce4ff6,1.059082,0.0,0,14086,1,1,0,0,0,0,0,0,0,0,0,0,0,0
2547,13,a69e89495c03d18a,0.796445,0.0,0,13978,1,1,0,0,0,0,0,0,0,0,0,0,0,0
2548,13,ba87dd4319678e85,0.598339,0.0,0,14062,1,1,0,0,0,0,0,0,0,0,0,0,0,0
2549,13,3e895dd2e76d3ae9,1.493163,0.0,0,13895,1,0,0,0,0,0,0,0,0,0,0,0,0,0
2550,13,5bfa9aaebee05047,1.12288,0.0,0,13832,1,1,0,0,0,0,0,0,0,0,0,0,0,0
2551,13,ca3938afd42b6b51,0.843578,0.0,0,14020,1,1,0,0,0,0,0,0,0,0,0,0,0,0
2552,13,3840b1179d01d5ca,1.677402,0.0,0,14012,2,1,0,0,0,0,0,0,0,0,0,0,0,0
2553,13,3ad00a257add4750,2.303823,0.0,0,13905,1,0,0,0,0,0,0,0,0,0,0,0,0,0
2554,13,715e21df0f1ac6b8,1.732508,0.0,0,13996,1,1,0,0,0,0,0,0,0,0,0,0,0,0
2555,13,ab882b57d80326bc,1.301568,0.0,0,14137,1,1,0,0,0,0,0,0,0,0,0,0,0,0
2556,13,de121b1615b372cf,0.977819,0.0,0,14047,1,1,0,0,0,0,0,0,0,0,0,0,0,0
2557,13,58b8431551715724,0.735334,0.0,0,13946,1,1,0,0,0,0,0,0,0,0,0,0,0,0
2558,13,23e17bd6c1c20f85,2.639736,0.0,0,13970,2,0,0,0,0,0,0,0,0,0,0,0,0,0
2559,13,c8292701595322e6,1.983135,0.0,0,13971,1,1,0,0,0,0,0,0,0,0,0,0,0,0
2560,13,10c80b0b9d50bf2d,1.489855,0.0,0,13882,1,1,0,0,0,0,0,0,0,0,0,0,0,0
2561,13,f6d7570dbe7171fa,2.164543,0.0,0,13970,1,0,0,0,0,0,0,0,0,0,0,0,0,0
2562,13,50afc0b225fbdddd,1.62614,0.0,0,13994,1,1,0,0,0,0,0,0,0,0,0,0,0,0
2563,13,77cb534e4dd68f47,1.221658,0.0,0,14042,1,1,0,0,0,0,0,0,0,0,0,0,0,0
2564,13,03a072c123c7f460,1.962855,0.0,0,14114,1,0,0,0,0,0,0,0,0,0,0,0,0,0
2565,13,40a0b4653c2b8b16,1.47462,0.0,0,13793,1,1,0,0,0,0,0,0,0,0,0,0,0,0
2566,13,8ced9c6091029967,2.15148,0.0,0,13962,2,1,0,0,0,0,0,0,0,0,0,0,0,0
2567,13,f446b42f744adfb3,2.65998,0.0,0,13908,1,0,0,0,0,0,0,0,0,0,0,0,0,0
2568,13,ffdd19bd8ebe00f5,2.000343,0.0,0,14010,1,1,0,0,0,0,0,0,0,0,0,0,0,0
2569,13,b9666f9e7129180f,1.502783,0.0,0,13781,1,1,0,0,0,0,0,0,0,0,0,0,0,0
2570,13,826bb28746b5aff3,3.216291,0.0,0,13918,2,0,0,0,0,0,0,0,0,0,0,0,0,0
2571,13,3c2e28f559cf9803,2.418697,0.0,0,13873,1,1,0,0,0,0,0,0,0,0,0,0,0,0
2572,13,f896a9eeacd54b0b,1.817076,0.0,0,13955,1,1,0,0,0,0,0,0,0,0,0,0,0,0
2573,13,7e91fafbe2aeffcf,2.408755,0.0,0,13909,1,0,0,0,0,0,0,0,0,0,0,0,0,0
2574,13,23f5c9c20ef02c3c,1.809608,0.0,0,14058,1,1,0,0,0,0,0,0,0,0,0,0,0,0
2575,13,9d0a03a46f7fd20e,1.360851,0.0,0,13864,1,1,0,0,0,0,0,0,0,0,0,0,0,0
2576,13,5056e413ae2ebdf0,2.06601,0.0,0,13860,1,0,0,0,0,0,0,0,0,0,0,0,0,0
2577,13,b775466fa0289f2b,2.595769,0.0,0,13876,2,1,0,0,0,0,0,0,0,0,0,0,0,0
2578,13,6f4f567e5c6b8e3b,1.952055,0.0,0,13838,1,1,0,0,0,0,0,0,0,0,0,0,0,0
2579,13,16b00bbf7832de8e,2.51016,0.0,0,13997,1,0,0,0,0,0,0,0,0,0,0,0,0,0
2580,13,eeaf163d875ae366,1.885789,0.0,0,13734,1,1,0,0,0,0,0,0,0,0,0,0,0,0
2581,13,5bfc1ccc40285748,2.460376,0.0,0,13630,1,0,0,0,0,0,0,0,0,0,0,0,0,0
2582,13,80df90f9e2b88b1a,1.850238,0.0,0,13791,1,1,0,0,0,0,0,0,0,0,0,0,0,0
2583,13,0d5de1f2b9e4d1d0,1.390015,0.0,0,13908,1,1,0,0,0,0,0,0,0,0,0,0,0,0
2584,13,0e8463cb0cb91196,1.044266,0.0,0,13866,1,1,0,0,0,0,0,0,0,0,0,0,0,0
2585,13,175b64759bdce0b6,0.785303,0.0,0,13960,1,1,0,0,0,0,0,0,0,0,0,0,0,0
2586,13,85a86af45c9b4375,1.633622,0.0,0,13841,1,0,0,0,0,0,0,0,0,0,0,0,0,0
2587,13,6a8f80fa2f22e0af,1.227279,0.0,0,13760,1,1,0,0,0,0,0,0,0,0,0,0,0,0
2588,13,2d0439d833f0e29e,0.922009,0.0,0,13851,1,1,0,0,0,0,0,0,0,0,0,0,0,0
2589,13,0602be642191006c,1.737514,0.0,0,13826,1,0,0,0,0,0,0,0,0,0,0,0,0,0
2590,13,3f5bb5e574555075,1.30533,0.0,0,13848,1,1,0,0,0,0,0,0,0,0,0,0,0,0
2591,13,51fdf3e349c44f67,0.980645,0.0,0,13988,1,1,0,0,0,0,0,0,0,0,0,0,0,0
2592,13,635787ccca70b179,0.737459,0.0,0,13897,1,1,0,0,0,0,0,0,0,0,0,0,0,0
2593,13,3a5d47ef15c48fb3,1.597679,0.0,0,13920,2,1,0,0,0,0,0,0,0,0,0,0,0,0
2594,13,79d847e304a25099,2.24393,0.0,0,13745,1,0,0,0,0,0,0,0,0,0,0,0,0,0
2595,13,af3616e8269c09e5,1.685781,0.0,0,13828,1,1,0,0,0,0,0,0,0,0,0,0,0,0
2596,13,a64acf831da8278b,1.267731,0.0,0,13835,1,1,0,0,0,0,0,0,0,0,0,0,0,0
2597,13,267932c0dbb5b5e5,0.952399,0.0,0,14034,1,1,0,0,0,0,0,0,0,0,0,0,0,0
2598,13,a2c144e0692e4062,1.759155,0.0,0,13993,1,0,0,0,0,0,0,0,0,0,0,0,0,0
2599,13,68c11af7a8324509,2.36706,0.0,0,14873,2,1,0,0,0,0,0,0,0,0,0,0,0,0
2600,13,3f3ac5e28475b01c,1.778284,0.0,0,14726,1,1,0,0,0,0,0,0,0,0,0,0,0,0
2601,13,741f90f967f3af8b,2.379612,0.0,0,14579,1,0,0,0,0,0,0,0,0,0,0,0,0,0
2602,13,8a3191e836747e0b,1.787713,0.0,0,14557,1,1,0,0,0,0,0,0,0,0,0,0,0,0
2603,13,ebf04cc6bd69ec5e,1.344386,0.0,0,14437,1,1,0,0,0,0,0,0,0,0,0,0,0,0
2604,13,a946b975f85cf57d,2.05364,0.0,0,15067,1,0,0,0,0,0,0,0,0,0,0,0,0,0
2605,13,b1786c6a8f32f8e6,2.586476,0.0,0,15166,2,1,0,0,0,0,0,0,0,0,0,0,0,0
2606,13,b49dec0288c637ed,1.945067,0.0,0,15164,1,1,0,0,0,0,0,0,0,0,0,0,0,0
2607,13,fa6daf6e22a785d3,1.461256,0.0,0,15170,1,1,0,0,0,0,0,0,0,0,0,0,0,0
2608,13,10500ab49bade161,3.185094,0.0,0,14901,2,0,0,0,0,0,0,0,0,0,0,0,0,0
2609,13,449bc3dc8afedc9e,2.392842,0.0,0,14892,1,1,0,0,0,0,0,0,0,0,0,0,0,0
2610,13,9bee25f4808c394d,1.799451,0.0,0,15509,1,1,0,0,0,0,0,0,0,0,0,0,0,0
2611,13,4e276b0f9b3dd11c,3.439167,0.0,0,15531,2,0,0,0,0,0,0,0,0,0,0,0,0,0
2612,13,15d7f637c78ca41f,2.583718,0.0,0,15496,1,1,0,0,0,0,0,0,0,0,0,0,0,0
2613,13,b00fe8212c617a17,1.942993,0.0,0,15689,1,1,0,0,0,0,0,0,0,0,0,0,0,0
2614,13,af732596a8471456,2.503351,0.0,0,15575,2,1,0,0,0,0,0,0,0,0,0,0,0,0
2615,13,64709916f3ad104e,1.880674,0.0,0,15629,1,1,0,0,0,0,0,0,0,0,0,0,0,0
2616,13,591ffb5f36efc89d,2.456533,0.0,0,14348,1,0,0,0,0,0,0,0,0,0,0,0,0,0
2617,13,d031112afb7a47e9,1.847348,0.0,0,13817,1,1,0,0,0,0,0,0,0,0,0,0,0,0
2618,13,69f9d78919fe45c2,1.387844,0.0,0,13994,1,1,0,0,0,0,0,0,0,0,0,0,0,0
2619,13,ee24da20361adc73,3.129942,0.0,0,13846,2,0,0,0,0,0,0,0,0,0,0,0,0,0
2620,13,da2c642234444ca6,2.353761,0.0,0,13959,1,1,0,0,0,0,0,0,0,0,0,0,0,0
2621,13,83b7591dd7996cfb,2.811946,0.0,0,13630,1,0,0,0,0,0,0,0,0,0,0,0,0,0
2622,13,54b0f4890b698aed,2.11251,0.0,0,13773,1,1,0,0,0,0,0,0,0,0,0,0,0,0
2623,13,093addf60a95565f,1.58705,0.0,0,13820,1,1,0,0,0,0,0,0,0,0,0,0,0,0
2624,13,2e91831e7e038800,2.237634,0.0,0,13660,1,0,0,0,0,0,0,0,0,0,0,0,0,0
2625,13,3e76223166e4d2d3,1.681051,0.0,0,13821,1,1,0,0,0,0,0,0,0,0,0,0,0,0
2626,13,05496648f82750ff,2.306564,0.0,0,13953,1,0,0,0,0,0,0,0,0,0,0,0,0,0
2627,13,d1ef5f4a52392ca7,1.734569,0.0,0,13750,1,1,0,0,0,0,0,0,0,0,0,0,0,0
2628,13,01e3c4f48d313ddd,2.34677,0.0,0,13634,1,0,0,0,0,0,0,0,0,0,0,0,0,0
2629,13,7af4675804292e1f,1.763041,0.0,0,13592,1,1,0,0,0,0,0,0,0,0,0,0,0,0
2630,13,56f2ab9f452689a8,1.324507,0.0,0,13397,1,1,0,0,0,0,0,0,0,0,0,0,0,0
2631,13,847b2456abcd0c05,0.996048,0.0,0,13469,1,1,0,0,0,0,0,0,0,0,0,0,0,0
2632,13,3a33a4c4b51fdf4b,1.791947,0.0,0,13511,1,0,0,0,0,0,0,0,0,0,0,0,0,0
2633,13,ae3427a44395ba45,1.346223,0.0,0,13188,1,1,0,0,0,0,0,0,0,0,0,0,0,0
2634,13,3252b434450254ec,1.012379,0.0,0,13418,1,1,0,0,0,0,0,0,0,0,0,0,0,0
2635,13,96093dfa310dd93d,1.804216,0.0,0,13476,1,0,0,0,0,0,0,0,0,0,0,0,0,0
2636,13,6dc796e7af448e49,1.35544,0.0,0,13559,1,1,0,0,0,0,0,0,0,0,0,0,0,0
2637,13,65be46ddfad4243a,2.061945,0.0,0,13568,2,1,0,0,0,0,0,0,0,0,0,0,0,0
2638,13,c4eab6edd7effbe6,1.550612,0.0,0,13398,1,1,0,0,0,0,0,0,0,0,0,0,0,0
2639,13,a54be8b4e84ddd6b,2.20857,0.0,0,13415,1,0,0,0,0,0,0,0,0,0,0,0,0,0
2640,13,5621c5f1e30adaa1,1.659216,0.0,0,13382,1,1,0,0,0,0,0,0,0,0,0,0,0,0
2641,13,fc352b8d79264632,1.247754,0.0,0,13506,1,1,0,0,0,0,0,0,0,0,0,0,0,0
2642,13,e4cd759dfaf5fa96,0.937391,0.0,0,13532,1,1,0,0,0,0,0,0,0,0,0,0,0,0
2643,13,fe62f50d844ac6a0,2.791534,0.0,0,13574,2,0,0,0,0,0,0,0,0,0,0,0,0,0
2644,13,4bcbdebf29637cea,2.097175,0.0,0,13654,1,1,0,0,0,0,0,0,0,0,0,0,0,0
2645,13,46250f30c0e00ffc,1.577105,0.0,0,13567,1,1,0,0,0,0,0,0,0,0,0,0,0,0
2646,13,448336b7e02670be,2.228474,0.0,0,13785,1,0,0,0,0,0,0,0,0,0,0,0,0,0
2647,13,5ad0cbb3d6afc675,1.674169,0.0,0,13722,1,1,0,0,0,0,0,0,0,0,0,0,0,0
2648,13,21fdb6d283a90ebb,1.258999,0.0,0,13756,1,1,0,0,0,0,0,0,0,0,0,0,0,0
2649,13,f92d9694293934bc,0.945839,0.0,0,13805,1,1,0,0,0,0,0,0,0,0,0,0,0,0
2650,13,46943f41de1c4176,1.754227,0.0,0,13685,1,0,0,0,0,0,0,0,0,0,0,0,0,0
2651,13,dfb1692852d680fa,1.317885,0.0,0,13510,1,1,0,0,0,0,0,0,0,0,0,0,0,0
2652,13,6124afc01652c2ed,0.991068,0.0,0,13693,1,1,0,0,0,0,0,0,0,0,0,0,0,0
2653,13,d1f1f03032d2b876,1.788206,0.0,0,13850,1,0,0,0,0,0,0,0,0,0,0,0,0,0
2654,13,dd89965b89974aaf,1.343412,0.0,0,14020,1,1,0,0,0,0,0,0,0,0,0,0,0,0
2655,13,ab123278e93e0bfe,2.054416,0.0,0,13593,2,1,0,0,0,0,0,0,0,0,0,0,0,0
2656,13,022f9036eb93dcfc,2.587059,0.0,0,13780,1,0,0,0,0,0,0,0,0,0,0,0,0,0
2657,13,52d834af11383681,1.943561,0.0,0,13802,1,1,0,0,0,0,0,0,0,0,0,0,0,0
2658,13,5e1fa96332b8670b,1.460125,0.0,0,13737,1,1,0,0,0,0,0,0,0,0,0,0,0,0
2659,13,a8dbe835725df1d0,2.142185,0.0,0,13599,2,1,0,0,0,0,0,0,0,0,0,0,0,0
2660,13,a9461e00face2980,2.652997,0.0,0,13705,1,0,0,0,0,0,0,0,0,0,0,0,0,0
2661,13,f6db0ad5de2c4aa1,1.993097,0.0,0,13570,1,1,0,0,0,0,0,0,0,0,0,0,0,0
2662,13,5646bc96e437a277,1.498838,0.0,0,13597,1,1,0,0,0,0,0,0,0,0,0,0,0,0
2663,13,6ebf57eb394ff741,2.169674,0.0,0,13707,1,0,0,0,0,0,0,0,0,0,0,0,0,0
2664,13,8a1dafcfcd31e875,1.629995,0.0,0,13641,1,1,0,0,0,0,0,0,0,0,0,0,0,0
2665,13,452e2c9704c0b58a,2.268208,0.0,0,13973,2,1,0,0,0,0,0,0,0,0,0,0,0,0
2666,13,af94e4aa7022b322,2.749875,0.0,0,13787,1,0,0,0,0,0,0,0,0,0,0,0,0,0
2667,13,283438a3572b6d94,2.065878,0.0,0,13758,1,1,0,0,0,0,0,0,0,0,0,0,0,0
2668,13,94e4977d358ecc03,2.59567,0.0,0,13859,1,0,0,0,0,0,0,0,0,0,0,0,0,0
2669,13,f64f7a848db401b0,1.951981,0.0,0,13607,1,1,0,0,0,0,0,0,0,0,0,0,0,0
2670,13,5ffb3989e0d7cd28,2.510104,0.0,0,13825,1,0,0,0,0,0,0,0,0,0,0,0,0,0
2671,13,08627f6d40108dba,2.929401,0.0,0,13274,2,1,0,0,0,0,0,0,0,0,0,0,0,0
2672,13,5d72b15d75d25880,3.244402,0.0,0,13475,1,0,0,0,0,0,0,0,0,0,0,0,0,0
2673,13,104b4a8483beb326,2.439837,0.0,0,13565,1,1,0,0,0,0,0,0,0,0,0,0,0,0
2674,13,ef2772dec0b4a5d1,1.832958,0.0,0,13847,1,1,0,0,0,0,0,0,0,0,0,0,0,0
2675,13,5fba3125b59cafba,2.420686,0.0,0,13759,1,0,0,0,0,0,0,0,0,0,0,0,0,0
2676,13,692a067da8f6aff3,1.820391,0.0,0,13651,1,1,0,0,0,0,0,0,0,0,0,0,0,0
2677,13,411845ebd32780ef,1.367591,0.0,0,14259,1,1,0,0,0,0,0,0,0,0,0,0,0,0
2678,13,bdef2a2c948aa952,1.02742,0.0,0,14538,1,1,0,0,0,0,0,0,0,0,0,0,0,0
2679,13,4a3953476cd046f6,1.815516,0.0,0,14511,1,0,0,0,0,0,0,0,0,0,0,0,0,0
2680,13,0faa61e7569eb3fb,1.365294,0.0,0,14642,1,1,0,0,0,0,0,0,0,0,0,0,0,0
2681,13,fd914725e4055ecb,1.025694,0.0,0,14197,1,1,0,0,0,0,0,0,0,0,0,0,0,0
2682,13,d441efdf78ff30e5,0.770566,0.0,0,14003,1,1,0,0,0,0,0,0,0,0,0,0,0,0
2683,13,c6a91263206a459a,1.623627,0.0,0,13976,1,0,0,0,0,0,0,0,0,0,0,0,0,0
2684,13,4f55425cd2cbc680,1.21977,0.0,0,13918,1,1,0,0,0,0,0,0,0,0,0,0,0,0
2685,13,188d45c149a80eb8,1.960021,0.0,0,14033,2,1,0,0,0,0,0,0,0,0,0,0,0,0
2686,13,86b15044ce74b560,2.516144,0.0,0,14122,1,0,0,0,0,0,0,0,0,0,0,0,0,0
2687,13,f3dedcc652ea3805,1.892176,0.0,0,14089,1,1,0,0,0,0,0,0,0,0,0,0,0,0
2688,13,218c8e37ff096e0d,1.421521,0.0,0,14009,1,1,0,0,0,0,0,0,0,0,0,0,0,0
2689,13,eb39a7693ac12740,1.067936,0.0,0,14145,1,1,0,0,0,0,0,0,0,0,0,0,0,0
2690,13,59a404d332ee7359,1.847253,0.0,0,14161,1,0,0,0,0,0,0,0,0,0,0,0,0,0
2691,13,22c01e73b007c0d2,2.431426,0.0,0,14220,2,1,0,0,0,0,0,0,0,0,0,0,0,0
2692,13,90fb80d03e6abfb3,1.826639,0.0,0,14232,1,1,0,0,0,0,0,0,0,0,0,0,0,0
2693,13,1771e4f80a950ae0,2.415939,0.0,0,14176,1,0,0,0,0,0,0,0,0,0,0,0,0,0
2694,13,c68b48a88518dcb4,1.816821,0.0,0,14325,1,1,0,0,0,0,0,0,0,0,0,0,0,0
2695,13,d54556391f3921e8,1.364909,0.0,0,14399,1,1,0,0,0,0,0,0,0,0,0,0,0,0
2696,13,5f91abde0f060229,1.025405,0.0,0,14168,1,1,0,0,0,0,0,0,0,0,0,0,0,0
2697,13,c45286409757fc5d,2.859421,0.0,0,14216,2,0,0,0,0,0,0,0,0,0,0,0,0,0
2698,13,a53c3348c96ede05,2.148176,0.0,0,14586,1,1,0,0,0,0,0,0,0,0,0,0,0,0
2699,13,5cd16b14da146900,1.613844,0.0,0,14604,1,1,0,0,0,0,0,0,0,0,0,0,0,0
2700,13,ee2b610d810084dd,1.212421,0.0,0,14750,1,1,0,0,0,0,0,0,0,0,0,0,0,0
2701,13,85a4d9687b872125,1.955908,0.0,0,15242,1,0,0,0,0,0,0,0,0,0,0,0,0,0
2702,13,2b5337dcb9e1ff26,2.513054,0.0,0,15183,2,1,0,0,0,0,0,0,0,0,0,0,0,0
2703,13,9a9e24d2003a8523,1.887964,0.0,0,15046,1,1,0,0,0,0,0,0,0,0,0,0,0,0
2704,13,222ab66042d3c105,2.463926,0.0,0,15904,1,0,0,0,0,0,0,0,0,0,0,0,0,0
2705,13,7ef745779d06ada8,1.851056,0.0,0,15689,1,1,0,0,0,0,0,0,0,0,0,0,0,0
2706,13,a1bc0545abcc5d5e,2.434282,0.0,0,15241,2,1,0,0,0,0,0,0,0,0,0,0,0,0
2707,13,d87bd86011cdf42f,2.872439,0.0,0,15195,1,0,0,0,0,0,0,0,0,0,0,0,0,0
2708,13,79ebbf1a7482d5f1,2.160115,0.0,0,14845,1,1,0,0,0,0,0,0,0,0,0,0,0,0
2709,13,c038b50308eef982,1.622813,0.0,0,14894,1,1,0,0,0,0,0,0,0,0,0,0,0,0
2710,13,b55e7dd484a07c15,3.306466,0.0,0,15095,2,0,0,0,0,0,0,0,0,0,0,0,0,0
2711,13,c9aa77f254880a52,2.486509,0.0,0,14993,1,1,0,0,0,0,0,0,0,0,0,0,0,0
2712,13,64e0ff2ec615be16,1.868022,0.0,0,14930,0,0,0,0,0,0,0,0,0,0,0,0,0,0
2713,13,828677954c50888c,1.403375,0.0,0,14875,1,1,0,0,0,0,0,0,0,0,0,0,0,0
2714,13,c589d46623a0cafb,3.14161,0.0,0,15054,2,0,0,0,0,0,0,0,0,0,0,0,0,0
2715,13,032b1d8de4bc4a7d,2.362535,0.0,0,14831,1,1,0,0,0,0,0,0,0,0,0,0,0,0
2716,13,8aef59f11b69c197,1.774884,0.0,0,14724,1,1,0,0,0,0,0,0,0,0,0,0,0,0
2717,13,0a99d34662a856e9,2.377058,0.0,0,14503,1,0,0,0,0,0,0,0,0,0,0,0,0,0
2718,13,32c95f6fe26c79ea,1.787581,0.0,0,14284,1,1,0,0,0,0,0,0,0,0,0,0,0,0
2719,13,1d55147633c7aae8,1.342943,0.0,0,14412,1,1,0,0,0,0,0,0,0,0,0,0,0,0
2720,13,03a65e6d4c149a33,2.052556,0.0,0,14039,1,0,0,0,0,0,0,0,0,0,0,0,0,0
2721,13,dd8301ef8ab9b0ca,1.542009,0.0,0,13948,1,1,0,0,0,0,0,0,0,0,0,0,0,0
2722,13,a924cdecf00d232a,1.159613,0.0,0,13876,1,1,0,0,0,0,0,0,0,0,0,0,0,0
2723,13,e4bc8612f47993ce,0.871174,0.0,0,13936,1,1,0,0,0,0,0,0,0,0,0,0,0,0
2724,13,015ecb420047363f,1.698133,0.0,0,13817,2,1,0,0,0,0,0,0,0,0,0,0,0,0
2725,13,e73113b55b3eebc3,2.321171,0.0,0,13792,1,0,0,0,0,0,0,0,0,0,0,0,0,0
2726,13,00f6b755b1d032b0,1.743809,0.0,0,13975,1,1,0,0,0,0,0,0,0,0,0,0,0,0
2727,13,9e827dc0fcdc93d5,1.310059,0.0,0,13952,1,1,0,0,0,0,0,0,0,0,0,0,0,0
2728,13,43f001ba2d274306,0.984198,0.0,0,13888,1,1,0,0,0,0,0,0,0,0,0,0,0,0
2729,13,fd30a284c76f7dc7,0.740131,0.0,0,13801,1,1,0,0,0,0,0,0,0,0,0,0,0,0
2730,13,0b9613e4f0a37b59,1.599686,0.0,0,13653,1,0,0,0,0,0,0,0,0,0,0,0,0,0
2731,13,df502cd325b5ed39,1.201784,0.0,0,13762,1,1,0,0,0,0,0,0,0,0,0,0,0,0
2732,13,fe118167dc85ab02,0.903759,0.0,0,13543,1,1,0,0,0,0,0,0,0,0,0,0,0,0
2733,13,aea472aac3afbcf1,1.722614,0.0,0,13728,1,0,0,0,0,0,0,0,0,0,0,0,0,0
2734,13,c1adf9c336152624,1.294135,0.0,0,13783,1,1,0,0,0,0,0,0,0,0,0,0,0,0
2735,13,459e9ada8b1f936c,0.972235,0.0,0,13905,1,1,0,0,0,0,0,0,0,0,0,0,0,0
2736,13,e82023bcf15456c6,0.731135,0.0,0,13620,1,1,0,0,0,0,0,0,0,0,0,0,0,0
2737,13,3d2fa00e0d21fdb5,1.592928,0.0,0,13876,1,0,0,0,0,0,0,0,0,0,0,0,0,0
2738,13,9c2af751ece37db6,2.24036,0.0,0,13805,2,1,0,0,0,0,0,0,0,0,0,0,0,0
2739,13,61f2c29cfc35d548,1.684783,0.0,0,13826,1,1,0,0,0,0,0,0,0,0,0,0,0,0
2740,13,6798be182fb324b2,1.265714,0.0,0,14044,1,1,0,0,0,0,0,0,0,0,0,0,0,0
2741,13,8e5400bfd45c6290,0.950884,0.0,0,14606,1,1,0,0,0,0,0,0,0,0,0,0,0,0
2742,13,d4d756ca6b78f56e,1.758017,0.0,0,14597,1,0,0,0,0,0,0,0,0,0,0,0,0,0
2743,13,c56229639215584e,1.322054,0.0,0,14669,1,1,0,0,0,0,0,0,0,0,0,0,0,0
2744,13,2e21a7391d65f097,2.036863,0.0,0,14509,2,1,0,0,0,0,0,0,0,0,0,0,0,0
2745,13,486bdc4ea809b70e,1.530219,0.0,0,14440,1,1,0,0,0,0,0,0,0,0,0,0,0,0
2746,13,e9d5ed98b0ac47e5,1.150746,0.0,0,15171,1,1,0,0,0,0,0,0,0,0,0,0,0,0
2747,13,bf850360b4a05391,1.908166,0.0,0,15129,2,1,0,0,0,0,0,0,0,0,0,0,0,0
2748,13,0d45c2657f6e14cb,2.477187,0.0,0,15029,1,0,0,0,0,0,0,0,0,0,0,0,0,0
2749,13,686b7480bcecb897,1.861018,0.0,0,14617,1,1,0,0,0,0,0,0,0,0,0,0,0,0
2750,13,b0c81497e478c33b,1.399512,0.0,0,14150,1,1,0,0,0,0,0,0,0,0,0,0,0,0
2751,13,36ba10f7371a1719,1.051401,0.0,0,14123,1,1,0,0,0,0,0,0,0,0,0,0,0,0
2752,13,82c658e142d1a28e,0.789878,0.0,0,13748,1,1,0,0,0,0,0,0,0,0,0,0,0,0
2753,13,ede2d07d203e5d89,2.682301,0.0,0,13802,2,0,0,0,0,0,0,0,0,0,0,0,0,0
2754,13,ec7d2b8bc633676d,2.015112,0.0,0,13871,1,1,0,0,0,0,0,0,0,0,0,0,0,0
2755,13,e0a9179111025ba9,1.513879,0.0,0,13827,1,1,0,0,0,0,0,0,0,0,0,0,0,0
2756,13,d4a0a1eb663284fe,2.180974,0.0,0,13914,1,0,0,0,0,0,0,0,0,0,0,0,0,0
2757,13,d079cdf1df281afc,1.640123,0.0,0,13697,1,1,0,0,0,0,0,0,0,0,0,0,0,0
2758,13,bdb44fe5024fd0d5,2.275817,0.0,0,13961,1,0,0,0,0,0,0,0,0,0,0,0,0,0
2759,13,35b82598dd5c1f55,2.753389,0.0,0,13697,2,1,0,0,0,0,0,0,0,0,0,0,0,0
2760,13,278daa2bb0ba188f,2.070588,0.0,0,13636,1,1,0,0,0,0,0,0,0,0,0,0,0,0
2761,13,bb31c50ff50318c9,2.599209,0.0,0,13542,1,0,0,0,0,0,0,0,0,0,0,0,0,0
2762,13,d6b254309112939f,1.952688,0.0,0,13665,1,1,0,0,0,0,0,0,0,0,0,0,0,0
2763,13,a5775ed5d1374a8e,1.466982,0.0,0,13776,1,1,0,0,0,0,0,0,0,0,0,0,0,0
2764,13,5c5d126315602cd7,2.147342,0.0,0,13801,1,0,0,0,0,0,0,0,0,0,0,0,0,0
2765,13,5c851da4363a721e,1.613218,0.0,0,13644,1,1,0,0,0,0,0,0,0,0,0,0,0,0
2766,13,409c33d5b895e958,1.21195,0.0,0,13588,1,1,0,0,0,0,0,0,0,0,0,0,0,0
2767,13,db731d590892c4ab,1.955554,0.0,0,13535,1,0,0,0,0,0,0,0,0,0,0,0,0,0
2768,13,2bce2bc01c061853,1.469135,0.0,0,13749,1,1,0,0,0,0,0,0,0,0,0,0,0,0
2769,13,2d27357fcd2c6c14,1.103706,0.0,0,13505,1,1,0,0,0,0,0,0,0,0,0,0,0,0
2770,14,1fd48474a6be9a50,0.829173,0.0,0,13905,1,1,0,0,0,0,0,0,0,0,0,0,0,0
2771,14,40ab05863d40ab6a,1.6677,0.0,0,14161,1,0,0,0,0,0,0,0,0,0,0,0,0,0
2772,14,9fa3e60e300cac94,1.252881,0.0,0,14187,1,1,0,0,0,0,0,0,0,0,0,0,0,0
2773,14,9522afc9eb92ebd2,0.941243,0.0,0,14042,1,1,0,0,0,0,0,0,0,0,0,0,0,0
2774,14,0fba0eaa5e567fe1,0.707828,0.0,0,13999,1,1,0,0,0,0,0,0,0,0,0,0,0,0
2775,14,8f9f8c22e25048df,1.575418,0.0,0,14048,1,0,0,0,0,0,0,0,0,0,0,0,0,0
2776,14,025aca0c2fc547cd,2.227206,0.0,0,13946,2,1,0,0,0,0,0,0,0,0,0,0,0,0
2777,14,ea7305c3d0c4eb0e,1.673217,0.0,0,13981,1,1,0,0,0,0,0,0,0,0,0,0,0,0
2778,14,b3bc2710b036c5b2,1.258283,0.0,0,13877,1,1,0,0,0,0,0,0,0,0,0,0,0,0
2779,14,3c254a4fca255c07,1.988954,0.0,0,13894,1,0,0,0,0,0,0,0,0,0,0,0,0,0
2780,14,7fb0256f65ce4ff6,1.494227,0.0,0,14000,1,1,0,0,0,0,0,0,0,0,0,0,0,0
2781,14,a69e89495c03d18a,1.12368,0.0,0,14073,1,1,0,0,0,0,0,0,0,0,0,0,0,0
2782,14,ba87dd4319678e85,2.931485,0.0,0,13949,2,0,0,0,0,0,0,0,0,0,0,0,0,0
2783,14,3e895dd2e76d3ae9,2.202315,0.0,0,14017,1,1,0,0,0,0,0,0,0,0,0,0,0,0
2784,14,5bfa9aaebee05047,1.654517,0.0,0,13969,1,1,0,0,0,0,0,0,0,0,0,0,0,0
2785,14,ca3938afd42b6b51,1.244221,0.0,0,13941,1,1,0,0,0,0,0,0,0,0,0,0,0,0
2786,14,3840b1179d01d5ca,0.934736,0.0,0,13833,1,1,0,0,0,0,0,0,0,0,0,0,0,0
2787,14,3ad00a257add4750,1.745886,0.0,0,14102,1,0,0,0,0,0,0,0,0,0,0,0,0,0
2788,14,715e21df0f1ac6b8,1.312931,0.0,0,13997,1,1,0,0,0,0,0,0,0,0,0,0,0,0
2789,14,ab882b57d80326bc,0.986356,0.0,0,13990,1,1,0,0,0,0,0,0,0,0,0,0,0,0
2790,14,de121b1615b372cf,1.784666,0.0,0,14031,2,1,0,0,0,0,0,0,0,0,0,0,0,0
2791,14,0469b68beb7ba893,2.384406,0.0,0,13976,1,0,0,0,0,0,0,0,0,0,0,0,0,0
2792,14,77ed09b9b5fdd2d5,1.793107,0.0,0,13878,1,1,0,0,0,0,0,0,0,0,0,0,0,0
2793,14,f528f75252723e1c,1.347094,0.0,0,14112,1,1,0,0,0,0,0,0,0,0,0,0,0,0
2794,14,c2f4dc060312be30,2.055675,0.0,0,13991,1,0,0,0,0,0,0,0,0,0,0,0,0,0
2795,14,f6d7570dbe7171fa,1.545897,0.0,0,13826,1,1,0,0,0,0,0,0,0,0,0,0,0,0
2796,14,50afc0b225fbdddd,1.161375,0.0,0,14089,1,1,0,0,0,0,0,0,0,0,0,0,0,0
2797,14,77cb534e4dd68f47,1.916151,0.0,0,13876,2,1,0,0,0,0,0,0,0,0,0,0,0,0
2798,14,03a072c123c7f460,2.483186,0.0,0,13940,1,0,0,0,0,0,0,0,0,0,0,0,0,0
2799,14,e644619daa66b701,1.867391,0.0,0,13898,1,1,0,0,0,0,0,0,0,0,0,0,0,0
2800,14,d4129c9ce8813e06,1.402901,0.0,0,14019,1,1,0,0,0,0,0,0,0,0,0,0,0,0
2801,14,696331196397db3f,1.053947,0.0,0,13928,1,1,0,0,0,0,0,0,0,0,0,0,0,0
2802,14,9f9f981168cfe119,1.836734,0.0,0,14016,1,0,0,0,0,0,0,0,0,0,0,0,0,0
2803,14,e5f2b57345d2996a,1.379869,0.0,0,13771,1,1,0,0,0,0,0,0,0,0,0,0,0,0
2804,14,0a15fe6e02f55e53,1.036644,0.0,0,13957,1,1,0,0,0,0,0,0,0,0,0,0,0,0
2805,14,242024efcb39cc6b,0.778792,0.0,0,14024,1,1,0,0,0,0,0,0,0,0,0,0,0,0
2806,14,8099ca04e120ab38,1.629813,0.0,0,13734,1,0,0,0,0,0,0,0,0,0,0,0,0,0
2807,14,582cbbca4234bde0,2.268071,0.0,0,13916,2,1,0,0,0,0,0,0,0,0,0,0,0,0
2808,14,232ef5f950d63e96,2.74757,0.0,0,13920,1,0,0,0,0,0,0,0,0,0,0,0,0,0
2809,14,2584f3bce8fc2d38,2.066212,0.0,0,13818,1,1,0,0,0,0,0,0,0,0,0,0,0,0
2810,14,2cda024226657f5c,1.552268,0.0,0,13992,1,1,0,0,0,0,0,0,0,0,0,0,0,0
2811,14,b23732d8b87af8a4,1.166161,0.0,0,13867,1,1,0,0,0,0,0,0,0,0,0,0,0,0
2812,14,c208e195e78c2069,1.919746,0.0,0,14014,1,0,0,0,0,0,0,0,0,0,0,0,0,0
2813,14,f8679ed460c91ac0,1.443677,0.0,0,13781,1,1,0,0,0,0,0,0,0,0,0,0,0,0
2814,14,45517c7da3c91956,2.128234,0.0,0,13806,1,0,0,0,0,0,0,0,0,0,0,0,0,0
2815,14,7914bd28219cbd81,2.642516,0.0,0,13638,2,1,0,0,0,0,0,0,0,0,0,0,0,0
2816,14,03cd3dbddab94bff,1.98721,0.0,0,13676,1,1,0,0,0,0,0,0,0,0,0,0,0,0
2817,14,b82209ddfc3514fe,2.53657,0.0,0,13984,1,0,0,0,0,0,0,0,0,0,0,0,0,0
2818,14,d546d109c1511604,1.90563,0.0,0,13983,1,1,0,0,0,0,0,0,0,0,0,0,0,0
2819,14,37742cda28a36989,1.431629,0.0,0,13912,1,1,0,0,0,0,0,0,0,0,0,0,0,0
2820,14,4f373c578a3d3fe0,2.120756,0.0,0,13692,1,0,0,0,0,0,0,0,0,0,0,0,0,0
2821,14,6a822c35e0a73ed8,1.593244,0.0,0,13869,1,1,0,0,0,0,0,0,0,0,0,0,0,0
2822,14,1ff840683257356e,1.196945,0.0,0,13741,1,1,0,0,0,0,0,0,0,0,0,0,0,0
2823,14,76d5a042315d1b4f,0.90012,0.0,0,13926,1,1,0,0,0,0,0,0,0,0,0,0,0,0
2824,14,402f071b2215fda8,1.71988,0.0,0,13934,1,0,0,0,0,0,0,0,0,0,0,0,0,0
2825,14,0757ea4a34ff873f,1.292081,0.0,0,14101,1,1,0,0,0,0,0,0,0,0,0,0,0,0
2826,14,8781398288d36629,0.970692,0.0,0,14248,1,1,0,0,0,0,0,0,0,0,0,0,0,0
2827,14,9a005b7b90aee222,1.774125,0.0,0,14233,2,1,0,0,0,0,0,0,0,0,0,0,0,0
2828,14,e3e824ff69850607,2.376487,0.0,0,14225,1,0,0,0,0,0,0,0,0,0,0,0,0,0
2829,14,bd83d48c64e0adca,1.785366,0.0,0,14925,1,1,0,0,0,0,0,0,0,0,0,0,0,0
2830,14,3b0bb7cf2e107d37,2.386771,0.0,0,15166,1,0,0,0,0,0,0,0,0,0,0,0,0,0
2831,14,cfddd42781563b38,1.793092,0.0,0,15089,1,1,0,0,0,0,0,0,0,0,0,0,0,0
2832,14,7ece2e4c7b47e496,1.347083,0.0,0,15379,1,1,0,0,0,0,0,0,0,0,0,0,0,0
2833,14,119d18bdada59e9f,2.055666,0.0,0,15731,2,1,0,0,0,0,0,0,0,0,0,0,0,0
2834,14,a6e8b97a3a916406,2.590041,0.0,0,15444,1,0,0,0,0,0,0,0,0,0,0,0,0,0
2835,14,6ef44f47d110fcc6,2.989454,0.0,0,14568,2,1,0,0,0,0,0,0,0,0,0,0,0,0
2836,14,a768a669ae5d6c28,2.245865,0.0,0,13868,1,1,0,0,0,0,0,0,0,0,0,0,0,0
2837,14,c5a8ecb5f9e188e2,1.688923,0.0,0,13664,1,1,0,0,0,0,0,0,0,0,0,0,0,0
2838,14,357a8ed5d257c405,2.312478,0.0,0,13764,1,0,0,0,0,0,0,0,0,0,0,0,0,0
2839,14,e3163d28c38a6db4,1.737278,0.0,0,13606,1,1,0,0,0,0,0,0,0,0,0,0,0,0
2840,14,d61aefea7b64b0c5,2.348805,0.0,0,13616,2,1,0,0,0,0,0,0,0,0,0,0,0,0
2841,14,0dc0872bb5dd3fc7,2.810486,0.0,0,13738,1,0,0,0,0,0,0,0,0,0,0,0,0,0
2842,14,64597798c1021cda,2.111413,0.0,0,13764,1,1,0,0,0,0,0,0,0,0,0,0,0,0
2843,14,049053b951caa2b9,1.586226,0.0,0,13737,1,1,0,0,0,0,0,0,0,0,0,0,0,0
2844,14,fd4d2a1dfed8d533,1.192864,0.0,0,13741,1,1,0,0,0,0,0,0,0,0,0,0,0,0
2845,14,3dc2c7fdbbf448f0,1.939808,0.0,0,14081,1,0,0,0,0,0,0,0,0,0,0,0,0,0
2846,14,4de344186694b583,1.457305,0.0,0,14004,1,1,0,0,0,0,0,0,0,0,0,0,0,0
2847,14,8bfff03de43ba19d,3.182125,0.0,0,14079,2,0,0,0,0,0,0,0,0,0,0,0,0,0
2848,14,634b0379defd6d1f,2.393004,0.0,0,13778,1,1,0,0,0,0,0,0,0,0,0,0,0,0
2849,14,8868f28d2c2005d0,1.797774,0.0,0,14064,1,1,0,0,0,0,0,0,0,0,0,0,0,0
2850,14,7cba02b05020cc05,2.394254,0.0,0,14130,1,0,0,0,0,0,0,0,0,0,0,0,0,0
2851,14,44366dff728748a9,1.800513,0.0,0,13961,1,1,0,0,0,0,0,0,0,0,0,0,0,0
2852,14,4ba12b407821d7d3,3.439965,0.0,0,14048,2,0,0,0,0,0,0,0,0,0,0,0,0,0
2853,14,7306be04bf81b840,2.584317,0.0,0,13970,1,1,0,0,0,0,0,0,0,0,0,0,0,0
2854,14,dd685059ff430bdb,1.941501,0.0,0,14123,1,1,0,0,0,0,0,0,0,0,0,0,0,0
2855,14,94cedd0aa17a558e,2.504187,0.0,0,13951,1,0,0,0,0,0,0,0,0,0,0,0,0,0
2856,14,b69424d165317804,1.881302,0.0,0,14074,1,1,0,0,0,0,0,0,0,0,0,0,0,0
2857,14,c5579abcec97b6b1,1.413352,0.0,0,14069,1,1,0,0,0,0,0,0,0,0,0,0,0,0
2858,14,af54ddfd933b2bd8,2.107011,0.0,0,14150,1,0,0,0,0,0,0,0,0,0,0,0,0,0
2859,14,58bcadb27dded969,1.582919,0.0,0,13955,1,1,0,0,0,0,0,0,0,0,0,0,0,0
2860,14,27d8b64e0e70eece,2.232841,0.0,0,13891,1,0,0,0,0,0,0,0,0,0,0,0,0,0
2861,14,58b5eae27e4698af,1.67745,0.0,0,13792,1,1,0,0,0,0,0,0,0,0,0,0,0,0
2862,14,809632e345703a0e,1.261466,0.0,0,13992,1,1,0,0,0,0,0,0,0,0,0,0,0,0
2863,14,07383c051658c247,1.991346,0.0,0,13926,1,0,0,0,0,0,0,0,0,0,0,0,0,0
2864,14,e730129378347d57,1.496024,0.0,0,13904,1,1,0,0,0,0,0,0,0,0,0,0,0,0
2865,14,531543649b69cf7b,2.169182,0.0,0,13777,1,0,0,0,0,0,0,0,0,0,0,0,0,0
2866,14,b7e8d24ef89f7204,2.673278,0.0,0,14626,2,1,0,0,0,0,0,0,0,0,0,0,0,0
2867,14,ad84aa13e184107e,2.008334,0.0,0,14451,1,1,0,0,0,0,0,0,0,0,0,0,0,0
2868,14,46b3ae27bda5af5c,2.55244,0.0,0,14067,1,0,0,0,0,0,0,0,0,0,0,0,0,0
2869,14,b97848b04826fe9f,1.919471,0.0,0,13876,1,1,0,0,0,0,0,0,0,0,0,0,0,0
2870,14,fb7bd3c473672dc8,1.442027,0.0,0,14873,1,1,0,0,0,0,0,0,0,0,0,0,0,0
2871,14,266ba637dc0311ac,2.126994,0.0,0,14797,1,0,0,0,0,0,0,0,0,0,0,0,0,0
2872,14,e8ce959e487951c5,1.59953,0.0,0,14346,1,1,0,0,0,0,0,0,0,0,0,0,0,0
2873,14,16b5f41f4c490fb9,2.24532,0.0,0,14331,2,1,0,0,0,0,0,0,0,0,0,0,0,0
2874,14,3a413e58a5f07684,1.686825,0.0,0,14270,1,1,0,0,0,0,0,0,0,0,0,0,0,0
2875,14,ad62e020d867b4f3,1.267249,0.0,0,14271,1,1,0,0,0,0,0,0,0,0,0,0,0,0
2876,14,164d4b862d4973e5,1.99714,0.0,0,14578,1,0,0,0,0,0,0,0,0,0,0,0,0,0
2877,14,2a3e554e0298a3a7,1.500376,0.0,0,14346,1,1,0,0,0,0,0,0,0,0,0,0,0,0
2878,14,63fa9f240b19e41b,1.127177,0.0,0,14636,1,1,0,0,0,0,0,0,0,0,0,0,0,0
2879,14,24287c3b1dc04246,0.847653,0.0,0,14385,1,1,0,0,0,0,0,0,0,0,0,0,0,0
2880,14,f85e27c7f3eb00f2,0.63681,0.0,0,14452,1,1,0,0,0,0,0,0,0,0,0,0,0,0
2881,14,18f8c63dff81d8a6,2.565718,0.0,0,14482,2,0,0,0,0,0,0,0,0,0,0,0,0,0
2882,14,690926ce68b19179,1.927528,0.0,0,13818,1,1,0,0,0,0,0,0,0,0,0,0,0,0
2883,14,b053fe1b9bf279c1,1.449529,0.0,0,13486,1,1,0,0,0,0,0,0,0,0,0,0,0,0
2884,14,aab6ff5e87a14584,1.088977,0.0,0,13820,1,1,0,0,0,0,0,0,0,0,0,0,0,0
2885,14,1329eba36b2f0846,0.818107,0.0,0,13757,1,1,0,0,0,0,0,0,0,0,0,0,0,0
2886,14,95662b6aed50dbb1,1.659379,0.0,0,13897,1,0,0,0,0,0,0,0,0,0,0,0,0,0
2887,14,72c674e6c50f4413,1.246629,0.0,0,13927,1,1,0,0,0,0,0,0,0,0,0,0,0,0
2888,14,3b3a86a0983a8ccb,0.936546,0.0,0,13971,1,1,0,0,0,0,0,0,0,0,0,0,0,0
2889,14,0102626685d6ef3c,1.747245,0.0,0,14032,1,0,0,0,0,0,0,0,0,0,0,0,0,0
2890,14,934a29d109765a52,2.358104,0.0,0,13888,2,1,0,0,0,0,0,0,0,0,0,0,0,0
2891,14,f69048d7d07a3611,1.771555,0.0,0,13994,1,1,0,0,0,0,0,0,0,0,0,0,0,0
2892,14,1765907f4e4f5190,2.374557,0.0,0,13879,1,0,0,0,0,0,0,0,0,0,0,0,0,0
2893,14,cd85aecb535faffe,1.7857,0.0,0,13838,1,1,0,0,0,0,0,0,0,0,0,0,0,0
2894,14,a820467cf510bb61,3.428837,0.0,0,13884,2,0,0,0,0,0,0,0,0,0,0,0,0,0
2895,14,d4d879ff193b677b,2.575957,0.0,0,13995,1,1,0,0,0,0,0,0,0,0,0,0,0,0
2896,14,4156a2c2014dacde,1.93522,0.0,0,13924,1,1,0,0,0,0,0,0,0,0,0,0,0,0
2897,14,47bb0f8f5457e348,2.499464,0.0,0,13952,1,0,0,0,0,0,0,0,0,0,0,0,0,0
2898,14,b57592670ada3d7d,1.877754,0.0,0,14022,1,1,0,0,0,0,0,0,0,0,0,0,0,0
2899,14,82c8ed09c3d1bcdb,2.454339,0.0,0,14024,1,0,0,0,0,0,0,0,0,0,0,0,0,0
2900,14,d2ff862e8986166a,2.889849,0.0,0,13939,2,1,0,0,0,0,0,0,0,0,0,0,0,0
2901,14,8e17bbdf69a2aa4e,3.214689,0.0,0,14093,1,0,0,0,0,0,0,0,0,0,0,0,0,0
2902,14,437b8ca3ca531f06,2.415075,0.0,0,14082,1,1,0,0,0,0,0,0,0,0,0,0,0,0
2903,14,a22f62650dd954a5,1.814356,0.0,0,14057,1,1,0,0,0,0,0,0,0,0,0,0,0,0
2904,14,6ad897e4b2219839,2.408572,0.0,0,14014,1,0,0,0,0,0,0,0,0,0,0,0,0,0
2905,14,6bbd9c57889ae6ef,1.80947,0.0,0,14123,1,1,0,0,0,0,0,0,0,0,0,0,0,0
2906,14,94d112d30cc2efea,1.359387,0.0,0,14309,1,1,0,0,0,0,0,0,0,0,0,0,0,0
2907,14,4607ae9561b5e4e6,1.022279,0.0,0,14397,1,1,0,0,0,0,0,0,0,0,0,0,0,0
2908,14,9114ae85acb6aa3f,2.855306,0.0,0,13927,2,0,0,0,0,0,0,0,0,0,0,0,0,0
2909,14,5a9937d9f2a05e1e,2.145085,0.0,0,14096,1,1,0,0,0,0,0,0,0,0,0,0,0,0
2910,14,4b72459104c41e8d,1.611522,0.0,0,14207,1,1,0,0,0,0,0,0,0,0,0,0,0,0
2911,14,144c026651983cbd,1.211888,0.0,0,13883,1,1,0,0,0,0,0,0,0,0,0,0,0,0
2912,14,fc789012c38f333a,1.954099,0.0,0,14030,1,0,0,0,0,0,0,0,0,0,0,0,0,0
2913,14,f01a6d43f91578f2,1.468042,0.0,0,14101,1,1,0,0,0,0,0,0,0,0,0,0,0,0
2914,14,05ddf94578ae2098,2.148139,0.0,0,14159,2,1,0,0,0,0,0,0,0,0,0,0,0,0
2915,14,2370468175bcfc57,1.613816,0.0,0,14073,1,1,0,0,0,0,0,0,0,0,0,0,0,0
2916,14,2df5ee75166741ce,1.2124,0.0,0,14236,1,1,0,0,0,0,0,0,0,0,0,0,0,0
2917,14,e7b134331901b39d,0.910831,0.0,0,14162,1,1,0,0,0,0,0,0,0,0,0,0,0,0
2918,14,b30871325d5dce1d,0.684958,0.0,0,14291,1,1,0,0,0,0,0,0,0,0,0,0,0,0
2919,14,ac811a58ae6ad1ee,1.558236,0.0,0,14250,1,0,0,0,0,0,0,0,0,0,0,0,0,0
2920,14,3189fe7a0fae2e94,2.214298,0.0,0,14250,2,1,0,0,0,0,0,0,0,0,0,0,0,0
2921,14,ebbf325497a30ed5,1.665184,0.0,0,14301,1,1,0,0,0,0,0,0,0,0,0,0,0,0
2922,14,df62b315a6716627,1.25099,0.0,0,14374,1,1,0,0,0,0,0,0,0,0,0,0,0,0
2923,14,8f3197fb29b5ebe8,1.983476,0.0,0,14298,1,0,0,0,0,0,0,0,0,0,0,0,0,0
2924,14,6535c686f8297d89,1.490111,0.0,0,14425,1,1,0,0,0,0,0,0,0,0,0,0,0,0
2925,14,a429eabbb15bb272,2.164735,0.0,0,14448,2,1,0,0,0,0,0,0,0,0,0,0,0,0
2926,14,5f89696cfb35a7a4,1.626285,0.0,0,14457,1,1,0,0,0,0,0,0,0,0,0,0,0,0
2927,14,12d7ddd7694bbed3,1.221767,0.0,0,14162,1,1,0,0,0,0,0,0,0,0,0,0,0,0
2928,14,5b739d7d171d752e,1.962937,0.0,0,14112,1,0,0,0,0,0,0,0,0,0,0,0,0,0
2929,14,061c0cc587c5d275,1.474681,0.0,0,14043,1,1,0,0,0,0,0,0,0,0,0,0,0,0
2930,14,f0e155390a4199cf,1.107873,0.0,0,14059,1,1,0,0,0,0,0,0,0,0,0,0,0,0
2931,14,9389e6c969a6df63,1.875957,0.0,0,14029,2,1,0,0,0,0,0,0,0,0,0,0,0,0
2932,14,75f5ef1736e58110,2.454897,0.0,0,14072,1,0,0,0,0,0,0,0,0,0,0,0,0,0
2933,14,e0ae76a3f066076b,1.844272,0.0,0,14014,1,1,0,0,0,0,0,0,0,0,0,0,0,0
2934,14,41b160f6a31b9cad,1.385533,0.0,0,14091,1,1,0,0,0,0,0,0,0,0,0,0,0,0
2935,14,86d5b84071c92216,1.04194,0.0,0,14123,1,1,0,0,0,0,0,0,0,0,0,0,0,0
2936,14,793ff2d8cc53da87,1.826424,0.0,0,14434,1,0,0,0,0,0,0,0,0,0,0,0,0,0
2937,14,26e3755d243f7a43,2.415778,0.0,0,14412,2,1,0,0,0,0,0,0,0,0,0,0,0,0
2938,14,8f16ee29de65fdfb,1.814883,0.0,0,14568,1,1,0,0,0,0,0,0,0,0,0,0,0,0
2939,14,0d8d2ee8d67fecb1,1.364818,0.0,0,14488,1,1,0,0,0,0,0,0,0,0,0,0,0,0
2940,14,426d9f406a297973,2.06899,0.0,0,14426,1,0,0,0,0,0,0,0,0,0,0,0,0,0
2941,14,44da05b37ee3b230,1.554355,0.0,0,14526,1,1,0,0,0,0,0,0,0,0,0,0,0,0
2942,14,4f609a7224ffeb07,2.213048,0.0,0,14599,2,1,0,0,0,0,0,0,0,0,0,0,0,0
2943,14,df56fd91abf1e5c0,1.66258,0.0,0,14752,1,1,0,0,0,0,0,0,0,0,0,0,0,0
2944,14,b94f2259f43489f5,2.292688,0.0,0,14726,1,0,0,0,0,0,0,0,0,0,0,0,0,0
2945,14,c800fef2ef7d0d8b,1.72241,0.0,0,14645,1,1,0,0,0,0,0,0,0,0,0,0,0,0
2946,14,e2f93aeb6912a92a,2.339428,0.0,0,14689,2,1,0,0,0,0,0,0,0,0,0,0,0,0
2947,14,ddb79452fe718b0f,2.801178,0.0,0,14778,1,0,0,0,0,0,0,0,0,0,0,0,0,0
2948,14,6f3a6211df293f73,2.10442,0.0,0,14751,1,1,0,0,0,0,0,0,0,0,0,0,0,0
2949,14,2792be0f5f488460,1.582554,0.0,0,14591,1,1,0,0,0,0,0,0,0,0,0,0,0,0
2950,14,29ab8853c3b8b833,2.232567,0.0,0,14580,2,1,0,0,0,0,0,0,0,0,0,0,0,0
2951,14,c18150e00b5a6196,2.720898,0.0,0,14866,1,0,0,0,0,0,0,0,0,0,0,0,0,0
2952,14,c6bb999728365f9d,2.044109,0.0,0,14880,1,1,0,0,0,0,0,0,0,0,0,0,0,0
2953,14,86d44c7e3dc862d4,1.537199,0.0,0,14663,1,1,0,0,0,0,0,0,0,0,0,0,0,0
2954,14,65db1870c61ac44c,1.15484,0.0,0,14766,1,1,0,0,0,0,0,0,0,0,0,0,0,0
2955,14,1bd8bc95a2e74076,0.867588,0.0,0,14570,1,1,0,0,0,0,0,0,0,0,0,0,0,0
2956,14,66e444d31237543a,1.696589,0.0,0,14417,1,0,0,0,0,0,0,0,0,0,0,0,0,0
2957,14,083929f1728e2e3f,1.274584,0.0,0,14366,1,1,0,0,0,0,0,0,0,0,0,0,0,0
2958,14,b8b8de59a45f75a1,2.001201,0.0,0,14274,2,1,0,0,0,0,0,0,0,0,0,0,0,0
2959,14,2ca76177b0dcbac0,1.503427,0.0,0,14283,1,1,0,0,0,0,0,0,0,0,0,0,0,0
2960,14,31b790fb0b394e67,1.130599,0.0,0,14148,1,1,0,0,0,0,0,0,0,0,0,0,0,0
2961,14,d6edd737e89f7c4e,1.89303,0.0,0,14330,1,0,0,0,0,0,0,0,0,0,0,0,0,0
2962,14,e99b8dfa257dd66d,1.422163,0.0,0,14400,1,1,0,0,0,0,0,0,0,0,0,0,0,0
2963,14,604072e6f4b7228b,1.069487,0.0,0,14061,1,1,0,0,0,0,0,0,0,0,0,0,0,0
2964,14,bf8fb807718a26a5,0.803465,0.0,0,14392,1,1,0,0,0,0,0,0,0,0,0,0,0,0
2965,14,d43d58aa21b266a0,0.603613,0.0,0,14138,1,1,0,0,0,0,0,0,0,0,0,0,0,0
2966,14,4ee8f94e2b4bc610,1.497126,0.0,0,14115,1,0,0,0,0,0,0,0,0,0,0,0,0,0
2967,15,1fd48474a6be9a50,1.12586,0.0,0,14025,1,1,0,0,0,0,0,0,0,0,0,0,0,0
2968,15,40ab05863d40ab6a,0.845816,0.0,0,14134,1,1,0,0,0,0,0,0,0,0,0,0,0,0
2969,15,9fa3e60e300cac94,0.63543,0.0,0,14172,1,1,0,0,0,0,0,0,0,0,0,0,0,0
2970,15,9522afc9eb92ebd2,1.522003,0.0,0,14130,1,0,0,0,0,0,0,0,0,0,0,0,0,0
2971,15,0fba0eaa5e567fe1,1.143424,0.0,0,14102,1,1,0,0,0,0,0,0,0,0,0,0,0,0
2972,15,8f9f8c22e25048df,1.902665,0.0,0,13886,2,1,0,0,0,0,0,0,0,0,0,0,0,0
2973,15,025aca0c2fc547cd,1.429401,0.0,0,13972,0,0,0,0,0,0,0,0,0,0,0,0,0,0
2974,15,ea7305c3d0c4eb0e,1.07493,0.0,0,13921,1,1,0,0,0,0,0,0,0,0,0,0,0,0
2975,15,b3bc2710b036c5b2,1.851208,0.0,0,13966,2,1,0,0,0,0,0,0,0,0,0,0,0,0
2976,15,3c254a4fca255c07,2.434397,0.0,0,14000,1,0,0,0,0,0,0,0,0,0,0,0,0,0
2977,15,7fb0256f65ce4ff6,1.830701,0.0,0,13990,1,1,0,0,0,0,0,0,0,0,0,0,0,0
2978,15,a69e89495c03d18a,1.375337,0.0,0,14024,1,1,0,0,0,0,0,0,0,0,0,0,0,0
2979,15,ba87dd4319678e85,1.033239,0.0,0,13922,1,1,0,0,0,0,0,0,0,0,0,0,0,0
2980,15,3e895dd2e76d3ae9,1.819888,0.0,0,14063,1,0,0,0,0,0,0,0,0,0,0,0,0,0
2981,15,5bfa9aaebee05047,1.368581,0.0,0,13789,1,1,0,0,0,0,0,0,0,0,0,0,0,0
2982,15,ca3938afd42b6b51,1.028164,0.0,0,14147,1,1,0,0,0,0,0,0,0,0,0,0,0,0
2983,15,3840b1179d01d5ca,0.772421,0.0,0,13902,1,1,0,0,0,0,0,0,0,0,0,0,0,0
2984,15,3ad00a257add4750,0.580872,0.0,0,14099,1,1,0,0,0,0,0,0,0,0,0,0,0,0
2985,15,715e21df0f1ac6b8,1.480041,0.0,0,13898,1,0,0,0,0,0,0,0,0,0,0,0,0,0
2986,15,ab882b57d80326bc,2.155553,0.0,0,14018,2,1,0,0,0,0,0,0,0,0,0,0,0,0
2987,15,de121b1615b372cf,1.619386,0.0,0,14029,1,1,0,0,0,0,0,0,0,0,0,0,0,0
2988,15,0469b68beb7ba893,2.261952,0.0,0,13916,1,0,0,0,0,0,0,0,0,0,0,0,0,0
2989,15,77ed09b9b5fdd2d5,1.69932,0.0,0,14094,1,1,0,0,0,0,0,0,0,0,0,0,0,0
2990,15,f528f75252723e1c,1.276636,0.0,0,13982,1,1,0,0,0,0,0,0,0,0,0,0,0,0
2991,15,c2f4dc060312be30,2.004199,0.0,0,13884,2,1,0,0,0,0,0,0,0,0,0,0,0,0
2992,15,f6d7570dbe7171fa,2.549333,0.0,0,13928,1,0,0,0,0,0,0,0,0,0,0,0,0,0
2993,15,50afc0b225fbdddd,1.915218,0.0,0,14041,1,1,0,0,0,0,0,0,0,0,0,0,0,0
2994,15,77cb534e4dd68f47,1.438832,0.0,0,13945,1,1,0,0,0,0,0,0,0,0,0,0,0,0
2995,15,03a072c123c7f460,3.170323,0.0,0,13801,2,0,0,0,0,0,0,0,0,0,0,0,0,0
2996,15,40a0b4653c2b8b16,2.381745,0.0,0,14007,1,1,0,0,0,0,0,0,0,0,0,0,0,0
2997,15,8ced9c6091029967,1.789316,0.0,0,14036,1,1,0,0,0,0,0,0,0,0,0,0,0,0
2998,15,674cb12ba4ef8cda,1.345591,0.0,0,13860,1,1,0,0,0,0,0,0,0,0,0,0,0,0
2999,15,d57b64595e7c32ad,2.054546,0.0,0,13917,1,0,0,0,0,0,0,0,0,0,0,0,0,0
3000,15,5b15648740495c29,2.587157,0.0,0,13896,2,1,0,0,0,0,0,0,0,0,0,0,0,0
3001,15,d02881b065edd25a,1.943634,0.0,0,13986,1,1,0,0,0,0,0,0,0,0,0,0,0,0
3002,15,8c5cd90f2f3554f9,1.461641,0.0,0,13821,1,1,0,0,0,0,0,0,0,0,0,0,0,0
3003,15,125a99079cc63c13,2.141729,0.0,0,13941,1,0,0,0,0,0,0,0,0,0,0,0,0,0
3004,15,cee6b3b43fe920fb,1.609001,0.0,0,13847,1,1,0,0,0,0,0,0,0,0,0,0,0,0
3005,15,6bada9fe2074d6a7,2.254142,0.0,0,13883,2,1,0,0,0,0,0,0,0,0,0,0,0,0
3006,15,38f85d6f46b140c3,2.737106,0.0,0,13957,1,0,0,0,0,0,0,0,0,0,0,0,0,0
3007,15,a99b557064d4186e,2.056286,0.0,0,13816,1,1,0,0,0,0,0,0,0,0,0,0,0,0
3008,15,9ecd2712fd28056d,2.588464,0.0,0,13918,1,0,0,0,0,0,0,0,0,0,0,0,0,0
3009,15,89ffbeb061e11906,1.946562,0.0,0,13802,1,1,0,0,0,0,0,0,0,0,0,0,0,0
3010,15,a7c6ed1d7669abc7,1.462379,0.0,0,13811,1,1,0,0,0,0,0,0,0,0,0,0,0,0
3011,15,3c5e49259495a702,3.185937,0.0,0,13743,2,0,0,0,0,0,0,0,0,0,0,0,0,0
3012,15,63474c69cea9e4c0,2.39587,0.0,0,13498,1,1,0,0,0,0,0,0,0,0,0,0,0,0
3013,15,502cf3540f440fbe,1.799928,0.0,0,13453,1,1,0,0,0,0,0,0,0,0,0,0,0,0
3014,15,db8c39d1373b46de,2.395872,0.0,0,13729,1,0,0,0,0,0,0,0,0,0,0,0,0,0
3015,15,b17313cb737f1e46,1.799929,0.0,0,13729,1,1,0,0,0,0,0,0,0,0,0,0,0,0
3016,15,19c11f632c69c6c4,1.353572,0.0,0,13742,1,1,0,0,0,0,0,0,0,0,0,0,0,0
3017,15,cbc36d5012b87d36,1.016888,0.0,0,13654,0,0,0,0,0,0,0,0,0,0,0,0,0,0
3018,15,b799e14e5305a1e6,0.76395,0.0,0,13475,1,1,0,0,0,0,0,0,0,0,0,0,0,0
3019,15,25fcaf4ca2336b70,1.618652,0.0,0,13559,2,1,0,0,0,0,0,0,0,0,0,0,0,0
3020,15,34a01f1a926d62ee,1.216033,0.0,0,13547,1,1,0,0,0,0,0,0,0,0,0,0,0,0
3021,15,e7131b20cedfd302,1.957213,0.0,0,13580,1,0,0,0,0,0,0,0,0,0,0,0,0,0
3022,15,dac5bd03db63857b,1.470381,0.0,0,13686,1,1,0,0,0,0,0,0,0,0,0,0,0,0
3023,15,43a7fa487e108dda,1.105748,0.0,0,13696,1,1,0,0,0,0,0,0,0,0,0,0,0,0
3024,15,21142fb0a9b2eb84,1.87436,0.0,0,13923,1,0,0,0,0,0,0,0,0,0,0,0,0,0
3025,15,22d2dc4a6ea0e5a4,1.408137,0.0,0,14742,1,1,0,0,0,0,0,0,0,0,0,0,0,0
3026,15,6e004cff58a1b573,1.058939,0.0,0,14525,1,1,0,0,0,0,0,0,0,0,0,0,0,0
3027,15,ef8cd9766666d65a,0.795541,0.0,0,16077,1,1,0,0,0,0,0,0,0,0,0,0,0,0
3028,15,d8ce71d66670d86e,2.684967,0.0,0,15770,2,0,0,0,0,0,0,0,0,0,0,0,0,0
3029,15,5f2a9542e98da3f4,2.017115,0.0,0,15224,1,1,0,0,0,0,0,0,0,0,0,0,0,0
3030,15,dbeb688fd72b339e,1.5169,0.0,0,14955,1,1,0,0,0,0,0,0,0,0,0,0,0,0
3031,15,5de6d0c0c72d6e2f,1.13959,0.0,0,14671,1,1,0,0,0,0,0,0,0,0,0,0,0,0
3032,15,03378377b90b7572,1.899785,0.0,0,14613,1,0,0,0,0,0,0,0,0,0,0,0,0,0
3033,15,84082a5cd95bdd8a,1.428665,0.0,0,15364,1,1,0,0,0,0,0,0,0,0,0,0,0,0
3034,15,14223007fd6c0393,2.116956,0.0,0,15052,2,1,0,0,0,0,0,0,0,0,0,0,0,0
3035,15,668038cb2d01cc48,2.634043,0.0,0,14981,1,0,0,0,0,0,0,0,0,0,0,0,0,0
3036,15,3e9d9382550212d4,1.978858,0.0,0,14744,1,1,0,0,0,0,0,0,0,0,0,0,0,0
3037,15,13706af309de365d,1.48813,0.0,0,14422,1,1,0,0,0,0,0,0,0,0,0,0,0,0
3038,15,21007bacaaf915ef,1.117976,0.0,0,14199,1,1,0,0,0,0,0,0,0,0,0,0,0,0
3039,15,7f3a8422381d83f8,1.883547,0.0,0,13664,1,0,0,0,0,0,0,0,0,0,0,0,0,0
3040,15,791c0deb857f38af,2.460605,0.0,0,13731,2,1,0,0,0,0,0,0,0,0,0,0,0,0
3041,15,37a704e0b2bc36de,1.84856,0.0,0,13584,1,1,0,0,0,0,0,0,0,0,0,0,0,0
3042,15,58128419f046960f,1.388754,0.0,0,13811,1,1,0,0,0,0,0,0,0,0,0,0,0,0
3043,15,06a9f725091a8fde,2.086973,0.0,0,13777,1,0,0,0,0,0,0,0,0,0,0,0,0,0
3044,15,7c34306e5dcc6ea1,1.569433,0.0,0,13797,1,1,0,0,0,0,0,0,0,0,0,0,0,0
3045,15,32d96cdba0f5c9bd,1.179056,0.0,0,13944,1,1,0,0,0,0,0,0,0,0,0,0,0,0
3046,15,e0359699e27890d7,0.885781,0.0,0,13749,1,1,0,0,0,0,0,0,0,0,0,0,0,0
3047,15,3800620ed8469b87,1.71027,0.0,0,13831,1,0,0,0,0,0,0,0,0,0,0,0,0,0
3048,15,ccb57bc635739759,1.284862,0.0,0,13748,1,1,0,0,0,0,0,0,0,0,0,0,0,0
3049,15,21eec37f5be9e882,2.008922,0.0,0,13956,2,1,0,0,0,0,0,0,0,0,0,0,0,0
3050,15,61e61485a76b2386,2.552882,0.0,0,13792,1,0,0,0,0,0,0,0,0,0,0,0,0,0
3051,15,8a4afcfbd6566a4c,1.919803,0.0,0,13792,1,1,0,0,0,0,0,0,0,0,0,0,0,0
3052,15,cdcb883470c001fa,2.48593,0.0,0,13680,1,0,0,0,0,0,0,0,0,0,0,0,0,0
3053,15,56c639718db06aa8,1.867586,0.0,0,13839,1,1,0,0,0,0,0,0,0,0,0,0,0,0
3054,15,3fc1c515ce24ca31,2.448602,0.0,0,13795,1,0,0,0,0,0,0,0,0,0,0,0,0,0
3055,15,cd8012c2dd597409,1.839543,0.0,0,13662,1,1,0,0,0,0,0,0,0,0,0,0,0,0
3056,15,09cfeb9a9909a9df,2.425633,0.0,0,13849,1,0,0,0,0,0,0,0,0,0,0,0,0,0
3057,15,ba0eb5cfa90684ca,1.822288,0.0,0,13879,1,1,0,0,0,0,0,0,0,0,0,0,0,0
3058,15,54cc31ce3b41f302,1.370386,0.0,0,13634,1,1,0,0,0,0,0,0,0,0,0,0,0,0
3059,15,f7b9f8577c976078,2.073173,0.0,0,13546,1,0,0,0,0,0,0,0,0,0,0,0,0,0
3060,15,e1dca6c9ba827098,1.557498,0.0,0,13484,1,1,0,0,0,0,0,0,0,0,0,0,0,0
3061,15,459b2283334b652a,0.12711,0.0,0,13738,0,1,0,0,0,0,0,0,0,0,0,0,0,0
3062,15,c6d7bc0c62737249,1.139146,0.0,0,13684,1,0,0,0,0,0,0,0,0,0,0,0,0,0
3063,15,8e9f54945efe6f51,1.899451,0.0,0,13738,2,1,0,0,0,0,0,0,0,0,0,0,0,0
3064,15,1570d2c8255f357e,1.426987,0.0,0,13653,1,1,0,0,0,0,0,0,0,0,0,0,0,0
3065,15,15a41a30302924d5,2.117265,0.0,0,13600,1,0,0,0,0,0,0,0,0,0,0,0,0,0
3066,15,e03d13f6db2fafe4,1.590622,0.0,0,14938,1,1,0,0,0,0,0,0,0,0,0,0,0,0
3067,15,7b445bfe8606c025,1.194975,0.0,0,15076,1,1,0,0,0,0,0,0,0,0,0,0,0,0
3068,15,bb4e75ae2d42c9d9,0.898638,0.0,0,14621,1,1,0,0,0,0,0,0,0,0,0,0,0,0
3069,15,c39bcf587bd7204d,1.718767,0.0,0,16146,1,0,0,0,0,0,0,0,0,0,0,0,0,0
3070,15,9e8787f2b3ae748e,2.334898,0.0,0,16040,2,1,0,0,0,0,0,0,0,0,0,0,0,0
3071,15,bd85770e8cf72e14,1.754122,0.0,0,15809,1,1,0,0,0,0,0,0,0,0,0,0,0,0
3072,15,ac8bd1951d545e47,1.319125,0.0,0,15639,1,1,0,0,0,0,0,0,0,0,0,0,0,0
3073,15,ace583561ef0057a,0.991009,0.0,0,15689,1,1,0,0,0,0,0,0,0,0,0,0,0,0
3074,15,20fb211f50fdb34f,0.744508,0.0,0,15316,1,1,0,0,0,0,0,0,0,0,0,0,0,0
3075,15,b9f1b35253411443,1.604031,0.0,0,15486,2,1,0,0,0,0,0,0,0,0,0,0,0,0
3076,15,c811136815ce45f6,1.205049,0.0,0,15483,1,1,0,0,0,0,0,0,0,0,0,0,0,0
3077,15,0e3e04007c6ca9ac,1.948961,0.0,0,15401,1,0,0,0,0,0,0,0,0,0,0,0,0,0
3078,15,2b1e7bfbcc593369,1.464182,0.0,0,15438,1,1,0,0,0,0,0,0,0,0,0,0,0,0
3079,15,ccb1f16f23afe350,1.101086,0.0,0,15297,1,1,0,0,0,0,0,0,0,0,0,0,0,0
3080,15,54ef4a352c0eeff9,0.827204,0.0,0,15300,1,1,0,0,0,0,0,0,0,0,0,0,0,0
3081,15,b09a26b2455e66f2,0.621448,0.0,0,14517,1,1,0,0,0,0,0,0,0,0,0,0,0,0
3082,15,416c8404bdbc495c,1.511488,0.0,0,13956,1,0,0,0,0,0,0,0,0,0,0,0,0,0
3083,15,c4e064aac7f7d4dd,2.179178,0.0,0,14101,2,1,0,0,0,0,0,0,0,0,0,0,0,0
3084,15,fd9ee34ddd68ef69,1.637135,0.0,0,14008,1,1,0,0,0,0,0,0,0,0,0,0,0,0
3085,15,9dead88d1c62fb5e,1.229918,0.0,0,14087,1,1,0,0,0,0,0,0,0,0,0,0,0,0
3086,15,8599ce73076271fb,0.924916,0.0,0,13970,1,1,0,0,0,0,0,0,0,0,0,0,0,0
3087,15,b090d1aa2066674d,1.738508,0.0,0,14249,1,0,0,0,0,0,0,0,0,0,0,0,0,0
3088,15,5dff536d40476d17,2.34973,0.0,0,14026,2,1,0,0,0,0,0,0,0,0,0,0,0,0
3089,15,80a0023ee18c8a09,1.76703,0.0,0,14094,1,1,0,0,0,0,0,0,0,0,0,0,0,0
3090,15,49d29a84ee54fe35,2.371157,0.0,0,14198,1,0,0,0,0,0,0,0,0,0,0,0,0,0
3091,15,3499199e5e901e82,1.781362,0.0,0,14207,1,1,0,0,0,0,0,0,0,0,0,0,0,0
3092,15,59a3dbd2d60eb725,3.425577,0.0,0,14120,2,0,0,0,0,0,0,0,0,0,0,0,0,0
3093,15,3d1be909c358c64e,2.576083,0.0,0,14179,1,1,0,0,0,0,0,0,0,0,0,0,0,0
3094,15,a846ec016aa1b72e,2.978968,0.0,0,14204,1,0,0,0,0,0,0,0,0,0,0,0,0,0
3095,15,fe20b35f9dfa53c7,3.281641,0.0,0,14207,2,1,0,0,0,0,0,0,0,0,0,0,0,0
3096,15,805d63cbfb5d2e79,3.511991,0.0,0,14195,1,0,0,0,0,0,0,0,0,0,0,0,0,0
3097,15,038ae13902d88473,2.638428,0.0,0,14396,1,1,0,0,0,0,0,0,0,0,0,0,0,0
3098,15,148ace24a496fcba,1.982152,0.0,0,14451,1,1,0,0,0,0,0,0,0,0,0,0,0,0
3099,15,57be5de0b9e27a37,2.53277,0.0,0,14440,1,0,0,0,0,0,0,0,0,0,0,0,0,0
3100,15,ba8fda7bf13a4311,1.904679,0.0,0,14550,1,1,0,0,0,0,0,0,0,0,0,0,0,0
3101,15,56897ab5b0bd8de4,1.430914,0.0,0,14651,1,1,0,0,0,0,0,0,0,0,0,0,0,0
3102,15,3f7c2b2bd62673de,1.074992,0.0,0,14264,1,1,0,0,0,0,0,0,0,0,0,0,0,0
3103,15,fe65623477ac640e,2.896711,0.0,0,14326,2,0,0,0,0,0,0,0,0,0,0,0,0,0
3104,15,f42d22f2d800fd8f,2.17619,0.0,0,14319,1,1,0,0,0,0,0,0,0,0,0,0,0,0
3105,15,2bb4637e82e940d1,1.63489,0.0,0,14370,1,1,0,0,0,0,0,0,0,0,0,0,0,0
3106,15,5fc0f1e339fdb7ef,2.271885,0.0,0,14343,1,0,0,0,0,0,0,0,0,0,0,0,0,0
3107,15,ce83cb66a43427ae,1.70849,0.0,0,14096,1,1,0,0,0,0,0,0,0,0,0,0,0,0
3108,15,352bbe27e246a412,1.283525,0.0,0,14284,1,1,0,0,0,0,0,0,0,0,0,0,0,0
3109,15,3007bd0bd9d17000,0.964264,0.0,0,17828,1,1,0,0,0,0,0,0,0,0,0,0,0,0
3110,15,f096d128564abd28,1.769291,0.0,0,17142,1,0,0,0,0,0,0,0,0,0,0,0,0,0
3111,15,1401a21573e2840d,2.372856,0.0,0,17769,2,1,0,0,0,0,0,0,0,0,0,0,0,0
3112,15,943bdc8303d053ed,1.782638,0.0,0,17698,1,1,0,0,0,0,0,0,0,0,0,0,0,0
3113,15,a0c4dbeb118fe56e,1.339229,0.0,0,17528,1,1,0,0,0,0,0,0,0,0,0,0,0,0
3114,15,f924a3e491d9fb1a,3.09542,0.0,0,15903,2,0,0,0,0,0,0,0,0,0,0,0,0,0
3115,15,f675805ae37b3a36,2.325474,0.0,0,14277,1,1,0,0,0,0,0,0,0,0,0,0,0,0
3116,15,02f9ff4a30ae8a14,1.747041,0.0,0,14523,1,1,0,0,0,0,0,0,0,0,0,0,0,0
3117,15,fa68e0d8689dea18,1.3138,0.0,0,14217,1,1,0,0,0,0,0,0,0,0,0,0,0,0
3118,15,e39e68fe3ec3f606,0.987009,0.0,0,14544,1,1,0,0,0,0,0,0,0,0,0,0,0,0
3119,15,a6ae548ba0c30a6f,1.785156,0.0,0,14497,2,1,0,0,0,0,0,0,0,0,0,0,0,0
3120,15,ed7932b11ea03cc9,1.341121,0.0,0,14369,1,1,0,0,0,0,0,0,0,0,0,0,0,0
3121,15,eedd3568b933b4e3,2.052693,0.0,0,14689,1,0,0,0,0,0,0,0,0,0,0,0,0,0
3122,15,e43d8ede91f66ca7,1.542111,0.0,0,15470,1,1,0,0,0,0,0,0,0,0,0,0,0,0
3123,15,ccb456cb1e9abb40,2.202184,0.0,0,15366,2,1,0,0,0,0,0,0,0,0,0,0,0,0
3124,15,a6d0f36b3ac280c0,1.656074,0.0,0,15372,1,1,0,0,0,0,0,0,0,0,0,0,0,0
3125,15,c97570238b251a6b,1.244146,0.0,0,15278,1,1,0,0,0,0,0,0,0,0,0,0,0,0
3126,15,0bc41efbdb44d63c,3.021987,0.0,0,16138,2,0,0,0,0,0,0,0,0,0,0,0,0,0
3127,15,dffe92475bee6de3,2.270306,0.0,0,16468,1,1,0,0,0,0,0,0,0,0,0,0,0,0
3128,15,259a9b23905cad13,1.707303,0.0,0,16396,1,1,0,0,0,0,0,0,0,0,0,0,0,0
3129,15,00f3872e5e664235,2.326286,0.0,0,16194,2,1,0,0,0,0,0,0,0,0,0,0,0,0
3130,15,389f1fcc64b09151,2.791305,0.0,0,16264,1,0,0,0,0,0,0,0,0,0,0,0,0,0
3131,15,8a4eaac021814533,2.099101,0.0,0,16009,1,1,0,0,0,0,0,0,0,0,0,0,0,0
3132,15,abcc760ce1543bd4,2.62063,0.0,0,16878,2,1,0,0,0,0,0,0,0,0,0,0,0,0
3133,15,c9f855a795cc6e7e,3.012434,0.0,0,16423,1,0,0,0,0,0,0,0,0,0,0,0,0,0
3134,15,831632d4be8045c4,2.263129,0.0,0,16421,1,1,0,0,0,0,0,0,0,0,0,0,0,0
3135,15,0fd67acf47c249a9,1.701906,0.0,0,16194,1,1,0,0,0,0,0,0,0,0,0,0,0,0
3136,15,ef000335a7f2d146,2.322231,0.0,0,16048,2,1,0,0,0,0,0,0,0,0,0,0,0,0
3137,15,840c33b66397ffa2,2.788259,0.0,0,16046,1,0,0,0,0,0,0,0,0,0,0,0,0,0
3138,15,e6d1ead99b55320b,2.09681,0.0,0,14987,1,1,0,0,0,0,0,0,0,0,0,0,0,0
3139,15,aaf93df6c210670b,1.575255,0.0,0,14594,1,1,0,0,0,0,0,0,0,0,0,0,0,0
3140,15,6c7aa819fe4a3f21,2.227084,0.0,0,14588,1,0,0,0,0,0,0,0,0,0,0,0,0,0
3141,15,470598f10329b9c8,2.716778,0.0,0,14879,2,1,0,0,0,0,0,0,0,0,0,0,0,0
3142,16,1fd48474a6be9a50,2.043056,0.0,0,13869,1,1,0,0,0,0,0,0,0,0,0,0,0,0
3143,16,40ab05863d40ab6a,2.578525,0.0,0,14098,1,0,0,0,0,0,0,0,0,0,0,0,0,0
3144,16,9fa3e60e300cac94,1.937149,0.0,0,14131,1,1,0,0,0,0,0,0,0,0,0,0,0,0
3145,16,9522afc9eb92ebd2,1.456764,0.0,0,14161,1,1,0,0,0,0,0,0,0,0,0,0,0,0
3146,16,0fba0eaa5e567fe1,2.138066,0.0,0,14084,1,0,0,0,0,0,0,0,0,0,0,0,0,0
3147,16,8f9f8c22e25048df,1.606249,0.0,0,13860,1,1,0,0,0,0,0,0,0,0,0,0,0,0
3148,16,025aca0c2fc547cd,1.206715,0.0,0,14078,1,1,0,0,0,0,0,0,0,0,0,0,0,0
3149,16,ea7305c3d0c4eb0e,0.907467,0.0,0,13868,1,1,0,0,0,0,0,0,0,0,0,0,0,0
3150,16,b3bc2710b036c5b2,0.681746,0.0,0,14049,1,1,0,0,0,0,0,0,0,0,0,0,0,0
3151,16,3c254a4fca255c07,1.555823,0.0,0,14085,1,0,0,0,0,0,0,0,0,0,0,0,0,0
3152,16,7fb0256f65ce4ff6,1.170001,0.0,0,13918,1,1,0,0,0,0,0,0,0,0,0,0,0,0
3153,16,a69e89495c03d18a,0.878978,0.0,0,14056,1,1,0,0,0,0,0,0,0,0,0,0,0,0
3154,16,ba87dd4319678e85,1.703997,0.0,0,14012,1,0,0,0,0,0,0,0,0,0,0,0,0,0
3155,16,3e895dd2e76d3ae9,1.280149,0.0,0,13890,1,1,0,0,0,0,0,0,0,0,0,0,0,0
3156,16,5bfa9aaebee05047,0.96269,0.0,0,13904,1,1,0,0,0,0,0,0,0,0,0,0,0,0
3157,16,ca3938afd42b6b51,0.723233,0.0,0,14010,1,1,0,0,0,0,0,0,0,0,0,0,0,0
3158,16,3840b1179d01d5ca,2.630645,0.0,0,14015,2,0,0,0,0,0,0,0,0,0,0,0,0,0
3159,16,3ad00a257add4750,1.978282,0.0,0,14084,1,1,0,0,0,0,0,0,0,0,0,0,0,0
3160,16,715e21df0f1ac6b8,1.48621,0.0,0,13876,1,1,0,0,0,0,0,0,0,0,0,0,0,0
3161,16,ab882b57d80326bc,1.116534,0.0,0,14073,1,1,0,0,0,0,0,0,0,0,0,0,0,0
3162,16,de121b1615b372cf,1.882463,0.0,0,14092,1,0,0,0,0,0,0,0,0,0,0,0,0,0
3163,16,0469b68beb7ba893,2.45979,0.0,0,13776,2,1,0,0,0,0,0,0,0,0,0,0,0,0
3164,16,77ed09b9b5fdd2d5,1.847948,0.0,0,14143,1,1,0,0,0,0,0,0,0,0,0,0,0,0
3165,16,f528f75252723e1c,1.388294,0.0,0,14136,1,1,0,0,0,0,0,0,0,0,0,0,0,0
3166,16,c2f4dc060312be30,2.088168,0.0,0,13742,1,0,0,0,0,0,0,0,0,0,0,0,0,0
3167,16,f6d7570dbe7171fa,1.568762,0.0,0,14002,1,1,0,0,0,0,0,0,0,0,0,0,0,0
3168,16,50afc0b225fbdddd,2.222206,0.0,0,14124,2,1,0,0,0,0,0,0,0,0,0,0,0,0
3169,16,77cb534e4dd68f47,1.66946,0.0,0,13935,1,1,0,0,0,0,0,0,0,0,0,0,0,0
3170,16,03a072c123c7f460,2.299608,0.0,0,13835,1,0,0,0,0,0,0,0,0,0,0,0,0,0
3171,16,40a0b4653c2b8b16,1.72761,0.0,0,13975,1,1,0,0,0,0,0,0,0,0,0,0,0,0
3172,16,8ced9c6091029967,1.297889,0.0,0,13991,1,1,0,0,0,0,0,0,0,0,0,0,0,0
3173,16,f446b42f744adfb3,0.976031,0.0,0,14041,1,1,0,0,0,0,0,0,0,0,0,0,0,0
3174,16,ffdd19bd8ebe00f5,1.776909,0.0,0,13763,1,0,0,0,0,0,0,0,0,0,0,0,0,0
3175,16,b9666f9e7129180f,1.334925,0.0,0,13887,1,1,0,0,0,0,0,0,0,0,0,0,0,0
3176,16,826bb28746b5aff3,2.046533,0.0,0,13983,2,1,0,0,0,0,0,0,0,0,0,0,0,0
3177,16,3c2e28f559cf9803,2.583172,0.0,0,13852,1,0,0,0,0,0,0,0,0,0,0,0,0,0
3178,16,f896a9eeacd54b0b,1.940641,0.0,0,13887,1,1,0,0,0,0,0,0,0,0,0,0,0,0
3179,16,7e91fafbe2aeffcf,1.457931,0.0,0,13831,1,1,0,0,0,0,0,0,0,0,0,0,0,0
3180,16,23f5c9c20ef02c3c,2.140535,0.0,0,13899,1,0,0,0,0,0,0,0,0,0,0,0,0,0
3181,16,9d0a03a46f7fd20e,1.608104,0.0,0,13896,1,1,0,0,0,0,0,0,0,0,0,0,0,0
3182,16,5056e413ae2ebdf0,3.295415,0.0,0,13963,2,0,0,0,0,0,0,0,0,0,0,0,0,0
3183,16,b775466fa0289f2b,2.475722,0.0,0,14069,1,1,0,0,0,0,0,0,0,0,0,0,0,0
3184,16,6f4f567e5c6b8e3b,1.861778,0.0,0,13835,1,1,0,0,0,0,0,0,0,0,0,0,0,0
3185,16,16b00bbf7832de8e,2.442338,0.0,0,13927,1,0,0,0,0,0,0,0,0,0,0,0,0,0
3186,16,eeaf163d875ae366,1.834837,0.0,0,13788,1,1,0,0,0,0,0,0,0,0,0,0,0,0
3187,16,5bfc1ccc40285748,2.423974,0.0,0,13615,1,0,0,0,0,0,0,0,0,0,0,0,0,0
3188,16,80df90f9e2b88b1a,1.821041,0.0,0,13730,1,1,0,0,0,0,0,0,0,0,0,0,0,0
3189,16,0d5de1f2b9e4d1d0,1.36808,0.0,0,14047,1,1,0,0,0,0,0,0,0,0,0,0,0,0
3190,16,0e8463cb0cb91196,2.071441,0.0,0,13899,1,0,0,0,0,0,0,0,0,0,0,0,0,0
3191,16,175b64759bdce0b6,1.557753,0.0,0,13864,1,1,0,0,0,0,0,0,0,0,0,0,0,0
3192,16,85a86af45c9b4375,2.213935,0.0,0,13802,2,1,0,0,0,0,0,0,0,0,0,0,0,0
3193,16,6a8f80fa2f22e0af,2.7069,0.0,0,13853,1,0,0,0,0,0,0,0,0,0,0,0,0,0
3194,16,2d0439d833f0e29e,2.035627,0.0,0,13772,1,1,0,0,0,0,0,0,0,0,0,0,0,0
3195,16,0602be642191006c,1.529291,0.0,0,13866,1,1,0,0,0,0,0,0,0,0,0,0,0,0
3196,16,3f5bb5e574555075,1.148899,0.0,0,13793,1,1,0,0,0,0,0,0,0,0,0,0,0,0
3197,16,12459c354315abb2,0.863125,0.0,0,13954,1,1,0,0,0,0,0,0,0,0,0,0,0,0
3198,16,76647cf605cb42c1,1.693233,0.0,0,14112,1,0,0,0,0,0,0,0,0,0,0,0,0,0
3199,16,d46d747cb5ad305b,1.272062,0.0,0,14239,1,1,0,0,0,0,0,0,0,0,0,0,0,0
3200,16,8190a794178db729,0.955653,0.0,0,14438,1,1,0,0,0,0,0,0,0,0,0,0,0,0
3201,16,b19e174a187f6522,0.718665,0.0,0,14411,1,1,0,0,0,0,0,0,0,0,0,0,0,0
3202,16,3c7e33bbe18d0697,1.583559,0.0,0,15226,1,0,0,0,0,0,0,0,0,0,0,0,0,0
3203,16,2c53cd7b3e3c9d33,2.233322,0.0,0,15525,2,1,0,0,0,0,0,0,0,0,0,0,0,0
3204,16,7af1ae3630f1fca0,1.677811,0.0,0,15699,1,1,0,0,0,0,0,0,0,0,0,0,0,0
3205,16,cac42ec0c0a0a276,1.261738,0.0,0,15640,1,1,0,0,0,0,0,0,0,0,0,0,0,0
3206,16,4655d56bbed133f7,3.035203,0.0,0,15847,2,0,0,0,0,0,0,0,0,0,0,0,0,0
3207,16,33f293def37d0b11,2.280235,0.0,0,16017,1,1,0,0,0,0,0,0,0,0,0,0,0,0
3208,16,52cb31545891f93b,2.75892,0.0,0,16251,2,1,0,0,0,0,0,0,0,0,0,0,0,0
3209,16,facdbe30f468fd73,3.116327,0.0,0,15971,1,0,0,0,0,0,0,0,0,0,0,0,0,0
3210,16,83c713bcef5eb287,2.34118,0.0,0,15805,1,1,0,0,0,0,0,0,0,0,0,0,0,0
3211,16,6621a1c0595f7288,2.802494,0.0,0,16021,2,1,0,0,0,0,0,0,0,0,0,0,0,0
3212,16,886886b92d82b51f,2.107516,0.0,0,15776,1,1,0,0,0,0,0,0,0,0,0,0,0,0
3213,16,b0dfbbb5fb56420e,2.626951,0.0,0,15789,2,1,0,0,0,0,0,0,0,0,0,0,0,0
3214,16,5835e4f1b2ff916f,3.017183,0.0,0,14809,1,0,0,0,0,0,0,0,0,0,0,0,0,0
3215,16,220cb56b1ed34baf,2.268965,0.0,0,13467,1,1,0,0,0,0,0,0,0,0,0,0,0,0
3216,16,0d5a582bcc77719e,1.704589,0.0,0,13779,1,1,0,0,0,0,0,0,0,0,0,0,0,0
3217,16,091a9d9146c3d469,2.324247,0.0,0,13933,2,1,0,0,0,0,0,0,0,0,0,0,0,0
3218,16,06dd375cc76bd6b1,2.789773,0.0,0,13956,1,0,0,0,0,0,0,0,0,0,0,0,0,0
3219,16,f7a567ab5c7b1181,2.097949,0.0,0,13949,1,1,0,0,0,0,0,0,0,0,0,0,0,0
3220,16,c82e482e237d3500,1.576111,0.0,0,14226,1,1,0,0,0,0,0,0,0,0,0,0,0,0
3221,16,57f7b78afe3fd5e5,3.27138,0.0,0,14062,2,0,0,0,0,0,0,0,0,0,0,0,0,0
3222,16,23e30ccd1ad72704,2.460124,0.0,0,13976,1,1,0,0,0,0,0,0,0,0,0,0,0,0
3223,16,9394c5a40e9ca133,1.848199,0.0,0,13991,1,1,0,0,0,0,0,0,0,0,0,0,0,0
3224,16,ae433f3eff5f9b97,2.432136,0.0,0,14128,1,0,0,0,0,0,0,0,0,0,0,0,0,0
3225,16,352e8ad80db98458,2.870827,0.0,0,14067,2,1,0,0,0,0,0,0,0,0,0,0,0,0
3226,16,6362bc5a97284856,2.158903,0.0,0,14214,1,1,0,0,0,0,0,0,0,0,0,0,0,0
3227,16,56060daa06a6c497,2.665556,0.0,0,14051,1,0,0,0,0,0,0,0,0,0,0,0,0,0
3228,16,5d3490b46de9339b,2.002533,0.0,0,14115,1,1,0,0,0,0,0,0,0,0,0,0,0,0
3229,16,118be8bdc96ac01d,1.505933,0.0,0,14240,1,1,0,0,0,0,0,0,0,0,0,0,0,0
3230,16,3cc4cac73c71ac36,2.175005,0.0,0,14037,1,0,0,0,0,0,0,0,0,0,0,0,0,0
3231,16,c1f41b7c4c6141b3,1.634,0.0,0,14088,1,1,0,0,0,0,0,0,0,0,0,0,0,0
3232,16,61462c98d01b157f,3.31487,0.0,0,13851,2,0,0,0,0,0,0,0,0,0,0,0,0,0
3233,16,cf667c2c5bf4a563,2.492829,0.0,0,13874,1,1,0,0,0,0,0,0,0,0,0,0,0,0
3234,16,08b585f5cf5062fc,1.872769,0.0,0,14121,1,1,0,0,0,0,0,0,0,0,0,0,0,0
3235,16,000e37f8f334762a,1.406942,0.0,0,14051,1,1,0,0,0,0,0,0,0,0,0,0,0,0
3236,16,7a6162f19d37746b,2.102191,0.0,0,13794,1,0,0,0,0,0,0,0,0,0,0,0,0,0
3237,16,d0c3193b05de97b1,1.579297,0.0,0,13970,1,1,0,0,0,0,0,0,0,0,0,0,0,0
3238,16,dfd3db0a3d191df9,2.23012,0.0,0,13972,1,0,0,0,0,0,0,0,0,0,0,0,0,0
3239,16,6bd21846073229a7,1.675406,0.0,0,13913,1,1,0,0,0,0,0,0,0,0,0,0,0,0
3240,16,8494e6cba9a2386d,1.259929,0.0,0,14592,1,1,0,0,0,0,0,0,0,0,0,0,0,0
3241,16,31ea939c01fbf832,1.990191,0.0,0,14493,2,1,0,0,0,0,0,0,0,0,0,0,0,0
3242,16,00b057c7bf484efc,0.451503,0.0,0,14464,0,1,0,0,0,0,0,0,0,0,0,0,0,0
3243,16,6c74232714346fd9,1.383687,0.0,0,14425,1,0,0,0,0,0,0,0,0,0,0,0,0,0
3244,16,28b6821c22e6acb8,1.039512,0.0,0,15548,1,1,0,0,0,0,0,0,0,0,0,0,0,0
3245,16,1ce4f7426bde3dbc,0.780947,0.0,0,15507,1,1,0,0,0,0,0,0,0,0,0,0,0,0
3246,16,732ae6e380a9724d,1.630349,0.0,0,15610,2,1,0,0,0,0,0,0,0,0,0,0,0,0
3247,16,83d44b7fad1e05a7,1.226046,0.0,0,15048,1,1,0,0,0,0,0,0,0,0,0,0,0,0
3248,16,ae7c44907a206199,0.921083,0.0,0,15142,1,1,0,0,0,0,0,0,0,0,0,0,0,0
3249,16,f2d7a54f6ac57ceb,0.691975,0.0,0,15060,1,1,0,0,0,0,0,0,0,0,0,0,0,0
3250,16,008f1f0d3938fc11,1.564525,0.0,0,14665,1,0,0,0,0,0,0,0,0,0,0,0,0,0
3251,16,ce075e63b4d5199d,1.17537,0.0,0,14546,1,1,0,0,0,0,0,0,0,0,0,0,0,0
3252,16,eb84e5f5b0c515a2,0.883011,0.0,0,14520,1,1,0,0,0,0,0,0,0,0,0,0,0,0
3253,16,d7badffdd97ca8fd,0.663373,0.0,0,14521,1,1,0,0,0,0,0,0,0,0,0,0,0,0
3254,16,ef4e161b0030db84,1.543017,0.0,0,14319,1,0,0,0,0,0,0,0,0,0,0,0,0,0
3255,16,5a3fa6433188b2f3,2.202864,0.0,0,14525,2,1,0,0,0,0,0,0,0,0,0,0,0,0
3256,16,795cf05ca80f081b,1.654929,0.0,0,13868,1,1,0,0,0,0,0,0,0,0,0,0,0,0
3257,16,70004bace7917e73,1.244531,0.0,0,13655,1,1,0,0,0,0,0,0,0,0,0,0,0,0
3258,16,3636c428841ccfa7,0.934969,0.0,0,13611,1,1,0,0,0,0,0,0,0,0,0,0,0,0
3259,16,0bd22a5ed0072594,1.746061,0.0,0,13990,1,0,0,0,0,0,0,0,0,0,0,0,0,0
3260,16,6f5036279656c888,1.31175,0.0,0,13853,1,1,0,0,0,0,0,0,0,0,0,0,0,0
3261,16,47b0260b367fbd4e,0.986455,0.0,0,13778,1,1,0,0,0,0,0,0,0,0,0,0,0,0
3262,16,01cc91b5b9bf80c4,1.78474,0.0,0,14091,1,0,0,0,0,0,0,0,0,0,0,0,0,0
3263,16,cd9b31202705e029,2.384462,0.0,0,13798,2,1,0,0,0,0,0,0,0,0,0,0,0,0
3264,16,1346e1ed0b99c6ec,1.793149,0.0,0,13907,1,1,0,0,0,0,0,0,0,0,0,0,0,0
3265,16,38f2b971cef58a66,1.347126,0.0,0,13854,1,1,0,0,0,0,0,0,0,0,0,0,0,0
3266,16,c7f679fcbfec232e,2.055699,0.0,0,13880,1,0,0,0,0,0,0,0,0,0,0,0,0,0
3267,16,cc5282ff2d68e2a2,2.588023,0.0,0,13738,2,1,0,0,0,0,0,0,0,0,0,0,0,0
3268,16,a1306249f2a23df6,2.990381,0.0,0,13742,1,0,0,0,0,0,0,0,0,0,0,0,0,0
3269,16,091dadeaae388c28,2.246561,0.0,0,13874,1,1,0,0,0,0,0,0,0,0,0,0,0,0
3270,16,6ccc3c82d360b3f5,1.687757,0.0,0,13903,1,1,0,0,0,0,0,0,0,0,0,0,0,0
3271,16,b9d7e54cd91a1332,2.313368,0.0,0,13875,1,0,0,0,0,0,0,0,0,0,0,0,0,0
3272,16,409cc6fd061ce55d,1.737947,0.0,0,13841,1,1,0,0,0,0,0,0,0,0,0,0,0,0
3273,16,4efc0f22aa649c74,2.349308,0.0,0,14018,1,0,0,0,0,0,0,0,0,0,0,0,0,0
3274,16,4f2aca31b26e447e,2.808601,0.0,0,14035,2,1,0,0,0,0,0,0,0,0,0,0,0,0
3275,16,15371138c4f8d256,2.112108,0.0,0,13752,1,1,0,0,0,0,0,0,0,0,0,0,0,0
3276,16,e919c07ca7d67b2a,2.630401,0.0,0,13655,1,0,0,0,0,0,0,0,0,0,0,0,0,0
3277,16,32b04373210d6c1d,1.976122,0.0,0,14301,1,1,0,0,0,0,0,0,0,0,0,0,0,0
3278,16,26ebf931a81a676a,2.530222,0.0,0,14043,1,0,0,0,0,0,0,0,0,0,0,0,0,0
3279,16,06ff328523a838bb,1.900861,0.0,0,13871,1,1,0,0,0,0,0,0,0,0,0,0,0,0
3280,16,de8af9bad12f2381,2.4717,0.0,0,13885,1,0,0,0,0,0,0,0,0,0,0,0,0,0
3281,16,59ec845cc2239284,1.856895,0.0,0,13836,1,1,0,0,0,0,0,0,0,0,0,0,0,0
3282,16,49bf43a07574dc24,1.396412,0.0,0,13846,1,1,0,0,0,0,0,0,0,0,0,0,0,0
3283,16,7689b4cf7f6b6415,2.092725,0.0,0,13942,1,0,0,0,0,0,0,0,0,0,0,0,0,0
3284,16,db688125e90c90ba,1.572186,0.0,0,14083,1,1,0,0,0,0,0,0,0,0,0,0,0,0
3285,16,881a8b9e79cc061a,1.182307,0.0,0,13799,1,1,0,0,0,0,0,0,0,0,0,0,0,0
3286,16,deff12c5efbe17b6,1.931876,0.0,0,14092,2,1,0,0,0,0,0,0,0,0,0,0,0,0
3287,16,724c422827a739cd,2.495,0.0,0,14071,1,0,0,0,0,0,0,0,0,0,0,0,0,0
3288,16,1f225749f4be08df,1.8744,0.0,0,14058,1,1,0,0,0,0,0,0,0,0,0,0,0,0
3289,16,a84d416f467be0c8,1.409575,0.0,0,14218,1,1,0,0,0,0,0,0,0,0,0,0,0,0
3290,16,5f2a6e4b75108f71,2.102615,0.0,0,13960,1,0,0,0,0,0,0,0,0,0,0,0,0,0
3291,16,623c767d4fecea80,1.579616,0.0,0,14032,1,1,0,0,0,0,0,0,0,0,0,0,0,0
3292,16,7b48e568d9669346,2.232044,0.0,0,13972,2,1,0,0,0,0,0,0,0,0,0,0,0,0
3293,16,96e98ba509829fc0,1.676851,0.0,0,14255,1,1,0,0,0,0,0,0,0,0,0,0,0,0
3294,16,1b3ebc89cc76cbe1,2.303409,0.0,0,14363,1,0,0,0,0,0,0,0,0,0,0,0,0,0
3295,16,96ac19c0edcc11cb,1.730465,0.0,0,14330,1,1,0,0,0,0,0,0,0,0,0,0,0,0
3296,16,a6532a4f8cdf8022,1.301334,0.0,0,14232,1,1,0,0,0,0,0,0,0,0,0,0,0,0
3297,16,a021e2a50b6e5e91,0.977644,0.0,0,14612,1,1,0,0,0,0,0,0,0,0,0,0,0,0
3298,16,c7b5a55256bc54ed,2.821774,0.0,0,14546,2,0,0,0,0,0,0,0,0,0,0,0,0,0
3299,16,35321beaf18f28d8,2.122014,0.0,0,14915,1,1,0,0,0,0,0,0,0,0,0,0,0,0
3300,16,689b5c51dabc8a0c,1.59419,0.0,0,14965,1,1,0,0,0,0,0,0,0,0,0,0,0,0
3301,16,d7f732a78b6a3ebe,2.241309,0.0,0,14988,1,0,0,0,0,0,0,0,0,0,0,0,0,0
3302,16,fb782a560845ec09,1.683811,0.0,0,15033,1,1,0,0,0,0,0,0,0,0,0,0,0,0
3303,16,dd4f7962bcdf3b11,2.310401,0.0,0,15078,2,1,0,0,0,0,0,0,0,0,0,0,0,0
3304,16,fa90016fc7aba3c4,1.735718,0.0,0,15208,1,1,0,0,0,0,0,0,0,0,0,0,0,0
3305,16,17b9069ddeea6cdc,1.30398,0.0,0,14278,1,1,0,0,0,0,0,0,0,0,0,0,0,0
3306,16,e6ed288f41b5e849,2.024762,0.0,0,14154,1,0,0,0,0,0,0,0,0,0,0,0,0,0
3307,16,eb4a93c16b3b0e7b,1.521128,0.0,0,14285,1,1,0,0,0,0,0,0,0,0,0,0,0,0
3308,16,2d07c2b806e53028,2.18642,0.0,0,14102,2,1,0,0,0,0,0,0,0,0,0,0,0,0
3309,16,500248b0fcd9b162,2.686229,0.0,0,14312,1,0,0,0,0,0,0,0,0,0,0,0,0,0
3310,16,e5d67d33877fd5dd,2.020082,0.0,0,14237,1,1,0,0,0,0,0,0,0,0,0,0,0,0
3311,16,abbda619226728fe,1.517612,0.0,0,14285,1,1,0,0,0,0,0,0,0,0,0,0,0,0
3312,16,6987b8f5e24123bc,1.140125,0.0,0,14117,1,1,0,0,0,0,0,0,0,0,0,0,0,0
3313,16,187fec932b4781c0,1.901541,0.0,0,14026,1,0,0,0,0,0,0,0,0,0,0,0,0,0
3314,16,84263feb056c1724,2.47221,0.0,0,13901,2,1,0,0,0,0,0,0,0,0,0,0,0,0
3315,16,4af362e4c4d3ec1b,2.900932,0.0,0,13914,1,0,0,0,0,0,0,0,0,0,0,0,0,0
3316,16,e0a181c970565c4a,2.179362,0.0,0,14075,1,1,0,0,0,0,0,0,0,0,0,0,0,0
3317,16,0f37c7d728814bed,1.638911,0.0,0,13796,1,1,0,0,0,0,0,0,0,0,0,0,0,0
3318,16,6c5790ab123ea94a,2.274906,0.0,0,14024,1,0,0,0,0,0,0,0,0,0,0,0,0,0
3319,16,eb21b1dd2cca03aa,1.709052,0.0,0,13590,1,1,0,0,0,0,0,0,0,0,0,0,0,0
3320,16,321d4d19d4fc3111,2.329382,0.0,0,13490,2,1,0,0,0,0,0,0,0,0,0,0,0,0
3321,16,3f078cfe44769846,2.793631,0.0,0,13972,1,0,0,0,0,0,0,0,0,0,0,0,0,0
3322,16,de6c5a97142e81b2,2.09875,0.0,0,13816,1,1,0,0,0,0,0,0,0,0,0,0,0,0
3323,16,d08e8df9801b02e7,1.576713,0.0,0,14150,1,1,0,0,0,0,0,0,0,0,0,0,0,0
3324,16,19d01d93e94d778c,2.229861,0.0,0,14125,1,0,0,0,0,0,0,0,0,0,0,0,0,0
3325,16,a8f4a03f4273cf16,1.675211,0.0,0,14043,1,1,0,0,0,0,0,0,0,0,0,0,0,0
3326,16,0b50e9d299d4859e,1.258524,0.0,0,14193,1,1,0,0,0,0,0,0,0,0,0,0,0,0
3327,16,b4c4b48da47bdca1,0.946428,0.0,0,14191,1,1,0,0,0,0,0,0,0,0,0,0,0,0
3328,16,1e6e79342fbf406a,1.754669,0.0,0,14061,1,0,0,0,0,0,0,0,0,0,0,0,0,0
3329,16,eec8a198b383fbd0,1.318217,0.0,0,14010,1,1,0,0,0,0,0,0,0,0,0,0,0,0
3330,16,00206254773748e8,0.990327,0.0,0,14218,1,1,0,0,0,0,0,0,0,0,0,0,0,0
3331,16,36bdd59f11bd6bde,0.74474,0.0,0,13927,1,1,0,0,0,0,0,0,0,0,0,0,0,0
3332,16,9f1b1b9ca333f6ab,1.603149,0.0,0,14089,1,0,0,0,0,0,0,0,0,0,0,0,0,0
3333,16,a1321b3aeee1c905,2.248039,0.0,0,14009,2,1,0,0,0,0,0,0,0,0,0,0,0,0
3334,16,5eca1b200874ca10,1.690558,0.0,0,14080,1,1,0,0,0,0,0,0,0,0,0,0,0,0
3335,16,d9d2f6ca4b1b0691,0.226399,0.0,0,13903,0,1,0,0,0,0,0,0,0,0,0,0,0,0
3336,16,a5a167f383d4b00a,1.213739,0.0,0,14048,2,1,0,0,0,0,0,0,0,0,0,0,0,0
3337,16,a67107297767a660,1.95549,0.0,0,13994,1,0,0,0,0,0,0,0,0,0,0,0,0,0
3338,16,8f1a9aef80b38075,1.470556,0.0,0,13731,1,1,0,0,0,0,0,0,0,0,0,0,0,0
3339,16,73bce97bd8458e4c,1.104774,0.0,0,14038,1,1,0,0,0,0,0,0,0,0,0,0,0,0
3340,16,2818efdf46f634fb,0.829975,0.0,0,13867,1,1,0,0,0,0,0,0,0,0,0,0,0,0
3341,16,2c5d3db2a6f1fd6a,0.624153,0.0,0,13664,1,1,0,0,0,0,0,0,0,0,0,0,0,0
3342,16,d61c90d371b2961b,2.55621,0.0,0,13984,2,0,0,0,0,0,0,0,0,0,0,0,0,0
3343,16,48874c556967f4b7,1.920385,0.0,0,13600,1,1,0,0,0,0,0,0,0,0,0,0,0,0
3344,16,235072f78ffb0663,1.442713,0.0,0,13766,1,1,0,0,0,0,0,0,0,0,0,0,0,0
3345,16,44227b6b9d019ca6,1.084941,0.0,0,13551,1,1,0,0,0,0,0,0,0,0,0,0,0,0
3346,16,05085145a9e51bc6,0.815076,0.0,0,13477,1,1,0,0,0,0,0,0,0,0,0,0,0,0
3347,16,00084a93917fd777,0.612336,0.0,0,13452,1,1,0,0,0,0,0,0,0,0,0,0,0,0
3348,16,2d0dc63b06cdc1a8,1.504636,0.0,0,13408,1,0,0,0,0,0,0,0,0,0,0,0,0,0
3349,16,114bf1a664ee8b6f,1.130377,0.0,0,13895,1,1,0,0,0,0,0,0,0,0,0,0,0,0
3350,16,b4c9fbc91682856f,0.84921,0.0,0,13874,1,1,0,0,0,0,0,0,0,0,0,0,0,0
3351,16,155a3abeacde9e09,1.681633,0.0,0,13630,2,1,0,0,0,0,0,0,0,0,0,0,0,0
3352,16,f1754adbd489b9f4,2.308762,0.0,0,13867,1,0,0,0,0,0,0,0,0,0,0,0,0,0
3353,16,a739cbf0fe867b15,1.734487,0.0,0,13756,1,1,0,0,0,0,0,0,0,0,0,0,0,0
3354,16,180ab9ae04218312,1.303055,0.0,0,13852,1,1,0,0,0,0,0,0,0,0,0,0,0,0
3355,16,44795c756c5ea0a3,2.024067,0.0,0,13860,1,0,0,0,0,0,0,0,0,0,0,0,0,0
3356,16,2fe37092ebd6db90,1.520606,0.0,0,13590,1,1,0,0,0,0,0,0,0,0,0,0,0,0
3357,16,34e9c05b2a8d8d61,2.186027,0.0,0,13751,2,1,0,0,0,0,0,0,0,0,0,0,0,0
3358,16,5d9e38c23d0d3243,1.642281,0.0,0,13688,1,1,0,0,0,0,0,0,0,0,0,0,0,0
3359,16,4d0b5108496b3168,1.235018,0.0,0,13676,1,1,0,0,0,0,0,0,0,0,0,0,0,0
3360,16,d8ea4063f7f848f2,1.971477,0.0,0,13694,1,0,0,0,0,0,0,0,0,0,0,0,0,0
3361,16,c13d0f69e39bb6d1,1.481097,0.0,0,13555,1,1,0,0,0,0,0,0,0,0,0,0,0,0
3362,16,3df3faa1cfcbba70,2.157956,0.0,0,13642,1,0,0,0,0,0,0,0,0,0,0,0,0,0
3363,16,3e93e7d8819e0cb9,1.621192,0.0,0,13488,1,1,0,0,0,0,0,0,0,0,0,0,0,0
3364,16,94f427be4ae751b1,1.217941,0.0,0,13338,1,1,0,0,0,0,0,0,0,0,0,0,0,0
3365,16,16fe9fd96c73994e,3.0023,0.0,0,13338,2,0,0,0,0,0,0,0,0,0,0,0,0,0
3366,16,82657b6f1d7f90cf,1.213622,0.0,0,13414,0,1,0,0,0,0,0,0,0,0,0,0,0,0
3367,16,9d8dc562637ad990,0.911749,0.0,0,13195,1,1,0,0,0,0,0,0,0,0,0,0,0,0
3368,16,5d51a9b1fd6a4e8b,1.728616,0.0,0,12709,1,0,0,0,0,0,0,0,0,0,0,0,0,0
3369,16,efb7c3f78c969462,1.299944,0.0,0,12466,1,1,0,0,0,0,0,0,0,0,0,0,0,0
3370,16,f21ea2a981754581,0.976599,0.0,0,12209,1,1,0,0,0,0,0,0,0,0,0,0,0,0
3371,16,36509259d61727f6,1.777336,0.0,0,12415,1,0,0,0,0,0,0,0,0,0,0,0,0,0
3372,16,f0638093f9d3848f,1.335246,0.0,0,12534,1,1,0,0,0,0,0,0,0,0,0,0,0,0
3373,16,fba9297745560c30,2.048275,0.0,0,12115,1,0,0,0,0,0,0,0,0,0,0,0,0,0
3374,17,1fd48474a6be9a50,1.538792,0.0,0,14031,1,1,0,0,0,0,0,0,0,0,0,0,0,0
3375,17,40ab05863d40ab6a,1.156037,0.0,0,14134,1,1,0,0,0,0,0,0,0,0,0,0,0,0
3376,17,9fa3e60e300cac94,1.913507,0.0,0,14007,1,0,0,0,0,0,0,0,0,0,0,0,0,0
3377,17,9522afc9eb92ebd2,1.437546,0.0,0,14172,1,1,0,0,0,0,0,0,0,0,0,0,0,0
3378,17,0fba0eaa5e567fe1,1.079975,0.0,0,14085,1,1,0,0,0,0,0,0,0,0,0,0,0,0
3379,17,8f9f8c22e25048df,1.854998,0.0,0,14006,1,0,0,0,0,0,0,0,0,0,0,0,0,0
3380,17,025aca0c2fc547cd,1.394985,0.0,0,13966,1,1,0,0,0,0,0,0,0,0,0,0,0,0
3381,17,ea7305c3d0c4eb0e,1.048,0.0,0,13955,1,1,0,0,0,0,0,0,0,0,0,0,0,0
3382,17,b3bc2710b036c5b2,0.787323,0.0,0,13984,1,1,0,0,0,0,0,0,0,0,0,0,0,0
3383,17,3c254a4fca255c07,1.636229,0.0,0,13827,1,0,0,0,0,0,0,0,0,0,0,0,0,0
3384,17,7fb0256f65ce4ff6,1.229238,0.0,0,14170,1,1,0,0,0,0,0,0,0,0,0,0,0,0
3385,17,a69e89495c03d18a,0.92348,0.0,0,14104,1,1,0,0,0,0,0,0,0,0,0,0,0,0
3386,17,ba87dd4319678e85,0.693776,0.0,0,13803,1,1,0,0,0,0,0,0,0,0,0,0,0,0
3387,17,3e895dd2e76d3ae9,1.56588,0.0,0,13877,1,0,0,0,0,0,0,0,0,0,0,0,0,0
3388,17,5bfa9aaebee05047,1.176387,0.0,0,14001,1,1,0,0,0,0,0,0,0,0,0,0,0,0
3389,17,ca3938afd42b6b51,0.883776,0.0,0,14035,1,1,0,0,0,0,0,0,0,0,0,0,0,0
3390,17,3840b1179d01d5ca,0.664612,0.0,0,13839,1,1,0,0,0,0,0,0,0,0,0,0,0,0
3391,17,3ad00a257add4750,1.542951,0.0,0,14154,1,0,0,0,0,0,0,0,0,0,0,0,0,0
3392,17,715e21df0f1ac6b8,2.202815,0.0,0,13864,2,1,0,0,0,0,0,0,0,0,0,0,0,0
3393,17,ab882b57d80326bc,1.654893,0.0,0,14136,1,1,0,0,0,0,0,0,0,0,0,0,0,0
3394,17,de121b1615b372cf,2.288653,0.0,0,13877,1,0,0,0,0,0,0,0,0,0,0,0,0,0
3395,17,0469b68beb7ba893,1.71938,0.0,0,13893,1,1,0,0,0,0,0,0,0,0,0,0,0,0
3396,17,77ed09b9b5fdd2d5,1.291706,0.0,0,14017,1,1,0,0,0,0,0,0,0,0,0,0,0,0
3397,17,f528f75252723e1c,0.971381,0.0,0,13959,1,1,0,0,0,0,0,0,0,0,0,0,0,0
3398,17,c2f4dc060312be30,1.773416,0.0,0,13922,1,0,0,0,0,0,0,0,0,0,0,0,0,0
3399,17,f6d7570dbe7171fa,1.332301,0.0,0,13910,1,1,0,0,0,0,0,0,0,0,0,0,0,0
3400,17,50afc0b225fbdddd,2.044561,0.0,0,14179,2,1,0,0,0,0,0,0,0,0,0,0,0,0
3401,17,77cb534e4dd68f47,1.537539,0.0,0,13835,1,1,0,0,0,0,0,0,0,0,0,0,0,0
3402,17,03a072c123c7f460,2.198749,0.0,0,14064,1,0,0,0,0,0,0,0,0,0,0,0,0,0
3403,17,40a0b4653c2b8b16,1.651838,0.0,0,13846,1,1,0,0,0,0,0,0,0,0,0,0,0,0
3404,17,8ced9c6091029967,1.242206,0.0,0,13804,1,1,0,0,0,0,0,0,0,0,0,0,0,0
3405,17,f446b42f744adfb3,1.976876,0.0,0,14014,1,0,0,0,0,0,0,0,0,0,0,0,0,0
3406,17,ffdd19bd8ebe00f5,1.485153,0.0,0,13972,1,1,0,0,0,0,0,0,0,0,0,0,0,0
3407,17,b9666f9e7129180f,2.159393,0.0,0,13810,2,1,0,0,0,0,0,0,0,0,0,0,0,0
3408,17,826bb28746b5aff3,1.623895,0.0,0,14025,1,1,0,0,0,0,0,0,0,0,0,0,0,0
3409,17,904c9b3439175fce,2.263625,0.0,0,13929,1,0,0,0,0,0,0,0,0,0,0,0,0,0
3410,17,1692fe8c28139cee,1.700577,0.0,0,13920,1,1,0,0,0,0,0,0,0,0,0,0,0,0
3411,17,c5fbebc1b3542dcc,1.278858,0.0,0,13861,1,1,0,0,0,0,0,0,0,0,0,0,0,0
3412,17,0dea3622f92cb749,0.960758,0.0,0,13914,1,1,0,0,0,0,0,0,0,0,0,0,0,0
3413,17,38bb467cbdfb53b6,1.765435,0.0,0,13832,1,0,0,0,0,0,0,0,0,0,0,0,0,0
3414,17,dc76cd2fb1ac0664,2.369959,0.0,0,13883,2,1,0,0,0,0,0,0,0,0,0,0,0,0
3415,17,17e51f480da9fb5d,1.782243,0.0,0,13887,0,0,0,0,0,0,0,0,0,0,0,0,0,0
3416,17,0c7c1e639bef0d9a,2.382586,0.0,0,13898,2,1,0,0,0,0,0,0,0,0,0,0,0,0
3417,17,7522a695f85ba017,2.833601,0.0,0,13901,1,0,0,0,0,0,0,0,0,0,0,0,0,0
3418,17,e7db39782777aee0,2.130908,0.0,0,13794,1,1,0,0,0,0,0,0,0,0,0,0,0,0
3419,17,f95c2ef29527e1f2,1.600872,0.0,0,13670,1,1,0,0,0,0,0,0,0,0,0,0,0,0
3420,17,cd2a99ccedfbf36f,2.246328,0.0,0,13743,1,0,0,0,0,0,0,0,0,0,0,0,0,0
3421,17,780bd23bab59cb21,1.687583,0.0,0,13984,1,1,0,0,0,0,0,0,0,0,0,0,0,0
3422,17,380774ff4b075c35,1.269086,0.0,0,13832,1,1,0,0,0,0,0,0,0,0,0,0,0,0
3423,17,c21a67aecad00824,1.99707,0.0,0,13828,1,0,0,0,0,0,0,0,0,0,0,0,0,0
3424,17,8a093accbbbbcf59,1.500324,0.0,0,13816,1,1,0,0,0,0,0,0,0,0,0,0,0,0
3425,17,13fb579714cf6542,1.128265,0.0,0,13883,1,1,0,0,0,0,0,0,0,0,0,0,0,0
3426,17,6a2ba284a7888bc3,0.847624,0.0,0,13805,1,1,0,0,0,0,0,0,0,0,0,0,0,0
3427,17,1dfc954740661f98,1.680441,0.0,0,13808,1,0,0,0,0,0,0,0,0,0,0,0,0,0
3428,17,8984fd7a446e3d71,1.262453,0.0,0,13888,1,1,0,0,0,0,0,0,0,0,0,0,0,0
3429,17,dce17db9a788620b,0.949382,0.0,0,13958,1,1,0,0,0,0,0,0,0,0,0,0,0,0
3430,17,a1dfa3e35f385f57,1.756889,0.0,0,13782,1,0,0,0,0,0,0,0,0,0,0,0,0,0
3431,17,6e3840358feb0d49,1.319885,0.0,0,14004,1,1,0,0,0,0,0,0,0,0,0,0,0,0
3432,17,ae3b8372de433f9b,0.992572,0.0,0,13679,1,1,0,0,0,0,0,0,0,0,0,0,0,0
3433,17,e9d104bacff3207b,0.745682,0.0,0,13851,1,1,0,0,0,0,0,0,0,0,0,0,0,0
3434,17,77fad0520de53508,0.560203,0.0,0,13885,1,1,0,0,0,0,0,0,0,0,0,0,0,0
3435,17,568c29b949996e56,1.464513,0.0,0,14066,1,0,0,0,0,0,0,0,0,0,0,0,0,0
3436,17,06cf3630d560570a,2.145485,0.0,0,14007,2,1,0,0,0,0,0,0,0,0,0,0,0,0
3437,17,70e7f99df93c772f,1.611823,0.0,0,13995,1,1,0,0,0,0,0,0,0,0,0,0,0,0
3438,17,b1c19172bbc78af6,1.210902,0.0,0,14074,1,1,0,0,0,0,0,0,0,0,0,0,0,0
3439,17,b70e50f508f7dc25,1.954766,0.0,0,13578,1,0,0,0,0,0,0,0,0,0,0,0,0,0
3440,17,907e75f5d77fa50f,1.468543,0.0,0,13294,1,1,0,0,0,0,0,0,0,0,0,0,0,0
3441,17,f162ed7063b38082,1.103261,0.0,0,13192,1,1,0,0,0,0,0,0,0,0,0,0,0,0
3442,17,13d0016c1ef4a726,1.872492,0.0,0,13367,1,0,0,0,0,0,0,0,0,0,0,0,0,0
3443,17,96a1f51b3cbe1288,2.452291,0.0,0,13299,2,1,0,0,0,0,0,0,0,0,0,0,0,0
3444,17,80fa6595011a0ce8,1.842315,0.0,0,13387,1,1,0,0,0,0,0,0,0,0,0,0,0,0
3445,17,512cf6e8c6354236,2.427716,0.0,0,13319,1,0,0,0,0,0,0,0,0,0,0,0,0,0
3446,17,25df3bfb56f3fab3,1.825677,0.0,0,13150,1,1,0,0,0,0,0,0,0,0,0,0,0,0
3447,17,9573c19961003d42,1.371563,0.0,0,13177,1,1,0,0,0,0,0,0,0,0,0,0,0,0
3448,17,c4e26092198efe1f,1.030404,0.0,0,13049,1,1,0,0,0,0,0,0,0,0,0,0,0,0
3449,17,a25848465a979b10,1.817757,0.0,0,13383,1,0,0,0,0,0,0,0,0,0,0,0,0,0
3450,17,b0771cb8c31b1ec3,2.41113,0.0,0,13289,2,1,0,0,0,0,0,0,0,0,0,0,0,0
3451,17,0e0204738f8337b5,1.811392,0.0,0,13720,1,1,0,0,0,0,0,0,0,0,0,0,0,0
3452,17,a75c587a78452ea5,1.360831,0.0,0,13606,1,1,0,0,0,0,0,0,0,0,0,0,0,0
3453,17,6316d4738f947131,2.067515,0.0,0,13809,1,0,0,0,0,0,0,0,0,0,0,0,0,0
3454,17,3b10a52448b43f2b,1.553247,0.0,0,13743,1,1,0,0,0,0,0,0,0,0,0,0,0,0
3455,17,0f75fa8b650babf0,2.210549,0.0,0,13936,1,0,0,0,0,0,0,0,0,0,0,0,0,0
3456,17,591476c1992a82ce,2.704356,0.0,0,13758,2,1,0,0,0,0,0,0,0,0,0,0,0,0
3457,17,c927b77d51cdecfd,2.033715,0.0,0,13668,1,1,0,0,0,0,0,0,0,0,0,0,0,0
3458,17,2de204bda7ab3706,2.571507,0.0,0,13912,1,0,0,0,0,0,0,0,0,0,0,0,0,0
3459,17,5f2ca2c52a047708,1.931877,0.0,0,13765,1,1,0,0,0,0,0,0,0,0,0,0,0,0
3460,17,cf7ceb80bda31cbb,2.49695,0.0,0,13792,1,0,0,0,0,0,0,0,0,0,0,0,0,0
3461,17,7534cae6f92b565c,1.875865,0.0,0,14018,1,1,0,0,0,0,0,0,0,0,0,0,0,0
3462,17,c6ecb88cb28e84e9,2.452921,0.0,0,13849,2,1,0,0,0,0,0,0,0,0,0,0,0,0
3463,17,1294619a869761ec,2.886441,0.0,0,13797,1,0,0,0,0,0,0,0,0,0,0,0,0,0
3464,17,ea49407a63117d84,2.170645,0.0,0,13669,1,1,0,0,0,0,0,0,0,0,0,0,0,0
3465,17,06c7865482ba5be7,1.630724,0.0,0,13660,1,1,0,0,0,0,0,0,0,0,0,0,0,0
3466,17,95d10af32866b272,2.268755,0.0,0,13704,1,0,0,0,0,0,0,0,0,0,0,0,0,0
3467,17,aee0464c0f421eb0,1.706136,0.0,0,13476,1,1,0,0,0,0,0,0,0,0,0,0,0,0
3468,17,e1340e63177f9af1,2.32541,0.0,0,13711,1,0,0,0,0,0,0,0,0,0,0,0,0,0
3469,17,6de606b8c8ed2e2a,1.746994,0.0,0,13607,1,1,0,0,0,0,0,0,0,0,0,0,0,0
3470,17,d155c48d50cb0ec7,2.356104,0.0,0,13429,2,1,0,0,0,0,0,0,0,0,0,0,0,0
3471,17,77e0a6dd59462272,2.815975,0.0,0,13450,1,0,0,0,0,0,0,0,0,0,0,0,0,0
3472,17,82aa62613d563bc3,2.115536,0.0,0,13672,1,1,0,0,0,0,0,0,0,0,0,0,0,0
3473,17,04cf2b6ba4d844c6,1.589323,0.0,0,13643,1,1,0,0,0,0,0,0,0,0,0,0,0,0
3474,17,4bfb02d15544d248,1.195194,0.0,0,13511,1,1,0,0,0,0,0,0,0,0,0,0,0,0
3475,17,b1ffeacaf8413da5,0.897904,0.0,0,13582,1,1,0,0,0,0,0,0,0,0,0,0,0,0
3476,17,fba16f3e8328bd0e,1.718215,0.0,0,13570,1,0,0,0,0,0,0,0,0,0,0,0,0,0
3477,17,6d49f5fa0045fda6,1.290831,0.0,0,13708,1,1,0,0,0,0,0,0,0,0,0,0,0,0
3478,17,0b0564be27313b9d,0.970723,0.0,0,13663,1,1,0,0,0,0,0,0,0,0,0,0,0,0
3479,17,58d9728101f76f34,0.729268,0.0,0,13929,1,1,0,0,0,0,0,0,0,0,0,0,0,0
3480,17,988b4577a0f257c7,1.591525,0.0,0,13715,1,0,0,0,0,0,0,0,0,0,0,0,0,0
3481,17,ea94959b8689389f,1.19685,0.0,0,13866,1,1,0,0,0,0,0,0,0,0,0,0,0,0
3482,17,e32f9439422b8750,1.942802,0.0,0,13539,2,1,0,0,0,0,0,0,0,0,0,0,0,0
3483,17,b815fba295dcf92e,1.459554,0.0,0,13639,1,1,0,0,0,0,0,0,0,0,0,0,0,0
3484,17,0d045a1c9d9513db,2.140162,0.0,0,13317,1,0,0,0,0,0,0,0,0,0,0,0,0,0
3485,17,b521be51fa419254,1.609432,0.0,0,13414,1,1,0,0,0,0,0,0,0,0,0,0,0,0
3486,17,c5651c263198afa1,1.209106,0.0,0,13635,1,1,0,0,0,0,0,0,0,0,0,0,0,0
3487,17,d00f8c5baeffe0d5,0.908356,0.0,0,13545,1,1,0,0,0,0,0,0,0,0,0,0,0,0
3488,17,1a2d14ef50f79123,1.727247,0.0,0,13640,1,0,0,0,0,0,0,0,0,0,0,0,0,0
3489,17,041b4a4a2573f9d1,2.34127,0.0,0,13690,2,1,0,0,0,0,0,0,0,0,0,0,0,0
3490,17,2a6e2499c600568f,1.758908,0.0,0,13877,1,1,0,0,0,0,0,0,0,0,0,0,0,0
3491,17,1feffd89b37e4a67,1.321402,0.0,0,13964,1,1,0,0,0,0,0,0,0,0,0,0,0,0
3492,17,b03be18da37f5838,2.037864,0.0,0,13759,1,0,0,0,0,0,0,0,0,0,0,0,0,0
3493,17,091c7e8843d18ffb,1.530971,0.0,0,14259,1,1,0,0,0,0,0,0,0,0,0,0,0,0
3494,17,2e95c70250fae9aa,2.193815,0.0,0,14057,2,1,0,0,0,0,0,0,0,0,0,0,0,0
3495,17,182c9bc148a32bac,1.64978,0.0,0,13879,1,1,0,0,0,0,0,0,0,0,0,0,0,0
3496,17,9873ecfbc90631ad,1.239418,0.0,0,14446,1,1,0,0,0,0,0,0,0,0,0,0,0,0
3497,17,3c5a49325d870b92,0.931128,0.0,0,14421,1,1,0,0,0,0,0,0,0,0,0,0,0,0
3498,17,dc025c2405062f02,1.743175,0.0,0,13777,1,0,0,0,0,0,0,0,0,0,0,0,0,0
3499,17,f879e97ba4aee629,1.310893,0.0,0,13802,1,1,0,0,0,0,0,0,0,0,0,0,0,0
3500,17,bcd9d541090d6caa,0.984825,0.0,0,13741,1,1,0,0,0,0,0,0,0,0,0,0,0,0
3501,17,c0628b1069332986,2.827169,0.0,0,13848,2,0,0,0,0,0,0,0,0,0,0,0,0,0
3502,17,b0360ff09917651a,2.126071,0.0,0,13710,1,1,0,0,0,0,0,0,0,0,0,0,0,0
3503,17,f0c50da51782d55e,2.640891,0.0,0,13905,1,0,0,0,0,0,0,0,0,0,0,0,0,0
3504,17,d6e059bf5bc50f76,1.984003,0.0,0,13807,1,1,0,0,0,0,0,0,0,0,0,0,0,0
3505,17,d7582becc322f7f9,2.53416,0.0,0,13762,1,0,0,0,0,0,0,0,0,0,0,0,0,0
3506,17,ab00ee0cf5babd65,2.949875,0.0,0,13891,1,0,0,0,0,0,0,0,0,0,0,0,0,0
3507,17,9df901843ec2f17a,3.259784,0.0,0,13932,2,1,0,0,0,0,0,0,0,0,0,0,0,0
3508,17,b1790c25413d78e9,2.448954,0.0,0,13842,1,1,0,0,0,0,0,0,0,0,0,0,0,0
3509,17,441a6b882f071f95,2.885799,0.0,0,13742,1,0,0,0,0,0,0,0,0,0,0,0,0,0
3510,17,ebd2090a9425fa38,2.167993,0.0,0,13978,1,1,0,0,0,0,0,0,0,0,0,0,0,0
3511,17,e2299b4a3b166eaa,1.628732,0.0,0,14017,1,1,0,0,0,0,0,0,0,0,0,0,0,0
3512,17,efc8c2f81f2a8f6f,1.223605,0.0,0,14047,1,1,0,0,0,0,0,0,0,0,0,0,0,0
3513,17,afe975336f1a39fc,1.964319,0.0,0,14046,1,0,0,0,0,0,0,0,0,0,0,0,0,0
3514,17,aa4ae9ce222a2db8,1.47572,0.0,0,13886,1,1,0,0,0,0,0,0,0,0,0,0,0,0
3515,17,f44163b254f10f45,1.108653,0.0,0,14143,1,1,0,0,0,0,0,0,0,0,0,0,0,0
3516,17,aef388b22f0029c4,2.922024,0.0,0,13958,2,0,0,0,0,0,0,0,0,0,0,0,0,0
3517,17,2b618c3221fd3d05,2.195207,0.0,0,14270,1,1,0,0,0,0,0,0,0,0,0,0,0,0
3518,17,0f2a6849f2d50e85,1.649177,0.0,0,14132,1,1,0,0,0,0,0,0,0,0,0,0,0,0
3519,17,4a51d780fa7f3e57,1.238965,0.0,0,14027,1,1,0,0,0,0,0,0,0,0,0,0,0,0
3520,17,da72d4bd483180bb,0.931719,0.0,0,14076,1,1,0,0,0,0,0,0,0,0,0,0,0,0
3521,17,2e2701ba1ca1f81e,1.743619,0.0,0,14376,1,0,0,0,0,0,0,0,0,0,0,0,0,0
3522,17,a44c8c958af819ab,1.309916,0.0,0,14207,1,1,0,0,0,0,0,0,0,0,0,0,0,0
3523,17,22e59135715fc89b,2.029226,0.0,0,14329,2,1,0,0,0,0,0,0,0,0,0,0,0,0
3524,17,b314567f7d2f542e,1.524482,0.0,0,14171,1,1,0,0,0,0,0,0,0,0,0,0,0,0
3525,17,6bc05b18c2f54e96,1.145286,0.0,0,14388,1,1,0,0,0,0,0,0,0,0,0,0,0,0
3526,17,0e17b85425f0ab0a,0.860411,0.0,0,14489,1,1,0,0,0,0,0,0,0,0,0,0,0,0
3527,17,217e9f6bda668e01,1.691192,0.0,0,14428,1,0,0,0,0,0,0,0,0,0,0,0,0,0
3528,17,361a91b3f98beede,2.314182,0.0,0,14529,2,1,0,0,0,0,0,0,0,0,0,0,0,0
3529,17,ee08da17e478eff0,1.738559,0.0,0,14432,1,1,0,0,0,0,0,0,0,0,0,0,0,0
3530,17,484de6876e641473,1.307421,0.0,0,14341,1,1,0,0,0,0,0,0,0,0,0,0,0,0
3531,17,c97ba04a17880a13,2.02587,0.0,0,14527,1,0,0,0,0,0,0,0,0,0,0,0,0,0
3532,17,38cca9ca70956d79,1.52196,0.0,0,14280,1,1,0,0,0,0,0,0,0,0,0,0,0,0
3533,17,562834916efe0e6b,2.187045,0.0,0,14308,2,1,0,0,0,0,0,0,0,0,0,0,0,0
3534,17,8656fd5c9255b00d,2.68884,0.0,0,14537,1,0,0,0,0,0,0,0,0,0,0,0,0,0
3535,17,7079c15f2eb1c2c9,2.020025,0.0,0,14652,1,1,0,0,0,0,0,0,0,0,0,0,0,0
3536,17,613ef1b75767463c,1.517569,0.0,0,14580,1,1,0,0,0,0,0,0,0,0,0,0,0,0
3537,17,db2866ccc42c746a,2.185384,0.0,0,14600,2,1,0,0,0,0,0,0,0,0,0,0,0,0
3538,17,38d1c12631a21bf7,2.685451,0.0,0,14809,1,0,0,0,0,0,0,0,0,0,0,0,0,0
3539,17,ca5d339333685bae,2.017479,0.0,0,14660,1,1,0,0,0,0,0,0,0,0,0,0,0,0
3540,17,acf4736ec7c02e7b,2.55931,0.0,0,15108,2,1,0,0,0,0,0,0,0,0,0,0,0,0
3541,17,1da87b7aa0bb047f,1.924637,0.0,0,14946,1,1,0,0,0,0,0,0,0,0,0,0,0,0
3542,17,ecc2368d8b9dd704,1.445908,0.0,0,14961,1,1,0,0,0,0,0,0,0,0,0,0,0,0
3543,17,164fa4bcf6b1a27b,2.12991,0.0,0,15081,1,0,0,0,0,0,0,0,0,0,0,0,0,0
3544,17,fcaf7e63768c1c2f,2.645873,0.0,0,15062,2,1,0,0,0,0,0,0,0,0,0,0,0,0
3545,17,1f5e0584f993e2fb,1.987746,0.0,0,15012,1,1,0,0,0,0,0,0,0,0,0,0,0,0
3546,17,bce4b2fcca89722c,2.536972,0.0,0,15247,1,0,0,0,0,0,0,0,0,0,0,0,0,0
3547,17,789603275cc285d5,1.905932,0.0,0,16163,1,1,0,0,0,0,0,0,0,0,0,0,0,0
3548,17,f33f73bc26a18676,1.433288,0.0,0,15939,1,1,0,0,0,0,0,0,0,0,0,0,0,0
3549,17,435f9c85ecc897aa,2.120429,0.0,0,17053,1,0,0,0,0,0,0,0,0,0,0,0,0,0
3550,17,5aba37f58cd424d0,2.636653,0.0,0,17283,2,1,0,0,0,0,0,0,0,0,0,0,0,0
3551,17,8eecf08d14d420af,1.9828,0.0,0,16680,1,1,0,0,0,0,0,0,0,0,0,0,0,0
3552,17,cd9ceee2a1605b40,2.533257,0.0,0,16661,1,0,0,0,0,0,0,0,0,0,0,0,0,0
3553,17,60cbb618a3c04d65,2.946795,0.0,0,17011,2,1,0,0,0,0,0,0,0,0,0,0,0,0
3554,17,98d041ce87417737,2.213817,0.0,0,17363,1,1,0,0,0,0,0,0,0,0,0,0,0,0
3555,17,2c198aa8fe057b36,1.664822,0.0,0,17470,1,1,0,0,0,0,0,0,0,0,0,0,0,0
3556,17,7022c8ec511c8283,2.294372,0.0,0,17431,1,0,0,0,0,0,0,0,0,0,0,0,0,0
3557,17,3ee0e92ca9649f63,1.723676,0.0,0,17494,1,1,0,0,0,0,0,0,0,0,0,0,0,0
3558,17,f1289b935b122319,2.340379,0.0,0,17471,2,1,0,0,0,0,0,0,0,0,0,0,0,0
3559,17,5537982d2f9d2565,1.758239,0.0,0,17251,1,1,0,0,0,0,0,0,0,0,0,0,0,0
3560,17,29aafe370b0a33c2,1.3209,0.0,0,17142,1,1,0,0,0,0,0,0,0,0,0,0,0,0
3561,17,37729396bed1b210,0.992342,0.0,0,15740,1,1,0,0,0,0,0,0,0,0,0,0,0,0
3562,17,bbf0c5fed403c60e,2.834557,0.0,0,14527,2,0,0,0,0,0,0,0,0,0,0,0,0,0
3563,17,e00c01c643c9a9be,2.129496,0.0,0,14622,1,1,0,0,0,0,0,0,0,0,0,0,0,0
3564,17,e3d0f9709ed0e702,1.599811,0.0,0,14852,1,1,0,0,0,0,0,0,0,0,0,0,0,0
3565,17,560e829e98aea7c4,1.203081,0.0,0,14575,1,1,0,0,0,0,0,0,0,0,0,0,0,0
3566,17,559c35ba4df5306e,0.90383,0.0,0,14641,1,1,0,0,0,0,0,0,0,0,0,0,0,0
3567,17,19577650ca052e53,0.679013,0.0,0,14725,1,1,0,0,0,0,0,0,0,0,0,0,0,0
3568,17,efedf628419df1cf,1.553771,0.0,0,14572,1,0,0,0,0,0,0,0,0,0,0,0,0,0
3569,17,1d15968c912b54a1,2.212608,0.0,0,14581,2,1,0,0,0,0,0,0,0,0,0,0,0,0
3570,17,da65ece7e13581d4,1.66225,0.0,0,14480,1,1,0,0,0,0,0,0,0,0,0,0,0,0
3571,17,aad5b089b1715f9f,1.248786,0.0,0,14558,1,1,0,0,0,0,0,0,0,0,0,0,0,0
3572,17,074958bada15b1a7,0.939105,0.0,0,14914,1,1,0,0,0,0,0,0,0,0,0,0,0,0
3573,17,4473e2abc0ff43cf,1.749168,0.0,0,14665,1,0,0,0,0,0,0,0,0,0,0,0,0,0
3574,17,73c88b21773fd30a,1.314084,0.0,0,15921,1,1,0,0,0,0,0,0,0,0,0,0,0,0
3575,17,57aaeff54f1e7a94,0.987222,0.0,0,15884,1,1,0,0,0,0,0,0,0,0,0,0,0,0
3576,17,02ae038dbf0ad7c2,0.742405,0.0,0,15560,1,1,0,0,0,0,0,0,0,0,0,0,0,0
3577,17,589838640b74f485,0.557741,0.0,0,15774,1,1,0,0,0,0,0,0,0,0,0,0,0,0
3578,17,daed6a451015e5eb,1.462664,0.0,0,16038,1,0,0,0,0,0,0,0,0,0,0,0,0,0
3579,17,ee6418a0a11888a0,2.144094,0.0,0,15570,2,1,0,0,0,0,0,0,0,0,0,0,0,0
3580,17,aae6a9e1b5c2780d,1.610778,0.0,0,15838,1,1,0,0,0,0,0,0,0,0,0,0,0,0
3581,17,c0276e2673a414ed,1.210117,0.0,0,15572,1,1,0,0,0,0,0,0,0,0,0,0,0,0
3582,18,1fd48474a6be9a50,0.909116,0.0,0,14609,1,1,0,0,0,0,0,0,0,0,0,0,0,0
3583,18,40ab05863d40ab6a,0.683668,0.0,0,14050,1,1,0,0,0,0,0,0,0,0,0,0,0,0
3584,18,9fa3e60e300cac94,0.513614,0.0,0,14146,1,1,0,0,0,0,0,0,0,0,0,0,0,0
3585,18,9522afc9eb92ebd2,2.473166,0.0,0,14114,2,0,0,0,0,0,0,0,0,0,0,0,0,0
3586,18,0fba0eaa5e567fe1,1.859856,0.0,0,14122,1,1,0,0,0,0,0,0,0,0,0,0,0,0
3587,18,8f9f8c22e25048df,1.39724,0.0,0,13949,1,1,0,0,0,0,0,0,0,0,0,0,0,0
3588,18,025aca0c2fc547cd,1.049694,0.0,0,13964,1,1,0,0,0,0,0,0,0,0,0,0,0,0
3589,18,ea7305c3d0c4eb0e,0.788596,0.0,0,13913,1,1,0,0,0,0,0,0,0,0,0,0,0,0
3590,18,b3bc2710b036c5b2,1.637186,0.0,0,13797,1,0,0,0,0,0,0,0,0,0,0,0,0,0
3591,18,3c254a4fca255c07,1.229957,0.0,0,14164,1,1,0,0,0,0,0,0,0,0,0,0,0,0
3592,18,7fb0256f65ce4ff6,0.92402,0.0,0,13998,1,1,0,0,0,0,0,0,0,0,0,0,0,0
3593,18,a69e89495c03d18a,1.739027,0.0,0,13946,1,0,0,0,0,0,0,0,0,0,0,0,0,0
3594,18,ba87dd4319678e85,1.306466,0.0,0,14023,1,1,0,0,0,0,0,0,0,0,0,0,0,0
3595,18,3e895dd2e76d3ae9,0.981499,0.0,0,13934,1,1,0,0,0,0,0,0,0,0,0,0,0,0
3596,18,5bfa9aaebee05047,1.781017,0.0,0,14093,1,0,0,0,0,0,0,0,0,0,0,0,0,0
3597,18,ca3938afd42b6b51,2.383501,0.0,0,13997,2,1,0,0,0,0,0,0,0,0,0,0,0,0
3598,18,3840b1179d01d5ca,1.790635,0.0,0,13906,1,1,0,0,0,0,0,0,0,0,0,0,0,0
3599,18,3ad00a257add4750,1.345237,0.0,0,14076,1,1,0,0,0,0,0,0,0,0,0,0,0,0
3600,18,715e21df0f1ac6b8,1.011637,0.0,0,13819,1,1,0,0,0,0,0,0,0,0,0,0,0,0
3601,18,ab882b57d80326bc,1.803659,0.0,0,14025,2,1,0,0,0,0,0,0,0,0,0,0,0,0
3602,18,de121b1615b372cf,1.355021,0.0,0,14064,1,1,0,0,0,0,0,0,0,0,0,0,0,0
3603,18,05c8759f4447da7f,2.06163,0.0,0,13905,1,0,0,0,0,0,0,0,0,0,0,0,0,0
3604,18,f9da155166fdbcb3,1.550375,0.0,0,13970,1,1,0,0,0,0,0,0,0,0,0,0,0,0
3605,18,cbdedca5a02ed691,1.164739,0.0,0,14097,1,1,0,0,0,0,0,0,0,0,0,0,0,0
3606,18,69d6d48dcba42deb,0.875025,0.0,0,13855,1,1,0,0,0,0,0,0,0,0,0,0,0,0
3607,18,4836f3002aa2c43b,1.702182,0.0,0,13873,1,0,0,0,0,0,0,0,0,0,0,0,0,0
3608,18,94fd34594f25ef4c,1.278785,0.0,0,14068,1,1,0,0,0,0,0,0,0,0,0,0,0,0
3609,18,61fdc813a35b7e5c,0.960704,0.0,0,13941,1,1,0,0,0,0,0,0,0,0,0,0,0,0
3610,18,c1ff7d5e27979afc,1.765394,0.0,0,14022,2,1,0,0,0,0,0,0,0,0,0,0,0,0
3611,18,1d6ebc1b2e581348,2.371752,0.0,0,13878,1,0,0,0,0,0,0,0,0,0,0,0,0,0
3612,18,7773761e6dec3adc,1.781809,0.0,0,14267,1,1,0,0,0,0,0,0,0,0,0,0,0,0
3613,18,fb02264cebeb0e70,1.338606,0.0,0,13973,1,1,0,0,0,0,0,0,0,0,0,0,0,0
3614,18,c28a313bf74ee613,2.050801,0.0,0,13843,1,0,0,0,0,0,0,0,0,0,0,0,0,0
3615,18,b5a2965320b75fa2,1.54069,0.0,0,13799,1,1,0,0,0,0,0,0,0,0,0,0,0,0
3616,18,3ffe08dfd1bfaf0d,2.201117,0.0,0,13791,2,1,0,0,0,0,0,0,0,0,0,0,0,0
3617,18,d4d55fb8ad04be87,1.653617,0.0,0,13808,1,1,0,0,0,0,0,0,0,0,0,0,0,0
3618,18,3a6c2889bf8dd3fe,2.287694,0.0,0,13596,1,0,0,0,0,0,0,0,0,0,0,0,0,0
3619,18,a1a2e91140dcc85e,1.718659,0.0,0,13799,1,1,0,0,0,0,0,0,0,0,0,0,0,0
3620,18,120f765ed5986ef6,2.334817,0.0,0,13826,1,0,0,0,0,0,0,0,0,0,0,0,0,0
3621,18,7da99e20fee3a3f4,2.799967,0.0,0,13850,2,1,0,0,0,0,0,0,0,0,0,0,0,0
3622,18,e9f79a57fcf62025,3.147164,0.0,0,13714,1,0,0,0,0,0,0,0,0,0,0,0,0,0
3623,18,c95cf3ba67a49dbc,2.364346,0.0,0,13693,1,1,0,0,0,0,0,0,0,0,0,0,0,0
3624,18,8a8e66059b448c12,1.776245,0.0,0,13656,1,1,0,0,0,0,0,0,0,0,0,0,0,0
3625,18,305d9b896605f9ab,2.379912,0.0,0,13839,1,0,0,0,0,0,0,0,0,0,0,0,0,0
3626,18,c24d4fcdaee4a895,1.787939,0.0,0,13496,1,1,0,0,0,0,0,0,0,0,0,0,0,0
3627,18,635ed14c3cd6fbbc,2.386865,0.0,0,13747,1,0,0,0,0,0,0,0,0,0,0,0,0,0
3628,18,942e4e9ac467d0b8,1.794957,0.0,0,13501,1,1,0,0,0,0,0,0,0,0,0,0,0,0
3629,18,96124731009db66b,2.392137,0.0,0,13605,1,0,0,0,0,0,0,0,0,0,0,0,0,0
3630,18,e516b4b394c3199c,1.797123,0.0,0,13640,1,1,0,0,0,0,0,0,0,0,0,0,0,0
3631,18,c865c4c1cf371955,1.350111,0.0,0,13551,1,1,0,0,0,0,0,0,0,0,0,0,0,0
3632,18,7c440a9fc7258c73,2.059454,0.0,0,13548,1,0,0,0,0,0,0,0,0,0,0,0,0,0
3633,18,6210121c9b856740,1.54719,0.0,0,13623,1,1,0,0,0,0,0,0,0,0,0,0,0,0
3634,18,81485fe11e62b210,1.162346,0.0,0,13590,1,1,0,0,0,0,0,0,0,0,0,0,0,0
3635,18,dae0517d7a095db5,0.874101,0.0,0,13567,1,1,0,0,0,0,0,0,0,0,0,0,0,0
3636,18,3f31a096f3b28122,1.700333,0.0,0,13709,1,0,0,0,0,0,0,0,0,0,0,0,0,0
3637,18,ed5ab89cda1fa68d,1.277396,0.0,0,13623,1,1,0,0,0,0,0,0,0,0,0,0,0,0
3638,18,2d8541037b875d1f,0.95966,0.0,0,13948,1,1,0,0,0,0,0,0,0,0,0,0,0,0
3639,18,02ca3c7a70782c12,0.721678,0.0,0,13651,1,1,0,0,0,0,0,0,0,0,0,0,0,0
3640,18,da75bab709a8d556,2.629477,0.0,0,13842,2,0,0,0,0,0,0,0,0,0,0,0,0,0
3641,18,b6f30036ec2aabfd,1.975427,0.0,0,13823,1,1,0,0,0,0,0,0,0,0,0,0,0,0
3642,18,8930331a02a08fc7,1.48555,0.0,0,13811,1,1,0,0,0,0,0,0,0,0,0,0,0,0
3643,18,3efe62d3591cc51f,2.159691,0.0,0,13830,1,0,0,0,0,0,0,0,0,0,0,0,0,0
3644,18,0e2aa521bab56cb1,1.622495,0.0,0,13930,1,1,0,0,0,0,0,0,0,0,0,0,0,0
3645,18,6e667b0863527d2a,1.21892,0.0,0,13539,1,1,0,0,0,0,0,0,0,0,0,0,0,0
3646,18,6931bf406b952a42,0.916645,0.0,0,13317,1,1,0,0,0,0,0,0,0,0,0,0,0,0
3647,18,b4c768e767610944,1.732295,0.0,0,13349,1,0,0,0,0,0,0,0,0,0,0,0,0,0
3648,18,178bae3922674d69,1.301408,0.0,0,13428,1,1,0,0,0,0,0,0,0,0,0,0,0,0
3649,18,8732aaaaf78a22ee,0.978678,0.0,0,13180,1,1,0,0,0,0,0,0,0,0,0,0,0,0
3650,18,1ac041a1e9ef0548,1.778897,0.0,0,13270,1,0,0,0,0,0,0,0,0,0,0,0,0,0
3651,18,ebcc15fa94ae6a1d,1.336419,0.0,0,13218,1,1,0,0,0,0,0,0,0,0,0,0,0,0
3652,18,fb3112d5447e2b4f,1.004002,0.0,0,12995,1,1,0,0,0,0,0,0,0,0,0,0,0,0
3653,18,9e4e737f6968dc92,1.799174,0.0,0,13225,2,1,0,0,0,0,0,0,0,0,0,0,0,0
3654,18,5ec4ae81eecef524,2.395306,0.0,0,13428,1,0,0,0,0,0,0,0,0,0,0,0,0,0
3655,18,b41903033eef62d1,1.799504,0.0,0,13534,1,1,0,0,0,0,0,0,0,0,0,0,0,0
3656,18,6e337c85e3c177c9,1.353252,0.0,0,13616,1,1,0,0,0,0,0,0,0,0,0,0,0,0
3657,18,5b34ea2eb9d63d9a,2.060301,0.0,0,13630,1,0,0,0,0,0,0,0,0,0,0,0,0,0
3658,18,69be2d630f9d6b6b,1.547827,0.0,0,13896,1,1,0,0,0,0,0,0,0,0,0,0,0,0
3659,18,e1c8305afef78ce7,1.162825,0.0,0,13660,1,1,0,0,0,0,0,0,0,0,0,0,0,0
3660,18,2cc24a17babd2c29,0.874461,0.0,0,13666,1,1,0,0,0,0,0,0,0,0,0,0,0,0
3661,18,687c68d269b49b4a,1.700603,0.0,0,13915,1,0,0,0,0,0,0,0,0,0,0,0,0,0
3662,18,4f464a2b6aa022ae,1.2776,0.0,0,13709,1,1,0,0,0,0,0,0,0,0,0,0,0,0
3663,18,aa914c5d8bd05aa6,2.004924,0.0,0,13825,2,1,0,0,0,0,0,0,0,0,0,0,0,0
3664,18,f830196b3c588142,2.549877,0.0,0,14006,1,0,0,0,0,0,0,0,0,0,0,0,0,0
3665,18,fcceb830262396d5,1.915628,0.0,0,13831,1,1,0,0,0,0,0,0,0,0,0,0,0,0
3666,18,242e561e9f02789f,1.439139,0.0,0,14060,1,1,0,0,0,0,0,0,0,0,0,0,0,0
3667,18,f606b34fa3b3e25c,2.126404,0.0,0,14015,1,0,0,0,0,0,0,0,0,0,0,0,0,0
3668,18,2b3c3a2a95b65d8d,1.597488,0.0,0,14002,1,1,0,0,0,0,0,0,0,0,0,0,0,0
3669,18,e5cd714ced066f1e,2.243786,0.0,0,13955,1,0,0,0,0,0,0,0,0,0,0,0,0,0
3670,18,680efd3aff59854c,1.687359,0.0,0,13893,1,1,0,0,0,0,0,0,0,0,0,0,0,0
3671,18,51ad7cb8b693c378,1.26765,0.0,0,13942,1,1,0,0,0,0,0,0,0,0,0,0,0,0
3672,18,568ba9092446f642,1.995991,0.0,0,13911,1,0,0,0,0,0,0,0,0,0,0,0,0,0
3673,18,1db7ffdd97d3ec2d,1.499514,0.0,0,14944,1,1,0,0,0,0,0,0,0,0,0,0,0,0
3674,18,5fa093790d7dfe65,2.171806,0.0,0,14486,1,0,0,0,0,0,0,0,0,0,0,0,0,0
3675,18,22f7a07946b2dd86,1.631597,0.0,0,15549,1,1,0,0,0,0,0,0,0,0,0,0,0,0
3676,18,bf67de5418153c78,1.225758,0.0,0,15085,1,1,0,0,0,0,0,0,0,0,0,0,0,0
3677,18,9be16ad48379b4f0,0.921787,0.0,0,14530,1,1,0,0,0,0,0,0,0,0,0,0,0,0
3678,18,8eaf02a518f506e3,0.692504,0.0,0,14344,1,1,0,0,0,0,0,0,0,0,0,0,0,0
3679,18,8521baea20169992,1.563906,0.0,0,14232,1,0,0,0,0,0,0,0,0,0,0,0,0,0
3680,18,ac255635452fd266,1.174904,0.0,0,14229,1,1,0,0,0,0,0,0,0,0,0,0,0,0
3681,18,b6bb391ae977fe4a,1.927695,0.0,0,14624,1,0,0,0,0,0,0,0,0,0,0,0,0,0
3682,18,a07a1342e877d7ba,1.448205,0.0,0,14579,1,1,0,0,0,0,0,0,0,0,0,0,0,0
3683,18,01655673532a9b8d,1.087982,0.0,0,14517,1,1,0,0,0,0,0,0,0,0,0,0,0,0
3684,18,4fe7aef236392174,1.862329,0.0,0,14398,2,1,0,0,0,0,0,0,0,0,0,0,0,0
3685,18,cc2252b8ff7451b1,1.399098,0.0,0,14431,1,1,0,0,0,0,0,0,0,0,0,0,0,0
3686,18,b04c4fe94f1175c7,1.05109,0.0,0,14424,1,1,0,0,0,0,0,0,0,0,0,0,0,0
3687,18,acf81c7c694f5252,1.833298,0.0,0,13801,1,0,0,0,0,0,0,0,0,0,0,0,0,0
3688,18,304b9ba82c495407,1.378666,0.0,0,13248,1,1,0,0,0,0,0,0,0,0,0,0,0,0
3689,18,d4c9463b18fe6dfd,1.03574,0.0,0,13633,1,1,0,0,0,0,0,0,0,0,0,0,0,0
3690,18,5e70001997d8cb6d,0.778113,0.0,0,13305,1,1,0,0,0,0,0,0,0,0,0,0,0,0
3691,18,57e4447126217aa0,2.673453,0.0,0,13613,2,0,0,0,0,0,0,0,0,0,0,0,0,0
3692,18,c5760653ee62174e,2.008465,0.0,0,13524,1,1,0,0,0,0,0,0,0,0,0,0,0,0
3693,18,92b88848ef308c51,1.508885,0.0,0,13607,1,1,0,0,0,0,0,0,0,0,0,0,0,0
3694,18,beea929c168a171a,1.133569,0.0,0,13682,1,1,0,0,0,0,0,0,0,0,0,0,0,0
3695,18,0eb64148783faa5f,1.89661,0.0,0,13673,1,0,0,0,0,0,0,0,0,0,0,0,0,0
3696,18,800f9b58da81d304,1.424853,0.0,0,13894,1,1,0,0,0,0,0,0,0,0,0,0,0,0
3697,18,ad622a238e6600d3,3.157745,0.0,0,13832,2,0,0,0,0,0,0,0,0,0,0,0,0,0
3698,18,ca76f6fd0a4074a5,2.374669,0.0,0,13906,1,1,0,0,0,0,0,0,0,0,0,0,0,0
3699,18,e4fa28c3b421f5c4,1.784,0.0,0,13831,1,1,0,0,0,0,0,0,0,0,0,0,0,0
3700,18,498023ccaed37b46,2.383906,0.0,0,13878,1,0,0,0,0,0,0,0,0,0,0,0,0,0
3701,18,2e18831798eb72f2,1.79094,0.0,0,13950,1,1,0,0,0,0,0,0,0,0,0,0,0,0
3702,18,89eca362bce36892,1.346812,0.0,0,13727,1,1,0,0,0,0,0,0,0,0,0,0,0,0
3703,18,9682da7bf3da96d9,3.099116,0.0,0,14016,2,0,0,0,0,0,0,0,0,0,0,0,0,0
3704,18,354fb149cfdf92e0,2.32825,0.0,0,13972,1,1,0,0,0,0,0,0,0,0,0,0,0,0
3705,18,07a9871527ded584,1.750877,0.0,0,13725,1,1,0,0,0,0,0,0,0,0,0,0,0,0
3706,18,e75c776f4b4e19f8,2.359022,0.0,0,13826,1,0,0,0,0,0,0,0,0,0,0,0,0,0
3707,18,1499f4a194d138c3,1.772245,0.0,0,13785,1,1,0,0,0,0,0,0,0,0,0,0,0,0
3708,18,9bf93fa8d0bdb2cc,2.375075,0.0,0,13973,1,0,0,0,0,0,0,0,0,0,0,0,0,0
3709,18,fd77e62c97a5faf2,1.78609,0.0,0,13764,1,1,0,0,0,0,0,0,0,0,0,0,0,0
3710,18,46497f7d2f0652c5,3.429129,0.0,0,13879,2,0,0,0,0,0,0,0,0,0,0,0,0,0
3711,18,2869fcff984d0d4a,2.576177,0.0,0,14007,1,1,0,0,0,0,0,0,0,0,0,0,0,0
3712,18,0cb6aef6d2dfbdb4,1.937322,0.0,0,13919,1,1,0,0,0,0,0,0,0,0,0,0,0,0
3713,18,bea3e6ec20ea281e,2.499091,0.0,0,14029,1,0,0,0,0,0,0,0,0,0,0,0,0,0
3714,18,3dca5d4bef8255e7,1.877473,0.0,0,14065,1,1,0,0,0,0,0,0,0,0,0,0,0,0
3715,18,fd6a082643791c36,3.497782,0.0,0,14025,2,0,0,0,0,0,0,0,0,0,0,0,0,0
3716,18,65cefee8ecd51c71,2.630382,0.0,0,13839,1,1,0,0,0,0,0,0,0,0,0,0,0,0
3717,18,3738b1017c435d4a,1.976108,0.0,0,14659,1,1,0,0,0,0,0,0,0,0,0,0,0,0
3718,18,3ad6c83d57d45ff3,2.528229,0.0,0,14258,1,0,0,0,0,0,0,0,0,0,0,0,0,0
3719,18,2ab3f2fb0ab34ce5,1.901264,0.0,0,14103,1,1,0,0,0,0,0,0,0,0,0,0,0,0
3720,18,1fe5b98e4c2d5e89,1.428349,0.0,0,14171,1,1,0,0,0,0,0,0,0,0,0,0,0,0
3721,18,9e5cb46ab156130e,1.073065,0.0,0,14167,1,1,0,0,0,0,0,0,0,0,0,0,0,0
3722,18,c9fd185360ae9778,1.849807,0.0,0,14098,1,0,0,0,0,0,0,0,0,0,0,0,0,0
3723,18,5535d99fc56af2b0,1.391081,0.0,0,14196,1,1,0,0,0,0,0,0,0,0,0,0,0,0
3724,18,20598094f68840a6,1.045067,0.0,0,14218,1,1,0,0,0,0,0,0,0,0,0,0,0,0
3725,18,701741020018015b,1.828773,0.0,0,14173,2,1,0,0,0,0,0,0,0,0,0,0,0,0
3726,18,d9da923fb8e424a4,2.419414,0.0,0,14179,1,0,0,0,0,0,0,0,0,0,0,0,0,0
3727,18,d3915ee9d637f27e,1.817615,0.0,0,14243,1,1,0,0,0,0,0,0,0,0,0,0,0,0
3728,18,321c66e31feacdcb,1.365507,0.0,0,14472,1,1,0,0,0,0,0,0,0,0,0,0,0,0
3729,18,ac59187201b88ef1,2.069507,0.0,0,14428,2,1,0,0,0,0,0,0,0,0,0,0,0,0
3730,18,af88f6920009af3f,2.60045,0.0,0,14233,1,0,0,0,0,0,0,0,0,0,0,0,0,0
3731,18,33bed9c222525c33,1.953621,0.0,0,14392,1,1,0,0,0,0,0,0,0,0,0,0,0,0
3732,18,333d11e420ca1909,1.467682,0.0,0,14356,1,1,0,0,0,0,0,0,0,0,0,0,0,0
3733,18,eb047712fdcc3d05,1.103718,0.0,0,14494,1,1,0,0,0,0,0,0,0,0,0,0,0,0
3734,18,0e4c1685bffd3c60,0.829182,0.0,0,14370,1,1,0,0,0,0,0,0,0,0,0,0,0,0
3735,18,5ed96e330ff5e37b,1.666587,0.0,0,14630,2,1,0,0,0,0,0,0,0,0,0,0,0,0
3736,18,cdba1f8e6de8f3f9,2.295698,0.0,0,14225,1,0,0,0,0,0,0,0,0,0,0,0,0,0
3737,18,383027d84219da7f,1.726397,0.0,0,14409,1,1,0,0,0,0,0,0,0,0,0,0,0,0
3738,18,1f192c153e9251f6,1.296978,0.0,0,14369,1,1,0,0,0,0,0,0,0,0,0,0,0,0
3739,18,1414c53cc49ef8d5,2.018024,0.0,0,14262,2,1,0,0,0,0,0,0,0,0,0,0,0,0
3740,18,952f864c7dc38f1d,2.561734,0.0,0,14364,1,0,0,0,0,0,0,0,0,0,0,0,0,0
3741,18,33c6b12926b1d0fc,1.924535,0.0,0,14452,1,1,0,0,0,0,0,0,0,0,0,0,0,0
3742,18,4b907b7df22d9973,1.445831,0.0,0,14631,1,1,0,0,0,0,0,0,0,0,0,0,0,0
3743,18,b459f5ea2ef638b2,1.086199,0.0,0,14558,1,1,0,0,0,0,0,0,0,0,0,0,0,0
3744,18,d30eb141441fe5ec,2.905138,0.0,0,14772,2,0,0,0,0,0,0,0,0,0,0,0,0,0
3745,18,a59554ce9fd72d3c,2.182522,0.0,0,14900,1,1,0,0,0,0,0,0,0,0,0,0,0,0
3746,18,921c9bc568e9aff3,1.639647,0.0,0,15080,1,1,0,0,0,0,0,0,0,0,0,0,0,0
3747,18,5f8669e4ca006f10,2.277188,0.0,0,14863,2,1,0,0,0,0,0,0,0,0,0,0,0,0
3748,18,5f26667a7bfc2da8,2.75442,0.0,0,15160,1,0,0,0,0,0,0,0,0,0,0,0,0,0
3749,18,83dde537fc3fbcbf,2.069293,0.0,0,15141,1,1,0,0,0,0,0,0,0,0,0,0,0,0
3750,18,9f54cdbc88f10091,2.598236,0.0,0,15098,2,1,0,0,0,0,0,0,0,0,0,0,0,0
3751,18,68321c501031aad7,2.998061,0.0,0,15314,1,0,0,0,0,0,0,0,0,0,0,0,0,0
3752,18,4444f3b837b96ed5,2.252331,0.0,0,15218,1,1,0,0,0,0,0,0,0,0,0,0,0,0
3753,18,78222c1543e72b4a,1.692092,0.0,0,15581,1,1,0,0,0,0,0,0,0,0,0,0,0,0
3754,18,8cefc4298d71f0e9,3.360778,0.0,0,15402,2,0,0,0,0,0,0,0,0,0,0,0,0,0
3755,18,1a9998e5bbc3fdd2,2.524827,0.0,0,15587,1,1,0,0,0,0,0,0,0,0,0,0,0,0
3756,18,1aa242d1d204c13c,3.984115,0.0,0,15772,2,0,0,0,0,0,0,0,0,0,0,0,0,0
3757,18,e949c93948b2aa5f,2.993117,0.0,0,15751,1,1,0,0,0,0,0,0,0,0,0,0,0,0
3758,18,6ca77b6eabae7390,3.295017,0.0,0,15859,1,0,0,0,0,0,0,0,0,0,0,0,0,0
3759,18,d48a137d779f8a0a,3.519076,0.0,0,16025,2,1,0,0,0,0,0,0,0,0,0,0,0,0
3760,19,1fd48474a6be9a50,2.643751,0.0,0,14035,1,1,0,0,0,0,0,0,0,0,0,0,0,0
3761,19,40ab05863d40ab6a,1.988138,0.0,0,14006,1,1,0,0,0,0,0,0,0,0,0,0,0,0
3762,19,9fa3e60e300cac94,2.537267,0.0,0,14205,1,0,0,0,0,0,0,0,0,0,0,0,0,0
3763,19,9522afc9eb92ebd2,1.906154,0.0,0,14043,1,1,0,0,0,0,0,0,0,0,0,0,0,0
3764,19,0fba0eaa5e567fe1,2.475676,0.0,0,14099,1,0,0,0,0,0,0,0,0,0,0,0,0,0
3765,19,8f9f8c22e25048df,1.861743,0.0,0,13951,1,1,0,0,0,0,0,0,0,0,0,0,0,0
3766,19,025aca0c2fc547cd,1.398658,0.0,0,13884,1,1,0,0,0,0,0,0,0,0,0,0,0,0
3767,19,ea7305c3d0c4eb0e,2.094413,0.0,0,14113,2,1,0,0,0,0,0,0,0,0,0,0,0,0
3768,19,b3bc2710b036c5b2,2.619179,0.0,0,13801,1,0,0,0,0,0,0,0,0,0,0,0,0,0
3769,19,3c254a4fca255c07,1.967691,0.0,0,14026,1,1,0,0,0,0,0,0,0,0,0,0,0,0
3770,19,7fb0256f65ce4ff6,1.478253,0.0,0,14009,1,1,0,0,0,0,0,0,0,0,0,0,0,0
3771,19,a69e89495c03d18a,1.110556,0.0,0,13985,1,1,0,0,0,0,0,0,0,0,0,0,0,0
3772,19,ba87dd4319678e85,1.879305,0.0,0,13939,1,0,0,0,0,0,0,0,0,0,0,0,0,0
3773,19,3e895dd2e76d3ae9,1.411851,0.0,0,14081,1,1,0,0,0,0,0,0,0,0,0,0,0,0
3774,19,5bfa9aaebee05047,1.060671,0.0,0,13844,1,1,0,0,0,0,0,0,0,0,0,0,0,0
3775,19,ca3938afd42b6b51,2.885941,0.0,0,13962,2,0,0,0,0,0,0,0,0,0,0,0,0,0
3776,19,3840b1179d01d5ca,2.168099,0.0,0,14033,1,1,0,0,0,0,0,0,0,0,0,0,0,0
3777,19,3ad00a257add4750,1.628812,0.0,0,13975,1,1,0,0,0,0,0,0,0,0,0,0,0,0
3778,19,715e21df0f1ac6b8,1.223666,0.0,0,14086,1,1,0,0,0,0,0,0,0,0,0,0,0,0
3779,19,ab882b57d80326bc,0.920214,0.0,0,13853,1,1,0,0,0,0,0,0,0,0,0,0,0,0
3780,19,de121b1615b372cf,2.778629,0.0,0,14030,2,0,0,0,0,0,0,0,0,0,0,0,0,0
3781,19,0469b68beb7ba893,2.08748,0.0,0,14032,1,1,0,0,0,0,0,0,0,0,0,0,0,0
3782,19,77ed09b9b5fdd2d5,1.569815,0.0,0,13902,1,1,0,0,0,0,0,0,0,0,0,0,0,0
3783,19,f45c2f458d50995d,1.179343,0.0,0,14115,1,1,0,0,0,0,0,0,0,0,0,0,0,0
3784,19,970cba8aa9e83add,1.92965,0.0,0,13848,1,0,0,0,0,0,0,0,0,0,0,0,0,0
3785,19,8c235a0ae63b488b,1.449674,0.0,0,13914,1,1,0,0,0,0,0,0,0,0,0,0,0,0
3786,19,2bce3cabc81dd490,2.134326,0.0,0,13946,1,0,0,0,0,0,0,0,0,0,0,0,0,0
3787,19,308bd744ed8c33ff,1.603439,0.0,0,13940,1,1,0,0,0,0,0,0,0,0,0,0,0,0
3788,19,51952867e827cf95,1.204604,0.0,0,14039,1,1,0,0,0,0,0,0,0,0,0,0,0,0
3789,19,443f5748c5da71ed,0.905879,0.0,0,13889,1,1,0,0,0,0,0,0,0,0,0,0,0,0
3790,19,30f0b4f090c40f84,1.724207,0.0,0,14013,2,1,0,0,0,0,0,0,0,0,0,0,0,0
3791,19,1d09943f7d6afd36,2.338985,0.0,0,13958,1,0,0,0,0,0,0,0,0,0,0,0,0,0
3792,19,38015449e0d5de60,1.757192,0.0,0,13985,1,1,0,0,0,0,0,0,0,0,0,0,0,0
3793,19,0aa8eb1fa4174cec,1.321434,0.0,0,13641,1,1,0,0,0,0,0,0,0,0,0,0,0,0
3794,19,c2ce5426e8cb1884,2.036397,0.0,0,13749,1,0,0,0,0,0,0,0,0,0,0,0,0,0
3795,19,c9dc82573c2df3cf,1.529869,0.0,0,13791,1,1,0,0,0,0,0,0,0,0,0,0,0,0
3796,19,bbcfcbe99e6bbf4c,1.150483,0.0,0,13638,1,1,0,0,0,0,0,0,0,0,0,0,0,0
3797,19,64006fe84f928857,0.864315,0.0,0,13664,1,1,0,0,0,0,0,0,0,0,0,0,0,0
3798,19,c9bd102f551668a0,2.736634,0.0,0,14018,2,0,0,0,0,0,0,0,0,0,0,0,0,0
3799,19,89bcfc46545eb1fe,2.055931,0.0,0,13782,1,1,0,0,0,0,0,0,0,0,0,0,0,0
3800,19,b6826c3626ab11c0,2.59024,0.0,0,13840,1,0,0,0,0,0,0,0,0,0,0,0,0,0
3801,19,875cb912c92fde5c,1.94595,0.0,0,13913,1,1,0,0,0,0,0,0,0,0,0,0,0,0
3802,19,a550f74ee3fbf7db,1.46192,0.0,0,13885,1,1,0,0,0,0,0,0,0,0,0,0,0,0
3803,19,8074ccb92386ffb3,2.143535,0.0,0,13602,1,0,0,0,0,0,0,0,0,0,0,0,0,0
3804,19,018889d97ed20bd4,1.610358,0.0,0,13727,1,1,0,0,0,0,0,0,0,0,0,0,0,0
3805,19,7c8ee0c0273a6f37,2.253455,0.0,0,13622,1,0,0,0,0,0,0,0,0,0,0,0,0,0
3806,19,a2461c73f96c3fb8,1.692936,0.0,0,13634,1,1,0,0,0,0,0,0,0,0,0,0,0,0
3807,19,49e9f70fe4d0cee0,2.317263,0.0,0,13697,1,0,0,0,0,0,0,0,0,0,0,0,0,0
3808,19,1e382182a1979b62,1.740873,0.0,0,13850,1,1,0,0,0,0,0,0,0,0,0,0,0,0
3809,19,f1875dddd24a01a6,1.307853,0.0,0,13811,1,1,0,0,0,0,0,0,0,0,0,0,0,0
3810,19,e3d87f480299c471,0.983524,0.0,0,13703,1,1,0,0,0,0,0,0,0,0,0,0,0,0
3811,19,b1e92a86797c6860,1.782538,0.0,0,13676,1,0,0,0,0,0,0,0,0,0,0,0,0,0
3812,19,ea077ab52e860221,1.339154,0.0,0,13747,1,1,0,0,0,0,0,0,0,0,0,0,0,0
3813,19,e149c612cd4208a5,1.006057,0.0,0,13924,1,1,0,0,0,0,0,0,0,0,0,0,0,0
3814,19,6ed0c4a07e63e1a1,1.800719,0.0,0,13882,2,1,0,0,0,0,0,0,0,0,0,0,0,0
3815,19,1356e7dd4525054b,1.352813,0.0,0,13827,1,1,0,0,0,0,0,0,0,0,0,0,0,0
3816,19,be3020cd317ef712,2.059971,0.0,0,14012,1,0,0,0,0,0,0,0,0,0,0,0,0,0
3817,19,525883dcfa853102,1.549128,0.0,0,13803,1,1,0,0,0,0,0,0,0,0,0,0,0,0
3818,19,95cc87440b0105d9,1.163802,0.0,0,13931,1,1,0,0,0,0,0,0,0,0,0,0,0,0
3819,19,25bfd20738a4a016,0.874321,0.0,0,13822,1,1,0,0,0,0,0,0,0,0,0,0,0,0
3820,19,a6cf667e3dbfac80,0.656845,0.0,0,13856,1,1,0,0,0,0,0,0,0,0,0,0,0,0
3821,19,c929c6d91d2e8127,1.538107,0.0,0,13802,1,0,0,0,0,0,0,0,0,0,0,0,0,0
3822,19,9867532399361408,1.155522,0.0,0,14086,1,1,0,0,0,0,0,0,0,0,0,0,0,0
3823,19,225cc3b5ba587ba9,1.911754,0.0,0,14032,2,1,0,0,0,0,0,0,0,0,0,0,0,0
3824,19,a683c9983dfed13b,2.481817,0.0,0,14136,1,0,0,0,0,0,0,0,0,0,0,0,0,0
3825,19,8d9b71bb72f4406f,1.864496,0.0,0,13982,1,1,0,0,0,0,0,0,0,0,0,0,0,0
3826,19,ac9a68909547035a,1.400726,0.0,0,14218,1,1,0,0,0,0,0,0,0,0,0,0,0,0
3827,19,0be32d6a5e03d2a4,1.052313,0.0,0,13976,1,1,0,0,0,0,0,0,0,0,0,0,0,0
3828,19,7c4c25f3a9e9e25a,0.791355,0.0,0,13995,1,1,0,0,0,0,0,0,0,0,0,0,0,0
3829,19,7bcdc850dd06b5b4,1.638168,0.0,0,13714,1,0,0,0,0,0,0,0,0,0,0,0,0,0
3830,19,8bcaa73c4863e620,1.230695,0.0,0,13631,1,1,0,0,0,0,0,0,0,0,0,0,0,0
3831,19,854c8af35ff468e8,1.96965,0.0,0,13445,2,1,0,0,0,0,0,0,0,0,0,0,0,0
3832,19,ccdc9b2357048c54,1.479725,0.0,0,13529,1,1,0,0,0,0,0,0,0,0,0,0,0,0
3833,19,4a845126eebf9367,2.155315,0.0,0,13449,1,0,0,0,0,0,0,0,0,0,0,0,0,0
3834,19,95769102f30e7718,1.619208,0.0,0,13355,1,1,0,0,0,0,0,0,0,0,0,0,0,0
3835,19,ddd242edd95daf05,1.217667,0.0,0,13526,1,1,0,0,0,0,0,0,0,0,0,0,0,0
3836,19,4e3a66086b013232,0.914788,0.0,0,13559,1,1,0,0,0,0,0,0,0,0,0,0,0,0
3837,19,5bd4082f05473405,2.774553,0.0,0,13684,2,0,0,0,0,0,0,0,0,0,0,0,0,0
3838,19,bb1118387e5acd8c,2.086503,0.0,0,13553,1,1,0,0,0,0,0,0,0,0,0,0,0,0
3839,19,d86d87bdd8bbb3f9,2.611165,0.0,0,14068,1,0,0,0,0,0,0,0,0,0,0,0,0,0
3840,19,d157af6115943b69,1.961671,0.0,0,13856,1,1,0,0,0,0,0,0,0,0,0,0,0,0
3841,19,a845ef9445885260,1.47373,0.0,0,14081,1,1,0,0,0,0,0,0,0,0,0,0,0,0
3842,19,840c7a3e90d51962,1.108266,0.0,0,13931,1,1,0,0,0,0,0,0,0,0,0,0,0,0
3843,19,f12d2e20472dc4d1,1.876252,0.0,0,14079,1,0,0,0,0,0,0,0,0,0,0,0,0,0
3844,19,e2bc66001fdcd91c,1.409558,0.0,0,14565,1,1,0,0,0,0,0,0,0,0,0,0,0,0
3845,19,d8ff42f65a4504e1,2.104158,0.0,0,15102,1,0,0,0,0,0,0,0,0,0,0,0,0,0
3846,19,02dfb24fef8ff3b2,2.624429,0.0,0,15027,2,1,0,0,0,0,0,0,0,0,0,0,0,0
3847,19,7f2b616c06261948,1.971635,0.0,0,16289,1,1,0,0,0,0,0,0,0,0,0,0,0,0
3848,19,8f793373c9685963,2.524869,0.0,0,16357,1,0,0,0,0,0,0,0,0,0,0,0,0,0
3849,19,08da257a83eeb454,2.942888,0.0,0,15886,2,1,0,0,0,0,0,0,0,0,0,0,0,0
3850,19,a639c3c6a63f7fcc,3.254535,0.0,0,15879,1,0,0,0,0,0,0,0,0,0,0,0,0,0
3851,19,d9e25813f48fec33,3.488664,0.0,0,15885,2,1,0,0,0,0,0,0,0,0,0,0,0,0
3852,19,9015cc0a32717932,3.667676,0.0,0,15951,1,0,0,0,0,0,0,0,0,0,0,0,0,0
3853,19,c4cd7f89c4c77892,2.755388,0.0,0,16568,1,1,0,0,0,0,0,0,0,0,0,0,0,0
3854,19,9de9db690e04dc7e,3.113673,0.0,0,16301,2,1,0,0,0,0,0,0,0,0,0,0,0,0
3855,19,8cbf0d972271d707,2.339186,0.0,0,16202,1,1,0,0,0,0,0,0,0,0,0,0,0,0
3856,19,aa084e76eb1ec727,2.803252,0.0,0,16031,1,0,0,0,0,0,0,0,0,0,0,0,0,0
3857,19,20d53f683e5923df,3.149632,0.0,0,16073,2,1,0,0,0,0,0,0,0,0,0,0,0,0
3858,19,664a282da5d02405,3.409854,0.0,0,15850,1,0,0,0,0,0,0,0,0,0,0,0,0,0
3859,19,ac4d32b2f60eba89,2.564259,0.0,0,14068,1,1,0,0,0,0,0,0,0,0,0,0,0,0
3860,19,c25194900e321227,1.926432,0.0,0,13436,1,1,0,0,0,0,0,0,0,0,0,0,0,0
3861,19,80123b140c61e541,2.490909,0.0,0,13564,1,0,0,0,0,0,0,0,0,0,0,0,0,0
3862,19,4bcc8c03cfa66425,1.871327,0.0,0,13625,1,1,0,0,0,0,0,0,0,0,0,0,0,0
3863,19,67092c594570d6c3,1.407265,0.0,0,13556,1,1,0,0,0,0,0,0,0,0,0,0,0,0
3864,19,2e745b600a804de3,2.100879,0.0,0,13727,1,0,0,0,0,0,0,0,0,0,0,0,0,0
3865,19,59629e1a52c1173a,1.578312,0.0,0,13724,1,1,0,0,0,0,0,0,0,0,0,0,0,0
3866,19,31f0b0e2dda7694d,1.186913,0.0,0,13521,1,1,0,0,0,0,0,0,0,0,0,0,0,0
3867,19,0ccdfdc5174f2e6b,0.891683,0.0,0,13817,1,1,0,0,0,0,0,0,0,0,0,0,0,0
3868,19,71e535bf734d1f9b,2.757195,0.0,0,13679,2,0,0,0,0,0,0,0,0,0,0,0,0,0
3869,19,c87487c22ad3245f,2.071378,0.0,0,13665,1,1,0,0,0,0,0,0,0,0,0,0,0,0
3870,19,a0df8717d79dfeca,1.557705,0.0,0,13693,1,1,0,0,0,0,0,0,0,0,0,0,0,0
3871,19,16897aa8b16c2225,1.170246,0.0,0,13613,1,1,0,0,0,0,0,0,0,0,0,0,0,0
3872,19,3598548755ed4241,1.922815,0.0,0,13604,1,0,0,0,0,0,0,0,0,0,0,0,0,0
3873,19,3ce0f1987e90febd,1.445985,0.0,0,13511,1,1,0,0,0,0,0,0,0,0,0,0,0,0
3874,19,174b1ba446d11fcf,1.086314,0.0,0,13652,1,1,0,0,0,0,0,0,0,0,0,0,0,0
3875,19,4214208bd4921e8f,0.816107,0.0,0,13615,1,1,0,0,0,0,0,0,0,0,0,0,0,0
3876,19,be32a196991e6bcb,1.656764,0.0,0,13676,1,0,0,0,0,0,0,0,0,0,0,0,0,0
3877,19,d92cff3db3567d7e,2.290061,0.0,0,13638,2,1,0,0,0,0,0,0,0,0,0,0,0,0
3878,19,a13b48c123d78a09,1.720437,0.0,0,13700,1,1,0,0,0,0,0,0,0,0,0,0,0,0
3879,19,156dbd46a943f40a,1.2925,0.0,0,13624,1,1,0,0,0,0,0,0,0,0,0,0,0,0
3880,19,8e83cdec121c2be9,0.971978,0.0,0,13600,1,1,0,0,0,0,0,0,0,0,0,0,0,0
3881,19,c883e13bb863d839,1.773864,0.0,0,13645,1,0,0,0,0,0,0,0,0,0,0,0,0,0
3882,19,7d82dd11924d2e62,1.332638,0.0,0,13597,1,1,0,0,0,0,0,0,0,0,0,0,0,0
3883,19,c2de4a14bf57e874,2.044814,0.0,0,13632,2,1,0,0,0,0,0,0,0,0,0,0,0,0
3884,19,890df85f500ad2ca,2.58188,0.0,0,13689,1,0,0,0,0,0,0,0,0,0,0,0,0,0
3885,19,78d82f4b1445a7af,1.93967,0.0,0,13547,1,1,0,0,0,0,0,0,0,0,0,0,0,0
3886,19,af6769ce55582a4b,1.457202,0.0,0,13655,1,1,0,0,0,0,0,0,0,0,0,0,0,0
3887,19,7ad52bb44ccca57d,2.139987,0.0,0,13498,1,0,0,0,0,0,0,0,0,0,0,0,0,0
3888,19,e133e683b3a3bf75,1.607692,0.0,0,13577,1,1,0,0,0,0,0,0,0,0,0,0,0,0
3889,19,454709357d9aedba,2.251452,0.0,0,13512,1,0,0,0,0,0,0,0,0,0,0,0,0,0
3890,19,6eb92eeb8ab9d487,1.691432,0.0,0,13576,1,1,0,0,0,0,0,0,0,0,0,0,0,0
3891,19,4145fdc9cb93cc08,2.316131,0.0,0,13398,1,0,0,0,0,0,0,0,0,0,0,0,0,0
3892,19,b1059cbdfdb77194,2.783676,0.0,0,13611,2,1,0,0,0,0,0,0,0,0,0,0,0,0
3893,19,de96d9cc38067468,3.134925,0.0,0,13646,1,0,0,0,0,0,0,0,0,0,0,0,0,0
3894,19,c45256968617ab3e,2.357509,0.0,0,13659,1,1,0,0,0,0,0,0,0,0,0,0,0,0
3895,19,b87817cd6f02f773,2.814761,0.0,0,13464,1,0,0,0,0,0,0,0,0,0,0,0,0,0
3896,19,ee21f17229356cae,2.114625,0.0,0,13646,1,1,0,0,0,0,0,0,0,0,0,0,0,0
3897,19,c64f059a9f303588,1.588639,0.0,0,13366,1,1,0,0,0,0,0,0,0,0,0,0,0,0
3898,19,b5904d82bb17141d,1.194679,0.0,0,13617,1,1,0,0,0,0,0,0,0,0,0,0,0,0
3899,19,572f5fb11a337661,1.941171,0.0,0,13607,1,0,0,0,0,0,0,0,0,0,0,0,0,0
3900,19,1b7828c24210f758,1.458329,0.0,0,13701,1,1,0,0,0,0,0,0,0,0,0,0,0,0
3901,19,be3e749f6014944c,1.096684,0.0,0,13663,1,1,0,0,0,0,0,0,0,0,0,0,0,0
3902,19,869ce0f3af8978b0,0.823898,0.0,0,13744,1,1,0,0,0,0,0,0,0,0,0,0,0,0
3903,19,2dc09930b27ff16e,1.662617,0.0,0,13769,1,0,0,0,0,0,0,0,0,0,0,0,0,0
3904,19,36e33018d39a8051,1.249062,0.0,0,13779,1,1,0,0,0,0,0,0,0,0,0,0,0,0
3905,19,acb09c488922d336,0.939312,0.0,0,13732,1,1,0,0,0,0,0,0,0,0,0,0,0,0
3906,19,d54fb8def02908b5,1.749324,0.0,0,13904,1,0,0,0,0,0,0,0,0,0,0,0,0,0
3907,19,e6d3d3ae8a1fe0f6,1.314202,0.0,0,13940,1,1,0,0,0,0,0,0,0,0,0,0,0,0
3908,19,72083b0248a41659,0.988298,0.0,0,13833,1,1,0,0,0,0,0,0,0,0,0,0,0,0
3909,19,51bd2902bb7f9e06,1.786125,0.0,0,13850,1,0,0,0,0,0,0,0,0,0,0,0,0,0
3910,19,46e75e26a6a10c3a,2.385502,0.0,0,13961,2,1,0,0,0,0,0,0,0,0,0,0,0,0
3911,19,96f296e60b38588b,1.792139,0.0,0,14083,1,1,0,0,0,0,0,0,0,0,0,0,0,0
3912,19,3f147ed0c60e8fd4,1.347714,0.0,0,14026,1,1,0,0,0,0,0,0,0,0,0,0,0,0
3913,19,ca02d5efd9a8629d,2.05614,0.0,0,14097,1,0,0,0,0,0,0,0,0,0,0,0,0,0
3914,19,8861b897acf90580,1.544701,0.0,0,14231,1,1,0,0,0,0,0,0,0,0,0,0,0,0
3915,19,59d92f3656dce0ac,1.161637,0.0,0,14115,1,1,0,0,0,0,0,0,0,0,0,0,0,0
3916,19,fbb3f8b5de87a3da,0.872695,0.0,0,14270,1,1,0,0,0,0,0,0,0,0,0,0,0,0
3917,19,0e4907377e07db9e,0.655623,0.0,0,14343,1,1,0,0,0,0,0,0,0,0,0,0,0,0
3918,19,5f5e749d3b2c3370,1.536198,0.0,0,14272,1,0,0,0,0,0,0,0,0,0,0,0,0,0
3919,19,db5bb81ea985fb78,1.155243,0.0,0,14273,1,1,0,0,0,0,0,0,0,0,0,0,0,0
3920,19,4550937b7340214d,0.867891,0.0,0,14262,1,1,0,0,0,0,0,0,0,0,0,0,0,0
3921,19,61e27ccd7e68f2c3,2.739321,0.0,0,14533,2,0,0,0,0,0,0,0,0,0,0,0,0,0
3922,19,86f76ae0bc27159c,2.060008,0.0,0,14458,1,1,0,0,0,0,0,0,0,0,0,0,0,0
3923,19,d0c5721d9bdf4340,1.547607,0.0,0,14455,1,1,0,0,0,0,0,0,0,0,0,0,0,0
3924,19,277cfd13128aefcd,2.206313,0.0,0,14512,2,1,0,0,0,0,0,0,0,0,0,0,0,0
3925,19,255dd1efda437f53,2.701174,0.0,0,14787,1,0,0,0,0,0,0,0,0,0,0,0,0,0
3926,19,ec386017f0341806,2.031321,0.0,0,14502,1,1,0,0,0,0,0,0,0,0,0,0,0,0
3927,19,474a81085f70e1a0,1.526056,0.0,0,14732,1,1,0,0,0,0,0,0,0,0,0,0,0,0
3928,19,de5313258ef02f88,2.190122,0.0,0,14607,1,0,0,0,0,0,0,0,0,0,0,0,0,0
3929,19,c63ab3a3abdca0f2,1.647003,0.0,0,14501,1,1,0,0,0,0,0,0,0,0,0,0,0,0
3930,19,1f5c4c702c24d344,1.237332,0.0,0,14617,1,1,0,0,0,0,0,0,0,0,0,0,0,0
3931,19,b55ebbf1375c1430,1.973214,0.0,0,14421,1,0,0,0,0,0,0,0,0,0,0,0,0,0
3932,19,7e124636fc4e88b8,1.482402,0.0,0,14192,1,1,0,0,0,0,0,0,0,0,0,0,0,0
3933,19,f73d1d5f3106bb9d,2.158938,0.0,0,14427,2,1,0,0,0,0,0,0,0,0,0,0,0,0
3934,19,e5ba36a1a988dbb5,2.665583,0.0,0,14419,1,0,0,0,0,0,0,0,0,0,0,0,0,0
3935,19,d4c4c067f2125264,2.002553,0.0,0,14535,1,1,0,0,0,0,0,0,0,0,0,0,0,0
3936,19,b9f93df10b402b99,2.550099,0.0,0,14650,1,0,0,0,0,0,0,0,0,0,0,0,0,0
3937,19,08c284872d373b00,1.915794,0.0,0,14791,1,1,0,0,0,0,0,0,0,0,0,0,0,0
3938,19,673dae826b713c77,1.439264,0.0,0,14874,1,1,0,0,0,0,0,0,0,0,0,0,0,0
3939,19,ed44bcaf8c6e183e,2.124919,0.0,0,14966,2,1,0,0,0,0,0,0,0,0,0,0,0,0
3940,19,ee0720ed1372f605,2.64212,0.0,0,14922,1,0,0,0,0,0,0,0,0,0,0,0,0,0
3941,19,50f34592703d18be,1.984926,0.0,0,14691,1,1,0,0,0,0,0,0,0,0,0,0,0,0
3942,19,bfecb4d7c1353840,1.491201,0.0,0,14724,1,1,0,0,0,0,0,0,0,0,0,0,0,0
3943,19,ae6157874d995eb8,2.165555,0.0,0,14691,1,0,0,0,0,0,0,0,0,0,0,0,0,0
3944,19,1cda1a60fae83159,1.6269,0.0,0,14390,1,1,0,0,0,0,0,0,0,0,0,0,0,0
3945,19,640f0210486826c5,1.222229,0.0,0,14333,1,1,0,0,0,0,0,0,0,0,0,0,0,0
3946,19,946753e8528a4742,0.918215,0.0,0,14259,1,1,0,0,0,0,0,0,0,0,0,0,0,0
3947,19,7ea724ac4fa5a36d,1.734661,0.0,0,14472,1,0,0,0,0,0,0,0,0,0,0,0,0,0
3948,19,c22e79716a5ac234,1.303186,0.0,0,14420,1,1,0,0,0,0,0,0,0,0,0,0,0,0
3949,19,72539429e36f2989,0.979035,0.0,0,14486,1,1,0,0,0,0,0,0,0,0,0,0,0,0
3950,19,7c071c46d6f80d33,1.780399,0.0,0,14225,2,1,0,0,0,0,0,0,0,0,0,0,0,0
3951,19,5ea4b6ff0ef92622,1.337547,0.0,0,14087,1,1,0,0,0,0,0,0,0,0,0,0,0,0
3952,19,0f14aaaacb415560,1.004849,0.0,0,13832,1,1,0,0,0,0,0,0,0,0,0,0,0,0
3953,19,5c0cae862e7a23cc,1.798559,0.0,0,13863,1,0,0,0,0,0,0,0,0,0,0,0,0,0
3954,19,75b219acc20a8629,1.352542,0.0,0,13654,1,1,0,0,0,0,0,0,0,0,0,0,0,0
3955,19,7bf135a4b29f0f03,1.016114,0.0,0,13800,1,1,0,0,0,0,0,0,0,0,0,0,0,0
3956,19,0b131bd9c897623b,0.763369,0.0,0,13728,1,1,0,0,0,0,0,0,0,0,0,0,0,0
3957,19,bace3560a0fe8d52,0.574064,0.0,0,14067,1,1,0,0,0,0,0,0,0,0,0,0,0,0
3958,19,1e4af2d0083db375,0.431273,0.0,0,14139,1,1,0,0,0,0,0,0,0,0,0,0,0,0
3959,19,8387acb2fc19b0d9,0.323999,0.0,0,13738,1,1,0,0,0,0,0,0,0,0,0,0,0,0
3960,19,d35b405b8bbecb06,0.243408,0.0,0,13691,1,1,0,0,0,0,0,0,0,0,0,0,0,0
3961,19,3af1f6851f3045b2,1.227197,0.0,0,13749,1,0,0,0,0,0,0,0,0,0,0,0,0,0
3962,19,e704528479ce959e,0.921947,0.0,0,13634,1,1,0,0,0,0,0,0,0,0,0,0,0,0
3963,19,3d2d7993b6a01d57,0.692625,0.0,0,13705,1,1,0,0,0,0,0,0,0,0,0,0,0,0
3964,19,06ab485861cbaa82,2.609165,0.0,0,13356,2,0,0,0,0,0,0,0,0,0,0,0,0,0
3965,19,bdf48a634373fe59,1.960168,0.0,0,13856,1,1,0,0,0,0,0,0,0,0,0,0,0,0
3966,19,3cf83dc48d6ca973,1.472601,0.0,0,13790,1,1,0,0,0,0,0,0,0,0,0,0,0,0
3967,20,1fd48474a6be9a50,1.10631,0.0,0,13982,1,1,0,0,0,0,0,0,0,0,0,0,0,0
3968,20,40ab05863d40ab6a,0.831961,0.0,0,14149,1,1,0,0,0,0,0,0,0,0,0,0,0,0
3969,20,9fa3e60e300cac94,1.668674,0.0,0,14071,1,0,0,0,0,0,0,0,0,0,0,0,0,0
3970,20,9522afc9eb92ebd2,1.253613,0.0,0,14239,1,1,0,0,0,0,0,0,0,0,0,0,0,0
3971,20,0fba0eaa5e567fe1,1.986885,0.0,0,13902,1,0,0,0,0,0,0,0,0,0,0,0,0,0
3972,20,8f9f8c22e25048df,1.492673,0.0,0,13973,1,1,0,0,0,0,0,0,0,0,0,0,0,0
3973,20,025aca0c2fc547cd,1.121389,0.0,0,13934,1,1,0,0,0,0,0,0,0,0,0,0,0,0
3974,20,ea7305c3d0c4eb0e,0.842458,0.0,0,14096,1,1,0,0,0,0,0,0,0,0,0,0,0,0
3975,20,b3bc2710b036c5b2,1.677691,0.0,0,13764,1,0,0,0,0,0,0,0,0,0,0,0,0,0
3976,20,3c254a4fca255c07,1.260386,0.0,0,14013,1,1,0,0,0,0,0,0,0,0,0,0,0,0
3977,20,7fb0256f65ce4ff6,1.990534,0.0,0,14068,2,1,0,0,0,0,0,0,0,0,0,0,0,0
3978,20,a69e89495c03d18a,1.49691,0.0,0,13880,1,1,0,0,0,0,0,0,0,0,0,0,0,0
3979,20,ba87dd4319678e85,1.124573,0.0,0,13941,1,1,0,0,0,0,0,0,0,0,0,0,0,0
3980,20,3e895dd2e76d3ae9,1.888503,0.0,0,13961,1,0,0,0,0,0,0,0,0,0,0,0,0,0
3981,20,5bfa9aaebee05047,1.418762,0.0,0,13900,1,1,0,0,0,0,0,0,0,0,0,0,0,0
3982,20,ca3938afd42b6b51,1.066929,0.0,0,14148,1,1,0,0,0,0,0,0,0,0,0,0,0,0
3983,20,3840b1179d01d5ca,1.845197,0.0,0,13978,1,0,0,0,0,0,0,0,0,0,0,0,0,0
3984,20,3ad00a257add4750,1.386228,0.0,0,13970,1,1,0,0,0,0,0,0,0,0,0,0,0,0
3985,20,715e21df0f1ac6b8,2.086613,0.0,0,13982,2,1,0,0,0,0,0,0,0,0,0,0,0,0
3986,20,ab882b57d80326bc,1.567595,0.0,0,13968,1,1,0,0,0,0,0,0,0,0,0,0,0,0
3987,20,de121b1615b372cf,1.177675,0.0,0,14181,1,1,0,0,0,0,0,0,0,0,0,0,0,0
3988,20,58b8431551715724,1.928397,0.0,0,13942,1,0,0,0,0,0,0,0,0,0,0,0,0,0
3989,20,23e17bd6c1c20f85,2.494332,0.0,0,13878,2,1,0,0,0,0,0,0,0,0,0,0,0,0
3990,20,c8292701595322e6,1.873899,0.0,0,14143,1,1,0,0,0,0,0,0,0,0,0,0,0,0
3991,20,10c80b0b9d50bf2d,2.451443,0.0,0,13885,1,0,0,0,0,0,0,0,0,0,0,0,0,0
3992,20,f6d7570dbe7171fa,1.84352,0.0,0,13957,1,1,0,0,0,0,0,0,0,0,0,0,0,0
3993,20,50afc0b225fbdddd,1.384968,0.0,0,14045,1,1,0,0,0,0,0,0,0,0,0,0,0,0
3994,20,26bf505ffeb94bbf,1.040475,0.0,0,14174,1,1,0,0,0,0,0,0,0,0,0,0,0,0
3995,20,e40473ff344e55ae,2.868976,0.0,0,13919,2,0,0,0,0,0,0,0,0,0,0,0,0,0
3996,20,90ecaf7479b68915,2.157511,0.0,0,13887,1,1,0,0,0,0,0,0,0,0,0,0,0,0
3997,20,90f3fabff4cf81db,1.620857,0.0,0,13880,1,1,0,0,0,0,0,0,0,0,0,0,0,0
3998,20,856e34ca1b879edb,2.261343,0.0,0,13929,1,0,0,0,0,0,0,0,0,0,0,0,0,0
3999,20,0b681578e0b3316e,1.700562,0.0,0,13859,1,1,0,0,0,0,0,0,0,0,0,0,0,0
4000,20,f010d85dc887294f,1.277569,0.0,0,13970,1,1,0,0,0,0,0,0,0,0,0,0,0,0
4001,20,64c1c78f7859fdad,3.047096,0.0,0,13884,2,0,0,0,0,0,0,0,0,0,0,0,0,0
4002,20,c16d3e1a1b7346bd,2.28917,0.0,0,13937,1,1,0,0,0,0,0,0,0,0,0,0,0,0
4003,20,65f500e78f5a12d1,1.721488,0.0,0,13926,1,1,0,0,0,0,0,0,0,0,0,0,0,0
4004,20,811240a78b55f242,2.336943,0.0,0,13978,1,0,0,0,0,0,0,0,0,0,0,0,0,0
4005,20,32b4bea4d7d6baaf,1.755658,0.0,0,13875,1,1,0,0,0,0,0,0,0,0,0,0,0,0
4006,20,84817e19b30071d4,2.36443,0.0,0,14029,1,0,0,0,0,0,0,0,0,0,0,0,0,0
4007,20,ffff0e217c7ba340,1.776308,0.0,0,13813,1,1,0,0,0,0,0,0,0,0,0,0,0,0
4008,20,e77698fe30e0fd3f,1.334474,0.0,0,13923,1,1,0,0,0,0,0,0,0,0,0,0,0,0
4009,20,483bce6195dc1714,2.046194,0.0,0,14074,1,0,0,0,0,0,0,0,0,0,0,0,0,0
4010,20,6f3b69ddd5319319,2.582917,0.0,0,13820,2,1,0,0,0,0,0,0,0,0,0,0,0,0
4011,20,0d6c5b42aec46e2c,2.984103,0.0,0,13883,1,0,0,0,0,0,0,0,0,0,0,0,0,0
4012,20,02d4b83032120bb5,2.241845,0.0,0,13709,1,1,0,0,0,0,0,0,0,0,0,0,0,0
4013,20,9dc3ce7482887633,1.685899,0.0,0,13489,1,1,0,0,0,0,0,0,0,0,0,0,0,0
4014,20,4e10b4a0485f11b4,2.310206,0.0,0,13839,1,0,0,0,0,0,0,0,0,0,0,0,0,0
4015,20,c033fd1015dccd90,1.735572,0.0,0,13795,1,1,0,0,0,0,0,0,0,0,0,0,0,0
4016,20,8fe8537645ef107b,2.347523,0.0,0,13860,1,0,0,0,0,0,0,0,0,0,0,0,0,0
4017,20,66d8090f329f9d7b,1.765371,0.0,0,13665,1,1,0,0,0,0,0,0,0,0,0,0,0,0
4018,20,ccd668b915866e24,1.326257,0.0,0,13873,1,1,0,0,0,0,0,0,0,0,0,0,0,0
4019,20,ecd374312e2f6a72,0.996368,0.0,0,13770,1,1,0,0,0,0,0,0,0,0,0,0,0,0
4020,20,b8618cc3fe3250e1,1.793433,0.0,0,13801,1,0,0,0,0,0,0,0,0,0,0,0,0,0
4021,20,890b28456faa84ec,1.347339,0.0,0,13774,1,1,0,0,0,0,0,0,0,0,0,0,0,0
4022,20,dd3eb8b1b971766b,1.012206,0.0,0,13918,1,1,0,0,0,0,0,0,0,0,0,0,0,0
4023,20,6abe1abfafa761f2,2.847739,0.0,0,13814,2,0,0,0,0,0,0,0,0,0,0,0,0,0
4024,20,9ef00307ff62c37f,2.14154,0.0,0,13674,1,1,0,0,0,0,0,0,0,0,0,0,0,0
4025,20,47bfae3986bb929c,1.608859,0.0,0,13745,1,1,0,0,0,0,0,0,0,0,0,0,0,0
4026,20,b3bb2135a5d7ffc4,1.208676,0.0,0,13936,1,1,0,0,0,0,0,0,0,0,0,0,0,0
4027,20,207ebbd3de2799c3,1.953092,0.0,0,13723,1,0,0,0,0,0,0,0,0,0,0,0,0,0
4028,20,5d922b9eeb3cffba,1.467285,0.0,0,14071,1,1,0,0,0,0,0,0,0,0,0,0,0,0
4029,20,d239da90fbfc8ce0,1.102316,0.0,0,13965,1,1,0,0,0,0,0,0,0,0,0,0,0,0
4030,20,f7517e48ee97ae72,1.871782,0.0,0,13878,1,0,0,0,0,0,0,0,0,0,0,0,0,0
4031,20,18326e5d764fe154,1.407607,0.0,0,13630,1,1,0,0,0,0,0,0,0,0,0,0,0,0
4032,20,874256a1c864cb0f,1.057483,0.0,0,13333,1,1,0,0,0,0,0,0,0,0,0,0,0,0
4033,20,1947d60825c78d76,0.794447,0.0,0,13286,1,1,0,0,0,0,0,0,0,0,0,0,0,0
4034,20,98ecf49507910d30,0.597436,0.0,0,13270,1,1,0,0,0,0,0,0,0,0,0,0,0,0
4035,20,4d2defb4214b8212,1.492484,0.0,0,13158,1,0,0,0,0,0,0,0,0,0,0,0,0,0
4036,20,beb1df623fe41b7f,2.164901,0.0,0,13276,2,1,0,0,0,0,0,0,0,0,0,0,0,0
4037,20,fdacc20f6d820e1e,1.626409,0.0,0,13079,1,1,0,0,0,0,0,0,0,0,0,0,0,0
4038,20,97134b8de2500cf9,1.223083,0.0,0,13183,1,1,0,0,0,0,0,0,0,0,0,0,0,0
4039,20,4c139fcfa138794b,1.96251,0.0,0,13063,1,0,0,0,0,0,0,0,0,0,0,0,0,0
4040,20,881ed49173f73806,1.47436,0.0,0,13265,1,1,0,0,0,0,0,0,0,0,0,0,0,0
4041,20,2ea2d2d2ad8fe259,1.10874,0.0,0,13214,1,1,0,0,0,0,0,0,0,0,0,0,0,0
4042,20,6364948125c79ff5,1.876608,0.0,0,13610,1,0,0,0,0,0,0,0,0,0,0,0,0,0
4043,20,4bac1c068695a732,1.409826,0.0,0,13478,1,1,0,0,0,0,0,0,0,0,0,0,0,0
4044,20,6ea802f9f5899e43,1.059149,0.0,0,13758,1,1,0,0,0,0,0,0,0,0,0,0,0,0
4045,20,cabae1f0bd3e82aa,2.884796,0.0,0,13876,2,0,0,0,0,0,0,0,0,0,0,0,0,0
4046,20,3c118b2b3c6e4927,2.16724,0.0,0,13756,1,1,0,0,0,0,0,0,0,0,0,0,0,0
4047,20,b4fc49470f795645,1.628166,0.0,0,13757,1,1,0,0,0,0,0,0,0,0,0,0,0,0
4048,20,9f64db58546470f4,2.268555,0.0,0,13869,1,0,0,0,0,0,0,0,0,0,0,0,0,0
4049,20,9724d2c09da1c23b,2.747934,0.0,0,13918,2,1,0,0,0,0,0,0,0,0,0,0,0,0
4050,20,6887c6b3c1d5f9a2,3.108073,0.0,0,13707,1,0,0,0,0,0,0,0,0,0,0,0,0,0
4051,20,fe46bfd90552e7e3,2.334979,0.0,0,13912,1,1,0,0,0,0,0,0,0,0,0,0,0,0
4052,20,48c6727f77fd545e,1.755938,0.0,0,13694,1,1,0,0,0,0,0,0,0,0,0,0,0,0
4053,20,a1add026588ef739,3.406477,0.0,0,13866,2,0,0,0,0,0,0,0,0,0,0,0,0,0
4054,20,ada4e4932743d8bc,2.559159,0.0,0,13834,1,1,0,0,0,0,0,0,0,0,0,0,0,0
4055,20,8a52f361c1ee2595,2.968674,0.0,0,13723,1,0,0,0,0,0,0,0,0,0,0,0,0,0
4056,20,cf245031666deb83,2.230254,0.0,0,13733,1,1,0,0,0,0,0,0,0,0,0,0,0,0
4057,20,fd04e01d247f0cb2,1.675507,0.0,0,14023,1,1,0,0,0,0,0,0,0,0,0,0,0,0
4058,20,c6e2de16025a3967,3.346052,0.0,0,13978,2,0,0,0,0,0,0,0,0,0,0,0,0,0
4059,20,a24ad7a4b0e007ee,2.516279,0.0,0,13970,1,1,0,0,0,0,0,0,0,0,0,0,0,0
4060,20,3453eb339dbf255e,1.890386,0.0,0,13751,1,1,0,0,0,0,0,0,0,0,0,0,0,0
4061,20,5f96e80d1597e201,2.46383,0.0,0,13644,1,0,0,0,0,0,0,0,0,0,0,0,0,0
4062,20,ab1df89c6f82676f,1.852835,0.0,0,13651,1,1,0,0,0,0,0,0,0,0,0,0,0,0
4063,20,ddac93a13f450c7a,1.391966,0.0,0,13603,1,1,0,0,0,0,0,0,0,0,0,0,0,0
4064,20,fa0b930e02107747,1.045732,0.0,0,13813,1,1,0,0,0,0,0,0,0,0,0,0,0,0
4065,20,55e788c721ac76e2,1.829273,0.0,0,13579,1,0,0,0,0,0,0,0,0,0,0,0,0,0
4066,20,d2c23452c9a55682,1.375639,0.0,0,13882,1,1,0,0,0,0,0,0,0,0,0,0,0,0
4067,20,eefc7d50381b5bc0,1.033466,0.0,0,13901,1,1,0,0,0,0,0,0,0,0,0,0,0,0
4068,20,f3f2c082ab5aa537,1.820058,0.0,0,14006,1,0,0,0,0,0,0,0,0,0,0,0,0,0
4069,20,fac3ca5c89f81867,1.368709,0.0,0,13947,1,1,0,0,0,0,0,0,0,0,0,0,0,0
4070,20,4ebc00c60ea795f2,1.02826,0.0,0,14070,1,1,0,0,0,0,0,0,0,0,0,0,0,0
4071,20,0c94558fa5b5a83c,0.772493,0.0,0,13921,1,1,0,0,0,0,0,0,0,0,0,0,0,0
4072,20,b9dd1715a0a4fef6,1.623999,0.0,0,13826,1,0,0,0,0,0,0,0,0,0,0,0,0,0
4073,20,c44535d999876efb,1.22127,0.0,0,13678,1,1,0,0,0,0,0,0,0,0,0,0,0,0
4074,20,616c966e23f8d41a,0.917495,0.0,0,14098,1,1,0,0,0,0,0,0,0,0,0,0,0,0
4075,20,ba6508be13d0ecd5,2.776586,0.0,0,13989,2,0,0,0,0,0,0,0,0,0,0,0,0,0
4076,20,344e862b30b848d1,2.088032,0.0,0,13847,1,1,0,0,0,0,0,0,0,0,0,0,0,0
4077,20,15157566c55797fa,1.568661,0.0,0,13986,1,1,0,0,0,0,0,0,0,0,0,0,0,0
4078,20,7d55485e9369f6f5,1.178476,0.0,0,14077,1,1,0,0,0,0,0,0,0,0,0,0,0,0
4079,20,5ebb74d2d98077b2,1.928998,0.0,0,13979,1,0,0,0,0,0,0,0,0,0,0,0,0,0
4080,20,81e00313d9610ef8,1.450634,0.0,0,13991,1,1,0,0,0,0,0,0,0,0,0,0,0,0
4081,20,878f31942d2c53d1,2.133461,0.0,0,13907,2,1,0,0,0,0,0,0,0,0,0,0,0,0
4082,20,ecaf86ee9d9289ad,1.602789,0.0,0,14098,1,1,0,0,0,0,0,0,0,0,0,0,0,0
4083,20,1c1fce3de514c65d,2.249471,0.0,0,14069,1,0,0,0,0,0,0,0,0,0,0,0,0,0
4084,20,1a756c999592d66a,1.689943,0.0,0,13894,1,1,0,0,0,0,0,0,0,0,0,0,0,0
4085,20,72f01246c1845b84,1.269591,0.0,0,14115,1,1,0,0,0,0,0,0,0,0,0,0,0,0
4086,20,27075aa156c6ecf2,1.99745,0.0,0,14214,2,1,0,0,0,0,0,0,0,0,0,0,0,0
4087,20,5e6619e93c7facd8,2.546261,0.0,0,14089,1,0,0,0,0,0,0,0,0,0,0,0,0,0
4088,20,e522cfb32dd6e0de,1.912911,0.0,0,14198,1,1,0,0,0,0,0,0,0,0,0,0,0,0
4089,20,e445963c2c0cb1bf,1.437098,0.0,0,14025,1,1,0,0,0,0,0,0,0,0,0,0,0,0
4090,20,0292fdee6ccf8853,2.124869,0.0,0,13914,1,0,0,0,0,0,0,0,0,0,0,0,0,0
4091,20,12686065ec7baab7,1.596335,0.0,0,14099,1,1,0,0,0,0,0,0,0,0,0,0,0,0
4092,20,753c4e22140b7142,1.199267,0.0,0,14071,1,1,0,0,0,0,0,0,0,0,0,0,0,0
4093,20,f68aed789b62debc,2.988271,0.0,0,14245,2,0,0,0,0,0,0,0,0,0,0,0,0,0
4094,20,abab74c9c6089c20,2.247222,0.0,0,14085,1,1,0,0,0,0,0,0,0,0,0,0,0,0
4095,20,890ceaca3c5cf0f3,1.688254,0.0,0,14094,1,1,0,0,0,0,0,0,0,0,0,0,0,0
4096,20,5f3e9bc28f9f5cdb,2.311976,0.0,0,14209,1,0,0,0,0,0,0,0,0,0,0,0,0,0
4097,20,2016ebb651a1c17e,1.738639,0.0,0,14072,1,1,0,0,0,0,0,0,0,0,0,0,0,0
4098,20,ab0476b8533a7694,1.306174,0.0,0,14156,1,1,0,0,0,0,0,0,0,0,0,0,0,0
4099,20,69d8776e0a2c7ab6,2.024933,0.0,0,14372,1,0,0,0,0,0,0,0,0,0,0,0,0,0
4100,20,648cac4d9dff32a9,2.56491,0.0,0,14353,2,1,0,0,0,0,0,0,0,0,0,0,0,0
4101,20,8ff0ae6817e2d5ef,2.972999,0.0,0,14366,1,0,0,0,0,0,0,0,0,0,0,0,0,0
4102,20,c3a9019a237a3c3d,2.233503,0.0,0,14383,1,1,0,0,0,0,0,0,0,0,0,0,0,0
4103,20,5273495d9e3494f7,1.677948,0.0,0,14143,1,1,0,0,0,0,0,0,0,0,0,0,0,0
4104,20,9d547d55959fabd3,1.26184,0.0,0,14200,1,1,0,0,0,0,0,0,0,0,0,0,0,0
4105,20,038b148739b387aa,1.991627,0.0,0,14188,1,0,0,0,0,0,0,0,0,0,0,0,0,0
4106,20,87769cefbabe9178,1.496235,0.0,0,14103,1,1,0,0,0,0,0,0,0,0,0,0,0,0
4107,20,1d00b676f32195e7,1.124065,0.0,0,14140,1,1,0,0,0,0,0,0,0,0,0,0,0,0
4108,20,8a7bb2a1aaad560c,0.845313,0.0,0,14047,1,1,0,0,0,0,0,0,0,0,0,0,0,0
4109,20,b453ab791ab53a54,2.722359,0.0,0,14109,2,0,0,0,0,0,0,0,0,0,0,0,0,0
4110,20,9e84c0cc01ddd3e1,2.045206,0.0,0,14061,1,1,0,0,0,0,0,0,0,0,0,0,0,0
4111,20,c38510c92c1f9d25,1.538024,0.0,0,14186,1,1,0,0,0,0,0,0,0,0,0,0,0,0
4112,20,a3e40993a534d114,2.199114,0.0,0,13912,1,0,0,0,0,0,0,0,0,0,0,0,0,0
4113,20,6e4e830ac1d9f593,1.652112,0.0,0,14282,1,1,0,0,0,0,0,0,0,0,0,0,0,0
4114,20,782b14914f3154e1,1.24117,0.0,0,14189,1,1,0,0,0,0,0,0,0,0,0,0,0,0
4115,20,7802a9492e4817fc,0.933377,0.0,0,14168,1,1,0,0,0,0,0,0,0,0,0,0,0,0
4116,20,851040173825d6e6,0.701212,0.0,0,14275,1,1,0,0,0,0,0,0,0,0,0,0,0,0
4117,20,bdb7064435dc36ec,0.526794,0.0,0,14336,1,1,0,0,0,0,0,0,0,0,0,0,0,0
4118,20,1acd768efcf8b053,2.484458,0.0,0,14318,2,0,0,0,0,0,0,0,0,0,0,0,0,0
4119,20,d50cb3fe3309e5c5,1.86648,0.0,0,14546,1,1,0,0,0,0,0,0,0,0,0,0,0,0
4120,20,fe6d56f2ee8e038b,1.402217,0.0,0,14414,1,1,0,0,0,0,0,0,0,0,0,0,0,0
4121,20,466ec1bb0cf1ad06,1.053433,0.0,0,14493,1,1,0,0,0,0,0,0,0,0,0,0,0,0
4122,20,94f50bede3c971fb,1.836347,0.0,0,14261,2,1,0,0,0,0,0,0,0,0,0,0,0,0
4123,20,576d22a35c5e7cfe,2.423232,0.0,0,14515,1,0,0,0,0,0,0,0,0,0,0,0,0,0
4124,20,42d57a5a4c8f4e6d,1.820484,0.0,0,14538,1,1,0,0,0,0,0,0,0,0,0,0,0,0
4125,20,e9c65c4d743c8afb,1.36903,0.0,0,14354,1,1,0,0,0,0,0,0,0,0,0,0,0,0
4126,20,949f2550bf5c6dcd,2.072154,0.0,0,14587,2,1,0,0,0,0,0,0,0,0,0,0,0,0
4127,20,72891bfeef13fc57,1.556732,0.0,0,14590,1,1,0,0,0,0,0,0,0,0,0,0,0,0
4128,20,f85df2858ad0c949,2.213168,0.0,0,14794,1,0,0,0,0,0,0,0,0,0,0,0,0,0
4129,20,95f7c12dcde17478,1.664334,0.0,0,14566,1,1,0,0,0,0,0,0,0,0,0,0,0,0
4130,20,c0061898953c4096,1.250352,0.0,0,14652,1,1,0,0,0,0,0,0,0,0,0,0,0,0
4131,20,ebc6bf75b4638d99,0.939343,0.0,0,14576,1,1,0,0,0,0,0,0,0,0,0,0,0,0
4132,20,49fc03c17c0ca2be,1.75055,0.0,0,14495,1,0,0,0,0,0,0,0,0,0,0,0,0,0
4133,20,30ed59f40c06db8a,2.358776,0.0,0,14676,2,1,0,0,0,0,0,0,0,0,0,0,0,0
4134,20,d508cccebb164231,1.77206,0.0,0,14604,1,1,0,0,0,0,0,0,0,0,0,0,0,0
4135,20,daa01fd42e66b51e,1.331282,0.0,0,14304,1,1,0,0,0,0,0,0,0,0,0,0,0,0
4136,20,a46ab1d31ffa5983,2.045294,0.0,0,14124,1,0,0,0,0,0,0,0,0,0,0,0,0,0
4137,20,d1af8cc49ef27be8,1.536553,0.0,0,13882,1,1,0,0,0,0,0,0,0,0,0,0,0,0
4138,20,64fbff085e7ced25,1.154355,0.0,0,14073,1,1,0,0,0,0,0,0,0,0,0,0,0,0
4139,20,815521d9a9030959,0.868091,0.0,0,14127,1,1,0,0,0,0,0,0,0,0,0,0,0,0
4140,20,637db841f11a0d63,1.695818,0.0,0,14331,1,0,0,0,0,0,0,0,0,0,0,0,0,0
4141,20,3dba3b80a7f983bb,1.274005,0.0,0,14181,1,1,0,0,0,0,0,0,0,0,0,0,0,0
4142,20,bb548aaac64eeb30,2.000765,0.0,0,14240,2,1,0,0,0,0,0,0,0,0,0,0,0,0
4143,20,e823cd2304efefb1,2.548755,0.0,0,14321,1,0,0,0,0,0,0,0,0,0,0,0,0,0
4144,20,3c9676a593e7cf92,1.914784,0.0,0,14235,1,1,0,0,0,0,0,0,0,0,0,0,0,0
4145,20,817ab814edc35ed6,2.482159,0.0,0,14023,1,0,0,0,0,0,0,0,0,0,0,0,0,0
4146,20,dfb741d4e20dff88,1.866619,0.0,0,14104,1,1,0,0,0,0,0,0,0,0,0,0,0,0
4147,20,83f075e69b21ccf2,1.402321,0.0,0,14132,1,1,0,0,0,0,0,0,0,0,0,0,0,0
4148,20,452d37338c0447fc,1.053511,0.0,0,14136,1,1,0,0,0,0,0,0,0,0,0,0,0,0
4149,20,e1db65820be303cd,0.791464,0.0,0,14171,1,1,0,0,0,0,0,0,0,0,0,0,0,0
4150,20,42a1a4536e25c2fa,1.639343,0.0,0,13755,1,0,0,0,0,0,0,0,0,0,0,0,0,0
4151,20,c9bef040264e3a66,1.231577,0.0,0,13558,1,1,0,0,0,0,0,0,0,0,0,0,0,0
4152,20,04ec3b12c3812cb1,0.925238,0.0,0,14025,1,1,0,0,0,0,0,0,0,0,0,0,0,0
4153,20,0ad740c3eef026ee,0.695792,0.0,0,13858,0,0,0,0,0,0,0,0,0,0,0,0,0,0
4154,20,c3814a9bf80fe2fe,0.522722,0.0,0,13441,1,1,0,0,0,0,0,0,0,0,0,0,0,0
4155,20,73b346333eb067ef,0.392702,0.0,0,14464,1,1,0,0,0,0,0,0,0,0,0,0,0,0
4156,20,33daf35ee8e916f3,0.295022,0.0,0,14052,1,1,0,0,0,0,0,0,0,0,0,0,0,0
4157,20,71a0690cfa3393c0,1.266011,0.0,0,13900,1,0,0,0,0,0,0,0,0,0,0,0,0,0
4158,20,a803ba8b81db2421,0.951107,0.0,0,13675,1,1,0,0,0,0,0,0,0,0,0,0,0,0
4159,20,a941868b47af0524,0.714531,0.0,0,13670,1,1,0,0,0,0,0,0,0,0,0,0,0,0
4160,20,d900df819d8563ff,0.537338,0.0,0,13504,1,1,0,0,0,0,0,0,0,0,0,0,0,0
4161,20,816e9c6ac4a6e3f6,1.447335,0.0,0,13327,2,1,0,0,0,0,0,0,0,0,0,0,0,0
4162,20,e6b2630605d5c6fc,2.130982,0.0,0,13285,1,0,0,0,0,0,0,0,0,0,0,0,0,0
4163,20,8785b047ec90527b,1.600927,0.0,0,13204,1,1,0,0,0,0,0,0,0,0,0,0,0,0
4164,20,065a8b2271b3656e,1.20392,0.0,0,13154,1,1,0,0,0,0,0,0,0,0,0,0,0,0
4165,20,74b92cad2db17027,0.90446,0.0,0,13052,1,1,0,0,0,0,0,0,0,0,0,0,0,0
4166,20,7b9c66a39de5e674,0.679487,0.0,0,12719,1,1,0,0,0,0,0,0,0,0,0,0,0,0
4167,20,703bb92e05828900,1.555134,0.0,0,12933,1,0,0,0,0,0,0,0,0,0,0,0,0,0
4168,20,5a30b8183705195d,1.168314,0.0,0,12883,1,1,0,0,0,0,0,0,0,0,0,0,0,0
4169,20,1713d174f8adeeb2,0.877711,0.0,0,13017,1,1,0,0,0,0,0,0,0,0,0,0,0,0
4170,21,1fd48474a6be9a50,0.659391,0.0,0,13969,1,1,0,0,0,0,0,0,0,0,0,0,0,0
4171,21,40ab05863d40ab6a,1.540022,0.0,0,14210,1,0,0,0,0,0,0,0,0,0,0,0,0,0
4172,21,9fa3e60e300cac94,1.156961,0.0,0,14162,1,1,0,0,0,0,0,0,0,0,0,0,0,0
4173,21,9522afc9eb92ebd2,0.869182,0.0,0,14284,1,1,0,0,0,0,0,0,0,0,0,0,0,0
4174,21,0fba0eaa5e567fe1,0.653637,0.0,0,14053,1,1,0,0,0,0,0,0,0,0,0,0,0,0
4175,21,8f9f8c22e25048df,2.57836,0.0,0,13935,2,0,0,0,0,0,0,0,0,0,0,0,0,0
4176,21,025aca0c2fc547cd,0.893372,0.0,0,14026,0,1,0,0,0,0,0,0,0,0,0,0,0,0
4177,21,ea7305c3d0c4eb0e,1.71481,0.0,0,13840,2,1,0,0,0,0,0,0,0,0,0,0,0,0
4178,21,b3bc2710b036c5b2,1.289562,0.0,0,13960,0,0,0,0,0,0,0,0,0,0,0,0,0,0
4179,21,3c254a4fca255c07,2.012453,0.0,0,14009,2,1,0,0,0,0,0,0,0,0,0,0,0,0
4180,21,7fb0256f65ce4ff6,1.511881,0.0,0,14010,1,1,0,0,0,0,0,0,0,0,0,0,0,0
4181,21,a69e89495c03d18a,2.181106,0.0,0,14024,1,0,0,0,0,0,0,0,0,0,0,0,0,0
4182,21,ba87dd4319678e85,1.638584,0.0,0,13973,1,1,0,0,0,0,0,0,0,0,0,0,0,0
4183,21,3e895dd2e76d3ae9,1.231007,0.0,0,13898,1,1,0,0,0,0,0,0,0,0,0,0,0,0
4184,21,5bfa9aaebee05047,0.924809,0.0,0,14036,1,1,0,0,0,0,0,0,0,0,0,0,0,0
4185,21,ca3938afd42b6b51,1.73962,0.0,0,14026,1,0,0,0,0,0,0,0,0,0,0,0,0,0
4186,21,3840b1179d01d5ca,1.306912,0.0,0,13855,1,1,0,0,0,0,0,0,0,0,0,0,0,0
4187,21,3ad00a257add4750,0.981834,0.0,0,14160,1,1,0,0,0,0,0,0,0,0,0,0,0,0
4188,21,715e21df0f1ac6b8,0.738353,0.0,0,13849,1,1,0,0,0,0,0,0,0,0,0,0,0,0
4189,21,ab882b57d80326bc,1.59835,0.0,0,14057,1,0,0,0,0,0,0,0,0,0,0,0,0,0
4190,21,de121b1615b372cf,2.244434,0.0,0,14072,2,1,0,0,0,0,0,0,0,0,0,0,0,0
4191,21,58b8431551715724,1.68616,0.0,0,13851,1,1,0,0,0,0,0,0,0,0,0,0,0,0
4192,21,23e17bd6c1c20f85,2.312167,0.0,0,14019,1,0,0,0,0,0,0,0,0,0,0,0,0,0
4193,21,c8292701595322e6,1.737044,0.0,0,14044,1,1,0,0,0,0,0,0,0,0,0,0,0,0
4194,21,10c80b0b9d50bf2d,2.34863,0.0,0,14051,2,1,0,0,0,0,0,0,0,0,0,0,0,0
4195,21,f6d7570dbe7171fa,1.766203,0.0,0,13769,1,1,0,0,0,0,0,0,0,0,0,0,0,0
4196,21,50afc0b225fbdddd,1.326882,0.0,0,14055,1,1,0,0,0,0,0,0,0,0,0,0,0,0
4197,21,77cb534e4dd68f47,2.04049,0.0,0,14111,1,0,0,0,0,0,0,0,0,0,0,0,0,0
4198,21,03a072c123c7f460,1.532944,0.0,0,13982,1,1,0,0,0,0,0,0,0,0,0,0,0,0
4199,21,40a0b4653c2b8b16,1.152796,0.0,0,13812,1,1,0,0,0,0,0,0,0,0,0,0,0,0
4200,21,8ced9c6091029967,0.866052,0.0,0,14015,1,1,0,0,0,0,0,0,0,0,0,0,0,0
